sigunguCd,bjdongCd,platGbCd,bun,ji,bldNm,splotNm,regstrKindCdNm,mainPurpsCdNm,etcPurps,platArea,archArea,totArea,useAprDay,grndFlrCnt,ugrndFlrCnt,platPlc
11170,13600,0,0002,0001,,,표제부,공동주택,연립주택,384.03,185.87,725.64,19960716,4,1,서울특별시 용산구 보광동 2-1번지
11170,13600,0,0002,0002,,,일반건축물,단독주택,주택,0,0,182.05,19750728,2,1,서울특별시 용산구 보광동 2-2번지
11170,13600,0,0002,0003,소산하이츠맨션,,표제부,공동주택,공동주택(연립),481.21,275.97,1251.88,19980730,4,1,서울특별시 용산구 보광동 2-3번지
11170,13600,0,0003,0000,,,표제부,공동주택,연립주택,644.1,284.95,998.34,19910131,3,1,서울특별시 용산구 보광동 3번지
11170,13600,0,0003,0001,,,표제부,공동주택,다세대주택,0,101.14,303.42,19881122,2,1,서울특별시 용산구 보광동 3-1번지
11170,13600,0,0003,0003,,,일반건축물,단독주택,단독주택,0,79.2,244.6,19900721,2,1,서울특별시 용산구 보광동 3-3번지
11170,13600,0,0003,0005,,,일반건축물,단독주택,주택,0,0,49.59,19660810,1,0,서울특별시 용산구 보광동 3-5번지
11170,13600,0,0003,0007,,,일반건축물,단독주택,다가구주택,68.7,40.77,140.79,19911217,3,1,서울특별시 용산구 보광동 3-7번지
11170,13600,0,0003,0008,,,일반건축물,단독주택,단독주택,99.76,49.59,173.88,19900707,2,1,서울특별시 용산구 보광동 3-8번지
11170,13600,0,0003,0009,,,일반건축물,단독주택,"주택,지하실",268,70.13,249.93,19860827,2,1,서울특별시 용산구 보광동 3-9번지
11170,13600,0,0003,0010,,,표제부,공동주택,다세대주택,89,53.39,145.07,19931018,2,1,서울특별시 용산구 보광동 3-10번지
11170,13600,0,0003,0012,,,일반건축물,단독주택,다가구용단독주택(5가구),157.37,91.93,317.74,19911220,2,2,서울특별시 용산구 보광동 3-12번지
11170,13600,0,0003,0013,,,일반건축물,단독주택,주택,132,59.22,177.66,19831229,2,1,서울특별시 용산구 보광동 3-13번지
11170,13600,0,0003,0015,,,일반건축물,단독주택,단독주택,132.14,62.88,201.59,19901026,2,1,서울특별시 용산구 보광동 3-15번지
11170,13600,0,0003,0016,,,일반건축물,단독주택,다가구용단독주택(4가구),201.11,95.64,245.42,19910411,2,1,서울특별시 용산구 보광동 3-16번지
11170,13600,0,0003,0017,,,표제부,공동주택,다세대주택,152.57,75.96,227.88,19890708,2,1,서울특별시 용산구 보광동 3-17번지
11170,13600,0,0003,0018,,,일반건축물,단독주택,주택,0,0,49.59,19640307,1,0,서울특별시 용산구 보광동 3-18번지
11170,13600,0,0003,0019,,,표제부,공동주택,다세대주택,169,83.61,333,19911224,3,1,서울특별시 용산구 보광동 3-19번지
11170,13600,0,0003,0024,,,표제부,공동주택,다세대주택,63.67,31.74,108.84,19900718,2,1,서울특별시 용산구 보광동 3-24번지
11170,13600,0,0003,0025,,,일반건축물,단독주택,주택,0,66.8,66.8,19850629,1,0,서울특별시 용산구 보광동 3-25번지
11170,13600,0,0003,0025,,,표제부,공동주택,다세대주택,78.93,51.75,147.87,19920127,2,1,서울특별시 용산구 보광동 3-25번지
11170,13600,0,0003,0026,,,일반건축물,단독주택,다가구용단독주택(3가구),65.14,41.49,119.97,19911210,2,1,서울특별시 용산구 보광동 3-26번지
11170,13600,0,0003,0027,,,표제부,공동주택,다세대주택,62.04,38.84,122.93,19920111,2,1,서울특별시 용산구 보광동 3-27번지
11170,13600,0,0003,0028,,,표제부,공동주택,다세대주택,69.52,49.14,118.26,19920723,2,1,서울특별시 용산구 보광동 3-28번지
11170,13600,0,0003,0029,,,일반건축물,단독주택,주택,0,0,49.59,19540415,1,0,서울특별시 용산구 보광동 3-29번지
11170,13600,0,0003,0030,,,일반건축물,단독주택,다가구용단독주택(3가구),70.4,50.31,107.99,19971215,2,1,서울특별시 용산구 보광동 3-30번지
11170,13600,0,0003,0031,,,일반건축물,단독주택,다가구용단독주택(3가구),98.8,58.88,149.04,19930427,2,1,서울특별시 용산구 보광동 3-31번지
11170,13600,0,0003,0032,,,일반건축물,단독주택,주택,112.57,54.18,125.46,19871107,2,1,서울특별시 용산구 보광동 3-32번지
11170,13600,0,0003,0033,,,일반건축물,단독주택,다가구용단독주택(7가구),176.33,104.77,316.46,19930920,2,1,서울특별시 용산구 보광동 3-33번지
11170,13600,0,0003,0034,,,일반건축물,단독주택,주택,0,51.2,51.2,19850629,1,0,서울특별시 용산구 보광동 3-34번지
11170,13600,0,0003,0035,,,일반건축물,단독주택,다가구용단독주택(5가구),98.7,59.17,148.38,19920828,2,1,서울특별시 용산구 보광동 3-35번지
11170,13600,0,0003,0036,,,표제부,공동주택,다세대주택,115.4,64.71,184.97,19911228,2,1,서울특별시 용산구 보광동 3-36번지
11170,13600,0,0003,0037,,,일반건축물,단독주택,다가구주택(4가구),98.1,58.7,149.52,20061229,2,1,서울특별시 용산구 보광동 3-37번지
11170,13600,0,0003,0038,,,표제부,공동주택,다세대주택,185,99.06,307.95,19970110,2,1,서울특별시 용산구 보광동 3-38번지
11170,13600,0,0003,0039,,,일반건축물,단독주택,다가구용단독주택(4가구),129.81,60.59,181.77,19920214,2,1,서울특별시 용산구 보광동 3-39번지
11170,13600,0,0003,0040,,,일반건축물,단독주택,주택,0,69.72,82.45,19681230,1,1,서울특별시 용산구 보광동 3-40번지
11170,13600,0,0003,0041,,,일반건축물,단독주택,단독주택,148.274,70.2,208.98,19891215,2,1,서울특별시 용산구 보광동 3-41번지
11170,13600,0,0003,0042,,,일반건축물,단독주택,주택,0,51.56,51.56,19851028,1,0,서울특별시 용산구 보광동 3-42번지
11170,13600,0,0003,0043,,,일반건축물,단독주택,다가구용단독주택(4가구),89.08,53.01,144.18,19921028,2,1,서울특별시 용산구 보광동 3-43번지
11170,13600,0,0003,0046,,,일반건축물,단독주택,다가구용단독주택(5가구),115.9,67.76,198.45,19910308,2,1,서울특별시 용산구 보광동 3-46번지
11170,13600,0,0003,0047,,,일반건축물,단독주택,"다가구용단독주택(3가구), 근린생활시설",130.64,77.71,223.2,19940610,2,1,서울특별시 용산구 보광동 3-47번지
11170,13600,0,0003,0048,,,일반건축물,단독주택,주택,0,0,67.37,19730209,1,0,서울특별시 용산구 보광동 3-48번지
11170,13600,0,0003,0049,,,표제부,공동주택,다세대주택,57.33,44.84,117,19930901,2,1,서울특별시 용산구 보광동 3-49번지
11170,13600,0,0003,0050,,,일반건축물,단독주택,"다가구용단독주택(3가구), 근린생활시설",104.3,61.17,193.51,19940304,2,1,서울특별시 용산구 보광동 3-50번지
11170,13600,0,0003,0054,,,일반건축물,단독주택,주택,133.8,66.86,204.3,19880808,2,1,서울특별시 용산구 보광동 3-54번지
11170,13600,0,0003,0057,,,일반건축물,단독주택,주택,96,43.41,97.86,19840820,2,1,서울특별시 용산구 보광동 3-57번지
11170,13600,0,0003,0059,,,표제부,공동주택,다세대주택,66.94,47.6,140.2,19930904,2,1,서울특별시 용산구 보광동 3-59번지
11170,13600,0,0003,0060,,,일반건축물,단독주택,다가구용단독주택(3가구),55.44,33.07,80.85,19930412,2,1,서울특별시 용산구 보광동 3-60번지
11170,13600,0,0003,0062,,,일반건축물,단독주택,단독주택,99,53.47,149.88,19990312,2,1,서울특별시 용산구 보광동 3-62번지
11170,13600,0,0003,0066,,,일반건축물,단독주택,"다가구주택(4가구),근린생활시설",67.89,52.22,201.32,19930506,3,1,서울특별시 용산구 보광동 3-66번지
11170,13600,0,0003,0067,,,일반건축물,단독주택,"다가구용단독주택(3가구), 근린생활시설",91.73,53.18,159.54,19961214,2,1,서울특별시 용산구 보광동 3-67번지
11170,13600,0,0003,0068,,,일반건축물,단독주택,단독주택,63.86,50.84,74.19,19981124,2,0,서울특별시 용산구 보광동 3-68번지
11170,13600,0,0003,0072,,,일반건축물,단독주택,주택,126.51,62.91,203.75,19900525,2,1,서울특별시 용산구 보광동 3-72번지
11170,13600,0,0003,0074,,,일반건축물,단독주택,주택,157.23,77.52,232.56,19880727,2,1,서울특별시 용산구 보광동 3-74번지
11170,13600,0,0003,0075,,,일반건축물,단독주택,주택,167.32,82.98,239.76,19890111,2,1,서울특별시 용산구 보광동 3-75번지
11170,13600,0,0003,0076,,,일반건축물,단독주택,"단독주택,제1종근린생활시설",135.95,67.82,225.25,19850618,3,1,서울특별시 용산구 보광동 3-76번지
11170,13600,0,0003,0077,,,일반건축물,단독주택,주택,179,74.52,214.56,19831026,2,1,서울특별시 용산구 보광동 3-77번지
11170,13600,0,0003,0078,,,일반건축물,단독주택,주택,0,0,49.59,19660810,1,0,서울특별시 용산구 보광동 3-78번지
11170,13600,0,0003,0079,,,일반건축물,단독주택,주택,0,0,74.31,19681211,2,1,서울특별시 용산구 보광동 3-79번지
11170,13600,0,0003,0079,,,일반건축물,단독주택,"주택,근린생활시설",0,38.94,38.94,19850629,1,0,서울특별시 용산구 보광동 3-79번지
11170,13600,0,0003,0080,,,일반건축물,단독주택,주택,0,0,106.54,19660810,1,0,서울특별시 용산구 보광동 3-80번지
11170,13600,0,0003,0081,,,일반건축물,단독주택,단독주택,142.12,78.09,212.85,19920224,2,1,서울특별시 용산구 보광동 3-81번지
11170,13600,0,0003,0082,,,표제부,공동주택,다세대주택,65.3,45.5,129.35,19940901,2,1,서울특별시 용산구 보광동 3-82번지
11170,13600,0,0003,0083,,,일반건축물,단독주택,주택,0,0,85.73,19660810,1,0,서울특별시 용산구 보광동 3-83번지
11170,13600,0,0003,0084,,,일반건축물,단독주택,주택,0,0,49.59,19540415,1,0,서울특별시 용산구 보광동 3-84번지
11170,13600,0,0003,0085,,,일반건축물,단독주택,주택,0,73.37,73.37,19850629,1,0,서울특별시 용산구 보광동 3-85번지
11170,13600,0,0003,0086,,,일반건축물,단독주택,다가구용단독주택(7가구),159.68,90.46,340.82,19920221,3,1,서울특별시 용산구 보광동 3-86번지
11170,13600,0,0003,0087,,,표제부,공동주택,다세대주택,101.89,59.22,178.92,19930315,2,1,서울특별시 용산구 보광동 3-87번지
11170,13600,0,0003,0088,,,일반건축물,단독주택,다가구용단독주택(4가구),98.06,56.21,176.12,19920227,2,1,서울특별시 용산구 보광동 3-88번지
11170,13600,0,0003,0090,,,일반건축물,단독주택,주택,0,57.85,57.85,19850629,1,0,서울특별시 용산구 보광동 3-90번지
11170,13600,0,0003,0091,,,일반건축물,단독주택,주택,0,43.83,43.83,19850629,1,0,서울특별시 용산구 보광동 3-91번지
11170,13600,0,0003,0093,,,표제부,공동주택,다세대주택,88.42,52.92,143.68,19930224,2,1,서울특별시 용산구 보광동 3-93번지
11170,13600,0,0003,0094,,,표제부,공동주택,다세대주택,88.22,52.69,139.97,19920316,2,1,서울특별시 용산구 보광동 3-94번지
11170,13600,0,0003,0095,,,일반건축물,단독주택,다가구용단독주택(4가구),95.4,52.83,155.85,19920406,2,1,서울특별시 용산구 보광동 3-95번지
11170,13600,0,0003,0096,,,일반건축물,단독주택,단독주택,113.05,56.21,192.92,19900816,2,1,서울특별시 용산구 보광동 3-96번지
11170,13600,0,0003,0097,,,일반건축물,단독주택,주택,0,0,49.59,19660810,1,0,서울특별시 용산구 보광동 3-97번지
11170,13600,0,0003,0098,,,일반건축물,단독주택,"다가구용단독주택(3가구), 근린생활시설",141.43,82.42,299.46,19960814,3,1,서울특별시 용산구 보광동 3-98번지
11170,13600,0,0003,0100,,,표제부,공동주택,다세대주택(4세대),63.28,37.84,114.8,19911230,2,1,서울특별시 용산구 보광동 3-100번지
11170,13600,0,0003,0102,,,표제부,공동주택,다세대주택,121.24,72.67,243.39,19921209,3,1,서울특별시 용산구 보광동 3-102번지
11170,13600,0,0003,0104,,,일반건축물,단독주택,다가구용단독주택(5가구),113,67.17,197.19,19940408,2,1,서울특별시 용산구 보광동 3-104번지
11170,13600,0,0003,0105,,,일반건축물,단독주택,다가구용단독주택(3가구),128.3,76.95,192.48,19950708,2,1,서울특별시 용산구 보광동 3-105번지
11170,13600,0,0003,0107,파인 하우스,,표제부,공동주택,공동주택(다세대주택),282,168.31,635.54,20030124,5,0,서울특별시 용산구 보광동 3-107번지
11170,13600,0,0003,0108,,,일반건축물,단독주택,주택,0,52.4,52.4,19850629,1,0,서울특별시 용산구 보광동 3-108번지
11170,13600,0,0003,0109,,,일반건축물,단독주택,주택,0,0,49.59,19640307,1,0,서울특별시 용산구 보광동 3-109번지
11170,13600,0,0003,0114,,,일반건축물,단독주택,다가구용단독주택(3가구),70,41.67,112.85,19921028,2,1,서울특별시 용산구 보광동 3-114번지
11170,13600,0,0003,0149,,,일반건축물,단독주택,다가구용단독주택(10가구),244.3,131.51,383.49,19910208,2,1,서울특별시 용산구 보광동 3-149번지
11170,13600,0,0003,0150,,,일반건축물,단독주택,주택,175,81.52,189.08,,2,1,서울특별시 용산구 보광동 3-150번지
11170,13600,0,0003,0151,,,일반건축물,단독주택,주택,0,111.27,261.75,19691215,2,1,서울특별시 용산구 보광동 3-151번지
11170,13600,0,0003,0153,,,일반건축물,단독주택,주택,0,0,111.27,19540415,1,0,서울특별시 용산구 보광동 3-153번지
11170,13600,0,0003,0154,,,일반건축물,단독주택,주택,196.73,98.19,248.4,19880727,2,1,서울특별시 용산구 보광동 3-154번지
11170,13600,0,0003,0192,,,일반건축물,단독주택,다가구용단독주택(5가구),121.35,66.42,194.84,19930218,2,1,서울특별시 용산구 보광동 3-192번지
11170,13600,0,0003,0228,,,일반건축물,단독주택,다가구용단독주택(4가구),115.4,65.79,197.37,19911217,2,1,서울특별시 용산구 보광동 3-228번지
11170,13600,0,0003,0232,,,일반건축물,단독주택,단독주택,117.85,58.5,188.44,19900825,2,1,서울특별시 용산구 보광동 3-232번지
11170,13600,0,0003,0236,,,일반건축물,제1종근린생활시설,"근린생활시설, 주택",152,75,300,19850910,3,1,서울특별시 용산구 보광동 3-236번지
11170,13600,0,0003,0239,,,표제부,공동주택,다세대주택,259.88,149.62,688.8,19960720,4,1,서울특별시 용산구 보광동 3-239번지
11170,13600,0,0003,0241,,,일반건축물,단독주택,"다가구용단독주택(2가구), 근린생활시설",52.45,29.01,114.24,19931028,3,1,서울특별시 용산구 보광동 3-241번지
11170,13600,0,0003,0242,,,일반건축물,단독주택,다가구용단독주택(4가구),111.19,66.54,199.62,19910201,2,1,서울특별시 용산구 보광동 3-242번지
11170,13600,0,0003,0245,,,일반건축물,단독주택,다가구용단독주택(3가구),83.2,53.66,137.79,19950623,2,1,서울특별시 용산구 보광동 3-245번지
11170,13600,0,0003,0248,,,표제부,공동주택,다세대주택,90.93,53.25,197.83,19940308,3,1,서울특별시 용산구 보광동 3-248번지
11170,13600,0,0003,0249,,,일반건축물,단독주택,단독주택,210,102.96,249.12,19900908,2,1,서울특별시 용산구 보광동 3-249번지
11170,13600,0,0003,0250,,,일반건축물,제1종근린생활시설,"근린생활시설, 주택",223.26,110.7,485.2,19851224,3,1,서울특별시 용산구 보광동 3-250번지
11170,13600,0,0003,0252,,,일반건축물,단독주택,단독주택,154.76,77.34,249.52,19901115,2,1,서울특별시 용산구 보광동 3-252번지
11170,13600,0,0003,0253,,,일반건축물,단독주택,단독주택,63.69,31.74,95.22,19910805,2,1,서울특별시 용산구 보광동 3-253번지
11170,13600,0,0003,0254,,,일반건축물,단독주택,다가구주택(3가구),67.57,33.63,100.89,19900711,2,1,서울특별시 용산구 보광동 3-254번지
11170,13600,0,0003,0255,,,일반건축물,단독주택,단독주택,116.57,58.26,190.32,19901012,2,1,서울특별시 용산구 보광동 3-255번지
11170,13600,0,0003,0256,,,표제부,공동주택,다세대주택,131.44,78.62,265.59,19950605,3,1,서울특별시 용산구 보광동 3-256번지
11170,13600,0,0003,0257,,,표제부,공동주택,다세대주택,74,43.76,131.28,19911210,2,1,서울특별시 용산구 보광동 3-257번지
11170,13600,0,0003,0259,,,표제부,공동주택,다세대주택,130.39,74.22,249.63,19920916,3,1,서울특별시 용산구 보광동 3-259번지
11170,13600,0,0003,0260,,,표제부,공동주택,다세대주택,83.87,41.52,124.56,19900615,2,1,서울특별시 용산구 보광동 3-260번지
11170,13600,0,0003,0261,,,표제부,공동주택,다세대주택,76.49,36.92,113.13,19900609,2,1,서울특별시 용산구 보광동 3-261번지
11170,13600,0,0003,0262,,,일반건축물,단독주택,단독주택,71.35,33.93,110.18,19900720,2,1,서울특별시 용산구 보광동 3-262번지
11170,13600,0,0003,0263,,,일반건축물,단독주택,"단독주택, 근린생활시설",147.17,71.65,200.3,19830915,2,1,서울특별시 용산구 보광동 3-263번지
11170,13600,0,0003,0264,,,일반건축물,단독주택,"주택, 점포",0,43.65,43.65,19830429,1,0,서울특별시 용산구 보광동 3-264번지
11170,13600,0,0003,0266,,,표제부,공동주택,"근린생활시설,다세대주택",195,94.56,316.98,19830822,3,1,서울특별시 용산구 보광동 3-266번지
11170,13600,0,0003,0268,,,일반건축물,단독주택,주택,215,96.44,235.72,19831026,2,1,서울특별시 용산구 보광동 3-268번지
11170,13600,0,0003,0269,,,일반건축물,단독주택,단독주택,131.42,65.4,215.45,19900829,2,1,서울특별시 용산구 보광동 3-269번지
11170,13600,0,0003,0274,,,표제부,공동주택,다세대주택,110.6,55.2,165.6,19860620,2,1,서울특별시 용산구 보광동 3-274번지
11170,13600,0,0003,0275,,,일반건축물,단독주택,주택,173,80.1,248.58,19880718,2,1,서울특별시 용산구 보광동 3-275번지
11170,13600,0,0003,0276,,,일반건축물,단독주택,주택,134,64.5,193.5,19900320,2,1,서울특별시 용산구 보광동 3-276번지
11170,13600,0,0003,0277,,,표제부,공동주택,"다세대주택,근린생활시설",66,32.4,91.8,19891212,3,1,서울특별시 용산구 보광동 3-277번지
11170,13600,0,0003,0278,,,일반건축물,단독주택,"주택,근린생활시설",191.05,94.94,370.67,19830824,3,1,서울특별시 용산구 보광동 3-278번지
11170,13600,0,0003,0282,,,일반건축물,단독주택,"주택,근린생활시설",227.35,112.32,708.48,19911120,5,1,서울특별시 용산구 보광동 3-282번지
11170,13600,0,0003,0283,,,일반건축물,단독주택,주택,0,76.73,226.83,19850312,2,1,서울특별시 용산구 보광동 3-283번지
11170,13600,0,0003,0284,,,일반건축물,단독주택,주택,145,69.69,209.07,19841005,2,1,서울특별시 용산구 보광동 3-284번지
11170,13600,0,0003,0285,,,일반건축물,단독주택,주택,172,75.6,226.8,19841005,2,1,서울특별시 용산구 보광동 3-285번지
11170,13600,0,0003,0287,,,일반건축물,단독주택,주택,172,70.96,155.12,19831011,2,1,서울특별시 용산구 보광동 3-287번지
11170,13600,0,0003,0288,,,일반건축물,단독주택,주택,145,69.44,135.47,19681010,2,1,서울특별시 용산구 보광동 3-288번지
11170,13600,0,0003,0289,,,일반건축물,단독주택,주택,165,75.01,154.85,19681120,2,1,서울특별시 용산구 보광동 3-289번지
11170,13600,0,0003,0290,,,일반건축물,단독주택,다가구용단독주택(5가구),153.66,83.1,249.3,19920724,2,1,서울특별시 용산구 보광동 3-290번지
11170,13600,0,0003,0291,,,표제부,공동주택,다세대주택,229.26,135.67,461.37,19940607,3,1,서울특별시 용산구 보광동 3-291번지
11170,13600,0,0003,0292,,,일반건축물,단독주택,주택,0,79.9,151.04,19680617,2,1,서울특별시 용산구 보광동 3-292번지
11170,13600,0,0003,0293,,,표제부,공동주택,공동주택,169,100.7,342.81,20031009,4,0,서울특별시 용산구 보광동 3-293번지
11170,13600,0,0003,0294,,,일반건축물,단독주택,주택,0,96.99,182.98,19680605,2,0,서울특별시 용산구 보광동 3-294번지
11170,13600,0,0003,0295,,,일반건축물,단독주택,다가구용단독주택(5가구),139,82.26,241.11,19911107,2,1,서울특별시 용산구 보광동 3-295번지
11170,13600,0,0003,0296,,,일반건축물,단독주택,주택,106,52.57,157.71,19830830,2,1,서울특별시 용산구 보광동 3-296번지
11170,13600,0,0003,0298,,,일반건축물,단독주택,단독주택,174.35,82.6,247.8,19900929,2,1,서울특별시 용산구 보광동 3-298번지
11170,13600,0,0003,0299,,,일반건축물,단독주택,주택,116,59.56,120.94,19671204,2,1,서울특별시 용산구 보광동 3-299번지
11170,13600,0,0003,0300,,,일반건축물,단독주택,주택,0,59.63,67.7,19671210,1,1,서울특별시 용산구 보광동 3-300번지
11170,13600,0,0003,0301,,,일반건축물,단독주택,주택,0,71.8,136.32,19671129,2,0,서울특별시 용산구 보광동 3-301번지
11170,13600,0,0003,0302,,,일반건축물,단독주택,주택,0,65.29,138.61,19671204,3,1,서울특별시 용산구 보광동 3-302번지
11170,13600,0,0003,0303,,,일반건축물,단독주택,주택,0,80.99,172.17,19671020,2,1,서울특별시 용산구 보광동 3-303번지
11170,13600,0,0003,0304,,,일반건축물,단독주택,주택,0,66.12,113.95,19680520,2,0,서울특별시 용산구 보광동 3-304번지
11170,13600,0,0003,0305,,,일반건축물,단독주택,주택,125.44,75.61,151.72,,2,1,서울특별시 용산구 보광동 3-305번지
11170,13600,0,0003,0306,,,일반건축물,단독주택,다가구주택,165,84.73,172.34,19671020,2,1,서울특별시 용산구 보광동 3-306번지
11170,13600,0,0003,0308,,,일반건축물,단독주택,주택,116.96,58.13,190.5,19880208,2,1,서울특별시 용산구 보광동 3-308번지
11170,13600,0,0003,0311,,,일반건축물,단독주택,주택,0,88.2,180.5,19671020,2,1,서울특별시 용산구 보광동 3-311번지
11170,13600,0,0003,0312,,,일반건축물,단독주택,주택,0,88.83,162.98,19760911,2,1,서울특별시 용산구 보광동 3-312번지
11170,13600,0,0003,0318,,,일반건축물,단독주택,다가구용단독주택(5가구),105.16,56.92,182.58,19910705,2,1,서울특별시 용산구 보광동 3-318번지
11170,13600,0,0003,0319,,,일반건축물,단독주택,다가구용단독주택(5가구),129.05,66.96,198.75,19910703,2,1,서울특별시 용산구 보광동 3-319번지
11170,13600,0,0003,0322,,,일반건축물,근린생활시설,"근린생활시설,다가구용단독주택(2가구)",115.16,69.03,207.09,19960320,2,1,서울특별시 용산구 보광동 3-322번지
11170,13600,0,0003,0324,,,일반건축물,단독주택,주택,0,0,49.59,19540415,1,0,서울특별시 용산구 보광동 3-324번지
11170,13600,0,0003,0325,,,일반건축물,단독주택,다가구용단독주택(4가구),98.65,59.07,164.67,19931231,2,1,서울특별시 용산구 보광동 3-325번지
11170,13600,0,0003,0326,,,일반건축물,단독주택,다가구용단독주택(4가구),79.61,46.98,135.38,19921012,2,1,서울특별시 용산구 보광동 3-326번지
11170,13600,0,0003,0327,,,표제부,제1종근린생활시설,"근린생활시설,다세대주택",142.67,82.63,245.67,19961025,2,1,서울특별시 용산구 보광동 3-327번지
11170,13600,0,0003,0329,,,일반건축물,단독주택,다가구용단독주택(4가구),107.66,63.74,190.32,19920902,2,1,서울특별시 용산구 보광동 3-329번지
11170,13600,0,0003,0330,,,일반건축물,단독주택,"주택, 창고",0,74.05,88.07,19750501,1,1,서울특별시 용산구 보광동 3-330번지
11170,13600,0,0003,0331,,,일반건축물,단독주택,주택,0,64.63,64.63,19691115,1,0,서울특별시 용산구 보광동 3-331번지
11170,13600,0,0003,0336,,,표제부,공동주택,다세대주택,83.22,41.46,124.38,19900605,2,1,서울특별시 용산구 보광동 3-336번지
11170,13600,0,0003,0339,,,일반건축물,단독주택,주택,0,59.93,68.06,19730306,1,1,서울특별시 용산구 보광동 3-339번지
11170,13600,0,0003,0344,,,일반건축물,단독주택,주택,166,69.84,209.52,19840326,2,1,서울특별시 용산구 보광동 3-344번지
11170,13600,0,0003,0358,,,일반건축물,단독주택,주택,132,65.02,206.22,19891226,2,1,서울특별시 용산구 보광동 3-358번지
11170,13600,0,0003,0359,,,일반건축물,단독주택,주택,159,79.02,229.32,19891226,2,1,서울특별시 용산구 보광동 3-359번지
11170,13600,0,0003,0370,,,일반건축물,단독주택,주택,0,63.25,195.51,19900609,2,1,서울특별시 용산구 보광동 3-370번지
11170,13600,0,0003,0374,,,표제부,공동주택,다세대주택,84.55,49.73,141.52,19921217,2,1,서울특별시 용산구 보광동 3-374번지
11170,13600,0,0003,0383,,,일반건축물,단독주택,주택,0,45.45,45.45,19850629,1,0,서울특별시 용산구 보광동 3-383번지
11170,13600,0,0003,0395,,,일반건축물,단독주택,주택,0,44.25,44.25,19850629,1,0,서울특별시 용산구 보광동 3-395번지
11170,13600,0,0003,0399,,,일반건축물,단독주택,주택,0,48.52,48.52,19850629,1,0,서울특별시 용산구 보광동 3-399번지
11170,13600,0,0003,0402,,,일반건축물,단독주택,주택,0,43.2,43.2,19850629,1,0,서울특별시 용산구 보광동 3-402번지
11170,13600,0,0003,0403,,,일반건축물,단독주택,주택,0,99.08,99.08,19850629,1,0,서울특별시 용산구 보광동 3-403번지
11170,13600,0,0005,0001,,,일반건축물,단독주택,다가구주택,132,65.72,122.37,,2,1,서울특별시 용산구 보광동 5-1번지
11170,13600,0,0005,0002,,,일반건축물,단독주택,주택,0,85.24,144.51,19671205,2,1,서울특별시 용산구 보광동 5-2번지
11170,13600,0,0005,0003,,,일반건축물,단독주택,주택,0,80.89,165.87,19680501,2,1,서울특별시 용산구 보광동 5-3번지
11170,13600,0,0005,0004,,,일반건축물,단독주택,주택,0,64.6,125.42,19750627,2,1,서울특별시 용산구 보광동 5-4번지
11170,13600,0,0006,0001,,,표제부,공동주택,다세대주택,162,77.94,233.82,19910820,2,1,서울특별시 용산구 보광동 6-1번지
11170,13600,0,0006,0002,,,일반건축물,단독주택,주택,95.86,47.64,142.92,19860418,2,1,서울특별시 용산구 보광동 6-2번지
11170,13600,0,0006,0004,,,일반건축물,단독주택,주택,0,39.67,39.67,19660625,1,0,서울특별시 용산구 보광동 6-4번지
11170,13600,0,0006,0005,,,일반건축물,단독주택,단독주택,119,64.01,55.01,19970825,1,0,서울특별시 용산구 보광동 6-5번지
11170,13600,0,0006,0008,,,표제부,공동주택,다세대주택,166,81.3,243.9,19910822,2,1,서울특별시 용산구 보광동 6-8번지
11170,13600,0,0006,0009,,,표제부,공동주택,다세대주택,166,82.68,248.04,19911007,2,1,서울특별시 용산구 보광동 6-9번지
11170,13600,0,0007,0000,,,표제부,공동주택,공동주택(다세대주택),230,137.41,604.95,20031205,4,1,서울특별시 용산구 보광동 7번지
11170,13600,0,0007,0001,,,표제부,공동주택,다세대주택,87.94,43.28,135.28,19881230,2,1,서울특별시 용산구 보광동 7-1번지
11170,13600,0,0007,0002,,,일반건축물,단독주택,주택,146,67.86,217.28,19891014,2,1,서울특별시 용산구 보광동 7-2번지
11170,13600,0,0007,0004,,,표제부,공동주택,공동주택(다세대주택),297.7,177.98,803.67,20040211,4,1,서울특별시 용산구 보광동 7-4번지
11170,13600,0,0007,0005,,,일반건축물,단독주택,주택,0,40.2,40.2,19660106,1,0,서울특별시 용산구 보광동 7-5번지
11170,13600,0,0007,0006,,,표제부,공동주택,공동주택(다세대주택),289,153.92,666.4,20030707,4,1,서울특별시 용산구 보광동 7-6번지
11170,13600,0,0007,0008,,,일반건축물,단독주택,주택,0,0,40.2,19660106,1,0,서울특별시 용산구 보광동 7-8번지
11170,13600,0,0007,0012,,,일반건축물,단독주택,주택,0,57.32,188.02,19891025,2,1,서울특별시 용산구 보광동 7-12번지
11170,13600,0,0008,0001,,,일반건축물,단독주택,주택,0,80.99,164.29,19631230,2,1,서울특별시 용산구 보광동 8-1번지
11170,13600,0,0008,0003,,,일반건축물,단독주택,주택,0,110.74,208.79,19690130,2,1,서울특별시 용산구 보광동 8-3번지
11170,13600,0,0008,0005,,,표제부,공동주택,다세대주택,291,169.66,827.04,20040629,4,1,서울특별시 용산구 보광동 8-5번지
11170,13600,0,0008,0006,,,일반건축물,단독주택,"주택,근린생활시설",283,127.11,384.96,19700210,3,1,서울특별시 용산구 보광동 8-6번지
11170,13600,0,0009,0001,,,일반건축물,단독주택,"다가구용단독주택(5가구), 근린생활시설",159,85.91,309.81,19951118,3,1,서울특별시 용산구 보광동 9-1번지
11170,13600,0,0009,0002,,,일반건축물,단독주택,주택,0,148.03,327,19710726,2,1,서울특별시 용산구 보광동 9-2번지
11170,13600,0,0009,0002,,,표제부,공동주택,다세대주택,417,172.6,659,19940728,4,1,서울특별시 용산구 보광동 9-2번지
11170,13600,0,0009,0003,,,일반건축물,단독주택,주택,0,79.79,79.79,19651030,1,0,서울특별시 용산구 보광동 9-3번지
11170,13600,0,0009,0007,,,일반건축물,단독주택,주택,91.17,41.61,95.4,19850629,2,0,서울특별시 용산구 보광동 9-7번지
11170,13600,0,0009,0008,,,표제부,공동주택,연립주택,655.67,332.1,1377.25,19920612,4,1,서울특별시 용산구 보광동 9-8번지
11170,13600,0,0009,0012,보광어린이집,,일반건축물,노유자시설,노유자시설,525,237.68,543.04,19861231,3,1,서울특별시 용산구 보광동 9-12번지
11170,13600,0,0009,0012,,,일반건축물,단독주택,주택,0,90.91,90.91,19640107,1,0,서울특별시 용산구 보광동 9-12번지
11170,13600,0,0009,0013,,,일반건축물,단독주택,다가구용단독주택(5가구),146.8,80.35,240.3,19901229,2,1,서울특별시 용산구 보광동 9-13번지
11170,13600,0,0009,0015,,,일반건축물,단독주택,주택,0,53.88,53.88,19641017,1,0,서울특별시 용산구 보광동 9-15번지
11170,13600,0,0009,0016,,,일반건축물,단독주택,다가구용단독주택(5가구),132.63,75.9,220.5,19950422,2,1,서울특별시 용산구 보광동 9-16번지
11170,13600,0,0009,0018,,,일반건축물,단독주택,주택,136.88,68.27,212.09,19890224,2,1,서울특별시 용산구 보광동 9-18번지
11170,13600,0,0009,0021,,,일반건축물,단독주택,주택,0,76.86,89.69,19661120,1,1,서울특별시 용산구 보광동 9-21번지
11170,13600,0,0009,0023,,,일반건축물,단독주택,다가구용단독주택(6가구),114.52,67.86,261.29,19940514,3,1,서울특별시 용산구 보광동 9-23번지
11170,13600,0,0009,0025,,,일반건축물,단독주택,"다가구용단독주택(3가구), 근린생활시설",163.83,98.02,295.59,19941207,3,1,서울특별시 용산구 보광동 9-25번지
11170,13600,0,0009,0026,,,일반건축물,단독주택,다가구용단독주택(2가구),66.78,38.91,65.87,19950605,2,0,서울특별시 용산구 보광동 9-26번지
11170,13600,0,0009,0027,,,일반건축물,단독주택,다가구주택(3가구),76.89,50.74,124.62,20060508,2,1,서울특별시 용산구 보광동 9-27번지
11170,13600,0,0009,0028,,,일반건축물,숙박시설,"여관, 주택",0,102.19,154.75,19591130,2,0,서울특별시 용산구 보광동 9-28번지
11170,13600,0,0009,0029,,,일반건축물,단독주택,주택,0,33.26,33.26,19630701,1,0,서울특별시 용산구 보광동 9-29번지
11170,13600,0,0009,0030,,,일반건축물,단독주택,주택,0,36.99,36.99,19670510,1,0,서울특별시 용산구 보광동 9-30번지
11170,13600,0,0009,0031,,,일반건축물,단독주택,주택,0,40.1,40.1,19670115,1,0,서울특별시 용산구 보광동 9-31번지
11170,13600,0,0009,0032,,,표제부,공동주택,다세대주택,270,133.16,654.85,19941219,4,1,서울특별시 용산구 보광동 9-32번지
11170,13600,0,0009,0033,,,일반건축물,단독주택,다가구용단독주택(7가구),154.64,92.21,330.83,19951120,3,1,서울특별시 용산구 보광동 9-33번지
11170,13600,0,0009,0036,,,일반건축물,단독주택,단독주택,140.195,69.66,229.95,19900816,2,1,서울특별시 용산구 보광동 9-36번지
11170,13600,0,0009,0037,,,일반건축물,단독주택,단독주택,133.23,66.25,198.75,19880902,2,1,서울특별시 용산구 보광동 9-37번지
11170,13600,0,0009,0040,,,일반건축물,단독주택,주택,0,83.44,187.15,19801208,2,1,서울특별시 용산구 보광동 9-40번지
11170,13600,0,0009,0041,,,일반건축물,단독주택,다가구용단독주택(3가구),67.05,47.86,143.46,19940503,2,1,서울특별시 용산구 보광동 9-41번지
11170,13600,0,0009,0045,,,일반건축물,단독주택,주택,0,56.2,56.2,19651030,1,0,서울특별시 용산구 보광동 9-45번지
11170,13600,0,0009,0046,,,일반건축물,단독주택,주택,0,54.51,54.51,19651030,1,0,서울특별시 용산구 보광동 9-46번지
11170,13600,0,0009,0048,,,일반건축물,단독주택,다가구용단독주택(4가구),103.78,51.63,160.83,19900830,2,1,서울특별시 용산구 보광동 9-48번지
11170,13600,0,0009,0050,,,일반건축물,단독주택,주택,0,36.36,36.36,19651213,1,0,서울특별시 용산구 보광동 9-50번지
11170,13600,0,0009,0052,,,일반건축물,단독주택,단독주택,129.37,64.62,193.86,19900719,2,1,서울특별시 용산구 보광동 9-52번지
11170,13600,0,0009,0054,,,일반건축물,단독주택,단독주택,93.56,46.56,146.98,19900829,2,1,서울특별시 용산구 보광동 9-54번지
11170,13600,0,0009,0056,,,일반건축물,단독주택,다가구용단독주택(4가구),91.74,51.3,195.7,19911210,3,1,서울특별시 용산구 보광동 9-56번지
11170,13600,0,0009,0058,,,일반건축물,단독주택,주택,0,63.47,63.47,19660528,1,0,서울특별시 용산구 보광동 9-58번지
11170,13600,0,0009,0060,,,일반건축물,단독주택,주택,123.01,61.45,202.07,19900119,2,1,서울특별시 용산구 보광동 9-60번지
11170,13600,0,0009,0061,,,일반건축물,단독주택,주택,107.5,53.57,176.89,19890803,2,1,서울특별시 용산구 보광동 9-61번지
11170,13600,0,0009,0062,,,일반건축물,단독주택,주택,0,42.98,42.98,19660528,1,0,서울특별시 용산구 보광동 9-62번지
11170,13600,0,0009,0064,,,일반건축물,단독주택,단독주택,86.11,42.97,128.91,19900711,2,1,서울특별시 용산구 보광동 9-64번지
11170,13600,0,0009,0065,,,일반건축물,단독주택,다가구용단독주택(6가구),118.03,69.55,205.13,19901206,2,1,서울특별시 용산구 보광동 9-65번지
11170,13600,0,0009,0070,,,일반건축물,단독주택,"다가구용단독주택(2가구), 근린생활시설",94.17,56.38,152.43,19931221,2,1,서울특별시 용산구 보광동 9-70번지
11170,13600,0,0009,0071,,,일반건축물,단독주택,주택,0,39.8,39.8,19661115,1,0,서울특별시 용산구 보광동 9-71번지
11170,13600,0,0009,0072,,,일반건축물,단독주택,주택,103.64,51.68,164.81,19890828,2,1,서울특별시 용산구 보광동 9-72번지
11170,13600,0,0009,0073,,,일반건축물,단독주택,주택,96.68,47.01,150.62,19880711,2,1,서울특별시 용산구 보광동 9-73번지
11170,13600,0,0009,0075,,,일반건축물,단독주택,주택,116.39,58.05,182.52,19890803,2,1,서울특별시 용산구 보광동 9-75번지
11170,13600,0,0009,0076,,,일반건축물,단독주택,주택,0,43.41,43.41,19670204,1,0,서울특별시 용산구 보광동 9-76번지
11170,13600,0,0009,0078,,,일반건축물,단독주택,주택,0,63.74,63.74,19681125,1,0,서울특별시 용산구 보광동 9-78번지
11170,13600,0,0009,0084,,,일반건축물,단독주택,주택,143,71.16,226.68,19870924,2,1,서울특별시 용산구 보광동 9-84번지
11170,13600,0,0010,0001,,,일반건축물,단독주택,다가구용단독주택(3가구),58.37,39.07,105.07,19931124,2,1,서울특별시 용산구 보광동 10-1번지
11170,13600,0,0010,0003,,,일반건축물,단독주택,다가구용단독주택(3가구),93,54.12,149.16,19940630,2,1,서울특별시 용산구 보광동 10-3번지
11170,13600,0,0010,0004,,,일반건축물,단독주택,주택,0,40.63,40.63,19641001,1,0,서울특별시 용산구 보광동 10-4번지
11170,13600,0,0010,0005,,,일반건축물,단독주택,다가구용단독주택(3가구),76,25.2,75.6,19950328,2,1,서울특별시 용산구 보광동 10-5번지
11170,13600,0,0010,0007,,,일반건축물,단독주택,다가구용단독주택(5가구),100.64,60.37,189.92,19910910,2,1,서울특별시 용산구 보광동 10-7번지
11170,13600,0,0010,0009,,,일반건축물,단독주택,다가구주택/제2종근린생활시설,111.3,68.9,255.89,19880817,4,1,서울특별시 용산구 보광동 10-9번지
11170,13600,0,0010,0010,,,일반건축물,단독주택,주택,0,26.25,26.25,19601020,1,0,서울특별시 용산구 보광동 10-10번지
11170,13600,0,0010,0013,,,일반건축물,단독주택,"다가구용단독주택(3가구), 근린생활시설",173.64,103.67,310.5,20011015,3,0,서울특별시 용산구 보광동 10-13번지
11170,13600,0,0010,0014,,,일반건축물,단독주택,"다가구용단독주택(2가구), 근린생활시설",99.86,59.27,175.32,19940525,2,1,서울특별시 용산구 보광동 10-14번지
11170,13600,0,0010,0015,,,일반건축물,단독주택,주택,0,51.41,51.41,19631012,1,0,서울특별시 용산구 보광동 10-15번지
11170,13600,0,0010,0016,,,일반건축물,제1종근린생활시설,"근린생활시설, 단독주택",97.7,57.81,273.07,19950802,4,1,서울특별시 용산구 보광동 10-16번지
11170,13600,0,0010,0017,,,일반건축물,단독주택,다가구용단독주택(4가구),75.79,44.51,110.08,19930917,2,1,서울특별시 용산구 보광동 10-17번지
11170,13600,0,0010,0018,,,일반건축물,단독주택,"다가구용단독주택(3가구), 근린생활시설",137.39,81.9,279.54,19930830,3,1,서울특별시 용산구 보광동 10-18번지
11170,13600,0,0010,0020,,,일반건축물,단독주택,다가구용단독주택(4가구),91,52.31,156.93,19911026,2,1,서울특별시 용산구 보광동 10-20번지
11170,13600,0,0010,0021,,,일반건축물,단독주택,다가구용단독주택(4가구),78.68,44.97,131.31,19920619,2,1,서울특별시 용산구 보광동 10-21번지
11170,13600,0,0010,0022,,,일반건축물,단독주택,단독주택,76.71,41.47,120.2,19911210,2,1,서울특별시 용산구 보광동 10-22번지
11170,13600,0,0010,0023,,,일반건축물,단독주택,다가구주택,81.75,50.87,143.05,19931110,3,1,서울특별시 용산구 보광동 10-23번지
11170,13600,0,0010,0024,,,일반건축물,단독주택,주택,0,42.74,42.74,19630215,1,0,서울특별시 용산구 보광동 10-24번지
11170,13600,0,0010,0025,,,일반건축물,단독주택,"다가구용단독주택(2가구), 근린생활시설",116,65.28,191.95,19960802,2,1,서울특별시 용산구 보광동 10-25번지
11170,13600,0,0010,0027,,,일반건축물,단독주택,다가구용단독주택(3가구),81.06,43.15,125.85,19930826,2,1,서울특별시 용산구 보광동 10-27번지
11170,13600,0,0010,0028,,,표제부,공동주택,다세대주택,125.62,71.57,235.66,20020820,4,0,서울특별시 용산구 보광동 10-28번지
11170,13600,0,0010,0029,,,일반건축물,단독주택,"다가구용단독주택(2가구), 근린생활시설",78.41,45.5,127.9,19960718,2,1,서울특별시 용산구 보광동 10-29번지
11170,13600,0,0010,0030,,,일반건축물,단독주택,주택,0,33.12,33.12,19640208,1,0,서울특별시 용산구 보광동 10-30번지
11170,13600,0,0010,0032,,,일반건축물,단독주택,단독주택,67.5,40.05,40.05,19640208,1,0,서울특별시 용산구 보광동 10-32번지
11170,13600,0,0010,0033,,,일반건축물,단독주택,주택,0,46.26,46.26,19610415,1,0,서울특별시 용산구 보광동 10-33번지
11170,13600,0,0010,0035,,,일반건축물,단독주택,단독주택,126.7,63.18,189.54,19900829,2,1,서울특별시 용산구 보광동 10-35번지
11170,13600,0,0010,0036,,,일반건축물,단독주택,주택,0,48.96,146.88,19881028,2,1,서울특별시 용산구 보광동 10-36번지
11170,13600,0,0010,0037,,,일반건축물,단독주택,다가구용단독주택(3가구),92.48,54.95,167.94,19970107,2,1,서울특별시 용산구 보광동 10-37번지
11170,13600,0,0010,0038,,,일반건축물,단독주택,"다가구용단독주택(3가구), 근린생활시설",83,47.46,174.2,19931221,3,1,서울특별시 용산구 보광동 10-38번지
11170,13600,0,0010,0041,,,일반건축물,단독주택,"다가구용단독주택(4가구), 근린생활시설",178.68,104.44,393.4,19940613,3,1,서울특별시 용산구 보광동 10-41번지
11170,13600,0,0010,0042,,,일반건축물,단독주택,다가구주택,141.72,84.77,256.31,19921215,3,1,서울특별시 용산구 보광동 10-42번지
11170,13600,0,0010,0043,,,일반건축물,단독주택,다가구용단독주택(4가구),83.64,51.69,147.92,19960517,2,1,서울특별시 용산구 보광동 10-43번지
11170,13600,0,0010,0045,,,일반건축물,단독주택,다가구용단독주택(3가구),89,53.01,118.72,19940630,2,1,서울특별시 용산구 보광동 10-45번지
11170,13600,0,0010,0046,,,일반건축물,단독주택,주택,0,48.26,48.26,19650920,1,0,서울특별시 용산구 보광동 10-46번지
11170,13600,0,0010,0047,,,일반건축물,단독주택,주택,0,38.02,38.02,19650920,1,0,서울특별시 용산구 보광동 10-47번지
11170,13600,0,0010,0049,,,일반건축물,단독주택,"다가구용단독주택(2가구), 근린생활시설",81.9,53.9,161.7,19970421,3,0,서울특별시 용산구 보광동 10-49번지
11170,13600,0,0010,0050,,,일반건축물,단독주택,주택,0,52.89,52.89,19651031,1,0,서울특별시 용산구 보광동 10-50번지
11170,13600,0,0010,0051,,,일반건축물,단독주택,다가구용단독주택(2가구),93,46.28,83.4,19911211,2,0,서울특별시 용산구 보광동 10-51번지
11170,13600,0,0010,0052,,,일반건축물,단독주택,다가구용단독주택(3가구),59.21,39.93,119.79,19940310,2,1,서울특별시 용산구 보광동 10-52번지
11170,13600,0,0010,0055,,,표제부,공동주택,다세대주택,227.12,106.87,405.75,19911004,3,1,서울특별시 용산구 보광동 10-55번지
11170,13600,0,0010,0056,,,일반건축물,단독주택,주택,106,52.86,158.58,19880715,2,1,서울특별시 용산구 보광동 10-56번지
11170,13600,0,0010,0058,,,일반건축물,제2종근린생활시설,"제조업소,종교집회장",165,81.55,153.35,19790825,2,1,서울특별시 용산구 보광동 10-58번지
11170,13600,0,0010,0059,,,일반건축물,제1종근린생활시설,"근린생활시설,",344,164.64,886.11,19880211,5,1,서울특별시 용산구 보광동 10-59번지
11170,13600,0,0011,0001,,,표제부,공동주택,다세대주택,275.78,162.64,659.35,19960826,4,1,서울특별시 용산구 보광동 11-1번지
11170,13600,0,0011,0006,,,일반건축물,단독주택,다가구용단독주택(3가구),133.9,64.72,199.12,19920211,2,1,서울특별시 용산구 보광동 11-6번지
11170,13600,0,0011,0009,,,일반건축물,단독주택,단독주택,126,61.09,183.27,19920304,2,1,서울특별시 용산구 보광동 11-9번지
11170,13600,0,0011,0010,,,일반건축물,단독주택,"주택, 근린생활시설",83.1,72.96,114.46,19621206,2,0,서울특별시 용산구 보광동 11-10번지
11170,13600,0,0011,0011,,,일반건축물,단독주택,다가구용단독주택(5가구),136,58.14,216.75,19880829,3,1,서울특별시 용산구 보광동 11-11번지
11170,13600,0,0011,0012,,,일반건축물,단독주택,단독주택,149,74.49,232.37,19900710,2,1,서울특별시 용산구 보광동 11-12번지
11170,13600,0,0012,0000,,,일반건축물,단독주택,주택,0,46.28,46.28,19370225,1,0,서울특별시 용산구 보광동 12번지
11170,13600,0,0012,0000,,,일반건축물,단독주택,주택,0,33.06,33.06,19401203,1,0,서울특별시 용산구 보광동 12번지
11170,13600,0,0012,0000,,,일반건축물,단독주택,주택,0,39.67,39.67,19370130,1,0,서울특별시 용산구 보광동 12번지
11170,13600,0,0012,0000,,,일반건축물,단독주택,주택,0,26.45,26.45,,1,0,서울특별시 용산구 보광동 12번지
11170,13600,0,0012,0000,,,일반건축물,단독주택,주택,0,19.83,19.83,19370310,1,0,서울특별시 용산구 보광동 12번지
11170,13600,0,0012,0000,,,일반건축물,단독주택,주택,0,26.45,26.45,19470715,1,0,서울특별시 용산구 보광동 12번지
11170,13600,0,0012,0000,,,일반건축물,단독주택,주택,0,23.14,23.14,19370225,1,0,서울특별시 용산구 보광동 12번지
11170,13600,0,0012,0001,,,일반건축물,단독주택,주택,0,46.28,46.28,19351210,1,0,서울특별시 용산구 보광동 12-1번지
11170,13600,0,0012,0001,,,일반건축물,단독주택,주택,0,39.21,39.21,19611010,1,0,서울특별시 용산구 보광동 12-1번지
11170,13600,0,0012,0001,,,일반건축물,단독주택,주택,0,45.88,45.88,19580420,1,0,서울특별시 용산구 보광동 12-1번지
11170,13600,0,0012,0007,,,일반건축물,단독주택,다가구용단독주택(6가구),160.83,95.04,329.64,19931104,3,1,서울특별시 용산구 보광동 12-7번지
11170,13600,0,0012,0009,,,일반건축물,단독주택,주택,241,87.85,249.11,19840820,2,1,서울특별시 용산구 보광동 12-9번지
11170,13600,0,0012,0010,,,일반건축물,단독주택,주택,138.93,68.22,224.41,19880916,2,1,서울특별시 용산구 보광동 12-10번지
11170,13600,0,0012,0011,,,일반건축물,단독주택,단독주택,107.37,53.38,202.48,19931008,3,1,서울특별시 용산구 보광동 12-11번지
11170,13600,0,0012,0012,,,일반건축물,단독주택,주택,0,40.33,74.61,19651206,2,0,서울특별시 용산구 보광동 12-12번지
11170,13600,0,0012,0013,,,일반건축물,단독주택,주택,0,68.43,101.16,19650210,2,0,서울특별시 용산구 보광동 12-13번지
11170,13600,0,0012,0014,,,표제부,공동주택,주택,0,81.32,243.96,19820928,2,1,서울특별시 용산구 보광동 12-14번지
11170,13600,0,0012,0015,,,일반건축물,단독주택,"다가구용단독주택(3가구),근린생활시설",179.86,104.28,382.06,20000927,5,0,서울특별시 용산구 보광동 12-15번지
11170,13600,0,0012,0016,,,일반건축물,단독주택,주택,0,63.57,63.57,19710620,1,0,서울특별시 용산구 보광동 12-16번지
11170,13600,0,0012,0018,,,일반건축물,단독주택,다가구용단독주택(2가구),132,74.57,129.9,19710720,2,1,서울특별시 용산구 보광동 12-18번지
11170,13600,0,0012,0019,,,일반건축물,단독주택,주택,0,70.38,124.53,19710530,2,1,서울특별시 용산구 보광동 12-19번지
11170,13600,0,0012,0020,,,표제부,공동주택,주택,0,69.5,208.5,19830722,2,1,서울특별시 용산구 보광동 12-20번지
11170,13600,0,0012,0021,,,일반건축물,제2종근린생활시설,"근린생활시설, 다가구용단독주택(2가구)",169,99.78,299.34,19960812,2,1,서울특별시 용산구 보광동 12-21번지
11170,13600,0,0012,0022,,,일반건축물,단독주택,주택,0,56.47,81.27,19830725,1,1,서울특별시 용산구 보광동 12-22번지
11170,13600,0,0012,0024,,,일반건축물,단독주택,주택,228,99.67,263.27,19810824,2,1,서울특별시 용산구 보광동 12-24번지
11170,13600,0,0013,0000,,,일반건축물,단독주택,주택,0,56.2,56.2,,1,0,서울특별시 용산구 보광동 13번지
11170,13600,0,0013,0000,,,일반건축물,단독주택,주택,0,19.83,19.83,,1,0,서울특별시 용산구 보광동 13번지
11170,13600,0,0013,0000,,,일반건축물,단독주택,주택,0,19.83,19.83,19470315,1,0,서울특별시 용산구 보광동 13번지
11170,13600,0,0013,0000,,,일반건축물,단독주택,주택,0,16.53,16.53,19370225,1,0,서울특별시 용산구 보광동 13번지
11170,13600,0,0013,0000,,,일반건축물,단독주택,주택,0,52.89,52.89,19400527,1,0,서울특별시 용산구 보광동 13번지
11170,13600,0,0013,0000,,,일반건축물,단독주택,주택,0,46.28,46.28,,1,0,서울특별시 용산구 보광동 13번지
11170,13600,0,0013,0000,,,일반건축물,단독주택,주택,0,19.83,19.83,19470920,1,0,서울특별시 용산구 보광동 13번지
11170,13600,0,0013,0000,,,일반건축물,단독주택,주택,0,23.14,23.14,,1,0,서울특별시 용산구 보광동 13번지
11170,13600,0,0013,0000,,,일반건축물,단독주택,주택,0,19.83,19.83,19370225,1,0,서울특별시 용산구 보광동 13번지
11170,13600,0,0013,0000,,,일반건축물,단독주택,주택,0,33.05,33.05,19370604,1,0,서울특별시 용산구 보광동 13번지
11170,13600,0,0013,0000,,,일반건축물,단독주택,주택,0,23.14,23.14,,1,0,서울특별시 용산구 보광동 13번지
11170,13600,0,0013,0000,,,일반건축물,단독주택,주택,0,29.75,29.75,19331125,1,0,서울특별시 용산구 보광동 13번지
11170,13600,0,0013,0000,,,일반건축물,단독주택,주택,0,19.83,19.83,19470725,1,0,서울특별시 용산구 보광동 13번지
11170,13600,0,0013,0000,,,일반건축물,단독주택,주택,0,23.14,23.14,19370225,1,0,서울특별시 용산구 보광동 13번지
11170,13600,0,0013,0001,,,일반건축물,단독주택,주택,0,16.53,16.53,19370225,1,0,서울특별시 용산구 보광동 13-1번지
11170,13600,0,0013,0002,,,일반건축물,단독주택,다가구용단독주택(4가구),188.98,112.57,329.37,19950127,3,1,서울특별시 용산구 보광동 13-2번지
11170,13600,0,0013,0003,,,일반건축물,단독주택,주택,116,56.45,163.32,19890314,2,1,서울특별시 용산구 보광동 13-3번지
11170,13600,0,0013,0004,,,일반건축물,단독주택,주택,230.27,105.13,249.96,19830716,2,1,서울특별시 용산구 보광동 13-4번지
11170,13600,0,0013,0005,,,일반건축물,단독주택,주택,118.38,58.14,174.42,19900525,2,1,서울특별시 용산구 보광동 13-5번지
11170,13600,0,0013,0006,,,일반건축물,단독주택,"다가구용단독주택(2가구), 근린생활시설",106.13,63.66,195.4,19941203,2,1,서울특별시 용산구 보광동 13-6번지
11170,13600,0,0013,0007,,,일반건축물,단독주택,주택,116,57.33,171.99,19870819,2,1,서울특별시 용산구 보광동 13-7번지
11170,13600,0,0013,0008,,,일반건축물,단독주택,"다가구용단독주택(2가구),근린생활시설",188,91.9,193.69,19751215,2,1,서울특별시 용산구 보광동 13-8번지
11170,13600,0,0013,0009,,,일반건축물,단독주택,단독주택,185.1,80.4,241.2,19890926,2,1,서울특별시 용산구 보광동 13-9번지
11170,13600,0,0013,0011,,,일반건축물,단독주택,주택,93,39.97,111.77,19790823,2,1,서울특별시 용산구 보광동 13-11번지
11170,13600,0,0013,0012,,,일반건축물,단독주택,주택,0,60.89,95.2,19670720,2,0,서울특별시 용산구 보광동 13-12번지
11170,13600,0,0013,0013,,,일반건축물,단독주택,주택,0,72.26,72.26,19741105,1,0,서울특별시 용산구 보광동 13-13번지
11170,13600,0,0013,0014,,,일반건축물,단독주택,주택,143.92,71.31,208.78,19881005,2,1,서울특별시 용산구 보광동 13-14번지
11170,13600,0,0013,0017,,,일반건축물,단독주택,"다가구용단독주택(2가구), 근린생활시설",95.34,56.04,178.68,19941213,2,1,서울특별시 용산구 보광동 13-17번지
11170,13600,0,0013,0020,,,일반건축물,단독주택,주택,78.2,38.89,120.57,19870704,2,1,서울특별시 용산구 보광동 13-20번지
11170,13600,0,0013,0021,,,일반건축물,단독주택,주택,105.55,52.2,158.22,19880517,2,1,서울특별시 용산구 보광동 13-21번지
11170,13600,0,0013,0023,,,일반건축물,단독주택,주택,0,29.75,29.75,19650114,1,0,서울특별시 용산구 보광동 13-23번지
11170,13600,0,0013,0024,,,일반건축물,단독주택,주택,112.75,54.87,164.61,19891230,2,1,서울특별시 용산구 보광동 13-24번지
11170,13600,0,0013,0027,,,일반건축물,단독주택,주택,0,19.93,19.93,19691022,1,0,서울특별시 용산구 보광동 13-27번지
11170,13600,0,0013,0028,,,일반건축물,단독주택,주택,91,44.3,113.45,19791220,2,1,서울특별시 용산구 보광동 13-28번지
11170,13600,0,0013,0029,,,일반건축물,단독주택,"다가구용단독주택(3가구), 근린생활시설",106.99,56.9,156.6,19930716,2,1,서울특별시 용산구 보광동 13-29번지
11170,13600,0,0013,0030,,,일반건축물,단독주택,주택,0,15,15,19850629,1,0,서울특별시 용산구 보광동 13-30번지
11170,13600,0,0013,0032,,,일반건축물,단독주택,"다가구용단독주택(3가구), 근린생활시설",158.65,93.11,270.66,19930825,2,1,서울특별시 용산구 보광동 13-32번지
11170,13600,0,0013,0033,,,일반건축물,단독주택,주택,0,67.11,122.35,19740516,2,1,서울특별시 용산구 보광동 13-33번지
11170,13600,0,0013,0034,,,일반건축물,단독주택,다가구용단독주택(5가구),93.37,54.66,152.78,19911102,2,1,서울특별시 용산구 보광동 13-34번지
11170,13600,0,0013,0036,,,일반건축물,단독주택,주택,213,77.16,139.87,19801007,2,1,서울특별시 용산구 보광동 13-36번지
11170,13600,0,0013,0037,,,일반건축물,단독주택,주택,0,79.17,121.35,19711011,1,1,서울특별시 용산구 보광동 13-37번지
11170,13600,0,0013,0038,,,일반건축물,단독주택,주택,0,57.35,57.35,19700630,1,0,서울특별시 용산구 보광동 13-38번지
11170,13600,0,0013,0039,,,일반건축물,단독주택,주택,134.47,66.87,208.47,19891006,2,1,서울특별시 용산구 보광동 13-39번지
11170,13600,0,0013,0041,,,일반건축물,단독주택,주택,0,0,36.36,19670601,1,0,서울특별시 용산구 보광동 13-41번지
11170,13600,0,0013,0042,,,일반건축물,단독주택,주택,0,41.92,85.96,19700803,3,0,서울특별시 용산구 보광동 13-42번지
11170,13600,0,0013,0043,,,일반건축물,단독주택,단독주택,76,49.44,49.44,19960715,1,0,서울특별시 용산구 보광동 13-43번지
11170,13600,0,0013,0044,,,일반건축물,제2종근린생활시설,"근린생활시설, 단독주택",138.3,82.68,299.28,19960608,3,1,서울특별시 용산구 보광동 13-44번지
11170,13600,0,0013,0045,,,일반건축물,단독주택,주택,0,68.07,68.07,19670120,1,0,서울특별시 용산구 보광동 13-45번지
11170,13600,0,0013,0046,,,일반건축물,단독주택,주택,0,74.12,133.85,19690905,2,1,서울특별시 용산구 보광동 13-46번지
11170,13600,0,0013,0047,,,일반건축물,단독주택,단독주택,68.8,45.36,45.36,19960715,1,0,서울특별시 용산구 보광동 13-47번지
11170,13600,0,0013,0048,,,일반건축물,단독주택,주택,0,40.45,40.45,19850629,1,0,서울특별시 용산구 보광동 13-48번지
11170,13600,0,0013,0050,,,일반건축물,단독주택,다가구주택,98.01,58.47,109.23,20061114,2,1,서울특별시 용산구 보광동 13-50번지
11170,13600,0,0013,0051,,,일반건축물,단독주택,주택,0,31.48,31.48,19850629,1,0,서울특별시 용산구 보광동 13-51번지
11170,13600,0,0013,0052,,,일반건축물,단독주택,주택,0,38.7,38.7,19850629,1,0,서울특별시 용산구 보광동 13-52번지
11170,13600,0,0013,0055,,,일반건축물,단독주택,주택,0,17.31,17.31,19850629,1,0,서울특별시 용산구 보광동 13-55번지
11170,13600,0,0013,0056,,,일반건축물,단독주택,주택,0,30.24,30.24,19850629,1,0,서울특별시 용산구 보광동 13-56번지
11170,13600,0,0013,0058,,,표제부,공동주택,다세대주택,67.68,31.6,101.31,19910910,2,1,서울특별시 용산구 보광동 13-58번지
11170,13600,0,0013,0059,,,일반건축물,단독주택,다가구용단독주택(2가구),49.51,33.57,67.14,19940426,2,0,서울특별시 용산구 보광동 13-59번지
11170,13600,0,0013,0061,,,일반건축물,단독주택,다가구용단독주택(3가구),74.12,36.52,123.27,19910204,2,1,서울특별시 용산구 보광동 13-61번지
11170,13600,0,0013,0062,,,일반건축물,단독주택,다가구용단독주택(4가구),98.28,51.81,160.88,19920304,2,1,서울특별시 용산구 보광동 13-62번지
11170,13600,0,0013,0063,,,일반건축물,단독주택,주택,0,79.44,79.44,19710408,1,0,서울특별시 용산구 보광동 13-63번지
11170,13600,0,0013,0064,,,일반건축물,단독주택,단독주택,132,64.47,177.1,19901207,2,1,서울특별시 용산구 보광동 13-64번지
11170,13600,0,0013,0065,,,일반건축물,단독주택,다가구용단독주택(3가구),90.24,43.6,143.6,19910223,2,1,서울특별시 용산구 보광동 13-65번지
11170,13600,0,0013,0066,,,일반건축물,단독주택,다가구용단독주택(4가구),73.5,36.72,120.74,19910207,2,1,서울특별시 용산구 보광동 13-66번지
11170,13600,0,0013,0067,,,일반건축물,단독주택,주택,0,88.43,218.29,19760827,2,1,서울특별시 용산구 보광동 13-67번지
11170,13600,0,0013,0069,,,일반건축물,단독주택,주택,0,33.57,33.57,19850629,1,0,서울특별시 용산구 보광동 13-69번지
11170,13600,0,0013,0070,,,일반건축물,단독주택,주택,0,56.89,56.89,19610623,1,0,서울특별시 용산구 보광동 13-70번지
11170,13600,0,0013,0071,,,일반건축물,단독주택,주택,100.52,49.34,148.02,19850928,2,1,서울특별시 용산구 보광동 13-71번지
11170,13600,0,0013,0072,,,일반건축물,단독주택,주택,89.76,44.55,133.65,19850927,2,1,서울특별시 용산구 보광동 13-72번지
11170,13600,0,0013,0076,,,일반건축물,단독주택,"다가구용단독주택(3가구), 근린생활시설",130,77.94,233.82,19941205,2,1,서울특별시 용산구 보광동 13-76번지
11170,13600,0,0013,0078,,,일반건축물,단독주택,주택,0,20.83,20.83,19650520,1,0,서울특별시 용산구 보광동 13-78번지
11170,13600,0,0013,0080,,,일반건축물,단독주택,주택,150,59.04,114.05,19670320,2,1,서울특별시 용산구 보광동 13-80번지
11170,13600,0,0013,0082,,,일반건축물,단독주택,주택,136,63.27,126.04,19660825,2,1,서울특별시 용산구 보광동 13-82번지
11170,13600,0,0013,0083,,,일반건축물,단독주택,주택,0,61.26,89.63,19691115,2,1,서울특별시 용산구 보광동 13-83번지
11170,13600,0,0014,0001,,,일반건축물,단독주택,주택,234.73,115.95,327.48,19890517,2,1,서울특별시 용산구 보광동 14-1번지
11170,13600,0,0014,0002,,,일반건축물,제1종근린생활시설,"근린생활시설, 주택",237.83,117.94,474.45,19881104,4,1,서울특별시 용산구 보광동 14-2번지
11170,13600,0,0014,0003,,,일반건축물,단독주택,주택,0,104.66,189.58,19750619,2,1,서울특별시 용산구 보광동 14-3번지
11170,13600,0,0014,0005,,,일반건축물,단독주택,주택,235.08,117.46,321.8,19860726,2,1,서울특별시 용산구 보광동 14-5번지
11170,13600,0,0014,0006,,,일반건축물,단독주택,다가구용단독주택(4가구),120.83,59.84,175.84,19910313,2,1,서울특별시 용산구 보광동 14-6번지
11170,13600,0,0014,0007,,,표제부,공동주택,다세대주택,283.78,158.88,659.65,20010925,4,1,서울특별시 용산구 보광동 14-7번지
11170,13600,0,0014,0008,,,일반건축물,단독주택,다가구용단독주택(8가구),264,137.17,397.87,19941124,2,1,서울특별시 용산구 보광동 14-8번지
11170,13600,0,0014,0009,,,일반건축물,단독주택,주택,255,87.37,176.66,19751230,2,1,서울특별시 용산구 보광동 14-9번지
11170,13600,0,0014,0010,,,일반건축물,단독주택,주택,248.67,113.49,328.95,19850807,2,1,서울특별시 용산구 보광동 14-10번지
11170,13600,0,0014,0020,,,일반건축물,단독주택,다가구용단독주택(4가구),124.36,59.85,175.97,19910119,2,1,서울특별시 용산구 보광동 14-20번지
11170,13600,0,0015,0002,,,일반건축물,단독주택,다가구용단독주택(4가구),131.36,65.08,190.14,19911127,2,1,서울특별시 용산구 보광동 15-2번지
11170,13600,0,0015,0004,,,일반건축물,단독주택,주택,189,87.39,183.77,19740109,2,1,서울특별시 용산구 보광동 15-4번지
11170,13600,0,0015,0006,,,표제부,공동주택,다세대주택,439,170.54,654.4,19960920,4,1,서울특별시 용산구 보광동 15-6번지
11170,13600,0,0015,0007,,,일반건축물,단독주택,주택,249,92.5,229.36,19731210,2,1,서울특별시 용산구 보광동 15-7번지
11170,13600,0,0015,0008,,,표제부,공동주택,다세대주택,319,150.78,637.13,19910403,3,2,서울특별시 용산구 보광동 15-8번지
11170,13600,0,0015,0013,,,표제부,공동주택,다세대주택,285.02,165.18,649.51,19970830,4,1,서울특별시 용산구 보광동 15-13번지
11170,13600,0,0015,0014,,,표제부,공동주택,다세대주택,400.04,171.17,659.78,19961122,4,1,서울특별시 용산구 보광동 15-14번지
11170,13600,0,0015,0018,,,표제부,공동주택,연립주택,514,192.02,744.4,19901116,4,1,서울특별시 용산구 보광동 15-18번지
11170,13600,0,0015,0020,,,일반건축물,제1종근린생활시설,"근린생활시설, 주택",400,199.27,992.55,19900503,4,1,서울특별시 용산구 보광동 15-20번지
11170,13600,0,0015,0028,,,일반건축물,단독주택,주택,89.55,44.58,142.91,19880113,2,1,서울특별시 용산구 보광동 15-28번지
11170,13600,0,0015,0029,,,일반건축물,단독주택,주택,0,89.32,164.03,19730725,2,1,서울특별시 용산구 보광동 15-29번지
11170,13600,0,0015,0032,,,일반건축물,단독주택,주택,152,75.34,138.18,19731210,2,1,서울특별시 용산구 보광동 15-32번지
11170,13600,0,0015,0033,,,일반건축물,단독주택,주택,134,66.94,123.76,19731210,2,1,서울특별시 용산구 보광동 15-33번지
11170,13600,0,0015,0035,,,표제부,공동주택,다세대주택,259.59,155.13,659.51,19931122,4,1,서울특별시 용산구 보광동 15-35번지
11170,13600,0,0015,0040,,,일반건축물,단독주택,주택,207,84.1,246.8,19840912,2,1,서울특별시 용산구 보광동 15-40번지
11170,13600,0,0016,0002,,,일반건축물,단독주택,주택,0,58.78,58.78,19590414,1,0,서울특별시 용산구 보광동 16-2번지
11170,13600,0,0019,0000,,,일반건축물,단독주택,주택,0,49.59,49.59,19460420,1,0,서울특별시 용산구 보광동 19번지
11170,13600,0,0019,0001,,,일반건축물,단독주택,주택,0,71.14,141.28,19670530,2,1,서울특별시 용산구 보광동 19-1번지
11170,13600,0,0019,0002,,,일반건축물,단독주택,주택,131,63.21,190.83,19870827,2,1,서울특별시 용산구 보광동 19-2번지
11170,13600,0,0019,0003,,,일반건축물,단독주택,주택,130,61.65,184.95,19870827,2,1,서울특별시 용산구 보광동 19-3번지
11170,13600,0,0020,0000,,,일반건축물,단독주택,주택,0,56.4,112.21,19691013,2,1,서울특별시 용산구 보광동 20번지
11170,13600,0,0021,0000,,,일반건축물,단독주택,주택,0,89.26,89.26,,1,0,서울특별시 용산구 보광동 21번지
11170,13600,0,0021,0001,,,일반건축물,단독주택,주택,161,70.84,174.28,19791214,2,1,서울특별시 용산구 보광동 21-1번지
11170,13600,0,0022,0000,,,일반건축물,단독주택,주택,0,39.67,39.67,19860118,1,0,서울특별시 용산구 보광동 22번지
11170,13600,0,0022,0000,,,일반건축물,단독주택,주택,0,39.67,39.67,19590616,1,0,서울특별시 용산구 보광동 22번지
11170,13600,0,0022,0001,,,일반건축물,제2종근린생활시설,근린생활시설,0,23.14,68.11,19821113,3,0,서울특별시 용산구 보광동 22-1번지
11170,13600,0,0023,0001,,,일반건축물,단독주택,주택,0,132.62,285.47,19691101,2,1,서울특별시 용산구 보광동 23-1번지
11170,13600,0,0024,0000,,,일반건축물,단독주택,주택,0,16.53,16.53,,1,0,서울특별시 용산구 보광동 24번지
11170,13600,0,0025,0001,,,일반건축물,단독주택,다가구용단독주택(13가구),289,172.72,655.86,19960817,3,1,서울특별시 용산구 보광동 25-1번지
11170,13600,0,0026,0000,,,일반건축물,단독주택,주택,0,16.53,16.53,,1,0,서울특별시 용산구 보광동 26번지
11170,13600,0,0026,0001,,,일반건축물,단독주택,주택,164,70.11,196.53,19880604,2,1,서울특별시 용산구 보광동 26-1번지
11170,13600,0,0026,0003,,,일반건축물,단독주택,주택,0,75.37,268.9,19701120,2,1,서울특별시 용산구 보광동 26-3번지
11170,13600,0,0027,0009,,,표제부,공동주택,"다세대주택, 근린생활시설 교육연구및복지시설",421,248.28,1411.13,19980518,5,1,서울특별시 용산구 보광동 27-9번지
11170,13600,0,0027,0014,,,표제부,공동주택,공동주택,0,232.56,880.39,19730526,4,1,서울특별시 용산구 보광동 27-14번지
11170,13600,0,0027,0017,,,일반건축물,단독주택,주택,203,84,218.99,19740731,2,1,서울특별시 용산구 보광동 27-17번지
11170,13600,0,0027,0018,,,표제부,공동주택,다세대주택,316.97,169.6,637.92,19910520,3,1,서울특별시 용산구 보광동 27-18번지
11170,13600,0,0027,0019,,,표제부,공동주택,다세대주택,202,84.6,249.48,19901227,2,1,서울특별시 용산구 보광동 27-19번지
11170,13600,0,0027,0020,,,일반건축물,단독주택,주택,0,56.78,176.04,19881102,2,1,서울특별시 용산구 보광동 27-20번지
11170,13600,0,0027,0025,,,일반건축물,단독주택,주택,138,68.55,229.23,19881020,2,2,서울특별시 용산구 보광동 27-25번지
11170,13600,0,0027,0026,,,일반건축물,단독주택,주택,132,65.88,226.17,19881105,2,2,서울특별시 용산구 보광동 27-26번지
11170,13600,0,0030,0000,,,일반건축물,단독주택,주택,0,25.12,25.12,19650110,1,0,서울특별시 용산구 보광동 30번지
11170,13600,0,0031,0003,,,일반건축물,단독주택,다가구용단독주택(4가구),113.44,65.52,327.6,19951017,4,1,서울특별시 용산구 보광동 31-3번지
11170,13600,0,0032,0000,,,일반건축물,단독주택,주택,163,71.8,136.5,19750416,2,1,서울특별시 용산구 보광동 32번지
11170,13600,0,0033,0001,,,일반건축물,단독주택,주택,0,64.13,136.76,19741130,2,1,서울특별시 용산구 보광동 33-1번지
11170,13600,0,0033,0004,,,일반건축물,단독주택,다가구용단독주택(3가구),108.31,58.13,172.05,19920627,2,1,서울특별시 용산구 보광동 33-4번지
11170,13600,0,0033,0008,,,일반건축물,단독주택,주택,160,85.24,214.13,19750719,2,1,서울특별시 용산구 보광동 33-8번지
11170,13600,0,0033,0010,,,일반건축물,단독주택,주택,154,82.51,169.55,19741223,2,1,서울특별시 용산구 보광동 33-10번지
11170,13600,0,0033,0011,,,일반건축물,단독주택,주택,0,82.51,165.74,19741223,2,1,서울특별시 용산구 보광동 33-11번지
11170,13600,0,0034,0000,,,일반건축물,단독주택,주택,0,46.28,46.28,19600610,1,0,서울특별시 용산구 보광동 34번지
11170,13600,0,0035,0001,,,일반건축물,단독주택,주택,0,62.81,62.81,19580218,1,0,서울특별시 용산구 보광동 35-1번지
11170,13600,0,0035,0001,,,일반건축물,단독주택,주택,0,72.73,72.73,,1,0,서울특별시 용산구 보광동 35-1번지
11170,13600,0,0035,0002,,,일반건축물,단독주택,다가구용단독주택(5가구),104,61.91,185.73,19911120,2,1,서울특별시 용산구 보광동 35-2번지
11170,13600,0,0035,0003,,,일반건축물,단독주택,다가구용단독주택(5가구),139.44,69.07,199.05,19911227,2,1,서울특별시 용산구 보광동 35-3번지
11170,13600,0,0035,0004,,,일반건축물,단독주택,단독주택,305,114.95,247.44,19920609,2,1,서울특별시 용산구 보광동 35-4번지
11170,13600,0,0035,0005,,,표제부,공동주택,아파트,887.48,317.39,3582.31,19950220,15,1,서울특별시 용산구 보광동 35-5번지
11170,13600,0,0035,0006,,,표제부,공동주택,다세대주택,215.49,106.715,320.145,19890509,2,1,서울특별시 용산구 보광동 35-6번지
11170,13600,0,0035,0007,,,일반건축물,단독주택,다가구용단독주택(5가구),115.98,68.95,275.8,19950616,3,1,서울특별시 용산구 보광동 35-7번지
11170,13600,0,0035,0008,,,일반건축물,단독주택,다가구용단독주택(4가구),90.23,53.32,146.12,19931222,2,1,서울특별시 용산구 보광동 35-8번지
11170,13600,0,0035,0011,,,일반건축물,단독주택,주택,182,69.75,201.99,19820803,2,1,서울특별시 용산구 보광동 35-11번지
11170,13600,0,0035,0012,,,일반건축물,단독주택,"다가구용단독주택(2가구), 근린생활시설",92.96,55.74,157.23,19940924,2,1,서울특별시 용산구 보광동 35-12번지
11170,13600,0,0035,0013,,,일반건축물,단독주택,주택,0,97.72,97.72,19700330,1,0,서울특별시 용산구 보광동 35-13번지
11170,13600,0,0035,0013,,,표제부,공동주택,다세대주택,202.85,99.8,248.8,19861211,2,1,서울특별시 용산구 보광동 35-13번지
11170,13600,0,0035,0014,,,일반건축물,단독주택,주택,111,63.7,122.97,19760415,2,1,서울특별시 용산구 보광동 35-14번지
11170,13600,0,0035,0019,,,일반건축물,단독주택,주택,0,47.17,47.17,19590520,1,0,서울특별시 용산구 보광동 35-19번지
11170,13600,0,0035,0032,,,일반건축물,단독주택,주택,165,67.54,135.62,19671210,2,1,서울특별시 용산구 보광동 35-32번지
11170,13600,0,0035,0034,,,일반건축물,단독주택,주택,0,67.04,145.05,19700915,2,1,서울특별시 용산구 보광동 35-34번지
11170,13600,0,0035,0035,,,일반건축물,단독주택,주택,0,86.13,182.82,19750618,2,1,서울특별시 용산구 보광동 35-35번지
11170,13600,0,0035,0039,,,일반건축물,단독주택,주택,126,62.5,131.27,19760415,2,1,서울특별시 용산구 보광동 35-39번지
11170,13600,0,0035,0041,,,일반건축물,단독주택,주택,0,71.64,149.65,19770617,2,1,서울특별시 용산구 보광동 35-41번지
11170,13600,0,0035,0045,,,일반건축물,단독주택,주택,0,68.93,158.39,19760826,2,1,서울특별시 용산구 보광동 35-45번지
11170,13600,0,0035,0046,,,일반건축물,단독주택,주택,0,88.89,163.87,19760720,2,1,서울특별시 용산구 보광동 35-46번지
11170,13600,0,0035,0047,,,표제부,공동주택,다세대주택,172.89,99.71,492.91,19920506,4,1,서울특별시 용산구 보광동 35-47번지
11170,13600,0,0035,0048,,,일반건축물,단독주택,주택,0,143.94,308.4,19670920,3,0,서울특별시 용산구 보광동 35-48번지
11170,13600,0,0035,0050,,,표제부,제1종근린생활시설,"점포, 근린생활시설, 주택",0,162.98,488.94,19820115,2,1,서울특별시 용산구 보광동 35-50번지
11170,13600,0,0035,0051,,,일반건축물,단독주택,다가구용단독주택(4가구),84.83,50.88,140.94,19930921,2,1,서울특별시 용산구 보광동 35-51번지
11170,13600,0,0037,0002,,,일반건축물,단독주택,주택,0,99.17,99.17,,1,0,서울특별시 용산구 보광동 37-2번지
11170,13600,0,0038,0000,,,일반건축물,단독주택,주택,0,95.86,95.86,19430410,1,0,서울특별시 용산구 보광동 38번지
11170,13600,0,0040,0015,,,일반건축물,단독주택,주택,0,33.06,33.06,,1,0,서울특별시 용산구 보광동 40-15번지
11170,13600,0,0041,0001,,,일반건축물,단독주택,주택,0,97.92,211.6,19750702,2,1,서울특별시 용산구 보광동 41-1번지
11170,13600,0,0042,0001,,,일반건축물,단독주택,주택,105,59.97,141.06,19710927,2,1,서울특별시 용산구 보광동 42-1번지
11170,13600,0,0043,0001,,,일반건축물,단독주택,다가구용단독주택(3가구),66.66,39.88,120.98,19920226,2,1,서울특별시 용산구 보광동 43-1번지
11170,13600,0,0043,0002,,,일반건축물,단독주택,다가구용단독주택(3가구),79.37,45.32,130.02,19901222,2,1,서울특별시 용산구 보광동 43-2번지
11170,13600,0,0044,0000,,,일반건축물,단독주택,다가구용단독주택(4가구),114.23,67.73,179.9,19940708,2,1,서울특별시 용산구 보광동 44번지
11170,13600,0,0045,0001,,,일반건축물,단독주택,주택,0,69.22,141.94,19770709,2,1,서울특별시 용산구 보광동 45-1번지
11170,13600,0,0045,0003,,,일반건축물,단독주택,"다가구용단독주택(2가구), 근린생활시설",109.47,52.58,144.34,19931230,2,1,서울특별시 용산구 보광동 45-3번지
11170,13600,0,0048,0002,,,일반건축물,제1종근린생활시설,근린생활시설,0,120.17,413.73,19720705,3,1,서울특별시 용산구 보광동 48-2번지
11170,13600,0,0049,0000,,,일반건축물,단독주택,주택,0,73.09,151.83,19740921,2,1,서울특별시 용산구 보광동 49번지
11170,13600,0,0051,0000,,,일반건축물,단독주택,주택,0,82.41,174.31,19731218,2,1,서울특별시 용산구 보광동 51번지
11170,13600,0,0052,0000,,,일반건축물,단독주택,주택,0,55.44,102.71,19750814,2,1,서울특별시 용산구 보광동 52번지
11170,13600,0,0053,0000,,,일반건축물,단독주택,주택,0,54.81,54.81,19260920,1,0,서울특별시 용산구 보광동 53번지
11170,13600,0,0053,0001,,,일반건축물,단독주택,다가구용단독주택(5가구),105.53,51.3,146.85,19911119,2,1,서울특별시 용산구 보광동 53-1번지
11170,13600,0,0053,0002,,,일반건축물,단독주택,다가구용단독주택(4가구),93.9,46.74,163.93,19900713,2,1,서울특별시 용산구 보광동 53-2번지
11170,13600,0,0054,0001,,,일반건축물,단독주택,단독주택,192,102.68,249.49,19701222,3,1,서울특별시 용산구 보광동 54-1번지
11170,13600,0,0055,0000,,,일반건축물,단독주택,다가구용단독주택(7가구),215.63,127.33,449.9,19931008,3,1,서울특별시 용산구 보광동 55번지
11170,13600,0,0056,0000,,,일반건축물,단독주택,주택,0,69.92,128.7,19760806,2,1,서울특별시 용산구 보광동 56번지
11170,13600,0,0057,0000,,,일반건축물,단독주택,다가구용단독주택(7가구),204.24,105.84,375.36,19901030,3,1,서울특별시 용산구 보광동 57번지
11170,13600,0,0058,0000,,,일반건축물,단독주택,주택,0,92.43,260.9,19800211,2,1,서울특별시 용산구 보광동 58번지
11170,13600,0,0059,0000,,,일반건축물,단독주택,주택,0,79.21,97.66,19740129,1,1,서울특별시 용산구 보광동 59번지
11170,13600,0,0060,0000,,,일반건축물,단독주택,단독주택,212,105.35,190.6,19671020,3,1,서울특별시 용산구 보광동 60번지
11170,13600,0,0060,0000,,,일반건축물,제1종근린생활시설,근린생활시설,212,0,62.98,19810521,0,1,서울특별시 용산구 보광동 60번지
11170,13600,0,0063,0002,,,일반건축물,제1종근린생활시설,"점포, 주택",0,124.53,299.93,19680715,3,1,서울특별시 용산구 보광동 63-2번지
11170,13600,0,0064,0001,,,일반건축물,단독주택,"주택, 근린생활시설",116,69.09,194.63,19751127,3,1,서울특별시 용산구 보광동 64-1번지
11170,13600,0,0064,0002,,,일반건축물,단독주택,"단독주택,제2종근린생활시설",179.6,96.36,195.13,19930216,2,1,서울특별시 용산구 보광동 64-2번지
11170,13600,0,0065,0000,,,표제부,공동주택,주택,0,60.83,182.49,19790620,2,1,서울특별시 용산구 보광동 65번지
11170,13600,0,0065,0002,,,일반건축물,단독주택,주택,122,59.83,179.49,19790710,2,1,서울특별시 용산구 보광동 65-2번지
11170,13600,0,0066,0000,,,일반건축물,단독주택,주택,0,86.91,186.48,19760816,2,1,서울특별시 용산구 보광동 66번지
11170,13600,0,0066,0004,,,일반건축물,제1종근린생활시설,근린생활시설,0,93.96,93.96,19830523,1,0,서울특별시 용산구 보광동 66-4번지
11170,13600,0,0067,0001,,,일반건축물,단독주택,주택,0,80.96,188.7,19700324,3,1,서울특별시 용산구 보광동 67-1번지
11170,13600,0,0067,0002,,,일반건축물,단독주택,주택,0,46.71,137.68,19810528,2,1,서울특별시 용산구 보광동 67-2번지
11170,13600,0,0067,0003,,,일반건축물,단독주택,주택,83,39.42,125.01,19890627,2,1,서울특별시 용산구 보광동 67-3번지
11170,13600,0,0068,0000,,,표제부,공동주택,다세대주택,385,191.11,842.91,20021203,4,1,서울특별시 용산구 보광동 68번지
11170,13600,0,0070,0001,,,일반건축물,단독주택,주택,0,60.1,129.23,19781117,2,1,서울특별시 용산구 보광동 70-1번지
11170,13600,0,0070,0019,,,일반건축물,단독주택,"주택, 근린생활시설",193,80.13,211.14,19790915,2,1,서울특별시 용산구 보광동 70-19번지
11170,13600,0,0070,0022,,,일반건축물,단독주택,다가구용단독주택(9가구),227,136.19,544.12,19971015,3,1,서울특별시 용산구 보광동 70-22번지
11170,13600,0,0070,0023,,,표제부,공동주택,주택,0,84.23,195.5,19781114,2,1,서울특별시 용산구 보광동 70-23번지
11170,13600,0,0070,0024,,,표제부,공동주택,주택,0,84.23,203.53,19781114,2,1,서울특별시 용산구 보광동 70-24번지
11170,13600,0,0070,0025,,,일반건축물,제1종근린생활시설,근린생활시설,1172,167.67,184.95,19911217,1,1,서울특별시 용산구 보광동 70-25번지
11170,13600,0,0070,0029,,,일반건축물,단독주택,주택,175,80.36,188.16,19801017,2,1,서울특별시 용산구 보광동 70-29번지
11170,13600,0,0070,0035,보광빗물펌프장,,일반건축물,제1종근린생활시설,빗물펌프장,1065,498.3,784.51,20061114,3,0,서울특별시 용산구 보광동 70-35번지
11170,13600,0,0071,0001,,,일반건축물,단독주택,주택,153,71.64,214.92,19880414,2,1,서울특별시 용산구 보광동 71-1번지
11170,13600,0,0071,0003,,,일반건축물,단독주택,다가구용단독주택(4가구),99,42.3,131.04,19911009,2,1,서울특별시 용산구 보광동 71-3번지
11170,13600,0,0071,0004,,,일반건축물,단독주택,다가구용단독주택(3가구),68,40.32,120.96,19901222,2,1,서울특별시 용산구 보광동 71-4번지
11170,13600,0,0071,0005,,,일반건축물,단독주택,주택,0,44.79,44.79,19700622,1,0,서울특별시 용산구 보광동 71-5번지
11170,13600,0,0071,0006,,,일반건축물,단독주택,단독주택,112,55.9,214.6,19880704,3,1,서울특별시 용산구 보광동 71-6번지
11170,13600,0,0071,0007,,,일반건축물,단독주택,단독주택,175,104.65,190.12,19920722,2,1,서울특별시 용산구 보광동 71-7번지
11170,13600,0,0071,0009,,,일반건축물,단독주택,"주택, 점포",119,57.75,173.25,19790830,2,1,서울특별시 용산구 보광동 71-9번지
11170,13600,0,0071,0010,,,일반건축물,제2종근린생활시설,근린생활시설,0,65.79,203.32,19821026,2,1,서울특별시 용산구 보광동 71-10번지
11170,13600,0,0071,0011,,,일반건축물,단독주택,다가구주택,72.12,43.56,140.28,20070206,3,1,서울특별시 용산구 보광동 71-11번지
11170,13600,0,0071,0012,,,일반건축물,단독주택,다가구주택,55,39.07,151.1,19920609,3,1,서울특별시 용산구 보광동 71-12번지
11170,13600,0,0072,0001,,,일반건축물,단독주택,다가구용단독주택(4가구),133,66.3,198.9,19901127,2,1,서울특별시 용산구 보광동 72-1번지
11170,13600,0,0072,0002,,,일반건축물,제2종근린생활시설,"근린생활시설, 제2종근린생활시설",88,46.57,172.74,19940207,3,1,서울특별시 용산구 보광동 72-2번지
11170,13600,0,0074,0003,,,일반건축물,단독주택,"다가구용단독주택(2가구), 근린생활시설",101,60.57,171.3,19931123,2,1,서울특별시 용산구 보광동 74-3번지
11170,13600,0,0075,0001,백범빌딩,,일반건축물,단독주택,"주택, 근린생활시설",197,95.54,262.48,19820722,3,1,서울특별시 용산구 보광동 75-1번지
11170,13600,0,0075,0003,,,일반건축물,단독주택,주택,0,51.27,51.27,19750702,1,0,서울특별시 용산구 보광동 75-3번지
11170,13600,0,0075,0005,,,일반건축물,단독주택,주택,81,39.57,89.62,19410206,2,1,서울특별시 용산구 보광동 75-5번지
11170,13600,0,0075,0006,,,일반건축물,단독주택,주택,120.81,61.97,152.41,19810731,2,1,서울특별시 용산구 보광동 75-6번지
11170,13600,0,0075,0007,,,일반건축물,단독주택,"주택, 제 제2종 근린생활시설",76,38.28,84.82,19790727,2,1,서울특별시 용산구 보광동 75-7번지
11170,13600,0,0075,0008,,,일반건축물,단독주택,다가구용단독주택(3가구),79.32,49,147,19940330,2,1,서울특별시 용산구 보광동 75-8번지
11170,13600,0,0075,0010,,,일반건축물,단독주택,다가구용단독주택(3가구),53.7,33.43,99.6,19960603,3,0,서울특별시 용산구 보광동 75-10번지
11170,13600,0,0075,0011,,,일반건축물,단독주택,주택,79,50.28,97.19,19691101,2,1,서울특별시 용산구 보광동 75-11번지
11170,13600,0,0075,0012,,,일반건축물,단독주택,주택,66,31.74,95.22,19820614,2,1,서울특별시 용산구 보광동 75-12번지
11170,13600,0,0075,0013,,,일반건축물,단독주택,주택,0,32.15,32.15,19850629,1,0,서울특별시 용산구 보광동 75-13번지
11170,13600,0,0075,0016,,,일반건축물,단독주택,주택,165,84.5,169.56,19750319,2,1,서울특별시 용산구 보광동 75-16번지
11170,13600,0,0075,0017,,,일반건축물,단독주택,다가구용단독주택(7가구),150.95,89.6,325.03,19930630,3,1,서울특별시 용산구 보광동 75-17번지
11170,13600,0,0075,0018,,,일반건축물,단독주택,다가구용단독주택,121.1,72,260.8,19960629,3,1,서울특별시 용산구 보광동 75-18번지
11170,13600,0,0075,0020,,,일반건축물,제1종근린생활시설,"근린생활시설, 단독주택",59.24,34.48,63.74,20021022,2,0,서울특별시 용산구 보광동 75-20번지
11170,13600,0,0075,0021,,,일반건축물,노유자시설,노유자시설,44.85,28.84,75.72,19971224,2,1,서울특별시 용산구 보광동 75-21번지
11170,13600,0,0076,0001,,,일반건축물,단독주택,주택,0,53.22,106.02,19651005,2,1,서울특별시 용산구 보광동 76-1번지
11170,13600,0,0076,0002,,,일반건축물,단독주택,주택,106,51.07,106.97,19660520,2,1,서울특별시 용산구 보광동 76-2번지
11170,13600,0,0077,0003,,,일반건축물,단독주택,다가구용단독주택(6가구),105.22,63.03,188.53,19920404,2,1,서울특별시 용산구 보광동 77-3번지
11170,13600,0,0077,0004,,,일반건축물,단독주택,주택,113.52,56.25,180.57,19870908,2,1,서울특별시 용산구 보광동 77-4번지
11170,13600,0,0077,0005,,,일반건축물,단독주택,다가구용단독주택(3가구),63.14,37.85,106.35,19911216,2,1,서울특별시 용산구 보광동 77-5번지
11170,13600,0,0078,0001,,,일반건축물,단독주택,주택,0,64.07,64.07,19690725,1,0,서울특별시 용산구 보광동 78-1번지
11170,13600,0,0078,0002,,,일반건축물,단독주택,주택,105.24,61.9,144.51,19690725,3,0,서울특별시 용산구 보광동 78-2번지
11170,13600,0,0078,0003,,,일반건축물,단독주택,주택,0,57.55,111.27,19690720,2,1,서울특별시 용산구 보광동 78-3번지
11170,13600,0,0078,0004,,,일반건축물,단독주택,다가구용단독주택(5가구),84.56,48.8,134.26,19930610,2,1,서울특별시 용산구 보광동 78-4번지
11170,13600,0,0080,0001,,,일반건축물,단독주택,주택,169,74.94,138.18,19750718,2,1,서울특별시 용산구 보광동 80-1번지
11170,13600,0,0080,0003,,,일반건축물,제1종근린생활시설,"점포, 주택",0,72.24,174.56,19770827,2,1,서울특별시 용산구 보광동 80-3번지
11170,13600,0,0080,0004,,,일반건축물,자동차관련시설,차고,0,118.18,118.18,19661019,1,0,서울특별시 용산구 보광동 80-4번지
11170,13600,0,0080,0009,,,일반건축물,제1종근린생활시설,점포,0,84.36,168.72,19670516,2,0,서울특별시 용산구 보광동 80-9번지
11170,13600,0,0080,0011,,,일반건축물,제1종근린생활시설,점포,0,86.12,212.8,19671010,2,1,서울특별시 용산구 보광동 80-11번지
11170,13600,0,0080,0017,,,일반건축물,단독주택,주택,0,80.1,163.17,19760618,2,1,서울특별시 용산구 보광동 80-17번지
11170,13600,0,0080,0019,,,일반건축물,제1종근린생활시설,근린생활시설,148,73.7,244.83,19920806,2,1,서울특별시 용산구 보광동 80-19번지
11170,13600,0,0080,0020,,,일반건축물,제1종근린생활시설,점포,0,55.01,120.23,19770309,2,1,서울특별시 용산구 보광동 80-20번지
11170,13600,0,0080,0021,,,일반건축물,단독주택,"사무실,기숙사",1850,375.23,1768.1,19790611,4,1,서울특별시 용산구 보광동 80-21번지
11170,13600,0,0080,0024,,,일반건축물,제2종근린생활시설,근린생활시설,0,69.72,176.33,19770827,2,1,서울특별시 용산구 보광동 80-24번지
11170,13600,0,0080,0025,,,일반건축물,제1종근린생활시설,"점포, 주택",0,54.45,147.41,19771115,2,1,서울특별시 용산구 보광동 80-25번지
11170,13600,0,0080,0032,,,일반건축물,제2종근린생활시설,"근린생활시설, 주택",271,159.48,704.97,19941209,4,1,서울특별시 용산구 보광동 80-32번지
11170,13600,0,0081,0001,,,일반건축물,제1종근린생활시설,"점포,근린생활시설",0,191.07,313.35,19600605,2,0,서울특별시 용산구 보광동 81-1번지
11170,13600,0,0081,0002,,,일반건축물,제2종근린생활시설,제2종근린생활시설,69,60.33,120.66,19650930,2,0,서울특별시 용산구 보광동 81-2번지
11170,13600,0,0085,0000,,,일반건축물,제2종근린생활시설,"근린생활시설, 주택",341,160.47,977.31,19921230,5,1,서울특별시 용산구 보광동 85번지
11170,13600,0,0091,0001,한남에스타워,,일반건축물,제1종근린생활시설,근린생활시설,145,68.18,204.54,19851120,2,1,서울특별시 용산구 보광동 91-1번지
11170,13600,0,0093,0001,,,일반건축물,제1종근린생활시설,"근린생활시설, 주택",96,47.58,178.23,19881130,3,1,서울특별시 용산구 보광동 93-1번지
11170,13600,0,0094,0006,,,일반건축물,제1종근린생활시설,근린생활시설,0,27.84,55.68,19830211,1,1,서울특별시 용산구 보광동 94-6번지
11170,13600,0,0096,0001,,,일반건축물,단독주택,"다가구용단독주택(2가구), 근린생활시설",102.26,59.08,226.85,19931104,3,1,서울특별시 용산구 보광동 96-1번지
11170,13600,0,0097,0000,,,일반건축물,단독주택,주택,175,70.74,136.86,19820528,2,1,서울특별시 용산구 보광동 97번지
11170,13600,0,0099,0000,,,일반건축물,단독주택,다가구용단독주택(3가구),75.66,47.84,125.52,19930610,2,1,서울특별시 용산구 보광동 99번지
11170,13600,0,0100,0000,,,일반건축물,단독주택,주택,0,16.53,16.53,,1,0,서울특별시 용산구 보광동 100번지
11170,13600,0,0100,0000,,,일반건축물,제1종근린생활시설,영업,0,13.22,13.22,,1,0,서울특별시 용산구 보광동 100번지
11170,13600,0,0100,0000,,,일반건축물,단독주택,주택,0,23.14,23.14,,1,0,서울특별시 용산구 보광동 100번지
11170,13600,0,0100,0000,,,일반건축물,단독주택,주택,0,40.99,40.99,19650105,1,0,서울특별시 용산구 보광동 100번지
11170,13600,0,0100,0001,,,일반건축물,단독주택,주택,0,67.9,67.9,19681001,1,0,서울특별시 용산구 보광동 100-1번지
11170,13600,0,0100,0002,,,일반건축물,단독주택,"주택, 점포",0,32.66,32.66,19720428,1,0,서울특별시 용산구 보광동 100-2번지
11170,13600,0,0100,0003,,,일반건축물,단독주택,다가구용단독주택(6가구),70.75,51.47,170.63,19910819,3,1,서울특별시 용산구 보광동 100-3번지
11170,13600,0,0100,0008,,,일반건축물,단독주택,"주택, 점포",0,17.98,17.98,19670820,1,0,서울특별시 용산구 보광동 100-8번지
11170,13600,0,0100,0008,,,일반건축물,단독주택,주택,0,52.07,103.49,19670820,2,1,서울특별시 용산구 보광동 100-8번지
11170,13600,0,0101,0000,,,일반건축물,단독주택,주택,0,19.83,19.83,19551226,1,0,서울특별시 용산구 보광동 101번지
11170,13600,0,0101,0002,,,일반건축물,단독주택,"주택, 영업",0,66.58,102.38,19661025,2,0,서울특별시 용산구 보광동 101-2번지
11170,13600,0,0102,0000,,,일반건축물,제1종근린생활시설,영업,0,9.92,9.92,20000126,1,0,서울특별시 용산구 보광동 102번지
11170,13600,0,0102,0000,,,일반건축물,단독주택,다가구용단독주택(5가구),174.88,81.69,245.07,19991230,2,1,서울특별시 용산구 보광동 102번지
11170,13600,0,0103,0000,,,일반건축물,단독주택,단독주택,168.28,82.47,247.41,19910424,2,1,서울특별시 용산구 보광동 103번지
11170,13600,0,0104,0001,,,일반건축물,단독주택,다가구용단독주택(3가구),70.03,47.51,119.6,19950704,2,1,서울특별시 용산구 보광동 104-1번지
11170,13600,0,0104,0002,,,일반건축물,단독주택,주택,89,43.4,155.11,19830930,2,1,서울특별시 용산구 보광동 104-2번지
11170,13600,0,0104,0003,,,일반건축물,단독주택,주택,0,33.09,33.09,19660825,1,0,서울특별시 용산구 보광동 104-3번지
11170,13600,0,0104,0004,,,일반건축물,단독주택,다가구용단독주택(4가구),145.31,72.49,228.17,19900822,2,1,서울특별시 용산구 보광동 104-4번지
11170,13600,0,0104,0005,,,일반건축물,단독주택,주택,0,32.3,32.3,19601020,1,0,서울특별시 용산구 보광동 104-5번지
11170,13600,0,0105,0001,,,일반건축물,단독주택,주택,96,46.68,82.42,19721202,2,1,서울특별시 용산구 보광동 105-1번지
11170,13600,0,0105,0002,,,일반건축물,단독주택,주택,126,71.07,131.07,19721202,2,1,서울특별시 용산구 보광동 105-2번지
11170,13600,0,0106,0002,,,일반건축물,단독주택,주택,0,47.54,95.08,19770719,1,1,서울특별시 용산구 보광동 106-2번지
11170,13600,0,0107,0001,,,일반건축물,단독주택,주택,0,31.57,31.57,19610715,1,0,서울특별시 용산구 보광동 107-1번지
11170,13600,0,0107,0002,,,일반건축물,단독주택,주택,0,37.92,37.92,19661105,1,0,서울특별시 용산구 보광동 107-2번지
11170,13600,0,0107,0003,,,일반건축물,단독주택,주택,0,37.59,37.59,19661105,1,0,서울특별시 용산구 보광동 107-3번지
11170,13600,0,0108,0001,,,일반건축물,단독주택,주택,0,65.95,65.95,19630725,1,0,서울특별시 용산구 보광동 108-1번지
11170,13600,0,0108,0002,,,일반건축물,단독주택,주택,89,39.77,99.51,19810711,2,1,서울특별시 용산구 보광동 108-2번지
11170,13600,0,0109,0000,,,일반건축물,단독주택,주택,0,67.31,128.86,19770926,1,1,서울특별시 용산구 보광동 109번지
11170,13600,0,0110,0000,,,일반건축물,단독주택,주택,0,65.92,114.75,19690620,2,0,서울특별시 용산구 보광동 110번지
11170,13600,0,0111,0000,,,일반건축물,단독주택,주택,0,26.45,26.45,19480924,1,0,서울특별시 용산구 보광동 111번지
11170,13600,0,0111,0002,,,일반건축물,제2종근린생활시설,제2종근린생활시설,0,78.58,130.62,19700830,2,1,서울특별시 용산구 보광동 111-2번지
11170,13600,0,0112,0001,,,일반건축물,단독주택,주택,106.26,52.78,160.14,19890911,2,1,서울특별시 용산구 보광동 112-1번지
11170,13600,0,0112,0002,,,일반건축물,단독주택,주택,0,58.75,200.13,19880604,2,1,서울특별시 용산구 보광동 112-2번지
11170,13600,0,0113,0000,,,일반건축물,단독주택,주택,0,56.19,56.19,19830215,1,0,서울특별시 용산구 보광동 113번지
11170,13600,0,0114,0001,,,일반건축물,단독주택,주택,0,53.44,96.28,19670723,2,0,서울특별시 용산구 보광동 114-1번지
11170,13600,0,0114,0002,,,일반건축물,단독주택,주택,116.82,56.31,176.03,19890707,2,1,서울특별시 용산구 보광동 114-2번지
11170,13600,0,0114,0004,,,일반건축물,단독주택,주택,0,23.87,23.87,19670831,1,0,서울특별시 용산구 보광동 114-4번지
11170,13600,0,0115,0000,,,일반건축물,단독주택,주택,0,46.28,46.28,,1,0,서울특별시 용산구 보광동 115번지
11170,13600,0,0115,0001,,,일반건축물,단독주택,"다가구용단독주택(2가구), 근린생활시설",125,66.41,201.76,19950422,2,1,서울특별시 용산구 보광동 115-1번지
11170,13600,0,0116,0001,,,일반건축물,제2종근린생활시설,"근린생활시설, 단독주택",191,105.17,495.63,19950127,4,1,서울특별시 용산구 보광동 116-1번지
11170,13600,0,0117,0000,,,일반건축물,단독주택,주택,0,51.24,51.24,19601005,1,0,서울특별시 용산구 보광동 117번지
11170,13600,0,0117,0000,,,일반건축물,단독주택,주택,0,33.75,33.75,19560630,1,0,서울특별시 용산구 보광동 117번지
11170,13600,0,0118,0000,,,일반건축물,근린생활시설,"근린생활시설, 주택(주1)",0,0,59.07,19610622,1,0,서울특별시 용산구 보광동 118번지
11170,13600,0,0119,0001,,,일반건축물,제2종근린생활시설,"근린생활시설, 주택",257.86,128.1,613.83,19920511,5,1,서울특별시 용산구 보광동 119-1번지
11170,13600,0,0120,0000,,,일반건축물,단독주택,주택,190,89.5,248.23,19880613,2,1,서울특별시 용산구 보광동 120번지
11170,13600,0,0120,0001,,,일반건축물,단독주택,주택,174,86.63,236.85,19880609,2,1,서울특별시 용산구 보광동 120-1번지
11170,13600,0,0121,0000,,,일반건축물,단독주택,주택,0,58.88,176.64,19891101,2,1,서울특별시 용산구 보광동 121번지
11170,13600,0,0121,0001,,,일반건축물,단독주택,주택,0,71.42,214.26,19891101,2,1,서울특별시 용산구 보광동 121-1번지
11170,13600,0,0122,0000,,,일반건축물,단독주택,주택,0,42.98,42.98,,1,0,서울특별시 용산구 보광동 122번지
11170,13600,0,0122,0001,,,일반건축물,단독주택,"다가구용단독주택(2가구), 근린생활시설",142.9,85.49,239.22,19940527,2,1,서울특별시 용산구 보광동 122-1번지
11170,13600,0,0123,0001,,,일반건축물,제2종근린생활시설,근린생활시설,0,48.07,83.84,19701110,2,0,서울특별시 용산구 보광동 123-1번지
11170,13600,0,0123,0001,,,일반건축물,제1종근린생활시설,근린생활시설,0,79.2,79.2,19991117,1,0,서울특별시 용산구 보광동 123-1번지
11170,13600,0,0123,0001,,,일반건축물,제1종근린생활시설,근린생활시설,0,161.32,372.2,19701110,2,1,서울특별시 용산구 보광동 123-1번지
11170,13600,0,0125,0000,,,일반건축물,제2종근린생활시설,제2종근린생활시설,0,72.92,72.92,19770531,1,0,서울특별시 용산구 보광동 125번지
11170,13600,0,0126,0000,,,일반건축물,단독주택,주택,0,72.89,72.89,19670630,1,0,서울특별시 용산구 보광동 126번지
11170,13600,0,0127,0000,,,일반건축물,제2종근린생활시설,근린생활시설,387,121.84,215.33,19671110,2,1,서울특별시 용산구 보광동 127번지
11170,13600,0,0128,0000,,,일반건축물,단독주택,"주택,영업(주2)",0,49.59,49.59,,1,0,서울특별시 용산구 보광동 128번지
11170,13600,0,0131,0000,,,일반건축물,단독주택,주택,0,19.83,19.83,,1,0,서울특별시 용산구 보광동 131번지
11170,13600,0,0132,0005,,,일반건축물,단독주택,주택,0,89.22,158.24,19671110,2,1,서울특별시 용산구 보광동 132-5번지
11170,13600,0,0132,0006,,,일반건축물,단독주택,주택,0,83.96,138.31,19661110,2,0,서울특별시 용산구 보광동 132-6번지
11170,13600,0,0133,0000,,,일반건축물,단독주택,주택,0,16.53,16.53,,1,0,서울특별시 용산구 보광동 133번지
11170,13600,0,0133,0001,,,일반건축물,제2종근린생활시설,근린생활시설,165.29,44.79,44.79,19591120,1,0,서울특별시 용산구 보광동 133-1번지
11170,13600,0,0134,0001,,,일반건축물,단독주택,주택,128.47,45.6,99.36,19871130,2,1,서울특별시 용산구 보광동 134-1번지
11170,13600,0,0134,0001,,,일반건축물,단독주택,주택,0,24.99,24.99,19330207,1,0,서울특별시 용산구 보광동 134-1번지
11170,13600,0,0135,0000,,,일반건축물,단독주택,다가구용단독주택(3가구),213.74,103.31,249.66,19920111,2,1,서울특별시 용산구 보광동 135번지
11170,13600,0,0136,0000,,,일반건축물,단독주택,다가구용단독주택(5가구),193.53,96.66,249.78,19910204,2,1,서울특별시 용산구 보광동 136번지
11170,13600,0,0137,0002,,,일반건축물,제2종근린생활시설,제2종근린생활시설,140,65.28,202.66,19831026,2,1,서울특별시 용산구 보광동 137-2번지
11170,13600,0,0142,0000,,,일반건축물,단독주택,주택,0,23.14,23.14,,1,0,서울특별시 용산구 보광동 142번지
11170,13600,0,0146,0001,,,일반건축물,단독주택,주택,0,47.11,47.11,,1,0,서울특별시 용산구 보광동 146-1번지
11170,13600,0,0151,0000,리버빌아파트,,표제부,공동주택,공동주택(아파트),0,737.81,10306.11,20001031,15,2,서울특별시 용산구 보광동 151번지
11170,13600,0,0151,0000,리버빌아파트,,표제부,공동주택,공동주택(아파트),0,1324.18,21427.32,20001031,15,2,서울특별시 용산구 보광동 151번지
11170,13600,0,0160,0001,,,일반건축물,단독주택,주택,99,48.48,150.19,19871005,2,1,서울특별시 용산구 보광동 160-1번지
11170,13600,0,0160,0002,,,일반건축물,단독주택,다가구주택(3가구),143.89,77.14,247.68,20070206,3,1,서울특별시 용산구 보광동 160-2번지
11170,13600,0,0160,0004,,,일반건축물,단독주택,주택,0,24.3,24.3,19680105,1,0,서울특별시 용산구 보광동 160-4번지
11170,13600,0,0160,0005,,,일반건축물,단독주택,주택,0,57.45,57.45,19671205,1,0,서울특별시 용산구 보광동 160-5번지
11170,13600,0,0160,0007,,,일반건축물,단독주택,주택,0,48.75,48.75,19591005,1,0,서울특별시 용산구 보광동 160-7번지
11170,13600,0,0160,0008,,,일반건축물,단독주택,주택,0,37.79,37.79,19681030,1,0,서울특별시 용산구 보광동 160-8번지
11170,13600,0,0160,0009,,,일반건축물,단독주택,단독주택,92.62,55.54,148.5,19920722,2,1,서울특별시 용산구 보광동 160-9번지
11170,13600,0,0160,0011,,,일반건축물,단독주택,주택,0,19.9,33.49,19671007,2,0,서울특별시 용산구 보광동 160-11번지
11170,13600,0,0160,0013,,,일반건축물,단독주택,주택,91.91,45.27,132.84,19871010,2,1,서울특별시 용산구 보광동 160-13번지
11170,13600,0,0161,0000,,,일반건축물,단독주택,주택,0,52.9,52.9,19590315,1,0,서울특별시 용산구 보광동 161번지
11170,13600,0,0162,0000,,,일반건축물,단독주택,주택,0,31.01,31.01,19621210,1,0,서울특별시 용산구 보광동 162번지
11170,13600,0,0162,0003,,,일반건축물,단독주택,주택,0,42.55,81.23,19751023,2,0,서울특별시 용산구 보광동 162-3번지
11170,13600,0,0162,0004,,,일반건축물,단독주택,주택,0,44.33,44.33,19500412,1,0,서울특별시 용산구 보광동 162-4번지
11170,13600,0,0162,0006,,,일반건축물,단독주택,주택,0,56.86,88.6,19740613,2,0,서울특별시 용산구 보광동 162-6번지
11170,13600,0,0163,0001,,,일반건축물,단독주택,주택,142,64.93,192.57,19900117,2,1,서울특별시 용산구 보광동 163-1번지
11170,13600,0,0163,0003,,,일반건축물,단독주택,주택,0,62.81,148.63,19680830,2,1,서울특별시 용산구 보광동 163-3번지
11170,13600,0,0165,0000,,,일반건축물,단독주택,주택,0,91.39,157.54,19680810,2,0,서울특별시 용산구 보광동 165번지
11170,13600,0,0168,0004,,,일반건축물,교육연구시설,교육연구시설,0,422.44,1264.06,20020708,3,0,서울특별시 용산구 보광동 168-4번지
11170,13600,0,0168,0004,,,일반건축물,교육연구시설,교육연구시설,0,1623.25,5806.19,19980107,4,1,서울특별시 용산구 보광동 168-4번지
11170,13600,0,0168,0004,,,일반건축물,교육연구시설,교육연구시설,0,1520.57,3121.37,19980107,3,0,서울특별시 용산구 보광동 168-4번지
11170,13600,0,0168,0004,,,일반건축물,교육연구시설,교육연구시설,0,386,2604,19980107,4,2,서울특별시 용산구 보광동 168-4번지
11170,13600,0,0168,0004,,,일반건축물,창고시설,"창고,교육연구시설",0,72,72,19991108,1,0,서울특별시 용산구 보광동 168-4번지
11170,13600,0,0168,0004,,,일반건축물,단독주택,교육연구시설(주택),0,74.51,74.51,19980107,1,0,서울특별시 용산구 보광동 168-4번지
11170,13600,0,0168,0004,,,일반건축물,교육연구시설,교육연구시설(기숙사),0,518.22,1276.39,20130603,3,0,서울특별시 용산구 보광동 168-4번지
11170,13600,0,0168,0004,,,일반건축물,교육연구시설,교육연구시설,0,780.2,1430.38,19981108,2,0,서울특별시 용산구 보광동 168-4번지
11170,13600,0,0168,0004,,,일반건축물,교육연구시설,교육연구시설,0,1317.94,4268.58,19991108,5,1,서울특별시 용산구 보광동 168-4번지
11170,13600,0,0168,0004,,,일반건축물,교육연구시설,교육연구시설,0,26.25,26.25,19980107,1,0,서울특별시 용산구 보광동 168-4번지
11170,13600,0,0168,0005,,,일반건축물,단독주택,주택,158,78.76,241.08,19880203,2,1,서울특별시 용산구 보광동 168-5번지
11170,13600,0,0168,0006,,,표제부,공동주택,주택,0,115.5,346.5,19821227,2,1,서울특별시 용산구 보광동 168-6번지
11170,13600,0,0168,0006,,,일반건축물,단독주택,주택,0,54.28,54.28,19590414,1,0,서울특별시 용산구 보광동 168-6번지
11170,13600,0,0168,0007,,,일반건축물,단독주택,주택,0,0,54.28,,1,0,서울특별시 용산구 보광동 168-7번지
11170,13600,0,0168,0007,,,표제부,공동주택,주택,215,105.12,315.36,19820902,2,1,서울특별시 용산구 보광동 168-7번지
11170,13600,0,0168,0008,,,일반건축물,단독주택,주택,118.75,56.94,185.42,19900208,2,1,서울특별시 용산구 보광동 168-8번지
11170,13600,0,0168,0011,,,일반건축물,단독주택,다가구용단독주택(4가구),151.81,90.35,368.65,19970627,3,1,서울특별시 용산구 보광동 168-11번지
11170,13600,0,0168,0012,,,표제부,공동주택,다세대주택,196.94,98.46,249.75,19861224,2,1,서울특별시 용산구 보광동 168-12번지
11170,13600,0,0168,0013,,,일반건축물,단독주택,주택,188.5,93.48,247.8,19870731,2,1,서울특별시 용산구 보광동 168-13번지
11170,13600,0,0168,0014,,,일반건축물,단독주택,주택,98.67,46.74,140.22,19881205,2,1,서울특별시 용산구 보광동 168-14번지
11170,13600,0,0168,0015,,,일반건축물,단독주택,주택,114.48,57.13,169.23,19881012,2,1,서울특별시 용산구 보광동 168-15번지
11170,13600,0,0168,0018,,,일반건축물,단독주택,주택,149,72.5,156.36,19740727,2,1,서울특별시 용산구 보광동 168-18번지
11170,13600,0,0168,0019,,,일반건축물,제1종근린생활시설,"근린생활시설, 주택",153,91.53,392.2,19920904,4,1,서울특별시 용산구 보광동 168-19번지
11170,13600,0,0168,0032,,,일반건축물,단독주택,다가구주택(5가구),109.22,61.62,207.84,20061222,4,0,서울특별시 용산구 보광동 168-32번지
11170,13600,0,0168,0034,,,일반건축물,제2종근린생활시설,"근린생활시설, 주택",334,194.21,1177.7,19960830,5,1,서울특별시 용산구 보광동 168-34번지
11170,13600,0,0168,0035,,,표제부,공동주택,다세대주택,151.87,75.6,226.8,19860930,2,1,서울특별시 용산구 보광동 168-35번지
11170,13600,0,0168,0043,,,일반건축물,단독주택,다가구용단독주택(6가구),157,93.67,374.68,19960328,3,1,서울특별시 용산구 보광동 168-43번지
11170,13600,0,0168,0045,,,일반건축물,단독주택,주택,0,62.35,72.07,19710225,1,1,서울특별시 용산구 보광동 168-45번지
11170,13600,0,0168,0046,,,일반건축물,단독주택,주택,0,59.67,100.34,19710225,2,1,서울특별시 용산구 보광동 168-46번지
11170,13600,0,0168,0047,,,일반건축물,단독주택,주택,78,57.95,97.93,19710227,2,1,서울특별시 용산구 보광동 168-47번지
11170,13600,0,0168,0048,,,일반건축물,단독주택,주택,0,49.55,91.51,19710227,2,1,서울특별시 용산구 보광동 168-48번지
11170,13600,0,0168,0049,,,일반건축물,단독주택,주택,0,50.25,101.48,19710225,2,1,서울특별시 용산구 보광동 168-49번지
11170,13600,0,0168,0054,,,일반건축물,단독주택,"주택, 근린생활시설",145,70.2,210.6,19830502,3,1,서울특별시 용산구 보광동 168-54번지
11170,13600,0,0168,0059,,,일반건축물,단독주택,주택,114.5,56.88,170.64,19881005,2,1,서울특별시 용산구 보광동 168-59번지
11170,13600,0,0168,0061,,,일반건축물,단독주택,주택,110.3,53.06,159.18,19881208,2,1,서울특별시 용산구 보광동 168-61번지
11170,13600,0,0168,0063,,,일반건축물,단독주택,주택,0,45,135,19880203,2,1,서울특별시 용산구 보광동 168-63번지
11170,13600,0,0168,0065,,,일반건축물,단독주택,단독주택,103.29,50.78,178.46,19920511,2,1,서울특별시 용산구 보광동 168-65번지
11170,13600,0,0175,0000,,,일반건축물,단독주택,주택,0,26.45,26.45,,1,0,서울특별시 용산구 보광동 175번지
11170,13600,0,0175,0000,,,일반건축물,단독주택,주택,0,23.14,23.14,,1,0,서울특별시 용산구 보광동 175번지
11170,13600,0,0175,0000,,,일반건축물,단독주택,주택,0,26.45,26.45,,1,0,서울특별시 용산구 보광동 175번지
11170,13600,0,0184,0003,,,일반건축물,단독주택,주택,0,36.48,36.48,19740409,1,0,서울특별시 용산구 보광동 184-3번지
11170,13600,0,0184,0005,,,일반건축물,단독주택,주택,87,50.58,88.81,19710227,2,1,서울특별시 용산구 보광동 184-5번지
11170,13600,0,0189,0001,,,일반건축물,단독주택,주택,220.85,85.52,248.57,19870818,2,1,서울특별시 용산구 보광동 189-1번지
11170,13600,0,0189,0002,,,일반건축물,단독주택,다가구주택,119.76,71.78,219.02,19950705,3,1,서울특별시 용산구 보광동 189-2번지
11170,13600,0,0190,0000,,,일반건축물,단독주택,주택,0,29.75,29.75,19601203,1,0,서울특별시 용산구 보광동 190번지
11170,13600,0,0190,0001,,,일반건축물,근린생활시설,"근린생활시설,다가구용단독주택(2가구)",143.44,79.81,215.72,19950829,2,1,서울특별시 용산구 보광동 190-1번지
11170,13600,0,0190,0002,,,일반건축물,단독주택,주택,0,37.98,37.98,19600730,1,0,서울특별시 용산구 보광동 190-2번지
11170,13600,0,0191,0003,,,일반건축물,단독주택,다가구용단독주택(3가구),95.92,53.26,145.88,19920803,2,1,서울특별시 용산구 보광동 191-3번지
11170,13600,0,0191,0004,,,일반건축물,단독주택,주택,135.2,66.15,206.78,19881201,2,1,서울특별시 용산구 보광동 191-4번지
11170,13600,0,0191,0005,,,일반건축물,단독주택,주택,115,56.97,172.08,19881230,2,1,서울특별시 용산구 보광동 191-5번지
11170,13600,0,0191,0006,,,일반건축물,단독주택,주택,0,66.41,75.9,19740901,1,1,서울특별시 용산구 보광동 191-6번지
11170,13600,0,0191,0011,,,일반건축물,단독주택,주택,0,43.31,43.31,19660605,1,0,서울특별시 용산구 보광동 191-11번지
11170,13600,0,0191,0012,,,일반건축물,단독주택,주택,0,0,41.32,19660530,1,0,서울특별시 용산구 보광동 191-12번지
11170,13600,0,0191,0012,,,일반건축물,단독주택,다가구용단독주택(3가구),103.36,51.12,149.13,19911112,2,1,서울특별시 용산구 보광동 191-12번지
11170,13600,0,0191,0013,,,일반건축물,단독주택,주택,97.5,48.24,154.86,19891031,2,1,서울특별시 용산구 보광동 191-13번지
11170,13600,0,0191,0014,,,일반건축물,단독주택,주택,0,41.65,41.65,19660605,1,0,서울특별시 용산구 보광동 191-14번지
11170,13600,0,0191,0017,은혜빌라,,표제부,공동주택,다세대주택,431.97,211.92,234.6,19670630,1,1,서울특별시 용산구 보광동 191-17번지
11170,13600,0,0191,0018,,,일반건축물,단독주택,주택,0,67.5,80.69,19750619,1,1,서울특별시 용산구 보광동 191-18번지
11170,13600,0,0191,0019,,,표제부,공동주택,다세대주택,425.41,169.44,739.06,19931228,3,1,서울특별시 용산구 보광동 191-19번지
11170,13600,0,0191,0021,,,표제부,공동주택,다세대주택,258,89.62,150.58,19680624,2,0,서울특별시 용산구 보광동 191-21번지
11170,13600,0,0191,0023,,,일반건축물,단독주택,주택,0,60.99,60.99,19740628,1,0,서울특별시 용산구 보광동 191-23번지
11170,13600,0,0191,0024,,,일반건축물,단독주택,주택,0,60.99,60.99,19740628,1,0,서울특별시 용산구 보광동 191-24번지
11170,13600,0,0191,0025,,,일반건축물,단독주택,주택,119,66.81,132.85,19741228,2,1,서울특별시 용산구 보광동 191-25번지
11170,13600,0,0191,0026,,,일반건축물,단독주택,주택,0,63.77,80.46,19760211,1,1,서울특별시 용산구 보광동 191-26번지
11170,13600,0,0191,0028,,,일반건축물,단독주택,주택,143.52,71.73,235.83,19890906,2,1,서울특별시 용산구 보광동 191-28번지
11170,13600,0,0191,0030,,,일반건축물,단독주택,주택,164.95,79.83,247.8,19890509,2,1,서울특별시 용산구 보광동 191-30번지
11170,13600,0,0199,0001,,,표제부,공동주택,연립주택,0,134.98,269.96,19770319,2,0,서울특별시 용산구 보광동 199-1번지
11170,13600,0,0199,0001,,,표제부,공동주택,연립주택,0,107.97,215.94,19770319,2,0,서울특별시 용산구 보광동 199-1번지
11170,13600,0,0199,0001,,,표제부,공동주택,연립주택,0,80.99,161.98,19770319,2,0,서울특별시 용산구 보광동 199-1번지
11170,13600,0,0199,0001,,,표제부,공동주택,연립주택,0,53.98,107.96,19770319,2,0,서울특별시 용산구 보광동 199-1번지
11170,13600,0,0199,0001,,,일반건축물,공동주택,"연립주택, 점포",0,0,65.62,19770319,0,1,서울특별시 용산구 보광동 199-1번지
11170,13600,0,0201,0001,,,일반건축물,단독주택,주택,284,109.3,196.34,19740628,2,1,서울특별시 용산구 보광동 201-1번지
11170,13600,0,0201,0003,,,일반건축물,단독주택,주택,0,76.6,151.45,19661130,2,1,서울특별시 용산구 보광동 201-3번지
11170,13600,0,0201,0004,,,일반건축물,단독주택,주택,0,60.76,60.76,19730728,1,0,서울특별시 용산구 보광동 201-4번지
11170,13600,0,0201,0008,,,일반건축물,단독주택,주택,194.17,85.66,164.73,19690620,2,1,서울특별시 용산구 보광동 201-8번지
11170,13600,0,0201,0009,,,표제부,공동주택,다세대주택,249.4,146.75,427.25,19930218,2,1,서울특별시 용산구 보광동 201-9번지
11170,13600,0,0201,0012,,,일반건축물,단독주택,주택,0,0,58.84,19671230,1,0,서울특별시 용산구 보광동 201-12번지
11170,13600,0,0201,0016,,,일반건축물,단독주택,"주택, 근린생활시설",172,70.92,239.36,19850208,3,1,서울특별시 용산구 보광동 201-16번지
11170,13600,0,0201,0017,,,일반건축물,단독주택,주택,109,56.93,106.65,19730721,2,0,서울특별시 용산구 보광동 201-17번지
11170,13600,0,0201,0018,,,표제부,제1종근린생활시설,"근린생활시설, 주택",96,29.53,48.91,20030822,2,0,서울특별시 용산구 보광동 201-18번지
11170,13600,0,0201,0019,,,일반건축물,단독주택,주택,0,55.11,55.11,19730917,1,0,서울특별시 용산구 보광동 201-19번지
11170,13600,0,0205,0000,,,일반건축물,단독주택,주택,0,98.71,148.39,19720612,2,0,서울특별시 용산구 보광동 205번지
11170,13600,0,0205,0001,,,일반건축물,단독주택,주택,0,80,174.88,19821224,2,1,서울특별시 용산구 보광동 205-1번지
11170,13600,0,0207,0001,,,일반건축물,단독주택,주택,166,81.8,249.86,19890912,2,1,서울특별시 용산구 보광동 207-1번지
11170,13600,0,0207,0002,,,일반건축물,단독주택,주택,112,56.03,140.79,19790813,2,1,서울특별시 용산구 보광동 207-2번지
11170,13600,0,0207,0003,,,일반건축물,단독주택,주택,95,47.5,130.97,19800909,2,1,서울특별시 용산구 보광동 207-3번지
11170,13600,0,0207,0004,,,일반건축물,단독주택,다가구용단독주택(9가구),167,99.54,410.17,20020129,3,1,서울특별시 용산구 보광동 207-4번지
11170,13600,0,0207,0006,,,일반건축물,단독주택,주택,108.95,53.64,165.87,19871110,2,1,서울특별시 용산구 보광동 207-6번지
11170,13600,0,0207,0008,,,일반건축물,단독주택,주택,0,118.12,227.57,19670714,2,1,서울특별시 용산구 보광동 207-8번지
11170,13600,0,0207,0010,,,표제부,공동주택,다세대주택,143,76.58,198.95,19911126,2,1,서울특별시 용산구 보광동 207-10번지
11170,13600,0,0207,0012,,,일반건축물,단독주택,주택,0,41.95,41.95,19671130,1,0,서울특별시 용산구 보광동 207-12번지
11170,13600,0,0207,0013,,,일반건축물,단독주택,주택,158.85,77.32,229.86,19900523,2,1,서울특별시 용산구 보광동 207-13번지
11170,13600,0,0207,0014,,,일반건축물,단독주택,주택,117.45,58.01,182.71,19891230,2,1,서울특별시 용산구 보광동 207-14번지
11170,13600,0,0207,0015,,,일반건축물,단독주택,주택,0,61.98,106.38,19700115,2,0,서울특별시 용산구 보광동 207-15번지
11170,13600,0,0207,0018,,,일반건축물,단독주택,주택,0,66.55,119.06,19671205,2,0,서울특별시 용산구 보광동 207-18번지
11170,13600,0,0207,0020,,,일반건축물,단독주택,주택,72.73,41.39,65.69,19670605,2,0,서울특별시 용산구 보광동 207-20번지
11170,13600,0,0207,0021,,,일반건축물,단독주택,주택,0,43.64,43.64,19670505,1,0,서울특별시 용산구 보광동 207-21번지
11170,13600,0,0207,0024,,,일반건축물,단독주택,주택,0,65.75,122.69,19751021,2,1,서울특별시 용산구 보광동 207-24번지
11170,13600,0,0208,0001,한강빌라,,표제부,공동주택,공동주택(아파트),396.33,236.55,1659.32,20010625,6,2,서울특별시 용산구 보광동 208-1번지
11170,13600,0,0209,0002,,,일반건축물,단독주택,주택,0,62.35,115.64,19680530,2,1,서울특별시 용산구 보광동 209-2번지
11170,13600,0,0209,0002,,,일반건축물,단독주택,주택,0,66.12,66.12,19690130,1,0,서울특별시 용산구 보광동 209-2번지
11170,13600,0,0209,0005,그린 힐,,표제부,공동주택,공동주택(다세대주택),284.1,170.17,741.95,20030423,4,1,서울특별시 용산구 보광동 209-5번지
11170,13600,0,0209,0011,,,일반건축물,종교시설,교회,0,198.02,480.09,19830826,2,1,서울특별시 용산구 보광동 209-11번지
11170,13600,0,0209,0014,,,일반건축물,단독주택,다가구용단독주택(18가구),256.25,150.75,532.41,19970227,3,1,서울특별시 용산구 보광동 209-14번지
11170,13600,0,0209,0015,,,일반건축물,단독주택,단독주택,76,33.36,86.31,19670920,2,1,서울특별시 용산구 보광동 209-15번지
11170,13600,0,0209,0020,,,일반건축물,단독주택,주택,0,44.07,44.07,19670517,1,0,서울특별시 용산구 보광동 209-20번지
11170,13600,0,0209,0021,,,일반건축물,단독주택,주택,0,41.36,41.36,19661121,1,0,서울특별시 용산구 보광동 209-21번지
11170,13600,0,0209,0025,,,일반건축물,단독주택,주택,0,50.78,64,19671211,1,1,서울특별시 용산구 보광동 209-25번지
11170,13600,0,0209,0026,,,일반건축물,제2종근린생활시설,근린생활시설,97,48.36,64.89,19671211,1,1,서울특별시 용산구 보광동 209-26번지
11170,13600,0,0209,0027,,,일반건축물,단독주택,주택,0,43.17,56.39,19671205,1,1,서울특별시 용산구 보광동 209-27번지
11170,13600,0,0209,0030,,,일반건축물,단독주택,주택,0,69.36,133.72,19680915,2,1,서울특별시 용산구 보광동 209-30번지
11170,13600,0,0209,0032,,,일반건축물,단독주택,주택,128,61.45,184.35,19830617,2,1,서울특별시 용산구 보광동 209-32번지
11170,13600,0,0209,0034,,,일반건축물,단독주택,주택,0,72.43,146.33,19850629,2,1,서울특별시 용산구 보광동 209-34번지
11170,13600,0,0210,0000,,,일반건축물,단독주택,주택,0,41.09,41.09,19600910,1,0,서울특별시 용산구 보광동 210번지
11170,13600,0,0210,0002,,,일반건축물,단독주택,단독주택,255.38,79.86,156.82,19601007,2,0,서울특별시 용산구 보광동 210-2번지
11170,13600,0,0210,0003,,,일반건축물,제2종근린생활시설,"근린생활시설,다가구용단독주택(2가구)",155,92.79,278.37,19970204,2,1,서울특별시 용산구 보광동 210-3번지
11170,13600,0,0210,0003,,,일반건축물,단독주택,주택,0,46.28,46.28,19600401,1,0,서울특별시 용산구 보광동 210-3번지
11170,13600,0,0210,0005,,,일반건축물,단독주택,주택,0,79.01,152.07,19710210,2,1,서울특별시 용산구 보광동 210-5번지
11170,13600,0,0210,0007,,,표제부,공동주택,"다세대주택, 근린생활시설",240,143.45,807.88,20011023,5,1,서울특별시 용산구 보광동 210-7번지
11170,13600,0,0210,0008,,,일반건축물,제2종근린생활시설,근린생활시설,129,121.72,214.52,19670920,3,0,서울특별시 용산구 보광동 210-8번지
11170,13600,0,0210,0012,,,일반건축물,단독주택,주택,0,45.46,45.46,19630813,1,0,서울특별시 용산구 보광동 210-12번지
11170,13600,0,0210,0014,,,일반건축물,단독주택,주택,0,107.11,142.81,19650601,1,1,서울특별시 용산구 보광동 210-14번지
11170,13600,0,0210,0018,,,일반건축물,제2종근린생활시설,"근린생활시설, 주택",112,66.79,267.16,19960718,3,1,서울특별시 용산구 보광동 210-18번지
11170,13600,0,0210,0019,,,표제부,공동주택,"공동주택(다세대주택5세대),근린생활시설",134.02,79.99,310.63,19931227,3,1,서울특별시 용산구 보광동 210-19번지
11170,13600,0,0211,0004,,,일반건축물,단독주택,주택,0,79.01,79.01,19671220,1,0,서울특별시 용산구 보광동 211-4번지
11170,13600,0,0212,0003,,,일반건축물,단독주택,주택,145,64.6,128.6,19660905,2,0,서울특별시 용산구 보광동 212-3번지
11170,13600,0,0212,0004,,,일반건축물,단독주택,주택,0,24.6,24.6,19661210,1,0,서울특별시 용산구 보광동 212-4번지
11170,13600,0,0212,0004,,,일반건축물,단독주택,주택,185,84.13,179.39,19680630,2,1,서울특별시 용산구 보광동 212-4번지
11170,13600,0,0212,0005,,,일반건축물,단독주택,주택,0,120.13,266.41,19731226,2,1,서울특별시 용산구 보광동 212-5번지
11170,13600,0,0212,0006,,,표제부,공동주택,다세대주택(3세대),148,69.12,182.64,19830709,2,1,서울특별시 용산구 보광동 212-6번지
11170,13600,0,0212,0007,,,표제부,공동주택,연립주택,0,183.5,450.93,19790821,2,1,서울특별시 용산구 보광동 212-7번지
11170,13600,0,0212,0009,,,일반건축물,근린생활시설,근린생활시설(종교집회장),152,70.91,85.22,19701023,1,1,서울특별시 용산구 보광동 212-9번지
11170,13600,0,0212,0010,,,일반건축물,제2종근린생활시설,제2종근린생활시설,0,153.88,165.85,19661015,1,1,서울특별시 용산구 보광동 212-10번지
11170,13600,0,0212,0013,,,일반건축물,단독주택,주택,0,76.03,90.34,19701106,1,1,서울특별시 용산구 보광동 212-13번지
11170,13600,0,0212,0016,,,일반건축물,단독주택,주택,0,80.69,139.17,19771112,2,1,서울특별시 용산구 보광동 212-16번지
11170,13600,0,0213,0001,,,일반건축물,단독주택,주택,0,124.15,175.56,19670706,2,1,서울특별시 용산구 보광동 213-1번지
11170,13600,0,0214,0003,,,일반건축물,단독주택,주택,169,80.99,163.63,19820915,2,1,서울특별시 용산구 보광동 214-3번지
11170,13600,0,0214,0004,,,일반건축물,제2종근린생활시설,"근린생활시설, 주택, 점포",89,87.21,350.66,19680915,4,1,서울특별시 용산구 보광동 214-4번지
11170,13600,0,0214,0006,,,표제부,공동주택,연립주택,0,135.1,274.33,19821019,2,1,서울특별시 용산구 보광동 214-6번지
11170,13600,0,0214,0007,,,일반건축물,근린생활시설,점포,0,0,226.78,19680915,3,0,서울특별시 용산구 보광동 214-7번지
11170,13600,0,0214,0009,,,일반건축물,제1종근린생활시설,"점포,사무실,창고",0,177.16,516.84,19741231,2,1,서울특별시 용산구 보광동 214-9번지
11170,13600,0,0214,0012,,,일반건축물,제2종근린생활시설,"근린생활시설, 주택",140,57.32,277.58,19841108,4,1,서울특별시 용산구 보광동 214-12번지
11170,13600,0,0215,0001,,,일반건축물,단독주택,주택,117.44,56.77,174.56,19890201,2,1,서울특별시 용산구 보광동 215-1번지
11170,13600,0,0216,0000,,,일반건축물,제2종근린생활시설,"사무실, 창고",0,117.75,117.75,19590305,1,0,서울특별시 용산구 보광동 216번지
11170,13600,0,0216,0005,,,일반건축물,단독주택,"주택, 근린생활시설",0,81.98,158.74,19741228,2,1,서울특별시 용산구 보광동 216-5번지
11170,13600,0,0216,0007,,,일반건축물,단독주택,단독주택,228,113.1,329.46,19890830,2,1,서울특별시 용산구 보광동 216-7번지
11170,13600,0,0216,0008,,,일반건축물,단독주택,주택,158,78.14,247.95,19890822,2,1,서울특별시 용산구 보광동 216-8번지
11170,13600,0,0216,0012,,,일반건축물,제1종근린생활시설,"제1종근린생활시설, 주택",324,162,804.2,19840907,4,1,서울특별시 용산구 보광동 216-12번지
11170,13600,0,0216,0017,,,표제부,공동주택,다세대주택,285.84,117.47,318.64,19861027,2,1,서울특별시 용산구 보광동 216-17번지
11170,13600,0,0216,0020,,,표제부,공동주택,다세대주택,317,150.98,647.98,19950615,4,1,서울특별시 용산구 보광동 216-20번지
11170,13600,0,0216,0021,,,일반건축물,단독주택,주택,0,58.78,58.78,19621228,1,0,서울특별시 용산구 보광동 216-21번지
11170,13600,0,0216,0022,,,일반건축물,단독주택,다가구용단독주택(9가구),182,101.52,374.02,19931220,3,1,서울특별시 용산구 보광동 216-22번지
11170,13600,0,0216,0025,,,일반건축물,단독주택,주택,208,94,172.36,19830721,2,1,서울특별시 용산구 보광동 216-25번지
11170,13600,0,0216,0026,,,일반건축물,단독주택,주택,221,107.43,312.27,19900108,2,1,서울특별시 용산구 보광동 216-26번지
11170,13600,0,0216,0027,,,일반건축물,단독주택,다가구주택(3가구),206.87,107.49,306.09,19900615,2,1,서울특별시 용산구 보광동 216-27번지
11170,13600,0,0216,0028,,,일반건축물,단독주택,주택,196.2,95.9,279.04,19871028,2,1,서울특별시 용산구 보광동 216-28번지
11170,13600,0,0216,0029,,,일반건축물,단독주택,주택,0,0,58.78,19590414,1,0,서울특별시 용산구 보광동 216-29번지
11170,13600,0,0216,0032,,,일반건축물,단독주택,다가구용단독주택(5가구),154.45,66.45,199.35,19911212,2,1,서울특별시 용산구 보광동 216-32번지
11170,13600,0,0216,0033,,,일반건축물,단독주택,"다가구용단독주택(7가구),근린생활시설",271,156.56,656.85,19910919,4,1,서울특별시 용산구 보광동 216-33번지
11170,13600,0,0216,0036,,,일반건축물,단독주택,주택,188,81.72,192.54,19840223,2,1,서울특별시 용산구 보광동 216-36번지
11170,13600,0,0216,0040,,,일반건축물,단독주택,다가구용단독주택(9가구),254,118.82,486.76,19901020,3,1,서울특별시 용산구 보광동 216-40번지
11170,13600,0,0216,0050,,,일반건축물,단독주택,주택,0,53.22,53.22,19641204,1,0,서울특별시 용산구 보광동 216-50번지
11170,13600,0,0216,0051,,,일반건축물,단독주택,주택,159,75.7,208.26,19820818,2,1,서울특별시 용산구 보광동 216-51번지
11170,13600,0,0216,0052,,,일반건축물,단독주택,주택,0,32.63,32.63,19661210,1,0,서울특별시 용산구 보광동 216-52번지
11170,13600,0,0216,0056,,,일반건축물,제1종근린생활시설,"근린생활시설,사무실,점포,주택",0,157.19,473.25,19780207,2,1,서울특별시 용산구 보광동 216-56번지
11170,13600,0,0216,0060,,,일반건축물,제1종근린생활시설,"근린생활시설,주택",0,85.39,168.16,19760515,2,1,서울특별시 용산구 보광동 216-60번지
11170,13600,0,0216,0061,,,일반건축물,단독주택,주택,0,85.95,164.4,19750930,2,1,서울특별시 용산구 보광동 216-61번지
11170,13600,0,0216,0062,,,일반건축물,제1종근린생활시설,"근린생활시설, 주택",109,54.02,316.52,19900228,5,1,서울특별시 용산구 보광동 216-62번지
11170,13600,0,0216,0067,보광동노인정,,일반건축물,노유자시설,노유자시설,47.25,30.96,89.88,19920722,2,1,서울특별시 용산구 보광동 216-67번지
11170,13600,0,0216,0088,,,일반건축물,제1종근린생활시설,"근린생활시설, 주택",191,94.98,429.42,19811228,4,1,서울특별시 용산구 보광동 216-88번지
11170,13600,0,0216,0095,,,일반건축물,제2종근린생활시설,제2종근린생활시설,0,109.09,226.78,19670805,2,1,서울특별시 용산구 보광동 216-95번지
11170,13600,0,0216,0097,,,일반건축물,제1종근린생활시설,근린생활시설,0,28.03,28.03,19641221,1,0,서울특별시 용산구 보광동 216-97번지
11170,13600,0,0216,0100,,,일반건축물,제2종근린생활시설,제2종근린생활시설,174.98,85.515,449.634,19850909,4,1,서울특별시 용산구 보광동 216-100번지
11170,13600,0,0216,0101,,,일반건축물,제1종근린생활시설,"근린생활시설, 주택",0,94.25,306.26,19780812,2,1,서울특별시 용산구 보광동 216-101번지
11170,13600,0,0216,0103,,,일반건축물,제2종근린생활시설,"근린생활시설, 단독주택",109.36,61.2,269.64,19990630,5,0,서울특별시 용산구 보광동 216-103번지
11170,13600,0,0216,0104,,,일반건축물,제1종근린생활시설,"근린생활시설, 주택",215,107.16,530.54,19841006,4,1,서울특별시 용산구 보광동 216-104번지
11170,13600,0,0216,0106,,,일반건축물,제2종근린생활시설,근린생활시설,0,62.18,78.71,19760511,1,1,서울특별시 용산구 보광동 216-106번지
11170,13600,0,0216,0107,,,일반건축물,제1종근린생활시설,"근린생활시설, 주택",113,66.68,193.75,19761104,3,1,서울특별시 용산구 보광동 216-107번지
11170,13600,0,0216,0108,,,일반건축물,제1종근린생활시설,점포,0,102.58,348.57,19790315,3,1,서울특별시 용산구 보광동 216-108번지
11170,13600,0,0216,0110,,,표제부,공동주택,"다세대주택(6세대), 근린생활시설",184.23,109.2,554.46,19930326,4,1,서울특별시 용산구 보광동 216-110번지
11170,13600,0,0216,0111,,,일반건축물,단독주택,주택,0,31.01,31.01,19640928,1,0,서울특별시 용산구 보광동 216-111번지
11170,13600,0,0216,0112,,,일반건축물,제2종근린생활시설,근린생활시설,113,67.52,299.52,19950629,4,1,서울특별시 용산구 보광동 216-112번지
11170,13600,0,0217,0000,,,일반건축물,단독주택,주택,0,88.01,88.01,,1,0,서울특별시 용산구 보광동 217번지
11170,13600,0,0217,0007,,,일반건축물,단독주택,"근린생활시설, 단독주택",211.93,126.34,718.38,19960924,5,1,서울특별시 용산구 보광동 217-7번지
11170,13600,0,0217,0008,,,일반건축물,단독주택,주택,105,51.34,131.9,19790718,2,1,서울특별시 용산구 보광동 217-8번지
11170,13600,0,0217,0009,,,일반건축물,단독주택,주택,0,59.07,150.74,19810928,2,1,서울특별시 용산구 보광동 217-9번지
11170,13600,0,0217,0010,,,일반건축물,단독주택,"근린생활시설, 주택",238,117.8,722.22,19890912,5,1,서울특별시 용산구 보광동 217-10번지
11170,13600,0,0217,0011,준영빌딩,,표제부,제2종근린생활시설,"근린생활시설,다세대주택",210,125.81,657.51,20030709,6,0,서울특별시 용산구 보광동 217-11번지
11170,13600,0,0217,0013,,,일반건축물,제2종근린생활시설,"근린생활시설, 주택",413.63,204.12,734.72,19850916,3,1,서울특별시 용산구 보광동 217-13번지
11170,13600,0,0217,0015,,,일반건축물,단독주택,"다가구용단독주택(5가구),근린생활시설",208,124.41,704.58,19961226,5,1,서울특별시 용산구 보광동 217-15번지
11170,13600,0,0217,0016,,,일반건축물,단독주택,"제1,2종근린생활시설,다가구용단독주택(3가구)",265,132,923.6,19901102,5,2,서울특별시 용산구 보광동 217-16번지
11170,13600,0,0217,0018,,,일반건축물,제2종근린생활시설,"근린생활시설,다가구주택",151.78,87.26,491.73,20031105,6,0,서울특별시 용산구 보광동 217-18번지
11170,13600,0,0217,0020,,,일반건축물,제2종근린생활시설,"근린생활시설, 단독주택",99.72,59.64,347.44,19971120,5,1,서울특별시 용산구 보광동 217-20번지
11170,13600,0,0217,0021,,,일반건축물,제1종근린생활시설,"근린생활시설, 주택,제2종근린생활시설",184.9,91.98,487.86,19850904,4,1,서울특별시 용산구 보광동 217-21번지
11170,13600,0,0217,0022,,,일반건축물,단독주택,"주택, 점포",0,67.17,144.52,19800816,2,1,서울특별시 용산구 보광동 217-22번지
11170,13600,0,0217,0023,,,일반건축물,제1종근린생활시설,근린생활시설,0,89.26,189.76,19630412,3,0,서울특별시 용산구 보광동 217-23번지
11170,13600,0,0217,0024,,,일반건축물,제2종근린생활시설,근린생활시설,0,165.6,530.25,19681010,4,0,서울특별시 용산구 보광동 217-24번지
11170,13600,0,0217,0026,,,일반건축물,제1종근린생활시설,"근린생활시설, 제2종근린생활시설",266.5,133,724.39,19891031,5,1,서울특별시 용산구 보광동 217-26번지
11170,13600,0,0217,0028,,,일반건축물,제1종근린생활시설,제1종근린생활시설,207.5,116.88,286.1,20001228,2,1,서울특별시 용산구 보광동 217-28번지
11170,13600,0,0217,0031,,,일반건축물,제1종근린생활시설,근린생활시설,413,203.8,676.37,19760705,3,1,서울특별시 용산구 보광동 217-31번지
11170,13600,0,0217,0034,,,일반건축물,제2종근린생활시설,"근린생활시설, 주택",136,65.06,369.68,19901203,5,1,서울특별시 용산구 보광동 217-34번지
11170,13600,0,0217,0039,,,일반건축물,제1종근린생활시설,근린생활시설,0,50.25,100.5,19821125,2,0,서울특별시 용산구 보광동 217-39번지
11170,13600,0,0217,0047,,,일반건축물,제1종근린생활시설,제1종근린생활시설,0,37.5,37.5,20060707,1,0,서울특별시 용산구 보광동 217-47번지
11170,13600,0,0217,0047,,,일반건축물,단독주택,주택,0,67.84,78.19,19760414,1,1,서울특별시 용산구 보광동 217-47번지
11170,13600,0,0217,0052,,,일반건축물,제2종근린생활시설,근린생활시설,0,35.54,35.54,19671107,1,0,서울특별시 용산구 보광동 217-52번지
11170,13600,0,0217,0055,,,일반건축물,제1종근린생활시설,근린생활시설,0,90.18,290.51,19710803,3,1,서울특별시 용산구 보광동 217-55번지
11170,13600,0,0217,0059,,,일반건축물,제1종근린생활시설,"근린생활시설,주택,점포",165,82.15,182.65,19800626,2,1,서울특별시 용산구 보광동 217-59번지
11170,13600,0,0217,0063,,,일반건축물,제2종근린생활시설,업무시설(금융업소),228,135.44,555.88,19950905,3,1,서울특별시 용산구 보광동 217-63번지
11170,13600,0,0217,0065,,,일반건축물,단독주택,"주택, 제2종근린생활시설",0,75.7,154.24,19771231,2,1,서울특별시 용산구 보광동 217-65번지
11170,13600,0,0217,0066,,,일반건축물,제2종근린생활시설,제2종근린생활시설,131,64.4,190.55,19810928,3,0,서울특별시 용산구 보광동 217-66번지
11170,13600,0,0218,0000,,,일반건축물,제1종근린생활시설,근린생활시설,0,447.87,935.61,19710122,2,1,서울특별시 용산구 보광동 218번지
11170,13600,0,0220,0001,,,표제부,공동주택,연립주택,615,257.82,576.47,19761211,2,1,서울특별시 용산구 보광동 220-1번지
11170,13600,0,0220,0001,,,표제부,공동주택,연립주택,0,0,163.61,19761211,2,1,서울특별시 용산구 보광동 220-1번지
11170,13600,0,0221,0000,,,일반건축물,단독주택,주택,0,277.69,542.15,19550518,2,0,서울특별시 용산구 보광동 221번지
11170,13600,0,0221,0001,,,일반건축물,제1종근린생활시설,점포,0,0,192,19671230,2,0,서울특별시 용산구 보광동 221-1번지
11170,13600,0,0221,0001,,,일반건축물,제1종근린생활시설,점포,0,0,192,19671230,2,0,서울특별시 용산구 보광동 221-1번지
11170,13600,0,0221,0002,,,일반건축물,제2종근린생활시설,"제1,2종근린생활시설",253.44,115.47,185.88,19640624,2,0,서울특별시 용산구 보광동 221-2번지
11170,13600,0,0221,0003,,,표제부,공동주택,연립주택,0,229.22,498.94,19780202,2,1,서울특별시 용산구 보광동 221-3번지
11170,13600,0,0222,0000,,,일반건축물,단독주택,주택,0,42.98,42.98,19860731,1,0,서울특별시 용산구 보광동 222번지
11170,13600,0,0222,0000,,,일반건축물,단독주택,주택,0,42.98,42.98,,1,0,서울특별시 용산구 보광동 222번지
11170,13600,0,0222,0000,,,일반건축물,단독주택,주택,0,42.98,42.98,,1,0,서울특별시 용산구 보광동 222번지
11170,13600,0,0222,0002,,,일반건축물,제2종근린생활시설,제2종근린생활시설,0,81.59,163.18,19750625,2,0,서울특별시 용산구 보광동 222-2번지
11170,13600,0,0222,0004,,,일반건축물,단독주택,다가구주택(4가구),75,46.29,153.75,19910909,3,1,서울특별시 용산구 보광동 222-4번지
11170,13600,0,0222,0005,,,일반건축물,단독주택,주택,0,44.63,44.63,19650917,1,0,서울특별시 용산구 보광동 222-5번지
11170,13600,0,0222,0006,,,일반건축물,제2종근린생활시설,"근린생활시설,주택",83,45.06,112.6,19780905,2,1,서울특별시 용산구 보광동 222-6번지
11170,13600,0,0222,0008,,,일반건축물,제2종근린생활시설,"제2종근린생활시설,제1종근린생활시설",0,123.17,401.11,19711115,3,1,서울특별시 용산구 보광동 222-8번지
11170,13600,0,0223,0006,,,일반건축물,제1종근린생활시설,"제1,2종 근린생활시설",185,88.92,351.32,19850712,3,1,서울특별시 용산구 보광동 223-6번지
11170,13600,0,0224,0002,,,일반건축물,단독주택,"점포, 주택, 제1종및2종근린생활시설",0,151.44,314.45,19631010,3,0,서울특별시 용산구 보광동 224-2번지
11170,13600,0,0224,0006,,,일반건축물,단독주택,"근린생활시설,주택",126,62.94,258.19,19890407,3,1,서울특별시 용산구 보광동 224-6번지
11170,13600,0,0224,0013,,,일반건축물,제1종근린생활시설,근린생활시설,96,64.52,64.52,19640131,1,0,서울특별시 용산구 보광동 224-13번지
11170,13600,0,0225,0003,,,일반건축물,단독주택,"제1.2종근린생활시설,주택(주2)",0,167.31,340.51,19690209,2,1,서울특별시 용산구 보광동 225-3번지
11170,13600,0,0226,0003,,,일반건축물,단독주택,다가구용단독주택(4가구),125.05,74.83,228.58,19901031,2,1,서울특별시 용산구 보광동 226-3번지
11170,13600,0,0226,0004,,,일반건축물,단독주택,주택,119.74,56.7,169.92,19880609,2,1,서울특별시 용산구 보광동 226-4번지
11170,13600,0,0226,0005,,,일반건축물,단독주택,다가구용단독주택(7가구),142.2,84.7,337.37,19950629,3,1,서울특별시 용산구 보광동 226-5번지
11170,13600,0,0226,0006,,,일반건축물,단독주택,주택,145,68.33,167.11,19800416,2,1,서울특별시 용산구 보광동 226-6번지
11170,13600,0,0226,0007,,,일반건축물,단독주택,다가구용단독주택(5가구),128.23,66.58,198.66,19920118,2,1,서울특별시 용산구 보광동 226-7번지
11170,13600,0,0226,0008,,,일반건축물,단독주택,주택,0,50.76,83.16,19850124,2,0,서울특별시 용산구 보광동 226-8번지
11170,13600,0,0227,0001,,,일반건축물,제1종근린생활시설,"근린생활시설, 단독주택",174.2,100.07,262,19930615,2,1,서울특별시 용산구 보광동 227-1번지
11170,13600,0,0227,0008,,,일반건축물,단독주택,단독주택,222.39,123.81,351.02,20030110,2,1,서울특별시 용산구 보광동 227-8번지
11170,13600,0,0227,0009,,,일반건축물,단독주택,주택,140,60.48,181.44,19881124,2,1,서울특별시 용산구 보광동 227-9번지
11170,13600,0,0227,0010,,,표제부,공동주택,다세대주택,235.96,109.26,327.78,19861210,2,1,서울특별시 용산구 보광동 227-10번지
11170,13600,0,0227,0019,,,일반건축물,단독주택,주택,127.84,60.25,180.75,19880818,2,1,서울특별시 용산구 보광동 227-19번지
11170,13600,0,0228,0000,,,일반건축물,제2종근린생활시설,"사무실,숙관,식당,위병소",0,770.23,770.23,19550630,1,0,서울특별시 용산구 보광동 228번지
11170,13600,0,0228,0002,,,일반건축물,단독주택,주택,0,57.55,57.55,19631205,1,0,서울특별시 용산구 보광동 228-2번지
11170,13600,0,0228,0003,,,일반건축물,단독주택,연립주택,0,52.89,98.74,19790302,2,1,서울특별시 용산구 보광동 228-3번지
11170,13600,0,0228,0003,,,일반건축물,단독주택,연립주택,0,49.12,92.79,19790302,2,1,서울특별시 용산구 보광동 228-3번지
11170,13600,0,0228,0003,,,일반건축물,단독주택,연립주택,0,38.58,70.94,19790302,2,1,서울특별시 용산구 보광동 228-3번지
11170,13600,0,0228,0004,,,일반건축물,단독주택,주택,0,77.45,77.45,19631205,1,0,서울특별시 용산구 보광동 228-4번지
11170,13600,0,0228,0005,,,일반건축물,단독주택,주택,0,57.55,57.55,19631205,1,0,서울특별시 용산구 보광동 228-5번지
11170,13600,0,0228,0007,,,일반건축물,단독주택,주택,0,66.02,132.04,19810420,2,0,서울특별시 용산구 보광동 228-7번지
11170,13600,0,0228,0008,,,일반건축물,단독주택,"단독주택, 창고시설",195.74,90.9,267.9,19901025,3,1,서울특별시 용산구 보광동 228-8번지
11170,13600,0,0228,0009,,,일반건축물,단독주택,다가구주택,145,86.53,227.76,20020523,3,0,서울특별시 용산구 보광동 228-9번지
11170,13600,0,0228,0010,,,일반건축물,단독주택,다가구용단독주택(4가구),100.39,58.24,148.26,19930104,2,1,서울특별시 용산구 보광동 228-10번지
11170,13600,0,0228,0012,,,일반건축물,단독주택,다가구용단독주택(5가구),133.75,80.19,299.7,19980318,3,1,서울특별시 용산구 보광동 228-12번지
11170,13600,0,0228,0013,,,일반건축물,단독주택,다가구용단독주택(4가구),202.72,100.8,249.96,19901012,2,1,서울특별시 용산구 보광동 228-13번지
11170,13600,0,0228,0014,,,일반건축물,단독주택,다가구용단독주택(4가구),84.55,53.85,144,19930209,2,1,서울특별시 용산구 보광동 228-14번지
11170,13600,0,0228,0015,,,일반건축물,단독주택,주택,0,47.57,99.24,19681028,2,1,서울특별시 용산구 보광동 228-15번지
11170,13600,0,0228,0016,,,일반건축물,단독주택,다가구용단독주택(3가구),57.22,34.26,85.98,19921217,2,1,서울특별시 용산구 보광동 228-16번지
11170,13600,0,0228,0017,,,일반건축물,단독주택,다가구주택(3가구),57.47,34.39,79.07,19970206,3,0,서울특별시 용산구 보광동 228-17번지
11170,13600,0,0228,0018,,,일반건축물,단독주택,다가구용단독주택(9가구),128.27,67.65,199.8,19910930,2,1,서울특별시 용산구 보광동 228-18번지
11170,13600,0,0228,0019,,,일반건축물,단독주택,다가구용단독주택(3가구),94.35,56.36,145.8,19921002,2,1,서울특별시 용산구 보광동 228-19번지
11170,13600,0,0228,0020,,,일반건축물,단독주택,주택,0,76.03,89.25,19671130,1,1,서울특별시 용산구 보광동 228-20번지
11170,13600,0,0228,0021,,,일반건축물,단독주택,다가구용단독주택(3가구),109.94,60.41,141.83,19920817,2,1,서울특별시 용산구 보광동 228-21번지
11170,13600,0,0228,0022,,,일반건축물,단독주택,"주택, 근린생활시설",0,59.4,59.4,19850622,1,0,서울특별시 용산구 보광동 228-22번지
11170,13600,0,0228,0023,,,일반건축물,단독주택,주택,0,82.59,82.59,19850629,1,0,서울특별시 용산구 보광동 228-23번지
11170,13600,0,0228,0024,,,일반건축물,단독주택,주택,0,28.56,28.56,19850629,1,0,서울특별시 용산구 보광동 228-24번지
11170,13600,0,0228,0025,,,일반건축물,단독주택,다가구용단독주택(3가구),91,49.23,145.89,19910610,2,1,서울특별시 용산구 보광동 228-25번지
11170,13600,0,0228,0026,,,일반건축물,단독주택,다가구용단독주택(7가구),107.7,63.38,149.5,19941118,2,1,서울특별시 용산구 보광동 228-26번지
11170,13600,0,0228,0028,,,일반건축물,단독주택,다가구용단독주택(2가구),0,51.67,82.38,19850507,2,0,서울특별시 용산구 보광동 228-28번지
11170,13600,0,0228,0030,,,일반건축물,단독주택,주택,208,85.59,197.1,19810905,2,1,서울특별시 용산구 보광동 228-30번지
11170,13600,0,0228,0031,,,일반건축물,단독주택,"다가구용단독주택(2가구), 근린생활시설",113.37,67.98,172.98,19930603,2,1,서울특별시 용산구 보광동 228-31번지
11170,13600,0,0228,0032,,,일반건축물,단독주택,주택,0,72.97,72.97,19850629,1,0,서울특별시 용산구 보광동 228-32번지
11170,13600,0,0228,0033,,,일반건축물,단독주택,다가구용단독주택(3가구),112,54.84,164.25,19900924,2,1,서울특별시 용산구 보광동 228-33번지
11170,13600,0,0228,0035,,,일반건축물,단독주택,주택,0,16.53,16.53,19611105,1,0,서울특별시 용산구 보광동 228-35번지
11170,13600,0,0228,0037,,,일반건축물,단독주택,주택,0,22.11,22.11,19850629,1,0,서울특별시 용산구 보광동 228-37번지
11170,13600,0,0228,0038,,,일반건축물,단독주택,주택,0,17.25,17.25,19850629,1,0,서울특별시 용산구 보광동 228-38번지
11170,13600,0,0228,0039,,,일반건축물,단독주택,주택,0,43.41,43.41,19670420,1,0,서울특별시 용산구 보광동 228-39번지
11170,13600,0,0228,0041,,,일반건축물,단독주택,주택,0,65.72,65.72,19740624,1,0,서울특별시 용산구 보광동 228-41번지
11170,13600,0,0228,0042,,,일반건축물,단독주택,주택,0,26.25,26.25,19671101,1,0,서울특별시 용산구 보광동 228-42번지
11170,13600,0,0228,0047,,,표제부,공동주택,다세대주택,148.97,74.34,246.2,19860721,2,1,서울특별시 용산구 보광동 228-47번지
11170,13600,0,0228,0048,,,일반건축물,단독주택,주택,0,46.48,46.48,19671212,1,0,서울특별시 용산구 보광동 228-48번지
11170,13600,0,0228,0049,,,일반건축물,단독주택,단독주택,64.42,41.02,78.36,19751226,2,1,서울특별시 용산구 보광동 228-49번지
11170,13600,0,0228,0050,,,일반건축물,단독주택,주택,69,33.1,72.68,19831020,1,1,서울특별시 용산구 보광동 228-50번지
11170,13600,0,0228,0051,,,일반건축물,단독주택,주택,0,31.89,31.89,19850629,1,0,서울특별시 용산구 보광동 228-51번지
11170,13600,0,0228,0052,,,일반건축물,단독주택,주택,0,21.29,21.29,19611107,1,0,서울특별시 용산구 보광동 228-52번지
11170,13600,0,0228,0053,,,일반건축물,단독주택,주택,0,21.06,21.06,19611230,1,0,서울특별시 용산구 보광동 228-53번지
11170,13600,0,0228,0054,,,일반건축물,단독주택,다가구용단독주택(3가구),49.89,24.8,78.93,19991214,2,1,서울특별시 용산구 보광동 228-54번지
11170,13600,0,0228,0055,,,일반건축물,단독주택,단독주택,64.6,41.34,41.34,19960326,1,0,서울특별시 용산구 보광동 228-55번지
11170,13600,0,0228,0056,,,일반건축물,단독주택,주택,0,36.26,36.26,19741030,1,0,서울특별시 용산구 보광동 228-56번지
11170,13600,0,0228,0057,,,일반건축물,단독주택,다가구용단독주택(4가구),93.64,55.38,175.18,19901207,2,1,서울특별시 용산구 보광동 228-57번지
11170,13600,0,0228,0058,,,일반건축물,단독주택,다가구주택(4가구),55.5,39.41,125.78,19970617,3,1,서울특별시 용산구 보광동 228-58번지
11170,13600,0,0228,0059,,,일반건축물,단독주택,주택,0,25.49,25.49,19670927,1,0,서울특별시 용산구 보광동 228-59번지
11170,13600,0,0228,0060,,,일반건축물,단독주택,주택,0,23.57,23.57,19610315,1,0,서울특별시 용산구 보광동 228-60번지
11170,13600,0,0228,0061,,,일반건축물,단독주택,주택,0,46.28,79.34,19701220,2,1,서울특별시 용산구 보광동 228-61번지
11170,13600,0,0228,0063,,,일반건축물,단독주택,주택,0,13.22,13.22,19601007,1,0,서울특별시 용산구 보광동 228-63번지
11170,13600,0,0228,0064,,,일반건축물,단독주택,주택,0,33.19,33.19,19850507,1,0,서울특별시 용산구 보광동 228-64번지
11170,13600,0,0228,0065,,,일반건축물,단독주택,주택,0,41.95,41.95,19660220,1,0,서울특별시 용산구 보광동 228-65번지
11170,13600,0,0228,0068,,,일반건축물,단독주택,단독주택,45.03,23.06,39.92,19971119,2,0,서울특별시 용산구 보광동 228-68번지
11170,13600,0,0228,0069,,,일반건축물,단독주택,다가구용단독주택(3가구),63.5,35.46,106.9,19901214,2,1,서울특별시 용산구 보광동 228-69번지
11170,13600,0,0228,0071,,,일반건축물,단독주택,주택,0,21.81,21.81,19850629,1,0,서울특별시 용산구 보광동 228-71번지
11170,13600,0,0228,0073,,,일반건축물,단독주택,주택,0,26.82,26.82,19830520,1,0,서울특별시 용산구 보광동 228-73번지
11170,13600,0,0228,0074,,,일반건축물,단독주택,주택,160.015,79.64,236.52,19900404,2,1,서울특별시 용산구 보광동 228-74번지
11170,13600,0,0228,0076,,,일반건축물,단독주택,주택,0,30.38,42.68,19670704,2,0,서울특별시 용산구 보광동 228-76번지
11170,13600,0,0228,0077,,,일반건축물,단독주택,주택,0,64.36,64.36,19680520,1,0,서울특별시 용산구 보광동 228-77번지
11170,13600,0,0228,0078,,,일반건축물,단독주택,주택,0,24.44,24.44,19850629,1,0,서울특별시 용산구 보광동 228-78번지
11170,13600,0,0228,0079,,,일반건축물,단독주택,주택,126.97,63.18,202.5,19870529,2,1,서울특별시 용산구 보광동 228-79번지
11170,13600,0,0228,0080,,,일반건축물,단독주택,주택,0,53.79,53.79,19690103,1,0,서울특별시 용산구 보광동 228-80번지
11170,13600,0,0228,0082,,,일반건축물,단독주택,다가구용단독주택(7가구),205,122.4,417.96,19961203,3,1,서울특별시 용산구 보광동 228-82번지
11170,13600,0,0228,0085,,,일반건축물,단독주택,주택,0,51.54,113.06,19691020,2,1,서울특별시 용산구 보광동 228-85번지
11170,13600,0,0228,0086,,,일반건축물,단독주택,다가구용단독주택(4가구),119.14,70.4,196,19960323,2,1,서울특별시 용산구 보광동 228-86번지
11170,13600,0,0228,0088,,,일반건축물,단독주택,주택,0,56.6,56.6,19690125,1,0,서울특별시 용산구 보광동 228-88번지
11170,13600,0,0228,0089,,,일반건축물,단독주택,"근린생활시설,다가구용단독주택(2가구)",113.53,68.05,196.46,19950825,2,1,서울특별시 용산구 보광동 228-89번지
11170,13600,0,0228,0090,,,일반건축물,단독주택,주택,0,49.06,49.06,19680720,1,0,서울특별시 용산구 보광동 228-90번지
11170,13600,0,0228,0091,,,일반건축물,단독주택,다가구용단독주택(2가구),188,63.24,83.59,19681028,2,0,서울특별시 용산구 보광동 228-91번지
11170,13600,0,0228,0092,,,일반건축물,단독주택,주택,0,39.38,39.38,19850629,1,0,서울특별시 용산구 보광동 228-92번지
11170,13600,0,0228,0093,,,일반건축물,단독주택,주택,159.41,78.66,249.78,19890627,2,1,서울특별시 용산구 보광동 228-93번지
11170,13600,0,0228,0094,,,일반건축물,단독주택,단독주택,52.1,37.52,69.04,19970809,2,0,서울특별시 용산구 보광동 228-94번지
11170,13600,0,0228,0097,,,일반건축물,단독주택,주택,0,64.88,64.88,19850629,1,0,서울특별시 용산구 보광동 228-97번지
11170,13600,0,0228,0098,,,일반건축물,단독주택,단독주택,70,34.5,106.92,19900719,2,1,서울특별시 용산구 보광동 228-98번지
11170,13600,0,0228,0100,,,일반건축물,단독주택,주택,0,13.75,13.75,19610717,1,0,서울특별시 용산구 보광동 228-100번지
11170,13600,0,0228,0101,,,일반건축물,단독주택,주택,0,40.03,40.03,19611023,1,0,서울특별시 용산구 보광동 228-101번지
11170,13600,0,0228,0105,,,일반건축물,단독주택,주택,0,24.46,47.17,19750919,2,0,서울특별시 용산구 보광동 228-105번지
11170,13600,0,0228,0105,,,일반건축물,단독주택,주택,0,24.63,49.26,19700421,2,0,서울특별시 용산구 보광동 228-105번지
11170,13600,0,0228,0110,,,일반건축물,단독주택,주택,0,67.84,67.84,19671208,1,0,서울특별시 용산구 보광동 228-110번지
11170,13600,0,0228,0123,,,일반건축물,단독주택,주택,0,44.69,44.69,,1,0,서울특별시 용산구 보광동 228-123번지
11170,13600,0,0228,0126,,,일반건축물,단독주택,주택,0,37.12,37.12,19680630,1,0,서울특별시 용산구 보광동 228-126번지
11170,13600,0,0228,0126,,,일반건축물,단독주택,주택,0,37.12,37.12,19680630,1,0,서울특별시 용산구 보광동 228-126번지
11170,13600,0,0228,0128,,,일반건축물,단독주택,단독주택,93.72,50,119.23,20000627,3,0,서울특별시 용산구 보광동 228-128번지
11170,13600,0,0228,0129,,,일반건축물,단독주택,주택,130,65.32,92.86,19681020,1,1,서울특별시 용산구 보광동 228-129번지
11170,13600,0,0228,0132,,,일반건축물,단독주택,주택,0,30.95,30.95,19681110,1,0,서울특별시 용산구 보광동 228-132번지
11170,13600,0,0228,0133,,,일반건축물,단독주택,주택,107.96,53.46,160.38,19860904,2,1,서울특별시 용산구 보광동 228-133번지
11170,13600,0,0228,0134,,,일반건축물,단독주택,주택,0,0,94.34,19681103,2,0,서울특별시 용산구 보광동 228-134번지
11170,13600,0,0228,0143,,,일반건축물,단독주택,주택,0,56.36,119.9,19691020,2,1,서울특별시 용산구 보광동 228-143번지
11170,13600,0,0228,0147,,,일반건축물,단독주택,다가구용단독주택(2가구),66.46,33.22,66.44,19950121,2,0,서울특별시 용산구 보광동 228-147번지
11170,13600,0,0228,0148,,,일반건축물,단독주택,주택,0,60.53,163.97,19810420,2,1,서울특별시 용산구 보광동 228-148번지
11170,13600,0,0228,0149,,,일반건축물,단독주택,주택,90.1,44.54,134.38,19851221,2,1,서울특별시 용산구 보광동 228-149번지
11170,13600,0,0228,0153,,,일반건축물,단독주택,다가구용단독주택(4가구),105.45,54.2,161,19910803,2,1,서울특별시 용산구 보광동 228-153번지
11170,13600,0,0228,0155,,,일반건축물,단독주택,주택,0,35.64,43.54,19751101,1,1,서울특별시 용산구 보광동 228-155번지
11170,13600,0,0228,0156,,,일반건축물,단독주택,주택,0,22.65,22.65,19830520,1,0,서울특별시 용산구 보광동 228-156번지
11170,13600,0,0228,0163,,,일반건축물,단독주택,"근린생활시설, 다가구용단독주택(3가구)",145.62,86.35,242.59,19960120,2,1,서울특별시 용산구 보광동 228-163번지
11170,13600,0,0228,0165,,,일반건축물,단독주택,주택,0,63.07,96.76,19731226,2,0,서울특별시 용산구 보광동 228-165번지
11170,13600,0,0228,0173,,,일반건축물,단독주택,다가구용단독주택(3가구),91,57.71,138.06,19910907,2,1,서울특별시 용산구 보광동 228-173번지
11170,13600,0,0231,0002,,,일반건축물,단독주택,다가구용단독주택(6가구),155,90.26,278.3,19931209,3,1,서울특별시 용산구 보광동 231-2번지
11170,13600,0,0231,0005,,,일반건축물,단독주택,다가구주택,167.4,90.36,149.33,19661205,2,0,서울특별시 용산구 보광동 231-5번지
11170,13600,0,0231,0006,,,일반건축물,단독주택,주택,0,46.28,46.28,19640120,1,0,서울특별시 용산구 보광동 231-6번지
11170,13600,0,0231,0008,,,일반건축물,단독주택,주택,159,71.74,153.46,19761109,2,1,서울특별시 용산구 보광동 231-8번지
11170,13600,0,0231,0015,,,일반건축물,단독주택,주택,0,82.08,246.24,19850326,2,1,서울특별시 용산구 보광동 231-15번지
11170,13600,0,0231,0016,,,일반건축물,단독주택,다가구용단독주택(4가구),97.07,51.5,155.58,19921121,2,1,서울특별시 용산구 보광동 231-16번지
11170,13600,0,0231,0018,,,일반건축물,단독주택,"다가구용단독주택(3가구), 근린생활시설",136,48.53,171.04,19920707,3,1,서울특별시 용산구 보광동 231-18번지
11170,13600,0,0231,0019,,,일반건축물,제2종근린생활시설,"제1,2종근린생활시설",197,183.84,590.89,19710705,3,1,서울특별시 용산구 보광동 231-19번지
11170,13600,0,0231,0023,,,일반건축물,단독주택,"주택, 근린생활시설",0,0,48.01,19591101,1,0,서울특별시 용산구 보광동 231-23번지
11170,13600,0,0231,0027,,,일반건축물,단독주택,다가구용단독주택(12가구),257.43,154.23,545.52,19970605,3,1,서울특별시 용산구 보광동 231-27번지
11170,13600,0,0231,0028,,,일반건축물,단독주택,다가구용단독주택(11가구),273.06,151.98,597.77,19940125,3,1,서울특별시 용산구 보광동 231-28번지
11170,13600,0,0231,0029,,,일반건축물,단독주택,다가구용단독주택(10가구),240.5,129.06,516.59,19910525,3,1,서울특별시 용산구 보광동 231-29번지
11170,13600,0,0231,0030,,,일반건축물,단독주택,다가구용단독주택(10가구),247.1,128.42,515,19910520,3,1,서울특별시 용산구 보광동 231-30번지
11170,13600,0,0231,0031,,,일반건축물,단독주택,주택,94.84,42.59,127.77,19870805,2,1,서울특별시 용산구 보광동 231-31번지
11170,13600,0,0231,0032,,,일반건축물,단독주택,다가구용단독주택(7가구),182,106.36,360.08,19940819,3,1,서울특별시 용산구 보광동 231-32번지
11170,13600,0,0231,0033,,,일반건축물,단독주택,주택,0,91.61,145.43,19750723,2,1,서울특별시 용산구 보광동 231-33번지
11170,13600,0,0231,0034,,,일반건축물,단독주택,주택,0,65.42,65.42,,1,0,서울특별시 용산구 보광동 231-34번지
11170,13600,0,0231,0035,,,일반건축물,단독주택,다가구용단독주택(15가구),247.6,147.9,591.6,19960531,3,1,서울특별시 용산구 보광동 231-35번지
11170,13600,0,0231,0036,,,일반건축물,단독주택,다가구용단독주택(14가구),262,156.75,627,19970422,3,1,서울특별시 용산구 보광동 231-36번지
11170,13600,0,0231,0037,,,일반건축물,단독주택,다가구주택,248,83.5,195.23,20020422,3,0,서울특별시 용산구 보광동 231-37번지
11170,13600,0,0231,0042,,,일반건축물,제2종근린생활시설,제2종근린생활시설,160,148.76,356.77,19641229,3,1,서울특별시 용산구 보광동 231-42번지
11170,13600,0,0231,0043,,,일반건축물,제2종근린생활시설,"제1,2종근린생활시설,주택",0,145.72,365.82,19701230,2,1,서울특별시 용산구 보광동 231-43번지
11170,13600,0,0231,0047,,,일반건축물,단독주택,주택(태양열주택),288,118.31,232.16,19810427,2,1,서울특별시 용산구 보광동 231-47번지
11170,13600,0,0231,0048,,,일반건축물,단독주택,주택,105,52,156,19851227,2,1,서울특별시 용산구 보광동 231-48번지
11170,13600,0,0231,0048,,,일반건축물,단독주택,주택,127.8,58.89,176.67,19851227,2,1,서울특별시 용산구 보광동 231-48번지
11170,13600,0,0231,0049,,,일반건축물,단독주택,주택,238,110.85,325.35,19891018,2,1,서울특별시 용산구 보광동 231-49번지
11170,13600,0,0231,0050,,,일반건축물,단독주택,"주택, 근린생활시설",284,138.06,406.38,19870908,2,1,서울특별시 용산구 보광동 231-50번지
11170,13600,0,0231,0051,,,일반건축물,제2종근린생활시설,"근린생활시설, 주택",335.59,167.78,488.64,19880704,3,1,서울특별시 용산구 보광동 231-51번지
11170,13600,0,0231,0053,,,일반건축물,단독주택,다가구용단독주택(9가구),258.88,146.81,454.57,19930412,3,1,서울특별시 용산구 보광동 231-53번지
11170,13600,0,0231,0054,,,일반건축물,단독주택,주택,0,29.75,29.75,19601111,1,0,서울특별시 용산구 보광동 231-54번지
11170,13600,0,0231,0055,,,일반건축물,단독주택,주택,93,45.72,98.64,19830826,2,1,서울특별시 용산구 보광동 231-55번지
11170,13600,0,0231,0056,,,일반건축물,단독주택,다가구용단독주택(3가구),89,52.87,144.55,19921210,2,1,서울특별시 용산구 보광동 231-56번지
11170,13600,0,0231,0057,,,일반건축물,단독주택,단독주택,116,57.92,173.76,19901207,2,1,서울특별시 용산구 보광동 231-57번지
11170,13600,0,0231,0058,,,일반건축물,단독주택,주택,112,55.47,173.7,19870514,2,1,서울특별시 용산구 보광동 231-58번지
11170,13600,0,0231,0059,,,일반건축물,단독주택,다가구용단독주택(11가구),337.15,191.7,650.19,19931231,3,1,서울특별시 용산구 보광동 231-59번지
11170,13600,0,0231,0061,,,일반건축물,단독주택,단독주택,139,54.94,164.82,19840822,2,1,서울특별시 용산구 보광동 231-61번지
11170,13600,0,0231,0062,,,일반건축물,단독주택,주택,89,44.43,137.85,19870715,2,1,서울특별시 용산구 보광동 231-62번지
11170,13600,0,0231,0063,,,일반건축물,단독주택,주택,129,64.2,193.6,19831226,2,1,서울특별시 용산구 보광동 231-63번지
11170,13600,0,0231,0064,,,일반건축물,단독주택,주택,125.34,58.5,175.5,19850816,2,1,서울특별시 용산구 보광동 231-64번지
11170,13600,0,0231,0065,,,일반건축물,단독주택,단독주택,111.52,55.46,166.38,19920218,2,1,서울특별시 용산구 보광동 231-65번지
11170,13600,0,0231,0066,,,일반건축물,제2종근린생활시설,"근린생활시설, 다가구용단독주택(2가구)",183.5,101.5,299.16,19970204,2,1,서울특별시 용산구 보광동 231-66번지
11170,13600,0,0231,0067,,,일반건축물,단독주택,주택,126,59.47,178.88,19841129,2,1,서울특별시 용산구 보광동 231-67번지
11170,13600,0,0231,0068,,,일반건축물,단독주택,주택,226.68,107.76,299.45,19890111,2,1,서울특별시 용산구 보광동 231-68번지
11170,13600,0,0231,0069,,,일반건축물,단독주택,주택,92.2,45.49,134.33,19881105,2,1,서울특별시 용산구 보광동 231-69번지
11170,13600,0,0231,0070,,,일반건축물,단독주택,주택,116.54,57.71,175.83,19891026,2,1,서울특별시 용산구 보광동 231-70번지
11170,13600,0,0231,0071,,,일반건축물,단독주택,주택,0,77.65,172.09,19711120,2,1,서울특별시 용산구 보광동 231-71번지
11170,13600,0,0231,0072,,,일반건축물,단독주택,주택,102,50.85,164.6,19880823,2,1,서울특별시 용산구 보광동 231-72번지
11170,13600,0,0231,0073,,,일반건축물,단독주택,단독주택,96,59.85,140.13,19920218,2,1,서울특별시 용산구 보광동 231-73번지
11170,13600,0,0231,0074,,,일반건축물,단독주택,단독주택,184.89,86.61,248.31,19901211,2,1,서울특별시 용산구 보광동 231-74번지
11170,13600,0,0231,0075,,,일반건축물,단독주택,다가구용단독주택(3가구),81.56,47.9,131.22,19930327,2,1,서울특별시 용산구 보광동 231-75번지
11170,13600,0,0231,0076,,,일반건축물,단독주택,단독주택,93,46.49,144.64,19900802,2,1,서울특별시 용산구 보광동 231-76번지
11170,13600,0,0231,0077,,,일반건축물,단독주택,주택,83.12,41.4,137.16,19891129,2,1,서울특별시 용산구 보광동 231-77번지
11170,13600,0,0231,0079,,,일반건축물,단독주택,주택,143.22,71.49,230.19,19900612,2,1,서울특별시 용산구 보광동 231-79번지
11170,13600,0,0231,0080,,,일반건축물,제2종근린생활시설,근린생활시설,99,96.56,189.22,19681016,2,0,서울특별시 용산구 보광동 231-80번지
11170,13600,0,0231,0086,,,표제부,공동주택,다세대주택,147.5,73.6,212.1,19861110,2,1,서울특별시 용산구 보광동 231-86번지
11170,13600,0,0231,0087,,,일반건축물,단독주택,주택,0,29.75,29.75,19601030,1,0,서울특별시 용산구 보광동 231-87번지
11170,13600,0,0231,0091,,,일반건축물,제2종근린생활시설,"근린생활시설, 다가구용단독주택(2가구)",159.84,95.54,276.18,19940831,2,1,서울특별시 용산구 보광동 231-91번지
11170,13600,0,0231,0092,,,일반건축물,단독주택,다가구용단독주택(3가구),113.48,67.53,202.59,19901215,2,1,서울특별시 용산구 보광동 231-92번지
11170,13600,0,0231,0094,,,일반건축물,단독주택,주택,180.5,82.84,246.78,19891222,2,1,서울특별시 용산구 보광동 231-94번지
11170,13600,0,0231,0096,,,일반건축물,단독주택,다가구용단독주택(4가구),96.5,55.7,173.07,19911217,2,1,서울특별시 용산구 보광동 231-96번지
11170,13600,0,0231,0097,,,일반건축물,단독주택,다가구용단독주택(5가구),167.32,64.37,183.71,19911102,2,1,서울특별시 용산구 보광동 231-97번지
11170,13600,0,0231,0098,,,일반건축물,단독주택,주택,0,0,43.31,19630913,1,0,서울특별시 용산구 보광동 231-98번지
11170,13600,0,0231,0099,,,일반건축물,단독주택,다가구용단독주택(3가구),70.94,35.23,101.59,19920117,2,1,서울특별시 용산구 보광동 231-99번지
11170,13600,0,0231,0103,,,일반건축물,단독주택,다가구용단독주택(3가구),92.55,53.87,157.86,19920707,2,1,서울특별시 용산구 보광동 231-103번지
11170,13600,0,0231,0104,,,일반건축물,단독주택,다가구용단독주택(5가구),103.17,59.92,176.66,19920601,2,1,서울특별시 용산구 보광동 231-104번지
11170,13600,0,0231,0105,,,일반건축물,단독주택,다가구용단독주택(4가구),97.29,58.24,166.32,19920130,2,1,서울특별시 용산구 보광동 231-105번지
11170,13600,0,0231,0106,,,일반건축물,단독주택,주택,0,74.71,157.02,19650810,2,1,서울특별시 용산구 보광동 231-106번지
11170,13600,0,0231,0108,,,일반건축물,제2종근린생활시설,"근린생활시설, 주택",100.06,54.73,189.32,19970619,3,1,서울특별시 용산구 보광동 231-108번지
11170,13600,0,0231,0109,,,일반건축물,단독주택,다가구용단독주택(4가구),96,55.83,145.47,19930928,2,1,서울특별시 용산구 보광동 231-109번지
11170,13600,0,0231,0110,,,일반건축물,단독주택,주택,0,42.64,42.64,19640710,1,0,서울특별시 용산구 보광동 231-110번지
11170,13600,0,0231,0114,,,일반건축물,단독주택,다가구용단독주택(4가구),90.37,53.57,162.39,19960517,2,1,서울특별시 용산구 보광동 231-114번지
11170,13600,0,0231,0115,,,일반건축물,단독주택,다가구용단독주택(3가구),88.73,45.58,133.01,19930205,2,1,서울특별시 용산구 보광동 231-115번지
11170,13600,0,0231,0118,,,일반건축물,단독주택,주택,132.85,66.41,208.53,19881021,2,1,서울특별시 용산구 보광동 231-118번지
11170,13600,0,0231,0122,,,일반건축물,단독주택,주택,0,95.87,202.19,19690220,2,0,서울특별시 용산구 보광동 231-122번지
11170,13600,0,0231,0123,,,일반건축물,단독주택,주택,0,99.64,223.28,19700430,3,1,서울특별시 용산구 보광동 231-123번지
11170,13600,0,0231,0127,,,일반건축물,단독주택,"다가구용단독주택(2가구),근린생활시설",192,100.2,262.25,19690220,3,1,서울특별시 용산구 보광동 231-127번지
11170,13600,0,0231,0131,,,일반건축물,단독주택,다가구용단독주택(10가구),323.22,186.51,644.28,19930817,3,1,서울특별시 용산구 보광동 231-131번지
11170,13600,0,0231,0139,,,일반건축물,단독주택,다가구용단독주택(5가구),155,92.9,264.08,19960614,2,1,서울특별시 용산구 보광동 231-139번지
11170,13600,0,0231,0141,,,일반건축물,단독주택,주택,0,60.63,70.68,19760825,1,1,서울특별시 용산구 보광동 231-141번지
11170,13600,0,0231,0142,,,일반건축물,단독주택,"다가구용단독주택(2가구), 근린생활시설",126,71.19,211.68,19960705,2,1,서울특별시 용산구 보광동 231-142번지
11170,13600,0,0231,0143,,,일반건축물,단독주택,주택,0,74.51,81.68,19760820,1,1,서울특별시 용산구 보광동 231-143번지
11170,13600,0,0231,0153,,,일반건축물,단독주택,주택,102,49.77,149.31,19870805,2,1,서울특별시 용산구 보광동 231-153번지
11170,13600,0,0232,0000,,,일반건축물,단독주택,다가구용단독주택(3가구),115.66,65.63,196.89,19911026,2,1,서울특별시 용산구 보광동 232번지
11170,13600,0,0238,0001,,,일반건축물,단독주택,"주택,근린생활시설",189.97,93.46,414.47,19870127,4,1,서울특별시 용산구 보광동 238-1번지
11170,13600,0,0238,0002,한국폴리텍대학 서울정수캠퍼스,,일반건축물,공동주택,교육연구 및 복지시설(대학),0,1049.08,5719.29,20071231,6,1,서울특별시 용산구 보광동 238-2번지
11170,13600,0,0238,0002,한국폴리텍대학 서울정수캠퍼스,,일반건축물,교육연구시설,교육연구 및 복지시설(대학),0,23.12,22.57,20071231,1,0,서울특별시 용산구 보광동 238-2번지
11170,13600,0,0238,0002,한국폴리텍대학 서울정수캠퍼스,,일반건축물,교육연구시설,교육연구및복지시설(학교),0,275.18,1390.58,20050119,5,1,서울특별시 용산구 보광동 238-2번지
11170,13600,0,0238,0002,한국폴리텍대학 서울정수캠퍼스,,일반건축물,창고시설,교육연구시설,0,30,30,19731017,1,0,서울특별시 용산구 보광동 238-2번지
11170,13600,0,0238,0002,한국폴리텍대학 서울정수캠퍼스,,일반건축물,교육연구시설,교육연구시설,25326,3455.74,14334.46,20090109,7,2,서울특별시 용산구 보광동 238-2번지
11170,13600,0,0238,0002,한국폴리텍대학 서울정수캠퍼스,,일반건축물,교육연구시설,교육연구시설(대학),0,1144.87,2451.97,20141229,3,0,서울특별시 용산구 보광동 238-2번지
11170,13600,0,0238,0002,한국폴리텍대학 서울정수캠퍼스,,일반건축물,교육연구시설,교육연구시설(대학),0,960.89,5065.77,,5,1,서울특별시 용산구 보광동 238-2번지
11170,13600,0,0238,0002,한국폴리텍대학 서울정수캠퍼스,,일반건축물,교육연구시설,교육연구 및 복지시설(대학),0,1306.79,6329.4,20071231,4,1,서울특별시 용산구 보광동 238-2번지
11170,13600,0,0238,0002,한국폴리텍대학 서울정수캠퍼스,,일반건축물,교육연구시설,창고,0,17.11,17.11,20170607,1,0,서울특별시 용산구 보광동 238-2번지
11170,13600,0,0238,0002,한국폴리텍대학 서울정수캠퍼스,,일반건축물,교육연구시설,교육연구시설,0,1223.61,6173.23,19731017,5,1,서울특별시 용산구 보광동 238-2번지
11170,13600,0,0238,0006,,,일반건축물,제1종근린생활시설,"근린생활시설, 주택",144,79.67,235.18,19711120,3,0,서울특별시 용산구 보광동 238-6번지
11170,13600,0,0238,0008,,,일반건축물,단독주택,"주택, 목욕탕",0,218.05,438.38,19731010,3,1,서울특별시 용산구 보광동 238-8번지
11170,13600,0,0238,0009,,,일반건축물,단독주택,"주택,근린생활시설",0,219.27,1342.4,19701231,5,1,서울특별시 용산구 보광동 238-9번지
11170,13600,0,0238,0012,,,일반건축물,제1종근린생활시설,근린생활시설,180,107.89,107.89,20000118,1,0,서울특별시 용산구 보광동 238-12번지
11170,13600,0,0238,0012,,,일반건축물,제2종근린생활시설,근린생활시설,205,103.46,103.46,19641121,1,0,서울특별시 용산구 보광동 238-12번지
11170,13600,0,0238,0014,,,일반건축물,단독주택,"주택, 점포",0,0,137.85,19640312,2,0,서울특별시 용산구 보광동 238-14번지
11170,13600,0,0238,0015,,,일반건축물,단독주택,주택,288,20.36,20.36,19791012,1,0,서울특별시 용산구 보광동 238-15번지
11170,13600,0,0238,0016,,,일반건축물,단독주택,주택,0,30.08,57.52,19651005,2,0,서울특별시 용산구 보광동 238-16번지
11170,13600,0,0238,0017,,,일반건축물,단독주택,단독주택,148.79,85.89,114.27,19990616,2,0,서울특별시 용산구 보광동 238-17번지
11170,13600,0,0238,0019,,,표제부,공동주택,다세대주택,281,145.78,511.31,20020911,5,0,서울특별시 용산구 보광동 238-19번지
11170,13600,0,0238,0020,,,일반건축물,단독주택,"주택,근린생활시설",208,102.69,406.71,19860911,3,1,서울특별시 용산구 보광동 238-20번지
11170,13600,0,0238,0021,,,표제부,공동주택,다세대주택,212,105.49,316.47,19860730,2,1,서울특별시 용산구 보광동 238-21번지
11170,13600,0,0238,0022,,,일반건축물,단독주택,다가구용단독주택(5가구),221,108.74,308.35,19880912,2,1,서울특별시 용산구 보광동 238-22번지
11170,13600,0,0238,0023,,,일반건축물,단독주택,다가구용단독주택(7가구),212.1,125.18,451.87,19930830,3,1,서울특별시 용산구 보광동 238-23번지
11170,13600,0,0238,0025,,,일반건축물,단독주택,"다가구용단독주택, 제1종 및 제2종근린생활시설",137.8,82.6,330.46,19920201,3,1,서울특별시 용산구 보광동 238-25번지
11170,13600,0,0238,0026,,,일반건축물,단독주택,주택,218,104.97,314.91,19890822,2,1,서울특별시 용산구 보광동 238-26번지
11170,13600,0,0238,0027,,,표제부,공동주택,공동주택(다세대주택),238,130.54,498.02,19931208,3,1,서울특별시 용산구 보광동 238-27번지
11170,13600,0,0238,0028,,,일반건축물,단독주택,주택,211.88,105.69,297.54,19871229,2,1,서울특별시 용산구 보광동 238-28번지
11170,13600,0,0238,0029,,,일반건축물,단독주택,단독주택,147.46,72.45,219.6,19880526,2,1,서울특별시 용산구 보광동 238-29번지
11170,13600,0,0238,0030,,,표제부,공동주택,다세대주택,252.8,97.17,381.18,19910925,3,1,서울특별시 용산구 보광동 238-30번지
11170,13600,0,0238,0035,,,일반건축물,단독주택,"주택,제2종근린생활시설",0,90.71,160.3,19661110,2,0,서울특별시 용산구 보광동 238-35번지
11170,13600,0,0238,0036,,,일반건축물,제2종근린생활시설,제2종근린생활시설,313,92.26,228.06,19680910,3,1,서울특별시 용산구 보광동 238-36번지
11170,13600,0,0238,0037,,,일반건축물,제1종근린생활시설,"근린생활시설, 주택",155,70.98,351.92,19900719,4,1,서울특별시 용산구 보광동 238-37번지
11170,13600,0,0238,0043,,,일반건축물,제1종근린생활시설,근린생활시설,0,0,257.86,19651110,2,0,서울특별시 용산구 보광동 238-43번지
11170,13600,0,0238,0043,,,일반건축물,제2종근린생활시설,근린생활시설,0,0,257.86,19651210,2,0,서울특별시 용산구 보광동 238-43번지
11170,13600,0,0238,0055,,,일반건축물,단독주택,다가구용단독주택(5가구),124,74.27,222.81,19901127,2,1,서울특별시 용산구 보광동 238-55번지
11170,13600,0,0238,0056,은호빌딩,,일반건축물,단독주택,"단독주택 , 근린생활시설",77,56.86,163.91,20011017,3,0,서울특별시 용산구 보광동 238-56번지
11170,13600,0,0238,0057,,,일반건축물,단독주택,주택,0,273.46,546.42,19750814,3,1,서울특별시 용산구 보광동 238-57번지
11170,13600,0,0238,0089,,,일반건축물,단독주택,주택,0,0,41.6,19840801,1,0,서울특별시 용산구 보광동 238-89번지
11170,13600,0,0239,0002,,,일반건축물,단독주택,주택,281,80.13,202.51,19820205,2,1,서울특별시 용산구 보광동 239-2번지
11170,13600,0,0239,0003,,,일반건축물,단독주택,주택,0,41.45,41.45,19570411,1,0,서울특별시 용산구 보광동 239-3번지
11170,13600,0,0239,0006,,,일반건축물,단독주택,다가구용단독주택(3가구),74.28,50.37,133.7,19930909,2,1,서울특별시 용산구 보광동 239-6번지
11170,13600,0,0239,0007,,,일반건축물,단독주택,다가구주택(4가구),50,24.48,89.87,19960715,3,1,서울특별시 용산구 보광동 239-7번지
11170,13600,0,0240,0001,,,일반건축물,단독주택,"다가구용단독주택(2가구),근린생활시설",63.6,44.51,178.04,19921204,3,1,서울특별시 용산구 보광동 240-1번지
11170,13600,0,0240,0002,,,일반건축물,단독주택,"근린생활시설, 단독주택",168,98.8,472.29,19960924,4,1,서울특별시 용산구 보광동 240-2번지
11170,13600,0,0240,0003,,,일반건축물,단독주택,주택,161,76.4,221.4,19871015,2,1,서울특별시 용산구 보광동 240-3번지
11170,13600,0,0240,0004,,,일반건축물,단독주택,주택,0,53.69,105.23,19750912,2,0,서울특별시 용산구 보광동 240-4번지
11170,13600,0,0240,0005,,,일반건축물,단독주택,다가구용단독주택(3가구),58.87,40.39,102.66,19921201,2,1,서울특별시 용산구 보광동 240-5번지
11170,13600,0,0240,0007,,,일반건축물,단독주택,주택,0,62.29,109.76,19660730,2,0,서울특별시 용산구 보광동 240-7번지
11170,13600,0,0240,0008,,,일반건축물,단독주택,단독주택,175,93.02,207.84,,2,1,서울특별시 용산구 보광동 240-8번지
11170,13600,0,0240,0009,,,일반건축물,단독주택,주택,0,64.5,110.51,19700630,2,1,서울특별시 용산구 보광동 240-9번지
11170,13600,0,0240,0010,,,일반건축물,제1종근린생활시설,"근린생활시설, 주택",126.27,67.52,256.13,19971107,3,1,서울특별시 용산구 보광동 240-10번지
11170,13600,0,0240,0011,,,일반건축물,단독주택,"다가구용단독주택(2가구), 근린생활시설",131.89,78.73,232.02,19950601,2,1,서울특별시 용산구 보광동 240-11번지
11170,13600,0,0240,0012,,,일반건축물,단독주택,주택,0,57.48,92.85,19671022,2,0,서울특별시 용산구 보광동 240-12번지
11170,13600,0,0240,0013,,,일반건축물,단독주택,주택,0,67.5,134.14,19650505,2,0,서울특별시 용산구 보광동 240-13번지
11170,13600,0,0240,0014,,,일반건축물,단독주택,다가구용단독주택(3가구),109.5,63.82,187.22,20000225,2,1,서울특별시 용산구 보광동 240-14번지
11170,13600,0,0240,0015,,,일반건축물,단독주택,다가구용단독주택(3가구),80.56,47.06,143.59,19910302,2,1,서울특별시 용산구 보광동 240-15번지
11170,13600,0,0240,0017,,,일반건축물,단독주택,주택,140,69.88,194.68,19790912,2,1,서울특별시 용산구 보광동 240-17번지
11170,13600,0,0240,0018,,,일반건축물,단독주택,주택,114.27,57,166.2,19860726,2,1,서울특별시 용산구 보광동 240-18번지
11170,13600,0,0240,0019,,,일반건축물,단독주택,주택,0,63.01,63.01,19670420,1,0,서울특별시 용산구 보광동 240-19번지
11170,13600,0,0240,0020,,,일반건축물,단독주택,다가구용단독주택(8가구),173.4,103.75,389.37,19950914,3,1,서울특별시 용산구 보광동 240-20번지
11170,13600,0,0240,0021,,,일반건축물,단독주택,주택,172,80.5,164.49,19740510,2,1,서울특별시 용산구 보광동 240-21번지
11170,13600,0,0240,0022,,,일반건축물,노유자시설,노인회관,188,74.58,162.09,19800228,2,1,서울특별시 용산구 보광동 240-22번지
11170,13600,0,0240,0023,,,일반건축물,단독주택,주택,162,73.2,204.78,19830806,2,1,서울특별시 용산구 보광동 240-23번지
11170,13600,0,0240,0026,,,일반건축물,단독주택,주택,0,56.76,56.76,19670720,1,0,서울특별시 용산구 보광동 240-26번지
11170,13600,0,0240,0028,,,일반건축물,단독주택,주택,0,55.17,101.78,19700909,2,1,서울특별시 용산구 보광동 240-28번지
11170,13600,0,0240,0029,,,일반건축물,단독주택,"주택, 근린생활시설",83,49.65,137.53,19940502,2,1,서울특별시 용산구 보광동 240-29번지
11170,13600,0,0240,0030,,,일반건축물,단독주택,주택,0,75.93,149.12,19740510,2,1,서울특별시 용산구 보광동 240-30번지
11170,13600,0,0240,0033,,,일반건축물,단독주택,주택,169,73.42,157.66,19781222,2,1,서울특별시 용산구 보광동 240-33번지
11170,13600,0,0240,0037,,,일반건축물,단독주택,주택,129.14,60.74,164.84,19871010,2,1,서울특별시 용산구 보광동 240-37번지
11170,13600,0,0240,0039,,,일반건축물,단독주택,주택,0,65.69,134.31,19791205,2,1,서울특별시 용산구 보광동 240-39번지
11170,13600,0,0241,0000,,,일반건축물,단독주택,주택,0,33.06,33.06,,1,0,서울특별시 용산구 보광동 241번지
11170,13600,0,0241,0001,,,일반건축물,단독주택,주택,0,36.96,43.04,19691021,1,1,서울특별시 용산구 보광동 241-1번지
11170,13600,0,0241,0002,,,일반건축물,단독주택,주택,0,142.31,214.05,19610301,2,0,서울특별시 용산구 보광동 241-2번지
11170,13600,0,0241,0003,,,일반건축물,단독주택,주택,0,90.87,90.87,19590928,1,0,서울특별시 용산구 보광동 241-3번지
11170,13600,0,0241,0004,,,일반건축물,단독주택,주택,0,66.12,66.12,19590928,1,0,서울특별시 용산구 보광동 241-4번지
11170,13600,0,0241,0005,,,일반건축물,단독주택,주택,237.78,118.5,248.7,19900609,2,1,서울특별시 용산구 보광동 241-5번지
11170,13600,0,0241,0006,,,일반건축물,단독주택,"다가구용단독주택(3가구), 근린생활시설",163.38,96.11,279.83,19931123,2,1,서울특별시 용산구 보광동 241-6번지
11170,13600,0,0241,0010,,,일반건축물,단독주택,다가구용단독주택(3가구),82.4,47.56,129.66,19940803,2,1,서울특별시 용산구 보광동 241-10번지
11170,13600,0,0241,0011,,,일반건축물,단독주택,주택,0,21.29,21.29,19700403,1,0,서울특별시 용산구 보광동 241-11번지
11170,13600,0,0242,0002,,,일반건축물,단독주택,"다가구용단독주택(2가구), 근린생활시설",98.55,55.17,186.3,19970902,3,1,서울특별시 용산구 보광동 242-2번지
11170,13600,0,0242,0004,,,일반건축물,노유자시설,노유자시설,74,51.08,139.08,19930823,2,1,서울특별시 용산구 보광동 242-4번지
11170,13600,0,0242,0006,,,일반건축물,단독주택,주택,0,71.84,77.76,19750429,1,1,서울특별시 용산구 보광동 242-6번지
11170,13600,0,0242,0007,,,일반건축물,단독주택,"주택, 근린생활시설",0,21.74,43.48,19850629,2,0,서울특별시 용산구 보광동 242-7번지
11170,13600,0,0242,0019,,,일반건축물,제2종근린생활시설,근린생활시설,154,26,26,20020620,1,0,서울특별시 용산구 보광동 242-19번지
11170,13600,0,0242,0019,,,일반건축물,자동차관련시설,자동차관련시설,154,40.85,40.85,19960119,1,0,서울특별시 용산구 보광동 242-19번지
11170,13600,0,0243,0002,,,일반건축물,제2종근린생활시설,"근린생활시설,교육연구시설,주택",487.32,291.46,1721.01,19950221,6,1,서울특별시 용산구 보광동 243-2번지
11170,13600,0,0243,0003,,,일반건축물,제2종근린생활시설,"근린생활시설,제2종근린생활시설",162,67.69,260.12,19841227,3,1,서울특별시 용산구 보광동 243-3번지
11170,13600,0,0243,0006,,,일반건축물,제2종근린생활시설,제2종근린생활시설,0,0,73.47,19830429,1,0,서울특별시 용산구 보광동 243-6번지
11170,13600,0,0243,0010,,,일반건축물,단독주택,주택,0,56,56,19680501,1,0,서울특별시 용산구 보광동 243-10번지
11170,13600,0,0243,0013,,,일반건축물,단독주택,다가구용단독주택(7가구),208.8,112.37,323.67,19910913,2,1,서울특별시 용산구 보광동 243-13번지
11170,13600,0,0243,0014,,,일반건축물,단독주택,"점포, 주택",0,77.79,233.37,19700525,3,0,서울특별시 용산구 보광동 243-14번지
11170,13600,0,0244,0005,,,일반건축물,단독주택,"다가구용단독주택(2가구), 근린생활시설",76.17,45.6,136.8,19911228,2,1,서울특별시 용산구 보광동 244-5번지
11170,13600,0,0244,0006,,,일반건축물,단독주택,다가구용단독주택(4가구),143.47,71.37,221.04,19900829,2,1,서울특별시 용산구 보광동 244-6번지
11170,13600,0,0244,0008,,,일반건축물,단독주택,다가구용단독주택(3가구),75.06,44.94,134.82,19911226,2,1,서울특별시 용산구 보광동 244-8번지
11170,13600,0,0244,0009,,,일반건축물,단독주택,다가구용단독주택(6가구),109,63.82,188.98,19911226,2,1,서울특별시 용산구 보광동 244-9번지
11170,13600,0,0244,0010,,,일반건축물,제2종근린생활시설,근린생활시설,98,53.06,265.3,19911230,4,1,서울특별시 용산구 보광동 244-10번지
11170,13600,0,0244,0011,,,일반건축물,단독주택,주택,0,31.44,40.08,19850629,2,0,서울특별시 용산구 보광동 244-11번지
11170,13600,0,0244,0012,,,일반건축물,단독주택,"주택, 제1종 및 제2종근린생활시설",327,159.17,494.11,19691001,3,1,서울특별시 용산구 보광동 244-12번지
11170,13600,0,0244,0014,,,일반건축물,단독주택,주택,172,71.53,214.59,19890912,2,1,서울특별시 용산구 보광동 244-14번지
11170,13600,0,0244,0016,,,일반건축물,단독주택,"제1,2종근린생활시설,주택",0,90.65,184.67,19680520,2,1,서울특별시 용산구 보광동 244-16번지
11170,13600,0,0244,0018,,,일반건축물,단독주택,"다가구주택(6가구) ,제1종근린생활시설",122,108.75,327.4,19680825,4,0,서울특별시 용산구 보광동 244-18번지
11170,13600,0,0245,0001,,,일반건축물,단독주택,단독주택,0,60.89,109.97,19690913,2,0,서울특별시 용산구 보광동 245-1번지
11170,13600,0,0245,0003,,,일반건축물,제1종근린생활시설,"근린생활시설, 다가구용단독주택(2가구)",147.2,84.65,278.61,19950223,3,1,서울특별시 용산구 보광동 245-3번지
11170,13600,0,0246,0001,,,일반건축물,단독주택,주택,0,112.33,326.05,19701214,2,1,서울특별시 용산구 보광동 246-1번지
11170,13600,0,0246,0002,,,일반건축물,제2종근린생활시설,"근린생활시설, 주택",322.84,190.08,983.9,19971209,4,1,서울특별시 용산구 보광동 246-2번지
11170,13600,0,0246,0003,,,일반건축물,단독주택,주택,0,60.23,60.23,19690913,1,0,서울특별시 용산구 보광동 246-3번지
11170,13600,0,0246,0007,,,일반건축물,단독주택,주택,124.44,61.36,193.61,19880512,2,1,서울특별시 용산구 보광동 246-7번지
11170,13600,0,0246,0009,,,일반건축물,단독주택,주택,134,62.81,122.19,19690701,2,1,서울특별시 용산구 보광동 246-9번지
11170,13600,0,0246,0010,,,일반건축물,단독주택,주택,0,62.81,121.36,19690709,2,0,서울특별시 용산구 보광동 246-10번지
11170,13600,0,0246,0013,,,일반건축물,단독주택,단독주택,0,61.52,121.75,19690913,2,0,서울특별시 용산구 보광동 246-13번지
11170,13600,0,0246,0014,,,일반건축물,단독주택,주택,152,67.8,125.25,19690913,2,0,서울특별시 용산구 보광동 246-14번지
11170,13600,0,0247,0000,,,일반건축물,단독주택,주택,0,26.45,26.45,19470226,1,0,서울특별시 용산구 보광동 247번지
11170,13600,0,0247,0000,,,일반건축물,단독주택,주택,0,16.53,16.53,19470226,1,0,서울특별시 용산구 보광동 247번지
11170,13600,0,0247,0002,,,일반건축물,단독주택,주택,96,52.47,130.81,19830401,2,1,서울특별시 용산구 보광동 247-2번지
11170,13600,0,0247,0002,,,일반건축물,단독주택,주택,149,53.03,130.32,19830401,2,1,서울특별시 용산구 보광동 247-2번지
11170,13600,0,0247,0003,,,일반건축물,단독주택,"다가구용단독주택(6가구), 근린생활시설",119.16,71.4,284.61,19930701,3,1,서울특별시 용산구 보광동 247-3번지
11170,13600,0,0247,0006,,,일반건축물,단독주택,주택,152,72.89,218.67,19840929,2,1,서울특별시 용산구 보광동 247-6번지
11170,13600,0,0247,0008,,,일반건축물,단독주택,주택,182,68.31,143.98,19830719,2,1,서울특별시 용산구 보광동 247-8번지
11170,13600,0,0247,0009,,,일반건축물,단독주택,주택,0,39.6,75.5,19691215,2,1,서울특별시 용산구 보광동 247-9번지
11170,13600,0,0247,0010,,,일반건축물,단독주택,다가구용단독주택(5가구),115.06,68.54,205.62,19940725,2,1,서울특별시 용산구 보광동 247-10번지
11170,13600,0,0247,0011,,,일반건축물,단독주택,다가구용단독주택(5가구),140.81,87.79,223.15,19940711,2,1,서울특별시 용산구 보광동 247-11번지
11170,13600,0,0247,0012,,,일반건축물,단독주택,다가구용단독주택(4가구),99.36,58.6,168.77,19910621,2,1,서울특별시 용산구 보광동 247-12번지
11170,13600,0,0247,0013,,,일반건축물,단독주택,다가구용단독주택(5가구),142.45,73.66,199.08,19920710,2,1,서울특별시 용산구 보광동 247-13번지
11170,13600,0,0247,0014,,,일반건축물,단독주택,주택,0,81.02,111.4,19850629,2,1,서울특별시 용산구 보광동 247-14번지
11170,13600,0,0247,0017,,,일반건축물,단독주택,다가구용단독주택(5가구),115.0425,68.73,206.19,19920217,2,1,서울특별시 용산구 보광동 247-17번지
11170,13600,0,0248,0001,,,일반건축물,단독주택,다가구용단독주택(3가구),110.56,58.48,183.02,19910511,2,1,서울특별시 용산구 보광동 248-1번지
11170,13600,0,0248,0002,,,일반건축물,단독주택,주택,0,39.67,39.67,19650810,1,0,서울특별시 용산구 보광동 248-2번지
11170,13600,0,0248,0004,,,표제부,공동주택,"공동주택,근린생활시설",466.2,135.31,256.17,19850730,2,1,서울특별시 용산구 보광동 248-4번지
11170,13600,0,0248,0008,,,일반건축물,단독주택,다가구용단독주택(12가구),180.72,104.91,397.05,19970530,3,1,서울특별시 용산구 보광동 248-8번지
11170,13600,0,0248,0009,,,일반건축물,단독주택,단독주택,138.84,69.33,205.65,19900704,2,1,서울특별시 용산구 보광동 248-9번지
11170,13600,0,0248,0010,,,일반건축물,단독주택,"다가구용단독주택(4가구), 근린생활시설",141.21,73.7,217.37,19960629,2,1,서울특별시 용산구 보광동 248-10번지
11170,13600,0,0248,0011,,,일반건축물,단독주택,다가구주택,127.44,76.44,220.29,20010112,2,1,서울특별시 용산구 보광동 248-11번지
11170,13600,0,0248,0012,,,일반건축물,단독주택,다가구용단독주택(7가구),202,109.32,348.6,19931011,3,1,서울특별시 용산구 보광동 248-12번지
11170,13600,0,0248,0013,,,일반건축물,단독주택,주택,0,38.02,38.02,19650710,1,0,서울특별시 용산구 보광동 248-13번지
11170,13600,0,0248,0014,,,일반건축물,단독주택,주택,0,0,72.26,19650419,1,0,서울특별시 용산구 보광동 248-14번지
11170,13600,0,0249,0001,,,일반건축물,단독주택,다가구용단독주택(5가구),149,85.56,276.01,19901221,3,1,서울특별시 용산구 보광동 249-1번지
11170,13600,0,0249,0002,,,일반건축물,단독주택,다가구용단독주택(7가구),241,143.75,517.23,19951115,3,1,서울특별시 용산구 보광동 249-2번지
11170,13600,0,0249,0006,,,일반건축물,단독주택,주택,212,82.81,245.43,19871015,2,1,서울특별시 용산구 보광동 249-6번지
11170,13600,0,0249,0007,,,일반건축물,단독주택,주택,208,99.22,249.75,19840820,2,1,서울특별시 용산구 보광동 249-7번지
11170,13600,0,0249,0008,,,일반건축물,단독주택,주택,162,80.38,230.56,19890901,2,1,서울특별시 용산구 보광동 249-8번지
11170,13600,0,0250,0001,,,일반건축물,단독주택,다가구용단독주택(5가구),163,82.84,236.26,19920116,2,1,서울특별시 용산구 보광동 250-1번지
11170,13600,0,0251,0001,,,일반건축물,단독주택,"주택, 근린생활시설",235,115.56,343.08,19831028,2,1,서울특별시 용산구 보광동 251-1번지
11170,13600,0,0251,0005,,,일반건축물,단독주택,주택,221,97.71,246.69,19870525,2,1,서울특별시 용산구 보광동 251-5번지
11170,13600,0,0251,0006,,,일반건축물,단독주택,단독주택,139,69.36,225.36,19901127,2,1,서울특별시 용산구 보광동 251-6번지
11170,13600,0,0251,0007,,,일반건축물,단독주택,주택,151,75.15,226.81,19870704,2,1,서울특별시 용산구 보광동 251-7번지
11170,13600,0,0251,0008,,,일반건축물,단독주택,"주택, 근린생활시설",157,75.96,331.2,19840901,3,1,서울특별시 용산구 보광동 251-8번지
11170,13600,0,0251,0010,,,일반건축물,단독주택,"주택, 근린생활시설",156,77.24,265.2,19830912,3,1,서울특별시 용산구 보광동 251-10번지
11170,13600,0,0251,0012,,,일반건축물,단독주택,주택,225,100.98,249.75,19880718,2,1,서울특별시 용산구 보광동 251-12번지
11170,13600,0,0251,0014,,,일반건축물,단독주택,주택,0,40.26,40.26,19641001,1,0,서울특별시 용산구 보광동 251-14번지
11170,13600,0,0253,0001,,,일반건축물,단독주택,다가구용단독주택(3가구),72.87,53.96,146.34,19931122,2,1,서울특별시 용산구 보광동 253-1번지
11170,13600,0,0253,0002,,,일반건축물,창고시설,창고,0,0,103.44,19700622,1,1,서울특별시 용산구 보광동 253-2번지
11170,13600,0,0253,0002,,,일반건축물,종교시설,문화및집회시설,1139,532.48,1997.27,19840109,3,1,서울특별시 용산구 보광동 253-2번지
11170,13600,0,0253,0003,,,일반건축물,단독주택,주택,222.67,107.91,323.73,19890922,2,1,서울특별시 용산구 보광동 253-3번지
11170,13600,0,0253,0004,,,일반건축물,제1종근린생활시설,근린생활시설,268.88,135.54,839.86,19820802,5,1,서울특별시 용산구 보광동 253-4번지
11170,13600,0,0253,0005,,,일반건축물,단독주택,주택,0,49.85,90.18,19680620,2,0,서울특별시 용산구 보광동 253-5번지
11170,13600,0,0253,0006,,,일반건축물,단독주택,다가구용단독주택(5가구),152,91,347.55,19970725,3,1,서울특별시 용산구 보광동 253-6번지
11170,13600,0,0253,0007,,,일반건축물,단독주택,다가구용단독주택(3가구),74.18,42.46,127.38,19940208,2,1,서울특별시 용산구 보광동 253-7번지
11170,13600,0,0253,0008,,,일반건축물,단독주택,단독주택,255,108.9,326.7,19901204,2,1,서울특별시 용산구 보광동 253-8번지
11170,13600,0,0253,0014,,,일반건축물,단독주택,주택,130.96,64.94,150.4,19880609,2,1,서울특별시 용산구 보광동 253-14번지
11170,13600,0,0253,0016,,,일반건축물,단독주택,다가구용단독주택(4가구),169.02,91.96,306.29,19891108,3,1,서울특별시 용산구 보광동 253-16번지
11170,13600,0,0253,0017,,,일반건축물,단독주택,주택,123.76,61.82,200.77,19900611,2,1,서울특별시 용산구 보광동 253-17번지
11170,13600,0,0253,0018,,,일반건축물,단독주택,다가구용단독주택(5가구),106,63.59,185.42,19911226,2,1,서울특별시 용산구 보광동 253-18번지
11170,13600,0,0253,0019,,,일반건축물,단독주택,주택,107.73,53.19,156.69,19871219,2,1,서울특별시 용산구 보광동 253-19번지
11170,13600,0,0253,0020,,,일반건축물,단독주택,주택,0,51.57,98.81,19650116,2,0,서울특별시 용산구 보광동 253-20번지
11170,13600,0,0253,0021,,,일반건축물,단독주택,주택,119,56.88,165.81,19841120,2,1,서울특별시 용산구 보광동 253-21번지
11170,13600,0,0253,0022,,,일반건축물,단독주택,다가구용단독주택(4가구),125.81,67.52,196.79,19911118,2,1,서울특별시 용산구 보광동 253-22번지
11170,13600,0,0253,0024,,,일반건축물,단독주택,다가구용단독주택(3가구),116.51,70.68,173.4,19671020,3,0,서울특별시 용산구 보광동 253-24번지
11170,13600,0,0253,0026,,,일반건축물,단독주택,다가구용단독주택(4가구),93.51,55.27,199.8,19940309,3,1,서울특별시 용산구 보광동 253-26번지
11170,13600,0,0253,0029,,,일반건축물,단독주택,다가구용단독주택(5가구),102.55,51.25,141.75,19890515,2,1,서울특별시 용산구 보광동 253-29번지
11170,13600,0,0253,0030,,,일반건축물,단독주택,주택,109.8,54.75,178.62,19891220,2,1,서울특별시 용산구 보광동 253-30번지
11170,13600,0,0253,0031,,,일반건축물,단독주택,다가구용단독주택(4가구),106,52.46,155.52,19910724,2,1,서울특별시 용산구 보광동 253-31번지
11170,13600,0,0253,0033,,,일반건축물,단독주택,"다가구용단독주택(2가구), 근린생활시설",112.59,66.77,178.09,19930512,2,1,서울특별시 용산구 보광동 253-33번지
11170,13600,0,0253,0034,,,일반건축물,단독주택,다가구용단독주택(3가구),129,64.26,207.9,19900825,2,1,서울특별시 용산구 보광동 253-34번지
11170,13600,0,0253,0037,,,일반건축물,단독주택,"다가구용단독주택(2가구), 근린생활시설",93.25,55.85,171.37,19931025,2,1,서울특별시 용산구 보광동 253-37번지
11170,13600,0,0253,0042,,,일반건축물,단독주택,주택,0,112.36,205.32,19700120,2,0,서울특별시 용산구 보광동 253-42번지
11170,13600,0,0253,0043,,,일반건축물,노유자시설,"제2종근린생활시설,노유자시설",231.4,123.57,276.63,19771121,2,1,서울특별시 용산구 보광동 253-43번지
11170,13600,0,0253,0044,,,일반건축물,단독주택,"주택, 근린생활시설",150,63.8,255.27,19920316,3,1,서울특별시 용산구 보광동 253-44번지
11170,13600,0,0253,0047,,,일반건축물,종교시설,"문화및집회시설,종교집회장",208,99,369.47,19931021,3,1,서울특별시 용산구 보광동 253-47번지
11170,13600,0,0253,0049,,,일반건축물,단독주택,다가구용단독주택(4가구),270,161.64,633.6,19980616,3,1,서울특별시 용산구 보광동 253-49번지
11170,13600,0,0253,0050,,,일반건축물,단독주택,주택,143.1,71.34,218.76,19900116,2,1,서울특별시 용산구 보광동 253-50번지
11170,13600,0,0253,0052,,,일반건축물,단독주택,다가구용단독주택(4가구),129,64.26,207.9,19900908,2,1,서울특별시 용산구 보광동 253-52번지
11170,13600,0,0254,0000,,,일반건축물,근린생활시설,"근린생활시설, 주택",686,251.25,1488.63,19901027,5,1,서울특별시 용산구 보광동 254번지
11170,13600,0,0257,0001,,,일반건축물,단독주택,"다가구용단독주택(4가구), 근린생활시설",187.55,112.26,440.79,19911210,3,1,서울특별시 용산구 보광동 257-1번지
11170,13600,0,0258,0001,,,일반건축물,단독주택,"주택, 점포",0,89.65,156.39,19700613,2,1,서울특별시 용산구 보광동 258-1번지
11170,13600,0,0258,0002,,,일반건축물,단독주택,주택,0,100.2,167.54,19691215,2,1,서울특별시 용산구 보광동 258-2번지
11170,13600,0,0258,0002,,,일반건축물,위험물저장및처리시설,"액화석유가스판매소,주택",0,44.6,76.53,19630622,2,0,서울특별시 용산구 보광동 258-2번지
11170,13600,0,0258,0004,,,일반건축물,단독주택,"주택, 점포",0,72.07,94.55,19650802,2,0,서울특별시 용산구 보광동 258-4번지
11170,13600,0,0258,0005,,,일반건축물,단독주택,"근린생활시설, 다가구용단독주택(3가구)",142,83.31,288.84,19960802,3,1,서울특별시 용산구 보광동 258-5번지
11170,13600,0,0258,0008,,,일반건축물,제2종근린생활시설,"주택, 제1종 및 제2종근린생활시설",89,93.03,149.56,19680802,2,1,서울특별시 용산구 보광동 258-8번지
11170,13600,0,0258,0009,,,일반건축물,단독주택,"다가구용단독주택(2가구), 근린생활시설",115.62,69.34,252.08,19930825,3,1,서울특별시 용산구 보광동 258-9번지
11170,13600,0,0258,0010,,,일반건축물,단독주택,"단독주택, 근린생활시설",116.29,62.37,295.11,19870324,4,1,서울특별시 용산구 보광동 258-10번지
11170,13600,0,0258,0015,,,일반건축물,단독주택,주택,0,95.77,175.84,19671205,2,1,서울특별시 용산구 보광동 258-15번지
11170,13600,0,0258,0016,,,일반건축물,단독주택,주택,0,0,146.62,19691215,2,1,서울특별시 용산구 보광동 258-16번지
11170,13600,0,0258,0016,,,일반건축물,단독주택,주택,0,52.89,52.89,,1,0,서울특별시 용산구 보광동 258-16번지
11170,13600,0,0258,0021,,,일반건축물,단독주택,"다가구용단독주택(3가구), 근린생활시설",144.64,82.92,247.07,19930813,2,1,서울특별시 용산구 보광동 258-21번지
11170,13600,0,0259,0001,,,표제부,제1종근린생활시설,"제1,2종 근린생활시설",0,571.82,3685.85,19840622,5,1,서울특별시 용산구 보광동 259-1번지
11170,13600,0,0260,0001,,,일반건축물,단독주택,"단독주택,근린생활시설",199,96.6,417.7,19841012,4,1,서울특별시 용산구 보광동 260-1번지
11170,13600,0,0260,0003,,,일반건축물,제2종근린생활시설,근린생활시설,555,285.14,1340.3,19860808,5,1,서울특별시 용산구 보광동 260-3번지
11170,13600,0,0260,0004,,,일반건축물,단독주택,주택,0,97.15,187.98,19660726,2,1,서울특별시 용산구 보광동 260-4번지
11170,13600,0,0260,0006,,,표제부,공동주택,아파트,0,618.38,6118.64,19730131,11,0,서울특별시 용산구 보광동 260-6번지
11170,13600,0,0260,0007,,,일반건축물,제2종근린생활시설,"근린생활시설,업무시설,생활교육시설, 주택",1029,500.56,2979.01,19891202,5,1,서울특별시 용산구 보광동 260-7번지
11170,13600,0,0260,0008,,,일반건축물,판매시설,"종합시장, 근린생활시설",1639,777.73,3352.2,19841212,3,1,서울특별시 용산구 보광동 260-8번지
11170,13600,0,0260,0010,,,일반건축물,단독주택,"점포, 주택",0,46.81,46.81,19620520,1,0,서울특별시 용산구 보광동 260-10번지
11170,13600,0,0260,0011,,,일반건축물,제1종근린생활시설,"근린생활시설, 주택",235,116.4,701.55,19891108,5,1,서울특별시 용산구 보광동 260-11번지
11170,13600,0,0260,0012,,,일반건축물,제1종근린생활시설,"주택,근린생활시설",0,0,643.57,19611105,3,1,서울특별시 용산구 보광동 260-12번지
11170,13600,0,0260,0013,,,일반건축물,제1종근린생활시설,"근린생활시설, 주택",116,57.75,183.15,19880618,2,1,서울특별시 용산구 보광동 260-13번지
11170,13600,0,0260,0015,,,일반건축물,제1종근린생활시설,"제제소, 근린생활시설, 주택",0,158.2,318.96,19681228,3,1,서울특별시 용산구 보광동 260-15번지
11170,13600,0,0260,0016,,,일반건축물,단독주택,"주택,점포",0,38.02,52.8,19590920,2,0,서울특별시 용산구 보광동 260-16번지
11170,13600,0,0260,0016,,,일반건축물,제1종근린생활시설,"제1,2종근린생활시설, 주택",138.97,65.5,299,19930928,4,1,서울특별시 용산구 보광동 260-16번지
11170,13600,0,0260,0018,,,일반건축물,단독주택,주택,0,77.75,148.89,19670310,2,1,서울특별시 용산구 보광동 260-18번지
11170,13600,0,0260,0019,,,일반건축물,단독주택,주택,0,58.35,126.25,19681120,2,1,서울특별시 용산구 보광동 260-19번지
11170,13600,0,0260,0021,,,일반건축물,단독주택,주택,102.83,51.09,167.22,19891016,2,1,서울특별시 용산구 보광동 260-21번지
11170,13600,0,0260,0022,,,표제부,공동주택,다세대주택,0,72.12,215.88,19851122,2,1,서울특별시 용산구 보광동 260-22번지
11170,13600,0,0260,0023,,,일반건축물,단독주택,주택,0,54.84,54.84,,1,0,서울특별시 용산구 보광동 260-23번지
11170,13600,0,0260,0024,,,일반건축물,단독주택,주택,0,92.5,109.19,19701107,2,0,서울특별시 용산구 보광동 260-24번지
11170,13600,0,0260,0025,,,일반건축물,단독주택,주택,0,55.31,55.31,19661122,1,0,서울특별시 용산구 보광동 260-25번지
11170,13600,0,0260,0028,,,일반건축물,제1종근린생활시설,"사무실,점포",0,0,1153.89,,2,1,서울특별시 용산구 보광동 260-28번지
11170,13600,0,0260,0028,,,일반건축물,제1종근린생활시설,사무실,0,0,1153.89,19701019,2,1,서울특별시 용산구 보광동 260-28번지
11170,13600,0,0260,0030,,,표제부,제1종근린생활시설,"점포, 사무실",0,473.03,789.3,19701112,2,0,서울특별시 용산구 보광동 260-30번지
11170,13600,0,0260,0040,,,표제부,공동주택,다세대주택,223.01,102.095,329.94,19860613,3,1,서울특별시 용산구 보광동 260-40번지
11170,13600,0,0260,0042,,,표제부,공동주택,다세대주택,158.95,77.88,321.48,19861111,3,1,서울특별시 용산구 보광동 260-42번지
11170,13600,0,0260,0043,,,표제부,공동주택,다세대주택,234,115.815,321.7,19861114,2,1,서울특별시 용산구 보광동 260-43번지
11170,13600,0,0261,0001,,,일반건축물,단독주택,주택,121.88,60.63,188.12,19880727,2,1,서울특별시 용산구 보광동 261-1번지
11170,13600,0,0263,0001,,,일반건축물,단독주택,주택,0,78.16,78.16,19670505,1,0,서울특별시 용산구 보광동 263-1번지
11170,13600,0,0263,0002,,,일반건축물,단독주택,다가구용단독주택(4가구),77.81,43.08,134.88,19920304,2,1,서울특별시 용산구 보광동 263-2번지
11170,13600,0,0263,0003,,+,일반건축물,제1종근린생활시설,"근린생활시설, 주택",90.51,43.5,174.9,19900828,3,1,서울특별시 용산구 보광동 263-3번지
11170,13600,0,0263,0004,,,일반건축물,단독주택,주택,86.24,42.45,134.49,19900416,2,1,서울특별시 용산구 보광동 263-4번지
11170,13600,0,0263,0005,,,일반건축물,단독주택,단독주택,0,38.7,128.34,19900906,2,1,서울특별시 용산구 보광동 263-5번지
11170,13600,0,0263,0008,,,일반건축물,단독주택,다가구용단독주택(5가구),140.34,78.39,231.09,19920120,2,1,서울특별시 용산구 보광동 263-8번지
11170,13600,0,0263,0009,,,일반건축물,단독주택,"다가구주택및점포, 제2종근린생활시설",93,72.79,195.76,19710510,3,0,서울특별시 용산구 보광동 263-9번지
11170,13600,0,0263,0011,,,일반건축물,단독주택,단독주택(다가구주택4가구),125.42,73.22,198.49,20060817,2,1,서울특별시 용산구 보광동 263-11번지
11170,13600,0,0263,0013,,,일반건축물,단독주택,주택,0,57.59,107.34,19640808,2,0,서울특별시 용산구 보광동 263-13번지
11170,13600,0,0263,0015,,,일반건축물,단독주택,주택,0,64.79,92.89,19650818,2,0,서울특별시 용산구 보광동 263-15번지
11170,13600,0,0263,0016,,,일반건축물,단독주택,주택,109,54.09,162.27,19890608,2,1,서울특별시 용산구 보광동 263-16번지
11170,13600,0,0263,0017,,,일반건축물,제1종근린생활시설,"점포,주택",0,52.89,52.89,19651213,1,0,서울특별시 용산구 보광동 263-17번지
11170,13600,0,0263,0018,,,일반건축물,단독주택,다가구용단독주택(3가구),85.15,51.04,149.34,19920417,2,1,서울특별시 용산구 보광동 263-18번지
11170,13600,0,0263,0022,,,일반건축물,단독주택,주택,0,52.63,100.93,19691120,2,0,서울특별시 용산구 보광동 263-22번지
11170,13600,0,0263,0023,,,일반건축물,단독주택,"주택,근린생활시설",0,63.12,124.24,19691010,2,1,서울특별시 용산구 보광동 263-23번지
11170,13600,0,0264,0001,,,일반건축물,단독주택,주택,119,59.81,179.43,19830803,2,1,서울특별시 용산구 보광동 264-1번지
11170,13600,0,0264,0004,,,일반건축물,단독주택,주택,371,119.21,210.19,19610905,2,0,서울특별시 용산구 보광동 264-4번지
11170,13600,0,0264,0006,,,일반건축물,단독주택,다가구용단독주택(9가구),201.28,119.7,444.24,19940617,3,1,서울특별시 용산구 보광동 264-6번지
11170,13600,0,0264,0007,,,일반건축물,단독주택,주택,213.59,97.88,263.56,19850312,2,1,서울특별시 용산구 보광동 264-7번지
11170,13600,0,0264,0008,,,일반건축물,단독주택,단독주택,205.2,84.26,246.78,19890321,2,1,서울특별시 용산구 보광동 264-8번지
11170,13600,0,0264,0009,,,일반건축물,단독주택,다가구용단독주택(5가구),210.54,104.55,313.65,19900904,2,1,서울특별시 용산구 보광동 264-9번지
11170,13600,0,0264,0010,,,일반건축물,단독주택,다가구용단독주택(8가구),173.98,99.99,399.96,19911030,3,1,서울특별시 용산구 보광동 264-10번지
11170,13600,0,0264,0011,,,일반건축물,단독주택,주택,245,92.13,249.62,19800904,2,1,서울특별시 용산구 보광동 264-11번지
11170,13600,0,0264,0012,,,일반건축물,단독주택,다가구용단독주택(5가구),170.15,82.17,249.36,19901204,2,1,서울특별시 용산구 보광동 264-12번지
11170,13600,0,0264,0013,,,일반건축물,단독주택,주택,188,74.1,228.52,19831110,2,1,서울특별시 용산구 보광동 264-13번지
11170,13600,0,0264,0014,,,일반건축물,단독주택,주택,135,55.4,166.2,19840929,2,1,서울특별시 용산구 보광동 264-14번지
11170,13600,0,0264,0017,,,일반건축물,단독주택,주택,0,50.91,50.91,19641202,1,0,서울특별시 용산구 보광동 264-17번지
11170,13600,0,0264,0019,,,일반건축물,단독주택,다가구용단독주택(5가구),221,127.6,329.33,19981219,3,0,서울특별시 용산구 보광동 264-19번지
11170,13600,0,0264,0020,,,표제부,공동주택,다세대주택,185,89.24,249.14,19851125,2,1,서울특별시 용산구 보광동 264-20번지
11170,13600,0,0264,0022,,,일반건축물,단독주택,단독주택,129,63.33,189.99,19891219,2,1,서울특별시 용산구 보광동 264-22번지
11170,13600,0,0264,0023,,,일반건축물,단독주택,주택,0,38.35,38.35,19660103,1,0,서울특별시 용산구 보광동 264-23번지
11170,13600,0,0264,0023,,,일반건축물,단독주택,다가구용단독주택(3가구),60.25,33.32,95.55,19910903,2,1,서울특별시 용산구 보광동 264-23번지
11170,13600,0,0264,0025,,,일반건축물,단독주택,단독주택,179.9,84.96,248.7,19880616,2,1,서울특별시 용산구 보광동 264-25번지
11170,13600,0,0264,0026,,,일반건축물,단독주택,다가구용단독주택(7가구),210.73,125.1,504.36,19910724,3,1,서울특별시 용산구 보광동 264-26번지
11170,13600,0,0264,0035,,,일반건축물,단독주택,다가구용단독주택(3가구),52.6,30.64,95.38,19911228,2,1,서울특별시 용산구 보광동 264-35번지
11170,13600,0,0264,0037,,,일반건축물,단독주택,주택,96,55.54,105,19690814,2,1,서울특별시 용산구 보광동 264-37번지
11170,13600,0,0264,0038,,,일반건축물,단독주택,주택,378,129.26,328.27,19820914,1,1,서울특별시 용산구 보광동 264-38번지
11170,13600,0,0264,0039,,,일반건축물,단독주택,주택,0,28.73,56.27,19751028,2,0,서울특별시 용산구 보광동 264-39번지
11170,13600,0,0264,0041,,,일반건축물,단독주택,주택,0,67.47,130.78,19710615,2,1,서울특별시 용산구 보광동 264-41번지
11170,13600,0,0264,0042,,,일반건축물,단독주택,다가구용단독주택,141.63,82.2,239.12,20010601,3,0,서울특별시 용산구 보광동 264-42번지
11170,13600,0,0264,0043,,,일반건축물,단독주택,주택,0,0,58.32,19690730,1,0,서울특별시 용산구 보광동 264-43번지
11170,13600,0,0264,0044,,,일반건축물,단독주택,주택외1,126,64.86,176.12,19680810,3,0,서울특별시 용산구 보광동 264-44번지
11170,13600,0,0264,0045,,,일반건축물,단독주택,주택,128,70.05,181.28,19791020,2,1,서울특별시 용산구 보광동 264-45번지
11170,13600,0,0264,0046,,,일반건축물,단독주택,주택,0,59.54,111.51,19690925,2,0,서울특별시 용산구 보광동 264-46번지
11170,13600,0,0264,0047,,,일반건축물,단독주택,다가구용단독주택(3가구),58.5,35.08,89.03,19950220,2,1,서울특별시 용산구 보광동 264-47번지
11170,13600,0,0264,0048,,,일반건축물,단독주택,주택,0,29.8,29.8,19850629,1,0,서울특별시 용산구 보광동 264-48번지
11170,13600,0,0264,0050,,,일반건축물,단독주택,다가구용단독주택(5가구),148,72.24,288.96,19880329,3,1,서울특별시 용산구 보광동 264-50번지
11170,13600,0,0264,0051,,,일반건축물,단독주택,"주택,근린생활시설",83,41.2,164.8,19840607,3,1,서울특별시 용산구 보광동 264-51번지
11170,13600,0,0264,0052,,,일반건축물,제2종근린생활시설,제2종근린생활시설,215,128.28,379.41,20010111,3,0,서울특별시 용산구 보광동 264-52번지
11170,13600,0,0264,0053,,,일반건축물,제1종근린생활시설,"근린생활시설, 주택",0,49.92,86.09,19691001,2,0,서울특별시 용산구 보광동 264-53번지
11170,13600,0,0264,0054,,,일반건축물,단독주택,"다가구용단독주택(7가구),근린생활시설",324.7,194.4,1052.14,19971231,5,1,서울특별시 용산구 보광동 264-54번지
11170,13600,0,0264,0056,,,일반건축물,단독주택,"주택, 점포",0,94.55,204.07,19710524,2,1,서울특별시 용산구 보광동 264-56번지
11170,13600,0,0264,0064,,,일반건축물,단독주택,주택,0,33.22,33.22,19850629,1,0,서울특별시 용산구 보광동 264-64번지
11170,13600,0,0264,0068,,,일반건축물,단독주택,주택,0,96.69,209.45,19690712,2,1,서울특별시 용산구 보광동 264-68번지
11170,13600,0,0264,0069,,,일반건축물,단독주택,"주택, 근린생활시설",90,66.25,190.95,19661010,3,0,서울특별시 용산구 보광동 264-69번지
11170,13600,0,0264,0074,,,일반건축물,단독주택,주택,0,110.18,333.03,19710602,2,1,서울특별시 용산구 보광동 264-74번지
11170,13600,0,0264,0092,,,일반건축물,단독주택,주택,0,54.08,105.12,19770803,2,1,서울특별시 용산구 보광동 264-92번지
11170,13600,0,0264,0101,,,일반건축물,단독주택,주택,0,55.44,154.44,19830629,2,1,서울특별시 용산구 보광동 264-101번지
11170,13600,0,0264,0101,,,일반건축물,단독주택,주택,0,55.44,154.44,19830629,2,1,서울특별시 용산구 보광동 264-101번지
11170,13600,0,0264,0105,,,일반건축물,단독주택,다가구주택,127,54.98,164.94,19830803,2,1,서울특별시 용산구 보광동 264-105번지
11170,13600,0,0264,0106,,,일반건축물,단독주택,"주택, 근린생활시설",0,60.33,172.63,19830803,3,0,서울특별시 용산구 보광동 264-106번지
11170,13600,0,0265,0000,,,일반건축물,단독주택,주택,0,160.065,160.065,19850610,1,0,서울특별시 용산구 보광동 265번지
11170,13600,0,0265,0002,,,일반건축물,단독주택,주택,0,53.26,53.26,19571220,1,0,서울특별시 용산구 보광동 265-2번지
11170,13600,0,0265,0003,,,일반건축물,단독주택,주택,0,79.5,103.53,19710618,1,1,서울특별시 용산구 보광동 265-3번지
11170,13600,0,0265,0004,,,표제부,공동주택,다세대주택,199.89,76.8,199.23,19911026,2,1,서울특별시 용산구 보광동 265-4번지
11170,13600,0,0265,0005,,,일반건축물,단독주택,단독주택,139.37,66.96,195.6,19900901,2,1,서울특별시 용산구 보광동 265-5번지
11170,13600,0,0265,0006,,,일반건축물,단독주택,다가구용단독주택(3가구),68.82,41.03,105.99,19930701,2,1,서울특별시 용산구 보광동 265-6번지
11170,13600,0,0265,0007,,,일반건축물,단독주택,단독주택,93,50.58,98.12,19710721,2,1,서울특별시 용산구 보광동 265-7번지
11170,13600,0,0265,0008,,,일반건축물,단독주택,다가구용단독주택(4가구),84.35,50.36,145.08,19930417,2,1,서울특별시 용산구 보광동 265-8번지
11170,13600,0,0265,0010,,,일반건축물,단독주택,주택,145,70.4,249.2,19840727,3,1,서울특별시 용산구 보광동 265-10번지
11170,13600,0,0265,0012,,,표제부,공동주택,다세대주택,106,52.43,168.65,19910406,2,1,서울특별시 용산구 보광동 265-12번지
11170,13600,0,0265,0013,,,일반건축물,단독주택,주택,101.72,50.28,158.85,19860830,2,1,서울특별시 용산구 보광동 265-13번지
11170,13600,0,0265,0014,,,일반건축물,단독주택,주택,138.76,66.83,200.49,19880805,2,1,서울특별시 용산구 보광동 265-14번지
11170,13600,0,0265,0015,,,일반건축물,단독주택,주택,0,0,72.73,19540415,1,0,서울특별시 용산구 보광동 265-15번지
11170,13600,0,0265,0016,,,일반건축물,단독주택,주택,129,64.2,192.06,19880818,2,1,서울특별시 용산구 보광동 265-16번지
11170,13600,0,0265,0017,,,일반건축물,단독주택,다가구용단독주택(6가구),215.23,98.79,317.37,19901130,2,1,서울특별시 용산구 보광동 265-17번지
11170,13600,0,0265,0018,,,일반건축물,단독주택,주택,103.99,51.77,155.31,19881107,2,1,서울특별시 용산구 보광동 265-18번지
11170,13600,0,0265,0019,,,일반건축물,단독주택,주택,0,64.63,64.63,19601002,1,0,서울특별시 용산구 보광동 265-19번지
11170,13600,0,0265,0020,,,일반건축물,단독주택,다가구주택,86.49,57.53,152.26,20060906,2,1,서울특별시 용산구 보광동 265-20번지
11170,13600,0,0265,0021,,,일반건축물,단독주택,"다가구용단독주택(3가구), 근린생활시설",110.3,65.76,185.3,19940905,2,1,서울특별시 용산구 보광동 265-21번지
11170,13600,0,0265,0022,,,일반건축물,단독주택,다가구용단독주택(3가구),101.15,60.3,148.1,19930917,2,1,서울특별시 용산구 보광동 265-22번지
11170,13600,0,0265,0023,,,일반건축물,단독주택,주택,0,34.18,34.18,19640125,1,0,서울특별시 용산구 보광동 265-23번지
11170,13600,0,0265,0024,,,일반건축물,단독주택,다가구용단독주택(6가구),114.23,65.77,185.07,19911112,2,1,서울특별시 용산구 보광동 265-24번지
11170,13600,0,0265,0025,,,일반건축물,단독주택,주택,0,64.51,129.93,19650619,2,1,서울특별시 용산구 보광동 265-25번지
11170,13600,0,0265,0027,,,일반건축물,단독주택,주택,76,30.12,30.12,19930414,1,0,서울특별시 용산구 보광동 265-27번지
11170,13600,0,0265,0027,,,일반건축물,제1종근린생활시설,점포,76,13.35,19.79,19930414,2,0,서울특별시 용산구 보광동 265-27번지
11170,13600,0,0265,0028,,,일반건축물,단독주택,다가구용단독주택(2가구),95.32,57.17,171.51,20000524,3,0,서울특별시 용산구 보광동 265-28번지
11170,13600,0,0265,0029,,,일반건축물,단독주택,"주택, 영업용",0,116.67,203.64,19530430,2,1,서울특별시 용산구 보광동 265-29번지
11170,13600,0,0265,0033,,,일반건축물,단독주택,"단독주택,근린생활시설",169.37,101.24,424.06,19980624,4,1,서울특별시 용산구 보광동 265-33번지
11170,13600,0,0265,0035,,,일반건축물,단독주택,주택,149,67.35,200.61,19840106,2,1,서울특별시 용산구 보광동 265-35번지
11170,13600,0,0265,0036,,,일반건축물,단독주택,단독주택,110.16,51.57,154.71,19900813,2,1,서울특별시 용산구 보광동 265-36번지
11170,13600,0,0265,0037,,,일반건축물,단독주택,주택,124.51,62.1,210.27,19900228,2,1,서울특별시 용산구 보광동 265-37번지
11170,13600,0,0265,0038,,,일반건축물,단독주택,"다가구용단독주택(3가구), 근린생활시설",78.11,53.59,196.31,19941222,3,1,서울특별시 용산구 보광동 265-38번지
11170,13600,0,0265,0039,,,표제부,공동주택,다세대주택,150.79,75.28,222.78,19880718,2,1,서울특별시 용산구 보광동 265-39번지
11170,13600,0,0265,0040,,,일반건축물,단독주택,주택 및 근린생활시설,82.5,47.25,142.42,19760521,3,1,서울특별시 용산구 보광동 265-40번지
11170,13600,0,0265,0043,,,일반건축물,단독주택,주택,95.1,46.98,153.8,19900510,2,1,서울특별시 용산구 보광동 265-43번지
11170,13600,0,0265,0044,,,일반건축물,단독주택,다가구주택(5가구),77.4,55.12,156.7,20060706,2,1,서울특별시 용산구 보광동 265-44번지
11170,13600,0,0265,0046,,,일반건축물,단독주택,주택,0,21.82,21.82,19590610,1,0,서울특별시 용산구 보광동 265-46번지
11170,13600,0,0265,0047,,,일반건축물,단독주택,주택,0,25.12,25.12,19591201,1,0,서울특별시 용산구 보광동 265-47번지
11170,13600,0,0265,0048,,,일반건축물,단독주택,다가구용단독주택(3가구),76,44.89,121.66,19950629,2,1,서울특별시 용산구 보광동 265-48번지
11170,13600,0,0265,0049,,,일반건축물,단독주택,"다가구용단독주택(2가구), 근린생활시설",146.34,80.29,249.38,19940602,2,1,서울특별시 용산구 보광동 265-49번지
11170,13600,0,0265,0050,,,일반건축물,단독주택,다가구용단독주택(4가구),84.37,50.57,145.13,19940413,2,1,서울특별시 용산구 보광동 265-50번지
11170,13600,0,0265,0051,,,일반건축물,단독주택,"다가구용단독주택(2가구),근린생활시설",149.7,88.5,265,19930827,2,1,서울특별시 용산구 보광동 265-51번지
11170,13600,0,0265,0052,,,일반건축물,제2종근린생활시설,"근린생활시설, 단독주택",139.36,82.65,245.07,19970626,2,1,서울특별시 용산구 보광동 265-52번지
11170,13600,0,0265,0054,,,일반건축물,단독주택,주택,0,70.45,70.45,19611015,1,0,서울특별시 용산구 보광동 265-54번지
11170,13600,0,0265,0055,,,일반건축물,단독주택,주택,125.71,62.64,185.31,19881206,2,1,서울특별시 용산구 보광동 265-55번지
11170,13600,0,0265,0056,,,일반건축물,단독주택,주택,0,78.34,78.34,19631203,1,0,서울특별시 용산구 보광동 265-56번지
11170,13600,0,0265,0059,,,일반건축물,단독주택,주택,0,43.97,43.97,19650211,1,0,서울특별시 용산구 보광동 265-59번지
11170,13600,0,0265,0060,,,일반건축물,단독주택,주택,0,67.8,67.8,19661010,1,0,서울특별시 용산구 보광동 265-60번지
11170,13600,0,0265,0061,,,일반건축물,단독주택,주택,0,51.54,51.54,19671105,1,0,서울특별시 용산구 보광동 265-61번지
11170,13600,0,0265,0062,,,표제부,공동주택,다세대주택,167.46,80.36,249.03,19861227,2,1,서울특별시 용산구 보광동 265-62번지
11170,13600,0,0265,0063,,,일반건축물,단독주택,단독주택,92.87,45.9,142.2,19910416,2,1,서울특별시 용산구 보광동 265-63번지
11170,13600,0,0265,0064,,,표제부,공동주택,다세대주택,172,82.56,159.9,19741026,2,1,서울특별시 용산구 보광동 265-64번지
11170,13600,0,0265,0065,,,일반건축물,단독주택,다가구용단독주택(3가구),60.6,31.89,89.28,19930630,2,1,서울특별시 용산구 보광동 265-65번지
11170,13600,0,0265,0066,,,일반건축물,단독주택,다가구용단독주택(3가구),64.58,43.38,129.36,19930507,2,1,서울특별시 용산구 보광동 265-66번지
11170,13600,0,0265,0067,,,일반건축물,단독주택,주택,0,38.28,38.28,19590910,1,0,서울특별시 용산구 보광동 265-67번지
11170,13600,0,0265,0068,,,일반건축물,단독주택,다가구용단독주택(5가구),114.15,64.95,149.46,19940614,2,1,서울특별시 용산구 보광동 265-68번지
11170,13600,0,0265,0069,,,일반건축물,단독주택,주택,0,31.41,31.41,19591130,1,0,서울특별시 용산구 보광동 265-69번지
11170,13600,0,0265,0070,,,일반건축물,단독주택,다가구주택(4가구),96,39.12,117.36,20141002,3,0,서울특별시 용산구 보광동 265-70번지
11170,13600,0,0265,0071,,,일반건축물,단독주택,다가구용단독주택(3가구),111.04,66.23,198.69,19911114,2,1,서울특별시 용산구 보광동 265-71번지
11170,13600,0,0265,0072,,,일반건축물,단독주택,단독주택,92.03,48.52,138.6,19901229,2,1,서울특별시 용산구 보광동 265-72번지
11170,13600,0,0265,0073,,,일반건축물,단독주택,주택,122,67.67,184.94,19780628,2,1,서울특별시 용산구 보광동 265-73번지
11170,13600,0,0265,0074,,,일반건축물,단독주택,주택,101,44.6,91.87,19811111,2,1,서울특별시 용산구 보광동 265-74번지
11170,13600,0,0265,0075,,,일반건축물,단독주택,주택,0,39.97,87.54,19760803,2,1,서울특별시 용산구 보광동 265-75번지
11170,13600,0,0265,0076,,,일반건축물,단독주택,다가구용단독주택(5가구),98.8,57.92,177.36,19911202,2,1,서울특별시 용산구 보광동 265-76번지
11170,13600,0,0265,0077,,,일반건축물,노유자시설,아동관련시설(어린이집),114.6,68.16,244.14,19940630,3,1,서울특별시 용산구 보광동 265-77번지
11170,13600,0,0265,0078,,,일반건축물,단독주택,주택,0,45.59,45.59,19650720,1,0,서울특별시 용산구 보광동 265-78번지
11170,13600,0,0265,0079,,,일반건축물,단독주택,주택,0,23.14,23.14,19610320,1,0,서울특별시 용산구 보광동 265-79번지
11170,13600,0,0265,0079,,,일반건축물,단독주택,주택,0,80.73,165.82,19760409,2,1,서울특별시 용산구 보광동 265-79번지
11170,13600,0,0265,0080,,,일반건축물,단독주택,주택,0,0,30.3,19850629,1,0,서울특별시 용산구 보광동 265-80번지
11170,13600,0,0265,0081,,,일반건축물,단독주택,단독주택,97.82,56.83,172.92,19901103,2,1,서울특별시 용산구 보광동 265-81번지
11170,13600,0,0265,0082,,,일반건축물,단독주택,단독주택,76.03,41.04,127.62,19900911,2,1,서울특별시 용산구 보광동 265-82번지
11170,13600,0,0265,0083,,,일반건축물,단독주택,주택,72.32,35.91,113.43,19900530,2,1,서울특별시 용산구 보광동 265-83번지
11170,13600,0,0265,0084,,,일반건축물,단독주택,다가구용단독주택(4가구),186,65.61,186,19910913,2,1,서울특별시 용산구 보광동 265-84번지
11170,13600,0,0265,0085,,,일반건축물,단독주택,다가구용단독주택(4가구),81.3,53.93,145.89,19930826,2,1,서울특별시 용산구 보광동 265-85번지
11170,13600,0,0265,0086,,,일반건축물,단독주택,단독주택,69.78,43.08,130.36,19900713,2,1,서울특별시 용산구 보광동 265-86번지
11170,13600,0,0265,0088,,,일반건축물,단독주택,주택,177.64,83.49,151.54,19650115,2,1,서울특별시 용산구 보광동 265-88번지
11170,13600,0,0265,0089,,,일반건축물,단독주택,주택,0,54.78,108.5,19680810,2,1,서울특별시 용산구 보광동 265-89번지
11170,13600,0,0265,0090,,,일반건축물,단독주택,단독주택,129,61.35,184.05,20020201,2,1,서울특별시 용산구 보광동 265-90번지
11170,13600,0,0265,0091,,,일반건축물,단독주택,주택,93,46.17,109.49,19840626,2,1,서울특별시 용산구 보광동 265-91번지
11170,13600,0,0265,0093,,,일반건축물,단독주택,주택,0,28.28,74.1,19840404,3,0,서울특별시 용산구 보광동 265-93번지
11170,13600,0,0265,0094,,,일반건축물,단독주택,다가구용단독주택(4가구),128.98,63.48,210.12,19901011,2,1,서울특별시 용산구 보광동 265-94번지
11170,13600,0,0265,0095,,,표제부,공동주택,다세대주택,159,65.88,197.64,19831231,2,1,서울특별시 용산구 보광동 265-95번지
11170,13600,0,0265,0096,,,표제부,공동주택,다세대주택,107.85,61.02,172.86,19920131,2,1,서울특별시 용산구 보광동 265-96번지
11170,13600,0,0265,0097,,,일반건축물,단독주택,"다가구용단독주택(2가구), 근린생활시설",94.1,56,170,19930519,2,1,서울특별시 용산구 보광동 265-97번지
11170,13600,0,0265,0099,,,일반건축물,단독주택,다가구용단독주택(3가구),98.8,37.7,118.59,19901105,2,1,서울특별시 용산구 보광동 265-99번지
11170,13600,0,0265,0100,,,표제부,공동주택,다세대주택,270.43,119.37,325.89,19870911,2,1,서울특별시 용산구 보광동 265-100번지
11170,13600,0,0265,0101,,,일반건축물,단독주택,주택,0,66.61,128.43,19701209,2,1,서울특별시 용산구 보광동 265-101번지
11170,13600,0,0265,0103,,,일반건축물,노유자시설,"노유자시설,주택",208,84.78,246.96,,2,1,서울특별시 용산구 보광동 265-103번지
11170,13600,0,0265,0105,,,일반건축물,단독주택,"근린생활시설,다가구용단독주택(2가구)",136.69,81.02,228.31,19960309,2,1,서울특별시 용산구 보광동 265-105번지
11170,13600,0,0265,0106,,,일반건축물,단독주택,다가구용단독주택(5가구),77.42,53.92,148.76,19931110,2,1,서울특별시 용산구 보광동 265-106번지
11170,13600,0,0265,0108,,,일반건축물,단독주택,주택,0,40.67,55.71,19850629,2,0,서울특별시 용산구 보광동 265-108번지
11170,13600,0,0265,0109,,,일반건축물,단독주택,다가구용단독주택(3가구),73.97,49.96,149.88,19931126,2,1,서울특별시 용산구 보광동 265-109번지
11170,13600,0,0265,0110,,,일반건축물,단독주택,다가구용단독주택(3가구),63.62,40.23,112.71,19940324,2,1,서울특별시 용산구 보광동 265-110번지
11170,13600,0,0265,0111,,,일반건축물,단독주택,다가구용단독주택(3가구),65.91,43.41,123.53,19940324,2,1,서울특별시 용산구 보광동 265-111번지
11170,13600,0,0265,0112,,,일반건축물,단독주택,주택,0,26.26,26.26,19850629,1,0,서울특별시 용산구 보광동 265-112번지
11170,13600,0,0265,0113,,,표제부,공동주택,다세대주택,210.29,125.97,539.09,20020905,4,1,서울특별시 용산구 보광동 265-113번지
11170,13600,0,0265,0114,,,일반건축물,단독주택,단독주택,79.47,39.05,126.46,19910506,2,1,서울특별시 용산구 보광동 265-114번지
11170,13600,0,0265,0117,,,일반건축물,단독주택,주택,0,31.41,31.41,19630701,1,0,서울특별시 용산구 보광동 265-117번지
11170,13600,0,0265,0118,,,일반건축물,단독주택,다가구주택(4가구),97.57,46.65,155.35,20070103,3,1,서울특별시 용산구 보광동 265-118번지
11170,13600,0,0265,0119,,,일반건축물,단독주택,다가구주택,122.84,61.57,204.77,20060809,2,1,서울특별시 용산구 보광동 265-119번지
11170,13600,0,0265,0120,,,일반건축물,단독주택,단독주택,73,80.22,80.22,19850609,2,0,서울특별시 용산구 보광동 265-120번지
11170,13600,0,0265,0121,,,일반건축물,단독주택,다가구용단독주택(4가구),73,38.84,96.5,19970128,2,1,서울특별시 용산구 보광동 265-121번지
11170,13600,0,0265,0122,,,일반건축물,단독주택,다가구용단독주택(5가구),158.51,95.06,323.3,19941121,3,1,서울특별시 용산구 보광동 265-122번지
11170,13600,0,0265,0123,,,일반건축물,단독주택,주택,0,45.69,51.48,19700626,1,1,서울특별시 용산구 보광동 265-123번지
11170,13600,0,0265,0124,,,일반건축물,단독주택,주택,0,54.22,54.22,19641221,1,0,서울특별시 용산구 보광동 265-124번지
11170,13600,0,0265,0125,,,일반건축물,단독주택,주택,0,0,101.55,19800917,2,1,서울특별시 용산구 보광동 265-125번지
11170,13600,0,0265,0126,,,일반건축물,단독주택,"단독주택, 근린생활시설",64,44.77,123.28,19990731,3,0,서울특별시 용산구 보광동 265-126번지
11170,13600,0,0265,0127,,,일반건축물,단독주택,주택,0,66.84,133.45,19710722,2,1,서울특별시 용산구 보광동 265-127번지
11170,13600,0,0265,0128,,,일반건축물,단독주택,"점포,주택외1",0,87.5,175,19700514,2,0,서울특별시 용산구 보광동 265-128번지
11170,13600,0,0265,0129,,,일반건축물,단독주택,다가구용단독주택(5가구),109.6,65.52,196.56,19910824,2,1,서울특별시 용산구 보광동 265-129번지
11170,13600,0,0265,0130,,,일반건축물,단독주택,"주택, 근린생활시설",91.66,45.39,151.67,19850712,2,1,서울특별시 용산구 보광동 265-130번지
11170,13600,0,0265,0131,,,일반건축물,단독주택,주택,0,58.48,116.96,19680825,2,0,서울특별시 용산구 보광동 265-131번지
11170,13600,0,0265,0132,,,일반건축물,단독주택,다가구용단독주택(2가구),188.7,77.05,77.05,19580520,1,0,서울특별시 용산구 보광동 265-132번지
11170,13600,0,0265,0133,,,일반건축물,단독주택,"주택,점포",82.3,41.04,133.92,19870615,2,1,서울특별시 용산구 보광동 265-133번지
11170,13600,0,0265,0135,,,표제부,공동주택,다세대주택,304.01,178.17,659.17,20040827,5,0,서울특별시 용산구 보광동 265-135번지
11170,13600,0,0265,0136,,,일반건축물,단독주택,주택,100.3,57.29,208.22,19991106,3,1,서울특별시 용산구 보광동 265-136번지
11170,13600,0,0265,0137,,,일반건축물,단독주택,주택,0,49.22,72.76,19641120,2,0,서울특별시 용산구 보광동 265-137번지
11170,13600,0,0265,0138,,,일반건축물,단독주택,다가구용단독주택(3가구),77.48,46.2,138.6,19930611,2,1,서울특별시 용산구 보광동 265-138번지
11170,13600,0,0265,0139,,,일반건축물,단독주택,주택,0,39.01,39.01,19611230,1,0,서울특별시 용산구 보광동 265-139번지
11170,13600,0,0265,0140,,,일반건축물,단독주택,주택,0,47.37,102.58,19741115,2,1,서울특별시 용산구 보광동 265-140번지
11170,13600,0,0265,0141,,,일반건축물,단독주택,단독주택,96.85,57.93,112.93,20000908,2,0,서울특별시 용산구 보광동 265-141번지
11170,13600,0,0265,0143,,,일반건축물,단독주택,"다가구용단독주택(3가구), 근린생활시설",91.2,54.27,192.87,19950530,3,1,서울특별시 용산구 보광동 265-143번지
11170,13600,0,0265,0146,,,일반건축물,단독주택,주택,0,73.35,73.35,19850629,1,0,서울특별시 용산구 보광동 265-146번지
11170,13600,0,0265,0147,,,일반건축물,단독주택,다가구용단독주택(8가구),163.94,97.93,362.44,19930917,3,1,서울특별시 용산구 보광동 265-147번지
11170,13600,0,0265,0148,,,일반건축물,단독주택,주택,0,0,68.3,19660810,1,0,서울특별시 용산구 보광동 265-148번지
11170,13600,0,0265,0149,,,일반건축물,단독주택,주택,0,51.41,51.41,19600820,1,0,서울특별시 용산구 보광동 265-149번지
11170,13600,0,0265,0150,,,일반건축물,단독주택,주택,0,17.43,17.43,19850629,1,0,서울특별시 용산구 보광동 265-150번지
11170,13600,0,0265,0151,,,일반건축물,단독주택,주택,0,17.43,17.43,19850629,1,0,서울특별시 용산구 보광동 265-151번지
11170,13600,0,0265,0152,,,일반건축물,단독주택,주택,0,17.43,17.43,19850629,1,0,서울특별시 용산구 보광동 265-152번지
11170,13600,0,0265,0153,,,일반건축물,단독주택,주택,0,27.6,27.6,19850629,1,0,서울특별시 용산구 보광동 265-153번지
11170,13600,0,0265,0154,,,일반건축물,단독주택,"다가구용단독주택(2가구), 근린생활시설",147.55,88.32,264.96,19930730,2,1,서울특별시 용산구 보광동 265-154번지
11170,13600,0,0265,0155,,,일반건축물,단독주택,다가구용단독주택(6가구),162.7,79.695,199.77,19930928,2,1,서울특별시 용산구 보광동 265-155번지
11170,13600,0,0265,0156,,,일반건축물,단독주택,다가구주택(3가구),70.44,39.65,117.26,20060427,2,1,서울특별시 용산구 보광동 265-156번지
11170,13600,0,0265,0157,,,일반건축물,단독주택,다가구용단독주택(4가구),83.05,49.82,185.03,19911113,3,1,서울특별시 용산구 보광동 265-157번지
11170,13600,0,0265,0158,,,일반건축물,단독주택,"다가구용단독주택(3가구), 근린생활시설",93,55.65,222.6,19960920,3,1,서울특별시 용산구 보광동 265-158번지
11170,13600,0,0265,0160,,,일반건축물,단독주택,주택,0,0,49.59,19560810,1,0,서울특별시 용산구 보광동 265-160번지
11170,13600,0,0265,0161,,,일반건축물,단독주택,다가구용단독주택(5가구),109.01,64.24,151.82,19930925,2,1,서울특별시 용산구 보광동 265-161번지
11170,13600,0,0265,0162,,,일반건축물,단독주택,"주택, 근린생활시설",0,36.36,52.89,19671115,2,0,서울특별시 용산구 보광동 265-162번지
11170,13600,0,0265,0163,,,일반건축물,단독주택,주택,0,40.43,40.43,19670808,1,0,서울특별시 용산구 보광동 265-163번지
11170,13600,0,0265,0164,,,일반건축물,단독주택,"단독주택,근린생활시설",134.16,74.82,349.54,19910925,4,1,서울특별시 용산구 보광동 265-164번지
11170,13600,0,0265,0167,,,일반건축물,단독주택,주택,0,32.96,32.96,19850629,1,0,서울특별시 용산구 보광동 265-167번지
11170,13600,0,0265,0168,철진빌라,,일반건축물,단독주택,다가구주택,211.27,123.28,319.29,19890906,3,1,서울특별시 용산구 보광동 265-168번지
11170,13600,0,0265,0169,,,일반건축물,단독주택,주택,95.29,47.3,153.53,19890901,2,1,서울특별시 용산구 보광동 265-169번지
11170,13600,0,0265,0170,,,일반건축물,단독주택,주택,0,42.45,42.45,19640720,1,0,서울특별시 용산구 보광동 265-170번지
11170,13600,0,0265,0171,,,일반건축물,단독주택,주택,0,42.73,42.73,19850629,1,0,서울특별시 용산구 보광동 265-171번지
11170,13600,0,0265,0172,,,일반건축물,단독주택,다가구용단독주택(3가구),73.56,45.24,128.54,19930908,2,1,서울특별시 용산구 보광동 265-172번지
11170,13600,0,0265,0173,,,일반건축물,단독주택,주택,111.54,55.47,187.68,19890608,2,1,서울특별시 용산구 보광동 265-173번지
11170,13600,0,0265,0174,,,일반건축물,단독주택,단독주택,56,33.59,33.59,20021022,1,0,서울특별시 용산구 보광동 265-174번지
11170,13600,0,0265,0175,,,일반건축물,단독주택,단독주택,86,42.66,136.8,19900904,2,1,서울특별시 용산구 보광동 265-175번지
11170,13600,0,0265,0177,,,일반건축물,단독주택,"다가구용단독주택(2가구), 근린생활시설",127.72,71.43,199.14,19950928,2,1,서울특별시 용산구 보광동 265-177번지
11170,13600,0,0265,0178,,,일반건축물,단독주택,주택,0,42.5,42.5,19850629,1,0,서울특별시 용산구 보광동 265-178번지
11170,13600,0,0265,0179,,,일반건축물,단독주택,주택,0,64.78,64.78,19850206,1,0,서울특별시 용산구 보광동 265-179번지
11170,13600,0,0265,0180,,,일반건축물,단독주택,주택,0,56.73,113.46,19850206,2,0,서울특별시 용산구 보광동 265-180번지
11170,13600,0,0265,0181,,,표제부,공동주택,다세대주택,67.16,48.25,114.29,19940725,2,1,서울특별시 용산구 보광동 265-181번지
11170,13600,0,0265,0182,,,일반건축물,단독주택,다가구용단독주택(3가구),56.22,36.69,85.27,19940725,2,1,서울특별시 용산구 보광동 265-182번지
11170,13600,0,0265,0184,,,일반건축물,단독주택,주택,0,34.61,34.61,19700315,1,0,서울특별시 용산구 보광동 265-184번지
11170,13600,0,0265,0185,,,일반건축물,단독주택,주택,0,23.14,23.14,19670620,1,0,서울특별시 용산구 보광동 265-185번지
11170,13600,0,0265,0186,,,일반건축물,단독주택,주택,0,36.26,36.26,19611020,1,0,서울특별시 용산구 보광동 265-186번지
11170,13600,0,0265,0187,,,일반건축물,단독주택,단독주택,99,50.13,50.13,19981127,1,0,서울특별시 용산구 보광동 265-187번지
11170,13600,0,0265,0188,,,일반건축물,단독주택,주택,0,24,24,19850206,1,0,서울특별시 용산구 보광동 265-188번지
11170,13600,0,0265,0189,,,일반건축물,단독주택,"주택, 근린생활시설",111.74,55.3,220.72,19851109,3,1,서울특별시 용산구 보광동 265-189번지
11170,13600,0,0265,0190,,,일반건축물,단독주택,다가구용단독주택(4가구),135.28,79.26,197.46,19950708,2,1,서울특별시 용산구 보광동 265-190번지
11170,13600,0,0265,0191,,,일반건축물,단독주택,단독주택,98.75,48.03,155.19,19910907,2,1,서울특별시 용산구 보광동 265-191번지
11170,13600,0,0265,0192,,,일반건축물,단독주택,"주택, 근린생활시설",198.44,98.46,298.16,19670920,3,1,서울특별시 용산구 보광동 265-192번지
11170,13600,0,0265,0193,,,일반건축물,단독주택,주택,66,32.88,99.72,19831209,2,1,서울특별시 용산구 보광동 265-193번지
11170,13600,0,0265,0193,,,일반건축물,단독주택,주택,0,47.04,47.04,19830328,1,0,서울특별시 용산구 보광동 265-193번지
11170,13600,0,0265,0194,,,표제부,공동주택,다세대주택,99,48.69,153.83,19840828,2,1,서울특별시 용산구 보광동 265-194번지
11170,13600,0,0265,0194,,,일반건축물,단독주택,주택,0,43.95,57.75,19830421,2,0,서울특별시 용산구 보광동 265-194번지
11170,13600,0,0265,0196,,,표제부,공동주택,다세대주택,263.52,156.04,550.19,19940929,3,1,서울특별시 용산구 보광동 265-196번지
11170,13600,0,0265,0197,,,일반건축물,단독주택,주택,193.76,96.17,235.23,19840907,2,1,서울특별시 용산구 보광동 265-197번지
11170,13600,0,0265,0199,,,일반건축물,단독주택,"다가구용단독주택(2가구), 근린생활시설",99.97,59.5,191.25,19950522,2,1,서울특별시 용산구 보광동 265-199번지
11170,13600,0,0265,0200,,,일반건축물,단독주택,주택,122,53.31,171.3,19831230,2,1,서울특별시 용산구 보광동 265-200번지
11170,13600,0,0265,0201,,,표제부,공동주택,다세대주택,144.7,71.92,223.46,19890106,2,1,서울특별시 용산구 보광동 265-201번지
11170,13600,0,0265,0202,,,일반건축물,단독주택,"다가구용단독주택(4가구), 근린생활시설",123.75,74.06,283.18,19950610,3,1,서울특별시 용산구 보광동 265-202번지
11170,13600,0,0265,0203,,,일반건축물,단독주택,단독주택,46,26.75,24.29,19970510,1,0,서울특별시 용산구 보광동 265-203번지
11170,13600,0,0265,0204,,,일반건축물,제2종근린생활시설,"제2종근린생활시설, 주택",297.32,145.73,439.63,19850129,3,1,서울특별시 용산구 보광동 265-204번지
11170,13600,0,0265,0206,,,일반건축물,제1종근린생활시설,"근린생활시설, 주택",0,43.6,151.6,19850201,3,1,서울특별시 용산구 보광동 265-206번지
11170,13600,0,0265,0208,,,일반건축물,단독주택,주택,0,69.95,69.95,19850629,1,0,서울특별시 용산구 보광동 265-208번지
11170,13600,0,0265,0209,,,일반건축물,단독주택,주택,0,71.64,140.43,19760617,2,1,서울특별시 용산구 보광동 265-209번지
11170,13600,0,0265,0210,,,일반건축물,단독주택,"다가구용단독주택(3가구), 근린생활시설",90.54,53.14,192.27,19970722,3,1,서울특별시 용산구 보광동 265-210번지
11170,13600,0,0265,0211,,,일반건축물,단독주택,주택,0,66,190.16,19850629,2,1,서울특별시 용산구 보광동 265-211번지
11170,13600,0,0265,0213,,,일반건축물,단독주택,"주택, 약국, 점포",0,57.29,125.09,19760918,2,1,서울특별시 용산구 보광동 265-213번지
11170,13600,0,0265,0214,,,일반건축물,단독주택,"주택, 점포, 제2종근린생활시설",0,82.74,228.72,19710707,3,1,서울특별시 용산구 보광동 265-214번지
11170,13600,0,0265,0215,,,일반건축물,단독주택,주택,0,67.14,156.3,19740624,3,1,서울특별시 용산구 보광동 265-215번지
11170,13600,0,0265,0216,,,일반건축물,단독주택,"다가구용단독주택(2가구), 근린생활시설",83,49.74,138.35,19950104,2,1,서울특별시 용산구 보광동 265-216번지
11170,13600,0,0265,0217,,,일반건축물,단독주택,주택,116,64.99,128.85,19740920,2,1,서울특별시 용산구 보광동 265-217번지
11170,13600,0,0265,0218,,,일반건축물,단독주택,주택,186.5,108.36,193.6,19691006,2,1,서울특별시 용산구 보광동 265-218번지
11170,13600,0,0265,0219,,,일반건축물,단독주택,"다가구용단독주택, 근린생활시설",159,94.8,297.95,19930527,3,1,서울특별시 용산구 보광동 265-219번지
11170,13600,0,0265,0220,,,일반건축물,단독주택,"다가구용단독주택(3가구), 근린생활시설",118.59,69.43,192.21,19930705,2,1,서울특별시 용산구 보광동 265-220번지
11170,13600,0,0265,0221,,,일반건축물,단독주택,주택,0,64.32,64.32,19850111,1,0,서울특별시 용산구 보광동 265-221번지
11170,13600,0,0265,0222,,,일반건축물,단독주택,주택,0,24.23,24.23,19601017,1,0,서울특별시 용산구 보광동 265-222번지
11170,13600,0,0265,0223,,,일반건축물,단독주택,주택,144.69,71.91,215.73,19890823,2,1,서울특별시 용산구 보광동 265-223번지
11170,13600,0,0265,0224,,,일반건축물,단독주택,주택,155,74.73,179.49,19830709,2,1,서울특별시 용산구 보광동 265-224번지
11170,13600,0,0265,0225,,,일반건축물,단독주택,주택,0,48.13,48.13,19611220,1,0,서울특별시 용산구 보광동 265-225번지
11170,13600,0,0265,0226,,,일반건축물,단독주택,단독주택,66.6,37.4,106.22,19931214,2,1,서울특별시 용산구 보광동 265-226번지
11170,13600,0,0265,0227,,,표제부,공동주택,다세대주택,119.53,71.24,192.35,19940416,2,1,서울특별시 용산구 보광동 265-227번지
11170,13600,0,0265,0229,,,일반건축물,단독주택,"다가구용단독주택(2가구), 근린생활시설",114.6,60.28,177.76,19960914,2,1,서울특별시 용산구 보광동 265-229번지
11170,13600,0,0265,0231,,,일반건축물,단독주택,"근린생활시설, 주택",114.57,67.46,289.55,19970721,4,1,서울특별시 용산구 보광동 265-231번지
11170,13600,0,0265,0232,,,일반건축물,단독주택,"다가구용단독주택(2가구), 근린생활시설",115.39,66.55,123.09,19940525,2,0,서울특별시 용산구 보광동 265-232번지
11170,13600,0,0265,0234,,,일반건축물,단독주택,다가구용단독주택(3가구),48.7,28.59,75,19951229,2,1,서울특별시 용산구 보광동 265-234번지
11170,13600,0,0265,0235,,,일반건축물,단독주택,주택,0,53.42,53.42,19660320,1,0,서울특별시 용산구 보광동 265-235번지
11170,13600,0,0265,0240,,,일반건축물,단독주택,단독주택,79,47.39,85.98,20010928,2,0,서울특별시 용산구 보광동 265-240번지
11170,13600,0,0265,0241,,,일반건축물,단독주택,단독주택,58.27,33.21,99.61,20010426,2,1,서울특별시 용산구 보광동 265-241번지
11170,13600,0,0265,0243,,,일반건축물,단독주택,주택,0,23.87,23.87,19590313,1,0,서울특별시 용산구 보광동 265-243번지
11170,13600,0,0265,0244,,,일반건축물,단독주택,"주택,근린생활시설",0,104.46,274.04,19821229,2,1,서울특별시 용산구 보광동 265-244번지
11170,13600,0,0265,0248,,,표제부,공동주택,"다세대주택, 근린생활시설",90.51,54.22,143.13,19960607,2,1,서울특별시 용산구 보광동 265-248번지
11170,13600,0,0265,0249,,,일반건축물,단독주택,다가구용단독주택(3가구),61.67,38.15,105.01,19960209,2,1,서울특별시 용산구 보광동 265-249번지
11170,13600,0,0265,0250,,,일반건축물,단독주택,"주택,근린생활시설",142,81.72,282.03,19910706,4,0,서울특별시 용산구 보광동 265-250번지
11170,13600,0,0265,0251,,,일반건축물,제2종근린생활시설,"근린생활시설, 주택,점포",0,16.69,30.81,19591120,2,0,서울특별시 용산구 보광동 265-251번지
11170,13600,0,0265,0253,,,일반건축물,단독주택,다가구용단독주택(3가구),64.67,38.74,120.83,19940418,2,1,서울특별시 용산구 보광동 265-253번지
11170,13600,0,0265,0254,,,일반건축물,단독주택,다가구용단독주택(7가구),180.5,98.23,366.1,19950526,3,1,서울특별시 용산구 보광동 265-254번지
11170,13600,0,0265,0255,,,일반건축물,단독주택,"다가구용단독주택(3가구), 제1종근린생활시설",96,55.71,214.7,20001104,3,1,서울특별시 용산구 보광동 265-255번지
11170,13600,0,0265,0259,,,일반건축물,단독주택,주택,0,37.53,37.53,19850629,1,0,서울특별시 용산구 보광동 265-259번지
11170,13600,0,0265,0260,,,일반건축물,단독주택,주택,0,50.41,100.16,19690905,2,1,서울특별시 용산구 보광동 265-260번지
11170,13600,0,0265,0261,,,일반건축물,단독주택,주택,63,43.65,115.5,19900526,2,1,서울특별시 용산구 보광동 265-261번지
11170,13600,0,0265,0262,,,일반건축물,단독주택,"다가구용단독주택(3가구), 근린생활시설",129.36,77.6,226.41,19930831,2,1,서울특별시 용산구 보광동 265-262번지
11170,13600,0,0265,0263,,,일반건축물,단독주택,주택,119,54.81,122.22,19840116,2,1,서울특별시 용산구 보광동 265-263번지
11170,13600,0,0265,0266,,,일반건축물,단독주택,주택,73,36.36,119.57,19890608,2,1,서울특별시 용산구 보광동 265-266번지
11170,13600,0,0265,0267,,,일반건축물,단독주택,"주택, 근린생활시설",0,63.01,166.52,19751105,3,1,서울특별시 용산구 보광동 265-267번지
11170,13600,0,0265,0268,,,일반건축물,단독주택,다가구주택,106,52.56,157.68,19870525,2,1,서울특별시 용산구 보광동 265-268번지
11170,13600,0,0265,0269,,,일반건축물,단독주택,단독주택,173,83.1,249.3,19891013,2,1,서울특별시 용산구 보광동 265-269번지
11170,13600,0,0265,0270,,,일반건축물,단독주택,다가구용단독주택(6가구),105.91,63.24,248.41,19930928,3,1,서울특별시 용산구 보광동 265-270번지
11170,13600,0,0265,0272,,,일반건축물,단독주택,단독주택,131.01,65.27,200.54,19910315,2,1,서울특별시 용산구 보광동 265-272번지
11170,13600,0,0265,0274,,,일반건축물,단독주택,주택,0,22.25,22.25,19850629,1,0,서울특별시 용산구 보광동 265-274번지
11170,13600,0,0265,0276,,,일반건축물,단독주택,주택,0,0,39.79,19850629,1,0,서울특별시 용산구 보광동 265-276번지
11170,13600,0,0265,0277,,,일반건축물,단독주택,다가구용단독주택(3가구),98.88,59.23,165.38,19940809,2,1,서울특별시 용산구 보광동 265-277번지
11170,13600,0,0265,0278,,,일반건축물,단독주택,주택,149,72.96,218.88,19840801,2,1,서울특별시 용산구 보광동 265-278번지
11170,13600,0,0265,0280,,,일반건축물,단독주택,주택,152,73.69,263.87,19830816,2,1,서울특별시 용산구 보광동 265-280번지
11170,13600,0,0265,0281,,,일반건축물,단독주택,주택,0,0,49.59,19540415,1,0,서울특별시 용산구 보광동 265-281번지
11170,13600,0,0265,0282,,,일반건축물,단독주택,"주택, 점포",0,39.67,39.67,19640601,1,0,서울특별시 용산구 보광동 265-282번지
11170,13600,0,0265,0283,,,일반건축물,단독주택,다가구용단독주택(7가구),137.25,82,322.12,19950114,3,1,서울특별시 용산구 보광동 265-283번지
11170,13600,0,0265,0284,,,표제부,공동주택,다세대주택,0,106.17,318.51,19860607,2,1,서울특별시 용산구 보광동 265-284번지
11170,13600,0,0265,0284,,,표제부,공동주택,다세대주택,0,54.86,164.58,19860607,2,1,서울특별시 용산구 보광동 265-284번지
11170,13600,0,0265,0285,,,일반건축물,단독주택,주택,122,59.4,178.2,19890419,2,1,서울특별시 용산구 보광동 265-285번지
11170,13600,0,0265,0286,,,일반건축물,단독주택,"다가구용단독주택(3가구), 근린생활시설",112,66.84,208.08,19930818,2,1,서울특별시 용산구 보광동 265-286번지
11170,13600,0,0265,0287,,,일반건축물,단독주택,다가구용단독주택(3가구),76.72,53.7,146.2,19931230,2,1,서울특별시 용산구 보광동 265-287번지
11170,13600,0,0265,0288,,,일반건축물,단독주택,주택,70.31,34.82,125.51,19880107,2,1,서울특별시 용산구 보광동 265-288번지
11170,13600,0,0265,0289,,,일반건축물,단독주택,주택,0,0,49.59,19540415,1,0,서울특별시 용산구 보광동 265-289번지
11170,13600,0,0265,0290,,,일반건축물,단독주택,주택,89,38.44,85.79,19831026,2,1,서울특별시 용산구 보광동 265-290번지
11170,13600,0,0265,0291,,,일반건축물,단독주택,단독주택(다가구주택3가구),82,61.31,147.01,20060913,2,1,서울특별시 용산구 보광동 265-291번지
11170,13600,0,0265,0293,,,일반건축물,단독주택,다가구용단독주택(3가구),105.35,65.46,258.66,19910919,3,1,서울특별시 용산구 보광동 265-293번지
11170,13600,0,0265,0294,,,일반건축물,단독주택,"주택, 근린생활시설",136,66.15,205.65,19830813,3,1,서울특별시 용산구 보광동 265-294번지
11170,13600,0,0265,0295,,,일반건축물,단독주택,"주택,근린생활시설",0,36.08,99.64,19840725,2,1,서울특별시 용산구 보광동 265-295번지
11170,13600,0,0265,0296,,,일반건축물,종교시설,"교회,유치원,아동관련시설",1519.5,650.58,1953.81,19821203,3,1,서울특별시 용산구 보광동 265-296번지
11170,13600,0,0265,0297,,,일반건축물,단독주택,"다가구용단독주택(3가구), 근린생활시설",118.82,71.1,210.42,19931019,2,1,서울특별시 용산구 보광동 265-297번지
11170,13600,0,0265,0298,,,일반건축물,단독주택,"근린생활시설,주택",0,46.76,140.28,19830728,2,1,서울특별시 용산구 보광동 265-298번지
11170,13600,0,0265,0298,,,일반건축물,단독주택,"점포,주택",0,47.31,47.31,19581001,1,0,서울특별시 용산구 보광동 265-298번지
11170,13600,0,0265,0299,,,일반건축물,단독주택,"주택,근린생활시설",0,74.31,199.67,19700922,3,1,서울특별시 용산구 보광동 265-299번지
11170,13600,0,0265,0300,,,일반건축물,단독주택,다가구용단독주택(4가구),121.05,65.52,176.42,19910819,2,1,서울특별시 용산구 보광동 265-300번지
11170,13600,0,0265,0302,,,일반건축물,단독주택,주택,79,36.09,112.59,19840608,2,1,서울특별시 용산구 보광동 265-302번지
11170,13600,0,0265,0303,,,일반건축물,단독주택,주택,0,45.19,97.69,19810311,2,1,서울특별시 용산구 보광동 265-303번지
11170,13600,0,0265,0304,,,일반건축물,단독주택,주택,0,41.93,41.93,19850630,1,0,서울특별시 용산구 보광동 265-304번지
11170,13600,0,0265,0305,,,일반건축물,단독주택,주택,0,27.75,27.75,19840824,1,0,서울특별시 용산구 보광동 265-305번지
11170,13600,0,0265,0306,,,일반건축물,단독주택,주택,0,18.58,18.58,19850629,1,0,서울특별시 용산구 보광동 265-306번지
11170,13600,0,0265,0308,,,일반건축물,단독주택,다가구주택,130.7,76.71,231.06,19930716,3,1,서울특별시 용산구 보광동 265-308번지
11170,13600,0,0265,0309,,,일반건축물,단독주택,주택,0,23.87,23.87,19630227,1,0,서울특별시 용산구 보광동 265-309번지
11170,13600,0,0265,0310,,,일반건축물,단독주택,주택,0,26.45,26.45,19601030,1,0,서울특별시 용산구 보광동 265-310번지
11170,13600,0,0265,0311,,,일반건축물,단독주택,"근린생활시설, 주택",198,96.63,494.88,19891014,5,1,서울특별시 용산구 보광동 265-311번지
11170,13600,0,0265,0314,,,일반건축물,단독주택,주택,116.6,57.69,173.07,19880718,2,1,서울특별시 용산구 보광동 265-314번지
11170,13600,0,0265,0315,,,일반건축물,단독주택,다가구용단독주택(5가구),133.69,77.09,234.34,19920828,2,1,서울특별시 용산구 보광동 265-315번지
11170,13600,0,0265,0318,,,일반건축물,단독주택,다가구용단독주택(4가구),209.46,82.26,198.63,19910830,2,1,서울특별시 용산구 보광동 265-318번지
11170,13600,0,0265,0320,,,일반건축물,단독주택,다가구용단독주택(4가구),81.5,47.27,190.82,19910705,3,1,서울특별시 용산구 보광동 265-320번지
11170,13600,0,0265,0321,,,일반건축물,단독주택,다가구용단독주택(8가구),192.39,113.8,432.17,19940630,3,1,서울특별시 용산구 보광동 265-321번지
11170,13600,0,0265,0322,,,일반건축물,단독주택,주택,0,32.3,32.3,19690412,1,0,서울특별시 용산구 보광동 265-322번지
11170,13600,0,0265,0323,,,일반건축물,단독주택,다가구용단독주택(3가구),62.09,36.07,97.17,19910920,2,1,서울특별시 용산구 보광동 265-323번지
11170,13600,0,0265,0325,,,일반건축물,단독주택,"다가구용단독주택(4가구), 근린생활시설",125,74.9,299.6,19950624,3,1,서울특별시 용산구 보광동 265-325번지
11170,13600,0,0265,0326,,,표제부,공동주택,다세대주택,116.41,69.83,266.97,19940930,3,1,서울특별시 용산구 보광동 265-326번지
11170,13600,0,0265,0327,,,일반건축물,단독주택,주택,99,48.03,144.09,19880817,2,1,서울특별시 용산구 보광동 265-327번지
11170,13600,0,0265,0328,,,일반건축물,단독주택,다가구용단독주택(2가구),49.78,39.44,75.73,19950531,2,0,서울특별시 용산구 보광동 265-328번지
11170,13600,0,0265,0329,,,일반건축물,단독주택,주택,0,69.14,74.54,19850629,1,1,서울특별시 용산구 보광동 265-329번지
11170,13600,0,0265,0335,,,일반건축물,단독주택,주택,0,40.33,40.33,19630420,1,0,서울특별시 용산구 보광동 265-335번지
11170,13600,0,0265,0336,,,일반건축물,단독주택,"다가구용단독주택(3가구), 근린생활시설",73,43.66,125.62,19970711,2,1,서울특별시 용산구 보광동 265-336번지
11170,13600,0,0265,0337,,,일반건축물,단독주택,"주택,근린생활시설",56,40.85,40.85,19850624,1,0,서울특별시 용산구 보광동 265-337번지
11170,13600,0,0265,0338,,,일반건축물,단독주택,주택,0,33.59,33.59,19710530,1,0,서울특별시 용산구 보광동 265-338번지
11170,13600,0,0265,0340,,,일반건축물,단독주택,주택,0,41.77,41.77,19850627,1,0,서울특별시 용산구 보광동 265-340번지
11170,13600,0,0265,0341,,,일반건축물,단독주택,다가구용단독주택(4가구),95.08,51.65,154.95,19920508,2,1,서울특별시 용산구 보광동 265-341번지
11170,13600,0,0265,0342,,,일반건축물,단독주택,주택,0,46.12,102.79,19750705,2,1,서울특별시 용산구 보광동 265-342번지
11170,13600,0,0265,0343,,,일반건축물,단독주택,주택,0,25.05,25.05,19850629,1,0,서울특별시 용산구 보광동 265-343번지
11170,13600,0,0265,0346,,,일반건축물,단독주택,"주택, 근린생활시설",173,75.74,150.19,19711102,2,1,서울특별시 용산구 보광동 265-346번지
11170,13600,0,0265,0347,,,일반건축물,단독주택,주택,0,78.33,123.47,19710510,2,1,서울특별시 용산구 보광동 265-347번지
11170,13600,0,0265,0348,,,일반건축물,제1종근린생활시설,"근린생활시설,주택",0,34.5,61.03,19600309,2,0,서울특별시 용산구 보광동 265-348번지
11170,13600,0,0265,0349,,,일반건축물,단독주택,주택,187.57,93.72,182.64,19861210,1,1,서울특별시 용산구 보광동 265-349번지
11170,13600,0,0265,0350,,,일반건축물,단독주택,다가구용단독주택(3가구),55.78,33.16,93.96,19920228,2,1,서울특별시 용산구 보광동 265-350번지
11170,13600,0,0265,0351,,,표제부,공동주택,다세대주택,136,67.04,201.12,19890623,2,1,서울특별시 용산구 보광동 265-351번지
11170,13600,0,0265,0352,,,일반건축물,단독주택,다가구용단독주택(3가구),55.49,39.6,79.2,20001230,2,0,서울특별시 용산구 보광동 265-352번지
11170,13600,0,0265,0353,,,일반건축물,단독주택,주택,0,27.77,27.77,19611230,1,0,서울특별시 용산구 보광동 265-353번지
11170,13600,0,0265,0354,,,일반건축물,단독주택,다가구주택(3가구),152.4,76.14,255.06,19891113,3,1,서울특별시 용산구 보광동 265-354번지
11170,13600,0,0265,0355,,,일반건축물,단독주택,단독주택,210.74,90.48,249.9,19900814,2,1,서울특별시 용산구 보광동 265-355번지
11170,13600,0,0265,0357,,,일반건축물,단독주택,주택,0,58.88,67.38,19750618,1,1,서울특별시 용산구 보광동 265-357번지
11170,13600,0,0265,0358,,,일반건축물,단독주택,"다가구용단독주택(2가구), 근린생활시설",88.3,52.51,140.61,19940802,3,0,서울특별시 용산구 보광동 265-358번지
11170,13600,0,0265,0359,,,일반건축물,단독주택,"주택, 점포",0,64.89,120.53,19700303,2,0,서울특별시 용산구 보광동 265-359번지
11170,13600,0,0265,0361,,,일반건축물,단독주택,주택,0,23.14,23.14,19610328,1,0,서울특별시 용산구 보광동 265-361번지
11170,13600,0,0265,0362,,,일반건축물,단독주택,단독주택,50.74,30.35,84.45,19940728,2,1,서울특별시 용산구 보광동 265-362번지
11170,13600,0,0265,0363,,,일반건축물,단독주택,"다가구주택(4가구),제2종근린생활시설",109.47,65.01,187.77,19931222,3,1,서울특별시 용산구 보광동 265-363번지
11170,13600,0,0265,0364,,,일반건축물,단독주택,"근린생활시설,다가구용단독주택(2가구)",103.3,61.36,233.34,19940711,3,1,서울특별시 용산구 보광동 265-364번지
11170,13600,0,0265,0366,,,일반건축물,단독주택,주택,132,64.98,144.18,19831228,2,1,서울특별시 용산구 보광동 265-366번지
11170,13600,0,0265,0367,,,일반건축물,단독주택,주택,0,56.11,118.93,19731122,2,1,서울특별시 용산구 보광동 265-367번지
11170,13600,0,0265,0371,,,일반건축물,단독주택,주택,0,0,71.34,19671215,2,0,서울특별시 용산구 보광동 265-371번지
11170,13600,0,0265,0373,,,일반건축물,단독주택,"주택, 근린생활시설",56,33.45,133.3,19920718,3,1,서울특별시 용산구 보광동 265-373번지
11170,13600,0,0265,0375,,,일반건축물,단독주택,주택,0,47.74,88.3,19550720,2,0,서울특별시 용산구 보광동 265-375번지
11170,13600,0,0265,0376,,,일반건축물,단독주택,"점포, 주택",0,59.9,202.51,19700610,3,1,서울특별시 용산구 보광동 265-376번지
11170,13600,0,0265,0378,,,일반건축물,단독주택,"다가구용단독주택(2가구), 근린생활시설",75.34,46.9,127.37,19951010,2,1,서울특별시 용산구 보광동 265-378번지
11170,13600,0,0265,0380,,,일반건축물,제1종근린생활시설,"근린생활시설, 주택",87.45,43.68,180.48,19890621,3,1,서울특별시 용산구 보광동 265-380번지
11170,13600,0,0265,0381,,,일반건축물,단독주택,"주택,점포",0,37.19,111.57,19710620,2,1,서울특별시 용산구 보광동 265-381번지
11170,13600,0,0265,0381,,,일반건축물,단독주택,주택,0,17.68,17.68,19830429,1,0,서울특별시 용산구 보광동 265-381번지
11170,13600,0,0265,0384,,,일반건축물,단독주택,단독주택,99,67.9,119.09,19681010,2,1,서울특별시 용산구 보광동 265-384번지
11170,13600,0,0265,0385,,,일반건축물,제1종근린생활시설,"1종근린생활시설,주택",83,63.64,124.8,19690310,2,1,서울특별시 용산구 보광동 265-385번지
11170,13600,0,0265,0386,,,일반건축물,단독주택,"주택, 점포",0,45.29,100.17,19821124,2,1,서울특별시 용산구 보광동 265-386번지
11170,13600,0,0265,0387,,,일반건축물,단독주택,"주택, 점포",0,45.88,45.88,19830429,1,0,서울특별시 용산구 보광동 265-387번지
11170,13600,0,0265,0390,,,일반건축물,단독주택,다가구용단독주택(5가구),117.11,59.6,178.8,19920304,2,1,서울특별시 용산구 보광동 265-390번지
11170,13600,0,0265,0391,,,일반건축물,단독주택,주택,0,29.38,29.38,19850629,1,0,서울특별시 용산구 보광동 265-391번지
11170,13600,0,0265,0392,,,일반건축물,단독주택,주택,0,0,37.36,19690420,1,0,서울특별시 용산구 보광동 265-392번지
11170,13600,0,0265,0393,,,일반건축물,단독주택,"주택, 근린생활시설",159,66.08,197.18,19840927,3,1,서울특별시 용산구 보광동 265-393번지
11170,13600,0,0265,0394,,,일반건축물,단독주택,다가구용단독주택(6가구),197.76,95.58,299.49,19910729,2,1,서울특별시 용산구 보광동 265-394번지
11170,13600,0,0265,0397,,,표제부,공동주택,다세대주택,97.27,58.11,286.59,20030121,4,1,서울특별시 용산구 보광동 265-397번지
11170,13600,0,0265,0398,,,표제부,공동주택,공동주택(다세대주택),70.67,34.45,115.81,20040504,4,0,서울특별시 용산구 보광동 265-398번지
11170,13600,0,0265,0399,,,일반건축물,단독주택,"주택, 점포",0,50.05,119.84,19691215,3,0,서울특별시 용산구 보광동 265-399번지
11170,13600,0,0265,0400,,,일반건축물,단독주택,주택,0,35.95,108.66,19881114,2,1,서울특별시 용산구 보광동 265-400번지
11170,13600,0,0265,0401,,,일반건축물,단독주택,주택,0,11.9,11.9,19601030,1,0,서울특별시 용산구 보광동 265-401번지
11170,13600,0,0265,0402,,,일반건축물,단독주택,주택,0,27.42,27.42,19851226,1,0,서울특별시 용산구 보광동 265-402번지
11170,13600,0,0265,0403,,,일반건축물,단독주택,주택,0,50.9,50.9,19850629,1,0,서울특별시 용산구 보광동 265-403번지
11170,13600,0,0265,0404,,,일반건축물,단독주택,단독주택,87.49,46.88,152.88,19910313,2,1,서울특별시 용산구 보광동 265-404번지
11170,13600,0,0265,0406,,,일반건축물,단독주택,주택,109,57.69,112.63,19711220,2,1,서울특별시 용산구 보광동 265-406번지
11170,13600,0,0265,0407,,,일반건축물,단독주택,주택,61,28.86,95.97,19891103,2,1,서울특별시 용산구 보광동 265-407번지
11170,13600,0,0265,0408,,,일반건축물,단독주택,주택,90.86,45.09,148.14,19891011,2,1,서울특별시 용산구 보광동 265-408번지
11170,13600,0,0265,0409,,,일반건축물,단독주택,주택,0,69.03,163.95,19830907,2,1,서울특별시 용산구 보광동 265-409번지
11170,13600,0,0265,0410,,,일반건축물,단독주택,"주택, 점포",0,61.88,69.95,19600720,1,1,서울특별시 용산구 보광동 265-410번지
11170,13600,0,0265,0411,,,일반건축물,제1종근린생활시설,"근린생활시설, 주택",135.92,66.04,266.96,19901027,3,1,서울특별시 용산구 보광동 265-411번지
11170,13600,0,0265,0412,,,일반건축물,단독주택,"다가구용단독주택(2가구), 근린생활시설",73,43.72,174.03,19920404,3,1,서울특별시 용산구 보광동 265-412번지
11170,13600,0,0265,0413,,,일반건축물,단독주택,주택,0,25.69,25.69,19590620,1,0,서울특별시 용산구 보광동 265-413번지
11170,13600,0,0265,0414,,,표제부,공동주택,다세대주택,109.65,64.72,185.9,19950110,2,1,서울특별시 용산구 보광동 265-414번지
11170,13600,0,0265,0415,,,일반건축물,단독주택,주택,0,38.55,38.55,19850629,1,0,서울특별시 용산구 보광동 265-415번지
11170,13600,0,0265,0416,,,일반건축물,단독주택,주택,0,20.87,20.87,19850629,1,0,서울특별시 용산구 보광동 265-416번지
11170,13600,0,0265,0417,,,일반건축물,단독주택,주택,0,28.43,28.43,19610331,1,0,서울특별시 용산구 보광동 265-417번지
11170,13600,0,0265,0419,,,일반건축물,단독주택,단독주택,47.65,35.78,115.96,20060410,3,1,서울특별시 용산구 보광동 265-419번지
11170,13600,0,0265,0420,,,일반건축물,단독주택,주택,0,0,49.59,19540415,1,0,서울특별시 용산구 보광동 265-420번지
11170,13600,0,0265,0422,,,일반건축물,단독주택,주택,0,27.98,27.98,19850629,1,0,서울특별시 용산구 보광동 265-422번지
11170,13600,0,0265,0426,,,일반건축물,단독주택,"주택, 점포",0,125.16,206.92,19610825,3,0,서울특별시 용산구 보광동 265-426번지
11170,13600,0,0265,0427,,,일반건축물,단독주택,단독주택(다가구주택5가구),86,42.38,200.5,19900525,4,1,서울특별시 용산구 보광동 265-427번지
11170,13600,0,0265,0429,,,일반건축물,단독주택,주택,66,32.13,104.02,19900629,2,1,서울특별시 용산구 보광동 265-429번지
11170,13600,0,0265,0430,,,일반건축물,단독주택,주택,122,60.41,186.12,19831203,2,1,서울특별시 용산구 보광동 265-430번지
11170,13600,0,0265,0430,,,일반건축물,단독주택,주택,0,17.19,17.19,19610405,1,0,서울특별시 용산구 보광동 265-430번지
11170,13600,0,0265,0432,,,일반건축물,단독주택,다가구용단독주택(7가구),135.7,79.02,295.26,19950616,3,1,서울특별시 용산구 보광동 265-432번지
11170,13600,0,0265,0434,,,일반건축물,단독주택,주택,0,25.08,25.08,19830613,1,0,서울특별시 용산구 보광동 265-434번지
11170,13600,0,0265,0435,,,일반건축물,단독주택,주택,0,37.14,59.7,19850206,2,0,서울특별시 용산구 보광동 265-435번지
11170,13600,0,0265,0436,,,일반건축물,단독주택,"주택, 점포",0,60.1,60.1,19671010,1,0,서울특별시 용산구 보광동 265-436번지
11170,13600,0,0265,0437,,,일반건축물,단독주택,다가구용단독주택(3가구),74.18,43.14,126.14,19911113,2,1,서울특별시 용산구 보광동 265-437번지
11170,13600,0,0265,0438,,,표제부,공동주택,다세대주택,84.43,53.91,148.53,19930812,2,1,서울특별시 용산구 보광동 265-438번지
11170,13600,0,0265,0439,,,일반건축물,단독주택,"다가구용단독주택(4가구), 근린생활시설",110.1,65.94,184.66,19940216,2,1,서울특별시 용산구 보광동 265-439번지
11170,13600,0,0265,0441,,,일반건축물,단독주택,주택,0,25.82,25.82,19680602,1,0,서울특별시 용산구 보광동 265-441번지
11170,13600,0,0265,0443,,,일반건축물,단독주택,주택,0,23.47,23.47,19601030,1,0,서울특별시 용산구 보광동 265-443번지
11170,13600,0,0265,0443,,,일반건축물,단독주택,주택,235,111.04,249.36,19840728,2,1,서울특별시 용산구 보광동 265-443번지
11170,13600,0,0265,0443,,,일반건축물,단독주택,주택,0,34.71,34.71,19601030,1,0,서울특별시 용산구 보광동 265-443번지
11170,13600,0,0265,0446,,,일반건축물,단독주택,다가구용단독주택(3가구),30.73,31.03,86.69,19951101,2,1,서울특별시 용산구 보광동 265-446번지
11170,13600,0,0265,0447,,,일반건축물,단독주택,주택,0,38.4,38.4,19850629,1,0,서울특별시 용산구 보광동 265-447번지
11170,13600,0,0265,0449,,,일반건축물,단독주택,다가구용단독주택(3가구),66.22,34.48,99.36,19911008,2,1,서울특별시 용산구 보광동 265-449번지
11170,13600,0,0265,0450,,,일반건축물,단독주택,"다가구용단독주택(2가구), 근린생활시설",72.7,50.72,147.04,19950605,2,1,서울특별시 용산구 보광동 265-450번지
11170,13600,0,0265,0452,,,일반건축물,단독주택,주택,0,61.68,61.68,19841228,1,0,서울특별시 용산구 보광동 265-452번지
11170,13600,0,0265,0453,,,일반건축물,단독주택,"근린생활시설, 다가구용단독주택(2가구)",67.85,48.62,191.78,19960802,3,1,서울특별시 용산구 보광동 265-453번지
11170,13600,0,0265,0454,,,일반건축물,단독주택,다가구용단독주택(3가구),70.88,45.97,117.35,19921222,2,1,서울특별시 용산구 보광동 265-454번지
11170,13600,0,0265,0455,,,일반건축물,단독주택,다가구용단독주택(3가구),85.2,53.94,144.86,19930120,2,1,서울특별시 용산구 보광동 265-455번지
11170,13600,0,0265,0456,,,일반건축물,단독주택,"다가구용단독주택(5가구), 근린생활시설",94,54.22,230.85,19950922,3,1,서울특별시 용산구 보광동 265-456번지
11170,13600,0,0265,0458,,,일반건축물,단독주택,주택,0,43.11,43.11,19750329,1,0,서울특별시 용산구 보광동 265-458번지
11170,13600,0,0265,0460,,,일반건축물,단독주택,주택,0,71.54,89.9,19850629,1,1,서울특별시 용산구 보광동 265-460번지
11170,13600,0,0265,0463,,,일반건축물,단독주택,주택,0,56.93,130.55,19700626,2,1,서울특별시 용산구 보광동 265-463번지
11170,13600,0,0265,0472,,,일반건축물,단독주택,주택,139,80.44,212.34,19910531,2,1,서울특별시 용산구 보광동 265-472번지
11170,13600,0,0265,0473,,,일반건축물,단독주택,주택,0,65.61,65.61,19830211,1,0,서울특별시 용산구 보광동 265-473번지
11170,13600,0,0265,0473,,,일반건축물,단독주택,주택,0,0,49.59,19660810,1,0,서울특별시 용산구 보광동 265-473번지
11170,13600,0,0265,0474,,,일반건축물,단독주택,주택,0,83.56,329.84,19890630,3,1,서울특별시 용산구 보광동 265-474번지
11170,13600,0,0265,0475,,,일반건축물,단독주택,다가구용단독주택(5가구),125.54,75.22,211.25,20000128,2,1,서울특별시 용산구 보광동 265-475번지
11170,13600,0,0265,0476,,,일반건축물,단독주택,주택,152,75.64,226.92,19830920,2,1,서울특별시 용산구 보광동 265-476번지
11170,13600,0,0265,0477,,,일반건축물,단독주택,주택,0,48.2,48.2,19850629,1,0,서울특별시 용산구 보광동 265-477번지
11170,13600,0,0265,0478,,,일반건축물,단독주택,단독주택,102,60.48,119.94,20000414,3,0,서울특별시 용산구 보광동 265-478번지
11170,13600,0,0265,0479,,,일반건축물,단독주택,다가구용단독주택(4가구),95.3,57.17,170.81,19910713,2,1,서울특별시 용산구 보광동 265-479번지
11170,13600,0,0265,0480,,,일반건축물,단독주택,단독주택,69.54,33.66,116.41,19890923,2,1,서울특별시 용산구 보광동 265-480번지
11170,13600,0,0265,0482,,,일반건축물,단독주택,주택,0,17.52,17.52,19610401,1,0,서울특별시 용산구 보광동 265-482번지
11170,13600,0,0265,0484,,,일반건축물,단독주택,다가구용단독주택(5가구),142,67.66,198,19920622,2,1,서울특별시 용산구 보광동 265-484번지
11170,13600,0,0265,0488,,,일반건축물,단독주택,다가구용단독주택(3가구),60,37.78,103.27,19951101,2,1,서울특별시 용산구 보광동 265-488번지
11170,13600,0,0265,0489,,,일반건축물,단독주택,"다가구용단독주택(3가구), 그린생활시설",158.95,91.6,271.6,19950904,2,1,서울특별시 용산구 보광동 265-489번지
11170,13600,0,0265,0490,,,일반건축물,단독주택,주택,0,26.45,26.45,19610330,1,0,서울특별시 용산구 보광동 265-490번지
11170,13600,0,0265,0491,,,일반건축물,단독주택,주택,0,30.41,30.41,19660501,1,0,서울특별시 용산구 보광동 265-491번지
11170,13600,0,0265,0493,,,일반건축물,단독주택,다가구용단독주택(3가구),74.18,42.52,123.5,19911129,2,1,서울특별시 용산구 보광동 265-493번지
11170,13600,0,0265,0496,,,표제부,공동주택,다세대주택,46,23.95,69.02,19910618,2,1,서울특별시 용산구 보광동 265-496번지
11170,13600,0,0265,0498,,,일반건축물,단독주택,주택,0,41.75,41.75,19690620,1,0,서울특별시 용산구 보광동 265-498번지
11170,13600,0,0265,0499,,,일반건축물,단독주택,주택,0,83.8,223.1,,3,1,서울특별시 용산구 보광동 265-499번지
11170,13600,0,0265,0500,,,일반건축물,단독주택,주택,0,74.18,168.03,19710331,3,0,서울특별시 용산구 보광동 265-500번지
11170,13600,0,0265,0502,,,일반건축물,단독주택,주택,0,48.83,77.23,19690916,2,0,서울특별시 용산구 보광동 265-502번지
11170,13600,0,0265,0503,,,일반건축물,단독주택,다가구용단독주택(3가구),124.26,67.34,159.93,19940604,3,0,서울특별시 용산구 보광동 265-503번지
11170,13600,0,0265,0504,,,일반건축물,단독주택,주택,0,64.05,64.05,19850629,1,0,서울특별시 용산구 보광동 265-504번지
11170,13600,0,0265,0505,,,일반건축물,단독주택,주택,0,34.39,34.39,19850629,1,0,서울특별시 용산구 보광동 265-505번지
11170,13600,0,0265,0506,,,일반건축물,단독주택,주택,99.57,49.13,159.11,19860908,2,1,서울특별시 용산구 보광동 265-506번지
11170,13600,0,0265,0509,,,일반건축물,제1종근린생활시설,"근린생활시설,단독주택",41.57,23.52,54.67,20031017,3,0,서울특별시 용산구 보광동 265-509번지
11170,13600,0,0265,0510,,,일반건축물,단독주택,단독주택,83.08,47.7,140.02,19920523,2,1,서울특별시 용산구 보광동 265-510번지
11170,13600,0,0265,0511,,,일반건축물,단독주택,"주택,근린생활시설",162,75.68,302.42,19830628,3,1,서울특별시 용산구 보광동 265-511번지
11170,13600,0,0265,0512,,,일반건축물,단독주택,다가구용단독주택(3가구),70.1,37.92,113.76,19911107,2,1,서울특별시 용산구 보광동 265-512번지
11170,13600,0,0265,0516,,,일반건축물,단독주택,다가구주택(3가구),45.17,32,113.34,20070201,3,1,서울특별시 용산구 보광동 265-516번지
11170,13600,0,0265,0519,,,일반건축물,단독주택,주택,126.71,62.34,209.73,19860630,2,1,서울특별시 용산구 보광동 265-519번지
11170,13600,0,0265,0522,,,일반건축물,단독주택,주택,0,25.22,25.22,19850629,1,0,서울특별시 용산구 보광동 265-522번지
11170,13600,0,0265,0525,,,일반건축물,단독주택,주택,53,30.28,30.28,19670310,1,0,서울특별시 용산구 보광동 265-525번지
11170,13600,0,0265,0526,,,일반건축물,단독주택,다가구용단독주택(2가구),50.04,32.06,59.56,19951010,2,0,서울특별시 용산구 보광동 265-526번지
11170,13600,0,0265,0527,,,일반건축물,단독주택,주택,0,30.57,30.57,19850629,1,0,서울특별시 용산구 보광동 265-527번지
11170,13600,0,0265,0530,,,일반건축물,단독주택,주택,0,55.61,142.34,19850629,3,1,서울특별시 용산구 보광동 265-530번지
11170,13600,0,0265,0533,,,일반건축물,단독주택,"주택, 근린생활시설",0,0,58.24,19850629,1,0,서울특별시 용산구 보광동 265-533번지
11170,13600,0,0265,0535,,,일반건축물,단독주택,주택,50,37.3,37.3,19830429,1,0,서울특별시 용산구 보광동 265-535번지
11170,13600,0,0265,0536,,,일반건축물,단독주택,단독주택,73,39.9,117.86,20020911,3,0,서울특별시 용산구 보광동 265-536번지
11170,13600,0,0265,0538,,,일반건축물,단독주택,주택,0,33.76,33.76,19850629,1,0,서울특별시 용산구 보광동 265-538번지
11170,13600,0,0265,0540,,,일반건축물,단독주택,주택,106,55.98,179.97,19840613,2,1,서울특별시 용산구 보광동 265-540번지
11170,13600,0,0265,0541,,,일반건축물,단독주택,주택,109,53.49,156.36,19780818,2,1,서울특별시 용산구 보광동 265-541번지
11170,13600,0,0265,0544,,,일반건축물,단독주택,"주택, 점포",0,39.93,68.29,19661205,2,0,서울특별시 용산구 보광동 265-544번지
11170,13600,0,0265,0545,,,일반건축물,제1종근린생활시설,근린생활시설,70.19,34.58,149.81,19890908,3,1,서울특별시 용산구 보광동 265-545번지
11170,13600,0,0265,0546,,,일반건축물,단독주택,주택,0,24.1,24.1,19850629,1,0,서울특별시 용산구 보광동 265-546번지
11170,13600,0,0265,0548,,,일반건축물,단독주택,주택,0,25.17,25.17,19850629,1,0,서울특별시 용산구 보광동 265-548번지
11170,13600,0,0265,0550,,,일반건축물,단독주택,주택,0,22.83,22.83,19850206,1,0,서울특별시 용산구 보광동 265-550번지
11170,13600,0,0265,0552,,,일반건축물,단독주택,주택,0,35.01,35.01,19850629,1,0,서울특별시 용산구 보광동 265-552번지
11170,13600,0,0265,0553,,,일반건축물,단독주택,주택,0,33.09,33.09,19670628,1,0,서울특별시 용산구 보광동 265-553번지
11170,13600,0,0265,0554,,,표제부,공동주택,다세대주택,82.99,53.87,147.83,19930625,2,1,서울특별시 용산구 보광동 265-554번지
11170,13600,0,0265,0555,,,일반건축물,단독주택,다가구용단독주택(5가구),94.78,56.79,149.25,19931013,2,1,서울특별시 용산구 보광동 265-555번지
11170,13600,0,0265,0556,,,일반건축물,단독주택,다가구용단독주택(3가구),71.8,53.46,119.97,19941222,3,0,서울특별시 용산구 보광동 265-556번지
11170,13600,0,0265,0557,,,일반건축물,단독주택,다가구용단독주택(5가구),85.14,51.3,147.84,19931103,2,1,서울특별시 용산구 보광동 265-557번지
11170,13600,0,0265,0558,,,일반건축물,단독주택,주택,0,35.04,35.04,19850206,1,0,서울특별시 용산구 보광동 265-558번지
11170,13600,0,0265,0560,,,일반건축물,단독주택,다가구용단독주택(3가구),80.7,53.86,142.65,19931218,2,1,서울특별시 용산구 보광동 265-560번지
11170,13600,0,0265,0562,,,표제부,공동주택,다세대주택,73.2,46.24,119.44,19970127,2,1,서울특별시 용산구 보광동 265-562번지
11170,13600,0,0265,0563,,,일반건축물,단독주택,다가구용단독주택(5가구),122,69.05,175.44,19951107,2,1,서울특별시 용산구 보광동 265-563번지
11170,13600,0,0265,0565,,,일반건축물,단독주택,주택,0,33.28,33.28,19850206,1,0,서울특별시 용산구 보광동 265-565번지
11170,13600,0,0265,0566,,,일반건축물,단독주택,주택,0,21.24,21.24,19850629,1,0,서울특별시 용산구 보광동 265-566번지
11170,13600,0,0265,0567,,,일반건축물,단독주택,주택,106,52.78,125.34,19830603,2,1,서울특별시 용산구 보광동 265-567번지
11170,13600,0,0265,0568,,,일반건축물,단독주택,주택,63,50.36,87.56,19830429,2,0,서울특별시 용산구 보광동 265-568번지
11170,13600,0,0265,0569,,,일반건축물,단독주택,주택,119,56.2,168.6,19820729,2,1,서울특별시 용산구 보광동 265-569번지
11170,13600,0,0265,0570,,,일반건축물,단독주택,단독주택,72.57,35.69,115.73,19901213,2,1,서울특별시 용산구 보광동 265-570번지
11170,13600,0,0265,0571,,,일반건축물,단독주택,주택,0,17.64,26.82,19850629,2,0,서울특별시 용산구 보광동 265-571번지
11170,13600,0,0265,0572,,,일반건축물,단독주택,다가구용단독주택(3가구),65.05,41.69,110.78,19960719,2,1,서울특별시 용산구 보광동 265-572번지
11170,13600,0,0265,0573,,,일반건축물,단독주택,주택,0,0,54.55,19680410,1,0,서울특별시 용산구 보광동 265-573번지
11170,13600,0,0265,0576,,,일반건축물,제2종근린생활시설,제2종근린생활시설,0,20.31,20.31,19591105,1,0,서울특별시 용산구 보광동 265-576번지
11170,13600,0,0265,0578,,,일반건축물,제1종근린생활시설,제1종근린생활시설,61,39.34,124.1,19981230,4,0,서울특별시 용산구 보광동 265-578번지
11170,13600,0,0265,0580,,,일반건축물,단독주택,다가구용단독주택(3가구),76.9,44.69,133.82,19911102,2,1,서울특별시 용산구 보광동 265-580번지
11170,13600,0,0265,0581,,,일반건축물,단독주택,다가구용단독주택,72.8,52.67,145.98,19930608,2,1,서울특별시 용산구 보광동 265-581번지
11170,13600,0,0265,0583,,,일반건축물,제2종근린생활시설,사무소 및 주택,128,59.21,177.63,19810204,2,1,서울특별시 용산구 보광동 265-583번지
11170,13600,0,0265,0584,,,일반건축물,단독주택,주택,167.05,82.44,247.32,19891025,2,1,서울특별시 용산구 보광동 265-584번지
11170,13600,0,0265,0585,,,일반건축물,단독주택,다가구주택,87.82,52.68,188.22,19920922,3,1,서울특별시 용산구 보광동 265-585번지
11170,13600,0,0265,0586,,,일반건축물,단독주택,주택,0,15.21,15.21,19600531,1,0,서울특별시 용산구 보광동 265-586번지
11170,13600,0,0265,0587,,,일반건축물,단독주택,주택,72.12,35.88,132.28,19890428,2,1,서울특별시 용산구 보광동 265-587번지
11170,13600,0,0265,0588,,,일반건축물,제2종근린생활시설,"근린생할시설, 다가구용단독주택(2가구)",71.72,45.54,158.29,19970715,3,1,서울특별시 용산구 보광동 265-588번지
11170,13600,0,0265,0589,,,일반건축물,단독주택,주택,0,35.8,42.4,19841221,1,1,서울특별시 용산구 보광동 265-589번지
11170,13600,0,0265,0590,,,일반건축물,단독주택,"주택, 근린생활시설",132,64.1,141.44,19630222,2,1,서울특별시 용산구 보광동 265-590번지
11170,13600,0,0265,0592,,,일반건축물,단독주택,주택,0,12.61,12.61,19850629,1,0,서울특별시 용산구 보광동 265-592번지
11170,13600,0,0265,0595,,,일반건축물,제2종근린생활시설,제2종근린생활시설,43,36.56,81.96,19661205,2,1,서울특별시 용산구 보광동 265-595번지
11170,13600,0,0265,0596,,,일반건축물,단독주택,주택,0,35.24,35.24,19600910,1,0,서울특별시 용산구 보광동 265-596번지
11170,13600,0,0265,0597,,,일반건축물,단독주택,다가구주택(3가구),53,30.5,106.88,20141002,4,0,서울특별시 용산구 보광동 265-597번지
11170,13600,0,0265,0598,,,일반건축물,단독주택,다가구용단독주택(4가구),69,41.1,117.09,19911227,2,1,서울특별시 용산구 보광동 265-598번지
11170,13600,0,0265,0599,,,일반건축물,단독주택,"근린생활시설, 다가구용단독주택(2가구)",89,53.31,190.44,19960629,3,1,서울특별시 용산구 보광동 265-599번지
11170,13600,0,0265,0602,,,일반건축물,단독주택,주택,0,21.5,21.5,19850629,1,0,서울특별시 용산구 보광동 265-602번지
11170,13600,0,0265,0604,,,일반건축물,단독주택,"다가구용단독주택(2가구), 근린생활시설",111.13,63.39,184.15,19950825,2,1,서울특별시 용산구 보광동 265-604번지
11170,13600,0,0265,0605,,,일반건축물,단독주택,단독주택,120.3,59.92,179.76,19900911,2,1,서울특별시 용산구 보광동 265-605번지
11170,13600,0,0265,0608,,,일반건축물,단독주택,다가구용단독주택(5가구),140.9,80.12,233.36,19951115,2,1,서울특별시 용산구 보광동 265-608번지
11170,13600,0,0265,0609,,,일반건축물,단독주택,"다가구용단독주택(3가구), 근린생활시설",67.51,43.42,160.77,19950105,3,1,서울특별시 용산구 보광동 265-609번지
11170,13600,0,0265,0611,,,표제부,제1종근린생활시설,"근린생활시설,주택",42.6,23.6,41.97,20031004,2,0,서울특별시 용산구 보광동 265-611번지
11170,13600,0,0265,0614,,,일반건축물,단독주택,다가구용단독주택,145.84,82.33,307.86,19970620,4,1,서울특별시 용산구 보광동 265-614번지
11170,13600,0,0265,0615,,,일반건축물,단독주택,단독주택,68.61,37.76,97.92,20010914,3,0,서울특별시 용산구 보광동 265-615번지
11170,13600,0,0265,0616,,,일반건축물,단독주택,주택,0,38.69,38.69,19850629,1,0,서울특별시 용산구 보광동 265-616번지
11170,13600,0,0265,0617,,,일반건축물,단독주택,주택,0,0,49.59,19660810,1,0,서울특별시 용산구 보광동 265-617번지
11170,13600,0,0265,0618,,,일반건축물,단독주택,"다가구주택, 근린생활시설",87.39,52.42,156.06,19910426,2,1,서울특별시 용산구 보광동 265-618번지
11170,13600,0,0265,0620,,,일반건축물,단독주택,주택,0,73.03,141.4,19701208,2,1,서울특별시 용산구 보광동 265-620번지
11170,13600,0,0265,0621,,,일반건축물,단독주택,주택,86.57,42.42,133.86,19890922,2,1,서울특별시 용산구 보광동 265-621번지
11170,13600,0,0265,0622,,,일반건축물,단독주택,주택,0,31.18,31.18,19850611,1,0,서울특별시 용산구 보광동 265-622번지
11170,13600,0,0265,0624,,,일반건축물,단독주택,다가구용단독주택(3가구),159.85,86.56,249.77,19910907,2,1,서울특별시 용산구 보광동 265-624번지
11170,13600,0,0265,0625,,,일반건축물,단독주택,"다가구용단독주택(2가구), 근린생활시설",103.67,62.1,180.15,19961228,2,1,서울특별시 용산구 보광동 265-625번지
11170,13600,0,0265,0626,,,일반건축물,단독주택,주택,0,0,49.59,19660810,1,0,서울특별시 용산구 보광동 265-626번지
11170,13600,0,0265,0627,,,일반건축물,단독주택,주택,0,44.3,44.3,19700830,1,0,서울특별시 용산구 보광동 265-627번지
11170,13600,0,0265,0628,,,일반건축물,단독주택,주택,0,61.52,98.25,19701006,2,1,서울특별시 용산구 보광동 265-628번지
11170,13600,0,0265,0630,,,일반건축물,단독주택,다가구용단독주택(3가구),88.4,48.79,144.62,19910608,2,1,서울특별시 용산구 보광동 265-630번지
11170,13600,0,0265,0631,,,일반건축물,단독주택,"주택, 근린생활시설",109.85,59.85,213.24,19920415,3,1,서울특별시 용산구 보광동 265-631번지
11170,13600,0,0265,0632,,,표제부,공동주택,다세대주택,107.37,53.49,177.67,19891120,2,1,서울특별시 용산구 보광동 265-632번지
11170,13600,0,0265,0633,,,일반건축물,단독주택,다가구용단독주택(4가구),89.16,53.26,147.84,19931018,2,1,서울특별시 용산구 보광동 265-633번지
11170,13600,0,0265,0636,,,일반건축물,단독주택,다가구용단독주택(5가구),112.64,57.59,167.25,19910914,2,1,서울특별시 용산구 보광동 265-636번지
11170,13600,0,0265,0637,,,일반건축물,단독주택,다가구용단독주택(5가구),121.85,73,191.02,19920222,2,1,서울특별시 용산구 보광동 265-637번지
11170,13600,0,0265,0638,,,표제부,공동주택,"다세대주택,소매점",170.31,99.75,402.95,19911122,3,1,서울특별시 용산구 보광동 265-638번지
11170,13600,0,0265,0639,,,일반건축물,단독주택,다가구용단독주택(5가구),106.95,63.78,191.34,19910920,2,1,서울특별시 용산구 보광동 265-639번지
11170,13600,0,0265,0640,,,일반건축물,단독주택,다가구용단독주택(4가구),109.88,54.63,179.46,19901016,2,1,서울특별시 용산구 보광동 265-640번지
11170,13600,0,0265,0642,,,일반건축물,단독주택,주택,0,0,49.59,19660810,1,0,서울특별시 용산구 보광동 265-642번지
11170,13600,0,0265,0643,,,일반건축물,단독주택,주택,136,67.71,249.12,19890807,3,1,서울특별시 용산구 보광동 265-643번지
11170,13600,0,0265,0645,,,일반건축물,제2종근린생활시설,"근린생활시설,다가구용단독주택(2가구)",115.06,68.82,251.41,19970912,3,1,서울특별시 용산구 보광동 265-645번지
11170,13600,0,0265,0649,하나 주택,,표제부,공동주택,공동주택(다세대주택),163.05,97.41,352.46,20030308,4,0,서울특별시 용산구 보광동 265-649번지
11170,13600,0,0265,0650,,,일반건축물,단독주택,주택,96,47.34,143.38,19840626,2,1,서울특별시 용산구 보광동 265-650번지
11170,13600,0,0265,0651,,,일반건축물,단독주택,단독주택,0,43.5,43.5,19850629,1,0,서울특별시 용산구 보광동 265-651번지
11170,13600,0,0265,0652,,,일반건축물,단독주택,주택,0,24.79,24.79,19611020,1,0,서울특별시 용산구 보광동 265-652번지
11170,13600,0,0265,0653,,,일반건축물,단독주택,주택,185.8,88.56,329.88,19851109,3,1,서울특별시 용산구 보광동 265-653번지
11170,13600,0,0265,0654,,,일반건축물,단독주택,다가구용단독주택(3가구),64.07,41.24,99.32,19970219,2,1,서울특별시 용산구 보광동 265-654번지
11170,13600,0,0265,0656,,,일반건축물,단독주택,주택,0,39.95,39.95,19850629,1,0,서울특별시 용산구 보광동 265-656번지
11170,13600,0,0265,0657,,,일반건축물,단독주택,주택,0,52.6,52.6,19850206,1,0,서울특별시 용산구 보광동 265-657번지
11170,13600,0,0265,0658,,,일반건축물,단독주택,단독주택,89.98,53.16,53.16,20000610,1,0,서울특별시 용산구 보광동 265-658번지
11170,13600,0,0265,0659,,,일반건축물,단독주택,주택,0,0,49.59,19540415,1,0,서울특별시 용산구 보광동 265-659번지
11170,13600,0,0265,0663,,,일반건축물,단독주택,주택,80.26,39.82,142.21,19880715,2,1,서울특별시 용산구 보광동 265-663번지
11170,13600,0,0265,0664,,,일반건축물,단독주택,다가구용단독주택(5가구),83.98,53.86,146.91,19930701,2,1,서울특별시 용산구 보광동 265-664번지
11170,13600,0,0265,0665,,,일반건축물,단독주택,주택,82,37.72,113.16,19831015,2,1,서울특별시 용산구 보광동 265-665번지
11170,13600,0,0265,0669,,,일반건축물,단독주택,주택,0,62.24,107.36,19850629,2,0,서울특별시 용산구 보광동 265-669번지
11170,13600,0,0265,0671,,,일반건축물,단독주택,주택,67.17,33.05,112.06,19870911,2,1,서울특별시 용산구 보광동 265-671번지
11170,13600,0,0265,0678,,,일반건축물,단독주택,"다가구용단독주택(2가구), 근린생활시설",102,61.13,239.52,19940617,3,1,서울특별시 용산구 보광동 265-678번지
11170,13600,0,0265,0681,,,일반건축물,단독주택,주택,0,47.5,47.5,19550502,1,0,서울특별시 용산구 보광동 265-681번지
11170,13600,0,0265,0682,,,일반건축물,단독주택,주택,0,28.48,28.48,19850629,1,0,서울특별시 용산구 보광동 265-682번지
11170,13600,0,0265,0683,,,일반건축물,단독주택,주택,0,40.89,40.89,19750111,1,0,서울특별시 용산구 보광동 265-683번지
11170,13600,0,0265,0686,,,일반건축물,단독주택,주택,0,22.06,22.06,19850629,1,0,서울특별시 용산구 보광동 265-686번지
11170,13600,0,0265,0694,,,일반건축물,단독주택,다가구용단독주택(3가구),46.36,29.37,84.22,19951012,2,1,서울특별시 용산구 보광동 265-694번지
11170,13600,0,0265,0695,,,일반건축물,단독주택,주택,0,39.9,39.9,19830328,1,0,서울특별시 용산구 보광동 265-695번지
11170,13600,0,0265,0696,,,일반건축물,단독주택,주택,0,31.96,31.96,19831121,1,0,서울특별시 용산구 보광동 265-696번지
11170,13600,0,0265,0700,,,일반건축물,단독주택,"다가구용단독주택(2가구), 근린생활시설",83.44,49.29,140.27,19951101,2,1,서울특별시 용산구 보광동 265-700번지
11170,13600,0,0265,0702,,,일반건축물,단독주택,주택,0,59.21,100.53,19670420,2,0,서울특별시 용산구 보광동 265-702번지
11170,13600,0,0265,0705,,,일반건축물,단독주택,주택,0,33.18,33.18,19830613,1,0,서울특별시 용산구 보광동 265-705번지
11170,13600,0,0265,0706,,,일반건축물,단독주택,주택,0,0,18.88,19850629,1,0,서울특별시 용산구 보광동 265-706번지
11170,13600,0,0265,0708,,,일반건축물,단독주택,다가구용단독주택(6가구),134.36,77.46,307.77,19961029,3,1,서울특별시 용산구 보광동 265-708번지
11170,13600,0,0265,0709,,,일반건축물,단독주택,다가구용단독주택(4가구),97.41,58.26,174.78,19960726,2,1,서울특별시 용산구 보광동 265-709번지
11170,13600,0,0265,0712,,,일반건축물,단독주택,주택,0,39.67,41.95,19661125,1,1,서울특별시 용산구 보광동 265-712번지
11170,13600,0,0265,0719,,,일반건축물,단독주택,단독주택,129.36,61.08,190.4,19870709,2,1,서울특별시 용산구 보광동 265-719번지
11170,13600,0,0265,0722,,,일반건축물,단독주택,주택,0,24.23,24.23,19630305,1,0,서울특별시 용산구 보광동 265-722번지
11170,13600,0,0265,0726,,,일반건축물,단독주택,주택,0,58.15,106.21,19681117,2,1,서울특별시 용산구 보광동 265-726번지
11170,13600,0,0265,0727,,,일반건축물,단독주택,다가구주택,65.4,43.2,152.99,19930802,3,1,서울특별시 용산구 보광동 265-727번지
11170,13600,0,0265,0728,,,일반건축물,제2종근린생활시설,"근린생활시설, 다가구주택(2가구)",199.96,119.93,444.2,20010803,5,0,서울특별시 용산구 보광동 265-728번지
11170,13600,0,0265,0729,,,일반건축물,단독주택,"주택, 점포,제2종근린생활시설",0,64.79,209.52,19691102,3,1,서울특별시 용산구 보광동 265-729번지
11170,13600,0,0265,0730,,,일반건축물,단독주택,"주택, 근린생활시설",0,31.54,99.87,19700803,3,1,서울특별시 용산구 보광동 265-730번지
11170,13600,0,0265,0732,,,일반건축물,단독주택,주택,0,47.87,92.49,19810113,2,1,서울특별시 용산구 보광동 265-732번지
11170,13600,0,0265,0736,,,일반건축물,단독주택,"주택,제2종근린생활시설",146.35,72.81,275.62,19890614,3,1,서울특별시 용산구 보광동 265-736번지
11170,13600,0,0265,0743,,,일반건축물,단독주택,"다가구용단독주택, 근린생활시설",170.89,102.49,425.43,19990820,3,1,서울특별시 용산구 보광동 265-743번지
11170,13600,0,0265,0744,,,일반건축물,단독주택,"다가구용단독주택(4가구), 근린생활시설",104.84,60.34,153.99,19931213,2,1,서울특별시 용산구 보광동 265-744번지
11170,13600,0,0265,0746,,,일반건축물,단독주택,단독주택,81.39,44.88,144.78,19920221,2,1,서울특별시 용산구 보광동 265-746번지
11170,13600,0,0265,0747,,,일반건축물,단독주택,주택,0,39.08,39.08,19850514,1,0,서울특별시 용산구 보광동 265-747번지
11170,13600,0,0265,0748,,,일반건축물,단독주택,주택,84.65,44.5,170.76,19890630,3,1,서울특별시 용산구 보광동 265-748번지
11170,13600,0,0265,0753,,,일반건축물,단독주택,주택,0,19.83,19.83,19610410,1,0,서울특별시 용산구 보광동 265-753번지
11170,13600,0,0265,0755,,,일반건축물,단독주택,주택,0,37.12,37.12,19640109,1,0,서울특별시 용산구 보광동 265-755번지
11170,13600,0,0265,0756,,,일반건축물,단독주택,주택,0,42.28,42.28,19640109,1,0,서울특별시 용산구 보광동 265-756번지
11170,13600,0,0265,0757,,,일반건축물,단독주택,주택,0,48.79,48.79,19610727,1,0,서울특별시 용산구 보광동 265-757번지
11170,13600,0,0265,0758,,,일반건축물,단독주택,주택,0,77.64,77.64,19650206,1,0,서울특별시 용산구 보광동 265-758번지
11170,13600,0,0265,0764,,,일반건축물,단독주택,단독주택,122,54.99,174.28,19900927,2,1,서울특별시 용산구 보광동 265-764번지
11170,13600,0,0265,0766,,,표제부,공동주택,다세대주택,86,34.8,113.82,19871127,2,1,서울특별시 용산구 보광동 265-766번지
11170,13600,0,0265,0767,,,일반건축물,단독주택,단독주택,112.4,64.44,119.64,20030327,2,0,서울특별시 용산구 보광동 265-767번지
11170,13600,0,0265,0769,,,일반건축물,단독주택,"근린생활시설, 주택",130,77.68,174.17,19770813,2,1,서울특별시 용산구 보광동 265-769번지
11170,13600,0,0265,0771,,,일반건축물,단독주택,다가구용단독주택(4가구),108.69,56.07,217.3,19910724,3,1,서울특별시 용산구 보광동 265-771번지
11170,13600,0,0265,0773,,,일반건축물,단독주택,다가구용단독주택(2가구),82.35,53.66,93.21,19950526,2,0,서울특별시 용산구 보광동 265-773번지
11170,13600,0,0265,0774,,,일반건축물,단독주택,다가구용단독주택(4가구),67.3,40.32,160.13,19910826,3,1,서울특별시 용산구 보광동 265-774번지
11170,13600,0,0265,0775,,,일반건축물,단독주택,주택,0,17.43,17.43,19850629,1,0,서울특별시 용산구 보광동 265-775번지
11170,13600,0,0265,0777,,,일반건축물,단독주택,"주택, 여관",0,83.04,242.87,19690803,3,1,서울특별시 용산구 보광동 265-777번지
11170,13600,0,0265,0780,,,일반건축물,단독주택,단독주택,145.17,72.18,225.14,19900814,2,1,서울특별시 용산구 보광동 265-780번지
11170,13600,0,0265,0781,,,일반건축물,단독주택,다가구용단독주택(5가구),123.25,69.64,197.31,19901219,2,1,서울특별시 용산구 보광동 265-781번지
11170,13600,0,0265,0782,,,일반건축물,단독주택,"다가구용단독주택(2가구), 근린생활시설",96,56.4,164.21,19941007,2,1,서울특별시 용산구 보광동 265-782번지
11170,13600,0,0265,0784,,,일반건축물,단독주택,주택,0,25.45,25.45,19650415,1,0,서울특별시 용산구 보광동 265-784번지
11170,13600,0,0265,0787,,,일반건축물,단독주택,주택,0,35.54,35.54,19661110,1,0,서울특별시 용산구 보광동 265-787번지
11170,13600,0,0265,0789,,,일반건축물,단독주택,주택,0,31.41,31.41,19651025,1,0,서울특별시 용산구 보광동 265-789번지
11170,13600,0,0265,0791,,,표제부,공동주택,다세대주택,110,51.07,156.2,19901027,2,1,서울특별시 용산구 보광동 265-791번지
11170,13600,0,0265,0792,,,일반건축물,단독주택,주택,0,40.66,40.66,19660805,1,0,서울특별시 용산구 보광동 265-792번지
11170,13600,0,0265,0793,,,일반건축물,단독주택,다가구용단독주택(3가구),82.51,48.04,163.67,19920116,2,2,서울특별시 용산구 보광동 265-793번지
11170,13600,0,0265,0795,,,일반건축물,단독주택,주택,0,21.5,21.5,19850629,1,0,서울특별시 용산구 보광동 265-795번지
11170,13600,0,0265,0796,,,일반건축물,단독주택,단독주택,49.32,33.89,63.32,19970515,2,0,서울특별시 용산구 보광동 265-796번지
11170,13600,0,0265,0798,,,일반건축물,단독주택,주택,0,56.2,56.2,19661231,1,0,서울특별시 용산구 보광동 265-798번지
11170,13600,0,0265,0799,,,일반건축물,단독주택,단독주택,121.075,60.36,204.47,19900728,2,1,서울특별시 용산구 보광동 265-799번지
11170,13600,0,0265,0801,,,일반건축물,단독주택,주택,0,31.41,31.41,19671220,1,0,서울특별시 용산구 보광동 265-801번지
11170,13600,0,0265,0803,,,일반건축물,단독주택,다가구용단독주택(3가구),130.32,66.39,148.2,19931229,2,1,서울특별시 용산구 보광동 265-803번지
11170,13600,0,0265,0805,,,일반건축물,단독주택,다가구용단독주택(3가구),81.89,49.9,142.74,19940330,2,1,서울특별시 용산구 보광동 265-805번지
11170,13600,0,0265,0806,,,일반건축물,단독주택,다가구용단독주택(3가구),50,23.94,60.14,19950307,2,1,서울특별시 용산구 보광동 265-806번지
11170,13600,0,0265,0807,,,일반건축물,단독주택,"근린생활시설, 다가구용단독주택(2가구)",241.86,119.7,687.3,19920810,5,1,서울특별시 용산구 보광동 265-807번지
11170,13600,0,0265,0808,,,일반건축물,단독주택,단독주택외 2,186,106.86,471.75,19861007,4,1,서울특별시 용산구 보광동 265-808번지
11170,13600,0,0265,0810,,,일반건축물,단독주택,"주택, 근린생활시설",159,79.3,222.29,19830729,3,1,서울특별시 용산구 보광동 265-810번지
11170,13600,0,0265,0811,,,일반건축물,단독주택,"근린생활시설,주택",132,65.55,213.75,19830729,2,1,서울특별시 용산구 보광동 265-811번지
11170,13600,0,0265,0812,,,일반건축물,단독주택,"다가구용단독주택(3가구), 근린생활시설",86,50.44,191.36,19930430,3,1,서울특별시 용산구 보광동 265-812번지
11170,13600,0,0265,0813,,,일반건축물,단독주택,"다가구용단독주택(2가구), 근린생활시설",160.1,96.05,296.61,19930723,2,1,서울특별시 용산구 보광동 265-813번지
11170,13600,0,0265,0814,,,표제부,공동주택,다세대주택,296,165.16,611.49,19911223,2,2,서울특별시 용산구 보광동 265-814번지
11170,13600,0,0265,0815,,,일반건축물,단독주택,"주택,근린생활시설",0,175.08,516.64,19760227,3,1,서울특별시 용산구 보광동 265-815번지
11170,13600,0,0265,0816,,,일반건축물,단독주택,"주택,근린생활시설",0,74.12,173.53,19811117,2,1,서울특별시 용산구 보광동 265-816번지
11170,13600,0,0265,0817,,,일반건축물,단독주택,"근린생활시설, 주택",96,47.52,157.14,19860716,2,1,서울특별시 용산구 보광동 265-817번지
11170,13600,0,0265,0818,,,일반건축물,제1종근린생활시설,근린생활시설,0,57.6,57.6,19830211,1,0,서울특별시 용산구 보광동 265-818번지
11170,13600,0,0265,0819,,,일반건축물,단독주택,주택,0,20.41,20.41,19850629,1,0,서울특별시 용산구 보광동 265-819번지
11170,13600,0,0265,0821,,,일반건축물,단독주택,"주택,근린생활시설",0,18.7,18.7,19830328,1,0,서울특별시 용산구 보광동 265-821번지
11170,13600,0,0265,0821,,,일반건축물,단독주택,"주택,근린생활시설",0,46.44,46.44,19830211,1,0,서울특별시 용산구 보광동 265-821번지
11170,13600,0,0265,0823,,,표제부,공동주택,다세대주택,258,117.83,323.19,19860813,2,1,서울특별시 용산구 보광동 265-823번지
11170,13600,0,0265,0824,,,일반건축물,단독주택,주택,0,55.74,55.74,19680430,1,0,서울특별시 용산구 보광동 265-824번지
11170,13600,0,0265,0825,,,일반건축물,제1종근린생활시설,"근린생활시설, 주택,노유자시설",344,167.88,914.06,19901128,5,1,서울특별시 용산구 보광동 265-825번지
11170,13600,0,0265,0826,,,일반건축물,단독주택,"주택,근린생활시설",0,24.66,49.32,19831206,2,0,서울특별시 용산구 보광동 265-826번지
11170,13600,0,0265,0829,,,일반건축물,단독주택,단독주택,58.62,36.3,36.3,19650506,1,0,서울특별시 용산구 보광동 265-829번지
11170,13600,0,0265,0831,,,표제부,공동주택,다세대주택,69.5,50.13,119.07,19940830,2,1,서울특별시 용산구 보광동 265-831번지
11170,13600,0,0265,0832,,,일반건축물,단독주택,주택,0,55.04,55.04,19671105,1,0,서울특별시 용산구 보광동 265-832번지
11170,13600,0,0265,0835,,,일반건축물,단독주택,다가구용단독주택(3가구),45.98,29.09,81.72,19940620,2,1,서울특별시 용산구 보광동 265-835번지
11170,13600,0,0265,0836,,,일반건축물,단독주택,제2종근린생활시설 및 주택,76,70.12,140.24,19710720,2,0,서울특별시 용산구 보광동 265-836번지
11170,13600,0,0265,0837,,,일반건축물,단독주택,주택,124.96,61.61,184.83,19900515,2,1,서울특별시 용산구 보광동 265-837번지
11170,13600,0,0265,0840,,,표제부,공동주택,다세대주택,73.61,43.23,123.87,19920217,2,1,서울특별시 용산구 보광동 265-840번지
11170,13600,0,0265,0841,,,일반건축물,단독주택,주택,0,27.93,27.93,19680602,1,0,서울특별시 용산구 보광동 265-841번지
11170,13600,0,0265,0842,,,일반건축물,단독주택,주택,0,25.82,25.82,19680602,1,0,서울특별시 용산구 보광동 265-842번지
11170,13600,0,0265,0843,,,일반건축물,단독주택,다가구용단독주택(5가구),90.86,52.59,147.57,19910306,2,1,서울특별시 용산구 보광동 265-843번지
11170,13600,0,0265,0844,,,일반건축물,단독주택,"주택, 근린생활시설",90.96,54.45,163.35,19910511,2,1,서울특별시 용산구 보광동 265-844번지
11170,13600,0,0265,0845,,,일반건축물,단독주택,주택,0,49.75,49.75,19680320,1,0,서울특별시 용산구 보광동 265-845번지
11170,13600,0,0265,0853,,,일반건축물,단독주택,"다가구용단독주택(3가구), 근린생활시설",100.35,57.69,174.33,19940707,2,1,서울특별시 용산구 보광동 265-853번지
11170,13600,0,0265,0854,,,일반건축물,단독주택,주택,0,50.02,50.02,19671201,1,0,서울특별시 용산구 보광동 265-854번지
11170,13600,0,0265,0857,,,일반건축물,단독주택,단독주택,120.5,59.81,246.14,19850801,3,1,서울특별시 용산구 보광동 265-857번지
11170,13600,0,0265,0861,,,일반건축물,단독주택,주택,154.97,77.44,242.87,19880914,2,1,서울특별시 용산구 보광동 265-861번지
11170,13600,0,0265,0862,,,일반건축물,단독주택,"주택, 점포",207.6,186.88,279.45,19691205,2,1,서울특별시 용산구 보광동 265-862번지
11170,13600,0,0265,0865,,,일반건축물,단독주택,"주택, 점포",0,28.7,57.4,19700310,1,1,서울특별시 용산구 보광동 265-865번지
11170,13600,0,0265,0866,,,일반건축물,단독주택,주택,0,48.86,99.63,19710730,2,1,서울특별시 용산구 보광동 265-866번지
11170,13600,0,0265,0867,,,일반건축물,단독주택,다가구용단독주택(4가구),75.97,44.85,134.55,19940929,2,1,서울특별시 용산구 보광동 265-867번지
11170,13600,0,0265,0868,,,일반건축물,단독주택,주택,0,60.09,113.16,19701220,2,1,서울특별시 용산구 보광동 265-868번지
11170,13600,0,0265,0873,,,일반건축물,단독주택,목사관(주택),155,57.19,124.11,19930115,2,1,서울특별시 용산구 보광동 265-873번지
11170,13600,0,0265,0874,,,일반건축물,단독주택,주택,0,29.32,62.91,19711202,2,1,서울특별시 용산구 보광동 265-874번지
11170,13600,0,0265,0875,,,일반건축물,단독주택,주택,93,51.96,93.75,19710930,2,0,서울특별시 용산구 보광동 265-875번지
11170,13600,0,0265,0876,,,일반건축물,단독주택,주택,0,47.64,99.51,19720108,2,1,서울특별시 용산구 보광동 265-876번지
11170,13600,0,0265,0877,,,일반건축물,단독주택,주택,0,60.07,104.89,19710920,2,0,서울특별시 용산구 보광동 265-877번지
11170,13600,0,0265,0878,,,일반건축물,단독주택,주택,0,55.88,128.83,19711205,2,1,서울특별시 용산구 보광동 265-878번지
11170,13600,0,0265,0879,,,일반건축물,단독주택,주택,0,58.91,102.38,19711019,2,0,서울특별시 용산구 보광동 265-879번지
11170,13600,0,0265,0882,,,일반건축물,단독주택,다가구용단독주택(3가구),283.95,41.92,131.72,19900929,2,1,서울특별시 용산구 보광동 265-882번지
11170,13600,0,0265,0883,,,일반건축물,단독주택,다가구용단독주택(3가구),119,66.66,245.26,19920330,2,2,서울특별시 용산구 보광동 265-883번지
11170,13600,0,0265,0884,,,일반건축물,단독주택,다가구용단독주택(3가구),80.44,50.99,135.72,19911024,2,1,서울특별시 용산구 보광동 265-884번지
11170,13600,0,0265,0887,리버힐Ⅰ,,표제부,공동주택,다세대주택,303,169.47,658.42,20021026,5,0,서울특별시 용산구 보광동 265-887번지
11170,13600,0,0265,0889,,,일반건축물,단독주택,"단독주택, 근린생활시설",105,90,209.4,19830523,3,0,서울특별시 용산구 보광동 265-889번지
11170,13600,0,0265,0892,,,일반건축물,단독주택,"주택, 근린생활시설",0,61.75,97.5,19850629,2,0,서울특별시 용산구 보광동 265-892번지
11170,13600,0,0265,0899,,,일반건축물,단독주택,"주택, 점포",0,68.63,166.87,19800528,2,1,서울특별시 용산구 보광동 265-899번지
11170,13600,0,0265,0900,,,일반건축물,단독주택,"주택, 근린생활시설",0,39.15,90.45,19821230,2,1,서울특별시 용산구 보광동 265-900번지
11170,13600,0,0265,0901,,,일반건축물,단독주택,주택,0,68.26,138.27,19770520,2,1,서울특별시 용산구 보광동 265-901번지
11170,13600,0,0265,0902,,,일반건축물,제2종근린생활시설,제2종근린생활시설,53,18.3,18.3,20031006,1,0,서울특별시 용산구 보광동 265-902번지
11170,13600,0,0265,0903,,,표제부,공동주택,다세대주택(7세대),201,93.93,249.69,19900827,2,1,서울특별시 용산구 보광동 265-903번지
11170,13600,0,0265,0905,,,일반건축물,단독주택,다가구주택,166,102.96,282.72,20060719,3,1,서울특별시 용산구 보광동 265-905번지
11170,13600,0,0265,0908,,,일반건축물,단독주택,주택,0,61.16,117.03,19810112,2,1,서울특별시 용산구 보광동 265-908번지
11170,13600,0,0265,0909,,,일반건축물,단독주택,주택,0,29.42,29.42,19821113,1,0,서울특별시 용산구 보광동 265-909번지
11170,13600,0,0265,0910,,,일반건축물,단독주택,다가구용단독주택(3가구),73.85,43.08,124.69,19940429,2,1,서울특별시 용산구 보광동 265-910번지
11170,13600,0,0265,0912,,,일반건축물,단독주택,주택,33,22,44,19830429,2,0,서울특별시 용산구 보광동 265-912번지
11170,13600,0,0265,0914,,,일반건축물,단독주택,다가구용단독주택(3가구),65.73,40.82,111.58,19960629,2,1,서울특별시 용산구 보광동 265-914번지
11170,13600,0,0265,0915,,,일반건축물,단독주택,주택,0,48.53,123.44,19770823,2,1,서울특별시 용산구 보광동 265-915번지
11170,13600,0,0265,0916,,,일반건축물,단독주택,"주택, 점포",0,46.48,92.96,19790421,2,0,서울특별시 용산구 보광동 265-916번지
11170,13600,0,0265,0917,,,일반건축물,단독주택,주택,87,42.81,144.14,19890630,2,1,서울특별시 용산구 보광동 265-917번지
11170,13600,0,0265,0918,,,일반건축물,단독주택,주택,0,32.4,101.7,19900323,2,1,서울특별시 용산구 보광동 265-918번지
11170,13600,0,0265,0919,,,일반건축물,단독주택,단독주택,77.04,51.24,100.23,19830429,2,1,서울특별시 용산구 보광동 265-919번지
11170,13600,0,0265,0922,,,일반건축물,단독주택,주택,0,55.67,109.55,,2,0,서울특별시 용산구 보광동 265-922번지
11170,13600,0,0265,0923,,,일반건축물,단독주택,주택,154.73,75.87,249.66,19881014,3,1,서울특별시 용산구 보광동 265-923번지
11170,13600,0,0265,0925,,,일반건축물,단독주택,주택,0,45.36,84.42,19821230,2,0,서울특별시 용산구 보광동 265-925번지
11170,13600,0,0265,0928,,,일반건축물,단독주택,주택,0,53.22,113.35,19780520,2,1,서울특별시 용산구 보광동 265-928번지
11170,13600,0,0265,0929,,,일반건축물,단독주택,주택,0,54.58,99.7,19850319,3,0,서울특별시 용산구 보광동 265-929번지
11170,13600,0,0265,0930,,,일반건축물,단독주택,주택,0,108.78,173.76,19830211,2,0,서울특별시 용산구 보광동 265-930번지
11170,13600,0,0265,0931,,,일반건축물,단독주택,다가구용단독주택(3가구),79,42.49,127.47,19911227,2,1,서울특별시 용산구 보광동 265-931번지
11170,13600,0,0265,0932,,,일반건축물,단독주택,"주택,근린생활시설",0,84.1,172.56,,2,0,서울특별시 용산구 보광동 265-932번지
11170,13600,0,0265,0932,,,표제부,공동주택,다세대주택,70,41.84,108.18,19960119,2,1,서울특별시 용산구 보광동 265-932번지
11170,13600,0,0265,0933,,,일반건축물,단독주택,주택,0,36.5,61.48,19830328,2,0,서울특별시 용산구 보광동 265-933번지
11170,13600,0,0265,0934,,,일반건축물,단독주택,주택,0,43.75,145.55,19821230,3,1,서울특별시 용산구 보광동 265-934번지
11170,13600,0,0265,0935,,,일반건축물,단독주택,주택,0,44.73,44.73,19770609,1,0,서울특별시 용산구 보광동 265-935번지
11170,13600,0,0265,0936,,,일반건축물,단독주택,주택,0,50.31,50.31,19800126,1,0,서울특별시 용산구 보광동 265-936번지
11170,13600,0,0265,0937,,,일반건축물,단독주택,단독주택,87,42.66,135.66,19891129,2,1,서울특별시 용산구 보광동 265-937번지
11170,13600,0,0265,0938,,,일반건축물,단독주택,"주택, 근린생활시설",0,39,97.95,19840124,3,0,서울특별시 용산구 보광동 265-938번지
11170,13600,0,0265,0939,,,일반건축물,단독주택,"주택, 점포",0,45,99.7,19830328,3,0,서울특별시 용산구 보광동 265-939번지
11170,13600,0,0265,0940,,,일반건축물,단독주택,주택,97,48.24,153.06,19900120,2,1,서울특별시 용산구 보광동 265-940번지
11170,13600,0,0265,0941,,,일반건축물,단독주택,다가구용단독주택(5가구),148,88.18,299.07,19980526,3,1,서울특별시 용산구 보광동 265-941번지
11170,13600,0,0265,0942,,,일반건축물,단독주택,"주택,점포",0,45.59,143.28,,3,1,서울특별시 용산구 보광동 265-942번지
11170,13600,0,0265,0944,,,일반건축물,단독주택,주택,0,33.75,67.5,19821229,3,0,서울특별시 용산구 보광동 265-944번지
11170,13600,0,0265,0945,,,일반건축물,단독주택,주택,0,44.5,85,19821230,3,0,서울특별시 용산구 보광동 265-945번지
11170,13600,0,0265,0946,,,일반건축물,제1종근린생활시설,"근린생활시설,주택",0,67.17,291.5,19770630,4,1,서울특별시 용산구 보광동 265-946번지
11170,13600,0,0265,0947,,,일반건축물,단독주택,"주택, 근린생활시설",0,33.72,83.97,19821213,3,0,서울특별시 용산구 보광동 265-947번지
11170,13600,0,0265,0948,,,일반건축물,단독주택,주택,0,38.68,44.96,19821213,2,0,서울특별시 용산구 보광동 265-948번지
11170,13600,0,0265,0949,,,일반건축물,제1종근린생활시설,"점포,주택",0,58.02,164.87,,3,0,서울특별시 용산구 보광동 265-949번지
11170,13600,0,0265,0950,,,일반건축물,단독주택,주택,0,37.89,72.99,19830309,2,0,서울특별시 용산구 보광동 265-950번지
11170,13600,0,0265,0951,,,일반건축물,단독주택,주택,0,42.32,102.4,19830328,3,0,서울특별시 용산구 보광동 265-951번지
11170,13600,0,0265,0952,,,일반건축물,단독주택,주택,68.7,33.9,118.76,19870818,2,1,서울특별시 용산구 보광동 265-952번지
11170,13600,0,0265,0953,,,일반건축물,단독주택,"주택, 점포",0,55.44,145.44,19830429,2,1,서울특별시 용산구 보광동 265-953번지
11170,13600,0,0265,0954,,,일반건축물,단독주택,"주택, 근린생활시설",131,78.18,201.38,19780224,3,0,서울특별시 용산구 보광동 265-954번지
11170,13600,0,0265,0955,,,일반건축물,단독주택,"주택, 근린생활시설",206,120.99,298.66,19780331,3,0,서울특별시 용산구 보광동 265-955번지
11170,13600,0,0265,0958,,,일반건축물,단독주택,주택,0,61.26,101.76,19840125,2,0,서울특별시 용산구 보광동 265-958번지
11170,13600,0,0265,0959,,,일반건축물,단독주택,"주택, 제2종근린생활시설",0,46.3,113.73,19840223,3,0,서울특별시 용산구 보광동 265-959번지
11170,13600,0,0265,0960,,,일반건축물,단독주택,"제1,2종근린생활시설,주택",76,62.81,189.24,19711022,4,0,서울특별시 용산구 보광동 265-960번지
11170,13600,0,0265,0961,,,일반건축물,단독주택,"주택, 근린생활시설",0,81.51,232.05,19830523,4,0,서울특별시 용산구 보광동 265-961번지
11170,13600,0,0265,0962,,,일반건축물,단독주택,다가구용단독주택(4가구),93,55.26,144.44,19921123,2,1,서울특별시 용산구 보광동 265-962번지
11170,13600,0,0265,0963,,,일반건축물,단독주택,"주택, 점포",0,40,120,19790509,2,1,서울특별시 용산구 보광동 265-963번지
11170,13600,0,0265,0964,,,일반건축물,단독주택,다가구용단독주택(3가구),67,34.76,97.55,19920130,2,1,서울특별시 용산구 보광동 265-964번지
11170,13600,0,0265,0965,,,일반건축물,단독주택,"다가구용단독주택(2가구), 근린생활시설",114,66.63,201.53,19930709,2,1,서울특별시 용산구 보광동 265-965번지
11170,13600,0,0265,0967,,,일반건축물,단독주택,"다가구용단독주택(3가구), 근린생활시설",91.39,54.8,160.92,19930830,2,1,서울특별시 용산구 보광동 265-967번지
11170,13600,0,0265,0968,,,일반건축물,단독주택,다가구용단독주택(3가구),60.52,39.2,106.08,19930917,2,1,서울특별시 용산구 보광동 265-968번지
11170,13600,0,0265,0969,,,일반건축물,단독주택,"주택, 근린생활시설",0,32.4,97.2,19831122,3,0,서울특별시 용산구 보광동 265-969번지
11170,13600,0,0265,0973,,,표제부,공동주택,다세대주택,59.12,29.52,91.5,19901017,2,1,서울특별시 용산구 보광동 265-973번지
11170,13600,0,0265,0974,,,일반건축물,단독주택,주택,0,46.48,92.96,19790619,2,0,서울특별시 용산구 보광동 265-974번지
11170,13600,0,0265,0975,,,일반건축물,단독주택,주택,0,40.26,90.24,19770511,2,1,서울특별시 용산구 보광동 265-975번지
11170,13600,0,0265,0976,,,일반건축물,단독주택,주택,0,31.17,69.32,19770512,2,1,서울특별시 용산구 보광동 265-976번지
11170,13600,0,0265,0977,,,일반건축물,단독주택,다가구용단독주택(3가구),43.57,22.96,70.88,19920506,2,1,서울특별시 용산구 보광동 265-977번지
11170,13600,0,0265,0977,,,일반건축물,단독주택,"주택,점포",0,50.25,98.42,19800811,2,0,서울특별시 용산구 보광동 265-977번지
11170,13600,0,0265,0979,,,일반건축물,단독주택,"주택, 점포",0,67.77,131.18,19790306,2,0,서울특별시 용산구 보광동 265-979번지
11170,13600,0,0265,0980,,,일반건축물,단독주택,주택,0,44,44,19850629,1,0,서울특별시 용산구 보광동 265-980번지
11170,13600,0,0265,0981,,,표제부,공동주택,다세대주택,103,51.24,174.22,19900714,2,1,서울특별시 용산구 보광동 265-981번지
11170,13600,0,0265,0982,,,일반건축물,단독주택,주택,0,64.09,293.71,19850629,2,1,서울특별시 용산구 보광동 265-982번지
11170,13600,0,0265,0983,,,일반건축물,단독주택,"주택,점포",0,92.4,140.47,,2,1,서울특별시 용산구 보광동 265-983번지
11170,13600,0,0265,0984,,,일반건축물,단독주택,주택 외 2,0,40.5,117.9,19830429,3,0,서울특별시 용산구 보광동 265-984번지
11170,13600,0,0265,0985,,,일반건축물,단독주택,"주택,점포",0,24.96,82.68,,3,1,서울특별시 용산구 보광동 265-985번지
11170,13600,0,0265,0988,,,일반건축물,단독주택,주택,0,72.84,85.8,19850629,2,0,서울특별시 용산구 보광동 265-988번지
11170,13600,0,0265,0989,,,일반건축물,단독주택,주택,0,81.01,95.81,19850514,2,0,서울특별시 용산구 보광동 265-989번지
11170,13600,0,0265,0995,,,일반건축물,단독주택,주택,0,45.14,45.14,19850629,1,0,서울특별시 용산구 보광동 265-995번지
11170,13600,0,0265,0996,,,일반건축물,단독주택,주택,0,93.6,129.87,19840919,2,0,서울특별시 용산구 보광동 265-996번지
11170,13600,0,0265,0997,,,일반건축물,단독주택,"주택, 근린생활시설",0,60.48,132.39,19840404,3,0,서울특별시 용산구 보광동 265-997번지
11170,13600,0,0265,0998,,,일반건축물,단독주택,다가구용단독주택(3가구),85,42.38,119.06,19950822,2,1,서울특별시 용산구 보광동 265-998번지
11170,13600,0,0265,0999,,,일반건축물,제1종근린생활시설,"근린생활시설, 다가구용단독주택(2가구)",145.7,82.58,299.1,19960930,3,1,서울특별시 용산구 보광동 265-999번지
11170,13600,0,0265,1001,,,일반건축물,제1종근린생활시설,"근린생활시설, 주택",137,80.04,299.74,19960629,3,1,서울특별시 용산구 보광동 265-1001번지
11170,13600,0,0265,1002,,,일반건축물,단독주택,주택,0,43.64,43.64,19821213,1,0,서울특별시 용산구 보광동 265-1002번지
11170,13600,0,0265,1003,,,일반건축물,단독주택,주택,0,58.23,116.46,19841203,2,0,서울특별시 용산구 보광동 265-1003번지
11170,13600,0,0265,1006,,,일반건축물,단독주택,주택,0,38.12,96.64,19800202,3,0,서울특별시 용산구 보광동 265-1006번지
11170,13600,0,0265,1007,,,일반건축물,단독주택,"주택, 근린생활시설",0,49.43,67.25,19850629,2,0,서울특별시 용산구 보광동 265-1007번지
11170,13600,0,0265,1008,,,일반건축물,단독주택,주택,0,47.93,57.35,19770414,1,1,서울특별시 용산구 보광동 265-1008번지
11170,13600,0,0265,1010,,,일반건축물,단독주택,주택,0,67.29,149.13,19850629,3,1,서울특별시 용산구 보광동 265-1010번지
11170,13600,0,0265,1011,,,일반건축물,단독주택,"다가구용단독주택(2가구), 근린생활시설",81.58,57.52,155.4,19950106,2,1,서울특별시 용산구 보광동 265-1011번지
11170,13600,0,0265,1012,,,일반건축물,단독주택,주택,0,0,157.5,19850629,3,0,서울특별시 용산구 보광동 265-1012번지
11170,13600,0,0265,1017,,,일반건축물,단독주택,주택,0,28.49,28.49,19830613,1,0,서울특별시 용산구 보광동 265-1017번지
11170,13600,0,0265,1018,,,일반건축물,단독주택,주택,0,24.29,43.64,19850629,2,0,서울특별시 용산구 보광동 265-1018번지
11170,13600,0,0265,1021,,,일반건축물,단독주택,주택,0,41.12,111.39,19850629,3,0,서울특별시 용산구 보광동 265-1021번지
11170,13600,0,0265,1022,,,일반건축물,단독주택,다가구용단독주택(6가구),159,95.22,294.8,19921103,2,2,서울특별시 용산구 보광동 265-1022번지
11170,13600,0,0265,1023,,,일반건축물,단독주택,주택,0,57.21,113.91,19821130,2,1,서울특별시 용산구 보광동 265-1023번지
11170,13600,0,0265,1025,,,일반건축물,단독주택,다가구주택,82.12,47.45,144.25,19951219,3,1,서울특별시 용산구 보광동 265-1025번지
11170,13600,0,0265,1026,,,일반건축물,단독주택,"다가구용단독주택(2가구), 근린생활시설",79.57,53.96,157.78,19960629,2,1,서울특별시 용산구 보광동 265-1026번지
11170,13600,0,0265,1027,,,표제부,공동주택,다세대주택,119.89,58.92,194.04,19901017,2,1,서울특별시 용산구 보광동 265-1027번지
11170,13600,0,0265,1032,,,일반건축물,단독주택,주택,0,60.1,69.09,19750308,1,1,서울특별시 용산구 보광동 265-1032번지
11170,13600,0,0265,1073,,,일반건축물,단독주택,다가구주택(4가구),0,76.23,155.4,19780906,3,1,서울특별시 용산구 보광동 265-1073번지
11170,13600,0,0265,1073,,,일반건축물,단독주택,다가구주택(2가구),0,47,47,19780906,2,0,서울특별시 용산구 보광동 265-1073번지
11170,13600,0,0265,1075,,,일반건축물,단독주택,주택,221,78.48,174.4,19780901,2,1,서울특별시 용산구 보광동 265-1075번지
11170,13600,0,0265,1150,,,일반건축물,단독주택,주택,0,36.46,89.95,19850629,3,1,서울특별시 용산구 보광동 265-1150번지
11170,13600,0,0265,1154,,,표제부,공동주택,다세대주택,165,81.36,244.08,19860813,2,1,서울특별시 용산구 보광동 265-1154번지
11170,13600,0,0265,1156,,,일반건축물,단독주택,주택,105.63,52.54,157.62,19881125,2,1,서울특별시 용산구 보광동 265-1156번지
11170,13600,0,0265,1162,,,일반건축물,단독주택,다가구용단독주택(4가구),84.56,44.6,133.8,19920116,2,1,서울특별시 용산구 보광동 265-1162번지
11170,13600,0,0265,1164,,,일반건축물,단독주택,다가구용단독주택(3가구),90,48.64,118.98,19970205,2,1,서울특별시 용산구 보광동 265-1164번지
11170,13600,0,0265,1187,,,일반건축물,단독주택,주택,0,0,47.21,19750319,1,1,서울특별시 용산구 보광동 265-1187번지
11170,13600,0,0265,1192,리버힐II,,표제부,공동주택,다세대주택,291.96,171.88,649.33,20021028,5,0,서울특별시 용산구 보광동 265-1192번지
11170,13600,0,0267,0001,,,일반건축물,단독주택,주택,0,75.11,147.64,19731208,2,0,서울특별시 용산구 보광동 267-1번지
11170,13600,0,0267,0004,,,일반건축물,단독주택,"근린생활시설, 주택",190,113.42,577.72,19911211,4,1,서울특별시 용산구 보광동 267-4번지
11170,13600,0,0267,0006,,,일반건축물,단독주택,"주택, 근린생활시설",86,38.89,122.6,19841023,2,1,서울특별시 용산구 보광동 267-6번지
11170,13600,0,0267,0007,,,일반건축물,단독주택,주택,138,64.49,148.69,19840626,2,1,서울특별시 용산구 보광동 267-7번지
11170,13600,0,0267,0008,,,일반건축물,단독주택,다가구용단독주택(5가구),135,73.25,226.1,19901010,2,1,서울특별시 용산구 보광동 267-8번지
11170,13600,0,0268,0006,,,일반건축물,단독주택,주택,0,43.96,43.96,19650810,1,0,서울특별시 용산구 보광동 268-6번지
11170,13600,0,0269,0001,,,일반건축물,단독주택,주택,146,63.99,191.97,19840917,2,1,서울특별시 용산구 보광동 269-1번지
11170,13600,0,0269,0002,,,일반건축물,단독주택,다가구용단독주택(3가구),109,64.64,180.92,20020121,3,0,서울특별시 용산구 보광동 269-2번지
11170,13600,0,0269,0003,,,일반건축물,단독주택,주택,0,56.69,110.87,19750425,2,1,서울특별시 용산구 보광동 269-3번지
11170,13600,0,0269,0004,,,일반건축물,단독주택,주택,0,56.03,116.06,19701220,2,1,서울특별시 용산구 보광동 269-4번지
11170,13600,0,0269,0005,,,일반건축물,단독주택,주택,0,29.42,29.42,19850629,1,0,서울특별시 용산구 보광동 269-5번지
11170,13600,0,0269,0012,,,일반건축물,단독주택,주택,163,79.2,270.27,19841113,3,1,서울특별시 용산구 보광동 269-12번지
11170,13600,0,0269,0013,,,일반건축물,단독주택,주택,96.5,47.68,155.37,19860110,2,1,서울특별시 용산구 보광동 269-13번지
11170,13600,0,0270,0000,,,일반건축물,단독주택,주택,0,9.92,9.92,,1,0,서울특별시 용산구 보광동 270번지
11170,13600,0,0270,0000,,,일반건축물,단독주택,주택,0,9.92,9.92,,1,0,서울특별시 용산구 보광동 270번지
11170,13600,0,0270,0000,,,일반건축물,단독주택,주택,0,13.22,13.22,19900709,1,0,서울특별시 용산구 보광동 270번지
11170,13600,0,0270,0001,,,일반건축물,단독주택,단독주택,79,39.42,133.1,19900709,2,1,서울특별시 용산구 보광동 270-1번지
11170,13600,0,0270,0002,,,일반건축물,단독주택,주택,89,52.99,95.77,19720627,2,1,서울특별시 용산구 보광동 270-2번지
11170,13600,0,0270,0005,,,일반건축물,단독주택,주택,0,48.6,48.6,19610228,1,0,서울특별시 용산구 보광동 270-5번지
11170,13600,0,0270,0006,,,일반건축물,단독주택,주택,0,63.64,133.46,19701029,2,1,서울특별시 용산구 보광동 270-6번지
11170,13600,0,0270,0007,,,일반건축물,단독주택,다가구용단독주택(3가구),129.7,69.14,195.45,19920608,2,1,서울특별시 용산구 보광동 270-7번지
11170,13600,0,0270,0008,,,표제부,공동주택,다세대주택,56,33.51,96.93,19921028,2,1,서울특별시 용산구 보광동 270-8번지
11170,13600,0,0270,0009,,,일반건축물,단독주택,주택,158,69.72,213.45,19830511,2,1,서울특별시 용산구 보광동 270-9번지
11170,13600,0,0270,0011,,,일반건축물,단독주택,주택,116,49.97,153.31,19830803,2,1,서울특별시 용산구 보광동 270-11번지
11170,13600,0,0270,0012,,,일반건축물,단독주택,주택,120.85,54.49,161.97,19870617,2,1,서울특별시 용산구 보광동 270-12번지
11170,13600,0,0270,0013,,,일반건축물,단독주택,주택,0,0,71.25,19850629,1,0,서울특별시 용산구 보광동 270-13번지
11170,13600,0,0270,0014,,,일반건축물,단독주택,"다가구용단독주택(2가구), 근린생활시설",104.11,62.17,174.51,19931110,2,1,서울특별시 용산구 보광동 270-14번지
11170,13600,0,0271,0001,,,일반건축물,단독주택,주택,0,0,128.3,19691001,2,1,서울특별시 용산구 보광동 271-1번지
11170,13600,0,0271,0002,,,일반건축물,단독주택,주택,0,32.4,32.4,19600420,1,0,서울특별시 용산구 보광동 271-2번지
11170,13600,0,0271,0002,,,일반건축물,단독주택,"다가구용단독주택(2가구),근린생활시설",91.87,54.44,163.32,19940416,2,1,서울특별시 용산구 보광동 271-2번지
11170,13600,0,0271,0004,,,일반건축물,단독주택,주택,0,68.13,139.2,19810609,2,1,서울특별시 용산구 보광동 271-4번지
11170,13600,0,0271,0005,,,일반건축물,단독주택,주택,109,44.96,134.88,19821007,2,1,서울특별시 용산구 보광동 271-5번지
11170,13600,0,0271,0006,,,일반건축물,단독주택,주택,0,78.29,247.83,19850315,2,1,서울특별시 용산구 보광동 271-6번지
11170,13600,0,0271,0007,,,일반건축물,단독주택,다가구용단독주택(3가구),108.9,65.3,195.23,19970517,2,1,서울특별시 용산구 보광동 271-7번지
11170,13600,0,0271,0010,,,일반건축물,단독주택,주택,0,55.6,109.15,19690930,2,1,서울특별시 용산구 보광동 271-10번지
11170,13600,0,0271,0011,,,표제부,공동주택,다세대주택,71.7,31.5,97.5,19911129,2,1,서울특별시 용산구 보광동 271-11번지
11170,13600,0,0271,0012,,,일반건축물,단독주택,주택,0,35.83,35.83,19590701,1,0,서울특별시 용산구 보광동 271-12번지
11170,13600,0,0271,0013,,,일반건축물,단독주택,주택,0,48.76,112.67,19760517,2,1,서울특별시 용산구 보광동 271-13번지
11170,13600,0,0271,0014,,,일반건축물,단독주택,주택,65.12,50.61,120.37,19970930,2,1,서울특별시 용산구 보광동 271-14번지
11170,13600,0,0271,0015,,,일반건축물,단독주택,주택,0,51.37,78.97,19681207,2,0,서울특별시 용산구 보광동 271-15번지
11170,13600,0,0271,0016,,,일반건축물,단독주택,다가구용단독주택(3가구),82.47,48.9,123.31,19920914,2,1,서울특별시 용산구 보광동 271-16번지
11170,13600,0,0271,0017,,,일반건축물,단독주택,단독주택,66.54,39.43,97.28,19920825,2,1,서울특별시 용산구 보광동 271-17번지
11170,13600,0,0271,0018,,,일반건축물,단독주택,주택,0,28.1,28.1,19610201,1,0,서울특별시 용산구 보광동 271-18번지
11170,13600,0,0271,0019,,,일반건축물,단독주택,주택,0,32.66,32.66,19610315,1,0,서울특별시 용산구 보광동 271-19번지
11170,13600,0,0271,0020,,,일반건축물,단독주택,"주택, 근린생활시설",106,63.7,157.61,19921016,2,1,서울특별시 용산구 보광동 271-20번지
11170,13600,0,0271,0021,,,일반건축물,단독주택,다가구용단독주택(3가구),75.78,49.65,139.2,19930907,2,1,서울특별시 용산구 보광동 271-21번지
11170,13600,0,0271,0022,,,일반건축물,단독주택,주택,0,27.27,27.27,19610310,1,0,서울특별시 용산구 보광동 271-22번지
11170,13600,0,0271,0023,,,일반건축물,단독주택,주택,139,43.14,138.88,19840829,2,1,서울특별시 용산구 보광동 271-23번지
11170,13600,0,0271,0025,,,일반건축물,단독주택,다가구용단독주택(4가구),97.23,56.77,149.95,19940512,2,1,서울특별시 용산구 보광동 271-25번지
11170,13600,0,0271,0027,,,일반건축물,단독주택,다가구용단독주택(5가구),120.6,55.71,194.62,19920805,3,1,서울특별시 용산구 보광동 271-27번지
11170,13600,0,0271,0028,,,일반건축물,단독주택,다가구용단독주택(3가구),98,48.41,148.17,19910918,2,1,서울특별시 용산구 보광동 271-28번지
11170,13600,0,0271,0029,,,일반건축물,단독주택,주택,99,48.52,159.94,19850816,2,1,서울특별시 용산구 보광동 271-29번지
11170,13600,0,0271,0030,,,일반건축물,단독주택,다가구용단독주택(3가구),69,36.85,97.63,19910924,2,1,서울특별시 용산구 보광동 271-30번지
11170,13600,0,0271,0032,,,일반건축물,단독주택,주택,0,43.31,43.31,19640727,1,0,서울특별시 용산구 보광동 271-32번지
11170,13600,0,0271,0034,,,일반건축물,단독주택,단독주택,65.22,38.45,102.23,19921029,2,1,서울특별시 용산구 보광동 271-34번지
11170,13600,0,0271,0037,,,일반건축물,단독주택,주택,0,45.59,84.6,19681207,2,0,서울특별시 용산구 보광동 271-37번지
11170,13600,0,0272,0003,,,일반건축물,단독주택,주택,105.23,52.38,176.99,19870529,2,1,서울특별시 용산구 보광동 272-3번지
11170,13600,0,0272,0007,,,일반건축물,단독주택,주택,0,47.93,47.93,19640724,1,0,서울특별시 용산구 보광동 272-7번지
11170,13600,0,0272,0007,,,일반건축물,단독주택,주택,0,9.16,27.48,19650705,2,1,서울특별시 용산구 보광동 272-7번지
11170,13600,0,0272,0008,,,일반건축물,단독주택,다가구용단독주택(5가구),197.4,66.42,199.26,19911120,2,1,서울특별시 용산구 보광동 272-8번지
11170,13600,0,0272,0009,,,표제부,공동주택,다세대주택,75.31,52.31,133.5,19921119,2,1,서울특별시 용산구 보광동 272-9번지
11170,13600,0,0272,0010,,,일반건축물,단독주택,단독주택,85,48.34,116.08,20001110,2,1,서울특별시 용산구 보광동 272-10번지
11170,13600,0,0272,0011,,,일반건축물,단독주택,"다가구용단독주택(3가구), 근린생활시설",132.97,79.59,232.88,19940830,2,1,서울특별시 용산구 보광동 272-11번지
11170,13600,0,0272,0012,,,일반건축물,단독주택,단독주택,64.3,38,117.6,20000724,2,1,서울특별시 용산구 보광동 272-12번지
11170,13600,0,0272,0014,,,일반건축물,단독주택,"주택, 점포",0,92.56,173.55,19671228,2,0,서울특별시 용산구 보광동 272-14번지
11170,13600,0,0273,0001,,,일반건축물,단독주택,"근린생활시설, 주택",157.24,77.76,333.37,19851224,3,1,서울특별시 용산구 보광동 273-1번지
11170,13600,0,0273,0002,,,일반건축물,제1종근린생활시설,"근린생활시설, 단독주택",76.15,53.31,255.06,19950805,4,1,서울특별시 용산구 보광동 273-2번지
11170,13600,0,0273,0003,,,일반건축물,제1종근린생활시설,"근린생활시설, 다가구용단독주택(2가구)",126,71.46,287.64,19950805,3,1,서울특별시 용산구 보광동 273-3번지
11170,13600,0,0273,0004,,,일반건축물,제2종근린생활시설,"근린생활시설, 단독주택",124.1,74.37,299.69,19950707,4,1,서울특별시 용산구 보광동 273-4번지
11170,13600,0,0274,0001,,,일반건축물,제2종근린생활시설,"근린생활시설,단독주택",151.56,90.63,567.2,19981230,6,1,서울특별시 용산구 보광동 274-1번지
11170,13600,0,0274,0005,,,일반건축물,단독주택,주택,0,45.95,45.95,19631017,1,0,서울특별시 용산구 보광동 274-5번지
11170,13600,0,0274,0006,,,일반건축물,제2종근린생활시설,제2종 근린생활시설,70,40.93,49.61,19980921,2,0,서울특별시 용산구 보광동 274-6번지
11170,13600,0,0274,0009,,,일반건축물,단독주택,다가구용단독주택(3가구),45.7,26.55,69.75,19930113,2,1,서울특별시 용산구 보광동 274-9번지
11170,13600,0,0274,0014,,,일반건축물,단독주택,다가구용단독주택(3가구),99.88,59.85,179.55,19920113,2,1,서울특별시 용산구 보광동 274-14번지
11170,13600,0,0274,0017,,,일반건축물,제2종근린생활시설,"근린생활시설, 주택",0,123.4,749.1,19900105,5,1,서울특별시 용산구 보광동 274-17번지
11170,13600,0,0275,0001,,,일반건축물,단독주택,주택,0,16.53,16.53,19370226,1,0,서울특별시 용산구 보광동 275-1번지
11170,13600,0,0275,0002,,,일반건축물,단독주택,주택,0,16.53,16.53,,1,0,서울특별시 용산구 보광동 275-2번지
11170,13600,0,0276,0001,,,일반건축물,단독주택,다가구용단독주택(5가구),103.11,55.23,168.3,19920316,2,1,서울특별시 용산구 보광동 276-1번지
11170,13600,0,0276,0002,,,일반건축물,단독주택,다가구주택,88.5,57.81,194.69,19920118,3,1,서울특별시 용산구 보광동 276-2번지
11170,13600,0,0277,0000,,,일반건축물,단독주택,주택,36,15.83,31.66,19660120,2,0,서울특별시 용산구 보광동 277번지
11170,13600,0,0278,0000,,,일반건축물,단독주택,주택,0,76.53,89.42,19750519,1,1,서울특별시 용산구 보광동 278번지
11170,13600,0,0279,0001,,,일반건축물,제2종근린생활시설,근린생활시설,75.19,44.16,44.16,19981215,1,0,서울특별시 용산구 보광동 279-1번지
11170,13600,0,0280,0001,,,일반건축물,단독주택,"주택, 근린생활시설",193.82,110.07,363.43,19850807,3,1,서울특별시 용산구 보광동 280-1번지
11170,13600,0,0280,0002,,,일반건축물,단독주택,주택,122,48.26,102.14,,2,1,서울특별시 용산구 보광동 280-2번지
11170,13600,0,0280,0003,,,일반건축물,제1종근린생활시설,"근린생활시설, 주택",347.38,202.92,1088.28,19971128,5,1,서울특별시 용산구 보광동 280-3번지
11170,13600,0,0282,0000,,,일반건축물,단독주택,단독주택,83,46.88,119.85,19971201,2,1,서울특별시 용산구 보광동 282번지
11170,13600,0,0283,0000,,,일반건축물,단독주택,주택,0,31.21,31.21,19631206,1,0,서울특별시 용산구 보광동 283번지
11170,13600,0,0284,0000,,,일반건축물,단독주택,주택,0,16.53,16.53,,1,0,서울특별시 용산구 보광동 284번지
11170,13600,0,0285,0000,,,일반건축물,단독주택,"다가구용단독주택(5가구), 근린생활시설",97.72,58.77,193.81,19930824,3,1,서울특별시 용산구 보광동 285번지
11170,13600,0,0286,0000,,,일반건축물,단독주택,주택,0,76.76,164.24,19770309,2,1,서울특별시 용산구 보광동 286번지
11170,13600,0,0288,0000,,,일반건축물,단독주택,주택,121,66.12,139.34,19681010,2,1,서울특별시 용산구 보광동 288번지
11170,13600,0,0289,0001,,,일반건축물,단독주택,주택,0,29.06,67.57,19730515,2,1,서울특별시 용산구 보광동 289-1번지
11170,13600,0,0290,0000,,,일반건축물,단독주택,주택,0,86.88,143.64,19751222,2,1,서울특별시 용산구 보광동 290번지
11170,13600,0,0292,0000,,,일반건축물,단독주택,주택,0,62.81,62.81,,1,0,서울특별시 용산구 보광동 292번지
11170,13600,0,0292,0001,,,일반건축물,단독주택,주택,0,60.73,85.72,19730813,2,0,서울특별시 용산구 보광동 292-1번지
11170,13600,0,0292,0002,,,일반건축물,단독주택,주택,0,76.93,173.95,19730813,2,1,서울특별시 용산구 보광동 292-2번지
11170,13600,0,0294,0000,,,일반건축물,단독주택,주택,0,28.1,28.1,19681119,1,0,서울특별시 용산구 보광동 294번지
11170,13600,0,0295,0000,,,일반건축물,단독주택,주택,0,26.45,26.45,,1,0,서울특별시 용산구 보광동 295번지
11170,13600,0,0296,0000,,,일반건축물,단독주택,주택,0,49.59,49.59,19670620,1,0,서울특별시 용산구 보광동 296번지
11170,13600,0,0297,0001,,,일반건축물,단독주택,다가구용단독주택(4가구),138.27,80.38,235.02,19940924,2,1,서울특별시 용산구 보광동 297-1번지
11170,13600,0,0298,0001,,,일반건축물,단독주택,주택,0,61.92,115.6,19710620,2,1,서울특별시 용산구 보광동 298-1번지
11170,13600,0,0298,0002,,,일반건축물,단독주택,"다가구용단독주택(2가구), 근린생활시설",113.74,67.2,201.6,19930715,2,1,서울특별시 용산구 보광동 298-2번지
11170,13600,0,0298,0003,,,일반건축물,단독주택,주택,0,22.15,22.15,,1,0,서울특별시 용산구 보광동 298-3번지
11170,13600,0,0298,0004,,,일반건축물,단독주택,주택,0,46.94,46.94,19651020,1,0,서울특별시 용산구 보광동 298-4번지
11170,13600,0,0298,0005,,,일반건축물,단독주택,주택,175,82.28,198.58,19811106,2,1,서울특별시 용산구 보광동 298-5번지
11170,13600,0,0299,0001,,,일반건축물,단독주택,주택,0,82.25,159.25,19790106,2,1,서울특별시 용산구 보광동 299-1번지
11170,13600,0,0300,0000,,,일반건축물,단독주택,주택,165,77.42,230.41,19810826,2,1,서울특별시 용산구 보광동 300번지
11170,13600,0,0301,0000,,,일반건축물,단독주택,단독주택,158.5,78.66,249.93,19901112,2,1,서울특별시 용산구 보광동 301번지
11170,13600,0,0303,0000,,,일반건축물,단독주택,주택,192,68.17,140.5,19680710,2,1,서울특별시 용산구 보광동 303번지
11170,13600,0,0304,0000,,,일반건축물,단독주택,다가구용단독주택(3가구),278.07,153.17,415.06,19921016,3,1,서울특별시 용산구 보광동 304번지
11170,13600,0,0305,0001,,,일반건축물,단독주택,주택,119.5,58.62,176.09,19871222,2,1,서울특별시 용산구 보광동 305-1번지
11170,13600,0,0305,0002,,,일반건축물,단독주택,주택,0,26.45,28.93,19651204,1,1,서울특별시 용산구 보광동 305-2번지
11170,13600,0,0306,0000,,,일반건축물,단독주택,주택.근린생활시설,0,99.37,261.21,19701010,2,1,서울특별시 용산구 보광동 306번지
11170,13600,0,0307,0000,,,일반건축물,단독주택,주택,0,86.25,86.25,19600710,1,0,서울특별시 용산구 보광동 307번지
11170,13600,0,0308,0000,,,일반건축물,단독주택,주택,0,98.51,167.51,19650429,2,1,서울특별시 용산구 보광동 308번지
11170,13600,0,0309,0000,,,일반건축물,단독주택,주택,0,49.92,58.18,19640622,1,1,서울특별시 용산구 보광동 309번지
11170,13600,0,0310,0000,,,일반건축물,단독주택,주택,125,55.08,170.01,19831209,2,1,서울특별시 용산구 보광동 310번지
11170,13600,0,0311,0001,,,일반건축물,단독주택,주택,0,46.64,46.64,19630517,1,0,서울특별시 용산구 보광동 311-1번지
11170,13600,0,0312,0000,,,일반건축물,단독주택,주택,159,75.09,248.13,19841107,3,1,서울특별시 용산구 보광동 312번지
11170,13600,0,0313,0000,,,일반건축물,단독주택,주택,0,18.61,18.61,19210714,1,0,서울특별시 용산구 보광동 313번지
11170,13600,0,0314,0000,,,일반건축물,단독주택,주택,125.43,62.4,244.32,19880705,3,1,서울특별시 용산구 보광동 314번지
11170,13600,0,0315,0000,,,일반건축물,단독주택,다가구용단독주택(3가구),85.4,50.89,150.73,19910629,2,1,서울특별시 용산구 보광동 315번지
11170,13600,0,0316,0000,,,일반건축물,단독주택,다가구용단독주택(4가구),80.29,52.74,138.42,19911011,2,1,서울특별시 용산구 보광동 316번지
11170,13600,0,0317,0001,,,일반건축물,단독주택,주택,143.27,70.38,211.14,19880831,2,1,서울특별시 용산구 보광동 317-1번지
11170,13600,0,0317,0002,,,일반건축물,단독주택,주택,0,17.36,17.36,19661103,1,0,서울특별시 용산구 보광동 317-2번지
11170,13600,0,0318,0000,,,일반건축물,단독주택,단독주택,69.87,43.23,116.46,19920914,2,1,서울특별시 용산구 보광동 318번지
11170,13600,0,0319,0000,,,일반건축물,단독주택,주택,0,78.02,130.52,19810227,2,0,서울특별시 용산구 보광동 319번지
11170,13600,0,0320,0000,,,일반건축물,단독주택,주택,108,53.04,159.48,19880905,2,1,서울특별시 용산구 보광동 320번지
11170,13600,0,0321,0000,,,일반건축물,단독주택,주택,127,75.87,180.5,19770914,2,1,서울특별시 용산구 보광동 321번지
11170,13600,0,0322,0000,,,일반건축물,단독주택,주택,191,115.63,243.83,19800802,2,1,서울특별시 용산구 보광동 322번지
11170,13600,0,0323,0000,,,일반건축물,단독주택,주택,0,20.56,20.56,19610830,1,0,서울특별시 용산구 보광동 323번지
11170,13600,0,0325,0000,,,일반건축물,단독주택,주택,0,24.81,24.81,19850629,1,0,서울특별시 용산구 보광동 325번지
11170,13600,0,0325,0000,,,일반건축물,단독주택,주택,0,10.91,10.91,19611120,1,0,서울특별시 용산구 보광동 325번지
11170,13600,0,0327,0000,,,일반건축물,단독주택,다가구용단독주택(5가구),158.23,87.68,277.44,19920131,3,1,서울특별시 용산구 보광동 327번지
11170,13600,0,0328,0000,,,일반건축물,단독주택,주택,0,47.74,47.74,19690420,1,0,서울특별시 용산구 보광동 328번지
11170,13600,0,0329,0001,,,일반건축물,단독주택,다가구주택,63,31.84,97.52,19901031,2,1,서울특별시 용산구 보광동 329-1번지
11170,13600,0,0329,0002,,,일반건축물,단독주택,주택,0,66.21,107.2,19681231,2,0,서울특별시 용산구 보광동 329-2번지
11170,13600,0,0330,0000,,,일반건축물,단독주택,단독주택,152,75.65,228.19,19900816,2,1,서울특별시 용산구 보광동 330번지
11170,13600,0,0331,0000,,,일반건축물,단독주택,주택,106,51.11,130.88,19801231,2,1,서울특별시 용산구 보광동 331번지
11170,13600,0,0332,0000,,,일반건축물,단독주택,주택,0,39.11,39.11,19710513,1,0,서울특별시 용산구 보광동 332번지
11170,13600,0,0333,0000,,,일반건축물,단독주택,주택,182,79.8,175.62,19840822,2,1,서울특별시 용산구 보광동 333번지
11170,13600,0,0334,0000,,,일반건축물,단독주택,주택,0,67.57,117.15,19710531,2,0,서울특별시 용산구 보광동 334번지
11170,13600,0,0334,0000,,,일반건축물,단독주택,주택,0,25.79,25.79,19631218,1,0,서울특별시 용산구 보광동 334번지
11170,13600,0,0335,0000,,,일반건축물,단독주택,주택,0,73.45,73.45,19671102,1,0,서울특별시 용산구 보광동 335번지
11170,13600,0,0336,0000,,,일반건축물,단독주택,주택,0,62.22,68.34,19750614,1,1,서울특별시 용산구 보광동 336번지
11170,13600,0,0337,0001,,,일반건축물,단독주택,주택,145.2,72.51,209.97,19870911,2,1,서울특별시 용산구 보광동 337-1번지
11170,13600,0,0337,0002,,,일반건축물,단독주택,다가구용단독주택(4가구),149.92,74.63,221.84,19890616,2,1,서울특별시 용산구 보광동 337-2번지
11170,13600,0,0338,0000,,,일반건축물,단독주택,주택,150.74,75.25,229.55,19900618,2,1,서울특별시 용산구 보광동 338번지
11170,13600,0,0339,0000,,,일반건축물,단독주택,다가구용단독주택(3가구),94.2,56.21,168.63,19920131,2,1,서울특별시 용산구 보광동 339번지
11170,13600,0,0339,0000,,,일반건축물,단독주택,주택,0,16.53,16.53,,1,0,서울특별시 용산구 보광동 339번지
11170,13600,0,0340,0000,,,일반건축물,단독주택,주택,216,104.3,188,,2,1,서울특별시 용산구 보광동 340번지
11170,13600,0,0341,0000,,,일반건축물,단독주택,주택,364,131.74,304.63,19800809,2,1,서울특별시 용산구 보광동 341번지
11170,13600,0,0342,0000,,,일반건축물,단독주택,주택,0,0,330.43,19730414,3,1,서울특별시 용산구 보광동 342번지
11170,13600,0,0343,0000,,,일반건축물,단독주택,주택,0,75.04,154.12,19740810,2,1,서울특별시 용산구 보광동 343번지
11170,13600,0,0344,0000,,,일반건축물,단독주택,주택,100.89,50.34,154.71,19880921,2,1,서울특별시 용산구 보광동 344번지
11170,13600,0,0345,0000,,,일반건축물,단독주택,"다가구용단독주택,제2종근린생활시설",112.78,65.12,223.48,20061107,3,1,서울특별시 용산구 보광동 345번지
11170,13600,0,0346,0000,,,일반건축물,단독주택,주택,119,55.47,111.54,19810702,2,1,서울특별시 용산구 보광동 346번지
11170,13600,0,0347,0000,,,일반건축물,단독주택,주택,123,61.04,177.66,19880228,2,1,서울특별시 용산구 보광동 347번지
11170,13600,0,0348,0000,,,일반건축물,단독주택,다가구용단독주택(4가구),74.5,43.92,118.75,19921230,2,1,서울특별시 용산구 보광동 348번지
11170,13600,0,0349,0001,,,일반건축물,단독주택,단독주택,127.07,55.74,162.6,19910914,2,1,서울특별시 용산구 보광동 349-1번지
11170,13600,0,0349,0002,,,일반건축물,단독주택,주택,0,43.64,43.64,19640125,1,0,서울특별시 용산구 보광동 349-2번지
11170,13600,0,0350,0001,,,일반건축물,단독주택,다가구용단독주택(4가구),98.46,49.21,158.6,19900927,2,1,서울특별시 용산구 보광동 350-1번지
11170,13600,0,0350,0002,,,일반건축물,단독주택,단독주택,131.33,65.52,224.61,19900905,2,1,서울특별시 용산구 보광동 350-2번지
11170,13600,0,0351,0001,,,일반건축물,단독주택,단독주택,120,59.79,179.37,19900822,2,1,서울특별시 용산구 보광동 351-1번지
11170,13600,0,0351,0002,,,일반건축물,단독주택,단독주택,82.34,40.97,129.81,19901102,2,1,서울특별시 용산구 보광동 351-2번지
11170,13600,0,0352,0000,,,일반건축물,단독주택,주택,0,67.62,160.08,19841002,2,1,서울특별시 용산구 보광동 352번지
11170,13600,0,0353,0001,,,일반건축물,단독주택,주택,0,32.06,32.06,19610305,1,0,서울특별시 용산구 보광동 353-1번지
11170,13600,0,0353,0002,,,일반건축물,단독주택,주택,0,40,40,19640110,1,0,서울특별시 용산구 보광동 353-2번지
11170,13600,0,0354,0000,,,일반건축물,단독주택,"다가구주택(3가구),제2종근린생활시설",104.48,56.04,201.18,20060503,3,1,서울특별시 용산구 보광동 354번지
11170,13600,0,0355,0000,,,일반건축물,단독주택,주택,0,62.41,62.41,19661010,1,0,서울특별시 용산구 보광동 355번지
11170,13600,0,0356,0000,,,일반건축물,단독주택,주택,0,32.4,32.4,19641215,1,0,서울특별시 용산구 보광동 356번지
11170,13600,0,0357,0000,,,일반건축물,단독주택,주택,0,40.2,40.2,19610501,1,0,서울특별시 용산구 보광동 357번지
11170,13600,0,0359,0000,,,일반건축물,단독주택,"다가구용단독주택(3가구), 근린생활시설",172,102.8,289.2,19930826,2,1,서울특별시 용산구 보광동 359번지
11170,13600,0,0360,0000,,,일반건축물,단독주택,주택,172,70.22,155.92,19841218,2,1,서울특별시 용산구 보광동 360번지
11170,13600,0,0361,0000,,,일반건축물,단독주택,주택,0,38.08,38.08,19370226,1,0,서울특별시 용산구 보광동 361번지
11170,13600,0,0362,0000,,,일반건축물,단독주택,주택,0,66.05,124.02,19751018,2,1,서울특별시 용산구 보광동 362번지
11170,13600,0,0363,0000,,,일반건축물,단독주택,주택,0,96.93,274.59,19881114,2,1,서울특별시 용산구 보광동 363번지
11170,13600,0,0364,0000,,,일반건축물,단독주택,주택,165,77.39,193.82,19811130,2,1,서울특별시 용산구 보광동 364번지
11170,13600,0,0365,0000,,,일반건축물,단독주택,주택,0,69.32,69.32,19611005,1,0,서울특별시 용산구 보광동 365번지
11170,13600,0,0366,0001,,,일반건축물,단독주택,다가구용단독주택(6가구),287,169.2,605.07,19980603,3,1,서울특별시 용산구 보광동 366-1번지
11170,13600,0,0367,0000,,,일반건축물,단독주택,주택,155,74.53,188.59,19740710,2,1,서울특별시 용산구 보광동 367번지
11170,13600,0,0368,0000,,,일반건축물,단독주택,단독주택,119,57.07,228.46,19920627,3,1,서울특별시 용산구 보광동 368번지
11170,13600,0,0369,0000,,,일반건축물,단독주택,주택,123.45,60.09,233.88,19881212,3,1,서울특별시 용산구 보광동 369번지
11170,13600,0,0370,0000,,,일반건축물,단독주택,주택,165,80.69,178.45,19740708,2,1,서울특별시 용산구 보광동 370번지
11170,13600,0,0371,0001,,,일반건축물,단독주택,주택,166.05,82.53,246.48,19851205,2,1,서울특별시 용산구 보광동 371-1번지
11170,13600,0,0372,0001,,,일반건축물,단독주택,주택,148.73,74.07,247.59,19880829,2,1,서울특별시 용산구 보광동 372-1번지
11170,13600,0,0373,0001,,,일반건축물,단독주택,단독주택,188,82.28,240.27,19880730,2,1,서울특별시 용산구 보광동 373-1번지
11170,13600,0,0374,0001,,,일반건축물,단독주택,"주택, 점포",0,64.79,211.27,19700120,3,1,서울특별시 용산구 보광동 374-1번지
11170,13600,0,0374,0002,,,일반건축물,단독주택,다가구주택(4가구),46,32.73,123.2,20150113,3,1,서울특별시 용산구 보광동 374-2번지
11170,13600,0,0375,0000,,,일반건축물,단독주택,다가구용단독주택(3가구),83,43.93,118.8,19921026,2,1,서울특별시 용산구 보광동 375번지
11170,13600,0,0376,0001,,,일반건축물,단독주택,주택,0,19.83,19.83,19360510,1,0,서울특별시 용산구 보광동 376-1번지
11170,13600,0,0376,0001,,,일반건축물,단독주택,주택,115.4,68.1,138.64,19721124,2,1,서울특별시 용산구 보광동 376-1번지
11170,13600,0,0376,0003,,,일반건축물,단독주택,주택,0,19.83,19.83,19360426,1,0,서울특별시 용산구 보광동 376-3번지
11170,13600,0,0377,0000,,,일반건축물,단독주택,다가구용단독주택(3가구),172,81.65,244.95,19821120,3,1,서울특별시 용산구 보광동 377번지
11170,13600,0,0378,0000,,,일반건축물,단독주택,주택,0,46.61,131.24,19820514,2,1,서울특별시 용산구 보광동 378번지
11170,13600,0,0380,0000,,,일반건축물,단독주택,주택,178,83.17,265.71,19801108,3,1,서울특별시 용산구 보광동 380번지
11170,13600,0,0381,0002,,,일반건축물,단독주택,주택,0,47.93,56.19,19660418,1,1,서울특별시 용산구 보광동 381-2번지
11170,13600,0,0382,0000,,,일반건축물,단독주택,주택,0,84.2,156.96,19741220,2,1,서울특별시 용산구 보광동 382번지
11170,13600,0,0383,0000,,,일반건축물,단독주택,주택,208,89.92,255.87,19821025,2,1,서울특별시 용산구 보광동 383번지
11170,13600,0,0384,0000,,,표제부,공동주택,다세대주택,212,122.09,518.59,20010905,4,1,서울특별시 용산구 보광동 384번지
11170,13600,0,0385,0000,,,표제부,공동주택,"노유자시설, 다세대주택",179,94.43,389.75,19921215,3,1,서울특별시 용산구 보광동 385번지
11170,13600,0,0386,0001,,,일반건축물,단독주택,"주택, 점포",0,79.34,150.53,19830115,2,0,서울특별시 용산구 보광동 386-1번지
11170,13600,0,0387,0000,,,일반건축물,단독주택,주택,0,36.36,36.36,,1,0,서울특별시 용산구 보광동 387번지
11170,13600,0,0387,0001,,,일반건축물,제2종근린생활시설,"위험물판매소, 점포",0,23.75,23.75,19840420,1,0,서울특별시 용산구 보광동 387-1번지
11170,13600,0,0387,0005,,,일반건축물,제1종근린생활시설,"근린생활시설, 주택",0,83.28,163.85,19750811,2,1,서울특별시 용산구 보광동 387-5번지
11170,13600,0,0388,0000,,,일반건축물,제1종근린생활시설,"근린생활시설, 단독주택",109,51.96,152.85,20021128,3,1,서울특별시 용산구 보광동 388번지
11170,13600,0,0389,0001,,,일반건축물,단독주택,"다가구용단독주택(2가구), 근린생활시설",85.63,51.22,153.66,19940418,2,1,서울특별시 용산구 보광동 389-1번지
11170,13600,0,0389,0002,,,일반건축물,단독주택,다가구용단독주택(5가구),170.31,86.82,299.87,19970909,3,1,서울특별시 용산구 보광동 389-2번지
11170,13600,0,0390,0000,,,일반건축물,단독주택,주택,0,33.06,33.06,,1,0,서울특별시 용산구 보광동 390번지
11170,13600,0,0390,0001,,,일반건축물,단독주택,다가구용단독주택(3가구),98.93,58.59,165.63,19920413,2,1,서울특별시 용산구 보광동 390-1번지
11170,13600,0,0390,0002,,,일반건축물,단독주택,"주택, 점포",122,59.52,187.55,19870623,3,1,서울특별시 용산구 보광동 390-2번지
11170,13600,0,0391,0000,,,일반건축물,단독주택,"주택, 점포",0,51.97,51.97,19641229,1,0,서울특별시 용산구 보광동 391번지
11170,13600,0,0392,0000,,,일반건축물,단독주택,다가구용단독주택(3가구),69.17,37.24,108.6,19901201,2,1,서울특별시 용산구 보광동 392번지
11170,13600,0,0393,0000,,,일반건축물,단독주택,다가구용단독주택(7가구),209.1,110.25,366.26,19970108,3,1,서울특별시 용산구 보광동 393번지
11170,13600,0,0394,0000,,,일반건축물,단독주택,주택,0,74.41,82.38,19730928,1,1,서울특별시 용산구 보광동 394번지
11170,13600,0,0395,0000,,,일반건축물,단독주택,주택,126,61.92,185.76,19831018,2,1,서울특별시 용산구 보광동 395번지
11170,13600,0,0395,0000,,,일반건축물,단독주택,주택,0,13.22,13.22,19370226,1,0,서울특별시 용산구 보광동 395번지
11170,13600,0,0396,0000,,,일반건축물,단독주택,주택,0,69.72,77.32,19771115,1,1,서울특별시 용산구 보광동 396번지
11170,13600,0,0398,0000,,,일반건축물,단독주택,주택,195,65.62,126.25,19781024,2,1,서울특별시 용산구 보광동 398번지
11170,13600,0,0399,0001,,,일반건축물,단독주택,다가구용단독주택(8가구),193.2,105.98,385.46,19930512,3,1,서울특별시 용산구 보광동 399-1번지
11170,13600,0,0399,0002,,,표제부,공동주택,다세대주택,281,130.79,458.12,19960112,3,1,서울특별시 용산구 보광동 399-2번지
11170,13600,0,0400,0001,,,표제부,공동주택,다세대주택,0,83.02,249.06,19861210,2,1,서울특별시 용산구 보광동 400-1번지
11170,13600,0,0400,0002,,,일반건축물,단독주택,주택,0,26.45,26.45,,1,0,서울특별시 용산구 보광동 400-2번지
11170,13600,0,0401,0000,,,일반건축물,단독주택,다가구용단독주택(3가구),107.5,61.93,172.16,19920624,2,1,서울특별시 용산구 보광동 401번지
11170,13600,0,0402,0000,,,일반건축물,단독주택,다가구용단독주택(7가구),199.75,119.54,385.18,19950522,3,1,서울특별시 용산구 보광동 402번지
11170,13600,0,0403,0000,,,일반건축물,단독주택,주택,0,71.84,131.1,19730620,2,1,서울특별시 용산구 보광동 403번지
11170,13600,0,0404,0000,,,일반건축물,단독주택,주택,0,64.76,64.76,19640110,1,0,서울특별시 용산구 보광동 404번지
11170,13600,0,0405,0000,,,일반건축물,단독주택,주택,0,85.26,176.23,19691002,2,1,서울특별시 용산구 보광동 405번지
11170,13600,0,0406,0000,,,일반건축물,단독주택,주택,0,79.35,79.35,19660501,1,0,서울특별시 용산구 보광동 406번지
11170,13600,0,0406,0001,,,일반건축물,단독주택,단독주택,122.49,62.39,119.46,20010511,2,0,서울특별시 용산구 보광동 406-1번지
11170,13600,0,0406,0002,,,일반건축물,단독주택,단독주택,79.42,46.325,145.775,19920521,2,1,서울특별시 용산구 보광동 406-2번지
11170,13600,0,0407,0000,,,일반건축물,단독주택,주택,149,68.84,200.26,19830913,2,1,서울특별시 용산구 보광동 407번지
11170,13600,0,0408,0001,,,일반건축물,단독주택,주택,0,66.87,76.06,19631120,1,1,서울특별시 용산구 보광동 408-1번지
11170,13600,0,0409,0000,,,일반건축물,단독주택,주택,0,31.93,31.93,19610510,1,0,서울특별시 용산구 보광동 409번지
11170,13600,0,0410,0000,,,일반건축물,단독주택,주택,0,45.09,45.09,,1,0,서울특별시 용산구 보광동 410번지
11170,13600,0,0411,0000,,,일반건축물,단독주택,주택,0,77.92,136.56,19850629,2,1,서울특별시 용산구 보광동 411번지
11170,13600,0,0412,0000,,,일반건축물,단독주택,다가구용단독주택(4가구),124.57,65.22,208.89,19901012,2,1,서울특별시 용산구 보광동 412번지
11170,13600,0,0413,0000,,,일반건축물,단독주택,다가구용단독주택,51.41,31.7,61.6,19950605,1,1,서울특별시 용산구 보광동 413번지
11170,13600,0,0413,0000,,,일반건축물,단독주택,주택,0,23.14,23.14,,1,0,서울특별시 용산구 보광동 413번지
11170,13600,0,0414,0000,,,일반건축물,단독주택,주택,0,112.26,202.21,19700325,2,1,서울특별시 용산구 보광동 414번지
11170,13600,0,0416,0000,,,일반건축물,단독주택,다가구용단독주택(4가구),102.62,51.1,155.87,19950118,2,1,서울특별시 용산구 보광동 416번지
11170,13600,0,0417,0000,,,일반건축물,단독주택,주택,0,76.33,157.75,19811221,2,1,서울특별시 용산구 보광동 417번지
11170,13600,0,0418,0000,,,표제부,공동주택,다세대주택,125.7,59.9,188.19,19901227,2,1,서울특별시 용산구 보광동 418번지
11170,13600,0,0419,0000,,,일반건축물,단독주택,주택,0,13.22,13.22,,1,0,서울특별시 용산구 보광동 419번지
11170,13600,0,0420,0001,,,일반건축물,단독주택,주택,0,59.48,62.88,19420810,1,1,서울특별시 용산구 보광동 420-1번지
11170,13600,0,0421,0000,,,일반건축물,단독주택,주택,0,136.66,145.84,19101027,1,1,서울특별시 용산구 보광동 421번지
11170,13600,0,0422,0000,,,일반건축물,단독주택,주택,0,58.18,71.11,19781211,1,1,서울특별시 용산구 보광동 422번지
11170,13600,0,0423,0000,,,일반건축물,단독주택,주택,0,37.36,37.36,19650120,1,0,서울특별시 용산구 보광동 423번지
11170,13600,0,0424,0000,,,일반건축물,단독주택,주택,0,44.63,44.63,19590805,1,0,서울특별시 용산구 보광동 424번지
11170,13600,0,0425,0000,,,일반건축물,단독주택,주택,0,42.98,42.98,,1,0,서울특별시 용산구 보광동 425번지
11170,13600,0,0426,0000,,,일반건축물,단독주택,단독주택(다가구주택5가구),105.27,74.36,225.54,20060718,3,1,서울특별시 용산구 보광동 426번지
11170,13600,0,0427,0000,,,일반건축물,단독주택,주택,0,44.63,44.63,19720510,1,0,서울특별시 용산구 보광동 427번지
11170,13600,0,0428,0000,,,일반건축물,단독주택,주택,0,47.67,47.67,19610112,1,0,서울특별시 용산구 보광동 428번지
11170,13600,0,0429,0000,,,일반건축물,단독주택,근린생활시설.다가구용단독주택(2가구),85.7,53.105,203.88,19950608,3,1,서울특별시 용산구 보광동 429번지
11170,13600,0,0430,0000,,,일반건축물,단독주택,주택,0,52.13,52.13,19641230,1,0,서울특별시 용산구 보광동 430번지
11170,13600,0,0432,0000,,,일반건축물,단독주택,주택,0,13.22,13.22,,1,0,서울특별시 용산구 보광동 432번지
11170,13600,0,0432,0001,,,일반건축물,단독주택,주택,212,96.4,207.98,19650120,3,1,서울특별시 용산구 보광동 432-1번지
11170,13600,0,0432,0002,,,표제부,공동주택,다세대주택,279.5,166,835.29,20020118,4,1,서울특별시 용산구 보광동 432-2번지
11170,13600,0,0436,0000,,,표제부,공동주택,다세대주택,293.97,170.05,806.13,20021009,4,1,서울특별시 용산구 보광동 436번지
11170,13600,0,0438,0001,,,일반건축물,단독주택,주택,0,85.83,241.32,19881011,2,1,서울특별시 용산구 보광동 438-1번지
11170,13600,0,0438,0002,,,일반건축물,단독주택,주택,0,0,65.45,19641228,1,0,서울특별시 용산구 보광동 438-2번지
11170,13600,0,0439,0001,,,일반건축물,단독주택,주택,0,48.99,48.99,19660910,1,0,서울특별시 용산구 보광동 439-1번지
11170,13600,0,0439,0002,,,일반건축물,제1종근린생활시설,"근린생활시설,다가구용단독주택(2가구)",106.01,63.39,244.29,19950621,3,1,서울특별시 용산구 보광동 439-2번지
11170,13600,0,0440,0000,,,일반건축물,단독주택,다가구용단독주택(3가구),73.26,46.39,120.07,19930630,2,1,서울특별시 용산구 보광동 440번지
11170,13600,0,0441,0000,,,일반건축물,단독주택,주택,0,23.14,23.14,19400810,1,0,서울특별시 용산구 보광동 441번지
11170,13600,0,0442,0001,,,일반건축물,단독주택,주택,0,54.91,63.67,19670915,1,1,서울특별시 용산구 보광동 442-1번지
11170,13600,0,0442,0002,,,일반건축물,단독주택,주택,0,50.12,50.12,19680720,1,0,서울특별시 용산구 보광동 442-2번지
11170,13600,0,0443,0000,,,일반건축물,단독주택,주택,0,16.53,16.53,,1,0,서울특별시 용산구 보광동 443번지
11170,13600,0,0443,0000,,,일반건축물,단독주택,주택,0,16.53,16.53,19480410,1,0,서울특별시 용산구 보광동 443번지
11170,13600,0,0443,0000,,,일반건축물,단독주택,주택,0,54.08,54.08,19600920,1,0,서울특별시 용산구 보광동 443번지
11170,13600,0,0448,0000,보광동신동아아파트,,표제부,판매시설,상가,7851.6,263.96,1051.88,19920919,3,1,서울특별시 용산구 보광동 448번지
11170,13600,0,0448,0000,보광동신동아아파트,,표제부,공동주택,아파트,7851.6,772.08,11173.05,19920919,14,1,서울특별시 용산구 보광동 448번지
11170,13600,0,0448,0000,보광동신동아아파트,,표제부,공동주택,아파트,7851.6,880.17,14551.27,19920919,15,1,서울특별시 용산구 보광동 448번지
11170,13600,1,0003,0000,,,일반건축물,단독주택,주택,0,0,49.59,19540415,1,0,서울특별시 용산구 보광동 산3번지
11170,13600,1,0003,0000,,,일반건축물,단독주택,주택,0,0,49.59,19540415,1,0,서울특별시 용산구 보광동 산3번지
11170,13600,1,0003,0000,,,일반건축물,단독주택,주택,0,0,49.59,19660810,1,0,서울특별시 용산구 보광동 산3번지
11170,13600,1,0003,0000,,,일반건축물,단독주택,주택,0,0,49.59,19660810,1,0,서울특별시 용산구 보광동 산3번지
11170,13600,1,0003,0000,,,일반건축물,단독주택,주택,0,0,49.59,19540415,1,0,서울특별시 용산구 보광동 산3번지
11170,13600,1,0003,0000,,,일반건축물,단독주택,주택,0,0,49.59,19660810,1,0,서울특별시 용산구 보광동 산3번지
11170,13600,1,0003,0000,,,일반건축물,단독주택,주택,0,0,49.59,19540415,1,0,서울특별시 용산구 보광동 산3번지
11170,13600,1,0003,0000,,,일반건축물,단독주택,주택,0,0,49.59,19660810,1,0,서울특별시 용산구 보광동 산3번지
11170,13600,1,0003,0000,,,일반건축물,단독주택,주택,0,0,49.59,19660810,1,0,서울특별시 용산구 보광동 산3번지
11170,13600,1,0003,0000,,,일반건축물,단독주택,주택,0,0,49.59,19540415,1,0,서울특별시 용산구 보광동 산3번지
11170,13600,1,0003,0000,,,일반건축물,단독주택,주택,0,0,49.59,19540415,1,0,서울특별시 용산구 보광동 산3번지
11170,13600,1,0003,0000,,,일반건축물,단독주택,주택,0,0,49.59,19540415,1,0,서울특별시 용산구 보광동 산3번지
11170,13600,1,0003,0000,,,일반건축물,단독주택,주택,0,0,49.59,19660810,1,0,서울특별시 용산구 보광동 산3번지
11170,13600,1,0003,0000,,,일반건축물,단독주택,주택,0,0,49.59,19540415,1,0,서울특별시 용산구 보광동 산3번지
11170,13600,1,0003,0000,,,일반건축물,단독주택,주택,0,0,49.59,19540415,1,0,서울특별시 용산구 보광동 산3번지
11170,13600,1,0003,0000,,,일반건축물,단독주택,주택,0,0,49.59,19540415,1,0,서울특별시 용산구 보광동 산3번지
11170,13600,1,0003,0000,,,일반건축물,단독주택,주택,0,0,49.59,19660810,1,0,서울특별시 용산구 보광동 산3번지
11170,13600,1,0003,0000,,,일반건축물,단독주택,주택,0,0,49.59,19540415,1,0,서울특별시 용산구 보광동 산3번지
11170,13600,1,0003,0000,,,일반건축물,단독주택,주택,0,0,49.59,19540415,1,0,서울특별시 용산구 보광동 산3번지
11170,13600,1,0003,0000,,,일반건축물,단독주택,주택,0,0,49.59,19540415,1,0,서울특별시 용산구 보광동 산3번지
11170,13600,1,0003,0000,,,일반건축물,단독주택,주택,0,0,49.59,19540415,1,0,서울특별시 용산구 보광동 산3번지
11170,13600,1,0003,0000,,,일반건축물,단독주택,주택,0,0,49.59,19660810,1,0,서울특별시 용산구 보광동 산3번지
11170,13600,1,0003,0000,,,일반건축물,단독주택,주택,0,0,49.59,19660810,1,0,서울특별시 용산구 보광동 산3번지
11170,13600,1,0003,0000,,,일반건축물,단독주택,주택,0,0,49.59,19640307,1,0,서울특별시 용산구 보광동 산3번지
11170,13600,1,0003,0000,,,일반건축물,단독주택,주택,0,0,49.59,19540415,1,0,서울특별시 용산구 보광동 산3번지
11170,13600,1,0003,0000,,,일반건축물,단독주택,주택,0,0,49.59,19540415,1,0,서울특별시 용산구 보광동 산3번지
11170,13600,1,0003,0000,,,일반건축물,단독주택,주택,0,0,49.59,19540415,1,0,서울특별시 용산구 보광동 산3번지
11170,13600,1,0003,0000,,,일반건축물,단독주택,주택,0,0,49.59,19540415,1,0,서울특별시 용산구 보광동 산3번지
11170,13600,1,0003,0000,,,일반건축물,단독주택,주택,0,0,49.59,19540415,1,0,서울특별시 용산구 보광동 산3번지
11170,13600,1,0003,0000,,,일반건축물,단독주택,주택,0,0,49.59,19660810,1,0,서울특별시 용산구 보광동 산3번지
11170,13600,1,0003,0000,,,일반건축물,단독주택,주택,0,0,49.59,19540415,1,0,서울특별시 용산구 보광동 산3번지
11170,13600,1,0003,0000,,,일반건축물,단독주택,주택,0,0,49.59,19540415,1,0,서울특별시 용산구 보광동 산3번지
11170,13600,1,0003,0000,,,일반건축물,단독주택,주택,0,0,49.59,19540415,1,0,서울특별시 용산구 보광동 산3번지
11170,13600,1,0003,0000,,,일반건축물,단독주택,주택,0,0,49.59,19660810,1,0,서울특별시 용산구 보광동 산3번지
11170,13600,1,0003,0000,,,일반건축물,단독주택,주택,0,0,49.59,19660810,1,0,서울특별시 용산구 보광동 산3번지
11170,13600,1,0003,0000,,,일반건축물,단독주택,주택,0,0,49.59,19540415,1,0,서울특별시 용산구 보광동 산3번지
11170,13600,1,0003,0000,,,일반건축물,단독주택,주택,0,0,49.59,19660810,1,0,서울특별시 용산구 보광동 산3번지
11170,13600,1,0003,0000,,,일반건축물,단독주택,주택,0,0,49.59,19660810,1,0,서울특별시 용산구 보광동 산3번지
11170,13600,1,0003,0000,,,일반건축물,단독주택,주택,0,0,49.59,19660810,1,0,서울특별시 용산구 보광동 산3번지
11170,13600,1,0003,0000,,,일반건축물,단독주택,주택,0,0,49.59,19540415,1,0,서울특별시 용산구 보광동 산3번지
11170,13600,1,0003,0000,,,일반건축물,단독주택,주택,0,0,49.59,19540415,1,0,서울특별시 용산구 보광동 산3번지
11170,13600,1,0003,0000,,,일반건축물,단독주택,주택,0,0,49.59,19660810,1,0,서울특별시 용산구 보광동 산3번지
11170,13600,1,0003,0000,,,일반건축물,단독주택,주택,0,0,49.59,19540415,1,0,서울특별시 용산구 보광동 산3번지
11170,13600,1,0003,0000,,,일반건축물,단독주택,주택,0,0,49.59,19660810,1,0,서울특별시 용산구 보광동 산3번지
11170,13600,1,0003,0000,,,일반건축물,단독주택,주택,0,0,49.59,19660810,1,0,서울특별시 용산구 보광동 산3번지
11170,13600,1,0003,0000,,,일반건축물,단독주택,주택,0,0,49.59,19540415,1,0,서울특별시 용산구 보광동 산3번지
11170,13600,1,0003,0000,,,일반건축물,단독주택,주택,0,0,49.59,19540415,1,0,서울특별시 용산구 보광동 산3번지
11170,13600,1,0003,0000,,,일반건축물,단독주택,주택,0,0,49.59,19540415,1,0,서울특별시 용산구 보광동 산3번지
11170,13600,1,0003,0000,,,일반건축물,단독주택,주택,0,0,49.59,19660810,1,0,서울특별시 용산구 보광동 산3번지
11170,13600,1,0003,0000,,,일반건축물,단독주택,주택,0,0,49.59,19660810,1,0,서울특별시 용산구 보광동 산3번지
11170,13600,1,0003,0000,,,일반건축물,단독주택,주택,0,0,49.59,19660810,1,0,서울특별시 용산구 보광동 산3번지
11170,13600,1,0003,0000,,,일반건축물,단독주택,주택,0,0,49.59,19660810,1,0,서울특별시 용산구 보광동 산3번지
11170,13600,1,0003,0000,,,일반건축물,단독주택,주택,0,0,49.59,19660810,1,0,서울특별시 용산구 보광동 산3번지
11170,13600,1,0003,0000,,,일반건축물,단독주택,주택,0,0,49.59,19540415,1,0,서울특별시 용산구 보광동 산3번지
11170,13600,1,0003,0000,,,일반건축물,단독주택,주택,0,0,49.59,19660307,1,0,서울특별시 용산구 보광동 산3번지
11170,13600,1,0003,0000,,,일반건축물,단독주택,주택,0,0,49.59,19660810,1,0,서울특별시 용산구 보광동 산3번지
11170,13600,1,0004,0000,,,일반건축물,단독주택,주택,0,29.75,29.75,19550920,1,0,서울특별시 용산구 보광동 산4번지
11170,13600,1,0004,0000,,,일반건축물,단독주택,주택,0,21.22,21.22,19561030,1,0,서울특별시 용산구 보광동 산4번지
11170,13600,1,0004,0000,,,일반건축물,단독주택,주택,0,37.26,37.26,19571115,1,0,서울특별시 용산구 보광동 산4번지
11170,13600,1,0004,0001,,,일반건축물,제2종근린생활시설,사무실,0,89.19,89.19,19661115,1,0,서울특별시 용산구 보광동 산4-1번지
11170,13600,1,0004,0001,,,일반건축물,제2종근린생활시설,사무실,0,89.19,89.19,19660402,1,0,서울특별시 용산구 보광동 산4-1번지
11170,13600,1,0004,0002,,,일반건축물,단독주택,주택,0,35.04,35.04,19590730,1,0,서울특별시 용산구 보광동 산4-2번지
11170,13600,1,0004,0002,,,일반건축물,단독주택,주택,0,26.45,26.45,19600425,1,0,서울특별시 용산구 보광동 산4-2번지
11170,13600,1,0006,0000,,,일반건축물,단독주택,주택,0,413.23,413.23,19571101,1,0,서울특별시 용산구 보광동 산6번지
11170,13600,1,0006,0000,,,일반건축물,단독주택,주택,0,43.57,43.57,19580408,1,0,서울특별시 용산구 보광동 산6번지
11170,13600,1,0006,0002,,,일반건축물,단독주택,주택,0,35.44,35.44,19570615,1,0,서울특별시 용산구 보광동 산6-2번지
11170,13600,1,0006,0002,,,일반건축물,단독주택,주택,0,23.17,23.17,19590506,1,0,서울특별시 용산구 보광동 산6-2번지
