sigunguCd,bjdongCd,platGbCd,bun,ji,bldNm,splotNm,regstrKindCdNm,mainPurpsCdNm,etcPurps,platArea,archArea,totArea,useAprDay,grndFlrCnt,ugrndFlrCnt,platPlc
11215,10700,0,0001,0000,,,일반건축물,교육연구시설,교육연구시설,0,3054.6,12154.08,20031128,5,1,서울특별시 광진구 화양동 1번지
11215,10700,0,0001,0000,,,일반건축물,교육연구시설,화장실,0,44.2,44.2,20160412,1,0,서울특별시 광진구 화양동 1번지
11215,10700,0,0001,0000,건국대학교,,일반건축물,교육연구시설,교육연구시설,0,1948.68,18901.97,20070315,8,4,서울특별시 광진구 화양동 1번지
11215,10700,0,0001,0000,,,일반건축물,교육연구시설,교육연구시설,0,4501.76,22835.66,19890315,6,1,서울특별시 광진구 화양동 1번지
11215,10700,0,0001,0000,,,일반건축물,분뇨.쓰레기처리시설,폐수처리장,0,96,96,19851217,1,0,서울특별시 광진구 화양동 1번지
11215,10700,0,0001,0000,,,일반건축물,교육연구시설,교육연구시설,0,1023.55,2862.97,20020723,4,0,서울특별시 광진구 화양동 1번지
11215,10700,0,0001,0000,,,일반건축물,교육연구시설,교육연구시설,0,894.28,2708.54,20000816,4,1,서울특별시 광진구 화양동 1번지
11215,10700,0,0001,0000,,,일반건축물,교육연구시설,교육연구시설,0,1671.36,6782.67,19690802,4,1,서울특별시 광진구 화양동 1번지
11215,10700,0,0001,0000,,,일반건축물,교육연구시설,교육연구시설,0,1871.88,25940.98,20160826,13,2,서울특별시 광진구 화양동 1번지
11215,10700,0,0001,0000,,,일반건축물,운동시설,체육관,0,1099.17,2605.35,19711230,3,0,서울특별시 광진구 화양동 1번지
11215,10700,0,0001,0000,,,일반건축물,교육연구시설,교육연구시설,0,2369.52,11992.77,19971230,7,1,서울특별시 광진구 화양동 1번지
11215,10700,0,0001,0000,,,일반건축물,교육연구시설,교육연구시설,460443.2,2263.45,7081.95,19570731,6,1,서울특별시 광진구 화양동 1번지
11215,10700,0,0001,0000,,,일반건축물,교육연구시설,교육연구시설,0,57.76,43.56,19910701,1,0,서울특별시 광진구 화양동 1번지
11215,10700,0,0001,0000,,,일반건축물,교육연구시설,교육연구시설,0,500.25,4042.27,20030204,8,1,서울특별시 광진구 화양동 1번지
11215,10700,0,0001,0000,,,일반건축물,교육연구시설,교육연구시설,0,166.67,602.71,20060706,1,1,서울특별시 광진구 화양동 1번지
11215,10700,0,0001,0000,건국대학교,,일반건축물,교육연구시설,교육연구시설,0,2677.07,8685.84,19820119,5,1,서울특별시 광진구 화양동 1번지
11215,10700,0,0001,0000,,,일반건축물,교육연구시설,교육연구및복지시설,0,666.68,826.55,20050523,1,1,서울특별시 광진구 화양동 1번지
11215,10700,0,0001,0000,건국대학교,,일반건축물,교육연구시설,교육연구시설,0,2300.65,9965.8,19860630,5,1,서울특별시 광진구 화양동 1번지
11215,10700,0,0001,0000,,,일반건축물,교육연구시설,"교사, 학교",460443.2,1163.43,3596.21,19690501,3,1,서울특별시 광진구 화양동 1번지
11215,10700,0,0001,0000,,,일반건축물,교육연구시설,"교육연구시설,근린생활시설,공장",0,792.97,1160.17,20021216,2,1,서울특별시 광진구 화양동 1번지
11215,10700,0,0001,0000,,,일반건축물,교육연구시설,교육연구시설,0,855.65,3889.25,19960129,5,1,서울특별시 광진구 화양동 1번지
11215,10700,0,0001,0000,,,일반건축물,교육연구시설,"교사, 학교",0,1014.25,4315.05,19780406,5,0,서울특별시 광진구 화양동 1번지
11215,10700,0,0001,0000,,,일반건축물,교육연구시설,교육연구 및 복지시설,0,1684.46,8714.4,20061107,12,0,서울특별시 광진구 화양동 1번지
11215,10700,0,0001,0000,,,일반건축물,교육연구시설,교육연구 및 복지시설,0,1502.27,17418.88,20061107,12,1,서울특별시 광진구 화양동 1번지
11215,10700,0,0001,0000,,,일반건축물,교육연구시설,교육연구시설,0,236.5,302.38,19980428,2,1,서울특별시 광진구 화양동 1번지
11215,10700,0,0001,0000,,,일반건축물,교육연구시설,교육연구시설,0,3623.59,15170.08,19821025,5,1,서울특별시 광진구 화양동 1번지
11215,10700,0,0001,0000,건국대학교,,일반건축물,교육연구시설,대학교,0,980.34,7316.63,20150123,7,2,서울특별시 광진구 화양동 1번지
11215,10700,0,0001,0000,,,일반건축물,교육연구시설,교육연구시설,0,95.02,85.82,19930706,1,1,서울특별시 광진구 화양동 1번지
11215,10700,0,0001,0000,,,일반건축물,공동주택,공동주택(기숙사),0,1248.4,18294.59,20100130,15,1,서울특별시 광진구 화양동 1번지
11215,10700,0,0001,0000,,,일반건축물,교육연구시설,교육연구 및 복지시설,0,919.9,10855.38,20061107,12,1,서울특별시 광진구 화양동 1번지
11215,10700,0,0001,0000,,,일반건축물,교육연구시설,교육연구시설(대학교),0,1295.06,3614.03,19910601,2,1,서울특별시 광진구 화양동 1번지
11215,10700,0,0001,0000,,,일반건축물,교육연구시설,교육연구시설,0,480.31,3235.32,20030905,7,1,서울특별시 광진구 화양동 1번지
11215,10700,0,0001,0000,,,일반건축물,교육연구시설,교육연구시설,0,120.99,120.99,19790418,1,0,서울특별시 광진구 화양동 1번지
11215,10700,0,0001,0000,,,일반건축물,교육연구시설,교육연구시설,0,5.25,5.25,19881230,1,0,서울특별시 광진구 화양동 1번지
11215,10700,0,0001,0000,,,일반건축물,교육연구시설,교육연구시설,0,770.08,3292.78,19880204,5,1,서울특별시 광진구 화양동 1번지
11215,10700,0,0001,0000,,,일반건축물,교육연구시설,교육연구시설,0,1740.23,5118.01,19560807,3,0,서울특별시 광진구 화양동 1번지
11215,10700,0,0001,0000,,,일반건축물,교육연구시설,학교,0,746.25,5367.88,19730730,6,1,서울특별시 광진구 화양동 1번지
11215,10700,0,0001,0000,,,일반건축물,교육연구시설,교육연구시설,460443.2,1749.18,12469.01,20120817,5,1,서울특별시 광진구 화양동 1번지
11215,10700,0,0001,0000,,,일반건축물,교육연구시설,교육연구시설,0,748.76,3475.5,19780516,4,1,서울특별시 광진구 화양동 1번지
11215,10700,0,0001,0000,건국대학교,,일반건축물,교육연구시설,학교,460443.2,1614.56,6194.11,19770706,4,1,서울특별시 광진구 화양동 1번지
11215,10700,0,0001,0000,건국대학교,,일반건축물,교육연구시설,교육연구시설및복지시설,460443.2,3250.29,18774.57,20050222,8,1,서울특별시 광진구 화양동 1번지
11215,10700,0,0001,0000,,,일반건축물,교육연구시설,교육연구시설,460443.2,2322.72,23206.15,20070207,10,3,서울특별시 광진구 화양동 1번지
11215,10700,0,0001,0000,,,일반건축물,교육연구시설,교육연구시설,0,729.24,2786.4,20030917,4,1,서울특별시 광진구 화양동 1번지
11215,10700,0,0001,0000,,,일반건축물,교육연구시설,교육연구시설,460443.2,2262.48,8596.28,20020430,5,1,서울특별시 광진구 화양동 1번지
11215,10700,0,0001,0000,,,일반건축물,교육연구시설,교육연구시설,0,845.38,18601.05,20000427,15,2,서울특별시 광진구 화양동 1번지
11215,10700,0,0001,0000,,,일반건축물,교육연구시설,교육연구시설,0,1059.66,1907.19,,2,1,서울특별시 광진구 화양동 1번지
11215,10700,0,0001,0000,,,일반건축물,교육연구시설,교육연구시설,0,943.58,1516.68,19960514,2,0,서울특별시 광진구 화양동 1번지
11215,10700,0,0001,0000,,,일반건축물,교육연구시설,교육연구시설,0,1753.26,17799.94,20080321,8,3,서울특별시 광진구 화양동 1번지
11215,10700,0,0001,0000,,,일반건축물,교육연구시설,교육연구및복지시설,0,1745.4,2755.11,20041103,2,0,서울특별시 광진구 화양동 1번지
11215,10700,0,0001,0000,,,일반건축물,교육연구시설,교육연구시설(대학교),0,7310.41,32904.95,19810908,6,1,서울특별시 광진구 화양동 1번지
11215,10700,0,0001,0000,,,일반건축물,교육연구시설,교육연구시설,0,2064.8,4892.58,19580922,4,1,서울특별시 광진구 화양동 1번지
11215,10700,0,0001,0000,,,일반건축물,교육연구시설,교육연구시설,0,2500.82,19193.18,20060817,7,2,서울특별시 광진구 화양동 1번지
11215,10700,0,0001,0000,,,일반건축물,교육연구시설,교육연구시설,0,70.41,70.41,19820119,1,0,서울특별시 광진구 화양동 1번지
11215,10700,0,0001,0000,,,일반건축물,문화및집회시설,교육연구시설,0,306.86,911.34,19851121,2,1,서울특별시 광진구 화양동 1번지
11215,10700,0,0001,0000,,,일반건축물,교육연구시설,교육연구시설,0,1709.48,8479.7,19820511,5,1,서울특별시 광진구 화양동 1번지
11215,10700,0,0001,0001,퍼스트하우스,,표제부,공동주택,"다세대주택(도시형생활주택:원룸형),제2종근린생활시설(사무소)",194.5,97.12,547.86,20140331,7,1,서울특별시 광진구 화양동 1-1번지
11215,10700,0,0001,0002,,,일반건축물,단독주택,다가구용단독주택,89.3,53.57,159.63,19941228,2,1,서울특별시 광진구 화양동 1-2번지
11215,10700,0,0001,0003,,,일반건축물,단독주택,주택,129.9,63.42,194.4,19890822,2,1,서울특별시 광진구 화양동 1-3번지
11215,10700,0,0001,0006,,,일반건축물,단독주택,단독주택,100.2,49.95,160.11,19890608,2,1,서울특별시 광진구 화양동 1-6번지
11215,10700,0,0001,0007,,,일반건축물,단독주택,다가구주택,0,46.8,142.32,19911220,2,1,서울특별시 광진구 화양동 1-7번지
11215,10700,0,0001,0008,,,일반건축물,제1종근린생활시설,"주택, 근린생활시설",0,85.98,134.54,19700803,2,0,서울특별시 광진구 화양동 1-8번지
11215,10700,0,0001,0009,,,일반건축물,단독주택,주택,0,60.15,208.73,19870728,2,1,서울특별시 광진구 화양동 1-9번지
11215,10700,0,0001,0010,,,일반건축물,제1종근린생활시설,"주택(다가구주택4가구), 근린생활시설",115.7,57.74,289.59,19871027,4,1,서울특별시 광진구 화양동 1-10번지
11215,10700,0,0001,0011,,,일반건축물,단독주택,다가구주택,131.6,70.65,240.51,19890920,3,1,서울특별시 광진구 화양동 1-11번지
11215,10700,0,0001,0012,,,일반건축물,단독주택,주택,0,72.33,144.66,19730820,1,1,서울특별시 광진구 화양동 1-12번지
11215,10700,0,0001,0013,,,일반건축물,단독주택,다가구주택(5가구),122.7,70.53,199.29,19910903,2,1,서울특별시 광진구 화양동 1-13번지
11215,10700,0,0001,0014,,,일반건축물,단독주택,주택,0,68.03,109.05,19730827,1,1,서울특별시 광진구 화양동 1-14번지
11215,10700,0,0001,0015,,,일반건축물,단독주택,근린생활시설(소매점) 및 다가구주택(4가구),132.6,79.14,199.38,19940214,2,1,서울특별시 광진구 화양동 1-15번지
11215,10700,0,0001,0016,,,일반건축물,제1종근린생활시설,"근린생활시설, 주택",0,67.05,199.35,19870610,2,1,서울특별시 광진구 화양동 1-16번지
11215,10700,0,0001,0017,,,일반건축물,제2종근린생활시설,근린생활시설,0,71.01,142.02,19731010,2,0,서울특별시 광진구 화양동 1-17번지
11215,10700,0,0001,0019,,,일반건축물,단독주택,주택,148.8,74.36,233.49,19881216,2,1,서울특별시 광진구 화양동 1-19번지
11215,10700,0,0001,0020,,,일반건축물,단독주택,"주택, 관리사무소, 근린생활시설",153.4,92.01,490.59,19960912,5,1,서울특별시 광진구 화양동 1-20번지
11215,10700,0,0001,0021,,,일반건축물,제2종근린생활시설,"제2종근린생활시설(고시원,사무소)",127.1,62.43,343.57,20120608,5,1,서울특별시 광진구 화양동 1-21번지
11215,10700,0,0001,0022,,,일반건축물,제2종근린생활시설,"다중생활시설,사무소",127.3,63.48,305.98,20150105,5,0,서울특별시 광진구 화양동 1-22번지
11215,10700,0,0001,0023,,,일반건축물,단독주택,주택,123,78.54,196.71,19750620,3,0,서울특별시 광진구 화양동 1-23번지
11215,10700,0,0001,0024,,,일반건축물,단독주택,주택,0,55.34,117.64,19741224,2,1,서울특별시 광진구 화양동 1-24번지
11215,10700,0,0001,0026,,,일반건축물,단독주택,단독주택,114.4,57.19,171.57,19890729,2,1,서울특별시 광진구 화양동 1-26번지
11215,10700,0,0001,0027,,,일반건축물,단독주택,단독주택,0,61.55,125.58,19741224,2,1,서울특별시 광진구 화양동 1-27번지
11215,10700,0,0001,0030,,,일반건축물,단독주택,단독주택,0,59.57,129.77,19750806,2,1,서울특별시 광진구 화양동 1-30번지
11215,10700,0,0001,0031,,,일반건축물,단독주택,단독주택,0,60.3,128.92,19750821,2,1,서울특별시 광진구 화양동 1-31번지
11215,10700,0,0001,0032,,,일반건축물,단독주택,"단독주택(다가구주택),제2종근린생활시설(사무소)",112.1,63.08,257.3,20120119,5,0,서울특별시 광진구 화양동 1-32번지
11215,10700,0,0001,0033,,,일반건축물,제2종근린생활시설,"제2종근린생활시설(고시원),단독주택",122.9,61.36,293.04,20110927,7,0,서울특별시 광진구 화양동 1-33번지
11215,10700,0,0002,0001,,,일반건축물,제1종근린생활시설,"단독주택, 근린생활시설",196.71,97.66,485.64,19931118,4,1,서울특별시 광진구 화양동 2-1번지
11215,10700,0,0002,0003,,,표제부,공동주택,"공동주택-다세대주택(도시형생활주택-원룸형),제2종근린생활시설(사무소)",178.7,105.19,653.89,20120228,7,0,서울특별시 광진구 화양동 2-3번지
11215,10700,0,0002,0005,,,일반건축물,단독주택,단독주택,124.5,62.13,194.73,19891022,2,1,서울특별시 광진구 화양동 2-5번지
11215,10700,0,0002,0006,休(휴)하우스,,일반건축물,제2종근린생활시설,근린생활시설,108.6,65,382.53,20150226,7,0,서울특별시 광진구 화양동 2-6번지
11215,10700,0,0002,0007,,,일반건축물,단독주택,주택,114.5,68.32,120.75,19700210,2,0,서울특별시 광진구 화양동 2-7번지
11215,10700,0,0002,0010,테라팰리스 건대4차,,표제부,업무시설,"오피스텔(45호),도시형생활주택단지형연립주택(28세대),근린생활시설",764.5,457.87,4316.12,20230403,12,2,서울특별시 광진구 화양동 2-10번지
11215,10700,0,0002,0014,,,일반건축물,단독주택,주택,182.52,86.67,247.11,19891020,2,1,서울특별시 광진구 화양동 2-14번지
11215,10700,0,0002,0015,,,일반건축물,단독주택,주택,178.5,87.24,249.09,19891021,2,1,서울특별시 광진구 화양동 2-15번지
11215,10700,0,0002,0018,,,일반건축물,단독주택,주택,0,78.3,234.73,19881209,2,1,서울특별시 광진구 화양동 2-18번지
11215,10700,0,0002,0019,,,일반건축물,단독주택,주택,142.4,71.15,211.05,19881230,2,1,서울특별시 광진구 화양동 2-19번지
11215,10700,0,0002,0020,,,일반건축물,단독주택,다가구주택,186.5,111.85,375.79,20010724,3,1,서울특별시 광진구 화양동 2-20번지
11215,10700,0,0002,0021,,,일반건축물,단독주택,주택,127.4,63.57,203.89,19881202,2,1,서울특별시 광진구 화양동 2-21번지
11215,10700,0,0002,0022,비다펠리즈,,표제부,업무시설,"업무시설(오피스텔16호),다세대주택(16세대),근린생활시설",261.1,148.85,1106.81,20210210,10,1,서울특별시 광진구 화양동 2-22번지
11215,10700,0,0002,0023,,,일반건축물,제1종근린생활시설,"주택, 근린생활시설",0,93.48,373.92,19850716,3,1,서울특별시 광진구 화양동 2-23번지
11215,10700,0,0002,0024,,,일반건축물,단독주택,주택,132.92,60.84,189.42,19881025,2,1,서울특별시 광진구 화양동 2-24번지
11215,10700,0,0002,0025,,,일반건축물,단독주택,주택,179.9,82.26,246.78,19910816,2,1,서울특별시 광진구 화양동 2-25번지
11215,10700,0,0002,0027,,,일반건축물,단독주택,주택,94.9,47.4,144.72,19901210,2,1,서울특별시 광진구 화양동 2-27번지
11215,10700,0,0002,0028,,,일반건축물,단독주택,주택,0,82.22,246.66,19891128,2,1,서울특별시 광진구 화양동 2-28번지
11215,10700,0,0002,0029,화양동 2-29,,표제부,공동주택,다세대주택(도시형생활주택),162.1,88.05,547.08,20251103,9,1,서울특별시 광진구 화양동 2-29번지
11215,10700,0,0002,0030,,,일반건축물,제1종근린생활시설,"근린생활시설, 주택",206,102.94,521.1,19931231,4,1,서울특별시 광진구 화양동 2-30번지
11215,10700,0,0002,0032,,,일반건축물,단독주택,"근린생활시설, 주택",123.81,67.56,262.98,19930220,3,1,서울특별시 광진구 화양동 2-32번지
11215,10700,0,0002,0035,,,일반건축물,단독주택,"주택, 근린생활시설",0,84.43,124.53,19710626,2,0,서울특별시 광진구 화양동 2-35번지
11215,10700,0,0002,0036,,,일반건축물,단독주택,주택,0,38.15,91.78,19751111,2,1,서울특별시 광진구 화양동 2-36번지
11215,10700,0,0002,0037,,,일반건축물,단독주택,주택,0,56.52,180.54,19871111,2,1,서울특별시 광진구 화양동 2-37번지
11215,10700,0,0002,0039,,,일반건축물,제1종근린생활시설,"근린생활시설, 주택",210.2,104.62,494.89,19950925,4,1,서울특별시 광진구 화양동 2-39번지
11215,10700,0,0002,0042,,,일반건축물,단독주택,단독주택,142.8,73.19,223.12,19901016,2,1,서울특별시 광진구 화양동 2-42번지
11215,10700,0,0002,0043,,,일반건축물,단독주택,다가구주택(5가구),147.8,87.92,249.72,19910821,2,1,서울특별시 광진구 화양동 2-43번지
11215,10700,0,0002,0044,,,일반건축물,제1종근린생활시설,"소매점,사무소",246.3,123.12,617.76,19890801,4,1,서울특별시 광진구 화양동 2-44번지
11215,10700,0,0002,0045,,,일반건축물,제2종근린생활시설,근린생활시설,0,96.72,479.04,19861127,4,1,서울특별시 광진구 화양동 2-45번지
11215,10700,0,0002,0046,,,일반건축물,제2종근린생활시설,근린생활시설,270.7,133.65,693.05,19890825,4,1,서울특별시 광진구 화양동 2-46번지
11215,10700,0,0002,0047,,,일반건축물,제2종근린생활시설,"근린생활시설, 주택",320.5,124.25,674.55,19890825,4,1,서울특별시 광진구 화양동 2-47번지
11215,10700,0,0002,0047,,,일반건축물,단독주택,주택,0,68.18,136.36,19860811,1,1,서울특별시 광진구 화양동 2-47번지
11215,10700,0,0002,0048,,,일반건축물,제1종근린생활시설,"근린생활시설, 주택",0,70.91,295.73,19860924,3,1,서울특별시 광진구 화양동 2-48번지
11215,10700,0,0002,0049,,,일반건축물,제2종근린생활시설,"근린생활시설, 일반업무시설",354.7,177.12,885.6,19871221,4,1,서울특별시 광진구 화양동 2-49번지
11215,10700,0,0002,0057,,,일반건축물,단독주택,주택,132,65.6,208.78,19881231,2,1,서울특별시 광진구 화양동 2-57번지
11215,10700,0,0002,0058,화양주택,,일반건축물,단독주택,주택,134.16,75.16,259.79,19881230,4,1,서울특별시 광진구 화양동 2-58번지
11215,10700,0,0002,0060,,,일반건축물,단독주택,주택,167.3,78.62,235.86,19891020,2,1,서울특별시 광진구 화양동 2-60번지
11215,10700,0,0003,0001,,,일반건축물,단독주택,"주택, 근린생활시설",116.9,83.16,366.43,19890825,3,1,서울특별시 광진구 화양동 3-1번지
11215,10700,0,0003,0002,,,일반건축물,단독주택,주택,0,65.04,195.12,19881207,2,1,서울특별시 광진구 화양동 3-2번지
11215,10700,0,0003,0003,,,일반건축물,제2종근린생활시설,"제2종근린생활시설(일반음식점),주택",129.3,64.53,201.87,19871126,2,1,서울특별시 광진구 화양동 3-3번지
11215,10700,0,0003,0004,,,일반건축물,단독주택,"다가구주택, 근린생활시설",113.1,67.65,200.64,19950524,2,1,서울특별시 광진구 화양동 3-4번지
11215,10700,0,0003,0005,,,일반건축물,단독주택,다가구주택(7가구),123.6,73.59,278.52,19950524,3,1,서울특별시 광진구 화양동 3-5번지
11215,10700,0,0003,0009,,,일반건축물,단독주택,주택,89.3,44.96,142.18,19880730,2,1,서울특별시 광진구 화양동 3-9번지
11215,10700,0,0003,0013,,,일반건축물,단독주택,주택,127.12,63.23,201.88,19900205,2,1,서울특별시 광진구 화양동 3-13번지
11215,10700,0,0003,0014,,,일반건축물,제2종근린생활시설,제2종근린생활시설,0,116.2,327.88,19860718,2,1,서울특별시 광진구 화양동 3-14번지
11215,10700,0,0003,0015,,,일반건축물,단독주택,단독주택,118.45,84.01,276.01,19920901,3,1,서울특별시 광진구 화양동 3-15번지
11215,10700,0,0003,0016,,,일반건축물,단독주택,단독주택,116.15,69.65,198.81,19920901,2,1,서울특별시 광진구 화양동 3-16번지
11215,10700,0,0003,0017,,,표제부,공동주택,다세대주택,0,58.06,187.22,19890708,2,1,서울특별시 광진구 화양동 3-17번지
11215,10700,0,0003,0018,화양동복합빌딩,,표제부,제2종근린생활시설,"공동주택-다세대주택(도시형생활주택:원룸형),근린생활시설(사무소, 소매점)",146,87.33,583.66,20130930,9,0,서울특별시 광진구 화양동 3-18번지
11215,10700,0,0003,0020,,,일반건축물,제2종근린생활시설,근린생활시설,0,67.14,379.9,19870112,4,1,서울특별시 광진구 화양동 3-20번지
11215,10700,0,0003,0021,,,일반건축물,제1종근린생활시설,"점포, 사무실",0,88.93,345.8,19801111,3,1,서울특별시 광진구 화양동 3-21번지
11215,10700,0,0003,0022,효성,,일반건축물,제1종근린생활시설,"근린생활시설, 업무시설",433,196.5,988.2,19891208,4,1,서울특별시 광진구 화양동 3-22번지
11215,10700,0,0003,0023,,,일반건축물,단독주택,다가구주택(4가구),114.6,68.26,261.84,19911105,3,1,서울특별시 광진구 화양동 3-23번지
11215,10700,0,0003,0025,,,일반건축물,제2종근린생활시설,근린생활시설,143.8,84.48,410.4,19950817,4,1,서울특별시 광진구 화양동 3-25번지
11215,10700,0,0003,0026,,,일반건축물,제2종근린생활시설,근린생활시설,86.36,52.5,204.33,19850613,3,1,서울특별시 광진구 화양동 3-26번지
11215,10700,0,0003,0027,,,일반건축물,제2종근린생활시설,"근린생활시설, 주택",150.66,90.33,410.74,19940115,4,1,서울특별시 광진구 화양동 3-27번지
11215,10700,0,0003,0028,,,일반건축물,제2종근린생활시설,제1종근린생활시설,325,192.31,720.69,19920624,4,1,서울특별시 광진구 화양동 3-28번지
11215,10700,0,0003,0029,,,일반건축물,제2종근린생활시설,근린생활시설,110.58,61.62,177.12,19890620,2,1,서울특별시 광진구 화양동 3-29번지
11215,10700,0,0003,0030,,,일반건축물,제2종근린생활시설,근린생활시설,0,41.64,163.68,19880729,3,1,서울특별시 광진구 화양동 3-30번지
11215,10700,0,0003,0032,,,일반건축물,제2종근린생활시설,근린생활시설,93.7,53.82,222.87,19880528,3,1,서울특별시 광진구 화양동 3-32번지
11215,10700,0,0003,0033,,,일반건축물,제2종근린생활시설,근린생활시설,110.1,63.45,208.45,19890531,3,1,서울특별시 광진구 화양동 3-33번지
11215,10700,0,0003,0034,,,일반건축물,제1종근린생활시설,근린생활시설,214.2,122.61,298.98,19961121,3,1,서울특별시 광진구 화양동 3-34번지
11215,10700,0,0003,0035,,,일반건축물,제1종근린생활시설,"주택, 근린생활시설",212.9,106.4,464,19890310,3,1,서울특별시 광진구 화양동 3-35번지
11215,10700,0,0003,0037,,,일반건축물,제1종근린생활시설,근린생활시설,0,98.1,423.81,19870704,3,1,서울특별시 광진구 화양동 3-37번지
11215,10700,0,0003,0039,,,일반건축물,제1종근린생활시설,"제1종근린생활시설(미용원,제과점,소매점)",300.5,168.93,592.04,19780412,3,1,서울특별시 광진구 화양동 3-39번지
11215,10700,0,0003,0041,,,일반건축물,제1종근린생활시설,근린생활시설,142.5,85.42,344.03,19890610,3,1,서울특별시 광진구 화양동 3-41번지
11215,10700,0,0003,0042,,,일반건축물,제2종근린생활시설,근린생활시설,159,89.13,324.39,19970918,4,1,서울특별시 광진구 화양동 3-42번지
11215,10700,0,0003,0043,,,일반건축물,제2종근린생활시설,"주택, 근린생활시설",218.8,109.29,583.8,19900908,4,1,서울특별시 광진구 화양동 3-43번지
11215,10700,0,0003,0046,,,일반건축물,단독주택,다가구주택,146.4,85.08,291.72,19850720,3,1,서울특별시 광진구 화양동 3-46번지
11215,10700,0,0003,0047,,,일반건축물,단독주택,주택,0,79.27,157.39,19730718,2,1,서울특별시 광진구 화양동 3-47번지
11215,10700,0,0003,0048,,,일반건축물,단독주택,주택,0,41.04,123.12,19860807,2,1,서울특별시 광진구 화양동 3-48번지
11215,10700,0,0003,0050,,,일반건축물,단독주택,주택,0,49.92,77.36,19701030,2,0,서울특별시 광진구 화양동 3-50번지
11215,10700,0,0003,0051,,,일반건축물,단독주택,주택,0,89.75,172.62,19720110,2,1,서울특별시 광진구 화양동 3-51번지
11215,10700,0,0003,0052,,,일반건축물,단독주택,주택,0,66.81,202.74,19860625,2,1,서울특별시 광진구 화양동 3-52번지
11215,10700,0,0003,0054,,,일반건축물,단독주택,다가구용단독주택(4가구),66,44.64,116.04,19931224,2,1,서울특별시 광진구 화양동 3-54번지
11215,10700,0,0003,0057,,,일반건축물,단독주택,주택,134.35,63.72,196.51,19880922,2,1,서울특별시 광진구 화양동 3-57번지
11215,10700,0,0003,0058,,,일반건축물,단독주택,주택,125.15,62.46,194.58,19881118,2,1,서울특별시 광진구 화양동 3-58번지
11215,10700,0,0003,0059,,,일반건축물,단독주택,주택,0,81.12,81.12,19701016,1,0,서울특별시 광진구 화양동 3-59번지
11215,10700,0,0003,0060,몽몽공장,,표제부,업무시설,"업무시설(오피스텔5호),근린생활시설",121.6,71.91,485.19,20201215,7,1,서울특별시 광진구 화양동 3-60번지
11215,10700,0,0003,0061,,,일반건축물,제2종근린생활시설,다가구단독주택(4가구) 및 제2종근린생활시설,129.6,77.08,420.69,20170612,7,0,서울특별시 광진구 화양동 3-61번지
11215,10700,0,0003,0063,,,일반건축물,단독주택,다가구주택 및 근린생활시설,70.2,42.075,228.275,20171207,7,0,서울특별시 광진구 화양동 3-63번지
11215,10700,0,0003,0066,,,일반건축물,단독주택,단독주택,0,82.45,249.45,19870713,2,1,서울특별시 광진구 화양동 3-66번지
11215,10700,0,0003,0070,,,일반건축물,제2종근린생활시설,근린생활시설,0,45.9,183.56,19870704,3,1,서울특별시 광진구 화양동 3-70번지
11215,10700,0,0003,0071,,,일반건축물,제2종근린생활시설,근린생활시설,0,92.79,373.86,19870704,3,1,서울특별시 광진구 화양동 3-71번지
11215,10700,0,0003,0073,,,일반건축물,제2종근린생활시설,근린생활시설,0,48.32,144.96,19861203,2,1,서울특별시 광진구 화양동 3-73번지
11215,10700,0,0003,0074,,,일반건축물,단독주택,"단독주택(다가구주택),제2종근린생활시설(기타사무소)",64.5,38.63,164.6,20110701,6,0,서울특별시 광진구 화양동 3-74번지
11215,10700,0,0003,0075,,,일반건축물,제1종근린생활시설,제1종근린생활시설(휴게음식점),128.6,76.84,196.96,19860915,2,1,서울특별시 광진구 화양동 3-75번지
11215,10700,0,0003,0076,,,일반건축물,단독주택,주택,123,70.75,224.34,19871013,3,1,서울특별시 광진구 화양동 3-76번지
11215,10700,0,0003,0077,,,일반건축물,단독주택,단독주택,128.6,72.25,227.8,20090611,4,0,서울특별시 광진구 화양동 3-77번지
11215,10700,0,0003,0078,,,일반건축물,제2종근린생활시설,"단독주택(다가구주택),제2종근린생활시설(사무소)",115,68.73,427.34,20140812,7,0,서울특별시 광진구 화양동 3-78번지
11215,10700,0,0003,0081,,,일반건축물,단독주택,다가구주택(5가구),0,44.58,135.71,19910507,2,1,서울특별시 광진구 화양동 3-81번지
11215,10700,0,0003,0082,,,일반건축물,단독주택,주택,89.3,44.61,133.2,19890920,2,1,서울특별시 광진구 화양동 3-82번지
11215,10700,0,0003,0083,,,일반건축물,단독주택,주택,89.3,53.4,160.2,19880613,2,1,서울특별시 광진구 화양동 3-83번지
11215,10700,0,0003,0084,,,일반건축물,단독주택,단독주택,92.2,45.82,157.59,19891218,3,1,서울특별시 광진구 화양동 3-84번지
11215,10700,0,0003,0085,,,일반건축물,단독주택,단독주택,90.2,44.98,149.56,19900205,2,1,서울특별시 광진구 화양동 3-85번지
11215,10700,0,0003,0092,,,일반건축물,단독주택,주택,127.3,56.09,174.3,19900201,2,1,서울특별시 광진구 화양동 3-92번지
11215,10700,0,0003,0093,,,표제부,공동주택,"공동주택(다세대주택), 근린생활시설,오피스텔",268.9,160.4,993.1,20140617,8,1,서울특별시 광진구 화양동 3-93번지
11215,10700,0,0004,0012,화양동 4-12 의료시설(학교법인건국대학교),,일반건축물,의료시설,의료시설,17171,6263.5,86990.26,20070514,13,4,서울특별시 광진구 화양동 4-12번지
11215,10700,0,0004,0020,스타시티영존,,일반건축물,판매시설,"판매시설,문화및집회시설(전시장,공연장), 제2종근린생활시설, 제1종근린생활시설",5621.3,3067.31,31236.19,20100402,12,5,서울특별시 광진구 화양동 4-20번지
11215,10700,0,0005,0001,,,일반건축물,제2종근린생활시설,근린생활시설,262.4,156.08,558.8,19830804,3,1,서울특별시 광진구 화양동 5-1번지
11215,10700,0,0005,0003,에스엠빌딩(건대),,일반건축물,제2종근린생활시설,근린생활시설,408.6,217.22,1038.08,19890912,4,1,서울특별시 광진구 화양동 5-3번지
11215,10700,0,0005,0005,,,일반건축물,제2종근린생활시설,근린생활시설,528.6,240.28,1021.91,19871226,4,1,서울특별시 광진구 화양동 5-5번지
11215,10700,0,0005,0006,,,일반건축물,제1종근린생활시설,근린생활시설,336.46,152.92,740.01,19900927,4,1,서울특별시 광진구 화양동 5-6번지
11215,10700,0,0005,0009,,,일반건축물,제2종근린생활시설,근린생활시설,135.5,79.04,299.31,19961122,3,1,서울특별시 광진구 화양동 5-9번지
11215,10700,0,0005,0012,,,일반건축물,제2종근린생활시설,근린생활시설,196,115.57,699.01,19950906,5,1,서울특별시 광진구 화양동 5-12번지
11215,10700,0,0005,0014,,,일반건축물,제2종근린생활시설,근린생활시설,135.66,66.01,201.07,19851029,2,1,서울특별시 광진구 화양동 5-14번지
11215,10700,0,0005,0015,아치웨이,,일반건축물,제2종근린생활시설,근린생활시설,133.6,74.95,466.43,20250123,7,1,서울특별시 광진구 화양동 5-15번지
11215,10700,0,0005,0016,Polaris 빌딩,,일반건축물,제2종근린생활시설,근린생활시설,122.3,73.27,439.47,20170911,7,0,서울특별시 광진구 화양동 5-16번지
11215,10700,0,0005,0017,연안빌딩,,일반건축물,제2종근린생활시설,단독주택 및 근린생활시설,118.7,71.17,422.46,20180212,7,0,서울특별시 광진구 화양동 5-17번지
11215,10700,0,0005,0018,,,일반건축물,제2종근린생활시설,"근린생활시설, 다가구주택(6가구)",118.7,71.1,375.91,20190711,7,0,서울특별시 광진구 화양동 5-18번지
11215,10700,0,0005,0019,,,일반건축물,단독주택,주택,0,65.68,195.31,19850624,2,1,서울특별시 광진구 화양동 5-19번지
11215,10700,0,0005,0020,,,일반건축물,단독주택,"주택, 근린생활시설",98,58.29,291.45,19970705,4,1,서울특별시 광진구 화양동 5-20번지
11215,10700,0,0005,0021,,,일반건축물,제1종근린생활시설,근린생활시설,164.3,97.56,391.43,19911127,3,1,서울특별시 광진구 화양동 5-21번지
11215,10700,0,0005,0022,,,일반건축물,제2종근린생활시설,근린생활시설,133.2,71.76,207.44,19850525,2,1,서울특별시 광진구 화양동 5-22번지
11215,10700,0,0005,0023,,,일반건축물,제2종근린생활시설,근린생활시설,0,66.59,194.79,19841013,2,1,서울특별시 광진구 화양동 5-23번지
11215,10700,0,0005,0024,,,일반건축물,제1종근린생활시설,근린생활시설,133.2,78.94,216.86,19861113,2,1,서울특별시 광진구 화양동 5-24번지
11215,10700,0,0005,0025,,,일반건축물,제2종근린생활시설,근린생활시설,133.2,66.39,235.25,19871223,3,1,서울특별시 광진구 화양동 5-25번지
11215,10700,0,0005,0026,,,일반건축물,제2종근린생활시설,근린생활시설,0,67.19,201.57,19860814,2,1,서울특별시 광진구 화양동 5-26번지
11215,10700,0,0005,0027,,,일반건축물,제2종근린생활시설,근린생활시설,0,73.71,221.13,19860423,2,1,서울특별시 광진구 화양동 5-27번지
11215,10700,0,0005,0028,,,일반건축물,제2종근린생활시설,근린생활시설,0,68.22,212.28,19850713,2,1,서울특별시 광진구 화양동 5-28번지
11215,10700,0,0005,0029,,,일반건축물,제2종근린생활시설,"근린생활시설,주택",117,70.18,360.09,19901227,4,1,서울특별시 광진구 화양동 5-29번지
11215,10700,0,0005,0030,,,일반건축물,제2종근린생활시설,근린생활시설,112.8,60.89,228.97,19851017,3,1,서울특별시 광진구 화양동 5-30번지
11215,10700,0,0005,0031,,,일반건축물,제2종근린생활시설,근린생활시설(일반음식점),121.7,73,145.07,19700713,2,0,서울특별시 광진구 화양동 5-31번지
11215,10700,0,0005,0032,,,일반건축물,제2종근린생활시설,일반음식점,86.65,55.76,208.28,19920130,3,1,서울특별시 광진구 화양동 5-32번지
11215,10700,0,0005,0034,,,일반건축물,단독주택,다가구주택,88.8,50.88,195.76,19920111,3,1,서울특별시 광진구 화양동 5-34번지
11215,10700,0,0005,0035,,,일반건축물,제2종근린생활시설,제2종근린생활시설(일반음식점),73.9,43.8,124.834,19920328,2,1,서울특별시 광진구 화양동 5-35번지
11215,10700,0,0005,0040,,,일반건축물,제2종근린생활시설,근린생활시설,141.55,84.85,248.35,19871028,2,1,서울특별시 광진구 화양동 5-40번지
11215,10700,0,0005,0042,,,일반건축물,제2종근린생활시설,근린생활시설,103.1,60.6,112.11,19700724,2,0,서울특별시 광진구 화양동 5-42번지
11215,10700,0,0005,0043,,,일반건축물,제1종근린생활시설,근린생활시설,207.65,121.16,487.69,19850803,4,1,서울특별시 광진구 화양동 5-43번지
11215,10700,0,0005,0045,,,일반건축물,제2종근린생활시설,근린생활시설,446.54,218.06,1056.3,19870916,4,1,서울특별시 광진구 화양동 5-45번지
11215,10700,0,0005,0046,,,일반건축물,제2종근린생활시설,근린생활시설,377.9,197.32,664.56,19770617,3,1,서울특별시 광진구 화양동 5-46번지
11215,10700,0,0005,0047,,,일반건축물,제1종근린생활시설,근린생활시설,242.3,127.27,462.81,19781229,3,1,서울특별시 광진구 화양동 5-47번지
11215,10700,0,0005,0048,,,일반건축물,제2종근린생활시설,근린생활시설,298.8,178.66,829.95,19901110,4,1,서울특별시 광진구 화양동 5-48번지
11215,10700,0,0005,0050,,,일반건축물,제1종근린생활시설,"근린생활시설, 주택",126.9,68.13,299.81,19950630,4,1,서울특별시 광진구 화양동 5-50번지
11215,10700,0,0005,0051,,,일반건축물,제1종근린생활시설,근린생활시설,128.2,63.62,276.34,19901226,3,1,서울특별시 광진구 화양동 5-51번지
11215,10700,0,0005,0055,,,일반건축물,단독주택,다가구주택(5가구),118.3,64.6,191.3,19920130,2,1,서울특별시 광진구 화양동 5-55번지
11215,10700,0,0005,0056,,,일반건축물,제2종근린생활시설,근린생활시설,0,56.17,68.63,19740824,1,1,서울특별시 광진구 화양동 5-56번지
11215,10700,0,0005,0057,,,일반건축물,제2종근린생활시설,근린생활시설,94.9,56,314.65,20240110,5,1,서울특별시 광진구 화양동 5-57번지
11215,10700,0,0005,0058,,,일반건축물,단독주택,다가구주택(5가구),94.9,56.58,172.98,19911018,2,1,서울특별시 광진구 화양동 5-58번지
11215,10700,0,0005,0059,,,일반건축물,제2종근린생활시설,근린생활시설,105.1,62.01,185.67,19910611,2,1,서울특별시 광진구 화양동 5-59번지
11215,10700,0,0005,0060,,,일반건축물,단독주택,주택,105.1,52.04,207.94,19891114,3,1,서울특별시 광진구 화양동 5-60번지
11215,10700,0,0005,0061,,,일반건축물,제1종근린생활시설,"주택, 근린생활시설",116.3,66.33,299.79,19950630,4,1,서울특별시 광진구 화양동 5-61번지
11215,10700,0,0005,0063,,,일반건축물,제2종근린생활시설,근린생활시설,116.3,69.56,198.83,19910905,2,1,서울특별시 광진구 화양동 5-63번지
11215,10700,0,0005,0064,,,일반건축물,제2종근린생활시설,근린생활시설,0,71.64,71.64,19740822,1,0,서울특별시 광진구 화양동 5-64번지
11215,10700,0,0005,0065,,,일반건축물,제2종근린생활시설,근린생활시설,97.48,58.15,338.63,20010210,6,1,서울특별시 광진구 화양동 5-65번지
11215,10700,0,0005,0066,,,일반건축물,단독주택,주택,0,67.9,134.17,19741215,2,1,서울특별시 광진구 화양동 5-66번지
11215,10700,0,0005,0067,,,일반건축물,제2종근린생활시설,근린생활시설,0,58.55,119.1,19741106,2,1,서울특별시 광진구 화양동 5-67번지
11215,10700,0,0005,0068,,,일반건축물,단독주택,주택,0,77.46,171.97,19741126,3,1,서울특별시 광진구 화양동 5-68번지
11215,10700,0,0005,0069,,,일반건축물,단독주택,단독주택,104.1,51.3,165.8,19891106,2,1,서울특별시 광진구 화양동 5-69번지
11215,10700,0,0005,0070,,,일반건축물,제2종근린생활시설,"근린생활시설, 제2종근린생활시설",104.1,51.3,165.8,19891030,2,1,서울특별시 광진구 화양동 5-70번지
11215,10700,0,0005,0071,,,일반건축물,제2종근린생활시설,주택,0,68.33,139.07,19760318,2,1,서울특별시 광진구 화양동 5-71번지
11215,10700,0,0005,0072,,,일반건축물,제2종근린생활시설,"단독주택, 근린생활시설",128.9,64.32,375.75,19921201,5,1,서울특별시 광진구 화양동 5-72번지
11215,10700,0,0005,0073,,,일반건축물,제1종근린생활시설,근린생활시설,103.4,61.68,279.58,19921121,4,1,서울특별시 광진구 화양동 5-73번지
11215,10700,0,0005,0074,,,일반건축물,제1종근린생활시설,"근린생활시설, 주택",107.4,64.4,288.87,19960611,4,1,서울특별시 광진구 화양동 5-74번지
11215,10700,0,0005,0075,,,일반건축물,제1종근린생활시설,"근린생활시설, 주택",103.48,91.96,291.77,19940527,4,1,서울특별시 광진구 화양동 5-75번지
11215,10700,0,0005,0084,,,일반건축물,제1종근린생활시설,근린생활시설,399,204.09,998.01,19950310,4,1,서울특별시 광진구 화양동 5-84번지
11215,10700,0,0005,0086,,,일반건축물,제2종근린생활시설,근린생활시설,0,59.34,59.34,19750627,1,0,서울특별시 광진구 화양동 5-86번지
11215,10700,0,0005,0087,,,표제부,제1종근린생활시설,근린생활시설,140.2,69.3,379.17,19891005,4,1,서울특별시 광진구 화양동 5-87번지
11215,10700,0,0005,0089,,,일반건축물,제2종근린생활시설,근린생활시설,100,59.01,126.2,19750718,2,1,서울특별시 광진구 화양동 5-89번지
11215,10700,0,0005,0090,,,일반건축물,제2종근린생활시설,근린생활시설,100.5,59.24,106.36,19750904,2,1,서울특별시 광진구 화양동 5-90번지
11215,10700,0,0005,0091,,,일반건축물,제2종근린생활시설,근린생활시설,235.1,136.3,823.68,19950530,5,1,서울특별시 광진구 화양동 5-91번지
11215,10700,0,0005,0093,,,일반건축물,제2종근린생활시설,근린생활시설,92.6,55.07,118.06,19751226,2,1,서울특별시 광진구 화양동 5-93번지
11215,10700,0,0005,0094,,,일반건축물,제2종근린생활시설,근린생활시설,92.6,54.68,120.15,19750826,2,1,서울특별시 광진구 화양동 5-94번지
11215,10700,0,0005,0095,,,일반건축물,제2종근린생활시설,근린생활시설,113.7,65.48,299.29,19971229,4,1,서울특별시 광진구 화양동 5-95번지
11215,10700,0,0005,0097,,,일반건축물,제2종근린생활시설,근린생활시설,112.4,67.38,189.84,19920709,2,1,서울특별시 광진구 화양동 5-97번지
11215,10700,0,0005,0098,,,일반건축물,제2종근린생활시설,근린생활시설,0,70.81,154.67,19751001,2,1,서울특별시 광진구 화양동 5-98번지
11215,10700,0,0005,0099,,,일반건축물,제2종근린생활시설,근린생활시설,122.3,73.12,172.56,19750812,2,1,서울특별시 광진구 화양동 5-99번지
11215,10700,0,0005,0100,,,일반건축물,제2종근린생활시설,근린생활시설,0,73.06,156.38,19750915,2,1,서울특별시 광진구 화양동 5-100번지
11215,10700,0,0005,0101,,,일반건축물,제2종근린생활시설,일반음식점,119,71.34,153.5,19750819,2,1,서울특별시 광진구 화양동 5-101번지
11215,10700,0,0005,0102,,,일반건축물,제2종근린생활시설,근린생활시설,0,70.81,150.8,19760117,2,1,서울특별시 광진구 화양동 5-102번지
11215,10700,0,0005,0105,,,일반건축물,제2종근린생활시설,"근린생활시설, 단독주택",107.1,62.64,299.92,19971229,4,1,서울특별시 광진구 화양동 5-105번지
11215,10700,0,0005,0106,,,일반건축물,제2종근린생활시설,근린생활시설,547,324.89,1955.46,19961227,5,1,서울특별시 광진구 화양동 5-106번지
11215,10700,0,0005,0108,,,일반건축물,제2종근린생활시설,근린생활시설,105,59.41,197.13,19880727,3,1,서울특별시 광진구 화양동 5-108번지
11215,10700,0,0006,0001,,,일반건축물,제1종근린생활시설,"업무시설, 근린생활시설",953.1,476.45,3020.7,19830129,5,1,서울특별시 광진구 화양동 6-1번지
11215,10700,0,0006,0002,연한빌딩,,표제부,제2종근린생활시설,근린생활시설,1157.4,692.62,7537.13,20080121,8,3,서울특별시 광진구 화양동 6-2번지
11215,10700,0,0007,0001,,,일반건축물,제2종근린생활시설,근린생활시설,0,105.85,454.22,19861219,3,1,서울특별시 광진구 화양동 7-1번지
11215,10700,0,0007,0002,,,일반건축물,제1종근린생활시설,"미용원,약국",676,365,2622.16,19900105,5,2,서울특별시 광진구 화양동 7-2번지
11215,10700,0,0007,0003,한림타워,,표제부,업무시설,"업무시설,판매시설",2291.3,1041.51,24945.96,20060202,19,5,서울특별시 광진구 화양동 7-3번지
11215,10700,0,0007,0004,,,일반건축물,제2종근린생활시설,"점포, 사무실, 음식점",0,297.85,1020.19,19770625,3,1,서울특별시 광진구 화양동 7-4번지
11215,10700,0,0007,0005,,,일반건축물,제2종근린생활시설,근린생활시설,287.6,166.31,826.5,19870817,4,1,서울특별시 광진구 화양동 7-5번지
11215,10700,0,0007,0006,,,일반건축물,제2종근린생활시설,"근린생활시설, 단독주택",125,61.92,376.13,19931229,5,1,서울특별시 광진구 화양동 7-6번지
11215,10700,0,0007,0009,진명빌딩,,일반건축물,제2종근린생활시설,"제1,2종근린생활시설,단독주택",184.6,108.37,927.86,20031017,9,1,서울특별시 광진구 화양동 7-9번지
11215,10700,0,0007,0011,,,일반건축물,단독주택,"근린생활시설, 주택",141.5,70.3,335.45,19910614,4,1,서울특별시 광진구 화양동 7-11번지
11215,10700,0,0007,0012,,,일반건축물,제2종근린생활시설,근린생활시설,524,310.09,2761.27,19960313,10,2,서울특별시 광진구 화양동 7-12번지
11215,10700,0,0007,0025,,,일반건축물,제2종근린생활시설,제2종근린생활시설(일반음식점),100.5,59.74,112.85,19760619,2,1,서울특별시 광진구 화양동 7-25번지
11215,10700,0,0007,0026,,,일반건축물,제2종근린생활시설,제2종근린생활시설(일반음식점),100.5,58.24,165.37,19910830,2,1,서울특별시 광진구 화양동 7-26번지
11215,10700,0,0007,0028,,,일반건축물,제1종근린생활시설,"근린생활시설, 주택",125,60.92,315.85,19911011,4,1,서울특별시 광진구 화양동 7-28번지
11215,10700,0,0007,0029,,,일반건축물,제2종근린생활시설,"근린생활시설, 주택",125,62.37,299.25,19920814,4,1,서울특별시 광진구 화양동 7-29번지
11215,10700,0,0007,0033,,,일반건축물,제2종근린생활시설,근린생활시설,125,62.37,299.25,19920814,4,1,서울특별시 광진구 화양동 7-33번지
11215,10700,0,0007,0034,,,일반건축물,제1종근린생활시설,"근린생활시설,주택",125,72.37,309.25,19920814,4,1,서울특별시 광진구 화양동 7-34번지
11215,10700,0,0007,0035,,,일반건축물,제2종근린생활시설,근린생활시설,100.2,59.67,179.01,19930224,3,0,서울특별시 광진구 화양동 7-35번지
11215,10700,0,0007,0036,,,일반건축물,제2종근린생활시설,근린생활시설,100.2,59.67,159.12,19930224,3,0,서울특별시 광진구 화양동 7-36번지
11215,10700,0,0007,0038,,,일반건축물,제2종근린생활시설,"근린생활시설, 단독주택",0,61.38,377.3,19930120,5,1,서울특별시 광진구 화양동 7-38번지
11215,10700,0,0007,0039,,,일반건축물,제2종근린생활시설,"근린생활시설, 주택",125,62.24,381.02,19920731,5,1,서울특별시 광진구 화양동 7-39번지
11215,10700,0,0007,0042,,,일반건축물,제2종근린생활시설,근린생활시설,224.79,111.93,582.32,19910911,4,1,서울특별시 광진구 화양동 7-42번지
11215,10700,0,0007,0044,,,일반건축물,제2종근린생활시설,근린생활시설,760.1,379.19,2307.63,19820614,5,1,서울특별시 광진구 화양동 7-44번지
11215,10700,0,0008,0001,,,일반건축물,제2종근린생활시설,근린생활시설,129.3,77.29,408.18,19970820,5,1,서울특별시 광진구 화양동 8-1번지
11215,10700,0,0008,0002,,,일반건축물,제2종근린생활시설,근린생활시설,139.2,77.49,222.87,19911127,2,1,서울특별시 광진구 화양동 8-2번지
11215,10700,0,0008,0003,,,일반건축물,제1종근린생활시설,"근린생활시설, 주택(1가구)",146.1,80.92,390.69,19970711,4,1,서울특별시 광진구 화양동 8-3번지
11215,10700,0,0008,0004,,,일반건축물,제2종근린생활시설,제2종근린생활시설,212.9,127.73,436.9,19880907,3,1,서울특별시 광진구 화양동 8-4번지
11215,10700,0,0008,0005,,,일반건축물,단독주택,주택,0,99.14,293.64,19880324,2,1,서울특별시 광진구 화양동 8-5번지
11215,10700,0,0008,0006,,,일반건축물,단독주택,주택,0,63.96,206.58,19890616,2,1,서울특별시 광진구 화양동 8-6번지
11215,10700,0,0008,0008,,,일반건축물,제2종근린생활시설,제2종근린생활시설,232.3,137.83,599.73,20051104,4,1,서울특별시 광진구 화양동 8-8번지
11215,10700,0,0008,0011,,,일반건축물,단독주택,"근린생활시설, 단독주택",112.68,67.34,299.64,19960719,4,1,서울특별시 광진구 화양동 8-11번지
11215,10700,0,0008,0012,,,일반건축물,단독주택,"단독주택,제2종근린생활시설",112.58,67.5,185.57,19730901,3,1,서울특별시 광진구 화양동 8-12번지
11215,10700,0,0008,0013,,,일반건축물,단독주택,다가구용단독주택,124.98,65.16,178.84,19970909,2,1,서울특별시 광진구 화양동 8-13번지
11215,10700,0,0008,0014,,,일반건축물,단독주택,"제2종근린생활시설, 단독주택(다가구 10가구)",293.3,175.44,577.58,20151014,5,0,서울특별시 광진구 화양동 8-14번지
11215,10700,0,0008,0015,,,일반건축물,단독주택,단독주택,130.2,64.83,249.21,19891021,3,1,서울특별시 광진구 화양동 8-15번지
11215,10700,0,0008,0016,,,일반건축물,단독주택,다가구주택,139.5,69.74,264.84,19891020,3,1,서울특별시 광진구 화양동 8-16번지
11215,10700,0,0008,0018,,,일반건축물,단독주택,다가구용단독주택(13가구),203.6,122.11,435.68,19951023,3,1,서울특별시 광진구 화양동 8-18번지
11215,10700,0,0008,0019,,,일반건축물,제2종근린생활시설,제2종근린생활시설(일반음식점),230.1,127,599.25,20121029,4,1,서울특별시 광진구 화양동 8-19번지
11215,10700,0,0008,0020,,,일반건축물,제2종근린생활시설,근린생활시설,128.9,64.37,206.58,19900811,2,1,서울특별시 광진구 화양동 8-20번지
11215,10700,0,0008,0022,,,일반건축물,단독주택,"근린생활시설, 주택",181.77,96.11,479.43,19940706,4,1,서울특별시 광진구 화양동 8-22번지
11215,10700,0,0008,0024,,,일반건축물,제2종근린생활시설,"근린생활시설, 주택",194.7,97.02,494.08,19920501,4,1,서울특별시 광진구 화양동 8-24번지
11215,10700,0,0008,0026,,,일반건축물,제2종근린생활시설,근린생활시설,224.1,134.07,527.92,19871203,4,1,서울특별시 광진구 화양동 8-26번지
11215,10700,0,0008,0027,,,일반건축물,제2종근린생활시설,근린생활시설,1143.2,685.75,1124.61,19921021,2,1,서울특별시 광진구 화양동 8-27번지
11215,10700,0,0008,0028,,,일반건축물,단독주택,다가구용단독주택(5가구),111.4,66.82,180.16,19950602,2,1,서울특별시 광진구 화양동 8-28번지
11215,10700,0,0008,0029,,,일반건축물,제2종근린생활시설,제2종근린생활시설,101.2,50.28,171.6,19900612,2,1,서울특별시 광진구 화양동 8-29번지
11215,10700,0,0008,0030,,,일반건축물,단독주택,단독주택,92.2,45.54,147.88,19900822,2,1,서울특별시 광진구 화양동 8-30번지
11215,10700,0,0008,0031,,,일반건축물,단독주택,주택,90.6,45.24,147.23,19881207,2,1,서울특별시 광진구 화양동 8-31번지
11215,10700,0,0008,0033,,,일반건축물,단독주택,주택,90.6,54.26,205.95,19881208,3,1,서울특별시 광진구 화양동 8-33번지
11215,10700,0,0008,0034,,,일반건축물,단독주택,주택,93.6,46.32,146.58,19900601,2,1,서울특별시 광진구 화양동 8-34번지
11215,10700,0,0008,0035,,,일반건축물,제2종근린생활시설,근린생활시설,101.2,60.62,176.06,19860312,2,1,서울특별시 광진구 화양동 8-35번지
11215,10700,0,0008,0036,화양어린이공원 공중화장실,,일반건축물,제1종근린생활시설,공중화장실,996.4,21.9,21.9,,1,0,서울특별시 광진구 화양동 8-36번지
11215,10700,0,0008,0037,,,일반건축물,제2종근린생활시설,근린생활시설,150.16,74.88,419.9,19950726,4,1,서울특별시 광진구 화양동 8-37번지
11215,10700,0,0008,0038,,,일반건축물,제2종근린생활시설,근린생활시설,148.4,68.43,131.57,19691122,2,0,서울특별시 광진구 화양동 8-38번지
11215,10700,0,0008,0039,황씨건축물,,일반건축물,제2종근린생활시설,제2종근린생활시설(일반음식점),155.4,77.49,232.47,19880728,2,1,서울특별시 광진구 화양동 8-39번지
11215,10700,0,0008,0041,,,일반건축물,단독주택,단독주택,157.47,81.97,288.31,19901211,3,1,서울특별시 광진구 화양동 8-41번지
11215,10700,0,0008,0042,,,일반건축물,제2종근린생활시설,"근린생활시설, 주택",146.3,72.28,298.54,19910108,3,1,서울특별시 광진구 화양동 8-42번지
11215,10700,0,0008,0043,나은빌딩,,일반건축물,제2종근린생활시설,제2종근린생활시설(일반음식점),152.26,89.85,299.57,20131203,3,1,서울특별시 광진구 화양동 8-43번지
11215,10700,0,0008,0044,,,일반건축물,제2종근린생활시설,근린생활시설,152.89,89.5,349.8,19930831,3,1,서울특별시 광진구 화양동 8-44번지
11215,10700,0,0008,0045,,,일반건축물,단독주택,단독주택,142.8,71.28,228.42,19900816,2,1,서울특별시 광진구 화양동 8-45번지
11215,10700,0,0008,0046,,,일반건축물,제2종근린생활시설,"근린생활시설,단독주택(다가구주택-2가구)",157,92.25,313.4,20151103,5,0,서울특별시 광진구 화양동 8-46번지
11215,10700,0,0008,0049,,,일반건축물,단독주택,단독주택,147.4,74.46,274.41,19870724,3,1,서울특별시 광진구 화양동 8-49번지
11215,10700,0,0008,0050,,,일반건축물,제2종근린생활시설,제2종근린생활시설(일반음식점),153.7,89.3,388.97,20150617,4,1,서울특별시 광진구 화양동 8-50번지
11215,10700,0,0008,0051,,,일반건축물,단독주택,"근린생활시설, 주택",0,64.84,274.04,19880820,3,1,서울특별시 광진구 화양동 8-51번지
11215,10700,0,0008,0053,,,일반건축물,단독주택,주택,121.42,60.48,182.16,19860618,2,1,서울특별시 광진구 화양동 8-53번지
11215,10700,0,0008,0054,,,일반건축물,단독주택,단독주택,124.3,63.86,228.83,19861014,3,1,서울특별시 광진구 화양동 8-54번지
11215,10700,0,0008,0056,,,일반건축물,단독주택,주택,135.5,91.35,263.82,19870805,3,1,서울특별시 광진구 화양동 8-56번지
11215,10700,0,0008,0057,,,일반건축물,단독주택,"근린생활시설, 다가구주택",0,74.32,367.35,19850204,4,1,서울특별시 광진구 화양동 8-57번지
11215,10700,0,0008,0058,,,일반건축물,제2종근린생활시설,"제2종근린생활시설, 단독주택",134.5,77.59,356,20040109,4,1,서울특별시 광진구 화양동 8-58번지
11215,10700,0,0008,0059,,,일반건축물,제2종근린생활시설,"제2종근린생활시설, 단독주택",129.6,77.59,356,20040129,4,1,서울특별시 광진구 화양동 8-59번지
11215,10700,0,0008,0080,,,일반건축물,단독주택,주택,114,66.53,239.35,19860910,3,1,서울특별시 광진구 화양동 8-80번지
11215,10700,0,0008,0081,,,일반건축물,단독주택,다가구주택,148.8,87.92,277.27,19910411,3,1,서울특별시 광진구 화양동 8-81번지
11215,10700,0,0008,0082,,,일반건축물,단독주택,단독주택(다가구주택),105.5,63.66,219.11,20141010,3,1,서울특별시 광진구 화양동 8-82번지
11215,10700,0,0008,0083,,,일반건축물,단독주택,다가구주택(4가구),105.5,64.18,226.68,19901102,3,1,서울특별시 광진구 화양동 8-83번지
11215,10700,0,0008,0085,,,일반건축물,단독주택,단독주택,104.64,52.14,165.61,19901127,2,1,서울특별시 광진구 화양동 8-85번지
11215,10700,0,0008,0086,,,일반건축물,제2종근린생활시설,제2종근린생활시설,105.5,56.89,165.17,20011130,3,0,서울특별시 광진구 화양동 8-86번지
11215,10700,0,0008,0088,,,일반건축물,제2종근린생활시설,"제1,2종근린생활시설",233.4,139.23,727.25,20040129,5,1,서울특별시 광진구 화양동 8-88번지
11215,10700,0,0008,0091,,,일반건축물,제2종근린생활시설,근린생활시설,125.6,72.18,269.8,20031211,3,1,서울특별시 광진구 화양동 8-91번지
11215,10700,0,0008,0092,,,일반건축물,제1종근린생활시설,근린생활시설,128.9,75.24,299.06,19941007,3,1,서울특별시 광진구 화양동 8-92번지
11215,10700,0,0008,0093,,,일반건축물,제2종근린생활시설,제2종근린생활시설(고시원),118.7,69.84,236.49,20121130,4,0,서울특별시 광진구 화양동 8-93번지
11215,10700,0,0008,0094,,,일반건축물,제2종근린생활시설,"근린생활시설,주택",118.7,71.1,169.84,19741219,3,1,서울특별시 광진구 화양동 8-94번지
11215,10700,0,0008,0095,,,일반건축물,제2종근린생활시설,근린생활시설(일반음식점),133.5,77.88,299.97,19930831,3,1,서울특별시 광진구 화양동 8-95번지
11215,10700,0,0008,0096,,,일반건축물,단독주택,"다가구용단독주택(4가구), 근린생활시설(예능계학원)",108.1,64.84,163.14,19950725,2,1,서울특별시 광진구 화양동 8-96번지
11215,10700,0,0008,0097,,,일반건축물,제2종근린생활시설,근린생활시설,123.3,72.85,158.67,19971110,2,1,서울특별시 광진구 화양동 8-97번지
11215,10700,0,0008,0099,,,일반건축물,제2종근린생활시설,"근린생활시설, 주택",149.8,74.18,440.63,19920527,5,1,서울특별시 광진구 화양동 8-99번지
11215,10700,0,0008,0100,,,일반건축물,제1종근린생활시설,"근린생활시설, 주택",132.2,65.96,383.52,19930306,5,1,서울특별시 광진구 화양동 8-100번지
11215,10700,0,0008,0101,,,일반건축물,제2종근린생활시설,근린생활시설,132.2,78.76,173.4,19981228,2,1,서울특별시 광진구 화양동 8-101번지
11215,10700,0,0008,0102,,,일반건축물,제2종근린생활시설,근린생활시설,224.1,132.28,638.04,19871203,4,1,서울특별시 광진구 화양동 8-102번지
11215,10700,0,0009,0001,,,일반건축물,제1종근린생활시설,"근린생활시설, 주택",173.2,85.14,441.53,19920130,4,1,서울특별시 광진구 화양동 9-1번지
11215,10700,0,0009,0002,,,일반건축물,단독주택,"근린생활시설, 다가구주택, 주택",150.4,74.4,402.05,19920306,4,1,서울특별시 광진구 화양동 9-2번지
11215,10700,0,0009,0004,,,일반건축물,단독주택,"근린생활시설, 주택",144.8,71.21,372.4,19920306,4,1,서울특별시 광진구 화양동 9-4번지
11215,10700,0,0009,0005,,,일반건축물,단독주택,단독주택,164,94.77,299.71,19910117,3,1,서울특별시 광진구 화양동 9-5번지
11215,10700,0,0009,0006,,,일반건축물,제2종근린생활시설,"제1,2종근린생활시설(미용실,일반음식점)",337.9,202.49,867.32,20120516,4,1,서울특별시 광진구 화양동 9-6번지
11215,10700,0,0009,0009,,,표제부,공동주택,공동주택,191.1,114.5,391.26,20080630,4,0,서울특별시 광진구 화양동 9-9번지
11215,10700,0,0009,0010,,,일반건축물,단독주택,주택,0,96.33,166.49,19740903,2,1,서울특별시 광진구 화양동 9-10번지
11215,10700,0,0009,0011,,,일반건축물,단독주택,단독주택,153.7,121.32,267.06,19740601,3,1,서울특별시 광진구 화양동 9-11번지
11215,10700,0,0009,0012,,,일반건축물,단독주택,다가구용단독주택(4가구),146.44,98.75,299.23,19930906,3,1,서울특별시 광진구 화양동 9-12번지
11215,10700,0,0009,0013,,,일반건축물,단독주택,다가구주택(5가구),148.5,93.96,304.86,19920306,3,1,서울특별시 광진구 화양동 9-13번지
11215,10700,0,0009,0014,,,일반건축물,단독주택,다가구주택(10가구),148.3,98.06,308.73,19920124,3,1,서울특별시 광진구 화양동 9-14번지
11215,10700,0,0009,0016,,,일반건축물,제2종근린생활시설,제2종근린생활시설(일반음식점),94.11,56.3,112.6,20120525,2,0,서울특별시 광진구 화양동 9-16번지
11215,10700,0,0009,0017,,,일반건축물,단독주택,연립주택,0,56.53,121.65,19771125,2,1,서울특별시 광진구 화양동 9-17번지
11215,10700,0,0009,0017,,,일반건축물,제2종근린생활시설,근린생활시설,0,56.53,121.65,19771125,2,1,서울특별시 광진구 화양동 9-17번지
11215,10700,0,0009,0018,,,일반건축물,제2종근린생활시설,"근린생활시설,단독주택",182.5,90.56,264.8,19890213,2,1,서울특별시 광진구 화양동 9-18번지
11215,10700,0,0009,0019,,,일반건축물,제1종근린생활시설,"근린생활시설,다가구주택",189.54,113.71,694.86,20021218,5,1,서울특별시 광진구 화양동 9-19번지
11215,10700,0,0009,0021,,,일반건축물,단독주택,다가구용단독주택(8가구),154.7,92.76,324.68,19951118,3,1,서울특별시 광진구 화양동 9-21번지
11215,10700,0,0009,0022,,,일반건축물,제2종근린생활시설,다가구용단독주택(6가구),168.6,100.76,296.08,19910607,2,1,서울특별시 광진구 화양동 9-22번지
11215,10700,0,0009,0023,,,일반건축물,제2종근린생활시설,"주택, 근린생활시설",0,76.03,171.35,19770317,2,1,서울특별시 광진구 화양동 9-23번지
11215,10700,0,0009,0024,,,일반건축물,제1종근린생활시설,"근린생활시설, 주택",207.6,103.47,513.81,19911216,4,1,서울특별시 광진구 화양동 9-24번지
11215,10700,0,0009,0025,,,일반건축물,제2종근린생활시설,단독주택,154.5,92.02,464,19960731,4,1,서울특별시 광진구 화양동 9-25번지
11215,10700,0,0009,0026,,,일반건축물,단독주택,단독주택,118.46,65.66,238.12,19881022,3,1,서울특별시 광진구 화양동 9-26번지
11215,10700,0,0009,0027,,,일반건축물,단독주택,단독주택,121.1,65.66,239.92,19881021,3,1,서울특별시 광진구 화양동 9-27번지
11215,10700,0,0009,0029,,,일반건축물,단독주택,"근린생활시설, 주택",104.05,57.86,170.58,19950907,2,1,서울특별시 광진구 화양동 9-29번지
11215,10700,0,0009,0031,,,일반건축물,단독주택,"근린생활시설, 다가구주택",108.68,64.6,219.06,20030612,4,0,서울특별시 광진구 화양동 9-31번지
11215,10700,0,0009,0032,,,표제부,공동주택,공동주택-다세대주택(도시형생활주택:원룸형),134.61,77.42,264.4,20130904,5,0,서울특별시 광진구 화양동 9-32번지
11215,10700,0,0009,0034,,,일반건축물,단독주택,단독주택,104.86,61.76,202.65,19910727,3,1,서울특별시 광진구 화양동 9-34번지
11215,10700,0,0009,0035,,,일반건축물,단독주택,다가구용단독주택(5가구),112.28,66.93,223.46,19940708,3,1,서울특별시 광진구 화양동 9-35번지
11215,10700,0,0009,0036,,,일반건축물,제1종근린생활시설,"근린생활시설, 주택",0,62.14,273.23,19871012,3,1,서울특별시 광진구 화양동 9-36번지
11215,10700,0,0009,0037,,,일반건축물,제1종근린생활시설,근린생활시설,0,61.62,270.87,19871002,3,1,서울특별시 광진구 화양동 9-37번지
11215,10700,0,0009,0038,,,일반건축물,단독주택,주택,0,52.5,167.7,19880707,2,1,서울특별시 광진구 화양동 9-38번지
11215,10700,0,0009,0039,,,일반건축물,단독주택,다가구용단독주택,105.1,68.23,241.26,19950722,3,1,서울특별시 광진구 화양동 9-39번지
11215,10700,0,0009,0040,,,일반건축물,단독주택,단독주택,120.77,68.15,119.83,20040510,2,0,서울특별시 광진구 화양동 9-40번지
11215,10700,0,0009,0041,,,일반건축물,단독주택,주택,121.6,68.48,222.58,19870714,3,1,서울특별시 광진구 화양동 9-41번지
11215,10700,0,0009,0042,,,표제부,공동주택,"공동주택-다세대주택(도시형생활주택:원룸형),제2종근린생활시설(사무소)",112.5,65.23,187.11,20130717,4,0,서울특별시 광진구 화양동 9-42번지
11215,10700,0,0009,0043,,,일반건축물,단독주택,"근린생활시설, 주택",178.7,106.96,557.04,19940616,4,1,서울특별시 광진구 화양동 9-43번지
11215,10700,0,0009,0044,,,일반건축물,단독주택,"근린생활시설, 단독주택",160.3,94.5,494.8,19940514,4,1,서울특별시 광진구 화양동 9-44번지
11215,10700,0,0009,0045,,,일반건축물,제2종근린생활시설,근린생활시설,164.3,94.5,494.52,19940514,4,1,서울특별시 광진구 화양동 9-45번지
11215,10700,0,0009,0046,,,일반건축물,제1종근린생활시설,"근린생활시설, 주택",0,81.12,325.26,19870527,3,1,서울특별시 광진구 화양동 9-46번지
11215,10700,0,0009,0047,,,일반건축물,제1종근린생활시설,"근린생활시설,다가구주택",160.3,87.32,389.94,19850910,4,1,서울특별시 광진구 화양동 9-47번지
11215,10700,0,0009,0048,,,일반건축물,제1종근린생활시설,"근린생활시설, 주택",159.3,87.32,389.94,19850910,4,1,서울특별시 광진구 화양동 9-48번지
11215,10700,0,0009,0050,,,일반건축물,제1종근린생활시설,"주택,위험물저장및 처리시설(위험물취급소),근린생활시설",0,235.9,651.53,19710622,3,0,서울특별시 광진구 화양동 9-50번지
11215,10700,0,0009,0051,,,일반건축물,단독주택,"주택, 점포",0,125.06,230.28,19701125,2,0,서울특별시 광진구 화양동 9-51번지
11215,10700,0,0009,0052,,,일반건축물,단독주택,주택,133.3,66.58,204.08,19880831,2,1,서울특별시 광진구 화양동 9-52번지
11215,10700,0,0009,0053,,,일반건축물,단독주택,주택,0,68.04,226.23,19880627,2,1,서울특별시 광진구 화양동 9-53번지
11215,10700,0,0009,0055,,,일반건축물,단독주택,다가구용단독주택(5가구),137.7,82.46,246.3,19940917,2,1,서울특별시 광진구 화양동 9-55번지
11215,10700,0,0009,0056,,,일반건축물,단독주택,다가구주택(6가구),135.47,88.44,297.97,19921117,3,1,서울특별시 광진구 화양동 9-56번지
11215,10700,0,0009,0057,,,일반건축물,단독주택,단독주택,136.2,67.95,217.53,19900724,2,1,서울특별시 광진구 화양동 9-57번지
11215,10700,0,0009,0058,,,일반건축물,단독주택,단독주택,122.6,60.84,192.6,19900416,2,1,서울특별시 광진구 화양동 9-58번지
11215,10700,0,0009,0060,,,일반건축물,단독주택,다가구용단독주택(5가구),131.45,78.72,285.66,19951116,3,1,서울특별시 광진구 화양동 9-60번지
11215,10700,0,0009,0061,,,일반건축물,단독주택,다가구용단독주택(5가구),123,72.92,231.25,19930927,3,1,서울특별시 광진구 화양동 9-61번지
11215,10700,0,0009,0062,,,일반건축물,단독주택,"단독주택, 제2종근린생활시설",123.58,72.45,242.65,20100716,4,0,서울특별시 광진구 화양동 9-62번지
11215,10700,0,0009,0063,,,일반건축물,단독주택,다가구주택,131.5,78.39,222.7,20051215,3,0,서울특별시 광진구 화양동 9-63번지
11215,10700,0,0009,0064,,,일반건축물,단독주택,주택,0,65.88,129.95,19691130,2,1,서울특별시 광진구 화양동 9-64번지
11215,10700,0,0009,0065,,,일반건축물,단독주택,다가구주택,140.5,84.19,147.6,19691130,2,1,서울특별시 광진구 화양동 9-65번지
11215,10700,0,0009,0066,,,일반건축물,제1종근린생활시설,"근린생활시설, 단독주택",233.2,126.19,642.53,19940415,4,1,서울특별시 광진구 화양동 9-66번지
11215,10700,0,0009,0072,,,일반건축물,제1종근린생활시설,"근린생활시설,단독주택",159.3,79.2,373.13,19931202,4,1,서울특별시 광진구 화양동 9-72번지
11215,10700,0,0009,0073,,,일반건축물,단독주택,다가구주택,171.6,90.89,327.32,19900621,3,1,서울특별시 광진구 화양동 9-73번지
11215,10700,0,0009,0074,,,일반건축물,단독주택,단독주택,137.9,68.56,258.63,19900627,3,1,서울특별시 광진구 화양동 9-74번지
11215,10700,0,0009,0076,,,일반건축물,제2종근린생활시설,제2종근린생활시설,310.1,181.47,735.86,20100826,4,1,서울특별시 광진구 화양동 9-76번지
11215,10700,0,0009,0077,,,일반건축물,단독주택,주택,0,53.93,169.63,19860407,2,1,서울특별시 광진구 화양동 9-77번지
11215,10700,0,0009,0078,,,표제부,공동주택,공동주택(다세대주택),233.4,140.03,482.1,20030130,5,0,서울특별시 광진구 화양동 9-78번지
11215,10700,0,0009,0080,,,표제부,제2종근린생활시설,단독주택(1세대) 및 제2종근린생활시설,186.4,111.35,493.48,20170713,4,1,서울특별시 광진구 화양동 9-80번지
11215,10700,0,0009,0082,,,일반건축물,제2종근린생활시설,일반음식점,90.34,51.75,210.26,19881212,3,1,서울특별시 광진구 화양동 9-82번지
11215,10700,0,0009,0083,,,일반건축물,단독주택,단독주택,111.4,70.8,181.68,19900614,2,1,서울특별시 광진구 화양동 9-83번지
11215,10700,0,0009,0084,,,일반건축물,제2종근린생활시설,제2종근린생활시설(일반음식점),120,143.1,237.9,20120817,4,0,서울특별시 광진구 화양동 9-84번지
11215,10700,0,0009,0086,,,일반건축물,제2종근린생활시설,근린생활시설,164.3,80.87,463.4,19920527,5,1,서울특별시 광진구 화양동 9-86번지
11215,10700,0,0009,0087,,,일반건축물,제1종근린생활시설,"근린생활시설, 단독주택",137.9,68.64,382.29,19940110,5,1,서울특별시 광진구 화양동 9-87번지
11215,10700,0,0009,0088,,,일반건축물,제2종근린생활시설,제1종근린생활시설,129.9,74.76,344.9,19931228,4,1,서울특별시 광진구 화양동 9-88번지
11215,10700,0,0009,0089,화양동근생,,일반건축물,제2종근린생활시설,근린생활시설외 1,207.6,121.53,559.74,20040614,4,1,서울특별시 광진구 화양동 9-89번지
11215,10700,0,0009,0090,,,일반건축물,제2종근린생활시설,"근린생활시설, 교육연구시설",296.9,162.46,794.28,19900920,4,1,서울특별시 광진구 화양동 9-90번지
11215,10700,0,0009,0091,캠퍼스 프라자,,표제부,공동주택,"근린생활시설, 아파트, 판매및영업시설,운동시설(체력단련장)",1322.4,760.2,7081.7,19991129,8,3,서울특별시 광진구 화양동 9-91번지
11215,10700,0,0010,0001,한아름건물,,일반건축물,운동시설,"근린생활시설, 교육연구시설, 운동시설, 판매시설",4980.2,2484.57,12097.46,19800325,5,1,서울특별시 광진구 화양동 10-1번지
11215,10700,0,0010,0002,,,일반건축물,단독주택,"단독주택,제2종근린생활시설(일반음식점,고시원)",260.5,148.06,520.6,20101012,5,0,서울특별시 광진구 화양동 10-2번지
11215,10700,0,0010,0003,artillage,,표제부,공동주택,공동주택(다세대 15세대),265.51,159.15,530.13,20150604,5,0,서울특별시 광진구 화양동 10-3번지
11215,10700,0,0010,0004,,,표제부,공동주택,다세대주택,234.6,119.2,550.9,19931203,4,1,서울특별시 광진구 화양동 10-4번지
11215,10700,0,0010,0007,,,표제부,공동주택,다세대주택,264.5,158.12,659.05,19940303,4,1,서울특별시 광진구 화양동 10-7번지
11215,10700,0,0010,0008,,,일반건축물,단독주택,"근린생활시설, 주택(1가구)",160.3,95.73,408.12,19950812,4,1,서울특별시 광진구 화양동 10-8번지
11215,10700,0,0010,0009,,,일반건축물,제1종근린생활시설,"근린생활시설, 주택",158,78.88,346.62,19910604,4,1,서울특별시 광진구 화양동 10-9번지
11215,10700,0,0010,0010,,,일반건축물,제1종근린생활시설,"근린생활시설, 주택",131.9,65.52,339.74,19910725,4,1,서울특별시 광진구 화양동 10-10번지
11215,10700,0,0010,0011,,,일반건축물,단독주택,다가구주택,137.5,75.69,253.99,19900529,3,1,서울특별시 광진구 화양동 10-11번지
11215,10700,0,0010,0011,,,일반건축물,단독주택,주택,0,74.25,74.25,19710630,1,0,서울특별시 광진구 화양동 10-11번지
11215,10700,0,0010,0012,,,일반건축물,단독주택,다가구주택,143.5,81.09,243.66,19920306,3,1,서울특별시 광진구 화양동 10-12번지
11215,10700,0,0010,0014,,,일반건축물,단독주택,"근린생활시설, 주택",145.1,72.34,360.41,19890809,4,1,서울특별시 광진구 화양동 10-14번지
11215,10700,0,0010,0015,,,일반건축물,단독주택,다가구주택(5가구),95.9,57.08,190.22,19911228,3,1,서울특별시 광진구 화양동 10-15번지
11215,10700,0,0010,0016,,,일반건축물,제2종근린생활시설,"제2종근린생활시설(사무소),주택",189.4,113.63,300.86,19740816,3,1,서울특별시 광진구 화양동 10-16번지
11215,10700,0,0010,0017,,,일반건축물,단독주택,단독주택,149.1,87.61,268.66,19920921,3,1,서울특별시 광진구 화양동 10-17번지
11215,10700,0,0010,0018,,,일반건축물,단독주택,다가구주택(4가구),115.7,69.08,184.14,19920908,2,1,서울특별시 광진구 화양동 10-18번지
11215,10700,0,0010,0019,,,일반건축물,단독주택,다가구주택(6가구),115.7,67.09,221.73,19930506,3,1,서울특별시 광진구 화양동 10-19번지
11215,10700,0,0010,0020,,,일반건축물,단독주택,다가구주택(6가구),115.7,69.3,240.04,19911224,3,1,서울특별시 광진구 화양동 10-20번지
11215,10700,0,0010,0021,,,일반건축물,단독주택,주택,164.6,83.67,268.62,19740816,3,1,서울특별시 광진구 화양동 10-21번지
11215,10700,0,0010,0022,,,표제부,공동주택,공동주택-다세대주택(도시형생활주택:원룸형),142.5,84.67,244.91,20131204,4,0,서울특별시 광진구 화양동 10-22번지
11215,10700,0,0010,0023,,,일반건축물,제2종근린생활시설,제2종근린생활시설,147.6,85.68,251.94,20091001,3,0,서울특별시 광진구 화양동 10-23번지
11215,10700,0,0010,0024,,,표제부,공동주택,"다세대주택(도시형생활주택:원룸형),제1종근린생활시설(소매점)",212.6,126.36,453.52,20121122,6,0,서울특별시 광진구 화양동 10-24번지
11215,10700,0,0010,0025,,,일반건축물,단독주택,"다가구주택, 근린생활시설",212.6,127.34,271.83,19750624,3,0,서울특별시 광진구 화양동 10-25번지
11215,10700,0,0010,0026,제이엠 하우스,,표제부,공동주택,"공동주택(다세대주택:도시형생활주택),제2종근린생활시설(일반음식점)",210.6,126.11,413.03,20140708,5,0,서울특별시 광진구 화양동 10-26번지
11215,10700,0,0010,0028,,,일반건축물,제1종근린생활시설,"근린생활시설, 주택",196.3,97.25,492.37,19910830,4,1,서울특별시 광진구 화양동 10-28번지
11215,10700,0,0010,0030,,,일반건축물,단독주택,다가구단독주택(6가구) 및 제2종근린생활시설,154,92.06,307.38,20170703,5,0,서울특별시 광진구 화양동 10-30번지
11215,10700,0,0010,0034,,,일반건축물,단독주택,주택,0,59.17,114.31,19741119,2,1,서울특별시 광진구 화양동 10-34번지
11215,10700,0,0010,0035,,,일반건축물,단독주택,주택/제1종근린생활시설(소매점),0,65.32,132.95,19741120,2,1,서울특별시 광진구 화양동 10-35번지
11215,10700,0,0010,0036,,,일반건축물,단독주택,"근린생활시설, 주택(1가구)",150.7,90.28,431.8,19971007,4,1,서울특별시 광진구 화양동 10-36번지
11215,10700,0,0011,0001,,,일반건축물,제2종근린생활시설,"근린생활시설, 주택",143.5,86.09,489.03,19940114,5,1,서울특별시 광진구 화양동 11-1번지
11215,10700,0,0011,0002,,,일반건축물,제2종근린생활시설,근린생활시설,182.55,108.91,597.66,19991101,6,1,서울특별시 광진구 화양동 11-2번지
11215,10700,0,0011,0003,,,일반건축물,제2종근린생활시설,근린생활시설,269.8,161.24,322.48,20030929,2,0,서울특별시 광진구 화양동 11-3번지
11215,10700,0,0011,0004,,,일반건축물,단독주택,주택,133.61,65.5,202.77,19881102,2,1,서울특별시 광진구 화양동 11-4번지
11215,10700,0,0011,0005,,,일반건축물,단독주택,단독주택,0,67.81,217.72,19880919,2,1,서울특별시 광진구 화양동 11-5번지
11215,10700,0,0011,0007,,,일반건축물,제2종근린생활시설,제2종근린생활시설(일반음식점),286.3,151.29,711.66,20110215,4,1,서울특별시 광진구 화양동 11-7번지
11215,10700,0,0011,0009,,,일반건축물,제2종근린생활시설,제2종근린생활시설(일반음식점),172.6,101.85,380.39,19801119,3,1,서울특별시 광진구 화양동 11-9번지
11215,10700,0,0011,0010,,,일반건축물,단독주택,"근린생활시설, 주택",167.9,88.52,430.19,19930205,4,1,서울특별시 광진구 화양동 11-10번지
11215,10700,0,0011,0011,,,일반건축물,단독주택,"근린생활시설, 주택",151.4,80.8,409.8,19921120,4,1,서울특별시 광진구 화양동 11-11번지
11215,10700,0,0011,0012,,,일반건축물,제1종근린생활시설,"근린생활시설, 다가구용단독주택(3가구)",129.3,77,299.7,19940806,3,1,서울특별시 광진구 화양동 11-12번지
11215,10700,0,0011,0014,,,일반건축물,제1종근린생활시설,"근린생활시설, 단독주택",154,91.77,383.25,19940924,4,1,서울특별시 광진구 화양동 11-14번지
11215,10700,0,0011,0016,,,일반건축물,단독주택,"주택, 점포",0,97.22,167.73,19700616,2,0,서울특별시 광진구 화양동 11-16번지
11215,10700,0,0011,0017,,,일반건축물,제2종근린생활시설,근린생활시설,139.8,77.99,153.29,19700815,2,1,서울특별시 광진구 화양동 11-17번지
11215,10700,0,0011,0018,,,일반건축물,제2종근린생활시설,근린생활시설,0,65.98,137.94,19710201,2,1,서울특별시 광진구 화양동 11-18번지
11215,10700,0,0011,0019,,,표제부,공동주택,"공동주택-다세대주택(도시형생활주택:원룸형), 제2종근린생활시설(사무소)",145.5,77.6,254.66,20121126,5,0,서울특별시 광진구 화양동 11-19번지
11215,10700,0,0011,0020,,,일반건축물,단독주택,단독주택,178.7,83.3,199.88,19910904,2,1,서울특별시 광진구 화양동 11-20번지
11215,10700,0,0011,0021,,,일반건축물,단독주택,다가구용단독주택(10가구),195.78,116.14,452.44,19960913,3,1,서울특별시 광진구 화양동 11-21번지
11215,10700,0,0011,0022,,,일반건축물,제2종근린생활시설,"(일반음식점,부동산중개업소),제1종근린생활시설(휴게음식점)",0,0,0,19740510,2,0,서울특별시 광진구 화양동 11-22번지
11215,10700,0,0011,0023,,,일반건축물,단독주택,다가구주택(6가구),175.6,94.47,266.62,19901219,2,1,서울특별시 광진구 화양동 11-23번지
11215,10700,0,0011,0025,,,일반건축물,단독주택,주택,0,86.08,102.77,19720330,1,1,서울특별시 광진구 화양동 11-25번지
11215,10700,0,0011,0026,,,일반건축물,단독주택,주택,210.9,109.26,197.87,19720406,2,0,서울특별시 광진구 화양동 11-26번지
11215,10700,0,0011,0027,,,일반건축물,단독주택,다가구주택(10가구),193.1,115.61,304.24,19921212,2,1,서울특별시 광진구 화양동 11-27번지
11215,10700,0,0011,0028,,,일반건축물,단독주택,다가구용단독주택(3가구),90.2,54.07,143,19940113,2,1,서울특별시 광진구 화양동 11-28번지
11215,10700,0,0011,0029,,,일반건축물,단독주택,주택,0,68.93,140.73,19740510,2,1,서울특별시 광진구 화양동 11-29번지
11215,10700,0,0011,0030,,,일반건축물,제2종근린생활시설,"제2종근린생활시설(고시원,소매점)",209.1,105.55,517.43,19900908,5,1,서울특별시 광진구 화양동 11-30번지
11215,10700,0,0011,0032,,,일반건축물,단독주택,"근린생활시설, 다가구주택(3가구)",179.5,105.95,413.8,19910927,3,1,서울특별시 광진구 화양동 11-32번지
11215,10700,0,0011,0033,,,일반건축물,제2종근린생활시설,근린생활시설,116.7,69.74,84.85,19741015,1,1,서울특별시 광진구 화양동 11-33번지
11215,10700,0,0011,0034,,,일반건축물,단독주택,단독주택,136.5,61.51,205.01,19910904,3,1,서울특별시 광진구 화양동 11-34번지
11215,10700,0,0011,0035,,,일반건축물,단독주택,다가구주택(3가구),169.6,97.17,325.44,19911216,3,1,서울특별시 광진구 화양동 11-35번지
11215,10700,0,0011,0037,,,일반건축물,단독주택,주택,136.7,66.64,260.45,19880909,3,1,서울특별시 광진구 화양동 11-37번지
11215,10700,0,0011,0039,,,일반건축물,제2종근린생활시설,"제2종근린생활시설(사무소,일반음식점),단독주택(다가구주택)",139.6,83.52,251.2,20140620,4,0,서울특별시 광진구 화양동 11-39번지
11215,10700,0,0012,0001,,,일반건축물,단독주택,"근린생활시설, 주택",172.6,102.54,539.43,19961107,4,1,서울특별시 광진구 화양동 12-1번지
11215,10700,0,0012,0002,,,일반건축물,교육연구시설,교육연구시설,5583.8,975.91,3787.32,19961011,5,0,서울특별시 광진구 화양동 12-2번지
11215,10700,0,0012,0003,,,일반건축물,단독주택,단독주택,127.47,64.44,236.33,19870612,3,1,서울특별시 광진구 화양동 12-3번지
11215,10700,0,0012,0004,,,일반건축물,단독주택,다가구주택,217.01,129.74,380.85,20020531,3,0,서울특별시 광진구 화양동 12-4번지
11215,10700,0,0012,0006,,,일반건축물,단독주택,다가구용단독주택,160.68,96.39,328.35,19940310,3,1,서울특별시 광진구 화양동 12-6번지
11215,10700,0,0012,0007,,,일반건축물,단독주택,"다가구주택(2가구), 근린생활시설",123.5,73.36,255.36,20030513,4,0,서울특별시 광진구 화양동 12-7번지
11215,10700,0,0012,0008,,,일반건축물,단독주택,주택,124.99,60.16,186.08,19881228,2,1,서울특별시 광진구 화양동 12-8번지
11215,10700,0,0012,0009,,,일반건축물,단독주택,"근린생활시설, 다가구용단독주택",124,80.36,299.68,19930908,4,1,서울특별시 광진구 화양동 12-9번지
11215,10700,0,0012,0010,,,일반건축물,단독주택,단독주택,172.2,84.68,296.54,19901110,3,1,서울특별시 광진구 화양동 12-10번지
11215,10700,0,0012,0011,,,일반건축물,단독주택,단독주택,146.1,81.74,239.62,19911017,2,1,서울특별시 광진구 화양동 12-11번지
11215,10700,0,0012,0012,,,일반건축물,단독주택,다가구주택,129,77.04,289.62,19911017,3,1,서울특별시 광진구 화양동 12-12번지
11215,10700,0,0012,0013,,,일반건축물,제2종근린생활시설,제2종근린생활시설(고시원),120.44,71.25,238.85,20101224,4,0,서울특별시 광진구 화양동 12-13번지
11215,10700,0,0012,0014,,,일반건축물,단독주택,"다가구주택(4가구), 근린생활시설(2호)",133.67,80.08,266.62,20210916,5,0,서울특별시 광진구 화양동 12-14번지
11215,10700,0,0012,0016,,,일반건축물,단독주택,"단독주택(다가구주택),제2종근린생활시설(사무소)",133.23,79.5,265.86,20111114,5,0,서울특별시 광진구 화양동 12-16번지
11215,10700,0,0012,0017,,,일반건축물,단독주택,단독주택,139.3,82.23,246.69,19921006,2,1,서울특별시 광진구 화양동 12-17번지
11215,10700,0,0012,0018,,,표제부,공동주택,공동주택-다세대주택(도시형생활주택:원룸형),134.94,80.58,269.07,20120705,5,0,서울특별시 광진구 화양동 12-18번지
11215,10700,0,0012,0019,,,일반건축물,단독주택,다가구용단독주택(4가구),164.13,97.98,278.79,19930508,2,1,서울특별시 광진구 화양동 12-19번지
11215,10700,0,0012,0020,,,일반건축물,단독주택,"주택, 점포",0,134.21,291.56,19701228,2,1,서울특별시 광진구 화양동 12-20번지
11215,10700,0,0012,0021,,,일반건축물,단독주택,단독주택,144.5,72.63,252.77,19870601,3,1,서울특별시 광진구 화양동 12-21번지
11215,10700,0,0012,0022,,,일반건축물,단독주택,다가구용단독주택(7가구),146.1,86.49,250.71,19940328,3,1,서울특별시 광진구 화양동 12-22번지
11215,10700,0,0012,0023,,,일반건축물,단독주택,다가구용단독주택,141.5,84.34,239.8,19940324,3,1,서울특별시 광진구 화양동 12-23번지
11215,10700,0,0012,0024,,,표제부,공동주택,공동주택(다세대주택-도시형생활주택-원룸형),144.35,84.84,326.32,20110804,5,0,서울특별시 광진구 화양동 12-24번지
11215,10700,0,0012,0025,,,표제부,공동주택,다세대주택,210.8,117,570.09,19921120,4,1,서울특별시 광진구 화양동 12-25번지
11215,10700,0,0012,0026,,,일반건축물,단독주택,"다가구용단독주택,제2종근린생활시설(사무소)",189.2,113.5,489.72,19940308,4,1,서울특별시 광진구 화양동 12-26번지
11215,10700,0,0012,0027,,,일반건축물,단독주택,"단독주택(다가구주택),제2종근린생활시설(사무소)",238.9,143.16,476.67,20110728,5,0,서울특별시 광진구 화양동 12-27번지
11215,10700,0,0012,0028,,,일반건축물,단독주택,단독주택,130.6,69.4,242.62,19880903,3,1,서울특별시 광진구 화양동 12-28번지
11215,10700,0,0012,0030,,,일반건축물,제2종근린생활시설,근린생활시설,253.9,126.45,513.11,19900811,3,1,서울특별시 광진구 화양동 12-30번지
11215,10700,0,0012,0031,,,일반건축물,제2종근린생활시설,근린생활시설,189.4,97.17,198.81,19740723,2,1,서울특별시 광진구 화양동 12-31번지
11215,10700,0,0012,0032,바누아투,,일반건축물,제2종근린생활시설,제2종근린생활시설(휴게음식점),201.7,119.34,398.68,20150225,4,0,서울특별시 광진구 화양동 12-32번지
11215,10700,0,0012,0033,,,일반건축물,제2종근린생활시설,제2종근린생활시설,132.9,79.22,211,19780302,3,0,서울특별시 광진구 화양동 12-33번지
11215,10700,0,0012,0034,,,일반건축물,제2종근린생활시설,단독주택 및 근린생활시설,217.5,122.31,399.63,19780328,3,1,서울특별시 광진구 화양동 12-34번지
11215,10700,0,0012,0035,,,일반건축물,제1종근린생활시설,"제1,2종근린생활시설,다가구주택(3가구)",172.6,90.51,344.95,20161103,5,0,서울특별시 광진구 화양동 12-35번지
11215,10700,0,0012,0036,,,일반건축물,제1종근린생활시설,"근린생활시설, 주택",207.3,101.96,509.8,19901017,4,1,서울특별시 광진구 화양동 12-36번지
11215,10700,0,0012,0037,,,일반건축물,단독주택,"주택, 점포",185.8,102.15,292.81,19771213,3,1,서울특별시 광진구 화양동 12-37번지
11215,10700,0,0012,0038,,,일반건축물,단독주택,"근린생활시설,주택",195.4,111.93,278.11,19771203,3,1,서울특별시 광진구 화양동 12-38번지
11215,10700,0,0012,0039,,,일반건축물,단독주택,"주택, 근린생활시설",193.7,108.87,302.55,19791116,3,1,서울특별시 광진구 화양동 12-39번지
11215,10700,0,0012,0040,,,일반건축물,단독주택,"주택, 점포",0,114.71,235.37,19771212,2,1,서울특별시 광진구 화양동 12-40번지
11215,10700,0,0012,0041,,,일반건축물,제2종근린생활시설,"근린생활시설, 주택",220.8,123.01,619.41,19961227,4,1,서울특별시 광진구 화양동 12-41번지
11215,10700,0,0012,0042,,,일반건축물,단독주택,"다가구주택,근린생활시설",195.5,96.7,484.04,19891011,4,1,서울특별시 광진구 화양동 12-42번지
11215,10700,0,0012,0043,,,일반건축물,단독주택,다가구용단독주택(7가구),177.66,100.8,378.1,19950629,3,1,서울특별시 광진구 화양동 12-43번지
11215,10700,0,0012,0044,,,표제부,공동주택,"공동주택[도시형생활주택(원룸형13세대), 다세대1세대]",176.3,105.18,351.03,20151223,5,0,서울특별시 광진구 화양동 12-44번지
11215,10700,0,0012,0045,,,일반건축물,단독주택,단독주택,173.8,85.58,249.18,19911010,2,1,서울특별시 광진구 화양동 12-45번지
11215,10700,0,0012,0046,,,일반건축물,단독주택,다가구주택(5가구),165.4,92.58,249.94,19910708,2,1,서울특별시 광진구 화양동 12-46번지
11215,10700,0,0012,0047,,,일반건축물,단독주택,다가구주택(7가구),192.42,115.4,340.02,19911005,2,1,서울특별시 광진구 화양동 12-47번지
11215,10700,0,0012,0048,,,표제부,공동주택,공동주택-다세대주택(도시형생활주택:원룸형),160.9,92.9,299.55,20131029,5,0,서울특별시 광진구 화양동 12-48번지
11215,10700,0,0012,0049,,,일반건축물,단독주택,주택,0,71.91,215.73,19860514,2,1,서울특별시 광진구 화양동 12-49번지
11215,10700,0,0012,0050,,,일반건축물,단독주택,단독주택,151.4,75.44,242.73,19890520,2,1,서울특별시 광진구 화양동 12-50번지
11215,10700,0,0012,0051,,,일반건축물,단독주택,다가구용단독주택,152,81.75,297.01,19930106,3,1,서울특별시 광진구 화양동 12-51번지
11215,10700,0,0012,0052,,,일반건축물,단독주택,"근린생활시설, 주택",207.9,124.56,574.08,19931231,4,1,서울특별시 광진구 화양동 12-52번지
11215,10700,0,0012,0054,,,표제부,공동주택,"근린생활시설, 공동주택(다세대)",327.3,172.5,865,19910131,4,1,서울특별시 광진구 화양동 12-54번지
11215,10700,0,0012,0055,한아름공원공중화장실,,일반건축물,제1종근린생활시설,공중화장실,936.2,65.25,14.88,19981205,1,0,서울특별시 광진구 화양동 12-55번지
11215,10700,0,0012,0058,,,일반건축물,단독주택,"다가구주택, 근린생활시설",0,102.48,368.76,19701123,4,0,서울특별시 광진구 화양동 12-58번지
11215,10700,0,0012,0059,,,일반건축물,단독주택,주택,120.7,56.19,207.33,19851111,3,1,서울특별시 광진구 화양동 12-59번지
11215,10700,0,0012,0060,,,일반건축물,단독주택,주택,0,59.67,179.01,19860829,2,1,서울특별시 광진구 화양동 12-60번지
11215,10700,0,0012,0065,,,일반건축물,단독주택,단독주택,140.2,83.66,205.73,19711210,3,1,서울특별시 광진구 화양동 12-65번지
11215,10700,0,0012,0068,,,일반건축물,단독주택,"근린생활시설, 주택",0,77.52,319.92,19871207,3,1,서울특별시 광진구 화양동 12-68번지
11215,10700,0,0012,0069,,,일반건축물,단독주택,다가구용단독주택(7가구),155.7,93.25,357.63,19950925,3,1,서울특별시 광진구 화양동 12-69번지
11215,10700,0,0012,0070,,,일반건축물,단독주택,"근린생활시설, 주택",145.8,75.42,384.1,19881115,4,1,서울특별시 광진구 화양동 12-70번지
11215,10700,0,0012,0071,,3,일반건축물,단독주택,"근린생활시설, 주택",136,87.71,289.29,19880629,3,1,서울특별시 광진구 화양동 12-71번지
11215,10700,0,0012,0072,,,일반건축물,단독주택,주택,0,50.64,161.22,19861203,2,1,서울특별시 광진구 화양동 12-72번지
11215,10700,0,0012,0073,,,일반건축물,단독주택,주택,0,55.71,193.06,19880201,3,1,서울특별시 광진구 화양동 12-73번지
11215,10700,0,0012,0074,,,일반건축물,단독주택,단독주택,116,57.66,178.95,19890826,2,1,서울특별시 광진구 화양동 12-74번지
11215,10700,0,0012,0077,,,일반건축물,단독주택,단독주택(다가구주택),116.51,69.1,200.53,20120620,4,0,서울특별시 광진구 화양동 12-77번지
11215,10700,0,0012,0093,,,일반건축물,단독주택,주택,165.5,81.18,313.92,19880830,3,1,서울특별시 광진구 화양동 12-93번지
11215,10700,0,0012,0094,,,일반건축물,단독주택,"근린생활시설, 다가구용단독주택(3가구)",112.3,67.32,205.26,19940311,2,1,서울특별시 광진구 화양동 12-94번지
11215,10700,0,0015,0001,,,일반건축물,제2종근린생활시설,"근린생활시설, 주택",304.2,152.03,824.21,19930120,4,1,서울특별시 광진구 화양동 15-1번지
11215,10700,0,0015,0002,,,표제부,공동주택,"다세대주택(6세대),근린생활시설",353,165.48,814.39,19930830,5,1,서울특별시 광진구 화양동 15-2번지
11215,10700,0,0015,0005,,,일반건축물,제1종근린생활시설,"근린생활시설, 주택",163.7,85.84,431.1,19940604,4,1,서울특별시 광진구 화양동 15-5번지
11215,10700,0,0015,0006,,,일반건축물,제1종근린생활시설,"근린생활시설, 주택",0,100.86,489.58,19870924,4,1,서울특별시 광진구 화양동 15-6번지
11215,10700,0,0015,0007,,,일반건축물,단독주택,"근린생활시설, 주택",0,123.21,580.97,19880823,4,1,서울특별시 광진구 화양동 15-7번지
11215,10700,0,0015,0008,가동,,표제부,공동주택,공동주택,252.6,151.54,544.75,20030805,5,0,서울특별시 광진구 화양동 15-8번지
11215,10700,0,0015,0011,,,일반건축물,단독주택,단독주택,107.8,54.01,186.31,19870610,3,1,서울특별시 광진구 화양동 15-11번지
11215,10700,0,0015,0012,,,일반건축물,단독주택,주택,0,58.8,176.4,19861203,2,1,서울특별시 광진구 화양동 15-12번지
11215,10700,0,0015,0014,,,일반건축물,단독주택,주택,0,60.39,188.1,19870608,2,1,서울특별시 광진구 화양동 15-14번지
11215,10700,0,0015,0015,,,일반건축물,단독주택,다가구용단독주택,130.9,64.58,244.58,19851118,3,1,서울특별시 광진구 화양동 15-15번지
11215,10700,0,0015,0016,,,일반건축물,단독주택,다가구주택,117.4,58.61,230.53,19860904,3,1,서울특별시 광진구 화양동 15-16번지
11215,10700,0,0015,0017,,,일반건축물,단독주택,단독주택,115,61.56,194.13,19860613,3,1,서울특별시 광진구 화양동 15-17번지
11215,10700,0,0015,0020,화양빌딩,,일반건축물,제2종근린생활시설,근린생활시설외 1,213.2,127.22,473.99,20050621,5,0,서울특별시 광진구 화양동 15-20번지
11215,10700,0,0015,0022,,,일반건축물,단독주택,다가구용단독주택(8가구),209.6,124.5,484.34,19960913,3,1,서울특별시 광진구 화양동 15-22번지
11215,10700,0,0015,0023,,,일반건축물,단독주택,주택,0,50.22,162.74,19860904,2,1,서울특별시 광진구 화양동 15-23번지
11215,10700,0,0015,0024,,,일반건축물,단독주택,주택,0,46.29,138.87,19860903,2,1,서울특별시 광진구 화양동 15-24번지
11215,10700,0,0015,0025,,,일반건축물,단독주택,주택,0,60.84,184.41,19861230,2,1,서울특별시 광진구 화양동 15-25번지
11215,10700,0,0015,0026,,,일반건축물,단독주택,주택,165.3,82.29,246.87,19890531,2,1,서울특별시 광진구 화양동 15-26번지
11215,10700,0,0015,0027,,,일반건축물,단독주택,"근린생활시설, 다가구주택",194.7,92.88,482.93,19911213,4,1,서울특별시 광진구 화양동 15-27번지
11215,10700,0,0015,0029,,,표제부,공동주택,공동주택,157,93.72,366.4,20090611,5,0,서울특별시 광진구 화양동 15-29번지
11215,10700,0,0015,0030,,,일반건축물,단독주택,"다가구주택, 근린생활시설",150.2,83.21,295.24,20040531,4,0,서울특별시 광진구 화양동 15-30번지
11215,10700,0,0015,0031,,,일반건축물,단독주택,단독주택(다가구주택),152.7,89.15,268.15,20130313,4,0,서울특별시 광진구 화양동 15-31번지
11215,10700,0,0015,0032,,,일반건축물,단독주택,주택,164.3,163.32,306.48,19860705,3,1,서울특별시 광진구 화양동 15-32번지
11215,10700,0,0015,0033,,,표제부,공동주택,공동주택-다세대주택(도시형생활주택:원룸형),168.08,100.32,320.71,20130703,5,0,서울특별시 광진구 화양동 15-33번지
11215,10700,0,0015,0035,,,일반건축물,단독주택,주택,159.7,75.06,237.6,19881006,2,1,서울특별시 광진구 화양동 15-35번지
11215,10700,0,0015,0036,,,일반건축물,단독주택,다가구주택 및 근린생활시설,148.26,88.88,295.65,20180927,5,0,서울특별시 광진구 화양동 15-36번지
11215,10700,0,0015,0037,,,일반건축물,단독주택,단독주택(다가구주택),164.72,97.76,261.8,20110725,4,0,서울특별시 광진구 화양동 15-37번지
11215,10700,0,0015,0039,,,일반건축물,단독주택,다가구용단독주택(7가구),152.2,81.36,298.92,19970626,3,1,서울특별시 광진구 화양동 15-39번지
11215,10700,0,0015,0040,,,일반건축물,단독주택,주택,0,79.95,154.89,19691120,2,1,서울특별시 광진구 화양동 15-40번지
11215,10700,0,0015,0041,,,일반건축물,단독주택,다가구주택,163.6,85.86,334.2,19861014,3,1,서울특별시 광진구 화양동 15-41번지
11215,10700,0,0015,0042,,,일반건축물,단독주택,다가구용단독주택(8가구),156.72,93.25,356.15,19940912,3,1,서울특별시 광진구 화양동 15-42번지
11215,10700,0,0015,0044,,,일반건축물,단독주택,단독주택,152.92,91.14,319.41,19880530,3,1,서울특별시 광진구 화양동 15-44번지
11215,10700,0,0015,0046,,,일반건축물,단독주택,다가구용단독주택,175.9,104.45,397.72,19971029,3,1,서울특별시 광진구 화양동 15-46번지
11215,10700,0,0015,0049,,,일반건축물,단독주택,"다가구주택,제2종근린생활시설",161.7,96.4,325.74,20090302,4,0,서울특별시 광진구 화양동 15-49번지
11215,10700,0,0015,0051,,,일반건축물,단독주택,단독주택,157.35,94.08,302.11,19890602,3,1,서울특별시 광진구 화양동 15-51번지
11215,10700,0,0015,0052,,,표제부,공동주택,도시형생활주택(원룸형-11세대),157.21,93.84,308.14,20170703,5,0,서울특별시 광진구 화양동 15-52번지
11215,10700,0,0015,0053,,,일반건축물,단독주택,"근린생활시설, 단독주택",159,95.19,280.66,19740729,4,0,서울특별시 광진구 화양동 15-53번지
11215,10700,0,0015,0054,,,일반건축물,제1종근린생활시설,"근린생활시설, 주택",0,247.01,620.4,19701120,3,0,서울특별시 광진구 화양동 15-54번지
11215,10700,0,0015,0055,,,일반건축물,단독주택,"근린생활시설, 다가구주택",262.2,114.66,600.2,19870924,4,1,서울특별시 광진구 화양동 15-55번지
11215,10700,0,0015,0059,,,일반건축물,단독주택,"근린생활시설, 주택",0,119.79,479.16,19880831,3,1,서울특별시 광진구 화양동 15-59번지
11215,10700,0,0015,0060,,,일반건축물,단독주택,"점포, 주택, 근린생활시설",0,0,228.01,19710901,2,1,서울특별시 광진구 화양동 15-60번지
11215,10700,0,0015,0061,,,일반건축물,단독주택,"근린생활시설, 주택",186.4,92.46,412.65,19841228,4,1,서울특별시 광진구 화양동 15-61번지
11215,10700,0,0015,0062,,,일반건축물,제2종근린생활시설,제2종근린생활시설(고시원),183.3,90.99,460.16,19840711,4,1,서울특별시 광진구 화양동 15-62번지
11215,10700,0,0015,0066,,,일반건축물,단독주택,주택,0,50,162.54,19861113,2,1,서울특별시 광진구 화양동 15-66번지
11215,10700,0,0015,0067,,,일반건축물,단독주택,"단독주택(다가구주택), 제2종근린생활시설(사무소)",110.4,66.12,209.03,20120810,5,0,서울특별시 광진구 화양동 15-67번지
11215,10700,0,0015,0070,화양동다세대주택,,표제부,공동주택,공동주택(다세대주택),178.2,106.58,356.02,20040614,4,0,서울특별시 광진구 화양동 15-70번지
11215,10700,0,0015,0071,,,표제부,공동주택,공동주택,175.5,105,362.44,20020827,4,0,서울특별시 광진구 화양동 15-71번지
11215,10700,0,0015,0072,,,표제부,공동주택,공동주택,175.5,105,362.54,20020914,4,0,서울특별시 광진구 화양동 15-72번지
11215,10700,0,0015,0073,,,일반건축물,단독주택,다가구용단독주택(14가구),222.8,118.56,455.76,19931203,3,1,서울특별시 광진구 화양동 15-73번지
11215,10700,0,0015,0074,파인하우스,,일반건축물,단독주택,"근린생활시설,다가구주택(7가구)",157.9,94.71,312.31,20190514,5,0,서울특별시 광진구 화양동 15-74번지
11215,10700,0,0015,0075,대심빌라,,표제부,공동주택,공동주택(다세대주택),159.89,93.93,276.64,20030530,4,0,서울특별시 광진구 화양동 15-75번지
11215,10700,0,0015,0076,동네친구,,일반건축물,단독주택,"다가구주택(6가구), 근린생활시설",170.6,102.33,340.41,20230630,5,0,서울특별시 광진구 화양동 15-76번지
11215,10700,0,0015,0077,,,일반건축물,단독주택,다가구용단독주택(9가구),172.9,97.27,376.38,19931027,3,1,서울특별시 광진구 화양동 15-77번지
11215,10700,0,0015,0078,화양동다세대주택,,표제부,공동주택,공동주택(다세대주택),173.5,100.9,345.95,20040614,5,0,서울특별시 광진구 화양동 15-78번지
11215,10700,0,0015,0079,,,표제부,공동주택,다세대주택(8세대),174.5,101.58,396.3,19931213,3,1,서울특별시 광진구 화양동 15-79번지
11215,10700,0,0015,0080,,,표제부,공동주택,공동주택-다세대주택(도시형생활주택:원룸형),177.2,105.84,348.91,20130710,5,0,서울특별시 광진구 화양동 15-80번지
11215,10700,0,0015,0081,,,일반건축물,단독주택,단독주택,172.9,91.94,269.39,19930909,2,1,서울특별시 광진구 화양동 15-81번지
11215,10700,0,0015,0082,,,일반건축물,단독주택,다가구용단독주택(7가구),163.1,92,312.76,19950812,3,1,서울특별시 광진구 화양동 15-82번지
11215,10700,0,0015,0083,,,표제부,공동주택,공동주택-다세대주택(도시형생활주택-원룸형),164.4,98.39,283.23,20120105,5,0,서울특별시 광진구 화양동 15-83번지
11215,10700,0,0015,0084,,,일반건축물,단독주택,다가구용단독주택(9가구),215.44,129.03,493.41,19970726,3,1,서울특별시 광진구 화양동 15-84번지
11215,10700,0,0015,0085,,,일반건축물,단독주택,다가구용단독주택,214.5,128.34,503.1,19961204,3,1,서울특별시 광진구 화양동 15-85번지
11215,10700,0,0015,0086,,,일반건축물,제2종근린생활시설,"제2종근린생활시설(고시원,사무소)",193.1,108.64,463.06,19930927,4,1,서울특별시 광진구 화양동 15-86번지
11215,10700,0,0016,0001,,,일반건축물,단독주택,"주택,점포,근린생활시설",233.4,134.94,280.26,19671214,2,1,서울특별시 광진구 화양동 16-1번지
11215,10700,0,0016,0005,,,일반건축물,단독주택,단독주택,209.3,98.78,326.05,19901112,3,1,서울특별시 광진구 화양동 16-5번지
11215,10700,0,0016,0006,,,일반건축물,단독주택,주택,96.2,48.06,154.6,19900929,2,1,서울특별시 광진구 화양동 16-6번지
11215,10700,0,0016,0007,,,일반건축물,단독주택,다가구주택(5가구),152.4,83.8,239.88,19901126,2,1,서울특별시 광진구 화양동 16-7번지
11215,10700,0,0016,0009,,,일반건축물,단독주택,주택,0,82.43,247.29,19891116,2,1,서울특별시 광진구 화양동 16-9번지
11215,10700,0,0016,0010,,,일반건축물,단독주택,주택,0,81.98,240.32,19800519,2,1,서울특별시 광진구 화양동 16-10번지
11215,10700,0,0016,0011,,,일반건축물,제2종근린생활시설,"주택, 점포",0,72.4,118.48,19700123,2,0,서울특별시 광진구 화양동 16-11번지
11215,10700,0,0016,0012,,,일반건축물,단독주택,"주택, 점포",0,142.48,364.43,19700630,3,0,서울특별시 광진구 화양동 16-12번지
11215,10700,0,0016,0014,,,일반건축물,단독주택,"주택, 근린생활시설",0,156.23,480.5,19750730,3,1,서울특별시 광진구 화양동 16-14번지
11215,10700,0,0016,0016,,,일반건축물,단독주택,"주택, 점포",0,93.92,93.92,19730623,1,0,서울특별시 광진구 화양동 16-16번지
11215,10700,0,0016,0016,,,일반건축물,단독주택,주택,0,86.28,95.37,19710201,1,1,서울특별시 광진구 화양동 16-16번지
11215,10700,0,0016,0017,,,일반건축물,단독주택,다가구용단독주택(7가구),166,99.28,375.2,19960920,3,1,서울특별시 광진구 화양동 16-17번지
11215,10700,0,0016,0018,화양동상가주택,,일반건축물,단독주택,근린생활시설외 1,246.4,147.64,782.1,19980622,5,1,서울특별시 광진구 화양동 16-18번지
11215,10700,0,0016,0019,,,표제부,공동주택,다세대주택,196.75,117.46,391.16,20060901,5,0,서울특별시 광진구 화양동 16-19번지
11215,10700,0,0016,0020,,,표제부,공동주택,도시형생활주택(원룸형) 및 근린생활시설,227.56,135.47,466.8,20170926,5,0,서울특별시 광진구 화양동 16-20번지
11215,10700,0,0016,0021,,,일반건축물,단독주택,다가구주택,377.04,176.24,657.62,20011114,3,1,서울특별시 광진구 화양동 16-21번지
11215,10700,0,0016,0023,,,일반건축물,단독주택,다가구용단독주택(5가구),186.65,110.73,328.59,19930811,2,1,서울특별시 광진구 화양동 16-23번지
11215,10700,0,0016,0024,,,일반건축물,단독주택,"근린생활시설, 주택",125.6,62.4,296.75,19880530,4,1,서울특별시 광진구 화양동 16-24번지
11215,10700,0,0016,0025,,,일반건축물,단독주택,다가구용단독주택(5가구),117.4,70.02,179.7,19951121,2,1,서울특별시 광진구 화양동 16-25번지
11215,10700,0,0016,0026,,,일반건축물,단독주택,다가구주택,142.37,78.92,241.98,19880618,3,1,서울특별시 광진구 화양동 16-26번지
11215,10700,0,0016,0027,,,일반건축물,단독주택,"단독주택(다가구주택),제1종근린생활시설(소매점)",142.54,85.14,246.48,20130520,4,0,서울특별시 광진구 화양동 16-27번지
11215,10700,0,0016,0028,,,일반건축물,단독주택,"주택, 근린생활시설",0,89.26,176.53,19701210,2,0,서울특별시 광진구 화양동 16-28번지
11215,10700,0,0016,0030,,,일반건축물,단독주택,"근린생활시설, 다가구주택",144.2,86.13,375.99,20031030,5,0,서울특별시 광진구 화양동 16-30번지
11215,10700,0,0016,0031,화양동 16-31,,일반건축물,제2종근린생활시설,일반음식점/다가구용단독주택(5가구),140.05,82.13,299.85,19951011,3,1,서울특별시 광진구 화양동 16-31번지
11215,10700,0,0016,0032,,,일반건축물,단독주택,다가구용단독주택(7가구),145.01,86.59,329.66,19961227,3,1,서울특별시 광진구 화양동 16-32번지
11215,10700,0,0016,0033,,,표제부,공동주택,공동주택(다세대주택),252.4,150.98,536.72,20021202,5,0,서울특별시 광진구 화양동 16-33번지
11215,10700,0,0016,0035,,,일반건축물,단독주택,단독주택,157,91.58,231.85,19700907,3,1,서울특별시 광진구 화양동 16-35번지
11215,10700,0,0016,0036,,,일반건축물,제2종근린생활시설,"근린생활시설, 주택",0,77.3,376.84,19890911,4,1,서울특별시 광진구 화양동 16-36번지
11215,10700,0,0016,0037,,,일반건축물,단독주택,"근린생활시설, 다가구주택",154,84.73,413.06,19951109,4,1,서울특별시 광진구 화양동 16-37번지
11215,10700,0,0016,0038,,,일반건축물,단독주택,다가구주택,204.6,102.3,358.74,19920129,3,1,서울특별시 광진구 화양동 16-38번지
11215,10700,0,0016,0039,,,일반건축물,단독주택,단독주택,106.4,52.78,167.44,19890324,2,1,서울특별시 광진구 화양동 16-39번지
11215,10700,0,0016,0041,로얄빌라,,표제부,공동주택,공동주택,300.6,168.84,659.55,20020402,5,0,서울특별시 광진구 화양동 16-41번지
11215,10700,0,0016,0043,,,일반건축물,제1종근린생활시설,"근린생활시설, 주택",0,110.34,306.78,19740722,2,1,서울특별시 광진구 화양동 16-43번지
11215,10700,0,0016,0044,,,표제부,공동주택,"공동주택, 근린생활시설",166.3,98.77,353.03,20011227,4,0,서울특별시 광진구 화양동 16-44번지
11215,10700,0,0016,0050,,,일반건축물,단독주택,단독주택,111.4,54.08,175.79,19910607,2,1,서울특별시 광진구 화양동 16-50번지
11215,10700,0,0016,0051,,,일반건축물,단독주택,주택,123.6,72.82,183.16,19711115,3,1,서울특별시 광진구 화양동 16-51번지
11215,10700,0,0016,0053,은조겔러리,,표제부,공동주택,공동주택-다세대주택(도시형생활주택:원룸형),214.9,128.2,501.85,20121224,6,0,서울특별시 광진구 화양동 16-53번지
11215,10700,0,0016,0054,,,일반건축물,단독주택,"근린생활시설, 주택",198.3,118.84,599.02,19970716,4,1,서울특별시 광진구 화양동 16-54번지
11215,10700,0,0016,0055,,,일반건축물,단독주택,다가구용단독주택,200.3,120.1,436.63,20020115,3,1,서울특별시 광진구 화양동 16-55번지
11215,10700,0,0016,0056,,,표제부,공동주택,공동주택(다세대주택-도시형생활주택-원룸형),187.8,112.5,377.96,20111013,5,0,서울특별시 광진구 화양동 16-56번지
11215,10700,0,0016,0057,,,일반건축물,단독주택,"다가구주택(6가구),근생생활시설(1호)",191.1,101.76,238.78,20201217,5,0,서울특별시 광진구 화양동 16-57번지
11215,10700,0,0016,0058,,,일반건축물,단독주택,단독주택,200.7,99.98,314.27,19900821,3,1,서울특별시 광진구 화양동 16-58번지
11215,10700,0,0016,0059,,,일반건축물,단독주택,"제2종근린생활시설,단독주택(다가구 11)",223.29,133.36,445.23,20160323,5,0,서울특별시 광진구 화양동 16-59번지
11215,10700,0,0016,0060,,,일반건축물,단독주택,단독주택,177.18,81.27,280.11,19901016,3,1,서울특별시 광진구 화양동 16-60번지
11215,10700,0,0016,0061,,,일반건축물,단독주택,다가구용단독주택(5가구),171.5,102.85,262.32,19951128,3,0,서울특별시 광진구 화양동 16-61번지
11215,10700,0,0016,0062,,,일반건축물,단독주택,다가구용단독주택(10가구),217.6,129.96,508.29,19970822,3,1,서울특별시 광진구 화양동 16-62번지
11215,10700,0,0016,0063,,,일반건축물,단독주택,다가구용단독주택(8가구),204,122.14,488.56,19970822,3,1,서울특별시 광진구 화양동 16-63번지
11215,10700,0,0016,0064,,,일반건축물,단독주택,다가구용단독주택(11가구),164.6,98.74,349.79,19940630,3,1,서울특별시 광진구 화양동 16-64번지
11215,10700,0,0016,0065,,,일반건축물,단독주택,주택,0,81.65,247.94,19880916,2,1,서울특별시 광진구 화양동 16-65번지
11215,10700,0,0016,0066,,,일반건축물,단독주택,주택,0,85.65,237.52,19760312,2,1,서울특별시 광진구 화양동 16-66번지
11215,10700,0,0016,0067,,,일반건축물,단독주택,다가구용단독주택(11가구),178.02,106.07,413.43,19950714,3,1,서울특별시 광진구 화양동 16-67번지
11215,10700,0,0016,0068,,,일반건축물,제2종근린생활시설,"제2종근린생활시설(고시원),단독주택",214.5,127.81,424.26,20120202,4,0,서울특별시 광진구 화양동 16-68번지
11215,10700,0,0016,0069,,,표제부,공동주택,공동주택-다세대주택(도시형생활주택:원룸형),169.3,101.2,296.08,20130625,4,0,서울특별시 광진구 화양동 16-69번지
11215,10700,0,0016,0070,,,일반건축물,단독주택,다가구주택(4가구)및근린생활시설,167.6,100.37,334.55,20220719,5,0,서울특별시 광진구 화양동 16-70번지
11215,10700,0,0016,0071,,,일반건축물,단독주택,다가구용단독주택,191.14,106.24,392.68,19961204,3,1,서울특별시 광진구 화양동 16-71번지
11215,10700,0,0016,0072,,,일반건축물,단독주택,다가구용단독주택(7가구),181.8,108.99,419.73,19960816,3,1,서울특별시 광진구 화양동 16-72번지
11215,10700,0,0016,0073,,,일반건축물,단독주택,주택,0,65.65,161.66,19750808,2,1,서울특별시 광진구 화양동 16-73번지
11215,10700,0,0016,0075,화양빌라,,표제부,공동주택,공동주택(다세대),163.6,95.7,306.06,20031128,4,0,서울특별시 광진구 화양동 16-75번지
11215,10700,0,0016,0076,,,일반건축물,단독주택,다가구주택(4가구) 및 제2종근린생활시설,163.3,96.36,365.49,20031202,4,0,서울특별시 광진구 화양동 16-76번지
11215,10700,0,0016,0077,,,일반건축물,단독주택,"다가구주택(5가구), 근린생활시설",166,98.9,352.27,20080708,4,0,서울특별시 광진구 화양동 16-77번지
11215,10700,0,0016,0078,,,일반건축물,단독주택,다가구용단독주택주택,178.4,106.5,391.74,19950622,3,1,서울특별시 광진구 화양동 16-78번지
11215,10700,0,0016,0080,,,일반건축물,단독주택,다가구용단독주택(9가구),182.1,109.22,383.78,19940730,3,1,서울특별시 광진구 화양동 16-80번지
11215,10700,0,0016,0081,,,일반건축물,단독주택,다가구용단독주택(7가구),180.14,107.11,412.46,19971120,3,1,서울특별시 광진구 화양동 16-81번지
11215,10700,0,0016,0084,,,일반건축물,단독주택,"주택, 점포",0,99.54,199.08,19750628,2,0,서울특별시 광진구 화양동 16-84번지
11215,10700,0,0016,0085,,,일반건축물,단독주택,주택,91.6,53.97,133.09,19760603,3,1,서울특별시 광진구 화양동 16-85번지
11215,10700,0,0016,0086,,,일반건축물,단독주택,"주택, 근린생활시설",0,0,453.89,19731027,2,1,서울특별시 광진구 화양동 16-86번지
11215,10700,0,0016,0087,,,일반건축물,단독주택,주택,0,61.92,124.53,19750923,2,1,서울특별시 광진구 화양동 16-87번지
11215,10700,0,0016,0088,,,일반건축물,단독주택,다가구주택,116.7,69.84,187,20180905,4,0,서울특별시 광진구 화양동 16-88번지
11215,10700,0,0016,0089,,,일반건축물,제1종근린생활시설,"주택, 근린생활시설",0,146.88,532.44,19830901,3,1,서울특별시 광진구 화양동 16-89번지
11215,10700,0,0016,0090,,,일반건축물,단독주택,"주택, 근린생활시설",230.1,113.7,581.92,19931203,4,1,서울특별시 광진구 화양동 16-90번지
11215,10700,0,0016,0091,,,일반건축물,단독주택,주택,0,78.02,234.06,19800527,2,1,서울특별시 광진구 화양동 16-91번지
11215,10700,0,0016,0092,,,일반건축물,단독주택,주택,0,79.01,224.14,19800526,2,1,서울특별시 광진구 화양동 16-92번지
11215,10700,0,0016,0093,,,일반건축물,단독주택,주택,168.9,98.1,310.11,19850720,3,1,서울특별시 광진구 화양동 16-93번지
11215,10700,0,0016,0096,로얄빌라,,표제부,공동주택,공동주택,328.8,167.46,652.61,20020328,5,0,서울특별시 광진구 화양동 16-96번지
11215,10700,0,0017,0001,,,일반건축물,근린생활시설,근린생활시설,0,0,805.38,19961127,5,1,서울특별시 광진구 화양동 17-1번지
11215,10700,0,0017,0004,,,일반건축물,제2종근린생활시설,"다가구주택(12가구),근린생활시설",208.25,120.04,692.04,20210210,7,1,서울특별시 광진구 화양동 17-4번지
11215,10700,0,0017,0005,,,일반건축물,제2종근린생활시설,출판사,0,124.03,353.06,19740716,3,1,서울특별시 광진구 화양동 17-5번지
11215,10700,0,0017,0006,,,일반건축물,제2종근린생활시설,"제2종근린생활시설,다가구주택",161.8,96.23,431.11,20020905,4,1,서울특별시 광진구 화양동 17-6번지
11215,10700,0,0017,0008,,,일반건축물,단독주택,주택,104.5,62.68,246.54,19891103,3,1,서울특별시 광진구 화양동 17-8번지
11215,10700,0,0017,0010,,,일반건축물,숙박시설,"여관, 점포",0,177.21,745.36,19831217,3,1,서울특별시 광진구 화양동 17-10번지
11215,10700,0,0017,0012,,,일반건축물,제1종근린생활시설,"다가구주택 3가구, 근린생활시설",175.2,104.58,578.55,19880827,5,1,서울특별시 광진구 화양동 17-12번지
11215,10700,0,0017,0013,,,일반건축물,단독주택,다가구용단독주택(7가구),169.6,101.39,376.28,19950608,3,1,서울특별시 광진구 화양동 17-13번지
11215,10700,0,0017,0014,,,표제부,공동주택,공동주택-다세대주택(도시형생활주택-원룸형),171.9,103.02,598.6,20120127,7,0,서울특별시 광진구 화양동 17-14번지
11215,10700,0,0017,0015,,,일반건축물,제2종근린생활시설,제2종근린생활시설,155.7,93.15,583.68,20081014,7,0,서울특별시 광진구 화양동 17-15번지
11215,10700,0,0017,0016,아스하임,,표제부,업무시설,업무시설(오피스텔 66실) 외2,611.4,365.61,3558.73,20160428,11,2,서울특별시 광진구 화양동 17-16번지
11215,10700,0,0017,0017,D.Y.퍼스트타워,,일반건축물,업무시설,업무시설(오피스텔 14호) 외2,279.1,165.3,995.95,20160223,9,1,서울특별시 광진구 화양동 17-17번지
11215,10700,0,0017,0019,SUNIN-2 (선인-2),,일반건축물,제2종근린생활시설,제2종근린생활시설,122.6,73.45,402.44,20160318,7,0,서울특별시 광진구 화양동 17-19번지
11215,10700,0,0017,0020,더리브오피스텔,,표제부,업무시설,업무시설(오피스텔-28호),185.15,110.94,740.58,20111213,8,0,서울특별시 광진구 화양동 17-20번지
11215,10700,0,0017,0021,,,표제부,공동주택,"공동주택-다세대주택(도시형생활주택-원룸형),제2종근린생활시설(사무소)",142.6,84.8,571.92,20120217,8,0,서울특별시 광진구 화양동 17-21번지
11215,10700,0,0017,0023,,,일반건축물,단독주택,단독주택,141.5,77.97,185.5,19700502,3,1,서울특별시 광진구 화양동 17-23번지
11215,10700,0,0017,0024,,,일반건축물,단독주택,주택,125.6,81.05,201.76,19700718,3,1,서울특별시 광진구 화양동 17-24번지
11215,10700,0,0017,0025,,,일반건축물,단독주택,단독주택,121.3,119.67,275.03,19701201,3,0,서울특별시 광진구 화양동 17-25번지
11215,10700,0,0017,0027,한희 팰리스 ll,,일반건축물,제2종근린생활시설,"제2종근린생활시설,단독주택(단독주택)",100.98,60.17,391.74,20160407,7,0,서울특별시 광진구 화양동 17-27번지
11215,10700,0,0017,0028,,,일반건축물,단독주택,주택,123,68.3,180.99,19700816,3,1,서울특별시 광진구 화양동 17-28번지
11215,10700,0,0017,0029,,,일반건축물,단독주택,주택,121,66.12,186.66,19700710,3,1,서울특별시 광진구 화양동 17-29번지
11215,10700,0,0017,0030,,,일반건축물,단독주택,주택,128.6,72.53,196.04,19701101,3,1,서울특별시 광진구 화양동 17-30번지
11215,10700,0,0017,0031,,,일반건축물,제2종근린생활시설,제2종근린생활시설,124.3,74.44,463.96,20170616,7,0,서울특별시 광진구 화양동 17-31번지
11215,10700,0,0017,0032,칸타빌,,표제부,공동주택,"공동주택-다세대주택(도시형생활주택-원룸형),제2종근린생활시설(사무소)",139.2,82.72,514.8,20120222,7,0,서울특별시 광진구 화양동 17-32번지
11215,10700,0,0017,0034,,,일반건축물,제2종근린생활시설,근린생활시설,0,0,258.38,19691115,3,0,서울특별시 광진구 화양동 17-34번지
11215,10700,0,0017,0035,,,일반건축물,단독주택,주택,136.02,80.34,241.02,19880722,2,1,서울특별시 광진구 화양동 17-35번지
11215,10700,0,0017,0037,,,일반건축물,단독주택,다가구용단독주택(8가구),158.77,94.65,358.23,19941025,3,1,서울특별시 광진구 화양동 17-37번지
11215,10700,0,0017,0038,,,일반건축물,단독주택,단독주택,158.94,94.52,299.61,19900611,3,1,서울특별시 광진구 화양동 17-38번지
11215,10700,0,0017,0039,,,표제부,공동주택,공동주택,155.01,92.63,330.77,20081013,5,0,서울특별시 광진구 화양동 17-39번지
11215,10700,0,0017,0040,,,일반건축물,단독주택,"다가구주택 10가구, 제2종근린생활시설(사무소)",154.7,92.16,520.01,20150129,7,0,서울특별시 광진구 화양동 17-40번지
11215,10700,0,0017,0042,,,일반건축물,제1종근린생활시설,"제1종근린생활시설,단독주택",170.6,102,399.91,20090730,5,0,서울특별시 광진구 화양동 17-42번지
11215,10700,0,0017,0043,화양아트빌,,표제부,공동주택,공동주택(다세대주택),165.96,98.28,381,20040820,5,0,서울특별시 광진구 화양동 17-43번지
11215,10700,0,0017,0044,,,표제부,공동주택,"다세대주택(8세대),근린생활시설",171.72,102.48,560.74,20200103,7,1,서울특별시 광진구 화양동 17-44번지
11215,10700,0,0017,0046,,,표제부,제2종근린생활시설,"다세대주택(도시형생활주택:원룸형),제2종근린생활시설",159.77,93.78,500.34,20140918,7,0,서울특별시 광진구 화양동 17-46번지
11215,10700,0,0017,0047,,,표제부,제2종근린생활시설,"제2종근린생활시설,공동주택(도시형생활주택-원룸형 12세대)",158.58,94,580.56,20151014,7,0,서울특별시 광진구 화양동 17-47번지
11215,10700,0,0017,0048,,,표제부,공동주택,"도시형생활주택(12세대), 제1,2종근린생활시설",305.62,182.27,1254.94,20161216,8,0,서울특별시 광진구 화양동 17-48번지
11215,10700,0,0017,0051,,,표제부,공동주택,"공동주택-다세대주택(도시형생활주택:원룸형),제2종근린생활시설(사무소)",183.5,109.5,691.72,20120821,8,0,서울특별시 광진구 화양동 17-51번지
11215,10700,0,0017,0053,아이리스(Iris),,표제부,공동주택,"공동주택-다세대주택(도시형생활주택:원룸형), 제2종근린생활시설(사무소)",157.1,93.94,594.74,20120829,8,0,서울특별시 광진구 화양동 17-53번지
11215,10700,0,0017,0054,,,표제부,공동주택,"다세대주택(도시형생활주택:원룸형),제1,2종근린생활시설",212.33,127.24,811.67,20120720,8,0,서울특별시 광진구 화양동 17-54번지
11215,10700,0,0017,0056,,,표제부,제2종근린생활시설,단독주택 및 근린생활시설,128.85,73.79,512.9,20180212,9,0,서울특별시 광진구 화양동 17-56번지
11215,10700,0,0017,0057,,,일반건축물,단독주택,"단독주택-다가구주택,제2종근린생활시설(사무소)",115.92,68.69,272.96,20131029,5,0,서울특별시 광진구 화양동 17-57번지
11215,10700,0,0017,0058,,,일반건축물,제2종근린생활시설,"제2종근린생활시설,단독주택(다가구3가구)",116.18,67.92,421.41,20160107,7,0,서울특별시 광진구 화양동 17-58번지
11215,10700,0,0017,0060,,,표제부,공동주택,"공동주택(다세대주택:도시형생활주택:원룸형),업무시설(오피스텔)",98.91,56.24,304.19,20140502,7,0,서울특별시 광진구 화양동 17-60번지
11215,10700,0,0017,0061,,,표제부,공동주택,"다세대주택(도시형생활주택 원룸형 15세대),제1종근린생활시설(한의원,침술원)",192.62,115.5,747.51,20141128,8,0,서울특별시 광진구 화양동 17-61번지
11215,10700,0,0017,0063,,,표제부,제1종근린생활시설,"다세대주택(도시형생활주택 원룸형 3세대),제1종근린생활시설(한의원,침술원)",102.01,61.2,395.22,20141201,8,0,서울특별시 광진구 화양동 17-63번지
11215,10700,0,0017,0064,,,일반건축물,제1종근린생활시설,"다가구주택,제1종근린생활시설",102.03,60.83,332.33,20141209,7,0,서울특별시 광진구 화양동 17-64번지
11215,10700,0,0017,0065,스타빌,,일반건축물,제2종근린생활시설,"제2종근린생활시설,다가구주택",103.14,61.71,381.1,20141219,8,0,서울특별시 광진구 화양동 17-65번지
11215,10700,0,0017,0066,,,일반건축물,제2종근린생활시설,근린생활시설,134.88,80.88,385.84,19901017,4,1,서울특별시 광진구 화양동 17-66번지
11215,10700,0,0017,0067,,,표제부,공동주택,"공동주택-다세대주택(도시형생활주택:원룸형),오피스텔",140.2,83.6,467.23,20120607,7,0,서울특별시 광진구 화양동 17-67번지
11215,10700,0,0017,0068,세종에버그린,,표제부,업무시설,"도시형생활주택(단지형다세대-20세대),업무시설(오피스텔-29실)",500.8,296.06,1999.52,20180528,11,1,서울특별시 광진구 화양동 17-68번지
11215,10700,0,0017,0072,,,일반건축물,제2종근린생활시설,"제2종근린생활시설(사무소,학원,독서실), 제1종근린생활시설(서점)",285,167.04,1136.96,20090114,9,0,서울특별시 광진구 화양동 17-72번지
11215,10700,0,0017,0075,,,일반건축물,단독주택,다가구용단독주택(6가구),114.7,67.99,262.76,19971112,3,1,서울특별시 광진구 화양동 17-75번지
11215,10700,0,0017,0076,,,일반건축물,단독주택,"제2종근린생활시설,단독주택",134.9,80.08,322.15,20090206,5,0,서울특별시 광진구 화양동 17-76번지
11215,10700,0,0017,0077,,,표제부,공동주택,공동주택,151.4,90.27,361.62,20090206,5,0,서울특별시 광진구 화양동 17-77번지
11215,10700,0,0017,0078,00빌딩,,일반건축물,제2종근린생활시설,제2종근린생활시설(사무소),126.3,73.8,406.5,20140404,7,0,서울특별시 광진구 화양동 17-78번지
11215,10700,0,0017,0079,,,일반건축물,제2종근린생활시설,제2종근린생활시설(사무소),0,83.87,103.08,19750919,1,1,서울특별시 광진구 화양동 17-79번지
11215,10700,0,0017,0083,,,일반건축물,제2종근린생활시설,제2종근린생활시설(사무소),0,77.22,249.76,19881015,3,1,서울특별시 광진구 화양동 17-83번지
11215,10700,0,0017,0092,세종에버그린,,표제부,업무시설,"도시형생활주택(단지형다세대-20세대),업무시설(오피스텔-29실)",500.9,296.06,1999.52,20180528,11,1,서울특별시 광진구 화양동 17-92번지
11215,10700,0,0018,0001,,,일반건축물,제1종근린생활시설,근린생활시설,64,56.86,200.6,19700815,3,1,서울특별시 광진구 화양동 18-1번지
11215,10700,0,0018,0002,,,일반건축물,제1종근린생활시설,근린생활시설,0,0,371.11,19670315,3,0,서울특별시 광진구 화양동 18-2번지
11215,10700,0,0018,0003,JH빌딩,,일반건축물,근린생활시설,"근린생활시설, 교육연구시설",407.9,0,1886.59,19920715,6,2,서울특별시 광진구 화양동 18-3번지
11215,10700,0,0018,0005,,,표제부,제2종근린생활시설,"점포, 사무실",915.4,0,1434.04,19800704,3,1,서울특별시 광진구 화양동 18-5번지
11215,10700,0,0018,0009,화양 디펠리체,,표제부,업무시설,업무시설(오피스텔) 및 근린생활시설,948.2,535.61,7716.15,20190201,18,2,서울특별시 광진구 화양동 18-9번지
11215,10700,0,0018,0010,,,일반건축물,제1종근린생활시설,우체국,0,166.25,320.75,19870226,3,1,서울특별시 광진구 화양동 18-10번지
11215,10700,0,0018,0011,,,일반건축물,숙박시설,"여관, 근린생활시설",0,174.42,1047.54,19841012,5,1,서울특별시 광진구 화양동 18-11번지
11215,10700,0,0018,0012,광진청년생활,,표제부,공동주택,"도시형생활주택(소형주택),업무시설(오피스텔), 근린생활시설",736.9,439.3665,7827.9183,20240131,18,4,서울특별시 광진구 화양동 18-12번지
11215,10700,0,0018,0016,가동,,일반건축물,제2종근린생활시설,제2종근린생활시설,469.1,165.22,366.44,19770806,2,1,서울특별시 광진구 화양동 18-16번지
11215,10700,0,0018,0021,,,일반건축물,제2종근린생활시설,제2종근린생활시설,0,109.92,194.28,19700716,3,0,서울특별시 광진구 화양동 18-21번지
11215,10700,0,0018,0024,,,일반건축물,단독주택,"주택, 점포",0,79.44,158.61,19690815,2,0,서울특별시 광진구 화양동 18-24번지
11215,10700,0,0018,0025,,,일반건축물,제2종근린생활시설,근린생활시설,0,109.09,109.09,19700502,1,0,서울특별시 광진구 화양동 18-25번지
11215,10700,0,0018,0026,,,일반건축물,제2종근린생활시설,근린생활시설,0,0,434.31,19850829,3,1,서울특별시 광진구 화양동 18-26번지
11215,10700,0,0018,0032,,,일반건축물,숙박시설,"근린생활시설, 숙박시설",0,247.31,1199.32,19831102,4,1,서울특별시 광진구 화양동 18-32번지
11215,10700,0,0019,0001,,,일반건축물,제2종근린생활시설,"제2종근린생활시설(고시원,일반음식점)",180,106.88,748.27,20120220,8,0,서울특별시 광진구 화양동 19-1번지
11215,10700,0,0019,0002,,,표제부,공동주택,"공동주택-다세대주택(도시형생활주택:원룸형),업무시설(오피스텔),제1종근린생활시설(한의원)",220.6,130.99,881.8,20130125,8,0,서울특별시 광진구 화양동 19-2번지
11215,10700,0,0019,0004,,,일반건축물,제2종근린생활시설,"제2종근린생활시설,단독주택(다가구6가구)",122.3,72.02,486.05,20160504,9,0,서울특별시 광진구 화양동 19-4번지
11215,10700,0,0019,0005,,,일반건축물,단독주택,주택,0,62.58,135.64,19700620,2,1,서울특별시 광진구 화양동 19-5번지
11215,10700,0,0019,0006,혜성빌,,표제부,공동주택,"공동주택-다세대주택(도시형생활주택:원룸형),제2종근린생활시설(사무소)",142.57,85.08,514.13,20131113,7,0,서울특별시 광진구 화양동 19-6번지
11215,10700,0,0019,0007,,,일반건축물,단독주택,"주택, 근린생활시설",166.3,98.4,467.55,19920617,4,1,서울특별시 광진구 화양동 19-7번지
11215,10700,0,0019,0008,리더스,,표제부,공동주택,"도시형생활주택단지형다세대(5세대),근린생활시설",204.3,116.62,801.77,20200728,9,1,서울특별시 광진구 화양동 19-8번지
11215,10700,0,0019,0009,로제트화양,,표제부,공동주택,다세대주택(도시형생활주택-단지형다세대),117,69.56,293.7,20140516,6,0,서울특별시 광진구 화양동 19-9번지
11215,10700,0,0019,0010,,,일반건축물,제2종근린생활시설,제2종근린생활시설,147.8,87.98,399.86,20110414,6,0,서울특별시 광진구 화양동 19-10번지
11215,10700,0,0019,0011,퍼즐하우스,,일반건축물,제2종근린생활시설,"제2종근린생활시설(고시원,사무소)",141.8,85.05,544.53,20120919,7,0,서울특별시 광진구 화양동 19-11번지
11215,10700,0,0019,0012,,,표제부,공동주택,"도시형생활주택단지형다세대(13세대), 근린생활시설(6호)",202,120.88,771.61,20210716,8,1,서울특별시 광진구 화양동 19-12번지
11215,10700,0,0019,0013,라벨메종,,표제부,공동주택,"공동주택-다세대주택(도시형생활주택:원룸형),업무시설(오피스텔)",178.8,107.16,593.78,20130820,7,0,서울특별시 광진구 화양동 19-13번지
11215,10700,0,0019,0014,,,일반건축물,단독주택,다가구용단독주택(8가구),130.6,76.81,327.22,19931013,4,1,서울특별시 광진구 화양동 19-14번지
11215,10700,0,0019,0015,,,일반건축물,단독주택,단독주택,126.9,71.07,213.21,19900716,2,1,서울특별시 광진구 화양동 19-15번지
11215,10700,0,0019,0017,,,일반건축물,제2종근린생활시설,제2종근린생활시설(고시원),250.3,149.68,928.96,20101231,7,0,서울특별시 광진구 화양동 19-17번지
11215,10700,0,0019,0018,,,표제부,공동주택,"공동주택-다세대주택(도시형생활주택:원룸형),업무시설-오피스텔",147.4,86.34,308.7,20130621,5,0,서울특별시 광진구 화양동 19-18번지
11215,10700,0,0019,0019,,,일반건축물,단독주택,"주택, 근린생활시설",167.6,98.33,479.29,19940912,4,1,서울특별시 광진구 화양동 19-19번지
11215,10700,0,0019,0021,,,일반건축물,단독주택,주택,109.1,56.52,179.1,19891020,2,1,서울특별시 광진구 화양동 19-21번지
11215,10700,0,0019,0022,,,일반건축물,단독주택,"주택, 근린생활시설",137.5,82.45,412.25,19941203,4,1,서울특별시 광진구 화양동 19-22번지
11215,10700,0,0019,0024,,,일반건축물,단독주택,주택,120.3,65.66,196.98,19890522,2,1,서울특별시 광진구 화양동 19-24번지
11215,10700,0,0019,0025,,,표제부,공동주택,"공동주택-다세대주택(도시형생활주택:원룸형),제2종근린생활시설(사무소)",125.3,72.13,403.24,20130129,7,0,서울특별시 광진구 화양동 19-25번지
11215,10700,0,0019,0027,,,일반건축물,단독주택,"주택, 근린생활시설",0,79.77,165.62,19740620,2,1,서울특별시 광진구 화양동 19-27번지
11215,10700,0,0019,0028,,,일반건축물,제1종근린생활시설,근린생활시설외1,275.7,164.82,789.71,20040403,5,0,서울특별시 광진구 화양동 19-28번지
11215,10700,0,0019,0030,,,일반건축물,단독주택,"주택, 근린생활시설",268.8,148.5,862.19,19910123,5,1,서울특별시 광진구 화양동 19-30번지
11215,10700,0,0019,0031,햇살좋은집,,표제부,공동주택,"공동주택-다세대주택(도시형생활주택:원룸형),제2종근린생활시설(사무소)",150.5,89.36,418.46,20140121,6,0,서울특별시 광진구 화양동 19-31번지
11215,10700,0,0019,0033,,,일반건축물,제2종근린생활시설,제2종근린생활시설,134.32,79.8,443.76,20170201,7,0,서울특별시 광진구 화양동 19-33번지
11215,10700,0,0019,0034,,,일반건축물,단독주택,다가구용단독주택(6가구),120,71.84,259.28,19940218,3,1,서울특별시 광진구 화양동 19-34번지
11215,10700,0,0019,0035,,,일반건축물,단독주택,다가구용단독주택(6가구),120,71.84,259.28,19940218,3,1,서울특별시 광진구 화양동 19-35번지
11215,10700,0,0019,0036,,,일반건축물,제2종근린생활시설,제2종근린생활시설,146.4,85.35,398.36,20081217,7,0,서울특별시 광진구 화양동 19-36번지
11215,10700,0,0019,0038,,,일반건축물,단독주택,"주택, 점포",226.1,132.27,654.79,19900731,4,1,서울특별시 광진구 화양동 19-38번지
11215,10700,0,0019,0039,YN웰하우스,,표제부,공동주택,"공동주택-다세대주택(도시형생활주택-원룸형),제2종근린생활시설(사무소),업무시설(오피스텔)",206.3,123.15,747.32,20120217,8,0,서울특별시 광진구 화양동 19-39번지
11215,10700,0,0019,0040,,,표제부,공동주택,"공동주택-다세대주택(도시형생활주택:원룸형),업무시설(오피스텔)",206,122.76,807.39,20120620,8,0,서울특별시 광진구 화양동 19-40번지
11215,10700,0,0019,0041,,,일반건축물,제2종근린생활시설,"제2종근린생활시설(사무소),단독주택",134.5,80.64,458.79,20111202,7,0,서울특별시 광진구 화양동 19-41번지
11215,10700,0,0019,0042,,,일반건축물,제2종근린생활시설,"제1.2종근린생활시설(의원,사무소)",146.4,87.58,583.24,20111104,8,0,서울특별시 광진구 화양동 19-42번지
11215,10700,0,0019,0044,,,일반건축물,제2종근린생활시설,"제2종근린생활시설(사무소,고시원)",137.8,82,379.21,20110817,6,0,서울특별시 광진구 화양동 19-44번지
11215,10700,0,0019,0045,송스45빌딩,,일반건축물,제2종근린생활시설,"제2종근린생활시설(고시원,사무소)",240.3,143.79,809.1,20130306,7,0,서울특별시 광진구 화양동 19-45번지
11215,10700,0,0019,0047,,,일반건축물,제2종근린생활시설,근린생활시설,0,101.32,520.67,19891229,4,1,서울특별시 광진구 화양동 19-47번지
11215,10700,0,0019,0048,,,일반건축물,단독주택,"근린생활시설, 주택",0,82.56,416.64,19891229,4,1,서울특별시 광진구 화양동 19-48번지
11215,10700,0,0019,0052,SHEEL TOWER,,표제부,공동주택,"공동주택-다세대주택(도시형생활주택:원룸형), 업무시설(오피스텔)",166.3,99.24,654.62,20120703,8,1,서울특별시 광진구 화양동 19-52번지
11215,10700,0,0019,0053,KY동부빌(A동),,표제부,공동주택,공동주택-다세대주택(도시형생활주택:단지형 다세대주택),608.6,174.49,659.9,20130625,6,0,서울특별시 광진구 화양동 19-53번지
11215,10700,0,0019,0053,KY동부빌(B동),,표제부,공동주택,공동주택-다세대주택(도시형생활주택:단지형 다세대주택),608.6,174.49,659.9,20130625,6,0,서울특별시 광진구 화양동 19-53번지
11215,10700,0,0019,0054,,,표제부,공동주택,연립주택(12세대),351,201.84,962.23,19941223,4,1,서울특별시 광진구 화양동 19-54번지
11215,10700,0,0019,0057,,,표제부,업무시설,"공동주택-다세대주택,업무시설(오피스텔)",428.8,182.88,1725.48,20121228,11,1,서울특별시 광진구 화양동 19-57번지
11215,10700,0,0020,0001,,,일반건축물,단독주택,"다가구주택, 제2종근린생활시설",205.6,122.73,298.49,19750805,3,0,서울특별시 광진구 화양동 20-1번지
11215,10700,0,0020,0003,,,표제부,공동주택,"제2종근린생활시설,업무시설(오피스텔11실),도시형생활주택(원룸형28세대),아파트(1세대)",424.1,249.95,1708.83,20150923,9,1,서울특별시 광진구 화양동 20-3번지
11215,10700,0,0020,0005,광진안틸리아,,표제부,업무시설,"업무시설(오피스텔 24호), 도시형생활주택단지형다세대(20세대)",400.5,233.72,1738.9,20200410,12,1,서울특별시 광진구 화양동 20-5번지
11215,10700,0,0020,0008,광진안틸리아,,표제부,업무시설,"업무시설(오피스텔24호),도시형생활주택단지형다세대(20세대)",403.3,233.72,1738.9,20200410,12,1,서울특별시 광진구 화양동 20-8번지
11215,10700,0,0020,0010,더하우스인,,표제부,업무시설,다세대주택 및 업무시설(오피스텔),332.6,176.85,1552.64,20181126,10,1,서울특별시 광진구 화양동 20-10번지
11215,10700,0,0020,0011,,,표제부,공동주택,공동주택-다세대주택(도시형생활주택:원룸형),135.44,79,374.8,20140306,6,0,서울특별시 광진구 화양동 20-11번지
11215,10700,0,0020,0013,,,일반건축물,단독주택,다가구주택(7가구),108.2,62.4,182.8,19921230,2,1,서울특별시 광진구 화양동 20-13번지
11215,10700,0,0020,0014,,,일반건축물,제2종근린생활시설,"제2종근린생활시설(고시원,사무소)",146.8,86.6,635.32,20110624,7,1,서울특별시 광진구 화양동 20-14번지
11215,10700,0,0020,0015,,,일반건축물,제2종근린생활시설,"제2종근린생활시설(사무소),단독주택",113.1,67.2,285.36,20120502,6,0,서울특별시 광진구 화양동 20-15번지
11215,10700,0,0020,0016,,,표제부,업무시설,"업무시설(오피스텔 8호),단독주택,근린생활시설",136.9,81.76,524.83,20210120,8,1,서울특별시 광진구 화양동 20-16번지
11215,10700,0,0020,0018,,,일반건축물,단독주택,다가구용단독주택(3가구),107.5,63.79,171.06,19930712,3,0,서울특별시 광진구 화양동 20-18번지
11215,10700,0,0020,0019,,,일반건축물,단독주택,"주택, 근린생활시설",0,74.71,130.15,19701023,2,1,서울특별시 광진구 화양동 20-19번지
11215,10700,0,0020,0020,,,표제부,제2종근린생활시설,"제2종근린생활시설,다세대주택(1세대),도시형생활주택(8세대)",165.9,94.12,739.75,20170113,8,1,서울특별시 광진구 화양동 20-20번지
11215,10700,0,0020,0021,,,일반건축물,단독주택,주택,116,68.76,246.15,19900504,3,1,서울특별시 광진구 화양동 20-21번지
11215,10700,0,0020,0022,,,일반건축물,단독주택,다가구용단독주택(19가구),355.7,206.8,659,19951027,3,1,서울특별시 광진구 화양동 20-22번지
11215,10700,0,0020,0023,화양빌딩,,일반건축물,제2종근린생활시설,"제1,2종근린생활시설",180.23,107.99,604.22,20100118,7,0,서울특별시 광진구 화양동 20-23번지
11215,10700,0,0020,0025,,,일반건축물,제2종근린생활시설,"근린생활시설, 사무실, 점포",0,223.58,904.35,19741220,4,1,서울특별시 광진구 화양동 20-25번지
11215,10700,0,0020,0026,,,일반건축물,단독주택,주택,0,132.72,252.75,19750218,2,1,서울특별시 광진구 화양동 20-26번지
11215,10700,0,0020,0027,,,표제부,공동주택,"근린생활시설, 다세대주택",321.7,174.54,988.84,19970327,5,1,서울특별시 광진구 화양동 20-27번지
11215,10700,0,0020,0028,파크빌,,표제부,공동주택,"공동주택(다세대주택-8세대), 근린생활시설",236.33,141.68,568.64,20250219,5,0,서울특별시 광진구 화양동 20-28번지
11215,10700,0,0020,0029,듀플랙스,,표제부,공동주택,공동주택(도시형생활주택단지형다세대),253.2,148.9,1073.21,20230824,10,1,서울특별시 광진구 화양동 20-29번지
11215,10700,0,0020,0030,,,표제부,제2종근린생활시설,"다세대주택(18세대),업무시설(오피스텔12호),근린생활시설",322.6,171.08,1369.77,20210330,10,1,서울특별시 광진구 화양동 20-30번지
11215,10700,0,0020,0031,,,일반건축물,숙박시설,"여관, 근린생활시설",0,110.74,518.66,19821220,4,1,서울특별시 광진구 화양동 20-31번지
11215,10700,0,0020,0032,,,일반건축물,숙박시설,"주택, 여관, 점포",0,107.33,295.82,19740719,3,1,서울특별시 광진구 화양동 20-32번지
11215,10700,0,0020,0033,,,표제부,공동주택,"공동주택(다세대주택-도시형생활주택-원룸형),오피스텔",174.3,104.43,581.2,20111130,7,0,서울특별시 광진구 화양동 20-33번지
11215,10700,0,0020,0035,드림빌,,표제부,제2종근린생활시설,"단독주택, 근린생활시설",135.8,81.42,493.01,20181024,8,0,서울특별시 광진구 화양동 20-35번지
11215,10700,0,0020,0037,,,일반건축물,단독주택,"다가구용단독주택(5가구), 근린생활시설",141,84.32,425.3,19940627,4,1,서울특별시 광진구 화양동 20-37번지
11215,10700,0,0020,0038,,,일반건축물,제2종근린생활시설,다가구단독주택(4가구) 및 제2종근린생활시설,147.8,88.58,511.74,20170120,7,0,서울특별시 광진구 화양동 20-38번지
11215,10700,0,0020,0042,,,일반건축물,제2종근린생활시설,근린생활시설,313.5,183.37,1119.81,20180117,8,0,서울특별시 광진구 화양동 20-42번지
11215,10700,0,0020,0047,,,일반건축물,제2종근린생활시설,"제1,2종근린생활시설",180.45,107.99,604.22,20100118,7,0,서울특별시 광진구 화양동 20-47번지
11215,10700,0,0021,0001,,,일반건축물,제2종근린생활시설,"근린생활시설, 사무실, 점포",0,248.26,983.78,19800929,3,1,서울특별시 광진구 화양동 21-1번지
11215,10700,0,0021,0002,브라운스톤 화양,,표제부,공동주택,"아파트,근린생활시설,업무시설",1306.66,773.18,14433.53,20061031,15,6,서울특별시 광진구 화양동 21-2번지
11215,10700,0,0021,0006,,,일반건축물,업무시설,업무시설,866.1,428.43,2578.51,19801119,5,1,서울특별시 광진구 화양동 21-6번지
11215,10700,0,0021,0020,광진캠퍼스시티,,표제부,업무시설,업무시설(오피스텔) 및 근린생활시설,1730,1037.728,17262.899,20170927,20,3,서울특별시 광진구 화양동 21-20번지
11215,10700,0,0021,0022,케이타워 오피스텔 B,,표제부,업무시설,"업무시설-오피스텔,제2종근린생활시설(일반음식점)",470.8,280.91,4290.5,20130426,18,2,서울특별시 광진구 화양동 21-22번지
11215,10700,0,0021,0023,케이타워 오피스텔 A,,표제부,업무시설,"업무시설(오피스텔),제2종근린생활시설(일반음식점)",468.8,277.76,3834.93,20130426,15,2,서울특별시 광진구 화양동 21-23번지
11215,10700,0,0021,0038,,,일반건축물,숙박시설,"주택, 근린생활시설, 여관",0,0,669.77,19730530,4,1,서울특별시 광진구 화양동 21-38번지
11215,10700,0,0021,0041,,,일반건축물,숙박시설,"여관, 근린생활시설",259.5,153.01,870.03,19831229,5,1,서울특별시 광진구 화양동 21-41번지
11215,10700,0,0021,0049,,,일반건축물,제1종근린생활시설,"점포, 사무실",472.4,231.66,979.7,19801110,4,1,서울특별시 광진구 화양동 21-49번지
11215,10700,0,0022,0005,화양동새마을금고,,일반건축물,제2종근린생활시설,근린생활시설,208.3,100.93,472.82,19891218,4,1,서울특별시 광진구 화양동 22-5번지
11215,10700,0,0023,0001,,,일반건축물,단독주택,단독주택,134.5,79.81,329.87,19831013,4,1,서울특별시 광진구 화양동 23-1번지
11215,10700,0,0023,0002,,,일반건축물,단독주택,"주택, 점포",0,66.28,129.82,19700516,2,0,서울특별시 광진구 화양동 23-2번지
11215,10700,0,0023,0003,,,일반건축물,숙박시설,숙박시설(호스텔),252.2,117.22,1086.54,20240103,10,1,서울특별시 광진구 화양동 23-3번지
11215,10700,0,0023,0005,더 메종 건대,,표제부,공동주택,"원룸형아파트(99세대), 주거용오피스텔(74호), 근린생활시설(9호)",751.96,447.92,6041.53,20220318,18,2,서울특별시 광진구 화양동 23-5번지
11215,10700,0,0023,0010,,,일반건축물,숙박시설,여관,0,62.35,205.33,19690820,3,1,서울특별시 광진구 화양동 23-10번지
11215,10700,0,0023,0011,,,일반건축물,단독주택,"주택, 점포",0,61.42,117.78,19691005,2,1,서울특별시 광진구 화양동 23-11번지
11215,10700,0,0023,0013,,,일반건축물,단독주택,"주택, 근린생활시설",0,60.36,120.72,19740711,2,0,서울특별시 광진구 화양동 23-13번지
11215,10700,0,0023,0014,,,일반건축물,단독주택,주택,0,52.48,106.12,19690820,2,1,서울특별시 광진구 화양동 23-14번지
11215,10700,0,0023,0015,HOTEL THE DESIGNERS,,일반건축물,숙박시설,"관광호텔(100실), 근린생활시설",594.9,319.23,4762.55,20171228,20,1,서울특별시 광진구 화양동 23-15번지
11215,10700,0,0023,0021,,,일반건축물,숙박시설,"여관, 근린생활시설",0,121.6,455.8,19830919,3,1,서울특별시 광진구 화양동 23-21번지
11215,10700,0,0023,0024,,,일반건축물,제1종근린생활시설,"근린생활시설, 주택",0,60.71,317.85,19890404,4,1,서울특별시 광진구 화양동 23-24번지
11215,10700,0,0023,0025,,,일반건축물,숙박시설,여관,0,64.46,135.73,19701130,2,1,서울특별시 광진구 화양동 23-25번지
11215,10700,0,0023,0026,,,일반건축물,단독주택,주택,0,66.52,137.34,19700713,2,1,서울특별시 광진구 화양동 23-26번지
11215,10700,0,0023,0027,,,일반건축물,단독주택,"근린생활시설, 주택",104.35,53.04,204,19910323,3,1,서울특별시 광진구 화양동 23-27번지
11215,10700,0,0023,0028,,,일반건축물,제1종근린생활시설,"점포, 사무실",0,141.36,424.08,19751121,2,1,서울특별시 광진구 화양동 23-28번지
11215,10700,0,0023,0030,,,일반건축물,제2종근린생활시설,근린생활시설(제조업),0,64.53,108.94,19691210,2,0,서울특별시 광진구 화양동 23-30번지
11215,10700,0,0023,0031,,,일반건축물,단독주택,주택,0,61.42,125.51,19691118,2,1,서울특별시 광진구 화양동 23-31번지
11215,10700,0,0023,0032,,,일반건축물,단독주택,주택,0,60.89,123.68,19700820,2,1,서울특별시 광진구 화양동 23-32번지
11215,10700,0,0023,0033,,,일반건축물,숙박시설,"주택, 여관",0,69.82,198.61,19710521,3,1,서울특별시 광진구 화양동 23-33번지
11215,10700,0,0023,0037,까사펠리즈 화양,,표제부,업무시설,"단지형다세대주택(19세대),업무시설(오피스텔31호),제1,2종근린생활시설(4호)",377.53,217.77,2079.54,20250804,12,1,서울특별시 광진구 화양동 23-37번지
11215,10700,0,0023,0038,,,일반건축물,단독주택,주택,0,80.54,161.76,19691125,2,1,서울특별시 광진구 화양동 23-38번지
11215,10700,0,0023,0039,,,일반건축물,단독주택,"주택, 점포",0,145.42,534.14,19700822,3,1,서울특별시 광진구 화양동 23-39번지
11215,10700,0,0023,0040,,,일반건축물,단독주택,"주택,점포",0,330.58,808.06,19701220,2,1,서울특별시 광진구 화양동 23-40번지
11215,10700,0,0023,0041,,,일반건축물,제1종근린생활시설,"근린생활시설, 주택",130.2,77.28,386.4,19911029,4,1,서울특별시 광진구 화양동 23-41번지
11215,10700,0,0023,0042,,,일반건축물,제1종근린생활시설,"근린생활시설, 주택",0,117.69,306.08,19700715,3,0,서울특별시 광진구 화양동 23-42번지
11215,10700,0,0024,0001,,,표제부,제1종근린생활시설,"점포, 사무실, 의원, 주택",0,288.56,1172.53,19770629,3,1,서울특별시 광진구 화양동 24-1번지
11215,10700,0,0024,0002,,,일반건축물,단독주택,"주택, 사무실, 점포",0,130.38,260.76,19740308,2,0,서울특별시 광진구 화양동 24-2번지
11215,10700,0,0024,0003,,,일반건축물,제1종근린생활시설,"근린생활시설, 주택",140.8,70.17,378.1,19920427,4,1,서울특별시 광진구 화양동 24-3번지
11215,10700,0,0024,0004,,,일반건축물,단독주택,주택,0,87.88,174.5,19711206,2,1,서울특별시 광진구 화양동 24-4번지
11215,10700,0,0024,0006,,,표제부,공동주택,"공동주택-다세대주택(도시형생활주택:원룸형),제2종근린생활시설(사무소)",236.7,118.12,632.13,20130726,6,1,서울특별시 광진구 화양동 24-6번지
11215,10700,0,0024,0009,,,일반건축물,단독주택,"주택, 근린생활시설",0,115.24,392.16,19871218,2,1,서울특별시 광진구 화양동 24-9번지
11215,10700,0,0024,0010,,,표제부,공동주택,다세대주택(10세대),361,137.7,659.7,19911119,4,1,서울특별시 광진구 화양동 24-10번지
11215,10700,0,0024,0011,,,일반건축물,제2종근린생활시설,"근린생활시설, 업무시설",892.9,379.21,1147.31,19791228,3,1,서울특별시 광진구 화양동 24-11번지
11215,10700,0,0024,0012,,,일반건축물,단독주택,주택,167.4,82.92,247.32,19890706,2,1,서울특별시 광진구 화양동 24-12번지
11215,10700,0,0024,0014,,,표제부,공동주택,다세대주택(10세대),350.1,160.23,658.76,19930922,4,1,서울특별시 광진구 화양동 24-14번지
11215,10700,0,0024,0015,H-AVENUE 호텔,,일반건축물,숙박시설,관광숙박시설(관광호텔),749.1,371.79,2978.11,20171204,8,2,서울특별시 광진구 화양동 24-15번지
11215,10700,0,0024,0017,동부참사랑병원,,일반건축물,의료시설,의료시설(요양병원),1007.6,477.44,3068.29,19721123,7,1,서울특별시 광진구 화양동 24-17번지
11215,10700,0,0024,0018,,.,일반건축물,단독주택,주택,0,56.19,170.67,19870708,2,1,서울특별시 광진구 화양동 24-18번지
11215,10700,0,0024,0019,,,일반건축물,단독주택,주택,0,63.36,185.88,19860611,2,1,서울특별시 광진구 화양동 24-19번지
11215,10700,0,0024,0021,,,일반건축물,단독주택,다가구주택,129.6,76.86,238.07,20020626,4,0,서울특별시 광진구 화양동 24-21번지
11215,10700,0,0024,0022,,,일반건축물,단독주택,주택,111.98,55.72,176.1,19880621,2,1,서울특별시 광진구 화양동 24-22번지
11215,10700,0,0024,0024,,,일반건축물,단독주택,주택,0,61.1,117.7,19700914,2,1,서울특별시 광진구 화양동 24-24번지
11215,10700,0,0024,0025,,,일반건축물,단독주택,단독주택,137.2,68.26,209.36,19890714,2,1,서울특별시 광진구 화양동 24-25번지
11215,10700,0,0024,0027,,,일반건축물,단독주택,주택,99.7,40.5,148.5,19881124,2,1,서울특별시 광진구 화양동 24-27번지
11215,10700,0,0024,0028,,,일반건축물,단독주택,다가구용단독주택(7가구),134.2,80.43,241.29,19910611,2,1,서울특별시 광진구 화양동 24-28번지
11215,10700,0,0024,0029,,,일반건축물,단독주택,단독주택,138.2,68.76,219.62,19820602,3,1,서울특별시 광진구 화양동 24-29번지
11215,10700,0,0024,0030,,,일반건축물,단독주택,"주택, 점포",0,70.74,182.14,19821222,3,1,서울특별시 광진구 화양동 24-30번지
11215,10700,0,0024,0031,,,일반건축물,단독주택,주택,0,96.25,191,19700319,2,1,서울특별시 광진구 화양동 24-31번지
11215,10700,0,0024,0034,,,일반건축물,제2종근린생활시설,제2종근린생활시설,134.2,67.02,333.22,20091022,5,0,서울특별시 광진구 화양동 24-34번지
11215,10700,0,0024,0035,,,일반건축물,제2종근린생활시설,근린생활시설,285.45,170.81,829.06,19741120,4,1,서울특별시 광진구 화양동 24-35번지
11215,10700,0,0024,0038,,,일반건축물,제2종근린생활시설,제2종근린생활시설(종교집회장),102.7,50.64,168.78,19880428,2,1,서울특별시 광진구 화양동 24-38번지
11215,10700,0,0024,0040,,,일반건축물,단독주택,단독주택,118.65,62.99,247.84,19900621,3,1,서울특별시 광진구 화양동 24-40번지
11215,10700,0,0024,0041,,,일반건축물,단독주택,주택,0,73.06,156.71,19730908,2,1,서울특별시 광진구 화양동 24-41번지
11215,10700,0,0024,0042,,,일반건축물,단독주택,주택,0,84.45,186.41,19730908,2,1,서울특별시 광진구 화양동 24-42번지
11215,10700,0,0024,0044,,,일반건축물,근린생활시설,"근린생활시설, 주택",314.1,156,761.47,19730908,4,1,서울특별시 광진구 화양동 24-44번지
11215,10700,0,0024,0045,,,일반건축물,단독주택,단독주택,167.5,82.92,247.32,19890626,2,1,서울특별시 광진구 화양동 24-45번지
11215,10700,0,0029,0010,스타파크빌,,일반건축물,제2종근린생활시설,"제2종근린생활시설,다가구주택",282,168.07,845.13,20101125,7,0,서울특별시 광진구 화양동 29-10번지
11215,10700,0,0029,0022,,,일반건축물,제2종근린생활시설,근린생활시설,0,70.41,196.69,19781222,2,1,서울특별시 광진구 화양동 29-22번지
11215,10700,0,0029,0024,,,일반건축물,단독주택,"제1,2종근린생활시설,단독주택(다가구주택 7가구)",212,126.62,817.3,20151120,7,1,서울특별시 광진구 화양동 29-24번지
11215,10700,0,0029,0025,DM7 화양,,표제부,업무시설,"업무시설(오피스텔-29호), 도시형생활주택(소형주택-24세대), 근린생활시설",354,211.73,1543.74,20250218,12,1,서울특별시 광진구 화양동 29-25번지
11215,10700,0,0029,0026,화양동 근생주택,,일반건축물,제2종근린생활시설,"제2종근린생활시설, 단독주택",172,102.61,593.39,20220907,7,1,서울특별시 광진구 화양동 29-26번지
11215,10700,0,0029,0029,,,일반건축물,단독주택,단독주택(다가구주택),185,97.59,236.43,19720801,2,1,서울특별시 광진구 화양동 29-29번지
11215,10700,0,0029,0033,,,일반건축물,단독주택,주택,0,91.87,207.51,19720801,2,1,서울특별시 광진구 화양동 29-33번지
11215,10700,0,0029,0034,,,일반건축물,단독주택,다가구용단독주택(13가구),218,127.53,410.27,19960601,3,1,서울특별시 광진구 화양동 29-34번지
11215,10700,0,0031,0001,,,일반건축물,제2종근린생활시설,"주택, 점포,제2종근린생활시설(일반음식점)",0,64.1,150.68,19700922,3,1,서울특별시 광진구 화양동 31-1번지
11215,10700,0,0031,0002,,,일반건축물,단독주택,다가구주택(9가구),190.7,114.06,418.55,19960628,3,1,서울특별시 광진구 화양동 31-2번지
11215,10700,0,0031,0003,초이재,,일반건축물,단독주택,"다가구주택(5가구), 제1종근린생활시설",202.6,120.69,395.9,20161212,4,0,서울특별시 광진구 화양동 31-3번지
11215,10700,0,0031,0004,,,일반건축물,제2종근린생활시설,"제2종근린생활시설, 단독주택",157.56,94.51,311.98,20100907,4,0,서울특별시 광진구 화양동 31-4번지
11215,10700,0,0031,0006,,,일반건축물,단독주택,단독주택(다가구 2),126,74.3,180.52,19691223,3,0,서울특별시 광진구 화양동 31-6번지
11215,10700,0,0031,0007,,,일반건축물,단독주택,"다가구용단독주택, 근린생활시설",79.09,53.88,172.48,19941230,3,1,서울특별시 광진구 화양동 31-7번지
11215,10700,0,0031,0008,,,일반건축물,단독주택,다가구용단독주택(8가구),170.47,101.88,374.42,19941228,3,1,서울특별시 광진구 화양동 31-8번지
11215,10700,0,0031,0010,,,일반건축물,제1종근린생활시설,"근린생활시설, 다가구주택(3가구)",101.77,59.04,247.14,19910705,3,1,서울특별시 광진구 화양동 31-10번지
11215,10700,0,0031,0011,,,일반건축물,단독주택,"근린생활시설, 주택",82.6,41,172.49,19880825,3,1,서울특별시 광진구 화양동 31-11번지
11215,10700,0,0031,0012,,,일반건축물,단독주택,다가구주택(7가구),139.24,83.06,286.1,19941223,3,1,서울특별시 광진구 화양동 31-12번지
11215,10700,0,0031,0013,,,일반건축물,단독주택,다가구주택(5가구),128.3,76.91,232.96,19920902,2,1,서울특별시 광진구 화양동 31-13번지
11215,10700,0,0031,0014,,,일반건축물,단독주택,단독주택,120.7,65.93,230.89,19850612,3,1,서울특별시 광진구 화양동 31-14번지
11215,10700,0,0031,0015,,,일반건축물,단독주택,주택,118.9,59.22,204.68,19880914,3,1,서울특별시 광진구 화양동 31-15번지
11215,10700,0,0031,0016,,,일반건축물,단독주택,단독주택,120.95,72,232.8,19910910,3,1,서울특별시 광진구 화양동 31-16번지
11215,10700,0,0031,0017,,,일반건축물,단독주택,단독주택(다가구주택),165,98.36,289.56,20021227,4,0,서울특별시 광진구 화양동 31-17번지
11215,10700,0,0031,0019,,,표제부,공동주택,"도시형생활주택(원룸형 9세대),다세대주택(1세대)",167.2,100.3,297.51,20150804,5,0,서울특별시 광진구 화양동 31-19번지
11215,10700,0,0031,0020,,,일반건축물,단독주택,단독주택,157.24,93.98,250.78,20081223,4,0,서울특별시 광진구 화양동 31-20번지
11215,10700,0,0031,0021,,,일반건축물,단독주택,다가구주택(5가구),90.9,54.46,147.87,19920731,2,1,서울특별시 광진구 화양동 31-21번지
11215,10700,0,0031,0022,,,일반건축물,단독주택,주택,0,36.72,110.79,19880411,2,1,서울특별시 광진구 화양동 31-22번지
11215,10700,0,0031,0023,,,일반건축물,단독주택,주택,0,46.08,137.34,19880516,2,1,서울특별시 광진구 화양동 31-23번지
11215,10700,0,0031,0024,,,일반건축물,단독주택,주택,0,44.7,139.05,19870916,2,1,서울특별시 광진구 화양동 31-24번지
11215,10700,0,0031,0025,,,일반건축물,단독주택,주택,0,44.23,131.97,19851217,2,1,서울특별시 광진구 화양동 31-25번지
11215,10700,0,0031,0027,,,일반건축물,단독주택,다가구용단독주택(8가구),167,99.76,390.12,19960918,3,1,서울특별시 광진구 화양동 31-27번지
11215,10700,0,0031,0029,,,일반건축물,단독주택,다가구주택(9가구),165.3,85.44,310.92,19901113,3,1,서울특별시 광진구 화양동 31-29번지
11215,10700,0,0031,0030,,,일반건축물,제2종근린생활시설,제2종근린생활시설(고시원),190.1,106.4,379.97,20101021,5,0,서울특별시 광진구 화양동 31-30번지
11215,10700,0,0031,0032,,,일반건축물,제2종근린생활시설,"제2종근린생활시설, 단독주택",165.3,97.94,329.18,20100903,5,0,서울특별시 광진구 화양동 31-32번지
11215,10700,0,0031,0033,,,표제부,공동주택,"도시형생활주택(원룸형 12세대),다세대주택(1세대)",171.9,102.34,342.92,20150805,5,0,서울특별시 광진구 화양동 31-33번지
11215,10700,0,0031,0034,,,일반건축물,단독주택,단독주택(다가구),164.94,98.47,305.6,20040126,4,0,서울특별시 광진구 화양동 31-34번지
11215,10700,0,0031,0035,,,일반건축물,단독주택,주택,0,54.86,172.36,19870608,2,1,서울특별시 광진구 화양동 31-35번지
11215,10700,0,0031,0036,,,일반건축물,단독주택,단독주택,109.1,60.79,209.27,19890605,3,1,서울특별시 광진구 화양동 31-36번지
11215,10700,0,0031,0037,,,일반건축물,단독주택,주택,0,63.9,136.34,19691122,2,1,서울특별시 광진구 화양동 31-37번지
11215,10700,0,0031,0038,,,일반건축물,단독주택,주택,125.6,62.68,230.94,19870502,3,1,서울특별시 광진구 화양동 31-38번지
11215,10700,0,0031,0039,,,일반건축물,단독주택,주택,158.3,78.98,243.38,19901114,2,1,서울특별시 광진구 화양동 31-39번지
11215,10700,0,0031,0041,,,일반건축물,단독주택,단독주택,145.1,72.13,216.54,19890711,2,1,서울특별시 광진구 화양동 31-41번지
11215,10700,0,0031,0043,,,표제부,공동주택,"공동주택(도시형생활주택-원룸형18세대), 다세대주택1세대",287.2,169.88,574.1,20130731,5,0,서울특별시 광진구 화양동 31-43번지
11215,10700,0,0031,0044,,,일반건축물,단독주택,다가구용단독주택(8가구),156,89.15,299.31,19940917,3,1,서울특별시 광진구 화양동 31-44번지
11215,10700,0,0031,0045,,,일반건축물,단독주택,단독주택,123.94,68.59,214.72,19870910,3,1,서울특별시 광진구 화양동 31-45번지
11215,10700,0,0031,0047,,,일반건축물,단독주택,다가구용단독주택(5가구),110.75,65.84,188.24,19940713,2,1,서울특별시 광진구 화양동 31-47번지
11215,10700,0,0031,0048,,,일반건축물,단독주택,다가구용단독주택(5가구),112.4,67.37,196.59,19940713,2,1,서울특별시 광진구 화양동 31-48번지
11215,10700,0,0031,0049,,,일반건축물,단독주택,단독주택(다가구주택),113.1,70.08,244.48,20120829,5,0,서울특별시 광진구 화양동 31-49번지
11215,10700,0,0031,0050,,,일반건축물,단독주택,다가구주택,137.62,81.54,282.56,19911204,3,1,서울특별시 광진구 화양동 31-50번지
11215,10700,0,0031,0051,,,일반건축물,단독주택,다가구주택,138.11,68.66,236.11,19891020,3,1,서울특별시 광진구 화양동 31-51번지
11215,10700,0,0031,0052,,,일반건축물,단독주택,다가구주택,144.1,72,284.3,19890819,3,1,서울특별시 광진구 화양동 31-52번지
11215,10700,0,0031,0053,,,일반건축물,단독주택,주택,0,77.22,249.18,19880705,2,1,서울특별시 광진구 화양동 31-53번지
11215,10700,0,0031,0054,,,일반건축물,단독주택,단독주택,159.7,78.84,236.52,19881024,2,1,서울특별시 광진구 화양동 31-54번지
11215,10700,0,0031,0057,,,일반건축물,단독주택,단독주택(다가구주택 9가구),161.7,96.36,329.72,20100909,5,0,서울특별시 광진구 화양동 31-57번지
11215,10700,0,0031,0058,,,일반건축물,단독주택,주택,0,86.1,249.5,19861211,2,1,서울특별시 광진구 화양동 31-58번지
11215,10700,0,0031,0059,,,일반건축물,단독주택,다가구용단독주택(7가구),188.1,112.62,402.42,19970926,3,1,서울특별시 광진구 화양동 31-59번지
11215,10700,0,0031,0060,,,일반건축물,단독주택,다가구용단독주택,180.2,106.99,431.49,20001124,3,1,서울특별시 광진구 화양동 31-60번지
11215,10700,0,0031,0062,,,일반건축물,단독주택,단독주택(다가구주택),168.73,101.1,337.24,20130823,5,0,서울특별시 광진구 화양동 31-62번지
11215,10700,0,0031,0064,,,표제부,공동주택,다세대주택-도시형생활주택(원룸형-다세대주택),180.8,113.03,381.71,20110707,4,0,서울특별시 광진구 화양동 31-64번지
11215,10700,0,0031,0066,,,일반건축물,단독주택,다가구용단독주택,157.77,93.9,277.38,20020708,3,0,서울특별시 광진구 화양동 31-66번지
11215,10700,0,0031,0069,,,일반건축물,단독주택,주택,0,40.35,132.85,19890217,2,1,서울특별시 광진구 화양동 31-69번지
11215,10700,0,0031,0070,,,일반건축물,단독주택,다가구주택(5가구),105.5,55.15,179.01,19920720,3,1,서울특별시 광진구 화양동 31-70번지
11215,10700,0,0031,0071,,,표제부,공동주택,공동주택,192.7,115.26,376.06,20080630,5,0,서울특별시 광진구 화양동 31-71번지
11215,10700,0,0031,0072,,,표제부,공동주택,공동주택,181.5,104.22,336.11,20020603,4,0,서울특별시 광진구 화양동 31-72번지
11215,10700,0,0032,0001,가중나무공원공중화장실,,일반건축물,제1종근린생활시설,공중화장실,971.6,14.88,14.88,19981205,1,0,서울특별시 광진구 화양동 32-1번지
11215,10700,0,0032,0002,,,표제부,공동주택,공동주택(도시형생활주택:원룸형 14세대) 외1,370.6,216.53,705.94,20160219,5,0,서울특별시 광진구 화양동 32-2번지
11215,10700,0,0032,0003,화송어린이집,,일반건축물,노유자시설,교육연구및복지시설,187.8,112.34,337.37,20050110,4,0,서울특별시 광진구 화양동 32-3번지
11215,10700,0,0032,0004,,,표제부,공동주택,"공동주택-다세대주택(도시형생활주택;원룸형), 제1종근린생활시설",188.4,111.86,444.81,20120927,5,0,서울특별시 광진구 화양동 32-4번지
11215,10700,0,0032,0005,,,일반건축물,단독주택,주택,0,75.11,136.26,19690810,2,1,서울특별시 광진구 화양동 32-5번지
11215,10700,0,0032,0006,,,일반건축물,단독주택,다가구주택,134.16,78.08,268.15,19880920,3,1,서울특별시 광진구 화양동 32-6번지
11215,10700,0,0032,0007,,,일반건축물,제1종근린생활시설,"근린생활시설, 주택(1가구)",264.1,157.72,883.44,19970331,5,1,서울특별시 광진구 화양동 32-7번지
11215,10700,0,0032,0009,,,표제부,공동주택,"제1종근린생활시설,공동주택(다세대15세대)",261.1,156.45,521.68,20150914,5,0,서울특별시 광진구 화양동 32-9번지
11215,10700,0,0032,0010,,,일반건축물,단독주택,주택,0,49.86,149.58,19870721,2,1,서울특별시 광진구 화양동 32-10번지
11215,10700,0,0032,0011,,,일반건축물,단독주택,주택,0,58.26,187.14,19870910,2,1,서울특별시 광진구 화양동 32-11번지
11215,10700,0,0032,0013,,,일반건축물,단독주택,"주택, 근린생활시설",0,93.15,383.04,19891020,3,1,서울특별시 광진구 화양동 32-13번지
11215,10700,0,0032,0014,,,일반건축물,단독주택,"단독주택(다가구주택),제2종근린생활시설(고시원)",193.7,116,387.02,20090323,5,0,서울특별시 광진구 화양동 32-14번지
11215,10700,0,0032,0015,,,일반건축물,단독주택,"주택, 근린생활시설",207.9,103.6,454.54,19870224,4,1,서울특별시 광진구 화양동 32-15번지
11215,10700,0,0032,0017,,,일반건축물,제2종근린생활시설,근린생활시설,0,162.25,324.5,19710710,2,0,서울특별시 광진구 화양동 32-17번지
11215,10700,0,0032,0018,,,일반건축물,제2종근린생활시설,"제2종근린생활시설(고시원),단독주택(다가구주택)",331.6,197.14,661.02,20110302,5,0,서울특별시 광진구 화양동 32-18번지
11215,10700,0,0032,0019,,,일반건축물,단독주택,"다가구주택, 제2종근린생활시설(고시원)",144.8,81.36,285.99,20100412,4,0,서울특별시 광진구 화양동 32-19번지
11215,10700,0,0032,0020,,,표제부,공동주택,"제2종근린생활시설,공동주택(다세대12세대)",210.9,126.02,421.72,20160411,5,0,서울특별시 광진구 화양동 32-20번지
11215,10700,0,0032,0021,,,일반건축물,단독주택,"주택, 주택",0,70.92,228.76,19890421,2,1,서울특별시 광진구 화양동 32-21번지
11215,10700,0,0032,0022,,,일반건축물,단독주택,단독주택,144.1,71.35,225.35,19890807,2,1,서울특별시 광진구 화양동 32-22번지
11215,10700,0,0032,0024,,,일반건축물,단독주택,다가구용단독주택(14가구),201.7,120.96,454.9,19960723,3,1,서울특별시 광진구 화양동 32-24번지
11215,10700,0,0032,0025,,,일반건축물,단독주택,주택,0,81.72,181.96,19740705,2,1,서울특별시 광진구 화양동 32-25번지
11215,10700,0,0032,0026,,,일반건축물,단독주택,단독주택,121,60.3,195.42,19891113,2,1,서울특별시 광진구 화양동 32-26번지
11215,10700,0,0032,0027,,,표제부,공동주택,공동주택(8세대),167.3,99.54,332.59,20080820,5,0,서울특별시 광진구 화양동 32-27번지
11215,10700,0,0032,0029,,,일반건축물,단독주택,"다가구주택(6가구),근린생활시설",143.1,85.74,285.99,20190521,5,0,서울특별시 광진구 화양동 32-29번지
11215,10700,0,0032,0030,,,일반건축물,단독주택,주택,0,75.54,91.18,19740624,1,1,서울특별시 광진구 화양동 32-30번지
11215,10700,0,0032,0031,,,일반건축물,단독주택,다가구주택(5가구),186.1,89.13,195.92,19920918,2,1,서울특별시 광진구 화양동 32-31번지
11215,10700,0,0032,0032,,,일반건축물,단독주택,"단독주택, 근린생활시설",154.4,92.15,388.24,19921012,4,1,서울특별시 광진구 화양동 32-32번지
11215,10700,0,0032,0033,,,일반건축물,단독주택,주택,121.7,54.91,164.73,19891020,2,1,서울특별시 광진구 화양동 32-33번지
11215,10700,0,0033,0001,,,일반건축물,단독주택,"제2종근린생활시설(학원,소매점),다가구주택",323,193.26,931.25,20020315,5,0,서울특별시 광진구 화양동 33-1번지
11215,10700,0,0033,0003,,,일반건축물,단독주택,"주택, 점포",0,102.15,141.13,19731019,2,0,서울특별시 광진구 화양동 33-3번지
11215,10700,0,0033,0005,,,표제부,공동주택,"다세대주택(10세대),근린생활시설",256.2,152.87,415.05,20200727,5,0,서울특별시 광진구 화양동 33-5번지
11215,10700,0,0033,0006,다온빌,,표제부,공동주택,"다세대주택(9세대),제2종근린생활시설",264.1,156.57,527.01,20160721,5,0,서울특별시 광진구 화양동 33-6번지
11215,10700,0,0033,0007,,,일반건축물,제2종근린생활시설,"근린생활시설, 주택",202.76,118.46,585.56,19960923,4,1,서울특별시 광진구 화양동 33-7번지
11215,10700,0,0033,0008,,,일반건축물,단독주택,단독주택,82.9,47.17,141.29,19911212,2,1,서울특별시 광진구 화양동 33-8번지
11215,10700,0,0033,0009,,,일반건축물,단독주택,단독주택,78.85,45.08,133.58,19911216,2,1,서울특별시 광진구 화양동 33-9번지
11215,10700,0,0033,0010,,,일반건축물,단독주택,다가구용단독주택(5가구),187.1,103.91,292.85,19971017,2,1,서울특별시 광진구 화양동 33-10번지
11215,10700,0,0033,0011,,,일반건축물,단독주택,"단독주택-다가구주택,제1종근린생활시설(소매점)",175.93,105.4,351.17,20130826,4,0,서울특별시 광진구 화양동 33-11번지
11215,10700,0,0033,0013,아띠랑스,,일반건축물,단독주택,"다가구주택(8가구),근린생활시설",157.08,94.18,313.69,20180802,5,0,서울특별시 광진구 화양동 33-13번지
11215,10700,0,0033,0014,,,일반건축물,단독주택,"다가구주택(8가구), 제1종근린생활시설",164.72,98.5,328.54,20160901,5,0,서울특별시 광진구 화양동 33-14번지
11215,10700,0,0033,0015,,,일반건축물,단독주택,"단독주택(다가구주택),제1종근린생활시설(소매점)",127.18,75.05,227.34,20101014,4,0,서울특별시 광진구 화양동 33-15번지
11215,10700,0,0033,0016,,,일반건축물,단독주택,다가구주택(10가구),159.4,92.85,255.09,19921105,3,1,서울특별시 광진구 화양동 33-16번지
11215,10700,0,0033,0017,,,일반건축물,단독주택,"단독주택(다가구주택), 제1종근린생활시설(한의원)",154.03,91.67,306.69,20140731,5,0,서울특별시 광진구 화양동 33-17번지
11215,10700,0,0033,0018,,,일반건축물,단독주택,다가구용단독주택(7가구),151.23,90.55,343.26,19940803,3,1,서울특별시 광진구 화양동 33-18번지
11215,10700,0,0033,0019,,,일반건축물,단독주택,주택,0,44.94,145.52,19880114,2,1,서울특별시 광진구 화양동 33-19번지
11215,10700,0,0033,0020,,,일반건축물,단독주택,"주택,근린생활시설",138.8,80.02,223.76,19780923,3,1,서울특별시 광진구 화양동 33-20번지
11215,10700,0,0033,0021,,,일반건축물,제1종근린생활시설,"근린생활시설, 주택",206.77,99.51,490.69,19910822,4,1,서울특별시 광진구 화양동 33-21번지
11215,10700,0,0033,0022,,,일반건축물,단독주택,"제2종근린생활시설, 단독주택(다가구 6가구)",159.07,95.3,312.13,20150914,5,0,서울특별시 광진구 화양동 33-22번지
11215,10700,0,0033,0023,휴심재,,표제부,공동주택,공동주택(다세대주택-11세대),192,113.01,372.64,20180814,5,0,서울특별시 광진구 화양동 33-23번지
11215,10700,0,0033,0024,,,일반건축물,노유자시설,"교육연구및복지시설,근린생활시설,주택",205.6,97.16,414.18,19851111,3,1,서울특별시 광진구 화양동 33-24번지
11215,10700,0,0033,0026,,,일반건축물,단독주택,"단독주택(다가구), 근린생활시설",170.2,101.98,356.76,20031212,4,0,서울특별시 광진구 화양동 33-26번지
11215,10700,0,0033,0027,,,일반건축물,단독주택,주택,141,70.05,210.15,19880824,2,1,서울특별시 광진구 화양동 33-27번지
11215,10700,0,0033,0028,,,일반건축물,단독주택,단독주택,129.6,64.53,200.28,19890909,2,1,서울특별시 광진구 화양동 33-28번지
11215,10700,0,0033,0029,,,일반건축물,제2종근린생활시설,"근린생활시설, 주택",181.45,106.92,528.18,19951109,4,1,서울특별시 광진구 화양동 33-29번지
11215,10700,0,0033,0030,,,일반건축물,제1종근린생활시설,"근린생활시설, 다가구용단독주택(3가구)",113.13,67.65,285.92,19951110,3,1,서울특별시 광진구 화양동 33-30번지
11215,10700,0,0033,0031,,,일반건축물,단독주택,주택,124,60.68,212.77,19860822,3,1,서울특별시 광진구 화양동 33-31번지
11215,10700,0,0033,0032,,,일반건축물,제2종근린생활시설,근린생활시설 및 다가구 주택(2가구),0,90.41,301.96,20030414,4,0,서울특별시 광진구 화양동 33-32번지
11215,10700,0,0033,0034,,,일반건축물,단독주택,"근린생활시설, 주택",292.99,145.4,779.6,19911127,4,1,서울특별시 광진구 화양동 33-34번지
11215,10700,0,0033,0036,.,,일반건축물,노유자시설,노유자시설(어린이집),142.1,66.71,131.87,19711225,2,1,서울특별시 광진구 화양동 33-36번지
11215,10700,0,0033,0037,,,일반건축물,단독주택,단독주택,141.5,84.58,258.6,19860709,3,1,서울특별시 광진구 화양동 33-37번지
11215,10700,0,0033,0038,,,일반건축물,단독주택,"주택, 점포",0,134.05,248.37,19700920,2,1,서울특별시 광진구 화양동 33-38번지
11215,10700,0,0033,0040,,,일반건축물,단독주택,"주택, 점포",0,76.13,144.3,19710605,2,0,서울특별시 광진구 화양동 33-40번지
11215,10700,0,0033,0040,,,일반건축물,단독주택,"주택, 근린생활시설",0,59.97,119.94,19740126,2,0,서울특별시 광진구 화양동 33-40번지
11215,10700,0,0033,0043,,,일반건축물,제2종근린생활시설,근린생활시설,178.8,102.02,225.63,19740130,2,1,서울특별시 광진구 화양동 33-43번지
11215,10700,0,0033,0045,,,일반건축물,단독주택,주택,103.1,51.3,170.1,19880116,2,1,서울특별시 광진구 화양동 33-45번지
11215,10700,0,0033,0046,,,일반건축물,단독주택,단독주택,100.8,52.65,177.69,19890701,3,1,서울특별시 광진구 화양동 33-46번지
11215,10700,0,0033,0047,,,일반건축물,단독주택,주택,0,57.2,177.8,19890626,2,1,서울특별시 광진구 화양동 33-47번지
11215,10700,0,0033,0049,,,일반건축물,단독주택,주택,0,77.76,163.71,19720601,2,1,서울특별시 광진구 화양동 33-49번지
11215,10700,0,0033,0050,,,일반건축물,단독주택,주택,0,51.84,157.68,19891101,2,1,서울특별시 광진구 화양동 33-50번지
11215,10700,0,0033,0051,,,일반건축물,단독주택,주택,103.8,55.45,200.49,19880116,3,1,서울특별시 광진구 화양동 33-51번지
11215,10700,0,0033,0052,,,일반건축물,단독주택,주택,0,44.94,145.52,19880201,2,1,서울특별시 광진구 화양동 33-52번지
11215,10700,0,0033,0053,,,일반건축물,단독주택,"단독주택,제2종근린생활시설",281,168.51,560.2,20090203,5,0,서울특별시 광진구 화양동 33-53번지
11215,10700,0,0033,0054,,,일반건축물,단독주택,단독주택(다가구주택),146.8,88.01,271.97,20070712,4,0,서울특별시 광진구 화양동 33-54번지
11215,10700,0,0033,0055,,,일반건축물,단독주택,다가구주택,139.8,83.28,140.13,19730708,2,1,서울특별시 광진구 화양동 33-55번지
11215,10700,0,0033,0056,,,일반건축물,단독주택,"주택, 점포",0,66.64,141.68,19711220,2,1,서울특별시 광진구 화양동 33-56번지
11215,10700,0,0033,0057,,,일반건축물,단독주택,"다가구주택(3가구),근린생활시설",145.45,87.12,283.1,20180803,4,0,서울특별시 광진구 화양동 33-57번지
11215,10700,0,0033,0058,,,일반건축물,단독주택,다가구주택(5가구),106.37,61.25,171.45,19920325,2,1,서울특별시 광진구 화양동 33-58번지
11215,10700,0,0033,0059,,,일반건축물,단독주택,단독주택,101.3,59.59,181.45,19920312,2,1,서울특별시 광진구 화양동 33-59번지
11215,10700,0,0033,0060,,,일반건축물,단독주택,다가구주택(4가구),98.05,58.47,162.77,19910709,2,1,서울특별시 광진구 화양동 33-60번지
11215,10700,0,0033,0061,,,일반건축물,단독주택,주택,97.05,48.24,144.72,19900130,2,1,서울특별시 광진구 화양동 33-61번지
11215,10700,0,0033,0062,,,일반건축물,단독주택,주택,0,44.88,148.71,19890506,2,1,서울특별시 광진구 화양동 33-62번지
11215,10700,0,0033,0063,,,일반건축물,단독주택,다가구주택(3가구),88.75,44.73,128.79,19910110,2,1,서울특별시 광진구 화양동 33-63번지
11215,10700,0,0033,0064,,,일반건축물,단독주택,단독주택,84.8,48.6,145.8,19910119,2,1,서울특별시 광진구 화양동 33-64번지
11215,10700,0,0033,0065,,,일반건축물,단독주택,다가구용단독주택(3가구),85.64,51.08,143.79,19920907,2,1,서울특별시 광진구 화양동 33-65번지
11215,10700,0,0033,0066,선 하우스,,일반건축물,단독주택,다가구단독주택(4가구) 및 제2종근린생활시설,87.2,52.08,150.33,20170314,4,0,서울특별시 광진구 화양동 33-66번지
11215,10700,0,0033,0068,,,일반건축물,단독주택,주택,135.8,66.69,205.83,19881110,2,1,서울특별시 광진구 화양동 33-68번지
11215,10700,0,0034,0001,,,일반건축물,단독주택,"주택, 근린생활시설",216.5,108.2,492.25,19931214,4,1,서울특별시 광진구 화양동 34-1번지
11215,10700,0,0034,0002,,,일반건축물,단독주택,"주택, 점포",169.3,96.19,226.63,19771002,3,0,서울특별시 광진구 화양동 34-2번지
11215,10700,0,0034,0003,,,일반건축물,제1종근린생활시설,"근린생활시설, 다가구주택(2가구)",131.43,77.06,297.81,19970805,3,1,서울특별시 광진구 화양동 34-3번지
11215,10700,0,0034,0004,,,일반건축물,제1종근린생활시설,"근린생활시설, 주택",422.1,242.71,903.71,19981022,4,1,서울특별시 광진구 화양동 34-4번지
11215,10700,0,0034,0005,,,일반건축물,제1종근린생활시설,"근린생활시설, 주택",0,48.6,180.9,19870921,3,1,서울특별시 광진구 화양동 34-5번지
11215,10700,0,0034,0006,,,일반건축물,단독주택,주택,0,55.8,82.58,19701001,2,0,서울특별시 광진구 화양동 34-6번지
11215,10700,0,0034,0008,,,일반건축물,단독주택,주택,0,59.11,120.59,19701001,2,1,서울특별시 광진구 화양동 34-8번지
11215,10700,0,0034,0009,화양동 34-9,,일반건축물,단독주택,다가구용단독주택(2가구),82.82,49.65,148.95,19941230,2,1,서울특별시 광진구 화양동 34-9번지
11215,10700,0,0034,0010,,,일반건축물,제1종근린생활시설,근린생활시설,107.8,81.16,211.87,19701001,3,0,서울특별시 광진구 화양동 34-10번지
11215,10700,0,0034,0011,,,일반건축물,단독주택,"주택, 점포",0,202.19,539.44,19730510,3,1,서울특별시 광진구 화양동 34-11번지
11215,10700,0,0034,0012,,,일반건축물,단독주택,단독주택,0,86.25,385.92,19880620,3,1,서울특별시 광진구 화양동 34-12번지
11215,10700,0,0034,0013,,,일반건축물,단독주택,단독주택,0,101.4,447.42,19890220,3,1,서울특별시 광진구 화양동 34-13번지
11215,10700,0,0034,0015,,,일반건축물,단독주택,주택,148.2,82.47,304.52,19851018,3,1,서울특별시 광진구 화양동 34-15번지
11215,10700,0,0034,0016,,,일반건축물,단독주택,주택,73.48,45.78,161.07,19920304,3,1,서울특별시 광진구 화양동 34-16번지
11215,10700,0,0034,0017,,,일반건축물,단독주택,주택,0,52.2,102.92,19700920,2,1,서울특별시 광진구 화양동 34-17번지
11215,10700,0,0034,0019,,,일반건축물,단독주택,다가구주택,159.7,95.17,270.19,19871211,3,1,서울특별시 광진구 화양동 34-19번지
11215,10700,0,0034,0020,화양동 34-20,,일반건축물,단독주택,다가구주택(2가구) 및 근린생활시설(사무소),161.76,88.27,278.15,19871202,3,1,서울특별시 광진구 화양동 34-20번지
11215,10700,0,0034,0021,,,일반건축물,단독주택,다가구주택,197.45,106.54,272.09,19870107,3,1,서울특별시 광진구 화양동 34-21번지
11215,10700,0,0034,0024,,,일반건축물,단독주택,주택,0,61.8,185.4,19880223,2,1,서울특별시 광진구 화양동 34-24번지
11215,10700,0,0034,0025,,,일반건축물,단독주택,주택,0,44.7,143.45,19870218,2,1,서울특별시 광진구 화양동 34-25번지
11215,10700,0,0034,0026,,,일반건축물,단독주택,주택,0,55.54,182.72,19870218,2,1,서울특별시 광진구 화양동 34-26번지
11215,10700,0,0034,0027,,,일반건축물,단독주택,"다가구주택, 근린생활시설",0,48.3,144.9,19880222,2,1,서울특별시 광진구 화양동 34-27번지
11215,10700,0,0034,0028,,,일반건축물,단독주택,주택,103.19,50.46,157.74,19880226,2,1,서울특별시 광진구 화양동 34-28번지
11215,10700,0,0034,0029,,,일반건축물,단독주택,주택,0,54.66,170.82,19880226,2,1,서울특별시 광진구 화양동 34-29번지
11215,10700,0,0034,0031,,,일반건축물,단독주택,주택,110.7,53.73,210.64,19880223,3,1,서울특별시 광진구 화양동 34-31번지
11215,10700,0,0034,0032,,,일반건축물,단독주택,주택,115.76,56.43,174.87,19880223,2,1,서울특별시 광진구 화양동 34-32번지
11215,10700,0,0034,0033,,,일반건축물,단독주택,다가구용단독주택(8가구),210.68,126.36,505.44,19960828,3,1,서울특별시 광진구 화양동 34-33번지
11215,10700,0,0034,0034,,,일반건축물,단독주택,단독주택,91.2,54.46,96.23,19730330,2,0,서울특별시 광진구 화양동 34-34번지
11215,10700,0,0034,0035,,,표제부,공동주택,다세대주택(13세대),180.6,108.08,422.8,20060721,5,0,서울특별시 광진구 화양동 34-35번지
11215,10700,0,0034,0036,,,일반건축물,단독주택,다가구용단독주택,186.19,106.84,402.97,19930910,3,1,서울특별시 광진구 화양동 34-36번지
11215,10700,0,0034,0037,,,일반건축물,단독주택,주택,139.98,69.84,214.38,19881201,2,1,서울특별시 광진구 화양동 34-37번지
11215,10700,0,0034,0038,,,일반건축물,단독주택,주택,0,86.58,157.66,19680814,2,0,서울특별시 광진구 화양동 34-38번지
11215,10700,0,0034,0039,,,일반건축물,단독주택,단독주택,143.8,78.57,203.69,19680814,3,0,서울특별시 광진구 화양동 34-39번지
11215,10700,0,0034,0040,.,,일반건축물,단독주택,단독주택(다가구 6) 외1,144.5,84,288.83,20160330,5,0,서울특별시 광진구 화양동 34-40번지
11215,10700,0,0034,0041,,,일반건축물,단독주택,주택,0,75.24,250.64,19830530,3,1,서울특별시 광진구 화양동 34-41번지
11215,10700,0,0034,0043,,,일반건축물,단독주택,"주택, 근린생활시설",0,74.1,326.04,19870708,3,1,서울특별시 광진구 화양동 34-43번지
11215,10700,0,0034,0044,,,표제부,공동주택,공동주택,153.4,90.22,270.6,20091028,4,0,서울특별시 광진구 화양동 34-44번지
11215,10700,0,0034,0045,,,일반건축물,단독주택,다가구주택,151.1,75.45,276.89,19861113,3,1,서울특별시 광진구 화양동 34-45번지
11215,10700,0,0034,0046,,,일반건축물,단독주택,주택,0,73.8,221.4,19860730,2,1,서울특별시 광진구 화양동 34-46번지
11215,10700,0,0034,0047,,,일반건축물,단독주택,다가구주택,149.7,77.18,290.43,19870710,3,1,서울특별시 광진구 화양동 34-47번지
11215,10700,0,0034,0048,,,일반건축물,제2종근린생활시설,"다가구주택, 근린생활시설",324,160.32,868.93,19921112,5,1,서울특별시 광진구 화양동 34-48번지
11215,10700,0,0034,0049,,,일반건축물,단독주택,주택,0,60.2,115.72,19711027,2,1,서울특별시 광진구 화양동 34-49번지
11215,10700,0,0034,0050,,,일반건축물,단독주택,다가구용주택(5가구),108.11,64.84,176.25,19951228,2,1,서울특별시 광진구 화양동 34-50번지
11215,10700,0,0034,0051,,,일반건축물,단독주택,단독주택,117.76,69.97,233.89,19890623,3,1,서울특별시 광진구 화양동 34-51번지
11215,10700,0,0034,0054,,,일반건축물,단독주택,다가구용단독주택(5가구),89.06,53.98,149.82,19940912,2,1,서울특별시 광진구 화양동 34-54번지
11215,10700,0,0034,0055,,,일반건축물,단독주택,주택,91.2,54.05,106.06,19711225,2,1,서울특별시 광진구 화양동 34-55번지
11215,10700,0,0034,0057,,,일반건축물,단독주택,"다가구주택,근린생활시설",332.9,164.35,965.43,19930928,5,1,서울특별시 광진구 화양동 34-57번지
11215,10700,0,0034,0058,,,일반건축물,단독주택,"다가구주택(12가구), 제2종근린생활시설",208.83,99.81,412.55,20160906,6,0,서울특별시 광진구 화양동 34-58번지
11215,10700,0,0034,0060,,,일반건축물,단독주택,단독주택,121.37,60.57,191.22,19890720,2,1,서울특별시 광진구 화양동 34-60번지
11215,10700,0,0034,0061,,,일반건축물,단독주택,주택,0,63.7,126.66,19730820,2,1,서울특별시 광진구 화양동 34-61번지
11215,10700,0,0034,0062,,,일반건축물,단독주택,단독주택,0,46.27,153.74,19890324,2,1,서울특별시 광진구 화양동 34-62번지
11215,10700,0,0034,0063,,,일반건축물,단독주택,단독주택,0,44.58,133.74,19870817,2,1,서울특별시 광진구 화양동 34-63번지
11215,10700,0,0034,0064,,,일반건축물,단독주택,"제2종근린생활시설,단독주택(다가구4가구)",99.3,59.02,161.66,20160201,4,0,서울특별시 광진구 화양동 34-64번지
11215,10700,0,0034,0066,,,일반건축물,단독주택,단독주택,112.4,66.78,137.33,19771008,2,1,서울특별시 광진구 화양동 34-66번지
11215,10700,0,0034,0067,,,일반건축물,단독주택,"주택,근린생활시설",114.4,69.42,173.55,19770928,3,1,서울특별시 광진구 화양동 34-67번지
11215,10700,0,0034,0068,,,일반건축물,단독주택,"근린생활시설, 단독주택",115,68.88,199.09,20221213,4,0,서울특별시 광진구 화양동 34-68번지
11215,10700,0,0034,0069,,,일반건축물,단독주택,주택,0,64.46,151.84,19771021,2,1,서울특별시 광진구 화양동 34-69번지
11215,10700,0,0034,0070,영일빌딩,,일반건축물,단독주택,"근린생활시설, 다가구주택",169.3,97.5,441.92,20030705,5,0,서울특별시 광진구 화양동 34-70번지
11215,10700,0,0034,0072,,,일반건축물,제1종근린생활시설,제1종근린생활시설(소매점),156.4,79.87,164.76,19750723,2,1,서울특별시 광진구 화양동 34-72번지
11215,10700,0,0034,0073,,,일반건축물,제1종근린생활시설,"주택, 점포",0,101.95,193.01,19730720,2,1,서울특별시 광진구 화양동 34-73번지
11215,10700,0,0034,0074,,,일반건축물,단독주택,"다가구용단독주택, 근린생활시설",334.9,198.55,977.44,20011212,5,0,서울특별시 광진구 화양동 34-74번지
11215,10700,0,0034,0075,,,일반건축물,제2종근린생활시설,제2종근린생활시설,209.6,124.14,417.73,20080929,4,0,서울특별시 광진구 화양동 34-75번지
11215,10700,0,0034,0077,,,일반건축물,단독주택,단독주택,166,99.38,277.04,20080717,4,0,서울특별시 광진구 화양동 34-77번지
11215,10700,0,0034,0079,,,일반건축물,단독주택,다가구주택,165.6,93.73,293.17,19930729,3,1,서울특별시 광진구 화양동 34-79번지
11215,10700,0,0034,0080,,,표제부,공동주택,"공동주택,다세대주택",165.6,97.49,384.46,20031018,5,0,서울특별시 광진구 화양동 34-80번지
11215,10700,0,0034,0081,영일빌딩,,일반건축물,제2종근린생활시설,"근린생활시설, 단독주택",165.5,95.88,466.54,20020627,5,0,서울특별시 광진구 화양동 34-81번지
11215,10700,0,0035,0001,,,일반건축물,제1종근린생활시설,"주택, 근린생활시설",160.7,80.04,442.02,19920831,4,1,서울특별시 광진구 화양동 35-1번지
11215,10700,0,0035,0002,,,일반건축물,제1종근린생활시설,"주택, 근린생활시설",173.2,86.12,381.64,19920702,3,1,서울특별시 광진구 화양동 35-2번지
11215,10700,0,0035,0003,,,일반건축물,단독주택,주택,143.1,70.92,230.49,19880824,2,1,서울특별시 광진구 화양동 35-3번지
11215,10700,0,0035,0005,,,일반건축물,단독주택,다가구주택(5가구),110.1,66.01,184.77,19921212,2,1,서울특별시 광진구 화양동 35-5번지
11215,10700,0,0035,0006,,,일반건축물,단독주택,단독주택,100.55,50.22,148.77,19900709,2,1,서울특별시 광진구 화양동 35-6번지
11215,10700,0,0035,0007,,,일반건축물,단독주택,다가구용단독주택(8가구),167.4,167.4,356.73,19950624,3,1,서울특별시 광진구 화양동 35-7번지
11215,10700,0,0035,0008,,,일반건축물,단독주택,"다가구주택, 근린생활시설",247.9,147,451.22,20170728,4,0,서울특별시 광진구 화양동 35-8번지
11215,10700,0,0035,0010,,,일반건축물,단독주택,주택,0,59.52,185.66,19881114,2,1,서울특별시 광진구 화양동 35-10번지
11215,10700,0,0035,0011,,,일반건축물,단독주택,다가구주택,119.3,57.06,207.3,19890922,3,1,서울특별시 광진구 화양동 35-11번지
11215,10700,0,0035,0013,,,일반건축물,단독주택,주택,89.78,59.8,193.65,19920915,3,1,서울특별시 광진구 화양동 35-13번지
11215,10700,0,0035,0014,,,일반건축물,단독주택,다가구용단독주택(5가구),88.75,53.9,182.87,19931018,3,1,서울특별시 광진구 화양동 35-14번지
11215,10700,0,0035,0015,,,일반건축물,단독주택,단독주택,88.32,50.6,148.63,19910801,2,1,서울특별시 광진구 화양동 35-15번지
11215,10700,0,0035,0016,,,일반건축물,단독주택,"단독주택, 근린생활시설",0,56.6,236.24,19861201,3,1,서울특별시 광진구 화양동 35-16번지
11215,10700,0,0035,0017,,,일반건축물,단독주택,"단독주택, 근린생활시설",118.7,70.92,311.74,19970530,4,1,서울특별시 광진구 화양동 35-17번지
11215,10700,0,0035,0018,,,일반건축물,단독주택,단독주택,104.15,61.56,165.24,19920915,2,1,서울특별시 광진구 화양동 35-18번지
11215,10700,0,0035,0019,,,일반건축물,단독주택,단독주택(다가구),109.8,60.19,187.56,19920915,3,1,서울특별시 광진구 화양동 35-19번지
11215,10700,0,0035,0020,,,일반건축물,단독주택,단독주택,103.55,66,236.82,19900709,3,1,서울특별시 광진구 화양동 35-20번지
11215,10700,0,0035,0021,,,일반건축물,단독주택,다가구주택(5가구),111.8,64.08,199.92,19900928,2,1,서울특별시 광진구 화양동 35-21번지
11215,10700,0,0035,0022,,,일반건축물,단독주택,주택,128.25,75.75,270.33,19871207,3,1,서울특별시 광진구 화양동 35-22번지
11215,10700,0,0035,0023,,,일반건축물,단독주택,단독주택,136.2,81.42,257.14,19970326,3,1,서울특별시 광진구 화양동 35-23번지
11215,10700,0,0035,0024,,,일반건축물,단독주택,"근린생활시설, 주택",0,76.46,351.32,19880318,3,1,서울특별시 광진구 화양동 35-24번지
11215,10700,0,0035,0026,,,일반건축물,단독주택,단독주택(다가구주택),113.34,67.41,226.18,20100406,4,0,서울특별시 광진구 화양동 35-26번지
11215,10700,0,0035,0027,,,일반건축물,단독주택,주택,0,73.96,154.18,19731026,2,1,서울특별시 광진구 화양동 35-27번지
11215,10700,0,0035,0028,,,일반건축물,단독주택,단독주택,120,70.74,233.99,19920624,3,1,서울특별시 광진구 화양동 35-28번지
11215,10700,0,0035,0029,,,일반건축물,단독주택,"근린생활시설, 주택",151.4,88.86,355.44,19910917,3,1,서울특별시 광진구 화양동 35-29번지
11215,10700,0,0035,0030,,,일반건축물,단독주택,"근린생활시설, 다가구용단독주택(3가구)",127.4,76.24,304.96,19910810,3,1,서울특별시 광진구 화양동 35-30번지
11215,10700,0,0035,0031,,,일반건축물,단독주택,다가구용단독주택(5가구),90.82,54.48,145.84,19940912,2,1,서울특별시 광진구 화양동 35-31번지
11215,10700,0,0035,0032,,,일반건축물,단독주택,다가구용단독주택(5가구),91.38,54.81,146.25,19940913,2,1,서울특별시 광진구 화양동 35-32번지
11215,10700,0,0035,0033,,,일반건축물,단독주택,주택,0,40.92,142.77,19880712,2,1,서울특별시 광진구 화양동 35-33번지
11215,10700,0,0035,0034,리치 하우스,,일반건축물,단독주택,다가구용단독주택(3가구) 및 제2종근린생활시설,102.19,61.06,163.28,20170217,4,0,서울특별시 광진구 화양동 35-34번지
11215,10700,0,0035,0035,,,일반건축물,단독주택,다가구주택,102.36,61.37,147.62,19930427,2,1,서울특별시 광진구 화양동 35-35번지
11215,10700,0,0035,0036,,,일반건축물,단독주택,다가구용단독주택(5가구),99.33,56.99,149.91,19930927,2,1,서울특별시 광진구 화양동 35-36번지
11215,10700,0,0035,0037,,,일반건축물,단독주택,주택,0,59.67,118.68,19730824,2,1,서울특별시 광진구 화양동 35-37번지
11215,10700,0,0035,0038,,,일반건축물,단독주택,단독주택,95.15,56.24,175.65,19910909,2,1,서울특별시 광진구 화양동 35-38번지
11215,10700,0,0035,0039,,,일반건축물,단독주택,단독주택,95.15,56.24,174.02,19910911,2,1,서울특별시 광진구 화양동 35-39번지
11215,10700,0,0035,0040,,,일반건축물,단독주택,다가구주택외 1,135.28,80.37,288.54,20040923,4,0,서울특별시 광진구 화양동 35-40번지
11215,10700,0,0035,0042,,,일반건축물,단독주택,다가구용단독주택(6가구),156.4,93.81,271.92,19920704,3,1,서울특별시 광진구 화양동 35-42번지
11215,10700,0,0035,0043,,,일반건축물,단독주택,단독주택,144.5,71.95,219.15,19890602,2,1,서울특별시 광진구 화양동 35-43번지
11215,10700,0,0035,0045,,,일반건축물,단독주택,다가구주택(5가구),120,60.78,187.04,19930120,2,1,서울특별시 광진구 화양동 35-45번지
11215,10700,0,0035,0046,,,표제부,공동주택,"공동주택(도시형생활주택-원룸형,다세대)",146.4,87.36,286.32,20110601,5,0,서울특별시 광진구 화양동 35-46번지
11215,10700,0,0035,0047,,,일반건축물,단독주택,주택,0,88.77,281.73,19881209,2,1,서울특별시 광진구 화양동 35-47번지
11215,10700,0,0035,0049,,,일반건축물,단독주택,단독주택,112.4,55.89,180.45,19890526,2,1,서울특별시 광진구 화양동 35-49번지
11215,10700,0,0035,0050,,,일반건축물,단독주택,주택,99.2,49.35,159.28,19901201,2,1,서울특별시 광진구 화양동 35-50번지
11215,10700,0,0035,0051,,,일반건축물,단독주택,다가구주택(5가구),97.9,55.11,170.03,19910617,2,1,서울특별시 광진구 화양동 35-51번지
11215,10700,0,0035,0052,,,일반건축물,단독주택,다가구주택(5가구),92.2,50.44,157.19,19901229,2,1,서울특별시 광진구 화양동 35-52번지
11215,10700,0,0035,0053,,,일반건축물,단독주택,단독주택,114.4,56.96,189.31,19880812,3,1,서울특별시 광진구 화양동 35-53번지
11215,10700,0,0035,0055,,,표제부,공동주택,공동주택,148.8,89.1,367.87,20100906,6,0,서울특별시 광진구 화양동 35-55번지
11215,10700,0,0035,0056,,,일반건축물,단독주택,"다가구주택(7가구),근린생활시설(1호)",148.8,88.07,296.75,20210831,5,0,서울특별시 광진구 화양동 35-56번지
11215,10700,0,0035,0057,,,일반건축물,단독주택,주택,0,74.16,247.49,19881130,2,1,서울특별시 광진구 화양동 35-57번지
11215,10700,0,0035,0058,,,일반건축물,단독주택,다가구용단독주택(8가구),148.8,83.46,329.52,19910903,3,1,서울특별시 광진구 화양동 35-58번지
11215,10700,0,0035,0059,,,일반건축물,제2종근린생활시설,근린생활시설,157.4,93.73,455.83,20000922,5,0,서울특별시 광진구 화양동 35-59번지
11215,10700,0,0035,0060,,,일반건축물,제1종근린생활시설,"주택, 근린생활시설",156.7,93.18,475.18,19940524,5,1,서울특별시 광진구 화양동 35-60번지
11215,10700,0,0035,0061,,,일반건축물,단독주택,다가구용단독주택(7가구),124.3,73.89,281.71,19950929,4,1,서울특별시 광진구 화양동 35-61번지
11215,10700,0,0035,0062,,,일반건축물,단독주택,주택,124.3,68.25,212.13,19901208,2,1,서울특별시 광진구 화양동 35-62번지
11215,10700,0,0035,0063,,,일반건축물,단독주택,단독주택,124.3,68.25,254.97,19900928,3,1,서울특별시 광진구 화양동 35-63번지
11215,10700,0,0035,0064,,,일반건축물,단독주택,단독주택,124,71.04,212.97,19901229,3,1,서울특별시 광진구 화양동 35-64번지
11215,10700,0,0035,0065,,,일반건축물,단독주택,다가구용단독주택(5가구),124,74.34,228.47,19931207,3,1,서울특별시 광진구 화양동 35-65번지
11215,10700,0,0035,0066,,,표제부,공동주택,다세대주택(8세대),160,74.86,353,19930921,4,1,서울특별시 광진구 화양동 35-66번지
11215,10700,0,0035,0067,,,표제부,공동주택,공동주택(다세대주택),138.8,82.86,269.03,20060726,5,0,서울특별시 광진구 화양동 35-67번지
11215,10700,0,0035,0068,,,표제부,공동주택,공동주택-다세대주택(도시형생활주택-원룸형),107.4,61.1,258.13,20120328,6,0,서울특별시 광진구 화양동 35-68번지
11215,10700,0,0035,0069,,,일반건축물,단독주택,주택,107.4,56.57,224.69,19880806,3,1,서울특별시 광진구 화양동 35-69번지
11215,10700,0,0035,0070,,,일반건축물,단독주택,다가구용단독주택(5가구),107.4,64.37,220.36,19940512,3,1,서울특별시 광진구 화양동 35-70번지
11215,10700,0,0035,0071,,,일반건축물,단독주택,다가구용단독주택(5가구),107.4,64.26,187.74,19950526,2,1,서울특별시 광진구 화양동 35-71번지
11215,10700,0,0035,0072,,,일반건축물,단독주택,다가구용단독주택(5가구),107.4,64.62,193.26,19930913,2,1,서울특별시 광진구 화양동 35-72번지
11215,10700,0,0035,0073,,,일반건축물,단독주택,다가구용단독주택(9가구),136.8,81.84,327.36,19940117,3,1,서울특별시 광진구 화양동 35-73번지
11215,10700,0,0036,0001,,,일반건축물,단독주택,"다가구용단독주택, 근린생활시설",151.1,90.47,405.53,20020109,5,0,서울특별시 광진구 화양동 36-1번지
11215,10700,0,0036,0002,,,일반건축물,단독주택,"다가구주택(5가구),근린생활시설",159.7,95.16,319.27,20200716,5,0,서울특별시 광진구 화양동 36-2번지
11215,10700,0,0036,0003,,,표제부,공동주택,공동주택,158,94.51,374.01,20010926,4,0,서울특별시 광진구 화양동 36-3번지
11215,10700,0,0036,0004,,,표제부,공동주택,공동주택,160.81,94.78,330.49,20091228,5,0,서울특별시 광진구 화양동 36-4번지
11215,10700,0,0036,0006,,,일반건축물,단독주택,단독주택(다가구주택),156.4,93.57,275.49,20021210,4,0,서울특별시 광진구 화양동 36-6번지
11215,10700,0,0036,0007,,,일반건축물,단독주택,다가구주택,150.1,85.42,280.79,19980506,3,1,서울특별시 광진구 화양동 36-7번지
11215,10700,0,0036,0008,,,일반건축물,단독주택,주택,147.24,73.44,228.12,19890904,2,1,서울특별시 광진구 화양동 36-8번지
11215,10700,0,0036,0011,,,일반건축물,단독주택,"단독주택,제2종근린생활시설",167.9,99.72,334.86,20090911,5,0,서울특별시 광진구 화양동 36-11번지
11215,10700,0,0036,0014,,,일반건축물,단독주택,단독주택,152.4,76.05,237.6,19900728,2,1,서울특별시 광진구 화양동 36-14번지
11215,10700,0,0036,0015,,,일반건축물,단독주택,"다가구주택, 근린생활시설",143.25,85.56,284.73,20170809,5,0,서울특별시 광진구 화양동 36-15번지
11215,10700,0,0036,0016,,,일반건축물,단독주택,단독주택,98.5,54.3,164.64,19900928,2,1,서울특별시 광진구 화양동 36-16번지
11215,10700,0,0036,0017,,,표제부,공동주택,공동주택(다세대주택),176.9,105.72,366.28,20050711,5,0,서울특별시 광진구 화양동 36-17번지
11215,10700,0,0036,0019,,,일반건축물,단독주택,단독주택(다가구주택),195.4,116.48,390.26,20110727,5,0,서울특별시 광진구 화양동 36-19번지
11215,10700,0,0036,0020,미래타운빌라,,표제부,공동주택,다세대주택,441.3,176.9,648,20010319,4,0,서울특별시 광진구 화양동 36-20번지
11215,10700,0,0036,0021,,,일반건축물,단독주택,다가구주택(6가구),113.4,67.87,226.74,19950624,3,1,서울특별시 광진구 화양동 36-21번지
11215,10700,0,0036,0022,더 하임,,표제부,공동주택,도시형생활주택(단지형다세대주택),257.8,154.08,491.62,20260519,5,0,서울특별시 광진구 화양동 36-22번지
11215,10700,0,0036,0023,,,일반건축물,단독주택,주택,0,78.19,241.32,19880805,2,1,서울특별시 광진구 화양동 36-23번지
11215,10700,0,0036,0024,,,일반건축물,단독주택,다가구용단독주택(8가구),167.9,100.48,393.01,19951214,3,1,서울특별시 광진구 화양동 36-24번지
11215,10700,0,0036,0026,,,일반건축물,단독주택,주택,91.5,45.6,148,19880331,2,1,서울특별시 광진구 화양동 36-26번지
11215,10700,0,0036,0027,,,일반건축물,단독주택,단독주택,93.44,46.64,171.42,19880920,3,1,서울특별시 광진구 화양동 36-27번지
11215,10700,0,0036,0028,,,일반건축물,단독주택,"제2종근린생활시설,다가구주택(9가구)",151.81,89.1,302.76,20151007,5,0,서울특별시 광진구 화양동 36-28번지
11215,10700,0,0036,0029,,,일반건축물,단독주택,다가구용단독주택(7가구),169.42,100.88,387.32,19940512,3,1,서울특별시 광진구 화양동 36-29번지
11215,10700,0,0036,0031,,,일반건축물,단독주택,다가구용단독주택(5가구),170.12,87.24,312.04,19980914,3,1,서울특별시 광진구 화양동 36-31번지
11215,10700,0,0036,0032,,,일반건축물,단독주택,다가구용단독주택(5가구),144.99,83.86,310.95,19980929,3,1,서울특별시 광진구 화양동 36-32번지
11215,10700,0,0036,0033,,,일반건축물,단독주택,다가구용단독주택(8가구),162.84,97.43,385.84,19951005,3,1,서울특별시 광진구 화양동 36-33번지
11215,10700,0,0036,0034,,,일반건축물,단독주택,다가구주택(14가구),291.2,174.35,632.38,19951012,3,1,서울특별시 광진구 화양동 36-34번지
11215,10700,0,0036,0035,,,일반건축물,단독주택,다가구용단독주택(3가구),98.75,59.11,155.19,19930720,2,1,서울특별시 광진구 화양동 36-35번지
11215,10700,0,0036,0037,,,일반건축물,단독주택,단독주택(다가구주택).제2종근린생활시설(사무소),129.76,77.83,288.31,20120718,5,0,서울특별시 광진구 화양동 36-37번지
11215,10700,0,0036,0038,,,일반건축물,단독주택,다가구주택(8가구),133.9,79.79,223.05,19921223,2,1,서울특별시 광진구 화양동 36-38번지
11215,10700,0,0036,0039,,,일반건축물,단독주택,다가구주택,145.1,84.3,409.96,19940106,4,1,서울특별시 광진구 화양동 36-39번지
11215,10700,0,0036,0040,,,일반건축물,단독주택,다가구주택,129.6,74.99,159.43,19720710,3,0,서울특별시 광진구 화양동 36-40번지
11215,10700,0,0036,0041,,,일반건축물,단독주택,주택,113.45,56.6,165.06,19880719,2,1,서울특별시 광진구 화양동 36-41번지
11215,10700,0,0036,0042,,,일반건축물,단독주택,주택,0,56.94,188.18,19880229,2,1,서울특별시 광진구 화양동 36-42번지
11215,10700,0,0036,0043,,,일반건축물,단독주택,다가구용단독주택(5가구),97.1,58.24,149.76,19940613,2,1,서울특별시 광진구 화양동 36-43번지
11215,10700,0,0036,0045,,,일반건축물,단독주택,주택,96.4,47.95,153.1,19880820,2,1,서울특별시 광진구 화양동 36-45번지
11215,10700,0,0036,0046,,,일반건축물,단독주택,주택,93.55,49.7,180.45,19880804,3,1,서울특별시 광진구 화양동 36-46번지
11215,10700,0,0036,0047,,,일반건축물,단독주택,다가구단독주택(6가구),185.56,108.99,396.08,19971227,3,1,서울특별시 광진구 화양동 36-47번지
11215,10700,0,0036,0050,,,일반건축물,단독주택,주택,89.9,44.7,146.3,19901219,2,1,서울특별시 광진구 화양동 36-50번지
11215,10700,0,0036,0051,,,일반건축물,단독주택,주택,88.6,44.18,138.3,19901221,2,1,서울특별시 광진구 화양동 36-51번지
11215,10700,0,0036,0052,,,일반건축물,단독주택,단독주택,91.6,51.81,155.11,19910104,3,1,서울특별시 광진구 화양동 36-52번지
11215,10700,0,0036,0053,,,일반건축물,단독주택,주택,88.6,49.2,156.96,19901224,2,1,서울특별시 광진구 화양동 36-53번지
11215,10700,0,0036,0054,,,일반건축물,단독주택,단독주택,88.6,49.2,156.96,19901220,2,1,서울특별시 광진구 화양동 36-54번지
11215,10700,0,0036,0055,,,일반건축물,단독주택,주택,0,50.46,151.38,19871013,2,1,서울특별시 광진구 화양동 36-55번지
11215,10700,0,0036,0057,,,일반건축물,단독주택,주택,136.9,67.5,234.98,19871223,3,1,서울특별시 광진구 화양동 36-57번지
11215,10700,0,0036,0058,,,일반건축물,단독주택,단독주택,133.6,79.95,328.75,19951211,4,1,서울특별시 광진구 화양동 36-58번지
11215,10700,0,0036,0059,,,일반건축물,단독주택,"근린생활시설, 주택",0,82.04,364.6,19871204,4,1,서울특별시 광진구 화양동 36-59번지
11215,10700,0,0036,0060,,,일반건축물,단독주택,"근린생활시설, 주택",160,78.3,279.72,19880114,3,1,서울특별시 광진구 화양동 36-60번지
11215,10700,0,0036,0071,,,일반건축물,단독주택,다가구주택(6가구),113.4,67.92,199.64,19921121,2,1,서울특별시 광진구 화양동 36-71번지
11215,10700,0,0036,0072,,,일반건축물,단독주택,"주택, 근린생활시설",0,61.74,185.22,19870902,2,1,서울특별시 광진구 화양동 36-72번지
11215,10700,0,0036,0073,,,일반건축물,단독주택,다가구용단독주택(2가구),103.5,61.19,122.74,19741126,2,1,서울특별시 광진구 화양동 36-73번지
11215,10700,0,0036,0074,디딤돌 하우스,,일반건축물,단독주택,"다가구주택(7가구), 제2종근린생활시설",196.84,115.34,381.17,20160803,5,0,서울특별시 광진구 화양동 36-74번지
11215,10700,0,0036,0076,환성빌,,표제부,공동주택,"창고시설,공동주택(다세대주택10세대)",205.94,119.47,358.55,20160613,5,0,서울특별시 광진구 화양동 36-76번지
11215,10700,0,0036,0079,,,표제부,공동주택,공동주택(다세대10세대),214.53,127.96,396.13,20160205,5,0,서울특별시 광진구 화양동 36-79번지
11215,10700,0,0036,0080,,,일반건축물,단독주택,다가구용단독주택(5가구),92.16,55.28,148.5,19940124,2,1,서울특별시 광진구 화양동 36-80번지
11215,10700,0,0036,0081,,,일반건축물,단독주택,다가구용단독주택(3가구),105.9,63.33,175.71,19930824,2,1,서울특별시 광진구 화양동 36-81번지
11215,10700,0,0036,0084,,,일반건축물,단독주택,다가구용단독주택(8가구),148.1,88.11,299.1,19970619,3,1,서울특별시 광진구 화양동 36-84번지
11215,10700,0,0036,0085,다움빌,,표제부,공동주택,공동주택(다세대주택-도시형생활주택-원룸형),186.5,111.4,423.96,20111104,5,0,서울특별시 광진구 화양동 36-85번지
11215,10700,0,0036,0087,,,일반건축물,제1종근린생활시설,"근린생활시설, 주택",134.9,66.96,334.8,19900905,4,1,서울특별시 광진구 화양동 36-87번지
11215,10700,0,0036,0088,,,일반건축물,단독주택,다가구용단독주택(8가구),151.1,90.64,342.72,19931223,3,1,서울특별시 광진구 화양동 36-88번지
11215,10700,0,0036,0089,,,일반건축물,단독주택,다가구용단독주택(5가구),123,73.71,211.33,19940106,2,1,서울특별시 광진구 화양동 36-89번지
11215,10700,0,0036,0090,,,표제부,공동주택,공동주택(다세대주택),176.9,105.66,351.05,20050907,5,0,서울특별시 광진구 화양동 36-90번지
11215,10700,0,0036,0091,,,일반건축물,단독주택,단독주택,165.6,95.64,319.26,19900904,3,1,서울특별시 광진구 화양동 36-91번지
11215,10700,0,0036,0092,,,일반건축물,단독주택,다가구용단독주택(8가구),165.6,99.15,374.91,19950914,3,1,서울특별시 광진구 화양동 36-92번지
11215,10700,0,0036,0093,,,일반건축물,단독주택,다가구용단독주택(7가구),166,99.5,349.75,19931203,3,1,서울특별시 광진구 화양동 36-93번지
11215,10700,0,0036,0094,,,표제부,공동주택,공동주택,166,99.39,331.67,20070723,5,0,서울특별시 광진구 화양동 36-94번지
11215,10700,0,0036,0095,,,표제부,공동주택,공동주택,176.9,105.69,384.55,20100113,5,0,서울특별시 광진구 화양동 36-95번지
11215,10700,0,0036,0097,,,일반건축물,단독주택,주택,0,71.74,151.41,19771229,2,1,서울특별시 광진구 화양동 36-97번지
11215,10700,0,0036,0098,,,일반건축물,단독주택,주택,167.6,88.04,245.5,19780216,3,1,서울특별시 광진구 화양동 36-98번지
11215,10700,0,0036,0099,,,일반건축물,단독주택,다가구용단독주택(6가구),173.6,103.85,332.29,19960327,3,1,서울특별시 광진구 화양동 36-99번지
11215,10700,0,0036,0100,,,일반건축물,단독주택,다가구용단독주택(7가구),167.6,99.97,329.47,19940819,3,1,서울특별시 광진구 화양동 36-100번지
11215,10700,0,0037,0001,,,일반건축물,제2종근린생활시설,"근린생활시설, 주택",169.69,91.52,492.24,19960227,5,1,서울특별시 광진구 화양동 37-1번지
11215,10700,0,0037,0002,정현 리치 하우스,,일반건축물,단독주택,단독주택(다가구주택 11가구) 외1,194.1,115.83,386.97,20160705,5,0,서울특별시 광진구 화양동 37-2번지
11215,10700,0,0037,0003,,,일반건축물,단독주택,다가구용단독주택(10가구),151.7,89.53,343.61,19970206,3,1,서울특별시 광진구 화양동 37-3번지
11215,10700,0,0037,0004,,,일반건축물,단독주택,주택,0,66.22,224.25,19870730,2,1,서울특별시 광진구 화양동 37-4번지
11215,10700,0,0037,0005,,,일반건축물,단독주택,주택,136.2,71.37,269.08,19880702,3,1,서울특별시 광진구 화양동 37-5번지
11215,10700,0,0037,0006,,,일반건축물,단독주택,다가구주택(9가구),134.05,80.28,283.89,19910118,3,1,서울특별시 광진구 화양동 37-6번지
11215,10700,0,0037,0007,,,일반건축물,단독주택,주택,0,68.82,206.46,19860911,2,1,서울특별시 광진구 화양동 37-7번지
11215,10700,0,0037,0008,,,일반건축물,단독주택,주택,138.4,82.41,232.47,19860915,2,1,서울특별시 광진구 화양동 37-8번지
11215,10700,0,0037,0009,,,일반건축물,단독주택,주택,137.06,76.88,274.52,19871126,3,1,서울특별시 광진구 화양동 37-9번지
11215,10700,0,0037,0011,,,일반건축물,단독주택,"다가구주택, 제2종근린생활시설",134.96,80.82,322.46,20110823,6,0,서울특별시 광진구 화양동 37-11번지
11215,10700,0,0037,0012,,,일반건축물,단독주택,다가구주택,132.03,80.7,329.93,19930612,4,1,서울특별시 광진구 화양동 37-12번지
11215,10700,0,0037,0013,,,일반건축물,단독주택,주택,0,85.05,166.97,19700914,2,1,서울특별시 광진구 화양동 37-13번지
11215,10700,0,0037,0014,경성하우스,,일반건축물,단독주택,"다가구주택(8가구),근린생활시설",159.64,95.61,319.2,20180607,5,0,서울특별시 광진구 화양동 37-14번지
11215,10700,0,0037,0015,,,일반건축물,단독주택,주택,73.91,40.75,125.42,19881005,2,1,서울특별시 광진구 화양동 37-15번지
11215,10700,0,0037,0016,,,일반건축물,단독주택,"근린생활시설, 주택",97.8,57.42,160.11,19881124,2,1,서울특별시 광진구 화양동 37-16번지
11215,10700,0,0037,0017,,,일반건축물,제1종근린생활시설,"근린생활시설, 주택",226.7,112.85,615.58,19930726,4,1,서울특별시 광진구 화양동 37-17번지
11215,10700,0,0037,0020,,,일반건축물,단독주택,다가구용단독주택(7가구),144.5,82.13,299.62,19960905,3,1,서울특별시 광진구 화양동 37-20번지
11215,10700,0,0037,0021,,,일반건축물,단독주택,"근린생활시설, 다가구주택(2가구)",151.7,87.9,351.6,19910523,3,1,서울특별시 광진구 화양동 37-21번지
11215,10700,0,0037,0022,,,일반건축물,단독주택,"다가구용단독주택(2가구), 근린생활시설",114.7,59.42,226.46,19910814,3,1,서울특별시 광진구 화양동 37-22번지
11215,10700,0,0037,0023,,,일반건축물,단독주택,단독주택,119,70.29,199.64,19911228,2,1,서울특별시 광진구 화양동 37-23번지
11215,10700,0,0037,0024,,,일반건축물,단독주택,단독주택,124.6,70.04,199.94,19911228,2,1,서울특별시 광진구 화양동 37-24번지
11215,10700,0,0037,0026,BONHEUR,,일반건축물,단독주택,"다가구주택(3가구), 근린생활시설",121,72.4,220.05,20211123,4,0,서울특별시 광진구 화양동 37-26번지
11215,10700,0,0037,0029,,,일반건축물,단독주택,주택,0,68.58,205.74,19861024,2,1,서울특별시 광진구 화양동 37-29번지
11215,10700,0,0037,0030,,,표제부,공동주택,공동주택(다세대 12세대),129.8,71.61,259.16,20150406,5,0,서울특별시 광진구 화양동 37-30번지
11215,10700,0,0037,0031,,,일반건축물,단독주택,다가구용단독주택(7가구),116.6,69.65,217.05,19940324,3,1,서울특별시 광진구 화양동 37-31번지
11215,10700,0,0037,0033,,,일반건축물,단독주택,주택,99.7,49.1,161.35,19881118,2,1,서울특별시 광진구 화양동 37-33번지
11215,10700,0,0037,0034,,,일반건축물,단독주택,다가구용단독주택(5가구),88.6,53.88,158.3,19961121,2,1,서울특별시 광진구 화양동 37-34번지
11215,10700,0,0037,0035,,,일반건축물,단독주택,주택,101.8,57.52,172.04,19880701,3,1,서울특별시 광진구 화양동 37-35번지
11215,10700,0,0037,0036,,,일반건축물,단독주택,단독주택(다가구),96.65,51.31,197.72,19880613,3,1,서울특별시 광진구 화양동 37-36번지
11215,10700,0,0037,0037,,,일반건축물,단독주택,주택,97.15,48.36,155.28,19880615,2,1,서울특별시 광진구 화양동 37-37번지
11215,10700,0,0037,0038,,,일반건축물,단독주택,주택,98.37,49.1,157.61,19880615,2,1,서울특별시 광진구 화양동 37-38번지
11215,10700,0,0037,0039,,,일반건축물,단독주택,다가구용단독주택(7가구),137.25,82.33,313.58,19950930,3,1,서울특별시 광진구 화양동 37-39번지
11215,10700,0,0037,0041,,,일반건축물,단독주택,주택,0,64.21,192.63,19860704,2,1,서울특별시 광진구 화양동 37-41번지
11215,10700,0,0037,0045,,,일반건축물,단독주택,주택,0,40.65,126.9,19881205,2,1,서울특별시 광진구 화양동 37-45번지
11215,10700,0,0037,0048,,,일반건축물,제2종근린생활시설,"주택,근린생활시설",103.5,51.72,208.63,19850730,3,1,서울특별시 광진구 화양동 37-48번지
11215,10700,0,0037,0049,,,일반건축물,단독주택,단독주택,170.9,111.9,325.56,20020830,4,0,서울특별시 광진구 화양동 37-49번지
11215,10700,0,0037,0051,,,일반건축물,단독주택,단독주택-다가구주택,170.9,102.51,341.54,20140313,5,0,서울특별시 광진구 화양동 37-51번지
11215,10700,0,0037,0052,,,일반건축물,단독주택,다가구용단독주택(9가구),193.4,115.89,434.24,19970918,3,1,서울특별시 광진구 화양동 37-52번지
11215,10700,0,0037,0053,,,일반건축물,단독주택,다가구주택(8가구),192,112.36,445.04,19930702,3,1,서울특별시 광진구 화양동 37-53번지
11215,10700,0,0037,0054,,,일반건축물,단독주택,"단독주택,다가구주택",241.4,150.96,385.52,20031024,4,0,서울특별시 광진구 화양동 37-54번지
11215,10700,0,0037,0056,광진퍼스트빌,,표제부,공동주택,"다세대주택(15세대),근린생활시설(사무소)",240.6,144.05,476.04,20230518,5,0,서울특별시 광진구 화양동 37-56번지
11215,10700,0,0037,0058,,,일반건축물,단독주택,다가구주택,120.3,80.56,175.72,19750113,2,1,서울특별시 광진구 화양동 37-58번지
11215,10700,0,0037,0059,,,일반건축물,단독주택,주택,0,73.59,147.18,19750519,2,0,서울특별시 광진구 화양동 37-59번지
11215,10700,0,0037,0061,주일빌라,,일반건축물,단독주택,"단독주택(다가구주택),제2종근린생활시설(사무소)",243.6,143.22,486.24,20111229,5,0,서울특별시 광진구 화양동 37-61번지
11215,10700,0,0037,0062,,,일반건축물,단독주택,"단독주택(다가구주택),제2종근린생활시설(사무소)",132.2,79.2,251.55,20111227,5,0,서울특별시 광진구 화양동 37-62번지
11215,10700,0,0037,0063,,,일반건축물,단독주택,다가구용단독주택,155.2,92.94,347.52,19970912,3,1,서울특별시 광진구 화양동 37-63번지
11215,10700,0,0037,0064,,,일반건축물,단독주택,주택,0,70.68,138.62,19751210,2,1,서울특별시 광진구 화양동 37-64번지
11215,10700,0,0037,0065,,,일반건축물,단독주택,주택,0,66.64,127.83,19751210,2,1,서울특별시 광진구 화양동 37-65번지
11215,10700,0,0037,0067,,,일반건축물,단독주택,주택,0,69.69,129.86,19751210,2,1,서울특별시 광진구 화양동 37-67번지
11215,10700,0,0037,0068,,,일반건축물,단독주택,단독주택,119,59.31,189.06,19890801,2,1,서울특별시 광진구 화양동 37-68번지
11215,10700,0,0037,0069,,,일반건축물,단독주택,단독주택(다가구3),137.5,82.38,200.37,19761118,3,1,서울특별시 광진구 화양동 37-69번지
11215,10700,0,0037,0070,,,일반건축물,단독주택,다가구용단독주택(8가구),126.9,76.87,228.51,19930814,3,1,서울특별시 광진구 화양동 37-70번지
11215,10700,0,0037,0071,,,일반건축물,단독주택,주택,0,67.6,134.31,19761214,2,1,서울특별시 광진구 화양동 37-71번지
11215,10700,0,0037,0072,,,일반건축물,단독주택,단독주택,115.7,69.39,204.43,19760501,3,1,서울특별시 광진구 화양동 37-72번지
11215,10700,0,0037,0074,,,일반건축물,단독주택,다가구용단독주택(7가구),117,70.15,262.96,19960923,3,1,서울특별시 광진구 화양동 37-74번지
11215,10700,0,0037,0075,,,일반건축물,단독주택,"주택,근린생활시설",119,66.08,138.24,19751226,2,1,서울특별시 광진구 화양동 37-75번지
11215,10700,0,0037,0076,,,일반건축물,단독주택,다가구주택,133.5,80.07,199.26,19760927,3,1,서울특별시 광진구 화양동 37-76번지
11215,10700,0,0037,0077,,,일반건축물,제1종근린생활시설,"근린생활시설, 주택",158.7,87.96,457.62,19940613,4,1,서울특별시 광진구 화양동 37-77번지
11215,10700,0,0037,0078,,,표제부,공동주택,공동주택(다세대),142.1,84.68,331.64,20030613,4,0,서울특별시 광진구 화양동 37-78번지
11215,10700,0,0037,0079,스텔라하우스,,일반건축물,단독주택,"단독주택(다가구주택),제2종근린생활시설(사무소)",140.1,86.56,298.48,20120113,5,0,서울특별시 광진구 화양동 37-79번지
11215,10700,0,0037,0082,,,일반건축물,단독주택,"근린생활시설, 단독주택(1가구)",193.7,115.39,562.58,19970512,4,1,서울특별시 광진구 화양동 37-82번지
11215,10700,0,0037,0083,,,일반건축물,단독주택,다가구용단독주택(9가구),176.2,105.7,300.94,19940323,2,1,서울특별시 광진구 화양동 37-83번지
11215,10700,0,0037,0084,,,일반건축물,단독주택,다가구주택,180.5,107.69,373.56,20020208,3,1,서울특별시 광진구 화양동 37-84번지
11215,10700,0,0037,0089,,,일반건축물,제1종근린생활시설,근린생활시설 및 주택,197.7,98.75,494.8,19890912,4,1,서울특별시 광진구 화양동 37-89번지
11215,10700,0,0037,0090,,,일반건축물,단독주택,"제2종근린생활시설, 다가구주택",185.5,110.67,367.04,20100319,5,0,서울특별시 광진구 화양동 37-90번지
11215,10700,0,0037,0091,,,표제부,공동주택,공동주택(다세대주택-도시형생활주택-원룸형),185.8,111.36,363.59,20110908,5,0,서울특별시 광진구 화양동 37-91번지
11215,10700,0,0037,0092,,,일반건축물,단독주택,다가구주택,202.6,120.28,465,20010810,4,0,서울특별시 광진구 화양동 37-92번지
11215,10700,0,0037,0093,,,일반건축물,단독주택,"단독주택(다가구주택-5가구), 근린생활시설",185.8,109.4,390.1,20031124,4,0,서울특별시 광진구 화양동 37-93번지
11215,10700,0,0037,0094,,,표제부,공동주택,다세대주택,216.5,108.9,486.27,19940122,4,1,서울특별시 광진구 화양동 37-94번지
11215,10700,0,0037,0095,,,일반건축물,단독주택,다가구용단독주택(11가구),190.4,113.9,296.04,19930813,2,1,서울특별시 광진구 화양동 37-95번지
11215,10700,0,0038,0002,,,일반건축물,제2종근린생활시설,근린생활시설,0,19,57,19720801,2,1,서울특별시 광진구 화양동 38-2번지
11215,10700,0,0039,0002,,,일반건축물,단독주택,주택,0,77.62,161.36,19790910,3,0,서울특별시 광진구 화양동 39-2번지
11215,10700,0,0039,0004,,,일반건축물,단독주택,주택,0,15,15,19730910,1,0,서울특별시 광진구 화양동 39-4번지
11215,10700,0,0041,0001,,,일반건축물,단독주택,"근린생활시설, 주택",138.2,145.4,275.92,19910808,3,1,서울특별시 광진구 화양동 41-1번지
11215,10700,0,0041,0002,무지개하우스,,표제부,공동주택,"근린생활시설,공동주택(다세대 13세대)",230.7,115.29,549.85,20150911,6,0,서울특별시 광진구 화양동 41-2번지
11215,10700,0,0041,0003,,,일반건축물,단독주택,"주택, 점포",0,186.38,400,19700726,2,1,서울특별시 광진구 화양동 41-3번지
11215,10700,0,0041,0005,명호빌,,표제부,공동주택,"다세대주택(도시형생활주택 원룸형 12세대, 다세대주택 1세대), 제2종근린생활시설(제조업소)",154.8,76.92,350.31,20140801,6,0,서울특별시 광진구 화양동 41-5번지
11215,10700,0,0041,0006,만복빌,,표제부,공동주택,"다세대주택(도사형생활주택 원룸형 12세대, 다세대주택 1세대), 제2종근린생활시설(제조업소)",154.25,76.92,350.31,20140801,6,0,서울특별시 광진구 화양동 41-6번지
11215,10700,0,0041,0007,,,표제부,공동주택,공동주택,165.65,99.23,377.4,20020111,4,0,서울특별시 광진구 화양동 41-7번지
11215,10700,0,0041,0008,건영빌딩,,일반건축물,제1종근린생활시설,근린생활시설,0,226.3,1192.79,19880708,4,1,서울특별시 광진구 화양동 41-8번지
11215,10700,0,0041,0010,,,일반건축물,단독주택,주택,0,87.74,212.37,19720114,2,1,서울특별시 광진구 화양동 41-10번지
11215,10700,0,0041,0011,,,일반건축물,단독주택,주택,116.4,86.16,242.36,19871028,3,1,서울특별시 광진구 화양동 41-11번지
11215,10700,0,0041,0012,,,일반건축물,제2종근린생활시설,"제2종근린생활시설(고시원),단독주택(다가구주택)",173.22,86.4,399.55,20110811,6,0,서울특별시 광진구 화양동 41-12번지
11215,10700,0,0041,0014,이례빌딩,,일반건축물,제2종근린생활시설,"제2종근린생활시설(제조업소,사무소,체력단련장) 및 제1종근린생활시설(소매점,의원)",534.6,260.46,1739.89,20101130,8,1,서울특별시 광진구 화양동 41-14번지
11215,10700,0,0041,0015,,,일반건축물,단독주택,다가구용단독주택(7가구),129.25,77.28,304.08,19931215,3,1,서울특별시 광진구 화양동 41-15번지
11215,10700,0,0041,0016,,,일반건축물,단독주택,다가구용단독주택(7가구),140.2,83.86,321.27,19940308,3,1,서울특별시 광진구 화양동 41-16번지
11215,10700,0,0041,0017,,,일반건축물,단독주택,"다가구주택(7가구), 제2종근린생활시설",159.45,78.9,397.07,20161115,6,0,서울특별시 광진구 화양동 41-17번지
11215,10700,0,0042,0001,,,일반건축물,제1종근린생활시설,"점포, 근린생활시설",0,188.76,773.88,19781229,3,1,서울특별시 광진구 화양동 42-1번지
11215,10700,0,0042,0003,,,일반건축물,제1종근린생활시설,"근린생활시설(목욕탕), 노유자시설, 주택",0,246,1160.22,19830923,4,1,서울특별시 광진구 화양동 42-3번지
11215,10700,0,0042,0004,,,일반건축물,제2종근린생활시설,근린생활시설(자동차수리점),649.9,93.6,93.6,19981016,1,0,서울특별시 광진구 화양동 42-4번지
11215,10700,0,0042,0004,,,일반건축물,자동차관련시설,자동차관련시설,649.9,88.52,114.52,19981016,2,0,서울특별시 광진구 화양동 42-4번지
11215,10700,0,0042,0006,,,일반건축물,제2종근린생활시설,근린생활시설,211.9,124.39,547.03,19970415,4,1,서울특별시 광진구 화양동 42-6번지
11215,10700,0,0042,0007,,,표제부,공동주택,도시형생활주택(단지형다세대주택) 외2,569,284.24,1676.24,20160808,7,1,서울특별시 광진구 화양동 42-7번지
11215,10700,0,0042,0008,,,일반건축물,단독주택,단독주택,126.42,63.05,148.94,20180917,4,0,서울특별시 광진구 화양동 42-8번지
11215,10700,0,0042,0009,,,일반건축물,단독주택,단독주택,115.21,56.62,200.93,19890114,3,1,서울특별시 광진구 화양동 42-9번지
11215,10700,0,0042,0011,,,일반건축물,단독주택,다가구용단독주택(3가구),69.9,41.7,136.87,19910720,2,1,서울특별시 광진구 화양동 42-11번지
11215,10700,0,0042,0012,,,일반건축물,단독주택,"다가구주택(3가구), 제2종근린생활시설",102.3,51.11,148.64,20161031,4,0,서울특별시 광진구 화양동 42-12번지
11215,10700,0,0042,0013,,,일반건축물,단독주택,주택,0,60.27,192.84,19870610,2,1,서울특별시 광진구 화양동 42-13번지
11215,10700,0,0042,0014,,,일반건축물,단독주택,주택,0,53.28,178.38,19871215,2,1,서울특별시 광진구 화양동 42-14번지
11215,10700,0,0042,0015,,,표제부,공동주택,공동주택,234,139.74,437.22,20020608,4,0,서울특별시 광진구 화양동 42-15번지
11215,10700,0,0042,0016,,,일반건축물,제1종근린생활시설,근린생활시설,652.3,295.92,532.01,19961004,4,1,서울특별시 광진구 화양동 42-16번지
11215,10700,0,0042,0017,,,일반건축물,업무시설,"업무시설,근린생활시설",864.1,516,2800.7,19960905,5,1,서울특별시 광진구 화양동 42-17번지
11215,10700,0,0042,0018,,,일반건축물,제2종근린생활시설,근린생활시설,508.4,174.72,414.1,20100623,4,0,서울특별시 광진구 화양동 42-18번지
11215,10700,0,0042,0020,,,일반건축물,단독주택,다가구용단독주택(7가구),235.4,139.59,528.32,19971018,3,1,서울특별시 광진구 화양동 42-20번지
11215,10700,0,0042,0021,,,일반건축물,단독주택,"사무소, 주택",0,117,523.69,19891011,4,1,서울특별시 광진구 화양동 42-21번지
11215,10700,0,0042,0022,,,일반건축물,단독주택,"근린생활시설, 주택",0,89.16,390.62,19850716,4,1,서울특별시 광진구 화양동 42-22번지
11215,10700,0,0042,0024,,,일반건축물,업무시설,"근린생활시설, 업무시설",778.9,389.74,2783.04,19920604,6,1,서울특별시 광진구 화양동 42-24번지
11215,10700,0,0042,0027,,,일반건축물,단독주택,"근린생활시설, 주택(1가구)",196,114.31,539.55,19971107,4,1,서울특별시 광진구 화양동 42-27번지
11215,10700,0,0042,0028,,,일반건축물,제1종근린생활시설,"근린생활시설, 자동차관련시설",0,183.14,724.3,19781229,3,1,서울특별시 광진구 화양동 42-28번지
11215,10700,0,0042,0029,,,일반건축물,제1종근린생활시설,근린생활시설,0,184.46,550.41,19810825,2,1,서울특별시 광진구 화양동 42-29번지
11215,10700,0,0042,0031,,,표제부,공동주택,"공동주택-다세대주택(도시형생활주택-원룸형),제1종근린생활시설(치과의원)",218.2,108.48,594.9,20120418,7,0,서울특별시 광진구 화양동 42-31번지
11215,10700,0,0042,0032,,,일반건축물,단독주택,다가구주택,172.6,103.32,402.28,19981219,3,1,서울특별시 광진구 화양동 42-32번지
11215,10700,0,0042,0033,,,일반건축물,단독주택,다가구용단독주택,166.9,99.96,363.81,19970820,3,1,서울특별시 광진구 화양동 42-33번지
11215,10700,0,0042,0034,,,일반건축물,단독주택,다가구용단독주택,166.9,100.13,354.22,19970905,3,1,서울특별시 광진구 화양동 42-34번지
11215,10700,0,0042,0035,,,일반건축물,단독주택,다가구용단독주택(9가구),172.2,102.62,380.96,19970609,3,1,서울특별시 광진구 화양동 42-35번지
11215,10700,0,0042,0036,,,일반건축물,단독주택,다가구용단독주택,173.2,103.43,397,19980206,3,1,서울특별시 광진구 화양동 42-36번지
11215,10700,0,0042,0037,,,일반건축물,단독주택,다가구용단독주택(8가구),173.6,103.99,380.74,19961218,3,1,서울특별시 광진구 화양동 42-37번지
11215,10700,0,0044,0001,,,일반건축물,단독주택,다가구주택 외 1,136.5,80.13,272.85,20051010,4,0,서울특별시 광진구 화양동 44-1번지
11215,10700,0,0044,0002,,,일반건축물,단독주택,다가구주택외 1,125,73.68,309.18,20050627,5,0,서울특별시 광진구 화양동 44-2번지
11215,10700,0,0044,0003,,,일반건축물,단독주택,"근린생활시설,단독주택(다가구4가구)",120.7,72.09,261.67,20151008,5,0,서울특별시 광진구 화양동 44-3번지
11215,10700,0,0044,0004,,,일반건축물,단독주택,다가구주택(5가구),119.4,70.56,253.41,19910912,3,1,서울특별시 광진구 화양동 44-4번지
11215,10700,0,0044,0005,,,일반건축물,단독주택,주택,0,66.12,198.36,19860729,2,1,서울특별시 광진구 화양동 44-5번지
11215,10700,0,0044,0006,,,일반건축물,단독주택,다가구용단독주택(6가구),127.97,76.75,231.93,19930813,3,1,서울특별시 광진구 화양동 44-6번지
11215,10700,0,0044,0007,,,일반건축물,단독주택,단독주택(다가구주택),125.68,72,246.54,20120810,5,0,서울특별시 광진구 화양동 44-7번지
11215,10700,0,0044,0008,,,일반건축물,제1종근린생활시설,"근린생활시설, 주택",135.75,78.18,394.75,19960827,4,1,서울특별시 광진구 화양동 44-8번지
11215,10700,0,0044,0010,,,표제부,공동주택,공동주택,0,65.52,196.56,19851217,2,1,서울특별시 광진구 화양동 44-10번지
11215,10700,0,0044,0011,,,일반건축물,단독주택,다가구주택(6가구),127.87,76.52,199.91,19921029,2,1,서울특별시 광진구 화양동 44-11번지
11215,10700,0,0044,0012,,,일반건축물,단독주택,다구구주택(6가구),129.76,77.14,199.91,19921106,2,1,서울특별시 광진구 화양동 44-12번지
11215,10700,0,0044,0013,,,일반건축물,제1종근린생활시설,"근린생활시설, 주택",166.2,98.86,494.87,19960628,4,1,서울특별시 광진구 화양동 44-13번지
11215,10700,0,0044,0014,,,일반건축물,제1종근린생활시설,"근린생활시설, 주택",177.2,88.52,490.55,19910814,4,1,서울특별시 광진구 화양동 44-14번지
11215,10700,0,0044,0015,,,일반건축물,단독주택,다가구용단독주택(13가구),147.92,86.1,328.54,19970327,3,1,서울특별시 광진구 화양동 44-15번지
11215,10700,0,0044,0016,,,표제부,공동주택,다세대주택 및 근린생활시설,179.5,107.1,323.78,20181109,5,0,서울특별시 광진구 화양동 44-16번지
11215,10700,0,0044,0018,,,일반건축물,단독주택,단독주택,118.6,70.56,243.85,19910201,3,1,서울특별시 광진구 화양동 44-18번지
11215,10700,0,0044,0020,,,일반건축물,제2종근린생활시설,"근린생활시설,단독주택",332.9,198.08,862.38,20061204,4,1,서울특별시 광진구 화양동 44-20번지
11215,10700,0,0044,0022,,,일반건축물,단독주택,단독주택,153.1,91.77,278.18,20061129,4,0,서울특별시 광진구 화양동 44-22번지
11215,10700,0,0044,0023,참하우스,,표제부,공동주택,다세대주택,144.5,83.78,246.59,20181228,5,0,서울특별시 광진구 화양동 44-23번지
11215,10700,0,0044,0025,,,일반건축물,단독주택,주택,129.6,64.06,192.18,19880920,2,1,서울특별시 광진구 화양동 44-25번지
11215,10700,0,0044,0026,,,일반건축물,단독주택,"근린생활시설, 주택",117.4,69.84,270.12,19921201,3,1,서울특별시 광진구 화양동 44-26번지
11215,10700,0,0044,0027,,,일반건축물,단독주택,단독주택(다가구주택),122.59,70.11,249.28,19910614,3,1,서울특별시 광진구 화양동 44-27번지
11215,10700,0,0044,0028,,,일반건축물,단독주택,주택,139.64,69.78,225.84,19881203,2,1,서울특별시 광진구 화양동 44-28번지
11215,10700,0,0044,0029,,,일반건축물,단독주택,주택,151.4,79.15,268.05,19841122,3,1,서울특별시 광진구 화양동 44-29번지
11215,10700,0,0044,0030,,,일반건축물,단독주택,단독주택,150.1,73.62,200.6,19700520,3,1,서울특별시 광진구 화양동 44-30번지
11215,10700,0,0044,0031,,,일반건축물,단독주택,단독주택(다가구주택),132.2,74.27,195.47,19731004,3,1,서울특별시 광진구 화양동 44-31번지
11215,10700,0,0044,0032,,,일반건축물,단독주택,주택,0,80.01,240.03,19871204,2,1,서울특별시 광진구 화양동 44-32번지
11215,10700,0,0044,0033,,,일반건축물,단독주택,다가구용단독주택,137.3,82.31,311.24,19971111,3,1,서울특별시 광진구 화양동 44-33번지
11215,10700,0,0044,0034,,,일반건축물,단독주택,단독주택,122.26,73.24,305.47,19850720,4,1,서울특별시 광진구 화양동 44-34번지
11215,10700,0,0044,0035,,,일반건축물,단독주택,다가구용단독주택(6가구),165.6,99.32,345.23,19971230,3,1,서울특별시 광진구 화양동 44-35번지
11215,10700,0,0044,0036,,,일반건축물,단독주택,주택,164.8,76.08,229.41,19881230,2,1,서울특별시 광진구 화양동 44-36번지
11215,10700,0,0044,0037,,,일반건축물,단독주택,단독주택,0,60.39,181.17,19870708,2,1,서울특별시 광진구 화양동 44-37번지
11215,10700,0,0044,0038,,,일반건축물,단독주택,주택,0,76.86,230.58,19870630,2,1,서울특별시 광진구 화양동 44-38번지
11215,10700,0,0044,0041,,,일반건축물,단독주택,단독주택(다가구주택),159.21,89.65,317.91,20111010,5,0,서울특별시 광진구 화양동 44-41번지
11215,10700,0,0044,0042,,,일반건축물,단독주택,다가구주택(6가구),163.6,97.43,341.56,19980928,3,1,서울특별시 광진구 화양동 44-42번지
11215,10700,0,0044,0043,,,일반건축물,단독주택,주택,0,60.7,122.22,19700508,2,1,서울특별시 광진구 화양동 44-43번지
11215,10700,0,0044,0044,,,일반건축물,단독주택,다가구주택(5가구),116.82,67.97,199.89,19921030,2,1,서울특별시 광진구 화양동 44-44번지
11215,10700,0,0044,0045,,,일반건축물,단독주택,주택,0,60.46,127.56,19720519,2,1,서울특별시 광진구 화양동 44-45번지
11215,10700,0,0044,0046,,,일반건축물,단독주택,단독주택,95.9,47.6,152.68,19900512,2,1,서울특별시 광진구 화양동 44-46번지
11215,10700,0,0044,0047,,,일반건축물,단독주택,주택,0,47.6,152.68,19900510,2,1,서울특별시 광진구 화양동 44-47번지
11215,10700,0,0044,0048,,,일반건축물,단독주택,다가구주택(5가구),97.95,58.74,166.23,19920902,2,1,서울특별시 광진구 화양동 44-48번지
11215,10700,0,0044,0049,,,일반건축물,단독주택,단독주택,126.3,72.52,199.44,19910619,2,1,서울특별시 광진구 화양동 44-49번지
11215,10700,0,0044,0050,,,일반건축물,단독주택,단독주택,114.52,68.03,246.4,19921030,3,1,서울특별시 광진구 화양동 44-50번지
11215,10700,0,0044,0051,,,일반건축물,단독주택,단독주택(다가구주택),140.9,84.51,309.4,20030407,3,1,서울특별시 광진구 화양동 44-51번지
11215,10700,0,0044,0053,,,일반건축물,단독주택,단독주택,104.8,52.2,187.38,19890704,2,1,서울특별시 광진구 화양동 44-53번지
11215,10700,0,0044,0054,,,일반건축물,단독주택,단독주택,107.1,53.28,175.14,19890714,2,1,서울특별시 광진구 화양동 44-54번지
11215,10700,0,0044,0055,,,일반건축물,단독주택,다가구주택(8가구),147.03,83.79,299.16,19970426,3,1,서울특별시 광진구 화양동 44-55번지
11215,10700,0,0044,0056,,,일반건축물,단독주택,다가구용단독주택(7가구),145.91,86.62,321.08,19960515,3,1,서울특별시 광진구 화양동 44-56번지
11215,10700,0,0044,0057,,,표제부,공동주택,다세대주택(15세대),249.83,149.38,495.61,20170406,5,0,서울특별시 광진구 화양동 44-57번지
11215,10700,0,0044,0059,,,일반건축물,단독주택,"근린생활시설, 주택",152.3,90.85,422.4,19950904,4,1,서울특별시 광진구 화양동 44-59번지
11215,10700,0,0044,0061,,,일반건축물,단독주택,"근린생활시설, 단독주택",150.6,88.96,401.29,19880825,4,1,서울특별시 광진구 화양동 44-61번지
11215,10700,0,0044,0062,,,일반건축물,단독주택,주택,122.5,60.96,198.18,19900626,2,1,서울특별시 광진구 화양동 44-62번지
11215,10700,0,0044,0063,,,표제부,공동주택,공동주택-다세대주택(도시형생활주택-원룸형),243.91,145.12,570.17,20120405,6,0,서울특별시 광진구 화양동 44-63번지
11215,10700,0,0044,0065,,,일반건축물,단독주택,단독주택(다가구 2),156.4,93.68,233.61,19740130,3,0,서울특별시 광진구 화양동 44-65번지
11215,10700,0,0044,0066,,,일반건축물,단독주택,다가구용단독주택(7가구),162.6,97.44,368.48,19971018,3,1,서울특별시 광진구 화양동 44-66번지
11215,10700,0,0044,0067,다담화평,,일반건축물,단독주택,단독주택(다가구주택) 및 제2종근린생활시설(사무소),163.6,98.1,318.08,20251222,5,0,서울특별시 광진구 화양동 44-67번지
11215,10700,0,0044,0068,,,일반건축물,제1종근린생활시설,"근린생활시설, 주택",187.8,93.8,543.26,19920413,5,1,서울특별시 광진구 화양동 44-68번지
11215,10700,0,0044,0069,,,일반건축물,단독주택,다가구용단독주택(7가구),166,99.54,348.96,19930714,3,1,서울특별시 광진구 화양동 44-69번지
11215,10700,0,0044,0070,,,일반건축물,단독주택,다가구용단독주택(7가구),166,99.45,364.74,19950512,3,1,서울특별시 광진구 화양동 44-70번지
11215,10700,0,0044,0071,,,일반건축물,단독주택,다가구용단독주택(8가구),158.3,94.83,348.51,19931119,3,1,서울특별시 광진구 화양동 44-71번지
11215,10700,0,0044,0072,,,일반건축물,단독주택,"단독주택(다가구주택),제2종근린생활시설(사무실)",142.59,85.02,329.39,20110630,6,0,서울특별시 광진구 화양동 44-72번지
11215,10700,0,0044,0073,,,일반건축물,단독주택,다가구주택(4가구),108.36,64.67,189.91,19920420,2,1,서울특별시 광진구 화양동 44-73번지
11215,10700,0,0044,0074,,,일반건축물,단독주택,주택,113.6,63.73,225.27,19881021,3,1,서울특별시 광진구 화양동 44-74번지
11215,10700,0,0044,0075,,,일반건축물,단독주택,단독주택(다가구주택),120.51,77.16,230.51,19950629,3,1,서울특별시 광진구 화양동 44-75번지
11215,10700,0,0044,0076,,,일반건축물,단독주택,주택,121,60.16,250.02,19880809,3,1,서울특별시 광진구 화양동 44-76번지
11215,10700,0,0044,0077,,,일반건축물,단독주택,"근린생활시설, 다가구주택",152.6,90.83,406.31,19970120,4,1,서울특별시 광진구 화양동 44-77번지
11215,10700,0,0044,0079,,,일반건축물,단독주택,"다가구주택,제2종근린생활시설(사무소)",140.66,86.4,329.53,20120111,6,0,서울특별시 광진구 화양동 44-79번지
11215,10700,0,0044,0080,,,일반건축물,단독주택,주택,115.95,57.6,178.4,19890522,2,1,서울특별시 광진구 화양동 44-80번지
11215,10700,0,0044,0081,,,일반건축물,단독주택,주택,0,51.1,153.3,19870112,2,1,서울특별시 광진구 화양동 44-81번지
11215,10700,0,0044,0082,,,일반건축물,단독주택,주택,0,50.88,164.58,19870115,2,1,서울특별시 광진구 화양동 44-82번지
11215,10700,0,0044,0083,,,일반건축물,단독주택,주택,103.64,50.99,160.12,19890908,2,1,서울특별시 광진구 화양동 44-83번지
11215,10700,0,0044,0084,,,일반건축물,단독주택,단독주택,120.7,60.25,201.4,19890711,2,1,서울특별시 광진구 화양동 44-84번지
11215,10700,0,0044,0085,,,일반건축물,단독주택,단독주택,176.5,80.7,249.6,19900917,2,1,서울특별시 광진구 화양동 44-85번지
11215,10700,0,0044,0086,,,일반건축물,단독주택,다가구용단독주택(7가구),195.4,117,442.68,19960830,3,1,서울특별시 광진구 화양동 44-86번지
11215,10700,0,0044,0089,,,일반건축물,단독주택,단독주택,115.7,56.4,174.6,19910201,2,1,서울특별시 광진구 화양동 44-89번지
11215,10700,0,0045,0001,,,일반건축물,단독주택,"주택,근린생활시설",97.9,71.78,178.29,19730820,3,0,서울특별시 광진구 화양동 45-1번지
11215,10700,0,0045,0002,,,표제부,공동주택,공동주택(다세대주택),160.27,95.52,320.4,20060719,5,0,서울특별시 광진구 화양동 45-2번지
11215,10700,0,0045,0003,햇님공원 공중화장실,,일반건축물,제1종근린생활시설,공중변소,0,27.56,27.56,19800728,1,0,서울특별시 광진구 화양동 45-3번지
11215,10700,0,0045,0004,,,일반건축물,단독주택,다가구용단독주택(7가구),139.4,83.52,334.08,19940615,3,1,서울특별시 광진구 화양동 45-4번지
11215,10700,0,0045,0005,,,일반건축물,단독주택,다가구용단독주택(7가구),114.4,68.62,253.9,19960923,3,1,서울특별시 광진구 화양동 45-5번지
11215,10700,0,0045,0007,,,일반건축물,단독주택,주택,0,66.24,234.7,19871211,3,1,서울특별시 광진구 화양동 45-7번지
11215,10700,0,0045,0009,,,일반건축물,단독주택,다가구용단독주택(8가구),134.5,80.18,327.97,19951221,4,1,서울특별시 광진구 화양동 45-9번지
11215,10700,0,0045,0010,,,일반건축물,제2종근린생활시설,"단독주택(다가구주택), 제2종근린생활시설(사무소)",134.2,79.2,268.23,20120802,5,0,서울특별시 광진구 화양동 45-10번지
11215,10700,0,0045,0013,,,일반건축물,단독주택,다가구용단독주택(4가구),120.05,72,228.48,19961220,3,1,서울특별시 광진구 화양동 45-13번지
11215,10700,0,0045,0014,,,일반건축물,단독주택,주택,131.54,65.31,208.11,19900531,2,1,서울특별시 광진구 화양동 45-14번지
11215,10700,0,0045,0015,,,일반건축물,제1종근린생활시설,"근린생활시설, 주택",0,69.84,164.76,19850708,2,1,서울특별시 광진구 화양동 45-15번지
11215,10700,0,0045,0016,,,일반건축물,단독주택,주택,0,65.01,136.78,19690820,2,1,서울특별시 광진구 화양동 45-16번지
11215,10700,0,0045,0017,,,일반건축물,단독주택,"제2종근린생활시설,단독주택(다가구11가구)",260.19,155.8,519.22,20160202,5,0,서울특별시 광진구 화양동 45-17번지
11215,10700,0,0045,0018,,,일반건축물,단독주택,단독주택,134.9,80.92,231.83,19710730,3,1,서울특별시 광진구 화양동 45-18번지
11215,10700,0,0045,0019,,,일반건축물,단독주택,다가구용단독주택(7가구),157.4,94.28,358.18,19950629,3,1,서울특별시 광진구 화양동 45-19번지
11215,10700,0,0045,0021,,,일반건축물,단독주택,다가구용단독주택(9가구),157.32,93.75,349.98,19931111,3,1,서울특별시 광진구 화양동 45-21번지
11215,10700,0,0045,0022,,,일반건축물,단독주택,주택,132.2,65.53,224.17,19881005,2,1,서울특별시 광진구 화양동 45-22번지
11215,10700,0,0045,0023,,,일반건축물,단독주택,주택,124.3,68.97,251.07,19860709,3,1,서울특별시 광진구 화양동 45-23번지
11215,10700,0,0045,0024,,,일반건축물,단독주택,단독주택,155,90.4,285.67,19920515,3,1,서울특별시 광진구 화양동 45-24번지
11215,10700,0,0045,0025,,,일반건축물,단독주택,단독주택,129.9,64.71,238.56,19890905,3,1,서울특별시 광진구 화양동 45-25번지
11215,10700,0,0045,0026,,,일반건축물,단독주택,다가구용단독주택(8가구),155,92.95,347.52,19951104,3,1,서울특별시 광진구 화양동 45-26번지
11215,10700,0,0045,0028,,,일반건축물,단독주택,주택,0,57.72,115.44,19731025,2,0,서울특별시 광진구 화양동 45-28번지
11215,10700,0,0045,0029,,,일반건축물,단독주택,다가구용단독주택(7가구),97.5,56.64,160.22,19940204,2,1,서울특별시 광진구 화양동 45-29번지
11215,10700,0,0045,0030,,,일반건축물,단독주택,단독주택,97.5,56.1,164.96,19931224,2,1,서울특별시 광진구 화양동 45-30번지
11215,10700,0,0045,0031,,,일반건축물,단독주택,단독주택,97.5,56.73,167.83,19920212,2,1,서울특별시 광진구 화양동 45-31번지
11215,10700,0,0045,0032,,,일반건축물,단독주택,단독주택,91.34,54.15,162.45,19920312,2,1,서울특별시 광진구 화양동 45-32번지
11215,10700,0,0045,0033,,,일반건축물,단독주택,단독주택,95.14,49.47,148.41,19901219,2,1,서울특별시 광진구 화양동 45-33번지
11215,10700,0,0045,0034,,,일반건축물,단독주택,주택,0,45.18,145.39,19871201,2,1,서울특별시 광진구 화양동 45-34번지
11215,10700,0,0045,0035,,,일반건축물,단독주택,주택,90.81,45.27,148.41,19880516,2,1,서울특별시 광진구 화양동 45-35번지
11215,10700,0,0045,0036,,,일반건축물,단독주택,단독주택,90.81,45.27,148.41,19880516,2,1,서울특별시 광진구 화양동 45-36번지
11215,10700,0,0045,0037,,,일반건축물,단독주택,다가구용단독주택(5가구),90.4,54.22,149.16,19950511,2,1,서울특별시 광진구 화양동 45-37번지
11215,10700,0,0045,0038,,,일반건축물,제2종근린생활시설,근린생활시설,0,58.55,117.1,19740108,2,0,서울특별시 광진구 화양동 45-38번지
11215,10700,0,0045,0039,,,일반건축물,단독주택,주택,0,56.26,114.87,19730913,2,1,서울특별시 광진구 화양동 45-39번지
11215,10700,0,0045,0040,,,일반건축물,단독주택,다가구용단독주택(5가구),87.51,53.99,146.83,19940520,2,1,서울특별시 광진구 화양동 45-40번지
11215,10700,0,0045,0041,,,일반건축물,단독주택,주택,0,43.38,132.64,19890825,2,1,서울특별시 광진구 화양동 45-41번지
11215,10700,0,0045,0042,,,일반건축물,단독주택,단독주택,89.08,50.82,158.54,19911211,2,1,서울특별시 광진구 화양동 45-42번지
11215,10700,0,0045,0043,,,일반건축물,단독주택,다가구주택(6가구),89.11,53.42,156.3,19910525,2,1,서울특별시 광진구 화양동 45-43번지
11215,10700,0,0045,0044,,,일반건축물,단독주택,주택,86.97,43.4,136.36,19900713,2,1,서울특별시 광진구 화양동 45-44번지
11215,10700,0,0045,0046,,,일반건축물,단독주택,다가구용단독주택(12가구),127.9,85.74,315.69,19940616,3,1,서울특별시 광진구 화양동 45-46번지
11215,10700,0,0045,0047,,,일반건축물,단독주택,"제2종근린생활시설, 다가구주택",139.2,82.62,299.18,20030510,4,0,서울특별시 광진구 화양동 45-47번지
11215,10700,0,0045,0048,,,표제부,공동주택,"다세대주택(8세대),근린생활시설",229.4,136.31,444.8,20210618,5,0,서울특별시 광진구 화양동 45-48번지
11215,10700,0,0045,0050,,,일반건축물,단독주택,다가구용단독주택(5가구),121.3,71.97,198.31,19940520,2,1,서울특별시 광진구 화양동 45-50번지
11215,10700,0,0045,0051,,,일반건축물,단독주택,단독주택,123.3,61.48,237.07,19881027,3,1,서울특별시 광진구 화양동 45-51번지
11215,10700,0,0045,0052,집4552,,일반건축물,단독주택,단독주택(다가구4가구) 외1,104.8,62.64,209.45,20160714,5,0,서울특별시 광진구 화양동 45-52번지
11215,10700,0,0045,0053,,,일반건축물,단독주택,다가구주택,124.6,73.54,228.27,20060719,4,0,서울특별시 광진구 화양동 45-53번지
11215,10700,0,0045,0054,,,일반건축물,제1종근린생활시설,"제1종근린생활시설,주택",141.2,82.78,162.92,19740523,2,1,서울특별시 광진구 화양동 45-54번지
11215,10700,0,0045,0055,,,일반건축물,단독주택,주택,0,70.11,224.46,19890925,2,1,서울특별시 광진구 화양동 45-55번지
11215,10700,0,0045,0056,,,일반건축물,단독주택,다가구용단독주택(7가구),154.4,91.8,367.2,19971018,3,1,서울특별시 광진구 화양동 45-56번지
11215,10700,0,0045,0058,,,일반건축물,단독주택,다가구용단독주택(8가구),175.5,104.66,412.92,19960722,3,1,서울특별시 광진구 화양동 45-58번지
11215,10700,0,0045,0059,,,표제부,공동주택,"다세대주택(7세대),근린생활시설",136.5,81.59,264.57,20190813,5,0,서울특별시 광진구 화양동 45-59번지
11215,10700,0,0045,0060,,,일반건축물,단독주택,다가구주택(7가구),136.5,81.21,275.56,19910709,3,1,서울특별시 광진구 화양동 45-60번지
11215,10700,0,0045,0061,,,일반건축물,단독주택,다가구용단독주택(4가구),136.5,81.36,272.82,19961218,3,1,서울특별시 광진구 화양동 45-61번지
11215,10700,0,0045,0062,,,일반건축물,단독주택,단독주택,136.5,68.15,256.61,19890608,3,1,서울특별시 광진구 화양동 45-62번지
11215,10700,0,0045,0065,,,일반건축물,단독주택,"근린생활시설, 주택",147.8,81.85,349.64,19901016,4,1,서울특별시 광진구 화양동 45-65번지
11215,10700,0,0045,0066,,,일반건축물,제2종근린생활시설,"제2종근린생활시설,단독주택(다가구7가구)",229.4,130.05,456.58,20160204,5,0,서울특별시 광진구 화양동 45-66번지
11215,10700,0,0045,0068,,,일반건축물,단독주택,주택,114.7,67.74,179.28,19740829,3,1,서울특별시 광진구 화양동 45-68번지
11215,10700,0,0045,0069,,,일반건축물,단독주택,주택,114.7,56.88,189.96,19900619,2,1,서울특별시 광진구 화양동 45-69번지
11215,10700,0,0045,0070,,,일반건축물,단독주택,단독주택,147.8,88.14,294.6,20080103,5,0,서울특별시 광진구 화양동 45-70번지
11215,10700,0,0045,0071,,,일반건축물,제1종근린생활시설,"근린생활시설, 주택",145.8,86.8,440.36,19971002,4,1,서울특별시 광진구 화양동 45-71번지
11215,10700,0,0045,0072,,,일반건축물,제2종근린생활시설,"근린생활시설, 주택",142.1,85.24,385,19950626,4,1,서울특별시 광진구 화양동 45-72번지
11215,10700,0,0045,0073,,,일반건축물,단독주택,주택,0,59.82,181.77,19891102,2,1,서울특별시 광진구 화양동 45-73번지
11215,10700,0,0045,0075,,,일반건축물,단독주택,주택,0,59.73,185.19,19891020,2,1,서울특별시 광진구 화양동 45-75번지
11215,10700,0,0045,0076,,,일반건축물,단독주택,"주택, 근린생활시설",142.1,85.05,433.8,19930803,4,1,서울특별시 광진구 화양동 45-76번지
11215,10700,0,0045,0077,,,일반건축물,단독주택,"주택, 근린생활시설",142.1,85.05,424.73,19930803,4,1,서울특별시 광진구 화양동 45-77번지
11215,10700,0,0045,0078,,,일반건축물,단독주택,"다가구용단독주택(4가구), 근린생활시설",120.01,71.97,196.83,19931018,2,1,서울특별시 광진구 화양동 45-78번지
11215,10700,0,0045,0080,,,일반건축물,단독주택,"다가구용단독주택(4가구), 근린생활시설",119.56,71.73,196.59,19930706,2,1,서울특별시 광진구 화양동 45-80번지
11215,10700,0,0045,0081,,,일반건축물,제2종근린생활시설,"근린생활시설, 주택",142.1,85.24,415.76,19951213,4,1,서울특별시 광진구 화양동 45-81번지
11215,10700,0,0045,0082,,,일반건축물,제2종근린생활시설,"근린생활시설, 주택",145.05,85.5,377.4,19910810,4,1,서울특별시 광진구 화양동 45-82번지
11215,10700,0,0045,0083,,,일반건축물,단독주택,"다가구주택(4가구),근린생활시설",115.7,68.74,196.42,20190918,3,0,서울특별시 광진구 화양동 45-83번지
11215,10700,0,0045,0084,,,일반건축물,단독주택,주택,0,68.44,227.79,19880905,2,1,서울특별시 광진구 화양동 45-84번지
11215,10700,0,0045,0085,,,일반건축물,단독주택,다가구주택,115.82,68.04,197.97,19910809,3,1,서울특별시 광진구 화양동 45-85번지
11215,10700,0,0045,0086,,,일반건축물,단독주택,단독주택,91.7,54.82,164.35,19910809,2,1,서울특별시 광진구 화양동 45-86번지
11215,10700,0,0045,0087,,,일반건축물,단독주택,다가구용단독주택(7가구),139.9,83.22,334.34,19950120,3,1,서울특별시 광진구 화양동 45-87번지
11215,10700,0,0046,0001,,,일반건축물,단독주택,"주택, 근린생활시설",0,69.45,137.12,19740801,2,0,서울특별시 광진구 화양동 46-1번지
11215,10700,0,0046,0002,,,일반건축물,단독주택,"근린생활시설, 주택",255.2,127.02,648.15,19901222,4,1,서울특별시 광진구 화양동 46-2번지
11215,10700,0,0046,0003,,,일반건축물,제2종근린생활시설,"제2종근린생활시설(고시원),제1종근린생활시설(소매점)",242.3,145.27,683.15,20011023,5,0,서울특별시 광진구 화양동 46-3번지
11215,10700,0,0046,0004,,,일반건축물,단독주택,단독주택(다가구주택) 및 제2종근린생활시설(사무소),203.6,117.5,393.65,20101201,5,0,서울특별시 광진구 화양동 46-4번지
11215,10700,0,0046,0005,,,일반건축물,단독주택,다가구용단독주택(16가구),323,169.36,546.06,19951223,3,1,서울특별시 광진구 화양동 46-5번지
11215,10700,0,0046,0006,,,일반건축물,단독주택,주택,146.4,91.58,206.46,19750806,3,1,서울특별시 광진구 화양동 46-6번지
11215,10700,0,0046,0007,,,일반건축물,단독주택,다가구주택,114.4,51.97,178.31,19860515,3,1,서울특별시 광진구 화양동 46-7번지
11215,10700,0,0046,0008,,,일반건축물,단독주택,다가구용단독주택(5가구),145.8,87.3,312.32,19971106,3,1,서울특별시 광진구 화양동 46-8번지
11215,10700,0,0046,0009,,,일반건축물,단독주택,"근린생활시설, 주택",141.8,82.58,404.25,19961218,4,1,서울특별시 광진구 화양동 46-9번지
11215,10700,0,0046,0012,해오름 빌,,일반건축물,단독주택,"다가구주택, 근린생활시설",250.9,149.85,500.69,20170728,5,0,서울특별시 광진구 화양동 46-12번지
11215,10700,0,0046,0013,,,일반건축물,단독주택,단독주택,143.1,69.66,214.1,19891020,2,1,서울특별시 광진구 화양동 46-13번지
11215,10700,0,0046,0015,,,일반건축물,단독주택,주택,152.7,79.97,314.83,19890923,3,1,서울특별시 광진구 화양동 46-15번지
11215,10700,0,0046,0016,,,표제부,공동주택,공동주택,259.2,159.58,586.22,20080102,5,0,서울특별시 광진구 화양동 46-16번지
11215,10700,0,0046,0017,,,일반건축물,근린생활시설,근린생활시설,255.2,152.89,696.61,19920120,4,1,서울특별시 광진구 화양동 46-17번지
11215,10700,0,0046,0018,,,일반건축물,단독주택,주택,147.4,78.88,269.14,19891211,3,1,서울특별시 광진구 화양동 46-18번지
11215,10700,0,0046,0020,,,표제부,공동주택,공동주택(다세대주택),249.3,149,487.86,20040426,5,0,서울특별시 광진구 화양동 46-20번지
11215,10700,0,0046,0021,라온하우스,,일반건축물,단독주택,"근린생활시설, 다가구주택(15가구)",237,142.06,445.32,20250106,4,0,서울특별시 광진구 화양동 46-21번지
11215,10700,0,0046,0023,,,일반건축물,단독주택,다가구주택(5가구),105.78,63,157.68,20160718,4,0,서울특별시 광진구 화양동 46-23번지
11215,10700,0,0046,0024,,,일반건축물,단독주택,주택,101.85,50.15,156.72,19880711,2,1,서울특별시 광진구 화양동 46-24번지
11215,10700,0,0046,0025,,,일반건축물,단독주택,주택,97.66,48.69,165.63,19890622,2,1,서울특별시 광진구 화양동 46-25번지
11215,10700,0,0046,0026,,,일반건축물,단독주택,주택,105.558,52.08,194.7,19880721,3,1,서울특별시 광진구 화양동 46-26번지
11215,10700,0,0046,0027,,,일반건축물,단독주택,단독주택,111.95,55.71,179.82,19890520,2,1,서울특별시 광진구 화양동 46-27번지
11215,10700,0,0046,0028,,,일반건축물,단독주택,주택,0,53.48,160.44,19890825,2,1,서울특별시 광진구 화양동 46-28번지
11215,10700,0,0046,0030,,,일반건축물,단독주택,주택,106.8,64,205.22,19870910,3,1,서울특별시 광진구 화양동 46-30번지
11215,10700,0,0046,0031,,,일반건축물,단독주택,주택,0,60.63,69.72,19710603,1,1,서울특별시 광진구 화양동 46-31번지
11215,10700,0,0046,0032,,,일반건축물,단독주택,단독주택,88.5,44.04,143.54,19900430,2,1,서울특별시 광진구 화양동 46-32번지
11215,10700,0,0046,0033,,,일반건축물,단독주택,다가구주택,90.8,52.54,190.8,19910522,3,1,서울특별시 광진구 화양동 46-33번지
11215,10700,0,0046,0034,,,일반건축물,단독주택,주택,97.3,59.03,210.4,19901214,3,1,서울특별시 광진구 화양동 46-34번지
11215,10700,0,0046,0035,,,일반건축물,단독주택,단독주택,87.1,54.96,195.63,19901229,3,1,서울특별시 광진구 화양동 46-35번지
11215,10700,0,0046,0037,,,일반건축물,단독주택,"근린생활시설, 주택",124.3,70.91,174.09,19740713,3,0,서울특별시 광진구 화양동 46-37번지
11215,10700,0,0046,0038,,,일반건축물,단독주택,주택,90.5,51.75,155.25,19910125,2,1,서울특별시 광진구 화양동 46-38번지
11215,10700,0,0046,0039,,,일반건축물,단독주택,다가구주택(5가구),89.5,53.64,157.41,19930114,2,1,서울특별시 광진구 화양동 46-39번지
11215,10700,0,0046,0040,,,일반건축물,단독주택,주택,0,45.54,188.65,19881024,3,1,서울특별시 광진구 화양동 46-40번지
11215,10700,0,0046,0041,,,일반건축물,단독주택,단독주택,85.8,60.85,185.74,19910708,3,1,서울특별시 광진구 화양동 46-41번지
11215,10700,0,0046,0042,,,일반건축물,단독주택,"다가구주택(10가구),제1종근린생활시설",127.9,76.52,196.83,20170106,4,0,서울특별시 광진구 화양동 46-42번지
11215,10700,0,0046,0043,,,일반건축물,단독주택,주택,0,72.76,145.52,19731010,2,0,서울특별시 광진구 화양동 46-43번지
11215,10700,0,0046,0044,,,일반건축물,단독주택,단독주택-다가구주택/제2종근린생활시설(사무소),145.5,82.95,259.21,20071203,4,0,서울특별시 광진구 화양동 46-44번지
11215,10700,0,0046,0045,,,표제부,공동주택,공동주택-도시형생활주택(원룸형-다세대),157,92.8,410.81,20121018,6,0,서울특별시 광진구 화양동 46-45번지
11215,10700,0,0046,0046,,,표제부,공동주택,공동주택,161,95.71,320.06,20100709,5,0,서울특별시 광진구 화양동 46-46번지
11215,10700,0,0046,0047,,,일반건축물,제2종근린생활시설,제2종근린생활시설,204.6,122.23,551.96,20050426,4,1,서울특별시 광진구 화양동 46-47번지
11215,10700,0,0046,0048,,,일반건축물,단독주택,"주택, 근린생활시설",129.55,77.4,318.9,19920306,3,1,서울특별시 광진구 화양동 46-48번지
11215,10700,0,0046,0049,,,일반건축물,단독주택,다가구용단독주택(7가구),103.75,61.88,202.21,19990721,3,1,서울특별시 광진구 화양동 46-49번지
11215,10700,0,0046,0050,,,일반건축물,단독주택,주택,0,57.42,122.7,19740116,2,1,서울특별시 광진구 화양동 46-50번지
11215,10700,0,0046,0051,,,일반건축물,단독주택,다가구주택(5가구),142.5,82.08,232.32,19920722,2,1,서울특별시 광진구 화양동 46-51번지
11215,10700,0,0046,0052,,,일반건축물,단독주택,다가구주택(5가구),134.9,80.9,220.1,19920908,2,1,서울특별시 광진구 화양동 46-52번지
11215,10700,0,0046,0053,,,일반건축물,단독주택,주택,101.95,50.7,197.26,19880630,3,1,서울특별시 광진구 화양동 46-53번지
11215,10700,0,0046,0054,,,일반건축물,단독주택,단독주택,103.85,60.76,187.38,19920627,2,1,서울특별시 광진구 화양동 46-54번지
11215,10700,0,0046,0055,,,일반건축물,제2종근린생활시설,근린생활시설,129.9,77.64,212.2,19871224,2,1,서울특별시 광진구 화양동 46-55번지
11215,10700,0,0046,0056,,,일반건축물,제2종근린생활시설,제2종근린생활시설(일반음식점),237.2,124.95,599.77,20081230,4,1,서울특별시 광진구 화양동 46-56번지
11215,10700,0,0046,0058,,,일반건축물,단독주택,주택,0,57.42,119.64,19740221,2,1,서울특별시 광진구 화양동 46-58번지
11215,10700,0,0046,0059,,,일반건축물,단독주택,다가구용단독주택(6가구),134.2,80.45,229.85,19940805,2,1,서울특별시 광진구 화양동 46-59번지
11215,10700,0,0046,0060,,,일반건축물,단독주택,다가구용단독주택(5가구),144.8,86.83,246.83,19950929,2,1,서울특별시 광진구 화양동 46-60번지
11215,10700,0,0046,0061,,,일반건축물,단독주택,주택,109.1,61.64,161.56,19731030,3,1,서울특별시 광진구 화양동 46-61번지
11215,10700,0,0046,0062,,,일반건축물,단독주택,단독주택,103.8,58.95,212.29,19891229,3,1,서울특별시 광진구 화양동 46-62번지
11215,10700,0,0046,0063,,,일반건축물,제2종근린생활시설,"근린생활시설, 주택",130.28,64.78,329.17,19911118,4,1,서울특별시 광진구 화양동 46-63번지
11215,10700,0,0046,0064,,,일반건축물,제2종근린생활시설,"근린생활시설, 주택",0,102.76,465.84,19881228,3,1,서울특별시 광진구 화양동 46-64번지
11215,10700,0,0046,0065,,,일반건축물,제1종근린생활시설,"근린생활시설, 주택",163,97.54,494.21,19950620,4,1,서울특별시 광진구 화양동 46-65번지
11215,10700,0,0046,0066,,,일반건축물,제2종근린생활시설,"근린생활시설, 주택",146.77,87.98,431.6,19960903,4,1,서울특별시 광진구 화양동 46-66번지
11215,10700,0,0046,0068,,,일반건축물,단독주택,단독주택,121,65.96,157.39,19741202,3,1,서울특별시 광진구 화양동 46-68번지
11215,10700,0,0046,0069,,,일반건축물,단독주택,다가구주택,121.3,72.68,209.4,20180917,4,0,서울특별시 광진구 화양동 46-69번지
11215,10700,0,0046,0070,,,일반건축물,단독주택,주택,0,63.34,132.72,19740924,2,1,서울특별시 광진구 화양동 46-70번지
11215,10700,0,0046,0072,,,일반건축물,단독주택,주택,0,65.59,132.62,19740612,2,1,서울특별시 광진구 화양동 46-72번지
11215,10700,0,0046,0073,,,일반건축물,단독주택,주택,0,65.32,126.77,19740829,2,1,서울특별시 광진구 화양동 46-73번지
11215,10700,0,0046,0074,리치 하우스,,일반건축물,단독주택,"다가구주택, 근린생활시설",113.4,66.2,256,20171020,5,0,서울특별시 광진구 화양동 46-74번지
11215,10700,0,0046,0075,,,일반건축물,단독주택,단독주택,109.76,62.89,184.32,20180104,3,0,서울특별시 광진구 화양동 46-75번지
11215,10700,0,0046,0076,,,일반건축물,단독주택,주택,113.4,65.36,176.07,19741205,2,1,서울특별시 광진구 화양동 46-76번지
11215,10700,0,0046,0077,,,일반건축물,제2종근린생활시설,"제2종근린생활시설(고시원),단독주택(다가구주택)",134.5,79.73,268.88,20100701,5,0,서울특별시 광진구 화양동 46-77번지
11215,10700,0,0046,0079,,,일반건축물,단독주택,단독주택,154,92.3,213.38,19740706,2,1,서울특별시 광진구 화양동 46-79번지
11215,10700,0,0046,0080,,,일반건축물,단독주택,다가구주택(3가구),124.6,73.44,210.05,19920730,2,1,서울특별시 광진구 화양동 46-80번지
11215,10700,0,0046,0081,,,일반건축물,단독주택,다가구주택(6가구) 및 제2종근린생활시설,112.7,67.11,218.97,20161011,5,0,서울특별시 광진구 화양동 46-81번지
11215,10700,0,0046,0082,,,일반건축물,단독주택,주택,0,78.12,113.92,19741214,2,1,서울특별시 광진구 화양동 46-82번지
11215,10700,0,0046,0083,,,일반건축물,단독주택,단독주택,123,61.2,237.67,19891215,3,1,서울특별시 광진구 화양동 46-83번지
11215,10700,0,0047,0001,,,일반건축물,제1종근린생활시설,"근린생활시설, 주택",323.6,161.25,859.13,19850928,4,1,서울특별시 광진구 화양동 47-1번지
11215,10700,0,0047,0002,,,일반건축물,제2종근린생활시설,근린생활시설외 1,197.4,103.68,470.28,19850625,4,1,서울특별시 광진구 화양동 47-2번지
11215,10700,0,0047,0004,,,일반건축물,단독주택,단독주택,136.2,67.32,206.58,19890906,2,1,서울특별시 광진구 화양동 47-4번지
11215,10700,0,0047,0005,,,일반건축물,단독주택,단독주택/근린생활시설,134.2,80.04,342.59,19910730,4,1,서울특별시 광진구 화양동 47-5번지
11215,10700,0,0047,0006,,,일반건축물,단독주택,"근린생활시설, 주택",171.9,96.72,475.62,19940514,4,1,서울특별시 광진구 화양동 47-6번지
11215,10700,0,0047,0007,,,일반건축물,단독주택,"근린생활시설, 다가구용단독주택(5가구)",133.78,80.24,214.87,19950626,2,1,서울특별시 광진구 화양동 47-7번지
11215,10700,0,0047,0008,,,표제부,공동주택,공동주택-다세대주택(도시형생활주택:원룸형),130.9,73.94,231.21,20130218,5,0,서울특별시 광진구 화양동 47-8번지
11215,10700,0,0047,0010,,,일반건축물,단독주택,"근린생화시설, 주택",169.6,101.54,516.82,19940616,4,1,서울특별시 광진구 화양동 47-10번지
11215,10700,0,0047,0011,,,일반건축물,단독주택,단독주택,129.78,77.6,274.06,19940311,3,1,서울특별시 광진구 화양동 47-11번지
11215,10700,0,0047,0012,,,일반건축물,단독주택,주택,130.2,64.59,226.17,19891202,3,1,서울특별시 광진구 화양동 47-12번지
11215,10700,0,0047,0013,,,일반건축물,단독주택,다가구용단독주택(5가구),125,74.5,179.85,19950919,2,1,서울특별시 광진구 화양동 47-13번지
11215,10700,0,0047,0014,,,일반건축물,단독주택,단독주택,130.9,78,258.75,19941230,3,1,서울특별시 광진구 화양동 47-14번지
11215,10700,0,0047,0015,,,일반건축물,단독주택,"근린생활시설, 주택",170.2,101.58,494.85,19940520,4,1,서울특별시 광진구 화양동 47-15번지
11215,10700,0,0047,0018,,,일반건축물,제1종근린생활시설,근린생활시설,0,97.19,212.56,19771228,2,1,서울특별시 광진구 화양동 47-18번지
11215,10700,0,0047,0019,,,일반건축물,단독주택,단독주택,139.2,75.25,300.21,19900526,3,1,서울특별시 광진구 화양동 47-19번지
11215,10700,0,0047,0020,,,일반건축물,단독주택,다가구주택(3가구),129.6,77.28,187.64,19770511,3,1,서울특별시 광진구 화양동 47-20번지
11215,10700,0,0047,0021,,,일반건축물,단독주택,다가구용단독주택(8가구),165.6,97.8,364.08,19970624,3,1,서울특별시 광진구 화양동 47-21번지
11215,10700,0,0047,0022,,,일반건축물,단독주택,"주택, 점포",119.7,70.84,194.49,19740130,3,0,서울특별시 광진구 화양동 47-22번지
11215,10700,0,0047,0023,,,일반건축물,단독주택,"다가구용단독주택(8가구), 점포",166.6,99.42,387.79,19950626,3,1,서울특별시 광진구 화양동 47-23번지
11215,10700,0,0047,0024,,,일반건축물,단독주택,단독주택,120,66.72,245.28,19890621,3,1,서울특별시 광진구 화양동 47-24번지
11215,10700,0,0047,0025,,,일반건축물,단독주택,단독주택,107.8,53.82,168.21,19890508,2,1,서울특별시 광진구 화양동 47-25번지
11215,10700,0,0047,0026,,,일반건축물,단독주택,단독주택,100.2,50.07,203.44,19900525,3,1,서울특별시 광진구 화양동 47-26번지
11215,10700,0,0047,0028,,,표제부,제2종근린생활시설,"단독주택, 근린생활시설",102.8,61.51,185.25,20181018,4,0,서울특별시 광진구 화양동 47-28번지
11215,10700,0,0047,0029,,,일반건축물,단독주택,주택,106.4,52.98,177.27,19881123,3,1,서울특별시 광진구 화양동 47-29번지
11215,10700,0,0047,0030,,,일반건축물,단독주택,"단독주택,제2종근린생활시설",121.7,72.72,274.26,20091130,4,0,서울특별시 광진구 화양동 47-30번지
11215,10700,0,0047,0031,,,일반건축물,단독주택,주택,0,49.09,59.01,19711118,1,1,서울특별시 광진구 화양동 47-31번지
11215,10700,0,0047,0032,,,일반건축물,단독주택,주택,97.5,48.66,146.7,19881207,2,1,서울특별시 광진구 화양동 47-32번지
11215,10700,0,0047,0033,,,표제부,공동주택,공동주택(다세대주택:도시형생활주택),118,66.75,182.64,20140627,4,0,서울특별시 광진구 화양동 47-33번지
11215,10700,0,0047,0035,,,일반건축물,단독주택,다가구주택(10가구),171.92,102.24,349.63,19920928,3,1,서울특별시 광진구 화양동 47-35번지
11215,10700,0,0047,0036,,,일반건축물,단독주택,주택,0,67.24,121.63,19701210,2,0,서울특별시 광진구 화양동 47-36번지
11215,10700,0,0047,0038,,,일반건축물,단독주택,다가구용단독주택(5가구),95.9,56.92,149.92,19930831,2,1,서울특별시 광진구 화양동 47-38번지
11215,10700,0,0047,0039,,,일반건축물,단독주택,주택,117.92,58.78,176.34,19880604,2,1,서울특별시 광진구 화양동 47-39번지
11215,10700,0,0047,0040,,,일반건축물,단독주택,다가구용단독주택(7가구),121.28,72.6,259.74,19950630,3,1,서울특별시 광진구 화양동 47-40번지
11215,10700,0,0047,0041,,,일반건축물,단독주택,"근린생활시설, 노유자시설, 단독주택",180.8,108.43,491.09,19960729,4,1,서울특별시 광진구 화양동 47-41번지
11215,10700,0,0047,0042,,,일반건축물,단독주택,"근린생활시설, 주택",0,74.46,307.53,19880622,4,1,서울특별시 광진구 화양동 47-42번지
11215,10700,0,0047,0043,,,일반건축물,단독주택,"근린생활시설, 다가구주택",194.4,116.02,530.89,19960810,5,1,서울특별시 광진구 화양동 47-43번지
11215,10700,0,0047,0044,,,일반건축물,단독주택,단독주택(다가구주택),151.1,90.48,244.1,20140820,4,0,서울특별시 광진구 화양동 47-44번지
11215,10700,0,0047,0045,,,일반건축물,단독주택,"다가구주택,근린생활시설",133.2,72.46,250.75,19911106,3,1,서울특별시 광진구 화양동 47-45번지
11215,10700,0,0047,0046,,,일반건축물,단독주택,단독주택,139.8,69.69,278.09,19900921,3,1,서울특별시 광진구 화양동 47-46번지
11215,10700,0,0047,0047,,,일반건축물,단독주택,"단독주택(다가구주택), 제2종근린생활시설(사무소)",144.8,86.29,289.17,20121127,5,0,서울특별시 광진구 화양동 47-47번지
11215,10700,0,0047,0048,,,일반건축물,단독주택,다가구용단독주택(8가구),166.6,99.84,388.36,19941213,3,1,서울특별시 광진구 화양동 47-48번지
11215,10700,0,0047,0050,,,일반건축물,단독주택,단독주택,134.9,67.26,206.31,19900920,2,1,서울특별시 광진구 화양동 47-50번지
11215,10700,0,0047,0052,,,표제부,공동주택,다세대주택,133.5,77.4,245.9,20140728,5,0,서울특별시 광진구 화양동 47-52번지
11215,10700,0,0047,0053,,,일반건축물,단독주택,단독주택,134.9,80.42,348.49,19940630,4,1,서울특별시 광진구 화양동 47-53번지
11215,10700,0,0047,0054,,,일반건축물,제1종근린생활시설,근린생활시설,0,68.4,292.02,19890809,3,1,서울특별시 광진구 화양동 47-54번지
11215,10700,0,0047,0055,,,일반건축물,제1종근린생활시설,근린생활시설,0,66.64,258.72,19840723,3,1,서울특별시 광진구 화양동 47-55번지
11215,10700,0,0047,0056,,,일반건축물,단독주택,단독주택,133.2,77.73,267.69,19890612,3,1,서울특별시 광진구 화양동 47-56번지
11215,10700,0,0047,0057,,,일반건축물,단독주택,주택,0,66.04,206.19,19890804,2,1,서울특별시 광진구 화양동 47-57번지
11215,10700,0,0047,0058,,,일반건축물,단독주택,단독주택(다가구주택),132.6,68.2,252.9,19900820,3,1,서울특별시 광진구 화양동 47-58번지
11215,10700,0,0047,0059,,,일반건축물,단독주택,다가구용단독주택(7가구),133.2,79.82,299.88,19970630,3,1,서울특별시 광진구 화양동 47-59번지
11215,10700,0,0047,0061,,,일반건축물,단독주택,단독주택,108.8,54.08,214.56,19901011,3,1,서울특별시 광진구 화양동 47-61번지
11215,10700,0,0047,0062,,,일반건축물,단독주택,주택,108.8,53.73,166.46,19881222,2,1,서울특별시 광진구 화양동 47-62번지
11215,10700,0,0047,0063,,,일반건축물,단독주택,단독주택,108.8,58.85,232.31,19910131,3,1,서울특별시 광진구 화양동 47-63번지
11215,10700,0,0047,0064,,,일반건축물,단독주택,단독주택,106.8,55.42,184.53,19901011,2,1,서울특별시 광진구 화양동 47-64번지
11215,10700,0,0047,0066,,,일반건축물,단독주택,다가구용단독주택(7가구),166,99,366.77,19960925,3,1,서울특별시 광진구 화양동 47-66번지
11215,10700,0,0047,0067,,,일반건축물,제2종근린생활시설,"근린생활시설, 주택",205.6,102.3,532.31,19911004,4,1,서울특별시 광진구 화양동 47-67번지
11215,10700,0,0047,0068,,,일반건축물,제2종근린생활시설,"근린생활시설, 주택",179.5,89.44,462.29,19891023,4,1,서울특별시 광진구 화양동 47-68번지
11215,10700,0,0047,0070,,,일반건축물,단독주택,다가구주택(5가구),128.9,76.14,220.68,19910827,2,1,서울특별시 광진구 화양동 47-70번지
11215,10700,0,0047,0071,,,일반건축물,제1종근린생활시설,"근린생활시설, 주택",176.9,87.12,423.72,19920331,4,1,서울특별시 광진구 화양동 47-71번지
11215,10700,0,0047,0072,,,일반건축물,단독주택,"근린생활시설,단독주택",176.9,85.85,389.86,19930715,4,1,서울특별시 광진구 화양동 47-72번지
11215,10700,0,0047,0073,,,일반건축물,제2종근린생활시설,"근린생활시설, 주택",243.7,116.07,677.64,19901129,5,1,서울특별시 광진구 화양동 47-73번지
11215,10700,0,0047,0074,,,일반건축물,단독주택,다가구용단독주택(8가구),0,65.41,252.15,19930125,3,1,서울특별시 광진구 화양동 47-74번지
11215,10700,0,0047,0075,,,일반건축물,단독주택,단독주택,117.4,70.39,194.22,19770817,3,1,서울특별시 광진구 화양동 47-75번지
11215,10700,0,0047,0076,,,일반건축물,제2종근린생활시설,"근린생활시설, 주택",166.9,88.37,429.32,19941103,4,1,서울특별시 광진구 화양동 47-76번지
11215,10700,0,0047,0077,,,일반건축물,제1종근린생활시설,근린생활시설,166.9,92.63,467.1,19940819,4,1,서울특별시 광진구 화양동 47-77번지
11215,10700,0,0047,0078,,,일반건축물,단독주택,다가구용단독주택(7),154.4,92.49,295.7,19961012,3,1,서울특별시 광진구 화양동 47-78번지
11215,10700,0,0047,0079,,,일반건축물,제2종근린생활시설,"근린생활시설, 주택",166,99.53,484.77,19970520,4,1,서울특별시 광진구 화양동 47-79번지
11215,10700,0,0047,0080,,,일반건축물,단독주택,다가구주택(5가구),128.3,76.36,216.18,19910212,2,1,서울특별시 광진구 화양동 47-80번지
11215,10700,0,0047,0081,,,일반건축물,제2종근린생활시설,"근린생활시설, 주택",191.7,110.76,494.88,19951004,4,1,서울특별시 광진구 화양동 47-81번지
11215,10700,0,0047,0082,,,일반건축물,단독주택,단독주택,120.7,70.72,238.8,20100617,5,0,서울특별시 광진구 화양동 47-82번지
11215,10700,0,0047,0083,,,일반건축물,제2종근린생활시설,제2종근린생활시설(일반음식점),120.7,69.75,154.07,19770817,2,1,서울특별시 광진구 화양동 47-83번지
11215,10700,0,0047,0084,,,일반건축물,단독주택,단독주택(다가구주택),129.3,77.1,195.13,19771209,3,1,서울특별시 광진구 화양동 47-84번지
11215,10700,0,0047,0085,,,일반건축물,단독주택,다가구주택(7가구),139.2,82.56,247.68,19910628,2,1,서울특별시 광진구 화양동 47-85번지
11215,10700,0,0048,0001,,,일반건축물,제1종근린생활시설,근린생활시설,188.8,110.39,327.51,20031205,4,0,서울특별시 광진구 화양동 48-1번지
11215,10700,0,0048,0002,,,일반건축물,단독주택,다가구용단독주택(7가구),155.4,88.77,294.65,19950707,3,1,서울특별시 광진구 화양동 48-2번지
11215,10700,0,0048,0003,화양동 근린생활시설,,일반건축물,업무시설,"근린생활시설, 업무시설",1123.3,557.31,3558.48,19891014,5,1,서울특별시 광진구 화양동 48-3번지
11215,10700,0,0048,0004,,,일반건축물,제1종근린생활시설,"근린생활시설, 주택",289.3,129.36,663.81,19850821,4,1,서울특별시 광진구 화양동 48-4번지
11215,10700,0,0048,0005,,,일반건축물,제1종근린생활시설,"근린생활시설, 업무시설",916.7,398.64,2391.84,19870827,5,1,서울특별시 광진구 화양동 48-5번지
11215,10700,0,0048,0012,,,일반건축물,단독주택,다가구용단독주택(8가구),150.4,89.76,328.32,19930526,3,1,서울특별시 광진구 화양동 48-12번지
11215,10700,0,0048,0013,,,일반건축물,단독주택,다가구용단독주택(9가구),155.4,93.17,340.78,19921212,3,1,서울특별시 광진구 화양동 48-13번지
11215,10700,0,0048,0014,,,표제부,제2종근린생활시설,근린생활시설,768.6,379.84,2429.38,19960307,6,1,서울특별시 광진구 화양동 48-14번지
11215,10700,0,0048,0017,,,일반건축물,제2종근린생활시설,근린생활시설,0,180,768.75,19860619,3,2,서울특별시 광진구 화양동 48-17번지
11215,10700,0,0048,0019,,,일반건축물,제2종근린생활시설,근린생활시설,164,97.79,258.8,19731107,3,1,서울특별시 광진구 화양동 48-19번지
11215,10700,0,0048,0020,,,일반건축물,단독주택,"근린생활시설, 주택(1가구)",164,83.2,409.6,19930304,4,1,서울특별시 광진구 화양동 48-20번지
11215,10700,0,0048,0021,,,일반건축물,단독주택,"근린생활시설, 주택",174.3,100.22,451.9,19931204,4,1,서울특별시 광진구 화양동 48-21번지
11215,10700,0,0048,0022,,,일반건축물,제2종근린생활시설,근린생활시설,175.2,87.42,389.49,19890912,3,1,서울특별시 광진구 화양동 48-22번지
11215,10700,0,0048,0023,,,일반건축물,제1종근린생활시설,"근린생활시설, 주택(1가구)",226.1,112.96,615.3,19890926,4,1,서울특별시 광진구 화양동 48-23번지
11215,10700,0,0048,0025,,,일반건축물,제2종근린생활시설,근린생활시설,276,150.03,660.13,19971020,4,1,서울특별시 광진구 화양동 48-25번지
11215,10700,0,0048,0027,,,표제부,공동주택,연립주택,0,109.42,254.88,19770819,2,1,서울특별시 광진구 화양동 48-27번지
11215,10700,0,0048,0028,,,일반건축물,제2종근린생활시설,"근린생활시설, 다가구주택",411.6,245.7,1470.42,20000115,5,1,서울특별시 광진구 화양동 48-28번지
11215,10700,0,0048,0031,,,일반건축물,제2종근린생활시설,"근린생활시설, 주택",212.6,116.49,658.17,19970604,5,1,서울특별시 광진구 화양동 48-31번지
11215,10700,0,0048,0033,,,일반건축물,제2종근린생활시설,"근린생활시설, 주택",214.5,117.75,657.6,19970604,5,1,서울특별시 광진구 화양동 48-33번지
11215,10700,0,0049,0001,,,일반건축물,제1종근린생활시설,"근린생활시설, 주택",0,99.18,396.72,19840526,3,1,서울특별시 광진구 화양동 49-1번지
11215,10700,0,0049,0002,,,일반건축물,제1종근린생활시설,"근린생활시설, 주택",234,116.48,627.44,19930927,4,1,서울특별시 광진구 화양동 49-2번지
11215,10700,0,0049,0003,,,일반건축물,제1종근린생활시설,"근린생활시설, 주택",182.8,106.26,479.82,19941029,4,1,서울특별시 광진구 화양동 49-3번지
11215,10700,0,0049,0004,,,일반건축물,제2종근린생활시설,"단독주택(다가구주택), 제2종근린생활시설(일반음식점,노래연습장)",149.1,67.92,374.28,20121211,5,1,서울특별시 광진구 화양동 49-4번지
11215,10700,0,0049,0005,,,일반건축물,단독주택,주택,0,112.83,236.56,19731110,2,1,서울특별시 광진구 화양동 49-5번지
11215,10700,0,0049,0006,태영빌딩,,일반건축물,제2종근린생활시설,근린생활시설,268.4,133.72,870.86,20050719,6,1,서울특별시 광진구 화양동 49-6번지
11215,10700,0,0049,0008,금석빌딩,,일반건축물,제1종근린생활시설,"근린생활시설, 다가구주택",195.7,117.28,631.05,20020312,5,1,서울특별시 광진구 화양동 49-8번지
11215,10700,0,0049,0009,,,일반건축물,제2종근린생활시설,"업무시설,근린생활시설",2022.8,400.08,1920.48,19900920,4,1,서울특별시 광진구 화양동 49-9번지
11215,10700,0,0049,0009,,,일반건축물,제1종근린생활시설,제1종근린생활시설(소매점),2022.8,144.2,144.2,19790319,1,0,서울특별시 광진구 화양동 49-9번지
11215,10700,0,0049,0010,,,일반건축물,제1종근린생활시설,근린생활시설,0,59.83,169.16,19820910,2,1,서울특별시 광진구 화양동 49-10번지
11215,10700,0,0049,0011,,,일반건축물,교육연구시설,"근린생활시설, 교육연구시설",1154.7,505.75,2395.3,19940812,4,1,서울특별시 광진구 화양동 49-11번지
11215,10700,0,0049,0012,글로벌시티,,표제부,업무시설,"업무시설(오피스텔),근린생활시설, 단독주택",689.6,339.81,3059.81,20030909,8,2,서울특별시 광진구 화양동 49-12번지
11215,10700,0,0049,0013,,,일반건축물,제2종근린생활시설,근린생활시설,165.3,94.52,462.68,19971107,5,1,서울특별시 광진구 화양동 49-13번지
11215,10700,0,0049,0014,,,일반건축물,단독주택,"근린생활시설, 주택",165.3,94.52,415.48,19971107,4,1,서울특별시 광진구 화양동 49-14번지
11215,10700,0,0049,0015,,,일반건축물,제2종근린생활시설,제2종근린생활시설,180.8,89.29,422.33,20230313,5,0,서울특별시 광진구 화양동 49-15번지
11215,10700,0,0049,0018,,,일반건축물,제1종근린생활시설,"근린생활시설,업무시설",538.5,199.2,1195.2,19940907,5,1,서울특별시 광진구 화양동 49-18번지
11215,10700,0,0049,0020,,,일반건축물,제1종근린생활시설,근린생활시설,334.9,141.74,599.58,19930702,3,1,서울특별시 광진구 화양동 49-20번지
11215,10700,0,0050,0001,,,일반건축물,업무시설,업무시설,2066.1,802.28,4018.89,,4,1,서울특별시 광진구 화양동 50-1번지
11215,10700,0,0050,0002,,,일반건축물,제2종근린생활시설,근린생활시설,0,258.39,1422.18,19880122,4,1,서울특별시 광진구 화양동 50-2번지
11215,10700,0,0051,0001,,,일반건축물,단독주택,주택,139,78,247,19900825,2,1,서울특별시 광진구 화양동 51-1번지
11215,10700,0,0051,0003,,,일반건축물,단독주택,단독주택,79.26,39.38,128.05,19900614,2,1,서울특별시 광진구 화양동 51-3번지
11215,10700,0,0051,0005,,,일반건축물,단독주택,단독주택,61.45,30.69,97.77,19900905,2,1,서울특별시 광진구 화양동 51-5번지
11215,10700,0,0051,0006,,,일반건축물,단독주택,"단독주택,2종근린생활시설",129,61.19,180.52,20090107,3,0,서울특별시 광진구 화양동 51-6번지
11215,10700,0,0054,0002,,,일반건축물,단독주택,주택,161.55,80.3,244.9,19880302,2,1,서울특별시 광진구 화양동 54-2번지
11215,10700,0,0054,0004,,,일반건축물,단독주택,주택,0,39.5,47.3,19740421,1,1,서울특별시 광진구 화양동 54-4번지
11215,10700,0,0055,0000,,,일반건축물,단독주택,주택,0,63.45,195.41,19880229,2,1,서울특별시 광진구 화양동 55번지
11215,10700,0,0055,0000,,,일반건축물,단독주택,주택,0,36.36,36.36,19580611,1,0,서울특별시 광진구 화양동 55번지
11215,10700,0,0055,0000,,,일반건축물,단독주택,주택,0,49.59,49.59,19270830,1,0,서울특별시 광진구 화양동 55번지
11215,10700,0,0056,0000,에버빌,,표제부,공동주택,공동주택,228.37,114.15,451.04,20081204,5,0,서울특별시 광진구 화양동 56번지
11215,10700,0,0057,0000,해오름,,일반건축물,제2종근린생활시설,단독주택-다가구주택,273,134.16,681.03,20140307,7,0,서울특별시 광진구 화양동 57번지
11215,10700,0,0058,0010,,,표제부,공동주택,다세대주택,0,82.45,247.35,19861213,2,1,서울특별시 광진구 화양동 58-10번지
11215,10700,0,0058,0013,,,표제부,공동주택,다세대주택,0,82.83,248.49,19861213,2,1,서울특별시 광진구 화양동 58-13번지
11215,10700,0,0061,0002,,,일반건축물,단독주택,다가구용단독주택(14가구),344,194.4,659.34,19940316,3,1,서울특별시 광진구 화양동 61-2번지
11215,10700,0,0064,0002,,,표제부,공동주택,"도시형생활주택단지형다세대(10세대),근린생활시설",248,123.35,433.55,20200731,6,1,서울특별시 광진구 화양동 64-2번지
11215,10700,0,0066,0002,,,일반건축물,단독주택,주택,0,76.66,164.27,19751223,2,1,서울특별시 광진구 화양동 66-2번지
11215,10700,0,0066,0005,,,일반건축물,단독주택,"주택, 점포",0,78.28,161.32,19751217,2,1,서울특별시 광진구 화양동 66-5번지
11215,10700,0,0067,0001,,,일반건축물,단독주택,다가구용단독주택(4가구),92,54.06,149.88,19940226,2,1,서울특별시 광진구 화양동 67-1번지
11215,10700,0,0067,0002,,,일반건축물,제1종근린생활시설,근린생활시설,0,40.59,40.59,19850118,1,0,서울특별시 광진구 화양동 67-2번지
11215,10700,0,0067,0003,,,일반건축물,단독주택,주택,0,62.38,128.6,19700926,2,1,서울특별시 광진구 화양동 67-3번지
11215,10700,0,0068,0001,,,표제부,공동주택,다세대주택(8세대),390.9,160.31,579.28,19950114,3,1,서울특별시 광진구 화양동 68-1번지
11215,10700,0,0068,0002,,,일반건축물,단독주택,주택,0,78.6,235.8,19870928,2,1,서울특별시 광진구 화양동 68-2번지
11215,10700,0,0068,0003,,,일반건축물,단독주택,주택,0,81.54,244.62,19871012,2,1,서울특별시 광진구 화양동 68-3번지
11215,10700,0,0068,0004,,,일반건축물,단독주택,"근린생활시설, 다가구용단독주택(3가구)",119.58,63.92,186.75,19950930,2,1,서울특별시 광진구 화양동 68-4번지
11215,10700,0,0069,0000,,,일반건축물,단독주택,"단독주택(다가구주택),제2종근린생활시설(사무소)",136,67.72,315.32,20130129,5,0,서울특별시 광진구 화양동 69번지
11215,10700,0,0070,0000,,,일반건축물,단독주택,다가구주택(10가구),213.69,128.19,378.11,19941228,2,1,서울특별시 광진구 화양동 70번지
11215,10700,0,0071,0000,,,일반건축물,단독주택,다가구주택(13가구),394.49,162.71,649.04,19960921,3,1,서울특별시 광진구 화양동 71번지
11215,10700,0,0072,0000,,,일반건축물,단독주택,다가구주택(11가구),295.37,176.8,654.01,19960913,3,1,서울특별시 광진구 화양동 72번지
11215,10700,0,0074,0001,,,일반건축물,단독주택,단독주택,117.7,57.44,185.44,19891023,2,1,서울특별시 광진구 화양동 74-1번지
11215,10700,0,0074,0002,,,일반건축물,단독주택,다가구용단독주택(9가구),187.36,83.22,249.66,19901228,2,1,서울특별시 광진구 화양동 74-2번지
11215,10700,0,0074,0003,,,일반건축물,단독주택,단독주택,128.64,63.03,198.44,19891031,2,1,서울특별시 광진구 화양동 74-3번지
11215,10700,0,0075,0001,,,표제부,공동주택,"공동주택-다세대주택(도시형생활주택-원룸형),오피스텔,제2종근린생활시설(사무소)",147,87.71,546.19,20120417,8,0,서울특별시 광진구 화양동 75-1번지
11215,10700,0,0075,0002,,,표제부,제2종근린생활시설,"제2종근린생활시설(사무소),공동주택-다세대주택(도시형생활주택:원룸형)",186,102.9,748.1,20120827,8,1,서울특별시 광진구 화양동 75-2번지
11215,10700,0,0075,0003,화양동복합빌딩,,표제부,제2종근린생활시설,"도시형생활주택(6세대), 다세대주택(1세대), 근린생활시설",187,95.34,741.38,20160727,8,1,서울특별시 광진구 화양동 75-3번지
11215,10700,0,0075,0006,선인팰리스,,표제부,공동주택,"공동주택-다세대주택(도시형생활주택:원룸형),오피스텔,제2종근린생활시설(사무소)",205,122.73,804.39,20130129,8,0,서울특별시 광진구 화양동 75-6번지
11215,10700,0,0077,0000,,,표제부,제2종근린생활시설,"제1,2종근린생활시설",144,84.2,572.2,20170224,8,0,서울특별시 광진구 화양동 77번지
11215,10700,0,0078,0001,,,일반건축물,단독주택,다가구용단독주택(11가구),242.69,135,485.65,19950915,3,1,서울특별시 광진구 화양동 78-1번지
11215,10700,0,0080,0000,,,일반건축물,단독주택,다가구용단독주택(3가구),79.61,47.17,119.79,19950727,2,1,서울특별시 광진구 화양동 80번지
11215,10700,0,0082,0000,Penta Vill,,표제부,공동주택,"다세대주택(7세대), 제2종근린생활시설",188,110.65,681.61,20170330,8,0,서울특별시 광진구 화양동 82번지
11215,10700,0,0083,0001,,,표제부,공동주택,"공동주택-다세대주택(도시형생활주택:원룸형),제2종근린생활시설(사무소)",223,133.38,888.5,20130131,8,0,서울특별시 광진구 화양동 83-1번지
11215,10700,0,0083,0005,,,표제부,공동주택,"공동주택-다세대주택(도시형생활주택), 업무시설(오피스텔)",253,150.64,873.84,20121204,7,0,서울특별시 광진구 화양동 83-5번지
11215,10700,0,0084,0001,,,일반건축물,단독주택,단독주택,132,65.93,204.68,19900808,2,1,서울특별시 광진구 화양동 84-1번지
11215,10700,0,0084,0002,,,일반건축물,단독주택,다가구주택,172,81.66,210.44,19991112,3,0,서울특별시 광진구 화양동 84-2번지
11215,10700,0,0084,0003,,,일반건축물,단독주택,"주택, 점포",0,63.28,91.92,19840611,2,0,서울특별시 광진구 화양동 84-3번지
11215,10700,0,0086,0001,,,일반건축물,단독주택,주택,86,58.07,147.34,19710330,3,1,서울특별시 광진구 화양동 86-1번지
11215,10700,0,0086,0002,,,일반건축물,단독주택,단독주택,72.1,38.31,121.89,19910403,2,1,서울특별시 광진구 화양동 86-2번지
11215,10700,0,0086,0003,화양주택,,일반건축물,단독주택,단독주택,72,40.35,127.53,20080211,4,0,서울특별시 광진구 화양동 86-3번지
11215,10700,0,0086,0004,,,일반건축물,단독주택,주택,76,44.03,97.26,19710401,3,1,서울특별시 광진구 화양동 86-4번지
11215,10700,0,0088,0000,,,일반건축물,단독주택,다가구용단독주택(8가구),200.85,109.35,394.58,19960612,3,1,서울특별시 광진구 화양동 88번지
11215,10700,0,0089,0002,,,일반건축물,단독주택,다가구용단독주택(10가구),218,130.17,462.54,19951109,3,1,서울특별시 광진구 화양동 89-2번지
11215,10700,0,0090,0004,,,일반건축물,제2종근린생활시설,근린생활시설,0,197.08,783.08,19990517,5,1,서울특별시 광진구 화양동 90-4번지
11215,10700,0,0090,0004,,,일반건축물,제1종근린생활시설,근린생활시설,0,159.5,159.5,20050214,1,0,서울특별시 광진구 화양동 90-4번지
11215,10700,0,0092,0002,,,일반건축물,단독주택,주택,0,88.88,256.42,19840828,2,1,서울특별시 광진구 화양동 92-2번지
11215,10700,0,0092,0003,,,일반건축물,제2종근린생활시설,근린생활시설,0,54,216,19850830,3,1,서울특별시 광진구 화양동 92-3번지
11215,10700,0,0093,0001,DM7 건대,,표제부,업무시설,"업무시설(오피스텔), 공동주택(다세대주택), 근린생활시설",317.84,165.51,1318.4,20240124,13,1,서울특별시 광진구 화양동 93-1번지
11215,10700,0,0093,0002,윤성빌딩,,표제부,제2종근린생활시설,"근린생활시설, 공동주택(다세대)",246,141.95,964.25,20031226,6,1,서울특별시 광진구 화양동 93-2번지
11215,10700,0,0093,0003,캠퍼니안,,표제부,업무시설,업무시설(오피스텔),444,255.55,2409.3,20040204,10,1,서울특별시 광진구 화양동 93-3번지
11215,10700,0,0094,0000,,,일반건축물,단독주택,주택,0,19.83,19.83,19220918,1,0,서울특별시 광진구 화양동 94번지
11215,10700,0,0094,0000,,,일반건축물,단독주택,주택,0,23.14,23.14,19170818,1,0,서울특별시 광진구 화양동 94번지
11215,10700,0,0094,0001,,,일반건축물,제2종근린생활시설,"근린생활시설, 주택",264.34,156.81,789.53,19961207,4,1,서울특별시 광진구 화양동 94-1번지
11215,10700,0,0094,0004,,,일반건축물,제1종근린생활시설,"근린생활시설, 다가구주택(6가구)",162,85.92,343.48,19970424,3,1,서울특별시 광진구 화양동 94-4번지
11215,10700,0,0094,0006,,,표제부,제2종근린생활시설,공동주택-다세대주택(도시형생활주택:원룸형),317,183.43,997.85,20131230,8,0,서울특별시 광진구 화양동 94-6번지
11215,10700,0,0094,0007,디오티화양,,일반건축물,제1종근린생활시설,제2종근린생활시설,340,179.1,1026.29,19900613,5,1,서울특별시 광진구 화양동 94-7번지
11215,10700,0,0094,0009,화양동 프라하임,,표제부,업무시설,"오피스텔(72호),근린생활시설(7호),다세대주택(16세대)",828.5,438.13,4696.34,20220526,13,2,서울특별시 광진구 화양동 94-9번지
11215,10700,0,0094,0011,,,표제부,공동주택,"도시형생활주택(12세대), 제2종근린생활시설",265.59,155.41,794.64,20161027,7,0,서울특별시 광진구 화양동 94-11번지
11215,10700,0,0094,0012,,,일반건축물,단독주택,주택,0,65.83,125.48,19841228,2,0,서울특별시 광진구 화양동 94-12번지
11215,10700,0,0094,0013,엘리시아1차,,표제부,업무시설,"도시형생활주택원롬형(28세대),업무시설(오피스텔-47호),근린생활시설(2호)",416,226.7,1995.26,20210713,14,1,서울특별시 광진구 화양동 94-13번지
11215,10700,0,0094,0023,,,일반건축물,단독주택,주택,0,121.87,121.87,19660720,1,0,서울특별시 광진구 화양동 94-23번지
11215,10700,0,0094,0025,,,일반건축물,단독주택,"제2종근린생활시설(일반음식점),단독주택",227,93.65,136.06,19670825,2,0,서울특별시 광진구 화양동 94-25번지
11215,10700,0,0094,0041,,,일반건축물,단독주택,주택,0,33.49,33.49,19650630,1,0,서울특별시 광진구 화양동 94-41번지
11215,10700,0,0094,0052,,,일반건축물,단독주택,주택,0,39.67,39.67,19610630,1,0,서울특별시 광진구 화양동 94-52번지
11215,10700,0,0094,0056,,,일반건축물,단독주택,주택,199,61.07,61.07,19661021,1,0,서울특별시 광진구 화양동 94-56번지
11215,10700,0,0094,0059,,,일반건축물,제2종근린생활시설,"근린생활시설(소매점,사무소)",70,53.72,98.18,19700315,2,0,서울특별시 광진구 화양동 94-59번지
11215,10700,0,0094,0060,,,표제부,근린생활시설,근린생활시설,112,53.47,289.06,19881018,4,1,서울특별시 광진구 화양동 94-60번지
11215,10700,0,0094,0061,,,일반건축물,제2종근린생활시설,근린생활시설,241,117.33,480.07,19861107,4,1,서울특별시 광진구 화양동 94-61번지
11215,10700,0,0094,0073,,,일반건축물,제2종근린생활시설,근린생활시설,0,24.42,66.46,19871209,3,0,서울특별시 광진구 화양동 94-73번지
11215,10700,0,0094,0082,,,일반건축물,제2종근린생활시설,근린생활시설,0,50.88,202.22,19881008,3,1,서울특별시 광진구 화양동 94-82번지
11215,10700,0,0095,0001,,,일반건축물,단독주택,다가구주택(7가구),142.33,79.1,199.38,19911218,2,1,서울특별시 광진구 화양동 95-1번지
11215,10700,0,0095,0003,,,일반건축물,단독주택,다가구용단독주택(8가구),205,114.58,383.45,19960816,3,1,서울특별시 광진구 화양동 95-3번지
11215,10700,0,0095,0005,,,일반건축물,단독주택,다가구주택(7가구),151.55,79.36,198.63,19911218,2,1,서울특별시 광진구 화양동 95-5번지
11215,10700,0,0096,0002,,,일반건축물,제2종근린생활시설,"제1,2종근린생활시설(의원,사무소)",163.5,97.75,491.71,20160927,7,0,서울특별시 광진구 화양동 96-2번지
11215,10700,0,0097,0000,,,일반건축물,단독주택,다가구용단독주택(10가구),174.79,104.26,366.43,19961202,3,1,서울특별시 광진구 화양동 97번지
11215,10700,0,0098,0001,,,표제부,공동주택,"공동주택-다세대주택(도시형생활주택:원룸형),제2종근린생활시설(사무소),오피스텔",277.25,164.1,1054.66,20130726,8,0,서울특별시 광진구 화양동 98-1번지
11215,10700,0,0099,0000,,,표제부,제2종근린생활시설,"단독주택,근린생활시설",297,162.15,1147.14,20140818,8,1,서울특별시 광진구 화양동 99번지
11215,10700,0,0100,0000,,,일반건축물,제2종근린생활시설,"제2종근린생활시설(고시원),제1종근린생활시설(의원)",207,124.02,855.43,20130523,7,1,서울특별시 광진구 화양동 100번지
11215,10700,0,0101,0001,,,표제부,공동주택,"도시형생활주택(원룸형 18세대),제2종근린생활시설(사무소),다세대(1세대)",292.19,167.44,984.73,20150803,8,0,서울특별시 광진구 화양동 101-1번지
11215,10700,0,0101,0002,,,표제부,공동주택,"다세대주택(도시형생활주택_원룸형) 16세대, 제2종근린생활시설(사무소)",175.5,100.51,554.06,20150128,7,0,서울특별시 광진구 화양동 101-2번지
11215,10700,0,0101,0003,,,표제부,공동주택,"공동주택-다세대주택(도시형생활주택:원룸형),업무시설(오피스텔),제2종근린생활시설(사무소)",258,153.16,1219.41,20121228,8,2,서울특별시 광진구 화양동 101-3번지
11215,10700,0,0102,0001,,,표제부,공동주택,공동주택-다세대주택(도시형생활주택-원룸형),165,95.76,541.88,20110921,7,0,서울특별시 광진구 화양동 102-1번지
11215,10700,0,0102,0003,,,일반건축물,단독주택,단독주택,92,45.97,148.15,19900125,2,1,서울특별시 광진구 화양동 102-3번지
11215,10700,0,0102,0004,,,일반건축물,단독주택,단독주택,98.04,40.76,123.2,19900320,2,1,서울특별시 광진구 화양동 102-4번지
11215,10700,0,0103,0000,,,표제부,공동주택,"공동주택-다세대주택(도시형생활주택-원룸형),제2종근린생활시설(사무소)",161,95.88,520.53,20120130,7,0,서울특별시 광진구 화양동 103번지
11215,10700,0,0103,0001,,,표제부,제2종근린생활시설,"단독주택, 근린생활시설",142,85.09,599.76,20171103,8,1,서울특별시 광진구 화양동 103-1번지
11215,10700,0,0104,0000,,,일반건축물,제2종근린생활시설,"제2종근린생활시설, 단독주택",331,197.75,998.53,20100623,5,1,서울특별시 광진구 화양동 104번지
11215,10700,0,0105,0000,,,일반건축물,제2종근린생활시설,"근린생활시설, 주택",348,204.68,982.33,20020312,4,1,서울특별시 광진구 화양동 105번지
11215,10700,0,0106,0000,,,표제부,공동주택,"다세대주택(10세대), 제2종근린생활시설(사무소)",192,107.84,747.03,20141205,8,0,서울특별시 광진구 화양동 106번지
11215,10700,0,0107,0000,,,일반건축물,단독주택,다가구용단독주택(10가구),234.28,140.54,419.8,19941228,3,1,서울특별시 광진구 화양동 107번지
11215,10700,0,0107,0001,,,일반건축물,단독주택,다가구용단독주택(6가구),219.91,110.69,290.58,19941228,2,1,서울특별시 광진구 화양동 107-1번지
11215,10700,0,0108,0000,,,일반건축물,단독주택,주택,0,106.28,106.28,19610724,1,0,서울특별시 광진구 화양동 108번지
11215,10700,0,0109,0001,,,일반건축물,단독주택,다가구용단독주택,93.9,56.1,205.96,19960710,3,1,서울특별시 광진구 화양동 109-1번지
11215,10700,0,0109,0002,,,일반건축물,단독주택,다가구용단독주택(4가구),100.67,60.25,169.24,19960224,2,1,서울특별시 광진구 화양동 109-2번지
11215,10700,0,0109,0003,,,표제부,공동주택,"공동주택-다세대주택(도시형생활주택:원룸형), 제2종근린생활시설(사무소)",111,63,350.17,20130218,7,0,서울특별시 광진구 화양동 109-3번지
11215,10700,0,0109,0004,예그리나Ⅰ,,표제부,공동주택,"공동주택-다세대주택(도시형생활주택;원룸형),오피스텔,제2종근린생활시설(사무소)",183,106.4,730.24,20130124,9,0,서울특별시 광진구 화양동 109-4번지
11215,10700,0,0109,0007,예그리나Ⅱ,,표제부,공동주택,"공동주택-다세대주택(도시형생활주택:원룸형),오피스텔,제2종근린생활시설(사무소)",181,107.59,722.88,20130124,9,0,서울특별시 광진구 화양동 109-7번지
11215,10700,0,0110,0008,,,일반건축물,단독주택,다가구주택(9가구),145.15,81.05,199.5,19920512,2,1,서울특별시 광진구 화양동 110-8번지
11215,10700,0,0110,0011,,,일반건축물,단독주택,다가구용단독주택(6가구),126,75.56,296.86,19971215,3,1,서울특별시 광진구 화양동 110-11번지
11215,10700,0,0110,0021,,,일반건축물,단독주택,주택,0,82.31,167.33,19731207,2,1,서울특별시 광진구 화양동 110-21번지
11215,10700,0,0110,0022,,,일반건축물,단독주택,주택,0,68.25,204.75,19870601,2,1,서울특별시 광진구 화양동 110-22번지
11215,10700,0,0110,0023,,,일반건축물,단독주택,단독주택(다가구주택),112,65.66,208.96,19950830,3,1,서울특별시 광진구 화양동 110-23번지
11215,10700,0,0110,0037,,,표제부,업무시설,"공동주택(아파트), 근린생활시설, 업무시설",2751,2010.71,20275.51,19990628,13,4,서울특별시 광진구 화양동 110-37번지
11215,10700,0,0110,0040,,,표제부,공동주택,"공동주택-다세대주택,제1,2종근린생활시설(소매점,사무소)",230,119.87,742.38,20130906,6,1,서울특별시 광진구 화양동 110-40번지
11215,10700,0,0110,0048,,,일반건축물,단독주택,주택,140,69.5,222.4,19891023,2,1,서울특별시 광진구 화양동 110-48번지
11215,10700,0,0110,0049,,,일반건축물,단독주택,주택,138.26,69,213.84,19891023,2,1,서울특별시 광진구 화양동 110-49번지
11215,10700,0,0111,0001,,,일반건축물,단독주택,주택,0,20.5,20.5,19581105,1,0,서울특별시 광진구 화양동 111-1번지
11215,10700,0,0111,0005,화양동 111-5,,일반건축물,제1종근린생활시설,근린생활시설,301,0,670.43,19681220,3,1,서울특별시 광진구 화양동 111-5번지
11215,10700,0,0111,0012,빌리브 인테라스,,표제부,업무시설,"업무시설(오피스텔-491호),근린생활시설(46호)",0,1226.3,22330.4952,20211122,20,5,서울특별시 광진구 화양동 111-12번지
11215,10700,0,0111,0015,천주교 화양동성당,,일반건축물,종교시설,종교시설(성당),2147,1218.78,6339.55,20200616,7,2,서울특별시 광진구 화양동 111-15번지
11215,10700,0,0111,0018,,,일반건축물,단독주택,다가구주택(5가구),108.58,62.05,187.15,19910706,2,1,서울특별시 광진구 화양동 111-18번지
11215,10700,0,0111,0022,정익제이타워,,표제부,업무시설,도시형생활주택(32세대) 외 2,452.4,240.98,1991.39,20161004,10,1,서울특별시 광진구 화양동 111-22번지
11215,10700,0,0111,0023,,,일반건축물,단독주택,주택,115,68.36,202.92,19901231,2,1,서울특별시 광진구 화양동 111-23번지
11215,10700,0,0111,0024,,,일반건축물,단독주택,단독주택,138,107.85,199.8,19910827,2,1,서울특별시 광진구 화양동 111-24번지
11215,10700,0,0111,0025,,,일반건축물,제1종근린생활시설,"근린생활시설, 주택",274.4,136.98,795.34,19911202,5,1,서울특별시 광진구 화양동 111-25번지
11215,10700,0,0111,0027,,,일반건축물,제1종근린생활시설,근린생활시설,286.05,142.24,741.7,19881008,4,1,서울특별시 광진구 화양동 111-27번지
11215,10700,0,0111,0028,,,일반건축물,제2종근린생활시설,"제2종근린생활시설(학원,사무소), 제1종근린생활시설(소매점)",232,136.03,860.06,20120829,7,1,서울특별시 광진구 화양동 111-28번지
11215,10700,0,0111,0029,,,표제부,공동주택,"공동주택-다세대주택(도시형생활주택-원룸형),제2종근린생활시설(사무소)",169,94.1,570.09,20120419,7,1,서울특별시 광진구 화양동 111-29번지
11215,10700,0,0111,0035,정익제이타워2차,,표제부,업무시설,"업무시설(오피스텔22호),근린생활시설",196.8,117.9,886.72,20210122,8,1,서울특별시 광진구 화양동 111-35번지
11215,10700,0,0111,0036,,,일반건축물,제1종근린생활시설,근린생활시설(점포),146,72.66,290.64,19830930,3,1,서울특별시 광진구 화양동 111-36번지
11215,10700,0,0111,0037,셀립건대,,표제부,업무시설,"업무시설(오피스텔), 근린생활시설(소매점)",648,373.97,2957.69,20221228,8,2,서울특별시 광진구 화양동 111-37번지
11215,10700,0,0111,0040,태평정,,표제부,공동주택,공동주택(다세대주택) 및 근린생활시설,122.84,63.405,379.305,20250729,8,1,서울특별시 광진구 화양동 111-40번지
11215,10700,0,0111,0041,DM7 건대,,표제부,업무시설,"업무시설(오피스텔), 공동주택(다세대주택), 근린생활시설",194,121.29,1351.2,20240124,13,1,서울특별시 광진구 화양동 111-41번지
11215,10700,0,0111,0047,,,일반건축물,제2종근린생활시설,"사무실, 점포",0,113.85,359.73,19671210,3,1,서울특별시 광진구 화양동 111-47번지
11215,10700,0,0111,0050,,,일반건축물,제2종근린생활시설,근린생활시설,258.17,120,599.19,19940323,4,1,서울특별시 광진구 화양동 111-50번지
11215,10700,0,0111,0051,,,일반건축물,단독주택,주택,0,54.91,106.27,19700708,2,1,서울특별시 광진구 화양동 111-51번지
11215,10700,0,0111,0058,,,일반건축물,단독주택,주택,0,74.8,74.8,19750912,1,0,서울특별시 광진구 화양동 111-58번지
11215,10700,0,0111,0059,,,일반건축물,단독주택,주택,0,32.4,41.39,19730703,1,1,서울특별시 광진구 화양동 111-59번지
11215,10700,0,0111,0060,,,일반건축물,제2종근린생활시설,근린생활시설,0,98.51,253.75,19710727,3,1,서울특별시 광진구 화양동 111-60번지
11215,10700,0,0111,0061,,,일반건축물,제1종근린생활시설,근린생활시설,0,98.73,493.65,19841102,4,1,서울특별시 광진구 화양동 111-61번지
11215,10700,0,0111,0067,,,일반건축물,단독주택,주택,0,72.73,125.62,19780607,1,1,서울특별시 광진구 화양동 111-67번지
11215,10700,0,0111,0072,,,표제부,제1종근린생활시설,"점포, 사무실",0,295.11,1172.44,19810226,3,1,서울특별시 광진구 화양동 111-72번지
11215,10700,0,0111,0073,BLUE SKY,,표제부,업무시설,오피스텔 및 근린생활시설,362,202.35,1837.21,20180319,11,2,서울특별시 광진구 화양동 111-73번지
11215,10700,0,0111,0075,정익제이타워3차,,표제부,업무시설,"업무시설(오피스텔-15호), 도시형생활주택(원룸형-14세대),근린생활시설(5호)",183.2,109.87,1082.32,20220413,12,1,서울특별시 광진구 화양동 111-75번지
11215,10700,0,0111,0078,,,일반건축물,단독주택,주택,0,80.2,80.2,19661110,1,0,서울특별시 광진구 화양동 111-78번지
11215,10700,0,0111,0079,,,일반건축물,제1종근린생활시설,근린생활시설,107.62,42.64,149.76,19910507,3,1,서울특별시 광진구 화양동 111-79번지
11215,10700,0,0111,0080,,,일반건축물,단독주택,주택,0,37.19,69.42,19611220,2,0,서울특별시 광진구 화양동 111-80번지
11215,10700,0,0111,0088,신원리브웰 화양동 주상복합,,표제부,제2종근린생활시설,"업무시설(오피스텔 36호),아파트(도시형생활주택원룸형 28호),근린생활시설",497,297.773,2570.818,20190725,11,2,서울특별시 광진구 화양동 111-88번지
11215,10700,0,0111,0089,,,표제부,공동주택,"아파트(36세대),업무시설(오피스텔27호),근린생활시설(2호)",601,308.853,4227.723,20211216,14,3,서울특별시 광진구 화양동 111-89번지
11215,10700,0,0111,0100,,,일반건축물,단독주택,주택,0,0,3.31,19670821,1,0,서울특별시 광진구 화양동 111-100번지
11215,10700,0,0111,0100,,,일반건축물,단독주택,주택,0,60.17,60.17,19670821,1,0,서울특별시 광진구 화양동 111-100번지
11215,10700,0,0111,0102,,,표제부,공동주택,"도시형생활주택(원룸형),업무시설(오피스텔),근린생활시설,판매시설",837,500.42,8133.83,20181116,20,3,서울특별시 광진구 화양동 111-102번지
11215,10700,0,0111,0114,,,일반건축물,제2종근린생활시설,"근린생활시설, 주택",0,68.22,353.55,19860906,4,1,서울특별시 광진구 화양동 111-114번지
11215,10700,0,0111,0117,호연빌딩,,일반건축물,업무시설,"업무시설(사무소), 근린생활시설",700,388.55,4290.88,20240603,11,3,서울특별시 광진구 화양동 111-117번지
11215,10700,0,0111,0118,,,일반건축물,제2종근린생활시설,"주택, 근린생활시설",0,186.02,564.11,19690910,3,1,서울특별시 광진구 화양동 111-118번지
11215,10700,0,0111,0119,,,일반건축물,제1종근린생활시설,"점포, 근린생활시설, 주택",0,196.1,436.1,19691117,2,1,서울특별시 광진구 화양동 111-119번지
11215,10700,0,0111,0121,,,일반건축물,제1종근린생활시설,"근린생활시설, 주택",215,98.83,467.73,19881122,4,1,서울특별시 광진구 화양동 111-121번지
11215,10700,0,0111,0124,,,일반건축물,제1종근린생활시설,근린생활시설,0,85.07,449.12,19851223,4,1,서울특별시 광진구 화양동 111-124번지
11215,10700,0,0111,0127,,,일반건축물,단독주택,"근린생활시설, 주택",0,0,265.76,19860710,4,1,서울특별시 광진구 화양동 111-127번지
11215,10700,0,0111,0128,,,일반건축물,제1종근린생활시설,"근린생활시설, 다가구주택",0,49.15,253.19,19861227,4,1,서울특별시 광진구 화양동 111-128번지
11215,10700,0,0111,0129,,,일반건축물,제2종근린생활시설,제2종근린생활시설,0,90.08,180.16,19681020,2,0,서울특별시 광진구 화양동 111-129번지
11215,10700,0,0111,0130,,,일반건축물,제2종근린생활시설,근린생활시설,0,136.62,748.44,19860205,4,1,서울특별시 광진구 화양동 111-130번지
11215,10700,0,0111,0132,,,일반건축물,단독주택,주택,172,75.7,274.92,19871207,3,1,서울특별시 광진구 화양동 111-132번지
11215,10700,0,0111,0133,,,일반건축물,단독주택,주택,0,55.37,180.69,19871126,2,1,서울특별시 광진구 화양동 111-133번지
11215,10700,0,0111,0133,,,일반건축물,단독주택,주택,0,58.51,69.25,19681030,1,1,서울특별시 광진구 화양동 111-133번지
11215,10700,0,0111,0134,,,일반건축물,단독주택,다가구용단독주택(5가구),122,60.39,181.17,19910710,2,1,서울특별시 광진구 화양동 111-134번지
11215,10700,0,0111,0135,,,일반건축물,단독주택,주택,0,69.12,136.29,19681220,2,1,서울특별시 광진구 화양동 111-135번지
11215,10700,0,0111,0136,,,일반건축물,제2종근린생활시설,근린생활시설,123.45,65.55,199.62,19880526,2,1,서울특별시 광진구 화양동 111-136번지
11215,10700,0,0111,0137,,,표제부,공동주택,공동주택(다세대주택;도시형생활주택),222.6,133.43,794.4,20140514,7,1,서울특별시 광진구 화양동 111-137번지
11215,10700,0,0111,0139,,,일반건축물,단독주택,주택,0,74.82,273.37,19880106,3,1,서울특별시 광진구 화양동 111-139번지
11215,10700,0,0111,0159,,,일반건축물,제1종근린생활시설,근린생활시설,0,113.65,410.57,19730522,3,1,서울특별시 광진구 화양동 111-159번지
11215,10700,0,0111,0161,,,일반건축물,제2종근린생활시설,근린생활시설,446,249.84,1532.7,19970515,5,1,서울특별시 광진구 화양동 111-161번지
11215,10700,0,0111,0163,,,일반건축물,제2종근린생활시설,근린생활시설,0,48.63,57.19,19700718,1,1,서울특별시 광진구 화양동 111-163번지
11215,10700,0,0111,0164,,,일반건축물,제2종근린생활시설,제2종근린생활시설(사무소),0,48.43,98.61,19700717,2,1,서울특별시 광진구 화양동 111-164번지
11215,10700,0,0111,0165,,,일반건축물,단독주택,주택,0,55.34,110.8,19700718,2,1,서울특별시 광진구 화양동 111-165번지
11215,10700,0,0111,0166,,,일반건축물,단독주택,주택,0,59.46,190.3,19860522,2,1,서울특별시 광진구 화양동 111-166번지
11215,10700,0,0111,0182,,,일반건축물,단독주택,주택,0,88.96,174.51,19750314,2,1,서울특별시 광진구 화양동 111-182번지
11215,10700,0,0111,0183,,,일반건축물,단독주택,주택,0,77.69,186.28,19711225,2,1,서울특별시 광진구 화양동 111-183번지
11215,10700,0,0111,0184,,,일반건축물,단독주택,다가구용단독주택(7가구),177.09,104.12,336.41,19960627,3,1,서울특별시 광진구 화양동 111-184번지
11215,10700,0,0111,0185,,,일반건축물,제1종근린생활시설,제1종근린생활시설(소매점),130,67.2,166.22,19751215,3,1,서울특별시 광진구 화양동 111-185번지
11215,10700,0,0111,0196,,,일반건축물,단독주택,다가구주택,173.63,104.4,279.22,19930723,2,1,서울특별시 광진구 화양동 111-196번지
11215,10700,0,0111,0203,시트린,,표제부,업무시설,"업무시설(오피스텔-24호), 도시형생활주택원룸형(24세대), 근린생활시설(3호)",340,170.54,1772.32,20220217,10,2,서울특별시 광진구 화양동 111-203번지
11215,10700,0,0111,0204,,,일반건축물,제1종근린생활시설,"주택, 점포",0,67.14,189.09,19721228,3,1,서울특별시 광진구 화양동 111-204번지
11215,10700,0,0111,0206,,,일반건축물,제2종근린생활시설,근린생활시설,218,108.71,603.91,19900714,4,1,서울특별시 광진구 화양동 111-206번지
11215,10700,0,0111,0237,,,일반건축물,단독주택,단독주택,106,67.41,220.49,19910826,3,1,서울특별시 광진구 화양동 111-237번지
11215,10700,0,0112,0003,,,일반건축물,제1종근린생활시설,"근린생활시설, 단독주택",0,102.29,519.87,19870810,4,1,서울특별시 광진구 화양동 112-3번지
11215,10700,0,0112,0012,,,일반건축물,제2종근린생활시설,"근린생활시설, 주택",0,96.36,475.68,19860710,4,1,서울특별시 광진구 화양동 112-12번지
11215,10700,0,0112,0014,,,표제부,업무시설,"제2종근린생활시설,업무시설(오피스텔 25호)",236,140.93,1582.16,20151222,10,2,서울특별시 광진구 화양동 112-14번지
11215,10700,0,0112,0016,,,일반건축물,제2종근린생활시설,"근린생활시설, 주택",0,103.08,509.2,19871205,4,1,서울특별시 광진구 화양동 112-16번지
11215,10700,0,0112,0017,,,일반건축물,제1종근린생활시설,근린생활시설,64.65,31.92,162.35,19880830,4,1,서울특별시 광진구 화양동 112-17번지
11215,10700,0,0113,0001,광진 코지웰,,표제부,공동주택,"공동주택(도시형생활주택),업무시설(오피스텔),근린생활시설",1513,904.72,13373.93,20141103,14,4,서울특별시 광진구 화양동 113-1번지
11215,10700,0,0114,0005,,,일반건축물,제2종근린생활시설,"근린생활시설, 주택",0,167.84,839.2,19891227,4,1,서울특별시 광진구 화양동 114-5번지
11215,10700,0,0116,0002,화양동 동도센트리움 캠퍼스파크,,표제부,공동주택,"도시형생활주택원룸형(181세대),오피스텔(36호),근린생활시설,판매시설",906,541.13,8543.663,20190927,20,3,서울특별시 광진구 화양동 116-2번지
11215,10700,0,0117,0001,,,일반건축물,제2종근린생활시설,근린생활시설,0,49.59,49.59,19550811,1,0,서울특별시 광진구 화양동 117-1번지
11215,10700,0,0118,0005,,,일반건축물,근린생활시설,점포,0,0,379.09,19701028,2,1,서울특별시 광진구 화양동 118-5번지
11215,10700,0,0119,0004,,,일반건축물,근린생활시설,근린생활시설,0,0,979.72,19881229,3,1,서울특별시 광진구 화양동 119-4번지
11215,10700,0,0119,0005,,,일반건축물,단독주택,"주택, 사무실, 점포",0,0,607.57,19741113,3,1,서울특별시 광진구 화양동 119-5번지
11215,10700,0,0121,0009,더 퍼스트,,표제부,공동주택,"다세대주택(14세대), 오피스텔(8호), 근린생활시설",317,189.33,1322.28,20220421,8,1,서울특별시 광진구 화양동 121-9번지
11215,10700,0,0123,0000,,,일반건축물,단독주택,주택,132,65.93,197.79,19831004,2,1,서울특별시 광진구 화양동 123번지
11215,10700,0,0123,0001,,,일반건축물,단독주택,주택,0,82.35,247.05,19880818,2,1,서울특별시 광진구 화양동 123-1번지
11215,10700,0,0124,0001,,,일반건축물,단독주택,주택,0,44.63,89.26,19781228,1,1,서울특별시 광진구 화양동 124-1번지
11215,10700,0,0124,0002,,,일반건축물,단독주택,다가구용단독주택(7가구),156.61,93.95,250.57,19931216,2,1,서울특별시 광진구 화양동 124-2번지
11215,10700,0,0125,0000,,,일반건축물,단독주택,주택,0,140.64,322.65,19841016,2,1,서울특별시 광진구 화양동 125번지
11215,10700,0,0125,0003,,,일반건축물,단독주택,"근린생활시설, 주택",0,95.78,316.48,19840730,3,1,서울특별시 광진구 화양동 125-3번지
11215,10700,0,0127,0003,,,일반건축물,제1종근린생활시설,"근린생활시설(공중목욕탕), 주택",0,156.96,664.82,19840228,4,1,서울특별시 광진구 화양동 127-3번지
11215,10700,0,0131,0000,,,표제부,공동주택,연립주택,0,494.6,1978.4,19831230,3,1,서울특별시 광진구 화양동 131번지
11215,10700,0,0131,0003,,,일반건축물,제1종근린생활시설,"근린생활시설, 주택",0,99.36,396.54,19840619,3,1,서울특별시 광진구 화양동 131-3번지
11215,10700,0,0132,0003,,,일반건축물,종교시설,"교회, 근린생활시설",0,282,949.65,19840626,3,1,서울특별시 광진구 화양동 132-3번지
11215,10700,0,0132,0004,,,일반건축물,단독주택,"다가구주택, 점포",202,101.35,289.64,19710720,3,1,서울특별시 광진구 화양동 132-4번지
11215,10700,0,0132,0006,화양빌딩,,일반건축물,제2종근린생활시설,제2종근린생활시설(일반음식점),284,174.71,658.29,19701014,4,0,서울특별시 광진구 화양동 132-6번지
11215,10700,0,0132,0007,,,일반건축물,단독주택,"주택, 점포",0,94.98,284.94,19710110,3,0,서울특별시 광진구 화양동 132-7번지
11215,10700,0,0132,0008,,,표제부,공동주택,"다세대주택, 근린생활시설, 노유자시설",769,249.27,998.88,19900125,4,1,서울특별시 광진구 화양동 132-8번지
11215,10700,0,0132,0012,,,일반건축물,단독주택,주택,192,97.23,318.69,19890607,3,1,서울특별시 광진구 화양동 132-12번지
11215,10700,0,0132,0015,,,일반건축물,단독주택,주택,328,71.78,243.21,19830927,2,1,서울특별시 광진구 화양동 132-15번지
11215,10700,0,0132,0022,,,일반건축물,단독주택,주택,0,77.49,147.27,19671215,2,1,서울특별시 광진구 화양동 132-22번지
11215,10700,0,0132,0027,,,일반건축물,단독주택,다가구용단독주택(7가구),130,77.76,286.26,19940729,3,1,서울특별시 광진구 화양동 132-27번지
11215,10700,0,0132,0029,풍성그라시움,,표제부,공동주택,"도시형생활주택단지형다세대(10세대), 근린생활시설(3호)",221,110.37,575.44,20220704,8,1,서울특별시 광진구 화양동 132-29번지
11215,10700,0,0132,0031,,,표제부,공동주택,다세대주택,356,152.9,589.68,19961017,3,1,서울특별시 광진구 화양동 132-31번지
11215,10700,0,0132,0034,,,표제부,공동주택,다세대주택,248.44,130.62,635.94,19911207,4,1,서울특별시 광진구 화양동 132-34번지
11215,10700,0,0132,0036,한진 3,,표제부,제2종근린생활시설,"단독주택, 제2종근린생활시설",148,88.53,491.61,20151208,7,0,서울특별시 광진구 화양동 132-36번지
11215,10700,0,0132,0037,,,일반건축물,제2종근린생활시설,"단독주택,제2종근린생활시설(사무소)",177.92,90.27,406.96,20130603,4,1,서울특별시 광진구 화양동 132-37번지
11215,10700,0,0132,0049,,,일반건축물,단독주택,"근린생활시설, 주택",0,97.2,294.79,19841030,3,1,서울특별시 광진구 화양동 132-49번지
11215,10700,0,0132,0063,,,일반건축물,단독주택,"근린생활시설, 다가구용단독주택(3가구)",227.16,134.81,489.68,19930904,3,1,서울특별시 광진구 화양동 132-63번지
11215,10700,0,0132,0064,,,일반건축물,숙박시설,"점포, 여관",0,110.12,342.48,19710927,3,1,서울특별시 광진구 화양동 132-64번지
11215,10700,0,0132,0064,,,일반건축물,단독주택,주택,0,46.28,46.28,19420310,1,0,서울특별시 광진구 화양동 132-64번지
11215,10700,0,0132,0065,,,일반건축물,제1종근린생활시설,점포,0,92.5,193.99,19750621,2,1,서울특별시 광진구 화양동 132-65번지
11215,10700,0,0132,0065,,,일반건축물,단독주택,주택,0,96,116.66,19700706,1,1,서울특별시 광진구 화양동 132-65번지
11215,10700,0,0132,0066,,,일반건축물,단독주택,"주택, 점포",0,54.45,108.9,19750806,2,0,서울특별시 광진구 화양동 132-66번지
11215,10700,0,0132,0069,,,일반건축물,단독주택,"근린생활시설, 다가구주택(10가구)",0,0,291.56,,3,0,서울특별시 광진구 화양동 132-69번지
11215,10700,0,0132,0074,,,일반건축물,단독주택,다가구주택 및 근린생활시설,140.03,84.01,494.84,20170925,8,0,서울특별시 광진구 화양동 132-74번지
11215,10700,0,0132,0075,엘리시안파크,,표제부,업무시설,"근린생활시설,업무시설(오피스텔)",388,223.06,2032.65,20150325,10,2,서울특별시 광진구 화양동 132-75번지
11215,10700,0,0132,0091,,,일반건축물,단독주택,단독주택,139.05,80.74,244.25,19890901,2,1,서울특별시 광진구 화양동 132-91번지
11215,10700,0,0132,0093,,,일반건축물,단독주택,다가구주택(16가구),130.92,81.64,304.81,19910130,3,1,서울특별시 광진구 화양동 132-93번지
11215,10700,0,0132,0101,,,일반건축물,단독주택,주택,328,72.14,240.5,19830927,2,1,서울특별시 광진구 화양동 132-101번지
11215,10700,0,0168,0000,,,일반건축물,단독주택,주택,0,39.67,39.67,19320920,1,0,서울특별시 광진구 화양동 168번지
11215,10700,0,0168,0044,,,일반건축물,단독주택,주택,0,46.55,46.55,19600909,1,0,서울특별시 광진구 화양동 168-44번지
11215,10700,0,0174,0000,건대 트레비앙 오피스텔,,표제부,업무시설,"업무시설(오피스텔-387호), 근린생활시설,운동시설(체력단련장)",1809,1069.6107,18289.0148,20230628,18,4,서울특별시 광진구 화양동 174번지
11215,10700,0,0193,0000,하이뷰오피스텔,,표제부,업무시설,"업무시설(오피스텔 266호),근린생활시설(25호)",1382,736.23,11467.51,20200911,20,2,서울특별시 광진구 화양동 193번지
11215,10700,0,0202,0000,,,일반건축물,제1종근린생활시설,"점포, 당구장, 사무실, 음식점",403,178.31,633.99,19750807,3,1,서울특별시 광진구 화양동 202번지
11215,10700,0,0202,0000,,,일반건축물,제2종근린생활시설,근린생활시설,0,61.72,138.28,19761202,2,1,서울특별시 광진구 화양동 202번지
11215,10700,0,0206,0000,,,일반건축물,제2종근린생활시설,근린생활시설,0,211.04,629.42,19760607,3,1,서울특별시 광진구 화양동 206번지
11215,10700,0,0207,0000,,,일반건축물,제2종근린생활시설,근린생활시설(대중음식점),96,47.77,209.66,19880908,3,1,서울특별시 광진구 화양동 207번지
11215,10700,0,0209,0070,,,일반건축물,단독주택,주택,0,54.58,110.18,19710208,2,1,서울특별시 광진구 화양동 209-70번지
11215,10700,0,0210,0000,,,일반건축물,제2종근린생활시설,근린생활시설(대중음식점),0,46.95,180.38,19861010,3,1,서울특별시 광진구 화양동 210번지
11215,10700,0,0212,0000,,,일반건축물,제2종근린생활시설,근린생활시설,0,189.42,829.82,19781229,4,1,서울특별시 광진구 화양동 212번지
11215,10700,0,0213,0000,,,일반건축물,제1종근린생활시설,근린생활시설,0,49.29,227.79,19871030,3,1,서울특별시 광진구 화양동 213번지
11215,10700,0,0216,0000,,,일반건축물,제2종근린생활시설,근린생활시설,0,98.18,380.75,19731015,3,1,서울특별시 광진구 화양동 216번지
11215,10700,0,0217,0000,,,일반건축물,제1종근린생활시설,근린생활시설,0,48.58,233.01,19870921,3,1,서울특별시 광진구 화양동 217번지
11215,10700,0,0220,0000,,,일반건축물,제2종근린생활시설,근린생활시설,0,98.43,488.02,19880113,4,1,서울특별시 광진구 화양동 220번지
11215,10700,0,0221,0000,,,일반건축물,제2종근린생활시설,근린생활시설,0,49.45,149.68,19871014,2,1,서울특별시 광진구 화양동 221번지
11215,10700,0,0225,0000,,,일반건축물,제1종근린생활시설,근린생활시설,238,118.86,608.17,19880113,4,1,서울특별시 광진구 화양동 225번지
11215,10700,0,0226,0000,,,일반건축물,제1종근린생활시설,근린생활시설,0,95.55,449.13,19860701,4,1,서울특별시 광진구 화양동 226번지
11215,10700,0,0228,0000,,,일반건축물,제1종근린생활시설,근린생활시설,208,94.22,305.18,19940621,3,1,서울특별시 광진구 화양동 228번지
11215,10700,0,0230,0000,,,일반건축물,제1종근린생활시설,근린생활시설,0,55.52,55.52,19460320,1,0,서울특별시 광진구 화양동 230번지
11215,10700,0,0234,0000,화양동현대아파트,,표제부,공동주택,공동주택(아파트),0,424.22,8106.58,19990520,23,0,서울특별시 광진구 화양동 234번지
11215,10700,0,0234,0000,화양동현대아파트,,표제부,제1종근린생활시설,근린생활시설,0,265.38,1276.64,19990520,3,2,서울특별시 광진구 화양동 234번지
11215,10700,0,0234,0000,화양동현대아파트,,표제부,공동주택,공동주택(아파트),0,424.22,8106.58,19990520,23,0,서울특별시 광진구 화양동 234번지
11215,10700,0,0234,0000,화양동현대아파트,,표제부,공동주택,공동주택(아파트),0,288.73,5658.69,19990520,23,0,서울특별시 광진구 화양동 234번지
11215,10700,0,0234,0000,화양동현대아파트,,표제부,공동주택,복리시설.부대시설.부속시설,0,76.6,7255.24,19990520,2,2,서울특별시 광진구 화양동 234번지
11215,10700,0,0302,0004,,,일반건축물,제1종근린생활시설,근린생활시설,427.22,254.02,1160.09,19960511,5,1,서울특별시 광진구 화양동 302-4번지
11215,10700,0,0302,0005,,,일반건축물,제1종근린생활시설,점포.사무실,0,176.3,387.84,19690828,3,0,서울특별시 광진구 화양동 302-5번지
11215,10700,0,0302,0011,,,일반건축물,제2종근린생활시설,근린생활시설,918,309.9,1151.47,19801121,4,1,서울특별시 광진구 화양동 302-11번지
11215,10700,0,0302,0013,대명주유소,,일반건축물,위험물저장및처리시설,"위험물저장및처리시설(주유소),제1종근린생활시설",1299,454.48,699.75,19970131,2,1,서울특별시 광진구 화양동 302-13번지
11215,10700,0,0302,0016,,,일반건축물,공장,공장,0,346.61,716.62,19701016,3,0,서울특별시 광진구 화양동 302-16번지
11215,10700,0,0302,0023,,,일반건축물,단독주택,주택,0,48.76,48.76,19710213,1,0,서울특별시 광진구 화양동 302-23번지
11215,10700,0,0302,0024,,,표제부,업무시설,"업무시설,근린생활시설,주택",693,290.15,2197.45,20020906,7,1,서울특별시 광진구 화양동 302-24번지
11215,10700,0,0303,0009,서울구의초등학교,,일반건축물,교육연구시설,교육연구및복지시설,0,807.99,3192.99,20020206,5,0,서울특별시 광진구 화양동 303-9번지
11215,10700,0,0303,0009,서울구의초등학교,,일반건축물,교육연구시설,교육연구및복지시설,13782,1237.26,4799.94,20020206,4,0,서울특별시 광진구 화양동 303-9번지
11215,10700,0,0303,0009,,,일반건축물,교육연구시설,창고,0,90,90,20020206,1,0,서울특별시 광진구 화양동 303-9번지
11215,10700,0,0303,0009,,,일반건축물,교육연구시설,창고,0,36,36,20020206,1,0,서울특별시 광진구 화양동 303-9번지
11215,10700,0,0303,0009,서울구의초등학교,,일반건축물,교육연구시설,교육연구시설,0,1203.6,1630.1,20080110,3,0,서울특별시 광진구 화양동 303-9번지
11215,10700,0,0303,0009,,,일반건축물,교육연구시설,테니스장 휴게실,0,68.83,68.83,20220113,1,0,서울특별시 광진구 화양동 303-9번지
11215,10700,0,0303,0018,구의중학교,,일반건축물,교육연구시설,교육연구시설(창고),0,48.23,48.23,19970106,1,0,서울특별시 광진구 화양동 303-18번지
11215,10700,0,0303,0018,구의중학교,,일반건축물,교육연구시설,교육연구시설(창고),0,28,28,19970106,1,0,서울특별시 광진구 화양동 303-18번지
11215,10700,0,0303,0018,구의중학교,,일반건축물,교육연구시설,교육연구시설(창고),0,36,36,19970106,1,0,서울특별시 광진구 화양동 303-18번지
11215,10700,0,0303,0018,구의중학교,,일반건축물,교육연구시설,교육연구시설(체육관),0,889.2,1896.6,20161129,3,0,서울특별시 광진구 화양동 303-18번지
11215,10700,0,0303,0018,구의중학교,,일반건축물,교육연구시설,교육연구시설(학교),0,1695.88,7181.44,19970106,5,1,서울특별시 광진구 화양동 303-18번지
11215,10700,0,0304,0002,건국대학교,,일반건축물,교육연구시설,"기숙사, 식당",0,400.2,400.2,19670331,1,0,서울특별시 광진구 화양동 304-2번지
11215,10700,0,0348,0000,,,일반건축물,단독주택,주택,0,72.73,72.73,19270820,1,0,서울특별시 광진구 화양동 348번지
11215,10700,0,0348,0000,,,일반건축물,단독주택,"주택, 사무실",0,56.2,56.2,19540720,1,0,서울특별시 광진구 화양동 348번지
11215,10700,0,0350,0024,,,일반건축물,단독주택,주택,0,46.55,46.55,19610307,1,0,서울특별시 광진구 화양동 350-24번지
11215,10700,0,0352,0000,,,일반건축물,단독주택,주택,0,29.75,29.75,19510205,1,0,서울특별시 광진구 화양동 352번지
11215,10700,0,0353,0000,,,일반건축물,단독주택,주택,0,19.83,19.83,19350818,1,0,서울특별시 광진구 화양동 353번지
11215,10700,0,0353,0000,,,일반건축물,단독주택,주택,0,19.83,19.83,19320210,1,0,서울특별시 광진구 화양동 353번지
11215,10700,0,0355,0000,,,일반건축물,단독주택,주택,0,49.59,49.59,19320308,1,0,서울특별시 광진구 화양동 355번지
11215,10700,0,0355,0000,,,일반건축물,단독주택,주택,0,19.83,19.83,19320410,1,0,서울특별시 광진구 화양동 355번지
11215,10700,0,0361,0000,,,일반건축물,단독주택,"주택, 점포",0,178.51,178.51,19701224,1,0,서울특별시 광진구 화양동 361번지
11215,10700,0,0363,0000,,,일반건축물,단독주택,주택,0,19.83,19.83,19290919,1,0,서울특별시 광진구 화양동 363번지
11215,10700,0,0363,0000,,,일반건축물,단독주택,주택,0,49.59,49.59,19270319,1,0,서울특별시 광진구 화양동 363번지
11215,10700,0,0390,0001,,,일반건축물,단독주택,주택,0,66.78,66.78,19340507,1,0,서울특별시 광진구 화양동 390-1번지
11215,10700,0,0393,0008,,,일반건축물,단독주택,주택,0,81.69,181.96,19730823,2,1,서울특별시 광진구 화양동 393-8번지
11215,10700,0,0393,0009,,,일반건축물,단독주택,"다가구주택 10가구, 제2종근린생활시설(사무소)",215,128.97,384.95,20150126,4,0,서울특별시 광진구 화양동 393-9번지
11215,10700,0,0393,0010,,,일반건축물,단독주택,다가구용단독주택(5가구),150.18,83.64,248.76,19901227,2,1,서울특별시 광진구 화양동 393-10번지
11215,10700,0,0393,0011,,,일반건축물,단독주택,다가구용단독주택(10가구),213.3,127.71,495.64,19951027,3,1,서울특별시 광진구 화양동 393-11번지
11215,10700,0,0393,0012,,,일반건축물,단독주택,"다가구단독주택(5가구), 제2종근린생활시설",114,68.38,277.36,19931223,3,1,서울특별시 광진구 화양동 393-12번지
11215,10700,0,0393,0013,,,일반건축물,단독주택,다가구용단독주택(6가구),189,113,447.54,19951111,3,1,서울특별시 광진구 화양동 393-13번지
11215,10700,0,0393,0014,수경 하우스,,일반건축물,단독주택,"다가구주택(12가구), 제2종근린생활시설",175,104.88,349.37,20160822,5,0,서울특별시 광진구 화양동 393-14번지
11215,10700,0,0393,0015,,,일반건축물,단독주택,다가구용단독주택(10가구),159,95.2,393.72,19950401,3,1,서울특별시 광진구 화양동 393-15번지
11215,10700,0,0393,0016,,,일반건축물,단독주택,"다가구주택(7가구), 제2종근린생활시설",149,83.72,297.23,20160803,5,0,서울특별시 광진구 화양동 393-16번지
11215,10700,0,0393,0017,,,일반건축물,단독주택,"제2종근린생활시설,단독주택(다가구 6가구)",172,102.18,340.4,20150910,5,0,서울특별시 광진구 화양동 393-17번지
11215,10700,0,0393,0018,,,일반건축물,단독주택,"다가구주택(6가구),제1종근린생활시설",165,98.58,322.66,20160825,5,0,서울특별시 광진구 화양동 393-18번지
11215,10700,0,0393,0022,,,일반건축물,단독주택,다가구용단독주택(7가구),172,87.02,299.68,19981021,3,1,서울특별시 광진구 화양동 393-22번지
11215,10700,0,0393,0023,,,일반건축물,단독주택,"근린생활시설, 주택",183,109.5,288,19980429,2,1,서울특별시 광진구 화양동 393-23번지
11215,10700,0,0393,0024,,,일반건축물,제2종근린생활시설,"근린생활시설, 주택",152,84.45,247.52,19940630,2,1,서울특별시 광진구 화양동 393-24번지
11215,10700,0,0417,0002,,,일반건축물,단독주택,주택,101.49,71.85,287.22,19930121,4,1,서울특별시 광진구 화양동 417-2번지
11215,10700,0,0417,0012,,,일반건축물,단독주택,단독주택,96,64.89,172.35,19701212,3,1,서울특별시 광진구 화양동 417-12번지
11215,10700,0,0417,0013,,,일반건축물,단독주택,단독주택,80.32,47.64,186.42,19920128,3,1,서울특별시 광진구 화양동 417-13번지
11215,10700,0,0417,0014,,,일반건축물,단독주택,단독주택,79.7,47.64,142.92,19911217,2,1,서울특별시 광진구 화양동 417-14번지
11215,10700,0,0417,0015,,,일반건축물,단독주택,단독주택,106,55.22,186.54,19901119,3,1,서울특별시 광진구 화양동 417-15번지
11215,10700,0,0421,0000,,,일반건축물,단독주택,주택,0,66.11,66.11,19020208,1,0,서울특별시 광진구 화양동 421번지
11215,10700,0,0421,0001,,,일반건축물,단독주택,주택,236.85,108.54,108.54,19730502,1,0,서울특별시 광진구 화양동 421-1번지
11215,10700,0,0421,0002,,,일반건축물,단독주택,다가구주택 및 다중주택,294,150.42,451.26,19940615,3,0,서울특별시 광진구 화양동 421-2번지
11215,10700,0,0422,0000,,,일반건축물,단독주택,다가구용단독주택(9가구),431.6,177.44,634.89,19970923,3,1,서울특별시 광진구 화양동 422번지
11215,10700,0,0423,0002,,,일반건축물,단독주택,다가구용단독주택(3가구),64.64,40.73,112.81,19940912,2,1,서울특별시 광진구 화양동 423-2번지
11215,10700,0,0425,0001,,,일반건축물,교육연구시설,교육연구및복지시설외 1,367,186.75,912.08,20040715,5,1,서울특별시 광진구 화양동 425-1번지
11215,10700,0,0425,0002,,,일반건축물,단독주택,"단독주택, 근린생활시설",83,47.84,124.41,19921027,2,1,서울특별시 광진구 화양동 425-2번지
11215,10700,0,0426,0000,,,일반건축물,단독주택,주택,0,26.45,26.45,19320828,1,0,서울특별시 광진구 화양동 426번지
11215,10700,0,0426,0001,,,일반건축물,단독주택,주택,0,54.41,174.73,19880914,2,1,서울특별시 광진구 화양동 426-1번지
11215,10700,0,0426,0002,,,일반건축물,단독주택,단독주택(다가구 7가구),129,76.41,215.74,20160222,5,0,서울특별시 광진구 화양동 426-2번지
11215,10700,0,0426,0003,,,일반건축물,단독주택,"제1종근린생활시설,단독주택(다가구 7가구)",103.9,61.43,180.18,20160222,4,0,서울특별시 광진구 화양동 426-3번지
11215,10700,0,0426,0004,,,일반건축물,제2종근린생활시설,"제2종근린생활시설,단독주택(다가구3가구)",185.77,111.02,370.67,20160104,5,0,서울특별시 광진구 화양동 426-4번지
11215,10700,0,0426,0008,솔하우스,,일반건축물,단독주택,"제1종근린생활시설,단독주택(다가구주택7가구)",137,81.99,247.04,20151109,5,0,서울특별시 광진구 화양동 426-8번지
11215,10700,0,0427,0001,,,일반건축물,제1종근린생활시설,근린생활시설및 주택,123.52,68.72,199.04,19961025,3,0,서울특별시 광진구 화양동 427-1번지
11215,10700,0,0427,0002,BRICK HANDS-7,,일반건축물,단독주택,"다가구주택(2가구),근린생활시설",105.8,54.05,226.04,20200413,5,1,서울특별시 광진구 화양동 427-2번지
11215,10700,0,0427,0003,,,일반건축물,단독주택,주택,0,79.33,200.51,19680220,3,0,서울특별시 광진구 화양동 427-3번지
11215,10700,0,0427,0004,,,일반건축물,단독주택,다가구주택(10가구),277.67,136.75,399.63,19920608,2,1,서울특별시 광진구 화양동 427-4번지
11215,10700,0,0427,0005,,,일반건축물,단독주택,다가구주택(3가구),100.28,51.47,149.06,19920613,2,1,서울특별시 광진구 화양동 427-5번지
11215,10700,0,0428,0001,,,일반건축물,근린생활시설,근린생활시설,0,0,77.68,19600305,2,0,서울특별시 광진구 화양동 428-1번지
11215,10700,0,0430,0004,,,일반건축물,제2종근린생활시설,근린생활시설,0,131.01,290.22,19751204,2,1,서울특별시 광진구 화양동 430-4번지
11215,10700,0,0431,0001,,,일반건축물,단독주택,다가구주택(5가구),107.09,63.97,186.55,19920114,2,1,서울특별시 광진구 화양동 431-1번지
11215,10700,0,0431,0004,,,일반건축물,단독주택,단독주택,101.55,50.4,149.4,19900719,2,1,서울특별시 광진구 화양동 431-4번지
11215,10700,0,0431,0005,모진동경로당,,일반건축물,노유자시설,"교육연구시설, 복지시설",82.12,53.98,150.58,19961021,2,1,서울특별시 광진구 화양동 431-5번지
11215,10700,0,0431,0006,,,일반건축물,단독주택,단독주택,122,66.58,142.95,19701001,3,1,서울특별시 광진구 화양동 431-6번지
11215,10700,0,0431,0007,,,일반건축물,단독주택,단독주택,85.7,42.51,160.36,19930105,3,1,서울특별시 광진구 화양동 431-7번지
11215,10700,0,0431,0008,,,일반건축물,단독주택,다가구주택(3가구),0,39.76,121.08,19930105,2,1,서울특별시 광진구 화양동 431-8번지
11215,10700,0,0432,0002,,,일반건축물,단독주택,단독주택,113.86,68.27,300.63,19960401,4,1,서울특별시 광진구 화양동 432-2번지
11215,10700,0,0432,0005,,,일반건축물,단독주택,단독주택,85.86,42.63,127.89,19900906,2,1,서울특별시 광진구 화양동 432-5번지
11215,10700,0,0433,0002,,,일반건축물,단독주택,단독주택,99.8,41.65,98.88,19761203,3,1,서울특별시 광진구 화양동 433-2번지
11215,10700,0,0434,0001,,,일반건축물,단독주택,주택,0,70.08,119.67,19710730,2,0,서울특별시 광진구 화양동 434-1번지
11215,10700,0,0434,0002,,,일반건축물,단독주택,다가구주택(4세대),0,54.03,163.38,19910814,2,1,서울특별시 광진구 화양동 434-2번지
11215,10700,0,0434,0004,,,일반건축물,단독주택,주택,0,139.97,198.7,19610728,2,1,서울특별시 광진구 화양동 434-4번지
11215,10700,0,0434,0009,,,일반건축물,단독주택,주택,0,70.74,173.55,19800115,2,1,서울특별시 광진구 화양동 434-9번지
11215,10700,0,0434,0011,,,일반건축물,단독주택,다가구주택(3가구),89.54,53.51,156.22,19910919,2,1,서울특별시 광진구 화양동 434-11번지
11215,10700,0,0435,0001,,,일반건축물,단독주택,다가구용단독주택(7가구),130.53,77.23,262.43,19931204,3,1,서울특별시 광진구 화양동 435-1번지
11215,10700,0,0437,0001,,,일반건축물,단독주택,주택,140,71.16,167.53,19671225,3,0,서울특별시 광진구 화양동 437-1번지
11215,10700,0,0437,0004,,,일반건축물,단독주택,다가구용단독주택(5가구),177.27,99.02,251.28,19930827,2,1,서울특별시 광진구 화양동 437-4번지
11215,10700,0,0464,0002,,,일반건축물,단독주택,주택,0,54.71,54.71,19680230,1,0,서울특별시 광진구 화양동 464-2번지
11215,10700,0,0465,0000,,,일반건축물,단독주택,주택,0,39.67,39.67,192609,1,0,서울특별시 광진구 화양동 465번지
11215,10700,0,0465,0001,모진동 오피스텔,,일반건축물,업무시설,"근린생활시설, 오피스텔",499.95,290.94,1932.61,20050217,6,1,서울특별시 광진구 화양동 465-1번지
11215,10700,0,0465,0003,,,일반건축물,단독주택,다가구용단독주택(3가구),53,35.53,95.34,19940716,2,1,서울특별시 광진구 화양동 465-3번지
11215,10700,0,0465,0007,,,일반건축물,단독주택,다가구주택,107.2,55.26,164.7,20000425,2,1,서울특별시 광진구 화양동 465-7번지
11215,10700,0,0465,0008,,,일반건축물,단독주택,다가구용단독주택(5가구),103.9,62.31,179.73,19940302,2,1,서울특별시 광진구 화양동 465-8번지
11215,10700,0,0465,0009,,,표제부,공동주택,다세대주택(7세대),199.8,102.17,355.98,19920427,3,1,서울특별시 광진구 화양동 465-9번지
11215,10700,0,0465,0010,,,일반건축물,단독주택,다가구주택(3가구),96,43.81,138.12,19930316,2,1,서울특별시 광진구 화양동 465-10번지
11215,10700,0,0465,0011,,,일반건축물,단독주택,단독주택,87.9,55.29,198.08,19910821,3,1,서울특별시 광진구 화양동 465-11번지
11215,10700,0,0465,0014,,,일반건축물,단독주택,다가구주택(3가구),97.84,58.69,164.5,19920224,2,1,서울특별시 광진구 화양동 465-14번지
11215,10700,0,0465,0015,,,일반건축물,단독주택,다가구용단독주택(4가구),97.28,58.27,163.11,19951127,2,1,서울특별시 광진구 화양동 465-15번지
11215,10700,0,0465,0016,,,일반건축물,단독주택,다가구주택(4가구),109.55,62.32,180.48,19920629,2,1,서울특별시 광진구 화양동 465-16번지
11215,10700,0,0465,0022,,,일반건축물,제2종근린생활시설,근린생활시설,205,101.91,527.34,19940614,4,1,서울특별시 광진구 화양동 465-22번지
11215,10700,0,0467,0000,,,일반건축물,단독주택,주택,0,39.67,39.67,192807,1,0,서울특별시 광진구 화양동 467번지
11215,10700,0,0467,0000,,,일반건축물,단독주택,주택,0,33.06,33.06,192708,1,0,서울특별시 광진구 화양동 467번지
11215,10700,0,0467,0000,,,일반건축물,단독주택,주택,0,19.83,19.83,192805,1,0,서울특별시 광진구 화양동 467번지
11215,10700,0,0467,0001,,,일반건축물,제2종근린생활시설,"근린생활시설, 업무시설, 주택",0,232.92,1164.6,19840119,4,1,서울특별시 광진구 화양동 467-1번지
11215,10700,0,0467,0002,,,일반건축물,단독주택,"근린생활시설, 다가구주택",155.8,77.52,325.04,19910111,3,1,서울특별시 광진구 화양동 467-2번지
11215,10700,0,0469,0000,,,일반건축물,단독주택,주택,0,23.14,23.14,192806,1,0,서울특별시 광진구 화양동 469번지
11215,10700,0,0469,0000,,,일반건축물,단독주택,주택,0,23.14,23.14,192704,1,0,서울특별시 광진구 화양동 469번지
11215,10700,0,0469,0001,,,일반건축물,단독주택,다가구주택(5가구),132,62.36,191.46,19920630,3,1,서울특별시 광진구 화양동 469-1번지
11215,10700,0,0469,0003,,,일반건축물,단독주택,단독주택,90.18,53.58,239.88,19910702,4,1,서울특별시 광진구 화양동 469-3번지
11215,10700,0,0469,0004,,,일반건축물,단독주택,주택,152,59.75,251.64,19880824,3,1,서울특별시 광진구 화양동 469-4번지
11215,10700,0,0469,0005,,,일반건축물,단독주택,다가구용단독주택(7가구),252.17,151.18,584.48,19941001,3,1,서울특별시 광진구 화양동 469-5번지
11215,10700,0,0469,0006,,,일반건축물,단독주택,단독주택(다가구),102.6,58.5,217.76,20031230,3,1,서울특별시 광진구 화양동 469-6번지
11215,10700,0,0469,0007,,,일반건축물,단독주택,다가구주택(4가구),0,55.17,162.35,19910927,2,1,서울특별시 광진구 화양동 469-7번지
11215,10700,0,0470,0000,,,일반건축물,단독주택,주택,157.4,76.03,192.86,19801118,2,1,서울특별시 광진구 화양동 470번지
11215,10700,0,0471,0000,,,일반건축물,단독주택,"근린생활시설, 다가구용단독주택",105.37,62.79,238.5,19940203,3,1,서울특별시 광진구 화양동 471번지
11215,10700,0,0473,0000,,,일반건축물,단독주택,주택,0,23.14,23.14,19270315,1,0,서울특별시 광진구 화양동 473번지
11215,10700,0,0473,0001,,,일반건축물,단독주택,주택,0,68.03,146.84,19760813,2,1,서울특별시 광진구 화양동 473-1번지
11215,10700,0,0473,0002,,,일반건축물,단독주택,다가구주택,126.6,67.4,201.48,19760206,2,1,서울특별시 광진구 화양동 473-2번지
11215,10700,0,0474,0000,,,일반건축물,단독주택,"근린생활시설,주택",137.3,66,311.45,19870827,4,1,서울특별시 광진구 화양동 474번지
11215,10700,0,0474,0001,,,일반건축물,단독주택,단독주택,124,59.52,306.98,19870827,5,1,서울특별시 광진구 화양동 474-1번지
11215,10700,0,0474,0002,,,일반건축물,단독주택,단독주택,133,64,259.53,19870703,3,1,서울특별시 광진구 화양동 474-2번지
11215,10700,0,0476,0000,,,일반건축물,단독주택,단독주택,0,80,239.28,19880907,2,1,서울특별시 광진구 화양동 476번지
11215,10700,0,0476,0001,,,일반건축물,단독주택,주택,105.505,51.87,161.01,19880816,2,1,서울특별시 광진구 화양동 476-1번지
11215,10700,0,0477,0001,,,일반건축물,단독주택,다가구용단독주택(16가구),296.8,177.94,652.1,19941011,3,1,서울특별시 광진구 화양동 477-1번지
11215,10700,0,0477,0002,,,일반건축물,단독주택,"주택,근린생활시설",135.24,80.84,287.69,19921212,3,1,서울특별시 광진구 화양동 477-2번지
11215,10700,0,0478,0002,,,일반건축물,제1종근린생활시설,근린생활시설,0,169.26,693.23,19750624,3,1,서울특별시 광진구 화양동 478-2번지
11215,10700,0,0478,0002,,,일반건축물,단독주택,주택,0,92.56,92.56,19530807,1,0,서울특별시 광진구 화양동 478-2번지
11215,10700,0,0478,0003,느티나무어린이집,,일반건축물,교육연구시설,"교육연구시설, 복지시설",173.35,88.11,260.28,19980126,2,1,서울특별시 광진구 화양동 478-3번지
11215,10700,0,0479,0000,시선재,,일반건축물,단독주택,"단독주택(다가구주택),제2종근린생활시설(사무소)",228.6,104.32,489.75,20140814,6,0,서울특별시 광진구 화양동 479번지
11215,10700,0,0480,0000,,,일반건축물,단독주택,다가구용단독주택(7가구),212.79,126.98,418.98,19960215,3,1,서울특별시 광진구 화양동 480번지
11215,10700,0,0481,0001,에듀킨빌딩,,일반건축물,제2종근린생활시설,근린생활시설,330,188.97,1375.85,19970417,6,1,서울특별시 광진구 화양동 481-1번지
11215,10700,0,0482,0002,,,일반건축물,단독주택,단독주택,129.07,63.63,198.72,19900627,2,1,서울특별시 광진구 화양동 482-2번지
11215,10700,0,0483,0000,,,일반건축물,단독주택,주택,0,52.89,52.89,19231006,1,0,서울특별시 광진구 화양동 483번지
11215,10700,0,0483,0001,,,일반건축물,제1종근린생활시설,"점포, 근린생활시설, 사무실",0,277.02,1038.66,19820327,3,1,서울특별시 광진구 화양동 483-1번지
11215,10700,0,0483,0001,,,일반건축물,단독주택,주택,0,39.67,39.67,19270702,1,0,서울특별시 광진구 화양동 483-1번지
11215,10700,0,0483,0001,,,일반건축물,단독주택,주택,0,62.81,62.81,19280421,1,0,서울특별시 광진구 화양동 483-1번지
11215,10700,0,0483,0003,,,일반건축물,제1종근린생활시설,점포,0,48.26,48.26,19670701,1,0,서울특별시 광진구 화양동 483-3번지
11215,10700,0,0483,0004,,,일반건축물,단독주택,"근린생활시설, 주택",255.1,124.62,618.51,19900822,4,1,서울특별시 광진구 화양동 483-4번지
11215,10700,0,0484,0002,,,일반건축물,단독주택,"근린생활시설, 주택",0,125.97,568.57,19880924,4,1,서울특별시 광진구 화양동 484-2번지
11215,10700,0,0485,0001,,,일반건축물,단독주택,주택,0,79.99,79.99,196106,1,0,서울특별시 광진구 화양동 485-1번지
11215,10700,0,0485,0003,,,일반건축물,제1종근린생활시설,"근린생활시설, 주택",89.87,44.58,155.64,19881114,3,1,서울특별시 광진구 화양동 485-3번지
11215,10700,0,0486,0000,,,일반건축물,단독주택,주택,0,29.75,29.75,192706,1,0,서울특별시 광진구 화양동 486번지
11215,10700,0,0486,0000,,,일반건축물,제1종근린생활시설,점포,0,52.89,52.89,193206,1,0,서울특별시 광진구 화양동 486번지
11215,10700,0,0486,0001,,,일반건축물,제1종근린생활시설,근린생활시설,0,63.6,257.7,19871013,3,1,서울특별시 광진구 화양동 486-1번지
11215,10700,0,0486,0002,,,일반건축물,단독주택,단독주택,162,72.64,281.18,19880829,3,1,서울특별시 광진구 화양동 486-2번지
11215,10700,0,0487,0000,,,일반건축물,단독주택,주택,0,59.5,59.5,193009,1,0,서울특별시 광진구 화양동 487번지
11215,10700,0,0487,0001,,,일반건축물,제2종근린생활시설,근린생활시설,339.58,202.91,1659.72,19970912,7,2,서울특별시 광진구 화양동 487-1번지
11215,10700,0,0487,0002,,,일반건축물,단독주택,"주택, 점포",0,0,177.79,19651127,1,0,서울특별시 광진구 화양동 487-2번지
11215,10700,0,0488,0000,,,일반건축물,단독주택,주택,0,19.83,19.83,193207,1,0,서울특별시 광진구 화양동 488번지
11215,10700,0,0488,0002,,,일반건축물,단독주택,"주택, 점포",0,62.48,113.26,19680720,1,1,서울특별시 광진구 화양동 488-2번지
11215,10700,0,0488,0002,,,일반건축물,단독주택,주택,0,49.59,55.38,19680720,1,1,서울특별시 광진구 화양동 488-2번지
11215,10700,0,0489,0000,,,일반건축물,단독주택,"주택, 점포",0,142.15,218.18,193308,2,0,서울특별시 광진구 화양동 489번지
11215,10700,0,0490,0000,,,일반건축물,단독주택,주택,0,59.5,59.5,193304,1,0,서울특별시 광진구 화양동 490번지
11215,10700,0,0490,0001,,,일반건축물,제1종근린생활시설,"주택, 근린생활시설, 사무실, 점포",0,109.09,476.88,19820305,4,1,서울특별시 광진구 화양동 490-1번지
11215,10700,0,0490,0002,,,일반건축물,제1종근린생활시설,"근린생활시설, 점포",0,139.01,507.51,19730802,3,1,서울특별시 광진구 화양동 490-2번지
11215,10700,0,0490,0003,,,일반건축물,단독주택,단독주택,112,76.94,265.38,19781015,4,0,서울특별시 광진구 화양동 490-3번지
11215,10700,0,0492,0000,,,일반건축물,단독주택,주택,0,33.06,33.06,19290410,1,0,서울특별시 광진구 화양동 492번지
11215,10700,0,0495,0009,,,일반건축물,제1종근린생활시설,점포,0,39.27,74.54,19730720,2,0,서울특별시 광진구 화양동 495-9번지
11215,10700,0,0495,0010,,,일반건축물,제2종근린생활시설,"근린생활시설, 창고시설",331,189.03,1082.25,20031208,5,1,서울특별시 광진구 화양동 495-10번지
11215,10700,0,0495,0015,,,일반건축물,제2종근린생활시설,근린생활시설,0,60.1,184.53,19700131,3,1,서울특별시 광진구 화양동 495-15번지
11215,10700,0,0495,0016,,,일반건축물,단독주택,"주택, 점포",278,178.25,363.6,19700907,2,1,서울특별시 광진구 화양동 495-16번지
11215,10700,0,0495,0017,,,일반건축물,단독주택,"주택, 점포",0,159.54,441.66,19701228,3,1,서울특별시 광진구 화양동 495-17번지
11215,10700,0,0495,0018,,,일반건축물,제2종근린생활시설,제1.2종근린생활시설,173,103.62,398.72,19980330,3,1,서울특별시 광진구 화양동 495-18번지
11215,10700,0,0495,0019,,,일반건축물,제2종근린생활시설,근린생활시설,0,157.95,395.01,19701008,3,0,서울특별시 광진구 화양동 495-19번지
11215,10700,0,0495,0022,,,일반건축물,제2종근린생활시설,근린생활시설,208.5,124.98,666.04,19940811,5,1,서울특별시 광진구 화양동 495-22번지
11215,10700,0,0495,0023,,,일반건축물,제1종근린생활시설,근린생활시설,0,69.44,298.62,19860624,3,1,서울특별시 광진구 화양동 495-23번지
11215,10700,0,0495,0025,,,일반건축물,제2종근린생활시설,"근린생활시설, 주택",446.26,222.49,1377.16,19900621,5,1,서울특별시 광진구 화양동 495-25번지
11215,10700,0,0495,0026,,,일반건축물,제1종근린생활시설,"점포, 사무실",0,80.4,204.9,19691210,3,0,서울특별시 광진구 화양동 495-26번지
11215,10700,0,0495,0027,,,일반건축물,제2종근린생활시설,"근생시설,주택",109,46.78,140.34,19720925,3,0,서울특별시 광진구 화양동 495-27번지
11215,10700,0,0495,0028,,,일반건축물,제1종근린생활시설,제2종근린생활시설,0,75.27,225.81,19700422,3,0,서울특별시 광진구 화양동 495-28번지
11215,10700,0,0496,0004,,,일반건축물,제1종근린생활시설,"근린생활시설, 단독주택",392,154.31,579.8,19931125,3,1,서울특별시 광진구 화양동 496-4번지
11215,10700,0,0496,0005,,,일반건축물,단독주택,다가구주택(9가구),309.65,107.96,280.51,19921007,2,1,서울특별시 광진구 화양동 496-5번지
11215,10700,0,0496,0010,,,일반건축물,제1종근린생활시설,근린생활시설,193,114.21,421.77,19970327,3,1,서울특별시 광진구 화양동 496-10번지
11215,10700,0,0497,0000,,,일반건축물,단독주택,주택,0,26.45,26.45,19370208,1,0,서울특별시 광진구 화양동 497번지
11215,10700,0,0497,0000,,,일반건축물,단독주택,주택,0,49.59,49.59,192504,1,0,서울특별시 광진구 화양동 497번지
11215,10700,0,0497,0001,,,일반건축물,단독주택,"주택, 점포",0,42.98,42.98,,1,0,서울특별시 광진구 화양동 497-1번지
11215,10700,0,0497,0001,,,일반건축물,제1종근린생활시설,점포,0,23.92,23.92,19860306,1,0,서울특별시 광진구 화양동 497-1번지
11215,10700,0,0497,0001,,,일반건축물,제1종근린생활시설,근린생활시설,188,81.45,81.45,19830630,1,0,서울특별시 광진구 화양동 497-1번지
11215,10700,0,0497,0003,,,일반건축물,단독주택,다가구용단독주택(9가구),195.87,117.45,285.63,19930604,2,1,서울특별시 광진구 화양동 497-3번지
11215,10700,0,0498,0000,,,일반건축물,단독주택,주택,0,29.75,29.75,193407,1,0,서울특별시 광진구 화양동 498번지
11215,10700,0,0498,0000,,,일반건축물,단독주택,주택,0,33.06,33.06,192606,1,0,서울특별시 광진구 화양동 498번지
11215,10700,0,0498,0000,,,일반건축물,단독주택,주택,0,26.45,26.45,192705,1,0,서울특별시 광진구 화양동 498번지
11215,10700,0,0498,0001,,,일반건축물,제1종근린생활시설,근린생활시설,291,135.71,645.14,19840709,4,1,서울특별시 광진구 화양동 498-1번지
11215,10700,0,0498,0003,,,일반건축물,단독주택,다가구주택,147.4,87.5,297.05,19910910,3,1,서울특별시 광진구 화양동 498-3번지
11215,10700,0,0498,0004,,,일반건축물,단독주택,다가구용단독주택,152,90.92,298.67,19931013,3,1,서울특별시 광진구 화양동 498-4번지
11215,10700,0,0498,0005,,,일반건축물,단독주택,주택,0,38.38,130.91,19871012,2,1,서울특별시 광진구 화양동 498-5번지
11215,10700,0,0498,0008,다움빌딩,,일반건축물,제2종근린생활시설,제2종근린생활시설,390,172.09,988.28,19820120,5,1,서울특별시 광진구 화양동 498-8번지
11215,10700,0,0498,0010,,,일반건축물,단독주택,다가구용단독주택(5가구),111.9,64.92,161.79,19930917,2,1,서울특별시 광진구 화양동 498-10번지
11215,10700,0,0498,0013,,,일반건축물,단독주택,다가구용단독주택(5가구),152,79.2,219.24,19930906,2,1,서울특별시 광진구 화양동 498-13번지
11215,10700,0,0499,0000,,,일반건축물,단독주택,주택,0,39.67,39.67,19350716,1,0,서울특별시 광진구 화양동 499번지
11215,10700,0,0499,0001,,,일반건축물,제2종근린생활시설,제2종근린생활시설,441,218.65,1342.74,20060622,6,1,서울특별시 광진구 화양동 499-1번지
11215,10700,0,0499,0010,,,일반건축물,단독주택,단독주택,141,69.96,256.54,19900214,3,1,서울특별시 광진구 화양동 499-10번지
11215,10700,0,0499,0015,,,일반건축물,단독주택,다가구주택(9가구),159.57,84.94,238.5,19920612,2,1,서울특별시 광진구 화양동 499-15번지
11215,10700,0,0499,0016,,,일반건축물,단독주택,다가구주택(9가구),152.59,82.51,223.68,19920609,2,1,서울특별시 광진구 화양동 499-16번지
11215,10700,0,0499,0017,,,일반건축물,제2종근린생활시설,제2종근린생활시설,83,39.24,117.72,20081217,3,0,서울특별시 광진구 화양동 499-17번지
11215,10700,0,0499,0021,트라움 하우스,,일반건축물,단독주택,근린생활시설 및 다가구주택,181,108.5,376.31,20250808,5,1,서울특별시 광진구 화양동 499-21번지
11215,10700,0,0499,0027,,,일반건축물,단독주택,다가구용단독주택(8가구),227.17,123.97,415.83,19970410,3,1,서울특별시 광진구 화양동 499-27번지
11215,10700,0,0499,0028,,,표제부,공동주택,다세대주택,210.65,125.74,424.53,19930824,3,1,서울특별시 광진구 화양동 499-28번지
11215,10700,0,0499,0029,,,일반건축물,단독주택,주택,225,96.91,207.26,19830916,2,1,서울특별시 광진구 화양동 499-29번지
11215,10700,0,0499,0030,,,일반건축물,단독주택,다가구용단독주택(13가구),294,175.11,491.99,19931230,2,1,서울특별시 광진구 화양동 499-30번지
11215,10700,0,0499,0031,,,일반건축물,단독주택,"단독주택(다가구주택4가구),근린생활시설",129,64.17,214.5,20160106,5,0,서울특별시 광진구 화양동 499-31번지
11215,10700,0,0499,0032,,,일반건축물,단독주택,주택,129.8,64.26,189.57,19900803,2,1,서울특별시 광진구 화양동 499-32번지
11215,10700,0,0499,0033,,,일반건축물,단독주택,단독주택,303,135.6,237.18,20070222,2,0,서울특별시 광진구 화양동 499-33번지
11215,10700,0,0499,0034,,,일반건축물,단독주택,"근린생활시설, 주택(6가구)",184.42,104.63,390.56,19960628,3,1,서울특별시 광진구 화양동 499-34번지
11215,10700,0,0499,0036,,,일반건축물,단독주택,다가구용단독주택(5가구),155.46,92.88,257.64,19930728,2,1,서울특별시 광진구 화양동 499-36번지
11215,10700,0,0499,0038,,,일반건축물,제2종근린생활시설,제2종근린생활시설,218,97.05,187.2,20081007,2,0,서울특별시 광진구 화양동 499-38번지
11215,10700,0,0499,0047,,,일반건축물,단독주택,"근린생활시설, 주택",0,72.75,312.57,19860705,3,1,서울특별시 광진구 화양동 499-47번지
11215,10700,0,0499,0052,,,일반건축물,단독주택,주택,137,68.45,205.35,19831119,2,1,서울특별시 광진구 화양동 499-52번지
11215,10700,0,0499,0053,,,일반건축물,단독주택,주택,0,55.71,161.01,19830530,2,1,서울특별시 광진구 화양동 499-53번지
11215,10700,0,0499,0054,,,일반건축물,단독주택,단독주택,144.73,71.1,213.3,19900724,2,1,서울특별시 광진구 화양동 499-54번지
11215,10700,0,0499,0056,,,일반건축물,단독주택,"근린생활시설, 주택",165,87.3,401.62,19870121,4,1,서울특별시 광진구 화양동 499-56번지
11215,10700,0,0499,0059,,,일반건축물,단독주택,다가구주택(9가구),182,93.42,270.55,19921104,2,1,서울특별시 광진구 화양동 499-59번지
11215,10700,0,0499,0076,,,일반건축물,단독주택,주택,0,58.41,175.23,19860527,2,1,서울특별시 광진구 화양동 499-76번지
11215,10700,0,0499,0077,,,일반건축물,단독주택,주택,0,54.99,208.84,19860819,3,1,서울특별시 광진구 화양동 499-77번지
11215,10700,0,0499,0078,,,표제부,공동주택,다세대주택,0,56.82,170.46,19860724,2,1,서울특별시 광진구 화양동 499-78번지
11215,10700,0,0499,0079,,,일반건축물,단독주택,주택,0,61.2,220.92,19860628,3,1,서울특별시 광진구 화양동 499-79번지
11215,10700,0,0499,0080,,,일반건축물,단독주택,단독주택,142,78.57,211.14,19860616,2,1,서울특별시 광진구 화양동 499-80번지
11215,10700,0,0499,0081,,,일반건축물,단독주택,"다가구주택(7가구),근린생활시설",237,105.5,615.92,20190923,6,1,서울특별시 광진구 화양동 499-81번지
11215,10700,0,0499,0083,,,표제부,공동주택,다세대주택,0,56.16,177.93,19860821,2,1,서울특별시 광진구 화양동 499-83번지
11215,10700,0,0499,0084,,,일반건축물,단독주택,주택,0,56.99,176.51,19860602,2,1,서울특별시 광진구 화양동 499-84번지
11215,10700,0,0499,0086,,,일반건축물,제1종근린생활시설,"근린생활시설, 주택",0,73.92,331.48,19860718,4,1,서울특별시 광진구 화양동 499-86번지
11215,10700,0,0499,0087,,,일반건축물,단독주택,다가구주택,115,57.45,217.2,19860814,3,1,서울특별시 광진구 화양동 499-87번지
11215,10700,0,0499,0088,,,일반건축물,단독주택,주택,147,72.33,284.6,19860721,3,1,서울특별시 광진구 화양동 499-88번지
11215,10700,0,0499,0089,,,일반건축물,단독주택,단독주택,147,70.92,291.47,19860813,3,1,서울특별시 광진구 화양동 499-89번지
11215,10700,0,0499,0091,,,일반건축물,단독주택,주택,0,62.24,197.8,19860610,2,1,서울특별시 광진구 화양동 499-91번지
11215,10700,0,0499,0093,,,표제부,공동주택,다세대주택,0,76.23,228.69,19860826,2,1,서울특별시 광진구 화양동 499-93번지
11215,10700,0,0499,0094,,,표제부,공동주택,다세대주택,0,77.94,237.87,19860718,2,1,서울특별시 광진구 화양동 499-94번지
11215,10700,0,0499,0096,,,일반건축물,단독주택,주택,0,54.07,166.5,19861227,2,1,서울특별시 광진구 화양동 499-96번지
11215,10700,0,0499,0097,,,일반건축물,단독주택,단독주택,140.56,65.86,239.29,19861226,3,1,서울특별시 광진구 화양동 499-97번지
11215,10700,0,0499,0109,,,일반건축물,단독주택,단독주택,145,71.7,219.29,19900303,2,1,서울특별시 광진구 화양동 499-109번지
11215,10700,0,0499,0110,,,일반건축물,단독주택,주택,142,70.11,213.63,19900326,2,1,서울특별시 광진구 화양동 499-110번지
11215,10700,0,0499,0112,,,일반건축물,단독주택,단독주택,140,69.57,208.71,19891223,2,1,서울특별시 광진구 화양동 499-112번지
11215,10700,0,0499,0113,,,일반건축물,단독주택,단독주택,142,70.11,213.63,19900227,2,1,서울특별시 광진구 화양동 499-113번지
11215,10700,0,0499,0114,,,일반건축물,단독주택,주택외1,153,76.32,309.24,19900217,4,1,서울특별시 광진구 화양동 499-114번지
11215,10700,0,0500,0003,,,일반건축물,단독주택,"근린생활시설, 주택",0,144.91,489.66,19860707,3,1,서울특별시 광진구 화양동 500-3번지
11215,10700,0,0500,0004,,,일반건축물,단독주택,다가구주택(3가구),83.51,50.94,143.72,19920613,2,1,서울특별시 광진구 화양동 500-4번지
11215,10700,0,0500,0005,,,일반건축물,단독주택,다가구용단독주택(6가구),162.8,96.43,265.87,19930818,2,1,서울특별시 광진구 화양동 500-5번지
11215,10700,0,0500,0006,,,일반건축물,단독주택,주택,0,36.81,120.15,19880601,2,1,서울특별시 광진구 화양동 500-6번지
11215,10700,0,0500,0007,,,일반건축물,단독주택,주택,0,60.98,182.94,19840609,2,1,서울특별시 광진구 화양동 500-7번지
11215,10700,0,0500,0009,모진빌,,일반건축물,단독주택,다가구주택,114.88,55.09,190.77,19890706,3,1,서울특별시 광진구 화양동 500-9번지
11215,10700,0,0500,0011,,,일반건축물,단독주택,단독주택,148.2,73.95,273.3,19900215,3,1,서울특별시 광진구 화양동 500-11번지
11215,10700,0,0500,0012,,,일반건축물,단독주택,다가구주택(3가구),0,75.66,223.74,19930112,2,1,서울특별시 광진구 화양동 500-12번지
11215,10700,0,0500,0013,,,일반건축물,단독주택,주택,69,34.27,137.02,19900921,3,1,서울특별시 광진구 화양동 500-13번지
11215,10700,0,0500,0014,,,일반건축물,단독주택,다가구주택(3가구),70.2,36.94,107.02,19910207,2,1,서울특별시 광진구 화양동 500-14번지
11215,10700,0,0500,0015,,,일반건축물,단독주택,주택,122.96,61.27,195.6,19880601,2,1,서울특별시 광진구 화양동 500-15번지
11215,10700,0,0500,0016,썬리치,,일반건축물,단독주택,다가구주택 및 근린생활시설,234.48,117.03,558.33,20180829,6,0,서울특별시 광진구 화양동 500-16번지
11215,10700,0,0500,0018,모진주택,,일반건축물,단독주택,단독주택,91,53.43,155.49,20061215,3,0,서울특별시 광진구 화양동 500-18번지
11215,10700,0,0500,0019,,,일반건축물,단독주택,주택,0,58.7,192.45,19881230,2,1,서울특별시 광진구 화양동 500-19번지
11215,10700,0,0500,0020,,,일반건축물,단독주택,주택,106.26,51.88,156.84,19900124,2,1,서울특별시 광진구 화양동 500-20번지
11215,10700,0,0500,0021,,,일반건축물,단독주택,단독주택,78.45,39.16,124.4,19891012,2,1,서울특별시 광진구 화양동 500-21번지
11215,10700,0,0500,0022,,,일반건축물,단독주택,단독주택,118.55,59.1,183.99,19891228,2,1,서울특별시 광진구 화양동 500-22번지
11215,10700,0,0500,0024,,,일반건축물,단독주택,주택,0,36.79,36.79,19700521,1,0,서울특별시 광진구 화양동 500-24번지
11215,10700,0,0500,0030,,,일반건축물,단독주택,주택,112.34,59.98,187.36,19880602,2,1,서울특별시 광진구 화양동 500-30번지
11215,10700,0,0501,0001,,,일반건축물,단독주택,다가구용단독주택(8가구),114.61,68.4,267.75,19941121,3,1,서울특별시 광진구 화양동 501-1번지
11215,10700,0,0501,0004,,,일반건축물,단독주택,주택,0,41.12,41.12,19610822,1,0,서울특별시 광진구 화양동 501-4번지
11215,10700,0,0501,0006,,,일반건축물,단독주택,주택,132,64.65,202.95,19891229,2,1,서울특별시 광진구 화양동 501-6번지
11215,10700,0,0501,0007,,,일반건축물,단독주택,단독주택,131.2,65.46,204.92,19891228,2,1,서울특별시 광진구 화양동 501-7번지
11215,10700,0,0501,0009,,,일반건축물,단독주택,주택,112,55.67,168.3,19900720,2,1,서울특별시 광진구 화양동 501-9번지
11215,10700,0,0502,0001,,,일반건축물,제2종근린생활시설,다가구단독주택(7가구) 및 제2종근린생활시설,248,123.94,564.16,20170623,6,0,서울특별시 광진구 화양동 502-1번지
11215,10700,0,0502,0002,,,일반건축물,단독주택,주택,0,71.83,226.17,19850613,2,1,서울특별시 광진구 화양동 502-2번지
11215,10700,0,0502,0003,,,일반건축물,단독주택,단독주택,126.65,75.84,294.19,20020308,3,1,서울특별시 광진구 화양동 502-3번지
11215,10700,0,0502,0004,,,일반건축물,단독주택,주택,0,32.4,73,19710609,2,1,서울특별시 광진구 화양동 502-4번지
11215,10700,0,0503,0001,,,일반건축물,단독주택,주택,218,99.54,249.12,19900110,2,1,서울특별시 광진구 화양동 503-1번지
11215,10700,0,0503,0002,화양하우징,,표제부,공동주택,도시형생활주택단지형다세대(10세대),930,123.73,637.66,20230428,6,0,서울특별시 광진구 화양동 503-2번지
11215,10700,0,0503,0002,화양하우징,,표제부,공동주택,도시형생활주택단지형다세대(11세대),930,175.17,1247.01,20230428,6,1,서울특별시 광진구 화양동 503-2번지
11215,10700,0,0503,0002,화양하우징,,표제부,공동주택,도시형생활주택단지형다세대(8세대),930,164.24,658.89,20230428,6,0,서울특별시 광진구 화양동 503-2번지
11215,10700,0,0504,0001,,,일반건축물,단독주택,"다가구주택, 근린생활시설",267.51,133.12,729.27,20170823,6,0,서울특별시 광진구 화양동 504-1번지
11215,10700,0,0504,0002,,,일반건축물,제2종근린생활시설,"근린생활시설, 주택",283.65,142.55,659.39,19921223,4,1,서울특별시 광진구 화양동 504-2번지
11215,10700,0,0504,0003,,,표제부,공동주택,"다세대주택(6세대), 근린생활시설",179,85.6,302.96,20230821,5,0,서울특별시 광진구 화양동 504-3번지
11215,10700,0,0504,0004,,,일반건축물,단독주택,주택,183.66,91.71,249.78,19900309,2,1,서울특별시 광진구 화양동 504-4번지
11215,10700,0,0504,0005,,,일반건축물,단독주택,"근린생활시설, 다가구용단독주택(2가구)",100.38,48.82,146.46,19951220,2,1,서울특별시 광진구 화양동 504-5번지
11215,10700,0,0507,0002,,,일반건축물,제1종근린생활시설,"근린생활시설, 온실, 점포, 주택",0,145.12,618.51,19820416,4,1,서울특별시 광진구 화양동 507-2번지
11215,10700,0,0507,0003,,,일반건축물,제1종근린생활시설,"근린생활시설, 주택",0,152.91,667.44,19860915,4,1,서울특별시 광진구 화양동 507-3번지
11215,10700,0,0507,0006,,,일반건축물,제1종근린생활시설,근린생활시설,200.39,156.46,276.29,19720430,2,0,서울특별시 광진구 화양동 507-6번지
11215,10700,0,0508,0001,,,일반건축물,단독주택,"근린생활시설, 주택",112,53.3,178.62,19880921,3,1,서울특별시 광진구 화양동 508-1번지
11215,10700,0,0508,0002,,,일반건축물,제2종근린생활시설,"근린생활시설, 주택",376,210.83,942.37,19971024,4,1,서울특별시 광진구 화양동 508-2번지
11215,10700,0,0508,0004,,,일반건축물,단독주택,"근린생활시설, 주택",130.66,65.2,203.76,19880912,2,1,서울특별시 광진구 화양동 508-4번지
11215,10700,0,0509,0001,,,일반건축물,단독주택,단독주택,0,57.57,172.71,19861111,2,1,서울특별시 광진구 화양동 509-1번지
11215,10700,0,0509,0002,,,일반건축물,단독주택,다가구용단독주택(6가구),128.41,74.02,274,19951114,3,1,서울특별시 광진구 화양동 509-2번지
11215,10700,0,0510,0002,,,일반건축물,제2종근린생활시설,"주택, 점포, 제2종근린생활시설",0,64.96,204.08,19840626,3,1,서울특별시 광진구 화양동 510-2번지
11215,10700,0,0511,0001,,,일반건축물,단독주택,다가구용단독주택(13가구),227.62,136.18,512.05,19950807,3,1,서울특별시 광진구 화양동 511-1번지
11215,10700,0,0512,0001,,,일반건축물,단독주택,단독주택(다가구),256,152.77,463.71,20030806,4,0,서울특별시 광진구 화양동 512-1번지
11215,10700,0,0512,0002,,,일반건축물,단독주택,주택,0,39.87,46.08,19760310,1,1,서울특별시 광진구 화양동 512-2번지
11215,10700,0,0512,0003,,,일반건축물,단독주택,주택,0,49.49,88.7,19700705,2,0,서울특별시 광진구 화양동 512-3번지
11215,10700,0,0513,0000,,,일반건축물,단독주택,"근린생활시설, 주택",200,96.75,593.41,19880802,5,1,서울특별시 광진구 화양동 513번지
11215,10700,0,0513,0001,,,일반건축물,단독주택,주택,146,66.33,204.12,19880802,2,1,서울특별시 광진구 화양동 513-1번지
11215,10700,0,0514,0000,,,일반건축물,제2종근린생활시설,"근린생활시설, 주택(1가구)",248.09,148,798.45,19960903,5,1,서울특별시 광진구 화양동 514번지
11215,10700,0,0515,0000,,,일반건축물,제1종근린생활시설,근린생활시설,398.68,235.4,1058.52,19961228,4,1,서울특별시 광진구 화양동 515번지
11215,10700,0,0516,0002,,,일반건축물,단독주택,"다가구주택(7가구),근린생활시설(3호)",168,100.03,334.66,20210728,5,0,서울특별시 광진구 화양동 516-2번지
11215,10700,0,0516,0005,대성빌라,,일반건축물,단독주택,근린생활시설 및 단독주택(다가구 10가구),306,165.9,607.28,20150608,5,0,서울특별시 광진구 화양동 516-5번지
11215,10700,0,0527,0000,KCC파크타운,,표제부,업무시설,"업무시설외 3 (제1,2종 근린생활시설,운동시설)",2600.6,1299.83,25894.43,20051209,15,6,서울특별시 광진구 화양동 527번지
11215,10700,0,0529,0000,채움하우스,,표제부,공동주택,"공동주택-단지형다세대주택, 제1종근린생활시설(소매점)",607.6,164.82,893.98,20120925,5,1,서울특별시 광진구 화양동 529번지
11215,10700,0,0529,0000,채움하우스,,표제부,공동주택,"공동주택-단지형다세대, 제2종근린생활시설(사무소)",607.6,130.99,702.69,20120925,5,1,서울특별시 광진구 화양동 529번지
11215,10700,0,0530,0000,씨즈 건대힐스,,표제부,공동주택,"도시형생활주택(원룸형), 아파트",1421.8,519.64,5427.5,20170929,10,2,서울특별시 광진구 화양동 530번지
11215,10700,0,0531,0000,테라팰리스 건대 1차,,표제부,공동주택,공동주택(아파트),2480.2,1075.91,5292.35,20190124,7,1,서울특별시 광진구 화양동 531번지
11215,10700,0,0532,0000,광진스위트엠 아파트,,표제부,제2종근린생활시설,근린생활시설(3호),0,75.55,228.24,20211105,3,1,서울특별시 광진구 화양동 532번지
11215,10700,0,0532,0000,광진스위트엠 아파트,,표제부,공동주택,공동주택(아파트-48세대),0,507.11,6417.39,20211105,14,1,서울특별시 광진구 화양동 532번지
11215,10700,0,0544,0033,,,일반건축물,단독주택,주택,0,29.72,29.72,19731220,1,0,서울특별시 광진구 화양동 544-33번지
11215,10700,1,0302,0003,,,일반건축물,단독주택,주택,0,35.24,35.24,19740503,1,0,서울특별시 광진구 화양동 산302-3번지
11215,10700,1,0303,0003,,,일반건축물,단독주택,주택,0,26.45,26.45,19511110,1,0,서울특별시 광진구 화양동 산303-3번지
11215,10700,1,0303,0003,,,일반건축물,단독주택,주택,0,26.45,26.45,19521115,1,0,서울특별시 광진구 화양동 산303-3번지
11215,10700,1,0315,0000,,,일반건축물,단독주택,주택,0,26.45,26.45,19550305,1,0,서울특별시 광진구 화양동 산315번지
11215,10700,1,0315,0000,,,일반건축물,종교시설,종교시설,0,62.81,81.65,,1,0,서울특별시 광진구 화양동 산315번지
11215,10700,1,0315,0000,,,일반건축물,단독주택,"주택, 점포",0,0,46.28,193008,1,0,서울특별시 광진구 화양동 산315번지
11215,10700,1,0315,0008,,,일반건축물,단독주택,"주택, 창고",0,67.54,67.54,19611120,1,0,서울특별시 광진구 화양동 산315-8번지
