sigunguCd,bjdongCd,platGbCd,bun,ji,bldNm,splotNm,regstrKindCdNm,mainPurpsCdNm,etcPurps,platArea,archArea,totArea,useAprDay,grndFlrCnt,ugrndFlrCnt,platPlc
11230,10300,0,0002,0000,,,일반건축물,단독주택,주택,0,0,21.88,19490410,1,0,서울특별시 동대문구 제기동 2번지
11230,10300,0,0002,0000,,,일반건축물,단독주택,주택,0,0,48.1,19580910,1,0,서울특별시 동대문구 제기동 2번지
11230,10300,0,0009,0022,,,일반건축물,단독주택,주택,0,0,41.65,,1,0,서울특별시 동대문구 제기동 9-22번지
11230,10300,0,0011,0000,,,일반건축물,단독주택,주택,0,0,33.88,19591001,1,0,서울특별시 동대문구 제기동 11번지
11230,10300,0,0013,0000,,,일반건축물,단독주택,주택,0,0,31.41,19480810,1,0,서울특별시 동대문구 제기동 13번지
11230,10300,0,0013,0000,,,일반건축물,단독주택,주택,0,0,38.02,,1,0,서울특별시 동대문구 제기동 13번지
11230,10300,0,0013,0000,,,일반건축물,단독주택,주택,0,0,36.83,19550410,1,0,서울특별시 동대문구 제기동 13번지
11230,10300,0,0013,0000,,,일반건축물,단독주택,주택,0,0,37.95,19540520,1,0,서울특별시 동대문구 제기동 13번지
11230,10300,0,0013,0000,,,일반건축물,단독주택,주택,0,0,24.23,19490401,1,0,서울특별시 동대문구 제기동 13번지
11230,10300,0,0013,0000,,,일반건축물,단독주택,주택,0,0,30.18,19590520,1,0,서울특별시 동대문구 제기동 13번지
11230,10300,0,0013,0000,,,일반건축물,단독주택,주택,0,0,31.97,19551001,1,0,서울특별시 동대문구 제기동 13번지
11230,10300,0,0013,0000,,,일반건축물,단독주택,주택,0,0,31,19580401,1,0,서울특별시 동대문구 제기동 13번지
11230,10300,0,0013,0000,,,일반건축물,단독주택,주택,0,0,42.71,19580901,1,0,서울특별시 동대문구 제기동 13번지
11230,10300,0,0013,0000,,,일반건축물,단독주택,주택,0,0,27.9,19520825,1,0,서울특별시 동대문구 제기동 13번지
11230,10300,0,0013,0000,,,일반건축물,단독주택,주택,0,0,30.74,19541030,1,0,서울특별시 동대문구 제기동 13번지
11230,10300,0,0013,0000,,,일반건축물,단독주택,주택,0,0,45.32,19581001,1,0,서울특별시 동대문구 제기동 13번지
11230,10300,0,0013,0000,,,일반건축물,단독주택,주택,0,0,59.5,19491101,1,0,서울특별시 동대문구 제기동 13번지
11230,10300,0,0013,0000,,,일반건축물,단독주택,주택,0,0,32.2,19430501,1,0,서울특별시 동대문구 제기동 13번지
11230,10300,0,0013,0000,,,일반건축물,단독주택,주택,0,0,57.92,19470305,1,0,서울특별시 동대문구 제기동 13번지
11230,10300,0,0013,0000,,,일반건축물,단독주택,주택,0,0,49.59,,1,0,서울특별시 동대문구 제기동 13번지
11230,10300,0,0013,0000,,,일반건축물,단독주택,주택,0,0,33.42,19580928,1,0,서울특별시 동대문구 제기동 13번지
11230,10300,0,0013,0000,,,일반건축물,단독주택,주택,0,0,16.3,19490710,1,0,서울특별시 동대문구 제기동 13번지
11230,10300,0,0013,0000,,,일반건축물,단독주택,주택,0,0,29.26,19580426,1,0,서울특별시 동대문구 제기동 13번지
11230,10300,0,0013,0000,,,일반건축물,단독주택,주택,0,0,33.06,19490910,1,0,서울특별시 동대문구 제기동 13번지
11230,10300,0,0013,0000,,,일반건축물,단독주택,주택,0,0,30.31,19590619,1,0,서울특별시 동대문구 제기동 13번지
11230,10300,0,0013,0000,,,일반건축물,단독주택,주택,0,0,48.66,19501006,1,0,서울특별시 동대문구 제기동 13번지
11230,10300,0,0013,0000,,,일반건축물,단독주택,주택,0,0,22.61,19490501,1,0,서울특별시 동대문구 제기동 13번지
11230,10300,0,0013,0018,,,일반건축물,단독주택,주택,0,0,39.74,19591207,1,0,서울특별시 동대문구 제기동 13-18번지
11230,10300,0,0013,0020,,,일반건축물,단독주택,주택,0,0,42.31,19550810,1,0,서울특별시 동대문구 제기동 13-20번지
11230,10300,0,0013,0024,,,일반건축물,단독주택,주택,0,0,45.71,19601106,1,0,서울특별시 동대문구 제기동 13-24번지
11230,10300,0,0013,0025,,,일반건축물,단독주택,주택,0,0,20.83,19500320,1,0,서울특별시 동대문구 제기동 13-25번지
11230,10300,0,0013,0028,,,일반건축물,단독주택,주택,0,0,50.02,19580312,1,0,서울특별시 동대문구 제기동 13-28번지
11230,10300,0,0013,0034,,,일반건축물,단독주택,주택,0,0,107.33,19581203,2,0,서울특별시 동대문구 제기동 13-34번지
11230,10300,0,0013,0043,,,일반건축물,단독주택,주택,0,0,58.18,19590120,1,0,서울특별시 동대문구 제기동 13-43번지
11230,10300,0,0013,0043,,,일반건축물,단독주택,주택,0,0,38.68,19570810,1,0,서울특별시 동대문구 제기동 13-43번지
11230,10300,0,0013,0084,,,일반건축물,단독주택,주택,0,0,65.39,19590918,2,0,서울특별시 동대문구 제기동 13-84번지
11230,10300,0,0013,0152,,,일반건축물,단독주택,주택,0,0,35.17,19600308,1,0,서울특별시 동대문구 제기동 13-152번지
11230,10300,0,0013,0263,,,일반건축물,단독주택,주택,0,0,46.28,19490310,1,0,서울특별시 동대문구 제기동 13-263번지
11230,10300,0,0015,0007,,,일반건축물,제1종근린생활시설,점포,0,0,74.38,19580913,1,0,서울특별시 동대문구 제기동 15-7번지
11230,10300,0,0017,0004,,,일반건축물,제1종근린생활시설,점포,0,0,12.2,19590410,1,0,서울특별시 동대문구 제기동 17-4번지
11230,10300,0,0019,0000,,,일반건축물,단독주택,주택,0,0,93.26,19631210,1,0,서울특별시 동대문구 제기동 19번지
11230,10300,0,0019,0109,,,일반건축물,단독주택,주택,0,0,85.95,19591005,2,0,서울특별시 동대문구 제기동 19-109번지
11230,10300,0,0022,0000,,,일반건축물,단독주택,주택,0,0,56.3,19601010,1,0,서울특별시 동대문구 제기동 22번지
11230,10300,0,0022,0000,,,일반건축물,제1종근린생활시설,창고,0,0,439.67,19570121,1,0,서울특별시 동대문구 제기동 22번지
11230,10300,0,0027,0004,,,일반건축물,단독주택,주택,0,0,49.45,19590810,1,0,서울특별시 동대문구 제기동 27-4번지
11230,10300,0,0028,0000,,,일반건축물,제2종근린생활시설,사무실,0,0,370.01,19601220,2,0,서울특별시 동대문구 제기동 28번지
11230,10300,0,0030,0001,,,일반건축물,단독주택,주택,0,0,30.15,19580801,1,0,서울특별시 동대문구 제기동 30-1번지
11230,10300,0,0035,0097,,,일반건축물,단독주택,주택,0,0,35.97,19601106,1,0,서울특별시 동대문구 제기동 35-97번지
11230,10300,0,0037,0001,,,일반건축물,단독주택,주택,0,0,65.45,19611005,1,0,서울특별시 동대문구 제기동 37-1번지
11230,10300,0,0038,0000,,,일반건축물,단독주택,주택,0,0,40.66,19591010,1,0,서울특별시 동대문구 제기동 38번지
11230,10300,0,0038,0018,,,일반건축물,단독주택,주택,0,0,38.18,19560505,1,0,서울특별시 동대문구 제기동 38-18번지
11230,10300,0,0039,0000,,,일반건축물,단독주택,주택,0,0,52.86,19601020,1,0,서울특별시 동대문구 제기동 39번지
11230,10300,0,0049,0000,,,일반건축물,단독주택,주택,0,0,32.3,19591117,1,0,서울특별시 동대문구 제기동 49번지
11230,10300,0,0052,0000,,,일반건축물,단독주택,주택,0,0,19.83,19120110,1,0,서울특별시 동대문구 제기동 52번지
11230,10300,0,0052,0002,,,일반건축물,단독주택,주택,0,0,39.14,19590306,1,0,서울특별시 동대문구 제기동 52-2번지
11230,10300,0,0052,0003,유광주택,,일반건축물,단독주택,"다가구주택,근린생활시설",315.1,188.44,630.03,20171121,5,0,서울특별시 동대문구 제기동 52-3번지
11230,10300,0,0052,0008,,,일반건축물,단독주택,다가구용단독주택(4가구),105.545,63.12,191.88,19930604,2,1,서울특별시 동대문구 제기동 52-8번지
11230,10300,0,0052,0009,,,일반건축물,단독주택,단독주택 외 1,74,39.67,98.65,20131223,3,0,서울특별시 동대문구 제기동 52-9번지
11230,10300,0,0053,0000,,,일반건축물,단독주택,주택,0,0,46.45,19580901,1,0,서울특별시 동대문구 제기동 53번지
11230,10300,0,0053,0005,,,일반건축물,단독주택,주택,75.9,0,38.79,19850629,1,0,서울특별시 동대문구 제기동 53-5번지
11230,10300,0,0053,0006,,,일반건축물,단독주택,주택,0,0,36.63,19600405,1,0,서울특별시 동대문구 제기동 53-6번지
11230,10300,0,0054,0005,,,일반건축물,단독주택,"다가구용단독주택, 근린생활시설",113.1,67.61,204.31,19970806,3,1,서울특별시 동대문구 제기동 54-5번지
11230,10300,0,0055,0000,,,일반건축물,단독주택,주택,0,0,70.38,19651220,1,0,서울특별시 동대문구 제기동 55번지
11230,10300,0,0055,0004,,,일반건축물,단독주택,"근린생활시설, 주택",234.81,0,562.8,19900131,4,1,서울특별시 동대문구 제기동 55-4번지
11230,10300,0,0055,0007,제기2빗물펌프장,,일반건축물,제1종근린생활시설,근린공공시설(수해예방용 빗물 펌프장),29.25,0,58.5,19940930,1,1,서울특별시 동대문구 제기동 55-7번지
11230,10300,0,0055,0022,씨티원빌,,일반건축물,단독주택,창고시설/근린생활시설/다가구주택,358.3,210.8,541.93,20160526,4,0,서울특별시 동대문구 제기동 55-22번지
11230,10300,0,0056,0000,,,일반건축물,단독주택,"주택, 근린생활시설",0,0,32.43,19580702,1,0,서울특별시 동대문구 제기동 56번지
11230,10300,0,0057,0000,,,일반건축물,제1종근린생활시설,제1종근린생활시설(소매점),28.43,16.52,19.85,20050728,2,0,서울특별시 동대문구 제기동 57번지
11230,10300,0,0058,0000,,,일반건축물,단독주택,주택,0,0,46.12,19611001,1,0,서울특별시 동대문구 제기동 58번지
11230,10300,0,0059,0001,,,일반건축물,단독주택,주택,0,0,30.15,,1,0,서울특별시 동대문구 제기동 59-1번지
11230,10300,0,0060,0000,,,일반건축물,단독주택,주택,60,29.75,29.75,,1,0,서울특별시 동대문구 제기동 60번지
11230,10300,0,0061,0000,,,일반건축물,단독주택,주택,0,0,48.46,19600320,1,0,서울특별시 동대문구 제기동 61번지
11230,10300,0,0062,0002,,,일반건축물,단독주택,주택,0,0,29.75,19120409,1,0,서울특별시 동대문구 제기동 62-2번지
11230,10300,0,0063,0000,,,일반건축물,단독주택,주택,126,74.94,180,19661215,3,1,서울특별시 동대문구 제기동 63번지
11230,10300,0,0064,0001,,,일반건축물,제1종근린생활시설,제1종근린생활시설,0,0,60.99,19651104,1,0,서울특별시 동대문구 제기동 64-1번지
11230,10300,0,0064,0002,,,일반건축물,단독주택,주택,0,0,52.73,19650704,1,0,서울특별시 동대문구 제기동 64-2번지
11230,10300,0,0065,0000,,,일반건축물,단독주택,주택,0,0,33.06,19561005,1,0,서울특별시 동대문구 제기동 65번지
11230,10300,0,0065,0002,,,일반건축물,단독주택,주택,0,0,225.22,19750613,2,1,서울특별시 동대문구 제기동 65-2번지
11230,10300,0,0065,0004,,,표제부,공동주택,공동주택(다세대주택),405.43,193.27,659.8,19970121,4,1,서울특별시 동대문구 제기동 65-4번지
11230,10300,0,0066,0002,BLUEVIRD 제기3차,,표제부,공동주택,다세대주택,218,122.29,435.26,20240202,5,0,서울특별시 동대문구 제기동 66-2번지
11230,10300,0,0066,0003,,,일반건축물,단독주택,주택,0,0,19.04,19120409,1,0,서울특별시 동대문구 제기동 66-3번지
11230,10300,0,0066,0004,,,일반건축물,제1종근린생활시설,제1종근린생활시설(소매점),51.89,30.81,61.62,20030715,2,0,서울특별시 동대문구 제기동 66-4번지
11230,10300,0,0067,0000,토토그랑빌,,표제부,공동주택,제1종근린생활시설 및 다세대주택,289.72,170.22,575.47,20081205,5,0,서울특별시 동대문구 제기동 67번지
11230,10300,0,0067,0001,,,일반건축물,단독주택,주택,0,0,33.06,19670530,1,0,서울특별시 동대문구 제기동 67-1번지
11230,10300,0,0067,0002,,,일반건축물,단독주택,다가구주택,158.11,91.96,315.82,20040804,4,0,서울특별시 동대문구 제기동 67-2번지
11230,10300,0,0067,0003,,,일반건축물,단독주택,다가구용단독주택(9가구),206.96,117.05,373.72,19941219,3,1,서울특별시 동대문구 제기동 67-3번지
11230,10300,0,0067,0006,,,일반건축물,제2종근린생활시설,제2종근린생활시설(제조업소),0,0,23.14,,1,0,서울특별시 동대문구 제기동 67-6번지
11230,10300,0,0067,0008,,,일반건축물,단독주택,다가구용단독주택(3가구),64.11,34.2,101.08,19921019,2,1,서울특별시 동대문구 제기동 67-8번지
11230,10300,0,0067,0009,,,일반건축물,단독주택,다가구용단독주택(8),236.15,127.8,513.38,19991231,3,1,서울특별시 동대문구 제기동 67-9번지
11230,10300,0,0067,0010,,,일반건축물,단독주택,"근린생활시설, 주택",160.7,95.9,454.7,19991231,4,1,서울특별시 동대문구 제기동 67-10번지
11230,10300,0,0067,0012,,,일반건축물,단독주택,다가구주택 외1,176,129.61,206.54,,2,0,서울특별시 동대문구 제기동 67-12번지
11230,10300,0,0067,0014,,,일반건축물,단독주택,"주택, 점포",0,0,87.6,19680902,2,0,서울특별시 동대문구 제기동 67-14번지
11230,10300,0,0067,0015,,,일반건축물,단독주택,주택,0,0,30.94,19580720,1,0,서울특별시 동대문구 제기동 67-15번지
11230,10300,0,0067,0017,,,일반건축물,종교시설,교회,0,0,1074.67,19790306,3,1,서울특별시 동대문구 제기동 67-17번지
11230,10300,0,0067,0017,,,일반건축물,단독주택,주택(목사관),0,0,202.44,19790306,2,1,서울특별시 동대문구 제기동 67-17번지
11230,10300,0,0067,0017,동성감리교회 종합관,,일반건축물,제2종근린생활시설,"단독주택,근린생활시설",399,211.79,565.46,20220211,4,0,서울특별시 동대문구 제기동 67-17번지
11230,10300,0,0067,0018,,,일반건축물,단독주택,주택,0,0,50.48,19561105,1,0,서울특별시 동대문구 제기동 67-18번지
11230,10300,0,0067,0019,비엔트,,표제부,공동주택,다세대주택,299.34,160.09,629.95,20230426,6,1,서울특별시 동대문구 제기동 67-19번지
11230,10300,0,0067,0020,,,일반건축물,단독주택,주택,0,0,34.18,19741026,1,0,서울특별시 동대문구 제기동 67-20번지
11230,10300,0,0067,0021,,,일반건축물,단독주택,단독주택,114.45,66.42,234.54,20020125,3,1,서울특별시 동대문구 제기동 67-21번지
11230,10300,0,0067,0024,,,일반건축물,단독주택,단독주택,25.52,15.12,26.04,20070515,2,0,서울특별시 동대문구 제기동 67-24번지
11230,10300,0,0067,0029,,,표제부,공동주택,다세대주택,332,190.25,651.11,20170913,5,0,서울특별시 동대문구 제기동 67-29번지
11230,10300,0,0067,0036,,,일반건축물,단독주택,주택,0,0,31.57,19601020,1,0,서울특별시 동대문구 제기동 67-36번지
11230,10300,0,0067,0037,태명빌,,일반건축물,단독주택,단독주택,207,123.97,413.66,20171110,5,0,서울특별시 동대문구 제기동 67-37번지
11230,10300,0,0067,0038,,,일반건축물,단독주택,다가구용단독주택(3가구),91.65,35.35,91.65,19921229,2,1,서울특별시 동대문구 제기동 67-38번지
11230,10300,0,0067,0039,,,표제부,공동주택,다세대주택(8세대),218,121.7,411.2,20040331,3,1,서울특별시 동대문구 제기동 67-39번지
11230,10300,0,0067,0045,,,일반건축물,단독주택,주택,102,0,44.33,,1,0,서울특별시 동대문구 제기동 67-45번지
11230,10300,0,0067,0047,,,일반건축물,단독주택,주택,0,0,72.73,,1,0,서울특별시 동대문구 제기동 67-47번지
11230,10300,0,0067,0063,,,일반건축물,단독주택,단독주택,101.51,50.13,86.96,20020919,2,0,서울특별시 동대문구 제기동 67-63번지
11230,10300,0,0067,0064,,,일반건축물,단독주택,"근린생활시설, 다가구주택(4가구)",188.4,112.73,357.87,20010719,4,0,서울특별시 동대문구 제기동 67-64번지
11230,10300,0,0067,0065,,,일반건축물,단독주택,다가구용단독주택(3가구),74.2,50.88,116.46,19950118,2,1,서울특별시 동대문구 제기동 67-65번지
11230,10300,0,0067,0066,에스제이빌,,일반건축물,단독주택,"다가구주택,근린생활시설",218,130.68,530.7,20180918,5,0,서울특별시 동대문구 제기동 67-66번지
11230,10300,0,0067,0067,,,일반건축물,단독주택,주택,0,0,66.12,,1,0,서울특별시 동대문구 제기동 67-67번지
11230,10300,0,0067,0068,,,일반건축물,단독주택,주택,0,0,29.75,,1,0,서울특별시 동대문구 제기동 67-68번지
11230,10300,0,0067,0070,마이바움,,표제부,공동주택,공동주택(도시형생활주택),176.7,105.4,403.89,20210610,5,1,서울특별시 동대문구 제기동 67-70번지
11230,10300,0,0067,0074,,,일반건축물,단독주택,주택,102.48,0,83.19,19850629,1,1,서울특별시 동대문구 제기동 67-74번지
11230,10300,0,0067,0075,,,일반건축물,단독주택,다가구용단독주택(3가구),45.2,30.34,73.02,19950630,2,1,서울특별시 동대문구 제기동 67-75번지
11230,10300,0,0067,0078,,,일반건축물,단독주택,다가구용단독주택(5가구),123.62,67.55,185.64,19940723,2,1,서울특별시 동대문구 제기동 67-78번지
11230,10300,0,0067,0083,,,일반건축물,단독주택,다가구용단독주택(7가구),126,75.52,290.81,19941008,3,1,서울특별시 동대문구 제기동 67-83번지
11230,10300,0,0067,0084,,,일반건축물,단독주택,단독주택(다중주택),117.77,64.9,190.29,,3,0,서울특별시 동대문구 제기동 67-84번지
11230,10300,0,0067,0085,,,일반건축물,단독주택,"근린생활시설, 다가구용단독주택(5가구)",206,123.16,490.85,19961022,3,1,서울특별시 동대문구 제기동 67-85번지
11230,10300,0,0067,0088,,,일반건축물,단독주택,다가구용단독주택(4가구),175,103.81,329.69,19970908,3,1,서울특별시 동대문구 제기동 67-88번지
11230,10300,0,0067,0089,이진한씨주택,,일반건축물,단독주택,단독주택(다가구주택),109,62.17,221.51,20030304,3,1,서울특별시 동대문구 제기동 67-89번지
11230,10300,0,0067,0090,,,일반건축물,단독주택,주택,0,0,120.63,19750219,2,1,서울특별시 동대문구 제기동 67-90번지
11230,10300,0,0067,0091,,,일반건축물,단독주택,다가구용단독주택(5가구),164.7,94.18,329.06,19970908,3,1,서울특별시 동대문구 제기동 67-91번지
11230,10300,0,0067,0092,,,일반건축물,단독주택,"다가구용단독주택(6가구), 근린생활시설",231,115.08,459.19,19930913,4,1,서울특별시 동대문구 제기동 67-92번지
11230,10300,0,0067,0093,,,일반건축물,단독주택,다가구용단독주택(7가구),181,99.91,362.73,19941008,3,1,서울특별시 동대문구 제기동 67-93번지
11230,10300,0,0067,0094,,,일반건축물,단독주택,단독주택(다중주택),116,69.52,277.72,20160704,3,1,서울특별시 동대문구 제기동 67-94번지
11230,10300,0,0067,0095,,,일반건축물,단독주택,다가구용단독주택(6가구),113,65.64,262.56,19940805,3,1,서울특별시 동대문구 제기동 67-95번지
11230,10300,0,0067,0097,,,일반건축물,단독주택,다가구용단독주택,112,62.41,280.87,19970328,4,1,서울특별시 동대문구 제기동 67-97번지
11230,10300,0,0067,0100,,,일반건축물,단독주택,단독주택(다가구주택),122,60.75,238.51,19900713,3,1,서울특별시 동대문구 제기동 67-100번지
11230,10300,0,0067,0101,,,일반건축물,단독주택,단독주택,192.87,0,192.87,19900901,2,1,서울특별시 동대문구 제기동 67-101번지
11230,10300,0,0067,0102,,,일반건축물,제1종근린생활시설,"근린생활시설, 주택(2가구)",124,73.92,299.96,19961228,3,1,서울특별시 동대문구 제기동 67-102번지
11230,10300,0,0067,0103,,,일반건축물,단독주택,"다가구주택, 근린생활시설",170,101.92,335.24,20191016,4,0,서울특별시 동대문구 제기동 67-103번지
11230,10300,0,0067,0104,,,일반건축물,단독주택,다가구주택(8가구),153.25,83.07,296.01,19961010,3,1,서울특별시 동대문구 제기동 67-104번지
11230,10300,0,0067,0106,,,일반건축물,단독주택,"주택, 점포",0,0,50.58,19570510,1,0,서울특별시 동대문구 제기동 67-106번지
11230,10300,0,0067,0107,,,일반건축물,제2종근린생활시설,"근린생활시설,제2종근린생활시설, 주택",187.25,0,346.06,19881112,3,1,서울특별시 동대문구 제기동 67-107번지
11230,10300,0,0067,0109,,,일반건축물,단독주택,주택,0,0,43.11,19751120,1,0,서울특별시 동대문구 제기동 67-109번지
11230,10300,0,0067,0110,,,일반건축물,단독주택,단독주택(다중주택) 외 1,115,56.28,99.63,20141204,2,0,서울특별시 동대문구 제기동 67-110번지
11230,10300,0,0067,0112,,,일반건축물,단독주택,주택,0,0,36.36,19661105,1,0,서울특별시 동대문구 제기동 67-112번지
11230,10300,0,0067,0113,,,일반건축물,단독주택,다가구주택,148.7,88,265.67,20150109,4,0,서울특별시 동대문구 제기동 67-113번지
11230,10300,0,0067,0114,,,일반건축물,단독주택,"근린생활시설, 다가구주택(3가구),제2종근린생활시설",136.2,81.37,288.66,19940711,3,1,서울특별시 동대문구 제기동 67-114번지
11230,10300,0,0067,0116,,,일반건축물,단독주택,단독주택,83,48.28,90.17,20020531,2,0,서울특별시 동대문구 제기동 67-116번지
11230,10300,0,0067,0117,,,일반건축물,단독주택,주택,0,0,43.71,19591121,1,0,서울특별시 동대문구 제기동 67-117번지
11230,10300,0,0067,0118,,,일반건축물,단독주택,주택,0,0,34.05,,1,0,서울특별시 동대문구 제기동 67-118번지
11230,10300,0,0067,0124,,,일반건축물,단독주택,단독주택,101.72,58.12,142.76,20020622,3,0,서울특별시 동대문구 제기동 67-124번지
11230,10300,0,0067,0125,,,일반건축물,제2종근린생활시설,제2종근린생활시설(사무소),148,88.32,264.96,20040414,3,0,서울특별시 동대문구 제기동 67-125번지
11230,10300,0,0067,0126,,,일반건축물,단독주택,단독주택,101.53,60.87,183.06,20131118,4,0,서울특별시 동대문구 제기동 67-126번지
11230,10300,0,0067,0127,호현재,,일반건축물,단독주택,"단독주택, 근린생활시설",73.38,44.02,136.27,20220203,4,0,서울특별시 동대문구 제기동 67-127번지
11230,10300,0,0067,0129,광선빌딩,,일반건축물,단독주택,단독주택 외1,88.6,52.37,152.31,20060314,3,0,서울특별시 동대문구 제기동 67-129번지
11230,10300,0,0067,0130,,,일반건축물,단독주택,"주택, 근린생활시설",0,0,156.7,19681219,2,0,서울특별시 동대문구 제기동 67-130번지
11230,10300,0,0067,0135,,,일반건축물,단독주택,주택,79,0,39.04,19850629,1,0,서울특별시 동대문구 제기동 67-135번지
11230,10300,0,0067,0139,,,표제부,공동주택,"도시형생활주택, 근린생활시설",516.4,244.76,1119.87,20191120,7,1,서울특별시 동대문구 제기동 67-139번지
11230,10300,0,0067,0142,,,일반건축물,단독주택,단독주택(다가구주택),126,73.19,226.21,19881208,3,1,서울특별시 동대문구 제기동 67-142번지
11230,10300,0,0067,0143,제기동 다세대주택,,표제부,공동주택,다세대주택,136,76.32,265.68,20030626,5,0,서울특별시 동대문구 제기동 67-143번지
11230,10300,0,0067,0144,,,일반건축물,단독주택,다가구용단독주택(4가구),142.47,85.22,231.77,19931027,2,1,서울특별시 동대문구 제기동 67-144번지
11230,10300,0,0067,0145,,,일반건축물,단독주택,단독주택,83,49.62,139.57,19991220,3,0,서울특별시 동대문구 제기동 67-145번지
11230,10300,0,0067,0147,,,일반건축물,단독주택,다가구용단독주택,119.09,70.7,240.25,19970804,3,1,서울특별시 동대문구 제기동 67-147번지
11230,10300,0,0067,0148,,,일반건축물,단독주택,다가용단독주택,92.84,55.56,149.86,19970804,2,1,서울특별시 동대문구 제기동 67-148번지
11230,10300,0,0067,0149,,,일반건축물,단독주택,주택,0,0,143.82,19870817,2,1,서울특별시 동대문구 제기동 67-149번지
11230,10300,0,0067,0150,,,일반건축물,단독주택,주택,63.85,0,78.38,19870711,2,1,서울특별시 동대문구 제기동 67-150번지
11230,10300,0,0067,0151,,,일반건축물,단독주택,다가구주택(2가구) 외 1,92.5,52.95,132.53,20111020,3,0,서울특별시 동대문구 제기동 67-151번지
11230,10300,0,0067,0152,,,일반건축물,단독주택,주택,0,0,19.77,19730809,1,0,서울특별시 동대문구 제기동 67-152번지
11230,10300,0,0067,0153,,,일반건축물,단독주택,주택,0,0,32.3,19570920,1,0,서울특별시 동대문구 제기동 67-153번지
11230,10300,0,0067,0154,,,일반건축물,단독주택,주택,0,0,47.6,19571120,1,0,서울특별시 동대문구 제기동 67-154번지
11230,10300,0,0067,0155,형선윤,,일반건축물,단독주택,단독주택,83,42.52,135,20200709,4,0,서울특별시 동대문구 제기동 67-155번지
11230,10300,0,0067,0158,,,일반건축물,단독주택,다가용단독주택(4가구),73,48.96,137.87,19930908,2,1,서울특별시 동대문구 제기동 67-158번지
11230,10300,0,0067,0159,,,일반건축물,단독주택,다가구용단독주택(4가구),145,78.81,218.28,19910222,2,1,서울특별시 동대문구 제기동 67-159번지
11230,10300,0,0067,0161,,,일반건축물,단독주택,주택,0,0,25.85,19561003,1,0,서울특별시 동대문구 제기동 67-161번지
11230,10300,0,0067,0162,,,일반건축물,단독주택,다가구주택,90.18,53.79,218.46,19970627,3,1,서울특별시 동대문구 제기동 67-162번지
11230,10300,0,0067,0167,,,일반건축물,단독주택,"제2종근린생활시설, 다가구주택",216.4,121.59,401.86,20161121,5,0,서울특별시 동대문구 제기동 67-167번지
11230,10300,0,0067,0169,,,일반건축물,단독주택,"근린생활시설, 주택(2가구)",98.8,58.2,275.8,19920116,4,1,서울특별시 동대문구 제기동 67-169번지
11230,10300,0,0067,0170,,,일반건축물,단독주택,다가구용단독주택(5가구),95.79,57.12,169.32,19931021,2,1,서울특별시 동대문구 제기동 67-170번지
11230,10300,0,0067,0171,,,일반건축물,단독주택,다가구용단독주택(3가구),87.72,53.68,156.09,19950325,2,1,서울특별시 동대문구 제기동 67-171번지
11230,10300,0,0067,0179,,,일반건축물,단독주택,단독주택,98.78,58.34,138.2,20160824,3,0,서울특별시 동대문구 제기동 67-179번지
11230,10300,0,0067,0181,,,일반건축물,제1종근린생활시설,"근린생활시설, 주택",172.96,87.98,409.06,19891016,4,1,서울특별시 동대문구 제기동 67-181번지
11230,10300,0,0067,0182,,,표제부,공동주택,다세대주택 및 근린생활시설,205,110.38,337.04,20081205,4,0,서울특별시 동대문구 제기동 67-182번지
11230,10300,0,0067,0188,,,일반건축물,단독주택,단독주택(다가구주택),109,54.3,174.46,20070207,3,1,서울특별시 동대문구 제기동 67-188번지
11230,10300,0,0067,0191,,,일반건축물,단독주택,다가구용단독주택(5가구),112,60.96,176.77,19940421,2,1,서울특별시 동대문구 제기동 67-191번지
11230,10300,0,0067,0192,,,일반건축물,단독주택,다가구주택(3가구),105,44.1,161.74,19881126,3,1,서울특별시 동대문구 제기동 67-192번지
11230,10300,0,0067,0195,,,일반건축물,제2종근린생활시설,제2종근린생활시설 외1,0,0,465.13,19711204,2,1,서울특별시 동대문구 제기동 67-195번지
11230,10300,0,0067,0197,,,일반건축물,제1종근린생활시설,다가구용단독주택 외 1,118.9,74.88,310.12,19930605,4,1,서울특별시 동대문구 제기동 67-197번지
11230,10300,0,0067,0200,,,일반건축물,단독주택,주택,0,0,36.36,19591202,1,0,서울특별시 동대문구 제기동 67-200번지
11230,10300,0,0067,0201,,,일반건축물,단독주택,주택,0,0,49.59,,1,0,서울특별시 동대문구 제기동 67-201번지
11230,10300,0,0067,0208,현,,일반건축물,단독주택,다중주택,196.4,97.39,486.91,20180208,6,0,서울특별시 동대문구 제기동 67-208번지
11230,10300,0,0067,0209,,,일반건축물,제1종근린생활시설,점포,0,0,312.27,19680410,3,1,서울특별시 동대문구 제기동 67-209번지
11230,10300,0,0067,0211,,,일반건축물,단독주택,"근린생활시설, 다가구주택",304,165.27,632.58,19970407,3,1,서울특별시 동대문구 제기동 67-211번지
11230,10300,0,0067,0212,,,일반건축물,단독주택,주택,0,0,57.39,19561005,1,0,서울특별시 동대문구 제기동 67-212번지
11230,10300,0,0067,0213,,,일반건축물,단독주택,주택,0,0,32.89,19600527,1,0,서울특별시 동대문구 제기동 67-213번지
11230,10300,0,0067,0214,,,일반건축물,단독주택,주택,79,26.84,26.84,19600407,1,0,서울특별시 동대문구 제기동 67-214번지
11230,10300,0,0067,0215,,,일반건축물,단독주택,"근린생활시설, 다가구용단독주택(2가구)",66.62,51.58,152.02,19980310,2,1,서울특별시 동대문구 제기동 67-215번지
11230,10300,0,0067,0232,,,일반건축물,단독주택,주택,0,0,222.14,19770907,3,1,서울특별시 동대문구 제기동 67-232번지
11230,10300,0,0067,0233,,,일반건축물,단독주택,단독주택,116.22,83.42,83.42,19590620,1,0,서울특별시 동대문구 제기동 67-233번지
11230,10300,0,0067,0235,,,일반건축물,단독주택,다가구용단독주택(3가구),105.32,62.55,231.01,19920903,3,1,서울특별시 동대문구 제기동 67-235번지
11230,10300,0,0067,0236,제이하우스,,표제부,공동주택,공동주택,212,127.19,417.73,20220728,5,0,서울특별시 동대문구 제기동 67-236번지
11230,10300,0,0067,0240,,,일반건축물,단독주택,주택,0,0,110.75,19601120,2,0,서울특별시 동대문구 제기동 67-240번지
11230,10300,0,0067,0241,,,표제부,업무시설,업무시설 외1,317,129.12,907,20050204,6,1,서울특별시 동대문구 제기동 67-241번지
11230,10300,0,0067,0243,,,일반건축물,단독주택,주택,116,63.32,81.32,19731228,2,0,서울특별시 동대문구 제기동 67-243번지
11230,10300,0,0067,0247,,,일반건축물,단독주택,주택,0,0,212.02,19880331,2,1,서울특별시 동대문구 제기동 67-247번지
11230,10300,0,0067,0248,,,표제부,공동주택,"다세대주택, 근린생활시설",423,233.58,717.07,20170731,5,0,서울특별시 동대문구 제기동 67-248번지
11230,10300,0,0067,0249,,,표제부,공동주택,다세대주택,361,215.3,659.41,20170915,5,0,서울특별시 동대문구 제기동 67-249번지
11230,10300,0,0067,0250,마루스위트빌27,,표제부,공동주택,공동주택,296,177.19,587.31,20160225,5,0,서울특별시 동대문구 제기동 67-250번지
11230,10300,0,0067,0251,,,일반건축물,단독주택,단독주택,209.47,104.53,310.79,19910109,2,1,서울특별시 동대문구 제기동 67-251번지
11230,10300,0,0067,0252,,,일반건축물,단독주택,다가구용단독주택(8가구),213.43,120.62,424.58,19921229,3,1,서울특별시 동대문구 제기동 67-252번지
11230,10300,0,0067,0253,,,일반건축물,단독주택,주택,213,105.33,362.63,19891106,3,1,서울특별시 동대문구 제기동 67-253번지
11230,10300,0,0067,0256,,,일반건축물,단독주택,다가구용단독주택(10가구),206.43,122.09,471.22,19921223,3,1,서울특별시 동대문구 제기동 67-256번지
11230,10300,0,0067,0257,,,일반건축물,단독주택,다가구용단독주택(7가구),213.44,127.68,475.2,19931105,3,1,서울특별시 동대문구 제기동 67-257번지
11230,10300,0,0067,0258,블루버드 제기1차,,표제부,공동주택,다세대주택,213,127.68,424.38,20230418,5,0,서울특별시 동대문구 제기동 67-258번지
11230,10300,0,0067,0259,,,일반건축물,단독주택,단독주택,205,0,309.04,19901229,2,1,서울특별시 동대문구 제기동 67-259번지
11230,10300,0,0067,0260,,,표제부,공동주택,다세대주택,223.9,133.92,503.28,20030722,4,0,서울특별시 동대문구 제기동 67-260번지
11230,10300,0,0067,0261,,,일반건축물,단독주택,다가구용단독주택(3가구),208,123.99,419.83,19920416,3,1,서울특별시 동대문구 제기동 67-261번지
11230,10300,0,0067,0262,,,일반건축물,단독주택,단독주택(다가구주택),166.83,99.04,379.56,20060801,3,1,서울특별시 동대문구 제기동 67-262번지
11230,10300,0,0067,0263,,,일반건축물,단독주택,단독주택,58.99,35.3,70.6,20031021,2,0,서울특별시 동대문구 제기동 67-263번지
11230,10300,0,0067,0264,,,일반건축물,단독주택,주택,0,0,33.79,19600710,1,0,서울특별시 동대문구 제기동 67-264번지
11230,10300,0,0067,0265,,,일반건축물,단독주택,단독주택,79,37.64,68.77,19980105,2,0,서울특별시 동대문구 제기동 67-265번지
11230,10300,0,0067,0266,,,일반건축물,단독주택,다가구용단독주택(3가구),65.89,39.38,104.22,19921229,2,1,서울특별시 동대문구 제기동 67-266번지
11230,10300,0,0067,0267,,,일반건축물,단독주택,다가구용단독주택(3가구),58.96,34.32,102.96,19930521,2,1,서울특별시 동대문구 제기동 67-267번지
11230,10300,0,0067,0268,,,일반건축물,단독주택,다가구용단독주택(3가구),78.19,46.8,134.46,19930512,2,1,서울특별시 동대문구 제기동 67-268번지
11230,10300,0,0067,0269,,,일반건축물,단독주택,다가구용단독주택(3가구),63.02,36.87,110.61,19921229,2,1,서울특별시 동대문구 제기동 67-269번지
11230,10300,0,0067,0274,,,일반건축물,단독주택,주택,0,0,67.93,19610405,1,0,서울특별시 동대문구 제기동 67-274번지
11230,10300,0,0067,0277,DITTO HOUSE,,일반건축물,단독주택,다중주택,208.42,112.77,324.64,20181114,3,1,서울특별시 동대문구 제기동 67-277번지
11230,10300,0,0067,0278,,,일반건축물,단독주택,"다가구주택, 근린생활시설",122,66.13,166.76,20180503,4,0,서울특별시 동대문구 제기동 67-278번지
11230,10300,0,0067,0279,,,일반건축물,단독주택,"다가구주택, 근린생활시설",95.85,56.18,134.64,20171212,4,0,서울특별시 동대문구 제기동 67-279번지
11230,10300,0,0067,0283,이레,,일반건축물,단독주택,다중주택,99,58.88,199.88,20160607,3,1,서울특별시 동대문구 제기동 67-283번지
11230,10300,0,0067,0286,,,일반건축물,단독주택,주택,0,0,44.2,19601220,1,0,서울특별시 동대문구 제기동 67-286번지
11230,10300,0,0067,0287,,,일반건축물,단독주택,주택,0,0,50.12,19601010,1,0,서울특별시 동대문구 제기동 67-287번지
11230,10300,0,0067,0292,,,일반건축물,단독주택,주택,0,0,27.87,,1,0,서울특별시 동대문구 제기동 67-292번지
11230,10300,0,0067,0292,,,일반건축물,제2종근린생활시설,제2종근린생활시설,0,0,32,,1,0,서울특별시 동대문구 제기동 67-292번지
11230,10300,0,0067,0300,,,일반건축물,제2종근린생활시설,근린생활시설,0,0,58.41,19601230,1,0,서울특별시 동대문구 제기동 67-300번지
11230,10300,0,0067,0304,,,일반건축물,단독주택,다가구주택,126.98,70.27,230.47,20040721,4,0,서울특별시 동대문구 제기동 67-304번지
11230,10300,0,0067,0307,,,일반건축물,단독주택,다가구용단독주택(8가구),234,140.35,510.21,19961231,3,1,서울특별시 동대문구 제기동 67-307번지
11230,10300,0,0067,0308,,,일반건축물,단독주택,"근린생활시설, 주택",150.64,89.8,298.42,19930721,3,1,서울특별시 동대문구 제기동 67-308번지
11230,10300,0,0067,0309,,,일반건축물,단독주택,주택,69,35.04,90.64,20220602,3,0,서울특별시 동대문구 제기동 67-309번지
11230,10300,0,0067,0310,,,일반건축물,단독주택,다가구주택,136,105.35,210.7,19661207,2,0,서울특별시 동대문구 제기동 67-310번지
11230,10300,0,0067,0324,,,일반건축물,단독주택,단독주택,128.38,0,201.34,19901010,2,1,서울특별시 동대문구 제기동 67-324번지
11230,10300,0,0067,0330,금강팰리스,,표제부,공동주택,도시형생활주택,285.23,160.05,569.57,20211230,6,0,서울특별시 동대문구 제기동 67-330번지
11230,10300,0,0067,0335,,,일반건축물,단독주택,단독주택(다가구주택),124.19,55.52,189.32,19900807,3,1,서울특별시 동대문구 제기동 67-335번지
11230,10300,0,0067,0337,,,일반건축물,단독주택,단독주택,53.81,32.19,64.38,20031104,2,0,서울특별시 동대문구 제기동 67-337번지
11230,10300,0,0067,0343,하우스테디베어,,일반건축물,단독주택,다중주택,187.81,110.25,323.94,20170215,3,0,서울특별시 동대문구 제기동 67-343번지
11230,10300,0,0067,0347,,,일반건축물,단독주택,단독주택,192.55,91.02,148.13,20051103,2,0,서울특별시 동대문구 제기동 67-347번지
11230,10300,0,0067,0349,,,일반건축물,종교시설,종교시설(목사사택),0,0,158.74,19650401,2,1,서울특별시 동대문구 제기동 67-349번지
11230,10300,0,0067,0350,,,일반건축물,단독주택,주택,0,0,131.57,19640401,2,1,서울특별시 동대문구 제기동 67-350번지
11230,10300,0,0067,0376,,,일반건축물,단독주택,다가구용단독주택(5가구),146,67.89,198.36,19911210,2,1,서울특별시 동대문구 제기동 67-376번지
11230,10300,0,0067,0382,,,표제부,공동주택,"근린생활시설, 다세대주택",196.55,117,492.21,20020208,4,1,서울특별시 동대문구 제기동 67-382번지
11230,10300,0,0067,0390,,,일반건축물,단독주택,다가구용단독주택(5가구),169,67.87,199.71,19910705,2,1,서울특별시 동대문구 제기동 67-390번지
11230,10300,0,0067,0393,,,일반건축물,단독주택,주택,0,0,36.36,19671212,1,0,서울특별시 동대문구 제기동 67-393번지
11230,10300,0,0067,0394,,,일반건축물,단독주택,주택,0,0,134.94,19730803,2,1,서울특별시 동대문구 제기동 67-394번지
11230,10300,0,0067,0395,,,일반건축물,단독주택,주택,0,0,54.55,19670530,1,0,서울특별시 동대문구 제기동 67-395번지
11230,10300,0,0067,0396,,,일반건축물,단독주택,주택,0,0,52.89,19670530,1,0,서울특별시 동대문구 제기동 67-396번지
11230,10300,0,0067,0399,하우스테디베어8차,,일반건축물,단독주택,다중주택,166.76,94.94,299.96,20180530,3,1,서울특별시 동대문구 제기동 67-399번지
11230,10300,0,0067,0401,,,일반건축물,단독주택,주택,0,0,33.06,19670530,1,0,서울특별시 동대문구 제기동 67-401번지
11230,10300,0,0067,0402,,,일반건축물,단독주택,다가구주택(3가구),92.73,55.29,223.46,19991231,3,1,서울특별시 동대문구 제기동 67-402번지
11230,10300,0,0067,0403,,,일반건축물,단독주택,단독주택,86.5,43.15,81.44,20010921,2,0,서울특별시 동대문구 제기동 67-403번지
11230,10300,0,0067,0410,,,일반건축물,제2종근린생활시설,영업외 2,0,0,306.12,19670801,4,0,서울특별시 동대문구 제기동 67-410번지
11230,10300,0,0067,0414,,,일반건축물,단독주택,다가구용단독주택(2가구),104.45,61.42,179.66,19920428,2,1,서울특별시 동대문구 제기동 67-414번지
11230,10300,0,0067,0440,,,일반건축물,단독주택,다가구용단독주택(5가구),96.34,57.19,138.36,19930322,2,1,서울특별시 동대문구 제기동 67-440번지
11230,10300,0,0067,0451,,,일반건축물,단독주택,주택,0,0,223.89,19880331,2,1,서울특별시 동대문구 제기동 67-451번지
11230,10300,0,0067,0460,,,일반건축물,단독주택,다가구용단독주택(4가구),110.15,65.67,163.16,19920427,2,1,서울특별시 동대문구 제기동 67-460번지
11230,10300,0,0067,0477,,,일반건축물,단독주택,"다가구주택,근린생활시설",265,170.57,594.24,20040713,5,0,서울특별시 동대문구 제기동 67-477번지
11230,10300,0,0067,0501,하늘정원,,일반건축물,단독주택,"다가구주택,근린생활시설",206,119.88,408.32,20171106,5,0,서울특별시 동대문구 제기동 67-501번지
11230,10300,0,0068,0004,,,일반건축물,단독주택,주택,0,0,40.56,19581025,1,0,서울특별시 동대문구 제기동 68-4번지
11230,10300,0,0068,0006,,,일반건축물,단독주택,주택,0,0,44.2,19580727,1,0,서울특별시 동대문구 제기동 68-6번지
11230,10300,0,0068,0009,,,일반건축물,단독주택,주택,0,0,49.12,,1,0,서울특별시 동대문구 제기동 68-9번지
11230,10300,0,0074,0000,,,일반건축물,단독주택,주택,0,0,119.01,19800730,2,0,서울특별시 동대문구 제기동 74번지
11230,10300,0,0082,0024,,,일반건축물,단독주택,주택,0,0,65.29,19621215,1,0,서울특별시 동대문구 제기동 82-24번지
11230,10300,0,0087,0000,,,일반건축물,단독주택,주택,0,0,47.61,19591030,1,0,서울특별시 동대문구 제기동 87번지
11230,10300,0,0089,0000,,,일반건축물,단독주택,주택,0,0,45.98,19610720,1,0,서울특별시 동대문구 제기동 89번지
11230,10300,0,0090,0000,,,일반건축물,단독주택,주택,0,0,39.67,19561010,1,0,서울특별시 동대문구 제기동 90번지
11230,10300,0,0090,0000,,,일반건축물,단독주택,주택,0,0,38.28,19580901,1,0,서울특별시 동대문구 제기동 90번지
11230,10300,0,0095,0000,,,일반건축물,단독주택,주택,0,0,36.36,19561101,1,0,서울특별시 동대문구 제기동 95번지
11230,10300,0,0096,0000,,,일반건축물,단독주택,주택,0,0,39.67,19561020,1,0,서울특별시 동대문구 제기동 96번지
11230,10300,0,0096,0004,,,일반건축물,단독주택,주택,0,0,77.75,19621029,1,0,서울특별시 동대문구 제기동 96-4번지
11230,10300,0,0096,0004,,,일반건축물,단독주택,주택,0,0,75.44,19621029,1,0,서울특별시 동대문구 제기동 96-4번지
11230,10300,0,0096,0007,,,일반건축물,제1종근린생활시설,점포,0,0,155.94,19601123,2,0,서울특별시 동대문구 제기동 96-7번지
11230,10300,0,0098,0001,,,일반건축물,단독주택,주택,0,0,49.88,19580710,1,0,서울특별시 동대문구 제기동 98-1번지
11230,10300,0,0104,0000,,,일반건축물,단독주택,주택,0,0,57.09,19581127,1,0,서울특별시 동대문구 제기동 104번지
11230,10300,0,0106,0000,,,일반건축물,제1종근린생활시설,점포,0,0,138.84,19540700,1,0,서울특별시 동대문구 제기동 106번지
11230,10300,0,0107,0000,,,일반건축물,단독주택,주택,0,0,50.25,19580410,1,0,서울특별시 동대문구 제기동 107번지
11230,10300,0,0109,0001,,,일반건축물,단독주택,주택,0,0,43.31,19570520,1,0,서울특별시 동대문구 제기동 109-1번지
11230,10300,0,0114,0000,,,일반건축물,단독주택,주택,0,0,41.98,19590710,1,0,서울특별시 동대문구 제기동 114번지
11230,10300,0,0120,0000,,,일반건축물,단독주택,주택,0,0,43.97,19570501,1,0,서울특별시 동대문구 제기동 120번지
11230,10300,0,0120,0001,,,일반건축물,단독주택,주택,0,0,37.88,19580601,1,0,서울특별시 동대문구 제기동 120-1번지
11230,10300,0,0120,0001,,,일반건축물,단독주택,주택,0,0,58.35,19581001,1,0,서울특별시 동대문구 제기동 120-1번지
11230,10300,0,0120,0002,,,일반건축물,단독주택,주택,0,0,27.11,19580301,1,0,서울특별시 동대문구 제기동 120-2번지
11230,10300,0,0120,0003,,,일반건축물,단독주택,주택,0,0,106.62,19620118,2,0,서울특별시 동대문구 제기동 120-3번지
11230,10300,0,0120,0004,,,일반건축물,종교시설,교회,0,0,3145.63,19830321,4,1,서울특별시 동대문구 제기동 120-4번지
11230,10300,0,0120,0010,,,표제부,공동주택,아파트,0,0,3079.12,19711007,6,1,서울특별시 동대문구 제기동 120-10번지
11230,10300,0,0120,0010,,,일반건축물,단독주택,주택,0,0,88.76,19521015,1,0,서울특별시 동대문구 제기동 120-10번지
11230,10300,0,0120,0012,,,일반건축물,단독주택,주택,0,0,34.98,19541020,1,0,서울특별시 동대문구 제기동 120-12번지
11230,10300,0,0120,0014,,,일반건축물,단독주택,단독주택(다가구주택),128.2,64.68,223.62,19920826,3,1,서울특별시 동대문구 제기동 120-14번지
11230,10300,0,0120,0019,,,일반건축물,단독주택,다가구용단독주택(4가구),91.56,52.94,140.32,19920130,2,1,서울특별시 동대문구 제기동 120-19번지
11230,10300,0,0120,0020,,,일반건축물,단독주택,단독주택,100.6,0,160.2,19900911,2,1,서울특별시 동대문구 제기동 120-20번지
11230,10300,0,0120,0022,,,표제부,공동주택,다세대주택 외 1,104.48,58.53,258.26,20040519,5,0,서울특별시 동대문구 제기동 120-22번지
11230,10300,0,0120,0023,,,일반건축물,단독주택,주택,0,0,45.62,19580701,1,0,서울특별시 동대문구 제기동 120-23번지
11230,10300,0,0120,0024,,,일반건축물,단독주택,주택,0,0,51.41,19590910,1,0,서울특별시 동대문구 제기동 120-24번지
11230,10300,0,0120,0026,,,일반건축물,단독주택,주택,0,0,26.12,19740111,1,0,서울특별시 동대문구 제기동 120-26번지
11230,10300,0,0120,0027,,,일반건축물,단독주택,주택,0,0,29.79,19601020,1,0,서울특별시 동대문구 제기동 120-27번지
11230,10300,0,0120,0028,,,일반건축물,단독주택,주택,0,0,55.54,19580701,1,0,서울특별시 동대문구 제기동 120-28번지
11230,10300,0,0120,0029,,,일반건축물,단독주택,주택,0,0,41.06,19601005,1,0,서울특별시 동대문구 제기동 120-29번지
11230,10300,0,0120,0030,,,일반건축물,단독주택,주택,0,0,40.89,19591010,1,0,서울특별시 동대문구 제기동 120-30번지
11230,10300,0,0120,0031,,,일반건축물,단독주택,주택,0,0,32.3,19611025,1,0,서울특별시 동대문구 제기동 120-31번지
11230,10300,0,0120,0033,,,일반건축물,단독주택,주택,0,0,61.82,19590625,1,0,서울특별시 동대문구 제기동 120-33번지
11230,10300,0,0120,0034,,,일반건축물,단독주택,다가구용단독주택(3가구),98.08,57.32,157.68,19910919,2,1,서울특별시 동대문구 제기동 120-34번지
11230,10300,0,0120,0035,,,일반건축물,단독주택,다가구용단독주택(3가구),95.8,49.3,154.36,19910115,2,1,서울특별시 동대문구 제기동 120-35번지
11230,10300,0,0120,0036,,,일반건축물,단독주택,다가구용단독주택(4가구),101.95,0,164.57,19901231,2,1,서울특별시 동대문구 제기동 120-36번지
11230,10300,0,0120,0038,,,일반건축물,단독주택,주택,94.37,0,154.88,19901112,2,1,서울특별시 동대문구 제기동 120-38번지
11230,10300,0,0120,0039,,,일반건축물,단독주택,단독주택,76.18,0,124.3,19901231,2,1,서울특별시 동대문구 제기동 120-39번지
11230,10300,0,0120,0040,,,일반건축물,단독주택,단독주택,76.18,0,124.3,19901221,2,1,서울특별시 동대문구 제기동 120-40번지
11230,10300,0,0120,0041,,,일반건축물,단독주택,단독주택(다가구주택),64.83,40.29,137.37,19931201,3,1,서울특별시 동대문구 제기동 120-41번지
11230,10300,0,0120,0042,,,일반건축물,단독주택,단독주택,129.42,64.68,243.98,19910904,3,1,서울특별시 동대문구 제기동 120-42번지
11230,10300,0,0120,0043,,,일반건축물,제2종근린생활시설,제2종근린생활시설,137.66,81.61,219.58,19931013,2,1,서울특별시 동대문구 제기동 120-43번지
11230,10300,0,0120,0044,,,일반건축물,단독주택,다가구용단독주택(5가구),114.38,0,188.15,19901221,2,1,서울특별시 동대문구 제기동 120-44번지
11230,10300,0,0120,0045,,,일반건축물,단독주택,주택,96.8,0,143.55,19891128,2,1,서울특별시 동대문구 제기동 120-45번지
11230,10300,0,0120,0046,,,일반건축물,단독주택,단독주택,120.7,0,197.66,19901024,2,1,서울특별시 동대문구 제기동 120-46번지
11230,10300,0,0120,0047,,,일반건축물,단독주택,단독주택,98.1,0,151.72,19901130,2,1,서울특별시 동대문구 제기동 120-47번지
11230,10300,0,0120,0048,,,일반건축물,단독주택,다가구용단독주택(3가구),114.2,64.26,165.15,19920403,2,1,서울특별시 동대문구 제기동 120-48번지
11230,10300,0,0120,0049,,,일반건축물,단독주택,다가구용단독주택(3가구),95.57,43.74,124.6,19920402,2,1,서울특별시 동대문구 제기동 120-49번지
11230,10300,0,0120,0050,,,일반건축물,단독주택,다가구용단독주택(3가구),77.5,36.6,121.9,19911029,2,1,서울특별시 동대문구 제기동 120-50번지
11230,10300,0,0120,0051,,,일반건축물,제2종근린생활시설,제2종근린생활시설,0,0,39.27,19601005,1,0,서울특별시 동대문구 제기동 120-51번지
11230,10300,0,0120,0054,,,일반건축물,단독주택,주택,0,0,39.66,19560823,1,0,서울특별시 동대문구 제기동 120-54번지
11230,10300,0,0120,0055,,,일반건축물,단독주택,주택,0,0,39.7,19690210,1,0,서울특별시 동대문구 제기동 120-55번지
11230,10300,0,0120,0055,,,일반건축물,단독주택,주택,0,0,39.64,19570415,1,0,서울특별시 동대문구 제기동 120-55번지
11230,10300,0,0120,0056,,,일반건축물,단독주택,주택,0,0,42.58,,1,0,서울특별시 동대문구 제기동 120-56번지
11230,10300,0,0120,0057,,,일반건축물,단독주택,주택,0,0,78.51,19591002,1,0,서울특별시 동대문구 제기동 120-57번지
11230,10300,0,0120,0066,,,일반건축물,단독주택,단독주택,109.75,0,180.03,19900703,2,1,서울특별시 동대문구 제기동 120-66번지
11230,10300,0,0120,0067,,,일반건축물,단독주택,다가구용단독주택(6가구),202,0,246.24,19901206,2,1,서울특별시 동대문구 제기동 120-67번지
11230,10300,0,0120,0070,,,일반건축물,단독주택,주택,0,0,101.5,19590410,1,0,서울특별시 동대문구 제기동 120-70번지
11230,10300,0,0120,0071,,,일반건축물,단독주택,주택,83,0,37.98,19850629,1,0,서울특별시 동대문구 제기동 120-71번지
11230,10300,0,0120,0072,,,일반건축물,단독주택,주택,0,0,33.79,19590603,1,0,서울특별시 동대문구 제기동 120-72번지
11230,10300,0,0120,0073,,,일반건축물,단독주택,주택,0,0,30.98,19600715,1,0,서울특별시 동대문구 제기동 120-73번지
11230,10300,0,0120,0074,,,일반건축물,단독주택,주택,0,0,23.87,19581001,1,0,서울특별시 동대문구 제기동 120-74번지
11230,10300,0,0120,0075,,,일반건축물,단독주택,주택,0,0,30.84,19590725,1,0,서울특별시 동대문구 제기동 120-75번지
11230,10300,0,0120,0076,,,일반건축물,단독주택,주택,0,0,24.96,19580930,1,0,서울특별시 동대문구 제기동 120-76번지
11230,10300,0,0120,0077,,,일반건축물,단독주택,주택,0,0,22.02,19601020,1,0,서울특별시 동대문구 제기동 120-77번지
11230,10300,0,0120,0078,,,일반건축물,단독주택,주택,69,0,31.32,19850629,1,0,서울특별시 동대문구 제기동 120-78번지
11230,10300,0,0120,0079,,,일반건축물,단독주택,주택,0,0,40.69,19600801,1,0,서울특별시 동대문구 제기동 120-79번지
11230,10300,0,0120,0103,,,일반건축물,단독주택,주택,109.6,0,181.94,19901116,2,1,서울특별시 동대문구 제기동 120-103번지
11230,10300,0,0120,0104,,,일반건축물,단독주택,다가구용단독주택(5가구),114.15,58.89,187.5,19910621,2,1,서울특별시 동대문구 제기동 120-104번지
11230,10300,0,0120,0105,,,일반건축물,단독주택,주택,76,0,61.68,19850629,1,0,서울특별시 동대문구 제기동 120-105번지
11230,10300,0,0120,0106,,,일반건축물,단독주택,다가구용단독주택(3가구),65.9,37.98,87.18,19931229,2,1,서울특별시 동대문구 제기동 120-106번지
11230,10300,0,0120,0110,,,일반건축물,단독주택,다가구용단독주택(3가구),70.22,40.5,108.84,19930924,2,1,서울특별시 동대문구 제기동 120-110번지
11230,10300,0,0120,0111,,,일반건축물,단독주택,다가구용단독주택(6가구),130.66,77.38,213.14,19910111,2,1,서울특별시 동대문구 제기동 120-111번지
11230,10300,0,0120,0112,,,일반건축물,단독주택,주택,0,0,33.06,19550615,1,0,서울특별시 동대문구 제기동 120-112번지
11230,10300,0,0120,0113,,,일반건축물,단독주택,주택,0,0,33.06,19600518,1,0,서울특별시 동대문구 제기동 120-113번지
11230,10300,0,0120,0114,,,일반건축물,단독주택,주택,0,0,28.46,19850629,1,0,서울특별시 동대문구 제기동 120-114번지
11230,10300,0,0120,0120,,,일반건축물,단독주택,다가구용단독주택(5가구),143,69.63,208.89,19910419,2,1,서울특별시 동대문구 제기동 120-120번지
11230,10300,0,0120,0121,,,일반건축물,단독주택,다가구용단독주택(5가구),108.09,0,192.6,19901221,2,1,서울특별시 동대문구 제기동 120-121번지
11230,10300,0,0120,0122,,,일반건축물,단독주택,다가구용단독주택(4가구),86.28,44.06,139.47,19910916,2,1,서울특별시 동대문구 제기동 120-122번지
11230,10300,0,0120,0123,,,일반건축물,단독주택,단독주택(다가구주택),104.3,52.08,195.02,19901217,3,1,서울특별시 동대문구 제기동 120-123번지
11230,10300,0,0120,0124,,,일반건축물,단독주택,주택,0,0,35.41,19580501,1,0,서울특별시 동대문구 제기동 120-124번지
11230,10300,0,0120,0125,,,일반건축물,단독주택,단독주택(다가구주택),87.3,42.84,144.36,19901103,3,1,서울특별시 동대문구 제기동 120-125번지
11230,10300,0,0120,0126,,,일반건축물,단독주택,다가구주택(3가구),97.12,0,139.3,19901109,2,1,서울특별시 동대문구 제기동 120-126번지
11230,10300,0,0120,0127,,,일반건축물,단독주택,단독주택(다가구주택),139.41,70.5,212.59,19941018,3,1,서울특별시 동대문구 제기동 120-127번지
11230,10300,0,0120,0139,,,일반건축물,단독주택,"근린생활시설, 주택",193.5,0,457.19,19890719,4,1,서울특별시 동대문구 제기동 120-139번지
11230,10300,0,0120,0140,,,일반건축물,제2종근린생활시설,근린생활시설외 2,197.29,0,516.37,19901224,4,1,서울특별시 동대문구 제기동 120-140번지
11230,10300,0,0120,0141,,,일반건축물,단독주택,단독주택,89,60.74,60.74,20140813,1,0,서울특별시 동대문구 제기동 120-141번지
11230,10300,0,0120,0143,,,일반건축물,단독주택,주택,112,0,52.92,19850629,1,0,서울특별시 동대문구 제기동 120-143번지
11230,10300,0,0120,0144,,,일반건축물,단독주택,주택,0,0,72.23,19701030,2,0,서울특별시 동대문구 제기동 120-144번지
11230,10300,0,0120,0145,로즈데일빌,,표제부,공동주택,다세대주택외1,227,136.04,453.65,20120104,5,0,서울특별시 동대문구 제기동 120-145번지
11230,10300,0,0120,0227,,,일반건축물,단독주택,다가구용단독주택(3가구),88.51,49.72,149.5,19920508,2,1,서울특별시 동대문구 제기동 120-227번지
11230,10300,0,0120,0231,,,일반건축물,단독주택,단독주택,81.48,40.71,139.43,19910226,2,1,서울특별시 동대문구 제기동 120-231번지
11230,10300,0,0120,0232,,,일반건축물,단독주택,주택,115.73,0,175.23,19861231,2,1,서울특별시 동대문구 제기동 120-232번지
11230,10300,0,0120,0233,,,일반건축물,단독주택,주택,96,0,152.37,19891010,2,1,서울특별시 동대문구 제기동 120-233번지
11230,10300,0,0120,0233,,,일반건축물,단독주택,주택,122,0,173.61,19891010,2,1,서울특별시 동대문구 제기동 120-233번지
11230,10300,0,0120,0234,,,일반건축물,단독주택,주택,102,0,157.21,19881201,2,1,서울특별시 동대문구 제기동 120-234번지
11230,10300,0,0120,0235,,,일반건축물,단독주택,다가구용단독주택(5가구),116,0,190.83,19901203,2,1,서울특별시 동대문구 제기동 120-235번지
11230,10300,0,0120,0236,,,일반건축물,단독주택,단독주택,126,0,205.14,19900911,2,1,서울특별시 동대문구 제기동 120-236번지
11230,10300,0,0120,0237,,,일반건축물,단독주택,다가구용단독주택(5가구),87.43,51.42,150.78,19920212,2,1,서울특별시 동대문구 제기동 120-237번지
11230,10300,0,0120,0238,,,일반건축물,단독주택,다가구주택(8가구),190.56,114.11,330,19930525,2,1,서울특별시 동대문구 제기동 120-238번지
11230,10300,0,0120,0239,,,일반건축물,단독주택,단독주택,99,0,149.07,19900904,2,1,서울특별시 동대문구 제기동 120-239번지
11230,10300,0,0120,0240,,,일반건축물,단독주택,주택,0,0,109.49,19600901,2,0,서울특별시 동대문구 제기동 120-240번지
11230,10300,0,0120,0241,,,일반건축물,단독주택,주택,0,0,65.9,19610308,1,0,서울특별시 동대문구 제기동 120-241번지
11230,10300,0,0120,0242,,,일반건축물,단독주택,주택,0,0,46.86,19611230,1,0,서울특별시 동대문구 제기동 120-242번지
11230,10300,0,0120,0243,,,일반건축물,단독주택,다가구용주택(4가구),69.39,45.52,131.85,19940611,2,1,서울특별시 동대문구 제기동 120-243번지
11230,10300,0,0120,0244,,,일반건축물,단독주택,"다가구주택, 근린생활시설",88.51,52.05,160.67,19920708,3,1,서울특별시 동대문구 제기동 120-244번지
11230,10300,0,0120,0245,,,일반건축물,단독주택,다가구용단독주택(4가구),96.06,53.1,159.3,19921228,2,1,서울특별시 동대문구 제기동 120-245번지
11230,10300,0,0120,0246,,,일반건축물,단독주택,다가구용단독주택(3가구),68.46,36.48,103.08,19920708,2,1,서울특별시 동대문구 제기동 120-246번지
11230,10300,0,0120,0247,,,일반건축물,단독주택,주택,0,0,72.73,19750721,1,0,서울특별시 동대문구 제기동 120-247번지
11230,10300,0,0120,0248,,,일반건축물,단독주택,다가구용단독주택(2가구),45.96,31.64,49.92,19940727,2,0,서울특별시 동대문구 제기동 120-248번지
11230,10300,0,0120,0249,,,일반건축물,단독주택,주택,0,0,31.57,19590829,1,0,서울특별시 동대문구 제기동 120-249번지
11230,10300,0,0120,0250,,,일반건축물,단독주택,"다가구용단독주택, 근린생활시설",64.5,46.69,145.76,19940218,3,1,서울특별시 동대문구 제기동 120-250번지
11230,10300,0,0120,0251,,,일반건축물,단독주택,"근린생활시설, 주택",119,0,152.92,19891027,2,1,서울특별시 동대문구 제기동 120-251번지
11230,10300,0,0120,0252,,,일반건축물,단독주택,단독주택,99.08,49.44,154.48,19910504,2,1,서울특별시 동대문구 제기동 120-252번지
11230,10300,0,0120,0253,,,일반건축물,단독주택,단독주택,121.84,65.81,183.51,19910315,2,1,서울특별시 동대문구 제기동 120-253번지
11230,10300,0,0120,0254,,,일반건축물,단독주택,다가구용단독주택(4가구),84.2,0,145.44,19930223,2,1,서울특별시 동대문구 제기동 120-254번지
11230,10300,0,0120,0255,,,일반건축물,단독주택,단독주택,66,39.5,73.34,19970529,2,0,서울특별시 동대문구 제기동 120-255번지
11230,10300,0,0120,0256,,,일반건축물,단독주택,주택,0,0,33.78,19690510,1,0,서울특별시 동대문구 제기동 120-256번지
11230,10300,0,0120,0258,,,일반건축물,단독주택,다가구용단독주택(3가구),58.8,35.21,105.63,19920708,2,1,서울특별시 동대문구 제기동 120-258번지
11230,10300,0,0120,0259,,,일반건축물,단독주택,다가구용단독주택(4가구),77.3,0,130.7,19901228,2,1,서울특별시 동대문구 제기동 120-259번지
11230,10300,0,0120,0260,,,일반건축물,단독주택,"다가구용단독주택(4가구), 근린생활시설",162,82.05,248.58,19910115,2,1,서울특별시 동대문구 제기동 120-260번지
11230,10300,0,0120,0261,,,일반건축물,단독주택,다가구용단독주택(4가구),93,39.76,112.92,19910125,2,1,서울특별시 동대문구 제기동 120-261번지
11230,10300,0,0120,0262,,,일반건축물,단독주택,단독주택(다가구주택),89.77,48.1,178.38,19880818,3,1,서울특별시 동대문구 제기동 120-262번지
11230,10300,0,0120,0263,,,일반건축물,단독주택,다가구용단독주택(4가구),116,0,172.86,19901217,2,1,서울특별시 동대문구 제기동 120-263번지
11230,10300,0,0120,0264,,,일반건축물,제1종근린생활시설,"근린생활시설, 주택",102,50.14,222.42,19921012,4,1,서울특별시 동대문구 제기동 120-264번지
11230,10300,0,0120,0265,,,일반건축물,단독주택,주택,75.9,0,45.6,19840628,1,0,서울특별시 동대문구 제기동 120-265번지
11230,10300,0,0120,0266,,,일반건축물,단독주택,"다가구용단독주택(4가구), 근린생활시설",276,162.94,444.3,19910118,3,1,서울특별시 동대문구 제기동 120-266번지
11230,10300,0,0120,0274,,,일반건축물,제1종근린생활시설,근린생활시설 외 2,112,66.7,120.69,20010908,2,0,서울특별시 동대문구 제기동 120-274번지
11230,10300,0,0120,0276,,,일반건축물,단독주택,주택,116.08,0,185.04,19891106,2,1,서울특별시 동대문구 제기동 120-276번지
11230,10300,0,0120,0277,,,일반건축물,단독주택,다가구용단독주택(3가구),76.1,45.3,137.77,19931118,2,1,서울특별시 동대문구 제기동 120-277번지
11230,10300,0,0120,0278,,,일반건축물,단독주택,주택,40,0,39.51,19850629,1,0,서울특별시 동대문구 제기동 120-278번지
11230,10300,0,0120,0281,,,일반건축물,단독주택,주택,0,0,90.55,19671201,1,1,서울특별시 동대문구 제기동 120-281번지
11230,10300,0,0120,0292,,,일반건축물,단독주택,다가구용단독주택(4가구),139,0,221.32,19901029,2,1,서울특별시 동대문구 제기동 120-292번지
11230,10300,0,0120,0293,,,일반건축물,단독주택,다가구용단독주택(3가구),78.66,0,137.45,19901201,2,1,서울특별시 동대문구 제기동 120-293번지
11230,10300,0,0120,0296,,,일반건축물,단독주택,주택,99.14,0,161.45,19900613,2,1,서울특별시 동대문구 제기동 120-296번지
11230,10300,0,0120,0299,,,일반건축물,단독주택,주택,0,0,48.93,19651203,1,0,서울특별시 동대문구 제기동 120-299번지
11230,10300,0,0120,0300,,,일반건축물,단독주택,단독주택,127.92,0,208.14,19900724,2,1,서울특별시 동대문구 제기동 120-300번지
11230,10300,0,0120,0301,,,일반건축물,단독주택,주택,104.89,0,164.74,19900614,2,1,서울특별시 동대문구 제기동 120-301번지
11230,10300,0,0120,0302,,,일반건축물,단독주택,주택,0,0,67.9,19651203,1,0,서울특별시 동대문구 제기동 120-302번지
11230,10300,0,0120,0378,,,일반건축물,단독주택,주택,0,0,84,19671201,1,1,서울특별시 동대문구 제기동 120-378번지
11230,10300,0,0120,0379,,,일반건축물,단독주택,주택,0,0,84.36,19671201,1,1,서울특별시 동대문구 제기동 120-379번지
11230,10300,0,0120,0380,,,일반건축물,단독주택,주택,0,0,66.25,19690325,1,1,서울특별시 동대문구 제기동 120-380번지
11230,10300,0,0120,0382,,,일반건축물,제1종근린생활시설,"근린생활시설, 단독주택",97.14,58.23,260.01,19951222,4,1,서울특별시 동대문구 제기동 120-382번지
11230,10300,0,0120,0383,,,일반건축물,단독주택,주택,0,0,61.82,19671207,1,0,서울특별시 동대문구 제기동 120-383번지
11230,10300,0,0120,0384,,,일반건축물,단독주택,주택,0,0,80.8,19680610,1,1,서울특별시 동대문구 제기동 120-384번지
11230,10300,0,0120,0385,,,일반건축물,단독주택,주택,0,0,114.02,19671201,2,1,서울특별시 동대문구 제기동 120-385번지
11230,10300,0,0120,0386,,,일반건축물,단독주택,주택,0,0,106.28,19671201,1,1,서울특별시 동대문구 제기동 120-386번지
11230,10300,0,0120,0392,,,일반건축물,단독주택,주택,0,0,62.15,19690120,1,0,서울특별시 동대문구 제기동 120-392번지
11230,10300,0,0120,0395,,,일반건축물,단독주택,단독주택,26,18.98,25.01,20150108,2,0,서울특별시 동대문구 제기동 120-395번지
11230,10300,0,0120,0397,,,일반건축물,단독주택,주택,0,0,46.36,19850629,1,0,서울특별시 동대문구 제기동 120-397번지
11230,10300,0,0120,0398,,,일반건축물,단독주택,주택,0,0,19.68,19850629,1,0,서울특별시 동대문구 제기동 120-398번지
11230,10300,0,0120,0410,,,일반건축물,단독주택,"다가구용단독주택(4가구), 근린생활시설",129,64.08,199.94,19910118,2,1,서울특별시 동대문구 제기동 120-410번지
11230,10300,0,0120,0411,,,일반건축물,단독주택,"단독주택, 단독주택",146,72.81,229.23,19930908,2,1,서울특별시 동대문구 제기동 120-411번지
11230,10300,0,0120,0453,,,일반건축물,제1종근린생활시설,"근린생활시설, 다가구주택(2)",238,135.19,632.43,20011226,4,1,서울특별시 동대문구 제기동 120-453번지
11230,10300,0,0121,0001,,,일반건축물,단독주택,주택,0,0,71.74,19551020,1,0,서울특별시 동대문구 제기동 121-1번지
11230,10300,0,0121,0001,,,일반건축물,제1종근린생활시설,근린생활시설,0,0,42.98,19570320,1,0,서울특별시 동대문구 제기동 121-1번지
11230,10300,0,0121,0001,,,일반건축물,단독주택,"근린생활시설, 다가구용단독주택(2)",106.79,62.38,177.9,19960827,3,0,서울특별시 동대문구 제기동 121-1번지
11230,10300,0,0121,0001,,,일반건축물,제2종근린생활시설,근린생활시설(일반음식점),0,66.45,66.45,19571123,1,0,서울특별시 동대문구 제기동 121-1번지
11230,10300,0,0122,0002,,,일반건축물,단독주택,주택,0,0,47.44,19591015,1,0,서울특별시 동대문구 제기동 122-2번지
11230,10300,0,0122,0043,,,일반건축물,단독주택,주택,0,0,45.82,19600301,1,0,서울특별시 동대문구 제기동 122-43번지
11230,10300,0,0122,0044,,,일반건축물,단독주택,"다중주택, 근린생활시설",121.7,72.45,239.57,20190103,4,0,서울특별시 동대문구 제기동 122-44번지
11230,10300,0,0122,0046,,,일반건축물,단독주택,주택,60,0,25.76,19850629,1,0,서울특별시 동대문구 제기동 122-46번지
11230,10300,0,0122,0047,,,일반건축물,단독주택,주택,0,0,38.18,19600713,1,0,서울특별시 동대문구 제기동 122-47번지
11230,10300,0,0122,0049,,,일반건축물,단독주택,주택,0,0,130.61,19740725,2,1,서울특별시 동대문구 제기동 122-49번지
11230,10300,0,0122,0050,,,일반건축물,단독주택,주택,77.5,0,54.56,19841120,1,0,서울특별시 동대문구 제기동 122-50번지
11230,10300,0,0122,0051,BNS건물,,일반건축물,제2종근린생활시설,제2종근린생활시설,234,140.38,528.87,20100730,5,1,서울특별시 동대문구 제기동 122-51번지
11230,10300,0,0122,0053,,,일반건축물,단독주택,다가구주택,86,64.49,64.49,20150113,1,0,서울특별시 동대문구 제기동 122-53번지
11230,10300,0,0122,0118,,,일반건축물,제1종근린생활시설,제1종근린생활시설(소매점),0,0,35.04,19450610,1,0,서울특별시 동대문구 제기동 122-118번지
11230,10300,0,0122,0119,,,일반건축물,단독주택,주택,0,0,89.26,19580808,1,0,서울특별시 동대문구 제기동 122-119번지
11230,10300,0,0122,0120,,,일반건축물,단독주택,주택,0,0,123.31,19560828,1,0,서울특별시 동대문구 제기동 122-120번지
11230,10300,0,0122,0127,,,일반건축물,제1종근린생활시설,"근린생활시설, 단독주택(1가구)",194,114.07,493.61,19960912,4,1,서울특별시 동대문구 제기동 122-127번지
11230,10300,0,0122,0128,,,일반건축물,단독주택,다가구주택,174,104.09,236.77,20080923,3,0,서울특별시 동대문구 제기동 122-128번지
11230,10300,0,0122,0129,,,표제부,공동주택,"창고시설, 도시형생활주택",194,112.17,517.37,20120522,4,1,서울특별시 동대문구 제기동 122-129번지
11230,10300,0,0122,0139,,,일반건축물,제1종근린생활시설,근린생활시설 외2,186.3,0,255.79,19830516,2,1,서울특별시 동대문구 제기동 122-139번지
11230,10300,0,0122,0258,,,일반건축물,단독주택,주택,0,0,119.64,19680710,1,0,서울특별시 동대문구 제기동 122-258번지
11230,10300,0,0122,0278,,,일반건축물,단독주택,다가구주택 외 2,91,63.92,207.63,19850521,4,0,서울특별시 동대문구 제기동 122-278번지
11230,10300,0,0122,0279,,,일반건축물,단독주택,"주택, 점포",132,0,59.5,19850629,2,0,서울특별시 동대문구 제기동 122-279번지
11230,10300,0,0122,0279,,,일반건축물,단독주택,"주택, 점포",0,0,84.8,19850629,2,0,서울특별시 동대문구 제기동 122-279번지
11230,10300,0,0122,0281,,,일반건축물,단독주택,"주택, 점포,제2종근린생활시설",0,0,140.68,19850629,3,1,서울특별시 동대문구 제기동 122-281번지
11230,10300,0,0122,0282,,,일반건축물,단독주택,"주택, 점포",0,0,106.28,19750715,2,0,서울특별시 동대문구 제기동 122-282번지
11230,10300,0,0122,0283,,,표제부,공동주택,"주택, 점포",0,0,391.43,19850629,3,1,서울특별시 동대문구 제기동 122-283번지
11230,10300,0,0122,0283,,,일반건축물,단독주택,주택,0,0,61.84,19850629,2,0,서울특별시 동대문구 제기동 122-283번지
11230,10300,0,0122,0283,,,일반건축물,단독주택,"다가구주택(3가구), 점포",211,40.25,115.52,19850629,3,0,서울특별시 동대문구 제기동 122-283번지
11230,10300,0,0122,0284,,,일반건축물,단독주택,다가구주택/근린생활시설,56,63.74,172.21,19850629,3,1,서울특별시 동대문구 제기동 122-284번지
11230,10300,0,0122,0287,,,일반건축물,단독주택,다가구주택 외1,48.44,44.66,126.03,20150113,3,0,서울특별시 동대문구 제기동 122-287번지
11230,10300,0,0122,0288,,,일반건축물,단독주택,다가구주택 외 1,37.4,36.62,135.51,20150105,4,0,서울특별시 동대문구 제기동 122-288번지
11230,10300,0,0122,0288,,,일반건축물,단독주택,다가구주택,37.74,29.42,54.14,20150113,2,0,서울특별시 동대문구 제기동 122-288번지
11230,10300,0,0122,0289,,,일반건축물,단독주택,"주택, 점포",0,0,165.89,19750426,3,1,서울특별시 동대문구 제기동 122-289번지
11230,10300,0,0122,0290,,,일반건축물,제1종근린생활시설,"근린생활시설, 점포, 주택",0,0,298.71,19770108,3,1,서울특별시 동대문구 제기동 122-290번지
11230,10300,0,0122,0292,,,일반건축물,단독주택,다가구주택,47.21,45.85,110.48,20150113,3,0,서울특별시 동대문구 제기동 122-292번지
11230,10300,0,0122,0293,,,일반건축물,단독주택,다가구주택 외1,49.6,46.29,130.68,20150113,3,0,서울특별시 동대문구 제기동 122-293번지
11230,10300,0,0122,0294,,,일반건축물,단독주택,다가구주택 외1,57.9,51.14,144.63,20150113,3,0,서울특별시 동대문구 제기동 122-294번지
11230,10300,0,0122,0295,,,일반건축물,단독주택,"주택,제2종근린생활시설",101.53,0,130.62,19850503,2,1,서울특별시 동대문구 제기동 122-295번지
11230,10300,0,0122,0296,,,일반건축물,단독주택,"주택, 점포",51.99,0,132,19850629,3,1,서울특별시 동대문구 제기동 122-296번지
11230,10300,0,0122,0298,,,일반건축물,단독주택,"주택, 점포",0,0,131.02,19780524,2,1,서울특별시 동대문구 제기동 122-298번지
11230,10300,0,0122,0299,,,일반건축물,단독주택,"주택, 점포, 창고",0,0,95.5,19780213,3,1,서울특별시 동대문구 제기동 122-299번지
11230,10300,0,0122,0307,,,일반건축물,단독주택,다가구주택,50,35.38,35.38,20150113,1,0,서울특별시 동대문구 제기동 122-307번지
11230,10300,0,0122,0308,,,일반건축물,단독주택,주택,0,0,87.4,19850629,3,0,서울특별시 동대문구 제기동 122-308번지
11230,10300,0,0122,0311,,,일반건축물,단독주택,"다가구주택(2가구), 근린생활시설",50,48.37,134.6,19850629,3,0,서울특별시 동대문구 제기동 122-311번지
11230,10300,0,0122,0314,,,일반건축물,제2종근린생활시설,"제1,2종근린생활시설",66,0,79.5,19850617,3,0,서울특별시 동대문구 제기동 122-314번지
11230,10300,0,0122,0314,,,일반건축물,단독주택,"주택, 근린생활시설(휴게음식점)",66,0,84.63,19850617,3,0,서울특별시 동대문구 제기동 122-314번지
11230,10300,0,0122,0315,,,일반건축물,단독주택,"주택, 점포",0,0,81.78,19791206,3,0,서울특별시 동대문구 제기동 122-315번지
11230,10300,0,0122,0316,,,일반건축물,단독주택,다가구주택(2가구),0,0,109.8,19850629,2,0,서울특별시 동대문구 제기동 122-316번지
11230,10300,0,0122,0316,,,일반건축물,단독주택,"주택, 점포",0,0,265.42,19850629,2,1,서울특별시 동대문구 제기동 122-316번지
11230,10300,0,0122,0317,,,일반건축물,단독주택,"주택, 점포",0,0,155.62,19850629,2,1,서울특별시 동대문구 제기동 122-317번지
11230,10300,0,0122,0322,,,일반건축물,단독주택,"근린생활시설, 주택",224.74,0,194.65,19850626,3,1,서울특별시 동대문구 제기동 122-322번지
11230,10300,0,0122,0328,,,일반건축물,단독주택,"주택, 점포",94.2,0,108.42,19850629,2,0,서울특별시 동대문구 제기동 122-328번지
11230,10300,0,0122,0328,,,일반건축물,단독주택,주택,0,0,148.16,19850629,3,1,서울특별시 동대문구 제기동 122-328번지
11230,10300,0,0122,0330,,,일반건축물,단독주택,주택,151,0,142.8,19850630,2,0,서울특별시 동대문구 제기동 122-330번지
11230,10300,0,0122,0372,,,일반건축물,단독주택,"주택, 점포",54.18,0,81.88,19850501,2,1,서울특별시 동대문구 제기동 122-372번지
11230,10300,0,0122,0373,,,일반건축물,단독주택,주택 외1,83.16,46.91,149.73,19850626,3,1,서울특별시 동대문구 제기동 122-373번지
11230,10300,0,0122,0375,,,일반건축물,단독주택,다가구주택 외 1,67.57,65.33,190.26,20150115,4,0,서울특별시 동대문구 제기동 122-375번지
11230,10300,0,0122,0376,,,일반건축물,단독주택,다가구주택 외1,18.27,17.5,59.2,20150115,3,1,서울특별시 동대문구 제기동 122-376번지
11230,10300,0,0122,0377,,,일반건축물,단독주택,다가구주택 외1,26.99,25.65,85.75,20150115,3,1,서울특별시 동대문구 제기동 122-377번지
11230,10300,0,0122,0379,,,일반건축물,단독주택,주택,57.35,0,81.5,19850510,2,1,서울특별시 동대문구 제기동 122-379번지
11230,10300,0,0122,0383,,,일반건축물,단독주택,"주택, 사무실, 제1종근린생활시설, 창고",0,0,154.49,19780213,4,1,서울특별시 동대문구 제기동 122-383번지
11230,10300,0,0122,0392,,,일반건축물,단독주택,주택,0,0,35.1,19850629,2,0,서울특별시 동대문구 제기동 122-392번지
11230,10300,0,0122,0392,,,일반건축물,단독주택,주택,128.9,0,45.6,19850629,2,0,서울특별시 동대문구 제기동 122-392번지
11230,10300,0,0122,0392,,,일반건축물,단독주택,"주택, 점포",0,0,104.17,19850629,2,0,서울특별시 동대문구 제기동 122-392번지
11230,10300,0,0122,0393,,,일반건축물,단독주택,주택,0,0,96.44,19850629,1,0,서울특별시 동대문구 제기동 122-393번지
11230,10300,0,0122,0394,,,일반건축물,단독주택,주택,0,0,219.04,19780131,3,0,서울특별시 동대문구 제기동 122-394번지
11230,10300,0,0122,0395,,,일반건축물,단독주택,주택,148.76,0,83.15,19850629,2,0,서울특별시 동대문구 제기동 122-395번지
11230,10300,0,0122,0396,,,일반건축물,단독주택,"근린생활시설, 주택",0,0,55.22,19850629,2,0,서울특별시 동대문구 제기동 122-396번지
11230,10300,0,0122,0396,,,일반건축물,단독주택,"주택, 점포",41.39,0,93.35,19850630,2,1,서울특별시 동대문구 제기동 122-396번지
11230,10300,0,0122,0397,,,일반건축물,단독주택,"주택, 교습소",0,0,224.91,19850629,2,1,서울특별시 동대문구 제기동 122-397번지
11230,10300,0,0122,0397,,,표제부,공동주택,다세대주택,225,47.69,102.75,19850629,2,1,서울특별시 동대문구 제기동 122-397번지
11230,10300,0,0122,0398,,,일반건축물,단독주택,"주택,제2종근린생활시설",126,0,245.45,19850530,3,0,서울특별시 동대문구 제기동 122-398번지
11230,10300,0,0122,0399,,,일반건축물,단독주택,주택,0,0,122.24,19850629,2,1,서울특별시 동대문구 제기동 122-399번지
11230,10300,0,0122,0400,,,일반건축물,단독주택,주택,0,0,74.45,19771129,3,0,서울특별시 동대문구 제기동 122-400번지
11230,10300,0,0122,0400,,,일반건축물,단독주택,주택,0,0,87.96,19771129,2,1,서울특별시 동대문구 제기동 122-400번지
11230,10300,0,0122,0401,,,표제부,공동주택,다세대주택,104,81.9,358.14,19980923,4,1,서울특별시 동대문구 제기동 122-401번지
11230,10300,0,0122,0402,,,일반건축물,단독주택,주택,0,0,68.66,19791226,3,1,서울특별시 동대문구 제기동 122-402번지
11230,10300,0,0122,0402,,,일반건축물,단독주택,주택,0,0,118.14,19841015,2,1,서울특별시 동대문구 제기동 122-402번지
11230,10300,0,0122,0408,,,일반건축물,단독주택,"주택, 점포",0,0,197.86,19771103,3,1,서울특별시 동대문구 제기동 122-408번지
11230,10300,0,0122,0409,,,일반건축물,단독주택,주택,0,0,70.61,19850629,2,0,서울특별시 동대문구 제기동 122-409번지
11230,10300,0,0122,0410,,,일반건축물,단독주택,"다가구주택(4가구), 점포",129,115.46,235.57,19781230,3,1,서울특별시 동대문구 제기동 122-410번지
11230,10300,0,0122,0411,,,일반건축물,단독주택,주택,0,0,104.26,19770426,2,1,서울특별시 동대문구 제기동 122-411번지
11230,10300,0,0122,0412,,,일반건축물,단독주택,"주택, 점포",99.122,0,164.99,19840710,3,1,서울특별시 동대문구 제기동 122-412번지
11230,10300,0,0122,0413,,,일반건축물,단독주택,"주택, 점포",0,0,151.8,19850629,2,0,서울특별시 동대문구 제기동 122-413번지
11230,10300,0,0122,0414,,,일반건축물,단독주택,"주택, 점포",0,0,46.8,19850629,1,0,서울특별시 동대문구 제기동 122-414번지
11230,10300,0,0122,0414,,,일반건축물,단독주택,주택,115,0,46.46,19850629,1,1,서울특별시 동대문구 제기동 122-414번지
11230,10300,0,0122,0415,,,일반건축물,제2종근린생활시설,"근린생활시설, 주택",0,0,162.22,19850629,2,1,서울특별시 동대문구 제기동 122-415번지
11230,10300,0,0122,0416,,,일반건축물,단독주택,"주택, 점포",56.2,0,89.1,19850629,2,0,서울특별시 동대문구 제기동 122-416번지
11230,10300,0,0122,0417,,,일반건축물,단독주택,"주택, 점포",109,95.02,292.98,19850629,3,1,서울특별시 동대문구 제기동 122-417번지
11230,10300,0,0122,0418,,,일반건축물,제2종근린생활시설,근린생활시설,119,0,361.19,19850629,4,1,서울특별시 동대문구 제기동 122-418번지
11230,10300,0,0122,0419,,,일반건축물,제1종근린생활시설,"근린생활시설, 주택",76,66.51,134.67,19850629,2,1,서울특별시 동대문구 제기동 122-419번지
11230,10300,0,0122,0420,,,일반건축물,단독주택,"주택, 점포",60,0,60.48,19850629,2,0,서울특별시 동대문구 제기동 122-420번지
11230,10300,0,0122,0420,,,일반건축물,제2종근린생활시설,근린생활시설,85.26,0,107.67,19850629,3,0,서울특별시 동대문구 제기동 122-420번지
11230,10300,0,0122,0421,,,일반건축물,단독주택,"주택, 근린생활시설",0,0,70,19850629,2,0,서울특별시 동대문구 제기동 122-421번지
11230,10300,0,0122,0421,,,일반건축물,단독주택,"다가구주택(5가구), 점포",64.65,44.95,119.41,19850629,3,0,서울특별시 동대문구 제기동 122-421번지
11230,10300,0,0122,0422,,,일반건축물,단독주택,"주택, 점포",0,0,55.34,19850629,2,0,서울특별시 동대문구 제기동 122-422번지
11230,10300,0,0122,0422,,,일반건축물,단독주택,"주택, 점포",155,0,71.6,19850629,2,0,서울특별시 동대문구 제기동 122-422번지
11230,10300,0,0122,0422,,,일반건축물,단독주택,"주택, 점포",0,0,90.2,19850629,2,0,서울특별시 동대문구 제기동 122-422번지
11230,10300,0,0122,0424,,,일반건축물,단독주택,"주택, 근린생활시설",0,0,106.54,19770427,3,1,서울특별시 동대문구 제기동 122-424번지
11230,10300,0,0122,0425,신웅주택,,일반건축물,단독주택,"다가구주택(2가구), 근린생활시설",106,63.54,183.17,20020828,3,0,서울특별시 동대문구 제기동 122-425번지
11230,10300,0,0122,0426,,,일반건축물,제1종근린생활시설,"근린생활시설, 점포",0,0,155.7,19770316,2,0,서울특별시 동대문구 제기동 122-426번지
11230,10300,0,0122,0427,,,일반건축물,단독주택,"주택, 점포",33.3,0,63.2,19841106,2,0,서울특별시 동대문구 제기동 122-427번지
11230,10300,0,0122,0427,,,일반건축물,단독주택,"주택,제2종근린생활시설",0,0,79.2,19780201,2,0,서울특별시 동대문구 제기동 122-427번지
11230,10300,0,0122,0427,,,일반건축물,단독주택,"주택, 점포",33.6,0,85.26,19841106,3,0,서울특별시 동대문구 제기동 122-427번지
11230,10300,0,0122,0428,,,일반건축물,단독주택,"주택, 점포",0,0,99.48,19850629,2,0,서울특별시 동대문구 제기동 122-428번지
11230,10300,0,0122,0429,,,일반건축물,단독주택,단독주택(다가구주택) 외1,46,25.59,75,19850629,3,0,서울특별시 동대문구 제기동 122-429번지
11230,10300,0,0122,0430,,,일반건축물,단독주택,다가구주택 외2,102,59.77,194.9,20150116,4,0,서울특별시 동대문구 제기동 122-430번지
11230,10300,0,0122,0431,,,일반건축물,단독주택,"주택, 근린생활시설",0,0,114.22,19770507,3,1,서울특별시 동대문구 제기동 122-431번지
11230,10300,0,0122,0431,,,일반건축물,단독주택,근린생활시설,0,0,104.31,19770507,3,1,서울특별시 동대문구 제기동 122-431번지
11230,10300,0,0122,0431,,,일반건축물,제1종근린생활시설,근린생활시설외 1,0,0,150.31,19770507,3,1,서울특별시 동대문구 제기동 122-431번지
11230,10300,0,0122,0431,,,일반건축물,단독주택,"주택, 점포",0,0,15.34,19770507,2,0,서울특별시 동대문구 제기동 122-431번지
11230,10300,0,0122,0439,,,일반건축물,단독주택,주택,0,0,164.57,19810330,2,1,서울특별시 동대문구 제기동 122-439번지
11230,10300,0,0122,0441,,,일반건축물,단독주택,"주택, 점포",0,0,192,19850629,2,0,서울특별시 동대문구 제기동 122-441번지
11230,10300,0,0122,0442,,,표제부,공동주택,"주택, 점포",0,0,192.68,19850629,2,0,서울특별시 동대문구 제기동 122-442번지
11230,10300,0,0122,0443,,,일반건축물,단독주택,"주택, 점포",152.25,0,217.6,19850629,2,0,서울특별시 동대문구 제기동 122-443번지
11230,10300,0,0122,0444,,,표제부,공동주택,주택,152.22,0,100.8,19850629,2,0,서울특별시 동대문구 제기동 122-444번지
11230,10300,0,0122,0444,,,일반건축물,단독주택,다가구주택(3가구),37.58,22.36,67.06,19780303,3,0,서울특별시 동대문구 제기동 122-444번지
11230,10300,0,0122,0444,행복마을경로당,,일반건축물,단독주택,다가구주택(3가구),38.24,22.91,68.73,19770507,3,0,서울특별시 동대문구 제기동 122-444번지
11230,10300,0,0122,0445,,,일반건축물,단독주택,주택,0,0,138.44,19850629,3,1,서울특별시 동대문구 제기동 122-445번지
11230,10300,0,0122,0445,,,일반건축물,단독주택,주택,0,0,60.6,19850629,2,0,서울특별시 동대문구 제기동 122-445번지
11230,10300,0,0122,0445,,,일반건축물,단독주택,"주택, 점포",0,0,100.44,19850629,3,0,서울특별시 동대문구 제기동 122-445번지
11230,10300,0,0122,0446,,,일반건축물,단독주택,주택,44.29,0,51.04,19850629,2,0,서울특별시 동대문구 제기동 122-446번지
11230,10300,0,0122,0446,,,일반건축물,단독주택,"주택, 점포",94.87,0,64.32,19850629,2,0,서울특별시 동대문구 제기동 122-446번지
11230,10300,0,0122,0447,,,일반건축물,단독주택,주택,78,0,119.2,19850629,2,1,서울특별시 동대문구 제기동 122-447번지
11230,10300,0,0122,0448,제기동다세대주택,,표제부,공동주택,다세대주택(8세대),155,101.57,401.55,20001113,4,0,서울특별시 동대문구 제기동 122-448번지
11230,10300,0,0122,0449,,,일반건축물,단독주택,"주택, 점포",0,0,59.68,19770507,2,1,서울특별시 동대문구 제기동 122-449번지
11230,10300,0,0122,0465,,,일반건축물,단독주택,"주택, 점포",60,0,115.71,19850629,4,1,서울특별시 동대문구 제기동 122-465번지
11230,10300,0,0122,0468,,,일반건축물,단독주택,다가구주택(3가구),0,0,127.09,19850629,3,1,서울특별시 동대문구 제기동 122-468번지
11230,10300,0,0122,0470,,,일반건축물,단독주택,"근린생활시설, 주택",224.74,0,350.7,19850626,3,0,서울특별시 동대문구 제기동 122-470번지
11230,10300,0,0122,0470,,,일반건축물,단독주택,주택,49,0,78.6,19850630,2,0,서울특별시 동대문구 제기동 122-470번지
11230,10300,0,0122,0471,TK-site,,일반건축물,단독주택,다가구주택(3가구),0,0,127.32,19850629,3,1,서울특별시 동대문구 제기동 122-471번지
11230,10300,0,0122,0472,,,일반건축물,단독주택,다가구주택(3가구),133.2,0,75.75,19850530,3,1,서울특별시 동대문구 제기동 122-472번지
11230,10300,0,0122,0476,,,일반건축물,단독주택,주택,0,0,116.54,19810321,2,1,서울특별시 동대문구 제기동 122-476번지
11230,10300,0,0122,0478,,,일반건축물,제2종근린생활시설,제2종근린생활시설,106.24,50.06,50.06,20050628,1,0,서울특별시 동대문구 제기동 122-478번지
11230,10300,0,0122,0479,,,일반건축물,단독주택,"주택, 점포",0,0,75.37,19770830,3,1,서울특별시 동대문구 제기동 122-479번지
11230,10300,0,0122,0479,,,일반건축물,단독주택,주택,0,0,75.37,19770830,2,1,서울특별시 동대문구 제기동 122-479번지
11230,10300,0,0122,0481,,,일반건축물,단독주택,"다가구주택(3가구), 제2종근린생활시설",48,27.14,116.25,19770520,3,1,서울특별시 동대문구 제기동 122-481번지
11230,10300,0,0122,0482,,,표제부,공동주택,다세대주택(5세대),48,35.7,165.3,19990622,4,1,서울특별시 동대문구 제기동 122-482번지
11230,10300,0,0122,0483,,,일반건축물,제2종근린생활시설,근린생활시설,56,33.39,121.82,19770507,3,1,서울특별시 동대문구 제기동 122-483번지
11230,10300,0,0122,0484,,,일반건축물,단독주택,주택,0,0,119.25,19770705,3,1,서울특별시 동대문구 제기동 122-484번지
11230,10300,0,0122,0484,,,일반건축물,단독주택,"주택, 점포",0,0,123.31,19770705,3,1,서울특별시 동대문구 제기동 122-484번지
11230,10300,0,0122,0485,,,일반건축물,단독주택,"주택, 점포",0,0,360.44,19770609,3,1,서울특별시 동대문구 제기동 122-485번지
11230,10300,0,0122,0486,,,일반건축물,단독주택,주택,0,0,58.04,19781226,2,0,서울특별시 동대문구 제기동 122-486번지
11230,10300,0,0122,0486,,,일반건축물,단독주택,"주택, 제2종근린생활시설",0,0,168.33,19770609,4,0,서울특별시 동대문구 제기동 122-486번지
11230,10300,0,0122,0486,,,일반건축물,제1종근린생활시설,근린생활시설,0,0,129.03,19770609,2,1,서울특별시 동대문구 제기동 122-486번지
11230,10300,0,0122,0488,,,일반건축물,단독주택,"다가구주택,제2종근린생활시설",85,50.92,254.15,19961011,4,1,서울특별시 동대문구 제기동 122-488번지
11230,10300,0,0122,0489,,,일반건축물,단독주택,"주택, 근린생활시설, 점포",111,66.41,190.88,19770526,4,1,서울특별시 동대문구 제기동 122-489번지
11230,10300,0,0122,0493,,,일반건축물,단독주택,"주택, 근린생활시설",117,103.44,492.41,,4,1,서울특별시 동대문구 제기동 122-493번지
11230,10300,0,0122,0499,,,일반건축물,단독주택,다가구주택,109,67.99,154.46,20150113,3,0,서울특별시 동대문구 제기동 122-499번지
11230,10300,0,0122,0501,,,일반건축물,단독주택,다가구용 단독주택,95,69.11,120.64,20141210,2,0,서울특별시 동대문구 제기동 122-501번지
11230,10300,0,0122,0506,,,일반건축물,제1종근린생활시설,근린생활시설,0,0,27.17,19780601,2,0,서울특별시 동대문구 제기동 122-506번지
11230,10300,0,0122,0507,,,일반건축물,단독주택,주택,0,0,71.08,19770705,2,0,서울특별시 동대문구 제기동 122-507번지
11230,10300,0,0122,0507,,,일반건축물,단독주택,"주택, 점포",0,0,19.6,19770721,2,0,서울특별시 동대문구 제기동 122-507번지
11230,10300,0,0122,0508,,,표제부,공동주택,다세대주택(10세대),181.92,109.06,545.3,19961205,4,1,서울특별시 동대문구 제기동 122-508번지
11230,10300,0,0122,0510,,,일반건축물,단독주택,"주택, 점포",0,0,57.52,19770906,2,0,서울특별시 동대문구 제기동 122-510번지
11230,10300,0,0122,0512,,,일반건축물,단독주택,다가구주택,111,46.2,131.16,19770507,3,1,서울특별시 동대문구 제기동 122-512번지
11230,10300,0,0122,0512,,,일반건축물,단독주택,다가구주택,111,19.79,59.37,19770507,3,0,서울특별시 동대문구 제기동 122-512번지
11230,10300,0,0122,0512,,,일반건축물,단독주택,다가구주택,111,23.52,70.56,19770507,3,0,서울특별시 동대문구 제기동 122-512번지
11230,10300,0,0122,0513,,,일반건축물,단독주택,주택,0,0,41.98,19780607,2,0,서울특별시 동대문구 제기동 122-513번지
11230,10300,0,0122,0513,,,일반건축물,단독주택,단독주택(다가구주택),0,43.01,160.85,19770705,4,1,서울특별시 동대문구 제기동 122-513번지
11230,10300,0,0122,0515,,,표제부,공동주택,다세대주택,88.65,53.11,265.55,19960925,4,1,서울특별시 동대문구 제기동 122-515번지
11230,10300,0,0122,0516,(주)젠터스 비동,,일반건축물,단독주택,주택,0,0,163.43,19770921,3,0,서울특별시 동대문구 제기동 122-516번지
11230,10300,0,0122,0516,(주)젠터스 에이동,,일반건축물,단독주택,주택,0,0,163.43,19770901,3,0,서울특별시 동대문구 제기동 122-516번지
11230,10300,0,0122,0516,,,일반건축물,단독주택,주택,0,0,87.48,19770901,2,1,서울특별시 동대문구 제기동 122-516번지
11230,10300,0,0122,0518,,,일반건축물,단독주택,다가구주택 외1,44,34.27,111.21,19770428,3,1,서울특별시 동대문구 제기동 122-518번지
11230,10300,0,0122,0520,,,일반건축물,단독주택,주택,0,0,75.37,19770901,2,0,서울특별시 동대문구 제기동 122-520번지
11230,10300,0,0122,0521,,,일반건축물,단독주택,단독주택,106.22,88.05,164.02,19850516,2,0,서울특별시 동대문구 제기동 122-521번지
11230,10300,0,0122,0521,,,일반건축물,단독주택,주택,50.74,0,58,19850629,2,0,서울특별시 동대문구 제기동 122-521번지
11230,10300,0,0122,0524,,,일반건축물,단독주택,"주택, 근린생활시설, 점포",0,0,265.95,19770617,3,1,서울특별시 동대문구 제기동 122-524번지
11230,10300,0,0122,0526,,,일반건축물,단독주택,주택,99,0,111.57,19850629,2,1,서울특별시 동대문구 제기동 122-526번지
11230,10300,0,0122,0527,,,일반건축물,단독주택,주택,0,0,44.72,19850629,2,0,서울특별시 동대문구 제기동 122-527번지
11230,10300,0,0122,0527,,,일반건축물,단독주택,주택,0,0,71.04,19850629,2,0,서울특별시 동대문구 제기동 122-527번지
11230,10300,0,0122,0527,,,일반건축물,단독주택,주택,0,0,41.24,19850629,2,0,서울특별시 동대문구 제기동 122-527번지
11230,10300,0,0122,0528,,,일반건축물,제1종근린생활시설,근린생활시설,89,0,69.8,19850629,2,0,서울특별시 동대문구 제기동 122-528번지
11230,10300,0,0122,0529,,,일반건축물,단독주택,"주택, 점포",0,0,112.46,19850629,3,1,서울특별시 동대문구 제기동 122-529번지
11230,10300,0,0122,0530,,,표제부,공동주택,다세대주택,294.7,174.76,761.51,20040823,4,1,서울특별시 동대문구 제기동 122-530번지
11230,10300,0,0122,0633,,,일반건축물,단독주택,단독주택,133,35.68,35.68,20141103,1,0,서울특별시 동대문구 제기동 122-633번지
11230,10300,0,0122,0633,,,일반건축물,단독주택,주택,0,0,27.3,19770725,2,0,서울특별시 동대문구 제기동 122-633번지
11230,10300,0,0122,0634,,,일반건축물,단독주택,다가구주택(3가구),76.5,63.61,140.04,19850629,3,0,서울특별시 동대문구 제기동 122-634번지
11230,10300,0,0122,0647,,,일반건축물,단독주택,다가구주택,103,84.2,244.24,20150115,3,0,서울특별시 동대문구 제기동 122-647번지
11230,10300,0,0122,0654,,,일반건축물,단독주택,주택,0,0,46.98,19770507,3,1,서울특별시 동대문구 제기동 122-654번지
11230,10300,0,0122,0654,,,일반건축물,단독주택,주택,0,0,32.96,19770507,2,1,서울특별시 동대문구 제기동 122-654번지
11230,10300,0,0122,0669,,,표제부,공동주택,다세대주택,178.36,117.43,587.15,19980817,4,1,서울특별시 동대문구 제기동 122-669번지
11230,10300,0,0122,0671,,,표제부,공동주택,다세대주택,82,53.05,259.02,19991120,4,1,서울특별시 동대문구 제기동 122-671번지
11230,10300,0,0122,0672,,,표제부,공동주택,다세대주택(5세대),104,63.35,312.45,20001222,4,1,서울특별시 동대문구 제기동 122-672번지
11230,10300,0,0122,0678,,,표제부,공동주택,다세대주택(5세대),86,52.79,263.95,19990501,4,1,서울특별시 동대문구 제기동 122-678번지
11230,10300,0,0122,0692,,,표제부,공동주택,다세대주택,94.12,65.76,328.8,19991120,4,1,서울특별시 동대문구 제기동 122-692번지
11230,10300,0,0122,0694,,,표제부,공동주택,다세대주택(10세대),134,91.25,455.1,20000721,4,1,서울특별시 동대문구 제기동 122-694번지
11230,10300,0,0122,0695,,,일반건축물,단독주택,다가구주택(2가구),73,54.29,105.87,19770718,3,1,서울특별시 동대문구 제기동 122-695번지
11230,10300,0,0122,0703,,,일반건축물,단독주택,주택,87,55.24,55.24,19770727,1,0,서울특별시 동대문구 제기동 122-703번지
11230,10300,0,0122,0709,,,표제부,공동주택,다세대주택,35,24.2,54.16,19850501,2,1,서울특별시 동대문구 제기동 122-709번지
11230,10300,0,0122,0710,,,표제부,공동주택,다세대주택,71,52.78,162.95,19850501,3,1,서울특별시 동대문구 제기동 122-710번지
11230,10300,0,0122,0712,,,일반건축물,단독주택,주택,133.2,0,83.8,19850530,2,1,서울특별시 동대문구 제기동 122-712번지
11230,10300,0,0122,0713,,,일반건축물,단독주택,주택,133.2,0,73.51,19850530,3,1,서울특별시 동대문구 제기동 122-713번지
11230,10300,0,0122,0714,,,일반건축물,단독주택,주택,0,0,121.84,19770507,3,1,서울특별시 동대문구 제기동 122-714번지
11230,10300,0,0122,0715,,,일반건축물,단독주택,"주택, 점포",0,0,63.11,19770705,3,0,서울특별시 동대문구 제기동 122-715번지
11230,10300,0,0122,0716,,,일반건축물,단독주택,단독주택,45.19,42.45,151,19770526,4,0,서울특별시 동대문구 제기동 122-716번지
11230,10300,0,0122,0717,,,일반건축물,단독주택,주택,0,0,97.44,19850629,3,0,서울특별시 동대문구 제기동 122-717번지
11230,10300,0,0122,0718,,,일반건축물,단독주택,주택,54.55,0,112.32,19850501,3,0,서울특별시 동대문구 제기동 122-718번지
11230,10300,0,0122,0719,아르코하우스,,일반건축물,단독주택,주택,36.45,0,93.6,19850629,3,0,서울특별시 동대문구 제기동 122-719번지
11230,10300,0,0122,0735,,,일반건축물,단독주택,근린생활시설,164,98.21,330.77,20200818,3,1,서울특별시 동대문구 제기동 122-735번지
11230,10300,0,0123,0001,,,일반건축물,단독주택,주택,0,0,94.81,19631022,1,0,서울특별시 동대문구 제기동 123-1번지
11230,10300,0,0123,0001,,,일반건축물,단독주택,주택,0,0,59.5,19580701,1,0,서울특별시 동대문구 제기동 123-1번지
11230,10300,0,0123,0003,,,일반건축물,단독주택,주택,0,0,120.6,19580910,1,0,서울특별시 동대문구 제기동 123-3번지
11230,10300,0,0124,0001,,,일반건축물,단독주택,주택,0,0,45.49,19611005,1,0,서울특별시 동대문구 제기동 124-1번지
11230,10300,0,0124,0003,,,일반건축물,단독주택,주택,0,0,40.2,19600805,1,0,서울특별시 동대문구 제기동 124-3번지
11230,10300,0,0124,0003,,,일반건축물,단독주택,주택,0,0,34.61,19580208,1,0,서울특별시 동대문구 제기동 124-3번지
11230,10300,0,0128,0000,,,일반건축물,단독주택,주택,0,0,26.45,,1,0,서울특별시 동대문구 제기동 128번지
11230,10300,0,0128,0000,,,일반건축물,단독주택,주택,0,0,33.06,19391120,1,0,서울특별시 동대문구 제기동 128번지
11230,10300,0,0128,0000,,,일반건축물,단독주택,주택,0,0,22.64,19570830,1,0,서울특별시 동대문구 제기동 128번지
11230,10300,0,0128,0000,,,일반건축물,단독주택,주택,0,0,66.12,19561230,1,0,서울특별시 동대문구 제기동 128번지
11230,10300,0,0128,0000,,,일반건축물,단독주택,주택,0,0,49.19,19610305,1,0,서울특별시 동대문구 제기동 128번지
11230,10300,0,0132,0003,,,일반건축물,단독주택,단독주택(다가구주택),72.59,41.11,135.94,19901119,3,1,서울특별시 동대문구 제기동 132-3번지
11230,10300,0,0132,0018,,,일반건축물,단독주택,주택,0,0,41.85,19591001,1,0,서울특별시 동대문구 제기동 132-18번지
11230,10300,0,0132,0019,,,일반건축물,단독주택,주택,0,0,36.73,19600310,1,0,서울특별시 동대문구 제기동 132-19번지
11230,10300,0,0132,0020,,,일반건축물,제1종근린생활시설,"근린생활시설, 주택",132.4,65.57,295.78,19931018,4,1,서울특별시 동대문구 제기동 132-20번지
11230,10300,0,0132,0021,,,일반건축물,단독주택,주택,0,0,38.58,19761109,1,0,서울특별시 동대문구 제기동 132-21번지
11230,10300,0,0132,0022,,,일반건축물,단독주택,주택,0,0,140.47,19710322,2,0,서울특별시 동대문구 제기동 132-22번지
11230,10300,0,0132,0026,,,일반건축물,단독주택,다가구용단독주택(5가구),131.14,0,199.82,19901124,2,1,서울특별시 동대문구 제기동 132-26번지
11230,10300,0,0132,0027,,,일반건축물,단독주택,주택,0,0,223.31,19760209,2,1,서울특별시 동대문구 제기동 132-27번지
11230,10300,0,0133,0001,,,일반건축물,단독주택,주택,0,0,39.01,19560305,1,0,서울특별시 동대문구 제기동 133-1번지
11230,10300,0,0133,0002,,,일반건축물,단독주택,주택,0,0,41.79,19660501,1,0,서울특별시 동대문구 제기동 133-2번지
11230,10300,0,0133,0005,,,일반건축물,단독주택,주택,0,0,54.48,19590630,1,0,서울특별시 동대문구 제기동 133-5번지
11230,10300,0,0133,0017,제기동 감초마을 주민사랑방,,일반건축물,제1종근린생활시설,제1종근린생활시설,549,283.14,999.46,20231031,5,0,서울특별시 동대문구 제기동 133-17번지
11230,10300,0,0133,0020,,,일반건축물,제2종근린생활시설,제2종근린생활시설 외2,317.19,0,753.2,19841129,4,1,서울특별시 동대문구 제기동 133-20번지
11230,10300,0,0133,0023,,,일반건축물,단독주택,단독주택(다가구주택),183,119.9,178.72,20141020,2,0,서울특별시 동대문구 제기동 133-23번지
11230,10300,0,0134,0003,,,일반건축물,제2종근린생활시설,"제2종근린생활시설,단독주택",423.77,220.38,846.66,20211224,5,0,서울특별시 동대문구 제기동 134-3번지
11230,10300,0,0134,0010,,,표제부,공동주택,다세대주택,228,136.39,414.37,20040603,4,0,서울특별시 동대문구 제기동 134-10번지
11230,10300,0,0134,0014,,,일반건축물,단독주택,단독주택,124.96,73.79,93.62,,2,0,서울특별시 동대문구 제기동 134-14번지
11230,10300,0,0134,0015,,,일반건축물,단독주택,다가구용단독주택(4가구),109,65.12,234.22,19960701,3,1,서울특별시 동대문구 제기동 134-15번지
11230,10300,0,0134,0016,,,일반건축물,단독주택,주택,0,0,59.48,,2,0,서울특별시 동대문구 제기동 134-16번지
11230,10300,0,0134,0017,,,일반건축물,단독주택,단독주택,109,63.76,162.6,20030718,3,0,서울특별시 동대문구 제기동 134-17번지
11230,10300,0,0134,0018,,,일반건축물,단독주택,주택,0,0,49.58,,2,0,서울특별시 동대문구 제기동 134-18번지
11230,10300,0,0134,0019,이도팰리스1차,,표제부,공동주택,다세대주택,218,129.27,412.37,20030714,5,0,서울특별시 동대문구 제기동 134-19번지
11230,10300,0,0134,0020,,,일반건축물,단독주택,주택,0,0,49.58,,2,0,서울특별시 동대문구 제기동 134-20번지
11230,10300,0,0134,0022,,,표제부,공동주택,다세대주택(11세대),210.14,125.88,490.49,20021008,5,0,서울특별시 동대문구 제기동 134-22번지
11230,10300,0,0134,0023,,,일반건축물,단독주택,"다가구주택,근린생활시설",211,125.38,492.72,20021026,4,0,서울특별시 동대문구 제기동 134-23번지
11230,10300,0,0134,0026,,,일반건축물,단독주택,주택,0,0,49.58,19600612,2,0,서울특별시 동대문구 제기동 134-26번지
11230,10300,0,0134,0027,,,일반건축물,단독주택,다가구용단독주택(5가구),122,67.08,251.94,19950905,3,1,서울특별시 동대문구 제기동 134-27번지
11230,10300,0,0134,0031,,,일반건축물,단독주택,주택,0,0,33.06,19580725,1,0,서울특별시 동대문구 제기동 134-31번지
11230,10300,0,0134,0034,뉴케슬,,표제부,공동주택,다세대주택,145.61,86.82,290.82,20080612,5,0,서울특별시 동대문구 제기동 134-34번지
11230,10300,0,0134,0035,,,일반건축물,단독주택,다가구용단독주택(7가구),145.2,86.01,299.08,19950601,3,1,서울특별시 동대문구 제기동 134-35번지
11230,10300,0,0134,0036,,,일반건축물,제2종근린생활시설,사무소,0,0,38.91,19601027,1,0,서울특별시 동대문구 제기동 134-36번지
11230,10300,0,0134,0038,,,일반건축물,단독주택,다가구용단독주택(4가구),116,68.9,248.84,19950905,3,1,서울특별시 동대문구 제기동 134-38번지
11230,10300,0,0134,0041,,,일반건축물,단독주택,다가구용단독주택,122,72.97,258.41,19970709,3,1,서울특별시 동대문구 제기동 134-41번지
11230,10300,0,0134,0049,,,일반건축물,제1종근린생활시설,"사무실, 점포",0,0,145.16,19671203,3,0,서울특별시 동대문구 제기동 134-49번지
11230,10300,0,0134,0049,,,일반건축물,제1종근린생활시설,점포,0,0,246.05,19641201,3,0,서울특별시 동대문구 제기동 134-49번지
11230,10300,0,0134,0051,,,일반건축물,단독주택,주택,0,0,57.66,19450502,1,0,서울특별시 동대문구 제기동 134-51번지
11230,10300,0,0134,0052,아트빌,,일반건축물,단독주택,"다중주택, 제2종근린생활시설",111.22,62.13,222.26,20180807,5,0,서울특별시 동대문구 제기동 134-52번지
11230,10300,0,0134,0056,,,일반건축물,단독주택,주택,0,0,31.21,19701010,1,0,서울특별시 동대문구 제기동 134-56번지
11230,10300,0,0134,0057,,,일반건축물,제1종근린생활시설,"제1종,제2종근린생활시설",148.1,86.45,172.9,20111201,2,0,서울특별시 동대문구 제기동 134-57번지
11230,10300,0,0134,0060,,,일반건축물,단독주택,단독주택,179,91.46,326.61,20070208,3,1,서울특별시 동대문구 제기동 134-60번지
11230,10300,0,0134,0063,,,일반건축물,단독주택,다가구주택(2가구),163,96.26,245.18,20031119,3,0,서울특별시 동대문구 제기동 134-63번지
11230,10300,0,0134,0073,효성아파트,,표제부,공동주택,공동주택(아파트),498.42,271.25,2007.22,20040213,7,2,서울특별시 동대문구 제기동 134-73번지
11230,10300,0,0134,0075,,,일반건축물,단독주택,주택,0,0,65.39,,2,0,서울특별시 동대문구 제기동 134-75번지
11230,10300,0,0134,0133,,,일반건축물,단독주택,주택,0,0,47.37,19600324,1,0,서울특별시 동대문구 제기동 134-133번지
11230,10300,0,0135,0000,,,일반건축물,노유자시설,노인정,0,0,164.99,19650110,1,0,서울특별시 동대문구 제기동 135번지
11230,10300,0,0135,0002,,,일반건축물,단독주택,주택,0,0,60.32,19850629,1,1,서울특별시 동대문구 제기동 135-2번지
11230,10300,0,0135,0002,,,일반건축물,단독주택,"주택, 점포",0,0,103.68,19850629,2,0,서울특별시 동대문구 제기동 135-2번지
11230,10300,0,0135,0004,주식회사상일기업,,일반건축물,제2종근린생활시설,근린생활시설,804,138.51,531.72,19920716,3,1,서울특별시 동대문구 제기동 135-4번지
11230,10300,0,0135,0006,,,일반건축물,제2종근린생활시설,근린생활시설,0,0,53.22,19770506,1,0,서울특별시 동대문구 제기동 135-6번지
11230,10300,0,0135,0007,더푸른빌,,표제부,공동주택,"도시형생활주택(단지형다세대), 근린생활시설",0,161.16,811.02,20191111,7,0,서울특별시 동대문구 제기동 135-7번지
11230,10300,0,0135,0007,더푸른빌,,표제부,공동주택,도시형생활주택(단지형다세대),0,183.42,659.03,20191111,6,0,서울특별시 동대문구 제기동 135-7번지
11230,10300,0,0135,0009,,,일반건축물,단독주택,주택,0,0,38.18,19590410,1,0,서울특별시 동대문구 제기동 135-9번지
11230,10300,0,0135,0011,,,일반건축물,단독주택,주택,99.17,0,58.18,19850629,2,0,서울특별시 동대문구 제기동 135-11번지
11230,10300,0,0135,0013,,,일반건축물,단독주택,다가구용단독주택(3가구),96.1,0,157.61,19930130,2,1,서울특별시 동대문구 제기동 135-13번지
11230,10300,0,0135,0014,,,일반건축물,단독주택,"근린생활시설, 다가구주택(4)",124.78,71.53,294.52,19980108,3,1,서울특별시 동대문구 제기동 135-14번지
11230,10300,0,0135,0016,,,일반건축물,단독주택,다가구용단독주택(4가구),94.4,54.33,145.48,19931013,2,1,서울특별시 동대문구 제기동 135-16번지
11230,10300,0,0135,0017,,,일반건축물,단독주택,주택,96.42,0,53.08,19840120,1,0,서울특별시 동대문구 제기동 135-17번지
11230,10300,0,0135,0018,레드 파인,,일반건축물,제2종근린생활시설,"근린생활시설,단독주택",321,140.76,941.78,20201127,7,1,서울특별시 동대문구 제기동 135-18번지
11230,10300,0,0135,0019,,,일반건축물,단독주택,다가구용단독주택(7가구),122.45,73.14,282.96,19950309,3,1,서울특별시 동대문구 제기동 135-19번지
11230,10300,0,0135,0020,이산,,일반건축물,단독주택,다중주택,115,57.44,172.32,20160907,3,0,서울특별시 동대문구 제기동 135-20번지
11230,10300,0,0135,0021,,,일반건축물,제2종근린생활시설,근린생활시설,0,0,264.6,19600430,2,0,서울특별시 동대문구 제기동 135-21번지
11230,10300,0,0135,0022,,,표제부,제1종근린생활시설,"점포,제2종근린생활시설",0,0,670.38,19691217,2,0,서울특별시 동대문구 제기동 135-22번지
11230,10300,0,0135,0024,,,일반건축물,단독주택,다가구용단독주택(6가구),125.87,66.71,246.53,19961223,4,1,서울특별시 동대문구 제기동 135-24번지
11230,10300,0,0135,0025,,,표제부,제1종근린생활시설,점포,252,215.64,562.42,19660702,3,0,서울특별시 동대문구 제기동 135-25번지
11230,10300,0,0135,0027,제기동 135-27 제2종근린생활시설 (주식회사해경),,일반건축물,제2종근린생활시설,일반음식점,0,0,32.66,19590201,1,0,서울특별시 동대문구 제기동 135-27번지
11230,10300,0,0135,0028,,,일반건축물,단독주택,단독주택(다가구주택) 외2,117.63,69.64,287.5,19971227,4,1,서울특별시 동대문구 제기동 135-28번지
11230,10300,0,0135,0038,,,일반건축물,단독주택,주택,0,0,63.04,19600520,1,0,서울특별시 동대문구 제기동 135-38번지
11230,10300,0,0135,0039,,,일반건축물,단독주택,"근린생활시설, (2가구)다가구용단독주택",109,57.25,213.49,19950918,3,1,서울특별시 동대문구 제기동 135-39번지
11230,10300,0,0135,0050,,,일반건축물,단독주택,주택,75,0,51.32,19850629,1,0,서울특별시 동대문구 제기동 135-50번지
11230,10300,0,0135,0054,,,일반건축물,단독주택,주택,0,0,51.2,19560619,1,0,서울특별시 동대문구 제기동 135-54번지
11230,10300,0,0135,0055,,,일반건축물,단독주택,다가구주택,116,84.16,84.16,20141230,1,0,서울특별시 동대문구 제기동 135-55번지
11230,10300,0,0135,0056,,,일반건축물,단독주택,다가구용단독주택(12),178.58,105.68,336.18,19980414,3,1,서울특별시 동대문구 제기동 135-56번지
11230,10300,0,0135,0058,,,일반건축물,단독주택,"근린생활시설, 주택",124.53,62.04,260.06,19940708,4,1,서울특별시 동대문구 제기동 135-58번지
11230,10300,0,0135,0061,,,일반건축물,단독주택,주택,0,0,21.49,19701010,1,0,서울특별시 동대문구 제기동 135-61번지
11230,10300,0,0135,0067,,,일반건축물,단독주택,"근린생활시설, 주택",86.6,0,129.78,19891222,2,1,서울특별시 동대문구 제기동 135-67번지
11230,10300,0,0135,0068,,,일반건축물,단독주택,다가구용단독주택(4가구),54.93,31.08,109.76,19951123,3,1,서울특별시 동대문구 제기동 135-68번지
11230,10300,0,0135,0069,,,일반건축물,단독주택,주택,135,0,45.56,19850629,1,0,서울특별시 동대문구 제기동 135-69번지
11230,10300,0,0135,0071,,,일반건축물,단독주택,다가구용단독주택(3가구),66.68,39.82,115.33,19910910,2,1,서울특별시 동대문구 제기동 135-71번지
11230,10300,0,0135,0072,,,일반건축물,단독주택,다가구용단독주택(5가구),112.73,66.51,199.53,19910927,2,1,서울특별시 동대문구 제기동 135-72번지
11230,10300,0,0135,0084,,,일반건축물,제2종근린생활시설,근린생활시설,0,0,206.62,,2,0,서울특별시 동대문구 제기동 135-84번지
11230,10300,0,0135,0086,,,표제부,제1종근린생활시설,점포,0,0,276.37,19670905,2,0,서울특별시 동대문구 제기동 135-86번지
11230,10300,0,0135,0090,더푸른빌2,,표제부,공동주택,도시형생활주택(단지형다세대),0,204.96,659.5,20191223,6,0,서울특별시 동대문구 제기동 135-90번지
11230,10300,0,0135,0090,더푸른빌2,,표제부,공동주택,"도시형생활주택(단지형다세대), 근린생활시설",0,172.77,823.02,20191223,7,0,서울특별시 동대문구 제기동 135-90번지
11230,10300,0,0135,0094,하이빌94,,일반건축물,단독주택,단독주택(다중주택),101.18,60.6,199.89,20171017,3,1,서울특별시 동대문구 제기동 135-94번지
11230,10300,0,0135,0096,,,일반건축물,단독주택,"단독주택,근린생활시설",100,59.34,193.64,20220404,4,0,서울특별시 동대문구 제기동 135-96번지
11230,10300,0,0135,0097,,,일반건축물,제1종근린생활시설,소매점,0,0,129.46,19600805,1,0,서울특별시 동대문구 제기동 135-97번지
11230,10300,0,0135,0133,,,일반건축물,단독주택,다가구주택(3가구) 외1,98.46,64.04,283.9,20031106,5,0,서울특별시 동대문구 제기동 135-133번지
11230,10300,0,0135,0160,상일기업,,일반건축물,제2종근린생활시설,근린생활시설,155.7,85.85,217.26,20231229,3,0,서울특별시 동대문구 제기동 135-160번지
11230,10300,0,0136,0000,,,일반건축물,단독주택,주택,0,0,63.37,19570901,1,0,서울특별시 동대문구 제기동 136번지
11230,10300,0,0136,0000,,,일반건축물,단독주택,주택,0,0,26.21,19500415,1,0,서울특별시 동대문구 제기동 136번지
11230,10300,0,0136,0000,,,일반건축물,단독주택,주택,0,0,52.79,19590510,1,0,서울특별시 동대문구 제기동 136번지
11230,10300,0,0136,0000,,,일반건축물,단독주택,주택,0,0,26.87,19580510,1,0,서울특별시 동대문구 제기동 136번지
11230,10300,0,0136,0000,,,일반건축물,단독주택,주택,0,0,22.18,19580315,1,0,서울특별시 동대문구 제기동 136번지
11230,10300,0,0136,0000,,,일반건축물,단독주택,주택,0,0,23.14,19560510,1,0,서울특별시 동대문구 제기동 136번지
11230,10300,0,0136,0000,,,일반건축물,단독주택,주택,0,0,33.19,19570510,1,0,서울특별시 동대문구 제기동 136번지
11230,10300,0,0136,0000,,,일반건축물,단독주택,주택,0,0,17.62,19490510,1,0,서울특별시 동대문구 제기동 136번지
11230,10300,0,0136,0000,,,일반건축물,단독주택,주택,0,0,53.75,19560600,1,0,서울특별시 동대문구 제기동 136번지
11230,10300,0,0136,0000,,,일반건축물,단독주택,주택,0,0,29.12,19560710,1,0,서울특별시 동대문구 제기동 136번지
11230,10300,0,0136,0000,,,일반건축물,단독주택,주택,0,0,23.77,19570925,1,0,서울특별시 동대문구 제기동 136번지
11230,10300,0,0136,0000,,,일반건축물,단독주택,주택,0,0,36.07,19580719,1,0,서울특별시 동대문구 제기동 136번지
11230,10300,0,0136,0000,,,일반건축물,단독주택,주택,0,0,30.22,19610425,1,0,서울특별시 동대문구 제기동 136번지
11230,10300,0,0136,0000,오오디 빌딩,,일반건축물,제2종근린생활시설,근린생활시설,139,80.48,209.51,19970317,3,0,서울특별시 동대문구 제기동 136번지
11230,10300,0,0136,0000,,,일반건축물,단독주택,주택,0,0,22.02,19580401,1,0,서울특별시 동대문구 제기동 136번지
11230,10300,0,0136,0000,,,일반건축물,단독주택,주택,0,0,34.02,19570810,1,0,서울특별시 동대문구 제기동 136번지
11230,10300,0,0136,0000,,,일반건축물,단독주택,주택,0,0,34.88,19580801,1,0,서울특별시 동대문구 제기동 136번지
11230,10300,0,0136,0000,,,일반건축물,단독주택,주택,0,0,52.89,,1,0,서울특별시 동대문구 제기동 136번지
11230,10300,0,0136,0003,리스트 안암,,표제부,공동주택,"공동주택(아파트),근린생활시설",2636,1407.57,16724.24,20240819,18,2,서울특별시 동대문구 제기동 136-3번지
11230,10300,0,0136,0006,,,일반건축물,단독주택,주택,0,0,25.29,19580805,1,0,서울특별시 동대문구 제기동 136-6번지
11230,10300,0,0136,0006,,,일반건축물,단독주택,주택,0,0,33.32,19431101,1,0,서울특별시 동대문구 제기동 136-6번지
11230,10300,0,0136,0009,,,일반건축물,단독주택,주택,0,0,68.99,19591005,1,0,서울특별시 동대문구 제기동 136-9번지
11230,10300,0,0136,0009,,,일반건축물,단독주택,주택,0,0,53.92,19600401,1,0,서울특별시 동대문구 제기동 136-9번지
11230,10300,0,0136,0010,,,일반건축물,단독주택,"주택, 점포",0,0,227.34,19701230,3,0,서울특별시 동대문구 제기동 136-10번지
11230,10300,0,0136,0024,고대앞마을 사랑방,,일반건축물,제2종근린생활시설,주민공동이용시설,250.53,144.18,499.89,20251002,4,0,서울특별시 동대문구 제기동 136-24번지
11230,10300,0,0136,0026,,,일반건축물,단독주택,주택,0,0,29.75,,1,0,서울특별시 동대문구 제기동 136-26번지
11230,10300,0,0136,0027,,,일반건축물,단독주택,주택/근린생활시설,0,0,150.36,19710617,3,0,서울특별시 동대문구 제기동 136-27번지
11230,10300,0,0136,0028,,,일반건축물,단독주택,주택,79,0,126.56,19890808,2,1,서울특별시 동대문구 제기동 136-28번지
11230,10300,0,0136,0029,,,일반건축물,단독주택,주택,0,0,120.1,19890816,2,1,서울특별시 동대문구 제기동 136-29번지
11230,10300,0,0136,0034,,,일반건축물,단독주택,다가구용단독주택(5가구),84.99,51.92,147.4,19931126,2,1,서울특별시 동대문구 제기동 136-34번지
11230,10300,0,0136,0035,,,일반건축물,단독주택,단독주택(다가구주택),136,67.66,248.12,19890810,3,1,서울특별시 동대문구 제기동 136-35번지
11230,10300,0,0136,0036,,,표제부,공동주택,다세대주택(6세대),96,57.21,308.93,19940309,5,1,서울특별시 동대문구 제기동 136-36번지
11230,10300,0,0136,0037,,,표제부,공동주택,다세대주택(6세대),99,60.45,302.25,19940625,4,1,서울특별시 동대문구 제기동 136-37번지
11230,10300,0,0136,0038,,,일반건축물,단독주택,주택,0,0,70.49,19580930,1,1,서울특별시 동대문구 제기동 136-38번지
11230,10300,0,0136,0039,,,일반건축물,판매시설,"주택, 점포",0,0,293.82,19711124,3,1,서울특별시 동대문구 제기동 136-39번지
11230,10300,0,0136,0040,,,일반건축물,단독주택,다가구용단독주택(4가구),80.19,47.11,139.15,19940623,2,1,서울특별시 동대문구 제기동 136-40번지
11230,10300,0,0136,0041,,,표제부,공동주택,다세대주택,84.6,50.52,252.6,19931224,4,1,서울특별시 동대문구 제기동 136-41번지
11230,10300,0,0136,0042,,,표제부,공동주택,다세대주택,92.73,55.38,276.9,19931224,4,1,서울특별시 동대문구 제기동 136-42번지
11230,10300,0,0136,0043,,,표제부,공동주택,다세대주택(9세대),156.64,93.74,468.7,19940625,4,1,서울특별시 동대문구 제기동 136-43번지
11230,10300,0,0136,0045,,,표제부,공동주택,다세대주택(8세대),129,76.11,365.79,19940309,4,1,서울특별시 동대문구 제기동 136-45번지
11230,10300,0,0136,0047,,,표제부,공동주택,다세대주택,91.3,54.63,273.15,19931216,4,1,서울특별시 동대문구 제기동 136-47번지
11230,10300,0,0136,0049,,,표제부,공동주택,다세대주택,88.38,52.9,264.5,19940422,4,1,서울특별시 동대문구 제기동 136-49번지
11230,10300,0,0136,0050,,,일반건축물,제2종근린생활시설,제2종근린생활시설,64.05,0,61.74,19850629,1,0,서울특별시 동대문구 제기동 136-50번지
11230,10300,0,0136,0053,,,일반건축물,단독주택,주택 외1,0,0,220.77,19681011,4,0,서울특별시 동대문구 제기동 136-53번지
11230,10300,0,0136,0054,,,일반건축물,제1종근린생활시설,"주택, 근린생활시설(점포)",0,0,480.14,19691120,5,1,서울특별시 동대문구 제기동 136-54번지
11230,10300,0,0136,0055,,,일반건축물,제2종근린생활시설,제1종근린생활시설외2,198,111.83,395.83,20111031,4,0,서울특별시 동대문구 제기동 136-55번지
11230,10300,0,0136,0058,,,표제부,공동주택,다세대주택(5세대),70.6,44.79,209.55,19950718,4,1,서울특별시 동대문구 제기동 136-58번지
11230,10300,0,0136,0061,,,일반건축물,제1종근린생활시설,근린생활시설,0,0,36.66,19611210,1,0,서울특별시 동대문구 제기동 136-61번지
11230,10300,0,0136,0070,,,일반건축물,단독주택,"근린생활시설, 다가구주택(6가구)",288.15,152.5,659.61,19940909,4,1,서울특별시 동대문구 제기동 136-70번지
11230,10300,0,0136,0071,,,일반건축물,단독주택,단독주택,61.29,41.26,41.26,19991208,1,0,서울특별시 동대문구 제기동 136-71번지
11230,10300,0,0136,0081,한서대 근생빌딩,,일반건축물,제1종근린생활시설,제1종근린생활시설 외1,457.37,261.32,1071.4,19980123,5,1,서울특별시 동대문구 제기동 136-81번지
11230,10300,0,0136,0092,,,일반건축물,단독주택,주택,102.48,0,59.55,19850510,1,0,서울특별시 동대문구 제기동 136-92번지
11230,10300,0,0136,0094,,,일반건축물,단독주택,주택,0,0,54.54,19601008,1,0,서울특별시 동대문구 제기동 136-94번지
11230,10300,0,0136,0120,,,일반건축물,단독주택,주택,152.07,0,23.51,19850629,1,0,서울특별시 동대문구 제기동 136-120번지
11230,10300,0,0136,0121,,,일반건축물,단독주택,주택,0,0,40.4,19610307,1,0,서울특별시 동대문구 제기동 136-121번지
11230,10300,0,0136,0125,라사리아,,일반건축물,단독주택,"다가구주택, 근린생활시설",365.7,214.42,730.9,20180511,5,0,서울특별시 동대문구 제기동 136-125번지
11230,10300,0,0136,0129,,,표제부,공동주택,다세대주택(6세대),209,110.44,319.5,19931015,2,1,서울특별시 동대문구 제기동 136-129번지
11230,10300,0,0136,0130,제기동단독다가구및근린생활시설,,일반건축물,단독주택,단독주택(다가구주택),132,78.12,221.84,20030109,3,0,서울특별시 동대문구 제기동 136-130번지
11230,10300,0,0136,0133,,,일반건축물,단독주택,주택,0,0,52.89,19611210,1,0,서울특별시 동대문구 제기동 136-133번지
11230,10300,0,0136,0134,,,일반건축물,단독주택,다가구주택(3가구),98.22,58.86,179.34,20031006,4,0,서울특별시 동대문구 제기동 136-134번지
11230,10300,0,0136,0135,,,일반건축물,단독주택,주택,0,0,41.26,19600211,1,0,서울특별시 동대문구 제기동 136-135번지
11230,10300,0,0136,0137,골드빌,,일반건축물,단독주택,다중주택,175.53,105.22,329.88,20181121,3,1,서울특별시 동대문구 제기동 136-137번지
11230,10300,0,0136,0142,,,일반건축물,단독주택,"단독주택(다중주택), 근린생활시설",88.94,44.12,195.01,20200304,5,0,서울특별시 동대문구 제기동 136-142번지
11230,10300,0,0136,0148,,,일반건축물,제2종근린생활시설,"근린생활시설, 단독주택(1가구)",267,159.92,820.51,19960716,4,1,서울특별시 동대문구 제기동 136-148번지
11230,10300,0,0136,0152,,,일반건축물,단독주택,"근린생활시설(소매점), 다가구용단독주택(2가구)",98,58.62,231.82,19961219,3,1,서울특별시 동대문구 제기동 136-152번지
11230,10300,0,0136,0153,,,표제부,공동주택,다세대주택(3세대),83,50.39,119.98,19970410,2,1,서울특별시 동대문구 제기동 136-153번지
11230,10300,0,0136,0154,,,일반건축물,제2종근린생활시설,제2종근린생활시설,0,0,52.13,19590705,1,0,서울특별시 동대문구 제기동 136-154번지
11230,10300,0,0136,0155,,,일반건축물,단독주택,다가구(4)용단독주택,125.13,64.02,179.7,19971028,2,1,서울특별시 동대문구 제기동 136-155번지
11230,10300,0,0136,0156,,,일반건축물,단독주택,주택,0,0,42.98,19591105,1,0,서울특별시 동대문구 제기동 136-156번지
11230,10300,0,0136,0157,,,일반건축물,단독주택,"단독주택, 근린생활시설",96.28,57.46,201.88,19980213,3,1,서울특별시 동대문구 제기동 136-157번지
11230,10300,0,0136,0158,,,일반건축물,단독주택,다가구용단독주택,110.26,65.98,249.43,19971231,3,1,서울특별시 동대문구 제기동 136-158번지
11230,10300,0,0136,0160,,,일반건축물,제2종근린생활시설,근린생활시설,51,18.19,18.19,19850629,1,0,서울특별시 동대문구 제기동 136-160번지
11230,10300,0,0136,0161,,,일반건축물,단독주택,"단독주택, 사무소",174.73,96.78,341.57,20160928,5,0,서울특별시 동대문구 제기동 136-161번지
11230,10300,0,0136,0165,라온 하우스,,일반건축물,제2종근린생활시설,"근린생활시설, 다중주택",346,188.2,690.06,20180911,5,0,서울특별시 동대문구 제기동 136-165번지
11230,10300,0,0136,0170,,,일반건축물,단독주택,다가구용단독주택,104.57,60.31,244.33,19971201,4,1,서울특별시 동대문구 제기동 136-170번지
11230,10300,0,0136,0171,,,일반건축물,단독주택,주택,0,0,60.24,19610115,1,0,서울특별시 동대문구 제기동 136-171번지
11230,10300,0,0136,0172,제기동 온뜰,,일반건축물,제1종근린생활시설,제1종근린생활시설,204.7,103.77,133.38,20240621,2,0,서울특별시 동대문구 제기동 136-172번지
11230,10300,0,0136,0185,,,일반건축물,제2종근린생활시설,제2종근린생활시설,0,0,21.59,19590725,1,0,서울특별시 동대문구 제기동 136-185번지
11230,10300,0,0136,0189,,,일반건축물,제2종근린생활시설,"근린생활시설,단독주택",246.55,128.46,653.7,20220404,5,1,서울특별시 동대문구 제기동 136-189번지
11230,10300,0,0136,0190,,,일반건축물,단독주택,다가구용단독주택(3가구),59.16,39.25,112.74,19961120,2,1,서울특별시 동대문구 제기동 136-190번지
11230,10300,0,0136,0191,,,일반건축물,단독주택,다가구용단독주택,167,93.77,299.85,19961219,3,1,서울특별시 동대문구 제기동 136-191번지
11230,10300,0,0136,0194,,,일반건축물,단독주택,단독주택(다가구주택),86,44.34,133.24,19970905,3,1,서울특별시 동대문구 제기동 136-194번지
11230,10300,0,0136,0195,더커먼즈12,,일반건축물,단독주택,다중주택,133,77.52,253.2,20211222,4,0,서울특별시 동대문구 제기동 136-195번지
11230,10300,0,0136,0200,,,일반건축물,단독주택,주택,0,0,41.22,19610105,1,0,서울특별시 동대문구 제기동 136-200번지
11230,10300,0,0136,0201,,,일반건축물,단독주택,주택,0,0,38.84,19611100,1,0,서울특별시 동대문구 제기동 136-201번지
11230,10300,0,0136,0202,,,일반건축물,단독주택,주택,0,0,46.05,19600415,1,0,서울특별시 동대문구 제기동 136-202번지
11230,10300,0,0136,0205,,,일반건축물,단독주택,단독주택(다가구주택),70.43,42.33,147.04,19970724,3,1,서울특별시 동대문구 제기동 136-205번지
11230,10300,0,0136,0206,,,일반건축물,단독주택,주택,0,0,28.76,19601231,1,0,서울특별시 동대문구 제기동 136-206번지
11230,10300,0,0136,0217,,,일반건축물,단독주택,주택,0,0,40.03,19661005,1,0,서울특별시 동대문구 제기동 136-217번지
11230,10300,0,0136,0218,,,일반건축물,단독주택,주택,0,0,31.57,19611230,1,0,서울특별시 동대문구 제기동 136-218번지
11230,10300,0,0136,0219,,,일반건축물,단독주택,주택,0,0,31.07,19611230,1,0,서울특별시 동대문구 제기동 136-219번지
11230,10300,0,0136,0225,,,일반건축물,단독주택,다가구용단독주택(5가구),99,49.86,140.22,19920905,2,1,서울특별시 동대문구 제기동 136-225번지
11230,10300,0,0136,0228,.,,일반건축물,단독주택,"다가구용주택(3가구), 근린생활시설",139.83,72.6,264.92,19930816,3,1,서울특별시 동대문구 제기동 136-228번지
11230,10300,0,0136,0229,,,일반건축물,제2종근린생활시설,제2종근린생활시설,139.79,83.84,276.68,20090122,4,0,서울특별시 동대문구 제기동 136-229번지
11230,10300,0,0136,0230,,,표제부,제2종근린생활시설,"근린생활시설, 주택",248,135.03,688.33,19910213,4,1,서울특별시 동대문구 제기동 136-230번지
11230,10300,0,0136,0232,,,일반건축물,제2종근린생활시설,근린생활시설,150.75,90.28,238.09,19920710,2,1,서울특별시 동대문구 제기동 136-232번지
11230,10300,0,0136,0233,,,일반건축물,제2종근린생활시설,"근린생활시설, 단독주택",213.44,127.98,561.19,19950603,4,1,서울특별시 동대문구 제기동 136-233번지
11230,10300,0,0136,0234,,,일반건축물,제2종근린생활시설,근린생활시설,165,94.19,298.98,19950318,3,1,서울특별시 동대문구 제기동 136-234번지
11230,10300,0,0136,0235,,,일반건축물,제1종근린생활시설,"주택, 근린생활시설",0,0,350.02,19661210,2,1,서울특별시 동대문구 제기동 136-235번지
11230,10300,0,0136,0236,,,일반건축물,단독주택,"주택, 근린생활시설",0,0,153.36,19651025,1,1,서울특별시 동대문구 제기동 136-236번지
11230,10300,0,0136,0237,,,일반건축물,단독주택,주택,0,0,187.76,19670425,1,0,서울특별시 동대문구 제기동 136-237번지
11230,10300,0,0136,0237,,,일반건축물,위험물저장및처리시설,위험물저장 및 처리시설,726.15,330.97,330.97,19690610,1,1,서울특별시 동대문구 제기동 136-237번지
11230,10300,0,0136,0247,,,일반건축물,단독주택,"점포, 주택",0,0,107.19,19680812,3,0,서울특별시 동대문구 제기동 136-247번지
11230,10300,0,0136,0256,,,일반건축물,제2종근린생활시설,영업,0,0,161.97,19690710,2,1,서울특별시 동대문구 제기동 136-256번지
11230,10300,0,0136,0257,,,일반건축물,제1종근린생활시설,위험물저장 및 처리시설 외1,60,39.23,78.46,19710201,2,0,서울특별시 동대문구 제기동 136-257번지
11230,10300,0,0136,0259,,,일반건축물,제1종근린생활시설,근린생활시설,16,0,14.59,19850131,1,0,서울특별시 동대문구 제기동 136-259번지
11230,10300,0,0136,0268,,,일반건축물,제1종근린생활시설,점포,65.12,0,57.74,19850630,1,0,서울특별시 동대문구 제기동 136-268번지
11230,10300,0,0136,0272,,,일반건축물,단독주택,주택 외 1,0,0,164.48,19680605,3,0,서울특별시 동대문구 제기동 136-272번지
11230,10300,0,0136,0293,,,일반건축물,단독주택,단독주택,100,59.94,195.05,20220404,4,0,서울특별시 동대문구 제기동 136-293번지
11230,10300,0,0136,0294,제기COLOR HOUSE,,표제부,공동주택,공동주택(다세대주택),237,142.08,502.62,20020429,5,0,서울특별시 동대문구 제기동 136-294번지
11230,10300,0,0136,0296,유에이아이,,일반건축물,단독주택,"단독주택(다중주택),근린생활시설",130,77.67,252.97,20220208,4,0,서울특별시 동대문구 제기동 136-296번지
11230,10300,0,0136,0298,오브레;제기22,,일반건축물,단독주택,다중주택,154,89.3,292.09,20211222,4,0,서울특별시 동대문구 제기동 136-298번지
11230,10300,0,0136,0300,,,표제부,제1종근린생활시설,"근린생활시설, 다세대주택",203.35,101.04,488.46,19911002,4,1,서울특별시 동대문구 제기동 136-300번지
11230,10300,0,0136,0302,,,일반건축물,단독주택,단독주택,53,27.18,71.9,20211022,3,0,서울특별시 동대문구 제기동 136-302번지
11230,10300,0,0136,0304,고호 존,,일반건축물,단독주택,다중주택,96,56.98,191.98,20211022,4,0,서울특별시 동대문구 제기동 136-304번지
11230,10300,0,0136,0305,,,일반건축물,종교시설,문화및집회시설(교회),371,214.33,428.66,19990907,2,0,서울특별시 동대문구 제기동 136-305번지
11230,10300,0,0136,0314,,,일반건축물,단독주택,다가구용단독주택(7가구),91.09,52.27,148.45,19930706,3,1,서울특별시 동대문구 제기동 136-314번지
11230,10300,0,0136,0317,,,일반건축물,단독주택,주택,0,0,42.14,19701106,1,0,서울특별시 동대문구 제기동 136-317번지
11230,10300,0,0136,0320,,,일반건축물,단독주택,다가구용단독주택(10가구),207.24,124.08,443.7,19941207,3,1,서울특별시 동대문구 제기동 136-320번지
11230,10300,0,0136,0323,,,일반건축물,단독주택,다가구용단독주택(5가구),87.96,53.7,139.47,19931207,2,1,서울특별시 동대문구 제기동 136-323번지
11230,10300,0,0136,0324,,,일반건축물,단독주택,다가구용주택(6가구),127.5,69.6,260.26,19940701,3,1,서울특별시 동대문구 제기동 136-324번지
11230,10300,0,0136,0325,,,일반건축물,단독주택,다가구용단독주택(7가구),145.1,86.97,299.9,19941201,3,1,서울특별시 동대문구 제기동 136-325번지
11230,10300,0,0136,0329,,,일반건축물,단독주택,주택,109,0,58.61,19830826,1,0,서울특별시 동대문구 제기동 136-329번지
11230,10300,0,0136,0331,,,일반건축물,단독주택,다가구용 단독주택,195.2,116.37,351.78,20021024,4,0,서울특별시 동대문구 제기동 136-331번지
11230,10300,0,0136,0335,,,일반건축물,단독주택,단독주택,37.2,22.31,44.62,20041201,2,0,서울특별시 동대문구 제기동 136-335번지
11230,10300,0,0136,0336,,,일반건축물,단독주택,단독주택,40,23.88,47.76,20050908,2,0,서울특별시 동대문구 제기동 136-336번지
11230,10300,0,0136,0346,,,일반건축물,단독주택,다가구용단독주택(5가구),122,72.95,199.2,19920323,2,1,서울특별시 동대문구 제기동 136-346번지
11230,10300,0,0136,0351,,,일반건축물,단독주택,단독주택(다가구주택) 외1,107.12,62.49,276.37,19940510,4,1,서울특별시 동대문구 제기동 136-351번지
11230,10300,0,0136,0352,,,일반건축물,단독주택,단독주택(다중주택),127.85,72.37,212.86,20160111,3,0,서울특별시 동대문구 제기동 136-352번지
11230,10300,0,0136,0355,,,일반건축물,단독주택,주택,136,0,78.98,19850629,1,0,서울특별시 동대문구 제기동 136-355번지
11230,10300,0,0137,0002,,,일반건축물,종교시설,사택,0,0,36.36,,1,0,서울특별시 동대문구 제기동 137-2번지
11230,10300,0,0137,0002,,,일반건축물,단독주택,주택,0,0,57.19,,1,0,서울특별시 동대문구 제기동 137-2번지
11230,10300,0,0137,0002,,,일반건축물,단독주택,주택,0,0,34.51,19581230,1,0,서울특별시 동대문구 제기동 137-2번지
11230,10300,0,0137,0003,,,일반건축물,제1종근린생활시설,"근린생활시설, 단독주택(1가구)",90.11,53.94,265.89,19960705,4,1,서울특별시 동대문구 제기동 137-3번지
11230,10300,0,0137,0005,,,일반건축물,단독주택,"근린생활시설, 다가구용단독주택(2가구)",51.4,31.87,157.7,19931208,4,1,서울특별시 동대문구 제기동 137-5번지
11230,10300,0,0137,0006,,,일반건축물,단독주택,다가구용단독주택(3가구),54.85,34.72,126,19951016,3,1,서울특별시 동대문구 제기동 137-6번지
11230,10300,0,0137,0007,형준빌딩,,일반건축물,단독주택,"다가구주택, 근린생활시설",298.5,174.47,595.52,20190131,5,0,서울특별시 동대문구 제기동 137-7번지
11230,10300,0,0137,0009,,,일반건축물,단독주택,다중주택,72.64,52.7,194.01,19980311,3,1,서울특별시 동대문구 제기동 137-9번지
11230,10300,0,0137,0010,,,일반건축물,단독주택,"근린생활시설, 주택(2가구)",151,87.53,298.81,19931124,3,1,서울특별시 동대문구 제기동 137-10번지
11230,10300,0,0137,0012,류소나무,,일반건축물,제2종근린생활시설,다중생활시설,155.7,82.12,311.07,20160530,6,0,서울특별시 동대문구 제기동 137-12번지
11230,10300,0,0137,0015,,,일반건축물,제1종근린생활시설,"주택, 점포",0,0,163.74,19681230,2,1,서울특별시 동대문구 제기동 137-15번지
11230,10300,0,0137,0016,,,일반건축물,제1종근린생활시설,"주택, 근린생활시설",0,0,323.66,19830117,3,1,서울특별시 동대문구 제기동 137-16번지
11230,10300,0,0137,0016,,,일반건축물,제1종근린생활시설,"주택, 근린생활시설",0,0,302.74,19830117,3,1,서울특별시 동대문구 제기동 137-16번지
11230,10300,0,0137,0018,,,일반건축물,제2종근린생활시설,"근린생활시설,문화및집회시",155,87.12,310.86,19941214,3,1,서울특별시 동대문구 제기동 137-18번지
11230,10300,0,0137,0019,,,일반건축물,제1종근린생활시설,근린생활시설,0,0,164.84,19680610,2,0,서울특별시 동대문구 제기동 137-19번지
11230,10300,0,0137,0020,,,일반건축물,제2종근린생활시설,"제2종근린생활시설,제1종근린생활시설",228,115.96,311.22,20031015,3,0,서울특별시 동대문구 제기동 137-20번지
11230,10300,0,0137,0022,,,일반건축물,제1종근린생활시설,근린생활시설,0,0,39.66,19361020,1,0,서울특별시 동대문구 제기동 137-22번지
11230,10300,0,0137,0024,,,일반건축물,제1종근린생활시설,"근린생활시설,단독주택",152,85.57,357.85,19960711,4,1,서울특별시 동대문구 제기동 137-24번지
11230,10300,0,0137,0025,고려빌라,,표제부,공동주택,연립주택 외2,628.05,376.79,2161.19,20060823,5,1,서울특별시 동대문구 제기동 137-25번지
11230,10300,0,0137,0030,,,일반건축물,단독주택,단독주택(1가구)외 2,85.1,49.91,199.64,19961210,4,0,서울특별시 동대문구 제기동 137-30번지
11230,10300,0,0137,0031,,,일반건축물,단독주택,"근린생활시설, 단독주택",92.8,55.06,239.65,19970407,5,0,서울특별시 동대문구 제기동 137-31번지
11230,10300,0,0137,0033,,,일반건축물,단독주택,주택,0,0,28.43,,1,0,서울특별시 동대문구 제기동 137-33번지
11230,10300,0,0137,0034,,,일반건축물,제2종근린생활시설,근린생활시설,0,0,29.43,19360320,1,0,서울특별시 동대문구 제기동 137-34번지
11230,10300,0,0137,0037,,,일반건축물,제2종근린생활시설,근린생활시설,53.37,39.68,216.21,19970306,5,1,서울특별시 동대문구 제기동 137-37번지
11230,10300,0,0137,0038,,,일반건축물,제1종근린생활시설,제1종근린생활시설 외2,126.55,75.33,359.7,19960925,4,1,서울특별시 동대문구 제기동 137-38번지
11230,10300,0,0137,0039,,,일반건축물,제2종근린생활시설,근린생활시설,0,0,33.05,19370409,1,0,서울특별시 동대문구 제기동 137-39번지
11230,10300,0,0137,0040,,,일반건축물,제1종근린생활시설,"소매점, 점포",0,0,94.72,,1,0,서울특별시 동대문구 제기동 137-40번지
11230,10300,0,0137,0041,,,일반건축물,제2종근린생활시설,근린생활시설,304.87,182.46,1095.88,19941031,5,1,서울특별시 동대문구 제기동 137-41번지
11230,10300,0,0137,0045,,,일반건축물,제2종근린생활시설,제2종근린생활시설외1,145,136.33,395.1,19611001,3,0,서울특별시 동대문구 제기동 137-45번지
11230,10300,0,0137,0046,,,일반건축물,제1종근린생활시설,점포 외1,0,0,336.66,19650604,3,0,서울특별시 동대문구 제기동 137-46번지
11230,10300,0,0137,0046,,,일반건축물,제2종근린생활시설,제2종근린생활시설,0,0,33.06,,1,0,서울특별시 동대문구 제기동 137-46번지
11230,10300,0,0137,0054,,,일반건축물,단독주택,주택,0,0,16.52,,1,0,서울특별시 동대문구 제기동 137-54번지
11230,10300,0,0137,0056,,,일반건축물,단독주택,주택,0,0,39.6,19550307,1,0,서울특별시 동대문구 제기동 137-56번지
11230,10300,0,0137,0057,,,일반건축물,단독주택,"주택, 근린생활시설",0,0,26.45,,1,0,서울특별시 동대문구 제기동 137-57번지
11230,10300,0,0137,0058,,,일반건축물,단독주택,주택,0,0,122.21,19820725,2,1,서울특별시 동대문구 제기동 137-58번지
11230,10300,0,0137,0060,,,일반건축물,단독주택,주택 외 2,0,0,157.56,19730831,1,0,서울특별시 동대문구 제기동 137-60번지
11230,10300,0,0137,0061,,,일반건축물,단독주택,주택,0,0,52.89,,1,0,서울특별시 동대문구 제기동 137-61번지
11230,10300,0,0137,0062,,,일반건축물,단독주택,주택,0,0,39.66,19610800,1,0,서울특별시 동대문구 제기동 137-62번지
11230,10300,0,0137,0063,,,일반건축물,단독주택,주택,0,0,23.14,19391201,1,0,서울특별시 동대문구 제기동 137-63번지
11230,10300,0,0137,0063,,,일반건축물,제2종근린생활시설,근린생활시설,66,0,42.96,19650101,1,0,서울특별시 동대문구 제기동 137-63번지
11230,10300,0,0137,0064,,,일반건축물,단독주택,주택,0,0,26.44,19380730,1,0,서울특별시 동대문구 제기동 137-64번지
11230,10300,0,0137,0065,,,일반건축물,제1종근린생활시설,제1종근린생활시설 외1,145,67.89,275.28,19900309,3,1,서울특별시 동대문구 제기동 137-65번지
11230,10300,0,0137,0066,,,일반건축물,제1종근린생활시설,근린생활시설외 1,207.02,0,509.28,19890825,4,1,서울특별시 동대문구 제기동 137-66번지
11230,10300,0,0137,0068,,,일반건축물,제1종근린생활시설,"주택, 점포",0,0,159.82,19341224,2,0,서울특별시 동대문구 제기동 137-68번지
11230,10300,0,0137,0068,,,일반건축물,단독주택,주택,0,0,19.83,19380310,1,0,서울특별시 동대문구 제기동 137-68번지
11230,10300,0,0137,0069,,,일반건축물,제2종근린생활시설,"근린생활시설, 주택",93,55.39,279.65,19961105,4,1,서울특별시 동대문구 제기동 137-69번지
11230,10300,0,0137,0071,,,일반건축물,단독주택,"근린생활시설, 단독주택",48,37.97,183.98,19951009,4,1,서울특별시 동대문구 제기동 137-71번지
11230,10300,0,0137,0072,,,일반건축물,제1종근린생활시설,"근린생활시설, 단독주택",100,59.72,238.07,19960117,4,1,서울특별시 동대문구 제기동 137-72번지
11230,10300,0,0137,0075,,,일반건축물,제2종근린생활시설,제2종근린생활시설,61,36.01,108.03,20200203,3,0,서울특별시 동대문구 제기동 137-75번지
11230,10300,0,0137,0078,루프 제기 031,,일반건축물,공동주택,공동주택 및 제2종근린생활시설,522.75,238.86,876.46,20021206,5,0,서울특별시 동대문구 제기동 137-78번지
11230,10300,0,0137,0079,,,일반건축물,단독주택,주택,0,0,56.19,,1,0,서울특별시 동대문구 제기동 137-79번지
11230,10300,0,0137,0080,,,일반건축물,단독주택,주택,0,0,23.14,19360310,1,0,서울특별시 동대문구 제기동 137-80번지
11230,10300,0,0137,0081,,,일반건축물,제2종근린생활시설,근린생활시설,0,0,45.65,19650109,1,0,서울특별시 동대문구 제기동 137-81번지
11230,10300,0,0137,0082,,,일반건축물,제2종근린생활시설,근린생활시설,0,0,54.9,19651020,1,0,서울특별시 동대문구 제기동 137-82번지
11230,10300,0,0137,0083,,,일반건축물,제1종근린생활시설,근린생활시설,0,0,29.04,19850629,1,0,서울특별시 동대문구 제기동 137-83번지
11230,10300,0,0137,0087,,,일반건축물,단독주택,주택,0,0,36.36,19550930,1,0,서울특별시 동대문구 제기동 137-87번지
11230,10300,0,0137,0089,,,일반건축물,제1종근린생활시설,점포,0,0,151.76,19611221,3,1,서울특별시 동대문구 제기동 137-89번지
11230,10300,0,0137,0090,데이즈,,일반건축물,제2종근린생활시설,사무소,0,0,48.92,,1,1,서울특별시 동대문구 제기동 137-90번지
11230,10300,0,0137,0091,,,일반건축물,제1종근린생활시설,점포,0,0,152.06,19680901,2,0,서울특별시 동대문구 제기동 137-91번지
11230,10300,0,0137,0094,,,표제부,제2종근린생활시설,"점포, 근린생활시설(대중음식점), 병원",0,0,431.78,19651201,3,0,서울특별시 동대문구 제기동 137-94번지
11230,10300,0,0137,0095,,,일반건축물,제2종근린생활시설,영업,0,0,66.51,,1,0,서울특별시 동대문구 제기동 137-95번지
11230,10300,0,0137,0096,,,일반건축물,단독주택,주택,0,0,52.88,,1,0,서울특별시 동대문구 제기동 137-96번지
11230,10300,0,0137,0096,,,일반건축물,단독주택,주택,0,0,26.44,,1,0,서울특별시 동대문구 제기동 137-96번지
11230,10300,0,0137,0097,KEBY타워,,표제부,공동주택,공동주택,0,125.87,385.1,20171206,5,0,서울특별시 동대문구 제기동 137-97번지
11230,10300,0,0137,0097,KEBY타워,,표제부,공동주택,공동주택,0,186.09,1110.14,20171206,6,1,서울특별시 동대문구 제기동 137-97번지
11230,10300,0,0137,0100,,,일반건축물,단독주택,주택,0,0,29.75,,1,0,서울특별시 동대문구 제기동 137-100번지
11230,10300,0,0137,0101,,,일반건축물,단독주택,주택,0,0,28.76,,1,0,서울특별시 동대문구 제기동 137-101번지
11230,10300,0,0137,0102,,,일반건축물,단독주택,"단독주택, 단독주택",131,76.65,119.89,19980912,2,0,서울특별시 동대문구 제기동 137-102번지
11230,10300,0,0137,0103,,,일반건축물,단독주택,주택,0,0,26.45,,1,0,서울특별시 동대문구 제기동 137-103번지
11230,10300,0,0137,0103,,,일반건축물,단독주택,창고,0,0,14.04,19661001,1,0,서울특별시 동대문구 제기동 137-103번지
11230,10300,0,0137,0106,,,일반건축물,단독주택,단독주택,84.05,45.92,119.73,20020828,3,0,서울특별시 동대문구 제기동 137-106번지
11230,10300,0,0137,0108,,,일반건축물,단독주택,주택,0,0,38.18,19571015,1,0,서울특별시 동대문구 제기동 137-108번지
11230,10300,0,0137,0110,,,일반건축물,단독주택,주택,0,0,80.61,19611228,2,0,서울특별시 동대문구 제기동 137-110번지
11230,10300,0,0137,0111,,,일반건축물,단독주택,주택,0,0,59.5,,1,0,서울특별시 동대문구 제기동 137-111번지
11230,10300,0,0137,0111,,,일반건축물,단독주택,주택,0,0,42.89,19760401,1,0,서울특별시 동대문구 제기동 137-111번지
11230,10300,0,0137,0112,,,일반건축물,단독주택,주택,0,0,47.6,,1,0,서울특별시 동대문구 제기동 137-112번지
11230,10300,0,0137,0113,,,일반건축물,제1종근린생활시설,근린생활시설(점포),0,0,36.36,,1,0,서울특별시 동대문구 제기동 137-113번지
11230,10300,0,0137,0117,,,일반건축물,제1종근린생활시설,근린생활시설외1,0,0,352,,4,0,서울특별시 동대문구 제기동 137-117번지
11230,10300,0,0137,0117,,,일반건축물,제1종근린생활시설,근린생활시설,0,0,39.67,,1,0,서울특별시 동대문구 제기동 137-117번지
11230,10300,0,0137,0122,,,일반건축물,제1종근린생활시설,(소매점)제2종근린생활시설(사무소),0,0,322.32,19670901,3,0,서울특별시 동대문구 제기동 137-122번지
11230,10300,0,0137,0123,쉐어하우스,,일반건축물,단독주택,"단독주택(다중주택), 근린생활시설",42,25.19,72.59,20200724,4,0,서울특별시 동대문구 제기동 137-123번지
11230,10300,0,0137,0125,,,일반건축물,단독주택,"단독주택(다가구주택), 근린생활시설",134.04,59.76,209.36,20080609,4,0,서울특별시 동대문구 제기동 137-125번지
11230,10300,0,0137,0126,,,일반건축물,단독주택,"주택, 점포",0,0,224.76,19711014,2,1,서울특별시 동대문구 제기동 137-126번지
11230,10300,0,0137,0127,,,일반건축물,단독주택,주택,0,0,21.49,,1,0,서울특별시 동대문구 제기동 137-127번지
11230,10300,0,0137,0128,,,일반건축물,제2종근린생활시설,제2종근린생활시설,0,0,49.58,19380920,1,0,서울특별시 동대문구 제기동 137-128번지
11230,10300,0,0137,0130,,,일반건축물,제2종근린생활시설,"영업,근린생활시설",0,0,396.69,,3,0,서울특별시 동대문구 제기동 137-130번지
11230,10300,0,0137,0131,,,일반건축물,제2종근린생활시설,근린생활시설,0,0,425.13,19670415,4,1,서울특별시 동대문구 제기동 137-131번지
11230,10300,0,0137,0132,,,일반건축물,단독주택,주택,0,0,29.75,,1,0,서울특별시 동대문구 제기동 137-132번지
11230,10300,0,0137,0133,,,일반건축물,단독주택,주택,0,0,16.52,,1,0,서울특별시 동대문구 제기동 137-133번지
11230,10300,0,0137,0134,,,일반건축물,단독주택,단독주택,60,33.6,93.15,19980718,2,1,서울특별시 동대문구 제기동 137-134번지
11230,10300,0,0137,0135,,,일반건축물,단독주택,다가구용단독주택(3가구),93.24,51.75,141.68,19940315,2,1,서울특별시 동대문구 제기동 137-135번지
11230,10300,0,0137,0137,,,일반건축물,제1종근린생활시설,"근린생활시설, 주택(2)",159.84,72.15,280.23,19930714,3,1,서울특별시 동대문구 제기동 137-137번지
11230,10300,0,0137,0138,,,일반건축물,단독주택,다가구용단독주택(4가구),93.34,55.35,149.96,19951215,2,1,서울특별시 동대문구 제기동 137-138번지
11230,10300,0,0137,0139,,,일반건축물,단독주택,주택,0,0,59.49,,1,0,서울특별시 동대문구 제기동 137-139번지
11230,10300,0,0137,0144,,,일반건축물,제2종근린생활시설,제2종근린생활시설(일반음식점),0,0,28.43,,1,0,서울특별시 동대문구 제기동 137-144번지
11230,10300,0,0137,0144,,,일반건축물,단독주택,주택,0,0,19.83,19381030,1,0,서울특별시 동대문구 제기동 137-144번지
11230,10300,0,0137,0144,,,일반건축물,단독주택,주택,0,0,21.16,,1,0,서울특별시 동대문구 제기동 137-144번지
11230,10300,0,0137,0145,,,일반건축물,노유자시설,"노유자시설, 단독주택",327,154.87,859.15,20100209,6,1,서울특별시 동대문구 제기동 137-145번지
11230,10300,0,0137,0147,,,일반건축물,단독주택,주택,0,0,31.41,,1,0,서울특별시 동대문구 제기동 137-147번지
11230,10300,0,0137,0148,,,일반건축물,제1종근린생활시설,제1종근린생활시설,52.03,29.85,29.85,20081210,1,0,서울특별시 동대문구 제기동 137-148번지
11230,10300,0,0137,0149,,,일반건축물,단독주택,단독주택,108.2,61.77,115.4,20000801,2,0,서울특별시 동대문구 제기동 137-149번지
11230,10300,0,0137,0150,,,일반건축물,제2종근린생활시설,제2종근린생활시설,0,0,176.26,19710724,2,0,서울특별시 동대문구 제기동 137-150번지
11230,10300,0,0137,0151,,,일반건축물,단독주택,주택,101.11,0,148.24,19881026,2,1,서울특별시 동대문구 제기동 137-151번지
11230,10300,0,0137,0153,,,일반건축물,제1종근린생활시설,제1종근린생활시설 외1,0,0,1592.13,19851230,4,1,서울특별시 동대문구 제기동 137-153번지
11230,10300,0,0137,0159,,,일반건축물,단독주택,주택,0,0,52.89,,1,0,서울특별시 동대문구 제기동 137-159번지
11230,10300,0,0137,0160,,,일반건축물,제1종근린생활시설,근린생활시설,0,0,66.56,19850629,2,0,서울특별시 동대문구 제기동 137-160번지
11230,10300,0,0137,0161,,,일반건축물,제1종근린생활시설,점포,0,0,23.14,19360120,1,0,서울특별시 동대문구 제기동 137-161번지
11230,10300,0,0137,0162,,,일반건축물,단독주택,주택,0,0,6.61,,1,0,서울특별시 동대문구 제기동 137-162번지
11230,10300,0,0137,0173,,,일반건축물,제2종근린생활시설,제1종근린생활시설외 1,99,77.39,77.39,,1,0,서울특별시 동대문구 제기동 137-173번지
11230,10300,0,0137,0174,,,일반건축물,단독주택,단독주택(다가구주택) 외1,96,93.19,318.69,19681205,4,0,서울특별시 동대문구 제기동 137-174번지
11230,10300,0,0137,0175,,,일반건축물,단독주택,"주택, 근린생활시설",0,0,306.67,19700115,3,1,서울특별시 동대문구 제기동 137-175번지
11230,10300,0,0137,0178,,,일반건축물,단독주택,단독주택,66.42,45.36,134.88,20020823,4,0,서울특별시 동대문구 제기동 137-178번지
11230,10300,0,0137,0180,,,일반건축물,제2종근린생활시설,근린생활시설,0,0,42.97,19360730,1,0,서울특별시 동대문구 제기동 137-180번지
11230,10300,0,0137,0180,,,일반건축물,제2종근린생활시설,영업,0,0,94.76,19651030,3,0,서울특별시 동대문구 제기동 137-180번지
11230,10300,0,0137,0181,,,일반건축물,단독주택,다가구주택,142,83.8,156.62,19730418,2,0,서울특별시 동대문구 제기동 137-181번지
11230,10300,0,0137,0182,,,일반건축물,제1종근린생활시설,"근린생활시설, 주택",178,0,299.86,19901213,3,1,서울특별시 동대문구 제기동 137-182번지
11230,10300,0,0137,0183,,,일반건축물,단독주택,"주택, 점포",0,0,125.15,19730322,2,1,서울특별시 동대문구 제기동 137-183번지
11230,10300,0,0137,0185,,,일반건축물,단독주택,다가구용단독주택(3가구),72,40.94,113.64,19931112,2,1,서울특별시 동대문구 제기동 137-185번지
11230,10300,0,0137,0190,,,일반건축물,제1종근린생활시설,점포,0,0,46.15,19381010,1,0,서울특별시 동대문구 제기동 137-190번지
11230,10300,0,0137,0193,,,일반건축물,제1종근린생활시설,사무실,0,0,75.66,19540203,1,0,서울특별시 동대문구 제기동 137-193번지
11230,10300,0,0137,0199,,,일반건축물,단독주택,"주택, 부속",66,28.76,28.76,19370620,1,0,서울특별시 동대문구 제기동 137-199번지
11230,10300,0,0137,0201,,,일반건축물,제1종근린생활시설,근린생활시설외 2,0,0,514.01,19711019,4,1,서울특별시 동대문구 제기동 137-201번지
11230,10300,0,0137,0202,,,일반건축물,단독주택,다가구용단독주택(6가구),128.7,67.86,198.62,19961108,3,1,서울특별시 동대문구 제기동 137-202번지
11230,10300,0,0137,0204,,,일반건축물,단독주택,주택,0,0,87.27,19680901,1,0,서울특별시 동대문구 제기동 137-204번지
11230,10300,0,0137,0206,,,일반건축물,단독주택,다가구주택 외1,135.7,67.18,224.4,20041026,4,0,서울특별시 동대문구 제기동 137-206번지
11230,10300,0,0137,0210,,,일반건축물,단독주택,주택,0,0,42.98,19401120,1,0,서울특별시 동대문구 제기동 137-210번지
11230,10300,0,0137,0211,,,일반건축물,단독주택,주택,73,0,33.06,19410520,1,0,서울특별시 동대문구 제기동 137-211번지
11230,10300,0,0137,0212,,,일반건축물,단독주택,"다가구용단독주택, 근린생활시설",154.06,91.7,356.15,19960925,4,1,서울특별시 동대문구 제기동 137-212번지
11230,10300,0,0137,0215,,,일반건축물,단독주택,주택,0,0,29.75,19401007,1,0,서울특별시 동대문구 제기동 137-215번지
11230,10300,0,0137,0216,,,일반건축물,단독주택,주택,0,0,36.36,19401020,1,0,서울특별시 동대문구 제기동 137-216번지
11230,10300,0,0137,0221,라테라스빌,,일반건축물,단독주택,다중주택,135.57,81.32,299.58,20171107,3,1,서울특별시 동대문구 제기동 137-221번지
11230,10300,0,0137,0227,,,일반건축물,단독주택,"근린생활시설, 다가구주택(2가구)",89.28,53.19,255.93,19961112,5,0,서울특별시 동대문구 제기동 137-227번지
11230,10300,0,0137,0227,,,일반건축물,단독주택,주택,0,0,29.39,19550323,1,0,서울특별시 동대문구 제기동 137-227번지
11230,10300,0,0137,0227,,,일반건축물,단독주택,주택,0,0,32.07,19590502,1,0,서울특별시 동대문구 제기동 137-227번지
11230,10300,0,0137,0228,,,일반건축물,단독주택,"다가구용단독주택, 근린생활시설",138.35,82.99,387.3,19961123,4,1,서울특별시 동대문구 제기동 137-228번지
11230,10300,0,0137,0231,,,일반건축물,단독주택,단독주택(다가구주택),147.32,88.14,243.56,19931228,3,1,서울특별시 동대문구 제기동 137-231번지
11230,10300,0,0137,0232,예린,,일반건축물,제2종근린생활시설,단독주택,249.8,149.75,494.09,20160530,5,0,서울특별시 동대문구 제기동 137-232번지
11230,10300,0,0137,0234,,,표제부,공동주택,다세대주택,81.6,52.85,142.05,19970912,2,1,서울특별시 동대문구 제기동 137-234번지
11230,10300,0,0137,0235,,,일반건축물,단독주택,다가구주택(3가구),63.76,38.62,106.95,20000907,2,1,서울특별시 동대문구 제기동 137-235번지
11230,10300,0,0137,0249,,,일반건축물,단독주택,"주택, 점포",0,0,52.89,,1,0,서울특별시 동대문구 제기동 137-249번지
11230,10300,0,0137,0250,안암UBF,,일반건축물,종교시설,"종교시설,제2종근린생활시설",575.4,239.05,1439.56,20100802,6,1,서울특별시 동대문구 제기동 137-250번지
11230,10300,0,0137,0251,윤우빌딩,,일반건축물,단독주택,"다가구주택, 근린생활시설",213.78,127.19,420.21,20190131,5,0,서울특별시 동대문구 제기동 137-251번지
11230,10300,0,0137,0253,,,표제부,공동주택,다세대주택,103.12,60.81,228.24,20020204,4,0,서울특별시 동대문구 제기동 137-253번지
11230,10300,0,0137,0256,,,표제부,제2종근린생활시설,"다세대주택,근린생활시설",126,73.41,240.98,20020703,4,0,서울특별시 동대문구 제기동 137-256번지
11230,10300,0,0137,0257,,,일반건축물,제1종근린생활시설,근린생활시설,0,0,25.96,,1,0,서울특별시 동대문구 제기동 137-257번지
11230,10300,0,0137,0258,,,일반건축물,단독주택,다가구주택,218.44,129.79,450.03,19980411,3,1,서울특별시 동대문구 제기동 137-258번지
11230,10300,0,0137,0260,,,일반건축물,제1종근린생활시설,주택,0,0,49.59,,1,0,서울특별시 동대문구 제기동 137-260번지
11230,10300,0,0137,0264,,,일반건축물,단독주택,"근린생활시설, 주택",99.93,66.6,250.16,19840713,3,1,서울특별시 동대문구 제기동 137-264번지
11230,10300,0,0137,0269,,,일반건축물,단독주택,주택,0,0,24.23,19610805,1,0,서울특별시 동대문구 제기동 137-269번지
11230,10300,0,0137,0279,,,일반건축물,단독주택,주택,66,38.34,38.34,,1,0,서울특별시 동대문구 제기동 137-279번지
11230,10300,0,0137,0280,,,일반건축물,단독주택,주택,0,0,66.12,19670601,1,0,서울특별시 동대문구 제기동 137-280번지
11230,10300,0,0137,0281,,,일반건축물,단독주택,다가구용단독주택,71.8,43.22,116.49,19961015,2,1,서울특별시 동대문구 제기동 137-281번지
11230,10300,0,0137,0282,,,일반건축물,단독주택,다가구용단독주택(3가구),100.83,60.16,156.98,19960422,3,0,서울특별시 동대문구 제기동 137-282번지
11230,10300,0,0137,0284,,,일반건축물,단독주택,주택,43,0,22.59,19850131,1,0,서울특별시 동대문구 제기동 137-284번지
11230,10300,0,0137,0294,,,일반건축물,단독주택,주택,0,0,55.07,19651102,1,0,서울특별시 동대문구 제기동 137-294번지
11230,10300,0,0137,0295,,,일반건축물,단독주택,"근린생활시설, 다가구용단독주택",45.18,30.96,110.93,19980630,3,1,서울특별시 동대문구 제기동 137-295번지
11230,10300,0,0137,0296,,,일반건축물,단독주택,다가구용단독주택(3가구),49.5,33.43,84.39,19960222,2,1,서울특별시 동대문구 제기동 137-296번지
11230,10300,0,0137,0297,Urban Blossom,,일반건축물,단독주택,"근린생활시설, 주택",114.08,68.26,299.61,19961226,4,1,서울특별시 동대문구 제기동 137-297번지
11230,10300,0,0137,0307,이스트빌,,일반건축물,단독주택,"다가구주택, 근린생활시설",206.8,123.64,393.53,20200109,5,0,서울특별시 동대문구 제기동 137-307번지
11230,10300,0,0137,0310,,,일반건축물,단독주택,주택,0,0,46.28,,1,0,서울특별시 동대문구 제기동 137-310번지
11230,10300,0,0137,0311,,,일반건축물,단독주택,다중주택,128,76.19,297.41,20180205,3,1,서울특별시 동대문구 제기동 137-311번지
11230,10300,0,0137,0312,,,일반건축물,단독주택,다중주택,120.81,71.23,284.92,20180205,3,1,서울특별시 동대문구 제기동 137-312번지
11230,10300,0,0137,0313,,,일반건축물,단독주택,주택,0,0,33.06,19490701,1,0,서울특별시 동대문구 제기동 137-313번지
11230,10300,0,0137,0316,,,일반건축물,제1종근린생활시설,"근린생활시설, 주택",255.17,127.02,691.42,19921212,5,1,서울특별시 동대문구 제기동 137-316번지
11230,10300,0,0137,0317,,,일반건축물,단독주택,다가구용단독주택(4가구),102.21,66.08,179.46,19930304,2,1,서울특별시 동대문구 제기동 137-317번지
11230,10300,0,0137,0326,,,일반건축물,단독주택,"다가구용단독주택(10가구),근린생활시설(소매점)",208.34,124.66,467.56,19950125,3,1,서울특별시 동대문구 제기동 137-326번지
11230,10300,0,0137,0332,,,일반건축물,단독주택,"다중주택,근린생활시설",218,0,491.89,19891030,4,1,서울특별시 동대문구 제기동 137-332번지
11230,10300,0,0137,0333,,,일반건축물,단독주택,다가구주택 외 1,109,96.55,166.55,19740817,2,0,서울특별시 동대문구 제기동 137-333번지
11230,10300,0,0137,0337,,,일반건축물,단독주택,"다가구주택, 근린생활시설",256.72,140.23,655.13,20020620,4,1,서울특별시 동대문구 제기동 137-337번지
11230,10300,0,0137,0341,,,일반건축물,단독주택,"근린생활시설, 다가구용단독주택(10가구)",248.4,148.35,537.18,19950731,3,1,서울특별시 동대문구 제기동 137-341번지
11230,10300,0,0137,0342,,,일반건축물,단독주택,주택,0,0,30.08,19710630,1,0,서울특별시 동대문구 제기동 137-342번지
11230,10300,0,0137,0343,,,일반건축물,단독주택,단독주택(다가구주택),63,50.13,134.6,20070208,2,1,서울특별시 동대문구 제기동 137-343번지
11230,10300,0,0137,0345,,,일반건축물,단독주택,다가구용단독주택(10가구),200.43,112.01,419.39,19950803,3,1,서울특별시 동대문구 제기동 137-345번지
11230,10300,0,0137,0347,,,일반건축물,단독주택,"2종근린생활시설, 다가구주택(6가구)",278.33,151.65,479.3,20010315,4,0,서울특별시 동대문구 제기동 137-347번지
11230,10300,0,0137,0348,,,일반건축물,단독주택,단독주택,0,0,30.7,19850629,1,0,서울특별시 동대문구 제기동 137-348번지
11230,10300,0,0137,0351,,,일반건축물,단독주택,주택,106,0,50.01,19850312,1,0,서울특별시 동대문구 제기동 137-351번지
11230,10300,0,0137,0352,,,일반건축물,단독주택,다가구주택(8가구),125.3,72.86,265.07,19970806,3,1,서울특별시 동대문구 제기동 137-352번지
11230,10300,0,0137,0353,,,일반건축물,단독주택,주택,0,0,26.51,19710612,1,0,서울특별시 동대문구 제기동 137-353번지
11230,10300,0,0137,0354,,,일반건축물,단독주택,다가구주택,102,58.14,116.21,19611001,3,0,서울특별시 동대문구 제기동 137-354번지
11230,10300,0,0137,0355,,,일반건축물,단독주택,주택,56,0,37.08,19850609,1,0,서울특별시 동대문구 제기동 137-355번지
11230,10300,0,0137,0356,,,일반건축물,단독주택,"다가구주택(6가구), 근린생활시설",136.8,80.2,294.42,19960826,4,1,서울특별시 동대문구 제기동 137-356번지
11230,10300,0,0137,0357,,,일반건축물,제1종근린생활시설,"근린생활시설, 주택(2가구)",64.24,45.54,172.26,19970121,3,1,서울특별시 동대문구 제기동 137-357번지
11230,10300,0,0137,0358,,,일반건축물,단독주택,"다중주택, 근린생활시설",143,85.17,284.9,20180104,5,0,서울특별시 동대문구 제기동 137-358번지
11230,10300,0,0137,0359,,,일반건축물,단독주택,"근린생활시설, 다가구단독주택(3가구)",76.05,50.39,140.67,19950918,2,1,서울특별시 동대문구 제기동 137-359번지
11230,10300,0,0137,0362,,,표제부,공동주택,연립주택,474,195.7,458.85,19790830,2,1,서울특별시 동대문구 제기동 137-362번지
11230,10300,0,0137,0365,다온 하우스,,표제부,공동주택,다세대주택,220,126.03,439.93,20160302,5,0,서울특별시 동대문구 제기동 137-365번지
11230,10300,0,0137,0367,,,일반건축물,단독주택,주택,0,0,58.22,19600810,1,0,서울특별시 동대문구 제기동 137-367번지
11230,10300,0,0137,0369,,,일반건축물,제1종근린생활시설,"주택, 근린생활시설",0,0,543.58,19810921,4,1,서울특별시 동대문구 제기동 137-369번지
11230,10300,0,0137,0370,,,일반건축물,단독주택,"주택, 근린생활시설",0,0,345.26,19810617,2,1,서울특별시 동대문구 제기동 137-370번지
11230,10300,0,0137,0371,1,,표제부,공동주택,다세대주택(9세대),315,150.14,627.83,20010927,4,1,서울특별시 동대문구 제기동 137-371번지
11230,10300,0,0137,0374,,,일반건축물,단독주택,다가구용단독주택(5가구),84.52,53.73,130.41,19950508,2,1,서울특별시 동대문구 제기동 137-374번지
11230,10300,0,0137,0377,,,일반건축물,단독주택,주택,0,0,105.79,19681020,2,0,서울특별시 동대문구 제기동 137-377번지
11230,10300,0,0137,0379,제기동 주택 및 근생,,일반건축물,제2종근린생활시설,제2종근린생활시설외 1,40,21.9,52.37,20080215,3,0,서울특별시 동대문구 제기동 137-379번지
11230,10300,0,0137,0382,,,일반건축물,제1종근린생활시설,"근린생활시설, 주택",216.97,108.29,491.52,19911217,4,1,서울특별시 동대문구 제기동 137-382번지
11230,10300,0,0137,0383,,,일반건축물,단독주택,다가구용단독주택(4가구),63.72,0,106.33,19930120,2,1,서울특별시 동대문구 제기동 137-383번지
11230,10300,0,0137,0384,,,일반건축물,단독주택,주택,0,0,29.75,19491210,1,0,서울특별시 동대문구 제기동 137-384번지
11230,10300,0,0137,0389,신용두파출소,,일반건축물,제1종근린생활시설,파출소,0,0,59.4,19680319,2,0,서울특별시 동대문구 제기동 137-389번지
11230,10300,0,0137,0392,,,일반건축물,단독주택,주택,0,0,53.62,19600430,1,0,서울특별시 동대문구 제기동 137-392번지
11230,10300,0,0137,0396,,,일반건축물,단독주택,다가구용단독주택(5가구),135.79,78.09,214.47,19931207,2,1,서울특별시 동대문구 제기동 137-396번지
11230,10300,0,0137,0397,,,일반건축물,단독주택,"근린생활시설, 주택",76.49,52.46,155.07,20000421,3,0,서울특별시 동대문구 제기동 137-397번지
11230,10300,0,0137,0398,,,일반건축물,단독주택,다가구용단독주택(5가구),100.7,0,199.83,19930218,3,1,서울특별시 동대문구 제기동 137-398번지
11230,10300,0,0137,0399,,,일반건축물,단독주택,다가구용단독주택(3가구),76,45.45,142.95,19940222,3,1,서울특별시 동대문구 제기동 137-399번지
11230,10300,0,0137,0400,,,일반건축물,단독주택,다가구용단독주택(5가구),80.72,53.94,161.98,19970910,3,1,서울특별시 동대문구 제기동 137-400번지
11230,10300,0,0137,0401,,,일반건축물,단독주택,다가구주택(5가구),80.31,53.33,118.86,19940726,2,1,서울특별시 동대문구 제기동 137-401번지
11230,10300,0,0137,0404,,,일반건축물,단독주택,다가구용단독주택(4가구),82.53,49.32,180.7,19920831,3,1,서울특별시 동대문구 제기동 137-404번지
11230,10300,0,0137,0405,,,일반건축물,단독주택,다가구용단독주택(4가구),90.9,53.35,149.88,19921211,2,1,서울특별시 동대문구 제기동 137-405번지
11230,10300,0,0137,0416,,,표제부,공동주택,"공동주택, 근린생활시설",202.6,108.71,394.31,20171101,5,0,서울특별시 동대문구 제기동 137-416번지
11230,10300,0,0137,0417,,,일반건축물,단독주택,"주택, 점포",0,0,137.4,19850629,2,1,서울특별시 동대문구 제기동 137-417번지
11230,10300,0,0137,0418,,,일반건축물,단독주택,단독주택 외 1,86,67.24,128.45,,2,0,서울특별시 동대문구 제기동 137-418번지
11230,10300,0,0137,0422,,,일반건축물,제1종근린생활시설,제1종근린생활시설(소매점),0,0,49.59,,1,0,서울특별시 동대문구 제기동 137-422번지
11230,10300,0,0137,0423,,,일반건축물,제1종근린생활시설,"제1종,제2종근린생활시설",114,103.01,396.43,19710515,3,1,서울특별시 동대문구 제기동 137-423번지
11230,10300,0,0137,0424,,,일반건축물,제1종근린생활시설,근린생활시설,106,69.29,69.29,,1,0,서울특별시 동대문구 제기동 137-424번지
11230,10300,0,0137,0425,,,일반건축물,제1종근린생활시설,점포,0,0,59.77,,1,0,서울특별시 동대문구 제기동 137-425번지
11230,10300,0,0137,0426,,,일반건축물,제1종근린생활시설,점포,0,0,152.06,19630507,2,0,서울특별시 동대문구 제기동 137-426번지
11230,10300,0,0137,0433,,,일반건축물,제2종근린생활시설,제2종근린생활시설,0,0,81.65,19611130,1,0,서울특별시 동대문구 제기동 137-433번지
11230,10300,0,0137,0436,,,일반건축물,제1종근린생활시설,점포,33.05,0,32.08,19830504,1,0,서울특별시 동대문구 제기동 137-436번지
11230,10300,0,0137,0437,,,일반건축물,제1종근린생활시설,점포,0,0,121,19690304,2,0,서울특별시 동대문구 제기동 137-437번지
11230,10300,0,0137,0455,,,일반건축물,단독주택,주택,0,0,57.19,19570510,1,0,서울특별시 동대문구 제기동 137-455번지
11230,10300,0,0137,0465,,,일반건축물,단독주택,"주택, 점포",0,0,178.5,19700924,3,0,서울특별시 동대문구 제기동 137-465번지
11230,10300,0,0137,0477,,,일반건축물,단독주택,"점포, 주택",0,0,133.91,19700730,3,0,서울특별시 동대문구 제기동 137-477번지
11230,10300,0,0137,0487,,,일반건축물,단독주택,주택,0,0,34.51,19641029,1,0,서울특별시 동대문구 제기동 137-487번지
11230,10300,0,0137,0506,정원,,일반건축물,단독주택,"다가구주택, 사무소",287.1,167.44,573.85,20161122,5,0,서울특별시 동대문구 제기동 137-506번지
11230,10300,0,0137,0507,,,일반건축물,단독주택,주택,0,0,46.71,19650702,1,0,서울특별시 동대문구 제기동 137-507번지
11230,10300,0,0137,0510,,,일반건축물,제1종근린생활시설,제1종근린생활시설,117.27,67.5,67.5,20220425,1,0,서울특별시 동대문구 제기동 137-510번지
11230,10300,0,0137,0512,,,일반건축물,단독주택,단독주택(다가구주택),139,80.07,309.28,19940127,4,1,서울특별시 동대문구 제기동 137-512번지
11230,10300,0,0137,0514,,,일반건축물,단독주택,다가구주택(3가구),67.97,41.01,114.82,19970707,2,1,서울특별시 동대문구 제기동 137-514번지
11230,10300,0,0137,0544,,,일반건축물,제2종근린생활시설,근린생활시설,0,0,33.06,,1,0,서울특별시 동대문구 제기동 137-544번지
11230,10300,0,0137,0650,,,표제부,업무시설,"오피스텔, 도시형생활주택",382.3,370.18,1247.64,20191212,9,1,서울특별시 동대문구 제기동 137-650번지
11230,10300,0,0138,0003,태양빌리지,,표제부,공동주택,공동주택 외1,367.2,192.75,733,20150908,5,0,서울특별시 동대문구 제기동 138-3번지
11230,10300,0,0138,0005,,,일반건축물,단독주택,단독주택(다중주택),89.8,53.65,160.95,20110902,3,0,서울특별시 동대문구 제기동 138-5번지
11230,10300,0,0138,0009,에코빌딩,,일반건축물,제2종근린생활시설,근린생활시설 외1,205,119.18,408.69,20151028,5,0,서울특별시 동대문구 제기동 138-9번지
11230,10300,0,0138,0010,하이캐슬,,일반건축물,단독주택,"단독주택(다중주택),근린생활시설",110.48,64.68,220.45,20200107,5,0,서울특별시 동대문구 제기동 138-10번지
11230,10300,0,0138,0011,,,일반건축물,단독주택,"제2종근린생활시설,다가구주택",129.09,57.49,172.47,20081008,3,0,서울특별시 동대문구 제기동 138-11번지
11230,10300,0,0138,0012,,,일반건축물,단독주택,"근린생활시설, 단독주택",77.85,45.47,135.16,20020822,3,0,서울특별시 동대문구 제기동 138-12번지
11230,10300,0,0138,0013,,,일반건축물,단독주택,"점포, 주택",96,93.75,214.03,19640514,3,0,서울특별시 동대문구 제기동 138-13번지
11230,10300,0,0138,0014,,,일반건축물,단독주택,단독주택(다가구주택) 외2,91.22,54.12,194.16,19931229,3,1,서울특별시 동대문구 제기동 138-14번지
11230,10300,0,0138,0019,,,일반건축물,제2종근린생활시설,영업,0,0,130.49,,3,0,서울특별시 동대문구 제기동 138-19번지
11230,10300,0,0139,0000,,,일반건축물,단독주택,주택,0,0,24.83,19580410,1,0,서울특별시 동대문구 제기동 139번지
11230,10300,0,0139,0001,,,일반건축물,단독주택,"주택, 근린생활시설",200.53,0,383.22,19841013,3,1,서울특별시 동대문구 제기동 139-1번지
11230,10300,0,0139,0003,,,일반건축물,제2종근린생활시설,근린생활시설,0,0,39.67,19390520,1,0,서울특별시 동대문구 제기동 139-3번지
11230,10300,0,0139,0007,,,일반건축물,제2종근린생활시설,제2종근린생활시설 외1,225,99.17,99.17,19390520,1,0,서울특별시 동대문구 제기동 139-7번지
11230,10300,0,0139,0008,,,일반건축물,제2종근린생활시설,제2종근린생활시설,116,55.97,312.9,20041019,6,0,서울특별시 동대문구 제기동 139-8번지
11230,10300,0,0139,0009,,,일반건축물,단독주택,"근린생활시설, 다가구용단독주택(3)",119.2,70.85,189.85,19961213,2,1,서울특별시 동대문구 제기동 139-9번지
11230,10300,0,0139,0010,,,일반건축물,단독주택,주택,0,0,19.83,,1,0,서울특별시 동대문구 제기동 139-10번지
11230,10300,0,0139,0011,,,일반건축물,단독주택,"근린생활시설, 주택",89,52.58,255.97,19961021,4,1,서울특별시 동대문구 제기동 139-11번지
11230,10300,0,0139,0012,,,일반건축물,제2종근린생활시설,근린생활시설,0,0,53.55,19600305,1,0,서울특별시 동대문구 제기동 139-12번지
11230,10300,0,0140,0001,,,일반건축물,단독주택,주택,0,0,42.98,,1,0,서울특별시 동대문구 제기동 140-1번지
11230,10300,0,0140,0002,,,일반건축물,단독주택,주택,0,0,39.67,,1,0,서울특별시 동대문구 제기동 140-2번지
11230,10300,0,0140,0003,,,일반건축물,제1종근린생활시설,점포,0,0,26.45,19710820,1,0,서울특별시 동대문구 제기동 140-3번지
11230,10300,0,0140,0004,,,일반건축물,단독주택,주택,0,0,40.03,19600921,1,0,서울특별시 동대문구 제기동 140-4번지
11230,10300,0,0140,0005,,,일반건축물,단독주택,주택,0,0,33.06,19651003,1,0,서울특별시 동대문구 제기동 140-5번지
11230,10300,0,0142,0001,,,일반건축물,단독주택,주택,0,0,23.14,,1,0,서울특별시 동대문구 제기동 142-1번지
11230,10300,0,0142,0001,,,일반건축물,단독주택,주택,0,0,19.83,,1,0,서울특별시 동대문구 제기동 142-1번지
11230,10300,0,0142,0003,,,일반건축물,제1종근린생활시설,제2종근린생활시설 외1,304,149.4,596.55,19840813,3,1,서울특별시 동대문구 제기동 142-3번지
11230,10300,0,0142,0008,,,일반건축물,제2종근린생활시설,제2종근린생활시설,0,0,226.44,19690930,2,0,서울특별시 동대문구 제기동 142-8번지
11230,10300,0,0142,0012,,,일반건축물,제1종근린생활시설,점포,0,0,72.73,19610705,1,0,서울특별시 동대문구 제기동 142-12번지
11230,10300,0,0142,0016,,,일반건축물,근린생활시설,점포,0,0,268.97,19670823,2,0,서울특별시 동대문구 제기동 142-16번지
11230,10300,0,0142,0022,,,일반건축물,제1종근린생활시설,점포,0,0,93.32,19610705,1,0,서울특별시 동대문구 제기동 142-22번지
11230,10300,0,0144,0001,,,일반건축물,단독주택,주택,0,0,31.77,19600410,1,0,서울특별시 동대문구 제기동 144-1번지
11230,10300,0,0144,0003,,,일반건축물,단독주택,주택,0,0,29.36,19590805,1,0,서울특별시 동대문구 제기동 144-3번지
11230,10300,0,0144,0004,,,일반건축물,단독주택,단독주택(다가구주택),139,82.77,277.7,20230317,4,0,서울특별시 동대문구 제기동 144-4번지
11230,10300,0,0145,0000,,,일반건축물,단독주택,주택,0,0,21.16,,1,0,서울특별시 동대문구 제기동 145번지
11230,10300,0,0145,0002,,,일반건축물,단독주택,주택,0,0,21.16,,1,0,서울특별시 동대문구 제기동 145-2번지
11230,10300,0,0145,0003,,,일반건축물,단독주택,주택,0,0,42.98,,1,0,서울특별시 동대문구 제기동 145-3번지
11230,10300,0,0146,0000,,,일반건축물,단독주택,주택,0,0,43.8,,1,0,서울특별시 동대문구 제기동 146번지
11230,10300,0,0146,0001,,,표제부,공동주택,공동주택,0,0,905.59,19770301,2,1,서울특별시 동대문구 제기동 146-1번지
11230,10300,0,0146,0002,,,일반건축물,단독주택,주택,0,0,20.66,,1,0,서울특별시 동대문구 제기동 146-2번지
11230,10300,0,0146,0004,,,일반건축물,종교시설,교회,0,280.99,902.6,19710803,2,1,서울특별시 동대문구 제기동 146-4번지
11230,10300,0,0146,0004,안암제일교회,,일반건축물,문화및집회시설,문화집회시설(종교집회장),0,267.18,739.68,19710803,2,1,서울특별시 동대문구 제기동 146-4번지
11230,10300,0,0146,0004,안암제일교회,,일반건축물,종교시설,문화 및 집회시설,0,350.93,986.04,20101115,3,1,서울특별시 동대문구 제기동 146-4번지
11230,10300,0,0146,0006,,,일반건축물,단독주택,주택,0,0,99.17,19550915,1,0,서울특별시 동대문구 제기동 146-6번지
11230,10300,0,0146,0010,,,일반건축물,제2종근린생활시설,일반음식점,0,0,522.71,19641210,2,1,서울특별시 동대문구 제기동 146-10번지
11230,10300,0,0146,0011,,,일반건축물,제2종근린생활시설,근린생활시설,250.19,0,586.33,19831214,4,1,서울특별시 동대문구 제기동 146-11번지
11230,10300,0,0146,0013,,,표제부,공동주택,도시형생활주택(원룸형) 외1,126.95,65.37,217.42,20130509,5,0,서울특별시 동대문구 제기동 146-13번지
11230,10300,0,0146,0016,,,일반건축물,단독주택,다가구용단독주택(8가구),175,95.6,368.45,19970821,3,1,서울특별시 동대문구 제기동 146-16번지
11230,10300,0,0146,0017,,,일반건축물,단독주택,단독주택,122,0,201.78,19900725,2,1,서울특별시 동대문구 제기동 146-17번지
11230,10300,0,0146,0019,한강뉴스타,,표제부,공동주택,"오피스텔, 다세대주택",414.11,199.86,986.24,20180704,8,0,서울특별시 동대문구 제기동 146-19번지
11230,10300,0,0146,0020,,,표제부,제1종근린생활시설,영업,0,0,84.3,19670601,3,0,서울특별시 동대문구 제기동 146-20번지
11230,10300,0,0146,0025,,,일반건축물,단독주택,다가구용단독주택(4가구),126.2,62.38,201.06,19910419,2,1,서울특별시 동대문구 제기동 146-25번지
11230,10300,0,0146,0027,,,일반건축물,단독주택,다가구용단독주택(6가구),192.5,104.4,402.05,19920827,3,1,서울특별시 동대문구 제기동 146-27번지
11230,10300,0,0146,0028,안암아크로빌,,표제부,공동주택,"다세대주택, 업무시설(오피스텔), 근린생활시설",377,187.2,1167.08,20171101,7,1,서울특별시 동대문구 제기동 146-28번지
11230,10300,0,0146,0035,,,일반건축물,제2종근린생활시설,"근린생활시설, 단독주택",181.56,90.6,557.45,20161201,7,1,서울특별시 동대문구 제기동 146-35번지
11230,10300,0,0146,0041,케이유글로벌 하우스 오피스텔,,표제부,업무시설,업무시설,443,220.81,1486.87,20210521,8,1,서울특별시 동대문구 제기동 146-41번지
11230,10300,0,0146,0047,,,일반건축물,제1종근린생활시설,점포외1,0,0,431.44,19700924,3,1,서울특별시 동대문구 제기동 146-47번지
11230,10300,0,0146,0058,,,일반건축물,단독주택,주택,0,0,119.67,19670420,2,0,서울특별시 동대문구 제기동 146-58번지
11230,10300,0,0147,0000,,,일반건축물,단독주택,주택,0,0,69.42,,1,0,서울특별시 동대문구 제기동 147번지
11230,10300,0,0147,0000,,,일반건축물,단독주택,주택,0,0,19.04,,1,0,서울특별시 동대문구 제기동 147번지
11230,10300,0,0147,0001,,,일반건축물,단독주택,주택,0,0,42.98,,1,0,서울특별시 동대문구 제기동 147-1번지
11230,10300,0,0147,0002,,,일반건축물,단독주택,주택,0,0,59.17,,1,0,서울특별시 동대문구 제기동 147-2번지
11230,10300,0,0147,0003,,,일반건축물,단독주택,주택,0,0,36.36,19420401,1,0,서울특별시 동대문구 제기동 147-3번지
11230,10300,0,0147,0003,,,일반건축물,단독주택,주택,0,0,19.83,,1,0,서울특별시 동대문구 제기동 147-3번지
11230,10300,0,0147,0053,,,일반건축물,업무시설,"근린생활시설, 업무시설",0,0,1215.73,19871230,5,1,서울특별시 동대문구 제기동 147-53번지
11230,10300,0,0147,0054,,,일반건축물,제1종근린생활시설,점포,0,0,66.91,19611107,2,0,서울특별시 동대문구 제기동 147-54번지
11230,10300,0,0148,0000,,,일반건축물,단독주택,주택,0,0,28.63,19450600,1,0,서울특별시 동대문구 제기동 148번지
11230,10300,0,0148,0000,,,일반건축물,단독주택,주택,0,0,33.06,19371228,1,0,서울특별시 동대문구 제기동 148번지
11230,10300,0,0148,0000,,,일반건축물,단독주택,주택,0,0,33.06,,1,0,서울특별시 동대문구 제기동 148번지
11230,10300,0,0148,0000,,,일반건축물,단독주택,주택,0,0,41.98,,1,0,서울특별시 동대문구 제기동 148번지
11230,10300,0,0148,0000,,,일반건축물,단독주택,주택,0,0,19.83,,1,0,서울특별시 동대문구 제기동 148번지
11230,10300,0,0148,0000,,,일반건축물,단독주택,주택,0,0,12.4,19500615,1,0,서울특별시 동대문구 제기동 148번지
11230,10300,0,0148,0000,,,일반건축물,단독주택,주택,0,0,30.78,19450216,1,0,서울특별시 동대문구 제기동 148번지
11230,10300,0,0148,0000,,,일반건축물,단독주택,주택,0,0,36.36,,1,0,서울특별시 동대문구 제기동 148번지
11230,10300,0,0148,0000,,,일반건축물,단독주택,주택,0,0,36.36,19350916,1,0,서울특별시 동대문구 제기동 148번지
11230,10300,0,0148,0000,,,일반건축물,단독주택,주택,0,0,32.83,19300306,1,0,서울특별시 동대문구 제기동 148번지
11230,10300,0,0148,0000,,,일반건축물,단독주택,주택,0,0,21.16,,1,0,서울특별시 동대문구 제기동 148번지
11230,10300,0,0148,0000,,,일반건축물,단독주택,주택,0,0,28.76,,1,0,서울특별시 동대문구 제기동 148번지
11230,10300,0,0148,0000,,,일반건축물,단독주택,주택,0,0,48.93,,1,0,서울특별시 동대문구 제기동 148번지
11230,10300,0,0148,0000,,,일반건축물,단독주택,주택,0,0,31.74,,1,0,서울특별시 동대문구 제기동 148번지
11230,10300,0,0148,0001,,,일반건축물,단독주택,주택,0,0,23.14,19360310,1,0,서울특별시 동대문구 제기동 148-1번지
11230,10300,0,0148,0001,,,일반건축물,단독주택,주택,0,0,59.5,19360910,1,0,서울특별시 동대문구 제기동 148-1번지
11230,10300,0,0148,0006,,,일반건축물,제2종근린생활시설,제2종근린생활시설,258.38,152.15,619.9,20070827,5,0,서울특별시 동대문구 제기동 148-6번지
11230,10300,0,0148,0009,,,일반건축물,단독주택,"다가구주택(13가구), 근린생활시설",301,180.38,709.64,20010320,4,1,서울특별시 동대문구 제기동 148-9번지
11230,10300,0,0148,0010,,,일반건축물,제2종근린생활시설,"근린생활시설, 단독주택",112.34,60.9,297.18,19950110,4,1,서울특별시 동대문구 제기동 148-10번지
11230,10300,0,0148,0015,,,일반건축물,제2종근린생활시설,제2종근린생활시설외1,221,108.09,635.04,19921216,5,1,서울특별시 동대문구 제기동 148-15번지
11230,10300,0,0148,0016,제기동빌딩,,일반건축물,제2종근린생활시설,"근린생활시설, 다가구주택",236,139.5,676.4,20020621,5,0,서울특별시 동대문구 제기동 148-16번지
11230,10300,0,0148,0017,,,일반건축물,제1종근린생활시설,제1종근린생활시설 외2,238,0,635.98,19900910,4,1,서울특별시 동대문구 제기동 148-17번지
11230,10300,0,0148,0018,삼환빌딩,,일반건축물,제1종근린생활시설,"근린생활시설, 주택",252,123.8,730.07,19901116,6,1,서울특별시 동대문구 제기동 148-18번지
11230,10300,0,0148,0019,,,일반건축물,제2종근린생활시설,제2종근린생활시설,256,127.96,977.95,20111228,7,2,서울특별시 동대문구 제기동 148-19번지
11230,10300,0,0148,0020,,,표제부,공동주택,공동주택(도시형생활주택) 외1,308,153.36,826.98,20130711,6,1,서울특별시 동대문구 제기동 148-20번지
11230,10300,0,0148,0022,제기동K빌딩신축공사,,일반건축물,제1종근린생활시설,제1종근린생활시설,355.5,198.73,1226.67,20021223,6,1,서울특별시 동대문구 제기동 148-22번지
11230,10300,0,0148,0025,,,일반건축물,제2종근린생활시설,제2종근린생활시설 외1,411,243.54,732.69,20000720,4,0,서울특별시 동대문구 제기동 148-25번지
11230,10300,0,0148,0026,,,일반건축물,단독주택,다가구용단독주택(4),212,120.86,399.68,19971125,3,1,서울특별시 동대문구 제기동 148-26번지
11230,10300,0,0148,0027,,,일반건축물,단독주택,다가구용단독주택(6가구),218,129.54,508.53,19960730,3,1,서울특별시 동대문구 제기동 148-27번지
11230,10300,0,0148,0029,,,일반건축물,업무시설,"업무시설, 근린생활시설",671,401.46,2346.21,20020902,6,1,서울특별시 동대문구 제기동 148-29번지
11230,10300,0,0148,0031,,,일반건축물,단독주택,"단독주택,제2종근린생활시설",178.22,106.41,495.82,20030215,4,1,서울특별시 동대문구 제기동 148-31번지
11230,10300,0,0148,0034,,,일반건축물,제2종근린생활시설,제2종근린생활시설 외1,140.5,69.69,348.99,20121012,6,0,서울특별시 동대문구 제기동 148-34번지
11230,10300,0,0148,0041,,,일반건축물,교육연구시설,"근린생활시설, 교육연구시설",306.22,152.22,978,19890715,5,1,서울특별시 동대문구 제기동 148-41번지
11230,10300,0,0148,0042,,,일반건축물,제1종근린생활시설,"근린생활시설, 주택",185.24,0,481.73,19890828,4,1,서울특별시 동대문구 제기동 148-42번지
11230,10300,0,0148,0043,,,일반건축물,제2종근린생활시설,"근린생활시설, 단독주택",158.62,88.47,560.58,19930115,6,1,서울특별시 동대문구 제기동 148-43번지
11230,10300,0,0148,0044,,,일반건축물,단독주택,"다가구주택(3가구),근린생활시설",169.5,100.7,465.5,20030704,5,0,서울특별시 동대문구 제기동 148-44번지
11230,10300,0,0148,0045,,,일반건축물,단독주택,"다가구주택,근린생활시설",148.88,88.32,372.48,19940623,4,1,서울특별시 동대문구 제기동 148-45번지
11230,10300,0,0148,0046,제기동 다세대주택,,표제부,공동주택,다세대주택 외2,134,75.92,354.4,20030117,6,0,서울특별시 동대문구 제기동 148-46번지
11230,10300,0,0148,0050,성금빌딩,,일반건축물,제2종근린생활시설,제2종근린생활시설외 2,210.66,114.94,712.27,20030704,6,1,서울특별시 동대문구 제기동 148-50번지
11230,10300,0,0148,0051,,,일반건축물,제2종근린생활시설,제2종근린생활시설 외2,238,114.4,709.26,19910529,6,1,서울특별시 동대문구 제기동 148-51번지
11230,10300,0,0148,0063,,,일반건축물,제2종근린생활시설,제1종근린생활시설,334,56.96,50.94,19570310,1,0,서울특별시 동대문구 제기동 148-63번지
11230,10300,0,0148,0064,,,일반건축물,제1종근린생활시설,근린생활시설 외1,404,0,1075.56,19910111,4,1,서울특별시 동대문구 제기동 148-64번지
11230,10300,0,0148,0065,,,일반건축물,단독주택,"근린생활시설, 다가구주택(4가구)",224,127.52,501.31,20020115,5,0,서울특별시 동대문구 제기동 148-65번지
11230,10300,0,0148,0070,,,일반건축물,단독주택,다가구주택(3가구),365,0,325.26,19881112,2,1,서울특별시 동대문구 제기동 148-70번지
11230,10300,0,0148,0074,,,일반건축물,제2종근린생활시설,근린생활시설,95.31,56.96,292.54,19960921,4,1,서울특별시 동대문구 제기동 148-74번지
11230,10300,0,0148,0088,,,일반건축물,제2종근린생활시설,제2종근린생활시설외1,0,0,817.95,19800414,3,1,서울특별시 동대문구 제기동 148-88번지
11230,10300,0,0148,0095,,,일반건축물,단독주택,"주택, 다가구주택",176.68,95.31,279.57,19641230,3,1,서울특별시 동대문구 제기동 148-95번지
11230,10300,0,0148,0099,,,일반건축물,단독주택,단독주택 외1,159.24,78.1,321.34,19920620,4,1,서울특별시 동대문구 제기동 148-99번지
11230,10300,0,0148,0115,,,일반건축물,제2종근린생활시설,"근린생활시설, 사무소",0,0,849.86,19821125,5,1,서울특별시 동대문구 제기동 148-115번지
11230,10300,0,0148,0150,,,표제부,공동주택,공동주택,187.37,112.34,561.1,20020808,4,1,서울특별시 동대문구 제기동 148-150번지
11230,10300,0,0149,0004,,,일반건축물,제2종근린생활시설,근린생활시설 외1,382.48,229.18,1050.56,20150709,6,1,서울특별시 동대문구 제기동 149-4번지
11230,10300,0,0149,0008,,,일반건축물,제2종근린생활시설,제2종근린생활시설,446,256.5,1657.2,20060307,5,2,서울특별시 동대문구 제기동 149-8번지
11230,10300,0,0149,0012,새울센스빌,,표제부,공동주택,도시형생활주택-단지형연립주택,422,200.02,843.56,20220228,6,0,서울특별시 동대문구 제기동 149-12번지
11230,10300,0,0150,0000,,,일반건축물,단독주택,주택,0,0,34.35,19600201,1,0,서울특별시 동대문구 제기동 150번지
11230,10300,0,0151,0002,,,일반건축물,단독주택,주택,0,0,36.36,19580714,1,0,서울특별시 동대문구 제기동 151-2번지
11230,10300,0,0151,0008,,,일반건축물,제2종근린생활시설,근린생활시설,127.65,55.93,103.77,19990324,2,0,서울특별시 동대문구 제기동 151-8번지
11230,10300,0,0151,0009,,,일반건축물,단독주택,주택,0,0,33.06,19590910,1,0,서울특별시 동대문구 제기동 151-9번지
11230,10300,0,0153,0000,안암골 벽산아파트,,표제부,공동주택,생활편익시설 외2,0,312.495,898.357,20030613,2,1,서울특별시 동대문구 제기동 153번지
11230,10300,0,0153,0000,안암골 벽산아파트,,표제부,공동주택,아파트,0,581.94,10197.18,20030613,23,0,서울특별시 동대문구 제기동 153번지
11230,10300,0,0153,0000,안암골 벽산아파트,,표제부,공동주택,경비실,0,7.98,7.98,20030613,1,0,서울특별시 동대문구 제기동 153번지
11230,10300,0,0153,0000,안암골 벽산아파트,,표제부,공동주택,아파트,0,665.32,11625.88,20030613,22,0,서울특별시 동대문구 제기동 153번지
11230,10300,0,0153,0000,안암골 벽산아파트,,표제부,공동주택,아파트,0,665.32,9519.16,20030613,18,0,서울특별시 동대문구 제기동 153번지
11230,10300,0,0153,0000,안암골 벽산아파트,,표제부,공동주택,경비실,0,7.98,7.98,20030613,1,0,서울특별시 동대문구 제기동 153번지
11230,10300,0,0153,0000,안암골 벽산아파트,,표제부,공동주택,경비실,0,7.98,7.98,20030613,1,0,서울특별시 동대문구 제기동 153번지
11230,10300,0,0153,0000,안암골 벽산아파트,,표제부,공동주택,생활편익시설 외1,0,332.595,658.125,20030613,2,0,서울특별시 동대문구 제기동 153번지
11230,10300,0,0153,0000,안암골 벽산아파트,,표제부,공동주택,아파트,0,401.56,6631.88,20030613,22,0,서울특별시 동대문구 제기동 153번지
11230,10300,0,0153,0000,안암골 벽산아파트,,표제부,공동주택,아파트,0,581.94,9967.3,20030613,22,0,서울특별시 동대문구 제기동 153번지
11230,10300,0,0153,0000,안암골 벽산아파트,,표제부,공동주택,아파트,0,747.84,13083.14,20030613,22,0,서울특별시 동대문구 제기동 153번지
11230,10300,0,0153,0000,안암골 벽산아파트,,표제부,공동주택,경비실,0,7.98,7.98,20030613,1,0,서울특별시 동대문구 제기동 153번지
11230,10300,0,0153,0000,안암골 벽산아파트,,표제부,공동주택,"관리실,노인정",0,152.14,432,20030613,2,1,서울특별시 동대문구 제기동 153번지
11230,10300,0,0153,0000,안암골 벽산아파트,,표제부,공동주택,아파트,0,516.54,39119.032,20030613,22,3,서울특별시 동대문구 제기동 153번지
11230,10300,0,0153,0000,안암골 벽산아파트,,표제부,공동주택,경비실,0,7.98,7.98,20030613,1,0,서울특별시 동대문구 제기동 153번지
11230,10300,0,0153,0000,안암골 벽산아파트,,표제부,공동주택,보육시설,0,212.27,492.22,20030613,2,1,서울특별시 동대문구 제기동 153번지
11230,10300,0,0154,0000,,,일반건축물,단독주택,주택,0,0,76.03,,1,0,서울특별시 동대문구 제기동 154번지
11230,10300,0,0158,0001,,,표제부,공동주택,다세대주택,198.5,118.93,505.75,20031101,5,0,서울특별시 동대문구 제기동 158-1번지
11230,10300,0,0158,0002,,,일반건축물,제2종근린생활시설,교회,0,0,644.27,19760406,3,1,서울특별시 동대문구 제기동 158-2번지
11230,10300,0,0158,0003,영호주택,,일반건축물,단독주택,단독주택,130,77.94,312.1,20140414,4,0,서울특별시 동대문구 제기동 158-3번지
11230,10300,0,0158,0005,,,일반건축물,단독주택,단독주택,0,0,80,19691031,1,1,서울특별시 동대문구 제기동 158-5번지
11230,10300,0,0158,0006,,,표제부,공동주택,다세대주택,176,104.29,298.08,20080616,4,0,서울특별시 동대문구 제기동 158-6번지
11230,10300,0,0158,0007,,,일반건축물,단독주택,주택,0,0,151.6,19691220,3,1,서울특별시 동대문구 제기동 158-7번지
11230,10300,0,0158,0017,,,일반건축물,단독주택,단독주택(다가구주택),149,74.28,175.8,19750714,2,1,서울특별시 동대문구 제기동 158-17번지
11230,10300,0,0158,0018,,,일반건축물,단독주택,주택,0,0,100.5,19750820,1,1,서울특별시 동대문구 제기동 158-18번지
11230,10300,0,0158,0020,,,일반건축물,단독주택,주택,0,0,157.82,19750628,2,0,서울특별시 동대문구 제기동 158-20번지
11230,10300,0,0158,0021,,,일반건축물,단독주택,주택,0,0,130.38,19750820,1,1,서울특별시 동대문구 제기동 158-21번지
11230,10300,0,0158,0022,아름빌,,표제부,공동주택,"다세대주택,제2종근린생활시설",172,100.66,472.68,20031129,4,1,서울특별시 동대문구 제기동 158-22번지
11230,10300,0,0159,0001,,,일반건축물,단독주택,다가구용단독주택(3가구),85.04,53.94,165.29,19950601,3,1,서울특별시 동대문구 제기동 159-1번지
11230,10300,0,0159,0002,,,일반건축물,단독주택,주택,0,0,40.33,,1,0,서울특별시 동대문구 제기동 159-2번지
11230,10300,0,0160,0002,,,일반건축물,단독주택,주택,0,0,35.7,,1,0,서울특별시 동대문구 제기동 160-2번지
11230,10300,0,0160,0003,,,일반건축물,단독주택,다가구주택,115.13,70.62,197.61,19891113,3,1,서울특별시 동대문구 제기동 160-3번지
11230,10300,0,0160,0004,,,일반건축물,단독주택,다가구용단독주택(4가구),125.12,71.95,264.88,19940621,3,1,서울특별시 동대문구 제기동 160-4번지
11230,10300,0,0160,0006,,,일반건축물,단독주택,"근린생활시설, 다가구용단독주택(2가구)",94.46,56.66,195.7,19941207,3,1,서울특별시 동대문구 제기동 160-6번지
11230,10300,0,0160,0008,,,일반건축물,단독주택,단독주택,54,27.38,66.98,20050601,3,0,서울특별시 동대문구 제기동 160-8번지
11230,10300,0,0160,0009,제기동단독주택및근생,,일반건축물,단독주택,"단독주택,제1종근린생활시설",70.4,42.02,123.48,20031025,3,0,서울특별시 동대문구 제기동 160-9번지
11230,10300,0,0160,0010,,,표제부,공동주택,다세대주택(4세대),216.5,121.92,420.29,20040401,4,0,서울특별시 동대문구 제기동 160-10번지
11230,10300,0,0160,0014,,,일반건축물,단독주택,주택,0,0,28.56,,1,0,서울특별시 동대문구 제기동 160-14번지
11230,10300,0,0161,0005,,,일반건축물,단독주택,주택,0,0,75.57,,1,0,서울특별시 동대문구 제기동 161-5번지
11230,10300,0,0162,0006,,,일반건축물,단독주택,주택,0,0,55.28,19541101,2,0,서울특별시 동대문구 제기동 162-6번지
11230,10300,0,0165,0002,,,일반건축물,단독주택,주택,0,0,26.45,19600325,1,0,서울특별시 동대문구 제기동 165-2번지
11230,10300,0,0165,0006,,,일반건축물,단독주택,주택,0,0,25.16,19570410,1,0,서울특별시 동대문구 제기동 165-6번지
11230,10300,0,0165,0010,,,일반건축물,단독주택,주택,0,0,38.68,19570403,1,0,서울특별시 동대문구 제기동 165-10번지
11230,10300,0,0165,0013,,,일반건축물,단독주택,주택,0,0,33.06,,1,0,서울특별시 동대문구 제기동 165-13번지
11230,10300,0,0165,0014,,,일반건축물,단독주택,주택,0,0,48.93,19560905,1,0,서울특별시 동대문구 제기동 165-14번지
11230,10300,0,0165,0018,,,일반건축물,제1종근린생활시설,소매점,0,17.3,17.3,,1,0,서울특별시 동대문구 제기동 165-18번지
11230,10300,0,0166,0001,,,일반건축물,단독주택,주택,97.66,0,144,19871128,2,1,서울특별시 동대문구 제기동 166-1번지
11230,10300,0,0166,0002,,,일반건축물,단독주택,"주택, 근린생활시설",0,0,105.03,19730220,2,1,서울특별시 동대문구 제기동 166-2번지
11230,10300,0,0166,0003,성원,,일반건축물,단독주택,다가구주택,164.32,97.92,328.58,20180928,5,0,서울특별시 동대문구 제기동 166-3번지
11230,10300,0,0166,0004,,,일반건축물,단독주택,다가구용단독주택(6가구),117.79,70.62,267.78,19930910,3,1,서울특별시 동대문구 제기동 166-4번지
11230,10300,0,0166,0005,,,일반건축물,단독주택,주택,0,0,44.3,19570805,1,0,서울특별시 동대문구 제기동 166-5번지
11230,10300,0,0166,0012,,,일반건축물,단독주택,다가구용단독주택(4가구),72.45,42.9,110.44,19931116,2,1,서울특별시 동대문구 제기동 166-12번지
11230,10300,0,0166,0023,,,일반건축물,단독주택,다가구용단독주택(8가구),122,72.24,287.64,19931116,3,1,서울특별시 동대문구 제기동 166-23번지
11230,10300,0,0167,0000,,,일반건축물,단독주택,주택,0,0,26.55,19580501,1,0,서울특별시 동대문구 제기동 167번지
11230,10300,0,0167,0002,,,일반건축물,단독주택,"다중주택, 소매점",73.76,44.1,147.24,20170424,4,0,서울특별시 동대문구 제기동 167-2번지
11230,10300,0,0167,0003,초롱,,일반건축물,단독주택,단독주택,67,39.81,146.79,20210319,4,0,서울특별시 동대문구 제기동 167-3번지
11230,10300,0,0167,0007,,,일반건축물,단독주택,주택,0,0,66.12,19660708,1,0,서울특별시 동대문구 제기동 167-7번지
11230,10300,0,0167,0007,,,일반건축물,교육연구시설,"종교시설, 교육연구시설",519.28,295.88,1688.78,19981208,5,1,서울특별시 동대문구 제기동 167-7번지
11230,10300,0,0167,0009,,,일반건축물,단독주택,주택,0,0,72.43,19750502,1,1,서울특별시 동대문구 제기동 167-9번지
11230,10300,0,0167,0010,,,일반건축물,단독주택,주택,129,0,204.36,19900625,2,1,서울특별시 동대문구 제기동 167-10번지
11230,10300,0,0167,0011,,,일반건축물,단독주택,다가구주택,118,70.2,222.84,20090302,4,0,서울특별시 동대문구 제기동 167-11번지
11230,10300,0,0167,0012,,,일반건축물,단독주택,주택,159,0,208.32,19900124,2,1,서울특별시 동대문구 제기동 167-12번지
11230,10300,0,0167,0013,,,일반건축물,단독주택,다가구용단독주택(4가구),89,53.28,158.28,19930901,2,1,서울특별시 동대문구 제기동 167-13번지
11230,10300,0,0167,0014,,,일반건축물,단독주택,단독주택외 1,112,66.01,154.89,20090120,3,0,서울특별시 동대문구 제기동 167-14번지
11230,10300,0,0167,0018,,,일반건축물,단독주택,다가구용단독주택(4가구),105.57,58.4,149.18,19931029,2,1,서울특별시 동대문구 제기동 167-18번지
11230,10300,0,0167,0020,,,일반건축물,단독주택,주택,0,0,34.88,19550530,1,0,서울특별시 동대문구 제기동 167-20번지
11230,10300,0,0167,0022,,,일반건축물,단독주택,"근린생활시설, 다가구용단독주택(3가구)",141.6,77.96,219.06,19931005,2,1,서울특별시 동대문구 제기동 167-22번지
11230,10300,0,0167,0023,,,일반건축물,단독주택,다가구주택,92,53.67,184.66,19931026,3,1,서울특별시 동대문구 제기동 167-23번지
11230,10300,0,0167,0039,,,일반건축물,단독주택,다가구용단독주택(5가구),73,43.78,151.06,19931014,3,1,서울특별시 동대문구 제기동 167-39번지
11230,10300,0,0167,0040,,,일반건축물,단독주택,다가구용단독주택,93.66,49.12,119.7,19960902,2,1,서울특별시 동대문구 제기동 167-40번지
11230,10300,0,0167,0041,,,일반건축물,단독주택,다가구용단독주택(3가구),93,50.89,118.86,19970516,2,1,서울특별시 동대문구 제기동 167-41번지
11230,10300,0,0167,0044,,,일반건축물,단독주택,단독주택(다가구주택),76,43.37,139.3,19970516,3,1,서울특별시 동대문구 제기동 167-44번지
11230,10300,0,0167,0045,,,일반건축물,단독주택,다가구용단독주택(4가구),171,44.95,127.07,19940407,3,1,서울특별시 동대문구 제기동 167-45번지
11230,10300,0,0167,0056,,,일반건축물,단독주택,주택,0,0,129.92,19751128,2,1,서울특별시 동대문구 제기동 167-56번지
11230,10300,0,0167,0057,,,일반건축물,단독주택,주택,0,0,114.38,19750806,2,1,서울특별시 동대문구 제기동 167-57번지
11230,10300,0,0167,0071,,,일반건축물,제2종근린생활시설,제2종근린생활시설,109,53.69,190.87,20100630,4,0,서울특별시 동대문구 제기동 167-71번지
11230,10300,0,0170,0000,,,일반건축물,단독주택,주택,0,0,25.32,,1,0,서울특별시 동대문구 제기동 170번지
11230,10300,0,0170,0000,,,일반건축물,단독주택,주택,0,0,64.57,,1,0,서울특별시 동대문구 제기동 170번지
11230,10300,0,0170,0001,제기아트빌,,표제부,공동주택,공동주택,295.03,152.15,584.51,20041229,5,0,서울특별시 동대문구 제기동 170-1번지
11230,10300,0,0170,0003,,,일반건축물,단독주택,단독주택(다가구주택),153.54,85.66,322.9,19950808,4,1,서울특별시 동대문구 제기동 170-3번지
11230,10300,0,0170,0004,,,일반건축물,단독주택,"다중주택, 공동쥐사장",129,75.59,299.49,20160803,3,1,서울특별시 동대문구 제기동 170-4번지
11230,10300,0,0170,0007,영흥아트빌B동,,표제부,공동주택,공동주택,195.82,116.85,400.67,20050303,5,0,서울특별시 동대문구 제기동 170-7번지
11230,10300,0,0170,0009,영흥아트빌A동,,표제부,공동주택,공동주택,193.32,112.79,415.79,20050303,5,0,서울특별시 동대문구 제기동 170-9번지
11230,10300,0,0171,0004,,,일반건축물,단독주택,다가구용단독주택(4가구),159,90.12,244.49,19930706,3,1,서울특별시 동대문구 제기동 171-4번지
11230,10300,0,0171,0005,,,일반건축물,제1종근린생활시설,"근린생활시설, 주택",138.48,69.12,376.8,19930709,4,1,서울특별시 동대문구 제기동 171-5번지
11230,10300,0,0171,0007,시수(SISU) 빌딩,,일반건축물,단독주택,"단독주택(다중주택), 근린생활시설",137,64.63,207.7,20171013,3,1,서울특별시 동대문구 제기동 171-7번지
11230,10300,0,0171,0011,,,일반건축물,단독주택,단독주택(다가구주택),82.2,49.14,82.68,20060922,3,0,서울특별시 동대문구 제기동 171-11번지
11230,10300,0,0171,0012,현웅빌딩,,일반건축물,제1종근린생활시설,근린생활시설,208,119.18,586.32,19980416,4,1,서울특별시 동대문구 제기동 171-12번지
11230,10300,0,0171,0014,,,일반건축물,단독주택,다가구용단독주택(5가구),124.57,62.64,170,19940608,2,1,서울특별시 동대문구 제기동 171-14번지
11230,10300,0,0171,0015,,,일반건축물,단독주택,다가구용단독주택(5가구),103.83,60.32,172.96,19941228,2,1,서울특별시 동대문구 제기동 171-15번지
11230,10300,0,0171,0016,,,일반건축물,단독주택,다가구용단독주택(5가구),101.05,59.52,153.62,19940408,2,1,서울특별시 동대문구 제기동 171-16번지
11230,10300,0,0171,0017,,,일반건축물,단독주택,다가구용단독주택(4가구),94.83,56.07,190.15,19940930,3,1,서울특별시 동대문구 제기동 171-17번지
11230,10300,0,0171,0018,,,일반건축물,단독주택,다가구용단독주택(4가구),103.25,61.29,173.67,19940311,2,1,서울특별시 동대문구 제기동 171-18번지
11230,10300,0,0171,0019,,,일반건축물,단독주택,다중주택,84,49.88,189.08,20190220,3,1,서울특별시 동대문구 제기동 171-19번지
11230,10300,0,0171,0020,,,일반건축물,단독주택,단독주택(다중주택),83,46.29,165.51,20150813,3,1,서울특별시 동대문구 제기동 171-20번지
11230,10300,0,0171,0021,,,일반건축물,단독주택,다가구용단독주택(4가구),86.81,52.74,147.74,19931224,2,1,서울특별시 동대문구 제기동 171-21번지
11230,10300,0,0171,0022,,,일반건축물,단독주택,다가구용단독주택(4가구),83.55,53.64,149.89,19930914,2,1,서울특별시 동대문구 제기동 171-22번지
11230,10300,0,0171,0023,,,일반건축물,단독주택,다가구용단독주택(4가구),87.46,53.64,149.89,19930914,2,1,서울특별시 동대문구 제기동 171-23번지
11230,10300,0,0171,0024,,,일반건축물,단독주택,다가구용단독주택(5가구),108.44,62.84,177.56,19930925,2,1,서울특별시 동대문구 제기동 171-24번지
11230,10300,0,0171,0029,,,일반건축물,단독주택,다가구주택(7가구),139.36,83.4,290.55,19940819,3,1,서울특별시 동대문구 제기동 171-29번지
11230,10300,0,0171,0031,,,일반건축물,단독주택,다가구용단독주택(5가구),117.6,68.35,199.53,19931224,2,1,서울특별시 동대문구 제기동 171-31번지
11230,10300,0,0171,0033,,,일반건축물,단독주택,다가구용단독주택(5가구),98.8,59.22,172.73,19941006,2,1,서울특별시 동대문구 제기동 171-33번지
11230,10300,0,0171,0034,,,일반건축물,단독주택,다가구용단독주택(4),98.94,58.9,172.99,19941006,2,1,서울특별시 동대문구 제기동 171-34번지
11230,10300,0,0171,0035,,,일반건축물,단독주택,다가구용단독주택(4가구),102.2,61.11,149.47,19940207,2,1,서울특별시 동대문구 제기동 171-35번지
11230,10300,0,0171,0036,,,일반건축물,단독주택,다가구용단독주택(5가구),102.65,121.5,203.29,19951116,3,1,서울특별시 동대문구 제기동 171-36번지
11230,10300,0,0171,0037,,,일반건축물,단독주택,다가구용단독주택(9가구),207.98,124.24,477.1,19960507,3,1,서울특별시 동대문구 제기동 171-37번지
11230,10300,0,0171,0039,,,일반건축물,단독주택,다가구주택(5가구),117.8,66.04,172.68,19940910,2,1,서울특별시 동대문구 제기동 171-39번지
11230,10300,0,0171,0040,,,일반건축물,단독주택,다가구용단독주택(10가구),191.13,114.36,340.24,19940115,3,1,서울특별시 동대문구 제기동 171-40번지
11230,10300,0,0172,0000,,,일반건축물,단독주택,주택,0,0,39.67,19590330,1,0,서울특별시 동대문구 제기동 172번지
11230,10300,0,0172,0000,,,일반건축물,단독주택,주택,0,0,37.02,19561030,1,0,서울특별시 동대문구 제기동 172번지
11230,10300,0,0172,0000,,,일반건축물,단독주택,주택,0,0,69.42,,1,0,서울특별시 동대문구 제기동 172번지
11230,10300,0,0173,0000,,,일반건축물,단독주택,주택,0,0,100.69,,2,0,서울특별시 동대문구 제기동 173번지
11230,10300,0,0173,0011,,,일반건축물,단독주택,주택,0,0,61.49,19571010,1,0,서울특별시 동대문구 제기동 173-11번지
11230,10300,0,0174,0000,,,일반건축물,단독주택,주택,0,0,36.96,19580207,1,0,서울특별시 동대문구 제기동 174번지
11230,10300,0,0174,0000,,,일반건축물,단독주택,주택,0,0,45.55,19570220,1,0,서울특별시 동대문구 제기동 174번지
11230,10300,0,0174,0000,,,일반건축물,단독주택,주택,0,0,27.34,19561210,1,0,서울특별시 동대문구 제기동 174번지
11230,10300,0,0174,0000,,,일반건축물,단독주택,주택,0,0,44.63,19561210,1,0,서울특별시 동대문구 제기동 174번지
11230,10300,0,0174,0001,,,일반건축물,단독주택,주택,135.5,70.68,252.21,19880916,3,1,서울특별시 동대문구 제기동 174-1번지
11230,10300,0,0174,0005,,,일반건축물,단독주택,"근린생활시설, 단독주택",182,108.71,494.82,19951215,4,1,서울특별시 동대문구 제기동 174-5번지
11230,10300,0,0174,0006,,,일반건축물,제1종근린생활시설,"근린생활시설, 다가구주택(3가구)",128.5,76.66,288.76,19931029,3,1,서울특별시 동대문구 제기동 174-6번지
11230,10300,0,0174,0009,,,일반건축물,단독주택,주택,0,0,22.64,19720127,1,0,서울특별시 동대문구 제기동 174-9번지
11230,10300,0,0174,0025,,,일반건축물,단독주택,다가구용단독주택(3가구),86.3,52.8,145.28,19931214,2,1,서울특별시 동대문구 제기동 174-25번지
11230,10300,0,0174,0026,,,일반건축물,단독주택,다가구용단독주택(5가구),110.29,64.24,180.49,19931020,2,1,서울특별시 동대문구 제기동 174-26번지
11230,10300,0,0174,0027,,,일반건축물,단독주택,다가구용단독주택(3가구),125.2,65.64,149.8,19931112,2,1,서울특별시 동대문구 제기동 174-27번지
11230,10300,0,0174,0029,,,일반건축물,단독주택,단독주택(다중주택),83,37.32,37.32,19561110,1,0,서울특별시 동대문구 제기동 174-29번지
11230,10300,0,0174,0031,,,일반건축물,단독주택,주택,0,0,42.22,19610920,1,0,서울특별시 동대문구 제기동 174-31번지
11230,10300,0,0174,0032,,,일반건축물,단독주택,주택,119,0,182.61,19880601,2,1,서울특별시 동대문구 제기동 174-32번지
11230,10300,0,0174,0033,,,일반건축물,단독주택,주택,140,0,222,19890922,2,1,서울특별시 동대문구 제기동 174-33번지
11230,10300,0,0174,0035,,,일반건축물,단독주택,다가구용단독주택(3가구),90.8,54.4,149.4,19931030,2,1,서울특별시 동대문구 제기동 174-35번지
11230,10300,0,0176,0001,영인빌딩,,일반건축물,단독주택,다중주택/제1종근린생활시설,206,120.54,496.19,20201027,4,1,서울특별시 동대문구 제기동 176-1번지
11230,10300,0,0176,0003,,,일반건축물,단독주택,주택,0,0,36.5,19561004,1,0,서울특별시 동대문구 제기동 176-3번지
11230,10300,0,0176,0005,,,일반건축물,단독주택,주택,0,0,23.14,,1,0,서울특별시 동대문구 제기동 176-5번지
11230,10300,0,0177,0001,,,일반건축물,제2종근린생활시설,근린생활시설외 2,335.2,161.6,701.2,19940311,4,1,서울특별시 동대문구 제기동 177-1번지
11230,10300,0,0178,0000,반석빌라,,표제부,공동주택,공동주택,331,194.48,612.04,20150715,5,0,서울특별시 동대문구 제기동 178번지
11230,10300,0,0179,0000,,,일반건축물,종교시설,문화및집회시설(종교집회장),315.23,168.27,376.07,19821013,2,1,서울특별시 동대문구 제기동 179번지
11230,10300,0,0180,0000,,,일반건축물,단독주택,"근린생활시설, 단독주택",173.64,104.03,446.26,19950803,4,1,서울특별시 동대문구 제기동 180번지
11230,10300,0,0181,0000,,,일반건축물,단독주택,주택,0,0,42.98,,1,0,서울특별시 동대문구 제기동 181번지
11230,10300,0,0181,0001,,,일반건축물,단독주택,단독주택 외2,49.2,34.29,93.19,19920311,3,0,서울특별시 동대문구 제기동 181-1번지
11230,10300,0,0182,0001,안암골 벽산빌라,,표제부,공동주택,공동주택(연립주택),764.22,288.95,1482.378,20030411,4,1,서울특별시 동대문구 제기동 182-1번지
11230,10300,0,0182,0004,,,일반건축물,단독주택,다가구용단독주택(4가구),110.4,63.69,182.79,19920701,2,1,서울특별시 동대문구 제기동 182-4번지
11230,10300,0,0182,0012,,,일반건축물,단독주택,주택,23,15.77,15.77,19611230,1,0,서울특별시 동대문구 제기동 182-12번지
11230,10300,0,0182,0016,제기동천주교회,,일반건축물,종교시설,종교시설,0,849.45,2810.65,20080304,5,1,서울특별시 동대문구 제기동 182-16번지
11230,10300,0,0182,0016,제기동천주교회,,일반건축물,종교시설,종교시설,0,15.99,15.99,20080304,1,0,서울특별시 동대문구 제기동 182-16번지
11230,10300,0,0182,0021,,,일반건축물,단독주택,주택,0,0,18.81,19600301,1,0,서울특별시 동대문구 제기동 182-21번지
11230,10300,0,0182,0024,,,일반건축물,단독주택,"근린생활시설, 주택",115.9,68.82,298.54,19961125,4,1,서울특별시 동대문구 제기동 182-24번지
11230,10300,0,0182,0024,,,일반건축물,단독주택,주택,0,0,62.81,,1,0,서울특별시 동대문구 제기동 182-24번지
11230,10300,0,0182,0025,,,일반건축물,제1종근린생활시설,"근린생활시설, 주택",215,128.84,590.19,19961007,4,1,서울특별시 동대문구 제기동 182-25번지
11230,10300,0,0182,0026,,,일반건축물,단독주택,단독주택(다가구주택),146,70.06,256.48,19870710,3,1,서울특별시 동대문구 제기동 182-26번지
11230,10300,0,0182,0027,,,일반건축물,제2종근린생활시설,제2종근린생활시설,0,62.56,62.56,,1,0,서울특별시 동대문구 제기동 182-27번지
11230,10300,0,0182,0027,,,일반건축물,제2종근린생활시설,제2종근린생활시설,0,56.2,56.2,,1,0,서울특별시 동대문구 제기동 182-27번지
11230,10300,0,0182,0029,,,일반건축물,단독주택,주택,0,0,41.98,19550205,1,0,서울특별시 동대문구 제기동 182-29번지
11230,10300,0,0182,0030,,,일반건축물,단독주택,주택,69,0,41.14,19850629,1,0,서울특별시 동대문구 제기동 182-30번지
11230,10300,0,0182,0031,,,일반건축물,단독주택,주택,0,0,40.03,19701226,1,0,서울특별시 동대문구 제기동 182-31번지
11230,10300,0,0183,0000,,,일반건축물,단독주택,주택,0,0,44.96,19550712,1,0,서울특별시 동대문구 제기동 183번지
11230,10300,0,0185,0000,,,일반건축물,단독주택,주택,0,0,19.83,,1,0,서울특별시 동대문구 제기동 185번지
11230,10300,0,0185,0003,,,표제부,공동주택,공동주택,303.2,161.5,573.9,20041008,4,0,서울특별시 동대문구 제기동 185-3번지
11230,10300,0,0186,0001,,,일반건축물,단독주택,단독주택,79,52.89,52.89,19670808,1,0,서울특별시 동대문구 제기동 186-1번지
11230,10300,0,0186,0006,,,일반건축물,단독주택,주택,76,66.12,66.12,19670808,1,0,서울특별시 동대문구 제기동 186-6번지
11230,10300,0,0186,0007,,,일반건축물,단독주택,주택,0,0,61.49,19680217,1,0,서울특별시 동대문구 제기동 186-7번지
11230,10300,0,0187,0001,,,일반건축물,단독주택,단독주택,70.27,39.97,119.91,20020709,3,0,서울특별시 동대문구 제기동 187-1번지
11230,10300,0,0187,0002,,,일반건축물,단독주택,단독주택,70.51,42.16,84.32,20000415,2,0,서울특별시 동대문구 제기동 187-2번지
11230,10300,0,0187,0003,,,일반건축물,단독주택,"근린생활시설(사무소), 다가구용단독주택",138.21,81.09,214.98,19991224,2,1,서울특별시 동대문구 제기동 187-3번지
11230,10300,0,0187,0004,,,일반건축물,단독주택,주택,0,0,39.67,19430805,1,0,서울특별시 동대문구 제기동 187-4번지
11230,10300,0,0187,0005,,,일반건축물,단독주택,주택,0,0,39.67,19430805,1,0,서울특별시 동대문구 제기동 187-5번지
11230,10300,0,0187,0006,,,일반건축물,단독주택,주택,0,0,36.36,,1,0,서울특별시 동대문구 제기동 187-6번지
11230,10300,0,0188,0001,,,일반건축물,단독주택,주택,139.345,0,200.97,19860605,2,1,서울특별시 동대문구 제기동 188-1번지
11230,10300,0,0188,0002,,,일반건축물,단독주택,단독주택,168.51,78.81,149.63,20031222,3,0,서울특별시 동대문구 제기동 188-2번지
11230,10300,0,0189,0001,,,일반건축물,단독주택,단독주택,121.28,60.42,203.94,19910130,2,1,서울특별시 동대문구 제기동 189-1번지
11230,10300,0,0190,0000,,,표제부,공동주택,연립주택(15세대),544.42,239.14,1060.36,20000626,4,1,서울특별시 동대문구 제기동 190번지
11230,10300,0,0191,0000,,,일반건축물,단독주택,주택,0,0,112.39,,1,0,서울특별시 동대문구 제기동 191번지
11230,10300,0,0191,0002,,,일반건축물,단독주택,다가구주택,143,57.81,115.62,20040702,3,0,서울특별시 동대문구 제기동 191-2번지
11230,10300,0,0192,0000,,,표제부,공동주택,연립주택,823,456.67,1991.3,20090326,4,1,서울특별시 동대문구 제기동 192번지
11230,10300,0,0195,0001,,,일반건축물,단독주택,주택,0,0,129.66,19651122,2,0,서울특별시 동대문구 제기동 195-1번지
11230,10300,0,0195,0002,,,일반건축물,단독주택,주택,0,0,146.58,19670125,2,0,서울특별시 동대문구 제기동 195-2번지
11230,10300,0,0195,0003,,,표제부,공동주택,다세대주택(도시형생활주택),135.5,75.01,245.5,20120718,4,0,서울특별시 동대문구 제기동 195-3번지
11230,10300,0,0195,0004,,,일반건축물,단독주택,주택,0,0,137.88,19670125,2,0,서울특별시 동대문구 제기동 195-4번지
11230,10300,0,0197,0000,,,일반건축물,단독주택,다가구용단독주택(5가구),120.55,72.14,179.94,19940915,2,1,서울특별시 동대문구 제기동 197번지
11230,10300,0,0198,0000,은행주택,,표제부,공동주택,"공동주택(다세대주택), 제2종근린생활시설",310.4,186.2,616.61,20230911,5,0,서울특별시 동대문구 제기동 198번지
11230,10300,0,0199,0000,더리빙플러스,,표제부,공동주택,"다세대주택,제2종근린생활시설",233.5,137.96,568.63,20110930,4,1,서울특별시 동대문구 제기동 199번지
11230,10300,0,0200,0002,,,일반건축물,단독주택,"근린생활시설, 다가구용단독주택(4가구)",191.8,102.73,367.58,19950812,3,1,서울특별시 동대문구 제기동 200-2번지
11230,10300,0,0200,0003,,,일반건축물,단독주택,다가구용단독주택,146,86.84,299.96,19970220,3,1,서울특별시 동대문구 제기동 200-3번지
11230,10300,0,0201,0000,,,일반건축물,단독주택,단독주택,60,27.3,76.37,20170405,3,0,서울특별시 동대문구 제기동 201번지
11230,10300,0,0202,0000,제기동빌라,,일반건축물,단독주택,다가구주택,185,104.6,328.95,20040803,5,0,서울특별시 동대문구 제기동 202번지
11230,10300,0,0203,0001,,,일반건축물,단독주택,다가구용단독주택(5가구),144.96,72.06,223.77,19910831,2,1,서울특별시 동대문구 제기동 203-1번지
11230,10300,0,0204,0000,,,일반건축물,제2종근린생활시설,"다중생활시설, 단독주택",289.3,172.65,575.49,20170522,4,0,서울특별시 동대문구 제기동 204번지
11230,10300,0,0205,0000,,,일반건축물,단독주택,다가구용단독주택(4가구),100.07,59.82,172.44,19920225,2,1,서울특별시 동대문구 제기동 205번지
11230,10300,0,0205,0001,,,일반건축물,단독주택,단독주택,94.95,56.72,160.2,20040527,3,0,서울특별시 동대문구 제기동 205-1번지
11230,10300,0,0205,0002,,,표제부,공동주택,공동주택(다세대주택),112,67.06,234.92,20031219,5,0,서울특별시 동대문구 제기동 205-2번지
11230,10300,0,0205,0004,,,일반건축물,단독주택,주택,0,0,46.78,19610125,1,0,서울특별시 동대문구 제기동 205-4번지
11230,10300,0,0205,0006,,,표제부,공동주택,공동주택(다세대주택) 외1,131.3,69.68,233.28,20080728,4,0,서울특별시 동대문구 제기동 205-6번지
11230,10300,0,0205,0007,,,일반건축물,단독주택,주택,0,0,28.26,19591230,1,0,서울특별시 동대문구 제기동 205-7번지
11230,10300,0,0205,0009,,,일반건축물,단독주택,단독주택(다가구주택) 외1,133,70.76,192.63,20031025,3,0,서울특별시 동대문구 제기동 205-9번지
11230,10300,0,0205,0010,,,일반건축물,단독주택,주택,144.74,0,217.71,19881019,2,1,서울특별시 동대문구 제기동 205-10번지
11230,10300,0,0205,0011,,,일반건축물,단독주택,다가구용단독주택(3가구),95.14,53.79,150.44,19920417,2,1,서울특별시 동대문구 제기동 205-11번지
11230,10300,0,0205,0012,,,일반건축물,단독주택,주택,0,0,47.4,19650910,1,0,서울특별시 동대문구 제기동 205-12번지
11230,10300,0,0205,0013,,,일반건축물,단독주택,주택,0,0,35.07,19611231,1,0,서울특별시 동대문구 제기동 205-13번지
11230,10300,0,0205,0017,,,일반건축물,단독주택,주택,0,0,182.52,19681010,2,1,서울특별시 동대문구 제기동 205-17번지
11230,10300,0,0206,0001,,,일반건축물,단독주택,주택,0,0,79.9,19710907,1,0,서울특별시 동대문구 제기동 206-1번지
11230,10300,0,0206,0002,,,일반건축물,단독주택,주택,0,0,50.23,19900410,1,0,서울특별시 동대문구 제기동 206-2번지
11230,10300,0,0207,0000,,,일반건축물,단독주택,다가구용단독주택(11가구),239.59,140.12,500.82,19950906,3,1,서울특별시 동대문구 제기동 207번지
11230,10300,0,0208,0000,,,일반건축물,단독주택,주택,0,0,29.75,19360331,1,0,서울특별시 동대문구 제기동 208번지
11230,10300,0,0209,0001,,,일반건축물,단독주택,주택,0,0,23.5,19671212,1,0,서울특별시 동대문구 제기동 209-1번지
11230,10300,0,0209,0002,,,일반건축물,단독주택,주택,0,0,60.4,19671212,1,1,서울특별시 동대문구 제기동 209-2번지
11230,10300,0,0209,0003,,,일반건축물,단독주택,주택,0,0,64.37,19671212,1,1,서울특별시 동대문구 제기동 209-3번지
11230,10300,0,0209,0004,,,일반건축물,단독주택,주택,0,0,39.83,19671212,1,1,서울특별시 동대문구 제기동 209-4번지
11230,10300,0,0210,0001,,,일반건축물,단독주택,"주택, 다가구주택",129,56.96,141.87,19670809,3,0,서울특별시 동대문구 제기동 210-1번지
11230,10300,0,0210,0002,,,일반건축물,제2종근린생활시설,제2종근린생활시설 외 1,298.8,166.35,596.58,20120704,5,0,서울특별시 동대문구 제기동 210-2번지
11230,10300,0,0211,0001,,,일반건축물,단독주택,다가구용단독주택(5가구),215.71,84.4,246.12,19920623,2,1,서울특별시 동대문구 제기동 211-1번지
11230,10300,0,0211,0002,,,일반건축물,단독주택,다가구용단독주택(4가구),116.7,70.01,191.19,19911230,2,1,서울특별시 동대문구 제기동 211-2번지
11230,10300,0,0212,0000,,,일반건축물,단독주택,주택,0,0,33.06,,1,0,서울특별시 동대문구 제기동 212번지
11230,10300,0,0213,0000,,,일반건축물,단독주택,주택,0,0,23.14,,1,0,서울특별시 동대문구 제기동 213번지
11230,10300,0,0214,0001,M빌리지,,일반건축물,단독주택,"다가구주택, 학원",122.25,72.72,196.66,20160823,4,0,서울특별시 동대문구 제기동 214-1번지
11230,10300,0,0214,0002,KD빌,,일반건축물,단독주택,"다가구주택, 학원",99.58,58.59,177.01,20160824,4,0,서울특별시 동대문구 제기동 214-2번지
11230,10300,0,0215,0000,,,일반건축물,제2종근린생활시설,"제2종근린생활시설,단독주택",83.11,45.83,181.7,20040106,4,0,서울특별시 동대문구 제기동 215번지
11230,10300,0,0216,0000,,,표제부,공동주택,"공동주택,제2종근린생활시설",249,146.49,717.63,20030723,4,1,서울특별시 동대문구 제기동 216번지
11230,10300,0,0217,0001,,,일반건축물,단독주택,주택,0,0,30.08,19610705,1,0,서울특별시 동대문구 제기동 217-1번지
11230,10300,0,0217,0002,,,일반건축물,단독주택,다가구용단독주택(5가구),97.83,56.18,165.12,19910730,2,1,서울특별시 동대문구 제기동 217-2번지
11230,10300,0,0218,0001,,,표제부,공동주택,연립주택,530,0,701.56,19841018,3,1,서울특별시 동대문구 제기동 218-1번지
11230,10300,0,0218,0004,해오름,,표제부,공동주택,"다세대주택,근린생활시설(소매점)",204.15,120.58,494.79,20031201,5,0,서울특별시 동대문구 제기동 218-4번지
11230,10300,0,0218,0005,,,일반건축물,단독주택,단독주택(다가구용단독주택),146.8,80.9,237.48,20030113,3,0,서울특별시 동대문구 제기동 218-5번지
11230,10300,0,0218,0006,,,일반건축물,제1종근린생활시설,"근린생활시설, 주택",152.3,86.19,294.89,19970618,3,1,서울특별시 동대문구 제기동 218-6번지
11230,10300,0,0218,0007,,,표제부,공동주택,공동주택(다세대주택),175,98.73,290.68,20080910,5,0,서울특별시 동대문구 제기동 218-7번지
11230,10300,0,0218,0008,,,일반건축물,노유자시설,"근린생활시설, 교육연구 및 복지시설",172.4,84.7,491.04,19920325,5,1,서울특별시 동대문구 제기동 218-8번지
11230,10300,0,0220,0000,동대문종합사회복지관,,일반건축물,교육연구시설,"교육연구, 복지시설",1844.62,1105.3,7463.99,20000715,5,3,서울특별시 동대문구 제기동 220번지
11230,10300,0,0221,0002,,,일반건축물,단독주택,다가구용단독주택(3가구),80.53,50.75,141.05,19930915,2,1,서울특별시 동대문구 제기동 221-2번지
11230,10300,0,0221,0003,,,일반건축물,단독주택,단독주택,82.7,49.6,88.97,20030828,2,0,서울특별시 동대문구 제기동 221-3번지
11230,10300,0,0221,0004,,,일반건축물,단독주택,주택,0,0,52.73,19611010,1,0,서울특별시 동대문구 제기동 221-4번지
11230,10300,0,0221,0007,,,일반건축물,단독주택,주택,76,45.13,45.13,19611010,1,0,서울특별시 동대문구 제기동 221-7번지
11230,10300,0,0222,0001,,,일반건축물,단독주택,다가구용단독주택(5가구),125.75,60.73,183.68,19910226,2,1,서울특별시 동대문구 제기동 222-1번지
11230,10300,0,0222,0002,,,일반건축물,단독주택,주택,0,0,30.48,19600315,1,0,서울특별시 동대문구 제기동 222-2번지
11230,10300,0,0222,0003,,,일반건축물,단독주택,주택,0,0,47.6,,1,0,서울특별시 동대문구 제기동 222-3번지
11230,10300,0,0222,0004,,,일반건축물,단독주택,주택,0,0,24.96,19610502,1,0,서울특별시 동대문구 제기동 222-4번지
11230,10300,0,0223,0001,,,일반건축물,단독주택,주택,0,0,19.83,,1,0,서울특별시 동대문구 제기동 223-1번지
11230,10300,0,0223,0002,,,일반건축물,단독주택,주택,79,41.09,41.09,19600820,1,0,서울특별시 동대문구 제기동 223-2번지
11230,10300,0,0223,0003,,,일반건축물,단독주택,주택,0,0,26.45,19610210,1,0,서울특별시 동대문구 제기동 223-3번지
11230,10300,0,0223,0005,,,일반건축물,단독주택,단독주택(1가구),84.9,50.25,89.65,19970830,2,0,서울특별시 동대문구 제기동 223-5번지
11230,10300,0,0223,0006,,,일반건축물,단독주택,주택,109,61.84,61.84,19561005,1,0,서울특별시 동대문구 제기동 223-6번지
11230,10300,0,0223,0007,,,일반건축물,단독주택,주택,86,38.06,38.06,,1,0,서울특별시 동대문구 제기동 223-7번지
11230,10300,0,0225,0001,,,일반건축물,단독주택,단독주택,79,47.29,87.18,20021228,2,0,서울특별시 동대문구 제기동 225-1번지
11230,10300,0,0225,0002,,,일반건축물,단독주택,주택,0,0,63.64,,2,0,서울특별시 동대문구 제기동 225-2번지
11230,10300,0,0225,0003,,,일반건축물,단독주택,"근린생활시설, 다가구용단독주택(4)",102,60.88,175.4,19950214,2,1,서울특별시 동대문구 제기동 225-3번지
11230,10300,0,0225,0004,,,일반건축물,단독주택,다가구용단독주택(4가구),104.77,56.83,146.76,19930916,2,1,서울특별시 동대문구 제기동 225-4번지
11230,10300,0,0226,0000,,,일반건축물,단독주택,다가구용단독주택(4가구),157.22,91.17,317.75,19931208,3,1,서울특별시 동대문구 제기동 226번지
11230,10300,0,0227,0002,영유아플라자 제기점,,일반건축물,노유자시설,"노유자시설,제1종근린생활시설",334,186.74,624.77,19851127,3,1,서울특별시 동대문구 제기동 227-2번지
11230,10300,0,0228,0001,블루버드 제기2차,,표제부,공동주택,다세대주택,433.78,242.88,659.14,20230530,5,0,서울특별시 동대문구 제기동 228-1번지
11230,10300,0,0228,0009,,,일반건축물,단독주택,주택,0,0,73.74,19610920,1,0,서울특별시 동대문구 제기동 228-9번지
11230,10300,0,0229,0001,,,일반건축물,단독주택,"근린생활시설, 다가구용단독주택(3가구)",127.63,76.44,338.83,19951209,4,1,서울특별시 동대문구 제기동 229-1번지
11230,10300,0,0229,0003,,,일반건축물,단독주택,"근린생활시설, 다가구용단독주택(2가구)",90.71,53.95,229.07,19950728,4,1,서울특별시 동대문구 제기동 229-3번지
11230,10300,0,0231,0000,,,일반건축물,단독주택,주택,0,0,62.81,,1,0,서울특별시 동대문구 제기동 231번지
11230,10300,0,0231,0001,,,일반건축물,단독주택,다가구용단독주택(7가구),202.46,109.28,373.17,19960730,3,1,서울특별시 동대문구 제기동 231-1번지
11230,10300,0,0232,0000,오렌지하우스,,일반건축물,단독주택,단독주택(다중주택),118.58,71.13,253.26,20151007,3,1,서울특별시 동대문구 제기동 232번지
11230,10300,0,0233,0003,,,일반건축물,단독주택,다가구용단독주택(6가구),144.46,80.8,298.04,19950828,3,1,서울특별시 동대문구 제기동 233-3번지
11230,10300,0,0234,0002,,,일반건축물,단독주택,주택,0,0,19.83,,1,0,서울특별시 동대문구 제기동 234-2번지
11230,10300,0,0234,0003,,,일반건축물,단독주택,주택,0,0,46.28,,1,0,서울특별시 동대문구 제기동 234-3번지
11230,10300,0,0235,0001,,,일반건축물,제2종근린생활시설,제2종근린생활시설 외1,134.98,75.06,127.08,20000105,2,0,서울특별시 동대문구 제기동 235-1번지
11230,10300,0,0236,0000,,,일반건축물,제2종근린생활시설,근린생활시설,108.99,0,162.99,19830906,2,1,서울특별시 동대문구 제기동 236번지
11230,10300,0,0237,0001,승원빌,,일반건축물,단독주택,다중주택,94.78,53.68,199.18,20170926,3,1,서울특별시 동대문구 제기동 237-1번지
11230,10300,0,0237,0002,,,일반건축물,단독주택,다중주택,178.8,103.9,299.75,20170417,3,1,서울특별시 동대문구 제기동 237-2번지
11230,10300,0,0238,0002,,,일반건축물,단독주택,다가구용단독주택(5가구),125.36,59.73,149.68,19930520,2,1,서울특별시 동대문구 제기동 238-2번지
11230,10300,0,0240,0000,건영주택,,표제부,공동주택,다세대주택,272,161.65,543.65,20210423,5,0,서울특별시 동대문구 제기동 240번지
11230,10300,0,0241,0003,,,일반건축물,단독주택,주택,0,0,26.45,19361201,1,0,서울특별시 동대문구 제기동 241-3번지
11230,10300,0,0241,0009,,,일반건축물,단독주택,주택,0,0,41.32,19610320,1,0,서울특별시 동대문구 제기동 241-9번지
11230,10300,0,0241,0014,,,일반건축물,제2종근린생활시설,제2종근린생활시설 외1,122,72.87,135.49,20051215,2,0,서울특별시 동대문구 제기동 241-14번지
11230,10300,0,0242,0000,,,일반건축물,제1종근린생활시설,제1종근린생활시설,44,28.56,28.56,,1,0,서울특별시 동대문구 제기동 242번지
11230,10300,0,0243,0001,,,일반건축물,단독주택,주택,0,0,36.73,19300405,1,0,서울특별시 동대문구 제기동 243-1번지
11230,10300,0,0243,0001,제1호,,일반건축물,단독주택,주택,0,0,44.34,19850629,1,0,서울특별시 동대문구 제기동 243-1번지
11230,10300,0,0243,0001,,,일반건축물,단독주택,주택,0,0,62.81,,1,0,서울특별시 동대문구 제기동 243-1번지
11230,10300,0,0244,0000,제기 파크빌 1,,표제부,공동주택,공동주택(다세대주택),343.55,205.14,838.46,20081219,4,1,서울특별시 동대문구 제기동 244번지
11230,10300,0,0245,0000,,,일반건축물,단독주택,주택,0,0,42.68,19500920,1,0,서울특별시 동대문구 제기동 245번지
11230,10300,0,0247,0001,스카이빌II,,표제부,공동주택,다세대주택외 1,122,55.61,163.67,20080903,4,0,서울특별시 동대문구 제기동 247-1번지
11230,10300,0,0247,0003,,,일반건축물,제2종근린생활시설,"근린생활시설, 단독주택",205.16,114.35,488.94,19980318,4,1,서울특별시 동대문구 제기동 247-3번지
11230,10300,0,0248,0000,,,일반건축물,단독주택,주택,0,0,36.36,,1,0,서울특별시 동대문구 제기동 248번지
11230,10300,0,0248,0001,,,일반건축물,제1종근린생활시설,근린생활시설,43.12,24.56,42.93,19991223,2,0,서울특별시 동대문구 제기동 248-1번지
11230,10300,0,0250,0000,,,일반건축물,제1종근린생활시설,근린생활시설,171.28,85.16,256.13,19920811,2,1,서울특별시 동대문구 제기동 250번지
11230,10300,0,0250,0002,,,일반건축물,단독주택,주택,148.2,0,163.11,19840725,2,1,서울특별시 동대문구 제기동 250-2번지
11230,10300,0,0252,0000,이수브라운스톤,,표제부,공동주택,아파트,0,700.22,6876.65,20050314,13,0,서울특별시 동대문구 제기동 252번지
11230,10300,0,0252,0000,이수브라운스톤,,표제부,공동주택,관리사무소.노인정,0,294.18,287.88,20050314,1,0,서울특별시 동대문구 제기동 252번지
11230,10300,0,0252,0000,이수브라운스톤,,표제부,공동주택,아파트,0,514.72,5957.8,20050314,16,0,서울특별시 동대문구 제기동 252번지
11230,10300,0,0252,0000,이수브라운스톤,,표제부,공동주택,아파트,0,514.72,8114.86,20050314,20,0,서울특별시 동대문구 제기동 252번지
11230,10300,0,0252,0000,이수브라운스톤,,표제부,공동주택,지하주차장,0,73.72,14992.22,20050314,1,2,서울특별시 동대문구 제기동 252번지
11230,10300,0,0252,0000,이수브라운스톤,,표제부,제1종근린생활시설,근린생활시설,0,165.36,314,20050314,2,0,서울특별시 동대문구 제기동 252번지
11230,10300,0,0252,0000,이수브라운스톤,,표제부,공동주택,아파트,0,611.46,10411.99,20050314,21,0,서울특별시 동대문구 제기동 252번지
11230,10300,0,0252,0001,유치원,,표제부,교육연구시설,유치원 외1,1057.5,422.48,741.31,20050314,2,1,서울특별시 동대문구 제기동 252-1번지
11230,10300,0,0253,0000,,,일반건축물,단독주택,다가구용단독주택(5가구),137.93,67.97,186.23,19920429,2,1,서울특별시 동대문구 제기동 253번지
11230,10300,0,0254,0000,,,일반건축물,단독주택,주택,0,0,39.67,19361201,1,0,서울특별시 동대문구 제기동 254번지
11230,10300,0,0254,0007,,,일반건축물,단독주택,다가구용단독주택(6가구),156.3,92.55,312.97,19931203,3,1,서울특별시 동대문구 제기동 254-7번지
11230,10300,0,0260,0000,,,일반건축물,단독주택,주택,0,0,39.67,,1,0,서울특별시 동대문구 제기동 260번지
11230,10300,0,0261,0000,,,일반건축물,교육연구시설,교사,0,0,185.06,19420410,1,0,서울특별시 동대문구 제기동 261번지
11230,10300,0,0263,0000,,,일반건축물,단독주택,주택,0,0,34.45,19560816,1,0,서울특별시 동대문구 제기동 263번지
11230,10300,0,0264,0002,,,일반건축물,단독주택,주택,0,0,29.75,19350401,1,0,서울특별시 동대문구 제기동 264-2번지
11230,10300,0,0265,0002,,,일반건축물,단독주택,주택,0,0,52.89,19370610,1,0,서울특별시 동대문구 제기동 265-2번지
11230,10300,0,0266,0000,,,일반건축물,단독주택,주택,0,0,38.35,19390201,1,0,서울특별시 동대문구 제기동 266번지
11230,10300,0,0267,0005,,,일반건축물,단독주택,주택,0,0,46.61,19601010,1,0,서울특별시 동대문구 제기동 267-5번지
11230,10300,0,0268,0024,,,일반건축물,단독주택,단독주택,92,45.84,142.7,19930902,2,1,서울특별시 동대문구 제기동 268-24번지
11230,10300,0,0268,0044,제기1빗물펌프장,,일반건축물,제1종근린생활시설,근린공공시설(수해예방용빗물펌프장),0,0,415.68,19940930,2,1,서울특별시 동대문구 제기동 268-44번지
11230,10300,0,0271,0000,,,일반건축물,단독주택,주택,0,0,29.09,19570903,1,0,서울특별시 동대문구 제기동 271번지
11230,10300,0,0271,0000,,,일반건축물,단독주택,주택,0,0,26.45,,1,0,서울특별시 동대문구 제기동 271번지
11230,10300,0,0271,0000,,,일반건축물,단독주택,주택,0,0,56.37,19560115,1,0,서울특별시 동대문구 제기동 271번지
11230,10300,0,0271,0000,,,일반건축물,단독주택,주택,0,0,26.08,19570816,1,0,서울특별시 동대문구 제기동 271번지
11230,10300,0,0271,0000,,,일반건축물,단독주택,주택,0,0,31.5,19570620,1,0,서울특별시 동대문구 제기동 271번지
11230,10300,0,0271,0000,,,일반건축물,단독주택,주택,0,0,56.86,19540605,1,0,서울특별시 동대문구 제기동 271번지
11230,10300,0,0271,0000,,,일반건축물,단독주택,주택,0,0,51.44,19561031,1,0,서울특별시 동대문구 제기동 271번지
11230,10300,0,0271,0000,,,일반건축물,단독주택,주택,0,0,30.61,19571105,1,0,서울특별시 동대문구 제기동 271번지
11230,10300,0,0271,0005,,,일반건축물,단독주택,주택,0,0,66.12,,1,0,서울특별시 동대문구 제기동 271-5번지
11230,10300,0,0271,0041,성일중학교,,일반건축물,교육연구시설,교육연구및복지시설,0,0,1411.64,20030818,3,1,서울특별시 동대문구 제기동 271-41번지
11230,10300,0,0271,0041,성일중학교,,일반건축물,교육연구시설,교육연구시설(강당),0,1053.5,2235.32,20111018,2,0,서울특별시 동대문구 제기동 271-41번지
11230,10300,0,0271,0041,성일중학교,,일반건축물,교육연구시설,교육연구시설,0,0,7925.43,,4,0,서울특별시 동대문구 제기동 271-41번지
11230,10300,0,0272,0006,,,표제부,공동주택,다세대주택외 1,205.95,122.94,476.24,20080828,5,1,서울특별시 동대문구 제기동 272-6번지
11230,10300,0,0272,0007,,,일반건축물,단독주택,다가구용단독주택(6가구),166.5,91.45,267.76,19931221,3,1,서울특별시 동대문구 제기동 272-7번지
11230,10300,0,0272,0008,제스트빌,,일반건축물,단독주택,다중주택,166.45,99.6,329.24,20170112,3,1,서울특별시 동대문구 제기동 272-8번지
11230,10300,0,0272,0009,하우스테디베어 5차,,일반건축물,단독주택,다중주택,133.44,80.03,199.85,20160728,3,0,서울특별시 동대문구 제기동 272-9번지
11230,10300,0,0272,0010,,,일반건축물,단독주택,다중주택,97.55,57.69,199.8,20160902,3,1,서울특별시 동대문구 제기동 272-10번지
11230,10300,0,0272,0011,마루스위트빌,,표제부,공동주택,단지형다세대주택,337.99,202.68,657.53,20141230,5,0,서울특별시 동대문구 제기동 272-11번지
11230,10300,0,0272,0013,,,일반건축물,단독주택,"제2종근린생활시설,다가구주택(2가구)",124.23,73.32,221.88,20091023,4,0,서울특별시 동대문구 제기동 272-13번지
11230,10300,0,0272,0014,,,일반건축물,단독주택,주택,121.3,60.57,224.91,19890918,3,1,서울특별시 동대문구 제기동 272-14번지
11230,10300,0,0272,0015,,,일반건축물,단독주택,다가구용단독주택(5가구),132.2,78.4,237.9,19931005,2,1,서울특별시 동대문구 제기동 272-15번지
11230,10300,0,0272,0016,,,일반건축물,단독주택,다가구주택(5가구),128,75.71,290.41,19940802,3,1,서울특별시 동대문구 제기동 272-16번지
11230,10300,0,0272,0017,,,일반건축물,단독주택,"근린생활시설, 주택(3가구)",132.04,76.93,324.87,20010919,4,1,서울특별시 동대문구 제기동 272-17번지
11230,10300,0,0272,0018,,,일반건축물,단독주택,다중주택,131,77,283.14,20120213,3,1,서울특별시 동대문구 제기동 272-18번지
11230,10300,0,0272,0020,제기동 다세대주택1,,표제부,공동주택,공동주택(다세대주택),235.2,140,524.78,20021019,5,0,서울특별시 동대문구 제기동 272-20번지
11230,10300,0,0272,0022,,,일반건축물,단독주택,다가구용단독주택(5가구),117.64,70.54,221.4,19931217,3,1,서울특별시 동대문구 제기동 272-22번지
11230,10300,0,0273,0001,미주주택,,일반건축물,단독주택,"다가구주택, 근린생활시설",165,98.65,329.85,20190131,5,0,서울특별시 동대문구 제기동 273-1번지
11230,10300,0,0273,0002,,,일반건축물,단독주택,주택,164.15,0,279.12,19831130,2,1,서울특별시 동대문구 제기동 273-2번지
11230,10300,0,0274,0001,선농단 역사문화관,,일반건축물,문화및집회시설,문화 및 집회시설(전시장),3933,0,1614,20150605,0,2,서울특별시 동대문구 제기동 274-1번지
11230,10300,0,0274,0006,,,일반건축물,종교시설,"종교시설, 주택",734,300.56,1570.26,19790925,4,1,서울특별시 동대문구 제기동 274-6번지
11230,10300,0,0274,0008,청솔그린빌,,표제부,공동주택,연립주택,552,315.56,1544.44,20020528,4,1,서울특별시 동대문구 제기동 274-8번지
11230,10300,0,0274,0009,,,일반건축물,단독주택,주택,252,0,328.88,19840719,2,1,서울특별시 동대문구 제기동 274-9번지
11230,10300,0,0274,0010,,,일반건축물,단독주택,다중주택,208,121.53,299.3,20100610,3,1,서울특별시 동대문구 제기동 274-10번지
11230,10300,0,0274,0011,,,일반건축물,단독주택,주택,0,0,323.31,19780925,2,1,서울특별시 동대문구 제기동 274-11번지
11230,10300,0,0274,0012,동광펠리스,,표제부,공동주택,단지형다세대,530,136.73,629.02,20140725,4,1,서울특별시 동대문구 제기동 274-12번지
11230,10300,0,0274,0012,동광펠리스,,표제부,공동주택,단지형다세대,530,181.17,859.33,20140725,4,1,서울특별시 동대문구 제기동 274-12번지
11230,10300,0,0274,0014,,,일반건축물,제2종근린생활시설,교회,0,0,817.69,19800806,1,1,서울특별시 동대문구 제기동 274-14번지
11230,10300,0,0274,0016,푸른마을9차,,표제부,공동주택,공동주택(연립주택),409,243.67,771.91,20020422,4,0,서울특별시 동대문구 제기동 274-16번지
11230,10300,0,0274,0017,청운주택,,표제부,공동주택,공동주택(다세대주택),281,165.78,797.22,20031113,4,1,서울특별시 동대문구 제기동 274-17번지
11230,10300,0,0274,0021,동성네스트빌아파트 2동,,표제부,공동주택,공동주택(아파트),536,287.91,1482.85,20040316,5,1,서울특별시 동대문구 제기동 274-21번지
11230,10300,0,0274,0022,제기동274-22,,표제부,공동주택,단지형다세대주택,0,141.12,884.46,20200414,5,1,서울특별시 동대문구 제기동 274-22번지
11230,10300,0,0274,0022,제기동274-22,,표제부,공동주택,단지형다세대주택,0,178.81,543.16,20200414,5,0,서울특별시 동대문구 제기동 274-22번지
11230,10300,0,0274,0024,우림 빌라트,,표제부,공동주택,"공동주택,연립주택",394,226.74,816.22,20030326,5,0,서울특별시 동대문구 제기동 274-24번지
11230,10300,0,0274,0030,,,일반건축물,단독주택,주택,232,0,280.91,19830726,2,1,서울특별시 동대문구 제기동 274-30번지
11230,10300,0,0274,0031,,,일반건축물,단독주택,주택,0,0,193.3,19780914,2,1,서울특별시 동대문구 제기동 274-31번지
11230,10300,0,0274,0035,,,표제부,공동주택,도시형생활주택(원룸형),270,160.79,607.74,20130906,4,1,서울특별시 동대문구 제기동 274-35번지
11230,10300,0,0274,0038,청운주택,,표제부,공동주택,공동주택(다세대주택),299,175.78,867.6,20031028,4,1,서울특별시 동대문구 제기동 274-38번지
11230,10300,0,0285,0001,신윤빌딩,,일반건축물,제2종근린생활시설,근린생활시설,98.8,49.29,188.75,20250116,4,0,서울특별시 동대문구 제기동 285-1번지
11230,10300,0,0285,0002,,,일반건축물,단독주택,"근린생활시설, 단독주택",99.2,56.61,259.98,19950412,4,1,서울특별시 동대문구 제기동 285-2번지
11230,10300,0,0285,0003,,,일반건축물,단독주택,다가구용단독주택 (4가구),87.28,45.02,147.47,19910502,3,1,서울특별시 동대문구 제기동 285-3번지
11230,10300,0,0285,0004,,,일반건축물,단독주택,"주택, 근린생활시설",0,0,193.27,19660820,2,1,서울특별시 동대문구 제기동 285-4번지
11230,10300,0,0285,0005,,,일반건축물,제1종근린생활시설,근린생활시설(점포),0,0,43.5,19591015,1,0,서울특별시 동대문구 제기동 285-5번지
11230,10300,0,0285,0006,,,일반건축물,단독주택,"주택, 여관, 점포",0,0,372.69,19710620,4,1,서울특별시 동대문구 제기동 285-6번지
11230,10300,0,0285,0008,,,일반건축물,제1종근린생활시설,"근린생활시설, 주택",175.65,86.4,490.76,19911210,5,1,서울특별시 동대문구 제기동 285-8번지
11230,10300,0,0285,0009,로얄빌딩,,일반건축물,제1종근린생활시설,"(소매점)제2종근린생활시설(사무소),사무실,근린생활시설의원",475,275.87,1079.25,19770514,3,1,서울특별시 동대문구 제기동 285-9번지
11230,10300,0,0285,0016,,,일반건축물,단독주택,단독주택(다가구주택),83.2,40.83,140.2,19910613,3,1,서울특별시 동대문구 제기동 285-16번지
11230,10300,0,0285,0017,,,일반건축물,단독주택,다가구용단독주택(4가구),83.06,40.83,128.32,19911026,2,1,서울특별시 동대문구 제기동 285-17번지
11230,10300,0,0285,0018,,,일반건축물,단독주택,다가구용단독주택(4가구),83.27,40.83,125.92,19910918,2,1,서울특별시 동대문구 제기동 285-18번지
11230,10300,0,0285,0019,,,일반건축물,제1종근린생활시설,"근린생활시설, 주택",129.43,64.68,291.6,19940128,3,1,서울특별시 동대문구 제기동 285-19번지
11230,10300,0,0285,0021,,,일반건축물,단독주택,"근린생활시설, 주택",80.42,47.93,193.11,19910523,3,1,서울특별시 동대문구 제기동 285-21번지
11230,10300,0,0285,0022,에덴하우스2차,,표제부,공동주택,공동주택(단지형다세대주택),193.48,96.56,427.79,20140127,6,0,서울특별시 동대문구 제기동 285-22번지
11230,10300,0,0285,0023,,,일반건축물,단독주택,다가구용단독주택(4가구),83.85,41.76,134.91,19910613,2,1,서울특별시 동대문구 제기동 285-23번지
11230,10300,0,0285,0024,,,일반건축물,단독주택,다가구용단독주택(4가구),89.72,48.03,146.67,19910531,2,1,서울특별시 동대문구 제기동 285-24번지
11230,10300,0,0285,0025,,,일반건축물,단독주택,주택,96.3,0,202.26,19851218,3,1,서울특별시 동대문구 제기동 285-25번지
11230,10300,0,0285,0026,,,일반건축물,단독주택,주택,86.8,0,137.81,19891228,2,1,서울특별시 동대문구 제기동 285-26번지
11230,10300,0,0285,0028,,,일반건축물,단독주택,근린생활시설,175.77,104.4,468.87,19920706,4,1,서울특별시 동대문구 제기동 285-28번지
11230,10300,0,0285,0029,,,일반건축물,단독주택,"근린생활시설, 다가구용단독주택(5가구)",207.6,123.6,468.04,19940506,3,1,서울특별시 동대문구 제기동 285-29번지
11230,10300,0,0285,0031,,,일반건축물,단독주택,"근린생활시설, 다가구용단독주택(2가구)",102.2,59.2,235.8,19920731,3,1,서울특별시 동대문구 제기동 285-31번지
11230,10300,0,0285,0032,,,일반건축물,단독주택,"근린생활시설, 주택",0,0,113.43,19760802,2,1,서울특별시 동대문구 제기동 285-32번지
11230,10300,0,0285,0033,,,일반건축물,제2종근린생활시설,"주택,제2종근린생활시설",69.4,52.18,102.81,19830812,3,0,서울특별시 동대문구 제기동 285-33번지
11230,10300,0,0286,0001,,,일반건축물,단독주택,"주택, 근린생활시설",0,0,35.04,19580610,1,0,서울특별시 동대문구 제기동 286-1번지
11230,10300,0,0286,0003,,,일반건축물,단독주택,주택,0,0,205.28,19861229,3,1,서울특별시 동대문구 제기동 286-3번지
11230,10300,0,0286,0005,,,표제부,공동주택,공동주택(다세대주택),447.17,114.54,383.04,20140206,5,0,서울특별시 동대문구 제기동 286-5번지
11230,10300,0,0286,0005,,,표제부,공동주택,공동주택(다세대주택),447.17,153.23,510.53,20140206,5,0,서울특별시 동대문구 제기동 286-5번지
11230,10300,0,0286,0006,은진하이빌,,표제부,공동주택,도시형생활주택(단지형다세대),149.9,83.75,299.52,20150406,6,0,서울특별시 동대문구 제기동 286-6번지
11230,10300,0,0286,0007,,,일반건축물,제1종근린생활시설,"근린생활시설, 주택",112.1,0,289.53,19900929,4,1,서울특별시 동대문구 제기동 286-7번지
11230,10300,0,0286,0008,,,일반건축물,창고시설,창고시설(창고),82.6,48.89,48.89,20070824,1,0,서울특별시 동대문구 제기동 286-8번지
11230,10300,0,0286,0009,,,일반건축물,제2종근린생활시설,사무소,88.9,0,69.22,19830504,1,0,서울특별시 동대문구 제기동 286-9번지
11230,10300,0,0286,0010,,,일반건축물,제1종근린생활시설,"근린생활시설,다가구주택",0,0,744.91,19871126,4,1,서울특별시 동대문구 제기동 286-10번지
11230,10300,0,0286,0013,,,일반건축물,단독주택,단독주택,84.1,49.96,140.4,19920128,2,1,서울특별시 동대문구 제기동 286-13번지
11230,10300,0,0286,0014,,,일반건축물,단독주택,단독주택,96,57.55,161.75,19910821,2,1,서울특별시 동대문구 제기동 286-14번지
11230,10300,0,0286,0016,,,일반건축물,단독주택,주택,0,0,33.06,,1,0,서울특별시 동대문구 제기동 286-16번지
11230,10300,0,0286,0018,,,일반건축물,단독주택,주택,0,0,30.08,19490905,1,0,서울특별시 동대문구 제기동 286-18번지
11230,10300,0,0286,0019,,,일반건축물,제1종근린생활시설,근린생활시설,0,0,29.75,,1,0,서울특별시 동대문구 제기동 286-19번지
11230,10300,0,0286,0021,,,일반건축물,제2종근린생활시설,"근린생활시설, 주택",159.63,0,395.05,19900220,4,1,서울특별시 동대문구 제기동 286-21번지
11230,10300,0,0286,0023,,,일반건축물,단독주택,"근린생활시설, 주택",82.6,0,96.16,19900713,2,1,서울특별시 동대문구 제기동 286-23번지
11230,10300,0,0286,0024,,,일반건축물,단독주택,주택,76,0,123.42,19900321,2,1,서울특별시 동대문구 제기동 286-24번지
11230,10300,0,0286,0025,,,일반건축물,단독주택,다가구용단독주택(5가구),112.3,67.26,196.29,19920313,2,1,서울특별시 동대문구 제기동 286-25번지
11230,10300,0,0286,0026,,,일반건축물,단독주택,다가구용단독주택(5가구),71.86,41.14,150.1,19911029,3,1,서울특별시 동대문구 제기동 286-26번지
11230,10300,0,0286,0027,,,일반건축물,단독주택,단독주택(다가구주택),96.16,71.26,221.68,19910713,3,1,서울특별시 동대문구 제기동 286-27번지
11230,10300,0,0286,0029,,,일반건축물,단독주택,다가구용단독주택(3가구),72.7,43.61,125.1,19911029,2,1,서울특별시 동대문구 제기동 286-29번지
11230,10300,0,0286,0030,,,일반건축물,단독주택,다가구주택 2가구,58.5,34.48,55.75,19930421,2,0,서울특별시 동대문구 제기동 286-30번지
11230,10300,0,0286,0031,,,일반건축물,단독주택,단독주택,125.3,63.91,260.33,19870722,3,1,서울특별시 동대문구 제기동 286-31번지
11230,10300,0,0286,0032,,,일반건축물,단독주택,다가구용단독주택(7가구),165.43,96.88,328.89,19910918,3,1,서울특별시 동대문구 제기동 286-32번지
11230,10300,0,0286,0034,,,일반건축물,단독주택,다가구용단독주택(3가구),72.7,42.9,127.56,19911024,2,1,서울특별시 동대문구 제기동 286-34번지
11230,10300,0,0286,0035,,,일반건축물,단독주택,단독주택,71.69,42.56,126.88,19920323,2,1,서울특별시 동대문구 제기동 286-35번지
11230,10300,0,0286,0036,,,일반건축물,단독주택,주택,69.3,0,38.54,19830802,1,0,서울특별시 동대문구 제기동 286-36번지
11230,10300,0,0286,0037,,,일반건축물,단독주택,"주택, 근린생활시설",0,0,46.28,19490920,1,0,서울특별시 동대문구 제기동 286-37번지
11230,10300,0,0286,0038,,,일반건축물,단독주택,"근린생활시설, 단독주택(3가구)",80.7,52.09,248.65,19990430,4,1,서울특별시 동대문구 제기동 286-38번지
11230,10300,0,0287,0001,,,일반건축물,단독주택,"근린생활시설, 다가구용단독주택(3가구)",174.2,103.74,414.54,19940419,3,1,서울특별시 동대문구 제기동 287-1번지
11230,10300,0,0287,0002,,,일반건축물,단독주택,"단독주택,근린생활시설",82.6,44.1,114.24,20030920,3,0,서울특별시 동대문구 제기동 287-2번지
11230,10300,0,0287,0003,,,일반건축물,단독주택,단독주택,82.6,49.22,147.03,19911224,2,1,서울특별시 동대문구 제기동 287-3번지
11230,10300,0,0287,0004,,,일반건축물,단독주택,단독주택,81.6,47.88,143.64,19910914,2,1,서울특별시 동대문구 제기동 287-4번지
11230,10300,0,0287,0005,,,일반건축물,단독주택,주택,0,0,163.74,19861113,2,1,서울특별시 동대문구 제기동 287-5번지
11230,10300,0,0287,0006,,,일반건축물,제1종근린생활시설,근린생활시설,274.4,164.36,957.2,19951026,5,1,서울특별시 동대문구 제기동 287-6번지
11230,10300,0,0287,0007,,,일반건축물,단독주택,다가구용단독주택(5가구),78.6,51.28,138.83,19930824,2,1,서울특별시 동대문구 제기동 287-7번지
11230,10300,0,0287,0008,,,일반건축물,단독주택,다가구주택(5가구),76.8,51.82,147.02,19930723,2,1,서울특별시 동대문구 제기동 287-8번지
11230,10300,0,0287,0009,,,일반건축물,단독주택,단독주택,71.65,41.22,113.16,19920514,2,1,서울특별시 동대문구 제기동 287-9번지
11230,10300,0,0287,0010,,,일반건축물,단독주택,다가구용단독주택(3가구),79.21,0,123.07,19901023,2,1,서울특별시 동대문구 제기동 287-10번지
11230,10300,0,0287,0013,제기동근생및다가구주택,,일반건축물,단독주택,"단독주택(다가구주택4가구),근린생활시설",181.28,106.74,491.64,20030619,5,0,서울특별시 동대문구 제기동 287-13번지
11230,10300,0,0287,0015,,,일반건축물,단독주택,"주택, 근린생활시설(점포)",0,0,101.87,19830204,2,1,서울특별시 동대문구 제기동 287-15번지
11230,10300,0,0287,0016,,,일반건축물,단독주택,다가구용단독주택(4가구),70.15,48.7,163.74,19940506,3,1,서울특별시 동대문구 제기동 287-16번지
11230,10300,0,0287,0017,,,일반건축물,단독주택,다가구주택(3가구),67.99,40.15,158.36,19920618,3,1,서울특별시 동대문구 제기동 287-17번지
11230,10300,0,0287,0018,,,일반건축물,단독주택,"제1종 근린생활시설, 단독주택",86.3,51.48,175.18,20021007,4,0,서울특별시 동대문구 제기동 287-18번지
11230,10300,0,0287,0019,제기동 근생주택,,일반건축물,단독주택,"제1종근린생활시설, 단독주택",66.1,38.4,107.52,20021007,3,0,서울특별시 동대문구 제기동 287-19번지
11230,10300,0,0287,0020,,,일반건축물,단독주택,단독주택,80,47.82,143.46,19920604,2,1,서울특별시 동대문구 제기동 287-20번지
11230,10300,0,0287,0021,,,일반건축물,단독주택,단독주택,70,41.76,136.13,19920604,3,1,서울특별시 동대문구 제기동 287-21번지
11230,10300,0,0287,0023,,,일반건축물,단독주택,단독주택 외2,144.4,86.43,344,19910916,3,1,서울특별시 동대문구 제기동 287-23번지
11230,10300,0,0287,0024,,,일반건축물,단독주택,주택,0,0,37.96,,1,0,서울특별시 동대문구 제기동 287-24번지
11230,10300,0,0287,0025,,,일반건축물,단독주택,"주택, 점포",0,0,128.72,19770811,2,1,서울특별시 동대문구 제기동 287-25번지
11230,10300,0,0287,0026,,,일반건축물,단독주택,주택,0,0,27.27,19850629,1,0,서울특별시 동대문구 제기동 287-26번지
11230,10300,0,0287,0027,,,일반건축물,제1종근린생활시설,대중목욕탕외 2,277.7,196.17,362.91,19550910,2,0,서울특별시 동대문구 제기동 287-27번지
11230,10300,0,0287,0028,,,일반건축물,제1종근린생활시설,근린생활시설,0,0,23.74,19530510,1,0,서울특별시 동대문구 제기동 287-28번지
11230,10300,0,0287,0031,,,일반건축물,제1종근린생활시설,근린생활시설외 1,327.1,0,654.9,19841130,3,1,서울특별시 동대문구 제기동 287-31번지
11230,10300,0,0287,0033,,,일반건축물,제1종근린생활시설,동사무소,0,0,655.05,19850109,4,1,서울특별시 동대문구 제기동 287-33번지
11230,10300,0,0287,0034,,,일반건축물,제1종근린생활시설,"제1종근린생활시설(소매점),주택",0,0,254.31,19750705,2,1,서울특별시 동대문구 제기동 287-34번지
11230,10300,0,0288,0000,,,일반건축물,단독주택,주택,0,0,52.89,19490520,1,0,서울특별시 동대문구 제기동 288번지
11230,10300,0,0288,0000,,,일반건축물,단독주택,주택,0,0,47.37,19580725,1,0,서울특별시 동대문구 제기동 288번지
11230,10300,0,0288,0000,,,일반건축물,제2종근린생활시설,근린생활시설,0,0,40.5,19850629,1,0,서울특별시 동대문구 제기동 288번지
11230,10300,0,0288,0000,,,일반건축물,단독주택,주택,0,0,30.96,19850629,1,0,서울특별시 동대문구 제기동 288번지
11230,10300,0,0288,0000,,,일반건축물,단독주택,주택,0,0,42.51,19591001,1,0,서울특별시 동대문구 제기동 288번지
11230,10300,0,0288,0000,,,일반건축물,단독주택,주택,0,0,38.49,19850629,1,0,서울특별시 동대문구 제기동 288번지
11230,10300,0,0288,0000,,,일반건축물,단독주택,"주택, 점포",0,0,44.84,19850629,1,0,서울특별시 동대문구 제기동 288번지
11230,10300,0,0288,0000,,,일반건축물,단독주택,주택,0,0,36.99,19591020,1,0,서울특별시 동대문구 제기동 288번지
11230,10300,0,0288,0000,,,일반건축물,제1종근린생활시설,근린생활시설,0,0,42.98,,1,0,서울특별시 동대문구 제기동 288번지
11230,10300,0,0288,0000,,,일반건축물,단독주택,주택,0,0,60.09,19850629,1,0,서울특별시 동대문구 제기동 288번지
11230,10300,0,0288,0000,,,일반건축물,단독주택,"주택, 점포",0,0,62.01,19850629,1,0,서울특별시 동대문구 제기동 288번지
11230,10300,0,0288,0000,,,일반건축물,단독주택,주택,0,0,29.64,19850629,1,0,서울특별시 동대문구 제기동 288번지
11230,10300,0,0288,0000,,,일반건축물,단독주택,주택,0,0,21,19850629,1,0,서울특별시 동대문구 제기동 288번지
11230,10300,0,0288,0000,,,일반건축물,단독주택,주택,0,0,83.56,19850629,1,0,서울특별시 동대문구 제기동 288번지
11230,10300,0,0288,0000,,,일반건축물,단독주택,"주택, 근린생활시설",0,0,27.77,,1,0,서울특별시 동대문구 제기동 288번지
11230,10300,0,0288,0000,,,일반건축물,단독주택,주택,0,0,43.59,19850629,1,0,서울특별시 동대문구 제기동 288번지
11230,10300,0,0288,0000,,,일반건축물,단독주택,주택,0,0,88.59,19670923,2,0,서울특별시 동대문구 제기동 288번지
11230,10300,0,0288,0000,,,일반건축물,단독주택,주택,0,0,31.07,,1,0,서울특별시 동대문구 제기동 288번지
11230,10300,0,0288,0000,,,일반건축물,단독주택,주택,0,0,107.77,19590123,2,0,서울특별시 동대문구 제기동 288번지
11230,10300,0,0288,0001,,,일반건축물,단독주택,주택,0,0,63.1,19850629,1,0,서울특별시 동대문구 제기동 288-1번지
11230,10300,0,0289,0001,,,일반건축물,제1종근린생활시설,"근린생활시설(다방,점포,사무실)외 1",0,0,569.53,19860910,4,1,서울특별시 동대문구 제기동 289-1번지
11230,10300,0,0289,0002,,,일반건축물,제2종근린생활시설,제2종근린생활시설,224.8,104.58,209.16,20081010,2,0,서울특별시 동대문구 제기동 289-2번지
11230,10300,0,0289,0003,,,일반건축물,제1종근린생활시설,근린생활시설 외 1,466.7,233.24,1202.55,19860521,6,1,서울특별시 동대문구 제기동 289-3번지
11230,10300,0,0289,0004,,,일반건축물,제1종근린생활시설,"여관, 점포",0,0,390.46,19690722,3,1,서울특별시 동대문구 제기동 289-4번지
11230,10300,0,0289,0005,,,표제부,공동주택,"도시형생활주택(단지형다세대),업무시설(오피스텔)",444.35,222,1198.71,20180517,8,1,서울특별시 동대문구 제기동 289-5번지
11230,10300,0,0289,0006,,,일반건축물,제1종근린생활시설,근린생활시설,0,0,124.63,19650413,1,0,서울특별시 동대문구 제기동 289-6번지
11230,10300,0,0289,0007,,,일반건축물,제2종근린생활시설,"근린생활시설, 주택",0,0,571.71,19861220,5,1,서울특별시 동대문구 제기동 289-7번지
11230,10300,0,0289,0010,,,일반건축물,단독주택,단독주택,230,113.7,220.61,20101008,2,1,서울특별시 동대문구 제기동 289-10번지
11230,10300,0,0289,0012,경동힐타운,,표제부,공동주택,다세대주택,235,140.88,483.98,20020809,5,0,서울특별시 동대문구 제기동 289-12번지
11230,10300,0,0289,0013,,,일반건축물,제1종근린생활시설,"근린생활시설, 주택",234.9,0,526.88,19840618,4,1,서울특별시 동대문구 제기동 289-13번지
11230,10300,0,0289,0014,,,일반건축물,제1종근린생활시설,"근린생활시설, 주택(2가구)",211.6,104.95,493.61,19930928,4,1,서울특별시 동대문구 제기동 289-14번지
11230,10300,0,0289,0015,경동힐타운,,표제부,공동주택,다세대주택,205,122.4,500.2,20020809,5,0,서울특별시 동대문구 제기동 289-15번지
11230,10300,0,0289,0017,삼성하이츠빌,,표제부,공동주택,"다세대주택,제1종근린생활시설",377.3,188.16,721.14,20101112,5,0,서울특별시 동대문구 제기동 289-17번지
11230,10300,0,0289,0020,,,일반건축물,제1종근린생활시설,"근린생활시설, 주택",213.54,106.57,645.24,19920408,5,1,서울특별시 동대문구 제기동 289-20번지
11230,10300,0,0289,0021,,,일반건축물,단독주택,주택,0,0,79.74,,1,0,서울특별시 동대문구 제기동 289-21번지
11230,10300,0,0290,0001,,,일반건축물,단독주택,"주택, 점포",0,0,165.55,19711225,3,1,서울특별시 동대문구 제기동 290-1번지
11230,10300,0,0290,0003,,,일반건축물,단독주택,주택,0,0,49.75,19660315,1,0,서울특별시 동대문구 제기동 290-3번지
11230,10300,0,0290,0004,,,일반건축물,단독주택,주택,45.21,0,35.89,19830621,1,0,서울특별시 동대문구 제기동 290-4번지
11230,10300,0,0290,0005,,,일반건축물,단독주택,주택,34,0,22.95,19840307,1,0,서울특별시 동대문구 제기동 290-5번지
11230,10300,0,0290,0006,,,일반건축물,단독주택,주택,68.31,0,36.76,19830826,1,0,서울특별시 동대문구 제기동 290-6번지
11230,10300,0,0290,0010,,,일반건축물,단독주택,"다가구주택(3가구), 근린생활시설",64.7,42.6,134.01,19930918,3,1,서울특별시 동대문구 제기동 290-10번지
11230,10300,0,0290,0011,,,일반건축물,단독주택,다가구용단독주택(4가구),74,49.4,123.72,19930714,2,1,서울특별시 동대문구 제기동 290-11번지
11230,10300,0,0290,0012,,,일반건축물,단독주택,"근린생활시설, 주택(2가구)",79.5,53.28,205.26,19931209,3,1,서울특별시 동대문구 제기동 290-12번지
11230,10300,0,0290,0014,현진스위트빌,,표제부,공동주택,다세대주택,306.11,166.54,611.96,20231026,6,0,서울특별시 동대문구 제기동 290-14번지
11230,10300,0,0290,0016,,,일반건축물,단독주택,다가구용단독주택(4가구),74.9,49.67,126.98,19930715,2,1,서울특별시 동대문구 제기동 290-16번지
11230,10300,0,0290,0017,,,일반건축물,단독주택,다가구용단독주택(4가구),73.4,48.51,119.02,19930621,2,1,서울특별시 동대문구 제기동 290-17번지
11230,10300,0,0290,0020,,,일반건축물,단독주택,다가구용단독주택(3가구),56.72,35.52,102.72,19930721,2,1,서울특별시 동대문구 제기동 290-20번지
11230,10300,0,0290,0021,,,일반건축물,단독주택,다가구용단독주택(3가구),48.5,31.5,72.15,19930719,2,1,서울특별시 동대문구 제기동 290-21번지
11230,10300,0,0293,0000,정화여자상업고등학교,,일반건축물,교육연구시설,교육연구시설(학교),4575.9,1443.68,7897.09,19731119,5,1,서울특별시 동대문구 제기동 293번지
11230,10300,0,0294,0000,노블하우스,,표제부,공동주택,다세대주택 외1,290,173.87,579.57,20110809,5,0,서울특별시 동대문구 제기동 294번지
11230,10300,0,0294,0002,노블하우스,,표제부,공동주택,다세대주택(8세대),289.6,173.73,578.76,20110801,5,0,서울특별시 동대문구 제기동 294-2번지
11230,10300,0,0303,0000,,,일반건축물,단독주택,주택,0,0,38.02,19510510,1,0,서울특별시 동대문구 제기동 303번지
11230,10300,0,0306,0000,노블하우스,,표제부,공동주택,다세대주택(8세대)외 1,330.5,197.89,660.72,20110802,5,0,서울특별시 동대문구 제기동 306번지
11230,10300,0,0306,0002,노블하우스,,표제부,공동주택,"다세대주택,제1종근린생활시설",338.8,197.62,677,20110805,5,0,서울특별시 동대문구 제기동 306-2번지
11230,10300,0,0314,0000,,,일반건축물,단독주택,"주택, 점포",0,0,198.77,19690302,2,0,서울특별시 동대문구 제기동 314번지
11230,10300,0,0315,0000,,,일반건축물,단독주택,"근린생활시설, 단독주택",98.5,58.48,292.4,19951123,5,0,서울특별시 동대문구 제기동 315번지
11230,10300,0,0316,0000,,,일반건축물,단독주택,"근린생활시설, 단독주택",94.9,56.66,243.37,19960415,5,0,서울특별시 동대문구 제기동 316번지
11230,10300,0,0317,0000,,,일반건축물,단독주택,근린생활시설 외 1,192.1,95.76,596.49,19901022,5,1,서울특별시 동대문구 제기동 317번지
11230,10300,0,0320,0000,,,일반건축물,단독주택,주택,113.9,0,179.28,19900604,2,1,서울특별시 동대문구 제기동 320번지
11230,10300,0,0321,0000,,,일반건축물,제1종근린생활시설,근린생활시설,79.55,49.68,49.68,19941122,1,0,서울특별시 동대문구 제기동 321번지
11230,10300,0,0322,0000,,,일반건축물,단독주택,다가구용단독주택(3가구),76.75,48.94,118.55,19950722,2,1,서울특별시 동대문구 제기동 322번지
11230,10300,0,0323,0000,,,일반건축물,단독주택,주택,94.9,0,47.9,19850629,1,0,서울특별시 동대문구 제기동 323번지
11230,10300,0,0324,0000,,,일반건축물,단독주택,단독주택 외1,0,0,68.32,19841212,1,0,서울특별시 동대문구 제기동 324번지
11230,10300,0,0326,0000,,,일반건축물,단독주택,주택,35.8,0,62.52,19850629,1,0,서울특별시 동대문구 제기동 326번지
11230,10300,0,0327,0000,,,일반건축물,단독주택,주택,66.8,0,28.8,19850629,1,0,서울특별시 동대문구 제기동 327번지
11230,10300,0,0329,0000,,,일반건축물,단독주택,단독주택,83.56,0,119.43,19900926,2,1,서울특별시 동대문구 제기동 329번지
11230,10300,0,0330,0000,,,일반건축물,단독주택,다가구용단독주택(5가구),103.06,52.46,188.47,19900928,3,1,서울특별시 동대문구 제기동 330번지
11230,10300,0,0331,0000,,,일반건축물,단독주택,"주택, 점포",111.07,0,83.03,19840828,1,0,서울특별시 동대문구 제기동 331번지
11230,10300,0,0332,0000,,,일반건축물,제1종근린생활시설,"주택, 근린생활시설",0,0,335.22,19850828,3,1,서울특별시 동대문구 제기동 332번지
11230,10300,0,0333,0000,,,일반건축물,단독주택,다가구용단독주택(3가구),97.5,51.28,191.04,19910919,4,1,서울특별시 동대문구 제기동 333번지
11230,10300,0,0334,0000,,,일반건축물,단독주택,"근린생활시설, 주택",97.2,53.9,204.6,19930309,3,1,서울특별시 동대문구 제기동 334번지
11230,10300,0,0335,0000,,,일반건축물,단독주택,"제1종근린생활시설, 다가구주택(2가구)",98.8,58.93,205.66,19930416,3,1,서울특별시 동대문구 제기동 335번지
11230,10300,0,0336,0000,,,일반건축물,단독주택,단독주택 외2,81.6,47.58,178.35,19930401,3,1,서울특별시 동대문구 제기동 336번지
11230,10300,0,0337,0000,,,일반건축물,교육연구시설,교육연구시설(학교),1490.2,608.85,1818.75,19940310,3,0,서울특별시 동대문구 제기동 337번지
11230,10300,0,0341,0000,,,일반건축물,단독주택,주택,0,0,31.57,19490806,1,0,서울특별시 동대문구 제기동 341번지
11230,10300,0,0341,0000,,,일반건축물,단독주택,주택,0,0,30.74,19521001,1,0,서울특별시 동대문구 제기동 341번지
11230,10300,0,0341,0000,,,일반건축물,단독주택,주택,0,0,52.89,19570112,1,0,서울특별시 동대문구 제기동 341번지
11230,10300,0,0341,0000,,,일반건축물,단독주택,주택,0,0,28.2,19850629,1,0,서울특별시 동대문구 제기동 341번지
11230,10300,0,0341,0000,,,일반건축물,단독주택,주택,0,0,29.75,,1,0,서울특별시 동대문구 제기동 341번지
11230,10300,0,0341,0000,,,일반건축물,단독주택,주택,0,0,33.82,19580625,1,0,서울특별시 동대문구 제기동 341번지
11230,10300,0,0341,0000,,,일반건축물,단독주택,주택,0,0,34.38,19560501,1,0,서울특별시 동대문구 제기동 341번지
11230,10300,0,0341,0000,,,일반건축물,단독주택,주택,0,0,33.06,19491010,1,0,서울특별시 동대문구 제기동 341번지
11230,10300,0,0341,0000,,,일반건축물,단독주택,"주택, 점포",0,0,72,19850629,2,0,서울특별시 동대문구 제기동 341번지
11230,10300,0,0341,0000,,,일반건축물,단독주택,주택,0,0,35.11,19580410,1,0,서울특별시 동대문구 제기동 341번지
11230,10300,0,0341,0000,,,일반건축물,단독주택,"주택, 공장",0,0,28.43,19541005,1,0,서울특별시 동대문구 제기동 341번지
11230,10300,0,0341,0000,,,일반건축물,단독주택,주택,0,0,24.79,19590916,1,0,서울특별시 동대문구 제기동 341번지
11230,10300,0,0341,0000,,,일반건축물,단독주택,주택,0,0,30.58,19590305,1,0,서울특별시 동대문구 제기동 341번지
11230,10300,0,0341,0000,,,일반건축물,단독주택,주택,0,0,61.62,1959,1,0,서울특별시 동대문구 제기동 341번지
11230,10300,0,0341,0000,,,일반건축물,단독주택,주택,0,0,30.56,19850629,1,0,서울특별시 동대문구 제기동 341번지
11230,10300,0,0341,0000,,,일반건축물,단독주택,주택,0,0,46.8,19850629,1,0,서울특별시 동대문구 제기동 341번지
11230,10300,0,0341,0000,,,일반건축물,단독주택,주택,0,0,39.3,19850629,1,0,서울특별시 동대문구 제기동 341번지
11230,10300,0,0341,0000,,,일반건축물,단독주택,주택,0,0,37.38,19850629,1,0,서울특별시 동대문구 제기동 341번지
11230,10300,0,0341,0000,,,일반건축물,단독주택,주택,0,0,21.02,19440310,1,0,서울특별시 동대문구 제기동 341번지
11230,10300,0,0341,0000,,,일반건축물,단독주택,주택,0,0,34.16,19850629,1,0,서울특별시 동대문구 제기동 341번지
11230,10300,0,0341,0000,,,일반건축물,단독주택,주택,0,0,29.26,19590817,1,0,서울특별시 동대문구 제기동 341번지
11230,10300,0,0341,0000,,,일반건축물,단독주택,주택,0,0,29.75,19491010,1,0,서울특별시 동대문구 제기동 341번지
11230,10300,0,0341,0000,,,일반건축물,단독주택,주택,0,0,30.48,19500405,1,0,서울특별시 동대문구 제기동 341번지
11230,10300,0,0341,0000,,,일반건축물,단독주택,주택,0,0,36.73,19490109,1,0,서울특별시 동대문구 제기동 341번지
11230,10300,0,0341,0000,,,일반건축물,단독주택,주택,0,0,41.63,19850629,1,0,서울특별시 동대문구 제기동 341번지
11230,10300,0,0341,0000,,,일반건축물,단독주택,주택,0,0,33.06,19490404,1,0,서울특별시 동대문구 제기동 341번지
11230,10300,0,0341,0000,,,일반건축물,단독주택,주택,0,0,28.23,19501011,1,0,서울특별시 동대문구 제기동 341번지
11230,10300,0,0341,0000,,,일반건축물,단독주택,주택,0,0,30.2,19850629,1,0,서울특별시 동대문구 제기동 341번지
11230,10300,0,0342,0000,,,일반건축물,단독주택,주택,0,0,27.44,,1,0,서울특별시 동대문구 제기동 342번지
11230,10300,0,0342,0000,,,일반건축물,단독주택,주택,0,0,30.74,,1,0,서울특별시 동대문구 제기동 342번지
11230,10300,0,0342,0000,,,일반건축물,단독주택,주택,0,0,39,,1,0,서울특별시 동대문구 제기동 342번지
11230,10300,0,0342,0000,,,일반건축물,단독주택,주택,0,0,52.89,,1,0,서울특별시 동대문구 제기동 342번지
11230,10300,0,0342,0000,,,일반건축물,단독주택,주택,0,0,46.26,19580725,1,0,서울특별시 동대문구 제기동 342번지
11230,10300,0,0342,0000,,,일반건축물,단독주택,주택,0,0,52.89,19550505,1,0,서울특별시 동대문구 제기동 342번지
11230,10300,0,0342,0000,,,일반건축물,단독주택,주택,0,0,33.6,19850629,1,0,서울특별시 동대문구 제기동 342번지
11230,10300,0,0342,0000,,,일반건축물,단독주택,주택,0,0,48.93,19480510,1,0,서울특별시 동대문구 제기동 342번지
11230,10300,0,0342,0000,,,일반건축물,단독주택,주택,0,0,26.45,19551001,1,0,서울특별시 동대문구 제기동 342번지
11230,10300,0,0342,0000,,,일반건축물,단독주택,주택,0,0,62.81,,2,0,서울특별시 동대문구 제기동 342번지
11230,10300,0,0342,0000,,,일반건축물,단독주택,주택,0,0,65.98,1959080,2,0,서울특별시 동대문구 제기동 342번지
11230,10300,0,0342,0000,,,일반건축물,단독주택,주택,0,0,27.31,19481101,1,0,서울특별시 동대문구 제기동 342번지
11230,10300,0,0342,0000,,,일반건축물,단독주택,주택,0,0,42.21,19600520,1,0,서울특별시 동대문구 제기동 342번지
11230,10300,0,0342,0000,,,일반건축물,단독주택,주택,0,0,42.98,,1,0,서울특별시 동대문구 제기동 342번지
11230,10300,0,0342,0000,,,일반건축물,단독주택,주택,0,0,36.56,19480520,1,0,서울특별시 동대문구 제기동 342번지
11230,10300,0,0342,0000,,,일반건축물,단독주택,주택,0,0,30.41,,1,0,서울특별시 동대문구 제기동 342번지
11230,10300,0,0342,0000,,,일반건축물,단독주택,주택,0,0,7.64,19481030,1,0,서울특별시 동대문구 제기동 342번지
11230,10300,0,0342,0000,,,일반건축물,단독주택,주택,0,0,27.44,,1,0,서울특별시 동대문구 제기동 342번지
11230,10300,0,0342,0000,,,일반건축물,단독주택,주택,0,0,31.64,19451001,1,0,서울특별시 동대문구 제기동 342번지
11230,10300,0,0342,0000,,,일반건축물,단독주택,주택,0,0,19.83,,1,0,서울특별시 동대문구 제기동 342번지
11230,10300,0,0342,0000,,,일반건축물,단독주택,주택,0,0,33.06,19491110,1,0,서울특별시 동대문구 제기동 342번지
11230,10300,0,0342,0000,,,일반건축물,단독주택,주택,0,0,34.38,,1,0,서울특별시 동대문구 제기동 342번지
11230,10300,0,0342,0000,,,일반건축물,단독주택,주택,0,0,122.32,19671227,2,0,서울특별시 동대문구 제기동 342번지
11230,10300,0,0342,0000,,,일반건축물,단독주택,주택,0,0,87.93,19611230,1,0,서울특별시 동대문구 제기동 342번지
11230,10300,0,0342,0000,,,일반건축물,단독주택,주택,0,0,30.74,19480728,1,0,서울특별시 동대문구 제기동 342번지
11230,10300,0,0342,0000,,,일반건축물,단독주택,주택,35.39,0,35.39,19850629,1,0,서울특별시 동대문구 제기동 342번지
11230,10300,0,0342,0000,,,일반건축물,단독주택,주택,0,0,82.97,19490515,1,0,서울특별시 동대문구 제기동 342번지
11230,10300,0,0342,0000,,,일반건축물,단독주택,주택,0,0,44.63,19541020,1,0,서울특별시 동대문구 제기동 342번지
11230,10300,0,0342,0000,,,일반건축물,단독주택,주택,0,0,27.5,19480105,1,0,서울특별시 동대문구 제기동 342번지
11230,10300,0,0342,0000,,,일반건축물,단독주택,주택,0,0,24.26,19611020,1,0,서울특별시 동대문구 제기동 342번지
11230,10300,0,0342,0000,,,일반건축물,단독주택,주택,0,0,66.64,19490115,1,0,서울특별시 동대문구 제기동 342번지
11230,10300,0,0342,0000,,,일반건축물,단독주택,주택,0,0,43.8,19601110,1,0,서울특별시 동대문구 제기동 342번지
11230,10300,0,0342,0000,,,일반건축물,단독주택,주택,0,0,44.3,,1,0,서울특별시 동대문구 제기동 342번지
11230,10300,0,0342,0000,,,일반건축물,단독주택,주택,0,0,26.45,19480410,1,0,서울특별시 동대문구 제기동 342번지
11230,10300,0,0342,0000,,,일반건축물,단독주택,주택,0,0,29.75,19500420,1,0,서울특별시 동대문구 제기동 342번지
11230,10300,0,0342,0000,,,일반건축물,단독주택,주택,0,0,38.84,19570410,1,0,서울특별시 동대문구 제기동 342번지
11230,10300,0,0342,0000,,,일반건축물,단독주택,주택,0,0,30.51,19600930,1,0,서울특별시 동대문구 제기동 342번지
11230,10300,0,0342,0000,,,일반건축물,단독주택,주택,0,0,28.23,19541005,1,0,서울특별시 동대문구 제기동 342번지
11230,10300,0,0342,0000,,,일반건축물,단독주택,주택,0,0,80.23,,1,0,서울특별시 동대문구 제기동 342번지
11230,10300,0,0342,0000,,,일반건축물,단독주택,주택,0,0,112.4,,1,0,서울특별시 동대문구 제기동 342번지
11230,10300,0,0342,0000,,,일반건축물,단독주택,주택,0,0,52.33,19460510,1,0,서울특별시 동대문구 제기동 342번지
11230,10300,0,0342,0000,,,일반건축물,단독주택,주택,0,0,56.52,19850629,1,0,서울특별시 동대문구 제기동 342번지
11230,10300,0,0342,0000,,,일반건축물,단독주택,주택,0,0,28.79,19481005,1,0,서울특별시 동대문구 제기동 342번지
11230,10300,0,0342,0000,,,일반건축물,단독주택,주택,0,0,26.45,19480720,1,0,서울특별시 동대문구 제기동 342번지
11230,10300,0,0342,0000,,,일반건축물,단독주택,주택,0,0,58.74,19470401,1,0,서울특별시 동대문구 제기동 342번지
11230,10300,0,0342,0000,,,일반건축물,단독주택,주택,0,0,58.3,19850629,1,0,서울특별시 동대문구 제기동 342번지
11230,10300,0,0342,0000,,,일반건축물,단독주택,주택,0,0,36.36,19480630,1,0,서울특별시 동대문구 제기동 342번지
11230,10300,0,0342,0000,,,일반건축물,단독주택,주택,0,0,46.28,19491030,1,0,서울특별시 동대문구 제기동 342번지
11230,10300,0,0342,0000,,,일반건축물,단독주택,주택,0,0,59.31,19580503,1,0,서울특별시 동대문구 제기동 342번지
11230,10300,0,0342,0000,,,일반건축물,단독주택,주택,0,0,26.45,,1,0,서울특별시 동대문구 제기동 342번지
11230,10300,0,0342,0000,,,일반건축물,단독주택,주택,0,0,23.15,19570715,1,0,서울특별시 동대문구 제기동 342번지
11230,10300,0,0342,0000,,,일반건축물,단독주택,주택,0,0,28.76,19460410,1,0,서울특별시 동대문구 제기동 342번지
11230,10300,0,0342,0000,,,일반건축물,제1종근린생활시설,"점포, 주택",0,0,48.12,19850629,1,0,서울특별시 동대문구 제기동 342번지
11230,10300,0,0342,0000,,,일반건축물,단독주택,주택,0,0,13.75,19600620,1,0,서울특별시 동대문구 제기동 342번지
11230,10300,0,0342,0000,,,일반건축물,단독주택,주택,0,0,23.14,,1,0,서울특별시 동대문구 제기동 342번지
11230,10300,0,0342,0000,,,일반건축물,단독주택,주택,0,0,43.7,19481007,1,0,서울특별시 동대문구 제기동 342번지
11230,10300,0,0342,0000,,,일반건축물,단독주택,주택,0,0,26.45,19591020,1,0,서울특별시 동대문구 제기동 342번지
11230,10300,0,0342,0006,,,일반건축물,단독주택,주택,0,0,47.66,19850629,1,0,서울특별시 동대문구 제기동 342-6번지
11230,10300,0,0342,0010,,,일반건축물,단독주택,주택,3556.4,0,44.93,19850629,1,0,서울특별시 동대문구 제기동 342-10번지
11230,10300,0,0342,0015,,,일반건축물,단독주택,주택,0,0,18.55,19600405,1,0,서울특별시 동대문구 제기동 342-15번지
11230,10300,0,0342,0036,,,일반건축물,단독주택,주택,0,0,26.45,19470405,1,0,서울특별시 동대문구 제기동 342-36번지
11230,10300,0,0342,0041,,,일반건축물,단독주택,"주택, 점포",0,0,67.2,19850629,2,0,서울특별시 동대문구 제기동 342-41번지
11230,10300,0,0345,0000,,,일반건축물,단독주택,주택,0,0,34.48,19480801,1,0,서울특별시 동대문구 제기동 345번지
11230,10300,0,0345,0004,,,일반건축물,단독주택,주택,0,0,58.47,19850629,1,0,서울특별시 동대문구 제기동 345-4번지
11230,10300,0,0345,0005,,,일반건축물,단독주택,주택,0,0,32.4,19571010,1,0,서울특별시 동대문구 제기동 345-5번지
11230,10300,0,0345,0008,,,일반건축물,제1종근린생활시설,점포외 1,0,0,35.37,19850629,1,0,서울특별시 동대문구 제기동 345-8번지
11230,10300,0,0345,0009,,,일반건축물,단독주택,주택,0,0,38.43,19850629,1,0,서울특별시 동대문구 제기동 345-9번지
11230,10300,0,0345,0010,,,일반건축물,단독주택,주택,0,0,35.07,19850629,1,0,서울특별시 동대문구 제기동 345-10번지
11230,10300,0,0345,0011,,,일반건축물,단독주택,주택,0,0,36.24,19850629,1,0,서울특별시 동대문구 제기동 345-11번지
11230,10300,0,0345,0012,,,일반건축물,단독주택,주택,0,0,36.35,19810731,1,0,서울특별시 동대문구 제기동 345-12번지
11230,10300,0,0345,0017,,,일반건축물,단독주택,주택,0,0,117.92,19480801,2,0,서울특별시 동대문구 제기동 345-17번지
11230,10300,0,0345,0018,,,일반건축물,단독주택,주택,0,0,135.21,19480801,2,0,서울특별시 동대문구 제기동 345-18번지
11230,10300,0,0345,0019,,,일반건축물,제1종근린생활시설,근린생활시설,0,0,61.75,19481101,1,0,서울특별시 동대문구 제기동 345-19번지
11230,10300,0,0345,0020,,,일반건축물,제2종근린생활시설,"근린생활시설,제2종근린생활시설",0,0,82.74,19850629,1,0,서울특별시 동대문구 제기동 345-20번지
11230,10300,0,0345,0020,,,일반건축물,제1종근린생활시설,근린생활시설,54.12,0,43.32,19840725,1,0,서울특별시 동대문구 제기동 345-20번지
11230,10300,0,0345,0023,,,일반건축물,제2종근린생활시설,"사무소, 점포",0,0,95.31,19850629,1,0,서울특별시 동대문구 제기동 345-23번지
11230,10300,0,0345,0024,,,일반건축물,단독주택,다중주택,125.8,92.95,251.34,19681118,3,0,서울특별시 동대문구 제기동 345-24번지
11230,10300,0,0345,0026,,,일반건축물,단독주택,주택,0,0,36.42,19850629,1,0,서울특별시 동대문구 제기동 345-26번지
11230,10300,0,0345,0026,,,일반건축물,제1종근린생활시설,"주택, 점포",0,0,56.88,19850629,2,0,서울특별시 동대문구 제기동 345-26번지
11230,10300,0,0345,0027,,,일반건축물,제1종근린생활시설,점포,20,0,68.8,19850629,2,0,서울특별시 동대문구 제기동 345-27번지
11230,10300,0,0345,0028,,,일반건축물,제2종근린생활시설,"일반음식점, 근린생활시설 / 제1종근린생활시설(소매점)",137.8,101.69,101.69,19570410,1,0,서울특별시 동대문구 제기동 345-28번지
11230,10300,0,0345,0029,,,일반건축물,제1종근린생활시설,근린생활시설,0,0,26.06,19850629,1,0,서울특별시 동대문구 제기동 345-29번지
11230,10300,0,0346,0000,,,일반건축물,단독주택,주택,0,0,64.38,19850629,1,0,서울특별시 동대문구 제기동 346번지
11230,10300,0,0346,0000,,,일반건축물,단독주택,주택,0,0,31.1,19850629,1,0,서울특별시 동대문구 제기동 346번지
11230,10300,0,0346,0000,,,일반건축물,단독주택,주택,0,0,31.57,19610307,1,0,서울특별시 동대문구 제기동 346번지
11230,10300,0,0346,0000,,,일반건축물,단독주택,주택,0,0,49.82,19850629,1,0,서울특별시 동대문구 제기동 346번지
11230,10300,0,0346,0000,,,일반건축물,단독주택,주택,73.6,0,46.35,19850629,1,0,서울특별시 동대문구 제기동 346번지
11230,10300,0,0346,0000,,,일반건축물,단독주택,주택,0,0,31.52,19850629,1,0,서울특별시 동대문구 제기동 346번지
11230,10300,0,0346,0000,,,일반건축물,단독주택,주택,0,0,31.11,19850629,1,0,서울특별시 동대문구 제기동 346번지
11230,10300,0,0346,0000,,,일반건축물,단독주택,주택,0,0,33.06,19631008,1,0,서울특별시 동대문구 제기동 346번지
11230,10300,0,0346,0008,,,일반건축물,제1종근린생활시설,점포,0,0,128.09,19690710,2,1,서울특별시 동대문구 제기동 346-8번지
11230,10300,0,0346,0009,,,표제부,제1종근린생활시설,"점포,제2종근린생활시설",0,0,151.27,19690720,3,1,서울특별시 동대문구 제기동 346-9번지
11230,10300,0,0346,0010,,,일반건축물,제1종근린생활시설,근린생활시설,0,0,35.39,19850629,1,0,서울특별시 동대문구 제기동 346-10번지
11230,10300,0,0346,0012,,,일반건축물,단독주택,주택,0,0,47.11,19481105,1,0,서울특별시 동대문구 제기동 346-12번지
11230,10300,0,0346,0013,,,일반건축물,제2종근린생활시설,사무소,0,0,24.17,19490820,1,0,서울특별시 동대문구 제기동 346-13번지
11230,10300,0,0346,0014,,,일반건축물,단독주택,주택,0,0,31.59,19850629,1,0,서울특별시 동대문구 제기동 346-14번지
11230,10300,0,0347,0000,,,일반건축물,단독주택,주택,0,0,85.95,19601201,1,0,서울특별시 동대문구 제기동 347번지
11230,10300,0,0347,0000,,,일반건축물,단독주택,주택,0,0,46.71,19850630,1,0,서울특별시 동대문구 제기동 347번지
11230,10300,0,0347,0000,,,일반건축물,단독주택,주택,0,0,39.9,19850629,1,0,서울특별시 동대문구 제기동 347번지
11230,10300,0,0347,0000,,,일반건축물,단독주택,주택,0,0,44.78,19850630,1,0,서울특별시 동대문구 제기동 347번지
11230,10300,0,0347,0000,,,일반건축물,단독주택,주택,0,0,60.15,19850629,1,0,서울특별시 동대문구 제기동 347번지
11230,10300,0,0347,0000,,,일반건축물,단독주택,주택,0,0,28.69,19600705,1,0,서울특별시 동대문구 제기동 347번지
11230,10300,0,0347,0000,,,일반건축물,단독주택,주택,0,0,32.07,19850629,1,0,서울특별시 동대문구 제기동 347번지
11230,10300,0,0347,0000,,,일반건축물,단독주택,주택,0,0,49.66,19850629,1,0,서울특별시 동대문구 제기동 347번지
11230,10300,0,0347,0000,,,일반건축물,단독주택,주택,0,0,27.86,19850629,1,0,서울특별시 동대문구 제기동 347번지
11230,10300,0,0347,0006,,,일반건축물,단독주택,주택,0,0,54,19850629,1,0,서울특별시 동대문구 제기동 347-6번지
11230,10300,0,0347,0007,,,일반건축물,단독주택,주택,0,0,32.07,19560717,1,0,서울특별시 동대문구 제기동 347-7번지
11230,10300,0,0347,0008,,,일반건축물,단독주택,단독주택 외1,76.65,45.75,102.89,20051214,3,0,서울특별시 동대문구 제기동 347-8번지
11230,10300,0,0348,0000,신광빌딩,,표제부,제1종근린생활시설,근린생활시설 외1,451.68,270.81,1906.8,19971127,6,2,서울특별시 동대문구 제기동 348번지
11230,10300,0,0348,0001,,,일반건축물,제1종근린생활시설,점포,0,0,53.32,19780522,1,1,서울특별시 동대문구 제기동 348-1번지
11230,10300,0,0348,0002,,,일반건축물,단독주택,주택,0,0,36.03,19580320,1,0,서울특별시 동대문구 제기동 348-2번지
11230,10300,0,0348,0002,,,일반건축물,제2종근린생활시설,사무실,0,0,86.25,19601213,1,0,서울특별시 동대문구 제기동 348-2번지
11230,10300,0,0348,0003,,,표제부,제2종근린생활시설,사무소,111.9,52.3,198.09,20220412,3,1,서울특별시 동대문구 제기동 348-3번지
11230,10300,0,0348,0004,,,일반건축물,단독주택,주택,0,0,60.1,19611230,1,0,서울특별시 동대문구 제기동 348-4번지
11230,10300,0,0350,0000,,,일반건축물,단독주택,"근린생활시설, 주택(3가구)",85.3,50.02,198.45,19931026,4,0,서울특별시 동대문구 제기동 350번지
11230,10300,0,0351,0000,,,일반건축물,단독주택,다가구용단독주택(3가구),70.4,42,124,19910919,2,1,서울특별시 동대문구 제기동 351번지
11230,10300,0,0352,0000,,,일반건축물,제1종근린생활시설,"근린생활시설, 주택",86.3,51.41,189.73,19911005,3,1,서울특별시 동대문구 제기동 352번지
11230,10300,0,0353,0000,,,일반건축물,단독주택,"근린생활시설, 다가구용단독주택(4가구)",118.7,69.91,247.99,19920311,3,1,서울특별시 동대문구 제기동 353번지
11230,10300,0,0355,0000,,,일반건축물,단독주택,다가구용단독주택(3가구),75,44.4,130.7,19910708,2,1,서울특별시 동대문구 제기동 355번지
11230,10300,0,0356,0000,,,일반건축물,단독주택,주택,0,0,56.2,19490729,1,0,서울특별시 동대문구 제기동 356번지
11230,10300,0,0356,0000,,,일반건축물,단독주택,"근린생활시설, 주택",216.1,107.71,566.09,19910701,4,1,서울특별시 동대문구 제기동 356번지
11230,10300,0,0358,0000,,,일반건축물,제2종근린생활시설,"근린생활시설, 주택",0,0,445.28,19840619,3,1,서울특별시 동대문구 제기동 358번지
11230,10300,0,0359,0002,,,일반건축물,단독주택,"근린생활시설, 주택",133.16,70.69,299.28,19940608,4,1,서울특별시 동대문구 제기동 359-2번지
11230,10300,0,0361,0000,,,일반건축물,단독주택,단독주택(다가구주택),68.94,57.96,115.92,19731112,2,0,서울특별시 동대문구 제기동 361번지
11230,10300,0,0362,0000,,,일반건축물,단독주택,다가구용단독주택(3가구),84.7,48.87,134.97,19910726,2,1,서울특별시 동대문구 제기동 362번지
11230,10300,0,0363,0000,,,일반건축물,단독주택,다가구용단독주택(3가구),99.73,58.91,194.1,19960104,3,1,서울특별시 동대문구 제기동 363번지
11230,10300,0,0364,0000,,,일반건축물,단독주택,다가구용단독주택(3가구),109.35,65.2,209.38,19951020,2,1,서울특별시 동대문구 제기동 364번지
11230,10300,0,0365,0000,,,일반건축물,단독주택,다가구용단독주택(5가구),108.4,59.51,177.27,19911122,2,1,서울특별시 동대문구 제기동 365번지
11230,10300,0,0366,0000,,,일반건축물,단독주택,주택,96.585,0,55.47,19830504,1,0,서울특별시 동대문구 제기동 366번지
11230,10300,0,0367,0000,,,일반건축물,단독주택,"주택, 점포",0,0,82.94,19740302,3,1,서울특별시 동대문구 제기동 367번지
11230,10300,0,0367,0000,,,일반건축물,단독주택,주택,0,0,38.25,19730503,1,0,서울특별시 동대문구 제기동 367번지
11230,10300,0,0369,0000,,,일반건축물,단독주택,"단독주택, 근린생활시설",99.2,59.5,166.6,20190814,3,0,서울특별시 동대문구 제기동 369번지
11230,10300,0,0370,0000,,,일반건축물,단독주택,다가구용단독주택(7가구),201.3,120.4,473.2,19950701,3,1,서울특별시 동대문구 제기동 370번지
11230,10300,0,0371,0000,,,일반건축물,단독주택,다가구용단독주택(4가구),88.6,52.62,198.7,19931230,3,1,서울특별시 동대문구 제기동 371번지
11230,10300,0,0372,0000,,,일반건축물,단독주택,다가구용단독주택(5가구),87.51,52.23,161.39,19920909,2,1,서울특별시 동대문구 제기동 372번지
11230,10300,0,0373,0000,,,일반건축물,단독주택,다가구용단독주택(5가구),102.46,61.42,179.96,19931206,2,1,서울특별시 동대문구 제기동 373번지
11230,10300,0,0374,0000,,,일반건축물,단독주택,주택,75.4,0,32.96,19850114,1,0,서울특별시 동대문구 제기동 374번지
11230,10300,0,0375,0000,,,일반건축물,단독주택,다가구용단독주택(4가구),72.37,48.42,177.51,19951107,4,1,서울특별시 동대문구 제기동 375번지
11230,10300,0,0377,0006,,,일반건축물,단독주택,주택,0,0,30.6,19850629,1,0,서울특별시 동대문구 제기동 377-6번지
11230,10300,0,0377,0007,,,일반건축물,단독주택,주택,38,0,29.16,19850629,1,0,서울특별시 동대문구 제기동 377-7번지
11230,10300,0,0379,0000,,,일반건축물,제1종근린생활시설,제1종근린생활시설,0,0,40.32,19530416,1,0,서울특별시 동대문구 제기동 379번지
11230,10300,0,0381,0000,,,일반건축물,제1종근린생활시설,근린생활시설외 1,69.4,34.2,138.51,19860913,3,1,서울특별시 동대문구 제기동 381번지
11230,10300,0,0382,0000,,,일반건축물,단독주택,"근린생활시설, 주택",79,46.97,194.3,19930120,4,1,서울특별시 동대문구 제기동 382번지
11230,10300,0,0383,0001,,,일반건축물,단독주택,주택,0,0,64.41,19830218,1,0,서울특별시 동대문구 제기동 383-1번지
11230,10300,0,0384,0000,,,일반건축물,단독주택,근린생활시설,77.78,46.47,185.88,19991206,3,1,서울특별시 동대문구 제기동 384번지
11230,10300,0,0385,0000,,,일반건축물,단독주택,"근린생활시설, 주택",81.46,43.45,156,19920806,3,1,서울특별시 동대문구 제기동 385번지
11230,10300,0,0386,0000,,,일반건축물,단독주택,"단독주택(다가구주택),제1,2종근린생활시설",52.6,35.63,130.02,20070202,4,1,서울특별시 동대문구 제기동 386번지
11230,10300,0,0387,0000,,,일반건축물,단독주택,주택 외1,81.3,36.5,142.7,19860510,3,1,서울특별시 동대문구 제기동 387번지
11230,10300,0,0388,0000,,,일반건축물,단독주택,"주택, 점포",83.3,0,52.23,19841212,1,0,서울특별시 동대문구 제기동 388번지
11230,10300,0,0389,0000,,,일반건축물,단독주택,"주택, 근린생활시설",0,0,186.75,19710730,3,1,서울특별시 동대문구 제기동 389번지
11230,10300,0,0423,0000,,,일반건축물,단독주택,주택,0,0,29.58,19850629,1,0,서울특별시 동대문구 제기동 423번지
11230,10300,0,0424,0000,,,일반건축물,제1종근린생활시설,점포,0,0,31.89,19850629,1,0,서울특별시 동대문구 제기동 424번지
11230,10300,0,0424,0000,,,일반건축물,제1종근린생활시설,점포,0,0,14.7,19850629,1,0,서울특별시 동대문구 제기동 424번지
11230,10300,0,0424,0000,,,일반건축물,단독주택,주택,0,0,47.85,19850629,1,0,서울특별시 동대문구 제기동 424번지
11230,10300,0,0424,0000,,,일반건축물,단독주택,"주택, 근린생활시설",1973.4,0,75.25,19850629,1,0,서울특별시 동대문구 제기동 424번지
11230,10300,0,0424,0000,,,일반건축물,단독주택,주택,0,0,52.89,,1,0,서울특별시 동대문구 제기동 424번지
11230,10300,0,0426,0001,,,일반건축물,단독주택,주택,0,0,100.23,19621029,1,0,서울특별시 동대문구 제기동 426-1번지
11230,10300,0,0426,0002,,,일반건축물,제1종근린생활시설,근린생활시설,0,0,162.52,19641005,1,0,서울특별시 동대문구 제기동 426-2번지
11230,10300,0,0426,0003,,,일반건축물,단독주택,주택외1,0,0,77.75,19621029,1,0,서울특별시 동대문구 제기동 426-3번지
11230,10300,0,0426,0004,,,일반건축물,제2종근린생활시설,제2종근린생활시설(일반음식점),0,0,77.75,19621029,1,0,서울특별시 동대문구 제기동 426-4번지
11230,10300,0,0429,0001,,,일반건축물,단독주택,주택,0,0,39.01,19630905,1,0,서울특별시 동대문구 제기동 429-1번지
11230,10300,0,0429,0002,,,일반건축물,단독주택,다가구용단독주택(7가구),177.25,105.5,369.15,19931207,3,1,서울특별시 동대문구 제기동 429-2번지
11230,10300,0,0429,0003,,,일반건축물,단독주택,주택,0,0,75.87,19641006,1,0,서울특별시 동대문구 제기동 429-3번지
11230,10300,0,0429,0004,,,일반건축물,제1종근린생활시설,제1종근린생활시설외2,0,0,80.1,19641006,1,1,서울특별시 동대문구 제기동 429-4번지
11230,10300,0,0429,0005,,,일반건축물,단독주택,"주택, 근린생활시설",0,0,53.72,19650823,1,0,서울특별시 동대문구 제기동 429-5번지
11230,10300,0,0429,0006,,,일반건축물,단독주택,주택,0,0,61.88,19630905,1,0,서울특별시 동대문구 제기동 429-6번지
11230,10300,0,0429,0008,,,일반건축물,단독주택,다가구주택,62.2,38.92,114.52,19980727,3,1,서울특별시 동대문구 제기동 429-8번지
11230,10300,0,0429,0009,,,일반건축물,제1종근린생활시설,근린생활시설,171.45,99.47,419.37,19971009,4,1,서울특별시 동대문구 제기동 429-9번지
11230,10300,0,0429,0011,,,일반건축물,단독주택,"제2종근린생활시설, 단독주택",0,0,207.83,19760312,4,1,서울특별시 동대문구 제기동 429-11번지
11230,10300,0,0429,0012,,,일반건축물,단독주택,주택,0,0,44.46,19600412,1,0,서울특별시 동대문구 제기동 429-12번지
11230,10300,0,0431,0000,,,일반건축물,단독주택,주택,0,0,29.76,19500130,1,0,서울특별시 동대문구 제기동 431번지
11230,10300,0,0433,0002,,,일반건축물,단독주택,주택,0,0,74.55,19610705,1,0,서울특별시 동대문구 제기동 433-2번지
11230,10300,0,0433,0004,,,일반건축물,제2종근린생활시설,제2종근린생활시설 외1,0,0,133.45,19611230,2,0,서울특별시 동대문구 제기동 433-4번지
11230,10300,0,0433,0005,,,일반건축물,제1종근린생활시설,"점포, 근린생활시설",0,0,35.87,19610825,2,0,서울특별시 동대문구 제기동 433-5번지
11230,10300,0,0433,0005,,,일반건축물,제1종근린생활시설,"점포, 근린생활시설",0,0,81.49,19610825,2,0,서울특별시 동대문구 제기동 433-5번지
11230,10300,0,0436,0000,,,일반건축물,단독주택,주택,0,0,41.62,19850629,1,0,서울특별시 동대문구 제기동 436번지
11230,10300,0,0436,0000,,,일반건축물,단독주택,주택,0,0,23.74,19850629,1,0,서울특별시 동대문구 제기동 436번지
11230,10300,0,0436,0000,,,일반건축물,단독주택,주택,0,0,26.62,19850629,1,0,서울특별시 동대문구 제기동 436번지
11230,10300,0,0436,0000,,,일반건축물,단독주택,주택,0,0,37.73,19850629,1,0,서울특별시 동대문구 제기동 436번지
11230,10300,0,0436,0000,,,일반건축물,단독주택,주택,0,0,23.76,19850629,1,0,서울특별시 동대문구 제기동 436번지
11230,10300,0,0436,0000,,,일반건축물,단독주택,주택,0,0,28.77,19850629,1,0,서울특별시 동대문구 제기동 436번지
11230,10300,0,0438,0000,,,일반건축물,단독주택,"근린생활시설, 주택",0,0,92.56,19671005,2,0,서울특별시 동대문구 제기동 438번지
11230,10300,0,0438,0002,,,일반건축물,단독주택,단독주택 외1,25.9,23.38,66.41,20140812,3,0,서울특별시 동대문구 제기동 438-2번지
11230,10300,0,0438,0003,,,일반건축물,제1종근린생활시설,"근린생활시설, 단독주택",83.2,0,104.18,19831221,2,0,서울특별시 동대문구 제기동 438-3번지
11230,10300,0,0438,0004,,,일반건축물,제1종근린생활시설,제1종근린생활시설,0,0,25.85,19471105,1,0,서울특별시 동대문구 제기동 438-4번지
11230,10300,0,0438,0006,,,일반건축물,단독주택,"주택, 근린생활시설",0,0,220.89,19691103,2,0,서울특별시 동대문구 제기동 438-6번지
11230,10300,0,0438,0009,,,일반건축물,제2종근린생활시설,제2종근린생활시설(일반음식점),0,0,51.57,19560512,1,0,서울특별시 동대문구 제기동 438-9번지
11230,10300,0,0438,0010,,,일반건축물,제2종근린생활시설,근린생활시설,0,0,36.69,19500520,1,0,서울특별시 동대문구 제기동 438-10번지
11230,10300,0,0438,0011,,,일반건축물,제2종근린생활시설,근린생활시설,0,0,56.2,19680213,1,0,서울특별시 동대문구 제기동 438-11번지
11230,10300,0,0441,0000,,,일반건축물,제2종근린생활시설,일반음식점,83,66.12,66.12,19560501,1,0,서울특별시 동대문구 제기동 441번지
11230,10300,0,0442,0000,,,일반건축물,제1종근린생활시설,근린생활시설,0,0,87.93,,1,0,서울특별시 동대문구 제기동 442번지
11230,10300,0,0443,0000,,,일반건축물,숙박시설,"근린생활시설, 여관",230.8,138.47,895.95,19890706,6,1,서울특별시 동대문구 제기동 443번지
11230,10300,0,0445,0000,경동빌딩,,일반건축물,노유자시설,노유자시설(노인복지시설),129.14,72.66,393.21,20060814,7,0,서울특별시 동대문구 제기동 445번지
11230,10300,0,0453,0000,,,일반건축물,단독주택,"주택, 점포",0,0,121.65,19691103,2,0,서울특별시 동대문구 제기동 453번지
11230,10300,0,0456,0000,,,일반건축물,단독주택,"주택, 근린생활시설",0,0,300.69,19710716,3,1,서울특별시 동대문구 제기동 456번지
11230,10300,0,0457,0000,,,일반건축물,제1종근린생활시설,주택,0,0,26.45,,1,0,서울특별시 동대문구 제기동 457번지
11230,10300,0,0459,0000,,,일반건축물,단독주택,"근린생활시설(점포), 주택",0,0,324.95,19801101,3,1,서울특별시 동대문구 제기동 459번지
11230,10300,0,0462,0000,,,일반건축물,단독주택,주택,90,0,41.11,19850629,1,0,서울특별시 동대문구 제기동 462번지
11230,10300,0,0464,0000,,,일반건축물,단독주택,주택,0,0,37.36,19460510,1,0,서울특별시 동대문구 제기동 464번지
11230,10300,0,0464,0000,,,일반건축물,제2종근린생활시설,근린생활시설,0,0,85.27,19850629,1,0,서울특별시 동대문구 제기동 464번지
11230,10300,0,0464,0002,,,일반건축물,단독주택,"주택, 점포",0,0,134.3,19810302,4,1,서울특별시 동대문구 제기동 464-2번지
11230,10300,0,0464,0003,,,일반건축물,제1종근린생활시설,제1종근린생활시설,21.9,21.5,43,20150113,2,0,서울특별시 동대문구 제기동 464-3번지
11230,10300,0,0464,0006,,,일반건축물,단독주택,주택 외 1,54.9,31.55,31.55,19850629,1,0,서울특별시 동대문구 제기동 464-6번지
11230,10300,0,0464,0007,,,일반건축물,단독주택,주택,0,0,40.78,19850629,1,0,서울특별시 동대문구 제기동 464-7번지
11230,10300,0,0464,0010,,,일반건축물,단독주택,주택,0,0,25.56,19850629,1,0,서울특별시 동대문구 제기동 464-10번지
11230,10300,0,0464,0011,,,일반건축물,단독주택,주택,0,0,24.26,19611020,1,0,서울특별시 동대문구 제기동 464-11번지
11230,10300,0,0464,0012,,,일반건축물,제1종근린생활시설,점포,0,0,13.12,19850629,1,0,서울특별시 동대문구 제기동 464-12번지
11230,10300,0,0464,0014,,,일반건축물,제1종근린생활시설,제1종근린생활시설(소매점),0,0,32.38,19850629,1,0,서울특별시 동대문구 제기동 464-14번지
11230,10300,0,0465,0001,,,일반건축물,제1종근린생활시설,점포,0,0,42.98,,1,0,서울특별시 동대문구 제기동 465-1번지
11230,10300,0,0465,0002,,,일반건축물,단독주택,주택,0,0,97.4,19591108,2,0,서울특별시 동대문구 제기동 465-2번지
11230,10300,0,0465,0003,,,일반건축물,숙박시설,숙박시설 외2,0,0,333.3,19710120,3,1,서울특별시 동대문구 제기동 465-3번지
11230,10300,0,0465,0004,,,일반건축물,제1종근린생활시설,근린생활시설,0,0,51.57,19560427,1,0,서울특별시 동대문구 제기동 465-4번지
11230,10300,0,0465,0005,,,일반건축물,제1종근린생활시설,근린생활시설,0,0,51.57,19551009,1,0,서울특별시 동대문구 제기동 465-5번지
11230,10300,0,0465,0006,,,일반건축물,단독주택,주택,0,0,52.89,19590924,1,0,서울특별시 동대문구 제기동 465-6번지
11230,10300,0,0465,0007,,,일반건축물,단독주택,"주택, 근린생활시설",0,0,62.58,19560329,1,0,서울특별시 동대문구 제기동 465-7번지
11230,10300,0,0465,0008,,,일반건축물,단독주택,"주택, 점포",0,0,44.43,19760327,1,0,서울특별시 동대문구 제기동 465-8번지
11230,10300,0,0465,0009,,,일반건축물,제1종근린생활시설,근린생활시설,0,0,52.56,,1,0,서울특별시 동대문구 제기동 465-9번지
11230,10300,0,0465,0010,,,일반건축물,단독주택,주택,0,0,53.22,19610605,1,0,서울특별시 동대문구 제기동 465-10번지
11230,10300,0,0465,0011,,,일반건축물,단독주택,주택,0,0,40,,1,0,서울특별시 동대문구 제기동 465-11번지
11230,10300,0,0465,0011,,,일반건축물,단독주택,"주택, 영업",0,0,52.56,,1,0,서울특별시 동대문구 제기동 465-11번지
11230,10300,0,0465,0013,,,일반건축물,제2종근린생활시설,제2종근린생활시설,0,0,80.23,19591224,1,0,서울특별시 동대문구 제기동 465-13번지
11230,10300,0,0465,0014,,,일반건축물,제2종근린생활시설,제2종근린생활시설외1,0,0,83.8,19610630,2,0,서울특별시 동대문구 제기동 465-14번지
11230,10300,0,0465,0015,,,일반건축물,제2종근린생활시설,근린생활시설,73.8,47.21,47.21,19601101,1,0,서울특별시 동대문구 제기동 465-15번지
11230,10300,0,0468,0000,,,일반건축물,제1종근린생활시설,제1종근린생활시설,0,0,19.83,19490510,1,0,서울특별시 동대문구 제기동 468번지
11230,10300,0,0469,0000,,,일반건축물,제1종근린생활시설,근린생활시설,0,0,43.8,19621130,1,0,서울특별시 동대문구 제기동 469번지
11230,10300,0,0471,0000,,,일반건축물,단독주택,"주택, 점포",0,0,38.02,19640811,1,0,서울특별시 동대문구 제기동 471번지
11230,10300,0,0472,0000,,,일반건축물,제2종근린생활시설,제2종근린생활시설,103.3,61.71,61.71,20020411,1,0,서울특별시 동대문구 제기동 472번지
11230,10300,0,0473,0001,,,일반건축물,제2종근린생활시설,제2종근린생활시설,0,0,45.79,19740530,1,0,서울특별시 동대문구 제기동 473-1번지
11230,10300,0,0473,0002,,,일반건축물,숙박시설,"1종근생,관광숙박시설(호스텔)",0,0,331.82,19810819,3,1,서울특별시 동대문구 제기동 473-2번지
11230,10300,0,0476,0001,,,일반건축물,단독주택,주택,0,0,37.19,19610930,1,0,서울특별시 동대문구 제기동 476-1번지
11230,10300,0,0476,0002,,,일반건축물,단독주택,주택,98.8,0,69.84,19840328,1,0,서울특별시 동대문구 제기동 476-2번지
11230,10300,0,0476,0003,,,일반건축물,제1종근린생활시설,근린생활시설,0,0,44.43,19601015,1,0,서울특별시 동대문구 제기동 476-3번지
11230,10300,0,0476,0004,,,일반건축물,제1종근린생활시설,점포,68.98,0,66,19830906,1,0,서울특별시 동대문구 제기동 476-4번지
11230,10300,0,0476,0005,,,일반건축물,제1종근린생활시설,"근린생활시설, 주택",0,0,186.09,19830331,3,0,서울특별시 동대문구 제기동 476-5번지
11230,10300,0,0476,0006,,,일반건축물,단독주택,"주택, 점포",0,0,80.34,19691030,3,0,서울특별시 동대문구 제기동 476-6번지
11230,10300,0,0478,0000,,,일반건축물,단독주택,"점포, 근린생활시설, 주택",0,0,708.37,19700713,3,1,서울특별시 동대문구 제기동 478번지
11230,10300,0,0478,0002,,,일반건축물,제2종근린생활시설,영업,0,0,123.97,19641111,1,0,서울특별시 동대문구 제기동 478-2번지
11230,10300,0,0478,0003,,,일반건축물,제1종근린생활시설,제1종근린생활시설,0,0,29.75,19541021,1,0,서울특별시 동대문구 제기동 478-3번지
11230,10300,0,0478,0004,,,일반건축물,제1종근린생활시설,근린생활시설,0,0,26.84,19600930,1,0,서울특별시 동대문구 제기동 478-4번지
11230,10300,0,0478,0005,,,일반건축물,제1종근린생활시설,점포,0,0,36.36,19690324,1,0,서울특별시 동대문구 제기동 478-5번지
11230,10300,0,0478,0006,,,일반건축물,제1종근린생활시설,점포,0,0,19.83,19690324,1,0,서울특별시 동대문구 제기동 478-6번지
11230,10300,0,0478,0007,,,일반건축물,제1종근린생활시설,제1종근린생활시설,0,0,19.83,19490527,1,0,서울특별시 동대문구 제기동 478-7번지
11230,10300,0,0478,0008,,,일반건축물,제2종근린생활시설,"주택,제2종근린생활시설",130.2,85.95,85.95,19480805,1,0,서울특별시 동대문구 제기동 478-8번지
11230,10300,0,0478,0009,,,일반건축물,단독주택,주택,0,0,19.83,19590609,1,0,서울특별시 동대문구 제기동 478-9번지
11230,10300,0,0478,0010,,,일반건축물,제1종근린생활시설,근린생활시설,0,0,42.98,19590605,1,0,서울특별시 동대문구 제기동 478-10번지
11230,10300,0,0479,0000,,,일반건축물,제1종근린생활시설,"근린생활시설, 주택",0,0,480.28,19810525,4,1,서울특별시 동대문구 제기동 479번지
11230,10300,0,0479,0000,,,일반건축물,단독주택,주택,0,0,38.12,19760909,1,0,서울특별시 동대문구 제기동 479번지
11230,10300,0,0479,0002,,,일반건축물,단독주택,주택,0,0,64.07,19601105,1,0,서울특별시 동대문구 제기동 479-2번지
11230,10300,0,0479,0006,,,일반건축물,단독주택,주택,0,0,46.94,19541021,1,0,서울특별시 동대문구 제기동 479-6번지
11230,10300,0,0480,0000,,,일반건축물,단독주택,주택,0,0,23.5,19571025,1,0,서울특별시 동대문구 제기동 480번지
11230,10300,0,0480,0002,,,일반건축물,제1종근린생활시설,영업용,0,0,273.35,19660701,2,0,서울특별시 동대문구 제기동 480-2번지
11230,10300,0,0481,0000,,,일반건축물,제1종근린생활시설,근린생활시설,0,0,39.44,19571015,1,0,서울특별시 동대문구 제기동 481번지
11230,10300,0,0482,0000,,,일반건축물,제2종근린생활시설,근린생활시설,0,0,47.53,19611231,1,0,서울특별시 동대문구 제기동 482번지
11230,10300,0,0483,0000,,,일반건축물,단독주택,주택,0,0,43.37,19580915,1,0,서울특별시 동대문구 제기동 483번지
11230,10300,0,0483,0000,,,일반건축물,제1종근린생활시설,근린생활시설(점포),0,0,159.2,19701220,3,0,서울특별시 동대문구 제기동 483번지
11230,10300,0,0483,0000,,,일반건축물,제2종근린생활시설,제2종근린생활시설,78.55,42.98,42.98,19551007,1,0,서울특별시 동대문구 제기동 483번지
11230,10300,0,0483,0000,,,일반건축물,제2종근린생활시설,근린생활시설,81.25,0,72.24,19830808,1,0,서울특별시 동대문구 제기동 483번지
11230,10300,0,0483,0000,,,일반건축물,제1종근린생활시설,"점포, 사무실",0,0,338.69,19761022,3,1,서울특별시 동대문구 제기동 483번지
11230,10300,0,0483,0000,,,일반건축물,단독주택,주택,0,0,63.87,19611231,1,0,서울특별시 동대문구 제기동 483번지
11230,10300,0,0483,0000,,,일반건축물,숙박시설,여관,0,0,86.41,19600530,2,0,서울특별시 동대문구 제기동 483번지
11230,10300,0,0486,0002,,,일반건축물,제1종근린생활시설,"근린생활시설, 점포",0,0,76.96,19671005,1,0,서울특별시 동대문구 제기동 486-2번지
11230,10300,0,0486,0003,,,일반건축물,단독주택,"주택, 근린생활시설",0,0,148.86,19480310,2,0,서울특별시 동대문구 제기동 486-3번지
11230,10300,0,0486,0003,,,일반건축물,숙박시설,여인숙,0,0,130.18,19640801,2,0,서울특별시 동대문구 제기동 486-3번지
11230,10300,0,0486,0004,,,일반건축물,제1종근린생활시설,점포,0,0,303.63,19691001,3,0,서울특별시 동대문구 제기동 486-4번지
11230,10300,0,0486,0006,,,일반건축물,제2종근린생활시설,제2종근린생활시설,0,0,69.42,19550510,1,0,서울특별시 동대문구 제기동 486-6번지
11230,10300,0,0486,0007,,,일반건축물,제1종근린생활시설,근린생활시설,0,0,26.45,19550820,1,0,서울특별시 동대문구 제기동 486-7번지
11230,10300,0,0486,0007,,,일반건축물,제1종근린생활시설,점포,0,0,337.33,19661221,3,0,서울특별시 동대문구 제기동 486-7번지
11230,10300,0,0486,0008,,,일반건축물,제2종근린생활시설,제2종근린생활시설 외1,153.1,49.68,49.68,19990316,1,0,서울특별시 동대문구 제기동 486-8번지
11230,10300,0,0486,0009,,,일반건축물,제1종근린생활시설,근린생활시설,0,0,102.48,19550510,1,0,서울특별시 동대문구 제기동 486-9번지
11230,10300,0,0486,0009,,,일반건축물,제1종근린생활시설,근린생활시설,0,0,52.89,19560413,1,0,서울특별시 동대문구 제기동 486-9번지
11230,10300,0,0486,0010,,,일반건축물,제1종근린생활시설,점포,0,0,134.97,19690810,3,0,서울특별시 동대문구 제기동 486-10번지
11230,10300,0,0486,0012,,,일반건축물,단독주택,"근린생활시설, 주택",261,0,482.47,19840725,3,1,서울특별시 동대문구 제기동 486-12번지
11230,10300,0,0486,0015,,,일반건축물,단독주택,주택,0,0,53.55,19740410,1,0,서울특별시 동대문구 제기동 486-15번지
11230,10300,0,0486,0016,,,일반건축물,단독주택,주택,0,0,56.2,19481018,1,0,서울특별시 동대문구 제기동 486-16번지
11230,10300,0,0486,0017,,,일반건축물,제1종근린생활시설,점포,0,0,147.84,19690508,2,0,서울특별시 동대문구 제기동 486-17번지
11230,10300,0,0486,0018,,,일반건축물,제1종근린생활시설,근린생활시설외 1,107.21,64.16,64.16,19990904,1,0,서울특별시 동대문구 제기동 486-18번지
11230,10300,0,0486,0019,,,일반건축물,제2종근린생활시설,제2종근린생활시설,0,0,59.5,19480920,1,0,서울특별시 동대문구 제기동 486-19번지
11230,10300,0,0486,0019,,,일반건축물,제1종근린생활시설,제1종근린생활시설,0,0,26.45,19500430,1,0,서울특별시 동대문구 제기동 486-19번지
11230,10300,0,0486,0020,,,일반건축물,제2종근린생활시설,제2종근린생활시설,135.5,76.03,76.03,19490531,1,0,서울특별시 동대문구 제기동 486-20번지
11230,10300,0,0486,0021,,,일반건축물,단독주택,주택외 1,130.2,116.79,474.01,19720125,4,1,서울특별시 동대문구 제기동 486-21번지
11230,10300,0,0486,0022,,,일반건축물,제2종근린생활시설,제2종근린생활시설,70.3,26.45,26.45,19480912,1,0,서울특별시 동대문구 제기동 486-22번지
11230,10300,0,0486,0024,,,일반건축물,단독주택,주택,0,0,100.8,19640805,2,0,서울특별시 동대문구 제기동 486-24번지
11230,10300,0,0486,0026,,,일반건축물,제1종근린생활시설,점포,0,0,41.88,19480915,1,0,서울특별시 동대문구 제기동 486-26번지
11230,10300,0,0486,0027,,,일반건축물,제1종근린생활시설,제1종근린생활시설외1,98.4,35.04,35.04,19590507,1,0,서울특별시 동대문구 제기동 486-27번지
11230,10300,0,0486,0028,,,일반건축물,제1종근린생활시설,점포,0,0,429.69,19691221,3,0,서울특별시 동대문구 제기동 486-28번지
11230,10300,0,0486,0029,,,일반건축물,제1종근린생활시설,점포,0,0,62.81,19590411,2,0,서울특별시 동대문구 제기동 486-29번지
11230,10300,0,0486,0030,,,일반건축물,단독주택,주택,0,0,59.5,,1,0,서울특별시 동대문구 제기동 486-30번지
11230,10300,0,0486,0031,,,일반건축물,제2종근린생활시설,제2종근린생활시설,80.6,26.45,26.45,19480912,1,0,서울특별시 동대문구 제기동 486-31번지
11230,10300,0,0486,0033,,,일반건축물,제1종근린생활시설,점포,0,0,118.3,19850629,2,0,서울특별시 동대문구 제기동 486-33번지
11230,10300,0,0486,0034,,,일반건축물,단독주택,주택,0,0,28.03,19590901,1,0,서울특별시 동대문구 제기동 486-34번지
11230,10300,0,0487,0000,,,일반건축물,제1종근린생활시설,근린생활시설,0,0,164.62,19670815,2,0,서울특별시 동대문구 제기동 487번지
11230,10300,0,0491,0000,,,일반건축물,단독주택,단독주택(다가구주택) 외1,138.47,79.5,313.32,19950902,4,1,서울특별시 동대문구 제기동 491번지
11230,10300,0,0492,0000,,,일반건축물,단독주택,"근린생활, 다가구용단독주택(2가구)",151.4,85.62,298.68,19940902,3,1,서울특별시 동대문구 제기동 492번지
11230,10300,0,0493,0000,,,일반건축물,단독주택,"근린생활시설, 다가구용단독주택(2가구)",85.3,85.3,208.82,19951107,4,1,서울특별시 동대문구 제기동 493번지
11230,10300,0,0498,0001,,,일반건축물,제1종근린생활시설,근린생활시설,0,0,73.6,19850629,1,0,서울특별시 동대문구 제기동 498-1번지
11230,10300,0,0500,0000,,,일반건축물,단독주택,단독주택 외1,0,0,200.26,19610920,2,0,서울특별시 동대문구 제기동 500번지
11230,10300,0,0503,0001,,,일반건축물,단독주택,"주택, 근린생활시설",89.33,46.74,93.48,19590228,2,0,서울특별시 동대문구 제기동 503-1번지
11230,10300,0,0504,0000,동대문중앙새마을금고,,일반건축물,제2종근린생활시설,근린생활시설,552.71,275.86,1769.78,20240719,5,1,서울특별시 동대문구 제기동 504번지
11230,10300,0,0505,0004,,,일반건축물,제2종근린생활시설,근린생활시설,0,0,27.11,19550901,1,0,서울특별시 동대문구 제기동 505-4번지
11230,10300,0,0515,0000,,,일반건축물,제1종근린생활시설,점포 외1,245.62,0,96.7,19850629,1,0,서울특별시 동대문구 제기동 515번지
11230,10300,0,0515,0000,,,일반건축물,단독주택,주택,0,0,53.26,19850629,1,0,서울특별시 동대문구 제기동 515번지
11230,10300,0,0515,0003,,,일반건축물,제2종근린생활시설,근린생활시설,0,0,47.11,19600930,1,0,서울특별시 동대문구 제기동 515-3번지
11230,10300,0,0518,0000,,,일반건축물,제1종근린생활시설,"점포, 사무실",0,0,617.23,19740812,3,1,서울특별시 동대문구 제기동 518번지
11230,10300,0,0519,0000,A동,,일반건축물,종교시설,교회,2046.03,0,3449.56,19830705,4,1,서울특별시 동대문구 제기동 519번지
11230,10300,0,0519,0001,,,일반건축물,제1종근린생활시설,제1종근린생활시설,0,0,23.87,19600810,1,0,서울특별시 동대문구 제기동 519-1번지
11230,10300,0,0519,0002,,,일반건축물,단독주택,주택,0,0,42.4,19651112,1,0,서울특별시 동대문구 제기동 519-2번지
11230,10300,0,0520,0000,,,일반건축물,종교시설,"종교시설(교회), 교육연구 및 복지시설",2296.7,1188.6,6028.44,19950622,5,1,서울특별시 동대문구 제기동 520번지
11230,10300,0,0520,0000,,,일반건축물,제1종근린생활시설,근린생활시설,164.299,0,267.55,19831004,2,1,서울특별시 동대문구 제기동 520번지
11230,10300,0,0522,0000,,,일반건축물,제1종근린생활시설,근린생활시설,0,0,57.79,19580510,1,0,서울특별시 동대문구 제기동 522번지
11230,10300,0,0522,0001,,,일반건축물,단독주택,주택,0,0,37.82,19570620,1,0,서울특별시 동대문구 제기동 522-1번지
11230,10300,0,0530,0000,,,일반건축물,제1종근린생활시설,점포,0,0,134.95,19751018,2,1,서울특별시 동대문구 제기동 530번지
11230,10300,0,0530,0000,,,일반건축물,제1종근린생활시설,근린생활시설,0,0,40,19471001,1,0,서울특별시 동대문구 제기동 530번지
11230,10300,0,0530,0002,,,일반건축물,단독주택,"주택, 점포",0,0,113.94,19850629,2,0,서울특별시 동대문구 제기동 530-2번지
11230,10300,0,0530,0003,,,일반건축물,제1종근린생활시설,점포 외1,0,0,359.5,19700525,3,0,서울특별시 동대문구 제기동 530-3번지
11230,10300,0,0530,0003,,,일반건축물,제1종근린생활시설,근린생활시설(점포),0,0,76.04,19680316,2,0,서울특별시 동대문구 제기동 530-3번지
11230,10300,0,0530,0004,,,일반건축물,제1종근린생활시설,"주택, 점포",124.61,68.68,137.36,19840823,2,0,서울특별시 동대문구 제기동 530-4번지
11230,10300,0,0530,0005,,,일반건축물,단독주택,"주택, 점포",0,0,39.67,19481015,1,0,서울특별시 동대문구 제기동 530-5번지
11230,10300,0,0531,0000,,,일반건축물,단독주택,주택,0,0,47.93,19580725,1,0,서울특별시 동대문구 제기동 531번지
11230,10300,0,0532,0000,,,일반건축물,단독주택,주택,58.8,48.79,48.79,19601101,1,0,서울특별시 동대문구 제기동 532번지
11230,10300,0,0536,0000,,,일반건축물,단독주택,"주택, 근린생활시설",0,0,59.5,19581118,1,0,서울특별시 동대문구 제기동 536번지
11230,10300,0,0537,0000,,,일반건축물,단독주택,주택,0,0,43.21,19741212,1,0,서울특별시 동대문구 제기동 537번지
11230,10300,0,0538,0000,,,일반건축물,단독주택,다가구용단독주택(5가구),114.4,36.29,174.3,19910723,2,1,서울특별시 동대문구 제기동 538번지
11230,10300,0,0539,0000,,,일반건축물,단독주택,"근린생활시설, 주택",96.2,47.52,170.72,19910703,3,1,서울특별시 동대문구 제기동 539번지
11230,10300,0,0540,0000,,,일반건축물,제1종근린생활시설,근린생활시설,116,58.32,149.64,19910617,2,1,서울특별시 동대문구 제기동 540번지
11230,10300,0,0540,0000,,,일반건축물,제1종근린생활시설,근린생활시설외 1,210.2,64.79,201.55,19821020,3,1,서울특별시 동대문구 제기동 540번지
11230,10300,0,0542,0000,,,일반건축물,단독주택,"주택, 점포",0,0,299.52,19760326,2,1,서울특별시 동대문구 제기동 542번지
11230,10300,0,0543,0000,,,일반건축물,제1종근린생활시설,근린생활시설(소매점),0,0,65.39,19590918,2,0,서울특별시 동대문구 제기동 543번지
11230,10300,0,0544,0000,,,일반건축물,제1종근린생활시설,근린생활시설(한의원),0,0,65.38,,2,0,서울특별시 동대문구 제기동 544번지
11230,10300,0,0547,0000,,,일반건축물,제1종근린생활시설,근린생활시설(소매점),0,0,65.39,19590918,2,0,서울특별시 동대문구 제기동 547번지
11230,10300,0,0549,0000,,,일반건축물,제1종근린생활시설,근린생활시설(소매점),0,0,65.39,19590918,2,0,서울특별시 동대문구 제기동 549번지
11230,10300,0,0558,0001,,,일반건축물,제1종근린생활시설,근린생활시설(소매점),0,0,159.93,19590918,2,0,서울특별시 동대문구 제기동 558-1번지
11230,10300,0,0565,0000,,,일반건축물,제1종근린생활시설,근린생활시설,443.2,210.93,995.53,19921106,4,1,서울특별시 동대문구 제기동 565번지
11230,10300,0,0568,0000,,,일반건축물,단독주택,"근린생활시설, 다가구주택",118.5,64.52,323.07,19921102,5,1,서울특별시 동대문구 제기동 568번지
11230,10300,0,0573,0000,,,일반건축물,단독주택,"근린생활시설, 주택",65.45,0,253.76,19850617,4,0,서울특별시 동대문구 제기동 573번지
11230,10300,0,0574,0000,,,일반건축물,단독주택,다가구주택 외2,0,0,371,19580507,4,0,서울특별시 동대문구 제기동 574번지
11230,10300,0,0575,0000,,,일반건축물,제1종근린생활시설,근린생활시설,0,0,33.06,19490920,1,0,서울특별시 동대문구 제기동 575번지
11230,10300,0,0575,0002,,,일반건축물,단독주택,"주택, 근린생활시설",0,0,62.01,19821230,3,0,서울특별시 동대문구 제기동 575-2번지
11230,10300,0,0575,0003,,,일반건축물,단독주택,"주택, 점포",0,0,65.45,19850629,1,0,서울특별시 동대문구 제기동 575-3번지
11230,10300,0,0575,0004,,,일반건축물,제1종근린생활시설,제1종근린생활시설(소매점),0,0,46.28,19591021,1,0,서울특별시 동대문구 제기동 575-4번지
11230,10300,0,0575,0005,,,일반건축물,단독주택,주택,0,0,33.32,19480708,1,0,서울특별시 동대문구 제기동 575-5번지
11230,10300,0,0575,0006,,,일반건축물,제1종근린생활시설,근린생활시설,0,0,33.06,19490710,1,0,서울특별시 동대문구 제기동 575-6번지
11230,10300,0,0575,0007,,,일반건축물,단독주택,주택,0,0,32.3,19600530,1,0,서울특별시 동대문구 제기동 575-7번지
11230,10300,0,0575,0008,,,일반건축물,단독주택,주택,0,0,27.11,19470410,1,0,서울특별시 동대문구 제기동 575-8번지
11230,10300,0,0575,0009,,,일반건축물,제1종근린생활시설,근린생활시설,0,0,278.46,19841026,2,0,서울특별시 동대문구 제기동 575-9번지
11230,10300,0,0575,0010,,,일반건축물,제1종근린생활시설,점포,0,0,80.8,19710318,2,0,서울특별시 동대문구 제기동 575-10번지
11230,10300,0,0575,0010,,,일반건축물,단독주택,주택,0,0,31.37,19470909,1,0,서울특별시 동대문구 제기동 575-10번지
11230,10300,0,0575,0010,,,일반건축물,단독주택,"점포, 주택외 2",0,0,199,19691221,2,0,서울특별시 동대문구 제기동 575-10번지
11230,10300,0,0575,0011,,,일반건축물,단독주택,주택,0,0,29.75,19590826,1,0,서울특별시 동대문구 제기동 575-11번지
11230,10300,0,0575,0013,,,일반건축물,제1종근린생활시설,"점포,근린생활시설(소매점)",0,0,242.38,19691224,2,0,서울특별시 동대문구 제기동 575-13번지
11230,10300,0,0575,0014,,,일반건축물,단독주택,"주택, 점포",0,0,43.41,19740327,1,0,서울특별시 동대문구 제기동 575-14번지
11230,10300,0,0576,0000,,,일반건축물,단독주택,주택,0,0,52.23,19490420,1,0,서울특별시 동대문구 제기동 576번지
11230,10300,0,0577,0000,,,일반건축물,제2종근린생활시설,제2종근린생활시설,0,0,414.81,19701120,3,0,서울특별시 동대문구 제기동 577번지
11230,10300,0,0577,0000,,,일반건축물,제1종근린생활시설,근린생활시설,0,0,58.78,19590918,1,0,서울특별시 동대문구 제기동 577번지
11230,10300,0,0579,0000,,,일반건축물,제1종근린생활시설,"주택, 근린생활시설(일반목욕장), 점포",0,0,494.36,19710120,3,0,서울특별시 동대문구 제기동 579번지
11230,10300,0,0580,0000,,,일반건축물,단독주택,"주택, 점포",0,0,102.02,19590918,1,0,서울특별시 동대문구 제기동 580번지
11230,10300,0,0584,0000,,,일반건축물,제1종근린생활시설,제1종근린생활시설(소매점),0,0,104.46,19850629,1,0,서울특별시 동대문구 제기동 584번지
11230,10300,0,0584,0000,,,일반건축물,단독주택,주택,0,0,49.59,19600223,1,0,서울특별시 동대문구 제기동 584번지
11230,10300,0,0584,0000,,,일반건축물,단독주택,주택,0,0,56,19720121,1,0,서울특별시 동대문구 제기동 584번지
11230,10300,0,0584,0000,,,일반건축물,단독주택,주택,0,0,30.58,19580824,1,0,서울특별시 동대문구 제기동 584번지
11230,10300,0,0584,0000,,,일반건축물,제1종근린생활시설,제1종근린생활시설(소매점),0,0,37.45,19571026,1,0,서울특별시 동대문구 제기동 584번지
11230,10300,0,0584,0000,,,일반건축물,제1종근린생활시설,근린생활시설,0,0,49.59,19590521,1,0,서울특별시 동대문구 제기동 584번지
11230,10300,0,0585,0001,,,일반건축물,제1종근린생활시설,점포,0,0,169.36,19850629,1,0,서울특별시 동대문구 제기동 585-1번지
11230,10300,0,0585,0002,,,일반건축물,제2종근린생활시설,제2종근린생활시설,163.3,120.1,120.1,19671016,1,0,서울특별시 동대문구 제기동 585-2번지
11230,10300,0,0585,0004,,,일반건축물,제2종근린생활시설,제2종근린생활시설,0,0,57.29,19600524,1,0,서울특별시 동대문구 제기동 585-4번지
11230,10300,0,0585,0005,,,일반건축물,제1종근린생활시설,점포,0,0,149.42,19611001,1,0,서울특별시 동대문구 제기동 585-5번지
11230,10300,0,0585,0006,,,일반건축물,제1종근린생활시설,근린생활시설,0,0,92.53,19600520,2,0,서울특별시 동대문구 제기동 585-6번지
11230,10300,0,0586,0000,,,일반건축물,단독주택,"주택, 점포",0,0,159.67,19770915,2,1,서울특별시 동대문구 제기동 586번지
11230,10300,0,0586,0001,,,일반건축물,단독주택,"영업,창고시설",54.4,48.96,182.91,19700914,4,0,서울특별시 동대문구 제기동 586-1번지
11230,10300,0,0586,0002,,,일반건축물,제1종근린생활시설,제1종근린생활시설(소매점),0,0,16.53,19500520,1,0,서울특별시 동대문구 제기동 586-2번지
11230,10300,0,0586,0004,,,일반건축물,단독주택,주택,0,0,36.89,19490210,1,0,서울특별시 동대문구 제기동 586-4번지
11230,10300,0,0586,0005,,,일반건축물,제1종근린생활시설,근린생활시설,0,0,36.36,,1,0,서울특별시 동대문구 제기동 586-5번지
11230,10300,0,0586,0006,,,일반건축물,단독주택,주택,0,0,30,19850629,1,0,서울특별시 동대문구 제기동 586-6번지
11230,10300,0,0586,0007,,,일반건축물,단독주택,주택,0,0,42.15,19611230,1,0,서울특별시 동대문구 제기동 586-7번지
11230,10300,0,0586,0008,,,일반건축물,단독주택,주택,0,0,31.21,19601001,1,0,서울특별시 동대문구 제기동 586-8번지
11230,10300,0,0586,0009,,,일반건축물,단독주택,주택,0,0,29.09,19571008,1,0,서울특별시 동대문구 제기동 586-9번지
11230,10300,0,0586,0010,,,일반건축물,단독주택,주택,0,0,67.47,19661002,1,0,서울특별시 동대문구 제기동 586-10번지
11230,10300,0,0586,0011,,,일반건축물,단독주택,"점포, 주택",0,0,277.5,19701112,3,0,서울특별시 동대문구 제기동 586-11번지
11230,10300,0,0586,0012,,,일반건축물,단독주택,"영업, 주택",0,0,120.21,19701112,3,0,서울특별시 동대문구 제기동 586-12번지
11230,10300,0,0586,0013,,,일반건축물,단독주택,주택,0,0,45,19850629,1,0,서울특별시 동대문구 제기동 586-13번지
11230,10300,0,0586,0015,,,일반건축물,단독주택,주택,727.3,0,25.68,19850629,1,0,서울특별시 동대문구 제기동 586-15번지
11230,10300,0,0586,0019,,,일반건축물,단독주택,주택,0,0,67.34,19850629,1,0,서울특별시 동대문구 제기동 586-19번지
11230,10300,0,0586,0020,,,일반건축물,단독주택,"점포, 주택",0,0,264.73,19701201,3,0,서울특별시 동대문구 제기동 586-20번지
11230,10300,0,0586,0022,,,일반건축물,단독주택,"단독주택, 근린생활시설",0,0,138.06,19691220,2,0,서울특별시 동대문구 제기동 586-22번지
11230,10300,0,0587,0000,,,일반건축물,단독주택,주택,0,0,30.48,19600620,1,0,서울특별시 동대문구 제기동 587번지
11230,10300,0,0587,0000,,,일반건축물,단독주택,주택,0,0,42.98,19490204,1,0,서울특별시 동대문구 제기동 587번지
11230,10300,0,0588,0000,,,일반건축물,제1종근린생활시설,점포,0,0,34.16,19850629,1,0,서울특별시 동대문구 제기동 588번지
11230,10300,0,0588,0000,,,일반건축물,제1종근린생활시설,주택,0,0,158.67,19700525,2,0,서울특별시 동대문구 제기동 588번지
11230,10300,0,0590,0000,,,일반건축물,제2종근린생활시설,근린생활시설,0,0,59.5,19711110,1,0,서울특별시 동대문구 제기동 590번지
11230,10300,0,0591,0000,,,일반건축물,제1종근린생활시설,"근린생활시설, 주택",0,0,48.66,19580720,1,0,서울특별시 동대문구 제기동 591번지
11230,10300,0,0591,0000,,,일반건축물,단독주택,"창고시설,점포",208.5,55.24,165.72,19860612,3,0,서울특별시 동대문구 제기동 591번지
11230,10300,0,0591,0000,,,일반건축물,단독주택,주택,0,0,28.43,19610210,1,0,서울특별시 동대문구 제기동 591번지
11230,10300,0,0591,0000,,,일반건축물,단독주택,"점포, 주택",0,0,118.94,19701118,2,0,서울특별시 동대문구 제기동 591번지
11230,10300,0,0591,0005,,,일반건축물,단독주택,"주택, 근린생활시설",0,0,55.93,19581010,1,0,서울특별시 동대문구 제기동 591-5번지
11230,10300,0,0591,0006,,,일반건축물,제2종근린생활시설,제2종근린생활시설,0,0,70.68,19651001,1,0,서울특별시 동대문구 제기동 591-6번지
11230,10300,0,0591,0007,,,일반건축물,단독주택,주택,0,0,53.55,19581010,1,0,서울특별시 동대문구 제기동 591-7번지
11230,10300,0,0591,0008,,,일반건축물,제2종근린생활시설,근린생활시설외1,0,0,49.19,19610315,1,0,서울특별시 동대문구 제기동 591-8번지
11230,10300,0,0591,0010,,,일반건축물,제1종근린생활시설,"근린생활시설, 다가구주택",292.77,145.98,730.86,20181012,6,0,서울특별시 동대문구 제기동 591-10번지
11230,10300,0,0591,0012,,,일반건축물,단독주택,단독주택(다가구주택),115.6,68.67,203.95,19950614,3,1,서울특별시 동대문구 제기동 591-12번지
11230,10300,0,0591,0013,,,일반건축물,단독주택,"근린생활시설, 주택",208.63,0,609.36,19911230,4,1,서울특별시 동대문구 제기동 591-13번지
11230,10300,0,0591,0015,,,일반건축물,제1종근린생활시설,제1종근린생활시설(소매점),0,0,45.12,19771012,1,0,서울특별시 동대문구 제기동 591-15번지
11230,10300,0,0591,0015,,,일반건축물,제2종근린생활시설,제1종근린생활시설외 1,0,0,421.65,19801230,3,1,서울특별시 동대문구 제기동 591-15번지
11230,10300,0,0592,0000,,,일반건축물,제2종근린생활시설,"근린생활시설, 주택",138.7,0,357.75,19910118,4,1,서울특별시 동대문구 제기동 592번지
11230,10300,0,0592,0000,,,일반건축물,단독주택,주택,0,0,36.36,19561220,1,0,서울특별시 동대문구 제기동 592번지
11230,10300,0,0592,0000,,,일반건축물,단독주택,주택,0,0,46.28,,1,0,서울특별시 동대문구 제기동 592번지
11230,10300,0,0592,0001,,,일반건축물,제1종근린생활시설,근린생활시설,169.7,84.48,168.96,20220126,2,0,서울특별시 동대문구 제기동 592-1번지
11230,10300,0,0592,0002,,,일반건축물,단독주택,"주택, 근린생활시설",165,0,216.6,19840605,2,1,서울특별시 동대문구 제기동 592-2번지
11230,10300,0,0592,0003,,,일반건축물,제1종근린생활시설,근린생활시설,0,0,44.3,,1,0,서울특별시 동대문구 제기동 592-3번지
11230,10300,0,0592,0003,,,일반건축물,제1종근린생활시설,근린생활시설,0,0,39.67,19561010,1,0,서울특별시 동대문구 제기동 592-3번지
11230,10300,0,0592,0005,,,일반건축물,제1종근린생활시설,근린생활시설,0,0,173.29,19710623,3,1,서울특별시 동대문구 제기동 592-5번지
11230,10300,0,0593,0000,,,일반건축물,단독주택,주택,0,0,46.28,,1,0,서울특별시 동대문구 제기동 593번지
11230,10300,0,0593,0001,,,일반건축물,제1종근린생활시설,근린생활시설,0,0,49.92,19591010,1,0,서울특별시 동대문구 제기동 593-1번지
11230,10300,0,0594,0000,,,일반건축물,제1종근린생활시설,근린생활시설,0,0,32.76,19601010,1,0,서울특별시 동대문구 제기동 594번지
11230,10300,0,0594,0001,,,일반건축물,단독주택,주택,0,0,47.01,19601010,1,0,서울특별시 동대문구 제기동 594-1번지
11230,10300,0,0594,0002,,,일반건축물,제1종근린생활시설,제1종근린생활시설,101.8,44.93,44.93,19610310,1,0,서울특별시 동대문구 제기동 594-2번지
11230,10300,0,0594,0003,,,일반건축물,제1종근린생활시설,제1종근린생활시설,0,0,57.98,19580820,1,0,서울특별시 동대문구 제기동 594-3번지
11230,10300,0,0594,0005,,,일반건축물,제2종근린생활시설,"근린생활시설, 주택",182.41,0,493.68,19910628,5,1,서울특별시 동대문구 제기동 594-5번지
11230,10300,0,0596,0001,,,일반건축물,제2종근린생활시설,"제1종,제2종근린생활시설",49.9,31.31,91.01,19710515,3,0,서울특별시 동대문구 제기동 596-1번지
11230,10300,0,0596,0002,,,일반건축물,제1종근린생활시설,제1종근린생활시설,83.3,49.73,49.73,20151116,1,0,서울특별시 동대문구 제기동 596-2번지
11230,10300,0,0596,0003,,,일반건축물,제1종근린생활시설,근린생활시설,0,0,48.73,19600301,1,0,서울특별시 동대문구 제기동 596-3번지
11230,10300,0,0597,0000,,,일반건축물,단독주택,다가구주택 외 1,97.8,57.39,217.01,19760820,3,1,서울특별시 동대문구 제기동 597번지
11230,10300,0,0598,0000,,,일반건축물,단독주택,주택,0,0,42.31,19570310,1,0,서울특별시 동대문구 제기동 598번지
11230,10300,0,0599,0000,해뜨는집,,표제부,공동주택,근린생활시설 및 다세대주택,146.1,84.53,283.85,20161208,5,0,서울특별시 동대문구 제기동 599번지
11230,10300,0,0600,0000,,,일반건축물,제1종근린생활시설,근린생활시설 외1,99.38,53.09,214.62,19980715,3,1,서울특별시 동대문구 제기동 600번지
11230,10300,0,0600,0001,,,일반건축물,제1종근린생활시설,근린생활시설(소매점),0,0,30.48,19850629,1,0,서울특별시 동대문구 제기동 600-1번지
11230,10300,0,0601,0000,,,일반건축물,단독주택,단독주택(1세대),248.9,98.54,166.26,19961227,2,0,서울특별시 동대문구 제기동 601번지
11230,10300,0,0602,0000,,,일반건축물,단독주택,"근린생활시설, 다가구주택(5가구)",185.8,197.08,284.82,19970827,4,0,서울특별시 동대문구 제기동 602번지
11230,10300,0,0603,0000,,,일반건축물,창고시설,창고시설,252.2,32.3,32.3,19571030,1,0,서울특별시 동대문구 제기동 603번지
11230,10300,0,0603,0000,,,일반건축물,제1종근린생활시설,점포,0,0,44.95,19850629,1,0,서울특별시 동대문구 제기동 603번지
11230,10300,0,0603,0000,,,일반건축물,단독주택,주택,0,0,40,,1,0,서울특별시 동대문구 제기동 603번지
11230,10300,0,0604,0000,,,일반건축물,제1종근린생활시설,제1종근린생활시설,0,0,45.26,19610520,1,0,서울특별시 동대문구 제기동 604번지
11230,10300,0,0605,0000,,,일반건축물,제1종근린생활시설,"제1종근린생활시설, 주택",81.5,58.51,58.51,19580720,1,0,서울특별시 동대문구 제기동 605번지
11230,10300,0,0605,0001,,,일반건축물,제1종근린생활시설,제1종근린생활시설,90.4,60.03,60.03,19600730,1,0,서울특별시 동대문구 제기동 605-1번지
11230,10300,0,0605,0002,,,일반건축물,단독주택,다가구주택(2가구),93.5,69.9,173.52,19760609,3,1,서울특별시 동대문구 제기동 605-2번지
11230,10300,0,0606,0000,경동빌,,표제부,공동주택,다세대주택,246,147.42,490.75,20171201,5,0,서울특별시 동대문구 제기동 606번지
11230,10300,0,0608,0000,,,일반건축물,단독주택,단독주택(다가구주택),244,150.31,242.21,19590918,2,1,서울특별시 동대문구 제기동 608번지
11230,10300,0,0609,0000,경동하이빌 B동,,표제부,공동주택,공동주택(다세대주택),92.2,55.23,202.05,20040109,5,0,서울특별시 동대문구 제기동 609번지
11230,10300,0,0609,0001,경동하이빌,,표제부,공동주택,공동주택(다세대주택),246.9,139.86,528.14,20040106,5,0,서울특별시 동대문구 제기동 609-1번지
11230,10300,0,0613,0000,,,일반건축물,단독주택,주택,0,0,95.11,,2,0,서울특별시 동대문구 제기동 613번지
11230,10300,0,0615,0001,민족통일빌,,표제부,공동주택,다세대주택 외1,397.1,234.2,1123.76,20151030,5,1,서울특별시 동대문구 제기동 615-1번지
11230,10300,0,0615,0002,정원스테이5차,,표제부,공동주택,근생 및 다세대주택,197.6,118.52,395.08,20260206,5,0,서울특별시 동대문구 제기동 615-2번지
11230,10300,0,0616,0000,,,일반건축물,단독주택,주택,0,0,42.98,19581223,1,0,서울특별시 동대문구 제기동 616번지
11230,10300,0,0616,0001,,,일반건축물,제1종근린생활시설,주택외2,0,0,257.86,19701028,3,1,서울특별시 동대문구 제기동 616-1번지
11230,10300,0,0617,0000,중앙하이츠,,표제부,공동주택,"도시형생활주택(단지형다세대), 소매점",228.8,137.16,456.09,20170202,5,0,서울특별시 동대문구 제기동 617번지
11230,10300,0,0618,0000,,,일반건축물,제1종근린생활시설,제1종 근린생활시설 외 1,0,0,176.2,19820624,1,1,서울특별시 동대문구 제기동 618번지
11230,10300,0,0619,0000,,,일반건축물,제1종근린생활시설,근린생활시설,88.48,0,106.67,19881226,1,1,서울특별시 동대문구 제기동 619번지
11230,10300,0,0619,0000,,,일반건축물,단독주택,주택,0,0,55.37,19600127,1,0,서울특별시 동대문구 제기동 619번지
11230,10300,0,0620,0001,,,일반건축물,단독주택,"근린생활시설, 다가구주택",117.2,58.32,295.8,19921221,4,1,서울특별시 동대문구 제기동 620-1번지
11230,10300,0,0620,0002,,,일반건축물,제1종근린생활시설,점포,43.1,0,34.05,19830916,1,0,서울특별시 동대문구 제기동 620-2번지
11230,10300,0,0620,0005,,,일반건축물,단독주택,주택,0,0,42.25,19620302,1,0,서울특별시 동대문구 제기동 620-5번지
11230,10300,0,0620,0008,,,일반건축물,제2종근린생활시설,제2종근린생활시설,126.4,73.62,325.3,20111125,4,1,서울특별시 동대문구 제기동 620-8번지
11230,10300,0,0620,0009,和周주택,,일반건축물,단독주택,다중주택,72.4,43.2,127.68,20191211,3,0,서울특별시 동대문구 제기동 620-9번지
11230,10300,0,0620,0010,,,일반건축물,단독주택,주택,59.8,0,29.92,19850629,1,0,서울특별시 동대문구 제기동 620-10번지
11230,10300,0,0620,0011,,,일반건축물,단독주택,단독주택,59.5,49.98,49.98,19850629,1,0,서울특별시 동대문구 제기동 620-11번지
11230,10300,0,0620,0012,,,일반건축물,단독주택,단독주택,67.4,39.16,39.16,20141110,1,0,서울특별시 동대문구 제기동 620-12번지
11230,10300,0,0620,0013,,,일반건축물,단독주택,"주택, 점포",0,0,55.07,19850629,1,0,서울특별시 동대문구 제기동 620-13번지
11230,10300,0,0620,0014,,,일반건축물,단독주택,"주택, 점포",53.3,0,32.22,19850629,1,0,서울특별시 동대문구 제기동 620-14번지
11230,10300,0,0620,0015,,,일반건축물,단독주택,주택,0,0,32.07,19661005,1,0,서울특별시 동대문구 제기동 620-15번지
11230,10300,0,0620,0017,,,일반건축물,단독주택,"주택, 근린생활시설",0,0,158.22,19810902,2,0,서울특별시 동대문구 제기동 620-17번지
11230,10300,0,0620,0020,,,일반건축물,제1종근린생활시설,근린생활시설,53.9,36.93,36.93,19850629,1,0,서울특별시 동대문구 제기동 620-20번지
11230,10300,0,0620,0021,,,일반건축물,제1종근린생활시설,근린생활시설,36.7,21.36,21.36,19830504,1,0,서울특별시 동대문구 제기동 620-21번지
11230,10300,0,0620,0022,,,일반건축물,제1종근린생활시설,점포,40.1,0,33.15,19831202,1,0,서울특별시 동대문구 제기동 620-22번지
11230,10300,0,0620,0024,,,일반건축물,제1종근린생활시설,제1종근린생활시설,30.04,17.85,17.85,20080306,1,0,서울특별시 동대문구 제기동 620-24번지
11230,10300,0,0620,0027,,,일반건축물,제1종근린생활시설,제1종근린생활시설,34.73,19.8,19.8,20080407,1,0,서울특별시 동대문구 제기동 620-27번지
11230,10300,0,0620,0028,,,일반건축물,제1종근린생활시설,제1종근린생활시설,56.2,32.59,61.44,19850629,2,0,서울특별시 동대문구 제기동 620-28번지
11230,10300,0,0620,0033,,,일반건축물,제1종근린생활시설,근린생활시설,0,0,40.34,19850629,1,0,서울특별시 동대문구 제기동 620-33번지
11230,10300,0,0620,0034,,,일반건축물,단독주택,주택,83,0,13.54,19850629,1,0,서울특별시 동대문구 제기동 620-34번지
11230,10300,0,0620,0037,,,일반건축물,단독주택,주택,63.14,0,52.45,19850629,1,0,서울특별시 동대문구 제기동 620-37번지
11230,10300,0,0620,0038,,,일반건축물,제1종근린생활시설,근린생활시설,95.8,56.64,56.64,19990415,1,0,서울특별시 동대문구 제기동 620-38번지
11230,10300,0,0620,0039,,,일반건축물,단독주택,다가구주택 외1,118.8,67.47,229.25,20080910,4,0,서울특별시 동대문구 제기동 620-39번지
11230,10300,0,0620,0041,,,일반건축물,제1종근린생활시설,제1종근린생활시설,40.1,21.84,37.85,20100604,2,0,서울특별시 동대문구 제기동 620-41번지
11230,10300,0,0620,0043,,,일반건축물,제1종근린생활시설,제1종근린생활시설,83,66.12,66.12,19501020,1,0,서울특별시 동대문구 제기동 620-43번지
11230,10300,0,0620,0044,청량종합도매시장 고객센터,,일반건축물,제1종근린생활시설,"공공업무시설, 주민공동시설",124.5,71.27,132.64,20191226,2,0,서울특별시 동대문구 제기동 620-44번지
11230,10300,0,0620,0045,,,일반건축물,단독주택,주택,116.6,0,67.68,19850629,1,0,서울특별시 동대문구 제기동 620-45번지
11230,10300,0,0620,0046,,,일반건축물,제1종근린생활시설,제1종근린생활시설,90.28,0,36.33,19840307,1,0,서울특별시 동대문구 제기동 620-46번지
11230,10300,0,0620,0053,,,일반건축물,제1종근린생활시설,제1종근린생활시설,44.7,25.92,46.68,20111107,2,0,서울특별시 동대문구 제기동 620-53번지
11230,10300,0,0620,0059,,,일반건축물,단독주택,주택,0,0,13.53,19850629,1,0,서울특별시 동대문구 제기동 620-59번지
11230,10300,0,0620,0060,,,일반건축물,단독주택,주택,0,0,38.91,19760127,1,0,서울특별시 동대문구 제기동 620-60번지
11230,10300,0,0620,0061,,,일반건축물,단독주택,주택,53,0,27.24,19850629,1,0,서울특별시 동대문구 제기동 620-61번지
11230,10300,0,0620,0062,,,일반건축물,단독주택,주택,0,0,27.84,19850629,1,0,서울특별시 동대문구 제기동 620-62번지
11230,10300,0,0620,0064,,,일반건축물,제1종근린생활시설,제1종근린생활시설,82.1,49.23,175.88,20111201,4,0,서울특별시 동대문구 제기동 620-64번지
11230,10300,0,0620,0068,,,일반건축물,단독주택,주택,0,0,22.48,19850629,1,0,서울특별시 동대문구 제기동 620-68번지
11230,10300,0,0620,0070,,,일반건축물,단독주택,주택,46.3,0,23.1,19850629,1,0,서울특별시 동대문구 제기동 620-70번지
11230,10300,0,0620,0071,,,일반건축물,단독주택,주택,0,0,20.68,19850629,1,0,서울특별시 동대문구 제기동 620-71번지
11230,10300,0,0620,0072,,,일반건축물,단독주택,주택,0,0,41.49,19850629,1,0,서울특별시 동대문구 제기동 620-72번지
11230,10300,0,0620,0073,,,일반건축물,제2종근린생활시설,근린생활시설,0,0,34.38,19850629,1,0,서울특별시 동대문구 제기동 620-73번지
11230,10300,0,0620,0074,,,일반건축물,제1종근린생활시설,"소매점,사무소",52.62,31.21,56.53,20110826,2,0,서울특별시 동대문구 제기동 620-74번지
11230,10300,0,0620,0075,,,일반건축물,제1종근린생활시설,제1종근린생활시설,20.5,12.2,12.2,19850629,1,0,서울특별시 동대문구 제기동 620-75번지
11230,10300,0,0620,0080,,,일반건축물,제1종근린생활시설,점포,0,0,37.51,19850629,1,0,서울특별시 동대문구 제기동 620-80번지
11230,10300,0,0620,0081,,,일반건축물,단독주택,주택,89.5,0,41.92,19830802,1,0,서울특별시 동대문구 제기동 620-81번지
11230,10300,0,0620,0082,,,일반건축물,제1종근린생활시설,제1종근린생활시설,0,0,59.21,19650501,1,0,서울특별시 동대문구 제기동 620-82번지
11230,10300,0,0620,0084,,,일반건축물,단독주택,단독주택,91.23,53.91,102.62,20020514,2,0,서울특별시 동대문구 제기동 620-84번지
11230,10300,0,0620,0085,,,일반건축물,단독주택,주택,0,0,9.89,19850629,1,0,서울특별시 동대문구 제기동 620-85번지
11230,10300,0,0620,0086,,,일반건축물,단독주택,주택,49.6,0,31.56,19850629,1,0,서울특별시 동대문구 제기동 620-86번지
11230,10300,0,0620,0089,,,일반건축물,제1종근린생활시설,제1종근린생활시설,51.59,28.17,28.17,20131105,1,0,서울특별시 동대문구 제기동 620-89번지
11230,10300,0,0620,0091,,,일반건축물,단독주택,단독주택외2,192.8,115.49,339.75,20111031,3,0,서울특별시 동대문구 제기동 620-91번지
11230,10300,0,0620,0093,,,일반건축물,제1종근린생활시설,제1종근린생활시설,72.28,43.24,43.24,20070306,1,0,서울특별시 동대문구 제기동 620-93번지
11230,10300,0,0620,0095,,,일반건축물,제1종근린생활시설,"근린생활시설, 다가구용단독주택(3가구)",208.6,114.99,278.7,19931230,2,1,서울특별시 동대문구 제기동 620-95번지
11230,10300,0,0620,0100,인희빌딩,,일반건축물,제1종근린생활시설,제1종근린생활시설(소매점) 외1,74.51,44.64,83.61,20060609,2,0,서울특별시 동대문구 제기동 620-100번지
11230,10300,0,0620,0102,,,일반건축물,단독주택,주택,70.7,0,46.15,19850629,1,0,서울특별시 동대문구 제기동 620-102번지
11230,10300,0,0620,0105,,,일반건축물,단독주택,"주택,점포, 근린생활시설",0,0,199.73,19691229,3,0,서울특별시 동대문구 제기동 620-105번지
11230,10300,0,0620,0106,,,일반건축물,단독주택,"주택, 근린생활시설",13.2,10.29,27.76,19850205,3,0,서울특별시 동대문구 제기동 620-106번지
11230,10300,0,0620,0108,,,일반건축물,단독주택,주택,0,0,180.4,19700518,2,1,서울특별시 동대문구 제기동 620-108번지
11230,10300,0,0620,0109,,,일반건축물,단독주택,주택,89.6,52.56,123.24,20031103,3,0,서울특별시 동대문구 제기동 620-109번지
11230,10300,0,0620,0110,,,일반건축물,제1종근린생활시설,"주택, 근린생활시설",0,0,112.37,19811224,2,1,서울특별시 동대문구 제기동 620-110번지
11230,10300,0,0620,0114,,,일반건축물,제1종근린생활시설,점포,49.5,0,35.25,19840307,1,0,서울특별시 동대문구 제기동 620-114번지
11230,10300,0,0620,0115,,,일반건축물,제1종근린생활시설,점포,46.28,0,30.02,19831201,1,0,서울특별시 동대문구 제기동 620-115번지
11230,10300,0,0620,0116,,,일반건축물,제2종근린생활시설,제2종근린생활시설,13.2,0,11.88,19850111,1,0,서울특별시 동대문구 제기동 620-116번지
11230,10300,0,0620,0117,,,일반건축물,단독주택,주택,0,0,31.41,19590320,1,0,서울특별시 동대문구 제기동 620-117번지
11230,10300,0,0620,0118,,,일반건축물,제2종근린생활시설,근린생활시설,60.5,36.47,36.47,19850629,1,0,서울특별시 동대문구 제기동 620-118번지
11230,10300,0,0620,0133,,,일반건축물,제1종근린생활시설,제1종근린생활시설,4.51,2,2,20100421,1,0,서울특별시 동대문구 제기동 620-133번지
11230,10300,0,0621,0000,,,일반건축물,단독주택,"점포, 주택",0,0,86.81,19801010,2,1,서울특별시 동대문구 제기동 621번지
11230,10300,0,0621,0001,,,일반건축물,단독주택,다가구용단독주택(3가구),63.01,0,103.2,19920921,2,1,서울특별시 동대문구 제기동 621-1번지
11230,10300,0,0621,0002,,,일반건축물,단독주택,"근린생활시설, 주택",72.78,43.4,172.9,19920909,3,1,서울특별시 동대문구 제기동 621-2번지
11230,10300,0,0621,0003,,,일반건축물,단독주택,다가구용단독주택(4가구),73.76,37.6,121.05,19920916,2,1,서울특별시 동대문구 제기동 621-3번지
11230,10300,0,0621,0005,,,일반건축물,단독주택,단독주택,115.13,49.73,149.19,19920801,2,1,서울특별시 동대문구 제기동 621-5번지
11230,10300,0,0621,0006,,,일반건축물,단독주택,"주택, 점포",0,0,155.97,19660412,2,1,서울특별시 동대문구 제기동 621-6번지
11230,10300,0,0621,0007,,,일반건축물,단독주택,주택,0,0,116.7,19670802,2,1,서울특별시 동대문구 제기동 621-7번지
11230,10300,0,0621,0007,,,일반건축물,제1종근린생활시설,제1종근린생활시설외 1,103.4,59.51,116.7,19670802,2,1,서울특별시 동대문구 제기동 621-7번지
11230,10300,0,0621,0007,,,일반건축물,단독주택,"주택, 근린생활시설",0,0,215.4,19670802,3,1,서울특별시 동대문구 제기동 621-7번지
11230,10300,0,0621,0008,,,일반건축물,단독주택,"근린생활시설, 다가구용단독주택(3가구)",116.29,68.09,186.66,19921010,2,1,서울특별시 동대문구 제기동 621-8번지
11230,10300,0,0621,0009,,,일반건축물,단독주택,"근린생활시설, 주택",128.79,74.9,350.43,19920909,4,1,서울특별시 동대문구 제기동 621-9번지
11230,10300,0,0621,0010,,,일반건축물,제1종근린생활시설,"점포, 사무실",0,0,174.87,19730728,3,1,서울특별시 동대문구 제기동 621-10번지
11230,10300,0,0621,0011,,,일반건축물,단독주택,주택,0,0,116.7,19670802,2,1,서울특별시 동대문구 제기동 621-11번지
11230,10300,0,0621,0012,,,일반건축물,단독주택,"다가구주택, 제2종근린생활시설",94.4,79.8,162.7,19670802,2,1,서울특별시 동대문구 제기동 621-12번지
11230,10300,0,0622,0000,주함해븐빌,,표제부,공동주택,도시형생활주택(단지형다세대주택)10세대,693.6,174.95,658.66,20141224,6,0,서울특별시 동대문구 제기동 622번지
11230,10300,0,0622,0000,주함해븐빌,,표제부,공동주택,근린생활시설/도시형생활주택(단지형다세대주택)10세대,693.6,174.95,717.54,20141224,6,0,서울특별시 동대문구 제기동 622번지
11230,10300,0,0622,0001,주함해븐빌,,표제부,공동주택,도시형생활주택(단지형다세대주택)10세대,660,173.82,652.88,20150107,6,0,서울특별시 동대문구 제기동 622-1번지
11230,10300,0,0622,0001,주함해븐빌,,표제부,공동주택,도시형생활주택(단지형다세대주택)10세대,660,174.95,658.66,20150107,6,0,서울특별시 동대문구 제기동 622-1번지
11230,10300,0,0622,0002,,,일반건축물,제2종근린생활시설,"소매점, 사무소, 단독주택",193.7,84.43,387,20141224,5,0,서울특별시 동대문구 제기동 622-2번지
11230,10300,0,0622,0003,,,일반건축물,단독주택,주택,0,0,97.62,19650403,1,1,서울특별시 동대문구 제기동 622-3번지
11230,10300,0,0627,0000,,,일반건축물,단독주택,주택,0,0,74.68,19650403,1,1,서울특별시 동대문구 제기동 627번지
11230,10300,0,0628,0001,,,일반건축물,단독주택,주택,0,0,27.7,19850629,1,0,서울특별시 동대문구 제기동 628-1번지
11230,10300,0,0628,0002,,,일반건축물,단독주택,"주택, 점포",0,0,250.58,19711010,2,0,서울특별시 동대문구 제기동 628-2번지
11230,10300,0,0629,0002,,,일반건축물,제1종근린생활시설,"주택, 사무실, 점포",0,0,428.93,19780812,3,1,서울특별시 동대문구 제기동 629-2번지
11230,10300,0,0629,0004,,,일반건축물,단독주택,"주택, 근린생활시설, 점포",0,0,228.88,19800602,3,1,서울특별시 동대문구 제기동 629-4번지
11230,10300,0,0630,0000,,,일반건축물,제1종근린생활시설,점포,0,0,46.28,,2,0,서울특별시 동대문구 제기동 630번지
11230,10300,0,0630,0001,,,일반건축물,제1종근린생활시설,제1종근린생활시설(소매점),0,0,48.83,19650108,1,0,서울특별시 동대문구 제기동 630-1번지
11230,10300,0,0630,0003,,,일반건축물,단독주택,주택,0,0,319.01,19710512,3,1,서울특별시 동대문구 제기동 630-3번지
11230,10300,0,0630,0005,,,일반건축물,단독주택,주택,0,0,38.05,19590910,1,0,서울특별시 동대문구 제기동 630-5번지
11230,10300,0,0630,0006,,,일반건축물,제1종근린생활시설,근린생활시설,0,0,165.59,19600309,2,0,서울특별시 동대문구 제기동 630-6번지
11230,10300,0,0630,0008,,,일반건축물,제1종근린생활시설,점포,0,0,89.26,19600410,2,0,서울특별시 동대문구 제기동 630-8번지
11230,10300,0,0630,0009,,,일반건축물,제1종근린생활시설,근린생활시설(점포),0,0,30.51,,1,0,서울특별시 동대문구 제기동 630-9번지
11230,10300,0,0630,0010,,,일반건축물,제1종근린생활시설,점포,0,0,1138.29,19691019,4,1,서울특별시 동대문구 제기동 630-10번지
11230,10300,0,0631,0000,,,일반건축물,제1종근린생활시설,점포,107.3,0,0,19601228,3,0,서울특별시 동대문구 제기동 631번지
11230,10300,0,0631,0000,,,일반건축물,단독주택,주택,107.3,0,0,19460401,1,0,서울특별시 동대문구 제기동 631번지
11230,10300,0,0631,0001,,,일반건축물,제2종근린생활시설,제2종근린생활시설,0,0,79.37,19601201,1,0,서울특별시 동대문구 제기동 631-1번지
11230,10300,0,0631,0002,,,일반건축물,제2종근린생활시설,제2종근린생활시설,94.49,56.55,113.1,20220104,2,0,서울특별시 동대문구 제기동 631-2번지
11230,10300,0,0631,0003,,,일반건축물,제2종근린생활시설,근린생활시설,70.69,41.89,83.78,20220104,2,0,서울특별시 동대문구 제기동 631-3번지
11230,10300,0,0631,0005,,,일반건축물,제1종근린생활시설,점포,0,0,154.95,19610430,2,0,서울특별시 동대문구 제기동 631-5번지
11230,10300,0,0631,0007,,,일반건축물,제1종근린생활시설,근린생활시설,0,0,30.51,19581105,1,0,서울특별시 동대문구 제기동 631-7번지
11230,10300,0,0631,0008,,,일반건축물,단독주택,주택,0,0,39.9,19850629,1,0,서울특별시 동대문구 제기동 631-8번지
11230,10300,0,0631,0009,,,일반건축물,제2종근린생활시설,사무소,88,52.56,52.56,,1,0,서울특별시 동대문구 제기동 631-9번지
11230,10300,0,0631,0010,,,일반건축물,제2종근린생활시설,제2종근린생활시설(제조업소),107.3,0,0,19591015,1,0,서울특별시 동대문구 제기동 631-10번지
11230,10300,0,0631,0011,,,일반건축물,제2종근린생활시설,제2종근린생활시설(제조업소),107.3,0,0,19610910,2,0,서울특별시 동대문구 제기동 631-11번지
11230,10300,0,0631,0012,,,일반건축물,단독주택,주택,0,0,47.77,19590820,1,0,서울특별시 동대문구 제기동 631-12번지
11230,10300,0,0631,0012,,,일반건축물,제1종근린생활시설,점포,0,0,36.36,19710228,1,0,서울특별시 동대문구 제기동 631-12번지
11230,10300,0,0631,0013,,,일반건축물,제1종근린생활시설,제1종근린생활시설,0,0,60,19600730,1,0,서울특별시 동대문구 제기동 631-13번지
11230,10300,0,0632,0000,,,일반건축물,단독주택,"주택, 근린생활시설",0,0,126.01,19710228,3,1,서울특별시 동대문구 제기동 632번지
11230,10300,0,0632,0001,,,일반건축물,단독주택,"점포, 주택",0,0,55.48,19631201,2,0,서울특별시 동대문구 제기동 632-1번지
11230,10300,0,0632,0002,,,일반건축물,단독주택,단독주택,0,0,72.07,19480301,1,0,서울특별시 동대문구 제기동 632-2번지
11230,10300,0,0632,0003,,,일반건축물,제2종근린생활시설,근린생활시설,0,0,142.24,19770618,2,1,서울특별시 동대문구 제기동 632-3번지
11230,10300,0,0632,0004,,,일반건축물,단독주택,주택,0,0,50.48,19610920,1,0,서울특별시 동대문구 제기동 632-4번지
11230,10300,0,0632,0005,,,일반건축물,단독주택,주택,0,0,33.56,19850629,1,0,서울특별시 동대문구 제기동 632-5번지
11230,10300,0,0632,0006,,,일반건축물,단독주택,"단독주택,근린생활시설",47.04,43.82,87.64,19831216,2,0,서울특별시 동대문구 제기동 632-6번지
11230,10300,0,0632,0008,,,일반건축물,제1종근린생활시설,"점포, 사무실",0,0,275.04,19740720,3,1,서울특별시 동대문구 제기동 632-8번지
11230,10300,0,0632,0009,,,일반건축물,단독주택,주택,0,0,56.2,,1,0,서울특별시 동대문구 제기동 632-9번지
11230,10300,0,0632,0009,,,일반건축물,단독주택,주택,0,0,41.45,,1,0,서울특별시 동대문구 제기동 632-9번지
11230,10300,0,0632,0010,,,일반건축물,단독주택,주택,0,0,26.45,,1,0,서울특별시 동대문구 제기동 632-10번지
11230,10300,0,0632,0014,,,일반건축물,제2종근린생활시설,제2종근린생활시설,67.8,19.83,19.83,19491015,1,0,서울특별시 동대문구 제기동 632-14번지
11230,10300,0,0632,0015,,,일반건축물,제2종근린생활시설,제2종근린생활시설,86.6,50.84,60.76,19610905,2,0,서울특별시 동대문구 제기동 632-15번지
11230,10300,0,0632,0016,,,일반건축물,제1종근린생활시설,근린생활시설,0,0,34.71,19550710,1,0,서울특별시 동대문구 제기동 632-16번지
11230,10300,0,0632,0017,,,일반건축물,단독주택,"주택, 점포",0,0,342.5,19720814,4,1,서울특별시 동대문구 제기동 632-17번지
11230,10300,0,0632,0018,,,일반건축물,제2종근린생활시설,근린생활시설,0,0,31.56,19580725,1,0,서울특별시 동대문구 제기동 632-18번지
11230,10300,0,0632,0019,,,일반건축물,단독주택,"주택, 점포",0,0,119,19700829,2,0,서울특별시 동대문구 제기동 632-19번지
11230,10300,0,0632,0020,,,일반건축물,단독주택,"주택, 점포",0,0,78.19,19481001,1,0,서울특별시 동대문구 제기동 632-20번지
11230,10300,0,0632,0021,,,일반건축물,단독주택,주택,0,0,13.63,19850629,1,0,서울특별시 동대문구 제기동 632-21번지
11230,10300,0,0632,0023,,,일반건축물,제1종근린생활시설,점포,0,0,20.86,19620530,1,0,서울특별시 동대문구 제기동 632-23번지
11230,10300,0,0632,0023,,,일반건축물,제2종근린생활시설,근린생활시설,0,0,26.45,19541010,1,0,서울특별시 동대문구 제기동 632-23번지
11230,10300,0,0632,0024,,,일반건축물,제1종근린생활시설,근린생활시설,88.25,0,66.86,19830910,1,0,서울특별시 동대문구 제기동 632-24번지
11230,10300,0,0632,0025,,,일반건축물,제1종근린생활시설,점포,0,0,94.88,19621230,2,0,서울특별시 동대문구 제기동 632-25번지
11230,10300,0,0634,0000,,,일반건축물,단독주택,주택,0,0,24.79,19490410,1,0,서울특별시 동대문구 제기동 634번지
11230,10300,0,0635,0002,,,일반건축물,제1종근린생활시설,"근린생활시설, 영업소",0,0,73.39,,1,0,서울특별시 동대문구 제기동 635-2번지
11230,10300,0,0635,0003,,,일반건축물,제1종근린생활시설,근린생활시설,0,0,58.02,19580705,1,0,서울특별시 동대문구 제기동 635-3번지
11230,10300,0,0635,0004,,,일반건축물,제2종근린생활시설,"근린생활시설, 다가구주택(2가구)",0,0,220.39,19640622,2,0,서울특별시 동대문구 제기동 635-4번지
11230,10300,0,0635,0005,,,일반건축물,단독주택,"주택, 점포",135.96,0,110.99,19830902,1,0,서울특별시 동대문구 제기동 635-5번지
11230,10300,0,0635,0006,,,표제부,제1종근린생활시설,소매점,212.5,158.56,158.56,20210705,1,0,서울특별시 동대문구 제기동 635-6번지
11230,10300,0,0635,0011,,,일반건축물,제1종근린생활시설,제1종근린생활시설,122.6,74.38,74.38,20210521,1,0,서울특별시 동대문구 제기동 635-11번지
11230,10300,0,0635,0012,,,일반건축물,제1종근린생활시설,제1종근린생활시설,675,609.19,774.43,20210524,2,0,서울특별시 동대문구 제기동 635-12번지
11230,10300,0,0635,0013,,,일반건축물,제1종근린생활시설,점포 외1,129.9,115.36,179.06,19850629,2,0,서울특별시 동대문구 제기동 635-13번지
11230,10300,0,0635,0014,635-14 창고시설,,일반건축물,창고시설,창고,200.7,191.1,191.1,20210208,1,0,서울특별시 동대문구 제기동 635-14번지
11230,10300,0,0635,0015,,,일반건축물,창고시설,창고,318.4,299.89,299.89,20210209,1,0,서울특별시 동대문구 제기동 635-15번지
11230,10300,0,0635,0016,,,일반건축물,제1종근린생활시설,"영업,판매시설",0,0,1261.23,19691126,3,0,서울특별시 동대문구 제기동 635-16번지
11230,10300,0,0635,0017,,,일반건축물,판매시설,"근린생활시설,판매시설,창고시설",644.6,380.88,1698.37,19860906,3,1,서울특별시 동대문구 제기동 635-17번지
11230,10300,0,0635,0018,,,일반건축물,제1종근린생활시설,제1종근린생활시설외1,0,0,48.07,,1,0,서울특별시 동대문구 제기동 635-18번지
11230,10300,0,0635,0019,,,일반건축물,제1종근린생활시설,"의원,소매점",1030.3,618,1206,19611210,2,0,서울특별시 동대문구 제기동 635-19번지
11230,10300,0,0635,0020,,,일반건축물,제1종근린생활시설,근린생활시설,0,0,906.12,19710627,3,1,서울특별시 동대문구 제기동 635-20번지
11230,10300,0,0635,0021,,,일반건축물,제2종근린생활시설,근린생활시설외 1,0,0,445.52,19710617,3,1,서울특별시 동대문구 제기동 635-21번지
11230,10300,0,0635,0021,,,일반건축물,제1종근린생활시설,근린생활시설,160.99,0,194.88,19850629,2,0,서울특별시 동대문구 제기동 635-21번지
11230,10300,0,0635,0021,,,일반건축물,제1종근린생활시설,점포,0,0,87.77,19850629,1,0,서울특별시 동대문구 제기동 635-21번지
11230,10300,0,0635,0021,,,일반건축물,제1종근린생활시설,점포,0,0,395.96,19730129,5,1,서울특별시 동대문구 제기동 635-21번지
11230,10300,0,0635,0021,,,일반건축물,단독주택,"주택, 영업",0,0,109.09,19470310,1,0,서울특별시 동대문구 제기동 635-21번지
11230,10300,0,0635,0021,,,일반건축물,제1종근린생활시설,점포외 2,0,0,213.49,19610920,3,0,서울특별시 동대문구 제기동 635-21번지
11230,10300,0,0635,0021,,,일반건축물,제1종근린생활시설,영업,0,0,399.08,19670801,4,0,서울특별시 동대문구 제기동 635-21번지
11230,10300,0,0635,0025,635-25 창고시설,,일반건축물,창고시설,창고,99.2,89.93,89.93,20210208,1,0,서울특별시 동대문구 제기동 635-25번지
11230,10300,0,0635,0026,635-26 창고시설,,일반건축물,창고시설,창고,187.4,180.58,180.58,20210208,1,0,서울특별시 동대문구 제기동 635-26번지
11230,10300,0,0635,0029,,,일반건축물,제1종근린생활시설,제1종근린생활시설,0,0,67.17,,1,0,서울특별시 동대문구 제기동 635-29번지
11230,10300,0,0635,0032,,,일반건축물,창고시설,창고시설,398.9,342.15,342.15,19560314,1,0,서울특별시 동대문구 제기동 635-32번지
11230,10300,0,0635,0033,,,일반건축물,위락시설,근린생활시설,0,0,146.47,,1,0,서울특별시 동대문구 제기동 635-33번지
11230,10300,0,0635,0034,,,일반건축물,제1종근린생활시설,점포,0,0,161.2,19850629,1,0,서울특별시 동대문구 제기동 635-34번지
11230,10300,0,0635,0035,,,일반건축물,단독주택,"주택, 사무실, 점포",0,0,1634.85,19660920,4,0,서울특별시 동대문구 제기동 635-35번지
11230,10300,0,0635,0035,,,일반건축물,제2종근린생활시설,제2종근린생활시설,0,0,40.56,19580510,1,0,서울특별시 동대문구 제기동 635-35번지
11230,10300,0,0636,0002,,,일반건축물,제1종근린생활시설,소매점,57.8,40.49,40.49,19611210,1,0,서울특별시 동대문구 제기동 636-2번지
11230,10300,0,0636,0003,,,일반건축물,제1종근린생활시설,제1종근린생활시설,0,0,92.56,19480808,1,0,서울특별시 동대문구 제기동 636-3번지
11230,10300,0,0636,0003,,,일반건축물,제1종근린생활시설,제1종근린생활시설,0,0,29.75,19480520,1,0,서울특별시 동대문구 제기동 636-3번지
11230,10300,0,0637,0000,,,일반건축물,제1종근린생활시설,제1종근린생활시설,213.7,96.93,96.93,19660420,1,0,서울특별시 동대문구 제기동 637번지
11230,10300,0,0637,0003,,,일반건축물,제1종근린생활시설,제1종근린생활시설,0,0,79.86,19660420,1,0,서울특별시 동대문구 제기동 637-3번지
11230,10300,0,0637,0005,,,일반건축물,제1종근린생활시설,근린생활시설,0,0,99.64,19660420,1,0,서울특별시 동대문구 제기동 637-5번지
11230,10300,0,0637,0006,,,일반건축물,단독주택,주택,0,0,97.35,19660420,1,0,서울특별시 동대문구 제기동 637-6번지
11230,10300,0,0638,0000,,,일반건축물,단독주택,"주택, 근린생활시설",0,0,48.66,19651021,1,0,서울특별시 동대문구 제기동 638번지
11230,10300,0,0639,0000,,,일반건축물,단독주택,"주택, 근린생활시설",0,0,48.66,19651021,1,0,서울특별시 동대문구 제기동 639번지
11230,10300,0,0641,0000,,,일반건축물,단독주택,주택,0,0,48.66,19651021,1,0,서울특별시 동대문구 제기동 641번지
11230,10300,0,0642,0000,,,일반건축물,제1종근린생활시설,제1종근린생활시설,0,0,48.66,19651021,1,0,서울특별시 동대문구 제기동 642번지
11230,10300,0,0644,0000,,,일반건축물,제1종근린생활시설,제1종근린생활시설,0,0,92.79,19650419,1,1,서울특별시 동대문구 제기동 644번지
11230,10300,0,0644,0000,,,일반건축물,제1종근린생활시설,제1종근린생활시설(소매점),276.7,0,70.61,19650419,1,0,서울특별시 동대문구 제기동 644번지
11230,10300,0,0645,0000,,,일반건축물,제1종근린생활시설,"주택, 근린생활시설",0,0,89.09,19660510,1,1,서울특별시 동대문구 제기동 645번지
11230,10300,0,0645,0001,,,일반건축물,단독주택,"주택, 근린생활시설",0,0,73.16,19660510,1,1,서울특별시 동대문구 제기동 645-1번지
11230,10300,0,0646,0000,,,일반건축물,제2종근린생활시설,근린생활시설,0,0,39.67,,1,0,서울특별시 동대문구 제기동 646번지
11230,10300,0,0646,0000,,,일반건축물,공장,"공장,일반음식점",0,0,456.2,19581010,1,0,서울특별시 동대문구 제기동 646번지
11230,10300,0,0646,0000,,,일반건축물,단독주택,주택,0,0,39.67,19580508,1,0,서울특별시 동대문구 제기동 646번지
11230,10300,0,0646,0000,,,일반건축물,단독주택,주택,0,0,40.33,19570404,1,0,서울특별시 동대문구 제기동 646번지
11230,10300,0,0646,0000,,,일반건축물,제1종근린생활시설,근린생활시설,0,0,39.17,19570701,1,0,서울특별시 동대문구 제기동 646번지
11230,10300,0,0646,0000,,,일반건축물,제2종근린생활시설,근린생활시설,0,0,40.66,19570805,1,0,서울특별시 동대문구 제기동 646번지
11230,10300,0,0646,0000,,,일반건축물,제1종근린생활시설,근린생활시설,0,0,39.74,19570510,1,0,서울특별시 동대문구 제기동 646번지
11230,10300,0,0646,0000,,,일반건축물,제2종근린생활시설,영업,0,0,284.96,19570910,2,0,서울특별시 동대문구 제기동 646번지
11230,10300,0,0646,0001,,,일반건축물,창고시설,기타창고,73.4,50.25,50.25,19591010,1,0,서울특별시 동대문구 제기동 646-1번지
11230,10300,0,0646,0002,,,일반건축물,제1종근린생활시설,근린생활시설,0,0,40.33,,1,0,서울특별시 동대문구 제기동 646-2번지
11230,10300,0,0646,0003,,,일반건축물,제1종근린생활시설,제1종근린생활시설,23,17.9,17.9,,1,0,서울특별시 동대문구 제기동 646-3번지
11230,10300,0,0646,0006,,,일반건축물,단독주택,주택,0,0,70.25,19580508,1,0,서울특별시 동대문구 제기동 646-6번지
11230,10300,0,0646,0008,,,일반건축물,제1종근린생활시설,"근린생활시설, 단독주택",63.58,48.64,240.58,19940721,4,1,서울특별시 동대문구 제기동 646-8번지
11230,10300,0,0646,0010,,,일반건축물,제1종근린생활시설,근린생활시설,0,0,39.34,,1,0,서울특별시 동대문구 제기동 646-10번지
11230,10300,0,0646,0011,,,일반건축물,제1종근린생활시설,근린생활시설(소매점),0,0,40,,1,0,서울특별시 동대문구 제기동 646-11번지
11230,10300,0,0646,0013,,,일반건축물,제1종근린생활시설,제1종근린생활시설,26.75,12.06,12.06,20110509,1,0,서울특별시 동대문구 제기동 646-13번지
11230,10300,0,0646,0014,,,일반건축물,제1종근린생활시설,근린생활시설,171.34,102.6,102.6,20000118,1,0,서울특별시 동대문구 제기동 646-14번지
11230,10300,0,0646,0016,,,일반건축물,단독주택,"근린생활시설(소매점), 주택",75.36,45.05,90.1,19991207,2,0,서울특별시 동대문구 제기동 646-16번지
11230,10300,0,0646,0017,,,일반건축물,제1종근린생활시설,근린생활시설,0,0,39.74,19600120,1,0,서울특별시 동대문구 제기동 646-17번지
11230,10300,0,0646,0018,,,일반건축물,단독주택,주택,0,0,39.67,,1,0,서울특별시 동대문구 제기동 646-18번지
11230,10300,0,0647,0001,,,일반건축물,제1종근린생활시설,"점포, 근린생활시설, 사무실",121.6,68.53,289.09,19731125,3,1,서울특별시 동대문구 제기동 647-1번지
11230,10300,0,0647,0002,,,일반건축물,창고시설,"창고, 근린생활시설",0,0,231.41,19581001,1,0,서울특별시 동대문구 제기동 647-2번지
11230,10300,0,0647,0004,,,일반건축물,단독주택,주택,0,0,49.39,19670830,1,0,서울특별시 동대문구 제기동 647-4번지
11230,10300,0,0647,0005,,,일반건축물,단독주택,단독주택,68.35,44,88,20070208,2,0,서울특별시 동대문구 제기동 647-5번지
11230,10300,0,0647,0006,,,일반건축물,제1종근린생활시설,근린생활시설,0,0,41.65,19571105,1,0,서울특별시 동대문구 제기동 647-6번지
11230,10300,0,0647,0007,,,일반건축물,단독주택,주택,0,0,56.73,19570427,1,0,서울특별시 동대문구 제기동 647-7번지
11230,10300,0,0647,0008,,,일반건축물,제1종근린생활시설,"소매점, 창고",234,161.98,161.98,19581001,1,0,서울특별시 동대문구 제기동 647-8번지
11230,10300,0,0647,0011,청량리청과물시장 공중화장실,,일반건축물,제1종근린생활시설,근린생활시설,123.87,73.46,183.88,20140905,3,1,서울특별시 동대문구 제기동 647-11번지
11230,10300,0,0647,0012,,,일반건축물,단독주택,주택,0,0,67.19,19610620,1,0,서울특별시 동대문구 제기동 647-12번지
11230,10300,0,0647,0013,,,일반건축물,제1종근린생활시설,근린생활시설,0,0,38.02,19580521,1,0,서울특별시 동대문구 제기동 647-13번지
11230,10300,0,0647,0014,,,일반건축물,제1종근린생활시설,근린생활시설,0,0,39.67,19581015,1,0,서울특별시 동대문구 제기동 647-14번지
11230,10300,0,0647,0015,,,일반건축물,단독주택,주택,0,0,40.13,19610710,1,0,서울특별시 동대문구 제기동 647-15번지
11230,10300,0,0647,0016,,,일반건축물,근린생활시설,근린생활시설,0,0,98.84,,1,1,서울특별시 동대문구 제기동 647-16번지
11230,10300,0,0648,0000,,,일반건축물,판매시설,시장,0,0,819.25,,1,0,서울특별시 동대문구 제기동 648번지
11230,10300,0,0650,0000,,,일반건축물,판매시설,"시장 ,제2종근린생활시설(당구장)",1437.4,995.94,2167.98,,2,1,서울특별시 동대문구 제기동 650번지
11230,10300,0,0651,0000,,,일반건축물,제1종근린생활시설,"점포, 사무실",0,0,588.73,19740701,1,1,서울특별시 동대문구 제기동 651번지
11230,10300,0,0651,0001,,,일반건축물,제1종근린생활시설,"점포, 사무실",0,0,113.69,19740904,2,0,서울특별시 동대문구 제기동 651-1번지
11230,10300,0,0651,0002,,,일반건축물,단독주택,다가구용단독주택 외 1,208.2,139.38,208.87,19740902,2,0,서울특별시 동대문구 제기동 651-2번지
11230,10300,0,0651,0003,,,일반건축물,제1종근린생활시설,점포,0,0,389.69,19760317,1,1,서울특별시 동대문구 제기동 651-3번지
11230,10300,0,0652,0001,우리은행 청량리중앙지점,,일반건축물,업무시설,은행,612.2,468.76,1901.95,19710312,3,1,서울특별시 동대문구 제기동 652-1번지
11230,10300,0,0652,0002,,,일반건축물,제1종근린생활시설,근린생활시설,0,0,1413.36,19760923,5,1,서울특별시 동대문구 제기동 652-2번지
11230,10300,0,0654,0001,,,일반건축물,제1종근린생활시설,"소매점, 위락시설, 영업",0,0,319.18,,2,1,서울특별시 동대문구 제기동 654-1번지
11230,10300,0,0654,0003,,,일반건축물,제2종근린생활시설,영업,0,0,158.69,19490730,2,0,서울특별시 동대문구 제기동 654-3번지
11230,10300,0,0655,0000,제,,일반건축물,판매시설,"주택, 근린생활시설,판매시설",358.6,125.62,171.9,,2,0,서울특별시 동대문구 제기동 655번지
11230,10300,0,0655,0001,,,일반건축물,제1종근린생활시설,제1종근린생활시설,0,0,165.29,19490510,2,0,서울특별시 동대문구 제기동 655-1번지
11230,10300,0,0664,0002,,,일반건축물,단독주택,주택,0,0,54.68,19611231,1,0,서울특별시 동대문구 제기동 664-2번지
11230,10300,0,0664,0005,,,일반건축물,제2종근린생활시설,근린생활시설,0,0,70.81,19581101,1,0,서울특별시 동대문구 제기동 664-5번지
11230,10300,0,0664,0008,,,일반건축물,단독주택,"근린생활시설, 주택",126.38,75.48,175.77,19970923,3,0,서울특별시 동대문구 제기동 664-8번지
11230,10300,0,0664,0009,,,일반건축물,제1종근린생활시설,근린생활시설,0,0,30.6,19730404,1,0,서울특별시 동대문구 제기동 664-9번지
11230,10300,0,0664,0010,,,일반건축물,단독주택,주택,0,0,35.7,19571106,1,0,서울특별시 동대문구 제기동 664-10번지
11230,10300,0,0664,0012,,,일반건축물,단독주택,주택,0,0,53.22,,1,0,서울특별시 동대문구 제기동 664-12번지
11230,10300,0,0664,0013,,,일반건축물,단독주택,주택,0,0,101.59,19550720,2,1,서울특별시 동대문구 제기동 664-13번지
11230,10300,0,0664,0020,,,일반건축물,단독주택,주택,0,0,45.75,19610316,1,0,서울특별시 동대문구 제기동 664-20번지
11230,10300,0,0664,0021,,,일반건축물,단독주택,"주택, 근린생활시설",0,0,88.2,19750516,1,0,서울특별시 동대문구 제기동 664-21번지
11230,10300,0,0664,0022,,,일반건축물,제1종근린생활시설,점포,0,0,162.01,19590320,3,0,서울특별시 동대문구 제기동 664-22번지
11230,10300,0,0670,0001,SK텔레콤 제기 전송국사,,일반건축물,방송통신시설,방송통신시설(통신용시설),320.4,174.44,631.75,20150408,4,0,서울특별시 동대문구 제기동 670-1번지
11230,10300,0,0671,0001,,,일반건축물,제1종근린생활시설,근린생활시설,53.22,0,29.1,19840907,1,0,서울특별시 동대문구 제기동 671-1번지
11230,10300,0,0671,0002,,,일반건축물,제2종근린생활시설,근린생활시설,0,0,66.25,19560630,1,0,서울특별시 동대문구 제기동 671-2번지
11230,10300,0,0671,0003,,,일반건축물,단독주택,주택,114.13,0,169.29,19900607,2,1,서울특별시 동대문구 제기동 671-3번지
11230,10300,0,0673,0000,,,일반건축물,단독주택,단독주택,112.23,64.69,117.12,20161213,2,0,서울특별시 동대문구 제기동 673번지
11230,10300,0,0676,0002,,,일반건축물,단독주택,다중주택,88.9,53.02,92.91,20081007,2,0,서울특별시 동대문구 제기동 676-2번지
11230,10300,0,0676,0006,,,일반건축물,단독주택,다가구용단독주택,233.91,119.87,417.36,19971014,3,1,서울특별시 동대문구 제기동 676-6번지
11230,10300,0,0676,0008,,,일반건축물,단독주택,"근린생활시설, 단독주택",109.61,64.19,124.27,19981218,2,0,서울특별시 동대문구 제기동 676-8번지
11230,10300,0,0677,0000,,,일반건축물,단독주택,"주택, 점포",160.52,0,169.93,19850629,3,1,서울특별시 동대문구 제기동 677번지
11230,10300,0,0677,0000,,,일반건축물,단독주택,"주택, 점포",0,0,191.85,19850629,2,1,서울특별시 동대문구 제기동 677번지
11230,10300,0,0677,0001,,,일반건축물,제2종근린생활시설,"점포, 근린생활시설",0,0,467.76,19850629,3,1,서울특별시 동대문구 제기동 677-1번지
11230,10300,0,0677,0002,,,일반건축물,단독주택,주택,0,0,211.57,19790906,2,1,서울특별시 동대문구 제기동 677-2번지
11230,10300,0,0677,0010,,,일반건축물,단독주택,다가구주택,36.5,28.62,68.54,20150116,3,0,서울특별시 동대문구 제기동 677-10번지
11230,10300,0,0677,0013,,,일반건축물,단독주택,다가구주택 외1,32.6,26.46,79.38,20150116,4,0,서울특별시 동대문구 제기동 677-13번지
11230,10300,0,0678,0000,홍파초등학교,,일반건축물,교육연구시설,교육연구및복지시설,9229.5,2948.05,11226,19990609,5,1,서울특별시 동대문구 제기동 678번지
11230,10300,0,0679,0000,,,일반건축물,단독주택,주택,0,0,36.99,19610514,1,0,서울특별시 동대문구 제기동 679번지
11230,10300,0,0679,0000,,,일반건축물,단독주택,주택,0,0,37.36,19610510,1,0,서울특별시 동대문구 제기동 679번지
11230,10300,0,0679,0000,,,일반건축물,단독주택,주택,0,0,56.56,19580305,1,0,서울특별시 동대문구 제기동 679번지
11230,10300,0,0679,0000,,,일반건축물,단독주택,주택,0,0,49.95,19571010,1,0,서울특별시 동대문구 제기동 679번지
11230,10300,0,0679,0000,,,일반건축물,제1종근린생활시설,제1종근린생활시설,0,0,61.07,19590901,1,0,서울특별시 동대문구 제기동 679번지
11230,10300,0,0679,0000,,,일반건축물,단독주택,주택,0,0,49.95,19571011,1,0,서울특별시 동대문구 제기동 679번지
11230,10300,0,0679,0000,,,일반건축물,제1종근린생활시설,제1종근린생활시설,118.53,47.04,75.63,19590915,2,0,서울특별시 동대문구 제기동 679번지
11230,10300,0,0679,0000,,,일반건축물,단독주택,주택,0,0,60.36,19621005,1,0,서울특별시 동대문구 제기동 679번지
11230,10300,0,0681,0000,,,일반건축물,단독주택,다가구용단독주택4가구,87.8,50.24,172.39,19950720,3,1,서울특별시 동대문구 제기동 681번지
11230,10300,0,0681,0001,,,일반건축물,단독주택,"단독주택, 제조업소",82.5,78.06,78.06,19580718,1,0,서울특별시 동대문구 제기동 681-1번지
11230,10300,0,0681,0002,예나어린이집,,일반건축물,노유자시설,"교욱연구 및 복지시설(경로당,어린이집)",440.9,249.3,1028.79,20011016,4,1,서울특별시 동대문구 제기동 681-2번지
11230,10300,0,0681,0003,,,일반건축물,단독주택,단독주택 외1,73.7,43.8,121.91,20010620,4,0,서울특별시 동대문구 제기동 681-3번지
11230,10300,0,0681,0006,,,일반건축물,단독주택,"근린생활시설, 주택",157.8,78.75,424.12,19930807,4,1,서울특별시 동대문구 제기동 681-6번지
11230,10300,0,0681,0007,,,일반건축물,단독주택,주택,0,0,34.71,19580925,1,0,서울특별시 동대문구 제기동 681-7번지
11230,10300,0,0681,0008,,,일반건축물,단독주택,주택,0,0,25.42,19590815,1,0,서울특별시 동대문구 제기동 681-8번지
11230,10300,0,0682,0000,,,일반건축물,단독주택,"근린생활시설, 단독주택",160.6,94.5,455.31,19951017,4,1,서울특별시 동대문구 제기동 682번지
11230,10300,0,0682,0002,,,일반건축물,제1종근린생활시설,근린생활시설,330.6,0,559.09,19900109,3,1,서울특별시 동대문구 제기동 682-2번지
11230,10300,0,0682,0003,,,일반건축물,단독주택,주택,0,0,42.64,19590420,1,0,서울특별시 동대문구 제기동 682-3번지
11230,10300,0,0682,0004,,,일반건축물,제1종근린생활시설,"근린생활시설, 단독주택",79.1,53.63,199.5,19941209,4,0,서울특별시 동대문구 제기동 682-4번지
11230,10300,0,0682,0006,,,일반건축물,단독주택,"근린생활시설, 다가구용단독주택(3)",132.6,77.77,299.74,19940811,3,1,서울특별시 동대문구 제기동 682-6번지
11230,10300,0,0682,0007,,,일반건축물,제1종근린생활시설,"근린생활시설,다가구주택",150.8,89.84,165.64,20110422,2,0,서울특별시 동대문구 제기동 682-7번지
11230,10300,0,0682,0009,,,일반건축물,단독주택,"근린생활시설, 다가구용단독주택(2)",78.37,53.07,137.25,19960924,3,0,서울특별시 동대문구 제기동 682-9번지
11230,10300,0,0682,0010,,,일반건축물,단독주택,다가구용단독주택(3),69.24,42.31,117.22,19960924,2,1,서울특별시 동대문구 제기동 682-10번지
11230,10300,0,0682,0011,,,일반건축물,단독주택,다가구용단독주택(3),70.8,42.31,117.22,19960924,2,1,서울특별시 동대문구 제기동 682-11번지
11230,10300,0,0682,0012,,,일반건축물,단독주택,"근린생활시설, 다가구용단독주택(2가구)",76.1,53.56,159.34,19950626,3,0,서울특별시 동대문구 제기동 682-12번지
11230,10300,0,0682,0013,,,일반건축물,단독주택,"근린생활시설, 다가구용단독주택(2가구)",86.9,53.76,159.94,19950701,3,0,서울특별시 동대문구 제기동 682-13번지
11230,10300,0,0682,0014,,,일반건축물,단독주택,주택,0,0,36.03,19580920,1,0,서울특별시 동대문구 제기동 682-14번지
11230,10300,0,0682,0015,,,일반건축물,단독주택,다가구용단독주택(4가구),77.08,44.8,134.4,19920413,2,1,서울특별시 동대문구 제기동 682-15번지
11230,10300,0,0682,0016,,,일반건축물,제1종근린생활시설,"근린생활시설, 주택",90.5,0,164.22,19920323,3,1,서울특별시 동대문구 제기동 682-16번지
11230,10300,0,0682,0017,정화힐타운,,표제부,공동주택,공동주택(다세대주택),182.68,108.77,385.36,20030417,5,0,서울특별시 동대문구 제기동 682-17번지
11230,10300,0,0682,0019,,,일반건축물,단독주택,다가구용단독주택(5가구),94.55,56.46,149.94,19930915,2,1,서울특별시 동대문구 제기동 682-19번지
11230,10300,0,0682,0022,가동,,일반건축물,창고시설,창고시설,398,95.48,95.48,20020802,1,0,서울특별시 동대문구 제기동 682-22번지
11230,10300,0,0682,0022,나동,,일반건축물,제2종근린생활시설,제2종근린생활시설,398,140.83,140.83,20130912,1,0,서울특별시 동대문구 제기동 682-22번지
11230,10300,0,0682,0023,,,일반건축물,단독주택,다가구용단독주택(4가구),110.26,0,191.94,19930106,2,1,서울특별시 동대문구 제기동 682-23번지
11230,10300,0,0682,0024,,,일반건축물,단독주택,주택,0,0,51.24,,1,0,서울특별시 동대문구 제기동 682-24번지
11230,10300,0,0682,0025,,,일반건축물,단독주택,근린생활시설,112.9,66.6,148.16,20000718,3,0,서울특별시 동대문구 제기동 682-25번지
11230,10300,0,0682,0026,,,일반건축물,단독주택,"근린생활시설, 단독주택(1가구)",116.4,69.58,278.32,19960314,4,0,서울특별시 동대문구 제기동 682-26번지
11230,10300,0,0682,0027,,,일반건축물,제1종근린생활시설,"근린생활시설, 단독주택",92.3,55.12,275.6,19950915,4,1,서울특별시 동대문구 제기동 682-27번지
11230,10300,0,0682,0028,,,일반건축물,제1종근린생활시설,근린생활시설,75.9,45.45,90.9,20050110,2,0,서울특별시 동대문구 제기동 682-28번지
11230,10300,0,0682,0036,,,일반건축물,단독주택,주택,0,0,46.08,19600305,1,0,서울특별시 동대문구 제기동 682-36번지
11230,10300,0,0684,0000,,,일반건축물,단독주택,"근린생활시설, 단독주택",178.6,102.91,494.05,19960521,4,1,서울특별시 동대문구 제기동 684번지
11230,10300,0,0686,0000,,,일반건축물,단독주택,"다가구용단독주택(4가구), 근린생활시설",122.92,73.73,202.71,19941105,3,0,서울특별시 동대문구 제기동 686번지
11230,10300,0,0686,0001,,,일반건축물,단독주택,"다가구용단독주택(3), 근린생활시설",122.4,69.73,189.4,19941105,3,0,서울특별시 동대문구 제기동 686-1번지
11230,10300,0,0688,0001,,,일반건축물,단독주택,"근린생활시설, 다가구주택(3가구)",71.7,51.42,214.99,19980422,5,0,서울특별시 동대문구 제기동 688-1번지
11230,10300,0,0688,0002,,,일반건축물,단독주택,"근린생활시설, 단독주택",70.6,50.88,201.6,19950112,4,0,서울특별시 동대문구 제기동 688-2번지
11230,10300,0,0688,0003,,,일반건축물,단독주택,"근린생활시설, 단독주택",72.8,52.83,208.89,19950109,4,0,서울특별시 동대문구 제기동 688-3번지
11230,10300,0,0688,0004,,,일반건축물,단독주택,"근린생활시설, 단독주택",63.33,43.9,170.56,19950206,4,0,서울특별시 동대문구 제기동 688-4번지
11230,10300,0,0688,0006,,,일반건축물,단독주택,"근린생활시설, 다가구용단독주택(2가구)",121.6,67.43,186.84,19950826,3,0,서울특별시 동대문구 제기동 688-6번지
11230,10300,0,0688,0008,,,일반건축물,단독주택,"근린생활시설, 단독주택",59.8,35.74,142.96,19950914,4,0,서울특별시 동대문구 제기동 688-8번지
11230,10300,0,0688,0009,,,일반건축물,단독주택,"근린생활시설, 다가구용단독주택(2가구)",80.66,50.58,127.86,19950929,3,0,서울특별시 동대문구 제기동 688-9번지
11230,10300,0,0688,0010,,,일반건축물,단독주택,다가구용단독주택(3가구),81.31,51.61,129.37,19951017,3,0,서울특별시 동대문구 제기동 688-10번지
11230,10300,0,0688,0011,,,일반건축물,단독주택,단독주택,77.2,53.82,177.9,19950404,4,0,서울특별시 동대문구 제기동 688-11번지
11230,10300,0,0688,0012,,,일반건축물,단독주택,단독주택(다중주택),204.8,116.7,329.9,20100503,3,1,서울특별시 동대문구 제기동 688-12번지
11230,10300,0,0688,0013,,,일반건축물,단독주택,"근린생활시설, 다가구용단독주택(3가구)",84.38,53.46,193.32,19931221,3,1,서울특별시 동대문구 제기동 688-13번지
11230,10300,0,0688,0014,,,일반건축물,단독주택,주택,0,0,61.46,19580825,1,0,서울특별시 동대문구 제기동 688-14번지
11230,10300,0,0690,0000,,,일반건축물,제1종근린생활시설,제1종근린생활시설,133.1,84.76,84.76,19630830,1,0,서울특별시 동대문구 제기동 690번지
11230,10300,0,0690,0001,,,일반건축물,단독주택,"다가구주택(2가구),근린생활시설",127.25,72.6,253.54,20031210,4,0,서울특별시 동대문구 제기동 690-1번지
11230,10300,0,0690,0002,,,일반건축물,단독주택,주택,0,0,82.28,19630831,1,0,서울특별시 동대문구 제기동 690-2번지
11230,10300,0,0690,0003,,,일반건축물,단독주택,단독주택(다가구주택) 외1,140.74,73.08,230.52,19951128,3,1,서울특별시 동대문구 제기동 690-3번지
11230,10300,0,0690,0004,,,일반건축물,제1종근린생활시설,"근린생활시설, 단독주택",115.99,69.5,297.12,19950128,3,1,서울특별시 동대문구 제기동 690-4번지
11230,10300,0,0690,0005,성훈팰리스,,표제부,공동주택,"단지형다세대주택, 근린생활시설",271.14,162.63,541.96,20190813,5,0,서울특별시 동대문구 제기동 690-5번지
11230,10300,0,0690,0007,,,일반건축물,단독주택,주택,0,0,84.2,19630831,1,0,서울특별시 동대문구 제기동 690-7번지
11230,10300,0,0690,0008,,,일반건축물,단독주택,"근린생활시설, 다가구주택(2가구)",125.51,74.67,334.03,19960903,5,0,서울특별시 동대문구 제기동 690-8번지
11230,10300,0,0690,0009,,,일반건축물,단독주택,단독주택(다가구주택),140.54,81.1,329.38,19961009,4,1,서울특별시 동대문구 제기동 690-9번지
11230,10300,0,0690,0010,,,일반건축물,단독주택,주택,0,0,84.2,19630831,1,0,서울특별시 동대문구 제기동 690-10번지
11230,10300,0,0690,0011,,,일반건축물,단독주택,주택,0,0,96.3,19630831,1,0,서울특별시 동대문구 제기동 690-11번지
11230,10300,0,0690,0012,제기 힐하우스,,표제부,공동주택,다세대주택,315.6,189.24,564.27,20190305,5,0,서울특별시 동대문구 제기동 690-12번지
11230,10300,0,0690,0014,,,일반건축물,단독주택,주택,147.03,75.94,108.37,19631213,2,0,서울특별시 동대문구 제기동 690-14번지
11230,10300,0,0690,0015,,,일반건축물,단독주택,"근린생활시설, 단독주택",135.4,79.94,298.96,19960111,4,0,서울특별시 동대문구 제기동 690-15번지
11230,10300,0,0695,0000,더팰리스,,표제부,공동주택,"다세대주택, 근린생활시설",194.9,97.4,463.52,20240709,6,0,서울특별시 동대문구 제기동 695번지
11230,10300,0,0695,0001,,,일반건축물,단독주택,단독주택 외 1,2081.3,95.04,95.04,19631022,1,0,서울특별시 동대문구 제기동 695-1번지
11230,10300,0,0695,0002,,,일반건축물,단독주택,주택,0,0,102.05,19631022,1,0,서울특별시 동대문구 제기동 695-2번지
11230,10300,0,0695,0003,,,일반건축물,제2종근린생활시설,근린생활시설,185.9,137.81,137.81,19630822,1,0,서울특별시 동대문구 제기동 695-3번지
11230,10300,0,0695,0004,,,일반건축물,단독주택,"단독주택, 근린생활시설",195,142.46,142.46,19630820,1,0,서울특별시 동대문구 제기동 695-4번지
11230,10300,0,0695,0005,,,일반건축물,제2종근린생활시설,근린생활시설,0,0,188.04,19641223,2,0,서울특별시 동대문구 제기동 695-5번지
11230,10300,0,0695,0006,,,일반건축물,제1종근린생활시설,제1종근린생활시설,0,0,58.61,19641223,1,0,서울특별시 동대문구 제기동 695-6번지
11230,10300,0,0695,0007,,,일반건축물,단독주택,"다가구용단독주택(3), 근린생활시설",115.5,68.88,192.78,19940810,3,0,서울특별시 동대문구 제기동 695-7번지
11230,10300,0,0695,0008,,,일반건축물,단독주택,주택,0,0,92.56,19630410,1,0,서울특별시 동대문구 제기동 695-8번지
11230,10300,0,0695,0009,,,일반건축물,제1종근린생활시설,근린생활시설,132,78.75,78.75,20020816,1,0,서울특별시 동대문구 제기동 695-9번지
11230,10300,0,0695,0010,,,일반건축물,단독주택,"근린생활시설, 다가구용단독주택(3가구)",151.41,89.11,251.37,19960620,3,0,서울특별시 동대문구 제기동 695-10번지
11230,10300,0,0695,0011,,,일반건축물,단독주택,"다가구용단독주택(4가구), 창고시설",152.36,91.08,257.4,19961126,3,0,서울특별시 동대문구 제기동 695-11번지
11230,10300,0,0695,0012,,,일반건축물,단독주택,다가구용단독주택(6가구),134.82,80.52,280.92,19920930,3,1,서울특별시 동대문구 제기동 695-12번지
11230,10300,0,0698,0000,,,일반건축물,단독주택,"주택, 근린생활시설",0,0,78.8,19650709,2,0,서울특별시 동대문구 제기동 698번지
11230,10300,0,0698,0000,,,일반건축물,단독주택,다가구용단독주택(4가구),93.95,53.96,156.91,19911228,2,1,서울특별시 동대문구 제기동 698번지
11230,10300,0,0698,0000,,,일반건축물,단독주택,주택,0,0,40.56,19600720,1,0,서울특별시 동대문구 제기동 698번지
11230,10300,0,0698,0000,,,일반건축물,단독주택,주택,0,0,78.87,19650709,2,0,서울특별시 동대문구 제기동 698번지
11230,10300,0,0698,0000,,,일반건축물,단독주택,"근린생활시설, 다가구용단독주택(2가구)",77.31,46.15,132.74,19950718,3,0,서울특별시 동대문구 제기동 698번지
11230,10300,0,0698,0000,,,일반건축물,제2종근린생활시설,근린생활시설,0,0,92.56,,2,0,서울특별시 동대문구 제기동 698번지
11230,10300,0,0698,0000,,,일반건축물,단독주택,주택,0,0,40.66,19590410,1,0,서울특별시 동대문구 제기동 698번지
11230,10300,0,0698,0000,,,일반건축물,제2종근린생활시설,영업,0,0,127.37,19650323,2,0,서울특별시 동대문구 제기동 698번지
11230,10300,0,0698,0000,,,일반건축물,단독주택,단독주택,83.95,50.17,129.67,20031103,3,0,서울특별시 동대문구 제기동 698번지
11230,10300,0,0698,0000,,,일반건축물,제1종근린생활시설,"근린생활시설, 주택",173,0,219.26,19840706,2,1,서울특별시 동대문구 제기동 698번지
11230,10300,0,0698,0000,,,일반건축물,단독주택,"주택, 영업",0,0,235.04,19650907,3,0,서울특별시 동대문구 제기동 698번지
11230,10300,0,0698,0000,,,일반건축물,제1종근린생활시설,제1종근린생활시설,83.84,54.22,54.22,19590415,1,0,서울특별시 동대문구 제기동 698번지
11230,10300,0,0699,0000,,,일반건축물,단독주택,주택,0,0,41.85,1960,1,0,서울특별시 동대문구 제기동 699번지
11230,10300,0,0701,0000,,,일반건축물,제1종근린생활시설,"근린생활시설, 주택",189.64,94.24,506.88,19910910,4,1,서울특별시 동대문구 제기동 701번지
11230,10300,0,0701,0000,,,일반건축물,단독주택,"근린생활시설, 주택",201.86,100.92,493.5,19920909,4,1,서울특별시 동대문구 제기동 701번지
11230,10300,0,0701,0000,,,일반건축물,업무시설,업무시설,462.61,233.41,1581.01,20030923,6,1,서울특별시 동대문구 제기동 701번지
11230,10300,0,0701,0000,,,일반건축물,단독주택,"주택, 근린생활시설",0,0,64.89,19600105,1,0,서울특별시 동대문구 제기동 701번지
11230,10300,0,0701,0000,,,일반건축물,제1종근린생활시설,근린생활시설,197.94,98.54,429.13,19920109,3,1,서울특별시 동대문구 제기동 701번지
11230,10300,0,0705,0000,,,일반건축물,제1종근린생활시설,근린생활시설,0,0,76.03,19631205,1,0,서울특별시 동대문구 제기동 705번지
11230,10300,0,0705,0001,,,일반건축물,제1종근린생활시설,근린생활시설,0,0,63.7,19640902,1,0,서울특별시 동대문구 제기동 705-1번지
11230,10300,0,0705,0002,,,일반건축물,창고시설,일반창고,0,0,56.63,19640902,1,0,서울특별시 동대문구 제기동 705-2번지
11230,10300,0,0705,0003,주식회사제이비,,일반건축물,제2종근린생활시설,"근린생활시설(제조업소,사무소)",218.6,109.14,379.36,20220530,4,0,서울특별시 동대문구 제기동 705-3번지
11230,10300,0,0705,0005,,,일반건축물,제2종근린생활시설,제2종근린생활시설,507.6,247.25,694.68,20090514,3,0,서울특별시 동대문구 제기동 705-5번지
11230,10300,0,0705,0006,,,일반건축물,제2종근린생활시설,근린생활시설,600.287,221.812,954.382,19971231,4,1,서울특별시 동대문구 제기동 705-6번지
11230,10300,0,0705,0007,에코시티,,표제부,공동주택,"오피스텔, 다세대주택",453.1,223.81,1248.96,20190201,8,1,서울특별시 동대문구 제기동 705-7번지
11230,10300,0,0709,0000,정우바이오,,일반건축물,제2종근린생활시설,"근린생활시설(소매점,제조업소)",176.23,99.06,269.24,20200909,4,0,서울특별시 동대문구 제기동 709번지
11230,10300,0,0709,0001,포장가게,,일반건축물,제2종근린생활시설,"근린생활시설(제조업소, 사무소)",178.6,89.23,322.52,20220211,4,0,서울특별시 동대문구 제기동 709-1번지
11230,10300,0,0710,0000,,,일반건축물,제1종근린생활시설,근린생활시설,0,0,273.73,19841008,3,1,서울특별시 동대문구 제기동 710번지
11230,10300,0,0712,0000,,,일반건축물,단독주택,주택,0,0,59.27,19580227,1,0,서울특별시 동대문구 제기동 712번지
11230,10300,0,0714,0000,,,표제부,제1종근린생활시설,"근린생활시설,주택",237.83,118.62,619.68,19931113,4,1,서울특별시 동대문구 제기동 714번지
11230,10300,0,0714,0000,,,일반건축물,단독주택,주택,0,0,38.94,19580310,1,0,서울특별시 동대문구 제기동 714번지
11230,10300,0,0714,0001,,,일반건축물,단독주택,주택,109.4,0,174.93,19881031,2,1,서울특별시 동대문구 제기동 714-1번지
11230,10300,0,0714,0002,,,일반건축물,단독주택,주택,153.3,0,238.16,19881107,2,1,서울특별시 동대문구 제기동 714-2번지
11230,10300,0,0714,0005,,,일반건축물,제1종근린생활시설,제1종근린생활시설,0,0,38.88,19590710,1,0,서울특별시 동대문구 제기동 714-5번지
11230,10300,0,0714,0005,,,일반건축물,제1종근린생활시설,"점포, 근린생활시설",0,0,55.54,19590410,2,0,서울특별시 동대문구 제기동 714-5번지
11230,10300,0,0714,0007,제기동원빌딩,,일반건축물,제1종근린생활시설,"제1종근린생활시설(한의원), 다가구주택(2가구)",118.73,70.6,263.54,20030113,4,0,서울특별시 동대문구 제기동 714-7번지
11230,10300,0,0714,0009,,,일반건축물,제2종근린생활시설,제2종근린생활시설,0,0,146.18,19671130,3,0,서울특별시 동대문구 제기동 714-9번지
11230,10300,0,0714,0010,,,일반건축물,제1종근린생활시설,근린생활시설 외 1,0,0,123.38,19600610,2,0,서울특별시 동대문구 제기동 714-10번지
11230,10300,0,0714,0011,,,일반건축물,단독주택,단독주택,76.71,43.42,117,19920701,2,1,서울특별시 동대문구 제기동 714-11번지
11230,10300,0,0714,0012,,,일반건축물,단독주택,다가구용단독주택(3가구),96.66,0,136.77,19930130,2,1,서울특별시 동대문구 제기동 714-12번지
11230,10300,0,0714,0013,,,일반건축물,제1종근린생활시설,소매점,93.8,45.88,45.88,19580430,1,0,서울특별시 동대문구 제기동 714-13번지
11230,10300,0,0714,0014,,,일반건축물,단독주택,다가구용단독주택(4가구),90.57,53.59,146.11,19920219,2,1,서울특별시 동대문구 제기동 714-14번지
11230,10300,0,0714,0015,,,일반건축물,단독주택,다가구용단독주택(3가구),99.87,59.55,180.15,19910111,2,1,서울특별시 동대문구 제기동 714-15번지
11230,10300,0,0714,0016,,,일반건축물,단독주택,주택,0,0,44.93,19600806,1,0,서울특별시 동대문구 제기동 714-16번지
11230,10300,0,0714,0017,,,일반건축물,제1종근린생활시설,"근린생활시설, 주택",172.98,82.62,298.29,19930503,3,1,서울특별시 동대문구 제기동 714-17번지
11230,10300,0,0714,0018,제기동 714-18 제1종근린생활시설 (이원태),,일반건축물,제1종근린생활시설,"소매점,제2종근린생활시설(사무소)",146.9,108.43,216.86,19661105,2,0,서울특별시 동대문구 제기동 714-18번지
11230,10300,0,0714,0020,,,일반건축물,단독주택,주택,111.3,0,172.97,19880825,2,1,서울특별시 동대문구 제기동 714-20번지
11230,10300,0,0714,0021,,,일반건축물,단독주택,주택,88.67,0,148.27,19880921,2,1,서울특별시 동대문구 제기동 714-21번지
11230,10300,0,0714,0022,,,일반건축물,단독주택,"근린생활시설,주택",152.66,0,317.28,19881019,3,1,서울특별시 동대문구 제기동 714-22번지
11230,10300,0,0714,0023,,,일반건축물,제1종근린생활시설,근린생활시설,0,0,96.5,19660915,1,0,서울특별시 동대문구 제기동 714-23번지
11230,10300,0,0714,0024,,,일반건축물,제2종근린생활시설,근린생활시설,0,162.25,470.76,19710105,3,1,서울특별시 동대문구 제기동 714-24번지
11230,10300,0,0714,0025,,,일반건축물,제1종근린생활시설,제1종근린생활시설 외1,156.06,0,312.85,19880922,3,1,서울특별시 동대문구 제기동 714-25번지
11230,10300,0,0715,0000,,,일반건축물,단독주택,주택,0,0,43.7,19370520,1,0,서울특별시 동대문구 제기동 715번지
11230,10300,0,0715,0000,,,일반건축물,제1종근린생활시설,"주택, 근린생활시설",0,0,331.83,19811212,3,1,서울특별시 동대문구 제기동 715번지
11230,10300,0,0715,0001,,,일반건축물,제2종근린생활시설,"근린생활, 주택",165.46,82.2,386.34,19930716,4,1,서울특별시 동대문구 제기동 715-1번지
11230,10300,0,0715,0002,,,일반건축물,제2종근린생활시설,제2종근린생활시설,0,0,238.25,19730220,2,1,서울특별시 동대문구 제기동 715-2번지
11230,10300,0,0715,0003,,,일반건축물,단독주택,주택외 1,0,0,169.71,19750227,3,0,서울특별시 동대문구 제기동 715-3번지
11230,10300,0,0715,0004,,,일반건축물,제1종근린생활시설,제1종근린생활시설,0,0,47.24,19591002,1,0,서울특별시 동대문구 제기동 715-4번지
11230,10300,0,0715,0005,,,일반건축물,제1종근린생활시설,제1종근린생활시설 외1,1552.4,77.95,156.7,19760611,2,1,서울특별시 동대문구 제기동 715-5번지
11230,10300,0,0715,0006,,,일반건축물,제1종근린생활시설,영업외 1,0,0,152.66,19670315,2,0,서울특별시 동대문구 제기동 715-6번지
11230,10300,0,0715,0007,,,일반건축물,제2종근린생활시설,근린생활시설,0,0,442.84,19891117,3,1,서울특별시 동대문구 제기동 715-7번지
11230,10300,0,0715,0008,,,일반건축물,제1종근린생활시설,제1종근린생활시설,0,0,117.36,19720729,2,1,서울특별시 동대문구 제기동 715-8번지
11230,10300,0,0715,0009,,,일반건축물,단독주택,주택,0,0,121.68,19730127,3,0,서울특별시 동대문구 제기동 715-9번지
11230,10300,0,0715,0010,,,일반건축물,제1종근린생활시설,제2종근린생활시설외1,0,0,73.38,19730803,2,0,서울특별시 동대문구 제기동 715-10번지
11230,10300,0,0718,0000,,,일반건축물,단독주택,주택,0,0,59.74,19591025,1,0,서울특별시 동대문구 제기동 718번지
11230,10300,0,0719,0000,,,일반건축물,단독주택,다가구주택 외 1,106.91,111.08,251.25,19600920,4,0,서울특별시 동대문구 제기동 719번지
11230,10300,0,0719,0001,,,일반건축물,제2종근린생활시설,제1종근린생활시설(소매점) 외1,0,0,159.04,19710912,3,1,서울특별시 동대문구 제기동 719-1번지
11230,10300,0,0719,0001,,,일반건축물,제1종근린생활시설,제1종근린생활시설,0,0,42.08,,1,0,서울특별시 동대문구 제기동 719-1번지
11230,10300,0,0719,0002,,,일반건축물,제1종근린생활시설,"점포, 주택",78.2,0,44.2,19850629,1,0,서울특별시 동대문구 제기동 719-2번지
11230,10300,0,0719,0003,,,일반건축물,제1종근린생활시설,점포,0,0,168.36,19691005,3,0,서울특별시 동대문구 제기동 719-3번지
11230,10300,0,0719,0003,,,일반건축물,제2종근린생활시설,제2종근린생활시설(사무소),0,0,49.59,,1,0,서울특별시 동대문구 제기동 719-3번지
11230,10300,0,0719,0004,,,일반건축물,제1종근린생활시설,제1종근린생활시설(한의원),0,0,74.94,19600731,1,0,서울특별시 동대문구 제기동 719-4번지
11230,10300,0,0721,0000,,,일반건축물,단독주택,주택,0,0,35.9,19590901,1,0,서울특별시 동대문구 제기동 721번지
11230,10300,0,0721,0000,,,일반건축물,제1종근린생활시설,"주택, 근린생활시설, 점포",0,0,154.35,19730130,4,0,서울특별시 동대문구 제기동 721번지
11230,10300,0,0723,0001,,,일반건축물,단독주택,"주택, 근린생활시설",0,0,378.33,19721130,3,1,서울특별시 동대문구 제기동 723-1번지
11230,10300,0,0725,0002,,,일반건축물,제2종근린생활시설,근린생활시설 외1,553.6,331.58,1195.33,,4,1,서울특별시 동대문구 제기동 725-2번지
11230,10300,0,0726,0001,,,일반건축물,단독주택,주택,329.9,0,73.92,19850629,1,1,서울특별시 동대문구 제기동 726-1번지
11230,10300,0,0726,0003,,,일반건축물,단독주택,"주택, 근린생활시설",74.4,0,60.03,19850617,1,1,서울특별시 동대문구 제기동 726-3번지
11230,10300,0,0726,0008,,,일반건축물,제1종근린생활시설,"주택, 근린생활시설",71.4,0,51.57,19850628,1,1,서울특별시 동대문구 제기동 726-8번지
11230,10300,0,0727,0002,,,일반건축물,단독주택,"근린생활시설, 주택",215.8,0,424.52,19881209,3,1,서울특별시 동대문구 제기동 727-2번지
11230,10300,0,0727,0003,,,일반건축물,제2종근린생활시설,제2종근린생활시설,140.2,69.91,127.97,20100423,2,0,서울특별시 동대문구 제기동 727-3번지
11230,10300,0,0727,0004,,,일반건축물,단독주택,주택,0,0,170.54,19690820,2,1,서울특별시 동대문구 제기동 727-4번지
11230,10300,0,0730,0000,,,일반건축물,단독주택,주택,0,0,92.56,,1,0,서울특별시 동대문구 제기동 730번지
11230,10300,0,0730,0001,,,표제부,제1종근린생활시설,"근린생활시설, 주택",185.2,0,476.59,19881231,4,1,서울특별시 동대문구 제기동 730-1번지
11230,10300,0,0730,0003,,,일반건축물,제1종근린생활시설,"근린생활시설, 주택",0,0,185.58,19870611,3,1,서울특별시 동대문구 제기동 730-3번지
11230,10300,0,0730,0005,,,일반건축물,제1종근린생활시설,"근린생활시설, 주택",480.3,240,1170.45,19890217,4,1,서울특별시 동대문구 제기동 730-5번지
11230,10300,0,0730,0007,,,일반건축물,단독주택,주택,0,0,46.09,19740610,1,0,서울특별시 동대문구 제기동 730-7번지
11230,10300,0,0730,0009,,,일반건축물,제2종근린생활시설,제2종근린생활시설,131.7,65.52,267.84,19910914,3,1,서울특별시 동대문구 제기동 730-9번지
11230,10300,0,0730,0011,,,일반건축물,제1종근린생활시설,"근린생활시설, 업무시설",650.18,364.23,2166.53,19941124,6,1,서울특별시 동대문구 제기동 730-11번지
11230,10300,0,0731,0001,,,일반건축물,제1종근린생활시설,"근린생활시설, 주택",146.6,71.24,287.49,19910906,3,1,서울특별시 동대문구 제기동 731-1번지
11230,10300,0,0731,0003,,,일반건축물,제1종근린생활시설,근린생활시설,155.43,64.9,290.25,19920525,3,1,서울특별시 동대문구 제기동 731-3번지
11230,10300,0,0731,0004,,,일반건축물,단독주택,주택,0,0,102.41,19620909,1,0,서울특별시 동대문구 제기동 731-4번지
11230,10300,0,0731,0005,,,일반건축물,제2종근린생활시설,"근린생활시설,제2종근린생활시설",226.9,108.23,474.18,19920525,4,1,서울특별시 동대문구 제기동 731-5번지
11230,10300,0,0733,0001,,,일반건축물,단독주택,"단독주택, 근린생활시설",142.4,84.56,84.56,19980707,1,0,서울특별시 동대문구 제기동 733-1번지
11230,10300,0,0738,0001,,,일반건축물,단독주택,"다가구주택, 제1종근린생활시설, 창고시설",261.47,156.19,670.15,19940902,4,1,서울특별시 동대문구 제기동 738-1번지
11230,10300,0,0738,0002,,,일반건축물,단독주택,"근린생활시설, 다가구용단독주택(5가구)",174.3,102.47,294.71,19950607,3,0,서울특별시 동대문구 제기동 738-2번지
11230,10300,0,0740,0000,,,일반건축물,단독주택,"근린생활시설, 주택",100.1,59.62,296.54,19930630,4,1,서울특별시 동대문구 제기동 740번지
11230,10300,0,0740,0001,,,일반건축물,단독주택,다가구용단독주택(3가구),165.9,97.63,285.89,19931015,2,1,서울특별시 동대문구 제기동 740-1번지
11230,10300,0,0740,0002,,,일반건축물,단독주택,주택,0,0,89.88,19630709,1,0,서울특별시 동대문구 제기동 740-2번지
11230,10300,0,0740,0003,,,일반건축물,제1종근린생활시설,"근린생활시설, 다가구용단독주택(3가구)",189.8,109.68,460.26,19951226,3,1,서울특별시 동대문구 제기동 740-3번지
11230,10300,0,0740,0004,,,일반건축물,제1종근린생활시설,제1종근린생활시설,151.98,90.72,101.26,20080529,2,0,서울특별시 동대문구 제기동 740-4번지
11230,10300,0,0740,0005,,,일반건축물,단독주택,주택,0,0,105.65,19630705,1,0,서울특별시 동대문구 제기동 740-5번지
11230,10300,0,0740,0006,,,일반건축물,단독주택,주택,0,0,96.2,19630702,1,0,서울특별시 동대문구 제기동 740-6번지
11230,10300,0,0740,0007,,,일반건축물,제1종근린생활시설,"근린생활, 주택",151.95,75.02,407.22,19931125,4,1,서울특별시 동대문구 제기동 740-7번지
11230,10300,0,0740,0008,,,일반건축물,단독주택,"근린생활시설, 주택(1가구)",149.15,88.08,447.9,19940507,4,1,서울특별시 동대문구 제기동 740-8번지
11230,10300,0,0740,0009,,,일반건축물,단독주택,다가구용단독주택(6),153,87.24,321.66,19970621,3,1,서울특별시 동대문구 제기동 740-9번지
11230,10300,0,0740,0010,,,일반건축물,단독주택,주택,0,0,98.97,19630702,1,0,서울특별시 동대문구 제기동 740-10번지
11230,10300,0,0740,0011,,,일반건축물,제1종근린생활시설,"근린생활시설, 주택",156.85,77.88,328.56,19920423,3,1,서울특별시 동대문구 제기동 740-11번지
11230,10300,0,0740,0012,,,일반건축물,단독주택,주택,0,0,83.5,19630702,1,0,서울특별시 동대문구 제기동 740-12번지
11230,10300,0,0740,0013,,,일반건축물,단독주택,주택,0,0,98.61,19630705,1,0,서울특별시 동대문구 제기동 740-13번지
11230,10300,0,0740,0014,,,일반건축물,단독주택,주택,0,0,91.47,19630702,1,0,서울특별시 동대문구 제기동 740-14번지
11230,10300,0,0740,0015,,,일반건축물,제1종근린생활시설,"근린생활시설, 주택",146.5,73.2,395.13,19910827,4,1,서울특별시 동대문구 제기동 740-15번지
11230,10300,0,0740,0017,,,일반건축물,단독주택,주택,0,0,77.88,19640718,1,0,서울특별시 동대문구 제기동 740-17번지
11230,10300,0,0740,0019,,,일반건축물,제1종근린생활시설,근린생활시설,170.9,115.49,115.49,19630705,1,0,서울특별시 동대문구 제기동 740-19번지
11230,10300,0,0740,0020,,,일반건축물,단독주택,"근린생활시설, 주택",195.43,97.47,518.58,19911211,4,1,서울특별시 동대문구 제기동 740-20번지
11230,10300,0,0740,0021,,,일반건축물,제2종근린생활시설,제2종근린생활시설외 1,159.3,79.12,110.4,20071227,2,0,서울특별시 동대문구 제기동 740-21번지
11230,10300,0,0741,0000,,,일반건축물,단독주택,"근린생활시설, 주택",0,0,33.39,19551005,1,0,서울특별시 동대문구 제기동 741번지
11230,10300,0,0742,0000,,,일반건축물,제1종근린생활시설,제1종근린생활시설(소매점),409.18,244.93,244.93,20071101,1,0,서울특별시 동대문구 제기동 742번지
11230,10300,0,0743,0000,도현주택,,표제부,공동주택,단지형다세대,588.41,162.63,659.91,20221222,6,0,서울특별시 동대문구 제기동 743번지
11230,10300,0,0743,0000,도현주택,,표제부,공동주택,단지형다세대,588.41,159.42,515.32,20221222,5,0,서울특별시 동대문구 제기동 743번지
11230,10300,0,0746,0000,성남빌딩,,일반건축물,단독주택,단독주택 외1,72.08,43.2,118.8,20051006,3,0,서울특별시 동대문구 제기동 746번지
11230,10300,0,0746,0002,,,일반건축물,단독주택,단독주택(다가구주택) 외1,194.85,116.33,322.29,19951229,3,0,서울특별시 동대문구 제기동 746-2번지
11230,10300,0,0746,0003,,,일반건축물,단독주택,주택,0,0,46.64,19631202,1,0,서울특별시 동대문구 제기동 746-3번지
11230,10300,0,0746,0004,서울빌리지,,표제부,공동주택,다세대주택(10세대),218.1,130.85,434.27,20161017,5,0,서울특별시 동대문구 제기동 746-4번지
11230,10300,0,0746,0005,,,일반건축물,단독주택,주택,0,0,36.36,,1,0,서울특별시 동대문구 제기동 746-5번지
11230,10300,0,0746,0006,,,일반건축물,단독주택,"제1종근린생활시설, 단독주택",64.11,35.31,88.18,20071120,3,0,서울특별시 동대문구 제기동 746-6번지
11230,10300,0,0746,0008,,,일반건축물,단독주택,주택,0,0,46.81,19611020,1,0,서울특별시 동대문구 제기동 746-8번지
11230,10300,0,0746,0009,,,일반건축물,단독주택,주택,0,0,49.19,19581001,1,0,서울특별시 동대문구 제기동 746-9번지
11230,10300,0,0746,0010,,,일반건축물,단독주택,주택,0,0,24.46,19601007,1,0,서울특별시 동대문구 제기동 746-10번지
11230,10300,0,0748,0002,,,일반건축물,제1종근린생활시설,근린생활시설,0,0,38.18,19580510,1,0,서울특별시 동대문구 제기동 748-2번지
11230,10300,0,0748,0003,,,일반건축물,단독주택,주택,0,0,47.66,19850629,1,0,서울특별시 동대문구 제기동 748-3번지
11230,10300,0,0748,0004,,,일반건축물,단독주택,주택,0,0,50.48,19691005,1,0,서울특별시 동대문구 제기동 748-4번지
11230,10300,0,0748,0005,,,일반건축물,단독주택,주택,79.7,0,46.83,19850131,1,0,서울특별시 동대문구 제기동 748-5번지
11230,10300,0,0748,0006,,,일반건축물,단독주택,주택,0,0,46.15,19770623,1,0,서울특별시 동대문구 제기동 748-6번지
11230,10300,0,0750,0000,,,일반건축물,제2종근린생활시설,근린생활시설,86.9,52.12,97.13,20230207,2,0,서울특별시 동대문구 제기동 750번지
11230,10300,0,0750,0003,,,일반건축물,단독주택,"근린생활시설, 주택, 창고",79.54,53.91,306.55,19950503,5,1,서울특별시 동대문구 제기동 750-3번지
11230,10300,0,0750,0004,,,일반건축물,단독주택,주택,0,0,34.38,,1,0,서울특별시 동대문구 제기동 750-4번지
11230,10300,0,0750,0007,,,일반건축물,제2종근린생활시설,"근린생활시설, 단독주택",69.7,52.29,284.21,19950504,5,1,서울특별시 동대문구 제기동 750-7번지
11230,10300,0,0750,0008,,,일반건축물,단독주택,주택,0,0,37.98,19570410,1,0,서울특별시 동대문구 제기동 750-8번지
11230,10300,0,0750,0010,,,일반건축물,제1종근린생활시설,제1종근린생활시설,0,0,39.54,19580910,1,0,서울특별시 동대문구 제기동 750-10번지
11230,10300,0,0750,0011,,,일반건축물,단독주택,주택,0,0,36.69,19611230,1,0,서울특별시 동대문구 제기동 750-11번지
11230,10300,0,0750,0012,,,일반건축물,단독주택,주택,0,0,29.75,19630307,1,0,서울특별시 동대문구 제기동 750-12번지
11230,10300,0,0750,0015,도현주택,,표제부,공동주택,단지형다세대,289.43,173.55,578.21,20221221,5,0,서울특별시 동대문구 제기동 750-15번지
11230,10300,0,0752,0014,,,일반건축물,단독주택,주택,0,0,79.34,19630520,1,0,서울특별시 동대문구 제기동 752-14번지
11230,10300,0,0754,0000,,,일반건축물,단독주택,"주택, 점포",0,0,35.26,19850629,1,0,서울특별시 동대문구 제기동 754번지
11230,10300,0,0757,0000,,,일반건축물,제1종근린생활시설,소매점,131.8,93.75,93.75,19641218,1,0,서울특별시 동대문구 제기동 757번지
11230,10300,0,0757,0001,광진빌,,일반건축물,단독주택,"다가구주택, 근린생활시설",146.2,87.29,267.59,20200605,4,0,서울특별시 동대문구 제기동 757-1번지
11230,10300,0,0757,0002,,,표제부,공동주택,공동주택(다세대주택),276.79,165.12,646.2,20030424,5,0,서울특별시 동대문구 제기동 757-2번지
11230,10300,0,0757,0005,,,일반건축물,제2종근린생활시설,제2종근린생활시설,137.4,79.49,290.73,20110722,4,0,서울특별시 동대문구 제기동 757-5번지
11230,10300,0,0757,0006,U.time,,일반건축물,단독주택,"다중주택, 사무소",143.25,84,285.2,20170424,4,0,서울특별시 동대문구 제기동 757-6번지
11230,10300,0,0757,0008,,,일반건축물,제2종근린생활시설,제2종근린생활시설,130,75.78,321.18,20110617,4,1,서울특별시 동대문구 제기동 757-8번지
11230,10300,0,0757,0012,건영스타밸리,,표제부,공동주택,"공동주택,근린생활시설",1117.1,594.23,2998.49,20210325,7,1,서울특별시 동대문구 제기동 757-12번지
11230,10300,0,0757,0013,제기빌딩,,일반건축물,단독주택,다가구주택,108.5,64.91,190.65,20040609,3,0,서울특별시 동대문구 제기동 757-13번지
11230,10300,0,0757,0014,,,일반건축물,제1종근린생활시설,근린생활시설,0,0,46.18,19600917,1,0,서울특별시 동대문구 제기동 757-14번지
11230,10300,0,0757,0018,,,표제부,공동주택,"공동주택,다세대주택",136.56,80.76,317.05,20030502,5,0,서울특별시 동대문구 제기동 757-18번지
11230,10300,0,0763,0000,,,일반건축물,단독주택,주택,0,0,102.42,19641022,1,1,서울특별시 동대문구 제기동 763번지
11230,10300,0,0763,0001,,,일반건축물,단독주택,단독주택 외 1,141.5,84.76,261.73,20130830,4,0,서울특별시 동대문구 제기동 763-1번지
11230,10300,0,0763,0003,,,일반건축물,단독주택,"근린생활시설,다중주택",139.18,83.07,277.92,20180130,5,0,서울특별시 동대문구 제기동 763-3번지
11230,10300,0,0763,0005,,,일반건축물,단독주택,"주택, 근린생활시설",0,0,89.62,19641125,1,0,서울특별시 동대문구 제기동 763-5번지
11230,10300,0,0763,0006,,,일반건축물,단독주택,"다가구주택, 제2종근린생활시설",135.4,79.1,256.98,20160907,4,0,서울특별시 동대문구 제기동 763-6번지
11230,10300,0,0763,0007,한신파크빌,,표제부,공동주택,도시형생활주택(단지형다세대),295.1,152.67,589.91,20131205,6,0,서울특별시 동대문구 제기동 763-7번지
11230,10300,0,0763,0010,,,일반건축물,제1종근린생활시설,제1종근린생활시설,111.1,44.96,44.96,19590405,1,0,서울특별시 동대문구 제기동 763-10번지
11230,10300,0,0763,0011,,,일반건축물,단독주택,주택,0,0,34.71,19581010,1,0,서울특별시 동대문구 제기동 763-11번지
11230,10300,0,0763,0014,,,일반건축물,단독주택,"근린생활시설, 단독주택(1가구)",77.1,46.2,112.2,20010728,3,0,서울특별시 동대문구 제기동 763-14번지
11230,10300,0,0768,0000,,,일반건축물,단독주택,"주택, 근린생활시설(점포)",0,0,42.98,19610910,1,0,서울특별시 동대문구 제기동 768번지
11230,10300,0,0768,0000,,,일반건축물,단독주택,주택,0,0,49.92,19501010,1,0,서울특별시 동대문구 제기동 768번지
11230,10300,0,0768,0000,,,일반건축물,제2종근린생활시설,영업,0,0,152.46,19590920,2,0,서울특별시 동대문구 제기동 768번지
11230,10300,0,0768,0000,,,일반건축물,제1종근린생활시설,근린생활시설,0,0,78.4,19830117,1,0,서울특별시 동대문구 제기동 768번지
11230,10300,0,0768,0001,,,일반건축물,제1종근린생활시설,근린생활시설,0,0,53.26,19591008,1,0,서울특별시 동대문구 제기동 768-1번지
11230,10300,0,0768,0002,,,일반건축물,제1종근린생활시설,근린생활시설,0,0,51.57,19590620,1,0,서울특별시 동대문구 제기동 768-2번지
11230,10300,0,0768,0004,,,일반건축물,단독주택,주택,0,0,48.36,19580920,1,0,서울특별시 동대문구 제기동 768-4번지
11230,10300,0,0768,0006,,,일반건축물,단독주택,"주택, 근린생활시설",0,0,67.14,19600107,1,0,서울특별시 동대문구 제기동 768-6번지
11230,10300,0,0768,0007,,,일반건축물,제1종근린생활시설,제1종근린생활시설(소매점),107,63.4,63.4,19590910,1,0,서울특별시 동대문구 제기동 768-7번지
11230,10300,0,0768,0008,,,일반건축물,제1종근린생활시설,제1종근린생활시설(소매점),0,0,43.64,19600620,1,0,서울특별시 동대문구 제기동 768-8번지
11230,10300,0,0769,0000,,,일반건축물,단독주택,주택,0,0,45.09,19501010,1,0,서울특별시 동대문구 제기동 769번지
11230,10300,0,0769,0000,,,일반건축물,단독주택,주택,0,0,90.98,19650914,1,1,서울특별시 동대문구 제기동 769번지
11230,10300,0,0769,0001,,,일반건축물,단독주택,주택,0,0,51.21,19501010,1,0,서울특별시 동대문구 제기동 769-1번지
11230,10300,0,0769,0002,,,일반건축물,단독주택,주택,0,0,48.4,19591108,1,0,서울특별시 동대문구 제기동 769-2번지
11230,10300,0,0769,0004,,,일반건축물,단독주택,주택,0,0,65.99,19611001,1,0,서울특별시 동대문구 제기동 769-4번지
11230,10300,0,0771,0000,,,일반건축물,단독주택,"주택, 근린생활시설",0,0,38.45,19581001,1,0,서울특별시 동대문구 제기동 771번지
11230,10300,0,0771,0001,,,일반건축물,단독주택,주택,0,0,50.25,19501010,1,0,서울특별시 동대문구 제기동 771-1번지
11230,10300,0,0771,0004,,,일반건축물,제1종근린생활시설,주택,0,0,100.14,19620930,2,0,서울특별시 동대문구 제기동 771-4번지
11230,10300,0,0771,0005,,,일반건축물,제2종근린생활시설,제2종근린생활시설외1,0,0,115.88,19650720,2,0,서울특별시 동대문구 제기동 771-5번지
11230,10300,0,0771,0006,,,일반건축물,제2종근린생활시설,제2종근린생활시설,116.8,72.07,103.81,19591010,2,0,서울특별시 동대문구 제기동 771-6번지
11230,10300,0,0773,0000,제기동 단독주택,,일반건축물,단독주택,단독주택,152,90.84,353.6,20040427,4,0,서울특별시 동대문구 제기동 773번지
11230,10300,0,0773,0002,,,일반건축물,단독주택,주택,0,0,38.84,19590715,1,0,서울특별시 동대문구 제기동 773-2번지
11230,10300,0,0773,0003,,,일반건축물,단독주택,주택,0,0,38.88,19600520,1,0,서울특별시 동대문구 제기동 773-3번지
11230,10300,0,0774,0000,,,일반건축물,단독주택,주택,0,0,33.42,19611230,1,0,서울특별시 동대문구 제기동 774번지
11230,10300,0,0774,0000,,,일반건축물,단독주택,주택,0,0,38.25,19590230,1,0,서울특별시 동대문구 제기동 774번지
11230,10300,0,0774,0000,,,일반건축물,단독주택,주택,0,0,51.57,19600420,1,0,서울특별시 동대문구 제기동 774번지
11230,10300,0,0774,0000,,,일반건축물,단독주택,주택,0,0,39.01,19591010,1,0,서울특별시 동대문구 제기동 774번지
11230,10300,0,0774,0000,,,일반건축물,단독주택,주택,0,0,40.96,19591203,1,0,서울특별시 동대문구 제기동 774번지
11230,10300,0,0774,0000,,,일반건축물,단독주택,주택,0,0,41.95,19591110,1,0,서울특별시 동대문구 제기동 774번지
11230,10300,0,0774,0000,,,일반건축물,제2종근린생활시설,제2종근린생활시설,0,0,39.27,19590511,1,0,서울특별시 동대문구 제기동 774번지
11230,10300,0,0774,0000,,,일반건축물,단독주택,주택,0,0,37.72,19580525,1,0,서울특별시 동대문구 제기동 774번지
11230,10300,0,0774,0000,,,일반건축물,단독주택,주택,0,0,36.3,19591001,1,0,서울특별시 동대문구 제기동 774번지
11230,10300,0,0774,0000,,,일반건축물,단독주택,"주택, 근린생활시설",0,0,38.84,19591020,1,0,서울특별시 동대문구 제기동 774번지
11230,10300,0,0774,0000,,,일반건축물,제1종근린생활시설,제1종근린생활시설,61.97,39.27,39.27,19581127,1,0,서울특별시 동대문구 제기동 774번지
11230,10300,0,0774,0000,,,일반건축물,단독주택,주택,0,0,43.31,19591108,1,0,서울특별시 동대문구 제기동 774번지
11230,10300,0,0774,0000,,,일반건축물,단독주택,주택,0,0,35.37,19590705,1,0,서울특별시 동대문구 제기동 774번지
11230,10300,0,0776,0000,,,일반건축물,제1종근린생활시설,제1종근린생활시설,90.6,56.93,56.93,19691020,1,0,서울특별시 동대문구 제기동 776번지
11230,10300,0,0776,0001,,,일반건축물,단독주택,주택,0,0,52.33,19611120,1,0,서울특별시 동대문구 제기동 776-1번지
11230,10300,0,0776,0002,,,일반건축물,단독주택,단독주택,104.1,59.47,99.29,20020722,2,0,서울특별시 동대문구 제기동 776-2번지
11230,10300,0,0776,0003,,,일반건축물,제1종근린생활시설,제1종근린생활시설,0,0,59.5,19601010,1,0,서울특별시 동대문구 제기동 776-3번지
11230,10300,0,0776,0004,,,일반건축물,단독주택,"주택,제1종근린생활시설",110.6,65.92,100.76,19660802,2,0,서울특별시 동대문구 제기동 776-4번지
11230,10300,0,0776,0005,홍파길15빌딩,,일반건축물,단독주택,단독주택(다가구주택) 외2,190.5,92.79,430.18,20060921,5,0,서울특별시 동대문구 제기동 776-5번지
11230,10300,0,0776,0008,다온빌딩,,일반건축물,제2종근린생활시설,"근린생활시설,주택",236.6,117.87,513.92,20210728,5,0,서울특별시 동대문구 제기동 776-8번지
11230,10300,0,0776,0010,,,일반건축물,단독주택,"주택, 위험물저장및처리시설, 점포",0,0,142.12,19640720,2,0,서울특별시 동대문구 제기동 776-10번지
11230,10300,0,0776,0011,,,표제부,단독주택,"단독주택,근린생활시설",79.66,39.78,86.89,20220126,3,0,서울특별시 동대문구 제기동 776-11번지
11230,10300,0,0776,0012,,,일반건축물,제2종근린생활시설,영업 외 2,0,0,597.73,19670216,4,0,서울특별시 동대문구 제기동 776-12번지
11230,10300,0,0776,0013,,,일반건축물,제1종근린생활시설,근린생활시설,0,0,68.17,19581001,1,0,서울특별시 동대문구 제기동 776-13번지
11230,10300,0,0781,0000,,,일반건축물,단독주택,다가구주택 외 1,110.4,54.5,136.08,20050628,3,0,서울특별시 동대문구 제기동 781번지
11230,10300,0,0781,0002,,,일반건축물,단독주택,주택,0,0,78.02,19611001,1,0,서울특별시 동대문구 제기동 781-2번지
11230,10300,0,0781,0004,,,일반건축물,단독주택,주택,0,0,416.3,19670825,2,0,서울특별시 동대문구 제기동 781-4번지
11230,10300,0,0792,0001,,,일반건축물,제1종근린생활시설,근린생활시설,0,0,225.81,19690110,3,1,서울특별시 동대문구 제기동 792-1번지
11230,10300,0,0792,0002,,,일반건축물,제2종근린생활시설,사무소,0,0,69.76,19601105,2,0,서울특별시 동대문구 제기동 792-2번지
11230,10300,0,0797,0001,,,일반건축물,제2종근린생활시설,근린생활시설,0,0,190.93,19640605,2,0,서울특별시 동대문구 제기동 797-1번지
11230,10300,0,0797,0002,,,일반건축물,제2종근린생활시설,"근린생활시설, 근린생활시설",158.7,0,299.52,19900806,3,1,서울특별시 동대문구 제기동 797-2번지
11230,10300,0,0797,0003,,,일반건축물,제1종근린생활시설,"근린생활시설, 사무실",0,0,536.85,19670604,4,1,서울특별시 동대문구 제기동 797-3번지
11230,10300,0,0797,0004,,,일반건축물,단독주택,"주택, 근린생활시설",0,0,83.14,19630223,1,0,서울특별시 동대문구 제기동 797-4번지
11230,10300,0,0797,0005,,,일반건축물,제2종근린생활시설,근린생활시설,383.1,232.46,714.35,19751230,3,1,서울특별시 동대문구 제기동 797-5번지
11230,10300,0,0798,0000,,,일반건축물,제1종근린생활시설,"점포, 사무소",0,0,347.92,19680906,4,1,서울특별시 동대문구 제기동 798번지
11230,10300,0,0803,0000,한양빌딩,,일반건축물,노유자시설,"노유자시설,단독주택,제2종근린생활시설",397.1,197.32,990.93,20210223,6,0,서울특별시 동대문구 제기동 803번지
11230,10300,0,0803,0002,,,일반건축물,제1종근린생활시설,점포,0,0,109.33,19601103,2,0,서울특별시 동대문구 제기동 803-2번지
11230,10300,0,0803,0003,,,일반건축물,위험물저장및처리시설,"점포, 위험물저장및 처리시설(액화석유가스 취급소)",0,0,116.5,19610405,2,0,서울특별시 동대문구 제기동 803-3번지
11230,10300,0,0803,0004,,,일반건축물,단독주택,주택,0,0,71.37,19570519,1,0,서울특별시 동대문구 제기동 803-4번지
11230,10300,0,0812,0000,,,일반건축물,제1종근린생활시설,"근린생활시설, 주택",119.9,0,295.57,19920427,4,1,서울특별시 동대문구 제기동 812번지
11230,10300,0,0812,0000,,,일반건축물,제1종근린생활시설,"근린생활시설, 주택",145.36,72,362.36,19920701,4,1,서울특별시 동대문구 제기동 812번지
11230,10300,0,0813,0001,,,일반건축물,제2종근린생활시설,근린생활시설(사무소)외2,686.5,343,1798.83,19680204,5,1,서울특별시 동대문구 제기동 813-1번지
11230,10300,0,0816,0000,,,표제부,제1종근린생활시설,"근린생활시설, 주택",709.7,189.24,756.96,19831122,3,1,서울특별시 동대문구 제기동 816번지
11230,10300,0,0816,0001,,,일반건축물,제1종근린생활시설,"주택,제1종근린생활시설",0,0,641.62,19700730,3,0,서울특별시 동대문구 제기동 816-1번지
11230,10300,0,0818,0000,,,일반건축물,제2종근린생활시설,근린생활시설,551.2,330.24,655.08,20010208,2,0,서울특별시 동대문구 제기동 818번지
11230,10300,0,0818,0001,,,일반건축물,제2종근린생활시설,근린생활시설외 2,111,65.7,258.57,19960618,3,1,서울특별시 동대문구 제기동 818-1번지
11230,10300,0,0818,0003,,,일반건축물,제1종근린생활시설,근린생활시설,0,0,27.25,19700801,1,0,서울특별시 동대문구 제기동 818-3번지
11230,10300,0,0818,0005,한성빌딩,,일반건축물,단독주택,"근린생활시설,단독주택",138.3,80.17,266.79,20020326,4,0,서울특별시 동대문구 제기동 818-5번지
11230,10300,0,0821,0000,,,일반건축물,제1종근린생활시설,근린생활시설,0,0,76.03,,1,0,서울특별시 동대문구 제기동 821번지
11230,10300,0,0821,0000,,,일반건축물,제2종근린생활시설,"근린생활시설,점포",133.2,77.75,162.68,19760628,2,1,서울특별시 동대문구 제기동 821번지
11230,10300,0,0822,0001,위캔빌딩,,일반건축물,제2종근린생활시설,"교육연구시설,근린생활시설",546.1,326.28,2031.83,20040220,5,1,서울특별시 동대문구 제기동 822-1번지
11230,10300,0,0822,0003,,,일반건축물,단독주택,"다가구주택, 창고시설, 근린생활시설",199.3,119.14,508.53,20190712,5,1,서울특별시 동대문구 제기동 822-3번지
11230,10300,0,0822,0004,,,일반건축물,제2종근린생활시설,제2종근린생활시설 외2,194.3,116.36,213.15,19680530,2,0,서울특별시 동대문구 제기동 822-4번지
11230,10300,0,0822,0005,,,일반건축물,제2종근린생활시설,제2종근린생활시설,216.2,81.84,142.78,19680814,2,1,서울특별시 동대문구 제기동 822-5번지
11230,10300,0,0822,0006,,,일반건축물,제2종근린생활시설,제2종근린생활시설,543.9,304.7,980.49,20140110,4,0,서울특별시 동대문구 제기동 822-6번지
11230,10300,0,0822,0011,,,일반건축물,단독주택,주택,0,0,76.06,19690511,1,1,서울특별시 동대문구 제기동 822-11번지
11230,10300,0,0822,0013,,,일반건축물,제1종근린생활시설,"근린생활시설, 주택",104.2,66.12,120.33,19681130,2,0,서울특별시 동대문구 제기동 822-13번지
11230,10300,0,0822,0014,,,일반건축물,제1종근린생활시설,"주택, 근린생활시설",0,0,222.07,19600620,2,0,서울특별시 동대문구 제기동 822-14번지
11230,10300,0,0823,0000,,,일반건축물,제1종근린생활시설,근린생활시설 외1,297.5,148.04,716.39,19920703,4,1,서울특별시 동대문구 제기동 823번지
11230,10300,0,0823,0001,,,표제부,공동주택,공동주택(다세대주택),302.6,181.22,604.6,20101119,5,0,서울특별시 동대문구 제기동 823-1번지
11230,10300,0,0823,0002,,,일반건축물,단독주택,주택,0,0,312.92,19731121,2,1,서울특별시 동대문구 제기동 823-2번지
11230,10300,0,0825,0000,,,일반건축물,단독주택,다가구주택 외 1,109.3,74.4,273.13,19970826,4,1,서울특별시 동대문구 제기동 825번지
11230,10300,0,0825,0001,,,일반건축물,제1종근린생활시설,"근린생활시설, 다가구주택",0,0,469.64,19891114,4,1,서울특별시 동대문구 제기동 825-1번지
11230,10300,0,0825,0003,,,일반건축물,창고시설,창고,79,45.88,45.88,20170906,1,0,서울특별시 동대문구 제기동 825-3번지
11230,10300,0,0825,0004,,,일반건축물,단독주택,단독주택,78.05,46.56,91.18,20011019,2,0,서울특별시 동대문구 제기동 825-4번지
11230,10300,0,0825,0005,,,일반건축물,제1종근린생활시설,제1종근린생활시설 외 1,543.9,304.7,980.49,20111229,2,0,서울특별시 동대문구 제기동 825-5번지
11230,10300,0,0825,0006,,,일반건축물,제1종근린생활시설,근린생활시설 및 다가구주택,117.3,55.44,246.11,19900903,4,1,서울특별시 동대문구 제기동 825-6번지
11230,10300,0,0828,0001,,,일반건축물,제1종근린생활시설,"주택, 근린생활시설",130,76.51,283.99,19831021,3,1,서울특별시 동대문구 제기동 828-1번지
11230,10300,0,0828,0002,진영리더스,,일반건축물,단독주택,"단독주택, 근린생활시설",120.9,72.39,240.71,20181108,4,0,서울특별시 동대문구 제기동 828-2번지
11230,10300,0,0830,0001,제기동 주민센터,,일반건축물,업무시설,동 주민센터,821.6,405.1,2076.53,20141230,5,1,서울특별시 동대문구 제기동 830-1번지
11230,10300,0,0832,0000,,,일반건축물,제1종근린생활시설,근린생활시설,71.8,40.32,72.24,19960930,2,0,서울특별시 동대문구 제기동 832번지
11230,10300,0,0833,0000,,,일반건축물,제2종근린생활시설,제2종근린생활시설,0,0,85.69,19651210,2,0,서울특별시 동대문구 제기동 833번지
11230,10300,0,0834,0000,,,일반건축물,제1종근린생활시설,근린생활시설,0,0,78.38,19660510,1,0,서울특별시 동대문구 제기동 834번지
11230,10300,0,0836,0000,,,일반건축물,단독주택,주택,0,0,78.22,19670117,1,0,서울특별시 동대문구 제기동 836번지
11230,10300,0,0837,0000,,,일반건축물,제2종근린생활시설,근린생활시설,0,0,786.87,19610115,2,1,서울특별시 동대문구 제기동 837번지
11230,10300,0,0838,0000,,,일반건축물,제1종근린생활시설,근린생활시설,0,0,86.94,19650914,1,0,서울특별시 동대문구 제기동 838번지
11230,10300,0,0838,0001,,,일반건축물,제1종근린생활시설,근린생활시설,0,0,63.37,19601015,1,0,서울특별시 동대문구 제기동 838-1번지
11230,10300,0,0838,0002,,,일반건축물,제1종근린생활시설,"근린생활시설, 점포",0,0,53.22,19610310,1,0,서울특별시 동대문구 제기동 838-2번지
11230,10300,0,0838,0003,,,일반건축물,단독주택,주택,0,0,58.25,19591005,1,0,서울특별시 동대문구 제기동 838-3번지
11230,10300,0,0838,0004,,,일반건축물,단독주택,다가구용단독주택(4가구),95.38,55.74,149.76,19930712,2,1,서울특별시 동대문구 제기동 838-4번지
11230,10300,0,0838,0005,,,일반건축물,제1종근린생활시설,"근린생활시설, 주택",87.3,43.32,185.19,19930811,3,1,서울특별시 동대문구 제기동 838-5번지
11230,10300,0,0838,0007,,,일반건축물,제1종근린생활시설,제1종근린생활시설(소매점) 외1,0,0,90.83,19850629,1,0,서울특별시 동대문구 제기동 838-7번지
11230,10300,0,0838,0008,,,일반건축물,단독주택,주택,0,0,43.14,19600830,1,0,서울특별시 동대문구 제기동 838-8번지
11230,10300,0,0838,0009,,,일반건축물,단독주택,다가구용단독주택(6가구),158.37,78.76,293.72,19961108,3,1,서울특별시 동대문구 제기동 838-9번지
11230,10300,0,0838,0010,,,일반건축물,제1종근린생활시설,"근린생활시설, 주택",0,0,96.2,19650823,1,1,서울특별시 동대문구 제기동 838-10번지
11230,10300,0,0838,0012,,,일반건축물,제1종근린생활시설,"근린생활시설, 단독주택",121.2,72.6,299.31,19950712,3,1,서울특별시 동대문구 제기동 838-12번지
11230,10300,0,0838,0013,,,일반건축물,단독주택,다가구용단독주택(5가구),181.85,108.71,293.41,19950712,2,1,서울특별시 동대문구 제기동 838-13번지
11230,10300,0,0838,0014,,,일반건축물,제1종근린생활시설,근린생활시설,197.4,98.27,298.61,19941018,2,1,서울특별시 동대문구 제기동 838-14번지
11230,10300,0,0838,0014,,,일반건축물,제1종근린생활시설,근린생활시설,0,0,99.34,19601203,2,0,서울특별시 동대문구 제기동 838-14번지
11230,10300,0,0838,0019,,,일반건축물,제1종근린생활시설,제1종근린생활시설,74.7,63.87,110.78,19601203,2,0,서울특별시 동대문구 제기동 838-19번지
11230,10300,0,0838,0020,,,일반건축물,제1종근린생활시설,"주택, 제1종근린생활시설",172.1,88.63,99.74,19650823,1,1,서울특별시 동대문구 제기동 838-20번지
11230,10300,0,0838,0022,,,일반건축물,제1종근린생활시설,제1종근린생활시설,0,0,68.03,19631005,1,0,서울특별시 동대문구 제기동 838-22번지
11230,10300,0,0838,0023,,,일반건축물,제1종근린생활시설,"근린생활시설,주택",0,0,161.33,19710910,2,1,서울특별시 동대문구 제기동 838-23번지
11230,10300,0,0838,0024,,,일반건축물,제1종근린생활시설,근린생활시설,0,0,95.94,19850629,1,0,서울특별시 동대문구 제기동 838-24번지
11230,10300,0,0838,0025,,,일반건축물,단독주택,주택,0,0,48.4,19600601,1,0,서울특별시 동대문구 제기동 838-25번지
11230,10300,0,0838,0026,,,일반건축물,단독주택,주택,0,0,41.75,19600415,1,0,서울특별시 동대문구 제기동 838-26번지
11230,10300,0,0838,0027,,,일반건축물,단독주택,단독주택,97.2,58.3,111.6,19990902,2,0,서울특별시 동대문구 제기동 838-27번지
11230,10300,0,0840,0000,,,일반건축물,제1종근린생활시설,근린생활시설,0,0,64.46,19630507,1,0,서울특별시 동대문구 제기동 840번지
11230,10300,0,0842,0000,,,일반건축물,단독주택,주택,0,0,281.35,19740704,2,1,서울특별시 동대문구 제기동 842번지
11230,10300,0,0842,0001,후암주택,,표제부,공동주택,단지형다세대주택,225,112.44,429.93,20170405,5,0,서울특별시 동대문구 제기동 842-1번지
11230,10300,0,0842,0002,,,일반건축물,단독주택,주택,0,0,288.67,19730614,2,1,서울특별시 동대문구 제기동 842-2번지
11230,10300,0,0843,0000,,,일반건축물,단독주택,주택,0,0,257.84,19740827,2,1,서울특별시 동대문구 제기동 843번지
11230,10300,0,0844,0000,,,일반건축물,제1종근린생활시설,근린생활시설,0,0,59.5,,1,0,서울특별시 동대문구 제기동 844번지
11230,10300,0,0844,0001,,,일반건축물,제2종근린생활시설,제2종근린생활시설 외1,0,0,357.82,19631001,3,1,서울특별시 동대문구 제기동 844-1번지
11230,10300,0,0844,0001,,,일반건축물,제2종근린생활시설,근린생활시설,0,0,59.41,19590910,1,0,서울특별시 동대문구 제기동 844-1번지
11230,10300,0,0844,0001,,,일반건축물,단독주택,주택,0,0,39.6,19600215,1,0,서울특별시 동대문구 제기동 844-1번지
11230,10300,0,0844,0002,,,일반건축물,숙박시설,근린생활시설,245.34,0,610.2,19831229,4,1,서울특별시 동대문구 제기동 844-2번지
11230,10300,0,0844,0003,,,일반건축물,제2종근린생활시설,근린생활시설,0,0,406.64,19750906,3,1,서울특별시 동대문구 제기동 844-3번지
11230,10300,0,0844,0004,,,일반건축물,제1종근린생활시설,제1종근린생활시설,97.1,52.89,52.89,19591005,1,0,서울특별시 동대문구 제기동 844-4번지
11230,10300,0,0844,0005,,,일반건축물,단독주택,주택,0,0,58.38,19581201,1,0,서울특별시 동대문구 제기동 844-5번지
11230,10300,0,0844,0006,,,일반건축물,제1종근린생활시설,근린생활시설,0,0,56.26,19610408,1,0,서울특별시 동대문구 제기동 844-6번지
11230,10300,0,0846,0000,,,일반건축물,제1종근린생활시설,근린생활시설,0,0,104.53,19650610,1,0,서울특별시 동대문구 제기동 846번지
11230,10300,0,0846,0002,,,일반건축물,단독주택,주택,0,0,95.87,19650610,1,0,서울특별시 동대문구 제기동 846-2번지
11230,10300,0,0846,0003,,,일반건축물,단독주택,단독주택 외 2,300.3,170.57,600.09,20140122,4,0,서울특별시 동대문구 제기동 846-3번지
11230,10300,0,0846,0005,,,일반건축물,단독주택,다가구주택외1,150.4,89.7,298.51,20121204,4,0,서울특별시 동대문구 제기동 846-5번지
11230,10300,0,0846,0006,,,일반건축물,단독주택,"근린생활시설, 주택",0,0,97.42,19650610,1,0,서울특별시 동대문구 제기동 846-6번지
11230,10300,0,0846,0007,,,일반건축물,단독주택,제2종근린생활시설,154.2,91.44,307.23,20170331,4,0,서울특별시 동대문구 제기동 846-7번지
11230,10300,0,0846,0008,,,일반건축물,단독주택,다가구주택 외1,148.5,88.4,230.13,20130108,3,0,서울특별시 동대문구 제기동 846-8번지
11230,10300,0,0846,0009,,,일반건축물,단독주택,다가구주택(6가구) 외1,147.6,88.06,241.28,20160115,4,0,서울특별시 동대문구 제기동 846-9번지
11230,10300,0,0846,0010,힐링파크,,표제부,공동주택,다세대주택,287.9,171.82,574.64,20180820,5,0,서울특별시 동대문구 제기동 846-10번지
11230,10300,0,0846,0012,,,일반건축물,단독주택,"주택, 근린생활시설",0,0,96.3,19650610,1,0,서울특별시 동대문구 제기동 846-12번지
11230,10300,0,0846,0013,,,일반건축물,제1종근린생활시설,제1종근린생활시설,154.1,103.83,103.83,19650610,1,0,서울특별시 동대문구 제기동 846-13번지
11230,10300,0,0846,0014,임동호,,일반건축물,제1종근린생활시설,근린생활시설(소매점),163.9,97.73,97.73,20220210,1,0,서울특별시 동대문구 제기동 846-14번지
11230,10300,0,0846,0015,,,일반건축물,단독주택,"다가구주택,제2종근린생활시설",163.6,93.7,248.98,20100319,3,0,서울특별시 동대문구 제기동 846-15번지
11230,10300,0,0846,0016,,,일반건축물,단독주택,주택,0,0,96.46,19650610,1,0,서울특별시 동대문구 제기동 846-16번지
11230,10300,0,0846,0017,,,일반건축물,단독주택,다가구주택,163.4,114.12,112.02,19650610,1,0,서울특별시 동대문구 제기동 846-17번지
11230,10300,0,0846,0018,,,일반건축물,단독주택,다가구주택,163.4,114.25,112.98,19650610,1,0,서울특별시 동대문구 제기동 846-18번지
11230,10300,0,0846,0019,,,일반건축물,단독주택,주택,0,0,104.1,19650610,1,0,서울특별시 동대문구 제기동 846-19번지
11230,10300,0,0846,0020,,,일반건축물,단독주택,주택,0,0,101.29,19650610,1,0,서울특별시 동대문구 제기동 846-20번지
11230,10300,0,0846,0021,,,일반건축물,제1종근린생활시설,제1종근린생활시설(소매점),152.03,77.05,77.05,20070523,1,0,서울특별시 동대문구 제기동 846-21번지
11230,10300,0,0846,0022,,,일반건축물,단독주택,"다가구주택,근린생활시설",153.1,91.64,302.8,20120430,4,0,서울특별시 동대문구 제기동 846-22번지
11230,10300,0,0846,0023,제기홈,,표제부,공동주택,공동주택,295.11,176.72,588.92,20160429,5,0,서울특별시 동대문구 제기동 846-23번지
11230,10300,0,0846,0025,제기동 846-25 다가구주택,,일반건축물,단독주택,근린및다가구주택,149.1,89.28,261.62,20200520,4,0,서울특별시 동대문구 제기동 846-25번지
11230,10300,0,0846,0026,,,일반건축물,제1종근린생활시설,근린생활시설,0,0,89.92,19650610,1,0,서울특별시 동대문구 제기동 846-26번지
11230,10300,0,0846,0027,,"제기동 구획정리지구110의나호,846",일반건축물,단독주택,"주택, 근린생활시설",0,0,87.67,19650610,1,0,서울특별시 동대문구 제기동 846-27번지
11230,10300,0,0846,0028,,,일반건축물,제1종근린생활시설,제1종근린생활시설(소매점),20.4,19,19,19651218,1,0,서울특별시 동대문구 제기동 846-28번지
11230,10300,0,0846,0029,,,일반건축물,제1종근린생활시설,근린생활시설,25.8,19.5,19.5,19651218,1,0,서울특별시 동대문구 제기동 846-29번지
11230,10300,0,0846,0030,,,일반건축물,단독주택,주택,0,0,91.7,19650729,1,1,서울특별시 동대문구 제기동 846-30번지
11230,10300,0,0846,0031,,,일반건축물,단독주택,다가구용단독주택(5가구),101.05,59.58,183.74,19911210,2,1,서울특별시 동대문구 제기동 846-31번지
11230,10300,0,0846,0032,,,일반건축물,제1종근린생활시설,근린생활시설,0,0,16.6,19651218,1,0,서울특별시 동대문구 제기동 846-32번지
11230,10300,0,0846,0034,,,일반건축물,제1종근린생활시설,소매점,0,0,76.33,19650729,1,1,서울특별시 동대문구 제기동 846-34번지
11230,10300,0,0846,0035,,,일반건축물,제1종근린생활시설,제1종근린생활시설,130.1,80.49,92.95,19650729,1,1,서울특별시 동대문구 제기동 846-35번지
11230,10300,0,0846,0037,,,일반건축물,제1종근린생활시설,제1종근린생활시설(소매점),15.4,14.3,14.3,19651208,1,0,서울특별시 동대문구 제기동 846-37번지
11230,10300,0,0846,0038,,,일반건축물,제1종근린생활시설,제1종근린생활시설(소매점),0,0,88.1,19650729,1,1,서울특별시 동대문구 제기동 846-38번지
11230,10300,0,0846,0039,,,일반건축물,단독주택,단독주택 외1,170.1,148.86,162.08,19650729,1,1,서울특별시 동대문구 제기동 846-39번지
11230,10300,0,0846,0042,,,일반건축물,단독주택,주택,0,0,91.44,19690702,1,1,서울특별시 동대문구 제기동 846-42번지
11230,10300,0,0847,0005,,,일반건축물,단독주택,제1종근린생활시설 외1,0,0,132.53,19741228,2,1,서울특별시 동대문구 제기동 847-5번지
11230,10300,0,0847,0006,,,일반건축물,단독주택,다가구주택,116,107.23,152.54,19730109,2,1,서울특별시 동대문구 제기동 847-6번지
11230,10300,0,0847,0007,,,일반건축물,제1종근린생활시설,근린생활시설,0,0,100.72,19730723,1,1,서울특별시 동대문구 제기동 847-7번지
11230,10300,0,0859,0001,,,일반건축물,제1종근린생활시설,근린생활시설외 1,0,0,733.49,19800529,3,1,서울특별시 동대문구 제기동 859-1번지
11230,10300,0,0859,0002,신제기파출소,,일반건축물,제1종근린생활시설,파출소,0,0,113.1,19801024,2,1,서울특별시 동대문구 제기동 859-2번지
11230,10300,0,0859,0005,,,일반건축물,제1종근린생활시설,"근린생활시설, 주택",259.9,0,639.6,19900315,4,1,서울특별시 동대문구 제기동 859-5번지
11230,10300,0,0859,0007,,,일반건축물,제2종근린생활시설,"근린생활시설, 주택",271.59,157.47,996.94,19960902,6,1,서울특별시 동대문구 제기동 859-7번지
11230,10300,0,0859,0010,,,일반건축물,단독주택,주택,141.24,0,213.85,19900526,2,1,서울특별시 동대문구 제기동 859-10번지
11230,10300,0,0859,0015,,,일반건축물,단독주택,주택,114.75,58.01,201.99,19880714,3,1,서울특별시 동대문구 제기동 859-15번지
11230,10300,0,0859,0016,,,일반건축물,단독주택,주택,0,0,148.93,19880208,2,1,서울특별시 동대문구 제기동 859-16번지
11230,10300,0,0859,0026,,,일반건축물,제1종근린생활시설,"근린생활시설, 주택",85.35,48.91,144.47,19920428,2,1,서울특별시 동대문구 제기동 859-26번지
11230,10300,0,0859,0030,,,일반건축물,제1종근린생활시설,"근린생활시설(점포), 주택",0,0,180.9,19801217,2,1,서울특별시 동대문구 제기동 859-30번지
11230,10300,0,0859,0036,,,일반건축물,단독주택,주택,145.4,0,214.08,19900605,2,1,서울특별시 동대문구 제기동 859-36번지
11230,10300,0,0860,0001,,,일반건축물,제1종근린생활시설,근린생활시설 외 2,0,0,705.2,19910605,4,1,서울특별시 동대문구 제기동 860-1번지
11230,10300,0,0860,0002,,,일반건축물,단독주택,주택,0,0,32.9,19850629,1,0,서울특별시 동대문구 제기동 860-2번지
11230,10300,0,0860,0003,,,일반건축물,제1종근린생활시설,근린생활시설,460.4,221.84,1196.76,19910909,5,1,서울특별시 동대문구 제기동 860-3번지
11230,10300,0,0860,0009,,,일반건축물,제2종근린생활시설,근린생활시설,192.74,96.2,466.72,19941031,4,1,서울특별시 동대문구 제기동 860-9번지
11230,10300,0,0860,0011,,,일반건축물,제2종근린생활시설,근린생활시설,260.8,126.04,513.28,19960629,3,1,서울특별시 동대문구 제기동 860-11번지
11230,10300,0,0860,0012,,,일반건축물,제1종근린생활시설,"근린생활시설, 다가구주택",287.3,170.78,920.42,20020214,5,1,서울특별시 동대문구 제기동 860-12번지
11230,10300,0,0860,0013,,,일반건축물,단독주택,단독주택(1가구),95.9,53.4,95.4,20011211,2,0,서울특별시 동대문구 제기동 860-13번지
11230,10300,0,0860,0014,,,일반건축물,단독주택,"근린생활시설, 주택",0,0,218.4,19870811,3,1,서울특별시 동대문구 제기동 860-14번지
11230,10300,0,0860,0016,,,일반건축물,제1종근린생활시설,소매점,102.5,54.15,54.15,19850629,1,0,서울특별시 동대문구 제기동 860-16번지
11230,10300,0,0860,0017,,,일반건축물,제2종근린생활시설,"근린생활시설,주택",139.43,69.3,276.3,19930618,3,1,서울특별시 동대문구 제기동 860-17번지
11230,10300,0,0860,0018,,,일반건축물,제1종근린생활시설,"근린생활시설, 주택",140.34,69.72,320.44,19920206,4,1,서울특별시 동대문구 제기동 860-18번지
11230,10300,0,0860,0020,선정하우스,,일반건축물,제2종근린생활시설,제2종근린생활시설 외1,245.3,122.64,589.78,20090709,6,0,서울특별시 동대문구 제기동 860-20번지
11230,10300,0,0860,0021,,,일반건축물,제2종근린생활시설,제2종근린생활시설,237.28,118.56,470.65,20110225,5,0,서울특별시 동대문구 제기동 860-21번지
11230,10300,0,0860,0022,코지하우스,,일반건축물,제2종근린생활시설,제2종근린생활시설,260.6,138.39,520.3,20120328,5,0,서울특별시 동대문구 제기동 860-22번지
11230,10300,0,0860,0023,가동,,일반건축물,단독주택,주택,0,0,325.2,19741029,3,0,서울특별시 동대문구 제기동 860-23번지
11230,10300,0,0860,0023,나동,,일반건축물,제1종근린생활시설,제1종근린생활시설(소매점),0,0,40.95,20040529,1,0,서울특별시 동대문구 제기동 860-23번지
11230,10300,0,0860,0027,벨라하우스,,일반건축물,제2종근린생활시설,"제2종근린생활시설,다가구주택",247.6,122.75,589.96,20110413,6,0,서울특별시 동대문구 제기동 860-27번지
11230,10300,0,0860,0028,,,일반건축물,제1종근린생활시설,근린생활시설,0,0,324,19740814,2,1,서울특별시 동대문구 제기동 860-28번지
11230,10300,0,0860,0029,휴심제,,표제부,공동주택,다세대주택,299.3,178.76,586.81,20130218,5,0,서울특별시 동대문구 제기동 860-29번지
11230,10300,0,0862,0000,현진타운,,표제부,공동주택,공동주택(다세대주택),396,226.99,716.65,20190201,5,0,서울특별시 동대문구 제기동 862번지
11230,10300,0,0863,0000,,,일반건축물,단독주택,다가구용단독주택(3가구),186.35,109.91,299.33,19950907,2,1,서울특별시 동대문구 제기동 863번지
11230,10300,0,0864,0000,,,일반건축물,단독주택,주택,0,0,115.31,19650223,1,0,서울특별시 동대문구 제기동 864번지
11230,10300,0,0865,0000,,,일반건축물,단독주택,주택,0,0,106.98,19651223,1,0,서울특별시 동대문구 제기동 865번지
11230,10300,0,0866,0000,,,일반건축물,단독주택,주택,0,0,94.94,19651223,1,0,서울특별시 동대문구 제기동 866번지
11230,10300,0,0867,0000,,,일반건축물,단독주택,주택,0,0,83.84,19651223,1,0,서울특별시 동대문구 제기동 867번지
11230,10300,0,0868,0000,,,일반건축물,단독주택,주택,0,0,44.79,19660908,1,1,서울특별시 동대문구 제기동 868번지
11230,10300,0,0870,0000,,,일반건축물,단독주택,다가구용단독주택(6가구),109.74,67.77,205.46,19920507,3,1,서울특별시 동대문구 제기동 870번지
11230,10300,0,0870,0000,,,일반건축물,단독주택,다가구용단독주택(8가구),136.6,79.88,224.79,19920318,3,1,서울특별시 동대문구 제기동 870번지
11230,10300,0,0872,0000,,,일반건축물,제1종근린생활시설,"주택, 근린생활시설, 점포",0,0,334.17,19791207,3,1,서울특별시 동대문구 제기동 872번지
11230,10300,0,0873,0000,진풍빌딩,,일반건축물,단독주택,"근린생활시설, 주택",181.1,108.48,547.2,20021101,4,1,서울특별시 동대문구 제기동 873번지
11230,10300,0,0874,0000,,,일반건축물,제1종근린생활시설,"점포, 근린생활시설",177.2,88.4,179.37,19651223,2,1,서울특별시 동대문구 제기동 874번지
11230,10300,0,0875,0000,,,일반건축물,제2종근린생활시설,근린생활시설,178.5,88.4,179.37,19651223,2,1,서울특별시 동대문구 제기동 875번지
11230,10300,0,0876,0000,,,일반건축물,제1종근린생활시설,제1종근린생활시설(소매점),177.5,88.4,179.37,19651223,2,1,서울특별시 동대문구 제기동 876번지
11230,10300,0,0877,0000,,,일반건축물,단독주택,"주택, 제2종근린생활시설",180.9,88.4,179.37,19651223,2,1,서울특별시 동대문구 제기동 877번지
11230,10300,0,0878,0000,,,일반건축물,단독주택,"주택, 근린생활시설",187.2,0,155.46,19651223,2,1,서울특별시 동대문구 제기동 878번지
11230,10300,0,0879,0000,,,일반건축물,단독주택,단독주택(다가구주택) 외1,121.5,72,225.9,20151126,5,0,서울특별시 동대문구 제기동 879번지
11230,10300,0,0879,0001,,,일반건축물,제1종근린생활시설,"근린생활시설,주택",104.04,62.4,189.6,19920316,2,1,서울특별시 동대문구 제기동 879-1번지
11230,10300,0,0879,0003,,,일반건축물,단독주택,"근린생활시설, 주택",92.31,0,175.76,19920428,3,1,서울특별시 동대문구 제기동 879-3번지
11230,10300,0,0879,0004,,,일반건축물,단독주택,주택,0,0,38.74,19600723,1,0,서울특별시 동대문구 제기동 879-4번지
11230,10300,0,0879,0005,,,일반건축물,단독주택,주택,0,0,37.82,19611020,1,0,서울특별시 동대문구 제기동 879-5번지
11230,10300,0,0880,0000,한국기독교장로회동원교회,,일반건축물,종교시설,종교시설외2,1334.4,528.74,2769.65,20060804,4,1,서울특별시 동대문구 제기동 880번지
11230,10300,0,0882,0000,연희펠리시티,,표제부,공동주택,공동주택,0,172.58,646.2,20200306,6,1,서울특별시 동대문구 제기동 882번지
11230,10300,0,0882,0000,연희펠리시티,,표제부,공동주택,공동주택,0,172.58,667.79,20200306,6,0,서울특별시 동대문구 제기동 882번지
11230,10300,0,0882,0000,연희펠리시티,,표제부,공동주택,공동주택,0,172.58,658.8,20200306,6,1,서울특별시 동대문구 제기동 882번지
11230,10300,0,0882,0000,연희펠리시티,,표제부,공동주택,공동주택,0,172.58,646.2,20200306,6,0,서울특별시 동대문구 제기동 882번지
11230,10300,0,0886,0001,,,일반건축물,단독주택,주택,0,0,33.88,19560907,1,0,서울특별시 동대문구 제기동 886-1번지
11230,10300,0,0886,0002,,,일반건축물,단독주택,단독주택(다가구주택) 외1,144.1,85.34,420.68,20021002,4,1,서울특별시 동대문구 제기동 886-2번지
11230,10300,0,0886,0004,,,일반건축물,제2종근린생활시설,"주택, 제2종근린생활시설",119.1,0,197.4,19891211,2,1,서울특별시 동대문구 제기동 886-4번지
11230,10300,0,0886,0005,,,일반건축물,제1종근린생활시설,"근린생활시설, 주택",114,64.83,198.01,19910608,2,1,서울특별시 동대문구 제기동 886-5번지
11230,10300,0,0886,0006,,,일반건축물,단독주택,주택/근린생활시설,87.3,43.56,144.9,19891026,2,1,서울특별시 동대문구 제기동 886-6번지
11230,10300,0,0886,0007,,,일반건축물,제2종근린생활시설,제2종근린생활시설 외1,176.51,87.69,399.88,19910419,4,1,서울특별시 동대문구 제기동 886-7번지
11230,10300,0,0886,0009,,,일반건축물,제1종근린생활시설,"근린생활시설, 주택",205.9,0,541.95,19910322,4,1,서울특별시 동대문구 제기동 886-9번지
11230,10300,0,0886,0010,,,일반건축물,제2종근린생활시설,근린생활시설,99.2,58.46,227.19,19900625,3,1,서울특별시 동대문구 제기동 886-10번지
11230,10300,0,0886,0012,,,일반건축물,제1종근린생활시설,"근린생활시설, 주택",139.84,0,316.64,19840427,4,1,서울특별시 동대문구 제기동 886-12번지
11230,10300,0,0886,0013,,,일반건축물,제1종근린생활시설,제1종근린생활시설 외1,142.5,81.51,243.98,19900623,3,1,서울특별시 동대문구 제기동 886-13번지
11230,10300,0,0886,0014,,,일반건축물,제1종근린생활시설,"근린생활시설, 주택",118.6,0,267.21,19910206,3,1,서울특별시 동대문구 제기동 886-14번지
11230,10300,0,0886,0014,,,일반건축물,단독주택,주택,49.59,0,28.17,19851030,1,0,서울특별시 동대문구 제기동 886-14번지
11230,10300,0,0886,0015,동현빌딩,,일반건축물,제2종근린생활시설,제2종근린생활시설,191.6,106.82,478.3,20170515,5,1,서울특별시 동대문구 제기동 886-15번지
11230,10300,0,0886,0016,,,일반건축물,제2종근린생활시설,제2종근린생활시설,0,0,36.89,19711230,1,0,서울특별시 동대문구 제기동 886-16번지
11230,10300,0,0886,0016,,,일반건축물,제2종근린생활시설,제2종근린생활시설,0,0,211.24,19880712,3,1,서울특별시 동대문구 제기동 886-16번지
11230,10300,0,0886,0017,,,일반건축물,단독주택,단독주택(다가구주택) 외1,99.5,84.78,177.26,19741111,3,0,서울특별시 동대문구 제기동 886-17번지
11230,10300,0,0886,0018,,,일반건축물,제1종근린생활시설,제1종근린생활시설 및 주택,158,78,249.6,19890714,2,1,서울특별시 동대문구 제기동 886-18번지
11230,10300,0,0886,0019,,,일반건축물,제1종근린생활시설,근린생활시설,0,0,54.64,19580510,1,0,서울특별시 동대문구 제기동 886-19번지
11230,10300,0,0886,0020,,,일반건축물,제1종근린생활시설,근린생활시설,88.9,0,42.01,19850629,1,0,서울특별시 동대문구 제기동 886-20번지
11230,10300,0,0886,0022,,,일반건축물,제2종근린생활시설,근린생활시설외 1,327.5,183.68,850.28,19970827,4,1,서울특별시 동대문구 제기동 886-22번지
11230,10300,0,0887,0003,,,일반건축물,단독주택,주택,73.4,0,69.13,19850617,1,0,서울특별시 동대문구 제기동 887-3번지
11230,10300,0,0887,0004,,,일반건축물,단독주택,주택,62.8,0,42.3,19850629,1,0,서울특별시 동대문구 제기동 887-4번지
11230,10300,0,0887,0007,,,일반건축물,단독주택,주택,29.8,0,18.53,19850831,1,0,서울특별시 동대문구 제기동 887-7번지
11230,10300,0,0887,0008,,,일반건축물,단독주택,주택,34,0,19.64,19850629,1,0,서울특별시 동대문구 제기동 887-8번지
11230,10300,0,0887,0010,,,일반건축물,단독주택,단독주택,61.5,53.75,87.64,19701105,2,1,서울특별시 동대문구 제기동 887-10번지
11230,10300,0,0887,0011,,,일반건축물,단독주택,주택,19.8,0,16.81,19850629,1,0,서울특별시 동대문구 제기동 887-11번지
11230,10300,0,0887,0012,,,일반건축물,단독주택,주택,23.1,0,17,19850629,1,0,서울특별시 동대문구 제기동 887-12번지
11230,10300,0,0887,0014,,,일반건축물,단독주택,주택,30.74,0,26.66,19850629,1,0,서울특별시 동대문구 제기동 887-14번지
11230,10300,0,0887,0015,,,일반건축물,단독주택,주택,29.7,0,17.68,19850629,1,0,서울특별시 동대문구 제기동 887-15번지
11230,10300,0,0887,0016,,,일반건축물,단독주택,주택,16.5,0,15.5,19850629,1,0,서울특별시 동대문구 제기동 887-16번지
11230,10300,0,0887,0017,,,일반건축물,단독주택,주택,8.59,0,8.4,19850629,1,0,서울특별시 동대문구 제기동 887-17번지
11230,10300,0,0887,0019,,,일반건축물,단독주택,주택,33,0,29.05,19850629,1,0,서울특별시 동대문구 제기동 887-19번지
11230,10300,0,0887,0020,,,일반건축물,단독주택,주택,0,0,16.53,19850629,1,0,서울특별시 동대문구 제기동 887-20번지
11230,10300,0,0887,0022,,,일반건축물,제1종근린생활시설,"근린생활시설, 주택",134.2,0,337.56,19910418,4,1,서울특별시 동대문구 제기동 887-22번지
11230,10300,0,0887,0024,,,일반건축물,단독주택,주택,37.35,0,18.62,19850629,1,0,서울특별시 동대문구 제기동 887-24번지
11230,10300,0,0887,0025,,,일반건축물,단독주택,주택,37.29,0,18.57,19850629,1,0,서울특별시 동대문구 제기동 887-25번지
11230,10300,0,0887,0029,,,일반건축물,단독주택,다가구주택,110.4,59.47,214.34,19870812,3,1,서울특별시 동대문구 제기동 887-29번지
11230,10300,0,0887,0030,,,일반건축물,단독주택,주택,59.5,0,31.35,19850629,1,0,서울특별시 동대문구 제기동 887-30번지
11230,10300,0,0887,0033,,,일반건축물,단독주택,주택,101.8,0,11.54,19850629,1,0,서울특별시 동대문구 제기동 887-33번지
11230,10300,0,0887,0035,,,일반건축물,제1종근린생활시설,근린생활시설,113.94,68.24,184.36,20030826,3,0,서울특별시 동대문구 제기동 887-35번지
11230,10300,0,0887,0040,,,일반건축물,단독주택,주택,66.1,0,38.99,19850629,1,0,서울특별시 동대문구 제기동 887-40번지
11230,10300,0,0887,0043,,,일반건축물,제2종근린생활시설,근린생활시설,25.1,23.04,31.68,19850629,2,0,서울특별시 동대문구 제기동 887-43번지
11230,10300,0,0887,0044,,,일반건축물,단독주택,주택,19.8,0,15.34,19850629,1,0,서울특별시 동대문구 제기동 887-44번지
11230,10300,0,0887,0047,,,일반건축물,제2종근린생활시설,근린생활시설,0,0,18.5,19850629,1,0,서울특별시 동대문구 제기동 887-47번지
11230,10300,0,0887,0048,,,일반건축물,단독주택,주택,48.59,35.28,35.28,19850629,1,0,서울특별시 동대문구 제기동 887-48번지
11230,10300,0,0887,0055,,,일반건축물,단독주택,주택,29.8,0,17.2,19850629,1,0,서울특별시 동대문구 제기동 887-55번지
11230,10300,0,0887,0057,,,일반건축물,제2종근린생활시설,제2종근린생활시설,63.8,37.45,37.45,19710630,1,0,서울특별시 동대문구 제기동 887-57번지
11230,10300,0,0887,0062,,,일반건축물,제2종근린생활시설,제2종근린생활시설(제조업),97.15,54.66,54.66,20040514,1,0,서울특별시 동대문구 제기동 887-62번지
11230,10300,0,0887,0064,,,일반건축물,단독주택,주택,36.4,0,16.3,19850629,1,0,서울특별시 동대문구 제기동 887-64번지
11230,10300,0,0887,0065,,,일반건축물,단독주택,주택,0,0,15.12,19850629,1,0,서울특별시 동대문구 제기동 887-65번지
11230,10300,0,0887,0066,,,일반건축물,단독주택,주택,19.8,0,16.94,19850629,1,0,서울특별시 동대문구 제기동 887-66번지
11230,10300,0,0887,0067,,,일반건축물,단독주택,주택,29.8,0,18.72,19850831,1,0,서울특별시 동대문구 제기동 887-67번지
11230,10300,0,0887,0070,,,일반건축물,단독주택,주택,12,0,11.52,19850629,1,0,서울특별시 동대문구 제기동 887-70번지
11230,10300,0,0887,0070,,,일반건축물,단독주택,주택,58.2,0,53.6,19850609,2,0,서울특별시 동대문구 제기동 887-70번지
11230,10300,0,0887,0071,,,일반건축물,단독주택,"주택, 근린생활시설",41.9,33.45,61.8,19850629,2,0,서울특별시 동대문구 제기동 887-71번지
11230,10300,0,0887,0072,,,일반건축물,단독주택,주택,0,0,33.64,19850629,1,0,서울특별시 동대문구 제기동 887-72번지
11230,10300,0,0887,0073,,,일반건축물,단독주택,주택,0,0,28.22,19850629,1,0,서울특별시 동대문구 제기동 887-73번지
11230,10300,0,0887,0074,,,일반건축물,단독주택,주택,40.7,0,23.68,19850629,1,0,서울특별시 동대문구 제기동 887-74번지
11230,10300,0,0887,0075,,,일반건축물,단독주택,주택,37.35,0,21.81,19850629,1,0,서울특별시 동대문구 제기동 887-75번지
11230,10300,0,0887,0076,,,일반건축물,단독주택,주택,0,0,30.82,19850629,1,0,서울특별시 동대문구 제기동 887-76번지
11230,10300,0,0887,0077,,,일반건축물,제1종근린생활시설,"근린생활시설, 주택",45.62,0,42.12,19850629,1,0,서울특별시 동대문구 제기동 887-77번지
11230,10300,0,0887,0081,,,일반건축물,제2종근린생활시설,근린생활시설(제조업),118.86,71.28,71.28,20040511,1,0,서울특별시 동대문구 제기동 887-81번지
11230,10300,0,0887,0083,,,일반건축물,단독주택,주택,29.7,0,13.68,19850629,1,0,서울특별시 동대문구 제기동 887-83번지
11230,10300,0,0887,0084,,,일반건축물,단독주택,주택,23.1,0,19.72,19850629,1,0,서울특별시 동대문구 제기동 887-84번지
11230,10300,0,0887,0085,,,일반건축물,제1종근린생활시설,근린생활시설 외1,141.32,70.56,318.99,19841218,4,1,서울특별시 동대문구 제기동 887-85번지
11230,10300,0,0887,0110,,,일반건축물,단독주택,주택,46.2,0,21.93,19850629,1,0,서울특별시 동대문구 제기동 887-110번지
11230,10300,0,0887,0111,,,일반건축물,단독주택,주택,39.67,0,21.59,19850629,1,0,서울특별시 동대문구 제기동 887-111번지
11230,10300,0,0887,0117,,,일반건축물,단독주택,주택,0,0,28.67,19850629,1,0,서울특별시 동대문구 제기동 887-117번지
11230,10300,0,0887,0118,,,일반건축물,단독주택,주택,31.02,0,21.83,19850629,1,0,서울특별시 동대문구 제기동 887-118번지
11230,10300,0,0887,0118,,,일반건축물,제1종근린생활시설,화장실,0,0,1,19850629,1,0,서울특별시 동대문구 제기동 887-118번지
11230,10300,0,0887,0119,,,일반건축물,단독주택,다가구주택 외2,77.8,50.14,298.8,19960410,5,1,서울특별시 동대문구 제기동 887-119번지
11230,10300,0,0887,0120,,,일반건축물,단독주택,다가구주택 및 근린생활시설,91.9,53.34,255.45,20150116,4,1,서울특별시 동대문구 제기동 887-120번지
11230,10300,0,0887,0122,,,일반건축물,단독주택,주택,73.27,0,47.09,19850629,1,0,서울특별시 동대문구 제기동 887-122번지
11230,10300,0,0887,0123,,,일반건축물,제1종근린생활시설,근린생활시설,79.34,0,40.94,19850629,1,0,서울특별시 동대문구 제기동 887-123번지
11230,10300,0,0887,0124,,,일반건축물,제1종근린생활시설,"점포, 근린생활시설",0,0,51.71,19850629,1,0,서울특별시 동대문구 제기동 887-124번지
11230,10300,0,0887,0125,,,일반건축물,제1종근린생활시설,근린생활시설,0,0,43.46,19850629,1,0,서울특별시 동대문구 제기동 887-125번지
11230,10300,0,0887,0127,,,일반건축물,단독주택,주택,33.1,0,22.76,19850629,1,0,서울특별시 동대문구 제기동 887-127번지
11230,10300,0,0887,0128,,,일반건축물,단독주택,주택,33.1,0,19.2,19850629,1,0,서울특별시 동대문구 제기동 887-128번지
11230,10300,0,0887,0129,,,일반건축물,단독주택,주택,37.4,0,20.93,19850629,1,0,서울특별시 동대문구 제기동 887-129번지
11230,10300,0,0887,0130,,,일반건축물,단독주택,"주택, 근린생활시설",62.2,0,47.4,19850629,1,0,서울특별시 동대문구 제기동 887-130번지
11230,10300,0,0887,0132,,,일반건축물,단독주택,주택 외1,85.3,27.8,42.64,19600419,1,0,서울특별시 동대문구 제기동 887-132번지
11230,10300,0,0887,0133,,,일반건축물,단독주택,주택,16.5,0,11.44,19850629,1,0,서울특별시 동대문구 제기동 887-133번지
11230,10300,0,0887,0134,,,일반건축물,단독주택,주택,46.3,0,29.61,19850629,1,0,서울특별시 동대문구 제기동 887-134번지
11230,10300,0,0887,0136,,,일반건축물,제1종근린생활시설,근린생활시설,215.9,129.09,502.63,19910403,4,1,서울특별시 동대문구 제기동 887-136번지
11230,10300,0,0887,0139,,,일반건축물,단독주택,주택,42.97,0,26.24,19850629,1,0,서울특별시 동대문구 제기동 887-139번지
11230,10300,0,0887,0140,,,일반건축물,단독주택,주택,0,0,38.7,19850629,1,0,서울특별시 동대문구 제기동 887-140번지
11230,10300,0,0887,0142,,,일반건축물,제2종근린생활시설,제2종근린생활시설,34.7,29.25,29.25,19850629,1,0,서울특별시 동대문구 제기동 887-142번지
11230,10300,0,0887,0143,,,일반건축물,단독주택,"근린생활시설, 주택",87,0,135.87,19840723,2,1,서울특별시 동대문구 제기동 887-143번지
11230,10300,0,0887,0145,,,일반건축물,제1종근린생활시설,제1종근린생활시설(소매점),33.1,0,20.38,19850629,1,0,서울특별시 동대문구 제기동 887-145번지
11230,10300,0,0887,0146,,,일반건축물,단독주택,주택,23.1,0,13.57,19850629,1,0,서울특별시 동대문구 제기동 887-146번지
11230,10300,0,0887,0147,,,일반건축물,단독주택,주택,0,0,20.04,19850629,1,0,서울특별시 동대문구 제기동 887-147번지
11230,10300,0,0887,0149,,,일반건축물,제1종근린생활시설,"주택,제1종근린생활시설(소매점)",0,0,61.43,19850629,2,0,서울특별시 동대문구 제기동 887-149번지
11230,10300,0,0887,0151,,,일반건축물,제1종근린생활시설,제1종근린생활시설(소매점),62.81,0,40.11,19850629,1,0,서울특별시 동대문구 제기동 887-151번지
11230,10300,0,0887,0154,,,일반건축물,단독주택,주택,46.2,0,25.92,19850629,1,0,서울특별시 동대문구 제기동 887-154번지
11230,10300,0,0887,0155,,,일반건축물,단독주택,주택,52.8,0,31.32,19850629,1,0,서울특별시 동대문구 제기동 887-155번지
11230,10300,0,0887,0158,,,일반건축물,단독주택,주택,0,0,43.47,19850629,1,0,서울특별시 동대문구 제기동 887-158번지
11230,10300,0,0887,0160,,,일반건축물,단독주택,주택,39.7,0,86.86,19850629,2,1,서울특별시 동대문구 제기동 887-160번지
11230,10300,0,0887,0162,,,일반건축물,단독주택,주택,25.41,0,22.48,19850629,2,0,서울특별시 동대문구 제기동 887-162번지
11230,10300,0,0887,0166,,,일반건축물,단독주택,주택,16.5,0,14.25,19850629,1,0,서울특별시 동대문구 제기동 887-166번지
11230,10300,0,0887,0168,,,일반건축물,제1종근린생활시설,제1종근린생활시설,48.9,0,25.76,19850629,1,0,서울특별시 동대문구 제기동 887-168번지
11230,10300,0,0887,0169,,,일반건축물,제1종근린생활시설,"근린생활시설, 주택",156.65,0,332.16,19840811,3,1,서울특별시 동대문구 제기동 887-169번지
11230,10300,0,0887,0173,,,일반건축물,제1종근린생활시설,근린생활시설(소매점),59.83,0,32.96,19850629,1,0,서울특별시 동대문구 제기동 887-173번지
11230,10300,0,0887,0174,,,일반건축물,단독주택,주택,33,0,17.04,19850629,1,0,서울특별시 동대문구 제기동 887-174번지
11230,10300,0,0887,0175,,,일반건축물,단독주택,주택,48.6,0,23.56,19850629,1,0,서울특별시 동대문구 제기동 887-175번지
11230,10300,0,0887,0176,,,일반건축물,단독주택,다가구용단독주택(3가구),55.54,38.12,112.12,19940613,2,1,서울특별시 동대문구 제기동 887-176번지
11230,10300,0,0887,0180,,,일반건축물,제2종근린생활시설,근린생활시설(대중음식점),29.43,0,27.73,19850629,1,0,서울특별시 동대문구 제기동 887-180번지
11230,10300,0,0887,0181,,,일반건축물,단독주택,주택,0,0,23.5,19850629,1,0,서울특별시 동대문구 제기동 887-181번지
11230,10300,0,0887,0182,,,일반건축물,단독주택,주택,0,57.14,57.14,19610501,1,0,서울특별시 동대문구 제기동 887-182번지
11230,10300,0,0887,0188,,,일반건축물,제2종근린생활시설,제2종근린생활시설외2,317.3,185.88,616.92,20100816,4,0,서울특별시 동대문구 제기동 887-188번지
11230,10300,0,0887,0192,,,일반건축물,제1종근린생활시설,제1종근린생활시설 외2,314.4,0,676.1,19871229,4,1,서울특별시 동대문구 제기동 887-192번지
11230,10300,0,0887,0194,,,일반건축물,단독주택,주택,0,0,37.45,19580525,1,0,서울특별시 동대문구 제기동 887-194번지
11230,10300,0,0887,0204,,,일반건축물,단독주택,주택,39.66,0,32.08,19850629,1,0,서울특별시 동대문구 제기동 887-204번지
11230,10300,0,0887,0205,,,일반건축물,단독주택,다가구용단독주택(3가구),80.45,53.43,158.41,19930726,3,1,서울특별시 동대문구 제기동 887-205번지
11230,10300,0,0887,0211,,,일반건축물,제1종근린생활시설,"근린생활시설, 주택",94.78,56.73,171.78,19931104,2,1,서울특별시 동대문구 제기동 887-211번지
11230,10300,0,0887,0213,,,일반건축물,단독주택,다가구용단독주택(3가구),77.02,53.94,140.47,19930928,2,1,서울특별시 동대문구 제기동 887-213번지
11230,10300,0,0887,0215,,,일반건축물,단독주택,다가구주택,91.4,54.71,158.38,20120911,4,0,서울특별시 동대문구 제기동 887-215번지
11230,10300,0,0887,0216,,,일반건축물,단독주택,단독주택,33.1,26.44,44.59,20141223,2,0,서울특별시 동대문구 제기동 887-216번지
11230,10300,0,0887,0217,,,일반건축물,단독주택,주택,0,0,33.88,19601005,1,0,서울특별시 동대문구 제기동 887-217번지
11230,10300,0,0887,0218,,,일반건축물,단독주택,다가구용단독주택(2가구),78.1,45.99,91.98,19950822,2,0,서울특별시 동대문구 제기동 887-218번지
11230,10300,0,0887,0219,,,일반건축물,단독주택,다가구주택(3가구),94.54,55.9,211.35,19911025,3,1,서울특별시 동대문구 제기동 887-219번지
11230,10300,0,0887,0220,,,일반건축물,단독주택,주택,0,0,56.23,19601010,1,0,서울특별시 동대문구 제기동 887-220번지
11230,10300,0,0887,0221,,,일반건축물,단독주택,주택,0,0,39.01,19601005,1,0,서울특별시 동대문구 제기동 887-221번지
11230,10300,0,0887,0222,,,일반건축물,단독주택,단독주택,54.9,38.24,76.12,19850629,2,0,서울특별시 동대문구 제기동 887-222번지
11230,10300,0,0888,0041,,,일반건축물,제1종근린생활시설,"제1종근린생활시설,주택",107.1,63.75,166.13,20030624,3,0,서울특별시 동대문구 제기동 888-41번지
11230,10300,0,0888,0041,,,일반건축물,제1종근린생활시설,"근린생활시설, 주택",163.8,0,322.45,19890710,3,1,서울특별시 동대문구 제기동 888-41번지
11230,10300,0,0889,0006,,,일반건축물,제2종근린생활시설,제2종근린생활시설(제조업),194.5,96.18,96.18,20040624,1,0,서울특별시 동대문구 제기동 889-6번지
11230,10300,0,0889,0007,,,일반건축물,제1종근린생활시설,"근린생활시설, 단독주택",117.3,58.41,191.04,19870624,3,1,서울특별시 동대문구 제기동 889-7번지
11230,10300,0,0889,0008,,,일반건축물,제1종근린생활시설,"제1종,제2종근린생활시설",130.5,78.12,318.14,19920902,4,1,서울특별시 동대문구 제기동 889-8번지
11230,10300,0,0889,0009,,,일반건축물,제1종근린생활시설,근린생활시설,152.1,88.5,311.56,19920804,3,1,서울특별시 동대문구 제기동 889-9번지
11230,10300,0,0889,0010,,,일반건축물,제1종근린생활시설,근린생활시설,179.8,101.69,199.84,19821116,2,1,서울특별시 동대문구 제기동 889-10번지
11230,10300,0,0889,0011,,,일반건축물,제1종근린생활시설,근린생활시설외1,0,0,63.34,19621231,2,0,서울특별시 동대문구 제기동 889-11번지
11230,10300,0,0889,0012,,,일반건축물,제1종근린생활시설,"근린생활시설, 근린생활시설",0,0,120.16,19571110,1,0,서울특별시 동대문구 제기동 889-12번지
11230,10300,0,0889,0015,,,일반건축물,제1종근린생활시설,"근린생활시설, 주택",172.41,0,326.49,19900501,3,1,서울특별시 동대문구 제기동 889-15번지
11230,10300,0,0889,0018,남제공빌딩,,일반건축물,제2종근린생활시설,제2종근린생활시설 외 1,267.35,157.47,531.86,20140901,4,0,서울특별시 동대문구 제기동 889-18번지
11230,10300,0,0889,0021,,,일반건축물,제1종근린생활시설,"근린생활시설, 기숙사",0,0,365.6,19851219,3,1,서울특별시 동대문구 제기동 889-21번지
11230,10300,0,0889,0023,,,일반건축물,제1종근린생활시설,제1종근린생활시설(소매점),109.75,0,61.8,19850629,1,0,서울특별시 동대문구 제기동 889-23번지
11230,10300,0,0889,0024,,,일반건축물,단독주택,주택,0,0,51.61,19771124,1,0,서울특별시 동대문구 제기동 889-24번지
11230,10300,0,0889,0025,,,일반건축물,제1종근린생활시설,점포,0,0,34.98,19580525,1,0,서울특별시 동대문구 제기동 889-25번지
11230,10300,0,0889,0026,,,일반건축물,제1종근린생활시설,근린생활시설외2,0,0,237.6,19851219,3,1,서울특별시 동대문구 제기동 889-26번지
11230,10300,0,0889,0028,,,일반건축물,제1종근린생활시설,제1종근린생활시설(한의원),0,0,42.31,19850629,1,0,서울특별시 동대문구 제기동 889-28번지
11230,10300,0,0889,0031,,,일반건축물,단독주택,단독주택(다가구주택),82.3,36.24,50.8,19740322,2,0,서울특별시 동대문구 제기동 889-31번지
11230,10300,0,0889,0032,,,일반건축물,제1종근린생활시설,제1종근린생활시설,83.31,0,44.72,19850629,1,0,서울특별시 동대문구 제기동 889-32번지
11230,10300,0,0889,0033,,,일반건축물,제1종근린생활시설,근린생활시설(점포),0,0,48.17,19770310,1,0,서울특별시 동대문구 제기동 889-33번지
11230,10300,0,0889,0035,,,일반건축물,제1종근린생활시설,근린생활시설(소매점),61.5,35.7,60.9,,2,0,서울특별시 동대문구 제기동 889-35번지
11230,10300,0,0889,0036,,,일반건축물,제1종근린생활시설,근린생활시설,0,0,41.5,19600301,1,0,서울특별시 동대문구 제기동 889-36번지
11230,10300,0,0889,0037,,,일반건축물,제1종근린생활시설,근린생활시설,0,0,40.66,19750207,1,0,서울특별시 동대문구 제기동 889-37번지
11230,10300,0,0889,0038,,,일반건축물,단독주택,주택,0,0,54.66,19850629,1,0,서울특별시 동대문구 제기동 889-38번지
11230,10300,0,0889,0039,,,일반건축물,단독주택,주택,0,0,53.65,19760607,1,0,서울특별시 동대문구 제기동 889-39번지
11230,10300,0,0889,0043,,,일반건축물,단독주택,주택,0,0,34.98,19760618,1,0,서울특별시 동대문구 제기동 889-43번지
11230,10300,0,0890,0001,,,일반건축물,제1종근린생활시설,"근린생활시설, 주택",169.8,74.88,329.52,19920710,3,1,서울특별시 동대문구 제기동 890-1번지
11230,10300,0,0890,0002,,,일반건축물,단독주택,주택외2,81.45,53.28,213.12,19930713,3,1,서울특별시 동대문구 제기동 890-2번지
11230,10300,0,0890,0006,,,일반건축물,제1종근린생활시설,"근린생활시설, 단독주택",68.18,52.56,148.83,19951031,2,1,서울특별시 동대문구 제기동 890-6번지
11230,10300,0,0890,0008,,,일반건축물,단독주택,다가구용단독주택(2가구),118,67.38,199.38,19920114,2,1,서울특별시 동대문구 제기동 890-8번지
11230,10300,0,0890,0011,,,일반건축물,단독주택,다가구주택 외1,174.5,104.38,374.45,20120831,4,0,서울특별시 동대문구 제기동 890-11번지
11230,10300,0,0890,0012,,,일반건축물,단독주택,다가구주택,135.2,81,196.89,20120710,4,0,서울특별시 동대문구 제기동 890-12번지
11230,10300,0,0890,0013,근린생활시설,,일반건축물,제2종근린생활시설,"제2종근린생활시설, 단독주택",82.32,49.36,108.23,20060327,3,0,서울특별시 동대문구 제기동 890-13번지
11230,10300,0,0890,0015,,,일반건축물,단독주택,주택,0,0,49.29,19740919,1,0,서울특별시 동대문구 제기동 890-15번지
11230,10300,0,0890,0016,,,일반건축물,제1종근린생활시설,"점포, 근린생활시설",86.3,50.37,85.15,19580516,2,0,서울특별시 동대문구 제기동 890-16번지
11230,10300,0,0890,0017,,,일반건축물,제1종근린생활시설,근린생활시설(소매점),0,0,49.92,19760608,1,0,서울특별시 동대문구 제기동 890-17번지
11230,10300,0,0890,0019,,,일반건축물,제1종근린생활시설,점포,79.25,0,78.32,19831223,1,0,서울특별시 동대문구 제기동 890-19번지
11230,10300,0,0890,0020,,,일반건축물,제1종근린생활시설,근린생활시설,66.08,43.12,86.24,19930610,2,0,서울특별시 동대문구 제기동 890-20번지
11230,10300,0,0890,0021,,,일반건축물,제1종근린생활시설,근린생활시설,0,0,48.36,19700330,1,0,서울특별시 동대문구 제기동 890-21번지
11230,10300,0,0890,0022,,,일반건축물,제1종근린생활시설,"근린생활시설, 주택(2가구)",65.78,37.32,141.25,19930630,3,1,서울특별시 동대문구 제기동 890-22번지
11230,10300,0,0890,0023,,,일반건축물,단독주택,근린생활시설 외1,119,71.18,169.88,19930615,3,0,서울특별시 동대문구 제기동 890-23번지
11230,10300,0,0890,0027,,,일반건축물,제1종근린생활시설,근린생활시설,78.7,0,31.91,19850629,1,0,서울특별시 동대문구 제기동 890-27번지
11230,10300,0,0890,0028,,,일반건축물,단독주택,단독주택,46.9,22.54,42.26,19850629,2,0,서울특별시 동대문구 제기동 890-28번지
11230,10300,0,0890,0029,,,일반건축물,단독주택,"근린생활시설, 주택(2가구)",79.06,53.28,213.12,19930713,3,1,서울특별시 동대문구 제기동 890-29번지
11230,10300,0,0890,0030,,,일반건축물,단독주택,"근린생활시설, 주택(2가구)",93.9,56.28,225.12,19930731,3,1,서울특별시 동대문구 제기동 890-30번지
11230,10300,0,0890,0031,,,일반건축물,단독주택,"주택, 제1종근린생활시설",0,0,147.56,19601120,2,0,서울특별시 동대문구 제기동 890-31번지
11230,10300,0,0890,0033,,,일반건축물,제1종근린생활시설,근린생활시설,0,0,35.97,19580805,1,0,서울특별시 동대문구 제기동 890-33번지
11230,10300,0,0890,0035,,,일반건축물,제1종근린생활시설,근린생활시설(소매점),0,0,31.57,19681020,1,0,서울특별시 동대문구 제기동 890-35번지
11230,10300,0,0890,0036,,,일반건축물,제1종근린생활시설,근린생활시설,45,0,46.89,19850629,1,0,서울특별시 동대문구 제기동 890-36번지
11230,10300,0,0892,0001,동원교회 교육관 및 다가구주택,,일반건축물,제2종근린생활시설,"종교집회장,다가구주택",155.53,88.64,270.78,20200520,4,0,서울특별시 동대문구 제기동 892-1번지
11230,10300,0,0892,0002,,,일반건축물,단독주택,단독주택(다중주택),195.7,116.62,329.49,20091231,3,1,서울특별시 동대문구 제기동 892-2번지
11230,10300,0,0892,0003,더케이지,,표제부,공동주택,도시형생활주택(단지형다세대),353.01,178.56,659.89,20250616,6,0,서울특별시 동대문구 제기동 892-3번지
11230,10300,0,0892,0005,,,일반건축물,단독주택,"주택, 근린생활시설",0,0,260.02,19671207,3,1,서울특별시 동대문구 제기동 892-5번지
11230,10300,0,0892,0006,,,일반건축물,제1종근린생활시설,영업외 1,0,0,463.37,19680528,3,1,서울특별시 동대문구 제기동 892-6번지
11230,10300,0,0892,0007,,,일반건축물,단독주택,"주택, 근린생활시설, 점포",0,0,398.67,19640110,3,1,서울특별시 동대문구 제기동 892-7번지
11230,10300,0,0892,0008,,,일반건축물,제1종근린생활시설,"점포, 여관,제2종근린생활시설",0,0,673.05,19690709,3,1,서울특별시 동대문구 제기동 892-8번지
11230,10300,0,0892,0009,,,일반건축물,제1종근린생활시설,점포외 3,234.7,0,566.09,19830926,3,1,서울특별시 동대문구 제기동 892-9번지
11230,10300,0,0892,0011,,,일반건축물,제1종근린생활시설,"주택, 근린생활시설",0,0,276.59,19821228,3,1,서울특별시 동대문구 제기동 892-11번지
11230,10300,0,0892,0012,,,일반건축물,제1종근린생활시설,"점포, 주택",0,0,898.04,19781028,4,1,서울특별시 동대문구 제기동 892-12번지
11230,10300,0,0892,0013,,,일반건축물,단독주택,주택,0,0,39.74,19580530,1,0,서울특별시 동대문구 제기동 892-13번지
11230,10300,0,0892,0017,,,일반건축물,제1종근린생활시설,제1종근린생활시설,146.8,84.54,374.81,19961230,5,1,서울특별시 동대문구 제기동 892-17번지
11230,10300,0,0892,0018,,,일반건축물,제1종근린생활시설,근린생활시설외 1,142.5,85.14,299.16,19960902,3,1,서울특별시 동대문구 제기동 892-18번지
11230,10300,0,0892,0020,,,일반건축물,단독주택,다가구주택 외 2,129.6,77.03,262.58,20111007,4,0,서울특별시 동대문구 제기동 892-20번지
11230,10300,0,0892,0023,,,일반건축물,단독주택,"근린생활시설, 주택",131.54,65.39,337.81,19920410,4,1,서울특별시 동대문구 제기동 892-23번지
11230,10300,0,0892,0024,,,일반건축물,단독주택,주택,29,0,21.8,19850629,1,0,서울특별시 동대문구 제기동 892-24번지
11230,10300,0,0892,0025,,,일반건축물,단독주택,주택,62.8,0,31.2,19850629,1,0,서울특별시 동대문구 제기동 892-25번지
11230,10300,0,0892,0028,,,일반건축물,제1종근린생활시설,"근린생활시설, 주택",0,0,230.16,19850830,3,1,서울특별시 동대문구 제기동 892-28번지
11230,10300,0,0892,0029,,,일반건축물,제2종근린생활시설,근린생활시설,274.63,0,749.03,19890703,5,1,서울특별시 동대문구 제기동 892-29번지
11230,10300,0,0892,0033,,,일반건축물,단독주택,주택,110.4,0,32.4,19850629,1,0,서울특별시 동대문구 제기동 892-33번지
11230,10300,0,0892,0036,,,일반건축물,단독주택,단독주택(다중주택),117.26,69.74,264.88,20100715,3,1,서울특별시 동대문구 제기동 892-36번지
11230,10300,0,0892,0038,,,일반건축물,단독주택,주택,0,0,37.68,19850629,1,0,서울특별시 동대문구 제기동 892-38번지
11230,10300,0,0892,0040,,,일반건축물,제2종근린생활시설,근린생활시설,65.8,34.4,68.24,19961224,2,0,서울특별시 동대문구 제기동 892-40번지
11230,10300,0,0892,0045,,,일반건축물,제1종근린생활시설,"근린생활시설, 점포",0,0,373.59,19780812,2,1,서울특별시 동대문구 제기동 892-45번지
11230,10300,0,0892,0046,,,일반건축물,제1종근린생활시설,"점포, 근린생활시설",88.3,0,36.5,19840809,1,0,서울특별시 동대문구 제기동 892-46번지
11230,10300,0,0892,0048,,,일반건축물,제1종근린생활시설,근린생활시설(소매점)외 1,234.7,137.7,299.34,19951101,2,1,서울특별시 동대문구 제기동 892-48번지
11230,10300,0,0892,0057,,,일반건축물,제1종근린생활시설,근린생활시설,8.9,0,7.92,19841015,1,0,서울특별시 동대문구 제기동 892-57번지
11230,10300,0,0892,0059,,,일반건축물,단독주택,다가구주택(4가구),132.3,78.71,192.89,20110825,4,0,서울특별시 동대문구 제기동 892-59번지
11230,10300,0,0892,0060,,,일반건축물,제2종근린생활시설,근린생활시설 외1,298.8,146.8,843.92,19930617,5,1,서울특별시 동대문구 제기동 892-60번지
11230,10300,0,0892,0062,,,일반건축물,제1종근린생활시설,"근린생활시설, 주택",260.2,154.48,687.35,19990916,4,1,서울특별시 동대문구 제기동 892-62번지
11230,10300,0,0892,0063,,,일반건축물,단독주택,"주택, 근린생활시설",287.12,0,414.09,19981130,3,0,서울특별시 동대문구 제기동 892-63번지
11230,10300,0,0892,0064,,,일반건축물,의료시설,병원,2535.6,1101.9,4172.33,19741226,4,1,서울특별시 동대문구 제기동 892-64번지
11230,10300,0,0892,0066,현대아파트,,표제부,공동주택,공동주택(아파트),0,391.9,7422.06,19991113,23,0,서울특별시 동대문구 제기동 892-66번지
11230,10300,0,0892,0066,현대아파트,,표제부,공동주택,"생활편익시설, 근린생활시설",0,293.93,1435.63,19991113,4,1,서울특별시 동대문구 제기동 892-66번지
11230,10300,0,0892,0066,현대아파트,,표제부,공동주택,공동주택(아파트),0,357.14,7342.29,19991113,23,0,서울특별시 동대문구 제기동 892-66번지
11230,10300,0,0892,0066,현대아파트,,표제부,공동주택,공동주택(아파트),0,521.01,10670.84,19991113,25,0,서울특별시 동대문구 제기동 892-66번지
11230,10300,0,0892,0071,한솔동의보감,,표제부,판매시설,판매시설 외 2,3404.6,2042.08,16452.74,19760609,7,2,서울특별시 동대문구 제기동 892-71번지
11230,10300,0,0892,0077,,,일반건축물,단독주택,주택,0,0,210.91,19770824,2,1,서울특별시 동대문구 제기동 892-77번지
11230,10300,0,0892,0078,그린캐스빌12차,,표제부,공동주택,다세대주택,317,190.14,632.16,20111220,5,0,서울특별시 동대문구 제기동 892-78번지
11230,10300,0,0892,0079,,,일반건축물,단독주택,다가구주택,141.8,82.82,278.62,20050506,4,0,서울특별시 동대문구 제기동 892-79번지
11230,10300,0,0892,0081,,,일반건축물,단독주택,"단독주택, 소매점",0,0,152.73,19770827,2,1,서울특별시 동대문구 제기동 892-81번지
11230,10300,0,0892,0082,,,일반건축물,단독주택,주택,0,0,179.14,19770812,2,1,서울특별시 동대문구 제기동 892-82번지
11230,10300,0,0892,0083,,,일반건축물,단독주택,다중주택,156.4,93.23,299.97,20110720,3,1,서울특별시 동대문구 제기동 892-83번지
11230,10300,0,0892,0084,,,일반건축물,제2종근린생활시설,제2종근린생활시설(사무소) 외2,141.8,70.5,372.78,19930920,4,1,서울특별시 동대문구 제기동 892-84번지
11230,10300,0,0892,0085,,,일반건축물,단독주택,주택,0,0,193.46,19760312,2,1,서울특별시 동대문구 제기동 892-85번지
11230,10300,0,0892,0086,,,일반건축물,단독주택,주택,0,0,286.97,19760421,2,1,서울특별시 동대문구 제기동 892-86번지
11230,10300,0,0892,0089,,,일반건축물,제1종근린생활시설,"근린생활시설, 단독주택",200,119.85,593.21,19940221,4,1,서울특별시 동대문구 제기동 892-89번지
11230,10300,0,0892,0090,가동,,일반건축물,단독주택,단독주택 외1,0,127.4,629.16,19850429,4,1,서울특별시 동대문구 제기동 892-90번지
11230,10300,0,0892,0090,나동,,일반건축물,제1종근린생활시설,근린생활시설,0,28.02,56.04,20011226,2,0,서울특별시 동대문구 제기동 892-90번지
11230,10300,0,0892,0091,,,일반건축물,단독주택,다중주택,181.5,95.45,298.81,20081226,3,1,서울특별시 동대문구 제기동 892-91번지
11230,10300,0,0892,0092,,,표제부,공동주택,다세대주택,330.9,198.02,659.42,20120102,5,0,서울특별시 동대문구 제기동 892-92번지
11230,10300,0,0892,0093,,,일반건축물,제1종근린생활시설,"근린생활시설, 주택",115.4,69,299.97,19960813,4,1,서울특별시 동대문구 제기동 892-93번지
11230,10300,0,0892,0094,엠에스빌딩,,일반건축물,제2종근린생활시설,근린생활시설,343,191.3,761.07,20081022,5,0,서울특별시 동대문구 제기동 892-94번지
11230,10300,0,0892,0095,대성에코빌,,표제부,공동주택,공동주택,330.9,164.6,659.9,20140129,6,0,서울특별시 동대문구 제기동 892-95번지
11230,10300,0,0892,0096,,,일반건축물,제2종근린생활시설,제2종근린생활시설,335.5,180.51,858.36,20110628,7,1,서울특별시 동대문구 제기동 892-96번지
11230,10300,0,0892,0102,,,일반건축물,제2종근린생활시설,제2종근린생활시설/창고시설,0,0,160.96,19770603,2,1,서울특별시 동대문구 제기동 892-102번지
11230,10300,0,0892,0105,,,일반건축물,제2종근린생활시설,"근린생활시설, 단독주택",270.5,162.18,777.5,19971114,4,1,서울특별시 동대문구 제기동 892-105번지
11230,10300,0,0892,0107,,,일반건축물,제2종근린생활시설,제2종근린생활시설(자동차관련시설),212.1,64.8,64.8,20071203,1,0,서울특별시 동대문구 제기동 892-107번지
11230,10300,0,0892,0108,,,일반건축물,제2종근린생활시설,근린생활시설,132.3,79.22,313.17,19960725,4,1,서울특별시 동대문구 제기동 892-108번지
11230,10300,0,0892,0110,,,일반건축물,제1종근린생활시설,"근린생활시설, 단독주택(1가구)",242.3,144.1,642.7,19960523,4,1,서울특별시 동대문구 제기동 892-110번지
11230,10300,0,0892,0111,,,일반건축물,제2종근린생활시설,"근린생활시설, 단독주택",260.2,155.66,437.1,20020621,3,0,서울특별시 동대문구 제기동 892-111번지
11230,10300,0,0892,0112,,,일반건축물,단독주택,"주택, 근린생활시설",0,0,260.76,19751014,2,0,서울특별시 동대문구 제기동 892-112번지
11230,10300,0,0892,0114,명경아트빌,,표제부,공동주택,공동주택(아파트),260.2,155.8,651.95,20021002,6,0,서울특별시 동대문구 제기동 892-114번지
11230,10300,0,0892,0115,,,일반건축물,제1종근린생활시설,제1종근린생활시설(소매점),0,0,220.82,19750625,2,0,서울특별시 동대문구 제기동 892-115번지
11230,10300,0,0892,0116,,,일반건축물,제2종근린생활시설,"근린생활시설, 주택",289.9,173.13,774.69,19961230,4,1,서울특별시 동대문구 제기동 892-116번지
11230,10300,0,0892,0118,,,일반건축물,제1종근린생활시설,근린생활시설 외2,288.71,173.08,898.22,20020912,4,1,서울특별시 동대문구 제기동 892-118번지
11230,10300,0,0892,0119,그린캐스빌,,표제부,공동주택,다세대주택,283.3,169.35,565.65,20110726,5,0,서울특별시 동대문구 제기동 892-119번지
11230,10300,0,0892,0120,,,표제부,공동주택,다세대주택,283.3,168,556.8,20120426,5,0,서울특별시 동대문구 제기동 892-120번지
11230,10300,0,0892,0121,다빈치빌,,표제부,공동주택,"근린생활시설, 도시형생활주택",306.4,183.01,612.06,20180410,5,0,서울특별시 동대문구 제기동 892-121번지
11230,10300,0,0892,0123,블래스빌,,표제부,공동주택,공동주택(다세대주택),367.6,210.36,657.84,20090112,5,0,서울특별시 동대문구 제기동 892-123번지
11230,10300,0,0892,0124,,,일반건축물,단독주택,다중주택,114.99,68.36,199.8,20160715,3,1,서울특별시 동대문구 제기동 892-124번지
11230,10300,0,0892,0125,,,일반건축물,단독주택,"근린생활시설,주택(1가구)",127.6,76.14,299.6,19961226,4,1,서울특별시 동대문구 제기동 892-125번지
11230,10300,0,0892,0126,,,일반건축물,제1종근린생활시설,"근린생활시설, 주택",116.3,57.78,299.34,19920820,4,1,서울특별시 동대문구 제기동 892-126번지
11230,10300,0,0892,0127,,,일반건축물,제1종근린생활시설,"판매시설, 주택",152.1,75.39,467.28,19930925,5,1,서울특별시 동대문구 제기동 892-127번지
11230,10300,0,0892,0128,,,일반건축물,제1종근린생활시설,근린생활시설,273.4,0,462,19881208,3,1,서울특별시 동대문구 제기동 892-128번지
11230,10300,0,0892,0129,,,일반건축물,단독주택,단독주택,141.8,81.35,294.48,20110830,3,1,서울특별시 동대문구 제기동 892-129번지
11230,10300,0,0892,0130,,,일반건축물,단독주택,주택,0,0,154.05,19770812,2,1,서울특별시 동대문구 제기동 892-130번지
11230,10300,0,0892,0131,,,일반건축물,단독주택,단독주택(다중주택),166,91.9,326.04,20101029,3,1,서울특별시 동대문구 제기동 892-131번지
11230,10300,0,0892,0133,리센츠빌,,일반건축물,단독주택,다중주택,158.4,88.92,299.94,20170821,3,1,서울특별시 동대문구 제기동 892-133번지
11230,10300,0,0892,0134,,,일반건축물,단독주택,주택,0,0,181.82,19770913,2,1,서울특별시 동대문구 제기동 892-134번지
11230,10300,0,0892,0138,,,일반건축물,단독주택,주택,0,0,157.36,19770915,2,1,서울특별시 동대문구 제기동 892-138번지
11230,10300,0,0892,0140,,,일반건축물,단독주택,"주택, 점포",0,0,128,19771026,2,1,서울특별시 동대문구 제기동 892-140번지
11230,10300,0,0892,0142,,,일반건축물,단독주택,주택,0,0,113.79,19770719,2,1,서울특별시 동대문구 제기동 892-142번지
11230,10300,0,0892,0143,,,일반건축물,단독주택,주택,0,0,144.8,19770907,2,1,서울특별시 동대문구 제기동 892-143번지
11230,10300,0,0892,0144,,,일반건축물,단독주택,단독주택 외1,125.6,75.04,170.91,19770901,3,1,서울특별시 동대문구 제기동 892-144번지
11230,10300,0,0892,0146,,,일반건축물,단독주택,주택,0,0,164.31,19770924,2,1,서울특별시 동대문구 제기동 892-146번지
11230,10300,0,0892,0149,,,일반건축물,단독주택,주택,0,0,161.65,19770823,2,1,서울특별시 동대문구 제기동 892-149번지
11230,10300,0,0892,0152,,,일반건축물,단독주택,다가구주택(3가구) 외2,116,68.87,334.65,20030827,5,0,서울특별시 동대문구 제기동 892-152번지
11230,10300,0,0892,0153,,,일반건축물,단독주택,주택,116,67.77,151.74,19770923,2,1,서울특별시 동대문구 제기동 892-153번지
11230,10300,0,0892,0155,,,일반건축물,단독주택,주택,0,0,143.48,19770820,2,1,서울특별시 동대문구 제기동 892-155번지
11230,10300,0,0892,0159,,,일반건축물,제2종근린생활시설,제조시설,136.7,73.13,304.68,20160823,4,1,서울특별시 동대문구 제기동 892-159번지
11230,10300,0,0892,0161,,,일반건축물,판매시설,상가,0,0,215.94,19781116,2,1,서울특별시 동대문구 제기동 892-161번지
11230,10300,0,0892,0175,,,일반건축물,단독주택,단독주택(다중주택),154,92.21,296.71,20081224,3,1,서울특별시 동대문구 제기동 892-175번지
11230,10300,0,0893,0001,,,일반건축물,제2종근린생활시설,제2종근린생활시설,0,0,80.6,19610204,1,0,서울특별시 동대문구 제기동 893-1번지
11230,10300,0,0893,0002,제기빌라,,표제부,공동주택,단지형다세대주택,264.85,154.66,529.1,20161129,5,0,서울특별시 동대문구 제기동 893-2번지
11230,10300,0,0893,0003,준,,표제부,공동주택,"제1종근린생활시설, 다세대(도시형생활주택)",134.5,80.62,268.39,20120224,5,0,서울특별시 동대문구 제기동 893-3번지
11230,10300,0,0893,0005,,,일반건축물,단독주택,"근린생활시설, 주택",263.36,131.62,730.61,19911012,4,1,서울특별시 동대문구 제기동 893-5번지
11230,10300,0,0894,0000,,,일반건축물,제1종근린생활시설,소매점,163.4,100.36,100.36,19630312,1,0,서울특별시 동대문구 제기동 894번지
11230,10300,0,0894,0001,,,일반건축물,제1종근린생활시설,"주택, 근린생활시설",0,0,100.26,19630312,1,0,서울특별시 동대문구 제기동 894-1번지
11230,10300,0,0894,0002,,,일반건축물,단독주택,단독주택 외2,148.5,103.51,103.51,19630312,1,0,서울특별시 동대문구 제기동 894-2번지
11230,10300,0,0894,0005,,,일반건축물,제1종근린생활시설,"근린생활시설, 주택",130.02,64.9,299.23,19920901,4,1,서울특별시 동대문구 제기동 894-5번지
11230,10300,0,0894,0006,,,일반건축물,제2종근린생활시설,제2종근린생활시설,0,0,93.13,19611201,1,0,서울특별시 동대문구 제기동 894-6번지
11230,10300,0,0895,0000,,,일반건축물,제1종근린생활시설,근린생활시설,0,0,90.02,19630204,1,0,서울특별시 동대문구 제기동 895번지
11230,10300,0,0895,0001,,,일반건축물,제1종근린생활시설,근린생활시설,0,0,74.12,19611005,1,0,서울특별시 동대문구 제기동 895-1번지
11230,10300,0,0895,0002,제기동 895-2 창고시설(김종찬),,일반건축물,창고시설,창고,134.4,80.4,80.4,20200615,1,0,서울특별시 동대문구 제기동 895-2번지
11230,10300,0,0895,0003,,,일반건축물,제1종근린생활시설,제1종근린생활시설,0,0,94.22,19610520,1,0,서울특별시 동대문구 제기동 895-3번지
11230,10300,0,0895,0004,,,일반건축물,단독주택,주택,0,0,77.48,19600125,1,0,서울특별시 동대문구 제기동 895-4번지
11230,10300,0,0895,0005,,,일반건축물,단독주택,주택,0,0,65.52,19610602,1,0,서울특별시 동대문구 제기동 895-5번지
11230,10300,0,0895,0006,,,일반건축물,단독주택,주택,0,0,69.09,19610505,1,0,서울특별시 동대문구 제기동 895-6번지
11230,10300,0,0895,0007,,,일반건축물,단독주택,"주택, 근린생활시설",0,0,65.29,19611201,1,0,서울특별시 동대문구 제기동 895-7번지
11230,10300,0,0895,0009,,,일반건축물,단독주택,"주택, 근린생활시설",0,0,75.24,19630204,1,0,서울특별시 동대문구 제기동 895-9번지
11230,10300,0,0895,0010,,,일반건축물,단독주택,주택,0,0,76.33,19641230,1,0,서울특별시 동대문구 제기동 895-10번지
11230,10300,0,0895,0011,제기동근린생활시설,,일반건축물,제2종근린생활시설,제1종근린생활시설외 1,349.65,208.88,417.76,20071224,2,0,서울특별시 동대문구 제기동 895-11번지
11230,10300,0,0895,0013,,,일반건축물,제1종근린생활시설,제1종근린생활시설,0,0,65.52,19601020,1,0,서울특별시 동대문구 제기동 895-13번지
11230,10300,0,0895,0014,,,일반건축물,제1종근린생활시설,제1종근린생활시설 외 1,0,0,70.98,19770824,1,0,서울특별시 동대문구 제기동 895-14번지
11230,10300,0,0895,0015,,,일반건축물,단독주택,"주택,제1종근린생활시설",111.4,87.34,153.92,19601020,2,0,서울특별시 동대문구 제기동 895-15번지
11230,10300,0,0896,0000,,,일반건축물,제1종근린생활시설,근린생활시설,173.9,108,108,19610920,1,0,서울특별시 동대문구 제기동 896번지
11230,10300,0,0896,0001,,,일반건축물,제1종근린생활시설,근린생활시설,0,0,74.38,,1,0,서울특별시 동대문구 제기동 896-1번지
11230,10300,0,0896,0002,,,일반건축물,제1종근린생활시설,근린생활시설,0,0,95.75,19590702,1,0,서울특별시 동대문구 제기동 896-2번지
11230,10300,0,0896,0002,,,일반건축물,단독주택,단독주택,571.7,62.81,62.81,,1,0,서울특별시 동대문구 제기동 896-2번지
11230,10300,0,0896,0002,,,일반건축물,제1종근린생활시설,제1종근린생활시설(소매점),0,0,62.81,,1,0,서울특별시 동대문구 제기동 896-2번지
11230,10300,0,0896,0003,,,일반건축물,단독주택,"주택, 근린생활시설",0,0,84.07,,1,0,서울특별시 동대문구 제기동 896-3번지
11230,10300,0,0896,0004,,,일반건축물,제1종근린생활시설,제1종근린생활시설(소매점),0,0,56.3,19590815,1,0,서울특별시 동대문구 제기동 896-4번지
11230,10300,0,0896,0005,,,일반건축물,제1종근린생활시설,제1종근린생활시설,0,0,39.47,19580925,1,0,서울특별시 동대문구 제기동 896-5번지
11230,10300,0,0896,0006,,,일반건축물,창고시설,일반창고,0,0,40.13,19700503,1,0,서울특별시 동대문구 제기동 896-6번지
11230,10300,0,0896,0007,,,일반건축물,단독주택,"주택, 근린생활시설",0,0,42.98,,1,0,서울특별시 동대문구 제기동 896-7번지
11230,10300,0,0896,0008,,,일반건축물,제1종근린생활시설,1종근린생활시설,88.2,0,47.03,,1,0,서울특별시 동대문구 제기동 896-8번지
11230,10300,0,0896,0009,,,일반건축물,단독주택,"주택, 근린생활시설",0,0,39.8,19600305,1,0,서울특별시 동대문구 제기동 896-9번지
11230,10300,0,0896,0010,,,일반건축물,제1종근린생활시설,근린생활시설,0,0,39.34,19580925,1,0,서울특별시 동대문구 제기동 896-10번지
11230,10300,0,0896,0011,,,일반건축물,제1종근린생활시설,"제1종근린생활시설(소매점), 근린생활시설",0,0,87.77,19621220,1,0,서울특별시 동대문구 제기동 896-11번지
11230,10300,0,0896,0012,,,일반건축물,단독주택,주택,0,0,103.87,19630201,1,0,서울특별시 동대문구 제기동 896-12번지
11230,10300,0,0896,0013,,,일반건축물,제1종근린생활시설,제1종근린생활시설,152.4,90.42,90.42,20131213,1,0,서울특별시 동대문구 제기동 896-13번지
11230,10300,0,0896,0014,,,일반건축물,단독주택,주택,0,0,100.89,19621230,1,0,서울특별시 동대문구 제기동 896-14번지
11230,10300,0,0897,0000,,,일반건축물,단독주택,주택,0,0,62.81,19630520,1,0,서울특별시 동대문구 제기동 897번지
11230,10300,0,0897,0001,,,일반건축물,제1종근린생활시설,제1종근린생활시설,99,63.86,63.86,19630520,1,0,서울특별시 동대문구 제기동 897-1번지
11230,10300,0,0897,0002,,,일반건축물,제1종근린생활시설,근린생활시설,329.76,0,95.41,19610812,1,0,서울특별시 동대문구 제기동 897-2번지
11230,10300,0,0897,0002,,,일반건축물,제1종근린생활시설,근린생활시설,329.76,0,47.24,19611030,1,0,서울특별시 동대문구 제기동 897-2번지
11230,10300,0,0897,0002,,,일반건축물,제1종근린생활시설,물치,329.76,0,5.26,19611030,1,0,서울특별시 동대문구 제기동 897-2번지
11230,10300,0,0897,0003,,,일반건축물,단독주택,"주택, 근린생활시설",0,0,63.8,19581002,1,0,서울특별시 동대문구 제기동 897-3번지
11230,10300,0,0897,0005,,,일반건축물,단독주택,주택,0,0,59.93,19610920,1,0,서울특별시 동대문구 제기동 897-5번지
11230,10300,0,0897,0006,,,일반건축물,단독주택,주택,0,0,60.72,19611201,1,0,서울특별시 동대문구 제기동 897-6번지
11230,10300,0,0897,0007,새울센스빌,,표제부,공동주택,공동주택,263.4,154.18,514.94,20130509,5,0,서울특별시 동대문구 제기동 897-7번지
11230,10300,0,0897,0009,,,일반건축물,제1종근린생활시설,제1종근린생활시설 외1,0,0,91.71,19611230,1,0,서울특별시 동대문구 제기동 897-9번지
11230,10300,0,0897,0010,,,일반건축물,단독주택,주택,0,0,61.95,19621128,1,0,서울특별시 동대문구 제기동 897-10번지
11230,10300,0,0897,0012,,,일반건축물,단독주택,주택,0,0,66.38,19621128,1,0,서울특별시 동대문구 제기동 897-12번지
11230,10300,0,0897,0013,,,일반건축물,제1종근린생활시설,"주택, 근린생활시설(점포)",0,0,75.74,19621221,1,0,서울특별시 동대문구 제기동 897-13번지
11230,10300,0,0897,0015,,,일반건축물,제1종근린생활시설,근린생활시설,144.4,92,92,19621221,1,0,서울특별시 동대문구 제기동 897-15번지
11230,10300,0,0897,0016,,,일반건축물,단독주택,주택,0,0,73.39,19650216,1,0,서울특별시 동대문구 제기동 897-16번지
11230,10300,0,0897,0017,,,일반건축물,제1종근린생활시설,근린생활시설,99.5,88.9,88.9,20220411,1,0,서울특별시 동대문구 제기동 897-17번지
11230,10300,0,0897,0018,.,,일반건축물,제1종근린생활시설,제1종근린생활시설,146.1,99.64,99.64,19621221,1,0,서울특별시 동대문구 제기동 897-18번지
11230,10300,0,0899,0000,,,일반건축물,제1종근린생활시설,제1종근린생활시설,136.9,76.5,76.5,20140429,1,0,서울특별시 동대문구 제기동 899번지
11230,10300,0,0899,0001,,,일반건축물,창고시설,"근린생활시설,창고시설",256.5,169.41,169.41,20220512,1,0,서울특별시 동대문구 제기동 899-1번지
11230,10300,0,0899,0002,,,일반건축물,제1종근린생활시설,제1종근린생활시설,116.4,64.66,64.66,19580927,1,0,서울특별시 동대문구 제기동 899-2번지
11230,10300,0,0899,0003,,,일반건축물,제1종근린생활시설,제1종근린생활시설,339.89,0,161.74,19850629,1,0,서울특별시 동대문구 제기동 899-3번지
11230,10300,0,0899,0004,,,일반건축물,제1종근린생활시설,제1종근린생활시설(소매점),0,0,66.81,19580913,1,0,서울특별시 동대문구 제기동 899-4번지
11230,10300,0,0899,0004,,,일반건축물,제1종근린생활시설,제1종근린생활시설(소매점),0,0,73.23,19580309,1,0,서울특별시 동대문구 제기동 899-4번지
11230,10300,0,0899,0005,,,일반건축물,단독주택,주택,0,0,52.9,,1,0,서울특별시 동대문구 제기동 899-5번지
11230,10300,0,0899,0006,,,일반건축물,단독주택,주택,0,0,51.54,19601001,1,0,서울특별시 동대문구 제기동 899-6번지
11230,10300,0,0899,0007,,,일반건축물,단독주택,주택,0,0,33.68,19620831,1,0,서울특별시 동대문구 제기동 899-7번지
11230,10300,0,0899,0008,주-1,,일반건축물,제1종근린생활시설,제1종근린생활시설(소매점),120.4,67.14,67.14,20080102,1,0,서울특별시 동대문구 제기동 899-8번지
11230,10300,0,0899,0009,,,일반건축물,단독주택,주택,0,0,77.69,19621128,1,0,서울특별시 동대문구 제기동 899-9번지
11230,10300,0,0899,0010,,,일반건축물,제1종근린생활시설,제1종근린생활시설,113.8,75.18,75.18,19620831,1,0,서울특별시 동대문구 제기동 899-10번지
11230,10300,0,0899,0012,,,일반건축물,제1종근린생활시설,근린생활시설,0,0,74.09,19621128,1,0,서울특별시 동대문구 제기동 899-12번지
11230,10300,0,0899,0013,,,일반건축물,단독주택,주택,0,0,70.62,19620831,1,0,서울특별시 동대문구 제기동 899-13번지
11230,10300,0,0899,0015,,,일반건축물,제1종근린생활시설,근린생활시설,126.1,83.31,83.31,20220526,1,0,서울특별시 동대문구 제기동 899-15번지
11230,10300,0,0899,0017,,,일반건축물,제1종근린생활시설,제1종근린생활시설(소매점),144.8,99.03,99.03,20220512,1,0,서울특별시 동대문구 제기동 899-17번지
11230,10300,0,0900,0000,,,일반건축물,제1종근린생활시설,근린생활시설,0,0,530.61,19851121,4,1,서울특별시 동대문구 제기동 900번지
11230,10300,0,0900,0001,제기동 오성빌딩,,일반건축물,업무시설,"업무시설,근린생활시설,노유자시설",930.2,545.41,3461.51,19831111,6,1,서울특별시 동대문구 제기동 900-1번지
11230,10300,0,0900,0005,,,일반건축물,제1종근린생활시설,근린생활시설(소매점),0,0,60.5,19601001,1,0,서울특별시 동대문구 제기동 900-5번지
11230,10300,0,0901,0002,,,일반건축물,제1종근린생활시설,근린생활시설외2,0,0,116.33,19630204,1,0,서울특별시 동대문구 제기동 901-2번지
11230,10300,0,0901,0004,,,일반건축물,제1종근린생활시설,근린생활시설,0,0,118.25,19630204,1,0,서울특별시 동대문구 제기동 901-4번지
11230,10300,0,0901,0005,,,일반건축물,제2종근린생활시설,근린생활시설,0,0,389.65,19820511,3,1,서울특별시 동대문구 제기동 901-5번지
11230,10300,0,0902,0000,,,일반건축물,제1종근린생활시설,제1종근린생활시설,0,0,73.45,19630204,1,0,서울특별시 동대문구 제기동 902번지
11230,10300,0,0907,0004,,,일반건축물,제1종근린생활시설,근린생활시설,0,0,113.06,19630624,1,0,서울특별시 동대문구 제기동 907-4번지
11230,10300,0,0907,0005,,,일반건축물,제1종근린생활시설,근린생활시설,0,0,124.46,19630311,1,0,서울특별시 동대문구 제기동 907-5번지
11230,10300,0,0910,0000,,,일반건축물,단독주택,근린생활시설및단독주택,107.1,53.46,220.42,19811022,3,1,서울특별시 동대문구 제기동 910번지
11230,10300,0,0911,0000,,,일반건축물,제1종근린생활시설,근린생활시설,0,0,46.28,,1,0,서울특별시 동대문구 제기동 911번지
11230,10300,0,0912,0000,,,일반건축물,제1종근린생활시설,근린생활시설,0,0,47.07,19600201,1,0,서울특별시 동대문구 제기동 912번지
11230,10300,0,0913,0000,,,일반건축물,제1종근린생활시설,제1종근린생활시설,155.2,92.93,92.93,19610201,1,0,서울특별시 동대문구 제기동 913번지
11230,10300,0,0914,0001,,,일반건축물,제2종근린생활시설,제2종근린생활시설,0,0,75.24,19630515,1,0,서울특별시 동대문구 제기동 914-1번지
11230,10300,0,0914,0003,,,일반건축물,제1종근린생활시설,제1종근린생활시설,0,0,80.53,19611001,1,0,서울특별시 동대문구 제기동 914-3번지
11230,10300,0,0914,0004,,,일반건축물,단독주택,주택,0,0,79.5,19630515,1,0,서울특별시 동대문구 제기동 914-4번지
11230,10300,0,0917,0000,,,일반건축물,제1종근린생활시설,제1종근린생활시설외1,329.76,0,370.01,,3,0,서울특별시 동대문구 제기동 917번지
11230,10300,0,0917,0001,,,일반건축물,단독주택,주택,0,0,166.71,19670910,2,0,서울특별시 동대문구 제기동 917-1번지
11230,10300,0,0920,0000,,,일반건축물,제2종근린생활시설,근린생활시설,0,0,119.24,19631211,1,0,서울특별시 동대문구 제기동 920번지
11230,10300,0,0920,0001,제기동 920-1 제2종근린생활시설 (김중업),,일반건축물,제2종근린생활시설,"사무소, 근린생활시설, 점포,소매점",371.8,227.04,450.21,19640912,2,1,서울특별시 동대문구 제기동 920-1번지
11230,10300,0,0922,0000,,,일반건축물,제1종근린생활시설,제1종근린생활시설,215.9,107.63,107.63,20040727,1,0,서울특별시 동대문구 제기동 922번지
11230,10300,0,0925,0000,,,일반건축물,제1종근린생활시설,제1종근린생활시설 외 1,72.4,44.88,269.28,19931203,5,1,서울특별시 동대문구 제기동 925번지
11230,10300,0,0926,0000,,,일반건축물,제1종근린생활시설,"근린생활시설, 여관",253.9,126.93,701.3,19831112,5,1,서울특별시 동대문구 제기동 926번지
11230,10300,0,0928,0000,,,일반건축물,제2종근린생활시설,"제1,2종근린생활시설",127,76.16,363.29,19961129,4,1,서울특별시 동대문구 제기동 928번지
11230,10300,0,0928,0002,부광빌딩,,일반건축물,제1종근린생활시설,제1종근린생활시설외 1,443.7,265.46,1661.17,20030519,6,1,서울특별시 동대문구 제기동 928-2번지
11230,10300,0,0928,0005,,,일반건축물,단독주택,주택,0,0,45.62,19581031,1,0,서울특별시 동대문구 제기동 928-5번지
11230,10300,0,0928,0006,,,일반건축물,단독주택,주택,0,0,4.2,19580910,1,0,서울특별시 동대문구 제기동 928-6번지
11230,10300,0,0928,0008,,,일반건축물,제1종근린생활시설,근린생활시설,0,0,7.2,19590806,1,0,서울특별시 동대문구 제기동 928-8번지
11230,10300,0,0928,0009,,,일반건축물,제2종근린생활시설,제1종근린생활시설 외1,115.06,70.18,333.2,19921207,5,1,서울특별시 동대문구 제기동 928-9번지
11230,10300,0,0929,0004,,,일반건축물,제1종근린생활시설,"점포, 병원, 사무실",0,0,391.11,,3,1,서울특별시 동대문구 제기동 929-4번지
11230,10300,0,0929,0004,,,일반건축물,제1종근린생활시설,"주택, 점포",0,0,166.27,19661006,2,1,서울특별시 동대문구 제기동 929-4번지
11230,10300,0,0930,0000,,,일반건축물,제1종근린생활시설,제1종근린생활시설(소매점),0,0,129.58,19640506,1,0,서울특별시 동대문구 제기동 930번지
11230,10300,0,0930,0001,,,일반건축물,제2종근린생활시설,"근린생활시설, 주택",178,88.06,401.31,19910726,4,1,서울특별시 동대문구 제기동 930-1번지
11230,10300,0,0930,0002,,,일반건축물,제2종근린생활시설,근린생활시설외 1,172,85.68,382.05,19910209,4,1,서울특별시 동대문구 제기동 930-2번지
11230,10300,0,0930,0003,,,일반건축물,제1종근린생활시설,제1종근린생활시설 외 2,175,87.12,407.17,19911118,4,1,서울특별시 동대문구 제기동 930-3번지
11230,10300,0,0930,0004,,,일반건축물,제1종근린생활시설,"근린생활시설,판매시설(약품도매업)",176,0,421.4,19920922,4,1,서울특별시 동대문구 제기동 930-4번지
11230,10300,0,0930,0005,,,일반건축물,단독주택,단독주택(다중주택),176,87.22,329.35,20130911,3,1,서울특별시 동대문구 제기동 930-5번지
11230,10300,0,0930,0006,,,일반건축물,제1종근린생활시설,제1종근린생활시설,202.9,0,553.68,19910408,4,1,서울특별시 동대문구 제기동 930-6번지
11230,10300,0,0930,0007,,,일반건축물,제2종근린생활시설,"제1종, 제2종근린생활시설",215.9,118.63,531.54,19991117,4,1,서울특별시 동대문구 제기동 930-7번지
11230,10300,0,0930,0008,,,일반건축물,제1종근린생활시설,근린생활시설,0,0,1773.72,19910626,5,1,서울특별시 동대문구 제기동 930-8번지
11230,10300,0,0930,0009,,,일반건축물,제1종근린생활시설,"근린생활시설, 주택",227.9,0,599.4,19891229,4,1,서울특별시 동대문구 제기동 930-9번지
11230,10300,0,0930,0010,,,일반건축물,제2종근린생활시설,제1종 근린생활시설 외1,0,0,1420.13,19891124,4,1,서울특별시 동대문구 제기동 930-10번지
11230,10300,0,0933,0005,,,일반건축물,제1종근린생활시설,"근린생활시설, 주택",175.64,0,358.24,19910704,4,1,서울특별시 동대문구 제기동 933-5번지
11230,10300,0,0937,0000,,,일반건축물,제1종근린생활시설,제1종 근린생활시설 외 2,0,0,866.3,19630627,4,1,서울특별시 동대문구 제기동 937번지
11230,10300,0,0938,0000,,,일반건축물,제1종근린생활시설,근린생활시설,0,0,65.19,19730905,1,0,서울특별시 동대문구 제기동 938번지
11230,10300,0,0939,0000,,,일반건축물,제1종근린생활시설,"근린생활시설, 주택",163,81.2,388.57,19910905,4,1,서울특별시 동대문구 제기동 939번지
11230,10300,0,0940,0000,,,일반건축물,제1종근린생활시설,근린생활시설,212.1,105.8,542.21,19910830,4,1,서울특별시 동대문구 제기동 940번지
11230,10300,0,0941,0000,,,일반건축물,제1종근린생활시설,제1종근린생활시설 외 1,188.1,93.6,430.3,19910909,4,1,서울특별시 동대문구 제기동 941번지
11230,10300,0,0942,0000,,,일반건축물,제2종근린생활시설,제2종근린생활시설 외1,191.7,129.62,129.62,19631206,1,0,서울특별시 동대문구 제기동 942번지
11230,10300,0,0943,0000,,,일반건축물,제1종근린생활시설,근린생활시설,338.5,168.96,910.4,19920613,5,1,서울특별시 동대문구 제기동 943번지
11230,10300,0,0944,0000,,,일반건축물,근린생활시설,"주택, 근린생활시설, 점포",0,0,605.16,19790208,3,1,서울특별시 동대문구 제기동 944번지
11230,10300,0,0944,0001,,,일반건축물,제2종근린생활시설,근린생활시설,250.3,114.48,612.82,19820923,5,1,서울특별시 동대문구 제기동 944-1번지
11230,10300,0,0944,0003,,,일반건축물,제1종근린생활시설,근린생활시설,144.84,0,342.25,19870718,4,1,서울특별시 동대문구 제기동 944-3번지
11230,10300,0,0944,0004,,,일반건축물,제1종근린생활시설,근린생활시설,178,88.56,364.18,19921230,4,1,서울특별시 동대문구 제기동 944-4번지
11230,10300,0,0944,0005,,,일반건축물,제1종근린생활시설,"근린생활시설, 주택",150.88,0,380.07,19900526,4,1,서울특별시 동대문구 제기동 944-5번지
11230,10300,0,0945,0000,,,일반건축물,제1종근린생활시설,근린생활시설(한의원),0,0,72.73,19591230,1,0,서울특별시 동대문구 제기동 945번지
11230,10300,0,0948,0000,,,일반건축물,제1종근린생활시설,근린생활시설,0,0,73.82,19600310,1,0,서울특별시 동대문구 제기동 948번지
11230,10300,0,0949,0000,한성빌딩,,일반건축물,제1종근린생활시설,근린생활시설,652.3,310.05,1797.08,20071128,7,1,서울특별시 동대문구 제기동 949번지
11230,10300,0,0950,0000,,,일반건축물,제1종근린생활시설,근린생활시설,0,0,99.76,19650930,1,1,서울특별시 동대문구 제기동 950번지
11230,10300,0,0950,0001,,,일반건축물,제1종근린생활시설,제1종근린생활시설,186.6,98.28,107.27,19650723,1,1,서울특별시 동대문구 제기동 950-1번지
11230,10300,0,0950,0002,,,일반건축물,제1종근린생활시설,근린생활시설,0,0,87.1,19650923,1,1,서울특별시 동대문구 제기동 950-2번지
11230,10300,0,0950,0003,,,일반건축물,제2종근린생활시설,제2종근린생활시설외 1,130.3,77.21,339.9,20040729,4,1,서울특별시 동대문구 제기동 950-3번지
11230,10300,0,0951,0001,,,일반건축물,제1종근린생활시설,근린생활시설,186.1,110.64,110.64,19970912,1,0,서울특별시 동대문구 제기동 951-1번지
11230,10300,0,0951,0001,,,일반건축물,단독주택,주택,0,0,40.3,19720620,1,0,서울특별시 동대문구 제기동 951-1번지
11230,10300,0,0951,0001,,,일반건축물,제1종근린생활시설,화장실,0,0,2.64,19970912,1,0,서울특별시 동대문구 제기동 951-1번지
11230,10300,0,0952,0000,,,일반건축물,제1종근린생활시설,근린생활시설,132,78.94,78.94,20010927,1,0,서울특별시 동대문구 제기동 952번지
11230,10300,0,0952,0003,,,일반건축물,단독주택,단독주택(다가구주택) 외 2,105.8,63.2,270.4,20140127,4,1,서울특별시 동대문구 제기동 952-3번지
11230,10300,0,0953,0000,태원빌딩,,일반건축물,제2종근린생활시설,"제2종근린생활시설(사무소),제1종근린생활시설(소매점)",229.1,111.59,448.79,20200722,5,0,서울특별시 동대문구 제기동 953번지
11230,10300,0,0954,0000,,,일반건축물,제1종근린생활시설,"근린생활시설, 주택",0,0,96.69,19660607,1,1,서울특별시 동대문구 제기동 954번지
11230,10300,0,0954,0000,,,일반건축물,제2종근린생활시설,제2종근린생활시설,0,0,135.34,19660607,1,0,서울특별시 동대문구 제기동 954번지
11230,10300,0,0954,0000,,,일반건축물,제1종근린생활시설,제2종근린생활시설,0,0,94.41,19660607,1,1,서울특별시 동대문구 제기동 954번지
11230,10300,0,0955,0000,,,일반건축물,제1종근린생활시설,근린생활시설,290.67,172.26,369.57,19971023,3,0,서울특별시 동대문구 제기동 955번지
11230,10300,0,0955,0004,,,일반건축물,제1종근린생활시설,"근린생활시설, 주택",121.3,0,271.71,19891223,3,1,서울특별시 동대문구 제기동 955-4번지
11230,10300,0,0957,0000,,,일반건축물,제2종근린생활시설,제2종근린생활시설,106.9,63.92,124.09,,2,0,서울특별시 동대문구 제기동 957번지
11230,10300,0,0957,0001,소창빌딩,,일반건축물,제2종근린생활시설,제2종근린생활시설 외1,340.08,202.62,1094.9,19941128,5,1,서울특별시 동대문구 제기동 957-1번지
11230,10300,0,0957,0002,,,일반건축물,제1종근린생활시설,"제1종,제2종근린생활시설",0,0,121.17,19631216,2,0,서울특별시 동대문구 제기동 957-2번지
11230,10300,0,0957,0003,,,일반건축물,제2종근린생활시설,근린생활시설,0,0,129.75,,2,0,서울특별시 동대문구 제기동 957-3번지
11230,10300,0,0958,0000,,,일반건축물,제2종근린생활시설,제2종근린생활시설 외1,175.3,86.4,519.18,19910705,5,1,서울특별시 동대문구 제기동 958번지
11230,10300,0,0958,0001,,,일반건축물,제1종근린생활시설,"근린생활시설, 주택",154.1,0,438.6,19890911,5,1,서울특별시 동대문구 제기동 958-1번지
11230,10300,0,0958,0002,,,일반건축물,제1종근린생활시설,"근린생활시설,제1종근린생활시설",200.7,96,359.85,19930924,3,1,서울특별시 동대문구 제기동 958-2번지
11230,10300,0,0958,0003,,,일반건축물,제2종근린생활시설,제2종근린생활시설외1,116.6,58.1,294.65,19931116,4,1,서울특별시 동대문구 제기동 958-3번지
11230,10300,0,0958,0004,,,일반건축물,제1종근린생활시설,"주택, 근린생활시설",107.4,64.16,250.4,19930811,3,1,서울특별시 동대문구 제기동 958-4번지
11230,10300,0,0961,0001,,,일반건축물,제1종근린생활시설,제1종근린생활시설 외1,95,0,61.46,19850629,1,1,서울특별시 동대문구 제기동 961-1번지
11230,10300,0,0961,0002,,,일반건축물,제1종근린생활시설,"소매점,사무소",232.32,114.55,609.67,19930413,4,1,서울특별시 동대문구 제기동 961-2번지
11230,10300,0,0961,0002,,,일반건축물,제2종근린생활시설,제2종근린생활시설,0,0,101.55,19850629,1,1,서울특별시 동대문구 제기동 961-2번지
11230,10300,0,0962,0000,,,일반건축물,제1종근린생활시설,근린생활시설 외2,186.9,92.8,479.04,19931202,4,1,서울특별시 동대문구 제기동 962번지
11230,10300,0,0962,0001,,,일반건축물,제1종근린생활시설,근린생활시설,140.4,83.82,312.86,19930513,3,1,서울특별시 동대문구 제기동 962-1번지
11230,10300,0,0963,0000,,,일반건축물,제2종근린생활시설,제2종근린생활시설외 1,0,158.35,628.05,19831107,4,1,서울특별시 동대문구 제기동 963번지
11230,10300,0,0964,0001,,,일반건축물,제1종근린생활시설,근린생활시설,178,106.58,355.91,20190618,4,0,서울특별시 동대문구 제기동 964-1번지
11230,10300,0,0964,0002,,,일반건축물,제2종근린생활시설,근린생활시설,229,98.1,364.78,19841015,4,1,서울특별시 동대문구 제기동 964-2번지
11230,10300,0,0965,0001,,,일반건축물,제1종근린생활시설,"근린생활시설, 노유자시설",443,264.72,1826.01,19971103,7,1,서울특별시 동대문구 제기동 965-1번지
11230,10300,0,0967,0000,,,일반건축물,단독주택,단독주택,84.3,48.82,48.82,20051201,1,0,서울특별시 동대문구 제기동 967번지
11230,10300,0,0967,0001,,,일반건축물,단독주택,주택,0,0,55.5,19601002,1,0,서울특별시 동대문구 제기동 967-1번지
11230,10300,0,0967,0002,,,일반건축물,제1종근린생활시설,근린생활시설,0,0,69.42,19600310,1,0,서울특별시 동대문구 제기동 967-2번지
11230,10300,0,0967,0003,,,일반건축물,제1종근린생활시설,근린생활시설(소매점),0,0,50.68,19580602,1,0,서울특별시 동대문구 제기동 967-3번지
11230,10300,0,0967,0005,,,일반건축물,제1종근린생활시설,근린생활시설(소매점),0,0,49.45,,1,0,서울특별시 동대문구 제기동 967-5번지
11230,10300,0,0967,0005,,,일반건축물,단독주택,주택,0,0,50.98,19601001,1,0,서울특별시 동대문구 제기동 967-5번지
11230,10300,0,0970,0000,,,일반건축물,제1종근린생활시설,근린생활시설(소매점),0,0,37.06,,1,0,서울특별시 동대문구 제기동 970번지
11230,10300,0,0971,0004,연우아트빌,,표제부,공동주택,다세대주택,211.3,126.35,418.57,20140711,5,0,서울특별시 동대문구 제기동 971-4번지
11230,10300,0,0972,0000,,,일반건축물,노유자시설,"근린생활시설, 노유자시설(아동시설)",357.4,214.21,819.76,19980909,3,1,서울특별시 동대문구 제기동 972번지
11230,10300,0,0973,0000,,,일반건축물,제1종근린생활시설,제1종근린생활시설외 2,220.4,132.07,483.43,19970317,3,1,서울특별시 동대문구 제기동 973번지
11230,10300,0,0975,0001,,,일반건축물,단독주택,다가구용단독주택(2가구),80.22,48.06,91.17,19971210,2,0,서울특별시 동대문구 제기동 975-1번지
11230,10300,0,0975,0001,,,일반건축물,단독주택,단독주택,94.25,49.77,99.54,19981221,2,0,서울특별시 동대문구 제기동 975-1번지
11230,10300,0,0976,0001,,,일반건축물,제2종근린생활시설,제2종근린생활시설(의약품도매점) 외1,93.9,56.25,168.75,20041012,3,0,서울특별시 동대문구 제기동 976-1번지
11230,10300,0,0978,0000,,,일반건축물,제1종근린생활시설,근린생활시설,0,0,76.03,,1,0,서울특별시 동대문구 제기동 978번지
11230,10300,0,0978,0000,',,일반건축물,제1종근린생활시설,근린생활시설,0,0,39.67,19590601,1,0,서울특별시 동대문구 제기동 978번지
11230,10300,0,0978,0000,,,일반건축물,제1종근린생활시설,근린생활시설,0,0,33.06,,1,0,서울특별시 동대문구 제기동 978번지
11230,10300,0,0979,0000,,,일반건축물,제1종근린생활시설,제1종근린생활시설,0,0,45.95,19610310,1,0,서울특별시 동대문구 제기동 979번지
11230,10300,0,0979,0000,,,일반건축물,단독주택,주택,0,0,50.42,19591010,1,0,서울특별시 동대문구 제기동 979번지
11230,10300,0,0979,0000,,,일반건축물,제1종근린생활시설,제1종근린생활시설,0,0,43.54,19760916,1,0,서울특별시 동대문구 제기동 979번지
11230,10300,0,0979,0000,,,일반건축물,제1종근린생활시설,근린생활시설,0,0,48.26,19610401,1,0,서울특별시 동대문구 제기동 979번지
11230,10300,0,0980,0000,,,일반건축물,제1종근린생활시설,소매점,0,0,67.21,19680601,1,0,서울특별시 동대문구 제기동 980번지
11230,10300,0,0980,0001,,,일반건축물,제2종근린생활시설,제2종근린생활시설,0,0,54.05,19600901,1,0,서울특별시 동대문구 제기동 980-1번지
11230,10300,0,0980,0004,,,일반건축물,제1종근린생활시설,근린생활시설,0,0,51.24,19600510,1,0,서울특별시 동대문구 제기동 980-4번지
11230,10300,0,0981,0000,,,일반건축물,제1종근린생활시설,근린생활시설,0,0,80.2,19600702,1,0,서울특별시 동대문구 제기동 981번지
11230,10300,0,0982,0001,약령빌딩,,일반건축물,제1종근린생활시설,근린생활시설 외2,690.9,304.4,1832.14,19861111,4,1,서울특별시 동대문구 제기동 982-1번지
11230,10300,0,0985,0001,,,일반건축물,제1종근린생활시설,근린생활시설,0,0,212.55,19671218,2,0,서울특별시 동대문구 제기동 985-1번지
11230,10300,0,0986,0001,,,일반건축물,제1종근린생활시설,근린생활시설,90.6,0,54.56,19840918,1,0,서울특별시 동대문구 제기동 986-1번지
11230,10300,0,0986,0002,,,일반건축물,제1종근린생활시설,"주택, 근린생활시설",48.62,0,43.31,19850629,2,0,서울특별시 동대문구 제기동 986-2번지
11230,10300,0,0987,0000,스마트빌,,표제부,공동주택,도시형생활주택(단지형다세대),277.1,155.15,549.36,20221212,6,0,서울특별시 동대문구 제기동 987번지
11230,10300,0,0988,0000,,,일반건축물,제1종근린생활시설,"주택, 점포",0,0,98.88,,1,1,서울특별시 동대문구 제기동 988번지
11230,10300,0,0988,0000,,,일반건축물,단독주택,"근린생활시설, 주택",0,0,85.95,,1,0,서울특별시 동대문구 제기동 988번지
11230,10300,0,0988,0000,,,일반건축물,단독주택,주택,0,0,66.35,19581210,1,0,서울특별시 동대문구 제기동 988번지
11230,10300,0,0988,0001,,,일반건축물,단독주택,주택,0,0,57.79,19600530,1,0,서울특별시 동대문구 제기동 988-1번지
11230,10300,0,0988,0002,,,일반건축물,단독주택,"주택,근린생활시설",104.4,58.85,90.95,20121123,2,0,서울특별시 동대문구 제기동 988-2번지
11230,10300,0,0988,0004,,,일반건축물,단독주택,주택,0,0,61.22,19610810,1,0,서울특별시 동대문구 제기동 988-4번지
11230,10300,0,0988,0005,,,일반건축물,단독주택,주택,0,0,58.05,19760305,1,0,서울특별시 동대문구 제기동 988-5번지
11230,10300,0,0988,0006,,,일반건축물,단독주택,주택,0,0,54.71,19601001,1,0,서울특별시 동대문구 제기동 988-6번지
11230,10300,0,0988,0007,,,일반건축물,제2종근린생활시설,근린생활시설,92.2,52.73,52.73,19590810,1,0,서울특별시 동대문구 제기동 988-7번지
11230,10300,0,0988,0008,,,일반건축물,제1종근린생활시설,제1종근린생활시설(소매점),0,0,52.66,19601005,1,0,서울특별시 동대문구 제기동 988-8번지
11230,10300,0,0988,0012,,,일반건축물,단독주택,주택,0,0,64.46,,1,0,서울특별시 동대문구 제기동 988-12번지
11230,10300,0,0988,0013,,,일반건축물,제2종근린생활시설,제2종근린생활시설,0,0,59.5,,1,0,서울특별시 동대문구 제기동 988-13번지
11230,10300,0,0988,0014,,,일반건축물,제1종근린생활시설,제1종근린생활시설,131.1,66.35,66.35,19591210,1,0,서울특별시 동대문구 제기동 988-14번지
11230,10300,0,0988,0015,,,일반건축물,단독주택,주택,0,0,67.57,19581001,1,0,서울특별시 동대문구 제기동 988-15번지
11230,10300,0,0988,0016,,,일반건축물,제2종근린생활시설,제조업소,0,0,64.46,,1,0,서울특별시 동대문구 제기동 988-16번지
11230,10300,0,0988,0017,,,일반건축물,제1종근린생활시설,제1종근린생활시설,0,0,66.12,,1,0,서울특별시 동대문구 제기동 988-17번지
11230,10300,0,0988,0020,,,일반건축물,단독주택,주택,0,0,57.85,,1,0,서울특별시 동대문구 제기동 988-20번지
11230,10300,0,0988,0021,,,일반건축물,제1종근린생활시설,제1종근린생활시설(소매점),0,0,34.71,19590410,1,0,서울특별시 동대문구 제기동 988-21번지
11230,10300,0,0988,0022,,,일반건축물,단독주택,주택,0,0,57.85,,1,0,서울특별시 동대문구 제기동 988-22번지
11230,10300,0,0988,0023,,,일반건축물,단독주택,주택,0,0,53.55,19600105,1,0,서울특별시 동대문구 제기동 988-23번지
11230,10300,0,0988,0024,,,일반건축물,단독주택,주택,0,0,63.08,19590830,1,0,서울특별시 동대문구 제기동 988-24번지
11230,10300,0,0988,0025,,,일반건축물,단독주택,주택,0,0,39.67,,1,0,서울특별시 동대문구 제기동 988-25번지
11230,10300,0,0988,0026,,,일반건축물,단독주택,주택,0,0,57.85,19581010,1,0,서울특별시 동대문구 제기동 988-26번지
11230,10300,0,0988,0027,,,일반건축물,제2종근린생활시설,제2종근린생활시설(부동산중개업소),0,0,57.85,,1,0,서울특별시 동대문구 제기동 988-27번지
11230,10300,0,0988,0028,,,일반건축물,단독주택,주택,0,0,34.71,19730927,1,0,서울특별시 동대문구 제기동 988-28번지
11230,10300,0,0989,0000,,,일반건축물,단독주택,주택,0,0,57.88,1961,1,0,서울특별시 동대문구 제기동 989번지
11230,10300,0,0989,0000,,,일반건축물,제2종근린생활시설,제2종근린생활시설(제조업소),0,0,67.11,19600520,1,0,서울특별시 동대문구 제기동 989번지
11230,10300,0,0989,0000,,,일반건축물,제1종근린생활시설,제1종근린생활시설,0,0,59.8,19590527,1,0,서울특별시 동대문구 제기동 989번지
11230,10300,0,0989,0001,,,일반건축물,단독주택,주택,0,0,67.57,19591030,1,0,서울특별시 동대문구 제기동 989-1번지
11230,10300,0,0989,0002,,,일반건축물,단독주택,주택,0,0,61.59,19600308,1,0,서울특별시 동대문구 제기동 989-2번지
11230,10300,0,0989,0003,,,일반건축물,제1종근린생활시설,"주택, 근린생활시설",0,0,68.1,19770204,1,0,서울특별시 동대문구 제기동 989-3번지
11230,10300,0,0989,0004,,,일반건축물,제1종근린생활시설,근린생활시설,128.4,76.12,76.12,19990414,1,0,서울특별시 동대문구 제기동 989-4번지
11230,10300,0,0989,0006,,,일반건축물,제1종근린생활시설,제1종근린생활시설외 1,116.82,69.8,269.12,19930826,3,1,서울특별시 동대문구 제기동 989-6번지
11230,10300,0,0989,0007,,,일반건축물,제1종근린생활시설,근린생활시설(소매점),0,0,32.3,19640925,1,0,서울특별시 동대문구 제기동 989-7번지
11230,10300,0,0989,0008,,,일반건축물,제1종근린생활시설,제1종근린생활시설,0,0,53.06,19540721,1,0,서울특별시 동대문구 제기동 989-8번지
11230,10300,0,0989,0011,,,일반건축물,단독주택,주택,0,0,58.12,19591230,1,0,서울특별시 동대문구 제기동 989-11번지
11230,10300,0,0989,0012,,,일반건축물,단독주택,주택,0,0,57.19,19610405,1,0,서울특별시 동대문구 제기동 989-12번지
11230,10300,0,0989,0013,,,일반건축물,제1종근린생활시설,제1종근린생활시설,124.1,100.32,100.32,20150113,1,0,서울특별시 동대문구 제기동 989-13번지
11230,10300,0,0989,0015,,,일반건축물,단독주택,"주택, 근린생활시설",0,0,59.31,19600910,1,0,서울특별시 동대문구 제기동 989-15번지
11230,10300,0,0989,0016,,,일반건축물,단독주택,주택,0,0,43.04,19581025,1,0,서울특별시 동대문구 제기동 989-16번지
11230,10300,0,0989,0017,,,일반건축물,제1종근린생활시설,제1종근린생활시설,73,30.64,30.64,19601010,1,0,서울특별시 동대문구 제기동 989-17번지
11230,10300,0,0989,0020,,,일반건축물,단독주택,주택,0,0,57.85,,1,0,서울특별시 동대문구 제기동 989-20번지
11230,10300,0,0989,0021,,,일반건축물,단독주택,"주택, 제2종근린생활시설",132.7,61.16,61.16,,1,0,서울특별시 동대문구 제기동 989-21번지
11230,10300,0,0989,0023,,,일반건축물,제1종근린생활시설,제1종근린생활시설(소매점) 외1,113.04,67.26,287.33,19930113,3,1,서울특별시 동대문구 제기동 989-23번지
11230,10300,0,0990,0000,,,일반건축물,제1종근린생활시설,제1종근린생활시설외 1,112.55,70.41,160.32,19770901,2,1,서울특별시 동대문구 제기동 990번지
11230,10300,0,0990,0001,,,일반건축물,단독주택,주택,0,0,69.45,19591005,1,0,서울특별시 동대문구 제기동 990-1번지
11230,10300,0,0990,0002,,,일반건축물,제1종근린생활시설,"주택, 근린생활시설",0,0,66.54,19600830,1,0,서울특별시 동대문구 제기동 990-2번지
11230,10300,0,0990,0003,,,일반건축물,단독주택,단독주택,71.96,71.04,71.04,19590530,1,0,서울특별시 동대문구 제기동 990-3번지
11230,10300,0,0990,0004,,,일반건축물,단독주택,"주택, 근린생활시설",0,0,66.25,19591001,1,0,서울특별시 동대문구 제기동 990-4번지
11230,10300,0,0990,0005,,,일반건축물,창고시설,창고시설외1,0,0,71.57,19601030,1,0,서울특별시 동대문구 제기동 990-5번지
11230,10300,0,0990,0006,,,일반건축물,제1종근린생활시설,근린생활시설,0,0,86.65,19610305,1,0,서울특별시 동대문구 제기동 990-6번지
11230,10300,0,0990,0008,,,일반건축물,제1종근린생활시설,제1종근린생활시설(소매점),0,0,67.43,19591001,1,0,서울특별시 동대문구 제기동 990-8번지
11230,10300,0,0990,0009,,,일반건축물,제1종근린생활시설,제1종근린생활시설,65.41,0,66.25,19591001,1,0,서울특별시 동대문구 제기동 990-9번지
11230,10300,0,0990,0010,,,일반건축물,제1종근린생활시설,소매점,117.7,68.76,68.76,19580630,1,0,서울특별시 동대문구 제기동 990-10번지
11230,10300,0,0990,0017,,,일반건축물,제1종근린생활시설,"소매점,점포",118.9,0,77.93,19830812,1,0,서울특별시 동대문구 제기동 990-17번지
11230,10300,0,0990,0018,,,일반건축물,제1종근린생활시설,근린생활시설,138.84,0,63.9,19841107,1,0,서울특별시 동대문구 제기동 990-18번지
11230,10300,0,0990,0019,,,일반건축물,제1종근린생활시설,근린생활시설,0,0,56.56,19600805,1,0,서울특별시 동대문구 제기동 990-19번지
11230,10300,0,0990,0020,,,일반건축물,단독주택,"주택, 근린생활시설",0,0,57.22,19600930,1,0,서울특별시 동대문구 제기동 990-20번지
11230,10300,0,0990,0021,,,일반건축물,단독주택,"주택, 근린생활시설",0,0,57.06,19591005,1,0,서울특별시 동대문구 제기동 990-21번지
11230,10300,0,0990,0022,,,일반건축물,제1종근린생활시설,"주택, 근린생활시설",0,0,59.5,19601001,1,0,서울특별시 동대문구 제기동 990-22번지
11230,10300,0,0990,0023,,,일반건축물,제1종근린생활시설,제1종근린생활시설,0,0,82.48,19600510,1,0,서울특별시 동대문구 제기동 990-23번지
11230,10300,0,0990,0024,,,일반건축물,제1종근린생활시설,"주택, 근린생활시설",0,0,58.94,19600710,1,0,서울특별시 동대문구 제기동 990-24번지
11230,10300,0,0990,0025,,,일반건축물,제1종근린생활시설,제1종근린생활시설,0,0,66.12,19591030,1,0,서울특별시 동대문구 제기동 990-25번지
11230,10300,0,0990,0026,,,일반건축물,제1종근린생활시설,근린생활시설,0,0,63.14,19591005,1,0,서울특별시 동대문구 제기동 990-26번지
11230,10300,0,0990,0028,,,일반건축물,제1종근린생활시설,점포,0,0,424.55,19730627,1,1,서울특별시 동대문구 제기동 990-28번지
11230,10300,0,0990,0030,,,일반건축물,제1종근린생활시설,점포,0,0,356.61,19730627,1,0,서울특별시 동대문구 제기동 990-30번지
11230,10300,0,0992,0000,,,일반건축물,단독주택,주택,0,0,63.08,19590830,1,0,서울특별시 동대문구 제기동 992번지
11230,10300,0,0992,0000,,,일반건축물,단독주택,주택,0,0,34.71,19591231,1,0,서울특별시 동대문구 제기동 992번지
11230,10300,0,0992,0000,,,일반건축물,제1종근린생활시설,근린생활시설(점포),0,0,36.89,19590915,1,0,서울특별시 동대문구 제기동 992번지
11230,10300,0,0992,0000,,,일반건축물,단독주택,주택,0,0,57.85,19591001,1,0,서울특별시 동대문구 제기동 992번지
11230,10300,0,0992,0000,,,일반건축물,단독주택,주택,0,0,89.09,19660510,1,1,서울특별시 동대문구 제기동 992번지
11230,10300,0,0992,0000,,,일반건축물,단독주택,주택,0,0,57.85,19590904,1,0,서울특별시 동대문구 제기동 992번지
11230,10300,0,0992,0000,,,일반건축물,단독주택,주택,0,0,69.49,19610721,1,0,서울특별시 동대문구 제기동 992번지
11230,10300,0,0992,0000,,,일반건축물,단독주택,주택,0,0,66.12,,1,0,서울특별시 동대문구 제기동 992번지
11230,10300,0,0992,0000,,,일반건축물,제2종근린생활시설,제2종근린생활시설 외 2,124.4,62.04,365.3,19920616,5,1,서울특별시 동대문구 제기동 992번지
11230,10300,0,0992,0000,,,일반건축물,단독주택,주택,0,0,38.55,19590301,1,0,서울특별시 동대문구 제기동 992번지
11230,10300,0,0992,0000,,,일반건축물,단독주택,주택,0,0,42.98,19580508,1,0,서울특별시 동대문구 제기동 992번지
11230,10300,0,0992,0001,,,일반건축물,제1종근린생활시설,"근린생활시설, 주택",125.2,62.16,299.16,19920616,4,1,서울특별시 동대문구 제기동 992-1번지
11230,10300,0,0992,0002,,,일반건축물,단독주택,"근린생활시설, 주택",126.6,61.69,296.53,19920316,4,1,서울특별시 동대문구 제기동 992-2번지
11230,10300,0,0992,0003,,,일반건축물,제1종근린생활시설,"주택, 근린생활시설",0,0,329.58,19821028,3,1,서울특별시 동대문구 제기동 992-3번지
11230,10300,0,0992,0004,,,일반건축물,단독주택,"근린생활시설, 주택",103.56,61.02,246,19920731,3,1,서울특별시 동대문구 제기동 992-4번지
11230,10300,0,0992,0005,,,일반건축물,제1종근린생활시설,"근린생활시설, 주택",201.47,119,478.3,19920122,3,1,서울특별시 동대문구 제기동 992-5번지
11230,10300,0,0992,0006,,,일반건축물,제1종근린생활시설,제1종근린생활시설,70.4,33.06,33.06,19591010,1,0,서울특별시 동대문구 제기동 992-6번지
11230,10300,0,0992,0008,,,일반건축물,제1종근린생활시설,근린생활시설,0,0,57.85,,1,0,서울특별시 동대문구 제기동 992-8번지
11230,10300,0,0992,0009,,,일반건축물,제1종근린생활시설,제1종근린생활시설 외 1,104.72,0,194.29,19930114,3,1,서울특별시 동대문구 제기동 992-9번지
11230,10300,0,0992,0010,,,일반건축물,단독주택,"근린생활시설, 주택",104.33,190.8,194.29,19921223,3,1,서울특별시 동대문구 제기동 992-10번지
11230,10300,0,0992,0011,,,일반건축물,제1종근린생활시설,"근린생활시설, 주택",104.33,0,194.29,19930115,3,1,서울특별시 동대문구 제기동 992-11번지
11230,10300,0,0992,0012,,,일반건축물,제1종근린생활시설,"근린생활시설, 주택",92.5,46.05,185.61,19920616,3,1,서울특별시 동대문구 제기동 992-12번지
11230,10300,0,0992,0013,,,일반건축물,제1종근린생활시설,"근린생활시설, 주택",59.2,32.76,105.39,19920420,2,1,서울특별시 동대문구 제기동 992-13번지
11230,10300,0,0992,0014,,,일반건축물,단독주택,"근린생활시설, 주택",68.825,40.2,127.29,19920519,2,1,서울특별시 동대문구 제기동 992-14번지
11230,10300,0,0992,0015,,,일반건축물,제1종근린생활시설,"근린생활시설, 주택",68.025,40.2,127.29,19920518,2,1,서울특별시 동대문구 제기동 992-15번지
11230,10300,0,0992,0016,,,일반건축물,제1종근린생활시설,"근린생활시설, 주택",139.9,67.8,361.7,19920227,4,1,서울특별시 동대문구 제기동 992-16번지
11230,10300,0,0992,0018,,,일반건축물,단독주택,"근린생활시설, 주택",97.34,48.45,290.7,19931129,5,1,서울특별시 동대문구 제기동 992-18번지
11230,10300,0,0992,0019,,,일반건축물,제1종근린생활시설,"근린생활시설, 주택",0,0,54.71,,1,0,서울특별시 동대문구 제기동 992-19번지
11230,10300,0,0992,0020,,,일반건축물,제2종근린생활시설,근린생활시설,0,0,57.85,,1,0,서울특별시 동대문구 제기동 992-20번지
11230,10300,0,0992,0021,,,일반건축물,제1종근린생활시설,근린생활시설,0,0,57.85,,1,0,서울특별시 동대문구 제기동 992-21번지
11230,10300,0,0992,0022,,,일반건축물,제2종근린생활시설,근린생활시설,0,0,55.34,19601005,1,0,서울특별시 동대문구 제기동 992-22번지
11230,10300,0,0992,0023,,,일반건축물,제1종근린생활시설,근린생활시설,0,0,34.71,,1,0,서울특별시 동대문구 제기동 992-23번지
11230,10300,0,0992,0024,,,일반건축물,단독주택,주택,0,0,34.71,19590720,1,0,서울특별시 동대문구 제기동 992-24번지
11230,10300,0,0992,0025,,,일반건축물,제1종근린생활시설,근린생활시설,72.1,34.71,34.71,,1,0,서울특별시 동대문구 제기동 992-25번지
11230,10300,0,0992,0026,,,일반건축물,제1종근린생활시설,"근린생활시설, 주택",70.73,40.92,133.07,19940713,3,1,서울특별시 동대문구 제기동 992-26번지
11230,10300,0,0992,0027,,,일반건축물,단독주택,"다가구주택,근린생활시설",67.1,40.02,197.34,19940902,4,1,서울특별시 동대문구 제기동 992-27번지
11230,10300,0,0992,0029,,,일반건축물,제1종근린생활시설,제1종근린생활시설외 1,102,98.4,98.4,,1,0,서울특별시 동대문구 제기동 992-29번지
11230,10300,0,0992,0030,,,일반건축물,제1종근린생활시설,"근린생활시설, 주택",108.65,65.17,242.87,19940726,3,1,서울특별시 동대문구 제기동 992-30번지
11230,10300,0,0992,0031,,,일반건축물,제1종근린생활시설,제1종근린생활시설,108.9,57.85,57.85,,1,0,서울특별시 동대문구 제기동 992-31번지
11230,10300,0,0992,0032,,,일반건축물,제1종근린생활시설,제1종근린생활시설(소매점),107.5,59.21,59.21,19591015,1,0,서울특별시 동대문구 제기동 992-32번지
11230,10300,0,0992,0033,,,일반건축물,제1종근린생활시설,근린생활시설,93,52.43,52.43,19590810,1,0,서울특별시 동대문구 제기동 992-33번지
11230,10300,0,0992,0034,,,일반건축물,제1종근린생활시설,"주택, 근린생활시설",0,0,208.53,19821020,3,1,서울특별시 동대문구 제기동 992-34번지
11230,10300,0,0992,0035,,,일반건축물,제1종근린생활시설,"주택, 근린생활시설",0,0,163.8,19821020,3,1,서울특별시 동대문구 제기동 992-35번지
11230,10300,0,0992,0036,,,일반건축물,제1종근린생활시설,"주택, 근린생활시설",0,0,158.52,19821020,3,1,서울특별시 동대문구 제기동 992-36번지
11230,10300,0,0992,0037,,,일반건축물,제1종근린생활시설,"근린생활시설, 주택",0,0,199.06,19820910,3,1,서울특별시 동대문구 제기동 992-37번지
11230,10300,0,0993,0000,,,일반건축물,제1종근린생활시설,제1종근린생활시설외 1,108.9,81.49,81.49,19610510,1,0,서울특별시 동대문구 제기동 993번지
11230,10300,0,0993,0001,,,일반건축물,단독주택,주택,0,0,76.36,19610225,1,0,서울특별시 동대문구 제기동 993-1번지
11230,10300,0,0993,0004,,,일반건축물,단독주택,주택,0,0,54.98,19610203,1,0,서울특별시 동대문구 제기동 993-4번지
11230,10300,0,0993,0005,,,일반건축물,제1종근린생활시설,근린생활시설,0,0,65.12,19610410,1,0,서울특별시 동대문구 제기동 993-5번지
11230,10300,0,0993,0007,,,일반건축물,제1종근린생활시설,근린생활시설,0,0,62.18,19601110,1,0,서울특별시 동대문구 제기동 993-7번지
11230,10300,0,0993,0011,,,일반건축물,단독주택,"주택, 근린생활시설",0,0,80.76,19600301,1,0,서울특별시 동대문구 제기동 993-11번지
11230,10300,0,0993,0013,,,일반건축물,제1종근린생활시설,근린생활시설,0,0,84.14,19611001,1,0,서울특별시 동대문구 제기동 993-13번지
11230,10300,0,0993,0014,,,일반건축물,단독주택,주택,0,0,96.96,19591001,1,0,서울특별시 동대문구 제기동 993-14번지
11230,10300,0,0993,0016,,,일반건축물,제2종근린생활시설,"근린생활시설, 주택",0,0,95.21,19610410,1,0,서울특별시 동대문구 제기동 993-16번지
11230,10300,0,0993,0017,,,일반건축물,제1종근린생활시설,근린생활시설,0,0,99.21,19610301,1,0,서울특별시 동대문구 제기동 993-17번지
11230,10300,0,0995,0003,,,일반건축물,제2종근린생활시설,제2종근린생활시설,0,0,75.64,19610305,1,0,서울특별시 동대문구 제기동 995-3번지
11230,10300,0,0995,0006,,,일반건축물,단독주택,주택,0,0,88.43,19601001,1,0,서울특별시 동대문구 제기동 995-6번지
11230,10300,0,0995,0007,,,일반건축물,제1종근린생활시설,근린생활시설,128.05,95.78,95.78,19591001,1,0,서울특별시 동대문구 제기동 995-7번지
11230,10300,0,0995,0009,,,일반건축물,제1종근린생활시설,근린생활시설,0,0,81.65,19600310,1,0,서울특별시 동대문구 제기동 995-9번지
11230,10300,0,0995,0010,,,일반건축물,제2종근린생활시설,제2종근린생활시설외 1,0,0,79.14,19591001,1,0,서울특별시 동대문구 제기동 995-10번지
11230,10300,0,0996,0000,,,표제부,제1종근린생활시설,"근린생활시설, 사무실, 점포,주택",0,0,1405.39,19800828,3,1,서울특별시 동대문구 제기동 996번지
11230,10300,0,0997,0000,,,일반건축물,제1종근린생활시설,"제1종근린생활시설, 주택",0,0,178.51,19601010,2,0,서울특별시 동대문구 제기동 997번지
11230,10300,0,0997,0001,,,일반건축물,제2종근린생활시설,"창고시설,제2종근린생활시설",943.4,649.76,1136.8,19600810,2,0,서울특별시 동대문구 제기동 997-1번지
11230,10300,0,1000,0000,,,일반건축물,제1종근린생활시설,"근린생활시설, 주택",0,0,132.23,19490727,2,0,서울특별시 동대문구 제기동 1000번지
11230,10300,0,1000,0000,,,일반건축물,단독주택,주택,0,0,81.66,19651125,2,0,서울특별시 동대문구 제기동 1000번지
11230,10300,0,1004,0000,,,일반건축물,제2종근린생활시설,제2종근린생활시설,0,0,258.52,19560720,2,0,서울특별시 동대문구 제기동 1004번지
11230,10300,0,1005,0000,,,일반건축물,제1종근린생활시설,근린생활시설 외1,443.9,309.39,808.5,19980422,3,1,서울특별시 동대문구 제기동 1005번지
11230,10300,0,1010,0000,,,일반건축물,제1종근린생활시설,제1종근린생활시설,0,0,149.99,19500420,2,0,서울특별시 동대문구 제기동 1010번지
11230,10300,0,1011,0000,,,일반건축물,단독주택,"주택, 점포",0,0,83.64,19511101,2,0,서울특별시 동대문구 제기동 1011번지
11230,10300,0,1011,0000,,,일반건축물,단독주택,주택,0,0,158.67,19660422,3,0,서울특별시 동대문구 제기동 1011번지
11230,10300,0,1012,0000,,,일반건축물,제1종근린생활시설,"근린생활시설, 판매시설",434.1,209.79,1195.59,19821020,5,1,서울특별시 동대문구 제기동 1012번지
11230,10300,0,1013,0000,,,일반건축물,제2종근린생활시설,근린생활시설외 1,0,0,194.91,19810127,3,1,서울특별시 동대문구 제기동 1013번지
11230,10300,0,1015,0000,경동시장,,표제부,자동차관련시설,교육연구시설 외4,1863.6,894.24,8301.98,19850518,6,3,서울특별시 동대문구 제기동 1015번지
11230,10300,0,1016,0000,,,일반건축물,제2종근린생활시설,제2종근린생활시설 외1,1113.8,0,4397.51,19841217,8,1,서울특별시 동대문구 제기동 1016번지
11230,10300,0,1017,0000,,,일반건축물,제2종근린생활시설,근린생활시설,681.1,319.11,1301.16,19800607,4,1,서울특별시 동대문구 제기동 1017번지
11230,10300,0,1019,0000,,,일반건축물,판매시설,소매시장,5014.4,0,15208.91,19830702,3,2,서울특별시 동대문구 제기동 1019번지
11230,10300,0,1023,0000,,,일반건축물,제1종근린생활시설,근린생활시설,0,0,112.7,19590410,0,0,서울특별시 동대문구 제기동 1023번지
11230,10300,0,1024,0000,,,일반건축물,제1종근린생활시설,소매점,0,0,93.26,19631210,1,0,서울특별시 동대문구 제기동 1024번지
11230,10300,0,1025,0000,,,일반건축물,제1종근린생활시설,근린생활시설,0,0,83.07,19751007,1,0,서울특별시 동대문구 제기동 1025번지
11230,10300,0,1026,0000,,,일반건축물,제1종근린생활시설,제1종근린생활시설(소매점),0,0,105.85,19631212,1,0,서울특별시 동대문구 제기동 1026번지
11230,10300,0,1029,0001,,,표제부,제1종근린생활시설,"점포, 사무실 외1",0,0,595.04,19700610,2,0,서울특별시 동대문구 제기동 1029-1번지
11230,10300,0,1029,0003,,,일반건축물,제1종근린생활시설,점포,227.4,0,188.1,19840328,2,0,서울특별시 동대문구 제기동 1029-3번지
11230,10300,0,1030,0001,,,일반건축물,제1종근린생활시설,점포,0,0,213.99,19670815,3,1,서울특별시 동대문구 제기동 1030-1번지
11230,10300,0,1034,0000,,,일반건축물,제1종근린생활시설,"점포, 국수제조사무실, 근린생활시설, 작업소",0,0,1135.65,19691220,3,1,서울특별시 동대문구 제기동 1034번지
11230,10300,0,1036,0000,,,일반건축물,판매및영업시설,"영업, 교육연구시설, 극장, 근린생활시설(은행,부동산중개업), 시장",0,0,8028.3,19620630,4,0,서울특별시 동대문구 제기동 1036번지
11230,10300,0,1046,0001,,,표제부,제1종근린생활시설,제1종근린생활시설 외1,350.4,166.47,926.53,19870217,4,1,서울특별시 동대문구 제기동 1046-1번지
11230,10300,0,1046,0004,,,일반건축물,의료시설,"근린생활시설, 의료시설",1156.4,553.42,4912.75,19810305,8,2,서울특별시 동대문구 제기동 1046-4번지
11230,10300,0,1050,0000,오리진메디컬빌딩,,일반건축물,제1종근린생활시설,근린생활시설,1167.6,873.69,4315.99,19680923,5,1,서울특별시 동대문구 제기동 1050번지
11230,10300,0,1051,0001,,,일반건축물,제1종근린생활시설,"점포, 제1종근린생활시설,서무실",0,0,652.86,19590725,4,0,서울특별시 동대문구 제기동 1051-1번지
11230,10300,0,1052,0003,,,일반건축물,제1종근린생활시설,"사무실, 한의원",0,0,189.52,19590725,2,0,서울특별시 동대문구 제기동 1052-3번지
11230,10300,0,1054,0001,,,일반건축물,제1종근린생활시설,제1종근린생활시설외 3,1549.7,762.57,5829.9,19850406,5,2,서울특별시 동대문구 제기동 1054-1번지
11230,10300,0,1064,0001,,,일반건축물,근린생활시설,"근린생활시설(소매점), 한의원",0,0,79.34,19611020,1,0,서울특별시 동대문구 제기동 1064-1번지
11230,10300,0,1065,0000,,,일반건축물,업무시설,"근린생활시설, 사무실",0,0,1958.52,19600915,3,0,서울특별시 동대문구 제기동 1065번지
11230,10300,0,1067,0000,세우약령시빌딩,,일반건축물,제1종근린생활시설,근린생활시설,791.7,462.95,2633.7,19830620,5,1,서울특별시 동대문구 제기동 1067번지
11230,10300,0,1068,0000,,,일반건축물,제1종근린생활시설,근린생활시설,0,0,554.35,19900904,4,1,서울특별시 동대문구 제기동 1068번지
11230,10300,0,1069,0000,조운빌딩,,일반건축물,제2종근린생활시설,"근린생활시설, 단독주택",197.4,98.44,438.28,20181228,5,0,서울특별시 동대문구 제기동 1069번지
11230,10300,0,1070,0000,,,일반건축물,제1종근린생활시설,"근린생활시설, 주택",200,0,484.62,19901116,4,1,서울특별시 동대문구 제기동 1070번지
11230,10300,0,1071,0000,,,일반건축물,제2종근린생활시설,"점포, 근린생활시설, 사무실",0,0,1502.15,19861030,4,1,서울특별시 동대문구 제기동 1071번지
11230,10300,0,1077,0001,,,일반건축물,제1종근린생활시설,근린생활시설 외 1,616.95,305.6,1528,19840829,4,1,서울특별시 동대문구 제기동 1077-1번지
11230,10300,0,1077,0002,,,일반건축물,제2종근린생활시설,근린생활시설,287.6,168.75,789.75,19831220,4,1,서울특별시 동대문구 제기동 1077-2번지
11230,10300,0,1077,0003,,,일반건축물,제1종근린생활시설,제1종근린생활시설 외1,187.7,93.72,205.89,19611231,2,1,서울특별시 동대문구 제기동 1077-3번지
11230,10300,0,1080,0000,,,일반건축물,제1종근린생활시설,근린생활시설,0,0,61.22,19580303,1,0,서울특별시 동대문구 제기동 1080번지
11230,10300,0,1080,0001,,,일반건축물,제1종근린생활시설,근린생활시설,0,0,135.7,19651105,2,0,서울특별시 동대문구 제기동 1080-1번지
11230,10300,0,1082,0000,서울약령시 공영주차장 및 서울한방진흥센터,,일반건축물,문화및집회시설,"자동차관련시설, 문화및집회시설,근린생활시설",2789.5,1651.36,9703.27,20170829,3,3,서울특별시 동대문구 제기동 1082번지
11230,10300,0,1098,0002,,,일반건축물,제1종근린생활시설,점포,73.7,0,56.55,19840507,1,0,서울특별시 동대문구 제기동 1098-2번지
11230,10300,0,1098,0003,,,일반건축물,제1종근린생활시설,제1종근린생활시설,149.4,89.4,222.4,20030712,3,0,서울특별시 동대문구 제기동 1098-3번지
11230,10300,0,1100,0000,,,일반건축물,제1종근린생활시설,근린생활시설,0,0,47.6,19600205,1,0,서울특별시 동대문구 제기동 1100번지
11230,10300,0,1101,0000,,,일반건축물,제2종근린생활시설,제2종근린생활시설,0,0,52.89,19601010,1,0,서울특별시 동대문구 제기동 1101번지
11230,10300,0,1106,0000,,,일반건축물,제1종근린생활시설,근린생활시설,0,0,47.04,19760501,1,0,서울특별시 동대문구 제기동 1106번지
11230,10300,0,1107,0000,,,일반건축물,제1종근린생활시설,근린생활시설,0,0,38.74,19591015,1,0,서울특별시 동대문구 제기동 1107번지
11230,10300,0,1108,0000,,,일반건축물,제1종근린생활시설,근린생활시설,0,0,776.92,19800409,3,1,서울특별시 동대문구 제기동 1108번지
11230,10300,0,1109,0001,가동,,일반건축물,제1종근린생활시설,근린생활시설,0,0,543.44,19880817,4,1,서울특별시 동대문구 제기동 1109-1번지
11230,10300,0,1109,0001,나동,,일반건축물,제1종근린생활시설,근린생활시설,0,23.87,23.87,20020529,1,0,서울특별시 동대문구 제기동 1109-1번지
11230,10300,0,1109,0003,,,일반건축물,제2종근린생활시설,근린생활시설,0,0,68.1,19810226,1,0,서울특별시 동대문구 제기동 1109-3번지
11230,10300,0,1109,0004,,,일반건축물,제2종근린생활시설,제2종근린생활시설,0,0,71.7,19611005,1,0,서울특별시 동대문구 제기동 1109-4번지
11230,10300,0,1109,0006,,,일반건축물,제1종근린생활시설,"근린생활시설, 주택",220.89,0,609.48,19831118,4,1,서울특별시 동대문구 제기동 1109-6번지
11230,10300,0,1109,0006,,,일반건축물,제1종근린생활시설,근린생활시설,0,0,63.14,19610310,1,0,서울특별시 동대문구 제기동 1109-6번지
11230,10300,0,1109,0008,,,일반건축물,제1종근린생활시설,제1종근린생활시설 외2,90.32,0,259.87,19831230,4,1,서울특별시 동대문구 제기동 1109-8번지
11230,10300,0,1109,0009,,,일반건축물,제1종근린생활시설,근린생활시설 외1,100.65,0,299.29,19920327,4,1,서울특별시 동대문구 제기동 1109-9번지
11230,10300,0,1110,0000,,,일반건축물,창고시설,창고시설 외1,119.4,70,238.61,20150424,4,0,서울특별시 동대문구 제기동 1110번지
11230,10300,0,1110,0001,,,일반건축물,제1종근린생활시설,근린생활시설(소매점),0,0,76.83,19611005,1,0,서울특별시 동대문구 제기동 1110-1번지
11230,10300,0,1112,0002,,,일반건축물,제1종근린생활시설,근린생활시설,0,0,115.3,19850629,1,0,서울특별시 동대문구 제기동 1112-2번지
11230,10300,0,1112,0011,,,일반건축물,제1종근린생활시설,근린생활시설,122.22,0,299.22,19831118,4,1,서울특별시 동대문구 제기동 1112-11번지
11230,10300,0,1115,0001,,,일반건축물,제2종근린생활시설,근린생활시설,230.4,120.76,627.28,19901219,5,1,서울특별시 동대문구 제기동 1115-1번지
11230,10300,0,1115,0003,,,일반건축물,제1종근린생활시설,근린생활시설,156.18,78,474.18,19880908,5,1,서울특별시 동대문구 제기동 1115-3번지
11230,10300,0,1115,0006,,,일반건축물,제2종근린생활시설,제2종근린생활시설 외 1,82.93,41.04,255.04,19910907,5,1,서울특별시 동대문구 제기동 1115-6번지
11230,10300,0,1115,0007,,,일반건축물,제1종근린생활시설,근린생활시설,83.06,41.3,145.16,19920709,2,1,서울특별시 동대문구 제기동 1115-7번지
11230,10300,0,1115,0008,,,일반건축물,제1종근린생활시설,"근린생활시설, 다가구주택",110.7,0,299.17,19920903,4,1,서울특별시 동대문구 제기동 1115-8번지
11230,10300,0,1115,0009,,,일반건축물,제1종근린생활시설,"근린생활시설, 주택",112.78,55.61,229.08,19920720,3,1,서울특별시 동대문구 제기동 1115-9번지
11230,10300,0,1115,0012,,,일반건축물,제1종근린생활시설,근린생활시설,237.42,119.34,780.99,19941129,6,1,서울특별시 동대문구 제기동 1115-12번지
11230,10300,0,1115,0014,,,일반건축물,제1종근린생활시설,"근린생활시설, 주택",123.71,60.82,322.1,19910731,4,1,서울특별시 동대문구 제기동 1115-14번지
11230,10300,0,1115,0015,,,일반건축물,제1종근린생활시설,근린생활시설,0,0,421.3,19811014,4,1,서울특별시 동대문구 제기동 1115-15번지
11230,10300,0,1115,0016,,,일반건축물,제1종근린생활시설,제1종근린생활시설 외1,0,0,553.58,19760813,3,1,서울특별시 동대문구 제기동 1115-16번지
11230,10300,0,1118,0000,,,일반건축물,제2종근린생활시설,"근린생활시설, 주택",270.6,133.86,613.29,19920729,4,1,서울특별시 동대문구 제기동 1118번지
11230,10300,0,1118,0001,,,일반건축물,제1종근린생활시설,근린생활시설,147.3,72.67,323.41,19830711,3,1,서울특별시 동대문구 제기동 1118-1번지
11230,10300,0,1119,0002,,,일반건축물,제1종근린생활시설,근린생활시설,51.2,0,46.79,19840116,1,0,서울특별시 동대문구 제기동 1119-2번지
11230,10300,0,1120,0001,,,일반건축물,제1종근린생활시설,근린생활시설,0,0,45.69,19601016,1,0,서울특별시 동대문구 제기동 1120-1번지
11230,10300,0,1120,0002,다동,,일반건축물,제1종근린생활시설,근린생활시설,0,0,48,19601016,1,0,서울특별시 동대문구 제기동 1120-2번지
11230,10300,0,1120,0002,나동,,일반건축물,제1종근린생활시설,근린생활시설,0,68.16,68.16,20020527,1,0,서울특별시 동대문구 제기동 1120-2번지
11230,10300,0,1120,0003,,,일반건축물,제2종근린생활시설,제2종근린생활시설(일반음식점),0,0,41.62,19601016,1,0,서울특별시 동대문구 제기동 1120-3번지
11230,10300,0,1121,0000,,,일반건축물,제1종근린생활시설,제1종근린생활시설,0,0,49.59,,1,0,서울특별시 동대문구 제기동 1121번지
11230,10300,0,1121,0000,,,일반건축물,제2종근린생활시설,제2종근린생활시설,0,0,52.26,19580527,1,0,서울특별시 동대문구 제기동 1121번지
11230,10300,0,1121,0000,,,일반건축물,제2종근린생활시설,제2종근린생활시설 외3,0,0,937.52,19800806,4,1,서울특별시 동대문구 제기동 1121번지
11230,10300,0,1121,0000,,,일반건축물,단독주택,주택,0,0,23.7,19580521,1,0,서울특별시 동대문구 제기동 1121번지
11230,10300,0,1123,0001,,,일반건축물,제1종근린생활시설,"주택, 점포",0,0,252.34,19690601,3,1,서울특별시 동대문구 제기동 1123-1번지
11230,10300,0,1123,0002,제기동 1123-2 제2종근린생활시설 (김형철),,일반건축물,제2종근린생활시설,"소매점, 제조업",125.3,75.07,228.69,19720904,3,1,서울특별시 동대문구 제기동 1123-2번지
11230,10300,0,1124,0000,,,일반건축물,제1종근린생활시설,"근린생활시설, 주택",0,0,50.41,19591030,1,0,서울특별시 동대문구 제기동 1124번지
11230,10300,0,1124,0001,,,일반건축물,제1종근린생활시설,근린생활시설,0,0,68.34,19590801,1,0,서울특별시 동대문구 제기동 1124-1번지
11230,10300,0,1124,0003,,,일반건축물,제2종근린생활시설,근린생활시설,0,0,50.31,19570525,1,0,서울특별시 동대문구 제기동 1124-3번지
11230,10300,0,1124,0004,,,일반건축물,제1종근린생활시설,근린생활시설,0,0,49.59,,1,0,서울특별시 동대문구 제기동 1124-4번지
11230,10300,0,1124,0005,,,일반건축물,제1종근린생활시설,근린생활시설,0,0,48.43,19600520,1,0,서울특별시 동대문구 제기동 1124-5번지
11230,10300,0,1124,0005,가동,,일반건축물,제1종근린생활시설,근린생활시설,0,268.22,637.79,19990902,4,1,서울특별시 동대문구 제기동 1124-5번지
11230,10300,0,1124,0006,,,일반건축물,제1종근린생활시설,근린생활시설,0,0,48.66,19600415,1,0,서울특별시 동대문구 제기동 1124-6번지
11230,10300,0,1125,0000,,,일반건축물,제2종근린생활시설,근린생활시설,0,0,52.3,19591105,1,0,서울특별시 동대문구 제기동 1125번지
11230,10300,0,1125,0001,,,일반건축물,단독주택,주택,0,0,51.34,19600810,1,0,서울특별시 동대문구 제기동 1125-1번지
11230,10300,0,1125,0002,,,일반건축물,제1종근린생활시설,"근린생활시설, 주택",0,0,47.8,19580601,1,0,서울특별시 동대문구 제기동 1125-2번지
11230,10300,0,1125,0004,,,일반건축물,제1종근린생활시설,근린생활시설,0,0,66.78,19600805,1,0,서울특별시 동대문구 제기동 1125-4번지
11230,10300,0,1125,0005,,,일반건축물,제2종근린생활시설,제1종근린생활시설,0,0,65.65,19600810,1,0,서울특별시 동대문구 제기동 1125-5번지
11230,10300,0,1125,0006,,,일반건축물,제1종근린생활시설,근린생활시설,0,0,58.51,19610910,1,0,서울특별시 동대문구 제기동 1125-6번지
11230,10300,0,1125,0007,,,일반건축물,제2종근린생활시설,제2종근린생활시설,0,0,64.4,19591010,1,0,서울특별시 동대문구 제기동 1125-7번지
11230,10300,0,1126,0002,,,일반건축물,제1종근린생활시설,"근린생활시설,제2종근린생활시설",0,0,299.06,19680122,3,1,서울특별시 동대문구 제기동 1126-2번지
11230,10300,0,1126,0005,,,일반건축물,제1종근린생활시설,"근린생활시설, 사무실",270.67,0,622.2,19830917,4,1,서울특별시 동대문구 제기동 1126-5번지
11230,10300,0,1126,0007,,,일반건축물,제1종근린생활시설,근린생활시설,0,0,502.65,19671216,4,0,서울특별시 동대문구 제기동 1126-7번지
11230,10300,0,1126,0009,,,표제부,제1종근린생활시설,근린생활시설,0,0,198.6,19730829,2,0,서울특별시 동대문구 제기동 1126-9번지
11230,10300,0,1129,0000,,,일반건축물,제1종근린생활시설,점포,0,0,56.2,19730316,1,0,서울특별시 동대문구 제기동 1129번지
11230,10300,0,1129,0000,,,일반건축물,제1종근린생활시설,제1종근린생활시설 외1,0,0,651.15,19810625,3,1,서울특별시 동대문구 제기동 1129번지
11230,10300,0,1130,0000,,,일반건축물,제1종근린생활시설,근린생활시설,0,0,417.19,19660906,1,0,서울특별시 동대문구 제기동 1130번지
11230,10300,0,1131,0000,,,일반건축물,제2종근린생활시설,근린생활시설,555,293.92,1378.56,19761004,4,1,서울특별시 동대문구 제기동 1131번지
11230,10300,0,1131,0001,,,일반건축물,제1종근린생활시설,"점포,근린생활시설,주택",281.6,184.49,763.4,19711114,4,1,서울특별시 동대문구 제기동 1131-1번지
11230,10300,0,1132,0000,경동유니온빌딩,,일반건축물,업무시설,"업무시설, 근린생활시설",732.6,438.55,8764.05,20001201,15,5,서울특별시 동대문구 제기동 1132번지
11230,10300,0,1134,0000,,,일반건축물,제2종근린생활시설,"근린생활시설, 업무시설",0,0,2114.2,19881230,6,1,서울특별시 동대문구 제기동 1134번지
11230,10300,0,1138,0000,정우빌딩,,일반건축물,제1종근린생활시설,근린생활시설,833,354.61,2139.3,19830910,5,1,서울특별시 동대문구 제기동 1138번지
11230,10300,0,1139,0000,,,일반건축물,제1종근린생활시설,점포,0,0,147.97,19651207,2,1,서울특별시 동대문구 제기동 1139번지
11230,10300,0,1140,0001,,,일반건축물,제1종근린생활시설,근린생활시설,123.61,61.8,299.46,19930831,4,1,서울특별시 동대문구 제기동 1140-1번지
11230,10300,0,1140,0002,,,일반건축물,단독주택,주택,0,0,209.5,19670720,2,1,서울특별시 동대문구 제기동 1140-2번지
11230,10300,0,1140,0003,,,일반건축물,제1종근린생활시설,"주택, 근린생활시설",0,0,109.62,19680620,2,0,서울특별시 동대문구 제기동 1140-3번지
11230,10300,0,1140,0004,,,일반건축물,제2종근린생활시설,근린생활시설,0,0,995.73,19850712,3,1,서울특별시 동대문구 제기동 1140-4번지
11230,10300,0,1140,0005,불로장생타워,,표제부,판매시설,판매시설(상점)외4,1820.1,1088,21359.42,20070213,14,5,서울특별시 동대문구 제기동 1140-5번지
11230,10300,0,1140,0012,,,일반건축물,제1종근린생활시설,근린생활시설,0,0,130.64,19670710,2,0,서울특별시 동대문구 제기동 1140-12번지
11230,10300,0,1140,0015,,,일반건축물,제1종근린생활시설,근린생활시설,0,0,56.15,,1,0,서울특별시 동대문구 제기동 1140-15번지
11230,10300,0,1140,0016,,,일반건축물,창고시설,창고시설,104.3,62.1,186.3,20180313,3,0,서울특별시 동대문구 제기동 1140-16번지
11230,10300,0,1140,0017,,,일반건축물,제1종근린생활시설,"근린생활시설, 주택",226.75,112.26,755.36,19930311,6,1,서울특별시 동대문구 제기동 1140-17번지
11230,10300,0,1140,0019,,,일반건축물,제1종근린생활시설,근린생활시설,81.2,53.66,270.19,19941130,4,1,서울특별시 동대문구 제기동 1140-19번지
11230,10300,0,1140,0020,,,일반건축물,제1종근린생활시설,"근린생활시설, 다가구용단독주택",62.94,48.18,182.82,19941209,3,1,서울특별시 동대문구 제기동 1140-20번지
11230,10300,0,1140,0021,,,일반건축물,제1종근린생활시설,"근린생활시설, 단독주택",55.7,34.29,97.76,19941209,2,1,서울특별시 동대문구 제기동 1140-21번지
11230,10300,0,1140,0023,,,일반건축물,제1종근린생활시설,근린생활시설,0,0,441.05,19891219,4,1,서울특별시 동대문구 제기동 1140-23번지
11230,10300,0,1140,0025,,,일반건축물,제1종근린생활시설,근린생활시설,0,0,44.5,19590310,1,0,서울특별시 동대문구 제기동 1140-25번지
11230,10300,0,1140,0026,,,일반건축물,제1종근린생활시설,근린생활시설,0,0,57.82,19590310,1,0,서울특별시 동대문구 제기동 1140-26번지
11230,10300,0,1140,0028,,,일반건축물,제1종근린생활시설,근린생활시설,151,0,289.75,19841214,3,1,서울특별시 동대문구 제기동 1140-28번지
11230,10300,0,1140,0030,,,일반건축물,제1종근린생활시설,근린생활시설,69.4,39.27,134.97,20011109,4,0,서울특별시 동대문구 제기동 1140-30번지
11230,10300,0,1140,0031,,,일반건축물,제1종근린생활시설,근린생활시설,0,0,156.9,19820804,3,1,서울특별시 동대문구 제기동 1140-31번지
11230,10300,0,1140,0032,,,표제부,제1종근린생활시설,근린생활시설(점포),0,0,297.93,19801223,2,1,서울특별시 동대문구 제기동 1140-32번지
11230,10300,0,1140,0035,,,일반건축물,제1종근린생활시설,근린생활시설,112.1,0,89.45,19830812,1,0,서울특별시 동대문구 제기동 1140-35번지
11230,10300,0,1140,0036,현진빌딩,,일반건축물,제1종근린생활시설,"근린생활시설(점포), 업무시설(사무실)",736.5,370.02,1384.84,19760930,4,1,서울특별시 동대문구 제기동 1140-36번지
11230,10300,0,1140,0038,,,일반건축물,제1종근린생활시설,근린생활시설,0,0,122.64,19670530,2,1,서울특별시 동대문구 제기동 1140-38번지
11230,10300,0,1140,0039,,,일반건축물,제1종근린생활시설,근린생활시설,0,0,74.08,19661004,1,0,서울특별시 동대문구 제기동 1140-39번지
11230,10300,0,1140,0040,,,일반건축물,제1종근린생활시설,근린생활시설,0,0,133.44,19131225,1,0,서울특별시 동대문구 제기동 1140-40번지
11230,10300,0,1140,0041,,,일반건축물,제1종근린생활시설,근린생활시설,0,0,118.78,19761230,1,1,서울특별시 동대문구 제기동 1140-41번지
11230,10300,0,1140,0045,,,일반건축물,제1종근린생활시설,근린생활시설,0,0,62.81,19671005,1,0,서울특별시 동대문구 제기동 1140-45번지
11230,10300,0,1140,0046,,,일반건축물,단독주택,주택,29.8,0,25.96,19850629,1,0,서울특별시 동대문구 제기동 1140-46번지
11230,10300,0,1140,0049,,,일반건축물,제1종근린생활시설,제1종근린생활시설,44,0,27.53,19830812,1,0,서울특별시 동대문구 제기동 1140-49번지
11230,10300,0,1140,0050,,,일반건축물,제1종근린생활시설,근린생활시설(소매점),0,0,76.76,19601116,2,0,서울특별시 동대문구 제기동 1140-50번지
11230,10300,0,1140,0052,,,일반건축물,제1종근린생활시설,"주택, 근린생활시설",0,0,131.42,19730813,2,1,서울특별시 동대문구 제기동 1140-52번지
11230,10300,0,1140,0055,대산빌딩,,일반건축물,업무시설,업무시설 외 3,964.9,568.6,3463.74,19850716,6,1,서울특별시 동대문구 제기동 1140-55번지
11230,10300,0,1141,0002,,,일반건축물,단독주택,주택,0,0,79.07,19590721,1,0,서울특별시 동대문구 제기동 1141-2번지
11230,10300,0,1141,0003,,,일반건축물,단독주택,"단독주택, 단독주택",51.28,33.32,96.51,19980116,2,1,서울특별시 동대문구 제기동 1141-3번지
11230,10300,0,1141,0005,,,일반건축물,제1종근린생활시설,근린생활시설,58.73,49.68,75.57,19590820,2,0,서울특별시 동대문구 제기동 1141-5번지
11230,10300,0,1141,0008,,,일반건축물,단독주택,"근린생활시설, 주택",91.98,54.81,163.05,19920723,3,1,서울특별시 동대문구 제기동 1141-8번지
11230,10300,0,1141,0012,,,일반건축물,단독주택,주택,0,0,46.29,19850629,1,0,서울특별시 동대문구 제기동 1141-12번지
11230,10300,0,1141,0014,,,일반건축물,제1종근린생활시설,근린생활시설,68.32,31.17,31.17,19580506,1,0,서울특별시 동대문구 제기동 1141-14번지
11230,10300,0,1141,0016,,,일반건축물,제1종근린생활시설,제1종근린생활시설,102.5,0,22.5,19850629,1,0,서울특별시 동대문구 제기동 1141-16번지
11230,10300,0,1141,0016,,,일반건축물,제1종근린생활시설,제1종근린생활시설(사무소),102.5,0,26.19,19850629,1,0,서울특별시 동대문구 제기동 1141-16번지
11230,10300,0,1141,0017,,,일반건축물,단독주택,주택,49.6,0,31.76,19850629,1,0,서울특별시 동대문구 제기동 1141-17번지
11230,10300,0,1141,0018,,,일반건축물,단독주택,"주택,제2종근린생활시설",40.7,23.88,43.97,19850629,2,0,서울특별시 동대문구 제기동 1141-18번지
11230,10300,0,1141,0019,,,일반건축물,제2종근린생활시설,제2종근린생활시설,46.3,0,34.1,19850104,1,0,서울특별시 동대문구 제기동 1141-19번지
11230,10300,0,1141,0019,,,일반건축물,제2종근린생활시설,제2종근린생활시설,0,0,29.55,19581025,1,0,서울특별시 동대문구 제기동 1141-19번지
11230,10300,0,1141,0021,,,일반건축물,제2종근린생활시설,제2종근린생활시설외 1,0,0,356,19821231,3,1,서울특별시 동대문구 제기동 1141-21번지
11230,10300,0,1141,0025,,,일반건축물,제1종근린생활시설,제1종근린생활시설,28.8,17.54,17.54,19850629,1,0,서울특별시 동대문구 제기동 1141-25번지
11230,10300,0,1141,0029,,,일반건축물,제1종근린생활시설,근린생활시설,58.5,35.28,35.28,19850629,1,0,서울특별시 동대문구 제기동 1141-29번지
11230,10300,0,1141,0030,,,일반건축물,단독주택,단독주택,54,39.44,104.08,19970804,3,0,서울특별시 동대문구 제기동 1141-30번지
11230,10300,0,1141,0031,,,일반건축물,제1종근린생활시설,근린생활시설,0,35.37,35.37,,1,0,서울특별시 동대문구 제기동 1141-31번지
11230,10300,0,1141,0031,,,일반건축물,제1종근린생활시설,근린생활시설,0,49.42,49.42,19590421,1,0,서울특별시 동대문구 제기동 1141-31번지
11230,10300,0,1141,0033,,,일반건축물,제1종근린생활시설,제1종근린생활시설 외1,160.36,95.38,387.91,19970701,4,1,서울특별시 동대문구 제기동 1141-33번지
11230,10300,0,1141,0035,,,일반건축물,제1종근린생활시설,"근린생활시설, 주택",105.48,0,164.5,19910708,3,1,서울특별시 동대문구 제기동 1141-35번지
11230,10300,0,1141,0036,,,일반건축물,제1종근린생활시설,제1종근린생활시설,50.6,28.46,28.46,19850629,1,0,서울특별시 동대문구 제기동 1141-36번지
11230,10300,0,1141,0037,,,일반건축물,단독주택,주택,80.7,0,43.77,19850629,1,0,서울특별시 동대문구 제기동 1141-37번지
11230,10300,0,1141,0040,제기동 1141-40 제2종근린생활시설 (장성숙),,일반건축물,제2종근린생활시설,"제2종근린생활시설,주택",197.1,114.26,399.35,20120925,4,0,서울특별시 동대문구 제기동 1141-40번지
11230,10300,0,1141,0041,,,일반건축물,단독주택,"근린생활시설, 주택",128.35,0,166.95,19910711,3,1,서울특별시 동대문구 제기동 1141-41번지
11230,10300,0,1141,0042,,,일반건축물,제1종근린생활시설,"근린생활시설, 주택",146,0,299.47,19910730,3,1,서울특별시 동대문구 제기동 1141-42번지
11230,10300,0,1141,0045,,,일반건축물,제1종근린생활시설,근린생활시설,60.5,0,53.36,19830722,1,0,서울특별시 동대문구 제기동 1141-45번지
11230,10300,0,1141,0047,,,일반건축물,창고시설,창고시설,83.6,49.28,98.56,20170526,2,0,서울특별시 동대문구 제기동 1141-47번지
11230,10300,0,1141,0048,,,일반건축물,제1종근린생활시설,제1종근린생활시설(소매점),137.7,81.6,154.3,20130718,2,0,서울특별시 동대문구 제기동 1141-48번지
11230,10300,0,1141,0051,,,일반건축물,제1종근린생활시설,점포 외1,144.5,91.08,177.79,,2,0,서울특별시 동대문구 제기동 1141-51번지
11230,10300,0,1141,0052,,,일반건축물,제2종근린생활시설,근린생활시설,0,0,362.04,19621126,3,0,서울특별시 동대문구 제기동 1141-52번지
11230,10300,0,1141,0053,,,일반건축물,제1종근린생활시설,근린생활시설(소매점),0,0,45.29,19570910,1,0,서울특별시 동대문구 제기동 1141-53번지
11230,10300,0,1141,0054,,,일반건축물,제1종근린생활시설,근린생활시설,95.17,0,141.61,19840210,3,1,서울특별시 동대문구 제기동 1141-54번지
11230,10300,0,1141,0056,,,일반건축물,제1종근린생활시설,근린생활시설,0,0,49.95,19651112,1,0,서울특별시 동대문구 제기동 1141-56번지
11230,10300,0,1141,0059,,,일반건축물,제1종근린생활시설,근린생활시설외1,206,118.87,725.05,19921222,5,1,서울특별시 동대문구 제기동 1141-59번지
11230,10300,0,1142,0003,,,일반건축물,제2종근린생활시설,근린생활시설,307.72,164.54,791.79,19900709,4,1,서울특별시 동대문구 제기동 1142-3번지
11230,10300,0,1142,0004,로얄팰리스,,표제부,공동주택,공동주택,324,193.83,646.66,20220729,5,0,서울특별시 동대문구 제기동 1142-4번지
11230,10300,0,1142,0005,,,일반건축물,제2종근린생활시설,근린생활시설,324,267.57,1246.3,19691114,4,1,서울특별시 동대문구 제기동 1142-5번지
11230,10300,0,1142,0006,,,일반건축물,제1종근린생활시설,점포외 1,0,0,778.44,19681226,2,0,서울특별시 동대문구 제기동 1142-6번지
11230,10300,0,1142,0007,,,일반건축물,제2종근린생활시설,제2종근린생활시설,106,70.91,79.08,19681116,1,1,서울특별시 동대문구 제기동 1142-7번지
11230,10300,0,1142,0008,,,일반건축물,제2종근린생활시설,제2종근린생활시설외1,145,84.69,381.94,20041222,4,1,서울특별시 동대문구 제기동 1142-8번지
11230,10300,0,1142,0009,,,일반건축물,단독주택,주택,254,0,249.77,19830701,2,1,서울특별시 동대문구 제기동 1142-9번지
11230,10300,0,1142,0010,,,일반건축물,제2종근린생활시설,"제1종,제2종근린생활시설",361,216.43,896.14,20100309,4,1,서울특별시 동대문구 제기동 1142-10번지
11230,10300,0,1143,0022,,,표제부,공동주택,"근린생활시설, 다세대주택",246,161.32,772,19980817,5,0,서울특별시 동대문구 제기동 1143-22번지
11230,10300,0,1143,0023,더제이하우스,,표제부,공동주택,공동주택(다세대주택),206.55,123.05,398.71,20220104,5,0,서울특별시 동대문구 제기동 1143-23번지
11230,10300,0,1143,0024,,,일반건축물,단독주택,단독주택(다가구주택),176.79,104.12,246.52,19880309,2,1,서울특별시 동대문구 제기동 1143-24번지
11230,10300,0,1144,0001,,,일반건축물,제1종근린생활시설,"점포, 사무실",0,0,437.03,19850629,3,0,서울특별시 동대문구 제기동 1144-1번지
11230,10300,0,1144,0002,,,일반건축물,단독주택,"제2종근린생활시설,주택",70,53.68,128.8,19850629,3,0,서울특별시 동대문구 제기동 1144-2번지
11230,10300,0,1144,0002,,,일반건축물,단독주택,주택 외1,0,0,107.36,19850629,2,0,서울특별시 동대문구 제기동 1144-2번지
11230,10300,0,1144,0002,,,일반건축물,단독주택,주택,0,0,53.68,19850629,2,0,서울특별시 동대문구 제기동 1144-2번지
11230,10300,0,1144,0003,,,일반건축물,제2종근린생활시설,근린생활시설,118,66.89,133.78,19850629,2,0,서울특별시 동대문구 제기동 1144-3번지
11230,10300,0,1144,0009,,,일반건축물,단독주택,주택,0,0,127.12,19850629,2,0,서울특별시 동대문구 제기동 1144-9번지
11230,10300,0,1144,0010,,,일반건축물,단독주택,주택,0,0,53.68,19850629,2,0,서울특별시 동대문구 제기동 1144-10번지
11230,10300,0,1144,0010,,,일반건축물,단독주택,주택,0,0,53.68,19850629,2,0,서울특별시 동대문구 제기동 1144-10번지
11230,10300,0,1144,0020,,,일반건축물,단독주택,"주택, 점포",0,0,103.56,19850629,3,0,서울특별시 동대문구 제기동 1144-20번지
11230,10300,0,1144,0020,,,일반건축물,단독주택,주택,0,0,64.8,19850629,2,0,서울특별시 동대문구 제기동 1144-20번지
11230,10300,0,1144,0020,,,일반건축물,단독주택,"주택, 근린생활시설",0,0,81,19850629,2,0,서울특별시 동대문구 제기동 1144-20번지
11230,10300,0,1144,0020,,,표제부,공동주택,주택,0,0,219.06,19850629,3,0,서울특별시 동대문구 제기동 1144-20번지
11230,10300,0,1144,0036,,,일반건축물,단독주택,"주택, 점포",0,0,127.4,19850629,2,0,서울특별시 동대문구 제기동 1144-36번지
11230,10300,0,1144,0050,,,일반건축물,단독주택,주택,0,0,107.36,19850629,2,0,서울특별시 동대문구 제기동 1144-50번지
11230,10300,0,1144,0052,,,일반건축물,단독주택,주택,0,0,53.68,19850629,2,0,서울특별시 동대문구 제기동 1144-52번지
11230,10300,0,1144,0052,,,일반건축물,단독주택,주택,0,0,53.68,19850629,2,0,서울특별시 동대문구 제기동 1144-52번지
11230,10300,0,1144,0052,,,일반건축물,단독주택,주택,0,0,53.68,19850629,2,0,서울특별시 동대문구 제기동 1144-52번지
11230,10300,0,1144,0053,,,일반건축물,단독주택,"주택,근린생활",0,0,105.8,19850629,2,0,서울특별시 동대문구 제기동 1144-53번지
11230,10300,0,1144,0060,,,일반건축물,단독주택,"주택, 점포",0,0,86.88,19850629,3,0,서울특별시 동대문구 제기동 1144-60번지
11230,10300,0,1144,0060,,,일반건축물,단독주택,주택,0,0,81.09,19850629,3,0,서울특별시 동대문구 제기동 1144-60번지
11230,10300,0,1144,0061,,,일반건축물,단독주택,"주택, 점포",0,0,82.62,19850629,2,0,서울특별시 동대문구 제기동 1144-61번지
11230,10300,0,1144,0084,,,일반건축물,단독주택,다가구형 단독주택,28,23.43,66.3,20141219,3,0,서울특별시 동대문구 제기동 1144-84번지
11230,10300,0,1145,0001,,,일반건축물,단독주택,"주택, 점포",42,0,36.54,19850629,1,0,서울특별시 동대문구 제기동 1145-1번지
11230,10300,0,1145,0003,,,표제부,공동주택,다세대주택 외 2,239,142.56,727.85,20030919,6,0,서울특별시 동대문구 제기동 1145-3번지
11230,10300,0,1145,0008,,,일반건축물,단독주택,"주택, 점포",0,0,34.8,19850629,1,0,서울특별시 동대문구 제기동 1145-8번지
11230,10300,0,1145,0009,,,표제부,공동주택,"점포, 근린생활시설, 사무실, 주택",0,0,642.62,19810929,3,1,서울특별시 동대문구 제기동 1145-9번지
11230,10300,0,1145,0022,,,일반건축물,단독주택,"근린생활시설, 주택",279,138.85,673.73,19930924,4,1,서울특별시 동대문구 제기동 1145-22번지
11230,10300,0,1145,0022,,,일반건축물,창고시설,지하창고,0,0,23.37,19770614,0,1,서울특별시 동대문구 제기동 1145-22번지
11230,10300,0,1145,0028,,,일반건축물,단독주택,단독주택,43.13,32.47,32.47,20150116,1,0,서울특별시 동대문구 제기동 1145-28번지
11230,10300,0,1146,0008,,,일반건축물,단독주택,주택,0,0,51.04,19720327,1,1,서울특별시 동대문구 제기동 1146-8번지
11230,10300,0,1146,0009,,,일반건축물,제2종근린생활시설,사무소,66,46.65,38.78,20150113,1,0,서울특별시 동대문구 제기동 1146-9번지
11230,10300,0,1146,0010,,,일반건축물,단독주택,"근린생활시설, 다가구주택",208,122.74,466.12,20020924,4,0,서울특별시 동대문구 제기동 1146-10번지
11230,10300,0,1146,0013,,,일반건축물,단독주택,다가구주택,117.07,69.55,203.27,20040607,3,0,서울특별시 동대문구 제기동 1146-13번지
11230,10300,0,1146,0014,카사데메트로,,표제부,공동주택,다세대주택,314.38,185.35,554.88,20250617,5,0,서울특별시 동대문구 제기동 1146-14번지
11230,10300,0,1146,0016,,,일반건축물,단독주택,단독주택(다가구주택),165,121.59,262.45,19701030,2,1,서울특별시 동대문구 제기동 1146-16번지
11230,10300,0,1146,0017,,,일반건축물,단독주택,다가구주택,149,89.56,89.56,19710211,1,0,서울특별시 동대문구 제기동 1146-17번지
11230,10300,0,1146,0017,,,일반건축물,단독주택,주택,0,0,38.74,19680608,1,0,서울특별시 동대문구 제기동 1146-17번지
11230,10300,0,1147,0002,,,일반건축물,단독주택,주택,0,0,75.1,19680520,1,1,서울특별시 동대문구 제기동 1147-2번지
11230,10300,0,1147,0004,,,일반건축물,단독주택,"근린생활시설, 다가구주택(2가구)",122.91,73.29,335.55,19920706,4,1,서울특별시 동대문구 제기동 1147-4번지
11230,10300,0,1147,0006,,,일반건축물,단독주택,주택,119,64.4,73.92,19680520,1,1,서울특별시 동대문구 제기동 1147-6번지
11230,10300,0,1147,0007,,,일반건축물,단독주택,주택,0,0,47.9,19680520,1,1,서울특별시 동대문구 제기동 1147-7번지
11230,10300,0,1147,0008,,,일반건축물,단독주택,주택,0,0,77.55,19680520,1,1,서울특별시 동대문구 제기동 1147-8번지
11230,10300,0,1147,0009,,,일반건축물,단독주택,주택,0,0,70.44,19680520,1,1,서울특별시 동대문구 제기동 1147-9번지
11230,10300,0,1147,0013,,,표제부,공동주택,다세대주택,263.84,138.43,586.27,20040610,4,1,서울특별시 동대문구 제기동 1147-13번지
11230,10300,0,1147,0015,,,일반건축물,단독주택,주택,0,0,71.74,19661120,1,1,서울특별시 동대문구 제기동 1147-15번지
11230,10300,0,1147,0018,,,표제부,공동주택,공동주택(다세대주택),261,154.7,579.54,20050330,5,0,서울특별시 동대문구 제기동 1147-18번지
11230,10300,0,1147,0021,,,일반건축물,단독주택,다가구주택,183.33,109.64,329.65,20050720,4,0,서울특별시 동대문구 제기동 1147-21번지
11230,10300,0,1147,0023,,,일반건축물,단독주택,"다가구주택,제2종근린생활시설",227.4,135.22,454.37,20020830,4,0,서울특별시 동대문구 제기동 1147-23번지
11230,10300,0,1147,0028,제기1파출소,,일반건축물,제1종근린생활시설,파출소,0,0,129.8,19800910,2,1,서울특별시 동대문구 제기동 1147-28번지
11230,10300,0,1148,0005,,,일반건축물,제1종근린생활시설,점포,0,0,231.28,19670718,2,0,서울특별시 동대문구 제기동 1148-5번지
11230,10300,0,1148,0007,드림하우스,,표제부,공동주택,공동주택(다세대주택),261,156,527.7,20020305,4,1,서울특별시 동대문구 제기동 1148-7번지
11230,10300,0,1148,0008,,서울시 동대문구 제기동 1148블럭 8노트,일반건축물,단독주택,"다가구주택, 근린생활시설",264,157.61,576.3,20040406,4,0,서울특별시 동대문구 제기동 1148-8번지
11230,10300,0,1148,0009,,,일반건축물,제2종근린생활시설,"제2종근린생활시설, 다가구주택(2가구)",254,148,551.3,20011217,4,0,서울특별시 동대문구 제기동 1148-9번지
11230,10300,0,1148,0010,,,일반건축물,제2종근린생활시설,근린생활시설 외 1,456,272.43,1675.24,19980411,5,1,서울특별시 동대문구 제기동 1148-10번지
11230,10300,0,1148,0016,사인빌,,일반건축물,제2종근린생활시설,제2종근린생활시설,228,136.38,455.04,20110104,4,0,서울특별시 동대문구 제기동 1148-16번지
11230,10300,0,1148,0018,,,일반건축물,제1종근린생활시설,점포외 2,0,0,220.1,,2,0,서울특별시 동대문구 제기동 1148-18번지
11230,10300,0,1148,0019,,,일반건축물,단독주택,"단독주택(다가구주택),근린생활시설",241,123.36,636.48,20030925,5,1,서울특별시 동대문구 제기동 1148-19번지
11230,10300,0,1148,0021,,,일반건축물,제1종근린생활시설,"근린생활시설, 주택",241,143.07,575.93,19910723,3,1,서울특별시 동대문구 제기동 1148-21번지
11230,10300,0,1148,0022,천리교홍릉교회,,일반건축물,제2종근린생활시설,교회,254,143.48,336.68,20140722,3,0,서울특별시 동대문구 제기동 1148-22번지
11230,10300,0,1148,0023,,,일반건축물,제1종근린생활시설,"근린생활시설, 주택",241,0,535.36,19890911,3,1,서울특별시 동대문구 제기동 1148-23번지
11230,10300,0,1149,0002,,,일반건축물,단독주택,다가구주택(12가구) 외1,227.31,135.27,452.72,20150925,5,0,서울특별시 동대문구 제기동 1149-2번지
11230,10300,0,1149,0004,,,표제부,공동주택,공동주택(다세대주택),206.36,123.38,412.24,20011224,5,0,서울특별시 동대문구 제기동 1149-4번지
11230,10300,0,1149,0008,,,일반건축물,단독주택,주택,0,0,66.12,,1,0,서울특별시 동대문구 제기동 1149-8번지
11230,10300,0,1149,0010,로뎀,,표제부,공동주택,"도시형생활주택(다세대주택),제2종근린생활시설",304,163.59,514.92,20100916,4,0,서울특별시 동대문구 제기동 1149-10번지
11230,10300,0,1149,0012,,,표제부,공동주택,공동주택(도시형생활주택) 외1,273,144.32,580.28,20130605,4,1,서울특별시 동대문구 제기동 1149-12번지
11230,10300,0,1149,0013,,,일반건축물,제1종근린생활시설,"근린생활시설, 다가구주택(3가구)",235,116.44,478.24,19930904,3,1,서울특별시 동대문구 제기동 1149-13번지
11230,10300,0,1149,0014,,,일반건축물,단독주택,"2종근린생활시설, 주택",231,135.17,473.9,20000211,4,0,서울특별시 동대문구 제기동 1149-14번지
11230,10300,0,1149,0015,,,일반건축물,단독주택,주택,0,0,66.12,,1,0,서울특별시 동대문구 제기동 1149-15번지
11230,10300,0,1149,0016,,,일반건축물,제2종근린생활시설,근린생활시설,212,104.61,485.21,19840706,4,1,서울특별시 동대문구 제기동 1149-16번지
11230,10300,0,1151,0004,,,일반건축물,단독주택,"근린생활시설, 주택",142,70.94,353.11,19920429,4,1,서울특별시 동대문구 제기동 1151-4번지
11230,10300,0,1151,0008,정석빌딩,,일반건축물,제2종근린생활시설,"근린생활시설,단독주택",463,225.28,1562.56,20220211,8,2,서울특별시 동대문구 제기동 1151-8번지
11230,10300,0,1152,0004,,,일반건축물,제1종근린생활시설,근린생활시설 외1,264.46,0,487.86,19830810,3,1,서울특별시 동대문구 제기동 1152-4번지
11230,10300,0,1152,0005,,,일반건축물,제2종근린생활시설,"근린생활시설,주택",333,190.94,899.4,19990422,5,1,서울특별시 동대문구 제기동 1152-5번지
11230,10300,0,1152,0007,,,일반건축물,제2종근린생활시설,근린생활시설,0,0,740.86,19821113,3,1,서울특별시 동대문구 제기동 1152-7번지
11230,10300,0,1152,0009,,,일반건축물,제1종근린생활시설,근린생활시설,0,0,625.8,19811007,3,1,서울특별시 동대문구 제기동 1152-9번지
11230,10300,0,1152,0012,,,일반건축물,제2종근린생활시설,"점포,도서실,제2종근린생활시설",0,0,373.56,19721115,3,1,서울특별시 동대문구 제기동 1152-12번지
11230,10300,0,1152,0013,아이리스빌딩,,일반건축물,제2종근린생활시설,제2종근린생활시설외 2,325,160.58,853.32,20090710,6,0,서울특별시 동대문구 제기동 1152-13번지
11230,10300,0,1153,0009,,,일반건축물,제2종근린생활시설,제2종근린생활시설,0,0,8.36,19850629,1,0,서울특별시 동대문구 제기동 1153-9번지
11230,10300,0,1153,0010,라이온스파스텔,,표제부,업무시설,"업무시설(오피스텔,근린생활시설)",420.42,241.8,1661.15,20040331,7,1,서울특별시 동대문구 제기동 1153-10번지
11230,10300,0,1153,0016,재경포항학사,,일반건축물,공동주택,공동주택(기숙사) 외1,866,412,2720.88,20040820,7,1,서울특별시 동대문구 제기동 1153-16번지
11230,10300,0,1153,0025,,,일반건축물,제1종근린생활시설,근린생활시설,0,0,34.71,19561106,1,0,서울특별시 동대문구 제기동 1153-25번지
11230,10300,0,1153,0025,,,일반건축물,단독주택,"주택, 근린생활시설",0,0,152.6,19660805,2,1,서울특별시 동대문구 제기동 1153-25번지
11230,10300,0,1153,0028,,,일반건축물,제2종근린생활시설,제2종근린생활시설,0,0,27.77,19510601,1,0,서울특별시 동대문구 제기동 1153-28번지
11230,10300,0,1156,0000,,"1블럭1,3롯트",표제부,공동주택,다세대주택,237.7,141.73,571.96,20011217,5,0,서울특별시 동대문구 제기동 1156번지
11230,10300,0,1156,0001,,"1블럭4,6롯트",표제부,공동주택,다세대주택,202.8,134.34,534.84,20020531,5,0,서울특별시 동대문구 제기동 1156-1번지
11230,10300,0,1156,0002,도 원 아트빌,"1블럭8,10롯트",표제부,공동주택,다세대주택,218.2,150.88,535.6,20020104,5,0,서울특별시 동대문구 제기동 1156-2번지
11230,10300,0,1156,0003,도원아트빌,1블럭12롯트,표제부,공동주택,다세대주택,112.9,75.36,295.4,20010928,5,0,서울특별시 동대문구 제기동 1156-3번지
11230,10300,0,1156,0004,도 원 아트 빌,"1블럭9,11롯트",표제부,공동주택,다세대주택,194.9,130.2,528.48,20020810,5,0,서울특별시 동대문구 제기동 1156-4번지
11230,10300,0,1156,0005,도 원 아 트 빌,"1블럭5,7롯트",표제부,공동주택,다세대주택,228,159.06,635.76,20020810,5,0,서울특별시 동대문구 제기동 1156-5번지
11230,10300,0,1156,0006,,,일반건축물,단독주택,"다가구주택,제2종근린생활시설",170.9,86.5,341.68,20101202,5,0,서울특별시 동대문구 제기동 1156-6번지
11230,10300,0,1156,0007,도원 아트빌,"2블럭1,2롯트",표제부,공동주택,다세대주택,221.2,141.41,541.6,20020104,5,0,서울특별시 동대문구 제기동 1156-7번지
11230,10300,0,1156,0008,도원아트 빌,2블럭3롯트,표제부,공동주택,"공동주택, 제1종근린생활시설, 제2종근린생활시설",127.9,76.71,287.7,20020830,4,0,서울특별시 동대문구 제기동 1156-8번지
11230,10300,0,1156,0010,,2블럭4롯트,표제부,공동주택,"다세대주택, 근린생활시설",123.1,73.76,285.74,20020831,4,0,서울특별시 동대문구 제기동 1156-10번지
11230,10300,0,1156,0011,.....,2블럭 5롯트,표제부,공동주택,공동주택(다세대주택),220.4,151.84,603.44,20021119,5,0,서울특별시 동대문구 제기동 1156-11번지
11230,10300,0,1156,0012,경동빌라트,"3블럭1,2롯트",표제부,공동주택,공동주택(다세대주택),184.3,128.7,525.36,20030102,5,0,서울특별시 동대문구 제기동 1156-12번지
11230,10300,0,1156,0013,도원  아트빌,"3블럭4,6롯트",표제부,공동주택,공동주택(다세대주택),207.6,145.27,584.72,20020830,5,0,서울특별시 동대문구 제기동 1156-13번지
11230,10300,0,1156,0014,.,3블럭 5롯트,표제부,공동주택,다세대주택 외2,115.6,69.13,273.72,20020118,4,0,서울특별시 동대문구 제기동 1156-14번지
11230,10300,0,1156,0015,..,3블럭3롯트,표제부,공동주택,"다세대주택, 근린생활시설",122.3,71.44,285.76,20020417,4,0,서울특별시 동대문구 제기동 1156-15번지
11230,10300,0,1157,0000,종암초,,일반건축물,교육연구시설,교육연구시설,16434,2812.815,9122.09,19990609,4,1,서울특별시 동대문구 제기동 1157번지
11230,10300,0,1157,0002,,,일반건축물,단독주택,주택,263.96,0,322.42,19871119,2,1,서울특별시 동대문구 제기동 1157-2번지
11230,10300,0,1157,0003,,,일반건축물,단독주택,근린생활시설외 2,245,121.55,687.94,19911028,4,1,서울특별시 동대문구 제기동 1157-3번지
11230,10300,0,1158,0004,연안빌딩,,일반건축물,제2종근린생활시설,단독주택(다가구주택) 외 1,407,239.36,1109.98,20131217,5,1,서울특별시 동대문구 제기동 1158-4번지
11230,10300,0,1158,0005,푸른마을,,표제부,공동주택,연립주택,406,243.31,930.42,20021018,5,0,서울특별시 동대문구 제기동 1158-5번지
11230,10300,0,1158,0006,동성아파트,,표제부,공동주택,공동주택(아파트),407,184.04,1109.07,20050622,5,1,서울특별시 동대문구 제기동 1158-6번지
11230,10300,0,1158,0007,,,일반건축물,단독주택,단독주택 외1,215,124.3,286.51,19771011,3,1,서울특별시 동대문구 제기동 1158-7번지
11230,10300,0,1158,0008,,,표제부,공동주택,공동주택(다세대주택) 외2,446,261.7,1183.83,20080610,5,1,서울특별시 동대문구 제기동 1158-8번지
11230,10300,0,1158,0009,,,일반건축물,단독주택,다가구용단독주택(3가구),433,165.81,257.46,19941031,2,1,서울특별시 동대문구 제기동 1158-9번지
11230,10300,0,1158,0010,청우아파트,,표제부,공동주택,공동주택(아파트),456,205.92,1450.01,20031006,6,1,서울특별시 동대문구 제기동 1158-10번지
11230,10300,0,1158,0011,,,일반건축물,단독주택,주택,473,0,308.4,19890808,2,1,서울특별시 동대문구 제기동 1158-11번지
11230,10300,0,1158,0012,태종빌하우스,,표제부,공동주택,"공동주택, 근린생활시설",466,247.39,1231.6,20190531,6,1,서울특별시 동대문구 제기동 1158-12번지
11230,10300,0,1158,0013,,,표제부,공동주택,"단지형다세대주택, 사무소",433,258.26,862.65,20170516,6,0,서울특별시 동대문구 제기동 1158-13번지
11230,10300,0,1158,0015,푸른마을,,표제부,공동주택,공동주택(연립주택),433,255.49,931.59,20020719,5,0,서울특별시 동대문구 제기동 1158-15번지
11230,10300,0,1158,0016,청운주택,,표제부,공동주택,공동주택(다세대주택),299,176.62,865.65,20031009,4,1,서울특별시 동대문구 제기동 1158-16번지
11230,10300,0,1158,0017,동성네스트빌 아파트,,표제부,공동주택,공동주택(아파트),443,257.15,1523.38,20031128,5,1,서울특별시 동대문구 제기동 1158-17번지
11230,10300,0,1158,0018,그랜드 힐,,표제부,공동주택,공동주택,423,237.315,1277.253,20070406,5,1,서울특별시 동대문구 제기동 1158-18번지
11230,10300,0,1158,0019,,,일반건축물,제2종근린생활시설,제2종근린생활시설(사무소) 외1,0,0,262.91,19771223,2,1,서울특별시 동대문구 제기동 1158-19번지
11230,10300,0,1158,0020,브라운하우스,,표제부,공동주택,공동주택(도시형생활주택),446,223.02,889.79,20130627,6,0,서울특별시 동대문구 제기동 1158-20번지
11230,10300,0,1158,0021,정우빌딩,,일반건축물,제1종근린생활시설,근린생활시설 외1,428,216.24,1490.19,20060331,7,1,서울특별시 동대문구 제기동 1158-21번지
11230,10300,0,1158,0022,,,일반건축물,단독주택,주택,0,0,319.01,19770914,2,1,서울특별시 동대문구 제기동 1158-22번지
11230,10300,0,1158,0025,월드캐슬아파트,,표제부,공동주택,공동주택(아파트),694,407.9,2390.93,20031015,5,1,서울특별시 동대문구 제기동 1158-25번지
11230,10300,0,1158,0026,탑제이빌,,표제부,공동주택,"공동주택,및 근린생활시설",354,168.38,787.54,20030318,5,0,서울특별시 동대문구 제기동 1158-26번지
11230,10300,0,1158,0027,EJ,,표제부,제2종근린생활시설,도시형생활주택외 1,342.5,188.07,956.96,20121228,5,1,서울특별시 동대문구 제기동 1158-27번지
11230,10300,0,1158,0028,세종,,표제부,공동주택,다세대주택 외 1,354,206.39,988.66,20141229,5,1,서울특별시 동대문구 제기동 1158-28번지
11230,10300,0,1158,0030,,,표제부,공동주택,도시형생활주택(단지형다세대),602,179.51,599.22,20140521,6,0,서울특별시 동대문구 제기동 1158-30번지
11230,10300,0,1158,0030,,,표제부,공동주택,도시형생활주택(단지형다세대),602,179.51,604.08,20140521,6,0,서울특별시 동대문구 제기동 1158-30번지
11230,10300,0,1158,0031,,,일반건축물,판매시설,판매시설,608,222.99,404.95,19911217,2,1,서울특별시 동대문구 제기동 1158-31번지
11230,10300,0,1158,0032,,,일반건축물,창고시설,"창고시설, 근린생활시설",622,337.55,1522.68,19950111,4,1,서울특별시 동대문구 제기동 1158-32번지
11230,10300,0,1158,0033,태종빌딩,,표제부,공동주택,공동주택 외2,622,372.98,3435.2,20070215,7,2,서울특별시 동대문구 제기동 1158-33번지
11230,10300,0,1158,0034,지원하우스,,표제부,공동주택,도시형생활주택(단지형다세대),440,142.2,495.77,20160818,5,0,서울특별시 동대문구 제기동 1158-34번지
11230,10300,0,1158,0034,지원하우스,,표제부,공동주택,도시형생활주택(단지형다세대),440,112.92,377.65,20160818,5,0,서울특별시 동대문구 제기동 1158-34번지
11230,10300,0,1158,0035,,,표제부,공동주택,공동주택(도시형생활주택) 외2,473,233.53,1243.78,20130906,6,1,서울특별시 동대문구 제기동 1158-35번지
11230,10300,0,1158,0036,,,표제부,제2종근린생활시설,제2종근린생활시설,456,158.91,1133.46,20101020,7,1,서울특별시 동대문구 제기동 1158-36번지
11230,10300,0,1158,0038,법화정사,,일반건축물,종교시설,종교시설(종교집회장),860,507.38,4134.09,20140822,9,2,서울특별시 동대문구 제기동 1158-38번지
11230,10300,0,1158,0039,,,일반건축물,업무시설,업무시설,476,269.08,2852.97,20030905,11,2,서울특별시 동대문구 제기동 1158-39번지
11230,10300,0,1158,0040,어반넥서스,,표제부,공동주택,"아파트,업무시설,사무소",512,301.24,2908.65,20160722,10,2,서울특별시 동대문구 제기동 1158-40번지
11230,10300,0,1158,0041,레미엣나빌딩,,일반건축물,제2종근린생활시설,"근린생활시설,교육연구시설",410,201.75,924.27,19780923,4,1,서울특별시 동대문구 제기동 1158-41번지
11230,10300,0,1158,0042,정임주택,,표제부,공동주택,공동주택(다세대주택)외 1,198.5,115.3,498.5,20071122,5,1,서울특별시 동대문구 제기동 1158-42번지
11230,10300,0,1158,0043,,,일반건축물,제2종근린생활시설,교회,0,0,781.02,19780209,3,1,서울특별시 동대문구 제기동 1158-43번지
11230,10300,0,1158,0044,,,일반건축물,제2종근린생활시설,제2종근린생활시설,0,122.7,270.79,19780310,2,1,서울특별시 동대문구 제기동 1158-44번지
11230,10300,0,1158,0044,,,일반건축물,제1종근린생활시설,제1종근린생활시설,0,67.24,67.24,20080306,1,0,서울특별시 동대문구 제기동 1158-44번지
11230,10300,0,1158,0045,,,일반건축물,제1종근린생활시설,"사무실, 점포, 한의원",0,0,841.56,19780923,3,1,서울특별시 동대문구 제기동 1158-45번지
11230,10300,0,1158,0046,,,일반건축물,제2종근린생활시설,사무실외 2,542,292.28,1496.39,19860929,4,1,서울특별시 동대문구 제기동 1158-46번지
11230,10300,0,1158,0047,,,일반건축물,제1종근린생활시설,근린생활시설,0,0,1496,19860812,3,1,서울특별시 동대문구 제기동 1158-47번지
11230,10300,0,1158,0048,제기동오피스텔(유니텔),,표제부,업무시설,업무시설(근린생활시설),423,253.37,3846.79,20021227,15,2,서울특별시 동대문구 제기동 1158-48번지
11230,10300,0,1158,0049,,,일반건축물,제1종근린생활시설,제1종근린생활시설 외 1,662,356.59,460.39,19940105,2,1,서울특별시 동대문구 제기동 1158-49번지
11230,10300,0,1158,0050,메트로폴 스위트,,표제부,업무시설,"업무시설(오피스텔),근린생활시설",787,452.63,7254.52,20210610,20,1,서울특별시 동대문구 제기동 1158-50번지
11230,10300,0,1158,0055,,,일반건축물,제2종근린생활시설,"근린생활시설, 창고",218,129.71,258.28,19771012,2,1,서울특별시 동대문구 제기동 1158-55번지
11230,10300,0,1158,0056,풍림캐슬,,표제부,공동주택,공동주택(다세대주택),324,164.32,658.08,20021206,5,0,서울특별시 동대문구 제기동 1158-56번지
11230,10300,0,1158,0057,하나빌,,일반건축물,단독주택,"다가구주택, 근린생활시설",203,121.73,521.19,20190404,4,1,서울특별시 동대문구 제기동 1158-57번지
11230,10300,0,1158,0058,,,일반건축물,제2종근린생활시설,"근린생활시설, 주택외 1",305,179.86,546.77,19800128,4,1,서울특별시 동대문구 제기동 1158-58번지
11230,10300,0,1159,0000,,,표제부,공동주택,"협동주택, 점포",0,0,504.11,19810216,3,1,서울특별시 동대문구 제기동 1159번지
11230,10300,0,1160,0000,,,표제부,공동주택,협동주택,0,0,512.04,19790707,3,1,서울특별시 동대문구 제기동 1160번지
11230,10300,0,1161,0000,,,표제부,공동주택,"협동주택, 근린생활시설",211.7,0,499.77,19790407,3,1,서울특별시 동대문구 제기동 1161번지
11230,10300,0,1162,0000,,,표제부,공동주택,"협동주택, 점포",0,0,557.39,19810226,3,1,서울특별시 동대문구 제기동 1162번지
11230,10300,0,1163,0000,,,일반건축물,제1종근린생활시설,"근린생활시설, 사무실, 점포,주택",306.6,161.98,713.98,19780909,4,1,서울특별시 동대문구 제기동 1163번지
11230,10300,0,1164,0000,,,표제부,공동주택,"협동주택, 점포",0,0,403.3,19801222,3,1,서울특별시 동대문구 제기동 1164번지
11230,10300,0,1165,0000,,,표제부,공동주택,다세대주택 외1,175.4,83.01,372.4,19790407,3,1,서울특별시 동대문구 제기동 1165번지
11230,10300,0,1166,0000,,,표제부,공동주택,협동주택,0,0,420.37,19801216,3,1,서울특별시 동대문구 제기동 1166번지
11230,10300,0,1167,0000,,,표제부,공동주택,협동주택,0,0,797.56,19801216,3,1,서울특별시 동대문구 제기동 1167번지
11230,10300,0,1168,0000,,,표제부,공동주택,협동주택,0,0,390.19,19790307,3,1,서울특별시 동대문구 제기동 1168번지
11230,10300,0,1169,0000,,,표제부,공동주택,협동주택,0,0,391.16,19790407,3,1,서울특별시 동대문구 제기동 1169번지
11230,10300,0,1170,0000,,,일반건축물,제1종근린생활시설,제1종근린생활시설 외1,313.8,188.23,672.27,19790202,3,1,서울특별시 동대문구 제기동 1170번지
11230,10300,0,1171,0000,,,일반건축물,제1종근린생활시설,근린생활시설,239.7,140.13,617.98,19790110,4,1,서울특별시 동대문구 제기동 1171번지
11230,10300,0,1172,0000,,,표제부,공동주택,"협동주택, 사무실, 점포",0,0,779.88,19790312,3,1,서울특별시 동대문구 제기동 1172번지
11230,10300,0,1173,0000,,,표제부,공동주택,"협동주택, 사무실, 점포",351.5,190.38,757.36,19790712,3,1,서울특별시 동대문구 제기동 1173번지
11230,10300,0,1174,0000,,,표제부,공동주택,"주택, 점포",0,0,911.42,19811230,3,1,서울특별시 동대문구 제기동 1174번지
11230,10300,0,1175,0000,,,표제부,공동주택,협동주택,0,0,552,19801226,3,1,서울특별시 동대문구 제기동 1175번지
11230,10300,0,1176,0000,,,표제부,공동주택,"협동주택, 점포",149,80.6,349.03,19810226,3,1,서울특별시 동대문구 제기동 1176번지
11230,10300,0,1177,0000,,,표제부,공동주택,협동주택,0,0,431.64,19810216,3,1,서울특별시 동대문구 제기동 1177번지
11230,10300,0,1178,0000,,,표제부,공동주택,협동주택,0,0,332.84,19801230,3,1,서울특별시 동대문구 제기동 1178번지
11230,10300,0,1179,0000,,,표제부,공동주택,협동주택,0,0,392.98,19790307,3,1,서울특별시 동대문구 제기동 1179번지
11230,10300,0,1180,0000,,,표제부,공동주택,협동주택,0,0,471.74,19801230,3,1,서울특별시 동대문구 제기동 1180번지
11230,10300,0,1181,0000,,,표제부,공동주택,"협동주택, 점포",161.2,91.07,374.9,19790119,3,1,서울특별시 동대문구 제기동 1181번지
11230,10300,0,1182,0000,,,표제부,공동주택,협동주택,0,0,396.49,19810321,3,1,서울특별시 동대문구 제기동 1182번지
11230,10300,0,1183,0000,,,표제부,공동주택,협동주택,0,0,470.12,19801230,3,1,서울특별시 동대문구 제기동 1183번지
11230,10300,0,1184,0000,,,표제부,공동주택,협동주택,0,0,455.27,19801222,3,1,서울특별시 동대문구 제기동 1184번지
11230,10300,0,1185,0000,,,표제부,공동주택,협동주택 외1,0,0,435.44,19801216,3,1,서울특별시 동대문구 제기동 1185번지
11230,10300,0,1186,0000,,,표제부,공동주택,협동주택,0,0,435.44,19801216,3,1,서울특별시 동대문구 제기동 1186번지
11230,10300,0,1187,0000,,,표제부,공동주택,"협동주택, 점포",0,0,468.39,19810518,3,1,서울특별시 동대문구 제기동 1187번지
11230,10300,0,1188,0000,,,표제부,공동주택,협동주택,0,0,549.23,19810216,3,1,서울특별시 동대문구 제기동 1188번지
11230,10300,0,1189,0000,,,표제부,공동주택,협동주택 외1,0,0,559.67,19801222,3,1,서울특별시 동대문구 제기동 1189번지
11230,10300,0,1190,0000,,,표제부,공동주택,협동주택,0,0,499.77,19790707,3,1,서울특별시 동대문구 제기동 1190번지
11230,10300,0,1191,0000,,,표제부,공동주택,협동주택,0,0,640.93,19790113,3,1,서울특별시 동대문구 제기동 1191번지
11230,10300,0,1192,0000,,,표제부,제1종근린생활시설,협동주택 외3,210.8,137.69,579.94,19801222,3,1,서울특별시 동대문구 제기동 1192번지
11230,10300,0,1193,0000,,,표제부,공동주택,"협동주택, 근린생활시설",0,0,580.24,19801226,3,1,서울특별시 동대문구 제기동 1193번지
11230,10300,0,1194,0000,,,표제부,공동주택,"협동주택, 점포",0,0,408.66,19810424,3,1,서울특별시 동대문구 제기동 1194번지
11230,10300,0,1195,0000,,,표제부,공동주택,협동주택,175.9,0,405.72,19810204,3,1,서울특별시 동대문구 제기동 1195번지
11230,10300,0,1196,0000,,,표제부,공동주택,"주택, 근린생활시설",183.2,0,408.73,19781024,3,1,서울특별시 동대문구 제기동 1196번지
11230,10300,0,1197,0000,,,표제부,공동주택,협동주택,174.2,0,395.89,19790116,3,1,서울특별시 동대문구 제기동 1197번지
11230,10300,0,1198,0000,,,일반건축물,제1종근린생활시설,"주택, 점포",0,0,424.16,19790202,3,1,서울특별시 동대문구 제기동 1198번지
11230,10300,0,1199,0000,,,표제부,공동주택,"협동주택, 점포",0,0,452.86,19810204,3,1,서울특별시 동대문구 제기동 1199번지
11230,10300,0,1200,0000,,,표제부,공동주택,"협동주택, 근린생활시설",0,0,630.08,19801222,3,1,서울특별시 동대문구 제기동 1200번지
11230,10300,0,1201,0000,,,표제부,공동주택,협동주택,0,0,511.14,19810131,3,1,서울특별시 동대문구 제기동 1201번지
11230,10300,0,1202,0000,,,표제부,공동주택,"협동주택, 점포",253.9,161.84,693.22,19810204,3,1,서울특별시 동대문구 제기동 1202번지
11230,10300,0,1203,0000,,,표제부,공동주택,"협동주택, 근린생활시설, 점포",0,0,399.22,19810321,3,1,서울특별시 동대문구 제기동 1203번지
11230,10300,0,1204,0000,,,표제부,공동주택,"근린생활시설, 다세대주택, 협동주택",286.7,166.58,698.95,19810204,3,1,서울특별시 동대문구 제기동 1204번지
11230,10300,0,1206,0000,,,표제부,공동주택,협동주택 외4,0,0,625.99,19810321,3,1,서울특별시 동대문구 제기동 1206번지
11230,10300,0,1207,0000,,,표제부,공동주택,"협동주택, 점포",0,0,601.73,19801226,3,1,서울특별시 동대문구 제기동 1207번지
11230,10300,0,1208,0000,,,표제부,공동주택,주택외2,0,0,485.36,19810422,3,1,서울특별시 동대문구 제기동 1208번지
11230,10300,0,1209,0000,,,표제부,공동주택,협동주택,220.4,0,542.92,19801222,3,1,서울특별시 동대문구 제기동 1209번지
11230,10300,0,1210,0000,,,표제부,공동주택,협동주택,0,0,508.07,19790530,3,1,서울특별시 동대문구 제기동 1210번지
11230,10300,0,1211,0004,제기동 1211-4 공동주택 (이기은),,표제부,공동주택,다세대주택,103,69.95,345.35,19991117,4,1,서울특별시 동대문구 제기동 1211-4번지
11230,10300,0,1211,0005,,,표제부,공동주택,다세대주택,101,69.57,345.75,19991120,4,1,서울특별시 동대문구 제기동 1211-5번지
11230,10300,0,1211,0006,,,표제부,공동주택,다세대주택 외1,256,0,0,19991120,4,1,서울특별시 동대문구 제기동 1211-6번지
11230,10300,0,1211,0007,,,표제부,공동주택,다세대주택 외1,220,0,0,19991120,4,1,서울특별시 동대문구 제기동 1211-7번지
11230,10300,0,1211,0008,동아빌라,,표제부,공동주택,다세대주택,131,90.73,453.65,20110825,4,1,서울특별시 동대문구 제기동 1211-8번지
11230,10300,0,1211,0011,,,표제부,공동주택,다세대주택,103,66.8,334,19991117,4,1,서울특별시 동대문구 제기동 1211-11번지
11230,10300,0,1211,0014,,,표제부,공동주택,다세대주택,85,56.16,279,19991117,4,1,서울특별시 동대문구 제기동 1211-14번지
11230,10300,0,1211,0015,,,표제부,공동주택,공동주택(다세대주택10세대),136,94.33,467.63,20030721,4,1,서울특별시 동대문구 제기동 1211-15번지
11230,10300,0,1211,0016,,,표제부,공동주택,공동주택,110,74.94,417.53,19991117,5,1,서울특별시 동대문구 제기동 1211-16번지
11230,10300,0,1211,0017,,,표제부,공동주택,다세대주택(8세대),199,138.95,568.92,20010824,5,0,서울특별시 동대문구 제기동 1211-17번지
11230,10300,0,1211,0020,섬마을경로당,,일반건축물,노유자시설,노유자시설,103,59.55,178.65,20000121,3,0,서울특별시 동대문구 제기동 1211-20번지
11230,10300,0,1211,0022,,,표제부,공동주택,다세대주택,148,97.72,479.4,19991108,4,1,서울특별시 동대문구 제기동 1211-22번지
11230,10300,0,1212,0000,한신아파트,,표제부,공동주택,아파트,0,344.4,6784.89,20040511,24,0,서울특별시 동대문구 제기동 1212번지
11230,10300,0,1212,0000,한신아파트,,표제부,공동주택,경비실,0,10.14,10.14,20040511,1,0,서울특별시 동대문구 제기동 1212번지
11230,10300,0,1212,0000,한신아파트,,표제부,공동주택,아파트,0,240.9,3701.44,20040511,19,0,서울특별시 동대문구 제기동 1212번지
11230,10300,0,1212,0000,한신아파트,,표제부,공동주택,아파트,0,635.14,11676.09,20040511,23,0,서울특별시 동대문구 제기동 1212번지
11230,10300,0,1212,0000,한신아파트,,표제부,공동주택,아파트,0,240.9,4184.04,20040511,21,0,서울특별시 동대문구 제기동 1212번지
11230,10300,0,1212,0000,한신아파트,,표제부,공동주택,경비실,0,10.14,10.14,20040511,1,0,서울특별시 동대문구 제기동 1212번지
11230,10300,0,1212,0000,한신아파트,,표제부,공동주택,"지하주차장,전기실,발전기실,지하대피소,주민운동시설",0,0,11181.82,20040511,0,2,서울특별시 동대문구 제기동 1212번지
11230,10300,0,1212,0000,한신아파트,,표제부,공동주택,아파트,0,481.8,9561.6,20040511,24,0,서울특별시 동대문구 제기동 1212번지
11230,10300,0,1212,0000,한신아파트,,표제부,공동주택,아파트,0,481.8,9959.44,20040511,25,0,서울특별시 동대문구 제기동 1212번지
11230,10300,0,1212,0000,한신아파트,,표제부,제1종근린생활시설,근린생활시설,0,364.42,1698.68,20040511,3,1,서울특별시 동대문구 제기동 1212번지
11230,10300,0,1212,0000,한신아파트,,표제부,공동주택,"지하주차장,기계실,지하대피소",0,0,8363.28,20040511,0,2,서울특별시 동대문구 제기동 1212번지
11230,10300,0,1212,0000,한신아파트,,표제부,공동주택,경비실,0,10.14,10.14,20040511,1,0,서울특별시 동대문구 제기동 1212번지
11230,10300,0,1212,0000,한신아파트,,표제부,공동주택,경비실,0,10.14,10.14,20040511,1,0,서울특별시 동대문구 제기동 1212번지
11230,10300,0,1212,0000,한신아파트,,표제부,공동주택,아파트,0,709.07,14876.18,20040511,24,1,서울특별시 동대문구 제기동 1212번지
11230,10300,0,1212,0000,한신아파트,,표제부,공동주택,경비실,0,10.14,10.14,20040511,1,0,서울특별시 동대문구 제기동 1212번지
11230,10300,0,1212,0000,한신아파트,,표제부,공동주택,아파트,0,960.18,13673.7,20040511,23,0,서울특별시 동대문구 제기동 1212번지
11230,10300,0,1212,0000,한신아파트,,표제부,공동주택,아파트,0,240.9,4380.96,20040511,21,1,서울특별시 동대문구 제기동 1212번지
11230,10300,0,1212,0000,한신아파트,,표제부,제2종근린생활시설,제2종근린생활시설,0,210.95,620.01,20040511,2,1,서울특별시 동대문구 제기동 1212번지
11230,10300,0,1212,0000,한신아파트,,표제부,공동주택,아파트,0,535.76,10891.47,20040511,24,0,서울특별시 동대문구 제기동 1212번지
11230,10300,0,1212,0000,한신아파트,,표제부,공동주택,"지하주차장,지하대피소",0,0,9277.2,20040511,0,2,서울특별시 동대문구 제기동 1212번지
11230,10300,0,1212,0000,한신아파트,,표제부,공동주택,공중화장실,0,20.03,20.03,20040511,1,0,서울특별시 동대문구 제기동 1212번지
11230,10300,0,1212,0000,한신아파트,,표제부,공동주택,경비실,0,10.14,10.14,20040511,1,0,서울특별시 동대문구 제기동 1212번지
11230,10300,0,1212,0000,한신아파트,,표제부,공동주택,아파트,0,635.14,9595.23,20040511,18,1,서울특별시 동대문구 제기동 1212번지
11230,10300,0,1212,0000,한신아파트,,표제부,공동주택,"지하주차장,지하대피소",0,0,11603.54,20040511,0,2,서울특별시 동대문구 제기동 1212번지
11230,10300,0,1212,0000,한신아파트,,표제부,공동주택,아파트,0,481.8,7771.32,20040511,20,0,서울특별시 동대문구 제기동 1212번지
11230,10300,0,1212,0000,한신아파트,,표제부,공동주택,경비실,0,10.14,10.14,20040511,1,0,서울특별시 동대문구 제기동 1212번지
11230,10300,0,1212,0000,한신아파트,,표제부,공동주택,"관리실,노인정,독서실,복육시설,주민공동시설",0,426.63,1272.71,20040511,3,1,서울특별시 동대문구 제기동 1212번지
11230,10300,0,1212,0001,한신아파트,,표제부,공동주택,"지하주차장,기계실,전기실,발전기실,지하대피소",0,0,5204.7,20040511,0,2,서울특별시 동대문구 제기동 1212-1번지
11230,10300,0,1212,0001,한신아파트,,표제부,공동주택,아파트,4021.9,783.8,16755.02,20040511,20,0,서울특별시 동대문구 제기동 1212-1번지
11230,10300,0,1212,0001,한신아파트,,표제부,공동주택,"관리실,노인정,공중화장실",0,79,76.76,20040511,1,0,서울특별시 동대문구 제기동 1212-1번지
11230,10300,0,1212,0001,한신아파트,,표제부,공동주택,경비실,0,10.14,10.14,20040511,1,0,서울특별시 동대문구 제기동 1212-1번지
11230,10300,0,1213,0000,어진재,,표제부,공동주택,공동주택(도시형원룸아파트) 외 1,1591.5,771.18,4135.14,20140418,6,1,서울특별시 동대문구 제기동 1213번지
11230,10300,0,1214,0000,동광팰리스,,표제부,공동주택,도시형생활주택(단지형다세대),0,180.17,902.13,20161025,5,1,서울특별시 동대문구 제기동 1214번지
11230,10300,0,1214,0000,동광팰리스,,표제부,공동주택,도시형생활주택(단지형다세대),0,145.86,668.68,20161025,5,1,서울특별시 동대문구 제기동 1214번지
11230,10300,1,0001,0000,,,일반건축물,제1종근린생활시설,점포,0,0,25.95,19601110,1,0,서울특별시 동대문구 제기동 산1번지
11230,10300,1,0002,0000,,,일반건축물,단독주택,주택,0,0,42.22,19481005,1,0,서울특별시 동대문구 제기동 산2번지
11230,10300,1,0002,0000,,,일반건축물,단독주택,주택,0,0,33.06,19540825,1,0,서울특별시 동대문구 제기동 산2번지
11230,10300,1,0002,0000,,,일반건축물,단독주택,주택,0,0,28.3,19550830,1,0,서울특별시 동대문구 제기동 산2번지
11230,10300,1,0002,0000,,,일반건축물,단독주택,주택,0,0,17.85,19540730,1,0,서울특별시 동대문구 제기동 산2번지
11230,10300,1,0002,0000,,,일반건축물,단독주택,주택,0,0,30.38,19550730,1,0,서울특별시 동대문구 제기동 산2번지
11230,10300,1,0002,0000,,,일반건축물,단독주택,주택,0,0,41.65,19550328,1,0,서울특별시 동대문구 제기동 산2번지
11230,10300,1,0002,0000,,,일반건축물,단독주택,주택,0,0,50.28,19550722,1,0,서울특별시 동대문구 제기동 산2번지
11230,10300,1,0002,0000,,,일반건축물,단독주택,주택,0,0,42.41,19560805,1,0,서울특별시 동대문구 제기동 산2번지
11230,10300,1,0002,0000,,,일반건축물,단독주택,주택,0,0,44.63,19560829,1,0,서울특별시 동대문구 제기동 산2번지
11230,10300,1,0002,0000,,,일반건축물,단독주택,주택,0,0,36.36,19480410,1,0,서울특별시 동대문구 제기동 산2번지
11230,10300,1,0002,0000,,,일반건축물,단독주택,주택,0,0,30.94,19550630,1,0,서울특별시 동대문구 제기동 산2번지
11230,10300,1,0002,0000,,,일반건축물,단독주택,주택,0,0,46.94,19571207,1,0,서울특별시 동대문구 제기동 산2번지
11230,10300,1,0002,0000,,,일반건축물,단독주택,주택,0,0,55.87,19561015,1,0,서울특별시 동대문구 제기동 산2번지
11230,10300,1,0002,0000,,,일반건축물,단독주택,주택,0,0,39.67,19430510,1,0,서울특별시 동대문구 제기동 산2번지
11230,10300,1,0002,0000,,,일반건축물,단독주택,주택,0,0,22.31,19550730,1,0,서울특별시 동대문구 제기동 산2번지
11230,10300,1,0002,0000,,,일반건축물,단독주택,주택,0,0,28.92,19470910,1,0,서울특별시 동대문구 제기동 산2번지
11230,10300,1,0002,0000,,,일반건축물,단독주택,주택,0,0,33.06,19530810,1,0,서울특별시 동대문구 제기동 산2번지
11230,10300,1,0002,0000,,,일반건축물,단독주택,주택,0,0,39.67,19560718,1,0,서울특별시 동대문구 제기동 산2번지
11230,10300,1,0002,0000,,,일반건축물,단독주택,주택,0,0,87.93,19581005,1,0,서울특별시 동대문구 제기동 산2번지
11230,10300,1,0002,0000,,,일반건축물,단독주택,주택,0,0,16.56,19540510,1,0,서울특별시 동대문구 제기동 산2번지
11230,10300,1,0002,0000,,,일반건축물,단독주택,주택,0,0,26.15,19550813,1,0,서울특별시 동대문구 제기동 산2번지
11230,10300,1,0002,0000,,,일반건축물,단독주택,주택,0,0,39.04,19540827,1,0,서울특별시 동대문구 제기동 산2번지
11230,10300,1,0002,0000,,,일반건축물,단독주택,주택,0,0,23.14,19480405,1,0,서울특별시 동대문구 제기동 산2번지
11230,10300,1,0002,0002,,,일반건축물,단독주택,주택,0,0,49.16,19581005,1,0,서울특별시 동대문구 제기동 산2-2번지
11230,10300,1,0002,0011,,,일반건축물,단독주택,주택,0,0,55.21,19620920,1,0,서울특별시 동대문구 제기동 산2-11번지
11230,10300,1,0003,0000,,,일반건축물,단독주택,주택,0,0,26.45,19541005,1,0,서울특별시 동대문구 제기동 산3번지
11230,10300,1,0003,0000,,,일반건축물,단독주택,주택,0,0,61.16,19550920,1,0,서울특별시 동대문구 제기동 산3번지
11230,10300,1,0003,0000,,,일반건축물,단독주택,주택,0,0,42.98,19590413,1,0,서울특별시 동대문구 제기동 산3번지
11230,10300,1,0003,0001,,,일반건축물,단독주택,주택,0,0,26.12,19541010,1,0,서울특별시 동대문구 제기동 산3-1번지
11230,10300,1,0003,0001,,,일반건축물,단독주택,주택,0,0,37.36,19571010,1,0,서울특별시 동대문구 제기동 산3-1번지
11230,10300,1,0003,0011,,,일반건축물,단독주택,주택,0,0,31.74,19550910,1,0,서울특별시 동대문구 제기동 산3-11번지
11230,10300,1,0004,0003,,,일반건축물,단독주택,주택,0,0,26.45,1937,1,0,서울특별시 동대문구 제기동 산4-3번지
11230,10300,1,0004,0005,,,일반건축물,단독주택,주택,0,0,49.58,19531005,1,0,서울특별시 동대문구 제기동 산4-5번지
11230,10300,1,0004,0011,,,일반건축물,단독주택,주택,0,0,44.96,19560310,1,0,서울특별시 동대문구 제기동 산4-11번지
11230,10300,1,0004,0015,,,일반건축물,단독주택,주택,0,0,54.22,,1,0,서울특별시 동대문구 제기동 산4-15번지
