sigunguCd,bjdongCd,platGbCd,bun,ji,bldNm,splotNm,regstrKindCdNm,mainPurpsCdNm,etcPurps,platArea,archArea,totArea,useAprDay,grndFlrCnt,ugrndFlrCnt,platPlc
11260,10600,0,0003,0000,신내동 3 중랑IC 영업소,,일반건축물,업무시설,업무시설,3236,332.44,535.62,20170704,2,1,서울특별시 중랑구 신내동 3번지
11260,10600,0,0040,0003,,,일반건축물,단독주택,주택,671.97,0,67.86,19850629,1,0,서울특별시 중랑구 신내동 40-3번지
11260,10600,0,0044,0001,,,일반건축물,단독주택,단독주택,327.8,190.93,229.68,20020723,3,0,서울특별시 중랑구 신내동 44-1번지
11260,10600,0,0044,0003,,,일반건축물,제1종근린생활시설,제2종근린생활시설,377.37,183.12,234.99,20041111,2,0,서울특별시 중랑구 신내동 44-3번지
11260,10600,0,0044,0004,,,일반건축물,단독주택,주택,161.78,61,61,19850629,1,0,서울특별시 중랑구 신내동 44-4번지
11260,10600,0,0044,0007,,,일반건축물,단독주택,주택,62.8,31,31,19850905,1,0,서울특별시 중랑구 신내동 44-7번지
11260,10600,0,0044,0008,,,일반건축물,단독주택,주택,99.17,33,33,19850905,1,0,서울특별시 중랑구 신내동 44-8번지
11260,10600,0,0044,0009,,,일반건축물,단독주택,주택,131.47,0,28,19850912,1,0,서울특별시 중랑구 신내동 44-9번지
11260,10600,0,0047,0011,중랑영업소,,일반건축물,제2종근린생활시설,근린생활시설,800,52.92,52.92,20170705,1,0,서울특별시 중랑구 신내동 47-11번지
11260,10600,0,0063,0000,중랑권역공영차고지,,일반건축물,자동차관련시설,자동차관련시설,0,1089,1297.72,20070403,2,0,서울특별시 중랑구 신내동 63번지
11260,10600,0,0063,0000,중랑권역공영차고지,,일반건축물,자동차관련시설,자동차관련시설,0,447.61,710.11,20070403,1,1,서울특별시 중랑구 신내동 63번지
11260,10600,0,0063,0000,중랑권역공영차고지,,일반건축물,자동차관련시설,자동차관련시설,0,842.45,3284.6,20070403,3,1,서울특별시 중랑구 신내동 63번지
11260,10600,0,0063,0000,중랑권역공영차고지,,일반건축물,자동차관련시설,자동차관련시설,0,105.46,105.46,20070403,1,0,서울특별시 중랑구 신내동 63번지
11260,10600,0,0063,0000,중랑권역공영차고지,,일반건축물,자동차관련시설,자동차관련시설,0,12,12,20070403,1,0,서울특별시 중랑구 신내동 63번지
11260,10600,0,0063,0000,중랑권역공영차고지,,일반건축물,자동차관련시설,자동차관련시설,0,115,115,20070403,1,0,서울특별시 중랑구 신내동 63번지
11260,10600,0,0070,0000,,,일반건축물,단독주택,주택,0,41.65,41.65,,1,0,서울특별시 중랑구 신내동 70번지
11260,10600,0,0070,0003,,,일반건축물,제2종근린생활시설,"교회,사무실,주택",0,194.44,194.44,19850629,1,0,서울특별시 중랑구 신내동 70-3번지
11260,10600,0,0071,0021,,,일반건축물,제2종근린생활시설,근린생활시설및주택(1가구),373,145.06,288.56,19971024,2,1,서울특별시 중랑구 신내동 71-21번지
11260,10600,0,0071,0037,,,일반건축물,제2종근린생활시설,부속건물,0,21.81,21.81,,1,0,서울특별시 중랑구 신내동 71-37번지
11260,10600,0,0072,0008,,,일반건축물,제1종근린생활시설,점포,99,29.72,29.72,19850629,1,0,서울특별시 중랑구 신내동 72-8번지
11260,10600,0,0074,0000,,,일반건축물,단독주택,주택,0,28.1,28.1,,1,0,서울특별시 중랑구 신내동 74번지
11260,10600,0,0089,0000,,,일반건축물,단독주택,주택,0,30.74,30.74,,1,0,서울특별시 중랑구 신내동 89번지
11260,10600,0,0104,0000,,,일반건축물,단독주택,주택,0,85.62,85.62,,1,0,서울특별시 중랑구 신내동 104번지
11260,10600,0,0104,0000,,,일반건축물,단독주택,주택,0,35.04,35.04,,1,0,서울특별시 중랑구 신내동 104번지
11260,10600,0,0109,0000,,,일반건축물,단독주택,주택,0,30.08,30.08,,1,0,서울특별시 중랑구 신내동 109번지
11260,10600,0,0111,0000,,,일반건축물,단독주택,주택,0,38.02,38.02,,1,0,서울특별시 중랑구 신내동 111번지
11260,10600,0,0112,0000,,,일반건축물,단독주택,주택,0,93.89,93.89,,1,0,서울특별시 중랑구 신내동 112번지
11260,10600,0,0114,0000,,,일반건축물,단독주택,주택,0,30.08,30.08,,1,0,서울특별시 중랑구 신내동 114번지
11260,10600,0,0114,0000,가동,,일반건축물,동물및식물관련시설,식물관련시설,0,669.71,668.61,20001229,1,0,서울특별시 중랑구 신내동 114번지
11260,10600,0,0114,0000,,,일반건축물,단독주택,주택,0,34.38,34.38,,1,0,서울특별시 중랑구 신내동 114번지
11260,10600,0,0114,0000,나동,,일반건축물,동물및식물관련시설,식물관련시설,0,225.02,224.52,20001229,1,0,서울특별시 중랑구 신내동 114번지
11260,10600,0,0114,0000,다동,,일반건축물,동물및식물관련시설,식물관련시설,0,102.35,101.99,20001229,1,0,서울특별시 중랑구 신내동 114번지
11260,10600,0,0118,0006,,,일반건축물,단독주택,단독주택 및 근린생활시설,329,108.56,198.36,20110908,2,0,서울특별시 중랑구 신내동 118-6번지
11260,10600,0,0118,0021,,,일반건축물,단독주택,단독주택,200,115.23,298.78,20100203,3,0,서울특별시 중랑구 신내동 118-21번지
11260,10600,0,0123,0010,,,일반건축물,단독주택,주택,265,27.55,27.55,19850629,1,0,서울특별시 중랑구 신내동 123-10번지
11260,10600,0,0141,0000,,,일반건축물,단독주택,주택,0,30.78,30.78,,1,0,서울특별시 중랑구 신내동 141번지
11260,10600,0,0141,0000,,,일반건축물,단독주택,주택,0,34.38,34.38,,1,0,서울특별시 중랑구 신내동 141번지
11260,10600,0,0144,0000,,,일반건축물,단독주택,주택,0,27.77,27.77,,1,0,서울특별시 중랑구 신내동 144번지
11260,10600,0,0154,0000,,,일반건축물,단독주택,주택,1170,0,40.1,19850629,1,0,서울특별시 중랑구 신내동 154번지
11260,10600,0,0189,0000,,,일반건축물,단독주택,주택,0,64.79,64.79,,1,0,서울특별시 중랑구 신내동 189번지
11260,10600,0,0208,0000,,,일반건축물,단독주택,주택,0,34.38,34.38,,1,0,서울특별시 중랑구 신내동 208번지
11260,10600,0,0214,0044,공원관리사무소,,일반건축물,관광휴게시설,관광휴게시설(공원관리사무소),26028.2,126.24,126.24,20140513,1,0,서울특별시 중랑구 신내동 214-44번지
11260,10600,0,0236,0000,,,일반건축물,단독주택,주택,0,29.29,29.29,,1,0,서울특별시 중랑구 신내동 236번지
11260,10600,0,0236,0000,,,일반건축물,단독주택,주택,0,19.17,19.17,,1,0,서울특별시 중랑구 신내동 236번지
11260,10600,0,0242,0000,신내 소행주,,표제부,공동주택,공동주택,1184.16,703.86,2374.59,20180808,5,1,서울특별시 중랑구 신내동 242번지
11260,10600,0,0243,0000,,,일반건축물,단독주택,주택,0,30.08,30.08,,1,0,서울특별시 중랑구 신내동 243번지
11260,10600,0,0243,0000,,,일반건축물,단독주택,주택,0,32.07,32.07,,1,0,서울특별시 중랑구 신내동 243번지
11260,10600,0,0243,0000,,,일반건축물,단독주택,주택,0,34.38,34.38,,1,0,서울특별시 중랑구 신내동 243번지
11260,10600,0,0243,0014,,,표제부,공동주택,연립주택(도시형생활주택-원룸형),660,299.2,1341.08,20191025,5,0,서울특별시 중랑구 신내동 243-14번지
11260,10600,0,0243,0020,,,일반건축물,제2종근린생활시설,제2종근린생활시설,257,150.38,196.92,20141024,2,0,서울특별시 중랑구 신내동 243-20번지
11260,10600,0,0243,0023,,,일반건축물,제2종근린생활시설,단독주택,250,148.5,231.92,20181005,3,0,서울특별시 중랑구 신내동 243-23번지
11260,10600,0,0246,0029,,,일반건축물,제2종근린생활시설,근린생활시설및주택,241,166.03,245.39,19850629,2,0,서울특별시 중랑구 신내동 246-29번지
11260,10600,0,0256,0014,도시농업복합공간,,일반건축물,제1종근린생활시설,마을공동시설,8791,328.38,592.76,20230224,2,0,서울특별시 중랑구 신내동 256-14번지
11260,10600,0,0256,0047,,,일반건축물,제2종근린생활시설,단독주택 및 근린생활시설,330,156.09,231.63,20211208,2,0,서울특별시 중랑구 신내동 256-47번지
11260,10600,0,0256,0057,,,일반건축물,제1종근린생활시설,근린생활시설및단독주택,330,124.22,207.21,20250410,2,0,서울특별시 중랑구 신내동 256-57번지
11260,10600,0,0259,0000,,,일반건축물,창고시설,창고,2174.76,98.8,98.8,19970619,1,0,서울특별시 중랑구 신내동 259번지
11260,10600,0,0270,0000,,,일반건축물,단독주택,단독주택 / 근린생활시설,252,146.74,199.96,20110526,2,0,서울특별시 중랑구 신내동 270번지
11260,10600,0,0270,0003,,,일반건축물,제1종근린생활시설,제1종근린생활시설,324,123.19,223.88,20140211,2,0,서울특별시 중랑구 신내동 270-3번지
11260,10600,0,0273,0000,,,일반건축물,단독주택,단독주택 및 근린생활시설,315,124.04,231.93,20191212,3,0,서울특별시 중랑구 신내동 273번지
11260,10600,0,0273,0002,,,일반건축물,단독주택,단독주택,260,150.83,199.7,20100416,2,0,서울특별시 중랑구 신내동 273-2번지
11260,10600,0,0273,0003,,,일반건축물,단독주택,단독주택,260,152.63,199.82,20100420,3,0,서울특별시 중랑구 신내동 273-3번지
11260,10600,0,0273,0004,,,일반건축물,제1종근린생활시설,단독주택/근린생활시설,260,153.26,223.35,20100119,2,0,서울특별시 중랑구 신내동 273-4번지
11260,10600,0,0273,0005,,,일반건축물,제2종근린생활시설,제2종근린생활시설,260,155.51,231.54,20100119,3,0,서울특별시 중랑구 신내동 273-5번지
11260,10600,0,0273,0006,,,일반건축물,제2종근린생활시설,제2종근린생활시설,260,146.88,299.24,20100621,3,0,서울특별시 중랑구 신내동 273-6번지
11260,10600,0,0273,0008,,,일반건축물,제2종근린생활시설,근린생활시설 및 단독주택,260,154.39,230.31,20100518,3,0,서울특별시 중랑구 신내동 273-8번지
11260,10600,0,0273,0011,,,일반건축물,제2종근린생활시설,제2종근린생활시설,260,155.18,297.85,20100715,2,0,서울특별시 중랑구 신내동 273-11번지
11260,10600,0,0273,0013,.,,일반건축물,제2종근린생활시설,제2종근린생활시설,260,141.8,229.32,20100713,3,0,서울특별시 중랑구 신내동 273-13번지
11260,10600,0,0273,0015,,,일반건축물,제2종근린생활시설,제2종근린생활시설,260,141.48,229.62,20100707,3,0,서울특별시 중랑구 신내동 273-15번지
11260,10600,0,0273,0017,,,일반건축물,제2종근린생활시설,제2종근린생활시설,260,129.87,231.07,20100709,3,0,서울특별시 중랑구 신내동 273-17번지
11260,10600,0,0273,0018,,,일반건축물,제2종근린생활시설,제2종근린생활시설,260,152.4,285.3,20100416,2,0,서울특별시 중랑구 신내동 273-18번지
11260,10600,0,0273,0019,,,일반건축물,제2종근린생활시설,사무소,260,151.41,231.89,20100416,2,0,서울특별시 중랑구 신내동 273-19번지
11260,10600,0,0273,0020,,,일반건축물,제2종근린생활시설,일반음식점,0,3.6,3.6,20111102,1,0,서울특별시 중랑구 신내동 273-20번지
11260,10600,0,0273,0020,,,일반건축물,제2종근린생활시설,근린생활시설,0,145.88,228.26,20100719,3,0,서울특별시 중랑구 신내동 273-20번지
11260,10600,0,0273,0038,,,일반건축물,제1종근린생활시설,단독주택 및 근린생활시설,305,138.04,230.77,20190911,3,0,서울특별시 중랑구 신내동 273-38번지
11260,10600,0,0278,0000,,,일반건축물,단독주택,주택,509,126.42,126.42,19850629,1,0,서울특별시 중랑구 신내동 278번지
11260,10600,0,0278,0012,새우개경로당,,일반건축물,노유자시설,노유자시설,482.17,139.8,120.03,20060502,1,0,서울특별시 중랑구 신내동 278-12번지
11260,10600,0,0278,0044,,,일반건축물,단독주택,주택,59.52,23.64,23.64,19850629,1,0,서울특별시 중랑구 신내동 278-44번지
11260,10600,0,0278,0053,,,일반건축물,단독주택,주택,519,42.16,42.16,19850629,1,0,서울특별시 중랑구 신내동 278-53번지
11260,10600,0,0278,0055,윤원주택,,표제부,공동주택,공동주택(다세대주택),211,116.59,286.68,20230619,4,0,서울특별시 중랑구 신내동 278-55번지
11260,10600,0,0278,0059,신망애빌딩,,일반건축물,단독주택,"다가구주택,근린생활시설",199,117,424.33,20160824,4,1,서울특별시 중랑구 신내동 278-59번지
11260,10600,0,0278,0065,,,일반건축물,단독주택,주택,694,69.18,69.18,19850629,1,0,서울특별시 중랑구 신내동 278-65번지
11260,10600,0,0278,0068,다온재,,일반건축물,단독주택,다가구주택,132.74,78.1,252.17,20170109,4,1,서울특별시 중랑구 신내동 278-68번지
11260,10600,0,0278,0070,,,일반건축물,단독주택,주택,155,58.74,58.74,19850629,1,0,서울특별시 중랑구 신내동 278-70번지
11260,10600,0,0278,0073,,,일반건축물,단독주택,다가구주택 및 사무소,92,51.95,137.36,20150726,4,0,서울특별시 중랑구 신내동 278-73번지
11260,10600,0,0278,0074,,,일반건축물,단독주택,주택,268,52.37,52.37,19850629,1,0,서울특별시 중랑구 신내동 278-74번지
11260,10600,0,0278,0075,,,일반건축물,단독주택,주택,284,38.37,38.37,19850629,1,0,서울특별시 중랑구 신내동 278-75번지
11260,10600,0,0278,0077,,,일반건축물,단독주택,주택,284.2,86.9,86.9,19850629,1,0,서울특별시 중랑구 신내동 278-77번지
11260,10600,0,0278,0079,,,일반건축물,종교시설,종교시설,448,187.73,492.62,20130703,2,1,서울특별시 중랑구 신내동 278-79번지
11260,10600,0,0278,0080,,,일반건축물,단독주택,주택,188,26.58,26.58,19850629,1,0,서울특별시 중랑구 신내동 278-80번지
11260,10600,0,0278,0082,,,일반건축물,단독주택,단독주택 및 근린생활시설,120,67.92,67.92,19860214,1,0,서울특별시 중랑구 신내동 278-82번지
11260,10600,0,0278,0091,,,표제부,공동주택,다세대주택(3세대),171,78.5,329.18,20100803,4,1,서울특별시 중랑구 신내동 278-91번지
11260,10600,0,0278,0093,,,일반건축물,단독주택,주택,694.2,52.92,52.92,19850629,1,0,서울특별시 중랑구 신내동 278-93번지
11260,10600,0,0278,0094,,,일반건축물,단독주택,주택,694,54.64,54.64,19850629,1,0,서울특별시 중랑구 신내동 278-94번지
11260,10600,0,0278,0095,,,일반건축물,단독주택,주택,152.3,61.92,61.92,19850629,1,0,서울특별시 중랑구 신내동 278-95번지
11260,10600,0,0278,0097,,,일반건축물,단독주택,단독주택,126.27,74.29,244.62,20160418,4,1,서울특별시 중랑구 신내동 278-97번지
11260,10600,0,0278,0101,한강연사,,일반건축물,제2종근린생활시설,제2종근린생활시설,164,96.13,330.31,20150902,4,1,서울특별시 중랑구 신내동 278-101번지
11260,10600,0,0278,0102,,,일반건축물,단독주택,주택,559,50.84,50.84,19850629,1,0,서울특별시 중랑구 신내동 278-102번지
11260,10600,0,0278,0103,,,일반건축물,단독주택,주택,304,53.67,53.67,19850629,1,0,서울특별시 중랑구 신내동 278-103번지
11260,10600,0,0278,0105,,,일반건축물,단독주택,주택,304,54.9,54.9,19850629,1,0,서울특별시 중랑구 신내동 278-105번지
11260,10600,0,0278,0106,,,일반건축물,단독주택,단독주택,109,79.49,79.49,20140708,1,0,서울특별시 중랑구 신내동 278-106번지
11260,10600,0,0278,0209,,,일반건축물,제2종근린생활시설,제2종근린생활시설,330,171.33,231.73,20240202,3,0,서울특별시 중랑구 신내동 278-209번지
11260,10600,0,0278,0210,골드실버 벨,,일반건축물,제2종근린생활시설,근린생활시설,330,196.76,230.99,20231020,2,0,서울특별시 중랑구 신내동 278-210번지
11260,10600,0,0279,0000,,,일반건축물,단독주택,주택,0,171.45,171.45,,1,0,서울특별시 중랑구 신내동 279번지
11260,10600,0,0279,0002,포시즌빌,,표제부,공동주택,다세대주택,324,161.5,469.37,20160620,5,0,서울특별시 중랑구 신내동 279-2번지
11260,10600,0,0279,0003,,,일반건축물,제2종근린생활시설,제2종근린생활시설,471,231.36,394.06,20150825,2,0,서울특별시 중랑구 신내동 279-3번지
11260,10600,0,0279,0004,,,일반건축물,제2종근린생활시설,근린생활시설(사무소 및 소매점),353,194.5,526.42,20200630,2,1,서울특별시 중랑구 신내동 279-4번지
11260,10600,0,0279,0009,화목헌,,일반건축물,단독주택,다가구주택(단독주택)및 근린생활시설,359,192.11,662.37,20191224,4,1,서울특별시 중랑구 신내동 279-9번지
11260,10600,0,0279,0011,스타힐스,,표제부,공동주택,공동주택(도시형생활주택-단지형다세대),897,159.23,446.12,20220615,5,0,서울특별시 중랑구 신내동 279-11번지
11260,10600,0,0279,0011,스타힐스,,표제부,공동주택,공동주택(도시형생활주택-단지형다세대),897,141.85,429.52,20220615,5,0,서울특별시 중랑구 신내동 279-11번지
11260,10600,0,0279,0011,스타힐스,,표제부,공동주택,공동주택(도시형생활주택-단지형다세대)/근린생활시설,897,142.32,469.61,20220615,5,0,서울특별시 중랑구 신내동 279-11번지
11260,10600,0,0280,0004,,,일반건축물,단독주택,단독주택,93,46.22,169.89,20180426,4,1,서울특별시 중랑구 신내동 280-4번지
11260,10600,0,0281,0001,블랑쉬에,,표제부,공동주택,도시형생활주택 / 근린생활시설,560,142.56,479.92,20140627,4,1,서울특별시 중랑구 신내동 281-1번지
11260,10600,0,0281,0001,블랑쉬에,,표제부,공동주택,도시형생활주택,0,207.57,834.01,20190308,4,1,서울특별시 중랑구 신내동 281-1번지
11260,10600,0,0281,0002,,,일반건축물,창고시설,창고,0,19.89,19.89,19850629,1,0,서울특별시 중랑구 신내동 281-2번지
11260,10600,0,0282,0000,지오빌,,일반건축물,단독주택,다가구주택,269,155.31,399.42,20160620,4,0,서울특별시 중랑구 신내동 282번지
11260,10600,0,0283,0000,,,일반건축물,단독주택,주택,0,11.24,11.24,,1,0,서울특별시 중랑구 신내동 283번지
11260,10600,0,0283,0001,국공립새우개하나어린이집,,일반건축물,노유자시설,국공립어린이집,525,269.13,591.28,20200617,3,0,서울특별시 중랑구 신내동 283-1번지
11260,10600,0,0283,0005,,,일반건축물,단독주택,단독주택,271,85.72,308.38,20211230,3,1,서울특별시 중랑구 신내동 283-5번지
11260,10600,0,0283,0006,별하라운지,,일반건축물,제1종근린생활시설,단독주택/근린생활시설,125,69.29,267.33,20210503,3,1,서울특별시 중랑구 신내동 283-6번지
11260,10600,0,0283,0007,,,일반건축물,단독주택,다가구주택(6가구),188,112.07,267.68,20160323,4,0,서울특별시 중랑구 신내동 283-7번지
11260,10600,0,0283,0009,,,일반건축물,단독주택,단독주택(다가구주택),167,73.01,214.17,20170622,3,0,서울특별시 중랑구 신내동 283-9번지
11260,10600,0,0284,0003,,,일반건축물,단독주택,단독주택,300.49,116.7,199.34,19980513,1,1,서울특별시 중랑구 신내동 284-3번지
11260,10600,0,0284,0004,해피하우스,,일반건축물,단독주택,단독주택,182.8,106.81,273.64,20160421,4,0,서울특별시 중랑구 신내동 284-4번지
11260,10600,0,0284,0005,,,일반건축물,단독주택,단독주택/근린생활시설,184,110.23,275.09,20130430,4,0,서울특별시 중랑구 신내동 284-5번지
11260,10600,0,0284,0006,휴먼빌-B동,,일반건축물,단독주택,단독주택 및 근린생활시설,192,112.52,279.74,20171117,4,0,서울특별시 중랑구 신내동 284-6번지
11260,10600,0,0284,0007,의선재,,일반건축물,단독주택,다가구주택,287,172.02,373.47,20150901,3,0,서울특별시 중랑구 신내동 284-7번지
11260,10600,0,0284,0008,화목헌,,일반건축물,단독주택,단독주택(다가구주택) 및 근린생활시설,304,182,619.68,20191224,4,1,서울특별시 중랑구 신내동 284-8번지
11260,10600,0,0284,0010,THE-H,,일반건축물,단독주택,단독주택,333,195.45,494.63,20161014,4,0,서울특별시 중랑구 신내동 284-10번지
11260,10600,0,0284,0011,,,일반건축물,단독주택,다가구주택/근린생활시설,146,83.76,203.19,20160812,3,0,서울특별시 중랑구 신내동 284-11번지
11260,10600,0,0284,0022,현해아가,,일반건축물,단독주택,제1종근린생활시설 및 단독주택(다가구주택),215,128.58,321.88,20151120,4,0,서울특별시 중랑구 신내동 284-22번지
11260,10600,0,0284,0025,휴먼빌 A동,,일반건축물,단독주택,단독주택(다가구) 및 근린생활시설,360,215.79,491.65,20171120,4,0,서울특별시 중랑구 신내동 284-25번지
11260,10600,0,0284,0029,,,일반건축물,단독주택,주택,0,42.15,42.15,19850629,1,0,서울특별시 중랑구 신내동 284-29번지
11260,10600,0,0286,0000,,,일반건축물,단독주택,주택,0,71.4,71.4,,1,0,서울특별시 중랑구 신내동 286번지
11260,10600,0,0286,0000,,,일반건축물,단독주택,주택,0,57.52,57.52,,1,0,서울특별시 중랑구 신내동 286번지
11260,10600,0,0286,0000,,,일반건축물,단독주택,주택,0,15.54,15.54,,1,0,서울특별시 중랑구 신내동 286번지
11260,10600,0,0286,0000,,,일반건축물,단독주택,주택,0,39.01,39.01,,1,0,서울특별시 중랑구 신내동 286번지
11260,10600,0,0286,0003,오색하우스,,일반건축물,단독주택,단독주택/근린생활시설,322,193.02,465.58,20220120,4,0,서울특별시 중랑구 신내동 286-3번지
11260,10600,0,0286,0004,수안채,,일반건축물,단독주택,단독주택,219,128.52,326.38,20161013,4,0,서울특별시 중랑구 신내동 286-4번지
11260,10600,0,0286,0006,,,표제부,공동주택,공동주택(도시형생활주택),269,140.82,398.26,20121030,4,0,서울특별시 중랑구 신내동 286-6번지
11260,10600,0,0286,0008,,,일반건축물,단독주택,주택 및 점포,208,154,154,19850629,1,0,서울특별시 중랑구 신내동 286-8번지
11260,10600,0,0286,0009,,,일반건축물,단독주택,근린생활시설 및 다가구주택,313,187.04,459.17,20160504,4,0,서울특별시 중랑구 신내동 286-9번지
11260,10600,0,0286,0010,,,일반건축물,단독주택,주택,0,79,79,19860129,1,0,서울특별시 중랑구 신내동 286-10번지
11260,10600,0,0287,0001,,,일반건축물,단독주택,주택,0,85.95,85.95,,1,0,서울특별시 중랑구 신내동 287-1번지
11260,10600,0,0287,0001,,,일반건축물,단독주택,주택점포,294.21,42.02,42.02,19850629,1,0,서울특별시 중랑구 신내동 287-1번지
11260,10600,0,0287,0003,,,일반건축물,제1종근린생활시설,제1종근린생활시설(소매점),312,84,84,20210820,1,0,서울특별시 중랑구 신내동 287-3번지
11260,10600,0,0287,0004,,,일반건축물,단독주택,단독주택,185,85.24,85.24,19750916,1,0,서울특별시 중랑구 신내동 287-4번지
11260,10600,0,0287,0009,원천종합주류,,일반건축물,제2종근린생활시설,근린생활시설 및 일반창고,1823,363,891.77,20201231,3,0,서울특별시 중랑구 신내동 287-9번지
11260,10600,0,0287,0014,,,일반건축물,제2종근린생활시설,근린생활시설,330,197.88,197.88,20040420,1,0,서울특별시 중랑구 신내동 287-14번지
11260,10600,0,0287,0021,,,일반건축물,제2종근린생활시설,사무소,330,191,299.87,20160107,2,0,서울특별시 중랑구 신내동 287-21번지
11260,10600,0,0287,0029,,,일반건축물,제2종근린생활시설,"제1종, 제2종근린생활시설",410,243.02,486.04,20200520,2,0,서울특별시 중랑구 신내동 287-29번지
11260,10600,0,0287,0030,원천상가,,일반건축물,제1종근린생활시설,근린생활시설,397,79.38,332.18,20221230,1,1,서울특별시 중랑구 신내동 287-30번지
11260,10600,0,0289,0000,,,일반건축물,단독주택,주택,0,34.38,34.38,,1,0,서울특별시 중랑구 신내동 289번지
11260,10600,0,0289,0004,,,일반건축물,단독주택,주택,909,79.2,79.2,19840404,1,0,서울특별시 중랑구 신내동 289-4번지
11260,10600,0,0289,0005,에스빌,,일반건축물,제2종근린생활시설,단독주택(다가구주택/근린생활시설),223,133.51,427.69,20201221,3,1,서울특별시 중랑구 신내동 289-5번지
11260,10600,0,0289,0010,,,일반건축물,단독주택,주택,0,110.18,110.18,19541018,1,0,서울특별시 중랑구 신내동 289-10번지
11260,10600,0,0289,0011,,,일반건축물,창고시설,창고,0,31.67,31.67,19541018,1,0,서울특별시 중랑구 신내동 289-11번지
11260,10600,0,0290,0003,,,일반건축물,단독주택,단독주택,0,106.53,99.91,19970707,1,0,서울특별시 중랑구 신내동 290-3번지
11260,10600,0,0290,0003,,,일반건축물,단독주택,단독주택(다용도실),0,66,66,19970707,1,0,서울특별시 중랑구 신내동 290-3번지
11260,10600,0,0290,0005,,,일반건축물,제2종근린생활시설,근생&다가구주택(6가구),668,342.12,1269.11,20171120,3,1,서울특별시 중랑구 신내동 290-5번지
11260,10600,0,0290,0006,,,일반건축물,동물및식물관련시설,콩나물 재배사,1524,903.16,881.74,20101123,1,0,서울특별시 중랑구 신내동 290-6번지
11260,10600,0,0290,0007,,,일반건축물,동물및식물관련시설,콩나물 재배사,508,301.76,301.76,20101123,1,0,서울특별시 중랑구 신내동 290-7번지
11260,10600,0,0290,0008,,,일반건축물,동물및식물관련시설,콩나물 재배사,508,297.27,297.27,20101126,1,0,서울특별시 중랑구 신내동 290-8번지
11260,10600,0,0290,0013,,,일반건축물,동물및식물관련시설,콩나물 재배사,508,174.72,174.97,20101208,1,0,서울특별시 중랑구 신내동 290-13번지
11260,10600,0,0290,0013,,,일반건축물,동물및식물관련시설,콩나물 재배사,508,94.16,94.16,20101208,1,0,서울특별시 중랑구 신내동 290-13번지
11260,10600,0,0290,0014,,,일반건축물,제2종근린생활시설,제2종근린생활시설,330,60,60,20180511,1,0,서울특별시 중랑구 신내동 290-14번지
11260,10600,0,0290,0016,영예빌라,,표제부,공동주택,도시형생활주택(단지형다세대주택),0,147.66,464.34,20150617,5,0,서울특별시 중랑구 신내동 290-16번지
11260,10600,0,0290,0016,영예빌라,,표제부,공동주택,도시형생활주택(단지형다세대주택)/근린생활시설,0,96.72,225.34,20151214,3,0,서울특별시 중랑구 신내동 290-16번지
11260,10600,0,0291,0003,,,일반건축물,단독주택,단독주택(다가구주택),182,88.27,271.5,20110802,4,0,서울특별시 중랑구 신내동 291-3번지
11260,10600,0,0294,0000,,,일반건축물,제2종근린생활시설,제2종근린생활시설,372,170.72,231.38,20200221,2,0,서울특별시 중랑구 신내동 294번지
11260,10600,0,0296,0000,,,일반건축물,단독주택,주택,0,107.14,173.85,19681003,2,0,서울특별시 중랑구 신내동 296번지
11260,10600,0,0297,0002,,,일반건축물,제2종근린생활시설,제2종근린생활시설,330,197.73,197.73,20060912,1,0,서울특별시 중랑구 신내동 297-2번지
11260,10600,0,0297,0004,,,일반건축물,창고시설,농업용창고,300,150.07,149.85,20110928,1,0,서울특별시 중랑구 신내동 297-4번지
11260,10600,0,0305,0000,,,일반건축물,단독주택,주택,525.62,81.59,81.59,19850629,1,0,서울특별시 중랑구 신내동 305번지
11260,10600,0,0311,0000,,,일반건축물,단독주택,주택,843,63.45,63.45,19850629,1,0,서울특별시 중랑구 신내동 311번지
11260,10600,0,0312,0001,,,일반건축물,제2종근린생활시설,근린생활시설,300,148.57,231.42,20180727,2,0,서울특별시 중랑구 신내동 312-1번지
11260,10600,0,0312,0007,,,일반건축물,제2종근린생활시설,근린생활시설및단독주택,300,149.27,231.81,20180731,3,0,서울특별시 중랑구 신내동 312-7번지
11260,10600,0,0312,0008,,,일반건축물,제2종근린생활시설,근린생활시설,300,133.32,294.37,20180731,3,0,서울특별시 중랑구 신내동 312-8번지
11260,10600,0,0312,0009,,,일반건축물,제2종근린생활시설,제2종근린생활시설,300,147.72,208.03,20180731,2,0,서울특별시 중랑구 신내동 312-9번지
11260,10600,0,0315,0001,신내동 의료안심주택,,표제부,공동주택,아파트,0,1133.73,5796.47,20151029,7,1,서울특별시 중랑구 신내동 315-1번지
11260,10600,0,0315,0001,신내동 의료안심주택,,표제부,공동주택,아파트,0,1015.5,4439.33,20151029,7,1,서울특별시 중랑구 신내동 315-1번지
11260,10600,0,0315,0001,신내동 의료안심주택,,표제부,공동주택,지하주차장,0,0,2863.78,20151029,0,1,서울특별시 중랑구 신내동 315-1번지
11260,10600,0,0315,0003,,,표제부,자동차관련시설,"자동차관련시설, 근린생활시설",1329.5,1057.5,5252.38,20101203,2,3,서울특별시 중랑구 신내동 315-3번지
11260,10600,0,0315,0004,대한예수교장로회 우림교회,,일반건축물,종교시설,종교시설,564.4,337.71,1074.56,20120723,3,1,서울특별시 중랑구 신내동 315-4번지
11260,10600,0,0315,0009,환경교육센터,,일반건축물,제1종근린생활시설,주민공동이용시설,2240.6,320.66,755.73,20211224,2,1,서울특별시 중랑구 신내동 315-9번지
11260,10600,0,0317,0000,데시앙,,표제부,공동주택,보육시설,0,0,172.848,20100108,1,0,서울특별시 중랑구 신내동 317번지
11260,10600,0,0317,0000,데시앙,,표제부,공동주택,아파트,0,505.284,5863.498,20100108,15,1,서울특별시 중랑구 신내동 317번지
11260,10600,0,0317,0000,데시앙,,표제부,공동주택,통신실,0,0,275.809,20100108,0,1,서울특별시 중랑구 신내동 317번지
11260,10600,0,0317,0000,데시앙,,표제부,공동주택,경비실,0,0,13.369,20100108,1,0,서울특별시 중랑구 신내동 317번지
11260,10600,0,0317,0000,데시앙,,표제부,공동주택,아파트,0,1035.505,13634.548,20100108,15,1,서울특별시 중랑구 신내동 317번지
11260,10600,0,0317,0000,데시앙,,표제부,공동주택,아파트,0,607.955,7850.562,20100108,15,1,서울특별시 중랑구 신내동 317번지
11260,10600,0,0317,0000,데시앙,,표제부,제2종근린생활시설,제2종근린생활시설,0,667.383,1004.569,20100108,2,0,서울특별시 중랑구 신내동 317번지
11260,10600,0,0317,0000,데시앙,,표제부,공동주택,경비실,0,0,13.369,20100108,1,0,서울특별시 중랑구 신내동 317번지
11260,10600,0,0317,0000,데시앙,,표제부,공동주택,아파트,0,675.077,8708.684,20100108,15,1,서울특별시 중랑구 신내동 317번지
11260,10600,0,0317,0000,데시앙,,표제부,공동주택,아파트,0,663.445,7976.283,20100108,15,1,서울특별시 중랑구 신내동 317번지
11260,10600,0,0317,0000,데시앙,,표제부,공동주택,"독서실,문고",0,0,336.116,20100108,0,1,서울특별시 중랑구 신내동 317번지
11260,10600,0,0317,0000,데시앙,,표제부,공동주택,주민공동시설,0,0,160.157,20100108,1,0,서울특별시 중랑구 신내동 317번지
11260,10600,0,0317,0000,데시앙,,표제부,공동주택,"전기실,발전기실",0,0,261.847,20100108,0,1,서울특별시 중랑구 신내동 317번지
11260,10600,0,0317,0000,데시앙,,표제부,공동주택,아파트,0,721.581,8827.472,20100108,15,1,서울특별시 중랑구 신내동 317번지
11260,10600,0,0317,0000,데시앙,,표제부,공동주택,주민공동시설,0,0,379.642,20100108,0,1,서울특별시 중랑구 신내동 317번지
11260,10600,0,0317,0000,데시앙,,표제부,공동주택,경비실,0,0,13.369,20100108,1,0,서울특별시 중랑구 신내동 317번지
11260,10600,0,0317,0000,데시앙,,표제부,공동주택,주민공동시설,0,0,202.724,20100108,1,0,서울특별시 중랑구 신내동 317번지
11260,10600,0,0317,0000,데시앙,,표제부,공동주택,"펌프실,열교환실",0,0,594.086,20100108,0,1,서울특별시 중랑구 신내동 317번지
11260,10600,0,0317,0000,데시앙,,표제부,공동주택,지하주차장,0,0,11894.901,20100108,0,1,서울특별시 중랑구 신내동 317번지
11260,10600,0,0317,0000,데시앙,,표제부,공동주택,아파트,0,959.162,12316.966,20100108,15,1,서울특별시 중랑구 신내동 317번지
11260,10600,0,0317,0000,데시앙,,표제부,공동주택,아파트,0,496.713,5864.554,20100108,15,1,서울특별시 중랑구 신내동 317번지
11260,10600,0,0317,0000,데시앙,,표제부,공동주택,지하주차장,0,0,22017.516,20100108,0,1,서울특별시 중랑구 신내동 317번지
11260,10600,0,0317,0000,데시앙,,표제부,공동주택,아파트,0,463.015,6122.878,20100108,15,1,서울특별시 중랑구 신내동 317번지
11260,10600,0,0317,0000,데시앙,,표제부,공동주택,"옥외코어,창고",0,0,377.396,20100108,1,1,서울특별시 중랑구 신내동 317번지
11260,10600,0,0317,0000,데시앙,,표제부,공동주택,아파트,0,686.737,8834.842,20100108,15,1,서울특별시 중랑구 신내동 317번지
11260,10600,0,0317,0000,데시앙,,표제부,공동주택,아파트,0,868.993,10829.608,20100108,15,1,서울특별시 중랑구 신내동 317번지
11260,10600,0,0317,0000,데시앙,,표제부,공동주택,아파트,0,868.993,10039.46,20100108,15,1,서울특별시 중랑구 신내동 317번지
11260,10600,0,0317,0000,데시앙,,표제부,공동주택,아파트,0,663.445,7976.283,20100108,15,1,서울특별시 중랑구 신내동 317번지
11260,10600,0,0317,0000,데시앙,,표제부,공동주택,아파트,0,463.015,6122.878,20100108,15,1,서울특별시 중랑구 신내동 317번지
11260,10600,0,0317,0000,데시앙,,표제부,공동주택,"관리사무소,방재센터,MDF실",0,0,288.522,20100108,0,1,서울특별시 중랑구 신내동 317번지
11260,10600,0,0317,0000,데시앙,,표제부,공동주택,경로당,0,0,191.537,20100108,1,0,서울특별시 중랑구 신내동 317번지
11260,10600,0,0317,0000,데시앙,,표제부,공동주택,주민운동시설,0,0,599.018,20100108,0,1,서울특별시 중랑구 신내동 317번지
11260,10600,0,0317,0000,데시앙,,표제부,공동주택,아파트,0,868.993,10921.538,20100108,15,1,서울특별시 중랑구 신내동 317번지
11260,10600,0,0317,0002,공원관리사무소,,일반건축물,제2종근린생활시설,"관리사무소,화장실",0,142.05,131.83,20100630,1,0,서울특별시 중랑구 신내동 317-2번지
11260,10600,0,0317,0006,,,표제부,제1종근린생활시설,제1종근린생활시설,677,406.1,2920.6,20140820,5,2,서울특별시 중랑구 신내동 317-6번지
11260,10600,0,0317,0008,신내가스충전소,,일반건축물,위험물저장및처리시설,위험물저장및처리시설(액화석유가스충전소),0,157.52,585.42,20100531,3,1,서울특별시 중랑구 신내동 317-8번지
11260,10600,0,0317,0008,신내가스충전소,,일반건축물,위험물저장및처리시설,위험물저장및처리시설(액화석유가스충전소),0,93.02,93.02,20100531,1,0,서울특별시 중랑구 신내동 317-8번지
11260,10600,0,0317,0008,신내가스충전소,,일반건축물,위험물저장및처리시설,위험물저장및처리시설(액화석유가스충전소),0,20.62,20.62,20100531,1,0,서울특별시 중랑구 신내동 317-8번지
11260,10600,0,0317,0009,,,일반건축물,제2종근린생활시설,근린생활시설,456,184.69,354.55,20140401,2,0,서울특별시 중랑구 신내동 317-9번지
11260,10600,0,0321,0020,,,일반건축물,단독주택,단독주택,330,194.24,231.48,20130521,3,0,서울특별시 중랑구 신내동 321-20번지
11260,10600,0,0321,0021,청향헌,,일반건축물,제2종근린생활시설,근린생활시설 및 단독주택,367,219.52,231.09,20130404,3,0,서울특별시 중랑구 신내동 321-21번지
11260,10600,0,0321,0022,,,일반건축물,제1종근린생활시설,근린생활시설,330,197,197,20140917,1,0,서울특별시 중랑구 신내동 321-22번지
11260,10600,0,0321,0023,,,일반건축물,창고시설,창고시설(농산물저장창고),434,150.13,149.37,20140917,1,0,서울특별시 중랑구 신내동 321-23번지
11260,10600,0,0322,0000,,,일반건축물,단독주택,주택,0,75.37,75.37,,1,0,서울특별시 중랑구 신내동 322번지
11260,10600,0,0322,0001,,,일반건축물,제2종근린생활시설,근린생활시설,200,117.77,117.77,20120827,1,0,서울특별시 중랑구 신내동 322-1번지
11260,10600,0,0323,0001,.,,일반건축물,제2종근린생활시설,근린생활시설 및 단독주택,202,102.97,266.66,20030220,3,0,서울특별시 중랑구 신내동 323-1번지
11260,10600,0,0324,0003,,,일반건축물,제1종근린생활시설,근린생활시설,118,70.35,70.35,20140514,1,0,서울특별시 중랑구 신내동 324-3번지
11260,10600,0,0324,0004,,,일반건축물,창고시설,창고시설,326.56,64,64,20040805,1,0,서울특별시 중랑구 신내동 324-4번지
11260,10600,0,0324,0006,,,일반건축물,제2종근린생활시설,근린생활시설,302,180.87,180.87,20230112,1,0,서울특별시 중랑구 신내동 324-6번지
11260,10600,0,0324,0013,,,일반건축물,제2종근린생활시설,"단독주택, 근린생활시설",289,160.12,229.83,20230116,2,0,서울특별시 중랑구 신내동 324-13번지
11260,10600,0,0326,0000,,,일반건축물,제2종근린생활시설,근린생활시설,330,197.28,299.88,20051223,2,0,서울특별시 중랑구 신내동 326번지
11260,10600,0,0326,0002,,,일반건축물,창고시설,창고시설,816,99,99,20060621,1,0,서울특별시 중랑구 신내동 326-2번지
11260,10600,0,0328,0001,,,일반건축물,제1종근린생활시설,제1종근린생활시설,0,900.4,887.4,20111229,1,0,서울특별시 중랑구 신내동 328-1번지
11260,10600,0,0328,0001,,,일반건축물,제2종근린생활시설,제2종근린생활시설,0,118.1,112.5,20111229,1,0,서울특별시 중랑구 신내동 328-1번지
11260,10600,0,0328,0003,대한예수교장로회충진교회,,일반건축물,종교시설,종교시설,500,245.04,456.45,20130809,2,0,서울특별시 중랑구 신내동 328-3번지
11260,10600,0,0328,0009,,,일반건축물,단독주택,"다가구주택, 제2종근린생활시설",169,97.22,258.03,20150701,3,0,서울특별시 중랑구 신내동 328-9번지
11260,10600,0,0328,0010,안승파크,,표제부,공동주택,공동주택(도시형생활주택-단지형다세대),337,173.52,498.72,20221116,5,0,서울특별시 중랑구 신내동 328-10번지
11260,10600,0,0328,0011,,,일반건축물,단독주택,단독주택,338,183.88,265.4,19960730,2,0,서울특별시 중랑구 신내동 328-11번지
11260,10600,0,0329,0004,,,일반건축물,제2종근린생활시설,"소매점,사무소,단독주택",291,163.02,434.56,20160902,3,0,서울특별시 중랑구 신내동 329-4번지
11260,10600,0,0329,0005,아티젼,,일반건축물,단독주택,다가구주택 / 제2종근린생활시설,334,188.59,455.57,20131121,3,0,서울특별시 중랑구 신내동 329-5번지
11260,10600,0,0329,0006,포시즌파크빌,,표제부,공동주택,도시형생활주택(단지형다세대),0,186.57,554.81,20160819,5,0,서울특별시 중랑구 신내동 329-6번지
11260,10600,0,0329,0006,포시즌파크빌,,표제부,공동주택,도시형생활주택(단지형다세대),0,174.43,522.27,20160819,5,0,서울특별시 중랑구 신내동 329-6번지
11260,10600,0,0329,0006,포시즌파크빌,,표제부,공동주택,도시형생활주택(단지형다세대),0,131.23,391.77,20160819,5,0,서울특별시 중랑구 신내동 329-6번지
11260,10600,0,0330,0005,,,일반건축물,단독주택,단독주택 및 근린생활시설,345,196.47,228.6,20220208,3,0,서울특별시 중랑구 신내동 330-5번지
11260,10600,0,0330,0006,,,일반건축물,단독주택,제2종근린생활시설 및 단독주택,658,392.29,574.48,20120705,2,0,서울특별시 중랑구 신내동 330-6번지
11260,10600,0,0331,0004,,,일반건축물,단독주택,단독주택,287,142.38,230.13,20190730,3,0,서울특별시 중랑구 신내동 331-4번지
11260,10600,0,0331,0008,,,일반건축물,단독주택,단독주택,367,160.74,153.47,20241218,2,0,서울특별시 중랑구 신내동 331-8번지
11260,10600,0,0331,0011,,,일반건축물,제1종근린생활시설,제1종근린생활시설,0,49.75,49.75,19671122,1,0,서울특별시 중랑구 신내동 331-11번지
11260,10600,0,0331,0024,,,일반건축물,제2종근린생활시설,근린생활시설,291,163.75,160.63,20011004,1,0,서울특별시 중랑구 신내동 331-24번지
11260,10600,0,0331,0025,단독주택및창고,,일반건축물,제2종근린생활시설,제2종근린생활시설/창고시설,130.88,25.9,51.8,20070130,2,0,서울특별시 중랑구 신내동 331-25번지
11260,10600,0,0331,0026,,,일반건축물,단독주택,주택,66,35.4,35.4,19850629,1,0,서울특별시 중랑구 신내동 331-26번지
11260,10600,0,0331,0027,,,일반건축물,단독주택,단독주택,202.89,110.51,193.06,20020422,2,0,서울특별시 중랑구 신내동 331-27번지
11260,10600,0,0331,0036,,,일반건축물,제2종근린생활시설,제조업소,318,168.64,168.64,20100429,1,0,서울특별시 중랑구 신내동 331-36번지
11260,10600,0,0331,0044,,,일반건축물,창고시설,창고시설,287,150.27,149.76,20140915,1,0,서울특별시 중랑구 신내동 331-44번지
11260,10600,0,0331,0046,,,일반건축물,제2종근린생활시설,근린생활시설,330,142.41,205.01,20180906,2,0,서울특별시 중랑구 신내동 331-46번지
11260,10600,0,0332,0000,,,일반건축물,제2종근린생활시설,제2종근린생활시설,330,197.68,197.68,20060627,1,0,서울특별시 중랑구 신내동 332번지
11260,10600,0,0332,0002,,,일반건축물,제2종근린생활시설,제2종근린생활시설,336,66.6,66.6,20070427,1,0,서울특별시 중랑구 신내동 332-2번지
11260,10600,0,0334,0000,,,일반건축물,단독주택,주택,0,24.13,24.13,,1,0,서울특별시 중랑구 신내동 334번지
11260,10600,0,0335,0000,,,일반건축물,제1종근린생활시설,제2종근린생활시설 및 단독주택,330,166.88,437.12,20160425,3,0,서울특별시 중랑구 신내동 335번지
11260,10600,0,0337,0012,,,일반건축물,단독주택,근린생활시설 및 단독주택,330,186.48,229.44,20180112,2,0,서울특별시 중랑구 신내동 337-12번지
11260,10600,0,0337,0013,,,일반건축물,제2종근린생활시설,근린생활시설,330,195.07,228.03,20170823,3,0,서울특별시 중랑구 신내동 337-13번지
11260,10600,0,0337,0014,,,일반건축물,제1종근린생활시설,"제1,2종근린생활시설(소매점,휴게음식점)",298,165.37,230.83,20180206,2,0,서울특별시 중랑구 신내동 337-14번지
11260,10600,0,0341,0000,,,일반건축물,단독주택,주택,0,16.86,16.86,,1,0,서울특별시 중랑구 신내동 341번지
11260,10600,0,0342,0000,,,일반건축물,단독주택,주택,0,63.14,63.14,,1,0,서울특별시 중랑구 신내동 342번지
11260,10600,0,0342,0000,,,일반건축물,단독주택,주택,0,37.36,37.36,,1,0,서울특별시 중랑구 신내동 342번지
11260,10600,0,0342,0000,,,일반건축물,단독주택,주택,0,62.81,62.81,,1,0,서울특별시 중랑구 신내동 342번지
11260,10600,0,0342,0001,,,일반건축물,제2종근린생활시설,근린생활시설,330,196.55,196.02,20020401,1,0,서울특별시 중랑구 신내동 342-1번지
11260,10600,0,0342,0006,,,일반건축물,제2종근린생활시설,근린생활시설및주택,242,107.03,299.43,19980605,2,1,서울특별시 중랑구 신내동 342-6번지
11260,10600,0,0342,0007,,,일반건축물,단독주택,단독주택(다가구주택)/근린생활시설,190,97.63,281.48,20170515,4,0,서울특별시 중랑구 신내동 342-7번지
11260,10600,0,0342,0008,,,일반건축물,제1종근린생활시설,주택점포,175,153.94,153.94,19850629,1,0,서울특별시 중랑구 신내동 342-8번지
11260,10600,0,0342,0011,다솜하우징,,일반건축물,단독주택,단독주택(다가구/근린생활시설),109,62.09,132.5,20170118,3,0,서울특별시 중랑구 신내동 342-11번지
11260,10600,0,0343,0000,애심헌,,일반건축물,단독주택,단독주택/근린생활시설,322,192.43,431.23,20140829,3,0,서울특별시 중랑구 신내동 343번지
11260,10600,0,0344,0001,,,일반건축물,제2종근린생활시설,제2종근린생활시설,168,99.16,250.58,20141231,3,0,서울특별시 중랑구 신내동 344-1번지
11260,10600,0,0344,0008,,,일반건축물,단독주택,",다가구주택(2가구)",79,41.53,102.8,20170112,3,0,서울특별시 중랑구 신내동 344-8번지
11260,10600,0,0344,0010,,,일반건축물,단독주택,단독주택,310,163.5,438.68,20161215,4,0,서울특별시 중랑구 신내동 344-10번지
11260,10600,0,0344,0012,,,일반건축물,제2종근린생활시설,제2종근린생활시설,117,67.92,170.33,20151203,3,0,서울특별시 중랑구 신내동 344-12번지
11260,10600,0,0344,0013,,,일반건축물,단독주택,단독주택,110,65.96,161.37,20150605,4,0,서울특별시 중랑구 신내동 344-13번지
11260,10600,0,0344,0014,양평식당,,일반건축물,단독주택,근린생활시설 및 다가구주택,110,63.83,150.21,20150507,3,0,서울특별시 중랑구 신내동 344-14번지
11260,10600,0,0344,0015,,,일반건축물,단독주택,단독주택/근린생활시설,74,36.05,92.32,20140602,3,0,서울특별시 중랑구 신내동 344-15번지
11260,10600,0,0345,0001,,,일반건축물,제2종근린생활시설,제2종근린생활시설,258,130.36,448.85,20140612,4,1,서울특별시 중랑구 신내동 345-1번지
11260,10600,0,0345,0002,,,일반건축물,단독주택,다가구주택,742,185.35,321.03,20120213,2,0,서울특별시 중랑구 신내동 345-2번지
11260,10600,0,0345,0004,기지에너지주유소,,일반건축물,위험물저장및처리시설,위험물저장및처리시설(주유소),1301,558.17,895.59,20260108,2,0,서울특별시 중랑구 신내동 345-4번지
11260,10600,0,0345,0008,,,일반건축물,단독주택,제2종근린생활시설 및 다가구주택,224,129.38,334.58,20131216,4,0,서울특별시 중랑구 신내동 345-8번지
11260,10600,0,0348,0000,,,일반건축물,단독주택,주택,0,61.82,61.82,,1,0,서울특별시 중랑구 신내동 348번지
11260,10600,0,0352,0000,,,일반건축물,위험물저장및처리시설,위험물저장및처리시설(주유소),0,111.76,111.76,20061206,1,0,서울특별시 중랑구 신내동 352번지
11260,10600,0,0352,0000,,,일반건축물,위험물저장및처리시설,위험물저장및처리시설(주유소),0,71.64,143.28,20061206,2,0,서울특별시 중랑구 신내동 352번지
11260,10600,0,0352,0003,,,일반건축물,제2종근린생활시설,2종근린생활시설,556,252.29,397.18,19950523,1,1,서울특별시 중랑구 신내동 352-3번지
11260,10600,0,0353,0000,신내동 353,,일반건축물,위험물저장및처리시설,위험물저장및처리시설,73,6.48,6.48,20260601,1,0,서울특별시 중랑구 신내동 353번지
11260,10600,0,0376,0025,,,일반건축물,창고시설,농산물저장창고,300,150.11,149.76,20180515,1,0,서울특별시 중랑구 신내동 376-25번지
11260,10600,0,0376,0027,,,일반건축물,동물및식물관련시설,동.식물관련시설,0,184.68,184.68,20210818,1,0,서울특별시 중랑구 신내동 376-27번지
11260,10600,0,0376,0027,,,일반건축물,동물및식물관련시설,동.식물관련시설,0,315.23,315.23,20210818,1,0,서울특별시 중랑구 신내동 376-27번지
11260,10600,0,0376,0029,,,일반건축물,단독주택,단독주택,330,171.18,230.68,20180420,3,0,서울특별시 중랑구 신내동 376-29번지
11260,10600,0,0376,0030,,,일반건축물,단독주택,단독주택,330,194.82,228.13,20180420,3,0,서울특별시 중랑구 신내동 376-30번지
11260,10600,0,0376,0037,,,일반건축물,동물및식물관련시설,동.식물관련시설,0,137.9,137.9,20210818,1,0,서울특별시 중랑구 신내동 376-37번지
11260,10600,0,0376,0037,,,일반건축물,동물및식물관련시설,동.식물관련시설,0,151.6,151.6,20210818,1,0,서울특별시 중랑구 신내동 376-37번지
11260,10600,0,0379,0001,,,일반건축물,단독주택,단독주택및창고,329.39,160.2,160.2,19990618,1,0,서울특별시 중랑구 신내동 379-1번지
11260,10600,0,0382,0004,꿈의교회,,일반건축물,제2종근린생활시설,근린생활시설,509,305.1,2000.79,19951220,6,2,서울특별시 중랑구 신내동 382-4번지
11260,10600,0,0382,0006,스마트빌,,표제부,공동주택,공동주택,0,159.52,715.225,20160524,6,1,서울특별시 중랑구 신내동 382-6번지
11260,10600,0,0382,0006,스마트빌,,표제부,공동주택,공동주택,0,167.52,756.015,20160524,6,1,서울특별시 중랑구 신내동 382-6번지
11260,10600,0,0382,0006,스마트빌,,표제부,공동주택,공동주택,0,152.32,729.665,20160524,6,1,서울특별시 중랑구 신내동 382-6번지
11260,10600,0,0382,0006,스마트빌,,표제부,공동주택,공동주택,0,159.52,726.985,20160524,6,1,서울특별시 중랑구 신내동 382-6번지
11260,10600,0,0383,0000,,,일반건축물,단독주택,주택,0,55.21,55.21,,1,0,서울특별시 중랑구 신내동 383번지
11260,10600,0,0383,0001,,,일반건축물,제2종근린생활시설,근린생활시설(일반음식점),384,198.19,198.19,20000104,1,0,서울특별시 중랑구 신내동 383-1번지
11260,10600,0,0384,0004,,,일반건축물,제2종근린생활시설,근린생활시설,615,307.23,928.59,20150113,4,0,서울특별시 중랑구 신내동 384-4번지
11260,10600,0,0384,0006,,,일반건축물,제2종근린생활시설,제2종근린생활시설,784,156.6,313.2,20250523,2,0,서울특별시 중랑구 신내동 384-6번지
11260,10600,0,0384,0009,,,일반건축물,제2종근린생활시설,제2종근린생활시설,659,329,432.57,20121207,2,0,서울특별시 중랑구 신내동 384-9번지
11260,10600,0,0385,0000,,,일반건축물,제2종근린생활시설,근린생활시설,962,192.08,576.24,20190627,2,1,서울특별시 중랑구 신내동 385번지
11260,10600,0,0385,0007,,,일반건축물,제2종근린생활시설,제2종근린생활시설,330,196.98,196.98,20051216,1,0,서울특별시 중랑구 신내동 385-7번지
11260,10600,0,0386,0000,,,일반건축물,단독주택,주택,0,11.24,11.24,,1,0,서울특별시 중랑구 신내동 386번지
11260,10600,0,0387,0001,삼부그린스포츠센터,,일반건축물,제2종근린생활시설,근린생활시설 및 운동시설,7609.33,3762.88,9848.16,20040428,4,1,서울특별시 중랑구 신내동 387-1번지
11260,10600,0,0391,0004,청기와타운,,표제부,공동주택,"근린생활시설,연립주택(19가구)",758,454.43,2493.9,19970620,5,1,서울특별시 중랑구 신내동 391-4번지
11260,10600,0,0391,0005,,,일반건축물,단독주택,단독주택,57.56,35.19,164.9,20010827,5,0,서울특별시 중랑구 신내동 391-5번지
11260,10600,0,0392,0001,,,일반건축물,제2종근린생활시설,근린생활시설,331,164.85,164.85,20170512,1,0,서울특별시 중랑구 신내동 392-1번지
11260,10600,0,0392,0002,그린빌,,일반건축물,단독주택,다가구주택 및 소매점,152,91.1,258.32,20150415,4,0,서울특별시 중랑구 신내동 392-2번지
11260,10600,0,0392,0004,중랑푸드마켓·뱅크센터,,일반건축물,제2종근린생활시설,근린생활시설,288,127.47,257.58,19771128,2,1,서울특별시 중랑구 신내동 392-4번지
11260,10600,0,0393,0001,리치빌,,표제부,공동주택,다세대주택,455,210.48,653.91,20100603,5,0,서울특별시 중랑구 신내동 393-1번지
11260,10600,0,0393,0005,,,일반건축물,제2종근린생활시설,근린생활시설,418,250.32,1627.25,19970109,6,1,서울특별시 중랑구 신내동 393-5번지
11260,10600,0,0393,0017,리치하우스,,표제부,공동주택,공동주택(다세대주택)/근린생활시설,421,208.63,996.28,20230726,8,1,서울특별시 중랑구 신내동 393-17번지
11260,10600,0,0393,0018,남양아트빌,,표제부,공동주택,다세대주택,1009,184.5,638.88,20100429,5,0,서울특별시 중랑구 신내동 393-18번지
11260,10600,0,0393,0018,남양아트빌,,표제부,공동주택,다세대주택,1009,184.5,638.88,20100429,5,0,서울특별시 중랑구 신내동 393-18번지
11260,10600,0,0393,0018,남양아트빌,,표제부,공동주택,다세대주택,1009,90.9,352.68,20100429,5,0,서울특별시 중랑구 신내동 393-18번지
11260,10600,0,0394,0009,,,일반건축물,제2종근린생활시설,근린생활시설및단독주택(1가구),365,218.6,1630.04,19951205,6,2,서울특별시 중랑구 신내동 394-9번지
11260,10600,0,0395,0003,,,일반건축물,제2종근린생활시설,근린생활시설및자동차관련시설,325,172.8,172.8,19980723,1,0,서울특별시 중랑구 신내동 395-3번지
11260,10600,0,0395,0015,로뎀하이빌,,표제부,공동주택,공동주택(도시형생활주택-단지형다세대),710,191.95,652.01,20230711,6,0,서울특별시 중랑구 신내동 395-15번지
11260,10600,0,0395,0015,로뎀하이빌,,표제부,공동주택,"공동주택(도시형생활주택-단지형다세대),근린생활시설",710,199.4,761.65,20230711,6,1,서울특별시 중랑구 신내동 395-15번지
11260,10600,0,0396,0008,,,일반건축물,제1종근린생활시설,근린생활시설및주택,120,59.85,179.55,19880121,2,1,서울특별시 중랑구 신내동 396-8번지
11260,10600,0,0396,0009,,,일반건축물,제2종근린생활시설,근린생활시설,109,64.68,119.88,20010925,2,0,서울특별시 중랑구 신내동 396-9번지
11260,10600,0,0396,0012,,,일반건축물,제2종근린생활시설,제2종근린생활시설,89,44.04,220.2,19930113,4,1,서울특별시 중랑구 신내동 396-12번지
11260,10600,0,0396,0013,,,일반건축물,제2종근린생활시설,근린생활시설,177,86.16,494.45,19940214,5,1,서울특별시 중랑구 신내동 396-13번지
11260,10600,0,0396,0032,,,일반건축물,제1종근린생활시설,근린생활시설및단독주택,366,198.51,1020.47,19990807,5,1,서울특별시 중랑구 신내동 396-32번지
11260,10600,0,0397,0000,동성아파트,,표제부,공동주택,아파트,46312,7903.139,12627.46,19970507,15,2,서울특별시 중랑구 신내동 397번지
11260,10600,0,0397,0000,동성아파트,,표제부,공동주택,공동주택,32743.1,3751.04,18491.81,19930205,15,1,서울특별시 중랑구 신내동 397번지
11260,10600,0,0397,0000,근린생활시설동,,표제부,제1종근린생활시설,제1종근린생활시설,46312,7903.139,229.05,19970507,1,1,서울특별시 중랑구 신내동 397번지
11260,10600,0,0397,0000,동성아파트,,표제부,공동주택,아파트,46312,7903.139,17135.68,19970507,15,2,서울특별시 중랑구 신내동 397번지
11260,10600,0,0397,0000,동성아파트,,표제부,공동주택,공동주택,32743.1,3751.04,12069.16,19930205,15,1,서울특별시 중랑구 신내동 397번지
11260,10600,0,0397,0000,동성아파트,,표제부,공동주택,공동주택,33599,648.57,15790.24,19931125,20,1,서울특별시 중랑구 신내동 397번지
11260,10600,0,0397,0000,동성아파트,,표제부,공동주택,공동주택,33599,586.78,13085.03,19931125,17,1,서울특별시 중랑구 신내동 397번지
11260,10600,0,0397,0000,동성아파트,,표제부,공동주택,공동주택,32743.1,3751.4,20699.31,19930205,15,1,서울특별시 중랑구 신내동 397번지
11260,10600,0,0397,0000,동성아파트,,표제부,공동주택,공동주택,32743.1,3751.04,12409.07,19930205,15,1,서울특별시 중랑구 신내동 397번지
11260,10600,0,0397,0000,동성아파트,,표제부,공동주택,아파트,33599,580.37,2001.6,19931125,3,1,서울특별시 중랑구 신내동 397번지
11260,10600,0,0397,0000,동성아파트,,표제부,공동주택,아파트,46312,7903.139,19814.55,19970507,20,2,서울특별시 중랑구 신내동 397번지
11260,10600,0,0398,0002,,,일반건축물,제1종근린생활시설,근린생활시설 및 주택,205.62,101.99,333.29,19910903,3,1,서울특별시 중랑구 신내동 398-2번지
11260,10600,0,0398,0004,,,일반건축물,제2종근린생활시설,근린생활시설및주택,150.145,89.34,328.71,19951124,4,1,서울특별시 중랑구 신내동 398-4번지
11260,10600,0,0399,0002,프로디자인 사옥,,일반건축물,제2종근린생활시설,근린생활시설,123.63,61.48,187.73,20201222,4,0,서울특별시 중랑구 신내동 399-2번지
11260,10600,0,0399,0003,,,일반건축물,제1종근린생활시설,근린생활시설및주택,173.13,79.76,396.02,19920902,4,1,서울특별시 중랑구 신내동 399-3번지
11260,10600,0,0401,0000,,,일반건축물,단독주택,단독주택,119,68.52,183.81,20010724,3,0,서울특별시 중랑구 신내동 401번지
11260,10600,0,0405,0001,쇼킹마트,,일반건축물,제2종근린생활시설,근린생활시설,2185,1243.11,1557.17,19990730,2,0,서울특별시 중랑구 신내동 405-1번지
11260,10600,0,0405,0003,,,일반건축물,제1종근린생활시설,근린생활시설,902,391.31,421.19,19971202,1,1,서울특별시 중랑구 신내동 405-3번지
11260,10600,0,0405,0005,"A동,B동",,일반건축물,제2종근린생활시설,근린생활시설및다가구용단독주택(2가구),394.67,234.33,895.47,19951114,4,1,서울특별시 중랑구 신내동 405-5번지
11260,10600,0,0407,0000,,,일반건축물,단독주택,주택,0,119.68,119.68,,1,0,서울특별시 중랑구 신내동 407번지
11260,10600,0,0407,0007,,,일반건축물,제2종근린생활시설,근린생활시설,243.84,132.65,132.65,20021224,1,0,서울특별시 중랑구 신내동 407-7번지
11260,10600,0,0407,0009,,,일반건축물,제2종근린생활시설,수리점,288,170.55,236.95,20170303,2,0,서울특별시 중랑구 신내동 407-9번지
11260,10600,0,0407,0017,,,일반건축물,단독주택,주택,0,60.86,69.86,19710614,1,1,서울특별시 중랑구 신내동 407-17번지
11260,10600,0,0407,0018,,,일반건축물,단독주택,주택,0,56.46,63.07,19710614,1,1,서울특별시 중랑구 신내동 407-18번지
11260,10600,0,0407,0019,,,일반건축물,단독주택,주택,0,61.92,68.53,19710614,1,1,서울특별시 중랑구 신내동 407-19번지
11260,10600,0,0407,0020,,,일반건축물,제2종근린생활시설,근린생활시설및주택,99.32,50.7,249.31,19910801,4,1,서울특별시 중랑구 신내동 407-20번지
11260,10600,0,0407,0021,,,일반건축물,제1종근린생활시설,근린생활시설및주택,98.5,48.68,149.79,19910408,2,1,서울특별시 중랑구 신내동 407-21번지
11260,10600,0,0407,0022,,,일반건축물,제2종근린생활시설,근린생활시설및주택,250.76,149.03,1088.12,19960314,6,1,서울특별시 중랑구 신내동 407-22번지
11260,10600,0,0407,0024,,,일반건축물,단독주택,다가구용단독주택(5가구),112,66.92,199.2,19921111,2,1,서울특별시 중랑구 신내동 407-24번지
11260,10600,0,0407,0025,,,일반건축물,단독주택,근린생활시설및주택,118.33,54.72,234.67,19900926,4,1,서울특별시 중랑구 신내동 407-25번지
11260,10600,0,0408,0002,,,표제부,공동주택,아파트,2467,694.8,4068.9,19891004,5,1,서울특별시 중랑구 신내동 408-2번지
11260,10600,0,0409,0003,,,일반건축물,단독주택,주택및점포,0,40.46,40.46,19730320,1,0,서울특별시 중랑구 신내동 409-3번지
11260,10600,0,0409,0004,씨동,,일반건축물,제2종근린생활시설,제2종근린생활시설,0,238.91,599.73,19871104,2,1,서울특별시 중랑구 신내동 409-4번지
11260,10600,0,0409,0004,비동,,일반건축물,제2종근린생활시설,제2종근린생활시설,0,6.04,6.04,20010402,1,0,서울특별시 중랑구 신내동 409-4번지
11260,10600,0,0409,0004,디동,,일반건축물,단독주택,단독주택,0,145.3,277.37,20000726,2,0,서울특별시 중랑구 신내동 409-4번지
11260,10600,0,0409,0004,에이동,,일반건축물,제2종근린생활시설,제2종근린생활시설,0,207.07,195.45,19850629,1,0,서울특별시 중랑구 신내동 409-4번지
11260,10600,0,0409,0006,,,일반건축물,단독주택,단독주택,385.8,158.45,370.51,20040617,3,0,서울특별시 중랑구 신내동 409-6번지
11260,10600,0,0409,0007,,,일반건축물,제2종근린생활시설,근린생활시설,397,224.65,591.66,20021125,3,0,서울특별시 중랑구 신내동 409-7번지
11260,10600,0,0409,0010,,,일반건축물,제1종근린생활시설,근린생활시설,196,105.24,406.68,19970128,4,1,서울특별시 중랑구 신내동 409-10번지
11260,10600,0,0409,0011,,,일반건축물,단독주택,주택,0,77.09,77.09,19730403,1,0,서울특별시 중랑구 신내동 409-11번지
11260,10600,0,0409,0012,,,일반건축물,제2종근린생활시설,제2종근린생활시설,0,93.84,93.84,19730223,1,0,서울특별시 중랑구 신내동 409-12번지
11260,10600,0,0409,0012,,,일반건축물,제2종근린생활시설,제2종근린생활시설,0,49.19,49.19,20020831,1,0,서울특별시 중랑구 신내동 409-12번지
11260,10600,0,0409,0014,,,일반건축물,제2종근린생활시설,근린생활시설및주택,199.76,98.89,494.45,19910920,4,1,서울특별시 중랑구 신내동 409-14번지
11260,10600,0,0409,0016,,,일반건축물,단독주택,주택/근린생활시설,0,81.34,88.9,19710605,1,1,서울특별시 중랑구 신내동 409-16번지
11260,10600,0,0409,0017,,,일반건축물,단독주택,주택및근린생활시설,127.26,76.31,292.38,19921231,3,1,서울특별시 중랑구 신내동 409-17번지
11260,10600,0,0409,0018,,,일반건축물,단독주택,주택,0,80.15,83.19,19780708,1,1,서울특별시 중랑구 신내동 409-18번지
11260,10600,0,0409,0021,,,일반건축물,단독주택,주택,59,39.03,45.01,19850629,1,1,서울특별시 중랑구 신내동 409-21번지
11260,10600,0,0409,0022,,,일반건축물,단독주택,주택,0,39.57,39.57,19721125,1,0,서울특별시 중랑구 신내동 409-22번지
11260,10600,0,0409,0023,,,일반건축물,단독주택,주택,0,42.22,42.22,19711221,1,0,서울특별시 중랑구 신내동 409-23번지
11260,10600,0,0409,0024,,,일반건축물,단독주택,주택,0,51.62,60.62,19711018,1,1,서울특별시 중랑구 신내동 409-24번지
11260,10600,0,0409,0026,,,일반건축물,제2종근린생활시설,근린생활시설,0,54.83,61.07,19730320,1,0,서울특별시 중랑구 신내동 409-26번지
11260,10600,0,0409,0027,에벤에셀,,일반건축물,단독주택,단독주택(다중주택)/근린생활시설,166.5,99.84,428.21,20170331,5,1,서울특별시 중랑구 신내동 409-27번지
11260,10600,0,0409,0029,,,일반건축물,단독주택,주택,82.5,54.36,60.65,19850629,1,1,서울특별시 중랑구 신내동 409-29번지
11260,10600,0,0409,0030,,,일반건축물,단독주택,주택,69,44.5,52,19850629,1,1,서울특별시 중랑구 신내동 409-30번지
11260,10600,0,0409,0031,,,일반건축물,단독주택,근린생활시설및주택,155.94,76.9,338.32,19911220,3,1,서울특별시 중랑구 신내동 409-31번지
11260,10600,0,0410,0001,본관,,일반건축물,업무시설,사무소,1478,555.37,2587.79,20080711,4,1,서울특별시 중랑구 신내동 410-1번지
11260,10600,0,0410,0001,별관,,일반건축물,업무시설,사무소,1478,160,398.01,20070102,3,0,서울특별시 중랑구 신내동 410-1번지
11260,10600,0,0410,0002,,,표제부,공동주택,연립주택,0,223.83,895.32,19910829,3,1,서울특별시 중랑구 신내동 410-2번지
11260,10600,0,0410,0002,,,표제부,공동주택,연립주택,0,234.9,952.56,19910829,3,1,서울특별시 중랑구 신내동 410-2번지
11260,10600,0,0410,0005,,,일반건축물,제1종근린생활시설,근린생활시설/단독주택,456,273.03,1513.83,19970419,5,1,서울특별시 중랑구 신내동 410-5번지
11260,10600,0,0410,0007,,,표제부,공동주택,공동주택(16가구),583,347.1,1468.36,19990918,4,1,서울특별시 중랑구 신내동 410-7번지
11260,10600,0,0410,0008,,,일반건축물,제2종근린생활시설,근린생활시설,0,855.61,1605.2,19731115,3,1,서울특별시 중랑구 신내동 410-8번지
11260,10600,0,0410,0009,,,일반건축물,제2종근린생활시설,제2종근린생활시설(일반음식점),0,72.17,95.31,19740702,1,1,서울특별시 중랑구 신내동 410-9번지
11260,10600,0,0410,0016,,,일반건축물,제1종근린생활시설,근린생활시설,154.5,49.86,94.62,19950808,2,0,서울특별시 중랑구 신내동 410-16번지
11260,10600,0,0410,0017,,,일반건축물,종교시설,문화및집회시설,577,311.5,1045.56,20030220,4,0,서울특별시 중랑구 신내동 410-17번지
11260,10600,0,0410,0021,,,표제부,공동주택,다세대주택(5가구),259,259,439.27,19960106,4,1,서울특별시 중랑구 신내동 410-21번지
11260,10600,0,0410,0030,,,일반건축물,제2종근린생활시설,제2종근린생활시설,98.5,55,199.79,20040326,3,1,서울특별시 중랑구 신내동 410-30번지
11260,10600,0,0410,0052,국일빌라,,표제부,공동주택,연립주택(15가구),625,364.14,1578.57,19990319,4,1,서울특별시 중랑구 신내동 410-52번지
11260,10600,0,0410,0053,,,표제부,공동주택,연립주택,2718,235.08,947.88,19891211,3,1,서울특별시 중랑구 신내동 410-53번지
11260,10600,0,0410,0053,,,표제부,공동주택,연립주택,2718,304.02,1220.94,19891211,3,1,서울특별시 중랑구 신내동 410-53번지
11260,10600,0,0410,0053,,,표제부,공동주택,펌프장,2718,0,7,19891212,0,1,서울특별시 중랑구 신내동 410-53번지
11260,10600,0,0410,0053,,,표제부,공동주택,연립주택,2718,304.02,1220.94,19891211,3,1,서울특별시 중랑구 신내동 410-53번지
11260,10600,0,0410,0059,,,표제부,공동주택,다세대주택,294,131.58,544.38,19911005,4,1,서울특별시 중랑구 신내동 410-59번지
11260,10600,0,0410,0060,,,표제부,공동주택,다세대주택,155.5,73.26,218.9,19920117,2,1,서울특별시 중랑구 신내동 410-60번지
11260,10600,0,0410,0069,,,일반건축물,제2종근린생활시설,근린생활시설/단독주택,324,135.69,385.99,19970711,3,1,서울특별시 중랑구 신내동 410-69번지
11260,10600,0,0410,0073,,,일반건축물,제2종근린생활시설,근린생활시설및주택,231,112.66,597.38,19920722,4,1,서울특별시 중랑구 신내동 410-73번지
11260,10600,0,0410,0076,,,일반건축물,제1종근린생활시설,근린생활시설및다가구용단독주택(2),346,161.55,625.36,19930213,3,1,서울특별시 중랑구 신내동 410-76번지
11260,10600,0,0410,0083,,,표제부,공동주택,연립주택(18가구),566.67,339.81,1610.98,19930531,4,1,서울특별시 중랑구 신내동 410-83번지
11260,10600,0,0410,0084,,,표제부,공동주택,다세대주택(9가구),268.7,147.04,597.25,19940224,4,1,서울특별시 중랑구 신내동 410-84번지
11260,10600,0,0410,0090,,,일반건축물,제2종근린생활시설,근린생활시설 및 주택,278.34,153.89,717.9,19941105,4,1,서울특별시 중랑구 신내동 410-90번지
11260,10600,0,0410,0092,,,일반건축물,제2종근린생활시설,근린생활시설(사무소),169,72,72,19950126,1,0,서울특별시 중랑구 신내동 410-92번지
11260,10600,0,0410,0092,,,일반건축물,제1종근린생활시설,근린생활시설 및 주택,169,82.49,82.49,20000424,1,0,서울특별시 중랑구 신내동 410-92번지
11260,10600,0,0412,0003,,,일반건축물,단독주택,다가구용단독주택(5가구),186.45,111.73,312.39,19971101,3,0,서울특별시 중랑구 신내동 412-3번지
11260,10600,0,0412,0005,,,일반건축물,제1종근린생활시설,근린생활시설,0,52.5,60.6,19730126,1,1,서울특별시 중랑구 신내동 412-5번지
11260,10600,0,0412,0007,,,일반건축물,제2종근린생활시설,제2종근린생활시설,105.03,62,216.44,19910402,3,1,서울특별시 중랑구 신내동 412-7번지
11260,10600,0,0412,0008,,,일반건축물,단독주택,근린생활시설및주택,0,76.76,409.37,19920129,4,1,서울특별시 중랑구 신내동 412-8번지
11260,10600,0,0412,0009,,,일반건축물,단독주택,근린생활시설및주택,163.62,455.64,455.64,19940613,4,1,서울특별시 중랑구 신내동 412-9번지
11260,10600,0,0412,0012,,,일반건축물,단독주택,다가구용단독주택(3가구),116.53,60.57,119.9,19941221,2,0,서울특별시 중랑구 신내동 412-12번지
11260,10600,0,0412,0013,,,일반건축물,단독주택,다가구용단독주택(5가구),106.88,61.96,179.8,19940923,2,1,서울특별시 중랑구 신내동 412-13번지
11260,10600,0,0412,0014,,,일반건축물,단독주택,근린생활시설및단독주택,176.4,105.6,494.4,19961015,4,1,서울특별시 중랑구 신내동 412-14번지
11260,10600,0,0412,0016,신내교회,,일반건축물,종교시설,문화및집회시설,426.14,250.16,810.06,20040429,6,0,서울특별시 중랑구 신내동 412-16번지
11260,10600,0,0412,0019,,,일반건축물,제2종근린생활시설,근린생활시설(수리소),98,46.24,71.24,19941229,2,0,서울특별시 중랑구 신내동 412-19번지
11260,10600,0,0413,0001,에이동,,일반건축물,자동차관련시설,"근린생활시설,여객자동차운수사업법에 따른 차고",0,0,561.12,19950311,2,1,서울특별시 중랑구 신내동 413-1번지
11260,10600,0,0413,0001,비동,,일반건축물,운동시설,"운동시설,여객자동차운수사업법에 따른 차고",0,751.59,3599.48,19950311,5,1,서울특별시 중랑구 신내동 413-1번지
11260,10600,0,0413,0003,,,일반건축물,제2종근린생활시설,근린생활시설및일반업무시설,482,240.81,1451.64,19901115,5,1,서울특별시 중랑구 신내동 413-3번지
11260,10600,0,0416,0002,피울파크빌,,일반건축물,단독주택,단독주택(다중주택)/근린생활시설,251,123.35,554.91,20210316,5,0,서울특별시 중랑구 신내동 416-2번지
11260,10600,0,0417,0000,,,일반건축물,단독주택,주택,0,27.77,27.77,19650530,1,0,서울특별시 중랑구 신내동 417번지
11260,10600,0,0417,0002,구립 피울경로당,,일반건축물,노유자시설,노인복지시설,253.1,123.64,123.64,20080519,1,0,서울특별시 중랑구 신내동 417-2번지
11260,10600,0,0417,0013,,,표제부,공동주택,다세대주택(10가구),331,153.35,627.57,19960612,4,1,서울특별시 중랑구 신내동 417-13번지
11260,10600,0,0418,0003,정민빌딩,,일반건축물,제2종근린생활시설,제2종근린생활시설,225.3,134,447.67,20040531,4,0,서울특별시 중랑구 신내동 418-3번지
11260,10600,0,0418,0006,신내동요양병원,,일반건축물,의료시설,의료시설(요양소),582,344.02,1239.19,20060927,6,1,서울특별시 중랑구 신내동 418-6번지
11260,10600,0,0418,0012,,,일반건축물,제2종근린생활시설,제2종근린생활시설,396,223.99,443.69,20021209,2,0,서울특별시 중랑구 신내동 418-12번지
11260,10600,0,0418,0021,L624빌딩,,일반건축물,제2종근린생활시설,제2종근린생활시설,330,197.31,737.16,20080724,4,0,서울특별시 중랑구 신내동 418-21번지
11260,10600,0,0418,0027,,,일반건축물,제2종근린생활시설,제2종근린생활시설,200,118.47,320.1,20161026,3,0,서울특별시 중랑구 신내동 418-27번지
11260,10600,0,0418,0029,,,일반건축물,제2종근린생활시설,"1,2종근린생활시설",585,263.93,1582.72,20180212,6,1,서울특별시 중랑구 신내동 418-29번지
11260,10600,0,0423,0001,,,일반건축물,제2종근린생활시설,근린생활시설/단독주택,119.78,64.84,299.28,19981123,4,1,서울특별시 중랑구 신내동 423-1번지
11260,10600,0,0424,0000,근린생활시설,,일반건축물,제2종근린생활시설,제2종근린생활시설,229,91.01,91.01,20070913,1,0,서울특별시 중랑구 신내동 424번지
11260,10600,0,0425,0001,삼일빌딩,,일반건축물,제2종근린생활시설,근린생활시설,101,43.49,151.58,20090908,4,0,서울특별시 중랑구 신내동 425-1번지
11260,10600,0,0428,0010,(주)클린중랑,,일반건축물,제2종근린생활시설,제2종근린생활시설,329,63.84,179.17,20141030,3,0,서울특별시 중랑구 신내동 428-10번지
11260,10600,0,0430,0002,,,일반건축물,단독주택,주택,0,22.48,22.48,,1,0,서울특별시 중랑구 신내동 430-2번지
11260,10600,0,0430,0005,,,일반건축물,제2종근린생활시설,근린생활시설,330,185.27,198.52,20021018,2,0,서울특별시 중랑구 신내동 430-5번지
11260,10600,0,0430,0007,,,일반건축물,제2종근린생활시설,근린생활시설,0,23.46,23.46,20140513,1,0,서울특별시 중랑구 신내동 430-7번지
11260,10600,0,0430,0007,,,일반건축물,제2종근린생활시설,제2종근린생활시설,450,198.95,590.5,20040202,3,0,서울특별시 중랑구 신내동 430-7번지
11260,10600,0,0430,0009,,,일반건축물,동물및식물관련시설,육묘.종묘배양장,988,494.5,494.5,20181024,1,0,서울특별시 중랑구 신내동 430-9번지
11260,10600,0,0430,0012,,,일반건축물,단독주택,단독주택&근린생활시설,300,161.38,231.98,20171027,2,0,서울특별시 중랑구 신내동 430-12번지
11260,10600,0,0430,0018,,,일반건축물,제2종근린생활시설,근린생활시설,330,193.16,292.37,20121106,3,0,서울특별시 중랑구 신내동 430-18번지
11260,10600,0,0430,0022,신내동 430-22 동.식물관련시설 (최종운),,일반건축물,동물및식물관련시설,육묘.종묘배양장,552,276.41,276.41,20170824,1,0,서울특별시 중랑구 신내동 430-22번지
11260,10600,0,0430,0023,,,일반건축물,제2종근린생활시설,제2종근린생활시설,330,166.9,231.45,20191008,3,0,서울특별시 중랑구 신내동 430-23번지
11260,10600,0,0430,0026,,,일반건축물,제2종근린생활시설,일반음식점,330,194.63,230.01,20160229,2,0,서울특별시 중랑구 신내동 430-26번지
11260,10600,0,0431,0007,,,일반건축물,단독주택,주택,0,41.32,41.32,19711005,1,0,서울특별시 중랑구 신내동 431-7번지
11260,10600,0,0437,0000,벽산아파트,,표제부,공동주택,아파트,0,620.262,11855.58,20000628,24,0,서울특별시 중랑구 신내동 437번지
11260,10600,0,0437,0000,벽산아파트,,표제부,공동주택,아파트,0,440.965,5642.143,20000628,16,0,서울특별시 중랑구 신내동 437번지
11260,10600,0,0437,0000,벽산아파트,,표제부,공동주택,아파트,0,623.396,10698.555,20000628,24,0,서울특별시 중랑구 신내동 437번지
11260,10600,0,0437,0000,벽산아파트,,표제부,제1종근린생활시설,기타제1종근생,0,271.37,605.11,20000628,2,1,서울특별시 중랑구 신내동 437번지
11260,10600,0,0441,0002,,,표제부,공동주택,연립주택(19가구),720,379.42,1642.31,19951110,4,1,서울특별시 중랑구 신내동 441-2번지
11260,10600,0,0441,0021,,,일반건축물,노유자시설,영유아보육시설,237,141.55,494.22,19961224,3,1,서울특별시 중랑구 신내동 441-21번지
11260,10600,0,0443,0005,,,일반건축물,제2종근린생활시설,근린생활시설,201,100.46,649.1,19930116,5,1,서울특별시 중랑구 신내동 443-5번지
11260,10600,0,0444,0000,신내초등학교,,일반건축물,교육연구시설,교육연구시설,0,474.16,982.51,20030820,3,0,서울특별시 중랑구 신내동 444번지
11260,10600,0,0444,0000,신내초등학교,,일반건축물,교육연구시설,교육연구시설,0,72,72,19990908,1,0,서울특별시 중랑구 신내동 444번지
11260,10600,0,0444,0000,신내초등학교,,일반건축물,교육연구시설,교육연구시설,0,137.5,220,19990908,1,0,서울특별시 중랑구 신내동 444번지
11260,10600,0,0444,0000,신내초등학교,,일반건축물,교육연구시설,교육연구시설,0,780.15,1617.77,20181010,3,0,서울특별시 중랑구 신내동 444번지
11260,10600,0,0444,0000,신내초등학교,,일반건축물,교육연구시설,교육연구시설,0,949.25,3852.05,19990908,4,1,서울특별시 중랑구 신내동 444번지
11260,10600,0,0444,0000,신내초등학교,,일반건축물,교육연구시설,교육연구시설,0,562.5,2209.5,19990908,4,0,서울특별시 중랑구 신내동 444번지
11260,10600,0,0444,0008,아코레빌,,표제부,공동주택,도시형생활주택 / 근린생활시설,272,162.91,588.16,20121112,5,0,서울특별시 중랑구 신내동 444-8번지
11260,10600,0,0445,0001,브라운하우스,,표제부,공동주택,공동주택(도시형생활주택),0,194.1,607.26,20131223,5,0,서울특별시 중랑구 신내동 445-1번지
11260,10600,0,0445,0001,브라운하우스,,표제부,공동주택,공동주택(도시형생활주택),0,136.6,468.3,20131223,5,0,서울특별시 중랑구 신내동 445-1번지
11260,10600,0,0445,0001,브라운하우스,,표제부,공동주택,공동주택(도시형생활주택),0,131.62,458.36,20131223,5,0,서울특별시 중랑구 신내동 445-1번지
11260,10600,0,0445,0002,삼유 스위트 빌,,표제부,공동주택,다세대주택,400,230.62,659.88,20080725,5,0,서울특별시 중랑구 신내동 445-2번지
11260,10600,0,0446,0002,,,일반건축물,단독주택,다가구주택(4가구),165,98.46,230.68,20080905,3,0,서울특별시 중랑구 신내동 446-2번지
11260,10600,0,0446,0003,,,일반건축물,단독주택,다가구용단독주택(5가구),198,105.2,319.8,19920629,2,1,서울특별시 중랑구 신내동 446-3번지
11260,10600,0,0446,0005,,,일반건축물,단독주택,다가구용단독주택(3가구),80.85,48.5,143.5,19930424,2,1,서울특별시 중랑구 신내동 446-5번지
11260,10600,0,0446,0006,,,일반건축물,단독주택,단독주택,109,54.44,183.28,19901220,2,1,서울특별시 중랑구 신내동 446-6번지
11260,10600,0,0446,0007,,,일반건축물,단독주택,다가구용단독주택(5가구),97.68,58.53,149.04,19930610,2,1,서울특별시 중랑구 신내동 446-7번지
11260,10600,0,0446,0008,,,일반건축물,단독주택,다가구용단독주택(4가구),93,55.48,149.84,19931119,2,1,서울특별시 중랑구 신내동 446-8번지
11260,10600,0,0446,0012,,,일반건축물,제2종근린생활시설,근린생활시설,164.22,82,280.68,19930626,2,1,서울특별시 중랑구 신내동 446-12번지
11260,10600,0,0446,0013,,,표제부,공동주택,공동주택,237,139.08,487.56,20020916,5,0,서울특별시 중랑구 신내동 446-13번지
11260,10600,0,0446,0014,,,일반건축물,제1종근린생활시설,근린생활시설및주택,177,103.12,482.12,19940711,4,1,서울특별시 중랑구 신내동 446-14번지
11260,10600,0,0447,0002,,,표제부,공동주택,공동주택,228,136.595,537.76,20021209,5,0,서울특별시 중랑구 신내동 447-2번지
11260,10600,0,0447,0005,,,일반건축물,제1종근린생활시설,근린생활시설,132.88,79.69,79.24,19940704,1,0,서울특별시 중랑구 신내동 447-5번지
11260,10600,0,0447,0006,,,일반건축물,제2종근린생활시설,근린생활시설,426.55,212.11,867.5,19930921,3,1,서울특별시 중랑구 신내동 447-6번지
11260,10600,0,0447,0008,,,일반건축물,단독주택,다가구용단독주택(7가구),129,77.37,287.94,19970206,3,1,서울특별시 중랑구 신내동 447-8번지
11260,10600,0,0447,0012,,,표제부,공동주택,공동주택,162,96.93,350.28,20040409,4,0,서울특별시 중랑구 신내동 447-12번지
11260,10600,0,0448,0002,,,일반건축물,자동차관련시설,자동차관련시설(여객자동차운수사업법에의한차고),0,68.16,68.16,19981028,1,0,서울특별시 중랑구 신내동 448-2번지
11260,10600,0,0448,0002,,,일반건축물,자동차관련시설,자동차관련시설(여객자동차운수사업법에의한차고),0,136.6,346.6,19981028,2,1,서울특별시 중랑구 신내동 448-2번지
11260,10600,0,0448,0002,,,일반건축물,자동차관련시설,자동차관련시설(여객자동차운수사업법에의한차고),0,42,42,19981028,1,0,서울특별시 중랑구 신내동 448-2번지
11260,10600,0,0448,0002,,,일반건축물,자동차관련시설,자동차관련시설(여객자동차운수사업법에의한차고),0,77,87.22,19981028,2,0,서울특별시 중랑구 신내동 448-2번지
11260,10600,0,0448,0005,,,일반건축물,단독주택,주택,0,45.74,45.74,19670210,1,0,서울특별시 중랑구 신내동 448-5번지
11260,10600,0,0448,0006,,,일반건축물,단독주택,다가구용단독주택(6가구),153.12,91.85,279.24,19940713,2,1,서울특별시 중랑구 신내동 448-6번지
11260,10600,0,0448,0007,,,일반건축물,단독주택,단독주택(다중주택),152.35,91.35,274.05,20110113,3,0,서울특별시 중랑구 신내동 448-7번지
11260,10600,0,0448,0008,,,일반건축물,단독주택,다가구용단독주택(5가구),104.07,60.83,186.56,19931230,2,1,서울특별시 중랑구 신내동 448-8번지
11260,10600,0,0448,0009,,,일반건축물,제2종근린생활시설,"근린생활시설, 단독주택",218,107.88,435.82,20040521,5,0,서울특별시 중랑구 신내동 448-9번지
11260,10600,0,0448,0012,,,일반건축물,단독주택,근린생활시설및주택(3),156.44,93.18,298.11,19950530,3,1,서울특별시 중랑구 신내동 448-12번지
11260,10600,0,0448,0014,,,일반건축물,단독주택,주택,0,59.01,69.13,19810129,1,1,서울특별시 중랑구 신내동 448-14번지
11260,10600,0,0448,0016,,,일반건축물,제2종근린생활시설,근린생활시설및단독주택,65.92,40.94,77.74,19940714,2,0,서울특별시 중랑구 신내동 448-16번지
11260,10600,0,0448,0017,다가구주택,,일반건축물,단독주택,단독주택(다가구),155.1,86.5,181.15,20011213,2,1,서울특별시 중랑구 신내동 448-17번지
11260,10600,0,0448,0019,,,일반건축물,단독주택,근린생활시설및주택(1가구),74.82,53.63,275.35,19950527,5,1,서울특별시 중랑구 신내동 448-19번지
11260,10600,0,0448,0020,,,일반건축물,단독주택,다가구주택,109,63.83,185.85,19991206,3,0,서울특별시 중랑구 신내동 448-20번지
11260,10600,0,0448,0021,,,일반건축물,단독주택,다가구용주택(4가구),106.48,53.1,180.52,19910213,2,1,서울특별시 중랑구 신내동 448-21번지
11260,10600,0,0448,0023,,,일반건축물,단독주택,주택,178.59,86.13,243.92,19880701,2,1,서울특별시 중랑구 신내동 448-23번지
11260,10600,0,0449,0001,,,표제부,공동주택,아파트,3563,490.32,2901.6,19890125,5,1,서울특별시 중랑구 신내동 449-1번지
11260,10600,0,0449,0001,,,표제부,공동주택,아파트,3563,518.4,3067.2,19890125,5,1,서울특별시 중랑구 신내동 449-1번지
11260,10600,0,0449,0003,,,일반건축물,교육연구시설,교육연구시설/근린생활시설,429,245.04,1410.88,19990128,5,1,서울특별시 중랑구 신내동 449-3번지
11260,10600,0,0449,0004,성덕빌라,,표제부,공동주택,연립주택(16가구),493,259.42,1206.84,19950901,4,1,서울특별시 중랑구 신내동 449-4번지
11260,10600,0,0449,0005,,,일반건축물,제2종근린생활시설,근린생활시설,265,152.16,800.66,19910131,5,1,서울특별시 중랑구 신내동 449-5번지
11260,10600,0,0450,0001,신내아트빌아파트,,표제부,공동주택,공동주택(아파트<18가구>),1133.44,304.58,3027.1,19970221,9,1,서울특별시 중랑구 신내동 450-1번지
11260,10600,0,0450,0003,,,일반건축물,제1종근린생활시설,근린생활시설,167.47,97.61,299.11,19940627,2,1,서울특별시 중랑구 신내동 450-3번지
11260,10600,0,0450,0014,,,일반건축물,단독주택,근린생활시설 및 단독주택,89.17,53.88,207.22,19970816,4,0,서울특별시 중랑구 신내동 450-14번지
11260,10600,0,0451,0008,,,일반건축물,제2종근린생활시설,일반음식점,93,63.64,63.64,19710514,1,0,서울특별시 중랑구 신내동 451-8번지
11260,10600,0,0451,0009,,,일반건축물,제2종근린생활시설,제1종근린생활시설,40,35.89,47.36,19850629,2,0,서울특별시 중랑구 신내동 451-9번지
11260,10600,0,0451,0013,,,일반건축물,제1종근린생활시설,점포,0,66.12,66.12,19711227,1,0,서울특별시 중랑구 신내동 451-13번지
11260,10600,0,0451,0014,,,일반건축물,제2종근린생활시설,제2종근린생활시설,89,53.04,53.04,20030527,1,0,서울특별시 중랑구 신내동 451-14번지
11260,10600,0,0451,0025,,,일반건축물,제1종근린생활시설,근린생활시설,12,11.91,23,20150114,2,0,서울특별시 중랑구 신내동 451-25번지
11260,10600,0,0453,0000,,,일반건축물,단독주택,주택,0,31.41,31.41,,1,0,서울특별시 중랑구 신내동 453번지
11260,10600,0,0454,0004,디딤빌딩,,일반건축물,단독주택,단독주택(다가구),0,89.68,89.68,20020417,2,0,서울특별시 중랑구 신내동 454-4번지
11260,10600,0,0454,0004,디딤빌딩,,일반건축물,제2종근린생활시설,제2종근린생활시설,0,297.32,1347.77,19990827,5,0,서울특별시 중랑구 신내동 454-4번지
11260,10600,0,0455,0001,김충조씨근생및주택,,일반건축물,제1종근린생활시설,근린생활시설,68,40.73,122.19,20010110,3,0,서울특별시 중랑구 신내동 455-1번지
11260,10600,0,0455,0004,성우스타팰리스,,표제부,공동주택,공동주택,0,161.11,612.12,20160531,6,0,서울특별시 중랑구 신내동 455-4번지
11260,10600,0,0455,0004,성우스타팰리스,,표제부,공동주택,공동주택,0,153.32,611.21,20160531,6,0,서울특별시 중랑구 신내동 455-4번지
11260,10600,0,0455,0004,성우스타팰리스,,표제부,공동주택,공동주택,0,169.35,658.7,20160531,6,0,서울특별시 중랑구 신내동 455-4번지
11260,10600,0,0455,0006,성우스타팰리스,,표제부,공동주택,다세대주택,320.37,191.77,639.78,20160531,5,0,서울특별시 중랑구 신내동 455-6번지
11260,10600,0,0456,0003,신내새마을금고,,일반건축물,제2종근린생활시설,제2종근린생활시설,254,146.96,570.21,19880601,3,1,서울특별시 중랑구 신내동 456-3번지
11260,10600,0,0456,0010,,,일반건축물,단독주택,주택,0,38.02,44.63,19720201,1,1,서울특별시 중랑구 신내동 456-10번지
11260,10600,0,0456,0011,,,일반건축물,단독주택,주택,231.24,79.38,238.14,19871103,2,1,서울특별시 중랑구 신내동 456-11번지
11260,10600,0,0456,0012,,,일반건축물,제2종근린생활시설,근린생활시설,0,41.62,41.62,19720201,1,0,서울특별시 중랑구 신내동 456-12번지
11260,10600,0,0456,0012,,,일반건축물,제1종근린생활시설,근린생활시설,0,64.78,64.78,20011221,1,0,서울특별시 중랑구 신내동 456-12번지
11260,10600,0,0456,0015,,,일반건축물,단독주택,주택,0,76.95,225.51,19880416,2,1,서울특별시 중랑구 신내동 456-15번지
11260,10600,0,0457,0002,,,일반건축물,단독주택,주택,162,76.66,231.09,19870525,2,1,서울특별시 중랑구 신내동 457-2번지
11260,10600,0,0457,0005,,,일반건축물,단독주택,주택,0,50.7,50.7,19691016,1,0,서울특별시 중랑구 신내동 457-5번지
11260,10600,0,0457,0006,,,일반건축물,단독주택,주택,85.73,31.67,31.67,19691016,1,0,서울특별시 중랑구 신내동 457-6번지
11260,10600,0,0458,0003,,,일반건축물,단독주택,주택,0,31.87,31.87,19701110,1,0,서울특별시 중랑구 신내동 458-3번지
11260,10600,0,0459,0001,,,일반건축물,단독주택,주택,0,35.54,42.15,19710215,1,1,서울특별시 중랑구 신내동 459-1번지
11260,10600,0,0460,0000,,,일반건축물,단독주택,다가구주택(7가구),195.2,103.58,299.58,19920306,2,1,서울특별시 중랑구 신내동 460번지
11260,10600,0,0462,0000,,,일반건축물,단독주택,주택,0,54.88,54.88,,1,0,서울특별시 중랑구 신내동 462번지
11260,10600,0,0462,0004,아지 0213,,표제부,공동주택,도시형생활주택(단지형다세대주택)/근린생활시설,0,149.4,925.71,20160707,6,1,서울특별시 중랑구 신내동 462-4번지
11260,10600,0,0462,0004,아지 0213,,표제부,공동주택,도시형생활주택(단지형다세대주택)/근린생활시설,0,161.52,878.34,20160707,6,1,서울특별시 중랑구 신내동 462-4번지
11260,10600,0,0462,0004,아지 0213,,표제부,공동주택,도시형생활주택(단지형다세대주택),0,160.11,786.31,20160707,6,1,서울특별시 중랑구 신내동 462-4번지
11260,10600,0,0462,0004,아지 0213,,표제부,공동주택,도시형생활주택(단지형다세대주택),0,196.04,828.93,20160707,6,1,서울특별시 중랑구 신내동 462-4번지
11260,10600,0,0464,0000,,,일반건축물,제2종근린생활시설,근린생활시설및주택,246,116.08,551.7,19901126,4,1,서울특별시 중랑구 신내동 464번지
11260,10600,0,0465,0002,,,일반건축물,단독주택,주택,158.81,73.71,220.77,19871230,2,1,서울특별시 중랑구 신내동 465-2번지
11260,10600,0,0466,0000,,,일반건축물,제2종근린생활시설,제2종근린생활시설,477.34,269.92,735.99,20021017,3,0,서울특별시 중랑구 신내동 466번지
11260,10600,0,0467,0001,,,일반건축물,교육연구시설,교육연구시설 및 근린생활시설,353.2,194.33,1058.4,20031211,6,0,서울특별시 중랑구 신내동 467-1번지
11260,10600,0,0467,0003,,,표제부,공동주택,다세대주택/근린생활시설,416.25,200.86,830.03,20070810,5,0,서울특별시 중랑구 신내동 467-3번지
11260,10600,0,0469,0000,,,일반건축물,단독주택,주택,0,30.74,30.74,,1,0,서울특별시 중랑구 신내동 469번지
11260,10600,0,0470,0000,,,일반건축물,판매시설,영업,0,52.56,52.56,,1,0,서울특별시 중랑구 신내동 470번지
11260,10600,0,0470,0003,,,일반건축물,제2종근린생활시설,근린생활시설,0,156.48,592.74,19871121,3,1,서울특별시 중랑구 신내동 470-3번지
11260,10600,0,0472,0001,,,일반건축물,제2종근린생활시설,제2종근린생활시설/주택,462,196.82,1087.87,19871125,4,1,서울특별시 중랑구 신내동 472-1번지
11260,10600,0,0472,0003,,,일반건축물,제2종근린생활시설,근린생활시설,0,118.57,741.82,19920302,5,1,서울특별시 중랑구 신내동 472-3번지
11260,10600,0,0473,0001,,,일반건축물,단독주택,근린생활시설및주택,169,101.26,485.76,19941220,4,1,서울특별시 중랑구 신내동 473-1번지
11260,10600,0,0473,0003,,,일반건축물,노유자시설,노인복지시설,642,378.58,1171.97,20180712,4,0,서울특별시 중랑구 신내동 473-3번지
11260,10600,0,0473,0005,,,일반건축물,제1종근린생활시설,근린생활시설및주택(2가구),118,65.64,199.72,19910420,2,1,서울특별시 중랑구 신내동 473-5번지
11260,10600,0,0473,0010,,,일반건축물,단독주택,다가구용단독주택(6가구),179,107.16,416.64,19950719,3,1,서울특별시 중랑구 신내동 473-10번지
11260,10600,0,0473,0017,,,일반건축물,제2종근린생활시설,근린생활시설및주택,243.5,120.28,616.98,19920820,4,1,서울특별시 중랑구 신내동 473-17번지
11260,10600,0,0473,0018,,,일반건축물,단독주택,다가구용단독주택(5가구),166,99.5,324.89,19971223,3,1,서울특별시 중랑구 신내동 473-18번지
11260,10600,0,0473,0019,,,일반건축물,단독주택,다가구용단독주택(5가구),172,103.14,291.91,19940627,3,0,서울특별시 중랑구 신내동 473-19번지
11260,10600,0,0473,0020,,,일반건축물,단독주택,다가구용단독주택(6가구),165,95.09,290.43,19921008,2,1,서울특별시 중랑구 신내동 473-20번지
11260,10600,0,0473,0021,,,일반건축물,단독주택,다가구용단독주택(6가구),166,98.72,286.41,19921111,2,1,서울특별시 중랑구 신내동 473-21번지
11260,10600,0,0473,0022,,,일반건축물,제1종근린생활시설,근린생활시설및주택,179,88.08,471.45,19920331,5,1,서울특별시 중랑구 신내동 473-22번지
11260,10600,0,0473,0023,,,일반건축물,단독주택,다가구용단독주택(7가구),178,99.53,380.36,19951024,3,1,서울특별시 중랑구 신내동 473-23번지
11260,10600,0,0473,0024,중앙하이츠,,표제부,공동주택,도시형생활주택(단지형-다세대),357,180.22,659.84,20140915,6,0,서울특별시 중랑구 신내동 473-24번지
11260,10600,0,0473,0026,,,일반건축물,단독주택,다가구용단독주택(6가구),173.63,100.56,257.16,19921222,2,1,서울특별시 중랑구 신내동 473-26번지
11260,10600,0,0474,0001,,,일반건축물,노유자시설,노유자시설(탁아운),212,148.09,399.14,19900525,2,1,서울특별시 중랑구 신내동 474-1번지
11260,10600,0,0474,0001,,,일반건축물,노유자시설,새마을유아원,0,135.3,135.3,19830504,1,0,서울특별시 중랑구 신내동 474-1번지
11260,10600,0,0474,0005,,,일반건축물,단독주택,다가구용단독주택(4가구),134,80.23,310.42,19980730,3,1,서울특별시 중랑구 신내동 474-5번지
11260,10600,0,0474,0009,,,일반건축물,단독주택,다가구용단독주택(4가구),76,46.62,177.81,19951229,3,1,서울특별시 중랑구 신내동 474-9번지
11260,10600,0,0474,0012,,,일반건축물,단독주택,다가구용단독주택(3가구),66,39.52,127.88,19940801,2,1,서울특별시 중랑구 신내동 474-12번지
11260,10600,0,0474,0013,,,일반건축물,단독주택,다가구용단독주택(4가구),99,59.39,199.83,19940414,3,1,서울특별시 중랑구 신내동 474-13번지
11260,10600,0,0474,0015,,,일반건축물,단독주택,다가구용단독주택(4가구),78,46.38,147.31,19930813,2,1,서울특별시 중랑구 신내동 474-15번지
11260,10600,0,0474,0028,,,일반건축물,단독주택,다가구용주택(5가구),154,76,228.64,19910911,2,1,서울특별시 중랑구 신내동 474-28번지
11260,10600,0,0474,0032,,,일반건축물,단독주택,다가구용주택(6가구),167,96,313.92,19920113,3,1,서울특별시 중랑구 신내동 474-32번지
11260,10600,0,0474,0036,,,일반건축물,단독주택,다가구용주택(5가구),165,94.47,296.49,19920111,2,1,서울특별시 중랑구 신내동 474-36번지
11260,10600,0,0474,0037,,,일반건축물,단독주택,다가구용주택(5가구),165,96.64,292.23,19911007,2,1,서울특별시 중랑구 신내동 474-37번지
11260,10600,0,0474,0039,,,일반건축물,단독주택,단독주택,166,99,297,20020722,3,0,서울특별시 중랑구 신내동 474-39번지
11260,10600,0,0474,0040,,,일반건축물,단독주택,단독주택,166,96.26,295.61,20021203,4,0,서울특별시 중랑구 신내동 474-40번지
11260,10600,0,0474,0045,,,일반건축물,단독주택,주택,0,82.25,148.93,19780826,1,1,서울특별시 중랑구 신내동 474-45번지
11260,10600,0,0474,0046,,,표제부,공동주택,공동주택,168,100.28,393.36,20020916,5,0,서울특별시 중랑구 신내동 474-46번지
11260,10600,0,0475,0005,,,일반건축물,단독주택,주택,143,64.14,192.42,19890128,2,1,서울특별시 중랑구 신내동 475-5번지
11260,10600,0,0475,0006,,,일반건축물,단독주택,근린생활시설및단독주택,163,97.37,397.24,19980325,4,1,서울특별시 중랑구 신내동 475-6번지
11260,10600,0,0475,0008,,,일반건축물,단독주택,주택,121,59.68,179.04,19890404,2,1,서울특별시 중랑구 신내동 475-8번지
11260,10600,0,0475,0009,,,일반건축물,단독주택,주택,132,64.62,193.86,19890128,2,1,서울특별시 중랑구 신내동 475-9번지
11260,10600,0,0475,0010,(복)유린보은동산,,일반건축물,노유자시설,노유자시설(사회복지시설),131,76.44,225.15,20141027,3,0,서울특별시 중랑구 신내동 475-10번지
11260,10600,0,0475,0012,,,일반건축물,단독주택,주택,131,64.83,192.67,19890404,2,1,서울특별시 중랑구 신내동 475-12번지
11260,10600,0,0478,0004,,,일반건축물,제2종근린생활시설,근린생활시설,160,72,319.68,19921230,3,1,서울특별시 중랑구 신내동 478-4번지
11260,10600,0,0478,0022,,,일반건축물,제2종근린생활시설,근린생활시설,372,183.62,731.06,19921230,3,1,서울특별시 중랑구 신내동 478-22번지
11260,10600,0,0479,0000,중앙하이츠상가,,표제부,판매시설,기타판매및영업시설,396.85,4411.545,1045.47,19960328,3,1,서울특별시 중랑구 신내동 479번지
11260,10600,0,0479,0000,중앙하이츠아파트,,표제부,공동주택,아파트,26761.46,4411.545,5995.38,19960328,15,1,서울특별시 중랑구 신내동 479번지
11260,10600,0,0479,0000,중앙하이츠아파트,,표제부,공동주택,아파트,26761.46,4411.545,14787.21,19960328,15,1,서울특별시 중랑구 신내동 479번지
11260,10600,0,0479,0000,중앙하이츠아파트,,표제부,공동주택,아파트,26761.46,4411.545,17731.25,19960328,15,1,서울특별시 중랑구 신내동 479번지
11260,10600,0,0479,0000,중앙하이츠상가,,표제부,공동주택,생활편익시설,511.86,4411.545,1348.47,19960328,2,1,서울특별시 중랑구 신내동 479번지
11260,10600,0,0479,0000,어린이집,,표제부,노유자시설,영유아보육시설,289.53,4411.545,762.76,19960328,3,1,서울특별시 중랑구 신내동 479번지
11260,10600,0,0479,0000,중앙하이츠아파트,,표제부,공동주택,아파트,26761.46,4411.545,14239.45,19960328,15,1,서울특별시 중랑구 신내동 479번지
11260,10600,0,0479,0000,중앙하이츠아파트,,표제부,공동주택,아파트,26761.46,4411.545,17986.14,19960328,15,1,서울특별시 중랑구 신내동 479번지
11260,10600,0,0482,0005,,,표제부,공동주택,다세대주택,226.78,83.16,329.76,19881228,3,1,서울특별시 중랑구 신내동 482-5번지
11260,10600,0,0483,0001,,,일반건축물,단독주택,주택,111.75,52.89,158.67,19891218,2,1,서울특별시 중랑구 신내동 483-1번지
11260,10600,0,0483,0004,,,일반건축물,제2종근린생활시설,근린생활시설및주택,245,104.89,642.6,19910103,5,1,서울특별시 중랑구 신내동 483-4번지
11260,10600,0,0487,0000,라이프미성아파트,,표제부,공동주택,아파트,0,1017.43,12831.75,19920424,12,1,서울특별시 중랑구 신내동 487번지
11260,10600,0,0487,0000,라이프미성아파트,,표제부,공동주택,아파트,0,1338.85,13710.23,19920424,12,1,서울특별시 중랑구 신내동 487번지
11260,10600,0,0487,0000,라이프미성아파트,,표제부,판매시설,"판매시설,근린생활시설",0,155.56,600,19920424,3,1,서울특별시 중랑구 신내동 487번지
11260,10600,0,0491,0006,나동,,일반건축물,자동차관련시설,자동차관련시설,0,74.7,74.7,20000526,1,0,서울특별시 중랑구 신내동 491-6번지
11260,10600,0,0491,0006,가동,,일반건축물,자동차관련시설,자동차관련시설,2033.4,334.74,994.86,20000108,3,0,서울특별시 중랑구 신내동 491-6번지
11260,10600,0,0491,0015,,,일반건축물,제2종근린생활시설,근린생활시설및주택,159.7,87.88,482.39,19940420,5,1,서울특별시 중랑구 신내동 491-15번지
11260,10600,0,0492,0002,,,일반건축물,단독주택,다가구용단독주택(7가구),172.9,103.21,411.2,19961118,3,1,서울특별시 중랑구 신내동 492-2번지
11260,10600,0,0492,0003,,,표제부,공동주택,다세대주택(10가구),218.2,121.32,516.18,19960820,4,1,서울특별시 중랑구 신내동 492-3번지
11260,10600,0,0492,0004,상원빌딩,,표제부,공동주택,공동주택/업무시설/근린생활시설,517,246.42,1192.34,20121220,7,0,서울특별시 중랑구 신내동 492-4번지
11260,10600,0,0492,0005,조호그레이스아파트,,표제부,공동주택,공동주택,366.1,190.82,1431.11,20040309,7,2,서울특별시 중랑구 신내동 492-5번지
11260,10600,0,0492,0006,,,일반건축물,제1종근린생활시설,점포및사무실,0,179.08,394.52,19721123,2,1,서울특별시 중랑구 신내동 492-6번지
11260,10600,0,0492,0008,,,일반건축물,단독주택,다가구주택(5가구),97.62,58.32,168.48,19911230,2,1,서울특별시 중랑구 신내동 492-8번지
11260,10600,0,0492,0009,,,일반건축물,단독주택,다가구주택(5가구),95.62,57.34,172.02,19920113,2,1,서울특별시 중랑구 신내동 492-9번지
11260,10600,0,0492,0010,,,일반건축물,단독주택,단독주택,121.6,60.3,198.96,19900728,2,1,서울특별시 중랑구 신내동 492-10번지
11260,10600,0,0492,0011,,,일반건축물,단독주택,주택,110.1,54.99,179.98,19900613,2,1,서울특별시 중랑구 신내동 492-11번지
11260,10600,0,0492,0013,,,일반건축물,단독주택,다가구주택(6가구),136.9,81.73,271.16,19951115,3,1,서울특별시 중랑구 신내동 492-13번지
11260,10600,0,0492,0014,,,일반건축물,단독주택,주택,99.2,49.55,141.93,19821105,2,1,서울특별시 중랑구 신내동 492-14번지
11260,10600,0,0492,0015,,,일반건축물,제1종근린생활시설,근린생활시설,440.7,264.33,1542.24,19970802,5,1,서울특별시 중랑구 신내동 492-15번지
11260,10600,0,0492,0016,중랑구신내경로복지센터,,일반건축물,노유자시설,노유자시설(노인복지시설),482,240.13,981.79,20180301,5,1,서울특별시 중랑구 신내동 492-16번지
11260,10600,0,0492,0020,,,일반건축물,단독주택,다가구용단독주택(5가구),120,71.94,192.76,19930619,2,1,서울특별시 중랑구 신내동 492-20번지
11260,10600,0,0492,0021,,,일반건축물,단독주택,다가구용단독주택(6가구),111.4,66.73,243.13,19951102,3,1,서울특별시 중랑구 신내동 492-21번지
11260,10600,0,0492,0022,,,일반건축물,단독주택,근린생활시설및단독주택(1가구),123.3,73.71,299.91,19950712,4,1,서울특별시 중랑구 신내동 492-22번지
11260,10600,0,0492,0024,,,일반건축물,제1종근린생활시설,근린생활시설(점포)사무실,0,167.87,522.49,19800802,2,1,서울특별시 중랑구 신내동 492-24번지
11260,10600,0,0492,0026,,,표제부,공동주택,공동주택,504.6,292.94,1675.7,20030904,5,2,서울특별시 중랑구 신내동 492-26번지
11260,10600,0,0493,0001,,,일반건축물,제1종근린생활시설,근린생활시설및다가구주택(3가구),0,74.86,314.64,19900922,3,1,서울특별시 중랑구 신내동 493-1번지
11260,10600,0,0493,0003,신내미성,,표제부,공동주택,"다세대주택,근린생활시설",321.8,191.425,643.291,20190517,5,0,서울특별시 중랑구 신내동 493-3번지
11260,10600,0,0493,0004,,,일반건축물,단독주택,주택,131.88,65.88,205.84,19870421,2,1,서울특별시 중랑구 신내동 493-4번지
11260,10600,0,0493,0006,,,일반건축물,단독주택,다가구용단독주택(4가구),148.4,83.6,220.22,19921126,2,1,서울특별시 중랑구 신내동 493-6번지
11260,10600,0,0493,0007,평강채아트빌,,일반건축물,단독주택,단독주택 및 근린생활시설,169.83,98.36,339.28,20180212,6,0,서울특별시 중랑구 신내동 493-7번지
11260,10600,0,0493,0008,,,일반건축물,단독주택,주택,0,76.5,159.58,19771209,2,1,서울특별시 중랑구 신내동 493-8번지
11260,10600,0,0493,0009,,,일반건축물,제1종근린생활시설,근린생활시설및주택,230.7,138.24,736.59,19960113,4,1,서울특별시 중랑구 신내동 493-9번지
11260,10600,0,0493,0011,,,일반건축물,단독주택,다가구용단독주택(7가구),166.6,88.82,349.67,19920825,3,1,서울특별시 중랑구 신내동 493-11번지
11260,10600,0,0493,0012,,,일반건축물,단독주택,단독주택(다가구)/근린생활시설,176.2,105.2,350.4,20200707,5,0,서울특별시 중랑구 신내동 493-12번지
11260,10600,0,0493,0013,,,일반건축물,제1종근린생활시설,근린생활시설및주택,133.6,66.6,352.98,19920330,4,1,서울특별시 중랑구 신내동 493-13번지
11260,10600,0,0493,0014,,,일반건축물,단독주택,주택,154.7,74.14,240.35,19900222,2,1,서울특별시 중랑구 신내동 493-14번지
11260,10600,0,0493,0015,,,일반건축물,단독주택,단독주택,211.63,124.33,425.32,20021226,4,0,서울특별시 중랑구 신내동 493-15번지
11260,10600,0,0493,0016,,,일반건축물,단독주택,다가구주택(5가구),105.63,62.58,191.9,19911219,2,1,서울특별시 중랑구 신내동 493-16번지
11260,10600,0,0493,0017,,,일반건축물,단독주택,다가구용주택(3가구),68.66,34.49,106.74,19910813,2,1,서울특별시 중랑구 신내동 493-17번지
11260,10600,0,0493,0018,,,일반건축물,단독주택,다가구용주택(3가구),73.02,43.57,129.78,19910812,2,1,서울특별시 중랑구 신내동 493-18번지
11260,10600,0,0493,0019,,,일반건축물,단독주택,다가구용주택(4가구),75.69,44.18,127,19910816,2,1,서울특별시 중랑구 신내동 493-19번지
11260,10600,0,0493,0020,,,일반건축물,단독주택,다가구용주택(3가구),72.71,41.12,115.72,19910816,2,1,서울특별시 중랑구 신내동 493-20번지
11260,10600,0,0493,0021,,,일반건축물,단독주택,다가구용주택(4가구),72.42,41.94,117.18,19910822,2,1,서울특별시 중랑구 신내동 493-21번지
11260,10600,0,0493,0022,,,일반건축물,단독주택,다가구용주택(4가구),78.26,43.89,130.24,19910828,2,1,서울특별시 중랑구 신내동 493-22번지
11260,10600,0,0493,0024,,,일반건축물,단독주택,다가구용주택(2가구),88.77,50.28,149.63,19940122,2,1,서울특별시 중랑구 신내동 493-24번지
11260,10600,0,0493,0025,,,일반건축물,단독주택,다가구용단독주택(5가구),89.16,52.65,149.85,19940124,2,1,서울특별시 중랑구 신내동 493-25번지
11260,10600,0,0493,0026,,,일반건축물,단독주택,다가구용단독주택(5가구),87.04,51.56,149.93,19940218,2,1,서울특별시 중랑구 신내동 493-26번지
11260,10600,0,0493,0028,,,일반건축물,단독주택,다가구용단독주택(5가구),101.6,55.5,178.86,19920514,2,1,서울특별시 중랑구 신내동 493-28번지
11260,10600,0,0493,0030,,,일반건축물,단독주택,다가구용단독주택(5가구),98.1,51.34,166.32,19920727,2,1,서울특별시 중랑구 신내동 493-30번지
11260,10600,0,0493,0031,,,일반건축물,단독주택,다가구용단독주택(3가구),71.05,40.77,103.95,19940128,2,1,서울특별시 중랑구 신내동 493-31번지
11260,10600,0,0493,0034,가인빌,,표제부,공동주택,도시형생활주택(단지형다세대),273.61,143.52,546.86,20180814,6,0,서울특별시 중랑구 신내동 493-34번지
11260,10600,0,0493,0037,,,일반건축물,단독주택,다가구용단독주택(4가구),94.54,49.9,149.7,19930108,2,1,서울특별시 중랑구 신내동 493-37번지
11260,10600,0,0493,0038,,,일반건축물,단독주택,주택,86.94,48.7,56.44,19850629,1,1,서울특별시 중랑구 신내동 493-38번지
11260,10600,0,0493,0038,,,일반건축물,단독주택,다가구용단독주택(5가구),83.82,50.25,139.32,19930201,2,1,서울특별시 중랑구 신내동 493-38번지
11260,10600,0,0493,0039,,,일반건축물,단독주택,다가구용단독주택(5가구),84.74,46.08,135.48,19930201,2,1,서울특별시 중랑구 신내동 493-39번지
11260,10600,0,0493,0040,,,일반건축물,단독주택,다가구용주택(3가구),103.5,48.72,161.58,19901204,2,1,서울특별시 중랑구 신내동 493-40번지
11260,10600,0,0493,0041,,,일반건축물,단독주택,다가구용주택(4가구),142.3,70.94,229.18,19901126,2,1,서울특별시 중랑구 신내동 493-41번지
11260,10600,0,0493,0042,,,일반건축물,단독주택,단독주택,120.05,70.96,201.61,20030512,3,0,서울특별시 중랑구 신내동 493-42번지
11260,10600,0,0493,0043,,,일반건축물,단독주택,주택,130.9,64.08,186.24,19840528,2,1,서울특별시 중랑구 신내동 493-43번지
11260,10600,0,0493,0045,에이스빌,,표제부,공동주택,공동주택,313.8,177.84,626.51,20150210,6,0,서울특별시 중랑구 신내동 493-45번지
11260,10600,0,0493,0046,로뎀하이빌,,표제부,공동주택,"도시형생활주택 단지형연립,제1종근린생활시설",742.9,367.93,1522.95,20191126,6,1,서울특별시 중랑구 신내동 493-46번지
11260,10600,0,0493,0047,,,표제부,공동주택,다세대주택,178.5,82.98,248.52,19891212,2,1,서울특별시 중랑구 신내동 493-47번지
11260,10600,0,0493,0048,,,일반건축물,단독주택,다가주주택/제2종근린생활시설,190.1,113.78,368.3,20020620,4,0,서울특별시 중랑구 신내동 493-48번지
11260,10600,0,0493,0050,,,일반건축물,단독주택,다가구주택(16가구),176.5,105.72,415.83,19950517,3,1,서울특별시 중랑구 신내동 493-50번지
11260,10600,0,0493,0051,,,일반건축물,단독주택,주택,0,57.65,181.08,19840725,2,1,서울특별시 중랑구 신내동 493-51번지
11260,10600,0,0493,0052,,,일반건축물,단독주택,주택및점포,0,70.31,140.53,19701111,2,1,서울특별시 중랑구 신내동 493-52번지
11260,10600,0,0493,0054,,,일반건축물,단독주택,다가구용단독주택(6가구),123.6,74.12,295.78,19940929,3,1,서울특별시 중랑구 신내동 493-54번지
11260,10600,0,0493,0055,,,일반건축물,단독주택,다가구용단독주택(5가구),102.8,61.14,170.49,19960911,2,1,서울특별시 중랑구 신내동 493-55번지
11260,10600,0,0493,0056,,,일반건축물,단독주택,다가구용단독주택(5가구),97.23,58.3,149.58,19950218,2,1,서울특별시 중랑구 신내동 493-56번지
11260,10600,0,0493,0057,,,일반건축물,단독주택,다가구용단독주택(5가구),103.75,61.62,177.12,19930503,2,1,서울특별시 중랑구 신내동 493-57번지
11260,10600,0,0493,0059,,,일반건축물,단독주택,다가구용주택(5가구),129.85,65.99,198.87,19910910,2,1,서울특별시 중랑구 신내동 493-59번지
11260,10600,0,0493,0063,,,일반건축물,단독주택,단독주택/제2종근린생활시설,96.9,56.23,112.46,19730810,2,0,서울특별시 중랑구 신내동 493-63번지
11260,10600,0,0493,0064,,,일반건축물,제2종근린생활시설,근린생활시설및단독주택(1가구),86.9,53.98,171.7,19960723,4,0,서울특별시 중랑구 신내동 493-64번지
11260,10600,0,0493,0065,,,일반건축물,단독주택,다가구주택(5가구),110.4,59.22,193.4,19911216,2,1,서울특별시 중랑구 신내동 493-65번지
11260,10600,0,0493,0066,,,일반건축물,단독주택,주택,0,64.89,77.49,19731004,1,1,서울특별시 중랑구 신내동 493-66번지
11260,10600,0,0493,0068,,,일반건축물,제2종근린생활시설,근린생활시설,140.5,79.92,158.73,20031203,2,0,서울특별시 중랑구 신내동 493-68번지
11260,10600,0,0493,0069,,,일반건축물,단독주택,주택,0,69.29,87.11,19770707,1,1,서울특별시 중랑구 신내동 493-69번지
11260,10600,0,0493,0070,,,일반건축물,단독주택,주택,0,57.65,137.94,19780926,2,1,서울특별시 중랑구 신내동 493-70번지
11260,10600,0,0493,0073,,,일반건축물,단독주택,주택,0,52.73,59.21,19721205,1,1,서울특별시 중랑구 신내동 493-73번지
11260,10600,0,0493,0074,,,일반건축물,단독주택,다가구주택 및 근린생활시설,159.64,95.6,318.86,20180816,5,0,서울특별시 중랑구 신내동 493-74번지
11260,10600,0,0493,0077,,,일반건축물,단독주택,단독주택,86.3,43,138.6,19901229,2,1,서울특별시 중랑구 신내동 493-77번지
11260,10600,0,0493,0078,,,일반건축물,단독주택,단독주택,84.1,41.4,134.1,19901221,2,1,서울특별시 중랑구 신내동 493-78번지
11260,10600,0,0493,0079,,,일반건축물,단독주택,단독주택,81.19,39.12,129.84,19901119,2,1,서울특별시 중랑구 신내동 493-79번지
11260,10600,0,0493,0080,,,일반건축물,단독주택,단독주택,79.9,39.75,128.14,19901224,2,1,서울특별시 중랑구 신내동 493-80번지
11260,10600,0,0493,0081,,,일반건축물,단독주택,단독주택,75.24,36.84,119.58,19910715,2,1,서울특별시 중랑구 신내동 493-81번지
11260,10600,0,0493,0082,,,일반건축물,단독주택,단독주택,82.71,40.56,133.56,19901203,2,1,서울특별시 중랑구 신내동 493-82번지
11260,10600,0,0493,0084,,,일반건축물,제1종근린생활시설,근린생활시설및주택(1가구),99.83,59.88,228.6,19970802,4,0,서울특별시 중랑구 신내동 493-84번지
11260,10600,0,0493,0085,,,일반건축물,단독주택,단독주택,84.02,42,133.9,19910417,2,1,서울특별시 중랑구 신내동 493-85번지
11260,10600,0,0493,0087,,,일반건축물,단독주택,다가구용주택(5가구),99.15,57.9,172,19910726,2,1,서울특별시 중랑구 신내동 493-87번지
11260,10600,0,0493,0088,,,일반건축물,단독주택,주택,0,56.33,80.99,19781219,1,1,서울특별시 중랑구 신내동 493-88번지
11260,10600,0,0493,0088,,,일반건축물,단독주택,다가구용주택(5가구),112.99,57.66,178.74,19910905,2,1,서울특별시 중랑구 신내동 493-88번지
11260,10600,0,0493,0089,,,일반건축물,단독주택,다가구용단독주택(5가구),113.7,66.18,193.02,19930720,2,1,서울특별시 중랑구 신내동 493-89번지
11260,10600,0,0493,0090,,,일반건축물,단독주택,다가구용단독주택(5가구),95.9,56.91,170.25,19931126,2,1,서울특별시 중랑구 신내동 493-90번지
11260,10600,0,0493,0091,,,일반건축물,단독주택,다가구용단독주택(5가구),136.2,73.72,199.46,19931025,2,1,서울특별시 중랑구 신내동 493-91번지
11260,10600,0,0493,0093,M.H파크빌,,표제부,공동주택,도시형생활주택(단지형다세대),183.2,94.65,365.21,20180807,6,0,서울특별시 중랑구 신내동 493-93번지
11260,10600,0,0493,0095,,,일반건축물,단독주택,다가구용단독주택(4가구),91.6,53.09,149.68,19931230,2,1,서울특별시 중랑구 신내동 493-95번지
11260,10600,0,0493,0096,,,일반건축물,단독주택,다가구용단독주택(5가구),91.6,52.75,156.92,19950331,3,1,서울특별시 중랑구 신내동 493-96번지
11260,10600,0,0493,0097,,,일반건축물,단독주택,주택,89.6,43.56,140.14,19891216,2,1,서울특별시 중랑구 신내동 493-97번지
11260,10600,0,0493,0099,,,일반건축물,단독주택,다가구용주택(5가구),89.6,53.52,171.78,19910731,2,1,서울특별시 중랑구 신내동 493-99번지
11260,10600,0,0493,0100,,,일반건축물,단독주택,다가구용주택(5가구),91.6,53.56,170.94,19910829,2,1,서울특별시 중랑구 신내동 493-100번지
11260,10600,0,0493,0101,,,일반건축물,단독주택,다가구용주택(5가구),91.6,53.56,170.94,19910511,2,1,서울특별시 중랑구 신내동 493-101번지
11260,10600,0,0493,0102,,,일반건축물,단독주택,다가구용주택(5가구),91.6,53.37,164.25,19910806,2,1,서울특별시 중랑구 신내동 493-102번지
11260,10600,0,0493,0103,,,일반건축물,단독주택,다가구용주택(5가구),91.6,54.86,149.77,19931211,2,1,서울특별시 중랑구 신내동 493-103번지
11260,10600,0,0493,0104,,,일반건축물,단독주택,다가구용주택(5가구),89.6,51.79,169.94,19911001,2,1,서울특별시 중랑구 신내동 493-104번지
11260,10600,0,0493,0106,,,일반건축물,단독주택,다가구용단독주택(3가구),89.6,53.32,159.96,19951101,2,1,서울특별시 중랑구 신내동 493-106번지
11260,10600,0,0493,0107,,,일반건축물,단독주택,다가구용단독주택(4가구),91.9,54.48,153.15,19951111,2,1,서울특별시 중랑구 신내동 493-107번지
11260,10600,0,0493,0108,,,일반건축물,단독주택,다가구용주택(5가구),91.9,53.37,164.25,19910809,2,1,서울특별시 중랑구 신내동 493-108번지
11260,10600,0,0493,0109,,,일반건축물,단독주택,"근린생활시설,주택(1)",172.9,85.49,438.97,19930721,4,1,서울특별시 중랑구 신내동 493-109번지
11260,10600,0,0493,0110,,,일반건축물,단독주택,다가구용단독주택(5가구),115,68.98,200.84,19930813,2,1,서울특별시 중랑구 신내동 493-110번지
11260,10600,0,0493,0111,,,일반건축물,단독주택,다가구용단독주택(5가구),102.2,61.2,191.56,19950404,2,1,서울특별시 중랑구 신내동 493-111번지
11260,10600,0,0493,0113,,,일반건축물,단독주택,다가구용단독주택(3가구),97.5,57.19,168.83,19950629,2,1,서울특별시 중랑구 신내동 493-113번지
11260,10600,0,0493,0115,,,일반건축물,단독주택,다가구용단독주택(4가구),100.8,57.6,171.74,19941018,2,1,서울특별시 중랑구 신내동 493-115번지
11260,10600,0,0493,0116,,,일반건축물,단독주택,다가구주택,102.8,61.58,195.21,19950428,3,1,서울특별시 중랑구 신내동 493-116번지
11260,10600,0,0493,0117,,,일반건축물,단독주택,다가구주택,98.2,58.3,207.91,19940708,3,1,서울특별시 중랑구 신내동 493-117번지
11260,10600,0,0493,0118,,,일반건축물,단독주택,다가구용단독주택(5가구),108.1,62.98,197.89,19920831,2,1,서울특별시 중랑구 신내동 493-118번지
11260,10600,0,0493,0120,,,일반건축물,단독주택,다가구용단독주택(5가구),123,73.54,209.56,19931220,2,1,서울특별시 중랑구 신내동 493-120번지
11260,10600,0,0493,0121,,,일반건축물,단독주택,다가구용단독주택(5가구),129.9,77.72,243.98,19901211,2,1,서울특별시 중랑구 신내동 493-121번지
11260,10600,0,0493,0122,,,일반건축물,단독주택,주택,129.9,64.04,203.12,19880810,2,1,서울특별시 중랑구 신내동 493-122번지
11260,10600,0,0493,0123,,,일반건축물,단독주택,다가구용단독주택(4가구),116.7,69.14,207.34,19940912,2,1,서울특별시 중랑구 신내동 493-123번지
11260,10600,0,0493,0124,,,일반건축물,제1종근린생활시설,근린생활시설및주택(1가구),167.6,100.28,391.06,19951014,4,1,서울특별시 중랑구 신내동 493-124번지
11260,10600,0,0493,0125,,,일반건축물,단독주택,다가구용단독주택(3가구),124.6,73.36,178.76,19961129,3,0,서울특별시 중랑구 신내동 493-125번지
11260,10600,0,0493,0126,,,일반건축물,단독주택,다가구용단독주택(5가구),104.8,61.36,206.93,19961129,3,1,서울특별시 중랑구 신내동 493-126번지
11260,10600,0,0493,0127,,,일반건축물,단독주택,다가구용단독주택(4가구),104.8,62.69,177.62,19940622,2,1,서울특별시 중랑구 신내동 493-127번지
11260,10600,0,0493,0128,,,일반건축물,단독주택,다가구용단독주택(4가구),103.71,62.16,179.93,19951019,2,1,서울특별시 중랑구 신내동 493-128번지
11260,10600,0,0493,0129,,,일반건축물,단독주택,다가구용단독주택(4가구),113.85,62.82,197.26,19920803,2,1,서울특별시 중랑구 신내동 493-129번지
11260,10600,0,0493,0132,동원팰리스3차,,표제부,공동주택,도시형생활주택(단지형다세대),217.89,123.2,434.03,20231205,6,0,서울특별시 중랑구 신내동 493-132번지
11260,10600,0,0493,0133,,,일반건축물,제1종근린생활시설,근린생활시설및주택(1가구),98.2,58.46,197.94,19960531,4,0,서울특별시 중랑구 신내동 493-133번지
11260,10600,0,0493,0134,,,일반건축물,단독주택,다가구용단독주택(4가구),121.3,72.43,179.43,19960611,2,1,서울특별시 중랑구 신내동 493-134번지
11260,10600,0,0493,0135,,,일반건축물,단독주택,다가구용단독주택(6가구),134.8,79.58,269.88,19960613,3,1,서울특별시 중랑구 신내동 493-135번지
11260,10600,0,0493,0137,루아델,,표제부,공동주택,공동주택(도시형생활주택-단지형다세대),247.28,148.25,492.81,20230719,5,0,서울특별시 중랑구 신내동 493-137번지
11260,10600,0,0493,0139,,,일반건축물,단독주택,주택,0,77.98,154.06,19750607,2,1,서울특별시 중랑구 신내동 493-139번지
11260,10600,0,0493,0141,,,일반건축물,단독주택,단독주택(다가구주택),120.3,71.98,190.08,19940907,3,1,서울특별시 중랑구 신내동 493-141번지
11260,10600,0,0493,0142,,,일반건축물,단독주택,다가구용단독주택(5가구),128.04,72.1,223.41,19940726,2,1,서울특별시 중랑구 신내동 493-142번지
11260,10600,0,0493,0146,,,일반건축물,단독주택,주택,0,77.19,160.99,19771209,2,1,서울특별시 중랑구 신내동 493-146번지
11260,10600,0,0493,0147,,,일반건축물,단독주택,주택,0,69.22,92.29,19751230,1,1,서울특별시 중랑구 신내동 493-147번지
11260,10600,0,0493,0148,,,표제부,공동주택,공동주택(도시형생활주택-단지형다세대),254.2,151.45,499.86,20230518,6,0,서울특별시 중랑구 신내동 493-148번지
11260,10600,0,0493,0149,,,일반건축물,단독주택,주택,0,62.35,129.72,19780826,2,1,서울특별시 중랑구 신내동 493-149번지
11260,10600,0,0493,0150,,,일반건축물,단독주택,다가구용단독주택(5가구),124.9,74.88,216.66,19950828,2,1,서울특별시 중랑구 신내동 493-150번지
11260,10600,0,0493,0153,,,일반건축물,단독주택,다가구용주택(5가구),123.6,66.42,199.26,19910625,2,1,서울특별시 중랑구 신내동 493-153번지
11260,10600,0,0493,0155,,,표제부,공동주택,다세대주택,178.5,82.98,248.52,19891212,2,1,서울특별시 중랑구 신내동 493-155번지
11260,10600,0,0493,0156,,,표제부,공동주택,다세대주택,178.5,82.98,248.52,19891212,2,1,서울특별시 중랑구 신내동 493-156번지
11260,10600,0,0493,0157,,,표제부,공동주택,다세대주택,178.5,83.42,249.84,19891212,2,1,서울특별시 중랑구 신내동 493-157번지
11260,10600,0,0493,0158,월드아파트,,표제부,공동주택,공동주택,793.4,426,3035.44,20040325,7,1,서울특별시 중랑구 신내동 493-158번지
11260,10600,0,0493,0163,에이스빌,,표제부,공동주택,도시형생활주택(단지형다세대),316.7,179.4,632.82,20150224,6,0,서울특별시 중랑구 신내동 493-163번지
11260,10600,0,0494,0001,젠트리 하임,,표제부,공동주택,단지형다세대도시형생활주택,220.84,130.14,441.32,20180518,6,0,서울특별시 중랑구 신내동 494-1번지
11260,10600,0,0494,0003,,,일반건축물,단독주택,다가구용단독주택(5가구),122.3,67.64,199.72,19921111,2,1,서울특별시 중랑구 신내동 494-3번지
11260,10600,0,0494,0004,,,일반건축물,단독주택,주택,0,75.99,234.81,19871005,2,1,서울특별시 중랑구 신내동 494-4번지
11260,10600,0,0494,0005,,,일반건축물,제1종근린생활시설,"근린생활시설,사무실",0,224.96,413.98,19750915,2,1,서울특별시 중랑구 신내동 494-5번지
11260,10600,0,0494,0006,,,일반건축물,단독주택,근린생활시설및다가구용주택(5가구),134.9,80.01,411.53,19910912,4,1,서울특별시 중랑구 신내동 494-6번지
11260,10600,0,0494,0012,,,일반건축물,단독주택,다가구용주택(7가구),98.9,59.18,236.72,19911018,3,1,서울특별시 중랑구 신내동 494-12번지
11260,10600,0,0494,0013,,,일반건축물,단독주택,다가구용주택(4가구),74.4,43.3,129.96,19910924,2,1,서울특별시 중랑구 신내동 494-13번지
11260,10600,0,0494,0014,,,일반건축물,단독주택,다가구용주택(4가구),74,43.3,129.96,19911001,2,1,서울특별시 중랑구 신내동 494-14번지
11260,10600,0,0494,0015,,,일반건축물,단독주택,다가구용주택(4가구),72.4,43.3,129.96,19910824,2,1,서울특별시 중랑구 신내동 494-15번지
11260,10600,0,0494,0016,,,일반건축물,단독주택,다가구용주택(4가구),83.3,49.36,147.66,19910816,2,1,서울특별시 중랑구 신내동 494-16번지
11260,10600,0,0494,0018,,,일반건축물,단독주택,근린생활시설및주택,136.11,74.91,369.25,19940118,4,1,서울특별시 중랑구 신내동 494-18번지
11260,10600,0,0494,0019,,,표제부,제1종근린생활시설,"근린생활시설, 교육원, 독서실",0,497.57,1197.8,19731129,3,1,서울특별시 중랑구 신내동 494-19번지
11260,10600,0,0494,0020,,,일반건축물,단독주택,단독주택,138.8,69.36,239.46,19901107,2,1,서울특별시 중랑구 신내동 494-20번지
11260,10600,0,0494,0022,,,일반건축물,제1종근린생활시설,근린생활시설및주택,95.5,47.6,194.84,19891123,3,1,서울특별시 중랑구 신내동 494-22번지
11260,10600,0,0494,0025,,,일반건축물,제2종근린생활시설,근린생활시설및주택,107.25,52.8,299.58,19911231,4,1,서울특별시 중랑구 신내동 494-25번지
11260,10600,0,0494,0026,청소년커뮤니티공간 1호점,,일반건축물,제1종근린생활시설,제1종근린생활시설(자치센터),104.1,62.38,183.59,19880508,2,1,서울특별시 중랑구 신내동 494-26번지
11260,10600,0,0494,0027,,,일반건축물,제1종근린생활시설,근린생활시설및주택,100.5,49,203,19900602,3,1,서울특별시 중랑구 신내동 494-27번지
11260,10600,0,0494,0028,,,일반건축물,제2종근린생활시설,근린생활시설및주택,101.5,50.06,262.43,19900813,4,1,서울특별시 중랑구 신내동 494-28번지
11260,10600,0,0494,0029,,,일반건축물,제2종근린생활시설,근린생활시설및주택,96.9,48.18,255.72,19901222,4,1,서울특별시 중랑구 신내동 494-29번지
11260,10600,0,0494,0030,,,일반건축물,단독주택,근린생활시설및주택,99.2,46.8,185.76,19901107,3,1,서울특별시 중랑구 신내동 494-30번지
11260,10600,0,0494,0031,,,일반건축물,단독주택,근린생활시설및주택,100.5,49.7,207,19900928,3,1,서울특별시 중랑구 신내동 494-31번지
11260,10600,0,0494,0032,,3,일반건축물,단독주택,단독주택,131.2,71.28,224.5,19900927,2,1,서울특별시 중랑구 신내동 494-32번지
11260,10600,0,0494,0033,,,일반건축물,단독주택,다가구용주택(4가구),130.2,68.22,221.31,19900928,2,1,서울특별시 중랑구 신내동 494-33번지
11260,10600,0,0494,0034,화이트빌,,표제부,공동주택,공동주택,253.9,151.12,506.8,20151022,5,0,서울특별시 중랑구 신내동 494-34번지
11260,10600,0,0494,0036,,,일반건축물,단독주택,다가구용단독주택,116.4,64.27,236.71,19901024,3,1,서울특별시 중랑구 신내동 494-36번지
11260,10600,0,0494,0037,,,일반건축물,단독주택,다가구용주택,118.3,65.71,237.52,19901019,3,1,서울특별시 중랑구 신내동 494-37번지
11260,10600,0,0494,0038,,,일반건축물,단독주택,다가구용주택(4가구),115.7,63.96,205.84,19901030,2,1,서울특별시 중랑구 신내동 494-38번지
11260,10600,0,0494,0039,,,일반건축물,단독주택,단독주택,115.7,57.4,193.36,19901027,2,1,서울특별시 중랑구 신내동 494-39번지
11260,10600,0,0494,0040,,,일반건축물,단독주택,다가구용주택(3가구),124.6,63.07,211.22,19901101,2,1,서울특별시 중랑구 신내동 494-40번지
11260,10600,0,0494,0041,,,일반건축물,단독주택,다가구용주택(6가구),140.5,79.73,237.73,19910327,2,1,서울특별시 중랑구 신내동 494-41번지
11260,10600,0,0494,0042,,,일반건축물,단독주택,주택,132.2,65.82,223.2,19900611,2,1,서울특별시 중랑구 신내동 494-42번지
11260,10600,0,0494,0043,,,일반건축물,단독주택,주택,134.2,66.84,223.77,19900623,2,1,서울특별시 중랑구 신내동 494-43번지
11260,10600,0,0494,0044,,,일반건축물,단독주택,다가구용주택(4가구),131.6,67.86,217.98,19901015,2,1,서울특별시 중랑구 신내동 494-44번지
11260,10600,0,0494,0045,,,일반건축물,단독주택,다가구용주택(6가구),132.2,71.85,229.2,19901224,2,1,서울특별시 중랑구 신내동 494-45번지
11260,10600,0,0494,0046,,,일반건축물,단독주택,주택,134.2,66.84,218.52,19891006,2,1,서울특별시 중랑구 신내동 494-46번지
11260,10600,0,0494,0047,,,일반건축물,단독주택,단독주택,132.2,77.19,263.44,20151231,5,0,서울특별시 중랑구 신내동 494-47번지
11260,10600,0,0494,0048,,,일반건축물,단독주택,다가구용주택(6가구),143.5,82.01,244.21,19910320,2,1,서울특별시 중랑구 신내동 494-48번지
11260,10600,0,0494,0049,,,일반건축물,단독주택,다가구용주택(4가구),140.5,70.84,231.5,19901207,2,1,서울특별시 중랑구 신내동 494-49번지
11260,10600,0,0494,0052,,,일반건축물,단독주택,단독주택,98.2,58.4,205.74,19901201,3,1,서울특별시 중랑구 신내동 494-52번지
11260,10600,0,0494,0053,,,일반건축물,단독주택,다가구용주택(5가구),107.4,59.46,195.31,19901016,2,1,서울특별시 중랑구 신내동 494-53번지
11260,10600,0,0494,0054,,,일반건축물,단독주택,다가구용주택(5가구),112.7,58.83,194.31,19901017,2,1,서울특별시 중랑구 신내동 494-54번지
11260,10600,0,0494,0055,,,일반건축물,단독주택,다가구용주택(4가구),122.6,61.28,208.4,19900818,2,1,서울특별시 중랑구 신내동 494-55번지
11260,10600,0,0494,0056,,,일반건축물,제2종근린생활시설,근린생활시설및주택,117.8,62.4,299.52,19970723,4,1,서울특별시 중랑구 신내동 494-56번지
11260,10600,0,0494,0057,,,일반건축물,제1종근린생활시설,근린생활시설및주택,151,75.3,319.79,19891123,3,1,서울특별시 중랑구 신내동 494-57번지
11260,10600,0,0494,0058,,,일반건축물,제1종근린생활시설,근린생활시설및주택,140.8,66.68,198.16,19870916,2,1,서울특별시 중랑구 신내동 494-58번지
11260,10600,0,0494,0059,,,일반건축물,단독주택,근린생활시설및주택,124.6,61.56,184.68,19871103,2,1,서울특별시 중랑구 신내동 494-59번지
11260,10600,0,0494,0060,,,일반건축물,단독주택,근린생활시설및주택,113.7,57.78,295.1,19920706,4,1,서울특별시 중랑구 신내동 494-60번지
11260,10600,0,0494,0061,,,일반건축물,단독주택,주택,0,61.02,192.96,19880423,2,1,서울특별시 중랑구 신내동 494-61번지
11260,10600,0,0494,0062,,,일반건축물,단독주택,단독주택,120.3,59.67,194.17,19880825,2,1,서울특별시 중랑구 신내동 494-62번지
11260,10600,0,0494,0065,,,일반건축물,단독주택,주택,121,60.39,204.66,19890529,2,1,서울특별시 중랑구 신내동 494-65번지
11260,10600,0,0494,0066,지우빌,,표제부,공동주택,다세대주택및 제2종근린생활시설(사무소),237.9,142.26,498.66,20190813,6,1,서울특별시 중랑구 신내동 494-66번지
11260,10600,0,0494,0067,,,일반건축물,단독주택,주택,108.63,54.21,245.67,19891023,3,1,서울특별시 중랑구 신내동 494-67번지
11260,10600,0,0494,0068,,,일반건축물,단독주택,"주택,작업장,사무실",0,199.17,224.53,19750424,1,1,서울특별시 중랑구 신내동 494-68번지
11260,10600,0,0494,0071,,,일반건축물,단독주택,다가구용단독주택(5가구),121.6,72.8,211.52,19950605,2,1,서울특별시 중랑구 신내동 494-71번지
11260,10600,0,0494,0072,,,일반건축물,단독주택,다가구용단독주택(5가구),121.6,71.46,179.96,19950628,2,1,서울특별시 중랑구 신내동 494-72번지
11260,10600,0,0494,0076,,,일반건축물,단독주택,다가구용단독주택(5가구),116,69.48,179.98,19941123,2,1,서울특별시 중랑구 신내동 494-76번지
11260,10600,0,0494,0077,,,일반건축물,단독주택,다가구용단독주택(5가구),116,69.48,179.98,19941123,2,1,서울특별시 중랑구 신내동 494-77번지
11260,10600,0,0494,0078,,,일반건축물,단독주택,다가구용단독주택(5가구),116,68.94,179.1,19940916,2,1,서울특별시 중랑구 신내동 494-78번지
11260,10600,0,0494,0079,,,일반건축물,단독주택,다가구용단독주택(6가구),123.3,73.44,262.09,19950124,3,1,서울특별시 중랑구 신내동 494-79번지
11260,10600,0,0494,0081,,,일반건축물,단독주택,다가구용단독주택(7가구),124.3,74.51,293.3,19941216,3,1,서울특별시 중랑구 신내동 494-81번지
11260,10600,0,0494,0082,,,일반건축물,단독주택,다가구용단독주택(5가구),126.3,71.54,179.88,19941216,2,1,서울특별시 중랑구 신내동 494-82번지
11260,10600,0,0494,0083,,,일반건축물,단독주택,다가구용단독주택(5가구),126.3,72.88,178.92,19941216,2,1,서울특별시 중랑구 신내동 494-83번지
11260,10600,0,0494,0084,,,일반건축물,단독주택,다가구주택(5가구),106.1,60.91,188.23,19920131,2,1,서울특별시 중랑구 신내동 494-84번지
11260,10600,0,0494,0085,,,일반건축물,단독주택,다가구용단독주택(4가구),96.2,50.35,166.83,19920821,2,1,서울특별시 중랑구 신내동 494-85번지
11260,10600,0,0494,0086,,,표제부,공동주택,다세대주택(10가구),191.8,87.88,442.08,19920722,4,1,서울특별시 중랑구 신내동 494-86번지
11260,10600,0,0494,0089,,,일반건축물,단독주택,주택,0,79.32,242.58,19871031,2,1,서울특별시 중랑구 신내동 494-89번지
11260,10600,0,0494,0090,,,일반건축물,단독주택,주택,0,76.5,169.4,19780724,2,1,서울특별시 중랑구 신내동 494-90번지
11260,10600,0,0494,0091,,,일반건축물,단독주택,주택,0,71.12,148.94,19771230,2,1,서울특별시 중랑구 신내동 494-91번지
11260,10600,0,0494,0092,,,표제부,공동주택,다세대주택(8가구),238,121.26,485.04,19901218,3,1,서울특별시 중랑구 신내동 494-92번지
11260,10600,0,0494,0095,"가동,나동,다동",,일반건축물,제1종근린생활시설,"근린생활시설(창고,소매점)",635.47,275.92,314.85,19931130,1,1,서울특별시 중랑구 신내동 494-95번지
11260,10600,0,0494,0096,예일빌리지,,표제부,공동주택,도시형생활주택(다세대주택),116.7,59.47,232.73,20180312,6,0,서울특별시 중랑구 신내동 494-96번지
11260,10600,0,0494,0098,,,일반건축물,단독주택,주택,111.3,55.53,183.06,19890906,2,1,서울특별시 중랑구 신내동 494-98번지
11260,10600,0,0494,0100,,,표제부,공동주택,다세대주택(14가구),378.3,167.4,659.65,19950622,4,1,서울특별시 중랑구 신내동 494-100번지
11260,10600,0,0494,0101,,,표제부,공동주택,다세대주택(14가구),417.38,166.53,642.1,19941130,4,1,서울특별시 중랑구 신내동 494-101번지
11260,10600,0,0495,0003,,,일반건축물,단독주택,단독주택,199.91,117.97,338.32,20031111,3,0,서울특별시 중랑구 신내동 495-3번지
11260,10600,0,0495,0006,,,일반건축물,단독주택,근린생활시설및주택(1가구),100.15,59.34,296.7,19970731,4,1,서울특별시 중랑구 신내동 495-6번지
11260,10600,0,0495,0007,,,일반건축물,제1종근린생활시설,근린생활시설및주택,95.86,51.87,234.82,19881121,4,1,서울특별시 중랑구 신내동 495-7번지
11260,10600,0,0495,0008,,,일반건축물,제1종근린생활시설,근린생활시설및주택,114.9,61.2,253.98,19870618,3,1,서울특별시 중랑구 신내동 495-8번지
11260,10600,0,0495,0009,,,일반건축물,제2종근린생활시설,근린생활시설,105.6,64.38,230.51,19840526,3,1,서울특별시 중랑구 신내동 495-9번지
11260,10600,0,0495,0010,,,일반건축물,단독주택,주택,81.58,40.67,131.25,19881102,2,1,서울특별시 중랑구 신내동 495-10번지
11260,10600,0,0495,0011,,,일반건축물,단독주택,다가구용단독주택(4가구),73.53,44.1,128.86,19930709,2,1,서울특별시 중랑구 신내동 495-11번지
11260,10600,0,0495,0012,,,일반건축물,단독주택,다가구용단독주택(4가구),86.68,51.95,146.15,19930807,2,1,서울특별시 중랑구 신내동 495-12번지
11260,10600,0,0495,0013,,,일반건축물,단독주택,다가구용단독주택(4가구),106.14,58.46,149.28,19930611,2,1,서울특별시 중랑구 신내동 495-13번지
11260,10600,0,0495,0014,,,일반건축물,단독주택,다가구용단독주택(3가구),108.26,58.46,149.28,19930610,2,1,서울특별시 중랑구 신내동 495-14번지
11260,10600,0,0495,0015,,,일반건축물,단독주택,다가구용단독주택(4가구),86.71,53.9,146.48,19930928,2,1,서울특별시 중랑구 신내동 495-15번지
11260,10600,0,0495,0016,,,일반건축물,단독주택,다가구용단독주택(4가구),78.08,45.73,135.29,19930803,2,1,서울특별시 중랑구 신내동 495-16번지
11260,10600,0,0495,0017,,,일반건축물,단독주택,주택(4가구),80.71,40.2,152.37,19900404,3,1,서울특별시 중랑구 신내동 495-17번지
11260,10600,0,0495,0018,,,일반건축물,단독주택,근린생활시설및주택(3가구),0,52.25,265.05,19871230,4,1,서울특별시 중랑구 신내동 495-18번지
11260,10600,0,0495,0020,,,일반건축물,단독주택,다가구용단독주택(4가구),99.4,56.41,149.89,19940802,2,1,서울특별시 중랑구 신내동 495-20번지
11260,10600,0,0495,0021,,,일반건축물,단독주택,다가구용단독주택(4가구),89.48,53.77,146.83,19940805,2,1,서울특별시 중랑구 신내동 495-21번지
11260,10600,0,0495,0022,,,일반건축물,단독주택,다가구용단독주택,104.86,62.18,149.52,19940805,2,1,서울특별시 중랑구 신내동 495-22번지
11260,10600,0,0495,0023,,,일반건축물,단독주택,다가구용단독주택(5가구),111.95,63.44,149.68,19940805,2,1,서울특별시 중랑구 신내동 495-23번지
11260,10600,0,0495,0024,,,일반건축물,단독주택,다가구용단독주택(4가구),90.55,54.24,148.28,19940808,2,1,서울특별시 중랑구 신내동 495-24번지
11260,10600,0,0495,0025,,,일반건축물,단독주택,다가구용단독주택(5가구),76.19,50.72,144.53,19940808,2,1,서울특별시 중랑구 신내동 495-25번지
11260,10600,0,0495,0026,,,일반건축물,단독주택,주택,0,52.13,58.34,19720601,1,1,서울특별시 중랑구 신내동 495-26번지
11260,10600,0,0495,0027,,,일반건축물,단독주택,다가구용단독주택(4가구),82.5,49.33,147.04,19940805,2,1,서울특별시 중랑구 신내동 495-27번지
11260,10600,0,0495,0028,,,일반건축물,단독주택,다가구용단독주택(4가구),87.85,51.55,145.2,19940808,2,1,서울특별시 중랑구 신내동 495-28번지
11260,10600,0,0495,0029,,,일반건축물,단독주택,다가구용단독주택(3가구),86.36,49.77,131.94,19940808,2,1,서울특별시 중랑구 신내동 495-29번지
11260,10600,0,0495,0030,,,일반건축물,단독주택,다가구용단독주택(4가구),79.28,47.08,143.5,19940808,2,1,서울특별시 중랑구 신내동 495-30번지
11260,10600,0,0495,0031,,,일반건축물,단독주택,주택,0,56.82,56.82,19711130,1,0,서울특별시 중랑구 신내동 495-31번지
11260,10600,0,0495,0032,,,일반건축물,단독주택,주택,0,59.43,59.43,19711130,1,0,서울특별시 중랑구 신내동 495-32번지
11260,10600,0,0495,0033,,,일반건축물,단독주택,다가구용단독주택(4가구),82.88,48.28,144.7,19940805,2,1,서울특별시 중랑구 신내동 495-33번지
11260,10600,0,0495,0034,,,표제부,공동주택,다세대주택,0,66,207.9,19860721,2,1,서울특별시 중랑구 신내동 495-34번지
11260,10600,0,0495,0035,,,일반건축물,단독주택,근린생활시설및주택,114,67.87,305.56,19940810,5,1,서울특별시 중랑구 신내동 495-35번지
11260,10600,0,0495,0036,,,표제부,공동주택,공동주택,237.7,140.81,634.09,20031022,5,1,서울특별시 중랑구 신내동 495-36번지
11260,10600,0,0495,0038,,,일반건축물,숙박시설,숙박시설(여관)및근린생활시설,0,156.27,634.36,19790705,3,1,서울특별시 중랑구 신내동 495-38번지
11260,10600,0,0495,0039,,,일반건축물,제1종근린생활시설,근린생활시설및주택,129.6,77.6,273.95,19860326,3,1,서울특별시 중랑구 신내동 495-39번지
11260,10600,0,0495,0040,,,일반건축물,단독주택,단독주택,133.32,66.3,205.64,19900730,2,1,서울특별시 중랑구 신내동 495-40번지
11260,10600,0,0495,0041,,,일반건축물,제2종근린생활시설,근린생활시설및주택,116.4,57.68,247.2,19920624,3,1,서울특별시 중랑구 신내동 495-41번지
11260,10600,0,0495,0042,,,표제부,공동주택,공동주택,670.5,399.06,2574.83,20031212,6,1,서울특별시 중랑구 신내동 495-42번지
11260,10600,0,0495,0050,,,일반건축물,단독주택,다가구용단독주택(4가구),82.85,48.16,139.85,19940810,2,1,서울특별시 중랑구 신내동 495-50번지
11260,10600,0,0497,0000,,,일반건축물,단독주택,주택,0,83.97,83.97,,1,0,서울특별시 중랑구 신내동 497번지
11260,10600,0,0499,0001,,,일반건축물,제2종근린생활시설,근린생활시설(제조업소),329.8,185.36,185.36,20031024,1,0,서울특별시 중랑구 신내동 499-1번지
11260,10600,0,0499,0011,,,일반건축물,단독주택,근린생활시설및다가구주택,70,41.64,204.47,19921214,4,1,서울특별시 중랑구 신내동 499-11번지
11260,10600,0,0499,0012,,,일반건축물,단독주택,다가구용단독주택(4가구),89.56,52.26,175.7,19941220,3,1,서울특별시 중랑구 신내동 499-12번지
11260,10600,0,0499,0015,,,일반건축물,단독주택,근린생활시설및다가구주택,94.9,54.99,210.51,19901129,3,1,서울특별시 중랑구 신내동 499-15번지
11260,10600,0,0501,0001,,,표제부,공동주택,다세대주택(7가구),191.5,86.69,298.73,19940421,3,1,서울특별시 중랑구 신내동 501-1번지
11260,10600,0,0501,0009,,,표제부,공동주택,다세대주택(15가구),336,134.52,650.34,19931222,4,1,서울특별시 중랑구 신내동 501-9번지
11260,10600,0,0502,0005,대명프라자,,표제부,제2종근린생활시설,"근린생활시설,운동시설,교육시설,종교시설",2090,1040.6,9158.26,19940422,6,2,서울특별시 중랑구 신내동 502-5번지
11260,10600,0,0505,0004,,,일반건축물,단독주택,주택,0,40.46,40.46,19720613,1,0,서울특별시 중랑구 신내동 505-4번지
11260,10600,0,0509,0003,,,일반건축물,제2종근린생활시설,사무실,0,0,161.04,,1,0,서울특별시 중랑구 신내동 509-3번지
11260,10600,0,0517,0001,,,표제부,공동주택,다세대주택(9가구),317,130.21,506.72,19940909,4,1,서울특별시 중랑구 신내동 517-1번지
11260,10600,0,0521,0010,,,일반건축물,제2종근린생활시설,근린생활시설,230,136.94,684.7,20030828,5,0,서울특별시 중랑구 신내동 521-10번지
11260,10600,0,0522,0001,,,일반건축물,제2종근린생활시설,근린생활시설,1344,263.32,981.48,19881228,3,1,서울특별시 중랑구 신내동 522-1번지
11260,10600,0,0522,0006,,,일반건축물,제2종근린생활시설,근린생활시설,33,19.6,34.4,20000615,2,0,서울특별시 중랑구 신내동 522-6번지
11260,10600,0,0529,0000,,,일반건축물,단독주택,주택,0,61.16,61.16,,1,0,서울특별시 중랑구 신내동 529번지
11260,10600,0,0530,0001,신내동 성당 증축공사,,일반건축물,문화및집회시설,종교시설,1976,962.11,4563.17,19950713,4,2,서울특별시 중랑구 신내동 530-1번지
11260,10600,0,0530,0004,,,일반건축물,단독주택,근린생활시설및주택,208.28,103.91,537.18,19910202,4,1,서울특별시 중랑구 신내동 530-4번지
11260,10600,0,0530,0011,,,일반건축물,단독주택,단독주택,0,36,36,19970109,1,0,서울특별시 중랑구 신내동 530-11번지
11260,10600,0,0531,0000,중화초등학교,,일반건축물,교육연구시설,교육연구시설(초등학교),14321,4126.64,13930.14,20100405,5,1,서울특별시 중랑구 신내동 531번지
11260,10600,0,0531,0002,제이리움,,일반건축물,제2종근린생활시설,근린생활시설,262,130.73,822.03,20171205,6,1,서울특별시 중랑구 신내동 531-2번지
11260,10600,0,0531,0003,,,일반건축물,제1종근린생활시설,근린생활시설및주택,204,101.52,526.4,19890909,4,1,서울특별시 중랑구 신내동 531-3번지
11260,10600,0,0531,0011,,,일반건축물,단독주택,주택및점포,116,98.81,98.81,19850629,1,0,서울특별시 중랑구 신내동 531-11번지
11260,10600,0,0536,0000,,,일반건축물,단독주택,주택,0,99.5,99.5,19530420,1,0,서울특별시 중랑구 신내동 536번지
11260,10600,0,0537,0003,해성빌딩,,표제부,제1종근린생활시설,"근린생활시설,노유자시설(노인복지시설)",665.15,332.26,2531.37,20041215,9,1,서울특별시 중랑구 신내동 537-3번지
11260,10600,0,0537,0006,,,일반건축물,단독주택,주택,0,0,28.96,19710426,1,0,서울특별시 중랑구 신내동 537-6번지
11260,10600,0,0537,0009,평강교회,,일반건축물,제2종근린생활시설,근린생활시설 및 교육연구시설,608,298.76,1800.07,20120319,6,1,서울특별시 중랑구 신내동 537-9번지
11260,10600,0,0537,0012,,,일반건축물,단독주택,근린생활시설및주택,87,53.46,219.72,19980324,4,1,서울특별시 중랑구 신내동 537-12번지
11260,10600,0,0537,0015,,,일반건축물,단독주택,주택,62.7,32.52,32.52,19850629,1,0,서울특별시 중랑구 신내동 537-15번지
11260,10600,0,0537,0016,,,일반건축물,제2종근린생활시설,근린생활시설,95,40.86,40.86,19850629,1,0,서울특별시 중랑구 신내동 537-16번지
11260,10600,0,0537,0019,,,일반건축물,제1종근린생활시설,근린생활시설,36,21.11,21.11,19850629,1,0,서울특별시 중랑구 신내동 537-19번지
11260,10600,0,0537,0020,,,일반건축물,단독주택,주택,0,0,39.67,,1,0,서울특별시 중랑구 신내동 537-20번지
11260,10600,0,0537,0021,,,일반건축물,제1종근린생활시설,근린생활시설(점포),43,25.75,25.75,19970716,1,0,서울특별시 중랑구 신내동 537-21번지
11260,10600,0,0538,0005,,,일반건축물,제2종근린생활시설,근린생활시설및단독주택(1가구),109,60.33,299.55,19951222,4,1,서울특별시 중랑구 신내동 538-5번지
11260,10600,0,0538,0006,,,일반건축물,제2종근린생활시설,근린생활시설,84,40.59,213.06,19961113,4,1,서울특별시 중랑구 신내동 538-6번지
11260,10600,0,0539,0001,,,표제부,공동주택,다세대주택,345.37,164.95,659.8,19910916,3,1,서울특별시 중랑구 신내동 539-1번지
11260,10600,0,0539,0009,,,표제부,공동주택,다세대주택(6가구),149,74.39,223.17,19910201,2,1,서울특별시 중랑구 신내동 539-9번지
11260,10600,0,0539,0011,,,표제부,공동주택,다세대주택(6가구),171,83.28,249.84,19910212,2,1,서울특별시 중랑구 신내동 539-11번지
11260,10600,0,0539,0012,,,표제부,공동주택,다세대주택,195,94.16,286.13,19910219,2,1,서울특별시 중랑구 신내동 539-12번지
11260,10600,0,0541,0002,대성유니드아파트,541블럭 2노트,표제부,공동주택,"부속동(관리사무소,노인정,구내통신실)",0,61.17,93.82,20050527,2,0,서울특별시 중랑구 신내동 541-2번지
11260,10600,0,0541,0002,대성유니드아파트,541블럭 2노트,표제부,공동주택,부속동(경비실),0,8.56,8.56,20050527,1,0,서울특별시 중랑구 신내동 541-2번지
11260,10600,0,0542,0002,형제빌딩,,일반건축물,제2종근린생활시설,운동시설/근린생활시설,1358.26,605.64,3341.88,20050429,6,1,서울특별시 중랑구 신내동 542-2번지
11260,10600,0,0544,0000,,,일반건축물,제1종근린생활시설,제1종근린생활시설,449,267.66,1623.99,20030630,5,1,서울특별시 중랑구 신내동 544번지
11260,10600,0,0544,0001,대한예수교장로회한세교회,,일반건축물,노유자시설,노인복지시설,386,231.55,849.85,20010811,4,1,서울특별시 중랑구 신내동 544-1번지
11260,10600,0,0544,0002,신내동유린빌딩,,일반건축물,제2종근린생활시설,근린생활시설,302,178.46,556.97,20070604,4,0,서울특별시 중랑구 신내동 544-2번지
11260,10600,0,0544,0007,,,일반건축물,제2종근린생활시설,근린생활시설/자동차관련시설,385,132.43,124.1,20061130,1,0,서울특별시 중랑구 신내동 544-7번지
11260,10600,0,0544,0018,,,일반건축물,제2종근린생활시설,근린생활시설,224,111.72,547.17,19951017,4,1,서울특별시 중랑구 신내동 544-18번지
11260,10600,0,0544,0019,,,일반건축물,제1종근린생활시설,근린생활시설,232,103.84,471.3,19950209,4,1,서울특별시 중랑구 신내동 544-19번지
11260,10600,0,0546,0001,,,일반건축물,제2종근린생활시설,제2종근린생활시설,206,102.19,333.7,20030814,4,0,서울특별시 중랑구 신내동 546-1번지
11260,10600,0,0546,0003,,,일반건축물,제2종근린생활시설,근린생활시설,62,30.93,99.47,20000817,2,1,서울특별시 중랑구 신내동 546-3번지
11260,10600,0,0546,0006,,,일반건축물,제1종근린생활시설,점포,52.9,45,45,19850629,1,0,서울특별시 중랑구 신내동 546-6번지
11260,10600,0,0546,0010,신내동근생,,일반건축물,제1종근린생활시설,근린생활시설,141,66.52,191.34,20010511,4,0,서울특별시 중랑구 신내동 546-10번지
11260,10600,0,0546,0023,,,일반건축물,제1종근린생활시설,근린생활시설,85,46.06,132.94,20000708,2,1,서울특별시 중랑구 신내동 546-23번지
11260,10600,0,0546,0025,,,일반건축물,제1종근린생활시설,제1종근린생활시설,136,65.16,123.5,20000626,2,0,서울특별시 중랑구 신내동 546-25번지
11260,10600,0,0547,0000,,,일반건축물,제2종근린생활시설,근린생활시설,0,106.91,286.11,19990628,2,1,서울특별시 중랑구 신내동 547번지
11260,10600,0,0547,0000,,,일반건축물,제2종근린생활시설,근린생활시설및자동차관련시설,0,118.84,202.09,19990628,2,0,서울특별시 중랑구 신내동 547번지
11260,10600,0,0559,0002,,,일반건축물,제2종근린생활시설,"근린생활시설, 교육연구시설",900,436.56,3513.6,19990716,6,2,서울특별시 중랑구 신내동 559-2번지
11260,10600,0,0562,0000,,,일반건축물,판매시설,판매시설,2193,825.75,1557.76,19991208,2,0,서울특별시 중랑구 신내동 562번지
11260,10600,0,0562,0002,,,일반건축물,제2종근린생활시설,근린생활시설,378,179.3,987.56,20131205,6,1,서울특별시 중랑구 신내동 562-2번지
11260,10600,0,0563,0002,신내동근린생활시설,,일반건축물,제2종근린생활시설,근린생활시설,285,143.34,289.33,19980923,2,1,서울특별시 중랑구 신내동 563-2번지
11260,10600,0,0563,0003,원빌딩,,일반건축물,제2종근린생활시설,제2종근린생활시설,0,437.56,2039.38,20150216,7,1,서울특별시 중랑구 신내동 563-3번지
11260,10600,0,0563,0003,원빌딩,,일반건축물,제2종근린생활시설,제2종근린생활시설,0,32.4,32.4,20150216,1,0,서울특별시 중랑구 신내동 563-3번지
11260,10600,0,0563,0003,원빌딩,,일반건축물,제2종근린생활시설,제2종근린생활시설,0,57.66,90.06,20150216,1,0,서울특별시 중랑구 신내동 563-3번지
11260,10600,0,0563,0004,,,일반건축물,제2종근린생활시설,근린생활시설및주택,506,198.44,998.98,19931218,4,1,서울특별시 중랑구 신내동 563-4번지
11260,10600,0,0563,0007,,,일반건축물,제1종근린생활시설,근린생활시설,70,43.38,139.85,19990730,2,1,서울특별시 중랑구 신내동 563-7번지
11260,10600,0,0563,0017,,,일반건축물,제1종근린생활시설,근린생활시설,116,62.9,132.6,19971015,1,1,서울특별시 중랑구 신내동 563-17번지
11260,10600,0,0563,0030,,,일반건축물,제2종근린생활시설,제2종근린생활시설,30,22.71,45.42,20150105,2,0,서울특별시 중랑구 신내동 563-30번지
11260,10600,0,0564,0000,,,일반건축물,제2종근린생활시설,제2종근린생활시설,173.03,92.51,92.51,20071211,1,0,서울특별시 중랑구 신내동 564번지
11260,10600,0,0565,0001,,,일반건축물,제2종근린생활시설,근린생활시설/단독주택,567,328.2,1576.7,19991223,4,1,서울특별시 중랑구 신내동 565-1번지
11260,10600,0,0565,0002,영춘빌딩,,일반건축물,제2종근린생활시설,제2종근린생활시설,455,272.12,1565.49,20020514,5,1,서울특별시 중랑구 신내동 565-2번지
11260,10600,0,0565,0009,,,일반건축물,제2종근린생활시설,근린생활시설,342,205.06,881.89,20081104,4,1,서울특별시 중랑구 신내동 565-9번지
11260,10600,0,0565,0010,,,일반건축물,제2종근린생활시설,근린생활시설,272,162.81,282.3,20000112,2,0,서울특별시 중랑구 신내동 565-10번지
11260,10600,0,0565,0014,,,일반건축물,제2종근린생활시설,근린생활시설,432,217.25,212.2,20080814,1,0,서울특별시 중랑구 신내동 565-14번지
11260,10600,0,0566,0002,,,일반건축물,단독주택,주택,159,79.45,249.91,19891218,2,1,서울특별시 중랑구 신내동 566-2번지
11260,10600,0,0566,0003,성우스타팰리스104동,,표제부,공동주택,공동주택,283.35,138.61,565.07,20150703,6,0,서울특별시 중랑구 신내동 566-3번지
11260,10600,0,0566,0006,JS타운,,표제부,공동주택,도시형생활주택(단지형다세대),315.46,185.17,620.88,20210115,6,0,서울특별시 중랑구 신내동 566-6번지
11260,10600,0,0567,0000,성우스타팰리스,,표제부,공동주택,도시형생활주택-단지형다세대주택,0,154.62,555.99,20140729,6,0,서울특별시 중랑구 신내동 567번지
11260,10600,0,0567,0000,성우스타팰리스,,표제부,공동주택,도시형생활주택-단지형다세대주택,0,149.04,636.37,20140729,6,0,서울특별시 중랑구 신내동 567번지
11260,10600,0,0568,0000,,,일반건축물,제2종근린생활시설,근린생활시설,158.08,84.84,315.69,20140822,4,0,서울특별시 중랑구 신내동 568번지
11260,10600,0,0569,0000,,,일반건축물,단독주택,다가구주택/근린생활시설,159.8,95.6,299.13,20140822,4,0,서울특별시 중랑구 신내동 569번지
11260,10600,0,0571,0000,성우스타팰리스,,표제부,공동주택,도시형생활주택(단지형다세대주택),322.77,192.36,627.09,20140304,5,0,서울특별시 중랑구 신내동 571번지
11260,10600,0,0571,0001,,,일반건축물,제2종근린생활시설,근린생활시설및주택,439,191.91,879.3,19990318,4,1,서울특별시 중랑구 신내동 571-1번지
11260,10600,0,0571,0002,,,표제부,교육연구시설,"근린생활시설,교육연구시설",588.15,349.3,2277.71,20030312,7,1,서울특별시 중랑구 신내동 571-2번지
11260,10600,0,0571,0003,유진리치빌,,표제부,공동주택,도시형생활주택(단지형다세대주택),244.5,143.42,474.88,20140822,5,0,서울특별시 중랑구 신내동 571-3번지
11260,10600,0,0571,0004,,,일반건축물,단독주택,다가구주택 및 제2종근린생활시설/창고시설,261,155.68,583.4,20160218,5,1,서울특별시 중랑구 신내동 571-4번지
11260,10600,0,0571,0008,,,일반건축물,제2종근린생활시설,근린생활시설,131,62.49,217.19,20040626,4,0,서울특별시 중랑구 신내동 571-8번지
11260,10600,0,0571,0019,,,일반건축물,제2종근린생활시설,제2종근린생활시설,72,57.3,57.3,20150105,1,0,서울특별시 중랑구 신내동 571-19번지
11260,10600,0,0571,0020,,,일반건축물,제2종근린생활시설,제2종근린생활시설,28,26.6,26.6,19991120,1,0,서울특별시 중랑구 신내동 571-20번지
11260,10600,0,0571,0023,,,일반건축물,단독주택,주택,0,43.7,43.7,19690804,1,0,서울특별시 중랑구 신내동 571-23번지
11260,10600,0,0571,0026,,,일반건축물,제1종근린생활시설,제1종근린생활시설,76,43.32,85.49,20021024,2,0,서울특별시 중랑구 신내동 571-26번지
11260,10600,0,0571,0027,,,일반건축물,제1종근린생활시설,제1종근린생활시설,73,33.65,33.65,19680804,1,0,서울특별시 중랑구 신내동 571-27번지
11260,10600,0,0571,0028,,,일반건축물,제1종근린생활시설,근린생활시설,0,30.98,30.98,19690804,1,0,서울특별시 중랑구 신내동 571-28번지
11260,10600,0,0572,0000,,,표제부,공동주택,다세대주택(14가구),518.41,220.16,645.28,19940916,3,1,서울특별시 중랑구 신내동 572번지
11260,10600,0,0572,0001,,,일반건축물,제1종근린생활시설,제1종근린생활시설,59,20.61,20.61,20101202,1,0,서울특별시 중랑구 신내동 572-1번지
11260,10600,0,0572,0002,(복)유린보은동산,,일반건축물,노유자시설,노유자시설(사회복지시설),0,432.12,2321.82,19911209,5,1,서울특별시 중랑구 신내동 572-2번지
11260,10600,0,0572,0002,(복)유린보은동산,,일반건축물,노유자시설,노유자시설,0,398.24,2070.89,20131002,6,1,서울특별시 중랑구 신내동 572-2번지
11260,10600,0,0572,0002,(복)유린보은동산,,일반건축물,노유자시설,창고,0,33.6,33.6,20091026,1,0,서울특별시 중랑구 신내동 572-2번지
11260,10600,0,0572,0002,(복)유린보은동산,,일반건축물,노유자시설,노유자시설(장애인복지시설),0,753.6,3694.16,19911209,5,1,서울특별시 중랑구 신내동 572-2번지
11260,10600,0,0572,0002,(복)유린보은동산,,일반건축물,제1종근린생활시설,"근린생활시설,근로복지시설",0,188.83,236.83,20091026,2,0,서울특별시 중랑구 신내동 572-2번지
11260,10600,0,0573,0001,근린생활시설,,표제부,제1종근린생활시설,제2종근린생활시설,122,69.21,193.5,20071101,3,0,서울특별시 중랑구 신내동 573-1번지
11260,10600,0,0573,0003,,,일반건축물,제2종근린생활시설,제2종근린생활시설,56,28.25,28.25,20071226,1,0,서울특별시 중랑구 신내동 573-3번지
11260,10600,0,0574,0000,,,일반건축물,제2종근린생활시설,제2종근린생활시설및 주택,141.03,83.24,406.67,20050621,4,1,서울특별시 중랑구 신내동 574번지
11260,10600,0,0577,0000,,,일반건축물,단독주택,주택,0,17.19,17.19,,1,0,서울특별시 중랑구 신내동 577번지
11260,10600,0,0577,0001,,,일반건축물,단독주택,단독주택/근린생활시설,168,89.24,310.08,20130611,5,0,서울특별시 중랑구 신내동 577-1번지
11260,10600,0,0577,0002,,,일반건축물,제2종근린생활시설,근린생활시설,87,51.71,96.59,20241230,2,0,서울특별시 중랑구 신내동 577-2번지
11260,10600,0,0579,0000,,,일반건축물,단독주택,다가구용단독주택(2가구),470.83,175.06,392.88,19950923,2,1,서울특별시 중랑구 신내동 579번지
11260,10600,0,0580,0000,,,일반건축물,단독주택,주택,0,63.47,63.47,,1,0,서울특별시 중랑구 신내동 580번지
11260,10600,0,0580,0001,,,일반건축물,제1종근린생활시설,근린생활시설및주택(1가구),294.9,170.94,773.76,19951025,4,1,서울특별시 중랑구 신내동 580-1번지
11260,10600,0,0581,0000,,,표제부,공동주택,다세대주택(12가구),296.84,148.13,598.92,19920620,3,1,서울특별시 중랑구 신내동 581번지
11260,10600,0,0582,0000,,,일반건축물,제2종근린생활시설,제2종근린생활시설,563.95,332.76,332.76,20150312,1,0,서울특별시 중랑구 신내동 582번지
11260,10600,0,0583,0001,,,일반건축물,단독주택,주택,0,48.3,54.91,19701028,1,1,서울특별시 중랑구 신내동 583-1번지
11260,10600,0,0583,0002,,,일반건축물,단독주택,주택,0,54.45,61.06,19701113,1,1,서울특별시 중랑구 신내동 583-2번지
11260,10600,0,0583,0003,,,일반건축물,단독주택,주택,0,58.16,68.8,19701113,1,1,서울특별시 중랑구 신내동 583-3번지
11260,10600,0,0583,0004,,,일반건축물,단독주택,주택,0,64.79,75.59,19701113,1,1,서울특별시 중랑구 신내동 583-4번지
11260,10600,0,0583,0005,,,일반건축물,단독주택,주택,0,89.56,98.8,19701028,1,1,서울특별시 중랑구 신내동 583-5번지
11260,10600,0,0585,0000,,,일반건축물,제1종근린생활시설,제1종근린생활시설(소매점),319,162.36,162.36,20150309,1,0,서울특별시 중랑구 신내동 585번지
11260,10600,0,0586,0000,,,일반건축물,단독주택,주택,0,50.25,50.25,19580604,1,0,서울특별시 중랑구 신내동 586번지
11260,10600,0,0586,0001,,,일반건축물,단독주택,단독주택,251,108.04,167.63,20010215,2,0,서울특별시 중랑구 신내동 586-1번지
11260,10600,0,0587,0001,,,일반건축물,단독주택,주택,0,62.46,69.2,19780510,1,1,서울특별시 중랑구 신내동 587-1번지
11260,10600,0,0587,0002,,,표제부,공동주택,공동주택,339.02,184.08,574.27,20021024,5,0,서울특별시 중랑구 신내동 587-2번지
11260,10600,0,0587,0004,삼영빌딩,,일반건축물,제2종근린생활시설,"근린생활시설,주택",620,368.19,1671.2,19990820,4,1,서울특별시 중랑구 신내동 587-4번지
11260,10600,0,0588,0002,,,일반건축물,단독주택,단독주택,0,90.4,97.24,19720206,1,1,서울특별시 중랑구 신내동 588-2번지
11260,10600,0,0588,0003,신내제일교회,,일반건축물,종교시설,종교시설(교회),626,305.76,901.28,19981107,3,1,서울특별시 중랑구 신내동 588-3번지
11260,10600,0,0588,0004,광백빌딩,,일반건축물,제2종근린생활시설,근린생활시설 및 노유자시설,847,477.17,2997.64,20031215,7,1,서울특별시 중랑구 신내동 588-4번지
11260,10600,0,0588,0012,,,일반건축물,단독주택,주택,657.85,37.44,37.44,19850629,1,0,서울특별시 중랑구 신내동 588-12번지
11260,10600,0,0591,0000,동성아파트,,표제부,공동주택,공동주택,14393,2846.63,5698.52,19970725,18,3,서울특별시 중랑구 신내동 591번지
11260,10600,0,0591,0000,동성아파트,,표제부,공동주택,공동주택(아파트),14393,2846.63,15459.78,19970725,23,3,서울특별시 중랑구 신내동 591번지
11260,10600,0,0591,0000,동성아파트,,표제부,공동주택,공동주택,14393,2846.63,8720.88,19970725,21,3,서울특별시 중랑구 신내동 591번지
11260,10600,0,0591,0000,동성아파트,,표제부,공동주택,공동주택(아파트),14393,2846.63,27592.14,19970725,21,3,서울특별시 중랑구 신내동 591번지
11260,10600,0,0592,0000,,,일반건축물,단독주택,주택,0,26.45,26.45,,1,0,서울특별시 중랑구 신내동 592번지
11260,10600,0,0611,0001,,,일반건축물,제1종근린생활시설,근린생활시설,68,39.73,70.74,20000728,2,0,서울특별시 중랑구 신내동 611-1번지
11260,10600,0,0613,0008,,,일반건축물,교육연구시설,근린생활시설/학원,919,540.34,4852.05,19970220,8,2,서울특별시 중랑구 신내동 613-8번지
11260,10600,0,0613,0010,,,일반건축물,제2종근린생활시설,근린생활시설/교육연구시설,804,463.35,3098.55,20000707,6,1,서울특별시 중랑구 신내동 613-10번지
11260,10600,0,0613,0015,,,일반건축물,제2종근린생활시설,"근린생활시설,교육연구및복지시설",399,236.88,1596.44,19970707,5,2,서울특별시 중랑구 신내동 613-15번지
11260,10600,0,0613,0024,,,일반건축물,제1종근린생활시설,근린생활시설,83,43.84,43.84,19850629,1,0,서울특별시 중랑구 신내동 613-24번지
11260,10600,0,0613,0054,,,표제부,공동주택,공동주택(다세대주택),379,224.02,659.8,20111129,5,0,서울특별시 중랑구 신내동 613-54번지
11260,10600,0,0613,0071,부영빌딩,,일반건축물,제2종근린생활시설,근린생활시설,731,437.28,4263.78,19990610,7,3,서울특별시 중랑구 신내동 613-71번지
11260,10600,0,0613,0081,,,일반건축물,제2종근린생활시설,근린생활시설,292,158.74,700.7,19981016,4,1,서울특별시 중랑구 신내동 613-81번지
11260,10600,0,0614,0000,,,일반건축물,제2종근린생활시설,근린생활시설및주택,268.45,0,773.38,19911022,5,1,서울특별시 중랑구 신내동 614번지
11260,10600,0,0616,0001,월드 크라운 아파트,,표제부,공동주택,공동주택,1461.8,569.88,2608.62,20041215,6,1,서울특별시 중랑구 신내동 616-1번지
11260,10600,0,0618,0000,동성아파트,,표제부,공동주택,아파트,26600.1,5976.6565,36769.667,19970507,26,3,서울특별시 중랑구 신내동 618번지
11260,10600,0,0618,0000,동성아파트,,표제부,공동주택,생활편익시설/제1종근린생활시설,537.86,5976.6565,1094.93,19970507,3,1,서울특별시 중랑구 신내동 618번지
11260,10600,0,0618,0000,동성아파트,,표제부,공동주택,아파트,26600.1,5976.6565,38200.447,19970507,21,3,서울특별시 중랑구 신내동 618번지
11260,10600,0,0618,0000,동성아파트,,표제부,공동주택,아파트,26600.1,5976.6565,42420.047,19970507,23,3,서울특별시 중랑구 신내동 618번지
11260,10600,0,0618,0000,동성아파트,,표제부,공동주택,아파트,26600.1,5976.6565,39898.2495,19970507,25,3,서울특별시 중랑구 신내동 618번지
11260,10600,0,0618,0000,동성아파트,,표제부,공동주택,공동주택(아파트),26600.1,5976.6565,34645.367,19971120,19,3,서울특별시 중랑구 신내동 618번지
11260,10600,0,0618,0000,동성아파트,,표제부,공동주택,아파트,26600.1,5976.6565,44817.317,19970507,26,3,서울특별시 중랑구 신내동 618번지
11260,10600,0,0618,0000,동성아파트,,표제부,노유자시설,유치원,616.45,5976.6565,923.4,19970507,3,0,서울특별시 중랑구 신내동 618번지
11260,10600,0,0618,0000,동성아파트,,표제부,공동주택,생활편익시설,489.73,5976.6565,795.95,19970507,3,1,서울특별시 중랑구 신내동 618번지
11260,10600,0,0622,0000,,,일반건축물,단독주택,주택,0,30.08,30.08,,1,0,서울특별시 중랑구 신내동 622번지
11260,10600,0,0638,0000,,,일반건축물,단독주택,주택,0,24.13,24.13,,1,0,서울특별시 중랑구 신내동 638번지
11260,10600,0,0638,0000,,,일반건축물,단독주택,주택,0,26.78,26.78,,1,0,서울특별시 중랑구 신내동 638번지
11260,10600,0,0640,0000,신내글로리움,,표제부,자동차관련시설,자동차관련시설(주차장),0,39.87,2700.58,20191001,1,1,서울특별시 중랑구 신내동 640번지
11260,10600,0,0640,0000,신내글로리움,,표제부,공동주택,공동주택(아파트),0,2644.34,20759.73,20191001,24,1,서울특별시 중랑구 신내동 640번지
11260,10600,0,0641,0000,신내전화국 (에이동),,일반건축물,방송통신시설,공공용시설(통신시설),0,1596.49,8121.18,19981022,4,1,서울특별시 중랑구 신내동 641번지
11260,10600,0,0641,0000,신내전화국 (비동),,일반건축물,방송통신시설,공공용시설,0,115.2,115.2,20020128,1,0,서울특별시 중랑구 신내동 641번지
11260,10600,0,0642,0000,꽃동네 신내노인요양원,,일반건축물,위험물저장및처리시설,의료가스실,0,15.2,15.2,20031016,1,0,서울특별시 중랑구 신내동 642번지
11260,10600,0,0642,0000,꽃동네 신내노인요양원,,일반건축물,창고시설,냉동창고,0,30.24,30.24,20031016,1,0,서울특별시 중랑구 신내동 642번지
11260,10600,0,0642,0000,꽃동네 신내노인요양원,,일반건축물,노유자시설,냉동창고-2,0,31.05,31.05,20120618,1,0,서울특별시 중랑구 신내동 642번지
11260,10600,0,0642,0000,꽃동네 신내노인요양원,,일반건축물,교육연구시설,교육연구및복지시설,3118.9,1406.38,7272.59,20000701,5,1,서울특별시 중랑구 신내동 642번지
11260,10600,0,0642,0000,꽃동네 신내노인요양원,,일반건축물,노유자시설,창고-3,0,45.58,45.58,20131118,1,0,서울특별시 중랑구 신내동 642번지
11260,10600,0,0643,0000,꽃동네회관 (성카타리나센터),,일반건축물,종교시설,종교시설,1591.7,786.58,5377.46,20191126,5,2,서울특별시 중랑구 신내동 643번지
11260,10600,0,0643,0000,꽃동네회관 (성카타리나센터),,일반건축물,종교시설,종교시설,0,144.24,560.07,20191126,5,0,서울특별시 중랑구 신내동 643번지
11260,10600,0,0644,0000,,,표제부,업무시설,업무시설,1324.8,794.51,6138.35,20030909,5,2,서울특별시 중랑구 신내동 644번지
11260,10600,0,0644,0002,중랑소방서,,일반건축물,제1종근린생활시설,공공업무시설,0,18.56,18.56,20180130,1,0,서울특별시 중랑구 신내동 644-2번지
11260,10600,0,0644,0002,중랑소방서,,일반건축물,제1종근린생활시설,공공업무시설,0,1852.91,5293.26,19991120,4,1,서울특별시 중랑구 신내동 644-2번지
11260,10600,0,0644,0002,중랑소방서,,일반건축물,제1종근린생활시설,공공업무시설,0,66.8,259.2,20160819,4,0,서울특별시 중랑구 신내동 644-2번지
11260,10600,0,0645,0000,홈플러스 서울 신내점,,일반건축물,판매시설,판매시설(판매 및 영업시설),5993.1,3588,29117.67,20060804,5,3,서울특별시 중랑구 신내동 645번지
11260,10600,0,0646,0000,,,표제부,업무시설,업무시설(오피스텔)/근린생활시설,4022.1,2388.57,18047.28,20030221,5,2,서울특별시 중랑구 신내동 646번지
11260,10600,0,0648,0000,,,표제부,업무시설,업무시설/근린생활시설,5799.7,3404.25,24370.92,20030715,5,2,서울특별시 중랑구 신내동 648번지
11260,10600,0,0650,0000,신내아파트,,표제부,공동주택,아파트,57572,579.96,4971.21,19960313,9,1,서울특별시 중랑구 신내동 650번지
11260,10600,0,0650,0000,신내아파트,,표제부,공동주택,아파트,57572,687.54,9655.77,19960313,12,1,서울특별시 중랑구 신내동 650번지
11260,10600,0,0650,0000,신내아파트,,표제부,공동주택,아파트,57572,810.24,9004.68,19960313,12,1,서울특별시 중랑구 신내동 650번지
11260,10600,0,0650,0000,신내아파트,,표제부,공동주택,아파트,57572,589.68,4988.22,19960313,9,1,서울특별시 중랑구 신내동 650번지
11260,10600,0,0650,0000,신내아파트,,표제부,공동주택,아파트,57572,687.54,7680.33,19960313,12,1,서울특별시 중랑구 신내동 650번지
11260,10600,0,0650,0000,신내아파트,,표제부,공동주택,아파트,57572,589.68,4988.22,19960313,9,1,서울특별시 중랑구 신내동 650번지
11260,10600,0,0650,0000,신내아파트,,표제부,공동주택,아파트,57572,456.36,5138.49,19960313,12,1,서울특별시 중랑구 신내동 650번지
11260,10600,0,0650,0000,신내아파트,,표제부,공동주택,아파트,57572,734.1,8134.95,19960313,12,1,서울특별시 중랑구 신내동 650번지
11260,10600,0,0650,0000,신내아파트,,표제부,공동주택,아파트,57572,534.54,5884.38,19960313,12,1,서울특별시 중랑구 신내동 650번지
11260,10600,0,0650,0000,신내아파트,,표제부,공동주택,아파트,57572,466.08,18790.2,19960313,9,1,서울특별시 중랑구 신내동 650번지
11260,10600,0,0650,0000,신내아파트,,표제부,공동주택,아파트,57572,810.24,9004.68,19960313,12,1,서울특별시 중랑구 신내동 650번지
11260,10600,0,0650,0000,신내아파트,,표제부,공동주택,아파트,57572,871.44,9655.77,19960313,12,1,서울특별시 중랑구 신내동 650번지
11260,10600,0,0650,0000,신내아파트,,표제부,공동주택,아파트,57572,466.08,5155.5,19960313,12,1,서울특별시 중랑구 신내동 650번지
11260,10600,0,0650,0000,신내아파트,,표제부,공동주택,생활편익시설,57572,621.183,2029.72,19960313,2,1,서울특별시 중랑구 신내동 650번지
11260,10600,0,0650,0000,신내아파트,,표제부,공동주택,아파트,57572,687.54,7680.33,19960313,12,1,서울특별시 중랑구 신내동 650번지
11260,10600,0,0650,0000,신내아파트,,표제부,공동주택,아파트,57572,442.2,9004.68,19960313,12,1,서울특별시 중랑구 신내동 650번지
11260,10600,0,0650,0000,신내아파트,,표제부,공동주택,아파트,57572,687.54,7680.33,19960313,12,1,서울특별시 중랑구 신내동 650번지
11260,10600,0,0650,0000,신내아파트,,표제부,노유자시설,유치원,57572,400.86,986.4,19960313,2,1,서울특별시 중랑구 신내동 650번지
11260,10600,0,0651,0000,,,일반건축물,운동시설,교육연구시설,11877,2893.77,11074.56,19960305,5,1,서울특별시 중랑구 신내동 651번지
11260,10600,0,0652,0000,,,일반건축물,제2종근린생활시설,근린생활시설,11384.4,74.34,74.34,19980731,1,0,서울특별시 중랑구 신내동 652번지
11260,10600,0,0654,0000,진로아파트,,표제부,공동주택,공동주택(아파트),49976,12613.201,2989.36,19951206,12,2,서울특별시 중랑구 신내동 654번지
11260,10600,0,0654,0000,진로아파트,,표제부,공동주택,공동주택(아파트),49976,12613.201,6591.88,19951206,10,2,서울특별시 중랑구 신내동 654번지
11260,10600,0,0654,0000,진로아파트,,표제부,공동주택,공동주택(아파트),49976,12613.201,8968.08,19951206,12,1,서울특별시 중랑구 신내동 654번지
11260,10600,0,0654,0000,진로아파트,,표제부,공동주택,공동주택(아파트),49976,12613.201,4654.14,19951206,12,1,서울특별시 중랑구 신내동 654번지
11260,10600,0,0654,0000,진로아파트,,표제부,공동주택,아파트,49976,12613.201,8940.38,19951206,12,2,서울특별시 중랑구 신내동 654번지
11260,10600,0,0654,0000,진로아파트,,표제부,공동주택,공동주택(아파트),49976,12613.201,6881.1,19951206,12,2,서울특별시 중랑구 신내동 654번지
11260,10600,0,0654,0000,진로아파트,,표제부,공동주택,공동주택(아파트),49976,12613.201,4654.14,19951206,12,2,서울특별시 중랑구 신내동 654번지
11260,10600,0,0654,0000,진로아파트,,표제부,공동주택,공동주택(아파트),49976,12613.201,8360.1,19951206,10,2,서울특별시 중랑구 신내동 654번지
11260,10600,0,0654,0000,진로아파트,,표제부,공동주택,공동주택(아파트),49976,12613.201,12202.27,19951206,12,1,서울특별시 중랑구 신내동 654번지
11260,10600,0,0654,0000,진로아파트,,표제부,공동주택,공동주택(아파트),49976,12613.201,5978.72,19951206,12,2,서울특별시 중랑구 신내동 654번지
11260,10600,0,0654,0000,진로아파트,,표제부,공동주택,공동주택(아파트),49976,12613.201,5987.4,19951206,12,1,서울특별시 중랑구 신내동 654번지
11260,10600,0,0654,0000,진로아파트,,표제부,공동주택,공동주택(아파트),49976,12613.201,2989.36,19951206,12,1,서울특별시 중랑구 신내동 654번지
11260,10600,0,0654,0000,진로아파트,,표제부,공동주택,공동주택(아파트),49976,12613.201,8877.14,19951206,12,2,서울특별시 중랑구 신내동 654번지
11260,10600,0,0654,0000,진로아파트,,표제부,공동주택,공동주택(아파트),49976,12613.201,5986,19951206,12,1,서울특별시 중랑구 신내동 654번지
11260,10600,0,0654,0000,진로아파트,,표제부,공동주택,공동주택(아파트),49976,12613.201,2989.36,19951206,12,2,서울특별시 중랑구 신내동 654번지
11260,10600,0,0654,0000,진로아파트,,표제부,공동주택,공동주택(아파트),49976,12613.201,8282.16,19951206,12,2,서울특별시 중랑구 신내동 654번지
11260,10600,0,0654,0000,진로아파트,,표제부,공동주택,"생활편익시설,의료시설",49976,12613.201,1136.62,19951206,2,1,서울특별시 중랑구 신내동 654번지
11260,10600,0,0654,0000,진로아파트,,표제부,공동주택,공동주택(아파트),49976,12613.201,6889.78,19951206,12,1,서울특별시 중랑구 신내동 654번지
11260,10600,0,0655,0000,봉화초등학교,,일반건축물,교육연구시설,교육연구시설,12000,835.58,2431.19,20101018,3,0,서울특별시 중랑구 신내동 655번지
11260,10600,0,0655,0000,봉화초등학교,,일반건축물,교육연구시설,교육연구시설,12000,1705.25,7836.1,20000216,5,1,서울특별시 중랑구 신내동 655번지
11260,10600,0,0656,0000,"화성,두산아파트",,표제부,공동주택,"생활편익시설,의료시설",29534,5996.68,1418.83,19951222,2,1,서울특별시 중랑구 신내동 656번지
11260,10600,0,0656,0000,두산아파트,,표제부,공동주택,공동주택(아파트),29534,5996.68,21251.07,19951222,15,1,서울특별시 중랑구 신내동 656번지
11260,10600,0,0656,0000,두산아파트,,표제부,공동주택,공동주택(아파트),29534,5996.68,23208.7,19951222,15,1,서울특별시 중랑구 신내동 656번지
11260,10600,0,0656,0000,두산아파트,,표제부,공동주택,공동주택(아파트),29534,5996.68,16752.71,19951222,15,1,서울특별시 중랑구 신내동 656번지
11260,10600,0,0656,0000,"화성,두산아파트",,표제부,공동주택,생활편익시설,29534,5996.68,506.03,19951222,2,1,서울특별시 중랑구 신내동 656번지
11260,10600,0,0656,0000,화성아파트,,표제부,공동주택,공동주택(아파트),29534,5996.68,16752.71,19951222,15,1,서울특별시 중랑구 신내동 656번지
11260,10600,0,0656,0000,화성아파트,,표제부,공동주택,공동주택(아파트),29534,5996.68,21286.32,19951222,15,1,서울특별시 중랑구 신내동 656번지
11260,10600,0,0656,0000,화성아파트,,표제부,공동주택,공동주택(아파트),29534,5996.68,16752.71,19951222,15,1,서울특별시 중랑구 신내동 656번지
11260,10600,0,0656,0000,두산아파트,,표제부,공동주택,공동주택(아파트),29534,5996.68,16752.71,19951222,15,1,서울특별시 중랑구 신내동 656번지
11260,10600,0,0656,0000,화성아파트,,표제부,공동주택,공동주택(아파트),29534,5996.68,24226.15,19951222,15,1,서울특별시 중랑구 신내동 656번지
11260,10600,0,0657,0000,신내아파트,,표제부,공동주택,아파트,0,9453.17,4659.97,19960621,13,1,서울특별시 중랑구 신내동 657번지
11260,10600,0,0657,0000,신내아파트,,표제부,공동주택,아파트,0,9453.17,4392.74,19960621,15,1,서울특별시 중랑구 신내동 657번지
11260,10600,0,0657,0000,신내아파트,,표제부,공동주택,아파트,0,9435.17,7052.18,19960621,14,1,서울특별시 중랑구 신내동 657번지
11260,10600,0,0657,0000,신내아파트,,표제부,공동주택,아파트,0,9453.17,8912.98,19960621,15,1,서울특별시 중랑구 신내동 657번지
11260,10600,0,0657,0000,신내아파트,,표제부,공동주택,아파트,0,9453.17,4287.64,19960621,15,1,서울특별시 중랑구 신내동 657번지
11260,10600,0,0657,0000,신내아파트,,표제부,공동주택,아파트,0,9453.17,7052.18,19960621,14,1,서울특별시 중랑구 신내동 657번지
11260,10600,0,0657,0000,신내아파트,,표제부,공동주택,생활편익시설,49639.3,9453.17,2022.52,19960621,2,1,서울특별시 중랑구 신내동 657번지
11260,10600,0,0657,0000,신내아파트,,표제부,공동주택,아파트,0,9453.17,9995.25,19960621,15,1,서울특별시 중랑구 신내동 657번지
11260,10600,0,0657,0000,신내아파트,,표제부,공동주택,아파트,0,9453.17,11490.53,19960621,15,1,서울특별시 중랑구 신내동 657번지
11260,10600,0,0657,0000,신내아파트,,표제부,공동주택,생활편익시설,49639.3,9453.17,182.93,19960621,1,1,서울특별시 중랑구 신내동 657번지
11260,10600,0,0657,0000,신내아파트,,표제부,공동주택,아파트,0,9453.17,9119.15,19960621,15,1,서울특별시 중랑구 신내동 657번지
11260,10600,0,0657,0000,신내아파트,,표제부,공동주택,공동주??(경비실),0,21.42,21.42,20111007,1,0,서울특별시 중랑구 신내동 657번지
11260,10600,0,0657,0000,신내아파트,,표제부,공동주택,아파트,0,9453.17,8912.98,19960621,15,1,서울특별시 중랑구 신내동 657번지
11260,10600,0,0657,0000,신내아파트,,표제부,노유자시설,유치원,0,9453.17,825.61,19960621,2,1,서울특별시 중랑구 신내동 657번지
11260,10600,0,0657,0000,신내아파트,,표제부,공동주택,아파트,0,9453.17,10824.08,19960621,15,1,서울특별시 중랑구 신내동 657번지
11260,10600,0,0657,0000,신내아파트,,표제부,공동주택,아파트,0,9453.17,4659.97,19960621,13,1,서울특별시 중랑구 신내동 657번지
11260,10600,0,0657,0001,대광교회,,일반건축물,종교시설,교회,659.3,326.6,2247.72,19980317,6,2,서울특별시 중랑구 신내동 657-1번지
11260,10600,0,0658,0000,동일교회,,일반건축물,종교시설,종교시설,889.9,439.19,2354.9,19981124,7,1,서울특별시 중랑구 신내동 658번지
11260,10600,0,0659,0000,한국전력공사,,일반건축물,제1종근린생활시설,변전소,5246.3,931.14,2447.22,19981212,3,1,서울특별시 중랑구 신내동 659번지
11260,10600,0,0660,0000,신내아파트,,표제부,공동주택,아파트,27753.7,474.24,6225.45,19960311,15,1,서울특별시 중랑구 신내동 660번지
11260,10600,0,0660,0000,신내아파트,,표제부,공동주택,아파트,27753.7,543.47,7046.41,19960311,15,1,서울특별시 중랑구 신내동 660번지
11260,10600,0,0660,0000,신내아파트,,표제부,공동주택,아파트,27753.7,687.25,9510,19960311,15,1,서울특별시 중랑구 신내동 660번지
11260,10600,0,0660,0000,신내아파트,,표제부,공동주택,아파트,27753.7,603.68,8005.29,19960311,15,1,서울특별시 중랑구 신내동 660번지
11260,10600,0,0660,0000,신내아파트,,표제부,공동주택,아파트,27753.7,599.86,8257.34,19960311,15,1,서울특별시 중랑구 신내동 660번지
11260,10600,0,0660,0000,신내아파트,,표제부,공동주택,경비실,0,21.42,21.42,20111007,1,0,서울특별시 중랑구 신내동 660번지
11260,10600,0,0660,0000,신내아파트,,표제부,공동주택,아파트,27753.7,474.24,6225.45,19960311,15,1,서울특별시 중랑구 신내동 660번지
11260,10600,0,0660,0000,신내아파트,,표제부,공동주택,경비실,0,21.42,21.42,20111007,1,0,서울특별시 중랑구 신내동 660번지
11260,10600,0,0660,0000,신내아파트,,표제부,공동주택,경비실,0,21.42,21.42,20111007,1,0,서울특별시 중랑구 신내동 660번지
11260,10600,0,0660,0000,신내아파트,,표제부,공동주택,아파트,27753.7,2150.01,14936.54,19960311,15,1,서울특별시 중랑구 신내동 660번지
11260,10600,0,0660,0000,신내아파트,,표제부,공동주택,아파트,27753.7,564.92,7364.93,19960311,15,1,서울특별시 중랑구 신내동 660번지
11260,10600,0,0660,0000,신내아파트,,표제부,공동주택,생활편익시설,27753.7,489.62,1444.87,19960311,2,1,서울특별시 중랑구 신내동 660번지
11260,10600,0,0660,0000,신내아파트,,표제부,공동주택,경비실,0,21.42,21.42,20111007,1,0,서울특별시 중랑구 신내동 660번지
11260,10600,0,0661,0000,신내대명아파트,,표제부,공동주택,아파트,27753.7,574.6,11141.7,19960313,15,1,서울특별시 중랑구 신내동 661번지
11260,10600,0,0661,0000,신내대명아파트,,표제부,공동주택,아파트,27753.7,801.16,13691.26,19960313,15,1,서울특별시 중랑구 신내동 661번지
11260,10600,0,0661,0000,신내대명아파트,,표제부,공동주택,아파트,27753.7,522.79,9442.2,19960313,15,1,서울특별시 중랑구 신내동 661번지
11260,10600,0,0661,0000,신내대명아파트,,표제부,공동주택,아파트,27753.7,621.82,10837.54,19960313,15,1,서울특별시 중랑구 신내동 661번지
11260,10600,0,0661,0000,신내대명아파트,,표제부,공동주택,아파트,27753.7,574.6,10141.7,19960313,15,1,서울특별시 중랑구 신내동 661번지
11260,10600,0,0661,0000,신내대명아파트,,표제부,공동주택,아파트,27753.7,1021.66,16776.34,19960313,15,1,서울특별시 중랑구 신내동 661번지
11260,10600,0,0661,0000,신내아파트,,표제부,공동주택,"생활편익시설,의료시설,근린생활시설",1219,542.5,2657.14,19960913,4,1,서울특별시 중랑구 신내동 661번지
11260,10600,0,0661,0000,신내아파트,,표제부,제2종근린생활시설,골프연습장,27753.7,298.62,532.03,19960313,2,1,서울특별시 중랑구 신내동 661번지
11260,10600,0,0663,0000,신현초등학교(다목적강당),,일반건축물,교육연구시설,교육연구시설(초등학교),0,878.51,904.3,20200626,2,0,서울특별시 중랑구 신내동 663번지
11260,10600,0,0663,0000,신현초등학교,,일반건축물,교육연구시설,교육연구시설(초등학교),0,2720.92,8270.94,20000216,5,1,서울특별시 중랑구 신내동 663번지
11260,10600,0,0666,0000,신아타운,,표제부,자동차관련시설,"판매,근린생활시설,업무,교육연구시설,운동시설",3123.9,1707.04,31128.63,19991025,12,5,서울특별시 중랑구 신내동 666번지
11260,10600,0,0667,0000,신내14차금강프라자,,표제부,제1종근린생활시설,근린생활시설,1054,626.56,5949.93,20010915,7,2,서울특별시 중랑구 신내동 667번지
11260,10600,0,0713,0001,,,일반건축물,단독주택,창고,0,141.02,141.02,19671124,1,0,서울특별시 중랑구 신내동 713-1번지
11260,10600,0,0771,0001,신내노인종합복지관,,일반건축물,노유자시설,노유자시설(노인복지시설),4058,1087.13,2871.53,20080815,3,0,서울특별시 중랑구 신내동 771-1번지
11260,10600,0,0780,0000,신내공원 다목적체육관,,일반건축물,운동시설,운동시설(다목적체육관),34466,1821.6,1821.6,20090129,1,0,서울특별시 중랑구 신내동 780번지
11260,10600,0,0783,0000,성원아파트,,표제부,공동주택,"구매,근린생활,의료,종교시설",25472.5,5523.92,3086.02,19940929,3,1,서울특별시 중랑구 신내동 783번지
11260,10600,0,0783,0000,성원아파트,,표제부,공동주택,공동주택(아파트),25472.5,5523.92,6026.44,19940929,15,1,서울특별시 중랑구 신내동 783번지
11260,10600,0,0783,0000,성원아파트,,표제부,노유자시설,유치원,25472.5,5523.92,636.16,19940929,2,1,서울특별시 중랑구 신내동 783번지
11260,10600,0,0783,0000,성원아파트,,표제부,공동주택,공동주택(아파트),25472.5,5523.92,15785.81,19940929,25,1,서울특별시 중랑구 신내동 783번지
11260,10600,0,0783,0000,성원아파트,,표제부,공동주택,공동주택(아파트),25472.5,5523.92,8767.54,19940929,22,1,서울특별시 중랑구 신내동 783번지
11260,10600,0,0783,0000,성원아파트,,표제부,공동주택,공동주택(아파트),25472.5,5523.92,17926.43,19940929,25,1,서울특별시 중랑구 신내동 783번지
11260,10600,0,0783,0000,성원아파트,,표제부,공동주택,공동주택(아파트),25472.5,5523.92,41093.4,19940929,25,1,서울특별시 중랑구 신내동 783번지
11260,10600,0,0785,0000,건영2차아파트,,표제부,공동주택,공동주택,31885,468.16,10449.3,19961104,25,2,서울특별시 중랑구 신내동 785번지
11260,10600,0,0785,0000,건영2차아파트,,표제부,공동주택,아파트,31885,341.16,7823,19961104,25,2,서울특별시 중랑구 신내동 785번지
11260,10600,0,0785,0000,건영2차아파트,,표제부,공동주택,아파트,31885,341.16,8048.32,19961104,25,2,서울특별시 중랑구 신내동 785번지
11260,10600,0,0785,0000,건영2차아파트,,표제부,공동주택,아파트,31885,341.16,8048.32,19961104,25,2,서울특별시 중랑구 신내동 785번지
11260,10600,0,0786,0000,동성타워프라자,,표제부,공동주택,아파트,3139.7,1759.785,21609.82,19960731,18,4,서울특별시 중랑구 신내동 786번지
11260,10600,0,0787,0000,석탑아파트,,표제부,공동주택,아파트,5846.2,1035.12,20642.94,19970131,22,2,서울특별시 중랑구 신내동 787번지
11260,10600,0,0787,0000,석탑아파트,,표제부,공동주택,아파트및생활편익시설,5846.2,664.04,6777.85,19970131,15,2,서울특별시 중랑구 신내동 787번지
11260,10600,0,0788,0000,동성아파트,,표제부,공동주택,공동주택(아파트),2767.3,566.35,9325.9,19970701,15,2,서울특별시 중랑구 신내동 788번지
11260,10600,0,0795,0000,새한아파트,,표제부,공동주택,아파트,0,348.99,5600.34,19981127,20,0,서울특별시 중랑구 신내동 795번지
11260,10600,0,0795,0000,새한아파트,,표제부,공동주택,아파트,0,475.28,8622.6,19981127,24,0,서울특별시 중랑구 신내동 795번지
11260,10600,0,0795,0000,새한아파트,,표제부,공동주택,아파트,0,398.76,7816.16,19981127,24,0,서울특별시 중랑구 신내동 795번지
11260,10600,0,0795,0000,새한아파트,,표제부,공동주택,아파트,0,475.28,5202.42,19981127,16,0,서울특별시 중랑구 신내동 795번지
11260,10600,0,0795,0000,새한아파트,,표제부,공동주택,생활편익시설,0,1320.99,1714.04,19981127,1,2,서울특별시 중랑구 신내동 795번지
11260,10600,0,0795,0000,새한아파트,,표제부,공동주택,아파트,0,631.89,11937.08,19981127,24,0,서울특별시 중랑구 신내동 795번지
11260,10600,0,0795,0000,새한아파트,,표제부,공동주택,아파트,0,578.2,11323.06,19981127,25,0,서울특별시 중랑구 신내동 795번지
11260,10600,0,0796,0000,다우훼밀리아파트,,표제부,공동주택,생활편익시설,0,144,432,19990129,2,1,서울특별시 중랑구 신내동 796번지
11260,10600,0,0796,0000,다우훼밀리아파트,,표제부,공동주택,아파트,0,925.62,19270.2,19990129,22,2,서울특별시 중랑구 신내동 796번지
11260,10600,0,0797,0000,동성7차아파트,,표제부,공동주택,"공동주택(아파트),상가",7594.6,3330.14,36477.08,19990427,18,3,서울특별시 중랑구 신내동 797번지
11260,10600,0,0799,0000,광남아파트,,표제부,공동주택,공동주택(42가구),1128.6,538.007,3796.48,20000807,8,1,서울특별시 중랑구 신내동 799번지
11260,10600,0,0800,0000,동광오뜨빌,,표제부,공동주택,공동주택(아파트),1350.9,422.9552,4976.1787,20011219,11,1,서울특별시 중랑구 신내동 800번지
11260,10600,0,0801,0000,영풍마드레빌,,표제부,공동주택,공동주택,0,242.6756,4327.416,20040213,22,0,서울특별시 중랑구 신내동 801번지
11260,10600,0,0801,0000,영풍마드레빌,,표제부,공동주택,경비실,0,9.36,9.36,20040213,1,0,서울특별시 중랑구 신내동 801번지
11260,10600,0,0801,0000,영풍마드레빌,,표제부,공동주택,경비실,0,9.36,9.36,20040213,1,0,서울특별시 중랑구 신내동 801번지
11260,10600,0,0801,0000,영풍마드레빌,,표제부,공동주택,공동주택,0,242.6756,4262.816,20040213,20,0,서울특별시 중랑구 신내동 801번지
11260,10600,0,0801,0000,영풍마드레빌,,표제부,공동주택,"관리소, 노인정",0,0,592.965,20040213,2,1,서울특별시 중랑구 신내동 801번지
11260,10600,0,0801,0000,영풍마드레빌,,표제부,공동주택,경비실,0,9.36,9.36,20040213,1,0,서울특별시 중랑구 신내동 801번지
11260,10600,0,0801,0000,영풍마드레빌,,표제부,공동주택,공동주택,0,462.1112,9764.8407,20040213,24,1,서울특별시 중랑구 신내동 801번지
11260,10600,0,0801,0000,영풍마드레빌,,표제부,공동주택,공동주택,0,242.6756,5112.4792,20040213,24,0,서울특별시 중랑구 신내동 801번지
11260,10600,0,0801,0000,영풍마드레빌,,표제부,공동주택,공동주택,0,242.6756,4417.4739,20040213,22,0,서울특별시 중랑구 신내동 801번지
11260,10600,0,0801,0000,영풍마드레빌,,표제부,공동주택,주차장,0,0,8198.876,20040213,0,2,서울특별시 중랑구 신내동 801번지
11260,10600,0,0802,0000,,,표제부,공동주택,노인정/관리실,0,82.37,149.1,20050418,2,0,서울특별시 중랑구 신내동 802번지
11260,10600,0,0802,0000,,,표제부,공동주택,전기실,0,0,5925.55,20050418,0,2,서울특별시 중랑구 신내동 802번지
11260,10600,0,0802,0000,,,표제부,공동주택,아파트,0,330.69,3550.79,20050404,12,0,서울특별시 중랑구 신내동 802번지
11260,10600,0,0802,0000,,,표제부,공동주택,발전기실,0,0,5925.55,20050418,0,2,서울특별시 중랑구 신내동 802번지
11260,10600,0,0802,0000,,,표제부,공동주택,지하주차장,0,0,5925.55,20050418,0,2,서울특별시 중랑구 신내동 802번지
11260,10600,0,0802,0000,,,표제부,제1종근린생활시설,생활편익시설/근린생활시설,0,152.83,305.66,20050404,2,0,서울특별시 중랑구 신내동 802번지
11260,10600,0,0802,0000,,,표제부,공동주택,경비실,0,8.64,8.64,20050418,1,0,서울특별시 중랑구 신내동 802번지
11260,10600,0,0802,0000,,,표제부,공동주택,아파트,0,336.88,4338.84,20050404,15,0,서울특별시 중랑구 신내동 802번지
11260,10600,0,0802,0000,,,표제부,공동주택,기타관리창고,0,0,5925.55,20050418,0,2,서울특별시 중랑구 신내동 802번지
11260,10600,0,0802,0000,,,표제부,공동주택,아파트,0,495.49,8637.57,20050404,19,0,서울특별시 중랑구 신내동 802번지
11260,10600,0,0802,0000,,,표제부,공동주택,주민공동시설,0,0,5925.55,20050418,0,2,서울특별시 중랑구 신내동 802번지
11260,10600,0,0802,0000,,,표제부,공동주택,펜룸,0,0,5925.55,20050418,0,2,서울특별시 중랑구 신내동 802번지
11260,10600,0,0802,0000,,,표제부,공동주택,펌프실,0,0,5925.55,20050418,0,2,서울특별시 중랑구 신내동 802번지
11260,10600,0,0803,0000,대성유니드아파트,541블럭 2노트,표제부,공동주택,아파트,4347.1,1107.12,16603.74,20050526,15,1,서울특별시 중랑구 신내동 803번지
11260,10600,0,0803,0000,대성유니드아파트,,표제부,공동주택,부대시설,0,53.6,73.71,20050526,2,0,서울특별시 중랑구 신내동 803번지
11260,10600,0,0803,0000,대성유니드아파트,,표제부,공동주택,경비실,0,8.56,8.56,20050526,1,0,서울특별시 중랑구 신내동 803번지
11260,10600,0,0804,0000,신내동 경남아너스빌,,표제부,공동주택,아파트,0,668,7663.27,20070216,15,0,서울특별시 중랑구 신내동 804번지
11260,10600,0,0804,0000,신내동 경남아너스빌,,표제부,공동주택,경비실,0,7.56,7.56,20070216,1,0,서울특별시 중랑구 신내동 804번지
11260,10600,0,0804,0000,신내동 경남아너스빌,,표제부,공동주택,"지하주차장,기계실,전기실",0,0,6850.91,20070216,0,1,서울특별시 중랑구 신내동 804번지
11260,10600,0,0804,0000,신내동 경남아너스빌,,표제부,공동주택,"관리사무소,노인정,MDF실,방재실",0,77.85,132.36,20070216,2,0,서울특별시 중랑구 신내동 804번지
11260,10600,0,0804,0000,신내동 경남아너스빌,,표제부,공동주택,아파트,0,454.4,5057.5,20070216,13,0,서울특별시 중랑구 신내동 804번지
11260,10600,0,0804,0000,신내동 경남아너스빌,,표제부,공동주택,아파트,0,454.79,5790.03,20070216,15,0,서울특별시 중랑구 신내동 804번지
11260,10600,0,0804,0000,신내동 경남아너스빌,,표제부,공동주택,아파트,0,427.72,3554.17,20070216,10,0,서울특별시 중랑구 신내동 804번지
11260,10600,0,0807,0000,신내 우디안프라자,,표제부,제2종근린생활시설,제2종근린생활시설,1008,603.42,4564.11,20151217,5,2,서울특별시 중랑구 신내동 807번지
11260,10600,0,0807,0001,신내골드프라자,,표제부,제1종근린생활시설,제2종근린생활시설,867,519.89,3862.25,20150916,5,2,서울특별시 중랑구 신내동 807-1번지
11260,10600,0,0808,0000,빅파크프라자,신내3지구,표제부,자동차관련시설,제1종근린생활시설,1110,884.25,2599.59,20150319,3,0,서울특별시 중랑구 신내동 808번지
11260,10600,0,0810,0000,서울중랑경찰서,,일반건축물,업무시설,공공업무시설(공공청사),0,2760.25,9867.17,20131230,6,1,서울특별시 중랑구 신내동 810번지
11260,10600,0,0810,0000,서울중랑경찰서,,일반건축물,자동차관련시설,기계식주차기,0,35.72,35.72,20211231,1,0,서울특별시 중랑구 신내동 810번지
11260,10600,0,0813,0000,,,일반건축물,자동차관련시설,부대시설(자동차관련시설(정비공장)),0,217.14,217.14,20141013,1,0,서울특별시 중랑구 신내동 813번지
11260,10600,0,0813,0000,,,일반건축물,자동차관련시설,부대시설(자동차관련시설(정비공장)),0,212.94,212.94,20141013,1,0,서울특별시 중랑구 신내동 813번지
11260,10600,0,0813,0001,,,일반건축물,자동차관련시설,"주차장, 부대시설(자동차관련시설-정비공장)",0,292.8,292.8,20161114,1,0,서울특별시 중랑구 신내동 813-1번지
11260,10600,0,0813,0001,,,일반건축물,자동차관련시설,"주차장, 부대시설(자동차관련시설-정비공장)",0,292.8,292.8,20161114,1,0,서울특별시 중랑구 신내동 813-1번지
11260,10600,0,0814,0000,중랑구 도로관리 및 제설자재 보관센터,,일반건축물,창고시설,제1종근린생활시설의 공공업무시설(캐노피동),0,0,75.94,20200520,1,0,서울특별시 중랑구 신내동 814번지
11260,10600,0,0814,0000,중랑구 도로관리 및 제설자재 보관센터,,일반건축물,창고시설,제1종근린생활시설의 공공업무시설(제설창고동),1001,584.54,729.56,20200520,2,0,서울특별시 중랑구 신내동 814번지
11260,10600,0,0814,0000,중랑구 도로관리 및 제설자재 보관센터,,일반건축물,창고시설,제1종근린생활시설의 공공업무시설(사무동),0,0,290.04,20200520,2,0,서울특별시 중랑구 신내동 814번지
11260,10600,0,0816,0000,신내우디안1단지,,표제부,공동주택,공동주택(아파트),0,449.83,4711.15,20140618,15,0,서울특별시 중랑구 신내동 816번지
11260,10600,0,0816,0000,신내우디안1단지,,표제부,공동주택,펌프실,0,0,197.28,20140618,0,1,서울특별시 중랑구 신내동 816번지
11260,10600,0,0816,0000,신내우디안1단지,,표제부,공동주택,공동주택(아파트),0,618.33,8187.48,20140618,21,0,서울특별시 중랑구 신내동 816번지
11260,10600,0,0816,0000,신내우디안1단지,,표제부,공동주택,공동주택(아파트),0,801,7087.27,20140618,14,0,서울특별시 중랑구 신내동 816번지
11260,10600,0,0816,0000,신내우디안1단지,,표제부,공동주택,작은도서관,0,97.44,150.02,20140618,1,0,서울특별시 중랑구 신내동 816번지
11260,10600,0,0816,0000,신내우디안1단지,,표제부,공동주택,공동주택(아파트),0,449.83,4385.4,20140618,14,0,서울특별시 중랑구 신내동 816번지
11260,10600,0,0816,0000,신내우디안1단지,,표제부,공동주택,지하주차장,0,161.97,5287.04,20140618,0,1,서울특별시 중랑구 신내동 816번지
11260,10600,0,0816,0000,신내우디안1단지,,표제부,공동주택,"관리사무소,MDF실,방재실",0,137.78,233.67,20140618,1,0,서울특별시 중랑구 신내동 816번지
11260,10600,0,0816,0000,신내우디안1단지,,표제부,공동주택,공동주택(아파트),0,993.2,11745.69,20140618,19,0,서울특별시 중랑구 신내동 816번지
11260,10600,0,0816,0000,신내우디안1단지,,표제부,공동주택,지하주차장,0,142.45,16764.05,20140618,0,2,서울특별시 중랑구 신내동 816번지
11260,10600,0,0816,0000,신내우디안1단지,,표제부,공동주택,경비실,0,15.61,15.61,20140618,1,0,서울특별시 중랑구 신내동 816번지
11260,10600,0,0816,0000,신내우디안1단지,,표제부,공동주택,공동주택(아파트),0,895.72,10425.95,20140618,21,0,서울특별시 중랑구 신내동 816번지
11260,10600,0,0816,0000,신내우디안1단지,,표제부,공동주택,공동주택(아파트),0,817.18,8706.03,20140618,19,0,서울특별시 중랑구 신내동 816번지
11260,10600,0,0816,0000,신내우디안1단지,,표제부,공동주택,경로당,0,85.74,202.94,20140618,1,0,서울특별시 중랑구 신내동 816번지
11260,10600,0,0816,0000,신내우디안1단지,,표제부,공동주택,공동주택(아파트),0,595.19,6295.91,20140618,16,0,서울특별시 중랑구 신내동 816번지
11260,10600,0,0816,0000,신내우디안1단지,,표제부,공동주택,지하주차장,0,0,7855.3,20140618,0,2,서울특별시 중랑구 신내동 816번지
11260,10600,0,0816,0000,신내우디안1단지,,표제부,공동주택,공동주택(아파트),0,894.02,10006.21,20140618,22,0,서울특별시 중랑구 신내동 816번지
11260,10600,0,0816,0000,신내우디안1단지,,표제부,공동주택,옥외승강기,0,7.8,15.6,20140618,2,0,서울특별시 중랑구 신내동 816번지
11260,10600,0,0816,0000,신내우디안1단지,,표제부,공동주택,공동주택(아파트),0,618.33,8376.64,20140618,21,0,서울특별시 중랑구 신내동 816번지
11260,10600,0,0816,0000,신내우디안1단지,,표제부,공동주택,"전기실,발전기실",0,0,312.51,20140618,0,1,서울특별시 중랑구 신내동 816번지
11260,10600,0,0816,0000,신내우디안1단지,,표제부,공동주택,통신실,0,0,133.17,20140618,0,1,서울특별시 중랑구 신내동 816번지
11260,10600,0,0816,0000,신내우디안1단지,,표제부,공동주택,"인포넷,멀티프로그램실,휘트니스센터,골프연습장",0,296.19,793.03,20140618,1,0,서울특별시 중랑구 신내동 816번지
11260,10600,0,0816,0000,신내우디안1단지,,표제부,공동주택,경비실,0,15.61,15.61,20140618,1,0,서울특별시 중랑구 신내동 816번지
11260,10600,0,0816,0000,신내우디안1단지,,표제부,공동주택,지하주차장,0,0,4516.4,20140618,0,1,서울특별시 중랑구 신내동 816번지
11260,10600,0,0816,0000,신내우디안1단지,,표제부,공동주택,옥외승강기,0,7.8,15.6,20140618,2,0,서울특별시 중랑구 신내동 816번지
11260,10600,0,0816,0000,신내우디안1단지,,표제부,공동주택,옥외승강기,0,7.8,15.6,20140618,2,0,서울특별시 중랑구 신내동 816번지
11260,10600,0,0816,0000,신내우디안1단지,,표제부,공동주택,공동주택(아파트),0,618.33,8187.48,20140618,21,0,서울특별시 중랑구 신내동 816번지
11260,10600,0,0816,0000,신내우디안1단지,,표제부,제1종근린생활시설,근린생활시설,0,361.56,518.69,20140618,1,0,서울특별시 중랑구 신내동 816번지
11260,10600,0,0816,0000,신내우디안1단지,,표제부,공동주택,공동주택(아파트),0,595.19,5962.47,20140618,15,0,서울특별시 중랑구 신내동 816번지
11260,10600,0,0816,0000,신내우디안1단지,,표제부,공동주택,경비실,0,15.61,15.61,20140618,1,0,서울특별시 중랑구 신내동 816번지
11260,10600,0,0816,0000,신내우디안1단지,,표제부,공동주택,공동주택(아파트),0,608.24,8449.98,20140618,20,0,서울특별시 중랑구 신내동 816번지
11260,10600,0,0816,0000,신내우디안1단지,,표제부,공동주택,지하주차장,0,0,19796.9,20140618,0,2,서울특별시 중랑구 신내동 816번지
11260,10600,0,0816,0000,신내우디안1단지,,표제부,제1종근린생활시설,근린생활시설,0,277.61,352.23,20140618,1,0,서울특별시 중랑구 신내동 816번지
11260,10600,0,0816,0000,신내우디안1단지,,표제부,공동주택,공동주택(아파트),0,1330.44,11036.23,20140618,22,0,서울특별시 중랑구 신내동 816번지
11260,10600,0,0816,0000,신내우디안1단지,,표제부,공동주택,게스트하우스,0,51.15,238.94,20140618,1,0,서울특별시 중랑구 신내동 816번지
11260,10600,0,0816,0000,신내우디안1단지,,표제부,공동주택,보육시설,0,263.6,436.49,20140618,1,0,서울특별시 중랑구 신내동 816번지
11260,10600,0,0816,0000,신내우디안1단지,,표제부,공동주택,경비실,0,23.62,23.62,20140618,1,0,서울특별시 중랑구 신내동 816번지
11260,10600,0,0816,0000,신내우디안1단지,,표제부,공동주택,경비실,0,15.61,15.61,20140618,1,0,서울특별시 중랑구 신내동 816번지
11260,10600,0,0816,0000,신내우디안1단지,,표제부,공동주택,경비실,0,23.62,23.62,20140618,1,0,서울특별시 중랑구 신내동 816번지
11260,10600,0,0816,0000,신내우디안1단지,,표제부,공동주택,공동주택(아파트),0,1324.27,11416.77,20140618,24,0,서울특별시 중랑구 신내동 816번지
11260,10600,0,0816,0000,신내우디안1단지,,표제부,공동주택,공동주택(아파트),0,554.3,7940.59,20140618,22,0,서울특별시 중랑구 신내동 816번지
11260,10600,0,0817,0000,신내 데시앙포레,,표제부,공동주택,공동주택(아파트),0,693.8,8591.39,20131211,18,0,서울특별시 중랑구 신내동 817번지
11260,10600,0,0817,0000,신내 데시앙포레,,표제부,공동주택,경비실,0,19.46,19.46,20131211,1,0,서울특별시 중랑구 신내동 817번지
11260,10600,0,0817,0000,신내 데시앙포레,,표제부,공동주택,공동주택(아파트),0,551.67,2969.3,20131211,10,0,서울특별시 중랑구 신내동 817번지
11260,10600,0,0817,0000,신내 데시앙포레,,표제부,공동주택,공동주택(아파트),0,644.12,6509.29,20131211,13,0,서울특별시 중랑구 신내동 817번지
11260,10600,0,0817,0000,신내 데시앙포레,,표제부,공동주택,공동주택(아파트),0,705.18,7984.13,20131211,17,0,서울특별시 중랑구 신내동 817번지
11260,10600,0,0817,0000,신내 데시앙포레,,표제부,공동주택,공동주택(아파트),0,618.02,5503.28,20131211,15,0,서울특별시 중랑구 신내동 817번지
11260,10600,0,0817,0000,신내 데시앙포레,,표제부,공동주택,공동주택(아파트),0,858.99,10613.37,20131211,20,0,서울특별시 중랑구 신내동 817번지
11260,10600,0,0817,0000,신내 데시앙포레,,표제부,공동주택,공동주택(아파트),0,865.97,11500.41,20131211,20,0,서울특별시 중랑구 신내동 817번지
11260,10600,0,0817,0000,신내 데시앙포레,,표제부,공동주택,옥외승강기,0,6.93,13.86,20131211,2,0,서울특별시 중랑구 신내동 817번지
11260,10600,0,0817,0000,신내 데시앙포레,,표제부,공동주택,공동주택(아파트),0,961.78,11350.94,20131211,19,0,서울특별시 중랑구 신내동 817번지
11260,10600,0,0817,0000,신내 데시앙포레,,표제부,공동주택,경비실,0,19.46,19.46,20131211,1,0,서울특별시 중랑구 신내동 817번지
11260,10600,0,0817,0000,신내 데시앙포레,,표제부,공동주택,공동주택(아파트),0,618.02,5503.28,20131211,15,0,서울특별시 중랑구 신내동 817번지
11260,10600,0,0817,0000,신내 데시앙포레,,표제부,공동주택,보육시설,0,664.7,654.84,20131211,1,0,서울특별시 중랑구 신내동 817번지
11260,10600,0,0817,0000,신내 데시앙포레,,표제부,공동주택,지하주차장,0,158.84,14443.14,20131211,0,3,서울특별시 중랑구 신내동 817번지
11260,10600,0,0817,0000,신내 데시앙포레,,표제부,공동주택,공동주택(아파트),0,1245.96,10936.76,20131211,22,0,서울특별시 중랑구 신내동 817번지
11260,10600,0,0817,0000,신내 데시앙포레,,표제부,공동주택,경비실,0,19.46,19.46,20131211,1,0,서울특별시 중랑구 신내동 817번지
11260,10600,0,0817,0000,신내 데시앙포레,,표제부,공동주택,옥외승강기,0,6.93,13.86,20131211,2,0,서울특별시 중랑구 신내동 817번지
11260,10600,0,0817,0000,신내 데시앙포레,,표제부,공동주택,"관리사무소,방재실,MDF실",0,217.7,240.56,20131211,1,0,서울특별시 중랑구 신내동 817번지
11260,10600,0,0817,0000,신내 데시앙포레,,표제부,공동주택,펌프실,0,0,266.6,20131211,0,1,서울특별시 중랑구 신내동 817번지
11260,10600,0,0817,0000,신내 데시앙포레,,표제부,공동주택,경비실,0,12.99,12.99,20131211,1,0,서울특별시 중랑구 신내동 817번지
11260,10600,0,0817,0000,신내 데시앙포레,,표제부,공동주택,우수저수조점검실,0,0,74.02,20131211,0,1,서울특별시 중랑구 신내동 817번지
11260,10600,0,0817,0000,신내 데시앙포레,,표제부,공동주택,통신실,0,0,198,20131211,0,2,서울특별시 중랑구 신내동 817번지
11260,10600,0,0817,0000,시내 데시앙포레,,표제부,공동주택,경비실,0,12.99,12.99,20131211,1,0,서울특별시 중랑구 신내동 817번지
11260,10600,0,0817,0000,신내 데시앙포레,,표제부,공동주택,공동주택(아파트),0,703.7,8748.23,20131211,18,0,서울특별시 중랑구 신내동 817번지
11260,10600,0,0817,0000,신내 데시앙포레,,표제부,공동주택,공동주택(아파트),0,652.04,8881.58,20131211,19,0,서울특별시 중랑구 신내동 817번지
11260,10600,0,0817,0000,신내 데시앙포레,,표제부,공동주택,지하주차장,0,198.48,4517.89,20131211,0,1,서울특별시 중랑구 신내동 817번지
11260,10600,0,0817,0000,신내 데시앙포레,,표제부,공동주택,작은도서관,0,139.6,219.07,20131211,1,0,서울특별시 중랑구 신내동 817번지
11260,10600,0,0817,0000,신내 데시앙포레,,표제부,공동주택,"전기실,발전기실",0,0,619.59,20131211,0,1,서울특별시 중랑구 신내동 817번지
11260,10600,0,0817,0000,신내 데시앙포레,,표제부,공동주택,공동주택(아파트),0,644.46,10862.47,20131211,21,0,서울특별시 중랑구 신내동 817번지
11260,10600,0,0817,0000,신내 데시앙포레,,표제부,공동주택,공동주택(아파트),0,551.67,2969.3,20131211,10,0,서울특별시 중랑구 신내동 817번지
11260,10600,0,0817,0000,신내 데시앙포레,,표제부,공동주택,지하주차장,0,115.15,16457.76,20131211,0,2,서울특별시 중랑구 신내동 817번지
11260,10600,0,0817,0000,신내 데시앙포레,,표제부,공동주택,공동주택(아파트),0,970.69,12578.71,20131211,22,0,서울특별시 중랑구 신내동 817번지
11260,10600,0,0817,0000,신내 데시앙포레,,표제부,공동주택,옥외승강기,0,6.93,13.86,20131211,2,0,서울특별시 중랑구 신내동 817번지
11260,10600,0,0817,0000,신내 데시앙포레,,표제부,공동주택,공동주택(아파트),0,565.21,6698.23,20131211,15,0,서울특별시 중랑구 신내동 817번지
11260,10600,0,0817,0000,신내 데시앙포레,,표제부,공동주택,지하주차장,0,64.74,32910.73,20131211,0,1,서울특별시 중랑구 신내동 817번지
11260,10600,0,0817,0000,신내 데시앙포레,,표제부,공동주택,공동주택(아파트),0,645.93,8536.85,20131211,21,0,서울특별시 중랑구 신내동 817번지
11260,10600,0,0817,0000,신내 데시앙포레,,표제부,공동주택,경비실,0,12.99,12.99,20131211,1,0,서울특별시 중랑구 신내동 817번지
11260,10600,0,0817,0000,신내 데시앙포레,,표제부,제1종근린생활시설,근린생활시설,0,581.1,853.41,20131211,2,0,서울특별시 중랑구 신내동 817번지
11260,10600,0,0817,0000,신내 데시앙포레,,표제부,공동주택,공동주택(아파트),0,551.67,2969.3,20131211,10,0,서울특별시 중랑구 신내동 817번지
11260,10600,0,0817,0000,신내 데시앙포레,,표제부,공동주택,휘트니스센터,0,244.39,412.42,20131211,1,0,서울특별시 중랑구 신내동 817번지
11260,10600,0,0817,0000,신내 데시앙포레,,표제부,공동주택,멀티프로그램실,0,63.46,87.24,20131211,1,0,서울특별시 중랑구 신내동 817번지
11260,10600,0,0817,0000,신내 데시앙포레,,표제부,공동주택,공부방,0,43.39,59.66,20131211,1,0,서울특별시 중랑구 신내동 817번지
11260,10600,0,0817,0000,신내 데시앙포레,,표제부,공동주택,지하주차장,0,7.29,9402.81,20131211,0,1,서울특별시 중랑구 신내동 817번지
11260,10600,0,0817,0000,신내 데시앙포레,,표제부,공동주택,공동주택(아파트),0,695.28,7326.13,20131211,15,0,서울특별시 중랑구 신내동 817번지
11260,10600,0,0817,0000,신내 데시앙포레,,표제부,공동주택,공동주택(아파트),0,1245.96,12186.85,20131211,24,0,서울특별시 중랑구 신내동 817번지
11260,10600,0,0817,0000,신내 데시앙포레,,표제부,공동주택,공동주택(아파트),0,977.33,8135.22,20131211,13,0,서울특별시 중랑구 신내동 817번지
11260,10600,0,0817,0000,신내 데시앙포레,,표제부,공동주택,경로당,0,157.01,302.64,20131211,1,0,서울특별시 중랑구 신내동 817번지
11260,10600,0,0817,0000,신내 데시앙포레,,표제부,공동주택,게스트하우스,0,0,143.17,20131211,1,0,서울특별시 중랑구 신내동 817번지
11260,10600,0,0817,0000,신내 데시앙포레,,표제부,공동주택,경비실,0,12.99,12.99,20131211,1,0,서울특별시 중랑구 신내동 817번지
11260,10600,0,0817,0000,신내 데시앙포레,,표제부,공동주택,옥외승강기,0,6.93,13.86,20131211,2,0,서울특별시 중랑구 신내동 817번지
11260,10600,0,0817,0000,신내 데시앙포레,,표제부,공동주택,공동주택(아파트),0,551.67,2969.3,20131211,10,0,서울특별시 중랑구 신내동 817번지
11260,10600,0,0817,0000,신내 데시앙포레,,표제부,공동주택,공동주택(아파트),0,891.17,10661.41,20131211,20,0,서울특별시 중랑구 신내동 817번지
11260,10600,0,0820,0000,햇살아래보듬이나눔이어린이집,,일반건축물,노유자시설,노유자시설(어린이집),660,349.97,997.79,20170220,4,0,서울특별시 중랑구 신내동 820번지
11260,10600,0,0821,0002,신내 SK V1 center,,표제부,공장,공장(지식산업센터)/공장(창고)/근린생활시설,15924.5,9443.76,99871.25,20210625,12,3,서울특별시 중랑구 신내동 821-2번지
11260,10600,0,0824,0003,새은교회,,일반건축물,종교시설,교회,660,395.31,1510.1,20140723,4,1,서울특별시 중랑구 신내동 824-3번지
11260,10600,0,0825,0000,서울새솔유치원,,일반건축물,교육연구시설,교육연구시설,1800,1007.13,2531.35,20141006,3,1,서울특별시 중랑구 신내동 825번지
11260,10600,0,0826,0000,우디안3단지,,표제부,공동주택,도시형생활주택(원룸형),2033,971,3120.07,20170904,5,0,서울특별시 중랑구 신내동 826번지
11260,10600,0,0828,0000,서울새솔초등학교,,일반건축물,교육연구시설,교육연구시설,13162,3181.75,11891.22,20140325,5,1,서울특별시 중랑구 신내동 828번지
11260,10600,0,0831,0000,우디안4단지,,표제부,공동주택,용역휴게실,0,0,45.93,20180914,0,1,서울특별시 중랑구 신내동 831번지
11260,10600,0,0831,0000,우디안4단지,,표제부,공동주택,도시형생활주택(원룸형),0,860.99,4844.96,20180914,7,0,서울특별시 중랑구 신내동 831번지
11260,10600,0,0831,0000,우디안4단지,,표제부,공동주택,펌프실,0,0,65.13,20180914,0,1,서울특별시 중랑구 신내동 831번지
11260,10600,0,0831,0000,우디안4단지,,표제부,공동주택,지하주차장,0,0,4125.58,20180914,0,1,서울특별시 중랑구 신내동 831번지
11260,10600,0,0831,0000,우디안4단지,,표제부,공동주택,통신실,0,0,6.83,20180914,0,1,서울특별시 중랑구 신내동 831번지
11260,10600,0,0831,0000,우디안4단지,,표제부,공동주택,"경비실,택배보관소",0,20.85,20.85,20180914,1,0,서울특별시 중랑구 신내동 831번지
11260,10600,0,0831,0000,우디안4단지,,표제부,공동주택,"펌프실,빗물저류조관리층",0,0,164.87,20180914,0,1,서울특별시 중랑구 신내동 831번지
11260,10600,0,0831,0000,우디안4단지,,표제부,공동주택,통신실,0,0,10.57,20180914,0,1,서울특별시 중랑구 신내동 831번지
11260,10600,0,0831,0000,우디안4단지,,표제부,공동주택,"관리사무소,방재실,MDF실,주민공동시설",0,0,250.77,20180914,0,1,서울특별시 중랑구 신내동 831번지
11260,10600,0,0831,0000,우디안4단지,,표제부,공동주택,도시형생활주택(원룸형),0,694.56,3498.95,20180914,7,0,서울특별시 중랑구 신내동 831번지
11260,10600,0,0831,0000,우디안4단지,,표제부,공동주택,"전기실,발전기실",0,0,166.39,20180914,0,1,서울특별시 중랑구 신내동 831번지
11260,10600,0,0831,0000,우디안4단지,,표제부,공동주택,도시형생활주택(원룸형),0,651.67,3728.21,20180914,7,0,서울특별시 중랑구 신내동 831번지
11260,10600,0,0831,0000,우디안4단지,,표제부,공동주택,작은도서관,0,0,110.45,20180914,1,0,서울특별시 중랑구 신내동 831번지
11260,10600,0,0831,0000,우디안4단지,,표제부,공동주택,통신실,0,0,7.26,20180914,0,1,서울특별시 중랑구 신내동 831번지
11260,10600,0,0831,0000,우디안4단지,,표제부,공동주택,경비실,0,0,21.96,20180914,0,1,서울특별시 중랑구 신내동 831번지
11260,10600,0,0833,0000,신내감리교회,,일반건축물,종교시설,종교시설(교회),1519.5,769.23,4899,20210503,5,3,서울특별시 중랑구 신내동 833번지
11260,10600,0,0834,0000,,,일반건축물,자동차관련시설,자동차관련시설,1219.6,223.8,223.8,20241220,1,0,서울특별시 중랑구 신내동 834번지
11260,10600,0,0835,0000,베네스트로프트(BENEST LOFT),,표제부,업무시설,"업무시설(오피스텔),근린생활시설",3484.1,539.9811,16901.4194,20211014,20,4,서울특별시 중랑구 신내동 835번지
11260,10600,0,0835,0000,베네스트로프트(BENEST LOFT),,표제부,업무시설,업무시설(오피스텔),3484.1,523.4582,6342.2972,20211014,20,1,서울특별시 중랑구 신내동 835번지
11260,10600,0,0838,0000,망우역 신원아침도시,,표제부,공동주택,경비실,3198,0,6.12,20230215,1,0,서울특별시 중랑구 신내동 838번지
11260,10600,0,0838,0000,망우역 신원아침도시,,표제부,공동주택,"방재실,MDF실",3198,0,44.586,20230215,0,1,서울특별시 중랑구 신내동 838번지
11260,10600,0,0838,0000,망우역 신원아침도시,,표제부,공동주택,관리사무소,3198,0,111.63,20230215,0,1,서울특별시 중랑구 신내동 838번지
11260,10600,0,0838,0000,망우역 신원아침도시,,표제부,공동주택,창고,3198,0,81.92,20230215,0,2,서울특별시 중랑구 신내동 838번지
11260,10600,0,0838,0000,망우역 신원아침도시,,표제부,공동주택,공동주택(아파트),3198,279.358,2165.428,20230215,13,0,서울특별시 중랑구 신내동 838번지
11260,10600,0,0838,0000,망우역 신원아침도시,,표제부,공동주택,"기계실,전기실",3198,0,378.3,20230215,0,2,서울특별시 중랑구 신내동 838번지
11260,10600,0,0838,0000,망우역 신원아침도시,,표제부,공동주택,공동주택(아파트),3198,380.099,4962.06,20230215,20,0,서울특별시 중랑구 신내동 838번지
11260,10600,0,0838,0000,망우역 신원아침도시,,표제부,공동주택,주민공동시설,3198,0,339.306,20230215,0,2,서울특별시 중랑구 신내동 838번지
11260,10600,0,0838,0000,망우역 신원아침도시,,표제부,공동주택,지하주차장,3198,0,3592.385,20230215,0,2,서울특별시 중랑구 신내동 838번지
11260,10600,1,0014,0001,,,일반건축물,창고시설,창고,8132,99,99,19971022,1,0,서울특별시 중랑구 신내동 산14-1번지
11260,10600,1,0027,0000,,,일반건축물,단독주택,주택,0,31.74,31.74,,1,0,서울특별시 중랑구 신내동 산27번지
11260,10600,1,0034,0000,,,일반건축물,창고시설,창고,8926,99,99,19970524,1,0,서울특별시 중랑구 신내동 산34번지
11260,10600,1,0035,0000,,,일반건축물,창고시설,창고,5998.08,99,99,19970524,1,0,서울특별시 중랑구 신내동 산35번지
11260,10600,1,0060,0000,,,일반건축물,단독주택,주택,0,83.17,83.17,19601101,1,0,서울특별시 중랑구 신내동 산60번지
11260,10600,1,0061,0009,,,일반건축물,단독주택,주택,459.62,227.66,227.66,19850629,1,0,서울특별시 중랑구 신내동 산61-9번지
11260,10600,1,0074,0000,,,일반건축물,단독주택,주택,0,30.74,30.74,,1,0,서울특별시 중랑구 신내동 산74번지
11260,10600,1,0074,0000,,,일반건축물,단독주택,주택,0,371.51,371.51,,1,0,서울특별시 중랑구 신내동 산74번지
11260,10600,1,0074,0000,,,일반건축물,단독주택,주택,0,17.52,17.52,,1,0,서울특별시 중랑구 신내동 산74번지
11260,10600,1,0074,0000,,,일반건축물,단독주택,주택,0,29.1,29.1,,1,0,서울특별시 중랑구 신내동 산74번지
11260,10600,1,0123,0005,,,일반건축물,단독주택,주택,0,46.28,46.28,,1,0,서울특별시 중랑구 신내동 산123-5번지
11260,10600,2,0000,0000,신내 데시앙플렉스 지식산업센터,신내3지구,표제부,공장,"공장(지식산업센터,창고),지원시설(업무시설),제1,2종근린생활시설",10357,6209.83,83043.47,20200529,12,4,서울특별시 중랑구 신내동 블록
