sigunguCd,bjdongCd,platGbCd,bun,ji,bldNm,splotNm,regstrKindCdNm,mainPurpsCdNm,etcPurps,platArea,archArea,totArea,useAprDay,grndFlrCnt,ugrndFlrCnt,platPlc
11290,13300,0,0005,0046,,,일반건축물,단독주택,주택,0,0,66.12,19591219,1,0,서울특별시 성북구 정릉동 5-46번지
11290,13300,0,0006,0018,,,일반건축물,단독주택,주택,0,0,48.26,19600906,1,0,서울특별시 성북구 정릉동 6-18번지
11290,13300,0,0007,0007,,,일반건축물,단독주택,다가구용단독주택(5가구),160.86,92.44,225.38,19930813,2,1,서울특별시 성북구 정릉동 7-7번지
11290,13300,0,0010,0014,,,일반건축물,단독주택,주택,0,0,23.14,19561109,1,0,서울특별시 성북구 정릉동 10-14번지
11290,13300,0,0010,0029,,,일반건축물,단독주택,주택,0,0,19.83,19730406,1,0,서울특별시 성북구 정릉동 10-29번지
11290,13300,0,0010,0158,,,일반건축물,단독주택,주택,20,0,18.2,19850630,1,0,서울특별시 성북구 정릉동 10-158번지
11290,13300,0,0011,0016,,,일반건축물,단독주택,주택,0,0,19.83,19620728,1,0,서울특별시 성북구 정릉동 11-16번지
11290,13300,0,0013,0004,,,일반건축물,단독주택,주택,0,0,26.45,,1,0,서울특별시 성북구 정릉동 13-4번지
11290,13300,0,0013,0075,,,일반건축물,단독주택,주택,248,0,53.26,19850524,1,0,서울특별시 성북구 정릉동 13-75번지
11290,13300,0,0014,0003,,,일반건축물,제1종근린생활시설,근린생활시설,53,46,71.2,19990524,1,1,서울특별시 성북구 정릉동 14-3번지
11290,13300,0,0014,0004,,,일반건축물,제1종근린생활시설,제1종근린생활시설,0,0,29.75,19550804,1,0,서울특별시 성북구 정릉동 14-4번지
11290,13300,0,0014,0005,,,일반건축물,제1종근린생활시설,근린생활시설,0,0,29.75,,1,0,서울특별시 성북구 정릉동 14-5번지
11290,13300,0,0014,0006,,,일반건축물,제1종근린생활시설,근린생활시설,0,0,37.7,19550804,1,0,서울특별시 성북구 정릉동 14-6번지
11290,13300,0,0014,0007,,,일반건축물,제1종근린생활시설,근린생활시설,132,81.52,168.73,19710805,2,1,서울특별시 성북구 정릉동 14-7번지
11290,13300,0,0014,0008,,,일반건축물,제2종근린생활시설,"제2종근린생활시설, 단독주택，슈퍼마켓",132,66.17,298.6,19940916,4,1,서울특별시 성북구 정릉동 14-8번지
11290,13300,0,0014,0009,,,일반건축물,제2종근린생활시설,근린생활시설,109,85.77,85.77,,1,0,서울특별시 성북구 정릉동 14-9번지
11290,13300,0,0014,0010,,,일반건축물,단독주택,주택,0,0,61.82,19571010,1,0,서울특별시 성북구 정릉동 14-10번지
11290,13300,0,0014,0011,,,일반건축물,단독주택,단독주택,102,60.48,120.96,20030506,2,0,서울특별시 성북구 정릉동 14-11번지
11290,13300,0,0014,0012,,,일반건축물,단독주택,다가구용 단독주택(6가구),0,0,249.84,19910628,3,1,서울특별시 성북구 정릉동 14-12번지
11290,13300,0,0014,0013,,,일반건축물,단독주택,주택,0,0,176.96,19881206,2,1,서울특별시 성북구 정릉동 14-13번지
11290,13300,0,0014,0014,,,일반건축물,제1종근린생활시설,근린생활시설,0,0,194.16,19880719,2,1,서울특별시 성북구 정릉동 14-14번지
11290,13300,0,0014,0015,,,일반건축물,제1종근린생활시설,주택,0,0,196.8,19730210,3,1,서울특별시 성북구 정릉동 14-15번지
11290,13300,0,0014,0016,,,일반건축물,단독주택,주택,0,0,129.75,,2,1,서울특별시 성북구 정릉동 14-16번지
11290,13300,0,0014,0018,,,일반건축물,제1종근린생활시설,제1종근린생활시설(의원),382.5,191.1,1197.82,20140930,6,1,서울특별시 성북구 정릉동 14-18번지
11290,13300,0,0014,0021,,,일반건축물,제1종근린생활시설,제1종근린생활시설,0,0,241.35,19670815,2,1,서울특별시 성북구 정릉동 14-21번지
11290,13300,0,0014,0022,더클래스,,일반건축물,단독주택,단독주택,132.9,66.3,265.2,20190327,3,1,서울특별시 성북구 정릉동 14-22번지
11290,13300,0,0014,0024,,,일반건축물,제1종근린생활시설,근린생활시설,0,0,45.95,19590630,1,0,서울특별시 성북구 정릉동 14-24번지
11290,13300,0,0014,0025,,,일반건축물,제1종근린생활시설,근린생활시설,354,172.48,1013.36,19840712,6,1,서울특별시 성북구 정릉동 14-25번지
11290,13300,0,0014,0029,,,일반건축물,단독주택,다가구주택(3가구),129,63.92,194.34,,2,1,서울특별시 성북구 정릉동 14-29번지
11290,13300,0,0014,0030,,,일반건축물,단독주택,다가구용단독주택(3가구),120,69.75,220.05,19940714,2,1,서울특별시 성북구 정릉동 14-30번지
11290,13300,0,0014,0031,,,일반건축물,제1종근린생활시설,근린생활시설,0,0,598.47,19850725,4,1,서울특별시 성북구 정릉동 14-31번지
11290,13300,0,0014,0033,,,일반건축물,제1종근린생활시설,근린생활시설,0,0,61.79,19571107,1,0,서울특별시 성북구 정릉동 14-33번지
11290,13300,0,0014,0034,,,일반건축물,제1종근린생활시설,근린생활시설,0,0,102.01,19581005,2,1,서울특별시 성북구 정릉동 14-34번지
11290,13300,0,0014,0035,,,일반건축물,단독주택,"주택, 근린생활시설",0,0,123.67,195710,1,0,서울특별시 성북구 정릉동 14-35번지
11290,13300,0,0014,0036,,,일반건축물,단독주택,다가구용 단독주택(5가구),0,0,197.47,19910902,3,1,서울특별시 성북구 정릉동 14-36번지
11290,13300,0,0014,0037,,,일반건축물,근린생활시설,"근린생활시설, 주택",0,0,315.72,19820724,3,1,서울특별시 성북구 정릉동 14-37번지
11290,13300,0,0014,0039,,,일반건축물,제2종근린생활시설,"제2종근린생활시설, 주택",191,110.52,656.8,19960824,5,1,서울특별시 성북구 정릉동 14-39번지
11290,13300,0,0014,0040,,,일반건축물,단독주택,주택,0,0,52.89,19580410,1,0,서울특별시 성북구 정릉동 14-40번지
11290,13300,0,0016,0004,,,일반건축물,단독주택,제2종근린생활시설,0,0,591.15,19910708,5,1,서울특별시 성북구 정릉동 16-4번지
11290,13300,0,0016,0005,,,일반건축물,제1종근린생활시설,제1종근린생활시설,214,106.72,448.48,19850708,3,1,서울특별시 성북구 정릉동 16-5번지
11290,13300,0,0016,0006,,,일반건축물,제1종근린생활시설,"근린생활시설, 주택",0,0,654.65,19850211,3,1,서울특별시 성북구 정릉동 16-6번지
11290,13300,0,0016,0008,,,일반건축물,단독주택,주택,0,0,219.6,19881207,2,1,서울특별시 성북구 정릉동 16-8번지
11290,13300,0,0016,0009,,,일반건축물,단독주택,주택,182,81.02,427.58,,4,1,서울특별시 성북구 정릉동 16-9번지
11290,13300,0,0016,0010,,,일반건축물,단독주택,"제1종근린생활시설,주택",0,0,184.11,19830826,3,1,서울특별시 성북구 정릉동 16-10번지
11290,13300,0,0016,0011,,,일반건축물,단독주택,"주택, 근린생활시설",0,0,367.04,19840828,3,1,서울특별시 성북구 정릉동 16-11번지
11290,13300,0,0016,0012,,,표제부,공동주택,다세대및근린생활시설,211.4,103.09,445.96,20081210,5,0,서울특별시 성북구 정릉동 16-12번지
11290,13300,0,0016,0013,영화빌딩,,일반건축물,제2종근린생활시설,제2종근린생활시설,155,75.78,380.98,19860929,4,1,서울특별시 성북구 정릉동 16-13번지
11290,13300,0,0016,0014,,,일반건축물,제1종근린생활시설,"제1종근린생활시설, 주택",0,0,330.04,19901119,3,1,서울특별시 성북구 정릉동 16-14번지
11290,13300,0,0016,0015,,,일반건축물,단독주택,주택,0,0,29.75,,1,0,서울특별시 성북구 정릉동 16-15번지
11290,13300,0,0016,0015,,,일반건축물,제2종근린생활시설,"사무실, 공장",0,0,122.84,19681231,2,0,서울특별시 성북구 정릉동 16-15번지
11290,13300,0,0016,0016,한국타이어 정릉지점,,일반건축물,제1종근린생활시설,제1종근린생활시설,301,157.96,315.28,20020412,2,0,서울특별시 성북구 정릉동 16-16번지
11290,13300,0,0016,0018,,,일반건축물,숙박시설,"숙박시설, 주택1가구",155,115.7,286.46,19671201,3,0,서울특별시 성북구 정릉동 16-18번지
11290,13300,0,0016,0019,,,일반건축물,단독주택,주택,0,0,185.34,19830426,2,1,서울특별시 성북구 정릉동 16-19번지
11290,13300,0,0016,0020,지니빌,,표제부,공동주택,"다세대주택, 제2종근린생활시설",152,75.94,369.45,20140502,6,0,서울특별시 성북구 정릉동 16-20번지
11290,13300,0,0016,0021,,,일반건축물,제2종근린생활시설,제2종근린생활시설(고시원),165,81.84,409.2,20110610,5,0,서울특별시 성북구 정릉동 16-21번지
11290,13300,0,0016,0022,,,일반건축물,단독주택,다가구용단독주택(7가구),159,94.91,328.79,19931119,3,1,서울특별시 성북구 정릉동 16-22번지
11290,13300,0,0016,0023,,,일반건축물,단독주택,다가구주택(7가구),149,88.89,305.57,19931217,3,1,서울특별시 성북구 정릉동 16-23번지
11290,13300,0,0016,0024,,,일반건축물,제1종근린생활시설,"근린생활시설, 주택",0,0,300.68,19871128,3,1,서울특별시 성북구 정릉동 16-24번지
11290,13300,0,0016,0027,,,일반건축물,단독주택,"다가구주택(5가구), 근린생활시설",294,175.82,813.82,19950814,4,1,서울특별시 성북구 정릉동 16-27번지
11290,13300,0,0016,0028,,,일반건축물,단독주택,다가구용단독주택(5가구),145,72,359.19,19921114,4,1,서울특별시 성북구 정릉동 16-28번지
11290,13300,0,0016,0029,,,일반건축물,제1종근린생활시설,"점포, 영업용",0,0,242.06,19550920,3,1,서울특별시 성북구 정릉동 16-29번지
11290,13300,0,0016,0030,,,일반건축물,제2종근린생활시설,다가구주택(2가구),145,86.94,299.79,19950804,3,1,서울특별시 성북구 정릉동 16-30번지
11290,13300,0,0016,0030,,,일반건축물,단독주택,주택,0,0,45.72,19701007,1,0,서울특별시 성북구 정릉동 16-30번지
11290,13300,0,0016,0031,비엔트,,표제부,공동주택,"공동주택(도시형생활주택), 근린생활시설",195,116.37,383.57,20220708,5,0,서울특별시 성북구 정릉동 16-31번지
11290,13300,0,0016,0033,,,일반건축물,제1종근린생활시설,제1종근린생활시설,106,62.73,242.04,19970925,3,1,서울특별시 성북구 정릉동 16-33번지
11290,13300,0,0016,0034,,,일반건축물,단독주택,주택,0,0,172.14,19880531,2,1,서울특별시 성북구 정릉동 16-34번지
11290,13300,0,0016,0036,,,일반건축물,제1종근린생활시설,"근린생활시설, 주택",0,0,263.76,,2,1,서울특별시 성북구 정릉동 16-36번지
11290,13300,0,0016,0037,,,일반건축물,제1종근린생활시설,"근린생활시설, 주택",0,0,169.52,19850214,2,1,서울특별시 성북구 정릉동 16-37번지
11290,13300,0,0016,0038,,,표제부,공동주택,다세대주택,235,137.52,467.75,20090623,5,0,서울특별시 성북구 정릉동 16-38번지
11290,13300,0,0016,0040,아이콘스타,,일반건축물,단독주택,다가구주택,109,63.91,186.03,20200805,4,0,서울특별시 성북구 정릉동 16-40번지
11290,13300,0,0016,0041,,,일반건축물,단독주택,다가구용단독주택(2가구),119,62.71,119.84,19970704,2,0,서울특별시 성북구 정릉동 16-41번지
11290,13300,0,0016,0042,,,일반건축물,단독주택,단독주택,0,0,164.43,19890413,1,1,서울특별시 성북구 정릉동 16-42번지
11290,13300,0,0016,0043,,,일반건축물,단독주택,주택,0,0,173.94,19890413,2,1,서울특별시 성북구 정릉동 16-43번지
11290,13300,0,0016,0044,,,일반건축물,단독주택,주택,0,0,29.75,19610201,1,0,서울특별시 성북구 정릉동 16-44번지
11290,13300,0,0016,0045,,,일반건축물,제1종근린생활시설,근린생활시설,0,0,295.51,19850504,2,1,서울특별시 성북구 정릉동 16-45번지
11290,13300,0,0016,0046,,,일반건축물,단독주택,다가구용단독주택,119,70.8,240.24,19960724,3,1,서울특별시 성북구 정릉동 16-46번지
11290,13300,0,0016,0047,,,일반건축물,단독주택,단독주택(다중주택),218,129.52,422.74,20180906,4,0,서울특별시 성북구 정릉동 16-47번지
11290,13300,0,0016,0049,,,일반건축물,단독주택,다구구용단독주택(4가구),0,0,184.76,19910909,2,1,서울특별시 성북구 정릉동 16-49번지
11290,13300,0,0016,0050,,,일반건축물,제1종근린생활시설,"근린생활시설, 다가구주택(2가구)",172,85.38,398.46,19831015,4,1,서울특별시 성북구 정릉동 16-50번지
11290,13300,0,0016,0051,,,일반건축물,제1종근린생활시설,근린생활시설,0,0,160.3,19811020,2,1,서울특별시 성북구 정릉동 16-51번지
11290,13300,0,0016,0052,,,일반건축물,제2종근린생활시설,"근린생활시설, 주택",0,0,235.3,19810720,2,1,서울특별시 성북구 정릉동 16-52번지
11290,13300,0,0016,0053,,,표제부,공동주택,"공동주택,다세대주택",358.54,200.54,860.67,20040326,5,0,서울특별시 성북구 정릉동 16-53번지
11290,13300,0,0016,0055,,,일반건축물,단독주택,단독주택,135.85,70.44,70.44,20030530,1,0,서울특별시 성북구 정릉동 16-55번지
11290,13300,0,0016,0056,,,일반건축물,단독주택,단독주택,0,0,181.42,19870820,2,1,서울특별시 성북구 정릉동 16-56번지
11290,13300,0,0016,0057,,,일반건축물,단독주택,단독주택,0,0,41.39,19610301,1,0,서울특별시 성북구 정릉동 16-57번지
11290,13300,0,0016,0058,,,일반건축물,단독주택,단독주택,0,0,196.56,19920627,2,1,서울특별시 성북구 정릉동 16-58번지
11290,13300,0,0016,0060,,,일반건축물,단독주택,주택,0,0,151.44,19791122,2,1,서울특별시 성북구 정릉동 16-60번지
11290,13300,0,0016,0061,,,일반건축물,단독주택,다가구용 단독주택(4가구),0,0,316.41,19920615,2,1,서울특별시 성북구 정릉동 16-61번지
11290,13300,0,0016,0062,,,일반건축물,단독주택,다가구용단독주택(4가구),0,0,199.89,19910914,2,1,서울특별시 성북구 정릉동 16-62번지
11290,13300,0,0016,0063,,,일반건축물,단독주택,"다가구용단독주택(5가구), 근린생활시설",0,0,457.53,19941128,3,1,서울특별시 성북구 정릉동 16-63번지
11290,13300,0,0016,0066,,,일반건축물,단독주택,단독주택,0,0,162.99,19890801,2,1,서울특별시 성북구 정릉동 16-66번지
11290,13300,0,0016,0067,,,일반건축물,단독주택,단독주택,0,0,148.26,19820924,2,1,서울특별시 성북구 정릉동 16-67번지
11290,13300,0,0016,0068,,,일반건축물,단독주택,다가구용단독주택(5가구),106,63.36,190.08,19930708,2,1,서울특별시 성북구 정릉동 16-68번지
11290,13300,0,0016,0069,,,일반건축물,제1종근린생활시설,"근린생활시설, 다가구주택(5가구)",251,122.6,745.13,19971016,5,1,서울특별시 성북구 정릉동 16-69번지
11290,13300,0,0016,0070,,,표제부,공동주택,다세대주택,0,54.42,163.26,19860708,2,1,서울특별시 성북구 정릉동 16-70번지
11290,13300,0,0016,0071,,,일반건축물,단독주택,주택,0,0,137.19,19900622,2,1,서울특별시 성북구 정릉동 16-71번지
11290,13300,0,0016,0072,,,일반건축물,단독주택,다가구용단독주택(3가구),119,63.91,175.51,19950705,2,1,서울특별시 성북구 정릉동 16-72번지
11290,13300,0,0016,0075,,,일반건축물,단독주택,다가구용단독주택(4가구),0,0,161.1,19901106,2,1,서울특별시 성북구 정릉동 16-75번지
11290,13300,0,0016,0076,,,일반건축물,단독주택,다가구주택(3가구),116,69.23,218.58,20140612,4,0,서울특별시 성북구 정릉동 16-76번지
11290,13300,0,0016,0077,,,일반건축물,제1종근린생활시설,"근린생활시설, 주택",0,0,192.87,19841030,2,1,서울특별시 성북구 정릉동 16-77번지
11290,13300,0,0016,0078,,,일반건축물,단독주택,다가구용단독주택,0,0,229.77,19900829,2,1,서울특별시 성북구 정릉동 16-78번지
11290,13300,0,0016,0079,,,일반건축물,단독주택,"주택, 점포",0,0,179.41,19800708,2,1,서울특별시 성북구 정릉동 16-79번지
11290,13300,0,0016,0084,,,일반건축물,단독주택,다가구주택(5가구),137.1,82.22,249.16,19930529,2,1,서울특별시 성북구 정릉동 16-84번지
11290,13300,0,0016,0085,,,일반건축물,단독주택,주택,0,0,196.55,19890828,2,1,서울특별시 성북구 정릉동 16-85번지
11290,13300,0,0016,0086,,,일반건축물,제1종근린생활시설,"주택, 근린생활시설",0,0,315.18,19890724,3,1,서울특별시 성북구 정릉동 16-86번지
11290,13300,0,0016,0087,,,일반건축물,단독주택,단독주택,0,0,182.16,19890801,2,1,서울특별시 성북구 정릉동 16-87번지
11290,13300,0,0016,0088,,,일반건축물,단독주택,주택,0,0,211.41,19890613,2,1,서울특별시 성북구 정릉동 16-88번지
11290,13300,0,0016,0089,,,일반건축물,단독주택,주택,126,62.55,184.86,19881115,2,1,서울특별시 성북구 정릉동 16-89번지
11290,13300,0,0016,0090,성원빌라,,표제부,공동주택,"공동주택,다세대주택",194,116.19,422.98,20030408,4,0,서울특별시 성북구 정릉동 16-90번지
11290,13300,0,0016,0091,,,일반건축물,단독주택,단독주택,0,0,179.55,19881231,2,1,서울특별시 성북구 정릉동 16-91번지
11290,13300,0,0016,0092,,,일반건축물,단독주택,다가구용단독주택(5가구),109,65.29,249.62,19930614,3,1,서울특별시 성북구 정릉동 16-92번지
11290,13300,0,0016,0093,,,일반건축물,단독주택,단독주택,126,66.39,66.39,20150118,1,0,서울특별시 성북구 정릉동 16-93번지
11290,13300,0,0016,0094,,,일반건축물,단독주택,단독주택,0,0,123.29,19910618,2,1,서울특별시 성북구 정릉동 16-94번지
11290,13300,0,0016,0095,,,일반건축물,단독주택,다가구주택,0,56.43,179.49,19851126,2,1,서울특별시 성북구 정릉동 16-95번지
11290,13300,0,0016,0096,,,일반건축물,단독주택,주택,0,0,179.43,19890506,2,1,서울특별시 성북구 정릉동 16-96번지
11290,13300,0,0016,0097,,,일반건축물,단독주택,주택,0,0,192.99,19890221,2,1,서울특별시 성북구 정릉동 16-97번지
11290,13300,0,0016,0098,,,일반건축물,단독주택,다가구용단독주택(4가구),0,0,178.02,19910710,2,1,서울특별시 성북구 정릉동 16-98번지
11290,13300,0,0016,0099,,,표제부,공동주택,근생및다세대주택(7세대),224,134.37,618.08,20020725,5,0,서울특별시 성북구 정릉동 16-99번지
11290,13300,0,0016,0101,,,일반건축물,단독주택,주택,0,0,145.8,19830127,2,1,서울특별시 성북구 정릉동 16-101번지
11290,13300,0,0016,0102,,,일반건축물,단독주택,주택,0,0,81.2,19531109,1,0,서울특별시 성북구 정릉동 16-102번지
11290,13300,0,0016,0103,,,일반건축물,단독주택,주택,0,0,186.38,19890829,2,1,서울특별시 성북구 정릉동 16-103번지
11290,13300,0,0016,0104,,,일반건축물,단독주택,주택,0,0,206.58,19890906,2,1,서울특별시 성북구 정릉동 16-104번지
11290,13300,0,0016,0105,,,일반건축물,단독주택,주택,0,0,205.76,19890718,2,1,서울특별시 성북구 정릉동 16-105번지
11290,13300,0,0016,0106,,,일반건축물,단독주택,다가구주택(6).사무소,119,69.69,223.8,20130628,4,0,서울특별시 성북구 정릉동 16-106번지
11290,13300,0,0016,0107,,,표제부,공동주택,공동주택(다세대주택),264,154.5,517.94,20130927,5,0,서울특별시 성북구 정릉동 16-107번지
11290,13300,0,0016,0109,,,일반건축물,단독주택,다가구용단독주택(3가구),111.04,66.48,175.68,19960626,2,1,서울특별시 성북구 정릉동 16-109번지
11290,13300,0,0016,0110,,,일반건축물,단독주택,다가구용단독주택,214,117.09,299.79,19961219,3,0,서울특별시 성북구 정릉동 16-110번지
11290,13300,0,0016,0114,금아빌,,표제부,공동주택,공동주택(다세대주택),116,67.68,229.23,20101227,5,0,서울특별시 성북구 정릉동 16-114번지
11290,13300,0,0016,0117,,,일반건축물,제1종근린생활시설,제1종근린생활,208.08,103.86,494.52,19930821,4,1,서울특별시 성북구 정릉동 16-117번지
11290,13300,0,0016,0118,,,일반건축물,제1종근린생활시설,"근린생활시설, 주택",0,0,233.86,19870612,3,1,서울특별시 성북구 정릉동 16-118번지
11290,13300,0,0016,0119,,,일반건축물,단독주택,단독주택,0,0,147.3,19900630,2,1,서울특별시 성북구 정릉동 16-119번지
11290,13300,0,0016,0120,,,일반건축물,단독주택,주택,0,0,29.75,,1,0,서울특별시 성북구 정릉동 16-120번지
11290,13300,0,0016,0121,,,일반건축물,단독주택,주택,0,0,53.92,19541030,1,0,서울특별시 성북구 정릉동 16-121번지
11290,13300,0,0016,0122,,,일반건축물,단독주택,주택,0,0,142.42,19820923,2,1,서울특별시 성북구 정릉동 16-122번지
11290,13300,0,0016,0123,,,일반건축물,단독주택,단독주택,126,69.82,146.91,19971031,3,0,서울특별시 성북구 정릉동 16-123번지
11290,13300,0,0016,0124,,,일반건축물,단독주택,주택,0,0,137.01,19900519,2,1,서울특별시 성북구 정릉동 16-124번지
11290,13300,0,0016,0125,,,일반건축물,단독주택,다가구용단독주택(5가구),102,59.86,220.28,19910710,3,1,서울특별시 성북구 정릉동 16-125번지
11290,13300,0,0016,0126,,,일반건축물,단독주택,다가구용단독주택(4가구),0,0,182.7,19910627,2,1,서울특별시 성북구 정릉동 16-126번지
11290,13300,0,0016,0127,,,일반건축물,단독주택,주택,0,0,163.81,19910820,2,1,서울특별시 성북구 정릉동 16-127번지
11290,13300,0,0016,0128,,,일반건축물,단독주택,다가구용단독주택(4가구),0,0,177.86,19901112,2,1,서울특별시 성북구 정릉동 16-128번지
11290,13300,0,0016,0129,,,일반건축물,단독주택,다가구주택(3가구),116,53.96,144.05,19930809,2,1,서울특별시 성북구 정릉동 16-129번지
11290,13300,0,0016,0130,,,일반건축물,단독주택,다가구용단독주택(4가구),0,0,168.93,19910802,2,1,서울특별시 성북구 정릉동 16-130번지
11290,13300,0,0016,0131,,,일반건축물,제1종근린생활시설,근린생활시설,0,0,29.75,19620601,1,0,서울특별시 성북구 정릉동 16-131번지
11290,13300,0,0016,0132,,,일반건축물,단독주택,"주택, 근린생활시설",0,0,227.32,19920608,3,1,서울특별시 성북구 정릉동 16-132번지
11290,13300,0,0016,0133,,,일반건축물,단독주택,단독주택,0,0,149.76,19920511,2,1,서울특별시 성북구 정릉동 16-133번지
11290,13300,0,0016,0134,,,일반건축물,단독주택,다가구용단독주택(4가구),0,0,187.15,19910625,2,1,서울특별시 성북구 정릉동 16-134번지
11290,13300,0,0016,0136,,,일반건축물,단독주택,주택,0,0,115.54,19720815,2,1,서울특별시 성북구 정릉동 16-136번지
11290,13300,0,0016,0137,,,일반건축물,제1종근린생활시설,"근린생활시설, 주택",0,0,238.52,19881012,3,1,서울특별시 성북구 정릉동 16-137번지
11290,13300,0,0016,0137,,,일반건축물,자동차관련시설,차고,0,0,23.87,19611228,1,0,서울특별시 성북구 정릉동 16-137번지
11290,13300,0,0016,0138,,,일반건축물,제1종근린생활시설,"근린생활시설, 주택",0,0,356.52,19870728,3,1,서울특별시 성북구 정릉동 16-138번지
11290,13300,0,0016,0140,,,일반건축물,제2종근린생활시설,"근린생활시설, 주택, 대피소",0,0,178.44,19830615,2,1,서울특별시 성북구 정릉동 16-140번지
11290,13300,0,0016,0141,,,일반건축물,제2종근린생활시설,"제2종근린생활시설,주택",307,156.81,628.99,19830711,3,1,서울특별시 성북구 정릉동 16-141번지
11290,13300,0,0016,0143,,,일반건축물,제1종근린생활시설,"근린생활시설, 주택",0,0,204.07,19901102,3,1,서울특별시 성북구 정릉동 16-143번지
11290,13300,0,0016,0144,,,일반건축물,단독주택,단독주택,0,0,145.62,19901220,2,1,서울특별시 성북구 정릉동 16-144번지
11290,13300,0,0016,0145,,,일반건축물,단독주택,"주택, 근린생활시설",0,0,162.63,19881012,2,1,서울특별시 성북구 정릉동 16-145번지
11290,13300,0,0016,0146,대도아트빌,,표제부,공동주택,도시형생활주택(단지형다세대주택),298,178.2,595.17,20120113,5,0,서울특별시 성북구 정릉동 16-146번지
11290,13300,0,0016,0148,서희스타빌,,표제부,공동주택,도시형생활주택(단지형다세대주택),308,168.71,615.86,20190125,6,0,서울특별시 성북구 정릉동 16-148번지
11290,13300,0,0016,0150,,,일반건축물,단독주택,다가구용단독주택(6가구),159,94.89,284.67,19930618,2,1,서울특별시 성북구 정릉동 16-150번지
11290,13300,0,0016,0151,,,일반건축물,단독주택,주택,0,0,173.61,19890904,2,1,서울특별시 성북구 정릉동 16-151번지
11290,13300,0,0016,0152,,,일반건축물,단독주택,다가구용단독주택(6가구),168,91.15,278.1,19941015,3,1,서울특별시 성북구 정릉동 16-152번지
11290,13300,0,0016,0153,,,일반건축물,단독주택,"다가구주택, 근린생활시설",139,75.81,300.01,19920413,4,1,서울특별시 성북구 정릉동 16-153번지
11290,13300,0,0016,0154,,,일반건축물,단독주택,"단독주택(1가구), 근린생활시설",137,81.96,407.74,19941118,4,1,서울특별시 성북구 정릉동 16-154번지
11290,13300,0,0016,0155,,,일반건축물,제1종근린생활시설,"단독주택, 근린생활시설",142,70.78,274.72,19821129,3,1,서울특별시 성북구 정릉동 16-155번지
11290,13300,0,0016,0156,,,일반건축물,제2종근린생활시설,근린생활시설,149,74.18,268.57,19820731,3,1,서울특별시 성북구 정릉동 16-156번지
11290,13300,0,0016,0157,,,일반건축물,제1종근린생활시설,점포,0,0,223.66,19651222,2,0,서울특별시 성북구 정릉동 16-157번지
11290,13300,0,0016,0158,,,일반건축물,제1종근린생활시설,근린생활시설,0,0,60.73,,1,0,서울특별시 성북구 정릉동 16-158번지
11290,13300,0,0016,0160,바인빌딩,,표제부,교육연구시설,"교육연구시설, 근린생활시설",539,256.82,1958.91,20250514,9,1,서울특별시 성북구 정릉동 16-160번지
11290,13300,0,0016,0162,,,일반건축물,단독주택,단독주택(다중주택),142,70.53,293.24,20180917,5,0,서울특별시 성북구 정릉동 16-162번지
11290,13300,0,0016,0167,스마트하우스,,일반건축물,단독주택,단독주택(다중주택),136,67.97,266.56,20190719,5,0,서울특별시 성북구 정릉동 16-167번지
11290,13300,0,0016,0168,,,표제부,공동주택,다세대주택(4세대),129,91.04,311.46,20020906,4,0,서울특별시 성북구 정릉동 16-168번지
11290,13300,0,0016,0169,,,일반건축물,제1종근린생활시설,근린생활시설,552,179.98,1169.69,19910414,5,1,서울특별시 성북구 정릉동 16-169번지
11290,13300,0,0016,0170,,,일반건축물,제1종근린생활시설,근린생활시설,0,0,104.75,19550127,1,0,서울특별시 성북구 정릉동 16-170번지
11290,13300,0,0016,0171,,,일반건축물,단독주택,다가구용단독주택(15가구),251,149.83,577.1,19970227,3,1,서울특별시 성북구 정릉동 16-171번지
11290,13300,0,0016,0173,,,일반건축물,제2종근린생활시설,"근린생활시설,주택",129,77.18,297.62,19950705,3,1,서울특별시 성북구 정릉동 16-173번지
11290,13300,0,0016,0174,,,일반건축물,제1종근린생활시설,제1종근린생활시설,0,0,766.4,19850219,3,1,서울특별시 성북구 정릉동 16-174번지
11290,13300,0,0016,0175,,,일반건축물,제2종근린생활시설,제1종근린생활시설,493,245.9,1229.5,19850924,4,1,서울특별시 성북구 정릉동 16-175번지
11290,13300,0,0016,0179,,,일반건축물,제2종근린생활시설,"제2종근린생활시설, 주택",157.45,93.6,468,19940719,4,1,서울특별시 성북구 정릉동 16-179번지
11290,13300,0,0016,0180,,,일반건축물,단독주택,"주택, 제1종근린생활시설",0,0,375.6,19890929,4,1,서울특별시 성북구 정릉동 16-180번지
11290,13300,0,0016,0182,정릉1동 커뮤니티센터,,일반건축물,제1종근린생활시설,노유자시설(노인복지시설),271,135.08,359.25,20131209,3,0,서울특별시 성북구 정릉동 16-182번지
11290,13300,0,0016,0185,,,일반건축물,단독주택,"주택, 제2종근린생활시설, 소매점",103,59.59,297.95,19950608,4,1,서울특별시 성북구 정릉동 16-185번지
11290,13300,0,0016,0186,,,일반건축물,제1종근린생활시설,근린생활시설,0,0,34.35,19671010,1,0,서울특별시 성북구 정릉동 16-186번지
11290,13300,0,0016,0187,,,일반건축물,단독주택,단독주택,57,27.72,49.89,20190620,3,0,서울특별시 성북구 정릉동 16-187번지
11290,13300,0,0016,0188,,,표제부,공동주택,다세대주택,129,76.32,285.12,20020927,4,0,서울특별시 성북구 정릉동 16-188번지
11290,13300,0,0016,0189,,,일반건축물,단독주택,주택,136,67.19,79.12,19690825,1,1,서울특별시 성북구 정릉동 16-189번지
11290,13300,0,0016,0190,,,일반건축물,제2종근린생활시설,제2종근린생활시설,137,68.46,68.46,20200626,1,0,서울특별시 성북구 정릉동 16-190번지
11290,13300,0,0016,0192,,,일반건축물,단독주택,주택,0,0,159.9,19751107,2,1,서울특별시 성북구 정릉동 16-192번지
11290,13300,0,0016,0194,,,일반건축물,단독주택,다가구용단독주택(5가구),0,0,229.41,19910208,2,1,서울특별시 성북구 정릉동 16-194번지
11290,13300,0,0016,0195,다니스빌딩,,일반건축물,제2종근린생활시설,제2종근린생활시설,129,64.26,285.01,20210209,5,0,서울특별시 성북구 정릉동 16-195번지
11290,13300,0,0016,0196,,,일반건축물,단독주택,주택,0,0,42.98,19580210,1,0,서울특별시 성북구 정릉동 16-196번지
11290,13300,0,0016,0197,,,일반건축물,제2종근린생활시설,"주택, 근린생활시설",89,49.56,297.36,19970829,5,1,서울특별시 성북구 정릉동 16-197번지
11290,13300,0,0016,0198,,,일반건축물,단독주택,주택,0,0,44.63,19580730,1,0,서울특별시 성북구 정릉동 16-198번지
11290,13300,0,0016,0199,,,일반건축물,단독주택,주택,0,0,49.92,19590301,1,0,서울특별시 성북구 정릉동 16-199번지
11290,13300,0,0016,0200,16-200,,일반건축물,단독주택,"다가구주택(3가구), 근린생활시설",119,59.41,322.59,19900910,4,1,서울특별시 성북구 정릉동 16-200번지
11290,13300,0,0016,0201,샤론HOUSE,,일반건축물,단독주택,단독주택(다중주택),158,78.49,299.98,20181002,3,1,서울특별시 성북구 정릉동 16-201번지
11290,13300,0,0016,0202,,,일반건축물,제2종근린생활시설,"근린생활시설, 단독주택",261,155.41,523.45,19880727,3,1,서울특별시 성북구 정릉동 16-202번지
11290,13300,0,0016,0204,,,일반건축물,제1종근린생활시설,"근린생활시설,주택",0,0,239.93,19911202,3,1,서울특별시 성북구 정릉동 16-204번지
11290,13300,0,0016,0205,,,일반건축물,단독주택,다가구용단독주택(5가구),0,0,199.65,19910724,2,1,서울특별시 성북구 정릉동 16-205번지
11290,13300,0,0016,0206,,,일반건축물,제1종근린생활시설,"근린생활시설, 주택(1가구)",122,68.88,292.5,19941121,4,1,서울특별시 성북구 정릉동 16-206번지
11290,13300,0,0016,0208,,,일반건축물,단독주택,단독주택,175,100.72,195.81,,2,0,서울특별시 성북구 정릉동 16-208번지
11290,13300,0,0016,0210,,,일반건축물,단독주택,주택,0,0,29.75,,1,0,서울특별시 성북구 정릉동 16-210번지
11290,13300,0,0016,0211,,,일반건축물,단독주택,주택,0,0,29.75,,1,0,서울특별시 성북구 정릉동 16-211번지
11290,13300,0,0016,0212,,,일반건축물,단독주택,주택,0,0,279.52,19870825,2,1,서울특별시 성북구 정릉동 16-212번지
11290,13300,0,0016,0213,은주빌딩,,일반건축물,단독주택,제1종근생및 다가구용단독주택,106,63.53,210.95,20050914,4,0,서울특별시 성북구 정릉동 16-213번지
11290,13300,0,0016,0214,,,일반건축물,단독주택,다가구용단독주택(4가구),132,70.68,200.88,19941221,2,1,서울특별시 성북구 정릉동 16-214번지
11290,13300,0,0016,0215,,,일반건축물,단독주택,단독주택,0,0,162.96,19901023,2,1,서울특별시 성북구 정릉동 16-215번지
11290,13300,0,0016,0216,,,일반건축물,단독주택,주택,0,0,111.74,19750927,2,1,서울특별시 성북구 정릉동 16-216번지
11290,13300,0,0016,0217,,,일반건축물,단독주택,주택,0,0,48.43,19600508,2,0,서울특별시 성북구 정릉동 16-217번지
11290,13300,0,0016,0218,,,일반건축물,단독주택,"주택, 제1종근린생활시설",93,55.44,221.76,19960813,3,1,서울특별시 성북구 정릉동 16-218번지
11290,13300,0,0016,0219,,,일반건축물,단독주택,주택,0,0,170.82,19871127,2,1,서울특별시 성북구 정릉동 16-219번지
11290,13300,0,0016,0221,,,일반건축물,단독주택,다가구용단독주택(8가구),265.97,158.43,632.28,19940520,3,1,서울특별시 성북구 정릉동 16-221번지
11290,13300,0,0016,0222,,,일반건축물,단독주택,주택,0,0,63.45,,1,0,서울특별시 성북구 정릉동 16-222번지
11290,13300,0,0016,0223,,,일반건축물,단독주택,주택,0,0,185.85,19890823,2,1,서울특별시 성북구 정릉동 16-223번지
11290,13300,0,0016,0224,,,일반건축물,단독주택,"다가구용단독주택, 근린생활시설",136,79.26,298.51,19980418,3,1,서울특별시 성북구 정릉동 16-224번지
11290,13300,0,0016,0225,,,일반건축물,단독주택,"다가구용단독주택(4가구), 근린생활시설",211,124.51,494.92,19931231,4,1,서울특별시 성북구 정릉동 16-225번지
11290,13300,0,0016,0227,,,일반건축물,제1종근린생활시설,"근린생활시설, 주택",0,0,262.1,19900727,3,1,서울특별시 성북구 정릉동 16-227번지
11290,13300,0,0016,0228,,,일반건축물,단독주택,주택,0,0,172.11,19890803,2,1,서울특별시 성북구 정릉동 16-228번지
11290,13300,0,0016,0229,,,일반건축물,단독주택,다가구용단독주택(5가구),0,0,183.35,19901213,2,1,서울특별시 성북구 정릉동 16-229번지
11290,13300,0,0016,0230,,,일반건축물,단독주택,다가구용단독주택,0,0,234,19910701,3,1,서울특별시 성북구 정릉동 16-230번지
11290,13300,0,0016,0232,대성빌,,표제부,공동주택,공동주택(다세대주택),221,131.17,437.43,20140519,5,0,서울특별시 성북구 정릉동 16-232번지
11290,13300,0,0016,0233,,,일반건축물,제1종근린생활시설,단독주택,102,60.51,208.18,20010926,4,0,서울특별시 성북구 정릉동 16-233번지
11290,13300,0,0016,0234,,,일반건축물,단독주택,다가구용단독주택,102,56.49,168.96,19930303,2,1,서울특별시 성북구 정릉동 16-234번지
11290,13300,0,0016,0235,,,일반건축물,단독주택,다가구용단독주택,126,63.9,184.42,19930430,2,1,서울특별시 성북구 정릉동 16-235번지
11290,13300,0,0016,0236,아이콘스타,,일반건축물,단독주택,단독주택(다가구주택),116,63.26,231.52,20210929,5,0,서울특별시 성북구 정릉동 16-236번지
11290,13300,0,0016,0237,,,일반건축물,단독주택,"다가구용단독주택(2가구), 근린생활시설",136,73.29,202.04,19931201,2,1,서울특별시 성북구 정릉동 16-237번지
11290,13300,0,0016,0238,,,일반건축물,단독주택,다가구용단독주택(5가구),112,67.08,262.32,19930621,3,1,서울특별시 성북구 정릉동 16-238번지
11290,13300,0,0016,0239,,,일반건축물,단독주택,다가구용단독주택(5가구),0,0,199.62,19910624,2,1,서울특별시 성북구 정릉동 16-239번지
11290,13300,0,0016,0240,,,일반건축물,단독주택,다가구용단독주택(5가구),0,0,175.28,19921125,2,1,서울특별시 성북구 정릉동 16-240번지
11290,13300,0,0016,0241,,,일반건축물,단독주택,단독주택,0,0,194.55,19900830,2,1,서울특별시 성북구 정릉동 16-241번지
11290,13300,0,0016,0242,,,일반건축물,단독주택,주택,0,0,190.62,19880504,2,1,서울특별시 성북구 정릉동 16-242번지
11290,13300,0,0016,0243,,,일반건축물,단독주택,다가구용단독주택(4가구),112,66.79,258.16,19940720,3,1,서울특별시 성북구 정릉동 16-243번지
11290,13300,0,0016,0244,파인캐슬,,표제부,공동주택,도시형생활주택(단지형다세대),351,190.16,701.88,20190125,6,0,서울특별시 성북구 정릉동 16-244번지
11290,13300,0,0016,0247,,,일반건축물,단독주택,다가구용단독주택(8가구),240.9,144.19,570.16,19930924,3,1,서울특별시 성북구 정릉동 16-247번지
11290,13300,0,0016,0249,,,일반건축물,단독주택,다가구용단독주택(2가구),99,58.72,164.85,19970605,3,0,서울특별시 성북구 정릉동 16-249번지
11290,13300,0,0016,0250,,,일반건축물,단독주택,주택,0,0,129.07,19740829,2,1,서울특별시 성북구 정릉동 16-250번지
11290,13300,0,0016,0251,,,일반건축물,단독주택,주택,0,0,183,19880729,2,1,서울특별시 성북구 정릉동 16-251번지
11290,13300,0,0016,0252,,,일반건축물,단독주택,다가구용단독주택(6),119,70.12,263.44,19931006,3,1,서울특별시 성북구 정릉동 16-252번지
11290,13300,0,0016,0253,,,일반건축물,단독주택,주택,0,0,156.36,19821124,2,1,서울특별시 성북구 정릉동 16-253번지
11290,13300,0,0016,0254,,,일반건축물,단독주택,주택,0,0,149.94,19880531,2,1,서울특별시 성북구 정릉동 16-254번지
11290,13300,0,0016,0255,,,일반건축물,단독주택,다가구용단독주택(4가구),0,0,174.7,19911018,2,1,서울특별시 성북구 정릉동 16-255번지
11290,13300,0,0016,0256,,,일반건축물,단독주택,주택,0,0,118.98,19880715,2,0,서울특별시 성북구 정릉동 16-256번지
11290,13300,0,0016,0257,,,일반건축물,단독주택,주택,0,0,241.65,19880629,2,1,서울특별시 성북구 정릉동 16-257번지
11290,13300,0,0016,0258,,,일반건축물,단독주택,주택,0,0,152.1,19870930,2,1,서울특별시 성북구 정릉동 16-258번지
11290,13300,0,0016,0259,,,일반건축물,단독주택,단독주택,0,0,188.16,19871120,2,1,서울특별시 성북구 정릉동 16-259번지
11290,13300,0,0016,0260,,,일반건축물,단독주택,"다가구용단독주택(2가구), 근린생활시설",112,67.14,267.28,19940603,3,1,서울특별시 성북구 정릉동 16-260번지
11290,13300,0,0016,0261,,,일반건축물,단독주택,다가구용단독주택(5가구),159,94.6,310.09,19971104,3,1,서울특별시 성북구 정릉동 16-261번지
11290,13300,0,0016,0262,,,일반건축물,단독주택,주택,0,0,177.87,19890629,2,1,서울특별시 성북구 정릉동 16-262번지
11290,13300,0,0016,0263,정릉동 상가주택 신축공사,,일반건축물,단독주택,"단독주택,1종근린생활시설",139,83.29,267.51,20040703,4,0,서울특별시 성북구 정릉동 16-263번지
11290,13300,0,0016,0264,,,일반건축물,단독주택,주택,0,0,129.92,19680915,2,1,서울특별시 성북구 정릉동 16-264번지
11290,13300,0,0016,0265,,,일반건축물,제1종근린생활시설,점포,0,0,127.28,19670521,2,0,서울특별시 성북구 정릉동 16-265번지
11290,13300,0,0016,0266,삼보빌라,,표제부,공동주택,"다세대주택,제2종근린생활시설",280,167.6,557.95,20081226,5,0,서울특별시 성북구 정릉동 16-266번지
11290,13300,0,0016,0272,,,일반건축물,단독주택,"다가구주택,근린생활시설",153.16,79.26,201.8,19790612,3,0,서울특별시 성북구 정릉동 16-272번지
11290,13300,0,0016,0273,,,일반건축물,단독주택,"다가구용단독주택,근린생활시설",172,102.43,343.43,19860929,4,1,서울특별시 성북구 정릉동 16-273번지
11290,13300,0,0016,0274,,,일반건축물,단독주택,주택,0,0,190.62,19790620,2,1,서울특별시 성북구 정릉동 16-274번지
11290,13300,0,0016,0275,,,일반건축물,제2종근린생활시설,"제2종근린생활시설, 주택",141.56,83.71,406.01,19940916,4,1,서울특별시 성북구 정릉동 16-275번지
11290,13300,0,0016,0276,,,일반건축물,단독주택,주택,0,0,179.7,19870820,2,1,서울특별시 성북구 정릉동 16-276번지
11290,13300,0,0016,0277,,,일반건축물,단독주택,주택,0,0,154.31,19791025,2,1,서울특별시 성북구 정릉동 16-277번지
11290,13300,0,0016,0278,,,일반건축물,단독주택,다가구용단독주택(5가구),0,0,199.56,19901023,2,1,서울특별시 성북구 정릉동 16-278번지
11290,13300,0,0016,0279,,,일반건축물,단독주택,"주택, 근린생활시설",122,71.88,235.09,19850921,3,1,서울특별시 성북구 정릉동 16-279번지
11290,13300,0,0016,0280,,,일반건축물,단독주택,주택,0,0,160.53,19870723,2,1,서울특별시 성북구 정릉동 16-280번지
11290,13300,0,0016,0281,,,일반건축물,단독주택,"근린생활시설, 주택",102,60.9,243.24,19930702,3,1,서울특별시 성북구 정릉동 16-281번지
11290,13300,0,0016,0282,,,일반건축물,단독주택,"주택, 제1종근린생활시설",102,60.48,241.92,19940207,3,1,서울특별시 성북구 정릉동 16-282번지
11290,13300,0,0016,0283,,,일반건축물,단독주택,"주택, 제1종근린생활시설",182,90.72,466.2,19940126,4,1,서울특별시 성북구 정릉동 16-283번지
11290,13300,0,0016,0285,,,일반건축물,단독주택,"주택, 제1종근린생활시설",92,55.09,220,19931214,3,1,서울특별시 성북구 정릉동 16-285번지
11290,13300,0,0016,0286,,,일반건축물,단독주택,다가구용단독주택(3가구),109,65.17,260.68,20010212,3,1,서울특별시 성북구 정릉동 16-286번지
11290,13300,0,0016,0287,,,일반건축물,단독주택,주택,0,0,161.84,19880813,2,1,서울특별시 성북구 정릉동 16-287번지
11290,13300,0,0016,0288,,,일반건축물,제1종근린생활시설,"근린생활시설, 주택",0,50.73,276.52,19900403,4,1,서울특별시 성북구 정릉동 16-288번지
11290,13300,0,0016,0289,,,일반건축물,단독주택,주택,0,0,162.18,19890818,2,1,서울특별시 성북구 정릉동 16-289번지
11290,13300,0,0016,0290,,,일반건축물,단독주택,"주택, 근린생활시설",0,0,280.6,19860425,3,1,서울특별시 성북구 정릉동 16-290번지
11290,13300,0,0016,0291,,,일반건축물,제1종근린생활시설,"제1종근린생활시설, 다가구용단독주택",116,69.36,257.91,19961224,3,1,서울특별시 성북구 정릉동 16-291번지
11290,13300,0,0016,0292,,,일반건축물,제1종근린생활시설,"근린생활시설, 주택(1가구)",96,57.54,279.94,19960724,4,1,서울특별시 성북구 정릉동 16-292번지
11290,13300,0,0016,0293,,,일반건축물,단독주택,주택,0,0,163.35,19890609,2,1,서울특별시 성북구 정릉동 16-293번지
11290,13300,0,0016,0294,,,일반건축물,단독주택,다가구용단독주택(5가구),102,57.04,194,19921123,3,1,서울특별시 성북구 정릉동 16-294번지
11290,13300,0,0016,0295,이룸하우스,,일반건축물,단독주택,단독주택(다중주택),100.73,60.16,199.58,20171013,3,1,서울특별시 성북구 정릉동 16-295번지
11290,13300,0,0016,0296,,,일반건축물,단독주택,주택,0,0,37.25,19540706,1,0,서울특별시 성북구 정릉동 16-296번지
11290,13300,0,0016,0297,,,일반건축물,단독주택,다가구용단독주택(5가구),0,0,207.54,19900929,3,1,서울특별시 성북구 정릉동 16-297번지
11290,13300,0,0016,0298,,,일반건축물,단독주택,다가구용단독주택(4가구),0,0,157.98,19901120,2,1,서울특별시 성북구 정릉동 16-298번지
11290,13300,0,0016,0299,,,일반건축물,단독주택,주택,0,0,160.92,19871118,2,1,서울특별시 성북구 정릉동 16-299번지
11290,13300,0,0016,0301,,,일반건축물,제2종근린생활시설,"제1종근린생활시설, 주택",261,129.98,815.78,19940322,5,1,서울특별시 성북구 정릉동 16-301번지
11290,13300,0,0016,0303,,,일반건축물,단독주택,단독주택(다가구주택),109,81.33,238.51,19660620,3,1,서울특별시 성북구 정릉동 16-303번지
11290,13300,0,0016,0304,,,일반건축물,제1종근린생활시설,"근린생활시설,주택",0,0,304.3,19890711,3,1,서울특별시 성북구 정릉동 16-304번지
11290,13300,0,0016,0307,조양빌라,,표제부,공동주택,연립주택(16세대),520,310.58,1485.48,19970826,4,1,서울특별시 성북구 정릉동 16-307번지
11290,13300,0,0016,0310,,,일반건축물,제1종근린생활시설,"근린생활시설, 주택",226.48,126.07,741.99,19931223,6,1,서울특별시 성북구 정릉동 16-310번지
11290,13300,0,0016,0312,,,일반건축물,단독주택,다가구용단독주택(4가구),108.65,64.86,166.02,19930526,2,1,서울특별시 성북구 정릉동 16-312번지
11290,13300,0,0016,0313,,,일반건축물,단독주택,"단독주택,2종근린생활시설",126,75.31,251.48,20110525,4,0,서울특별시 성북구 정릉동 16-313번지
11290,13300,0,0016,0314,,,일반건축물,단독주택,주택,0,0,198.48,19691110,2,1,서울특별시 성북구 정릉동 16-314번지
11290,13300,0,0016,0314,,,일반건축물,제2종근린생활시설,"점포, 사무실",0,0,234.55,19730529,3,1,서울특별시 성북구 정릉동 16-314번지
11290,13300,0,0016,0316,,,일반건축물,단독주택,"주택, 근린생활시설",0,0,188.95,19891229,3,1,서울특별시 성북구 정릉동 16-316번지
11290,13300,0,0016,0317,,,일반건축물,단독주택,단독주택(다가구주택) 및 제1종근린생활시설,113.15,67.54,202.62,20171024,3,0,서울특별시 성북구 정릉동 16-317번지
11290,13300,0,0016,0318,,,일반건축물,단독주택,"주택, 근린생활시설",0,0,69.44,19540501,1,0,서울특별시 성북구 정릉동 16-318번지
11290,13300,0,0016,0319,,,일반건축물,단독주택,주택,0,0,186.84,19891229,3,1,서울특별시 성북구 정릉동 16-319번지
11290,13300,0,0016,0320,,,일반건축물,단독주택,"단독주택, 근린생활시설",99,59.31,293,19931210,4,1,서울특별시 성북구 정릉동 16-320번지
11290,13300,0,0016,0321,,,일반건축물,단독주택,주택,0,0,29.75,19540408,1,0,서울특별시 성북구 정릉동 16-321번지
11290,13300,0,0016,0322,,,일반건축물,단독주택,주택,0,0,66.05,,1,0,서울특별시 성북구 정릉동 16-322번지
11290,13300,0,0016,0323,,,일반건축물,제1종근린생활시설,"근린생활시설, 주택",0,0,183.42,19840816,3,1,서울특별시 성북구 정릉동 16-323번지
11290,13300,0,0016,0324,,,일반건축물,단독주택,"주택, 근린생활시설",0,0,323.33,19700830,3,1,서울특별시 성북구 정릉동 16-324번지
11290,13300,0,0016,0325,,,일반건축물,단독주택,주택,0,0,63.93,19660903,1,0,서울특별시 성북구 정릉동 16-325번지
11290,13300,0,0016,0326,,,일반건축물,단독주택,"주택, 제1종근린생활시설",87.22,53.7,214.8,19940729,3,1,서울특별시 성북구 정릉동 16-326번지
11290,13300,0,0016,0327,,,일반건축물,단독주택,다가구주택,102,63.58,182.26,19891113,3,1,서울특별시 성북구 정릉동 16-327번지
11290,13300,0,0016,0328,,,일반건축물,단독주택,주택,0,0,145.08,19810711,2,1,서울특별시 성북구 정릉동 16-328번지
11290,13300,0,0016,0329,,,일반건축물,단독주택,다가구용단독주택(3가구),0,0,183.36,19920818,2,1,서울특별시 성북구 정릉동 16-329번지
11290,13300,0,0016,0330,,,일반건축물,단독주택,주택,0,0,214.8,19850917,2,1,서울특별시 성북구 정릉동 16-330번지
11290,13300,0,0016,0331,,,일반건축물,단독주택,"제1종근린생활시설, 주택",0,0,141.7,19871030,2,1,서울특별시 성북구 정릉동 16-331번지
11290,13300,0,0016,0332,,,일반건축물,단독주택,"주택, 점포",0,0,139.83,,2,1,서울특별시 성북구 정릉동 16-332번지
11290,13300,0,0016,0333,,,일반건축물,단독주택,다가구용단독주택(2가구),108.8,62.14,183.7,19941107,2,1,서울특별시 성북구 정릉동 16-333번지
11290,13300,0,0016,0334,,,일반건축물,단독주택,다가구용단독주택(4가구),0,0,162.54,19900804,2,1,서울특별시 성북구 정릉동 16-334번지
11290,13300,0,0016,0334,,,일반건축물,단독주택,주택,0,0,29.75,19600620,1,0,서울특별시 성북구 정릉동 16-334번지
11290,13300,0,0016,0335,,,일반건축물,단독주택,주택,0,0,164.2,19880903,2,1,서울특별시 성북구 정릉동 16-335번지
11290,13300,0,0016,0336,,,일반건축물,단독주택,주택,0,0,39.67,,1,0,서울특별시 성북구 정릉동 16-336번지
11290,13300,0,0016,0337,,,일반건축물,단독주택,주택,0,0,29.75,19540407,1,0,서울특별시 성북구 정릉동 16-337번지
11290,13300,0,0016,0338,,,일반건축물,단독주택,주택,0,0,148.68,19881115,2,1,서울특별시 성북구 정릉동 16-338번지
11290,13300,0,0016,0339,로이넥스빌,,표제부,공동주택,다세대주택,216.6,129.95,429.02,20080805,5,0,서울특별시 성북구 정릉동 16-339번지
11290,13300,0,0016,0341,,,일반건축물,단독주택,"주택, 제1종근린생활시설",0,0,213.84,19831122,3,1,서울특별시 성북구 정릉동 16-341번지
11290,13300,0,0016,0342,,,일반건축물,단독주택,"근린생활시설, 주택(2가구)",106.1,63.2,289.32,19940702,4,1,서울특별시 성북구 정릉동 16-342번지
11290,13300,0,0016,0343,,,일반건축물,단독주택,주택,0,0,178.09,19891121,2,1,서울특별시 성북구 정릉동 16-343번지
11290,13300,0,0016,0344,,,일반건축물,단독주택,주택,0,0,171.81,19820630,2,1,서울특별시 성북구 정릉동 16-344번지
11290,13300,0,0016,0345,,,일반건축물,단독주택,다가구형단독주택,140.9,83.79,211.26,19791206,2,1,서울특별시 성북구 정릉동 16-345번지
11290,13300,0,0016,0346,,,일반건축물,단독주택,주택,0,0,166.87,19891223,2,1,서울특별시 성북구 정릉동 16-346번지
11290,13300,0,0016,0347,팰리스 빌,,일반건축물,단독주택,"다중주택, 제2종근린생활시설",107.78,63.76,215.37,20180627,4,0,서울특별시 성북구 정릉동 16-347번지
11290,13300,0,0016,0348,,,일반건축물,단독주택,주택,0,0,173.34,19870930,2,1,서울특별시 성북구 정릉동 16-348번지
11290,13300,0,0016,0349,,,일반건축물,단독주택,다가구용단독주택(4가구),116,67.57,254.28,19971014,3,1,서울특별시 성북구 정릉동 16-349번지
11290,13300,0,0016,0350,,,일반건축물,단독주택,다가구용단독주택(5가구),219,75.84,296.16,19970722,3,1,서울특별시 성북구 정릉동 16-350번지
11290,13300,0,0016,0351,,,일반건축물,단독주택,단독주택,0,0,157.92,19910208,2,1,서울특별시 성북구 정릉동 16-351번지
11290,13300,0,0016,0352,,,일반건축물,단독주택,다가구용단독주택(4가구),0,0,188.54,19901011,2,1,서울특별시 성북구 정릉동 16-352번지
11290,13300,0,0016,0353,,,일반건축물,단독주택,단독주택,0,0,195,19920707,2,1,서울특별시 성북구 정릉동 16-353번지
11290,13300,0,0016,0354,,,일반건축물,단독주택,단독주택,0,0,194.79,19920629,2,1,서울특별시 성북구 정릉동 16-354번지
11290,13300,0,0016,0355,,,일반건축물,단독주택,다가구용단독주택(3가구),0,0,198.15,19920711,2,1,서울특별시 성북구 정릉동 16-355번지
11290,13300,0,0016,0356,,,일반건축물,단독주택,다가구용단독주택(5가구),0,0,182.64,19910914,2,1,서울특별시 성북구 정릉동 16-356번지
11290,13300,0,0016,0357,,,일반건축물,단독주택,주택,0,0,61.69,,1,0,서울특별시 성북구 정릉동 16-357번지
11290,13300,0,0016,0358,,,표제부,공동주택,다세대주택,112,66.9,176.25,19901112,2,1,서울특별시 성북구 정릉동 16-358번지
11290,13300,0,0016,0359,,,일반건축물,단독주택,다가구용단독주택(4가구),0,0,180.56,19901106,2,1,서울특별시 성북구 정릉동 16-359번지
11290,13300,0,0016,0360,,,일반건축물,단독주택,다가구용단독주택(4가구),0,0,161.4,19900618,3,1,서울특별시 성북구 정릉동 16-360번지
11290,13300,0,0016,0361,,,일반건축물,단독주택,주택,0,0,196.84,19851010,2,1,서울특별시 성북구 정릉동 16-361번지
11290,13300,0,0016,0362,,,일반건축물,단독주택,다가구용단독주택(3가구),112,66.96,186.76,19930527,2,1,서울특별시 성북구 정릉동 16-362번지
11290,13300,0,0016,0363,,,일반건축물,단독주택,다가구용단독주택(4가구),0,0,198.36,19910625,2,1,서울특별시 성북구 정릉동 16-363번지
11290,13300,0,0016,0364,,,일반건축물,단독주택,단독주택,0,0,195.28,19900824,2,1,서울특별시 성북구 정릉동 16-364번지
11290,13300,0,0016,0365,,,일반건축물,단독주택,주택,0,0,66.81,19700727,1,0,서울특별시 성북구 정릉동 16-365번지
11290,13300,0,0016,0366,,,일반건축물,제1종근린생활시설,"제1종근린생활시설, 주택",102,60.11,206.27,19970419,3,1,서울특별시 성북구 정릉동 16-366번지
11290,13300,0,0016,0367,,,일반건축물,단독주택,"주택, 점포",0,0,170.56,19820908,3,1,서울특별시 성북구 정릉동 16-367번지
11290,13300,0,0016,0368,,,일반건축물,단독주택,근린생활시설및다가구주택,86,51.3,287.06,19940418,5,1,서울특별시 성북구 정릉동 16-368번지
11290,13300,0,0016,0369,,,일반건축물,단독주택,주택,0,0,61.58,,1,0,서울특별시 성북구 정릉동 16-369번지
11290,13300,0,0016,0370,정릉동 16-370  다세대주택,,표제부,공동주택,다세대주택,102,54.32,122.14,20241226,3,0,서울특별시 성북구 정릉동 16-370번지
11290,13300,0,0016,0371,,,일반건축물,단독주택,"근린생활시설, 주택, 창고",99,58.81,292.97,19940421,4,1,서울특별시 성북구 정릉동 16-371번지
11290,13300,0,0016,0372,,,일반건축물,단독주택,다가구주택(3가구),96,54.87,153.09,19960706,2,1,서울특별시 성북구 정릉동 16-372번지
11290,13300,0,0016,0378,,,일반건축물,단독주택,주택,0,0,168.45,19890819,2,1,서울특별시 성북구 정릉동 16-378번지
11290,13300,0,0016,0379,,,일반건축물,단독주택,주택,0,0,155.25,19890720,2,1,서울특별시 성북구 정릉동 16-379번지
11290,13300,0,0016,0380,,,일반건축물,제2종근린생활시설,제2종근린생활시설,79,76.16,126.65,,3,0,서울특별시 성북구 정릉동 16-380번지
11290,13300,0,0016,0381,,,일반건축물,단독주택,다가구용단독주택(4가구),0,0,165.57,19910409,2,1,서울특별시 성북구 정릉동 16-381번지
11290,13300,0,0016,0382,,,일반건축물,단독주택,주택,122,71.37,213.94,19890726,3,1,서울특별시 성북구 정릉동 16-382번지
11290,13300,0,0016,0384,,,일반건축물,단독주택,주택,0,0,26.51,19611231,1,0,서울특별시 성북구 정릉동 16-384번지
11290,13300,0,0016,0390,,,일반건축물,단독주택,주택,0,0,84.78,19710630,2,1,서울특별시 성북구 정릉동 16-390번지
11290,13300,0,0016,0392,,,일반건축물,단독주택,"주택, 점포",0,0,62.54,19710622,2,1,서울특별시 성북구 정릉동 16-392번지
11290,13300,0,0016,0393,,,일반건축물,단독주택,주택,30,0,19.47,19840912,1,0,서울특별시 성북구 정릉동 16-393번지
11290,13300,0,0016,0397,,,일반건축물,단독주택,주택,0,0,25.06,19611001,1,0,서울특별시 성북구 정릉동 16-397번지
11290,13300,0,0016,0402,,,일반건축물,단독주택,다가구용단독주택(4가구),0,0,211.2,19911009,2,1,서울특별시 성북구 정릉동 16-402번지
11290,13300,0,0016,0406,,,일반건축물,단독주택,주택,22.98,0,12.4,19831129,1,0,서울특별시 성북구 정릉동 16-406번지
11290,13300,0,0016,0407,,,일반건축물,단독주택,주택,19.47,0,15.35,19840123,1,0,서울특별시 성북구 정릉동 16-407번지
11290,13300,0,0016,0442,,,일반건축물,제1종근린생활시설,제1종근린생활시설,0,0,121.78,19910802,2,1,서울특별시 성북구 정릉동 16-442번지
11290,13300,0,0016,0443,,,일반건축물,단독주택,다가구용단독주택(5가구),91.96,53.36,149.9,19940714,2,1,서울특별시 성북구 정릉동 16-443번지
11290,13300,0,0016,0446,,,일반건축물,단독주택,다가구용단독주택(4가구),80.14,53.63,140.67,19930624,2,1,서울특별시 성북구 정릉동 16-446번지
11290,13300,0,0016,0447,,,일반건축물,단독주택,다가구용단독주택(5가구),90.43,54.19,199.86,19940811,3,1,서울특별시 성북구 정릉동 16-447번지
11290,13300,0,0016,0448,,,표제부,제2종근린생활시설,제2종근린생활시설,155,125.55,736.68,20040813,5,1,서울특별시 성북구 정릉동 16-448번지
11290,13300,0,0016,0449,,,일반건축물,제2종근린생활시설,근린생활시설,0,0,134.61,19620210,1,1,서울특별시 성북구 정릉동 16-449번지
11290,13300,0,0016,0450,,,일반건축물,단독주택,주택,0,0,46.41,19590307,1,0,서울특별시 성북구 정릉동 16-450번지
11290,13300,0,0016,0451,,,일반건축물,단독주택,단독주택,0,0,158.04,19910109,2,1,서울특별시 성북구 정릉동 16-451번지
11290,13300,0,0016,0452,,,일반건축물,단독주택,주택,0,0,46.88,19600713,1,0,서울특별시 성북구 정릉동 16-452번지
11290,13300,0,0016,0453,,,일반건축물,단독주택,주택,0,0,53.16,19600621,1,0,서울특별시 성북구 정릉동 16-453번지
11290,13300,0,0016,0454,,,일반건축물,단독주택,주택,0,0,59.87,19600621,1,0,서울특별시 성북구 정릉동 16-454번지
11290,13300,0,0016,0455,,,일반건축물,단독주택,주택,0,0,57.92,19600621,1,0,서울특별시 성북구 정릉동 16-455번지
11290,13300,0,0016,0456,,,일반건축물,단독주택,"주택, 근린생활시설",106.72,63.74,199.71,19890613,2,1,서울특별시 성북구 정릉동 16-456번지
11290,13300,0,0016,0458,,,일반건축물,단독주택,주택,0,0,18.18,19600503,1,0,서울특별시 성북구 정릉동 16-458번지
11290,13300,0,0016,0482,,,일반건축물,제1종근린생활시설,"근린샐활시설, 주택",69,38.28,64.32,19950517,2,0,서울특별시 성북구 정릉동 16-482번지
11290,13300,0,0016,0486,,,일반건축물,의료시설,의료시설(병원),621,273.07,1637.14,19881228,5,1,서울특별시 성북구 정릉동 16-486번지
11290,13300,0,0016,0488,,,일반건축물,제1종근린생활시설,근린생활시설,0,0,253.06,19771214,3,1,서울특별시 성북구 정릉동 16-488번지
11290,13300,0,0016,0498,,,일반건축물,단독주택,주택,0,0,245.27,19900529,2,1,서울특별시 성북구 정릉동 16-498번지
11290,13300,0,0016,0499,,,일반건축물,단독주택,주택,0,0,199.23,19871118,3,1,서울특별시 성북구 정릉동 16-499번지
11290,13300,0,0016,0503,,,표제부,공동주택,다세대주택,286,171.07,748.31,20081208,4,1,서울특별시 성북구 정릉동 16-503번지
11290,13300,0,0016,0504,,,표제부,공동주택,연립주택(14세대),374.44,212,906.92,19961009,4,1,서울특별시 성북구 정릉동 16-504번지
11290,13300,0,0016,0505,,,표제부,공동주택,연립주택(15세대),484.69,249.57,1034.16,19960925,4,1,서울특별시 성북구 정릉동 16-505번지
11290,13300,0,0016,0506,,,표제부,공동주택,다세대주택(10세대),421.65,159.47,648.01,19960925,4,1,서울특별시 성북구 정릉동 16-506번지
11290,13300,0,0016,0512,정릉동 병원,,일반건축물,의료시설,의료시설,1054,526.62,3635.88,20051118,8,2,서울특별시 성북구 정릉동 16-512번지
11290,13300,0,0016,0515,청수빌라,,표제부,공동주택,다세대주택,173,103.5,343.66,20090112,5,0,서울특별시 성북구 정릉동 16-515번지
11290,13300,0,0016,0516,운영house,,일반건축물,단독주택,단독주택(다중주택),156,77.76,299.32,20181002,3,1,서울특별시 성북구 정릉동 16-516번지
11290,13300,0,0024,0005,,,일반건축물,단독주택,다가구용단독주택(4가구),0,0,167.16,19910919,2,1,서울특별시 성북구 정릉동 24-5번지
11290,13300,0,0024,0006,,,일반건축물,단독주택,"다가구주택, 근린생활시설",228.48,136,482.77,20011227,5,0,서울특별시 성북구 정릉동 24-6번지
11290,13300,0,0024,0007,,,표제부,공동주택,다세대주택(8세대),0,92.7,370.8,19920318,3,1,서울특별시 성북구 정릉동 24-7번지
11290,13300,0,0024,0008,,,일반건축물,제1종근린생활시설,근린생활시설,0,0,357.41,19880906,3,1,서울특별시 성북구 정릉동 24-8번지
11290,13300,0,0024,0009,,,일반건축물,단독주택,주택,0,0,226.59,19870618,2,1,서울특별시 성북구 정릉동 24-9번지
11290,13300,0,0024,0010,,,일반건축물,단독주택,주택,0,0,115.97,19680310,1,0,서울특별시 성북구 정릉동 24-10번지
11290,13300,0,0024,0011,,,일반건축물,제1종근린생활시설,"근린생활시설, 주택",0,0,357.72,19900912,3,1,서울특별시 성북구 정릉동 24-11번지
11290,13300,0,0024,0017,,,표제부,공동주택,다세대주택(8세대),0,104.48,391.57,19920715,3,1,서울특별시 성북구 정릉동 24-17번지
11290,13300,0,0024,0018,,,표제부,공동주택,다세대주택(8세대),0,84.83,331.12,19920318,3,1,서울특별시 성북구 정릉동 24-18번지
11290,13300,0,0024,0019,,,일반건축물,단독주택,다가구용단독주택(7가구),188,107.09,418.88,19960626,3,1,서울특별시 성북구 정릉동 24-19번지
11290,13300,0,0024,0022,,,일반건축물,단독주택,주택,0,0,20.66,19641222,1,0,서울특별시 성북구 정릉동 24-22번지
11290,13300,0,0024,0023,,,일반건축물,단독주택,주택,0,0,26.45,19661201,1,0,서울특별시 성북구 정릉동 24-23번지
11290,13300,0,0024,0024,,,일반건축물,단독주택,주택,0,0,35.64,19750429,1,0,서울특별시 성북구 정릉동 24-24번지
11290,13300,0,0024,0024,,,일반건축물,단독주택,주택,0,0,46.91,19750429,1,1,서울특별시 성북구 정릉동 24-24번지
11290,13300,0,0024,0025,,,표제부,공동주택,다세대주택,107.75,55.36,148.28,19931125,2,1,서울특별시 성북구 정릉동 24-25번지
11290,13300,0,0024,0026,,,표제부,공동주택,다세대주택,0,80.46,236.58,19871124,2,1,서울특별시 성북구 정릉동 24-26번지
11290,13300,0,0024,0027,,,표제부,공동주택,다세대주택,0,67.52,202.56,19860721,2,1,서울특별시 성북구 정릉동 24-27번지
11290,13300,0,0024,0028,,,일반건축물,단독주택,주택,0,0,118.78,19860628,2,1,서울특별시 성북구 정릉동 24-28번지
11290,13300,0,0024,0029,,,일반건축물,단독주택,단독주택,0,0,246.78,19910126,2,1,서울특별시 성북구 정릉동 24-29번지
11290,13300,0,0024,0030,,,일반건축물,단독주택,주택,0,0,115.64,19831219,3,1,서울특별시 성북구 정릉동 24-30번지
11290,13300,0,0024,0031,,,일반건축물,단독주택,주택,0,0,148.56,19840629,2,1,서울특별시 성북구 정릉동 24-31번지
11290,13300,0,0024,0033,,,일반건축물,단독주택,주택,0,0,32.07,19570809,1,0,서울특별시 성북구 정릉동 24-33번지
11290,13300,0,0024,0035,,,일반건축물,단독주택,주택,105.6,0,58.46,19850630,1,0,서울특별시 성북구 정릉동 24-35번지
11290,13300,0,0024,0036,,,일반건축물,단독주택,주택,165,0,89.98,19850630,1,0,서울특별시 성북구 정릉동 24-36번지
11290,13300,0,0024,0037,,,일반건축물,단독주택,주택,121.16,0,54.77,19841221,1,0,서울특별시 성북구 정릉동 24-37번지
11290,13300,0,0024,0039,,,일반건축물,단독주택,주택,89,0,41.33,19850630,1,0,서울특별시 성북구 정릉동 24-39번지
11290,13300,0,0024,0040,,,일반건축물,단독주택,단독주택,0,0,178.86,19881115,2,1,서울특별시 성북구 정릉동 24-40번지
11290,13300,0,0024,0041,,,일반건축물,단독주택,다가구용단독주택(4가구),105.08,62.26,149.82,19930921,2,1,서울특별시 성북구 정릉동 24-41번지
11290,13300,0,0024,0042,,,일반건축물,단독주택,다가구용단독주택,78,46.74,117.23,19971031,2,1,서울특별시 성북구 정릉동 24-42번지
11290,13300,0,0024,0053,,,표제부,공동주택,다세대주택,0,45.57,134.68,19890607,2,1,서울특별시 성북구 정릉동 24-53번지
11290,13300,0,0024,0054,,,일반건축물,단독주택,주택,0,0,31.08,19830816,1,0,서울특별시 성북구 정릉동 24-54번지
11290,13300,0,0024,0055,,,일반건축물,단독주택,단독주택,72.65,42.96,73.85,20020207,2,0,서울특별시 성북구 정릉동 24-55번지
11290,13300,0,0024,0056,,,일반건축물,단독주택,주택,46.2,0,24.78,19850630,1,0,서울특별시 성북구 정릉동 24-56번지
11290,13300,0,0024,0057,,,일반건축물,단독주택,단독주택,89,39.72,39.72,19850630,1,0,서울특별시 성북구 정릉동 24-57번지
11290,13300,0,0029,0000,,,일반건축물,단독주택,주택,0,0,27.44,19560301,1,0,서울특별시 성북구 정릉동 29번지
11290,13300,0,0029,0000,,,일반건축물,단독주택,주택,0,0,22.48,19580310,1,0,서울특별시 성북구 정릉동 29번지
11290,13300,0,0029,0000,,,일반건축물,단독주택,주택,0,0,20.83,19560901,1,0,서울특별시 성북구 정릉동 29번지
11290,13300,0,0029,0000,,,일반건축물,단독주택,주택,0,0,31.07,19560310,1,0,서울특별시 성북구 정릉동 29번지
11290,13300,0,0033,0000,,,일반건축물,단독주택,주택,0,0,34.38,19551020,1,0,서울특별시 성북구 정릉동 33번지
11290,13300,0,0042,0002,,,일반건축물,자동차관련시설,자동차관련시설(차고),916,147.66,147.66,19850722,1,0,서울특별시 성북구 정릉동 42-2번지
11290,13300,0,0042,0003,,,일반건축물,단독주택,단독주택,84.02,50.38,114.3,20090616,2,1,서울특별시 성북구 정릉동 42-3번지
11290,13300,0,0042,0004,,,일반건축물,단독주택,다가구용단독주택(2가구),94.56,55.89,171.57,19950613,2,1,서울특별시 성북구 정릉동 42-4번지
11290,13300,0,0042,0005,,,일반건축물,단독주택,"다가구주택(2가구), 근린생활시설",109,65.33,234.78,19950509,3,1,서울특별시 성북구 정릉동 42-5번지
11290,13300,0,0042,0013,예은빌라트,,표제부,공동주택,공동주택(다세대주택),250,148.18,678.92,20081117,4,1,서울특별시 성북구 정릉동 42-13번지
11290,13300,0,0044,0040,,,일반건축물,단독주택,주택,0,0,26.21,19700619,1,0,서울특별시 성북구 정릉동 44-40번지
11290,13300,0,0045,0013,,,일반건축물,제1종근린생활시설,근린생활시설,0,0,68.42,19711105,2,0,서울특별시 성북구 정릉동 45-13번지
11290,13300,0,0045,0019,,,일반건축물,단독주택,주택,0,0,110.58,19721206,2,0,서울특별시 성북구 정릉동 45-19번지
11290,13300,0,0045,0020,,,일반건축물,제2종근린생활시설,근린생활시설,218.84,126.35,617.15,20050901,5,0,서울특별시 성북구 정릉동 45-20번지
11290,13300,0,0045,0036,,,일반건축물,단독주택,다가구주택,0,0,121.68,19790620,2,1,서울특별시 성북구 정릉동 45-36번지
11290,13300,0,0045,0039,,,일반건축물,제2종근린생활시설,"제2종근린생활시설, 주택",0,0,292.14,19830825,3,1,서울특별시 성북구 정릉동 45-39번지
11290,13300,0,0045,0056,,,일반건축물,단독주택,주택,0,0,117.65,19790202,2,1,서울특별시 성북구 정릉동 45-56번지
11290,13300,0,0045,0057,,,일반건축물,단독주택,"주택, 대피소, 점포, 근생",0,0,203.88,19700620,2,1,서울특별시 성북구 정릉동 45-57번지
11290,13300,0,0045,0072,,,일반건축물,제1종근린생활시설,근린생활시설/주택,212,126,423.87,20000523,4,0,서울특별시 성북구 정릉동 45-72번지
11290,13300,0,0045,0118,,,일반건축물,단독주택,주택,159,0,50.24,19850630,1,0,서울특별시 성북구 정릉동 45-118번지
11290,13300,0,0075,0120,,,일반건축물,단독주택,다가구용단독주택(3가구),67.96,49.18,116.1,19940208,2,1,서울특별시 성북구 정릉동 75-120번지
11290,13300,0,0079,0002,,,일반건축물,단독주택,주택,0,0,72.73,,1,0,서울특별시 성북구 정릉동 79-2번지
11290,13300,0,0089,0008,,,일반건축물,단독주택,주택,0,0,66.12,,1,0,서울특별시 성북구 정릉동 89-8번지
11290,13300,0,0097,0042,,,일반건축물,단독주택,주택,0,0,55.27,,1,0,서울특별시 성북구 정릉동 97-42번지
11290,13300,0,0104,0001,,,일반건축물,단독주택,주택,0,0,51.01,19661027,1,0,서울특별시 성북구 정릉동 104-1번지
11290,13300,0,0105,0002,,,일반건축물,제1종근린생활시설,근린생활시설,99,58.28,197.43,20181213,4,0,서울특별시 성북구 정릉동 105-2번지
11290,13300,0,0106,0000,,,일반건축물,단독주택,주택,0,0,29.75,19580801,2,0,서울특별시 성북구 정릉동 106번지
11290,13300,0,0106,0000,,,일반건축물,제2종근린생활시설,근린생활시설,0,0,52.89,19401003,1,0,서울특별시 성북구 정릉동 106번지
11290,13300,0,0106,0002,,,일반건축물,제1종근린생활시설,근린생활시설,0,0,39.67,,1,0,서울특별시 성북구 정릉동 106-2번지
11290,13300,0,0106,0003,,,일반건축물,제1종근린생활시설,제1종근린생활시설,253,126.27,505.91,19920129,3,1,서울특별시 성북구 정릉동 106-3번지
11290,13300,0,0106,0006,정릉 가온채,,표제부,공동주택,공동주택(다세대주택) 및 근린생활시설,209.17,123.48,466.67,20210910,5,0,서울특별시 성북구 정릉동 106-6번지
11290,13300,0,0106,0007,,,일반건축물,제2종근린생활시설,"주택,근린생활시설",0,0,36.36,,1,0,서울특별시 성북구 정릉동 106-7번지
11290,13300,0,0107,0000,,,일반건축물,단독주택,주택,0,0,95.87,19401201,1,0,서울특별시 성북구 정릉동 107번지
11290,13300,0,0107,0001,,,일반건축물,제1종근린생활시설,"근린생활시설, 주택",0,0,225.98,19701205,3,1,서울특별시 성북구 정릉동 107-1번지
11290,13300,0,0107,0001,,,일반건축물,단독주택,주택,0,0,49.59,19401201,1,0,서울특별시 성북구 정릉동 107-1번지
11290,13300,0,0107,0015,,,일반건축물,제2종근린생활시설,"근린시설, 주택",212,126.84,654.06,19941215,4,1,서울특별시 성북구 정릉동 107-15번지
11290,13300,0,0107,0017,,,일반건축물,제1종근린생활시설,근린생활시설,53,29.75,29.75,19401003,1,0,서울특별시 성북구 정릉동 107-17번지
11290,13300,0,0107,0018,,,일반건축물,단독주택,주택,0,0,19.83,19401003,1,0,서울특별시 성북구 정릉동 107-18번지
11290,13300,0,0107,0019,,,일반건축물,단독주택,주택,0,0,26.45,19401003,1,0,서울특별시 성북구 정릉동 107-19번지
11290,13300,0,0107,0020,,,일반건축물,제2종근린생활시설,제2종근린생활시설(일반음식점),55,32.78,65.56,20111208,2,0,서울특별시 성북구 정릉동 107-20번지
11290,13300,0,0107,0021,,,일반건축물,단독주택,주택,0,0,33.06,19401003,1,0,서울특별시 성북구 정릉동 107-21번지
11290,13300,0,0107,0022,,,일반건축물,단독주택,주택,0,0,29.75,,1,0,서울특별시 성북구 정릉동 107-22번지
11290,13300,0,0107,0023,,,일반건축물,제1종근린생활시설,근린생활시설,119,59.07,183.79,19860825,2,1,서울특별시 성북구 정릉동 107-23번지
11290,13300,0,0107,0025,,,일반건축물,제2종근린생활시설,제2종근린생활시설,0,0,26.45,,1,0,서울특별시 성북구 정릉동 107-25번지
11290,13300,0,0107,0026,,,일반건축물,제2종근린생활시설,제2종근린생활시설,0,0,33.06,,1,0,서울특별시 성북구 정릉동 107-26번지
11290,13300,0,0107,0027,,,일반건축물,단독주택,"주택, 근린생활시설",63,52.05,89.34,19401003,2,0,서울특별시 성북구 정릉동 107-27번지
11290,13300,0,0107,0028,,,일반건축물,단독주택,주택,53,0,31.24,19951206,1,0,서울특별시 성북구 정릉동 107-28번지
11290,13300,0,0107,0030,,,일반건축물,단독주택,"근린생활시설, 단독주택(1가구)",93,55.44,166.32,19970604,3,0,서울특별시 성북구 정릉동 107-30번지
11290,13300,0,0107,0031,,,일반건축물,단독주택,"제1,2종근린생활시설 및 단독주택",115,68.9,229.67,20041028,4,0,서울특별시 성북구 정릉동 107-31번지
11290,13300,0,0107,0032,,,일반건축물,제2종근린생활시설,주택,0,0,19.83,19401003,1,0,서울특별시 성북구 정릉동 107-32번지
11290,13300,0,0107,0033,,,일반건축물,제1종근린생활시설,"근린생활시설, 교육연구시설",797,393,1814.2,19890204,4,1,서울특별시 성북구 정릉동 107-33번지
11290,13300,0,0108,0001,,,일반건축물,제1종근린생활시설,"영업소, 창고",0,0,145.44,19401003,2,0,서울특별시 성북구 정릉동 108-1번지
11290,13300,0,0109,0002,,,일반건축물,제1종근린생활시설,근린생활시설,0,0,486.66,19870921,3,1,서울특별시 성북구 정릉동 109-2번지
11290,13300,0,0109,0005,,,일반건축물,단독주택,주택,0,0,9.92,19611215,1,0,서울특별시 성북구 정릉동 109-5번지
11290,13300,0,0109,0020,,,일반건축물,단독주택,주택,0,0,172.04,19801016,2,1,서울특별시 성북구 정릉동 109-20번지
11290,13300,0,0109,0021,,,일반건축물,단독주택,주택,0,0,237.81,19691201,2,1,서울특별시 성북구 정릉동 109-21번지
11290,13300,0,0109,0024,석림 complex,,일반건축물,업무시설,업무시설,379,226.14,1035.27,20230828,5,1,서울특별시 성북구 정릉동 109-24번지
11290,13300,0,0109,0025,,,일반건축물,단독주택,단독주택,354,123.92,399.87,,3,1,서울특별시 성북구 정릉동 109-25번지
11290,13300,0,0109,0026,,,표제부,공동주택,다세대주택,0,80.74,242.22,19861029,2,1,서울특별시 성북구 정릉동 109-26번지
11290,13300,0,0109,0027,,,일반건축물,단독주택,단독주택,0,0,185.2,19870424,2,1,서울특별시 성북구 정릉동 109-27번지
11290,13300,0,0109,0028,,,일반건축물,단독주택,주택,150,77.97,189.86,19821218,3,1,서울특별시 성북구 정릉동 109-28번지
11290,13300,0,0109,0030,,,표제부,공동주택,다세대주택,0,149.4,649.8,19910107,3,1,서울특별시 성북구 정릉동 109-30번지
11290,13300,0,0109,0031,,,표제부,공동주택,다세대주택,0,144.16,598.76,19910623,3,1,서울특별시 성북구 정릉동 109-31번지
11290,13300,0,0109,0084,,,일반건축물,단독주택,주택,0,0,148.08,19801008,2,1,서울특별시 성북구 정릉동 109-84번지
11290,13300,0,0109,0091,,,일반건축물,단독주택,주택,0,0,271.03,19840621,2,1,서울특별시 성북구 정릉동 109-91번지
11290,13300,0,0109,0092,,,일반건축물,단독주택,다가구용단독주택(5가구),0,0,248.63,19921123,2,2,서울특별시 성북구 정릉동 109-92번지
11290,13300,0,0109,0093,,,표제부,공동주택,다세대주택,0,78.06,235.98,19861028,2,1,서울특별시 성북구 정릉동 109-93번지
11290,13300,0,0110,0000,,,일반건축물,단독주택,주택,0,0,26.45,19590828,1,0,서울특별시 성북구 정릉동 110번지
11290,13300,0,0110,0004,,,일반건축물,단독주택,주택,0,0,37.22,19490510,1,0,서울특별시 성북구 정릉동 110-4번지
11290,13300,0,0110,0012,,,일반건축물,단독주택,주택,0,0,56.2,19590815,1,0,서울특별시 성북구 정릉동 110-12번지
11290,13300,0,0110,0013,,,일반건축물,단독주택,주택,0,0,27.11,19571020,1,0,서울특별시 성북구 정릉동 110-13번지
11290,13300,0,0110,0013,,,일반건축물,단독주택,주택,0,0,38.48,19690402,1,0,서울특별시 성북구 정릉동 110-13번지
11290,13300,0,0110,0019,,,일반건축물,제1종근린생활시설,"근린생활시설, 주택",162,80.17,309.71,19820913,3,1,서울특별시 성북구 정릉동 110-19번지
11290,13300,0,0110,0020,,,일반건축물,단독주택,주택,0,0,36.36,19581129,1,0,서울특별시 성북구 정릉동 110-20번지
11290,13300,0,0110,0022,,,일반건축물,제1종근린생활시설,점포,0,0,104.66,19680430,2,0,서울특별시 성북구 정릉동 110-22번지
11290,13300,0,0110,0025,,,일반건축물,단독주택,주택,0,0,62.39,19590603,1,0,서울특별시 성북구 정릉동 110-25번지
11290,13300,0,0110,0026,,,일반건축물,제1종근린생활시설,"근린생활시설, 주택",0,0,170.54,19901208,2,1,서울특별시 성북구 정릉동 110-26번지
11290,13300,0,0110,0031,,,일반건축물,단독주택,주택,0,0,48.66,,1,0,서울특별시 성북구 정릉동 110-31번지
11290,13300,0,0110,0032,,,일반건축물,단독주택,"단독주택,근린생활시설",149,85.86,279.51,19830322,3,1,서울특별시 성북구 정릉동 110-32번지
11290,13300,0,0110,0036,,,일반건축물,제1종근린생활시설,"근린생활시설, 주택",0,0,200.75,19921221,3,1,서울특별시 성북구 정릉동 110-36번지
11290,13300,0,0110,0038,,,표제부,공동주택,"다세대주택(3),근린생활시설(3)",133.53,79.43,484.29,20020826,7,0,서울특별시 성북구 정릉동 110-38번지
11290,13300,0,0110,0039,,,일반건축물,제2종근린생활시설,"제1,2종근린생활시설",109.9,61.5,222.16,19951123,3,1,서울특별시 성북구 정릉동 110-39번지
11290,13300,0,0110,0040,,,일반건축물,단독주택,"주택, 근린생활시설",0,0,115.25,19671019,2,1,서울특별시 성북구 정릉동 110-40번지
11290,13300,0,0110,0041,,,일반건축물,제1종근린생활시설,제1종근린생활시설,84,64.8,64.8,20150115,1,0,서울특별시 성북구 정릉동 110-41번지
11290,13300,0,0110,0042,선영빌딩,,일반건축물,제2종근린생활시설,근린생활시설 및 단독주택,304,160.14,860.22,20070523,6,0,서울특별시 성북구 정릉동 110-42번지
11290,13300,0,0110,0043,,,일반건축물,제2종근린생활시설,근린생활시설,49.5,0,29.61,19831024,1,0,서울특별시 성북구 정릉동 110-43번지
11290,13300,0,0111,0000,,,일반건축물,단독주택,주택,0,0,23.14,19570710,1,0,서울특별시 성북구 정릉동 111번지
11290,13300,0,0111,0000,,,일반건축물,단독주택,주택,0,0,68.1,19570710,1,0,서울특별시 성북구 정릉동 111번지
11290,13300,0,0111,0001,,,일반건축물,단독주택,다가구용단독주택(3가구),83.16,51.12,152.18,19960925,2,1,서울특별시 성북구 정릉동 111-1번지
11290,13300,0,0111,0020,,,일반건축물,단독주택,"단독주택, 근린생활시설",76,56.78,237.37,19920523,4,1,서울특별시 성북구 정릉동 111-20번지
11290,13300,0,0111,0021,,,일반건축물,단독주택,다가구용단독주택(4가구),79.9,51.3,149,19930614,2,1,서울특별시 성북구 정릉동 111-21번지
11290,13300,0,0111,0022,,,일반건축물,단독주택,주택,0,0,33.06,19401003,1,0,서울특별시 성북구 정릉동 111-22번지
11290,13300,0,0111,0023,,,일반건축물,단독주택,다가구용단독주택(2가구),85.25,60.16,119.83,19950817,2,1,서울특별시 성북구 정릉동 111-23번지
11290,13300,0,0111,0025,,,일반건축물,단독주택,주택,0,0,26.45,,1,0,서울특별시 성북구 정릉동 111-25번지
11290,13300,0,0111,0027,,,일반건축물,제2종근린생활시설,제2종근린생활시설,143.5,85.4,381.75,19970609,4,1,서울특별시 성북구 정릉동 111-27번지
11290,13300,0,0111,0029,,,일반건축물,단독주택,다가구용단독주택(3가구),145.59,87.28,299.37,19930902,3,1,서울특별시 성북구 정릉동 111-29번지
11290,13300,0,0111,0034,,,일반건축물,단독주택,주택,0,0,36.36,,1,0,서울특별시 성북구 정릉동 111-34번지
11290,13300,0,0111,0035,,,일반건축물,단독주택,주택,0,0,36.36,,1,0,서울특별시 성북구 정릉동 111-35번지
11290,13300,0,0111,0036,,,일반건축물,단독주택,"제1종근린생활시설, 다가구용단독주택(2가구)",104,62.37,249,19940818,3,1,서울특별시 성북구 정릉동 111-36번지
11290,13300,0,0111,0048,,,일반건축물,단독주택,다가구용단독주택(4가구),119.06,70.24,193.48,19981110,2,1,서울특별시 성북구 정릉동 111-48번지
11290,13300,0,0111,0049,,,일반건축물,단독주택,다가구용단독주택(3가구),96.7,54.46,119.67,19961231,2,1,서울특별시 성북구 정릉동 111-49번지
11290,13300,0,0111,0050,,,일반건축물,단독주택,주택,0,0,16.53,19401003,1,0,서울특별시 성북구 정릉동 111-50번지
11290,13300,0,0111,0051,정릉빌딩,,일반건축물,제2종근린생활시설,근린생활시설,60.5,29.98,89.94,20080311,3,0,서울특별시 성북구 정릉동 111-51번지
11290,13300,0,0111,0052,,,일반건축물,단독주택,주택,0,0,26.45,,1,0,서울특별시 성북구 정릉동 111-52번지
11290,13300,0,0111,0053,,,일반건축물,단독주택,주택,0,0,45.62,19581104,1,0,서울특별시 성북구 정릉동 111-53번지
11290,13300,0,0111,0055,,,일반건축물,단독주택,다가구용단독주택(3가구),93,49.61,115.81,19941101,2,1,서울특별시 성북구 정릉동 111-55번지
11290,13300,0,0111,0056,,,일반건축물,단독주택,주택,0,0,27.11,,1,0,서울특별시 성북구 정릉동 111-56번지
11290,13300,0,0111,0057,,,일반건축물,단독주택,주택,0,0,26.45,19590602,1,0,서울특별시 성북구 정릉동 111-57번지
11290,13300,0,0111,0058,,,일반건축물,단독주택,다가구용단독주택(2가구),76.2,44.64,132.66,20001009,3,0,서울특별시 성북구 정릉동 111-58번지
11290,13300,0,0111,0059,,,일반건축물,단독주택,주택,0,0,29.75,,1,0,서울특별시 성북구 정릉동 111-59번지
11290,13300,0,0111,0060,,,일반건축물,단독주택,주택,0,0,26.45,19401003,1,0,서울특별시 성북구 정릉동 111-60번지
11290,13300,0,0111,0061,,,일반건축물,단독주택,주택,0,0,29.75,,1,0,서울특별시 성북구 정릉동 111-61번지
11290,13300,0,0111,0062,,,일반건축물,단독주택,주택,0,0,45.22,19710622,1,1,서울특별시 성북구 정릉동 111-62번지
11290,13300,0,0111,0065,,,일반건축물,단독주택,주택,0,0,29.75,19401003,1,0,서울특별시 성북구 정릉동 111-65번지
11290,13300,0,0111,0067,,,일반건축물,단독주택,"주택, 근린생활시설",145,81.2,299.01,19980917,3,1,서울특별시 성북구 정릉동 111-67번지
11290,13300,0,0111,0068,,,일반건축물,단독주택,주택,0,0,42.98,,1,0,서울특별시 성북구 정릉동 111-68번지
11290,13300,0,0111,0069,,,일반건축물,단독주택,주택,0,0,28.43,19600723,1,0,서울특별시 성북구 정릉동 111-69번지
11290,13300,0,0111,0070,,,일반건축물,단독주택,주택,0,0,33.32,19641002,1,0,서울특별시 성북구 정릉동 111-70번지
11290,13300,0,0111,0076,,,일반건축물,단독주택,주택,33,0,25.87,19850121,1,0,서울특별시 성북구 정릉동 111-76번지
11290,13300,0,0112,0000,,,일반건축물,단독주택,주택,0,0,29.75,,1,0,서울특별시 성북구 정릉동 112번지
11290,13300,0,0112,0000,,,일반건축물,단독주택,주택,0,0,28.43,19540723,1,0,서울특별시 성북구 정릉동 112번지
11290,13300,0,0112,0000,,,일반건축물,단독주택,주택,0,0,39.67,19471101,1,0,서울특별시 성북구 정릉동 112번지
11290,13300,0,0112,0000,,,일반건축물,단독주택,주택,0,0,19.83,19401003,1,0,서울특별시 성북구 정릉동 112번지
11290,13300,0,0112,0005,,,일반건축물,단독주택,주택,0,0,41.98,19591008,1,0,서울특별시 성북구 정릉동 112-5번지
11290,13300,0,0112,0015,,,일반건축물,단독주택,주택,0,0,37.49,19650622,1,0,서울특별시 성북구 정릉동 112-15번지
11290,13300,0,0112,0022,,,일반건축물,단독주택,주택,0,0,71.71,19680726,1,1,서울특별시 성북구 정릉동 112-22번지
11290,13300,0,0112,0026,,,일반건축물,단독주택,다가구단독주택(3가구),126,75.51,218.21,19980210,2,1,서울특별시 성북구 정릉동 112-26번지
11290,13300,0,0112,0027,,,일반건축물,단독주택,주택,0,0,51.93,19711215,1,1,서울특별시 성북구 정릉동 112-27번지
11290,13300,0,0112,0038,,,일반건축물,단독주택,다가구용단독주택,91.87,50.88,94.8,19981114,2,0,서울특별시 성북구 정릉동 112-38번지
11290,13300,0,0112,0039,,,일반건축물,단독주택,주택,0,0,95.11,19660601,2,0,서울특별시 성북구 정릉동 112-39번지
11290,13300,0,0112,0049,,,일반건축물,단독주택,주택,0,0,32.13,19650520,1,0,서울특별시 성북구 정릉동 112-49번지
11290,13300,0,0112,0050,,,일반건축물,제2종근린생활시설,제2종근린생활시설(수리점),221,103.82,130.87,20050426,1,1,서울특별시 성북구 정릉동 112-50번지
11290,13300,0,0112,0062,,,일반건축물,단독주택,단독주택,0,0,40.46,19681101,1,0,서울특별시 성북구 정릉동 112-62번지
11290,13300,0,0112,0063,,,일반건축물,단독주택,주택,0,0,56.26,19680909,1,0,서울특별시 성북구 정릉동 112-63번지
11290,13300,0,0112,0064,,,일반건축물,단독주택,주택,37,18.35,36.7,19681101,2,0,서울특별시 성북구 정릉동 112-64번지
11290,13300,0,0112,0068,,,일반건축물,단독주택,다가구주택(3가구),139,82.17,144.13,20140618,2,0,서울특별시 성북구 정릉동 112-68번지
11290,13300,0,0112,0071,,,표제부,공동주택,다세대주택,0,83.04,249.12,19860912,2,1,서울특별시 성북구 정릉동 112-71번지
11290,13300,0,0112,0074,,,표제부,공동주택,다세대주택,0,109.8,329.4,19870919,2,1,서울특별시 성북구 정릉동 112-74번지
11290,13300,0,0113,0028,,,일반건축물,단독주택,주택,0,0,44.07,19611231,1,0,서울특별시 성북구 정릉동 113-28번지
11290,13300,0,0113,0031,,,일반건축물,단독주택,주택,0,0,258.25,19670520,2,1,서울특별시 성북구 정릉동 113-31번지
11290,13300,0,0113,0039,돈암 힐스뷰,,표제부,공동주택,공동주택(도시형생활주택(단지형다세대)),280,165.35,559.45,20130425,5,0,서울특별시 성북구 정릉동 113-39번지
11290,13300,0,0113,0040,,,일반건축물,단독주택,다가구주택,319.59,133.65,307.7,20020621,2,1,서울특별시 성북구 정릉동 113-40번지
11290,13300,0,0113,0044,,,일반건축물,단독주택,주택,0,0,295.46,19670413,2,1,서울특별시 성북구 정릉동 113-44번지
11290,13300,0,0113,0045,,,일반건축물,단독주택,"주택, 물치",0,0,247.04,19670413,2,1,서울특별시 성북구 정릉동 113-45번지
11290,13300,0,0113,0046,,,일반건축물,단독주택,주택,0,0,343.82,19670413,2,1,서울특별시 성북구 정릉동 113-46번지
11290,13300,0,0113,0047,,,일반건축물,단독주택,"주택, 근린생활시설",0,0,252.5,19670123,2,1,서울특별시 성북구 정릉동 113-47번지
11290,13300,0,0113,0050,,,일반건축물,제1종근린생활시설,제1종근린생활시설,546,309.61,1063.28,199805,5,0,서울특별시 성북구 정릉동 113-50번지
11290,13300,0,0113,0061,SK아리랑 주유소,,일반건축물,위험물저장및처리시설,"위험물저장및처리시설, 근린생활시설",850,318.03,448.48,19981219,2,1,서울특별시 성북구 정릉동 113-61번지
11290,13300,0,0114,0000,,,일반건축물,단독주택,주택,0,0,41.32,19580920,1,0,서울특별시 성북구 정릉동 114번지
11290,13300,0,0114,0002,,,일반건축물,제2종근린생활시설,사무실,0,0,77.36,19570903,1,0,서울특별시 성북구 정릉동 114-2번지
11290,13300,0,0114,0008,,,일반건축물,단독주택,주택,46,0,46,19850630,1,0,서울특별시 성북구 정릉동 114-8번지
11290,13300,0,0115,0000,,,일반건축물,단독주택,주택,0,0,26.12,19581010,1,0,서울특별시 성북구 정릉동 115번지
11290,13300,0,0115,0000,,,일반건축물,단독주택,주택,0,0,44.63,19580310,1,0,서울특별시 성북구 정릉동 115번지
11290,13300,0,0120,0001,,,일반건축물,단독주택,주택,0,0,243.13,19890511,2,1,서울특별시 성북구 정릉동 120-1번지
11290,13300,0,0120,0003,,,일반건축물,단독주택,주택,0,0,74.67,19690305,2,1,서울특별시 성북구 정릉동 120-3번지
11290,13300,0,0120,0004,,,일반건축물,단독주택,주택,0,0,50.91,19591220,1,0,서울특별시 성북구 정릉동 120-4번지
11290,13300,0,0120,0005,,,일반건축물,단독주택,"주택, 근린생활시설",0,0,137.58,19880219,2,1,서울특별시 성북구 정릉동 120-5번지
11290,13300,0,0120,0006,,,일반건축물,단독주택,주택,0,0,104.03,19700530,2,1,서울특별시 성북구 정릉동 120-6번지
11290,13300,0,0120,0008,,,일반건축물,제2종근린생활시설,근린생활시설,293,118.88,492.34,19810316,2,1,서울특별시 성북구 정릉동 120-8번지
11290,13300,0,0125,0001,,,일반건축물,종교시설,종교시설,713,246.3,451.38,19830107,2,0,서울특별시 성북구 정릉동 125-1번지
11290,13300,0,0125,0004,트윈하우스,,표제부,공동주택,공동주택(다세대주택),307,184.09,766.91,20091109,4,1,서울특별시 성북구 정릉동 125-4번지
11290,13300,0,0125,0005,,,표제부,공동주택,다세대주택,301,151.69,318.75,20230824,4,0,서울특별시 성북구 정릉동 125-5번지
11290,13300,0,0125,0006,,,일반건축물,단독주택,주택,0,0,229.55,19831124,2,1,서울특별시 성북구 정릉동 125-6번지
11290,13300,0,0125,0010,,,일반건축물,단독주택,다가구용단독주택(5가구),0,0,198.53,19910930,2,1,서울특별시 성북구 정릉동 125-10번지
11290,13300,0,0126,0002,,,일반건축물,단독주택,다가구용단독주택(3가구),153,91.17,331.16,19940616,3,1,서울특별시 성북구 정릉동 126-2번지
11290,13300,0,0130,0000,,,일반건축물,단독주택,주택,0,0,29.42,19850310,1,0,서울특별시 성북구 정릉동 130번지
11290,13300,0,0130,0000,,,일반건축물,단독주택,주택,0,0,29.09,19571010,1,0,서울특별시 성북구 정릉동 130번지
11290,13300,0,0130,0002,,,일반건축물,제2종근린생활시설,제2종근린생활시설,0,0,315.57,,2,1,서울특별시 성북구 정릉동 130-2번지
11290,13300,0,0130,0003,,,일반건축물,단독주택,주택,0,0,54.21,19580310,1,0,서울특별시 성북구 정릉동 130-3번지
11290,13300,0,0130,0020,,,일반건축물,단독주택,"주택, 근린생활시설",0,0,87.3,,2,0,서울특별시 성북구 정릉동 130-20번지
11290,13300,0,0130,0021,,,일반건축물,단독주택,주택,0,0,44.07,,1,0,서울특별시 성북구 정릉동 130-21번지
11290,13300,0,0130,0022,,,일반건축물,단독주택,"주택, 근린생활시설",0,0,192.4,19910212,3,1,서울특별시 성북구 정릉동 130-22번지
11290,13300,0,0130,0023,,,일반건축물,단독주택,주택,0,0,207.12,19890803,2,1,서울특별시 성북구 정릉동 130-23번지
11290,13300,0,0130,0025,,,일반건축물,단독주택,주택,290.37,0,54.01,19840725,1,0,서울특별시 성북구 정릉동 130-25번지
11290,13300,0,0132,0000,,,일반건축물,단독주택,주택,0,0,26.45,19490506,1,0,서울특별시 성북구 정릉동 132번지
11290,13300,0,0132,0000,,,일반건축물,단독주택,주택,0,0,27.44,19571001,1,0,서울특별시 성북구 정릉동 132번지
11290,13300,0,0132,0000,,,일반건축물,단독주택,주택,0,0,29.75,,1,0,서울특별시 성북구 정릉동 132번지
11290,13300,0,0132,0000,,,일반건축물,단독주택,주택,0,0,38.35,19581210,1,0,서울특별시 성북구 정릉동 132번지
11290,13300,0,0132,0000,,,일반건축물,단독주택,주택,0,0,36.36,,1,0,서울특별시 성북구 정릉동 132번지
11290,13300,0,0132,0000,,,일반건축물,단독주택,주택,0,0,34.71,19580710,1,0,서울특별시 성북구 정릉동 132번지
11290,13300,0,0132,0000,,,일반건축물,단독주택,주택,0,0,33.06,19471130,1,0,서울특별시 성북구 정릉동 132번지
11290,13300,0,0132,0000,,,일반건축물,단독주택,주택,0,0,27.44,19570310,1,0,서울특별시 성북구 정릉동 132번지
11290,13300,0,0132,0002,,,일반건축물,제1종근린생활시설,"근린생활시설, 주택",128,73.79,279.56,19830613,4,1,서울특별시 성북구 정릉동 132-2번지
11290,13300,0,0132,0004,,,일반건축물,제1종근린생활시설,"근린생활시설, 주택",92,55.02,107.04,19970613,2,0,서울특별시 성북구 정릉동 132-4번지
11290,13300,0,0132,0006,,,일반건축물,단독주택,주택,0,0,200.48,19871215,2,1,서울특별시 성북구 정릉동 132-6번지
11290,13300,0,0132,0008,,,일반건축물,단독주택,"다가구용단독주택, 근린생활시설",107.46,60.76,254.54,19980205,4,1,서울특별시 성북구 정릉동 132-8번지
11290,13300,0,0132,0020,,,일반건축물,제1종근린생활시설,"단독주택,근린생활시설",116,57.82,221.08,19850410,3,1,서울특별시 성북구 정릉동 132-20번지
11290,13300,0,0132,0021,,,일반건축물,단독주택,주택,0,0,29.75,,1,0,서울특별시 성북구 정릉동 132-21번지
11290,13300,0,0132,0034,,,일반건축물,단독주택,주택,0,0,33.06,,1,0,서울특별시 성북구 정릉동 132-34번지
11290,13300,0,0132,0046,,,일반건축물,단독주택,"주택, 근린생활시설",188.95,89.92,321.71,19850826,3,1,서울특별시 성북구 정릉동 132-46번지
11290,13300,0,0132,0047,,,일반건축물,단독주택,"다가구용단독주택(2가구), 근린생활시설",0,0,229.83,19911021,3,1,서울특별시 성북구 정릉동 132-47번지
11290,13300,0,0132,0059,,,일반건축물,제2종근린생활시설,근린생활시설,0,0,29.75,19400808,1,0,서울특별시 성북구 정릉동 132-59번지
11290,13300,0,0132,0060,,,일반건축물,단독주택,주택,0,0,23.14,,1,0,서울특별시 성북구 정릉동 132-60번지
11290,13300,0,0132,0068,,,일반건축물,단독주택,주택,0,0,39.67,,1,0,서울특별시 성북구 정릉동 132-68번지
11290,13300,0,0132,0073,,,일반건축물,단독주택,"근린생활시설,다가구주택(2)",106.9,54.55,181.19,19810822,3,1,서울특별시 성북구 정릉동 132-73번지
11290,13300,0,0132,0085,,,일반건축물,단독주택,"단독주택, 근린생활시설",92.8,55.67,121.84,20011023,3,0,서울특별시 성북구 정릉동 132-85번지
11290,13300,0,0132,0086,,,일반건축물,단독주택,"주택, 근린생활시설",0,0,90.44,,1,0,서울특별시 성북구 정릉동 132-86번지
11290,13300,0,0132,0115,,,일반건축물,제2종근린생활시설,제2종근린생활시설,0,0,29.75,19400808,1,0,서울특별시 성북구 정릉동 132-115번지
11290,13300,0,0132,0120,,,일반건축물,단독주택,주택,0,0,29.75,19401003,1,0,서울특별시 성북구 정릉동 132-120번지
11290,13300,0,0132,0122,,,일반건축물,제2종근린생활시설,"제2종근린생활시설, 주택",0,0,155,19911219,2,1,서울특별시 성북구 정릉동 132-122번지
11290,13300,0,0132,0125,형제빌딩,,일반건축물,제2종근린생활시설,"제2종근린생활시설,다가구주택",291,144.92,572.18,20040906,5,0,서울특별시 성북구 정릉동 132-125번지
11290,13300,0,0132,0126,,,일반건축물,단독주택,"주택, 근린생활시설",0,0,41.32,,1,0,서울특별시 성북구 정릉동 132-126번지
11290,13300,0,0132,0132,,,일반건축물,제1종근린생활시설,"제1종근린생활시설, 주택",0,0,54.45,,1,0,서울특별시 성북구 정릉동 132-132번지
11290,13300,0,0133,0000,,,일반건축물,단독주택,주택,0,0,39.67,,1,0,서울특별시 성북구 정릉동 133번지
11290,13300,0,0136,0001,,,일반건축물,단독주택,주택,0,0,31.74,19571201,1,0,서울특별시 성북구 정릉동 136-1번지
11290,13300,0,0138,0012,,,일반건축물,단독주택,"주택, 점포",0,0,129,19710810,1,1,서울특별시 성북구 정릉동 138-12번지
11290,13300,0,0138,0014,,,일반건축물,제2종근린생활시설,제2종근린생활시설,84,40.11,200.55,20050722,5,0,서울특별시 성북구 정릉동 138-14번지
11290,13300,0,0139,0002,,,일반건축물,종교시설,종교시설(교회),1476,741.11,4381.68,19940927,5,1,서울특별시 성북구 정릉동 139-2번지
11290,13300,0,0139,0003,,,일반건축물,제2종근린생활시설,근린생활시설,234.8,115.38,672.52,19940728,5,1,서울특별시 성북구 정릉동 139-3번지
11290,13300,0,0139,0004,,,일반건축물,제2종근린생활시설,영업소,0,0,380.16,19611005,2,0,서울특별시 성북구 정릉동 139-4번지
11290,13300,0,0139,0004,,,일반건축물,제1종근린생활시설,제1종근린생활시설,0,0,728.5,19610305,1,0,서울특별시 성북구 정릉동 139-4번지
11290,13300,0,0139,0007,,,일반건축물,제1종근린생활시설,근린생활시설,0,0,757.76,19771231,2,1,서울특별시 성북구 정릉동 139-7번지
11290,13300,0,0139,0036,,,일반건축물,단독주택,단독주택,0,0,194.13,19900913,2,1,서울특별시 성북구 정릉동 139-36번지
11290,13300,0,0139,0037,,,일반건축물,단독주택,주택,0,0,175.74,19890807,2,1,서울특별시 성북구 정릉동 139-37번지
11290,13300,0,0139,0038,,,일반건축물,단독주택,주택,0,0,179.1,19890807,2,1,서울특별시 성북구 정릉동 139-38번지
11290,13300,0,0139,0039,,,일반건축물,제1종근린생활시설,근린생활시설,130,59.5,179.85,19851011,2,1,서울특별시 성북구 정릉동 139-39번지
11290,13300,0,0139,0040,,,일반건축물,단독주택,다가구용단독주택,0,0,199.86,19900913,2,1,서울특별시 성북구 정릉동 139-40번지
11290,13300,0,0139,0041,,,일반건축물,단독주택,주택,0,0,67.7,19611116,1,0,서울특별시 성북구 정릉동 139-41번지
11290,13300,0,0139,0042,,,일반건축물,단독주택,다가구용단독주택(5가구),0,0,185.6,19901109,2,1,서울특별시 성북구 정릉동 139-42번지
11290,13300,0,0139,0043,,,일반건축물,제2종근린생활시설,"근린생활시설, 주택",0,0,323.8,19911031,4,1,서울특별시 성북구 정릉동 139-43번지
11290,13300,0,0139,0056,,,일반건축물,단독주택,주택,0,0,151.83,19751006,2,1,서울특별시 성북구 정릉동 139-56번지
11290,13300,0,0139,0057,,,일반건축물,단독주택,"주택, 근린생활시설",123,73.71,230.82,19810612,3,1,서울특별시 성북구 정릉동 139-57번지
11290,13300,0,0139,0058,,,일반건축물,제1종근린생활시설,제1종근린생활시설(소매점),197,142.38,152.75,20150120,1,1,서울특별시 성북구 정릉동 139-58번지
11290,13300,0,0140,0004,,,일반건축물,단독주택,주택,0,0,23.14,19400420,1,0,서울특별시 성북구 정릉동 140-4번지
11290,13300,0,0140,0008,,,일반건축물,제1종근린생활시설,근린생활시설,0,0,206.97,19810907,2,1,서울특별시 성북구 정릉동 140-8번지
11290,13300,0,0140,0009,,,일반건축물,제2종근린생활시설,제2종근린생활시설,0,0,64.83,,1,0,서울특별시 성북구 정릉동 140-9번지
11290,13300,0,0141,0000,,,일반건축물,단독주택,주택,0,0,19.83,19401003,1,0,서울특별시 성북구 정릉동 141번지
11290,13300,0,0141,0002,,,일반건축물,단독주택,주택,0,0,16.53,,1,0,서울특별시 성북구 정릉동 141-2번지
11290,13300,0,0141,0003,,,일반건축물,단독주택,주택,0,0,46.28,19401003,1,0,서울특별시 성북구 정릉동 141-3번지
11290,13300,0,0141,0004,스마트타운,,표제부,공동주택,"공동주택(다세대주택 및 업무시설, 근린생활시설)",465,254.79,1779.99,20150703,8,1,서울특별시 성북구 정릉동 141-4번지
11290,13300,0,0141,0006,,,일반건축물,제1종근린생활시설,"제1종근린생활시설, 주택",0,0,283.06,19910918,3,1,서울특별시 성북구 정릉동 141-6번지
11290,13300,0,0141,0008,,,표제부,공동주택,다세대주택,134,72.73,263.81,20260306,5,0,서울특별시 성북구 정릉동 141-8번지
11290,13300,0,0141,0009,,,일반건축물,제1종근린생활시설,근린생활시설,0,0,233.65,19731123,2,1,서울특별시 성북구 정릉동 141-9번지
11290,13300,0,0142,0001,,,일반건축물,제1종근린생활시설,"제1종근린생활시설, 다가구단독주택",354,174.48,598.88,19950823,3,1,서울특별시 성북구 정릉동 142-1번지
11290,13300,0,0142,0005,,,일반건축물,단독주택,주택,0,0,23.14,19401003,1,0,서울특별시 성북구 정릉동 142-5번지
11290,13300,0,0142,0005,,,일반건축물,단독주택,주택,0,0,50.18,19850630,1,0,서울특별시 성북구 정릉동 142-5번지
11290,13300,0,0142,0009,,,일반건축물,단독주택,"주택, 근린생활시설",0,0,252.72,19851017,2,1,서울특별시 성북구 정릉동 142-9번지
11290,13300,0,0142,0022,,,일반건축물,단독주택,주택,0,0,66.12,,1,0,서울특별시 성북구 정릉동 142-22번지
11290,13300,0,0144,0003,,,일반건축물,단독주택,"주택, 근린생활시설",0,0,155.1,19910826,3,1,서울특별시 성북구 정릉동 144-3번지
11290,13300,0,0145,0002,,,일반건축물,제1종근린생활시설,"근린생활시설, 주택",0,0,303.97,19871014,2,1,서울특별시 성북구 정릉동 145-2번지
11290,13300,0,0145,0004,,,일반건축물,제2종근린생활시설,근린생활시설,0,0,36.36,19410401,1,0,서울특별시 성북구 정릉동 145-4번지
11290,13300,0,0145,0005,,,일반건축물,단독주택,주택,0,0,36.36,,1,0,서울특별시 성북구 정릉동 145-5번지
11290,13300,0,0145,0006,,,일반건축물,단독주택,주택,0,0,207.99,19900125,2,1,서울특별시 성북구 정릉동 145-6번지
11290,13300,0,0147,0004,수성렉스빌,,표제부,공동주택,공동주택(업무시설),392,229.75,1324.37,20210311,8,1,서울특별시 성북구 정릉동 147-4번지
11290,13300,0,0148,0002,,,일반건축물,단독주택,주택,0,0,29.75,,1,0,서울특별시 성북구 정릉동 148-2번지
11290,13300,0,0148,0004,,,일반건축물,단독주택,주택,0,0,52.89,19590926,1,0,서울특별시 성북구 정릉동 148-4번지
11290,13300,0,0148,0005,,,일반건축물,단독주택,주택,0,0,52.89,,1,0,서울특별시 성북구 정릉동 148-5번지
11290,13300,0,0148,0006,,,일반건축물,제2종근린생활시설,제2종근린생활시설,0,0,42.98,,1,0,서울특별시 성북구 정릉동 148-6번지
11290,13300,0,0148,0008,,,일반건축물,단독주택,주택,0,0,23.14,,1,0,서울특별시 성북구 정릉동 148-8번지
11290,13300,0,0148,0009,,,일반건축물,단독주택,주택,0,0,46.28,,1,0,서울특별시 성북구 정릉동 148-9번지
11290,13300,0,0148,0014,,,일반건축물,단독주택,주택,0,0,39.67,,1,0,서울특별시 성북구 정릉동 148-14번지
11290,13300,0,0148,0015,,,일반건축물,단독주택,단독주택,60,36.36,36.36,,1,0,서울특별시 성북구 정릉동 148-15번지
11290,13300,0,0148,0016,,,일반건축물,단독주택,"주택, 근린생활시설(소매점)",0,0,49.59,,1,0,서울특별시 성북구 정릉동 148-16번지
11290,13300,0,0149,0003,,,일반건축물,제1종근린생활시설,근린생활시설,0,0,62.81,19410401,1,0,서울특별시 성북구 정릉동 149-3번지
11290,13300,0,0150,0000,,,일반건축물,단독주택,주택,0,0,33.06,19410401,1,0,서울특별시 성북구 정릉동 150번지
11290,13300,0,0150,0000,,,일반건축물,단독주택,주택,0,0,32.4,19421007,1,0,서울특별시 성북구 정릉동 150번지
11290,13300,0,0150,0000,,,일반건축물,단독주택,주택,0,0,23.14,19401003,1,0,서울특별시 성북구 정릉동 150번지
11290,13300,0,0150,0000,,,일반건축물,단독주택,주택,0,0,33.06,19410401,1,0,서울특별시 성북구 정릉동 150번지
11290,13300,0,0150,0000,,,일반건축물,단독주택,주택,0,0,46.28,19401003,1,0,서울특별시 성북구 정릉동 150번지
11290,13300,0,0150,0007,,,일반건축물,제1종근린생활시설,근린생활시설,0,0,35.54,19611231,1,0,서울특별시 성북구 정릉동 150-7번지
11290,13300,0,0150,0008,,,일반건축물,단독주택,"단독주택, 근린생활시설",0,0,39.66,,1,0,서울특별시 성북구 정릉동 150-8번지
11290,13300,0,0150,0009,,,일반건축물,단독주택,주택,0,0,22.48,19661101,1,0,서울특별시 성북구 정릉동 150-9번지
11290,13300,0,0150,0010,,,일반건축물,제1종근린생활시설,근린생활시설,0,0,36.36,19410401,1,0,서울특별시 성북구 정릉동 150-10번지
11290,13300,0,0150,0012,,,일반건축물,단독주택,주택,0,0,33.06,,1,0,서울특별시 성북구 정릉동 150-12번지
11290,13300,0,0150,0012,,,일반건축물,단독주택,주택,0,0,56.2,,1,0,서울특별시 성북구 정릉동 150-12번지
11290,13300,0,0150,0013,,,일반건축물,제1종근린생활시설,근린생활시설,0,0,42.98,,1,0,서울특별시 성북구 정릉동 150-13번지
11290,13300,0,0150,0014,,,일반건축물,단독주택,주택,0,0,36.3,19610720,1,0,서울특별시 성북구 정릉동 150-14번지
11290,13300,0,0150,0015,,,일반건축물,단독주택,주택,0,0,42.98,19410401,1,0,서울특별시 성북구 정릉동 150-15번지
11290,13300,0,0150,0017,,,일반건축물,제2종근린생활시설,제2종근린생활시설,0,0,49.59,,1,0,서울특별시 성북구 정릉동 150-17번지
11290,13300,0,0150,0020,,,일반건축물,단독주택,주택,0,0,50.41,19370621,1,0,서울특별시 성북구 정릉동 150-20번지
11290,13300,0,0150,0021,,,일반건축물,단독주택,주택,0,0,99.08,19710419,2,1,서울특별시 성북구 정릉동 150-21번지
11290,13300,0,0150,0023,,,일반건축물,제1종근린생활시설,근린생활시설,0,0,32.72,19370829,1,0,서울특별시 성북구 정릉동 150-23번지
11290,13300,0,0150,0024,,,일반건축물,제1종근린생활시설,제1종근린생활시설(사무소),73,29.75,29.75,,1,0,서울특별시 성북구 정릉동 150-24번지
11290,13300,0,0150,0025,,,일반건축물,단독주택,주택,0,0,39.67,,1,0,서울특별시 성북구 정릉동 150-25번지
11290,13300,0,0150,0027,갤럭시 더 정릉,,표제부,공동주택,"공동주택(도시형생활주택,근린생활시설, 오피스텔)",795,368.45,3243.27,20220809,15,1,서울특별시 성북구 정릉동 150-27번지
11290,13300,0,0150,0029,,,일반건축물,단독주택,주택,0,0,49.95,19611231,1,0,서울특별시 성북구 정릉동 150-29번지
11290,13300,0,0150,0030,,,일반건축물,단독주택,주택,0,0,45.82,19640907,1,0,서울특별시 성북구 정릉동 150-30번지
11290,13300,0,0150,0031,,,일반건축물,단독주택,단독주택,0,0,42.98,19410401,1,0,서울특별시 성북구 정릉동 150-31번지
11290,13300,0,0150,0035,,,일반건축물,단독주택,주택,0,0,152.1,19671010,2,0,서울특별시 성북구 정릉동 150-35번지
11290,13300,0,0150,0035,,,일반건축물,단독주택,주택,0,0,144.72,19761030,2,1,서울특별시 성북구 정릉동 150-35번지
11290,13300,0,0150,0038,,,일반건축물,단독주택,"근린생활시설, 다가구용 단독주택(2가구), 주차장",0,0,426,19911009,3,1,서울특별시 성북구 정릉동 150-38번지
11290,13300,0,0150,0039,,,일반건축물,단독주택,주택,0,0,46.28,19401003,1,0,서울특별시 성북구 정릉동 150-39번지
11290,13300,0,0150,0042,,,일반건축물,단독주택,주택,0,0,31.4,19410401,1,0,서울특별시 성북구 정릉동 150-42번지
11290,13300,0,0150,0044,,,일반건축물,단독주택,주택,0,0,92.37,19790626,2,1,서울특별시 성북구 정릉동 150-44번지
11290,13300,0,0150,0045,,,일반건축물,숙박시설,여관,116,81.52,174.61,19941114,2,1,서울특별시 성북구 정릉동 150-45번지
11290,13300,0,0150,0048,,,일반건축물,단독주택,주택,0,0,28.26,19660505,1,0,서울특별시 성북구 정릉동 150-48번지
11290,13300,0,0150,0049,,,일반건축물,단독주택,"주택, 점포",0,0,128.93,19591001,2,0,서울특별시 성북구 정릉동 150-49번지
11290,13300,0,0150,0051,,,일반건축물,제2종근린생활시설,"제2종근린생활시설, 주택",0,90.52,371.94,19920107,3,1,서울특별시 성북구 정릉동 150-51번지
11290,13300,0,0150,0053,,,일반건축물,제1종근린생활시설,근린생활시설,0,0,72.72,19620303,2,0,서울특별시 성북구 정릉동 150-53번지
11290,13300,0,0150,0056,,,일반건축물,단독주택,주택,0,0,42.98,19640907,1,0,서울특별시 성북구 정릉동 150-56번지
11290,13300,0,0151,0008,,,일반건축물,제2종근린생활시설,근린생활시설,99,0,71.11,19850630,1,0,서울특별시 성북구 정릉동 151-8번지
11290,13300,0,0151,0015,,,일반건축물,제1종근린생활시설,근린생활시설,72.6,0,43.68,19850630,1,0,서울특별시 성북구 정릉동 151-15번지
11290,13300,0,0153,0008,,,일반건축물,제1종근린생활시설,근린생활시설,6.6,0,4.81,19850123,1,0,서울특별시 성북구 정릉동 153-8번지
11290,13300,0,0153,0010,,,일반건축물,제1종근린생활시설,근린생활시설,0,0,13,19590305,1,0,서울특별시 성북구 정릉동 153-10번지
11290,13300,0,0155,0002,,,일반건축물,제1종근린생활시설,근린생활시설,0,0,33.06,,1,0,서울특별시 성북구 정릉동 155-2번지
11290,13300,0,0160,0001,서울숭덕초등학교,,일반건축물,교육연구시설,체육관,0,997.88,1353.85,20100917,3,0,서울특별시 성북구 정릉동 160-1번지
11290,13300,0,0160,0001,숭덕초등학교,,일반건축물,교육연구시설,교육연구시설,0,260.1,260.1,19970613,1,0,서울특별시 성북구 정릉동 160-1번지
11290,13300,0,0160,0001,숭덕초등학교,,일반건축물,교육연구시설,창고,0,66,66,20000118,1,0,서울특별시 성북구 정릉동 160-1번지
11290,13300,0,0160,0001,숭덕초등학교,,일반건축물,교육연구시설,교육연구시설,0,1171.35,2896.75,19970613,3,1,서울특별시 성북구 정릉동 160-1번지
11290,13300,0,0160,0001,숭덕초등학교,,일반건축물,교육연구시설,급식실연결통로,0,164.32,164.32,20110214,1,0,서울특별시 성북구 정릉동 160-1번지
11290,13300,0,0160,0001,숭덕초등학교,,일반건축물,교육연구시설,창고시설,0,36,36,20000118,1,0,서울특별시 성북구 정릉동 160-1번지
11290,13300,0,0160,0001,숭덕초등학교,,일반건축물,교육연구시설,창고,0,36,36,20000118,1,0,서울특별시 성북구 정릉동 160-1번지
11290,13300,0,0160,0001,숭덕초등학교,,일반건축물,교육연구시설,교육연구시설,0,2050.7,8313.5,20000118,4,1,서울특별시 성북구 정릉동 160-1번지
11290,13300,0,0160,0004,,,일반건축물,제2종근린생활시설,근린생활시설,681.42,400.27,467.36,20030424,3,0,서울특별시 성북구 정릉동 160-4번지
11290,13300,0,0160,0013,,,일반건축물,제2종근린생활시설,제2종근린생활시설(제조업소),0,0,38.9,19660505,1,0,서울특별시 성북구 정릉동 160-13번지
11290,13300,0,0160,0017,,,일반건축물,제1종근린생활시설,근린생활시설,0,0,48.26,19660511,1,0,서울특별시 성북구 정릉동 160-17번지
11290,13300,0,0160,0018,,,일반건축물,단독주택,주택,0,0,34.38,19610710,1,0,서울특별시 성북구 정릉동 160-18번지
11290,13300,0,0160,0019,,,일반건축물,제2종근린생활시설,제2종근린생활시설(수리점),83,35.34,40.83,19701028,1,1,서울특별시 성북구 정릉동 160-19번지
11290,13300,0,0160,0020,,,일반건축물,제2종근린생활시설,제2종근린생활시설,243,99.92,506.06,19910524,4,1,서울특별시 성북구 정릉동 160-20번지
11290,13300,0,0161,0005,,,일반건축물,제2종근린생활시설,제2종근린생활시설,265,102.88,102.88,19680314,1,0,서울특별시 성북구 정릉동 161-5번지
11290,13300,0,0161,0005,,,일반건축물,제2종근린생활시설,제2종근린생활시설,106,42.15,42.15,19681231,1,0,서울특별시 성북구 정릉동 161-5번지
11290,13300,0,0161,0009,,,일반건축물,제1종근린생활시설,근린생활시설,69,0,42.08,19840124,1,0,서울특별시 성북구 정릉동 161-9번지
11290,13300,0,0161,0010,,,일반건축물,제1종근린생활시설,근린생활시설,0,0,36.36,,1,0,서울특별시 성북구 정릉동 161-10번지
11290,13300,0,0161,0010,,,일반건축물,제1종근린생활시설,근린생활시설,0,0,63.11,19531005,1,0,서울특별시 성북구 정릉동 161-10번지
11290,13300,0,0161,0013,,,일반건축물,제2종근린생활시설,제2종근린생활시설,0,0,78.38,19491220,1,0,서울특별시 성북구 정릉동 161-13번지
11290,13300,0,0161,0015,,,일반건축물,제2종근린생활시설,제2종근린생활시설,0,0,91.57,19620930,1,0,서울특별시 성북구 정릉동 161-15번지
11290,13300,0,0161,0017,,,일반건축물,제2종근린생활시설,"근린생활시설, 의료시설",863.04,428.96,2937.19,19910920,7,1,서울특별시 성북구 정릉동 161-17번지
11290,13300,0,0161,0027,,,일반건축물,단독주택,"다가구용단독주택, 근린생활시설",115,68.65,271.3,19930720,3,1,서울특별시 성북구 정릉동 161-27번지
11290,13300,0,0161,0028,,,일반건축물,제2종근린생활시설,제2종근린생활시설(사무소),79,39.47,39.47,19661107,1,0,서울특별시 성북구 정릉동 161-28번지
11290,13300,0,0162,0000,,,일반건축물,단독주택,주택,0,0,36.36,,1,0,서울특별시 성북구 정릉동 162번지
11290,13300,0,0162,0000,,,일반건축물,단독주택,주택,0,0,33.06,,1,0,서울특별시 성북구 정릉동 162번지
11290,13300,0,0162,0015,,,일반건축물,단독주택,다가구용단독주택(6가구),0,0,346.04,19911015,3,1,서울특별시 성북구 정릉동 162-15번지
11290,13300,0,0162,0016,,,일반건축물,단독주택,"주택, 근린생활시설",0,0,116.31,19911219,3,1,서울특별시 성북구 정릉동 162-16번지
11290,13300,0,0162,0017,엘렌시아,,표제부,공동주택,"공동주택(다세대주택), 근린생활시설",371.65,196.09,628.39,20210610,5,0,서울특별시 성북구 정릉동 162-17번지
11290,13300,0,0162,0021,,,일반건축물,제1종근린생활시설,근린생활시설,16,0,12,19850630,1,0,서울특별시 성북구 정릉동 162-21번지
11290,13300,0,0162,0022,,,일반건축물,단독주택,주택,62.98,0,118.39,19850223,3,0,서울특별시 성북구 정릉동 162-22번지
11290,13300,0,0162,0023,,,일반건축물,제1종근린생활시설,제1종근린생활시설,55.87,0,43.92,19850227,1,0,서울특별시 성북구 정릉동 162-23번지
11290,13300,0,0162,0024,,,일반건축물,단독주택,주택,68,0,39.09,19850630,1,0,서울특별시 성북구 정릉동 162-24번지
11290,13300,0,0162,0026,,,일반건축물,단독주택,"주택, 근린생활시설",0,0,28.93,19611230,1,0,서울특별시 성북구 정릉동 162-26번지
11290,13300,0,0162,0028,,,일반건축물,단독주택,주택,33.6,0,18.78,19850630,1,0,서울특별시 성북구 정릉동 162-28번지
11290,13300,0,0162,0034,,,일반건축물,제2종근린생활시설,제2종근린생활시설(제조업소),0,0,30.25,19600920,1,0,서울특별시 성북구 정릉동 162-34번지
11290,13300,0,0162,0037,,,일반건축물,단독주택,주택,42.9,0,30.97,19850630,1,0,서울특별시 성북구 정릉동 162-37번지
11290,13300,0,0162,0046,,,일반건축물,단독주택,"다가구용단독주택(3가구), 근린생활시설",0,0,341.24,19911004,3,1,서울특별시 성북구 정릉동 162-46번지
11290,13300,0,0163,0000,,,일반건축물,단독주택,주택,0,0,23.14,,1,0,서울특별시 성북구 정릉동 163번지
11290,13300,0,0163,0000,,,일반건축물,단독주택,주택,0,0,29.75,,1,0,서울특별시 성북구 정릉동 163번지
11290,13300,0,0163,0000,,,일반건축물,단독주택,주택,0,0,29.75,,1,0,서울특별시 성북구 정릉동 163번지
11290,13300,0,0164,0001,,,표제부,공동주택,공동주택(다세대주택),356,209.73,709.81,20190516,5,0,서울특별시 성북구 정릉동 164-1번지
11290,13300,0,0164,0002,,,일반건축물,제1종근린생활시설,제1종근린생활시설,0,0,449.72,19910612,4,1,서울특별시 성북구 정릉동 164-2번지
11290,13300,0,0164,0004,삼성그린빌2차,,표제부,공동주택,공동주택(다세대주택),205,120.12,407.49,20070731,5,0,서울특별시 성북구 정릉동 164-4번지
11290,13300,0,0164,0006,,,일반건축물,단독주택,주택,0,0,99.64,19760512,2,1,서울특별시 성북구 정릉동 164-6번지
11290,13300,0,0164,0007,경남하우스,,일반건축물,단독주택,다중주택및 사무소,150,89.48,287,20250227,5,0,서울특별시 성북구 정릉동 164-7번지
11290,13300,0,0164,0008,,,표제부,공동주택,공동주택(다세대주택),660,176.73,513.28,20170124,5,1,서울특별시 성북구 정릉동 164-8번지
11290,13300,0,0164,0008,,,표제부,공동주택,공동주택(다세대주택) 및 제1종근린생활시설,660,207.9,854.37,20170124,5,1,서울특별시 성북구 정릉동 164-8번지
11290,13300,0,0164,0012,삼성그린빌,,표제부,공동주택,다세대주택(8세대),257,151.11,513.82,20061102,5,0,서울특별시 성북구 정릉동 164-12번지
11290,13300,0,0164,0015,,,일반건축물,제1종근린생활시설,근린생활시설,0,0,338.81,19681022,2,1,서울특별시 성북구 정릉동 164-15번지
11290,13300,0,0164,0017,,,일반건축물,단독주택,주택,0,0,47.93,19591101,1,0,서울특별시 성북구 정릉동 164-17번지
11290,13300,0,0164,0018,,,일반건축물,단독주택,주택,0,0,51.37,19611231,1,0,서울특별시 성북구 정릉동 164-18번지
11290,13300,0,0164,0027,삼성파크빌 9차,,표제부,공동주택,공동주택(다세대주택),290,173.79,579.43,20220225,5,0,서울특별시 성북구 정릉동 164-27번지
11290,13300,0,0164,0030,,,일반건축물,단독주택,다가구용단독주택,142,82.5,272.42,19931202,3,1,서울특별시 성북구 정릉동 164-30번지
11290,13300,0,0164,0031,한강뉴스타,,표제부,업무시설,오피스텔 및 다세대주택,450,248.82,1492.63,20221102,9,1,서울특별시 성북구 정릉동 164-31번지
11290,13300,0,0164,0037,,,일반건축물,제2종근린생활시설,제2종근린생활시설,66,63.92,63.92,19850630,1,0,서울특별시 성북구 정릉동 164-37번지
11290,13300,0,0164,0038,,,일반건축물,제1종근린생활시설,근린생활시설,0,0,48.46,19611231,1,0,서울특별시 성북구 정릉동 164-38번지
11290,13300,0,0164,0040,,,일반건축물,제1종근린생활시설,근린생활시설,66,0,38.29,19840614,1,0,서울특별시 성북구 정릉동 164-40번지
11290,13300,0,0164,0042,,,일반건축물,단독주택,단독주택,57.65,34.13,63.45,20030625,2,0,서울특별시 성북구 정릉동 164-42번지
11290,13300,0,0164,0044,,,일반건축물,제2종근린생활시설,제2종근생,0,11.41,11.41,19660311,1,0,서울특별시 성북구 정릉동 164-44번지
11290,13300,0,0164,0044,,,일반건축물,단독주택,단독주택,0,47.09,47.09,19660311,1,0,서울특별시 성북구 정릉동 164-44번지
11290,13300,0,0164,0045,,,일반건축물,단독주택,주택,0,0,76.43,19630330,1,0,서울특별시 성북구 정릉동 164-45번지
11290,13300,0,0164,0046,,,일반건축물,제1종근린생활시설,"근린생활시설, 목욕탕",0,0,26.61,19701001,1,0,서울특별시 성북구 정릉동 164-46번지
11290,13300,0,0164,0047,,,일반건축물,제1종근린생활시설,근린생활시설,0,0,326.8,19760318,3,1,서울특별시 성북구 정릉동 164-47번지
11290,13300,0,0164,0048,,,일반건축물,단독주택,주택,0,0,14.88,19610927,1,0,서울특별시 성북구 정릉동 164-48번지
11290,13300,0,0164,0054,,,일반건축물,단독주택,주택,0,0,147.66,19770812,1,1,서울특별시 성북구 정릉동 164-54번지
11290,13300,0,0164,0061,,,일반건축물,단독주택,주택,0,0,52.89,19560801,1,0,서울특별시 성북구 정릉동 164-61번지
11290,13300,0,0164,0062,,,표제부,공동주택,"다세대주택, 제2종근린생활시설,노유자시설",460.34,274.39,1426.33,20040629,5,1,서울특별시 성북구 정릉동 164-62번지
11290,13300,0,0164,0072,,,일반건축물,단독주택,다가구용단독주택(4가구),0,0,199.95,19910802,2,1,서울특별시 성북구 정릉동 164-72번지
11290,13300,0,0165,0001,테라스테이,,표제부,공동주택,공동주택(다세대주택),334.5,200.35,626.23,20210913,5,0,서울특별시 성북구 정릉동 165-1번지
11290,13300,0,0165,0004,,,표제부,공동주택,다세대주택,280.5,165,559.47,20160129,5,0,서울특별시 성북구 정릉동 165-4번지
11290,13300,0,0165,0006,행복드림빌,,표제부,공동주택,도시형생활주택(단지형다세대),352.3,210.52,659.76,20180125,6,0,서울특별시 성북구 정릉동 165-6번지
11290,13300,0,0165,0007,,,일반건축물,단독주택,주택,0,0,49.39,19661005,1,0,서울특별시 성북구 정릉동 165-7번지
11290,13300,0,0165,0010,,,일반건축물,단독주택,주택,0,0,58.05,19711021,1,0,서울특별시 성북구 정릉동 165-10번지
11290,13300,0,0165,0011,,,일반건축물,단독주택,주택,0,0,58.44,19630430,1,0,서울특별시 성북구 정릉동 165-11번지
11290,13300,0,0165,0012,,,일반건축물,단독주택,주택,0,0,58.44,19630430,1,0,서울특별시 성북구 정릉동 165-12번지
11290,13300,0,0165,0013,위미빌,,표제부,공동주택,공동주택(다세대주택),240.3,140.35,442.84,20170104,5,0,서울특별시 성북구 정릉동 165-13번지
11290,13300,0,0165,0016,,,일반건축물,제2종근린생활시설,"제2종근린생활시설, 주택",184.06,106.3,502.19,19961220,5,1,서울특별시 성북구 정릉동 165-16번지
11290,13300,0,0165,0019,,,표제부,공동주택,다세대주택,322,192.79,641.11,20151223,5,0,서울특별시 성북구 정릉동 165-19번지
11290,13300,0,0165,0020,드림하우스,,일반건축물,단독주택,"다가구주택,제2종근린생활시설",245.24,147,489.94,20160804,5,0,서울특별시 성북구 정릉동 165-20번지
11290,13300,0,0165,0021,,,일반건축물,단독주택,다가구용단독주택(11가구),449.62,178.91,658.32,19930726,3,1,서울특별시 성북구 정릉동 165-21번지
11290,13300,0,0165,0022,삼성파크빌8차,,표제부,공동주택,도시형생활주택,344.24,205.14,618.17,20200514,5,0,서울특별시 성북구 정릉동 165-22번지
11290,13300,0,0165,0024,,,일반건축물,단독주택,주택,0,0,65.95,,1,0,서울특별시 성북구 정릉동 165-24번지
11290,13300,0,0165,0026,예담빌2차,,표제부,공동주택,도시형생활주택(단지형다세대),374,198.4,659.73,20151106,6,0,서울특별시 성북구 정릉동 165-26번지
11290,13300,0,0165,0032,일성아크로빌,,표제부,공동주택,다세대주택,207.05,123.15,411.4,20151012,5,0,서울특별시 성북구 정릉동 165-32번지
11290,13300,0,0165,0036,,,표제부,공동주택,공동주택(다세대주택) 및 제1종 근린생활시설(한의원),291,173.49,579.69,20170908,5,0,서울특별시 성북구 정릉동 165-36번지
11290,13300,0,0165,0037,,,일반건축물,단독주택,주택,0,0,58.94,19630704,1,0,서울특별시 성북구 정릉동 165-37번지
11290,13300,0,0165,0038,,,일반건축물,단독주택,주택,0,0,59.5,19690701,1,0,서울특별시 성북구 정릉동 165-38번지
11290,13300,0,0165,0044,,,일반건축물,단독주택,주택,0,0,57.65,19630701,1,0,서울특별시 성북구 정릉동 165-44번지
11290,13300,0,0165,0045,,,일반건축물,단독주택,주택,0,0,57.68,19630701,1,0,서울특별시 성북구 정릉동 165-45번지
11290,13300,0,0165,0052,,,일반건축물,단독주택,주택,0,0,61.05,19650506,1,0,서울특별시 성북구 정릉동 165-52번지
11290,13300,0,0165,0061,,,일반건축물,단독주택,"다가구용단독주택(2가구), 근린생활시설",162,83.12,192.18,19941217,2,1,서울특별시 성북구 정릉동 165-61번지
11290,13300,0,0165,0085,,,일반건축물,단독주택,주택,0,0,50.08,19711021,1,0,서울특별시 성북구 정릉동 165-85번지
11290,13300,0,0165,0086,,,일반건축물,단독주택,주택,0,0,30.78,19711021,1,0,서울특별시 성북구 정릉동 165-86번지
11290,13300,0,0165,0093,삼성파크빌10차,,표제부,공동주택,공동주택(다세대주택),229,137.17,457.14,20230103,5,0,서울특별시 성북구 정릉동 165-93번지
11290,13300,0,0165,0098,,,일반건축물,단독주택,다가구용단독주택(3),122.43,69.28,196.2,19930401,2,1,서울특별시 성북구 정릉동 165-98번지
11290,13300,0,0165,0100,삼성파크빌8차,,표제부,공동주택,도시형생활주택,344.76,205.92,583.24,20200514,5,0,서울특별시 성북구 정릉동 165-100번지
11290,13300,0,0166,0000,,,일반건축물,단독주택,주택,0,0,152.3,19680710,2,1,서울특별시 성북구 정릉동 166번지
11290,13300,0,0166,0000,,,일반건축물,단독주택,주택,0,0,36.36,19581031,1,0,서울특별시 성북구 정릉동 166번지
11290,13300,0,0166,0001,반석빌리지,,표제부,공동주택,도시형생활주택(단지형다세대),564,142,512.28,20151028,5,0,서울특별시 성북구 정릉동 166-1번지
11290,13300,0,0166,0001,반석빌리지,,표제부,공동주택,도시형생활주택(단지형다세대),564,180.96,614.57,20151028,5,0,서울특별시 성북구 정릉동 166-1번지
11290,13300,0,0166,0002,,,일반건축물,단독주택,주택,0,0,82.47,19740529,1,1,서울특별시 성북구 정릉동 166-2번지
11290,13300,0,0166,0005,,,일반건축물,단독주택,주택,0,0,88.4,19671220,1,1,서울특별시 성북구 정릉동 166-5번지
11290,13300,0,0166,0007,,,일반건축물,단독주택,다가구용단독주택(7가구),181.23,100.24,387.32,19941101,3,1,서울특별시 성북구 정릉동 166-7번지
11290,13300,0,0166,0008,,,일반건축물,단독주택,주택,0,0,51.27,19700921,1,0,서울특별시 성북구 정릉동 166-8번지
11290,13300,0,0166,0010,,,일반건축물,단독주택,다가구용단독주택(4가구),126,68.48,149.94,19940305,2,1,서울특별시 성북구 정릉동 166-10번지
11290,13300,0,0166,0013,,,일반건축물,단독주택,주택,0,0,114.75,19751018,1,1,서울특별시 성북구 정릉동 166-13번지
11290,13300,0,0166,0014,,,일반건축물,단독주택,주택,0,0,46.28,19650204,1,0,서울특별시 성북구 정릉동 166-14번지
11290,13300,0,0166,0015,,,일반건축물,단독주택,다가구용단독주택(3가구),109.45,38.23,119.27,19991203,2,1,서울특별시 성북구 정릉동 166-15번지
11290,13300,0,0166,0016,,,일반건축물,단독주택,주택,0,0,151.05,19681023,2,1,서울특별시 성북구 정릉동 166-16번지
11290,13300,0,0166,0019,,,일반건축물,단독주택,주택,0,0,157.65,19710611,2,0,서울특별시 성북구 정릉동 166-19번지
11290,13300,0,0166,0020,,,일반건축물,단독주택,주택,0,0,61.82,19611018,1,0,서울특별시 성북구 정릉동 166-20번지
11290,13300,0,0166,0021,,,표제부,공동주택,연립주택(18세대),573.8,336.34,1496.66,19961220,4,1,서울특별시 성북구 정릉동 166-21번지
11290,13300,0,0166,0022,,,일반건축물,단독주택,주택,0,0,67.54,19680927,2,0,서울특별시 성북구 정릉동 166-22번지
11290,13300,0,0166,0023,,,일반건축물,단독주택,주택,0,0,75.04,19601203,1,0,서울특별시 성북구 정릉동 166-23번지
11290,13300,0,0166,0025,반석빌리지,,표제부,공동주택,도시형생활주택(단지형다세대),482,138.62,681.93,20151028,4,1,서울특별시 성북구 정릉동 166-25번지
11290,13300,0,0166,0025,반석빌리지,,표제부,공동주택,도시형생활주택(단지형다세대),482,144.48,647.02,20151028,4,1,서울특별시 성북구 정릉동 166-25번지
11290,13300,0,0166,0028,,,표제부,공동주택,다세대주택(10세대),327,158.67,631.62,19940706,4,1,서울특별시 성북구 정릉동 166-28번지
11290,13300,0,0166,0029,,,일반건축물,단독주택,다가구용단독주택(7가구),278,166.72,582.32,19970801,3,1,서울특별시 성북구 정릉동 166-29번지
11290,13300,0,0166,0030,,,일반건축물,단독주택,주택,0,0,160.11,19651222,2,0,서울특별시 성북구 정릉동 166-30번지
11290,13300,0,0166,0032,,,표제부,공동주택,다세대주택,269.83,161.76,657.34,19930524,4,1,서울특별시 성북구 정릉동 166-32번지
11290,13300,0,0166,0033,,,일반건축물,단독주택,단독주택,260.33,137.73,281.38,20220907,3,0,서울특별시 성북구 정릉동 166-33번지
11290,13300,0,0166,0034,,,표제부,공동주택,다세대주택,0,152.02,573.71,19920805,4,0,서울특별시 성북구 정릉동 166-34번지
11290,13300,0,0166,0034,,,표제부,공동주택,다세대주택,0,162.86,659.65,19920805,4,1,서울특별시 성북구 정릉동 166-34번지
11290,13300,0,0166,0034,,,표제부,공동주택,다세대주택,0,83.48,446.39,19920805,4,1,서울특별시 성북구 정릉동 166-34번지
11290,13300,0,0166,0036,,,표제부,공동주택,"근린생활시설,다세대주택",308.27,177.64,894.97,20030410,5,1,서울특별시 성북구 정릉동 166-36번지
11290,13300,0,0166,0037,,,표제부,공동주택,다세대주택,0,129.19,651.12,19920716,4,1,서울특별시 성북구 정릉동 166-37번지
11290,13300,0,0166,0045,,,일반건축물,단독주택,주택,0,0,41.72,19650720,1,0,서울특별시 성북구 정릉동 166-45번지
11290,13300,0,0166,0047,,,일반건축물,단독주택,주택,0,0,88,19850630,1,0,서울특별시 성북구 정릉동 166-47번지
11290,13300,0,0166,0048,,,일반건축물,단독주택,주택,0,0,54.35,19650906,1,0,서울특별시 성북구 정릉동 166-48번지
11290,13300,0,0166,0051,,,일반건축물,단독주택,주택,0,0,101.09,19680107,1,0,서울특별시 성북구 정릉동 166-51번지
11290,13300,0,0166,0052,,,일반건축물,단독주택,주택,0,0,56.33,19600826,1,0,서울특별시 성북구 정릉동 166-52번지
11290,13300,0,0166,0053,,,일반건축물,단독주택,단독주택,63,37.56,68.82,20021109,2,0,서울특별시 성북구 정릉동 166-53번지
11290,13300,0,0166,0054,,,일반건축물,단독주택,주택,0,0,44.07,19700830,1,0,서울특별시 성북구 정릉동 166-54번지
11290,13300,0,0166,0058,,,일반건축물,단독주택,주택,0,0,76.99,19740523,1,1,서울특별시 성북구 정릉동 166-58번지
11290,13300,0,0166,0059,,,일반건축물,단독주택,주택,0,0,78.58,19671218,1,0,서울특별시 성북구 정릉동 166-59번지
11290,13300,0,0166,0065,,,일반건축물,단독주택,다가구주택(3가구),100.26,59.82,165.78,19990611,2,1,서울특별시 성북구 정릉동 166-65번지
11290,13300,0,0166,0066,,,일반건축물,단독주택,다가구용단독주택(2가구),190.23,110.82,173.25,19700701,2,0,서울특별시 성북구 정릉동 166-66번지
11290,13300,0,0166,0067,,,일반건축물,단독주택,주택,0,0,162.18,19680616,2,1,서울특별시 성북구 정릉동 166-67번지
11290,13300,0,0166,0068,,,일반건축물,단독주택,주택,0,0,24.03,19700113,1,0,서울특별시 성북구 정릉동 166-68번지
11290,13300,0,0166,0069,,,일반건축물,단독주택,주택,0,0,30.58,19700830,1,0,서울특별시 성북구 정릉동 166-69번지
11290,13300,0,0166,0073,,,일반건축물,단독주택,주택,0,0,29.75,19700830,1,0,서울특별시 성북구 정릉동 166-73번지
11290,13300,0,0166,0075,,,일반건축물,단독주택,단독주택,89.92,48.13,119.8,19941214,2,1,서울특별시 성북구 정릉동 166-75번지
11290,13300,0,0166,0076,,,일반건축물,단독주택,단독주택(다가구주택3가구),89.84,52.35,145.63,20061221,2,1,서울특별시 성북구 정릉동 166-76번지
11290,13300,0,0166,0086,,,일반건축물,단독주택,주택,0,0,89.72,19710611,2,1,서울특별시 성북구 정릉동 166-86번지
11290,13300,0,0166,0089,,,일반건축물,단독주택,주택,0,0,64.76,19730605,1,1,서울특별시 성북구 정릉동 166-89번지
11290,13300,0,0166,0093,,,일반건축물,단독주택,다가구용 단독주택(3가구),104.2,62.24,169.7,19940611,2,1,서울특별시 성북구 정릉동 166-93번지
11290,13300,0,0166,0094,,,일반건축물,단독주택,다가구용 단독주택(5가구),117.23,70.24,198.97,19940119,2,1,서울특별시 성북구 정릉동 166-94번지
11290,13300,0,0166,0095,,,일반건축물,단독주택,다가구용단독주택(5가구),122,72.97,199.07,19941025,3,0,서울특별시 성북구 정릉동 166-95번지
11290,13300,0,0166,0096,,,일반건축물,단독주택,다가구용단독주택(3가구),116,69.35,199.4,19930611,2,1,서울특별시 성북구 정릉동 166-96번지
11290,13300,0,0166,0097,,,일반건축물,단독주택,다가구용단독주택(3가구),109.32,64.98,179.76,19950407,2,1,서울특별시 성북구 정릉동 166-97번지
11290,13300,0,0166,0098,,,일반건축물,단독주택,다가구용단독주택(3가구),96,57.4,165.44,19950107,2,1,서울특별시 성북구 정릉동 166-98번지
11290,13300,0,0167,0002,,,일반건축물,단독주택,주택,0,0,231.15,19681015,2,1,서울특별시 성북구 정릉동 167-2번지
11290,13300,0,0167,0004,,,일반건축물,제1종근린생활시설,근린생활시설,0,0,489.13,19890809,3,1,서울특별시 성북구 정릉동 167-4번지
11290,13300,0,0167,0008,,,일반건축물,단독주택,"단독주택(다가구주택), 근린생활시설",162,97.05,279.64,20180718,4,0,서울특별시 성북구 정릉동 167-8번지
11290,13300,0,0167,0013,,,일반건축물,단독주택,주택,0,0,71.11,19611001,1,0,서울특별시 성북구 정릉동 167-13번지
11290,13300,0,0167,0020,세진테크빌,,표제부,공동주택,"공동주택,다세대주택",231,137.91,502.93,20030328,4,0,서울특별시 성북구 정릉동 167-20번지
11290,13300,0,0167,0022,,,일반건축물,제1종근린생활시설,"주택,근린생활시설",0,0,94.74,19681020,2,0,서울특별시 성북구 정릉동 167-22번지
11290,13300,0,0167,0023,,,일반건축물,단독주택,주택,0,0,213.99,19680704,2,1,서울특별시 성북구 정릉동 167-23번지
11290,13300,0,0168,0001,,,일반건축물,단독주택,주택,0,0,193.49,19670522,2,1,서울특별시 성북구 정릉동 168-1번지
11290,13300,0,0168,0002,,,일반건축물,단독주택,주택,0,0,37.49,19640811,1,0,서울특별시 성북구 정릉동 168-2번지
11290,13300,0,0168,0004,,,일반건축물,단독주택,주택,0,0,56.53,19640811,1,0,서울특별시 성북구 정릉동 168-4번지
11290,13300,0,0168,0006,,,일반건축물,단독주택,다가구용단독주택,103.48,61.09,119.71,19960531,2,0,서울특별시 성북구 정릉동 168-6번지
11290,13300,0,0168,0007,,,일반건축물,단독주택,주택,0,0,44.7,19640811,1,0,서울특별시 성북구 정릉동 168-7번지
11290,13300,0,0168,0008,,,일반건축물,단독주택,"단독주택, 단독주택",0,0,62.85,19640811,1,0,서울특별시 성북구 정릉동 168-8번지
11290,13300,0,0168,0009,,,일반건축물,단독주택,주택,0,0,50.38,19640811,1,0,서울특별시 성북구 정릉동 168-9번지
11290,13300,0,0168,0010,,,일반건축물,단독주택,주택,0,0,40.76,19640811,1,0,서울특별시 성북구 정릉동 168-10번지
11290,13300,0,0168,0011,,,일반건축물,단독주택,주택,0,0,40.76,19640811,1,0,서울특별시 성북구 정릉동 168-11번지
11290,13300,0,0168,0013,,,일반건축물,단독주택,주택,0,0,54.18,19640811,1,0,서울특별시 성북구 정릉동 168-13번지
11290,13300,0,0168,0014,,,일반건축물,단독주택,주택,0,0,140.85,19891219,2,1,서울특별시 성북구 정릉동 168-14번지
11290,13300,0,0168,0023,,,일반건축물,단독주택,"주택, 근린생활시설",0,0,244.23,19671210,3,0,서울특별시 성북구 정릉동 168-23번지
11290,13300,0,0168,0024,,,일반건축물,단독주택,주택,0,0,197.78,19670821,2,1,서울특별시 성북구 정릉동 168-24번지
11290,13300,0,0168,0026,건스빌,,표제부,공동주택,도시형생활주택(원룸형),225,112.36,461.84,20140916,5,0,서울특별시 성북구 정릉동 168-26번지
11290,13300,0,0168,0027,쉐누빌,,표제부,공동주택,"공동주택(다세대주택),제2종근린생활시설",225,110.56,518.19,20131219,6,0,서울특별시 성북구 정릉동 168-27번지
11290,13300,0,0168,0028,,,표제부,공동주택,다세대주택,0,58.41,175.23,19900730,2,1,서울특별시 성북구 정릉동 168-28번지
11290,13300,0,0168,0029,,,표제부,공동주택,다세대주택(9세대),365.98,219.46,751.46,19940530,3,1,서울특별시 성북구 정릉동 168-29번지
11290,13300,0,0168,0031,,,일반건축물,단독주택,주택,0,0,128.1,19670609,1,1,서울특별시 성북구 정릉동 168-31번지
11290,13300,0,0168,0035,,,일반건축물,단독주택,주택,0,0,267.81,19680410,2,1,서울특별시 성북구 정릉동 168-35번지
11290,13300,0,0168,0037,,,일반건축물,단독주택,"주택, 물치",0,0,156.95,19670310,2,1,서울특별시 성북구 정릉동 168-37번지
11290,13300,0,0168,0038,,,표제부,공동주택,다세대주택,0,65.69,197.07,19900814,2,1,서울특별시 성북구 정릉동 168-38번지
11290,13300,0,0169,0000,,,일반건축물,단독주택,주택,0,0,55.54,19490410,1,0,서울특별시 성북구 정릉동 169번지
11290,13300,0,0170,0001,,,일반건축물,단독주택,주택,0,0,111.39,19670410,1,1,서울특별시 성북구 정릉동 170-1번지
11290,13300,0,0170,0002,,,일반건축물,단독주택,주택,0,0,119.93,19630910,1,0,서울특별시 성북구 정릉동 170-2번지
11290,13300,0,0170,0003,,,일반건축물,단독주택,주택,0,0,74.15,19630910,1,0,서울특별시 성북구 정릉동 170-3번지
11290,13300,0,0170,0004,,,일반건축물,단독주택,"주택, 물치",0,0,110.78,19650525,1,1,서울특별시 성북구 정릉동 170-4번지
11290,13300,0,0170,0016,,,일반건축물,단독주택,다가구주택,100,49.41,197.64,20051219,4,0,서울특별시 성북구 정릉동 170-16번지
11290,13300,0,0170,0019,,,일반건축물,제2종근린생활시설,"근린생활시설, 주택",110,54.66,327.12,20070424,5,1,서울특별시 성북구 정릉동 170-19번지
11290,13300,0,0170,0020,,,일반건축물,제2종근린생활시설,"독서실, 어린이집",186.08,106.69,475.21,20030424,4,1,서울특별시 성북구 정릉동 170-20번지
11290,13300,0,0170,0021,상익빌딩,,일반건축물,단독주택,"근린생활시설,다가구주택",321,157.22,755.95,20060614,5,1,서울특별시 성북구 정릉동 170-21번지
11290,13300,0,0170,0023,,,일반건축물,단독주택,주택,0,0,113.35,19650928,1,1,서울특별시 성북구 정릉동 170-23번지
11290,13300,0,0170,0027,그레이스힐,,표제부,공동주택,공동주택(도시형생활주택(단지형다세대)),599.1,144.01,659.87,20161018,6,0,서울특별시 성북구 정릉동 170-27번지
11290,13300,0,0170,0027,그레이스힐,,표제부,공동주택,공동주택(도시형생활주택(단지형다세대)),599.1,309.7,634.37,20161018,6,0,서울특별시 성북구 정릉동 170-27번지
11290,13300,0,0170,0029,정릉동 근생및다가구주택,,일반건축물,단독주택,"다가구용단독주택, 근린생활시설",400,237,1469.49,20030916,6,1,서울특별시 성북구 정릉동 170-29번지
11290,13300,0,0170,0030,,,일반건축물,단독주택,주택,0,0,121.92,19660830,1,1,서울특별시 성북구 정릉동 170-30번지
11290,13300,0,0170,0032,,,일반건축물,단독주택,주택,0,0,67.47,19671025,1,1,서울특별시 성북구 정릉동 170-32번지
11290,13300,0,0170,0033,누리빌딩,,일반건축물,단독주택,"단독주택(다가구주택), 근린생활시설",198.43,98.88,578.96,20180830,5,1,서울특별시 성북구 정릉동 170-33번지
11290,13300,0,0170,0034,,,표제부,공동주택,연립주택(13세대),532,303.78,1389.21,19951226,4,1,서울특별시 성북구 정릉동 170-34번지
11290,13300,0,0170,0035,우진빌,,표제부,공동주택,다세대주택,383,204.28,891.77,20030602,4,1,서울특별시 성북구 정릉동 170-35번지
11290,13300,0,0170,0036,,,표제부,공동주택,다세대주택(9세대),248,148.68,645.32,19940517,4,1,서울특별시 성북구 정릉동 170-36번지
11290,13300,0,0170,0037,숙이네빌,,표제부,공동주택,공동주택(다세대주택),274,136.92,492.64,20170614,5,0,서울특별시 성북구 정릉동 170-37번지
11290,13300,0,0170,0039,현대빌라,,표제부,공동주택,다세대 주택,248,148.67,571.63,20021127,5,0,서울특별시 성북구 정릉동 170-39번지
11290,13300,0,0170,0041,동성네스트빌,,표제부,공동주택,다세대주택,399,226.61,890.58,20011112,4,1,서울특별시 성북구 정릉동 170-41번지
11290,13300,0,0170,0049,,,일반건축물,단독주택,주택,0,0,281.03,19881223,2,1,서울특별시 성북구 정릉동 170-49번지
11290,13300,0,0170,0050,,,일반건축물,단독주택,다가구용단독주택(5가구),177.14,105.94,304.59,19941228,2,1,서울특별시 성북구 정릉동 170-50번지
11290,13300,0,0170,0051,꼭두마리 하우스,,일반건축물,단독주택,다가구용단독주택(5가구),176.7,105.96,303.16,19941228,2,1,서울특별시 성북구 정릉동 170-51번지
11290,13300,0,0170,0052,,,일반건축물,제2종근린생활시설,주택,0,0,128.65,19670520,2,0,서울특별시 성북구 정릉동 170-52번지
11290,13300,0,0170,0070,,,일반건축물,단독주택,주택,0,0,64.13,19650525,1,0,서울특별시 성북구 정릉동 170-70번지
11290,13300,0,0170,0071,,,일반건축물,단독주택,주택,0,0,62.51,19650525,1,0,서울특별시 성북구 정릉동 170-71번지
11290,13300,0,0170,0072,,,일반건축물,단독주택,주택,0,0,62.38,19650525,1,0,서울특별시 성북구 정릉동 170-72번지
11290,13300,0,0170,0096,,,일반건축물,제2종근린생활시설,근린생활시설,104,51.52,154.56,20051230,3,0,서울특별시 성북구 정릉동 170-96번지
11290,13300,0,0170,0098,,,일반건축물,단독주택,주택,0,0,57.75,19660902,1,0,서울특별시 성북구 정릉동 170-98번지
11290,13300,0,0170,0102,,,일반건축물,단독주택,"주택,제2종근린생활시설",215,98.61,115.3,19670525,1,1,서울특별시 성북구 정릉동 170-102번지
11290,13300,0,0170,0103,,,일반건축물,단독주택,주택,0,0,52,19671127,1,0,서울특별시 성북구 정릉동 170-103번지
11290,13300,0,0170,0106,,,일반건축물,단독주택,주택,0,0,223.93,19691007,3,1,서울특별시 성북구 정릉동 170-106번지
11290,13300,0,0170,0107,,,일반건축물,단독주택,주택,0,0,67.31,19700420,1,1,서울특별시 성북구 정릉동 170-107번지
11290,13300,0,0170,0109,,,일반건축물,단독주택,주택,0,0,152.03,19690116,2,1,서울특별시 성북구 정릉동 170-109번지
11290,13300,0,0170,0118,,,일반건축물,단독주택,다가구용단독주택(5가구),0,0,299.74,19911105,2,1,서울특별시 성북구 정릉동 170-118번지
11290,13300,0,0170,0122,,,일반건축물,제2종근린생활시설,제2종근린생활시설,186,86.36,396.12,20060619,5,0,서울특별시 성북구 정릉동 170-122번지
11290,13300,0,0170,0123,,,일반건축물,단독주택,"주택,근린생활시설",293,126.02,225.99,,2,1,서울특별시 성북구 정릉동 170-123번지
11290,13300,0,0171,0001,,,일반건축물,단독주택,다가구용단독주택(9가구),178.71,107.03,407.02,19950703,3,1,서울특별시 성북구 정릉동 171-1번지
11290,13300,0,0171,0002,,,일반건축물,단독주택,"제1종근린생활시설, 주택",0,0,321.84,19910601,4,1,서울특별시 성북구 정릉동 171-2번지
11290,13300,0,0171,0003,,,일반건축물,단독주택,다가구용단독주택(3가구),0,0,148.98,19920520,2,1,서울특별시 성북구 정릉동 171-3번지
11290,13300,0,0171,0004,,,일반건축물,단독주택,주택,0,0,205.98,19640317,2,1,서울특별시 성북구 정릉동 171-4번지
11290,13300,0,0171,0005,,,일반건축물,단독주택,주택,0,0,42.05,19631026,1,0,서울특별시 성북구 정릉동 171-5번지
11290,13300,0,0171,0010,,,일반건축물,단독주택,"주택, 근린생활시설",0,0,78.22,19631025,1,1,서울특별시 성북구 정릉동 171-10번지
11290,13300,0,0171,0013,스타트빌,,표제부,공동주택,다세대주택,295.78,147.83,612.2,20210104,5,0,서울특별시 성북구 정릉동 171-13번지
11290,13300,0,0171,0014,,,일반건축물,제2종근린생활시설,"근린생활시설, 주택",0,0,442.62,19830826,3,1,서울특별시 성북구 정릉동 171-14번지
11290,13300,0,0171,0016,,,일반건축물,단독주택,주택,0,0,48.66,19631026,1,0,서울특별시 성북구 정릉동 171-16번지
11290,13300,0,0171,0017,,,일반건축물,단독주택,주택,0,0,39.8,19631026,1,0,서울특별시 성북구 정릉동 171-17번지
11290,13300,0,0171,0018,,,표제부,공동주택,다세대주택(3),87.14,53.42,149.7,19930622,2,1,서울특별시 성북구 정릉동 171-18번지
11290,13300,0,0171,0019,,,일반건축물,단독주택,주택,0,0,70.64,19631025,1,1,서울특별시 성북구 정릉동 171-19번지
11290,13300,0,0171,0021,,,일반건축물,제1종근린생활시설,"근린생활시설,주택",146,72.9,340.24,19880315,4,1,서울특별시 성북구 정릉동 171-21번지
11290,13300,0,0171,0022,,,일반건축물,단독주택,주택,0,0,39.8,19631026,1,0,서울특별시 성북구 정릉동 171-22번지
11290,13300,0,0171,0023,,,일반건축물,단독주택,단독주택,0,0,51.6,19631026,1,0,서울특별시 성북구 정릉동 171-23번지
11290,13300,0,0171,0024,,,일반건축물,단독주택,주택,0,0,40.89,19661120,1,0,서울특별시 성북구 정릉동 171-24번지
11290,13300,0,0171,0025,,,일반건축물,단독주택,주택,0,0,39.67,,1,0,서울특별시 성북구 정릉동 171-25번지
11290,13300,0,0171,0027,,,일반건축물,단독주택,주택,0,0,84.2,19750901,1,1,서울특별시 성북구 정릉동 171-27번지
11290,13300,0,0171,0029,,,일반건축물,단독주택,주택,0,0,166.68,19750913,2,1,서울특별시 성북구 정릉동 171-29번지
11290,13300,0,0171,0030,,,일반건축물,단독주택,주택,0,0,93.26,19750915,1,1,서울특별시 성북구 정릉동 171-30번지
11290,13300,0,0172,0003,파크뷰,,표제부,공동주택,다세대주택,211.8,104.64,512.03,20080627,4,1,서울특별시 성북구 정릉동 172-3번지
11290,13300,0,0172,0005,정원빌라트,,표제부,공동주택,다세대주택,415.74,177.8,831.98,20021113,4,1,서울특별시 성북구 정릉동 172-5번지
11290,13300,0,0172,0011,,,일반건축물,단독주택,주택,0,0,39.24,19651120,1,0,서울특별시 성북구 정릉동 172-11번지
11290,13300,0,0172,0011,,,일반건축물,단독주택,주택,0,0,43.5,19651130,1,0,서울특별시 성북구 정릉동 172-11번지
11290,13300,0,0172,0012,,,일반건축물,단독주택,주택,0,0,148.32,19850525,2,1,서울특별시 성북구 정릉동 172-12번지
11290,13300,0,0172,0017,,,일반건축물,단독주택,주택,63,0,29.28,19850630,1,0,서울특별시 성북구 정릉동 172-17번지
11290,13300,0,0172,0018,,,일반건축물,단독주택,주택,0,0,51.17,19580425,1,0,서울특별시 성북구 정릉동 172-18번지
11290,13300,0,0172,0019,,,일반건축물,단독주택,주택,0,0,49.24,19850630,1,0,서울특별시 성북구 정릉동 172-19번지
11290,13300,0,0172,0020,,,일반건축물,단독주택,주택,0,0,36.73,19640811,1,0,서울특별시 성북구 정릉동 172-20번지
11290,13300,0,0172,0030,탐라빌딩,,일반건축물,단독주택,"다가구주택(6가구), 근린생활시설",306,183.15,1091.31,20011228,5,1,서울특별시 성북구 정릉동 172-30번지
11290,13300,0,0172,0033,,,일반건축물,단독주택,주택,0,0,43.8,19671120,1,0,서울특별시 성북구 정릉동 172-33번지
11290,13300,0,0174,0007,,,일반건축물,제2종근린생활시설,"제2종근린생활시설, 주택",0,0,82,19731224,3,0,서울특별시 성북구 정릉동 174-7번지
11290,13300,0,0175,0000,,,표제부,공동주택,다세대주택,496,197.17,657.95,19990209,4,1,서울특별시 성북구 정릉동 175번지
11290,13300,0,0175,0003,,,표제부,공동주택,다세대주택(8세대),344,157.84,645.11,19920511,4,1,서울특별시 성북구 정릉동 175-3번지
11290,13300,0,0175,0004,,,표제부,공동주택,다세대주택(8세대),347,154.71,646.19,19920508,4,1,서울특별시 성북구 정릉동 175-4번지
11290,13300,0,0175,0005,짐랜드어린이집,,일반건축물,노유자시설,노유자시설(영유아보육시설),367,182.73,1024.26,20070905,5,1,서울특별시 성북구 정릉동 175-5번지
11290,13300,0,0175,0007,,,표제부,공동주택,"연립주택, 근린생활시설",430,196.02,1054.3,19980122,5,1,서울특별시 성북구 정릉동 175-7번지
11290,13300,0,0175,0008,,,표제부,공동주택,다세대주택,0,113.14,448.96,19910413,3,1,서울특별시 성북구 정릉동 175-8번지
11290,13300,0,0175,0009,,,표제부,공동주택,다세대주택(14세대),301,158.19,658.44,19940520,4,1,서울특별시 성북구 정릉동 175-9번지
11290,13300,0,0175,0010,,,표제부,공동주택,다세대주택(8세대),0,165.12,658.56,19920528,4,1,서울특별시 성북구 정릉동 175-10번지
11290,13300,0,0175,0011,,,표제부,공동주택,공동주택(다세대주택),291,136.08,528.16,20071115,5,0,서울특별시 성북구 정릉동 175-11번지
11290,13300,0,0175,0012,,,일반건축물,제1종근린생활시설,"제1종근린생활시설, 주택",0,0,484.31,19910208,3,1,서울특별시 성북구 정릉동 175-12번지
11290,13300,0,0175,0013,,,일반건축물,제1종근린생활시설,"근린생활시설, 주택",0,0,781.44,19880808,4,1,서울특별시 성북구 정릉동 175-13번지
11290,13300,0,0175,0014,,,일반건축물,제1종근린생활시설,"근린생활시설, 주택",0,0,367.56,19880202,4,1,서울특별시 성북구 정릉동 175-14번지
11290,13300,0,0175,0015,,,일반건축물,제1종근린생활시설,"근린생활시설, 주택",0,0,624.16,19880804,3,1,서울특별시 성북구 정릉동 175-15번지
11290,13300,0,0175,0016,,,일반건축물,제2종근린생활시설,"제1,2종근린생활시설,주택",0,0,877.03,19871231,4,1,서울특별시 성북구 정릉동 175-16번지
11290,13300,0,0175,0017,,,표제부,공동주택,"다세대주택, 근린생활시설",327,163.44,634.74,20080109,5,0,서울특별시 성북구 정릉동 175-17번지
11290,13300,0,0175,0018,,,일반건축물,제2종근린생활시설,"제2종근린생활시설, 연와조",0,0,706.15,19910425,4,1,서울특별시 성북구 정릉동 175-18번지
11290,13300,0,0175,0019,,,일반건축물,제1종근린생활시설,"근린생활시설, 주택",0,0,655.75,19891207,4,1,서울특별시 성북구 정릉동 175-19번지
11290,13300,0,0175,0020,,,일반건축물,제1종근린생활시설,제1종근린생활시설,0,0,314.68,19701203,1,1,서울특별시 성북구 정릉동 175-20번지
11290,13300,0,0175,0022,,,일반건축물,제1종근린생활시설,제1종근린생활시설,0,0,70.78,19650522,1,0,서울특별시 성북구 정릉동 175-22번지
11290,13300,0,0175,0024,,,일반건축물,제2종근린생활시설,근린생활시설,0,0,139.53,19640501,2,0,서울특별시 성북구 정릉동 175-24번지
11290,13300,0,0175,0025,,,일반건축물,제1종근린생활시설,제1종근린생활시설,0,0,92.99,19670520,2,0,서울특별시 성북구 정릉동 175-25번지
11290,13300,0,0175,0029,,,일반건축물,단독주택,주택,0,0,92.56,,1,0,서울특별시 성북구 정릉동 175-29번지
11290,13300,0,0175,0035,정릉 빌딩,,일반건축물,제2종근린생활시설,근린생활시설,53,26.34,120.84,20060901,4,1,서울특별시 성북구 정릉동 175-35번지
11290,13300,0,0175,0036,,,일반건축물,단독주택,"다가구주택,근린생활시설",89,71.5,239.22,19750805,4,0,서울특별시 성북구 정릉동 175-36번지
11290,13300,0,0175,0037,,,일반건축물,단독주택,주택,0,0,173.41,19771228,2,1,서울특별시 성북구 정릉동 175-37번지
11290,13300,0,0175,0039,,,일반건축물,제2종근린생활시설,"주택(1가구), 근린생활시설",301,143.27,249.74,,2,1,서울특별시 성북구 정릉동 175-39번지
11290,13300,0,0175,0040,,,일반건축물,단독주택,주택,0,0,167.01,19771209,2,1,서울특별시 성북구 정릉동 175-40번지
11290,13300,0,0175,0041,,,일반건축물,단독주택,주택,0,0,163.53,19781223,2,1,서울특별시 성북구 정릉동 175-41번지
11290,13300,0,0175,0042,,,일반건축물,단독주택,주택,0,0,140.99,19780110,2,1,서울특별시 성북구 정릉동 175-42번지
11290,13300,0,0175,0045,,,일반건축물,단독주택,주택,0,0,128.23,19780221,2,1,서울특별시 성북구 정릉동 175-45번지
11290,13300,0,0175,0046,,,일반건축물,단독주택,다가구용단독주택(6),139,79.86,325.6,19960803,3,1,서울특별시 성북구 정릉동 175-46번지
11290,13300,0,0175,0047,,,일반건축물,단독주택,주택,0,0,62.17,19760520,2,1,서울특별시 성북구 정릉동 175-47번지
11290,13300,0,0175,0052,,,일반건축물,단독주택,주택,0,0,174.36,19871228,2,1,서울특별시 성북구 정릉동 175-52번지
11290,13300,0,0175,0059,동신아트빌라,,표제부,공동주택,다세대주택(8세대),283,136.08,537.6,20071114,5,0,서울특별시 성북구 정릉동 175-59번지
11290,13300,0,0178,0020,,,일반건축물,단독주택,주택,0,0,39.67,19630905,1,0,서울특별시 성북구 정릉동 178-20번지
11290,13300,0,0178,0026,,,표제부,공동주택,다세대주택,0,104.82,314.46,19900703,2,1,서울특별시 성북구 정릉동 178-26번지
11290,13300,0,0178,0030,,,일반건축물,종교시설,종교시설(교회),939,517.65,1999.79,20000714,4,1,서울특별시 성북구 정릉동 178-30번지
11290,13300,0,0178,0044,,,일반건축물,단독주택,주택,0,0,97.06,19681201,1,1,서울특별시 성북구 정릉동 178-44번지
11290,13300,0,0178,0045,,,일반건축물,단독주택,주택,0,0,88.69,19670731,1,0,서울특별시 성북구 정릉동 178-45번지
11290,13300,0,0178,0049,,,일반건축물,단독주택,다가구용단독주택(7가구),198,110.73,384.19,19950906,3,1,서울특별시 성북구 정릉동 178-49번지
11290,13300,0,0178,0050,,,일반건축물,단독주택,다가구용단독주택(5가구),155,92.51,271.19,19950707,2,1,서울특별시 성북구 정릉동 178-50번지
11290,13300,0,0178,0051,,,일반건축물,단독주택,"주택, 근린생활시설",172,145.04,181.38,19670731,1,1,서울특별시 성북구 정릉동 178-51번지
11290,13300,0,0178,0052,,,일반건축물,단독주택,주택,0,0,105.78,19671210,1,1,서울특별시 성북구 정릉동 178-52번지
11290,13300,0,0178,0053,,,일반건축물,단독주택,주택,0,0,96.49,19671209,1,0,서울특별시 성북구 정릉동 178-53번지
11290,13300,0,0178,0054,,,일반건축물,단독주택,주택,0,0,83.64,19671016,1,0,서울특별시 성북구 정릉동 178-54번지
11290,13300,0,0178,0055,,,일반건축물,단독주택,주택,0,0,102.64,19670731,1,0,서울특별시 성북구 정릉동 178-55번지
11290,13300,0,0178,0056,,,일반건축물,단독주택,주택,0,0,101.72,19670731,1,0,서울특별시 성북구 정릉동 178-56번지
11290,13300,0,0178,0057,,,일반건축물,단독주택,"주택, 근린생활시설",0,0,119.63,19670731,1,1,서울특별시 성북구 정릉동 178-57번지
11290,13300,0,0178,0058,,,일반건축물,단독주택,다가구용단독주택(5가구),0,0,271.9,19920924,2,1,서울특별시 성북구 정릉동 178-58번지
11290,13300,0,0178,0059,,,일반건축물,단독주택,주택,0,0,249.21,19881123,2,1,서울특별시 성북구 정릉동 178-59번지
11290,13300,0,0178,0060,,,일반건축물,단독주택,주택,0,0,95.04,19670731,1,0,서울특별시 성북구 정릉동 178-60번지
11290,13300,0,0178,0061,,,일반건축물,단독주택,주택,0,0,94.02,19680229,1,0,서울특별시 성북구 정릉동 178-61번지
11290,13300,0,0178,0062,,,일반건축물,단독주택,주택,0,0,111.27,19671109,1,0,서울특별시 성북구 정릉동 178-62번지
11290,13300,0,0178,0063,,,일반건축물,제1종근린생활시설,"제1종근린생활시설(소매점,사무소)",336.07,167.22,649.92,19941230,3,1,서울특별시 성북구 정릉동 178-63번지
11290,13300,0,0178,0064,,,일반건축물,단독주택,주택,0,0,126.71,19660425,2,0,서울특별시 성북구 정릉동 178-64번지
11290,13300,0,0178,0065,,,일반건축물,단독주택,주택,0,0,97.95,19680229,1,0,서울특별시 성북구 정릉동 178-65번지
11290,13300,0,0178,0066,,,일반건축물,단독주택,주택,0,0,104.03,19670731,1,0,서울특별시 성북구 정릉동 178-66번지
11290,13300,0,0178,0069,,,일반건축물,단독주택,"주택, 근린생활시설",0,0,189,19891201,3,1,서울특별시 성북구 정릉동 178-69번지
11290,13300,0,0178,0090,,,표제부,공동주택,다세대주택,162.58,97.33,471.69,20030807,5,0,서울특별시 성북구 정릉동 178-90번지
11290,13300,0,0178,0093,,,일반건축물,단독주택,주택,0,0,247.32,19890125,2,1,서울특별시 성북구 정릉동 178-93번지
11290,13300,0,0178,0102,,,일반건축물,노유자시설,노유자시설,539,264.92,1540.3,20000113,5,1,서울특별시 성북구 정릉동 178-102번지
11290,13300,0,0181,0004,,,일반건축물,단독주택,주택,0,0,103.47,19750120,1,1,서울특별시 성북구 정릉동 181-4번지
11290,13300,0,0181,0005,,,일반건축물,단독주택,주택,0,0,86.41,19750620,1,1,서울특별시 성북구 정릉동 181-5번지
11290,13300,0,0181,0006,,,일반건축물,단독주택,주택,0,0,69.06,19730621,1,1,서울특별시 성북구 정릉동 181-6번지
11290,13300,0,0181,0007,,,일반건축물,단독주택,"다가구주택, 근린생활시설",114,74.64,195.33,19740823,3,0,서울특별시 성북구 정릉동 181-7번지
11290,13300,0,0181,0008,,,일반건축물,단독주택,주택,0,0,90.45,19730619,1,1,서울특별시 성북구 정릉동 181-8번지
11290,13300,0,0181,0009,,,일반건축물,단독주택,다가구용단독주택(4가구),0,0,183.93,19920226,2,1,서울특별시 성북구 정릉동 181-9번지
11290,13300,0,0181,0010,,,일반건축물,단독주택,다가구용단독주택(4가구),0,0,190.2,19920627,2,1,서울특별시 성북구 정릉동 181-10번지
11290,13300,0,0181,0011,,,일반건축물,단독주택,주택,0,0,129.9,19810629,2,1,서울특별시 성북구 정릉동 181-11번지
11290,13300,0,0181,0012,,,일반건축물,제1종근린생활시설,"점포, 사무실",0,0,163.67,19740711,2,1,서울특별시 성북구 정릉동 181-12번지
11290,13300,0,0181,0013,,,일반건축물,제1종근린생활시설,"근린생활시설, 주택",0,0,106.18,19690221,2,0,서울특별시 성북구 정릉동 181-13번지
11290,13300,0,0181,0014,,,일반건축물,단독주택,"주택, 점포",0,0,126.35,19740916,2,0,서울특별시 성북구 정릉동 181-14번지
11290,13300,0,0181,0015,,,일반건축물,단독주택,주택,0,0,140.57,19741230,2,0,서울특별시 성북구 정릉동 181-15번지
11290,13300,0,0181,0016,,,일반건축물,단독주택,주택,0,0,103.7,19740622,1,1,서울특별시 성북구 정릉동 181-16번지
11290,13300,0,0181,0017,,,일반건축물,단독주택,주택,0,0,152.13,19740622,2,1,서울특별시 성북구 정릉동 181-17번지
11290,13300,0,0181,0019,,,일반건축물,제1종근린생활시설,제1종근린생활시설,0,0,173.32,19741116,2,1,서울특별시 성북구 정릉동 181-19번지
11290,13300,0,0181,0022,,,일반건축물,노유자시설,노유자시설(보육시설),281,168.38,778.5,19961214,4,1,서울특별시 성북구 정릉동 181-22번지
11290,13300,0,0181,0023,,,일반건축물,단독주택,주택,0,0,249.3,19900302,2,1,서울특별시 성북구 정릉동 181-23번지
11290,13300,0,0181,0024,,,일반건축물,단독주택,주택,0,0,193.18,19731203,2,1,서울특별시 성북구 정릉동 181-24번지
11290,13300,0,0181,0025,,,일반건축물,단독주택,주택,0,0,147.18,19740710,1,1,서울특별시 성북구 정릉동 181-25번지
11290,13300,0,0181,0026,,,일반건축물,단독주택,주택,0,0,113.88,19740701,1,1,서울특별시 성북구 정릉동 181-26번지
11290,13300,0,0181,0027,,,일반건축물,단독주택,주택,0,0,160.09,,2,1,서울특별시 성북구 정릉동 181-27번지
11290,13300,0,0181,0028,,,일반건축물,단독주택,주택,0,0,137.03,19731203,1,1,서울특별시 성북구 정릉동 181-28번지
11290,13300,0,0181,0029,,,일반건축물,단독주택,다가구용단독주택(3가구),205,114.99,233.42,19941230,2,1,서울특별시 성북구 정릉동 181-29번지
11290,13300,0,0181,0030,,,일반건축물,단독주택,주택,0,0,168.52,19740203,2,1,서울특별시 성북구 정릉동 181-30번지
11290,13300,0,0181,0031,,,일반건축물,단독주택,주택,0,0,99.63,19740122,1,1,서울특별시 성북구 정릉동 181-31번지
11290,13300,0,0181,0032,,,일반건축물,단독주택,주택,0,0,90.41,19731220,1,1,서울특별시 성북구 정릉동 181-32번지
11290,13300,0,0181,0033,,,일반건축물,단독주택,"주택, 근린생활시설",0,0,197.01,19731227,2,1,서울특별시 성북구 정릉동 181-33번지
11290,13300,0,0181,0034,,,표제부,공동주택,다세대주택,0,197.9,657.5,19910409,3,1,서울특별시 성북구 정릉동 181-34번지
11290,13300,0,0181,0035,동신아트빌라,,표제부,공동주택,다세대주택,317,187.31,792.45,20020329,4,1,서울특별시 성북구 정릉동 181-35번지
11290,13300,0,0181,0036,,,일반건축물,단독주택,단독주택,202.21,101.98,233.54,19730817,2,1,서울특별시 성북구 정릉동 181-36번지
11290,13300,0,0181,0039,,,일반건축물,단독주택,주택,0,0,80.16,19740115,1,1,서울특별시 성북구 정릉동 181-39번지
11290,13300,0,0181,0040,,,일반건축물,단독주택,주택,0,0,233.06,19740203,2,1,서울특별시 성북구 정릉동 181-40번지
11290,13300,0,0181,0045,,,일반건축물,단독주택,주택,0,0,84.36,19731227,1,1,서울특별시 성북구 정릉동 181-45번지
11290,13300,0,0181,0046,,,표제부,공동주택,다세대주택,0,120.82,554,19910610,3,2,서울특별시 성북구 정릉동 181-46번지
11290,13300,0,0182,0001,,,일반건축물,단독주택,주택,0,0,96.89,19670508,2,0,서울특별시 성북구 정릉동 182-1번지
11290,13300,0,0182,0002,,,일반건축물,단독주택,주택,0,0,53.42,19660715,1,0,서울특별시 성북구 정릉동 182-2번지
11290,13300,0,0183,0000,,,일반건축물,단독주택,주택,0,0,49.59,19611231,1,0,서울특별시 성북구 정릉동 183번지
11290,13300,0,0183,0003,,,일반건축물,단독주택,주택,0,0,49.19,19610601,1,0,서울특별시 성북구 정릉동 183-3번지
11290,13300,0,0183,0004,,,일반건축물,단독주택,주택,0,0,44.13,19650805,1,0,서울특별시 성북구 정릉동 183-4번지
11290,13300,0,0183,0005,,,일반건축물,단독주택,주택,0,0,49.56,19680715,1,0,서울특별시 성북구 정릉동 183-5번지
11290,13300,0,0183,0006,,,일반건축물,단독주택,주택,0,0,20.66,19610710,1,0,서울특별시 성북구 정릉동 183-6번지
11290,13300,0,0183,0007,,,일반건축물,단독주택,주택,85.8,0,45.64,19850630,1,0,서울특별시 성북구 정릉동 183-7번지
11290,13300,0,0183,0008,,,일반건축물,단독주택,주택,0,0,19.07,19611231,1,0,서울특별시 성북구 정릉동 183-8번지
11290,13300,0,0183,0009,,,일반건축물,단독주택,주택,0,0,13.22,19611231,1,0,서울특별시 성북구 정릉동 183-9번지
11290,13300,0,0183,0010,,,일반건축물,단독주택,주택,0,0,36.43,19611231,1,0,서울특별시 성북구 정릉동 183-10번지
11290,13300,0,0183,0010,,,일반건축물,단독주택,주택,132,0,66.62,19840623,1,0,서울특별시 성북구 정릉동 183-10번지
11290,13300,0,0183,0011,,,일반건축물,단독주택,주택,69,0,36.07,19850630,1,0,서울특별시 성북구 정릉동 183-11번지
11290,13300,0,0183,0012,,,일반건축물,단독주택,주택,0,0,18.35,19611231,1,0,서울특별시 성북구 정릉동 183-12번지
11290,13300,0,0183,0014,,,일반건축물,단독주택,주택,0,0,150.68,19670815,2,1,서울특별시 성북구 정릉동 183-14번지
11290,13300,0,0183,0015,,,일반건축물,단독주택,주택,209.13,99.59,99.59,20010716,1,0,서울특별시 성북구 정릉동 183-15번지
11290,13300,0,0183,0016,,,일반건축물,단독주택,주택,0,0,117.52,19820628,1,1,서울특별시 성북구 정릉동 183-16번지
11290,13300,0,0183,0017,,,일반건축물,단독주택,주택,0,0,31.17,19610705,1,0,서울특별시 성북구 정릉동 183-17번지
11290,13300,0,0183,0017,,,일반건축물,단독주택,주택,72.6,0,32.57,19850630,1,0,서울특별시 성북구 정릉동 183-17번지
11290,13300,0,0183,0018,,,일반건축물,단독주택,주택,0,0,25.32,19610607,1,0,서울특별시 성북구 정릉동 183-18번지
11290,13300,0,0183,0019,,,일반건축물,단독주택,주택,0,0,46.51,19611231,1,0,서울특별시 성북구 정릉동 183-19번지
11290,13300,0,0183,0020,,,일반건축물,단독주택,다가구용단독주택(4가구),106.36,63.1,186.24,19931029,2,1,서울특별시 성북구 정릉동 183-20번지
11290,13300,0,0183,0022,,,일반건축물,단독주택,주택,72,0,33.24,19850630,1,0,서울특별시 성북구 정릉동 183-22번지
11290,13300,0,0183,0023,,,일반건축물,단독주택,주택,0,0,42.98,19611211,1,0,서울특별시 성북구 정릉동 183-23번지
11290,13300,0,0183,0024,,,일반건축물,단독주택,주택,29,0,23.34,19850108,1,0,서울특별시 성북구 정릉동 183-24번지
11290,13300,0,0183,0025,,,일반건축물,단독주택,주택,0,0,51.4,19630909,1,0,서울특별시 성북구 정릉동 183-25번지
11290,13300,0,0183,0026,,,일반건축물,단독주택,주택,0,0,31.04,19600405,1,0,서울특별시 성북구 정릉동 183-26번지
11290,13300,0,0183,0030,,,일반건축물,단독주택,주택,0,0,78.05,19751020,1,1,서울특별시 성북구 정릉동 183-30번지
11290,13300,0,0183,0031,,,일반건축물,단독주택,주택,0,0,15.7,19611231,1,0,서울특별시 성북구 정릉동 183-31번지
11290,13300,0,0183,0032,,,일반건축물,단독주택,주택,0,0,42.15,19611231,1,0,서울특별시 성북구 정릉동 183-32번지
11290,13300,0,0183,0032,,,표제부,공동주택,다세대주택(3세대),91.59,54.65,154.84,19930227,2,1,서울특별시 성북구 정릉동 183-32번지
11290,13300,0,0183,0037,,,일반건축물,단독주택,주택,0,0,164.43,19661201,2,1,서울특별시 성북구 정릉동 183-37번지
11290,13300,0,0183,0044,,,일반건축물,단독주택,다가구용단독주택(5가구),0,0,192.1,19921211,2,1,서울특별시 성북구 정릉동 183-44번지
11290,13300,0,0183,0045,,,일반건축물,단독주택,주택,66,0,30.34,19850430,1,0,서울특별시 성북구 정릉동 183-45번지
11290,13300,0,0183,0047,,,일반건축물,단독주택,주택,0,0,42.15,19651120,1,0,서울특별시 성북구 정릉동 183-47번지
11290,13300,0,0183,0050,,,일반건축물,단독주택,주택,79.2,0,45.52,19850630,1,0,서울특별시 성북구 정릉동 183-50번지
11290,13300,0,0183,0058,,,일반건축물,단독주택,주택,0,0,24.23,19651201,1,0,서울특별시 성북구 정릉동 183-58번지
11290,13300,0,0184,0003,,,일반건축물,단독주택,"다가구주택3가구, 소매점",73,43.78,137.85,19930610,3,1,서울특별시 성북구 정릉동 184-3번지
11290,13300,0,0184,0004,,,일반건축물,단독주택,다가구용단독주택(3가구),0,0,98.09,19910711,2,1,서울특별시 성북구 정릉동 184-4번지
11290,13300,0,0184,0006,,,일반건축물,단독주택,"다가구용단독주택(3가구), 근린생활시설",0,0,125.73,19910724,2,1,서울특별시 성북구 정릉동 184-6번지
11290,13300,0,0184,0008,,,일반건축물,단독주택,주택,0,0,50.94,19680120,1,0,서울특별시 성북구 정릉동 184-8번지
11290,13300,0,0184,0009,,,일반건축물,단독주택,"주택, 대피소",0,0,231.48,19890621,2,1,서울특별시 성북구 정릉동 184-9번지
11290,13300,0,0185,0054,,,일반건축물,단독주택,주택,0,0,35.6,19611231,1,0,서울특별시 성북구 정릉동 185-54번지
11290,13300,0,0185,0054,,,일반건축물,단독주택,주택,72.6,0,36,19850630,1,0,서울특별시 성북구 정릉동 185-54번지
11290,13300,0,0185,0065,,,일반건축물,단독주택,주택,0,0,23.77,19611231,1,0,서울특별시 성북구 정릉동 185-65번지
11290,13300,0,0185,0070,,,일반건축물,단독주택,주택,0,0,29.36,19611231,1,0,서울특별시 성북구 정릉동 185-70번지
11290,13300,0,0185,0071,,,일반건축물,단독주택,주택,50,0,24.34,19850630,1,0,서울특별시 성북구 정릉동 185-71번지
11290,13300,0,0185,0074,,,일반건축물,단독주택,주택,0,0,29.36,19611231,1,0,서울특별시 성북구 정릉동 185-74번지
11290,13300,0,0185,0080,,,일반건축물,단독주택,주택,0,0,22.74,19611231,1,0,서울특별시 성북구 정릉동 185-80번지
11290,13300,0,0185,0084,,,일반건축물,단독주택,주택,0,0,17.42,19611231,1,0,서울특별시 성북구 정릉동 185-84번지
11290,13300,0,0187,0003,,,일반건축물,단독주택,주택,0,0,26.45,19661020,1,0,서울특별시 성북구 정릉동 187-3번지
11290,13300,0,0189,0002,,,일반건축물,제1종근린생활시설,근린생활시설,0,0,66.12,19611031,1,0,서울특별시 성북구 정릉동 189-2번지
11290,13300,0,0189,0003,,,일반건축물,단독주택,주택,0,0,65.39,19611031,2,0,서울특별시 성북구 정릉동 189-3번지
11290,13300,0,0189,0004,,,일반건축물,단독주택,주택,0,0,71.67,19611031,2,0,서울특별시 성북구 정릉동 189-4번지
11290,13300,0,0192,0001,,,일반건축물,단독주택,주택,0,0,186.9,19831219,3,0,서울특별시 성북구 정릉동 192-1번지
11290,13300,0,0192,0002,,,표제부,공동주택,"공동주택,다세대주택",269,159.58,575.62,20030926,5,0,서울특별시 성북구 정릉동 192-2번지
11290,13300,0,0192,0003,,,표제부,공동주택,다세대주택,161.4,92.43,423.68,20030417,5,0,서울특별시 성북구 정릉동 192-3번지
11290,13300,0,0192,0057,,,표제부,공동주택,제2종근린생활시설 및 다세대주택(16세대),386.7,190.87,777.38,20130125,6,0,서울특별시 성북구 정릉동 192-57번지
11290,13300,0,0192,0058,,,일반건축물,단독주택,주택,0,0,153.13,19660520,1,1,서울특별시 성북구 정릉동 192-58번지
11290,13300,0,0192,0060,,,일반건축물,단독주택,주택,0,0,178.62,19800408,2,1,서울특별시 성북구 정릉동 192-60번지
11290,13300,0,0192,0066,,,일반건축물,단독주택,단독주택,128,63.98,108.58,19651025,1,1,서울특별시 성북구 정릉동 192-66번지
11290,13300,0,0192,0080,,,표제부,공동주택,다세대주택(6),188,112.7,405.3,20021012,4,0,서울특별시 성북구 정릉동 192-80번지
11290,13300,0,0192,0081,,,표제부,공동주택,연립주택,463.44,177.81,695.21,19940517,3,1,서울특별시 성북구 정릉동 192-81번지
11290,13300,0,0192,0082,나동,,일반건축물,단독주택,주택,0,0,320.49,19890703,2,1,서울특별시 성북구 정릉동 192-82번지
11290,13300,0,0192,0082,가동,,일반건축물,단독주택,주택,0,0,323.91,19890703,2,1,서울특별시 성북구 정릉동 192-82번지
11290,13300,0,0192,0083,,,일반건축물,단독주택,주택,0,0,135.14,19700720,2,1,서울특별시 성북구 정릉동 192-83번지
11290,13300,0,0192,0086,,,표제부,공동주택,다세대주택,0,0,190.38,19891222,2,1,서울특별시 성북구 정릉동 192-86번지
11290,13300,0,0192,0087,,,일반건축물,단독주택,"주택, 근린생활시설",0,0,331.08,19660830,2,1,서울특별시 성북구 정릉동 192-87번지
11290,13300,0,0192,0088,정릉빌라,,표제부,공동주택,다세대주택,304,182.07,657.83,20020403,4,1,서울특별시 성북구 정릉동 192-88번지
11290,13300,0,0192,0090,,,일반건축물,제1종근린생활시설,근린생활시설,281,168,688.77,20180911,6,0,서울특별시 성북구 정릉동 192-90번지
11290,13300,0,0192,0091,,,일반건축물,단독주택,"주택, 근린생활시설",0,0,222.71,19660401,2,1,서울특별시 성북구 정릉동 192-91번지
11290,13300,0,0192,0092,,,일반건축물,단독주택,"주택, 물치",0,0,171.21,19651025,2,1,서울특별시 성북구 정릉동 192-92번지
11290,13300,0,0192,0093,,,일반건축물,단독주택,주택,0,0,86.71,19690905,1,1,서울특별시 성북구 정릉동 192-93번지
11290,13300,0,0192,0095,,,일반건축물,단독주택,주택,0,0,200.58,19691125,2,1,서울특별시 성북구 정릉동 192-95번지
11290,13300,0,0192,0096,,,일반건축물,단독주택,주택,0,0,228.82,19760624,2,1,서울특별시 성북구 정릉동 192-96번지
11290,13300,0,0192,0110,,,일반건축물,단독주택,주택,0,0,37.32,19610829,1,0,서울특별시 성북구 정릉동 192-110번지
11290,13300,0,0192,0114,,,표제부,공동주택,다세대주택,219.1,121.444,549.1,19960809,4,1,서울특별시 성북구 정릉동 192-114번지
11290,13300,0,0192,0119,,,표제부,공동주택,다세대주택,279,165.77,620.54,20031021,5,0,서울특별시 성북구 정릉동 192-119번지
11290,13300,0,0192,0120,정릉동다세대,,표제부,공동주택,"공동주택,다세대주택",325,183.69,638.28,20031107,5,0,서울특별시 성북구 정릉동 192-120번지
11290,13300,0,0192,0133,,,일반건축물,단독주택,"단독주택, 근린생활시설",134,80.33,300.03,20050720,4,0,서울특별시 성북구 정릉동 192-133번지
11290,13300,0,0192,0136,,,일반건축물,제1종근린생활시설,"제1종근린생활시설, 주택",256,138.99,653.18,19950708,4,1,서울특별시 성북구 정릉동 192-136번지
11290,13300,0,0192,0152,,,일반건축물,단독주택,단독주택,248,146.12,514.31,20190801,5,0,서울특별시 성북구 정릉동 192-152번지
11290,13300,0,0192,0173,,,일반건축물,단독주택,"주택, 근린생활시설",202,119.37,256.47,19710910,2,1,서울특별시 성북구 정릉동 192-173번지
11290,13300,0,0192,0174,,,표제부,공동주택,다세대주택,202,120.6,533.19,19991203,3,2,서울특별시 성북구 정릉동 192-174번지
11290,13300,0,0192,0175,마이바움,,표제부,공동주택,"다세대주택, 근린생활시설",210,122.06,534.67,20151013,5,1,서울특별시 성북구 정릉동 192-175번지
11290,13300,0,0192,0176,,,일반건축물,노유자시설,노유자시설(노인복지시설),361,216,1321.92,19970911,5,1,서울특별시 성북구 정릉동 192-176번지
11290,13300,0,0192,0178,,,일반건축물,제2종근린생활시설,"주택, 근린생활시설",244,135.63,596.52,19890801,4,1,서울특별시 성북구 정릉동 192-178번지
11290,13300,0,0192,0181,스마트빌,,표제부,공동주택,공동주택,348,208.36,658.52,20131021,5,0,서울특별시 성북구 정릉동 192-181번지
11290,13300,0,0192,0182,스마트해피하우스,,표제부,공동주택,도시형생활주택(원룸형),231,132.54,460.67,20140701,5,0,서울특별시 성북구 정릉동 192-182번지
11290,13300,0,0192,0186,,,일반건축물,단독주택,"주택, 근린생활시설",0,0,179.14,19670131,2,1,서울특별시 성북구 정릉동 192-186번지
11290,13300,0,0192,0187,,,일반건축물,단독주택,주택,0,0,169.58,19661226,2,1,서울특별시 성북구 정릉동 192-187번지
11290,13300,0,0192,0188,,,표제부,공동주택,다세대주택,234.28,135.52,468.32,20180103,5,0,서울특별시 성북구 정릉동 192-188번지
11290,13300,0,0192,0190,,,일반건축물,단독주택,주택,0,0,173.37,19661226,2,1,서울특별시 성북구 정릉동 192-190번지
11290,13300,0,0192,0191,,,일반건축물,단독주택,주택,0,0,156.46,19661226,2,1,서울특별시 성북구 정릉동 192-191번지
11290,13300,0,0192,0192,평화빌라,,표제부,공동주택,"공동주택,다세대주택",314,179.44,840.26,20030623,4,1,서울특별시 성북구 정릉동 192-192번지
11290,13300,0,0192,0193,,,일반건축물,단독주택,주택,0,0,165.02,19681105,2,1,서울특별시 성북구 정릉동 192-193번지
11290,13300,0,0192,0194,,,일반건축물,단독주택,단독주택,0,0,216.93,19661226,2,1,서울특별시 성북구 정릉동 192-194번지
11290,13300,0,0192,0195,정릉다세대주택,,표제부,공동주택,공동주택(다세대),212,113.42,452.6,19961127,4,1,서울특별시 성북구 정릉동 192-195번지
11290,13300,0,0192,0196,,,일반건축물,단독주택,주택,0,0,162.39,19690504,2,1,서울특별시 성북구 정릉동 192-196번지
11290,13300,0,0192,0197,,,일반건축물,단독주택,주택,0,0,263.93,19710407,2,1,서울특별시 성북구 정릉동 192-197번지
11290,13300,0,0192,0198,,,표제부,공동주택,공동주택(다세대주택),217.5,130.41,536.43,20090929,5,1,서울특별시 성북구 정릉동 192-198번지
11290,13300,0,0192,0199,스마트힐 A동,,표제부,공동주택,도시형생활주택(단지형다세대),235.3,141.12,460.4,20181105,5,0,서울특별시 성북구 정릉동 192-199번지
11290,13300,0,0192,0200,세인빌,,표제부,공동주택,공동주택(다세대주택),280.6,165.47,690.66,20090105,4,1,서울특별시 성북구 정릉동 192-200번지
11290,13300,0,0192,0201,,,일반건축물,단독주택,단독주택(다가구주택),165,98.8,394.96,20131217,3,1,서울특별시 성북구 정릉동 192-201번지
11290,13300,0,0192,0202,스마트힐 B동,,표제부,공동주택,도시형생활주택(단지형다세대),236,141.4,468.88,20181105,5,0,서울특별시 성북구 정릉동 192-202번지
11290,13300,0,0192,0203,삼성팰리스,,표제부,공동주택,공동주택(다세대주택) 및 근린생활시설,330,196.94,840.64,20170922,5,2,서울특별시 성북구 정릉동 192-203번지
11290,13300,0,0192,0205,,,일반건축물,단독주택,다가구용단독주택(8가구),229,137.14,465.33,19931222,3,1,서울특별시 성북구 정릉동 192-205번지
11290,13300,0,0192,0209,,,일반건축물,단독주택,주택,222,126.35,219.55,20000803,1,0,서울특별시 성북구 정릉동 192-209번지
11290,13300,0,0192,0210,,,일반건축물,단독주택,주택,0,0,144.63,19670310,2,1,서울특별시 성북구 정릉동 192-210번지
11290,13300,0,0192,0212,,,표제부,공동주택,다세대주택,206.01,122.88,657.19,19960924,4,2,서울특별시 성북구 정릉동 192-212번지
11290,13300,0,0192,0213,신성쉐르빌,,표제부,공동주택,다세대주택,254,152.15,548.28,20080618,5,0,서울특별시 성북구 정릉동 192-213번지
11290,13300,0,0192,0214,,,일반건축물,단독주택,주택,0,0,125.39,19670310,2,1,서울특별시 성북구 정릉동 192-214번지
11290,13300,0,0192,0215,,,일반건축물,단독주택,주택,0,0,153.11,19691006,2,1,서울특별시 성북구 정릉동 192-215번지
11290,13300,0,0192,0217,,,일반건축물,단독주택,주택,0,0,223.14,19761220,2,1,서울특별시 성북구 정릉동 192-217번지
11290,13300,0,0192,0218,,,일반건축물,단독주택,주택,0,0,158.32,19710512,1,1,서울특별시 성북구 정릉동 192-218번지
11290,13300,0,0192,0219,,,일반건축물,단독주택,주택,0,0,391.87,19671105,3,1,서울특별시 성북구 정릉동 192-219번지
11290,13300,0,0192,0221,,,표제부,공동주택,공동주택(다세대주택),205,121.86,588.93,19950418,4,1,서울특별시 성북구 정릉동 192-221번지
11290,13300,0,0192,0222,,,일반건축물,단독주택,주택,0,0,257.95,19690106,2,1,서울특별시 성북구 정릉동 192-222번지
11290,13300,0,0192,0223,,,일반건축물,단독주택,다가구용단독주택(6가구),175,103.23,435.02,19970807,3,1,서울특별시 성북구 정릉동 192-223번지
11290,13300,0,0192,0224,,,표제부,공동주택,다세대주택(9세대),178,106.66,544.92,20020910,4,1,서울특별시 성북구 정릉동 192-224번지
11290,13300,0,0192,0225,,,일반건축물,단독주택,다가구용단독주택(2가구),175,103.76,295.5,19961212,3,0,서울특별시 성북구 정릉동 192-225번지
11290,13300,0,0192,0228,스마트하우스,,표제부,공동주택,공동주택(다세대주택),277,155.21,662.99,20181004,5,1,서울특별시 성북구 정릉동 192-228번지
11290,13300,0,0192,0229,,,일반건축물,단독주택,주택,0,0,210.84,19730419,2,1,서울특별시 성북구 정릉동 192-229번지
11290,13300,0,0192,0230,,,일반건축물,단독주택,주택,0,0,77.46,19690915,2,1,서울특별시 성북구 정릉동 192-230번지
11290,13300,0,0192,0231,,,일반건축물,단독주택,주택,0,0,135.37,19681030,2,1,서울특별시 성북구 정릉동 192-231번지
11290,13300,0,0192,0232,미우하우스,,표제부,공동주택,공동주택(다세대주택),175,104.38,345.65,20190124,5,0,서울특별시 성북구 정릉동 192-232번지
11290,13300,0,0192,0233,삼성그린빌라,,표제부,공동주택,다세대주택,357,212.03,677.91,20080717,5,0,서울특별시 성북구 정릉동 192-233번지
11290,13300,0,0192,0234,,,표제부,공동주택,공동주택(단지형다세대주택),340,190,865.39,20190222,5,1,서울특별시 성북구 정릉동 192-234번지
11290,13300,0,0192,0237,천우네오젠,,표제부,공동주택,도시형생활주택(단지형다세대),385.8,189.61,659.48,20181205,6,0,서울특별시 성북구 정릉동 192-237번지
11290,13300,0,0192,0240,,,표제부,공동주택,다세대주택,174,104.37,438.12,19961019,3,1,서울특별시 성북구 정릉동 192-240번지
11290,13300,0,0192,0255,,,일반건축물,단독주택,단독주택,263.19,142,567.73,20190502,5,0,서울특별시 성북구 정릉동 192-255번지
11290,13300,0,0192,0256,,,일반건축물,제2종근린생활시설,제2종근린생활시설,1234,740.13,3134.11,20120111,5,2,서울특별시 성북구 정릉동 192-256번지
11290,13300,0,0192,0261,,,일반건축물,단독주택,주택,0,0,193.46,19680901,2,1,서울특별시 성북구 정릉동 192-261번지
11290,13300,0,0192,0262,,,일반건축물,단독주택,단독주택,159,94.5,338.85,19931002,3,1,서울특별시 성북구 정릉동 192-262번지
11290,13300,0,0192,0263,,,일반건축물,제2종근린생활시설,근린생활시설,370,218.58,1463.2,19970722,6,2,서울특별시 성북구 정릉동 192-263번지
11290,13300,0,0192,0264,,,일반건축물,단독주택,다가구용단독주택(7가구),168,100.61,374.77,19941013,3,1,서울특별시 성북구 정릉동 192-264번지
11290,13300,0,0192,0265,,,일반건축물,단독주택,단독주택,0,0,196.76,19690908,2,1,서울특별시 성북구 정릉동 192-265번지
11290,13300,0,0192,0267,,,표제부,공동주택,다세대주택(9세대),173.73,103.33,614.47,19971231,4,2,서울특별시 성북구 정릉동 192-267번지
11290,13300,0,0192,0268,,,일반건축물,단독주택,주택,0,0,191.21,19730610,2,1,서울특별시 성북구 정릉동 192-268번지
11290,13300,0,0192,0269,,,표제부,공동주택,다세대주택,235,126.29,513.95,19970926,4,1,서울특별시 성북구 정릉동 192-269번지
11290,13300,0,0192,0270,,,일반건축물,제1종근린생활시설,근린생활시설,55,49.69,99.38,19661223,2,0,서울특별시 성북구 정릉동 192-270번지
11290,13300,0,0192,0271,,,일반건축물,단독주택,주택,0,0,199.2,19700225,3,1,서울특별시 성북구 정릉동 192-271번지
11290,13300,0,0192,0272,,,일반건축물,단독주택,주택,0,0,178.44,19720406,2,0,서울특별시 성북구 정릉동 192-272번지
11290,13300,0,0192,0274,,,일반건축물,단독주택,주택,212,83.31,175.71,19671205,2,1,서울특별시 성북구 정릉동 192-274번지
11290,13300,0,0192,0275,,,일반건축물,단독주택,주택,0,0,125.02,19671130,2,1,서울특별시 성북구 정릉동 192-275번지
11290,13300,0,0192,0276,,,표제부,공동주택,다세대주택,199.99,119.72,534.6,19970609,4,1,서울특별시 성북구 정릉동 192-276번지
11290,13300,0,0192,0280,,,일반건축물,단독주택,주택,0,0,91.51,19681203,1,0,서울특별시 성북구 정릉동 192-280번지
11290,13300,0,0192,0281,,,일반건축물,단독주택,주택,0,0,163.14,19671211,2,1,서울특별시 성북구 정릉동 192-281번지
11290,13300,0,0192,0367,,,일반건축물,단독주택,주택,0,0,77.46,19690915,2,1,서울특별시 성북구 정릉동 192-367번지
11290,13300,0,0192,0414,,,일반건축물,단독주택,다가구주택,0,0,168.17,19891222,2,1,서울특별시 성북구 정릉동 192-414번지
11290,13300,0,0192,0471,,,일반건축물,단독주택,단독주택,95,21.84,21.84,20060714,1,0,서울특별시 성북구 정릉동 192-471번지
11290,13300,0,0194,0006,,,일반건축물,제2종근린생활시설,제2종근린생활시설,204,100.38,309.05,20081222,4,0,서울특별시 성북구 정릉동 194-6번지
11290,13300,0,0194,0036,,,일반건축물,단독주택,주택,0,0,59.93,19690328,1,0,서울특별시 성북구 정릉동 194-36번지
11290,13300,0,0194,0037,,,일반건축물,단독주택,주택,0,0,55.43,19690320,1,0,서울특별시 성북구 정릉동 194-37번지
11290,13300,0,0194,0038,,,일반건축물,단독주택,주택,0,0,43.57,19690320,1,0,서울특별시 성북구 정릉동 194-38번지
11290,13300,0,0195,0002,,,일반건축물,단독주택,주택,0,0,178.5,19870831,2,1,서울특별시 성북구 정릉동 195-2번지
11290,13300,0,0195,0003,,,일반건축물,단독주택,주택,0,0,59.4,19650930,1,0,서울특별시 성북구 정릉동 195-3번지
11290,13300,0,0195,0004,,,일반건축물,단독주택,주택,0,0,86.72,19730628,1,1,서울특별시 성북구 정릉동 195-4번지
11290,13300,0,0195,0009,,,일반건축물,단독주택,주택,0,0,58.08,19650930,1,0,서울특별시 성북구 정릉동 195-9번지
11290,13300,0,0195,0010,,,일반건축물,단독주택,주택,0,0,83.37,19650930,1,1,서울특별시 성북구 정릉동 195-10번지
11290,13300,0,0195,0011,,,일반건축물,단독주택,주택,0,0,54.99,,1,0,서울특별시 성북구 정릉동 195-11번지
11290,13300,0,0195,0012,,,일반건축물,단독주택,주택,72.18,0,43.21,19840614,1,0,서울특별시 성북구 정릉동 195-12번지
11290,13300,0,0195,0013,,,일반건축물,단독주택,주택,0,0,52.4,19690930,1,0,서울특별시 성북구 정릉동 195-13번지
11290,13300,0,0195,0015,,,일반건축물,단독주택,주택,0,0,50.35,19650930,1,0,서울특별시 성북구 정릉동 195-15번지
11290,13300,0,0195,0018,,,표제부,공동주택,도시형생활주택,343,168.1,797.07,20151116,6,0,서울특별시 성북구 정릉동 195-18번지
11290,13300,0,0195,0019,솔샘리치빌,,표제부,공동주택,도시형생활주택(단지형다세대주택),322.8,160.95,659.64,20151026,6,0,서울특별시 성북구 정릉동 195-19번지
11290,13300,0,0195,0022,풍산집들이,,표제부,공동주택,"공동주택(다세대),제2종근린생활시설(사무소)",190.33,94.5,434.6,20160425,6,0,서울특별시 성북구 정릉동 195-22번지
11290,13300,0,0195,0026,,,일반건축물,단독주택,다가구용단독주택(3가구),0,0,154.44,19911125,2,1,서울특별시 성북구 정릉동 195-26번지
11290,13300,0,0195,0027,,,일반건축물,단독주택,다가구용단독주택(4가구),106,59.13,174.51,19930819,2,1,서울특별시 성북구 정릉동 195-27번지
11290,13300,0,0195,0028,,,일반건축물,단독주택,주택,0,0,65.55,19661125,1,0,서울특별시 성북구 정릉동 195-28번지
11290,13300,0,0195,0054,,,표제부,공동주택,공동주택(다세대주택),331,164.92,654.62,20140610,5,0,서울특별시 성북구 정릉동 195-54번지
11290,13300,0,0195,0057,,,일반건축물,단독주택,다가구용단독주택(3),82.17,51.02,119.9,19950923,2,1,서울특별시 성북구 정릉동 195-57번지
11290,13300,0,0195,0109,,,일반건축물,단독주택,주택,0,0,80.56,19730628,1,1,서울특별시 성북구 정릉동 195-109번지
11290,13300,0,0195,0110,,,일반건축물,단독주택,주택,0,0,79.24,19730625,1,1,서울특별시 성북구 정릉동 195-110번지
11290,13300,0,0195,0111,,,일반건축물,단독주택,주택,0,0,71.67,19730612,1,1,서울특별시 성북구 정릉동 195-111번지
11290,13300,0,0198,0009,다사로움,,일반건축물,단독주택,단독주택,73,36.21,143.09,20191002,5,0,서울특별시 성북구 정릉동 198-9번지
11290,13300,0,0198,0013,두원팰리스,,표제부,공동주택,공동주택(도시형생활주택(단지형다세대)),334,166.63,712.89,20160812,6,0,서울특별시 성북구 정릉동 198-13번지
11290,13300,0,0199,0002,,,일반건축물,단독주택,"근린생활시설,다가구주택",143.69,71.37,356.3,20150312,6,0,서울특별시 성북구 정릉동 199-2번지
11290,13300,0,0199,0003,,,일반건축물,단독주택,주택,0,0,146.18,19661020,2,1,서울특별시 성북구 정릉동 199-3번지
11290,13300,0,0199,0004,신성쉐르빌,,표제부,공동주택,"다세대주택,근린생활시설",284,141.16,628.97,20090210,5,0,서울특별시 성북구 정릉동 199-4번지
11290,13300,0,0199,0006,,,일반건축물,단독주택,다가구용단독주택(5가구),134.96,76.88,204.98,19931018,2,1,서울특별시 성북구 정릉동 199-6번지
11290,13300,0,0199,0007,,,일반건축물,제1종근린생활시설,주택,0,0,191.53,19641119,2,1,서울특별시 성북구 정릉동 199-7번지
11290,13300,0,0199,0009,,,일반건축물,단독주택,다가구용단독주택 (4가구),104.56,61.66,179.7,19940620,2,1,서울특별시 성북구 정릉동 199-9번지
11290,13300,0,0199,0010,,,일반건축물,단독주택,다가구주택(3가구),84.66,52.56,119.52,19940620,2,1,서울특별시 성북구 정릉동 199-10번지
11290,13300,0,0199,0011,,,일반건축물,단독주택,다가구용단독주택(3가구),80.82,50.79,119.73,19940624,2,1,서울특별시 성북구 정릉동 199-11번지
11290,13300,0,0199,0012,,,일반건축물,단독주택,다가구용단독주택(7가구),151.54,87.91,343.28,19931221,3,1,서울특별시 성북구 정릉동 199-12번지
11290,13300,0,0199,0014,,,일반건축물,제2종근린생활시설,"제2종근린생활시설, 주택",120,68.44,299.79,19940831,4,1,서울특별시 성북구 정릉동 199-14번지
11290,13300,0,0199,0016,,,일반건축물,제1종근린생활시설,"주택, 근린생활시설, 위험물저장및처리시설",116,55.26,229.62,19931209,3,1,서울특별시 성북구 정릉동 199-16번지
11290,13300,0,0200,0000,,,표제부,공동주택,근생(2)및다세대주택(4),167.86,99.71,328.56,20020806,4,0,서울특별시 성북구 정릉동 200번지
11290,13300,0,0200,0001,온가족 행복지원센터,,일반건축물,제2종근린생활시설,제2종근린생활시설(사무소),235,131.13,391.87,20181126,4,0,서울특별시 성북구 정릉동 200-1번지
11290,13300,0,0200,0006,,,일반건축물,단독주택,주택,0,0,31.57,19640530,1,0,서울특별시 성북구 정릉동 200-6번지
11290,13300,0,0200,0008,,,일반건축물,단독주택,단독주택,126,59.12,49.89,20161216,1,0,서울특별시 성북구 정릉동 200-8번지
11290,13300,0,0200,0011,,,일반건축물,단독주택,주택,0,0,62.81,19701221,1,1,서울특별시 성북구 정릉동 200-11번지
11290,13300,0,0200,0012,,,일반건축물,단독주택,주택,0,0,159.4,19730906,2,1,서울특별시 성북구 정릉동 200-12번지
11290,13300,0,0200,0015,,,일반건축물,단독주택,다가구용단독주택(6가구),121.24,72.67,290.08,19940609,3,1,서울특별시 성북구 정릉동 200-15번지
11290,13300,0,0201,0000,,,일반건축물,단독주택,주택,161.9,93.22,90.25,20000629,1,0,서울특별시 성북구 정릉동 201번지
11290,13300,0,0202,0000,,,일반건축물,단독주택,주택,0,0,19.83,19470902,1,0,서울특별시 성북구 정릉동 202번지
11290,13300,0,0202,0004,H.K팰리스 103동,,표제부,공동주택,공동주택,346.07,207.43,649.96,20190619,5,0,서울특별시 성북구 정릉동 202-4번지
11290,13300,0,0202,0013,,,일반건축물,단독주택,주택,0,0,75.5,19720928,1,1,서울특별시 성북구 정릉동 202-13번지
11290,13300,0,0202,0016,,,일반건축물,단독주택,주택,0,0,131.74,19711015,2,1,서울특별시 성북구 정릉동 202-16번지
11290,13300,0,0202,0017,,,일반건축물,단독주택,주택,0,0,145.32,19720710,1,1,서울특별시 성북구 정릉동 202-17번지
11290,13300,0,0202,0018,,,일반건축물,단독주택,주택,0,0,65.69,19721205,1,1,서울특별시 성북구 정릉동 202-18번지
11290,13300,0,0202,0023,건영위드빌,,표제부,공동주택,도시형생활주택(단지형다세대),339,200.01,652.2,20151110,5,0,서울특별시 성북구 정릉동 202-23번지
11290,13300,0,0202,0027,HK 팰리스 102동,,표제부,공동주택,공동주택,338.28,200.73,894.58,20190725,4,1,서울특별시 성북구 정릉동 202-27번지
11290,13300,0,0202,0032,HK 팰리스 101동,,표제부,공동주택,공동주택,336.96,200.73,904.49,20190725,4,1,서울특별시 성북구 정릉동 202-32번지
11290,13300,0,0202,0033,,,일반건축물,단독주택,"다가구용단독주택, 근린생활시설(소매점)",126,74.79,248.84,19930923,3,1,서울특별시 성북구 정릉동 202-33번지
11290,13300,0,0202,0034,,,일반건축물,단독주택,다가구용단독주택(4가구),109,65,190,19930914,2,1,서울특별시 성북구 정릉동 202-34번지
11290,13300,0,0202,0035,,,일반건축물,단독주택,다가구용단독주택(6가구),119,70.86,221.88,19930901,3,1,서울특별시 성북구 정릉동 202-35번지
11290,13300,0,0202,0036,예담채,,표제부,공동주택,공동주택(다세대주택),380.02,225.73,688.35,20220623,5,0,서울특별시 성북구 정릉동 202-36번지
11290,13300,0,0202,0039,,,일반건축물,단독주택,주택,0,0,63.9,19720928,1,1,서울특별시 성북구 정릉동 202-39번지
11290,13300,0,0202,0040,,,일반건축물,단독주택,주택,0,0,61.22,19721228,1,1,서울특별시 성북구 정릉동 202-40번지
11290,13300,0,0202,0041,,,일반건축물,단독주택,주택,0,0,68.49,19720615,1,1,서울특별시 성북구 정릉동 202-41번지
11290,13300,0,0202,0042,,,일반건축물,단독주택,주택,0,0,58.48,19720928,1,1,서울특별시 성북구 정릉동 202-42번지
11290,13300,0,0202,0043,,,일반건축물,단독주택,다가구용단독주택(4가구),93.24,55.89,226.22,19990622,3,1,서울특별시 성북구 정릉동 202-43번지
11290,13300,0,0202,0044,,,일반건축물,단독주택,주택,0,0,65.19,19720605,1,1,서울특별시 성북구 정릉동 202-44번지
11290,13300,0,0202,0045,,,일반건축물,단독주택,주택,0,0,65.25,19720605,1,1,서울특별시 성북구 정릉동 202-45번지
11290,13300,0,0202,0046,,,일반건축물,단독주택,주택,0,0,72.7,19720605,1,1,서울특별시 성북구 정릉동 202-46번지
11290,13300,0,0202,0047,,,일반건축물,단독주택,주택,0,0,68.53,19720605,1,1,서울특별시 성북구 정릉동 202-47번지
11290,13300,0,0202,0048,,,일반건축물,단독주택,주택,0,0,80.06,19720605,1,1,서울특별시 성북구 정릉동 202-48번지
11290,13300,0,0202,0050,,,일반건축물,단독주택,주택,0,0,65.22,19720907,1,1,서울특별시 성북구 정릉동 202-50번지
11290,13300,0,0202,0051,,,일반건축물,단독주택,주택,0,0,57.22,19730504,1,1,서울특별시 성북구 정릉동 202-51번지
11290,13300,0,0202,0053,,,일반건축물,단독주택,주택,0,0,63.51,19720720,1,1,서울특별시 성북구 정릉동 202-53번지
11290,13300,0,0202,0054,,,일반건축물,단독주택,주택,0,0,63.7,19720927,1,1,서울특별시 성북구 정릉동 202-54번지
11290,13300,0,0202,0055,,,일반건축물,단독주택,주택,0,0,65.02,19720907,1,1,서울특별시 성북구 정릉동 202-55번지
11290,13300,0,0202,0057,,,표제부,공동주택,다세대주택,735,334.92,1286.4,19940329,4,1,서울특별시 성북구 정릉동 202-57번지
11290,13300,0,0202,0058,,,표제부,공동주택,다세대주택(9세대),259,151.56,626.58,19940413,4,1,서울특별시 성북구 정릉동 202-58번지
11290,13300,0,0202,0061,,,표제부,공동주택,다세대주택,318,140.68,575.91,19940413,4,1,서울특별시 성북구 정릉동 202-61번지
11290,13300,0,0203,0001,,,표제부,공동주택,다세대주택,192.26,109.01,380.66,20200115,5,0,서울특별시 성북구 정릉동 203-1번지
11290,13300,0,0203,0007,참아름,,일반건축물,단독주택,단독주택,99.31,55.96,172.08,20200706,4,0,서울특별시 성북구 정릉동 203-7번지
11290,13300,0,0203,0008,반석스톤빌,,표제부,공동주택,도시형생활주택(단지형다세대),376.83,180.77,659.86,20160224,6,0,서울특별시 성북구 정릉동 203-8번지
11290,13300,0,0203,0014,동도하우스,,표제부,공동주택,공동주택(다세대주택),270.44,141,540.59,20160623,6,0,서울특별시 성북구 정릉동 203-14번지
11290,13300,0,0203,0017,,,일반건축물,단독주택,주택,0,0,58.51,19660526,1,0,서울특별시 성북구 정릉동 203-17번지
11290,13300,0,0203,0018,,,일반건축물,단독주택,다가구용단독주택(4가구),0,0,152.82,19910601,2,1,서울특별시 성북구 정릉동 203-18번지
11290,13300,0,0203,0019,,,일반건축물,단독주택,주택,0,0,62.11,19660526,1,0,서울특별시 성북구 정릉동 203-19번지
11290,13300,0,0203,0020,,,일반건축물,단독주택,주택,0,0,65.52,19660526,1,0,서울특별시 성북구 정릉동 203-20번지
11290,13300,0,0206,0000,,,일반건축물,단독주택,주택,0,0,76.79,19730705,1,1,서울특별시 성북구 정릉동 206번지
11290,13300,0,0206,0012,,,일반건축물,단독주택,주택,0,0,141.59,19780911,1,1,서울특별시 성북구 정릉동 206-12번지
11290,13300,0,0206,0017,,,일반건축물,단독주택,"주택, 근린생활시설",0,0,278.85,19910423,4,1,서울특별시 성북구 정릉동 206-17번지
11290,13300,0,0206,0024,,,일반건축물,단독주택,다가구용단독주택(4가구),0,0,161.9,19910322,2,1,서울특별시 성북구 정릉동 206-24번지
11290,13300,0,0206,0025,,,일반건축물,단독주택,다가구용단독주택(4가구),0,0,169.32,19910322,2,1,서울특별시 성북구 정릉동 206-25번지
11290,13300,0,0206,0026,,,일반건축물,단독주택,다가구주택(4가구),102.68,61.41,171.32,19930611,2,1,서울특별시 성북구 정릉동 206-26번지
11290,13300,0,0206,0027,,,일반건축물,단독주택,다가구주택(4가구),105.64,61.41,172.82,19930611,2,1,서울특별시 성북구 정릉동 206-27번지
11290,13300,0,0206,0028,,,일반건축물,단독주택,다가구용단독주택(3가구),93.29,55.53,163.09,19930611,2,1,서울특별시 성북구 정릉동 206-28번지
11290,13300,0,0206,0029,,,일반건축물,단독주택,주택,0,0,59.7,19660720,1,0,서울특별시 성북구 정릉동 206-29번지
11290,13300,0,0206,0030,,,일반건축물,단독주택,주택,0,0,91.94,19730910,1,1,서울특별시 성북구 정릉동 206-30번지
11290,13300,0,0206,0031,,,일반건축물,단독주택,주택,0,0,253.09,19740228,2,1,서울특별시 성북구 정릉동 206-31번지
11290,13300,0,0206,0032,,,일반건축물,단독주택,주택,0,0,72.99,19730705,1,1,서울특별시 성북구 정릉동 206-32번지
11290,13300,0,0206,0035,,,일반건축물,단독주택,주택 및 제2종근린생활시설,0,37.02,111.06,19901025,2,1,서울특별시 성북구 정릉동 206-35번지
11290,13300,0,0206,0043,,,일반건축물,단독주택,다가구용단독주택(4가구),86,51.04,147.84,19931206,2,1,서울특별시 성북구 정릉동 206-43번지
11290,13300,0,0206,0047,,,일반건축물,단독주택,주택,0,0,255.11,19731201,2,1,서울특별시 성북구 정릉동 206-47번지
11290,13300,0,0206,0048,,,일반건축물,단독주택,다가구용단독주택(16가구),298,165.6,637.25,20000419,3,1,서울특별시 성북구 정릉동 206-48번지
11290,13300,0,0206,0050,,,표제부,공동주택,다세대주택,286.52,171.4,870.42,20020603,4,1,서울특별시 성북구 정릉동 206-50번지
11290,13300,0,0206,0051,,,일반건축물,단독주택,다가구용단독주택(4가구),0,0,177.24,19910806,2,1,서울특별시 성북구 정릉동 206-51번지
11290,13300,0,0206,0060,천우네오젠,,표제부,공동주택,공동주택(단지형다세대),358,192.96,654.59,20190426,6,0,서울특별시 성북구 정릉동 206-60번지
11290,13300,0,0206,0061,,,일반건축물,단독주택,주택,0,0,77.69,19730918,1,1,서울특별시 성북구 정릉동 206-61번지
11290,13300,0,0206,0067,,,표제부,공동주택,"다세대주택(7세대), 근생",246.97,145.91,631.64,20060111,4,1,서울특별시 성북구 정릉동 206-67번지
11290,13300,0,0206,0068,,,일반건축물,단독주택,주택,0,0,155.7,19871130,2,1,서울특별시 성북구 정릉동 206-68번지
11290,13300,0,0206,0088,해드림,,표제부,공동주택,공동주택및제1종근린생활시설,381.73,214.52,692.89,20201112,5,0,서울특별시 성북구 정릉동 206-88번지
11290,13300,0,0206,0094,,,일반건축물,단독주택,"주택, 광",0,0,52.23,19690609,1,0,서울특별시 성북구 정릉동 206-94번지
11290,13300,0,0206,0097,,,일반건축물,단독주택,주택,0,0,51.74,19690609,1,0,서울특별시 성북구 정릉동 206-97번지
11290,13300,0,0206,0098,,,일반건축물,단독주택,주택,0,0,51.44,19690609,1,0,서울특별시 성북구 정릉동 206-98번지
11290,13300,0,0206,0099,수석 하이빌,,표제부,공동주택,연립주택,711,406.88,1934.8,20021015,4,1,서울특별시 성북구 정릉동 206-99번지
11290,13300,0,0206,0100,,,일반건축물,단독주택,주택,0,0,187.58,19781023,2,1,서울특별시 성북구 정릉동 206-100번지
11290,13300,0,0206,0101,가온팰리스,,표제부,공동주택,공동주택(다세대주택),238,142.74,618.66,20191023,4,1,서울특별시 성북구 정릉동 206-101번지
11290,13300,0,0206,0110,반석드림빌,,표제부,공동주택,도시형생활주택,419,230.7,1169.29,20200727,4,1,서울특별시 성북구 정릉동 206-110번지
11290,13300,0,0206,0114,,,일반건축물,단독주택,"단독주택, 근린생활시설",63,37.67,121.81,20220526,4,0,서울특별시 성북구 정릉동 206-114번지
11290,13300,0,0206,0115,,,일반건축물,단독주택,다가구용단독주택(3가구),96,57.42,169.76,19930622,2,1,서울특별시 성북구 정릉동 206-115번지
11290,13300,0,0206,0116,,,일반건축물,단독주택,주택,0,0,67.21,19710820,1,1,서울특별시 성북구 정릉동 206-116번지
11290,13300,0,0206,0118,,,일반건축물,단독주택,주택,0,0,190.97,19721116,2,1,서울특별시 성북구 정릉동 206-118번지
11290,13300,0,0206,0119,,,일반건축물,단독주택,주택,0,0,143.47,19721116,1,1,서울특별시 성북구 정릉동 206-119번지
11290,13300,0,0206,0120,천우네오젠,,표제부,공동주택,공동주택(단지형다세대),315.2,168.48,629.97,20190423,6,0,서울특별시 성북구 정릉동 206-120번지
11290,13300,0,0206,0123,,,표제부,공동주택,다세대주택,390,193.02,653.68,20021017,4,1,서울특별시 성북구 정릉동 206-123번지
11290,13300,0,0206,0125,,,일반건축물,단독주택,주택,0,0,84.03,19730705,1,1,서울특별시 성북구 정릉동 206-125번지
11290,13300,0,0206,0126,,,일반건축물,단독주택,주택,0,0,98.19,19730705,1,1,서울특별시 성북구 정릉동 206-126번지
11290,13300,0,0206,0130,가온팰리스,,표제부,공동주택,도시형생활주택,269,153.6,537.42,20200622,5,0,서울특별시 성북구 정릉동 206-130번지
11290,13300,0,0206,0133,가온팰리스,,표제부,공동주택,도시형생활주택,269,154.4,537.69,20200622,5,0,서울특별시 성북구 정릉동 206-133번지
11290,13300,0,0206,0136,반석빌라,,표제부,공동주택,공동주택(다세대주택),264,157.63,527.93,20190808,5,0,서울특별시 성북구 정릉동 206-136번지
11290,13300,0,0206,0139,반석드림빌,,표제부,공동주택,공동주택(다세대주택),305,182.88,609.72,20191025,5,0,서울특별시 성북구 정릉동 206-139번지
11290,13300,0,0206,0140,,,일반건축물,단독주택,주택,0,0,91.76,19731017,1,1,서울특별시 성북구 정릉동 206-140번지
11290,13300,0,0206,0141,행복드림빌,,표제부,공동주택,도시형생활주택,254,150.83,507.91,20200508,5,0,서울특별시 성북구 정릉동 206-141번지
11290,13300,0,0206,0142,행복드림빌,,표제부,공동주택,도시형생활주택,258.5,154.95,516.93,20200508,5,0,서울특별시 성북구 정릉동 206-142번지
11290,13300,0,0206,0144,,,일반건축물,단독주택,주택,0,0,74.71,19740412,1,1,서울특별시 성북구 정릉동 206-144번지
11290,13300,0,0206,0145,,,일반건축물,단독주택,주택,0,0,108.23,19750719,1,1,서울특별시 성북구 정릉동 206-145번지
11290,13300,0,0206,0146,,,일반건축물,단독주택,주택,0,0,73.42,19731220,1,1,서울특별시 성북구 정릉동 206-146번지
11290,13300,0,0206,0147,,,일반건축물,단독주택,주택,0,0,76.2,19731030,1,1,서울특별시 성북구 정릉동 206-147번지
11290,13300,0,0206,0148,,,일반건축물,단독주택,주택,0,0,80.86,19731112,1,1,서울특별시 성북구 정릉동 206-148번지
11290,13300,0,0206,0149,스테이캐슬 B동,,표제부,공동주택,공동주택,249.5,149.61,589.76,20220112,4,1,서울특별시 성북구 정릉동 206-149번지
11290,13300,0,0206,0151,스테이캐슬 A동,,표제부,공동주택,공동주택,288.5,163.03,675.68,20220112,4,1,서울특별시 성북구 정릉동 206-151번지
11290,13300,0,0206,0152,대성아트빌 152,,표제부,공동주택,공동주택(다세대주택),194.11,115.61,575.23,20181005,4,2,서울특별시 성북구 정릉동 206-152번지
11290,13300,0,0206,0153,대성아트빌 153,,표제부,공동주택,공동주택(다세대주택),261.06,155.14,804.62,20181002,4,2,서울특별시 성북구 정릉동 206-153번지
11290,13300,0,0206,0154,다온리치빌,,표제부,공동주택,도시형생활주택,463,276.48,925.76,20200514,5,0,서울특별시 성북구 정릉동 206-154번지
11290,13300,0,0206,0156,다온리치빌,,표제부,공동주택,도시형생활주택,474,279.1,928.72,20200514,5,0,서울특별시 성북구 정릉동 206-156번지
11290,13300,0,0206,0162,,,일반건축물,단독주택,주택,0,0,133.98,19780810,1,1,서울특별시 성북구 정릉동 206-162번지
11290,13300,0,0206,0163,,,일반건축물,단독주택,주택,0,0,130.02,19780812,2,1,서울특별시 성북구 정릉동 206-163번지
11290,13300,0,0206,0165,데코빌리지,,표제부,공동주택,다세대주택,265,158.74,652.06,20021113,4,1,서울특별시 성북구 정릉동 206-165번지
11290,13300,0,0206,0167,,,일반건축물,단독주택,주택,0,0,124.07,19780713,1,1,서울특별시 성북구 정릉동 206-167번지
11290,13300,0,0206,0168,정릉캐슬,,표제부,공동주택,도시형생활주택,826,210.05,1083.01,20200214,5,1,서울특별시 성북구 정릉동 206-168번지
11290,13300,0,0206,0168,정릉캐슬,,표제부,공동주택,도시형생활주택,826,218.41,857.03,20200214,5,1,서울특별시 성북구 정릉동 206-168번지
11290,13300,0,0206,0171,가온팰리스,,표제부,공동주택,공동주택(다세대주택),240,143.62,610.6,20191023,4,1,서울특별시 성북구 정릉동 206-171번지
11290,13300,0,0206,0172,,,표제부,공동주택,다세대주택,0,157.08,639.74,19910911,3,1,서울특별시 성북구 정릉동 206-172번지
11290,13300,0,0206,0177,,,표제부,공동주택,다세대주택(10세대),229,135.1,768.25,20020831,4,2,서울특별시 성북구 정릉동 206-177번지
11290,13300,0,0206,0179,온니원쉐르빌,,표제부,공동주택,다세대주택,302,180.12,839.57,20021126,4,1,서울특별시 성북구 정릉동 206-179번지
11290,13300,0,0206,0186,행복드림빌,,표제부,공동주택,도시형생활주택,369.5,220.85,659.95,20200526,5,0,서울특별시 성북구 정릉동 206-186번지
11290,13300,0,0210,0000,푸른마을 동아 아파트,,표제부,공동주택,아파트,0,775.88,18861.38,20031004,19,3,서울특별시 성북구 정릉동 210번지
11290,13300,0,0210,0000,푸른마을 동아 아파트,,표제부,공동주택,생활편익시설,0,248.33,956.9,20031004,3,1,서울특별시 성북구 정릉동 210번지
11290,13300,0,0210,0000,푸른마을 동아 아파트,,표제부,공동주택,아파트,0,440.6,7257.09,20031004,20,1,서울특별시 성북구 정릉동 210번지
11290,13300,0,0210,0000,푸른마을 동아 아파트,,표제부,공동주택,"주민공동시설,노인정,관리실",0,159.52,496.63,20031004,2,1,서울특별시 성북구 정릉동 210번지
11290,13300,0,0210,0000,푸른마을 동아 아파트,,표제부,공동주택,"경비실,주민공동시설",0,6.93,6.93,20031004,1,0,서울특별시 성북구 정릉동 210번지
11290,13300,0,0210,0000,푸른마을 동아 아파트,,표제부,공동주택,아파트,0,388.52,7028.29,20031004,18,1,서울특별시 성북구 정릉동 210번지
11290,13300,0,0210,0000,푸른마을 동아 아파트,,표제부,공동주택,아파트,0,440.6,7219.44,20031004,18,1,서울특별시 성북구 정릉동 210번지
11290,13300,0,0210,0000,푸른마을 동아 아파트,,표제부,공동주택,아파트,0,386.84,9529.94,20031004,20,2,서울특별시 성북구 정릉동 210번지
11290,13300,0,0210,0000,푸른마을 동아 아파트,,표제부,공동주택,경비실,0,6.93,6.93,20031004,1,0,서울특별시 성북구 정릉동 210번지
11290,13300,0,0210,0000,푸른마을 동아 아파트,,표제부,공동주택,경비실,0,6.93,6.93,20031004,1,0,서울특별시 성북구 정릉동 210번지
11290,13300,0,0210,0000,푸른마을 동아 아파트,,표제부,공동주택,아파트,0,788.78,16760.23,20031004,19,3,서울특별시 성북구 정릉동 210번지
11290,13300,0,0210,0000,푸른마을 동아 아파트,,표제부,공동주택,경비실,0,6.93,6.93,20031004,1,0,서울특별시 성북구 정릉동 210번지
11290,13300,0,0210,0000,푸른마을 동아 아파트,,표제부,공동주택,경비실,0,6.93,6.93,20031004,1,0,서울특별시 성북구 정릉동 210번지
11290,13300,0,0210,0000,푸른마을 동아 아파트,,표제부,공동주택,경비실,0,6.93,6.93,20031004,1,0,서울특별시 성북구 정릉동 210번지
11290,13300,0,0210,0000,푸른마을 동아 아파트,,표제부,공동주택,아파트,0,461.74,8599.08,20031004,15,2,서울특별시 성북구 정릉동 210번지
11290,13300,0,0211,0002,,,일반건축물,단독주택,주택,0,0,195.5,19671105,2,1,서울특별시 성북구 정릉동 211-2번지
11290,13300,0,0211,0007,,,일반건축물,단독주택,주택,0,0,93.16,19671210,1,1,서울특별시 성북구 정릉동 211-7번지
11290,13300,0,0211,0008,,,일반건축물,단독주택,주택,0,0,77.85,19690627,1,1,서울특별시 성북구 정릉동 211-8번지
11290,13300,0,0212,0009,,,일반건축물,단독주택,주택,0,0,147.2,19720404,2,1,서울특별시 성북구 정릉동 212-9번지
11290,13300,0,0218,0001,,,표제부,공동주택,다세대주택(11세대),284,148.11,588.14,19931222,3,1,서울특별시 성북구 정릉동 218-1번지
11290,13300,0,0218,0008,,,일반건축물,단독주택,주택,0,0,157.28,19740119,2,0,서울특별시 성북구 정릉동 218-8번지
11290,13300,0,0218,0009,,,일반건축물,단독주택,다가구용단독주택(4가구),155,89.18,250.28,19941109,2,1,서울특별시 성북구 정릉동 218-9번지
11290,13300,0,0218,0010,,,일반건축물,단독주택,주택,0,0,120.03,19731211,1,1,서울특별시 성북구 정릉동 218-10번지
11290,13300,0,0218,0011,,,표제부,공동주택,다세대주택,239,143.16,614.04,20080812,4,1,서울특별시 성북구 정릉동 218-11번지
11290,13300,0,0218,0012,,,일반건축물,단독주택,주택,0,0,48.59,19710327,1,0,서울특별시 성북구 정릉동 218-12번지
11290,13300,0,0218,0013,,,일반건축물,단독주택,다가구용단독주택(3가구),136,81.45,144,19930601,2,0,서울특별시 성북구 정릉동 218-13번지
11290,13300,0,0218,0015,,,일반건축물,단독주택,주택,0,0,85.56,19730409,1,1,서울특별시 성북구 정릉동 218-15번지
11290,13300,0,0218,0017,,,일반건축물,단독주택,주택,0,0,89.32,19740625,1,1,서울특별시 성북구 정릉동 218-17번지
11290,13300,0,0218,0018,금강빌라,,표제부,공동주택,다세대주택,238.41,138.66,580.93,19980630,4,1,서울특별시 성북구 정릉동 218-18번지
11290,13300,0,0218,0019,,,일반건축물,단독주택,다가구용단독주택(5가구),116,68.59,191.48,19940427,2,1,서울특별시 성북구 정릉동 218-19번지
11290,13300,0,0218,0021,한아름빌2차,,표제부,공동주택,공동주택(다세대주택),219,122.74,523.16,20181219,5,1,서울특별시 성북구 정릉동 218-21번지
11290,13300,0,0218,0022,,,일반건축물,단독주택,주택,0,0,233.43,19731227,2,1,서울특별시 성북구 정릉동 218-22번지
11290,13300,0,0218,0023,,,일반건축물,단독주택,주택,0,0,32.23,19710422,1,0,서울특별시 성북구 정릉동 218-23번지
11290,13300,0,0218,0024,그레이스빌,,표제부,공동주택,공동주택(다세대주택),334,198.9,659.98,20060126,5,0,서울특별시 성북구 정릉동 218-24번지
11290,13300,0,0218,0026,,,일반건축물,단독주택,다가구용 단독주택,0,0,200.52,19910406,2,1,서울특별시 성북구 정릉동 218-26번지
11290,13300,0,0218,0028,,,표제부,공동주택,다세대주택(6세대),139,79.2,207.73,20061013,4,0,서울특별시 성북구 정릉동 218-28번지
11290,13300,0,0218,0031,,,일반건축물,단독주택,주택,0,0,57.02,19710327,1,0,서울특별시 성북구 정릉동 218-31번지
11290,13300,0,0218,0032,,,일반건축물,단독주택,주택,0,0,75.01,19730312,1,1,서울특별시 성북구 정릉동 218-32번지
11290,13300,0,0218,0033,,,일반건축물,단독주택,다가구용단독주택(5가구),99,58.88,176.64,19931223,2,1,서울특별시 성북구 정릉동 218-33번지
11290,13300,0,0218,0034,,,일반건축물,단독주택,주택,0,0,202.66,19890601,2,1,서울특별시 성북구 정릉동 218-34번지
11290,13300,0,0218,0035,,,표제부,공동주택,다세대주택(5세대),172,102.9,308.7,19940401,2,1,서울특별시 성북구 정릉동 218-35번지
11290,13300,0,0218,0036,,,일반건축물,단독주택,다가구용단독주택(5가구),218,115.61,370.67,19970730,3,1,서울특별시 성북구 정릉동 218-36번지
11290,13300,0,0218,0037,,,일반건축물,단독주택,주택,0,0,88.2,19740208,1,1,서울특별시 성북구 정릉동 218-37번지
11290,13300,0,0218,0038,,,일반건축물,단독주택,주택,0,0,157.49,19731112,2,1,서울특별시 성북구 정릉동 218-38번지
11290,13300,0,0218,0039,,,일반건축물,단독주택,주택,0,0,115.87,19741206,1,1,서울특별시 성북구 정릉동 218-39번지
11290,13300,0,0218,0043,,,표제부,공동주택,다세대주택(3세대),81.41,48.34,87.56,20061018,3,0,서울특별시 성북구 정릉동 218-43번지
11290,13300,0,0220,0000,,,일반건축물,단독주택,주택,0,0,81.35,19730625,1,1,서울특별시 성북구 정릉동 220번지
11290,13300,0,0221,0003,,,일반건축물,단독주택,주택,0,0,176.67,19841108,2,1,서울특별시 성북구 정릉동 221-3번지
11290,13300,0,0221,0004,,,일반건축물,단독주택,주택,0,0,42.24,19670624,1,0,서울특별시 성북구 정릉동 221-4번지
11290,13300,0,0221,0006,,,일반건축물,단독주택,주택,0,0,185.92,19841108,2,1,서울특별시 성북구 정릉동 221-6번지
11290,13300,0,0222,0002,,,표제부,공동주택,공동주택(다세대주택),275,164.84,548.76,20110614,5,0,서울특별시 성북구 정릉동 222-2번지
11290,13300,0,0222,0004,명안가 8차,,일반건축물,단독주택,단독주택(다중주택),185,106.39,369.8,20181218,5,0,서울특별시 성북구 정릉동 222-4번지
11290,13300,0,0222,0006,,,일반건축물,단독주택,주택,0,0,102.31,19820306,2,1,서울특별시 성북구 정릉동 222-6번지
11290,13300,0,0223,0000,미소빌리지,,표제부,공동주택,공동주택(다세대주택),182,102.27,346.33,20081106,5,0,서울특별시 성북구 정릉동 223번지
11290,13300,0,0223,0001,,,표제부,공동주택,연립주택,0,406.81,1017.85,19820120,2,1,서울특별시 성북구 정릉동 223-1번지
11290,13300,0,0223,0003,미소빌리지2차,,표제부,공동주택,다세대주택,149,83.4,297.36,20090212,5,0,서울특별시 성북구 정릉동 223-3번지
11290,13300,0,0223,0004,,,일반건축물,단독주택,주택,0,0,69.45,19740109,1,1,서울특별시 성북구 정릉동 223-4번지
11290,13300,0,0223,0005,,,일반건축물,단독주택,단독주택,116,38.5,38.5,20051111,1,0,서울특별시 성북구 정릉동 223-5번지
11290,13300,0,0223,0012,,,일반건축물,노유자시설,노인정,0,0,66.25,19820120,1,0,서울특별시 성북구 정릉동 223-12번지
11290,13300,0,0226,0001,,,일반건축물,단독주택,주택,0,0,270.48,19881228,2,1,서울특별시 성북구 정릉동 226-1번지
11290,13300,0,0226,0002,정릉쉐르빌,,표제부,공동주택,다세대주택,235,139.04,548.16,20021028,5,0,서울특별시 성북구 정릉동 226-2번지
11290,13300,0,0226,0003,,,일반건축물,단독주택,주택,0,0,146.08,19820817,2,1,서울특별시 성북구 정릉동 226-3번지
11290,13300,0,0226,0004,,,표제부,공동주택,다세대주택,0,163.5,654,19910312,3,1,서울특별시 성북구 정릉동 226-4번지
11290,13300,0,0226,0005,,,일반건축물,단독주택,주택,0,0,94.08,,1,0,서울특별시 성북구 정릉동 226-5번지
11290,13300,0,0226,0006,,,일반건축물,단독주택,다가구주택,196,83.16,249.48,20001122,3,0,서울특별시 성북구 정릉동 226-6번지
11290,13300,0,0226,0008,,,일반건축물,단독주택,주택,0,0,196.63,19800830,2,1,서울특별시 성북구 정릉동 226-8번지
11290,13300,0,0226,0009,,,일반건축물,단독주택,주택,0,0,64.69,,1,0,서울특별시 성북구 정릉동 226-9번지
11290,13300,0,0226,0010,,,일반건축물,단독주택,주택,0,0,49.59,,1,0,서울특별시 성북구 정릉동 226-10번지
11290,13300,0,0226,0011,,,일반건축물,단독주택,주택,0,0,59.5,,1,0,서울특별시 성북구 정릉동 226-11번지
11290,13300,0,0226,0012,,,일반건축물,단독주택,주택,0,0,49.59,,1,0,서울특별시 성북구 정릉동 226-12번지
11290,13300,0,0226,0013,,,일반건축물,단독주택,주택,0,0,49.59,,1,0,서울특별시 성북구 정릉동 226-13번지
11290,13300,0,0226,0014,,,표제부,공동주택,다세대주택,0,121.24,504.72,19910708,3,1,서울특별시 성북구 정릉동 226-14번지
11290,13300,0,0226,0015,부성홈타운A,,표제부,공동주택,다세대주택(9),303,150.04,659.77,20021008,4,1,서울특별시 성북구 정릉동 226-15번지
11290,13300,0,0226,0016,,,표제부,공동주택,다세대주택,0,170.52,659.44,19910610,3,1,서울특별시 성북구 정릉동 226-16번지
11290,13300,0,0226,0018,,,표제부,공동주택,다세대주택,0,74.71,347.74,19910429,3,2,서울특별시 성북구 정릉동 226-18번지
11290,13300,0,0226,0019,,,표제부,공동주택,다세대주택,0,164.85,659.4,19910429,3,1,서울특별시 성북구 정릉동 226-19번지
11290,13300,0,0226,0020,,,일반건축물,단독주택,주택,0,0,162.14,,1,1,서울특별시 성북구 정릉동 226-20번지
11290,13300,0,0226,0021,,,표제부,공동주택,다세대주택,0,61.48,184.44,19860814,2,1,서울특별시 성북구 정릉동 226-21번지
11290,13300,0,0226,0022,,,일반건축물,단독주택,단독주택,114,62.05,212.54,19890609,3,1,서울특별시 성북구 정릉동 226-22번지
11290,13300,0,0226,0023,,,표제부,공동주택,다세대주택,0,94.92,284.76,19901231,2,1,서울특별시 성북구 정릉동 226-23번지
11290,13300,0,0226,0024,삼성파크빌,,표제부,공동주택,공동주택(다세대주택),344,197.44,656.53,20170522,5,0,서울특별시 성북구 정릉동 226-24번지
11290,13300,0,0226,0025,home N,,표제부,공동주택,제2종근린생활시설및도시형생활주택(원룸형),344.5,187,867.47,20120217,5,1,서울특별시 성북구 정릉동 226-25번지
11290,13300,0,0226,0027,,,일반건축물,단독주택,다가구용단독주택(10가구),230.2,137.04,523.73,19950111,3,1,서울특별시 성북구 정릉동 226-27번지
11290,13300,0,0226,0029,,,일반건축물,단독주택,주택,0,0,159.34,19790308,2,1,서울특별시 성북구 정릉동 226-29번지
11290,13300,0,0226,0030,,,표제부,공동주택,다세대주택(7세대),197.94,118.08,424.5,20010515,4,0,서울특별시 성북구 정릉동 226-30번지
11290,13300,0,0226,0032,,,표제부,공동주택,다세대주택,0,116.61,459.94,19910910,3,1,서울특별시 성북구 정릉동 226-32번지
11290,13300,0,0226,0033,,,표제부,공동주택,다세대주택(7세대),321.24,183.26,645.26,19930223,3,1,서울특별시 성북구 정릉동 226-33번지
11290,13300,0,0226,0034,,,표제부,공동주택,공동주택,315.79,176.98,740.07,20090902,4,1,서울특별시 성북구 정릉동 226-34번지
11290,13300,0,0226,0035,예인빌라,,표제부,공동주택,다세대주택(8세대),210,123.7,573.76,20120531,4,1,서울특별시 성북구 정릉동 226-35번지
11290,13300,0,0226,0036,,,일반건축물,단독주택,주택,0,0,49.59,,1,0,서울특별시 성북구 정릉동 226-36번지
11290,13300,0,0226,0037,,,일반건축물,단독주택,주택,0,0,301.05,19891209,2,1,서울특별시 성북구 정릉동 226-37번지
11290,13300,0,0226,0038,,,표제부,공동주택,다세대주택(11세대),347,199.8,640.18,19950812,3,1,서울특별시 성북구 정릉동 226-38번지
11290,13300,0,0226,0039,예인빌라,,표제부,공동주택,다세대주택(12세대),347,206.52,922.12,20120622,4,1,서울특별시 성북구 정릉동 226-39번지
11290,13300,0,0226,0040,,,표제부,공동주택,공동주택(다세대주택),223,132.89,564.67,20070730,4,1,서울특별시 성북구 정릉동 226-40번지
11290,13300,0,0226,0041,,,일반건축물,단독주택,주택,181.21,92.41,155.97,,2,0,서울특별시 성북구 정릉동 226-41번지
11290,13300,0,0226,0042,,,표제부,공동주택,다세대주택,0,116.3,329.37,19880526,2,1,서울특별시 성북구 정릉동 226-42번지
11290,13300,0,0226,0043,,,일반건축물,단독주택,다가구용 단독주택(4가구),0,0,247.83,19901024,2,1,서울특별시 성북구 정릉동 226-43번지
11290,13300,0,0226,0043,,,일반건축물,단독주택,주택,0,0,49.59,,1,0,서울특별시 성북구 정릉동 226-43번지
11290,13300,0,0226,0044,골든빌B동,,표제부,공동주택,다세대주택,529,153.98,529.36,20081229,5,0,서울특별시 성북구 정릉동 226-44번지
11290,13300,0,0226,0044,골든빌A동,,표제부,공동주택,다세대주택,529,153.9,528.04,20081229,5,0,서울특별시 성북구 정릉동 226-44번지
11290,13300,0,0226,0046,서경빌라,,표제부,공동주택,다세대주택,287,171.82,872.49,20080502,4,1,서울특별시 성북구 정릉동 226-46번지
11290,13300,0,0226,0047,,,표제부,공동주택,연립주택,0,177.33,707.41,19870312,3,1,서울특별시 성북구 정릉동 226-47번지
11290,13300,0,0226,0048,,,표제부,공동주택,다세대주택(11세대),343.99,188.14,799.31,20020724,4,1,서울특별시 성북구 정릉동 226-48번지
11290,13300,0,0226,0049,,,일반건축물,제2종근린생활시설,제2종근린생활시설,291,80.15,129.9,20140314,2,0,서울특별시 성북구 정릉동 226-49번지
11290,13300,0,0226,0050,,,일반건축물,단독주택,다가구용 단독주택(6가구),0,0,396.6,19901123,2,2,서울특별시 성북구 정릉동 226-50번지
11290,13300,0,0226,0051,현인빌라,,표제부,공동주택,다세대주택,258,143.28,507.59,20121130,5,0,서울특별시 성북구 정릉동 226-51번지
11290,13300,0,0226,0052,,,일반건축물,단독주택,다가구용 단독주택(4가구),0,0,248.97,19910912,2,1,서울특별시 성북구 정릉동 226-52번지
11290,13300,0,0226,0053,남원빌라,,표제부,공동주택,다세대주택,298,177.24,700.95,20051219,5,0,서울특별시 성북구 정릉동 226-53번지
11290,13300,0,0226,0054,,,일반건축물,단독주택,주택,0,0,159.37,19790823,1,1,서울특별시 성북구 정릉동 226-54번지
11290,13300,0,0226,0055,,,일반건축물,단독주택,주택,0,0,154.16,19900528,2,1,서울특별시 성북구 정릉동 226-55번지
11290,13300,0,0226,0056,,,표제부,공동주택,"공동주택,다세대주택(10세대)",339,189.73,655.75,20020720,5,0,서울특별시 성북구 정릉동 226-56번지
11290,13300,0,0226,0062,,,표제부,공동주택,다세대주택,0,126.06,611.76,19920615,4,1,서울특별시 성북구 정릉동 226-62번지
11290,13300,0,0226,0063,신동방빌라,,표제부,공동주택,공동(다세대)주택,228,135.25,557.87,20001021,4,1,서울특별시 성북구 정릉동 226-63번지
11290,13300,0,0226,0065,,,표제부,공동주택,공동주택(다세대주택),301.7,142.32,531.36,20160607,5,0,서울특별시 성북구 정릉동 226-65번지
11290,13300,0,0226,0066,선우쉐르빌,,표제부,공동주택,다세대주택,324,194.24,875.19,20021031,4,1,서울특별시 성북구 정릉동 226-66번지
11290,13300,0,0226,0078,,,표제부,공동주택,다세대주택,137,82.13,400.3,20021004,4,1,서울특별시 성북구 정릉동 226-78번지
11290,13300,0,0226,0079,,,일반건축물,단독주택,주택,0,0,106.12,19800421,2,1,서울특별시 성북구 정릉동 226-79번지
11290,13300,0,0226,0086,,,표제부,공동주택,다세대주택(7세대),165,98.82,431.74,20020819,4,1,서울특별시 성북구 정릉동 226-86번지
11290,13300,0,0226,0089,,,일반건축물,단독주택,단독주택,0,0,193.93,19861028,2,1,서울특별시 성북구 정릉동 226-89번지
11290,13300,0,0226,0090,,,표제부,공동주택,다세대주택,0,62.25,186.75,19860814,2,1,서울특별시 성북구 정릉동 226-90번지
11290,13300,0,0226,0093,,,일반건축물,단독주택,단독주택,0,0,140.88,19890109,2,1,서울특별시 성북구 정릉동 226-93번지
11290,13300,0,0226,0095,,,일반건축물,단독주택,주택,0,0,164.58,19890609,2,1,서울특별시 성북구 정릉동 226-95번지
11290,13300,0,0226,0097,,,일반건축물,단독주택,다가구용 단독주택(4세대),0,0,244.05,19901024,2,1,서울특별시 성북구 정릉동 226-97번지
11290,13300,0,0226,0098,,,일반건축물,단독주택,단독주택,115,61.31,175.23,19980818,2,1,서울특별시 성북구 정릉동 226-98번지
11290,13300,0,0227,0000,,,일반건축물,제2종근린생활시설,근린생활시설,157,93.06,426.37,20080703,4,1,서울특별시 성북구 정릉동 227번지
11290,13300,0,0227,0002,,,표제부,공동주택,다세대주택,0,96.78,317.34,19910223,2,1,서울특별시 성북구 정릉동 227-2번지
11290,13300,0,0227,0009,,,일반건축물,제2종근린생활시설,사찰,0,0,189.49,19800908,1,1,서울특별시 성북구 정릉동 227-9번지
11290,13300,0,0227,0010,,,일반건축물,종교시설,종교시설(사찰),0,0,426.36,19910629,2,1,서울특별시 성북구 정릉동 227-10번지
11290,13300,0,0227,0014,리코하이빌,,일반건축물,단독주택,단독주택(다중주택),137,81.6,273.6,20180918,4,0,서울특별시 성북구 정릉동 227-14번지
11290,13300,0,0227,0015,,,일반건축물,제2종근린생활시설,"제2종근린생활시설,단독주택",145,86.93,287.56,20090915,4,0,서울특별시 성북구 정릉동 227-15번지
11290,13300,0,0227,0017,청학빌,,일반건축물,제2종근린생활시설,"제2종근린생활시설,단독주택",195,107.6,383.92,20110308,4,0,서울특별시 성북구 정릉동 227-17번지
11290,13300,0,0227,0019,,,표제부,공동주택,다세대주택,0,74.9,301.74,19921215,3,1,서울특별시 성북구 정릉동 227-19번지
11290,13300,0,0227,0020,,,일반건축물,단독주택,주택,0,0,63.14,19761022,1,1,서울특별시 성북구 정릉동 227-20번지
11290,13300,0,0227,0021,대림파크빌,,표제부,공동주택,다세대주택,218,130.78,435.33,20141202,5,0,서울특별시 성북구 정릉동 227-21번지
11290,13300,0,0227,0022,이라맨션,,표제부,공동주택,다세대주택(10세대),339,203.28,909.18,20081001,4,1,서울특별시 성북구 정릉동 227-22번지
11290,13300,0,0227,0024,,,표제부,공동주택,다세대주택(8),254,151.08,507.68,20070905,5,0,서울특별시 성북구 정릉동 227-24번지
11290,13300,0,0227,0026,이안휴빌,,표제부,공동주택,공동주택(도시형생활주택원룸형),225.63,130.56,451,20131022,5,0,서울특별시 성북구 정릉동 227-26번지
11290,13300,0,0227,0027,,,표제부,공동주택,다세대주택,0,74.37,223.11,19901220,2,1,서울특별시 성북구 정릉동 227-27번지
11290,13300,0,0227,0028,,,일반건축물,제2종근린생활시설,제2종근린생활시설(독서실),231,128.42,597.37,20071211,5,1,서울특별시 성북구 정릉동 227-28번지
11290,13300,0,0227,0029,다움파크빌2,,표제부,공동주택,공동주택(도시형생활주택(원룸형다세대)),166.9,99.18,333.72,20130715,5,0,서울특별시 성북구 정릉동 227-29번지
11290,13300,0,0227,0030,예린빌딩,,일반건축물,제2종근린생활시설,제2종근린생활시설,267,157.6,671.2,20090113,5,1,서울특별시 성북구 정릉동 227-30번지
11290,13300,0,0227,0031,,,표제부,공동주택,"다세대주택, 근린생활시설",129,77.22,228.24,20080725,4,0,서울특별시 성북구 정릉동 227-31번지
11290,13300,0,0227,0032,,,일반건축물,단독주택,주택,0,0,124.93,19691220,2,1,서울특별시 성북구 정릉동 227-32번지
11290,13300,0,0227,0033,,,일반건축물,제2종근린생활시설,제2종근린생활시설,191,113.02,641.42,20050812,5,1,서울특별시 성북구 정릉동 227-33번지
11290,13300,0,0227,0037,,,표제부,공동주택,"다세대주택(5), 근생",317,187.53,904.38,19911129,5,1,서울특별시 성북구 정릉동 227-37번지
11290,13300,0,0227,0038,,,일반건축물,제2종근린생활시설,"근린생활시설,단독주택",276,151.97,1037.75,20030917,6,1,서울특별시 성북구 정릉동 227-38번지
11290,13300,0,0227,0039,,,일반건축물,단독주택,다가구주택,228,116.3,271.29,20231011,3,1,서울특별시 성북구 정릉동 227-39번지
11290,13300,0,0227,0041,정릉공동주택,,표제부,공동주택,공동주택(도시형생활주택(원룸형다세대주택)),182,105.09,330.36,20131217,5,0,서울특별시 성북구 정릉동 227-41번지
11290,13300,0,0227,0043,,,일반건축물,제2종근린생활시설,근린생활시설,297,167.83,821.14,20081219,5,1,서울특별시 성북구 정릉동 227-43번지
11290,13300,0,0227,0044,,,표제부,공동주택,다세대주택,0,104.04,410.72,19911026,3,1,서울특별시 성북구 정릉동 227-44번지
11290,13300,0,0227,0045,,,표제부,공동주택,다세대주택(7세대),172.97,101.61,365.42,19940131,3,1,서울특별시 성북구 정릉동 227-45번지
11290,13300,0,0227,0046,,,일반건축물,단독주택,주택,0,0,150.13,19701129,2,0,서울특별시 성북구 정릉동 227-46번지
11290,13300,0,0227,0047,,,표제부,공동주택,도시형생활주택(단지형다세대),344.67,179.68,873.33,20180920,5,1,서울특별시 성북구 정릉동 227-47번지
11290,13300,0,0227,0048,우정빌,,일반건축물,제2종근린생활시설,제2종근린생활시설,172,101.62,436.62,20111020,5,1,서울특별시 성북구 정릉동 227-48번지
11290,13300,0,0227,0049,다움파크빌1,,표제부,공동주택,공동주택,182,108.9,363.76,20121214,5,0,서울특별시 성북구 정릉동 227-49번지
11290,13300,0,0227,0051,,,일반건축물,단독주택,주택,0,0,119.47,19761113,1,1,서울특별시 성북구 정릉동 227-51번지
11290,13300,0,0227,0052,유케이타운,,표제부,공동주택,공동주택(다세대),350,174.3,659.28,20160427,5,0,서울특별시 성북구 정릉동 227-52번지
11290,13300,0,0227,0054,,,일반건축물,단독주택,주택,0,0,104.46,19811020,1,1,서울특별시 성북구 정릉동 227-54번지
11290,13300,0,0227,0055,,,일반건축물,단독주택,주택,0,0,160.54,19750808,2,1,서울특별시 성북구 정릉동 227-55번지
11290,13300,0,0227,0056,골든빌2차,,표제부,공동주택,다세대주택,172,95.04,295.8,20090407,4,0,서울특별시 성북구 정릉동 227-56번지
11290,13300,0,0227,0057,,,표제부,공동주택,다세대주택(4세대),172,98.98,312.26,20080902,4,0,서울특별시 성북구 정릉동 227-57번지
11290,13300,0,0227,0058,,,일반건축물,단독주택,다가구용단독주택,185,109.17,364.78,19950928,3,1,서울특별시 성북구 정릉동 227-58번지
11290,13300,0,0227,0059,골든빌3차,,표제부,공동주택,다세대주택,317,173.5,669.94,20090508,5,0,서울특별시 성북구 정릉동 227-59번지
11290,13300,0,0227,0060,상윤빌,,표제부,공동주택,공동주택(다세대주택),126,71.97,297.04,20101217,4,1,서울특별시 성북구 정릉동 227-60번지
11290,13300,0,0227,0061,골든빌5차,,표제부,공동주택,공동주택(다세대주택),293.4,174.08,583.62,20100614,5,0,서울특별시 성북구 정릉동 227-61번지
11290,13300,0,0227,0063,,,일반건축물,단독주택,주택,0,0,122.76,19821230,2,1,서울특별시 성북구 정릉동 227-63번지
11290,13300,0,0227,0064,라메종,,표제부,공동주택,공동주택(다세대주택),230.54,137.98,460.93,20160328,5,0,서울특별시 성북구 정릉동 227-64번지
11290,13300,0,0227,0065,,,일반건축물,단독주택,"단독주택, 근린생활시설",155,84.48,316.32,19881017,4,0,서울특별시 성북구 정릉동 227-65번지
11290,13300,0,0227,0067,,,일반건축물,제2종근린생활시설,근린생활시설,205,111.93,555.93,20080128,5,1,서울특별시 성북구 정릉동 227-67번지
11290,13300,0,0227,0070,,,표제부,공동주택,"다세대주택, 근린생활시설",423,226.97,1076.19,19960508,4,1,서울특별시 성북구 정릉동 227-70번지
11290,13300,0,0227,0072,,,표제부,제1종근린생활시설,"근린생활시설, 연립주택",391.04,229.39,1721.19,19980410,6,2,서울특별시 성북구 정릉동 227-72번지
11290,13300,0,0227,0073,스마트빌,,표제부,공동주택,"공동주택(도시형생활주택), 제1종,제2종근린생활시설",405,237.76,1324.75,20140204,5,2,서울특별시 성북구 정릉동 227-73번지
11290,13300,0,0227,0074,,,일반건축물,제2종근린생활시설,제2종근린생활시설(제1종근린생활시설),208,124.53,761.05,20070111,4,2,서울특별시 성북구 정릉동 227-74번지
11290,13300,0,0227,0075,태경빌딩,,일반건축물,단독주택,제2종근린생활시설및다가구주택,228,136.78,455.19,20170706,5,0,서울특별시 성북구 정릉동 227-75번지
11290,13300,0,0227,0076,드림빌3차,,표제부,공동주택,공동주택(도시형생활주택(원룸형)),172,99.08,343.18,20131112,5,0,서울특별시 성북구 정릉동 227-76번지
11290,13300,0,0227,0077,별빛마루,,일반건축물,제2종근린생활시설,제2종근린생활시설,165,94.99,395.14,20110805,4,1,서울특별시 성북구 정릉동 227-77번지
11290,13300,0,0227,0078,,,일반건축물,제2종근린생활시설,제2종근린생활시설(사무소),165,98.08,398.4,20100806,4,1,서울특별시 성북구 정릉동 227-78번지
11290,13300,0,0227,0079,,,표제부,공동주택,다세대주택<12세대>,317,180.75,642.66,19950517,3,1,서울특별시 성북구 정릉동 227-79번지
11290,13300,0,0227,0080,,,표제부,공동주택,다세대주택 및 근린생활시설,269.8,161.82,703.23,20090430,4,1,서울특별시 성북구 정릉동 227-80번지
11290,13300,0,0227,0081,,,표제부,공동주택,다세대주택,336.07,179.4,658.32,19931119,3,1,서울특별시 성북구 정릉동 227-81번지
11290,13300,0,0227,0082,정릉동 227-82 단독주택 (한국토지주택공사),,일반건축물,단독주택,단독주택,165.71,94.57,268.3,20200110,4,0,서울특별시 성북구 정릉동 227-82번지
11290,13300,0,0227,0083,정원빌,,표제부,공동주택,"다세대주택,제2종근린생활시설",273.17,163.81,625.82,20180214,4,1,서울특별시 성북구 정릉동 227-83번지
11290,13300,0,0227,0084,동원웰메이드빌,,표제부,공동주택,공동주택(도시형생활주택),288,171.18,575.53,20190520,5,0,서울특별시 성북구 정릉동 227-84번지
11290,13300,0,0227,0085,Dream Vill,,표제부,공동주택,공동주택(다세대주택(도시형생활주택)),170.33,100.48,340.4,20130520,5,0,서울특별시 성북구 정릉동 227-85번지
11290,13300,0,0227,0086,,,일반건축물,단독주택,주택,0,0,186,19900616,2,1,서울특별시 성북구 정릉동 227-86번지
11290,13300,0,0227,0087,,,일반건축물,단독주택,주택,0,0,175.81,19720307,2,1,서울특별시 성북구 정릉동 227-87번지
11290,13300,0,0227,0088,,,표제부,공동주택,공동주택(다세대주택),324,193.16,913.84,20130503,4,1,서울특별시 성북구 정릉동 227-88번지
11290,13300,0,0227,0089,,,표제부,공동주택,다세대주택,0,163,647.9,19911015,3,1,서울특별시 성북구 정릉동 227-89번지
11290,13300,0,0227,0090,골든캐슬,,표제부,공동주택,공동주택(다세대주택),182,108.85,363.92,20190808,5,0,서울특별시 성북구 정릉동 227-90번지
11290,13300,0,0227,0091,,,표제부,공동주택,연립주택(12세대),0,205.32,960.3,19921128,4,1,서울특별시 성북구 정릉동 227-91번지
11290,13300,0,0227,0092,,,표제부,공동주택,다세대주택<8세대>,281,152.7,654.61,19970402,4,1,서울특별시 성북구 정릉동 227-92번지
11290,13300,0,0227,0093,,,표제부,공동주택,다세대주택,231,136.68,576.15,20020216,4,1,서울특별시 성북구 정릉동 227-93번지
11290,13300,0,0227,0094,,,표제부,공동주택,다세대주택(9세대),231,135.96,558.26,19970814,4,1,서울특별시 성북구 정릉동 227-94번지
11290,13300,0,0227,0095,,,일반건축물,단독주택,주택,0,0,252.37,19690920,2,1,서울특별시 성북구 정릉동 227-95번지
11290,13300,0,0227,0096,,,일반건축물,단독주택,단독주택,0,0,171.33,19760203,2,1,서울특별시 성북구 정릉동 227-96번지
11290,13300,0,0227,0097,,,일반건축물,단독주택,주택,0,0,257.66,19700215,2,1,서울특별시 성북구 정릉동 227-97번지
11290,13300,0,0227,0099,,,표제부,공동주택,연립주택(14세대),518,254.5,1191.42,19931223,4,1,서울특별시 성북구 정릉동 227-99번지
11290,13300,0,0227,0100,에이동,,일반건축물,단독주택,주택,0,0,124.38,19840911,2,0,서울특별시 성북구 정릉동 227-100번지
11290,13300,0,0227,0100,비동,,일반건축물,단독주택,주택,0,0,123.12,19840911,2,1,서울특별시 성북구 정릉동 227-100번지
11290,13300,0,0227,0101,,,일반건축물,단독주택,주택,0,0,236.43,19871211,2,1,서울특별시 성북구 정릉동 227-101번지
11290,13300,0,0227,0102,,,일반건축물,단독주택,주택,0,0,162.57,19690228,2,1,서울특별시 성북구 정릉동 227-102번지
11290,13300,0,0227,0105,,,표제부,공동주택,공동주택(연립주택19세대),659.81,389.31,2145.69,19950810,4,2,서울특별시 성북구 정릉동 227-105번지
11290,13300,0,0227,0106,,,일반건축물,단독주택,주택,0,0,235.15,19710720,2,1,서울특별시 성북구 정릉동 227-106번지
11290,13300,0,0227,0107,,,일반건축물,단독주택,주택,0,0,196.89,19700215,2,1,서울특별시 성북구 정릉동 227-107번지
11290,13300,0,0227,0108,,,일반건축물,단독주택,주택,0,0,214.05,19700622,2,1,서울특별시 성북구 정릉동 227-108번지
11290,13300,0,0227,0117,,,표제부,공동주택,다세대주택,0,82.44,247.32,19890130,2,1,서울특별시 성북구 정릉동 227-117번지
11290,13300,0,0227,0119,리치빌리지,,표제부,공동주택,"공동주택,다세대주택",256,153.22,614,20031112,5,0,서울특별시 성북구 정릉동 227-119번지
11290,13300,0,0227,0124,,,일반건축물,제1종근린생활시설,근린생활시설,920,181.34,867.61,19850516,3,1,서울특별시 성북구 정릉동 227-124번지
11290,13300,0,0227,0135,,,표제부,공동주택,다세대주택,302.5,178.74,658.68,20020514,5,0,서울특별시 성북구 정릉동 227-135번지
11290,13300,0,0227,0149,드림빌2차,,표제부,공동주택,공동주택(도시형생활주택(원룸형)),196.46,114.17,392.73,20131112,5,0,서울특별시 성북구 정릉동 227-149번지
11290,13300,0,0227,0150,,,일반건축물,제1종근린생활시설,"근린생활시설, 주택",0,0,525.52,19890621,3,1,서울특별시 성북구 정릉동 227-150번지
11290,13300,0,0227,0151,,,일반건축물,제1종근린생활시설,"근린생활시설, 주택",0,0,525.52,19890621,3,1,서울특별시 성북구 정릉동 227-151번지
11290,13300,0,0227,0154,,,일반건축물,제1종근린생활시설,"근린생활시설, 주택",0,0,335.36,19900730,5,1,서울특별시 성북구 정릉동 227-154번지
11290,13300,0,0227,0157,,,일반건축물,종교시설,"종교시설, 교육연구시설",1022,393.38,1187.84,19871110,4,1,서울특별시 성북구 정릉동 227-157번지
11290,13300,0,0227,0157,,,일반건축물,교육연구시설,교육연구시설(교육관),0,189.28,633.04,20111130,5,0,서울특별시 성북구 정릉동 227-157번지
11290,13300,0,0227,0158,,,일반건축물,단독주택,"주택, 주택",0,0,77.95,19691220,1,1,서울특별시 성북구 정릉동 227-158번지
11290,13300,0,0227,0160,,,일반건축물,단독주택,주택,0,0,77.95,19691220,1,1,서울특별시 성북구 정릉동 227-160번지
11290,13300,0,0227,0161,,,일반건축물,단독주택,주택,0,0,77.95,19691220,1,1,서울특별시 성북구 정릉동 227-161번지
11290,13300,0,0227,0164,두현빌딩,,일반건축물,제2종근린생활시설,근린생활시설/단독주택,122.3,73.21,390.65,20050513,5,1,서울특별시 성북구 정릉동 227-164번지
11290,13300,0,0227,0166,,,일반건축물,제2종근린생활시설,제2종근린생활시설,171,97.83,473.83,20090115,4,1,서울특별시 성북구 정릉동 227-166번지
11290,13300,0,0227,0168,,,일반건축물,단독주택,단독주택(다가구주택),158,94.65,259.86,20130104,4,0,서울특별시 성북구 정릉동 227-168번지
11290,13300,0,0227,0170,,,표제부,공동주택,"공동주택,근린생활시설",148,88.39,295.17,20090812,5,0,서울특별시 성북구 정릉동 227-170번지
11290,13300,0,0227,0172,,,일반건축물,제2종근린생활시설,제2종근린생활시설,116,69.1,318.08,20100720,4,1,서울특별시 성북구 정릉동 227-172번지
11290,13300,0,0227,0176,,,일반건축물,제1종근린생활시설,제1종근린생활시설(공공도서관),165,64,125.98,20110315,2,0,서울특별시 성북구 정릉동 227-176번지
11290,13300,0,0227,0178,,,일반건축물,제2종근린생활시설,"다가구주택,제2종근린생활시설",198,74.47,420.37,20030501,5,1,서울특별시 성북구 정릉동 227-178번지
11290,13300,0,0227,0185,,,표제부,공동주택,공동주택,161.25,86.06,392.16,20160901,5,1,서울특별시 성북구 정릉동 227-185번지
11290,13300,0,0227,0186,,,표제부,공동주택,다세대주택,184,86.28,323.46,19920307,3,1,서울특별시 성북구 정릉동 227-186번지
11290,13300,0,0227,0187,,,표제부,공동주택,다세대주택(4세대),157.47,93.99,301.41,20051011,4,0,서울특별시 성북구 정릉동 227-187번지
11290,13300,0,0227,0188,,,일반건축물,단독주택,다중주택,174,103.26,299.13,20180517,3,1,서울특별시 성북구 정릉동 227-188번지
11290,13300,0,0227,0189,,,일반건축물,단독주택,주택,0,0,52.83,19760920,1,1,서울특별시 성북구 정릉동 227-189번지
11290,13300,0,0227,0190,정릉동 고시원,,일반건축물,제2종근린생활시설,제2종근린생활시설,141,77.05,358.15,20110121,4,1,서울특별시 성북구 정릉동 227-190번지
11290,13300,0,0227,0193,,,일반건축물,단독주택,다가구용단독주택(7가구),144.35,85.71,334.92,19940304,3,1,서울특별시 성북구 정릉동 227-193번지
11290,13300,0,0227,0194,,,일반건축물,단독주택,다가구용단독주택(5가구),165,82.21,231.03,19930226,2,1,서울특별시 성북구 정릉동 227-194번지
11290,13300,0,0227,0196,아람채,,일반건축물,제2종근린생활시설,제2종근린생활시설(고시원),192,104.85,380.72,20130117,4,0,서울특별시 성북구 정릉동 227-196번지
11290,13300,0,0227,0197,,,일반건축물,단독주택,다가구용 단독주택(5가구),0,0,247.56,19901211,2,1,서울특별시 성북구 정릉동 227-197번지
11290,13300,0,0227,0198,,,표제부,공동주택,공동주택(다세대주택),244,144.95,487.61,20130411,5,0,서울특별시 성북구 정릉동 227-198번지
11290,13300,0,0227,0199,유케이타운 199,,표제부,공동주택,공동주택(도시형생활주택(원룸형)),242,143.2,483.2,20170313,5,0,서울특별시 성북구 정릉동 227-199번지
11290,13300,0,0227,0200,유케이타운 200,,표제부,공동주택,공동주택(도시형생활주택(원룸형)),180,104.5,359.64,20170313,5,0,서울특별시 성북구 정릉동 227-200번지
11290,13300,0,0227,0203,,,일반건축물,단독주택,다가구용단독주택(7가구),195,113.92,416.8,19970627,3,1,서울특별시 성북구 정릉동 227-203번지
11290,13300,0,0227,0204,,,일반건축물,단독주택,다가구용단독주택(6가구),191,100,299.98,19970627,3,1,서울특별시 성북구 정릉동 227-204번지
11290,13300,0,0227,0205,라니스빌,,표제부,공동주택,공동주택,231,138.54,461.84,20090203,5,0,서울특별시 성북구 정릉동 227-205번지
11290,13300,0,0227,0208,,,일반건축물,단독주택,주택,0,0,164.92,19821028,2,1,서울특별시 성북구 정릉동 227-208번지
11290,13300,0,0227,0214,,,일반건축물,자동차관련시설,헬스크럽(주차장),0,0,478.88,19860310,0,1,서울특별시 성북구 정릉동 227-214번지
11290,13300,0,0227,0215,,,일반건축물,단독주택,단독주택,0,0,194.4,19910318,2,1,서울특별시 성북구 정릉동 227-215번지
11290,13300,0,0227,0228,리치빌리지,,표제부,공동주택,"공동주택,연립주택",643,382.1,1456.67,20030904,5,0,서울특별시 성북구 정릉동 227-228번지
11290,13300,0,0227,0255,,,일반건축물,단독주택,주택,0,0,122.76,19821230,2,1,서울특별시 성북구 정릉동 227-255번지
11290,13300,0,0227,0256,,,일반건축물,단독주택,주택,0,0,122.76,19821230,2,1,서울특별시 성북구 정릉동 227-256번지
11290,13300,0,0239,0000,정릉풍림아이원,,표제부,공동주택,"전기실,발전기실",0,0,261.93,20051228,0,2,서울특별시 성북구 정릉동 239번지
11290,13300,0,0239,0000,정릉풍림아이원,,표제부,공동주택,아파트,0,636.48,9154.74,20051228,18,0,서울특별시 성북구 정릉동 239번지
11290,13300,0,0239,0000,정릉풍림아이원,,표제부,공동주택,"지하주차장,대피소",0,0,6266.63,20051228,0,2,서울특별시 성북구 정릉동 239번지
11290,13300,0,0239,0000,정릉풍림아이원,,표제부,공동주택,"전기실,발전기실",0,0,190.86,20051228,0,2,서울특별시 성북구 정릉동 239번지
11290,13300,0,0239,0000,정릉풍림아이원,,표제부,공동주택,경비실,0,7.68,7.68,20051228,1,0,서울특별시 성북구 정릉동 239번지
11290,13300,0,0239,0000,정릉풍림아이원,,표제부,공동주택,펌프실,0,0,32.73,20051228,0,2,서울특별시 성북구 정릉동 239번지
11290,13300,0,0239,0000,정릉풍림아이원,,표제부,공동주택,경비실,0,7.68,7.68,20051228,1,0,서울특별시 성북구 정릉동 239번지
11290,13300,0,0239,0000,정릉풍림아이원,,표제부,공동주택,아파트,0,318.24,4952.42,20051228,19,0,서울특별시 성북구 정릉동 239번지
11290,13300,0,0239,0000,정릉풍림아이원,,표제부,공동주택,"지하주차장,대피소",0,0,5794.97,20051228,0,2,서울특별시 성북구 정릉동 239번지
11290,13300,0,0239,0000,정릉풍림아이원,,표제부,공동주택,아파트,0,393.92,4701.84,20051228,14,1,서울특별시 성북구 정릉동 239번지
11290,13300,0,0239,0000,정릉풍림아이원,,표제부,공동주택,아파트,0,952.14,14894.59,20051228,18,0,서울특별시 성북구 정릉동 239번지
11290,13300,0,0239,0000,정릉풍림아이원,,표제부,공동주택,아파트,0,636.48,9154.74,20051228,18,0,서울특별시 성북구 정릉동 239번지
11290,13300,0,0239,0000,정릉풍림아이원,,표제부,공동주택,아파트,0,316,3842.51,20051228,15,0,서울특별시 성북구 정릉동 239번지
11290,13300,0,0239,0000,정릉풍림아이원,,표제부,공동주택,"지하주차장,대피소",0,28.33,4959.1,20051228,1,2,서울특별시 성북구 정릉동 239번지
11290,13300,0,0239,0000,정릉풍림아이원,,표제부,공동주택,공중화장실,0,28.26,28.26,20051228,1,0,서울특별시 성북구 정릉동 239번지
11290,13300,0,0239,0000,정릉풍림아이원,,표제부,공동주택,펌프실,0,0,94.58,20051228,0,2,서울특별시 성북구 정릉동 239번지
11290,13300,0,0239,0000,정릉풍림아이원,,표제부,제1종근린생활시설,"생활편익시설, 근린생활시설",0,1404.9,6251.28,20051228,3,2,서울특별시 성북구 정릉동 239번지
11290,13300,0,0239,0000,정릉풍림아이원,,표제부,공동주택,경비실,0,7.68,7.68,20051228,1,0,서울특별시 성북구 정릉동 239번지
11290,13300,0,0239,0000,정릉풍림아이원,,표제부,공동주택,아파트,0,481.73,6218.4,20051228,15,1,서울특별시 성북구 정릉동 239번지
11290,13300,0,0239,0000,정릉풍림아이원,,표제부,공동주택,펌프실,0,0,73.8,20051228,0,3,서울특별시 성북구 정릉동 239번지
11290,13300,0,0239,0000,정릉풍림아이원,,표제부,공동주택,아파트,0,481.73,5441.52,20051228,13,1,서울특별시 성북구 정릉동 239번지
11290,13300,0,0239,0000,정릉풍림아이원,,표제부,공동주택,경비실,0,7.68,7.68,20051228,1,0,서울특별시 성북구 정릉동 239번지
11290,13300,0,0239,0000,정릉풍림아이원,,표제부,공동주택,"지하주차장,대피소",0,35.75,11551.65,20051228,1,3,서울특별시 성북구 정릉동 239번지
11290,13300,0,0239,0000,정릉풍림아이원,,표제부,공동주택,경비실,0,7.68,7.68,20051228,1,0,서울특별시 성북구 정릉동 239번지
11290,13300,0,0239,0000,정릉풍림아이원,,표제부,공동주택,아파트,0,316,3842.51,20051228,15,0,서울특별시 성북구 정릉동 239번지
11290,13300,0,0239,0000,정릉풍림아이원,,표제부,공동주택,아파트,0,398.4,6045.44,20051228,20,0,서울특별시 성북구 정릉동 239번지
11290,13300,0,0239,0000,정릉풍림아이원,,표제부,공동주택,"전기실,발전기실",0,0,209.01,20051228,0,3,서울특별시 성북구 정릉동 239번지
11290,13300,0,0239,0000,정릉풍림아이원,,표제부,공동주택,경비실,0,7.68,7.68,20051228,1,0,서울특별시 성북구 정릉동 239번지
11290,13300,0,0239,0000,정릉풍림아이원,,표제부,공동주택,"지하주차장,대피소",0,0,5191.22,20051228,0,2,서울특별시 성북구 정릉동 239번지
11290,13300,0,0239,0000,정릉풍림아이원,,표제부,공동주택,아파트,0,481.73,5441.52,20051228,13,1,서울특별시 성북구 정릉동 239번지
11290,13300,0,0239,0000,정릉풍림아이원,,표제부,공동주택,"관리사무소,노인정",0,211.14,211.14,20051228,1,0,서울특별시 성북구 정릉동 239번지
11290,13300,0,0239,0000,정릉풍림아이원,,표제부,공동주택,아파트,0,481.73,6218.4,20051228,15,1,서울특별시 성북구 정릉동 239번지
11290,13300,0,0239,0000,정릉풍림아이원,,표제부,공동주택,아파트,0,871.41,13346.23,20051228,18,0,서울특별시 성북구 정릉동 239번지
11290,13300,0,0239,0000,정릉풍림아이원,,표제부,공동주택,"지하주차장,대피소",0,0,6995.91,20051228,0,2,서울특별시 성북구 정릉동 239번지
11290,13300,0,0239,0000,정릉풍림아이원,,표제부,공동주택,펌프실,0,0,40,20051228,0,1,서울특별시 성북구 정릉동 239번지
11290,13300,0,0239,0000,정릉풍림아이원,,표제부,공동주택,아파트,0,492.37,5068.54,20051228,13,0,서울특별시 성북구 정릉동 239번지
11290,13300,0,0239,0000,정릉풍림아이원,,표제부,공동주택,공중화장실,0,28.26,28.26,20051228,1,0,서울특별시 성북구 정릉동 239번지
11290,13300,0,0239,0000,정릉풍림아이원,,표제부,공동주택,"지하주차장,대피소",0,0,3760.04,20051228,0,2,서울특별시 성북구 정릉동 239번지
11290,13300,0,0239,0000,정릉풍림아이원,,표제부,공동주택,아파트,0,393.92,4108.38,20051228,14,0,서울특별시 성북구 정릉동 239번지
11290,13300,0,0239,0000,정릉풍림아이원,,표제부,공동주택,경비실,0,7.68,7.68,20051228,1,0,서울특별시 성북구 정릉동 239번지
11290,13300,0,0239,0000,정릉풍림아이원,,표제부,공동주택,"지하주차장,대피소",0,0,6423.84,20051228,0,2,서울특별시 성북구 정릉동 239번지
11290,13300,0,0239,0000,정릉풍림아이원,,표제부,공동주택,"지하주차장,대피소",0,0,4084.58,20051228,0,2,서울특별시 성북구 정릉동 239번지
11290,13300,0,0239,0000,정릉풍림아이원,,표제부,제1종근린생활시설,"생활편익시설, 근린생활시설, 판매시설",0,697.56,2006.65,20051228,2,1,서울특별시 성북구 정릉동 239번지
11290,13300,0,0239,0000,정릉풍림아이원,,표제부,공동주택,경비실,0,7.68,7.68,20051228,1,0,서울특별시 성북구 정릉동 239번지
11290,13300,0,0239,0000,정릉풍림아이원,,표제부,공동주택,경비실,0,7.68,7.68,20051228,1,0,서울특별시 성북구 정릉동 239번지
11290,13300,0,0239,0000,정릉풍림아이원,,표제부,공동주택,아파트,0,318.24,4692.12,20051228,18,0,서울특별시 성북구 정릉동 239번지
11290,13300,0,0239,0000,정릉풍림아이원,,표제부,공동주택,아파트,0,318.24,4692.12,20051228,18,0,서울특별시 성북구 정릉동 239번지
11290,13300,0,0239,0000,정릉풍림아이원,,표제부,공동주택,아파트,0,496.85,7406.5,20051228,19,0,서울특별시 성북구 정릉동 239번지
11290,13300,0,0239,0000,정릉풍림아이원,,표제부,공동주택,아파트,0,719.89,9100.5,20051228,15,0,서울특별시 성북구 정릉동 239번지
11290,13300,0,0239,0000,정릉풍림아이원,,표제부,공동주택,아파트,0,318.24,4692.12,20051228,18,0,서울특별시 성북구 정릉동 239번지
11290,13300,0,0239,0000,정릉풍림아이원,,표제부,공동주택,아파트,0,495.45,7972.64,20051228,20,0,서울특별시 성북구 정릉동 239번지
11290,13300,0,0239,0000,정릉풍림아이원,,표제부,공동주택,아파트,0,744.24,10599.6,20051228,18,0,서울특별시 성북구 정릉동 239번지
11290,13300,0,0239,0000,정릉풍림아이원,,표제부,공동주택,노인정,0,275.67,275.67,20051228,1,0,서울특별시 성북구 정릉동 239번지
11290,13300,0,0239,0000,정릉풍림아이원,,표제부,공동주택,"지하주차장,대피소",0,0,4178.17,20051228,0,2,서울특별시 성북구 정릉동 239번지
11290,13300,0,0239,0000,정릉풍림아이원,,표제부,공동주택,"지하주차장,대피소",0,0,8204.01,20051228,0,3,서울특별시 성북구 정릉동 239번지
11290,13300,0,0239,0000,정릉풍림아이원,,표제부,공동주택,아파트,0,318.24,4952.42,20051228,19,0,서울특별시 성북구 정릉동 239번지
11290,13300,0,0239,0000,정릉풍림아이원,,표제부,교육연구시설,유치원,0,361.35,1233.81,20051228,3,1,서울특별시 성북구 정릉동 239번지
11290,13300,0,0239,0000,정릉풍림아이원,,표제부,공동주택,아파트,0,318.24,4692.12,20051228,18,0,서울특별시 성북구 정릉동 239번지
11290,13300,0,0239,0000,정릉풍림아이원,,표제부,공동주택,아파트,0,496.85,7406.5,20051228,20,0,서울특별시 성북구 정릉동 239번지
11290,13300,0,0239,0000,정릉풍림아이원,,표제부,공동주택,아파트,0,496.85,7804.46,20051228,20,0,서울특별시 성북구 정릉동 239번지
11290,13300,0,0239,0000,정릉풍림아이원,,표제부,공동주택,경비실,0,7.68,7.68,20051228,1,0,서울특별시 성북구 정릉동 239번지
11290,13300,0,0239,0000,정릉풍림아이원,,표제부,공동주택,아파트,0,318.24,4692.12,20051228,18,0,서울특별시 성북구 정릉동 239번지
11290,13300,0,0239,0000,정릉풍림아이원,,표제부,공동주택,경비실,0,7.68,7.68,20051228,1,0,서울특별시 성북구 정릉동 239번지
11290,13300,0,0239,0000,정릉풍림아이원,,표제부,공동주택,경비실,0,7.68,7.68,20051228,1,0,서울특별시 성북구 정릉동 239번지
11290,13300,0,0239,0000,정릉풍림아이원,,표제부,공동주택,공중화장실,0,28.26,28.26,20051228,1,0,서울특별시 성북구 정릉동 239번지
11290,13300,0,0239,0000,정릉풍림아이원,,표제부,공동주택,"노인정,관리사무소",0,257.1,502.11,20051228,2,0,서울특별시 성북구 정릉동 239번지
11290,13300,0,0239,0000,정릉풍림아이원,,표제부,공동주택,"지하주차장,대피소",0,0,9755.56,20051228,0,3,서울특별시 성북구 정릉동 239번지
11290,13300,0,0239,0000,정릉풍림아이원,,표제부,공동주택,아파트,0,871.41,11081.09,20051228,15,0,서울특별시 성북구 정릉동 239번지
11290,13300,0,0239,0003,정릉파출소,,일반건축물,제1종근린생활시설,근린생활시설(경찰관파출소),233.2,115.05,334,20080311,3,0,서울특별시 성북구 정릉동 239-3번지
11290,13300,0,0239,0005,정릉풍림아이원,,표제부,공동주택,펌프실,0,0,31.48,20051228,0,3,서울특별시 성북구 정릉동 239-5번지
11290,13300,0,0239,0005,정릉풍림아이원,,표제부,공동주택,경비실,0,7.68,7.68,20051228,1,0,서울특별시 성북구 정릉동 239-5번지
11290,13300,0,0239,0005,정릉풍림아이원,,표제부,공동주택,아파트,0,527.89,6753.84,20051228,15,0,서울특별시 성북구 정릉동 239-5번지
11290,13300,0,0239,0005,정릉풍림아이원,,표제부,공동주택,"전기실,발전기실",0,166.49,166.49,20051228,0,3,서울특별시 성북구 정릉동 239-5번지
11290,13300,0,0239,0005,정릉풍림아이원,,표제부,공동주택,아파트,0,553.93,9548.63,20051228,20,1,서울특별시 성북구 정릉동 239-5번지
11290,13300,0,0239,0005,정릉풍림아이원,,표제부,공동주택,지하주차장,0,0,12447.88,20051228,0,3,서울특별시 성북구 정릉동 239-5번지
11290,13300,0,0239,0005,정릉풍림아이원,,표제부,공동주택,"관리사무소,노인정",0,211.88,211.88,20051228,1,0,서울특별시 성북구 정릉동 239-5번지
11290,13300,0,0252,0000,,,일반건축물,단독주택,단독주택,0,0,462.82,19530821,2,0,서울특별시 성북구 정릉동 252번지
11290,13300,0,0252,0112,,,일반건축물,단독주택,주택,0,0,326.89,19831210,2,1,서울특별시 성북구 정릉동 252-112번지
11290,13300,0,0252,0120,,,일반건축물,자동차관련시설,주차장,55,0,38.35,19990821,0,1,서울특별시 성북구 정릉동 252-120번지
11290,13300,0,0252,0124,칸트하우스,,표제부,공동주택,다세대주택(8세대),260.95,156.31,521.26,20240906,5,0,서울특별시 성북구 정릉동 252-124번지
11290,13300,0,0252,0125,,,표제부,공동주택,다세대주택(12세대),314,176.16,659.65,19961130,4,1,서울특별시 성북구 정릉동 252-125번지
11290,13300,0,0252,0129,,,일반건축물,단독주택,"다가구주택, 근린생활시설",160.1,95.51,367.81,19990920,4,0,서울특별시 성북구 정릉동 252-129번지
11290,13300,0,0252,0131,,,일반건축물,단독주택,주택,0,0,40.89,19600810,1,0,서울특별시 성북구 정릉동 252-131번지
11290,13300,0,0252,0132,J-252-132,,일반건축물,단독주택,단독주택 및 제1종근린생활시설,60,31.03,137.75,20170228,5,1,서울특별시 성북구 정릉동 252-132번지
11290,13300,0,0252,0133,,,표제부,공동주택,공동주택(다세대주택),151.77,90.95,274.58,20160708,5,0,서울특별시 성북구 정릉동 252-133번지
11290,13300,0,0252,0135,,,일반건축물,단독주택,주택,0,0,47.04,19661001,1,0,서울특별시 성북구 정릉동 252-135번지
11290,13300,0,0252,0135,,,일반건축물,단독주택,주택,0,0,71.51,19680930,2,0,서울특별시 성북구 정릉동 252-135번지
11290,13300,0,0252,0136,,,일반건축물,단독주택,주택,0,0,98.44,19760624,1,1,서울특별시 성북구 정릉동 252-136번지
11290,13300,0,0252,0141,,,일반건축물,단독주택,주택,0,0,37.45,19681104,1,0,서울특별시 성북구 정릉동 252-141번지
11290,13300,0,0252,0164,,,일반건축물,단독주택,주택,0,0,82.67,19740510,1,1,서울특별시 성북구 정릉동 252-164번지
11290,13300,0,0252,0165,,,일반건축물,단독주택,주택,0,0,126.75,19740520,2,1,서울특별시 성북구 정릉동 252-165번지
11290,13300,0,0252,0166,,,표제부,공동주택,도시형생활주택(원룸형 14세대),228.16,135.93,440.97,20140718,5,0,서울특별시 성북구 정릉동 252-166번지
11290,13300,0,0254,0003,,,표제부,공동주택,연립주택(17세대),0,243.07,1258.17,19920215,4,1,서울특별시 성북구 정릉동 254-3번지
11290,13300,0,0254,0006,,,일반건축물,단독주택,다가구용단독주택(11가구),259.36,141.79,510.75,19940406,3,1,서울특별시 성북구 정릉동 254-6번지
11290,13300,0,0254,0007,대창쉐르빌,,표제부,공동주택,연립주택,374.27,220.85,1141.92,20020118,4,1,서울특별시 성북구 정릉동 254-7번지
11290,13300,0,0254,0008,,,표제부,공동주택,다세대주택,396.28,159.32,659.07,19960615,4,1,서울특별시 성북구 정릉동 254-8번지
11290,13300,0,0254,0011,,,일반건축물,제2종근린생활시설,"근린생활시설, 주택",0,0,493,19880120,3,1,서울특별시 성북구 정릉동 254-11번지
11290,13300,0,0254,0066,,,일반건축물,단독주택,다가구주택,140.3,70.55,193.2,20010912,2,1,서울특별시 성북구 정릉동 254-66번지
11290,13300,0,0254,0077,,,일반건축물,단독주택,"주택, 점포",154,92.19,267.78,19691120,3,0,서울특별시 성북구 정릉동 254-77번지
11290,13300,0,0254,0082,,,일반건축물,단독주택,다가구주택,116.3,65.76,147.24,19990104,2,1,서울특별시 성북구 정릉동 254-82번지
11290,13300,0,0254,0085,,,일반건축물,단독주택,다가구 주택,157.13,90.54,349.01,20030718,3,1,서울특별시 성북구 정릉동 254-85번지
11290,13300,0,0254,0086,,,일반건축물,단독주택,다가구용단독주택(3가구),155,64.88,149.97,19931113,2,1,서울특별시 성북구 정릉동 254-86번지
11290,13300,0,0254,0087,,,일반건축물,단독주택,다가구용단독주택(6가구),173.17,103.76,341.86,19951005,3,1,서울특별시 성북구 정릉동 254-87번지
11290,13300,0,0254,0088,,,일반건축물,단독주택,다가구용 단독주택 3가구,0,0,185.64,19911226,2,1,서울특별시 성북구 정릉동 254-88번지
11290,13300,0,0254,0089,,,일반건축물,단독주택,다가구용 단독주택(4가구),0,0,197.01,19911231,2,1,서울특별시 성북구 정릉동 254-89번지
11290,13300,0,0254,0090,,,일반건축물,단독주택,다가구용 단독주택 3가구,0,0,182.55,19911226,2,1,서울특별시 성북구 정릉동 254-90번지
11290,13300,0,0254,0091,,,일반건축물,단독주택,다가구용단독주택,0,0,147.45,19920901,2,1,서울특별시 성북구 정릉동 254-91번지
11290,13300,0,0254,0092,,,일반건축물,단독주택,주택(4가구),0,0,352.19,19920214,2,1,서울특별시 성북구 정릉동 254-92번지
11290,13300,0,0254,0093,,,일반건축물,단독주택,다가구용 단독주택(3가구),0,0,182.97,19921214,2,1,서울특별시 성북구 정릉동 254-93번지
11290,13300,0,0254,0094,,,일반건축물,단독주택,다가구용 단독주택(13가구),294,169.39,634.15,19931028,3,1,서울특별시 성북구 정릉동 254-94번지
11290,13300,0,0254,0095,,,표제부,공동주택,다세대주택,240.77,144.13,652.96,20010714,4,1,서울특별시 성북구 정릉동 254-95번지
11290,13300,0,0254,0097,,,일반건축물,단독주택,다가구용 단독주택(3가구),0,0,149.65,19920918,2,1,서울특별시 성북구 정릉동 254-97번지
11290,13300,0,0254,0098,,,일반건축물,단독주택,다가구용단독주택(4가구),96,55,140.34,19940115,2,1,서울특별시 성북구 정릉동 254-98번지
11290,13300,0,0254,0099,,,일반건축물,단독주택,단독주택,106.24,63.5,127,19931227,2,0,서울특별시 성북구 정릉동 254-99번지
11290,13300,0,0254,0100,,,일반건축물,단독주택,다가구용단독주택,134.56,73.44,119.2,19980421,2,0,서울특별시 성북구 정릉동 254-100번지
11290,13300,0,0254,0103,,,일반건축물,단독주택,주택,0,0,37.29,19681224,1,0,서울특별시 성북구 정릉동 254-103번지
11290,13300,0,0254,0252,,,일반건축물,단독주택,다가구용단독주택(4가구),120.88,72.21,202.89,19950911,2,1,서울특별시 성북구 정릉동 254-252번지
11290,13300,0,0254,0275,,,일반건축물,단독주택,다가구용단독주택(2가구),156.12,0,245.2,19961218,2,1,서울특별시 성북구 정릉동 254-275번지
11290,13300,0,0254,0305,,,일반건축물,단독주택,주택,0,0,46.28,19660523,1,0,서울특별시 성북구 정릉동 254-305번지
11290,13300,0,0254,0312,,,일반건축물,단독주택,다가구용 단독주택(4가구),0,0,199.95,19911230,2,1,서울특별시 성북구 정릉동 254-312번지
11290,13300,0,0254,0319,,,일반건축물,단독주택,주택,0,0,48.2,19751231,1,1,서울특별시 성북구 정릉동 254-319번지
11290,13300,0,0254,0325,,,일반건축물,단독주택,주택,46,0,36.28,19850423,1,0,서울특별시 성북구 정릉동 254-325번지
11290,13300,0,0254,0347,,,일반건축물,단독주택,다가구용 단독주택(3가구),0,0,149.46,19911230,2,1,서울특별시 성북구 정릉동 254-347번지
11290,13300,0,0257,0000,,,일반건축물,단독주택,다가구용 단독주택(3가구),0,0,148.02,19920529,2,1,서울특별시 성북구 정릉동 257번지
11290,13300,0,0257,0006,,,일반건축물,단독주택,주택,0,0,67.24,19680414,1,0,서울특별시 성북구 정릉동 257-6번지
11290,13300,0,0258,0002,,,일반건축물,제1종근린생활시설,"근린생활시설, 주택",0,0,410.53,19910527,2,1,서울특별시 성북구 정릉동 258-2번지
11290,13300,0,0258,0006,,,일반건축물,단독주택,"주택, 점포",0,0,119.25,19680618,2,1,서울특별시 성북구 정릉동 258-6번지
11290,13300,0,0258,0007,,,일반건축물,단독주택,다가구용 단독주택(3가구),0,0,188.25,19901016,2,1,서울특별시 성북구 정릉동 258-7번지
11290,13300,0,0258,0010,,,일반건축물,단독주택,"주택, 근린생활시설",0,0,211.35,19900630,3,1,서울특별시 성북구 정릉동 258-10번지
11290,13300,0,0258,0011,,,일반건축물,제1종근린생활시설,제1종근린생활시설,0,0,194.58,19661023,1,0,서울특별시 성북구 정릉동 258-11번지
11290,13300,0,0258,0012,,,일반건축물,제1종근린생활시설,"제1종근린생활시설, 주택",0,0,655.01,19800826,3,1,서울특별시 성북구 정릉동 258-12번지
11290,13300,0,0258,0013,,,일반건축물,제2종근린생활시설,제2종근린생활시설,276,131.98,744.32,19931231,5,1,서울특별시 성북구 정릉동 258-13번지
11290,13300,0,0258,0017,,,일반건축물,제2종근린생활시설,"근린생활시설, 주택",444,266.33,1052.71,19951129,3,1,서울특별시 성북구 정릉동 258-17번지
11290,13300,0,0258,0025,,,표제부,공동주택,다세대주택,227,136.12,564.11,20150304,5,1,서울특별시 성북구 정릉동 258-25번지
11290,13300,0,0258,0030,,,일반건축물,단독주택,주택,0,0,45.06,19690109,1,0,서울특별시 성북구 정릉동 258-30번지
11290,13300,0,0258,0032,,,일반건축물,제1종근린생활시설,"근린생활시설, 주택",119.56,68.04,297.59,19961108,4,1,서울특별시 성북구 정릉동 258-32번지
11290,13300,0,0258,0034,,,일반건축물,제1종근린생활시설,제1종근린생활시설,0,0,416.27,19910904,3,1,서울특별시 성북구 정릉동 258-34번지
11290,13300,0,0258,0035,,,일반건축물,단독주택,단독주택,141,106.31,260.14,19651011,3,0,서울특별시 성북구 정릉동 258-35번지
11290,13300,0,0258,0036,,,일반건축물,단독주택,"다가구용 단독주택 (4가구), 근린생활시설",182,99.43,311.39,19911114,3,1,서울특별시 성북구 정릉동 258-36번지
11290,13300,0,0258,0037,,,일반건축물,단독주택,다가구용단독주택,166.5,98.49,408.31,19961014,4,1,서울특별시 성북구 정릉동 258-37번지
11290,13300,0,0258,0041,,,일반건축물,단독주택,"다가구용단독주택(2가구), 근린생활시설",88.16,52.85,177.66,19940207,3,1,서울특별시 성북구 정릉동 258-41번지
11290,13300,0,0258,0042,,,일반건축물,단독주택,단독주택,0,47.8,47.8,20120810,1,0,서울특별시 성북구 정릉동 258-42번지
11290,13300,0,0258,0042,,,일반건축물,제1종근린생활시설,제1종근린생활시설(소매점),0,39.47,39.47,19680618,1,0,서울특별시 성북구 정릉동 258-42번지
11290,13300,0,0258,0052,,,일반건축물,단독주택,다가구용 단독주택(3가구),0,0,179.82,19901016,2,1,서울특별시 성북구 정릉동 258-52번지
11290,13300,0,0258,0053,,,일반건축물,단독주택,다가구용 단독주택(3가구),0,0,154.16,19901016,2,1,서울특별시 성북구 정릉동 258-53번지
11290,13300,0,0260,0002,,,일반건축물,단독주택,"주택, 근린생활시설",0,0,82.58,19821216,1,0,서울특별시 성북구 정릉동 260-2번지
11290,13300,0,0260,0003,,,표제부,공동주택,다세대주택(15),324,144.72,578.88,19910703,3,1,서울특별시 성북구 정릉동 260-3번지
11290,13300,0,0260,0004,,,일반건축물,단독주택,"주택, 근린생활시설",0,0,181.15,19650408,2,1,서울특별시 성북구 정릉동 260-4번지
11290,13300,0,0260,0005,,,일반건축물,제1종근린생활시설,"근린생활시설, 주택",0,0,165.79,19680120,2,0,서울특별시 성북구 정릉동 260-5번지
11290,13300,0,0260,0006,씨에이빌딩,,일반건축물,단독주택,단독주택(다중주택),217.93,120.21,434.07,20191025,5,0,서울특별시 성북구 정릉동 260-6번지
11290,13300,0,0260,0009,,,일반건축물,단독주택,주택,0,0,129.85,19780228,2,1,서울특별시 성북구 정릉동 260-9번지
11290,13300,0,0260,0010,,,표제부,공동주택,다세대주택,0,63.35,184.65,19910504,2,1,서울특별시 성북구 정릉동 260-10번지
11290,13300,0,0260,0011,,,일반건축물,단독주택,주택,0,0,68.3,19710120,1,0,서울특별시 성북구 정릉동 260-11번지
11290,13300,0,0260,0013,,,일반건축물,단독주택,단독주택,279.76,120.81,178.16,20000923,2,0,서울특별시 성북구 정릉동 260-13번지
11290,13300,0,0260,0014,,,표제부,공동주택,제1종근린생활시설 및 도시형생활주택(단지형다세대주택10세대),363.02,217.71,913.78,20140304,4,1,서울특별시 성북구 정릉동 260-14번지
11290,13300,0,0260,0016,삼성그린빌라,,표제부,공동주택,다세대주택,307.75,184.58,768.08,20140428,5,1,서울특별시 성북구 정릉동 260-16번지
11290,13300,0,0260,0017,,,일반건축물,단독주택,단독주택(다중주택),170.44,101.89,335.02,20190723,5,0,서울특별시 성북구 정릉동 260-17번지
11290,13300,0,0260,0021,,,일반건축물,제1종근린생활시설,"근린생활시설, 주택",0,0,398.92,19840328,3,1,서울특별시 성북구 정릉동 260-21번지
11290,13300,0,0260,0022,,,표제부,공동주택,다세대주택,0,153.04,607.98,19910809,3,1,서울특별시 성북구 정릉동 260-22번지
11290,13300,0,0260,0023,,,표제부,공동주택,다세대주택(9세대),304.16,156.12,571.96,19940611,4,1,서울특별시 성북구 정릉동 260-23번지
11290,13300,0,0260,0025,,,일반건축물,제1종근린생활시설,근린생활시설,0,0,534.55,19821116,2,1,서울특별시 성북구 정릉동 260-25번지
11290,13300,0,0260,0026,,,일반건축물,제1종근린생활시설,"근린생활시설, 주택",0,0,262.65,19901108,3,1,서울특별시 성북구 정릉동 260-26번지
11290,13300,0,0260,0027,,,일반건축물,제1종근린생활시설,"근린생활시설,주택",317,158.37,706.2,19920221,5,1,서울특별시 성북구 정릉동 260-27번지
11290,13300,0,0260,0028,,,일반건축물,제1종근린생활시설,근린생활시설,330,180.07,634.97,19841002,3,1,서울특별시 성북구 정릉동 260-28번지
11290,13300,0,0260,0029,정릉대선빌딩,,일반건축물,제1종근린생활시설,근린생활시설,354,209.6,1325.65,19960508,7,1,서울특별시 성북구 정릉동 260-29번지
11290,13300,0,0260,0030,,,일반건축물,제1종근린생활시설,교육연구및복지시설(노유자시설),0,0,560.2,19681130,3,1,서울특별시 성북구 정릉동 260-30번지
11290,13300,0,0260,0031,인성하이츠빌,,표제부,공동주택,공동주택(다세대주택),289,173.3,716.94,20080903,4,1,서울특별시 성북구 정릉동 260-31번지
11290,13300,0,0260,0032,,,일반건축물,단독주택,주택,0,0,80.36,19710723,1,0,서울특별시 성북구 정릉동 260-32번지
11290,13300,0,0260,0033,,,표제부,공동주택,다세대주택,293.35,168.21,657.59,19970724,4,1,서울특별시 성북구 정릉동 260-33번지
11290,13300,0,0260,0034,정릉동 다세대주택,,표제부,공동주택,"공동주택,다세대주택",268.9,160.38,937.27,20041018,5,1,서울특별시 성북구 정릉동 260-34번지
11290,13300,0,0260,0035,,,일반건축물,단독주택,주택,0,0,60.5,19701231,1,1,서울특별시 성북구 정릉동 260-35번지
11290,13300,0,0260,0036,,,일반건축물,단독주택,주택,0,0,147.12,19681228,2,1,서울특별시 성북구 정릉동 260-36번지
11290,13300,0,0260,0037,스카이캐슬,,표제부,공동주택,공동주택(도시형생활주택),294,175.92,701.52,20221011,4,1,서울특별시 성북구 정릉동 260-37번지
11290,13300,0,0260,0038,,,일반건축물,단독주택,"근린생활시설, 다가구주택",252,151.17,755.85,20011029,5,0,서울특별시 성북구 정릉동 260-38번지
11290,13300,0,0260,0039,,,일반건축물,단독주택,주택,418.8,136.27,240.17,19840802,2,1,서울특별시 성북구 정릉동 260-39번지
11290,13300,0,0260,0040,,,표제부,공동주택,연립주택,483,262.39,1411.58,19991105,4,1,서울특별시 성북구 정릉동 260-40번지
11290,13300,0,0260,0042,,,일반건축물,단독주택,주택,0,0,247.37,19891219,2,1,서울특별시 성북구 정릉동 260-42번지
11290,13300,0,0260,0043,,,표제부,공동주택,연립주택(12세대),492,272.53,1259.84,20001115,4,1,서울특별시 성북구 정릉동 260-43번지
11290,13300,0,0260,0071,,,일반건축물,제2종근린생활시설,제1.2종근린생활시설,148,85.93,325.02,20050714,4,0,서울특별시 성북구 정릉동 260-71번지
11290,13300,0,0260,0072,,,일반건축물,단독주택,주택,201.8,65.34,128.84,19670724,2,0,서울특별시 성북구 정릉동 260-72번지
11290,13300,0,0260,0074,,,일반건축물,제1종근린생활시설,"근린생활시설, 주택",0,0,326.7,19890819,3,1,서울특별시 성북구 정릉동 260-74번지
11290,13300,0,0260,0076,,,일반건축물,단독주택,주택,0,0,120.17,19821020,2,0,서울특별시 성북구 정릉동 260-76번지
11290,13300,0,0260,0081,,,일반건축물,단독주택,주택,0,0,134.58,19700320,2,1,서울특별시 성북구 정릉동 260-81번지
11290,13300,0,0260,0082,,,일반건축물,단독주택,다가구용 단독주택(3가구),0,0,151.08,19901231,2,1,서울특별시 성북구 정릉동 260-82번지
11290,13300,0,0260,0083,,,일반건축물,단독주택,주택,0,0,106.26,19700215,2,1,서울특별시 성북구 정릉동 260-83번지
11290,13300,0,0260,0086,,,일반건축물,단독주택,주택,0,0,59.7,19710215,1,0,서울특별시 성북구 정릉동 260-86번지
11290,13300,0,0260,0087,,,일반건축물,단독주택,주택,0,0,66.25,19710115,1,0,서울특별시 성북구 정릉동 260-87번지
11290,13300,0,0260,0088,,,일반건축물,단독주택,주택,0,0,53.79,19701215,1,0,서울특별시 성북구 정릉동 260-88번지
11290,13300,0,0260,0089,,,일반건축물,단독주택,주택,0,0,94.65,19710704,1,1,서울특별시 성북구 정릉동 260-89번지
11290,13300,0,0260,0090,,,일반건축물,단독주택,주택,148,0,66.08,19850624,1,0,서울특별시 성북구 정릉동 260-90번지
11290,13300,0,0260,0091,,,일반건축물,단독주택,단독주택,0,0,103.17,19720228,2,0,서울특별시 성북구 정릉동 260-91번지
11290,13300,0,0260,0092,,,일반건축물,단독주택,주택,0,0,113.88,19710423,2,1,서울특별시 성북구 정릉동 260-92번지
11290,13300,0,0260,0093,,,일반건축물,단독주택,주택,0,0,60.5,19701231,1,1,서울특별시 성북구 정릉동 260-93번지
11290,13300,0,0260,0094,,,일반건축물,단독주택,주택,0,0,31.97,19720725,1,0,서울특별시 성북구 정릉동 260-94번지
11290,13300,0,0260,0096,,,일반건축물,단독주택,단독주택,77.5,53.94,151.02,20060525,3,0,서울특별시 성북구 정릉동 260-96번지
11290,13300,0,0260,0097,,,일반건축물,단독주택,다가구용 단독주택 3가구,0,0,149.37,19920411,2,1,서울특별시 성북구 정릉동 260-97번지
11290,13300,0,0260,0098,,,일반건축물,단독주택,주택,0,0,91.27,19740730,1,1,서울특별시 성북구 정릉동 260-98번지
11290,13300,0,0260,0099,,,일반건축물,단독주택,다가구용단독주택,113,67.76,253.86,19961022,3,1,서울특별시 성북구 정릉동 260-99번지
11290,13300,0,0260,0105,,,일반건축물,단독주택,주택,0,0,97.19,19771228,2,1,서울특별시 성북구 정릉동 260-105번지
11290,13300,0,0260,0106,,,일반건축물,단독주택,주택,0,0,111.01,19771012,2,1,서울특별시 성북구 정릉동 260-106번지
11290,13300,0,0260,0107,,,일반건축물,단독주택,주택,0,0,96.85,19770824,2,1,서울특별시 성북구 정릉동 260-107번지
11290,13300,0,0260,0108,,,일반건축물,단독주택,다가구용 단독주택(3가구),0,0,213.18,19911228,2,1,서울특별시 성북구 정릉동 260-108번지
11290,13300,0,0260,0109,,,표제부,공동주택,다세대주택,0,83.15,249.45,19910128,2,1,서울특별시 성북구 정릉동 260-109번지
11290,13300,0,0260,0110,,,일반건축물,단독주택,주택,0,0,120.53,19780703,1,1,서울특별시 성북구 정릉동 260-110번지
11290,13300,0,0260,0117,,,일반건축물,단독주택,다가구주택.근린생활시설,165,105.43,217.37,19700930,2,1,서울특별시 성북구 정릉동 260-117번지
11290,13300,0,0260,0119,,,일반건축물,단독주택,주택,0,0,249.75,19891219,2,1,서울특별시 성북구 정릉동 260-119번지
11290,13300,0,0260,0120,,,일반건축물,단독주택,주택,0,0,143.23,19891219,2,1,서울특별시 성북구 정릉동 260-120번지
11290,13300,0,0260,0121,,,일반건축물,단독주택,"주택, 근린생활시설",0,0,228.47,19891219,2,1,서울특별시 성북구 정릉동 260-121번지
11290,13300,0,0260,0123,,,표제부,공동주택,다세대주택,0,52.92,158.76,19911128,2,1,서울특별시 성북구 정릉동 260-123번지
11290,13300,0,0260,0124,,,표제부,공동주택,다세대주택,0,78.3,234.9,19911128,2,1,서울특별시 성북구 정릉동 260-124번지
11290,13300,0,0260,0125,,,표제부,공동주택,다세대주택,0,42.54,127.62,19911128,2,1,서울특별시 성북구 정릉동 260-125번지
11290,13300,0,0266,0001,,,일반건축물,단독주택,다가구주택(3가구),96,52.39,149.13,19930209,2,1,서울특별시 성북구 정릉동 266-1번지
11290,13300,0,0266,0002,,,표제부,공동주택,연립주택,544.62,319.88,1546.59,19980404,4,1,서울특별시 성북구 정릉동 266-2번지
11290,13300,0,0266,0004,,,표제부,공동주택,연립주택(12세대),0,280.84,1435.79,19921231,4,1,서울특별시 성북구 정릉동 266-4번지
11290,13300,0,0266,0007,삼원빌라,,표제부,공동주택,다세대주택,271,144.82,433.36,19910918,2,1,서울특별시 성북구 정릉동 266-7번지
11290,13300,0,0266,0008,,,일반건축물,단독주택,다가구주택,119,66.69,200.03,19891101,3,1,서울특별시 성북구 정릉동 266-8번지
11290,13300,0,0266,0010,,,표제부,공동주택,다세대주택,248.38,123.85,558.31,19961122,4,1,서울특별시 성북구 정릉동 266-10번지
11290,13300,0,0266,0011,솔샘어린이집,,일반건축물,노유자시설,노유자시설(영유아보육시설),0,0,409.88,19890708,2,1,서울특별시 성북구 정릉동 266-11번지
11290,13300,0,0266,0012,,,일반건축물,단독주택,다중주택,153.04,91.06,288.17,20190118,3,1,서울특별시 성북구 정릉동 266-12번지
11290,13300,0,0266,0014,,,표제부,공동주택,"다세대주택, 근린생활시설",276.63,154.64,771.3,20000812,5,1,서울특별시 성북구 정릉동 266-14번지
11290,13300,0,0266,0015,콕쿤석영,,일반건축물,단독주택,단독주택(다중주택),150,83.8,299.6,20170119,3,1,서울특별시 성북구 정릉동 266-15번지
11290,13300,0,0266,0016,,,일반건축물,단독주택,주택,0,0,191.73,19690925,2,1,서울특별시 성북구 정릉동 266-16번지
11290,13300,0,0266,0017,범진빌,,일반건축물,단독주택,"다중주택, 제2종근린생활시설",254,151.83,531.11,20220907,4,0,서울특별시 성북구 정릉동 266-17번지
11290,13300,0,0266,0018,코지하우스,,일반건축물,제2종근린생활시설,제2종근린생활시설(고시원),151.65,83,393.16,20100728,4,1,서울특별시 성북구 정릉동 266-18번지
11290,13300,0,0266,0019,,,표제부,공동주택,다세대주택,0,168.95,658.76,19910506,3,1,서울특별시 성북구 정릉동 266-19번지
11290,13300,0,0266,0020,,,일반건축물,단독주택,다가구주택,258,128.63,308.24,19691101,3,0,서울특별시 성북구 정릉동 266-20번지
11290,13300,0,0266,0022,,,표제부,공동주택,연립주택(16세대),669.7,394.51,1837.43,19951031,4,1,서울특별시 성북구 정릉동 266-22번지
11290,13300,0,0266,0023,,,일반건축물,단독주택,주택(1),281,142.19,352,19950608,2,1,서울특별시 성북구 정릉동 266-23번지
11290,13300,0,0266,0025,,,표제부,공동주택,다세대주택,225.77,134.52,617.17,19971016,4,1,서울특별시 성북구 정릉동 266-25번지
11290,13300,0,0266,0026,,,일반건축물,단독주택,다가구용 단독주택(4가구),0,0,241.17,19910909,2,1,서울특별시 성북구 정릉동 266-26번지
11290,13300,0,0266,0027,,,일반건축물,단독주택,주택,0,0,221.52,19780821,2,1,서울특별시 성북구 정릉동 266-27번지
11290,13300,0,0266,0028,,,일반건축물,단독주택,주택,0,0,152.67,19631216,1,1,서울특별시 성북구 정릉동 266-28번지
11290,13300,0,0266,0028,시티그린빌라,,표제부,공동주택,연립주택(12세대),355.1,211.49,930.76,19970124,4,1,서울특별시 성북구 정릉동 266-28번지
11290,13300,0,0266,0029,현대아트빌라,,표제부,공동주택,연립주택(12세대),363.55,203.69,974.19,19960608,4,1,서울특별시 성북구 정릉동 266-29번지
11290,13300,0,0266,0030,,,표제부,공동주택,연립주택(10세대),0,166.34,833.56,19921028,4,1,서울특별시 성북구 정릉동 266-30번지
11290,13300,0,0266,0032,,,표제부,공동주택,아파트,393,233.96,1437.38,20000905,5,1,서울특별시 성북구 정릉동 266-32번지
11290,13300,0,0266,0033,,,표제부,공동주택,공동주택(다세대주택),298,178,813.84,20120730,4,1,서울특별시 성북구 정릉동 266-33번지
11290,13300,0,0266,0034,대림화이트빌,,표제부,공동주택,다세대주택(도시형생활주택/단지형다세대) 및 제2종근린생활시설(사무소),290,170.55,551.88,20171214,6,0,서울특별시 성북구 정릉동 266-34번지
11290,13300,0,0266,0035,,,표제부,공동주택,다세대주택(8세대),354,177.49,657.31,19940524,3,1,서울특별시 성북구 정릉동 266-35번지
11290,13300,0,0266,0036,,,표제부,공동주택,다세대주택(13세대),344,177.12,657.54,19941130,3,1,서울특별시 성북구 정릉동 266-36번지
11290,13300,0,0266,0037,,,일반건축물,단독주택,다가구용단독주택(13가구),289.5,168.06,626.42,19950829,3,1,서울특별시 성북구 정릉동 266-37번지
11290,13300,0,0266,0038,현대타운하우스,,표제부,공동주택,"근생,다세대주택",299.39,178.18,828.28,20090319,4,1,서울특별시 성북구 정릉동 266-38번지
11290,13300,0,0266,0039,,,일반건축물,단독주택,주택,0,0,237.54,19891005,2,1,서울특별시 성북구 정릉동 266-39번지
11290,13300,0,0266,0040,정릉동다세대주택,,표제부,공동주택,"공동주택,다세대주택",292.03,169.6,864.04,20040611,4,1,서울특별시 성북구 정릉동 266-40번지
11290,13300,0,0266,0041,정릉동다세대주택,,표제부,공동주택,"공동주택,다세대주택",294.75,169.55,872.56,20041006,4,1,서울특별시 성북구 정릉동 266-41번지
11290,13300,0,0266,0042,선우쉐르빌,,표제부,공동주택,다세대주택,281.3,168.59,818.17,20020228,4,1,서울특별시 성북구 정릉동 266-42번지
11290,13300,0,0266,0043,1,,표제부,공동주택,공동주택(다세대-10세대),335,139.73,659.85,20020730,4,1,서울특별시 성북구 정릉동 266-43번지
11290,13300,0,0266,0044,우진빌라,,표제부,공동주택,"공동주택,다세대주택",324,193.94,861.42,20030722,4,1,서울특별시 성북구 정릉동 266-44번지
11290,13300,0,0266,0045,,,일반건축물,단독주택,주택,0,0,215.64,19851024,2,1,서울특별시 성북구 정릉동 266-45번지
11290,13300,0,0266,0046,정릉플러스빌,,표제부,공동주택,공동주택(다세대주택),307,171.36,612.74,20081016,5,0,서울특별시 성북구 정릉동 266-46번지
11290,13300,0,0266,0047,,,표제부,공동주택,다세대주택,314,165.08,644.81,19911017,3,1,서울특별시 성북구 정릉동 266-47번지
11290,13300,0,0266,0048,,,표제부,공동주택,공동주택(다세대주택),330,197.82,755.39,20120412,4,1,서울특별시 성북구 정릉동 266-48번지
11290,13300,0,0266,0049,,,일반건축물,단독주택,주택,0,0,244,19840112,2,1,서울특별시 성북구 정릉동 266-49번지
11290,13300,0,0266,0050,,,일반건축물,단독주택,다가구주택(12가구),327,189.19,658.11,19971016,3,1,서울특별시 성북구 정릉동 266-50번지
11290,13300,0,0266,0051,,,표제부,공동주택,연립주택,433,245.59,1147.61,19970409,4,1,서울특별시 성북구 정릉동 266-51번지
11290,13300,0,0266,0052,,,표제부,공동주택,연립주택(18세대),373,214.94,1039.18,19930402,4,1,서울특별시 성북구 정릉동 266-52번지
11290,13300,0,0266,0053,,,표제부,공동주택,다세대주택,333,196.89,882.15,20010920,4,1,서울특별시 성북구 정릉동 266-53번지
11290,13300,0,0266,0054,,,표제부,공동주택,다세대주택,184,108.46,355.35,20090901,4,0,서울특별시 성북구 정릉동 266-54번지
11290,13300,0,0266,0055,,,표제부,공동주택,공동주택(연립주택18세대),440,251.03,1166.22,19940519,4,1,서울특별시 성북구 정릉동 266-55번지
11290,13300,0,0266,0056,정릉4동공동주차장,,일반건축물,자동차관련시설,자동차관련시설(주차장),975,728.92,1457.84,20071029,1,1,서울특별시 성북구 정릉동 266-56번지
11290,13300,0,0266,0057,,,일반건축물,단독주택,주택,0,0,386.81,19720715,2,1,서울특별시 성북구 정릉동 266-57번지
11290,13300,0,0266,0059,,,표제부,공동주택,연립주택(8세대),470,243.59,1001.08,19970501,4,1,서울특별시 성북구 정릉동 266-59번지
11290,13300,0,0266,0060,정릉하늘채,,표제부,공동주택,공동주택(다세대주택),162,90.99,313.96,20081104,5,0,서울특별시 성북구 정릉동 266-60번지
11290,13300,0,0266,0061,,,표제부,공동주택,다세대주택,433,157.38,659.91,19951128,4,1,서울특별시 성북구 정릉동 266-61번지
11290,13300,0,0266,0062,,,표제부,공동주택,공동주택,231,135.38,459.84,20111230,5,0,서울특별시 성북구 정릉동 266-62번지
11290,13300,0,0266,0063,,,표제부,공동주택,다세대주택,0,78.99,239.85,19861021,2,1,서울특별시 성북구 정릉동 266-63번지
11290,13300,0,0266,0064,,,표제부,공동주택,연립주택(16세대),760,364.82,1949.19,19970826,4,1,서울특별시 성북구 정릉동 266-64번지
11290,13300,0,0266,0067,,,일반건축물,단독주택,단독주택,430,131.46,233.51,19990407,2,1,서울특별시 성북구 정릉동 266-67번지
11290,13300,0,0266,0068,,,일반건축물,단독주택,다가구용단독주택(3가구),126,65.83,189.57,19940329,2,1,서울특별시 성북구 정릉동 266-68번지
11290,13300,0,0266,0069,,,표제부,공동주택,다세대주택,486,256.57,663.82,20071224,5,0,서울특별시 성북구 정릉동 266-69번지
11290,13300,0,0266,0071,,,표제부,공동주택,다세대주택,380,224.21,651.98,20201127,5,0,서울특별시 성북구 정릉동 266-71번지
11290,13300,0,0266,0072,,,표제부,공동주택,다세대주택(8세대),299.25,173.4,657.19,19970107,4,1,서울특별시 성북구 정릉동 266-72번지
11290,13300,0,0266,0073,,,표제부,공동주택,다세대주택(9세대),288,140.58,652.92,19931110,4,1,서울특별시 성북구 정릉동 266-73번지
11290,13300,0,0266,0074,,,표제부,공동주택,다세대주택,362.34,165.58,659.52,19960131,4,1,서울특별시 성북구 정릉동 266-74번지
11290,13300,0,0266,0075,제일빌라,,표제부,공동주택,연립주택,408.26,231.52,1065.06,20011130,4,1,서울특별시 성북구 정릉동 266-75번지
11290,13300,0,0266,0076,,,표제부,공동주택,연립주택,407,191.4,778.6,19951117,4,1,서울특별시 성북구 정릉동 266-76번지
11290,13300,0,0266,0077,,,표제부,공동주택,다세대주택(9세대),330,159.81,640.85,19970627,4,1,서울특별시 성북구 정릉동 266-77번지
11290,13300,0,0266,0078,,,표제부,공동주택,공동주택,724,329.16,1711.68,19980218,4,1,서울특별시 성북구 정릉동 266-78번지
11290,13300,0,0266,0080,마이빌,,표제부,공동주택,공동주택(다세대주택),364,186.88,792.42,20070605,4,1,서울특별시 성북구 정릉동 266-80번지
11290,13300,0,0266,0081,,,일반건축물,단독주택,"주택, 주택",0,0,225.45,19751215,2,1,서울특별시 성북구 정릉동 266-81번지
11290,13300,0,0266,0082,,,표제부,공동주택,다세대주택,0,74.97,224.91,19861022,2,1,서울특별시 성북구 정릉동 266-82번지
11290,13300,0,0266,0083,,,표제부,공동주택,다세대주택,0,80.91,242.73,19880921,2,1,서울특별시 성북구 정릉동 266-83번지
11290,13300,0,0266,0086,삼성그린빌라,,표제부,공동주택,"공동주택(다세대주택,근린생활시설)",349,193.16,797.71,20150702,5,1,서울특별시 성북구 정릉동 266-86번지
11290,13300,0,0266,0087,,,표제부,공동주택,다세대주택,393,166.2,656.24,19960806,4,1,서울특별시 성북구 정릉동 266-87번지
11290,13300,0,0266,0088,,,표제부,공동주택,다세대주택(10세대),367,157.2,651.86,19970228,4,1,서울특별시 성북구 정릉동 266-88번지
11290,13300,0,0266,0089,중앙하이츠빌,,표제부,공동주택,공동주택(다세대주택),310,183.77,659.21,20030108,5,0,서울특별시 성북구 정릉동 266-89번지
11290,13300,0,0266,0090,,,표제부,공동주택,다세대주택,307,183.77,659.21,20030212,5,0,서울특별시 성북구 정릉동 266-90번지
11290,13300,0,0266,0091,중앙하이츠빌,,표제부,공동주택,다세대주택,284,169.99,659.92,20030110,5,0,서울특별시 성북구 정릉동 266-91번지
11290,13300,0,0266,0092,,,일반건축물,제2종근린생활시설,"제2종근린생활시설, 주택",324,189.57,1126.25,19970722,5,1,서울특별시 성북구 정릉동 266-92번지
11290,13300,0,0266,0093,화신빌딩,,일반건축물,제2종근린생활시설,"근린생활시설, 다가구주택",317,178.74,1025.67,19941231,5,1,서울특별시 성북구 정릉동 266-93번지
11290,13300,0,0266,0094,,,일반건축물,단독주택,단독주택(다가구주택),311,180.63,619.93,20170220,5,0,서울특별시 성북구 정릉동 266-94번지
11290,13300,0,0266,0095,중앙하이츠빌,,표제부,공동주택,다세대주택,284.52,170.64,564.76,20021228,5,0,서울특별시 성북구 정릉동 266-95번지
11290,13300,0,0266,0096,태극빌딩,,일반건축물,제2종근린생활시설,"제2종근린생활시설, 주택",330,178.88,1008.44,20040319,6,0,서울특별시 성북구 정릉동 266-96번지
11290,13300,0,0266,0097,정릉성결교회,,일반건축물,종교시설,문화및집회시설(교회),294,175.89,651.5,20060329,5,0,서울특별시 성북구 정릉동 266-97번지
11290,13300,0,0266,0098,,,일반건축물,단독주택,"다가구용단독주택(3가구), 근린생활시설",159,88.16,299.28,19931209,3,1,서울특별시 성북구 정릉동 266-98번지
11290,13300,0,0266,0099,,,일반건축물,제2종근린생활시설,"주택, 근린생활시설",0,0,565.78,19841004,3,1,서울특별시 성북구 정릉동 266-99번지
11290,13300,0,0266,0104,,,표제부,공동주택,공동주택,225,132.54,448.7,20091007,5,0,서울특별시 성북구 정릉동 266-104번지
11290,13300,0,0266,0105,,,일반건축물,단독주택,"주택, 근린생활시설(소매점)",0,0,392.92,19661020,2,1,서울특별시 성북구 정릉동 266-105번지
11290,13300,0,0266,0106,,,일반건축물,제2종근린생활시설,제2종근린생활시설,0,0,297.85,19661001,2,0,서울특별시 성북구 정릉동 266-106번지
11290,13300,0,0266,0107,,,일반건축물,제2종근린생활시설,제2종근린생활시설,0,0,645.47,19911015,4,1,서울특별시 성북구 정릉동 266-107번지
11290,13300,0,0266,0108,,,일반건축물,단독주택,"주택, 영업",0,0,380.66,19660725,2,1,서울특별시 성북구 정릉동 266-108번지
11290,13300,0,0266,0109,,,일반건축물,단독주택,주택,0,0,274.78,19671104,2,1,서울특별시 성북구 정릉동 266-109번지
11290,13300,0,0266,0110,,,일반건축물,제2종근린생활시설,사무소,317,74.34,74.34,20090304,1,0,서울특별시 성북구 정릉동 266-110번지
11290,13300,0,0266,0112,,,표제부,제1종근린생활시설,"제1종근린생활시설, 다세대주택",644,375.14,1972.37,19970506,6,1,서울특별시 성북구 정릉동 266-112번지
11290,13300,0,0266,0113,,,표제부,공동주택,연립주택,363,207.07,828.38,19970723,4,1,서울특별시 성북구 정릉동 266-113번지
11290,13300,0,0266,0115,한은빌라,,표제부,공동주택,다세대주택,347,187.02,814.94,20011130,4,1,서울특별시 성북구 정릉동 266-115번지
11290,13300,0,0266,0116,,,표제부,공동주택,"근린생활시설,다세대주택(8세대)",367,182.33,891.75,20020911,4,1,서울특별시 성북구 정릉동 266-116번지
11290,13300,0,0266,0117,,,일반건축물,단독주택,주택,0,0,235.8,19670820,2,1,서울특별시 성북구 정릉동 266-117번지
11290,13300,0,0266,0118,건일 테크빌,,표제부,공동주택,연립주택,522,289.44,1401.77,20021122,4,1,서울특별시 성북구 정릉동 266-118번지
11290,13300,0,0266,0119,,,일반건축물,단독주택,주택,0,0,225.36,19780708,2,1,서울특별시 성북구 정릉동 266-119번지
11290,13300,0,0266,0121,청수도서관,,일반건축물,제1종근린생활시설,공공도서관,423,210.77,461.86,19871029,3,1,서울특별시 성북구 정릉동 266-121번지
11290,13300,0,0266,0124,행복빌라,,표제부,공동주택,"다세대주택,근린생활시설",486,251.33,971.24,20150520,7,0,서울특별시 성북구 정릉동 266-124번지
11290,13300,0,0266,0125,젬스톤 빌리지,,표제부,공동주택,공동주택(다세대주택),367,219.84,659.09,20140820,5,0,서울특별시 성북구 정릉동 266-125번지
11290,13300,0,0266,0127,리체빌,,표제부,공동주택,공동주택(다세대주택),367,219.98,658.14,20080226,5,0,서울특별시 성북구 정릉동 266-127번지
11290,13300,0,0266,0128,,,표제부,공동주택,연립주택(18세대),403,235.85,1149.05,19950117,4,1,서울특별시 성북구 정릉동 266-128번지
11290,13300,0,0266,0129,,,일반건축물,단독주택,주택,0,0,162.42,19670816,2,1,서울특별시 성북구 정릉동 266-129번지
11290,13300,0,0266,0133,,,일반건축물,단독주택,주택,0,0,152.73,19891111,2,1,서울특별시 성북구 정릉동 266-133번지
11290,13300,0,0266,0134,,,표제부,공동주택,연립주택,476,283.55,1334.51,19980923,4,1,서울특별시 성북구 정릉동 266-134번지
11290,13300,0,0266,0135,명지빌라트,,표제부,공동주택,"다세대주택, 근린생활시설",340,191.49,868.36,20010616,5,1,서울특별시 성북구 정릉동 266-135번지
11290,13300,0,0266,0136,솔샘리치빌,,표제부,공동주택,도시형생활주택(단지형다세대),321,172.67,641.4,20150429,6,0,서울특별시 성북구 정릉동 266-136번지
11290,13300,0,0266,0137,현대빌리지,,표제부,공동주택,다세대주택,380,214.64,659.44,20150302,5,0,서울특별시 성북구 정릉동 266-137번지
11290,13300,0,0266,0139,하이빌 서경,,표제부,공동주택,공동주택(도시형생활주택(단지형다세대)) 및 제2종 근린생활시설,396,193.89,707.62,20170831,6,1,서울특별시 성북구 정릉동 266-139번지
11290,13300,0,0266,0140,,,일반건축물,제2종근린생활시설,제2종근린생활시설,202,116.24,494.76,20100611,4,1,서울특별시 성북구 정릉동 266-140번지
11290,13300,0,0266,0141,,,일반건축물,제2종근린생활시설,"제2종근린생활시설(고시원,사무소)",196.2,96.64,484.97,20100624,5,1,서울특별시 성북구 정릉동 266-141번지
11290,13300,0,0266,0142,신용주택,,표제부,공동주택,다세대주택,313.47,178.8,838.22,20050518,4,1,서울특별시 성북구 정릉동 266-142번지
11290,13300,0,0266,0143,신영교회,,일반건축물,제2종근린생활시설,제2종근린생활시설(교회),228,131.33,149.64,19730525,2,0,서울특별시 성북구 정릉동 266-143번지
11290,13300,0,0266,0144,,,일반건축물,단독주택,주택,0,0,154.76,19720426,2,0,서울특별시 성북구 정릉동 266-144번지
11290,13300,0,0266,0145,,,일반건축물,단독주택,단독주택(다중주택),168,96.2,332.41,20170911,3,1,서울특별시 성북구 정릉동 266-145번지
11290,13300,0,0266,0146,,,표제부,공동주택,연립주택(12세대),320.1,189.15,896.18,19960718,4,1,서울특별시 성북구 정릉동 266-146번지
11290,13300,0,0266,0147,,,표제부,공동주택,다세대주택<8세대>,350.43,194.12,659.59,19970910,4,0,서울특별시 성북구 정릉동 266-147번지
11290,13300,0,0266,0148,성신빌라,,표제부,공동주택,다세대주택,298.98,168.49,659.94,19970321,4,1,서울특별시 성북구 정릉동 266-148번지
11290,13300,0,0266,0149,삼성홈타운,,표제부,공동주택,"공동주택,다세대주택",240.75,143.28,701.44,20040422,4,1,서울특별시 성북구 정릉동 266-149번지
11290,13300,0,0266,0150,,,일반건축물,단독주택,주택,0,0,206.65,19881021,2,1,서울특별시 성북구 정릉동 266-150번지
11290,13300,0,0266,0151,,,표제부,공동주택,다세대주택,0,59.07,234.18,19910718,3,1,서울특별시 성북구 정릉동 266-151번지
11290,13300,0,0266,0152,,,표제부,공동주택,연립주택,0,258.78,1486.37,19920805,4,2,서울특별시 성북구 정릉동 266-152번지
11290,13300,0,0266,0153,,,표제부,공동주택,연립주택(12세대),367,216.63,1029.63,19970430,4,1,서울특별시 성북구 정릉동 266-153번지
11290,13300,0,0266,0154,삼성그린빌라,,표제부,공동주택,다세대주택,281,164.59,552.04,20141224,5,0,서울특별시 성북구 정릉동 266-154번지
11290,13300,0,0266,0156,,,일반건축물,단독주택,주택,0,0,248.34,19840821,2,1,서울특별시 성북구 정릉동 266-156번지
11290,13300,0,0266,0157,,,표제부,공동주택,다세대주택(6세대),157.13,88.6,436.97,20061107,4,1,서울특별시 성북구 정릉동 266-157번지
11290,13300,0,0266,0158,,,일반건축물,단독주택,주택,0,0,126.85,19680227,2,0,서울특별시 성북구 정릉동 266-158번지
11290,13300,0,0266,0159,,,일반건축물,단독주택,다가구주택(5가구),151.84,90.79,336.48,19971114,3,1,서울특별시 성북구 정릉동 266-159번지
11290,13300,0,0266,0160,가온빌,,표제부,공동주택,다세대주택(단지형다세대),321,177.98,641.29,20150529,6,0,서울특별시 성북구 정릉동 266-160번지
11290,13300,0,0266,0161,,,일반건축물,단독주택,다가구용단독주택(5가구),127.1,0,193.09,19931123,2,1,서울특별시 성북구 정릉동 266-161번지
11290,13300,0,0266,0162,,,표제부,공동주택,다세대주택,330,195.03,886.16,20010726,4,1,서울특별시 성북구 정릉동 266-162번지
11290,13300,0,0266,0163,스마트빌,,일반건축물,제2종근린생활시설,제2종근린생활시설,188,108.87,478.78,20120201,4,1,서울특별시 성북구 정릉동 266-163번지
11290,13300,0,0266,0164,,,일반건축물,단독주택,주택,0,0,164.67,19690225,2,1,서울특별시 성북구 정릉동 266-164번지
11290,13300,0,0266,0165,삼보빌라,,표제부,공동주택,"다세대주택, 근린생활시설",321,175.83,640.59,20080117,5,0,서울특별시 성북구 정릉동 266-165번지
11290,13300,0,0266,0166,,,표제부,공동주택,다세대주택,0,82.56,276.86,19901203,3,1,서울특별시 성북구 정릉동 266-166번지
11290,13300,0,0266,0167,금강빌라,,표제부,공동주택,연립주택(13세대),490.43,268.14,1256.13,19970523,4,1,서울특별시 성북구 정릉동 266-167번지
11290,13300,0,0266,0168,행복드림빌,,표제부,공동주택,공동주택(다세대주택),413.7,237.51,833.82,20210802,5,1,서울특별시 성북구 정릉동 266-168번지
11290,13300,0,0266,0169,,,표제부,공동주택,다세대주택,256.25,152.5,669.71,20081021,4,1,서울특별시 성북구 정릉동 266-169번지
11290,13300,0,0266,0170,,,일반건축물,단독주택,다가구용단독주택,173,103.06,271.34,19930211,2,1,서울특별시 성북구 정릉동 266-170번지
11290,13300,0,0266,0172,,,표제부,공동주택,다세대주택,162,95.23,470.24,20020515,4,1,서울특별시 성북구 정릉동 266-172번지
11290,13300,0,0266,0173,현대아트빌라,,표제부,공동주택,연립주택(18세대),685,381.9,1781.25,19970820,4,1,서울특별시 성북구 정릉동 266-173번지
11290,13300,0,0266,0174,리치캐슬,,표제부,공동주택,공동주택(다세대주택),400,217.71,659.96,20120314,5,0,서울특별시 성북구 정릉동 266-174번지
11290,13300,0,0266,0175,,,일반건축물,단독주택,주택,0,0,295.47,19851024,2,1,서울특별시 성북구 정릉동 266-175번지
11290,13300,0,0266,0176,중앙하이츠,,표제부,공동주택,공동주택(다세대주택 및 근린생활시설),453,225.59,859.22,20131205,6,0,서울특별시 성북구 정릉동 266-176번지
11290,13300,0,0266,0177,,,일반건축물,단독주택,주택,0,0,249.51,19740717,2,1,서울특별시 성북구 정릉동 266-177번지
11290,13300,0,0266,0178,,,일반건축물,단독주택,"주택, 보일라실",0,0,200.56,19780724,2,1,서울특별시 성북구 정릉동 266-178번지
11290,13300,0,0266,0179,,,일반건축물,제1종근린생활시설,제1종근린생활시설,0,0,632.64,19800814,3,1,서울특별시 성북구 정릉동 266-179번지
11290,13300,0,0266,0180,,,표제부,공동주택,공동주택(도시형생활주택(원룸형주택)),358.22,213.9,659.6,20160725,5,0,서울특별시 성북구 정릉동 266-180번지
11290,13300,0,0266,0181,더 윌로우 181,,일반건축물,제2종근린생활시설,"제2종근린생활시설, 다가구주택",357,214.02,841.58,20230926,5,1,서울특별시 성북구 정릉동 266-181번지
11290,13300,0,0266,0183,성북구 정릉동 인터넷센터,,일반건축물,방송통신시설,통신용시설,432,245.07,1031.72,20250526,4,1,서울특별시 성북구 정릉동 266-183번지
11290,13300,0,0266,0184,,,일반건축물,제1종근린생활시설,"근린생활시설, 주택<1가구>",230,137.68,532.73,19961224,4,1,서울특별시 성북구 정릉동 266-184번지
11290,13300,0,0266,0292,,,일반건축물,단독주택,"주택, 근린생활시설",0,0,162.5,19831012,2,1,서울특별시 성북구 정릉동 266-292번지
11290,13300,0,0266,0298,,,일반건축물,단독주택,주택,46,0,36.77,19850630,1,0,서울특별시 성북구 정릉동 266-298번지
11290,13300,0,0266,0301,,,표제부,공동주택,다세대주택(8),196,196,573.66,19931203,4,1,서울특별시 성북구 정릉동 266-301번지
11290,13300,0,0266,0307,,,일반건축물,단독주택,주택,0,0,57.55,19631216,1,0,서울특별시 성북구 정릉동 266-307번지
11290,13300,0,0266,0308,,,일반건축물,단독주택,다가구주택,166.4,99.27,295.5,20030424,3,0,서울특별시 성북구 정릉동 266-308번지
11290,13300,0,0266,0312,,,일반건축물,단독주택,다가구용단독주택,142,85.02,292.94,19940514,3,1,서울특별시 성북구 정릉동 266-312번지
11290,13300,0,0266,0313,,,일반건축물,단독주택,"다가구용단독주택(5가구), 근린생활시설",168,97.91,360,19940519,3,1,서울특별시 성북구 정릉동 266-313번지
11290,13300,0,0266,0314,,,일반건축물,단독주택,주택,0,0,136.85,19851119,2,1,서울특별시 성북구 정릉동 266-314번지
11290,13300,0,0266,0315,,,일반건축물,단독주택,다가구용 단독주택(6가구),149,89.38,324.58,19950210,3,1,서울특별시 성북구 정릉동 266-315번지
11290,13300,0,0266,0316,,,일반건축물,단독주택,주택,0,0,109.68,19840501,2,1,서울특별시 성북구 정릉동 266-316번지
11290,13300,0,0266,0317,,,일반건축물,제1종근린생활시설,"근린생활시설, 주택",0,0,746.28,19871222,4,1,서울특별시 성북구 정릉동 266-317번지
11290,13300,0,0266,0323,,,일반건축물,단독주택,다가구용 단독주택(3가구),92.51,54.99,156.52,19940913,2,1,서울특별시 성북구 정릉동 266-323번지
11290,13300,0,0266,0324,,,일반건축물,단독주택,다가구용 단독주택(6가구),0,0,213.93,19901202,2,1,서울특별시 성북구 정릉동 266-324번지
11290,13300,0,0266,0327,,,일반건축물,단독주택,주택,0,0,37.82,19670629,1,0,서울특별시 성북구 정릉동 266-327번지
11290,13300,0,0266,0328,,,일반건축물,단독주택,근린생활시설 및 단독주택,94.04,55.67,189.16,20180508,4,1,서울특별시 성북구 정릉동 266-328번지
11290,13300,0,0266,0329,,,일반건축물,단독주택,주택,0,0,40.76,19661129,1,0,서울특별시 성북구 정릉동 266-329번지
11290,13300,0,0266,0331,,,표제부,공동주택,다세대주택,0,107.25,429,19910315,3,1,서울특별시 성북구 정릉동 266-331번지
11290,13300,0,0266,0332,,,일반건축물,단독주택,주택,0,0,49.59,19611231,1,0,서울특별시 성북구 정릉동 266-332번지
11290,13300,0,0266,0333,,,일반건축물,단독주택,다가구용단독주택(5),109.9,0,193.4,19930112,2,1,서울특별시 성북구 정릉동 266-333번지
11290,13300,0,0266,0334,,,일반건축물,단독주택,단독주택(다중주택),114.01,66.18,236.62,20111017,3,1,서울특별시 성북구 정릉동 266-334번지
11290,13300,0,0266,0335,,,일반건축물,단독주택,다가구주택(6가구),0,0,249.84,19881216,2,1,서울특별시 성북구 정릉동 266-335번지
11290,13300,0,0266,0337,,,일반건축물,단독주택,다가구용 단독주택(4가구),0,0,196.32,19910913,2,1,서울특별시 성북구 정릉동 266-337번지
11290,13300,0,0266,0338,,,일반건축물,단독주택,다가구용단독주택,228,125.6,481.48,19951208,3,1,서울특별시 성북구 정릉동 266-338번지
11290,13300,0,0266,0339,,,일반건축물,단독주택,주택,0,0,83.11,19760515,1,1,서울특별시 성북구 정릉동 266-339번지
11290,13300,0,0266,0342,,,일반건축물,단독주택,다가구용 단독주택(3가구),0,0,187.41,19910723,2,1,서울특별시 성북구 정릉동 266-342번지
11290,13300,0,0266,0343,,,일반건축물,제2종근린생활시설,제2종근린생활시설,122,72.8,318.68,20050711,4,1,서울특별시 성북구 정릉동 266-343번지
11290,13300,0,0266,0344,,,일반건축물,단독주택,주택,0,0,59.7,19670930,1,0,서울특별시 성북구 정릉동 266-344번지
11290,13300,0,0266,0345,,,일반건축물,단독주택,주택,0,0,45.06,19670930,1,0,서울특별시 성북구 정릉동 266-345번지
11290,13300,0,0266,0346,,,일반건축물,단독주택,주택,0,0,32.63,19681105,1,0,서울특별시 성북구 정릉동 266-346번지
11290,13300,0,0266,0347,,,일반건축물,단독주택,다가구용 단독주택(5가구),0,0,199.83,19910119,2,1,서울특별시 성북구 정릉동 266-347번지
11290,13300,0,0266,0348,,,일반건축물,단독주택,다가구용단독주택,132,78.52,199.65,19930120,2,1,서울특별시 성북구 정릉동 266-348번지
11290,13300,0,0266,0349,,,일반건축물,단독주택,다가구용 단독주택(4가구),0,0,223.89,19910912,2,1,서울특별시 성북구 정릉동 266-349번지
11290,13300,0,0266,0350,,,일반건축물,단독주택,다가구용 단독주택(4가구),0,0,202.32,19910626,2,1,서울특별시 성북구 정릉동 266-350번지
11290,13300,0,0266,0351,,,일반건축물,단독주택,주택,0,0,152.51,19671210,2,0,서울특별시 성북구 정릉동 266-351번지
11290,13300,0,0266,0354,1,,표제부,공동주택,연립주택,380,211.45,923.16,20041016,4,1,서울특별시 성북구 정릉동 266-354번지
11290,13300,0,0266,0356,,,일반건축물,단독주택,주택,0,0,49.55,19671017,1,0,서울특별시 성북구 정릉동 266-356번지
11290,13300,0,0266,0357,,,일반건축물,단독주택,다가구주택,130,75.38,327.9,19970704,4,1,서울특별시 성북구 정릉동 266-357번지
11290,13300,0,0266,0359,,,일반건축물,단독주택,"다가구용 단독주택(3가구), 근린생활시설",0,0,243.48,19910719,2,1,서울특별시 성북구 정릉동 266-359번지
11290,13300,0,0266,0362,,,일반건축물,단독주택,다가구주택,201.5,110.53,403.47,20020206,3,1,서울특별시 성북구 정릉동 266-362번지
11290,13300,0,0266,0367,,,일반건축물,단독주택,주택,0,0,147.64,19670816,2,1,서울특별시 성북구 정릉동 266-367번지
11290,13300,0,0266,0368,,,일반건축물,단독주택,"주택, 차고",0,0,195.36,19670816,2,1,서울특별시 성북구 정릉동 266-368번지
11290,13300,0,0266,0369,,,일반건축물,단독주택,다가구용단독주택,116,67.81,255.06,19951004,3,1,서울특별시 성북구 정릉동 266-369번지
11290,13300,0,0266,0372,,,일반건축물,제2종근린생활시설,다중생활시설,185.38,110.36,475.69,20180420,4,1,서울특별시 성북구 정릉동 266-372번지
11290,13300,0,0266,0375,,,일반건축물,단독주택,주택,0,0,144.32,19781213,2,1,서울특별시 성북구 정릉동 266-375번지
11290,13300,0,0266,0376,,,일반건축물,단독주택,단독주택(다가구주택-2가구),166,94.48,164.74,20120406,2,0,서울특별시 성북구 정릉동 266-376번지
11290,13300,0,0266,0377,,,일반건축물,단독주택,주택,0,0,80.43,19700810,1,1,서울특별시 성북구 정릉동 266-377번지
11290,13300,0,0266,0378,정릉동 근린생활시설,,일반건축물,제2종근린생활시설,제2종근린생활시설,0,30.16,30.16,20040414,1,0,서울특별시 성북구 정릉동 266-378번지
11290,13300,0,0266,0378,정릉동 근린생활시설,,일반건축물,단독주택,"주택, 근린생활시설",172,0,324.97,19920627,3,1,서울특별시 성북구 정릉동 266-378번지
11290,13300,0,0266,0380,,,표제부,공동주택,공동주택(도시형생활주택(원룸형)),207.03,123.52,577.68,20130612,4,1,서울특별시 성북구 정릉동 266-380번지
11290,13300,0,0266,0381,,,일반건축물,단독주택,주택,0,0,152.64,19891030,2,1,서울특별시 성북구 정릉동 266-381번지
11290,13300,0,0266,0382,,,일반건축물,단독주택,주택,0,0,96.53,19680801,2,1,서울특별시 성북구 정릉동 266-382번지
11290,13300,0,0266,0384,,,표제부,공동주택,다세대주택,144.8,78.12,199.8,19910813,2,1,서울특별시 성북구 정릉동 266-384번지
11290,13300,0,0266,0385,,,일반건축물,단독주택,주택,0,0,36.89,19740220,1,0,서울특별시 성북구 정릉동 266-385번지
11290,13300,0,0266,0386,,,일반건축물,단독주택,주택,0,0,383.3,19690305,3,1,서울특별시 성북구 정릉동 266-386번지
11290,13300,0,0266,0388,,,일반건축물,단독주택,다중주택,197.3,115.8,390.85,20200327,4,1,서울특별시 성북구 정릉동 266-388번지
11290,13300,0,0266,0389,,,표제부,공동주택,근린생활시설 및 공동주택(다세대주택),387,231.73,1192.83,20090623,4,2,서울특별시 성북구 정릉동 266-389번지
11290,13300,0,0266,0390,,,일반건축물,제1종근린생활시설,제1종근린생활시설(점포),0,0,104.4,19651115,1,0,서울특별시 성북구 정릉동 266-390번지
11290,13300,0,0266,0391,,,일반건축물,제2종근린생활시설,"제2종근린생활시설, 주택",0,0,472.87,19871126,4,1,서울특별시 성북구 정릉동 266-391번지
11290,13300,0,0266,0392,나동,,표제부,공동주택,다세대주택,197,48.03,144.09,19820910,2,1,서울특별시 성북구 정릉동 266-392번지
11290,13300,0,0266,0392,가동,,표제부,공동주택,다세대주택,197,46.78,106.16,19820910,2,1,서울특별시 성북구 정릉동 266-392번지
11290,13300,0,0266,0393,학생기숙사,,일반건축물,공동주택,기숙사,510.53,0,895.01,20040603,5,2,서울특별시 성북구 정릉동 266-393번지
11290,13300,0,0266,0394,,,일반건축물,단독주택,다가구용단독주택(6가구),211,126.39,424.7,19951206,3,1,서울특별시 성북구 정릉동 266-394번지
11290,13300,0,0266,0396,,,일반건축물,단독주택,주택,0,0,86.84,19690510,1,0,서울특별시 성북구 정릉동 266-396번지
11290,13300,0,0266,0396,,,표제부,공동주택,다세대주택,0,83.14,246.34,19870915,2,1,서울특별시 성북구 정릉동 266-396번지
11290,13300,0,0266,0397,,,일반건축물,단독주택,주택,0,0,75.5,19691004,2,0,서울특별시 성북구 정릉동 266-397번지
11290,13300,0,0266,0398,,,일반건축물,단독주택,주택,0,0,41.42,,1,0,서울특별시 성북구 정릉동 266-398번지
11290,13300,0,0266,0399,,,일반건축물,단독주택,주택,0,0,38.21,,1,0,서울특별시 성북구 정릉동 266-399번지
11290,13300,0,0266,0400,정성주택,,표제부,공동주택,공동주택,301,179.01,600.8,20090413,5,0,서울특별시 성북구 정릉동 266-400번지
11290,13300,0,0266,0401,,,일반건축물,단독주택,단독주택(다가구주택),409.56,138.55,304.93,20190531,3,0,서울특별시 성북구 정릉동 266-401번지
11290,13300,0,0266,0402,,,일반건축물,단독주택,"단독주택,근린생활시설",290.11,167.41,800.76,20021214,4,1,서울특별시 성북구 정릉동 266-402번지
11290,13300,0,0266,0403,,,일반건축물,단독주택,주택,0,0,46.81,19690731,1,0,서울특별시 성북구 정릉동 266-403번지
11290,13300,0,0266,0405,,,일반건축물,단독주택,근생및단독주택,95,55.32,220.96,20100325,4,1,서울특별시 성북구 정릉동 266-405번지
11290,13300,0,0266,0406,,,일반건축물,단독주택,주택,0,0,203.1,19840905,2,1,서울특별시 성북구 정릉동 266-406번지
11290,13300,0,0266,0408,,,일반건축물,단독주택,주택,0,0,39.67,19690731,1,0,서울특별시 성북구 정릉동 266-408번지
11290,13300,0,0266,0409,,,일반건축물,단독주택,주택,0,0,41.85,19690731,1,0,서울특별시 성북구 정릉동 266-409번지
11290,13300,0,0266,0410,,,일반건축물,단독주택,주택,0,0,42.98,19690731,1,0,서울특별시 성북구 정릉동 266-410번지
11290,13300,0,0266,0415,,,일반건축물,단독주택,주택,123.97,73.44,290.27,19931112,4,1,서울특별시 성북구 정릉동 266-415번지
11290,13300,0,0266,0418,,,일반건축물,단독주택,주택,0,0,40.53,19720620,1,0,서울특별시 성북구 정릉동 266-418번지
11290,13300,0,0266,0421,,,일반건축물,단독주택,주택,0,0,167.77,19791016,2,1,서울특별시 성북구 정릉동 266-421번지
11290,13300,0,0266,0422,,,일반건축물,단독주택,주택,0,0,52.5,19690130,1,0,서울특별시 성북구 정릉동 266-422번지
11290,13300,0,0266,0423,,,일반건축물,단독주택,주택,0,0,138.51,19811208,2,1,서울특별시 성북구 정릉동 266-423번지
11290,13300,0,0266,0425,,,일반건축물,단독주택,"주택,근린생활시설",0,0,108.79,19700619,2,0,서울특별시 성북구 정릉동 266-425번지
11290,13300,0,0266,0426,,,일반건축물,단독주택,주택,0,0,14.05,19681105,1,0,서울특별시 성북구 정릉동 266-426번지
11290,13300,0,0266,0427,,,표제부,공동주택,다세대주택,0,76.46,229.38,19881210,2,1,서울특별시 성북구 정릉동 266-427번지
11290,13300,0,0266,0428,,,일반건축물,제2종근린생활시설,"제2종근린생활시설, 주택",0,0,755.2,19901122,4,1,서울특별시 성북구 정릉동 266-428번지
11290,13300,0,0266,0429,,,일반건축물,단독주택,다가구용단독주택(4가구),122,73.13,222.9,19931215,2,1,서울특별시 성북구 정릉동 266-429번지
11290,13300,0,0266,0430,,,일반건축물,단독주택,다가구용단독주택(3가구),91.74,52.69,135.36,19940526,2,1,서울특별시 성북구 정릉동 266-430번지
11290,13300,0,0266,0431,,,일반건축물,단독주택,다가구용 단독주택(3가구),0,0,146.61,19921226,2,1,서울특별시 성북구 정릉동 266-431번지
11290,13300,0,0266,0432,,,일반건축물,단독주택,단독주택,96.59,50.62,143,19980909,2,1,서울특별시 성북구 정릉동 266-432번지
11290,13300,0,0266,0433,,,일반건축물,단독주택,다가구용단독주택(3가구),82.24,53.7,143.55,19940730,2,1,서울특별시 성북구 정릉동 266-433번지
11290,13300,0,0266,0440,,,표제부,공동주택,다세대주택,230,137.1,584.5,20150224,5,1,서울특별시 성북구 정릉동 266-440번지
11290,13300,0,0266,0441,,,일반건축물,교육연구시설,창고시설,0,0,62.48,19730326,0,1,서울특별시 성북구 정릉동 266-441번지
11290,13300,0,0266,0441,삼보정사 강당,,일반건축물,교육연구시설,"교육연구 및 복지시설,연수원",0,310.87,1143.67,20040128,4,0,서울특별시 성북구 정릉동 266-441번지
11290,13300,0,0266,0443,,,표제부,공동주택,공동주택(다세대),296.6,168.27,737.76,20000812,4,1,서울특별시 성북구 정릉동 266-443번지
11290,13300,0,0266,0446,,,일반건축물,단독주택,"주택, 지하실",0,0,246.31,19890714,2,1,서울특별시 성북구 정릉동 266-446번지
11290,13300,0,0266,0447,,,일반건축물,단독주택,주택,0,0,67.8,19751006,1,1,서울특별시 성북구 정릉동 266-447번지
11290,13300,0,0266,0448,,,일반건축물,단독주택,주택,0,0,64.99,19740206,1,0,서울특별시 성북구 정릉동 266-448번지
11290,13300,0,0266,0449,현대타운하우스,,표제부,공동주택,다세대주택,187.35,109.92,542.31,20090312,4,2,서울특별시 성북구 정릉동 266-449번지
11290,13300,0,0266,0450,,,일반건축물,단독주택,주택,0,0,62.19,19761112,1,1,서울특별시 성북구 정릉동 266-450번지
11290,13300,0,0266,0452,,,표제부,공동주택,"공동주택(도시형생활주택), 근린생활시설",147.1,79.92,350.5,20120207,4,1,서울특별시 성북구 정릉동 266-452번지
11290,13300,0,0266,0453,,,일반건축물,단독주택,단독주택(다중주택),180.43,93.52,299.84,20130627,3,1,서울특별시 성북구 정릉동 266-453번지
11290,13300,0,0266,0455,,,표제부,공동주택,다세대주택(7세대),0,163.68,638.88,19921012,3,1,서울특별시 성북구 정릉동 266-455번지
11290,13300,0,0266,0457,,,일반건축물,단독주택,주택,0,0,262.29,19771208,2,1,서울특별시 성북구 정릉동 266-457번지
11290,13300,0,0266,0459,,,일반건축물,단독주택,단독주택(다중주택),132,78.75,341.6,20171128,4,1,서울특별시 성북구 정릉동 266-459번지
11290,13300,0,0266,0460,,,일반건축물,단독주택,주택,0,0,114.05,19740717,1,1,서울특별시 성북구 정릉동 266-460번지
11290,13300,0,0266,0461,,,표제부,공동주택,다세대주택,152,90.5,329.63,19940809,3,1,서울특별시 성북구 정릉동 266-461번지
11290,13300,0,0266,0464,비동,,일반건축물,단독주택,주택,0,0,54.55,19710120,1,0,서울특별시 성북구 정릉동 266-464번지
11290,13300,0,0266,0464,에이동,,일반건축물,단독주택,주택,0,0,54.55,19710120,1,0,서울특별시 성북구 정릉동 266-464번지
11290,13300,0,0266,0467,솔샘 리치빌,,표제부,공동주택,공동주택(다세대주택),393,221.88,659.4,20141021,5,0,서울특별시 성북구 정릉동 266-467번지
11290,13300,0,0266,0468,,,표제부,공동주택,다세대주택,0,108.36,325.08,19901011,2,1,서울특별시 성북구 정릉동 266-468번지
11290,13300,0,0266,0469,,,일반건축물,자동차관련시설,차고,0,0,59.11,19690305,1,0,서울특별시 성북구 정릉동 266-469번지
11290,13300,0,0266,0473,,,일반건축물,단독주택,단독주택,151.55,89.79,361.14,20130614,4,1,서울특별시 성북구 정릉동 266-473번지
11290,13300,0,0266,0476,,,표제부,공동주택,다세대주택,143.2,84.84,261.16,20110610,4,0,서울특별시 성북구 정릉동 266-476번지
11290,13300,0,0266,0477,,,일반건축물,단독주택,주택,0,0,89.82,19740903,1,1,서울특별시 성북구 정릉동 266-477번지
11290,13300,0,0266,0478,,,일반건축물,단독주택,단독주택(다가구주택),92,55.08,169.91,20170804,4,0,서울특별시 성북구 정릉동 266-478번지
11290,13300,0,0266,0482,삼성홈타운,,표제부,공동주택,"공동주택,다세대주택",347,189.05,872.25,20040715,4,1,서울특별시 성북구 정릉동 266-482번지
11290,13300,0,0266,0484,,,일반건축물,단독주택,주택,0,0,125.79,19780715,2,1,서울특별시 성북구 정릉동 266-484번지
11290,13300,0,0266,0485,,,일반건축물,단독주택,다중주택,164,97.43,427.04,20231024,4,1,서울특별시 성북구 정릉동 266-485번지
11290,13300,0,0266,0487,,,표제부,공동주택,다세대주택(8세대),231,102.4,372.28,19950410,3,1,서울특별시 성북구 정릉동 266-487번지
11290,13300,0,0266,0488,,,일반건축물,단독주택,다가구용단독주택(7가구),185,94.85,296.14,19951114,3,1,서울특별시 성북구 정릉동 266-488번지
11290,13300,0,0266,0490,,,일반건축물,단독주택,다가구용 단독주택(7가구용),197.51,118.3,419.43,19961104,3,1,서울특별시 성북구 정릉동 266-490번지
11290,13300,0,0266,0491,,,일반건축물,단독주택,다가구용 단독주택,212,122.4,459.94,19961022,3,1,서울특별시 성북구 정릉동 266-491번지
11290,13300,0,0266,0492,,,일반건축물,단독주택,단독주택(다중주택),148.85,88.56,297.25,20101001,3,1,서울특별시 성북구 정릉동 266-492번지
11290,13300,0,0266,0493,,,일반건축물,단독주택,주택,0,0,81.81,19750906,1,1,서울특별시 성북구 정릉동 266-493번지
11290,13300,0,0266,0494,,,일반건축물,단독주택,주택,0,0,81.81,19750910,1,1,서울특별시 성북구 정릉동 266-494번지
11290,13300,0,0266,0495,,,일반건축물,단독주택,"근린생활시설, 주택",0,0,235.44,19831226,2,1,서울특별시 성북구 정릉동 266-495번지
11290,13300,0,0266,0496,,,일반건축물,노유자시설,노유자시설(노인복지시설),0,0,147.07,19760701,2,1,서울특별시 성북구 정릉동 266-496번지
11290,13300,0,0266,0497,,,표제부,공동주택,다세대주택,293.27,175.9,754.79,20020413,4,1,서울특별시 성북구 정릉동 266-497번지
11290,13300,0,0266,0498,페트라 풍산,,표제부,공동주택,공동주택(다세대주택),354.24,211.52,854.37,20221222,4,1,서울특별시 성북구 정릉동 266-498번지
11290,13300,0,0266,0499,,,일반건축물,단독주택,주택,0,0,124.03,19771216,1,1,서울특별시 성북구 정릉동 266-499번지
11290,13300,0,0266,0501,,,일반건축물,단독주택,주택,0,0,119.87,19770704,2,1,서울특별시 성북구 정릉동 266-501번지
11290,13300,0,0266,0503,,,일반건축물,단독주택,다가구용 단독주택(6가구),130.11,78.03,293.08,19940122,3,1,서울특별시 성북구 정릉동 266-503번지
11290,13300,0,0266,0504,,,일반건축물,단독주택,단독주택(다중주택),140.93,83.52,237.78,20120207,3,0,서울특별시 성북구 정릉동 266-504번지
11290,13300,0,0266,0505,,,표제부,공동주택,다세대주택(9세대),317,173.03,734.57,20000424,4,1,서울특별시 성북구 정릉동 266-505번지
11290,13300,0,0266,0506,,,일반건축물,제1종근린생활시설,"제2종근린생활시설, 주택",0,0,584.8,,3,1,서울특별시 성북구 정릉동 266-506번지
11290,13300,0,0266,0508,,,표제부,공동주택,공동주택(다세대주택),171.81,103.13,480.25,20220615,4,1,서울특별시 성북구 정릉동 266-508번지
11290,13300,0,0266,0509,,,일반건축물,단독주택,단독주택(다중주택),120.18,65.49,224.17,20211026,3,1,서울특별시 성북구 정릉동 266-509번지
11290,13300,0,0266,0510,,,표제부,공동주택,"공동주택,다세대 주택",171,102,489.66,20030625,4,1,서울특별시 성북구 정릉동 266-510번지
11290,13300,0,0266,0511,,,표제부,공동주택,공동주택(다세대주택),226.19,149.36,644.29,20211026,5,1,서울특별시 성북구 정릉동 266-511번지
11290,13300,0,0266,0512,,,표제부,공동주택,"다세대주택, 근린생활시설",178,105.04,593.21,20001201,5,1,서울특별시 성북구 정릉동 266-512번지
11290,13300,0,0266,0513,,,일반건축물,단독주택,주택,0,0,115.6,19780605,2,1,서울특별시 성북구 정릉동 266-513번지
11290,13300,0,0266,0516,,,표제부,공동주택,공동주택(다세대주택),277.84,165.03,555.56,20170613,5,0,서울특별시 성북구 정릉동 266-516번지
11290,13300,0,0266,0519,,,일반건축물,단독주택,주택,0,0,170.28,19791025,2,1,서울특별시 성북구 정릉동 266-519번지
11290,13300,0,0266,0520,,,일반건축물,단독주택,단독주택(다중주택),166.8,97.27,299.05,20110728,3,1,서울특별시 성북구 정릉동 266-520번지
11290,13300,0,0266,0529,,,일반건축물,단독주택,단독주택(1가구),183,99.29,270.07,19980624,2,1,서울특별시 성북구 정릉동 266-529번지
11290,13300,0,0266,0535,,,표제부,공동주택,연립주택(14세대),483.74,265.74,1156.16,19961128,4,1,서울특별시 성북구 정릉동 266-535번지
11290,13300,0,0266,0538,,,일반건축물,제2종근린생활시설,근린생활시설,189,113.08,565.68,20061026,4,2,서울특별시 성북구 정릉동 266-538번지
11290,13300,0,0266,0541,,,표제부,공동주택,연립주택,0,560.28,1805.82,19830801,3,1,서울특별시 성북구 정릉동 266-541번지
11290,13300,0,0266,0543,현인빌라 2차,,표제부,공동주택,공동주택(다세대주택),199,114,470.81,20130422,5,0,서울특별시 성북구 정릉동 266-543번지
11290,13300,0,0266,0548,현인빌라 1차,,표제부,공동주택,공동주택(다세대주택),197,115.03,506.48,20130422,4,1,서울특별시 성북구 정릉동 266-548번지
11290,13300,0,0266,0549,,,일반건축물,단독주택,주택,0,0,208.64,19831020,2,1,서울특별시 성북구 정릉동 266-549번지
11290,13300,0,0266,0550,,,표제부,공동주택,다세대주택,186.95,110.13,441.12,20021114,5,0,서울특별시 성북구 정릉동 266-550번지
11290,13300,0,0266,0551,,,일반건축물,단독주택,단독주택(다중주택),199,116.32,490.88,20190220,4,1,서울특별시 성북구 정릉동 266-551번지
11290,13300,0,0266,0552,정릉 빌라,,표제부,공동주택,공동주택(다세대주택),198,116.25,389.92,20120412,5,0,서울특별시 성북구 정릉동 266-552번지
11290,13300,0,0266,0557,,,표제부,공동주택,다세대주택,0,126.68,420.91,19860911,3,1,서울특별시 성북구 정릉동 266-557번지
11290,13300,0,0266,0558,,,표제부,공동주택,다세대주택,0,81.36,247.2,19861021,2,1,서울특별시 성북구 정릉동 266-558번지
11290,13300,0,0266,0559,,,표제부,공동주택,다세대주택,0,76.4,229.2,19861021,2,1,서울특별시 성북구 정릉동 266-559번지
11290,13300,0,0266,0560,,,일반건축물,단독주택,주택,0,0,186.05,19881230,2,1,서울특별시 성북구 정릉동 266-560번지
11290,13300,0,0266,0561,,,표제부,공동주택,다세대주택,239,127.06,706.76,19871127,5,1,서울특별시 성북구 정릉동 266-561번지
11290,13300,0,0266,0562,,,표제부,공동주택,다세대주택,0,58.9,235.6,19880613,3,1,서울특별시 성북구 정릉동 266-562번지
11290,13300,0,0266,0563,,,표제부,공동주택,다세대주택,0,85.23,248.85,19880921,2,1,서울특별시 성북구 정릉동 266-563번지
11290,13300,0,0266,0564,,,일반건축물,단독주택,단독주택(다중주택),150.97,89.01,299.24,20190320,3,1,서울특별시 성북구 정릉동 266-564번지
11290,13300,0,0266,0565,,,일반건축물,단독주택,주택,0,0,226.68,19880714,2,1,서울특별시 성북구 정릉동 266-565번지
11290,13300,0,0266,0566,,,일반건축물,단독주택,주택,0,0,207.88,19881214,2,1,서울특별시 성북구 정릉동 266-566번지
11290,13300,0,0266,0568,,,표제부,공동주택,다세대주택,0,72.03,216.09,19881210,2,1,서울특별시 성북구 정릉동 266-568번지
11290,13300,0,0266,0569,,,일반건축물,단독주택,주택,0,0,204.12,19881122,2,1,서울특별시 성북구 정릉동 266-569번지
11290,13300,0,0266,0570,,,일반건축물,단독주택,주택,0,0,224.52,19890525,2,1,서울특별시 성북구 정릉동 266-570번지
11290,13300,0,0266,0573,,,일반건축물,단독주택,주택,0,0,248.4,19891005,2,1,서울특별시 성북구 정릉동 266-573번지
11290,13300,0,0266,0575,,,일반건축물,단독주택,주택,0,0,155.31,19891111,2,1,서울특별시 성북구 정릉동 266-575번지
11290,13300,0,0266,0577,,,일반건축물,단독주택,다가구주택,215,72.39,217.17,,2,1,서울특별시 성북구 정릉동 266-577번지
11290,13300,0,0266,0581,현대주택,,표제부,공동주택,다세대주택(6),156,83.12,249.36,19910413,2,1,서울특별시 성북구 정릉동 266-581번지
11290,13300,0,0266,0583,,,표제부,공동주택,다세대주택,0,74.7,224.1,19901203,2,1,서울특별시 성북구 정릉동 266-583번지
11290,13300,0,0266,0584,,,표제부,공동주택,다세대주택,0,82.44,247.32,19910718,2,1,서울특별시 성북구 정릉동 266-584번지
11290,13300,0,0266,0586,태양연립주택(11세대),,표제부,공동주택,연립주택,419,211.04,771.44,19960124,4,1,서울특별시 성북구 정릉동 266-586번지
11290,13300,0,0266,0593,,,표제부,공동주택,연립주택,590.07,329.06,1191.39,19980501,4,1,서울특별시 성북구 정릉동 266-593번지
11290,13300,0,0266,0607,,,일반건축물,단독주택,다가구주택,237,139.88,688.14,20020330,3,2,서울특별시 성북구 정릉동 266-607번지
11290,13300,0,0266,0608,,,일반건축물,단독주택,다가구주택,266,141.9,695.7,20020402,3,2,서울특별시 성북구 정릉동 266-608번지
11290,13300,0,0266,0613,중앙하이츠빌,,표제부,공동주택,다세대주택,350,177.52,659.32,20030114,5,0,서울특별시 성북구 정릉동 266-613번지
11290,13300,0,0266,0627,,,일반건축물,노유자시설,"노유자시설,근린생활시설,다가구주택",550,328.84,1914.4,20060215,6,2,서울특별시 성북구 정릉동 266-627번지
11290,13300,0,0266,0648,다오아트빌,,표제부,공동주택,다세대주택(10세대),289.98,173.52,724.97,20110408,4,1,서울특별시 성북구 정릉동 266-648번지
11290,13300,0,0270,0004,,,일반건축물,제1종근린생활시설,"근린생활시설, 주택",0,0,934.66,19901017,5,1,서울특별시 성북구 정릉동 270-4번지
11290,13300,0,0270,0006,웰스빌,,표제부,공동주택,"다세대주택,제2종근린생활시설(사무소)",390,231.55,703.53,20121023,5,0,서울특별시 성북구 정릉동 270-6번지
11290,13300,0,0281,0003,,,일반건축물,제1종근린생활시설,"노유자시설, 주택, 근린생활시설",461,263.79,978.21,19861104,4,1,서울특별시 성북구 정릉동 281-3번지
11290,13300,0,0281,0009,,,일반건축물,제1종근린생활시설,근린생활시설,239,114.92,190.04,19940202,2,1,서울특별시 성북구 정릉동 281-9번지
11290,13300,0,0282,0003,,,일반건축물,제1종근린생활시설,"점포, 주택",0,0,255.18,19800716,2,1,서울특별시 성북구 정릉동 282-3번지
11290,13300,0,0284,0002,,,일반건축물,제2종근린생활시설,영업소,0,0,403.31,,1,0,서울특별시 성북구 정릉동 284-2번지
11290,13300,0,0284,0011,대영빌딩,,일반건축물,제2종근린생활시설,제2종근린생활시설,397,236.04,1068.06,20070329,4,1,서울특별시 성북구 정릉동 284-11번지
11290,13300,0,0284,0012,,,일반건축물,단독주택,"주택, 점포",73,59.94,111.88,19770806,2,1,서울특별시 성북구 정릉동 284-12번지
11290,13300,0,0284,0013,건양빌딩,,일반건축물,제2종근린생활시설,근린생활시설,1037,614.72,3152.94,20161004,5,2,서울특별시 성북구 정릉동 284-13번지
11290,13300,0,0284,0015,범진빌,,일반건축물,단독주택,"다중주택, 제2종근린생활시설",142.8,85.2,285.47,20221215,4,0,서울특별시 성북구 정릉동 284-15번지
11290,13300,0,0284,0016,,,일반건축물,제2종근린생활시설,근린생활시설,195.2,107.08,562.17,19910810,4,1,서울특별시 성북구 정릉동 284-16번지
11290,13300,0,0284,0018,중앙하이츠,,표제부,공동주택,공동주택(다세대주택),266,154.8,511.15,20160613,5,0,서울특별시 성북구 정릉동 284-18번지
11290,13300,0,0284,0030,,,일반건축물,제2종근린생활시설,제2종근린생활시설(사무실),0,0,436.29,19650501,4,1,서울특별시 성북구 정릉동 284-30번지
11290,13300,0,0284,0031,,,일반건축물,단독주택,단독주택(다중주택),130.55,76.5,260.02,20180814,4,0,서울특별시 성북구 정릉동 284-31번지
11290,13300,0,0284,0032,,,일반건축물,단독주택,주택,0,0,92.72,19741221,1,1,서울특별시 성북구 정릉동 284-32번지
11290,13300,0,0284,0034,,,일반건축물,단독주택,단독주택(다중주택),156.6,93.68,327.84,20111206,3,1,서울특별시 성북구 정릉동 284-34번지
11290,13300,0,0284,0035,,,일반건축물,단독주택,단독주택(다중주택),180.5,107.65,326.68,20100917,3,1,서울특별시 성북구 정릉동 284-35번지
11290,13300,0,0284,0036,,,표제부,공동주택,공동주택,210,122.89,413.04,20120926,5,0,서울특별시 성북구 정릉동 284-36번지
11290,13300,0,0284,0037,,,일반건축물,단독주택,주택,0,0,128.2,19760110,2,1,서울특별시 성북구 정릉동 284-37번지
11290,13300,0,0284,0039,,,일반건축물,단독주택,주택,0,0,82.64,19751120,1,1,서울특별시 성북구 정릉동 284-39번지
11290,13300,0,0284,0040,,,일반건축물,단독주택,"주택, 근린생활시설",0,0,128.06,19760616,2,1,서울특별시 성북구 정릉동 284-40번지
11290,13300,0,0284,0041,,,일반건축물,제2종근린생활시설,"제2종근린생활시설,주택",206,116.28,405.2,20060808,4,0,서울특별시 성북구 정릉동 284-41번지
11290,13300,0,0285,0001,,,일반건축물,단독주택,단독주택(다중주택) 및 제1종근린생활시설,165,97.74,321.12,20170727,4,0,서울특별시 성북구 정릉동 285-1번지
11290,13300,0,0285,0003,,,일반건축물,단독주택,"주택,근린생활시설",299,175.86,718.53,19931106,4,1,서울특별시 성북구 정릉동 285-3번지
11290,13300,0,0285,0004,백합빌딩,,일반건축물,제2종근린생활시설,근린생활시설,218,129.26,621.56,19970205,4,1,서울특별시 성북구 정릉동 285-4번지
11290,13300,0,0285,0010,,,일반건축물,제1종근린생활시설,"근린생활시설, 주택",0,0,230.75,19890602,3,1,서울특별시 성북구 정릉동 285-10번지
11290,13300,0,0285,0011,야긴빌딩,,일반건축물,제2종근린생활시설,제2종근린생활시설,286,166.11,809.91,20051031,5,1,서울특별시 성북구 정릉동 285-11번지
11290,13300,0,0285,0012,,,일반건축물,단독주택,"주택,점포,근린생활시설",0,0,250.02,19800527,2,1,서울특별시 성북구 정릉동 285-12번지
11290,13300,0,0286,0000,,,일반건축물,제1종근린생활시설,영업,0,0,403.31,,1,0,서울특별시 성북구 정릉동 286번지
11290,13300,0,0286,0002,인성하이츠빌,,표제부,공동주택,공동주택(다세대주택),308,178.94,613.58,20100426,5,0,서울특별시 성북구 정릉동 286-2번지
11290,13300,0,0286,0005,,,일반건축물,제2종근린생활시설,"주택,목욕탕,점포,근린생활시설",0,0,868.3,19691020,3,0,서울특별시 성북구 정릉동 286-5번지
11290,13300,0,0286,0006,,,일반건축물,제1종근린생활시설,제1.2종근린생활시설,529,316.22,1874.38,19931118,6,1,서울특별시 성북구 정릉동 286-6번지
11290,13300,0,0286,0008,,,일반건축물,단독주택,주택,0,0,209.38,19631212,2,0,서울특별시 성북구 정릉동 286-8번지
11290,13300,0,0286,0008,,,일반건축물,제1종근린생활시설,점포,0,0,218.71,19690703,2,1,서울특별시 성북구 정릉동 286-8번지
11290,13300,0,0286,0017,,,일반건축물,제1종근린생활시설,근린생활시설,273,161.73,625.82,19800902,3,1,서울특별시 성북구 정릉동 286-17번지
11290,13300,0,0286,0017,,,일반건축물,제1종근린생활시설,제1종근생(소매점),0,0,12.5,,1,0,서울특별시 성북구 정릉동 286-17번지
11290,13300,0,0286,0018,,,일반건축물,제2종근린생활시설,제2종근린생활시설,661,216.17,918.35,20051005,4,1,서울특별시 성북구 정릉동 286-18번지
11290,13300,0,0287,0003,,,일반건축물,단독주택,"주택, 간이음식점,사무실,근린생활시설",0,0,612.84,19780215,2,1,서울특별시 성북구 정릉동 287-3번지
11290,13300,0,0289,0000,,,일반건축물,단독주택,주택,0,0,47.6,19721101,1,0,서울특별시 성북구 정릉동 289번지
11290,13300,0,0289,0000,,,일반건축물,단독주택,주택,0,0,59.5,,1,0,서울특별시 성북구 정릉동 289번지
11290,13300,0,0289,0001,,,일반건축물,제1종근린생활시설,"근린생활시설, 주택",290,130.4,637.73,19940516,5,1,서울특별시 성북구 정릉동 289-1번지
11290,13300,0,0289,0004,,,일반건축물,단독주택,주택,0,0,191.27,19690920,3,1,서울특별시 성북구 정릉동 289-4번지
11290,13300,0,0289,0005,,,일반건축물,단독주택,주택,0,0,38.86,19680802,1,0,서울특별시 성북구 정릉동 289-5번지
11290,13300,0,0289,0006,,,일반건축물,단독주택,주택,0,0,190.68,19890621,2,1,서울특별시 성북구 정릉동 289-6번지
11290,13300,0,0289,0007,,,일반건축물,단독주택,주택,0,0,184.14,19851008,2,1,서울특별시 성북구 정릉동 289-7번지
11290,13300,0,0289,0009,,,일반건축물,단독주택,주택,0,0,209.19,19800115,2,1,서울특별시 성북구 정릉동 289-9번지
11290,13300,0,0289,0010,백운빌라,,표제부,공동주택,다세대주택,272.2,141.53,558.93,19990603,4,1,서울특별시 성북구 정릉동 289-10번지
11290,13300,0,0289,0012,정릉동 다세대주택,,표제부,공동주택,공동주택(다세대주택),258,145.27,670.11,20070312,4,1,서울특별시 성북구 정릉동 289-12번지
11290,13300,0,0289,0013,,,일반건축물,단독주택,주택,0,0,158.05,19751001,2,0,서울특별시 성북구 정릉동 289-13번지
11290,13300,0,0289,0014,,,일반건축물,단독주택,다가구용단독주택(4가구),174.4,98.91,260.91,19940722,2,1,서울특별시 성북구 정릉동 289-14번지
11290,13300,0,0289,0015,,,일반건축물,단독주택,다중주택,171.7,100.56,419.48,20231020,4,1,서울특별시 성북구 정릉동 289-15번지
11290,13300,0,0289,0016,,,일반건축물,단독주택,주택,0,0,137.15,19741023,1,1,서울특별시 성북구 정릉동 289-16번지
11290,13300,0,0289,0017,,,표제부,공동주택,연립주택,0,249.66,998.64,19920826,4,1,서울특별시 성북구 정릉동 289-17번지
11290,13300,0,0289,0020,,,일반건축물,단독주택,주택,0,0,93.58,19690108,2,0,서울특별시 성북구 정릉동 289-20번지
11290,13300,0,0289,0021,,,일반건축물,단독주택,주택,121.86,0,80.31,19850121,1,0,서울특별시 성북구 정릉동 289-21번지
11290,13300,0,0289,0023,,,일반건축물,단독주택,주택,0,0,94.51,19740107,1,1,서울특별시 성북구 정릉동 289-23번지
11290,13300,0,0289,0030,,,일반건축물,제2종근린생활시설,제2종근린생활시설,0,95.04,334.62,20150209,4,0,서울특별시 성북구 정릉동 289-30번지
11290,13300,0,0289,0030,,,일반건축물,단독주택,주택,0,0,205.83,19750730,2,1,서울특별시 성북구 정릉동 289-30번지
11290,13300,0,0289,0032,,,일반건축물,단독주택,단독주택(다중주택),136.51,80.96,345.33,20181001,4,1,서울특별시 성북구 정릉동 289-32번지
11290,13300,0,0289,0033,,,일반건축물,제2종근린생활시설,"근린생활시설,주택",244.11,145.84,682.08,20051012,4,1,서울특별시 성북구 정릉동 289-33번지
11290,13300,0,0289,0034,,,일반건축물,제1종근린생활시설,점포,0,0,38.28,19690825,2,0,서울특별시 성북구 정릉동 289-34번지
11290,13300,0,0289,0037,,,일반건축물,제2종근린생활시설,일반음식점,127,76.53,76.53,19690830,1,0,서울특별시 성북구 정릉동 289-37번지
11290,13300,0,0289,0038,,,일반건축물,단독주택,다가구주택(4가구),92,54.13,148.35,19940722,2,1,서울특별시 성북구 정릉동 289-38번지
11290,13300,0,0289,0043,,,일반건축물,단독주택,주택,0,0,250.27,19830902,2,1,서울특별시 성북구 정릉동 289-43번지
11290,13300,0,0289,0044,,,일반건축물,제1종근린생활시설,"근생, 주택",173,98.22,336.86,19940208,3,1,서울특별시 성북구 정릉동 289-44번지
11290,13300,0,0289,0049,,,일반건축물,단독주택,주택,0,0,109.03,19741023,1,1,서울특별시 성북구 정릉동 289-49번지
11290,13300,0,0289,0050,,,일반건축물,제1종근린생활시설,근린생활시설,0,0,109.81,19770714,2,1,서울특별시 성북구 정릉동 289-50번지
11290,13300,0,0289,0052,,,일반건축물,단독주택,주택,0,0,82.51,19750618,1,0,서울특별시 성북구 정릉동 289-52번지
11290,13300,0,0289,0053,,,일반건축물,단독주택,다가구용 단독주택(2가구),0,0,284.07,19920819,2,1,서울특별시 성북구 정릉동 289-53번지
11290,13300,0,0289,0055,백운빌라,,표제부,공동주택,다세대주택,260.44,140.74,561.58,19990603,4,1,서울특별시 성북구 정릉동 289-55번지
11290,13300,0,0290,0001,,,일반건축물,단독주택,주택,0,0,61.02,19660607,1,0,서울특별시 성북구 정릉동 290-1번지
11290,13300,0,0290,0010,,,일반건축물,단독주택,주택,83,0,39.54,19850630,1,0,서울특별시 성북구 정릉동 290-10번지
11290,13300,0,0290,0011,,,일반건축물,단독주택,다가구용단독주택(2가구),82.27,47.44,76.96,19940824,2,0,서울특별시 성북구 정릉동 290-11번지
11290,13300,0,0290,0015,,,표제부,공동주택,다세대주택(5세대),155.16,93.07,259.13,19940818,2,1,서울특별시 성북구 정릉동 290-15번지
11290,13300,0,0290,0016,,,일반건축물,단독주택,다가구용단독주택(4가구),168.83,99.6,188.62,19940829,2,0,서울특별시 성북구 정릉동 290-16번지
11290,13300,0,0290,0017,,,일반건축물,단독주택,"주택, 창고",79,0,36.34,19850630,1,0,서울특별시 성북구 정릉동 290-17번지
11290,13300,0,0290,0018,,,표제부,공동주택,디세대주택,128.64,75.68,297.13,20030113,4,0,서울특별시 성북구 정릉동 290-18번지
11290,13300,0,0290,0019,,,일반건축물,단독주택,다가구용 단독주택(5가구),0,0,181.13,19901121,2,1,서울특별시 성북구 정릉동 290-19번지
11290,13300,0,0290,0020,행운 시티빌,,표제부,공동주택,다세대주택,201.78,119.94,367.48,20050308,4,0,서울특별시 성북구 정릉동 290-20번지
11290,13300,0,0290,0021,엄지빌라,,일반건축물,단독주택,"다가구용단독주택(12가구), 근린생활시설<소매점>",508.5,270.28,699.2,19971209,4,0,서울특별시 성북구 정릉동 290-21번지
11290,13300,0,0290,0026,,,일반건축물,제2종근린생활시설,제2종근린생활시설,294.17,170.28,581.94,20051115,4,0,서울특별시 성북구 정릉동 290-26번지
11290,13300,0,0290,0030,,,일반건축물,단독주택,주택,56,0,41.04,19850630,1,0,서울특별시 성북구 정릉동 290-30번지
11290,13300,0,0290,0031,,,일반건축물,단독주택,주택,89,0,65.24,19850322,1,1,서울특별시 성북구 정릉동 290-31번지
11290,13300,0,0290,0032,,,일반건축물,단독주택,주택,0,0,53.1,19771123,1,1,서울특별시 성북구 정릉동 290-32번지
11290,13300,0,0290,0033,,,일반건축물,단독주택,주택,0,0,50.87,19800408,1,0,서울특별시 성북구 정릉동 290-33번지
11290,13300,0,0290,0040,제이앤비더베스트4(솔샘로),,일반건축물,단독주택,다중주택,315.81,181.54,840.9,20240207,5,1,서울특별시 성북구 정릉동 290-40번지
11290,13300,0,0290,0043,,,일반건축물,제2종근린생활시설,제2종근린생활시설,291,173.45,853.68,20030306,6,0,서울특별시 성북구 정릉동 290-43번지
11290,13300,0,0290,0044,다오아트빌,,표제부,공동주택,다세대주택및제2종근린생활시설,372.04,222.49,704.5,20081120,5,0,서울특별시 성북구 정릉동 290-44번지
11290,13300,0,0290,0045,,,일반건축물,단독주택,다가구용단독주택(3가구),100.06,54.36,132.22,19950718,3,0,서울특별시 성북구 정릉동 290-45번지
11290,13300,0,0290,0046,,,일반건축물,단독주택,주택,109,0,60.82,19850630,1,0,서울특별시 성북구 정릉동 290-46번지
11290,13300,0,0290,0054,,,일반건축물,제2종근린생활시설,제2종근린생활시설,0,0,147.67,19821115,1,1,서울특별시 성북구 정릉동 290-54번지
11290,13300,0,0290,0068,,,일반건축물,단독주택,주택,0,0,164.5,19781012,2,1,서울특별시 성북구 정릉동 290-68번지
11290,13300,0,0291,0000,,,일반건축물,단독주택,주택,0,0,56.2,,1,0,서울특별시 성북구 정릉동 291번지
11290,13300,0,0291,0000,,,일반건축물,단독주택,주택,0,0,29.75,,1,0,서울특별시 성북구 정릉동 291번지
11290,13300,0,0291,0005,,,일반건축물,단독주택,주택,0,0,133.39,19730825,2,0,서울특별시 성북구 정릉동 291-5번지
11290,13300,0,0291,0008,,,일반건축물,제2종근린생활시설,"다가구주택, 근린생활시설",116,68.3,202.35,19850814,3,0,서울특별시 성북구 정릉동 291-8번지
11290,13300,0,0292,0001,,,일반건축물,제2종근린생활시설,"교육연구시설,제2종근린생활시설(공연장,일반음식점,학원,사진관)",659.08,196.36,1193.52,20141022,3,2,서울특별시 성북구 정릉동 292-1번지
11290,13300,0,0292,0006,,,일반건축물,단독주택,근린생활시설,344,106.65,200.18,19831205,2,1,서울특별시 성북구 정릉동 292-6번지
11290,13300,0,0292,0007,,,일반건축물,제2종근린생활시설,주택,0,0,187.24,19831205,2,1,서울특별시 성북구 정릉동 292-7번지
11290,13300,0,0292,0009,,,일반건축물,단독주택,주택,0,0,158.62,19740909,2,0,서울특별시 성북구 정릉동 292-9번지
11290,13300,0,0292,0010,,,일반건축물,단독주택,주택,0,0,164.47,19750822,1,1,서울특별시 성북구 정릉동 292-10번지
11290,13300,0,0292,0011,,,일반건축물,제2종근린생활시설,제2종근린생활시설(일반음식점),286,132.03,164.43,19750805,1,1,서울특별시 성북구 정릉동 292-11번지
11290,13300,0,0292,0012,,,일반건축물,제2종근린생활시설,제2종근린생활시설(일반음식점),330,129.3,163.57,19750726,2,0,서울특별시 성북구 정릉동 292-12번지
11290,13300,0,0293,0001,,,일반건축물,단독주택,주택,0,0,211.91,19781229,2,1,서울특별시 성북구 정릉동 293-1번지
11290,13300,0,0293,0003,,,일반건축물,제2종근린생활시설,제조업소,0,0,328.2,19840821,2,1,서울특별시 성북구 정릉동 293-3번지
11290,13300,0,0293,0004,,,일반건축물,단독주택,주택,0,0,56,196910,1,0,서울특별시 성북구 정릉동 293-4번지
11290,13300,0,0293,0005,,,일반건축물,제2종근린생활시설,근린생활시설,0,0,130.83,19660823,2,0,서울특별시 성북구 정릉동 293-5번지
11290,13300,0,0293,0008,,,일반건축물,단독주택,주택,0,0,79.24,19611012,1,0,서울특별시 성북구 정릉동 293-8번지
11290,13300,0,0293,0021,,,일반건축물,단독주택,주택,0,0,79.12,19830609,1,0,서울특별시 성북구 정릉동 293-21번지
11290,13300,0,0294,0001,,,일반건축물,제2종근린생활시설,제2종근린생활시설(수리점),452.78,129.47,129.47,20090910,1,0,서울특별시 성북구 정릉동 294-1번지
11290,13300,0,0295,0000,,,일반건축물,단독주택,단독주택,0,0,409.92,193910,2,0,서울특별시 성북구 정릉동 295번지
11290,13300,0,0295,0003,,,일반건축물,단독주택,"주택, 근린생활시설",257.85,0,228.71,19850610,1,0,서울특별시 성북구 정릉동 295-3번지
11290,13300,0,0295,0004,,,일반건축물,단독주택,주택,0,0,39.24,19681226,1,0,서울특별시 성북구 정릉동 295-4번지
11290,13300,0,0295,0005,,,일반건축물,단독주택,주택,86.27,0,49.74,19831226,1,0,서울특별시 성북구 정릉동 295-5번지
11290,13300,0,0295,0006,,,일반건축물,단독주택,주택,0,0,61.36,19780703,1,0,서울특별시 성북구 정릉동 295-6번지
11290,13300,0,0295,0007,,,일반건축물,제1종근린생활시설,근린생활시설,0,0,59.01,19710915,1,0,서울특별시 성북구 정릉동 295-7번지
11290,13300,0,0295,0008,,,일반건축물,단독주택,주택,0,0,191.41,19730813,3,0,서울특별시 성북구 정릉동 295-8번지
11290,13300,0,0295,0010,,,일반건축물,단독주택,"주택, 점포,근린생활시설",0,0,152.37,19690710,2,0,서울특별시 성북구 정릉동 295-10번지
11290,13300,0,0295,0011,,,일반건축물,제2종근린생활시설,근린생활시설,0,0,66.44,19690710,2,0,서울특별시 성북구 정릉동 295-11번지
11290,13300,0,0298,0002,,,일반건축물,제2종근린생활시설,"근린생활시설, 대피소",578,344.26,1695.68,19790712,3,2,서울특별시 성북구 정릉동 298-2번지
11290,13300,0,0298,0004,,,일반건축물,제1종근린생활시설,근린생활시설,219,129.98,658.06,20070608,4,1,서울특별시 성북구 정릉동 298-4번지
11290,13300,0,0299,0006,,,일반건축물,제2종근린생활시설,사무실,148,0,167.45,19851201,2,0,서울특별시 성북구 정릉동 299-6번지
11290,13300,0,0300,0000,청수교회,,일반건축물,종교시설,종교시설(교회),454,270.56,1070,20060503,5,1,서울특별시 성북구 정릉동 300번지
11290,13300,0,0300,0001,,,일반건축물,단독주택,주택,0,0,111.37,19781223,2,1,서울특별시 성북구 정릉동 300-1번지
11290,13300,0,0300,0002,,,일반건축물,단독주택,주택,0,0,158.94,19790303,2,1,서울특별시 성북구 정릉동 300-2번지
11290,13300,0,0300,0005,리버빌,,표제부,공동주택,다세대주택(도시형생활주택),145.32,81.21,324.31,20230413,5,1,서울특별시 성북구 정릉동 300-5번지
11290,13300,0,0300,0006,,,일반건축물,단독주택,주택,0,0,163.97,19790205,2,1,서울특별시 성북구 정릉동 300-6번지
11290,13300,0,0301,0001,,,일반건축물,단독주택,주택,0,0,46.28,19480402,1,0,서울특별시 성북구 정릉동 301-1번지
11290,13300,0,0301,0002,,,일반건축물,단독주택,주택,0,0,36.36,19391211,1,0,서울특별시 성북구 정릉동 301-2번지
11290,13300,0,0302,0000,,,표제부,공동주택,"다세대주택, 근린생활시설",233.5,136.72,593.13,20080514,5,1,서울특별시 성북구 정릉동 302번지
11290,13300,0,0303,0004,,,일반건축물,제2종근린생활시설,"근린생활시설, 주택",109,61.08,270.59,20060516,4,1,서울특별시 성북구 정릉동 303-4번지
11290,13300,0,0303,0006,,,일반건축물,제2종근린생활시설,제2종근린생활시설,166.27,99.64,399.53,20050513,3,1,서울특별시 성북구 정릉동 303-6번지
11290,13300,0,0303,0010,,,일반건축물,단독주택,"단독주택,근린생활시설",58,34.2,144.98,20050706,4,1,서울특별시 성북구 정릉동 303-10번지
11290,13300,0,0305,0001,,,표제부,공동주택,다세대주택,328,173.95,649.56,19950715,4,1,서울특별시 성북구 정릉동 305-1번지
11290,13300,0,0305,0005,,,표제부,공동주택,다세대주택,340,168.07,645.45,19950630,4,1,서울특별시 성북구 정릉동 305-5번지
11290,13300,0,0305,0006,,,표제부,공동주택,다세대주택,398,175.18,649.6,19950630,4,1,서울특별시 성북구 정릉동 305-6번지
11290,13300,0,0305,0007,,,표제부,공동주택,다세대주택,331,182.21,649.79,19950715,4,1,서울특별시 성북구 정릉동 305-7번지
11290,13300,0,0305,0008,,,일반건축물,단독주택,"근린생활시설, 주택",286,144.15,659.5,19950715,4,1,서울특별시 성북구 정릉동 305-8번지
11290,13300,0,0306,0000,리버하우스,,일반건축물,단독주택,다중주택,155.1,92.09,339.19,20230516,4,1,서울특별시 성북구 정릉동 306번지
11290,13300,0,0307,0004,정릉동 307-4 노유자시설 (어린이집),,일반건축물,노유자시설,어린이집,453.98,269.1,635.54,19951020,2,1,서울특별시 성북구 정릉동 307-4번지
11290,13300,0,0308,0001,,,일반건축물,단독주택,주택,0,0,69.19,19740910,1,1,서울특별시 성북구 정릉동 308-1번지
11290,13300,0,0308,0002,,,일반건축물,단독주택,다가구주택(3가구) 및 근린생활시설(사무소),100.1,60,174.7,19950330,2,1,서울특별시 성북구 정릉동 308-2번지
11290,13300,0,0308,0003,,,일반건축물,단독주택,"주택, 점포",0,0,195.83,19760124,2,1,서울특별시 성북구 정릉동 308-3번지
11290,13300,0,0309,0000,,,표제부,공동주택,다세대주택(9세대),288.49,153.97,638.39,19971204,4,1,서울특별시 성북구 정릉동 309번지
11290,13300,0,0310,0002,,,일반건축물,제1종근린생활시설,"제1종근린생활시설,다가구주택",259.06,144.52,388.21,20200420,4,0,서울특별시 성북구 정릉동 310-2번지
11290,13300,0,0310,0003,,,일반건축물,단독주택,주택,0,0,158.21,19691118,2,1,서울특별시 성북구 정릉동 310-3번지
11290,13300,0,0310,0004,공감까페,,일반건축물,제1종근린생활시설,제1종근린생활시설(휴게음식점),106,68.83,68.83,19670430,1,0,서울특별시 성북구 정릉동 310-4번지
11290,13300,0,0310,0005,,,일반건축물,단독주택,주택,0,0,67.38,19670430,1,0,서울특별시 성북구 정릉동 310-5번지
11290,13300,0,0310,0006,,,일반건축물,단독주택,주택,0,0,71.27,19710520,1,1,서울특별시 성북구 정릉동 310-6번지
11290,13300,0,0311,0000,,,일반건축물,단독주택,주택,0,0,39.67,19670720,1,0,서울특별시 성북구 정릉동 311번지
11290,13300,0,0312,0001,,,일반건축물,단독주택,주택,0,0,299.91,19671210,2,1,서울특별시 성북구 정릉동 312-1번지
11290,13300,0,0312,0002,,,일반건축물,단독주택,주택,0,0,144.22,19680110,2,1,서울특별시 성북구 정릉동 312-2번지
11290,13300,0,0314,0000,초원빌리지,,표제부,공동주택,공동주택(단지형다세대주택),445.2,264.85,652.26,20190423,5,0,서울특별시 성북구 정릉동 314번지
11290,13300,0,0314,0001,한울스페이스,,표제부,공동주택,도시형생활주택/단지형다세대,556.78,169.66,498.02,20180608,5,0,서울특별시 성북구 정릉동 314-1번지
11290,13300,0,0314,0001,한울스페이스,,표제부,공동주택,도시형생활주택/단지형다세대,556.78,129.67,336.6,20180608,5,0,서울특별시 성북구 정릉동 314-1번지
11290,13300,0,0314,0005,,,일반건축물,단독주택,"주택, 변소",174.3,0,78.24,19850630,1,0,서울특별시 성북구 정릉동 314-5번지
11290,13300,0,0314,0006,,,일반건축물,단독주택,다가구용단독주택(5가구),140.15,81.8,196.95,19941015,2,1,서울특별시 성북구 정릉동 314-6번지
11290,13300,0,0314,0007,,,일반건축물,단독주택,주택,0,0,71.07,19660411,1,0,서울특별시 성북구 정릉동 314-7번지
11290,13300,0,0314,0008,,,일반건축물,단독주택,주택,0,0,73.45,19761112,1,1,서울특별시 성북구 정릉동 314-8번지
11290,13300,0,0314,0009,,,일반건축물,단독주택,주택,0,0,98.31,19660510,1,1,서울특별시 성북구 정릉동 314-9번지
11290,13300,0,0314,0010,,,일반건축물,단독주택,주택,0,0,36.36,19691230,1,0,서울특별시 성북구 정릉동 314-10번지
11290,13300,0,0315,0000,,,일반건축물,단독주택,주택,0,0,45.75,19700619,1,0,서울특별시 성북구 정릉동 315번지
11290,13300,0,0315,0019,,,일반건축물,단독주택,단독주택,39,22.8,49.46,20180110,3,0,서울특별시 성북구 정릉동 315-19번지
11290,13300,0,0316,0008,,,일반건축물,단독주택,주택,0,0,138.21,19791124,2,1,서울특별시 성북구 정릉동 316-8번지
11290,13300,0,0316,0009,,,표제부,공동주택,다세대주택,208.08,124.35,336.3,19980612,2,1,서울특별시 성북구 정릉동 316-9번지
11290,13300,0,0316,0010,,,일반건축물,단독주택,다가구용 단독주택(2가구),0,0,118.74,19921114,1,1,서울특별시 성북구 정릉동 316-10번지
11290,13300,0,0316,0011,,,일반건축물,단독주택,다가구용 단독주택(6가구),119,68.14,231.07,19921114,3,1,서울특별시 성북구 정릉동 316-11번지
11290,13300,0,0316,0013,광진홈,,표제부,공동주택,공동주택(도시형생활주택(원룸형다세대주택)),247.7,147.27,495.15,20130827,5,0,서울특별시 성북구 정릉동 316-13번지
11290,13300,0,0318,0000,,,표제부,공동주택,연립주택,0,177,919.69,19910130,4,1,서울특별시 성북구 정릉동 318번지
11290,13300,0,0318,0001,,,일반건축물,단독주택,"주택, 차고, 창고",0,0,228.38,19830527,2,1,서울특별시 성북구 정릉동 318-1번지
11290,13300,0,0318,0004,,,표제부,공동주택,연립주택,0,145.68,754.92,19910125,4,1,서울특별시 성북구 정릉동 318-4번지
11290,13300,0,0320,0000,트라움하임 스트림,,일반건축물,단독주택,단독주택,172,101.73,311.16,20181008,4,0,서울특별시 성북구 정릉동 320번지
11290,13300,0,0320,0001,빌리쉬 국민,,일반건축물,단독주택,단독주택,181,102.67,326.84,20181008,3,1,서울특별시 성북구 정릉동 320-1번지
11290,13300,0,0321,0000,,,일반건축물,단독주택,주택,0,0,59.27,19681210,2,1,서울특별시 성북구 정릉동 321번지
11290,13300,0,0323,0001,,,일반건축물,단독주택,주택,0,0,36.23,19640714,1,0,서울특별시 성북구 정릉동 323-1번지
11290,13300,0,0323,0002,,,일반건축물,단독주택,"주택, 광",0,0,53.1,19640212,1,0,서울특별시 성북구 정릉동 323-2번지
11290,13300,0,0323,0003,,,일반건축물,단독주택,"주택, 광",0,0,53.62,19640212,1,0,서울특별시 성북구 정릉동 323-3번지
11290,13300,0,0324,0000,,,일반건축물,단독주택,"주택, 부속",0,0,52.9,19581030,1,0,서울특별시 성북구 정릉동 324번지
11290,13300,0,0325,0001,,,일반건축물,단독주택,주택,0,0,197,19881017,2,1,서울특별시 성북구 정릉동 325-1번지
11290,13300,0,0325,0002,,,표제부,공동주택,연립주택(15세대),569.8,203.96,909.4,19960907,4,1,서울특별시 성북구 정릉동 325-2번지
11290,13300,0,0326,0000,,,표제부,공동주택,도시형생활주택,207.5,122,403.88,20200428,5,0,서울특별시 성북구 정릉동 326번지
11290,13300,0,0327,0001,화성빌라7차,,표제부,공동주택,도시형생활주택,244,144.05,487.8,20200321,5,0,서울특별시 성북구 정릉동 327-1번지
11290,13300,0,0328,0000,,,일반건축물,단독주택,주택,0,0,50.61,19680829,1,0,서울특별시 성북구 정릉동 328번지
11290,13300,0,0328,0006,,,일반건축물,단독주택,주택,0,0,29.75,19590611,1,0,서울특별시 성북구 정릉동 328-6번지
11290,13300,0,0329,0001,형지쉐르빌,,표제부,공동주택,공동주택(다세대주택),310.34,185.77,619.16,20180412,5,0,서울특별시 성북구 정릉동 329-1번지
11290,13300,0,0329,0003,트라움하임 정릉,,일반건축물,단독주택,"근린생활시설, 다중주택",168,99.3,291.36,20180226,4,0,서울특별시 성북구 정릉동 329-3번지
11290,13300,0,0330,0000,빌리쉬,,일반건축물,단독주택,"근린생활시설, 다중주택",159,93.83,309.02,20180226,4,0,서울특별시 성북구 정릉동 330번지
11290,13300,0,0331,0001,,,일반건축물,단독주택,다가구용 단독주택(3가구),0,0,126.96,19920905,2,1,서울특별시 성북구 정릉동 331-1번지
11290,13300,0,0331,0002,,,일반건축물,단독주택,다가구용 단독주택(5가구),0,0,289.05,19920921,2,1,서울특별시 성북구 정릉동 331-2번지
11290,13300,0,0333,0000,,,표제부,공동주택,다세대주택,566.63,310.64,1303.1,19940315,4,1,서울특별시 성북구 정릉동 333번지
11290,13300,0,0333,0001,,,표제부,공동주택,다세대주택(14세대),496.89,249.07,1064.37,19940319,4,1,서울특별시 성북구 정릉동 333-1번지
11290,13300,0,0333,0002,,,표제부,공동주택,다세대주택(8세대),0,145.68,582.36,19920109,3,1,서울특별시 성북구 정릉동 333-2번지
11290,13300,0,0335,0001,금강메트로빌,,표제부,공동주택,연립주택,566.55,329.23,1229.68,20020325,5,0,서울특별시 성북구 정릉동 335-1번지
11290,13300,0,0336,0002,라보떼 메종,,일반건축물,단독주택,단독주택(다중주택) 및 제1종근린생활시설,196,116.07,365.64,20171227,4,0,서울특별시 성북구 정릉동 336-2번지
11290,13300,0,0337,0000,하비메종,,일반건축물,단독주택,단독주택(다중주택),149,87.36,194.57,20180105,3,0,서울특별시 성북구 정릉동 337번지
11290,13300,0,0338,0001,미뇽메종,,일반건축물,단독주택,단독주택(다중주택),100.7,57.36,149.78,20180111,3,0,서울특별시 성북구 정릉동 338-1번지
11290,13300,0,0338,0003,,,일반건축물,단독주택,다가구용단독주택(5가구),114.32,67.57,198.81,19940609,2,1,서울특별시 성북구 정릉동 338-3번지
11290,13300,0,0338,0004,이루카,,일반건축물,단독주택,단독주택,47.6,27.19,73.76,20180112,4,0,서울특별시 성북구 정릉동 338-4번지
11290,13300,0,0338,0006,,,표제부,공동주택,다세대주택(10세대),381,139.14,654.58,19960619,4,1,서울특별시 성북구 정릉동 338-6번지
11290,13300,0,0338,0009,,,일반건축물,단독주택,단독주택,70.72,40.99,99.66,20120621,3,0,서울특별시 성북구 정릉동 338-9번지
11290,13300,0,0338,0010,,,일반건축물,단독주택,주택,0,0,108.23,19731115,2,1,서울특별시 성북구 정릉동 338-10번지
11290,13300,0,0339,0001,,,일반건축물,단독주택,주택,0,0,277.68,19890902,3,1,서울특별시 성북구 정릉동 339-1번지
11290,13300,0,0339,0002,,,일반건축물,단독주택,다가구용 단독주택(3가구),0,0,149.09,19920917,2,1,서울특별시 성북구 정릉동 339-2번지
11290,13300,0,0340,0000,,,일반건축물,단독주택,다가구용단독주택(3가구),79.5,47.6,119.85,19960329,2,1,서울특별시 성북구 정릉동 340번지
11290,13300,0,0341,0002,,,일반건축물,단독주택,주택,0,0,29.69,19760203,2,0,서울특별시 성북구 정릉동 341-2번지
11290,13300,0,0341,0003,,,일반건축물,단독주택,주택,0,0,81.42,19680524,1,0,서울특별시 성북구 정릉동 341-3번지
11290,13300,0,0343,0001,정릉동 다세대주택,,표제부,공동주택,"공동주택,다세대주택",152,77.24,303.99,20040918,5,0,서울특별시 성북구 정릉동 343-1번지
11290,13300,0,0344,0001,,,일반건축물,단독주택,"근린생활시설, 다가구용단독주택",91.8,44.95,128.77,19951117,2,1,서울특별시 성북구 정릉동 344-1번지
11290,13300,0,0344,0003,,,일반건축물,단독주택,"주택, 대피소, 점포",0,0,141.42,19780619,2,1,서울특별시 성북구 정릉동 344-3번지
11290,13300,0,0344,0003,,,일반건축물,단독주택,"주택, 점포",0,0,47.67,19590720,1,0,서울특별시 성북구 정릉동 344-3번지
11290,13300,0,0344,0004,,,일반건축물,제2종근린생활시설,"근린생활시설, 광",0,0,69.43,19701205,1,0,서울특별시 성북구 정릉동 344-4번지
11290,13300,0,0344,0006,,,표제부,공동주택,공동주택(다세대주택),288.52,172.94,555.55,20180824,5,0,서울특별시 성북구 정릉동 344-6번지
11290,13300,0,0344,0011,,,일반건축물,단독주택,다가구용단독주택(3가구),0,0,158.73,19920926,2,1,서울특별시 성북구 정릉동 344-11번지
11290,13300,0,0344,0012,,,일반건축물,단독주택,"주택, 광",0,0,60.27,19650903,1,0,서울특별시 성북구 정릉동 344-12번지
11290,13300,0,0344,0013,,,일반건축물,단독주택,다가구용단독주택(4가구),0,0,179.03,19910418,2,1,서울특별시 성북구 정릉동 344-13번지
11290,13300,0,0344,0018,,,일반건축물,단독주택,"주택, 광",0,0,64.2,19650903,1,0,서울특별시 성북구 정릉동 344-18번지
11290,13300,0,0344,0019,,,일반건축물,단독주택,주택,0,0,51.61,19650903,1,0,서울특별시 성북구 정릉동 344-19번지
11290,13300,0,0344,0020,,,일반건축물,단독주택,주택,0,0,62.41,19650903,1,0,서울특별시 성북구 정릉동 344-20번지
11290,13300,0,0344,0021,,,일반건축물,단독주택,"주택, 광",0,0,54.81,19650903,1,0,서울특별시 성북구 정릉동 344-21번지
11290,13300,0,0344,0022,,,일반건축물,단독주택,주택 및 근생시설(소매점),102,52.04,52.04,19610903,1,0,서울특별시 성북구 정릉동 344-22번지
11290,13300,0,0344,0023,,,일반건축물,제1종근린생활시설,근린생활시설,79,39.32,142.67,19951117,3,1,서울특별시 성북구 정릉동 344-23번지
11290,13300,0,0344,0024,,,일반건축물,단독주택,다가구용단독주택,268.5,123.02,448.92,19951120,3,1,서울특별시 성북구 정릉동 344-24번지
11290,13300,0,0345,0000,,,일반건축물,단독주택,주택,0,0,109.66,19741230,1,0,서울특별시 성북구 정릉동 345번지
11290,13300,0,0347,0000,,,일반건축물,창고시설,창고,0,0,23.14,19401003,1,0,서울특별시 성북구 정릉동 347번지
11290,13300,0,0347,0001,,,일반건축물,제2종근린생활시설,제2종근린생활시설(일반음식점),0,0,46.28,19481211,1,0,서울특별시 성북구 정릉동 347-1번지
11290,13300,0,0347,0002,,,일반건축물,제2종근린생활시설,근린생활시설,0,0,44.53,19611231,1,0,서울특별시 성북구 정릉동 347-2번지
11290,13300,0,0347,0005,,,일반건축물,단독주택,주택,0,0,33.06,,1,0,서울특별시 성북구 정릉동 347-5번지
11290,13300,0,0347,0006,,,일반건축물,단독주택,주택,0,0,64.46,19610518,1,0,서울특별시 성북구 정릉동 347-6번지
11290,13300,0,0347,0007,,,일반건축물,단독주택,주택,0,0,41.65,19600512,1,0,서울특별시 성북구 정릉동 347-7번지
11290,13300,0,0348,0000,,,일반건축물,단독주택,주택,0,0,33.06,19620425,1,0,서울특별시 성북구 정릉동 348번지
11290,13300,0,0348,0001,,,일반건축물,제2종근린생활시설,근린생활시설,0,0,50.78,19650516,1,0,서울특별시 성북구 정릉동 348-1번지
11290,13300,0,0348,0003,,,일반건축물,단독주택,주택,0,0,61.16,19410501,1,0,서울특별시 성북구 정릉동 348-3번지
11290,13300,0,0349,0000,,,일반건축물,단독주택,주택,0,0,49.59,19590728,1,0,서울특별시 성북구 정릉동 349번지
11290,13300,0,0349,0000,,,일반건축물,단독주택,주택,0,0,29.75,19401003,1,0,서울특별시 성북구 정릉동 349번지
11290,13300,0,0349,0001,,,일반건축물,단독주택,주택,0,0,49.92,19620131,1,0,서울특별시 성북구 정릉동 349-1번지
11290,13300,0,0349,0002,,,일반건축물,단독주택,주택,0,0,42.68,19650225,1,0,서울특별시 성북구 정릉동 349-2번지
11290,13300,0,0349,0003,,,일반건축물,단독주택,주택,105.78,0,48.69,19850626,1,0,서울특별시 성북구 정릉동 349-3번지
11290,13300,0,0349,0004,,,일반건축물,단독주택,주택,0,0,52.89,19590728,1,0,서울특별시 성북구 정릉동 349-4번지
11290,13300,0,0349,0005,,,일반건축물,단독주택,주택,103.5,67.39,67.39,19610412,1,0,서울특별시 성북구 정릉동 349-5번지
11290,13300,0,0349,0006,,,일반건축물,단독주택,주택,0,0,62.81,19591020,1,0,서울특별시 성북구 정릉동 349-6번지
11290,13300,0,0349,0007,,,일반건축물,단독주택,다가구용단독주택(3가구),163.63,96.62,228.04,19950311,2,1,서울특별시 성북구 정릉동 349-7번지
11290,13300,0,0349,0008,,,일반건축물,단독주택,다가구용단독주택(4가구),93.2,52.84,175.15,19950620,3,1,서울특별시 성북구 정릉동 349-8번지
11290,13300,0,0349,0009,,,일반건축물,단독주택,주택,0,0,52.89,19590728,1,0,서울특별시 성북구 정릉동 349-9번지
11290,13300,0,0349,0010,,,일반건축물,제1종근린생활시설,"근린생활시설, 주택",0,0,60.57,19180814,1,0,서울특별시 성북구 정릉동 349-10번지
11290,13300,0,0349,0011,,,일반건축물,단독주택,주택,0,0,38.22,19650225,1,0,서울특별시 성북구 정릉동 349-11번지
11290,13300,0,0350,0001,,,일반건축물,제1종근린생활시설,제1종근린생활시설(점포),0,0,197.32,19780211,2,1,서울특별시 성북구 정릉동 350-1번지
11290,13300,0,0350,0007,,,일반건축물,제2종근린생활시설,제2종근린생활시설,0,0,623.83,19690828,4,0,서울특별시 성북구 정릉동 350-7번지
11290,13300,0,0350,0008,,,일반건축물,제1종근린생활시설,"근린생활시설, 주택",0,0,455.95,19900423,4,1,서울특별시 성북구 정릉동 350-8번지
11290,13300,0,0350,0010,,,일반건축물,제2종근린생활시설,근린생활시설,0,0,274.72,19691215,2,0,서울특별시 성북구 정릉동 350-10번지
11290,13300,0,0351,0000,,,일반건축물,제2종근린생활시설,"제2종근린생활시설,단독주택",96,0,138.83,19600603,2,0,서울특별시 성북구 정릉동 351번지
11290,13300,0,0354,0000,,,일반건축물,단독주택,다가구용단독주택(7가구),210.8,117.4,419.85,19961031,3,1,서울특별시 성북구 정릉동 354번지
11290,13300,0,0355,0000,,,일반건축물,단독주택,다가구용단독주택(7가구),183.8,109.14,412.24,19970827,3,1,서울특별시 성북구 정릉동 355번지
11290,13300,0,0356,0000,,,일반건축물,단독주택,다가구용단독주택(3가구),0,0,226.14,19910320,2,1,서울특별시 성북구 정릉동 356번지
11290,13300,0,0357,0000,,,일반건축물,단독주택,주택,0,0,105.79,19401003,1,0,서울특별시 성북구 정릉동 357번지
11290,13300,0,0357,0000,북악어린이집,,일반건축물,노유자시설,노유자시설(어린이집),336.29,197.84,525.21,19990909,3,1,서울특별시 성북구 정릉동 357번지
11290,13300,0,0358,0001,,,일반건축물,단독주택,단독주택,145.2,81,225.37,20090916,3,0,서울특별시 성북구 정릉동 358-1번지
11290,13300,0,0358,0004,,,일반건축물,단독주택,주택,0,0,33.46,19681126,1,0,서울특별시 성북구 정릉동 358-4번지
11290,13300,0,0358,0005,,,일반건축물,단독주택,주택,0,0,46.95,19681126,1,0,서울특별시 성북구 정릉동 358-5번지
11290,13300,0,0361,0001,,,일반건축물,단독주택,주택,0,0,26.61,19650320,1,0,서울특별시 성북구 정릉동 361-1번지
11290,13300,0,0361,0003,,,일반건축물,단독주택,주택,0,0,54.41,19640919,1,0,서울특별시 성북구 정릉동 361-3번지
11290,13300,0,0361,0004,,,일반건축물,단독주택,주택,0,0,51.67,19640917,1,0,서울특별시 성북구 정릉동 361-4번지
11290,13300,0,0361,0006,,,일반건축물,단독주택,주택,0,0,54.87,19650320,1,0,서울특별시 성북구 정릉동 361-6번지
11290,13300,0,0362,0000,삼성그린빌라,,표제부,공동주택,공동주택,357.6,184.33,659.2,20170104,6,0,서울특별시 성북구 정릉동 362번지
11290,13300,0,0363,0000,,,일반건축물,제1종근린생활시설,근린생활시설,231,124.33,221.02,19691208,2,0,서울특별시 성북구 정릉동 363번지
11290,13300,0,0363,0000,,,일반건축물,단독주택,주택,0,0,41.12,19611231,1,0,서울특별시 성북구 정릉동 363번지
11290,13300,0,0364,0001,,,일반건축물,단독주택,주택,0,0,206.84,19711127,2,1,서울특별시 성북구 정릉동 364-1번지
11290,13300,0,0364,0002,,,일반건축물,단독주택,주택,0,0,59.93,19640227,1,0,서울특별시 성북구 정릉동 364-2번지
11290,13300,0,0364,0003,,,일반건축물,단독주택,주택,0,0,56.07,19660602,1,0,서울특별시 성북구 정릉동 364-3번지
11290,13300,0,0364,0004,,,일반건축물,단독주택,주택,0,0,64.17,19660603,1,0,서울특별시 성북구 정릉동 364-4번지
11290,13300,0,0364,0005,,,일반건축물,단독주택,주택,0,0,51.24,19660603,1,0,서울특별시 성북구 정릉동 364-5번지
11290,13300,0,0365,0001,SH그린뷰,,표제부,공동주택,공동주택,277,143.24,515.25,20121130,5,0,서울특별시 성북구 정릉동 365-1번지
11290,13300,0,0365,0002,,,일반건축물,제1종근린생활시설,근린생활시설,0,0,828.75,19870805,3,1,서울특별시 성북구 정릉동 365-2번지
11290,13300,0,0365,0004,미양산타빌아파트,,표제부,공동주택,공동주택(아파트),525,192.43,1418.84,20060327,6,1,서울특별시 성북구 정릉동 365-4번지
11290,13300,0,0365,0010,SH그린뷰,,표제부,공동주택,공동주택,257.91,154.1,511.02,20121102,5,0,서울특별시 성북구 정릉동 365-10번지
11290,13300,0,0371,0001,,,일반건축물,단독주택,주택,0,0,16.53,19480729,1,0,서울특별시 성북구 정릉동 371-1번지
11290,13300,0,0371,0001,,,일반건축물,단독주택,주택,0,0,113.62,19680430,2,0,서울특별시 성북구 정릉동 371-1번지
11290,13300,0,0372,0002,,,일반건축물,단독주택,"다가구주택,근린생활시설",163,80.64,422.4,19890831,4,1,서울특별시 성북구 정릉동 372-2번지
11290,13300,0,0372,0003,,,표제부,공동주택,"다세대주택, 근린생활시설",327,190.18,828.29,20020524,5,0,서울특별시 성북구 정릉동 372-3번지
11290,13300,0,0372,0004,,,일반건축물,제2종근린생활시설,"단독주택,근린생활시설",149,89.27,478.91,19950623,5,1,서울특별시 성북구 정릉동 372-4번지
11290,13300,0,0372,0005,인성하이츠빌,,표제부,공동주택,공동주택,0,170.98,577.76,20100531,5,0,서울특별시 성북구 정릉동 372-5번지
11290,13300,0,0372,0005,인성하이츠빌,,표제부,공동주택,공동주택,0,170.98,577.76,20100531,5,0,서울특별시 성북구 정릉동 372-5번지
11290,13300,0,0372,0007,,,일반건축물,제1종근린생활시설,제1종근린생활시설(점포),0,0,532.36,19690820,2,0,서울특별시 성북구 정릉동 372-7번지
11290,13300,0,0372,0010,젬스톤빌리지B동,,표제부,공동주택,다세대주택,229,133.44,457.76,20141121,5,0,서울특별시 성북구 정릉동 372-10번지
11290,13300,0,0372,0013,,,표제부,공동주택,공동주택(다세대주택),304,181.6,605.35,20130723,5,0,서울특별시 성북구 정릉동 372-13번지
11290,13300,0,0372,0014,,,일반건축물,단독주택,단독주택,152,89.36,298.76,20180126,3,1,서울특별시 성북구 정릉동 372-14번지
11290,13300,0,0372,0015,,,일반건축물,제2종근린생활시설,주택 및 근린생활시설,0,0,104.72,19671214,1,0,서울특별시 성북구 정릉동 372-15번지
11290,13300,0,0372,0017,현대 그린빌 3차,,표제부,공동주택,다세대주택,318,189.16,635.76,20090930,5,0,서울특별시 성북구 정릉동 372-17번지
11290,13300,0,0372,0019,,,일반건축물,단독주택,주택,0,0,97.02,19670731,1,0,서울특별시 성북구 정릉동 372-19번지
11290,13300,0,0372,0020,,,일반건축물,단독주택,주택,0,0,104.56,19670815,1,0,서울특별시 성북구 정릉동 372-20번지
11290,13300,0,0372,0021,삼성그린빌라,,표제부,공동주택,"공동주택(다세대주택),제1종근린생활시설",311.75,185.54,730.08,20111227,5,1,서울특별시 성북구 정릉동 372-21번지
11290,13300,0,0372,0023,,,일반건축물,단독주택,다가구용 단독주택(4가구),142,81.91,273.44,19941118,3,1,서울특별시 성북구 정릉동 372-23번지
11290,13300,0,0372,0024,,,일반건축물,단독주택,다가구용단독주택(6가구),142,82.71,280.64,19950622,3,1,서울특별시 성북구 정릉동 372-24번지
11290,13300,0,0372,0025,웰스하임,,표제부,공동주택,공동주택(다세대주택),410.6,225.73,657.61,20131029,5,0,서울특별시 성북구 정릉동 372-25번지
11290,13300,0,0372,0028,,,일반건축물,단독주택,다가구주택(3가구)및근린생활시설,137.58,81.6,228.41,20161114,4,0,서울특별시 성북구 정릉동 372-28번지
11290,13300,0,0372,0030,우리빌,,표제부,공동주택,근린생활시설및다세대주택,285,166.64,728.62,20121106,5,1,서울특별시 성북구 정릉동 372-30번지
11290,13300,0,0372,0035,삼성홈타운,,표제부,공동주택,공동주택(다세대주택),278,166.58,554.54,20131202,5,0,서울특별시 성북구 정릉동 372-35번지
11290,13300,0,0372,0036,,,일반건축물,단독주택,주택,0,0,91.01,19680731,1,0,서울특별시 성북구 정릉동 372-36번지
11290,13300,0,0372,0037,,,일반건축물,제2종근린생활시설,근린생활시설,136,91.28,91.28,19670815,1,0,서울특별시 성북구 정릉동 372-37번지
11290,13300,0,0372,0038,,,일반건축물,제2종근린생활시설,"제2종근린생활시설, 단독주택",131.5,77.98,262.65,20121121,4,0,서울특별시 성북구 정릉동 372-38번지
11290,13300,0,0372,0042,삼성그린빌라,,표제부,공동주택,다세대주택,287,172.01,613.92,20121224,5,0,서울특별시 성북구 정릉동 372-42번지
11290,13300,0,0372,0044,,,일반건축물,제1종근린생활시설,"제1종근린생활시설, 주택",149,73.8,293.82,19950921,3,1,서울특별시 성북구 정릉동 372-44번지
11290,13300,0,0372,0045,,,일반건축물,단독주택,다가구용단독주택(7가구),149,88.34,314.37,19950330,4,1,서울특별시 성북구 정릉동 372-45번지
11290,13300,0,0372,0047,,,일반건축물,제1종근린생활시설,"제1종근린생활시설, 주택",0,0,281.16,19700115,3,0,서울특별시 성북구 정릉동 372-47번지
11290,13300,0,0372,0048,,,일반건축물,제1종근린생활시설,제1종근린생활시설(점포),0,0,181.82,19700115,2,0,서울특별시 성북구 정릉동 372-48번지
11290,13300,0,0372,0049,,,일반건축물,단독주택,다가구용단독주택(5가구),119,71.36,191.38,19931015,2,1,서울특별시 성북구 정릉동 372-49번지
11290,13300,0,0372,0050,,,일반건축물,단독주택,주택,0,0,87.87,19701114,1,1,서울특별시 성북구 정릉동 372-50번지
11290,13300,0,0372,0053,젬스톤빌리지 A동,,표제부,공동주택,다세대주택,230,133.44,457.76,20141121,5,0,서울특별시 성북구 정릉동 372-53번지
11290,13300,0,0373,0002,,,일반건축물,제1종근린생활시설,"제1종근린생활시설, 주택",0,0,364.58,19770811,3,1,서울특별시 성북구 정릉동 373-2번지
11290,13300,0,0373,0003,,,일반건축물,단독주택,주택,227,114,202.73,19701128,2,1,서울특별시 성북구 정릉동 373-3번지
11290,13300,0,0373,0004,성신프라자,,표제부,제2종근린생활시설,"근린생활시설, 단독주택",921.05,514.39,2801.09,19970218,5,1,서울특별시 성북구 정릉동 373-4번지
11290,13300,0,0373,0008,,,일반건축물,제2종근린생활시설,근린생활시설,0,0,91.75,19611231,1,0,서울특별시 성북구 정릉동 373-8번지
11290,13300,0,0373,0009,,,일반건축물,단독주택,"근린생활시설, 주택",0,0,382.05,19901015,3,1,서울특별시 성북구 정릉동 373-9번지
11290,13300,0,0373,0014,삼성그린빌라,,표제부,공동주택,공동주택(다세대주택),196,117.12,390.75,20090303,5,0,서울특별시 성북구 정릉동 373-14번지
11290,13300,0,0373,0018,,,일반건축물,단독주택,"주택, 광",182.23,99.53,179.47,19701128,2,0,서울특별시 성북구 정릉동 373-18번지
11290,13300,0,0373,0019,,,일반건축물,단독주택,단독주택,78,53.72,53.72,19700810,1,0,서울특별시 성북구 정릉동 373-19번지
11290,13300,0,0373,0020,,,일반건축물,단독주택,주택,0,0,53.72,19700830,1,0,서울특별시 성북구 정릉동 373-20번지
11290,13300,0,0373,0021,,,일반건축물,단독주택,주택,0,0,69.95,19700910,1,1,서울특별시 성북구 정릉동 373-21번지
11290,13300,0,0373,0023,,,일반건축물,단독주택,다가구용 단독주택(4가구),115.7,69.32,179.67,19940616,2,1,서울특별시 성북구 정릉동 373-23번지
11290,13300,0,0373,0025,,,일반건축물,단독주택,주택,0,0,49.98,19700710,1,0,서울특별시 성북구 정릉동 373-25번지
11290,13300,0,0374,0002,하나아트빌,,표제부,공동주택,다세대주택 및 제2종근린생활시설,224.5,129.66,428.47,20080317,5,0,서울특별시 성북구 정릉동 374-2번지
11290,13300,0,0374,0004,,,일반건축물,단독주택,다가구 주택(7가구),187.46,112.1,393.23,19940721,3,1,서울특별시 성북구 정릉동 374-4번지
11290,13300,0,0374,0007,,,일반건축물,단독주택,다가구용 단독주택 (5가구),129.11,77.4,194.06,19931204,2,1,서울특별시 성북구 정릉동 374-7번지
11290,13300,0,0374,0012,,,일반건축물,제2종근린생활시설,근린생활시설,156,86.77,309,20080508,4,0,서울특별시 성북구 정릉동 374-12번지
11290,13300,0,0374,0015,,,일반건축물,제1종근린생활시설,제1종근린생활시설(점포),0,0,235.9,19690703,2,0,서울특별시 성북구 정릉동 374-15번지
11290,13300,0,0374,0017,,,일반건축물,단독주택,주택,46,0,30.02,19850626,1,0,서울특별시 성북구 정릉동 374-17번지
11290,13300,0,0374,0018,,,일반건축물,단독주택,단독주택,30,23.4,23.4,20150116,1,0,서울특별시 성북구 정릉동 374-18번지
11290,13300,0,0375,0000,,,일반건축물,단독주택,주택,0,0,112.39,19470415,1,0,서울특별시 성북구 정릉동 375번지
11290,13300,0,0375,0002,트라움하임 국민,,일반건축물,단독주택,단독주택(다중주택),154,91.96,318.49,20171026,3,1,서울특별시 성북구 정릉동 375-2번지
11290,13300,0,0375,0005,,,일반건축물,단독주택,주택,0,0,283.54,19700830,2,1,서울특별시 성북구 정릉동 375-5번지
11290,13300,0,0375,0007,아이라움,,표제부,공동주택,공동주택(다세대주택),205.2,122.12,389.8,20150910,5,0,서울특별시 성북구 정릉동 375-7번지
11290,13300,0,0375,0008,,,일반건축물,단독주택,단독주택,0,0,145.01,19671220,2,1,서울특별시 성북구 정릉동 375-8번지
11290,13300,0,0375,0009,,,일반건축물,제2종근린생활시설,근린생활시설,0,0,473.23,19700828,2,1,서울특별시 성북구 정릉동 375-9번지
11290,13300,0,0375,0011,,,일반건축물,단독주택,단독주택(다중주택),211.46,126.18,421.81,20191126,4,0,서울특별시 성북구 정릉동 375-11번지
11290,13300,0,0375,0012,,,표제부,공동주택,공동주택(도시형생활주택(단지형다세대)),261,155,685.03,20170912,5,1,서울특별시 성북구 정릉동 375-12번지
11290,13300,0,0375,0014,,,표제부,공동주택,다세대 주택(12세대),276,151.74,599.74,19931221,4,1,서울특별시 성북구 정릉동 375-14번지
11290,13300,0,0375,0018,,,일반건축물,단독주택,단독주택(다중주택),176.25,97.26,317.54,20210128,4,0,서울특별시 성북구 정릉동 375-18번지
11290,13300,0,0376,0002,,,표제부,공동주택,다세대주택(8세대),0,151.52,659.14,19920715,4,1,서울특별시 성북구 정릉동 376-2번지
11290,13300,0,0376,0003,,,일반건축물,단독주택,주택,0,0,46.74,19690427,1,0,서울특별시 성북구 정릉동 376-3번지
11290,13300,0,0376,0004,,,일반건축물,단독주택,주택,0,0,119.01,19590626,2,0,서울특별시 성북구 정릉동 376-4번지
11290,13300,0,0376,0005,,,일반건축물,단독주택,주택,0,0,214.2,19880831,2,1,서울특별시 성북구 정릉동 376-5번지
11290,13300,0,0376,0006,삼성홈타운,,표제부,공동주택,공동주택(도시형생활주택(단지형다세대)),1300.53,168.98,784.05,20170720,6,1,서울특별시 성북구 정릉동 376-6번지
11290,13300,0,0376,0006,삼성홈타운,,표제부,공동주택,공동주택(도시형생활주택(단지형다세대)),1300.53,165.16,700.61,20170720,6,1,서울특별시 성북구 정릉동 376-6번지
11290,13300,0,0376,0006,삼성홈타운,,표제부,공동주택,공동주택(도시형생활주택(단지형다세대)),1300.53,161.57,775.6,20170720,6,1,서울특별시 성북구 정릉동 376-6번지
11290,13300,0,0376,0006,삼성홈타운,,표제부,공동주택,공동주택(도시형생활주택(단지형다세대)),1300.53,161.82,736.02,20170720,6,1,서울특별시 성북구 정릉동 376-6번지
11290,13300,0,0376,0008,,,일반건축물,단독주택,주택,0,0,63.51,19760619,1,1,서울특별시 성북구 정릉동 376-8번지
11290,13300,0,0376,0009,아이라움,,표제부,공동주택,도시형생활주택(단지형다세대),0,119.82,376.02,20160413,5,0,서울특별시 성북구 정릉동 376-9번지
11290,13300,0,0376,0009,아이라움,,표제부,공동주택,도시형생활주택(단지형다세대),0,112.79,481.55,20160413,6,0,서울특별시 성북구 정릉동 376-9번지
11290,13300,0,0376,0016,,,일반건축물,단독주택,주택,0,0,57.02,19690427,1,0,서울특별시 성북구 정릉동 376-16번지
11290,13300,0,0376,0017,,,일반건축물,단독주택,주택,0,0,54.09,19690427,1,0,서울특별시 성북구 정릉동 376-17번지
11290,13300,0,0376,0018,,,일반건축물,단독주택,주택,0,0,59.67,19690427,1,0,서울특별시 성북구 정릉동 376-18번지
11290,13300,0,0376,0019,삼성그린빌라,,표제부,공동주택,도시형생활주택(단지형다세대주택/제2종근린생활시설),471,277.55,933.18,20180703,6,0,서울특별시 성북구 정릉동 376-19번지
11290,13300,0,0376,0021,,,일반건축물,단독주택,주택,0,0,49.16,19690427,1,0,서울특별시 성북구 정릉동 376-21번지
11290,13300,0,0376,0022,,,일반건축물,단독주택,주택,0,0,50.91,19690427,1,0,서울특별시 성북구 정릉동 376-22번지
11290,13300,0,0376,0023,,,일반건축물,단독주택,주택,0,0,54.91,19690427,1,0,서울특별시 성북구 정릉동 376-23번지
11290,13300,0,0376,0024,,,일반건축물,단독주택,주택,0,0,55.44,19690427,1,0,서울특별시 성북구 정릉동 376-24번지
11290,13300,0,0376,0025,,,일반건축물,단독주택,주택,0,0,53.86,19690427,1,0,서울특별시 성북구 정릉동 376-25번지
11290,13300,0,0376,0026,,,일반건축물,단독주택,주택,0,0,56.3,19690427,1,0,서울특별시 성북구 정릉동 376-26번지
11290,13300,0,0376,0031,,,일반건축물,단독주택,주택,0,0,53.72,19700810,1,0,서울특별시 성북구 정릉동 376-31번지
11290,13300,0,0376,0032,,,일반건축물,단독주택,주택,0,0,53.72,19700721,1,0,서울특별시 성북구 정릉동 376-32번지
11290,13300,0,0376,0033,,,일반건축물,단독주택,다가구용단독주택(3가구),0,0,112.81,19920929,2,1,서울특별시 성북구 정릉동 376-33번지
11290,13300,0,0376,0034,,,일반건축물,단독주택,다가구용단독주택(3가구),0,0,135.69,19920704,2,1,서울특별시 성북구 정릉동 376-34번지
11290,13300,0,0376,0036,,,일반건축물,단독주택,주택,0,0,53.72,19700630,1,0,서울특별시 성북구 정릉동 376-36번지
11290,13300,0,0376,0037,,,일반건축물,단독주택,주택,0,0,53.72,19700925,1,0,서울특별시 성북구 정릉동 376-37번지
11290,13300,0,0376,0038,,,일반건축물,단독주택,주택,0,0,44.99,19700925,1,0,서울특별시 성북구 정릉동 376-38번지
11290,13300,0,0376,0039,,,일반건축물,단독주택,주택,0,0,57.29,19700721,1,0,서울특별시 성북구 정릉동 376-39번지
11290,13300,0,0376,0040,풀하우스,,일반건축물,단독주택,단독주택,155,92.79,309.53,20190424,4,0,서울특별시 성북구 정릉동 376-40번지
11290,13300,0,0376,0043,,,일반건축물,단독주택,단독주택,228,136.14,443.01,20190111,5,0,서울특별시 성북구 정릉동 376-43번지
11290,13300,0,0376,0051,정릉쎈스빌,,표제부,공동주택,다세대주택(도시형생활주택-단지형다세대),581.05,178.61,543.26,20121126,5,0,서울특별시 성북구 정릉동 376-51번지
11290,13300,0,0376,0051,정릉쎈스빌,,표제부,공동주택,다세대주택(도시형생활주택-단지형다세대),581.05,168.78,615.82,20121126,5,0,서울특별시 성북구 정릉동 376-51번지
11290,13300,0,0376,0061,,,표제부,공동주택,"공동주택,다세대주택",288.74,172.46,581.12,20040202,5,0,서울특별시 성북구 정릉동 376-61번지
11290,13300,0,0376,0062,,,일반건축물,단독주택,단독주택(다가구주택),137.44,74.9,199.04,20070119,2,1,서울특별시 성북구 정릉동 376-62번지
11290,13300,0,0376,0063,,,일반건축물,단독주택,단독주택(다가구주택),146.81,81.48,218.6,20070119,2,1,서울특별시 성북구 정릉동 376-63번지
11290,13300,0,0377,0001,정릉동다세대,,표제부,공동주택,"공동주택,다세대주택",199,117.22,411.44,20031223,5,0,서울특별시 성북구 정릉동 377-1번지
11290,13300,0,0377,0004,,,일반건축물,단독주택,주택,184,82.81,162.01,19830527,2,1,서울특별시 성북구 정릉동 377-4번지
11290,13300,0,0377,0006,정릉동다세대주택,,표제부,공동주택,"공동주택,다세대주택",279,159.92,580.11,20031224,5,0,서울특별시 성북구 정릉동 377-6번지
11290,13300,0,0378,0001,,,일반건축물,단독주택,다가구용 단독주택(4가구),105.28,62.9,178.97,19940510,2,1,서울특별시 성북구 정릉동 378-1번지
11290,13300,0,0378,0002,,,일반건축물,단독주택,주택,0,0,60.86,19651020,1,0,서울특별시 성북구 정릉동 378-2번지
11290,13300,0,0378,0003,노블리움,,표제부,공동주택,"공동주택(다세대주택), 근린생활시설",281.67,166.83,554.82,20070720,5,0,서울특별시 성북구 정릉동 378-3번지
11290,13300,0,0378,0004,,,표제부,공동주택,다세대주택(8세대),0,166.68,648.51,19920504,3,1,서울특별시 성북구 정릉동 378-4번지
11290,13300,0,0378,0005,,,일반건축물,제2종근린생활시설,"근린생활시설, 주택",326.06,136.5,686.5,19890213,4,1,서울특별시 성북구 정릉동 378-5번지
11290,13300,0,0378,0006,,,표제부,공동주택,다세대주택(9세대),266.77,113.94,489.68,19951207,4,1,서울특별시 성북구 정릉동 378-6번지
11290,13300,0,0378,0007,,,일반건축물,단독주택,다가구용단독주택(3가구),107.05,63.52,179.79,19940628,2,1,서울특별시 성북구 정릉동 378-7번지
11290,13300,0,0378,0010,,,일반건축물,단독주택,주택,0,0,43.7,19770826,1,0,서울특별시 성북구 정릉동 378-10번지
11290,13300,0,0378,0011,,,일반건축물,단독주택,주택,0,0,246.78,19890706,2,1,서울특별시 성북구 정릉동 378-11번지
11290,13300,0,0378,0012,정릉동단독주택,,일반건축물,단독주택,제1종근린생활시설,116,59.33,115.92,20031022,2,0,서울특별시 성북구 정릉동 378-12번지
11290,13300,0,0379,0000,,,일반건축물,단독주택,주택,0,0,69.72,19581201,1,0,서울특별시 성북구 정릉동 379번지
11290,13300,0,0380,0001,(주) MJKC,,일반건축물,운동시설,운동시설 및 근린생활시설,2000.95,1155.01,2205.63,20050317,5,1,서울특별시 성북구 정릉동 380-1번지
11290,13300,0,0381,0000,,,일반건축물,단독주택,주택,0,0,102.48,19591114,1,0,서울특별시 성북구 정릉동 381번지
11290,13300,0,0382,0001,건영위드빌,,표제부,공동주택,도시형생활주택(단지형다세대),0,130.68,516.48,20160222,5,0,서울특별시 성북구 정릉동 382-1번지
11290,13300,0,0382,0001,건영위드빌,,표제부,공동주택,도시형생활주택(단지형다세대),0,131.07,516.84,20160222,5,0,서울특별시 성북구 정릉동 382-1번지
11290,13300,0,0382,0001,건영위드빌,,표제부,공동주택,도시형생활주택(단지형다세대),0,107.12,333.12,20160222,4,0,서울특별시 성북구 정릉동 382-1번지
11290,13300,0,0382,0003,,,일반건축물,제1종근린생활시설,"근린생활시설, 주택",0,0,600.32,19881011,3,1,서울특별시 성북구 정릉동 382-3번지
11290,13300,0,0383,0001,효성아트빌,,표제부,공동주택,"제2종근린생활시설,공동주택(다세대주택)",490,207.72,725.76,20081210,5,0,서울특별시 성북구 정릉동 383-1번지
11290,13300,0,0383,0002,,,일반건축물,제2종근린생활시설,제2종근린생활시설,113,57.46,197.79,20100616,5,0,서울특별시 성북구 정릉동 383-2번지
11290,13300,0,0383,0004,루마하우스정릉,,표제부,공동주택,공동주택(다세대주택),286,171.05,549.07,20181026,5,0,서울특별시 성북구 정릉동 383-4번지
11290,13300,0,0383,0007,,,일반건축물,단독주택,주택,0,0,46.38,19710430,1,0,서울특별시 성북구 정릉동 383-7번지
11290,13300,0,0383,0008,,,일반건축물,단독주택,단독주택,45.7,27.37,89.85,20220406,4,0,서울특별시 성북구 정릉동 383-8번지
11290,13300,0,0383,0009,,,일반건축물,단독주택,단독주택,33,17.15,49.91,20230303,5,0,서울특별시 성북구 정릉동 383-9번지
11290,13300,0,0383,0010,,,일반건축물,단독주택,단독주택(다가구주택),132,78.36,233.89,20210929,4,0,서울특별시 성북구 정릉동 383-10번지
11290,13300,0,0383,0013,,,일반건축물,단독주택,주택,0,0,215.44,19820916,2,1,서울특별시 성북구 정릉동 383-13번지
11290,13300,0,0383,0018,샛별중앙교회,,일반건축물,종교시설,제2종근린생활시설<종교집회장>,632.61,372.64,658.01,20001226,3,0,서울특별시 성북구 정릉동 383-18번지
11290,13300,0,0383,0023,베르디움,,표제부,공동주택,공동주택(도시형생활주택),919.09,158.74,682.95,20221106,6,1,서울특별시 성북구 정릉동 383-23번지
11290,13300,0,0383,0023,베르디움,,표제부,공동주택,공동주택(도시형생활주택),919.09,169.75,659.23,20221106,6,0,서울특별시 성북구 정릉동 383-23번지
11290,13300,0,0383,0023,베르디움,,표제부,공동주택,공동주택(도시형생활주택),919.09,143.19,554.62,20221106,6,0,서울특별시 성북구 정릉동 383-23번지
11290,13300,0,0383,0029,,,표제부,공동주택,다세대주택,365.76,192.75,658.92,19960824,3,1,서울특별시 성북구 정릉동 383-29번지
11290,13300,0,0383,0041,,,표제부,공동주택,"공동주택,연립주택",774.77,391.03,1329.65,20030619,5,0,서울특별시 성북구 정릉동 383-41번지
11290,13300,0,0383,0046,,,일반건축물,단독주택,주택,0,0,30.28,19651018,1,0,서울특별시 성북구 정릉동 383-46번지
11290,13300,0,0383,0048,,,일반건축물,단독주택,주택,0,0,232.06,19880819,2,1,서울특별시 성북구 정릉동 383-48번지
11290,13300,0,0383,0052,,,일반건축물,제1종근린생활시설,관리실,0,0,17.38,19831222,1,0,서울특별시 성북구 정릉동 383-52번지
11290,13300,0,0383,0055,,,일반건축물,단독주택,"주택, 사무실, 창고",0,0,255.57,19760720,1,0,서울특별시 성북구 정릉동 383-55번지
11290,13300,0,0383,0058,,,일반건축물,단독주택,주택,139,0,48.42,19850630,1,0,서울특별시 성북구 정릉동 383-58번지
11290,13300,0,0383,0064,,,일반건축물,단독주택,다가구용 단독주택(4),96,57.49,162.32,19940701,2,1,서울특별시 성북구 정릉동 383-64번지
11290,13300,0,0383,0069,,,일반건축물,단독주택,"다가구용단독주택(3가구), 근린생활시설",0,0,94.2,19920822,2,1,서울특별시 성북구 정릉동 383-69번지
11290,13300,0,0383,0077,,,일반건축물,제1종근린생활시설,근린생활시설,0,0,79.67,19670708,1,0,서울특별시 성북구 정릉동 383-77번지
11290,13300,0,0383,0078,,,일반건축물,단독주택,주택,0,0,74.54,19670708,1,0,서울특별시 성북구 정릉동 383-78번지
11290,13300,0,0383,0079,,,일반건축물,제1종근린생활시설,"단독주택, 제1종근린생활시설",0,0,73.42,19670708,1,0,서울특별시 성북구 정릉동 383-79번지
11290,13300,0,0383,0080,,,일반건축물,제1종근린생활시설,"제1종근린생활시설, 주택",0,0,147.96,19840229,2,1,서울특별시 성북구 정릉동 383-80번지
11290,13300,0,0383,0084,,,일반건축물,단독주택,주택,0,0,70.98,19710430,1,0,서울특별시 성북구 정릉동 383-84번지
11290,13300,0,0383,0085,,,일반건축물,단독주택,주택,0,0,76.72,19710430,1,0,서울특별시 성북구 정릉동 383-85번지
11290,13300,0,0383,0087,,,일반건축물,단독주택,주택,0,0,64.93,19710430,1,0,서울특별시 성북구 정릉동 383-87번지
11290,13300,0,0383,0088,,,일반건축물,단독주택,다가구용단독주택(3가구),0,0,153.18,19921103,2,1,서울특별시 성북구 정릉동 383-88번지
11290,13300,0,0383,0089,,,일반건축물,단독주택,다가구용 단독주택(4가구),86.32,53.52,153.61,19941013,2,1,서울특별시 성북구 정릉동 383-89번지
11290,13300,0,0383,0090,,,일반건축물,단독주택,주택,0,0,45.03,19710620,1,0,서울특별시 성북구 정릉동 383-90번지
11290,13300,0,0383,0098,,,일반건축물,제2종근린생활시설,제2종근린생활시설,148,88.4,234,20100603,3,0,서울특별시 성북구 정릉동 383-98번지
11290,13300,0,0383,0104,,,표제부,공동주택,다세대주택,344.86,179.95,629.47,20030712,5,0,서울특별시 성북구 정릉동 383-104번지
11290,13300,0,0383,0113,베르디움,,표제부,공동주택,공동주택(다세대주택),377.26,225.41,645.66,20220822,5,0,서울특별시 성북구 정릉동 383-113번지
11290,13300,0,0385,0000,,,일반건축물,단독주택,주택,0,0,188.43,,1,0,서울특별시 성북구 정릉동 385번지
11290,13300,0,0385,0001,,,표제부,공동주택,다세대주택(11세대),299.75,174.13,659.17,20001214,5,0,서울특별시 성북구 정릉동 385-1번지
11290,13300,0,0385,0004,,,일반건축물,제2종근린생활시설,제2종근린생활시설 및 단독주택,184,104,367.18,20161227,4,0,서울특별시 성북구 정릉동 385-4번지
11290,13300,0,0385,0005,,,일반건축물,단독주택,주택,0,0,61.82,19690905,1,0,서울특별시 성북구 정릉동 385-5번지
11290,13300,0,0385,0007,정릉어울림,,표제부,공동주택,연립주택,391.2,207.47,781.24,20081021,5,0,서울특별시 성북구 정릉동 385-7번지
11290,13300,0,0385,0009,,,일반건축물,단독주택,주택,0,0,57.92,19680214,1,0,서울특별시 성북구 정릉동 385-9번지
11290,13300,0,0385,0018,,,일반건축물,단독주택,주택,0,0,58.71,19690905,1,0,서울특별시 성북구 정릉동 385-18번지
11290,13300,0,0385,0020,,,일반건축물,단독주택,다가구용 단독주택(8가구),180.72,107.72,418.04,19940609,3,1,서울특별시 성북구 정릉동 385-20번지
11290,13300,0,0385,0023,,,일반건축물,단독주택,주택,0,0,57.29,19690810,1,0,서울특별시 성북구 정릉동 385-23번지
11290,13300,0,0385,0025,,,표제부,공동주택,공동주택(다세대주택),187,112.167,373.72,20150126,5,0,서울특별시 성북구 정릉동 385-25번지
11290,13300,0,0385,0027,,,일반건축물,단독주택,주택,0,0,60.89,19960802,1,0,서울특별시 성북구 정릉동 385-27번지
11290,13300,0,0385,0028,,,일반건축물,단독주택,"다가구주택, 근린생활시설",195,113.89,323.6,20050429,3,0,서울특별시 성북구 정릉동 385-28번지
11290,13300,0,0385,0030,,,일반건축물,단독주택,주택,0,0,50.84,19690810,1,0,서울특별시 성북구 정릉동 385-30번지
11290,13300,0,0385,0031,,,일반건축물,단독주택,주택,0,0,57.29,19690810,1,0,서울특별시 성북구 정릉동 385-31번지
11290,13300,0,0385,0032,,,일반건축물,단독주택,주택,0,0,57.29,19690810,1,0,서울특별시 성북구 정릉동 385-32번지
11290,13300,0,0385,0033,,,일반건축물,단독주택,주택,99,57.29,57.29,19690810,1,0,서울특별시 성북구 정릉동 385-33번지
11290,13300,0,0385,0034,,,일반건축물,단독주택,주택,0,0,57.29,19690810,1,0,서울특별시 성북구 정릉동 385-34번지
11290,13300,0,0385,0035,,,일반건축물,단독주택,주택,0,0,57.29,19690810,1,0,서울특별시 성북구 정릉동 385-35번지
11290,13300,0,0385,0037,,,일반건축물,단독주택,"주택, 광",0,0,46.05,19690810,1,0,서울특별시 성북구 정릉동 385-37번지
11290,13300,0,0385,0038,,,일반건축물,단독주택,주택,0,0,57.29,19690810,1,0,서울특별시 성북구 정릉동 385-38번지
11290,13300,0,0385,0039,,,일반건축물,단독주택,주택,0,0,57.29,19690810,1,0,서울특별시 성북구 정릉동 385-39번지
11290,13300,0,0385,0040,,,일반건축물,단독주택,주택,0,0,57.29,19690810,1,0,서울특별시 성북구 정릉동 385-40번지
11290,13300,0,0385,0041,,,일반건축물,단독주택,주택,0,0,54.57,19690810,1,0,서울특별시 성북구 정릉동 385-41번지
11290,13300,0,0385,0042,,,일반건축물,단독주택,주택,0,0,58.48,19690814,1,0,서울특별시 성북구 정릉동 385-42번지
11290,13300,0,0385,0043,,,일반건축물,단독주택,주택,0,0,58.48,19690905,1,0,서울특별시 성북구 정릉동 385-43번지
11290,13300,0,0385,0044,,,일반건축물,단독주택,주택,0,0,50.65,19690905,1,0,서울특별시 성북구 정릉동 385-44번지
11290,13300,0,0385,0045,,,일반건축물,단독주택,단독주택,96,57.59,57.59,19981109,1,0,서울특별시 성북구 정릉동 385-45번지
11290,13300,0,0385,0046,,,일반건축물,단독주택,주택,0,0,60.03,19690905,1,0,서울특별시 성북구 정릉동 385-46번지
11290,13300,0,0385,0047,,,일반건축물,단독주택,주택,0,0,60.03,19690905,1,0,서울특별시 성북구 정릉동 385-47번지
11290,13300,0,0385,0048,,,일반건축물,단독주택,주택,0,0,60.03,19690905,1,0,서울특별시 성북구 정릉동 385-48번지
11290,13300,0,0385,0051,,,일반건축물,단독주택,다가구용단독주택(4가구),92.7,55.32,155.5,19940916,2,1,서울특별시 성북구 정릉동 385-51번지
11290,13300,0,0385,0052,,,일반건축물,단독주택,주택,0,0,61.23,19691208,1,0,서울특별시 성북구 정릉동 385-52번지
11290,13300,0,0385,0053,,,일반건축물,단독주택,주택,0,0,62.09,19691208,1,0,서울특별시 성북구 정릉동 385-53번지
11290,13300,0,0385,0054,,,일반건축물,단독주택,주택,0,0,62.09,19691110,1,0,서울특별시 성북구 정릉동 385-54번지
11290,13300,0,0385,0055,,,일반건축물,단독주택,주택,0,0,72,19691110,1,0,서울특별시 성북구 정릉동 385-55번지
11290,13300,0,0385,0057,,,일반건축물,단독주택,다가구용단독주택(4가구),79.5,53.82,147.04,19931106,2,1,서울특별시 성북구 정릉동 385-57번지
11290,13300,0,0385,0058,,,일반건축물,단독주택,"주택, 광",0,0,58.58,19690905,1,0,서울특별시 성북구 정릉동 385-58번지
11290,13300,0,0385,0061,,,일반건축물,단독주택,주택,0,0,58.71,19690905,1,0,서울특별시 성북구 정릉동 385-61번지
11290,13300,0,0385,0062,,,일반건축물,단독주택,주택,0,0,58.71,19690905,1,0,서울특별시 성북구 정릉동 385-62번지
11290,13300,0,0385,0063,,,일반건축물,단독주택,주택,0,0,56.3,19690905,1,0,서울특별시 성북구 정릉동 385-63번지
11290,13300,0,0385,0070,세레노빌,,표제부,공동주택,공동주택(다세대주택),163,94.53,318.3,20070724,5,0,서울특별시 성북구 정릉동 385-70번지
11290,13300,0,0385,0073,,,일반건축물,단독주택,주택,0,0,148.96,19711220,2,1,서울특별시 성북구 정릉동 385-73번지
11290,13300,0,0387,0000,,,일반건축물,단독주택,주택,0,0,36.36,19471101,1,0,서울특별시 성북구 정릉동 387번지
11290,13300,0,0387,0000,,,일반건축물,단독주택,주택,0,0,36.36,19471101,1,0,서울특별시 성북구 정릉동 387번지
11290,13300,0,0387,0000,,,일반건축물,단독주택,주택,0,0,23.14,19471101,1,0,서울특별시 성북구 정릉동 387번지
11290,13300,0,0387,0000,,,일반건축물,단독주택,주택,0,0,33.06,19471101,1,0,서울특별시 성북구 정릉동 387번지
11290,13300,0,0388,0001,,,일반건축물,제2종근린생활시설,제2종근린생활시설,109,59.35,118.7,20100413,2,0,서울특별시 성북구 정릉동 388-1번지
11290,13300,0,0388,0004,,,일반건축물,제2종근린생활시설,제2종근린생활시설,111,66.36,125.76,20100318,2,0,서울특별시 성북구 정릉동 388-4번지
11290,13300,0,0388,0005,,,일반건축물,제2종근린생활시설,제2종근린생활시설,120,68.68,239.84,20100318,4,0,서울특별시 성북구 정릉동 388-5번지
11290,13300,0,0388,0006,,,일반건축물,제2종근린생활시설,제2종근린생활시설,108,64.38,187.62,20100318,3,0,서울특별시 성북구 정릉동 388-6번지
11290,13300,0,0388,0007,,,일반건축물,제2종근린생활시설,제2종근린생활시설(일반음식점),138,82.62,217.44,20100318,3,0,서울특별시 성북구 정릉동 388-7번지
11290,13300,0,0388,0008,,,일반건축물,단독주택,주택,129,65.01,246.52,19891227,3,1,서울특별시 성북구 정릉동 388-8번지
11290,13300,0,0388,0009,,,일반건축물,단독주택,주택,119,71.91,232.02,19881231,3,1,서울특별시 성북구 정릉동 388-9번지
11290,13300,0,0389,0003,,,표제부,공동주택,다세대주택,281.76,169,563.18,20141224,5,0,서울특별시 성북구 정릉동 389-3번지
11290,13300,0,0389,0006,,,일반건축물,단독주택,주택,0,0,67.08,19710505,1,0,서울특별시 성북구 정릉동 389-6번지
11290,13300,0,0389,0007,,,일반건축물,단독주택,다가구용단독주택(3가구),0,0,148.23,19920122,2,1,서울특별시 성북구 정릉동 389-7번지
11290,13300,0,0392,0001,,,일반건축물,제1종근린생활시설,"제1종근린생활시설, 주택<2가구>",94.49,56.64,229.57,19940312,3,1,서울특별시 성북구 정릉동 392-1번지
11290,13300,0,0392,0007,,,표제부,공동주택,다세대주택,182,94.83,382.85,20090313,4,1,서울특별시 성북구 정릉동 392-7번지
11290,13300,0,0392,0011,,,일반건축물,단독주택,주택,0,0,261.36,19790806,1,1,서울특별시 성북구 정릉동 392-11번지
11290,13300,0,0392,0016,,,표제부,공동주택,공동주택(다세대주택),178,95.92,375.22,20081119,4,1,서울특별시 성북구 정릉동 392-16번지
11290,13300,0,0392,0017,,,일반건축물,단독주택,주택,0,0,116.83,19740905,1,1,서울특별시 성북구 정릉동 392-17번지
11290,13300,0,0392,0018,,,일반건축물,단독주택,주택,0,0,116.83,19740905,1,1,서울특별시 성북구 정릉동 392-18번지
11290,13300,0,0392,0020,,,일반건축물,단독주택,주택,0,0,161.52,19740918,2,0,서울특별시 성북구 정릉동 392-20번지
11290,13300,0,0392,0021,,,일반건축물,단독주택,주택,0,0,140.57,19740918,2,0,서울특별시 성북구 정릉동 392-21번지
11290,13300,0,0392,0022,,,일반건축물,단독주택,주택,0,0,135.64,19740818,2,0,서울특별시 성북구 정릉동 392-22번지
11290,13300,0,0392,0025,,,일반건축물,단독주택,"주택, 근린생활시설",0,0,220.78,19780208,2,1,서울특별시 성북구 정릉동 392-25번지
11290,13300,0,0392,0027,,,일반건축물,단독주택,단독주택,147,87.36,225.68,20140904,3,1,서울특별시 성북구 정릉동 392-27번지
11290,13300,0,0392,0028,,,일반건축물,단독주택,주택,0,0,144.25,19771216,2,1,서울특별시 성북구 정릉동 392-28번지
11290,13300,0,0392,0030,,,일반건축물,단독주택,주택,0,0,94.71,19780429,1,1,서울특별시 성북구 정릉동 392-30번지
11290,13300,0,0392,0031,,,일반건축물,단독주택,주택,0,0,89.42,19780210,1,1,서울특별시 성북구 정릉동 392-31번지
11290,13300,0,0392,0033,형지리버빌,,표제부,공동주택,공동주택(다세대주택),249.45,149.32,491.56,20181227,5,0,서울특별시 성북구 정릉동 392-33번지
11290,13300,0,0392,0035,서도휴빌,,표제부,공동주택,공동주택,142.82,81.65,285.61,20140423,5,0,서울특별시 성북구 정릉동 392-35번지
11290,13300,0,0392,0036,명안가3차,,일반건축물,단독주택,단독주택(다중주택),144,85.25,299.39,20170824,3,1,서울특별시 성북구 정릉동 392-36번지
11290,13300,0,0392,0037,명안가4차,,일반건축물,단독주택,다중주택,129,77.24,287.76,20180126,3,1,서울특별시 성북구 정릉동 392-37번지
11290,13300,0,0392,0038,,,일반건축물,단독주택,주택,0,0,156.43,19771230,2,1,서울특별시 성북구 정릉동 392-38번지
11290,13300,0,0392,0039,레브하우스,,일반건축물,단독주택,단독주택(다중주택),127,75.65,252.1,20210203,4,0,서울특별시 성북구 정릉동 392-39번지
11290,13300,0,0392,0040,,,일반건축물,단독주택,단독주택,134,77.2,132.14,19780130,2,1,서울특별시 성북구 정릉동 392-40번지
11290,13300,0,0392,0042,뿌잉뿌잉 하우스,,일반건축물,단독주택,단독주택(다중주택),187,109.66,373.54,20210726,4,0,서울특별시 성북구 정릉동 392-42번지
11290,13300,0,0392,0043,삐삐하우스,,일반건축물,단독주택,단독주택,114.1,68,227.97,20190123,4,0,서울특별시 성북구 정릉동 392-43번지
11290,13300,0,0392,0044,,,일반건축물,단독주택,단독주택,112,61.69,146.34,19771224,2,1,서울특별시 성북구 정릉동 392-44번지
11290,13300,0,0392,0045,아르떼빌,,표제부,공동주택,공동주택(다세대주택),262.3,157.32,497.05,20220225,5,0,서울특별시 성북구 정릉동 392-45번지
11290,13300,0,0392,0046,,,일반건축물,단독주택,다가구용단독주택(7가구),147.47,87.99,298.94,19961104,3,1,서울특별시 성북구 정릉동 392-46번지
11290,13300,0,0392,0047,,,일반건축물,제2종근린생활시설,근린생활시설,142,81.36,283.14,20210730,5,0,서울특별시 성북구 정릉동 392-47번지
11290,13300,0,0392,0049,,,일반건축물,단독주택,"주택, 점포",0,0,115.4,19771216,1,1,서울특별시 성북구 정릉동 392-49번지
11290,13300,0,0392,0050,,,일반건축물,단독주택,주택,115,68.98,131.76,19771216,3,0,서울특별시 성북구 정릉동 392-50번지
11290,13300,0,0392,0051,,,일반건축물,단독주택,단독주택(다가구주택),126.5,75.28,226.82,20211015,4,0,서울특별시 성북구 정릉동 392-51번지
11290,13300,0,0393,0000,,,일반건축물,단독주택,주택,0,0,59.5,19401003,1,0,서울특별시 성북구 정릉동 393번지
11290,13300,0,0393,0000,,,일반건축물,단독주택,주택,0,0,36.36,19401003,1,0,서울특별시 성북구 정릉동 393번지
11290,13300,0,0393,0000,,,일반건축물,단독주택,주택,0,0,46.28,,1,0,서울특별시 성북구 정릉동 393번지
11290,13300,0,0393,0000,,,일반건축물,단독주택,주택,0,0,36.36,19401003,1,0,서울특별시 성북구 정릉동 393번지
11290,13300,0,0393,0001,,,일반건축물,제1종근린생활시설,"일반음식점, 독서실, 주택",0,0,576.32,19891014,4,1,서울특별시 성북구 정릉동 393-1번지
11290,13300,0,0393,0002,,,일반건축물,제1종근린생활시설,근린생활시설,0,0,278.48,19830608,2,1,서울특별시 성북구 정릉동 393-2번지
11290,13300,0,0393,0002,,,일반건축물,단독주택,"주택, 점포",0,0,82.84,19631209,1,0,서울특별시 성북구 정릉동 393-2번지
11290,13300,0,0393,0003,,,일반건축물,제1종근린생활시설,"근린생활시설, 주택",173.6,85.76,494.79,19930906,5,1,서울특별시 성북구 정릉동 393-3번지
11290,13300,0,0393,0004,,,일반건축물,제1종근린생활시설,근린생활시설,0,0,39.67,19580721,1,0,서울특별시 성북구 정릉동 393-4번지
11290,13300,0,0393,0007,,,일반건축물,단독주택,주택,0,0,188.22,19801013,2,1,서울특별시 성북구 정릉동 393-7번지
11290,13300,0,0393,0008,,,일반건축물,단독주택,"단독주택, 근린생활시설",259,154.98,526.04,20000527,4,0,서울특별시 성북구 정릉동 393-8번지
11290,13300,0,0393,0010,,,일반건축물,단독주택,단독주택,96.5,54.6,98.9,20010424,2,0,서울특별시 성북구 정릉동 393-10번지
11290,13300,0,0393,0012,,,일반건축물,단독주택,주택,0,0,224.67,19871019,2,1,서울특별시 성북구 정릉동 393-12번지
11290,13300,0,0394,0000,,,일반건축물,단독주택,주택,0,0,33.06,19590510,1,0,서울특별시 성북구 정릉동 394번지
11290,13300,0,0394,0000,,,일반건축물,단독주택,주택,0,0,26.45,19471101,1,0,서울특별시 성북구 정릉동 394번지
11290,13300,0,0394,0000,,,일반건축물,단독주택,주택,0,0,33.06,,1,0,서울특별시 성북구 정릉동 394번지
11290,13300,0,0394,0000,,,일반건축물,단독주택,주택,0,0,39.67,,1,0,서울특별시 성북구 정릉동 394번지
11290,13300,0,0394,0001,삼성그린빌라,,표제부,공동주택,도시형생활주택(단지형다세대),326,193.76,605.85,20180425,5,0,서울특별시 성북구 정릉동 394-1번지
11290,13300,0,0394,0003,,,일반건축물,제1종근린생활시설,근린생활시설,0,0,284.1,19690806,2,1,서울특별시 성북구 정릉동 394-3번지
11290,13300,0,0394,0009,,,일반건축물,제1종근린생활시설,"근린생활시설, 주택",0,0,404.97,19890509,3,1,서울특별시 성북구 정릉동 394-9번지
11290,13300,0,0394,0018,,,일반건축물,단독주택,"주택, 근린생활시설",231,138.51,331.13,19830315,2,1,서울특별시 성북구 정릉동 394-18번지
11290,13300,0,0395,0000,,,일반건축물,단독주택,주택,0,0,49.59,19560400,1,0,서울특별시 성북구 정릉동 395번지
11290,13300,0,0395,0002,,,일반건축물,제1종근린생활시설,제2종근린생활시설,0,0,172.96,19781216,2,1,서울특별시 성북구 정릉동 395-2번지
11290,13300,0,0395,0004,,,일반건축물,제1종근린생활시설,근린생활시설,0,0,413.13,,2,1,서울특별시 성북구 정릉동 395-4번지
11290,13300,0,0396,0000,,,일반건축물,단독주택,주택,0,0,23.14,19401003,1,0,서울특별시 성북구 정릉동 396번지
11290,13300,0,0396,0000,,,일반건축물,단독주택,주택,0,0,52.23,19551001,1,0,서울특별시 성북구 정릉동 396번지
11290,13300,0,0396,0000,,,일반건축물,단독주택,주택,0,0,29.75,19401003,1,0,서울특별시 성북구 정릉동 396번지
11290,13300,0,0396,0000,,,일반건축물,단독주택,주택,0,0,52.89,19471101,1,0,서울특별시 성북구 정릉동 396번지
11290,13300,0,0396,0000,,,일반건축물,단독주택,주택,0,0,29.75,19401003,1,0,서울특별시 성북구 정릉동 396번지
11290,13300,0,0396,0000,,,일반건축물,단독주택,주택,0,0,52.89,19390415,1,0,서울특별시 성북구 정릉동 396번지
11290,13300,0,0396,0000,,,일반건축물,단독주택,주택,0,0,36.36,,1,0,서울특별시 성북구 정릉동 396번지
11290,13300,0,0396,0001,,,일반건축물,제2종근린생활시설,제2종근린생활시설,0,0,144.46,19740220,2,1,서울특별시 성북구 정릉동 396-1번지
11290,13300,0,0396,0008,,,일반건축물,제2종근린생활시설,제2종근린생활시설(일반음식점),71.72,42.93,80.64,20101025,2,0,서울특별시 성북구 정릉동 396-8번지
11290,13300,0,0396,0009,,,일반건축물,단독주택,주택,0,0,125.46,19871231,2,1,서울특별시 성북구 정릉동 396-9번지
11290,13300,0,0396,0010,,,일반건축물,단독주택,주택,69,0,41.92,19850630,1,0,서울특별시 성북구 정릉동 396-10번지
11290,13300,0,0396,0011,,,일반건축물,단독주택,주택,0,0,26.45,19300520,1,0,서울특별시 성북구 정릉동 396-11번지
11290,13300,0,0396,0014,,,일반건축물,제1종근린생활시설,"주택,근린생활시설",0,0,164.79,19741120,2,1,서울특별시 성북구 정릉동 396-14번지
11290,13300,0,0396,0015,,,일반건축물,단독주택,"주택, 근린생활시설",0,0,247.46,19841229,2,1,서울특별시 성북구 정릉동 396-15번지
11290,13300,0,0396,0017,,,일반건축물,단독주택,주택,0,0,29.22,19611021,1,0,서울특별시 성북구 정릉동 396-17번지
11290,13300,0,0396,0019,,,일반건축물,단독주택,주택,0,0,45.85,19730524,1,0,서울특별시 성북구 정릉동 396-19번지
11290,13300,0,0396,0021,,,일반건축물,단독주택,"단독주택, 제1,2종근린생활시설",219.02,121,436.48,20180206,5,0,서울특별시 성북구 정릉동 396-21번지
11290,13300,0,0396,0027,,,일반건축물,단독주택,주택,0,0,33.72,19601001,1,0,서울특별시 성북구 정릉동 396-27번지
11290,13300,0,0396,0028,유명타운,,표제부,공동주택,"다세대주택, 제1종근린생활시설",1102.72,224.71,729.44,20161115,6,0,서울특별시 성북구 정릉동 396-28번지
11290,13300,0,0396,0028,유명타운,,표제부,공동주택,다세대주택. 제1종근린생활시설,1102.72,208.46,806.67,20161115,6,0,서울특별시 성북구 정릉동 396-28번지
11290,13300,0,0396,0028,유명타운,,표제부,공동주택,"다세대주택, 제1종근린생활시설",1102.72,216.09,659.55,20161115,5,0,서울특별시 성북구 정릉동 396-28번지
11290,13300,0,0396,0038,,,일반건축물,제1종근린생활시설,제1종근린생활시설(소매점),0,0,28.1,19380424,1,0,서울특별시 성북구 정릉동 396-38번지
11290,13300,0,0396,0039,,,일반건축물,단독주택,"제1종근린생활시설, 주택, 일반음식점",56.38,33.2,183,19930205,4,1,서울특별시 성북구 정릉동 396-39번지
11290,13300,0,0396,0041,,,일반건축물,제2종근린생활시설,근린생활시설,0,0,342,19690916,3,0,서울특별시 성북구 정릉동 396-41번지
11290,13300,0,0397,0000,,,일반건축물,단독주택,주택,0,0,19.83,19471101,1,0,서울특별시 성북구 정릉동 397번지
11290,13300,0,0397,0000,,,일반건축물,단독주택,주택,0,0,26.45,19401003,1,0,서울특별시 성북구 정릉동 397번지
11290,13300,0,0397,0000,,,일반건축물,단독주택,주택,0,0,62.81,19401003,1,0,서울특별시 성북구 정릉동 397번지
11290,13300,0,0397,0003,,,일반건축물,단독주택,주택,0,0,46.28,19540705,1,0,서울특별시 성북구 정릉동 397-3번지
11290,13300,0,0397,0003,,,일반건축물,단독주택,주택,0,0,115.7,,1,0,서울특별시 성북구 정릉동 397-3번지
11290,13300,0,0397,0006,,,일반건축물,제1종근린생활시설,"제1,2종근린생활시설,단독주택",131.93,77.34,326.74,20041230,4,1,서울특별시 성북구 정릉동 397-6번지
11290,13300,0,0397,0007,형지골드팰리스,,일반건축물,단독주택,단독주택(다중주택),178,101.25,352.62,20181120,4,0,서울특별시 성북구 정릉동 397-7번지
11290,13300,0,0397,0008,형지스타빌리지,,일반건축물,단독주택,단독주택(다중주택),207.13,124.03,365.19,20181108,4,0,서울특별시 성북구 정릉동 397-8번지
11290,13300,0,0397,0009,정릉시장고객편의시설,,일반건축물,제1종근린생활시설,제1종근린생활시설,105.3,61.07,183.21,20120307,3,0,서울특별시 성북구 정릉동 397-9번지
11290,13300,0,0397,0010,중앙하이츠,,표제부,공동주택,도시형생활주택(단지형다세대),0,186.3,661.45,20160311,5,0,서울특별시 성북구 정릉동 397-10번지
11290,13300,0,0397,0010,중앙하이츠,,표제부,공동주택,도시형생활주택(단지형다세대),0,155.27,491.54,20160311,5,0,서울특별시 성북구 정릉동 397-10번지
11290,13300,0,0397,0012,,,일반건축물,제2종근린생활시설,근린생활시설,155,69.09,69.09,19610824,1,0,서울특별시 성북구 정릉동 397-12번지
11290,13300,0,0397,0013,,,일반건축물,단독주택,"단독주택,근린생활시설",78,45.55,180.05,20070627,3,1,서울특별시 성북구 정릉동 397-13번지
11290,13300,0,0397,0014,,,일반건축물,제2종근린생활시설,제2종근린생활시설,254.78,150.28,729.4,19991206,5,0,서울특별시 성북구 정릉동 397-14번지
11290,13300,0,0397,0016,,,일반건축물,제1종근린생활시설,제1종근린생활시설,141,84.24,303.34,19920714,4,1,서울특별시 성북구 정릉동 397-16번지
11290,13300,0,0397,0017,,,일반건축물,단독주택,주택,0,0,75.8,19630822,1,0,서울특별시 성북구 정릉동 397-17번지
11290,13300,0,0397,0018,,,일반건축물,단독주택,"주택, 근린생활시설",0,0,52.89,19471120,1,0,서울특별시 성북구 정릉동 397-18번지
11290,13300,0,0397,0019,,,일반건축물,제2종근린생활시설,제2종근린생활시설(일반음식점),560,33.06,33.06,19560110,1,0,서울특별시 성북구 정릉동 397-19번지
11290,13300,0,0397,0021,,,일반건축물,단독주택,주택,0,0,28.1,19730401,1,0,서울특별시 성북구 정릉동 397-21번지
11290,13300,0,0397,0024,,,일반건축물,단독주택,주택,0,0,186.5,19860908,2,1,서울특별시 성북구 정릉동 397-24번지
11290,13300,0,0397,0026,,,일반건축물,제2종근린생활시설,제2종근린생활시설(일반음식점),0,0,41.65,19431015,1,0,서울특별시 성북구 정릉동 397-26번지
11290,13300,0,0397,0026,,,일반건축물,제2종근린생활시설,제2종근린생활시설(일반음식점),0,0,26.45,19480505,1,0,서울특별시 성북구 정릉동 397-26번지
11290,13300,0,0397,0026,,,일반건축물,제1종근린생활시설,제1종근린생활시설(점포),0,0,26.45,19401003,1,0,서울특별시 성북구 정릉동 397-26번지
11290,13300,0,0397,0027,,,일반건축물,제1종근린생활시설,판매및영업시설,0,0,89.26,19600707,2,0,서울특별시 성북구 정릉동 397-27번지
11290,13300,0,0397,0028,,,일반건축물,단독주택,단독주택,49.75,28.44,56.88,19931005,2,0,서울특별시 성북구 정릉동 397-28번지
11290,13300,0,0397,0029,,,일반건축물,단독주택,단독주택,0,0,16.53,19391205,1,0,서울특별시 성북구 정릉동 397-29번지
11290,13300,0,0397,0030,,,일반건축물,단독주택,주택,0,0,33.45,19390926,1,0,서울특별시 성북구 정릉동 397-30번지
11290,13300,0,0397,0031,,,일반건축물,단독주택,주택,0,0,26.45,,1,0,서울특별시 성북구 정릉동 397-31번지
11290,13300,0,0397,0032,,,일반건축물,제2종근린생활시설,제2종근린생활시설(일반음식점),0,0,23.14,19420326,1,0,서울특별시 성북구 정릉동 397-32번지
11290,13300,0,0397,0033,,,일반건축물,제2종근린생활시설,제2종근린생활시설,0,0,33.06,19430504,1,0,서울특별시 성북구 정릉동 397-33번지
11290,13300,0,0397,0034,,,일반건축물,단독주택,주택,0,0,53.95,19611230,1,0,서울특별시 성북구 정릉동 397-34번지
11290,13300,0,0397,0035,,,일반건축물,단독주택,주택,0,0,36.36,,1,0,서울특별시 성북구 정릉동 397-35번지
11290,13300,0,0397,0039,,,일반건축물,제1종근린생활시설,제1종근린생활시설,0,0,230.95,19820910,3,1,서울특별시 성북구 정릉동 397-39번지
11290,13300,0,0397,0041,,,일반건축물,제1종근린생활시설,근린생활시설,252,193.46,810.05,19690627,4,1,서울특별시 성북구 정릉동 397-41번지
11290,13300,0,0397,0042,,,일반건축물,단독주택,주택,0,0,18.35,19611231,1,0,서울특별시 성북구 정릉동 397-42번지
11290,13300,0,0397,0043,중앙하이츠,,표제부,공동주택,공동주택(다세대주택),207.5,124.23,413.3,20160613,5,0,서울특별시 성북구 정릉동 397-43번지
11290,13300,0,0398,0005,효성아트빌,,표제부,공동주택,공동주택(다세대주택),223.72,134.2,447.21,20101220,5,0,서울특별시 성북구 정릉동 398-5번지
11290,13300,0,0398,0008,,,일반건축물,제1종근린생활시설,판매및영업시설,0,0,264.14,19651025,2,0,서울특별시 성북구 정릉동 398-8번지
11290,13300,0,0398,0008,,,일반건축물,제2종근린생활시설,"일반음식점,주택",0,0,137.44,19721227,1,1,서울특별시 성북구 정릉동 398-8번지
11290,13300,0,0398,0009,,,일반건축물,제2종근린생활시설,제2종근생(음식점),0,0,113.06,19601109,1,0,서울특별시 성북구 정릉동 398-9번지
11290,13300,0,0400,0002,,,일반건축물,제2종근린생활시설,근린생활시설,142.49,84.36,317.76,19820201,3,1,서울특별시 성북구 정릉동 400-2번지
11290,13300,0,0400,0003,,,일반건축물,단독주택,다가구용 단독주택(7가구),168,83.07,296.07,19960807,3,1,서울특별시 성북구 정릉동 400-3번지
11290,13300,0,0400,0006,,,일반건축물,단독주택,근린생활시설 및 주택,66.83,35.19,84.42,19960807,3,0,서울특별시 성북구 정릉동 400-6번지
11290,13300,0,0400,0007,,,일반건축물,제2종근린생활시설,근린생활시설,60.19,32.4,72.09,19960306,3,0,서울특별시 성북구 정릉동 400-7번지
11290,13300,0,0400,0008,,,일반건축물,제1종근린생활시설,제1종근린생활시설,79.7,51.68,147.6,19951230,2,1,서울특별시 성북구 정릉동 400-8번지
11290,13300,0,0400,0010,,,일반건축물,제1종근린생활시설,제1종근린생활시설,360,192.92,296.56,19940712,2,1,서울특별시 성북구 정릉동 400-10번지
11290,13300,0,0400,0013,,,일반건축물,제2종근린생활시설,판매및영업시설(학원),0,0,212.9,,2,0,서울특별시 성북구 정릉동 400-13번지
11290,13300,0,0400,0015,,,일반건축물,제1종근린생활시설,제1종근린생활시설(점포),0,0,6.61,19621028,1,0,서울특별시 성북구 정릉동 400-15번지
11290,13300,0,0400,0025,,,일반건축물,제1종근린생활시설,제1종근린생활시설(점포),0,0,556.53,19700710,3,1,서울특별시 성북구 정릉동 400-25번지
11290,13300,0,0401,0001,스마트빌,,표제부,공동주택,공동주택(도시형생활주택),1135,202.08,659.52,20210127,5,0,서울특별시 성북구 정릉동 401-1번지
11290,13300,0,0401,0001,스마트빌,,표제부,공동주택,공동주택(도시형생활주택),1135,168.52,658.07,20210127,6,0,서울특별시 성북구 정릉동 401-1번지
11290,13300,0,0401,0001,스마트빌,,표제부,공동주택,공동주택(도시형생활주택),1135,213.02,700.22,20210127,5,0,서울특별시 성북구 정릉동 401-1번지
11290,13300,0,0401,0002,,,일반건축물,제2종근린생활시설,근린생활시설,261,143.87,624.37,20040703,4,1,서울특별시 성북구 정릉동 401-2번지
11290,13300,0,0401,0015,,,일반건축물,위험물저장및처리시설,"위험물저장및처리시설(주유소),제2종근생",940,359.92,499.41,20051104,2,0,서울특별시 성북구 정릉동 401-15번지
11290,13300,0,0401,0020,천주교 정릉동 성당사제관,,일반건축물,종교시설,문화및집회시설,1930.7,1013.41,4981.81,20011012,3,2,서울특별시 성북구 정릉동 401-20번지
11290,13300,0,0401,0034,,,일반건축물,단독주택,주택,0,0,85.86,19770519,1,1,서울특별시 성북구 정릉동 401-34번지
11290,13300,0,0401,0035,에코그린,,표제부,공동주택,공동주택(다세대주택),251,150.54,620.35,20181002,4,1,서울특별시 성북구 정릉동 401-35번지
11290,13300,0,0401,0046,,,표제부,제1종근린생활시설,"근린생활시설, 업무시설",1536,911.37,6249.75,20070402,4,3,서울특별시 성북구 정릉동 401-46번지
11290,13300,0,0401,0061,,,표제부,공동주택,다세대주택,0,103.86,311.58,19900806,2,1,서울특별시 성북구 정릉동 401-61번지
11290,13300,0,0401,0062,,,표제부,공동주택,다세대주택,0,102.54,307.62,19900811,2,1,서울특별시 성북구 정릉동 401-62번지
11290,13300,0,0401,0063,보람빌딩,,일반건축물,제2종근린생활시설,"제1,2종근린생활시설",263,148,711,20041124,4,1,서울특별시 성북구 정릉동 401-63번지
11290,13300,0,0401,0076,천주교 정릉동 성당사제관,,일반건축물,종교시설,사제관,644,240.02,610.58,20011012,3,1,서울특별시 성북구 정릉동 401-76번지
11290,13300,0,0402,0001,,,표제부,공동주택,다세대주택(8세대),0,122.49,476.28,19921017,3,1,서울특별시 성북구 정릉동 402-1번지
11290,13300,0,0402,0002,,,일반건축물,제1종근린생활시설,근린생활시설,0,0,300.98,19860331,3,1,서울특별시 성북구 정릉동 402-2번지
11290,13300,0,0402,0005,,,표제부,공동주택,다세대주택,208.6,117.68,372.46,20150604,5,0,서울특별시 성북구 정릉동 402-5번지
11290,13300,0,0402,0007,,,표제부,공동주택,도시형생활주택(단지형다세대주택),297,176.52,589.965,20151019,5,0,서울특별시 성북구 정릉동 402-7번지
11290,13300,0,0402,0009,,,일반건축물,단독주택,주택,0,0,67.37,19651103,1,0,서울특별시 성북구 정릉동 402-9번지
11290,13300,0,0402,0010,,,일반건축물,단독주택,주택,0,0,65.82,19651103,1,0,서울특별시 성북구 정릉동 402-10번지
11290,13300,0,0402,0011,,,일반건축물,단독주택,주택,0,0,63.77,19651103,1,0,서울특별시 성북구 정릉동 402-11번지
11290,13300,0,0402,0012,,,일반건축물,단독주택,주택,0,0,61.78,19651103,1,0,서울특별시 성북구 정릉동 402-12번지
11290,13300,0,0402,0013,,,일반건축물,단독주택,주택,0,0,60.07,19651103,1,0,서울특별시 성북구 정릉동 402-13번지
11290,13300,0,0402,0015,,,일반건축물,단독주택,"주택, 근린생활시설",0,0,61.42,19651103,1,0,서울특별시 성북구 정릉동 402-15번지
11290,13300,0,0402,0016,,,일반건축물,단독주택,주택,0,0,62.48,19651103,1,0,서울특별시 성북구 정릉동 402-16번지
11290,13300,0,0402,0017,,,일반건축물,단독주택,"주택, 광",0,0,63.14,19651125,1,0,서울특별시 성북구 정릉동 402-17번지
11290,13300,0,0402,0025,,,표제부,공동주택,다세대주택(4세대),145,86.61,399.12,20020930,4,1,서울특별시 성북구 정릉동 402-25번지
11290,13300,0,0402,0026,,,표제부,공동주택,다세대주택,311,164.92,572.64,20011114,4,0,서울특별시 성북구 정릉동 402-26번지
11290,13300,0,0402,0028,,,일반건축물,단독주택,주택,0,0,197.39,19720506,2,1,서울특별시 성북구 정릉동 402-28번지
11290,13300,0,0402,0029,,,표제부,공동주택,다세대주택(7세대),214.79,127.76,529.2,20080725,4,1,서울특별시 성북구 정릉동 402-29번지
11290,13300,0,0402,0030,삼성그린빌라,,표제부,공동주택,"다세대주택, 근린생활시설",231.72,138.78,446.43,20080625,5,0,서울특별시 성북구 정릉동 402-30번지
11290,13300,0,0402,0031,,,일반건축물,제1종근린생활시설,제2종근린생활시설,0,0,193.59,19740718,1,1,서울특별시 성북구 정릉동 402-31번지
11290,13300,0,0402,0033,,,일반건축물,단독주택,주택,0,0,197.36,19751229,2,1,서울특별시 성북구 정릉동 402-33번지
11290,13300,0,0402,0038,,,일반건축물,단독주택,다가구용주택(7가구),230.47,138.08,526.03,19980219,3,1,서울특별시 성북구 정릉동 402-38번지
11290,13300,0,0402,0041,,,일반건축물,단독주택,주택,0,0,217.29,19710624,1,1,서울특별시 성북구 정릉동 402-41번지
11290,13300,0,0402,0045,,,일반건축물,단독주택,주택,0,0,86.41,19730709,1,1,서울특별시 성북구 정릉동 402-45번지
11290,13300,0,0402,0047,,,일반건축물,단독주택,주택,0,0,109.35,19711227,1,1,서울특별시 성북구 정릉동 402-47번지
11290,13300,0,0402,0050,,,일반건축물,단독주택,주택,0,0,71.37,19701205,1,1,서울특별시 성북구 정릉동 402-50번지
11290,13300,0,0402,0051,,,일반건축물,단독주택,주택,0,0,56.26,19701205,1,0,서울특별시 성북구 정릉동 402-51번지
11290,13300,0,0402,0052,,,일반건축물,단독주택,주택,0,0,61.35,19701205,1,1,서울특별시 성북구 정릉동 402-52번지
11290,13300,0,0402,0058,,,일반건축물,단독주택,주택,0,0,100.36,19701205,1,1,서울특별시 성북구 정릉동 402-58번지
11290,13300,0,0402,0059,,,일반건축물,단독주택,"주택, 대피소",0,0,148.79,19730309,2,1,서울특별시 성북구 정릉동 402-59번지
11290,13300,0,0402,0064,대명빌,,일반건축물,단독주택,"다중주택, 제2종근린생활시설",178,106.42,369.49,20250912,4,1,서울특별시 성북구 정릉동 402-64번지
11290,13300,0,0402,0066,,,일반건축물,단독주택,주택,0,0,77.84,19730918,1,1,서울특별시 성북구 정릉동 402-66번지
11290,13300,0,0402,0067,진영빌라,,표제부,공동주택,공동주택(다세대주택),162,86.71,270.21,20220830,5,0,서울특별시 성북구 정릉동 402-67번지
11290,13300,0,0402,0068,,,일반건축물,단독주택,주택,0,0,233.46,19891107,2,1,서울특별시 성북구 정릉동 402-68번지
11290,13300,0,0402,0069,,,표제부,공동주택,다세대주택,168,100.32,352.22,20020626,4,0,서울특별시 성북구 정릉동 402-69번지
11290,13300,0,0402,0070,우진빌라,,표제부,공동주택,다세대주택,312.8,182.44,660.51,20010531,4,1,서울특별시 성북구 정릉동 402-70번지
11290,13300,0,0402,0071,영강하이츠빌라,,표제부,공동주택,다세대주택,315.48,186.57,798.62,20021102,4,1,서울특별시 성북구 정릉동 402-71번지
11290,13300,0,0402,0072,,,일반건축물,단독주택,주택,0,0,161.03,19710801,2,1,서울특별시 성북구 정릉동 402-72번지
11290,13300,0,0402,0073,동궁쉐르빌,,표제부,공동주택,"공동주택,다세대주택",297.82,173.5,804.48,20040401,4,1,서울특별시 성북구 정릉동 402-73번지
11290,13300,0,0402,0074,,,표제부,공동주택,다세대 주택,347,170.27,642.25,19951211,4,1,서울특별시 성북구 정릉동 402-74번지
11290,13300,0,0402,0078,,,일반건축물,단독주택,주택,0,0,301.98,19690525,2,1,서울특별시 성북구 정릉동 402-78번지
11290,13300,0,0402,0079,,,일반건축물,단독주택,주택,0,0,261.82,19690424,2,1,서울특별시 성북구 정릉동 402-79번지
11290,13300,0,0402,0080,,,표제부,공동주택,다세대주택,224.73,127.48,447.6,20081124,5,0,서울특별시 성북구 정릉동 402-80번지
11290,13300,0,0402,0081,,,표제부,공동주택,다세대주택,192.5,100.84,405.4,20090105,4,1,서울특별시 성북구 정릉동 402-81번지
11290,13300,0,0402,0085,,,일반건축물,단독주택,주택,0,0,127.63,19701206,2,1,서울특별시 성북구 정릉동 402-85번지
11290,13300,0,0402,0087,,,일반건축물,단독주택,단독주택,66,40.69,40.69,19690425,1,0,서울특별시 성북구 정릉동 402-87번지
11290,13300,0,0402,0089,행복드림빌7차,,표제부,공동주택,공동주택(다세대주택),238,142.3,595.74,20220120,4,1,서울특별시 성북구 정릉동 402-89번지
11290,13300,0,0402,0090,태영빌라,,표제부,공동주택,"공동주택,다세대주택",271.94,150.19,628.64,20040116,4,1,서울특별시 성북구 정릉동 402-90번지
11290,13300,0,0402,0091,,,표제부,공동주택,공동주택,175,103.77,445.66,20160715,4,1,서울특별시 성북구 정릉동 402-91번지
11290,13300,0,0402,0098,,,일반건축물,단독주택,주택,0,0,92.46,19690818,2,0,서울특별시 성북구 정릉동 402-98번지
11290,13300,0,0402,0100,,,일반건축물,단독주택,주택,0,0,125.52,19720404,2,0,서울특별시 성북구 정릉동 402-100번지
11290,13300,0,0402,0101,,,일반건축물,단독주택,주택,0,0,80.83,19710720,1,1,서울특별시 성북구 정릉동 402-101번지
11290,13300,0,0402,0102,,,일반건축물,단독주택,다가구용단독주택(3가구),0,0,222.66,19910701,2,1,서울특별시 성북구 정릉동 402-102번지
11290,13300,0,0402,0105,,,일반건축물,단독주택,주택,218,93.09,187,19701230,2,1,서울특별시 성북구 정릉동 402-105번지
11290,13300,0,0402,0106,,,일반건축물,단독주택,주택,0,0,182.25,19710215,2,1,서울특별시 성북구 정릉동 402-106번지
11290,13300,0,0402,0107,,,일반건축물,단독주택,주택,0,0,198.97,19710310,2,1,서울특별시 성북구 정릉동 402-107번지
11290,13300,0,0402,0115,,,일반건축물,단독주택,단독주택,102,56.33,119.64,19690425,2,1,서울특별시 성북구 정릉동 402-115번지
11290,13300,0,0402,0117,고은빌라,,표제부,공동주택,다세대주택,203,120.97,671.76,20020402,4,2,서울특별시 성북구 정릉동 402-117번지
11290,13300,0,0402,0118,위더스빌,,표제부,공동주택,다세대주택,202,120.31,515.96,20150114,4,1,서울특별시 성북구 정릉동 402-118번지
11290,13300,0,0402,0119,,,표제부,공동주택,다세대주택,186.85,107.2,411.48,19940726,3,1,서울특별시 성북구 정릉동 402-119번지
11290,13300,0,0402,0120,,,표제부,공동주택,다세대주택,199.3,114.87,537.52,20020104,4,1,서울특별시 성북구 정릉동 402-120번지
11290,13300,0,0402,0121,,,일반건축물,단독주택,주택,0,0,251.57,19710901,2,1,서울특별시 성북구 정릉동 402-121번지
11290,13300,0,0402,0122,서도휴빌2차,,표제부,공동주택,도시형생활주택(원룸형),225,134.52,576.52,20141021,4,1,서울특별시 성북구 정릉동 402-122번지
11290,13300,0,0402,0124,,,일반건축물,단독주택,주택,0,0,135.61,19710710,1,1,서울특별시 성북구 정릉동 402-124번지
11290,13300,0,0402,0125,,,일반건축물,단독주택,주택,0,0,136.89,19700924,1,1,서울특별시 성북구 정릉동 402-125번지
11290,13300,0,0402,0126,,,일반건축물,단독주택,"주택, 창고",0,0,103.49,19691201,2,1,서울특별시 성북구 정릉동 402-126번지
11290,13300,0,0402,0128,,,일반건축물,단독주택,"주택, 근린생활시설",145,112.3,200.4,19830115,2,1,서울특별시 성북구 정릉동 402-128번지
11290,13300,0,0402,0129,,,일반건축물,단독주택,다가구용단독주택(3가구),0,0,304.45,19910702,2,1,서울특별시 성북구 정릉동 402-129번지
11290,13300,0,0402,0130,다움파크빌3,,표제부,공동주택,공동주택,198,117.72,395.73,20130730,5,0,서울특별시 성북구 정릉동 402-130번지
11290,13300,0,0402,0131,정우빌라,,표제부,공동주택,다세대주택,221,132.48,441.94,20100805,5,0,서울특별시 성북구 정릉동 402-131번지
11290,13300,0,0402,0132,행복드림빌7차,,표제부,공동주택,공동주택(다세대주택),237.19,141.86,594.96,20220120,4,1,서울특별시 성북구 정릉동 402-132번지
11290,13300,0,0402,0141,,,일반건축물,단독주택,주택,0,0,34.78,19690310,1,0,서울특별시 성북구 정릉동 402-141번지
11290,13300,0,0402,0145,,,일반건축물,단독주택,주택,0,0,195.8,19710710,2,1,서울특별시 성북구 정릉동 402-145번지
11290,13300,0,0402,0151,우진빌라,,표제부,공동주택,다세대주택,271,158.07,575.34,20001014,4,0,서울특별시 성북구 정릉동 402-151번지
11290,13300,0,0402,0152,삼성그린빌라,,표제부,공동주택,다세대주택,251.45,150.72,502.36,20100129,5,0,서울특별시 성북구 정릉동 402-152번지
11290,13300,0,0402,0153,유정빌라4차,,표제부,공동주택,"공동주택(다세대주택), 근린생활시설",225.13,132.6,431.3,20070612,5,0,서울특별시 성북구 정릉동 402-153번지
11290,13300,0,0402,0154,,,일반건축물,단독주택,다가구주택 및 제2종근린생활시설,255,110.01,350.91,20040805,2,1,서울특별시 성북구 정릉동 402-154번지
11290,13300,0,0402,0163,,,일반건축물,단독주택,주택,113.38,46.91,101.7,19691201,2,1,서울특별시 성북구 정릉동 402-163번지
11290,13300,0,0402,0164,,,일반건축물,단독주택,주택,0,0,162.78,19900202,2,1,서울특별시 성북구 정릉동 402-164번지
11290,13300,0,0402,0166,,,일반건축물,단독주택,주택,0,0,135.98,19861117,2,1,서울특별시 성북구 정릉동 402-166번지
11290,13300,0,0402,0167,,,일반건축물,단독주택,다가구주택,123.86,73.25,134.4,19930526,2,0,서울특별시 성북구 정릉동 402-167번지
11290,13300,0,0402,0168,,,일반건축물,단독주택,주택,0,0,155.27,19691201,2,1,서울특별시 성북구 정릉동 402-168번지
11290,13300,0,0402,0169,피렌채,,표제부,공동주택,"다세대주택,근린생활시설",373,223.53,887.76,20150918,5,1,서울특별시 성북구 정릉동 402-169번지
11290,13300,0,0402,0172,스카이빌,,표제부,공동주택,다세대주택 (9세대),269.21,158.01,814.88,20140627,4,2,서울특별시 성북구 정릉동 402-172번지
11290,13300,0,0402,0179,,,일반건축물,단독주택,주택,0,0,137.12,19701206,2,1,서울특별시 성북구 정릉동 402-179번지
11290,13300,0,0402,0180,,,일반건축물,단독주택,주택,0,0,125.32,19721212,2,1,서울특별시 성북구 정릉동 402-180번지
11290,13300,0,0402,0181,,,일반건축물,단독주택,주택,0,0,55.04,19701205,1,1,서울특별시 성북구 정릉동 402-181번지
11290,13300,0,0402,0183,,,일반건축물,단독주택,"주택, 광",0,0,54.95,19701205,1,0,서울특별시 성북구 정릉동 402-183번지
11290,13300,0,0402,0184,,,일반건축물,단독주택,주택,0,0,88.1,19710605,1,1,서울특별시 성북구 정릉동 402-184번지
11290,13300,0,0402,0191,,,일반건축물,단독주택,주택,0,0,161.03,19710801,2,1,서울특별시 성북구 정릉동 402-191번지
11290,13300,0,0402,0193,,,일반건축물,단독주택,주택,0,0,134.16,19750501,2,1,서울특별시 성북구 정릉동 402-193번지
11290,13300,0,0402,0194,,,일반건축물,단독주택,주택,0,0,122.11,19720909,2,0,서울특별시 성북구 정릉동 402-194번지
11290,13300,0,0402,0195,,,일반건축물,단독주택,주택,0,0,80.1,19730918,1,1,서울특별시 성북구 정릉동 402-195번지
11290,13300,0,0402,0197,,,일반건축물,단독주택,주택,0,0,235.8,19891107,2,1,서울특별시 성북구 정릉동 402-197번지
11290,13300,0,0402,0198,,,일반건축물,단독주택,다가구용단독주택(5가구),0,0,198.9,19910720,2,1,서울특별시 성북구 정릉동 402-198번지
11290,13300,0,0402,0199,,,표제부,공동주택,다세대주택,0,83,249,19910726,2,1,서울특별시 성북구 정릉동 402-199번지
11290,13300,0,0402,0200,,,표제부,공동주택,다세대주택(8세대),222,132.8,642.22,20020923,4,1,서울특별시 성북구 정릉동 402-200번지
11290,13300,0,0402,0202,J 빌,,일반건축물,단독주택,"다중주택, 제2종근린생활시설",178,105.84,482.25,20250912,4,1,서울특별시 성북구 정릉동 402-202번지
11290,13300,0,0403,0007,,,일반건축물,제2종근린생활시설,근린생활시설,130,75.68,259.84,20040604,4,0,서울특별시 성북구 정릉동 403-7번지
11290,13300,0,0403,0008,,,일반건축물,제1종근린생활시설,"제1,2종근린생활시설",131,77.76,259.68,20040906,4,0,서울특별시 성북구 정릉동 403-8번지
11290,13300,0,0403,0009,,,일반건축물,제1종근린생활시설,"제1종근린생활시설,제2종근린생활시설",411.2,236.16,989.65,20161012,4,1,서울특별시 성북구 정릉동 403-9번지
11290,13300,0,0403,0018,,,일반건축물,제1종근린생활시설,"근린생활시설, 주택, 금융업소",307,269.98,576.2,19660309,3,0,서울특별시 성북구 정릉동 403-18번지
11290,13300,0,0403,0020,,,일반건축물,단독주택,주택,0,0,144.13,19670226,2,1,서울특별시 성북구 정릉동 403-20번지
11290,13300,0,0403,0021,,,일반건축물,단독주택,주택,0,0,130.89,19670226,2,1,서울특별시 성북구 정릉동 403-21번지
11290,13300,0,0403,0022,정릉아트빌라,,표제부,공동주택,연립주택,0,236.68,807.73,20020430,5,0,서울특별시 성북구 정릉동 403-22번지
11290,13300,0,0403,0023,제이원 하우스,,일반건축물,단독주택,단독주택(다중주택),156.3,91.36,298.72,20170215,3,1,서울특별시 성북구 정릉동 403-23번지
11290,13300,0,0403,0024,진솔아트빌,,표제부,공동주택,공동주택(다세대주택),357.4,210.14,659.82,20090209,5,0,서울특별시 성북구 정릉동 403-24번지
11290,13300,0,0404,0001,,,일반건축물,단독주택,주택,0,0,16.53,19491020,1,0,서울특별시 성북구 정릉동 404-1번지
11290,13300,0,0404,0003,,,일반건축물,제1종근린생활시설,제1종근린생활시설(소매점),809,462.67,913.12,20121113,2,0,서울특별시 성북구 정릉동 404-3번지
11290,13300,0,0404,0004,GS정릉주유소,,일반건축물,위험물저장및처리시설,"위험물저장및처리시설,근린생활시설",1328,509.8,562.65,20051228,2,0,서울특별시 성북구 정릉동 404-4번지
11290,13300,0,0404,0012,,,표제부,제2종근린생활시설,영업용,0,607.64,974.25,19600804,2,0,서울특별시 성북구 정릉동 404-12번지
11290,13300,0,0404,0013,,,표제부,제2종근린생활시설,영업용,0,607.64,974.25,19600804,2,0,서울특별시 성북구 정릉동 404-13번지
11290,13300,0,0404,0014,야원빌딩,,일반건축물,제1종근린생활시설,근린생활시설,433,256.74,1184.48,20040723,4,1,서울특별시 성북구 정릉동 404-14번지
11290,13300,0,0404,0041,,,일반건축물,제2종근린생활시설,제2종근린생활시설,758,361.56,1182.46,19941119,2,1,서울특별시 성북구 정릉동 404-41번지
11290,13300,0,0405,0001,,,일반건축물,제1종근린생활시설,"근린생활시설, 점포",0,0,324,19711215,2,1,서울특별시 성북구 정릉동 405-1번지
11290,13300,0,0405,0002,,,일반건축물,제1종근린생활시설,제1종근린생활시설,0,0,65.55,19700620,1,0,서울특별시 성북구 정릉동 405-2번지
11290,13300,0,0405,0002,,,일반건축물,제1종근린생활시설,제1종근린생활시설,0,0,693.19,19710807,3,0,서울특별시 성북구 정릉동 405-2번지
11290,13300,0,0405,0003,,,일반건축물,제1종근린생활시설,"제1종근린생활시설, 사무소, 주택",317,189.6,1044.48,19961218,5,1,서울특별시 성북구 정릉동 405-3번지
11290,13300,0,0405,0004,,,일반건축물,제2종근린생활시설,제2종근린생활시설,683.54,202.95,226.35,20160504,2,0,서울특별시 성북구 정릉동 405-4번지
11290,13300,0,0405,0006,상덕리츠빌,,일반건축물,단독주택,단독주택(다가구주택),344,204.2,542.55,20221025,4,0,서울특별시 성북구 정릉동 405-6번지
11290,13300,0,0405,0007,,,일반건축물,제2종근린생활시설,"제2종근린생활시설, 단독주택",356,183.06,618.3,20020605,4,0,서울특별시 성북구 정릉동 405-7번지
11290,13300,0,0405,0008,,,일반건축물,제2종근린생활시설,제2종근린생활시설,311,166.17,610.13,20020102,5,0,서울특별시 성북구 정릉동 405-8번지
11290,13300,0,0405,0009,장한하우스,,일반건축물,단독주택,단독주택,310.2,179.08,524.34,20191218,4,0,서울특별시 성북구 정릉동 405-9번지
11290,13300,0,0405,0010,,,일반건축물,단독주택,다가구용단독주택<7가구>,213.9,117.26,415.77,19970827,3,1,서울특별시 성북구 정릉동 405-10번지
11290,13300,0,0406,0000,정릉푸르지오아파트,,표제부,공동주택,공동주택,0,253.11,4169.13,20051128,20,0,서울특별시 성북구 정릉동 406번지
11290,13300,0,0406,0000,,,일반건축물,창고시설,창고,0,0,152.07,19530326,1,0,서울특별시 성북구 정릉동 406번지
11290,13300,0,0406,0000,정릉푸르지오아파트,,표제부,공동주택,공동주택,0,559.03,8491.71,20051128,18,0,서울특별시 성북구 정릉동 406번지
11290,13300,0,0406,0000,정릉푸르지오아파트,,표제부,공동주택,경비실,0,12.48,12.48,20051128,1,0,서울특별시 성북구 정릉동 406번지
11290,13300,0,0406,0000,정릉푸르지오아파트,,표제부,공동주택,공동주택,0,509.04,8336.03,20051128,20,0,서울특별시 성북구 정릉동 406번지
11290,13300,0,0406,0000,정릉푸르지오아파트,,표제부,공동주택,경비실,0,12.96,11.52,20051128,1,0,서울특별시 성북구 정릉동 406번지
11290,13300,0,0406,0000,정릉푸르지오아파트,,표제부,공동주택,공동주택,0,389.16,5530.06,20051128,19,0,서울특별시 성북구 정릉동 406번지
11290,13300,0,0406,0000,,,일반건축물,단독주택,주택,0,0,59.5,19581101,1,0,서울특별시 성북구 정릉동 406번지
11290,13300,0,0406,0000,정릉푸르지오아파트,,표제부,공동주택,"지하주차장,기계실,전기실,발전기실",0,12.48,16596.97,20051128,1,2,서울특별시 성북구 정릉동 406번지
11290,13300,0,0406,0000,정릉푸르지오아파트,,표제부,공동주택,공동주택,0,374.88,3813.87,20051128,15,0,서울특별시 성북구 정릉동 406번지
11290,13300,0,0406,0000,정릉푸르지오아파트,,표제부,공동주택,가스정압기실,0,3.08,15.68,20051128,1,1,서울특별시 성북구 정릉동 406번지
11290,13300,0,0406,0000,정릉푸르지오아파트,,표제부,공동주택,공동주택,0,189.54,1839.32,20051128,12,0,서울특별시 성북구 정릉동 406번지
11290,13300,0,0406,0000,,,일반건축물,단독주택,주택,0,0,26.45,19590901,1,0,서울특별시 성북구 정릉동 406번지
11290,13300,0,0406,0000,정릉푸르지오아파트,,표제부,공동주택,"관리실,경로당,주민공동시설",0,164.94,327.78,20051128,2,0,서울특별시 성북구 정릉동 406번지
11290,13300,0,0406,0000,정릉푸르지오아파트,,표제부,공동주택,공동주택,0,492.22,7898.51,20051128,19,0,서울특별시 성북구 정릉동 406번지
11290,13300,0,0406,0001,정릉푸르지오아파트,,표제부,제1종근린생활시설,제1종근린생활시설,0,269.77,792.39,20051128,3,0,서울특별시 성북구 정릉동 406-1번지
11290,13300,0,0407,0003,세계하나로마트,,일반건축물,제1종근린생활시설,"(소매점), 제2종근린생활시설(사무소)",985,589.68,884.52,20090812,2,0,서울특별시 성북구 정릉동 407-3번지
11290,13300,0,0407,0010,,,일반건축물,단독주택,"단독주택(다가구주택), 근린생활시설",122,72.3,241.53,20071227,4,0,서울특별시 성북구 정릉동 407-10번지
11290,13300,0,0407,0011,태영빌딩,,일반건축물,제2종근린생활시설,근린생활시설,278,138.25,683.1,20060519,6,0,서울특별시 성북구 정릉동 407-11번지
11290,13300,0,0408,0003,,,일반건축물,제1종근린생활시설,제1종근린생활시설,1375,822.69,4707.86,20100210,4,2,서울특별시 성북구 정릉동 408-3번지
11290,13300,0,0408,0004,와이빌,,표제부,공동주택,공동주택(단지형다세대주택),322,190.63,607.67,20131108,5,0,서울특별시 성북구 정릉동 408-4번지
11290,13300,0,0408,0007,,,일반건축물,단독주택,주택,0,0,121.42,19771219,1,1,서울특별시 성북구 정릉동 408-7번지
11290,13300,0,0408,0011,1,,일반건축물,숙박시설,"숙박시설,근린생활시설",359,159.82,809.73,19831124,4,1,서울특별시 성북구 정릉동 408-11번지
11290,13300,0,0408,0013,정릉신용협동조합 신사옥,,일반건축물,제2종근린생활시설,제2종근린생활시설,469.22,281.3,1138.11,20260527,4,1,서울특별시 성북구 정릉동 408-13번지
11290,13300,0,0408,0021,,,일반건축물,단독주택,주택,0,0,127.44,19770611,1,1,서울특별시 성북구 정릉동 408-21번지
11290,13300,0,0408,0024,,,일반건축물,제1종근린생활시설,소매점,0,0,290.67,19800711,2,1,서울특별시 성북구 정릉동 408-24번지
11290,13300,0,0408,0026,,,일반건축물,단독주택,다가구주택,218,129.78,378.19,20021104,4,0,서울특별시 성북구 정릉동 408-26번지
11290,13300,0,0408,0027,한은타운,,표제부,공동주택,공동주택(다세대주택),304,182.25,603.32,20130117,5,0,서울특별시 성북구 정릉동 408-27번지
11290,13300,0,0409,0001,,,일반건축물,단독주택,다가구주택(11가구),307,184.13,649.17,19980424,3,1,서울특별시 성북구 정릉동 409-1번지
11290,13300,0,0409,0004,,,일반건축물,문화및집회시설,종교시설,2630,849.34,4683.73,19941230,4,2,서울특별시 성북구 정릉동 409-4번지
11290,13300,0,0409,0004,,,일반건축물,문화및집회시설,주택(사택),2630,127.78,262.8,19941230,3,0,서울특별시 성북구 정릉동 409-4번지
11290,13300,0,0409,0004,정릉감리교회,,일반건축물,종교시설,종교시설,2630,251.45,516.44,20091103,2,1,서울특별시 성북구 정릉동 409-4번지
11290,13300,0,0409,0005,,,일반건축물,단독주택,주택,0,0,155.3,19710825,2,1,서울특별시 성북구 정릉동 409-5번지
11290,13300,0,0409,0007,,,일반건축물,단독주택,주택,0,0,81.65,19600819,1,0,서울특별시 성북구 정릉동 409-7번지
11290,13300,0,0409,0008,,,일반건축물,단독주택,주택,0,0,71.24,19610305,1,0,서울특별시 성북구 정릉동 409-8번지
11290,13300,0,0409,0010,,,일반건축물,단독주택,근생/단독주택,99.97,58.56,148.86,20050627,3,0,서울특별시 성북구 정릉동 409-10번지
11290,13300,0,0409,0012,,,일반건축물,단독주택,주택,0,0,70.41,19600810,1,0,서울특별시 성북구 정릉동 409-12번지
11290,13300,0,0409,0013,현대홈타운,,표제부,공동주택,공동주택(다세대주택),191.64,114.81,383.16,20170504,5,0,서울특별시 성북구 정릉동 409-13번지
11290,13300,0,0409,0015,드림빌,,일반건축물,단독주택,"단독주택(다중주택), 제1종근린생활시설(소매점)",104.18,59.47,208.13,20170501,4,0,서울특별시 성북구 정릉동 409-15번지
11290,13300,0,0409,0016,,,일반건축물,단독주택,주택,0,0,62.81,19611001,1,0,서울특별시 성북구 정릉동 409-16번지
11290,13300,0,0409,0017,,,일반건축물,단독주택,"주택, 근린생활시설",0,0,77.69,19601005,1,0,서울특별시 성북구 정릉동 409-17번지
11290,13300,0,0409,0019,,,일반건축물,단독주택,"단독주택,근린생활시설",82.69,49.38,180.44,20040923,4,0,서울특별시 성북구 정릉동 409-19번지
11290,13300,0,0409,0020,,,일반건축물,단독주택,단독주택,87,51.84,151.2,20051202,3,0,서울특별시 성북구 정릉동 409-20번지
11290,13300,0,0409,0021,,,일반건축물,제1종근린생활시설,"주택,근린생활시설",106.48,62.98,95.32,20040723,2,0,서울특별시 성북구 정릉동 409-21번지
11290,13300,0,0409,0032,,,일반건축물,단독주택,제2종근린생활시설(사무소)및 다가구주택(7가구),180,106.7,358.13,20161117,5,0,서울특별시 성북구 정릉동 409-32번지
11290,13300,0,0409,0033,소지하우스,,일반건축물,단독주택,다중주택(17실),177.19,106.22,325.68,20120913,3,1,서울특별시 성북구 정릉동 409-33번지
11290,13300,0,0409,0034,,,일반건축물,단독주택,다가구용단독주택(4가구),0,97.24,283,19920813,2,1,서울특별시 성북구 정릉동 409-34번지
11290,13300,0,0409,0036,1,,일반건축물,제2종근린생활시설,제2종근린생활시설,159.75,91.63,317.55,20041108,4,0,서울특별시 성북구 정릉동 409-36번지
11290,13300,0,0409,0038,A동,,일반건축물,단독주택,"단독주택, 근린생활시설",182,105.59,169.55,19660201,2,0,서울특별시 성북구 정릉동 409-38번지
11290,13300,0,0409,0039,,,일반건축물,단독주택,주택,0,0,126.45,19660502,2,0,서울특별시 성북구 정릉동 409-39번지
11290,13300,0,0409,0040,J40940,,일반건축물,단독주택,단독주택(다가구주택),171.68,101.86,428.81,20220107,4,1,서울특별시 성북구 정릉동 409-40번지
11290,13300,0,0409,0041,,,일반건축물,단독주택,주택,0,0,141.76,19660730,2,1,서울특별시 성북구 정릉동 409-41번지
11290,13300,0,0409,0044,,,일반건축물,단독주택,주택,0,0,62.88,19660208,1,0,서울특별시 성북구 정릉동 409-44번지
11290,13300,0,0409,0045,,,일반건축물,단독주택,주택,0,0,66.19,19660208,1,0,서울특별시 성북구 정릉동 409-45번지
11290,13300,0,0409,0047,,,일반건축물,단독주택,주택,0,0,192.83,19661003,2,1,서울특별시 성북구 정릉동 409-47번지
11290,13300,0,0409,0048,,,일반건축물,단독주택,주택,0,0,134.68,19651221,2,0,서울특별시 성북구 정릉동 409-48번지
11290,13300,0,0409,0049,중앙아트빌,,표제부,공동주택,다세대주택,184.45,110.3,367.93,20140721,5,0,서울특별시 성북구 정릉동 409-49번지
11290,13300,0,0409,0051,,,일반건축물,제2종근린생활시설,제2종근린생활시설,159.27,95.04,318.44,20190107,4,0,서울특별시 성북구 정릉동 409-51번지
11290,13300,0,0409,0054,,,일반건축물,단독주택,주택,0,0,111.97,19661120,2,0,서울특별시 성북구 정릉동 409-54번지
11290,13300,0,0409,0058,,,일반건축물,단독주택,주택,0,0,124,19661128,2,0,서울특별시 성북구 정릉동 409-58번지
11290,13300,0,0409,0059,,,일반건축물,단독주택,주택,0,0,136.42,19701125,2,1,서울특별시 성북구 정릉동 409-59번지
11290,13300,0,0409,0060,,,일반건축물,단독주택,단독주택,155,82.98,82.98,19951206,1,0,서울특별시 성북구 정릉동 409-60번지
11290,13300,0,0409,0062,,,일반건축물,단독주택,주택,0,0,64.76,19671225,1,0,서울특별시 성북구 정릉동 409-62번지
11290,13300,0,0409,0068,,,일반건축물,단독주택,주택,0,0,139.01,19740627,2,1,서울특별시 성북구 정릉동 409-68번지
11290,13300,0,0409,0073,,,일반건축물,단독주택,주택,0,0,64.76,19671225,1,0,서울특별시 성북구 정릉동 409-73번지
11290,13300,0,0409,0075,,,일반건축물,단독주택,다가구용단독주택(3가구),0,0,145.55,19910418,2,1,서울특별시 성북구 정릉동 409-75번지
11290,13300,0,0409,0076,,,일반건축물,단독주택,주택,0,0,90.12,19741220,1,1,서울특별시 성북구 정릉동 409-76번지
11290,13300,0,0409,0077,정릉동 다세대주택,,표제부,공동주택,공동주택(다세대주택),237,138.23,472.61,20070110,5,0,서울특별시 성북구 정릉동 409-77번지
11290,13300,0,0409,0089,,,일반건축물,단독주택,주택,0,0,139.63,19710825,2,1,서울특별시 성북구 정릉동 409-89번지
11290,13300,0,0409,0090,,,일반건축물,단독주택,주택,0,0,139.63,19710825,2,1,서울특별시 성북구 정릉동 409-90번지
11290,13300,0,0409,0093,,,일반건축물,단독주택,주택,0,0,78.28,19740624,1,1,서울특별시 성북구 정릉동 409-93번지
11290,13300,0,0409,0094,성북구 정릉동 원불교 정릉교당,,일반건축물,종교시설,종교시설(종교집회장),460.5,275.76,1019.97,20080125,3,1,서울특별시 성북구 정릉동 409-94번지
11290,13300,0,0409,0095,,,일반건축물,제2종근린생활시설,근린생활시설,332.02,198.24,735.61,20051031,3,1,서울특별시 성북구 정릉동 409-95번지
11290,13300,0,0409,0098,삼성센스빌,,표제부,공동주택,다세대주택,251,150.41,498.24,20151130,5,0,서울특별시 성북구 정릉동 409-98번지
11290,13300,0,0409,0107,현대빌라,,표제부,공동주택,공동주택(다세대주택),0,0,249.9,19891222,2,1,서울특별시 성북구 정릉동 409-107번지
11290,13300,0,0410,0004,,,표제부,종교시설,"종교시설(공동주택, 제1종근린생활시설)",1492,647.49,4153.24,20200731,5,2,서울특별시 성북구 정릉동 410-4번지
11290,13300,0,0410,0005,,,표제부,공동주택,다세대주택(8세대),357,169.85,883.65,20020627,4,1,서울특별시 성북구 정릉동 410-5번지
11290,13300,0,0410,0006,,,표제부,공동주택,다세대주택,0,79.8,239.4,19890809,2,1,서울특별시 성북구 정릉동 410-6번지
11290,13300,0,0410,0007,,,표제부,공동주택,공동주택(다세대주택),344,206.35,858.28,20210419,4,1,서울특별시 성북구 정릉동 410-7번지
11290,13300,0,0410,0008,정릉 아띠끄빌,,표제부,공동주택,공동주택(단지형다세대주택),612,198.27,658.44,20190411,5,0,서울특별시 성북구 정릉동 410-8번지
11290,13300,0,0410,0008,정릉 아띠끄빌,,표제부,공동주택,공동주택(단지형다세대주택),612,153.04,564.12,20190411,5,0,서울특별시 성북구 정릉동 410-8번지
11290,13300,0,0410,0010,,,표제부,공동주택,다세대 주택,294,172.12,716.42,20081028,4,1,서울특별시 성북구 정릉동 410-10번지
11290,13300,0,0410,0012,,,표제부,공동주택,연립주택(10세대),377,176.79,764.39,19961226,4,1,서울특별시 성북구 정릉동 410-12번지
11290,13300,0,0410,0014,,,일반건축물,단독주택,다가구용주택(11가구),0,0,645.14,19911230,3,1,서울특별시 성북구 정릉동 410-14번지
11290,13300,0,0410,0015,,,표제부,공동주택,다세대주택(4세대),0,110.65,329.97,19900725,2,1,서울특별시 성북구 정릉동 410-15번지
11290,13300,0,0410,0016,굿모닝빌,,표제부,공동주택,다세대주택,340,197.79,872.93,20020427,4,1,서울특별시 성북구 정릉동 410-16번지
11290,13300,0,0410,0017,,,일반건축물,단독주택,주택,0,0,120.89,,1,0,서울특별시 성북구 정릉동 410-17번지
11290,13300,0,0410,0018,뉴타운빌라,,표제부,공동주택,연립주택,429,178.08,951.36,20030731,4,1,서울특별시 성북구 정릉동 410-18번지
11290,13300,0,0410,0020,,,일반건축물,단독주택,주택,0,0,145.19,19650507,2,0,서울특별시 성북구 정릉동 410-20번지
11290,13300,0,0410,0021,,,표제부,공동주택,다세대주택7세대,245,144.57,668.38,20020628,4,1,서울특별시 성북구 정릉동 410-21번지
11290,13300,0,0410,0023,반석영우빌,,표제부,공동주택,공동주택(다세대주택),338,196.39,874.89,20190625,4,1,서울특별시 성북구 정릉동 410-23번지
11290,13300,0,0410,0024,형지센트럴,,표제부,공동주택,다세대주택,279,153.5,744.67,20200128,4,1,서울특별시 성북구 정릉동 410-24번지
11290,13300,0,0410,0026,,,일반건축물,단독주택,주택,0,0,283.15,19900215,2,1,서울특별시 성북구 정릉동 410-26번지
11290,13300,0,0410,0028,,,표제부,공동주택,다세대주택,281,142.11,561.9,20090327,5,0,서울특별시 성북구 정릉동 410-28번지
11290,13300,0,0410,0029,,,일반건축물,단독주택,단독주택,427.5,109.31,159.27,20000601,2,0,서울특별시 성북구 정릉동 410-29번지
11290,13300,0,0410,0031,,,일반건축물,단독주택,주택,0,0,196.92,19890923,2,1,서울특별시 성북구 정릉동 410-31번지
11290,13300,0,0410,0032,우진빌라,,표제부,공동주택,다세대주택,265,155.88,720.92,20011121,4,1,서울특별시 성북구 정릉동 410-32번지
11290,13300,0,0410,0033,,,일반건축물,단독주택,다가구용단독주택(5가구),0,0,306.84,19910308,2,1,서울특별시 성북구 정릉동 410-33번지
11290,13300,0,0410,0034,대희파인빌,,표제부,공동주택,공동주택(다세대주택),357,213.22,659.38,20120216,5,0,서울특별시 성북구 정릉동 410-34번지
11290,13300,0,0410,0035,,,표제부,공동주택,다세대주택(9세대),264,152.02,705.14,20000627,4,1,서울특별시 성북구 정릉동 410-35번지
11290,13300,0,0410,0036,,,표제부,공동주택,다세대주택(4),131,64.26,193.77,19891222,2,1,서울특별시 성북구 정릉동 410-36번지
11290,13300,0,0410,0037,,,표제부,공동주택,다세대주택(9세대),264,157.3,621.9,19970320,4,1,서울특별시 성북구 정릉동 410-37번지
11290,13300,0,0410,0040,,,일반건축물,단독주택,주택,0,0,262.59,19840710,2,1,서울특별시 성북구 정릉동 410-40번지
11290,13300,0,0410,0046,,,표제부,공동주택,다세대주택,0,102.98,304.38,19870114,2,1,서울특별시 성북구 정릉동 410-46번지
11290,13300,0,0410,0054,,,일반건축물,단독주택,다가구용단독주택(4가구),98.1,55,149.52,19940409,2,1,서울특별시 성북구 정릉동 410-54번지
11290,13300,0,0410,0056,,,일반건축물,단독주택,주택,0,0,53.42,19650521,1,1,서울특별시 성북구 정릉동 410-56번지
11290,13300,0,0410,0057,,,일반건축물,단독주택,주택,0,0,55.17,19650521,1,1,서울특별시 성북구 정릉동 410-57번지
11290,13300,0,0410,0058,,,일반건축물,단독주택,주택,0,0,58.85,19650521,1,1,서울특별시 성북구 정릉동 410-58번지
11290,13300,0,0410,0059,,,일반건축물,단독주택,주택,0,0,44.56,19650521,1,0,서울특별시 성북구 정릉동 410-59번지
11290,13300,0,0410,0060,,,일반건축물,단독주택,주택,0,0,47.47,19650521,1,1,서울특별시 성북구 정릉동 410-60번지
11290,13300,0,0410,0073,정릉포레스트,,표제부,공동주택,공동주택(다세대주택),366,204.72,599.78,20181212,5,0,서울특별시 성북구 정릉동 410-73번지
11290,13300,0,0410,0075,,,표제부,공동주택,다세대주택,0,52.14,153.42,19870115,2,1,서울특별시 성북구 정릉동 410-75번지
11290,13300,0,0410,0077,,,일반건축물,단독주택,주택,0,0,182.88,19890923,2,1,서울특별시 성북구 정릉동 410-77번지
11290,13300,0,0410,0078,,,표제부,공동주택,다세대주택(4),142,69.72,210.27,19891222,2,1,서울특별시 성북구 정릉동 410-78번지
11290,13300,0,0410,0079,,,표제부,공동주택,다세대주택(4세대),136,67.53,202.59,19891222,2,1,서울특별시 성북구 정릉동 410-79번지
11290,13300,0,0410,0080,,,표제부,공동주택,다세대주택(4),131,63.3,191.88,19891222,2,1,서울특별시 성북구 정릉동 410-80번지
11290,13300,0,0410,0087,,,표제부,공동주택,다세대 주택,314,176.98,734.88,20081002,4,1,서울특별시 성북구 정릉동 410-87번지
11290,13300,0,0411,0000,,,일반건축물,단독주택,주택,0,0,29.75,19401005,1,0,서울특별시 성북구 정릉동 411번지
11290,13300,0,0411,0001,,,일반건축물,제1종근린생활시설,근린생활시설,0,0,132.23,19750903,2,0,서울특별시 성북구 정릉동 411-1번지
11290,13300,0,0411,0003,시온아트빌,,표제부,공동주택,도시형생활주택(단지형연립주택),1095,640.45,2188.93,20220121,5,0,서울특별시 성북구 정릉동 411-3번지
11290,13300,0,0411,0007,,,일반건축물,단독주택,단독주택,0,0,60.98,19581111,1,0,서울특별시 성북구 정릉동 411-7번지
11290,13300,0,0411,0008,,,일반건축물,단독주택,주택,0,0,52.89,19580730,1,0,서울특별시 성북구 정릉동 411-8번지
11290,13300,0,0411,0014,정릉동 단독주택,,일반건축물,단독주택,단독주택,106.15,57.48,95.28,20050124,2,0,서울특별시 성북구 정릉동 411-14번지
11290,13300,0,0411,0015,,,일반건축물,단독주택,주택,0,0,47.27,19600709,1,0,서울특별시 성북구 정릉동 411-15번지
11290,13300,0,0411,0032,,,일반건축물,단독주택,주택,0,0,146.78,19750408,2,0,서울특별시 성북구 정릉동 411-32번지
11290,13300,0,0411,0033,,,일반건축물,제2종근린생활시설,근린생활시설,283,147.78,731.52,20050914,4,1,서울특별시 성북구 정릉동 411-33번지
11290,13300,0,0411,0034,샬롬빌딩,,일반건축물,단독주택,근생시설 및 다가구주택,126,75,251.67,20130813,4,0,서울특별시 성북구 정릉동 411-34번지
11290,13300,0,0411,0035,,,일반건축물,단독주택,주택,0,0,132.66,19750414,2,1,서울특별시 성북구 정릉동 411-35번지
11290,13300,0,0411,0036,,,일반건축물,단독주택,주택,0,0,160.79,19751107,2,1,서울특별시 성북구 정릉동 411-36번지
11290,13300,0,0411,0038,,,일반건축물,단독주택,"제1종근린생활시설, 사무소, 주택",91,54.59,162.45,20041216,3,0,서울특별시 성북구 정릉동 411-38번지
11290,13300,0,0412,0000,,,표제부,공동주택,다세대 주택,317,158.99,640.2,19960201,4,1,서울특별시 성북구 정릉동 412번지
11290,13300,0,0412,0018,,,일반건축물,단독주택,주택,0,0,66.12,19600418,1,0,서울특별시 성북구 정릉동 412-18번지
11290,13300,0,0412,0018,,,일반건축물,단독주택,단독주택,0,0,259.32,19900723,2,1,서울특별시 성북구 정릉동 412-18번지
11290,13300,0,0412,0019,우진빌라,,표제부,공동주택,"공동주택,다세대주택",258,151.84,732.14,20031218,4,1,서울특별시 성북구 정릉동 412-19번지
11290,13300,0,0412,0020,우진빌라,,표제부,공동주택,다세대주택,278,164.6,747.55,20020215,4,1,서울특별시 성북구 정릉동 412-20번지
11290,13300,0,0412,0021,,,일반건축물,단독주택,단독주택,0,0,230.05,19900723,2,1,서울특별시 성북구 정릉동 412-21번지
11290,13300,0,0412,0024,선우 쉐르빌,,표제부,공동주택,다세대주택,313,176.6,797.27,20021115,4,1,서울특별시 성북구 정릉동 412-24번지
11290,13300,0,0412,0027,,,표제부,공동주택,다세대 주택(7세대),248,140.28,532.41,19961212,3,1,서울특별시 성북구 정릉동 412-27번지
11290,13300,0,0412,0028,,,표제부,공동주택,다세대주택,327,196.11,852.72,20011101,4,1,서울특별시 성북구 정릉동 412-28번지
11290,13300,0,0412,0029,,,표제부,공동주택,다세대주택,254,145.64,644.54,20020129,4,1,서울특별시 성북구 정릉동 412-29번지
11290,13300,0,0412,0030,부강빌라,,표제부,공동주택,다세대주택,314,162.91,658.91,19910513,3,2,서울특별시 성북구 정릉동 412-30번지
11290,13300,0,0412,0031,정릉하우드 A동,,표제부,공동주택,"다세대주택, 근린생활시설",256,146.06,671.71,20080423,4,1,서울특별시 성북구 정릉동 412-31번지
11290,13300,0,0412,0033,헤밍웨이 하우스,,표제부,공동주택,공동주택(다세대주택),245,146.62,629.97,20190129,4,1,서울특별시 성북구 정릉동 412-33번지
11290,13300,0,0412,0042,,,표제부,공동주택,연립주택(11세대),441.82,201.18,897.62,19970731,4,1,서울특별시 성북구 정릉동 412-42번지
11290,13300,0,0412,0044,,,일반건축물,단독주택,주택,0,0,221.59,19831025,2,1,서울특별시 성북구 정릉동 412-44번지
11290,13300,0,0412,0045,,,일반건축물,단독주택,다가구용단독주택(10가구),0,0,471.06,19920122,2,1,서울특별시 성북구 정릉동 412-45번지
11290,13300,0,0412,0047,,,표제부,공동주택,연립주택(19세대),0,199.89,988.8,19911218,4,1,서울특별시 성북구 정릉동 412-47번지
11290,13300,0,0412,0048,,,일반건축물,단독주택,"주택, 대피소",0,0,149.07,19880705,2,1,서울특별시 성북구 정릉동 412-48번지
11290,13300,0,0412,0051,유로스빌,,표제부,공동주택,공동주택(다세대주택),221,132.52,546.32,20070918,4,1,서울특별시 성북구 정릉동 412-51번지
11290,13300,0,0412,0052,,,표제부,공동주택,다세대주택,177,108.91,512.02,20020930,4,1,서울특별시 성북구 정릉동 412-52번지
11290,13300,0,0412,0053,태양빌라,,표제부,공동주택,다세대주택,271,161.22,757.03,20021130,4,1,서울특별시 성북구 정릉동 412-53번지
11290,13300,0,0412,0055,선우 쉐르빌,,표제부,공동주택,"공동주택,다세대주택",321,190.5,853.07,20030224,4,1,서울특별시 성북구 정릉동 412-55번지
11290,13300,0,0412,0057,,,표제부,공동주택,다세대주택(8대),311,185.37,830.94,20021002,4,1,서울특별시 성북구 정릉동 412-57번지
11290,13300,0,0412,0059,현대그린빌2차,,표제부,공동주택,"다세대주택(9세대), 근린생활시설(2호)",278.3,166.16,622.84,20080423,5,1,서울특별시 성북구 정릉동 412-59번지
11290,13300,0,0412,0060,,,일반건축물,단독주택,주택,0,0,76.03,19591208,1,0,서울특별시 성북구 정릉동 412-60번지
11290,13300,0,0412,0062,,,일반건축물,단독주택,주택,0,0,85.95,19591208,1,0,서울특별시 성북구 정릉동 412-62번지
11290,13300,0,0412,0063,,,일반건축물,단독주택,주택,0,0,135.92,19591208,2,0,서울특별시 성북구 정릉동 412-63번지
11290,13300,0,0412,0064,,,일반건축물,단독주택,주택,0,0,266.4,19840221,2,1,서울특별시 성북구 정릉동 412-64번지
11290,13300,0,0412,0066,,,표제부,공동주택,다세대주택,177,105.96,488.24,20021030,4,1,서울특별시 성북구 정릉동 412-66번지
11290,13300,0,0412,0068,정릉하우드 B동,,표제부,공동주택,"다세대주택, 근린생활시설",299,149.52,702.17,20080423,4,1,서울특별시 성북구 정릉동 412-68번지
11290,13300,0,0413,0004,,,일반건축물,단독주택,다가구용단독주택(3가구),83.73,54.84,96.8,19980502,2,0,서울특별시 성북구 정릉동 413-4번지
11290,13300,0,0413,0005,,,일반건축물,제2종근린생활시설,근린생활시설,78.61,44.82,224.1,19920917,4,1,서울특별시 성북구 정릉동 413-5번지
11290,13300,0,0413,0006,,,일반건축물,제2종근린생활시설,제1.2종근린생활시설,189,112.82,573.9,20040127,5,1,서울특별시 성북구 정릉동 413-6번지
11290,13300,0,0413,0007,,,일반건축물,단독주택,주택,0,0,55.27,19600906,1,0,서울특별시 성북구 정릉동 413-7번지
11290,13300,0,0413,0008,,,일반건축물,단독주택,다가구용단독주택(6가구),163,81.59,261.1,19900929,3,1,서울특별시 성북구 정릉동 413-8번지
11290,13300,0,0413,0010,,,일반건축물,제2종근린생활시설,제2종근린생활시설,215,128.03,429.76,20090122,4,0,서울특별시 성북구 정릉동 413-10번지
11290,13300,0,0413,0012,,,일반건축물,제2종근린생활시설,근린생활시설,81,46.99,93.77,19590610,2,0,서울특별시 성북구 정릉동 413-12번지
11290,13300,0,0413,0013,,,일반건축물,단독주택,주택,0,0,60.17,19620825,1,0,서울특별시 성북구 정릉동 413-13번지
11290,13300,0,0413,0014,,,일반건축물,제2종근린생활시설,"근린생활시설,다가구주택(4가구)",223,133.62,493.92,20050706,4,0,서울특별시 성북구 정릉동 413-14번지
11290,13300,0,0413,0016,,,일반건축물,제2종근린생활시설,제2종근린생활시설,246,143.29,845.12,20050720,7,0,서울특별시 성북구 정릉동 413-16번지
11290,13300,0,0413,0032,형제빌딩,,일반건축물,제2종근린생활시설,교육연구및복지시설(학원),184.1,103.33,367.38,20041213,4,0,서울특별시 성북구 정릉동 413-32번지
11290,13300,0,0413,0033,정릉동빌딩,,일반건축물,단독주택,다가구용단독주택,251,143.74,490.48,20041022,5,0,서울특별시 성북구 정릉동 413-33번지
11290,13300,0,0414,0003,,,일반건축물,제1종근린생활시설,제1종근린생활시설(우체국),547.97,219.42,274.17,19950120,2,1,서울특별시 성북구 정릉동 414-3번지
11290,13300,0,0414,0005,,,일반건축물,단독주택,주택,0,0,212.37,19790521,2,1,서울특별시 성북구 정릉동 414-5번지
11290,13300,0,0414,0006,.,,일반건축물,제2종근린생활시설,제2종근린생활시설,335.6,190.22,768.91,20040917,5,0,서울특별시 성북구 정릉동 414-6번지
11290,13300,0,0414,0007,삼성홈타운,,표제부,공동주택,"공동주택(다세대주택),근린생활시설,오피스텔",183.75,103.57,488.64,20221024,7,1,서울특별시 성북구 정릉동 414-7번지
11290,13300,0,0414,0010,,,일반건축물,제2종근린생활시설,"근린생활시설,노유자시설",582,284.9,2887.48,20060921,8,2,서울특별시 성북구 정릉동 414-10번지
11290,13300,0,0414,0015,,,일반건축물,단독주택,주택,43,0,27.72,19850630,1,0,서울특별시 성북구 정릉동 414-15번지
11290,13300,0,0414,0016,,,일반건축물,단독주택,주택,0,0,111.09,19880909,2,1,서울특별시 성북구 정릉동 414-16번지
11290,13300,0,0415,0007,,,일반건축물,제1종근린생활시설,제1종근린생활시설(점포),0,0,32.23,19610402,1,0,서울특별시 성북구 정릉동 415-7번지
11290,13300,0,0416,0000,,,일반건축물,단독주택,주택,0,0,34.05,19431010,1,0,서울특별시 성북구 정릉동 416번지
11290,13300,0,0416,0000,,,일반건축물,단독주택,주택,0,0,39.67,,1,0,서울특별시 성북구 정릉동 416번지
11290,13300,0,0416,0000,,,일반건축물,단독주택,주택,0,0,39.66,19591103,1,0,서울특별시 성북구 정릉동 416번지
11290,13300,0,0416,0000,,,일반건축물,단독주택,주택,0,0,26.45,19490805,1,0,서울특별시 성북구 정릉동 416번지
11290,13300,0,0416,0000,,,일반건축물,단독주택,주택,0,0,26.45,19440510,1,0,서울특별시 성북구 정릉동 416번지
11290,13300,0,0416,0001,,,표제부,제1종근린생활시설,점포,0,32.33,64.66,19710719,2,0,서울특별시 성북구 정릉동 416-1번지
11290,13300,0,0416,0002,,,일반건축물,제1종근린생활시설,"근린생활시설, 창고",120.08,71.88,335.42,19870930,4,1,서울특별시 성북구 정릉동 416-2번지
11290,13300,0,0416,0004,,,일반건축물,제2종근린생활시설,근린생활시설,119,71.21,350.26,19791227,4,1,서울특별시 성북구 정릉동 416-4번지
11290,13300,0,0416,0005,,,일반건축물,단독주택,주택,0,0,35.8,19600720,1,0,서울특별시 성북구 정릉동 416-5번지
11290,13300,0,0416,0006,,,일반건축물,단독주택,주택,0,0,26.45,,1,0,서울특별시 성북구 정릉동 416-6번지
11290,13300,0,0416,0007,,,일반건축물,단독주택,"주택, 점포,근린생활시설",0,0,285.09,19701130,3,1,서울특별시 성북구 정릉동 416-7번지
11290,13300,0,0416,0008,,,일반건축물,제1종근린생활시설,근린생활시설,0,0,693.62,19700830,3,1,서울특별시 성북구 정릉동 416-8번지
11290,13300,0,0416,0010,,,일반건축물,제1종근린생활시설,"영업용, 근린생활시설",0,0,235.57,19471101,2,0,서울특별시 성북구 정릉동 416-10번지
11290,13300,0,0416,0012,,,일반건축물,단독주택,주택,0,0,49.26,19600728,1,0,서울특별시 성북구 정릉동 416-12번지
11290,13300,0,0416,0012,,,일반건축물,단독주택,주택,0,0,29.75,19431010,1,0,서울특별시 성북구 정릉동 416-12번지
11290,13300,0,0416,0013,,,일반건축물,단독주택,단독주택,83,45.34,45.34,,1,0,서울특별시 성북구 정릉동 416-13번지
11290,13300,0,0416,0013,,,일반건축물,단독주택,주택,0,0,33.06,19600510,1,0,서울특별시 성북구 정릉동 416-13번지
11290,13300,0,0416,0014,,,일반건축물,제2종근린생활시설,제2종근린생활시설,0,0,79.47,19711220,1,1,서울특별시 성북구 정릉동 416-14번지
11290,13300,0,0416,0015,예강1,,일반건축물,제2종근린생활시설,제2종근린생활시설(일반음식점),79,39.67,39.67,19431010,1,0,서울특별시 성북구 정릉동 416-15번지
11290,13300,0,0416,0016,,,일반건축물,단독주택,주택,0,0,22.71,19431010,1,0,서울특별시 성북구 정릉동 416-16번지
11290,13300,0,0416,0017,,,일반건축물,제1종근린생활시설,"근린생활시설,주택",0,0,36.07,19620430,1,0,서울특별시 성북구 정릉동 416-17번지
11290,13300,0,0416,0017,,,일반건축물,단독주택,주택,0,0,25.06,19470829,1,0,서울특별시 성북구 정릉동 416-17번지
11290,13300,0,0416,0018,,,일반건축물,단독주택,주택,0,0,58.84,19620708,1,0,서울특별시 성북구 정릉동 416-18번지
11290,13300,0,0416,0019,,,일반건축물,단독주택,주택,0,0,26.45,19570607,1,0,서울특별시 성북구 정릉동 416-19번지
11290,13300,0,0416,0020,,,일반건축물,단독주택,주택,0,0,56.56,19631016,1,0,서울특별시 성북구 정릉동 416-20번지
11290,13300,0,0416,0021,,,일반건축물,단독주택,주택,85.95,0,40.2,,1,0,서울특별시 성북구 정릉동 416-21번지
11290,13300,0,0416,0022,,,일반건축물,단독주택,주택,0,0,33.06,,1,0,서울특별시 성북구 정릉동 416-22번지
11290,13300,0,0416,0024,,,일반건축물,단독주택,주택,0,0,81.68,19760723,1,1,서울특별시 성북구 정릉동 416-24번지
11290,13300,0,0416,0025,,,일반건축물,단독주택,주택,0,0,46.28,,1,0,서울특별시 성북구 정릉동 416-25번지
11290,13300,0,0416,0026,예강2,,일반건축물,제2종근린생활시설,제2종근린사무소(일반음식점),79,42.98,42.98,19431010,1,0,서울특별시 성북구 정릉동 416-26번지
11290,13300,0,0416,0027,예강3,,일반건축물,제2종근린생활시설,제2종근린생활시설(일반음식점),89,49.59,49.59,19431010,1,0,서울특별시 성북구 정릉동 416-27번지
11290,13300,0,0416,0057,,,일반건축물,단독주택,주택,0,0,28.43,19471101,1,0,서울특별시 성북구 정릉동 416-57번지
11290,13300,0,0416,0059,,,일반건축물,제2종근린생활시설,제2종근린생활시설(일반음식점),80,21.13,21.13,19850630,1,0,서울특별시 성북구 정릉동 416-59번지
11290,13300,0,0416,0061,,,일반건축물,제1종근린생활시설,제1종근린생활시설,0,0,29.75,19470610,1,0,서울특별시 성북구 정릉동 416-61번지
11290,13300,0,0416,0067,,,일반건축물,단독주택,주택,0,0,19.83,19431010,1,0,서울특별시 성북구 정릉동 416-67번지
11290,13300,0,0416,0069,,,일반건축물,제1종근린생활시설,근생,0,0,24.1,19610415,1,0,서울특별시 성북구 정릉동 416-69번지
11290,13300,0,0416,0071,,,일반건축물,단독주택,단독주택,0,0,128.26,19900924,2,1,서울특별시 성북구 정릉동 416-71번지
11290,13300,0,0416,0077,,,일반건축물,제2종근린생활시설,근린생활시설,60,0,39.27,19850630,1,0,서울특별시 성북구 정릉동 416-77번지
11290,13300,0,0416,0091,,,일반건축물,단독주택,"주택, 변소",58,0,27.36,19850630,1,0,서울특별시 성북구 정릉동 416-91번지
11290,13300,0,0420,0009,,,일반건축물,제2종근린생활시설,근린생활시설,69,61,61,19420420,1,0,서울특별시 성북구 정릉동 420-9번지
11290,13300,0,0420,0010,,,일반건축물,단독주택,주택,0,0,27.44,19621020,1,0,서울특별시 성북구 정릉동 420-10번지
11290,13300,0,0420,0011,,,일반건축물,제2종근린생활시설,근린생활시설,0,0,26.45,,1,0,서울특별시 성북구 정릉동 420-11번지
11290,13300,0,0422,0000,,,일반건축물,창고시설,창고,0,0,152.07,19380305,1,0,서울특별시 성북구 정릉동 422번지
11290,13300,0,0422,0000,,,일반건축물,단독주택,주택,0,0,33.39,19571122,1,0,서울특별시 성북구 정릉동 422번지
11290,13300,0,0426,0000,,,일반건축물,단독주택,주택,0,0,116.49,19600824,2,0,서울특별시 성북구 정릉동 426번지
11290,13300,0,0426,0003,천중사,,일반건축물,종교시설,문화및집회시설,0,190.77,636.99,19490922,3,1,서울특별시 성북구 정릉동 426-3번지
11290,13300,0,0426,0003,천중사,,일반건축물,종교시설,종교시설(종교집회장),0,49.59,49.59,19490922,1,0,서울특별시 성북구 정릉동 426-3번지
11290,13300,0,0426,0003,천중사,,일반건축물,제2종근린생활시설,문화및집회시설(암자),0,58.58,58.58,19490922,1,0,서울특별시 성북구 정릉동 426-3번지
11290,13300,0,0427,0013,,,일반건축물,단독주택,주택,0,0,51.77,19661026,1,0,서울특별시 성북구 정릉동 427-13번지
11290,13300,0,0427,0014,,,일반건축물,단독주택,주택,0,0,223.49,19751026,2,1,서울특별시 성북구 정릉동 427-14번지
11290,13300,0,0427,0016,,,일반건축물,단독주택,주택,0,0,129.28,19701120,2,1,서울특별시 성북구 정릉동 427-16번지
11290,13300,0,0428,0000,,,일반건축물,위험물저장및처리시설,근린생활시설,1455,512.84,1456.41,19990504,4,1,서울특별시 성북구 정릉동 428번지
11290,13300,0,0428,0004,,,일반건축물,단독주택,주택,0,0,16,19610601,1,0,서울특별시 성북구 정릉동 428-4번지
11290,13300,0,0428,0009,,,일반건축물,단독주택,단독주택,76,37.8,99.16,19890911,2,1,서울특별시 성북구 정릉동 428-9번지
11290,13300,0,0428,0032,,,일반건축물,단독주택,단독주택,0,0,169.54,19920527,2,1,서울특별시 성북구 정릉동 428-32번지
11290,13300,0,0428,0034,,,일반건축물,단독주택,주택,0,0,54.91,19700620,1,0,서울특별시 성북구 정릉동 428-34번지
11290,13300,0,0429,0001,,,일반건축물,단독주택,주택,0,0,34.51,19600320,1,0,서울특별시 성북구 정릉동 429-1번지
11290,13300,0,0429,0002,,,일반건축물,단독주택,"주택, 창고",0,0,29.75,19610608,1,0,서울특별시 성북구 정릉동 429-2번지
11290,13300,0,0429,0003,,,일반건축물,단독주택,주택,0,0,44.63,19610601,1,0,서울특별시 성북구 정릉동 429-3번지
11290,13300,0,0429,0006,,,일반건축물,단독주택,주택,89.1,0,64.94,19850630,1,0,서울특별시 성북구 정릉동 429-6번지
11290,13300,0,0429,0007,,,일반건축물,단독주택,주택,63,0,35.3,19850630,1,0,서울특별시 성북구 정릉동 429-7번지
11290,13300,0,0429,0008,,,표제부,공동주택,다세대주택,0,49.9,149.7,19911212,2,1,서울특별시 성북구 정릉동 429-8번지
11290,13300,0,0429,0009,,,일반건축물,단독주택,주택,0,0,24.86,19600305,1,0,서울특별시 성북구 정릉동 429-9번지
11290,13300,0,0429,0010,,,일반건축물,단독주택,"노유자시설(경로당),다가구주택",99,54.02,108.04,20160426,2,0,서울특별시 성북구 정릉동 429-10번지
11290,13300,0,0429,0012,,,일반건축물,단독주택,주택,0,0,38.58,19601021,1,0,서울특별시 성북구 정릉동 429-12번지
11290,13300,0,0429,0014,,,일반건축물,단독주택,단독주택,70.58,36.96,49.38,20161207,2,0,서울특별시 성북구 정릉동 429-14번지
11290,13300,0,0430,0001,,,표제부,공동주택,연립주택,0,521.18,2084.72,19901215,3,1,서울특별시 성북구 정릉동 430-1번지
11290,13300,0,0430,0004,,,일반건축물,단독주택,주택,0,0,49.79,19710519,1,0,서울특별시 성북구 정릉동 430-4번지
11290,13300,0,0430,0009,,,일반건축물,단독주택,주택,0,0,140.55,19900402,3,0,서울특별시 성북구 정릉동 430-9번지
11290,13300,0,0430,0010,,,일반건축물,단독주택,주택,59.5,0,32.2,19850511,1,0,서울특별시 성북구 정릉동 430-10번지
11290,13300,0,0430,0011,,,표제부,공동주택,공동주택(다세대주택),0,0,326.16,19911212,3,1,서울특별시 성북구 정릉동 430-11번지
11290,13300,0,0430,0011,,,표제부,공동주택,다세대주택,0,0,475.26,19911212,3,1,서울특별시 성북구 정릉동 430-11번지
11290,13300,0,0430,0012,상가동,,일반건축물,제2종근린생활시설,제2종근린생활시설(사무소),0,25.1,25.1,20160516,1,0,서울특별시 성북구 정릉동 430-12번지
11290,13300,0,0430,0012,주택동,,일반건축물,단독주택,단독주택,0,69.36,147.48,19830510,2,1,서울특별시 성북구 정릉동 430-12번지
11290,13300,0,0430,0017,,,일반건축물,단독주택,주택,0,0,38.28,19650430,1,0,서울특별시 성북구 정릉동 430-17번지
11290,13300,0,0430,0049,,,표제부,공동주택,다세대주택,0,46.45,142.95,19900213,2,1,서울특별시 성북구 정릉동 430-49번지
11290,13300,0,0431,0001,,,일반건축물,단독주택,주택,89.25,0,52.42,19850630,1,0,서울특별시 성북구 정릉동 431-1번지
11290,13300,0,0431,0001,,,일반건축물,단독주택,주택,0,0,172.08,19840718,2,1,서울특별시 성북구 정릉동 431-1번지
11290,13300,0,0431,0006,,,일반건축물,단독주택,"주택, 근린생활시설",0,0,663.85,19910121,4,1,서울특별시 성북구 정릉동 431-6번지
11290,13300,0,0431,0007,,,일반건축물,단독주택,주택,0,0,67.21,19681015,1,0,서울특별시 성북구 정릉동 431-7번지
11290,13300,0,0431,0008,,,일반건축물,단독주택,주택,168.8,0,70.5,19850630,1,0,서울특별시 성북구 정릉동 431-8번지
11290,13300,0,0431,0029,,,일반건축물,단독주택,"주택, 변소",138.57,0,51.23,19850630,1,0,서울특별시 성북구 정릉동 431-29번지
11290,13300,0,0431,0042,,,일반건축물,단독주택,주택,52.89,0,44.08,19850630,1,0,서울특별시 성북구 정릉동 431-42번지
11290,13300,0,0431,0042,,,일반건축물,단독주택,주택,208,0,36.72,19850630,2,0,서울특별시 성북구 정릉동 431-42번지
11290,13300,0,0431,0042,,,일반건축물,단독주택,주택,0,0,61.96,19661005,2,0,서울특별시 성북구 정릉동 431-42번지
11290,13300,0,0431,0045,,,일반건축물,단독주택,다가구용 단독주택(3가구),89,50.87,140.3,19911126,2,1,서울특별시 성북구 정릉동 431-45번지
11290,13300,0,0431,0047,,,일반건축물,단독주택,주택,117.75,0,30.8,19850630,1,0,서울특별시 성북구 정릉동 431-47번지
11290,13300,0,0431,0048,,,일반건축물,단독주택,단독주택,83,0,48.88,19850630,1,0,서울특별시 성북구 정릉동 431-48번지
11290,13300,0,0431,0051,,,일반건축물,단독주택,주택,62.7,0,22.59,19850630,1,0,서울특별시 성북구 정릉동 431-51번지
11290,13300,0,0431,0059,,,일반건축물,단독주택,다가구용단독주택(2가구),119.74,71.63,195.99,19950714,3,0,서울특별시 성북구 정릉동 431-59번지
11290,13300,0,0431,0060,,,일반건축물,단독주택,주택,0,0,43.14,19680310,1,0,서울특별시 성북구 정릉동 431-60번지
11290,13300,0,0431,0062,서울정수초등학교,,일반건축물,교육연구시설,교육연구시설,11953,227.86,316.99,20201231,2,1,서울특별시 성북구 정릉동 431-62번지
11290,13300,0,0431,0062,서울정수초등학교,,일반건축물,교육연구시설,교육연구시설,0,0,1980,19961115,3,1,서울특별시 성북구 정릉동 431-62번지
11290,13300,0,0431,0062,서울정수초등학교,,일반건축물,교육연구시설,교육연구시설,0,0,3193.87,19961115,3,0,서울특별시 성북구 정릉동 431-62번지
11290,13300,0,0431,0062,서울정수초등학교,,일반건축물,교육연구시설,교육연구시설,0,913.73,1033.27,20100809,2,0,서울특별시 성북구 정릉동 431-62번지
11290,13300,0,0431,0070,,,표제부,공동주택,연립주택,0,1603.04,6499.64,19891004,3,1,서울특별시 성북구 정릉동 431-70번지
11290,13300,0,0433,0004,,,일반건축물,단독주택,주택,0,0,42.98,19661104,1,0,서울특별시 성북구 정릉동 433-4번지
11290,13300,0,0433,0004,,,일반건축물,단독주택,주택,0,0,23.14,19661020,1,0,서울특별시 성북구 정릉동 433-4번지
11290,13300,0,0433,0007,,,일반건축물,제1종근린생활시설,근린생활시설,0,0,37.82,19610817,1,0,서울특별시 성북구 정릉동 433-7번지
11290,13300,0,0435,0000,중앙하이츠빌2단지,,표제부,공동주택,경비실,0,11.34,11.34,20051116,1,0,서울특별시 성북구 정릉동 435번지
11290,13300,0,0435,0000,중앙하이츠빌2단지,,표제부,공동주택,공동주택(아파트),0,570.8688,10998.8928,20051116,23,1,서울특별시 성북구 정릉동 435번지
11290,13300,0,0435,0000,중앙하이츠빌2단지,,표제부,공동주택,공동주택(아파트),0,750.7216,13375.6693,20051116,18,1,서울특별시 성북구 정릉동 435번지
11290,13300,0,0435,0000,중앙하이츠빌2단지,,표제부,제1종근린생활시설,근린생활시설,0,379.56,734.758,20051116,2,0,서울특별시 성북구 정릉동 435번지
11290,13300,0,0435,0000,중앙하이츠빌2단지,,표제부,공동주택,공동주택(아파트),0,215.7171,2966.7253,20051116,14,1,서울특별시 성북구 정릉동 435번지
11290,13300,0,0435,0000,중앙하이츠빌2단지,,표제부,공동주택,공중화장실,0,0,20.3,20051116,0,1,서울특별시 성북구 정릉동 435번지
11290,13300,0,0435,0000,중앙하이츠빌2단지,,표제부,공동주택,경비실,0,11.34,11.34,20051116,1,0,서울특별시 성북구 정릉동 435번지
11290,13300,0,0435,0000,중앙하이츠빌2단지,,표제부,공동주택,경비실,0,11.34,11.34,20051116,1,0,서울특별시 성북구 정릉동 435번지
11290,13300,0,0435,0000,중앙하이츠빌2단지,,표제부,공동주택,공동주택(아파트),0,378.6108,5373.856,20051116,17,1,서울특별시 성북구 정릉동 435번지
11290,13300,0,0435,0000,중앙하이츠빌2단지,,표제부,공동주택,공동주택(아파트),0,325.1338,4809.9026,20051116,16,1,서울특별시 성북구 정릉동 435번지
11290,13300,0,0435,0000,중앙하이츠빌2단지,,표제부,공동주택,"전기실,발전기실,중앙감시실",0,0,336.1704,20051116,0,3,서울특별시 성북구 정릉동 435번지
11290,13300,0,0435,0000,중앙하이츠빌2단지,,표제부,공동주택,공동주택(아파트),0,805.0647,13470.3202,20051116,23,1,서울특별시 성북구 정릉동 435번지
11290,13300,0,0435,0000,중앙하이츠빌2단지,,표제부,공동주택,공동주택(아파트),0,647.6784,10735.6213,20051116,21,1,서울특별시 성북구 정릉동 435번지
11290,13300,0,0435,0000,중앙하이츠빌2단지,,표제부,공동주택,경비실,0,11.34,11.34,20051116,1,0,서울특별시 성북구 정릉동 435번지
11290,13300,0,0435,0000,중앙하이츠빌2단지,,표제부,공동주택,"계단실,승강기실",0,64.2146,175.4886,20051116,6,0,서울특별시 성북구 정릉동 435번지
11290,13300,0,0435,0000,중앙하이츠빌2단지,,표제부,공동주택,경비실,0,31.08,31.08,20051116,1,0,서울특별시 성북구 정릉동 435번지
11290,13300,0,0435,0000,중앙하이츠빌2단지,,표제부,공동주택,"보육시설,관리실,주민회의실,경로당,독서실",0,222.13,793.23,20051116,4,0,서울특별시 성북구 정릉동 435번지
11290,13300,0,0435,0000,중앙하이츠빌2단지,,표제부,공동주택,지하주차장,0,0,24544.907,20051116,0,3,서울특별시 성북구 정릉동 435번지
11290,13300,0,0435,0000,중앙하이츠빌2단지,,표제부,공동주택,공동주택(아파트),0,491.49,9774.5841,20051116,23,1,서울특별시 성북구 정릉동 435번지
11290,13300,0,0435,0000,중앙하이츠빌2단지,,표제부,공동주택,공동주택(아파트),0,491.49,9155.1347,20051116,22,1,서울특별시 성북구 정릉동 435번지
11290,13300,0,0441,0000,,,표제부,공동주택,다세대주택(7세대),0,112.68,421.93,19920603,3,1,서울특별시 성북구 정릉동 441번지
11290,13300,0,0442,0000,,,일반건축물,단독주택,다가구용 단독주택(3가구),127.27,74.5,197.22,19940829,2,1,서울특별시 성북구 정릉동 442번지
11290,13300,0,0442,0001,,,일반건축물,단독주택,주택,0,0,19.83,,1,0,서울특별시 성북구 정릉동 442-1번지
11290,13300,0,0443,0001,정릉동근린생활시설,,일반건축물,제2종근린생활시설,제2종근린생활시설(수리점),98.1,48.89,48.89,20050322,1,0,서울특별시 성북구 정릉동 443-1번지
11290,13300,0,0443,0002,,,일반건축물,제2종근린생활시설,제2종근린생활시설,83,41.3,75.53,20170901,2,0,서울특별시 성북구 정릉동 443-2번지
11290,13300,0,0444,0002,,,일반건축물,단독주택,주택,0,0,46.65,19641201,1,0,서울특별시 성북구 정릉동 444-2번지
11290,13300,0,0445,0003,,,일반건축물,단독주택,주택,0,0,47.87,19640310,1,0,서울특별시 성북구 정릉동 445-3번지
11290,13300,0,0445,0004,,,일반건축물,단독주택,주택,0,0,46.84,19640110,1,0,서울특별시 성북구 정릉동 445-4번지
11290,13300,0,0446,0002,금동주택,,일반건축물,단독주택,단독주택,92.07,45.49,135.12,20060207,3,0,서울특별시 성북구 정릉동 446-2번지
11290,13300,0,0446,0003,,,표제부,공동주택,공동주택(다세대주택),100.6,50.27,190.13,20180718,5,0,서울특별시 성북구 정릉동 446-3번지
11290,13300,0,0446,0004,,,일반건축물,제2종근린생활시설,"주택,근린생활시설",0,0,38.21,19640121,1,0,서울특별시 성북구 정릉동 446-4번지
11290,13300,0,0447,0001,,,일반건축물,단독주택,주택,0,0,36.17,19640110,1,0,서울특별시 성북구 정릉동 447-1번지
11290,13300,0,0449,0000,,,일반건축물,단독주택,주택,133.66,0,199.71,19861103,2,1,서울특별시 성북구 정릉동 449번지
11290,13300,0,0451,0002,,,일반건축물,단독주택,주택,0,0,45.05,19830408,1,0,서울특별시 성북구 정릉동 451-2번지
11290,13300,0,0452,0002,,,일반건축물,단독주택,주택,0,0,66.12,19640710,1,0,서울특별시 성북구 정릉동 452-2번지
11290,13300,0,0452,0003,,,일반건축물,제2종근린생활시설,"제2종근린생활시설, 주택",0,0,393.78,19871012,3,1,서울특별시 성북구 정릉동 452-3번지
11290,13300,0,0458,0000,,,일반건축물,단독주택,주택,0,0,29.75,,1,0,서울특별시 성북구 정릉동 458번지
11290,13300,0,0459,0000,,,일반건축물,단독주택,주택,0,0,76.03,19550423,1,0,서울특별시 성북구 정릉동 459번지
11290,13300,0,0459,0000,,,일반건축물,단독주택,주택,0,0,49.59,,1,0,서울특별시 성북구 정릉동 459번지
11290,13300,0,0463,0000,,,일반건축물,단독주택,주택,0,0,23.14,,1,0,서울특별시 성북구 정릉동 463번지
11290,13300,0,0463,0001,,,일반건축물,단독주택,"주택,근린생활시설",0,0,148.32,19870616,2,1,서울특별시 성북구 정릉동 463-1번지
11290,13300,0,0463,0002,,,일반건축물,단독주택,주택,83,48.49,87.78,20011030,2,0,서울특별시 성북구 정릉동 463-2번지
11290,13300,0,0463,0003,,,표제부,공동주택,다세대주택,0,41.45,124.35,19910703,2,1,서울특별시 성북구 정릉동 463-3번지
11290,13300,0,0463,0003,,,일반건축물,단독주택,다가구용단독주택(3가구),0,0,124.35,19910628,2,1,서울특별시 성북구 정릉동 463-3번지
11290,13300,0,0463,0006,,,일반건축물,제1종근린생활시설,"제2종근린생활시설, 주택(2가구)",144.8,85.36,299.12,19960817,3,1,서울특별시 성북구 정릉동 463-6번지
11290,13300,0,0463,0008,,,일반건축물,제1종근린생활시설,"근린생활시설, 위험물저장 및 처리시설, 주택",0,0,26.45,19420915,1,0,서울특별시 성북구 정릉동 463-8번지
11290,13300,0,0463,0032,,,표제부,공동주택,다세대주택,0,41.25,123.75,19910628,2,1,서울특별시 성북구 정릉동 463-32번지
11290,13300,0,0464,0003,,,일반건축물,단독주택,주택,0,0,54.55,,1,0,서울특별시 성북구 정릉동 464-3번지
11290,13300,0,0464,0006,,,일반건축물,단독주택,단독주택,73,52.61,73.08,,2,0,서울특별시 성북구 정릉동 464-6번지
11290,13300,0,0464,0009,,,일반건축물,제1종근린생활시설,"근린생활시설, 주택",0,0,187.2,19890309,3,1,서울특별시 성북구 정릉동 464-9번지
11290,13300,0,0464,0010,,,일반건축물,단독주택,"주택, 근린생활시설",0,0,191.44,19920416,3,1,서울특별시 성북구 정릉동 464-10번지
11290,13300,0,0464,0019,,,일반건축물,제2종근린생활시설,"근린생활시설, 주택",0,0,286.82,19871130,3,1,서울특별시 성북구 정릉동 464-19번지
11290,13300,0,0464,0020,,,일반건축물,단독주택,"근린생활시설, 주택",0,0,303.26,19901129,3,1,서울특별시 성북구 정릉동 464-20번지
11290,13300,0,0464,0021,,,일반건축물,제1종근린생활시설,"근린생활시설, 주택",0,0,306.9,19901129,3,1,서울특별시 성북구 정릉동 464-21번지
11290,13300,0,0464,0022,예쁜어린이집,,일반건축물,노유자시설,교육연구및복지시설,123.2,61.2,260.76,19940208,4,1,서울특별시 성북구 정릉동 464-22번지
11290,13300,0,0464,0023,,,일반건축물,단독주택,"주택,근생",0,0,379.69,19891208,3,1,서울특별시 성북구 정릉동 464-23번지
11290,13300,0,0465,0000,,,일반건축물,단독주택,주택,0,0,57.85,19580806,2,0,서울특별시 성북구 정릉동 465번지
11290,13300,0,0465,0000,,,일반건축물,단독주택,주택,0,0,19.83,,1,0,서울특별시 성북구 정릉동 465번지
11290,13300,0,0465,0001,,,일반건축물,단독주택,주택,0,0,39.67,19410401,1,0,서울특별시 성북구 정릉동 465-1번지
11290,13300,0,0465,0001,,,일반건축물,제1종근린생활시설,"근린생활시설,업무시설,전시시설,운동시설,관람집회시설,교육연구시설",1080.4,543.08,5726.87,19940926,6,3,서울특별시 성북구 정릉동 465-1번지
11290,13300,0,0465,0001,,,일반건축물,단독주택,주택,0,0,49.59,19410401,1,0,서울특별시 성북구 정릉동 465-1번지
11290,13300,0,0465,0004,,,일반건축물,제2종근린생활시설,"교육연구및복지시설,근린생활시설및주택",210.18,125.73,746.52,20040922,6,0,서울특별시 성북구 정릉동 465-4번지
11290,13300,0,0465,0009,,,일반건축물,단독주택,주택,0,0,33.06,,1,0,서울특별시 성북구 정릉동 465-9번지
11290,13300,0,0468,0000,,,일반건축물,단독주택,주택,0,0,49.59,19400628,1,0,서울특별시 성북구 정릉동 468번지
11290,13300,0,0468,0004,,,일반건축물,단독주택,주택,0,0,70.7,19780109,1,0,서울특별시 성북구 정릉동 468-4번지
11290,13300,0,0468,0005,,,일반건축물,단독주택,주택,0,0,49.59,19350817,1,0,서울특별시 성북구 정릉동 468-5번지
11290,13300,0,0468,0006,,,일반건축물,단독주택,주택,0,0,159.17,19680110,2,1,서울특별시 성북구 정릉동 468-6번지
11290,13300,0,0469,0002,,,일반건축물,단독주택,"주택, 근린생활시설",0,0,30.48,19590325,1,0,서울특별시 성북구 정릉동 469-2번지
11290,13300,0,0469,0003,,,표제부,공동주택,다세대주택및제1종근린생활시설,330,164.96,706.6,20120928,5,0,서울특별시 성북구 정릉동 469-3번지
11290,13300,0,0474,0002,,,일반건축물,제1종근린생활시설,근린생활시설,0,0,36.36,19410401,1,0,서울특별시 성북구 정릉동 474-2번지
11290,13300,0,0474,0003,,,일반건축물,제1종근린생활시설,근린생활시설,0,0,33.06,,1,0,서울특별시 성북구 정릉동 474-3번지
11290,13300,0,0475,0004,중앙센스빌,,표제부,공동주택,도시형생활주택(단지형다세대),265,152.79,659.94,20141226,6,0,서울특별시 성북구 정릉동 475-4번지
11290,13300,0,0475,0005,중앙센스빌2,,표제부,공동주택,도시형생활주택(단지형다세대),260,153.96,647.99,20150615,6,0,서울특별시 성북구 정릉동 475-5번지
11290,13300,0,0476,0000,,,일반건축물,단독주택,주택,0,0,23.14,19401003,1,0,서울특별시 성북구 정릉동 476번지
11290,13300,0,0478,0005,,,일반건축물,단독주택,주택,0,0,36.36,19401003,1,0,서울특별시 성북구 정릉동 478-5번지
11290,13300,0,0478,0006,,,일반건축물,제1종근린생활시설,휴식실,0,0,66.12,19611020,1,0,서울특별시 성북구 정릉동 478-6번지
11290,13300,0,0479,0000,,,일반건축물,단독주택,주택,0,0,39.67,19410401,1,0,서울특별시 성북구 정릉동 479번지
11290,13300,0,0479,0006,,,일반건축물,단독주택,다가구용단독주택(4가구),121.92,58.25,197.85,19900721,3,1,서울특별시 성북구 정릉동 479-6번지
11290,13300,0,0480,0001,정안타워빌,,표제부,업무시설,"업무시설,다세대주택",372,221.92,1431.54,20151224,8,1,서울특별시 성북구 정릉동 480-1번지
11290,13300,0,0481,0000,,,일반건축물,단독주택,주택,0,0,28.56,19330621,1,0,서울특별시 성북구 정릉동 481번지
11290,13300,0,0482,0000,,,일반건축물,제1종근린생활시설,,83,63.24,63.24,19661215,1,0,서울특별시 성북구 정릉동 482번지
11290,13300,0,0483,0003,,,일반건축물,제1종근린생활시설,근린생활시설,0,0,299.74,19860821,3,1,서울특별시 성북구 정릉동 483-3번지
11290,13300,0,0483,0004,,,일반건축물,단독주택,주택,0,0,33.06,19401003,1,0,서울특별시 성북구 정릉동 483-4번지
11290,13300,0,0483,0007,,,일반건축물,제1종근린생활시설,근린생활시설,0,0,19.83,,1,0,서울특별시 성북구 정릉동 483-7번지
11290,13300,0,0483,0008,,,일반건축물,단독주택,주택,0,0,26.45,,1,0,서울특별시 성북구 정릉동 483-8번지
11290,13300,0,0483,0011,,,일반건축물,제2종근린생활시설,근린생활시설,132,70.51,284.8,19920512,3,1,서울특별시 성북구 정릉동 483-11번지
11290,13300,0,0484,0000,,,일반건축물,제1종근린생활시설,제1종근린생활시설(점포),0,0,59.01,19680310,1,0,서울특별시 성북구 정릉동 484번지
11290,13300,0,0485,0002,동성네스트,,표제부,공동주택,근린생활시설및다세대주택,202,100.82,473.41,20081201,5,0,서울특별시 성북구 정릉동 485-2번지
11290,13300,0,0485,0005,정릉반석빌,,표제부,공동주택,공동주택,250.5,121.18,626.23,20140826,7,0,서울특별시 성북구 정릉동 485-5번지
11290,13300,0,0486,0002,,,일반건축물,단독주택,주택,0,0,62.81,19401003,1,0,서울특별시 성북구 정릉동 486-2번지
11290,13300,0,0488,0001,,,일반건축물,단독주택,단독주택,129,92.42,148.88,19650228,2,0,서울특별시 성북구 정릉동 488-1번지
11290,13300,0,0488,0004,,,일반건축물,제2종근린생활시설,제2종근린생활시설,84.14,84.08,126.12,20180801,3,0,서울특별시 성북구 정릉동 488-4번지
11290,13300,0,0488,0005,,,일반건축물,교육연구시설,교육 및 사무공간,149,63.47,63.47,20260226,1,0,서울특별시 성북구 정릉동 488-5번지
11290,13300,0,0489,0001,,,일반건축물,단독주택,다가구용단독주택<4가구>,161,88.2,306.13,19970911,3,0,서울특별시 성북구 정릉동 489-1번지
11290,13300,0,0489,0002,,,일반건축물,단독주택,다가구용 단독주택(2가구),119,67.2,185.39,19951128,3,0,서울특별시 성북구 정릉동 489-2번지
11290,13300,0,0490,0000,,,일반건축물,단독주택,다가구용단독주택(3가구),125,72.24,217.3,19950118,4,0,서울특별시 성북구 정릉동 490번지
11290,13300,0,0491,0000,,,일반건축물,단독주택,주택,0,0,46.28,19480214,1,0,서울특별시 성북구 정릉동 491번지
11290,13300,0,0491,0001,반석리치빌,,표제부,공동주택,도시형생활주택(단지형다세대),708,178.02,741,20190201,4,1,서울특별시 성북구 정릉동 491-1번지
11290,13300,0,0491,0001,반석리치빌,,표제부,공동주택,도시형생활주택(단지형다세대),708,160.2,1235.12,20190201,8,1,서울특별시 성북구 정릉동 491-1번지
11290,13300,0,0492,0000,,,일반건축물,단독주택,주택,0,0,66.12,19200710,1,0,서울특별시 성북구 정릉동 492번지
11290,13300,0,0492,0004,,,일반건축물,단독주택,단독주택,72.5,31.95,49.5,20050110,2,0,서울특별시 성북구 정릉동 492-4번지
11290,13300,0,0492,0005,,,일반건축물,단독주택,단독주택,127.88,71.37,198.96,19900707,2,1,서울특별시 성북구 정릉동 492-5번지
11290,13300,0,0494,0000,정릉중앙하이츠빌1단지아파트,,표제부,제1종근린생활시설,근린생활시설,0,185.5,556.5,20040430,3,0,서울특별시 성북구 정릉동 494번지
11290,13300,0,0494,0000,정릉중앙하이츠빌1단지아파트,,표제부,공동주택,아파트,0,255.67,3631.3,20040430,18,0,서울특별시 성북구 정릉동 494번지
11290,13300,0,0494,0000,정릉중앙하이츠빌1단지아파트,,표제부,공동주택,경비실,0,10.8,10.8,20040430,1,0,서울특별시 성북구 정릉동 494번지
11290,13300,0,0494,0000,정릉중앙하이츠빌1단지아파트,,표제부,공동주택,계단실,0,26.71,53.42,20040430,2,0,서울특별시 성북구 정릉동 494번지
11290,13300,0,0494,0000,정릉중앙하이츠빌1단지아파트,,표제부,공동주택,아파트,0,511.34,7621.84,20040430,18,0,서울특별시 성북구 정릉동 494번지
11290,13300,0,0494,0000,정릉중앙하이츠빌1단지아파트,,표제부,공동주택,아파트,0,446.3,6244.28,20040430,19,0,서울특별시 성북구 정릉동 494번지
11290,13300,0,0494,0000,정릉중앙하이츠빌1단지아파트,,표제부,공동주택,아파트,0,446.3,6590.88,20040430,19,0,서울특별시 성북구 정릉동 494번지
11290,13300,0,0494,0000,정릉중앙하이츠빌1단지아파트,,표제부,공동주택,아파트,0,593.11,9277.48,20040430,19,0,서울특별시 성북구 정릉동 494번지
11290,13300,0,0494,0000,정릉중앙하이츠빌1단지아파트,,표제부,공동주택,아파트,0,511.34,7403.97,20040430,18,0,서울특별시 성북구 정릉동 494번지
11290,13300,0,0494,0000,정릉중앙하이츠빌1단지아파트,,표제부,공동주택,"지하주차장,전기실,발전기실,관리실,노인정",0,0,15636.53,20040430,0,3,서울특별시 성북구 정릉동 494번지
11290,13300,0,0494,0000,정릉중앙하이츠빌1단지아파트,,표제부,공동주택,아파트,0,372.2,2694.69,20040430,9,0,서울특별시 성북구 정릉동 494번지
11290,13300,0,0494,0000,정릉중앙하이츠빌1단지아파트,,표제부,공동주택,지하주차장,0,0,2372.42,20040430,0,1,서울특별시 성북구 정릉동 494번지
11290,13300,0,0494,0000,정릉중앙하이츠빌1단지아파트,,표제부,공동주택,경비실,0,28.59,28.59,20040430,1,0,서울특별시 성북구 정릉동 494번지
11290,13300,0,0505,0001,,,일반건축물,단독주택,주택,0,0,26.44,19420505,1,0,서울특별시 성북구 정릉동 505-1번지
11290,13300,0,0506,0000,,,일반건축물,단독주택,주택(요사채),888,159.5,372.79,19820122,2,1,서울특별시 성북구 정릉동 506번지
11290,13300,0,0506,0000,,,일반건축물,제2종근린생활시설,근린생활시설(종교집회장),0,0,109.1,19590824,2,0,서울특별시 성북구 정릉동 506번지
11290,13300,0,0506,0000,,,일반건축물,단독주택,단독주택,0,73.74,167.91,20141017,1,1,서울특별시 성북구 정릉동 506번지
11290,13300,0,0506,0000,,,일반건축물,종교시설,문화및집회시설(이가),0,0,26.45,19600707,1,0,서울특별시 성북구 정릉동 506번지
11290,13300,0,0506,0000,,,일반건축물,종교시설,종교시설(사찰),733,282.71,243.37,19791231,1,1,서울특별시 성북구 정릉동 506번지
11290,13300,0,0506,0009,,,일반건축물,제2종근린생활시설,근린생활시설,158,67.57,121.12,19700320,2,0,서울특별시 성북구 정릉동 506-9번지
11290,13300,0,0506,0010,동성근린하우스,,표제부,공동주택,"공동주택,다세대",305.8,182.88,658.67,20030328,5,0,서울특별시 성북구 정릉동 506-10번지
11290,13300,0,0506,0013,,,일반건축물,단독주택,"주택, 점포",0,0,80.89,19631026,1,0,서울특별시 성북구 정릉동 506-13번지
11290,13300,0,0506,0019,,,표제부,공동주택,다세대 주택,208.27,136.3,576.51,19960730,4,1,서울특별시 성북구 정릉동 506-19번지
11290,13300,0,0506,0020,,,일반건축물,단독주택,다가구용단독주택(5가구),0,0,328.05,19910425,2,1,서울특별시 성북구 정릉동 506-20번지
11290,13300,0,0506,0021,,,일반건축물,제2종근린생활시설,"제2종근린생활시설, 주택",198,116.8,296.36,19950830,3,0,서울특별시 성북구 정릉동 506-21번지
11290,13300,0,0506,0022,,,일반건축물,제1종근린생활시설,근린생활시설,33.92,0,24.83,19840911,1,0,서울특별시 성북구 정릉동 506-22번지
11290,13300,0,0506,0024,,,일반건축물,단독주택,주택,0,0,63.54,19660729,1,0,서울특별시 성북구 정릉동 506-24번지
11290,13300,0,0506,0026,,,일반건축물,단독주택,주택,0,0,155.08,19790411,2,1,서울특별시 성북구 정릉동 506-26번지
11290,13300,0,0506,0027,,,표제부,공동주택,연립주택(17세대),594.77,355.96,1636.03,19950928,4,1,서울특별시 성북구 정릉동 506-27번지
11290,13300,0,0506,0028,,,일반건축물,단독주택,주택,0,0,100.5,19681230,2,0,서울특별시 성북구 정릉동 506-28번지
11290,13300,0,0506,0032,,,일반건축물,단독주택,주택,0,0,58.8,19661005,1,0,서울특별시 성북구 정릉동 506-32번지
11290,13300,0,0506,0035,,,일반건축물,단독주택,주택,0,0,245.85,19821204,2,1,서울특별시 성북구 정릉동 506-35번지
11290,13300,0,0506,0037,,,일반건축물,노유자시설,영유아보육시설,0,0,194.22,19831116,1,1,서울특별시 성북구 정릉동 506-37번지
11290,13300,0,0506,0038,,,일반건축물,단독주택,"주택, 근린생활시설",0,0,145.37,19690110,2,0,서울특별시 성북구 정릉동 506-38번지
11290,13300,0,0506,0039,,,일반건축물,제2종근린생활시설,제2종근린생활시설,0,0,164.52,19830829,2,1,서울특별시 성북구 정릉동 506-39번지
11290,13300,0,0506,0045,,,표제부,제2종근린생활시설,근린생활시설 및 주택,76,37.57,113.63,20080813,4,0,서울특별시 성북구 정릉동 506-45번지
11290,13300,0,0506,0046,,,일반건축물,단독주택,주택,0,0,162.4,19840921,2,1,서울특별시 성북구 정릉동 506-46번지
11290,13300,0,0506,0047,,,일반건축물,단독주택,주택,0,0,217.08,19830611,2,1,서울특별시 성북구 정릉동 506-47번지
11290,13300,0,0506,0050,,,일반건축물,단독주택,다가구용단독주택(6가구),0,0,273.94,19920320,3,1,서울특별시 성북구 정릉동 506-50번지
11290,13300,0,0506,0052,,,표제부,공동주택,주택,0,101.85,101.85,19680920,1,0,서울특별시 성북구 정릉동 506-52번지
11290,13300,0,0506,0053,,,표제부,공동주택,주택,0,101.85,101.85,19680920,1,0,서울특별시 성북구 정릉동 506-53번지
11290,13300,0,0506,0054,정릉 힐탑빌라,,표제부,공동주택,"공동주택,다세대주택",244.06,146.36,590.5,20030905,5,0,서울특별시 성북구 정릉동 506-54번지
11290,13300,0,0506,0055,,,일반건축물,단독주택,주택,0,0,133.92,19740802,1,1,서울특별시 성북구 정릉동 506-55번지
11290,13300,0,0506,0057,,,일반건축물,단독주택,주택,0,0,160.17,19750725,2,0,서울특별시 성북구 정릉동 506-57번지
11290,13300,0,0506,0058,,,일반건축물,단독주택,주택,0,0,142.63,19741218,2,1,서울특별시 성북구 정릉동 506-58번지
11290,13300,0,0506,0059,,,일반건축물,단독주택,주택,0,0,137.82,19760902,1,1,서울특별시 성북구 정릉동 506-59번지
11290,13300,0,0506,0060,,,일반건축물,단독주택,주택,0,0,169.59,19780902,2,1,서울특별시 성북구 정릉동 506-60번지
11290,13300,0,0506,0061,,,일반건축물,단독주택,주택,0,0,234.71,19891127,2,1,서울특별시 성북구 정릉동 506-61번지
11290,13300,0,0506,0066,,,표제부,공동주택,연립주택,540.26,280.77,985.68,19940720,3,1,서울특별시 성북구 정릉동 506-66번지
11290,13300,0,0506,0068,이든 펄포스,,표제부,공동주택,공동주택(도시형생활주택),207.8,123.52,311.64,20220512,5,0,서울특별시 성북구 정릉동 506-68번지
11290,13300,0,0506,0069,,,일반건축물,제1종근린생활시설,"근린생활시설, 주택",0,0,455.7,19900115,3,1,서울특별시 성북구 정릉동 506-69번지
11290,13300,0,0506,0070,,,일반건축물,단독주택,주택,0,0,147.83,19740722,1,1,서울특별시 성북구 정릉동 506-70번지
11290,13300,0,0506,0071,,,일반건축물,단독주택,주택,0,0,141.38,19781012,1,1,서울특별시 성북구 정릉동 506-71번지
11290,13300,0,0506,0072,,,일반건축물,단독주택,주택,0,0,140.93,19750120,2,1,서울특별시 성북구 정릉동 506-72번지
11290,13300,0,0506,0073,,,일반건축물,단독주택,주택,0,0,116.43,19751218,2,1,서울특별시 성북구 정릉동 506-73번지
11290,13300,0,0506,0074,,,일반건축물,단독주택,주택,0,0,161,19751218,2,1,서울특별시 성북구 정릉동 506-74번지
11290,13300,0,0506,0075,,,일반건축물,단독주택,주택,0,0,154.74,19780629,2,1,서울특별시 성북구 정릉동 506-75번지
11290,13300,0,0506,0076,,,일반건축물,단독주택,단독주택,195,103.86,113.93,19771215,1,1,서울특별시 성북구 정릉동 506-76번지
11290,13300,0,0506,0077,,,일반건축물,단독주택,주택,0,0,143.77,19761019,2,1,서울특별시 성북구 정릉동 506-77번지
11290,13300,0,0506,0078,,,일반건축물,단독주택,주택,0,0,171.65,19790115,2,1,서울특별시 성북구 정릉동 506-78번지
11290,13300,0,0506,0080,,,일반건축물,단독주택,주택,0,0,102.48,19741218,1,1,서울특별시 성북구 정릉동 506-80번지
11290,13300,0,0506,0081,,,표제부,공동주택,주택,0,101.85,101.85,19690210,1,0,서울특별시 성북구 정릉동 506-81번지
11290,13300,0,0506,0083,,,일반건축물,단독주택,"단독주택,근린생활시설",235,105.72,117.82,19721116,1,1,서울특별시 성북구 정릉동 506-83번지
11290,13300,0,0506,0083,나동,,일반건축물,단독주택,단독주택,235,12.87,12.87,19721116,1,0,서울특별시 성북구 정릉동 506-83번지
11290,13300,0,0506,0084,,,일반건축물,단독주택,"주택, 점포",0,0,335.56,19760519,2,1,서울특별시 성북구 정릉동 506-84번지
11290,13300,0,0506,0085,,,일반건축물,단독주택,주택,0,0,170.5,19791017,2,1,서울특별시 성북구 정릉동 506-85번지
11290,13300,0,0506,0087,,,일반건축물,단독주택,주택,0,0,195.77,19770714,1,1,서울특별시 성북구 정릉동 506-87번지
11290,13300,0,0506,0100,,,일반건축물,단독주택,다가구용단독주택(3가구),0,0,280.16,19910927,2,1,서울특별시 성북구 정릉동 506-100번지
11290,13300,0,0506,0102,,,일반건축물,제2종근린생활시설,근린생활시설,0,0,54.08,19700730,1,0,서울특별시 성북구 정릉동 506-102번지
11290,13300,0,0506,0107,,,일반건축물,단독주택,주택,0,0,240.17,19781122,2,1,서울특별시 성북구 정릉동 506-107번지
11290,13300,0,0506,0109,,,일반건축물,제2종근린생활시설,근린생활시설,0,0,143.35,19651030,1,0,서울특별시 성북구 정릉동 506-109번지
11290,13300,0,0506,0116,,,일반건축물,단독주택,주택,0,0,207.91,19790922,2,1,서울특별시 성북구 정릉동 506-116번지
11290,13300,0,0506,0118,,,일반건축물,단독주택,주택,0,0,97.62,19760720,1,1,서울특별시 성북구 정릉동 506-118번지
11290,13300,0,0506,0120,,,일반건축물,단독주택,주택,0,0,199.73,19781223,2,1,서울특별시 성북구 정릉동 506-120번지
11290,13300,0,0506,0129,,,일반건축물,단독주택,주택,0,0,154.68,19790427,2,1,서울특별시 성북구 정릉동 506-129번지
11290,13300,0,0506,0131,,,일반건축물,단독주택,주택,0,0,180.67,19780116,2,1,서울특별시 성북구 정릉동 506-131번지
11290,13300,0,0506,0142,,,일반건축물,단독주택,주택,0,0,141.21,19840211,2,1,서울특별시 성북구 정릉동 506-142번지
11290,13300,0,0506,0145,,,일반건축물,단독주택,주택,0,0,158.34,19891229,2,1,서울특별시 성북구 정릉동 506-145번지
11290,13300,0,0506,0159,,,표제부,공동주택,연립주택,0,636.48,2446.14,19920514,3,2,서울특별시 성북구 정릉동 506-159번지
11290,13300,0,0506,0165,,,표제부,공동주택,다세대주택(8세대),473,215.72,649.92,19950515,3,1,서울특별시 성북구 정릉동 506-165번지
11290,13300,0,0508,0000,행랑채,,일반건축물,문화및집회시설,문화및집회시설,0,72.33,72.33,20141222,1,0,서울특별시 성북구 정릉동 508번지
11290,13300,0,0508,0000,관리창고,,일반건축물,문화및집회시설,문화및집회시설,0,109.2,109.2,20200302,1,0,서울특별시 성북구 정릉동 508번지
11290,13300,0,0508,0000,정릉 재실,,일반건축물,문화및집회시설,문화및집회시설,0,72.62,72.62,20141222,1,0,서울특별시 성북구 정릉동 508번지
11290,13300,0,0508,0000,매표소,,일반건축물,제1종근린생활시설,매표소,2648,8.21,8.21,20080514,1,0,서울특별시 성북구 정릉동 508번지
11290,13300,0,0508,0000,사무동,,일반건축물,문화및집회시설,문화및집회시설,0,105.7,105.7,20200302,1,0,서울특별시 성북구 정릉동 508번지
11290,13300,0,0508,0000,휴게동,,일반건축물,문화및집회시설,문화및집회시설,0,147.6,147.6,20200302,1,0,서울특별시 성북구 정릉동 508번지
11290,13300,0,0508,0000,제기고,,일반건축물,문화및집회시설,문화및집회시설,0,13.12,13.12,20141222,1,0,서울특별시 성북구 정릉동 508번지
11290,13300,0,0508,0001,,,표제부,공동주택,연립주택,0,473.82,2208.3,19910320,3,2,서울특별시 성북구 정릉동 508-1번지
11290,13300,0,0508,0002,,,일반건축물,단독주택,주택,0,0,274.71,19820728,2,1,서울특별시 성북구 정릉동 508-2번지
11290,13300,0,0508,0003,,,표제부,공동주택,다세대주택,0,83.28,249.84,19900504,2,1,서울특별시 성북구 정릉동 508-3번지
11290,13300,0,0508,0004,,,표제부,공동주택,다세대주택(6세대),0,137.1,411.3,19901117,2,1,서울특별시 성북구 정릉동 508-4번지
11290,13300,0,0508,0005,,,표제부,공동주택,다세대주택,0,82.07,164.14,19900718,1,1,서울특별시 성북구 정릉동 508-5번지
11290,13300,0,0508,0006,,,표제부,공동주택,연립주택,0,185.36,855.56,19910410,3,1,서울특별시 성북구 정릉동 508-6번지
11290,13300,0,0508,0007,로얄그린빌라 비동,,표제부,공동주택,"다세대주택<6세대>, 근린생활시설",274,164.13,702.47,19980114,4,1,서울특별시 성북구 정릉동 508-7번지
11290,13300,0,0508,0008,,,표제부,공동주택,다세대주택,274,163.37,730.82,20020507,4,1,서울특별시 성북구 정릉동 508-8번지
11290,13300,0,0508,0009,현대로얄빌라,,표제부,공동주택,다세대주택,317,189.68,849.2,20020208,5,1,서울특별시 성북구 정릉동 508-9번지
11290,13300,0,0508,0010,,,일반건축물,노유자시설,"교육연구및아동복지시설,근린생활시설",254,148.77,636.48,20020902,4,1,서울특별시 성북구 정릉동 508-10번지
11290,13300,0,0508,0011,동림푸른빌,,일반건축물,제1종근린생활시설,제2종근린생활시설,337,200.17,1097.84,19980311,5,1,서울특별시 성북구 정릉동 508-11번지
11290,13300,0,0508,0012,,,표제부,공동주택,다세대주택,0,134.04,329.82,19901220,2,1,서울특별시 성북구 정릉동 508-12번지
11290,13300,0,0508,0013,,,표제부,공동주택,다세대주택,280.27,155.08,652.78,19980616,4,1,서울특별시 성북구 정릉동 508-13번지
11290,13300,0,0508,0014,,,일반건축물,단독주택,다가구용단독주택(9가구),264,149.46,550.26,19970428,3,1,서울특별시 성북구 정릉동 508-14번지
11290,13300,0,0508,0015,사랑채,,표제부,공동주택,다세대주택,291,167.73,559.49,20081121,4,1,서울특별시 성북구 정릉동 508-15번지
11290,13300,0,0508,0017,,,표제부,공동주택,다세대주택,0,164.86,659.44,19910128,3,1,서울특별시 성북구 정릉동 508-17번지
11290,13300,0,0508,0019,,,표제부,공동주택,다세대주택(8세대),0,144.7,585.16,19920603,3,1,서울특별시 성북구 정릉동 508-19번지
11290,13300,0,0508,0020,,,표제부,공동주택,공동주택(다세대주택),254,130,590.59,19970920,4,1,서울특별시 성북구 정릉동 508-20번지
11290,13300,0,0508,0021,,,표제부,공동주택,연립주택(8세대),476,228.06,1161.27,19930723,3,2,서울특별시 성북구 정릉동 508-21번지
11290,13300,0,0508,0023,,,표제부,공동주택,다세대 주택(10세대),254,133.64,803.55,20020828,4,2,서울특별시 성북구 정릉동 508-23번지
11290,13300,0,0508,0024,,,표제부,공동주택,다세대주택,258,133.83,793.88,20030123,4,2,서울특별시 성북구 정릉동 508-24번지
11290,13300,0,0508,0025,스카이삼성빌,,표제부,공동주택,"근린생활시설, 다세대주택",258,145.18,861.18,20030828,4,2,서울특별시 성북구 정릉동 508-25번지
11290,13300,0,0508,0026,,,표제부,공동주택,다세대주택,264,138.13,865.52,20030515,4,2,서울특별시 성북구 정릉동 508-26번지
11290,13300,0,0508,0027,삼진파크빌라6차,,표제부,공동주택,"다세대주택, 근린생활시설",264,137.1,842.79,20020604,4,2,서울특별시 성북구 정릉동 508-27번지
11290,13300,0,0508,0028,,,표제부,공동주택,"다세대주택, 근린생활시설",254,151.84,845.29,20010531,5,1,서울특별시 성북구 정릉동 508-28번지
11290,13300,0,0508,0029,삼진주택,,표제부,공동주택,"다세대주택, 근린생활시설",235,138.32,827.03,20020319,4,2,서울특별시 성북구 정릉동 508-29번지
11290,13300,0,0508,0030,,,표제부,공동주택,다세대주택(12세대),248,139.55,837.36,20020711,4,2,서울특별시 성북구 정릉동 508-30번지
11290,13300,0,0508,0031,,,표제부,공동주택,다세대주택(17세대),0,274.69,1296.64,19920730,3,2,서울특별시 성북구 정릉동 508-31번지
11290,13300,0,0508,0033,,,표제부,공동주택,다세대주택(8세대),228,114.21,418.26,19930928,3,1,서울특별시 성북구 정릉동 508-33번지
11290,13300,0,0508,0034,,,표제부,공동주택,다세대 주택(4세대),218,127.97,444.22,19940415,3,1,서울특별시 성북구 정릉동 508-34번지
11290,13300,0,0508,0035,,,일반건축물,단독주택,단독주택(다가구주택),225,118.5,248.18,20111114,3,0,서울특별시 성북구 정릉동 508-35번지
11290,13300,0,0508,0036,라임하우스,,표제부,공동주택,공동주택(단지형다세대),254,134.65,380.68,20190627,5,0,서울특별시 성북구 정릉동 508-36번지
11290,13300,0,0508,0037,,,표제부,공동주택,다세대주택(7세대),264,131.77,390.78,20080902,4,0,서울특별시 성북구 정릉동 508-37번지
11290,13300,0,0508,0038,,,표제부,공동주택,다세대주택(4세대),0,135.77,449.28,19920504,3,1,서울특별시 성북구 정릉동 508-38번지
11290,13300,0,0508,0039,,,표제부,공동주택,다세대 주택(4세대),258,143.65,449.6,19940511,3,1,서울특별시 성북구 정릉동 508-39번지
11290,13300,0,0508,0040,수성빌,,표제부,공동주택,공동주택(도시형생활주택(단지형다세대)),254,135.52,380.68,20170105,5,0,서울특별시 성북구 정릉동 508-40번지
11290,13300,0,0508,0041,필로스 빌,,표제부,공동주택,공동주택(도시형생활주택),258,148.51,386.79,20211213,5,0,서울특별시 성북구 정릉동 508-41번지
11290,13300,0,0508,0042,,,일반건축물,단독주택,주택,0,0,224.19,19851024,2,1,서울특별시 성북구 정릉동 508-42번지
11290,13300,0,0508,0043,,,표제부,공동주택,다세대 주택(4세대),268,142.59,539.71,19930821,3,1,서울특별시 성북구 정릉동 508-43번지
11290,13300,0,0508,0044,,,일반건축물,단독주택,다가구용 단독주택(8가구),251,150.32,500.51,19940208,3,1,서울특별시 성북구 정릉동 508-44번지
11290,13300,0,0508,0045,,,표제부,공동주택,"다세대주택, 근린생활시설",261,145.33,750.18,19991015,5,1,서울특별시 성북구 정릉동 508-45번지
11290,13300,0,0508,0046,,,표제부,공동주택,다세대주택,225,117.95,482.2,19971107,4,1,서울특별시 성북구 정릉동 508-46번지
11290,13300,0,0508,0047,산수인빌라,,표제부,공동주택,다세대주택,228,135.95,670.2,20021213,4,1,서울특별시 성북구 정릉동 508-47번지
11290,13300,0,0508,0048,,,일반건축물,단독주택,주택,0,0,250.45,19700731,3,1,서울특별시 성북구 정릉동 508-48번지
11290,13300,0,0508,0049,,,표제부,공동주택,다세대 주택,228,136.38,659.22,20021019,4,1,서울특별시 성북구 정릉동 508-49번지
11290,13300,0,0508,0050,,,표제부,공동주택,다세대주택,228,136.38,658.82,20030527,4,1,서울특별시 성북구 정릉동 508-50번지
11290,13300,0,0508,0051,다우스카이빌,,표제부,공동주택,다세대주택(8세대),225,134.84,678.86,20060831,4,1,서울특별시 성북구 정릉동 508-51번지
11290,13300,0,0508,0052,,,일반건축물,단독주택,단독주택,221,90.72,198.68,20210114,2,1,서울특별시 성북구 정릉동 508-52번지
11290,13300,0,0508,0053,,,표제부,공동주택,다세대 주택,228,135.57,797.22,20021220,4,2,서울특별시 성북구 정릉동 508-53번지
11290,13300,0,0508,0054,다세대주택,,표제부,공동주택,"공동주택,다세대주택",228,136.73,658.75,20030127,4,1,서울특별시 성북구 정릉동 508-54번지
11290,13300,0,0508,0055,정릉동다세대주택,,표제부,공동주택,"공동주택,다세대",225,134.29,658.13,20021220,4,1,서울특별시 성북구 정릉동 508-55번지
11290,13300,0,0508,0056,,,일반건축물,단독주택,주택,0,0,247.41,19830623,2,1,서울특별시 성북구 정릉동 508-56번지
11290,13300,0,0508,0057,,,일반건축물,단독주택,주택,0,0,254.73,19850128,2,1,서울특별시 성북구 정릉동 508-57번지
11290,13300,0,0508,0058,,,일반건축물,단독주택,"주택, 차고",0,0,269.6,19900314,2,1,서울특별시 성북구 정릉동 508-58번지
11290,13300,0,0508,0059,,,표제부,공동주택,다세대주택(8),274,164.04,818.85,20010615,4,1,서울특별시 성북구 정릉동 508-59번지
11290,13300,0,0508,0060,,,표제부,공동주택,다세대주택,284,170,886.13,20010702,4,1,서울특별시 성북구 정릉동 508-60번지
11290,13300,0,0508,0061,,,표제부,공동주택,다세대주택(7세대),0,153.6,605.4,19920625,3,1,서울특별시 성북구 정릉동 508-61번지
11290,13300,0,0508,0062,,,표제부,공동주택,다세대주택(9세대),268,130.46,529.26,19970710,4,1,서울특별시 성북구 정릉동 508-62번지
11290,13300,0,0508,0063,,,표제부,공동주택,다세대주택,271,132.42,611.1,19941111,4,1,서울특별시 성북구 정릉동 508-63번지
11290,13300,0,0508,0064,리빙하우스,,표제부,공동주택,다세대주택(12세대),453,270.79,657.48,20081015,4,0,서울특별시 성북구 정릉동 508-64번지
11290,13300,0,0508,0066,,,표제부,공동주택,"공동주택,다세대주택",228,149.34,636.3,20030407,4,1,서울특별시 성북구 정릉동 508-66번지
11290,13300,0,0508,0067,,,표제부,공동주택,다세대주택,218,128.96,568.16,20010822,4,1,서울특별시 성북구 정릉동 508-67번지
11290,13300,0,0508,0068,매종빌라,,표제부,공동주택,"공동주택,다세대주택",223.05,133.77,579.09,20030917,4,1,서울특별시 성북구 정릉동 508-68번지
11290,13300,0,0508,0069,준 하이빌,,표제부,공동주택,공동주택(도시형생활주택(단지형다세대)),228,135.16,341.37,20170417,5,0,서울특별시 성북구 정릉동 508-69번지
11290,13300,0,0508,0070,스카이뷰,,표제부,공동주택,"공동주택,다세대",228,136.28,444.52,20030130,5,0,서울특별시 성북구 정릉동 508-70번지
11290,13300,0,0508,0071,스카이뷰,,표제부,공동주택,다세대주택,228,136.61,510.02,20030207,5,0,서울특별시 성북구 정릉동 508-71번지
11290,13300,0,0508,0072,정릉508-72호 다세대주택,,일반건축물,공동주택,다세대주택,228,136.32,608.28,20021009,4,1,서울특별시 성북구 정릉동 508-72번지
11290,13300,0,0508,0072,,,표제부,공동주택,다세대주택(8세대),228,136.32,608.28,20021008,4,1,서울특별시 성북구 정릉동 508-72번지
11290,13300,0,0508,0073,삼진주택,,표제부,공동주택,다세대주택,221,132.3,634.05,20011204,4,1,서울특별시 성북구 정릉동 508-73번지
11290,13300,0,0508,0074,,,표제부,공동주택,다세대주택,0,161.68,659.62,19900210,3,1,서울특별시 성북구 정릉동 508-74번지
11290,13300,0,0508,0075,,,표제부,공동주택,"다세대주택, 근린생활시설",399,187.38,653.69,19961119,3,1,서울특별시 성북구 정릉동 508-75번지
11290,13300,0,0508,0076,,,일반건축물,제1종근린생활시설,제1종근린생활시설,268,113.22,192.29,19700613,2,1,서울특별시 성북구 정릉동 508-76번지
11290,13300,0,0508,0077,,,표제부,공동주택,도시형생활주택(단지형다세대),264,153.08,523.25,20160601,4,1,서울특별시 성북구 정릉동 508-77번지
11290,13300,0,0508,0078,동산주택,,표제부,공동주택,다세대주택,264,158.33,762.56,20031125,4,1,서울특별시 성북구 정릉동 508-78번지
11290,13300,0,0508,0079,,,일반건축물,단독주택,주택,0,0,164.66,19800731,2,1,서울특별시 성북구 정릉동 508-79번지
11290,13300,0,0508,0080,,,표제부,공동주택,다세대주택,264,155.46,765.1,20030328,4,1,서울특별시 성북구 정릉동 508-80번지
11290,13300,0,0508,0081,,,표제부,공동주택,다세대주택(4가구),231.64,121.12,598.84,19980119,4,1,서울특별시 성북구 정릉동 508-81번지
11290,13300,0,0508,0082,,,표제부,공동주택,다세대주택(4가구),238,111.76,542.44,19980117,4,1,서울특별시 성북구 정릉동 508-82번지
11290,13300,0,0508,0083,,,일반건축물,단독주택,주택,0,0,179.24,19790803,2,1,서울특별시 성북구 정릉동 508-83번지
11290,13300,0,0508,0084,,,표제부,공동주택,공동주택(다세대주택),233.61,132.91,504.22,20131212,4,1,서울특별시 성북구 정릉동 508-84번지
11290,13300,0,0508,0085,비동,,일반건축물,단독주택,다가구용단독주택(3가구),0,0,264.42,19910820,2,2,서울특별시 성북구 정릉동 508-85번지
11290,13300,0,0508,0087,그랜드 빌,,표제부,공동주택,공동(연립)주택,585,342.09,1672.71,20000603,4,1,서울특별시 성북구 정릉동 508-87번지
11290,13300,0,0508,0088,,,일반건축물,단독주택,"주택, 차고",0,0,250.56,19700520,2,1,서울특별시 성북구 정릉동 508-88번지
11290,13300,0,0508,0089,,,표제부,공동주택,다세대주택(9),307,177.02,650.37,19930708,3,1,서울특별시 성북구 정릉동 508-89번지
11290,13300,0,0508,0090,명성빌리지,,표제부,공동주택,공동주택(다세대 주택),258,143.32,830.52,20021231,4,2,서울특별시 성북구 정릉동 508-90번지
11290,13300,0,0508,0091,현대로얄빌라,,표제부,공동주택,다세대주택,248,139.77,776.87,20001221,4,2,서울특별시 성북구 정릉동 508-91번지
11290,13300,0,0508,0092,현대로얄빌라,,표제부,공동주택,"다세대주택(8세대), 근린생활시설",248,148.62,844.2,20000805,5,1,서울특별시 성북구 정릉동 508-92번지
11290,13300,0,0508,0093,,,표제부,공동주택,다세대주택,248,140.96,789.96,20011126,4,2,서울특별시 성북구 정릉동 508-93번지
11290,13300,0,0508,0094,반석리치빌,,표제부,공동주택,공동주택(다세대주택),248,140.02,639.01,20130408,4,2,서울특별시 성북구 정릉동 508-94번지
11290,13300,0,0508,0095,,,표제부,공동주택,다세대 주택(8세대),261,150.92,658.73,19970710,4,1,서울특별시 성북구 정릉동 508-95번지
11290,13300,0,0508,0096,,,일반건축물,단독주택,주택,264,121.9,302.72,19851205,2,1,서울특별시 성북구 정릉동 508-96번지
11290,13300,0,0508,0097,현대빌리지,,표제부,공동주택,공동주택(다세대주택(도시형생활주택(단지형다세대)),436,215.22,1320.34,20170526,4,2,서울특별시 성북구 정릉동 508-97번지
11290,13300,0,0508,0100,스카이뷰,,표제부,공동주택,"공동주택,다세대",238,142.42,487.79,20021129,5,0,서울특별시 성북구 정릉동 508-100번지
11290,13300,0,0508,0101,,,표제부,공동주택,공동주택(다세대주택),225,132.29,594.48,19980711,4,1,서울특별시 성북구 정릉동 508-101번지
11290,13300,0,0508,0102,,,표제부,공동주택,연립주택,456,258.85,1222.77,19981219,4,1,서울특별시 성북구 정릉동 508-102번지
11290,13300,0,0508,0104,삼진주택,,표제부,공동주택,다세대주택,228,136.6,613.14,20020205,4,1,서울특별시 성북구 정릉동 508-104번지
11290,13300,0,0508,0105,,,일반건축물,단독주택,"주택, 차고",0,0,225.09,19700613,2,1,서울특별시 성북구 정릉동 508-105번지
11290,13300,0,0508,0110,,,일반건축물,단독주택,주택,0,0,213.42,19831219,2,1,서울특별시 성북구 정릉동 508-110번지
11290,13300,0,0508,0111,,,일반건축물,단독주택,주택,0,0,285.78,19860423,2,1,서울특별시 성북구 정릉동 508-111번지
11290,13300,0,0508,0112,,,일반건축물,단독주택,주택,0,0,273.66,19860423,2,1,서울특별시 성북구 정릉동 508-112번지
11290,13300,0,0508,0113,,,표제부,공동주택,다세대주택,238,142.56,689.44,20010531,4,1,서울특별시 성북구 정릉동 508-113번지
11290,13300,0,0508,0114,푸른벨라지오,,표제부,공동주택,다세대주택,238,142.12,773.21,20011017,4,2,서울특별시 성북구 정릉동 508-114번지
11290,13300,0,0508,0115,,,표제부,공동주택,공동주택(다세대주택),248,127.42,649.36,20131212,4,2,서울특별시 성북구 정릉동 508-115번지
11290,13300,0,0508,0116,,,표제부,공동주택,다세대 주택(12세대),248,141.6,614.1,19950313,3,2,서울특별시 성북구 정릉동 508-116번지
11290,13300,0,0508,0117,,,표제부,공동주택,"공동주택,다세대주택",248,136.02,771.75,20040730,4,2,서울특별시 성북구 정릉동 508-117번지
11290,13300,0,0508,0118,,,일반건축물,단독주택,주택,0,0,255.6,19890714,2,1,서울특별시 성북구 정릉동 508-118번지
11290,13300,0,0508,0119,,,일반건축물,단독주택,주택,0,0,196.93,19700930,2,1,서울특별시 성북구 정릉동 508-119번지
11290,13300,0,0508,0120,,,표제부,공동주택,도시형생활주택,258,132.87,517.06,20140721,3,1,서울특별시 성북구 정릉동 508-120번지
11290,13300,0,0508,0121,,,표제부,공동주택,다세대주택(4세대),0,95.74,382.96,19920530,3,1,서울특별시 성북구 정릉동 508-121번지
11290,13300,0,0508,0122,,,표제부,공동주택,다세대주택(4세대),0,95.74,382.96,19920530,3,1,서울특별시 성북구 정릉동 508-122번지
11290,13300,0,0508,0123,,,일반건축물,단독주택,주택,0,0,239.43,19840222,2,1,서울특별시 성북구 정릉동 508-123번지
11290,13300,0,0508,0124,,,일반건축물,단독주택,다가구용단독주택(6가구),298,171.38,447.69,19960610,3,1,서울특별시 성북구 정릉동 508-124번지
11290,13300,0,0508,0125,,,일반건축물,제1종근린생활시설,"근린생활시설, 주택",0,0,474.25,19890707,2,1,서울특별시 성북구 정릉동 508-125번지
11290,13300,0,0508,0126,,,표제부,공동주택,연립주택,347,206.88,1028.14,20050603,4,1,서울특별시 성북구 정릉동 508-126번지
11290,13300,0,0508,0127,,,일반건축물,단독주택,"단독주택, 차고",0,0,257.98,19830823,2,1,서울특별시 성북구 정릉동 508-127번지
11290,13300,0,0508,0128,,,표제부,공동주택,다세대주택(11세대),387,197.82,598.29,19940704,3,1,서울특별시 성북구 정릉동 508-128번지
11290,13300,0,0508,0129,,,일반건축물,단독주택,단독주택,0,0,280.53,19910206,2,1,서울특별시 성북구 정릉동 508-129번지
11290,13300,0,0508,0130,,,표제부,공동주택,다세대주택,0,145.47,506.95,19910701,3,1,서울특별시 성북구 정릉동 508-130번지
11290,13300,0,0508,0131,,,일반건축물,단독주택,주택,337,137.8,283.06,19891213,2,1,서울특별시 성북구 정릉동 508-131번지
11290,13300,0,0508,0132,,,일반건축물,단독주택,단독주택,228,113.35,235.33,20080620,2,1,서울특별시 성북구 정릉동 508-132번지
11290,13300,0,0508,0133,,,표제부,공동주택,다세대 주택(8세대),235,102.3,387.09,19940616,3,1,서울특별시 성북구 정릉동 508-133번지
11290,13300,0,0508,0134,,,일반건축물,단독주택,주택,0,0,210.22,19821023,2,1,서울특별시 성북구 정릉동 508-134번지
11290,13300,0,0508,0135,,,표제부,공동주택,다세대주택(3세대),235,125.18,445.9,19930821,3,1,서울특별시 성북구 정릉동 508-135번지
11290,13300,0,0508,0136,,,일반건축물,단독주택,주택,0,0,256.32,19831210,2,1,서울특별시 성북구 정릉동 508-136번지
11290,13300,0,0508,0137,,,일반건축물,단독주택,주택,0,0,258.78,19891213,2,1,서울특별시 성북구 정릉동 508-137번지
11290,13300,0,0508,0138,,,일반건축물,단독주택,주택,0,0,215.73,19840830,2,1,서울특별시 성북구 정릉동 508-138번지
11290,13300,0,0508,0139,,,일반건축물,단독주택,주택,0,0,182.35,19701130,2,1,서울특별시 성북구 정릉동 508-139번지
11290,13300,0,0508,0140,,,일반건축물,단독주택,"주택, 차고",0,0,191.18,19700613,2,1,서울특별시 성북구 정릉동 508-140번지
11290,13300,0,0508,0141,현대빌라,,표제부,공동주택,공동주택,370,173.56,805.06,20180621,4,2,서울특별시 성북구 정릉동 508-141번지
11290,13300,0,0508,0142,정릉동레몬트리,,표제부,공동주택,다세대주택,374,182.56,842.44,20150407,4,2,서울특별시 성북구 정릉동 508-142번지
11290,13300,0,0508,0143,정릉동레몬트리,,표제부,공동주택,다세대주택,374,182.69,844.88,20150407,4,2,서울특별시 성북구 정릉동 508-143번지
11290,13300,0,0508,0144,,,일반건축물,단독주택,주택,0,0,259.14,19891228,2,1,서울특별시 성북구 정릉동 508-144번지
11290,13300,0,0508,0145,현대로얄스위트,,표제부,공동주택,"공동주택,연립주택",748,402.06,2283.62,20030411,4,2,서울특별시 성북구 정릉동 508-145번지
11290,13300,0,0508,0147,스카이반석아파트,,표제부,공동주택,다세대주택,374,176.25,857.25,20141010,4,2,서울특별시 성북구 정릉동 508-147번지
11290,13300,0,0508,0148,프라임힐,,표제부,공동주택,연립주택,381.4,224.86,1223.97,20030117,4,2,서울특별시 성북구 정릉동 508-148번지
11290,13300,0,0508,0149,,,표제부,공동주택,다세대주택(3세대),403,120.16,498.04,19930803,3,1,서울특별시 성북구 정릉동 508-149번지
11290,13300,0,0508,0153,,,일반건축물,단독주택,다가구주택(3),417,123.9,302.7,20001023,3,0,서울특별시 성북구 정릉동 508-153번지
11290,13300,0,0508,0155,,,일반건축물,단독주택,단독주택,384,112.24,263,20011119,3,0,서울특별시 성북구 정릉동 508-155번지
11290,13300,0,0508,0156,,,일반건축물,단독주택,단독주택,390,111.43,329.71,19960423,3,1,서울특별시 성북구 정릉동 508-156번지
11290,13300,0,0508,0160,아크로빌 성북,,표제부,공동주택,공동주택(단지형다세대),784,117.07,588.64,20191223,3,1,서울특별시 성북구 정릉동 508-160번지
11290,13300,0,0508,0160,아크로빌 성북,,표제부,공동주택,공동주택(단지형다세대),784,118.08,583.55,20191223,3,1,서울특별시 성북구 정릉동 508-160번지
11290,13300,0,0508,0162,,,일반건축물,단독주택,단독주택,403,120.6,328.83,19961101,2,1,서울특별시 성북구 정릉동 508-162번지
11290,13300,0,0508,0164,,,일반건축물,단독주택,"단독주택, 근린생활시설",407,121.37,385.58,20150123,3,1,서울특별시 성북구 정릉동 508-164번지
11290,13300,0,0508,0165,현대하이츠빌라,,표제부,공동주택,다세대 주택,407,121.5,457.38,19951221,3,1,서울특별시 성북구 정릉동 508-165번지
11290,13300,0,0508,0166,,,일반건축물,단독주택,"주택, 근린생활시설",0,0,351.63,19700530,2,1,서울특별시 성북구 정릉동 508-166번지
11290,13300,0,0508,0167,,,일반건축물,제2종근린생활시설,제2종근린생활시설(사무소),692,180.56,338.49,19930529,2,1,서울특별시 성북구 정릉동 508-167번지
11290,13300,0,0508,0169,,,표제부,공동주택,연립주택(8세대),529,278.76,1368.3,19960429,4,1,서울특별시 성북구 정릉동 508-169번지
11290,13300,0,0508,0170,,,표제부,공동주택,연립주택,516.12,309.25,1562.07,19970424,4,1,서울특별시 성북구 정릉동 508-170번지
11290,13300,0,0508,0171,성북참병원,,일반건축물,노유자시설,노유자시설,2430,1436.84,9617.48,20020610,5,4,서울특별시 성북구 정릉동 508-171번지
11290,13300,0,0508,0173,스카이힐스테이,,표제부,공동주택,다세대주택,550,214.79,664.12,20081215,4,0,서울특별시 성북구 정릉동 508-173번지
11290,13300,0,0508,0182,,,일반건축물,제2종근린생활시설,제2종근린생활시설,0,0,325.52,19831020,2,1,서울특별시 성북구 정릉동 508-182번지
11290,13300,0,0508,0183,성북참요양병원 별관동,,일반건축물,의료시설,의료시설-요양병원,398,187,829.43,20260507,4,1,서울특별시 성북구 정릉동 508-183번지
11290,13300,0,0508,0186,,,표제부,공동주택,다세대주택,0,52.47,157.41,19900504,2,1,서울특별시 성북구 정릉동 508-186번지
11290,13300,0,0508,0187,,,표제부,공동주택,다세대주택,0,91.27,176.24,19900710,1,1,서울특별시 성북구 정릉동 508-187번지
11290,13300,0,0508,0188,,,표제부,공동주택,다세대주택,0,96.14,288.42,19900710,2,1,서울특별시 성북구 정릉동 508-188번지
11290,13300,0,0508,0189,,,표제부,공동주택,연립주택,0,365.68,1460.8,19900608,3,1,서울특별시 성북구 정릉동 508-189번지
11290,13300,0,0508,0191,,,일반건축물,단독주택,단독주택,0,0,249.33,19900702,2,1,서울특별시 성북구 정릉동 508-191번지
11290,13300,0,0508,0193,,,표제부,공동주택,연립주택,0,454.84,1800,19911009,3,1,서울특별시 성북구 정릉동 508-193번지
11290,13300,0,0508,0194,,,표제부,공동주택,다세대주택(16세대),0,284.68,898.32,19920924,3,1,서울특별시 성북구 정릉동 508-194번지
11290,13300,0,0508,0199,,,표제부,공동주택,다세대주택,165,79.05,282.83,19910820,2,2,서울특별시 성북구 정릉동 508-199번지
11290,13300,0,0508,0200,,,표제부,공동주택,다세대주택,241,106.24,468,19971204,4,1,서울특별시 성북구 정릉동 508-200번지
11290,13300,0,0508,0201,장원아파트,,표제부,공동주택,"아파트, 근린생활시설",920,277.52,2230.94,19981230,7,2,서울특별시 성북구 정릉동 508-201번지
11290,13300,0,0508,0203,스카이뷰,,표제부,공동주택,"공동주택,다세대",215,127.88,499.36,20021129,5,0,서울특별시 성북구 정릉동 508-203번지
11290,13300,0,0509,0000,,,표제부,공동주택,공동주택,191,114,379.55,20120917,5,0,서울특별시 성북구 정릉동 509번지
11290,13300,0,0509,0002,,,표제부,공동주택,다세대주택(3세대),100,55.22,162.25,19890626,2,1,서울특별시 성북구 정릉동 509-2번지
11290,13300,0,0510,0002,,,일반건축물,단독주택,"주택, 근린생활시설",0,0,69.42,19440928,1,0,서울특별시 성북구 정릉동 510-2번지
11290,13300,0,0510,0144,,,일반건축물,단독주택,다가구 주택(4가구),98.5,55.18,148.59,19930630,2,1,서울특별시 성북구 정릉동 510-144번지
11290,13300,0,0513,0000,,,일반건축물,단독주택,주택,0,0,56.2,19401003,1,0,서울특별시 성북구 정릉동 513번지
11290,13300,0,0513,0001,,,일반건축물,단독주택,주택,0,0,54.92,19650830,1,0,서울특별시 성북구 정릉동 513-1번지
11290,13300,0,0513,0002,,,일반건축물,단독주택,주택,0,0,105.02,19700606,1,1,서울특별시 성북구 정릉동 513-2번지
11290,13300,0,0513,0003,,,일반건축물,단독주택,주택,0,0,35.7,19641230,1,0,서울특별시 성북구 정릉동 513-3번지
11290,13300,0,0513,0004,,,일반건축물,단독주택,주택,42.9,0,40.7,19850630,1,0,서울특별시 성북구 정릉동 513-4번지
11290,13300,0,0513,0005,,,일반건축물,단독주택,다가구용단독주택(4가구),0,0,186.3,19911216,2,1,서울특별시 성북구 정릉동 513-5번지
11290,13300,0,0513,0006,,,일반건축물,단독주택,다가구용단독주택(4가구),0,0,153.93,19911015,2,1,서울특별시 성북구 정릉동 513-6번지
11290,13300,0,0514,0000,,,일반건축물,단독주택,단독주택(다가구주택),58,31.08,99.83,20190307,4,0,서울특별시 성북구 정릉동 514번지
11290,13300,0,0515,0001,,,일반건축물,단독주택,다가구용단독주택(6가구),180,101.39,284.62,19910329,3,1,서울특별시 성북구 정릉동 515-1번지
11290,13300,0,0515,0002,,,일반건축물,단독주택,주택,0,0,36.73,19670524,1,0,서울특별시 성북구 정릉동 515-2번지
11290,13300,0,0515,0003,,,일반건축물,단독주택,"주택, 근린생활시설",0,0,46.25,19670524,1,0,서울특별시 성북구 정릉동 515-3번지
11290,13300,0,0516,0001,,,일반건축물,단독주택,주택,0,0,35.5,19641114,1,0,서울특별시 성북구 정릉동 516-1번지
11290,13300,0,0517,0001,,,일반건축물,제1종근린생활시설,근린생활시설,0,62,244.04,19921204,3,1,서울특별시 성북구 정릉동 517-1번지
11290,13300,0,0517,0002,,,일반건축물,제2종근린생활시설,제2종근린생활시설(제조업소),149,71.38,71.38,19661103,1,0,서울특별시 성북구 정릉동 517-2번지
11290,13300,0,0517,0003,,,일반건축물,단독주택,단독주택(다가구주택) 및 제2종근린생활시설,109,64.54,217.76,20171123,5,0,서울특별시 성북구 정릉동 517-3번지
11290,13300,0,0518,0001,,,일반건축물,단독주택,주택,0,0,29.75,,1,0,서울특별시 성북구 정릉동 518-1번지
11290,13300,0,0518,0003,,,일반건축물,단독주택,단독주택,64.5,34.41,34.41,20060111,1,0,서울특별시 성북구 정릉동 518-3번지
11290,13300,0,0519,0001,,,일반건축물,단독주택,"다가구용 단독주택(2가구), 근린생활시설",139,81.81,199.34,19940429,3,0,서울특별시 성북구 정릉동 519-1번지
11290,13300,0,0520,0000,,,일반건축물,단독주택,단독주택,137,68.46,203.22,19900928,2,1,서울특별시 성북구 정릉동 520번지
11290,13300,0,0521,0000,하이디아트빌,,표제부,공동주택,"공동주택(다세대주택), 제2종근린생활시설",176,105.14,349.31,20100528,5,0,서울특별시 성북구 정릉동 521번지
11290,13300,0,0522,0000,,,일반건축물,단독주택,"주택, 근린생활시설, 대피실",0,0,154.53,19880604,3,1,서울특별시 성북구 정릉동 522번지
11290,13300,0,0523,0001,,,일반건축물,단독주택,"다가구용단독주택(2가구), 근린생활시설",0,0,142.5,19910601,3,1,서울특별시 성북구 정릉동 523-1번지
11290,13300,0,0523,0002,,,일반건축물,단독주택,"다가구용 단독주택(2가구),근린생활시설",83.3,47.06,203.3,19940604,4,1,서울특별시 성북구 정릉동 523-2번지
11290,13300,0,0523,0004,,,일반건축물,단독주택,"주택, 근린생활시설",0,0,196.2,19901206,3,1,서울특별시 성북구 정릉동 523-4번지
11290,13300,0,0523,0006,,,일반건축물,단독주택,다가구용단독주택(5가구),0,0,196.29,19910328,2,1,서울특별시 성북구 정릉동 523-6번지
11290,13300,0,0524,0001,,,일반건축물,단독주택,주택,0,0,170.13,19861103,2,1,서울특별시 성북구 정릉동 524-1번지
11290,13300,0,0524,0002,,,일반건축물,제2종근린생활시설,근린생활시설,0,0,143.27,19910515,3,1,서울특별시 성북구 정릉동 524-2번지
11290,13300,0,0525,0001,아이콘스타,,표제부,공동주택,"공동주택(다세대주택), 근린생활시설",387,230.19,852.61,20220331,6,1,서울특별시 성북구 정릉동 525-1번지
11290,13300,0,0525,0002,,,일반건축물,단독주택,다가구용단독주택(2가구),109,61.96,119.72,19941011,2,0,서울특별시 성북구 정릉동 525-2번지
11290,13300,0,0527,0000,,,일반건축물,제2종근린생활시설,근린생활시설,0,0,208.81,19870627,2,0,서울특별시 성북구 정릉동 527번지
11290,13300,0,0528,0000,젬스톤빌리지,,표제부,공동주택,공동주택(다세대주택),389,233.04,656.55,20111222,5,0,서울특별시 성북구 정릉동 528번지
11290,13300,0,0530,0000,,,일반건축물,단독주택,주택,0,0,23.14,19401003,1,0,서울특별시 성북구 정릉동 530번지
11290,13300,0,0532,0000,,,일반건축물,단독주택,주택,0,0,62.81,,1,0,서울특별시 성북구 정릉동 532번지
11290,13300,0,0536,0003,,,표제부,공동주택,다세대 주택,235,115.57,448,19930913,3,1,서울특별시 성북구 정릉동 536-3번지
11290,13300,0,0536,0024,,,일반건축물,단독주택,주택,0,0,31.6,19680802,1,0,서울특별시 성북구 정릉동 536-24번지
11290,13300,0,0543,0000,,,일반건축물,단독주택,주택,0,0,29.75,19401003,1,0,서울특별시 성북구 정릉동 543번지
11290,13300,0,0545,0001,늘봄하우스,,일반건축물,단독주택,단독주택(다가구주택),248.59,148.34,494.25,20180817,5,0,서울특별시 성북구 정릉동 545-1번지
11290,13300,0,0545,0004,스카이 빌,,표제부,공동주택,공동주택,188,110.67,372.3,20190419,5,0,서울특별시 성북구 정릉동 545-4번지
11290,13300,0,0545,0005,,,일반건축물,단독주택,"주택,근린생활시설",480.5,235.44,429.84,19650430,2,1,서울특별시 성북구 정릉동 545-5번지
11290,13300,0,0545,0012,,,일반건축물,제1종근린생활시설,제1종근린생활시설(소매점),0,0,26.81,19680430,1,0,서울특별시 성북구 정릉동 545-12번지
11290,13300,0,0545,0013,,,일반건축물,단독주택,주택,0,0,28.1,19680430,1,0,서울특별시 성북구 정릉동 545-13번지
11290,13300,0,0545,0014,,,일반건축물,단독주택,주택,0,0,28.73,19680430,1,0,서울특별시 성북구 정릉동 545-14번지
11290,13300,0,0545,0015,,,일반건축물,단독주택,주택,0,0,35.95,19660501,1,0,서울특별시 성북구 정릉동 545-15번지
11290,13300,0,0546,0000,,,일반건축물,단독주택,주택,0,0,38.02,19401003,1,0,서울특별시 성북구 정릉동 546번지
11290,13300,0,0546,0001,,,일반건축물,단독주택,다가구용단독주택(3가구),0,0,190.05,19911011,2,1,서울특별시 성북구 정릉동 546-1번지
11290,13300,0,0547,0000,,,일반건축물,단독주택,주택,0,0,69.59,19660820,1,0,서울특별시 성북구 정릉동 547번지
11290,13300,0,0548,0000,,,일반건축물,단독주택,주택,0,0,67.01,19671220,1,0,서울특별시 성북구 정릉동 548번지
11290,13300,0,0548,0001,,,일반건축물,단독주택,주택,0,0,39.6,19671202,1,0,서울특별시 성북구 정릉동 548-1번지
11290,13300,0,0548,0002,,,일반건축물,단독주택,주택,0,0,50.48,19671220,1,0,서울특별시 성북구 정릉동 548-2번지
11290,13300,0,0548,0003,,,일반건축물,단독주택,주택,0,0,49.88,19671220,1,0,서울특별시 성북구 정릉동 548-3번지
11290,13300,0,0548,0005,,,일반건축물,단독주택,주택,0,0,93.98,19891229,1,1,서울특별시 성북구 정릉동 548-5번지
11290,13300,0,0549,0002,,,일반건축물,단독주택,"주택,근린생활시설",145,65.65,65.65,19661201,1,0,서울특별시 성북구 정릉동 549-2번지
11290,13300,0,0549,0003,,,일반건축물,단독주택,주택,0,0,55.44,19690816,1,0,서울특별시 성북구 정릉동 549-3번지
11290,13300,0,0550,0000,,,표제부,공동주택,다세대주택(15),337.73,163.33,640.93,19951228,3,1,서울특별시 성북구 정릉동 550번지
11290,13300,0,0550,0007,,,일반건축물,단독주택,주택,0,0,36.8,19690123,1,0,서울특별시 성북구 정릉동 550-7번지
11290,13300,0,0551,0000,,,일반건축물,제1종근린생활시설,근린생활시설,0,0,25.88,19690501,1,0,서울특별시 성북구 정릉동 551번지
11290,13300,0,0553,0003,,,일반건축물,단독주택,주택,0,0,29.19,19671125,1,0,서울특별시 성북구 정릉동 553-3번지
11290,13300,0,0556,0009,,,일반건축물,제1종근린생활시설,제1종근린생활시설,0,0,238.11,19900721,2,1,서울특별시 성북구 정릉동 556-9번지
11290,13300,0,0556,0010,,,일반건축물,단독주택,주택,0,0,158.94,19810421,1,1,서울특별시 성북구 정릉동 556-10번지
11290,13300,0,0556,0012,,,일반건축물,단독주택,주택,0,0,207.15,19840821,2,1,서울특별시 성북구 정릉동 556-12번지
11290,13300,0,0556,0018,,,표제부,공동주택,다세대주택,0,81.99,249.09,19860409,2,1,서울특별시 성북구 정릉동 556-18번지
11290,13300,0,0556,0029,,,일반건축물,단독주택,주택,0,0,105.19,19780329,1,1,서울특별시 성북구 정릉동 556-29번지
11290,13300,0,0556,0038,,,일반건축물,단독주택,주택,0,0,304.36,19871130,2,1,서울특별시 성북구 정릉동 556-38번지
11290,13300,0,0556,0048,,,일반건축물,단독주택,단독주택,198,111.33,199.96,20230530,3,0,서울특별시 성북구 정릉동 556-48번지
11290,13300,0,0556,0050,,,표제부,공동주택,다세대주택,238.6,139.96,448.39,20160114,5,0,서울특별시 성북구 정릉동 556-50번지
11290,13300,0,0556,0052,,,일반건축물,단독주택,"단독주택(다가구주택), 제1종근린생활시설(휴게음식점)",106,62.1,276.23,20181218,5,1,서울특별시 성북구 정릉동 556-52번지
11290,13300,0,0556,0053,,,표제부,공동주택,다세대주택,0,81.99,249.09,19860319,2,1,서울특별시 성북구 정릉동 556-53번지
11290,13300,0,0559,0000,,,일반건축물,단독주택,다가구용단독주택(3가구),0,0,139.44,19910615,2,1,서울특별시 성북구 정릉동 559번지
11290,13300,0,0559,0010,에이호,,일반건축물,단독주택,주택,0,0,164.28,19830122,2,0,서울특별시 성북구 정릉동 559-10번지
11290,13300,0,0559,0027,미소주택,,표제부,공동주택,공동주택(다세대주택),264.9,156.65,659.91,20170801,4,1,서울특별시 성북구 정릉동 559-27번지
11290,13300,0,0559,0028,,,일반건축물,단독주택,다가구용 단독주택(3가구),74.99,44.77,112.19,19970826,2,1,서울특별시 성북구 정릉동 559-28번지
11290,13300,0,0559,0029,,,일반건축물,단독주택,주택,0,0,138.65,19790611,1,1,서울특별시 성북구 정릉동 559-29번지
11290,13300,0,0559,0030,,,일반건축물,단독주택,다가구용 단독주택(3가구),82.4,48.32,138.95,19970826,2,1,서울특별시 성북구 정릉동 559-30번지
11290,13300,0,0559,0031,,,일반건축물,단독주택,다가구용단독주택(3가구),90.57,50.51,138.56,19970826,2,1,서울특별시 성북구 정릉동 559-31번지
11290,13300,0,0559,0032,,,일반건축물,단독주택,주택,0,0,57.55,19681115,1,0,서울특별시 성북구 정릉동 559-32번지
11290,13300,0,0559,0033,스카이 빌,,표제부,공동주택,도시형생활주택(단지형다세대),341,190.55,681.34,20230614,7,0,서울특별시 성북구 정릉동 559-33번지
11290,13300,0,0559,0035,,,일반건축물,단독주택,단독주택,83,49.72,99.38,20170228,3,0,서울특별시 성북구 정릉동 559-35번지
11290,13300,0,0559,0037,,,일반건축물,단독주택,다가구용단독주택(3가구),80.9,48.44,117.78,19970826,2,1,서울특별시 성북구 정릉동 559-37번지
11290,13300,0,0559,0038,,,일반건축물,단독주택,단독주택,64.05,38.4,115.64,20160811,4,0,서울특별시 성북구 정릉동 559-38번지
11290,13300,0,0559,0040,,,표제부,공동주택,다세대주택,99,45.4,141.28,20090528,4,0,서울특별시 성북구 정릉동 559-40번지
11290,13300,0,0559,0041,,,일반건축물,단독주택,주택,68.51,0,88.65,19850509,2,0,서울특별시 성북구 정릉동 559-41번지
11290,13300,0,0559,0042,,,표제부,공동주택,공동주택(단지형다세대),155.44,92.42,305.02,20190626,5,0,서울특별시 성북구 정릉동 559-42번지
11290,13300,0,0559,0043,,,표제부,공동주택,다세대주택(10세대),219.39,130.49,496.33,20180615,5,1,서울특별시 성북구 정릉동 559-43번지
11290,13300,0,0559,0046,,,표제부,공동주택,공동주택(단지형다세대),323.13,191.93,829.53,20190626,4,1,서울특별시 성북구 정릉동 559-46번지
11290,13300,0,0559,0048,,,일반건축물,단독주택,주택,0,0,247.7,19800703,2,1,서울특별시 성북구 정릉동 559-48번지
11290,13300,0,0559,0050,,,일반건축물,단독주택,다가구용단독주택(3가구),0,0,159,19920326,2,1,서울특별시 성북구 정릉동 559-50번지
11290,13300,0,0559,0057,,,일반건축물,단독주택,주택,0,0,95.87,19961020,1,1,서울특별시 성북구 정릉동 559-57번지
11290,13300,0,0559,0058,,,일반건축물,단독주택,"주택, 대피소",0,0,96.49,19780801,1,1,서울특별시 성북구 정릉동 559-58번지
11290,13300,0,0559,0059,,,일반건축물,단독주택,주택,0,0,145.43,19770611,2,1,서울특별시 성북구 정릉동 559-59번지
11290,13300,0,0559,0060,,,일반건축물,단독주택,주택,0,0,114.74,19780211,1,1,서울특별시 성북구 정릉동 559-60번지
11290,13300,0,0559,0062,,,일반건축물,단독주택,주택,0,0,173.88,19790917,1,1,서울특별시 성북구 정릉동 559-62번지
11290,13300,0,0559,0063,,,표제부,공동주택,"공동주택,다세대(8세대)",184,109.88,498.81,20020823,4,1,서울특별시 성북구 정릉동 559-63번지
11290,13300,0,0559,0064,,,표제부,공동주택,다세대주택(8세대),214.25,126.94,660.68,20020627,4,1,서울특별시 성북구 정릉동 559-64번지
11290,13300,0,0559,0066,,,일반건축물,단독주택,주택,0,0,139.24,19761221,2,1,서울특별시 성북구 정릉동 559-66번지
11290,13300,0,0559,0067,,,일반건축물,단독주택,주택,0,0,163.14,19761221,2,1,서울특별시 성북구 정릉동 559-67번지
11290,13300,0,0559,0069,,,일반건축물,단독주택,주택,0,0,180.8,19781229,2,1,서울특별시 성북구 정릉동 559-69번지
11290,13300,0,0559,0070,,,일반건축물,단독주택,주택,0,0,199.72,19780714,2,1,서울특별시 성북구 정릉동 559-70번지
11290,13300,0,0559,0071,,,일반건축물,단독주택,주택,0,0,129.48,19761222,2,1,서울특별시 성북구 정릉동 559-71번지
11290,13300,0,0559,0072,,,일반건축물,단독주택,주택,0,0,137.69,19820730,1,1,서울특별시 성북구 정릉동 559-72번지
11290,13300,0,0559,0073,,,일반건축물,단독주택,주택,0,0,94.15,19780703,1,1,서울특별시 성북구 정릉동 559-73번지
11290,13300,0,0559,0074,,,일반건축물,단독주택,주택,0,0,221.43,19841112,2,1,서울특별시 성북구 정릉동 559-74번지
11290,13300,0,0559,0075,토토그랑빌,,표제부,공동주택,공동주택(다세대주택),482,237.78,933.94,20090320,4,1,서울특별시 성북구 정릉동 559-75번지
11290,13300,0,0559,0077,,,표제부,공동주택,"다세대주택,근린생활시설",241,105.1,544.78,20040508,4,1,서울특별시 성북구 정릉동 559-77번지
11290,13300,0,0559,0079,,,일반건축물,단독주택,주택,0,0,116.1,19780325,1,1,서울특별시 성북구 정릉동 559-79번지
11290,13300,0,0559,0080,,,표제부,공동주택,다세대주택<7>,185,110.68,440.74,19970930,3,1,서울특별시 성북구 정릉동 559-80번지
11290,13300,0,0559,0081,,,일반건축물,단독주택,주택,0,0,95.04,19770907,1,1,서울특별시 성북구 정릉동 559-81번지
11290,13300,0,0559,0082,,,일반건축물,단독주택,단독주택,212,85.25,49.94,20260106,1,0,서울특별시 성북구 정릉동 559-82번지
11290,13300,0,0559,0083,,,일반건축물,단독주택,다가구주택,208,102.4,230.08,20231211,2,1,서울특별시 성북구 정릉동 559-83번지
11290,13300,0,0559,0084,,,일반건축물,단독주택,"주택, 보이라실",0,0,102.01,19780814,1,1,서울특별시 성북구 정릉동 559-84번지
11290,13300,0,0559,0085,,,일반건축물,단독주택,주택,0,0,186.21,19791228,2,1,서울특별시 성북구 정릉동 559-85번지
11290,13300,0,0559,0086,행복한우리어린이집,,일반건축물,노유자시설,노유자시설(아동관련시설),262,102.14,199.84,19790504,2,1,서울특별시 성북구 정릉동 559-86번지
11290,13300,0,0559,0087,대명빌라,,표제부,공동주택,공동주택(다세대주택),0,0,216.29,19910912,2,1,서울특별시 성북구 정릉동 559-87번지
11290,13300,0,0559,0088,,,표제부,공동주택,공동주택,0,95.7,475.87,19910827,3,2,서울특별시 성북구 정릉동 559-88번지
11290,13300,0,0559,0090,,,일반건축물,단독주택,"주택, 근린생활시설",0,0,154.09,19790920,1,1,서울특별시 성북구 정릉동 559-90번지
11290,13300,0,0559,0093,,,일반건축물,단독주택,주택,0,0,93.06,19770623,1,1,서울특별시 성북구 정릉동 559-93번지
11290,13300,0,0559,0094,,,일반건축물,단독주택,다가구주택,198,111.73,410.4,20041116,3,1,서울특별시 성북구 정릉동 559-94번지
11290,13300,0,0559,0097,,,표제부,공동주택,다세대주택,105.12,62.78,184.41,19920221,2,1,서울특별시 성북구 정릉동 559-97번지
11290,13300,0,0559,0103,,,일반건축물,단독주택,주택,0,0,326.78,19861007,2,1,서울특별시 성북구 정릉동 559-103번지
11290,13300,0,0559,0105,,,일반건축물,단독주택,주택,0,0,115.43,19780826,1,1,서울특별시 성북구 정릉동 559-105번지
11290,13300,0,0559,0108,,,표제부,공동주택,다세대주택,400,169.62,642.08,19950929,4,1,서울특별시 성북구 정릉동 559-108번지
11290,13300,0,0559,0110,,,표제부,공동주택,연립주택,0,320.99,698.51,19791023,2,1,서울특별시 성북구 정릉동 559-110번지
11290,13300,0,0559,0110,,,일반건축물,제1종근린생활시설,점포,0,0,36,19791023,1,0,서울특별시 성북구 정릉동 559-110번지
11290,13300,0,0559,0114,,,표제부,공동주택,다세대주택(2세대),661,160.26,277.81,19741008,2,1,서울특별시 성북구 정릉동 559-114번지
11290,13300,0,0559,0115,,,표제부,공동주택,다세대주택(6세대),0,216.54,651.57,19920826,3,1,서울특별시 성북구 정릉동 559-115번지
11290,13300,0,0559,0119,,,일반건축물,단독주택,주택,0,0,203.46,19781121,2,1,서울특별시 성북구 정릉동 559-119번지
11290,13300,0,0559,0120,,,일반건축물,단독주택,주택,0,0,114.61,19760806,1,1,서울특별시 성북구 정릉동 559-120번지
11290,13300,0,0559,0145,,,일반건축물,단독주택,주택,0,0,247.7,19820724,2,1,서울특별시 성북구 정릉동 559-145번지
11290,13300,0,0559,0163,,,표제부,공동주택,연립주택,0,166.41,388.36,19800410,2,1,서울특별시 성북구 정릉동 559-163번지
11290,13300,0,0559,0168,,,일반건축물,단독주택,주택,0,0,117.59,19750712,1,1,서울특별시 성북구 정릉동 559-168번지
11290,13300,0,0559,0169,,,일반건축물,단독주택,주택,0,0,120.56,19750707,1,1,서울특별시 성북구 정릉동 559-169번지
11290,13300,0,0559,0170,,,일반건축물,단독주택,주택,0,0,181.43,19740814,2,1,서울특별시 성북구 정릉동 559-170번지
11290,13300,0,0559,0171,,,일반건축물,단독주택,주택,0,0,207.01,19731006,2,1,서울특별시 성북구 정릉동 559-171번지
11290,13300,0,0559,0174,,,일반건축물,단독주택,단독주택,0,0,221.76,19901231,1,1,서울특별시 성북구 정릉동 559-174번지
11290,13300,0,0559,0175,,,일반건축물,단독주택,다가구주택,357,142.87,164.03,1974,1,1,서울특별시 성북구 정릉동 559-175번지
11290,13300,0,0559,0178,,,일반건축물,단독주택,주택,0,0,200.61,19910212,2,1,서울특별시 성북구 정릉동 559-178번지
11290,13300,0,0559,0179,,,일반건축물,단독주택,다가구용단독주택(5가구),0,0,240.84,19910109,2,1,서울특별시 성북구 정릉동 559-179번지
11290,13300,0,0559,0180,,,일반건축물,단독주택,다가구용단독주택(3가구),0,0,116.07,19910625,2,1,서울특별시 성북구 정릉동 559-180번지
11290,13300,0,0559,0188,,,표제부,공동주택,연립주택,0,159.34,354.32,19791010,2,1,서울특별시 성북구 정릉동 559-188번지
11290,13300,0,0559,0191,,,표제부,공동주택,다세대주택,0,102.6,315.36,19921013,2,1,서울특별시 성북구 정릉동 559-191번지
11290,13300,0,0559,0196,,,일반건축물,단독주택,주택,0,0,91.97,19781109,1,1,서울특별시 성북구 정릉동 559-196번지
11290,13300,0,0559,0200,,,일반건축물,제2종근린생활시설,근린생활시설,605,130.81,320.79,19781101,2,1,서울특별시 성북구 정릉동 559-200번지
11290,13300,0,0559,0203,,,일반건축물,단독주택,주택,0,0,127.27,19781218,1,1,서울특별시 성북구 정릉동 559-203번지
11290,13300,0,0559,0204,,,일반건축물,단독주택,주택,255,88.33,311.39,19790806,2,1,서울특별시 성북구 정릉동 559-204번지
11290,13300,0,0559,0209,,,일반건축물,단독주택,"주택, 근린생활시설",0,0,229.19,19801126,2,1,서울특별시 성북구 정릉동 559-209번지
11290,13300,0,0559,0214,,,표제부,공동주택,연립주택,0,138.12,552.48,19841108,3,1,서울특별시 성북구 정릉동 559-214번지
11290,13300,0,0559,0221,,,일반건축물,단독주택,주택,0,0,132.25,19900901,2,1,서울특별시 성북구 정릉동 559-221번지
11290,13300,0,0559,0224,,,일반건축물,단독주택,다가구용단독주택,0,0,86.4,19781109,1,1,서울특별시 성북구 정릉동 559-224번지
11290,13300,0,0559,0226,,,일반건축물,단독주택,다가구용단독주택(3가구),0,0,157.81,19910615,2,1,서울특별시 성북구 정릉동 559-226번지
11290,13300,0,0559,0227,대명빌라,,표제부,공동주택,공동주택(다세대주택),0,0,155.37,19910912,2,1,서울특별시 성북구 정릉동 559-227번지
11290,13300,0,0559,0229,,,표제부,공동주택,다세대주택(3세대),144.45,84.91,277.45,19940121,3,1,서울특별시 성북구 정릉동 559-229번지
11290,13300,0,0559,0230,,,표제부,공동주택,공동주택,0,95.94,373.92,19910827,2,2,서울특별시 성북구 정릉동 559-230번지
11290,13300,0,0559,0248,,,표제부,공동주택,다세대주택(10세대),209.4,124.59,484.29,20180615,5,1,서울특별시 성북구 정릉동 559-248번지
11290,13300,0,0560,0001,,,일반건축물,단독주택,단독주택,0,0,161.34,19910212,2,1,서울특별시 성북구 정릉동 560-1번지
11290,13300,0,0560,0003,,,일반건축물,단독주택,단독주택,0,0,202.59,19911213,2,1,서울특별시 성북구 정릉동 560-3번지
11290,13300,0,0560,0004,,,일반건축물,단독주택,단독주택,0,0,162.45,19901222,2,1,서울특별시 성북구 정릉동 560-4번지
11290,13300,0,0561,0000,,,표제부,공동주택,다세대주택,0,110.22,322.6,19890908,2,1,서울특별시 성북구 정릉동 561번지
11290,13300,0,0561,0002,,,표제부,공동주택,연립주택,0,505.65,2022.6,19900609,3,1,서울특별시 성북구 정릉동 561-2번지
11290,13300,0,0562,0004,,,일반건축물,단독주택,주택,0,0,16.53,,1,0,서울특별시 성북구 정릉동 562-4번지
11290,13300,0,0562,0005,,,일반건축물,단독주택,"주택, 근린생활시설",25.92,0,17.3,19850630,1,0,서울특별시 성북구 정릉동 562-5번지
11290,13300,0,0562,0006,조약돌,,일반건축물,단독주택,단독주택,76,45.45,157.57,20220712,4,0,서울특별시 성북구 정릉동 562-6번지
11290,13300,0,0563,0001,,,일반건축물,단독주택,주택,0,0,23.14,19430525,1,0,서울특별시 성북구 정릉동 563-1번지
11290,13300,0,0568,0000,,,일반건축물,단독주택,주택,0,0,23.14,,1,0,서울특별시 성북구 정릉동 568번지
11290,13300,0,0569,0000,,,일반건축물,단독주택,주택,0,0,25.06,19670915,1,0,서울특별시 성북구 정릉동 569번지
11290,13300,0,0569,0000,,,일반건축물,단독주택,주택,0,0,24.33,19670915,1,0,서울특별시 성북구 정릉동 569번지
11290,13300,0,0570,0000,,,일반건축물,단독주택,주택,0,0,19.83,,1,0,서울특별시 성북구 정릉동 570번지
11290,13300,0,0572,0000,,,일반건축물,단독주택,주택,0,0,35.54,19580708,1,0,서울특별시 성북구 정릉동 572번지
11290,13300,0,0577,0000,,,일반건축물,단독주택,주택,0,0,89.26,19571014,1,0,서울특별시 성북구 정릉동 577번지
11290,13300,0,0582,0001,,,일반건축물,단독주택,"주택, 근린생활시설",0,0,174.03,19911219,3,1,서울특별시 성북구 정릉동 582-1번지
11290,13300,0,0583,0001,,,일반건축물,제1종근린생활시설,근린생활시설,0,0,39.67,,1,0,서울특별시 성북구 정릉동 583-1번지
11290,13300,0,0584,0000,,,일반건축물,제1종근린생활시설,소매점,0,0,42.98,19590310,1,0,서울특별시 성북구 정릉동 584번지
11290,13300,0,0585,0002,,,일반건축물,제2종근린생활시설,제2종근린생활시설(일반음식점),0,0,51.74,19611010,1,0,서울특별시 성북구 정릉동 585-2번지
11290,13300,0,0590,0001,,,일반건축물,단독주택,주택,0,0,91.75,19651201,1,0,서울특별시 성북구 정릉동 590-1번지
11290,13300,0,0592,0001,,,일반건축물,단독주택,주택,0,0,29.75,,1,0,서울특별시 성북구 정릉동 592-1번지
11290,13300,0,0592,0002,,,일반건축물,단독주택,주택,0,0,26.45,,1,0,서울특별시 성북구 정릉동 592-2번지
11290,13300,0,0592,0002,,,일반건축물,단독주택,주택,0,0,23.14,,1,0,서울특별시 성북구 정릉동 592-2번지
11290,13300,0,0598,0000,,,일반건축물,단독주택,주택,0,0,23.14,19541015,1,0,서울특별시 성북구 정릉동 598번지
11290,13300,0,0598,0008,,,일반건축물,단독주택,주택,0,0,26.12,19590601,1,0,서울특별시 성북구 정릉동 598-8번지
11290,13300,0,0603,0005,,,일반건축물,단독주택,주택,0,0,61.12,19751113,1,0,서울특별시 성북구 정릉동 603-5번지
11290,13300,0,0604,0066,,,일반건축물,단독주택,"주택, 창고",0,0,199.93,19751113,1,1,서울특별시 성북구 정릉동 604-66번지
11290,13300,0,0607,0000,,,표제부,공동주택,공동주택(도시형생활주택(단지형다세대)),1006.7,161.17,652.7,20170414,6,0,서울특별시 성북구 정릉동 607번지
11290,13300,0,0607,0000,,,표제부,공동주택,공동주택(도시형생활주택(단지형다세대)),1006.7,157.26,751.66,20170414,6,1,서울특별시 성북구 정릉동 607번지
11290,13300,0,0607,0000,,,표제부,공동주택,공동주택(도시형생활주택(단지형다세대)),1006.7,155.85,651.8,20170414,6,0,서울특별시 성북구 정릉동 607번지
11290,13300,0,0607,0001,,,표제부,공동주택,다세대주택,0,80.4,241.2,19881230,2,1,서울특별시 성북구 정릉동 607-1번지
11290,13300,0,0607,0002,정릉 607.2 완두콩공유주택,,일반건축물,단독주택,"제1종근린생활시설,다중주택",210,125.37,301.99,20170620,3,1,서울특별시 성북구 정릉동 607-2번지
11290,13300,0,0607,0007,,,표제부,공동주택,다세대주택(3),102.72,51.21,158.87,19900910,2,1,서울특별시 성북구 정릉동 607-7번지
11290,13300,0,0607,0011,,,표제부,공동주택,연립주택,0,310.88,932.64,19821220,2,1,서울특별시 성북구 정릉동 607-11번지
11290,13300,0,0607,0014,,,표제부,공동주택,다세대주택,0,79.43,238.29,19870610,2,1,서울특별시 성북구 정릉동 607-14번지
11290,13300,0,0607,0015,,,일반건축물,단독주택,단독주택,199.36,64.45,64.08,20151029,1,0,서울특별시 성북구 정릉동 607-15번지
11290,13300,0,0607,0018,,,표제부,공동주택,다세대주택,269,143.84,534.5,20200609,5,0,서울특별시 성북구 정릉동 607-18번지
11290,13300,0,0607,0019,,,표제부,공동주택,다세대주택(9세대),0,130.2,610.24,19920117,4,1,서울특별시 성북구 정릉동 607-19번지
11290,13300,0,0607,0020,,,일반건축물,단독주택,단독주택,288,105.49,230.19,19831007,2,1,서울특별시 성북구 정릉동 607-20번지
11290,13300,0,0607,0022,,,일반건축물,단독주택,주택,0,0,201.66,19820726,2,1,서울특별시 성북구 정릉동 607-22번지
11290,13300,0,0607,0024,,,일반건축물,단독주택,주택,0,0,163.62,19831010,2,1,서울특별시 성북구 정릉동 607-24번지
11290,13300,0,0607,0024,,,일반건축물,단독주택,주택,0,0,163.62,19831010,2,1,서울특별시 성북구 정릉동 607-24번지
11290,13300,0,0607,0025,,,표제부,공동주택,다세대주택(9세대),283.51,132.81,588.54,19940903,4,1,서울특별시 성북구 정릉동 607-25번지
11290,13300,0,0607,0027,,,일반건축물,단독주택,단독주택,0,0,170.82,19851227,2,1,서울특별시 성북구 정릉동 607-27번지
11290,13300,0,0607,0028,,,일반건축물,단독주택,주택,128.7,0,120.74,19860617,1,1,서울특별시 성북구 정릉동 607-28번지
11290,13300,0,0607,0033,,,표제부,공동주택,공동주택(다세대주택),228,131.96,384.95,20180907,4,0,서울특별시 성북구 정릉동 607-33번지
11290,13300,0,0607,0034,,,표제부,공동주택,다세대주택,0,98.64,270.4,19811106,2,1,서울특별시 성북구 정릉동 607-34번지
11290,13300,0,0607,0036,,,일반건축물,단독주택,주택,0,0,161.64,19830117,2,1,서울특별시 성북구 정릉동 607-36번지
11290,13300,0,0607,0037,,,표제부,공동주택,다세대주택,167,100,160.87,19830118,2,1,서울특별시 성북구 정릉동 607-37번지
11290,13300,0,0607,0039,,,일반건축물,노유자시설,시립노인정,172,59.83,110.05,19871231,2,0,서울특별시 성북구 정릉동 607-39번지
11290,13300,0,0607,0040,,,표제부,공동주택,다세대주택,0,70.04,219.08,19870610,2,1,서울특별시 성북구 정릉동 607-40번지
11290,13300,0,0607,0041,,,표제부,공동주택,다세대주택,0,104.32,324.9,19881118,2,1,서울특별시 성북구 정릉동 607-41번지
11290,13300,0,0607,0042,,,표제부,공동주택,다세대주택,0,106.3,319.1,19881118,2,1,서울특별시 성북구 정릉동 607-42번지
11290,13300,0,0607,0043,,,표제부,공동주택,다세대주택,0,83.16,249.48,19881230,2,1,서울특별시 성북구 정릉동 607-43번지
11290,13300,0,0607,0044,,,표제부,공동주택,다세대주택,0,83.25,249.75,19890104,2,1,서울특별시 성북구 정릉동 607-44번지
11290,13300,0,0607,0046,,,표제부,공동주택,근린생활시설,218,108.18,322.74,19901110,3,1,서울특별시 성북구 정릉동 607-46번지
11290,13300,0,0607,0047,,,표제부,공동주택,다세대주택(4세대),124,61.56,239.76,19940714,4,0,서울특별시 성북구 정릉동 607-47번지
11290,13300,0,0635,0001,정릉 수복방,,일반건축물,문화및집회시설,문화및집회시설,0,10.64,10.64,19990110,1,0,서울특별시 성북구 정릉동 635-1번지
11290,13300,0,0635,0001,,,일반건축물,관광휴게시설,정릉정자각,2569,0,84.26,19950111,1,0,서울특별시 성북구 정릉동 635-1번지
11290,13300,0,0635,0001,정릉 수라간,,일반건축물,문화및집회시설,문화및집회시설,0,10.58,10.58,20140819,1,0,서울특별시 성북구 정릉동 635-1번지
11290,13300,0,0635,0001,,,일반건축물,관광휴게시설,정릉비각,2569,0,7.14,19950111,1,0,서울특별시 성북구 정릉동 635-1번지
11290,13300,0,0635,0003,,,일반건축물,제1종근린생활시설,화장실,2648,62,62,20080514,1,0,서울특별시 성북구 정릉동 635-3번지
11290,13300,0,0635,0005,저장시설(B)-2,,일반건축물,"국방,군사시설","국방,군사시설",0,14.4,14.4,19861127,1,0,서울특별시 성북구 정릉동 635-5번지
11290,13300,0,0635,0005,간부연구실,,일반건축물,"국방,군사시설","국방,군사시설",0,28,27,20110110,1,0,서울특별시 성북구 정릉동 635-5번지
11290,13300,0,0635,0005,복지시설,,일반건축물,"국방,군사시설","국방,군사시설",0,27,27,20100129,1,0,서울특별시 성북구 정릉동 635-5번지
11290,13300,0,0635,0005,저장시설(B)-3,,일반건축물,"국방,군사시설","국방,군사시설",0,12,12,19861127,1,0,서울특별시 성북구 정릉동 635-5번지
11290,13300,0,0635,0005,저장시설(B)초소,,일반건축물,"국방,군사시설","국방,군사시설",0,6.5,7.5,19771120,2,0,서울특별시 성북구 정릉동 635-5번지
11290,13300,0,0635,0005,차량격납고,,일반건축물,"국방,군사시설","국방,군사시설",0,280.8,280.8,19761120,1,0,서울특별시 성북구 정릉동 635-5번지
11290,13300,0,0635,0005,위병소,,일반건축물,"국방,군사시설","국방,군사시설",0,4.83,4.83,19861225,1,0,서울특별시 성북구 정릉동 635-5번지
11290,13300,0,0635,0005,북카페,,일반건축물,"국방,군사시설","국방,군사시설",0,27,27,20100129,1,0,서울특별시 성북구 정릉동 635-5번지
11290,13300,0,0635,0005,저장시설(B)-4,,일반건축물,"국방,군사시설","국방,군사시설",0,14.4,14.4,19861127,1,0,서울특별시 성북구 정릉동 635-5번지
11290,13300,0,0635,0005,장갑차 격납고 창고,,일반건축물,"국방,군사시설","국방,군사시설",0,23.8,23.8,19761120,1,0,서울특별시 성북구 정릉동 635-5번지
11290,13300,0,0635,0005,저장시설(B)-1,,일반건축물,"국방,군사시설","국방,군사시설",0,28.8,28.8,19861127,1,0,서울특별시 성북구 정릉동 635-5번지
11290,13300,0,0636,0000,,,일반건축물,종교시설,종교시설(사찰),3448,126.64,126.64,19961101,1,0,서울특별시 성북구 정릉동 636번지
11290,13300,0,0637,0000,요사체,,일반건축물,단독주택,주택(요사체),0,209.8,209.8,,1,0,서울특별시 성북구 정릉동 637번지
11290,13300,0,0637,0000,대한불교조계종 봉국사,,일반건축물,종교시설,종교시설(사찰),0,156.55,156.55,20100722,1,0,서울특별시 성북구 정릉동 637번지
11290,13300,0,0637,0000,천불전,,일반건축물,종교시설,사찰,0,130.2,130.2,,1,0,서울특별시 성북구 정릉동 637번지
11290,13300,0,0637,0000,대한불교조계종 봉국사,,일반건축물,종교시설,종교시설(사찰),0,36.38,36.38,20100722,1,0,서울특별시 성북구 정릉동 637번지
11290,13300,0,0640,0000,,,표제부,공동주택,다세대주택(7세대),0,76.47,292.93,19901215,3,1,서울특별시 성북구 정릉동 640번지
11290,13300,0,0640,0003,북악중학교,,일반건축물,교육연구시설,교육연구시설,8097,2023.05,6696.93,19961231,4,0,서울특별시 성북구 정릉동 640-3번지
11290,13300,0,0640,0004,,,일반건축물,단독주택,단독주택,129,49.97,49.97,20080709,1,0,서울특별시 성북구 정릉동 640-4번지
11290,13300,0,0640,0005,,,일반건축물,단독주택,주택,0,0,159.9,19831208,2,1,서울특별시 성북구 정릉동 640-5번지
11290,13300,0,0640,0007,,,일반건축물,종교시설,사찰,0,0,363.18,19890807,2,1,서울특별시 성북구 정릉동 640-7번지
11290,13300,0,0640,0009,,,일반건축물,단독주택,주택,0,0,78.15,19650908,1,0,서울특별시 성북구 정릉동 640-9번지
11290,13300,0,0640,0010,,,일반건축물,단독주택,주택,0,0,248.3,19860203,2,1,서울특별시 성북구 정릉동 640-10번지
11290,13300,0,0640,0011,,,일반건축물,단독주택,주택,0,0,139.47,19660510,1,0,서울특별시 성북구 정릉동 640-11번지
11290,13300,0,0640,0012,,,일반건축물,단독주택,주택,132,0,47.79,19850630,1,0,서울특별시 성북구 정릉동 640-12번지
11290,13300,0,0640,0014,,,일반건축물,단독주택,주택,0,0,275.13,19871124,2,1,서울특별시 성북구 정릉동 640-14번지
11290,13300,0,0640,0015,,,일반건축물,단독주택,주택,282,84.15,318.54,19871124,3,1,서울특별시 성북구 정릉동 640-15번지
11290,13300,0,0640,0018,,,일반건축물,단독주택,다가구용 단독주택(8가구),203,101.12,389.23,19961213,3,1,서울특별시 성북구 정릉동 640-18번지
11290,13300,0,0640,0019,,,일반건축물,단독주택,주택,0,0,249.42,19811124,2,1,서울특별시 성북구 정릉동 640-19번지
11290,13300,0,0640,0021,,,표제부,공동주택,다세대주택(8세대),0,77.38,309.52,19920416,3,1,서울특별시 성북구 정릉동 640-21번지
11290,13300,0,0640,0022,,,일반건축물,단독주택,다가구용단독주택(4가구),0,0,186.52,19920423,3,1,서울특별시 성북구 정릉동 640-22번지
11290,13300,0,0640,0025,,,일반건축물,노유자시설,노유자시설,579.9,173.39,1051.5,20080811,3,2,서울특별시 성북구 정릉동 640-25번지
11290,13300,0,0640,0026,,,일반건축물,단독주택,주택,0,0,73.79,19850630,1,0,서울특별시 성북구 정릉동 640-26번지
11290,13300,0,0640,0026,,,일반건축물,단독주택,주택,51.1,0,41.61,19840822,1,0,서울특별시 성북구 정릉동 640-26번지
11290,13300,0,0640,0028,,,일반건축물,단독주택,주택,0,0,45.85,19581001,1,0,서울특별시 성북구 정릉동 640-28번지
11290,13300,0,0640,0036,,,일반건축물,단독주택,주택,0,0,254.52,19821230,2,1,서울특별시 성북구 정릉동 640-36번지
11290,13300,0,0640,0037,,,일반건축물,단독주택,주택,0,0,47.01,19690915,1,0,서울특별시 성북구 정릉동 640-37번지
11290,13300,0,0640,0053,나동,,일반건축물,단독주택,주택,0,0,143.28,19881224,2,1,서울특별시 성북구 정릉동 640-53번지
11290,13300,0,0640,0053,가동,,일반건축물,단독주택,주택,0,0,143.28,19881224,2,1,서울특별시 성북구 정릉동 640-53번지
11290,13300,0,0640,0056,,,일반건축물,단독주택,"주택, 사찰",0,0,214.65,19831111,2,1,서울특별시 성북구 정릉동 640-56번지
11290,13300,0,0640,0058,,,일반건축물,단독주택,주택,0,0,30.98,19651104,1,0,서울특별시 성북구 정릉동 640-58번지
11290,13300,0,0640,0059,,,일반건축물,단독주택,단독주택,0,0,255.81,19910315,2,1,서울특별시 성북구 정릉동 640-59번지
11290,13300,0,0640,0066,,,표제부,공동주택,다세대주택,0,90.69,287.75,19870430,2,1,서울특별시 성북구 정릉동 640-66번지
11290,13300,0,0640,0067,,,일반건축물,단독주택,주택,0,0,155.98,19811012,2,1,서울특별시 성북구 정릉동 640-67번지
11290,13300,0,0640,0068,,,일반건축물,단독주택,주택,0,0,124.48,19811012,2,1,서울특별시 성북구 정릉동 640-68번지
11290,13300,0,0640,0069,,,일반건축물,단독주택,주택,0,0,155.98,19811012,2,1,서울특별시 성북구 정릉동 640-69번지
11290,13300,0,0640,0070,,,일반건축물,단독주택,주택,0,0,155.98,19831012,2,1,서울특별시 성북구 정릉동 640-70번지
11290,13300,0,0640,0071,,,일반건축물,단독주택,주택,0,0,155.98,19831012,2,1,서울특별시 성북구 정릉동 640-71번지
11290,13300,0,0640,0072,,,일반건축물,단독주택,다가구주택(13),208,80.51,309.82,20040406,3,1,서울특별시 성북구 정릉동 640-72번지
11290,13300,0,0640,0073,,,일반건축물,단독주택,주택,0,0,155.98,19831012,2,1,서울특별시 성북구 정릉동 640-73번지
11290,13300,0,0642,0001,,,일반건축물,단독주택,다가구용단독주택(4가구),85.25,41.21,149.43,19931012,3,1,서울특별시 성북구 정릉동 642-1번지
11290,13300,0,0642,0002,,,일반건축물,단독주택,주택,0,0,29.75,19591130,1,0,서울특별시 성북구 정릉동 642-2번지
11290,13300,0,0642,0003,,,일반건축물,제1종근린생활시설,근린생활시설,0,0,23.14,19591130,1,0,서울특별시 성북구 정릉동 642-3번지
11290,13300,0,0642,0004,,,일반건축물,단독주택,주택,0,0,29.75,19591130,1,0,서울특별시 성북구 정릉동 642-4번지
11290,13300,0,0642,0005,,,일반건축물,단독주택,주택,0,0,23.14,19590130,1,0,서울특별시 성북구 정릉동 642-5번지
11290,13300,0,0642,0007,,,일반건축물,단독주택,주택,0,0,29.75,19591130,1,0,서울특별시 성북구 정릉동 642-7번지
11290,13300,0,0642,0009,,,일반건축물,단독주택,주택,0,0,29.75,19591130,1,0,서울특별시 성북구 정릉동 642-9번지
11290,13300,0,0642,0010,,,일반건축물,단독주택,주택,0,0,29.75,19591130,1,0,서울특별시 성북구 정릉동 642-10번지
11290,13300,0,0642,0011,,,일반건축물,단독주택,주택,0,0,29.75,19590130,1,0,서울특별시 성북구 정릉동 642-11번지
11290,13300,0,0642,0013,,,일반건축물,단독주택,주택,0,0,23.14,19591130,1,0,서울특별시 성북구 정릉동 642-13번지
11290,13300,0,0642,0014,,,일반건축물,단독주택,주택,0,0,29.75,19591130,1,0,서울특별시 성북구 정릉동 642-14번지
11290,13300,0,0642,0014,,,일반건축물,단독주택,주택,0,0,29.75,19591130,1,0,서울특별시 성북구 정릉동 642-14번지
11290,13300,0,0642,0015,,,일반건축물,단독주택,주택,0,0,29.75,19591130,1,0,서울특별시 성북구 정릉동 642-15번지
11290,13300,0,0642,0016,,,일반건축물,단독주택,주택,0,0,29.75,19591130,1,0,서울특별시 성북구 정릉동 642-16번지
11290,13300,0,0642,0017,,,일반건축물,단독주택,주택,0,0,29.75,19591130,1,0,서울특별시 성북구 정릉동 642-17번지
11290,13300,0,0642,0018,,,일반건축물,단독주택,주택,0,0,29.75,19591130,1,0,서울특별시 성북구 정릉동 642-18번지
11290,13300,0,0642,0019,,,일반건축물,단독주택,주택,0,0,29.75,19590130,1,0,서울특별시 성북구 정릉동 642-19번지
11290,13300,0,0642,0020,,,일반건축물,단독주택,주택,69,0,28.35,19850123,1,0,서울특별시 성북구 정릉동 642-20번지
11290,13300,0,0643,0001,,,일반건축물,종교시설,"종교시설(성당), 교육연구시설및복지시설, 문화및 집회시설",0,0,3221.89,19891220,3,2,서울특별시 성북구 정릉동 643-1번지
11290,13300,0,0643,0002,,,일반건축물,단독주택,주택,0,0,29.75,19590915,1,0,서울특별시 성북구 정릉동 643-2번지
11290,13300,0,0644,0001,,,일반건축물,단독주택,주택,0,0,29.75,19591130,1,0,서울특별시 성북구 정릉동 644-1번지
11290,13300,0,0644,0002,,,일반건축물,단독주택,주택,0,0,29.75,19591130,1,0,서울특별시 성북구 정릉동 644-2번지
11290,13300,0,0644,0003,,,일반건축물,단독주택,주택,0,0,29.75,19591130,1,0,서울특별시 성북구 정릉동 644-3번지
11290,13300,0,0644,0004,,,일반건축물,단독주택,주택,0,0,29.75,19590130,1,0,서울특별시 성북구 정릉동 644-4번지
11290,13300,0,0644,0005,,,일반건축물,단독주택,주택,0,0,52.89,19591030,1,0,서울특별시 성북구 정릉동 644-5번지
11290,13300,0,0644,0006,,,일반건축물,단독주택,주택,0,0,29.75,19631220,1,0,서울특별시 성북구 정릉동 644-6번지
11290,13300,0,0644,0007,,,일반건축물,단독주택,주택,0,0,51.7,19631220,1,0,서울특별시 성북구 정릉동 644-7번지
11290,13300,0,0644,0008,,,일반건축물,단독주택,주택,0,0,29.75,19591130,1,0,서울특별시 성북구 정릉동 644-8번지
11290,13300,0,0644,0009,,,일반건축물,단독주택,주택,0,0,29.75,19590915,1,0,서울특별시 성북구 정릉동 644-9번지
11290,13300,0,0644,0010,,,일반건축물,단독주택,주택,0,0,29.75,19631220,1,0,서울특별시 성북구 정릉동 644-10번지
11290,13300,0,0644,0011,,,일반건축물,단독주택,주택,0,0,29.75,,1,0,서울특별시 성북구 정릉동 644-11번지
11290,13300,0,0644,0012,,,일반건축물,단독주택,주택,0,0,29.75,19591130,1,0,서울특별시 성북구 정릉동 644-12번지
11290,13300,0,0644,0015,,,일반건축물,제1종근린생활시설,"근린생활시설, 주택",0,0,29.75,19631220,1,0,서울특별시 성북구 정릉동 644-15번지
11290,13300,0,0644,0016,,,일반건축물,단독주택,주택,0,0,29.75,19591130,1,0,서울특별시 성북구 정릉동 644-16번지
11290,13300,0,0644,0017,,,일반건축물,단독주택,주택,0,0,29.75,19590130,1,0,서울특별시 성북구 정릉동 644-17번지
11290,13300,0,0644,0018,,,일반건축물,단독주택,주택,0,0,29.75,19631220,1,0,서울특별시 성북구 정릉동 644-18번지
11290,13300,0,0644,0020,,,일반건축물,단독주택,주택,0,0,29.75,19631220,1,0,서울특별시 성북구 정릉동 644-20번지
11290,13300,0,0644,0022,,,일반건축물,단독주택,주택,0,0,29.75,,1,0,서울특별시 성북구 정릉동 644-22번지
11290,13300,0,0644,0024,,,일반건축물,단독주택,주택,0,0,29.75,,1,0,서울특별시 성북구 정릉동 644-24번지
11290,13300,0,0644,0025,,,일반건축물,단독주택,주택,0,0,29.75,19590130,1,0,서울특별시 성북구 정릉동 644-25번지
11290,13300,0,0644,0028,,,일반건축물,단독주택,주택,0,0,29.75,,1,0,서울특별시 성북구 정릉동 644-28번지
11290,13300,0,0644,0029,,,일반건축물,단독주택,주택,0,0,29.75,19590915,1,0,서울특별시 성북구 정릉동 644-29번지
11290,13300,0,0644,0030,,,일반건축물,단독주택,주택,0,0,62.61,19631220,1,0,서울특별시 성북구 정릉동 644-30번지
11290,13300,0,0644,0031,,,일반건축물,단독주택,주택,0,0,29.75,19631220,1,0,서울특별시 성북구 정릉동 644-31번지
11290,13300,0,0644,0033,,,일반건축물,단독주택,주택,0,0,29.75,19591130,1,0,서울특별시 성북구 정릉동 644-33번지
11290,13300,0,0644,0034,,,일반건축물,단독주택,주택,0,0,29.75,,1,0,서울특별시 성북구 정릉동 644-34번지
11290,13300,0,0644,0035,,,일반건축물,단독주택,주택,0,0,23.14,19591130,1,0,서울특별시 성북구 정릉동 644-35번지
11290,13300,0,0644,0036,,,일반건축물,단독주택,주택,0,0,29.75,,1,0,서울특별시 성북구 정릉동 644-36번지
11290,13300,0,0644,0037,,,일반건축물,단독주택,주택,0,0,29.75,19631220,1,0,서울특별시 성북구 정릉동 644-37번지
11290,13300,0,0644,0038,,,일반건축물,단독주택,주택,0,0,29.75,,1,0,서울특별시 성북구 정릉동 644-38번지
11290,13300,0,0644,0039,,,일반건축물,단독주택,주택,49.03,0,33.54,,1,0,서울특별시 성북구 정릉동 644-39번지
11290,13300,0,0644,0040,,,일반건축물,단독주택,주택,0,0,29.75,19590915,1,0,서울특별시 성북구 정릉동 644-40번지
11290,13300,0,0644,0041,,,일반건축물,단독주택,주택,0,0,29.75,,1,0,서울특별시 성북구 정릉동 644-41번지
11290,13300,0,0644,0042,,,일반건축물,단독주택,주택,0,0,29.75,19591130,1,0,서울특별시 성북구 정릉동 644-42번지
11290,13300,0,0645,0016,,,일반건축물,단독주택,주택,0,0,29.75,19591130,1,0,서울특별시 성북구 정릉동 645-16번지
11290,13300,0,0645,0050,,,일반건축물,단독주택,주택,0,0,29.75,,1,0,서울특별시 성북구 정릉동 645-50번지
11290,13300,0,0646,0002,다동,,표제부,공동주택,다세대주택,0,93.9,375.6,19990611,3,1,서울특별시 성북구 정릉동 646-2번지
11290,13300,0,0646,0002,나동,,표제부,공동주택,다세대주택,0,118.07,328.49,19860107,2,1,서울특별시 성북구 정릉동 646-2번지
11290,13300,0,0646,0002,가동,,표제부,공동주택,다세대주택,0,77.68,233.04,19861227,2,1,서울특별시 성북구 정릉동 646-2번지
11290,13300,0,0646,0003,,646블럭 3노트,일반건축물,제2종근린생활시설,제2종근린생활시설,1222.5,366.38,1465.52,20030628,3,1,서울특별시 성북구 정릉동 646-3번지
11290,13300,0,0646,0006,,,일반건축물,단독주택,주택,0,0,44.63,19650910,1,0,서울특별시 성북구 정릉동 646-6번지
11290,13300,0,0647,0001,,,표제부,공동주택,연립주택,0,218.16,976.08,19920604,3,1,서울특별시 성북구 정릉동 647-1번지
11290,13300,0,0647,0004,,,일반건축물,단독주택,"주택, 근린생활시설, 지하실",170.15,0,103.08,19840420,2,1,서울특별시 성북구 정릉동 647-4번지
11290,13300,0,0647,0004,,,표제부,공동주택,연립주택,2281.1,652.32,2653.56,19831230,3,1,서울특별시 성북구 정릉동 647-4번지
11290,13300,0,0647,0005,,,일반건축물,제1종근린생활시설,"주택,근린생활시설",0,0,63.21,19681015,1,0,서울특별시 성북구 정릉동 647-5번지
11290,13300,0,0647,0006,,,일반건축물,단독주택,다가구용단독주택(5가구),233,68.54,310.26,19970910,3,1,서울특별시 성북구 정릉동 647-6번지
11290,13300,0,0647,0007,,,일반건축물,단독주택,주택,0,0,104.73,19681015,1,1,서울특별시 성북구 정릉동 647-7번지
11290,13300,0,0647,0009,가만그린빌라,,표제부,공동주택,연립주택(19세대),816,243.35,1477,19960104,3,2,서울특별시 성북구 정릉동 647-9번지
11290,13300,0,0647,0012,,,일반건축물,제1종근린생활시설,근린생활시설,334,97.68,488.34,19951222,3,1,서울특별시 성북구 정릉동 647-12번지
11290,13300,0,0649,0002,,,일반건축물,제1종근린생활시설,"근린생활시설, 주택",105,81.52,81.52,19610701,1,0,서울특별시 성북구 정릉동 649-2번지
11290,13300,0,0649,0003,,,일반건축물,단독주택,주택,0,0,37.36,19610210,1,0,서울특별시 성북구 정릉동 649-3번지
11290,13300,0,0649,0004,,,일반건축물,단독주택,주택,0,0,42.64,19591125,1,0,서울특별시 성북구 정릉동 649-4번지
11290,13300,0,0649,0005,,,일반건축물,제1종근린생활시설,근린생활시설,0,0,60.5,19620927,1,0,서울특별시 성북구 정릉동 649-5번지
11290,13300,0,0649,0007,,,일반건축물,단독주택,주택,0,0,51.01,19680220,1,0,서울특별시 성북구 정릉동 649-7번지
11290,13300,0,0649,0014,,,일반건축물,제2종근린생활시설,제2종근린생활시설,0,0,69.04,19720605,1,1,서울특별시 성북구 정릉동 649-14번지
11290,13300,0,0649,0018,,,일반건축물,단독주택,주택,0,0,76.56,19710915,1,1,서울특별시 성북구 정릉동 649-18번지
11290,13300,0,0649,0019,,,일반건축물,단독주택,주택,0,0,36.2,19710915,1,0,서울특별시 성북구 정릉동 649-19번지
11290,13300,0,0650,0001,,,표제부,공동주택,다세대주택,0,75.6,302.4,19910208,3,1,서울특별시 성북구 정릉동 650-1번지
11290,13300,0,0650,0003,,,일반건축물,단독주택,다가구용단독주택(18가구),496,148.72,617.14,19961212,3,1,서울특별시 성북구 정릉동 650-3번지
11290,13300,0,0650,0004,,,일반건축물,단독주택,다가구용단독주택(5),232.88,69.6,305.44,19961030,3,1,서울특별시 성북구 정릉동 650-4번지
11290,13300,0,0650,0006,,,일반건축물,단독주택,주택,0,0,131.94,19740315,2,0,서울특별시 성북구 정릉동 650-6번지
11290,13300,0,0651,0000,,,일반건축물,단독주택,주택,0,0,43.8,19650204,1,0,서울특별시 성북구 정릉동 651번지
11290,13300,0,0651,0002,,,일반건축물,단독주택,주택,0,0,53.33,19701112,1,0,서울특별시 성북구 정릉동 651-2번지
11290,13300,0,0651,0003,,,일반건축물,단독주택,주택,0,0,66.43,19830321,1,0,서울특별시 성북구 정릉동 651-3번지
11290,13300,0,0651,0004,,,일반건축물,단독주택,주택,0,0,52.57,19701112,1,0,서울특별시 성북구 정릉동 651-4번지
11290,13300,0,0651,0005,,,표제부,공동주택,연립주택,555.3416,166.48,669.66,19851127,3,1,서울특별시 성북구 정릉동 651-5번지
11290,13300,0,0652,0000,,,일반건축물,단독주택,주택,0,0,52.89,19590920,1,0,서울특별시 성북구 정릉동 652번지
11290,13300,0,0653,0001,,,표제부,공동주택,공동주택(도시형생활주택),764,366.27,1583.86,20210929,6,1,서울특별시 성북구 정릉동 653-1번지
11290,13300,0,0653,0040,백산빌딩,,일반건축물,제2종근린생활시설,"제2종근린생활시설,사무실,소매점",301,170.7,590.78,20031201,4,0,서울특별시 성북구 정릉동 653-40번지
11290,13300,0,0653,0041,,,표제부,제1종근린생활시설,근린생활시설,0,0,167.41,19691020,2,1,서울특별시 성북구 정릉동 653-41번지
11290,13300,0,0654,0001,,,일반건축물,제2종근린생활시설,판매및영업시설(학원),0,0,62.14,19670216,1,0,서울특별시 성북구 정릉동 654-1번지
11290,13300,0,0654,0033,,,일반건축물,제1종근린생활시설,지하실(대피소),0,0,66.88,19870703,0,1,서울특별시 성북구 정릉동 654-33번지
11290,13300,0,0654,0034,,,일반건축물,단독주택,"단독주택(다중주택), 근린생활시설",621,345.48,957.4,19651215,4,1,서울특별시 성북구 정릉동 654-34번지
11290,13300,0,0655,0001,,,일반건축물,제1종근린생활시설,점포,0,0,87.21,19690405,1,0,서울특별시 성북구 정릉동 655-1번지
11290,13300,0,0655,0001,,,일반건축물,단독주택,주택,0,0,45.29,19611220,1,0,서울특별시 성북구 정릉동 655-1번지
11290,13300,0,0655,0020,,,일반건축물,단독주택,주택,0,0,88.2,19640110,1,1,서울특별시 성북구 정릉동 655-20번지
11290,13300,0,0655,0021,,,일반건축물,단독주택,주택,0,0,74.64,19640110,1,1,서울특별시 성북구 정릉동 655-21번지
11290,13300,0,0655,0022,,,일반건축물,단독주택,주택,0,0,74.64,19640108,1,1,서울특별시 성북구 정릉동 655-22번지
11290,13300,0,0660,0000,고려대부속고등학교 교직원식당,,일반건축물,교육연구시설,교육연구시설(교직원식당),0,58.41,58.41,20100210,1,0,서울특별시 성북구 정릉동 660번지
11290,13300,0,0660,0000,학생회관,,일반건축물,교육연구시설,교육연구시설,36.611,144.9,434.7,19970108,3,0,서울특별시 성북구 정릉동 660번지
11290,13300,0,0660,0000,고려대학교 사범대학 부속고등학교 체육관,,일반건축물,교육연구시설,교육연구시설(학교),0,1957.1,2765.71,20111107,1,1,서울특별시 성북구 정릉동 660번지
11290,13300,0,0660,0000,고려대학교 보건과학대학 도서관,,일반건축물,교육연구시설,교육연구시설(도서관),36611,1122.72,5045.1,20090703,5,1,서울특별시 성북구 정릉동 660번지
11290,13300,0,0660,0000,고려대 병설 보건대학 정의관,,일반건축물,교육연구시설,"교육연구및복지시설,학교(대학)",0,1068.9,7465.95,20050125,7,1,서울특별시 성북구 정릉동 660번지
11290,13300,0,0660,0000,호림관,,일반건축물,교육연구시설,교육연구및복지시설,0,2170.59,14219.74,20000314,6,1,서울특별시 성북구 정릉동 660번지
11290,13300,0,0660,0000,고려대학교부속고등학교(도서관),,일반건축물,교육연구시설,교육연구시설,31046,325.84,1191.45,19970818,4,0,서울특별시 성북구 정릉동 660번지
11290,13300,0,0660,0000,고려대학교 보건과학대학 도서관,,일반건축물,위험물저장및처리시설,위험물저장소,36611,15,15,20090703,1,0,서울특별시 성북구 정릉동 660번지
11290,13300,0,0660,0000,고려대학교부속고등학교(본관),,일반건축물,교육연구시설,교육연구시설,31766,2144.7,7280.22,19970818,4,0,서울특별시 성북구 정릉동 660번지
11290,13300,0,0660,0000,진리관,,일반건축물,교육연구시설,교사<진리관>,0,0,4005.33,19680430,5,1,서울특별시 성북구 정릉동 660번지
11290,13300,0,0660,0000,고려대학교 부속중학교,,일반건축물,교육연구시설,교육연구시설,31353,2659.19,8840.58,19970818,5,1,서울특별시 성북구 정릉동 660번지
11290,13300,0,0665,0001,,,일반건축물,단독주택,주택,0,0,156.46,19781223,1,1,서울특별시 성북구 정릉동 665-1번지
11290,13300,0,0665,0004,,,일반건축물,단독주택,다가구용단독주택(6가구),147.92,88.56,405.08,19941004,3,2,서울특별시 성북구 정릉동 665-4번지
11290,13300,0,0665,0006,,,일반건축물,단독주택,다가구용 단독주택(9가구),165,98.87,343.98,19960925,3,1,서울특별시 성북구 정릉동 665-6번지
11290,13300,0,0665,0007,정릉근생,,일반건축물,공동주택,공동주택(기숙사),495,294.77,1388.78,20010616,6,0,서울특별시 성북구 정릉동 665-7번지
11290,13300,0,0665,0011,,,일반건축물,제2종근린생활시설,제2종근린생활시설,165,96.07,410.79,20110221,5,1,서울특별시 성북구 정릉동 665-11번지
11290,13300,0,0665,0012,,,일반건축물,제2종근린생활시설,제2종근린생활시설,183,94.57,451.99,20110302,5,1,서울특별시 성북구 정릉동 665-12번지
11290,13300,0,0665,0015,,,표제부,공동주택,연립주택,541.16,318.7,1693.83,19991216,4,2,서울특별시 성북구 정릉동 665-15번지
11290,13300,0,0665,0016,,,일반건축물,단독주택,다가구주택(9가구),255.86,129.55,475.43,19970529,3,1,서울특별시 성북구 정릉동 665-16번지
11290,13300,0,0667,0000,,,일반건축물,제2종근린생활시설,제2종근린생활시설,0,0,60.76,19630317,1,0,서울특별시 성북구 정릉동 667번지
11290,13300,0,0667,0001,고려중앙빌딩,,일반건축물,제2종근린생활시설,근린생활시설,334,172.44,871.19,20071203,4,1,서울특별시 성북구 정릉동 667-1번지
11290,13300,0,0668,0000,,,일반건축물,단독주택,주택,0,0,210.62,19880212,2,1,서울특별시 성북구 정릉동 668번지
11290,13300,0,0669,0001,,,일반건축물,제2종근린생활시설,제2종근린생활시설,453,270.36,1288.84,20020510,5,0,서울특별시 성북구 정릉동 669-1번지
11290,13300,0,0669,0003,,,일반건축물,제1종근린생활시설,"근린생활시설, 다가구주택",531.42,316,1461.78,20001108,6,0,서울특별시 성북구 정릉동 669-3번지
11290,13300,0,0669,0005,,,표제부,공동주택,다세대주택,174.62,83.07,249.21,19911106,2,1,서울특별시 성북구 정릉동 669-5번지
11290,13300,0,0669,0006,,,일반건축물,제1종근린생활시설,"제1종근린생활시설, 주택",0,96.7,468.84,19920314,4,1,서울특별시 성북구 정릉동 669-6번지
11290,13300,0,0669,0008,,,일반건축물,단독주택,근린생활시설,0,0,387.76,19890826,3,1,서울특별시 성북구 정릉동 669-8번지
11290,13300,0,0670,0000,,,표제부,공동주택,연립주택,0,579.17,1380.49,19791213,2,1,서울특별시 성북구 정릉동 670번지
11290,13300,0,0670,0005,포틀리에,,일반건축물,제2종근린생활시설,제2종근린생활시설,508.65,304.33,780.82,20160226,2,1,서울특별시 성북구 정릉동 670-5번지
11290,13300,0,0670,0006,,,일반건축물,제2종근린생활시설,제2종근린생활시설,310.82,171.94,383.96,19951123,2,1,서울특별시 성북구 정릉동 670-6번지
11290,13300,0,0670,0007,그린하우스,,일반건축물,제2종근린생활시설,제2종근린생활시설(독서실),407,212.31,999.27,20051027,4,1,서울특별시 성북구 정릉동 670-7번지
11290,13300,0,0670,0010,,,일반건축물,제2종근린생활시설,"제2종근린생활시설, 다가구주택",238.49,139.12,789.16,20020314,6,1,서울특별시 성북구 정릉동 670-10번지
11290,13300,0,0670,0012,북한산의아침,,표제부,공동주택,공동주택(다세대주택),259,143.1,532.71,20100105,5,0,서울특별시 성북구 정릉동 670-12번지
11290,13300,0,0670,0013,제이엔비더베스트,,표제부,공동주택,다세대주택-도시형생활주택-원룸형,316.9,177.6,847.15,20121102,4,1,서울특별시 성북구 정릉동 670-13번지
11290,13300,0,0670,0014,,,표제부,공동주택,연립주택,0,361.19,910.35,19820422,2,1,서울특별시 성북구 정릉동 670-14번지
11290,13300,0,0670,0015,,,일반건축물,단독주택,주택,0,0,38.48,19670325,1,0,서울특별시 성북구 정릉동 670-15번지
11290,13300,0,0670,0020,,,표제부,공동주택,다세대주택(8세대),0,166.99,509.91,19920806,2,1,서울특별시 성북구 정릉동 670-20번지
11290,13300,0,0670,0021,,,표제부,공동주택,다세대주택(7세대),0,189,634.26,19920128,2,2,서울특별시 성북구 정릉동 670-21번지
11290,13300,0,0670,0025,,,일반건축물,단독주택,다가구용단독주택(16가구),238.15,142.49,626.51,19961004,4,1,서울특별시 성북구 정릉동 670-25번지
11290,13300,0,0670,0027,,,표제부,공동주택,연립주택,374.59,172.25,811.44,19970726,4,1,서울특별시 성북구 정릉동 670-27번지
11290,13300,0,0670,0028,,,일반건축물,단독주택,다가구용 단독주택(13가구),283.11,167.04,561.19,19960809,3,1,서울특별시 성북구 정릉동 670-28번지
11290,13300,0,0670,0032,,,일반건축물,단독주택,다가구용 단독주택(3가구),159,84.8,222.64,19951017,2,1,서울특별시 성북구 정릉동 670-32번지
11290,13300,0,0670,0033,건원빌라,,표제부,공동주택,다세대주택,281.8,144.7,649.86,19950410,4,1,서울특별시 성북구 정릉동 670-33번지
11290,13300,0,0670,0039,성원하이츠,,표제부,공동주택,공동주택,389,226.7,807.23,20190220,6,1,서울특별시 성북구 정릉동 670-39번지
11290,13300,0,0670,0040,,,표제부,공동주택,연립주택(10세대),447.84,243.04,1226.57,19980109,4,1,서울특별시 성북구 정릉동 670-40번지
11290,13300,0,0670,0046,,,일반건축물,제1종근린생활시설,근린생활시설,135,67.44,295.11,19930804,4,1,서울특별시 성북구 정릉동 670-46번지
11290,13300,0,0670,0050,,,표제부,공동주택,아파트,909.4,346.87,2404.2,20230612,7,1,서울특별시 성북구 정릉동 670-50번지
11290,13300,0,0670,0051,,,표제부,공동주택,연립주택,0,116.5,280.47,19791213,2,1,서울특별시 성북구 정릉동 670-51번지
11290,13300,0,0670,0070,,,일반건축물,제2종근린생활시설,"다가구주택,근린생활시설",216,129.25,598.79,20100129,4,1,서울특별시 성북구 정릉동 670-70번지
11290,13300,0,0671,0003,,,표제부,공동주택,"다세대주택, 근린생활시설",159.8,95.45,375.35,20021122,4,0,서울특별시 성북구 정릉동 671-3번지
11290,13300,0,0674,0000,,,일반건축물,단독주택,주택,0,0,33.06,19601111,1,0,서울특별시 성북구 정릉동 674번지
11290,13300,0,0674,0003,그린존,,일반건축물,의료시설,"의료시설(요양병원, 근린생활시설)",1179,690.81,4997.4,20030514,7,2,서울특별시 성북구 정릉동 674-3번지
11290,13300,0,0674,0004,정릉실버복지센타,,일반건축물,노유자시설,노유자시설(노인복지시설),434,222.29,813.98,20100129,3,1,서울특별시 성북구 정릉동 674-4번지
11290,13300,0,0674,0005,,,일반건축물,제2종근린생활시설,"제2종근린생활시설, 주택(1가구)",202,100.28,619.22,19931229,5,1,서울특별시 성북구 정릉동 674-5번지
11290,13300,0,0674,0007,,,일반건축물,제2종근린생활시설,제2종근린생활시설,301,179.19,1262.48,19971229,6,1,서울특별시 성북구 정릉동 674-7번지
11290,13300,0,0674,0008,,,일반건축물,제2종근린생활시설,제2종근린생활시설,187,111.34,111.34,19611110,1,0,서울특별시 성북구 정릉동 674-8번지
11290,13300,0,0674,0013,,,일반건축물,제2종근린생활시설,제2종근린생활시설,379,244.53,256.53,19640801,2,0,서울특별시 성북구 정릉동 674-13번지
11290,13300,0,0675,0001,,,일반건축물,제2종근린생활시설,"업무시설, 근린생활시설",546.28,325.21,2778.36,19960216,7,2,서울특별시 성북구 정릉동 675-1번지
11290,13300,0,0675,0002,,,일반건축물,단독주택,주택,0,0,30.27,19610723,1,0,서울특별시 성북구 정릉동 675-2번지
11290,13300,0,0676,0001,,,일반건축물,단독주택,"주택, 점포",0,0,66.84,19711223,2,0,서울특별시 성북구 정릉동 676-1번지
11290,13300,0,0677,0001,,,일반건축물,종교시설,종교시설(교회),0,0,1459.87,19731030,4,1,서울특별시 성북구 정릉동 677-1번지
11290,13300,0,0680,0002,,,일반건축물,단독주택,주택,0,0,69.42,19580930,1,1,서울특별시 성북구 정릉동 680-2번지
11290,13300,0,0680,0003,,,일반건축물,단독주택,주택,0,0,68.5,,1,0,서울특별시 성북구 정릉동 680-3번지
11290,13300,0,0680,0004,,,일반건축물,단독주택,주택,0,0,64.8,,1,0,서울특별시 성북구 정릉동 680-4번지
11290,13300,0,0681,0000,,,일반건축물,단독주택,주택,0,0,258.84,195907,1,0,서울특별시 성북구 정릉동 681번지
11290,13300,0,0683,0001,금잔디빌,,표제부,공동주택,공동주택(도시형생활주택(단지형다세대)),966,166.42,654.14,20161010,6,0,서울특별시 성북구 정릉동 683-1번지
11290,13300,0,0683,0001,금잔디빌,,표제부,공동주택,공동주택(도시형생활주택(단지형다세대)),966,178.5,640.25,20161010,6,0,서울특별시 성북구 정릉동 683-1번지
11290,13300,0,0683,0001,금잔디빌,,표제부,공동주택,공동주택(도시형생활주택(단지형다세대)),966,150.25,637.54,20161010,6,0,서울특별시 성북구 정릉동 683-1번지
11290,13300,0,0683,0002,,,일반건축물,단독주택,다가구용단독주택(4가구),0,0,149.04,19921015,2,1,서울특별시 성북구 정릉동 683-2번지
11290,13300,0,0683,0003,,,일반건축물,단독주택,다가구용단독주택(4가구),124.31,74.56,149.58,19921230,2,1,서울특별시 성북구 정릉동 683-3번지
11290,13300,0,0683,0004,,,일반건축물,단독주택,주택,0,0,58.65,19641111,1,1,서울특별시 성북구 정릉동 683-4번지
11290,13300,0,0683,0005,,,일반건축물,단독주택,주택,0,0,66.15,19641111,1,1,서울특별시 성북구 정릉동 683-5번지
11290,13300,0,0683,0009,,,일반건축물,단독주택,주택,0,0,71.2,19670610,1,0,서울특별시 성북구 정릉동 683-9번지
11290,13300,0,0684,0001,,,일반건축물,제1종근린생활시설,제1종근린생활시설(점포),0,0,242.58,19690826,2,0,서울특별시 성북구 정릉동 684-1번지
11290,13300,0,0684,0003,아이라움,,표제부,공동주택,공동주택(단지형다세대주택),317.88,160.73,634.97,20160831,6,0,서울특별시 성북구 정릉동 684-3번지
11290,13300,0,0684,0004,,,일반건축물,단독주택,다가구용단독주택(7가구),102.4,59.72,199.46,19931122,3,1,서울특별시 성북구 정릉동 684-4번지
11290,13300,0,0684,0006,,,일반건축물,단독주택,주택,0,0,64.43,19670315,1,0,서울특별시 성북구 정릉동 684-6번지
11290,13300,0,0684,0008,,,표제부,공동주택,연립주택,0,281.02,1436.47,19911123,4,1,서울특별시 성북구 정릉동 684-8번지
11290,13300,0,0684,0010,,,일반건축물,단독주택,다가구용 단독주택(4가구),106.9,63.84,148.08,19930120,2,1,서울특별시 성북구 정릉동 684-10번지
11290,13300,0,0684,0012,,,일반건축물,제2종근린생활시설,제2종근린생활시설,137,74.65,327.75,20151104,5,1,서울특별시 성북구 정릉동 684-12번지
11290,13300,0,0684,0017,,,일반건축물,단독주택,다가구용단독주택(5가구),114.39,0,183.14,19911125,2,1,서울특별시 성북구 정릉동 684-17번지
11290,13300,0,0684,0019,,,일반건축물,단독주택,다가구용 단독주택,108.42,65.02,149.49,19930617,2,1,서울특별시 성북구 정릉동 684-19번지
11290,13300,0,0684,0020,,,일반건축물,단독주택,다가구용단독주택(5가구),0,0,177.66,19911224,2,1,서울특별시 성북구 정릉동 684-20번지
11290,13300,0,0684,0022,,,일반건축물,단독주택,다가구용단독주택(4가구),118.4,68.94,239.05,19940128,3,1,서울특별시 성북구 정릉동 684-22번지
11290,13300,0,0684,0023,,,일반건축물,단독주택,다가구용단독주택(4가구),110.05,65.06,195.18,19940212,2,1,서울특별시 성북구 정릉동 684-23번지
11290,13300,0,0684,0024,,,일반건축물,단독주택,다가구용단독주택(4가구),0,0,149.4,19921002,2,1,서울특별시 성북구 정릉동 684-24번지
11290,13300,0,0684,0026,달퐁하우스,,일반건축물,단독주택,근린생활시설및다중주택,101,59.64,197.78,20180503,4,0,서울특별시 성북구 정릉동 684-26번지
11290,13300,0,0684,0027,,,일반건축물,단독주택,단독주택,98.15,51.1,149.58,19920812,2,1,서울특별시 성북구 정릉동 684-27번지
11290,13300,0,0684,0029,,,일반건축물,단독주택,다가구용단독주택(5가구),0,0,196.21,19920309,3,1,서울특별시 성북구 정릉동 684-29번지
11290,13300,0,0684,0030,,,일반건축물,단독주택,주택,0,0,67.11,19670315,1,0,서울특별시 성북구 정릉동 684-30번지
11290,13300,0,0684,0033,,,일반건축물,단독주택,다가구용 단독주택(4가구),100.3,58.44,144.88,19930120,2,1,서울특별시 성북구 정릉동 684-33번지
11290,13300,0,0684,0034,,,일반건축물,단독주택,다가구용 단독주택(4가구),81.2,52.12,148.44,19931208,2,1,서울특별시 성북구 정릉동 684-34번지
11290,13300,0,0684,0035,,,일반건축물,제1종근린생활시설,근린생활시설,43,0,26.12,19850630,1,0,서울특별시 성북구 정릉동 684-35번지
11290,13300,0,0684,0036,,,일반건축물,단독주택,다가구용 단독주택(4가구),92.76,55.06,149.58,19930915,2,1,서울특별시 성북구 정릉동 684-36번지
11290,13300,0,0684,0037,,,일반건축물,제1종근린생활시설,"근린생활시설, 주택",45.77,27.63,76.04,19931002,2,1,서울특별시 성북구 정릉동 684-37번지
11290,13300,0,0684,0039,토미하우스,,일반건축물,단독주택,다중주택및근린생활시설,145,86.79,282.15,20180212,4,0,서울특별시 성북구 정릉동 684-39번지
11290,13300,0,0684,0041,,,일반건축물,단독주택,주택,0,0,46.87,19670511,1,0,서울특별시 성북구 정릉동 684-41번지
11290,13300,0,0684,0042,,,일반건축물,단독주택,주택,0,0,41.62,19670511,1,0,서울특별시 성북구 정릉동 684-42번지
11290,13300,0,0684,0044,,,일반건축물,단독주택,다가구용단독주택(5가구),0,0,149.98,19921124,2,1,서울특별시 성북구 정릉동 684-44번지
11290,13300,0,0684,0045,,,일반건축물,단독주택,다가구용 단독주택(3가구),79,46.95,122.96,19930112,2,1,서울특별시 성북구 정릉동 684-45번지
11290,13300,0,0684,0047,,,일반건축물,단독주택,다가구용단독주택(4가구),0,0,146.73,19921207,2,1,서울특별시 성북구 정릉동 684-47번지
11290,13300,0,0684,0048,,,일반건축물,단독주택,다가구용단독주택(3가구),0,0,127.18,19921106,2,1,서울특별시 성북구 정릉동 684-48번지
11290,13300,0,0684,0049,,,일반건축물,단독주택,다가구용 단독주택(4가구),87.82,53.81,149.02,19930823,2,1,서울특별시 성북구 정릉동 684-49번지
11290,13300,0,0684,0050,,,일반건축물,단독주택,"다가구주택(6가구), 근린생활시설",160.5,96.19,326.04,19930702,3,1,서울특별시 성북구 정릉동 684-50번지
11290,13300,0,0684,0052,,,일반건축물,단독주택,다가구용단독주택(3가구),85.52,48.98,140.03,19930209,2,1,서울특별시 성북구 정릉동 684-52번지
11290,13300,0,0684,0053,,,일반건축물,단독주택,다가구용단독주택(4세대),0,0,139.83,19921201,2,1,서울특별시 성북구 정릉동 684-53번지
11290,13300,0,0684,0054,,,일반건축물,단독주택,다가구용 단독주택(8가구),85.6,52.82,162.74,19951028,3,1,서울특별시 성북구 정릉동 684-54번지
11290,13300,0,0684,0055,,,일반건축물,단독주택,주택,0,0,43.64,19670511,1,0,서울특별시 성북구 정릉동 684-55번지
11290,13300,0,0684,0056,,,일반건축물,단독주택,다가구용 단독주택(5가구),69.88,47.9,172.14,19930917,3,1,서울특별시 성북구 정릉동 684-56번지
11290,13300,0,0684,0057,,,일반건축물,단독주택,다가구용 단독주택(3가구),75.24,51.59,148.61,19930714,2,1,서울특별시 성북구 정릉동 684-57번지
11290,13300,0,0684,0058,,,일반건축물,단독주택,다가구용단독주택(3가구),76.1,53.04,148.38,19930703,2,1,서울특별시 성북구 정릉동 684-58번지
11290,13300,0,0684,0059,,,일반건축물,제2종근린생활시설,"근린생활시설, 광",0,0,62.19,19670511,1,0,서울특별시 성북구 정릉동 684-59번지
11290,13300,0,0684,0061,,,일반건축물,단독주택,다가구용단독주택(4가구),85.91,50.7,199.95,19920304,3,1,서울특별시 성북구 정릉동 684-61번지
11290,13300,0,0684,0062,,,일반건축물,제2종근린생활시설,제2종근린생활시설,121.63,61.2,81,20041215,2,0,서울특별시 성북구 정릉동 684-62번지
11290,13300,0,0684,0063,,,일반건축물,단독주택,"주택, 광",0,0,48.72,19670511,1,0,서울특별시 성북구 정릉동 684-63번지
11290,13300,0,0684,0064,,,일반건축물,단독주택,다가구용단독주택(4가구),0,0,138.84,19921128,2,1,서울특별시 성북구 정릉동 684-64번지
11290,13300,0,0684,0070,,,일반건축물,제1종근린생활시설,제1종근린생활시설,0,0,590.32,19881221,4,1,서울특별시 성북구 정릉동 684-70번지
11290,13300,0,0685,0001,,,일반건축물,단독주택,주택,0,0,150.34,19581111,2,1,서울특별시 성북구 정릉동 685-1번지
11290,13300,0,0685,0002,.,,일반건축물,노유자시설,교육연구및복지시설,208,106.5,295.88,20040812,2,1,서울특별시 성북구 정릉동 685-2번지
11290,13300,0,0685,0003,,,일반건축물,단독주택,"주택, 차고",0,0,263.73,19890812,2,1,서울특별시 성북구 정릉동 685-3번지
11290,13300,0,0685,0004,,,일반건축물,단독주택,다중주택(10호),114.37,62.9,249.36,19910930,3,1,서울특별시 성북구 정릉동 685-4번지
11290,13300,0,0685,0005,,,일반건축물,단독주택,주택,0,0,50.14,19581128,2,0,서울특별시 성북구 정릉동 685-5번지
11290,13300,0,0685,0006,,,일반건축물,단독주택,"주택, 근린생활시설",0,0,92.3,19581128,2,0,서울특별시 성북구 정릉동 685-6번지
11290,13300,0,0685,0006,,,일반건축물,단독주택,주택,0,0,49.95,,2,0,서울특별시 성북구 정릉동 685-6번지
11290,13300,0,0685,0007,,,일반건축물,단독주택,"주택, 근린생활시설",0,0,60.06,,2,0,서울특별시 성북구 정릉동 685-7번지
11290,13300,0,0685,0009,지유아트빌,,일반건축물,단독주택,단독주택(다가구주택),173.23,103.21,345.94,20210629,5,0,서울특별시 성북구 정릉동 685-9번지
11290,13300,0,0685,0010,삼성홈타운A동,,표제부,공동주택,도시형생활주택(단지형다세대),188,112.64,374.77,20160215,5,0,서울특별시 성북구 정릉동 685-10번지
11290,13300,0,0685,0011,,,일반건축물,단독주택,주택,0,0,49.95,19581128,2,0,서울특별시 성북구 정릉동 685-11번지
11290,13300,0,0685,0012,,,일반건축물,단독주택,주택,0,0,49.95,19571227,2,0,서울특별시 성북구 정릉동 685-12번지
11290,13300,0,0685,0013,,,표제부,공동주택,다세대주택(도시형생활주택(단지형다세대)),697.51,142.306,629.634,20201222,5,1,서울특별시 성북구 정릉동 685-13번지
11290,13300,0,0685,0013,,,표제부,제2종근린생활시설,"제2종근린생활시설(고시원), 제1종근린생활시설(휴게음식점, 소매점)",697.51,176.09,723.04,19920418,4,1,서울특별시 성북구 정릉동 685-13번지
11290,13300,0,0685,0013,,,표제부,공동주택,다세대주택(도시형생활주택(단지형다세대)),697.51,93.963,259.566,20201222,4,0,서울특별시 성북구 정릉동 685-13번지
11290,13300,0,0685,0014,,,표제부,공동주택,다세대주택,0,164.49,656.22,19910423,3,1,서울특별시 성북구 정릉동 685-14번지
11290,13300,0,0685,0015,,,일반건축물,단독주택,"주택, 차고, 탁아소",0,0,290.51,19730823,2,1,서울특별시 성북구 정릉동 685-15번지
11290,13300,0,0685,0018,,,일반건축물,단독주택,주택,0,0,282.06,19880611,2,1,서울특별시 성북구 정릉동 685-18번지
11290,13300,0,0685,0019,,,일반건축물,단독주택,단독주택,0,0,249.48,19900704,2,1,서울특별시 성북구 정릉동 685-19번지
11290,13300,0,0685,0023,,,일반건축물,제2종근린생활시설,제2종근린생활시설,0,0,153.89,19601201,2,0,서울특별시 성북구 정릉동 685-23번지
11290,13300,0,0685,0025,,,표제부,공동주택,다세대주택,0,82.36,247.08,19860912,2,1,서울특별시 성북구 정릉동 685-25번지
11290,13300,0,0685,0026,,,일반건축물,단독주택,다가구용단독주택(5가구),0,0,249.3,19900612,2,1,서울특별시 성북구 정릉동 685-26번지
11290,13300,0,0685,0027,지아이21,,일반건축물,제1종근린생활시설,"제1종근린생활시설, 주택(복합건물)",231,115.45,561.47,19930212,4,1,서울특별시 성북구 정릉동 685-27번지
11290,13300,0,0685,0028,,,일반건축물,단독주택,주택,0,0,66.08,19600219,1,0,서울특별시 성북구 정릉동 685-28번지
11290,13300,0,0685,0030,,,일반건축물,단독주택,주택,0,0,47.04,19591002,1,0,서울특별시 성북구 정릉동 685-30번지
11290,13300,0,0685,0031,,,일반건축물,단독주택,주택,0,0,39.67,,1,0,서울특별시 성북구 정릉동 685-31번지
11290,13300,0,0685,0032,,,일반건축물,단독주택,"주택, 점포",0,0,69.75,19590910,1,0,서울특별시 성북구 정릉동 685-32번지
11290,13300,0,0685,0033,영풍하이택,,표제부,공동주택,"공동주택,다세대주택",214,127.86,481.67,20030321,4,0,서울특별시 성북구 정릉동 685-33번지
11290,13300,0,0685,0034,,,일반건축물,단독주택,"다가구주택, 제2종근린생활시설",235.67,139.88,353.22,20151228,4,0,서울특별시 성북구 정릉동 685-34번지
11290,13300,0,0685,0035,,,일반건축물,제1종근린생활시설,"제1종근린생활시설, 주택",0,0,370.9,19901213,3,1,서울특별시 성북구 정릉동 685-35번지
11290,13300,0,0685,0037,,,일반건축물,단독주택,주택,162,75.59,138.59,19571217,2,1,서울특별시 성북구 정릉동 685-37번지
11290,13300,0,0685,0037,,,일반건축물,창고시설,지하실,0,0,3.31,19571217,0,1,서울특별시 성북구 정릉동 685-37번지
11290,13300,0,0685,0038,,,일반건축물,단독주택,주택,162,80.13,124.73,19571227,2,1,서울특별시 성북구 정릉동 685-38번지
11290,13300,0,0685,0039,,,일반건축물,단독주택,주택,0,0,106.03,19571227,2,1,서울특별시 성북구 정릉동 685-39번지
11290,13300,0,0685,0040,,,일반건축물,단독주택,주택,0,0,164.36,19780622,1,1,서울특별시 성북구 정릉동 685-40번지
11290,13300,0,0685,0042,,,일반건축물,단독주택,다가구용단독주택(4가구),0,0,196.35,19710711,2,1,서울특별시 성북구 정릉동 685-42번지
11290,13300,0,0685,0043,,,일반건축물,단독주택,주택,0,0,178.74,19880825,2,1,서울특별시 성북구 정릉동 685-43번지
11290,13300,0,0685,0044,,,일반건축물,단독주택,주택,0,0,50.14,19581128,2,0,서울특별시 성북구 정릉동 685-44번지
11290,13300,0,0685,0045,,,일반건축물,단독주택,주택,0,0,50.14,,2,0,서울특별시 성북구 정릉동 685-45번지
11290,13300,0,0685,0046,,,일반건축물,단독주택,주택,0,0,50.14,19581128,2,0,서울특별시 성북구 정릉동 685-46번지
11290,13300,0,0685,0047,,,일반건축물,단독주택,주택,0,0,50.14,19571227,2,0,서울특별시 성북구 정릉동 685-47번지
11290,13300,0,0685,0048,,,일반건축물,단독주택,주택,0,0,50.14,19571217,2,0,서울특별시 성북구 정릉동 685-48번지
11290,13300,0,0685,0049,,,일반건축물,단독주택,주택,0,0,50.14,19581127,2,0,서울특별시 성북구 정릉동 685-49번지
11290,13300,0,0685,0050,,,일반건축물,단독주택,주택,0,0,50.14,19571227,2,0,서울특별시 성북구 정릉동 685-50번지
11290,13300,0,0685,0051,,,일반건축물,단독주택,주택,0,0,59.4,19581128,2,0,서울특별시 성북구 정릉동 685-51번지
11290,13300,0,0685,0052,,,일반건축물,단독주택,주택,0,0,50.14,19581128,2,0,서울특별시 성북구 정릉동 685-52번지
11290,13300,0,0685,0054,,,일반건축물,단독주택,다가구용단독주택(4가구),0,0,157.14,19920704,2,1,서울특별시 성북구 정릉동 685-54번지
11290,13300,0,0685,0057,,,표제부,공동주택,연립주택,0,263.96,1065.22,19890428,3,1,서울특별시 성북구 정릉동 685-57번지
11290,13300,0,0685,0058,은빈아트빌,,일반건축물,단독주택,단독주택(다가구주택),188.1,108.76,374.81,20210701,5,0,서울특별시 성북구 정릉동 685-58번지
11290,13300,0,0685,0059,대림하우스,,일반건축물,단독주택,단독주택(다중주택),189,113.35,375.32,20210122,4,0,서울특별시 성북구 정릉동 685-59번지
11290,13300,0,0685,0060,,,표제부,공동주택,다세대주택,376.5,225.17,658.64,20150602,5,0,서울특별시 성북구 정릉동 685-60번지
11290,13300,0,0685,0062,,,일반건축물,제1종근린생활시설,"근린생활시설, 주택",0,0,137.88,19880729,2,1,서울특별시 성북구 정릉동 685-62번지
11290,13300,0,0685,0063,,,일반건축물,제2종근린생활시설,근린생활시설,0,0,89.73,19581128,2,0,서울특별시 성북구 정릉동 685-63번지
11290,13300,0,0685,0069,,,일반건축물,단독주택,주택,0,0,49.95,19571227,2,0,서울특별시 성북구 정릉동 685-69번지
11290,13300,0,0685,0070,,,일반건축물,단독주택,"주택, 점포",0,0,106.51,19571227,2,0,서울특별시 성북구 정릉동 685-70번지
11290,13300,0,0685,0071,삼성홈타운B동,,표제부,공동주택,도시형생활주택(단지형다세대),188,112.64,374.36,20160215,5,0,서울특별시 성북구 정릉동 685-71번지
11290,13300,0,0685,0072,,,일반건축물,단독주택,주택,0,0,49.95,19571227,2,0,서울특별시 성북구 정릉동 685-72번지
11290,13300,0,0685,0073,,,일반건축물,단독주택,주택,0,0,49.95,19571227,2,0,서울특별시 성북구 정릉동 685-73번지
11290,13300,0,0685,0074,명안가 2차,,일반건축물,단독주택,단독주택(다중주택) 및 제2종근린생활시설(사무실),198.95,117.08,397.81,20170721,5,0,서울특별시 성북구 정릉동 685-74번지
11290,13300,0,0685,0075,,,일반건축물,단독주택,주택,0,0,49.95,19571217,2,0,서울특별시 성북구 정릉동 685-75번지
11290,13300,0,0685,0076,,,일반건축물,단독주택,"주택, 근린생활시설",0,0,90.34,19571217,2,0,서울특별시 성북구 정릉동 685-76번지
11290,13300,0,0685,0079,,,일반건축물,단독주택,주택,0,0,109.03,19581128,2,1,서울특별시 성북구 정릉동 685-79번지
11290,13300,0,0685,0080,,,일반건축물,단독주택,주택,0,0,49.95,,2,0,서울특별시 성북구 정릉동 685-80번지
11290,13300,0,0685,0082,,,일반건축물,단독주택,주택,0,0,49.95,19571217,2,0,서울특별시 성북구 정릉동 685-82번지
11290,13300,0,0685,0083,,,일반건축물,단독주택,"주택, 근린생활시설",0,0,100.09,19581128,2,0,서울특별시 성북구 정릉동 685-83번지
11290,13300,0,0685,0084,,,일반건축물,단독주택,다중주택/근린생활시설,188.95,108.84,377.61,20200515,5,0,서울특별시 성북구 정릉동 685-84번지
11290,13300,0,0685,0085,명안가9차,,일반건축물,단독주택,단독주택 및 제2종근린생활시설,191,114.4,381.88,20190805,5,0,서울특별시 성북구 정릉동 685-85번지
11290,13300,0,0685,0086,,,일반건축물,단독주택,다가구용단독주택(5가구),0,0,195.65,19921216,3,1,서울특별시 성북구 정릉동 685-86번지
11290,13300,0,0685,0087,별하우스,,일반건축물,단독주택,단독주택(다중주택),188.32,112.68,376.36,20180710,4,0,서울특별시 성북구 정릉동 685-87번지
11290,13300,0,0685,0088,드림빌,,일반건축물,단독주택,단독주택(다중주택),186.08,111.18,371.16,20190611,4,0,서울특별시 성북구 정릉동 685-88번지
11290,13300,0,0685,0089,,,일반건축물,제2종근린생활시설,"제1종근린생활시설,주택",197.5,118.37,538.41,19951125,4,1,서울특별시 성북구 정릉동 685-89번지
11290,13300,0,0685,0092,,,일반건축물,단독주택,다가구용단독주택(3가구),0,0,148.8,19921210,2,1,서울특별시 성북구 정릉동 685-92번지
11290,13300,0,0685,0097,,,일반건축물,단독주택,주택,0,0,49.95,19571227,2,0,서울특별시 성북구 정릉동 685-97번지
11290,13300,0,0685,0098,,,일반건축물,단독주택,주택,0,0,49.95,19571217,2,0,서울특별시 성북구 정릉동 685-98번지
11290,13300,0,0685,0100,,,일반건축물,제2종근린생활시설,제2종근린생활시설,0,0,33.06,19571212,1,0,서울특별시 성북구 정릉동 685-100번지
11290,13300,0,0685,0100,,,일반건축물,단독주택,"주택, 점포",0,0,58.74,,2,0,서울특별시 성북구 정릉동 685-100번지
11290,13300,0,0685,0101,,,일반건축물,단독주택,"주택, 점포",0,0,146.08,19710625,2,0,서울특별시 성북구 정릉동 685-101번지
11290,13300,0,0685,0101,,,일반건축물,단독주택,주택,0,0,49.95,19711020,2,0,서울특별시 성북구 정릉동 685-101번지
11290,13300,0,0685,0102,,,일반건축물,제1종근린생활시설,"다가구용단독주택(2가구), 근린생활시설",135,80.94,323.14,19941220,4,1,서울특별시 성북구 정릉동 685-102번지
11290,13300,0,0685,0103,,,일반건축물,제1종근린생활시설,제1종근린생활시설,149,79.44,293.56,19950724,3,1,서울특별시 성북구 정릉동 685-103번지
11290,13300,0,0685,0104,,,일반건축물,단독주택,제1종근린생활시설,139,78.24,296.54,19940312,3,1,서울특별시 성북구 정릉동 685-104번지
11290,13300,0,0685,0105,,,일반건축물,단독주택,주택,0,0,203.31,19881029,2,1,서울특별시 성북구 정릉동 685-105번지
11290,13300,0,0685,0106,정릉그랑빌,,표제부,공동주택,공동주택(다세대주택),294.9,170.05,504.61,20150202,4,0,서울특별시 성북구 정릉동 685-106번지
11290,13300,0,0685,0107,트윈빌,,일반건축물,단독주택,단독주택,215.4,125.78,323.04,20191224,4,0,서울특별시 성북구 정릉동 685-107번지
11290,13300,0,0685,0108,,,일반건축물,단독주택,다가구용 단독주택(5가구),172.2,103.05,272.75,19940701,2,1,서울특별시 성북구 정릉동 685-108번지
11290,13300,0,0685,0109,,,일반건축물,단독주택,주택,0,0,249.39,19891130,2,1,서울특별시 성북구 정릉동 685-109번지
11290,13300,0,0685,0110,,,일반건축물,단독주택,주택,0,0,249.12,19890921,2,1,서울특별시 성북구 정릉동 685-110번지
11290,13300,0,0685,0111,,,일반건축물,단독주택,주택,0,0,229.23,19891010,2,1,서울특별시 성북구 정릉동 685-111번지
11290,13300,0,0685,0112,,,일반건축물,단독주택,단독주택,0,0,220.05,19900825,2,1,서울특별시 성북구 정릉동 685-112번지
11290,13300,0,0685,0113,,,일반건축물,단독주택,다가구용 단독주택,136.68,80.74,217.32,19930927,2,1,서울특별시 성북구 정릉동 685-113번지
11290,13300,0,0685,0114,,,일반건축물,단독주택,다가구용단독주택(5가구),0,0,192.09,19920327,2,1,서울특별시 성북구 정릉동 685-114번지
11290,13300,0,0685,0115,,,일반건축물,단독주택,주택,0,0,42.98,,1,0,서울특별시 성북구 정릉동 685-115번지
11290,13300,0,0685,0116,,,일반건축물,단독주택,단독주택,0,0,230.94,19881125,2,1,서울특별시 성북구 정릉동 685-116번지
11290,13300,0,0685,0117,골든하우스,,일반건축물,단독주택,단독주택(다중주택),149,89.06,199.02,20171220,3,0,서울특별시 성북구 정릉동 685-117번지
11290,13300,0,0685,0118,,,일반건축물,단독주택,단독주택(다중주택),142,84.85,198.9,20170308,3,0,서울특별시 성북구 정릉동 685-118번지
11290,13300,0,0685,0119,,,일반건축물,제1종근린생활시설,제1종근린생활시설,142,83.69,294.2,19941220,3,1,서울특별시 성북구 정릉동 685-119번지
11290,13300,0,0685,0120,,,일반건축물,제2종근린생활시설,"단독주택,근린생활시설",246,145.57,491.66,20091027,5,0,서울특별시 성북구 정릉동 685-120번지
11290,13300,0,0685,0121,,,일반건축물,단독주택,"다가구용단독주택, 근린생활시설",202,120.83,539.81,19951125,4,1,서울특별시 성북구 정릉동 685-121번지
11290,13300,0,0685,0122,광신빌딩,,일반건축물,단독주택,단독주택(다가구주택) 및 제1종근린생활시설,157.56,94.5,331.18,20160523,4,0,서울특별시 성북구 정릉동 685-122번지
11290,13300,0,0685,0123,,,일반건축물,제2종근린생활시설,근린생활시설,227,154.14,154.14,19990621,0,1,서울특별시 성북구 정릉동 685-123번지
11290,13300,0,0685,0124,,,일반건축물,단독주택,다가구용단독주택(6가구),132,78.8,317.3,19940602,3,1,서울특별시 성북구 정릉동 685-124번지
11290,13300,0,0685,0131,,,일반건축물,단독주택,단독주택,69,32.78,134.81,20221206,4,1,서울특별시 성북구 정릉동 685-131번지
11290,13300,0,0685,0131,,,일반건축물,창고시설,창고시설,69,2,2,20221206,1,0,서울특별시 성북구 정릉동 685-131번지
11290,13300,0,0685,0139,,,일반건축물,제2종근린생활시설,제2종근린생활시설(교회),0,0,603,19780524,2,1,서울특별시 성북구 정릉동 685-139번지
11290,13300,0,0685,0152,,,일반건축물,단독주택,주택,0,0,203.31,19881029,2,1,서울특별시 성북구 정릉동 685-152번지
11290,13300,0,0685,0153,로마린다 힐,,일반건축물,단독주택,단독주택,181,107.86,328.59,20181019,3,1,서울특별시 성북구 정릉동 685-153번지
11290,13300,0,0685,0157,정든마을 주민공동이용시설,,일반건축물,제1종근린생활시설,제1종근린생활시설,105,62.77,138.74,20170630,3,0,서울특별시 성북구 정릉동 685-157번지
11290,13300,0,0687,0002,,,표제부,공동주택,"다세대주택, 근린생활시설",152,89.96,257.36,20021024,3,0,서울특별시 성북구 정릉동 687-2번지
11290,13300,0,0687,0005,,,일반건축물,단독주택,주택,0,0,28.1,19680830,1,0,서울특별시 성북구 정릉동 687-5번지
11290,13300,0,0687,0006,ITER빌딩,,일반건축물,제2종근린생활시설,제2종근린생활시설,194,113.82,494.06,20070206,4,1,서울특별시 성북구 정릉동 687-6번지
11290,13300,0,0688,0003,,,표제부,공동주택,연립주택,525.25,296.53,1425.87,19940225,4,1,서울특별시 성북구 정릉동 688-3번지
11290,13300,0,0688,0012,,,표제부,공동주택,연립주택,532.88,289.7,1227.03,19950322,4,1,서울특별시 성북구 정릉동 688-12번지
11290,13300,0,0688,0013,동욱빌라트,,표제부,공동주택,"다세대주택,근생",417.73,249.75,1404.43,20050923,5,2,서울특별시 성북구 정릉동 688-13번지
11290,13300,0,0689,0001,,,표제부,공동주택,"공동주택(다세대주택),근린생활시설",404,201.16,787.05,20090114,4,1,서울특별시 성북구 정릉동 689-1번지
11290,13300,0,0689,0003,,,일반건축물,단독주택,단독주택(다가구주택),109.35,65.41,163.82,20170116,4,0,서울특별시 성북구 정릉동 689-3번지
11290,13300,0,0689,0006,,,일반건축물,단독주택,다가구용단독주택(5가구),86.56,48.84,144.61,19920804,2,1,서울특별시 성북구 정릉동 689-6번지
11290,13300,0,0689,0008,,,일반건축물,단독주택,주택,0,0,50.15,19581105,2,0,서울특별시 성북구 정릉동 689-8번지
11290,13300,0,0689,0008,,,일반건축물,단독주택,다가구용단독주택(3가구),0,0,174.47,19910529,2,1,서울특별시 성북구 정릉동 689-8번지
11290,13300,0,0689,0009,,,일반건축물,단독주택,단독주택(다중주택),110.97,65.91,165.87,20170111,3,0,서울특별시 성북구 정릉동 689-9번지
11290,13300,0,0689,0010,,,일반건축물,단독주택,단독주택(다중주택),109.37,65.06,163.77,20170111,3,0,서울특별시 성북구 정릉동 689-10번지
11290,13300,0,0689,0011,,,일반건축물,단독주택,다가구용단독주택(4가구),165,92.22,248.34,19981228,2,1,서울특별시 성북구 정릉동 689-11번지
11290,13300,0,0689,0012,,,일반건축물,단독주택,주택,0,0,113.45,,2,1,서울특별시 성북구 정릉동 689-12번지
11290,13300,0,0689,0014,,,일반건축물,단독주택,"다가구주택, 제2종근린생활시설",149,86.11,257.55,20021007,3,0,서울특별시 성북구 정릉동 689-14번지
11290,13300,0,0689,0015,,,일반건축물,단독주택,다가구주택,159,89.55,254.46,20030607,3,1,서울특별시 성북구 정릉동 689-15번지
11290,13300,0,0689,0016,,,표제부,공동주택,다세대주택,0,69.33,211.8,19870327,2,1,서울특별시 성북구 정릉동 689-16번지
11290,13300,0,0689,0017,,,일반건축물,단독주택,주택,0,0,107.46,19640505,2,0,서울특별시 성북구 정릉동 689-17번지
11290,13300,0,0689,0018,,,일반건축물,단독주택,다가구 주택(5가구),165.03,98.94,291.72,19961213,3,0,서울특별시 성북구 정릉동 689-18번지
11290,13300,0,0689,0019,예담빌,,표제부,공동주택,공동주택(도시형생활주택 단지형다세대주택),212.48,114.8,317.42,20150810,5,0,서울특별시 성북구 정릉동 689-19번지
11290,13300,0,0689,0021,,,일반건축물,단독주택,다가구주택,110,59.28,149.1,20160114,4,0,서울특별시 성북구 정릉동 689-21번지
11290,13300,0,0689,0022,,,일반건축물,단독주택,주택,0,0,199.26,19880314,2,1,서울특별시 성북구 정릉동 689-22번지
11290,13300,0,0689,0023,,,표제부,공동주택,다세대주택,176.48,105.15,495.43,20030516,4,1,서울특별시 성북구 정릉동 689-23번지
11290,13300,0,0689,0025,,,일반건축물,단독주택,주택,0,0,49.95,19571217,2,0,서울특별시 성북구 정릉동 689-25번지
11290,13300,0,0689,0028,,,일반건축물,단독주택,"주택, 근린생활시설",0,0,157.58,19581127,3,0,서울특별시 성북구 정릉동 689-28번지
11290,13300,0,0689,0029,,,일반건축물,단독주택,주택,0,0,49.95,19571227,2,0,서울특별시 성북구 정릉동 689-29번지
11290,13300,0,0689,0030,,,일반건축물,단독주택,"주택, 근린생활시설",126.01,71.01,279.41,19921231,4,1,서울특별시 성북구 정릉동 689-30번지
11290,13300,0,0689,0032,,,일반건축물,단독주택,"주택, 근린생활시설, 주차장",0,0,385.14,19920903,3,1,서울특별시 성북구 정릉동 689-32번지
11290,13300,0,0689,0044,,,일반건축물,단독주택,주택,0,0,196.37,19900124,2,1,서울특별시 성북구 정릉동 689-44번지
11290,13300,0,0690,0001,잼스톤빌리지1단지,,표제부,공동주택,도시형생활주택(단지형다세대),0,166.99,600.95,20150417,6,0,서울특별시 성북구 정릉동 690-1번지
11290,13300,0,0690,0001,잼스톤빌리지1단지,,표제부,공동주택,도시형생활주택(단지형다세대),0,169.46,657.69,20150417,6,0,서울특별시 성북구 정릉동 690-1번지
11290,13300,0,0690,0003,,,표제부,공동주택,"다세대주택(7세대), 근린생활시설",311.94,186.95,733.45,19970417,5,0,서울특별시 성북구 정릉동 690-3번지
11290,13300,0,0690,0004,,,일반건축물,제1종근린생활시설,근린생활시설,0,0,85.95,19640117,1,0,서울특별시 성북구 정릉동 690-4번지
11290,13300,0,0691,0000,,,일반건축물,단독주택,주택,0,0,96.69,19640117,1,0,서울특별시 성북구 정릉동 691번지
11290,13300,0,0691,0005,,,일반건축물,단독주택,"단독주택(다중주택),근린생활시설",245,145.61,367.17,20170901,4,0,서울특별시 성북구 정릉동 691-5번지
11290,13300,0,0692,0002,,,표제부,공동주택,공동주택(다세대주택),241,100.26,358.27,20090825,4,0,서울특별시 성북구 정릉동 692-2번지
11290,13300,0,0692,0003,,,표제부,공동주택,"도시형생활주택,제2종근린생활시설",231,137.75,345.4,20140326,4,0,서울특별시 성북구 정릉동 692-3번지
11290,13300,0,0692,0004,,,일반건축물,단독주택,단독주택(다중주택),214.2,114.49,306.6,20190614,4,0,서울특별시 성북구 정릉동 692-4번지
11290,13300,0,0692,0005,롯데빌리지,,표제부,공동주택,다세대주택(7세대),0,126.1,466.85,19920316,3,1,서울특별시 성북구 정릉동 692-5번지
11290,13300,0,0692,0006,,,일반건축물,단독주택,주택,0,0,280.2,19850709,2,1,서울특별시 성북구 정릉동 692-6번지
11290,13300,0,0692,0007,,,표제부,공동주택,"공동주택(도시형생활주택, 다세대주택, 제1종근린생활시설)",239.83,143.55,359.59,20130905,4,0,서울특별시 성북구 정릉동 692-7번지
11290,13300,0,0692,0008,,,일반건축물,단독주택,다가구주택(6),241,118.63,446.52,20010510,3,1,서울특별시 성북구 정릉동 692-8번지
11290,13300,0,0692,0009,,,표제부,공동주택,다세대주택,0,76.56,229.68,19861127,2,1,서울특별시 성북구 정릉동 692-9번지
11290,13300,0,0692,0010,,,표제부,공동주택,다세대주택,0,108.8,326.4,19860515,2,1,서울특별시 성북구 정릉동 692-10번지
11290,13300,0,0692,0011,다온하우스,,표제부,공동주택,"다세대주택,제2종근린생활시설",244.5,145.24,488.07,20160224,5,0,서울특별시 성북구 정릉동 692-11번지
11290,13300,0,0692,0013,KAINOS-HOUSE,,표제부,공동주택,도시형생활주택(소형주택),784.5,385.58,1512.03,20240614,5,0,서울특별시 성북구 정릉동 692-13번지
11290,13300,0,0692,0015,,,일반건축물,제2종근린생활시설,제2종근린생활시설(독서실),298,151.34,708.03,20060920,4,1,서울특별시 성북구 정릉동 692-15번지
11290,13300,0,0692,0016,,,표제부,공동주택,공동주택(다세대주택),254,145.68,504.25,20221103,5,0,서울특별시 성북구 정릉동 692-16번지
11290,13300,0,0692,0017,,,표제부,공동주택,다세대주택,0,82.68,248.04,19900924,2,1,서울특별시 성북구 정릉동 692-17번지
11290,13300,0,0692,0018,,,표제부,공동주택,다세대주택(8세대),254,152.06,751.12,20010503,4,1,서울특별시 성북구 정릉동 692-18번지
11290,13300,0,0692,0019,소산맨션6차,,표제부,공동주택,연립주택,572.7,329.22,1552.67,19941230,4,1,서울특별시 성북구 정릉동 692-19번지
11290,13300,0,0692,0021,,,일반건축물,단독주택,"단독주택, 근린생활시설",221,129.12,522.91,19971213,4,1,서울특별시 성북구 정릉동 692-21번지
11290,13300,0,0692,0023,,,일반건축물,단독주택,주택,0,0,262.73,19800915,2,1,서울특별시 성북구 정릉동 692-23번지
11290,13300,0,0692,0024,,,일반건축물,단독주택,주택,0,0,266.1,19830726,2,1,서울특별시 성북구 정릉동 692-24번지
11290,13300,0,0692,0025,,,일반건축물,단독주택,주택,0,0,76.08,19600829,1,0,서울특별시 성북구 정릉동 692-25번지
11290,13300,0,0692,0025,,,일반건축물,단독주택,주택,0,0,51.74,19611231,1,0,서울특별시 성북구 정릉동 692-25번지
11290,13300,0,0692,0026,,,일반건축물,단독주택,"다가구주택(3), 근린생활시설",116,62.75,227.39,20010716,4,0,서울특별시 성북구 정릉동 692-26번지
11290,13300,0,0692,0028,,,표제부,공동주택,다세대주택,0,75.72,227.16,19861127,2,1,서울특별시 성북구 정릉동 692-28번지
11290,13300,0,0693,0001,,,일반건축물,단독주택,주택,0,0,54.55,19600829,1,0,서울특별시 성북구 정릉동 693-1번지
11290,13300,0,0693,0008,,,표제부,공동주택,공동주택(다세대주택-도시형생활주택),187.12,103.88,318.59,20120924,4,0,서울특별시 성북구 정릉동 693-8번지
11290,13300,0,0693,0009,,,일반건축물,단독주택,주택,0,0,162.41,19600829,2,1,서울특별시 성북구 정릉동 693-9번지
11290,13300,0,0693,0011,다세대주택,,표제부,공동주택,다세대주택,191.12,105.64,471.77,20011117,5,0,서울특별시 성북구 정릉동 693-11번지
11290,13300,0,0693,0012,,,일반건축물,단독주택,주택,0,0,76.24,19600829,1,0,서울특별시 성북구 정릉동 693-12번지
11290,13300,0,0693,0013,,,일반건축물,단독주택,단독주택,181,82.35,297.3,19901127,3,1,서울특별시 성북구 정릉동 693-13번지
11290,13300,0,0693,0014,트라움하임 아세움,,일반건축물,단독주택,"단독주택(다중주택),근린생활시설",182,105.09,350.1,20221212,3,1,서울특별시 성북구 정릉동 693-14번지
11290,13300,0,0693,0017,트라움하임 교은,,일반건축물,단독주택,단독주택(다중주택),172,102.68,316.74,20221212,3,1,서울특별시 성북구 정릉동 693-17번지
11290,13300,0,0694,0000,,,일반건축물,단독주택,"단독주택, 종교집회장",946,481.45,638,19831215,1,1,서울특별시 성북구 정릉동 694번지
11290,13300,0,0694,0003,,,표제부,공동주택,다세대주택,344.72,176.8,802.24,20020514,4,1,서울특별시 성북구 정릉동 694-3번지
11290,13300,0,0695,0000,,,일반건축물,단독주택,주택,0,0,66.12,19590430,1,0,서울특별시 성북구 정릉동 695번지
11290,13300,0,0695,0001,,,일반건축물,제2종근린생활시설,제2종근린생활시설,612.04,358.85,917.88,20040809,4,0,서울특별시 성북구 정릉동 695-1번지
11290,13300,0,0695,0004,,,표제부,공동주택,다세대주택,325.29,169.46,844.82,20020424,4,1,서울특별시 성북구 정릉동 695-4번지
11290,13300,0,0695,0005,,,표제부,공동주택,다세대주택,365.66,178.72,863.6,20020427,4,1,서울특별시 성북구 정릉동 695-5번지
11290,13300,0,0696,0001,,,일반건축물,단독주택,"다가구주택(4), 근린생활시설",166,99.52,470.58,19931116,4,1,서울특별시 성북구 정릉동 696-1번지
11290,13300,0,0697,0000,,,일반건축물,단독주택,주택,0,0,82.08,19640117,1,0,서울특별시 성북구 정릉동 697번지
11290,13300,0,0697,0001,현대그린빌,,표제부,공동주택,공동주택(다세대주택),294,175.83,581.77,20070917,5,0,서울특별시 성북구 정릉동 697-1번지
11290,13300,0,0697,0002,,,일반건축물,단독주택,주택,0,0,49.59,19641228,1,0,서울특별시 성북구 정릉동 697-2번지
11290,13300,0,0697,0003,,,표제부,공동주택,공동주택(다세대주택),306,180.42,611.43,20120509,5,0,서울특별시 성북구 정릉동 697-3번지
11290,13300,0,0697,0005,,,일반건축물,단독주택,주택,0,0,77.85,19641028,1,0,서울특별시 성북구 정릉동 697-5번지
11290,13300,0,0697,0006,애플하우스,,일반건축물,단독주택,단독주택,174.22,103.77,259.82,20191209,3,0,서울특별시 성북구 정릉동 697-6번지
11290,13300,0,0698,0003,잼스톤빌리지2단지,,표제부,공동주택,도시형생활주택(단지형다세대),0,172.25,625.8,20150422,6,0,서울특별시 성북구 정릉동 698-3번지
11290,13300,0,0698,0003,잼스톤빌리지2단지,,표제부,공동주택,도시형생활주택(단지형다세대),0,171.17,599.7,20150422,6,0,서울특별시 성북구 정릉동 698-3번지
11290,13300,0,0698,0005,,,표제부,공동주택,다세대주택,184.31,108.73,339.8,20090421,4,0,서울특별시 성북구 정릉동 698-5번지
11290,13300,0,0698,0008,삼성그린빌라,,표제부,공동주택,도시형생활주택(단지형다세대),264,158.08,525.96,20160413,5,0,서울특별시 성북구 정릉동 698-8번지
11290,13300,0,0698,0011,삼성그린빌라,,표제부,공동주택,도시형생활주택(단지형다세대),183,109.02,361.48,20160511,5,0,서울특별시 성북구 정릉동 698-11번지
11290,13300,0,0699,0001,,,일반건축물,단독주택,주택,0,0,88.76,19740920,1,1,서울특별시 성북구 정릉동 699-1번지
11290,13300,0,0699,0002,,,표제부,공동주택,다세대주택(10세대),201,120.48,594.84,19960501,4,1,서울특별시 성북구 정릉동 699-2번지
11290,13300,0,0699,0003,,,표제부,공동주택,공동주택(다세대주택),205,122.52,409.92,20070713,5,0,서울특별시 성북구 정릉동 699-3번지
11290,13300,0,0699,0011,,,일반건축물,단독주택,주택,0,0,105.49,19700920,1,1,서울특별시 성북구 정릉동 699-11번지
11290,13300,0,0703,0001,,,일반건축물,단독주택,다가구용단독주택(7가구),386,169.65,653.33,19940719,4,1,서울특별시 성북구 정릉동 703-1번지
11290,13300,0,0703,0002,,,표제부,공동주택,연립주택,802,295.88,1184.25,19901213,3,1,서울특별시 성북구 정릉동 703-2번지
11290,13300,0,0703,0005,,,표제부,공동주택,다세대주택(7),149.31,87.23,296.79,19940129,3,1,서울특별시 성북구 정릉동 703-5번지
11290,13300,0,0703,0006,,,일반건축물,단독주택,"주택, 광",0,0,60.04,19651025,1,0,서울특별시 성북구 정릉동 703-6번지
11290,13300,0,0703,0008,,,일반건축물,단독주택,다가구용단독주택(2가구),140.16,63.97,99.52,19931230,2,0,서울특별시 성북구 정릉동 703-8번지
11290,13300,0,0703,0009,골드캐슬,,표제부,공동주택,공동주택(도시형생활주택),441,223.62,659.88,20210825,5,0,서울특별시 성북구 정릉동 703-9번지
11290,13300,0,0703,0011,,,일반건축물,단독주택,다가구용단독주택(6가구),142.26,82.88,297.45,19940705,3,1,서울특별시 성북구 정릉동 703-11번지
11290,13300,0,0703,0012,,,일반건축물,단독주택,다가구용단독주택(4가구),0,0,193.98,19910624,2,1,서울특별시 성북구 정릉동 703-12번지
11290,13300,0,0703,0014,,,일반건축물,단독주택,"다가구주택,근린생활시설",105.75,62.87,217.56,19940401,3,1,서울특별시 성북구 정릉동 703-14번지
11290,13300,0,0703,0015,,,일반건축물,단독주택,다가구주택(4가구),102.95,60.73,160.51,19980714,2,1,서울특별시 성북구 정릉동 703-15번지
11290,13300,0,0704,0012,,,표제부,제2종근린생활시설,"근린생활시설,다세대주택",360.9,216.1,1335.33,20031212,6,1,서울특별시 성북구 정릉동 704-12번지
11290,13300,0,0704,0015,,,표제부,공동주택,다세대주택(10세대),476,186.36,658.8,20020703,5,0,서울특별시 성북구 정릉동 704-15번지
11290,13300,0,0704,0018,,,일반건축물,단독주택,"주택, 근린생활시설",0,0,281.18,19921216,4,1,서울특별시 성북구 정릉동 704-18번지
11290,13300,0,0704,0021,,,일반건축물,제1종근린생활시설,근린생활시설,165,98.83,170.39,19970117,2,0,서울특별시 성북구 정릉동 704-21번지
11290,13300,0,0704,0022,,,일반건축물,단독주택,광,192,3.31,3.31,19701120,1,0,서울특별시 성북구 정릉동 704-22번지
11290,13300,0,0704,0022,,,일반건축물,단독주택,"단독주택, 근린생활시설",192,103.58,194.83,19701120,2,1,서울특별시 성북구 정릉동 704-22번지
11290,13300,0,0704,0023,,,일반건축물,단독주택,"주택, 근린생활시설",92,54.32,234.74,19921113,4,1,서울특별시 성북구 정릉동 704-23번지
11290,13300,0,0704,0025,,,일반건축물,단독주택,주택,0,0,70.64,19730312,1,1,서울특별시 성북구 정릉동 704-25번지
11290,13300,0,0704,0026,,,일반건축물,단독주택,주택,0,0,77.26,19730410,1,1,서울특별시 성북구 정릉동 704-26번지
11290,13300,0,0704,0027,트라움하임 미성,,일반건축물,단독주택,단독주택(다중주택),142.5,78.04,282.83,20211019,3,1,서울특별시 성북구 정릉동 704-27번지
11290,13300,0,0704,0028,,,일반건축물,단독주택,단독주택,127.92,55.08,124.06,20150921,3,0,서울특별시 성북구 정릉동 704-28번지
11290,13300,0,0704,0031,,,일반건축물,단독주택,주택,0,0,46.08,19730609,1,0,서울특별시 성북구 정릉동 704-31번지
11290,13300,0,0704,0033,,,일반건축물,단독주택,"주택, 근린생활시설",0,0,296.45,19920908,4,1,서울특별시 성북구 정릉동 704-33번지
11290,13300,0,0704,0038,,,일반건축물,단독주택,주택,0,0,65.12,19730808,1,1,서울특별시 성북구 정릉동 704-38번지
11290,13300,0,0704,0039,,,일반건축물,단독주택,주택,0,0,71.07,19730822,1,1,서울특별시 성북구 정릉동 704-39번지
11290,13300,0,0710,0001,에덴아트빌,,표제부,공동주택,도시형생활주택-단지형다세대주택 (8세대),301.37,146.86,436.09,20141202,5,0,서울특별시 성북구 정릉동 710-1번지
11290,13300,0,0710,0002,,,일반건축물,제2종근린생활시설,제2종근린생활시설,363,114.78,269.29,19860923,2,1,서울특별시 성북구 정릉동 710-2번지
11290,13300,0,0710,0003,,,일반건축물,단독주택,근린생활시설/다중주택,222.88,115.24,332.75,20191226,4,0,서울특별시 성북구 정릉동 710-3번지
11290,13300,0,0710,0006,,,일반건축물,단독주택,주택,0,0,52.89,19650902,1,0,서울특별시 성북구 정릉동 710-6번지
11290,13300,0,0710,0009,,,일반건축물,단독주택,주택,0,0,39.83,19680120,1,0,서울특별시 성북구 정릉동 710-9번지
11290,13300,0,0710,0011,정원빌라,,표제부,공동주택,주택,289.55,132.08,493.12,19981020,3,1,서울특별시 성북구 정릉동 710-11번지
11290,13300,0,0710,0013,,,일반건축물,단독주택,주택,0,0,72.26,19660530,1,0,서울특별시 성북구 정릉동 710-13번지
11290,13300,0,0710,0015,,,일반건축물,단독주택,다가구 주택(4가구),96,57.57,192.36,19950629,2,1,서울특별시 성북구 정릉동 710-15번지
11290,13300,0,0710,0018,정릉동임씨주택,,일반건축물,단독주택,다가구형 단독주택(4가구),146.51,72.31,178.92,19950915,2,1,서울특별시 성북구 정릉동 710-18번지
11290,13300,0,0710,0020,,,일반건축물,단독주택,주택,0,0,41.32,19671120,1,0,서울특별시 성북구 정릉동 710-20번지
11290,13300,0,0710,0021,,,표제부,공동주택,다세대주택,173.5,103.06,298.42,19980410,2,1,서울특별시 성북구 정릉동 710-21번지
11290,13300,0,0710,0022,,,일반건축물,단독주택,다가구주택(5가구),157.9,93.07,358.97,19980702,3,1,서울특별시 성북구 정릉동 710-22번지
11290,13300,0,0710,0023,,,일반건축물,단독주택,주택,0,0,53.26,19611231,1,0,서울특별시 성북구 정릉동 710-23번지
11290,13300,0,0710,0029,,,일반건축물,단독주택,주택,0,0,164.07,19661213,2,0,서울특별시 성북구 정릉동 710-29번지
11290,13300,0,0710,0037,,,일반건축물,단독주택,주택,0,0,89.16,19671003,1,0,서울특별시 성북구 정릉동 710-37번지
11290,13300,0,0710,0038,,,일반건축물,단독주택,다가구용단독주택,205,115.18,319.95,20031022,4,0,서울특별시 성북구 정릉동 710-38번지
11290,13300,0,0710,0042,,,일반건축물,단독주택,주택,0,0,223.5,19861002,2,1,서울특별시 성북구 정릉동 710-42번지
11290,13300,0,0710,0044,,,일반건축물,단독주택,주택,165,74.61,180.79,19810410,2,1,서울특별시 성북구 정릉동 710-44번지
11290,13300,0,0710,0048,,,일반건축물,단독주택,주택,0,0,23.5,19670920,1,0,서울특별시 성북구 정릉동 710-48번지
11290,13300,0,0710,0049,,,일반건축물,단독주택,주택,0,0,24.6,19670920,1,0,서울특별시 성북구 정릉동 710-49번지
11290,13300,0,0710,0050,,,일반건축물,단독주택,주택,0,0,33.55,19670920,1,0,서울특별시 성북구 정릉동 710-50번지
11290,13300,0,0710,0053,,,일반건축물,단독주택,주택,0,0,39.24,19671112,1,0,서울특별시 성북구 정릉동 710-53번지
11290,13300,0,0710,0054,,,일반건축물,단독주택,주택,0,0,32.3,19670920,1,0,서울특별시 성북구 정릉동 710-54번지
11290,13300,0,0710,0055,,,일반건축물,단독주택,주택,0,0,33.12,19670920,1,0,서울특별시 성북구 정릉동 710-55번지
11290,13300,0,0710,0070,,,일반건축물,단독주택,주택,0,0,76.3,19690714,1,0,서울특별시 성북구 정릉동 710-70번지
11290,13300,0,0710,0073,,,일반건축물,단독주택,주택,0,0,43.6,19690714,1,0,서울특별시 성북구 정릉동 710-73번지
11290,13300,0,0710,0074,,,일반건축물,단독주택,주택,0,0,52.1,19690714,1,0,서울특별시 성북구 정릉동 710-74번지
11290,13300,0,0710,0081,,,표제부,공동주택,연립주택,0,2425.16,1895.97,19801217,2,1,서울특별시 성북구 정릉동 710-81번지
11290,13300,0,0710,0084,,,일반건축물,단독주택,주택,0,0,250.1,19850417,2,1,서울특별시 성북구 정릉동 710-84번지
11290,13300,0,0711,0001,국민대학교 기숙사,,일반건축물,공동주택,공동주택(기숙사),1391.28,571.63,2570.18,20141230,4,1,서울특별시 성북구 정릉동 711-1번지
11290,13300,0,0711,0003,,,일반건축물,단독주택,"주택, 근린생활시설",0,0,45.88,19671127,1,0,서울특별시 성북구 정릉동 711-3번지
11290,13300,0,0711,0004,,,일반건축물,단독주택,다가구용 단독주택(5가구),102,59.86,235.92,19960420,3,1,서울특별시 성북구 정릉동 711-4번지
11290,13300,0,0711,0008,,,일반건축물,단독주택,"다가구주택,근린생활시설",172,90.48,374.27,19850613,3,1,서울특별시 성북구 정릉동 711-8번지
11290,13300,0,0711,0009,,,표제부,공동주택,다세대주택,0,82.98,248.94,19910827,2,1,서울특별시 성북구 정릉동 711-9번지
11290,13300,0,0711,0014,,,일반건축물,단독주택,다가구용단독주택(3가구),116,69.36,277.44,19940726,3,1,서울특별시 성북구 정릉동 711-14번지
11290,13300,0,0711,0022,,,일반건축물,단독주택,주택,102,62.18,119.32,19671127,2,0,서울특별시 성북구 정릉동 711-22번지
11290,13300,0,0711,0023,,,일반건축물,단독주택,다가구용 단독주택(5가구),129,76.06,199.62,19931112,2,1,서울특별시 성북구 정릉동 711-23번지
11290,13300,0,0711,0024,,,일반건축물,단독주택,주택,0,0,85.82,19671127,1,0,서울특별시 성북구 정릉동 711-24번지
11290,13300,0,0711,0025,,,일반건축물,단독주택,주택,0,0,52.17,19671127,1,0,서울특별시 성북구 정릉동 711-25번지
11290,13300,0,0711,0026,,,일반건축물,단독주택,주택,0,0,65.79,19671127,1,0,서울특별시 성북구 정릉동 711-26번지
11290,13300,0,0711,0027,,,일반건축물,단독주택,주택,0,0,65.79,19671127,1,0,서울특별시 성북구 정릉동 711-27번지
11290,13300,0,0711,0029,,,일반건축물,단독주택,주택,0,0,62.81,19671127,1,0,서울특별시 성북구 정릉동 711-29번지
11290,13300,0,0711,0033,,,일반건축물,단독주택,"주택, 광",0,0,71.74,19701105,1,1,서울특별시 성북구 정릉동 711-33번지
11290,13300,0,0712,0002,,,표제부,공동주택,연립주택,463,234.77,994.18,19970226,4,1,서울특별시 성북구 정릉동 712-2번지
11290,13300,0,0712,0003,,,일반건축물,단독주택,주택,85,0,38.3,19850630,1,0,서울특별시 성북구 정릉동 712-3번지
11290,13300,0,0712,0003,,,일반건축물,단독주택,주택,26.4,0,31.36,19850630,2,0,서울특별시 성북구 정릉동 712-3번지
11290,13300,0,0712,0003,제20호,,일반건축물,단독주택,"주택, 변소",115.5,0,62.63,19850630,1,0,서울특별시 성북구 정릉동 712-3번지
11290,13300,0,0712,0003,,,일반건축물,단독주택,"주택, 변소",89,0,40.26,19850630,1,0,서울특별시 성북구 정릉동 712-3번지
11290,13300,0,0712,0003,,,일반건축물,단독주택,주택,115.5,0,57.58,19850630,1,0,서울특별시 성북구 정릉동 712-3번지
11290,13300,0,0712,0003,,,일반건축물,단독주택,주택,167.64,0,70.2,19850630,1,0,서울특별시 성북구 정릉동 712-3번지
11290,13300,0,0712,0003,,,일반건축물,단독주택,"주택, 변소",165,0,24.03,19850630,1,0,서울특별시 성북구 정릉동 712-3번지
11290,13300,0,0712,0003,,,일반건축물,단독주택,"주택, 변소, 창고",222.4,0,59.03,19850630,1,0,서울특별시 성북구 정릉동 712-3번지
11290,13300,0,0712,0003,,,일반건축물,단독주택,주택,117.1,0,21.92,19850630,1,0,서울특별시 성북구 정릉동 712-3번지
11290,13300,0,0712,0003,,,일반건축물,단독주택,"주택, 변소",128.7,0,43.17,19850630,1,0,서울특별시 성북구 정릉동 712-3번지
11290,13300,0,0712,0003,,,일반건축물,단독주택,주택,120.13,0,76.26,19850630,1,0,서울특별시 성북구 정릉동 712-3번지
11290,13300,0,0712,0003,,,일반건축물,단독주택,주택,105.6,0,44.28,19850630,1,0,서울특별시 성북구 정릉동 712-3번지
11290,13300,0,0712,0003,,,일반건축물,단독주택,주택,156.7,0,20.64,19850630,1,0,서울특별시 성북구 정릉동 712-3번지
11290,13300,0,0712,0003,,,일반건축물,단독주택,"주택, 창고",225,0,59.89,19850630,1,0,서울특별시 성북구 정릉동 712-3번지
11290,13300,0,0712,0003,,,일반건축물,단독주택,주택,98.3,0,58.32,19850630,1,1,서울특별시 성북구 정릉동 712-3번지
11290,13300,0,0712,0003,,,일반건축물,단독주택,"주택, 창고",105.6,0,50.06,19850630,1,0,서울특별시 성북구 정릉동 712-3번지
11290,13300,0,0712,0003,,,일반건축물,단독주택,"주택, 변소",128.7,0,52.45,19850630,1,0,서울특별시 성북구 정릉동 712-3번지
11290,13300,0,0712,0003,,,일반건축물,단독주택,주택,113.2,0,67.83,19850630,1,0,서울특별시 성북구 정릉동 712-3번지
11290,13300,0,0712,0003,,,일반건축물,단독주택,"주택, 근린생활시설",102.3,0,88.22,19850630,2,0,서울특별시 성북구 정릉동 712-3번지
11290,13300,0,0712,0003,,,일반건축물,단독주택,주택,182.1,0,57.4,19850630,1,0,서울특별시 성북구 정릉동 712-3번지
11290,13300,0,0712,0003,,,일반건축물,단독주택,"주택, 변소",189.7,0,85.7,19850630,1,0,서울특별시 성북구 정릉동 712-3번지
11290,13300,0,0712,0003,,,일반건축물,단독주택,"주택, 변소",102.3,0,40.23,19850630,1,0,서울특별시 성북구 정릉동 712-3번지
11290,13300,0,0712,0003,,,일반건축물,단독주택,주택,70.32,0,46.06,19850630,1,0,서울특별시 성북구 정릉동 712-3번지
11290,13300,0,0712,0003,,,일반건축물,단독주택,주택,69.3,0,38.21,19850630,1,0,서울특별시 성북구 정릉동 712-3번지
11290,13300,0,0712,0003,,,일반건축물,단독주택,"주택, 창고",62.7,0,32.27,19850630,1,0,서울특별시 성북구 정릉동 712-3번지
11290,13300,0,0712,0003,,,일반건축물,단독주택,"주택, 변소",120.4,0,65.69,19850630,1,0,서울특별시 성북구 정릉동 712-3번지
11290,13300,0,0712,0003,,,일반건축물,단독주택,주택,42.9,0,18.24,19850630,1,0,서울특별시 성북구 정릉동 712-3번지
11290,13300,0,0712,0003,,,일반건축물,단독주택,주택,97.64,0,58.26,19850630,1,0,서울특별시 성북구 정릉동 712-3번지
11290,13300,0,0712,0003,,,일반건축물,단독주택,주택,192.72,0,80.16,19850630,1,0,서울특별시 성북구 정릉동 712-3번지
11290,13300,0,0712,0003,,,일반건축물,단독주택,주택,0,0,131.14,19850630,1,0,서울특별시 성북구 정릉동 712-3번지
11290,13300,0,0712,0003,,,일반건축물,단독주택,주택,0,0,47.76,19850630,1,0,서울특별시 성북구 정릉동 712-3번지
11290,13300,0,0712,0003,,,일반건축물,단독주택,"주택, 변소",211.2,0,74.24,19850630,1,0,서울특별시 성북구 정릉동 712-3번지
11290,13300,0,0712,0003,,,일반건축물,단독주택,"주택, 변소, 욕실",198,0,65.98,19850630,1,0,서울특별시 성북구 정릉동 712-3번지
11290,13300,0,0712,0003,제13호,,일반건축물,단독주택,"주택, 변소, 창고",202.6,0,101.62,19850630,1,0,서울특별시 성북구 정릉동 712-3번지
11290,13300,0,0712,0003,,,일반건축물,단독주택,주택,102.3,0,41.61,19850630,1,0,서울특별시 성북구 정릉동 712-3번지
11290,13300,0,0712,0003,,,일반건축물,단독주택,"주택, 변소, 창고",156.7,0,74.52,19850630,1,0,서울특별시 성북구 정릉동 712-3번지
11290,13300,0,0712,0003,,,일반건축물,단독주택,"주택, 변소, 창고",118.8,0,53.54,19850630,1,0,서울특별시 성북구 정릉동 712-3번지
11290,13300,0,0712,0003,,,일반건축물,단독주택,"주택, 변소",0,0,55.28,19850630,1,0,서울특별시 성북구 정릉동 712-3번지
11290,13300,0,0712,0013,,,일반건축물,단독주택,"주택, 차고",0,0,131.37,19690920,1,1,서울특별시 성북구 정릉동 712-13번지
11290,13300,0,0712,0022,,,일반건축물,단독주택,주택,0,0,75.63,19690925,1,1,서울특별시 성북구 정릉동 712-22번지
11290,13300,0,0712,0025,,,일반건축물,단독주택,"주택, 광",92,0,62.47,19850630,1,0,서울특별시 성북구 정릉동 712-25번지
11290,13300,0,0712,0026,,,일반건축물,단독주택,"주택, 광",0,0,79.6,19700209,1,0,서울특별시 성북구 정릉동 712-26번지
11290,13300,0,0712,0029,,,일반건축물,단독주택,"주택, 광",0,0,50.41,19701030,1,0,서울특별시 성북구 정릉동 712-29번지
11290,13300,0,0712,0031,,,일반건축물,단독주택,"주택, 광",0,0,79.6,19700209,1,0,서울특별시 성북구 정릉동 712-31번지
11290,13300,0,0712,0032,,,일반건축물,단독주택,"주택, 광",0,0,78.35,19700209,1,0,서울특별시 성북구 정릉동 712-32번지
11290,13300,0,0712,0035,,,일반건축물,단독주택,주택,0,0,111.31,19701030,1,1,서울특별시 성북구 정릉동 712-35번지
11290,13300,0,0712,0036,,,일반건축물,단독주택,다가구용단독주택(7가구),257.5,76.88,307.52,19961031,3,1,서울특별시 성북구 정릉동 712-36번지
11290,13300,0,0712,0047,,,일반건축물,단독주택,주택,0,0,32.73,19661005,2,0,서울특별시 성북구 정릉동 712-47번지
11290,13300,0,0712,0053,,,일반건축물,단독주택,다가구용단독주택(3가구),135,80.73,301.77,19940819,2,2,서울특별시 성북구 정릉동 712-53번지
11290,13300,0,0712,0054,,,일반건축물,단독주택,주택,0,0,88.53,19740925,1,1,서울특별시 성북구 정릉동 712-54번지
11290,13300,0,0712,0055,,,일반건축물,단독주택,다가구 주택(7가구),198,113.24,433.6,19940407,3,1,서울특별시 성북구 정릉동 712-55번지
11290,13300,0,0712,0056,,,일반건축물,단독주택,다가구용단독주택<6>,131.5,78.62,299.04,19941024,3,1,서울특별시 성북구 정릉동 712-56번지
11290,13300,0,0712,0058,,,일반건축물,단독주택,다가구용단독주택(5가구),126,72.81,179.73,19940617,2,1,서울특별시 성북구 정릉동 712-58번지
11290,13300,0,0712,0059,,,일반건축물,단독주택,주택,0,0,88.43,19740925,1,1,서울특별시 성북구 정릉동 712-59번지
11290,13300,0,0712,0060,,,일반건축물,단독주택,주택,0,0,88.53,19740925,1,1,서울특별시 성북구 정릉동 712-60번지
11290,13300,0,0712,0061,,,일반건축물,단독주택,주택,0,0,98.98,19791029,2,1,서울특별시 성북구 정릉동 712-61번지
11290,13300,0,0712,0065,수석하이빌,,표제부,공동주택,다세대주택,276,164.81,595.7,20011121,4,0,서울특별시 성북구 정릉동 712-65번지
11290,13300,0,0712,0066,고래빌딩,,일반건축물,제1종근린생활시설,1종근린생활시설,348,204.87,1256.06,20031219,6,1,서울특별시 성북구 정릉동 712-66번지
11290,13300,0,0712,0069,,,표제부,공동주택,다세대주택(11세대),215,128.92,469.65,19951025,3,1,서울특별시 성북구 정릉동 712-69번지
11290,13300,0,0712,0070,에스쁘아 빌 2,,일반건축물,단독주택,다중주택 및 근린생활시설,210,116.63,419.63,20180426,3,1,서울특별시 성북구 정릉동 712-70번지
11290,13300,0,0712,0071,에스쁘아 빌 1,,일반건축물,단독주택,다중주택 및 근린생활시설,210,120.75,566.92,20180510,3,2,서울특별시 성북구 정릉동 712-71번지
11290,13300,0,0712,0072,영창그린빌라,,표제부,공동주택,다세대주택,244.12,143.82,622.24,19951117,4,1,서울특별시 성북구 정릉동 712-72번지
11290,13300,0,0712,0073,,,표제부,공동주택,다세대주택(9세대),207.8,124.26,631.5,19960531,4,1,서울특별시 성북구 정릉동 712-73번지
11290,13300,0,0712,0077,,,일반건축물,단독주택,다가구용단독주택<3가구>,100,59.16,149.58,19941101,3,0,서울특별시 성북구 정릉동 712-77번지
11290,13300,0,0712,0078,,,일반건축물,단독주택,다가구용단독주택(4가구),126,75.11,215.18,19931227,2,1,서울특별시 성북구 정릉동 712-78번지
11290,13300,0,0712,0080,,,일반건축물,단독주택,단독주택,0,0,132.48,19901023,2,1,서울특별시 성북구 정릉동 712-80번지
11290,13300,0,0712,0081,트라움하임 라이프,,일반건축물,단독주택,단독주택(다중주택),160,89.33,298.43,20171114,3,1,서울특별시 성북구 정릉동 712-81번지
11290,13300,0,0712,0091,,,일반건축물,단독주택,"다가구주택, 근린생활시설",119,80.25,205.2,19830308,3,1,서울특별시 성북구 정릉동 712-91번지
11290,13300,0,0714,0000,,,일반건축물,공장,공장,0,0,720.99,19650820,2,0,서울특별시 성북구 정릉동 714번지
11290,13300,0,0714,0000,,,일반건축물,단독주택,"주택, 체육관",0,0,549.48,19711215,2,0,서울특별시 성북구 정릉동 714번지
11290,13300,0,0715,0001,,,일반건축물,단독주택,단독주택,298,117.91,178.13,19750111,2,1,서울특별시 성북구 정릉동 715-1번지
11290,13300,0,0715,0002,,,일반건축물,단독주택,주택,0,0,148.26,19711208,2,1,서울특별시 성북구 정릉동 715-2번지
11290,13300,0,0715,0003,,,일반건축물,단독주택,단독주택,258,84.81,97.405,19761221,1,1,서울특별시 성북구 정릉동 715-3번지
11290,13300,0,0715,0005,,,일반건축물,단독주택,"주택, 차고",0,0,148.47,19780303,1,1,서울특별시 성북구 정릉동 715-5번지
11290,13300,0,0715,0006,,,일반건축물,단독주택,"단독주택, 제2종근린생활시설",450,134.81,341.34,20010627,2,1,서울특별시 성북구 정릉동 715-6번지
11290,13300,0,0715,0007,,,일반건축물,단독주택,주택,0,0,161.39,19750425,1,1,서울특별시 성북구 정릉동 715-7번지
11290,13300,0,0715,0010,,,일반건축물,단독주택,주택,0,0,164.46,19741213,2,0,서울특별시 성북구 정릉동 715-10번지
11290,13300,0,0715,0011,,,일반건축물,제2종근린생활시설,"제2종근린생활시설, 다가구주택(2가구)",596.32,159.66,753.95,20140502,2,1,서울특별시 성북구 정릉동 715-11번지
11290,13300,0,0715,0013,,,일반건축물,단독주택,주택,373,128.53,480.87,19700928,2,1,서울특별시 성북구 정릉동 715-13번지
11290,13300,0,0715,0019,,,일반건축물,단독주택,단독주택,258,84.81,97.405,19761221,1,1,서울특별시 성북구 정릉동 715-19번지
11290,13300,0,0716,0003,아이콘스타,,표제부,공동주택,공동주택,287.58,166.8,659.14,20230420,5,1,서울특별시 성북구 정릉동 716-3번지
11290,13300,0,0716,0005,다온,,일반건축물,단독주택,단독주택(13가구),347,103.47,810.3,20140731,3,2,서울특별시 성북구 정릉동 716-5번지
11290,13300,0,0716,0006,,,일반건축물,단독주택,주택,0,0,307.51,19731020,2,1,서울특별시 성북구 정릉동 716-6번지
11290,13300,0,0716,0008,,,일반건축물,단독주택,주택,0,0,251.64,19700923,2,1,서울특별시 성북구 정릉동 716-8번지
11290,13300,0,0716,0009,,,일반건축물,단독주택,주택,0,0,164.56,19750408,2,1,서울특별시 성북구 정릉동 716-9번지
11290,13300,0,0716,0010,,,일반건축물,단독주택,"단독주택,제1종근린생활시설",311,114.31,241.61,19690730,2,1,서울특별시 성북구 정릉동 716-10번지
11290,13300,0,0716,0011,,,일반건축물,단독주택,"주택, 차고",0,0,247.96,19701028,2,1,서울특별시 성북구 정릉동 716-11번지
11290,13300,0,0716,0012,류가예헌,,일반건축물,단독주택,단독주택(다가구주택),317,126.74,494.65,20190314,3,1,서울특별시 성북구 정릉동 716-12번지
11290,13300,0,0716,0013,,,일반건축물,단독주택,"주택, 차고",0,0,249.06,19690901,2,1,서울특별시 성북구 정릉동 716-13번지
11290,13300,0,0716,0014,,,일반건축물,단독주택,"주택, 차고",0,0,176.1,19740529,2,1,서울특별시 성북구 정릉동 716-14번지
11290,13300,0,0716,0015,,,일반건축물,단독주택,단독주택,334,100.13,197.69,19741214,2,1,서울특별시 성북구 정릉동 716-15번지
11290,13300,0,0716,0016,,,일반건축물,제2종근린생활시설,제2종근린생활시설,0,0,255.36,19700802,2,1,서울특별시 성북구 정릉동 716-16번지
11290,13300,0,0716,0017,에이플러스,,일반건축물,단독주택,다가구주택(11가구),327,165.78,652.72,20060201,3,1,서울특별시 성북구 정릉동 716-17번지
11290,13300,0,0716,0018,,,일반건축물,제2종근린생활시설,"제2종근린생활시설,독서실",367,218.7,1245.14,20040119,5,1,서울특별시 성북구 정릉동 716-18번지
11290,13300,0,0716,0019,한솔좋은집,,표제부,공동주택,"공동주택,연립주택",403,240.59,1121.84,20030519,4,1,서울특별시 성북구 정릉동 716-19번지
11290,13300,0,0716,0020,진엘르빌,,표제부,공동주택,다세대주택,387,201.44,788.25,20150414,4,1,서울특별시 성북구 정릉동 716-20번지
11290,13300,0,0716,0021,,,표제부,공동주택,연립주택<11세대>,383,225.87,1025.19,19970930,4,1,서울특별시 성북구 정릉동 716-21번지
11290,13300,0,0716,0022,,,표제부,공동주택,다세대주택(14세대),195.83,117.16,556.44,19940208,4,1,서울특별시 성북구 정릉동 716-22번지
11290,13300,0,0716,0023,,,일반건축물,단독주택,주택,0,0,246.71,19691201,2,1,서울특별시 성북구 정릉동 716-23번지
11290,13300,0,0716,0024,,,일반건축물,단독주택,주차장,0,0,13.49,19781223,0,1,서울특별시 성북구 정릉동 716-24번지
11290,13300,0,0716,0024,,,일반건축물,단독주택,주택,278,134.15,178.45,19781223,2,1,서울특별시 성북구 정릉동 716-24번지
11290,13300,0,0716,0025,,,일반건축물,단독주택,다가구용 단독주택(5가구),0,0,295.05,19910618,2,1,서울특별시 성북구 정릉동 716-25번지
11290,13300,0,0716,0026,,,표제부,공동주택,다세대주택,0,85.1,255.3,19910625,2,1,서울특별시 성북구 정릉동 716-26번지
11290,13300,0,0716,0029,,,일반건축물,단독주택,"근린생활시설,다가구주택(4)",281.61,84.34,441.8,20030811,3,1,서울특별시 성북구 정릉동 716-29번지
11290,13300,0,0716,0031,,,일반건축물,단독주택,주택,0,0,106.02,19731019,1,1,서울특별시 성북구 정릉동 716-31번지
11290,13300,0,0716,0039,,,일반건축물,단독주택,"다가구주택(2가구), 근린생활시설",148.9,89.1,376.2,19950819,3,1,서울특별시 성북구 정릉동 716-39번지
11290,13300,0,0716,0040,,,일반건축물,단독주택,다가구주택(12가구),292.7,175.34,657.79,20001223,3,1,서울특별시 성북구 정릉동 716-40번지
11290,13300,0,0716,0041,,,일반건축물,단독주택,"주택, 차고",0,0,115.08,19760624,1,1,서울특별시 성북구 정릉동 716-41번지
11290,13300,0,0716,0043,솔샘빌라트,,표제부,공동주택,다세대주택,230,137.88,712.69,20040107,4,1,서울특별시 성북구 정릉동 716-43번지
11290,13300,0,0716,0044,,,일반건축물,제2종근린생활시설,근린생활시설,397,219.78,794.45,20080226,4,1,서울특별시 성북구 정릉동 716-44번지
11290,13300,0,0716,0045,,,표제부,공동주택,연립주택,416,249.23,1155.7,19960504,4,1,서울특별시 성북구 정릉동 716-45번지
11290,13300,0,0716,0046,,,표제부,공동주택,다세대주택(10세대),217.87,123.32,582.18,19950511,4,1,서울특별시 성북구 정릉동 716-46번지
11290,13300,0,0716,0047,,,표제부,공동주택,다세대주택,241,143.11,576.88,20020930,5,0,서울특별시 성북구 정릉동 716-47번지
11290,13300,0,0716,0048,,,표제부,공동주택,다세대주택,0,127.32,646.93,19910724,4,1,서울특별시 성북구 정릉동 716-48번지
11290,13300,0,0716,0049,,,일반건축물,단독주택,주택,0,0,265.22,19690310,3,1,서울특별시 성북구 정릉동 716-49번지
11290,13300,0,0716,0050,트라움하임 정릉,,표제부,공동주택,공동주택,361,204.7,698.53,20200921,4,1,서울특별시 성북구 정릉동 716-50번지
11290,13300,0,0716,0053,,,일반건축물,단독주택,"주택, 교육연구및복지시설, 근린생활시설",263.13,129.9,611.29,19931129,4,1,서울특별시 성북구 정릉동 716-53번지
11290,13300,0,0716,0054,,,일반건축물,제1종근린생활시설,"근린생활시설, 단독주택(1), 자동차관련시설",261.82,154.8,463.94,19991230,2,1,서울특별시 성북구 정릉동 716-54번지
11290,13300,0,0716,0056,,,일반건축물,제2종근린생활시설,"제2종근린생활시설, 주택",250.21,148.96,1006,19980221,6,1,서울특별시 성북구 정릉동 716-56번지
11290,13300,0,0716,0057,에이플러스 홈,,일반건축물,단독주택,다중주택,205,118.17,305.59,20201202,4,0,서울특별시 성북구 정릉동 716-57번지
11290,13300,0,0716,0060,,,일반건축물,단독주택,주택,0,0,156.27,19710910,2,1,서울특별시 성북구 정릉동 716-60번지
11290,13300,0,0716,0061,현대아트빌라,,표제부,공동주택,다세대주택,324.53,163.75,660.49,19980630,4,1,서울특별시 성북구 정릉동 716-61번지
11290,13300,0,0716,0062,,,표제부,공동주택,다세대주택(7세대),0,163.72,657.88,19920522,3,1,서울특별시 성북구 정릉동 716-62번지
11290,13300,0,0716,0063,솔샘 레몬트리,,표제부,공동주택,도시형 생활주택(단지형다세대),321,159.41,480.76,20141208,5,0,서울특별시 성북구 정릉동 716-63번지
11290,13300,0,0716,0064,,,표제부,공동주택,"공동주택,다세대주택",250,149.84,603.36,20030320,5,0,서울특별시 성북구 정릉동 716-64번지
11290,13300,0,0716,0065,포근한,,일반건축물,노유자시설,노유자시설(노인의료복지시설),364,216.28,1169.26,20040120,5,1,서울특별시 성북구 정릉동 716-65번지
11290,13300,0,0716,0066,,,표제부,공동주택,다세대주택,337,173.78,659.14,20030102,5,0,서울특별시 성북구 정릉동 716-66번지
11290,13300,0,0716,0067,,,표제부,공동주택,공동주택(다세대주택),337,191.76,560.57,20110830,4,1,서울특별시 성북구 정릉동 716-67번지
11290,13300,0,0716,0068,플러스빌 다세대주택,,표제부,공동주택,"공동주택,다세대주택",388,167.58,896.77,20030212,4,1,서울특별시 성북구 정릉동 716-68번지
11290,13300,0,0716,0070,,,일반건축물,단독주택,단독주택(다중주택),136,79.71,199.12,20110121,3,0,서울특별시 성북구 정릉동 716-70번지
11290,13300,0,0716,0071,,,일반건축물,단독주택,주택,0,0,55.21,,1,0,서울특별시 성북구 정릉동 716-71번지
11290,13300,0,0716,0072,,,일반건축물,단독주택,"주택, 차고",0,0,224.72,19730720,2,1,서울특별시 성북구 정릉동 716-72번지
11290,13300,0,0716,0073,,,일반건축물,제2종근린생활시설,제2종근린생활시설(고시원),347,104.08,472.7,20110512,3,1,서울특별시 성북구 정릉동 716-73번지
11290,13300,0,0716,0074,,,일반건축물,단독주택,"주택, 차고",0,0,146.91,19760619,2,1,서울특별시 성북구 정릉동 716-74번지
11290,13300,0,0716,0075,,,일반건축물,단독주택,주택,0,0,369.06,19720831,2,1,서울특별시 성북구 정릉동 716-75번지
11290,13300,0,0716,0076,,,일반건축물,단독주택,주택,0,0,172.76,19740801,2,1,서울특별시 성북구 정릉동 716-76번지
11290,13300,0,0716,0077,,,일반건축물,단독주택,주택,0,0,72.6,19680506,1,0,서울특별시 성북구 정릉동 716-77번지
11290,13300,0,0716,0078,,,일반건축물,제2종근린생활시설,근린생활시설,159.7,74.82,112.3,19830810,2,0,서울특별시 성북구 정릉동 716-78번지
11290,13300,0,0716,0079,,,일반건축물,단독주택,단독주택,149,72.99,137.84,19730822,2,1,서울특별시 성북구 정릉동 716-79번지
11290,13300,0,0716,0082,,,일반건축물,단독주택,"주택, 광",0,0,112.56,19700920,1,1,서울특별시 성북구 정릉동 716-82번지
11290,13300,0,0716,0083,,,표제부,공동주택,다세대주택(9세대),162,86.69,400.35,19930325,4,1,서울특별시 성북구 정릉동 716-83번지
11290,13300,0,0716,0084,,,표제부,공동주택,다세대주택(8세대),183.88,110.14,540.7,19931127,4,1,서울특별시 성북구 정릉동 716-84번지
11290,13300,0,0716,0085,,,일반건축물,단독주택,주택,0,0,162.88,19740724,2,1,서울특별시 성북구 정릉동 716-85번지
11290,13300,0,0716,0086,,,일반건축물,단독주택,주택,0,0,156.53,19760610,2,0,서울특별시 성북구 정릉동 716-86번지
11290,13300,0,0716,0087,,,일반건축물,단독주택,단독주택,413,122.84,616.69,20091112,3,1,서울특별시 성북구 정릉동 716-87번지
11290,13300,0,0716,0090,,,일반건축물,제1종근린생활시설,"근린생활시설, 다가구주택(5)",300,89.64,468.11,20071126,3,1,서울특별시 성북구 정릉동 716-90번지
11290,13300,0,0716,0091,소요재,,일반건축물,단독주택,단독주택,337,98.74,365.48,20210616,3,1,서울특별시 성북구 정릉동 716-91번지
11290,13300,0,0716,0092,,,일반건축물,단독주택,주택,0,0,289.54,19701020,2,1,서울특별시 성북구 정릉동 716-92번지
11290,13300,0,0716,0093,A동,,일반건축물,단독주택,단독주택,0,0,130.57,19750128,2,1,서울특별시 성북구 정릉동 716-93번지
11290,13300,0,0716,0094,,,일반건축물,제2종근린생활시설,"근린생활시설, 차고",0,0,120.56,19751210,1,1,서울특별시 성북구 정릉동 716-94번지
11290,13300,0,0716,0095,,,일반건축물,단독주택,단독주택,317,94.93,154.39,19760624,2,1,서울특별시 성북구 정릉동 716-95번지
11290,13300,0,0716,0103,,,표제부,공동주택,다세대주택,0,106.26,329.7,19870718,2,1,서울특별시 성북구 정릉동 716-103번지
11290,13300,0,0716,0106,,,일반건축물,단독주택,"주택, 차고, 창고",0,0,224.27,19760709,2,1,서울특별시 성북구 정릉동 716-106번지
11290,13300,0,0716,0107,,,일반건축물,단독주택,주택,0,0,162.25,19741223,2,1,서울특별시 성북구 정릉동 716-107번지
11290,13300,0,0716,0108,,,일반건축물,단독주택,"주택, 차고",0,0,283.43,19701028,2,1,서울특별시 성북구 정릉동 716-108번지
11290,13300,0,0716,0109,,,표제부,공동주택,다세대주택(5세대),0,101.02,404.08,19920319,3,1,서울특별시 성북구 정릉동 716-109번지
11290,13300,0,0716,0110,,,일반건축물,단독주택,"주택, 대피소, 차고",0,0,127.34,19780808,1,1,서울특별시 성북구 정릉동 716-110번지
11290,13300,0,0716,0111,,,일반건축물,단독주택,"주택, 차고",0,0,163.31,19740825,2,1,서울특별시 성북구 정릉동 716-111번지
11290,13300,0,0716,0112,,,일반건축물,단독주택,단독주택,207,82.76,266.19,20180208,2,1,서울특별시 성북구 정릉동 716-112번지
11290,13300,0,0716,0113,,,표제부,공동주택,연립주택,0,82.05,240.4,19790904,2,1,서울특별시 성북구 정릉동 716-113번지
11290,13300,0,0716,0114,,,일반건축물,단독주택,다가구주택(2가구),188,75.11,169.92,19731219,2,1,서울특별시 성북구 정릉동 716-114번지
11290,13300,0,0716,0115,,,일반건축물,제1종근린생활시설,근린생활시설,0,80.65,319.32,20040113,3,1,서울특별시 성북구 정릉동 716-115번지
11290,13300,0,0716,0116,,,일반건축물,단독주택,단독주택,294,104.34,327.36,20180306,3,1,서울특별시 성북구 정릉동 716-116번지
11290,13300,0,0716,0117,,,표제부,공동주택,공동주택(아파트),538.69,310.56,1843.85,20000719,5,1,서울특별시 성북구 정릉동 716-117번지
11290,13300,0,0716,0119,,,표제부,공동주택,다세대주택(7세대),235.37,126.7,484.97,19950509,3,1,서울특별시 성북구 정릉동 716-119번지
11290,13300,0,0716,0120,,,일반건축물,단독주택,주택,0,0,76.53,19740620,1,1,서울특별시 성북구 정릉동 716-120번지
11290,13300,0,0716,0121,,,일반건축물,단독주택,다가구용 단독주택(4가구),86,48.74,181.15,19920904,3,1,서울특별시 성북구 정릉동 716-121번지
11290,13300,0,0716,0122,,,표제부,공동주택,"공동주택(도시형생활주택),제2종근린생활시설",314.05,182.35,686.59,20131218,4,1,서울특별시 성북구 정릉동 716-122번지
11290,13300,0,0716,0124,,,일반건축물,단독주택,단독주택(3가구) 및 근린생활시설,89,47.81,214.29,19921112,4,1,서울특별시 성북구 정릉동 716-124번지
11290,13300,0,0716,0130,,,표제부,공동주택,다세대주택,0,122.58,490.47,19910604,3,1,서울특별시 성북구 정릉동 716-130번지
11290,13300,0,0716,0137,,,일반건축물,제1종근린생활시설,제1종근린생활시설(점포),0,0,58.58,19680925,1,0,서울특별시 성북구 정릉동 716-137번지
11290,13300,0,0716,0141,,,일반건축물,단독주택,다가구용 단독주택(5가구),0,0,267.33,19901215,2,1,서울특별시 성북구 정릉동 716-141번지
11290,13300,0,0716,0142,,,일반건축물,단독주택,다가구용 단독주택(6가구),0,0,435.16,19910124,3,1,서울특별시 성북구 정릉동 716-142번지
11290,13300,0,0716,0143,,,표제부,공동주택,다세대주택(10세대),168,93.44,436.84,19931111,4,1,서울특별시 성북구 정릉동 716-143번지
11290,13300,0,0716,0145,,,일반건축물,단독주택,단독주택,83.29,48.98,122.71,20180911,3,0,서울특별시 성북구 정릉동 716-145번지
11290,13300,0,0716,0147,,,표제부,공동주택,다세대주택,0,114.63,468.63,19911015,3,1,서울특별시 성북구 정릉동 716-147번지
11290,13300,0,0716,0149,,,일반건축물,제2종근린생활시설,제2종근린생활시설(사무소),0,0,146.48,19740313,1,1,서울특별시 성북구 정릉동 716-149번지
11290,13300,0,0716,0153,,,일반건축물,단독주택,"광, 주택, 차고",0,0,210.77,19690910,2,1,서울특별시 성북구 정릉동 716-153번지
11290,13300,0,0716,0159,금강힐,,일반건축물,단독주택,다가구주택,250.91,99.86,421.09,20240419,3,1,서울특별시 성북구 정릉동 716-159번지
11290,13300,0,0716,0161,,,일반건축물,단독주택,주택,0,0,99.96,19731015,1,1,서울특별시 성북구 정릉동 716-161번지
11290,13300,0,0716,0162,,,일반건축물,단독주택,다가구주택,106,63,274.6,19931208,4,1,서울특별시 성북구 정릉동 716-162번지
11290,13300,0,0716,0163,,,일반건축물,단독주택,"다가구용단독주택(3가구),근린생활시설",0,0,197.64,19921113,3,1,서울특별시 성북구 정릉동 716-163번지
11290,13300,0,0716,0164,,,일반건축물,단독주택,주택,109.7,63.7,130.42,19740917,2,1,서울특별시 성북구 정릉동 716-164번지
11290,13300,0,0716,0165,,,일반건축물,단독주택,"다가구 단독주택(3가구), 근린생활시설",149.8,87.33,362.85,19951209,3,1,서울특별시 성북구 정릉동 716-165번지
11290,13300,0,0716,0167,,,표제부,공동주택,연립주택,337,199.79,995.61,20011101,4,1,서울특별시 성북구 정릉동 716-167번지
11290,13300,0,0716,0172,삼덕마을주민공동이용시설,,일반건축물,제1종근린생활시설,제1종근린생활시설,359,120.28,245.15,19771216,2,1,서울특별시 성북구 정릉동 716-172번지
11290,13300,0,0716,0175,,,일반건축물,노유자시설,교육연구및복지시설,193.97,59.89,253,19981120,3,1,서울특별시 성북구 정릉동 716-175번지
11290,13300,0,0716,0183,,,일반건축물,단독주택,주택,0,0,150.82,19760610,2,1,서울특별시 성북구 정릉동 716-183번지
11290,13300,0,0716,0184,단감 서울 03 햇살담은 정릉집,,일반건축물,단독주택,단독주택,325,101.75,208.99,20210630,2,1,서울특별시 성북구 정릉동 716-184번지
11290,13300,0,0716,0185,,,일반건축물,단독주택,주택,0,0,137.88,19790424,1,1,서울특별시 성북구 정릉동 716-185번지
11290,13300,0,0716,0187,,,일반건축물,단독주택,다가구주택(5가구),194.84,116.82,391.17,20140507,3,1,서울특별시 성북구 정릉동 716-187번지
11290,13300,0,0716,0191,,,일반건축물,단독주택,주택,0,0,137.53,19780421,2,1,서울특별시 성북구 정릉동 716-191번지
11290,13300,0,0716,0192,,,일반건축물,단독주택,주택,0,0,170.28,19780728,2,1,서울특별시 성북구 정릉동 716-192번지
11290,13300,0,0716,0205,,,표제부,공동주택,다세대주택,0,122.58,490.47,19910601,3,1,서울특별시 성북구 정릉동 716-205번지
11290,13300,0,0716,0230,,,표제부,공동주택,"공동주택,다세대주택",100.63,60.12,226.53,20030328,5,0,서울특별시 성북구 정릉동 716-230번지
11290,13300,0,0716,0231,,,일반건축물,단독주택,단독주택,215,64.4,116.02,20190208,2,0,서울특별시 성북구 정릉동 716-231번지
11290,13300,0,0716,0232,B동,,일반건축물,단독주택,단독주택,0,0,115.84,19750128,2,0,서울특별시 성북구 정릉동 716-232번지
11290,13300,0,0716,0233,베르나빌,,일반건축물,단독주택,단독주택,351,138.76,474.95,20230213,3,1,서울특별시 성북구 정릉동 716-233번지
11290,13300,0,0717,0004,,서울시 성북구 정릉동 717블럭 4노트,표제부,공동주택,다세대주택,274.34,163.73,632.11,20021026,4,1,서울특별시 성북구 정릉동 717-4번지
11290,13300,0,0717,0007,,,일반건축물,단독주택,"단독주택(1가구), 광",119,66.46,66.46,19671022,1,0,서울특별시 성북구 정릉동 717-7번지
11290,13300,0,0717,0011,,,일반건축물,단독주택,단독주택,157.8,0,149.96,19920520,2,1,서울특별시 성북구 정릉동 717-11번지
11290,13300,0,0717,0012,도담하우스,,일반건축물,단독주택,단독주택(다가구주택),158.3,94.42,236.96,20190312,4,0,서울특별시 성북구 정릉동 717-12번지
11290,13300,0,0717,0014,,,일반건축물,단독주택,주택,165,77.5,142.97,19671022,2,1,서울특별시 성북구 정릉동 717-14번지
11290,13300,0,0717,0015,,,일반건축물,단독주택,"주택, 광",0,0,73.95,19671022,1,0,서울특별시 성북구 정릉동 717-15번지
11290,13300,0,0717,0016,,,일반건축물,단독주택,다가구용 단독주택(7가구),172,99.9,308.53,19910801,3,1,서울특별시 성북구 정릉동 717-16번지
11290,13300,0,0717,0018,,,일반건축물,단독주택,단독주택(다중주택),125.75,74.14,188.09,20190517,3,0,서울특별시 성북구 정릉동 717-18번지
11290,13300,0,0717,0020,,,일반건축물,단독주택,다가구 주택(5가구),97,58.01,179.46,19941116,3,1,서울특별시 성북구 정릉동 717-20번지
11290,13300,0,0717,0021,,,일반건축물,단독주택,"주택, 광",0,0,62.42,19671022,1,0,서울특별시 성북구 정릉동 717-21번지
11290,13300,0,0717,0022,골든빌,,표제부,공동주택,공동주택(도시형생활주택(단지형다세대)),166.92,93.1,248.76,20170112,5,0,서울특별시 성북구 정릉동 717-22번지
11290,13300,0,0717,0025,,,일반건축물,단독주택,"다가구주택, 근린생활시설",109.35,65.56,262.24,20011123,5,0,서울특별시 성북구 정릉동 717-25번지
11290,13300,0,0718,0001,,,일반건축물,단독주택,"주택, 광",0,0,56,19691216,1,0,서울특별시 성북구 정릉동 718-1번지
11290,13300,0,0718,0003,,,일반건축물,단독주택,주택,0,0,41.85,19651218,1,0,서울특별시 성북구 정릉동 718-3번지
11290,13300,0,0718,0003,,,일반건축물,단독주택,"주택, 점포",0,0,37.22,19760209,1,0,서울특별시 성북구 정릉동 718-3번지
11290,13300,0,0718,0008,,,일반건축물,단독주택,단독주택(다중주택) 및 제2종 근린생활(사무소),132,77.72,245.24,20160718,3,1,서울특별시 성북구 정릉동 718-8번지
11290,13300,0,0719,0000,나동,,일반건축물,노유자시설,사회복지시설,0,202.4,834.2,19851227,4,0,서울특별시 성북구 정릉동 719번지
11290,13300,0,0719,0000,가동,,일반건축물,노유자시설,사회복지시설,0,257.3,1270.5,19851227,4,1,서울특별시 성북구 정릉동 719번지
11290,13300,0,0719,0000,다동,,일반건축물,제1종근린생활시설,근린생활시설,0,93.21,186.42,19861202,2,0,서울특별시 성북구 정릉동 719번지
11290,13300,0,0721,0001,,,일반건축물,단독주택,주택,0,0,146.29,19850118,2,1,서울특별시 성북구 정릉동 721-1번지
11290,13300,0,0721,0001,,,일반건축물,단독주택,주택,0,0,146.29,19850118,2,1,서울특별시 성북구 정릉동 721-1번지
11290,13300,0,0721,0002,,,일반건축물,제2종근린생활시설,판매및영업시설(학원),0,0,213.02,19681201,2,0,서울특별시 성북구 정릉동 721-2번지
11290,13300,0,0721,0004,,,일반건축물,단독주택,주택,0,0,113.25,19740927,1,1,서울특별시 성북구 정릉동 721-4번지
11290,13300,0,0721,0007,,,일반건축물,제1종근린생활시설,제1종근린생활시설(점포),0,0,309.88,19690801,2,1,서울특별시 성북구 정릉동 721-7번지
11290,13300,0,0721,0010,,,일반건축물,단독주택,주택,0,0,163.44,19760130,2,1,서울특별시 성북구 정릉동 721-10번지
11290,13300,0,0721,0011,,,일반건축물,단독주택,주택,0,0,59.7,19701025,1,0,서울특별시 성북구 정릉동 721-11번지
11290,13300,0,0723,0000,,,일반건축물,단독주택,주택,0,0,54,19841227,2,1,서울특별시 성북구 정릉동 723번지
11290,13300,0,0723,0000,,,일반건축물,단독주택,주택,0,0,137.57,19841227,2,1,서울특별시 성북구 정릉동 723번지
11290,13300,0,0723,0000,,,일반건축물,단독주택,주택,0,0,158.96,19841227,2,1,서울특별시 성북구 정릉동 723번지
11290,13300,0,0723,0000,,,일반건축물,단독주택,주택,0,0,79.34,19471220,1,0,서울특별시 성북구 정릉동 723번지
11290,13300,0,0723,0001,,,일반건축물,단독주택,주택,0,0,215.53,19861021,2,1,서울특별시 성북구 정릉동 723-1번지
11290,13300,0,0723,0001,,,일반건축물,단독주택,주택,0,0,200.66,19850621,2,1,서울특별시 성북구 정릉동 723-1번지
11290,13300,0,0724,0000,,,일반건축물,단독주택,다가구용 단독주택(12가구),124.26,74.5,296.84,19930927,4,1,서울특별시 성북구 정릉동 724번지
11290,13300,0,0725,0001,단잠하우스,,일반건축물,단독주택,단독주택,179,98.49,324.22,20210113,3,1,서울특별시 성북구 정릉동 725-1번지
11290,13300,0,0725,0002,,,일반건축물,단독주택,단독주택(다중주택),148.8,84.38,299.59,20181213,3,1,서울특별시 성북구 정릉동 725-2번지
11290,13300,0,0725,0007,,,일반건축물,단독주택,주택,0,0,66.14,19721205,1,1,서울특별시 성북구 정릉동 725-7번지
11290,13300,0,0725,0008,,,일반건축물,단독주택,주택,0,0,65.52,19730210,1,1,서울특별시 성북구 정릉동 725-8번지
11290,13300,0,0725,0009,,,일반건축물,단독주택,주택,0,0,67.27,19721213,1,1,서울특별시 성북구 정릉동 725-9번지
11290,13300,0,0725,0010,,,일반건축물,단독주택,다가구용 단독 주택(5가구),138.49,82.99,292.13,19931105,3,1,서울특별시 성북구 정릉동 725-10번지
11290,13300,0,0725,0012,,,일반건축물,단독주택,"주택,점포",0,0,138.18,19721106,2,1,서울특별시 성북구 정릉동 725-12번지
11290,13300,0,0725,0013,하루모던,,일반건축물,단독주택,단독주택(다중주택),146,78.09,296.61,20220930,3,1,서울특별시 성북구 정릉동 725-13번지
11290,13300,0,0725,0015,오름힐스,,일반건축물,단독주택,단독주택(다중주택),120,62.92,239.63,20220913,3,1,서울특별시 성북구 정릉동 725-15번지
11290,13300,0,0725,0017,,,일반건축물,단독주택,주택,0,0,75.4,19731114,1,1,서울특별시 성북구 정릉동 725-17번지
11290,13300,0,0725,0018,졸리메종,,일반건축물,단독주택,단독주택(다중주택),104.4,62.56,196.92,20190130,3,1,서울특별시 성북구 정릉동 725-18번지
11290,13300,0,0725,0019,이룸하우스,,일반건축물,단독주택,단독주택,95,56.74,197.61,20210113,3,1,서울특별시 성북구 정릉동 725-19번지
11290,13300,0,0725,0020,,,일반건축물,단독주택,단독주택(다중주택),142,84.8,308.04,20181213,3,1,서울특별시 성북구 정릉동 725-20번지
11290,13300,0,0727,0002,숲속정원,,표제부,공동주택,공동주택(다세대주택),617,174.7,644.32,20170403,3,1,서울특별시 성북구 정릉동 727-2번지
11290,13300,0,0727,0007,,,표제부,공동주택,공동주택,0,418.04,1623.41,19750924,5,1,서울특별시 성북구 정릉동 727-7번지
11290,13300,0,0727,0011,,,일반건축물,단독주택,연립주택,0,0,193.06,19770921,2,1,서울특별시 성북구 정릉동 727-11번지
11290,13300,0,0727,0013,,,표제부,공동주택,연립주택,0,132.23,387.44,19790730,2,1,서울특별시 성북구 정릉동 727-13번지
11290,13300,0,0727,0017,,,일반건축물,단독주택,단독주택(다중주택),176,70.18,280.72,20211122,3,1,서울특별시 성북구 정릉동 727-17번지
11290,13300,0,0727,0019,,,일반건축물,제1종근린생활시설,"근린생활시설, 주택",0,0,114.88,19771207,2,1,서울특별시 성북구 정릉동 727-19번지
11290,13300,0,0727,0028,,,일반건축물,단독주택,단독주택(다중주택),176,70.2,280.8,20211123,3,1,서울특별시 성북구 정릉동 727-28번지
11290,13300,0,0729,0001,본원,,일반건축물,종교시설,문화및집회시설（종교시설）,17824,1012.82,3098.42,20010904,4,1,서울특별시 성북구 정릉동 729-1번지
11290,13300,0,0729,0001,수련소,,일반건축물,종교시설,문화및집회시설（종교시설）,17824,1287.61,2854.78,20010904,3,1,서울특별시 성북구 정릉동 729-1번지
11290,13300,0,0729,0026,정릉 성모교육원,,일반건축물,종교시설,종교시설(수녀원),5305,1060.29,2428.36,20220527,2,1,서울특별시 성북구 정릉동 729-26번지
11290,13300,0,0729,0027,이세의집,,일반건축물,종교시설,종교시설(수녀원),8737,626.72,2145.09,20120510,3,1,서울특별시 성북구 정릉동 729-27번지
11290,13300,0,0729,0027,정온의집,,일반건축물,종교시설,문화및집회시설(수녀원),8737,168.3,336.6,19661110,2,0,서울특별시 성북구 정릉동 729-27번지
11290,13300,0,0734,0000,,,일반건축물,창고시설,창고,274,4.69,4.69,19810409,1,0,서울특별시 성북구 정릉동 734번지
11290,13300,0,0734,0000,,,일반건축물,단독주택,"제2종근린생활시설, 주택",0,81.77,133.15,19810409,2,1,서울특별시 성북구 정릉동 734번지
11290,13300,0,0734,0000,,,일반건축물,단독주택,주택,0,38.61,38.61,19810409,1,0,서울특별시 성북구 정릉동 734번지
11290,13300,0,0734,0002,,,일반건축물,제2종근린생활시설,제2종근린생활시설,498.86,325.92,676.69,19980410,3,0,서울특별시 성북구 정릉동 734-2번지
11290,13300,0,0734,0008,,,일반건축물,공장,작업장,0,0,314.61,19731011,1,1,서울특별시 성북구 정릉동 734-8번지
11290,13300,0,0734,0009,,,일반건축물,단독주택,"주택, 창고",172.54,87.01,87.01,19810409,1,0,서울특별시 성북구 정릉동 734-9번지
11290,13300,0,0734,0010,,,일반건축물,단독주택,주택,145,0,65.96,19850630,1,0,서울특별시 성북구 정릉동 734-10번지
11290,13300,0,0734,0012,,,일반건축물,단독주택,주택,0,0,42.91,19671010,1,0,서울특별시 성북구 정릉동 734-12번지
11290,13300,0,0735,0000,,,일반건축물,교육연구시설,교육연구시설(기숙사),4797.16,2092.24,3151.14,19661009,3,1,서울특별시 성북구 정릉동 735번지
11290,13300,0,0737,0001,,,일반건축물,단독주택,주택,0,0,40.1,19630430,1,0,서울특별시 성북구 정릉동 737-1번지
11290,13300,0,0738,0002,,,일반건축물,단독주택,주택,0,0,47.31,19701019,1,0,서울특별시 성북구 정릉동 738-2번지
11290,13300,0,0738,0004,,,일반건축물,단독주택,주택,0,0,28.17,19720322,1,0,서울특별시 성북구 정릉동 738-4번지
11290,13300,0,0738,0005,,,일반건축물,공장,공장,0,0,160.73,19670417,1,0,서울특별시 성북구 정릉동 738-5번지
11290,13300,0,0738,0006,,,일반건축물,단독주택,주택,0,0,40.1,19701215,1,0,서울특별시 성북구 정릉동 738-6번지
11290,13300,0,0738,0007,,,일반건축물,단독주택,주택,0,0,47.77,19701130,1,0,서울특별시 성북구 정릉동 738-7번지
11290,13300,0,0738,0008,,,일반건축물,단독주택,"주택,제1종근린생활시설",0,0,34.18,19671230,1,0,서울특별시 성북구 정릉동 738-8번지
11290,13300,0,0738,0011,,,일반건축물,단독주택,주택,0,0,60.93,19701019,1,0,서울특별시 성북구 정릉동 738-11번지
11290,13300,0,0738,0012,,,일반건축물,단독주택,주택,0,0,88.23,19720306,2,0,서울특별시 성북구 정릉동 738-12번지
11290,13300,0,0739,0001,,,일반건축물,단독주택,"주택, 광",0,0,40.17,19660810,1,0,서울특별시 성북구 정릉동 739-1번지
11290,13300,0,0739,0002,,,일반건축물,단독주택,주택,0,0,99.61,19701130,1,0,서울특별시 성북구 정릉동 739-2번지
11290,13300,0,0739,0003,,,일반건축물,단독주택,"주택, 광",0,0,42.88,19660420,1,0,서울특별시 성북구 정릉동 739-3번지
11290,13300,0,0739,0004,,,일반건축물,단독주택,"주택, 광",0,0,41.33,19661030,1,0,서울특별시 성북구 정릉동 739-4번지
11290,13300,0,0739,0005,,,일반건축물,단독주택,"주택, 광",0,0,37.72,19660810,1,0,서울특별시 성북구 정릉동 739-5번지
11290,13300,0,0739,0006,,,일반건축물,단독주택,주택,0,0,41.92,19701130,1,0,서울특별시 성북구 정릉동 739-6번지
11290,13300,0,0739,0007,,,일반건축물,단독주택,"주택, 점포",0,0,51.24,19700415,1,0,서울특별시 성북구 정릉동 739-7번지
11290,13300,0,0740,0000,,,일반건축물,단독주택,"주택, 점포",198.02,0,61.88,19830908,1,0,서울특별시 성북구 정릉동 740번지
11290,13300,0,0740,0000,,,일반건축물,단독주택,"주택, 점포,근린생활시설",0,0,81.98,19731019,1,0,서울특별시 성북구 정릉동 740번지
11290,13300,0,0741,0004,,,표제부,공동주택,연립주택,0,335.52,1335.12,19830716,3,1,서울특별시 성북구 정릉동 741-4번지
11290,13300,0,0741,0004,,,일반건축물,단독주택,주택,0,0,131.58,19830430,2,1,서울특별시 성북구 정릉동 741-4번지
11290,13300,0,0741,0004,,,일반건축물,제1종근린생활시설,근린생활시설,0,0,40.5,19690728,1,0,서울특별시 성북구 정릉동 741-4번지
11290,13300,0,0742,0000,,,일반건축물,단독주택,"주택, 변소",0,0,39.8,19791018,1,0,서울특별시 성북구 정릉동 742번지
11290,13300,0,0742,0001,,,일반건축물,제1종근린생활시설,근린생활시설,0,0,24.4,197006,1,0,서울특별시 성북구 정릉동 742-1번지
11290,13300,0,0742,0002,,,일반건축물,단독주택,"주택,근린생활시설",136,52.89,52.89,19711211,1,0,서울특별시 성북구 정릉동 742-2번지
11290,13300,0,0742,0005,,,일반건축물,단독주택,주택,0,0,52.89,19711212,1,0,서울특별시 성북구 정릉동 742-5번지
11290,13300,0,0742,0006,,,일반건축물,단독주택,주택,0,0,65.09,19711211,1,0,서울특별시 성북구 정릉동 742-6번지
11290,13300,0,0742,0007,,,일반건축물,단독주택,다가구주택,257.57,77.11,336.46,20070912,3,1,서울특별시 성북구 정릉동 742-7번지
11290,13300,0,0742,0008,,,일반건축물,단독주택,주택,0,0,52.89,19711211,1,0,서울특별시 성북구 정릉동 742-8번지
11290,13300,0,0742,0009,,,일반건축물,단독주택,주택,0,0,52.89,19711212,1,0,서울특별시 성북구 정릉동 742-9번지
11290,13300,0,0742,0011,,,일반건축물,단독주택,주택,0,0,52.89,19711211,1,0,서울특별시 성북구 정릉동 742-11번지
11290,13300,0,0742,0013,,,일반건축물,단독주택,주택,0,0,56.13,19720223,1,0,서울특별시 성북구 정릉동 742-13번지
11290,13300,0,0742,0014,,,일반건축물,단독주택,다가구주택(4가구),169.09,58.51,58.51,19720223,1,0,서울특별시 성북구 정릉동 742-14번지
11290,13300,0,0742,0015,,,일반건축물,단독주택,주택,0,0,52.89,19711211,1,0,서울특별시 성북구 정릉동 742-15번지
11290,13300,0,0743,0007,,,일반건축물,단독주택,주택,0,0,44.26,19671231,1,0,서울특별시 성북구 정릉동 743-7번지
11290,13300,0,0745,0002,,,일반건축물,단독주택,주택,128.34,0,55.26,19850630,1,0,서울특별시 성북구 정릉동 745-2번지
11290,13300,0,0745,0003,,,일반건축물,단독주택,주택,212.44,0,61.05,19850630,1,0,서울특별시 성북구 정릉동 745-3번지
11290,13300,0,0745,0004,,,일반건축물,단독주택,주택,205.86,0,36,19850630,1,0,서울특별시 성북구 정릉동 745-4번지
11290,13300,0,0745,0008,,,일반건축물,단독주택,단독주택,195.8,101.63,99.87,20000722,1,0,서울특별시 성북구 정릉동 745-8번지
11290,13300,0,0745,0009,,,일반건축물,단독주택,주택,219.21,0,26.88,19850630,1,0,서울특별시 성북구 정릉동 745-9번지
11290,13300,0,0745,0010,,,일반건축물,단독주택,단독주택,120,69.12,116.79,19850630,1,0,서울특별시 성북구 정릉동 745-10번지
11290,13300,0,0745,0011,,,일반건축물,단독주택,주택,71.74,0,26.92,19850630,1,0,서울특별시 성북구 정릉동 745-11번지
11290,13300,0,0745,0012,,,일반건축물,단독주택,주택,149.87,0,55.23,19850630,1,0,서울특별시 성북구 정릉동 745-12번지
11290,13300,0,0745,0013,,,일반건축물,단독주택,주택,263.01,0,91.8,19850630,1,0,서울특별시 성북구 정릉동 745-13번지
11290,13300,0,0745,0014,,,일반건축물,단독주택,주택,44,0,21.9,19850630,1,0,서울특별시 성북구 정릉동 745-14번지
11290,13300,0,0745,0015,,,일반건축물,단독주택,주택,182.91,0,45.91,19850630,1,0,서울특별시 성북구 정릉동 745-15번지
11290,13300,0,0745,0016,,,일반건축물,단독주택,주택,161,0,41.42,19850630,1,0,서울특별시 성북구 정릉동 745-16번지
11290,13300,0,0745,0020,,,일반건축물,단독주택,주택,123.37,0,29.24,19850630,1,0,서울특별시 성북구 정릉동 745-20번지
11290,13300,0,0745,0021,,,일반건축물,단독주택,"주택, 변소",0,0,63.67,19850630,1,0,서울특별시 성북구 정릉동 745-21번지
11290,13300,0,0745,0022,,,일반건축물,단독주택,주택,37.6,0,25.88,19850630,1,0,서울특별시 성북구 정릉동 745-22번지
11290,13300,0,0745,0023,,,일반건축물,단독주택,주택,70.8,0,31.11,19850630,1,0,서울특별시 성북구 정릉동 745-23번지
11290,13300,0,0745,0024,,,일반건축물,단독주택,주택,0,0,33.74,19850630,1,0,서울특별시 성북구 정릉동 745-24번지
11290,13300,0,0745,0025,,,일반건축물,단독주택,주택,136.74,0,71.02,19850630,1,0,서울특별시 성북구 정릉동 745-25번지
11290,13300,0,0745,0026,,,일반건축물,단독주택,주택,101.77,0,40.9,19850630,1,0,서울특별시 성북구 정릉동 745-26번지
11290,13300,0,0745,0027,,,일반건축물,단독주택,주택,83.43,0,35.65,19850630,1,0,서울특별시 성북구 정릉동 745-27번지
11290,13300,0,0745,0029,,,일반건축물,단독주택,주택,87.24,0,42.75,19850630,1,0,서울특별시 성북구 정릉동 745-29번지
11290,13300,0,0745,0030,,,일반건축물,단독주택,주택,144.9,0,81.12,19850630,1,0,서울특별시 성북구 정릉동 745-30번지
11290,13300,0,0745,0031,,,일반건축물,단독주택,주택,81.45,0,30.48,19850630,1,0,서울특별시 성북구 정릉동 745-31번지
11290,13300,0,0745,0032,,,일반건축물,단독주택,주택,102.7,0,51.07,19850630,1,0,서울특별시 성북구 정릉동 745-32번지
11290,13300,0,0745,0033,,,일반건축물,단독주택,주택,94.88,0,37.94,19850630,1,0,서울특별시 성북구 정릉동 745-33번지
11290,13300,0,0745,0034,,,일반건축물,단독주택,"주택, 변소",0,0,31.8,19850630,1,0,서울특별시 성북구 정릉동 745-34번지
11290,13300,0,0745,0035,,,일반건축물,단독주택,주택,89.96,0,38.11,19850630,1,0,서울특별시 성북구 정릉동 745-35번지
11290,13300,0,0745,0036,,,일반건축물,단독주택,"주택, 변소",0,0,27.08,19850630,1,0,서울특별시 성북구 정릉동 745-36번지
11290,13300,0,0745,0038,,,일반건축물,단독주택,주택,133.26,0,29.64,19850630,1,0,서울특별시 성북구 정릉동 745-38번지
11290,13300,0,0745,0039,,,일반건축물,단독주택,"주택, 변소",130.26,0,49.74,19850630,1,0,서울특별시 성북구 정릉동 745-39번지
11290,13300,0,0745,0040,,,일반건축물,단독주택,"주택, 변소",0,0,46.09,19850630,1,0,서울특별시 성북구 정릉동 745-40번지
11290,13300,0,0745,0041,,,일반건축물,단독주택,다가구용 단독주택(2가구),107,63.03,118.88,19970605,2,0,서울특별시 성북구 정릉동 745-41번지
11290,13300,0,0745,0042,,,일반건축물,단독주택,"주택, 변소",0,0,84.91,19850630,1,0,서울특별시 성북구 정릉동 745-42번지
11290,13300,0,0745,0043,,,일반건축물,단독주택,주택,110.16,0,53.1,19850630,1,0,서울특별시 성북구 정릉동 745-43번지
11290,13300,0,0745,0044,,,일반건축물,단독주택,주택,147.66,0,32.84,19850630,1,0,서울특별시 성북구 정릉동 745-44번지
11290,13300,0,0745,0045,,,일반건축물,단독주택,주택,0,0,25.8,19850630,1,0,서울특별시 성북구 정릉동 745-45번지
11290,13300,0,0745,0046,,,일반건축물,단독주택,주택,158.53,0,33.93,19850630,1,0,서울특별시 성북구 정릉동 745-46번지
11290,13300,0,0745,0047,,,일반건축물,단독주택,주택,139.94,0,49.56,19850630,1,0,서울특별시 성북구 정릉동 745-47번지
11290,13300,0,0745,0048,,,일반건축물,단독주택,주택,133.87,0,60.86,19850630,1,0,서울특별시 성북구 정릉동 745-48번지
11290,13300,0,0745,0049,,,일반건축물,단독주택,주택,116.96,0,52.67,19850630,1,0,서울특별시 성북구 정릉동 745-49번지
11290,13300,0,0745,0050,,,일반건축물,단독주택,주택,94.8,0,56.98,19850630,1,0,서울특별시 성북구 정릉동 745-50번지
11290,13300,0,0745,0051,,,일반건축물,단독주택,주택,111,0,40.42,19850630,1,0,서울특별시 성북구 정릉동 745-51번지
11290,13300,0,0745,0052,,,일반건축물,단독주택,단독주택,0,0,110.52,19850630,1,1,서울특별시 성북구 정릉동 745-52번지
11290,13300,0,0745,0053,,,일반건축물,단독주택,주택,176.54,0,71,19850630,1,0,서울특별시 성북구 정릉동 745-53번지
11290,13300,0,0745,0054,,,일반건축물,단독주택,주택,93.14,0,38.55,19850630,1,0,서울특별시 성북구 정릉동 745-54번지
11290,13300,0,0745,0055,,,일반건축물,단독주택,주택,135.34,0,43.45,19850630,1,0,서울특별시 성북구 정릉동 745-55번지
11290,13300,0,0745,0056,,,일반건축물,단독주택,주택,98.88,0,32.58,19850630,1,0,서울특별시 성북구 정릉동 745-56번지
11290,13300,0,0745,0058,,,일반건축물,단독주택,주택,184,0,55.79,19850630,1,0,서울특별시 성북구 정릉동 745-58번지
11290,13300,0,0745,0061,,,일반건축물,단독주택,주택,115.17,0,42,19850630,1,0,서울특별시 성북구 정릉동 745-61번지
11290,13300,0,0745,0062,,,일반건축물,단독주택,주택,94.17,0,40.23,19850630,1,0,서울특별시 성북구 정릉동 745-62번지
11290,13300,0,0745,0063,,,일반건축물,단독주택,주택,106.4,0,68.69,19850630,1,0,서울특별시 성북구 정릉동 745-63번지
11290,13300,0,0745,0065,,,일반건축물,단독주택,주택,157.92,0,56.09,19850630,1,0,서울특별시 성북구 정릉동 745-65번지
11290,13300,0,0745,0066,,,일반건축물,단독주택,주택,112.18,0,57.03,19850630,1,0,서울특별시 성북구 정릉동 745-66번지
11290,13300,0,0745,0067,,,일반건축물,단독주택,주택,117,70.16,70.16,19850630,1,0,서울특별시 성북구 정릉동 745-67번지
11290,13300,0,0745,0068,,,일반건축물,단독주택,주택,100.5,0,62.16,19850630,1,0,서울특별시 성북구 정릉동 745-68번지
11290,13300,0,0745,0069,,,일반건축물,단독주택,주택,100.89,0,43.12,19850630,1,0,서울특별시 성북구 정릉동 745-69번지
11290,13300,0,0745,0070,,,일반건축물,단독주택,다가구용단독주택(2가구),105.43,62.37,95.64,19850630,2,0,서울특별시 성북구 정릉동 745-70번지
11290,13300,0,0745,0074,,,일반건축물,단독주택,주택,122.83,0,95.84,19850630,1,1,서울특별시 성북구 정릉동 745-74번지
11290,13300,0,0745,0075,,,일반건축물,단독주택,주택,118.58,0,52.33,19850630,1,0,서울특별시 성북구 정릉동 745-75번지
11290,13300,0,0746,0000,정릉벧엘교회,,일반건축물,종교시설,종교시설(교회),6401,1236.18,7873.11,20110802,3,2,서울특별시 성북구 정릉동 746번지
11290,13300,0,0746,0004,정릉어울림마당,,일반건축물,제1종근린생활시설,공중화장실,612,50.8,50.8,20191212,1,0,서울특별시 성북구 정릉동 746-4번지
11290,13300,0,0747,0003,,,일반건축물,단독주택,"주택, 점포",0,0,108.06,19750720,1,1,서울특별시 성북구 정릉동 747-3번지
11290,13300,0,0751,0000,종각,,일반건축물,종교시설,종교시설(사찰),0,34.56,34.56,,1,0,서울특별시 성북구 정릉동 751번지
11290,13300,0,0751,0000,경국사,,일반건축물,종교시설,종교집회장,0,115.4,115.4,20121102,1,0,서울특별시 성북구 정릉동 751번지
11290,13300,0,0751,0000,경국사,,일반건축물,종교시설,"종교시설(종교집회장,사찰)",0,103.74,188.57,20201120,2,0,서울특별시 성북구 정릉동 751번지
11290,13300,0,0751,0000,경국사,,일반건축물,종교시설,종교시설(사찰),0,148.5,148.5,19860321,1,0,서울특별시 성북구 정릉동 751번지
11290,13300,0,0751,0000,경국사,,일반건축물,종교시설,종교집회장(사찰),0,60.48,72.24,20100928,1,1,서울특별시 성북구 정릉동 751번지
11290,13300,0,0751,0000,경국사,,일반건축물,종교시설,종교시설(사찰),0,144.72,598.54,19860321,1,1,서울특별시 성북구 정릉동 751번지
11290,13300,0,0751,0000,경국사,,일반건축물,종교시설,종교시설(사찰),0,66,66,19860321,1,0,서울특별시 성북구 정릉동 751번지
11290,13300,0,0751,0000,경국사,,일반건축물,종교시설,종교시설(사찰),0,32.13,32.13,19860321,1,0,서울특별시 성북구 정릉동 751번지
11290,13300,0,0751,0000,경국사,,일반건축물,종교시설,종교시설(사찰),0,9.9,9.9,19860321,1,0,서울특별시 성북구 정릉동 751번지
11290,13300,0,0751,0000,경국사,,일반건축물,종교시설,종교시설(사찰),0,42.81,42.81,19860321,1,0,서울특별시 성북구 정릉동 751번지
11290,13300,0,0751,0000,경국사,,일반건축물,종교시설,종교집회장(사찰),0,18.26,18.26,20110531,1,0,서울특별시 성북구 정릉동 751번지
11290,13300,0,0755,0001,,,일반건축물,단독주택,주택,145,0,57.2,19850630,1,0,서울특별시 성북구 정릉동 755-1번지
11290,13300,0,0755,0007,,,일반건축물,단독주택,주택,0,0,32.76,19670310,1,0,서울특별시 성북구 정릉동 755-7번지
11290,13300,0,0755,0009,,,일반건축물,제1종근린생활시설,제1종근린생활시설,0,0,46.25,19671004,1,0,서울특별시 성북구 정릉동 755-9번지
11290,13300,0,0755,0010,,,일반건축물,단독주택,주택,0,0,46.28,19670520,1,0,서울특별시 성북구 정릉동 755-10번지
11290,13300,0,0755,0012,,,일반건축물,단독주택,주택,0,0,32.73,19660701,1,0,서울특별시 성북구 정릉동 755-12번지
11290,13300,0,0755,0014,,,일반건축물,단독주택,주택,0,0,62.71,19611231,1,0,서울특별시 성북구 정릉동 755-14번지
11290,13300,0,0755,0016,,,일반건축물,단독주택,주택,0,0,45.16,19641105,1,0,서울특별시 성북구 정릉동 755-16번지
11290,13300,0,0756,0007,,,일반건축물,단독주택,주택,116,0,62.1,19850630,1,0,서울특별시 성북구 정릉동 756-7번지
11290,13300,0,0756,0008,,,일반건축물,단독주택,주택,0,0,35.24,19700116,1,0,서울특별시 성북구 정릉동 756-8번지
11290,13300,0,0756,0009,,,일반건축물,단독주택,주택,0,0,61.22,19660701,1,0,서울특별시 성북구 정릉동 756-9번지
11290,13300,0,0756,0010,,,일반건축물,단독주택,주택,207.12,0,48.66,19850630,1,0,서울특별시 성북구 정릉동 756-10번지
11290,13300,0,0756,0011,,,일반건축물,단독주택,주택,0,0,39.27,19660805,1,0,서울특별시 성북구 정릉동 756-11번지
11290,13300,0,0756,0014,,,일반건축물,단독주택,주택,0,0,40.63,19710325,1,0,서울특별시 성북구 정릉동 756-14번지
11290,13300,0,0756,0015,,,일반건축물,단독주택,주택,173.13,0,42.51,19850630,1,0,서울특별시 성북구 정릉동 756-15번지
11290,13300,0,0756,0016,,,일반건축물,단독주택,주택,105.57,0,58.03,19850630,1,0,서울특별시 성북구 정릉동 756-16번지
11290,13300,0,0756,0017,,,일반건축물,단독주택,주택,231,0,70.93,19850630,1,0,서울특별시 성북구 정릉동 756-17번지
11290,13300,0,0756,0019,,,일반건축물,단독주택,주택,95.04,0,42.12,19850630,1,0,서울특별시 성북구 정릉동 756-19번지
11290,13300,0,0756,0020,,,일반건축물,단독주택,주택,121.52,0,64.12,19850630,1,0,서울특별시 성북구 정릉동 756-20번지
11290,13300,0,0756,0021,,,일반건축물,단독주택,주택,158.6,0,65.12,19850630,1,0,서울특별시 성북구 정릉동 756-21번지
11290,13300,0,0756,0022,,,일반건축물,단독주택,주택,0,0,62.65,19850630,1,0,서울특별시 성북구 정릉동 756-22번지
11290,13300,0,0756,0025,,,일반건축물,단독주택,주택,0,0,62.26,19850630,1,0,서울특별시 성북구 정릉동 756-25번지
11290,13300,0,0756,0026,,,일반건축물,단독주택,주택,193.6,0,59.74,19850630,1,0,서울특별시 성북구 정릉동 756-26번지
11290,13300,0,0756,0027,,,일반건축물,단독주택,주택,49.32,0,32.52,19850630,1,0,서울특별시 성북구 정릉동 756-27번지
11290,13300,0,0756,0029,,,일반건축물,단독주택,주택,105.5,0,48.54,19850630,1,0,서울특별시 성북구 정릉동 756-29번지
11290,13300,0,0756,0032,,,일반건축물,단독주택,주택,34.83,0,15.75,19850630,1,0,서울특별시 성북구 정릉동 756-32번지
11290,13300,0,0756,0033,,,일반건축물,단독주택,주택,77.49,0,41.23,19850630,1,0,서울특별시 성북구 정릉동 756-33번지
11290,13300,0,0757,0000,,,일반건축물,단독주택,주택,0,0,42.81,19600510,1,0,서울특별시 성북구 정릉동 757번지
11290,13300,0,0757,0001,,,일반건축물,단독주택,주택,168.21,0,36.88,19850630,1,0,서울특별시 성북구 정릉동 757-1번지
11290,13300,0,0757,0002,,,일반건축물,단독주택,주택,148.5,0,91.9,19850630,1,0,서울특별시 성북구 정릉동 757-2번지
11290,13300,0,0757,0003,,,일반건축물,단독주택,주택,0,0,42.33,19850630,1,0,서울특별시 성북구 정릉동 757-3번지
11290,13300,0,0757,0004,,,일반건축물,단독주택,주택,275.63,0,137.79,19850630,1,0,서울특별시 성북구 정릉동 757-4번지
11290,13300,0,0757,0005,,,일반건축물,단독주택,주택,100.24,0,34.29,19850630,1,0,서울특별시 성북구 정릉동 757-5번지
11290,13300,0,0757,0006,,,일반건축물,단독주택,"주택, 변소",200,108.58,108.58,19850630,1,0,서울특별시 성북구 정릉동 757-6번지
11290,13300,0,0757,0007,,,일반건축물,단독주택,주택,318.5,0,88.78,19850630,1,0,서울특별시 성북구 정릉동 757-7번지
11290,13300,0,0757,0008,,,일반건축물,단독주택,주택,198.18,0,97.94,19850630,1,0,서울특별시 성북구 정릉동 757-8번지
11290,13300,0,0757,0009,,,일반건축물,단독주택,"주택, 근린생활시설",0,0,98.75,19850630,1,0,서울특별시 성북구 정릉동 757-9번지
11290,13300,0,0757,0010,,,일반건축물,단독주택,주택,230,0,78.81,19850630,1,0,서울특별시 성북구 정릉동 757-10번지
11290,13300,0,0757,0011,,,일반건축물,단독주택,주택,0,0,77.31,19850630,1,0,서울특별시 성북구 정릉동 757-11번지
11290,13300,0,0757,0012,,,일반건축물,단독주택,주택,185.55,77.53,77.53,19850630,1,0,서울특별시 성북구 정릉동 757-12번지
11290,13300,0,0757,0013,,,일반건축물,단독주택,주택,191.4,0,99.24,19850630,1,0,서울특별시 성북구 정릉동 757-13번지
11290,13300,0,0757,0014,,,일반건축물,단독주택,주택,250.17,0,41.69,19850630,1,0,서울특별시 성북구 정릉동 757-14번지
11290,13300,0,0757,0015,,,일반건축물,단독주택,단독주택,177.82,106.35,101.25,19951006,1,0,서울특별시 성북구 정릉동 757-15번지
11290,13300,0,0757,0016,,,일반건축물,단독주택,주택,0,0,107.38,19850630,1,0,서울특별시 성북구 정릉동 757-16번지
11290,13300,0,0757,0017,,,일반건축물,단독주택,주택,130.05,0,67.73,19850630,1,0,서울특별시 성북구 정릉동 757-17번지
11290,13300,0,0757,0018,,,일반건축물,단독주택,주택,88.32,0,56.68,19850630,1,0,서울특별시 성북구 정릉동 757-18번지
11290,13300,0,0757,0019,,,일반건축물,단독주택,주택,178.53,0,70.48,19850630,1,0,서울특별시 성북구 정릉동 757-19번지
11290,13300,0,0757,0021,,,일반건축물,단독주택,주택,126.65,0,61.36,19850630,1,0,서울특별시 성북구 정릉동 757-21번지
11290,13300,0,0757,0022,,,일반건축물,단독주택,주택,191.79,0,66.82,19850630,1,0,서울특별시 성북구 정릉동 757-22번지
11290,13300,0,0757,0023,,,일반건축물,단독주택,주택,100.6,0,62.34,19850630,1,0,서울특별시 성북구 정릉동 757-23번지
11290,13300,0,0757,0024,,,일반건축물,단독주택,주택,139.04,0,52.81,19850630,1,0,서울특별시 성북구 정릉동 757-24번지
11290,13300,0,0757,0025,,,일반건축물,단독주택,주택,87.44,0,38.62,19850630,1,0,서울특별시 성북구 정릉동 757-25번지
11290,13300,0,0757,0026,,,일반건축물,단독주택,주택,0,0,55.44,19850630,1,0,서울특별시 성북구 정릉동 757-26번지
11290,13300,0,0757,0028,,,일반건축물,단독주택,주택,161.1,0,57.69,19850630,1,0,서울특별시 성북구 정릉동 757-28번지
11290,13300,0,0757,0029,,,일반건축물,단독주택,주택,0,0,70.46,19850630,1,0,서울특별시 성북구 정릉동 757-29번지
11290,13300,0,0757,0031,,,일반건축물,단독주택,주택,212.12,0,58.58,19850630,1,0,서울특별시 성북구 정릉동 757-31번지
11290,13300,0,0757,0032,,,일반건축물,단독주택,주택,62.19,0,40.82,19850630,1,0,서울특별시 성북구 정릉동 757-32번지
11290,13300,0,0757,0033,,,일반건축물,단독주택,주택,138.14,0,79.92,19850630,1,0,서울특별시 성북구 정릉동 757-33번지
11290,13300,0,0757,0035,,,일반건축물,단독주택,단독주택,162.54,0,50.29,19850630,1,0,서울특별시 성북구 정릉동 757-35번지
11290,13300,0,0757,0036,,,일반건축물,단독주택,주택,120.63,0,40.2,19850630,1,0,서울특별시 성북구 정릉동 757-36번지
11290,13300,0,0757,0037,,,일반건축물,단독주택,"주택, 변소",58.45,0,36.1,19850630,1,0,서울특별시 성북구 정릉동 757-37번지
11290,13300,0,0757,0038,,,일반건축물,단독주택,주택,0,0,52.53,19850630,1,0,서울특별시 성북구 정릉동 757-38번지
11290,13300,0,0757,0040,,,일반건축물,단독주택,주택,140.13,0,58.26,19850630,1,0,서울특별시 성북구 정릉동 757-40번지
11290,13300,0,0757,0042,,,일반건축물,단독주택,주택,129.77,0,52.85,19850630,1,0,서울특별시 성북구 정릉동 757-42번지
11290,13300,0,0757,0043,,,일반건축물,단독주택,주택,92.13,0,38.35,19850630,1,0,서울특별시 성북구 정릉동 757-43번지
11290,13300,0,0757,0044,,,일반건축물,단독주택,주택,292.88,0,85.03,19850630,1,0,서울특별시 성북구 정릉동 757-44번지
11290,13300,0,0757,0045,,,일반건축물,단독주택,주택,57,0,29.16,19850630,1,0,서울특별시 성북구 정릉동 757-45번지
11290,13300,0,0757,0046,,,일반건축물,단독주택,주택,80.64,0,35.94,19850630,1,0,서울특별시 성북구 정릉동 757-46번지
11290,13300,0,0757,0047,,,일반건축물,단독주택,주택,159.07,0,60.05,19850630,1,0,서울특별시 성북구 정릉동 757-47번지
11290,13300,0,0757,0049,,,일반건축물,단독주택,주택,60.66,0,27.44,19850630,1,0,서울특별시 성북구 정릉동 757-49번지
11290,13300,0,0757,0050,,,일반건축물,단독주택,주택,61.2,0,36.92,19850630,1,0,서울특별시 성북구 정릉동 757-50번지
11290,13300,0,0757,0051,,,일반건축물,단독주택,주택,132,0,44.8,19850630,1,0,서울특별시 성북구 정릉동 757-51번지
11290,13300,0,0757,0056,,,일반건축물,단독주택,주택,212.43,0,118.46,19850630,1,0,서울특별시 성북구 정릉동 757-56번지
11290,13300,0,0757,0057,,,일반건축물,단독주택,주택,210.14,0,98.17,19850630,1,0,서울특별시 성북구 정릉동 757-57번지
11290,13300,0,0757,0058,,,일반건축물,단독주택,주택,0,0,55.89,19850630,1,0,서울특별시 성북구 정릉동 757-58번지
11290,13300,0,0757,0059,,,일반건축물,단독주택,주택,114.73,0,61.64,19850630,1,0,서울특별시 성북구 정릉동 757-59번지
11290,13300,0,0757,0060,,,일반건축물,단독주택,주택,74.16,0,39.37,19850630,1,0,서울특별시 성북구 정릉동 757-60번지
11290,13300,0,0757,0061,,,일반건축물,단독주택,주택,162.18,0,43.68,19850630,1,0,서울특별시 성북구 정릉동 757-61번지
11290,13300,0,0757,0062,,,일반건축물,단독주택,주택,63.83,0,32.13,19850630,1,0,서울특별시 성북구 정릉동 757-62번지
11290,13300,0,0757,0063,,,일반건축물,단독주택,주택,157.41,0,74.61,19850630,1,0,서울특별시 성북구 정릉동 757-63번지
11290,13300,0,0757,0067,,,일반건축물,단독주택,주택,97.5,0,40.07,19850630,1,0,서울특별시 성북구 정릉동 757-67번지
11290,13300,0,0757,0068,,,일반건축물,단독주택,주택,76.04,0,47.75,19850630,1,0,서울특별시 성북구 정릉동 757-68번지
11290,13300,0,0757,0077,,,일반건축물,단독주택,주택,87.4,0,28.98,19850630,1,0,서울특별시 성북구 정릉동 757-77번지
11290,13300,0,0758,0000,,,일반건축물,단독주택,단독주택<1가구>,283,102.4,151.16,19710709,2,1,서울특별시 성북구 정릉동 758번지
11290,13300,0,0759,0001,,,일반건축물,단독주택,주택,0,0,126.23,19610820,1,0,서울특별시 성북구 정릉동 759-1번지
11290,13300,0,0759,0005,,,일반건축물,단독주택,주택,303.08,0,76.3,19850630,1,0,서울특별시 성북구 정릉동 759-5번지
11290,13300,0,0759,0006,,,일반건축물,단독주택,주택,173.91,0,78.26,19850630,1,0,서울특별시 성북구 정릉동 759-6번지
11290,13300,0,0759,0007,,,일반건축물,단독주택,주택,117.15,0,56.85,19850630,1,0,서울특별시 성북구 정릉동 759-7번지
11290,13300,0,0759,0008,,,일반건축물,단독주택,주택,0,0,31.32,19850630,1,0,서울특별시 성북구 정릉동 759-8번지
11290,13300,0,0759,0009,,,일반건축물,단독주택,주택,0,0,91.94,19850630,1,0,서울특별시 성북구 정릉동 759-9번지
11290,13300,0,0759,0010,,,일반건축물,단독주택,주택,152.4,0,116,19850630,1,0,서울특별시 성북구 정릉동 759-10번지
11290,13300,0,0759,0011,,,일반건축물,단독주택,주택,119.35,0,48.72,19850630,1,0,서울특별시 성북구 정릉동 759-11번지
11290,13300,0,0759,0013,,,일반건축물,단독주택,주택,68.08,0,41.69,19850630,1,0,서울특별시 성북구 정릉동 759-13번지
11290,13300,0,0759,0014,,,일반건축물,단독주택,주택,187.17,0,36.19,19850630,1,0,서울특별시 성북구 정릉동 759-14번지
11290,13300,0,0759,0016,,,일반건축물,단독주택,"주택, 변소",153.16,0,73.32,19850630,1,0,서울특별시 성북구 정릉동 759-16번지
11290,13300,0,0759,0018,,,일반건축물,단독주택,"주택, 근린생활시설",130.41,0,63.97,19850630,1,0,서울특별시 성북구 정릉동 759-18번지
11290,13300,0,0759,0019,,,일반건축물,단독주택,주택,120.25,0,31.38,19850630,1,0,서울특별시 성북구 정릉동 759-19번지
11290,13300,0,0759,0020,,,일반건축물,단독주택,주택,63.7,0,33,19850630,1,0,서울특별시 성북구 정릉동 759-20번지
11290,13300,0,0759,0021,,,일반건축물,단독주택,주택,144.9,0,66.99,19850630,1,0,서울특별시 성북구 정릉동 759-21번지
11290,13300,0,0759,0022,,,일반건축물,단독주택,주택,138.25,0,72.97,19850630,1,0,서울특별시 성북구 정릉동 759-22번지
11290,13300,0,0759,0023,,,일반건축물,단독주택,주택,149.9,0,91.9,19850630,1,0,서울특별시 성북구 정릉동 759-23번지
11290,13300,0,0759,0024,,,일반건축물,단독주택,주택,75.4,0,30.96,19850630,1,0,서울특별시 성북구 정릉동 759-24번지
11290,13300,0,0759,0025,,,일반건축물,단독주택,주택,97.92,0,47.36,19850630,1,0,서울특별시 성북구 정릉동 759-25번지
11290,13300,0,0759,0026,,,일반건축물,단독주택,주택,0,0,54.92,19850630,1,0,서울특별시 성북구 정릉동 759-26번지
11290,13300,0,0759,0027,,,일반건축물,단독주택,주택,108,0,74.84,19850630,1,0,서울특별시 성북구 정릉동 759-27번지
11290,13300,0,0759,0028,,,일반건축물,단독주택,주택,0,0,66.78,19850630,1,0,서울특별시 성북구 정릉동 759-28번지
11290,13300,0,0759,0029,,,일반건축물,단독주택,주택,0,0,54.35,19850630,1,0,서울특별시 성북구 정릉동 759-29번지
11290,13300,0,0759,0030,,,일반건축물,단독주택,단독주택,103.39,61.39,61.39,19981118,1,0,서울특별시 성북구 정릉동 759-30번지
11290,13300,0,0760,0003,,,일반건축물,단독주택,주택,107.9,0,68.44,19850630,1,0,서울특별시 성북구 정릉동 760-3번지
11290,13300,0,0760,0004,,,일반건축물,단독주택,주택,156.61,0,47.42,19850630,1,0,서울특별시 성북구 정릉동 760-4번지
11290,13300,0,0760,0005,,,일반건축물,단독주택,주택,311.4,0,97.23,19850630,1,0,서울특별시 성북구 정릉동 760-5번지
11290,13300,0,0760,0008,,,일반건축물,단독주택,주택,137.6,0,68.8,19850630,1,0,서울특별시 성북구 정릉동 760-8번지
11290,13300,0,0760,0009,,,일반건축물,단독주택,주택,0,0,42.96,19850630,1,0,서울특별시 성북구 정릉동 760-9번지
11290,13300,0,0760,0011,,,일반건축물,단독주택,주택,96.3,0,57.54,19850630,1,0,서울특별시 성북구 정릉동 760-11번지
11290,13300,0,0760,0012,,,일반건축물,단독주택,주택,186,0,58.98,19850630,1,0,서울특별시 성북구 정릉동 760-12번지
11290,13300,0,0760,0013,,,일반건축물,단독주택,주택,206.4,0,73.4,19850630,1,0,서울특별시 성북구 정릉동 760-13번지
11290,13300,0,0760,0014,,,일반건축물,단독주택,주택,175.64,123.62,123.62,19850630,1,0,서울특별시 성북구 정릉동 760-14번지
11290,13300,0,0760,0015,,,일반건축물,단독주택,주택,267.75,0,103.09,19850630,1,0,서울특별시 성북구 정릉동 760-15번지
11290,13300,0,0760,0016,,,일반건축물,단독주택,"주택, 창고",157.88,0,63.63,19850630,1,0,서울특별시 성북구 정릉동 760-16번지
11290,13300,0,0760,0017,,,일반건축물,단독주택,주택,199.25,0,99.43,19850630,1,0,서울특별시 성북구 정릉동 760-17번지
11290,13300,0,0760,0018,,,일반건축물,단독주택,주택,194.95,0,97.42,19850630,1,0,서울특별시 성북구 정릉동 760-18번지
11290,13300,0,0760,0019,,,일반건축물,단독주택,"주택, 변소",218.14,0,81.49,19850630,1,0,서울특별시 성북구 정릉동 760-19번지
11290,13300,0,0760,0020,,,일반건축물,단독주택,주택,229.35,0,39.6,19850630,1,0,서울특별시 성북구 정릉동 760-20번지
11290,13300,0,0760,0022,,,일반건축물,단독주택,주택,55.7,0,30.87,19850630,1,0,서울특별시 성북구 정릉동 760-22번지
11290,13300,0,0760,0023,,,일반건축물,단독주택,주택,0,0,78.98,19850630,1,0,서울특별시 성북구 정릉동 760-23번지
11290,13300,0,0760,0024,,,일반건축물,단독주택,주택,89.22,0,41.36,19850630,1,0,서울특별시 성북구 정릉동 760-24번지
11290,13300,0,0760,0025,,,일반건축물,단독주택,주택,114.48,0,47,19850630,1,0,서울특별시 성북구 정릉동 760-25번지
11290,13300,0,0760,0026,,,일반건축물,단독주택,주택,158.6,0,85.5,19850630,1,0,서울특별시 성북구 정릉동 760-26번지
11290,13300,0,0760,0027,,,일반건축물,단독주택,주택,75.44,0,30.21,19850630,1,0,서울특별시 성북구 정릉동 760-27번지
11290,13300,0,0760,0028,,,일반건축물,단독주택,주택,270.5,0,116.45,19850630,1,0,서울특별시 성북구 정릉동 760-28번지
11290,13300,0,0760,0030,,,일반건축물,단독주택,주택,118.56,0,63.09,19850630,1,0,서울특별시 성북구 정릉동 760-30번지
11290,13300,0,0760,0031,,,일반건축물,단독주택,주택,104.16,0,83.94,19850630,1,0,서울특별시 성북구 정릉동 760-31번지
11290,13300,0,0760,0032,,,일반건축물,단독주택,주택,80.14,0,51.66,19850630,1,0,서울특별시 성북구 정릉동 760-32번지
11290,13300,0,0760,0033,,,일반건축물,단독주택,주택,187.86,0,55,19850630,1,0,서울특별시 성북구 정릉동 760-33번지
11290,13300,0,0760,0034,,,일반건축물,단독주택,주택,0,0,90.76,19850630,1,0,서울특별시 성북구 정릉동 760-34번지
11290,13300,0,0760,0035,,,일반건축물,단독주택,주택,136.92,0,58.71,19850630,1,0,서울특별시 성북구 정릉동 760-35번지
11290,13300,0,0760,0036,,,일반건축물,단독주택,주택,0,0,27.88,19850630,1,0,서울특별시 성북구 정릉동 760-36번지
11290,13300,0,0760,0038,,,일반건축물,단독주택,주택,159.29,0,86.48,19850630,1,0,서울특별시 성북구 정릉동 760-38번지
11290,13300,0,0760,0039,,,일반건축물,단독주택,주택,98.5,0,34.48,19850630,1,0,서울특별시 성북구 정릉동 760-39번지
11290,13300,0,0760,0040,,,일반건축물,단독주택,주택,0,0,39.92,19850630,1,0,서울특별시 성북구 정릉동 760-40번지
11290,13300,0,0760,0041,,,일반건축물,단독주택,주택,254.5,0,113.75,19850630,1,0,서울특별시 성북구 정릉동 760-41번지
11290,13300,0,0760,0042,,,일반건축물,단독주택,주택,137.39,0,30,19850630,1,0,서울특별시 성북구 정릉동 760-42번지
11290,13300,0,0760,0043,,,일반건축물,단독주택,주택,251.1,0,77.99,19850630,1,0,서울특별시 성북구 정릉동 760-43번지
11290,13300,0,0760,0044,,,일반건축물,단독주택,주택,124.36,0,85.9,19850630,1,0,서울특별시 성북구 정릉동 760-44번지
11290,13300,0,0760,0045,,,일반건축물,단독주택,주택,181.56,0,57.9,19850630,1,0,서울특별시 성북구 정릉동 760-45번지
11290,13300,0,0760,0046,,,일반건축물,단독주택,주택,203.7,0,56.4,19850630,1,0,서울특별시 성북구 정릉동 760-46번지
11290,13300,0,0760,0046,,,일반건축물,단독주택,주택,203.7,0,14.85,19860124,1,0,서울특별시 성북구 정릉동 760-46번지
11290,13300,0,0760,0047,,,일반건축물,단독주택,주택,0,0,31.51,19850630,1,0,서울특별시 성북구 정릉동 760-47번지
11290,13300,0,0760,0050,,,일반건축물,단독주택,주택,109.76,0,40.23,19850630,1,0,서울특별시 성북구 정릉동 760-50번지
11290,13300,0,0761,0002,,,일반건축물,단독주택,주택,0,0,26.4,19850630,1,0,서울특별시 성북구 정릉동 761-2번지
11290,13300,0,0761,0003,,,일반건축물,단독주택,주택,107.7,0,43.39,19850630,1,0,서울특별시 성북구 정릉동 761-3번지
11290,13300,0,0761,0004,,,일반건축물,단독주택,주택,90.75,0,23.92,19850630,1,0,서울특별시 성북구 정릉동 761-4번지
11290,13300,0,0761,0006,,,일반건축물,단독주택,주택,102.5,0,48.16,19850630,1,0,서울특별시 성북구 정릉동 761-6번지
11290,13300,0,0761,0010,,,일반건축물,단독주택,주택,88.9,0,48.06,19850630,1,0,서울특별시 성북구 정릉동 761-10번지
11290,13300,0,0761,0011,,,일반건축물,단독주택,주택,142.54,0,61.98,19850630,1,0,서울특별시 성북구 정릉동 761-11번지
11290,13300,0,0761,0012,,,일반건축물,단독주택,주택,101.5,0,32.33,19850630,1,0,서울특별시 성북구 정릉동 761-12번지
11290,13300,0,0761,0014,,,일반건축물,단독주택,주택,0,0,45.53,19850630,1,0,서울특별시 성북구 정릉동 761-14번지
11290,13300,0,0761,0015,,,일반건축물,단독주택,주택,20.8,0,20.8,19850630,1,0,서울특별시 성북구 정릉동 761-15번지
11290,13300,0,0761,0016,,,일반건축물,단독주택,주택,105.84,0,70.68,19850630,1,0,서울특별시 성북구 정릉동 761-16번지
11290,13300,0,0761,0017,,,일반건축물,단독주택,주택,0,0,55.44,19850630,1,0,서울특별시 성북구 정릉동 761-17번지
11290,13300,0,0761,0018,,,일반건축물,단독주택,주택,0,0,56.91,19850630,1,0,서울특별시 성북구 정릉동 761-18번지
11290,13300,0,0761,0021,,,일반건축물,단독주택,주택,0,0,26.88,19850630,1,0,서울특별시 성북구 정릉동 761-21번지
11290,13300,0,0761,0025,,,일반건축물,단독주택,단독주택,105.7,0,95,19850630,1,0,서울특별시 성북구 정릉동 761-25번지
11290,13300,0,0761,0026,,,일반건축물,단독주택,주택,93.16,0,76.54,19850630,1,0,서울특별시 성북구 정릉동 761-26번지
11290,13300,0,0761,0027,,,일반건축물,단독주택,주택,134.48,0,29.4,19850630,1,0,서울특별시 성북구 정릉동 761-27번지
11290,13300,0,0761,0029,,,일반건축물,단독주택,주택,0,0,75.71,19850630,1,0,서울특별시 성북구 정릉동 761-29번지
11290,13300,0,0764,0001,,,일반건축물,단독주택,주택,456.88,0,38.44,19850630,1,0,서울특별시 성북구 정릉동 764-1번지
11290,13300,0,0764,0002,,,일반건축물,단독주택,"주택, 광",0,0,92.63,19670320,1,0,서울특별시 성북구 정릉동 764-2번지
11290,13300,0,0764,0004,,,일반건축물,단독주택,주택,0,0,47.97,19720310,1,0,서울특별시 성북구 정릉동 764-4번지
11290,13300,0,0764,0004,,,일반건축물,단독주택,주택,0,0,47.97,19720310,1,0,서울특별시 성북구 정릉동 764-4번지
11290,13300,0,0764,0005,,,일반건축물,단독주택,주택,0,0,47.96,19720310,1,0,서울특별시 성북구 정릉동 764-5번지
11290,13300,0,0764,0009,,,일반건축물,단독주택,주택,117.94,0,45.13,19850630,1,0,서울특별시 성북구 정릉동 764-9번지
11290,13300,0,0764,0011,,,일반건축물,단독주택,주택,201.28,0,34.68,19850630,1,0,서울특별시 성북구 정릉동 764-11번지
11290,13300,0,0764,0012,,,일반건축물,단독주택,주택,0,0,29.74,19850630,1,0,서울특별시 성북구 정릉동 764-12번지
11290,13300,0,0764,0013,,,일반건축물,단독주택,주택,0,0,93.96,19850630,1,0,서울특별시 성북구 정릉동 764-13번지
11290,13300,0,0764,0014,,,일반건축물,단독주택,주택,0,0,56.71,19850630,1,0,서울특별시 성북구 정릉동 764-14번지
11290,13300,0,0764,0017,,,일반건축물,단독주택,주택,143.99,0,61.26,19850630,1,0,서울특별시 성북구 정릉동 764-17번지
11290,13300,0,0764,0019,,,일반건축물,단독주택,주택,250.38,0,69.33,19850630,1,0,서울특별시 성북구 정릉동 764-19번지
11290,13300,0,0764,0020,,,일반건축물,단독주택,주택,0,0,68.07,19850630,1,0,서울특별시 성북구 정릉동 764-20번지
11290,13300,0,0764,0021,,,일반건축물,단독주택,"주택, 창고",319,0,133.51,19850630,1,1,서울특별시 성북구 정릉동 764-21번지
11290,13300,0,0767,0001,,,일반건축물,단독주택,주택,0,0,75.48,19630603,1,0,서울특별시 성북구 정릉동 767-1번지
11290,13300,0,0767,0002,정릉동푸른아파트,,표제부,공동주택,"공동주택,아파트",634,270.81,1571.78,20030829,7,1,서울특별시 성북구 정릉동 767-2번지
11290,13300,0,0767,0004,,,일반건축물,단독주택,주택,0,0,96.31,19630603,1,0,서울특별시 성북구 정릉동 767-4번지
11290,13300,0,0767,0005,,,표제부,공동주택,주택,0,69.09,207.27,19821004,2,1,서울특별시 성북구 정릉동 767-5번지
11290,13300,0,0767,0005,,,일반건축물,단독주택,주택,0,0,59.67,19630603,1,0,서울특별시 성북구 정릉동 767-5번지
11290,13300,0,0767,0005,,,표제부,공동주택,주택,0,69.09,207.27,19821004,2,1,서울특별시 성북구 정릉동 767-5번지
11290,13300,0,0767,0019,,,일반건축물,단독주택,주택,93.96,0,36.91,19850630,1,0,서울특별시 성북구 정릉동 767-19번지
11290,13300,0,0768,0001,,,일반건축물,단독주택,주택,0,0,280.2,19640728,2,1,서울특별시 성북구 정릉동 768-1번지
11290,13300,0,0768,0002,,,일반건축물,단독주택,주택,0,0,59.67,19630603,1,0,서울특별시 성북구 정릉동 768-2번지
11290,13300,0,0768,0003,,,일반건축물,노유자시설,교육연구및복지시설,0,0,59.67,19630603,1,0,서울특별시 성북구 정릉동 768-3번지
11290,13300,0,0768,0010,,,일반건축물,단독주택,단독주택,174.32,99.15,198.3,19850630,1,1,서울특별시 성북구 정릉동 768-10번지
11290,13300,0,0768,0011,,,일반건축물,단독주택,주택,156.1,0,65.88,19850630,1,0,서울특별시 성북구 정릉동 768-11번지
11290,13300,0,0768,0012,,,일반건축물,단독주택,주택,0,0,90.87,19850630,1,0,서울특별시 성북구 정릉동 768-12번지
11290,13300,0,0768,0013,,,일반건축물,단독주택,단독주택,0,0,66.15,19850630,1,0,서울특별시 성북구 정릉동 768-13번지
11290,13300,0,0768,0014,,,일반건축물,단독주택,주택,698.5,0,199.97,19850630,1,0,서울특별시 성북구 정릉동 768-14번지
11290,13300,0,0768,0015,,,일반건축물,단독주택,주택,0,0,94.78,19850630,1,0,서울특별시 성북구 정릉동 768-15번지
11290,13300,0,0768,0016,,,일반건축물,단독주택,주택,286.01,0,91.28,19850630,1,0,서울특별시 성북구 정릉동 768-16번지
11290,13300,0,0768,0018,,,일반건축물,단독주택,주택,0,0,57.21,19850630,1,0,서울특별시 성북구 정릉동 768-18번지
11290,13300,0,0768,0019,,,일반건축물,단독주택,주택,90.13,0,49.88,19850630,1,0,서울특별시 성북구 정릉동 768-19번지
11290,13300,0,0768,0020,,,일반건축물,단독주택,주택,174.64,0,76.86,19850630,1,0,서울특별시 성북구 정릉동 768-20번지
11290,13300,0,0768,0021,,,일반건축물,단독주택,주택,71.38,0,35.08,19850630,1,0,서울특별시 성북구 정릉동 768-21번지
11290,13300,0,0768,0022,,,일반건축물,단독주택,주택,171.52,0,71.8,19850630,1,0,서울특별시 성북구 정릉동 768-22번지
11290,13300,0,0768,0023,,,일반건축물,단독주택,주택,131.84,0,37.22,19850630,1,0,서울특별시 성북구 정릉동 768-23번지
11290,13300,0,0768,0024,,,일반건축물,단독주택,다가구용단독주택(2가구),206.14,108.6,108.6,19850630,1,0,서울특별시 성북구 정릉동 768-24번지
11290,13300,0,0768,0025,,,일반건축물,단독주택,주택,0,0,72.52,19850630,1,0,서울특별시 성북구 정릉동 768-25번지
11290,13300,0,0768,0026,,,일반건축물,단독주택,주택,125,0,42.76,19850630,1,0,서울특별시 성북구 정릉동 768-26번지
11290,13300,0,0768,0027,,,일반건축물,단독주택,주택,284.87,0,84.86,19850630,1,0,서울특별시 성북구 정릉동 768-27번지
11290,13300,0,0768,0028,,,일반건축물,단독주택,주택,154.24,0,49,19850630,1,0,서울특별시 성북구 정릉동 768-28번지
11290,13300,0,0768,0029,,,일반건축물,단독주택,주택,296.53,0,56.07,19850630,1,0,서울특별시 성북구 정릉동 768-29번지
11290,13300,0,0768,0030,,,일반건축물,단독주택,주택,294.04,0,54.84,19850630,1,0,서울특별시 성북구 정릉동 768-30번지
11290,13300,0,0768,0031,,,일반건축물,단독주택,주택,136.76,0,49.68,19850630,1,0,서울특별시 성북구 정릉동 768-31번지
11290,13300,0,0768,0032,,,일반건축물,단독주택,"주택, 근린생활시설, 변소",87.72,0,53.2,19850630,1,0,서울특별시 성북구 정릉동 768-32번지
11290,13300,0,0768,0033,,,일반건축물,단독주택,주택,71,0,62.8,19850630,1,0,서울특별시 성북구 정릉동 768-33번지
11290,13300,0,0768,0034,,,일반건축물,단독주택,주택,242.78,0,63,19850630,1,0,서울특별시 성북구 정릉동 768-34번지
11290,13300,0,0768,0035,,,일반건축물,단독주택,주택,146.38,0,57,19850630,1,0,서울특별시 성북구 정릉동 768-35번지
11290,13300,0,0768,0036,,,일반건축물,단독주택,주택,253.38,0,133.15,19850630,1,0,서울특별시 성북구 정릉동 768-36번지
11290,13300,0,0768,0037,,,일반건축물,단독주택,주택,0,0,71.04,19850630,1,0,서울특별시 성북구 정릉동 768-37번지
11290,13300,0,0768,0038,,,일반건축물,단독주택,주택,145,0,67.56,19850630,1,0,서울특별시 성북구 정릉동 768-38번지
11290,13300,0,0768,0039,,,일반건축물,단독주택,주택,239.9,0,55.2,19850630,1,0,서울특별시 성북구 정릉동 768-39번지
11290,13300,0,0768,0040,,,일반건축물,단독주택,주택,0,0,99.83,19850630,1,0,서울특별시 성북구 정릉동 768-40번지
11290,13300,0,0769,0004,,,일반건축물,단독주택,단독주택,200,113.64,198.8,19941226,1,1,서울특별시 성북구 정릉동 769-4번지
11290,13300,0,0769,0005,,,일반건축물,단독주택,주택,84,0,84,19850630,1,0,서울특별시 성북구 정릉동 769-5번지
11290,13300,0,0769,0007,,,일반건축물,단독주택,주택,289.3,0,99.96,19850630,1,0,서울특별시 성북구 정릉동 769-7번지
11290,13300,0,0769,0008,,,일반건축물,단독주택,주택,0,0,94.98,19850630,1,0,서울특별시 성북구 정릉동 769-8번지
11290,13300,0,0769,0010,,,일반건축물,단독주택,주택,436.03,0,67,19850630,1,0,서울특별시 성북구 정릉동 769-10번지
11290,13300,0,0769,0012,,,일반건축물,단독주택,주택,481.27,0,117.55,19850630,1,0,서울특별시 성북구 정릉동 769-12번지
11290,13300,0,0769,0013,,,일반건축물,단독주택,주택,420,0,125.14,19850630,1,0,서울특별시 성북구 정릉동 769-13번지
11290,13300,0,0769,0014,,,일반건축물,단독주택,주택,221.92,0,85.84,19850630,1,0,서울특별시 성북구 정릉동 769-14번지
11290,13300,0,0769,0015,,,일반건축물,단독주택,주택,304.38,0,68.73,19850630,1,0,서울특별시 성북구 정릉동 769-15번지
11290,13300,0,0769,0016,,,일반건축물,단독주택,주택,354.53,0,71.95,19850630,1,0,서울특별시 성북구 정릉동 769-16번지
11290,13300,0,0769,0017,,,일반건축물,단독주택,주택,83.46,0,43.11,19850630,1,0,서울특별시 성북구 정릉동 769-17번지
11290,13300,0,0770,0000,,,표제부,공동주택,연립주택,0,280.83,824.47,19800912,2,1,서울특별시 성북구 정릉동 770번지
11290,13300,0,0771,0000,,,일반건축물,단독주택,"계사, 주택",0,0,79.34,1958,1,0,서울특별시 성북구 정릉동 771번지
11290,13300,0,0771,0003,,,일반건축물,제2종근린생활시설,제2종근린생활시설(교회),0,0,1102.91,19760617,4,1,서울특별시 성북구 정릉동 771-3번지
11290,13300,0,0771,0003,,,일반건축물,교육연구시설,교육연구시설(유치원),512,238.7,929.53,19800723,2,2,서울특별시 성북구 정릉동 771-3번지
11290,13300,0,0771,0003,,,일반건축물,노유자시설,교육연구및복지시설,420,172.45,445.58,19770620,2,1,서울특별시 성북구 정릉동 771-3번지
11290,13300,0,0771,0007,,,일반건축물,판매시설,"사무실, 오락실, 점포, 차고, 합숙소",0,0,1377.16,19681213,2,1,서울특별시 성북구 정릉동 771-7번지
11290,13300,0,0771,0026,,,일반건축물,제1종근린생활시설,목욕탕,0,0,495.8,19690912,3,1,서울특별시 성북구 정릉동 771-26번지
11290,13300,0,0771,0028,,,일반건축물,단독주택,주택,0,0,224.03,19681115,2,1,서울특별시 성북구 정릉동 771-28번지
11290,13300,0,0771,0029,,,일반건축물,단독주택,주택,0,0,77.59,19700121,1,1,서울특별시 성북구 정릉동 771-29번지
11290,13300,0,0771,0030,,,일반건축물,단독주택,주택,0,0,79.34,19700121,1,1,서울특별시 성북구 정릉동 771-30번지
11290,13300,0,0771,0031,,,일반건축물,단독주택,단독주택,114,67.47,197.1,20210604,4,0,서울특별시 성북구 정릉동 771-31번지
11290,13300,0,0771,0032,,,일반건축물,단독주택,"주택, 점포",0,0,72.68,19920831,1,0,서울특별시 성북구 정릉동 771-32번지
11290,13300,0,0771,0033,,,일반건축물,단독주택,주택,0,0,53.72,19691216,1,1,서울특별시 성북구 정릉동 771-33번지
11290,13300,0,0771,0034,,,일반건축물,단독주택,주택,0,0,64.52,19691216,1,1,서울특별시 성북구 정릉동 771-34번지
11290,13300,0,0771,0035,,,일반건축물,단독주택,주택,0,0,225.36,19710203,2,1,서울특별시 성북구 정릉동 771-35번지
11290,13300,0,0771,0037,,,일반건축물,제1종근린생활시설,근린생활시설,0,0,364.75,19700305,3,1,서울특별시 성북구 정릉동 771-37번지
11290,13300,0,0771,0038,,,일반건축물,단독주택,"주택, 점포",0,0,176.26,19710601,2,0,서울특별시 성북구 정릉동 771-38번지
11290,13300,0,0771,0040,,,일반건축물,단독주택,"주택, 점포",0,0,452.99,19700108,3,1,서울특별시 성북구 정릉동 771-40번지
11290,13300,0,0771,0041,,,일반건축물,단독주택,주택,0,0,109.1,19691014,2,0,서울특별시 성북구 정릉동 771-41번지
11290,13300,0,0771,0042,,,일반건축물,단독주택,주택,0,0,54.71,19691020,1,0,서울특별시 성북구 정릉동 771-42번지
11290,13300,0,0771,0043,,,일반건축물,단독주택,주택,0,0,55.14,19710401,1,0,서울특별시 성북구 정릉동 771-43번지
11290,13300,0,0771,0044,,,일반건축물,단독주택,주택,0,0,130.31,19701101,2,0,서울특별시 성북구 정릉동 771-44번지
11290,13300,0,0771,0045,,,일반건축물,단독주택,주택,0,0,63.34,19660701,1,0,서울특별시 성북구 정릉동 771-45번지
11290,13300,0,0771,0046,,,표제부,제1종근린생활시설,근린생활시설,0,349.29,1086.15,19780310,2,1,서울특별시 성북구 정릉동 771-46번지
11290,13300,0,0771,0055,,,일반건축물,제2종근린생활시설,사무실,0,0,407.21,,2,1,서울특별시 성북구 정릉동 771-55번지
11290,13300,0,0771,0058,,,일반건축물,단독주택,주택,0,0,165.52,19781220,2,1,서울특별시 성북구 정릉동 771-58번지
11290,13300,0,0771,0059,,,표제부,공동주택,연립주택,0,212.26,1063.78,19911015,4,1,서울특별시 성북구 정릉동 771-59번지
11290,13300,0,0771,0064,,,표제부,공동주택,다세대주택,0,83.22,247.26,19860804,2,1,서울특별시 성북구 정릉동 771-64번지
11290,13300,0,0771,0065,,,일반건축물,단독주택,다가구주택,158.9,95.11,342.47,20000527,3,1,서울특별시 성북구 정릉동 771-65번지
11290,13300,0,0771,0071,,,일반건축물,제2종근린생활시설,제2종근린생활시설,0,0,97.52,19700110,1,0,서울특별시 성북구 정릉동 771-71번지
11290,13300,0,0772,0001,원정교회,,일반건축물,종교시설,"문화및집회시설, 교육연구 및 복지시설",965,577.96,3566.64,19830214,9,1,서울특별시 성북구 정릉동 772-1번지
11290,13300,0,0772,0004,,,일반건축물,제2종근린생활시설,제2종근린생활시설(사진관),661,102.91,187.41,19610310,1,1,서울특별시 성북구 정릉동 772-4번지
11290,13300,0,0772,0004,,,일반건축물,제2종근린생활시설,제2종근린생활시설(사진관),661,31.48,31.48,20190218,1,0,서울특별시 성북구 정릉동 772-4번지
11290,13300,0,0772,0004,,,일반건축물,제2종근린생활시설,제2종근린생활시설(사진관),661,124.27,124.27,20190218,1,0,서울특별시 성북구 정릉동 772-4번지
11290,13300,0,0772,0011,,,표제부,공동주택,다세대주택(7세대),0,146.06,658.61,19920307,4,1,서울특별시 성북구 정릉동 772-11번지
11290,13300,0,0772,0013,,,표제부,공동주택,다세대주택,265.6,158.76,531.09,20080929,5,0,서울특별시 성북구 정릉동 772-13번지
11290,13300,0,0772,0015,,,표제부,공동주택,다세대주택(8세대),0,95.28,463.36,19920210,4,1,서울특별시 성북구 정릉동 772-15번지
11290,13300,0,0772,0017,나라키움 정릉동 주택,,표제부,공동주택,다세대주택,552,250.7,659.79,20080516,4,0,서울특별시 성북구 정릉동 772-17번지
11290,13300,0,0772,0020,,,표제부,공동주택,다세대주택(8세대),0,132.54,659.58,19911106,4,1,서울특별시 성북구 정릉동 772-20번지
11290,13300,0,0772,0023,용화파크빌,,일반건축물,단독주택,단독주택(다가구주택(6가구)),169,99.12,309.68,20131111,4,0,서울특별시 성북구 정릉동 772-23번지
11290,13300,0,0772,0024,용화사,,일반건축물,제2종근린생활시설,제2종근린생활시설(종교집회장),191,104.4,278.95,20170202,3,0,서울특별시 성북구 정릉동 772-24번지
11290,13300,0,0772,0025,대한불교용화사,,일반건축물,단독주택,다가구주택,264,75.18,209.57,20180621,4,0,서울특별시 성북구 정릉동 772-25번지
11290,13300,0,0772,0026,,,표제부,공동주택,다세대주택,0,194.31,970.35,19920506,4,1,서울특별시 성북구 정릉동 772-26번지
11290,13300,0,0772,0028,,,일반건축물,단독주택,단독주택,341.28,126.55,186.78,20251104,2,0,서울특별시 성북구 정릉동 772-28번지
11290,13300,0,0774,0000,,,표제부,공동주택,다세대주택,0,108,328.86,19891219,2,1,서울특별시 성북구 정릉동 774번지
11290,13300,0,0774,0000,,,표제부,공동주택,다세대주택,0,0,329.76,19891219,2,1,서울특별시 성북구 정릉동 774번지
11290,13300,0,0774,0003,,,표제부,공동주택,다세대주택(9세대),0,97.86,449.76,19920713,4,1,서울특별시 성북구 정릉동 774-3번지
11290,13300,0,0774,0004,위너스 빌딩,,표제부,공동주택,다세대주택 및 근린생활시설,302,180.82,993.97,20151005,4,2,서울특별시 성북구 정릉동 774-4번지
11290,13300,0,0774,0005,,,일반건축물,단독주택,"주택,근린생활시설",0,0,277.26,19770709,2,1,서울특별시 성북구 정릉동 774-5번지
11290,13300,0,0774,0007,동성네스트빌,,표제부,공동주택,공동주택,0,159.12,617.68,20100609,5,0,서울특별시 성북구 정릉동 774-7번지
11290,13300,0,0774,0007,동성네스트빌,,표제부,공동주택,공동주택,0,172.53,628.8,20100609,5,0,서울특별시 성북구 정릉동 774-7번지
11290,13300,0,0774,0012,,,표제부,공동주택,다세대주택,0,107.28,321.84,19891219,2,1,서울특별시 성북구 정릉동 774-12번지
11290,13300,0,0777,0001,,,일반건축물,제2종근린생활시설,"근린생활시설, 주택",0,0,706.23,19890107,4,1,서울특별시 성북구 정릉동 777-1번지
11290,13300,0,0777,0007,,,일반건축물,제1종근린생활시설,"근린생활시설, 다가구주택",293,0,657.54,19881206,4,1,서울특별시 성북구 정릉동 777-7번지
11290,13300,0,0778,0001,,,일반건축물,단독주택,단독주택,616,125.74,320.18,20130308,3,0,서울특별시 성북구 정릉동 778-1번지
11290,13300,0,0778,0001,,,일반건축물,제2종근린생활시설,제2종근린생활시설,616,106.46,172.38,20130308,2,0,서울특별시 성북구 정릉동 778-1번지
11290,13300,0,0778,0006,,,일반건축물,제1종근린생활시설,"근린생활시설, 주택",0,0,431.1,19700630,2,1,서울특별시 성북구 정릉동 778-6번지
11290,13300,0,0778,0009,,,표제부,공동주택,다세대주택,339,158.19,607.62,20020321,5,0,서울특별시 성북구 정릉동 778-9번지
11290,13300,0,0778,0011,,,일반건축물,제1종근린생활시설,근린생활시설,0,0,486.76,19810727,3,1,서울특별시 성북구 정릉동 778-11번지
11290,13300,0,0778,0015,,,일반건축물,제1종근린생활시설,"제1종근린생활시설, 주택",0,0,289.2,19830826,3,1,서울특별시 성북구 정릉동 778-15번지
11290,13300,0,0779,0001,,,일반건축물,제1종근린생활시설,"제1종근린생활시설, 주택",0,0,468.2,19911007,4,1,서울특별시 성북구 정릉동 779-1번지
11290,13300,0,0779,0002,,,일반건축물,제2종근린생활시설,근린생활시설,577,318.84,1217.48,19770902,4,1,서울특별시 성북구 정릉동 779-2번지
11290,13300,0,0779,0003,,,일반건축물,단독주택,"주택, 점포",0,0,152.76,19760610,2,1,서울특별시 성북구 정릉동 779-3번지
11290,13300,0,0779,0004,,,일반건축물,제1종근린생활시설,"주택, 점포, 근린생활시설",0,0,210.86,19670824,2,1,서울특별시 성북구 정릉동 779-4번지
11290,13300,0,0780,0000,산장아파트,,표제부,공동주택,아파트,0,822.55,9310.1,19771229,11,1,서울특별시 성북구 정릉동 780번지
11290,13300,0,0780,0000,,,표제부,제1종근린생활시설,점포,0,0,590.81,19771229,0,1,서울특별시 성북구 정릉동 780번지
11290,13300,0,0780,0000,산장아파트,,표제부,공동주택,아파트,0,822.55,9714,19771229,11,1,서울특별시 성북구 정릉동 780번지
11290,13300,0,0781,0000,,,일반건축물,단독주택,주택,0,0,26.45,19401005,1,0,서울특별시 성북구 정릉동 781번지
11290,13300,0,0783,0000,,,일반건축물,단독주택,주택,0,0,29.75,19551108,1,0,서울특별시 성북구 정릉동 783번지
11290,13300,0,0786,0001,,,일반건축물,단독주택,주택,0,0,46.28,19460830,1,0,서울특별시 성북구 정릉동 786-1번지
11290,13300,0,0786,0001,,,일반건축물,단독주택,"주택, 변소",0,0,49.35,19670601,1,0,서울특별시 성북구 정릉동 786-1번지
11290,13300,0,0786,0002,,,일반건축물,단독주택,주택,0,0,42.98,195710,1,0,서울특별시 성북구 정릉동 786-2번지
11290,13300,0,0786,0004,,,일반건축물,제1종근린생활시설,제1종근린생활시설,0,0,183.44,19880418,3,1,서울특별시 성북구 정릉동 786-4번지
11290,13300,0,0786,0006,,,일반건축물,제2종근린생활시설,"근린생활시설, 주택",179,89.43,488.52,19940127,5,1,서울특별시 성북구 정릉동 786-6번지
11290,13300,0,0786,0009,,,일반건축물,제1종근린생활시설,"제1종근린생활시설,주택",0,0,655.47,19861210,3,1,서울특별시 성북구 정릉동 786-9번지
11290,13300,0,0786,0010,,,일반건축물,제1종근린생활시설,근린생활시설,0,0,448.92,19841020,3,1,서울특별시 성북구 정릉동 786-10번지
11290,13300,0,0786,0011,,,일반건축물,제2종근린생활시설,"제2종근린생활시설,음식점",149,81.87,210.38,20031216,3,0,서울특별시 성북구 정릉동 786-11번지
11290,13300,0,0786,0012,,,일반건축물,제1종근린생활시설,"근린생활시설, 주택",0,0,372.49,19891004,4,1,서울특별시 성북구 정릉동 786-12번지
11290,13300,0,0786,0013,,,일반건축물,단독주택,"주택, 근린생활시설",0,0,72.5,19670601,1,1,서울특별시 성북구 정릉동 786-13번지
11290,13300,0,0786,0014,,,일반건축물,제2종근린생활시설,근린생활시설,0,0,34.71,19690901,1,0,서울특별시 성북구 정릉동 786-14번지
11290,13300,0,0786,0023,,,일반건축물,제1종근린생활시설,제1종근린생활시설(점포),0,0,58.61,19590211,1,0,서울특별시 성북구 정릉동 786-23번지
11290,13300,0,0787,0000,,,일반건축물,단독주택,주택,0,0,43.7,19601020,1,0,서울특별시 성북구 정릉동 787번지
11290,13300,0,0787,0000,,,일반건축물,단독주택,주택,0,0,85.95,,1,0,서울특별시 성북구 정릉동 787번지
11290,13300,0,0788,0002,,,일반건축물,단독주택,주택,0,0,260.02,19720823,3,1,서울특별시 성북구 정릉동 788-2번지
11290,13300,0,0788,0003,,,표제부,공동주택,"다세대주택(8), 제1종근린생활시설",406,232.5,1023.48,20021111,4,1,서울특별시 성북구 정릉동 788-3번지
11290,13300,0,0788,0004,,,표제부,공동주택,공동주택(도시형생활주택),303,178.36,536.45,20210423,5,0,서울특별시 성북구 정릉동 788-4번지
11290,13300,0,0788,0007,아인 에코빌,,표제부,공동주택,연립주택및근린생활시설,446,262.32,890.57,20081212,5,0,서울특별시 성북구 정릉동 788-7번지
11290,13300,0,0788,0011,,,일반건축물,단독주택,다가구주택(12가구),304.27,175.93,650.48,19970108,3,1,서울특별시 성북구 정릉동 788-11번지
11290,13300,0,0788,0012,,,일반건축물,단독주택,주택,0,0,101.45,19710217,2,1,서울특별시 성북구 정릉동 788-12번지
11290,13300,0,0788,0014,해날하이빌,,표제부,공동주택,도시형생활주택(단지형다세대주택),274,162.75,547.44,20140422,5,0,서울특별시 성북구 정릉동 788-14번지
11290,13300,0,0788,0015,,,표제부,공동주택,연립주택,466,269.95,871.68,20021019,5,0,서울특별시 성북구 정릉동 788-15번지
11290,13300,0,0788,0017,,,일반건축물,단독주택,주택,0,0,193.12,19840130,2,1,서울특별시 성북구 정릉동 788-17번지
11290,13300,0,0788,0019,궁전타운,,표제부,공동주택,공동주택(연립주택),614.76,366.56,1700,20071228,4,1,서울특별시 성북구 정릉동 788-19번지
11290,13300,0,0788,0020,,,일반건축물,단독주택,주택,0,0,95.53,19770914,2,1,서울특별시 성북구 정릉동 788-20번지
11290,13300,0,0788,0021,,,일반건축물,단독주택,주택,0,0,97.52,19770908,2,1,서울특별시 성북구 정릉동 788-21번지
11290,13300,0,0788,0022,원길하이츠빌라,,표제부,공동주택,"공동주택,연립주택",933,451.33,2322.77,20040625,4,1,서울특별시 성북구 정릉동 788-22번지
11290,13300,0,0789,0006,,,일반건축물,단독주택,"주택, 점포, 근린생활시설",0,0,315.87,19800701,2,1,서울특별시 성북구 정릉동 789-6번지
11290,13300,0,0789,0007,,,일반건축물,단독주택,주택,0,0,195.64,19820908,2,1,서울특별시 성북구 정릉동 789-7번지
11290,13300,0,0789,0008,,,일반건축물,단독주택,"주택, 근린생활시설",0,0,246.75,19810921,2,1,서울특별시 성북구 정릉동 789-8번지
11290,13300,0,0789,0010,,,일반건축물,단독주택,주택,0,0,112.36,19781213,1,1,서울특별시 성북구 정릉동 789-10번지
11290,13300,0,0789,0012,,,일반건축물,단독주택,"주택, 점포",0,0,245.98,19791010,2,1,서울특별시 성북구 정릉동 789-12번지
11290,13300,0,0789,0014,,,일반건축물,단독주택,주택,0,0,191.2,19810829,2,1,서울특별시 성북구 정릉동 789-14번지
11290,13300,0,0789,0015,,,표제부,공동주택,공동주택(다세대주택),165,98.93,475.14,20181115,4,2,서울특별시 성북구 정릉동 789-15번지
11290,13300,0,0791,0001,반석캐슬,,표제부,공동주택,공동주택(다세대주택),322,192.62,642.58,20210915,5,0,서울특별시 성북구 정릉동 791-1번지
11290,13300,0,0791,0004,반석캐슬,,표제부,공동주택,공동주택(도시형생활주택),293,172.89,623.78,20210915,6,1,서울특별시 성북구 정릉동 791-4번지
11290,13300,0,0791,0005,반석캐슬,,표제부,공동주택,공동주택(다세대주택),301,180.31,600.62,20210915,5,0,서울특별시 성북구 정릉동 791-5번지
11290,13300,0,0792,0001,,,표제부,공동주택,"연립주택,근린생활시설",0,716.37,2880.4,19840626,3,1,서울특별시 성북구 정릉동 792-1번지
11290,13300,0,0792,0004,,,일반건축물,단독주택,단독주택,213,97,249.5,19841121,2,2,서울특별시 성북구 정릉동 792-4번지
11290,13300,0,0793,0001,스카이힐,,표제부,공동주택,다세대주택및제1종근린생활시설,229.48,132.89,593.38,20140710,5,1,서울특별시 성북구 정릉동 793-1번지
11290,13300,0,0793,0002,,,표제부,공동주택,"도시형생활주택,다세대주택",268,158.56,688.39,20130222,4,1,서울특별시 성북구 정릉동 793-2번지
11290,13300,0,0793,0006,설악빌라,,표제부,공동주택,공동주택(다세대주택),249,146.3,497.82,20120723,5,0,서울특별시 성북구 정릉동 793-6번지
11290,13300,0,0793,0015,,,표제부,공동주택,다세대주택,227,134.22,626.29,20141031,4,1,서울특별시 성북구 정릉동 793-15번지
11290,13300,0,0794,0011,정릉 예술인마을,,표제부,공동주택,도시형생활주택(단지형다세대),0,151.01,503.22,20160623,5,0,서울특별시 성북구 정릉동 794-11번지
11290,13300,0,0794,0011,정릉 예술인마을,,표제부,공동주택,도시형생활주택(단지형다세대),0,137.26,487.04,20160623,5,0,서울특별시 성북구 정릉동 794-11번지
11290,13300,0,0797,0013,,,일반건축물,단독주택,주택,0,0,40.4,19701215,1,0,서울특별시 성북구 정릉동 797-13번지
11290,13300,0,0797,0033,,,일반건축물,단독주택,주택,0,0,35.64,19730510,1,0,서울특별시 성북구 정릉동 797-33번지
11290,13300,0,0798,0000,서울정릉초등학교,,일반건축물,교육연구시설,교육연구및복지시설,0,1011.25,4644.34,20040128,4,1,서울특별시 성북구 정릉동 798번지
11290,13300,0,0798,0000,서울정릉초등학교,,일반건축물,교육연구시설,교육연구및복지시설,0,1145.12,4320.33,19961115,4,1,서울특별시 성북구 정릉동 798번지
11290,13300,0,0800,0002,위너스빌 101동 연립주택,,표제부,공동주택,공동주택(연립주택),530.68,301.51,1239.78,20160919,5,1,서울특별시 성북구 정릉동 800-2번지
11290,13300,0,0800,0006,,,일반건축물,제2종근린생활시설,사찰,0,0,52.69,19770930,1,0,서울특별시 성북구 정릉동 800-6번지
11290,13300,0,0800,0006,,,일반건축물,제2종근린생활시설,제2종근린생활시설(사찰),0,0,186.29,19810417,2,1,서울특별시 성북구 정릉동 800-6번지
11290,13300,0,0800,0014,위너스빌 102동,,표제부,공동주택,공동주택(다세대주택),271,160.77,537.74,20141118,5,0,서울특별시 성북구 정릉동 800-14번지
11290,13300,0,0800,0016,,,일반건축물,단독주택,단독주택,73,27.7,49.72,20211216,2,0,서울특별시 성북구 정릉동 800-16번지
11290,13300,0,0800,0018,,,표제부,공동주택,연립주택(18세대),0,543.6,2167.2,19901122,3,1,서울특별시 성북구 정릉동 800-18번지
11290,13300,0,0800,0019,,,표제부,공동주택,다세대주택,0,159.78,639.12,19910423,3,1,서울특별시 성북구 정릉동 800-19번지
11290,13300,0,0800,0020,현대로얄빌라,,표제부,공동주택,다세대주택,352,196.11,1035.18,20030502,4,2,서울특별시 성북구 정릉동 800-20번지
11290,13300,0,0800,0023,,,일반건축물,단독주택,주택,0,0,224.44,19840801,2,1,서울특별시 성북구 정릉동 800-23번지
11290,13300,0,0800,0024,,,표제부,공동주택,다세대주택,0,98.28,245.7,19860827,2,1,서울특별시 성북구 정릉동 800-24번지
11290,13300,0,0800,0025,,,표제부,공동주택,연립주택,484.2,155.96,631.06,19851203,3,1,서울특별시 성북구 정릉동 800-25번지
11290,13300,0,0800,0026,현대빌리지,,표제부,공동주택,제2종근린생활시설/공동주택(도시형생활주택(단지형다세대)),357,214.02,711.56,20170711,5,0,서울특별시 성북구 정릉동 800-26번지
11290,13300,0,0800,0027,,,일반건축물,단독주택,"주택, 차고",0,0,124.9,19771229,1,1,서울특별시 성북구 정릉동 800-27번지
11290,13300,0,0800,0028,,,일반건축물,단독주택,주택,0,0,112.73,19701230,1,1,서울특별시 성북구 정릉동 800-28번지
11290,13300,0,0800,0030,아루빌,,표제부,공동주택,다세대주택,354,212.13,655.9,20151120,5,0,서울특별시 성북구 정릉동 800-30번지
11290,13300,0,0800,0031,일성아크로빌,,표제부,공동주택,공동주택(다세대주택),364.68,180.73,659.07,20161123,5,0,서울특별시 성북구 정릉동 800-31번지
11290,13300,0,0800,0032,현대빌리지,,표제부,공동주택,도시형생활주택,456,112.93,534.12,20200324,5,1,서울특별시 성북구 정릉동 800-32번지
11290,13300,0,0800,0032,현대빌리지,,표제부,공동주택,도시형생활주택,456,152.7,686.74,20200324,5,1,서울특별시 성북구 정릉동 800-32번지
11290,13300,0,0800,0033,현대빌리지,,표제부,공동주택,도시형생활주택,385,210.03,646.82,20201008,5,0,서울특별시 성북구 정릉동 800-33번지
11290,13300,0,0800,0036,,,표제부,공동주택,다세대주택,0,48,144,19900829,2,1,서울특별시 성북구 정릉동 800-36번지
11290,13300,0,0800,0037,성진빌라,,표제부,공동주택,공동주택(다세대주택),337,201.93,868.48,20130830,4,1,서울특별시 성북구 정릉동 800-37번지
11290,13300,0,0800,0043,AO 힐즈,,표제부,공동주택,다세대주택,1125,140.28,457.04,20221227,6,0,서울특별시 성북구 정릉동 800-43번지
11290,13300,0,0800,0043,AO 힐즈,,표제부,공동주택,다세대주택,1125,207.6,1175.24,20221227,5,0,서울특별시 성북구 정릉동 800-43번지
11290,13300,0,0800,0043,AO 힐즈,,표제부,공동주택,다세대주택,1125,154.18,498.9,20221227,6,0,서울특별시 성북구 정릉동 800-43번지
11290,13300,0,0800,0048,태솔에버빌,,표제부,공동주택,연립주택,838,475.88,1665.2,20081229,5,0,서울특별시 성북구 정릉동 800-48번지
11290,13300,0,0800,0050,,,표제부,공동주택,연립주택,0,292.86,989.87,19891228,3,1,서울특별시 성북구 정릉동 800-50번지
11290,13300,0,0800,0058,,,표제부,공동주택,연립주택,706,232.5,932.5,19851203,3,1,서울특별시 성북구 정릉동 800-58번지
11290,13300,0,0800,0064,,,일반건축물,제1종근린생활시설,"근생, 주택",232,139.15,585.7,19930709,5,0,서울특별시 성북구 정릉동 800-64번지
11290,13300,0,0800,0075,,,일반건축물,단독주택,"다가구주택, 근린생활시설",232,115.77,597.53,19930709,5,0,서울특별시 성북구 정릉동 800-75번지
11290,13300,0,0800,0090,,서울특별시 성북구 정릉동 800블럭 90노트,표제부,공동주택,"공동주택,다세대주택",331.38,182.13,659.59,20041101,5,0,서울특별시 성북구 정릉동 800-90번지
11290,13300,0,0800,0095,동일스카이아파트,,표제부,공동주택,공동주택(아파트),916,423.2,2461.71,20101208,5,1,서울특별시 성북구 정릉동 800-95번지
11290,13300,0,0801,0000,,,일반건축물,단독주택,주택,0,0,37.19,19651223,1,0,서울특별시 성북구 정릉동 801번지
11290,13300,0,0803,0011,,,일반건축물,단독주택,다가구용단독주택<7가구>,165,77.25,299.31,19971227,3,1,서울특별시 성북구 정릉동 803-11번지
11290,13300,0,0809,0000,정릉중앙하이츠아파트 3동,,표제부,공동주택,공동주택(아파트),0,1103.62,20626.65,19990514,18,2,서울특별시 성북구 정릉동 809번지
11290,13300,0,0809,0000,정릉중앙하이츠아파트 4동,,표제부,공동주택,공동주택(연립주택),0,639.12,1789.88,19990514,3,1,서울특별시 성북구 정릉동 809번지
11290,13300,0,0809,0000,정릉중앙하이츠아파트 1동,,표제부,공동주택,공동주택(연립주택),0,291,767.4,19990514,4,0,서울특별시 성북구 정릉동 809번지
11290,13300,0,0809,0000,정릉중앙하이츠아파트 2동,,표제부,공동주택,공동주택(아파트),0,255.46,4586.02,19990514,17,2,서울특별시 성북구 정릉동 809번지
11290,13300,0,0809,0000,정릉중앙하이츠아파트 상가동,,표제부,공동주택,생활편익시설,0,154.9,795.14,19990514,4,1,서울특별시 성북구 정릉동 809번지
11290,13300,0,0810,0002,,,일반건축물,단독주택,단독주택,304.4,60.17,143.59,20150605,2,1,서울특별시 성북구 정릉동 810-2번지
11290,13300,0,0810,0003,,,일반건축물,단독주택,주택,0,0,78.78,19671220,1,0,서울특별시 성북구 정릉동 810-3번지
11290,13300,0,0810,0004,,,일반건축물,단독주택,"단독주택,주차장",0,0,15.12,20050104,0,1,서울특별시 성북구 정릉동 810-4번지
11290,13300,0,0810,0004,,,일반건축물,단독주택,주택,193.8,99.67,111.77,19680830,2,0,서울특별시 성북구 정릉동 810-4번지
11290,13300,0,0810,0005,,,일반건축물,단독주택,단독주택(다가구주택),261.9,105.63,197.74,20060216,2,0,서울특별시 성북구 정릉동 810-5번지
11290,13300,0,0810,0006,,,일반건축물,단독주택,주택,0,0,76.93,19691110,1,1,서울특별시 성북구 정릉동 810-6번지
11290,13300,0,0810,0007,,,일반건축물,제2종근린생활시설,"제2종근린생활시설,주택",0,0,65.88,19710901,1,0,서울특별시 성북구 정릉동 810-7번지
11290,13300,0,0810,0010,,,일반건축물,단독주택,주택,0,0,87.93,19850630,1,0,서울특별시 성북구 정릉동 810-10번지
11290,13300,0,0814,0003,,,표제부,공동주택,연립주택,736,419.88,2031.18,19981114,4,1,서울특별시 성북구 정릉동 814-3번지
11290,13300,0,0814,0007,,,표제부,공동주택,연립주택(12세대),398,238.75,1086.05,19970528,4,1,서울특별시 성북구 정릉동 814-7번지
11290,13300,0,0814,0009,,,표제부,공동주택,연립주택(16세대),446,263.06,1303.26,19970813,4,1,서울특별시 성북구 정릉동 814-9번지
11290,13300,0,0815,0001,풍산아파트,,표제부,공동주택,공동주택(아파트),1002,452.78,1999.15,20080509,5,1,서울특별시 성북구 정릉동 815-1번지
11290,13300,0,0815,0004,,,표제부,공동주택,다세대주택,0,182.7,827.28,20110812,4,1,서울특별시 성북구 정릉동 815-4번지
11290,13300,0,0815,0004,,,표제부,공동주택,다세대주택,0,182.7,827.28,20110812,4,1,서울특별시 성북구 정릉동 815-4번지
11290,13300,0,0815,0006,,,표제부,공동주택,연립주택,0,434.38,1716.56,19901015,3,1,서울특별시 성북구 정릉동 815-6번지
11290,13300,0,0815,0009,정릉동그린빌라,,표제부,공동주택,공동주택(18세대),993.04,433,1999.79,19970325,4,1,서울특별시 성북구 정릉동 815-9번지
11290,13300,0,0815,0013,,,표제부,공동주택,다세대주택,0,152.16,656.03,19920115,4,1,서울특별시 성북구 정릉동 815-13번지
11290,13300,0,0815,0016,비동,,표제부,공동주택,연립주택,0,206.48,975.16,19930130,4,1,서울특별시 성북구 정릉동 815-16번지
11290,13300,0,0815,0016,에이동,,표제부,공동주택,연립주택,0,205.22,998.99,19930130,4,1,서울특별시 성북구 정릉동 815-16번지
11290,13300,0,0815,0026,,,표제부,공동주택,다세대주택(10세대),466,161.33,658.41,19930911,4,1,서울특별시 성북구 정릉동 815-26번지
11290,13300,0,0815,0028,,,표제부,공동주택,다세대주택(7세대),129.83,77.09,372.44,19931230,4,1,서울특별시 성북구 정릉동 815-28번지
11290,13300,0,0816,0002,광진빌라,,표제부,공동주택,연립주택,923.9,475.59,1996.42,19941006,4,1,서울특별시 성북구 정릉동 816-2번지
11290,13300,0,0816,0009,,,표제부,공동주택,공동주택(연립주택),1094,425.76,1537.02,20100901,5,0,서울특별시 성북구 정릉동 816-9번지
11290,13300,0,0817,0000,,,일반건축물,단독주택,주택,0,0,29.79,19610311,1,0,서울특별시 성북구 정릉동 817번지
11290,13300,0,0817,0001,,,일반건축물,단독주택,단독주택,0,0,149.02,19920925,2,1,서울특별시 성북구 정릉동 817-1번지
11290,13300,0,0817,0002,,,표제부,공동주택,연립주택,0,175.43,701.68,19900618,3,1,서울특별시 성북구 정릉동 817-2번지
11290,13300,0,0817,0003,정릉동 연립주택,,표제부,공동주택,연립주택,558.32,299.02,1298.71,19980929,4,1,서울특별시 성북구 정릉동 817-3번지
11290,13300,0,0817,0007,,,표제부,공동주택,다세대주택(3세대),0,73.98,221.94,19920129,2,1,서울특별시 성북구 정릉동 817-7번지
11290,13300,0,0817,0009,,,표제부,공동주택,다세대주택(9세대),0,127.5,595.47,19921111,4,1,서울특별시 성북구 정릉동 817-9번지
11290,13300,0,0817,0009,,,일반건축물,단독주택,주택,0,0,132.23,19600306,2,0,서울특별시 성북구 정릉동 817-9번지
11290,13300,0,0817,0013,,,일반건축물,단독주택,단독주택,99,59.8,81.55,19600306,2,0,서울특별시 성북구 정릉동 817-13번지
11290,13300,0,0817,0014,,199,표제부,공동주택,다세대주택,0,83.16,249.48,19910309,2,1,서울특별시 성북구 정릉동 817-14번지
11290,13300,0,0817,0022,,,표제부,공동주택,다세대주택(9세대),0,187.31,839.47,19921001,4,1,서울특별시 성북구 정릉동 817-22번지
11290,13300,0,0817,0024,,,표제부,공동주택,다세대주택(3세대),0,73.35,220.05,19920129,2,1,서울특별시 성북구 정릉동 817-24번지
11290,13300,0,0817,0026,,,일반건축물,단독주택,"주택, 차고",0,0,44.24,19780225,1,1,서울특별시 성북구 정릉동 817-26번지
11290,13300,0,0817,0026,,1978,표제부,공동주택,다세대주택(10세대),0,106.04,529.8,19920901,4,1,서울특별시 성북구 정릉동 817-26번지
11290,13300,0,0818,0000,,,일반건축물,공동주택,"기숙사,사무실",0,0,822.71,19790713,3,1,서울특별시 성북구 정릉동 818번지
11290,13300,0,0819,0000,,,일반건축물,동물및식물관련시설,동물및식물관련시설(목장),0,0,201.65,19471101,1,0,서울특별시 성북구 정릉동 819번지
11290,13300,0,0819,0001,,,일반건축물,단독주택,주택,0,0,72.73,19571112,1,0,서울특별시 성북구 정릉동 819-1번지
11290,13300,0,0819,0003,대진여객,,일반건축물,자동차관련시설,"자동차관련시설,자동차정류장",1550,84,168,20041209,2,0,서울특별시 성북구 정릉동 819-3번지
11290,13300,0,0819,0003,,,일반건축물,제2종근린생활시설,"사무실, 근린생활시설",0,0,238.19,19781211,1,1,서울특별시 성북구 정릉동 819-3번지
11290,13300,0,0819,0009,,,일반건축물,단독주택,"주택, 점포",0,0,94.88,19770711,2,1,서울특별시 성북구 정릉동 819-9번지
11290,13300,0,0819,0010,,,표제부,공동주택,연립주택,931,273.86,1087.04,19850219,3,1,서울특별시 성북구 정릉동 819-10번지
11290,13300,0,0819,0011,,,일반건축물,제2종근린생활시설,제2종근린생활시설,0,0,801.12,19850109,4,1,서울특별시 성북구 정릉동 819-11번지
11290,13300,0,0820,0001,,,일반건축물,단독주택,다중주택,140,75.21,202.49,19881011,3,1,서울특별시 성북구 정릉동 820-1번지
11290,13300,0,0820,0004,,,일반건축물,제2종근린생활시설,제2종근린생활시설,0,0,1089.31,19840927,4,1,서울특별시 성북구 정릉동 820-4번지
11290,13300,0,0820,0007,,,일반건축물,제1종근린생활시설,제1종근린생활시설,0,0,392.3,19720414,3,1,서울특별시 성북구 정릉동 820-7번지
11290,13300,0,0820,0008,,,일반건축물,제2종근린생활시설,근린생활시설,0,0,29.79,19610311,1,0,서울특별시 성북구 정릉동 820-8번지
11290,13300,0,0820,0012,,,표제부,공동주택,다세대주택(16세대),0,263.74,1285.93,19921022,4,1,서울특별시 성북구 정릉동 820-12번지
11290,13300,0,0820,0014,,,일반건축물,단독주택,주택,0,0,264.17,19821221,2,1,서울특별시 성북구 정릉동 820-14번지
11290,13300,0,0820,0018,,,일반건축물,업무시설,제2종근린생활시설,0,0,1661.05,19680421,3,1,서울특별시 성북구 정릉동 820-18번지
11290,13300,0,0820,0026,,,일반건축물,제1종근린생활시설,"근린생활시설,점포",0,0,125.06,19660425,1,0,서울특별시 성북구 정릉동 820-26번지
11290,13300,0,0820,0026,,,표제부,제2종근린생활시설,영업,0,56.46,56.46,19661001,1,0,서울특별시 성북구 정릉동 820-26번지
11290,13300,0,0820,0029,,,표제부,제1종근린생활시설,영업,0,56.46,56.46,19661001,1,0,서울특별시 성북구 정릉동 820-29번지
11290,13300,0,0820,0030,대진여객CNG충전소,,일반건축물,위험물저장및처리시설,위험물저장및처리시설(CNG충전소),0,8,8,20070430,1,0,서울특별시 성북구 정릉동 820-30번지
11290,13300,0,0820,0030,대진여객CNG충전소,,일반건축물,위험물저장및처리시설,위험물저장및처리시설(사무실),0,50.03,45.36,20070430,1,0,서울특별시 성북구 정릉동 820-30번지
11290,13300,0,0820,0045,,,표제부,공동주택,연립주택,0,542.4,2169.6,19850302,3,1,서울특별시 성북구 정릉동 820-45번지
11290,13300,0,0820,0047,,,일반건축물,제2종근린생활시설,판매및영업시설(학원),0,0,50.35,19551010,1,0,서울특별시 성북구 정릉동 820-47번지
11290,13300,0,0820,0050,,,일반건축물,단독주택,"주택, 점포",0,0,15.6,19720316,1,0,서울특별시 성북구 정릉동 820-50번지
11290,13300,0,0822,0001,대원아파트,,표제부,공동주택,공동주택(아파트),883.3,407.87,1995.82,20060427,5,1,서울특별시 성북구 정릉동 822-1번지
11290,13300,0,0822,0002,,,표제부,공동주택,다세대주택,304,147.84,659.72,19930605,4,1,서울특별시 성북구 정릉동 822-2번지
11290,13300,0,0822,0003,,,표제부,공동주택,다세대 주택(9세대),245,134.16,563.81,19970627,4,1,서울특별시 성북구 정릉동 822-3번지
11290,13300,0,0822,0004,,,표제부,공동주택,다세대주택(12세대),294,160.92,659.72,19970110,4,1,서울특별시 성북구 정릉동 822-4번지
11290,13300,0,0822,0005,정릉연립주택,,표제부,공동주택,연립주택,360,171.87,822.54,19980820,4,1,서울특별시 성북구 정릉동 822-5번지
11290,13300,0,0822,0006,,,일반건축물,단독주택,주택,0,0,151.27,19820622,2,1,서울특별시 성북구 정릉동 822-6번지
11290,13300,0,0822,0007,,,일반건축물,단독주택,다가구주택(3가구),122,72.21,209.17,20141028,4,0,서울특별시 성북구 정릉동 822-7번지
11290,13300,0,0822,0008,,,표제부,공동주택,다세대주택(8세대),0,158.23,652.3,19920206,3,1,서울특별시 성북구 정릉동 822-8번지
11290,13300,0,0822,0010,,,표제부,공동주택,공동주택(다세대주택),210.03,125.69,496.29,20130617,4,1,서울특별시 성북구 정릉동 822-10번지
11290,13300,0,0822,0011,,,일반건축물,단독주택,다가구용 단독주택,249.24,143.97,392.77,19960330,3,0,서울특별시 성북구 정릉동 822-11번지
11290,13300,0,0822,0012,,,일반건축물,단독주택,주택,0,0,74.38,19600720,1,0,서울특별시 성북구 정릉동 822-12번지
11290,13300,0,0822,0014,,,일반건축물,단독주택,다가구용 단독주택 (8가구),252.63,144.88,537.36,19960418,3,1,서울특별시 성북구 정릉동 822-14번지
11290,13300,0,0822,0015,,,표제부,공동주택,다세대주택,231,132.48,524.19,19971213,3,1,서울특별시 성북구 정릉동 822-15번지
11290,13300,0,0822,0016,세진파크빌,,표제부,공동주택,다세대주택,224.37,134.4,658.98,20030529,4,1,서울특별시 성북구 정릉동 822-16번지
11290,13300,0,0822,0017,,,표제부,공동주택,다세대 주택,231,133.47,638.59,20030317,4,1,서울특별시 성북구 정릉동 822-17번지
11290,13300,0,0822,0018,,,표제부,공동주택,공동주택(다세대주택),278,164.25,695.36,20190712,4,1,서울특별시 성북구 정릉동 822-18번지
11290,13300,0,0822,0019,일성아크로빌,,표제부,공동주택,다세대주택,301,179.82,601.86,20090602,5,0,서울특별시 성북구 정릉동 822-19번지
11290,13300,0,0822,0020,드림캐슬아파트,,표제부,공동주택,공동주택,372.4,199.52,636.27,20070327,5,0,서울특별시 성북구 정릉동 822-20번지
11290,13300,0,0822,0021,일성아크로빌,,표제부,공동주택,다세대주택,271,156.9,690.43,20140627,4,1,서울특별시 성북구 정릉동 822-21번지
11290,13300,0,0822,0022,썬하우징,,표제부,공동주택,다세대주택,206.6,122,378.51,20081007,4,0,서울특별시 성북구 정릉동 822-22번지
11290,13300,0,0822,0023,,,일반건축물,단독주택,단독주택,0,0,249.48,19900921,2,1,서울특별시 성북구 정릉동 822-23번지
11290,13300,0,0822,0024,,,표제부,공동주택,공동주택(다세대주택),330,194.54,657.14,20110106,5,0,서울특별시 성북구 정릉동 822-24번지
11290,13300,0,0822,0025,정릉동다세대주택,,표제부,공동주택,다세대주택,263.38,143.87,568.6,19931231,3,1,서울특별시 성북구 정릉동 822-25번지
11290,13300,0,0822,0026,,,표제부,공동주택,다세대주택,192,93.28,489.75,19950501,4,1,서울특별시 성북구 정릉동 822-26번지
11290,13300,0,0822,0028,,,일반건축물,단독주택,다가구주택,94,48.61,179.66,20090414,4,0,서울특별시 성북구 정릉동 822-28번지
11290,13300,0,0822,0041,,,일반건축물,단독주택,주택,0,0,44.07,19611101,1,0,서울특별시 성북구 정릉동 822-41번지
11290,13300,0,0822,0053,,,일반건축물,제2종근린생활시설,근린생활시설,0,0,87.8,19690930,2,0,서울특별시 성북구 정릉동 822-53번지
11290,13300,0,0822,0062,,,일반건축물,단독주택,단독주택,0,0,247.23,19900921,2,1,서울특별시 성북구 정릉동 822-62번지
11290,13300,0,0822,0065,,,일반건축물,단독주택,"주택, 근린생활시설",0,0,59.26,19830608,2,0,서울특별시 성북구 정릉동 822-65번지
11290,13300,0,0822,0067,포레스트 가동,,표제부,공동주택,도시형생활주택(단지형다세대),0,186.06,637.69,20140811,5,0,서울특별시 성북구 정릉동 822-67번지
11290,13300,0,0822,0067,포레스트 나동,,표제부,공동주택,도시형생활주택(단지형다세대),0,218.19,659.48,20140811,5,0,서울특별시 성북구 정릉동 822-67번지
11290,13300,0,0822,0068,리첸시아,,표제부,공동주택,공동주택(다세대주택),337,201.53,647.09,20141120,5,0,서울특별시 성북구 정릉동 822-68번지
11290,13300,0,0822,0069,슈페리움,,표제부,공동주택,공동주택(다세대주택),329,197.09,656.77,20141120,5,0,서울특별시 성북구 정릉동 822-69번지
11290,13300,0,0822,0070,파빌리온,,표제부,공동주택,공동주택(다세대주택),329,196.29,657.82,20141120,5,0,서울특별시 성북구 정릉동 822-70번지
11290,13300,0,0822,0071,,,표제부,공동주택,다세대주택,324.3,190.65,848.83,20141020,4,1,서울특별시 성북구 정릉동 822-71번지
11290,13300,0,0824,0000,신진빌라,,표제부,공동주택,연립주택,1112,527.94,2181.26,19950111,4,1,서울특별시 성북구 정릉동 824번지
11290,13300,0,0824,0001,,,일반건축물,문화및집회시설,문화및집회시설(종교시설),945,409.47,1994.1,20001108,4,1,서울특별시 성북구 정릉동 824-1번지
11290,13300,0,0824,0012,,,일반건축물,단독주택,주택,119,0,73.12,19850630,1,0,서울특별시 성북구 정릉동 824-12번지
11290,13300,0,0824,0013,,,일반건축물,단독주택,주택,145,0,124.13,19850630,2,0,서울특별시 성북구 정릉동 824-13번지
11290,13300,0,0824,0013,,,일반건축물,단독주택,주택,0,0,23.07,19611120,1,0,서울특별시 성북구 정릉동 824-13번지
11290,13300,0,0824,0015,,,일반건축물,단독주택,주택,0,0,31.24,19681201,1,0,서울특별시 성북구 정릉동 824-15번지
11290,13300,0,0824,0016,,,일반건축물,제2종근린생활시설,제2종근린생활시설(사찰),654.72,0,355.52,19831006,2,1,서울특별시 성북구 정릉동 824-16번지
11290,13300,0,0824,0017,,,일반건축물,제2종근린생활시설,사무실,0,0,369.91,19690329,2,0,서울특별시 성북구 정릉동 824-17번지
11290,13300,0,0824,0021,,,일반건축물,단독주택,주택,0,0,58.48,19720906,1,0,서울특별시 성북구 정릉동 824-21번지
11290,13300,0,0824,0026,,,표제부,공동주택,다세대주택(8세대),215.93,119.77,447.81,19950228,3,1,서울특별시 성북구 정릉동 824-26번지
11290,13300,0,0824,0027,,,표제부,공동주택,다세대주택,0,159.24,636.96,19911021,3,1,서울특별시 성북구 정릉동 824-27번지
11290,13300,0,0824,0041,대한불교조계종삼정사,,일반건축물,종교시설,종교시설,1641,205.16,489.75,20150202,2,1,서울특별시 성북구 정릉동 824-41번지
11290,13300,0,0826,0000,,,일반건축물,단독주택,주택,0,0,39.67,19560801,1,0,서울특별시 성북구 정릉동 826번지
11290,13300,0,0829,0000,북한산국립공원생태문화센타,,일반건축물,문화및집회시설,문화및집회시설,3137,199.81,276.86,19650422,2,0,서울특별시 성북구 정릉동 829번지
11290,13300,0,0829,0000,북한산국립공원 탐방안내소,,일반건축물,수련시설,"문화및집회시설(회의장),수련시설(청소년수련원)",3137,447.64,1092.06,20091207,3,0,서울특별시 성북구 정릉동 829번지
11290,13300,0,0830,0003,,,일반건축물,단독주택,"주택, 주방",0,0,103.86,19550315,1,0,서울특별시 성북구 정릉동 830-3번지
11290,13300,0,0830,0004,,,일반건축물,단독주택,주택,0,0,36.36,19430430,1,0,서울특별시 성북구 정릉동 830-4번지
11290,13300,0,0830,0005,,,표제부,공동주택,다세대주택,0,180.56,659.8,19910716,3,1,서울특별시 성북구 정릉동 830-5번지
11290,13300,0,0830,0009,,,표제부,공동주택,다세대주택,0,131.34,655.5,19910722,4,1,서울특별시 성북구 정릉동 830-9번지
11290,13300,0,0830,0010,,,표제부,공동주택,다세대주택,0,158.46,595.74,19911115,3,1,서울특별시 성북구 정릉동 830-10번지
11290,13300,0,0830,0015,,,표제부,공동주택,다세대주택,0,112.32,448.08,19910910,3,1,서울특별시 성북구 정릉동 830-15번지
11290,13300,0,0830,0016,,,표제부,공동주택,다세대주택,0,112.32,448.08,19910926,3,1,서울특별시 성북구 정릉동 830-16번지
11290,13300,0,0830,0017,,,표제부,공동주택,다세대주택,0,112.32,448.08,19911002,3,1,서울특별시 성북구 정릉동 830-17번지
11290,13300,0,0832,0001,,,일반건축물,단독주택,다가구 주택 (2가구),332.17,130.62,355.26,19950209,2,1,서울특별시 성북구 정릉동 832-1번지
11290,13300,0,0832,0002,,,일반건축물,단독주택,주택,0,0,83.64,19600509,1,0,서울특별시 성북구 정릉동 832-2번지
11290,13300,0,0833,0007,,,일반건축물,단독주택,주택,0,0,15.9,19850630,1,0,서울특별시 성북구 정릉동 833-7번지
11290,13300,0,0833,0008,,,일반건축물,단독주택,주택,243.6,0,73.1,19850630,1,0,서울특별시 성북구 정릉동 833-8번지
11290,13300,0,0833,0009,,,일반건축물,단독주택,다가구용단독주택 (3가구),194.37,86.42,131.91,19941013,2,0,서울특별시 성북구 정릉동 833-9번지
11290,13300,0,0833,0010,,,일반건축물,단독주택,주택,81.9,0,37.08,19850630,1,0,서울특별시 성북구 정릉동 833-10번지
11290,13300,0,0833,0011,,,일반건축물,단독주택,주택,176,0,82.47,19850630,1,0,서울특별시 성북구 정릉동 833-11번지
11290,13300,0,0833,0012,,,일반건축물,단독주택,주택,0,0,40.8,19850630,1,0,서울특별시 성북구 정릉동 833-12번지
11290,13300,0,0833,0013,,,일반건축물,단독주택,주택,126.16,0,44.78,19850630,1,0,서울특별시 성북구 정릉동 833-13번지
11290,13300,0,0833,0014,,,일반건축물,단독주택,주택,51.04,0,20.06,19850630,1,0,서울특별시 성북구 정릉동 833-14번지
11290,13300,0,0833,0016,,,일반건축물,단독주택,주택,177.32,0,68.84,19850630,1,0,서울특별시 성북구 정릉동 833-16번지
11290,13300,0,0833,0017,,,일반건축물,단독주택,주택,0,0,60.52,19850630,1,0,서울특별시 성북구 정릉동 833-17번지
11290,13300,0,0833,0018,,,일반건축물,단독주택,주택,124,0,55.15,19850630,1,0,서울특별시 성북구 정릉동 833-18번지
11290,13300,0,0833,0019,,,일반건축물,단독주택,주택,0,0,30.6,19850630,1,0,서울특별시 성북구 정릉동 833-19번지
11290,13300,0,0833,0041,,,일반건축물,종교시설,종교시설,133,69.27,155.57,19960628,1,1,서울특별시 성북구 정릉동 833-41번지
11290,13300,0,0834,0002,,,일반건축물,단독주택,주택,0,0,145.53,19850630,1,0,서울특별시 성북구 정릉동 834-2번지
11290,13300,0,0834,0003,,,일반건축물,단독주택,주택,0,0,84.18,19611001,1,0,서울특별시 성북구 정릉동 834-3번지
11290,13300,0,0835,0002,,,일반건축물,단독주택,단독주택,200,99.3,131.94,19930525,1,1,서울특별시 성북구 정릉동 835-2번지
11290,13300,0,0835,0003,,,일반건축물,단독주택,주택,0,0,65.06,19850630,1,0,서울특별시 성북구 정릉동 835-3번지
11290,13300,0,0835,0004,,,일반건축물,단독주택,"주택, 근린생활시설, 창고",87.86,0,45.62,19850630,1,0,서울특별시 성북구 정릉동 835-4번지
11290,13300,0,0835,0005,,,일반건축물,단독주택,주택,156,81.91,81.91,19961012,1,0,서울특별시 성북구 정릉동 835-5번지
11290,13300,0,0835,0006,,,일반건축물,제2종근린생활시설,제2종근린생활시설(종교집회장),262,156.95,298.53,19960117,2,1,서울특별시 성북구 정릉동 835-6번지
11290,13300,0,0835,0007,,,일반건축물,단독주택,주택,260,0,98.51,19850630,1,0,서울특별시 성북구 정릉동 835-7번지
11290,13300,0,0835,0008,,,일반건축물,단독주택,주택,140,0,50.22,19850630,1,0,서울특별시 성북구 정릉동 835-8번지
11290,13300,0,0835,0009,,,일반건축물,단독주택,주택,0,0,62.47,19850630,1,0,서울특별시 성북구 정릉동 835-9번지
11290,13300,0,0835,0010,,,일반건축물,단독주택,주택,75,0,33.75,19850630,1,0,서울특별시 성북구 정릉동 835-10번지
11290,13300,0,0835,0011,,,일반건축물,단독주택,주택,84,0,22.72,19850630,1,0,서울특별시 성북구 정릉동 835-11번지
11290,13300,0,0835,0012,,,일반건축물,단독주택,주택,80,0,36.17,19850630,1,0,서울특별시 성북구 정릉동 835-12번지
11290,13300,0,0835,0013,,,일반건축물,단독주택,주택,65.32,0,24.98,19850630,1,0,서울특별시 성북구 정릉동 835-13번지
11290,13300,0,0835,0014,,,일반건축물,단독주택,주택,0,0,58.74,19850630,1,0,서울특별시 성북구 정릉동 835-14번지
11290,13300,0,0835,0016,,,일반건축물,단독주택,주택,81,0,56.26,19850630,1,0,서울특별시 성북구 정릉동 835-16번지
11290,13300,0,0835,0017,,,일반건축물,단독주택,주택,75,0,45.62,19850630,1,0,서울특별시 성북구 정릉동 835-17번지
11290,13300,0,0835,0018,,,일반건축물,단독주택,단독주택,198.08,0,284.9,19941213,2,1,서울특별시 성북구 정릉동 835-18번지
11290,13300,0,0835,0019,,,일반건축물,단독주택,주택,82,0,37.01,19850630,1,0,서울특별시 성북구 정릉동 835-19번지
11290,13300,0,0835,0020,,,일반건축물,단독주택,주택,69.3,0,31.5,19850630,1,0,서울특별시 성북구 정릉동 835-20번지
11290,13300,0,0835,0021,,,일반건축물,단독주택,주택,127,0,48.88,19850630,1,0,서울특별시 성북구 정릉동 835-21번지
11290,13300,0,0835,0022,,,일반건축물,단독주택,"단독주택, 근린생활시설",174.52,102.74,133.33,19850630,1,1,서울특별시 성북구 정릉동 835-22번지
11290,13300,0,0835,0023,,,일반건축물,단독주택,주택,132.25,0,59.11,19850630,1,0,서울특별시 성북구 정릉동 835-23번지
11290,13300,0,0835,0025,,,일반건축물,단독주택,주택,0,0,54.62,19850630,1,0,서울특별시 성북구 정릉동 835-25번지
11290,13300,0,0835,0032,,,일반건축물,단독주택,주택,0,0,23.8,19970902,1,0,서울특별시 성북구 정릉동 835-32번지
11290,13300,0,0838,0001,,,일반건축물,단독주택,주택,450,0,37.84,19850630,1,0,서울특별시 성북구 정릉동 838-1번지
11290,13300,0,0839,0001,,,일반건축물,단독주택,주택,0,0,92.58,19850630,1,0,서울특별시 성북구 정릉동 839-1번지
11290,13300,0,0839,0002,,,일반건축물,단독주택,주택,0,0,73.32,19850630,1,0,서울특별시 성북구 정릉동 839-2번지
11290,13300,0,0839,0003,,,일반건축물,단독주택,주택,194.35,56.7,56.7,19850630,1,0,서울특별시 성북구 정릉동 839-3번지
11290,13300,0,0839,0004,,,일반건축물,단독주택,단독주택(1가구),200,103.48,99.18,19970605,1,0,서울특별시 성북구 정릉동 839-4번지
11290,13300,0,0839,0005,,,일반건축물,단독주택,주택,0,0,54.59,19850630,1,0,서울특별시 성북구 정릉동 839-5번지
11290,13300,0,0839,0006,,,일반건축물,단독주택,주택,0,0,46.58,19850630,1,0,서울특별시 성북구 정릉동 839-6번지
11290,13300,0,0839,0007,,,일반건축물,단독주택,주택,43,0,17.64,19850630,1,0,서울특별시 성북구 정릉동 839-7번지
11290,13300,0,0839,0008,,,일반건축물,단독주택,주택,127.2,0,58.32,19850630,1,0,서울특별시 성북구 정릉동 839-8번지
11290,13300,0,0839,0009,,,일반건축물,단독주택,주택,136.08,0,49.14,19850630,1,0,서울특별시 성북구 정릉동 839-9번지
11290,13300,0,0839,0010,,,일반건축물,단독주택,주택,0,0,39.44,19850630,1,0,서울특별시 성북구 정릉동 839-10번지
11290,13300,0,0839,0011,,,일반건축물,단독주택,주택,0,0,58.04,19850630,1,0,서울특별시 성북구 정릉동 839-11번지
11290,13300,0,0839,0012,,,일반건축물,단독주택,주택,144.69,0,80.3,19850630,1,0,서울특별시 성북구 정릉동 839-12번지
11290,13300,0,0839,0013,,,일반건축물,단독주택,"주택, 변소",0,0,83.88,19850630,1,0,서울특별시 성북구 정릉동 839-13번지
11290,13300,0,0839,0014,,,일반건축물,단독주택,"주택, 변소",119.7,0,58.2,19850630,1,0,서울특별시 성북구 정릉동 839-14번지
11290,13300,0,0839,0015,,,일반건축물,단독주택,"주택, 변소",0,0,37.56,19850630,1,0,서울특별시 성북구 정릉동 839-15번지
11290,13300,0,0839,0016,,,일반건축물,단독주택,단독주택<1가구>,200,87.4,87.4,19970823,1,0,서울특별시 성북구 정릉동 839-16번지
11290,13300,0,0839,0017,,,일반건축물,단독주택,주택,0,0,28.52,19850630,1,0,서울특별시 성북구 정릉동 839-17번지
11290,13300,0,0839,0018,,,일반건축물,단독주택,주택,128.74,0,62.2,19850630,1,0,서울특별시 성북구 정릉동 839-18번지
11290,13300,0,0839,0019,,,일반건축물,단독주택,주택,83,0,62.94,19850630,1,0,서울특별시 성북구 정릉동 839-19번지
11290,13300,0,0839,0020,,,일반건축물,단독주택,주택,51,0,39.78,19850630,1,0,서울특별시 성북구 정릉동 839-20번지
11290,13300,0,0839,0022,,,일반건축물,단독주택,주택,78.2,0,58.37,19850630,1,0,서울특별시 성북구 정릉동 839-22번지
11290,13300,0,0839,0023,,,일반건축물,단독주택,"주택, 근린생활시설",100.9,0,67.78,19850630,1,0,서울특별시 성북구 정릉동 839-23번지
11290,13300,0,0839,0024,,,일반건축물,단독주택,주택,103.2,0,68.38,19850630,1,0,서울특별시 성북구 정릉동 839-24번지
11290,13300,0,0839,0025,,,일반건축물,단독주택,주택,0,0,35.94,19850630,1,0,서울특별시 성북구 정릉동 839-25번지
11290,13300,0,0839,0026,,,일반건축물,단독주택,주택,120,0,44.58,19850630,1,0,서울특별시 성북구 정릉동 839-26번지
11290,13300,0,0839,0027,,,일반건축물,단독주택,주택,120,0,25.38,19850630,1,0,서울특별시 성북구 정릉동 839-27번지
11290,13300,0,0839,0028,정릉단독주택,,일반건축물,단독주택,단독주택,132.31,51.86,51.86,20070612,1,0,서울특별시 성북구 정릉동 839-28번지
11290,13300,0,0839,0029,,,일반건축물,단독주택,주택,0,0,25.3,19850630,1,0,서울특별시 성북구 정릉동 839-29번지
11290,13300,0,0839,0030,,,일반건축물,단독주택,주택,0,0,45.54,19850630,1,0,서울특별시 성북구 정릉동 839-30번지
11290,13300,0,0839,0031,,,일반건축물,단독주택,주택,102.5,0,43.71,19850630,1,0,서울특별시 성북구 정릉동 839-31번지
11290,13300,0,0839,0032,,,일반건축물,단독주택,주택,0,0,51.45,19850630,1,0,서울특별시 성북구 정릉동 839-32번지
11290,13300,0,0839,0033,,,일반건축물,단독주택,주택,0,0,21,19850630,1,0,서울특별시 성북구 정릉동 839-33번지
11290,13300,0,0839,0034,,,일반건축물,단독주택,주택,194.08,97.07,97.07,19850630,1,0,서울특별시 성북구 정릉동 839-34번지
11290,13300,0,0839,0035,,,일반건축물,단독주택,주택,77.98,0,33.11,19850630,1,0,서울특별시 성북구 정릉동 839-35번지
11290,13300,0,0839,0036,,,일반건축물,단독주택,주택,0,0,28.45,19850630,1,0,서울특별시 성북구 정릉동 839-36번지
11290,13300,0,0839,0037,,,일반건축물,단독주택,주택,54.02,0,28.38,19850630,1,0,서울특별시 성북구 정릉동 839-37번지
11290,13300,0,0839,0038,,,일반건축물,단독주택,주택,0,0,57.89,19850630,1,0,서울특별시 성북구 정릉동 839-38번지
11290,13300,0,0839,0039,,,일반건축물,단독주택,주택,0,0,73,19850630,1,0,서울특별시 성북구 정릉동 839-39번지
11290,13300,0,0839,0040,,,일반건축물,단독주택,"주택, 변소",0,0,31.56,19850630,1,0,서울특별시 성북구 정릉동 839-40번지
11290,13300,0,0839,0041,,,일반건축물,단독주택,주택,0,0,52.36,19850630,1,0,서울특별시 성북구 정릉동 839-41번지
11290,13300,0,0840,0001,,,일반건축물,단독주택,주택,380.5,0,133.44,19850630,1,0,서울특별시 성북구 정릉동 840-1번지
11290,13300,0,0840,0002,,,일반건축물,단독주택,주택,0,0,25.48,19850630,1,0,서울특별시 성북구 정릉동 840-2번지
11290,13300,0,0840,0003,,,일반건축물,단독주택,주택,0,0,41.2,19850630,1,0,서울특별시 성북구 정릉동 840-3번지
11290,13300,0,0840,0004,,,일반건축물,단독주택,주택,50.69,0,50.69,19850630,1,0,서울특별시 성북구 정릉동 840-4번지
11290,13300,0,0840,0005,,,일반건축물,단독주택,주택,95.04,0,95.04,19850630,1,0,서울특별시 성북구 정릉동 840-5번지
11290,13300,0,0840,0006,,,일반건축물,단독주택,다가구용 단독주택 (2가구),188,103.23,103.23,19850630,1,0,서울특별시 성북구 정릉동 840-6번지
11290,13300,0,0840,0008,,,일반건축물,단독주택,주택,81.48,0,22.44,19850630,1,0,서울특별시 성북구 정릉동 840-8번지
11290,13300,0,0840,0010,,,일반건축물,단독주택,"주택, 단독주택",98,0,187.2,19850630,1,1,서울특별시 성북구 정릉동 840-10번지
11290,13300,0,0840,0012,,,일반건축물,단독주택,다가구주택(2가구),228,110.07,119.37,19850630,2,0,서울특별시 성북구 정릉동 840-12번지
11290,13300,0,0840,0013,,,일반건축물,단독주택,주택,120,0,53.46,19850630,1,0,서울특별시 성북구 정릉동 840-13번지
11290,13300,0,0840,0014,,,일반건축물,단독주택,"주택, 근린생활시설",186.5,0,73.5,19850630,1,0,서울특별시 성북구 정릉동 840-14번지
11290,13300,0,0840,0016,,,일반건축물,단독주택,주택,174.08,0,79.61,19850630,1,0,서울특별시 성북구 정릉동 840-16번지
11290,13300,0,0840,0018,,,일반건축물,단독주택,주택,167.31,0,65.92,19850630,1,0,서울특별시 성북구 정릉동 840-18번지
11290,13300,0,0840,0019,,,일반건축물,단독주택,주택,0,0,48.23,19850630,1,0,서울특별시 성북구 정릉동 840-19번지
11290,13300,0,0840,0020,,,일반건축물,단독주택,주택,70,0,31.8,19850630,1,0,서울특별시 성북구 정릉동 840-20번지
11290,13300,0,0840,0021,,,일반건축물,단독주택,주택,0,0,91.13,19850630,1,0,서울특별시 성북구 정릉동 840-21번지
11290,13300,0,0840,0022,,,일반건축물,제2종근린생활시설,근린생활시설,197.4,0,91.12,19850630,1,0,서울특별시 성북구 정릉동 840-22번지
11290,13300,0,0840,0023,,,일반건축물,단독주택,주택,0,0,35.17,19850630,1,0,서울특별시 성북구 정릉동 840-23번지
11290,13300,0,0840,0024,,,일반건축물,단독주택,주택,109.25,0,58.88,19850630,1,0,서울특별시 성북구 정릉동 840-24번지
11290,13300,0,0840,0025,,,일반건축물,단독주택,주택,40.56,0,17.28,19850630,1,0,서울특별시 성북구 정릉동 840-25번지
11290,13300,0,0840,0026,,,일반건축물,단독주택,주택,112,0,47.92,19850630,1,0,서울특별시 성북구 정릉동 840-26번지
11290,13300,0,0840,0027,,,일반건축물,단독주택,주택,127.6,0,56.29,19850630,1,0,서울특별시 성북구 정릉동 840-27번지
11290,13300,0,0840,0028,,,일반건축물,단독주택,주택,156.48,0,77.6,19850630,1,0,서울특별시 성북구 정릉동 840-28번지
11290,13300,0,0840,0029,,,일반건축물,단독주택,주택,121.03,0,66.45,19850630,1,0,서울특별시 성북구 정릉동 840-29번지
11290,13300,0,0840,0030,,,일반건축물,단독주택,주택,141.75,0,47.25,19850630,1,0,서울특별시 성북구 정릉동 840-30번지
11290,13300,0,0840,0032,,,일반건축물,단독주택,주택,36.55,0,24.92,19850630,1,0,서울특별시 성북구 정릉동 840-32번지
11290,13300,0,0840,0033,,,일반건축물,단독주택,주택,136,0,87.63,19850630,1,0,서울특별시 성북구 정릉동 840-33번지
11290,13300,0,0840,0034,,,일반건축물,단독주택,주택,85,0,80.77,19850630,1,0,서울특별시 성북구 정릉동 840-34번지
11290,13300,0,0841,0001,,,일반건축물,단독주택,다가구용단독주택(2가구),201.2,102.08,102.08,19970605,1,0,서울특별시 성북구 정릉동 841-1번지
11290,13300,0,0841,0002,,,일반건축물,단독주택,주택,62,0,20.02,19850630,1,0,서울특별시 성북구 정릉동 841-2번지
11290,13300,0,0841,0003,,,일반건축물,단독주택,주택,0,0,99.51,19850630,1,0,서울특별시 성북구 정릉동 841-3번지
11290,13300,0,0841,0005,,,일반건축물,단독주택,주택,130,0,79.88,19850630,1,0,서울특별시 성북구 정릉동 841-5번지
11290,13300,0,0841,0006,,,일반건축물,단독주택,주택,0,0,51.2,19850630,1,0,서울특별시 성북구 정릉동 841-6번지
11290,13300,0,0841,0007,,,일반건축물,단독주택,주택,126.6,0,53.1,19850630,1,0,서울특별시 성북구 정릉동 841-7번지
11290,13300,0,0841,0008,,,일반건축물,단독주택,주택,0,0,60.95,19850630,1,0,서울특별시 성북구 정릉동 841-8번지
11290,13300,0,0841,0009,,,일반건축물,단독주택,주택,0,0,36.54,19850630,1,0,서울특별시 성북구 정릉동 841-9번지
11290,13300,0,0841,0010,,,일반건축물,단독주택,주택,0,0,52.25,19850630,1,0,서울특별시 성북구 정릉동 841-10번지
11290,13300,0,0841,0011,,,일반건축물,단독주택,다가구용단독주택(2가구),194.11,114.94,197.16,19850630,2,0,서울특별시 성북구 정릉동 841-11번지
11290,13300,0,0841,0012,,,일반건축물,단독주택,주택,0,0,78.84,19850630,1,0,서울특별시 성북구 정릉동 841-12번지
11290,13300,0,0841,0013,,,일반건축물,단독주택,주택,126,0,64.25,19850630,1,0,서울특별시 성북구 정릉동 841-13번지
11290,13300,0,0841,0014,,,일반건축물,단독주택,주택,296,0,118.75,19850630,1,0,서울특별시 성북구 정릉동 841-14번지
11290,13300,0,0841,0015,,,일반건축물,제2종근린생활시설,"근린생활시설,창고",0,0,87.4,19850630,1,0,서울특별시 성북구 정릉동 841-15번지
11290,13300,0,0841,0016,,,일반건축물,단독주택,주택,304.5,0,115.51,19850630,1,0,서울특별시 성북구 정릉동 841-16번지
11290,13300,0,0841,0017,,,일반건축물,단독주택,다가구용단독주택(2),199,117.63,199.76,19850630,2,0,서울특별시 성북구 정릉동 841-17번지
11290,13300,0,0841,0018,,,일반건축물,단독주택,주택,214.6,0,52.98,19850630,1,0,서울특별시 성북구 정릉동 841-18번지
11290,13300,0,0841,0019,,,일반건축물,단독주택,주택,0,0,65.16,19850630,1,0,서울특별시 성북구 정릉동 841-19번지
11290,13300,0,0841,0021,,,일반건축물,단독주택,주택,109.89,0,28.81,19850630,1,0,서울특별시 성북구 정릉동 841-21번지
11290,13300,0,0841,0022,,,일반건축물,단독주택,주택,0,0,52.62,19850630,1,0,서울특별시 성북구 정릉동 841-22번지
11290,13300,0,0843,0000,,,일반건축물,단독주택,단독주택,1050,72,72,20180125,1,0,서울특별시 성북구 정릉동 843번지
11290,13300,0,0843,0003,,,일반건축물,단독주택,단독주택,109,60.05,92.97,19850630,2,0,서울특별시 성북구 정릉동 843-3번지
11290,13300,0,0843,0004,,,일반건축물,단독주택,주택,199,0,39.41,19850630,1,0,서울특별시 성북구 정릉동 843-4번지
11290,13300,0,0843,0005,,,일반건축물,단독주택,주택,133,0,44.31,19850630,1,0,서울특별시 성북구 정릉동 843-5번지
11290,13300,0,0843,0006,,,일반건축물,단독주택,주택,155,0,61.86,19850630,1,0,서울특별시 성북구 정릉동 843-6번지
11290,13300,0,0843,0008,,,일반건축물,단독주택,주택,107.25,0,43.74,19850630,1,0,서울특별시 성북구 정릉동 843-8번지
11290,13300,0,0843,0009,,,일반건축물,단독주택,주택,89,0,39.18,19850630,1,0,서울특별시 성북구 정릉동 843-9번지
11290,13300,0,0843,0010,,,일반건축물,단독주택,주택,140,0,49.89,19850630,1,0,서울특별시 성북구 정릉동 843-10번지
11290,13300,0,0843,0011,,,일반건축물,단독주택,주택,120,0,41.5,19850630,1,0,서울특별시 성북구 정릉동 843-11번지
11290,13300,0,0843,0012,,,일반건축물,단독주택,주택,199,0,53.42,19850630,1,0,서울특별시 성북구 정릉동 843-12번지
11290,13300,0,0843,0013,,,일반건축물,단독주택,주택,261,0,74.07,19850630,1,0,서울특별시 성북구 정릉동 843-13번지
11290,13300,0,0843,0014,,,일반건축물,단독주택,주택,56.66,0,38.36,19850630,1,0,서울특별시 성북구 정릉동 843-14번지
11290,13300,0,0843,0017,,,일반건축물,단독주택,주택,444,0,97.9,19850630,1,0,서울특별시 성북구 정릉동 843-17번지
11290,13300,0,0843,0018,,,일반건축물,단독주택,주택,146.96,0,42.12,19850630,1,0,서울특별시 성북구 정릉동 843-18번지
11290,13300,0,0843,0019,,,일반건축물,단독주택,주택,200,0,52.02,19850630,1,0,서울특별시 성북구 정릉동 843-19번지
11290,13300,0,0843,0020,북악쉼터,,일반건축물,단독주택,단독주택,200,91.72,271.56,20000202,3,1,서울특별시 성북구 정릉동 843-20번지
11290,13300,0,0843,0021,,,일반건축물,단독주택,"주택, 근린생활시설",212,0,98.96,19850630,1,0,서울특별시 성북구 정릉동 843-21번지
11290,13300,0,0843,0022,,,일반건축물,단독주택,주택,288.76,0,70.4,19850630,1,0,서울특별시 성북구 정릉동 843-22번지
11290,13300,0,0843,0024,,,일반건축물,단독주택,"주택, 근린생활시설",85,0,49.25,19850630,1,0,서울특별시 성북구 정릉동 843-24번지
11290,13300,0,0844,0001,대한불교조동종석불사,,일반건축물,제2종근린생활시설,제2종근린생활시설(사찰),351.88,6.21,6.21,20091119,1,0,서울특별시 성북구 정릉동 844-1번지
11290,13300,0,0844,0001,대한불교조동종석불사,,일반건축물,제2종근린생활시설,제2종근린생활시설(종교시설),351.88,134.63,134.63,19921016,1,0,서울특별시 성북구 정릉동 844-1번지
11290,13300,0,0844,0001,대한불교조동종석불사,,일반건축물,제2종근린생활시설,종교시설(화장실),351.88,3.3,3.3,20091119,1,0,서울특별시 성북구 정릉동 844-1번지
11290,13300,0,0844,0001,대한불교조동종석불사,,일반건축물,제2종근린생활시설,제2종근린생활시설(사찰),351.88,13.58,13.58,20091119,1,0,서울특별시 성북구 정릉동 844-1번지
11290,13300,0,0845,0002,,,일반건축물,단독주택,주택,139,0,56.01,19850630,1,0,서울특별시 성북구 정릉동 845-2번지
11290,13300,0,0846,0000,서울청덕초등학교,,일반건축물,교육연구시설,교육연구및복지시설,13260,3538.02,14436.31,20040128,5,1,서울특별시 성북구 정릉동 846번지
11290,13300,0,0846,0001,,,일반건축물,단독주택,주택,132,0,82.03,19831114,1,0,서울특별시 성북구 정릉동 846-1번지
11290,13300,0,0847,0001,,,일반건축물,단독주택,단독주택,86,34.28,102.84,20081103,3,0,서울특별시 성북구 정릉동 847-1번지
11290,13300,0,0847,0003,,,일반건축물,제1종근린생활시설,제1종근린생활시설,84.15,33,99.8,20040803,2,1,서울특별시 성북구 정릉동 847-3번지
11290,13300,0,0847,0004,,,일반건축물,단독주택,주택,0,0,20.67,19661130,1,0,서울특별시 성북구 정릉동 847-4번지
11290,13300,0,0847,0005,,,일반건축물,단독주택,주택,0,0,41.09,19691010,1,0,서울특별시 성북구 정릉동 847-5번지
11290,13300,0,0849,0002,,,일반건축물,종교시설,문화및집회시설(종교집회장),0,0,103.63,19651010,1,1,서울특별시 성북구 정릉동 849-2번지
11290,13300,0,0849,0004,,,일반건축물,단독주택,단독주택(다중주택-11호),181.5,70.74,162.72,20130226,3,0,서울특별시 성북구 정릉동 849-4번지
11290,13300,0,0849,0007,,,일반건축물,단독주택,주택,0,0,33.95,19660809,1,0,서울특별시 성북구 정릉동 849-7번지
11290,13300,0,0849,0008,,,일반건축물,단독주택,다가구용단독주택,217.64,130.14,485.91,20000216,4,0,서울특별시 성북구 정릉동 849-8번지
11290,13300,0,0849,0009,,,일반건축물,단독주택,주택,0,0,115.24,19761201,1,1,서울특별시 성북구 정릉동 849-9번지
11290,13300,0,0849,0010,,,일반건축물,단독주택,주택,0,0,32.23,19660809,1,0,서울특별시 성북구 정릉동 849-10번지
11290,13300,0,0850,0000,,,표제부,공동주택,연립주택,0,558.16,2227.2,19911231,3,1,서울특별시 성북구 정릉동 850번지
11290,13300,0,0852,0002,,,일반건축물,제2종근린생활시설,제2종근린생활시설,332,99.45,468,20120117,3,1,서울특별시 성북구 정릉동 852-2번지
11290,13300,0,0852,0010,,,일반건축물,단독주택,다중주택,284,113.49,327.27,20180227,3,0,서울특별시 성북구 정릉동 852-10번지
11290,13300,0,0852,0011,,,일반건축물,단독주택,단독주택(다중주택),278,110.91,288.34,20200210,3,0,서울특별시 성북구 정릉동 852-11번지
11290,13300,0,0852,0012,,,일반건축물,제2종근린생활시설,"제2종근린생활시설, 다가구주택",254,146.89,573.03,20010929,5,0,서울특별시 성북구 정릉동 852-12번지
11290,13300,0,0853,0007,,,일반건축물,제2종근린생활시설,제2종근린생활시설,254.48,152.21,779.35,20000317,5,1,서울특별시 성북구 정릉동 853-7번지
11290,13300,0,0854,0002,,,일반건축물,제2종근린생활시설,제2종근린생활시설,476,237.23,813.09,19931231,3,1,서울특별시 성북구 정릉동 854-2번지
11290,13300,0,0857,0002,,,일반건축물,단독주택,주택,0,0,32.53,19660615,1,0,서울특별시 성북구 정릉동 857-2번지
11290,13300,0,0861,0001,국민대학교  7호관(23동),,일반건축물,교육연구시설,교육연구및복지시설,0,5314.1,30325.89,20051121,5,3,서울특별시 성북구 정릉동 861-1번지
11290,13300,0,0861,0001,2동 4호관 (조형관),,일반건축물,교육연구시설,교육연구시설(대학교),0,3048.73,14800.35,19790919,5,2,서울특별시 성북구 정릉동 861-1번지
11290,13300,0,0861,0001,3동 2호관,,일반건축물,교육연구시설,교육연구시설 (2호관) -3동,0,0,22931.87,19740723,15,1,서울특별시 성북구 정릉동 861-1번지
11290,13300,0,0861,0001,종합복지관-25동,,일반건축물,교육연구시설,교육연구및복지시설,0,3617.68,21909.98,20071120,5,2,서울특별시 성북구 정릉동 861-1번지
11290,13300,0,0861,0001,국민대 10동,,일반건축물,교육연구시설,교육연구시설(대학교),0,1688.97,7674.25,19940715,5,1,서울특별시 성북구 정릉동 861-1번지
11290,13300,0,0861,0001,국민대학교,,일반건축물,교육연구시설,교육연구시설(기숙사),0,469.57,3535.27,20110224,5,3,서울특별시 성북구 정릉동 861-1번지
11290,13300,0,0861,0001,국민대학교,,일반건축물,교육연구시설,교육연구시설,173734,965.69,2131.05,20220413,2,1,서울특별시 성북구 정릉동 861-1번지
11290,13300,0,0861,0001,11동 후문수위실및온실,,일반건축물,교육연구시설,교육연구시설(온실)-11동,162295,100419.95,170.28,19960821,1,0,서울특별시 성북구 정릉동 861-1번지
11290,13300,0,0861,0001,7동 민속관,,일반건축물,문화및집회시설,"문화및집회시설,문화재(민속관)-7동",160343,0,367.84,19810221,1,0,서울특별시 성북구 정릉동 861-1번지
11290,13300,0,0861,0001,기숙사B동-21동,,일반건축물,교육연구시설,기숙사,171465,562.96,2993.58,20030531,5,1,서울특별시 성북구 정릉동 861-1번지
11290,13300,0,0861,0001,국민대학교,,일반건축물,교육연구시설,교육연구시설(기숙사),0,574.63,3615.87,20110224,5,2,서울특별시 성북구 정릉동 861-1번지
11290,13300,0,0861,0001,,,일반건축물,교육연구시설,교육연구시설(대학교),0,3437.2,18919.23,20070601,5,2,서울특별시 성북구 정릉동 861-1번지
11290,13300,0,0861,0001,,,일반건축물,교육연구및복지시설,교육연구시설 (5호관)-4동,0,357.63,2879.54,19960821,5,2,서울특별시 성북구 정릉동 861-1번지
11290,13300,0,0861,0001,국민대예술관,,일반건축물,교육연구시설,교육연구시설,169918.8,3622.77,18396.26,20020419,5,3,서울특별시 성북구 정릉동 861-1번지
11290,13300,0,0861,0001,3호관-18동,,일반건축물,교육연구시설,교육연구시설,0,20444.06,13291.68,19840303,5,2,서울특별시 성북구 정릉동 861-1번지
11290,13300,0,0861,0001,9동 초빙교원숙소,,일반건축물,교육연구시설,선수숙소-9동,160343,0,832.68,19840802,2,1,서울특별시 성북구 정릉동 861-1번지
11290,13300,0,0861,0001,기숙사A동-21동,,일반건축물,교육연구시설,기숙사,171465,681.93,4226.97,20030531,5,2,서울특별시 성북구 정릉동 861-1번지
11290,13300,0,0861,0001,국민스퀘어-24동,,일반건축물,교육연구시설,교육연구및복지시설(주차장),0,62.72,29134.69,20051121,1,3,서울특별시 성북구 정릉동 861-1번지
11290,13300,0,0861,0001,국민대학교,,일반건축물,교육연구시설,교육연구시설,0,5922.31,33833.11,19771126,5,2,서울특별시 성북구 정릉동 861-1번지
11290,13300,0,0861,0001,1동 도서관,,일반건축물,교육연구시설,교육연구시설,0,3234.44,18142.4,19940715,5,2,서울특별시 성북구 정릉동 861-1번지
11290,13300,0,0861,0001,16동 영빈관,,일반건축물,교육연구시설,교육연구시설(기숙사),0,321.65,1341.34,19980316,4,1,서울특별시 성북구 정릉동 861-1번지
11290,13300,0,0861,0001,12동 다정,,일반건축물,교육연구시설,특수교실(생활관)-12동,160.34,0,34.75,19820223,1,0,서울특별시 성북구 정릉동 861-1번지
11290,13300,0,0861,0001,국민대학교,,일반건축물,교육연구시설,교육연구시설,173734,295.34,793.42,20220413,2,2,서울특별시 성북구 정릉동 861-1번지
11290,13300,0,0861,0001,본관-5동,,일반건축물,교육연구시설,교육연구시설,0,2180.71,7534.98,19740520,5,1,서울특별시 성북구 정릉동 861-1번지
11290,13300,0,0861,0001,6동 체육관,,일반건축물,교육연구시설,체육관-6동,160343,0,3737.72,19810112,3,1,서울특별시 성북구 정릉동 861-1번지
11290,13300,0,0861,0001,14동 정문수위실,,일반건축물,교육연구시설,"교육연구및복지시설,수위실 -14동",160343,0,25.92,19941224,1,1,서울특별시 성북구 정릉동 861-1번지
11290,13300,0,0865,0002,,,일반건축물,단독주택,주택,0,0,373.12,19791224,2,1,서울특별시 성북구 정릉동 865-2번지
11290,13300,0,0865,0003,스타포레스빌,,표제부,공동주택,공동주택(다세대주택),468.6,139.58,633.5,20080813,3,1,서울특별시 성북구 정릉동 865-3번지
11290,13300,0,0871,0001,,,일반건축물,단독주택,"주택, 근린생활시설",0,0,49.59,19660731,1,0,서울특별시 성북구 정릉동 871-1번지
11290,13300,0,0872,0002,,,일반건축물,단독주택,주택,0,0,28.93,19700505,1,0,서울특별시 성북구 정릉동 872-2번지
11290,13300,0,0873,0000,정릉동 북악교회,,일반건축물,종교시설,문화및집회시설,731,212.98,1422,20040827,2,2,서울특별시 성북구 정릉동 873번지
11290,13300,0,0874,0001,,,일반건축물,단독주택,주택,0,0,29.75,19600310,1,0,서울특별시 성북구 정릉동 874-1번지
11290,13300,0,0874,0002,,,일반건축물,단독주택,주택,0,0,43.7,19611231,1,0,서울특별시 성북구 정릉동 874-2번지
11290,13300,0,0874,0003,,,일반건축물,단독주택,주택,0,0,29.75,19600310,1,0,서울특별시 성북구 정릉동 874-3번지
11290,13300,0,0874,0004,,,일반건축물,단독주택,주택,0,0,29.75,19600310,1,0,서울특별시 성북구 정릉동 874-4번지
11290,13300,0,0876,0000,,,일반건축물,단독주택,주택,0,0,55.07,19670930,1,0,서울특별시 성북구 정릉동 876번지
11290,13300,0,0878,0001,,,일반건축물,단독주택,주택,0,0,66.12,19611101,1,0,서울특별시 성북구 정릉동 878-1번지
11290,13300,0,0878,0001,,,일반건축물,단독주택,단독주택,352.095,70.33,85.44,19960226,1,0,서울특별시 성북구 정릉동 878-1번지
11290,13300,0,0878,0002,,,일반건축물,단독주택,주택,0,0,66.12,19611101,1,0,서울특별시 성북구 정릉동 878-2번지
11290,13300,0,0878,0003,호케포스,,일반건축물,단독주택,단독주택,263.57,79.04,141.5,20201110,3,0,서울특별시 성북구 정릉동 878-3번지
11290,13300,0,0878,0004,,,일반건축물,단독주택,주택,225.3,124.18,195.03,19611101,2,0,서울특별시 성북구 정릉동 878-4번지
11290,13300,0,0878,0006,,,일반건축물,단독주택,주택,0,0,66.12,19611101,1,0,서울특별시 성북구 정릉동 878-6번지
11290,13300,0,0878,0007,,,일반건축물,단독주택,단독주택,278,99.55,164.23,20201216,2,0,서울특별시 성북구 정릉동 878-7번지
11290,13300,0,0878,0008,,,일반건축물,단독주택,주택,0,0,66.12,19611101,1,0,서울특별시 성북구 정릉동 878-8번지
11290,13300,0,0880,0001,정릉동연립주택,,표제부,공동주택,공동주택(연립주택18세대),2003.6,600.92,1938.06,19940630,3,1,서울특별시 성북구 정릉동 880-1번지
11290,13300,0,0880,0002,,,일반건축물,단독주택,다가구주택(18),217.18,76.6,325.93,20011204,4,1,서울특별시 성북구 정릉동 880-2번지
11290,13300,0,0880,0003,정릉동 북악경로당,,일반건축물,노유자시설,노인복지시설,264,78.54,157.08,20051123,2,0,서울특별시 성북구 정릉동 880-3번지
11290,13300,0,0880,0004,,,일반건축물,단독주택,단독주택,268,78.96,156.33,19950805,2,0,서울특별시 성북구 정릉동 880-4번지
11290,13300,0,0880,0005,,,일반건축물,단독주택,단독주택(다가구주택),234,87.43,309.76,20161214,3,1,서울특별시 성북구 정릉동 880-5번지
11290,13300,0,0880,0006,,,일반건축물,단독주택,주택,0,0,177.26,19751126,2,1,서울특별시 성북구 정릉동 880-6번지
11290,13300,0,0880,0007,,,일반건축물,단독주택,단독주택(다가구주택),291.1,87.3,393.29,19870822,3,1,서울특별시 성북구 정릉동 880-7번지
11290,13300,0,0880,0008,,,일반건축물,단독주택,다가구용 단독주택(5가구),0,0,264.52,19911202,2,1,서울특별시 성북구 정릉동 880-8번지
11290,13300,0,0880,0009,,,표제부,공동주택,다세대주택,508.7,151.74,654.44,20080402,3,1,서울특별시 성북구 정릉동 880-9번지
11290,13300,0,0880,0011,,,일반건축물,단독주택,주택,0,0,66.12,19611101,1,0,서울특별시 성북구 정릉동 880-11번지
11290,13300,0,0880,0012,,,일반건축물,단독주택,주택,0,0,121.24,19861209,1,1,서울특별시 성북구 정릉동 880-12번지
11290,13300,0,0880,0013,,,일반건축물,단독주택,단독주택,370,109.35,285.57,20020826,1,1,서울특별시 성북구 정릉동 880-13번지
11290,13300,0,0880,0014,,,일반건축물,단독주택,단독주택,203.6,80.16,138.55,20130716,2,1,서울특별시 성북구 정릉동 880-14번지
11290,13300,0,0880,0016,,,일반건축물,단독주택,주택,0,0,209.16,19801112,2,1,서울특별시 성북구 정릉동 880-16번지
11290,13300,0,0880,0017,,,일반건축물,단독주택,단독주택(다중주택),278,108.34,329.96,20190201,3,1,서울특별시 성북구 정릉동 880-17번지
11290,13300,0,0880,0018,,,일반건축물,단독주택,다가구용단독주택(5가구),311,93.06,385.08,19970708,3,1,서울특별시 성북구 정릉동 880-18번지
11290,13300,0,0880,0019,,,일반건축물,단독주택,다가구주택,244.51,93.73,225.32,20150123,3,0,서울특별시 성북구 정릉동 880-19번지
11290,13300,0,0880,0020,모던하우스,,일반건축물,단독주택,다중주택,193.11,77.04,281.52,20200929,3,1,서울특별시 성북구 정릉동 880-20번지
11290,13300,0,0880,0021,,,일반건축물,단독주택,주택,254,106.31,90.78,19611101,1,0,서울특별시 성북구 정릉동 880-21번지
11290,13300,0,0880,0022,용원빌,,일반건축물,단독주택,"근린생활시설,단독주택",299,89.02,414.16,20111017,3,1,서울특별시 성북구 정릉동 880-22번지
11290,13300,0,0880,0023,UBF북악센타,,일반건축물,교육연구시설,"교육연구시설,단독주택",243.3,72.96,360.81,20051019,3,1,서울특별시 성북구 정릉동 880-23번지
11290,13300,0,0880,0024,,,일반건축물,단독주택,주택,0,0,137.57,19871113,2,1,서울특별시 성북구 정릉동 880-24번지
11290,13300,0,0880,0025,,,일반건축물,단독주택,단독주택,0,0,238.36,19910621,2,1,서울특별시 성북구 정릉동 880-25번지
11290,13300,0,0880,0026,,,일반건축물,단독주택,주택,0,0,66.12,19611101,1,0,서울특별시 성북구 정릉동 880-26번지
11290,13300,0,0880,0027,,,일반건축물,단독주택,단독주택(다중주택),299,89.41,297.19,20170216,3,1,서울특별시 성북구 정릉동 880-27번지
11290,13300,0,0880,0028,,,일반건축물,단독주택,단독주택(다중주택),246,73.65,243.9,20170216,3,1,서울특별시 성북구 정릉동 880-28번지
11290,13300,0,0881,0002,,,일반건축물,단독주택,"주택,제2종근린생활시설",347,97.08,168.44,19650805,2,0,서울특별시 성북구 정릉동 881-2번지
11290,13300,0,0881,0004,,,일반건축물,단독주택,주택,0,0,75.37,19650805,1,0,서울특별시 성북구 정릉동 881-4번지
11290,13300,0,0881,0005,,,일반건축물,단독주택,주택,0,0,65.72,19650805,1,0,서울특별시 성북구 정릉동 881-5번지
11290,13300,0,0881,0006,로뎀하우스,,일반건축물,단독주택,단독주택,168.1,66.45,242.85,20191118,3,1,서울특별시 성북구 정릉동 881-6번지
11290,13300,0,0881,0007,,,일반건축물,단독주택,주택,0,0,58.86,19650805,1,0,서울특별시 성북구 정릉동 881-7번지
11290,13300,0,0881,0011,,,일반건축물,단독주택,단독주택(다중주택),348.01,133.8,469.54,20021024,3,1,서울특별시 성북구 정릉동 881-11번지
11290,13300,0,0881,0013,,,일반건축물,단독주택,주택,0,0,65.55,19680710,1,0,서울특별시 성북구 정릉동 881-13번지
11290,13300,0,0881,0014,,,일반건축물,단독주택,주택,0,0,48.96,19650805,1,0,서울특별시 성북구 정릉동 881-14번지
11290,13300,0,0881,0017,,,표제부,공동주택,연립주택,0,172.56,426.44,19810108,2,1,서울특별시 성북구 정릉동 881-17번지
11290,13300,0,0882,0004,,,일반건축물,제2종근린생활시설,"제2종근린생활시설,다가구용단독주택",349,186.63,976.88,20040305,6,0,서울특별시 성북구 정릉동 882-4번지
11290,13300,0,0882,0005,월드 오피스텔II,,표제부,업무시설,"업무시설,오피스텔",611.1,365.81,2144,20040309,6,0,서울특별시 성북구 정릉동 882-5번지
11290,13300,0,0882,0006,,,일반건축물,단독주택,"근린생활시설, 주택",179.9,101.48,372.56,19990206,4,0,서울특별시 성북구 정릉동 882-6번지
11290,13300,0,0884,0001,,,일반건축물,제1종근린생활시설,"근린생활시설, 주택",146,60.62,239.86,19970503,3,1,서울특별시 성북구 정릉동 884-1번지
11290,13300,0,0884,0005,,,일반건축물,단독주택,"단독주택,및 근린생활시설",86,25.44,50.88,20030321,2,0,서울특별시 성북구 정릉동 884-5번지
11290,13300,0,0885,0001,,,일반건축물,단독주택,주택,0,0,182.22,19850921,2,1,서울특별시 성북구 정릉동 885-1번지
11290,13300,0,0885,0003,,,표제부,공동주택,다세대주택,151.93,90.59,459.76,19991126,4,1,서울특별시 성북구 정릉동 885-3번지
11290,13300,0,0885,0004,,,일반건축물,단독주택,다중주택(15실),194.21,76.88,297.6,20140214,3,1,서울특별시 성북구 정릉동 885-4번지
11290,13300,0,0885,0005,,,표제부,공동주택,다세대주택,301.14,90.13,462.2,19970912,3,1,서울특별시 성북구 정릉동 885-5번지
11290,13300,0,0885,0006,,,일반건축물,제1종근린생활시설,"제1종근린생활시설, 다가구용단독주택",253.76,105.56,415.19,19980220,3,1,서울특별시 성북구 정릉동 885-6번지
11290,13300,0,0885,0007,,,일반건축물,단독주택,주택,0,0,66.12,19591127,1,0,서울특별시 성북구 정릉동 885-7번지
11290,13300,0,0885,0008,,,일반건축물,단독주택,주택,0,0,50.21,19701027,1,0,서울특별시 성북구 정릉동 885-8번지
11290,13300,0,0885,0009,,,일반건축물,제2종근린생활시설,근린생활시설,0,0,49.59,,1,0,서울특별시 성북구 정릉동 885-9번지
11290,13300,0,0888,0001,,,일반건축물,제1종근린생활시설,근린생활시설,0,0,828.18,19900803,3,1,서울특별시 성북구 정릉동 888-1번지
11290,13300,0,0889,0000,,,표제부,공동주택,연립주택,0,0,1599.22,19791121,2,1,서울특별시 성북구 정릉동 889번지
11290,13300,0,0890,0001,하랑푸드,,일반건축물,제2종근린생활시설,음식물제조,537,299.47,804.1,20180223,4,0,서울특별시 성북구 정릉동 890-1번지
11290,13300,0,0891,0001,,,일반건축물,노유자시설,노인정,0,0,100,19861226,2,0,서울특별시 성북구 정릉동 891-1번지
11290,13300,0,0891,0001,,,표제부,공동주택,"연립주택,근린생활시설",0,175.11,515.18,19790111,2,1,서울특별시 성북구 정릉동 891-1번지
11290,13300,0,0891,0003,까사81,,일반건축물,단독주택,단독주택,156,90.09,317.52,20230123,3,1,서울특별시 성북구 정릉동 891-3번지
11290,13300,0,0891,0006,,,일반건축물,제2종근린생활시설,제2종근린생활시설,168,90.91,90.91,20110621,1,0,서울특별시 성북구 정릉동 891-6번지
11290,13300,0,0892,0000,,,일반건축물,단독주택,주택,0,0,62.81,19471130,1,0,서울특별시 성북구 정릉동 892번지
11290,13300,0,0892,0001,에이스빌,,일반건축물,제2종근린생활시설,제2종근린생활시설,330,160.75,706.32,20091210,4,1,서울특별시 성북구 정릉동 892-1번지
11290,13300,0,0892,0002,,,일반건축물,단독주택,단독주택(다중주택),291,169.65,648.06,20030204,4,0,서울특별시 성북구 정릉동 892-2번지
11290,13300,0,0892,0005,,,일반건축물,단독주택,주택,0,0,110.14,19621011,2,0,서울특별시 성북구 정릉동 892-5번지
11290,13300,0,0892,0006,정릉동 892-6,,일반건축물,제1종근린생활시설,근린생활시설,243.36,135.21,500.79,19880803,3,1,서울특별시 성북구 정릉동 892-6번지
11290,13300,0,0892,0007,,,일반건축물,제2종근린생활시설,근린생활시설 및 주택,226,135.55,782.87,20040401,5,1,서울특별시 성북구 정릉동 892-7번지
11290,13300,0,0892,0008,,,표제부,공동주택,다세대주택,0,109.11,327.33,19900625,2,1,서울특별시 성북구 정릉동 892-8번지
11290,13300,0,0892,0009,,,일반건축물,제1종근린생활시설,근린생활시설,0,0,550.34,19811017,3,1,서울특별시 성북구 정릉동 892-9번지
11290,13300,0,0892,0010,,,일반건축물,제1종근린생활시설,제1종근린생활시설,0,0,446.25,19690430,3,1,서울특별시 성북구 정릉동 892-10번지
11290,13300,0,0892,0016,,,일반건축물,단독주택,주택,0,0,59.5,19681011,1,0,서울특별시 성북구 정릉동 892-16번지
11290,13300,0,0892,0019,,,일반건축물,단독주택,주택,0,0,11.1,19651201,1,0,서울특별시 성북구 정릉동 892-19번지
11290,13300,0,0893,0001,,,일반건축물,업무시설,"기숙사, 근린생활시설",0,0,1037.2,19831231,3,1,서울특별시 성북구 정릉동 893-1번지
11290,13300,0,0893,0007,,,일반건축물,단독주택,주택,0,0,149.81,19660923,1,0,서울특별시 성북구 정릉동 893-7번지
11290,13300,0,0893,0008,,,일반건축물,단독주택,주택,0,0,79.33,19661220,1,0,서울특별시 성북구 정릉동 893-8번지
11290,13300,0,0893,0009,헤이븐빌,,일반건축물,단독주택,단독주택(다중주택),239.53,88.36,259.02,20170228,3,0,서울특별시 성북구 정릉동 893-9번지
11290,13300,0,0893,0012,,,일반건축물,단독주택,주택,0,0,51.4,19661012,1,0,서울특별시 성북구 정릉동 893-12번지
11290,13300,0,0893,0013,,,일반건축물,단독주택,주택,0,0,51.4,19670401,1,0,서울특별시 성북구 정릉동 893-13번지
11290,13300,0,0893,0014,,,일반건축물,단독주택,단독주택(다가구주택),116.55,43.76,131.28,20191128,3,0,서울특별시 성북구 정릉동 893-14번지
11290,13300,0,0894,0001,,,일반건축물,제1종근린생활시설,근린생활시설,0,0,121.77,19621113,1,0,서울특별시 성북구 정릉동 894-1번지
11290,13300,0,0894,0003,,,표제부,제1종근린생활시설,영업용,0,108.73,108.73,19621111,1,0,서울특별시 성북구 정릉동 894-3번지
11290,13300,0,0894,0004,,,일반건축물,제1종근린생활시설,제1종근린생활시설,320.35,69.02,353.05,19940608,3,1,서울특별시 성북구 정릉동 894-4번지
11290,13300,0,0894,0005,,,일반건축물,제1종근린생활시설,근린생활시설,0,0,384.3,19860704,3,1,서울특별시 성북구 정릉동 894-5번지
11290,13300,0,0894,0006,,,일반건축물,단독주택,단독주택(다가구주택) 및 근린생활시설,390.3,115.09,488.6,20161123,3,1,서울특별시 성북구 정릉동 894-6번지
11290,13300,0,0894,0007,,,일반건축물,제2종근린생활시설,제2종근린생활시설,0,0,59.5,19621113,1,0,서울특별시 성북구 정릉동 894-7번지
11290,13300,0,0894,0008,,,일반건축물,제2종근린생활시설,제2종근린생활시설,0,0,59.5,19621113,1,0,서울특별시 성북구 정릉동 894-8번지
11290,13300,0,0894,0009,,,일반건축물,단독주택,단독주택,202,80.76,311.27,20180206,3,1,서울특별시 성북구 정릉동 894-9번지
11290,13300,0,0894,0010,,,일반건축물,단독주택,단독주택(다중주택),330,98.52,328.95,20181204,3,1,서울특별시 성북구 정릉동 894-10번지
11290,13300,0,0894,0011,,,일반건축물,제1종근린생활시설,"근린생활시설, 주택",0,0,677.6,19860726,3,1,서울특별시 성북구 정릉동 894-11번지
11290,13300,0,0894,0013,,,일반건축물,제1종근린생활시설,"판매및영업시설, 근린생활시설",0,0,198.5,19621111,1,0,서울특별시 성북구 정릉동 894-13번지
11290,13300,0,0894,0014,,,일반건축물,제1종근린생활시설,"근린생활시설, 주택",170.26,64.07,287.41,19930721,3,1,서울특별시 성북구 정릉동 894-14번지
11290,13300,0,0894,0015,,,일반건축물,제1종근린생활시설,근린생활시설,0,0,118.78,19651009,1,0,서울특별시 성북구 정릉동 894-15번지
11290,13300,0,0894,0018,,,표제부,공동주택,연립주택,0,322.08,1309.62,19900625,3,1,서울특별시 성북구 정릉동 894-18번지
11290,13300,0,0894,0019,,,일반건축물,창고시설,창고시설(지하실),0,0,117.02,19770531,0,1,서울특별시 성북구 정릉동 894-19번지
11290,13300,0,0894,0019,,,표제부,공동주택,다세대주택(12세대),0,225.12,675.36,19901031,2,1,서울특별시 성북구 정릉동 894-19번지
11290,13300,0,0894,0021,,,표제부,공동주택,다세대주택,0,82.26,329.04,19900711,3,1,서울특별시 성북구 정릉동 894-21번지
11290,13300,0,0894,0028,,,표제부,공동주택,다세대주택,0,131.52,394.56,19871229,2,1,서울특별시 성북구 정릉동 894-28번지
11290,13300,0,0895,0000,,,표제부,공동주택,연립주택,0,1248.79,2748.31,19791231,2,1,서울특별시 성북구 정릉동 895번지
11290,13300,0,0895,0000,,,일반건축물,단독주택,주택,66.1,0,29.94,19850630,1,0,서울특별시 성북구 정릉동 895번지
11290,13300,0,0895,0003,,,일반건축물,제2종근린생활시설,사무실,0,0,99,19781220,2,0,서울특별시 성북구 정릉동 895-3번지
11290,13300,0,0896,0002,,,일반건축물,단독주택,주택,0,0,23.14,19690301,1,0,서울특별시 성북구 정릉동 896-2번지
11290,13300,0,0896,0003,,,일반건축물,단독주택,주택,132.9,0,58.97,19840331,1,0,서울특별시 성북구 정릉동 896-3번지
11290,13300,0,0896,0006,,,일반건축물,단독주택,주택,0,0,62.38,19680302,1,0,서울특별시 성북구 정릉동 896-6번지
11290,13300,0,0896,0007,,,일반건축물,단독주택,주택,209.93,0,44.13,19850410,1,0,서울특별시 성북구 정릉동 896-7번지
11290,13300,0,0896,0011,,,일반건축물,단독주택,주택,129,0,93.21,19850313,1,0,서울특별시 성북구 정릉동 896-11번지
11290,13300,0,0896,0014,,,일반건축물,단독주택,주택,73,0,33.52,19850626,1,0,서울특별시 성북구 정릉동 896-14번지
11290,13300,0,0896,0015,,,일반건축물,단독주택,주택,76,0,55.25,19850524,1,0,서울특별시 성북구 정릉동 896-15번지
11290,13300,0,0896,0017,,,일반건축물,단독주택,"주택, 변소",0,0,48.83,19670615,1,0,서울특별시 성북구 정릉동 896-17번지
11290,13300,0,0896,0018,라온누리라임,,일반건축물,단독주택,단독주택(다중주택),153.43,64.45,227.4,20180628,3,1,서울특별시 성북구 정릉동 896-18번지
11290,13300,0,0897,0000,,,표제부,공동주택,연립주택,0,790.02,3160.08,19850921,3,1,서울특별시 성북구 정릉동 897번지
11290,13300,0,0897,0002,,,일반건축물,단독주택,주택,0,0,40.1,19611231,1,0,서울특별시 성북구 정릉동 897-2번지
11290,13300,0,0897,0004,,,일반건축물,단독주택,주택,0,0,41.06,19700620,1,0,서울특별시 성북구 정릉동 897-4번지
11290,13300,0,0897,0005,,,일반건축물,단독주택,주택,112,0,57.76,19850630,1,0,서울특별시 성북구 정릉동 897-5번지
11290,13300,0,0897,0006,,,일반건축물,단독주택,주택,86.8,0,51.78,19850610,1,0,서울특별시 성북구 정릉동 897-6번지
11290,13300,0,0897,0007,,,일반건축물,단독주택,주택,0,0,54.94,19650905,1,0,서울특별시 성북구 정릉동 897-7번지
11290,13300,0,0897,0009,,,일반건축물,단독주택,주택,152.06,0,55.56,19850630,1,0,서울특별시 성북구 정릉동 897-9번지
11290,13300,0,0897,0010,,,일반건축물,종교시설,"문화및집회시설,종교시설",969.88,289.9,1641.62,20040518,3,2,서울특별시 성북구 정릉동 897-10번지
11290,13300,0,0897,0014,,,일반건축물,단독주택,주택,0,0,262.41,19860730,2,1,서울특별시 성북구 정릉동 897-14번지
11290,13300,0,0897,0016,,,일반건축물,제2종근린생활시설,제2종근린생활시설(사무소),261,61.56,61.56,19690210,1,0,서울특별시 성북구 정릉동 897-16번지
11290,13300,0,0897,0018,,,일반건축물,단독주택,주택,0,0,56.2,19651201,1,0,서울특별시 성북구 정릉동 897-18번지
11290,13300,0,0897,0020,,,일반건축물,단독주택,"주택, 근린생활시설",0,0,493.38,19880322,2,1,서울특별시 성북구 정릉동 897-20번지
11290,13300,0,0897,0030,,,일반건축물,단독주택,주택,0,0,47.11,19671213,1,0,서울특별시 성북구 정릉동 897-30번지
11290,13300,0,0897,0033,,,일반건축물,단독주택,주택,0,0,36.36,19700620,1,0,서울특별시 성북구 정릉동 897-33번지
11290,13300,0,0897,0034,,,일반건축물,제2종근린생활시설,"제1,2종근린생활시설",542.12,149.63,756.75,20140804,3,2,서울특별시 성북구 정릉동 897-34번지
11290,13300,0,0897,0038,,,일반건축물,단독주택,주택,0,0,67.47,19690501,1,0,서울특별시 성북구 정릉동 897-38번지
11290,13300,0,0897,0042,,,표제부,공동주택,연립주택,0,184.46,493.02,19810127,2,1,서울특별시 성북구 정릉동 897-42번지
11290,13300,0,0897,0044,라온누리라임,,일반건축물,단독주택,단독주택(다중주택),90,51.09,179.46,20180628,3,1,서울특별시 성북구 정릉동 897-44번지
11290,13300,0,0897,0045,,,표제부,공동주택,다세대주택(12세대),0,146.88,587.52,19920403,3,1,서울특별시 성북구 정릉동 897-45번지
11290,13300,0,0897,0049,,,일반건축물,단독주택,주택,66,0,38.76,19850630,1,0,서울특별시 성북구 정릉동 897-49번지
11290,13300,0,0898,0001,,,일반건축물,단독주택,주택,0,0,34.71,19650904,1,0,서울특별시 성북구 정릉동 898-1번지
11290,13300,0,0898,0003,,,일반건축물,단독주택,주택,0,0,98.68,19701221,1,1,서울특별시 성북구 정릉동 898-3번지
11290,13300,0,0898,0005,,,일반건축물,단독주택,"주택, 창고및대피소",0,0,218.82,19861213,2,1,서울특별시 성북구 정릉동 898-5번지
11290,13300,0,0898,0012,,1975,표제부,공동주택,연립주택,0,95.54,187.9,19750822,2,0,서울특별시 성북구 정릉동 898-12번지
11290,13300,0,0898,0014,,,일반건축물,제2종근린생활시설,"근린생활시설, 단독주택(다가구)",202.71,79.84,329.92,20050524,4,1,서울특별시 성북구 정릉동 898-14번지
11290,13300,0,0898,0015,,,일반건축물,단독주택,다가구용단독주택(4가구),220.08,66,264,19980424,3,1,서울특별시 성북구 정릉동 898-15번지
11290,13300,0,0898,0016,,,표제부,공동주택,연립주택,0,158.34,519.82,19830504,2,1,서울특별시 성북구 정릉동 898-16번지
11290,13300,0,0898,0017,,,일반건축물,단독주택,다가구용단독주택<5가구>,190.73,56.88,170.64,20000311,3,0,서울특별시 성북구 정릉동 898-17번지
11290,13300,0,0898,0019,,,일반건축물,단독주택,주택,0,0,32.03,19690330,1,0,서울특별시 성북구 정릉동 898-19번지
11290,13300,0,0898,0020,,,일반건축물,단독주택,주택,0,0,44.69,19670330,1,0,서울특별시 성북구 정릉동 898-20번지
11290,13300,0,0899,0001,,,일반건축물,단독주택,"단독주택,근린생활시설",119.41,47.74,128.48,19611231,3,0,서울특별시 성북구 정릉동 899-1번지
11290,13300,0,0899,0002,라온,,일반건축물,단독주택,단독주택(다중주택),230,90.24,329.31,20220303,3,1,서울특별시 성북구 정릉동 899-2번지
11290,13300,0,0900,0002,,,일반건축물,단독주택,단독주택(다중주택),217,84.77,319.46,20190110,3,1,서울특별시 성북구 정릉동 900-2번지
11290,13300,0,0900,0003,,,일반건축물,단독주택,"주택,근린생활시설",0,0,121.99,19751007,1,1,서울특별시 성북구 정릉동 900-3번지
11290,13300,0,0900,0004,,,일반건축물,단독주택,단독주택(다중주택),191,62.1,213.84,20190110,3,1,서울특별시 성북구 정릉동 900-4번지
11290,13300,0,0902,0000,,,일반건축물,창고시설,창고시설,0,161.28,161.28,20030212,1,0,서울특별시 성북구 정릉동 902번지
11290,13300,0,0902,0000,,,일반건축물,창고시설,창고시설,0,161.28,161.28,20030212,1,0,서울특별시 성북구 정릉동 902번지
11290,13300,0,0903,0001,세은파크빌,,일반건축물,단독주택,단독주택(다중주택),350,103.92,485.14,20180831,3,1,서울특별시 성북구 정릉동 903-1번지
11290,13300,0,0903,0007,,,일반건축물,단독주택,주택,132,58.74,109.61,19690506,2,0,서울특별시 성북구 정릉동 903-7번지
11290,13300,0,0903,0009,,,일반건축물,단독주택,"단독주택, 제2종근린생활시설",364,108.92,207.42,20010131,2,0,서울특별시 성북구 정릉동 903-9번지
11290,13300,0,0903,0010,,,일반건축물,단독주택,주택,0,0,152.23,19761122,1,1,서울특별시 성북구 정릉동 903-10번지
11290,13300,0,0903,0012,,,표제부,공동주택,다세대주택,0,98.56,419.08,19911211,3,1,서울특별시 성북구 정릉동 903-12번지
11290,13300,0,0903,0013,,,표제부,공동주택,다세대주택(8세대),0,98.56,439.24,19920313,3,1,서울특별시 성북구 정릉동 903-13번지
11290,13300,0,0903,0014,호암,,일반건축물,단독주택,단독주택(다중주택),341,98.33,329.84,20170529,3,1,서울특별시 성북구 정릉동 903-14번지
11290,13300,0,0904,0000,,,일반건축물,단독주택,"다가구주택(9가구),근린생활시설, 기숙사",951.33,283.78,1196.09,19800208,3,1,서울특별시 성북구 정릉동 904번지
11290,13300,0,0905,0002,,,표제부,제1종근린생활시설,제1종근린생활시설,0,110.78,191.87,19701113,2,0,서울특별시 성북구 정릉동 905-2번지
11290,13300,0,0905,0003,,,표제부,공동주택,다세대주택(5세대),212,63.18,297.64,19950603,3,1,서울특별시 성북구 정릉동 905-3번지
11290,13300,0,0905,0004,,,일반건축물,단독주택,단독주택(다중주택),172,68.58,274.32,20180809,3,1,서울특별시 성북구 정릉동 905-4번지
11290,13300,0,0905,0005,,,표제부,공동주택,다세대주택(3세대),0,36.73,111.99,19920727,2,1,서울특별시 성북구 정릉동 905-5번지
11290,13300,0,0905,0006,,,표제부,공동주택,다세대주택(3세대),0,42.27,128.91,19920727,2,1,서울특별시 성북구 정릉동 905-6번지
11290,13300,0,0905,0007,,,일반건축물,단독주택,주택,0,0,105.78,19870825,2,1,서울특별시 성북구 정릉동 905-7번지
11290,13300,0,0905,0008,,,표제부,제1종근린생활시설,"근린생활시설,주택",0,110.78,191.87,19701113,2,0,서울특별시 성북구 정릉동 905-8번지
11290,13300,0,0906,0000,,,표제부,공동주택,다세대주택,0,163.73,654.92,19880818,3,1,서울특별시 성북구 정릉동 906번지
11290,13300,0,0907,0000,,,표제부,공동주택,다세대주택,0,275.85,827.55,19890227,2,1,서울특별시 성북구 정릉동 907번지
11290,13300,0,0908,0000,,,표제부,공동주택,다세대주택,0,299.7,899.1,19890727,2,1,서울특별시 성북구 정릉동 908번지
11290,13300,0,0908,0003,,,표제부,공동주택,다세대주택,0,295.74,887.22,19890911,2,1,서울특별시 성북구 정릉동 908-3번지
11290,13300,0,0911,0000,,,표제부,공동주택,다세대주택,0,167.54,502.62,19900510,2,1,서울특별시 성북구 정릉동 911번지
11290,13300,0,0913,0001,,,일반건축물,단독주택,주택,0,0,297.26,19860203,2,1,서울특별시 성북구 정릉동 913-1번지
11290,13300,0,0913,0005,,,일반건축물,단독주택,"주택, 점포",0,0,123.71,19701113,1,0,서울특별시 성북구 정릉동 913-5번지
11290,13300,0,0913,0007,,,일반건축물,단독주택,주택,0,0,246.6,19831130,2,1,서울특별시 성북구 정릉동 913-7번지
11290,13300,0,0914,0001,,,표제부,공동주택,연립주택,0,298.53,895.59,19840528,2,1,서울특별시 성북구 정릉동 914-1번지
11290,13300,0,0916,0001,,,표제부,공동주택,도시형생활주택(원룸형),3560,973.56,3588.48,20151217,3,1,서울특별시 성북구 정릉동 916-1번지
11290,13300,0,0918,0000,,,일반건축물,제2종근린생활시설,제2종근린생활시설,444,128.13,435.17,20020628,2,1,서울특별시 성북구 정릉동 918번지
11290,13300,0,0918,0001,,,일반건축물,제2종근린생활시설,제2종근린생활시설,771.24,230.97,732.27,20050530,3,1,서울특별시 성북구 정릉동 918-1번지
11290,13300,0,0921,0000,정릉동 북악빌딩,,일반건축물,단독주택,다가구주택,0,173.72,588.82,20200409,3,1,서울특별시 성북구 정릉동 921번지
11290,13300,0,0921,0000,정릉동 북악빌딩,,일반건축물,제2종근린생활시설,제2종근린생활시설,1065,140.48,654.31,19830713,3,1,서울특별시 성북구 정릉동 921번지
11290,13300,0,0921,0002,,,일반건축물,제2종근린생활시설,제2종근린생활시설,580,173.64,490.84,20061213,3,0,서울특별시 성북구 정릉동 921-2번지
11290,13300,0,0921,0003,,1971,표제부,공동주택,아파트,0,488.69,969.68,19710310,2,0,서울특별시 성북구 정릉동 921-3번지
11290,13300,0,0921,0004,,,일반건축물,단독주택,단독주택,222,70,165.95,19780614,2,1,서울특별시 성북구 정릉동 921-4번지
11290,13300,0,0921,0005,,,일반건축물,단독주택,단독주택,229,68.56,137.12,19780614,1,1,서울특별시 성북구 정릉동 921-5번지
11290,13300,0,0921,0007,에버빌3차,,표제부,공동주택,"공동주택,다세대주택",255,152.92,763.08,20030901,4,1,서울특별시 성북구 정릉동 921-7번지
11290,13300,0,0921,0008,에버빌 1차,,표제부,공동주택,"공동주택,다세대주택",250,149.97,770,20030628,4,1,서울특별시 성북구 정릉동 921-8번지
11290,13300,0,0921,0009,,,일반건축물,단독주택,단독주택,241,70.68,121.03,19780614,1,1,서울특별시 성북구 정릉동 921-9번지
11290,13300,0,0921,0010,,,일반건축물,단독주택,단독주택,234,68.86,137.72,19780614,1,1,서울특별시 성북구 정릉동 921-10번지
11290,13300,0,0921,0011,에버빌2차,,표제부,공동주택,공동주택,247,147.82,765.3,20030920,4,1,서울특별시 성북구 정릉동 921-11번지
11290,13300,0,0921,0012,,,일반건축물,단독주택,단독주택,252,76.5,153,19780614,1,1,서울특별시 성북구 정릉동 921-12번지
11290,13300,0,0922,0001,,,표제부,공동주택,연립주택,0,886.08,3544.32,19871006,3,1,서울특별시 성북구 정릉동 922-1번지
11290,13300,0,0924,0001,,,표제부,공동주택,연립주택,0,200.74,792.57,,3,1,서울특별시 성북구 정릉동 924-1번지
11290,13300,0,0924,0002,,,일반건축물,제1종근린생활시설,"다가구주택, 제1종근린생활시설",160,63.99,413.2,20101216,3,2,서울특별시 성북구 정릉동 924-2번지
11290,13300,0,0924,0003,,,일반건축물,단독주택,주택,0,0,42.15,19701212,1,0,서울특별시 성북구 정릉동 924-3번지
11290,13300,0,0925,0001,,,표제부,공동주택,연립주택,0,786.24,3287.88,19871219,3,1,서울특별시 성북구 정릉동 925-1번지
11290,13300,0,0927,0000,,199,표제부,공동주택,연립주택,0,471.6,1884.24,19900816,3,1,서울특별시 성북구 정릉동 927번지
11290,13300,0,0927,0000,,,일반건축물,창고시설,펌프실,0,0,7.5,19900816,0,1,서울특별시 성북구 정릉동 927번지
11290,13300,0,0930,0003,,,일반건축물,단독주택,단독주택,204.24,75.15,314.67,20151106,3,1,서울특별시 성북구 정릉동 930-3번지
11290,13300,0,0932,0002,,,일반건축물,단독주택,주택,0,0,63.73,19681001,1,0,서울특별시 성북구 정릉동 932-2번지
11290,13300,0,0939,0002,,,일반건축물,제2종근린생활시설,사사,0,0,90.91,19610524,1,0,서울특별시 성북구 정릉동 939-2번지
11290,13300,0,0939,0002,,,일반건축물,제2종근린생활시설,문화및집회시설,0,0,104.92,19650815,1,0,서울특별시 성북구 정릉동 939-2번지
11290,13300,0,0940,0000,,,일반건축물,단독주택,주택,0,0,39.67,19660302,1,0,서울특별시 성북구 정릉동 940번지
11290,13300,0,0940,0000,,,일반건축물,단독주택,주택,0,0,27.77,19580815,1,0,서울특별시 성북구 정릉동 940번지
11290,13300,0,0940,0000,,,일반건축물,단독주택,주택,0,0,30.84,19660501,1,0,서울특별시 성북구 정릉동 940번지
11290,13300,0,0941,0001,,,일반건축물,단독주택,단독주택,303.29,181.38,299.88,20161214,3,0,서울특별시 성북구 정릉동 941-1번지
11290,13300,0,0941,0002,관음사(사원),,일반건축물,종교시설,사원,775.15,19,19,20081126,1,0,서울특별시 성북구 정릉동 941-2번지
11290,13300,0,0941,0002,관음사(법당),,일반건축물,종교시설,사찰,775.15,289.56,623.14,20081126,3,0,서울특별시 성북구 정릉동 941-2번지
11290,13300,0,0941,0005,,,일반건축물,단독주택,단독주택,194,109.95,229.52,20201230,3,0,서울특별시 성북구 정릉동 941-5번지
11290,13300,0,0941,0007,,,일반건축물,단독주택,단독주택,330,122,199.8,20171122,2,0,서울특별시 성북구 정릉동 941-7번지
11290,13300,0,0941,0008,,,일반건축물,단독주택,단독주택,293.92,109.48,176.44,20151224,2,0,서울특별시 성북구 정릉동 941-8번지
11290,13300,0,0942,0000,,,일반건축물,단독주택,단독주택,453,180.44,199.8,20071204,3,0,서울특별시 성북구 정릉동 942번지
11290,13300,0,0944,0000,,,일반건축물,종교시설,문화및집회시설(법당),0,0,66.97,19791211,1,0,서울특별시 성북구 정릉동 944번지
11290,13300,0,0946,0000,,,일반건축물,단독주택,주택,0,0,217.82,19650901,1,1,서울특별시 성북구 정릉동 946번지
11290,13300,0,0947,0001,,,일반건축물,제2종근린생활시설,사찰,0,0,49.36,19680807,1,0,서울특별시 성북구 정릉동 947-1번지
11290,13300,0,0951,0001,,,일반건축물,단독주택,주택,0,0,56.26,19681110,1,0,서울특별시 성북구 정릉동 951-1번지
11290,13300,0,0951,0002,,,일반건축물,단독주택,주택,0,0,56.26,19681110,1,0,서울특별시 성북구 정릉동 951-2번지
11290,13300,0,0952,0001,,,일반건축물,제2종근린생활시설,근린생활시설,0,0,56.26,19681110,1,0,서울특별시 성북구 정릉동 952-1번지
11290,13300,0,0952,0009,,,일반건축물,단독주택,주택,0,0,56.26,19681110,1,0,서울특별시 성북구 정릉동 952-9번지
11290,13300,0,0952,0010,,,일반건축물,단독주택,주택,0,0,56.26,19681110,1,0,서울특별시 성북구 정릉동 952-10번지
11290,13300,0,0952,0011,,,일반건축물,단독주택,주택,0,0,56.26,19681110,1,0,서울특별시 성북구 정릉동 952-11번지
11290,13300,0,0952,0012,,,일반건축물,단독주택,주택,0,0,56.26,19681110,1,0,서울특별시 성북구 정릉동 952-12번지
11290,13300,0,0952,0013,,,일반건축물,단독주택,주택,0,0,56.26,19681110,1,0,서울특별시 성북구 정릉동 952-13번지
11290,13300,0,0952,0014,,,일반건축물,단독주택,주택,0,0,56.26,19681110,1,0,서울특별시 성북구 정릉동 952-14번지
11290,13300,0,0955,0001,,,일반건축물,단독주택,주택,0,0,57.49,19671230,1,0,서울특별시 성북구 정릉동 955-1번지
11290,13300,0,0955,0002,,,일반건축물,단독주택,주택,0,0,57.49,19671230,1,0,서울특별시 성북구 정릉동 955-2번지
11290,13300,0,0955,0003,,,일반건축물,단독주택,주택,0,0,57.49,19671230,1,0,서울특별시 성북구 정릉동 955-3번지
11290,13300,0,0955,0005,,,일반건축물,단독주택,주택,0,0,57.49,19671230,1,0,서울특별시 성북구 정릉동 955-5번지
11290,13300,0,0955,0006,,,일반건축물,단독주택,주택,0,0,57.49,19671230,1,0,서울특별시 성북구 정릉동 955-6번지
11290,13300,0,0955,0007,,,일반건축물,단독주택,주택,0,0,57.49,19671230,1,0,서울특별시 성북구 정릉동 955-7번지
11290,13300,0,0955,0008,,,일반건축물,단독주택,단독주택,173.4,51.84,99.63,20000814,2,0,서울특별시 성북구 정릉동 955-8번지
11290,13300,0,0955,0009,,,일반건축물,단독주택,주택,0,0,57.49,19671230,1,0,서울특별시 성북구 정릉동 955-9번지
11290,13300,0,0955,0010,,,일반건축물,단독주택,주택,0,0,57.49,19671230,1,0,서울특별시 성북구 정릉동 955-10번지
11290,13300,0,0955,0011,,,일반건축물,단독주택,주택,0,0,57.49,19671230,1,0,서울특별시 성북구 정릉동 955-11번지
11290,13300,0,0957,0002,,,일반건축물,제1종근린생활시설,근린생활시설,0,0,46.97,19690103,1,0,서울특별시 성북구 정릉동 957-2번지
11290,13300,0,0957,0003,,,일반건축물,제1종근린생활시설,근린생활시설,324,89.43,460.23,19941226,3,1,서울특별시 성북구 정릉동 957-3번지
11290,13300,0,0957,0004,,,일반건축물,단독주택,"주택, 근린생활시설",0,0,233.85,19661205,2,1,서울특별시 성북구 정릉동 957-4번지
11290,13300,0,0957,0005,,,일반건축물,제1종근린생활시설,근린생활시설,0,0,705.2,19891109,3,1,서울특별시 성북구 정릉동 957-5번지
11290,13300,0,0957,0008,,,일반건축물,제1종근린생활시설,제1종근린생활시설,180,59.84,315.36,19941115,3,1,서울특별시 성북구 정릉동 957-8번지
11290,13300,0,0957,0010,,,일반건축물,제1종근린생활시설,근린생활시설,257,76.48,374.72,20000417,3,1,서울특별시 성북구 정릉동 957-10번지
11290,13300,0,0957,0017,,,일반건축물,제1종근린생활시설,근린생활시설,0,0,98.61,19750801,1,0,서울특별시 성북구 정릉동 957-17번지
11290,13300,0,0957,0018,,,일반건축물,제1종근린생활시설,근린생활시설,224.4,0,142.94,19831104,1,0,서울특별시 성북구 정릉동 957-18번지
11290,13300,0,0957,0022,,,일반건축물,단독주택,주택,0,0,20.26,19690103,1,0,서울특별시 성북구 정릉동 957-22번지
11290,13300,0,0957,0040,,,일반건축물,단독주택,주택,0,0,14.88,19650905,1,0,서울특별시 성북구 정릉동 957-40번지
11290,13300,0,0957,0041,,,일반건축물,단독주택,주택,0,0,29.22,19690103,1,0,서울특별시 성북구 정릉동 957-41번지
11290,13300,0,0959,0000,,,일반건축물,단독주택,"주택, 축사",0,0,102.48,19661030,1,0,서울특별시 성북구 정릉동 959번지
11290,13300,0,0966,0001,성북아동청소년센터,,일반건축물,업무시설,업무시설(공공업무시설),565,246.81,1097.31,19801231,4,1,서울특별시 성북구 정릉동 966-1번지
11290,13300,0,0966,0003,,,일반건축물,제1종근린생활시설,제1종근린생활시설,133,76.5,124.62,19960113,2,0,서울특별시 성북구 정릉동 966-3번지
11290,13300,0,0966,0004,삼성레드빌(B동),,표제부,공동주택,도시형생활주택(단지형다세대주택),567,169,535.08,20130129,5,0,서울특별시 성북구 정릉동 966-4번지
11290,13300,0,0966,0004,삼성레드빌(A동),,표제부,공동주택,근린생활시설 및 도시형생활주택(단지형다세대주택),567,167.29,594.04,20130129,5,0,서울특별시 성북구 정릉동 966-4번지
11290,13300,0,0966,0006,,,일반건축물,단독주택,주택,0,0,6.58,19671105,1,0,서울특별시 성북구 정릉동 966-6번지
11290,13300,0,0966,0007,,,일반건축물,단독주택,"주택, 점포",0,0,227.77,19680705,3,0,서울특별시 성북구 정릉동 966-7번지
11290,13300,0,0966,0013,,,일반건축물,단독주택,주택,0,0,47.27,19670626,1,0,서울특별시 성북구 정릉동 966-13번지
11290,13300,0,0966,0024,,,일반건축물,노유자시설,교육연구및복지시설(노인복지),112,71.86,138,19891202,2,0,서울특별시 성북구 정릉동 966-24번지
11290,13300,0,0966,0042,,,일반건축물,단독주택,주택,0,0,158.15,19720513,2,1,서울특별시 성북구 정릉동 966-42번지
11290,13300,0,0966,0043,,,일반건축물,단독주택,"주택, 근린생활시설",0,0,108.08,19651201,2,0,서울특별시 성북구 정릉동 966-43번지
11290,13300,0,0966,0046,,,일반건축물,제1종근린생활시설,영업용,0,0,21.23,19740215,1,0,서울특별시 성북구 정릉동 966-46번지
11290,13300,0,0966,0051,,,일반건축물,단독주택,주택,0,0,38.68,19661001,1,0,서울특별시 성북구 정릉동 966-51번지
11290,13300,0,0966,0055,,,일반건축물,제2종근린생활시설,제2종근린생활시설(일반음식점),0,0,62.81,,1,0,서울특별시 성북구 정릉동 966-55번지
11290,13300,0,0966,0057,,,일반건축물,제1종근린생활시설,"근린생활시설, 대피소",0,0,71.31,19771007,2,1,서울특별시 성북구 정릉동 966-57번지
11290,13300,0,0966,0086,,,일반건축물,제1종근린생활시설,근린생활시설,0,0,20,19400826,1,0,서울특별시 성북구 정릉동 966-86번지
11290,13300,0,0966,0093,,,일반건축물,단독주택,단독주택(다가구주택-5가구),143,85.65,224.91,20110404,3,0,서울특별시 성북구 정릉동 966-93번지
11290,13300,0,0966,0095,,,일반건축물,제2종근린생활시설,근린생활시설,0,0,38.5,19831019,1,0,서울특별시 성북구 정릉동 966-95번지
11290,13300,0,0966,0100,,,일반건축물,노유자시설,교육연구및복지시설(노유자시설),0,0,267.97,19740228,2,0,서울특별시 성북구 정릉동 966-100번지
11290,13300,0,0966,0101,,,일반건축물,제1종근린생활시설,제1종근린생활시설(점포),0,0,402.42,19801107,4,1,서울특별시 성북구 정릉동 966-101번지
11290,13300,0,0966,0112,,,일반건축물,제1종근린생활시설,근린생활시설,1046,353.3,1559.51,19930521,3,1,서울특별시 성북구 정릉동 966-112번지
11290,13300,0,0966,0113,,,일반건축물,자동차관련시설,"자동차관련시설, 근린생활시설",200,70.63,139.02,19960913,2,0,서울특별시 성북구 정릉동 966-113번지
11290,13300,0,0966,0124,,,일반건축물,제2종근린생활시설,"제2종근린생활시설, 주택",136,79.26,411.8,19981029,5,1,서울특별시 성북구 정릉동 966-124번지
11290,13300,0,0966,0134,,,일반건축물,제2종근린생활시설,제1종근린생활시설,123.81,73.57,246.22,20051228,4,0,서울특별시 성북구 정릉동 966-134번지
11290,13300,0,0966,0146,,,표제부,공동주택,다세대주택(5세대),0,75.1,375.5,19920901,4,1,서울특별시 성북구 정릉동 966-146번지
11290,13300,0,0966,0149,,,일반건축물,단독주택,단독주택(다가구주택),103,61.755,210.07,19970820,3,1,서울특별시 성북구 정릉동 966-149번지
11290,13300,0,0966,0150,다온,,일반건축물,단독주택,단독주택,116,68.62,231.27,20180111,4,0,서울특별시 성북구 정릉동 966-150번지
11290,13300,0,0966,0173,,,일반건축물,제2종근린생활시설,사무실,0,0,115.5,19800912,2,0,서울특별시 성북구 정릉동 966-173번지
11290,13300,0,0966,0174,,,일반건축물,제1종근린생활시설,제1종근린생활시설 근린공공시설(파출소),126,73.9,240.68,19930125,3,1,서울특별시 성북구 정릉동 966-174번지
11290,13300,0,0966,0193,,,일반건축물,제1종근린생활시설,근린생활시설,756.5,327.25,595.36,19871208,2,1,서울특별시 성북구 정릉동 966-193번지
11290,13300,0,0966,0223,,,일반건축물,제2종근린생활시설,"근린생활시설,단독주택",235,140.6,491.96,20061020,3,1,서울특별시 성북구 정릉동 966-223번지
11290,13300,0,0966,0236,,,일반건축물,단독주택,주택,425,199.94,528.58,20001226,2,1,서울특별시 성북구 정릉동 966-236번지
11290,13300,0,0966,0269,,,일반건축물,제2종근린생활시설,근린생활시설,0,0,42.41,19581220,1,0,서울특별시 성북구 정릉동 966-269번지
11290,13300,0,0966,0295,,,일반건축물,제1종근린생활시설,근린생활시설,249,112.89,422.94,19970325,3,1,서울특별시 성북구 정릉동 966-295번지
11290,13300,0,0968,0002,,,일반건축물,제2종근린생활시설,사무실,0,0,88.99,19780218,2,1,서울특별시 성북구 정릉동 968-2번지
11290,13300,0,0996,0000,,,일반건축물,제2종근린생활시설,사무실,0,0,44.63,19480930,1,0,서울특별시 성북구 정릉동 996번지
11290,13300,0,1013,0000,청구아파트,,표제부,공동주택,<공동주택>아파트외 1용도,2014.3,828.91,6751.41,19990111,9,2,서울특별시 성북구 정릉동 1013번지
11290,13300,0,1014,0000,정릉스카이 쌍용 아파트 제102동,,표제부,공동주택,공동주택(아파트),0,852.364,17085.124,19990212,20,3,서울특별시 성북구 정릉동 1014번지
11290,13300,0,1014,0000,정릉스카이 쌍용 아파트 제103동,,표제부,공동주택,공동주택(아파트),0,769.05,14757.78,19990212,17,3,서울특별시 성북구 정릉동 1014번지
11290,13300,0,1014,0000,정릉스카이 쌍용 아파트 제101동,,표제부,공동주택,공동주택(아파트),0,1095.916,23944.246,19990212,20,3,서울특별시 성북구 정릉동 1014번지
11290,13300,0,1014,0000,정릉스카이 쌍용 아파트 상가동,,표제부,공동주택,생활편익시설,0,200.53,631.82,19990212,2,2,서울특별시 성북구 정릉동 1014번지
11290,13300,0,1015,0000,길음뉴타운 경남아너스빌,,표제부,공동주택,공동주택(아파트),0,637.66,11889.78,19990619,18,2,서울특별시 성북구 정릉동 1015번지
11290,13300,0,1015,0000,길음뉴타운 경남아너스빌,,표제부,공동주택,공동주택(아파트),0,730.42,13769.74,19990619,21,2,서울특별시 성북구 정릉동 1015번지
11290,13300,0,1015,0000,길음뉴타운 경남아너스빌,,표제부,공동주택,공동주택(아파트),0,486.5,10402.4,19990619,21,2,서울특별시 성북구 정릉동 1015번지
11290,13300,0,1015,0000,길음뉴타운 경남아너스빌,,표제부,공동주택,"생활편익시설, 근린생활시설",0,296.68,1163.2,19990619,3,1,서울특별시 성북구 정릉동 1015번지
11290,13300,0,1015,0000,길음뉴타운 경남아너스빌,,표제부,공동주택,공동주택(아파트),0,630.31,13608.8,19990619,21,2,서울특별시 성북구 정릉동 1015번지
11290,13300,0,1015,0000,길음뉴타운 경남아너스빌,,표제부,공동주택,공동주택(아파트),0,575.61,10112.51,19990619,21,2,서울특별시 성북구 정릉동 1015번지
11290,13300,0,1015,0000,길음뉴타운 경남아너스빌,,표제부,공동주택,공동주택(아파트),0,807.81,17971.86,19990619,21,2,서울특별시 성북구 정릉동 1015번지
11290,13300,0,1015,0000,길음뉴타운 경남아너스빌,,표제부,공동주택,공동주택(아파트),0,750.37,16231.67,19990619,21,2,서울특별시 성북구 정릉동 1015번지
11290,13300,0,1015,0000,길음뉴타운 경남아너스빌,,표제부,공동주택,공동주택(아파트),0,422.35,10096.8,19990619,21,2,서울특별시 성북구 정릉동 1015번지
11290,13300,0,1016,0000,정릉우방아파트,,표제부,공동주택,공동주택,4834.6,1448.185,27327.04,19990728,18,2,서울특별시 성북구 정릉동 1016번지
11290,13300,0,1017,0000,정릉 쌍용아파트,,표제부,공동주택,아파트,0,646.58,8233.79,19991113,19,0,서울특별시 성북구 정릉동 1017번지
11290,13300,0,1017,0000,정릉 쌍용아파트,,표제부,공동주택,아파트,0,764.84,9726.42,19991113,19,0,서울특별시 성북구 정릉동 1017번지
11290,13300,0,1017,0000,정릉 쌍용아파트,,표제부,공동주택,아파트(생활편익시설),0,144.42,715.24,19991113,4,1,서울특별시 성북구 정릉동 1017번지
11290,13300,0,1018,0000,길음뉴타운 데시앙,,표제부,공동주택,공동주택(아파트),0,592.05,10682.78,19991122,17,1,서울특별시 성북구 정릉동 1018번지
11290,13300,0,1018,0000,길음뉴타운 데시앙,,표제부,공동주택,공동주택(아파트),0,1002.489,17957.264,19991122,18,2,서울특별시 성북구 정릉동 1018번지
11290,13300,0,1018,0000,길음뉴타운 데시앙,,표제부,공동주택,공동주택(아파트),0,503.428,7111.499,19991122,16,2,서울특별시 성북구 정릉동 1018번지
11290,13300,0,1018,0000,길음뉴타운 데시앙,,표제부,제1종근린생활시설,근린생활시설,0,660.35,2272.96,19991122,1,2,서울특별시 성북구 정릉동 1018번지
11290,13300,0,1018,0000,길음뉴타운 데시앙,,표제부,공동주택,공동주택(아파트),0,235.64,2893.938,19991122,13,2,서울특별시 성북구 정릉동 1018번지
11290,13300,0,1018,0000,길음뉴타운 데시앙,,표제부,공동주택,공동주택(아파트),0,1000.6,19852.749,19991122,19,2,서울특별시 성북구 정릉동 1018번지
11290,13300,0,1018,0000,길음뉴타운 데시앙,,표제부,공동주택,공동주택(아파트),0,1093.595,8633.27,19991122,16,1,서울특별시 성북구 정릉동 1018번지
11290,13300,0,1018,0001,정릉1동 태영아파트2단지 상가동,,표제부,제1종근린생활시설,근린생활시설,0,229.06,776.68,19991122,2,1,서울특별시 성북구 정릉동 1018-1번지
11290,13300,0,1019,0000,정릉 성원 아파트 101동,,표제부,공동주택,공동주택(아파트),0,833.12,21654.14,20000117,18,2,서울특별시 성북구 정릉동 1019번지
11290,13300,0,1019,0000,정릉 성원 아파트 102동,,표제부,공동주택,공동주택(아파트),0,987.44,14465.58,20000117,19,0,서울특별시 성북구 정릉동 1019번지
11290,13300,0,1020,0000,정릉 우성아파트 상가 3,,표제부,공동주택,생활편익시설,0,1332.04,1592.55,20000212,3,1,서울특별시 성북구 정릉동 1020번지
11290,13300,0,1020,0000,경비실(3개동),,표제부,공동주택,경비실,0,0,25.71,,1,0,서울특별시 성북구 정릉동 1020번지
11290,13300,0,1020,0000,관리동,,표제부,공동주택,"관리사무소,노인정",0,0,357,,2,1,서울특별시 성북구 정릉동 1020번지
11290,13300,0,1020,0000,정릉 우성아파트 101동,,표제부,공동주택,아파트,0,863.84,14938.86,20000212,19,1,서울특별시 성북구 정릉동 1020번지
11290,13300,0,1020,0000,정릉 우성아파트 상가 2,,표제부,공동주택,생활편익시설,1137.01,568,1482,19990619,2,1,서울특별시 성북구 정릉동 1020번지
11290,13300,0,1020,0000,정릉 우성아파트 102동,,표제부,공동주택,아파트,0,545.26,9012.34,20000212,19,1,서울특별시 성북구 정릉동 1020번지
11290,13300,0,1020,0000,정릉 우성아파트 104동,,표제부,공동주택,아파트,0,1107.9,18261.23,20000212,19,1,서울특별시 성북구 정릉동 1020번지
11290,13300,0,1020,0000,정릉 우성아파트 105동,,표제부,공동주택,아파트,0,928.48,15281.44,20000212,19,1,서울특별시 성북구 정릉동 1020번지
11290,13300,0,1020,0000,지하주차장,,표제부,공동주택,지하주차장,0,0,14642.73,,0,6,서울특별시 성북구 정릉동 1020번지
11290,13300,0,1020,0000,운동시설,,표제부,운동시설,운동시설,0,20,20,,1,0,서울특별시 성북구 정릉동 1020번지
11290,13300,0,1020,0000,정릉1동주민센터,,일반건축물,제1종근린생활시설,근린공공시설,503,245.43,975.42,19940415,4,1,서울특별시 성북구 정릉동 1020번지
11290,13300,0,1020,0000,"기계실,전기실",,표제부,공동주택,"기계실,전기실",0,0,288.4,,0,1,서울특별시 성북구 정릉동 1020번지
11290,13300,0,1020,0000,정릉 우성아파트 103동,,표제부,공동주택,아파트,0,1138.2,21957.22,20000212,19,1,서울특별시 성북구 정릉동 1020번지
11290,13300,0,1020,0000,정릉 우성아파트 상가 1,,표제부,공동주택,생활편익시설,805,401.64,1586.92,19990610,4,0,서울특별시 성북구 정릉동 1020번지
11290,13300,0,1021,0000,정릉대우아파트,,표제부,공동주택,공동주택(아파트),0,668.837,7830.43,20010621,16,0,서울특별시 성북구 정릉동 1021번지
11290,13300,0,1021,0000,정릉대우아파트,,표제부,공동주택,공동주택(아파트),0,1229.596,15464.43,20010621,16,0,서울특별시 성북구 정릉동 1021번지
11290,13300,0,1021,0000,,,표제부,공동주택,"주차장,대피소",0,0,2927.9,20010621,0,2,서울특별시 성북구 정릉동 1021번지
11290,13300,0,1021,0000,정릉대우아파트,,표제부,공동주택,공동주택(아파트),0,329.598,4147.65,20010621,16,0,서울특별시 성북구 정릉동 1021번지
11290,13300,0,1021,0000,,,표제부,공동주택,경비실(7.02X2),0,0,14.04,20010621,1,0,서울특별시 성북구 정릉동 1021번지
11290,13300,0,1021,0000,,,표제부,공동주택,노인정,0,0,121,20010621,1,0,서울특별시 성북구 정릉동 1021번지
11290,13300,0,1021,0000,정릉대우아파트,,표제부,공동주택,공동주택(아파트),0,576.296,7623.34,20010621,17,0,서울특별시 성북구 정릉동 1021번지
11290,13300,0,1021,0000,,,표제부,공동주택,경비실,0,0,41.08,20010621,1,0,서울특별시 성북구 정릉동 1021번지
11290,13300,0,1021,0000,정릉대우아파트,,표제부,공동주택,생활편익시설,0,285.065,1434.218,20010621,3,2,서울특별시 성북구 정릉동 1021번지
11290,13300,0,1021,0000,정릉대우아파트,,표제부,공동주택,공동주택(아파트),0,896.464,10127.52,20010621,13,0,서울특별시 성북구 정릉동 1021번지
11290,13300,0,1021,0000,,,표제부,공동주택,"주차장,대피소,전기실,펌프실,주민공동시설",0,0,23938.58,20010621,0,3,서울특별시 성북구 정릉동 1021번지
11290,13300,0,1021,0000,정릉대우아파트,,표제부,공동주택,공동주택(아파트),0,862.016,13647.51,20010621,18,0,서울특별시 성북구 정릉동 1021번지
11290,13300,0,1021,0000,정릉대우아파트,,표제부,공동주택,공동주택(아파트),0,576.674,6739.33,20010621,16,0,서울특별시 성북구 정릉동 1021번지
11290,13300,0,1022,0000,대동아파트,,표제부,공동주택,아파트,2917.3,527.76,10278.7,20031103,19,1,서울특별시 성북구 정릉동 1022번지
11290,13300,0,1024,0000,피오레아파트,,표제부,공동주택,"지하주차장,기계실",0,0,7144.11,20041202,0,2,서울특별시 성북구 정릉동 1024번지
11290,13300,0,1024,0000,피오레아파트,,표제부,공동주택,"관리,노인정,MDF실",0,81.45,154.51,20041202,2,0,서울특별시 성북구 정릉동 1024번지
11290,13300,0,1024,0000,피오레아파트,,표제부,공동주택,경비실,0,8.4,8.4,20041202,1,0,서울특별시 성북구 정릉동 1024번지
11290,13300,0,1024,0000,피오레아파트,,표제부,공동주택,아파트,5667.3,693.23,7214.26,20041130,15,0,서울특별시 성북구 정릉동 1024번지
11290,13300,0,1024,0000,피오레아파트,,표제부,공동주택,아파트,5667.3,703.91,8293.91,20041130,15,0,서울특별시 성북구 정릉동 1024번지
11290,13300,0,1025,0000,정릉힐스테이트,,표제부,공동주택,아파트,0,263.75,4934.73,20041223,22,0,서울특별시 성북구 정릉동 1025번지
11290,13300,0,1025,0000,정릉힐스테이트,,표제부,공동주택,아파트,0,263.75,4966.61,20041223,23,0,서울특별시 성북구 정릉동 1025번지
11290,13300,0,1025,0000,정릉힐스테이트,,표제부,공동주택,아파트,0,206.02,3564.54,20041223,22,0,서울특별시 성북구 정릉동 1025번지
11290,13300,0,1025,0000,정릉힐스테이트,,표제부,공동주택,경비실,0,14.58,14.58,20041223,1,0,서울특별시 성북구 정릉동 1025번지
11290,13300,0,1025,0000,정릉힐스테이트,,표제부,제1종근린생활시설,제1종근린생활시설,0,345.57,647.54,20041223,2,0,서울특별시 성북구 정릉동 1025번지
11290,13300,0,1025,0000,정릉힐스테이트,,표제부,공동주택,아파트,0,263.75,5158.81,20041223,23,0,서울특별시 성북구 정릉동 1025번지
11290,13300,0,1025,0000,정릉힐스테이트,,표제부,공동주택,아파트,0,263.75,4550.57,20041223,22,0,서울특별시 성북구 정릉동 1025번지
11290,13300,0,1025,0000,정릉힐스테이트,,표제부,공동주택,아파트,0,263.75,4742.53,20041223,22,0,서울특별시 성북구 정릉동 1025번지
11290,13300,0,1025,0000,정릉힐스테이트,,표제부,공동주택,"주차장,기계실,전기실,발전기실,창고및복도 등",0,0,18423.32,20041223,0,2,서울특별시 성북구 정릉동 1025번지
11290,13300,0,1025,0000,정릉힐스테이트,,표제부,공동주택,경비실,0,14.58,14.58,20041223,1,0,서울특별시 성북구 정릉동 1025번지
11290,13300,0,1025,0000,정릉힐스테이트,,표제부,공동주택,경비실,0,14.58,14.58,20041223,1,0,서울특별시 성북구 정릉동 1025번지
11290,13300,0,1025,0000,정릉힐스테이트,,표제부,공동주택,"노인정,MDF실",0,91.85,88.26,20041223,1,0,서울특별시 성북구 정릉동 1025번지
11290,13300,0,1025,0000,정릉힐스테이트,,표제부,공동주택,아파트,0,527.5,11021.74,20041223,25,0,서울특별시 성북구 정릉동 1025번지
11290,13300,0,1027,0000,한성쁘렛뜨빌연립주택,,표제부,공동주택,연립주택,1070,564.83,3314.71,20061206,4,2,서울특별시 성북구 정릉동 1027번지
11290,13300,0,1028,0000,정릉 이-편한세상,,표제부,공동주택,경비실,0,13.16,13.16,20060602,1,0,서울특별시 성북구 정릉동 1028번지
11290,13300,0,1028,0000,정릉 이-편한세상,,표제부,공동주택,아파트,0,253.75,4330.53,20060602,20,1,서울특별시 성북구 정릉동 1028번지
11290,13300,0,1028,0000,정릉 이-편한세상,,표제부,공동주택,아파트,0,587.37,9388.38,20060602,20,0,서울특별시 성북구 정릉동 1028번지
11290,13300,0,1028,0000,정릉 이-편한세상,,표제부,공동주택,아파트,0,256.08,3476.74,20060602,16,1,서울특별시 성북구 정릉동 1028번지
11290,13300,0,1028,0000,정릉 이-편한세상,,표제부,공동주택,아파트,0,656.26,10868.12,20060602,20,0,서울특별시 성북구 정릉동 1028번지
11290,13300,0,1028,0000,정릉 이-편한세상,,표제부,공동주택,아파트,0,268.35,4311.23,20060602,20,0,서울특별시 성북구 정릉동 1028번지
11290,13300,0,1028,0000,정릉 이-편한세상,,표제부,공동주택,아파트,0,198.72,3172.46,20060602,20,0,서울특별시 성북구 정릉동 1028번지
11290,13300,0,1028,0000,정릉 이-편한세상,,표제부,공동주택,"기계실,전기실,발전기실",0,31.2,437.19,20060602,1,1,서울특별시 성북구 정릉동 1028번지
11290,13300,0,1028,0000,정릉 이-편한세상,,표제부,공동주택,아파트,0,528.46,8193.34,20060602,20,0,서울특별시 성북구 정릉동 1028번지
11290,13300,0,1028,0000,정릉 이-편한세상,,표제부,공동주택,아파트,0,464.2,6898.41,20060602,20,0,서울특별시 성북구 정릉동 1028번지
11290,13300,0,1028,0000,정릉 이-편한세상,,표제부,공동주택,경비실,0,13.16,13.16,20060602,1,0,서울특별시 성북구 정릉동 1028번지
11290,13300,0,1028,0000,정릉 이-편한세상,,표제부,공동주택,아파트,0,585.93,9517.38,20060602,20,0,서울특별시 성북구 정릉동 1028번지
11290,13300,0,1028,0000,정릉 이-편한세상,,표제부,공동주택,"관리실,경로당,주민공동시설,보육시설,경비실",0,357.56,907.48,20060602,2,1,서울특별시 성북구 정릉동 1028번지
11290,13300,0,1028,0000,정릉 이-편한세상,,표제부,공동주택,아파트,0,507.5,8661.06,20060602,20,1,서울특별시 성북구 정릉동 1028번지
11290,13300,0,1028,0000,정릉 이-편한세상,,표제부,공동주택,아파트,0,323.47,5434.06,20060602,20,0,서울특별시 성북구 정릉동 1028번지
11290,13300,0,1028,0000,정릉 이-편한세상,,표제부,공동주택,지하주차장,0,15,7186.41,20060602,1,2,서울특별시 성북구 정릉동 1028번지
11290,13300,0,1028,0000,정릉 이-편한세상,,표제부,공동주택,지하주차장,0,51.9,16634.12,20060602,2,3,서울특별시 성북구 정릉동 1028번지
11290,13300,0,1028,0001,정릉 이-편한세상,,표제부,제2종근린생활시설,근린생활시설,607,355.11,729.16,20060602,3,0,서울특별시 성북구 정릉동 1028-1번지
11290,13300,0,1028,0002,정릉 이-편한세상,,표제부,제1종근린생활시설,근린생활시설,346.8,144,167.04,20060602,1,1,서울특별시 성북구 정릉동 1028-2번지
11290,13300,0,1028,0003,예수교 대한성결교회 성광교회,,일반건축물,종교시설,"종교시설, 근린생활시설",547.6,266.56,1300.37,20070320,3,2,서울특별시 성북구 정릉동 1028-3번지
11290,13300,0,1028,0005,성북생명숲어린이집,,일반건축물,노유자시설,노유자시설(어린이집),669.8,312.94,889.37,20141230,3,1,서울특별시 성북구 정릉동 1028-5번지
11290,13300,0,1029,0000,정릉한일유앤아이아파트,,표제부,공동주택,"관리사무소,경로당",0,48.6,48.6,20061027,1,0,서울특별시 성북구 정릉동 1029번지
11290,13300,0,1029,0000,정릉한일유앤아이아파트,,표제부,공동주택,공동주택(아파트),0,737.46,7361.27,20061027,14,0,서울특별시 성북구 정릉동 1029번지
11290,13300,0,1029,0000,정릉한일유앤아이아파트,,표제부,공동주택,공동주택(아파트),0,254.18,2917.04,20061027,13,0,서울특별시 성북구 정릉동 1029번지
11290,13300,0,1029,0000,정릉한일유앤아이아파트,,표제부,공동주택,"지하주차장,전기실,발전기실,펌프실,엠디에프실",0,36.01,5361.11,20061027,1,2,서울특별시 성북구 정릉동 1029번지
11290,13300,0,1029,0000,정릉한일유앤아이아파트,,표제부,공동주택,경비실,0,9.84,9.84,20061027,1,0,서울특별시 성북구 정릉동 1029번지
11290,13300,0,1030,0000,정릉 힐스테이트1차,,표제부,공동주택,경비실,0,13.3955,13.3955,20070518,1,0,서울특별시 성북구 정릉동 1030번지
11290,13300,0,1030,0000,정릉 힐스테이트1차,,표제부,공동주택,아파트,0,242.885,3036.046,20070518,14,3,서울특별시 성북구 정릉동 1030번지
11290,13300,0,1030,0000,정릉 힐스테이트1차,,표제부,공동주택,아파트,0,349.146,4083.929,20070518,15,3,서울특별시 성북구 정릉동 1030번지
11290,13300,0,1030,0000,정릉 힐스테이트1차,,표제부,공동주택,"관리실,노인정",0,68.662,68.662,20070518,1,0,서울특별시 성북구 정릉동 1030번지
11290,13300,0,1030,0000,정릉 힐스테이트1차,,표제부,공동주택,경비실,0,13.3955,13.3955,20070518,1,0,서울특별시 성북구 정릉동 1030번지
11290,13300,0,1030,0000,정릉 힐스테이트1차,,표제부,공동주택,아파트,0,1007.646,17486.593,20070518,20,1,서울특별시 성북구 정릉동 1030번지
11290,13300,0,1030,0000,정릉 힐스테이트1차,,표제부,공동주택,"지하주차장,기계실,전기실,MDF실,주민공동시설",0,0,9958.075,20070518,0,4,서울특별시 성북구 정릉동 1030번지
11290,13300,0,1031,0000,정릉힐스테이트3차,,표제부,공동주택,아파트,0,598.034,5023.36,20080609,10,0,서울특별시 성북구 정릉동 1031번지
11290,13300,0,1031,0000,정릉힐스테이트3차,,표제부,공동주택,지하주차장,0,0,8028.53,20080609,0,2,서울특별시 성북구 정릉동 1031번지
11290,13300,0,1031,0000,정릉힐스테이트3차,,표제부,공동주택,지하주차장,0,0,3694.95,20080609,0,3,서울특별시 성북구 정릉동 1031번지
11290,13300,0,1031,0000,정릉힐스테이트3차,,표제부,공동주택,아파트,0,525.488,4354.36,20080609,10,0,서울특별시 성북구 정릉동 1031번지
11290,13300,0,1031,0000,정릉힐스테이트3차,,표제부,공동주택,지하주차장,0,0,5060.96,20080609,0,3,서울특별시 성북구 정릉동 1031번지
11290,13300,0,1031,0000,정릉힐스테이트3차,,표제부,공동주택,아파트,0,255.464,2230.51,20080609,10,1,서울특별시 성북구 정릉동 1031번지
11290,13300,0,1031,0000,정릉힐스테이트3차,,표제부,공동주택,"기계실,전기실",0,27.3,480.02,20080609,1,1,서울특별시 성북구 정릉동 1031번지
11290,13300,0,1031,0000,정릉힐스테이트3차,,표제부,공동주택,아파트,0,607.95,4951.12,20080609,10,1,서울특별시 성북구 정릉동 1031번지
11290,13300,0,1031,0000,정릉힐스테이트3차,,표제부,공동주택,아파트,0,629.79,4287.94,20080609,10,0,서울특별시 성북구 정릉동 1031번지
11290,13300,0,1031,0000,정릉힐스테이트3차,,표제부,공동주택,경비실,0,13.6,13.6,20080609,1,0,서울특별시 성북구 정릉동 1031번지
11290,13300,0,1031,0000,정릉힐스테이트3차,,표제부,공동주택,아파트,0,209.93,1714.28,20080609,10,0,서울특별시 성북구 정릉동 1031번지
11290,13300,0,1031,0000,정릉힐스테이트3차,,표제부,공동주택,아파트,0,255.464,2230.51,20080609,10,1,서울특별시 성북구 정릉동 1031번지
11290,13300,0,1031,0000,정릉힐스테이트3차,,표제부,공동주택,아파트,0,335.29,2846.18,20080609,10,0,서울특별시 성북구 정릉동 1031번지
11290,13300,0,1031,0000,정릉힐스테이트3차,,표제부,공동주택,아파트,0,209.93,1714.28,20080609,10,0,서울특별시 성북구 정릉동 1031번지
11290,13300,0,1031,0000,정릉힐스테이트3차,,표제부,공동주택,아파트,0,335.29,2846.18,20080609,10,0,서울특별시 성북구 정릉동 1031번지
11290,13300,0,1031,0000,정릉힐스테이트3차,,표제부,공동주택,아파트,0,262.744,2177.18,20080609,10,0,서울특별시 성북구 정릉동 1031번지
11290,13300,0,1031,0000,정릉힐스테이트3차,,표제부,공동주택,아파트,0,209.93,1714.28,20080609,10,0,서울특별시 성북구 정릉동 1031번지
11290,13300,0,1031,0000,정릉힐스테이트3차,,표제부,공동주택,아파트,0,598.034,5604.71,20080609,10,1,서울특별시 성북구 정릉동 1031번지
11290,13300,0,1031,0000,정릉힐스테이트3차,,표제부,공동주택,경비실,0,13.6,13.6,20080609,1,0,서울특별시 성북구 정릉동 1031번지
11290,13300,0,1031,0000,정릉힐스테이트3차,,표제부,공동주택,아파트,0,335.29,2846.18,20080609,10,0,서울특별시 성북구 정릉동 1031번지
11290,13300,0,1031,0000,정릉힐스테이트3차,,표제부,공동주택,지하주차장,0,0,5489.93,20080609,0,2,서울특별시 성북구 정릉동 1031번지
11290,13300,0,1031,0000,정릉힐스테이트3차,,표제부,공동주택,아파트,0,209.93,1571.32,20080609,10,0,서울특별시 성북구 정릉동 1031번지
11290,13300,0,1031,0000,정릉힐스테이트3차,,표제부,공동주택,아파트,0,262.744,2177.18,20080609,10,0,서울특별시 성북구 정릉동 1031번지
11290,13300,0,1031,0000,정릉힐스테이트3차,,표제부,공동주택,아파트,0,510.928,4461.02,20080609,10,1,서울특별시 성북구 정릉동 1031번지
11290,13300,0,1031,0000,정릉힐스테이트3차,,표제부,공동주택,아파트,0,629.79,2463.2,20080609,5,1,서울특별시 성북구 정릉동 1031번지
11290,13300,0,1031,0000,정릉힐스테이트3차,,표제부,공동주택,아파트,0,209.93,859.38,20080609,5,0,서울특별시 성북구 정릉동 1031번지
11290,13300,0,1031,0001,정릉힐스테이트3차,,표제부,제1종근린생활시설,근린생활시설,1048,596.34,2249.84,20080609,3,1,서울특별시 성북구 정릉동 1031-1번지
11290,13300,0,1031,0002,성북 청소년 문화의 집,,일반건축물,수련시설,수련시설(생활권수련시설),1527,699.12,1353.84,20180108,3,0,서울특별시 성북구 정릉동 1031-2번지
11290,13300,0,1032,0000,정릉2차 대주피오레,,표제부,공동주택,경로당,0,103.17,103.1745,20080530,1,0,서울특별시 성북구 정릉동 1032번지
11290,13300,0,1032,0000,정릉2차 대주피오레,,표제부,공동주택,공동주택(아파트),0,458.4472,4247.1508,20080530,12,0,서울특별시 성북구 정릉동 1032번지
11290,13300,0,1032,0000,정릉2차 대주피오레,,표제부,공동주택,"전기실,발전기실,펌프실",0,0,215.3153,20080530,0,2,서울특별시 성북구 정릉동 1032번지
11290,13300,0,1032,0000,정릉2차 대주피오레,,표제부,공동주택,지하주차장,0,0,3124.7718,20080530,0,2,서울특별시 성북구 정릉동 1032번지
11290,13300,0,1032,0000,정릉2차 대주피오레,,표제부,제1종근린생활시설,근린생활시설,0,170,336,20080530,2,0,서울특별시 성북구 정릉동 1032번지
11290,13300,0,1032,0000,정릉2차 대주피오레,,표제부,공동주택,"관리사무소,엠디에프실",0,0,40.1494,20080530,0,1,서울특별시 성북구 정릉동 1032번지
11290,13300,0,1032,0000,정릉2차 대주피오레,,표제부,공동주택,"외부계단,승강기",0,38.24,76.48,20080530,2,0,서울특별시 성북구 정릉동 1032번지
11290,13300,0,1032,0000,정릉2차 대주피오레,,표제부,공동주택,공동주택(아파트),0,349.9638,2266.3684,20080530,8,1,서울특별시 성북구 정릉동 1032번지
11290,13300,0,1032,0000,정릉2차 대주피오레,,표제부,공동주택,공동주택(아파트),0,509.4816,3358.3712,20080530,8,0,서울특별시 성북구 정릉동 1032번지
11290,13300,0,1032,0000,정릉2차 대주피오레,,표제부,공동주택,경비실,0,8.64,8.64,20080530,1,0,서울특별시 성북구 정릉동 1032번지
11290,13300,0,1032,0000,정릉2차 대주피오레,,표제부,공동주택,공동주택(아파트),0,774.1376,7186.3624,20080530,12,0,서울특별시 성북구 정릉동 1032번지
11290,13300,0,1033,0000,정릉 우정에쉐르,,표제부,공동주택,공중화장실,0,24.72,24.72,20090416,1,0,서울특별시 성북구 정릉동 1033번지
11290,13300,0,1033,0000,정릉 우정에쉐르,,표제부,제2종근린생활시설,근린생활시설,0,442.76,1362.2,20090416,4,1,서울특별시 성북구 정릉동 1033번지
11290,13300,0,1033,0000,정릉 우정에쉐르,,표제부,공동주택,"관리동,주민공동시설,노인정,휴게시설",0,204.65,584.28,20090416,1,0,서울특별시 성북구 정릉동 1033번지
11290,13300,0,1033,0000,정릉 우정에쉐르,,표제부,공동주택,전기/기계실,0,0,242.68,20090416,0,2,서울특별시 성북구 정릉동 1033번지
11290,13300,0,1033,0000,정릉 우정에쉐르,,표제부,공동주택,아파트,0,492.69,5844.55,20090416,18,0,서울특별시 성북구 정릉동 1033번지
11290,13300,0,1033,0000,정릉 우정에쉐르,,표제부,공동주택,지하주차장,0,0,9737.77,20090416,0,3,서울특별시 성북구 정릉동 1033번지
11290,13300,0,1033,0000,정릉 우정에쉐르,,표제부,공동주택,경비실,0,6.48,6.48,20090416,1,0,서울특별시 성북구 정릉동 1033번지
11290,13300,0,1033,0000,정릉 우정에쉐르,,표제부,공동주택,아파트,0,494.04,7962.3,20090416,19,0,서울특별시 성북구 정릉동 1033번지
11290,13300,0,1033,0000,정릉 우정에쉐르,,표제부,공동주택,아파트,0,582.77,8321.33,20090416,17,0,서울특별시 성북구 정릉동 1033번지
11290,13300,0,1033,0000,정릉 우정에쉐르,,표제부,공동주택,경비실,0,6.48,6.48,20090416,1,0,서울특별시 성북구 정릉동 1033번지
11290,13300,0,1034,0000,길음뉴타운10단지,,표제부,공동주택,"경로당,엠디에프실,방재실,관리사무실",0,96.45,175.52,20081008,2,0,서울특별시 성북구 정릉동 1034번지
11290,13300,0,1034,0000,길음뉴타운10단지,,표제부,제1종근린생활시설,근린생활시설,0,0,6018.24,20081008,0,4,서울특별시 성북구 정릉동 1034번지
11290,13300,0,1034,0000,길음뉴타운10단지,,표제부,공동주택,공동주택(아파트),0,634.87,12531.39,20081008,26,0,서울특별시 성북구 정릉동 1034번지
11290,13300,0,1034,0000,길음뉴타운10단지,,표제부,공동주택,공동주택(아파트),0,634.87,12531.39,20081008,26,0,서울특별시 성북구 정릉동 1034번지
11290,13300,0,1034,0000,길음뉴타운10단지,,표제부,공동주택,공동주택(아파트),0,431.28,3069.3,20081008,10,0,서울특별시 성북구 정릉동 1034번지
11290,13300,0,1034,0000,길음뉴타운10단지,,표제부,공동주택,주민공동시설,0,0,553.63,20081008,0,2,서울특별시 성북구 정릉동 1034번지
11290,13300,0,1034,0000,길음뉴타운10단지,,표제부,공동주택,경비실,0,15,15,20081008,1,0,서울특별시 성북구 정릉동 1034번지
11290,13300,0,1034,0000,길음뉴타운10단지,,표제부,공동주택,"지하주차장,기계실,전기실,발전기실",0,0,13179.3,20081008,0,4,서울특별시 성북구 정릉동 1034번지
11290,13300,0,1035,0000,정릉2차 e-편한세상,,표제부,공동주택,아파트,0,193.31,2161.28,20090608,14,0,서울특별시 성북구 정릉동 1035번지
11290,13300,0,1035,0000,정릉2차 e-편한세상,,표제부,공동주택,복지관,0,190.76,317.37,20090608,2,0,서울특별시 성북구 정릉동 1035번지
11290,13300,0,1035,0000,정릉2차 e-편한세상,,표제부,공동주택,외부승강기,0,130.5,52.7,20090608,3,0,서울특별시 성북구 정릉동 1035번지
11290,13300,0,1035,0000,정릉2차 e-편한세상,,표제부,공동주택,아파트,0,975.72,9593.42,20090608,15,0,서울특별시 성북구 정릉동 1035번지
11290,13300,0,1035,0000,정릉2차 e-편한세상,,표제부,공동주택,지하주차장,0,0,6971.59,20090608,0,2,서울특별시 성북구 정릉동 1035번지
11290,13300,0,1035,0000,정릉2차 e-편한세상,,표제부,공동주택,경비실,0,36.85,28.46,20090608,1,0,서울특별시 성북구 정릉동 1035번지
11290,13300,0,1035,0000,정릉2차 e-편한세상,,표제부,공동주택,아파트,0,253.39,2768.1,20090608,15,0,서울특별시 성북구 정릉동 1035번지
11290,13300,0,1035,0000,정릉2차 e-편한세상,,표제부,공동주택,"주민공동시설,문고",0,0,1042.58,20090608,0,2,서울특별시 성북구 정릉동 1035번지
11290,13300,0,1035,0000,정릉2차 e-편한세상,,표제부,공동주택,아파트,0,792.07,8459.3,20090608,15,0,서울특별시 성북구 정릉동 1035번지
11290,13300,0,1035,0000,정릉2차 e-편한세상,,표제부,공동주택,아파트,0,798.42,7451.88,20090608,15,0,서울특별시 성북구 정릉동 1035번지
11290,13300,0,1035,0000,정릉2차 e-편한세상,,표제부,공동주택,"관리사무소,공중화장실및창고",0,15.84,148.43,20090608,0,1,서울특별시 성북구 정릉동 1035번지
11290,13300,0,1035,0000,정릉2차 e-편한세상,,표제부,공동주택,아파트,0,350.34,4477.64,20090608,15,0,서울특별시 성북구 정릉동 1035번지
11290,13300,0,1035,0000,정릉2차 e-편한세상,,표제부,공동주택,아파트,0,1035.79,32633.65,20090608,13,3,서울특별시 성북구 정릉동 1035번지
11290,13300,0,1035,0000,정릉2차 e-편한세상,,표제부,공동주택,지하주차장,0,0,7144.81,20090608,0,3,서울특별시 성북구 정릉동 1035번지
11290,13300,0,1035,0000,정릉2차 e-편한세상,,표제부,공동주택,아파트,0,306.06,3912.36,20090608,15,0,서울특별시 성북구 정릉동 1035번지
11290,13300,0,1035,0000,정릉2차 e-편한세상,,표제부,공동주택,지하주차장,0,0,10889.87,20090608,0,3,서울특별시 성북구 정릉동 1035번지
11290,13300,0,1035,0000,정릉2차 e-편한세상,,표제부,공동주택,아파트,0,355.53,4433.16,20090608,15,0,서울특별시 성북구 정릉동 1035번지
11290,13300,0,1035,0000,정릉2차 e-편한세상,,표제부,공동주택,기전실,0,0,337.9,20090608,0,2,서울특별시 성북구 정릉동 1035번지
11290,13300,0,1035,0000,정릉2차 e-편한세상,,표제부,공동주택,아파트,0,535.41,5920.23,20090608,14,0,서울특별시 성북구 정릉동 1035번지
11290,13300,0,1035,0004,대도고시텔,,일반건축물,제2종근린생활시설,제2종근린생활시설,206,99.48,514.06,20100603,6,0,서울특별시 성북구 정릉동 1035-4번지
11290,13300,0,1035,0006,정릉2차 e-편한세상,,표제부,제1종근린생활시설,근린생활시설,737.4,376.39,1936.35,20090608,4,2,서울특별시 성북구 정릉동 1035-6번지
11290,13300,0,1035,0007,,,일반건축물,제2종근린생활시설,제2종근린생활시설,206.3,96.48,515.7,20100531,6,0,서울특별시 성북구 정릉동 1035-7번지
11290,13300,0,1036,0000,정릉희망하우징,,표제부,공동주택,공동주택(도시형생활주택),709.7,264.97,1618.35,20120222,8,1,서울특별시 성북구 정릉동 1036번지
11290,13300,0,1037,0000,정릉꿈에그린,,표제부,공동주택,공동주택(아파트),0,339.89,3321.26,20150430,13,0,서울특별시 성북구 정릉동 1037번지
11290,13300,0,1037,0000,정릉꿈에그린,,표제부,공동주택,"지하주차장,경비실,재활용분리수거장,제연휀룸,휘트니스센터",0,6.96,10386.9,20150430,0,5,서울특별시 성북구 정릉동 1037번지
11290,13300,0,1037,0000,정릉꿈에그린,,표제부,공동주택,공동주택(아파트),0,609.97,5856.38,20150430,15,0,서울특별시 성북구 정릉동 1037번지
11290,13300,0,1037,0000,정릉꿈에그린,,표제부,공동주택,공동주택(아파트),0,678.95,6374.72,20150430,13,0,서울특별시 성북구 정릉동 1037번지
11290,13300,0,1037,0000,정릉꿈에그린,,표제부,공동주택,공동주택(아파트),0,261.55,586.76,20150430,4,0,서울특별시 성북구 정릉동 1037번지
11290,13300,0,1037,0000,정릉꿈에그린,,표제부,제1종근린생활시설,근린생활시설,0,219.52,428.58,20150430,2,0,서울특별시 성북구 정릉동 1037번지
11290,13300,0,1037,0000,정릉꿈에그린,,표제부,공동주택,공동주택(아파트),0,609.97,8840.83,20150430,19,0,서울특별시 성북구 정릉동 1037번지
11290,13300,0,1037,0000,정릉꿈에그린,,표제부,공동주택,"지하주차장,기계실,전기실,제연휀룸,경비실,재활용분리수거장,관리실,경로당,보육시설,작은도서관",0,6.25,9780.02,20150430,0,5,서울특별시 성북구 정릉동 1037번지
11290,13300,0,1037,0000,정릉꿈에그린,,표제부,공동주택,공동주택(아파트),0,678.95,8887.94,20150430,19,0,서울특별시 성북구 정릉동 1037번지
11290,13300,0,1037,0000,정릉꿈에그린,,표제부,공동주택,공동주택(아파트),0,554.13,469.85,20150430,2,0,서울특별시 성북구 정릉동 1037번지
11290,13300,0,1037,0000,정릉꿈에그린,,표제부,공동주택,공동주택(아파트),0,603.18,751.26,20150430,2,0,서울특별시 성북구 정릉동 1037번지
11290,13300,0,1047,0000,내원사,,일반건축물,종교시설,종교시설,3127,427.74,489.81,19980519,1,1,서울특별시 성북구 정릉동 1047번지
11290,13300,0,1052,0000,,,일반건축물,단독주택,주택,380,0,59.06,19850630,1,0,서울특별시 성북구 정릉동 1052번지
11290,13300,0,1054,0000,정릉하늘마루,,표제부,공동주택,공동주택(연립주택),0,455.61,1213.27,20200326,4,1,서울특별시 성북구 정릉동 1054번지
11290,13300,0,1054,0000,정릉하늘마루,,표제부,공동주택,전기실,0,0,96.72,20200326,0,1,서울특별시 성북구 정릉동 1054번지
11290,13300,0,1054,0000,정릉하늘마루,,표제부,공동주택,펌프실,0,0,83.63,20200326,0,1,서울특별시 성북구 정릉동 1054번지
11290,13300,0,1054,0000,정릉하늘마루,,표제부,공동주택,공동육아방,0,0,73.01,20200326,0,1,서울특별시 성북구 정릉동 1054번지
11290,13300,0,1054,0000,정릉하늘마루,,표제부,공동주택,정릉기념관,0,0,67.93,20200326,0,1,서울특별시 성북구 정릉동 1054번지
11290,13300,0,1054,0000,정릉하늘마루,,표제부,공동주택,공동주택(연립주택),0,482.31,1661.82,20200326,4,2,서울특별시 성북구 정릉동 1054번지
11290,13300,0,1054,0000,정릉하늘마루,,표제부,공동주택,"관리사무소,방재실,MDF실,경비실",0,0,276.93,20200326,0,1,서울특별시 성북구 정릉동 1054번지
11290,13300,0,1054,0000,정릉하늘마루,,표제부,공동주택,주민카페,0,0,96.58,20200326,0,1,서울특별시 성북구 정릉동 1054번지
11290,13300,0,1054,0000,정릉하늘마루,,표제부,공동주택,공동주택(연립주택),0,510.22,1632.72,20200326,4,1,서울특별시 성북구 정릉동 1054번지
11290,13300,0,1054,0000,정릉하늘마루,,표제부,공동주택,공동주택(연립주택),0,702.67,1820.58,20200326,3,2,서울특별시 성북구 정릉동 1054번지
11290,13300,0,1054,0000,정릉하늘마루,,표제부,공동주택,다목적홀,0,0,102.64,20200326,0,2,서울특별시 성북구 정릉동 1054번지
11290,13300,0,1054,0000,정릉하늘마루,,표제부,공동주택,"주민편의시설,코인세탁실",0,0,81.62,20200326,0,1,서울특별시 성북구 정릉동 1054번지
11290,13300,0,1054,0000,정릉하늘마루,,표제부,공동주택,경로당,0,0,108.74,20200326,0,2,서울특별시 성북구 정릉동 1054번지
11290,13300,0,1054,0000,정릉하늘마루,,표제부,공동주택,지하주차장,0,0,2164.89,20200326,0,2,서울특별시 성북구 정릉동 1054번지
11290,13300,0,1056,0000,이안테라디움 성북,,표제부,공동주택,도시형생활주택,4798.4,2147.803,22062.1387,20230620,4,5,서울특별시 성북구 정릉동 1056번지
11290,13300,0,1057,0000,이니지오2,,표제부,공동주택,공동주택(아파트),932.2,491.109,2618.351,20250425,7,1,서울특별시 성북구 정릉동 1057번지
11290,13300,1,0001,0000,,,일반건축물,단독주택,주택,0,0,26.45,19560505,1,0,서울특별시 성북구 정릉동 산1번지
11290,13300,1,0001,0001,,,일반건축물,제1종근린생활시설,제1종근린생활시설(점포),0,0,44.89,19611231,1,0,서울특별시 성북구 정릉동 산1-1번지
11290,13300,1,0001,0001,,,일반건축물,동물및식물관련시설,동물및식물관련시설(녹지보호초소),0,0,18.71,19720116,1,0,서울특별시 성북구 정릉동 산1-1번지
11290,13300,1,0001,0001,,,일반건축물,제2종근린생활시설,제2종근린생활시설(사찰),0,0,104.86,19850630,1,0,서울특별시 성북구 정릉동 산1-1번지
11290,13300,1,0001,0001,,,일반건축물,단독주택,주택,166.92,0,66.3,19850630,1,0,서울특별시 성북구 정릉동 산1-1번지
11290,13300,1,0001,0001,,,일반건축물,제1종근린생활시설,제1종근린생활시설(점포),0,0,40.76,19611231,1,0,서울특별시 성북구 정릉동 산1-1번지
11290,13300,1,0001,0001,,,일반건축물,단독주택,주택,133,0,42.18,19850630,1,0,서울특별시 성북구 정릉동 산1-1번지
11290,13300,1,0001,0001,,,일반건축물,단독주택,주택,87.5,0,28.5,19850630,1,0,서울특별시 성북구 정릉동 산1-1번지
11290,13300,1,0001,0001,,,일반건축물,단독주택,주택,184.8,0,87.86,19850630,1,0,서울특별시 성북구 정릉동 산1-1번지
11290,13300,1,0001,0001,,,일반건축물,단독주택,주택,287.3,0,120.57,19850630,1,0,서울특별시 성북구 정릉동 산1-1번지
11290,13300,1,0001,0001,,,일반건축물,단독주택,주택,442,0,48.79,19850630,1,0,서울특별시 성북구 정릉동 산1-1번지
11290,13300,1,0001,0001,대성문,,일반건축물,종교시설,문화및집회시설（문루）,0,34.77,34.77,19921212,1,0,서울특별시 성북구 정릉동 산1-1번지
11290,13300,1,0001,0001,,,일반건축물,제1종근린생활시설,제1종근린생활시설(점포),0,0,40.56,19611231,1,0,서울특별시 성북구 정릉동 산1-1번지
11290,13300,1,0001,0001,북한산국립공원사무소,,일반건축물,업무시설,공공업무시설,13412.3,983.53,2775.5,20221027,2,1,서울특별시 성북구 정릉동 산1-1번지
11290,13300,1,0001,0001,,,일반건축물,단독주택,"주택, 법당",345,0,82.06,19850630,1,0,서울특별시 성북구 정릉동 산1-1번지
11290,13300,1,0001,0001,,,일반건축물,종교시설,문화및집회시설(사찰),2112,164.19,164.19,19850630,1,0,서울특별시 성북구 정릉동 산1-1번지
11290,13300,1,0001,0001,,,일반건축물,제1종근린생활시설,제1종근린생활시설(점포),0,0,44.76,19611231,1,0,서울특별시 성북구 정릉동 산1-1번지
11290,13300,1,0001,0001,,,일반건축물,제1종근린생활시설,근린생활시설(가압장),0,0,29.95,19690831,1,0,서울특별시 성북구 정릉동 산1-1번지
11290,13300,1,0001,0001,,,일반건축물,단독주택,주택,61.53,0,34.45,19850630,1,0,서울특별시 성북구 정릉동 산1-1번지
11290,13300,1,0001,0001,,,일반건축물,단독주택,주택,198,0,73.7,19850630,1,0,서울특별시 성북구 정릉동 산1-1번지
11290,13300,1,0001,0001,,,일반건축물,제1종근린생활시설,제1종근린생활시설(점포),0,0,31.04,19611231,1,0,서울특별시 성북구 정릉동 산1-1번지
11290,13300,1,0001,0001,,,일반건축물,제1종근린생활시설,"근린생활시설, 주택",30.8,0,18.51,19850630,1,0,서울특별시 성북구 정릉동 산1-1번지
11290,13300,1,0001,0001,,,일반건축물,제1종근린생활시설,제1종근린생활시설(점포),0,0,15.67,19611231,1,0,서울특별시 성북구 정릉동 산1-1번지
11290,13300,1,0001,0001,,,일반건축물,제1종근린생활시설,제1종근린생활시설(점포),0,0,45.79,19611231,1,0,서울특별시 성북구 정릉동 산1-1번지
11290,13300,1,0001,0001,,,일반건축물,단독주택,단독주택,501,70.93,70.93,19990819,1,0,서울특별시 성북구 정릉동 산1-1번지
11290,13300,1,0001,0001,,,일반건축물,단독주택,주택,612.5,0,107.7,19850630,1,0,서울특별시 성북구 정릉동 산1-1번지
11290,13300,1,0001,0001,,,일반건축물,제1종근린생활시설,제1종근린생활시설(점포),0,0,20.93,19611231,1,0,서울특별시 성북구 정릉동 산1-1번지
11290,13300,1,0001,0001,,,일반건축물,제1종근린생활시설,공중변소,0,0,50.82,19900531,1,0,서울특별시 성북구 정릉동 산1-1번지
11290,13300,1,0001,0001,,,일반건축물,단독주택,"주택, 사찰",409.3,0,148.47,19850630,1,0,서울특별시 성북구 정릉동 산1-1번지
11290,13300,1,0001,0001,,,일반건축물,단독주택,"주택, 휴게실",0,0,188.09,19700619,1,0,서울특별시 성북구 정릉동 산1-1번지
11290,13300,1,0001,0001,,,일반건축물,동물및식물관련시설,동물및식물관련시설(녹지보호초소),0,0,45.45,19700624,1,0,서울특별시 성북구 정릉동 산1-1번지
11290,13300,1,0001,0001,,,일반건축물,제1종근린생활시설,제1종근린생활시설(점포),0,0,42.98,19611231,1,0,서울특별시 성북구 정릉동 산1-1번지
11290,13300,1,0001,0001,,,일반건축물,제1종근린생활시설,점포,0,0,40.66,19611231,1,0,서울특별시 성북구 정릉동 산1-1번지
11290,13300,1,0001,0001,,,일반건축물,제1종근린생활시설,근린생활시설(공공단체),0,0,178.52,195703,1,0,서울특별시 성북구 정릉동 산1-1번지
11290,13300,1,0001,0001,,,일반건축물,단독주택,단독주택,294,84.8,84.8,19970310,1,0,서울특별시 성북구 정릉동 산1-1번지
11290,13300,1,0001,0001,북한산국립공원관리사무소,,일반건축물,관광휴게시설,공원시설(관리사무소),13412.3,1005.58,9.75,19940204,1,0,서울특별시 성북구 정릉동 산1-1번지
11290,13300,1,0001,0001,,,일반건축물,단독주택,주택,319.95,0,65.45,19850630,1,0,서울특별시 성북구 정릉동 산1-1번지
11290,13300,1,0001,0001,,,일반건축물,단독주택,주택,83.43,0,50.83,19850630,1,0,서울특별시 성북구 정릉동 산1-1번지
11290,13300,1,0001,0001,,,일반건축물,단독주택,단독주택,163,39.65,39.65,19850630,1,0,서울특별시 성북구 정릉동 산1-1번지
11290,13300,1,0001,0001,,,일반건축물,단독주택,주택,80,0,68.46,19850630,1,0,서울특별시 성북구 정릉동 산1-1번지
11290,13300,1,0001,0001,,,일반건축물,제1종근린생활시설,제1종근린생활시설(점포),0,0,45.72,19611231,1,0,서울특별시 성북구 정릉동 산1-1번지
11290,13300,1,0001,0001,,,일반건축물,제2종근린생활시설,제2종근린생활시설(종교집회장),157.5,0,92.74,19850630,1,0,서울특별시 성북구 정릉동 산1-1번지
11290,13300,1,0001,0001,,,일반건축물,단독주택,주택,163.75,0,45.44,19850630,1,0,서울특별시 성북구 정릉동 산1-1번지
11290,13300,1,0001,0001,,,일반건축물,단독주택,주택,0,0,103.74,19850630,1,0,서울특별시 성북구 정릉동 산1-1번지
11290,13300,1,0001,0001,,,일반건축물,단독주택,주택,89.28,0,23.1,19850630,1,0,서울특별시 성북구 정릉동 산1-1번지
11290,13300,1,0001,0001,,,일반건축물,제1종근린생활시설,제1종근린생활시설(점포),0,0,40.3,19611231,1,0,서울특별시 성북구 정릉동 산1-1번지
11290,13300,1,0001,0001,,,일반건축물,단독주택,주택,0,0,41.28,19850630,1,0,서울특별시 성북구 정릉동 산1-1번지
11290,13300,1,0001,0001,,,일반건축물,단독주택,주택,214.5,0,85.19,19850630,1,0,서울특별시 성북구 정릉동 산1-1번지
11290,13300,1,0001,0001,,,일반건축물,단독주택,주택,78.89,0,44.12,19850630,1,0,서울특별시 성북구 정릉동 산1-1번지
11290,13300,1,0001,0003,,,일반건축물,단독주택,주택,0,0,51.24,195512,1,0,서울특별시 성북구 정릉동 산1-3번지
11290,13300,1,0001,0062,,,일반건축물,단독주택,주택,0,0,44.23,19601110,1,0,서울특별시 성북구 정릉동 산1-62번지
11290,13300,1,0001,0069,,,일반건축물,단독주택,주택,0,0,134.05,19650603,1,1,서울특별시 성북구 정릉동 산1-69번지
11290,13300,1,0001,0116,,,일반건축물,단독주택,별장,0,0,273.42,19660130,1,1,서울특별시 성북구 정릉동 산1-116번지
11290,13300,1,0001,0194,,,일반건축물,단독주택,주택,0,0,69.42,19850630,1,0,서울특별시 성북구 정릉동 산1-194번지
11290,13300,1,0001,0214,,,일반건축물,제1종근린생활시설,공중화장실,5610,75.66,71.5,20011106,1,0,서울특별시 성북구 정릉동 산1-214번지
11290,13300,1,0001,0293,,,일반건축물,노유자시설,노유자시설(어린이집),1053,313,1599.91,19950508,3,2,서울특별시 성북구 정릉동 산1-293번지
11290,13300,1,0010,0000,,,일반건축물,단독주택,주택,0,0,19.83,19470315,1,0,서울특별시 성북구 정릉동 산10번지
11290,13300,1,0010,0000,,,일반건축물,단독주택,주택,0,0,19.83,19560828,1,0,서울특별시 성북구 정릉동 산10번지
11290,13300,1,0010,0000,,,일반건축물,단독주택,주택,0,0,49.59,19580304,1,0,서울특별시 성북구 정릉동 산10번지
11290,13300,1,0010,0000,,,일반건축물,단독주택,주택,0,0,19.83,19580420,1,0,서울특별시 성북구 정릉동 산10번지
11290,13300,1,0010,0000,,,일반건축물,단독주택,주택,0,0,19.83,19451010,1,0,서울특별시 성북구 정릉동 산10번지
11290,13300,1,0010,0000,,,일반건축물,단독주택,주택,0,0,19.83,19551110,1,0,서울특별시 성북구 정릉동 산10번지
11290,13300,1,0010,0000,,,일반건축물,단독주택,주택,0,0,19.83,19571013,1,0,서울특별시 성북구 정릉동 산10번지
11290,13300,1,0010,0000,,,일반건축물,단독주택,주택,0,0,19.83,19491015,1,0,서울특별시 성북구 정릉동 산10번지
11290,13300,1,0010,0000,,,일반건축물,단독주택,주택,0,0,19.83,19440309,1,0,서울특별시 성북구 정릉동 산10번지
11290,13300,1,0010,0000,,,일반건축물,단독주택,주택,0,0,36.36,19551001,1,0,서울특별시 성북구 정릉동 산10번지
11290,13300,1,0010,0000,,,일반건축물,단독주택,주택,0,0,19.83,19471005,1,0,서울특별시 성북구 정릉동 산10번지
11290,13300,1,0010,0000,,,일반건축물,단독주택,주택,0,0,109.09,19580605,1,0,서울특별시 성북구 정릉동 산10번지
11290,13300,1,0010,0000,,,일반건축물,단독주택,주택,0,0,56.2,19550506,1,0,서울특별시 성북구 정릉동 산10번지
11290,13300,1,0010,0000,,,일반건축물,단독주택,주택,0,0,23.14,19550807,1,0,서울특별시 성북구 정릉동 산10번지
11290,13300,1,0010,0000,,,일반건축물,단독주택,주택,0,0,29.75,19550603,1,0,서울특별시 성북구 정릉동 산10번지
11290,13300,1,0010,0000,,,일반건축물,단독주택,주택,0,0,26.45,19550508,1,0,서울특별시 성북구 정릉동 산10번지
11290,13300,1,0010,0000,,,일반건축물,단독주택,주택,0,0,29.75,19550430,1,0,서울특별시 성북구 정릉동 산10번지
11290,13300,1,0010,0000,,,일반건축물,단독주택,주택,0,0,23.14,19581010,1,0,서울특별시 성북구 정릉동 산10번지
11290,13300,1,0010,0000,,,일반건축물,단독주택,주택,0,0,23.14,19570219,1,0,서울특별시 성북구 정릉동 산10번지
11290,13300,1,0010,0000,,,일반건축물,단독주택,주택,0,0,19.83,19450529,1,0,서울특별시 성북구 정릉동 산10번지
11290,13300,1,0010,0000,,,일반건축물,단독주택,주택,0,0,33.06,19540720,1,0,서울특별시 성북구 정릉동 산10번지
11290,13300,1,0010,0000,,,일반건축물,단독주택,주택,0,0,29.75,19540515,1,0,서울특별시 성북구 정릉동 산10번지
11290,13300,1,0010,0000,,,일반건축물,단독주택,주택,0,0,26.45,19460330,1,0,서울특별시 성북구 정릉동 산10번지
11290,13300,1,0010,0000,,,일반건축물,단독주택,주택,0,0,26.45,19540820,1,0,서울특별시 성북구 정릉동 산10번지
11290,13300,1,0010,0000,,,일반건축물,단독주택,주택,0,0,19.83,19470709,1,0,서울특별시 성북구 정릉동 산10번지
11290,13300,1,0012,0003,북한산생태숲화장실,,일반건축물,제1종근린생활시설,근린공중화장실,2500,75.62,74.99,20120410,1,0,서울특별시 성북구 정릉동 산12-3번지
11290,13300,1,0012,0004,포상2,,일반건축물,교정및군사시설,국방 · 군사시설,5723,42.16,42.16,20081231,1,0,서울특별시 성북구 정릉동 산12-4번지
11290,13300,1,0012,0004,간부숙소1,,일반건축물,교정및군사시설,국방 · 군사시설,5723,18,18,20081231,1,0,서울특별시 성북구 정릉동 산12-4번지
11290,13300,1,0012,0004,체력단련실1,,일반건축물,교정및군사시설,국방 · 군사시설,5723,13.26,13.26,20081231,1,0,서울특별시 성북구 정릉동 산12-4번지
11290,13300,1,0012,0004,간부숙소2,,일반건축물,교정및군사시설,국방 · 군사시설,5723,18,18,20081224,1,0,서울특별시 성북구 정릉동 산12-4번지
11290,13300,1,0012,0004,포상1,,일반건축물,교정및군사시설,국방 · 군사시설,5723,42.16,42.16,20081231,1,0,서울특별시 성북구 정릉동 산12-4번지
11290,13300,1,0012,0004,체력단련실2,,일반건축물,교정및군사시설,국방 · 군사시설,5723,6,6,20081231,1,0,서울특별시 성북구 정릉동 산12-4번지
11290,13300,1,0012,0004,취사장,,일반건축물,교정및군사시설,국방 · 군사시설,5723,35.14,35.14,20081231,1,0,서울특별시 성북구 정릉동 산12-4번지
11290,13300,1,0012,0004,내무반,,일반건축물,교정및군사시설,국방 · 군사시설,5723,133.96,133.96,19871231,1,0,서울특별시 성북구 정릉동 산12-4번지
11290,13300,1,0012,0004,북카페,,일반건축물,교정및군사시설,국방 · 군사시설,5723,21.42,20.06,20081231,1,0,서울특별시 성북구 정릉동 산12-4번지
11290,13300,1,0014,0000,,,일반건축물,단독주택,주택,0,0,23.14,19590626,1,0,서울특별시 성북구 정릉동 산14번지
11290,13300,1,0014,0000,,,일반건축물,단독주택,주택,0,0,32.73,195610,1,0,서울특별시 성북구 정릉동 산14번지
11290,13300,1,0016,0000,,,일반건축물,제1종근린생활시설,공중변소,0,0,11.57,19810716,1,0,서울특별시 성북구 정릉동 산16번지
11290,13300,1,0016,0001,,,일반건축물,교육연구시설,교육연구시설(대학교),0,1791.49,12628.31,20001020,7,1,서울특별시 성북구 정릉동 산16-1번지
11290,13300,1,0016,0001,,,일반건축물,교육연구시설,교육연구및복지시설,0,69.87,504.41,20051228,1,1,서울특별시 성북구 정릉동 산16-1번지
11290,13300,1,0016,0001,,,일반건축물,교육연구시설,교육연구시설,0,285.5,660.39,19980727,3,0,서울특별시 성북구 정릉동 산16-1번지
11290,13300,1,0016,0001,,,일반건축물,교육연구시설,교육연구시설,0,265.02,1444.33,20150402,4,2,서울특별시 성북구 정릉동 산16-1번지
11290,13300,1,0016,0001,,16블럭 1노트,일반건축물,교육연구시설,"교육연구및복지시설,대학교",0,311.85,1314.22,20040105,3,1,서울특별시 성북구 정릉동 산16-1번지
11290,13300,1,0016,0001,서경대학교 교원기숙사,,일반건축물,교육연구시설,교육연구시설(기숙사),0,548.04,2839.54,20100625,4,2,서울특별시 성북구 정릉동 산16-1번지
11290,13300,1,0016,0001,,,일반건축물,교육연구시설,교육연구시설(대학교),0,700.01,9262.07,20001110,12,2,서울특별시 성북구 정릉동 산16-1번지
11290,13300,1,0016,0001,,,일반건축물,교육연구시설,교육연구시설,0,3139.2,20724.2,19920616,9,1,서울특별시 성북구 정릉동 산16-1번지
11290,13300,1,0016,0001,,,일반건축물,교육연구시설,교육연구시설,0,1593.95,8135.58,19960916,7,0,서울특별시 성북구 정릉동 산16-1번지
11290,13300,1,0016,0001,,,일반건축물,교육연구시설,교육연구시설(수위실),0,9.6,9.6,19960916,1,0,서울특별시 성북구 정릉동 산16-1번지
11290,13300,1,0016,0001,,,일반건축물,교육연구시설,교육연구시설(학생회관),0,1247.13,9280.89,20000701,10,2,서울특별시 성북구 정릉동 산16-1번지
11290,13300,1,0016,0001,,,일반건축물,교육연구시설,교육연구시설,0,4735.14,51483.98,20080227,10,6,서울특별시 성북구 정릉동 산16-1번지
11290,13300,1,0016,0001,,,일반건축물,자동차관련시설,주차장,0,8.1,18001.89,19980727,1,2,서울특별시 성북구 정릉동 산16-1번지
11290,13300,1,0016,0001,,,일반건축물,교육연구시설,교육연구및복지시설,0,874.92,9159.51,20030710,12,2,서울특별시 성북구 정릉동 산16-1번지
11290,13300,1,0016,0001,,,일반건축물,교육연구시설,교육연구시설,0,570.29,3566.34,20150402,5,3,서울특별시 성북구 정릉동 산16-1번지
11290,13300,1,0016,0001,,,일반건축물,교육연구시설,교육연구시설,0,1407.26,7051.66,19970404,8,0,서울특별시 성북구 정릉동 산16-1번지
11290,13300,1,0016,0010,,,일반건축물,단독주택,주택,0,0,142.14,19590501,1,0,서울특별시 성북구 정릉동 산16-10번지
11290,13300,1,0016,0036,,,일반건축물,교육연구시설,교육연구시설,0,1881.44,4688.27,20030304,4,0,서울특별시 성북구 정릉동 산16-36번지
11290,13300,1,0016,0036,,,일반건축물,교육연구시설,교육연구시설,0,1034.27,4422.15,20030304,5,0,서울특별시 성북구 정릉동 산16-36번지
11290,13300,1,0016,0036,,,일반건축물,교육연구시설,교육연구시설,0,44.37,44.37,20030304,1,0,서울특별시 성북구 정릉동 산16-36번지
11290,13300,1,0016,0036,,,일반건축물,교육연구시설,교육연구시설,0,1558.21,9010.35,20030304,7,1,서울특별시 성북구 정릉동 산16-36번지
11290,13300,1,0016,0036,,,일반건축물,교육연구시설,교육연구시설,0,1061.83,5222.48,20030304,5,1,서울특별시 성북구 정릉동 산16-36번지
11290,13300,1,0016,0036,,,일반건축물,교육연구시설,교육연구시설,0,866.17,3965.38,20030304,5,0,서울특별시 성북구 정릉동 산16-36번지
11290,13300,1,0016,0036,,,일반건축물,교육연구시설,교육연구시설,0,2527.37,12582.69,20060807,1,4,서울특별시 성북구 정릉동 산16-36번지
11290,13300,1,0016,0036,,,일반건축물,교육연구시설,교육연구시설,25214,1481.29,3731.38,20010518,5,0,서울특별시 성북구 정릉동 산16-36번지
11290,13300,1,0017,0170,,,일반건축물,단독주택,다가구용단독주택(9),307,181.33,637.47,19960109,3,1,서울특별시 성북구 정릉동 산17-170번지
11290,13300,1,0047,0004,,,일반건축물,단독주택,주택,0,0,42.98,19591110,1,0,서울특별시 성북구 정릉동 산47-4번지
11290,13300,1,0057,0000,,,일반건축물,단독주택,주택,0,0,92.56,19530210,1,0,서울특별시 성북구 정릉동 산57번지
11290,13300,1,0066,0000,,,일반건축물,단독주택,주택,0,0,33.06,19550619,1,0,서울특별시 성북구 정릉동 산66번지
11290,13300,1,0066,0000,,,일반건축물,단독주택,주택,0,0,19.83,19551019,1,0,서울특별시 성북구 정릉동 산66번지
11290,13300,1,0066,0000,,,일반건축물,단독주택,주택,0,0,29.75,19500330,1,0,서울특별시 성북구 정릉동 산66번지
11290,13300,1,0066,0000,,,일반건축물,단독주택,주택,0,0,33.06,19551210,1,0,서울특별시 성북구 정릉동 산66번지
11290,13300,1,0066,0000,,,일반건축물,단독주택,주택,0,0,19.83,19570530,1,0,서울특별시 성북구 정릉동 산66번지
11290,13300,1,0066,0000,,,일반건축물,단독주택,주택,0,0,19.83,19550520,1,0,서울특별시 성북구 정릉동 산66번지
11290,13300,1,0066,0000,,,일반건축물,단독주택,주택,0,0,19.83,19560610,1,0,서울특별시 성북구 정릉동 산66번지
11290,13300,1,0066,0000,,,일반건축물,단독주택,주택,0,0,19.83,19580810,1,0,서울특별시 성북구 정릉동 산66번지
11290,13300,1,0066,0000,,,일반건축물,단독주택,주택,0,0,23.14,19560515,1,0,서울특별시 성북구 정릉동 산66번지
11290,13300,1,0066,0000,,,일반건축물,단독주택,주택,0,0,19.83,19580719,1,0,서울특별시 성북구 정릉동 산66번지
11290,13300,1,0066,0000,,,일반건축물,단독주택,주택,0,0,19.83,19571119,1,0,서울특별시 성북구 정릉동 산66번지
11290,13300,1,0066,0000,,,일반건축물,단독주택,주택,0,0,19.83,19561220,1,0,서울특별시 성북구 정릉동 산66번지
11290,13300,1,0072,0000,,,일반건축물,단독주택,주택,0,0,29.75,19491001,1,0,서울특별시 성북구 정릉동 산72번지
11290,13300,1,0072,0000,,,일반건축물,단독주택,주택,0,0,33.06,19550630,1,0,서울특별시 성북구 정릉동 산72번지
11290,13300,1,0072,0000,,,일반건축물,단독주택,주택,0,0,38.68,19480701,1,0,서울특별시 성북구 정릉동 산72번지
11290,13300,1,0072,0000,,,일반건축물,단독주택,주택,0,0,34.05,19490429,1,0,서울특별시 성북구 정릉동 산72번지
11290,13300,1,0072,0000,,,일반건축물,단독주택,주택,0,0,26.45,19540301,1,0,서울특별시 성북구 정릉동 산72번지
11290,13300,1,0072,0000,,,일반건축물,단독주택,주택,0,0,34.71,19481010,1,0,서울특별시 성북구 정릉동 산72번지
11290,13300,1,0072,0000,,,일반건축물,단독주택,주택,0,0,24.79,19480426,1,0,서울특별시 성북구 정릉동 산72번지
11290,13300,1,0072,0000,,,일반건축물,단독주택,주택,0,0,21.16,19541001,1,0,서울특별시 성북구 정릉동 산72번지
11290,13300,1,0072,0000,,,일반건축물,단독주택,주택,0,0,28.76,19481201,1,0,서울특별시 성북구 정릉동 산72번지
11290,13300,1,0072,0000,,,일반건축물,단독주택,주택,0,0,19.83,19570701,1,0,서울특별시 성북구 정릉동 산72번지
11290,13300,1,0072,0000,,,일반건축물,단독주택,주택,0,0,31.4,19541002,1,0,서울특별시 성북구 정릉동 산72번지
11290,13300,1,0072,0000,,,일반건축물,단독주택,주택,0,0,25.45,19580910,1,0,서울특별시 성북구 정릉동 산72번지
11290,13300,1,0072,0000,,,일반건축물,단독주택,주택,0,0,26.45,19561001,1,0,서울특별시 성북구 정릉동 산72번지
11290,13300,1,0072,0000,,,일반건축물,단독주택,주택,0,0,38.68,19490401,1,0,서울특별시 성북구 정릉동 산72번지
11290,13300,1,0072,0000,,,일반건축물,단독주택,주택,0,0,34.71,19490526,1,0,서울특별시 성북구 정릉동 산72번지
11290,13300,1,0072,0000,,,일반건축물,단독주택,주택,0,0,23.14,19471101,1,0,서울특별시 성북구 정릉동 산72번지
11290,13300,1,0072,0000,,,일반건축물,단독주택,주택,0,0,16.53,19550630,1,0,서울특별시 성북구 정릉동 산72번지
11290,13300,1,0072,0000,,,일반건축물,단독주택,주택,0,0,34.38,19470704,1,0,서울특별시 성북구 정릉동 산72번지
11290,13300,1,0072,0000,,,일반건축물,단독주택,주택,0,0,36.36,19491001,1,0,서울특별시 성북구 정릉동 산72번지
11290,13300,1,0072,0000,,,일반건축물,단독주택,주택,0,0,26.78,19490901,1,0,서울특별시 성북구 정릉동 산72번지
11290,13300,1,0072,0000,,,일반건축물,단독주택,주택,0,0,39.67,19580310,1,0,서울특별시 성북구 정릉동 산72번지
11290,13300,1,0072,0040,,,일반건축물,단독주택,주택,30,0,19.16,19850420,1,0,서울특별시 성북구 정릉동 산72-40번지
11290,13300,1,0072,0051,,,일반건축물,단독주택,주택,72.6,0,41.68,19850630,1,0,서울특별시 성북구 정릉동 산72-51번지
11290,13300,1,0072,0066,,,일반건축물,단독주택,주택,53,0,26.21,19850630,1,0,서울특별시 성북구 정릉동 산72-66번지
11290,13300,1,0085,0012,정릉동 북악가압장,,일반건축물,제1종근린생활시설,제1종근린생활시설(정수장-가압장),5083,349.02,607.72,20110620,1,1,서울특별시 성북구 정릉동 산85-12번지
11290,13300,1,0086,0002,,,일반건축물,단독주택,주택,0,0,61.52,19630315,1,0,서울특별시 성북구 정릉동 산86-2번지
11290,13300,1,0086,0002,,,일반건축물,제2종근린생활시설,사찰(요사체),2452.6,60,60,19961101,1,0,서울특별시 성북구 정릉동 산86-2번지
11290,13300,1,0087,0001,여래사3,,일반건축물,종교시설,종교집회장,0,157.08,157.08,20031223,1,0,서울특별시 성북구 정릉동 산87-1번지
11290,13300,1,0087,0001,여래사1,,일반건축물,종교시설,종교집회장,0,116.58,116.58,20031223,1,0,서울특별시 성북구 정릉동 산87-1번지
11290,13300,1,0087,0001,여래사2,,일반건축물,종교시설,종교집회장,0,104.4,125.28,20031223,1,1,서울특별시 성북구 정릉동 산87-1번지
11290,13300,1,0087,0001,이동,,일반건축물,종교시설,문화및집회시설,3.145,113.3,123.3,20000223,1,0,서울특별시 성북구 정릉동 산87-1번지
11290,13300,1,0087,0001,,,일반건축물,종교시설,근린생활시설(종교집회장),976.37,60,168,19980207,1,1,서울특별시 성북구 정릉동 산87-1번지
11290,13300,1,0087,0003,,,일반건축물,단독주택,주택,0,0,28.76,19570320,1,0,서울특별시 성북구 정릉동 산87-3번지
11290,13300,1,0087,0008,,,일반건축물,단독주택,주택,0,0,49.72,19650213,1,0,서울특별시 성북구 정릉동 산87-8번지
11290,13300,1,0087,0008,,,일반건축물,단독주택,주택,0,0,49.59,,1,0,서울특별시 성북구 정릉동 산87-8번지
11290,13300,1,0087,0008,,,일반건축물,단독주택,주택,0,0,49.72,19650213,1,0,서울특별시 성북구 정릉동 산87-8번지
11290,13300,1,0087,0085,,,표제부,공동주택,연립주택,0,2785.14,11985.8,19901116,3,1,서울특별시 성북구 정릉동 산87-85번지
11290,13300,1,0087,0102,,,일반건축물,제1종근린생활시설,제1종근린생활시설,7151,96.37,90.89,20131008,1,0,서울특별시 성북구 정릉동 산87-102번지
11290,13300,1,0087,0374,북악골프연습장,,일반건축물,운동시설,운동시설(골프연습장),35016,570.05,946.79,19950626,1,1,서울특별시 성북구 정릉동 산87-374번지
11290,13300,1,0087,0396,도시관리지원센터,,일반건축물,제2종근린생활시설,제2종근린생활시설,0,0,641.61,19561224,2,0,서울특별시 성북구 정릉동 산87-396번지
11290,13300,1,0092,0002,,,일반건축물,단독주택,"주택, 주택및점포",53.08,0,36.76,19850630,1,0,서울특별시 성북구 정릉동 산92-2번지
11290,13300,1,0092,0003,,,일반건축물,단독주택,주택,53.53,0,29.39,19850630,1,0,서울특별시 성북구 정릉동 산92-3번지
