sigunguCd,bjdongCd,platGbCd,bun,ji,bldNm,splotNm,regstrKindCdNm,mainPurpsCdNm,etcPurps,platArea,archArea,totArea,useAprDay,grndFlrCnt,ugrndFlrCnt,platPlc
11290,13400,0,0015,0012,,,일반건축물,단독주택,주택,0,0,49.59,,1,0,서울특별시 성북구 길음동 15-12번지
11290,13400,0,0019,0000,,,일반건축물,단독주택,주택,0,0,36.36,19570121,1,0,서울특별시 성북구 길음동 19번지
11290,13400,0,0020,0001,현대백화점(미아점),,일반건축물,판매및영업시설,"판매및영업시설, 교육연구및복지시설",8119,4850.12,88702.08,20010823,11,5,서울특별시 성북구 길음동 20-1번지
11290,13400,0,0021,0034,,,일반건축물,제1종근린생활시설,근린생활시설,72.72,0,64.45,19850630,1,0,서울특별시 성북구 길음동 21-34번지
11290,13400,0,0021,0043,,,일반건축물,단독주택,주택,0,0,46.41,19660303,1,0,서울특별시 성북구 길음동 21-43번지
11290,13400,0,0021,0071,,,일반건축물,제2종근린생활시설,"사무소,일반음식점)",310,227.75,396.06,19670606,2,1,서울특별시 성북구 길음동 21-71번지
11290,13400,0,0021,0072,,,일반건축물,의료시설,의료시설(병원),813.4,478.26,8234.1,20110831,14,4,서울특별시 성북구 길음동 21-72번지
11290,13400,0,0021,0073,GS세창주유소,,일반건축물,위험물저장및처리시설,위험물저장및처리시설(주유소),487,111.1,127.63,19690919,1,1,서울특별시 성북구 길음동 21-73번지
11290,13400,0,0021,0079,,,일반건축물,제1종근린생활시설,제1종근린생활시설(휴게음식점),142,125.23,279.4,19610504,2,1,서울특별시 성북구 길음동 21-79번지
11290,13400,0,0021,0081,,,일반건축물,제1종근린생활시설,근린생활시설,87.4,0,38.38,19831229,1,0,서울특별시 성북구 길음동 21-81번지
11290,13400,0,0021,0140,,,일반건축물,단독주택,"주택, 점포",0,0,26.45,19661210,1,0,서울특별시 성북구 길음동 21-140번지
11290,13400,0,0021,0155,,,일반건축물,단독주택,단독주택(다중주택),120,67.23,299.74,20190412,4,1,서울특별시 성북구 길음동 21-155번지
11290,13400,0,0021,0156,,,일반건축물,단독주택,단독주택(다중주택),139,82.35,367.51,20190409,4,1,서울특별시 성북구 길음동 21-156번지
11290,13400,0,0021,0230,,,일반건축물,단독주택,단독주택(다중주택),115,65.33,199.89,20111108,3,1,서울특별시 성북구 길음동 21-230번지
11290,13400,0,0022,0001,베누스타,,일반건축물,의료시설,의료시설(병원),2320.45,917.49,3737.57,19711216,3,1,서울특별시 성북구 길음동 22-1번지
11290,13400,0,0024,0000,,,일반건축물,단독주택,주택,0,0,36.36,,1,0,서울특별시 성북구 길음동 24번지
11290,13400,0,0024,0000,,,일반건축물,단독주택,주택,0,0,62.81,,1,0,서울특별시 성북구 길음동 24번지
11290,13400,0,0025,0001,,,일반건축물,공장,공장,0,0,82.64,,1,0,서울특별시 성북구 길음동 25-1번지
11290,13400,0,0025,0002,,,일반건축물,판매및영업시설,판매시설,4916,2453.9,20690.71,19860331,6,3,서울특별시 성북구 길음동 25-2번지
11290,13400,0,0025,0003,,,일반건축물,단독주택,주택,0,0,234.01,,3,0,서울특별시 성북구 길음동 25-3번지
11290,13400,0,0025,0007,,,일반건축물,제2종근린생활시설,"일반업무시설, 근린생활시설,판매시설",963.24,577.12,3322.14,19820506,6,1,서울특별시 성북구 길음동 25-7번지
11290,13400,0,0026,0001,,,일반건축물,단독주택,주택,0,0,63.6,19610510,1,0,서울특별시 성북구 길음동 26-1번지
11290,13400,0,0026,0003,,.,일반건축물,단독주택,주택,0,0,129.16,19671201,2,1,서울특별시 성북구 길음동 26-3번지
11290,13400,0,0026,0005,,,일반건축물,자동차관련시설,주차장,1982.5,1431,4286.7,19940114,3,0,서울특별시 성북구 길음동 26-5번지
11290,13400,0,0026,0016,,,일반건축물,단독주택,다가구용단독주택(3),79.4,51.93,149.13,19930610,2,1,서울특별시 성북구 길음동 26-16번지
11290,13400,0,0026,0019,,,일반건축물,단독주택,다가구용단독주택(4가구),142,76.01,199.42,19920720,2,1,서울특별시 성북구 길음동 26-19번지
11290,13400,0,0026,0022,,,일반건축물,단독주택,단독주택(다중주택),142,84.83,299.88,20110801,3,1,서울특별시 성북구 길음동 26-22번지
11290,13400,0,0026,0023,,,일반건축물,단독주택,다가구용단독주택(5),117,69.8,183.85,19931023,2,1,서울특별시 성북구 길음동 26-23번지
11290,13400,0,0026,0024,,,일반건축물,단독주택,단독주택(다중주택),145.65,87.2,329.76,20110106,3,1,서울특별시 성북구 길음동 26-24번지
11290,13400,0,0026,0025,,,일반건축물,단독주택,주택,0,0,100.83,19660806,1,0,서울특별시 성북구 길음동 26-25번지
11290,13400,0,0026,0026,,,일반건축물,단독주택,주택,0,0,87.14,19660910,1,0,서울특별시 성북구 길음동 26-26번지
11290,13400,0,0026,0027,,,일반건축물,단독주택,주택,0,0,87.14,19660910,1,0,서울특별시 성북구 길음동 26-27번지
11290,13400,0,0026,0029,,,표제부,공동주택,다세대주택,188,74.61,143.57,19680320,2,1,서울특별시 성북구 길음동 26-29번지
11290,13400,0,0026,0030,,,일반건축물,단독주택,주택,0,0,97.69,19661230,1,0,서울특별시 성북구 길음동 26-30번지
11290,13400,0,0026,0032,,,일반건축물,단독주택,단독주택(다중주택),132.45,78.6,296.32,20161121,3,1,서울특별시 성북구 길음동 26-32번지
11290,13400,0,0026,0033,,,일반건축물,단독주택,주택,0,0,94.38,19661001,1,0,서울특별시 성북구 길음동 26-33번지
11290,13400,0,0026,0063,,,일반건축물,단독주택,다가구용단독주택(4),89,51.18,147.96,19930615,2,1,서울특별시 성북구 길음동 26-63번지
11290,13400,0,0026,0070,,,일반건축물,제1종근린생활시설,근린생활시설,0,0,167.54,19860207,2,1,서울특별시 성북구 길음동 26-70번지
11290,13400,0,0027,0000,,,일반건축물,단독주택,주택,0,0,82.65,,1,0,서울특별시 성북구 길음동 27번지
11290,13400,0,0028,0002,,,일반건축물,공장,공장,0,0,147.7,19621020,1,0,서울특별시 성북구 길음동 28-2번지
11290,13400,0,0028,0002,,,일반건축물,단독주택,주택,0,0,53.55,19640107,1,0,서울특별시 성북구 길음동 28-2번지
11290,13400,0,0028,0003,,,일반건축물,단독주택,주택,0,0,34.18,19611020,1,0,서울특별시 성북구 길음동 28-3번지
11290,13400,0,0028,0004,,,일반건축물,제1종근린생활시설,근린생활시설,0,0,28.93,19670530,1,0,서울특별시 성북구 길음동 28-4번지
11290,13400,0,0028,0004,,,일반건축물,제1종근린생활시설,근린생활시설,0,0,68.99,19641118,1,0,서울특별시 성북구 길음동 28-4번지
11290,13400,0,0029,0001,,,일반건축물,단독주택,주택,0,0,57.09,19670720,1,0,서울특별시 성북구 길음동 29-1번지
11290,13400,0,0031,0001,,,일반건축물,제1종근린생활시설,제1종근린생활시설,0,0,100.29,19830830,1,0,서울특별시 성북구 길음동 31-1번지
11290,13400,0,0031,0001,,,일반건축물,제1종근린생활시설,제1종근린생활시설,0,0,455.49,19680119,4,1,서울특별시 성북구 길음동 31-1번지
11290,13400,0,0031,0002,,,일반건축물,제1종근린생활시설,"근린생활시설, 주택",0,0,932.85,19850630,4,0,서울특별시 성북구 길음동 31-2번지
11290,13400,0,0032,0000,,,일반건축물,제1종근린생활시설,제1종근린생활시설,0,0,422.78,,3,1,서울특별시 성북구 길음동 32번지
11290,13400,0,0032,0000,,,일반건축물,단독주택,주택,0,0,107.34,19601120,2,0,서울특별시 성북구 길음동 32번지
11290,13400,0,0032,0001,,,일반건축물,제2종근린생활시설,"교육연구및복지시설,근린생활시설",0,0,140.49,19650525,3,0,서울특별시 성북구 길음동 32-1번지
11290,13400,0,0032,0005,,,일반건축물,단독주택,주택,0,0,142.11,,2,0,서울특별시 성북구 길음동 32-5번지
11290,13400,0,0032,0009,,,일반건축물,제2종근린생활시설,제2종근린생활시설,0,0,79.57,19720701,2,0,서울특별시 성북구 길음동 32-9번지
11290,13400,0,0032,0009,,,일반건축물,단독주택,주택,0,0,51.07,19671120,1,0,서울특별시 성북구 길음동 32-9번지
11290,13400,0,0032,0011,,,일반건축물,단독주택,다가구용단독주택(4가구),82.31,53.6,149.67,19940713,2,1,서울특별시 성북구 길음동 32-11번지
11290,13400,0,0032,0012,,,일반건축물,단독주택,다가구용단독주택(5가구),0,0,212.19,19921211,2,1,서울특별시 성북구 길음동 32-12번지
11290,13400,0,0032,0015,,,일반건축물,제2종근린생활시설,제2종근린생활시설,0,0,42.98,,1,0,서울특별시 성북구 길음동 32-15번지
11290,13400,0,0032,0017,,,일반건축물,단독주택,"주택, 근린생활시설",112,63.05,239.98,19920917,3,1,서울특별시 성북구 길음동 32-17번지
11290,13400,0,0032,0018,,,일반건축물,단독주택,다가구용단독주택(3가구),0,0,171.44,19921029,2,1,서울특별시 성북구 길음동 32-18번지
11290,13400,0,0032,0023,,,일반건축물,제1종근린생활시설,근린생활시설,152,90.21,90.21,19600730,1,0,서울특별시 성북구 길음동 32-23번지
11290,13400,0,0032,0028,,,일반건축물,단독주택,다가구용단독주택,0,0,254.88,19921024,3,1,서울특별시 성북구 길음동 32-28번지
11290,13400,0,0032,0029,,,표제부,공동주택,다세대주택,106.77,63.12,247.08,19970218,3,1,서울특별시 성북구 길음동 32-29번지
11290,13400,0,0032,0033,,,일반건축물,단독주택,단독주택,0,0,117.38,19920622,2,1,서울특별시 성북구 길음동 32-33번지
11290,13400,0,0032,0035,,,일반건축물,단독주택,주택,0,0,73.88,19610910,1,0,서울특별시 성북구 길음동 32-35번지
11290,13400,0,0032,0036,,,일반건축물,단독주택,주택,0,0,54.94,19620910,1,0,서울특별시 성북구 길음동 32-36번지
11290,13400,0,0032,0037,,,일반건축물,제1종근린생활시설,제1종근린생활시설,0,0,64.27,,1,0,서울특별시 성북구 길음동 32-37번지
11290,13400,0,0032,0040,,,일반건축물,단독주택,다가구용단독주택<4가구>,86,51.57,150.2,19991213,2,1,서울특별시 성북구 길음동 32-40번지
11290,13400,0,0032,0044,,,일반건축물,제1종근린생활시설,제1종근린생활시설,114.65,68.6,251.1,19950530,3,1,서울특별시 성북구 길음동 32-44번지
11290,13400,0,0032,0046,,,일반건축물,단독주택,주택,0,0,47.17,19650615,1,0,서울특별시 성북구 길음동 32-46번지
11290,13400,0,0033,0003,,,일반건축물,제2종근린생활시설,제2종근린생활시설,0,0,299.49,19671120,3,0,서울특별시 성북구 길음동 33-3번지
11290,13400,0,0033,0004,,,일반건축물,제1종근린생활시설,제1종근린생활시설,0,0,628.2,19680709,4,1,서울특별시 성북구 길음동 33-4번지
11290,13400,0,0033,0006,,,일반건축물,제1종근린생활시설,제1종근린생활시설,0,0,151.08,19661113,3,0,서울특별시 성북구 길음동 33-6번지
11290,13400,0,0033,0010,,,일반건축물,제1종근린생활시설,제1종근린생활시설,0,0,79.35,,3,0,서울특별시 성북구 길음동 33-10번지
11290,13400,0,0033,0013,,,일반건축물,제1종근린생활시설,제1종근린생활시설,132,113.75,390.85,19671120,4,0,서울특별시 성북구 길음동 33-13번지
11290,13400,0,0033,0017,,,일반건축물,단독주택,주택,0,0,44.3,,1,0,서울특별시 성북구 길음동 33-17번지
11290,13400,0,0034,0000,,,일반건축물,단독주택,주택,0,0,52.89,,1,0,서울특별시 성북구 길음동 34번지
11290,13400,0,0034,0001,,,일반건축물,공장,공장,0,0,227.12,19610524,1,0,서울특별시 성북구 길음동 34-1번지
11290,13400,0,0034,0006,,,일반건축물,제1종근린생활시설,제1종근린생활시설,0,0,165.76,19671210,2,0,서울특별시 성북구 길음동 34-6번지
11290,13400,0,0052,0003,,,일반건축물,단독주택,주택,0,0,71.37,19650422,1,0,서울특별시 성북구 길음동 52-3번지
11290,13400,0,0069,0000,,,일반건축물,단독주택,주택,0,0,29.75,,1,0,서울특별시 성북구 길음동 69번지
11290,13400,0,0069,0046,,,일반건축물,단독주택,주택,0,0,49.59,,1,0,서울특별시 성북구 길음동 69-46번지
11290,13400,0,0478,0004,,,일반건축물,단독주택,주택,0,0,107.34,,2,0,서울특별시 성북구 길음동 478-4번지
11290,13400,0,0478,0005,,,일반건축물,단독주택,주택,0,0,93.05,19660830,1,1,서울특별시 성북구 길음동 478-5번지
11290,13400,0,0478,0006,,,일반건축물,단독주택,다가구용단독주택(7가구),128.23,76.61,279.88,19931130,3,1,서울특별시 성북구 길음동 478-6번지
11290,13400,0,0478,0013,,,일반건축물,단독주택,주택,0,0,69.62,19640711,1,0,서울특별시 성북구 길음동 478-13번지
11290,13400,0,0478,0023,,,일반건축물,단독주택,주택,0,0,30.18,19610203,1,0,서울특별시 성북구 길음동 478-23번지
11290,13400,0,0485,0004,,,일반건축물,제1종근린생활시설,영업소,0,0,50.25,19620531,1,0,서울특별시 성북구 길음동 485-4번지
11290,13400,0,0485,0009,,,일반건축물,제1종근린생활시설,근린생활시설,33,19.79,19.73,20001109,1,0,서울특별시 성북구 길음동 485-9번지
11290,13400,0,0485,0010,,,일반건축물,제1종근린생활시설,근린생활시설,0,0,28.49,19640710,1,0,서울특별시 성북구 길음동 485-10번지
11290,13400,0,0485,0010,,,일반건축물,단독주택,주택,0,0,46.08,19601020,1,0,서울특별시 성북구 길음동 485-10번지
11290,13400,0,0485,0014,,,일반건축물,제1종근린생활시설,제1종근린생활시설,63,6.96,6.96,19950725,1,0,서울특별시 성북구 길음동 485-14번지
11290,13400,0,0486,0001,,,일반건축물,제2종근린생활시설,"제2종근린생활시설, 주택(1)",150,88.84,436.12,19941229,4,1,서울특별시 성북구 길음동 486-1번지
11290,13400,0,0486,0002,,,일반건축물,단독주택,주택,0,0,48.26,19741104,1,0,서울특별시 성북구 길음동 486-2번지
11290,13400,0,0486,0002,,,일반건축물,제1종근린생활시설,근린생활시설,0,0,49.92,19601010,1,0,서울특별시 성북구 길음동 486-2번지
11290,13400,0,0486,0007,,,일반건축물,단독주택,근린생활시설 및 주택,179,100.11,276.71,19950907,2,1,서울특별시 성북구 길음동 486-7번지
11290,13400,0,0486,0008,,,일반건축물,단독주택,주택,0,0,60.83,19620305,1,0,서울특별시 성북구 길음동 486-8번지
11290,13400,0,0486,0011,,,일반건축물,단독주택,주택,0,0,46.08,19600813,1,0,서울특별시 성북구 길음동 486-11번지
11290,13400,0,0486,0012,,,일반건축물,단독주택,주택,0,0,51.2,19600910,1,0,서울특별시 성북구 길음동 486-12번지
11290,13400,0,0486,0013,,,일반건축물,단독주택,주택,0,0,51.2,19600808,1,0,서울특별시 성북구 길음동 486-13번지
11290,13400,0,0486,0014,,,일반건축물,제2종근린생활시설,제2종근린생활시설(일반음식점),0,0,50.41,19601010,1,0,서울특별시 성북구 길음동 486-14번지
11290,13400,0,0486,0021,,,표제부,공동주택,다세대주택,0,54.08,216.32,19911223,3,1,서울특별시 성북구 길음동 486-21번지
11290,13400,0,0486,0026,,,일반건축물,단독주택,주택,0,0,61,19631224,1,0,서울특별시 성북구 길음동 486-26번지
11290,13400,0,0486,0028,,,일반건축물,단독주택,다가구용단독주택(4가구),57,23.61,70.83,19911223,2,1,서울특별시 성북구 길음동 486-28번지
11290,13400,0,0488,0001,,,표제부,공동주택,공동주택(다세대주택),279,156.97,572.37,20221019,6,0,서울특별시 성북구 길음동 488-1번지
11290,13400,0,0488,0006,,,일반건축물,단독주택,주택,0,0,89.85,19650520,1,0,서울특별시 성북구 길음동 488-6번지
11290,13400,0,0488,0007,,,일반건축물,단독주택,다가구용단독주택(5가구),0,0,241.88,19920905,2,1,서울특별시 성북구 길음동 488-7번지
11290,13400,0,0488,0008,,,일반건축물,단독주택,다가구용단독주택(5가구),0,0,241.88,19920901,2,1,서울특별시 성북구 길음동 488-8번지
11290,13400,0,0488,0009,,,일반건축물,단독주택,다가구용단독주택(5가구),0,0,216.54,19920903,2,1,서울특별시 성북구 길음동 488-9번지
11290,13400,0,0488,0010,,,표제부,공동주택,도시형생활주택(원룸형다세대주택),137,82.08,272.89,20120828,5,0,서울특별시 성북구 길음동 488-10번지
11290,13400,0,0488,0011,,,일반건축물,단독주택,다가구용단독주택(4가구),0,0,245.63,19920901,2,1,서울특별시 성북구 길음동 488-11번지
11290,13400,0,0488,0012,,,일반건축물,단독주택,다가구용단독주택(4가구),0,0,245.63,19920901,2,1,서울특별시 성북구 길음동 488-12번지
11290,13400,0,0488,0013,,,일반건축물,단독주택,다가구용단독주택(4가구),137,80.1,259.06,19920902,3,1,서울특별시 성북구 길음동 488-13번지
11290,13400,0,0488,0022,,,표제부,공동주택,"다세대주택 (도시형생활주택-원룸형), 제2종근린생활시설",223.34,133.61,420.75,20140226,5,0,서울특별시 성북구 길음동 488-22번지
11290,13400,0,0488,0023,,,일반건축물,단독주택,단독주택,106,60.05,236.17,20121207,3,1,서울특별시 성북구 길음동 488-23번지
11290,13400,0,0488,0024,MAIBAUM 길음,,표제부,공동주택,도시형생활주택(다세대),288,172.61,553.45,20121119,5,0,서울특별시 성북구 길음동 488-24번지
11290,13400,0,0488,0027,,,일반건축물,단독주택,다가구용 단독주택(3가구),121.25,72.62,204.68,19970808,2,1,서울특별시 성북구 길음동 488-27번지
11290,13400,0,0488,0028,,,일반건축물,단독주택,주택,0,0,149.12,19670421,2,1,서울특별시 성북구 길음동 488-28번지
11290,13400,0,0488,0034,,,일반건축물,단독주택,다가구용단독주택(5가구),135,80.79,236.16,19961128,2,1,서울특별시 성북구 길음동 488-34번지
11290,13400,0,0489,0000,,,일반건축물,단독주택,주택,0,0,62.24,19670901,1,0,서울특별시 성북구 길음동 489번지
11290,13400,0,0489,0001,,,일반건축물,단독주택,주택,0,0,40.89,19671015,1,0,서울특별시 성북구 길음동 489-1번지
11290,13400,0,0489,0003,,,일반건축물,단독주택,주택,0,0,67.67,19660720,1,0,서울특별시 성북구 길음동 489-3번지
11290,13400,0,0489,0004,,,일반건축물,단독주택,다가구주택(5가구),133.76,70.65,177.67,19931120,2,1,서울특별시 성북구 길음동 489-4번지
11290,13400,0,0489,0005,,,일반건축물,단독주택,주택,0,0,109.22,19661212,2,0,서울특별시 성북구 길음동 489-5번지
11290,13400,0,0489,0006,,,일반건축물,단독주택,주택,0,0,231.28,19881031,2,1,서울특별시 성북구 길음동 489-6번지
11290,13400,0,0489,0007,,,일반건축물,단독주택,다가구용단둑주택(6가구),162.02,90.7,296.04,19960705,3,1,서울특별시 성북구 길음동 489-7번지
11290,13400,0,0489,0008,,,일반건축물,단독주택,다가구주택,157.7,82.62,318.96,19890110,3,1,서울특별시 성북구 길음동 489-8번지
11290,13400,0,0489,0033,,,일반건축물,단독주택,다가구용단독주택,106,59.45,178.35,19941013,2,1,서울특별시 성북구 길음동 489-33번지
11290,13400,0,0489,0034,엘리시아,,일반건축물,단독주택,단독주택(다중주택),96.57,57.48,199.98,20171011,3,1,서울특별시 성북구 길음동 489-34번지
11290,13400,0,0489,0035,,,일반건축물,제1종근린생활시설,제1종근린생활시설,129,77.12,150.74,19670801,2,1,서울특별시 성북구 길음동 489-35번지
11290,13400,0,0489,0036,,,일반건축물,제2종근린생활시설,제2종근린생활시설(사무소),122,66.63,143.82,19670930,2,1,서울특별시 성북구 길음동 489-36번지
11290,13400,0,0489,0038,,,일반건축물,단독주택,"주택, 근린생활시설, 보일러실",0,0,314.62,19850219,3,1,서울특별시 성북구 길음동 489-38번지
11290,13400,0,0489,0040,,,일반건축물,단독주택,"다가구용단독주택(5가구), 근린생활시설",208,118.58,451.31,19931203,3,1,서울특별시 성북구 길음동 489-40번지
11290,13400,0,0489,0042,,,일반건축물,제1종근린생활시설,근린생활시설,0,0,234.45,19670901,2,1,서울특별시 성북구 길음동 489-42번지
11290,13400,0,0489,0045,,,일반건축물,단독주택,주택,0,0,101.45,19671010,1,0,서울특별시 성북구 길음동 489-45번지
11290,13400,0,0489,0046,,,일반건축물,단독주택,주택,0,0,97.72,19670616,1,0,서울특별시 성북구 길음동 489-46번지
11290,13400,0,0489,0047,,,일반건축물,단독주택,주택,0,0,100.99,19670729,1,0,서울특별시 성북구 길음동 489-47번지
11290,13400,0,0489,0049,,,일반건축물,단독주택,"단독주택,제2종근린생활시설",152,102.78,99.54,19670620,1,0,서울특별시 성북구 길음동 489-49번지
11290,13400,0,0489,0050,,,일반건축물,제2종근린생활시설,제2종근린생활시설,288.7,143.85,904.9,19931220,5,1,서울특별시 성북구 길음동 489-50번지
11290,13400,0,0489,0052,,,일반건축물,단독주택,주택,0,0,101.98,19670825,1,0,서울특별시 성북구 길음동 489-52번지
11290,13400,0,0489,0053,,,일반건축물,단독주택,주택,0,0,107.44,19670726,1,0,서울특별시 성북구 길음동 489-53번지
11290,13400,0,0489,0054,,,일반건축물,제1종근린생활시설,"근린생활시설, 주택(2가구)",152,75.25,298.63,19930927,3,1,서울특별시 성북구 길음동 489-54번지
11290,13400,0,0489,0055,,,일반건축물,단독주택,다가구용단독주택(7가구),152,90.48,317.84,19931018,3,1,서울특별시 성북구 길음동 489-55번지
11290,13400,0,0489,0056,,,일반건축물,단독주택,주택,0,0,104.2,19670801,1,1,서울특별시 성북구 길음동 489-56번지
11290,13400,0,0489,0057,,,일반건축물,단독주택,주택,0,0,66.71,19670711,1,0,서울특별시 성북구 길음동 489-57번지
11290,13400,0,0489,0058,,,일반건축물,제1종근린생활시설,근린생활시설,152,105.22,105.22,19670528,1,0,서울특별시 성북구 길음동 489-58번지
11290,13400,0,0489,0059,,,일반건축물,단독주택,주택,0,0,102.78,19670622,1,0,서울특별시 성북구 길음동 489-59번지
11290,13400,0,0489,0060,,,일반건축물,단독주택,주택,0,0,95.93,19670820,1,1,서울특별시 성북구 길음동 489-60번지
11290,13400,0,0489,0068,,,일반건축물,단독주택,주택,0,0,64.33,19671115,1,1,서울특별시 성북구 길음동 489-68번지
11290,13400,0,0489,0070,,,일반건축물,단독주택,"주택,근린생활시설",0,0,85.32,19840303,2,1,서울특별시 성북구 길음동 489-70번지
11290,13400,0,0489,0075,,,일반건축물,단독주택,주택,0,0,60.76,19680411,1,0,서울특별시 성북구 길음동 489-75번지
11290,13400,0,0489,0087,,,일반건축물,제1종근린생활시설,근린생활시설,0,0,359.52,19851218,3,1,서울특별시 성북구 길음동 489-87번지
11290,13400,0,0489,0092,,,일반건축물,단독주택,주택,0,0,164.26,19750305,2,0,서울특별시 성북구 길음동 489-92번지
11290,13400,0,0489,0093,,,일반건축물,제2종근린생활시설,사무실,168,82.08,423.55,19930105,4,1,서울특별시 성북구 길음동 489-93번지
11290,13400,0,0489,0094,,,일반건축물,제1종근린생활시설,근린생활시설,0,0,155.21,19750305,2,0,서울특별시 성북구 길음동 489-94번지
11290,13400,0,0489,0096,,,일반건축물,단독주택,주택,0,0,165.06,,2,0,서울특별시 성북구 길음동 489-96번지
11290,13400,0,0489,0097,,,일반건축물,단독주택,주택,0,0,157.85,19750305,2,0,서울특별시 성북구 길음동 489-97번지
11290,13400,0,0489,0098,,,일반건축물,단독주택,주택,0,0,161.95,19750305,2,0,서울특별시 성북구 길음동 489-98번지
11290,13400,0,0500,0000,,,일반건축물,단독주택,주택,0,0,46.28,19500328,1,0,서울특별시 성북구 길음동 500번지
11290,13400,0,0500,0005,,,일반건축물,단독주택,주택,0,0,43.04,19610823,1,0,서울특별시 성북구 길음동 500-5번지
11290,13400,0,0503,0055,,,일반건축물,종교시설,종교시설,709,354.37,1722.87,20181231,6,1,서울특별시 성북구 길음동 503-55번지
11290,13400,0,0507,0079,,,일반건축물,단독주택,주택,137.9,0,88.85,19850630,1,0,서울특별시 성북구 길음동 507-79번지
11290,13400,0,0507,0223,,,일반건축물,단독주택,주택,0,0,42.58,19631020,1,0,서울특별시 성북구 길음동 507-223번지
11290,13400,0,0507,0247,,,일반건축물,단독주택,주택,0,0,50.48,19701106,1,0,서울특별시 성북구 길음동 507-247번지
11290,13400,0,0507,0525,,,일반건축물,단독주택,주택,0,0,26.45,19610520,1,0,서울특별시 성북구 길음동 507-525번지
11290,13400,0,0507,0563,,,일반건축물,단독주택,주택,0,0,31.57,19591030,1,0,서울특별시 성북구 길음동 507-563번지
11290,13400,0,0507,0564,,,일반건축물,단독주택,주택,0,0,27.34,19610201,1,0,서울특별시 성북구 길음동 507-564번지
11290,13400,0,0507,0575,,,일반건축물,단독주택,주택,0,0,34.28,19610405,1,0,서울특별시 성북구 길음동 507-575번지
11290,13400,0,0507,0580,,,일반건축물,단독주택,주택,0,0,52.89,19610420,1,0,서울특별시 성북구 길음동 507-580번지
11290,13400,0,0507,0835,,,일반건축물,단독주택,주택,0,0,42.58,19690702,1,0,서울특별시 성북구 길음동 507-835번지
11290,13400,0,0507,0909,,,일반건축물,단독주택,주택,0,0,33.06,19620716,1,0,서울특별시 성북구 길음동 507-909번지
11290,13400,0,0508,0005,,,일반건축물,단독주택,주택,0,0,44.63,19610506,1,0,서울특별시 성북구 길음동 508-5번지
11290,13400,0,0508,0064,,,일반건축물,단독주택,주택,0,0,52,19700620,1,0,서울특별시 성북구 길음동 508-64번지
11290,13400,0,0508,0066,,,일반건축물,단독주택,주택,0,0,131.07,19611030,1,0,서울특별시 성북구 길음동 508-66번지
11290,13400,0,0510,0003,,,일반건축물,단독주택,주택,0,0,27.11,19590715,1,0,서울특별시 성북구 길음동 510-3번지
11290,13400,0,0510,0055,,,일반건축물,단독주택,다가구용 단독주택,0,0,388.21,19910909,4,1,서울특별시 성북구 길음동 510-55번지
11290,13400,0,0510,0173,,,일반건축물,제2종근린생활시설,제2종근린생활시설,254,115.94,675.25,19911005,5,1,서울특별시 성북구 길음동 510-173번지
11290,13400,0,0513,0000,,,일반건축물,단독주택,주택,0,0,26.45,,1,0,서울특별시 성북구 길음동 513번지
11290,13400,0,0514,0006,,,일반건축물,제1종근린생활시설,제1종근린생활시설,0,0,129.2,19661231,2,0,서울특별시 성북구 길음동 514-6번지
11290,13400,0,0516,0003,,,일반건축물,제2종근린생활시설,근린생활시설,0,0,49,19850630,1,0,서울특별시 성북구 길음동 516-3번지
11290,13400,0,0516,0003,,,일반건축물,제1종근린생활시설,제1종근린생활시설,0,0,303.75,19781006,3,0,서울특별시 성북구 길음동 516-3번지
11290,13400,0,0516,0004,,,일반건축물,제1종근린생활시설,제1종근린생활시설,0,0,45.72,19670114,2,0,서울특별시 성북구 길음동 516-4번지
11290,13400,0,0516,0006,,,일반건축물,제1종근린생활시설,제1종근린생활시설,0,0,52.57,,2,0,서울특별시 성북구 길음동 516-6번지
11290,13400,0,0516,0015,,,일반건축물,제1종근린생활시설,제1종근린생활시설,0,0,41.65,19670114,2,0,서울특별시 성북구 길음동 516-15번지
11290,13400,0,0517,0001,,,일반건축물,제2종근린생활시설,근린생활시설,0,0,86.38,19850630,1,0,서울특별시 성북구 길음동 517-1번지
11290,13400,0,0517,0001,,,일반건축물,제1종근린생활시설,근린생활시설,0,0,88.27,19580801,2,0,서울특별시 성북구 길음동 517-1번지
11290,13400,0,0517,0005,,,일반건축물,제1종근린생활시설,근린생활시설,0,0,27.35,19850630,1,0,서울특별시 성북구 길음동 517-5번지
11290,13400,0,0517,0011,,,일반건축물,제2종근린생활시설,제2종근린생활시설,515,152.24,203.58,19661212,2,1,서울특별시 성북구 길음동 517-11번지
11290,13400,0,0517,0015,,,일반건축물,제1종근린생활시설,제1종근린생활시설,0,0,59.65,19850630,1,0,서울특별시 성북구 길음동 517-15번지
11290,13400,0,0517,0019,,,일반건축물,제1종근린생활시설,제1종근린생활시설,0,0,43.4,19670310,1,0,서울특별시 성북구 길음동 517-19번지
11290,13400,0,0517,0024,,,일반건축물,단독주택,다가구주택,92,54.24,163.32,19950920,3,1,서울특별시 성북구 길음동 517-24번지
11290,13400,0,0518,0001,,,일반건축물,단독주택,"주택, 근린생활시설",0,0,435.8,19830224,3,1,서울특별시 성북구 길음동 518-1번지
11290,13400,0,0518,0003,,,일반건축물,제1종근린생활시설,제2종근린생활시설,141.2,66.6,298.86,19950715,4,1,서울특별시 성북구 길음동 518-3번지
11290,13400,0,0518,0005,,,일반건축물,제1종근린생활시설,근린생활시설,0,0,94.59,19680709,3,0,서울특별시 성북구 길음동 518-5번지
11290,13400,0,0518,0008,,,일반건축물,제2종근린생활시설,제2종근린생활시설,798.1,398.76,2167.06,19931028,5,1,서울특별시 성북구 길음동 518-8번지
11290,13400,0,0518,0011,,,일반건축물,단독주택,주택,0,0,36.36,,1,0,서울특별시 성북구 길음동 518-11번지
11290,13400,0,0518,0012,,,일반건축물,제1종근린생활시설,제1종근린생활시설,103,50.08,50.08,19611231,1,0,서울특별시 성북구 길음동 518-12번지
11290,13400,0,0518,0013,,,일반건축물,제2종근린생활시설,"근린생활시설,업무시설,주택",932,410.95,3073.89,19911231,5,2,서울특별시 성북구 길음동 518-13번지
11290,13400,0,0518,0015,,,일반건축물,단독주택,주택,0,0,50.25,19580610,1,0,서울특별시 성북구 길음동 518-15번지
11290,13400,0,0518,0016,,,일반건축물,단독주택,"주택, 근린생활시설",0,0,152.07,19671115,3,0,서울특별시 성북구 길음동 518-16번지
11290,13400,0,0518,0017,,,일반건축물,제1종근린생활시설,근린생활시설,129,115.05,401.4,19830516,3,1,서울특별시 성북구 길음동 518-17번지
11290,13400,0,0518,0018,,,일반건축물,단독주택,"주택, 근린생활시설",0,0,430.6,19681120,4,0,서울특별시 성북구 길음동 518-18번지
11290,13400,0,0518,0019,,,일반건축물,단독주택,주택,0,0,36.36,19601125,1,0,서울특별시 성북구 길음동 518-19번지
11290,13400,0,0518,0020,,,일반건축물,단독주택,주택,69.25,38.68,103.24,19940504,2,1,서울특별시 성북구 길음동 518-20번지
11290,13400,0,0518,0032,,,일반건축물,단독주택,다가구주택,147.58,82.49,235.06,20030805,2,1,서울특별시 성북구 길음동 518-32번지
11290,13400,0,0522,0001,,,일반건축물,단독주택,주택,0,0,44.95,19640612,1,0,서울특별시 성북구 길음동 522-1번지
11290,13400,0,0524,0001,,,일반건축물,단독주택,주택,0,0,43.7,19590310,1,0,서울특별시 성북구 길음동 524-1번지
11290,13400,0,0524,0051,,,일반건축물,제2종근린생활시설,제2종근린생활시설,98.9,52.7,268.94,19980514,4,1,서울특별시 성북구 길음동 524-51번지
11290,13400,0,0524,0053,,,표제부,공동주택,다세대주택,79.95,54,179.88,19951201,3,1,서울특별시 성북구 길음동 524-53번지
11290,13400,0,0524,0058,,,일반건축물,단독주택,다가구용단독주택(3가구),79.53,47.52,142.56,19940506,2,1,서울특별시 성북구 길음동 524-58번지
11290,13400,0,0524,0059,,,일반건축물,단독주택,주택,0,0,51.17,19600409,1,0,서울특별시 성북구 길음동 524-59번지
11290,13400,0,0524,0060,,,표제부,공동주택,다세대주택,83,43.5,127.8,19920917,2,1,서울특별시 성북구 길음동 524-60번지
11290,13400,0,0524,0061,,,일반건축물,단독주택,다가구용 단독주택(3가구),78.15,46.85,118.98,,2,1,서울특별시 성북구 길음동 524-61번지
11290,13400,0,0524,0062,,,표제부,공동주택,다세대주택(5세대),107.25,63.9,199.8,19911026,2,1,서울특별시 성북구 길음동 524-62번지
11290,13400,0,0524,0062,,,일반건축물,단독주택,주택,0,0,38.68,19581221,1,0,서울특별시 성북구 길음동 524-62번지
11290,13400,0,0524,0065,,,표제부,공동주택,다세대주택,112.07,62.55,186.38,19910520,2,1,서울특별시 성북구 길음동 524-65번지
11290,13400,0,0524,0066,,,일반건축물,단독주택,주택,0,0,49.59,,1,0,서울특별시 성북구 길음동 524-66번지
11290,13400,0,0524,0068,,,일반건축물,단독주택,다가구용 단독주택,100.34,60.01,149.57,19970710,2,1,서울특별시 성북구 길음동 524-68번지
11290,13400,0,0524,0069,,,일반건축물,단독주택,주택,0,0,102.38,19641022,1,1,서울특별시 성북구 길음동 524-69번지
11290,13400,0,0524,0071,,,일반건축물,단독주택,주택,0,0,41.26,19660711,1,0,서울특별시 성북구 길음동 524-71번지
11290,13400,0,0525,0005,,,일반건축물,단독주택,주택,0,0,19.83,19430801,1,0,서울특별시 성북구 길음동 525-5번지
11290,13400,0,0525,0014,,,일반건축물,단독주택,주택,0,0,68.86,19650320,1,0,서울특별시 성북구 길음동 525-14번지
11290,13400,0,0525,0019,,,일반건축물,단독주택,주택,0,0,29.75,19401003,1,0,서울특별시 성북구 길음동 525-19번지
11290,13400,0,0525,0022,,,일반건축물,단독주택,주택,0,0,19.83,19410510,1,0,서울특별시 성북구 길음동 525-22번지
11290,13400,0,0525,0039,,,일반건축물,단독주택,주택,0,0,33.06,19410501,1,0,서울특별시 성북구 길음동 525-39번지
11290,13400,0,0525,0045,,,일반건축물,단독주택,주택,0,0,49.59,1955,1,0,서울특별시 성북구 길음동 525-45번지
11290,13400,0,0525,0085,,,일반건축물,단독주택,주택,0,0,34.55,19611212,1,0,서울특별시 성북구 길음동 525-85번지
11290,13400,0,0525,0090,,,일반건축물,단독주택,주택,0,0,35.04,19830901,1,0,서울특별시 성북구 길음동 525-90번지
11290,13400,0,0525,0092,,,일반건축물,단독주택,주택,0,0,56.66,19810616,1,1,서울특별시 성북구 길음동 525-92번지
11290,13400,0,0525,0094,,,일반건축물,단독주택,주택,0,0,32.56,19611230,1,0,서울특별시 성북구 길음동 525-94번지
11290,13400,0,0525,0095,,,일반건축물,단독주택,주택,0,0,26.45,,1,0,서울특별시 성북구 길음동 525-95번지
11290,13400,0,0525,0097,,,일반건축물,단독주택,주택,0,0,19.83,,1,0,서울특별시 성북구 길음동 525-97번지
11290,13400,0,0525,0098,,,일반건축물,단독주택,주택,0,0,13.22,19560724,1,0,서울특별시 성북구 길음동 525-98번지
11290,13400,0,0525,0099,,,일반건축물,단독주택,주택,0,0,33.06,19550905,1,0,서울특별시 성북구 길음동 525-99번지
11290,13400,0,0525,0100,,,일반건축물,단독주택,주택,62.81,0,28.1,19850630,1,0,서울특별시 성북구 길음동 525-100번지
11290,13400,0,0525,0101,,,일반건축물,단독주택,주택,0,0,23.14,19580528,1,0,서울특별시 성북구 길음동 525-101번지
11290,13400,0,0525,0102,,,일반건축물,단독주택,주택,0,0,20.96,19611225,1,0,서울특별시 성북구 길음동 525-102번지
11290,13400,0,0525,0104,,,일반건축물,단독주택,주택,0,0,16.53,19550609,1,0,서울특별시 성북구 길음동 525-104번지
11290,13400,0,0525,0105,,,일반건축물,단독주택,주택,0,0,28.46,1966,1,0,서울특별시 성북구 길음동 525-105번지
11290,13400,0,0525,0106,,,일반건축물,단독주택,주택,0,0,27.11,19670510,1,0,서울특별시 성북구 길음동 525-106번지
11290,13400,0,0525,0107,,,일반건축물,단독주택,주택,0,0,29.75,19401003,1,0,서울특별시 성북구 길음동 525-107번지
11290,13400,0,0525,0108,,,일반건축물,단독주택,주택,0,0,36.79,19651129,1,0,서울특별시 성북구 길음동 525-108번지
11290,13400,0,0525,0109,,,일반건축물,단독주택,주택,0,0,32.56,19841228,1,0,서울특별시 성북구 길음동 525-109번지
11290,13400,0,0525,0111,,,일반건축물,단독주택,주택,0,0,22.74,19551002,1,0,서울특별시 성북구 길음동 525-111번지
11290,13400,0,0525,0112,,,일반건축물,단독주택,주택,0,0,26.45,,1,0,서울특별시 성북구 길음동 525-112번지
11290,13400,0,0525,0113,,,일반건축물,단독주택,주택,0,0,33.06,19400917,1,0,서울특별시 성북구 길음동 525-113번지
11290,13400,0,0525,0114,,,일반건축물,단독주택,주택,0,0,33.06,19550709,1,0,서울특별시 성북구 길음동 525-114번지
11290,13400,0,0525,0115,,,일반건축물,제1종근린생활시설,근린생활시설,0,0,19.83,19401030,1,0,서울특별시 성북구 길음동 525-115번지
11290,13400,0,0525,0116,,,일반건축물,단독주택,주택,0,0,22.74,19611231,1,0,서울특별시 성북구 길음동 525-116번지
11290,13400,0,0525,0117,,,일반건축물,단독주택,주택,0,0,23.97,19611025,1,0,서울특별시 성북구 길음동 525-117번지
11290,13400,0,0525,0118,,,일반건축물,단독주택,주택,0,0,125.59,19730507,2,1,서울특별시 성북구 길음동 525-118번지
11290,13400,0,0525,0120,,,일반건축물,단독주택,주택,0,0,34.71,19660721,1,0,서울특별시 성북구 길음동 525-120번지
11290,13400,0,0525,0121,,,일반건축물,단독주택,주택,0,0,33.06,,2,0,서울특별시 성북구 길음동 525-121번지
11290,13400,0,0525,0122,,,일반건축물,제2종근린생활시설,근린생활시설,0,0,31.4,19590731,1,0,서울특별시 성북구 길음동 525-122번지
11290,13400,0,0525,0124,,,일반건축물,단독주택,주택,0,0,60.66,19730629,2,0,서울특별시 성북구 길음동 525-124번지
11290,13400,0,0525,0127,,,일반건축물,제1종근린생활시설,근린생활시설,0,0,425.4,19900120,4,1,서울특별시 성북구 길음동 525-127번지
11290,13400,0,0525,0129,,,일반건축물,제2종근린생활시설,제2종근린생활시설,0,0,82.82,19680610,3,0,서울특별시 성북구 길음동 525-129번지
11290,13400,0,0525,0130,,,일반건축물,제2종근린생활시설,제2종근린생활시설,92,74.61,328.31,19680704,5,1,서울특별시 성북구 길음동 525-130번지
11290,13400,0,0525,0131,,,일반건축물,제1종근린생활시설,제1종근린생활시설,0,0,65.67,19670518,3,0,서울특별시 성북구 길음동 525-131번지
11290,13400,0,0525,0132,,,일반건축물,제1종근린생활시설,근린생활시설,0,0,59.75,19660110,2,0,서울특별시 성북구 길음동 525-132번지
11290,13400,0,0525,0154,,,일반건축물,단독주택,주택,0,0,19.83,19591018,1,0,서울특별시 성북구 길음동 525-154번지
11290,13400,0,0525,0155,,,일반건축물,단독주택,주택,0,0,15.4,19590502,1,0,서울특별시 성북구 길음동 525-155번지
11290,13400,0,0525,0159,,,일반건축물,제1종근린생활시설,제1종근린생활시설,0,0,129.15,19661012,3,0,서울특별시 성북구 길음동 525-159번지
11290,13400,0,0525,0161,,,일반건축물,제1종근린생활시설,제1종근린생활시설,0,0,32.84,19651230,2,0,서울특별시 성북구 길음동 525-161번지
11290,13400,0,0525,0162,,,일반건축물,제1종근린생활시설,제1종근린생활시설,0,0,41.04,19651231,3,0,서울특별시 성북구 길음동 525-162번지
11290,13400,0,0525,0163,,,일반건축물,제2종근린생활시설,제2종근린생활시설,0,0,39.67,19840719,1,0,서울특별시 성북구 길음동 525-163번지
11290,13400,0,0525,0164,,,일반건축물,단독주택,주택,0,0,39.67,,1,0,서울특별시 성북구 길음동 525-164번지
11290,13400,0,0525,0165,,,일반건축물,단독주택,주택,0,0,33.06,19400807,1,0,서울특별시 성북구 길음동 525-165번지
11290,13400,0,0525,0166,,,일반건축물,단독주택,주택,0,0,19.83,,1,0,서울특별시 성북구 길음동 525-166번지
11290,13400,0,0525,0167,,,일반건축물,단독주택,주택,0,0,107.3,19850630,1,0,서울특별시 성북구 길음동 525-167번지
11290,13400,0,0525,0169,,,일반건축물,단독주택,주택,0,0,36.36,19581018,1,0,서울특별시 성북구 길음동 525-169번지
11290,13400,0,0525,0169,,,일반건축물,단독주택,주택,0,0,155.7,19681025,2,1,서울특별시 성북구 길음동 525-169번지
11290,13400,0,0525,0170,,,일반건축물,제2종근린생활시설,제2종근린생활시설,0,0,29.75,19401003,1,0,서울특별시 성북구 길음동 525-170번지
11290,13400,0,0525,0171,,,일반건축물,단독주택,주택,0,0,85.12,19730519,1,0,서울특별시 성북구 길음동 525-171번지
11290,13400,0,0525,0172,,,일반건축물,제2종근린생활시설,근린생활시설,101.1,49.64,232.76,19940426,4,1,서울특별시 성북구 길음동 525-172번지
11290,13400,0,0525,0173,,,일반건축물,단독주택,주택,0,0,111.5,19651110,2,1,서울특별시 성북구 길음동 525-173번지
11290,13400,0,0525,0174,,,일반건축물,제1종근린생활시설,근린생활시설,0,0,128.47,19671204,2,1,서울특별시 성북구 길음동 525-174번지
11290,13400,0,0525,0175,,,일반건축물,제1종근린생활시설,제1종근린생활시설,0,0,504.47,19900913,4,1,서울특별시 성북구 길음동 525-175번지
11290,13400,0,0525,0181,,,일반건축물,단독주택,주택,0,0,56.2,19600802,1,0,서울특별시 성북구 길음동 525-181번지
11290,13400,0,0525,0183,,,일반건축물,단독주택,주택,0,0,79.34,,1,0,서울특별시 성북구 길음동 525-183번지
11290,13400,0,0525,0185,,,일반건축물,단독주택,주택,0,0,39.67,19580723,1,0,서울특별시 성북구 길음동 525-185번지
11290,13400,0,0525,0186,,,일반건축물,단독주택,주택,0,0,62.81,19581119,1,0,서울특별시 성북구 길음동 525-186번지
11290,13400,0,0525,0187,,,일반건축물,종교시설,"제2종근린생활시설(교회), 주택, 점포",0,0,1183.53,,3,1,서울특별시 성북구 길음동 525-187번지
11290,13400,0,0525,0187,,,일반건축물,단독주택,주택,0,0,25.52,19650428,1,0,서울특별시 성북구 길음동 525-187번지
11290,13400,0,0525,0189,,,일반건축물,단독주택,주택,0,0,69.42,19580830,1,0,서울특별시 성북구 길음동 525-189번지
11290,13400,0,0525,0190,,,일반건축물,단독주택,주택,0,0,94.58,19750915,1,1,서울특별시 성북구 길음동 525-190번지
11290,13400,0,0527,0009,,,일반건축물,단독주택,주택,75.89,54.06,54.06,19840623,1,0,서울특별시 성북구 길음동 527-9번지
11290,13400,0,0528,0000,,,일반건축물,창고시설,창고,0,0,61.16,19630424,1,0,서울특별시 성북구 길음동 528번지
11290,13400,0,0528,0000,,,일반건축물,단독주택,주택,0,0,42.98,19580310,1,0,서울특별시 성북구 길음동 528번지
11290,13400,0,0528,0021,,,일반건축물,단독주택,주택,0,0,33.06,19631101,1,0,서울특별시 성북구 길음동 528-21번지
11290,13400,0,0530,0017,,,일반건축물,제2종근린생활시설,제2종근린생활시설,323,218.71,1059.9,19761123,5,1,서울특별시 성북구 길음동 530-17번지
11290,13400,0,0530,0018,,,일반건축물,단독주택,주택,0,0,29.75,,1,0,서울특별시 성북구 길음동 530-18번지
11290,13400,0,0530,0020,,,일반건축물,단독주택,주택,0,0,36.96,19610831,2,0,서울특별시 성북구 길음동 530-20번지
11290,13400,0,0530,0023,,,일반건축물,단독주택,주택,0,0,396.69,19700819,3,0,서울특별시 성북구 길음동 530-23번지
11290,13400,0,0530,0026,,,일반건축물,단독주택,"주택, 점포",0,0,96.34,19691125,2,0,서울특별시 성북구 길음동 530-26번지
11290,13400,0,0530,0027,,,일반건축물,단독주택,"근린생활시설, 주택",96.6,55.7,55.7,19690110,1,0,서울특별시 성북구 길음동 530-27번지
11290,13400,0,0530,0028,,,일반건축물,단독주택,주택,0,0,43.04,19690524,1,0,서울특별시 성북구 길음동 530-28번지
11290,13400,0,0530,0029,,,일반건축물,단독주택,"주택, 점포",0,0,58.84,19700620,1,0,서울특별시 성북구 길음동 530-29번지
11290,13400,0,0530,0030,,,일반건축물,단독주택,"주택, 점포",0,0,126.05,19540301,1,0,서울특별시 성북구 길음동 530-30번지
11290,13400,0,0530,0031,,,일반건축물,제2종근린생활시설,제2종근린생활시설,0,0,112.12,19860514,2,1,서울특별시 성북구 길음동 530-31번지
11290,13400,0,0530,0033,,,일반건축물,단독주택,"주택, 여인숙, 점포",0,0,261.98,19730320,4,1,서울특별시 성북구 길음동 530-33번지
11290,13400,0,0531,0021,,,일반건축물,제1종근린생활시설,근린생활시설,0,0,33.06,19561005,1,0,서울특별시 성북구 길음동 531-21번지
11290,13400,0,0531,0022,,,일반건축물,제2종근린생활시설,제2종근린생활시설,169.53,77.4,391.68,19930724,4,1,서울특별시 성북구 길음동 531-22번지
11290,13400,0,0531,0024,,,일반건축물,제1종근린생활시설,제1종근린생활시설,60,29.75,29.75,19410905,1,0,서울특별시 성북구 길음동 531-24번지
11290,13400,0,0531,0025,,,일반건축물,제2종근린생활시설,제2종근린생활시설,318.77,148.4,717.38,19930316,4,1,서울특별시 성북구 길음동 531-25번지
11290,13400,0,0531,0030,,,일반건축물,제1종근린생활시설,근린생활시설,0,0,215.58,19911018,3,1,서울특별시 성북구 길음동 531-30번지
11290,13400,0,0531,0031,,,일반건축물,단독주택,주택,0,0,36.36,19580130,1,0,서울특별시 성북구 길음동 531-31번지
11290,13400,0,0531,0033,,,일반건축물,제1종근린생활시설,제1종근린생활시설,630.01,319.08,1743.54,19911014,5,1,서울특별시 성북구 길음동 531-33번지
11290,13400,0,0531,0038,,,일반건축물,단독주택,주택,0,0,49.59,19690620,1,0,서울특별시 성북구 길음동 531-38번지
11290,13400,0,0531,0046,,,일반건축물,단독주택,주택,0,0,26.45,,1,0,서울특별시 성북구 길음동 531-46번지
11290,13400,0,0531,0050,,,일반건축물,제1종근린생활시설,제1종근린생활시설,30.96,21.57,21.57,19850630,1,0,서울특별시 성북구 길음동 531-50번지
11290,13400,0,0533,0000,,,일반건축물,단독주택,주택,0,0,23.14,19481030,1,0,서울특별시 성북구 길음동 533번지
11290,13400,0,0533,0000,,,일반건축물,단독주택,주택,0,0,33.06,,1,0,서울특별시 성북구 길음동 533번지
11290,13400,0,0533,0000,,,일반건축물,단독주택,주택,0,0,13.22,19401003,1,0,서울특별시 성북구 길음동 533번지
11290,13400,0,0533,0000,,,일반건축물,단독주택,주택,0,0,19.83,19550415,1,0,서울특별시 성북구 길음동 533번지
11290,13400,0,0533,0000,,,일반건축물,단독주택,주택,0,0,19.83,19570108,1,0,서울특별시 성북구 길음동 533번지
11290,13400,0,0533,0000,,,일반건축물,단독주택,주택,0,0,26.45,19480415,1,0,서울특별시 성북구 길음동 533번지
11290,13400,0,0533,0000,,,일반건축물,단독주택,주택,0,0,26.45,19480405,1,0,서울특별시 성북구 길음동 533번지
11290,13400,0,0533,0000,,,일반건축물,단독주택,주택,0,0,23.14,19401003,1,0,서울특별시 성북구 길음동 533번지
11290,13400,0,0533,0000,,,일반건축물,단독주택,주택,0,0,30.31,19450510,1,0,서울특별시 성북구 길음동 533번지
11290,13400,0,0533,0000,,,일반건축물,단독주택,주택,0,0,36.36,,1,0,서울특별시 성북구 길음동 533번지
11290,13400,0,0533,0000,,,일반건축물,단독주택,주택,0,0,23.14,,1,0,서울특별시 성북구 길음동 533번지
11290,13400,0,0533,0000,,,일반건축물,단독주택,주택,0,0,19.83,19631019,1,0,서울특별시 성북구 길음동 533번지
11290,13400,0,0533,0000,,,일반건축물,단독주택,주택,0,0,76.03,19581128,1,0,서울특별시 성북구 길음동 533번지
11290,13400,0,0533,0000,,,일반건축물,단독주택,주택,0,0,33.55,19600806,1,0,서울특별시 성북구 길음동 533번지
11290,13400,0,0533,0000,,,일반건축물,단독주택,주택,0,0,33.06,19401003,1,0,서울특별시 성북구 길음동 533번지
11290,13400,0,0533,0000,,,일반건축물,단독주택,주택,0,0,29.75,19500329,1,0,서울특별시 성북구 길음동 533번지
11290,13400,0,0533,0000,,,일반건축물,단독주택,주택,0,0,19.83,19390210,1,0,서울특별시 성북구 길음동 533번지
11290,13400,0,0533,0000,,,일반건축물,단독주택,주택,0,0,23.14,19401003,1,0,서울특별시 성북구 길음동 533번지
11290,13400,0,0533,0000,,,일반건축물,단독주택,주택,0,0,26.45,19480917,1,0,서울특별시 성북구 길음동 533번지
11290,13400,0,0533,0000,,,일반건축물,단독주택,주택,0,0,26.45,,1,0,서울특별시 성북구 길음동 533번지
11290,13400,0,0533,0000,,,일반건축물,단독주택,주택,0,0,26.45,,1,0,서울특별시 성북구 길음동 533번지
11290,13400,0,0533,0000,,,일반건축물,단독주택,주택,0,0,36.36,19401003,1,0,서울특별시 성북구 길음동 533번지
11290,13400,0,0533,0000,,,일반건축물,단독주택,주택,0,0,29.75,,1,0,서울특별시 성북구 길음동 533번지
11290,13400,0,0533,0000,,,일반건축물,단독주택,주택,0,0,36.36,19401003,1,0,서울특별시 성북구 길음동 533번지
11290,13400,0,0533,0000,,,일반건축물,단독주택,주택,0,0,19.83,,1,0,서울특별시 성북구 길음동 533번지
11290,13400,0,0533,0000,,,일반건축물,단독주택,주택,0,0,19.83,19401003,1,0,서울특별시 성북구 길음동 533번지
11290,13400,0,0533,0000,,,일반건축물,단독주택,주택,0,0,23.14,19401003,1,0,서울특별시 성북구 길음동 533번지
11290,13400,0,0533,0000,,,일반건축물,단독주택,주택,0,0,23.14,19481001,1,0,서울특별시 성북구 길음동 533번지
11290,13400,0,0533,0000,,,일반건축물,단독주택,주택,0,0,29.75,,1,0,서울특별시 성북구 길음동 533번지
11290,13400,0,0533,0000,,,일반건축물,단독주택,주택,0,0,19.83,19401020,1,0,서울특별시 성북구 길음동 533번지
11290,13400,0,0533,0000,,,일반건축물,단독주택,주택,0,0,26.45,,1,0,서울특별시 성북구 길음동 533번지
11290,13400,0,0533,0000,,,일반건축물,단독주택,주택,0,0,42.98,19480430,1,0,서울특별시 성북구 길음동 533번지
11290,13400,0,0533,0000,,,일반건축물,단독주택,주택,0,0,46.28,19401201,1,0,서울특별시 성북구 길음동 533번지
11290,13400,0,0533,0000,,,일반건축물,단독주택,주택,0,0,45.62,1937,1,0,서울특별시 성북구 길음동 533번지
11290,13400,0,0533,0000,,,일반건축물,단독주택,주택,0,0,39.67,19470201,1,0,서울특별시 성북구 길음동 533번지
11290,13400,0,0533,0000,,,일반건축물,단독주택,주택,0,0,19.83,19401201,1,0,서울특별시 성북구 길음동 533번지
11290,13400,0,0533,0000,,,일반건축물,단독주택,주택,0,0,39.67,19401201,1,0,서울특별시 성북구 길음동 533번지
11290,13400,0,0533,0000,,,일반건축물,단독주택,주택,0,0,29.75,19500329,1,0,서울특별시 성북구 길음동 533번지
11290,13400,0,0533,0000,,,일반건축물,단독주택,주택,0,0,42.98,19401003,1,0,서울특별시 성북구 길음동 533번지
11290,13400,0,0533,0000,,,일반건축물,단독주택,주택,0,0,33.06,19481110,1,0,서울특별시 성북구 길음동 533번지
11290,13400,0,0533,0001,,,일반건축물,단독주택,주택,0,0,26.45,19400219,1,0,서울특별시 성북구 길음동 533-1번지
11290,13400,0,0533,0001,,,일반건축물,단독주택,주택,0,0,26.45,19401001,1,0,서울특별시 성북구 길음동 533-1번지
11290,13400,0,0533,0001,,,일반건축물,단독주택,주택,0,0,19.83,,1,0,서울특별시 성북구 길음동 533-1번지
11290,13400,0,0533,0001,,,일반건축물,단독주택,주택,0,0,23.14,19570723,1,0,서울특별시 성북구 길음동 533-1번지
11290,13400,0,0533,0001,,,일반건축물,단독주택,주택,0,0,19.77,,1,0,서울특별시 성북구 길음동 533-1번지
11290,13400,0,0533,0001,,,일반건축물,단독주택,주택,0,0,15.74,,1,0,서울특별시 성북구 길음동 533-1번지
11290,13400,0,0533,0018,,,일반건축물,단독주택,주택,0,0,29.75,19640707,1,0,서울특별시 성북구 길음동 533-18번지
11290,13400,0,0533,0040,,,일반건축물,단독주택,주택,0,0,16.2,,1,0,서울특별시 성북구 길음동 533-40번지
11290,13400,0,0533,0055,,,일반건축물,단독주택,주택,0,0,26.45,193907,1,0,서울특별시 성북구 길음동 533-55번지
11290,13400,0,0533,0126,,,일반건축물,단독주택,주택,0,0,26.45,,1,0,서울특별시 성북구 길음동 533-126번지
11290,13400,0,0533,0157,,,일반건축물,단독주택,주택,0,0,13.98,19480820,1,0,서울특별시 성북구 길음동 533-157번지
11290,13400,0,0533,0176,,,일반건축물,단독주택,주택,0,0,44.3,19661123,1,0,서울특별시 성북구 길음동 533-176번지
11290,13400,0,0534,0000,,,일반건축물,단독주택,주택,0,0,29.75,19401003,1,0,서울특별시 성북구 길음동 534번지
11290,13400,0,0534,0000,,,일반건축물,단독주택,주택,0,0,36.36,,1,0,서울특별시 성북구 길음동 534번지
11290,13400,0,0534,0000,,,일반건축물,단독주택,주택,0,0,51.21,,1,0,서울특별시 성북구 길음동 534번지
11290,13400,0,0534,0000,,,일반건축물,단독주택,주택,0,0,29.75,19401003,1,0,서울특별시 성북구 길음동 534번지
11290,13400,0,0534,0004,,,일반건축물,단독주택,주택,0,0,19.83,19531005,1,0,서울특별시 성북구 길음동 534-4번지
11290,13400,0,0534,0041,,,일반건축물,단독주택,주택,0,0,19.83,19560305,1,0,서울특별시 성북구 길음동 534-41번지
11290,13400,0,0534,0043,,,일반건축물,단독주택,주택,0,0,19.83,,1,0,서울특별시 성북구 길음동 534-43번지
11290,13400,0,0534,0085,,,일반건축물,제1종근린생활시설,영업소,0,0,272.73,19551230,1,0,서울특별시 성북구 길음동 534-85번지
11290,13400,0,0535,0000,,,일반건축물,단독주택,주택,0,0,23.14,19460110,1,0,서울특별시 성북구 길음동 535번지
11290,13400,0,0535,0003,,,일반건축물,단독주택,주택,0,0,39.67,,1,0,서울특별시 성북구 길음동 535-3번지
11290,13400,0,0535,0004,,,일반건축물,제2종근린생활시설,제2종근린생활시설,0,0,122.12,19631218,1,0,서울특별시 성북구 길음동 535-4번지
11290,13400,0,0535,0008,,,표제부,제1종근린생활시설,영업소,0,0,772.69,19681115,1,0,서울특별시 성북구 길음동 535-8번지
11290,13400,0,0535,0008,,,표제부,제1종근린생활시설,점포,0,0,611.14,19630224,1,0,서울특별시 성북구 길음동 535-8번지
11290,13400,0,0535,0020,,,일반건축물,업무시설,근린생활시설,416,0,1430.58,19721221,4,1,서울특별시 성북구 길음동 535-20번지
11290,13400,0,0535,0022,동궁빌딩,,일반건축물,교육연구시설,"판매및영업시설, 교육연구시설, 근린생활시설",836,451.67,2898.78,19681115,5,1,서울특별시 성북구 길음동 535-22번지
11290,13400,0,0536,0000,,,일반건축물,단독주택,주택,0,0,29.75,19380820,1,0,서울특별시 성북구 길음동 536번지
11290,13400,0,0536,0000,,,일반건축물,단독주택,주택,0,0,26.45,19381008,1,0,서울특별시 성북구 길음동 536번지
11290,13400,0,0536,0000,,,일반건축물,창고시설,창고,0,0,99.17,19471215,1,0,서울특별시 성북구 길음동 536번지
11290,13400,0,0536,0036,,,일반건축물,단독주택,주택,0,0,36.36,19470702,1,0,서울특별시 성북구 길음동 536-36번지
11290,13400,0,0536,0076,,,일반건축물,단독주택,주택,0,0,26.45,19451005,1,0,서울특별시 성북구 길음동 536-76번지
11290,13400,0,0537,0000,,,일반건축물,종교시설,"성당,교육관,사제관,수녀원",3489,1636.96,6757.74,19791025,4,2,서울특별시 성북구 길음동 537번지
11290,13400,0,0537,0003,,,일반건축물,단독주택,주택,0,0,36.36,19410807,1,0,서울특별시 성북구 길음동 537-3번지
11290,13400,0,0537,0028,,,일반건축물,단독주택,주택,0,0,198.76,19411028,1,0,서울특별시 성북구 길음동 537-28번지
11290,13400,0,0537,0034,,,일반건축물,제2종근린생활시설,제2종근린생활시설,0,0,476.04,19580705,1,0,서울특별시 성북구 길음동 537-34번지
11290,13400,0,0539,0001,,,일반건축물,단독주택,주택,0,0,19.83,19440610,1,0,서울특별시 성북구 길음동 539-1번지
11290,13400,0,0540,0002,정안사우나,,일반건축물,제1종근린생활시설,근린생활시설,4250,2229.63,8687.14,19850907,3,1,서울특별시 성북구 길음동 540-2번지
11290,13400,0,0540,0007,,,일반건축물,제2종근린생활시설,영업소,0,0,330.9,,1,0,서울특별시 성북구 길음동 540-7번지
11290,13400,0,0540,0007,,,일반건축물,제2종근린생활시설,영업소,0,0,132.57,19710824,1,0,서울특별시 성북구 길음동 540-7번지
11290,13400,0,0541,0000,,,일반건축물,단독주택,주택,0,0,19.83,19541206,1,0,서울특별시 성북구 길음동 541번지
11290,13400,0,0541,0000,,,일반건축물,단독주택,주택,0,0,33.06,19400427,1,0,서울특별시 성북구 길음동 541번지
11290,13400,0,0541,0000,,,일반건축물,단독주택,주택,0,0,23.14,19401003,1,0,서울특별시 성북구 길음동 541번지
11290,13400,0,0541,0007,,,일반건축물,제1종근린생활시설,제1종근린생활시설,0,0,136.26,19651221,3,0,서울특별시 성북구 길음동 541-7번지
11290,13400,0,0541,0014,,,일반건축물,단독주택,주택,0,0,19.83,19401003,1,0,서울특별시 성북구 길음동 541-14번지
11290,13400,0,0541,0039,,.,일반건축물,단독주택,주택,0,0,46.28,,1,0,서울특별시 성북구 길음동 541-39번지
11290,13400,0,0542,0000,,,일반건축물,단독주택,주택,0,0,19.83,,1,0,서울특별시 성북구 길음동 542번지
11290,13400,0,0542,0000,,,일반건축물,단독주택,주택,0,0,26.45,,1,0,서울특별시 성북구 길음동 542번지
11290,13400,0,0542,0000,,,일반건축물,단독주택,주택,0,0,29.75,,1,0,서울특별시 성북구 길음동 542번지
11290,13400,0,0542,0000,,,일반건축물,단독주택,주택,0,0,33.06,19401003,1,0,서울특별시 성북구 길음동 542번지
11290,13400,0,0542,0000,,,일반건축물,단독주택,주택,0,0,19.83,19540520,1,0,서울특별시 성북구 길음동 542번지
11290,13400,0,0542,0000,,,일반건축물,단독주택,주택,0,0,29.75,19401003,1,0,서울특별시 성북구 길음동 542번지
11290,13400,0,0542,0000,,,일반건축물,단독주택,주택,0,0,23.14,19401003,1,0,서울특별시 성북구 길음동 542번지
11290,13400,0,0542,0003,,,일반건축물,단독주택,주택,0,0,26.45,19430720,1,0,서울특별시 성북구 길음동 542-3번지
11290,13400,0,0542,0025,,,일반건축물,단독주택,주택,0,0,26.45,,1,0,서울특별시 성북구 길음동 542-25번지
11290,13400,0,0543,0000,,,일반건축물,단독주택,주택,0,0,29.75,,1,0,서울특별시 성북구 길음동 543번지
11290,13400,0,0543,0000,,,일반건축물,단독주택,주택,0,0,29.75,19490610,1,0,서울특별시 성북구 길음동 543번지
11290,13400,0,0543,0000,,,일반건축물,단독주택,주택,0,0,36.36,,1,0,서울특별시 성북구 길음동 543번지
11290,13400,0,0543,0010,,,일반건축물,단독주택,주택,0,0,26.45,19521009,1,0,서울특별시 성북구 길음동 543-10번지
11290,13400,0,0543,0012,,,일반건축물,단독주택,주택,0,0,29.75,19420923,1,0,서울특별시 성북구 길음동 543-12번지
11290,13400,0,0543,0013,,,일반건축물,제2종근린생활시설,영업소,0,0,42.98,19401003,1,0,서울특별시 성북구 길음동 543-13번지
11290,13400,0,0543,0027,,,일반건축물,단독주택,주택,0,0,66.12,,1,0,서울특별시 성북구 길음동 543-27번지
11290,13400,0,0547,0000,,,일반건축물,단독주택,주택,0,0,37.69,19560417,1,0,서울특별시 성북구 길음동 547번지
11290,13400,0,0547,0000,,,일반건축물,단독주택,주택,0,0,26.45,195610,1,0,서울특별시 성북구 길음동 547번지
11290,13400,0,0547,0000,,,일반건축물,단독주택,주택,0,0,41.98,195710,1,0,서울특별시 성북구 길음동 547번지
11290,13400,0,0547,0000,,,일반건축물,단독주택,주택,0,0,44.63,19541005,1,0,서울특별시 성북구 길음동 547번지
11290,13400,0,0547,0000,,,일반건축물,단독주택,주택,0,0,19.83,19601027,1,0,서울특별시 성북구 길음동 547번지
11290,13400,0,0547,0000,,,일반건축물,단독주택,주택,0,0,66.12,19580505,1,0,서울특별시 성북구 길음동 547번지
11290,13400,0,0547,0018,,,일반건축물,단독주택,주택,0,0,35.04,19561130,1,0,서울특별시 성북구 길음동 547-18번지
11290,13400,0,0547,0018,,,일반건축물,단독주택,주택,0,0,36.36,19551005,1,0,서울특별시 성북구 길음동 547-18번지
11290,13400,0,0547,0078,선한목자 예수수녀회본원,,일반건축물,종교시설,수녀원 기숙사,330,197.49,905.51,19861226,4,1,서울특별시 성북구 길음동 547-78번지
11290,13400,0,0548,0000,,,일반건축물,단독주택,주택,0,0,26.45,19491005,1,0,서울특별시 성북구 길음동 548번지
11290,13400,0,0548,0000,,,일반건축물,단독주택,주택,0,0,31.4,19441005,1,0,서울특별시 성북구 길음동 548번지
11290,13400,0,0548,0000,,,일반건축물,단독주택,주택,0,0,29.75,19520509,1,0,서울특별시 성북구 길음동 548번지
11290,13400,0,0548,0001,,,일반건축물,제1종근린생활시설,제1종근린생활시설(의원),546,197.96,742.18,19890720,4,1,서울특별시 성북구 길음동 548-1번지
11290,13400,0,0548,0037,,,일반건축물,단독주택,주택,0,0,21.82,19441005,1,0,서울특별시 성북구 길음동 548-37번지
11290,13400,0,0549,0012,기독교대한감리회미아동교회,,일반건축물,종교시설,종교시설(교회),2081,907.86,4994.33,20110114,7,1,서울특별시 성북구 길음동 549-12번지
11290,13400,0,0549,0014,,,일반건축물,단독주택,주택,0,0,23.4,,1,0,서울특별시 성북구 길음동 549-14번지
11290,13400,0,0549,0052,,,일반건축물,단독주택,주택,0,0,66.12,19601118,1,0,서울특별시 성북구 길음동 549-52번지
11290,13400,0,0549,0056,,,일반건축물,공장,공장,0,0,42.15,19630704,1,0,서울특별시 성북구 길음동 549-56번지
11290,13400,0,0550,0000,,,일반건축물,제2종근린생활시설,영업소,0,0,29.75,19620315,1,0,서울특별시 성북구 길음동 550번지
11290,13400,0,0550,0000,,,일반건축물,단독주택,주택,0,0,33.06,19580506,1,0,서울특별시 성북구 길음동 550번지
11290,13400,0,0550,0000,,,일반건축물,단독주택,주택,0,0,26.45,19401003,1,0,서울특별시 성북구 길음동 550번지
11290,13400,0,0550,0000,,,일반건축물,제2종근린생활시설,제2종근린생활시설,0,0,52.89,19431010,1,0,서울특별시 성북구 길음동 550번지
11290,13400,0,0550,0000,,,일반건축물,단독주택,주택,0,0,30.08,19570705,1,0,서울특별시 성북구 길음동 550번지
11290,13400,0,0550,0000,,,일반건축물,단독주택,주택,0,0,19.83,19370215,1,0,서울특별시 성북구 길음동 550번지
11290,13400,0,0550,0000,,,일반건축물,단독주택,주택,0,0,19.83,19490815,1,0,서울특별시 성북구 길음동 550번지
11290,13400,0,0550,0000,,,일반건축물,제2종근린생활시설,영업소,0,0,66.12,19431010,1,0,서울특별시 성북구 길음동 550번지
11290,13400,0,0550,0000,,,일반건축물,단독주택,주택,0,0,23.14,,1,0,서울특별시 성북구 길음동 550번지
11290,13400,0,0550,0032,,,일반건축물,단독주택,주택,0,0,26.45,19430915,1,0,서울특별시 성북구 길음동 550-32번지
11290,13400,0,0552,0000,,,일반건축물,단독주택,주택,0,0,36.36,19580820,1,0,서울특별시 성북구 길음동 552번지
11290,13400,0,0552,0002,,,일반건축물,단독주택,주택,0,0,36.36,19571010,1,0,서울특별시 성북구 길음동 552-2번지
11290,13400,0,0555,0000,,,일반건축물,단독주택,주택,0,0,36.5,19661112,1,0,서울특별시 성북구 길음동 555번지
11290,13400,0,0555,0001,,,일반건축물,단독주택,주택,0,0,19.83,19590930,1,0,서울특별시 성북구 길음동 555-1번지
11290,13400,0,0555,0001,,,일반건축물,단독주택,주택,0,0,19.83,19590930,1,0,서울특별시 성북구 길음동 555-1번지
11290,13400,0,0555,0001,,,일반건축물,단독주택,주택,0,0,33.06,19590903,1,0,서울특별시 성북구 길음동 555-1번지
11290,13400,0,0555,0001,,,일반건축물,단독주택,주택,0,0,36.36,19580930,1,0,서울특별시 성북구 길음동 555-1번지
11290,13400,0,0555,0001,,,일반건축물,단독주택,주택,0,0,23.14,19580930,1,0,서울특별시 성북구 길음동 555-1번지
11290,13400,0,0555,0013,,,일반건축물,단독주택,주택,0,0,46.87,,1,0,서울특별시 성북구 길음동 555-13번지
11290,13400,0,0555,0024,정릉성가수녀원/전기실,,일반건축물,종교시설,"문화및집회시설,전기실",0,0,114,20021127,0,1,서울특별시 성북구 길음동 555-24번지
11290,13400,0,0555,0024,별관(C동),,일반건축물,종교시설,종교시설(수녀원),0,0,116.13,19941227,1,0,서울특별시 성북구 길음동 555-24번지
11290,13400,0,0555,0024,경비실(K동),,일반건축물,종교시설,경비실,0,29.11,29.11,20100113,1,0,서울특별시 성북구 길음동 555-24번지
11290,13400,0,0555,0024,길음안나의 집(D동),,일반건축물,노유자시설,노인요양시설 및 종교시설,24947,1325.59,4999.34,20100113,5,2,서울특별시 성북구 길음동 555-24번지
11290,13400,0,0555,0024,"수녀원교육관(F동),강생의집(G동)",,일반건축물,종교시설,종교시설(수녀원),0,0,4733.05,19821130,3,2,서울특별시 성북구 길음동 555-24번지
11290,13400,0,0555,0024,설림자사제관(E동),,일반건축물,종교시설,사제관,0,0,99,,1,1,서울특별시 성북구 길음동 555-24번지
11290,13400,0,0555,0024,수녀원성당(B동),,일반건축물,종교시설,종교시설(수녀원),0,3709.98,1009.79,19941227,3,1,서울특별시 성북구 길음동 555-24번지
11290,13400,0,0555,0024,"성재덕관(I동),전기실(J동)",,일반건축물,종교시설,"문화및집회시설,종교집회장/수녀원",0,532.87,2314,20021127,4,1,서울특별시 성북구 길음동 555-24번지
11290,13400,0,0555,0024,본관A동,,일반건축물,종교시설,종교시설(수녀원),24947,3786.36,3978.15,19941227,4,1,서울특별시 성북구 길음동 555-24번지
11290,13400,0,0555,0024,관리동(H동),,일반건축물,종교시설,종교시설(수녀원),0,172.62,157.68,20100113,1,1,서울특별시 성북구 길음동 555-24번지
11290,13400,0,0557,0000,,,일반건축물,단독주택,주택,0,0,26.45,,1,0,서울특별시 성북구 길음동 557번지
11290,13400,0,0559,0000,,,일반건축물,단독주택,주택,0,0,23.17,19611231,1,0,서울특별시 성북구 길음동 559번지
11290,13400,0,0559,0000,,,일반건축물,단독주택,주택,0,0,33.06,19560810,1,0,서울특별시 성북구 길음동 559번지
11290,13400,0,0560,0001,,,일반건축물,단독주택,주택,0,0,33.06,1957,1,0,서울특별시 성북구 길음동 560-1번지
11290,13400,0,0561,0000,,,일반건축물,단독주택,주택,0,0,23.14,,1,0,서울특별시 성북구 길음동 561번지
11290,13400,0,0561,0004,,,일반건축물,단독주택,주택,0,0,23.14,19470507,1,0,서울특별시 성북구 길음동 561-4번지
11290,13400,0,0563,0000,,,일반건축물,단독주택,주택,0,0,23.14,,1,0,서울특별시 성북구 길음동 563번지
11290,13400,0,0563,0000,,,일반건축물,단독주택,주택,0,0,39.67,19660412,1,0,서울특별시 성북구 길음동 563번지
11290,13400,0,0563,0002,,,일반건축물,단독주택,주택,0,0,19.83,,1,0,서울특별시 성북구 길음동 563-2번지
11290,13400,0,0563,0006,,,일반건축물,단독주택,주택,0,0,26.45,,1,0,서울특별시 성북구 길음동 563-6번지
11290,13400,0,0563,0007,,,일반건축물,단독주택,주택,0,0,33.06,,1,0,서울특별시 성북구 길음동 563-7번지
11290,13400,0,0567,0057,,,일반건축물,단독주택,주택,0,0,23.5,19631127,1,0,서울특별시 성북구 길음동 567-57번지
11290,13400,0,0575,0000,,,일반건축물,단독주택,주택,0,0,26.45,19590821,1,0,서울특별시 성북구 길음동 575번지
11290,13400,0,0579,0002,,,일반건축물,제2종근린생활시설,제2종근린생활시설,0,0,200.33,19620530,1,0,서울특별시 성북구 길음동 579-2번지
11290,13400,0,0579,0030,,,일반건축물,제2종근린생활시설,교회,0,0,97.52,19661110,1,1,서울특별시 성북구 길음동 579-30번지
11290,13400,0,0582,0006,,,일반건축물,단독주택,주택,0,0,23.14,,1,0,서울특별시 성북구 길음동 582-6번지
11290,13400,0,0582,0054,,,일반건축물,단독주택,주택,0,0,23.14,19550815,1,0,서울특별시 성북구 길음동 582-54번지
11290,13400,0,0586,0006,,,일반건축물,단독주택,주택,0,0,81.98,19640809,2,0,서울특별시 성북구 길음동 586-6번지
11290,13400,0,0591,0000,,,일반건축물,단독주택,주택,0,0,26.45,,1,0,서울특별시 성북구 길음동 591번지
11290,13400,0,0593,0045,,,일반건축물,단독주택,주택,0,0,59.5,19591012,1,0,서울특별시 성북구 길음동 593-45번지
11290,13400,0,0596,0000,,,일반건축물,단독주택,주택,0,0,19.83,19401003,1,0,서울특별시 성북구 길음동 596번지
11290,13400,0,0599,0002,,,일반건축물,단독주택,주택,0,0,36.69,19571120,1,0,서울특별시 성북구 길음동 599-2번지
11290,13400,0,0601,0002,,,일반건축물,단독주택,주택,0,0,36.36,19601002,1,0,서울특별시 성북구 길음동 601-2번지
11290,13400,0,0603,0000,,,일반건축물,단독주택,주택,0,0,26.45,,1,0,서울특별시 성북구 길음동 603번지
11290,13400,0,0603,0000,,,일반건축물,단독주택,주택,0,0,26.45,,1,0,서울특별시 성북구 길음동 603번지
11290,13400,0,0604,0000,,,일반건축물,단독주택,주택,0,0,23.14,,1,0,서울특별시 성북구 길음동 604번지
11290,13400,0,0604,0000,,,일반건축물,단독주택,주택,0,0,19.83,,1,0,서울특별시 성북구 길음동 604번지
11290,13400,0,0604,0000,,,일반건축물,단독주택,주택,0,0,36.36,,1,0,서울특별시 성북구 길음동 604번지
11290,13400,0,0604,0000,,,일반건축물,단독주택,주택,0,0,23.14,,1,0,서울특별시 성북구 길음동 604번지
11290,13400,0,0604,0000,,,일반건축물,단독주택,주택,0,0,26.45,19551020,1,0,서울특별시 성북구 길음동 604번지
11290,13400,0,0604,0000,,,일반건축물,단독주택,주택,0,0,26.45,,1,0,서울특별시 성북구 길음동 604번지
11290,13400,0,0604,0000,,,일반건축물,단독주택,주택,0,0,29.75,,1,0,서울특별시 성북구 길음동 604번지
11290,13400,0,0604,0000,,,일반건축물,단독주택,주택,0,0,26.45,,1,0,서울특별시 성북구 길음동 604번지
11290,13400,0,0604,0000,,,일반건축물,단독주택,주택,0,0,26.45,,1,0,서울특별시 성북구 길음동 604번지
11290,13400,0,0604,0000,,,일반건축물,단독주택,창고,0,0,44.43,19531005,1,0,서울특별시 성북구 길음동 604번지
11290,13400,0,0604,0001,,,일반건축물,단독주택,주택,0,0,23.14,,1,0,서울특별시 성북구 길음동 604-1번지
11290,13400,0,0604,0017,,,일반건축물,단독주택,주택,0,0,36.36,,1,0,서울특별시 성북구 길음동 604-17번지
11290,13400,0,0604,0019,,,일반건축물,단독주택,주택,0,0,52.89,,1,0,서울특별시 성북구 길음동 604-19번지
11290,13400,0,0605,0017,,,일반건축물,단독주택,주택,0,0,66.12,19570404,1,0,서울특별시 성북구 길음동 605-17번지
11290,13400,0,0607,0000,,,일반건축물,단독주택,주택,0,0,46.28,19550407,1,0,서울특별시 성북구 길음동 607번지
11290,13400,0,0607,0016,,,일반건축물,단독주택,주택,0,0,26.45,,1,0,서울특별시 성북구 길음동 607-16번지
11290,13400,0,0608,0030,,,일반건축물,단독주택,주택,0,0,42.51,,1,0,서울특별시 성북구 길음동 608-30번지
11290,13400,0,0608,0051,,,일반건축물,단독주택,주택,0,0,63.7,19781021,1,0,서울특별시 성북구 길음동 608-51번지
11290,13400,0,0608,0080,,,일반건축물,단독주택,주택,0,0,39.67,19550105,1,0,서울특별시 성북구 길음동 608-80번지
11290,13400,0,0609,0000,,,일반건축물,단독주택,주택,0,0,16.53,,1,0,서울특별시 성북구 길음동 609번지
11290,13400,0,0613,0000,,,일반건축물,단독주택,주택,0,0,38.68,195605,1,0,서울특별시 성북구 길음동 613번지
11290,13400,0,0615,0009,,,일반건축물,단독주택,주택,0,0,66.12,19591113,1,0,서울특별시 성북구 길음동 615-9번지
11290,13400,0,0621,0022,,,일반건축물,단독주택,주택,0,0,36.36,,1,0,서울특별시 성북구 길음동 621-22번지
11290,13400,0,0624,0000,,,일반건축물,단독주택,주택,0,0,33.06,19590713,1,0,서울특별시 성북구 길음동 624번지
11290,13400,0,0624,0000,,,일반건축물,단독주택,주택,0,0,39.67,,1,0,서울특별시 성북구 길음동 624번지
11290,13400,0,0624,0000,,,일반건축물,단독주택,주택,0,0,23.14,,1,0,서울특별시 성북구 길음동 624번지
11290,13400,0,0624,0012,,,일반건축물,단독주택,주택,0,0,19.83,19561229,1,0,서울특별시 성북구 길음동 624-12번지
11290,13400,0,0628,0000,,,일반건축물,단독주택,주택,0,0,29.75,19401003,1,0,서울특별시 성북구 길음동 628번지
11290,13400,0,0633,0000,,,일반건축물,단독주택,주택,0,0,32.73,19440820,1,0,서울특별시 성북구 길음동 633번지
11290,13400,0,0633,0000,,,일반건축물,단독주택,주택,0,0,18.18,19591130,1,0,서울특별시 성북구 길음동 633번지
11290,13400,0,0633,0009,,,일반건축물,단독주택,주택,0,0,9.98,,1,0,서울특별시 성북구 길음동 633-9번지
11290,13400,0,0635,0007,길음중학교 후관동,,일반건축물,교육연구시설,교육연구시설,0,0,6373.41,20140213,4,1,서울특별시 성북구 길음동 635-7번지
11290,13400,0,0635,0007,길음초등학교 문화관,,일반건축물,교육연구시설,"교육연구시설(초등학교, 유치원)",0,0,5331.08,20051013,4,1,서울특별시 성북구 길음동 635-7번지
11290,13400,0,0635,0007,길음중학교 본관동,,일반건축물,교육연구시설,교육연구시설(중학교),0,0,5712.7,19961115,4,0,서울특별시 성북구 길음동 635-7번지
11290,13400,0,0635,0007,길음초등학교 분리수거장,,일반건축물,교육연구시설,분리수거장,0,0,13.5,20140213,1,0,서울특별시 성북구 길음동 635-7번지
11290,13400,0,0635,0007,길음초등학교 본관동,,일반건축물,교육연구시설,교육연구시설(초등학교),0,0,12553.58,20140213,5,1,서울특별시 성북구 길음동 635-7번지
11290,13400,0,0635,0139,,,일반건축물,단독주택,주택,0,0,27.17,19710624,1,0,서울특별시 성북구 길음동 635-139번지
11290,13400,0,0635,0168,길음뉴타운신안파크아파트,,표제부,공동주택,아파트,0,568.44,7558.2,19881126,13,1,서울특별시 성북구 길음동 635-168번지
11290,13400,0,0635,0168,길음뉴타운신안파크아파트,,표제부,공동주택,아파트,0,568.44,7558.2,19881126,13,1,서울특별시 성북구 길음동 635-168번지
11290,13400,0,0635,0168,길음뉴타운신안파크아파트,,표제부,공동주택,아파트,0,662.4,8119.36,19881126,13,1,서울특별시 성북구 길음동 635-168번지
11290,13400,0,0635,0168,,,표제부,제1종근린생활시설,상가,0,198.76,811.56,19881126,3,1,서울특별시 성북구 길음동 635-168번지
11290,13400,0,0635,1019,,,일반건축물,단독주택,주택,0,0,51.24,1958,1,0,서울특별시 성북구 길음동 635-1019번지
11290,13400,0,0635,1230,,,일반건축물,단독주택,주택,0,0,37.29,19690812,1,0,서울특별시 성북구 길음동 635-1230번지
11290,13400,0,0864,0018,장안빌딩,,일반건축물,제1종근린생활시설,"제2종근린생활시설,교육연구및복지시설",515,281.49,1407.45,19760816,4,1,서울특별시 성북구 길음동 864-18번지
11290,13400,0,0876,0019,,,일반건축물,단독주택,주택,0,0,39.67,19390825,1,0,서울특별시 성북구 길음동 876-19번지
11290,13400,0,0877,0025,,,일반건축물,단독주택,주택,0,0,46.28,,1,0,서울특별시 성북구 길음동 877-25번지
11290,13400,0,0877,0182,,,일반건축물,제1종근린생활시설,근린생활시설,0,0,878.17,19730520,6,2,서울특별시 성북구 길음동 877-182번지
11290,13400,0,0877,0183,,,일반건축물,제1종근린생활시설,제1종근린생활시설,0,0,777.48,19721230,3,1,서울특별시 성북구 길음동 877-183번지
11290,13400,0,0877,0195,,,일반건축물,제2종근린생활시설,"제2종근린생활시설, 점포, 주택",0,0,1045.89,19850630,4,1,서울특별시 성북구 길음동 877-195번지
11290,13400,0,0877,0197,,,표제부,제1종근린생활시설,"주택, 근린생활시설, 사무실",0,280.3,1556.64,19811231,4,1,서울특별시 성북구 길음동 877-197번지
11290,13400,0,0877,0255,,,일반건축물,노유자시설,"노유자시설(노인복지시설),노유자시설(어린이집)",0,0,523.8,19910118,5,1,서울특별시 성북구 길음동 877-255번지
11290,13400,0,0883,0000,,,일반건축물,단독주택,주택,0,0,37.36,19551116,1,0,서울특별시 성북구 길음동 883번지
11290,13400,0,0883,0000,,,일반건축물,단독주택,주택,0,0,29.75,19430213,1,0,서울특별시 성북구 길음동 883번지
11290,13400,0,0887,0000,,,일반건축물,제2종근린생활시설,사무실,0,0,112.4,,2,0,서울특별시 성북구 길음동 887번지
11290,13400,0,0937,0000,,,일반건축물,교육연구시설,교육연구시설(학원),832.67,423.86,1633.32,19930203,3,1,서울특별시 성북구 길음동 937번지
11290,13400,0,0938,0006,,,일반건축물,제1종근린생활시설,근린생활시설,0,0,31.2,19821018,2,0,서울특별시 성북구 길음동 938-6번지
11290,13400,0,0938,0006,,,일반건축물,제2종근린생활시설,의원,0,0,640.54,19811106,4,1,서울특별시 성북구 길음동 938-6번지
11290,13400,0,0938,0008,,,일반건축물,제1종근린생활시설,"근린생활시설, 점포",0,0,241.47,,3,0,서울특별시 성북구 길음동 938-8번지
11290,13400,0,0938,0011,,,일반건축물,단독주택,주택,0,0,153,19891005,2,1,서울특별시 성북구 길음동 938-11번지
11290,13400,0,0938,0012,,,일반건축물,단독주택,"주택, 점포",0,0,362.08,19681201,3,1,서울특별시 성북구 길음동 938-12번지
11290,13400,0,0938,0020,,,일반건축물,단독주택,주택,0,0,30.12,19661010,1,0,서울특별시 성북구 길음동 938-20번지
11290,13400,0,1017,0002,,,일반건축물,단독주택,주택,0,0,70.05,19670507,1,0,서울특별시 성북구 길음동 1017-2번지
11290,13400,0,1062,0000,,,일반건축물,단독주택,주택,0,0,319.31,19661130,2,0,서울특별시 성북구 길음동 1062번지
11290,13400,0,1064,0000,,,일반건축물,제2종근린생활시설,제2종근린생활시설(사무실),0,0,155.59,19801015,1,0,서울특별시 성북구 길음동 1064번지
11290,13400,0,1064,0011,,,표제부,공동주택,다세대주택(6세대),159.4,84.59,313.44,19920729,3,1,서울특별시 성북구 길음동 1064-11번지
11290,13400,0,1064,0012,,,일반건축물,단독주택,다가구용단독주택(5가구),0,0,316.67,19911206,3,1,서울특별시 성북구 길음동 1064-12번지
11290,13400,0,1064,0017,,,일반건축물,단독주택,다가구용단독주택(3가구),82.53,53.27,149.35,19940224,2,1,서울특별시 성북구 길음동 1064-17번지
11290,13400,0,1064,0018,,,일반건축물,제2종근린생활시설,영업소,0,0,131.83,19701123,2,1,서울특별시 성북구 길음동 1064-18번지
11290,13400,0,1064,0020,,,일반건축물,단독주택,주택,0,0,136.8,,2,0,서울특별시 성북구 길음동 1064-20번지
11290,13400,0,1064,0025,,,표제부,공동주택,다세대주택,0,72.9,218.7,19911002,2,1,서울특별시 성북구 길음동 1064-25번지
11290,13400,0,1064,0026,,,일반건축물,단독주택,주택,0,0,51.8,19610929,1,0,서울특별시 성북구 길음동 1064-26번지
11290,13400,0,1064,0027,,,일반건축물,단독주택,주택,0,0,34.65,19650101,1,0,서울특별시 성북구 길음동 1064-27번지
11290,13400,0,1064,0028,,,일반건축물,단독주택,다가구용단독주택(7가구),0,0,334.6,19911230,3,1,서울특별시 성북구 길음동 1064-28번지
11290,13400,0,1064,0036,,,일반건축물,단독주택,주택,102.81,0,40.02,19850630,1,0,서울특별시 성북구 길음동 1064-36번지
11290,13400,0,1064,0042,,,일반건축물,단독주택,주택,0,0,57.98,19701105,1,1,서울특별시 성북구 길음동 1064-42번지
11290,13400,0,1064,0057,,,일반건축물,단독주택,주택,97.52,0,51.3,19850630,1,0,서울특별시 성북구 길음동 1064-57번지
11290,13400,0,1064,0059,,,일반건축물,단독주택,주택,0,0,170.44,19830810,2,1,서울특별시 성북구 길음동 1064-59번지
11290,13400,0,1064,0064,,,일반건축물,단독주택,주택,124.95,0,69.95,19850630,1,0,서울특별시 성북구 길음동 1064-64번지
11290,13400,0,1064,0065,,,일반건축물,단독주택,주택,0,0,145.32,19770914,2,1,서울특별시 성북구 길음동 1064-65번지
11290,13400,0,1064,0066,,,일반건축물,단독주택,주택,115.04,0,54.78,19850630,1,0,서울특별시 성북구 길음동 1064-66번지
11290,13400,0,1065,0000,,,일반건축물,제2종근린생활시설,소매점,0,0,507.01,,3,1,서울특별시 성북구 길음동 1065번지
11290,13400,0,1066,0000,,,일반건축물,단독주택,다가구용단독주택(6가구),135.19,80.01,316.39,19940705,3,1,서울특별시 성북구 길음동 1066번지
11290,13400,0,1066,0003,,,일반건축물,단독주택,단독주택,0,49.81,49.81,,1,0,서울특별시 성북구 길음동 1066-3번지
11290,13400,0,1066,0004,,,일반건축물,단독주택,주택,0,0,51.2,19610802,1,0,서울특별시 성북구 길음동 1066-4번지
11290,13400,0,1066,0007,,,일반건축물,단독주택,주택,0,0,48.2,19650320,1,0,서울특별시 성북구 길음동 1066-7번지
11290,13400,0,1066,0008,,,일반건축물,단독주택,주택,0,0,72.2,19650320,1,0,서울특별시 성북구 길음동 1066-8번지
11290,13400,0,1067,0001,,,일반건축물,단독주택,주택,0,0,70.41,19790425,1,0,서울특별시 성북구 길음동 1067-1번지
11290,13400,0,1068,0001,,,일반건축물,단독주택,다가구용단독주택(3가구),0,0,199.65,19910927,2,1,서울특별시 성북구 길음동 1068-1번지
11290,13400,0,1069,0000,,,일반건축물,단독주택,"주택, 근린생활시설",0,0,274.27,19670830,3,0,서울특별시 성북구 길음동 1069번지
11290,13400,0,1070,0001,,,일반건축물,단독주택,주택,0,0,38.81,19730517,1,0,서울특별시 성북구 길음동 1070-1번지
11290,13400,0,1070,0002,,,일반건축물,단독주택,주택,0,0,131.77,19671001,2,0,서울특별시 성북구 길음동 1070-2번지
11290,13400,0,1070,0003,,,일반건축물,제1종근린생활시설,근린생활시설,0,0,53.88,19580502,1,0,서울특별시 성북구 길음동 1070-3번지
11290,13400,0,1070,0007,,,일반건축물,제1종근린생활시설,"근린생활시설, 주택",133.6,0,224.8,19831015,3,1,서울특별시 성북구 길음동 1070-7번지
11290,13400,0,1070,0008,,,일반건축물,단독주택,주택,0,0,62.41,19630620,1,0,서울특별시 성북구 길음동 1070-8번지
11290,13400,0,1070,0011,,,일반건축물,제1종근린생활시설,근린생활시설,0,0,494.58,19910813,4,1,서울특별시 성북구 길음동 1070-11번지
11290,13400,0,1070,0012,,,일반건축물,제1종근린생활시설,소매점,0,0,330.4,19670831,4,0,서울특별시 성북구 길음동 1070-12번지
11290,13400,0,1070,0013,,,일반건축물,제1종근린생활시설,근린생활시설,0,0,263.44,19650730,3,1,서울특별시 성북구 길음동 1070-13번지
11290,13400,0,1070,0017,,,일반건축물,단독주택,다가구용단독주택(3가구),127.9,73.96,179.31,19950906,2,1,서울특별시 성북구 길음동 1070-17번지
11290,13400,0,1070,0019,,,일반건축물,제2종근린생활시설,사무소,175.6,104.06,667.21,19960626,6,1,서울특별시 성북구 길음동 1070-19번지
11290,13400,0,1070,0020,,,일반건축물,단독주택,"주택, 도서실, 점포",0,0,318.12,19730810,3,1,서울특별시 성북구 길음동 1070-20번지
11290,13400,0,1070,0022,,,일반건축물,단독주택,주택,0,0,42.39,19850630,1,0,서울특별시 성북구 길음동 1070-22번지
11290,13400,0,1070,0024,,,표제부,업무시설,"일반업무시설(사무소), 근린생활시설",688,333.6,2092.81,19900607,6,1,서울특별시 성북구 길음동 1070-24번지
11290,13400,0,1070,0028,,,일반건축물,제1종근린생활시설,근린생활시설,68.1,47.51,222.46,19940305,4,1,서울특별시 성북구 길음동 1070-28번지
11290,13400,0,1070,0029,,,일반건축물,단독주택,"주택, 점포",0,0,249.86,19680421,4,0,서울특별시 성북구 길음동 1070-29번지
11290,13400,0,1072,0000,,,일반건축물,단독주택,주택,0,0,59.87,19630902,1,0,서울특별시 성북구 길음동 1072번지
11290,13400,0,1076,0000,,,일반건축물,제1종근린생활시설,근린생활시설,0,0,178.56,19921029,3,1,서울특별시 성북구 길음동 1076번지
11290,13400,0,1076,0000,,,일반건축물,제2종근린생활시설,제1종근린생활시설,0,0,311.59,19700928,4,0,서울특별시 성북구 길음동 1076번지
11290,13400,0,1076,0000,,,표제부,공동주택,아파트,0,162.41,860.97,,5,1,서울특별시 성북구 길음동 1076번지
11290,13400,0,1076,0001,,,일반건축물,제2종근린생활시설,근린생활시설,0,0,140.26,19701220,1,0,서울특별시 성북구 길음동 1076-1번지
11290,13400,0,1077,0001,,,일반건축물,제2종근린생활시설,근린생활시설,349.4,106.55,219.87,19771207,2,1,서울특별시 성북구 길음동 1077-1번지
11290,13400,0,1078,0001,,,일반건축물,제2종근린생활시설,근린생활시설,262.3,97.88,306.57,19690930,3,1,서울특별시 성북구 길음동 1078-1번지
11290,13400,0,1078,0002,,,일반건축물,제1종근린생활시설,근린공공시설(소방관파출소),423.27,232.04,410.45,19940128,7,0,서울특별시 성북구 길음동 1078-2번지
11290,13400,0,1079,0000,,,일반건축물,제2종근린생활시설,사무실,371.3,219.47,479.66,19950531,3,1,서울특별시 성북구 길음동 1079번지
11290,13400,0,1080,0000,국민대학교 교외 기숙사,,일반건축물,공동주택,기숙사,1190.41,561.29,7231.05,19960504,12,3,서울특별시 성북구 길음동 1080번지
11290,13400,0,1082,0000,,,일반건축물,제1종근린생활시설,"주택, 근린생활시설",0,0,493.48,19890612,3,1,서울특별시 성북구 길음동 1082번지
11290,13400,0,1083,0000,,,표제부,공동주택,공동주택,0,360.69,1575.36,,4,1,서울특별시 성북구 길음동 1083번지
11290,13400,0,1083,0000,,,표제부,공동주택,연립주택,0,259.93,727.4,,2,1,서울특별시 성북구 길음동 1083번지
11290,13400,0,1084,0000,,,표제부,공동주택,다세대주택,0,82.09,327.9,19891108,3,1,서울특별시 성북구 길음동 1084번지
11290,13400,0,1084,0000,,,표제부,공동주택,다세대주택,0,51.46,205.48,19891108,3,1,서울특별시 성북구 길음동 1084번지
11290,13400,0,1085,0000,,,일반건축물,제2종근린생활시설,학원,444,200.36,1012.94,,4,2,서울특별시 성북구 길음동 1085번지
11290,13400,0,1086,0001,,,일반건축물,제2종근린생활시설,제2종근린생활시설,223.1,90.63,90.63,19650309,1,0,서울특별시 성북구 길음동 1086-1번지
11290,13400,0,1086,0002,,,일반건축물,제1종근린생활시설,제1종근린생활시설(소매점),287.3,93.19,93.19,19650309,1,0,서울특별시 성북구 길음동 1086-2번지
11290,13400,0,1087,0000,,,일반건축물,단독주택,"다가구용단독주택(5가구),근린생활시설",154.91,92.76,394.95,19941224,3,1,서울특별시 성북구 길음동 1087번지
11290,13400,0,1087,0001,,,일반건축물,단독주택,다가구용단독주택(4가구),99.7,57.74,178.7,19941224,3,1,서울특별시 성북구 길음동 1087-1번지
11290,13400,0,1087,0002,,,일반건축물,단독주택,다가구용단독주택(4가구),94.17,50.46,194.43,19941227,3,1,서울특별시 성북구 길음동 1087-2번지
11290,13400,0,1087,0003,,,일반건축물,단독주택,다가구용단독주택(3가구),0,0,147.93,19920915,2,1,서울특별시 성북구 길음동 1087-3번지
11290,13400,0,1087,0004,,,일반건축물,단독주택,다가구용단독주택(4가구),0,0,144.64,19920917,3,1,서울특별시 성북구 길음동 1087-4번지
11290,13400,0,1088,0000,,,일반건축물,단독주택,다가구용단독주택(4가구),82.44,49.2,164.61,19940813,3,1,서울특별시 성북구 길음동 1088번지
11290,13400,0,1088,0001,,,일반건축물,제1종근린생활시설,"근린생활시설, 주택1가구",206.59,123.88,494.14,19940813,3,1,서울특별시 성북구 길음동 1088-1번지
11290,13400,0,1088,0002,,,일반건축물,단독주택,단독주택,0,0,200.04,19901129,2,1,서울특별시 성북구 길음동 1088-2번지
11290,13400,0,1088,0003,,,일반건축물,단독주택,다가구용단독주택(7가구),167.87,97.2,381.24,19940813,3,1,서울특별시 성북구 길음동 1088-3번지
11290,13400,0,1088,0004,,,일반건축물,단독주택,다가구용단독주택(4가구),114.31,68.01,179.53,19940813,3,0,서울특별시 성북구 길음동 1088-4번지
11290,13400,0,1088,0005,,,일반건축물,단독주택,다가구용단독주택(4가구),89.81,51.93,177.68,19940813,3,1,서울특별시 성북구 길음동 1088-5번지
11290,13400,0,1089,0000,,,일반건축물,단독주택,주택,0,0,182.52,19890224,2,1,서울특별시 성북구 길음동 1089번지
11290,13400,0,1089,0000,,,일반건축물,단독주택,다가구용단독주택(5가구),0,0,211.55,19911204,2,1,서울특별시 성북구 길음동 1089번지
11290,13400,0,1089,0000,,,일반건축물,단독주택,다가구용단독주택(4가구),84.74,53.52,179.46,19940813,3,1,서울특별시 성북구 길음동 1089번지
11290,13400,0,1089,0000,,,일반건축물,단독주택,다가구용단독주택(4가구),0,0,174.57,19920520,2,1,서울특별시 성북구 길음동 1089번지
11290,13400,0,1089,0000,,,일반건축물,단독주택,다가구용단독주택(5가구),121.91,72.48,227.54,19930925,2,1,서울특별시 성북구 길음동 1089번지
11290,13400,0,1090,0000,,,일반건축물,단독주택,다가구용단독주택(4가구),0,0,159.65,19920213,2,1,서울특별시 성북구 길음동 1090번지
11290,13400,0,1090,0001,,,일반건축물,제1종근린생활시설,"근린생활시설, 주택",101.3,50.35,202.35,19920311,3,1,서울특별시 성북구 길음동 1090-1번지
11290,13400,0,1090,0002,,,일반건축물,제2종근린생활시설,교회,0,0,242.38,19690501,2,0,서울특별시 성북구 길음동 1090-2번지
11290,13400,0,1091,0000,,,일반건축물,단독주택,주택,0,0,247.77,19901122,2,1,서울특별시 성북구 길음동 1091번지
11290,13400,0,1091,0001,,,일반건축물,단독주택,주택,0,0,240.42,19901121,2,1,서울특별시 성북구 길음동 1091-1번지
11290,13400,0,1091,0002,,,일반건축물,단독주택,주택,0,0,248.52,19901122,2,1,서울특별시 성북구 길음동 1091-2번지
11290,13400,0,1092,0000,,,표제부,공동주택,연립주택,0,128.56,319.96,19791114,2,1,서울특별시 성북구 길음동 1092번지
11290,13400,0,1093,0000,,,일반건축물,제1종근린생활시설,"주택, 근린생활시설",0,0,638.88,19861129,5,1,서울특별시 성북구 길음동 1093번지
11290,13400,0,1094,0000,,,일반건축물,제1종근린생활시설,"근린생활시설, 주택",0,0,332,19911121,4,1,서울특별시 성북구 길음동 1094번지
11290,13400,0,1094,0000,,,일반건축물,단독주택,다가구용단독주택(2가구),157.68,94.41,399.9,19931231,4,1,서울특별시 성북구 길음동 1094번지
11290,13400,0,1094,0000,,,일반건축물,단독주택,주택,0,0,55.24,19641204,1,0,서울특별시 성북구 길음동 1094번지
11290,13400,0,1094,0000,,,일반건축물,단독주택,다가구용단독주택(6가구),129.31,83.57,328.26,19940312,3,1,서울특별시 성북구 길음동 1094번지
11290,13400,0,1095,0000,,,일반건축물,단독주택,주택,0,0,80.37,19670220,2,0,서울특별시 성북구 길음동 1095번지
11290,13400,0,1095,0000,,,일반건축물,단독주택,다가구용단독주택(3가구),102.18,61.14,179.46,19961112,2,1,서울특별시 성북구 길음동 1095번지
11290,13400,0,1095,0000,,,일반건축물,단독주택,다가구용단독주택(4가구),0,0,199.62,19910722,2,1,서울특별시 성북구 길음동 1095번지
11290,13400,0,1095,0000,,,일반건축물,단독주택,"주택, 주택",0,0,85.02,19681224,1,1,서울특별시 성북구 길음동 1095번지
11290,13400,0,1095,0000,,,일반건축물,단독주택,다가구용단독주택(3가구),0,0,197.13,19921201,2,1,서울특별시 성북구 길음동 1095번지
11290,13400,0,1095,0000,,,일반건축물,단독주택,다가구용단독주택(3가구),107.28,63.26,178.08,19951229,2,1,서울특별시 성북구 길음동 1095번지
11290,13400,0,1095,0000,,,일반건축물,단독주택,주택,0,0,59.9,1966,1,0,서울특별시 성북구 길음동 1095번지
11290,13400,0,1095,0000,,,일반건축물,단독주택,주택,0,0,85.95,19611020,1,0,서울특별시 성북구 길음동 1095번지
11290,13400,0,1096,0000,,,일반건축물,단독주택,주택,0,0,127.21,,1,0,서울특별시 성북구 길음동 1096번지
11290,13400,0,1097,0000,,,일반건축물,단독주택,"다가구주택, 제1종근린생활시설",0,0,281.85,19921209,2,1,서울특별시 성북구 길음동 1097번지
11290,13400,0,1098,0000,,,일반건축물,교육연구시설,"학원, 근린생활시설",331.94,152.68,744.9,20040605,5,0,서울특별시 성북구 길음동 1098번지
11290,13400,0,1100,0000,,,일반건축물,단독주택,다가구용단독주택(4가구),131.93,74.9,259.54,19951207,3,1,서울특별시 성북구 길음동 1100번지
11290,13400,0,1101,0000,,,일반건축물,단독주택,주택,0,0,210.74,19880718,2,1,서울특별시 성북구 길음동 1101번지
11290,13400,0,1104,0000,,,일반건축물,단독주택,"주택, 근린생활시설",0,0,206.07,19891213,2,1,서울특별시 성북구 길음동 1104번지
11290,13400,0,1105,0000,,,일반건축물,단독주택,"주택, 근린생활시설, 창고시설",0,0,207.54,19840802,2,1,서울특별시 성북구 길음동 1105번지
11290,13400,0,1106,0000,,,일반건축물,단독주택,다가구용단독주택(5가구),134.95,80.8,234.39,19930922,2,1,서울특별시 성북구 길음동 1106번지
11290,13400,0,1107,0000,,,일반건축물,단독주택,"다가구주택, 제1,2종근린생활시설",158,93.96,466.32,20030722,5,1,서울특별시 성북구 길음동 1107번지
11290,13400,0,1108,0000,,,일반건축물,단독주택,다가구용단독주택(5가구),0,0,241.83,19901117,2,1,서울특별시 성북구 길음동 1108번지
11290,13400,0,1109,0000,,,일반건축물,단독주택,다가구용단독주택(5가구),129.1,76.82,199.24,19931231,2,1,서울특별시 성북구 길음동 1109번지
11290,13400,0,1110,0000,,,일반건축물,단독주택,다가구용단독주택(6가구),0,0,247.8,19910318,2,1,서울특별시 성북구 길음동 1110번지
11290,13400,0,1111,0000,,,표제부,공동주택,근린생활시설및다세대주택,159.5,88.56,428.57,20040605,4,1,서울특별시 성북구 길음동 1111번지
11290,13400,0,1112,0000,,,일반건축물,단독주택,"다가구주택,근린생활시설",152.1,90.62,337.08,19950814,3,1,서울특별시 성북구 길음동 1112번지
11290,13400,0,1113,0000,,,일반건축물,단독주택,다가구용단독주택(5가구),0,0,210.9,19910514,2,1,서울특별시 성북구 길음동 1113번지
11290,13400,0,1114,0000,,,일반건축물,단독주택,다가구용단독주택(5가구),0,0,180.24,19900926,2,1,서울특별시 성북구 길음동 1114번지
11290,13400,0,1114,0000,,,일반건축물,단독주택,주택,0,0,40.76,,1,0,서울특별시 성북구 길음동 1114번지
11290,13400,0,1115,0000,,,일반건축물,단독주택,단독주택,151.4,65.5,178.15,20251114,3,0,서울특별시 성북구 길음동 1115번지
11290,13400,0,1116,0001,,,일반건축물,제2종근린생활시설,"제2종근린생활시설(사무소), 주택",0,0,283.64,19901106,4,1,서울특별시 성북구 길음동 1116-1번지
11290,13400,0,1116,0002,,,일반건축물,단독주택,다가구용단독주택(5가구),97.57,58.5,175.5,19930628,2,1,서울특별시 성북구 길음동 1116-2번지
11290,13400,0,1116,0003,,,일반건축물,단독주택,단독주택,0,0,165.51,19900924,2,1,서울특별시 성북구 길음동 1116-3번지
11290,13400,0,1116,0004,,,일반건축물,단독주택,"다가구주택(4가구), 근린생활시설",133.22,79.84,332.84,20020615,5,0,서울특별시 성북구 길음동 1116-4번지
11290,13400,0,1116,0005,,,일반건축물,단독주택,다가구용단독주택(3가구),94.81,56.78,148.68,19930602,2,1,서울특별시 성북구 길음동 1116-5번지
11290,13400,0,1116,0006,,,일반건축물,단독주택,다가구용단독주택(4),132.23,78.54,234.66,19930903,2,1,서울특별시 성북구 길음동 1116-6번지
11290,13400,0,1116,0007,,,일반건축물,단독주택,다가구용단독주택(4가구),95.21,56.96,149.32,19930602,2,1,서울특별시 성북구 길음동 1116-7번지
11290,13400,0,1116,0008,,,일반건축물,단독주택,다가구용단독주택(4가구),132.2,78.75,259.43,19910514,3,1,서울특별시 성북구 길음동 1116-8번지
11290,13400,0,1116,0009,,,일반건축물,단독주택,다가구주택(3가구),797.7,53.35,149.32,19930522,2,1,서울특별시 성북구 길음동 1116-9번지
11290,13400,0,1118,0001,,,일반건축물,단독주택,"다가구주택, 근린생활시설",108.7,64.92,267.11,19931029,4,1,서울특별시 성북구 길음동 1118-1번지
11290,13400,0,1118,0002,,,일반건축물,단독주택,단독주택(다가구주택),121.4,72.72,219.38,20210401,4,0,서울특별시 성북구 길음동 1118-2번지
11290,13400,0,1118,0003,길음동 근생및주택,,표제부,공동주택,"다세대주택,근린생활시설",230.6,137.83,638.14,20030708,5,0,서울특별시 성북구 길음동 1118-3번지
11290,13400,0,1118,0005,,,표제부,공동주택,다세대주택,114.77,63.51,184.96,20030531,3,0,서울특별시 성북구 길음동 1118-5번지
11290,13400,0,1118,0006,,,일반건축물,단독주택,다가구용단독주택(4가구),100.03,59.6,159.28,19931230,2,1,서울특별시 성북구 길음동 1118-6번지
11290,13400,0,1119,0000,,,일반건축물,단독주택,주택,0,0,142.35,19751016,2,1,서울특별시 성북구 길음동 1119번지
11290,13400,0,1120,0000,,,일반건축물,단독주택,다가구용단독주택(6가구),169.69,100.72,273.12,19930911,2,1,서울특별시 성북구 길음동 1120번지
11290,13400,0,1121,0000,에버하임,,표제부,공동주택,공동주택(도시형 생활주택(단지형다세대)),290.7,152.87,580.55,20170804,6,0,서울특별시 성북구 길음동 1121번지
11290,13400,0,1123,0000,,,일반건축물,단독주택,주택,0,0,52.6,19661207,1,0,서울특별시 성북구 길음동 1123번지
11290,13400,0,1125,0001,스위트휴,,표제부,공동주택,공동주택(다세대주택),369.2,221.49,725.7,20221221,5,0,서울특별시 성북구 길음동 1125-1번지
11290,13400,0,1125,0003,송천교회비전센터,,일반건축물,제2종근린생활시설,제2종근린생활시설(종교집회장),216.5,119.4855,431.7934,20240920,5,0,서울특별시 성북구 길음동 1125-3번지
11290,13400,0,1125,0005,,,일반건축물,단독주택,단독주택,104.1,61.72,49.12,19640123,1,0,서울특별시 성북구 길음동 1125-5번지
11290,13400,0,1125,0006,,,일반건축물,제2종근린생활시설,근린생활시설,0,0,435.66,19870725,3,1,서울특별시 성북구 길음동 1125-6번지
11290,13400,0,1125,0007,,,일반건축물,단독주택,주택,0,0,140.84,19840623,3,0,서울특별시 성북구 길음동 1125-7번지
11290,13400,0,1125,0008,,,일반건축물,제2종근린생활시설,제2종근린생활시설,264.8,122.08,463.98,19861230,3,1,서울특별시 성북구 길음동 1125-8번지
11290,13400,0,1125,0010,바른 빌딩,,일반건축물,제2종근린생활시설,제2종근린생활시설,167.2,91.58,332.99,20220119,4,0,서울특별시 성북구 길음동 1125-10번지
11290,13400,0,1125,0011,,,일반건축물,제1종근린생활시설,"주택, 근린생활시설",0,0,129.28,19661015,2,0,서울특별시 성북구 길음동 1125-11번지
11290,13400,0,1126,0000,,,일반건축물,단독주택,주택,0,0,40.76,,1,0,서울특별시 성북구 길음동 1126번지
11290,13400,0,1127,0000,,,일반건축물,단독주택,"주택, 점포,근린생활시설",156.4,0,187.11,19691103,2,0,서울특별시 성북구 길음동 1127번지
11290,13400,0,1128,0000,,,일반건축물,제2종근린생활시설,근린생활시설,0,0,791.7,19881029,4,1,서울특별시 성북구 길음동 1128번지
11290,13400,0,1129,0000,,,일반건축물,단독주택,주택,0,0,201.06,19881125,2,1,서울특별시 성북구 길음동 1129번지
11290,13400,0,1130,0000,,,일반건축물,단독주택,주택,0,0,187.83,19881212,2,1,서울특별시 성북구 길음동 1130번지
11290,13400,0,1132,0000,,,일반건축물,단독주택,주택,0,0,75,19651125,2,0,서울특별시 성북구 길음동 1132번지
11290,13400,0,1132,0001,,,일반건축물,단독주택,주택,0,0,114.04,,2,0,서울특별시 성북구 길음동 1132-1번지
11290,13400,0,1132,0002,,,일반건축물,위험물저장및처리시설,위험물저장시설(주유소),244.7,92.13,126.75,19951009,3,0,서울특별시 성북구 길음동 1132-2번지
11290,13400,0,1133,0001,,,일반건축물,단독주택,다가구용단독주택(4가구),98.64,56.94,148.62,19930815,2,1,서울특별시 성북구 길음동 1133-1번지
11290,13400,0,1134,0001,,,일반건축물,단독주택,다가구주택,118.36,70.56,188.88,19930118,2,1,서울특별시 성북구 길음동 1134-1번지
11290,13400,0,1134,0002,,,일반건축물,단독주택,단독주택,123.97,74.33,291.44,19931130,4,1,서울특별시 성북구 길음동 1134-2번지
11290,13400,0,1134,0003,,,일반건축물,제2종근린생활시설,"제2종근린생활시설(사무소), 주택, 점포",223.7,128.05,457.56,20020506,4,0,서울특별시 성북구 길음동 1134-3번지
11290,13400,0,1135,0000,,,일반건축물,제1종근린생활시설,"근린생활시설,유치원,주택",0,0,902.86,,3,1,서울특별시 성북구 길음동 1135번지
11290,13400,0,1136,0000,,,일반건축물,단독주택,"주택, 점포",0,0,436.92,19691222,2,1,서울특별시 성북구 길음동 1136번지
11290,13400,0,1137,0000,,,일반건축물,단독주택,다가구용단독주택,136.02,81.49,242.02,19930621,2,1,서울특별시 성북구 길음동 1137번지
11290,13400,0,1138,0000,,,일반건축물,단독주택,"주택, 점포",0,0,191.04,,2,0,서울특별시 성북구 길음동 1138번지
11290,13400,0,1139,0000,,,표제부,교육연구시설,"근린생활시설, 단독주택, 교육및연구시설(학원)",377.48,221.95,1128.2,20030711,4,1,서울특별시 성북구 길음동 1139번지
11290,13400,0,1141,0000,동부크리닉센타,,표제부,제1종근린생활시설,제1종근린생활시설,670.85,398.97,2574.5,20030115,4,2,서울특별시 성북구 길음동 1141번지
11290,13400,0,1142,0000,,,일반건축물,제2종근린생활시설,제2종근린생활시설,0,0,266.67,19811209,2,1,서울특별시 성북구 길음동 1142번지
11290,13400,0,1143,0000,,,일반건축물,제2종근린생활시설,근린생활시설,0,0,191.48,,2,1,서울특별시 성북구 길음동 1143번지
11290,13400,0,1144,0000,,,일반건축물,단독주택,주택,0,0,111.59,19840709,1,0,서울특별시 성북구 길음동 1144번지
11290,13400,0,1145,0000,,,일반건축물,단독주택,"주택, 점포, 근린생활시설",0,0,150.97,19741112,2,0,서울특별시 성북구 길음동 1145번지
11290,13400,0,1146,0000,,,일반건축물,단독주택,"주택, 점포",0,0,152.69,19800809,1,1,서울특별시 성북구 길음동 1146번지
11290,13400,0,1147,0000,,,일반건축물,단독주택,다가구용단독주택(5가구),137.79,82.2,224.2,19940426,2,1,서울특별시 성북구 길음동 1147번지
11290,13400,0,1148,0000,,,일반건축물,단독주택,주택,0,0,80.09,,1,0,서울특별시 성북구 길음동 1148번지
11290,13400,0,1149,0000,,,일반건축물,단독주택,"주택, 점포, 근린생활시설",0,0,153.26,,2,0,서울특별시 성북구 길음동 1149번지
11290,13400,0,1150,0000,,,일반건축물,단독주택,"주택, 제2종근린생활시설",0,0,229.22,,3,0,서울특별시 성북구 길음동 1150번지
11290,13400,0,1151,0000,,,일반건축물,단독주택,주택,0,0,142.05,,2,1,서울특별시 성북구 길음동 1151번지
11290,13400,0,1153,0003,,,일반건축물,제2종근린생활시설,"주택,제2종근린생활시설",0,0,231.63,19760927,3,1,서울특별시 성북구 길음동 1153-3번지
11290,13400,0,1153,0004,,,일반건축물,단독주택,"주택, 근린생활시설",0,0,179.28,19881230,2,1,서울특별시 성북구 길음동 1153-4번지
11290,13400,0,1154,0000,,,일반건축물,단독주택,"주택, 점포",0,0,313.98,,2,1,서울특별시 성북구 길음동 1154번지
11290,13400,0,1155,0000,시영주택,,표제부,제2종근린생활시설,주택,0,0,522.06,19741230,2,1,서울특별시 성북구 길음동 1155번지
11290,13400,0,1156,0002,,,일반건축물,단독주택,주택,0,0,73.1,19690510,1,0,서울특별시 성북구 길음동 1156-2번지
11290,13400,0,1156,0002,,,일반건축물,단독주택,주택,0,0,108.63,19731013,2,0,서울특별시 성북구 길음동 1156-2번지
11290,13400,0,1156,0002,,,일반건축물,단독주택,주택,0,0,48.92,19690720,1,0,서울특별시 성북구 길음동 1156-2번지
11290,13400,0,1156,0002,,,표제부,공동주택,"주택및점포,사무실",0,247.8,623.89,19770311,3,1,서울특별시 성북구 길음동 1156-2번지
11290,13400,0,1157,0000,,,일반건축물,단독주택,"주택, 근린생활시설",0,0,230.06,19750813,3,0,서울특별시 성북구 길음동 1157번지
11290,13400,0,1157,0000,,,일반건축물,단독주택,주택,0,0,164.79,19760410,1,1,서울특별시 성북구 길음동 1157번지
11290,13400,0,1158,0000,,,일반건축물,단독주택,다가구용단독주택(6가구),116.9,62.47,179.76,19940813,3,1,서울특별시 성북구 길음동 1158번지
11290,13400,0,1158,0000,,,표제부,공동주택,주택및점포,0,341.69,643.01,19700205,3,0,서울특별시 성북구 길음동 1158번지
11290,13400,0,1158,0000,,,일반건축물,단독주택,다가구용단독주택(5가구),102.76,58.02,179.4,19940813,3,1,서울특별시 성북구 길음동 1158번지
11290,13400,0,1159,0000,,,일반건축물,단독주택,다가구용단독주택(3가구),71.71,43.75,119.25,19940813,2,1,서울특별시 성북구 길음동 1159번지
11290,13400,0,1159,0000,,,일반건축물,단독주택,"주택, 점포",0,0,312.06,19700205,3,1,서울특별시 성북구 길음동 1159번지
11290,13400,0,1159,0000,,,일반건축물,단독주택,다가구용단독주택(3가구),76.92,49.98,119.74,19940813,2,1,서울특별시 성북구 길음동 1159번지
11290,13400,0,1159,0001,,,일반건축물,제1종근린생활시설,"근린생활시설, 주택",0,0,87.6,19661121,1,0,서울특별시 성북구 길음동 1159-1번지
11290,13400,0,1160,0000,명담빌딩,,일반건축물,제1종근린생활시설,제1종근린생활시설(근린생활시설),352.2,175.8,772.15,19881015,4,1,서울특별시 성북구 길음동 1160번지
11290,13400,0,1161,0000,,,일반건축물,제2종근린생활시설,제2종근린생활시설,323.6,61.61,88.43,20191017,2,0,서울특별시 성북구 길음동 1161번지
11290,13400,0,1161,0000,,,일반건축물,제2종근린생활시설,제2종근린생활시설,323.6,61.44,93.12,20191017,2,0,서울특별시 성북구 길음동 1161번지
11290,13400,0,1162,0000,,,일반건축물,교육연구시설,교육연구시설(학원),329.6,164.02,726.63,19901017,4,1,서울특별시 성북구 길음동 1162번지
11290,13400,0,1163,0000,,,일반건축물,교육연구시설,"근린생활시설, 교육연구시설",455,206.93,1091.41,19931027,5,1,서울특별시 성북구 길음동 1163번지
11290,13400,0,1165,0002,,,일반건축물,제1종근린생활시설,제1종근린생활시설,0,0,56.93,19630904,1,0,서울특별시 성북구 길음동 1165-2번지
11290,13400,0,1166,0005,,,일반건축물,단독주택,주택,0,0,41.85,19640716,1,0,서울특별시 성북구 길음동 1166-5번지
11290,13400,0,1168,0000,고학년동,,일반건축물,교육연구시설,교육연구시설,16089.5,1403.04,5290.35,20010629,4,0,서울특별시 성북구 길음동 1168번지
11290,13400,0,1168,0000,수위실동,,일반건축물,교육연구시설,교육연구시설,16089.5,58.42,58.42,20010629,1,0,서울특별시 성북구 길음동 1168번지
11290,13400,0,1168,0000,미아초등학교,,일반건축물,교육연구시설,교육연구시설(초등학교),15618.3,1450.17,4096.82,20081230,4,0,서울특별시 성북구 길음동 1168번지
11290,13400,0,1168,0000,저학년동,,일반건축물,교육연구시설,교육연구시설,16089.5,891.78,3323.12,20010629,3,1,서울특별시 성북구 길음동 1168번지
11290,13400,0,1169,0000,,,일반건축물,단독주택,"주택, 점포",0,0,257.16,19750530,2,1,서울특별시 성북구 길음동 1169번지
11290,13400,0,1170,0000,,,일반건축물,제2종근린생활시설,"사무소, 근린생활시설, 주택",0,0,702.32,19800913,3,1,서울특별시 성북구 길음동 1170번지
11290,13400,0,1170,0000,,,일반건축물,단독주택,주택,0,0,95.93,19670627,1,0,서울특별시 성북구 길음동 1170번지
11290,13400,0,1170,0001,,,일반건축물,제2종근린생활시설,"근린생활시설, 단독주택",276.5,137.76,842.63,20151223,6,1,서울특별시 성북구 길음동 1170-1번지
11290,13400,0,1170,0002,,,일반건축물,교육연구시설,교육연구시설(유치원),0,82.5,294.88,,3,1,서울특별시 성북구 길음동 1170-2번지
11290,13400,0,1170,0002,,,일반건축물,교육연구시설,교육연구시설(유치원),0,80.75,167.12,19761102,2,1,서울특별시 성북구 길음동 1170-2번지
11290,13400,0,1170,0006,,,일반건축물,단독주택,주택,0,0,152.17,19770627,2,1,서울특별시 성북구 길음동 1170-6번지
11290,13400,0,1170,0008,해솔빌딩,,일반건축물,제2종근린생활시설,제2종근린생활시설 및 단독주택,205,102.4,488.62,20170329,5,0,서울특별시 성북구 길음동 1170-8번지
11290,13400,0,1170,0009,,,일반건축물,단독주택,다가구용단독주택(5가구),121.49,67.44,208.92,19930114,2,1,서울특별시 성북구 길음동 1170-9번지
11290,13400,0,1170,0010,,,일반건축물,단독주택,다가구용단독주택(5가구),118,70.75,200.37,19950714,2,1,서울특별시 성북구 길음동 1170-10번지
11290,13400,0,1170,0011,,,일반건축물,단독주택,다가구용단독주택(5가구),120.06,71.69,201.31,19950714,2,1,서울특별시 성북구 길음동 1170-11번지
11290,13400,0,1170,0012,,,일반건축물,단독주택,주택,0,0,102.64,19670619,1,1,서울특별시 성북구 길음동 1170-12번지
11290,13400,0,1170,0013,,,일반건축물,단독주택,주택,0,0,102.64,19670619,1,1,서울특별시 성북구 길음동 1170-13번지
11290,13400,0,1170,0014,,,일반건축물,단독주택,주택,0,0,92.23,19660927,1,0,서울특별시 성북구 길음동 1170-14번지
11290,13400,0,1170,0014,,,일반건축물,단독주택,주택,0,0,84.17,19660927,1,0,서울특별시 성북구 길음동 1170-14번지
11290,13400,0,1170,0015,,,일반건축물,단독주택,주택,0,0,95.93,19670618,1,0,서울특별시 성북구 길음동 1170-15번지
11290,13400,0,1170,0016,,,일반건축물,단독주택,"근린생활시설, 다가구용주택(5)",188.43,106.92,419.76,19941217,3,1,서울특별시 성북구 길음동 1170-16번지
11290,13400,0,1170,0017,뉴타운 럭스빌,,표제부,공동주택,다세대주택 및 제1종근린생활시설,248,123.71,571.61,20140214,6,0,서울특별시 성북구 길음동 1170-17번지
11290,13400,0,1170,0019,,,일반건축물,제1종근린생활시설,"주택, 근린생활시설",0,0,187.49,19860528,2,1,서울특별시 성북구 길음동 1170-19번지
11290,13400,0,1171,0000,,,일반건축물,제1종근린생활시설,점포,0,0,267.33,19770627,2,1,서울특별시 성북구 길음동 1171번지
11290,13400,0,1171,0001,,,일반건축물,단독주택,"주택, 점포",103.4,0,216.79,19671219,3,0,서울특별시 성북구 길음동 1171-1번지
11290,13400,0,1171,0002,,,일반건축물,단독주택,"주택, 점포",0,0,131.17,19670720,2,0,서울특별시 성북구 길음동 1171-2번지
11290,13400,0,1171,0003,,,일반건축물,제1종근린생활시설,"근린생활시설, 단독주택",99.2,42.84,264.07,19940629,5,1,서울특별시 성북구 길음동 1171-3번지
11290,13400,0,1171,0004,,,일반건축물,단독주택,제1종근린생활시설,0,0,617.52,19920124,5,1,서울특별시 성북구 길음동 1171-4번지
11290,13400,0,1171,0005,,,일반건축물,단독주택,다가구용단독주택(7가구),0,0,309.26,19921216,3,1,서울특별시 성북구 길음동 1171-5번지
11290,13400,0,1171,0006,,,일반건축물,단독주택,주택,0,0,152.2,,2,0,서울특별시 성북구 길음동 1171-6번지
11290,13400,0,1171,0007,,,일반건축물,단독주택,주택,0,0,160.22,19670715,2,1,서울특별시 성북구 길음동 1171-7번지
11290,13400,0,1171,0010,,,일반건축물,단독주택,주택,0,0,98.08,19660927,1,0,서울특별시 성북구 길음동 1171-10번지
11290,13400,0,1171,0011,,,일반건축물,단독주택,"주택, 주택",0,0,95.44,19660927,1,0,서울특별시 성북구 길음동 1171-11번지
11290,13400,0,1171,0012,,,일반건축물,단독주택,주택,0,0,82.71,19660927,1,0,서울특별시 성북구 길음동 1171-12번지
11290,13400,0,1171,0013,,,일반건축물,단독주택,"주택, 근린생활시설",0,0,311.66,19890614,3,1,서울특별시 성북구 길음동 1171-13번지
11290,13400,0,1171,0014,,,일반건축물,제1종근린생활시설,제1종근린생활시설,0,0,358.85,19890715,3,1,서울특별시 성북구 길음동 1171-14번지
11290,13400,0,1171,0015,,,일반건축물,단독주택,주택,0,0,372.21,19920404,3,1,서울특별시 성북구 길음동 1171-15번지
11290,13400,0,1171,0016,,,일반건축물,단독주택,주택,0,0,83.14,19660927,1,0,서울특별시 성북구 길음동 1171-16번지
11290,13400,0,1171,0017,,,일반건축물,단독주택,주택,0,0,99.44,19660927,1,0,서울특별시 성북구 길음동 1171-17번지
11290,13400,0,1172,0000,,,일반건축물,단독주택,주택,0,0,65.25,19670508,1,0,서울특별시 성북구 길음동 1172번지
11290,13400,0,1172,0001,,,일반건축물,단독주택,창고시설,0,0,132.23,19851002,2,1,서울특별시 성북구 길음동 1172-1번지
11290,13400,0,1172,0002,,,일반건축물,단독주택,다가구용단독주택(3가구),80.3,52.52,146.16,19940709,2,1,서울특별시 성북구 길음동 1172-2번지
11290,13400,0,1172,0003,,,일반건축물,단독주택,다가구용단독주택(2가구),0,0,144.33,19921224,2,1,서울특별시 성북구 길음동 1172-3번지
11290,13400,0,1172,0004,,,일반건축물,단독주택,다가구용단독주택(3가구),83.3,49.28,147.84,1993,2,1,서울특별시 성북구 길음동 1172-4번지
11290,13400,0,1172,0005,,,일반건축물,단독주택,단독주택,0,0,137.59,19900816,2,1,서울특별시 성북구 길음동 1172-5번지
11290,13400,0,1172,0006,,,일반건축물,단독주택,단독주택,0,0,184.26,19901018,2,1,서울특별시 성북구 길음동 1172-6번지
11290,13400,0,1172,0007,,,일반건축물,단독주택,다가구용단독주택(4가구),0,0,189.36,19910629,2,1,서울특별시 성북구 길음동 1172-7번지
11290,13400,0,1172,0008,,,일반건축물,단독주택,다가구용단독주택(5가구),107.4,0,185.38,19910731,2,1,서울특별시 성북구 길음동 1172-8번지
11290,13400,0,1172,0009,,,일반건축물,단독주택,다가구용단독주택(5가구),0,0,194.25,19910913,2,1,서울특별시 성북구 길음동 1172-9번지
11290,13400,0,1172,0010,,,일반건축물,단독주택,다가구주택,108.1,63.66,195.26,19910913,2,1,서울특별시 성북구 길음동 1172-10번지
11290,13400,0,1172,0011,,,일반건축물,단독주택,다가구용단독주택(3가구),142.1,85.2,333.24,19940221,3,1,서울특별시 성북구 길음동 1172-11번지
11290,13400,0,1172,0012,,,일반건축물,제1종근린생활시설,근린생활시설,0,0,54.55,19670509,1,0,서울특별시 성북구 길음동 1172-12번지
11290,13400,0,1172,0013,,,일반건축물,단독주택,주택,0,0,45.65,19670522,1,0,서울특별시 성북구 길음동 1172-13번지
11290,13400,0,1172,0014,,,일반건축물,단독주택,단독주택,0,0,170.28,19900926,2,1,서울특별시 성북구 길음동 1172-14번지
11290,13400,0,1172,0015,,,일반건축물,단독주택,다가구용단독주택(4가구),0,0,182.28,19910624,2,1,서울특별시 성북구 길음동 1172-15번지
11290,13400,0,1172,0016,,,일반건축물,단독주택,다가구용단독주택(4가구),0,0,179.28,19910716,2,1,서울특별시 성북구 길음동 1172-16번지
11290,13400,0,1172,0017,,,일반건축물,단독주택,다가구용단독주택(4가구),102.1,60.9,182.7,19940613,2,1,서울특별시 성북구 길음동 1172-17번지
11290,13400,0,1172,0018,,,일반건축물,단독주택,다가구용단독주택(4가구),100.8,60.31,180.93,19940712,2,1,서울특별시 성북구 길음동 1172-18번지
11290,13400,0,1172,0019,,,일반건축물,단독주택,다가구용단독주택(3가구),74,46.92,138.16,19930506,2,1,서울특별시 성북구 길음동 1172-19번지
11290,13400,0,1172,0020,,,일반건축물,단독주택,다가구용단독주택(3가구),74,46.92,138.16,19930806,2,1,서울특별시 성북구 길음동 1172-20번지
11290,13400,0,1172,0021,,,일반건축물,단독주택,다가구주택(3가구),77.4,48.84,143.72,19930515,2,1,서울특별시 성북구 길음동 1172-21번지
11290,13400,0,1172,0022,,,일반건축물,단독주택,다가구주택(3가구),77,48.84,143.72,19980508,2,1,서울특별시 성북구 길음동 1172-22번지
11290,13400,0,1172,0023,,,일반건축물,단독주택,다가구용단독주택(4가구),0,0,133.65,19900707,2,1,서울특별시 성북구 길음동 1172-23번지
11290,13400,0,1173,0000,그린힐스(Green Hills),,표제부,제1종근린생활시설,제1종근린생활시설,303.1,150.96,957.81,20190827,6,1,서울특별시 성북구 길음동 1173번지
11290,13400,0,1175,0000,,,표제부,공동주택,공동주택(도시형생활주택(단지형다세대)),0,169.8,894.68,20170224,7,1,서울특별시 성북구 길음동 1175번지
11290,13400,0,1175,0000,,,표제부,공동주택,공동주택(도시형생활주택(단지형다세대)),0,177.9,904.164,20170224,7,1,서울특별시 성북구 길음동 1175번지
11290,13400,0,1175,0000,,,표제부,공동주택,공동주택(도시형생활주택(단지형다세대)),0,170.64,887.38,20170224,7,1,서울특별시 성북구 길음동 1175번지
11290,13400,0,1175,0000,,,표제부,공동주택,공동주택(도시형생활주택(단지형다세대)),0,168.08,851.453,20170224,7,1,서울특별시 성북구 길음동 1175번지
11290,13400,0,1175,0000,,,표제부,공동주택,공동주택(도시형생활주택(단지형다세대)),0,168.91,883.153,20170224,7,1,서울특별시 성북구 길음동 1175번지
11290,13400,0,1176,0001,,,일반건축물,단독주택,다가구주택6가구,141.4,78.24,285.4,19950922,3,1,서울특별시 성북구 길음동 1176-1번지
11290,13400,0,1177,0000,,,일반건축물,단독주택,다가구용단독주택,126.9,74.49,212.31,19961115,2,1,서울특별시 성북구 길음동 1177번지
11290,13400,0,1177,0001,,,일반건축물,단독주택,다가구용단독주택,124,74.08,211.04,19961121,2,1,서울특별시 성북구 길음동 1177-1번지
11290,13400,0,1177,0002,,,일반건축물,단독주택,다가구용단독주택(3가구),124.52,69.62,204.76,19951014,2,1,서울특별시 성북구 길음동 1177-2번지
11290,13400,0,1178,0000,길음소리마을 주민커뮤니티센터,,일반건축물,노유자시설,"노유자시설,1종근린생활시설,단독주택",255.5,126.12,488.99,20131121,5,1,서울특별시 성북구 길음동 1178번지
11290,13400,0,1178,0002,,,일반건축물,단독주택,다가구용단독주택(5가구),128.3,74.69,221.25,19960109,2,1,서울특별시 성북구 길음동 1178-2번지
11290,13400,0,1179,0000,,,일반건축물,제1종근린생활시설,"근린생활시설, 사무실, 주택",0,0,576.15,19880415,3,1,서울특별시 성북구 길음동 1179번지
11290,13400,0,1180,0001,,,일반건축물,단독주택,다가구주택(10가구),214.9,117.83,418.7,19941217,3,1,서울특별시 성북구 길음동 1180-1번지
11290,13400,0,1180,0002,,,일반건축물,단독주택,다가구용단독주택(7가구),194.4,110.16,399.84,19940823,3,1,서울특별시 성북구 길음동 1180-2번지
11290,13400,0,1180,0003,,,일반건축물,단독주택,다가구용단독주택,104.7,61.88,184.56,19930730,2,1,서울특별시 성북구 길음동 1180-3번지
11290,13400,0,1180,0004,,,일반건축물,단독주택,다가구용단독주택(5가구),201.79,120,329.91,19941020,2,1,서울특별시 성북구 길음동 1180-4번지
11290,13400,0,1180,0005,,,일반건축물,단독주택,단독주택,0,0,54.03,19650322,1,0,서울특별시 성북구 길음동 1180-5번지
11290,13400,0,1181,0000,,,일반건축물,단독주택,주택,0,0,122.08,19670315,2,0,서울특별시 성북구 길음동 1181번지
11290,13400,0,1182,0000,,,일반건축물,단독주택,주택,0,0,127.37,19660910,2,0,서울특별시 성북구 길음동 1182번지
11290,13400,0,1182,0001,,,일반건축물,제1종근린생활시설,제1종근린생활시설,172.6,96.25,177.41,19991208,2,0,서울특별시 성북구 길음동 1182-1번지
11290,13400,0,1183,0000,휴먼타운,,표제부,공동주택,공동주택,269.8,134.67,726.18,20121217,6,0,서울특별시 성북구 길음동 1183번지
11290,13400,0,1190,0000,,,일반건축물,단독주택,주택,154,0,62.5,19850630,1,0,서울특별시 성북구 길음동 1190번지
11290,13400,0,1191,0000,반석빌,,표제부,공동주택,공동주택(도시형생활주택(단지형다세대)),342.7,170.39,773.25,20130712,6,1,서울특별시 성북구 길음동 1191번지
11290,13400,0,1192,0000,비전타운,,표제부,공동주택,공동주택(다세대주택),151,74.8,352.32,20110726,5,1,서울특별시 성북구 길음동 1192번지
11290,13400,0,1193,0000,,,일반건축물,단독주택,"주택, 점포",0,0,206.61,,3,1,서울특별시 성북구 길음동 1193번지
11290,13400,0,1196,0000,,,일반건축물,단독주택,주택,0,0,63.9,,1,0,서울특별시 성북구 길음동 1196번지
11290,13400,0,1197,0001,,,일반건축물,단독주택,주택,0,0,176.88,19850223,2,1,서울특별시 성북구 길음동 1197-1번지
11290,13400,0,1197,0003,,,일반건축물,단독주택,주택,0,0,189.13,19850223,2,1,서울특별시 성북구 길음동 1197-3번지
11290,13400,0,1198,0001,,,표제부,공동주택,다세대주택(12세대),279.95,167.75,596.6,19930121,3,1,서울특별시 성북구 길음동 1198-1번지
11290,13400,0,1199,0000,,,일반건축물,단독주택,다가구용단독주택,189.64,103.32,385.2,19951230,3,1,서울특별시 성북구 길음동 1199번지
11290,13400,0,1203,0000,래미안 힐 하우스,,표제부,공동주택,"다세대주택, 제1종근린생활시설",322.6,159.96,664.39,20180404,5,0,서울특별시 성북구 길음동 1203번지
11290,13400,0,1204,0000,,,일반건축물,단독주택,다가구용단독주택(5가구),0,0,297.73,19920416,3,1,서울특별시 성북구 길음동 1204번지
11290,13400,0,1205,0000,SM PARK 2차,,표제부,공동주택,공동주택,410.1,199.04,1022.06,20180402,8,0,서울특별시 성북구 길음동 1205번지
11290,13400,0,1207,0000,SM PARK 3차,,표제부,공동주택,공동주택,411.3,199.76,1024.87,20180416,8,0,서울특별시 성북구 길음동 1207번지
11290,13400,0,1211,0000,,,일반건축물,종교시설,"교회, 주택",362.8,180.61,707.33,19931207,3,1,서울특별시 성북구 길음동 1211번지
11290,13400,0,1212,0000,,,일반건축물,제1종근린생활시설,"근린생활시설,주택",0,0,40.76,,1,0,서울특별시 성북구 길음동 1212번지
11290,13400,0,1213,0000,,,일반건축물,단독주택,주택,0,0,40.76,19630310,1,0,서울특별시 성북구 길음동 1213번지
11290,13400,0,1214,0000,,,일반건축물,단독주택,다가구용단독주택(5가구),0,0,212.88,19900727,2,1,서울특별시 성북구 길음동 1214번지
11290,13400,0,1215,0000,,,표제부,공동주택,공동주택(도시형생활주택(단지형다세대)),412.7,194.64,1025.57,20171113,8,0,서울특별시 성북구 길음동 1215번지
11290,13400,0,1218,0000,,,표제부,공동주택,공동주택(다세대주택),140.3,69.58,254.8,20070712,4,0,서울특별시 성북구 길음동 1218번지
11290,13400,0,1219,0000,,,일반건축물,단독주택,단독주택,0,0,213.42,19910518,2,1,서울특별시 성북구 길음동 1219번지
11290,13400,0,1220,0000,,,일반건축물,단독주택,다가구용단독주택(9가구),165.3,74.8,333.86,19960215,3,2,서울특별시 성북구 길음동 1220번지
11290,13400,0,1220,0003,,,일반건축물,단독주택,다가구용단독주택(5가구),148,82.6,295.02,19960216,3,2,서울특별시 성북구 길음동 1220-3번지
11290,13400,0,1222,0000,,,일반건축물,제2종근린생활시설,근린생활시설,393.54,164.22,343,20080325,3,0,서울특별시 성북구 길음동 1222번지
11290,13400,0,1224,0000,,,일반건축물,단독주택,주택,0,0,198.9,19900600,2,1,서울특별시 성북구 길음동 1224번지
11290,13400,0,1225,0000,,,일반건축물,단독주택,"주택, 근린생활시설",251.9,123.42,493.68,19841229,3,1,서울특별시 성북구 길음동 1225번지
11290,13400,0,1226,0000,,,일반건축물,제1종근린생활시설,"점포, 사무실",246.9,157.12,586.37,19750630,3,1,서울특별시 성북구 길음동 1226번지
11290,13400,0,1227,0000,,,일반건축물,단독주택,다가구용단독주택(4가구),0,0,205.98,19900908,2,1,서울특별시 성북구 길음동 1227번지
11290,13400,0,1228,0000,,,일반건축물,단독주택,단독주택,0,0,189.09,19901212,2,1,서울특별시 성북구 길음동 1228번지
11290,13400,0,1229,0000,,,일반건축물,제1종근린생활시설,"일반목욕장, 소매점",0,0,537.92,19711220,3,1,서울특별시 성북구 길음동 1229번지
11290,13400,0,1230,0000,,,일반건축물,단독주택,"주택, 점포, 근린생활시설",0,0,396.68,,4,0,서울특별시 성북구 길음동 1230번지
11290,13400,0,1231,0000,,,일반건축물,단독주택,단독주택,0,0,199.53,19901212,2,1,서울특별시 성북구 길음동 1231번지
11290,13400,0,1232,0000,,,일반건축물,단독주택,다가구용단독주택(5가구),0,0,196.2,19910902,2,1,서울특별시 성북구 길음동 1232번지
11290,13400,0,1233,0000,,,일반건축물,제2종근린생활시설,근린생활시설 및 단독주택,246.89,119.99,524.65,19690830,5,1,서울특별시 성북구 길음동 1233번지
11290,13400,0,1234,0000,,,일반건축물,단독주택,"주택,도서실,점포",259.5,113.95,491.45,19710908,4,1,서울특별시 성북구 길음동 1234번지
11290,13400,0,1235,0000,,,일반건축물,단독주택,주택,0,0,199.26,19871201,2,1,서울특별시 성북구 길음동 1235번지
11290,13400,0,1236,0000,,,표제부,공동주택,근생 및 다세대주택,183.25,91.5,369.48,20121211,5,0,서울특별시 성북구 길음동 1236번지
11290,13400,0,1238,0000,골드웨일,,표제부,공동주택,도시형생활주택(단지형다세대),333.9,166.73,866.48,20230927,7,1,서울특별시 성북구 길음동 1238번지
11290,13400,0,1239,0002,,,일반건축물,제1종근린생활시설,소매점,264,158.16,717.95,19951110,4,1,서울특별시 성북구 길음동 1239-2번지
11290,13400,0,1240,0001,,,일반건축물,제2종근린생활시설,"교육연구시설(학원), 근린생활시설",343.18,169.78,1350.85,20070810,6,2,서울특별시 성북구 길음동 1240-1번지
11290,13400,0,1242,0002,,,일반건축물,단독주택,"주택, 점포",0,0,257.46,19701130,2,1,서울특별시 성북구 길음동 1242-2번지
11290,13400,0,1242,0004,,,표제부,공동주택,"다세대주택(9세대), 근린생활시설",362.6,180.6,1353.06,19931231,6,1,서울특별시 성북구 길음동 1242-4번지
11290,13400,0,1242,0011,,,일반건축물,단독주택,주택,0,0,42.88,19611102,1,0,서울특별시 성북구 길음동 1242-11번지
11290,13400,0,1242,0012,,,일반건축물,단독주택,"주택, 사무실, 점포",0,0,170.1,19830523,3,0,서울특별시 성북구 길음동 1242-12번지
11290,13400,0,1242,0013,,,일반건축물,제2종근린생활시설,제2종근린생활시설(근린생활시설),44.3,0,80.6,19850618,2,0,서울특별시 성북구 길음동 1242-13번지
11290,13400,0,1242,0013,,,일반건축물,제2종근린생활시설,제2종근린생활시설,43.3,0,26.81,19850618,1,0,서울특별시 성북구 길음동 1242-13번지
11290,13400,0,1243,0001,,,일반건축물,제2종근린생활시설,근린생활시설,0,0,1200.24,19911108,5,1,서울특별시 성북구 길음동 1243-1번지
11290,13400,0,1243,0006,,,일반건축물,제1종근린생활시설,"근린생활시설, 주택",0,0,524.02,19910828,4,1,서울특별시 성북구 길음동 1243-6번지
11290,13400,0,1244,0001,,,일반건축물,제2종근린생활시설,제2종근린생활시설,526.33,300.62,2404.43,20010404,6,2,서울특별시 성북구 길음동 1244-1번지
11290,13400,0,1245,0001,성북 청년 스마트창업센터,,일반건축물,제1종근린생활시설,제1종근린생활시설,533.8,250.38,1492.9,20260109,5,1,서울특별시 성북구 길음동 1245-1번지
11290,13400,0,1249,0000,,,일반건축물,제2종근린생활시설,근린생활시설,259.9,113.09,557.6,19840125,4,1,서울특별시 성북구 길음동 1249번지
11290,13400,0,1251,0000,,,일반건축물,제2종근린생활시설,제2종근린생활시설,202.84,97.47,599.37,20100604,6,1,서울특별시 성북구 길음동 1251번지
11290,13400,0,1252,0000,,,일반건축물,제1종근린생활시설,근린생활시설,0,73.36,299.74,19701204,3,1,서울특별시 성북구 길음동 1252번지
11290,13400,0,1253,0000,,,일반건축물,제2종근린생활시설,근린생활시설,0,0,28.07,,1,0,서울특별시 성북구 길음동 1253번지
11290,13400,0,1253,0000,,,일반건축물,단독주택,주택,0,0,57.86,19611115,2,0,서울특별시 성북구 길음동 1253번지
11290,13400,0,1255,0000,재단법인한국.에스.지.아이 성북문화회관,,일반건축물,종교시설,종교시설,1297.58,642.11,2553.21,19971007,4,1,서울특별시 성북구 길음동 1255번지
11290,13400,0,1257,0001,,,일반건축물,제2종근린생활시설,"점포, 근린생활시설, 창고",0,0,407.77,19761116,3,1,서울특별시 성북구 길음동 1257-1번지
11290,13400,0,1257,0002,,,일반건축물,제1종근린생활시설,제1종근린생활시설,0,0,88.72,19700421,2,0,서울특별시 성북구 길음동 1257-2번지
11290,13400,0,1257,0003,,,일반건축물,제1종근린생활시설,근린생활시설,0,0,127.73,19640512,2,0,서울특별시 성북구 길음동 1257-3번지
11290,13400,0,1258,0000,,,일반건축물,제2종근린생활시설,영업소,0,0,469.37,19681230,4,1,서울특별시 성북구 길음동 1258번지
11290,13400,0,1262,0043,,,일반건축물,단독주택,주택,53,0,25.03,19850521,1,0,서울특별시 성북구 길음동 1262-43번지
11290,13400,0,1262,0067,,,일반건축물,단독주택,주택,0,0,36.07,19670301,1,0,서울특별시 성북구 길음동 1262-67번지
11290,13400,0,1262,0210,,,일반건축물,단독주택,"주택, 주택",0,0,35.7,19600305,1,0,서울특별시 성북구 길음동 1262-210번지
11290,13400,0,1262,0211,,,일반건축물,단독주택,주택,0,0,190.96,19920903,3,1,서울특별시 성북구 길음동 1262-211번지
11290,13400,0,1262,0212,,,일반건축물,단독주택,단독주택,100.13,49.84,137.63,20160105,4,0,서울특별시 성북구 길음동 1262-212번지
11290,13400,0,1262,0227,,,일반건축물,제2종근린생활시설,"근린생활시설, 주택",0,0,491.12,19920828,5,1,서울특별시 성북구 길음동 1262-227번지
11290,13400,0,1262,0228,,,일반건축물,단독주택,단독주택,0,0,127.98,19920604,2,1,서울특별시 성북구 길음동 1262-228번지
11290,13400,0,1262,0229,,,일반건축물,단독주택,주택,0,0,199.3,19920908,3,1,서울특별시 성북구 길음동 1262-229번지
11290,13400,0,1262,0230,,,일반건축물,단독주택,다가구용단독주택(5가구),0,0,248.88,19920907,2,1,서울특별시 성북구 길음동 1262-230번지
11290,13400,0,1262,0231,,,일반건축물,단독주택,다가구용단독주택(3가구),106.88,63.55,190.65,19930201,2,1,서울특별시 성북구 길음동 1262-231번지
11290,13400,0,1262,0234,,,일반건축물,단독주택,"주택,근린생활시설",90,53.94,210.54,19940329,3,1,서울특별시 성북구 길음동 1262-234번지
11290,13400,0,1262,0235,,,일반건축물,단독주택,주택,0,0,189.09,19861106,2,1,서울특별시 성북구 길음동 1262-235번지
11290,13400,0,1262,0236,,,일반건축물,단독주택,다가구용단독주택(6가구),157.66,91.45,315.65,19960412,3,1,서울특별시 성북구 길음동 1262-236번지
11290,13400,0,1262,0238,,,일반건축물,단독주택,주택,171.46,102.24,616.31,19970226,5,1,서울특별시 성북구 길음동 1262-238번지
11290,13400,0,1262,0240,,,일반건축물,단독주택,"주택, 근린생활시설",0,0,296.54,19920918,4,1,서울특별시 성북구 길음동 1262-240번지
11290,13400,0,1262,0242,,,일반건축물,단독주택,주택,0,0,199.94,19920918,4,1,서울특별시 성북구 길음동 1262-242번지
11290,13400,0,1262,0252,,,일반건축물,단독주택,단독주택,116.02,57.5,110.94,20050805,2,0,서울특별시 성북구 길음동 1262-252번지
11290,13400,0,1263,0053,,,일반건축물,단독주택,주택,50,0,31.3,19850630,1,0,서울특별시 성북구 길음동 1263-53번지
11290,13400,0,1263,0210,,,일반건축물,단독주택,주택,33,0,21.3,19850630,1,0,서울특별시 성북구 길음동 1263-210번지
11290,13400,0,1263,0332,,,일반건축물,단독주택,주택,0,0,36.63,19700901,1,0,서울특별시 성북구 길음동 1263-332번지
11290,13400,0,1271,0010,,,일반건축물,단독주택,주택,108,0,40.38,19850630,1,0,서울특별시 성북구 길음동 1271-10번지
11290,13400,0,1271,0301,,,표제부,공동주택,다세대주택(12세대),325.07,183.13,659.28,20001127,4,1,서울특별시 성북구 길음동 1271-301번지
11290,13400,0,1271,0303,,,표제부,공동주택,연립주택(18세대),622,229.92,973.68,19940823,4,1,서울특별시 성북구 길음동 1271-303번지
11290,13400,0,1271,0304,,,표제부,공동주택,다세대주택<10세대>,287.6,170.55,658.71,19980218,4,1,서울특별시 성북구 길음동 1271-304번지
11290,13400,0,1271,0305,초원빌라,,표제부,공동주택,다세대주택(8세대),559,332.49,630.99,19980630,4,1,서울특별시 성북구 길음동 1271-305번지
11290,13400,0,1271,0305,초원빌라,,표제부,공동주택,다세대주택,559,332.49,655.47,19980630,4,1,서울특별시 성북구 길음동 1271-305번지
11290,13400,0,1273,0748,,,일반건축물,단독주택,주택,62.7,0,24.84,19850630,1,0,서울특별시 성북구 길음동 1273-748번지
11290,13400,0,1276,0000,돈암2-1 삼부아파트,,표제부,공동주택,공동주택(아파트),0,801.3,11686.364,19980202,15,1,서울특별시 성북구 길음동 1276번지
11290,13400,0,1276,0000,돈암2-1 삼부아파트,,표제부,공동주택,공동주택(아파트),0,984.61,12764.99,19980202,15,1,서울특별시 성북구 길음동 1276번지
11290,13400,0,1276,0000,돈암2-1 삼부아파트,,표제부,공동주택,공동주택(아파트),0,1421.42,18054.54,19980202,15,1,서울특별시 성북구 길음동 1276번지
11290,13400,0,1276,0000,돈암2-1 삼부아파트,,표제부,공동주택,"공동주택(아파트), 근린 및 판매시설",0,1421.42,18054.54,19980202,15,1,서울특별시 성북구 길음동 1276번지
11290,13400,0,1276,0000,돈암2-1 삼부아파트,,표제부,공동주택,공동주택(아파트),0,801.3,10626.162,19980202,15,1,서울특별시 성북구 길음동 1276번지
11290,13400,0,1276,0000,돈암2-1 삼부아파트,,표제부,공동주택,"공동주택(아파트), 근린및판매시설",0,984.61,12764.99,19980202,15,1,서울특별시 성북구 길음동 1276번지
11290,13400,0,1276,0000,돈암2-1 삼부아파트,,표제부,공동주택,공동주택(아파트),0,927.53,13245.74,19980202,15,1,서울특별시 성북구 길음동 1276번지
11290,13400,0,1276,0001,돈암2-1 삼부아파트,,표제부,공동주택,공동주택(아파트),0,638.92,9024.12,19980202,15,1,서울특별시 성북구 길음동 1276-1번지
11290,13400,0,1276,0003,길음1치안센터,,일반건축물,제1종근린생활시설,제1종근린생활시설(파출소),213.7,64.8,203.16,20060419,3,1,서울특별시 성북구 길음동 1276-3번지
11290,13400,0,1277,0000,길음현대아파트,,표제부,공동주택,아파트,0,761.2,11148.79,20001228,16,1,서울특별시 성북구 길음동 1277번지
11290,13400,0,1277,0000,길음동현대아파트,,표제부,공동주택,생활편익시설,0,98.32,305.15,20001228,2,1,서울특별시 성북구 길음동 1277번지
11290,13400,0,1278,0000,길음동동부센트레빌아파트,,표제부,공동주택,공동주택,0,728.586,13194.434,20030331,23,1,서울특별시 성북구 길음동 1278번지
11290,13400,0,1278,0000,길음동동부센트레빌아파트,,표제부,공동주택,공동주택,0,262.712,4445.906,20030331,22,1,서울특별시 성북구 길음동 1278번지
11290,13400,0,1278,0000,길음동동부센트레빌아파트,,표제부,공동주택,경비실,0,8.64,8.64,20030331,1,0,서울특별시 성북구 길음동 1278번지
11290,13400,0,1278,0000,길음동동부센트레빌아파트,,표제부,공동주택,공동주택,0,525.424,7227.078,20030331,17,1,서울특별시 성북구 길음동 1278번지
11290,13400,0,1278,0000,길음동동부센트레빌아파트,,표제부,공동주택,지하주차장,0,0,3706.116,20030331,0,2,서울특별시 성북구 길음동 1278번지
11290,13400,0,1278,0000,길음동동부센트레빌아파트,,표제부,공동주택,경비실,0,8.64,8.64,20030331,1,0,서울특별시 성북구 길음동 1278번지
11290,13400,0,1278,0000,길음동동부센트레빌아파트,,표제부,공동주택,공동주택,0,530.608,9651.762,20030331,23,1,서울특별시 성북구 길음동 1278번지
11290,13400,0,1278,0000,길음동동부센트레빌아파트,,표제부,공동주택,지하주차장,0,0,6856.415,20030331,0,3,서울특별시 성북구 길음동 1278번지
11290,13400,0,1278,0000,길음동동부센트레빌아파트,,표제부,공동주택,공동주택,0,404.044,3500.738,20030331,12,1,서울특별시 성북구 길음동 1278번지
11290,13400,0,1278,0000,길음동동부센트레빌아파트,,표제부,공동주택,공동주택,0,265.304,3422.911,20030331,17,0,서울특별시 성북구 길음동 1278번지
11290,13400,0,1278,0000,길음동동부센트레빌아파트,,표제부,공동주택,공동주택,0,471.07,6704.806,20030331,18,1,서울특별시 성북구 길음동 1278번지
11290,13400,0,1278,0000,길음동동부센트레빌아파트,,표제부,공동주택,공동주택,0,676.592,9161.856,20030331,21,0,서울특별시 성북구 길음동 1278번지
11290,13400,0,1278,0000,길음동동부센트레빌아파트,,표제부,공동주택,공동주택,0,676.592,9252.496,20030331,20,0,서울특별시 성북구 길음동 1278번지
11290,13400,0,1278,0000,길음동동부센트레빌아파트,,표제부,공동주택,공동주택,0,633.568,10848.646,20030331,22,1,서울특별시 성북구 길음동 1278번지
11290,13400,0,1278,0000,길음동동부센트레빌아파트,,표제부,공동주택,경비실,0,0,8.64,20030331,0,1,서울특별시 성북구 길음동 1278번지
11290,13400,0,1278,0000,길음동동부센트레빌아파트,,표제부,공동주택,공동주택,0,411.532,5460.336,20030331,17,1,서울특별시 성북구 길음동 1278번지
11290,13400,0,1278,0000,길음동동부센트레빌아파트,,표제부,공동주택,지하주차장,0,0,13189.96,20030331,0,4,서울특별시 성북구 길음동 1278번지
11290,13400,0,1278,0000,길음동동부센트레빌아파트,,표제부,공동주택,공동주택,0,728.586,12253.673,20030331,22,1,서울특별시 성북구 길음동 1278번지
11290,13400,0,1278,0000,길음동동부센트레빌아파트,,표제부,공동주택,지하주차장,0,0,9857.565,20030331,0,3,서울특별시 성북구 길음동 1278번지
11290,13400,0,1278,0000,길음동동부센트레빌아파트,,표제부,공동주택,공동주택,0,523.12,4695.572,20030331,12,1,서울특별시 성북구 길음동 1278번지
11290,13400,0,1278,0000,길음동동부센트레빌아파트,,표제부,공동주택,공동주택,0,505.923,6920.248,20030331,18,1,서울특별시 성북구 길음동 1278번지
11290,13400,0,1278,0000,길음동동부센트레빌아파트,,표제부,공동주택,경비실,0,8.64,8.64,20030331,1,0,서울특별시 성북구 길음동 1278번지
11290,13400,0,1278,0000,길음동동부센트레빌아파트,,표제부,공동주택,경비실,0,8.64,8.64,20030331,1,0,서울특별시 성북구 길음동 1278번지
11290,13400,0,1278,0000,길음동동부센트레빌아파트,,표제부,공동주택,경비실,0,8.64,8.64,20030331,1,0,서울특별시 성북구 길음동 1278번지
11290,13400,0,1278,0000,길음동동부센트레빌아파트,,표제부,공동주택,지하주차장,0,0,4390.72,20030331,0,2,서울특별시 성북구 길음동 1278번지
11290,13400,0,1278,0000,길음동동부센트레빌아파트,,표제부,공동주택,근린생활시설,0,280.531,501.051,20030331,2,0,서울특별시 성북구 길음동 1278번지
11290,13400,0,1278,0000,길음동동부센트레빌아파트,,표제부,공동주택,지하주차장,0,0,8093.838,20030331,0,3,서울특별시 성북구 길음동 1278번지
11290,13400,0,1278,0000,길음동동부센트레빌아파트,,표제부,공동주택,지하주차장,0,0,4373.548,20030331,0,2,서울특별시 성북구 길음동 1278번지
11290,13400,0,1278,0000,길음동동부센트레빌아파트,,표제부,공동주택,지하주차장,0,0,4495.213,20030331,0,3,서울특별시 성북구 길음동 1278번지
11290,13400,0,1278,0000,길음동동부센트레빌아파트,,표제부,공동주택,"관리실,노인정,보육시설",0,328.52,574.465,20030331,2,0,서울특별시 성북구 길음동 1278번지
11290,13400,0,1278,0000,길음동동부센트레빌아파트,,표제부,공동주택,공동주택,0,725.994,12424.35,20030331,22,1,서울특별시 성북구 길음동 1278번지
11290,13400,0,1278,0000,길음동동부센트레빌아파트,,표제부,공동주택,근린생활시설,0,547.93,1595.344,20030331,4,0,서울특별시 성북구 길음동 1278번지
11290,13400,0,1278,0000,길음동동부센트레빌아파트,,표제부,공동주택,공동주택,0,598.416,11077.413,20030331,23,1,서울특별시 성북구 길음동 1278번지
11290,13400,0,1278,0000,길음동동부센트레빌아파트,,표제부,공동주택,공동주택,0,406.348,6497.012,20030331,21,1,서울특별시 성북구 길음동 1278번지
11290,13400,0,1278,0000,길음동동부센트레빌아파트,,표제부,공동주택,공동주택,0,530.608,8048.288,20030331,20,0,서울특별시 성북구 길음동 1278번지
11290,13400,0,1278,0000,길음동 길음동부센트레빌 아파트,,표제부,공동주택,부대시설(주민운동시설),53316.5,432.07,724.63,20081231,2,0,서울특별시 성북구 길음동 1278번지
11290,13400,0,1278,0001,길음동동부센트레빌아파트,,표제부,공동주택,경비실,0,8.64,8.64,20030502,1,0,서울특별시 성북구 길음동 1278-1번지
11290,13400,0,1278,0001,길음동동부센트레빌아파트,,표제부,공동주택,지하주차장,0,0,4660.51,20030331,0,3,서울특별시 성북구 길음동 1278-1번지
11290,13400,0,1278,0001,길음동동부센트레빌아파트,,표제부,공동주택,공동주택,0,501.04,6359.614,20030331,17,0,서울특별시 성북구 길음동 1278-1번지
11290,13400,0,1278,0001,길음동동부센트레빌아파트,,표제부,공동주택,공동주택,0,582.316,8543.283,20030331,20,1,서울특별시 성북구 길음동 1278-1번지
11290,13400,0,1278,0001,길음동동부센트레빌아파트,,표제부,공동주택,지하주차장,0,0,3160.952,20030331,0,3,서울특별시 성북구 길음동 1278-1번지
11290,13400,0,1278,0002,송천교회,,일반건축물,종교시설,문화및집회시설(종교시설),795.5,470.07,2119.16,20020527,3,2,서울특별시 성북구 길음동 1278-2번지
11290,13400,0,1279,0000,래미안길음1차,,표제부,공동주택,아파트,0,196.14,1753.95,20030129,13,1,서울특별시 성북구 길음동 1279번지
11290,13400,0,1279,0000,래미안길음1차,,표제부,공동주택,아파트,0,251.1,3931.78,20030129,19,1,서울특별시 성북구 길음동 1279번지
11290,13400,0,1279,0000,래미안길음1차,,표제부,공동주택,아파트,0,903.8,11675.34,20030129,18,1,서울특별시 성북구 길음동 1279번지
11290,13400,0,1279,0000,래미안길음1차,,표제부,공동주택,아파트,0,196.14,2053.9,20030129,13,1,서울특별시 성북구 길음동 1279번지
11290,13400,0,1279,0000,래미안길음1차,,표제부,공동주택,경비실,0,16.35,16.35,20030129,1,0,서울특별시 성북구 길음동 1279번지
11290,13400,0,1279,0000,래미안길음1차,,표제부,공동주택,아파트,0,502.2,22673.35,20030129,17,3,서울특별시 성북구 길음동 1279번지
11290,13400,0,1279,0000,래미안길음1차,,표제부,공동주택,아파트,0,574.86,17700.34,20030129,20,2,서울특별시 성북구 길음동 1279번지
11290,13400,0,1279,0000,래미안길음1차,,표제부,공동주택,경비실,0,16.35,16.35,20030129,1,0,서울특별시 성북구 길음동 1279번지
11290,13400,0,1279,0000,래미안길음1차,,표제부,공동주택,경비실,0,16.35,16.35,20030129,1,0,서울특별시 성북구 길음동 1279번지
11290,13400,0,1279,0000,래미안길음1차,,표제부,공동주택,아파트,0,392.28,3612.27,20030129,14,1,서울특별시 성북구 길음동 1279번지
11290,13400,0,1279,0000,래미안길음1차,,표제부,공동주택,아파트,0,574.86,9580.22,20030129,20,1,서울특별시 성북구 길음동 1279번지
11290,13400,0,1279,0000,래미안길음1차,,표제부,공동주택,아파트,0,574.86,9319.74,20030129,20,1,서울특별시 성북구 길음동 1279번지
11290,13400,0,1279,0000,래미안길음1차,,표제부,공동주택,아파트,0,629.06,9650.73,20030129,19,1,서울특별시 성북구 길음동 1279번지
11290,13400,0,1279,0000,래미안길음1차,,표제부,공동주택,"발전기실,전기실",0,0,370,20030129,0,1,서울특별시 성북구 길음동 1279번지
11290,13400,0,1279,0000,래미안길음1차,,표제부,공동주택,아파트,0,646.91,10420.02,20030129,20,1,서울특별시 성북구 길음동 1279번지
11290,13400,0,1279,0000,래미안길음1차,,표제부,제1종근린생활시설,근린생활시설,0,347.9,1429.15,20030129,3,1,서울특별시 성북구 길음동 1279번지
11290,13400,0,1279,0000,래미안길음1차,,표제부,공동주택,아파트,0,502.2,8033.48,20030129,19,1,서울특별시 성북구 길음동 1279번지
11290,13400,0,1279,0000,래미안길음1차,,표제부,공동주택,아파트,0,392.28,6336.88,20030129,20,1,서울특별시 성북구 길음동 1279번지
11290,13400,0,1279,0000,래미안길음1차,,표제부,공동주택,"관리사무소,노인정,보육시설",0,151.95,361.86,20030129,3,0,서울특별시 성북구 길음동 1279번지
11290,13400,0,1279,0000,래미안길음1차,,표제부,공동주택,아파트,0,845.51,22603.18,20030129,18,3,서울특별시 성북구 길음동 1279번지
11290,13400,0,1279,0000,래미안길음1차,,표제부,공동주택,아파트,0,574.86,9134.98,20030129,20,0,서울특별시 성북구 길음동 1279번지
11290,13400,0,1279,0000,래미안길음1차,,표제부,공동주택,펌프실,0,0,166.5,20030129,0,1,서울특별시 성북구 길음동 1279번지
11290,13400,0,1279,0000,래미안길음1차,,표제부,공동주택,지하주차장,0,0,4370.03,20030129,0,3,서울특별시 성북구 길음동 1279번지
11290,13400,0,1279,0000,래미안길음1차,,표제부,공동주택,경비실,0,16.35,16.35,20030129,1,0,서울특별시 성북구 길음동 1279번지
11290,13400,0,1280,0000,길음뉴타운,,표제부,공동주택,아파트,0,631.12,9765.32,20050420,18,0,서울특별시 성북구 길음동 1280번지
11290,13400,0,1280,0000,길음뉴타운,,표제부,공동주택,경비실,0,7.98,7.98,20050420,1,0,서울특별시 성북구 길음동 1280번지
11290,13400,0,1280,0000,길음뉴타운,,표제부,공동주택,경비실,0,7.98,7.98,20050420,1,0,서울특별시 성북구 길음동 1280번지
11290,13400,0,1280,0000,길음뉴타운,,표제부,공동주택,아파트,0,365.78,5144.34,20050420,17,0,서울특별시 성북구 길음동 1280번지
11290,13400,0,1280,0000,길음뉴타운,,표제부,공동주택,경비실,0,7.98,7.98,20050420,1,0,서울특별시 성북구 길음동 1280번지
11290,13400,0,1280,0000,길음뉴타운,,표제부,공동주택,아파트,0,527.86,7822.86,20050420,18,0,서울특별시 성북구 길음동 1280번지
11290,13400,0,1280,0000,길음뉴타운,,표제부,공동주택,아파트,0,254.62,4013.1,20050420,18,0,서울특별시 성북구 길음동 1280번지
11290,13400,0,1280,0000,길음뉴타운,,표제부,공동주택,지하주차장,0,0,6883.88,20050420,0,3,서울특별시 성북구 길음동 1280번지
11290,13400,0,1280,0000,길음뉴타운,,표제부,공동주택,경비실,0,7.98,7.98,20050420,1,0,서울특별시 성북구 길음동 1280번지
11290,13400,0,1280,0000,길음뉴타운,,표제부,공동주택,아파트,0,315.56,4882.66,20050420,18,0,서울특별시 성북구 길음동 1280번지
11290,13400,0,1280,0000,길음뉴타운,,표제부,공동주택,아파트,0,315.56,4882.66,20050420,18,0,서울특별시 성북구 길음동 1280번지
11290,13400,0,1280,0000,길음뉴타운,,표제부,공동주택,아파트,0,382.38,5981.95,20050420,18,0,서울특별시 성북구 길음동 1280번지
11290,13400,0,1280,0000,길음뉴타운,,표제부,공동주택,경비실,0,7.98,7.98,20050420,1,0,서울특별시 성북구 길음동 1280번지
11290,13400,0,1280,0000,길음뉴타운,,표제부,공동주택,아파트,0,315.56,4882.66,20050420,18,0,서울특별시 성북구 길음동 1280번지
11290,13400,0,1280,0000,길음뉴타운,,표제부,공동주택,아파트,0,308.56,4626.76,20050420,17,0,서울특별시 성북구 길음동 1280번지
11290,13400,0,1280,0000,길음뉴타운,,표제부,공동주택,아파트,0,315.56,4882.66,20050420,18,0,서울특별시 성북구 길음동 1280번지
11290,13400,0,1280,0000,길음뉴타운,,표제부,공동주택,아파트,0,315.56,4882.66,20050420,18,0,서울특별시 성북구 길음동 1280번지
11290,13400,0,1280,0000,길음뉴타운,,표제부,공동주택,아파트,0,516.92,8030.04,20050420,18,0,서울특별시 성북구 길음동 1280번지
11290,13400,0,1280,0000,길음뉴타운,,표제부,공동주택,아파트,0,617.21,9794.42,20050420,18,0,서울특별시 성북구 길음동 1280번지
11290,13400,0,1280,0000,길음뉴타운,,표제부,공동주택,지하주차장,0,0,3651.4,20050420,0,3,서울특별시 성북구 길음동 1280번지
11290,13400,0,1280,0000,길음뉴타운,,표제부,공동주택,지하주차장,0,0,8872.88,20050420,0,3,서울특별시 성북구 길음동 1280번지
11290,13400,0,1280,0000,길음뉴타운,,표제부,공동주택,지하주차장,0,0,6570.07,20050420,0,3,서울특별시 성북구 길음동 1280번지
11290,13400,0,1280,0000,길음뉴타운,,표제부,공동주택,경비실,0,7.98,7.98,20050420,1,0,서울특별시 성북구 길음동 1280번지
11290,13400,0,1280,0000,길음뉴타운,,표제부,공동주택,아파트,0,527.86,8108.16,20050420,18,0,서울특별시 성북구 길음동 1280번지
11290,13400,0,1280,0000,길음뉴타운,,표제부,공동주택,아파트,0,516.92,8030.04,20050420,18,0,서울특별시 성북구 길음동 1280번지
11290,13400,0,1280,0000,길음뉴타운,,표제부,공동주택,아파트,0,516.92,8030.04,20050420,18,0,서울특별시 성북구 길음동 1280번지
11290,13400,0,1280,0000,길음뉴타운,,표제부,공동주택,경비실,0,7.98,7.98,20050420,1,0,서울특별시 성북구 길음동 1280번지
11290,13400,0,1280,0000,길음뉴타운,,표제부,공동주택,아파트,0,264.58,4054.73,20050420,18,0,서울특별시 성북구 길음동 1280번지
11290,13400,0,1280,0000,길음뉴타운,,표제부,공동주택,지하주차장,0,0,6946.44,20050420,0,2,서울특별시 성북구 길음동 1280번지
11290,13400,0,1280,0000,길음뉴타운,,표제부,공동주택,아파트,0,516.92,8030.04,20050420,18,0,서울특별시 성북구 길음동 1280번지
11290,13400,0,1280,0000,길음뉴타운,,표제부,공동주택,아파트,0,448.52,6767.4,20050420,18,0,서울특별시 성북구 길음동 1280번지
11290,13400,0,1280,0000,길음뉴타운,,표제부,공동주택,지하주차장,0,0,5812.21,20050420,0,2,서울특별시 성북구 길음동 1280번지
11290,13400,0,1280,0000,길음뉴타운,,표제부,공동주택,아파트,0,516.92,7744.74,20050420,18,0,서울특별시 성북구 길음동 1280번지
11290,13400,0,1280,0000,길음뉴타운,,표제부,공동주택,경비실,0,7.98,7.98,20050420,1,0,서울특별시 성북구 길음동 1280번지
11290,13400,0,1280,0000,길음뉴타운,,표제부,공동주택,아파트,0,527.86,8013.06,20050420,18,0,서울특별시 성북구 길음동 1280번지
11290,13400,0,1280,0000,길음뉴타운,,표제부,공동주택,"관리사무소,엠디에프실",0,116.4,116.4,20050420,1,0,서울특별시 성북구 길음동 1280번지
11290,13400,0,1280,0000,길음뉴타운,,표제부,공동주택,"지하주차장,전기실,발전기실",0,0,5296.5,20050420,0,2,서울특별시 성북구 길음동 1280번지
11290,13400,0,1280,0000,길음뉴타운,,표제부,공동주택,아파트,0,527.86,8108.16,20050420,18,0,서울특별시 성북구 길음동 1280번지
11290,13400,0,1280,0000,길음뉴타운,,표제부,공동주택,아파트,0,315.56,4882.66,20050420,18,0,서울특별시 성북구 길음동 1280번지
11290,13400,0,1280,0000,길음뉴타운,,표제부,공동주택,경비실,0,7.98,7.98,20050420,1,0,서울특별시 성북구 길음동 1280번지
11290,13400,0,1280,0000,길음뉴타운,,표제부,공동주택,"지하주차장,주민운동시설",0,42.22,9528.49,20050420,1,6,서울특별시 성북구 길음동 1280번지
11290,13400,0,1280,0000,길음뉴타운,,표제부,공동주택,아파트,0,516.92,8030.04,20050420,18,0,서울특별시 성북구 길음동 1280번지
11290,13400,0,1280,0000,길음뉴타운,,표제부,공동주택,경비실,0,7.98,7.98,20050420,1,0,서울특별시 성북구 길음동 1280번지
11290,13400,0,1280,0000,길음뉴타운,,표제부,공동주택,지하주차장,0,0,7355.21,20050420,0,3,서울특별시 성북구 길음동 1280번지
11290,13400,0,1280,0000,길음뉴타운,,표제부,공동주택,지하주차장,0,0,6580.25,20050420,0,3,서울특별시 성북구 길음동 1280번지
11290,13400,0,1280,0000,길음뉴타운,,표제부,공동주택,아파트,0,516.92,8030.04,20050420,18,0,서울특별시 성북구 길음동 1280번지
11290,13400,0,1280,0000,길음뉴타운,,표제부,공동주택,아파트,0,254.62,4013.1,20050420,18,0,서울특별시 성북구 길음동 1280번지
11290,13400,0,1280,0000,길음뉴타운,,표제부,공동주택,지하주차장,0,0,8741.91,20050420,0,3,서울특별시 성북구 길음동 1280번지
11290,13400,0,1280,0000,길음뉴타운,,표제부,공동주택,경비실,0,7.98,7.98,20050420,1,0,서울특별시 성북구 길음동 1280번지
11290,13400,0,1280,0000,길음뉴타운,,표제부,공동주택,아파트,0,448.52,6958.8,20050420,18,0,서울특별시 성북구 길음동 1280번지
11290,13400,0,1280,0000,길음뉴타운,,표제부,공동주택,경비실,0,7.98,7.98,20050420,1,0,서울특별시 성북구 길음동 1280번지
11290,13400,0,1280,0000,길음뉴타운,,표제부,공동주택,"경로당,문고,정보문화실,입주자회의실",0,190.8,566.94,20050420,3,0,서울특별시 성북구 길음동 1280번지
11290,13400,0,1280,0000,길음뉴타운,,표제부,공동주택,아파트,0,379.28,5433.74,20050420,18,0,서울특별시 성북구 길음동 1280번지
11290,13400,0,1280,0000,길음뉴타운,,표제부,공동주택,경비실,0,7.98,7.98,20050420,1,0,서울특별시 성북구 길음동 1280번지
11290,13400,0,1280,0001,길음뉴타운,,표제부,공동주택,"경로당,주민공동시설",0,84,168,20050420,2,0,서울특별시 성북구 길음동 1280-1번지
11290,13400,0,1280,0001,길음뉴타운,,표제부,공동주택,경비실,0,7.98,7.98,20050420,1,0,서울특별시 성북구 길음동 1280-1번지
11290,13400,0,1280,0001,길음뉴타운,,표제부,공동주택,아파트,0,448.52,6831.2,20050420,18,0,서울특별시 성북구 길음동 1280-1번지
11290,13400,0,1280,0001,길음뉴타운,,표제부,공동주택,아파트,0,509.24,7216.36,20050420,17,0,서울특별시 성북구 길음동 1280-1번지
11290,13400,0,1280,0001,길음뉴타운,,표제부,공동주택,지하주차장,0,0,5206.11,20050420,0,2,서울특별시 성북구 길음동 1280-1번지
11290,13400,0,1280,0001,길음뉴타운,,표제부,공동주택,경비실,0,7.98,7.98,20050420,1,0,서울특별시 성북구 길음동 1280-1번지
11290,13400,0,1280,0001,길음뉴타운,,표제부,공동주택,아파트,0,509.24,6770.46,20050420,16,0,서울특별시 성북구 길음동 1280-1번지
11290,13400,0,1280,0001,길음뉴타운,,표제부,공동주택,경비실,0,7.98,7.98,20050420,1,0,서울특별시 성북구 길음동 1280-1번지
11290,13400,0,1280,0001,길음뉴타운,,표제부,공동주택,아파트,0,513.08,7298.84,20050420,18,0,서울특별시 성북구 길음동 1280-1번지
11290,13400,0,1280,0001,길음뉴타운,,표제부,공동주택,관리사무소,0,82.08,82.08,20050420,1,0,서울특별시 성북구 길음동 1280-1번지
11290,13400,0,1280,0001,길음뉴타운,,표제부,공동주택,"지하주차장,전기실,발전기실",0,0,7553.35,20050420,0,2,서울특별시 성북구 길음동 1280-1번지
11290,13400,0,1280,0001,길음뉴타운,,표제부,공동주택,아파트,0,448.52,6895,20050420,18,0,서울특별시 성북구 길음동 1280-1번지
11290,13400,0,1280,0001,길음뉴타운,,표제부,공동주택,지하주차장,0,0,6246.1,20050420,0,3,서울특별시 성북구 길음동 1280-1번지
11290,13400,0,1280,0001,길음뉴타운,,표제부,공동주택,아파트,0,513.08,7584.14,20050420,17,0,서울특별시 성북구 길음동 1280-1번지
11290,13400,0,1280,0003,길음뉴타운,,표제부,공동주택,아파트,0,543.69,7879.04,20050420,16,0,서울특별시 성북구 길음동 1280-3번지
11290,13400,0,1280,0003,길음뉴타운,,표제부,공동주택,"지하주차장,펌프실,전기실,발전기실",0,0,6143.19,20050420,0,2,서울특별시 성북구 길음동 1280-3번지
11290,13400,0,1280,0003,길음뉴타운,,표제부,공동주택,"경로당,관리사무소",0,124.72,249.44,20050420,2,0,서울특별시 성북구 길음동 1280-3번지
11290,13400,0,1280,0003,길음뉴타운,,표제부,공동주택,지하주차장,0,0,3353.75,20050420,0,2,서울특별시 성북구 길음동 1280-3번지
11290,13400,0,1280,0003,길음뉴타운,,표제부,공동주택,경비실,0,7.98,7.98,20050420,1,0,서울특별시 성북구 길음동 1280-3번지
11290,13400,0,1280,0003,길음뉴타운,,표제부,공동주택,주민공동시설,0,0,50.59,20050420,0,1,서울특별시 성북구 길음동 1280-3번지
11290,13400,0,1280,0003,길음뉴타운,,표제부,공동주택,아파트,0,514.72,5441.27,20050420,14,0,서울특별시 성북구 길음동 1280-3번지
11290,13400,0,1280,0004,서울길원초등학교,,일반건축물,교육연구시설,교육연구및복지시설(초등학교),9807,2497.19,12503.29,20060227,5,1,서울특별시 성북구 길음동 1280-4번지
11290,13400,0,1280,0006,길음뉴타운,,표제부,제1종근린생활시설,근린생활시설,1418,508.05,2143.26,20050420,4,1,서울특별시 성북구 길음동 1280-6번지
11290,13400,0,1280,0007,서울좋은소리유치원,,표제부,교육연구시설,유치원,629.6,220.52,840.76,20050420,4,1,서울특별시 성북구 길음동 1280-7번지
11290,13400,0,1281,0000,e편한세상 길음뉴타운4단지,,표제부,공동주택,지하주차장,0,0,5659.54,20050420,0,2,서울특별시 성북구 길음동 1281번지
11290,13400,0,1281,0000,e편한세상 길음뉴타운4단지,,표제부,공동주택,공동주택,0,302.84,4049.29,20050420,19,0,서울특별시 성북구 길음동 1281번지
11290,13400,0,1281,0000,e편한세상 길음뉴타운4단지,,표제부,공동주택,공동주택,0,662.81,10224.67,20050420,19,0,서울특별시 성북구 길음동 1281번지
11290,13400,0,1281,0000,e편한세상 길음뉴타운4단지,,표제부,공동주택,경비실,0,9,9,20050420,1,0,서울특별시 성북구 길음동 1281번지
11290,13400,0,1281,0000,e편한세상 길음뉴타운4단지,,표제부,공동주택,"관리실,노인정,주민공동시설,보육시설",0,254.44,840.08,20050420,3,1,서울특별시 성북구 길음동 1281번지
11290,13400,0,1281,0000,e편한세상 길음뉴타운4단지,,표제부,공동주택,공동주택,0,276.55,4642.72,20050420,17,1,서울특별시 성북구 길음동 1281번지
11290,13400,0,1281,0000,e편한세상 길음뉴타운4단지,,표제부,공동주택,경비실,0,14.52,14.52,20050420,1,0,서울특별시 성북구 길음동 1281번지
11290,13400,0,1281,0000,e편한세상 길음뉴타운4단지,,표제부,공동주택,공동주택,0,530.5,4443.08,20050420,10,1,서울특별시 성북구 길음동 1281번지
11290,13400,0,1281,0000,e편한세상 길음뉴타운4단지,,표제부,공동주택,경비실,0,14.52,14.52,20050420,1,0,서울특별시 성북구 길음동 1281번지
11290,13400,0,1281,0000,e편한세상 길음뉴타운4단지,,표제부,공동주택,"지하주차장,경비실,기계실,전기실,발전기실",0,0,23069.48,20050420,0,3,서울특별시 성북구 길음동 1281번지
11290,13400,0,1281,0000,e편한세상 길음뉴타운4단지,,표제부,공동주택,경비실,0,14.52,14.52,20050420,1,0,서울특별시 성북구 길음동 1281번지
11290,13400,0,1281,0000,e편한세상 길음뉴타운4단지,,표제부,공동주택,공동주택,0,603.79,7664.32,20050420,19,0,서울특별시 성북구 길음동 1281번지
11290,13400,0,1281,0000,e편한세상 길음뉴타운4단지,,표제부,공동주택,경비실,0,14.52,14.52,20050420,1,0,서울특별시 성북구 길음동 1281번지
11290,13400,0,1281,0000,e편한세상 길음뉴타운4단지,,표제부,공동주택,공동주택,0,617.94,5842.01,20050420,13,0,서울특별시 성북구 길음동 1281번지
11290,13400,0,1281,0000,e편한세상 길음뉴타운4단지,,표제부,공동주택,공동주택,0,400.79,3544.51,20050420,12,0,서울특별시 성북구 길음동 1281번지
11290,13400,0,1281,0000,e편한세상 길음뉴타운4단지,,표제부,공동주택,공동주택,0,405.79,5902.96,20050420,19,0,서울특별시 성북구 길음동 1281번지
11290,13400,0,1281,0000,e편한세상 길음뉴타운4단지,,표제부,공동주택,공동주택,0,405.79,5902.96,20050420,19,0,서울특별시 성북구 길음동 1281번지
11290,13400,0,1281,0000,e편한세상 길음뉴타운4단지,,표제부,공동주택,공동주택,0,588.74,8923.05,20050420,19,0,서울특별시 성북구 길음동 1281번지
11290,13400,0,1281,0000,e편한세상 길음뉴타운4단지,,표제부,공동주택,경비실,0,14.52,14.52,20050420,1,0,서울특별시 성북구 길음동 1281번지
11290,13400,0,1281,0000,e편한세상 길음뉴타운4단지,,표제부,공동주택,"지하주차장,문고",0,0,29263.47,20050420,0,4,서울특별시 성북구 길음동 1281번지
11290,13400,0,1281,0000,e편한세상 길음뉴타운4단지,,표제부,공동주택,공동주택,0,554.99,7414.8,20050420,17,0,서울특별시 성북구 길음동 1281번지
11290,13400,0,1281,0000,e편한세상 길음뉴타운4단지,,표제부,공동주택,공동주택,0,629.27,8508.61,20050420,18,0,서울특별시 성북구 길음동 1281번지
11290,13400,0,1281,0000,e편한세상 길음뉴타운4단지,,표제부,공동주택,공동주택,0,350.62,4870.48,20050420,17,0,서울특별시 성북구 길음동 1281번지
11290,13400,0,1281,0000,e편한세상 길음뉴타운4단지,,표제부,공동주택,공동주택,0,577.5,8098.58,20050420,19,0,서울특별시 성북구 길음동 1281번지
11290,13400,0,1281,0000,e편한세상 길음뉴타운4단지,,표제부,공동주택,공동주택,0,650.7,7913.84,20050420,19,0,서울특별시 성북구 길음동 1281번지
11290,13400,0,1281,0000,e편한세상 길음뉴타운4단지,,표제부,공동주택,경비실,0,14.52,14.52,20050420,1,0,서울특별시 성북구 길음동 1281번지
11290,13400,0,1281,0000,e편한세상 길음뉴타운4단지,,표제부,공동주택,경비실,0,14.52,14.52,20050420,1,0,서울특별시 성북구 길음동 1281번지
11290,13400,0,1281,0000,e편한세상 길음뉴타운4단지,,표제부,공동주택,공동주택,0,622.83,8205.78,20050420,17,0,서울특별시 성북구 길음동 1281번지
11290,13400,0,1281,0000,e편한세상 길음뉴타운4단지,,표제부,공동주택,경비실,0,14.52,14.52,20050420,1,0,서울특별시 성북구 길음동 1281번지
11290,13400,0,1281,0000,e편한세상 길음뉴타운4단지,,표제부,공동주택,지하주차장,0,0,6859.48,20050420,0,2,서울특별시 성북구 길음동 1281번지
11290,13400,0,1281,0000,e편한세상 길음뉴타운4단지,,표제부,공동주택,공동주택,0,579.39,7322.43,20050420,17,0,서울특별시 성북구 길음동 1281번지
11290,13400,0,1281,0000,e편한세상 길음뉴타운4단지,,표제부,공동주택,공동주택,0,302.84,4049.29,20050420,19,0,서울특별시 성북구 길음동 1281번지
11290,13400,0,1281,0000,e편한세상 길음뉴타운4단지,,표제부,공동주택,공동주택,0,610.8,5150.04,20050420,11,0,서울특별시 성북구 길음동 1281번지
11290,13400,0,1281,0000,e편한세상 길음뉴타운4단지,,표제부,공동주택,공동주택,0,629.06,9150.68,20050420,19,0,서울특별시 성북구 길음동 1281번지
11290,13400,0,1281,0000,e편한세상 길음뉴타운4단지,,표제부,공동주택,경비실,0,14.52,14.52,20050420,1,0,서울특별시 성북구 길음동 1281번지
11290,13400,0,1281,0000,e편한세상 길음뉴타운4단지,,표제부,공동주택,경비실,0,9,9,20050420,1,0,서울특별시 성북구 길음동 1281번지
11290,13400,0,1281,0000,e편한세상 길음뉴타운4단지,,표제부,공동주택,공동주택,0,703.26,9183.28,20050420,17,0,서울특별시 성북구 길음동 1281번지
11290,13400,0,1281,0000,e편한세상 길음뉴타운4단지,,표제부,공동주택,공동주택,0,387.53,5160.37,20050420,16,1,서울특별시 성북구 길음동 1281번지
11290,13400,0,1281,0000,e편한세상 길음뉴타운4단지,,표제부,공동주택,경비실,0,14.52,14.52,20050420,1,0,서울특별시 성북구 길음동 1281번지
11290,13400,0,1281,0000,e편한세상 길음뉴타운4단지,,표제부,공동주택,공동주택,0,577.5,8190.95,20050420,19,0,서울특별시 성북구 길음동 1281번지
11290,13400,0,1281,0000,e편한세상 길음뉴타운4단지,,표제부,공동주택,공동주택,0,554.99,8066.19,20050420,19,0,서울특별시 성북구 길음동 1281번지
11290,13400,0,1281,0000,e편한세상 길음뉴타운4단지,,표제부,공동주택,공동주택,0,627.17,8795.01,20050420,18,0,서울특별시 성북구 길음동 1281번지
11290,13400,0,1281,0001,길음뉴타운,,표제부,공동주택,공동주택,4821.9,908.16,19288.79,20050420,15,0,서울특별시 성북구 길음동 1281-1번지
11290,13400,0,1281,0001,길음뉴타운,,표제부,공동주택,경비실,0,14.52,14.52,20060117,1,0,서울특별시 성북구 길음동 1281-1번지
11290,13400,0,1281,0001,길음뉴타운,,표제부,공동주택,지하주차장,0,0,7123.32,20060117,0,2,서울특별시 성북구 길음동 1281-1번지
11290,13400,0,1281,0004,,,일반건축물,문화및집회시설,문화및집회시설(종교집회장),560.6,277.08,797.55,20061229,3,0,서울특별시 성북구 길음동 1281-4번지
11290,13400,0,1281,0005,길음지구대,,일반건축물,제1종근린생활시설,제1종근린생활시설(파출소),455.3,193.25,487.23,20050420,2,1,서울특별시 성북구 길음동 1281-5번지
11290,13400,0,1281,0006,길음뉴타운,,표제부,제1종근린생활시설,근린생활시설,2022.8,812.97,3922.84,20060117,4,1,서울특별시 성북구 길음동 1281-6번지
11290,13400,0,1281,0007,길음1동주민센터,,일반건축물,제1종근린생활시설,제1종근린생활시설(동사무소),776,397.39,2179.84,20050420,4,2,서울특별시 성북구 길음동 1281-7번지
11290,13400,0,1282,0000,길음뉴타운,,표제부,공동주택,아파트,0,450.14,7228.72,20060623,20,0,서울특별시 성북구 길음동 1282번지
11290,13400,0,1282,0000,길음뉴타운,,표제부,공동주택,아파트,0,265.32,3923.35,20060623,18,0,서울특별시 성북구 길음동 1282번지
11290,13400,0,1282,0000,길음뉴타운,,표제부,공동주택,경비실,0,17.7,15.85,20060623,1,0,서울특별시 성북구 길음동 1282번지
11290,13400,0,1282,0000,길음뉴타운,,표제부,제1종근린생활시설,근린생활시설,0,560.01,995.09,20060623,1,1,서울특별시 성북구 길음동 1282번지
11290,13400,0,1282,0000,길음뉴타운,,표제부,공동주택,경비실,0,17.7,15.85,20060623,1,0,서울특별시 성북구 길음동 1282번지
11290,13400,0,1282,0000,길음뉴타운,,표제부,공동주택,아파트,0,380.62,4287.54,20060623,18,0,서울특별시 성북구 길음동 1282번지
11290,13400,0,1282,0000,길음뉴타운,,표제부,공동주택,"관리실,경로당,보육실,주민공동시설,문고",0,215.99,421.9,20060623,2,0,서울특별시 성북구 길음동 1282번지
11290,13400,0,1282,0000,길음뉴타운,,표제부,공동주택,아파트,0,265.18,4268.1,20060623,20,0,서울특별시 성북구 길음동 1282번지
11290,13400,0,1282,0000,길음뉴타운,,표제부,공동주택,아파트,0,324.36,5200.98,20060623,19,0,서울특별시 성북구 길음동 1282번지
11290,13400,0,1282,0000,길음뉴타운,,표제부,공동주택,아파트,0,199.32,2836.22,20060623,19,0,서울특별시 성북구 길음동 1282번지
11290,13400,0,1282,0000,길음뉴타운,,표제부,공동주택,아파트,0,450.14,7228.72,20060623,20,0,서울특별시 성북구 길음동 1282번지
11290,13400,0,1282,0000,길음뉴타운,,표제부,제1종근린생활시설,근린생활시설,0,385.5,385.5,20060623,1,0,서울특별시 성북구 길음동 1282번지
11290,13400,0,1282,0000,길음뉴타운,,표제부,공동주택,아파트,0,315.96,4708.29,20060623,19,0,서울특별시 성북구 길음동 1282번지
11290,13400,0,1282,0000,길음뉴타운,,표제부,공동주택,경비실,0,17.7,15.85,20060623,1,0,서울특별시 성북구 길음동 1282번지
11290,13400,0,1282,0000,길음뉴타운,,표제부,공동주택,경비실,0,23.5,15.85,20060623,1,0,서울특별시 성북구 길음동 1282번지
11290,13400,0,1282,0000,길음뉴타운,,표제부,공동주택,아파트,0,324.36,4836.12,20060623,19,0,서울특별시 성북구 길음동 1282번지
11290,13400,0,1282,0000,길음뉴타운,,표제부,공동주택,"지하주차장,기계실,전기실",0,0,5554.85,20060623,0,2,서울특별시 성북구 길음동 1282번지
11290,13400,0,1282,0000,길음뉴타운,,표제부,공동주택,지하주차장,0,0,11710.14,20060623,0,2,서울특별시 성북구 길음동 1282번지
11290,13400,0,1282,0000,길음뉴타운,,표제부,제1종근린생활시설,근린생활시설,0,179.33,179.33,20060623,1,0,서울특별시 성북구 길음동 1282번지
11290,13400,0,1282,0000,길음뉴타운,,표제부,공동주택,아파트,0,456.56,7411.18,20060623,20,0,서울특별시 성북구 길음동 1282번지
11290,13400,0,1282,0000,길음뉴타운,,표제부,공동주택,아파트,0,522.77,6761.8,20060623,20,0,서울특별시 성북구 길음동 1282번지
11290,13400,0,1282,0000,길음뉴타운,,표제부,공동주택,지하주차장,0,0,12155.56,20060623,0,2,서울특별시 성북구 길음동 1282번지
11290,13400,0,1282,0001,길음 에스에이치빌,,표제부,공동주택,공동주택(아파트),1871.8,364.377,9395.244,20080204,16,4,서울특별시 성북구 길음동 1282-1번지
11290,13400,0,1282,0001,길음 에스에이치빌,,표제부,공동주택,"방재센터,관리사무소,엠디에프실",0,69,138,20080204,2,0,서울특별시 성북구 길음동 1282-1번지
11290,13400,0,1282,0003,인수가압장,,일반건축물,제1종근린생활시설,제1종근린생활시설(가압장),408,183.99,346.23,20060623,1,1,서울특별시 성북구 길음동 1282-3번지
11290,13400,0,1283,0000,길음뉴타운,,표제부,공동주택,아파트,0,522.44,9259.88,20070724,20,0,서울특별시 성북구 길음동 1283번지
11290,13400,0,1283,0000,길음뉴타운,,표제부,공동주택,아파트,0,461.43,7054.16,20070724,17,0,서울특별시 성북구 길음동 1283번지
11290,13400,0,1283,0000,길음뉴타운,,표제부,공동주택,아파트,0,461.43,7584.08,20070724,20,0,서울특별시 성북구 길음동 1283번지
11290,13400,0,1283,0000,길음뉴타운,,표제부,공동주택,아파트,0,646.65,9819.93,20070724,17,0,서울특별시 성북구 길음동 1283번지
11290,13400,0,1283,0000,길음뉴타운,,표제부,공동주택,경비실,0,17.28,17.28,20070724,1,0,서울특별시 성북구 길음동 1283번지
11290,13400,0,1283,0000,길음뉴타운,,표제부,공동주택,아파트,0,583.49,9922.37,20070724,19,0,서울특별시 성북구 길음동 1283번지
11290,13400,0,1283,0000,길음뉴타운,,표제부,공동주택,아파트,0,461.43,6964.75,20070724,17,0,서울특별시 성북구 길음동 1283번지
11290,13400,0,1283,0000,길음뉴타운,,표제부,공동주택,아파트,0,461.43,6641.27,20070724,16,0,서울특별시 성북구 길음동 1283번지
11290,13400,0,1283,0000,길음뉴타운,,표제부,공동주택,아파트,0,522.44,7921.14,20070724,18,0,서울특별시 성북구 길음동 1283번지
11290,13400,0,1283,0000,길음뉴타운,,표제부,공동주택,아파트,0,583.49,10456.24,20070724,20,0,서울특별시 성북구 길음동 1283번지
11290,13400,0,1283,0000,길음뉴타운,,표제부,공동주택,경비실,0,17.28,17.28,20070724,1,0,서울특별시 성북구 길음동 1283번지
11290,13400,0,1283,0000,길음뉴타운,,표제부,공동주택,아파트,0,351.1,6269.95,20070724,20,0,서울특별시 성북구 길음동 1283번지
11290,13400,0,1283,0000,길음뉴타운,,표제부,공동주택,아파트,0,691.08,11118.44,20070724,20,0,서울특별시 성북구 길음동 1283번지
11290,13400,0,1283,0000,길음뉴타운,,표제부,공동주택,"지하주차장,전기실,펌프실,헬스장,독서실",0,0,49369.54,20070724,0,3,서울특별시 성북구 길음동 1283번지
11290,13400,0,1283,0000,길음뉴타운,,표제부,공동주택,아파트,0,461.43,6641.27,20070724,16,0,서울특별시 성북구 길음동 1283번지
11290,13400,0,1283,0000,길음뉴타운,,표제부,공동주택,"관리실,주민공동시설,MDF실,보육실,노인정",0,166.14,577.26,20070724,2,1,서울특별시 성북구 길음동 1283번지
11290,13400,0,1283,0003,,,일반건축물,종교시설,종교시설,2043,852.11,4246.78,20060928,5,1,서울특별시 성북구 길음동 1283-3번지
11290,13400,0,1283,0004,길음뉴타운,,표제부,제1종근린생활시설,근린생활시설,1587.6,783.81,4912.17,20070724,5,1,서울특별시 성북구 길음동 1283-4번지
11290,13400,0,1284,0000,길음뉴타운,,표제부,공동주택,"전기실,기계실(임대)",0,0,865.3,20100630,0,2,서울특별시 성북구 길음동 1284번지
11290,13400,0,1284,0000,길음뉴타운,,표제부,공동주택,아파트,0,790.6,13833.08,20100630,26,0,서울특별시 성북구 길음동 1284번지
11290,13400,0,1284,0000,길음뉴타운,,표제부,공동주택,아파트,0,321.66,3084.43,20100630,14,0,서울특별시 성북구 길음동 1284번지
11290,13400,0,1284,0000,길음뉴타운,,표제부,공동주택,아파트,0,594.38,6737.8,20100630,18,0,서울특별시 성북구 길음동 1284번지
11290,13400,0,1284,0000,길음뉴타운,,표제부,공동주택,아파트,0,765.73,11668.81,20100630,23,0,서울특별시 성북구 길음동 1284번지
11290,13400,0,1284,0000,길음뉴타운,,표제부,공동주택,아파트,0,599.45,4946.18,20100630,14,0,서울특별시 성북구 길음동 1284번지
11290,13400,0,1284,0000,길음뉴타운,,표제부,공동주택,아파트,0,923.42,14480.12,20100630,24,0,서울특별시 성북구 길음동 1284번지
11290,13400,0,1284,0000,길음뉴타운,,표제부,공동주택,경비실,0,19.44,18,20100630,1,0,서울특별시 성북구 길음동 1284번지
11290,13400,0,1284,0000,길음뉴타운,,표제부,공동주택,지하주차장,0,0,5113.57,20100630,0,3,서울특별시 성북구 길음동 1284번지
11290,13400,0,1284,0000,길음뉴타운,,표제부,공동주택,아파트,0,611.34,3862.59,20100630,9,0,서울특별시 성북구 길음동 1284번지
11290,13400,0,1284,0000,길음뉴타운,,표제부,공동주택,지하주차장,0,0,9188.92,20100630,0,2,서울특별시 성북구 길음동 1284번지
11290,13400,0,1284,0000,길음뉴타운,,표제부,공동주택,아파트,0,320.59,3303.41,20100630,15,0,서울특별시 성북구 길음동 1284번지
11290,13400,0,1284,0000,길음뉴타운,,표제부,공동주택,지하주차장,0,0,16114.24,20100630,0,2,서울특별시 성북구 길음동 1284번지
11290,13400,0,1284,0000,길음뉴타운,,표제부,공동주택,아파트,0,592.86,11216.98,20100630,26,0,서울특별시 성북구 길음동 1284번지
11290,13400,0,1284,0000,길음뉴타운,,표제부,공동주택,아파트,0,786.24,8823.23,20100630,18,0,서울특별시 성북구 길음동 1284번지
11290,13400,0,1284,0000,길음뉴타운,,표제부,제2종근린생활시설,제1.2종근린생활시설.업무시설,0,373.07,2389.69,20100630,0,3,서울특별시 성북구 길음동 1284번지
11290,13400,0,1284,0000,길음뉴타운,,표제부,공동주택,아파트,0,702.3,4851.21,20100630,11,0,서울특별시 성북구 길음동 1284번지
11290,13400,0,1284,0000,길음뉴타운,,표제부,공동주택,아파트,0,594.38,5228.1,20100630,15,0,서울특별시 성북구 길음동 1284번지
11290,13400,0,1284,0000,길음뉴타운,,표제부,공동주택,"주민공동시설,휘트니스,사우나,보육시설,골프클럽,기계실",0,0,2801.87,20100630,0,2,서울특별시 성북구 길음동 1284번지
11290,13400,0,1284,0000,길음뉴타운,,표제부,공동주택,아파트,0,626.62,5284.37,20100630,13,0,서울특별시 성북구 길음동 1284번지
11290,13400,0,1284,0000,길음뉴타운,,표제부,공동주택,아파트,0,721.83,6796.69,20100630,17,0,서울특별시 성북구 길음동 1284번지
11290,13400,0,1284,0000,길음뉴타운,,표제부,공동주택,아파트,0,319.44,2145.44,20100630,11,0,서울특별시 성북구 길음동 1284번지
11290,13400,0,1284,0000,길음뉴타운,,표제부,공동주택,아파트,0,291.91,3221.14,20100630,15,0,서울특별시 성북구 길음동 1284번지
11290,13400,0,1284,0000,길음뉴타운,,표제부,공동주택,아파트,0,584.93,10226.7,20100630,26,0,서울특별시 성북구 길음동 1284번지
11290,13400,0,1284,0000,길음뉴타운,,표제부,공동주택,아파트,0,253.13,1934.59,20100630,13,0,서울특별시 성북구 길음동 1284번지
11290,13400,0,1284,0000,길음뉴타운,,표제부,공동주택,지하주차장,0,0,18374.71,20100630,0,2,서울특별시 성북구 길음동 1284번지
11290,13400,0,1284,0000,길음뉴타운,,표제부,공동주택,경비실,0,9.63,8.88,20100630,1,0,서울특별시 성북구 길음동 1284번지
11290,13400,0,1284,0000,길음뉴타운,,표제부,공동주택,경비실,0,9.63,8.88,20100630,1,0,서울특별시 성북구 길음동 1284번지
11290,13400,0,1284,0000,길음뉴타운,,표제부,공동주택,아파트,0,704.91,11218.34,20100630,25,0,서울특별시 성북구 길음동 1284번지
11290,13400,0,1284,0000,길음뉴타운,,표제부,공동주택,아파트,0,258.75,3865.17,20100630,23,0,서울특별시 성북구 길음동 1284번지
11290,13400,0,1284,0000,길음뉴타운,,표제부,공동주택,아파트,0,594.38,7314.23,20100630,18,0,서울특별시 성북구 길음동 1284번지
11290,13400,0,1284,0000,길음뉴타운,,표제부,공동주택,아파트,0,470.41,7794.53,20100630,26,0,서울특별시 성북구 길음동 1284번지
11290,13400,0,1284,0000,길음뉴타운,,표제부,공동주택,지하주차장,0,0,16959.33,20100630,0,2,서울특별시 성북구 길음동 1284번지
11290,13400,0,1284,0000,길음뉴타운,,표제부,공동주택,경비실,0,19.44,18,20100630,1,0,서울특별시 성북구 길음동 1284번지
11290,13400,0,1284,0000,길음뉴타운,,표제부,공동주택,아파트,0,252.48,1653.55,20100630,10,0,서울특별시 성북구 길음동 1284번지
11290,13400,0,1284,0000,길음뉴타운,,표제부,제2종근린생활시설,"제1,2종근린생활시설",0,0,5931.26,20100630,0,3,서울특별시 성북구 길음동 1284번지
11290,13400,0,1284,0000,길음뉴타운,,표제부,공동주택,"관리실,경로당,보육시설,문고,독서실",0,307.76,1013.89,20100630,4,0,서울특별시 성북구 길음동 1284번지
11290,13400,0,1284,0000,길음뉴타운,,표제부,공동주택,아파트,0,408.48,7354,20100630,26,0,서울특별시 성북구 길음동 1284번지
11290,13400,0,1284,0000,길음뉴타운,,표제부,공동주택,경비실,0,9.63,8.88,20100630,1,0,서울특별시 성북구 길음동 1284번지
11290,13400,0,1284,0002,,,표제부,교육연구시설,교육연구시설,330,156.79,1049.75,20120801,6,1,서울특별시 성북구 길음동 1284-2번지
11290,13400,0,1284,0008,,,일반건축물,제2종근린생활시설,제2종근린생활시설(사무소),265,132.25,944.77,20110609,6,2,서울특별시 성북구 길음동 1284-8번지
11290,13400,0,1284,0009,길음뉴타운,,표제부,공동주택,아파트,3052.1,788.78,10274.4,20100630,14,0,서울특별시 성북구 길음동 1284-9번지
11290,13400,0,1284,0009,길음뉴타운,,표제부,공동주택,"관리사무소,경로당",3052.1,132.19,262.58,20100630,2,0,서울특별시 성북구 길음동 1284-9번지
11290,13400,0,1284,0009,길음뉴타운,,표제부,공동주택,경비실,3052.1,9.63,8.88,20100630,1,0,서울특별시 성북구 길음동 1284-9번지
11290,13400,0,1284,0009,길음뉴타운,,표제부,공동주택,지하주차장,3052.1,0,3388.52,20100630,0,2,서울특별시 성북구 길음동 1284-9번지
11290,13400,0,1284,0009,길음뉴타운,,표제부,공동주택,"전기실,기계실",3052.1,0,326.86,20100630,0,2,서울특별시 성북구 길음동 1284-9번지
11290,13400,0,1284,0012,대한예수교장로회정인교회,,일반건축물,종교시설,종교시설(교회),930.5,451.54,3850.91,20110307,4,3,서울특별시 성북구 길음동 1284-12번지
11290,13400,0,1284,0015,계성고등학교,,일반건축물,교육연구시설,교육연구시설,0,2835.88,16937.56,20151126,6,1,서울특별시 성북구 길음동 1284-15번지
11290,13400,0,1284,0015,계성고등학교,,일반건축물,교육연구시설,교육연구시설(수위실),0,7.64,7.64,20151126,1,0,서울특별시 성북구 길음동 1284-15번지
11290,13400,0,1284,0015,계성고등학교,,일반건축물,교육연구시설,교육연구시설,0,1006.72,2681.2,20151126,3,1,서울특별시 성북구 길음동 1284-15번지
11290,13400,0,1284,0015,계성고등학교,,일반건축물,교육연구시설,교육연구시설(구령대),0,35.64,35.64,20151126,1,0,서울특별시 성북구 길음동 1284-15번지
11290,13400,0,1285,0000,길음7구역 두산위브아파트,,표제부,공동주택,경비실,0,17.64,17.64,20100728,1,0,서울특별시 성북구 길음동 1285번지
11290,13400,0,1285,0000,길음7구역 두산위브아파트,,표제부,공동주택,아파트,0,771.21,32887.57,20100728,23,0,서울특별시 성북구 길음동 1285번지
11290,13400,0,1285,0000,길음7구역 두산위브아파트,,표제부,공동주택,"지하주차장/기계,전기실",0,0,19207.36,20100728,0,4,서울특별시 성북구 길음동 1285번지
11290,13400,0,1285,0000,길음7구역 두산위브아파트,,표제부,공동주택,아파트,0,584.95,9367.41,20100728,23,0,서울특별시 성북구 길음동 1285번지
11290,13400,0,1285,0000,길음7구역 두산위브아파트,,표제부,제1종근린생활시설,근린생활시설,0,0,5805.61,20100728,0,3,서울특별시 성북구 길음동 1285번지
11290,13400,0,1285,0000,길음7구역 두산위브아파트,,표제부,공동주택,아파트,0,584.95,6630.36,20100728,19,0,서울특별시 성북구 길음동 1285번지
11290,13400,0,1285,0000,길음7구역 두산위브아파트,,표제부,공동주택,경로당/보육시설/관리사무소,0,250.4,488.14,20100728,2,0,서울특별시 성북구 길음동 1285번지
11290,13400,0,1285,0000,길음7구역 두산위브아파트,,표제부,공동주택,아파트,0,462.15,7444.22,20100728,23,0,서울특별시 성북구 길음동 1285번지
11290,13400,0,1285,0000,길음7구역 두산위브아파트,,표제부,공동주택,경비실,0,17.64,17.64,20100728,1,0,서울특별시 성북구 길음동 1285번지
11290,13400,0,1285,0000,길음7구역 두산위브아파트,,표제부,공동주택,아파트,0,462.15,3818.98,20100728,13,0,서울특별시 성북구 길음동 1285번지
11290,13400,0,1285,0000,길음7구역 두산위브아파트,,표제부,공동주택,아파트,0,584.95,9556.63,20100728,23,0,서울특별시 성북구 길음동 1285번지
11290,13400,0,1285,0002,대한예수교장로회새생명교회,,일반건축물,종교시설,교회,1510.3,747.87,7735.28,20091209,7,3,서울특별시 성북구 길음동 1285-2번지
11290,13400,0,1285,0005,길음7구역 두산위브아파트,,표제부,공동주택,관리사무소/경비실/정보통신(MDF)실,2493.3,48.39,46.23,20100728,1,0,서울특별시 성북구 길음동 1285-5번지
11290,13400,0,1285,0005,길음7구역 두산위브아파트,,표제부,공동주택,"지하주차장/기계,전기실/발전기실",2493.3,0,3246.42,20100728,0,2,서울특별시 성북구 길음동 1285-5번지
11290,13400,0,1285,0005,길음7구역 두산위브아파트,,표제부,공동주택,주민공동시설/노인정,2493.3,119.08,119.08,20100728,1,0,서울특별시 성북구 길음동 1285-5번지
11290,13400,0,1285,0005,길음7구역 두산위브아파트,,표제부,공동주택,아파트,2493.5,651.58,8288.49,20100728,13,0,서울특별시 성북구 길음동 1285-5번지
11290,13400,0,1285,0007,,,표제부,제2종근린생활시설,제1종근린생활시설,605.5,298.61,1744.15,20100813,5,1,서울특별시 성북구 길음동 1285-7번지
11290,13400,0,1286,0000,길음뉴타운,,표제부,공동주택,아파트,0,458.68,8788.88,20100930,29,0,서울특별시 성북구 길음동 1286번지
11290,13400,0,1286,0000,길음뉴타운,,표제부,공동주택,경비실,0,18.93,18.93,20100930,1,0,서울특별시 성북구 길음동 1286번지
11290,13400,0,1286,0000,길음뉴타운,,표제부,공동주택,"주차장,관리실,노인정,다목적홀,문고,독서실,에어로빅,헬스",0,0,28430.51,20100930,0,3,서울특별시 성북구 길음동 1286번지
11290,13400,0,1286,0000,길음뉴타운,,표제부,공동주택,경비실,0,18.93,18.93,20100930,1,0,서울특별시 성북구 길음동 1286번지
11290,13400,0,1286,0000,길음뉴타운,,표제부,공동주택,아파트,0,243.65,4624.36,20100930,28,0,서울특별시 성북구 길음동 1286번지
11290,13400,0,1286,0000,길음뉴타운,,표제부,공동주택,아파트,0,209.72,7735.14,20100930,28,0,서울특별시 성북구 길음동 1286번지
11290,13400,0,1286,0000,길음뉴타운,,표제부,공동주택,아파트,0,389.66,7163.02,20100930,25,0,서울특별시 성북구 길음동 1286번지
11290,13400,0,1286,0000,길음뉴타운,,표제부,공동주택,아파트,0,401.32,7109.02,20100930,25,0,서울특별시 성북구 길음동 1286번지
11290,13400,0,1286,0000,길음뉴타운,,표제부,공동주택,아파트,0,590.89,11882.89,20100930,29,0,서울특별시 성북구 길음동 1286번지
11290,13400,0,1286,0000,길음뉴타운,,표제부,제2종근린생활시설,"근린생활시설,판매시설",0,21.64,5967.5,20100930,1,2,서울특별시 성북구 길음동 1286번지
11290,13400,0,1286,0000,길음뉴타운,,표제부,공동주택,아파트,0,458.68,8919.22,20100930,29,0,서울특별시 성북구 길음동 1286번지
11290,13400,0,1286,0000,길음뉴타운,,표제부,공동주택,티하우스,0,98.42,89.44,20100930,1,0,서울특별시 성북구 길음동 1286번지
11290,13400,0,1286,0000,길음뉴타운,,표제부,공동주택,경비실,0,18.72,18.72,20100930,1,0,서울특별시 성북구 길음동 1286번지
11290,13400,0,1286,0000,길음뉴타운,,표제부,공동주택,"주차장,실내골프연습장,전기실,발전기실,펌프실",0,561.86,7949.01,20100930,1,3,서울특별시 성북구 길음동 1286번지
11290,13400,0,1286,0000,길음뉴타운,,표제부,공동주택,아파트,0,163.8,5733.66,20100930,28,0,서울특별시 성북구 길음동 1286번지
11290,13400,0,1286,0000,길음뉴타운,,표제부,노유자시설,보육시설,0,347.26,1364.51,20100930,2,1,서울특별시 성북구 길음동 1286번지
11290,13400,0,1286,0000,길음뉴타운,,표제부,공동주택,주차경비실,0,7.29,7.29,20100930,1,0,서울특별시 성북구 길음동 1286번지
11290,13400,0,1286,0000,길음뉴타운,,표제부,공동주택,아파트,0,163.8,4614.56,20100930,22,0,서울특별시 성북구 길음동 1286번지
11290,13400,0,1286,0000,길음뉴타운,,표제부,공동주택,아파트,0,303.85,6364.32,20100930,29,0,서울특별시 성북구 길음동 1286번지
11290,13400,0,1286,0000,길음뉴타운,,표제부,공동주택,아파트,0,303.85,6145.6,20100930,28,0,서울특별시 성북구 길음동 1286번지
11290,13400,0,1286,0000,길음뉴타운,,표제부,공동주택,아파트,0,389.66,8307.26,20100930,29,0,서울특별시 성북구 길음동 1286번지
11290,13400,0,1286,0000,길음뉴타운,,표제부,공동주택,아파트,0,452.36,6303.04,20100930,19,0,서울특별시 성북구 길음동 1286번지
11290,13400,0,1286,0000,길음뉴타운,,표제부,공동주택,아파트,0,303.85,5926.88,20100930,27,0,서울특별시 성북구 길음동 1286번지
11290,13400,0,1286,0000,길음뉴타운,,표제부,공동주택,주차장,0,3954.54,18553.85,20100930,2,2,서울특별시 성북구 길음동 1286번지
11290,13400,0,1286,0000,길음뉴타운,,표제부,공동주택,아파트,0,590.89,11882.89,20100930,29,0,서울특별시 성북구 길음동 1286번지
11290,13400,0,1286,0007,길음뉴타운,,표제부,공동주택,아파트,0,237.43,1687.26,20100930,9,0,서울특별시 성북구 길음동 1286-7번지
11290,13400,0,1286,0007,길음뉴타운,,표제부,공동주택,아파트,0,772.83,8769.29,20100930,15,0,서울특별시 성북구 길음동 1286-7번지
11290,13400,0,1286,0007,길음뉴타운,,표제부,공동주택,아파트,0,236.11,1642.92,20100930,8,0,서울특별시 성북구 길음동 1286-7번지
11290,13400,0,1286,0007,길음뉴타운,,표제부,공동주택,경비실,0,18.2,18.2,20100930,1,0,서울특별시 성북구 길음동 1286-7번지
11290,13400,0,1286,0007,길음뉴타운,,표제부,공동주택,"주차장,관리실,노인정,주민공동시설,기계실,전기실",0,0,7435.58,20100930,0,3,서울특별시 성북구 길음동 1286-7번지
11290,13400,0,1286,0008,서울성북 미디어문화마루,,일반건축물,방송통신시설,방송통신시설,4143.5,1921.99,9836.37,20200618,4,2,서울특별시 성북구 길음동 1286-8번지
11290,13400,0,1286,0010,길음뉴타운,,표제부,제2종근린생활시설,"근린생활시설,판매시설",2393.5,1193.09,5483.29,20100930,2,2,서울특별시 성북구 길음동 1286-10번지
11290,13400,0,1286,0013,길음119안전센터,,일반건축물,제1종근린생활시설,제1종근린생활시설(소방서),1005.1,470.52,973.04,20101209,3,1,서울특별시 성북구 길음동 1286-13번지
11290,13400,0,1287,0001,길음뉴타운11단지롯데캐슬골든힐스,,표제부,공동주택,어린이집,0,200,195.1338,20190507,1,0,서울특별시 성북구 길음동 1287-1번지
11290,13400,0,1287,0001,길음뉴타운11단지롯데캐슬골든힐스,,표제부,공동주택,공동주택(아파트),0,477.7418,3690.8463,20190507,13,0,서울특별시 성북구 길음동 1287-1번지
11290,13400,0,1287,0001,길음뉴타운11단지롯데캐슬골든힐스,,표제부,공동주택,"관리사무소,방재실,MDF실",0,0,203.8787,20190507,0,1,서울특별시 성북구 길음동 1287-1번지
11290,13400,0,1287,0001,길음뉴타운11단지롯데캐슬골든힐스,,표제부,공동주택,공동주택(아파트),0,475.0048,4586.4869,20190507,15,0,서울특별시 성북구 길음동 1287-1번지
11290,13400,0,1287,0001,길음뉴타운11단지롯데캐슬골든힐스,,표제부,공동주택,지하주차장,0,0,22738.1942,20190507,0,4,서울특별시 성북구 길음동 1287-1번지
11290,13400,0,1287,0001,길음뉴타운11단지롯데캐슬골든힐스,,표제부,공동주택,공동주택(아파트),0,797.8257,13260.5585,20190507,24,0,서울특별시 성북구 길음동 1287-1번지
11290,13400,0,1287,0001,길음뉴타운11단지롯데캐슬골든힐스,,표제부,공동주택,쓰레기분리수거장,0,55,43.9006,20190507,1,0,서울특별시 성북구 길음동 1287-1번지
11290,13400,0,1287,0001,길음뉴타운11단지롯데캐슬골든힐스,,표제부,공동주택,공동주택(아파트),0,709.8092,10381.9815,20190507,21,0,서울특별시 성북구 길음동 1287-1번지
11290,13400,0,1287,0001,길음뉴타운11단지롯데캐슬골든힐스,,표제부,제2종근린생활시설,제2종근린생활시설,0,0,1165.3181,20190507,0,1,서울특별시 성북구 길음동 1287-1번지
11290,13400,0,1287,0001,길음뉴타운11단지롯데캐슬골든힐스,,표제부,공동주택,"기계실,전기실,발전기실",0,0,345.3797,20190507,0,4,서울특별시 성북구 길음동 1287-1번지
11290,13400,0,1287,0001,길음뉴타운11단지롯데캐슬골든힐스,,표제부,공동주택,공동주택(아파트),0,709.3757,8989.439,20190507,21,0,서울특별시 성북구 길음동 1287-1번지
11290,13400,0,1287,0001,길음뉴타운11단지롯데캐슬골든힐스,,표제부,공동주택,경로당,0,0,122.7857,20190507,0,1,서울특별시 성북구 길음동 1287-1번지
11290,13400,0,1287,0001,길음뉴타운11단지롯데캐슬골든힐스,,표제부,공동주택,외부엘레베이터,0,30,25.5,20190507,1,0,서울특별시 성북구 길음동 1287-1번지
11290,13400,0,1287,0001,길음뉴타운11단지롯데캐슬골든힐스,,표제부,공동주택,작은도서관,0,0,107.3142,20190507,0,1,서울특별시 성북구 길음동 1287-1번지
11290,13400,0,1287,0001,길음뉴타운11단지롯데캐슬골든힐스,,표제부,공동주택,"휘트니스센터,골프연습장,자전거보관소,주민회의실,스터디룸",0,0,1068.7742,20190507,0,1,서울특별시 성북구 길음동 1287-1번지
11290,13400,0,1287,0001,길음뉴타운11단지롯데캐슬골든힐스,,표제부,공동주택,경비실,0,12.8094,12.8094,20190507,1,0,서울특별시 성북구 길음동 1287-1번지
11290,13400,0,1288,0000,래미안길음센터피스,,표제부,교육연구시설,교육연구시설(유치원),0,326.27,541.44,20191129,2,0,서울특별시 성북구 길음동 1288번지
11290,13400,0,1288,0000,래미안길음센터피스,,표제부,공동주택,경비실-2,0,43.82,43.82,20191129,1,0,서울특별시 성북구 길음동 1288번지
11290,13400,0,1288,0000,래미안길음센터피스,,표제부,공동주택,주민공동시설(지상엘리베이터),0,49.43,49.43,20191129,1,0,서울특별시 성북구 길음동 1288번지
11290,13400,0,1288,0000,래미안길음센터피스,,표제부,공동주택,공동주택(아파트),0,595.4,17212.08,20191129,39,0,서울특별시 성북구 길음동 1288번지
11290,13400,0,1288,0000,래미안길음센터피스,,표제부,공동주택,공동주택(아파트),0,595.4,16040.98,20191129,39,0,서울특별시 성북구 길음동 1288번지
11290,13400,0,1288,0000,래미안길음센터피스,,표제부,공동주택,작은도서관,0,0,498.33,20191129,0,1,서울특별시 성북구 길음동 1288번지
11290,13400,0,1288,0000,래미안길음센터피스,,표제부,제2종근린생활시설,근린생활시설-2,0,1056.37,3142.69,20191129,1,3,서울특별시 성북구 길음동 1288번지
11290,13400,0,1288,0000,래미안길음센터피스,,표제부,공동주택,공동주택(아파트),0,595.4,16182.4,20191129,38,0,서울특별시 성북구 길음동 1288번지
11290,13400,0,1288,0000,래미안길음센터피스,,표제부,공동주택,공동주택(아파트),0,794.56,12234.42,20191129,20,0,서울특별시 성북구 길음동 1288번지
11290,13400,0,1288,0000,래미안길음센터피스,,표제부,공동주택,경비실-1,0,17.94,42.8,20191129,1,0,서울특별시 성북구 길음동 1288번지
11290,13400,0,1288,0000,래미안길음센터피스,,표제부,공동주택,공동주택(아파트),0,701.03,9080.27,20191129,20,0,서울특별시 성북구 길음동 1288번지
11290,13400,0,1288,0000,래미안길음센터피스,,표제부,공동주택,공동주택(아파트),0,232.29,2068.35,20191129,13,0,서울특별시 성북구 길음동 1288번지
11290,13400,0,1288,0000,래미안길음센터피스,,표제부,공동주택,공동주택(아파트),0,693.78,7006.33,20191129,16,0,서울특별시 성북구 길음동 1288번지
11290,13400,0,1288,0000,래미안길음센터피스,,표제부,공동주택,보육시설2,0,90.86,614.02,20191129,1,0,서울특별시 성북구 길음동 1288번지
11290,13400,0,1288,0000,래미안길음센터피스,,표제부,공동주택,공동주택(아파트),0,508.69,11874.76,20191129,39,0,서울특별시 성북구 길음동 1288번지
11290,13400,0,1288,0000,래미안길음센터피스,,표제부,공동주택,공동주택(아파트),0,231.47,2668.82,20191129,17,0,서울특별시 성북구 길음동 1288번지
11290,13400,0,1288,0000,래미안길음센터피스,,표제부,공동주택,공동주택(아파트),0,759.83,6711.53,20191129,17,0,서울특별시 성북구 길음동 1288번지
11290,13400,0,1288,0000,래미안길음센터피스,,표제부,공동주택,주민공동시설(택배보관실),0,0.73,30.55,20191129,1,0,서울특별시 성북구 길음동 1288번지
11290,13400,0,1288,0000,래미안길음센터피스,,표제부,공동주택,공동주택(아파트),0,234.43,1647.65,20191129,12,0,서울특별시 성북구 길음동 1288번지
11290,13400,0,1288,0000,래미안길음센터피스,,표제부,공동주택,공동주택(아파트),0,508.69,12812.9,20191129,39,0,서울특별시 성북구 길음동 1288번지
11290,13400,0,1288,0000,래미안길음센터피스,,표제부,공동주택,주민공동시설(게스트룸),0,21.01,558.41,20191129,1,0,서울특별시 성북구 길음동 1288번지
11290,13400,0,1288,0000,래미안길음센터피스,,표제부,공동주택,공동주택(아파트),0,508.69,12754.15,20191129,39,0,서울특별시 성북구 길음동 1288번지
11290,13400,0,1288,0000,래미안길음센터피스,,표제부,공동주택,지열펌프실,0,1.61,197.06,20191129,0,3,서울특별시 성북구 길음동 1288번지
11290,13400,0,1288,0000,래미안길음센터피스,,표제부,제2종근린생활시설,근생지하주차장,0,0,2222.49,20191129,0,2,서울특별시 성북구 길음동 1288번지
11290,13400,0,1288,0000,래미안길음센터피스,,표제부,제2종근린생활시설,근린생활시설-1,0,377.35,1815.68,20191129,1,2,서울특별시 성북구 길음동 1288번지
11290,13400,0,1288,0000,래미안길음센터피스,,표제부,제2종근린생활시설,"근생펌프실-1,전기실-1",0,0,169.15,20191129,0,3,서울특별시 성북구 길음동 1288번지
11290,13400,0,1288,0000,래미안길음센터피스,,표제부,공동주택,공동주택(아파트),0,582.73,5425.97,20191129,14,0,서울특별시 성북구 길음동 1288번지
11290,13400,0,1288,0000,래미안길음센터피스,,표제부,공동주택,"전기실-1,발전기실-1,기계실-1",0,44.91,538.59,20191129,0,3,서울특별시 성북구 길음동 1288번지
11290,13400,0,1288,0000,래미안길음센터피스,,표제부,공동주택,연료전지실,0,0,194.98,20191129,0,3,서울특별시 성북구 길음동 1288번지
11290,13400,0,1288,0000,래미안길음센터피스,,표제부,공동주택,경로당1,0,225.53,410.65,20191129,1,0,서울특별시 성북구 길음동 1288번지
11290,13400,0,1288,0000,래미안길음센터피스,,표제부,제2종근린생활시설,"근생펌프실-2,전기실-2",0,0,265.89,20191129,0,3,서울특별시 성북구 길음동 1288번지
11290,13400,0,1288,0000,래미안길음센터피스,,표제부,공동주택,공동주택(아파트),0,524.5,6526.26,20191129,20,0,서울특별시 성북구 길음동 1288번지
11290,13400,0,1288,0000,래미안길음센터피스,,표제부,공동주택,지하주차장,0,259.43,86681.11,20191129,0,3,서울특별시 성북구 길음동 1288번지
11290,13400,0,1288,0000,래미안길음센터피스,,표제부,공동주택,공동주택(아파트),0,508.69,12677.31,20191129,39,0,서울특별시 성북구 길음동 1288번지
11290,13400,0,1288,0000,래미안길음센터피스,,표제부,공동주택,공동주택(아파트),0,621.8,17487.91,20191129,39,0,서울특별시 성북구 길음동 1288번지
11290,13400,0,1288,0000,래미안길음센터피스,,표제부,공동주택,공동주택(아파트),0,516.76,4488.2,20191129,16,0,서울특별시 성북구 길음동 1288번지
11290,13400,0,1288,0000,래미안길음센터피스,,표제부,공동주택,관리사무소,0,0,333.45,20191129,0,1,서울특별시 성북구 길음동 1288번지
11290,13400,0,1288,0000,래미안길음센터피스,,표제부,공동주택,공동주택(아파트),0,463.1,6319.94,20191129,20,0,서울특별시 성북구 길음동 1288번지
11290,13400,0,1288,0000,래미안길음센터피스,,표제부,공동주택,주민공동시설(놀이방),0,0.77,131.88,20191129,1,0,서울특별시 성북구 길음동 1288번지
11290,13400,0,1288,0000,래미안길음센터피스,,표제부,공동주택,경비실-3,0,43.82,43.82,20191129,1,0,서울특별시 성북구 길음동 1288번지
11290,13400,0,1288,0000,래미안길음센터피스,,표제부,공동주택,"전기실-2.발전기실-2,기계실-2",0,40.55,564.3,20191129,0,3,서울특별시 성북구 길음동 1288번지
11290,13400,0,1288,0000,래미안길음센터피스,,표제부,공동주택,주민공동시설(스튜디오),0,1.06,302.58,20191129,1,0,서울특별시 성북구 길음동 1288번지
11290,13400,0,1288,0000,래미안길음센터피스,,표제부,공동주택,공동주택(아파트),0,475.66,4576.91,20191129,15,0,서울특별시 성북구 길음동 1288번지
11290,13400,0,1288,0000,래미안길음센터피스,,표제부,공동주택,공동주택(아파트),0,616.71,6885.07,20191129,20,0,서울특별시 성북구 길음동 1288번지
11290,13400,0,1288,0000,래미안길음센터피스,,표제부,공동주택,보육시설1,0,82.2,429.69,20191129,1,0,서울특별시 성북구 길음동 1288번지
11290,13400,0,1288,0000,래미안길음센터피스,,표제부,공동주택,공동주택(아파트),0,922.28,9224.13,20191129,14,0,서울특별시 성북구 길음동 1288번지
11290,13400,0,1288,0000,래미안길음센터피스,,표제부,공동주택,공동주택(아파트),0,532.87,5704.13,20191129,16,0,서울특별시 성북구 길음동 1288번지
11290,13400,0,1288,0000,래미안길음센터피스,,표제부,공동주택,공동주택(아파트),0,232.29,2068.35,20191129,13,0,서울특별시 성북구 길음동 1288번지
11290,13400,0,1288,0000,래미안길음센터피스,,표제부,공동주택,경로당2,0,2.35,384.64,20191129,1,0,서울특별시 성북구 길음동 1288번지
11290,13400,0,1288,0000,래미안길음센터피스,,표제부,공동주택,커뮤니티센터,0,0,2426.77,20191129,0,1,서울특별시 성북구 길음동 1288번지
11290,13400,0,1288,0005,,,일반건축물,종교시설,"종교시설, 제2종근린생활시설",1156.2,577.07,4770.58,20181231,5,3,서울특별시 성북구 길음동 1288-5번지
11290,13400,0,1288,0008,금강에뜨레B/D,,표제부,제2종근린생활시설,제2종근린생활시설,272.3,134.5,828.84,20200327,5,1,서울특별시 성북구 길음동 1288-8번지
11290,13400,0,1288,0009,늘사랑교회,,일반건축물,종교시설,종교시설,565,282.11,957.59,20191107,5,1,서울특별시 성북구 길음동 1288-9번지
11290,13400,0,1289,0000,롯데캐슬 클라시아,,표제부,공동주택,공동주택(아파트),0,594.2124,7674.8766,20220127,20,0,서울특별시 성북구 길음동 1289번지
11290,13400,0,1289,0000,롯데캐슬 클라시아,,표제부,공동주택,공동주택(아파트),0,624.6779,12718.5011,20220127,29,0,서울특별시 성북구 길음동 1289번지
11290,13400,0,1289,0000,롯데캐슬 클라시아,,표제부,공동주택,공동주택(아파트),0,624.6779,12718.5011,20220127,29,0,서울특별시 성북구 길음동 1289번지
11290,13400,0,1289,0000,롯데캐슬 클라시아,,표제부,공동주택,지하주차장,0,0,591.0638,20220127,0,5,서울특별시 성북구 길음동 1289번지
11290,13400,0,1289,0000,롯데캐슬 클라시아,,표제부,공동주택,작은도서관,0,0,563.4257,20220127,0,1,서울특별시 성북구 길음동 1289번지
11290,13400,0,1289,0000,롯데캐슬 클라시아,,표제부,공동주택,"경로당,게스트룸",0,0,422.667,20220127,0,1,서울특별시 성북구 길음동 1289번지
11290,13400,0,1289,0000,롯데캐슬 클라시아,,표제부,공동주택,공동주택(아파트),0,590.7501,15749.8669,20220127,37,0,서울특별시 성북구 길음동 1289번지
11290,13400,0,1289,0000,롯데캐슬 클라시아,,표제부,공동주택,경비실,0,20.811,20.811,20220127,1,0,서울특별시 성북구 길음동 1289번지
11290,13400,0,1289,0000,롯데캐슬 클라시아,,표제부,공동주택,공동주택(아파트),0,616.2809,5215.0846,20220127,11,0,서울특별시 성북구 길음동 1289번지
11290,13400,0,1289,0000,롯데캐슬 클라시아,,표제부,공동주택,공동주택(아파트),0,609.5536,5962.434,20220127,15,0,서울특별시 성북구 길음동 1289번지
11290,13400,0,1289,0000,롯데캐슬 클라시아,,표제부,공동주택,"관리사무소,방재실,MDF실,주민회의실",0,0,569.8086,20220127,0,1,서울특별시 성북구 길음동 1289번지
11290,13400,0,1289,0000,롯데캐슬 클라시아,,표제부,공동주택,어린이집,0,384.3083,384.3083,20220127,1,0,서울특별시 성북구 길음동 1289번지
11290,13400,0,1289,0000,롯데캐슬 클라시아,,표제부,공동주택,공동주택(아파트),0,692.2187,5363.3552,20220127,11,0,서울특별시 성북구 길음동 1289번지
11290,13400,0,1289,0000,롯데캐슬 클라시아,,표제부,공동주택,공동주택(아파트),0,625.0491,9874.7527,20220127,24,0,서울특별시 성북구 길음동 1289번지
11290,13400,0,1289,0000,롯데캐슬 클라시아,,표제부,공동주택,공동주택(아파트),0,673.861,12843.7459,20220127,26,0,서울특별시 성북구 길음동 1289번지
11290,13400,0,1289,0000,롯데캐슬 클라시아,,표제부,공동주택,"휘트니스센터,실내골프연습장",0,0,2162.8337,20220127,0,1,서울특별시 성북구 길음동 1289번지
11290,13400,0,1289,0000,롯데캐슬 클라시아,,표제부,공동주택,어린이집,0,384.3083,384.3083,20220127,1,0,서울특별시 성북구 길음동 1289번지
11290,13400,0,1289,0000,롯데캐슬 클라시아,,표제부,공동주택,공동주택(아파트),0,625.0491,10287.2292,20220127,25,0,서울특별시 성북구 길음동 1289번지
11290,13400,0,1289,0000,롯데캐슬 클라시아,,표제부,제2종근린생활시설,근린생활시설,0,312.6991,987.1792,20220127,1,1,서울특별시 성북구 길음동 1289번지
11290,13400,0,1289,0000,롯데캐슬 클라시아,,표제부,공동주택,공동주택(아파트),0,624.6779,12629.0044,20220127,29,0,서울특별시 성북구 길음동 1289번지
11290,13400,0,1289,0000,롯데캐슬 클라시아,,표제부,공동주택,공동주택(아파트),0,659.6264,11535.5823,20220127,28,0,서울특별시 성북구 길음동 1289번지
11290,13400,0,1289,0000,롯데캐슬 클라시아,,표제부,공동주택,다목적실,0,0,303.6487,20220127,0,1,서울특별시 성북구 길음동 1289번지
11290,13400,0,1289,0000,롯데캐슬 클라시아,,표제부,공동주택,공동주택(아파트),0,626.613,16144.718,20220127,37,0,서울특별시 성북구 길음동 1289번지
11290,13400,0,1289,0000,롯데캐슬 클라시아,,표제부,공동주택,공동주택(아파트),0,590.6308,9486.9595,20220127,23,0,서울특별시 성북구 길음동 1289번지
11290,13400,0,1289,0000,롯데캐슬 클라시아,,표제부,공동주택,경비실,0,15.2438,15.2438,20220127,1,0,서울특별시 성북구 길음동 1289번지
11290,13400,0,1289,0000,롯데캐슬 클라시아,,표제부,공동주택,공동주택(아파트),0,401.959,3497.5799,20220127,11,0,서울특별시 성북구 길음동 1289번지
11290,13400,0,1289,0000,롯데캐슬 클라시아,,표제부,공동주택,공동주택(아파트),0,644.7241,12083.6878,20220127,26,0,서울특별시 성북구 길음동 1289번지
11290,13400,0,1289,0000,롯데캐슬 클라시아,,표제부,제2종근린생활시설,근린생활시설,0,0,377.9005,20220127,0,1,서울특별시 성북구 길음동 1289번지
11290,13400,0,1289,0000,롯데캐슬 클라시아,,표제부,공동주택,경비실,0,0,14.76,20220127,0,1,서울특별시 성북구 길음동 1289번지
11290,13400,0,1289,0000,롯데캐슬 클라시아,,표제부,공동주택,공동주택(아파트),0,633.5542,5368.4587,20220127,11,0,서울특별시 성북구 길음동 1289번지
11290,13400,0,1289,0000,롯데캐슬 클라시아,,표제부,공동주택,"지하주차장,펌프실,전기실,발전기실,소화가스실",0,0,94749.5867,20220127,0,6,서울특별시 성북구 길음동 1289번지
11290,13400,0,1289,0000,롯데캐슬 클라시아,,표제부,공동주택,경비실,0,14.76,14.76,20220127,1,0,서울특별시 성북구 길음동 1289번지
11290,13400,0,1289,0000,롯데캐슬 클라시아,,표제부,공동주택,공동주택(아파트),0,859.6499,6614.4109,20220127,11,0,서울특별시 성북구 길음동 1289번지
11290,13400,0,1289,0000,롯데캐슬 클라시아,,표제부,공동주택,셔틀코어,0,175.8905,175.8905,20220127,1,0,서울특별시 성북구 길음동 1289번지
11290,13400,0,1289,0000,롯데캐슬 클라시아,,표제부,공동주택,공동주택(아파트),0,624.8579,11048.0572,20220127,27,0,서울특별시 성북구 길음동 1289번지
11290,13400,0,1289,0007,성진교회,,일반건축물,종교시설,근린생활시설 및 종교시설,895.8,536.53,1840.11,20040604,5,1,서울특별시 성북구 길음동 1289-7번지
11290,13400,0,1289,0011,예수그리스도 후기성도 교회,,일반건축물,종교시설,문화및집회시설(교회),1479.3,311.18,657.18,19840821,2,1,서울특별시 성북구 길음동 1289-11번지
11290,13400,0,1289,0012,길음종합사회복지관,,일반건축물,노유자시설,"노유자시설(사회복지시설), 노유자시설(어린이집)",1095.9,628.73,2604.92,20200622,4,2,서울특별시 성북구 길음동 1289-12번지
11290,13400,0,1289,0013,송천제일교회,,일반건축물,종교시설,종교시설,533.7,315.83,1247.66,20200129,5,1,서울특별시 성북구 길음동 1289-13번지
11290,13400,0,1289,0015,미아중앙교회,,일반건축물,종교시설,교회,1539,828.52,4906.39,20230612,5,2,서울특별시 성북구 길음동 1289-15번지
11290,13400,1,0010,0067,,,일반건축물,단독주택,주택,0,0,26.45,19430315,1,0,서울특별시 성북구 길음동 산10-67번지
11290,13400,1,0046,0000,,,일반건축물,단독주택,주택,0,0,66.12,19621031,1,0,서울특별시 성북구 길음동 산46번지
11290,13400,1,0046,0000,,,일반건축물,단독주택,주택,0,0,66.12,19621125,1,0,서울특별시 성북구 길음동 산46번지
11290,13400,1,0046,0000,,,일반건축물,단독주택,주택,0,0,66.12,19621031,1,0,서울특별시 성북구 길음동 산46번지
11290,13400,1,0046,0000,,,일반건축물,단독주택,주택,0,0,19.83,19550930,1,0,서울특별시 성북구 길음동 산46번지
11290,13400,1,0046,0006,,,일반건축물,단독주택,주택,0,0,100.3,19630327,1,0,서울특별시 성북구 길음동 산46-6번지
11290,13400,1,0046,0012,,,일반건축물,단독주택,주택,0,0,37.02,19600603,1,0,서울특별시 성북구 길음동 산46-12번지
11290,13400,1,0069,0000,,,일반건축물,단독주택,주택,0,0,26.45,19600323,1,0,서울특별시 성북구 길음동 산69번지
11290,13400,1,0069,0000,,,일반건축물,단독주택,주택,0,0,36.36,19461007,1,0,서울특별시 성북구 길음동 산69번지
11290,13400,1,0069,0001,,,일반건축물,단독주택,주택,0,0,52.33,19691020,1,0,서울특별시 성북구 길음동 산69-1번지
11290,13400,1,0069,0027,,,일반건축물,단독주택,주택,0,0,26.45,,1,0,서울특별시 성북구 길음동 산69-27번지
11290,13400,1,0072,0003,,,일반건축물,노유자시설,"교실, 관리실, 사무실, 창고",0,0,5771.59,1964,3,0,서울특별시 성북구 길음동 산72-3번지
