sigunguCd,bjdongCd,platGbCd,bun,ji,bldNm,splotNm,regstrKindCdNm,mainPurpsCdNm,etcPurps,platArea,archArea,totArea,useAprDay,grndFlrCnt,ugrndFlrCnt,platPlc
11320,10800,0,0004,0001,,,일반건축물,관광휴게시설,문화및집회시설(관광휴게시설),52417,591.6,944.83,20090731,2,1,서울특별시 도봉구 도봉동 4-1번지
11320,10800,0,0004,0008,,,일반건축물,노유자시설,노인정,0,0,99,19881023,1,1,서울특별시 도봉구 도봉동 4-8번지
11320,10800,0,0008,0000,,,일반건축물,운동시설,운동시설,49830,4431.52,4983.52,20180116,2,1,서울특별시 도봉구 도봉동 8번지
11320,10800,0,0008,0000,평화문화진지,,표제부,교정및군사시설,"군사시설, 근린생활시설",0,749.63,749.63,20171106,1,0,서울특별시 도봉구 도봉동 8번지
11320,10800,0,0008,0000,,,일반건축물,관광휴게시설,관광휴게시설,49830,136.62,273.24,20180116,2,0,서울특별시 도봉구 도봉동 8번지
11320,10800,0,0008,0000,평화문화진지,,표제부,교정및군사시설,"군사시설, 근린생활시설, 관광휴게시설",0,1121.92,1125.49,20171106,2,0,서울특별시 도봉구 도봉동 8번지
11320,10800,0,0021,0005,교사동,,일반건축물,교육연구시설,교육연구시설(학교),0,2661.71,9028.43,19930524,4,1,서울특별시 도봉구 도봉동 21-5번지
11320,10800,0,0021,0005,강당 겸 체육관,,일반건축물,교육연구시설,교육연구시설(학교),0,887.17,1179.27,19930524,2,0,서울특별시 도봉구 도봉동 21-5번지
11320,10800,0,0030,0001,도봉한신아파트,,표제부,공동주택,공동주택,91107.02,862.97,14227.51,19950930,17,3,서울특별시 도봉구 도봉동 30-1번지
11320,10800,0,0030,0001,도봉한신아파트,,표제부,공동주택,공동주택,91107.02,639.39,10436.19,19950930,17,3,서울특별시 도봉구 도봉동 30-1번지
11320,10800,0,0030,0001,도봉한신아파트,,표제부,공동주택,공동주택,0,1076.14,17706.24,19950930,17,3,서울특별시 도봉구 도봉동 30-1번지
11320,10800,0,0030,0001,도봉한신아파트,,표제부,공동주택,공동주택,91107.02,649.88,10748.78,19950930,17,3,서울특별시 도봉구 도봉동 30-1번지
11320,10800,0,0030,0001,도봉한신아파트,,표제부,공동주택,공동주택,91107.02,1063.59,17393.41,19950930,17,3,서울특별시 도봉구 도봉동 30-1번지
11320,10800,0,0030,0001,도봉한신아파트,,표제부,공동주택,공동주택,91107.02,426.26,6957.46,19950930,17,3,서울특별시 도봉구 도봉동 30-1번지
11320,10800,0,0030,0001,도봉한신아파트,,표제부,공동주택,공동주택,91107.02,639.39,10435.95,19950930,17,3,서울특별시 도봉구 도봉동 30-1번지
11320,10800,0,0030,0001,도봉한신아파트,,표제부,공동주택,공동주택,91107.02,426.26,6957.46,19950930,17,3,서울특별시 도봉구 도봉동 30-1번지
11320,10800,0,0030,0001,도봉한신아파트,,표제부,공동주택,공동주택,91107.02,639.39,10436.19,19950930,17,3,서울특별시 도봉구 도봉동 30-1번지
11320,10800,0,0030,0001,도봉한신아파트,,표제부,공동주택,공동주택,91107.02,426.26,6957.46,19950930,17,3,서울특별시 도봉구 도봉동 30-1번지
11320,10800,0,0030,0001,도봉한신아파트,,표제부,공동주택,공동주택,91107.02,1063.59,17393.41,19950930,17,3,서울특별시 도봉구 도봉동 30-1번지
11320,10800,0,0030,0001,도봉한신아파트,,표제부,공동주택,공동주택,91107.02,1063.59,17393.41,19950930,17,3,서울특별시 도봉구 도봉동 30-1번지
11320,10800,0,0030,0001,도봉한신아파트,,표제부,공동주택,공동주택,91107.02,639.39,10436.19,19950930,17,3,서울특별시 도봉구 도봉동 30-1번지
11320,10800,0,0030,0001,도봉한신아파트,,표제부,공동주택,공동주택,91107.02,424.2,6447.58,19950930,17,3,서울특별시 도봉구 도봉동 30-1번지
11320,10800,0,0030,0001,도봉한신아파트,,표제부,공동주택,공동주택,91107.02,639.39,10436.19,19950930,17,3,서울특별시 도봉구 도봉동 30-1번지
11320,10800,0,0030,0001,도봉한신아파트,,표제부,공동주택,공동주택,91107.02,836.45,10460.81,19950930,14,3,서울특별시 도봉구 도봉동 30-1번지
11320,10800,0,0030,0001,도봉한신아파트,,표제부,공동주택,공동주택,91107.02,426.26,6957.46,19950930,17,3,서울특별시 도봉구 도봉동 30-1번지
11320,10800,0,0030,0001,도봉한신아파트,,표제부,공동주택,공동주택,91107.02,639.39,10436.19,19950930,17,3,서울특별시 도봉구 도봉동 30-1번지
11320,10800,0,0030,0001,도봉한신아파트,,표제부,공동주택,공동주택,91107.02,426.26,6957.46,19950930,17,3,서울특별시 도봉구 도봉동 30-1번지
11320,10800,0,0030,0001,도봉한신아파트,,표제부,공동주택,공동주택,91107.02,862.97,14227.51,19950930,17,3,서울특별시 도봉구 도봉동 30-1번지
11320,10800,0,0030,0001,도봉한신아파트,,표제부,공동주택,공동주택,91107.02,862.97,14227.51,19950930,17,3,서울특별시 도봉구 도봉동 30-1번지
11320,10800,0,0030,0001,도봉한신아파트,,표제부,공동주택,"생활편익시설, 의료시설",569.98,341.99,1380.92,19950930,3,1,서울특별시 도봉구 도봉동 30-1번지
11320,10800,0,0030,0001,도봉한신아파트,,표제부,공동주택,공동주택,91107.02,862.97,14227.51,19950930,17,3,서울특별시 도봉구 도봉동 30-1번지
11320,10800,0,0030,0001,한신아파트 유치원,,표제부,노유자시설,유치원,803.4,0,854.43,19950930,3,1,서울특별시 도봉구 도봉동 30-1번지
11320,10800,0,0030,0001,도봉한신아파트,,표제부,공동주택,공동주택,91107.02,426.26,6957.46,19950930,17,3,서울특별시 도봉구 도봉동 30-1번지
11320,10800,0,0030,0001,도봉한신아파트,,표제부,공동주택,공동주택,91107.02,426.26,6957.46,19950930,17,3,서울특별시 도봉구 도봉동 30-1번지
11320,10800,0,0030,0001,도봉한신아파트,,표제부,공동주택,공동주택,91107.02,649.75,10427.35,19950930,17,3,서울특별시 도봉구 도봉동 30-1번지
11320,10800,0,0030,0001,도봉한신아파트,,표제부,공동주택,생활편익시설,2400,1353.35,10697.45,19950930,4,3,서울특별시 도봉구 도봉동 30-1번지
11320,10800,0,0044,0005,,,표제부,제2종근린생활시설,근린생활시설,283,165.61,1412.81,19960530,6,2,서울특별시 도봉구 도봉동 44-5번지
11320,10800,0,0051,0012,중흥에스-클래스 101동,,표제부,공동주택,"지하주차장,전기실,발전기실,펌프실",0,0,4820.617,20041014,0,1,서울특별시 도봉구 도봉동 51-12번지
11320,10800,0,0051,0012,중흥에스-클래스 101동,,표제부,공동주택,"관리사무소,노인정",0,115.748,115.748,20041014,1,0,서울특별시 도봉구 도봉동 51-12번지
11320,10800,0,0051,0012,중흥에스-클래스 101동,,표제부,공동주택,경비실,0,8.64,8.64,20041014,1,0,서울특별시 도봉구 도봉동 51-12번지
11320,10800,0,0051,0012,중흥에스-클래스,,표제부,공동주택,공동주택(아파트),6024.5,1632.637,19828.182,20041013,14,0,서울특별시 도봉구 도봉동 51-12번지
11320,10800,0,0058,0002,도봉2동 청소년 문화의 집,,일반건축물,수련시설,수련시설,590,275.01,1060.64,20211111,4,1,서울특별시 도봉구 도봉동 58-2번지
11320,10800,0,0058,0003,라동,,일반건축물,창고시설,창고시설,0,198.24,198.24,20000828,1,0,서울특별시 도봉구 도봉동 58-3번지
11320,10800,0,0058,0003,다동,,일반건축물,창고시설,창고시설,0,343.84,343.84,20000828,1,0,서울특별시 도봉구 도봉동 58-3번지
11320,10800,0,0058,0003,가동,,일반건축물,창고시설,창고,0,1658.98,1658.98,19770512,1,0,서울특별시 도봉구 도봉동 58-3번지
11320,10800,0,0058,0003,나동,,일반건축물,제2종근린생활시설,사무실,0,76.2,86.98,19770512,1,1,서울특별시 도봉구 도봉동 58-3번지
11320,10800,0,0058,0007,르노삼성자동차주식회사,,일반건축물,자동차관련시설,"근린생활시설,업무시설",7498,2426.12,7820.12,19990129,4,1,서울특별시 도봉구 도봉동 58-7번지
11320,10800,0,0058,0007,B동,,일반건축물,위험물저장및처리시설,위험물저장시설,0,68.25,68.25,20000817,1,0,서울특별시 도봉구 도봉동 58-7번지
11320,10800,0,0062,0001,도봉 엠블렘,,표제부,업무시설,업무시설(오피스텔) 및 근린생활시설,2473,1082.226,12364.24,20180723,13,3,서울특별시 도봉구 도봉동 62-1번지
11320,10800,0,0062,0003,도봉 투웨니퍼스트 1단지,,표제부,업무시설,"업무시설(오피스텔),제1종근린생활시설(소매점)",4244,429.78,2970.9,20170526,14,1,서울특별시 도봉구 도봉동 62-3번지
11320,10800,0,0062,0003,도봉 투웨니퍼스트 1단지,,표제부,업무시설,"업무시설(오피스텔),제1종근린생활시설(소매점)",4244,177.66,2707.3,20170526,14,1,서울특별시 도봉구 도봉동 62-3번지
11320,10800,0,0062,0003,도봉 투웨니퍼스트 1단지,,표제부,업무시설,"업무시설(오피스텔),제1종근린생활시설(소매점)",4244,164.82,2687.02,20170526,14,1,서울특별시 도봉구 도봉동 62-3번지
11320,10800,0,0062,0003,도봉 투웨니퍼스트 1단지,,표제부,업무시설,업무시설(오피스텔),4244,164.82,2568.8,20170526,14,1,서울특별시 도봉구 도봉동 62-3번지
11320,10800,0,0062,0003,도봉 투웨니퍼스트 1단지,,표제부,업무시설,"업무시설(오피스텔),제1종근린생활시설(소매점)",4244,164.82,2647.6,20170526,14,1,서울특별시 도봉구 도봉동 62-3번지
11320,10800,0,0062,0003,도봉 투웨니퍼스트 1단지,,표제부,업무시설,업무시설(오피스텔),4244,164.82,2568.8,20170526,14,1,서울특별시 도봉구 도봉동 62-3번지
11320,10800,0,0062,0004,태봉운동시설,,표제부,제1종근린생활시설,제1종근린생활시설,3795,194.52,4910.19,20100115,2,3,서울특별시 도봉구 도봉동 62-4번지
11320,10800,0,0062,0004,태봉운동시설,,표제부,제2종근린생활시설,"운동시설(제1,2종근린생활시설)",3795,1744.75,2688.75,20100115,5,1,서울특별시 도봉구 도봉동 62-4번지
11320,10800,0,0062,0040,,,표제부,노유자시설,노유자시설(노인복지시설),881,523.2,4874.64,20170502,7,2,서울특별시 도봉구 도봉동 62-40번지
11320,10800,0,0062,0043,도봉 투웨니퍼스트 2단지,,표제부,업무시설,업무시설(오피스텔),3380,173.43,2506.4,20170512,14,1,서울특별시 도봉구 도봉동 62-43번지
11320,10800,0,0062,0043,도봉 투웨니퍼스트 2단지,,표제부,업무시설,업무시설(오피스텔),3380,173.43,2506.4,20170512,14,1,서울특별시 도봉구 도봉동 62-43번지
11320,10800,0,0062,0043,도봉 투웨니퍼스트 2단지,,표제부,업무시설,업무시설(오피스텔) 및 근린생활시설,3380,173.42,2609.12,20170512,14,1,서울특별시 도봉구 도봉동 62-43번지
11320,10800,0,0062,0043,도봉 투웨니퍼스트 2단지,,표제부,업무시설,업무시설(오피스텔) 및 근린생활시설,3380,173.42,2609.12,20170512,14,1,서울특별시 도봉구 도봉동 62-43번지
11320,10800,0,0062,0043,도봉 투웨니퍼스트 2단지,,표제부,업무시설,업무시설(오피스텔),3380,173.43,2506.4,20170512,14,1,서울특별시 도봉구 도봉동 62-43번지
11320,10800,0,0063,0000,힐스테이트 도봉역 웰가,,표제부,업무시설,업무시설(오피스텔),0,0,13306.6627,20230825,20,2,서울특별시 도봉구 도봉동 63번지
11320,10800,0,0063,0000,힐스테이트 도봉역 웰가,,표제부,업무시설,업무시설(오피스텔),0,0,11536.9539,20230825,20,2,서울특별시 도봉구 도봉동 63번지
11320,10800,0,0063,0000,힐스테이트 도봉역 웰가,,표제부,제1종근린생활시설,근린생활시설,12097,6732.1732,4699.0642,20230825,1,2,서울특별시 도봉구 도봉동 63번지
11320,10800,0,0063,0000,힐스테이트 도봉역 웰가,,표제부,업무시설,업무시설(오피스텔),0,0,11849.198,20230825,20,2,서울특별시 도봉구 도봉동 63번지
11320,10800,0,0063,0000,힐스테이트 도봉역 웰가,,표제부,업무시설,업무시설(오피스텔),0,0,16263.3463,20230825,20,2,서울특별시 도봉구 도봉동 63번지
11320,10800,0,0063,0000,힐스테이트 도봉역 웰가,,표제부,제1종근린생활시설,근린생활시설,12097,0,433.3576,20230825,1,2,서울특별시 도봉구 도봉동 63번지
11320,10800,0,0065,0002,,,일반건축물,단독주택,"주택, 근린생활시설",0,35.54,35.54,19680131,1,0,서울특별시 도봉구 도봉동 65-2번지
11320,10800,0,0078,0012,기아자동차서비스도봉사업소,,일반건축물,자동차관련시설,정비공장,0,101.38,101.38,20090825,1,0,서울특별시 도봉구 도봉동 78-12번지
11320,10800,0,0078,0012,기아자동차서비스도봉사업소 도봉센터,,일반건축물,자동차관련시설,자동차관련시설(정비공장),0,1786.38,8406.46,19960805,6,1,서울특별시 도봉구 도봉동 78-12번지
11320,10800,0,0078,0012,기아자동차서비스도봉사업소,,일반건축물,자동차관련시설,정비공장,5547.2,65.25,65.25,20120413,1,0,서울특별시 도봉구 도봉동 78-12번지
11320,10800,0,0078,0012,기아자동차서비스도봉사업소,,일반건축물,자동차관련시설,"자동차관련시설(정비공장), 근린생활시설(일반음식점)",0,0,197.64,19960805,0,0,서울특별시 도봉구 도봉동 78-12번지
11320,10800,0,0079,0008,,,일반건축물,제1종근린생활시설,"근린생활시설, 교육연구시설, 실내수영장",900,492.1,2307.38,19901218,4,1,서울특별시 도봉구 도봉동 79-8번지
11320,10800,0,0081,0001,극동아파트,,표제부,공동주택,공동주택,0,0,8463.65,19911219,15,1,서울특별시 도봉구 도봉동 81-1번지
11320,10800,0,0081,0001,극동아파트,,표제부,공동주택,공동주택,0,0,12480.7,19911219,15,1,서울특별시 도봉구 도봉동 81-1번지
11320,10800,0,0081,0001,,,표제부,공동주택,"구매시설, 생활시설, 의료시설",0,0,775.5,19911219,2,1,서울특별시 도봉구 도봉동 81-1번지
11320,10800,0,0083,0000,,,표제부,공동주택,공동주택,0,0,12561.1,19901105,15,1,서울특별시 도봉구 도봉동 83번지
11320,10800,0,0083,0000,,,표제부,공동주택,공동주택,0,0,10062.17,19901105,15,1,서울특별시 도봉구 도봉동 83번지
11320,10800,0,0083,0000,,,표제부,공동주택,공동주택,0,0,7335.92,19901105,12,1,서울특별시 도봉구 도봉동 83번지
11320,10800,0,0083,0000,,,표제부,공동주택,"판매시설, 근린생활시설",0,0,612.7,19901105,2,1,서울특별시 도봉구 도봉동 83번지
11320,10800,0,0087,0000,삼환도봉상가,,표제부,제2종근린생활시설,근린생활시설,0,0,988.15,19871029,1,1,서울특별시 도봉구 도봉동 87번지
11320,10800,0,0087,0000,삼환도봉아파트,,표제부,공동주택,공동주택,0,0,21832.37,19871029,15,1,서울특별시 도봉구 도봉동 87번지
11320,10800,0,0087,0000,삼환도봉아파트,,표제부,공동주택,공동주택,0,0,19097.906,19871029,15,1,서울특별시 도봉구 도봉동 87번지
11320,10800,0,0087,0000,삼환도봉아파트,,표제부,공동주택,공동주택,0,0,13416.986,19871029,15,1,서울특별시 도봉구 도봉동 87번지
11320,10800,0,0087,0000,삼환도봉아파트,,표제부,공동주택,공동주택,0,0,13416.986,19871029,15,1,서울특별시 도봉구 도봉동 87번지
11320,10800,0,0089,0011,,,표제부,공동주택,다세대주택,310.42,158.24,658.86,19921126,4,1,서울특별시 도봉구 도봉동 89-11번지
11320,10800,0,0089,0025,,,일반건축물,단독주택,주택,0,32.23,32.23,19670803,1,0,서울특별시 도봉구 도봉동 89-25번지
11320,10800,0,0089,0106,,,일반건축물,단독주택,주택,0,35.54,35.54,19670720,1,0,서울특별시 도봉구 도봉동 89-106번지
11320,10800,0,0089,0109,,,일반건축물,단독주택,주택,79.67,39.3,173.58,19890710,4,1,서울특별시 도봉구 도봉동 89-109번지
11320,10800,0,0089,0110,,,일반건축물,단독주택,"근린생활시설, 단독주택",180.64,89.66,448.3,19891215,4,1,서울특별시 도봉구 도봉동 89-110번지
11320,10800,0,0089,0127,,,일반건축물,창고시설,창고,77.9,30,30,20090616,1,0,서울특별시 도봉구 도봉동 89-127번지
11320,10800,0,0089,0140,,,일반건축물,단독주택,단독주택,157,75.6,377.51,19930407,4,1,서울특별시 도봉구 도봉동 89-140번지
11320,10800,0,0089,0148,,,일반건축물,제2종근린생활시설,"근린생활시설, 주택",283.9,140.76,778.28,19901207,5,1,서울특별시 도봉구 도봉동 89-148번지
11320,10800,0,0089,0150,,,일반건축물,제1종근린생활시설,근린생활시설,432.72,215.5,1197.82,19890726,4,1,서울특별시 도봉구 도봉동 89-150번지
11320,10800,0,0089,0151,,,일반건축물,제1종근린생활시설,근린생활시설,153.04,76.12,480.76,19920903,6,1,서울특별시 도봉구 도봉동 89-151번지
11320,10800,0,0089,0173,,,일반건축물,제2종근린생활시설,제2종근린생활시설,23,11.48,22.96,20060525,2,0,서울특별시 도봉구 도봉동 89-173번지
11320,10800,0,0092,0000,,,일반건축물,단독주택,주택,0,275.47,275.47,19660211,1,0,서울특별시 도봉구 도봉동 92번지
11320,10800,0,0092,0000,,,일반건축물,제2종근린생활시설,사무실,0,0,183.64,19660211,1,0,서울특별시 도봉구 도봉동 92번지
11320,10800,0,0092,0000,,,일반건축물,제1종근린생활시설,변소,0,0,15.6,19660211,1,0,서울특별시 도봉구 도봉동 92번지
11320,10800,0,0092,0000,,,일반건축물,수련시설,취사장,0,0,91.8,19660211,1,0,서울특별시 도봉구 도봉동 92번지
11320,10800,0,0092,0021,,,표제부,제2종근린생활시설,"근린생활시설,도시형생활주택(단지형다세대)",558.9,323.66,1471.63,20221012,6,1,서울특별시 도봉구 도봉동 92-21번지
11320,10800,0,0092,0042,,,일반건축물,제1종근린생활시설,"제1,2종 근린생활시설",146,81.28,102.9,20100806,2,0,서울특별시 도봉구 도봉동 92-42번지
11320,10800,0,0092,0045,케이스타빌딩,,일반건축물,업무시설,"업무시설, 제1,2종근린생활시설",587.3,341.54,1536.98,20120502,4,1,서울특별시 도봉구 도봉동 92-45번지
11320,10800,0,0092,0046,도봉동 92-46,,일반건축물,제2종근린생활시설,근린생활시설,205,83.52,83.52,19850810,1,0,서울특별시 도봉구 도봉동 92-46번지
11320,10800,0,0092,0047,,,일반건축물,업무시설,"업무시설, 근린생활시설",314.2,163.3,777.05,19951128,4,1,서울특별시 도봉구 도봉동 92-47번지
11320,10800,0,0092,0048,,,일반건축물,제2종근린생활시설,제2종근린생활시설(일반음식점),0,73.02,98.08,19680401,2,0,서울특별시 도봉구 도봉동 92-48번지
11320,10800,0,0092,0049,,,일반건축물,제2종근린생활시설,제2종근린생활시설(사무소),192,121.39,121.39,19670930,1,0,서울특별시 도봉구 도봉동 92-49번지
11320,10800,0,0092,0054,,,일반건축물,단독주택,"주택, 근린생활시설",0,40.23,40.23,19850611,1,0,서울특별시 도봉구 도봉동 92-54번지
11320,10800,0,0092,0054,,,일반건축물,제1종근린생활시설,근린생활시설,0,26.45,26.45,19680415,1,0,서울특별시 도봉구 도봉동 92-54번지
11320,10800,0,0092,0054,,,일반건축물,제1종근린생활시설,근린생활시설,0,55.43,55.43,19680405,1,0,서울특별시 도봉구 도봉동 92-54번지
11320,10800,0,0092,0055,아테나빌딩,,일반건축물,제2종근린생활시설,제2종근린생활시설,417,249.3,1087.6,20120608,5,1,서울특별시 도봉구 도봉동 92-55번지
11320,10800,0,0092,0060,,,일반건축물,제2종근린생활시설,근린생활시설,0,0,28.1,19671113,1,0,서울특별시 도봉구 도봉동 92-60번지
11320,10800,0,0092,0061,,,일반건축물,단독주택,주택,0,0,28.96,19671120,1,0,서울특별시 도봉구 도봉동 92-61번지
11320,10800,0,0092,0062,,,일반건축물,제2종근린생활시설,제2종근린생활시설(사무소),0,68.1,68.1,19700620,1,0,서울특별시 도봉구 도봉동 92-62번지
11320,10800,0,0092,0063,도봉동92-63,,일반건축물,제1종근린생활시설,근린생활시설,99,29.12,29.12,19710329,1,0,서울특별시 도봉구 도봉동 92-63번지
11320,10800,0,0092,0063,도봉동92-63,,일반건축물,제2종근린생활시설,근린생활시설,99,26.45,26.45,19671210,1,0,서울특별시 도봉구 도봉동 92-63번지
11320,10800,0,0092,0064,,,일반건축물,단독주택,"주택, 근린생활시설",0,83.12,83.12,19680112,1,0,서울특별시 도봉구 도봉동 92-64번지
11320,10800,0,0092,0065,,,일반건축물,단독주택,"주택, 근린생활시설",0,41.69,41.69,19680615,1,0,서울특별시 도봉구 도봉동 92-65번지
11320,10800,0,0092,0066,,,일반건축물,제1종근린생활시설,근린생활시설,0,23.14,23.14,19690120,1,0,서울특별시 도봉구 도봉동 92-66번지
11320,10800,0,0092,0066,,,일반건축물,단독주택,주택,0,23.07,23.07,19690123,1,0,서울특별시 도봉구 도봉동 92-66번지
11320,10800,0,0092,0067,도봉동 92-67,,일반건축물,제2종근린생활시설,사무소,119,63.96,63.96,19671215,1,0,서울특별시 도봉구 도봉동 92-67번지
11320,10800,0,0092,0068,,,일반건축물,제1종근린생활시설,근린생활시설,198,98.77,422.55,19930111,3,1,서울특별시 도봉구 도봉동 92-68번지
11320,10800,0,0092,0069,,,일반건축물,제1종근린생활시설,근린생활시설,0,34.91,34.91,19680416,1,0,서울특별시 도봉구 도봉동 92-69번지
11320,10800,0,0092,0069,도봉동92-69,,일반건축물,단독주택,주택,142,29.75,29.75,19680416,1,0,서울특별시 도봉구 도봉동 92-69번지
11320,10800,0,0092,0070,도봉동92-70,,일반건축물,단독주택,주택,0,28.79,28.79,19681110,1,0,서울특별시 도봉구 도봉동 92-70번지
11320,10800,0,0092,0070,도봉동92-70,,일반건축물,제2종근린생활시설,제2종근린생활시설(사무소),109,30.72,30.72,19850806,1,0,서울특별시 도봉구 도봉동 92-70번지
11320,10800,0,0092,0071,,,일반건축물,제2종근린생활시설,제2종근린생활시설(일반음식점),112,62.89,129.6,19911230,2,1,서울특별시 도봉구 도봉동 92-71번지
11320,10800,0,0092,0072,,,일반건축물,제1종근린생활시설,근린생활시설,0,86.22,207.13,19871116,3,1,서울특별시 도봉구 도봉동 92-72번지
11320,10800,0,0092,0073,,,일반건축물,제1종근린생활시설,근린생활시설,0,50.4,50.4,19850729,1,0,서울특별시 도봉구 도봉동 92-73번지
11320,10800,0,0092,0093,,,일반건축물,제1종근린생활시설,점포,0,39.67,39.67,19621231,1,0,서울특별시 도봉구 도봉동 92-93번지
11320,10800,0,0092,0105,,,일반건축물,단독주택,다가구형단독주택(7가구),156,88.63,298.32,19970402,3,1,서울특별시 도봉구 도봉동 92-105번지
11320,10800,0,0092,0106,,,일반건축물,단독주택,단독주택,221,99.41,147.11,19680624,2,0,서울특별시 도봉구 도봉동 92-106번지
11320,10800,0,0092,0110,,,일반건축물,제1종근린생활시설,제1종근린생활시설,106,55.12,55.12,20170928,1,0,서울특별시 도봉구 도봉동 92-110번지
11320,10800,0,0131,0000,,,일반건축물,단독주택,다가구용단독주택(10가구),254.6,123.87,418.73,19941230,3,1,서울특별시 도봉구 도봉동 131번지
11320,10800,0,0136,0011,,,일반건축물,단독주택,주택,0,42.15,42.15,19690805,1,0,서울특별시 도봉구 도봉동 136-11번지
11320,10800,0,0136,0011,,,일반건축물,단독주택,주택,0,45.16,45.16,19690805,1,0,서울특별시 도봉구 도봉동 136-11번지
11320,10800,0,0136,0011,,,일반건축물,단독주택,주택,0,36.79,36.79,19700120,1,0,서울특별시 도봉구 도봉동 136-11번지
11320,10800,0,0136,0012,,,일반건축물,단독주택,주택,0,66.18,66.18,19690628,1,0,서울특별시 도봉구 도봉동 136-12번지
11320,10800,0,0136,0014,,,일반건축물,단독주택,주택,0,33.88,33.88,19690126,1,0,서울특별시 도봉구 도봉동 136-14번지
11320,10800,0,0136,0014,,,일반건축물,단독주택,주택,0,38.02,38.02,19690126,1,0,서울특별시 도봉구 도봉동 136-14번지
11320,10800,0,0169,0000,,,일반건축물,단독주택,주택,0,0,26.45,19530811,1,0,서울특별시 도봉구 도봉동 169번지
11320,10800,0,0198,0001,,,표제부,공동주택,연립주택,0,0,2235.87,19871203,3,1,서울특별시 도봉구 도봉동 198-1번지
11320,10800,0,0198,0002,,,일반건축물,단독주택,주택,0,49.84,49.84,19850727,1,0,서울특별시 도봉구 도봉동 198-2번지
11320,10800,0,0201,0001,,,일반건축물,단독주택,단독주택,327,39.05,39.05,20060622,1,0,서울특별시 도봉구 도봉동 201-1번지
11320,10800,0,0203,0002,,,일반건축물,단독주택,주택,0,57.85,57.85,,1,0,서울특별시 도봉구 도봉동 203-2번지
11320,10800,0,0203,0002,,,일반건축물,단독주택,주택,0,57.85,57.85,19680401,1,0,서울특별시 도봉구 도봉동 203-2번지
11320,10800,0,0275,0001,,,일반건축물,제2종근린생활시설,근린생활시설,1067,357.18,1364.22,19941001,3,1,서울특별시 도봉구 도봉동 275-1번지
11320,10800,0,0275,0007,,,일반건축물,제2종근린생활시설,근린생활시설,172,87.66,351.31,19931123,3,1,서울특별시 도봉구 도봉동 275-7번지
11320,10800,0,0279,0000,김근태 기념 도서관,,일반건축물,제1종근린생활시설,제1종근린생활시설(공공도서관),984,425.8,995.74,20210913,3,1,서울특별시 도봉구 도봉동 279번지
11320,10800,0,0279,0016,김근태 기념 도서관,,일반건축물,제1종근린생활시설,제1종근린생활시설(공공도서관),377,169.47,666.55,20210913,3,1,서울특별시 도봉구 도봉동 279-16번지
11320,10800,0,0280,0000,,,일반건축물,단독주택,소매점 및 다가구주택,175,103.57,258.21,20130906,3,0,서울특별시 도봉구 도봉동 280번지
11320,10800,0,0280,0001,,,일반건축물,제2종근린생활시설,근린생활시설,178,92.05,230.4,20040602,3,0,서울특별시 도봉구 도봉동 280-1번지
11320,10800,0,0280,0002,,,일반건축물,단독주택,제1종근린생활시설(단독주택),181,108.29,298.11,20120529,4,0,서울특별시 도봉구 도봉동 280-2번지
11320,10800,0,0280,0003,,,일반건축물,단독주택,제1종근린생활시설(소매점) 및 단독주택(다가구),181,105.69,278.15,20120725,3,0,서울특별시 도봉구 도봉동 280-3번지
11320,10800,0,0280,0004,,,일반건축물,제2종근린생활시설,제2종근린생활시설및단독주택,181,104.88,271,20120525,3,0,서울특별시 도봉구 도봉동 280-4번지
11320,10800,0,0280,0005,부흥빌딩,,표제부,제1종근린생활시설,제1종근린생활시설,180,98.09,259.02,20130108,3,0,서울특별시 도봉구 도봉동 280-5번지
11320,10800,0,0280,0006,,,일반건축물,제2종근린생활시설,근린생활시설,180,89.65,120.26,19811216,1,1,서울특별시 도봉구 도봉동 280-6번지
11320,10800,0,0280,0007,,,일반건축물,단독주택,단독주택 및 근린생활시설,185,108.14,268.98,20110103,3,0,서울특별시 도봉구 도봉동 280-7번지
11320,10800,0,0280,0008,,,일반건축물,단독주택,"주택, 근린생활시설",0,83.8,113.92,19820115,1,1,서울특별시 도봉구 도봉동 280-8번지
11320,10800,0,0281,0000,일호빌딩,,일반건축물,제2종근린생활시설,제2종근린생활시설,189,108.96,281.561,20170927,3,0,서울특별시 도봉구 도봉동 281번지
11320,10800,0,0281,0004,,,일반건축물,단독주택,근린생활시설 및 다가구주택,179,106.07,253.9,20171127,3,0,서울특별시 도봉구 도봉동 281-4번지
11320,10800,0,0281,0005,,,일반건축물,제2종근린생활시설,"근린생활시설, 주택",0,83.57,114.64,19820428,1,1,서울특별시 도봉구 도봉동 281-5번지
11320,10800,0,0281,0006,도봉산 원룸,,일반건축물,단독주택,다중주택,244,146.37,329.28,20101229,3,0,서울특별시 도봉구 도봉동 281-6번지
11320,10800,0,0281,0007,,,일반건축물,단독주택,단독주택,228,89.72,120.83,19820618,1,1,서울특별시 도봉구 도봉동 281-7번지
11320,10800,0,0281,0008,,,일반건축물,단독주택,주택,0,89.65,125.22,19811104,1,1,서울특별시 도봉구 도봉동 281-8번지
11320,10800,0,0281,0010,,,일반건축물,제2종근린생활시설,근린생활시설,220,131.75,421.83,20221026,3,1,서울특별시 도봉구 도봉동 281-10번지
11320,10800,0,0281,0011,,,일반건축물,단독주택,단독주택,227.948,99.98,200.4,19870508,1,1,서울특별시 도봉구 도봉동 281-11번지
11320,10800,0,0281,0012,,,일반건축물,단독주택,"단독주택, 제2종근린생활시설",244,145,362.92,20140620,3,0,서울특별시 도봉구 도봉동 281-12번지
11320,10800,0,0281,0013,,,일반건축물,제2종근린생활시설,제2종근린생활시설,189,108.75,203.85,20050310,2,0,서울특별시 도봉구 도봉동 281-13번지
11320,10800,0,0281,0014,도봉동근린생활시설,,일반건축물,제2종근린생활시설,제2종근린생활시설,183,92.25,174.05,20050303,2,0,서울특별시 도봉구 도봉동 281-14번지
11320,10800,0,0281,0015,,,일반건축물,제1종근린생활시설,근린생활시설,0,95.5,127.53,19820111,1,1,서울특별시 도봉구 도봉동 281-15번지
11320,10800,0,0282,0021,,,일반건축물,단독주택,단독주택(다중주택),167,95.27,304.06,20130828,3,1,서울특별시 도봉구 도봉동 282-21번지
11320,10800,0,0282,0023,,,일반건축물,제1종근린생활시설,근린생활시설,444,264.62,794.72,19990603,3,1,서울특별시 도봉구 도봉동 282-23번지
11320,10800,0,0282,0026,도봉산공영화장실,,일반건축물,제1종근린생활시설,공중화장실,5658,87.34,59.5,20040420,1,0,서울특별시 도봉구 도봉동 282-26번지
11320,10800,0,0282,0030,,,일반건축물,위험물저장및처리시설,위험물저장 및 처리시설,5.093,70.75,70.75,20020130,1,0,서울특별시 도봉구 도봉동 282-30번지
11320,10800,0,0282,0212,,,일반건축물,제1종근린생활시설,운수시설,1281,330,1320,19870320,2,1,서울특별시 도봉구 도봉동 282-212번지
11320,10800,0,0282,0225,,,일반건축물,제1종근린생활시설,제1종근린생활시설,182,96.87,288.64,20010731,3,0,서울특별시 도봉구 도봉동 282-225번지
11320,10800,0,0282,0252,,,일반건축물,단독주택,주택,0,99.47,132.3,19820115,1,1,서울특별시 도봉구 도봉동 282-252번지
11320,10800,0,0282,0284,,,일반건축물,단독주택,주택,0,88.4,120.53,19820923,1,1,서울특별시 도봉구 도봉동 282-284번지
11320,10800,0,0282,0286,,,일반건축물,단독주택,"주택,근린생활시설",217,93.65,125.65,19840310,1,1,서울특별시 도봉구 도봉동 282-286번지
11320,10800,0,0282,0294,,,일반건축물,제1종근린생활시설,화장실,0,6.38,6.38,19811216,1,0,서울특별시 도봉구 도봉동 282-294번지
11320,10800,0,0282,0294,,,일반건축물,제2종근린생활시설,근린생활시설 및 주택,196,113.88,184.76,19811216,2,0,서울특별시 도봉구 도봉동 282-294번지
11320,10800,0,0282,0295,,,일반건축물,제2종근린생활시설,제2종근린생활시설,196,107.78,131.13,20010713,1,1,서울특별시 도봉구 도봉동 282-295번지
11320,10800,0,0282,0296,,,일반건축물,제1종근린생활시설,"소매점, 다가구주택",217,125.72,473.67,20110617,3,1,서울특별시 도봉구 도봉동 282-296번지
11320,10800,0,0282,0297,,,일반건축물,제1종근린생활시설,제1종근린생활시설(소매점),217,129.41,468.7,20121220,3,1,서울특별시 도봉구 도봉동 282-297번지
11320,10800,0,0282,0298,,,일반건축물,제2종근린생활시설,제2종근린생활시설,196,89.29,121.06,19820621,1,1,서울특별시 도봉구 도봉동 282-298번지
11320,10800,0,0282,0299,,,일반건축물,제2종근린생활시설,"주택,근린생활시설",0,96.4,129.26,19821210,1,1,서울특별시 도봉구 도봉동 282-299번지
11320,10800,0,0282,0302,,,일반건축물,제2종근린생활시설,제2종근린생활시설,191.988,95.5,191,19870504,1,1,서울특별시 도봉구 도봉동 282-302번지
11320,10800,0,0282,0303,,,일반건축물,단독주택,제2종근린생활시설및다가구주택,192,114.77,288.24,20180521,3,0,서울특별시 도봉구 도봉동 282-303번지
11320,10800,0,0282,0304,,,일반건축물,제2종근린생활시설,제2종근린생활시설,212,119.78,317.68,20210629,3,0,서울특별시 도봉구 도봉동 282-304번지
11320,10800,0,0282,0305,,,일반건축물,제1종근린생활시설,"근린생활시설,주택",211,119.12,312.36,20110923,3,0,서울특별시 도봉구 도봉동 282-305번지
11320,10800,0,0282,0306,,,일반건축물,단독주택,주택,0,89.45,120.69,19811217,1,1,서울특별시 도봉구 도봉동 282-306번지
11320,10800,0,0282,0307,도봉동 282-307 제2종근린생활시설 (김진우),,일반건축물,제2종근린생활시설,"제2종근린생활시설,주택",192,93.39,0,19820925,1,1,서울특별시 도봉구 도봉동 282-307번지
11320,10800,0,0282,0308,,,일반건축물,단독주택,단독주택,205.92,99.65,199.3,19870520,1,1,서울특별시 도봉구 도봉동 282-308번지
11320,10800,0,0282,0309,도봉 도시형생활주택,,일반건축물,제2종근린생활시설,고시원및소매점,385,209.39,577.19,20110928,3,0,서울특별시 도봉구 도봉동 282-309번지
11320,10800,0,0282,0311,,,일반건축물,단독주택,단독주택,182,106.65,282.75,20170623,3,0,서울특별시 도봉구 도봉동 282-311번지
11320,10800,0,0282,0312,,,일반건축물,제1종근린생활시설,"주택, 근린생활시설",0,89.75,121.95,19820319,1,1,서울특별시 도봉구 도봉동 282-312번지
11320,10800,0,0282,0313,1,,일반건축물,제1종근린생활시설,제1종근린생활시설,194,96.82,129.65,19820416,1,1,서울특별시 도봉구 도봉동 282-313번지
11320,10800,0,0282,0314,스노우빌,,일반건축물,단독주택,"제1종근린생활시설,다가구주택",167,100.1,248.42,20170822,3,0,서울특별시 도봉구 도봉동 282-314번지
11320,10800,0,0282,0315,,,일반건축물,제2종근린생활시설,제2종근린생활시설(일반음식점) 및 단독주택,190,113.82,206,20120724,2,0,서울특별시 도봉구 도봉동 282-315번지
11320,10800,0,0282,0316,,,일반건축물,단독주택,근린생활시설 및 다가구주택,202,117,275.94,20180104,3,0,서울특별시 도봉구 도봉동 282-316번지
11320,10800,0,0282,0317,도봉동 282-317,,일반건축물,단독주택,제1종근생(소매점) 및 단독주택,184,109.29,204.57,20120601,2,0,서울특별시 도봉구 도봉동 282-317번지
11320,10800,0,0282,0318,.,,일반건축물,단독주택,및 제2종근린생활시설,214,87.27,120.16,19820709,1,1,서울특별시 도봉구 도봉동 282-318번지
11320,10800,0,0282,0319,,,일반건축물,단독주택,주택,0,90.84,121.98,19820115,1,1,서울특별시 도봉구 도봉동 282-319번지
11320,10800,0,0282,0320,,,일반건축물,제2종근린생활시설,제2종근린생활시설,238,99.96,132.69,19820122,1,1,서울특별시 도봉구 도봉동 282-320번지
11320,10800,0,0282,0321,,,일반건축물,단독주택,주택,0,98.18,130.15,19820123,1,1,서울특별시 도봉구 도봉동 282-321번지
11320,10800,0,0282,0322,,,일반건축물,단독주택,단독주택,166.944,82.7,165.4,19870728,1,1,서울특별시 도봉구 도봉동 282-322번지
11320,10800,0,0282,0323,,,일반건축물,제2종근린생활시설,제2종근린생활시설,378,204.4,443.36,20101126,4,0,서울특별시 도봉구 도봉동 282-323번지
11320,10800,0,0282,0325,가나빌딩,,일반건축물,단독주택,단독주택(다가구주택),202,119.19,274.13,20201223,3,0,서울특별시 도봉구 도봉동 282-325번지
11320,10800,0,0282,0326,,,일반건축물,단독주택,주택,0,89.52,120.36,19820712,1,1,서울특별시 도봉구 도봉동 282-326번지
11320,10800,0,0282,0327,대명,,일반건축물,단독주택,단독주택(다중주택 14호),189,112.32,268.97,20160928,3,0,서울특별시 도봉구 도봉동 282-327번지
11320,10800,0,0282,0328,,,일반건축물,단독주택,단독주택,196,93.69,187.38,19870305,1,1,서울특별시 도봉구 도봉동 282-328번지
11320,10800,0,0282,0329,,,일반건축물,단독주택,주택,0,85.5,117.84,19840927,1,1,서울특별시 도봉구 도봉동 282-329번지
11320,10800,0,0282,0330,,,일반건축물,단독주택,주택,0,95.93,128.59,19820320,1,1,서울특별시 도봉구 도봉동 282-330번지
11320,10800,0,0282,0331,,,일반건축물,노유자시설,보육시설,250,149.04,447.12,19970116,2,1,서울특별시 도봉구 도봉동 282-331번지
11320,10800,0,0282,0332,,,일반건축물,제1종근린생활시설,"제1종근린생활시설,주택",247,0,198.17,20040402,2,0,서울특별시 도봉구 도봉동 282-332번지
11320,10800,0,0282,0333,,,일반건축물,제2종근린생활시설,제2종근린생활시설,212,98.84,130.48,19820128,1,1,서울특별시 도봉구 도봉동 282-333번지
11320,10800,0,0282,0334,,,일반건축물,단독주택,주택,0,96.46,129.39,19820819,1,1,서울특별시 도봉구 도봉동 282-334번지
11320,10800,0,0282,0344,,,일반건축물,제2종근린생활시설,제2종근린생활시설,336,175.58,512.32,20180221,3,0,서울특별시 도봉구 도봉동 282-344번지
11320,10800,0,0286,0001,새동네주민공동이용시설,,일반건축물,제1종근린생활시설,제1종근린생활시설(마을회관)/노유자시설,672,284.09,460.8,20141203,2,0,서울특별시 도봉구 도봉동 286-1번지
11320,10800,0,0286,0002,,,일반건축물,단독주택,단독주택,303.9,99.66,206.08,19871120,1,1,서울특별시 도봉구 도봉동 286-2번지
11320,10800,0,0286,0007,코지하우스,,일반건축물,단독주택,단독주택(다중주택),171,93.96,254.25,20111223,3,0,서울특별시 도봉구 도봉동 286-7번지
11320,10800,0,0286,0013,,,일반건축물,단독주택,"단독주택(다가구주택),근린생활시설",231,138.23,345.04,20161227,3,0,서울특별시 도봉구 도봉동 286-13번지
11320,10800,0,0286,0023,,,일반건축물,제2종근린생활시설,제2종근린생활시설,219,123.2,471.21,20191028,3,1,서울특별시 도봉구 도봉동 286-23번지
11320,10800,0,0286,0024,,,일반건축물,단독주택,다가구주택및근린생활시설,193,113.77,288.02,20100722,3,0,서울특별시 도봉구 도봉동 286-24번지
11320,10800,0,0286,0025,,,일반건축물,단독주택,"주택, 근린생활시설",0,89.26,121.46,19820706,1,1,서울특별시 도봉구 도봉동 286-25번지
11320,10800,0,0286,0026,,,일반건축물,단독주택,제1종근린생활시설 및 단독주택(다가구주택),217,119.34,301.81,20190103,3,0,서울특별시 도봉구 도봉동 286-26번지
11320,10800,0,0286,0027,,,일반건축물,제2종근린생활시설,제2종근린생활시설,209,123.26,225.77,20060608,2,0,서울특별시 도봉구 도봉동 286-27번지
11320,10800,0,0286,0028,,,일반건축물,단독주택,단독주택,206,119.48,294.04,20190517,3,0,서울특별시 도봉구 도봉동 286-28번지
11320,10800,0,0286,0031,,,일반건축물,단독주택,단독주택,206,121.65,299.74,20220609,3,0,서울특별시 도봉구 도봉동 286-31번지
11320,10800,0,0286,0032,부흥주택,,일반건축물,단독주택,"제1종근린생활시설,제2종근린생활시설,단독주택",231,133.5,336.62,20120418,3,0,서울특별시 도봉구 도봉동 286-32번지
11320,10800,0,0286,0033,,,일반건축물,제1종근린생활시설,제1종근린생활시설및단독주택,197,116.02,292.41,20150820,3,0,서울특별시 도봉구 도봉동 286-33번지
11320,10800,0,0287,0002,안골경로당,,일반건축물,노유자시설,노유자시설,377,171.03,147.15,20210205,1,0,서울특별시 도봉구 도봉동 287-2번지
11320,10800,0,0287,0004,옐로우(yellow),,일반건축물,제1종근린생활시설,소매점,605,198.01,198.01,20250902,1,0,서울특별시 도봉구 도봉동 287-4번지
11320,10800,0,0287,0017,레드(red),,일반건축물,제1종근린생활시설,소매점,552,176.48,176.48,20250902,1,0,서울특별시 도봉구 도봉동 287-17번지
11320,10800,0,0288,0001,가동,,일반건축물,제2종근린생활시설,근린생활시설,0,207.93,207.93,1966,1,0,서울특별시 도봉구 도봉동 288-1번지
11320,10800,0,0288,0001,나동,,일반건축물,제2종근린생활시설,근린생활시설,0,91.91,91.91,1966,1,0,서울특별시 도봉구 도봉동 288-1번지
11320,10800,0,0288,0002,,,일반건축물,단독주택,주택,0,98.74,129.79,19831223,1,1,서울특별시 도봉구 도봉동 288-2번지
11320,10800,0,0288,0005,,,일반건축물,단독주택,단독주택,194,94.58,298.96,20131224,3,1,서울특별시 도봉구 도봉동 288-5번지
11320,10800,0,0288,0009,,,일반건축물,단독주택,주택,0,99.99,130.39,19830816,1,1,서울특별시 도봉구 도봉동 288-9번지
11320,10800,0,0288,0010,41빌딩,,일반건축물,제2종근린생활시설,제2종근린생활시설,323,190.27,613.55,20190326,3,1,서울특별시 도봉구 도봉동 288-10번지
11320,10800,0,0288,0011,,,일반건축물,단독주택,단독주택,187.9,89.31,121.98,19860806,1,1,서울특별시 도봉구 도봉동 288-11번지
11320,10800,0,0288,0012,주안,,일반건축물,제1종근린생활시설,제1종근린생활시설(소매점),247,140.62,252.45,20111220,2,0,서울특별시 도봉구 도봉동 288-12번지
11320,10800,0,0288,0013,,,일반건축물,단독주택,주택,0,85.41,118.35,19850724,1,1,서울특별시 도봉구 도봉동 288-13번지
11320,10800,0,0288,0014,,,일반건축물,단독주택,단독주택,199.858,98.04,130.29,19860526,1,1,서울특별시 도봉구 도봉동 288-14번지
11320,10800,0,0288,0019,도봉산역 광역환승센터,,일반건축물,자동차관련시설,자동차관련시설(주차장),6135,3052.57,16597.22,20130523,4,2,서울특별시 도봉구 도봉동 288-19번지
11320,10800,0,0289,0006,,,일반건축물,단독주택,단독주택,220.95,97.69,195.38,19870511,1,1,서울특별시 도봉구 도봉동 289-6번지
11320,10800,0,0289,0008,대한불교조계종연수암,,일반건축물,종교시설,종교시설,405,242.73,901.85,20111019,3,1,서울특별시 도봉구 도봉동 289-8번지
11320,10800,0,0289,0012,,,일반건축물,단독주택,"제2종근린생활시설,단독주택",0,99.39,129,19851119,1,1,서울특별시 도봉구 도봉동 289-12번지
11320,10800,0,0289,0013,,,일반건축물,단독주택,단독주택,187.987,92.99,125.24,19860526,1,1,서울특별시 도봉구 도봉동 289-13번지
11320,10800,0,0290,0000,,,일반건축물,단독주택,단독주택,225.9,97.98,195.96,19870504,1,1,서울특별시 도봉구 도봉동 290번지
11320,10800,0,0290,0003,,,일반건축물,단독주택,단독주택,232,138.57,340.99,20170711,3,0,서울특별시 도봉구 도봉동 290-3번지
11320,10800,0,0290,0004,,,일반건축물,제2종근린생활시설,"제1,2종근린생활시설,주택",231,136.12,416.39,20151118,3,1,서울특별시 도봉구 도봉동 290-4번지
11320,10800,0,0290,0005,,,일반건축물,단독주택,단독주택,229.95,99.99,199.98,19870219,1,1,서울특별시 도봉구 도봉동 290-5번지
11320,10800,0,0291,0000,,,일반건축물,단독주택,단독주택(다중주택) 및 제2종근린생활시설(사무소),205,122.955,381.925,20180713,3,1,서울특별시 도봉구 도봉동 291번지
11320,10800,0,0291,0004,,,일반건축물,단독주택,단독주택(다중주택),213,122.37,299.09,20121218,3,0,서울특별시 도봉구 도봉동 291-4번지
11320,10800,0,0291,0005,,,일반건축물,단독주택,주택,0,99.54,130.48,19820414,1,1,서울특별시 도봉구 도봉동 291-5번지
11320,10800,0,0291,0006,,,일반건축물,단독주택,단독주택,243,143.76,331.23,20190924,3,0,서울특별시 도봉구 도봉동 291-6번지
11320,10800,0,0291,0007,,,일반건축물,제2종근린생활시설,"제1,2종근린생활시설 및 단독주택",213,126.1,315.7,20180910,3,0,서울특별시 도봉구 도봉동 291-7번지
11320,10800,0,0291,0008,,,일반건축물,단독주택,제2종근린생활시설및다가구주택,204,122.36,318.73,20180822,3,0,서울특별시 도봉구 도봉동 291-8번지
11320,10800,0,0293,0002,,,일반건축물,제2종근린생활시설,제2종근린생활시설(일반음식점),308.4,89.1,99.99,,1,1,서울특별시 도봉구 도봉동 293-2번지
11320,10800,0,0293,0009,,,일반건축물,단독주택,"단독주택,제1종근린생활시설",189,110.33,281.49,20131211,3,0,서울특별시 도봉구 도봉동 293-9번지
11320,10800,0,0298,0002,다락원주유소,,일반건축물,위험물저장및처리시설,위험물저장및처리시설(주유소),1312,222,442.11,19960130,2,1,서울특별시 도봉구 도봉동 298-2번지
11320,10800,0,0298,0002,다락원주유소,,일반건축물,위험물저장및처리시설,위험물저장및처리시설(세차장),1312,39.95,39.95,20040707,1,0,서울특별시 도봉구 도봉동 298-2번지
11320,10800,0,0301,0005,도봉산역,,일반건축물,운수시설,운수시설(철도역사),22174.29,2748.03,2744.48,20160831,3,1,서울특별시 도봉구 도봉동 301-5번지
11320,10800,0,0341,0001,,,일반건축물,자동차관련시설,자동차관련시설,23313,36,0,20081006,1,0,서울특별시 도봉구 도봉동 341-1번지
11320,10800,0,0341,0001,,,일반건축물,자동차관련시설,"주차장관리실,가스충전대",23313,393,393,19971224,1,0,서울특별시 도봉구 도봉동 341-1번지
11320,10800,0,0341,0001,,,일반건축물,자동차관련시설,자동차관련시설,23313,760.76,0,20081006,2,0,서울특별시 도봉구 도봉동 341-1번지
11320,10800,0,0341,0001,,,일반건축물,자동차관련시설,자동차관련시설,23313,1527.17,2970.18,20081006,3,1,서울특별시 도봉구 도봉동 341-1번지
11320,10800,0,0341,0001,,,일반건축물,자동차관련시설,자동차관련시설,23313,12,0,20081006,1,0,서울특별시 도봉구 도봉동 341-1번지
11320,10800,0,0341,0001,,,일반건축물,자동차관련시설,자동차관련시설,23313,312.2,0,20081006,1,1,서울특별시 도봉구 도봉동 341-1번지
11320,10800,0,0342,0015,,,일반건축물,제2종근린생활시설,제2종근린생활시설,462,99,99,20211201,1,0,서울특별시 도봉구 도봉동 342-15번지
11320,10800,0,0343,0002,,,일반건축물,제2종근린생활시설,제2종근린생활시설,340,160.4,160.4,20070328,1,0,서울특별시 도봉구 도봉동 343-2번지
11320,10800,0,0343,0003,,,일반건축물,단독주택,단독주택,320,190.23,285.65,20211231,3,0,서울특별시 도봉구 도봉동 343-3번지
11320,10800,0,0343,0006,,,일반건축물,단독주택,단독주택,234,119.71,197.46,20060707,2,0,서울특별시 도봉구 도봉동 343-6번지
11320,10800,0,0346,0001,,,일반건축물,단독주택,주택,0,49.59,49.59,,1,0,서울특별시 도봉구 도봉동 346-1번지
11320,10800,0,0347,0000,,,일반건축물,단독주택,단독주택,311.8,61.91,61.91,20090417,1,0,서울특별시 도봉구 도봉동 347번지
11320,10800,0,0349,0000,,,일반건축물,단독주택,단독주택,345.36,95.08,74.01,20210708,1,0,서울특별시 도봉구 도봉동 349번지
11320,10800,0,0349,0003,,,일반건축물,단독주택,단독주택,629,125.59,119.91,20000928,1,0,서울특별시 도봉구 도봉동 349-3번지
11320,10800,0,0349,0007,,,일반건축물,단독주택,주택,0,23.14,23.14,,1,0,서울특별시 도봉구 도봉동 349-7번지
11320,10800,0,0349,0012,,,일반건축물,단독주택,주택,0,26.45,26.45,,1,0,서울특별시 도봉구 도봉동 349-12번지
11320,10800,0,0349,0022,,,일반건축물,단독주택,주택,0,0,33.06,,1,0,서울특별시 도봉구 도봉동 349-22번지
11320,10800,0,0349,0025,,,일반건축물,단독주택,단독주택,217.72,115.42,84.14,20231220,1,0,서울특별시 도봉구 도봉동 349-25번지
11320,10800,0,0350,0002,,,일반건축물,제1종근린생활시설,근린생활시설,133.1,79.05,175.1,20030220,2,1,서울특별시 도봉구 도봉동 350-2번지
11320,10800,0,0351,0002,,,표제부,공동주택,공동주택(다세대주택),344,205.69,655.83,20250108,3,1,서울특별시 도봉구 도봉동 351-2번지
11320,10800,0,0352,0002,,,일반건축물,단독주택,주택,0,52.89,52.89,19560920,1,0,서울특별시 도봉구 도봉동 352-2번지
11320,10800,0,0352,0003,고려기프트 빌딩,,일반건축물,제2종근린생활시설,"근린생활시설, 단독주택",585.86,346.06,798.52,20150909,3,0,서울특별시 도봉구 도봉동 352-3번지
11320,10800,0,0352,0004,,,일반건축물,단독주택,단독주택,203,121.71,116.21,,1,0,서울특별시 도봉구 도봉동 352-4번지
11320,10800,0,0352,0005,,,일반건축물,단독주택,단독주택,324.6,148.2,183,20040719,1,1,서울특별시 도봉구 도봉동 352-5번지
11320,10800,0,0352,0006,은혜공동체주택,,표제부,공동주택,"다세대주택, 제2종근린생활시설(교회)",514.13,306,992.45,20170704,3,1,서울특별시 도봉구 도봉동 352-6번지
11320,10800,0,0352,0007,도봉동단독주택,,일반건축물,단독주택,단독주택,329,153.29,292.38,20050318,2,1,서울특별시 도봉구 도봉동 352-7번지
11320,10800,0,0352,0009,,,일반건축물,단독주택,단독주택,274.74,150.47,148.65,1966,1,0,서울특별시 도봉구 도봉동 352-9번지
11320,10800,0,0352,0016,,,일반건축물,창고시설,창고,0,58.6,58.6,19850718,1,0,서울특별시 도봉구 도봉동 352-16번지
11320,10800,0,0352,0018,,,일반건축물,단독주택,"단독주택(1세대),근린생활시설",100,59.52,168.12,20050503,3,0,서울특별시 도봉구 도봉동 352-18번지
11320,10800,0,0352,0019,,,일반건축물,단독주택,단독주택,326.07,148.11,191.49,19851228,2,0,서울특별시 도봉구 도봉동 352-19번지
11320,10800,0,0352,0020,,,일반건축물,제2종근린생활시설,"근린생활시설,단독주택",255.5,140.21,237.19,20041111,2,0,서울특별시 도봉구 도봉동 352-20번지
11320,10800,0,0352,0026,,,일반건축물,단독주택,주택,0,29.16,29.16,19710930,1,0,서울특별시 도봉구 도봉동 352-26번지
11320,10800,0,0352,0027,,,일반건축물,단독주택,주택,0,49.75,49.75,19710925,1,0,서울특별시 도봉구 도봉동 352-27번지
11320,10800,0,0352,0028,,,일반건축물,단독주택,주택,0,51.24,51.24,19710925,1,0,서울특별시 도봉구 도봉동 352-28번지
11320,10800,0,0352,0038,,,일반건축물,제2종근린생활시설,"근린생활시설,단독주택",323.4,177.87,297.81,20030827,2,0,서울특별시 도봉구 도봉동 352-38번지
11320,10800,0,0352,0051,단아재,,일반건축물,단독주택,근린생활시설 및 단독주택(1가구),283.77,170.22,262.74,20240531,2,0,서울특별시 도봉구 도봉동 352-51번지
11320,10800,0,0354,0000,도봉구 자원순환센터,,일반건축물,분뇨.쓰레기처리시설,분뇨쓰레기처리시설,18166,131.2,11718.52,20010822,1,2,서울특별시 도봉구 도봉동 354번지
11320,10800,0,0363,0000,,,일반건축물,분뇨.쓰레기처리시설,"쓰레기집하장, 관리실, 세차장",2374,434.06,434.06,19950515,1,0,서울특별시 도봉구 도봉동 363번지
11320,10800,0,0370,0000,,,일반건축물,제1종근린생활시설,제1종근린생활시설(휴게음식점),319,161.28,231.52,20161021,2,0,서울특별시 도봉구 도봉동 370번지
11320,10800,0,0376,0000,도봉 LPG충전소,,일반건축물,위험물저장및처리시설,위험물저장및처리시설,0,14.4,14.4,20131111,1,0,서울특별시 도봉구 도봉동 376번지
11320,10800,0,0376,0000,도봉 LPG충전소,,일반건축물,위험물저장및처리시설,위험물저장및처리시설,0,14.4,14.4,20131111,1,0,서울특별시 도봉구 도봉동 376번지
11320,10800,0,0376,0000,도봉 LPG충전소,,일반건축물,위험물저장및처리시설,위험물저장및처리시설,0,364.011,478.256,20131111,2,0,서울특별시 도봉구 도봉동 376번지
11320,10800,0,0376,0000,도봉 LPG충전소,,일반건축물,위험물저장및처리시설,위험물저장및처리시설,0,135.88,135.88,20131111,1,0,서울특별시 도봉구 도봉동 376번지
11320,10800,0,0377,0000,청화 수소충전소,,일반건축물,위험물저장및처리시설,위험물저장및처리시설,3300,76.9,76.9,20231012,1,0,서울특별시 도봉구 도봉동 377번지
11320,10800,0,0377,0000,청화 수소충전소,,일반건축물,위험물저장및처리시설,위험물저장및처리시설,3300,361.72,336.64,20231012,1,0,서울특별시 도봉구 도봉동 377번지
11320,10800,0,0377,0000,청화 수소충전소,,일반건축물,위험물저장및처리시설,위험물저장및처리시설,3300,220.27,830.67,20231012,4,0,서울특별시 도봉구 도봉동 377번지
11320,10800,0,0381,0001,서울도솔학교,,일반건축물,교육연구시설,교육연구시설,0,18,18,19681130,1,0,서울특별시 도봉구 도봉동 381-1번지
11320,10800,0,0381,0001,서울도솔학교,,일반건축물,교육연구시설,교육연구시설,0,1229.19,2656.54,19681130,2,1,서울특별시 도봉구 도봉동 381-1번지
11320,10800,0,0381,0001,서울도솔학교,,일반건축물,교육연구시설,교육연구시설,0,297.72,490.95,20070323,2,0,서울특별시 도봉구 도봉동 381-1번지
11320,10800,0,0381,0001,서울도솔학교,,일반건축물,교육연구시설,교육연구시설,0,494,580.8,20010423,2,0,서울특별시 도봉구 도봉동 381-1번지
11320,10800,0,0381,0005,사회복지법인인강원,,일반건축물,노유자시설,교육연구및복지시설(보관창고),0,68.8,98.06,20060306,2,0,서울특별시 도봉구 도봉동 381-5번지
11320,10800,0,0381,0005,사회복지법인인강원,,일반건축물,노유자시설,사회복지시설,0,35.96,35.96,19990517,1,0,서울특별시 도봉구 도봉동 381-5번지
11320,10800,0,0381,0005,사회복지법인인강원,,일반건축물,노유자시설,사회복지시설,0,619.76,1727.4,19970610,3,1,서울특별시 도봉구 도봉동 381-5번지
11320,10800,0,0381,0005,사회복지법인인강원,,일반건축물,노유자시설,사회복지시설,0,235.56,449.52,20030926,2,0,서울특별시 도봉구 도봉동 381-5번지
11320,10800,0,0381,0005,사회복지법인인강원,,일반건축물,노유자시설,사회복지시설,0,83.52,167.04,19960130,2,0,서울특별시 도봉구 도봉동 381-5번지
11320,10800,0,0383,0002,,,일반건축물,노유자시설,노유자시설(노인복지시설),654,381.27,1428.55,20150909,3,1,서울특별시 도봉구 도봉동 383-2번지
11320,10800,0,0384,0006,,,일반건축물,단독주택,주택,0,49.59,49.59,19671105,1,0,서울특별시 도봉구 도봉동 384-6번지
11320,10800,0,0384,0009,,,일반건축물,제2종근린생활시설,제2종근린생활시설(일반음식점),329,172.81,231.21,20151105,3,0,서울특별시 도봉구 도봉동 384-9번지
11320,10800,0,0384,0010,,,일반건축물,제2종근린생활시설,제2종근린생활시설,329,127.5,127.5,20061002,1,0,서울특별시 도봉구 도봉동 384-10번지
11320,10800,0,0385,0001,,,일반건축물,단독주택,주택,0,60.6,60.6,19691006,1,0,서울특별시 도봉구 도봉동 385-1번지
11320,10800,0,0385,0002,,,일반건축물,단독주택,주택,0,46.28,46.28,19691006,1,0,서울특별시 도봉구 도봉동 385-2번지
11320,10800,0,0401,0000,,,일반건축물,종교시설,종교시설(사찰),2783.76,877.92,933.37,19940115,1,1,서울특별시 도봉구 도봉동 401번지
11320,10800,0,0401,0002,,,일반건축물,제1종근린생활시설,화장실,1747,131.71,138.35,20021113,2,1,서울특별시 도봉구 도봉동 401-2번지
11320,10800,0,0411,0001,,,표제부,제1종근린생활시설,근린생활시설,0,0,433.52,19870529,1,1,서울특별시 도봉구 도봉동 411-1번지
11320,10800,0,0411,0001,,,표제부,제1종근린생활시설,근린생활시설,0,0,313.88,19870529,1,0,서울특별시 도봉구 도봉동 411-1번지
11320,10800,0,0411,0001,,,표제부,제1종근린생활시설,근린생활시설,0,0,313.88,19870529,1,0,서울특별시 도봉구 도봉동 411-1번지
11320,10800,0,0411,0001,,,표제부,제1종근린생활시설,근린생활시설,0,0,321.48,19870529,1,0,서울특별시 도봉구 도봉동 411-1번지
11320,10800,0,0411,0001,,,표제부,제1종근린생활시설,근린생활시설,0,0,432.54,19870529,1,1,서울특별시 도봉구 도봉동 411-1번지
11320,10800,0,0411,0001,,,표제부,제1종근린생활시설,근린생활시설,0,0,321.48,19870529,1,0,서울특별시 도봉구 도봉동 411-1번지
11320,10800,0,0411,0001,,,표제부,제1종근린생활시설,근린생활시설,0,0,321.48,19870529,1,0,서울특별시 도봉구 도봉동 411-1번지
11320,10800,0,0421,0000,해밀마을1차,,표제부,공동주택,공동주택,946.9,240.43,979.25,20200102,4,1,서울특별시 도봉구 도봉동 421번지
11320,10800,0,0421,0000,해밀마을1차,,표제부,공동주택,공동주택,946.9,232.85,985.24,20200102,4,1,서울특별시 도봉구 도봉동 421번지
11320,10800,0,0422,0002,,,일반건축물,단독주택,주택,0,87.25,87.25,19851202,1,0,서울특별시 도봉구 도봉동 422-2번지
11320,10800,0,0422,0008,동일스위트홈타운,,표제부,공동주택,공동주택,344,166.32,458.83,20210407,4,0,서울특별시 도봉구 도봉동 422-8번지
11320,10800,0,0422,0022,동일스위트홈타운,,표제부,공동주택,공동주택,359,177.05,471.73,20210407,4,0,서울특별시 도봉구 도봉동 422-22번지
11320,10800,0,0423,0000,,,일반건축물,단독주택,주택,0,47.54,47.54,19700210,1,0,서울특별시 도봉구 도봉동 423번지
11320,10800,0,0423,0000,,,일반건축물,단독주택,주택,0,33.06,33.06,,1,0,서울특별시 도봉구 도봉동 423번지
11320,10800,0,0423,0000,,,일반건축물,단독주택,주택,0,26.45,26.45,,1,0,서울특별시 도봉구 도봉동 423번지
11320,10800,0,0425,0010,동일스위트빌 홈타운,,표제부,공동주택,다세대주택(7세대),321,155.5,425.67,20200513,4,0,서울특별시 도봉구 도봉동 425-10번지
11320,10800,0,0425,0011,,,일반건축물,단독주택,주택,0,62.51,62.51,19680301,1,0,서울특별시 도봉구 도봉동 425-11번지
11320,10800,0,0427,0010,,,일반건축물,단독주택,주택,0,43.7,43.7,19671220,1,0,서울특별시 도봉구 도봉동 427-10번지
11320,10800,0,0427,0010,,,일반건축물,단독주택,주택,0,39.31,39.31,19671019,1,0,서울특별시 도봉구 도봉동 427-10번지
11320,10800,0,0427,0010,,,일반건축물,단독주택,주택,0,36.36,36.36,19671215,1,0,서울특별시 도봉구 도봉동 427-10번지
11320,10800,0,0427,0014,,,일반건축물,제2종근린생활시설,근린생활시설,0,36.36,36.36,,1,0,서울특별시 도봉구 도봉동 427-14번지
11320,10800,0,0427,0023,,,일반건축물,단독주택,주택,0,29.75,29.75,,1,0,서울특별시 도봉구 도봉동 427-23번지
11320,10800,0,0427,0026,,,일반건축물,단독주택,주택,0,84.56,84.56,19680530,1,0,서울특별시 도봉구 도봉동 427-26번지
11320,10800,0,0427,0028,,,일반건축물,단독주택,주택,0,47.11,47.11,19680712,1,0,서울특별시 도봉구 도봉동 427-28번지
11320,10800,0,0427,0029,,,일반건축물,단독주택,주택,0,85.57,85.57,19860108,1,0,서울특별시 도봉구 도봉동 427-29번지
11320,10800,0,0427,0032,,,일반건축물,단독주택,주택,0,50.31,50.31,19690404,1,0,서울특별시 도봉구 도봉동 427-32번지
11320,10800,0,0427,0036,,,일반건축물,단독주택,주택,0,74.25,82.15,19710125,1,1,서울특별시 도봉구 도봉동 427-36번지
11320,10800,0,0427,0037,,,일반건축물,단독주택,주택,0,38.61,38.61,19680307,1,0,서울특별시 도봉구 도봉동 427-37번지
11320,10800,0,0427,0041,,,일반건축물,단독주택,주택,0,51.07,51.07,19680310,1,0,서울특별시 도봉구 도봉동 427-41번지
11320,10800,0,0427,0042,,,일반건축물,단독주택,주택,0,28.36,28.36,19710108,1,0,서울특별시 도봉구 도봉동 427-42번지
11320,10800,0,0427,0047,,,일반건축물,단독주택,주택,0,54.55,54.55,19670718,1,0,서울특별시 도봉구 도봉동 427-47번지
11320,10800,0,0427,0054,,,일반건축물,단독주택,주택,0,0,52.74,19860415,1,0,서울특별시 도봉구 도봉동 427-54번지
11320,10800,0,0427,0062,,,일반건축물,단독주택,주택,0,46.71,46.71,19680520,1,0,서울특별시 도봉구 도봉동 427-62번지
11320,10800,0,0427,0063,,,일반건축물,단독주택,주택,0,31.93,31.93,19680709,1,0,서울특별시 도봉구 도봉동 427-63번지
11320,10800,0,0427,0064,,,일반건축물,단독주택,주택,0,29.26,29.26,19680306,1,0,서울특별시 도봉구 도봉동 427-64번지
11320,10800,0,0427,0065,,,일반건축물,단독주택,주택,0,51.88,51.88,19860106,1,0,서울특별시 도봉구 도봉동 427-65번지
11320,10800,0,0427,0066,,,일반건축물,단독주택,주택,0,36.17,36.17,19671029,1,0,서울특별시 도봉구 도봉동 427-66번지
11320,10800,0,0427,0070,,,일반건축물,단독주택,주택,0,0,153.28,19850913,1,0,서울특별시 도봉구 도봉동 427-70번지
11320,10800,0,0427,0072,,,일반건축물,제1종근린생활시설,점포,0,91.8,91.8,19670829,1,0,서울특별시 도봉구 도봉동 427-72번지
11320,10800,0,0427,0073,,,일반건축물,단독주택,단독주택,252.5,101.47,199.82,19671001,1,1,서울특별시 도봉구 도봉동 427-73번지
11320,10800,0,0427,0075,,,일반건축물,단독주택,주택,122.2,66.9,119.06,19681230,2,0,서울특별시 도봉구 도봉동 427-75번지
11320,10800,0,0427,0093,,,일반건축물,단독주택,주택,176.2,81.74,81.74,19691110,1,0,서울특별시 도봉구 도봉동 427-93번지
11320,10800,0,0427,0121,무수골 A동,,표제부,공동주택,공동주택,385.95,192.85,517.7,20190125,4,0,서울특별시 도봉구 도봉동 427-121번지
11320,10800,0,0428,0001,,,일반건축물,단독주택,주택,0,0,82.91,19860808,1,0,서울특별시 도봉구 도봉동 428-1번지
11320,10800,0,0428,0008,,,일반건축물,단독주택,주택,0,61.75,61.75,19701015,1,0,서울특별시 도봉구 도봉동 428-8번지
11320,10800,0,0428,0010,,,일반건축물,단독주택,주택,0,60.36,60.36,19701218,1,0,서울특별시 도봉구 도봉동 428-10번지
11320,10800,0,0429,0001,도봉초등학교,,일반건축물,교육연구시설,교육연구시설,0,454.5,1818,19661231,4,0,서울특별시 도봉구 도봉동 429-1번지
11320,10800,0,0429,0001,도봉초등학교,,일반건축물,교육연구시설,교육연구시설,0,315,1260,19661231,4,0,서울특별시 도봉구 도봉동 429-1번지
11320,10800,0,0429,0001,도봉초등학교,,일반건축물,교육연구시설,교육연구시설,0,1224,4797,19661231,4,0,서울특별시 도봉구 도봉동 429-1번지
11320,10800,0,0429,0021,,,일반건축물,단독주택,주택,0,42.15,42.15,19680702,1,0,서울특별시 도봉구 도봉동 429-21번지
11320,10800,0,0431,0005,,,일반건축물,단독주택,단독주택,1708,0,0,19630712,1,0,서울특별시 도봉구 도봉동 431-5번지
11320,10800,0,0431,0008,,,일반건축물,단독주택,단독주택,276,137.66,320.08,20190828,3,0,서울특별시 도봉구 도봉동 431-8번지
11320,10800,0,0431,0011,,.,일반건축물,단독주택,주택,0,33.06,33.06,,1,0,서울특별시 도봉구 도봉동 431-11번지
11320,10800,0,0431,0021,,,일반건축물,단독주택,주택,0,92.84,92.84,19681125,1,0,서울특별시 도봉구 도봉동 431-21번지
11320,10800,0,0431,0023,,,일반건축물,단독주택,주택,0,61.75,61.75,19671010,1,0,서울특별시 도봉구 도봉동 431-23번지
11320,10800,0,0431,0024,파라다이스,,일반건축물,단독주택,단독주택,113,56.37,143.1,20241224,4,0,서울특별시 도봉구 도봉동 431-24번지
11320,10800,0,0431,0032,,,일반건축물,단독주택,주택,0,57.29,57.29,19701101,1,0,서울특별시 도봉구 도봉동 431-32번지
11320,10800,0,0431,0033,,,일반건축물,단독주택,주택,0,42.44,42.44,19860217,1,0,서울특별시 도봉구 도봉동 431-33번지
11320,10800,0,0431,0034,,,일반건축물,단독주택,주택,0,0,49.19,19860612,1,0,서울특별시 도봉구 도봉동 431-34번지
11320,10800,0,0431,0036,,,일반건축물,단독주택,단독주택,155,83.07,159.33,20200828,2,0,서울특별시 도봉구 도봉동 431-36번지
11320,10800,0,0431,0039,,,일반건축물,단독주택,주택,0,34.71,34.71,19691230,1,0,서울특별시 도봉구 도봉동 431-39번지
11320,10800,0,0431,0040,,,일반건축물,단독주택,주택,0,35.63,35.63,19860217,1,0,서울특별시 도봉구 도봉동 431-40번지
11320,10800,0,0431,0041,,,일반건축물,단독주택,단독주택,56,30.71,30.71,19691230,1,0,서울특별시 도봉구 도봉동 431-41번지
11320,10800,0,0431,0043,,,일반건축물,단독주택,주택,66,35.21,35.21,19691230,1,0,서울특별시 도봉구 도봉동 431-43번지
11320,10800,0,0431,0049,,,일반건축물,단독주택,주택,0,43.7,43.7,19690811,1,0,서울특별시 도봉구 도봉동 431-49번지
11320,10800,0,0431,0051,,,일반건축물,단독주택,주택,0,0,35.87,19710810,1,0,서울특별시 도봉구 도봉동 431-51번지
11320,10800,0,0431,0052,,,일반건축물,단독주택,"주택, 창고",0,0,111.16,19860630,1,0,서울특별시 도봉구 도봉동 431-52번지
11320,10800,0,0431,0086,힐링하우스,,표제부,공동주택,다세대주택,364,174.55,404.49,20210728,3,0,서울특별시 도봉구 도봉동 431-86번지
11320,10800,0,0431,0097,현화주택,,일반건축물,단독주택,단독주택,229,113.96,269.5,20190829,3,0,서울특별시 도봉구 도봉동 431-97번지
11320,10800,0,0432,0000,,,일반건축물,단독주택,주택,0,26.45,26.45,,1,0,서울특별시 도봉구 도봉동 432번지
11320,10800,0,0432,0001,노블타운하우스,,표제부,공동주택,다세대주택,0,179.28,521.34,20190122,4,0,서울특별시 도봉구 도봉동 432-1번지
11320,10800,0,0432,0001,노블타운하우스,,표제부,공동주택,다세대주택,0,194.73,499.07,20190122,4,0,서울특별시 도봉구 도봉동 432-1번지
11320,10800,0,0433,0000,,,일반건축물,단독주택,주택,0,52.13,52.13,19680418,1,0,서울특별시 도봉구 도봉동 433번지
11320,10800,0,0433,0002,,,일반건축물,단독주택,주택,0,115.98,115.98,19860217,1,0,서울특별시 도봉구 도봉동 433-2번지
11320,10800,0,0433,0003,,,일반건축물,단독주택,주택,0,73,85.71,19850726,1,1,서울특별시 도봉구 도봉동 433-3번지
11320,10800,0,0434,0000,,,일반건축물,단독주택,주택,0,39.17,39.17,19710730,1,0,서울특별시 도봉구 도봉동 434번지
11320,10800,0,0434,0000,,3,일반건축물,단독주택,주택,0,72.72,72.72,,1,0,서울특별시 도봉구 도봉동 434번지
11320,10800,0,0434,0002,,,일반건축물,단독주택,주택,0,36.36,36.36,,1,0,서울특별시 도봉구 도봉동 434-2번지
11320,10800,0,0435,0001,,,일반건축물,단독주택,주택,0,50.41,50.41,19680520,1,0,서울특별시 도봉구 도봉동 435-1번지
11320,10800,0,0435,0005,,,일반건축물,단독주택,주택,0,50.41,50.41,19680520,1,0,서울특별시 도봉구 도봉동 435-5번지
11320,10800,0,0435,0006,,,일반건축물,단독주택,주택,0,50.41,50.41,19680520,1,0,서울특별시 도봉구 도봉동 435-6번지
11320,10800,0,0435,0007,,,일반건축물,단독주택,단독주택,185.97,99.97,194.3,19680520,1,1,서울특별시 도봉구 도봉동 435-7번지
11320,10800,0,0435,0008,,,일반건축물,단독주택,주택,0,50.41,50.41,19680520,1,0,서울특별시 도봉구 도봉동 435-8번지
11320,10800,0,0435,0009,,,일반건축물,단독주택,주택,0,60.23,60.23,19680520,1,0,서울특별시 도봉구 도봉동 435-9번지
11320,10800,0,0435,0010,,,일반건축물,단독주택,주택,0,50.41,50.41,19680520,1,0,서울특별시 도봉구 도봉동 435-10번지
11320,10800,0,0435,0011,,,일반건축물,단독주택,주택,0,50.41,50.41,19680520,1,0,서울특별시 도봉구 도봉동 435-11번지
11320,10800,0,0435,0014,,,일반건축물,단독주택,단독주택,168.39,82.83,195.71,20201229,3,0,서울특별시 도봉구 도봉동 435-14번지
11320,10800,0,0435,0015,,,일반건축물,단독주택,주택,0,50.41,50.41,19680520,1,0,서울특별시 도봉구 도봉동 435-15번지
11320,10800,0,0435,0016,,,일반건축물,단독주택,단독주택,404,75.61,75.61,19680520,1,0,서울특별시 도봉구 도봉동 435-16번지
11320,10800,0,0435,0018,,,일반건축물,제1종근린생활시설,제1종근린생활시설,0,50.41,50.41,19680520,1,0,서울특별시 도봉구 도봉동 435-18번지
11320,10800,0,0435,0019,,,일반건축물,단독주택,주택,0,83.46,83.46,19680520,1,0,서울특별시 도봉구 도봉동 435-19번지
11320,10800,0,0435,0020,,,일반건축물,단독주택,주택,0,50.41,50.41,19680520,1,0,서울특별시 도봉구 도봉동 435-20번지
11320,10800,0,0435,0021,,,일반건축물,단독주택,주택,0,50.41,50.41,19680520,1,0,서울특별시 도봉구 도봉동 435-21번지
11320,10800,0,0435,0027,,,일반건축물,단독주택,주택,0,50.41,50.41,19680520,1,0,서울특별시 도봉구 도봉동 435-27번지
11320,10800,0,0435,0028,,,일반건축물,단독주택,주택,0,50.41,50.41,19680520,1,0,서울특별시 도봉구 도봉동 435-28번지
11320,10800,0,0435,0029,,,일반건축물,단독주택,주택,0,50.41,50.41,19680520,1,0,서울특별시 도봉구 도봉동 435-29번지
11320,10800,0,0435,0030,,,일반건축물,단독주택,주택,0,50.41,50.41,19680520,1,0,서울특별시 도봉구 도봉동 435-30번지
11320,10800,0,0435,0031,,,일반건축물,단독주택,주택,0,50.41,50.41,19680520,1,0,서울특별시 도봉구 도봉동 435-31번지
11320,10800,0,0435,0032,,,일반건축물,단독주택,주택,0,50.41,50.41,19680520,1,0,서울특별시 도봉구 도봉동 435-32번지
11320,10800,0,0435,0033,,,일반건축물,단독주택,주택,0,50.41,50.41,19680520,1,0,서울특별시 도봉구 도봉동 435-33번지
11320,10800,0,0435,0050,,,일반건축물,제2종근린생활시설,일반음식점,93,39.24,39.24,19691220,1,0,서울특별시 도봉구 도봉동 435-50번지
11320,10800,0,0435,0052,,,일반건축물,단독주택,단독주택,149.25,83.24,83.24,20051215,1,0,서울특별시 도봉구 도봉동 435-52번지
11320,10800,0,0435,0059,,,일반건축물,단독주택,주택,0,42.15,42.15,19691220,1,0,서울특별시 도봉구 도봉동 435-59번지
11320,10800,0,0435,0063,,,일반건축물,단독주택,주택,0,47.97,47.97,19691220,1,0,서울특별시 도봉구 도봉동 435-63번지
11320,10800,0,0435,0064,,,일반건축물,제1종근린생활시설,제1종근린생활시설(소매점),89,47.97,47.97,19691220,1,0,서울특별시 도봉구 도봉동 435-64번지
11320,10800,0,0436,0000,,,일반건축물,단독주택,단독주택,213.74,79.91,132.06,20190927,2,0,서울특별시 도봉구 도봉동 436번지
11320,10800,0,0437,0001,안녕공동체주택,,표제부,공동주택,공동주택(다세대주택),341,169.18,461.91,20230413,4,0,서울특별시 도봉구 도봉동 437-1번지
11320,10800,0,0437,0002,,,일반건축물,단독주택,주택,0,49.92,49.92,19630803,1,0,서울특별시 도봉구 도봉동 437-2번지
11320,10800,0,0437,0003,해밀마을 2차,,표제부,공동주택,공동주택,538,11.66,11.66,20250124,1,0,서울특별시 도봉구 도봉동 437-3번지
11320,10800,0,0437,0003,해밀마을 2차,,표제부,공동주택,공동주택,538,242.43,1027.89,20250124,4,1,서울특별시 도봉구 도봉동 437-3번지
11320,10800,0,0437,0006,,,일반건축물,단독주택,주택,0,30.32,30.32,19860217,1,0,서울특별시 도봉구 도봉동 437-6번지
11320,10800,0,0437,0008,,,일반건축물,단독주택,주택,0,48.83,48.83,19610512,1,0,서울특별시 도봉구 도봉동 437-8번지
11320,10800,0,0437,0010,,,일반건축물,단독주택,주택,0,56.52,56.52,19851113,1,0,서울특별시 도봉구 도봉동 437-10번지
11320,10800,0,0437,0011,,.,일반건축물,단독주택,주택,0,58.08,58.08,19681230,1,0,서울특별시 도봉구 도봉동 437-11번지
11320,10800,0,0437,0012,,,일반건축물,단독주택,주택,0,48.66,48.66,1966,1,0,서울특별시 도봉구 도봉동 437-12번지
11320,10800,0,0437,0013,,,일반건축물,단독주택,주택,0,70.17,70.17,19860630,1,0,서울특별시 도봉구 도봉동 437-13번지
11320,10800,0,0437,0014,,,일반건축물,단독주택,주택,0,64.34,64.34,19860219,1,0,서울특별시 도봉구 도봉동 437-14번지
11320,10800,0,0437,0018,해밀마을 2차,,표제부,공동주택,공동주택,1037,238.99,1020.19,20250124,4,1,서울특별시 도봉구 도봉동 437-18번지
11320,10800,0,0437,0018,해밀마을 2차,,표제부,공동주택,공동주택,1037,233.58,1012.42,20250124,4,1,서울특별시 도봉구 도봉동 437-18번지
11320,10800,0,0437,0019,해밀마을 2차,,표제부,공동주택,공동주택,520,238.99,1020.04,20250124,4,1,서울특별시 도봉구 도봉동 437-19번지
11320,10800,0,0441,0002,,,일반건축물,단독주택,주택,0,0,41.32,19680728,1,0,서울특별시 도봉구 도봉동 441-2번지
11320,10800,0,0445,0001,,,일반건축물,단독주택,단독주택,602,140.52,198.36,19971205,2,0,서울특별시 도봉구 도봉동 445-1번지
11320,10800,0,0447,0004,,,일반건축물,단독주택,단독주택,101.28,53.04,64.26,20110708,2,0,서울특별시 도봉구 도봉동 447-4번지
11320,10800,0,0449,0003,,,일반건축물,단독주택,다가구용단독주택(5),104.27,62.44,183.72,19930602,2,1,서울특별시 도봉구 도봉동 449-3번지
11320,10800,0,0451,0000,,,일반건축물,단독주택,주택,0,26.45,26.45,19530721,1,0,서울특별시 도봉구 도봉동 451번지
11320,10800,0,0454,0013,,,일반건축물,제2종근린생활시설,근린생활시설,474,250.85,604.17,19931204,3,1,서울특별시 도봉구 도봉동 454-13번지
11320,10800,0,0454,0014,구립약수경로당,,일반건축물,노유자시설,노유자시설,119,71.11,140.14,20040312,2,0,서울특별시 도봉구 도봉동 454-14번지
11320,10800,0,0467,0003,무수골녹색복지센터 A동,,일반건축물,제1종근린생활시설,제1종근린생활시설(주민공동이용시설),7334,500.01,500.01,20231220,1,0,서울특별시 도봉구 도봉동 467-3번지
11320,10800,0,0467,0003,무수골녹색복지센터 B동,,일반건축물,제1종근린생활시설,제1종근린생활시설(주민공동이용시설),7334,327,327,20231220,1,0,서울특별시 도봉구 도봉동 467-3번지
11320,10800,0,0469,0010,무수골야영장,,일반건축물,야영장시설,야영장시설,1736,172.56,161.94,20210903,1,0,서울특별시 도봉구 도봉동 469-10번지
11320,10800,0,0470,0003,,,일반건축물,제2종근린생활시설,제2종근린생활시설,1674,0,108,20120629,3,0,서울특별시 도봉구 도봉동 470-3번지
11320,10800,0,0470,0003,,,일반건축물,제2종근린생활시설,제2종근린생활시설(일반음식점),1674,0,367.85,20120314,2,0,서울특별시 도봉구 도봉동 470-3번지
11320,10800,0,0470,0005,천우네오젠2차,,표제부,공동주택,공동주택(연립주택),1493,398.04,1658.02,20221115,4,1,서울특별시 도봉구 도봉동 470-5번지
11320,10800,0,0470,0005,천우네오젠2차,,표제부,공동주택,공동주택(연립주택),1493,287.29,1198.95,20221115,4,1,서울특별시 도봉구 도봉동 470-5번지
11320,10800,0,0470,0032,천우네오젠,,표제부,공동주택,공동주택(연립주택),622,305.66,827.05,20210608,4,0,서울특별시 도봉구 도봉동 470-32번지
11320,10800,0,0475,0000,,,일반건축물,단독주택,단독주택,535,128.45,199.81,19980825,2,0,서울특별시 도봉구 도봉동 475번지
11320,10800,0,0475,0002,,,일반건축물,단독주택,단독주택,410,187.07,197.67,20141006,3,0,서울특별시 도봉구 도봉동 475-2번지
11320,10800,0,0475,0003,,,일반건축물,단독주택,단독주택,169,99.64,203.96,20211014,3,0,서울특별시 도봉구 도봉동 475-3번지
11320,10800,0,0480,0000,,,일반건축물,단독주택,주택,0,0,33.06,19380320,1,0,서울특별시 도봉구 도봉동 480번지
11320,10800,0,0480,0000,1,,일반건축물,단독주택,단독주택,268.3,110.76,110.76,20071025,1,0,서울특별시 도봉구 도봉동 480번지
11320,10800,0,0480,0000,,,일반건축물,단독주택,주택,0,76.03,76.03,19480417,1,0,서울특별시 도봉구 도봉동 480번지
11320,10800,0,0483,0001,,,일반건축물,단독주택,주택,0,26.45,26.45,19380314,1,0,서울특별시 도봉구 도봉동 483-1번지
11320,10800,0,0483,0001,,,일반건축물,단독주택,주택,0,38.02,38.02,19561018,1,0,서울특별시 도봉구 도봉동 483-1번지
11320,10800,0,0483,0001,,,일반건축물,단독주택,주택,0,33.06,33.06,19440507,1,0,서울특별시 도봉구 도봉동 483-1번지
11320,10800,0,0483,0002,,,일반건축물,단독주택,단독주택,296.95,131.76,131.76,19240319,1,0,서울특별시 도봉구 도봉동 483-2번지
11320,10800,0,0488,0000,,,일반건축물,단독주택,단독주택,329,136.11,222.3,20060808,2,0,서울특별시 도봉구 도봉동 488번지
11320,10800,0,0494,0002,도봉동 494-2 단독주택 (대한불교대승종도봉사),,일반건축물,단독주택,주차장,754,102.6,0,20140702,1,0,서울특별시 도봉구 도봉동 494-2번지
11320,10800,0,0494,0002,도봉동 494-2 단독주택 (대한불교대승종도봉사),,일반건축물,단독주택,단독주택,754,217.08,196.14,20140702,1,1,서울특별시 도봉구 도봉동 494-2번지
11320,10800,0,0501,0000,,,일반건축물,종교시설,종교시설(사무실및휴게실),0,85.5,85.5,20070802,1,0,서울특별시 도봉구 도봉동 501번지
11320,10800,0,0501,0000,,,일반건축물,종교시설,종교시설(요사체),0,180.18,380.16,20070802,1,1,서울특별시 도봉구 도봉동 501번지
11320,10800,0,0501,0000,,,일반건축물,종교시설,종교시설(용화전),0,235.44,235.44,20070802,1,0,서울특별시 도봉구 도봉동 501번지
11320,10800,0,0501,0000,,,일반건축물,종교시설,종교시설(화장실),0,0,9.26,20070802,1,0,서울특별시 도봉구 도봉동 501번지
11320,10800,0,0501,0000,,,일반건축물,종교시설,종교시설(종각),0,17.28,17.28,20070802,1,0,서울특별시 도봉구 도봉동 501번지
11320,10800,0,0501,0000,,,일반건축물,종교시설,종교시설(수위실),0,0,7.51,20070802,1,0,서울특별시 도봉구 도봉동 501번지
11320,10800,0,0517,0015,,,일반건축물,제2종근린생활시설,사찰,0,220.17,220.17,1966,1,0,서울특별시 도봉구 도봉동 517-15번지
11320,10800,0,0529,0000,,,일반건축물,단독주택,단독주택,399,89.95,89.95,,1,0,서울특별시 도봉구 도봉동 529번지
11320,10800,0,0531,0000,,,일반건축물,단독주택,주택,0,26.45,26.45,,1,0,서울특별시 도봉구 도봉동 531번지
11320,10800,0,0534,0000,,,일반건축물,단독주택,주택,0,66.12,66.12,,1,0,서울특별시 도봉구 도봉동 534번지
11320,10800,0,0537,0000,,,일반건축물,단독주택,주택,0,82.65,82.65,,1,0,서울특별시 도봉구 도봉동 537번지
11320,10800,0,0545,0000,,,일반건축물,단독주택,주택,0,23.14,23.14,,1,0,서울특별시 도봉구 도봉동 545번지
11320,10800,0,0553,0000,,,표제부,제1종근린생활시설,근린생활시설,465.1,278.76,932.34,19861208,4,1,서울특별시 도봉구 도봉동 553번지
11320,10800,0,0554,0000,,,일반건축물,제1종근린생활시설,근린생활시설,0,252.83,897.39,19810723,2,1,서울특별시 도봉구 도봉동 554번지
11320,10800,0,0554,0003,,,일반건축물,제1종근린생활시설,근린생활시설,129.5,94.18,339.47,19810529,3,1,서울특별시 도봉구 도봉동 554-3번지
11320,10800,0,0554,0004,,,일반건축물,단독주택,단독주택,133.3,66.45,207.35,19910306,2,1,서울특별시 도봉구 도봉동 554-4번지
11320,10800,0,0554,0006,,,일반건축물,단독주택,단독주택(다중주택),151,89.3,216,20080321,3,0,서울특별시 도봉구 도봉동 554-6번지
11320,10800,0,0554,0007,,,일반건축물,단독주택,"근린생활시설, 다가구용단독주택(4가구)",150.5,89.84,299.52,19930924,3,1,서울특별시 도봉구 도봉동 554-7번지
11320,10800,0,0554,0008,,,일반건축물,단독주택,"근린생활시설, 다가구용단독주택(4가구)",142,85.3,299.8,19940504,3,1,서울특별시 도봉구 도봉동 554-8번지
11320,10800,0,0554,0009,,,일반건축물,단독주택,주택,0,64.86,79.24,19780629,1,1,서울특별시 도봉구 도봉동 554-9번지
11320,10800,0,0554,0010,,,일반건축물,단독주택,다가구용단독주택,127.5,70.84,177.12,19940105,2,1,서울특별시 도봉구 도봉동 554-10번지
11320,10800,0,0554,0012,,,일반건축물,단독주택,"주택, 근린생활시설",130.5,65.16,195.48,19900706,2,1,서울특별시 도봉구 도봉동 554-12번지
11320,10800,0,0554,0013,,,일반건축물,단독주택,단독주택,122.4,71.42,193.78,19910620,2,1,서울특별시 도봉구 도봉동 554-13번지
11320,10800,0,0554,0014,,,일반건축물,제1종근린생활시설,제1종근린생활시설,251.5,149.51,486.65,20220314,3,1,서울특별시 도봉구 도봉동 554-14번지
11320,10800,0,0554,0016,호정프라자,,표제부,공동주택,"근린생활시설, 연립주택(14)",595.1,344.35,2289.14,19950628,5,2,서울특별시 도봉구 도봉동 554-16번지
11320,10800,0,0554,0017,,,표제부,공동주택,공동주택(다세대주택),196.3,87.15,249.24,19860816,2,1,서울특별시 도봉구 도봉동 554-17번지
11320,10800,0,0554,0018,,,일반건축물,제1종근린생활시설,"근린생활시설, 주택",168.5,83.37,351.68,19890928,3,1,서울특별시 도봉구 도봉동 554-18번지
11320,10800,0,0554,0019,도봉동 554-19 (김익현),,일반건축물,단독주택,주택,190.3,82.28,225.36,19830930,2,1,서울특별시 도봉구 도봉동 554-19번지
11320,10800,0,0554,0020,,,일반건축물,제2종근린생활시설,"제2종근린생활시설,단독주택",317.9,186.4,541.89,20040409,4,0,서울특별시 도봉구 도봉동 554-20번지
11320,10800,0,0554,0021,,,표제부,공동주택,다세대주택,330.3,154.61,658.35,19930901,4,1,서울특별시 도봉구 도봉동 554-21번지
11320,10800,0,0554,0022,,,일반건축물,단독주택,단독주택,235.4,140.77,519.38,19981104,3,1,서울특별시 도봉구 도봉동 554-22번지
11320,10800,0,0554,0023,,,일반건축물,단독주택,다가구용단독주택,336.5,185.13,541.6,19970801,3,1,서울특별시 도봉구 도봉동 554-23번지
11320,10800,0,0554,0024,동훈빌라,,표제부,공동주택,공동(다세대)주택,265.6,151.74,657.54,20020125,4,1,서울특별시 도봉구 도봉동 554-24번지
11320,10800,0,0554,0026,,,표제부,공동주택,다세대주택,205.13,120,517.74,19970802,4,1,서울특별시 도봉구 도봉동 554-26번지
11320,10800,0,0554,0027,,,일반건축물,단독주택,주택,0,131.79,356.79,19831012,2,1,서울특별시 도봉구 도봉동 554-27번지
11320,10800,0,0554,0028,,,일반건축물,제2종근린생활시설,제2종근린생활시설,108.1,64.71,156.89,20101102,3,0,서울특별시 도봉구 도봉동 554-28번지
11320,10800,0,0554,0030,,,표제부,공동주택,다세대주택,388.98,155.93,653.67,19941222,4,1,서울특별시 도봉구 도봉동 554-30번지
11320,10800,0,0554,0031,청기와빌라B동,,표제부,공동주택,다세대주택,290,159.3,675.36,19941222,4,1,서울특별시 도봉구 도봉동 554-31번지
11320,10800,0,0555,0000,서울가든아파트,,표제부,공동주택,공동주택,0,0,9343.72,19870718,12,1,서울특별시 도봉구 도봉동 555번지
11320,10800,0,0555,0000,서울가든아파트지층,,표제부,제1종근린생활시설,근린생활시설,0,0,336,19870718,0,1,서울특별시 도봉구 도봉동 555번지
11320,10800,0,0555,0000,서울가든아파트,,표제부,공동주택,공동주택,0,0,14321.63,19870718,12,1,서울특별시 도봉구 도봉동 555번지
11320,10800,0,0555,0000,서울가든아파트,,표제부,공동주택,공동주택,0,0,10504.81,19870718,12,1,서울특별시 도봉구 도봉동 555번지
11320,10800,0,0556,0000,도봉고등학교,,일반건축물,교육연구시설,교육연구및복지시설(학교),13008,3189.03,12926.6,20040225,5,1,서울특별시 도봉구 도봉동 556번지
11320,10800,0,0556,0015,,,표제부,공동주택,다세대주택,185.9,111.28,479.04,19950626,4,1,서울특별시 도봉구 도봉동 556-15번지
11320,10800,0,0556,0016,,,일반건축물,제1종근린생활시설,주택,0,84.76,131.93,19781215,1,1,서울특별시 도봉구 도봉동 556-16번지
11320,10800,0,0556,0017,,,일반건축물,단독주택,"주택, 근린생활시설",192.9,112.18,494.53,19951028,4,1,서울특별시 도봉구 도봉동 556-17번지
11320,10800,0,0556,0018,,,표제부,공동주택,공동주택(아파트),635.3,335.21,1993.45,20040406,5,1,서울특별시 도봉구 도봉동 556-18번지
11320,10800,0,0556,0019,,,일반건축물,제2종근린생활시설,"근린생활시설, 사무실",0,124.16,372.48,19801007,2,1,서울특별시 도봉구 도봉동 556-19번지
11320,10800,0,0556,0020,,,일반건축물,단독주택,"주택, 근린생활시설",200.3,101.58,375.94,19820716,3,1,서울특별시 도봉구 도봉동 556-20번지
11320,10800,0,0556,0021,,,일반건축물,제1종근린생활시설,"근린생활시설, 주택",129.8,64.4,286.5,19901206,3,1,서울특별시 도봉구 도봉동 556-21번지
11320,10800,0,0556,0022,월튼하우스,,표제부,공동주택,다세대주택,317.4,189.86,597.07,20131127,5,0,서울특별시 도봉구 도봉동 556-22번지
11320,10800,0,0556,0024,,,일반건축물,단독주택,단독주택 다가구주택,157.5,82.83,82.83,19730814,1,0,서울특별시 도봉구 도봉동 556-24번지
11320,10800,0,0556,0025,,,일반건축물,단독주택,주택,0,58.45,78.05,19781222,1,1,서울특별시 도봉구 도봉동 556-25번지
11320,10800,0,0556,0026,,,일반건축물,단독주택,주택,0,53.82,74.88,19781211,1,1,서울특별시 도봉구 도봉동 556-26번지
11320,10800,0,0556,0029,,,일반건축물,제2종근린생활시설,"근린생활시설,주택",184,94.71,137.72,19781207,1,1,서울특별시 도봉구 도봉동 556-29번지
11320,10800,0,0556,0030,렉스하우스,,표제부,공동주택,"다세대주택,제2종근린생활시설",203.6,122.05,352.41,20090204,4,0,서울특별시 도봉구 도봉동 556-30번지
11320,10800,0,0556,0039,다인파시빌,,표제부,공동주택,공동주택(다세대주택),177.8,106,518.02,20040416,4,1,서울특별시 도봉구 도봉동 556-39번지
11320,10800,0,0556,0040,,,일반건축물,단독주택,단독주택(다가구주택),176.8,94.06,143.5,20170628,3,0,서울특별시 도봉구 도봉동 556-40번지
11320,10800,0,0556,0041,소망그랑빌,,표제부,공동주택,공동주택,134.2,79.68,281.91,20080821,5,0,서울특별시 도봉구 도봉동 556-41번지
11320,10800,0,0556,0042,동일맨션,,표제부,공동주택,공동주택(다세대주택),259.7,155.5,519.2,20150821,5,0,서울특별시 도봉구 도봉동 556-42번지
11320,10800,0,0556,0044,,,일반건축물,단독주택,주택,0,63.45,190.35,19840620,2,1,서울특별시 도봉구 도봉동 556-44번지
11320,10800,0,0556,0045,,,일반건축물,단독주택,단독주택(3가구),103.2,61.8,179.86,20030602,4,0,서울특별시 도봉구 도봉동 556-45번지
11320,10800,0,0556,0046,,,일반건축물,단독주택,"주택, 점포",0,52.53,73.39,19771012,1,1,서울특별시 도봉구 도봉동 556-46번지
11320,10800,0,0556,0047,현대그랑빌,,표제부,공동주택,"근린생활시설, 다세대주택",278.7,159,802.68,20020627,5,1,서울특별시 도봉구 도봉동 556-47번지
11320,10800,0,0556,0076,,,일반건축물,단독주택,주택,0,94.31,175.1,19790918,1,1,서울특별시 도봉구 도봉동 556-76번지
11320,10800,0,0556,0077,,,일반건축물,단독주택,단독주택,172.6,103,322.9,19980707,3,1,서울특별시 도봉구 도봉동 556-77번지
11320,10800,0,0556,0078,,,일반건축물,단독주택,단독주택,172.6,103.34,178.5,20070620,2,0,서울특별시 도봉구 도봉동 556-78번지
11320,10800,0,0556,0079,,,일반건축물,단독주택,다가구용단독주택(5가구),182.1,109.24,320.39,19931230,2,1,서울특별시 도봉구 도봉동 556-79번지
11320,10800,0,0556,0080,,,표제부,공동주택,다세대,237,137.98,640.54,20010810,4,1,서울특별시 도봉구 도봉동 556-80번지
11320,10800,0,0556,0081,동일빌라트,,표제부,공동주택,다세대주택,170.5,101.52,493.82,20010726,4,1,서울특별시 도봉구 도봉동 556-81번지
11320,10800,0,0556,0082,,,표제부,공동주택,다세대주택,185,111.45,553.75,20000620,4,1,서울특별시 도봉구 도봉동 556-82번지
11320,10800,0,0556,0083,,,일반건축물,단독주택,"근린생활시설, 주택",169.9,101.16,477.72,19970723,4,1,서울특별시 도봉구 도봉동 556-83번지
11320,10800,0,0556,0084,,,일반건축물,제1종근린생활시설,근린생활시설,0,114.64,466.37,19880719,3,1,서울특별시 도봉구 도봉동 556-84번지
11320,10800,0,0556,0086,,,일반건축물,단독주택,주택,0,82.17,174.24,19830929,2,1,서울특별시 도봉구 도봉동 556-86번지
11320,10800,0,0556,0087,,,일반건축물,단독주택,주택,0,80.52,241.56,19830809,2,1,서울특별시 도봉구 도봉동 556-87번지
11320,10800,0,0556,0089,라폴리움,,표제부,공동주택,공동주택[도시형생활주택(단지형다세대주택)],331.9,187.9,658.35,20151207,6,0,서울특별시 도봉구 도봉동 556-89번지
11320,10800,0,0556,0090,,,표제부,공동주택,다세대주택,329.2,156.14,469.87,20011108,4,0,서울특별시 도봉구 도봉동 556-90번지
11320,10800,0,0557,0000,천주교도봉산성당,,일반건축물,종교시설,문화및집회시설,2015,921.21,2792.51,20000914,3,1,서울특별시 도봉구 도봉동 557번지
11320,10800,0,0557,0001,,,일반건축물,제1종근린생활시설,"근린생활시설, 주택",193.7,113.55,478.33,19940831,4,1,서울특별시 도봉구 도봉동 557-1번지
11320,10800,0,0557,0002,.,,표제부,공동주택,다세대주택(6세대),195.2,116.94,371.07,20080801,4,0,서울특별시 도봉구 도봉동 557-2번지
11320,10800,0,0557,0003,모전플러스빌,,표제부,공동주택,공동주택,330.2,176.99,659.22,20021029,5,0,서울특별시 도봉구 도봉동 557-3번지
11320,10800,0,0557,0005,,,표제부,공동주택,다세대주택,183.3,106.31,430.45,19931027,4,1,서울특별시 도봉구 도봉동 557-5번지
11320,10800,0,0557,0007,,,일반건축물,제1종근린생활시설,"근린생활시설, 주택",246.1,111.34,245.04,19820707,2,1,서울특별시 도봉구 도봉동 557-7번지
11320,10800,0,0557,0008,,,일반건축물,제2종근린생활시설,근린생활시설 및 단독주택,192.1,95.88,185.63,19770930,2,1,서울특별시 도봉구 도봉동 557-8번지
11320,10800,0,0557,0009,,,일반건축물,제2종근린생활시설,"제2종근린생활시설(일반음식점,사무소)",191,110.61,364.3,20040727,4,0,서울특별시 도봉구 도봉동 557-9번지
11320,10800,0,0557,0010,,,표제부,공동주택,공동주택,167.3,89.46,257.58,19910517,2,1,서울특별시 도봉구 도봉동 557-10번지
11320,10800,0,0557,0011,,,일반건축물,단독주택,"다가구용단독주택, 근린생활시설",170.9,100.15,455.58,19921110,4,1,서울특별시 도봉구 도봉동 557-11번지
11320,10800,0,0557,0012,,,표제부,공동주택,공동주택(다세대주택및 제2종근린생활시설(사무소)),172.6,102.96,446.68,20111108,5,0,서울특별시 도봉구 도봉동 557-12번지
11320,10800,0,0557,0013,,,표제부,공동주택,다세대주택,0,0,598.17,19961109,4,1,서울특별시 도봉구 도봉동 557-13번지
11320,10800,0,0557,0013,,,표제부,공동주택,다세대주택,0,0,568.65,19961109,4,1,서울특별시 도봉구 도봉동 557-13번지
11320,10800,0,0557,0014,,,표제부,공동주택,연립주택,438.4,249.2,1016.22,19960916,4,1,서울특별시 도봉구 도봉동 557-14번지
11320,10800,0,0557,0015,,,표제부,공동주택,연립주택,438.4,248.23,1002.55,19960916,4,1,서울특별시 도봉구 도봉동 557-15번지
11320,10800,0,0557,0016,,,표제부,공동주택,다세대주택,202,120.77,517.84,19960802,4,1,서울특별시 도봉구 도봉동 557-16번지
11320,10800,0,0557,0017,,,표제부,공동주택,다세대주택,255.5,124.46,517.46,19961002,4,1,서울특별시 도봉구 도봉동 557-17번지
11320,10800,0,0557,0018,,,표제부,공동주택,다세대주택,284.6,124.37,517.22,19960919,4,1,서울특별시 도봉구 도봉동 557-18번지
11320,10800,0,0558,0000,,,일반건축물,제1종근린생활시설,"근린생활시설, 주택",0,98.83,428.54,19850712,3,1,서울특별시 도봉구 도봉동 558번지
11320,10800,0,0558,0001,중앙주택,,일반건축물,단독주택,"다가구주택,제1종근린생활시설",195.4,116.76,341.22,20040604,3,0,서울특별시 도봉구 도봉동 558-1번지
11320,10800,0,0558,0002,,,일반건축물,제1종근린생활시설,"근린생활시설, 다가구주택(3가구)",182.4,104.76,390.32,19941115,3,1,서울특별시 도봉구 도봉동 558-2번지
11320,10800,0,0558,0003,,,일반건축물,단독주택,"다가구주택(4), 근린생활시설",208.4,123.84,359.08,19941128,3,1,서울특별시 도봉구 도봉동 558-3번지
11320,10800,0,0558,0004,,,일반건축물,단독주택,"단독주택,근린생활시설",249,148.39,529.4,20030108,4,0,서울특별시 도봉구 도봉동 558-4번지
11320,10800,0,0558,0005,경수아트빌라,,표제부,공동주택,공동주택,331.2,182.46,660.73,20081223,5,0,서울특별시 도봉구 도봉동 558-5번지
11320,10800,0,0558,0006,,,일반건축물,단독주택,주택,0,82.61,93.95,19771217,1,1,서울특별시 도봉구 도봉동 558-6번지
11320,10800,0,0558,0008,,,일반건축물,단독주택,다가구주택(5가구),125.5,74.44,218.82,19970801,2,1,서울특별시 도봉구 도봉동 558-8번지
11320,10800,0,0558,0009,,,일반건축물,단독주택,다가구주택(3가구),125.6,75.31,220.95,19970722,2,1,서울특별시 도봉구 도봉동 558-9번지
11320,10800,0,0558,0010,,,일반건축물,단독주택,주택,149.9,84.88,295.42,19850926,3,1,서울특별시 도봉구 도봉동 558-10번지
11320,10800,0,0558,0011,,,표제부,공동주택,다세대주택(10세대),178.5,106.75,492.8,19940413,4,1,서울특별시 도봉구 도봉동 558-11번지
11320,10800,0,0558,0012,소망그랑빌,,표제부,공동주택,공동주택,176.4,105.73,367.97,20080909,5,0,서울특별시 도봉구 도봉동 558-12번지
11320,10800,0,0558,0013,,,일반건축물,단독주택,단독주택,172.9,88.8,249.84,19911219,2,1,서울특별시 도봉구 도봉동 558-13번지
11320,10800,0,0558,0014,,,표제부,공동주택,다세대주택,185.5,109.6,499.96,19951024,4,1,서울특별시 도봉구 도봉동 558-14번지
11320,10800,0,0558,0016,,,표제부,공동주택,공동주택,176.2,97.06,449.68,19920507,4,1,서울특별시 도봉구 도봉동 558-16번지
11320,10800,0,0558,0017,,,표제부,공동주택,공동주택,179,99.45,354.96,19911209,3,1,서울특별시 도봉구 도봉동 558-17번지
11320,10800,0,0558,0018,대성빌라,,표제부,공동주택,공동주택(다세대주택)/제1종근린생활시설(소매점),171.1,102.6,341.85,20161205,5,0,서울특별시 도봉구 도봉동 558-18번지
11320,10800,0,0558,0019,,,표제부,공동주택,공동주택,186.3,111.65,411.16,20020416,4,0,서울특별시 도봉구 도봉동 558-19번지
11320,10800,0,0558,0020,,,표제부,공동주택,"다세대주택, 근린생활시설",182.5,108.59,415.77,20020810,4,0,서울특별시 도봉구 도봉동 558-20번지
11320,10800,0,0558,0021,,,일반건축물,단독주택,다가구용단독주택(7),177.8,98.62,349.68,19931021,3,1,서울특별시 도봉구 도봉동 558-21번지
11320,10800,0,0558,0022,신성맨션,,표제부,공동주택,다세대주택,183.9,109.2,424.9,20011128,4,0,서울특별시 도봉구 도봉동 558-22번지
11320,10800,0,0558,0023,,,표제부,공동주택,공동주택,183.3,103.84,432.54,19920103,4,1,서울특별시 도봉구 도봉동 558-23번지
11320,10800,0,0558,0025,,,일반건축물,단독주택,다가구주택(5가구),128.1,76.82,199.21,19931229,3,0,서울특별시 도봉구 도봉동 558-25번지
11320,10800,0,0558,0026,,,일반건축물,단독주택,다가구용단독주택(6가구),121.7,72.22,252.92,19950907,3,1,서울특별시 도봉구 도봉동 558-26번지
11320,10800,0,0558,0027,,,표제부,공동주택,다세대주택,255,143.62,655.67,20001016,4,1,서울특별시 도봉구 도봉동 558-27번지
11320,10800,0,0558,0029,,,일반건축물,단독주택,단독주택,127.6,62.81,210.49,19881116,2,1,서울특별시 도봉구 도봉동 558-29번지
11320,10800,0,0558,0030,A,,일반건축물,단독주택,근린생활시설및단독주택,133.4,78.53,269.93,20030529,4,0,서울특별시 도봉구 도봉동 558-30번지
11320,10800,0,0558,0032,,,일반건축물,단독주택,"단독주택, 근린생활시설",130.2,75.06,300.24,19911112,3,1,서울특별시 도봉구 도봉동 558-32번지
11320,10800,0,0558,0033,,,일반건축물,단독주택,단독주택,130,77.83,226.17,20050510,3,0,서울특별시 도봉구 도봉동 558-33번지
11320,10800,0,0558,0034,,,일반건축물,단독주택,단독주택,129,77.38,217.08,19910731,2,1,서울특별시 도봉구 도봉동 558-34번지
11320,10800,0,0558,0035,,,일반건축물,단독주택,단독주택,129.4,64.26,214.8,19891222,2,1,서울특별시 도봉구 도봉동 558-35번지
11320,10800,0,0558,0036,,,일반건축물,제1종근린생활시설,"근린생활시설, 주택",0,77.03,95.64,19771025,1,1,서울특별시 도봉구 도봉동 558-36번지
11320,10800,0,0558,0037,도봉동위험물처장및처리시설및근린생활시설및주택,,일반건축물,위험물저장및처리시설,"위험물저장및처리시설, 주택",133.3,76.99,93.82,19771026,1,1,서울특별시 도봉구 도봉동 558-37번지
11320,10800,0,0559,0000,행복한우리집,,표제부,공동주택,공동주택(도시형생활주택-단지형다세대주택),208.7,124.125,417.09,20160224,6,0,서울특별시 도봉구 도봉동 559번지
11320,10800,0,0559,0001,,,표제부,공동주택,"다세대주택,사무소",264.7,158.48,527.17,20110112,5,0,서울특별시 도봉구 도봉동 559-1번지
11320,10800,0,0559,0002,,,일반건축물,단독주택,"다가구용단독주택, 근린생활시설",139.9,83.83,335.69,19951019,4,1,서울특별시 도봉구 도봉동 559-2번지
11320,10800,0,0559,0003,,,일반건축물,단독주택,주택,0,76.13,113.65,19801104,1,1,서울특별시 도봉구 도봉동 559-3번지
11320,10800,0,0559,0005,,,표제부,공동주택,주택,0,0,221.84,19821216,2,1,서울특별시 도봉구 도봉동 559-5번지
11320,10800,0,0559,0007,영재빌라트,,표제부,공동주택,공동(다세대)주택,253,137.3,622.98,20020126,4,1,서울특별시 도봉구 도봉동 559-7번지
11320,10800,0,0559,0009,삼성빌리지,,표제부,공동주택,공동주택,253.4,143.76,660.24,20020513,4,1,서울특별시 도봉구 도봉동 559-9번지
11320,10800,0,0559,0011,,,일반건축물,단독주택,주택,0,74.52,213.42,19830407,2,1,서울특별시 도봉구 도봉동 559-11번지
11320,10800,0,0559,0012,,,일반건축물,단독주택,주택,0,73.68,221.04,19830108,2,1,서울특별시 도봉구 도봉동 559-12번지
11320,10800,0,0559,0015,휴먼빌,,표제부,공동주택,다세대주택,252.5,151.03,499.85,20140619,5,0,서울특별시 도봉구 도봉동 559-15번지
11320,10800,0,0559,0017,대명하이빌,,표제부,공동주택,공동주택(다세대주택),247.5,148,490.16,20170525,5,0,서울특별시 도봉구 도봉동 559-17번지
11320,10800,0,0559,0018,,,표제부,공동주택,주택,0,0,228.6,19830108,2,1,서울특별시 도봉구 도봉동 559-18번지
11320,10800,0,0559,0020,,,표제부,공동주택,공동주택,215.6,129.24,616.12,19980305,4,1,서울특별시 도봉구 도봉동 559-20번지
11320,10800,0,0559,0021,동훈빌라,,표제부,공동주택,공동(다세대)주택,213,127.65,623.34,20020201,4,1,서울특별시 도봉구 도봉동 559-21번지
11320,10800,0,0559,0022,서경하이파크,,표제부,공동주택,도시형생활주택및근린생활시설,623.6,330,1446.14,20230926,6,1,서울특별시 도봉구 도봉동 559-22번지
11320,10800,0,0559,0024,삼화빌딩,,일반건축물,제2종근린생활시설,제2종근린생활시설,531.5,264.39,1167.24,19921119,5,1,서울특별시 도봉구 도봉동 559-24번지
11320,10800,0,0559,0025,,,일반건축물,단독주택,주택,0,65.67,197.01,19840730,2,1,서울특별시 도봉구 도봉동 559-25번지
11320,10800,0,0559,0027,,,일반건축물,제1종근린생활시설,근린생활시설,408.7,182.15,1021.42,19820818,4,1,서울특별시 도봉구 도봉동 559-27번지
11320,10800,0,0559,0028,비엔트,,표제부,공동주택,공동주택(도시형생활주택),395.5,170.06,659.92,20230626,6,0,서울특별시 도봉구 도봉동 559-28번지
11320,10800,0,0559,0030,,,일반건축물,단독주택,단독주택(다가구주택5) 및 근생,165.3,99.06,293.87,20131015,4,0,서울특별시 도봉구 도봉동 559-30번지
11320,10800,0,0559,0031,,,일반건축물,제2종근린생활시설,"근린생활시설, 단독주택",349.5,174.46,1062.38,19940205,5,1,서울특별시 도봉구 도봉동 559-31번지
11320,10800,0,0559,0032,,,일반건축물,제1종근린생활시설,"근린생활시설, 주택",0,121.05,489.64,19850828,3,1,서울특별시 도봉구 도봉동 559-32번지
11320,10800,0,0559,0033,,,일반건축물,단독주택,다가구주택,169.6,91.19,293.57,19840128,3,1,서울특별시 도봉구 도봉동 559-33번지
11320,10800,0,0559,0035,,,일반건축물,제1종근린생활시설,근린생활시설,221.4,109.8,471.6,19840601,3,1,서울특별시 도봉구 도봉동 559-35번지
11320,10800,0,0560,0000,,,표제부,공동주택,다세대주택(9세대),209.9,125.77,549.52,19970327,4,1,서울특별시 도봉구 도봉동 560번지
11320,10800,0,0560,0001,,,표제부,공동주택,공동주택(다세대주택),188.8,112.32,414.54,20021202,4,0,서울특별시 도봉구 도봉동 560-1번지
11320,10800,0,0560,0002,국일아트맨션,,표제부,공동주택,다세대주택(7세대),184.4,107.42,413.66,20020731,4,0,서울특별시 도봉구 도봉동 560-2번지
11320,10800,0,0560,0003,성일하이츠빌,,표제부,공동주택,공동주택,186.2,111.24,449.81,20030128,4,0,서울특별시 도봉구 도봉동 560-3번지
11320,10800,0,0560,0004,청솔아트빌,,표제부,공동주택,다세대주택,131.7,78.89,367.57,20011105,4,1,서울특별시 도봉구 도봉동 560-4번지
11320,10800,0,0560,0005,,,표제부,공동주택,공동주택,325.5,168.51,659.61,20030704,5,0,서울특별시 도봉구 도봉동 560-5번지
11320,10800,0,0560,0006,,,일반건축물,단독주택,주택,0,78.21,160.38,19830111,2,1,서울특별시 도봉구 도봉동 560-6번지
11320,10800,0,0560,0007,,,일반건축물,제2종근린생활시설,"근린생활시설, 주택",376.8,195.65,1222.12,19950220,5,1,서울특별시 도봉구 도봉동 560-7번지
11320,10800,0,0560,0008,청솔아트빌,,표제부,공동주택,다세대주택,204.1,122.24,579.15,20011102,4,1,서울특별시 도봉구 도봉동 560-8번지
11320,10800,0,0560,0009,청솔 리치빌,,표제부,공동주택,공동주택,237.3,141.97,553.38,20030812,5,0,서울특별시 도봉구 도봉동 560-9번지
11320,10800,0,0560,0010,청솔 리치빌,,표제부,공동주택,공동주택,262.4,156.76,556.67,20030620,5,0,서울특별시 도봉구 도봉동 560-10번지
11320,10800,0,0560,0012,,,표제부,공동주택,다세대주택,184.8,110.86,572.4,20000928,4,1,서울특별시 도봉구 도봉동 560-12번지
11320,10800,0,0560,0014,,,일반건축물,제2종근린생활시설,"근린생활시설, 주택",316.3,157.32,1049.5,19920827,5,1,서울특별시 도봉구 도봉동 560-14번지
11320,10800,0,0560,0016,더데이호텔,,일반건축물,숙박시설,숙박시설(관광호텔),1008.4,397.08,4999.78,20170417,6,4,서울특별시 도봉구 도봉동 560-16번지
11320,10800,0,0560,0019,,,일반건축물,제1종근린생활시설,근린생활시설,297.4,148.6,947.49,19921012,5,2,서울특별시 도봉구 도봉동 560-19번지
11320,10800,0,0560,0020,,,일반건축물,제1종근린생활시설,근린생활시설,498.38,269.61,1474.8,19950215,5,1,서울특별시 도봉구 도봉동 560-20번지
11320,10800,0,0561,0000,,,일반건축물,종교시설,종교시설,0,213.04,424.7,19801216,2,1,서울특별시 도봉구 도봉동 561번지
11320,10800,0,0561,0003,,,일반건축물,제1종근린생활시설,"근린생활시설, 주택",0,0,240.78,19840802,3,1,서울특별시 도봉구 도봉동 561-3번지
11320,10800,0,0561,0007,,,일반건축물,제1종근린생활시설,"근린생활시설, 주택",595.37,221.02,875.44,19870806,3,1,서울특별시 도봉구 도봉동 561-7번지
11320,10800,0,0561,0010,,,일반건축물,제1종근린생활시설,"근린생활시설, 근린운동시설",0,0,330.02,19800715,2,1,서울특별시 도봉구 도봉동 561-10번지
11320,10800,0,0561,0011,,,일반건축물,제2종근린생활시설,근린생활시설,0,224.23,880.48,19800718,3,1,서울특별시 도봉구 도봉동 561-11번지
11320,10800,0,0562,0000,도봉동562,,일반건축물,제1종근린생활시설,"근린생활시설, 주택",398.1,195.66,779.94,19860805,3,1,서울특별시 도봉구 도봉동 562번지
11320,10800,0,0562,0001,,,일반건축물,제1종근린생활시설,"근린생활시설, 단독주택",429.7,178.2,627.21,19850709,3,1,서울특별시 도봉구 도봉동 562-1번지
11320,10800,0,0562,0002,,,표제부,공동주택,공동주택,202.8,91.16,392.33,19920417,4,1,서울특별시 도봉구 도봉동 562-2번지
11320,10800,0,0562,0003,,,일반건축물,단독주택,주택,0,94.38,124.6,19790619,1,1,서울특별시 도봉구 도봉동 562-3번지
11320,10800,0,0562,0004,,,표제부,공동주택,다세대주택,232.62,115.95,449.25,19921005,4,1,서울특별시 도봉구 도봉동 562-4번지
11320,10800,0,0562,0005,,,표제부,공동주택,공동주택,0,0,149.58,19910713,2,1,서울특별시 도봉구 도봉동 562-5번지
11320,10800,0,0562,0006,,,표제부,공동주택,다세대주택(6세대),0,0,246.78,19910703,2,1,서울특별시 도봉구 도봉동 562-6번지
11320,10800,0,0562,0009,,,일반건축물,단독주택,다가구용단독주택(5가구),178.59,87.12,243.33,19921216,2,1,서울특별시 도봉구 도봉동 562-9번지
11320,10800,0,0562,0010,,,표제부,공동주택,다세대주택,0,0,448.88,19910719,3,1,서울특별시 도봉구 도봉동 562-10번지
11320,10800,0,0562,0012,,,일반건축물,단독주택,주택,0,41.32,41.32,19621020,1,0,서울특별시 도봉구 도봉동 562-12번지
11320,10800,0,0562,0013,,,일반건축물,제1종근린생활시설,근린생활시설,0,209.22,490.48,19740620,2,1,서울특별시 도봉구 도봉동 562-13번지
11320,10800,0,0562,0013,,,일반건축물,단독주택,단독주택,0,87.84,110.05,19771005,1,1,서울특별시 도봉구 도봉동 562-13번지
11320,10800,0,0562,0016,,,표제부,공동주택,공동주택,198.35,114.53,432.74,19911031,3,1,서울특별시 도봉구 도봉동 562-16번지
11320,10800,0,0562,0017,,,일반건축물,단독주택,단독주택,168.2,85.24,248.94,19910807,2,1,서울특별시 도봉구 도봉동 562-17번지
11320,10800,0,0562,0018,,,일반건축물,단독주택,주택,0,74.71,90.91,19770819,1,1,서울특별시 도봉구 도봉동 562-18번지
11320,10800,0,0562,0019,,,일반건축물,단독주택,단독주택,168.4,81.95,99.54,19781005,1,1,서울특별시 도봉구 도봉동 562-19번지
11320,10800,0,0562,0021,,,표제부,공동주택,공동주택,162.4,95.9,374.62,20020511,4,0,서울특별시 도봉구 도봉동 562-21번지
11320,10800,0,0562,0022,,,일반건축물,단독주택,"단독주택(다중주택),제2종근생(사무소)",182.6,109.08,341.28,20120507,3,1,서울특별시 도봉구 도봉동 562-22번지
11320,10800,0,0562,0023,,,일반건축물,제1종근린생활시설,"근린생활시설, 주택",0,0,383.27,19920611,3,1,서울특별시 도봉구 도봉동 562-23번지
11320,10800,0,0562,0024,,,일반건축물,단독주택,단독주택,209.2,107.77,124.13,19771029,1,1,서울특별시 도봉구 도봉동 562-24번지
11320,10800,0,0562,0025,,,일반건축물,제1종근린생활시설,"근린생활시설, 주택",0,109.61,369.78,19851109,3,1,서울특별시 도봉구 도봉동 562-25번지
11320,10800,0,0562,0026,,,일반건축물,제1종근린생활시설,근린생활시설,297.8,173.16,438.46,198506,2,1,서울특별시 도봉구 도봉동 562-26번지
11320,10800,0,0562,0027,,,표제부,공동주택,다세대주택(9),228.3,112.84,455.67,19951019,4,1,서울특별시 도봉구 도봉동 562-27번지
11320,10800,0,0562,0028,,,표제부,공동주택,다세대주택(9세대),236.38,106.6,418.44,19950526,4,1,서울특별시 도봉구 도봉동 562-28번지
11320,10800,0,0562,0029,,,일반건축물,단독주택,단독주택,146.3,83.76,240.03,19901129,2,1,서울특별시 도봉구 도봉동 562-29번지
11320,10800,0,0562,0030,,,표제부,공동주택,다세대주택,301.98,167,765.61,20011220,4,1,서울특별시 도봉구 도봉동 562-30번지
11320,10800,0,0562,0031,가든모터스,,일반건축물,제2종근린생활시설,제2종근린생활시설(수리점),491.26,286.46,312.27,20230524,2,0,서울특별시 도봉구 도봉동 562-31번지
11320,10800,0,0562,0040,,,일반건축물,제1종근린생활시설,근린생활시설,0,106.72,316.58,19840530,2,1,서울특별시 도봉구 도봉동 562-40번지
11320,10800,0,0562,0041,,,일반건축물,제2종근린생활시설,근린생활시설,300.3,97.09,97.09,19690115,1,0,서울특별시 도봉구 도봉동 562-41번지
11320,10800,0,0562,0044,,,일반건축물,단독주택,다가구용단독주택(7가구),0,72.24,266.08,19920624,3,1,서울특별시 도봉구 도봉동 562-44번지
11320,10800,0,0563,0000,1,,일반건축물,제1종근린생활시설,"제1종근린생활시설(제2종근린생활시설,노유자시설)",665.9,293.12,1661.78,20090824,5,1,서울특별시 도봉구 도봉동 563번지
11320,10800,0,0563,0001,,,표제부,공동주택,다세대주택(9),200.7,110.65,447.94,19930518,4,1,서울특별시 도봉구 도봉동 563-1번지
11320,10800,0,0563,0002,도봉우체국(나동),,일반건축물,제1종근린생활시설,우체국,684.3,171.37,171.37,20031114,1,0,서울특별시 도봉구 도봉동 563-2번지
11320,10800,0,0563,0002,도봉우체국(가동),,일반건축물,제1종근린생활시설,우체국,684.3,163.61,225.73,19810924,2,1,서울특별시 도봉구 도봉동 563-2번지
11320,10800,0,0563,0004,,,표제부,공동주택,다세대주택,194,107.86,435.36,19931216,4,1,서울특별시 도봉구 도봉동 563-4번지
11320,10800,0,0563,0005,,,일반건축물,단독주택,다가구용단독주택(6가구),166.9,97.08,266.88,19931030,2,1,서울특별시 도봉구 도봉동 563-5번지
11320,10800,0,0563,0006,,,표제부,공동주택,공동주택,157,78.39,228.93,19861115,2,1,서울특별시 도봉구 도봉동 563-6번지
11320,10800,0,0563,0007,,,일반건축물,제1종근린생활시설,근린생활시설,403.3,193.19,965.95,19810427,4,1,서울특별시 도봉구 도봉동 563-7번지
11320,10800,0,0563,0008,,,일반건축물,숙박시설,"근린생활시설, 숙박시설",0,314.4,794.4,19831126,2,1,서울특별시 도봉구 도봉동 563-8번지
11320,10800,0,0563,0011,,,일반건축물,제2종근린생활시설,제2종근린생활시설(사무소),0,84.76,127.04,19800712,1,1,서울특별시 도봉구 도봉동 563-11번지
11320,10800,0,0563,0012,,,일반건축물,단독주택,"제2종근린생활시설, 다가구주택",88,52.58,163.56,20170321,5,0,서울특별시 도봉구 도봉동 563-12번지
11320,10800,0,0563,0017,,,일반건축물,제2종근린생활시설,"제1,2종근린생활시설,위험물저장및처리시설",1429.7,529.2,1787.79,19850612,2,1,서울특별시 도봉구 도봉동 563-17번지
11320,10800,0,0563,0018,,,일반건축물,제1종근린생활시설,"근린생활시설, 종교시설",803,470.45,3134.01,19970129,5,2,서울특별시 도봉구 도봉동 563-18번지
11320,10800,0,0563,0023,,,일반건축물,제2종근린생활시설,제2종근린생활시설(사무소),103.9,33.71,33.71,20170113,1,0,서울특별시 도봉구 도봉동 563-23번지
11320,10800,0,0563,0025,,,표제부,공동주택,다세대주택,230,136.91,458.78,20090805,4,0,서울특별시 도봉구 도봉동 563-25번지
11320,10800,0,0564,0000,,,일반건축물,단독주택,다가구용단독주택(5),175.9,100.78,292.83,19931203,2,1,서울특별시 도봉구 도봉동 564번지
11320,10800,0,0564,0001,동일맨션,,표제부,공동주택,공동주택 및 근린생활시설,239.7,143.69,657.69,20030628,5,0,서울특별시 도봉구 도봉동 564-1번지
11320,10800,0,0564,0004,,,표제부,공동주택,다세대주택,243.4,145.75,485.33,20080828,5,0,서울특별시 도봉구 도봉동 564-4번지
11320,10800,0,0564,0005,,,일반건축물,단독주택,단독주택(다가구주택),169.1,100.58,337.3,20200708,5,0,서울특별시 도봉구 도봉동 564-5번지
11320,10800,0,0564,0007,현대씨티빌,,표제부,공동주택,공동주택,0,120,435.42,20020819,5,0,서울특별시 도봉구 도봉동 564-7번지
11320,10800,0,0564,0007,현대씨티빌,,표제부,공동주택,공동주택,0,141.84,485.04,20020819,5,0,서울특별시 도봉구 도봉동 564-7번지
11320,10800,0,0564,0009,도봉산보고빌,,표제부,공동주택,다세대주택,0,130.06,501.96,20010905,4,0,서울특별시 도봉구 도봉동 564-9번지
11320,10800,0,0564,0009,도봉산보고빌,,표제부,공동주택,다세대주택,0,79,297.6,20010905,5,0,서울특별시 도봉구 도봉동 564-9번지
11320,10800,0,0564,0011,,,일반건축물,단독주택,단독주택,180.1,89.52,178.86,19851213,1,1,서울특별시 도봉구 도봉동 564-11번지
11320,10800,0,0564,0012,,,표제부,공동주택,연립주택,0,0,232.05,19781229,1,1,서울특별시 도봉구 도봉동 564-12번지
11320,10800,0,0564,0013,노아빌,,표제부,공동주택,공동주택,172.7,97.71,347.51,20030516,4,0,서울특별시 도봉구 도봉동 564-13번지
11320,10800,0,0564,0014,,,표제부,공동주택,공동주택,260.8,96.98,249.24,19860630,2,1,서울특별시 도봉구 도봉동 564-14번지
11320,10800,0,0564,0015,,,일반건축물,단독주택,다가구용단독주택,256.3,141.81,391.59,19931117,2,1,서울특별시 도봉구 도봉동 564-15번지
11320,10800,0,0564,0016,,,일반건축물,단독주택,주택,0,84.76,169.52,19820818,1,1,서울특별시 도봉구 도봉동 564-16번지
11320,10800,0,0564,0017,,,일반건축물,단독주택,"근린생활시설, 주택",149.3,82.66,318.14,19940831,3,1,서울특별시 도봉구 도봉동 564-17번지
11320,10800,0,0564,0018,,,일반건축물,단독주택,다가구용단독주택(5가구),147.9,88.27,264.81,19931228,2,1,서울특별시 도봉구 도봉동 564-18번지
11320,10800,0,0564,0019,,,일반건축물,단독주택,주택,0,76.43,98.74,19780118,1,1,서울특별시 도봉구 도봉동 564-19번지
11320,10800,0,0564,0022,,,표제부,공동주택,다세대주택,182,108.84,527.9,20011017,4,1,서울특별시 도봉구 도봉동 564-22번지
11320,10800,0,0564,0023,대명하이빌,,표제부,공동주택,공동주택(다세대주택),208.8,109.9,415.48,20120928,5,0,서울특별시 도봉구 도봉동 564-23번지
11320,10800,0,0565,0000,,,일반건축물,제1종근린생활시설,"근린생활시설, 주택",0,91.08,372.78,19840922,3,1,서울특별시 도봉구 도봉동 565번지
11320,10800,0,0565,0001,,,일반건축물,제2종근린생활시설,"근린생활시설, 주택",279,131.94,648.1,19890726,4,1,서울특별시 도봉구 도봉동 565-1번지
11320,10800,0,0565,0002,,,일반건축물,단독주택,주택,0,91.9,240.89,19820629,2,1,서울특별시 도봉구 도봉동 565-2번지
11320,10800,0,0565,0003,,,일반건축물,단독주택,주택,188.1,87.74,230.32,19820430,2,1,서울특별시 도봉구 도봉동 565-3번지
11320,10800,0,0565,0005,,,일반건축물,단독주택,주택,0,92.16,136.69,19790607,1,1,서울특별시 도봉구 도봉동 565-5번지
11320,10800,0,0565,0006,,,일반건축물,단독주택,주택,0,83.34,113.12,19780918,1,1,서울특별시 도봉구 도봉동 565-6번지
11320,10800,0,0565,0008,,,표제부,공동주택,공동주택,253.8,152.24,646.11,20030828,4,1,서울특별시 도봉구 도봉동 565-8번지
11320,10800,0,0565,0009,,,표제부,공동주택,공동주택,159.3,95.4,306.96,20030428,4,0,서울특별시 도봉구 도봉동 565-9번지
11320,10800,0,0565,0010,,,일반건축물,단독주택,다가구용단독주택(7가구),163.6,85.8,292.02,19941018,3,1,서울특별시 도봉구 도봉동 565-10번지
11320,10800,0,0565,0011,,,일반건축물,단독주택,주택,0,50.22,150.66,19830831,2,1,서울특별시 도봉구 도봉동 565-11번지
11320,10800,0,0565,0012,,,일반건축물,단독주택,주택,0,54.81,137.97,19831202,2,1,서울특별시 도봉구 도봉동 565-12번지
11320,10800,0,0565,0013,,,일반건축물,단독주택,주택,0,56.16,141.18,19831202,2,1,서울특별시 도봉구 도봉동 565-13번지
11320,10800,0,0565,0015,,,표제부,공동주택,공동주택,123.9,61.83,191.44,19870209,2,1,서울특별시 도봉구 도봉동 565-15번지
11320,10800,0,0565,0016,,,표제부,공동주택,다세대주택,352,209.62,703.54,20100511,5,0,서울특별시 도봉구 도봉동 565-16번지
11320,10800,0,0565,0019,,,일반건축물,단독주택,단독주택,145.6,72.38,262.15,19880930,3,1,서울특별시 도봉구 도봉동 565-19번지
11320,10800,0,0565,0020,,,일반건축물,단독주택,다가구용단독주택(5),116.3,69.12,198.72,19941012,2,1,서울특별시 도봉구 도봉동 565-20번지
11320,10800,0,0565,0021,,,일반건축물,단독주택,단독주택,114.3,68.27,197.91,19901212,2,1,서울특별시 도봉구 도봉동 565-21번지
11320,10800,0,0565,0022,양지쉐르빌,,표제부,공동주택,다세대주택,244,146.16,482.69,20140602,5,0,서울특별시 도봉구 도봉동 565-22번지
11320,10800,0,0565,0024,,,일반건축물,단독주택,다가구용단독주택(7가구),133.3,79.53,297.16,19950914,3,1,서울특별시 도봉구 도봉동 565-24번지
11320,10800,0,0565,0025,삼호맨션,,표제부,공동주택,공동주택,254.6,152.04,574.2,20030821,5,0,서울특별시 도봉구 도봉동 565-25번지
11320,10800,0,0565,0027,,,일반건축물,단독주택,단독주택,119.6,58.99,176.97,19900917,2,1,서울특별시 도봉구 도봉동 565-27번지
11320,10800,0,0565,0028,,,일반건축물,단독주택,단독주택,229.8,134.09,395.37,19911128,2,1,서울특별시 도봉구 도봉동 565-28번지
11320,10800,0,0565,0029,,,일반건축물,단독주택,단독주택,135.8,67.69,213.81,19900807,2,1,서울특별시 도봉구 도봉동 565-29번지
11320,10800,0,0565,0030,,,일반건축물,단독주택,단독주택,127.9,74.1,233.12,19910926,3,1,서울특별시 도봉구 도봉동 565-30번지
11320,10800,0,0565,0031,,,일반건축물,단독주택,단독주택,125.7,62.64,187.92,19900514,2,1,서울특별시 도봉구 도봉동 565-31번지
11320,10800,0,0565,0032,,,일반건축물,단독주택,단독주택,125.2,75.03,220.29,19901226,2,1,서울특별시 도봉구 도봉동 565-32번지
11320,10800,0,0565,0034,양지쉐르빌,,표제부,공동주택,다세대주택,241.5,132.72,482.13,20140630,5,0,서울특별시 도봉구 도봉동 565-34번지
11320,10800,0,0566,0000,,,일반건축물,제2종근린생활시설,근린생활시설,338.8,191.24,677.27,20170707,5,0,서울특별시 도봉구 도봉동 566번지
11320,10800,0,0566,0003,,,일반건축물,제1종근린생활시설,근린생활시설,127.9,63.28,212.46,19840820,2,1,서울특별시 도봉구 도봉동 566-3번지
11320,10800,0,0566,0005,,,일반건축물,제1종근린생활시설,"주택, 근린생활시설, 점포",0,255.77,716.12,19800619,2,1,서울특별시 도봉구 도봉동 566-5번지
11320,10800,0,0566,0006,,,일반건축물,단독주택,주택,0,75.93,91.14,19780914,1,1,서울특별시 도봉구 도봉동 566-6번지
11320,10800,0,0566,0007,,,일반건축물,단독주택,주택,0,61.36,75.21,19771207,1,1,서울특별시 도봉구 도봉동 566-7번지
11320,10800,0,0566,0008,동일 맨션,,표제부,공동주택,다세대주택,241,143.52,481.81,20140915,5,0,서울특별시 도봉구 도봉동 566-8번지
11320,10800,0,0566,0011,,,표제부,공동주택,공동주택,141.4,64.32,296.35,19920227,4,1,서울특별시 도봉구 도봉동 566-11번지
11320,10800,0,0566,0012,,,일반건축물,단독주택,주택,0,89.25,103.8,19770923,1,1,서울특별시 도봉구 도봉동 566-12번지
11320,10800,0,0566,0013,,,일반건축물,단독주택,주택,0,66.24,79.5,19771102,1,1,서울특별시 도봉구 도봉동 566-13번지
11320,10800,0,0566,0014,,,일반건축물,단독주택,주택,0,67.11,82.35,19771125,1,1,서울특별시 도봉구 도봉동 566-14번지
11320,10800,0,0566,0015,진영하이츠빌라2차,,표제부,공동주택,공동주택(다세대주택),0,135.25,461.62,20020704,5,0,서울특별시 도봉구 도봉동 566-15번지
11320,10800,0,0566,0015,진영하이츠빌라2차,,표제부,공동주택,공동주택(다세대주택),0,144.27,584.76,20020704,5,0,서울특별시 도봉구 도봉동 566-15번지
11320,10800,0,0566,0016,청우빌딩,,일반건축물,제2종근린생활시설,근린생활시설및단독주택,168.3,96.45,328.05,20041008,4,0,서울특별시 도봉구 도봉동 566-16번지
11320,10800,0,0566,0017,진영하이츠빌라2차,,표제부,공동주택,다세대주택,249.7,149.5,588.58,20020805,5,0,서울특별시 도봉구 도봉동 566-17번지
11320,10800,0,0566,0018,,,일반건축물,단독주택,단독주택,130.6,77.04,180.48,20001226,3,0,서울특별시 도봉구 도봉동 566-18번지
11320,10800,0,0566,0020,동일맨션,,표제부,공동주택,공동주택,268.6,160.05,601.86,20030328,5,0,서울특별시 도봉구 도봉동 566-20번지
11320,10800,0,0566,0021,,,일반건축물,단독주택,다가구용단독주택(5),111.5,66.71,192.53,19940110,3,0,서울특별시 도봉구 도봉동 566-21번지
11320,10800,0,0566,0022,,,일반건축물,단독주택,다가구용단독주택(5가구),111.1,66.59,199.33,19931021,2,1,서울특별시 도봉구 도봉동 566-22번지
11320,10800,0,0566,0023,,,일반건축물,단독주택,다가구주택(8가구),172.98,103.65,349.54,19931015,3,1,서울특별시 도봉구 도봉동 566-23번지
11320,10800,0,0566,0024,,,일반건축물,단독주택,단독주택,146.7,73.2,216.9,19850910,2,1,서울특별시 도봉구 도봉동 566-24번지
11320,10800,0,0566,0025,,,일반건축물,단독주택,주택,0,57.15,171.45,19831010,2,1,서울특별시 도봉구 도봉동 566-25번지
11320,10800,0,0566,0026,,,일반건축물,단독주택,주택,0,58.38,121.26,19830723,2,1,서울특별시 도봉구 도봉동 566-26번지
11320,10800,0,0566,0029,삼성퍼스트빌,,표제부,공동주택,공동주택,236.5,141.52,563.22,20030304,5,0,서울특별시 도봉구 도봉동 566-29번지
11320,10800,0,0566,0031,,,일반건축물,단독주택,주택,0,59.07,118.14,19800502,1,1,서울특별시 도봉구 도봉동 566-31번지
11320,10800,0,0566,0032,,,일반건축물,단독주택,다가구용단독주택,139.2,83.2,299.38,19970710,3,1,서울특별시 도봉구 도봉동 566-32번지
11320,10800,0,0566,0033,,,일반건축물,단독주택,다가구용단독주택,108.09,64.77,178.68,19950914,2,1,서울특별시 도봉구 도봉동 566-33번지
11320,10800,0,0566,0034,,,일반건축물,단독주택,주택,0,53.26,73.39,19781223,1,1,서울특별시 도봉구 도봉동 566-34번지
11320,10800,0,0566,0035,,,일반건축물,단독주택,주택,0,59.17,118.34,19800502,1,1,서울특별시 도봉구 도봉동 566-35번지
11320,10800,0,0566,0036,도봉 블루빌,,표제부,공동주택,공동주택(다세대주택),237,140.25,473.94,20120914,5,0,서울특별시 도봉구 도봉동 566-36번지
11320,10800,0,0566,0038,에덴하우스,,표제부,공동주택,공동주택(다세대주택),231.9,138.46,463.53,20121022,5,0,서울특별시 도봉구 도봉동 566-38번지
11320,10800,0,0566,0040,,,일반건축물,단독주택,주택,0,56.88,118.41,19830204,2,1,서울특별시 도봉구 도봉동 566-40번지
11320,10800,0,0566,0041,현대시티,,표제부,공동주택,공동주택(다세대주택(도시형생활주택 단지형다세대)),263.1,157.81,518.84,20150514,5,0,서울특별시 도봉구 도봉동 566-41번지
11320,10800,0,0566,0043,,,일반건축물,단독주택,주택,0,82.28,95.37,19780322,1,1,서울특별시 도봉구 도봉동 566-43번지
11320,10800,0,0566,0044,,,일반건축물,단독주택,단독주택,176.9,78.57,246.01,19900709,2,1,서울특별시 도봉구 도봉동 566-44번지
11320,10800,0,0566,0045,크루즈빌,,표제부,공동주택,공동주택(다세대주택),329.5,197.53,658.92,20160607,5,0,서울특별시 도봉구 도봉동 566-45번지
11320,10800,0,0566,0047,,,일반건축물,단독주택,단독주택(다중주택),142.8,85.58,298.67,20190130,3,1,서울특별시 도봉구 도봉동 566-47번지
11320,10800,0,0566,0048,,,일반건축물,단독주택,주택,0,72.9,151.2,19830204,2,1,서울특별시 도봉구 도봉동 566-48번지
11320,10800,0,0566,0049,,,표제부,공동주택,공동주택 및 제1종근린생활시설,260.9,156.44,514.88,20100108,5,0,서울특별시 도봉구 도봉동 566-49번지
11320,10800,0,0566,0051,상평드림빌,,표제부,공동주택,다세대주택,135.1,80.99,264.34,20130103,5,0,서울특별시 도봉구 도봉동 566-51번지
11320,10800,0,0567,0001,,,일반건축물,제1종근린생활시설,"근린생활시설, 주택",385.8,192.51,770.04,19870808,3,1,서울특별시 도봉구 도봉동 567-1번지
11320,10800,0,0567,0002,,,일반건축물,제1종근린생활시설,"제1,2종근린생활시설",543.1,287.13,1867.55,19950116,5,1,서울특별시 도봉구 도봉동 567-2번지
11320,10800,0,0567,0003,,,일반건축물,제2종근린생활시설,근린생활시설,0,129.27,684.76,19881205,4,1,서울특별시 도봉구 도봉동 567-3번지
11320,10800,0,0567,0004,,,일반건축물,제1종근린생활시설,"근린생활시설, 주택",173.9,86.64,367.74,19940502,3,1,서울특별시 도봉구 도봉동 567-4번지
11320,10800,0,0567,0005,,,일반건축물,제2종근린생활시설,"노유자시설, 제2종근린생활시설",545.3,310.36,1261.92,20210809,3,1,서울특별시 도봉구 도봉동 567-5번지
11320,10800,0,0567,0007,도봉감리교회,,일반건축물,종교시설,종교시설,0,641.1,3970.05,20000624,5,1,서울특별시 도봉구 도봉동 567-7번지
11320,10800,0,0567,0012,,,일반건축물,단독주택,단독주택(다중주택),172.5,90.51,296.34,20180213,3,1,서울특별시 도봉구 도봉동 567-12번지
11320,10800,0,0568,0000,,,일반건축물,단독주택,"근린생활시설, 주택(2가구)",315.5,189.27,361.58,19950609,2,1,서울특별시 도봉구 도봉동 568번지
11320,10800,0,0568,0001,,,일반건축물,단독주택,주택,0,70.68,149.46,19730602,2,1,서울특별시 도봉구 도봉동 568-1번지
11320,10800,0,0568,0002,,,일반건축물,단독주택,주택,0,84.89,169.78,19800724,1,1,서울특별시 도봉구 도봉동 568-2번지
11320,10800,0,0568,0003,,,일반건축물,제1종근린생활시설,"근린생활시설, 주택",164.2,82.05,349.83,19901019,3,1,서울특별시 도봉구 도봉동 568-3번지
11320,10800,0,0568,0004,,,표제부,공동주택,"공동(다세대)주택, 근린생활시설",152.4,90.49,447.35,20020219,4,1,서울특별시 도봉구 도봉동 568-4번지
11320,10800,0,0568,0005,,,표제부,공동주택,공동주택(다세대주택) 및 제2종근린생활시설,209.77,124.74,419.42,20170802,5,0,서울특별시 도봉구 도봉동 568-5번지
11320,10800,0,0568,0006,1,,일반건축물,단독주택,다가구용단독주택(6),118.7,67.73,194.39,19951011,3,1,서울특별시 도봉구 도봉동 568-6번지
11320,10800,0,0568,0007,,,일반건축물,단독주택,단독주택(다중주택),124.7,74.25,261.38,20181219,3,1,서울특별시 도봉구 도봉동 568-7번지
11320,10800,0,0568,0009,정원휴먼빌,,표제부,공동주택,공동주택,0,103.51,389.9,20030916,5,0,서울특별시 도봉구 도봉동 568-9번지
11320,10800,0,0568,0009,정원휴먼빌,,표제부,공동주택,공동주택,0,103.49,373.32,20030916,5,0,서울특별시 도봉구 도봉동 568-9번지
11320,10800,0,0568,0010,A동,,일반건축물,단독주택,주택,0,62.28,138.6,19830823,2,1,서울특별시 도봉구 도봉동 568-10번지
11320,10800,0,0568,0010,B동,,일반건축물,단독주택,주택,0,61.56,137.16,19830823,2,1,서울특별시 도봉구 도봉동 568-10번지
11320,10800,0,0568,0011,,,표제부,공동주택,공동주택,168.8,84.1,248.94,19861206,2,1,서울특별시 도봉구 도봉동 568-11번지
11320,10800,0,0568,0012,,,표제부,공동주택,공동주택,236.2,117.89,329.73,19861111,2,1,서울특별시 도봉구 도봉동 568-12번지
11320,10800,0,0568,0013,,,일반건축물,단독주택,다가구용단독주택(4가구),178.5,105.56,264.12,19931118,2,1,서울특별시 도봉구 도봉동 568-13번지
11320,10800,0,0568,0014,,,일반건축물,제1종근린생활시설,"근린생활시설, 주택",146.4,72.96,402.25,19940305,5,1,서울특별시 도봉구 도봉동 568-14번지
11320,10800,0,0568,0015,,,일반건축물,단독주택,주택,0,83.87,97.72,19771227,1,1,서울특별시 도봉구 도봉동 568-15번지
11320,10800,0,0568,0016,-,,일반건축물,단독주택,단독주택[다중주택(18호)],138.4,81.39,298.005,20170125,3,1,서울특별시 도봉구 도봉동 568-16번지
11320,10800,0,0568,0017,,,일반건축물,단독주택,주택,0,83.87,97.72,19771227,1,1,서울특별시 도봉구 도봉동 568-17번지
11320,10800,0,0568,0019,대양주택,,표제부,공동주택,공동주택,312.1,165.87,659.9,20020718,5,0,서울특별시 도봉구 도봉동 568-19번지
11320,10800,0,0568,0020,,,일반건축물,단독주택,다가구용단독주택(7가구),129.2,77.36,294.32,19931106,3,1,서울특별시 도봉구 도봉동 568-20번지
11320,10800,0,0568,0021,,,일반건축물,단독주택,다가구용단독주택(7가구),127.2,76.17,279.11,19931119,3,1,서울특별시 도봉구 도봉동 568-21번지
11320,10800,0,0568,0022,,,일반건축물,단독주택,다가구용단독주택(7가구),124.89,74.9,280.31,19930908,3,1,서울특별시 도봉구 도봉동 568-22번지
11320,10800,0,0568,0023,,,일반건축물,단독주택,"다가구주택, 근린생활시설",259.8,155.64,468.62,20000809,4,0,서울특별시 도봉구 도봉동 568-23번지
11320,10800,0,0568,0025,,,일반건축물,단독주택,다가구용단독주택(3가구),185.7,109.6,264.24,19921001,2,1,서울특별시 도봉구 도봉동 568-25번지
11320,10800,0,0568,0029,,,일반건축물,제1종근린생활시설,근린생활시설,275.1,135.3,541.2,19860813,3,1,서울특별시 도봉구 도봉동 568-29번지
11320,10800,0,0568,0030,,,일반건축물,제1종근린생활시설,"주택, 근린생활시설",0,57.36,111.53,19770610,2,1,서울특별시 도봉구 도봉동 568-30번지
11320,10800,0,0568,0031,,,일반건축물,제1종근린생활시설,"근린생활시설, 제2종근린생활시설",346.4,163.72,759.78,19870817,4,1,서울특별시 도봉구 도봉동 568-31번지
11320,10800,0,0568,0032,,,일반건축물,제1종근린생활시설,"근린생활시설, 주택",0,124.36,206.22,19771119,2,1,서울특별시 도봉구 도봉동 568-32번지
11320,10800,0,0568,0033,,,일반건축물,제2종근린생활시설,"근린생활시설, 주택",0,293.36,395.18,19770524,1,1,서울특별시 도봉구 도봉동 568-33번지
11320,10800,0,0568,0034,,,일반건축물,제1종근린생활시설,근린생활시설,0,204,808.8,19880726,3,1,서울특별시 도봉구 도봉동 568-34번지
11320,10800,0,0568,0035,,,표제부,공동주택,공동주택(다세대주택),187.1,111.2,291.7,20080225,4,0,서울특별시 도봉구 도봉동 568-35번지
11320,10800,0,0568,0037,,,일반건축물,단독주택,다가구용단독주택(5),184,109.96,286.28,19940207,2,1,서울특별시 도봉구 도봉동 568-37번지
11320,10800,0,0568,0039,,,일반건축물,제1종근린생활시설,"근린생활시설, 주택",157.3,94.31,274.62,19790728,2,1,서울특별시 도봉구 도봉동 568-39번지
11320,10800,0,0568,0040,,,일반건축물,제1종근린생활시설,근린생활시설,0,117.39,314.45,19800508,2,1,서울특별시 도봉구 도봉동 568-40번지
11320,10800,0,0568,0041,,,일반건축물,단독주택,주택,0,89.88,134.31,19781115,1,1,서울특별시 도봉구 도봉동 568-41번지
11320,10800,0,0568,0042,,,일반건축물,단독주택,단독주택,220.6,118.44,335.08,19911105,2,1,서울특별시 도봉구 도봉동 568-42번지
11320,10800,0,0568,0043,,,일반건축물,단독주택,주택,0,92.7,216.23,19831230,2,1,서울특별시 도봉구 도봉동 568-43번지
11320,10800,0,0568,0044,,,일반건축물,노유자시설,경로당,186.3,93.48,165.72,19840413,2,0,서울특별시 도봉구 도봉동 568-44번지
11320,10800,0,0568,0046,,,표제부,공동주택,다세대주택,0,0,448.65,19920622,4,1,서울특별시 도봉구 도봉동 568-46번지
11320,10800,0,0568,0048,,,일반건축물,제2종근린생활시설,제2종근린생활시설,295.8,176.55,494.01,20060612,3,0,서울특별시 도봉구 도봉동 568-48번지
11320,10800,0,0568,0049,,,일반건축물,제1종근린생활시설,"근린생활시설,단독주택",195.9,116.21,223.96,19860715,2,1,서울특별시 도봉구 도봉동 568-49번지
11320,10800,0,0568,0055,,,일반건축물,제1종근린생활시설,근린생활시설,301.9,150.07,600.28,19870808,3,1,서울특별시 도봉구 도봉동 568-55번지
11320,10800,0,0568,0057,,,일반건축물,제1종근린생활시설,근린생활시설,264.5,127.8,491.32,19920111,3,1,서울특별시 도봉구 도봉동 568-57번지
11320,10800,0,0569,0000,,,일반건축물,제2종근린생활시설,"교육연구시설, 근린생활시설",286.6,141.75,896.58,19930720,5,1,서울특별시 도봉구 도봉동 569번지
11320,10800,0,0569,0001,1,,일반건축물,제2종근린생활시설,"근린생활시설, 주택",170,82.62,330.48,19860910,3,1,서울특별시 도봉구 도봉동 569-1번지
11320,10800,0,0569,0002,씨티21차,,표제부,공동주택,공동주택(도시형생활주택(단지형다세대주택)),182.8,108.53,364.36,20150227,5,0,서울특별시 도봉구 도봉동 569-2번지
11320,10800,0,0569,0003,,,일반건축물,단독주택,단독주택,191.6,89.04,248.62,19890804,2,1,서울특별시 도봉구 도봉동 569-3번지
11320,10800,0,0569,0004,,,표제부,공동주택,다세대주택,328.3,155.49,640.13,19970630,4,1,서울특별시 도봉구 도봉동 569-4번지
11320,10800,0,0569,0005,,,표제부,공동주택,다세대주택,159.9,95.91,387.62,19950314,4,1,서울특별시 도봉구 도봉동 569-5번지
11320,10800,0,0569,0006,라온파크빌A동,,표제부,공동주택,"공동주택(다세대주택),제2종근린생활시설(사무소)",265.9,159.1,529.88,20180411,5,0,서울특별시 도봉구 도봉동 569-6번지
11320,10800,0,0569,0008,라온파크빌B동,,표제부,공동주택,공동주택(다세대주택),132.5,78.82,264.84,20180503,5,0,서울특별시 도봉구 도봉동 569-8번지
11320,10800,0,0569,0009,,,일반건축물,단독주택,주택,0,75.18,150.72,19830221,2,1,서울특별시 도봉구 도봉동 569-9번지
11320,10800,0,0569,0010,예원21,,표제부,공동주택,공동주택[도시형생활주택-단지형다세대주택],471.7,82.54,191.64,20160826,4,0,서울특별시 도봉구 도봉동 569-10번지
11320,10800,0,0569,0010,예원21,,표제부,공동주택,공동주택[도시형생활주택-단지형다세대주택],471.7,182.41,659.18,20160826,6,0,서울특별시 도봉구 도봉동 569-10번지
11320,10800,0,0569,0012,,,일반건축물,단독주택,주택,0,98.19,248.61,19850613,2,1,서울특별시 도봉구 도봉동 569-12번지
11320,10800,0,0569,0014,,,일반건축물,단독주택,단독주택,136.1,67.77,207.81,19910109,2,1,서울특별시 도봉구 도봉동 569-14번지
11320,10800,0,0569,0015,그린홈타운,,표제부,공동주택,공동주택(다세대주택),262.4,157.3,522.7,20120413,5,0,서울특별시 도봉구 도봉동 569-15번지
11320,10800,0,0569,0017,,,일반건축물,제1종근린생활시설,근린생활시설,617.07,256.23,768.69,19861112,2,1,서울특별시 도봉구 도봉동 569-17번지
11320,10800,0,0569,0018,,,일반건축물,제1종근린생활시설,근린생활시설,293.7,140.76,587.7,19941020,4,1,서울특별시 도봉구 도봉동 569-18번지
11320,10800,0,0569,0019,,,일반건축물,제1종근린생활시설,"근린생활시설, 주택",206.3,100.74,431.43,19891128,4,1,서울특별시 도봉구 도봉동 569-19번지
11320,10800,0,0569,0021,,,표제부,공동주택,다세대주택,257.9,154.5,659.9,19971230,4,1,서울특별시 도봉구 도봉동 569-21번지
11320,10800,0,0569,0024,,,일반건축물,단독주택,단독주택,132.5,76.34,220.32,19980723,2,1,서울특별시 도봉구 도봉동 569-24번지
11320,10800,0,0569,0025,,,일반건축물,단독주택,단독주택,150.1,90.03,312.7,19980723,3,1,서울특별시 도봉구 도봉동 569-25번지
11320,10800,0,0569,0026,,,표제부,공동주택,공동주택,195.7,85.76,329.6,19910513,3,1,서울특별시 도봉구 도봉동 569-26번지
11320,10800,0,0569,0027,,,표제부,공동주택,공동주택,210.5,103.92,309.66,19910502,2,1,서울특별시 도봉구 도봉동 569-27번지
11320,10800,0,0569,0028,,,일반건축물,단독주택,단독주택,128.2,73.06,198.18,19910618,2,1,서울특별시 도봉구 도봉동 569-28번지
11320,10800,0,0569,0029,위드빌,,표제부,공동주택,도시형생활주택(단지형다세대주택),305.1,182.68,608.93,20191028,5,0,서울특별시 도봉구 도봉동 569-29번지
11320,10800,0,0569,0032,,,일반건축물,단독주택,단독주택,140.1,72.19,199.17,19910618,2,1,서울특별시 도봉구 도봉동 569-32번지
11320,10800,0,0569,0033,동일맨션,,표제부,공동주택,도시형생활주택[단지형다세대주택],259.2,154.81,518.02,20130415,5,0,서울특별시 도봉구 도봉동 569-33번지
11320,10800,0,0569,0035,,,일반건축물,단독주택,주택,0,61.77,123.54,19830209,2,0,서울특별시 도봉구 도봉동 569-35번지
11320,10800,0,0569,0036,,,일반건축물,단독주택,주택,0,63.54,132.48,19830204,2,1,서울특별시 도봉구 도봉동 569-36번지
11320,10800,0,0569,0037,,,일반건축물,단독주택,주택,0,70.06,160.28,19830927,2,1,서울특별시 도봉구 도봉동 569-37번지
11320,10800,0,0569,0038,,,일반건축물,단독주택,주택,0,52.32,120.39,19830927,2,1,서울특별시 도봉구 도봉동 569-38번지
11320,10800,0,0569,0039,,,일반건축물,단독주택,주택,0,70.06,160.28,19830927,2,1,서울특별시 도봉구 도봉동 569-39번지
11320,10800,0,0569,0040,,,일반건축물,단독주택,주택,0,51.16,118.07,19831029,2,1,서울특별시 도봉구 도봉동 569-40번지
11320,10800,0,0569,0042,,,표제부,공동주택,다세대주택,0,0,249.3,19860904,2,1,서울특별시 도봉구 도봉동 569-42번지
11320,10800,0,0569,0043,,,표제부,공동주택,공동주택,175.9,87.9,238.86,19860904,2,1,서울특별시 도봉구 도봉동 569-43번지
11320,10800,0,0570,0000,,,일반건축물,단독주택,"근린생활시설, 다가구주택",273.4,163.08,349.14,19961127,2,1,서울특별시 도봉구 도봉동 570번지
11320,10800,0,0570,0001,명성스카이,,표제부,공동주택,"공동주택(도시형생활주택),제2종근린생활시설",214.9,115.91,429.51,20160108,6,0,서울특별시 도봉구 도봉동 570-1번지
11320,10800,0,0570,0002,국일하이츠맨션,,표제부,공동주택,다세대주택,299.3,178.64,657.83,20011015,5,0,서울특별시 도봉구 도봉동 570-2번지
11320,10800,0,0570,0003,,,표제부,공동주택,다세대주택,142.6,77.53,375.4,19970616,4,1,서울특별시 도봉구 도봉동 570-3번지
11320,10800,0,0570,0004,,,일반건축물,단독주택,다가구용단독주택(5),148.6,89.09,239.33,19930910,2,1,서울특별시 도봉구 도봉동 570-4번지
11320,10800,0,0570,0005,,,일반건축물,단독주택,다가구용단독주택(5가구),148.85,88.8,246.36,19930910,2,1,서울특별시 도봉구 도봉동 570-5번지
11320,10800,0,0570,0007,,,일반건축물,단독주택,제1종근린생활시설/다가구주택,144.5,77,368.64,19920909,4,1,서울특별시 도봉구 도봉동 570-7번지
11320,10800,0,0570,0008,동일맨션,,표제부,공동주택,다세대주택,297.1,175.45,659.7,20010908,5,0,서울특별시 도봉구 도봉동 570-8번지
11320,10800,0,0570,0010,삼안리치아파트,,표제부,공동주택,공동주택,296.8,178,985.25,20020524,5,1,서울특별시 도봉구 도봉동 570-10번지
11320,10800,0,0570,0014,,,일반건축물,단독주택,단독주택,139,79.76,267.54,20000909,3,1,서울특별시 도봉구 도봉동 570-14번지
11320,10800,0,0570,0015,,,일반건축물,단독주택,다가구용단독주택(5가구),182.6,105.69,307.84,19970710,3,1,서울특별시 도봉구 도봉동 570-15번지
11320,10800,0,0570,0016,,,일반건축물,단독주택,주택,0,55.87,103.11,19790607,1,1,서울특별시 도봉구 도봉동 570-16번지
11320,10800,0,0570,0017,,,일반건축물,단독주택,다가구용단독주택(4가구),113.16,67.27,195.7,19970710,3,1,서울특별시 도봉구 도봉동 570-17번지
11320,10800,0,0570,0018,,,일반건축물,단독주택,다가구용단독주택(3가구),117.8,69.03,178.81,19970710,2,1,서울특별시 도봉구 도봉동 570-18번지
11320,10800,0,0570,0020,,,일반건축물,단독주택,다가구용단독주택(3),123,73.72,208.5,19970523,2,1,서울특별시 도봉구 도봉동 570-20번지
11320,10800,0,0570,0021,,,일반건축물,단독주택,다가구용단독주택(5가구),222.7,132.22,363.97,19961102,2,1,서울특별시 도봉구 도봉동 570-21번지
11320,10800,0,0570,0022,미라이프,,일반건축물,제2종근린생활시설,"단독주택(다중주택), 제2종근린생활시설",199.8,119.11,399.47,20180803,5,0,서울특별시 도봉구 도봉동 570-22번지
11320,10800,0,0570,0023,,,일반건축물,단독주택,주택,0,127.53,321.66,19831116,2,1,서울특별시 도봉구 도봉동 570-23번지
11320,10800,0,0570,0024,,,일반건축물,제2종근린생활시설,"근린생활시설, 주택",0,100.74,425.1,19860811,3,1,서울특별시 도봉구 도봉동 570-24번지
11320,10800,0,0570,0025,,,일반건축물,제1종근린생활시설,근린생활시설,0,65.69,81.52,19790816,1,1,서울특별시 도봉구 도봉동 570-25번지
11320,10800,0,0570,0026,,,일반건축물,단독주택,단독주택(근린생활시설및주택),108,57.62,120.39,19790801,1,1,서울특별시 도봉구 도봉동 570-26번지
11320,10800,0,0571,0000,도봉산 리베니움 아파트,,표제부,공동주택,관리실,0,11.34,11.34,20040715,1,0,서울특별시 도봉구 도봉동 571번지
11320,10800,0,0571,0000,도봉산 리베니움 아파트,,표제부,공동주택,공동주택(아파트),0,618.75,3990.82,20040715,5,1,서울특별시 도봉구 도봉동 571번지
11320,10800,0,0571,0000,도봉산 리베니움 아파트,,표제부,공동주택,"공동주택(아파트),근린생활시설",0,431.37,2726.61,20040715,5,1,서울특별시 도봉구 도봉동 571번지
11320,10800,0,0571,0001,,,일반건축물,단독주택,"근린생활시설,주택",224.1,134.3,485.92,19801030,3,1,서울특별시 도봉구 도봉동 571-1번지
11320,10800,0,0571,0002,,,일반건축물,제1종근린생활시설,소매점,368.7,219.57,219.57,20100729,1,0,서울특별시 도봉구 도봉동 571-2번지
11320,10800,0,0571,0004,,,일반건축물,제1종근린생활시설,"제1종근린생활시설,단독주택",155.9,91.6,273.31,20150612,3,0,서울특별시 도봉구 도봉동 571-4번지
11320,10800,0,0572,0000,,,일반건축물,제1종근린생활시설,"근린생활시설, 주택",215.5,125.79,340.71,,2,1,서울특별시 도봉구 도봉동 572번지
11320,10800,0,0572,0001,,,표제부,공동주택,공동주택,197.7,118.56,416.64,20030812,4,0,서울특별시 도봉구 도봉동 572-1번지
11320,10800,0,0572,0002,현대씨티빌,,표제부,공동주택,도시형생활주택(단지형다세대주택),205.7,122.5,410.57,20130402,5,0,서울특별시 도봉구 도봉동 572-2번지
11320,10800,0,0572,0003,,,표제부,공동주택,다세대주택,0,0,492.19,19970329,4,1,서울특별시 도봉구 도봉동 572-3번지
11320,10800,0,0572,0003,,,표제부,공동주택,다세대주택,0,0,547.08,19970329,4,1,서울특별시 도봉구 도봉동 572-3번지
11320,10800,0,0572,0004,동일맨션,,표제부,공동주택,공동주택(다세대주택),359.6,215.18,681.95,20131127,5,0,서울특별시 도봉구 도봉동 572-4번지
11320,10800,0,0572,0005,,,일반건축물,단독주택,단독주택,176.7,87.76,246.96,19901006,2,1,서울특별시 도봉구 도봉동 572-5번지
11320,10800,0,0572,0006,한솔팰리스,,표제부,공동주택,다세대주택 및 제1종근린생활시설,361.3,216.38,722.46,20131022,5,0,서울특별시 도봉구 도봉동 572-6번지
11320,10800,0,0572,0008,,,일반건축물,단독주택,단독주택,0,82.23,167.88,19830215,2,1,서울특별시 도봉구 도봉동 572-8번지
11320,10800,0,0572,0009,,,일반건축물,단독주택,"제1종근린생활시설,다가구주택",204.3,120.28,356.97,20151228,4,0,서울특별시 도봉구 도봉동 572-9번지
11320,10800,0,0572,0010,"명품현대시티(A,B동)",,표제부,공동주택,공동주택(다세대주택(도시형생활주택)),675.8,202.07,658.06,20150108,5,0,서울특별시 도봉구 도봉동 572-10번지
11320,10800,0,0572,0010,"명품현대시티(A,B동)",,표제부,공동주택,공동주택(다세대주택(도시형생활주택)),675.8,201.96,658.56,20150108,5,0,서울특별시 도봉구 도봉동 572-10번지
11320,10800,0,0572,0011,,,일반건축물,단독주택,단독주택,185.9,92.43,277.29,19910423,2,1,서울특별시 도봉구 도봉동 572-11번지
11320,10800,0,0572,0012,화이트힐빌라,,표제부,공동주택,공동주택(다세대주택),164.4,98.39,379.61,20030207,4,0,서울특별시 도봉구 도봉동 572-12번지
11320,10800,0,0572,0013,,,표제부,공동주택,공동(다세대)주택,170,359.8,101.16,19950608,3,1,서울특별시 도봉구 도봉동 572-13번지
11320,10800,0,0572,0014,도봉동 572-14 단독주택,,일반건축물,단독주택,단독주택,198.5,118.2,93.9,20220922,1,0,서울특별시 도봉구 도봉동 572-14번지
11320,10800,0,0572,0015,,,일반건축물,단독주택,다가구용단독주택(5가구),166,99.58,291.58,19971106,2,1,서울특별시 도봉구 도봉동 572-15번지
11320,10800,0,0572,0016,,,일반건축물,단독주택,단독주택,175.35,84.14,249.12,19890524,2,1,서울특별시 도봉구 도봉동 572-16번지
11320,10800,0,0572,0017,,,일반건축물,제2종근린생활시설,근린생활시설,0,155.64,483.91,19821011,2,1,서울특별시 도봉구 도봉동 572-17번지
11320,10800,0,0572,0018,동일맨션,,표제부,공동주택,공동주택(연립주택),410,243.64,935.98,20020319,5,0,서울특별시 도봉구 도봉동 572-18번지
11320,10800,0,0572,0021,,,표제부,공동주택,공동주택,222.8,108.02,449.94,19920430,4,1,서울특별시 도봉구 도봉동 572-21번지
11320,10800,0,0573,0000,,,표제부,공동주택,공동주택,246.6,92.75,248.31,19871205,2,1,서울특별시 도봉구 도봉동 573번지
11320,10800,0,0573,0001,초록마을 커뮤니티 공간,,일반건축물,제1종근린생활시설,제1종근린생활시설(주민공동이용시설),199.8,100.08,196.63,20190402,2,0,서울특별시 도봉구 도봉동 573-1번지
11320,10800,0,0573,0002,,,일반건축물,단독주택,단독주택,0,102.41,204.82,19811117,1,1,서울특별시 도봉구 도봉동 573-2번지
11320,10800,0,0573,0003,,,일반건축물,단독주택,단독주택,0,80.64,166.32,19830601,2,1,서울특별시 도봉구 도봉동 573-3번지
11320,10800,0,0573,0004,,,일반건축물,단독주택,단독주택,0,93.24,198.38,19830601,2,1,서울특별시 도봉구 도봉동 573-4번지
11320,10800,0,0573,0005,,,일반건축물,단독주택,"사택, 축사",0,139.78,139.78,,1,0,서울특별시 도봉구 도봉동 573-5번지
11320,10800,0,0573,0005,,,표제부,공동주택,공동주택,216,106.23,319.59,19860609,2,1,서울특별시 도봉구 도봉동 573-5번지
11320,10800,0,0573,0006,,,일반건축물,단독주택,단독주택(다중주택),212.9,125.56,442.88,20230109,4,1,서울특별시 도봉구 도봉동 573-6번지
11320,10800,0,0573,0008,,,표제부,공동주택,공동주택,217.7,107.13,319.59,19860609,2,1,서울특별시 도봉구 도봉동 573-8번지
11320,10800,0,0573,0009,,,표제부,공동주택,공동주택,219.3,107.13,319.59,19860609,2,1,서울특별시 도봉구 도봉동 573-9번지
11320,10800,0,0573,0010,,,표제부,공동주택,공동주택,220.8,107.13,319.59,19860109,2,1,서울특별시 도봉구 도봉동 573-10번지
11320,10800,0,0573,0011,,,표제부,공동주택,공동주택,219.6,90.06,249.3,19871125,2,1,서울특별시 도봉구 도봉동 573-11번지
11320,10800,0,0573,0012,,,표제부,공동주택,다세대주택,0,0,215.64,19871218,2,1,서울특별시 도봉구 도봉동 573-12번지
11320,10800,0,0573,0013,,,표제부,공동주택,공동주택,247.9,120.7,329.37,19871203,2,1,서울특별시 도봉구 도봉동 573-13번지
11320,10800,0,0573,0014,,,표제부,공동주택,공동주택,190.4,90.83,248.76,19871125,2,1,서울특별시 도봉구 도봉동 573-14번지
11320,10800,0,0573,0015,,,표제부,공동주택,공동주택,208,90.83,248.76,19871226,2,1,서울특별시 도봉구 도봉동 573-15번지
11320,10800,0,0573,0016,,,일반건축물,제1종근린생활시설,"근린생활시설, 주택",0,84.66,338.64,19871226,3,1,서울특별시 도봉구 도봉동 573-16번지
11320,10800,0,0573,0017,,,표제부,공동주택,다세대주택,0,0,249.21,19871125,2,1,서울특별시 도봉구 도봉동 573-17번지
11320,10800,0,0573,0018,,,표제부,공동주택,공동주택,192.6,90.83,248.76,19871125,2,1,서울특별시 도봉구 도봉동 573-18번지
11320,10800,0,0573,0019,,,표제부,공동주택,공동주택,174.3,79.93,219.12,19871125,2,1,서울특별시 도봉구 도봉동 573-19번지
11320,10800,0,0573,0020,,,표제부,공동주택,다세대주택,0,0,244.62,19871203,2,1,서울특별시 도봉구 도봉동 573-20번지
11320,10800,0,0573,0021,,,표제부,공동주택,다세대주택,0,0,249.24,19871130,2,1,서울특별시 도봉구 도봉동 573-21번지
11320,10800,0,0573,0022,,,표제부,공동주택,다세대주택,0,0,249.24,19871130,2,1,서울특별시 도봉구 도봉동 573-22번지
11320,10800,0,0573,0023,,,표제부,공동주택,공동주택,175.7,87.48,247.32,19871201,2,1,서울특별시 도봉구 도봉동 573-23번지
11320,10800,0,0573,0024,,,표제부,공동주택,다세대주택,0,0,249.3,19871212,2,1,서울특별시 도봉구 도봉동 573-24번지
11320,10800,0,0573,0025,,,표제부,공동주택,공동주택,199.1,90.06,249.3,19871203,2,1,서울특별시 도봉구 도봉동 573-25번지
11320,10800,0,0573,0028,,,일반건축물,제1종근린생활시설,"근린생활시설, 주택",0,106.3,425.2,19871230,3,1,서울특별시 도봉구 도봉동 573-28번지
11320,10800,0,0573,0029,,,일반건축물,단독주택,다가구주택(4가구),90.9,53.12,132.6,19940517,2,1,서울특별시 도봉구 도봉동 573-29번지
11320,10800,0,0573,0030,,,일반건축물,제1종근린생활시설,"근린생활시설, 주택",171.9,85.03,412.48,19870803,4,1,서울특별시 도봉구 도봉동 573-30번지
11320,10800,0,0574,0000,,,일반건축물,단독주택,다가구용단독주택(7가구),175.7,104.83,408.82,19961209,3,1,서울특별시 도봉구 도봉동 574번지
11320,10800,0,0574,0001,,,일반건축물,제1종근린생활시설,"근린생활시설, 주택",226.4,112.14,347.98,19840915,2,1,서울특별시 도봉구 도봉동 574-1번지
11320,10800,0,0574,0002,,,표제부,공동주택,공동주택,234.8,91.08,249.24,19870716,2,1,서울특별시 도봉구 도봉동 574-2번지
11320,10800,0,0574,0003,,,표제부,공동주택,다세대주택,141.3,84.39,271.48,20080326,5,0,서울특별시 도봉구 도봉동 574-3번지
11320,10800,0,0574,0004,,,일반건축물,단독주택,다가구용단독주택(5가구),117.4,70.15,201.33,19960817,3,0,서울특별시 도봉구 도봉동 574-4번지
11320,10800,0,0574,0005,,,표제부,공동주택,공동(다세대)주택,302.8,181.44,633.42,20020125,4,0,서울특별시 도봉구 도봉동 574-5번지
11320,10800,0,0574,0008,,,표제부,공동주택,다세대주택,138.7,83.19,415.41,20010416,4,1,서울특별시 도봉구 도봉동 574-8번지
11320,10800,0,0574,0009,,,표제부,공동주택,다세대주택,179.5,107.1,358.58,20080825,5,0,서울특별시 도봉구 도봉동 574-9번지
11320,10800,0,0574,0010,,,표제부,공동주택,공동주택(다세대주택),190.4,113.96,431.3,20020620,5,0,서울특별시 도봉구 도봉동 574-10번지
11320,10800,0,0574,0011,,,표제부,공동주택,다세대주택,167.2,86.77,407.19,20010910,4,1,서울특별시 도봉구 도봉동 574-11번지
11320,10800,0,0574,0012,,,표제부,공동주택,공동주택,181.1,85.05,394.9,19911024,4,1,서울특별시 도봉구 도봉동 574-12번지
11320,10800,0,0574,0013,,,표제부,공동주택,공동주택,194.2,90.36,426.3,19910916,4,1,서울특별시 도봉구 도봉동 574-13번지
11320,10800,0,0574,0014,,,일반건축물,단독주택,단독주택,0,83.97,125.09,19781201,1,1,서울특별시 도봉구 도봉동 574-14번지
11320,10800,0,0574,0015,,,일반건축물,제2종근린생활시설,근린생활시설,423.3,253.51,1537.33,19940716,5,1,서울특별시 도봉구 도봉동 574-15번지
11320,10800,0,0574,0016,,,일반건축물,제1종근린생활시설,근린생활시설,0,263.02,1182.71,19911009,4,1,서울특별시 도봉구 도봉동 574-16번지
11320,10800,0,0574,0018,,,일반건축물,단독주택,단독주택,354.45,99.72,277.56,19870905,2,1,서울특별시 도봉구 도봉동 574-18번지
11320,10800,0,0574,0019,,,일반건축물,단독주택,단독주택,0,90.58,188.12,19830514,2,1,서울특별시 도봉구 도봉동 574-19번지
11320,10800,0,0574,0020,,,일반건축물,단독주택,단독주택,100.5,59.82,163.62,19911022,2,1,서울특별시 도봉구 도봉동 574-20번지
11320,10800,0,0574,0021,진영빌라,,표제부,공동주택,공동주택(다세대주택),283,169.65,631.95,20020627,5,0,서울특별시 도봉구 도봉동 574-21번지
11320,10800,0,0574,0023,,,일반건축물,제1종근린생활시설,"근린생활시설, 주택",0,113.25,483.6,19881116,3,1,서울특별시 도봉구 도봉동 574-23번지
11320,10800,0,0574,0024,현대주택,,표제부,공동주택,공동주택,190.7,114.29,421.04,20030719,4,0,서울특별시 도봉구 도봉동 574-24번지
11320,10800,0,0574,0025,현대주택,,표제부,공동주택,공동주택,206.6,123.81,459.73,20030716,4,0,서울특별시 도봉구 도봉동 574-25번지
11320,10800,0,0574,0026,,,일반건축물,단독주택,다가구용단독주택(11가구),205.58,123.31,475.45,19930623,3,1,서울특별시 도봉구 도봉동 574-26번지
11320,10800,0,0574,0027,,,일반건축물,단독주택,"근린생활시설, 주택(1가구)",161.1,96.27,192.54,19950814,2,0,서울특별시 도봉구 도봉동 574-27번지
11320,10800,0,0574,0028,,,일반건축물,제1종근린생활시설,"근린생활시설, 주택(1)",126.4,75.48,138.75,19950821,2,0,서울특별시 도봉구 도봉동 574-28번지
11320,10800,0,0574,0030,,,일반건축물,단독주택,"단독주택,근린생활시설",0,84.39,334.68,19860611,3,1,서울특별시 도봉구 도봉동 574-30번지
11320,10800,0,0574,0031,,,일반건축물,제1종근린생활시설,"근린생활시설, 주택",159.6,79.35,351.97,19901114,3,1,서울특별시 도봉구 도봉동 574-31번지
11320,10800,0,0574,0032,,,일반건축물,단독주택,다가구용단독주택(7가구),178.6,92.45,320.28,19951103,3,1,서울특별시 도봉구 도봉동 574-32번지
11320,10800,0,0574,0033,,,일반건축물,단독주택,주택 및 근린생활시설,163.98,97.9,495.78,19940621,4,1,서울특별시 도봉구 도봉동 574-33번지
11320,10800,0,0574,0034,,,일반건축물,제2종근린생활시설,제2종근린생활시설,0,46.21,92.42,19720607,2,0,서울특별시 도봉구 도봉동 574-34번지
11320,10800,0,0574,0036,,,일반건축물,단독주택,"주택, 점포",0,81.82,94.68,19760604,1,1,서울특별시 도봉구 도봉동 574-36번지
11320,10800,0,0574,0037,,,일반건축물,단독주택,"주택, 점포",0,72.96,132.4,19730809,2,1,서울특별시 도봉구 도봉동 574-37번지
11320,10800,0,0574,0038,,,일반건축물,단독주택,"근린생활시설, 주택",162.03,81,191.7,19870619,2,1,서울특별시 도봉구 도봉동 574-38번지
11320,10800,0,0574,0044,,,표제부,공동주택,다세대주택,189.17,189.17,656.4,19930511,3,1,서울특별시 도봉구 도봉동 574-44번지
11320,10800,0,0574,0045,진영빌라,,표제부,공동주택,공동주택(다세대주택),257.6,154.16,571.77,20020619,5,0,서울특별시 도봉구 도봉동 574-45번지
11320,10800,0,0575,0000,,,일반건축물,제2종근린생활시설,제2종근린생활시설,196.6,115.94,453.77,19800614,4,1,서울특별시 도봉구 도봉동 575번지
11320,10800,0,0575,0001,,,표제부,공동주택,다세대주택,236.7,141.75,456.92,20080901,4,0,서울특별시 도봉구 도봉동 575-1번지
11320,10800,0,0575,0002,,,일반건축물,제2종근린생활시설,"근린생활시설, 주택",0,217.6,1173.9,19881006,4,1,서울특별시 도봉구 도봉동 575-2번지
11320,10800,0,0575,0003,,,일반건축물,단독주택,"근린생활시설, 주택",0,97.49,292.47,19811022,2,1,서울특별시 도봉구 도봉동 575-3번지
11320,10800,0,0575,0004,,,일반건축물,단독주택,"주택, 점포",0,116.66,263.6,19680702,3,0,서울특별시 도봉구 도봉동 575-4번지
11320,10800,0,0575,0005,,,일반건축물,제1종근린생활시설,"주택, 점포",0,149.29,358.1,19781221,2,1,서울특별시 도봉구 도봉동 575-5번지
11320,10800,0,0575,0006,,,일반건축물,제2종근린생활시설,근린생활시설,175.8,104.96,299.52,20030604,3,0,서울특별시 도봉구 도봉동 575-6번지
11320,10800,0,0575,0007,,,일반건축물,제2종근린생활시설,"근린생활시설, 주택",0,170.05,674.24,19781007,3,1,서울특별시 도봉구 도봉동 575-7번지
11320,10800,0,0575,0008,,,일반건축물,단독주택,"근린생활시설, 단독주택",0,49.32,147,19830927,2,1,서울특별시 도봉구 도봉동 575-8번지
11320,10800,0,0575,0009,,,일반건축물,제2종근린생활시설,"주택, 근린생활시설",268.8,155.67,380.42,19830114,2,1,서울특별시 도봉구 도봉동 575-9번지
11320,10800,0,0575,0011,,,표제부,공동주택,공동주택(다세대주택),246.5,147.33,488,20050921,5,0,서울특별시 도봉구 도봉동 575-11번지
11320,10800,0,0575,0012,,,일반건축물,단독주택,다가구용단독주택(4가구),187.3,111.52,301.86,19960608,2,1,서울특별시 도봉구 도봉동 575-12번지
11320,10800,0,0575,0013,,,일반건축물,단독주택,다가구용단독주택(6),180.9,108.45,380.01,19971022,3,1,서울특별시 도봉구 도봉동 575-13번지
11320,10800,0,0575,0014,,,일반건축물,단독주택,"단독주택(2가구), 근린생활시설",158.7,94.43,257.96,19970626,2,1,서울특별시 도봉구 도봉동 575-14번지
11320,10800,0,0575,0015,,,표제부,공동주택,다세대주택(7가구),213.1,127.15,457.34,19960209,3,1,서울특별시 도봉구 도봉동 575-15번지
11320,10800,0,0576,0000,,,표제부,공동주택,다세대주택,199.4,103.59,492.87,19931109,4,1,서울특별시 도봉구 도봉동 576번지
11320,10800,0,0576,0002,,,일반건축물,단독주택,다가구용단독주택(7가구),142.3,83.73,274.44,19930923,3,1,서울특별시 도봉구 도봉동 576-2번지
11320,10800,0,0576,0003,,,일반건축물,단독주택,다가구용단독주택(7가구),271.98,143.52,496.23,19971227,3,1,서울특별시 도봉구 도봉동 576-3번지
11320,10800,0,0576,0004,,,일반건축물,단독주택,다가구용단독주택(5가구),129.6,72.65,199.17,19931023,2,1,서울특별시 도봉구 도봉동 576-4번지
11320,10800,0,0576,0005,,,일반건축물,단독주택,다가구용단독주택(5가구),119.4,60.14,148.74,19931108,2,1,서울특별시 도봉구 도봉동 576-5번지
11320,10800,0,0576,0006,라상스,,표제부,공동주택,다세대주택,291.9,161.17,436.42,20220901,5,0,서울특별시 도봉구 도봉동 576-6번지
11320,10800,0,0576,0008,,,일반건축물,단독주택,다가구용단독주택,97.9,58.5,167.7,19950710,2,1,서울특별시 도봉구 도봉동 576-8번지
11320,10800,0,0576,0010,,,표제부,공동주택,공동주택,560.95,278.76,1115.04,19901201,3,1,서울특별시 도봉구 도봉동 576-10번지
11320,10800,0,0576,0012,,,표제부,공동주택,공동주택,0,111.94,328.08,19910506,2,1,서울특별시 도봉구 도봉동 576-12번지
11320,10800,0,0576,0012,,,표제부,공동주택,공동주택,0,111.94,328.08,19910506,2,1,서울특별시 도봉구 도봉동 576-12번지
11320,10800,0,0576,0012,,,표제부,공동주택,공동주택,0,111.94,328.08,19910506,2,1,서울특별시 도봉구 도봉동 576-12번지
11320,10800,0,0576,0014,,,일반건축물,제2종근린생활시설,근린생활시설,0,83.52,349.16,19880630,3,1,서울특별시 도봉구 도봉동 576-14번지
11320,10800,0,0576,0015,,,일반건축물,제2종근린생활시설,"근린생활시설, 주택(1가구)",164,87.78,369.51,19940725,4,1,서울특별시 도봉구 도봉동 576-15번지
11320,10800,0,0576,0016,,,일반건축물,단독주택,"근린생활시설, 주택",162,80.92,325.23,19901107,3,1,서울특별시 도봉구 도봉동 576-16번지
11320,10800,0,0576,0017,,,일반건축물,제1종근린생활시설,"근린생활시설, 주택",194.5,96.72,384.78,19870616,3,1,서울특별시 도봉구 도봉동 576-17번지
11320,10800,0,0576,0018,,,표제부,공동주택,공동주택,203.4,97.02,286.74,19901214,2,1,서울특별시 도봉구 도봉동 576-18번지
11320,10800,0,0576,0019,삼호빌라,,표제부,공동주택,"근린생활시설, 다세대주택",394.1,197.03,836.86,20010919,4,1,서울특별시 도봉구 도봉동 576-19번지
11320,10800,0,0576,0021,,,일반건축물,단독주택,다가구주택,158.15,78.84,274.05,19891030,3,1,서울특별시 도봉구 도봉동 576-21번지
11320,10800,0,0576,0022,,,일반건축물,단독주택,다가구주택(7),160.3,94.65,361.5,19970715,3,1,서울특별시 도봉구 도봉동 576-22번지
11320,10800,0,0576,0023,,,일반건축물,단독주택,다가구용단독주택(7),188.4,112.53,309.33,19930708,2,1,서울특별시 도봉구 도봉동 576-23번지
11320,10800,0,0576,0025,,,일반건축물,노유자시설,노유자시설,164.2,98,240.36,20060627,3,0,서울특별시 도봉구 도봉동 576-25번지
11320,10800,0,0576,0026,,,표제부,공동주택,다세대주택,169.8,92.34,397.82,19921128,4,1,서울특별시 도봉구 도봉동 576-26번지
11320,10800,0,0576,0027,,,표제부,공동주택,공동주택,183.3,95.5,444.12,19911119,4,1,서울특별시 도봉구 도봉동 576-27번지
11320,10800,0,0576,0028,,,일반건축물,단독주택,다가구용단독주택(8가구),175.1,102.8,390.46,19961113,3,1,서울특별시 도봉구 도봉동 576-28번지
11320,10800,0,0576,0030,,,표제부,공동주택,다세대주택,163.25,97.08,292.2,19940205,3,1,서울특별시 도봉구 도봉동 576-30번지
11320,10800,0,0576,0031,,,표제부,공동주택,다세대주택,190.4,104.82,449.59,19921211,4,1,서울특별시 도봉구 도봉동 576-31번지
11320,10800,0,0576,0032,,,표제부,공동주택,다세대주택,185,110.98,446.94,19940915,4,1,서울특별시 도봉구 도봉동 576-32번지
11320,10800,0,0576,0033,,,일반건축물,단독주택,다가구용단독주택(7),174.8,104.64,378.72,19941021,3,1,서울특별시 도봉구 도봉동 576-33번지
11320,10800,0,0576,0035,,,일반건축물,단독주택,다가구주택(5),176.1,105.54,294.73,19970530,2,1,서울특별시 도봉구 도봉동 576-35번지
11320,10800,0,0576,0036,,,일반건축물,제2종근린생활시설,주택,0,94.55,140.03,19790414,1,1,서울특별시 도봉구 도봉동 576-36번지
11320,10800,0,0576,0037,,,일반건축물,단독주택,주택,0,84.96,169.92,19800222,1,1,서울특별시 도봉구 도봉동 576-37번지
11320,10800,0,0576,0038,도봉다세대주택,,표제부,공동주택,공동(다세대)주택,204.7,116.88,563.81,20011224,4,1,서울특별시 도봉구 도봉동 576-38번지
11320,10800,0,0576,0039,,,일반건축물,단독주택,단독주택,112.6,56.03,193.93,19901129,2,1,서울특별시 도봉구 도봉동 576-39번지
11320,10800,0,0576,0040,,,일반건축물,단독주택,단독주택,413.6,184.45,324.55,20160705,3,0,서울특별시 도봉구 도봉동 576-40번지
11320,10800,0,0576,0043,,,표제부,공동주택,다세대주택,254.81,142.06,639.39,19940514,4,1,서울특별시 도봉구 도봉동 576-43번지
11320,10800,0,0576,0063,,,표제부,공동주택,다세대주택,159.2,83.54,299.64,19930618,3,1,서울특별시 도봉구 도봉동 576-63번지
11320,10800,0,0577,0000,도봉1동복합보육시설,,일반건축물,노유자시설,노유자시설(영유아보육시설),1023.1,494.32,1527.04,20100825,3,1,서울특별시 도봉구 도봉동 577번지
11320,10800,0,0577,0001,삼호맨션,,표제부,공동주택,근린생활시설 및 공동주택,308.1,183.875,971.38,20020827,5,1,서울특별시 도봉구 도봉동 577-1번지
11320,10800,0,0577,0004,,,표제부,공동주택,공동주택,179,84.24,247.32,19901215,2,1,서울특별시 도봉구 도봉동 577-4번지
11320,10800,0,0577,0005,,,일반건축물,단독주택,"근린생활시설, 주택",185.1,91.7,485.24,19900616,4,1,서울특별시 도봉구 도봉동 577-5번지
11320,10800,0,0578,0000,동일하이츠맨션,,표제부,공동주택,공동주택,214.5,127.99,639.41,19991027,4,1,서울특별시 도봉구 도봉동 578번지
11320,10800,0,0578,0001,도봉산그린빌,,표제부,공동주택,다세대주택,214.5,128.32,461.41,20011004,4,0,서울특별시 도봉구 도봉동 578-1번지
11320,10800,0,0578,0002,도봉산맨션,,표제부,공동주택,다세대주택,310.4,185,626.49,20010207,4,0,서울특별시 도봉구 도봉동 578-2번지
11320,10800,0,0578,0004,동일맨션,,표제부,공동주택,공동주택,308,182.1,659.68,20020521,5,0,서울특별시 도봉구 도봉동 578-4번지
11320,10800,0,0578,0005,,,표제부,공동주택,다세대주택,230.1,119.87,597.83,19941012,4,1,서울특별시 도봉구 도봉동 578-5번지
11320,10800,0,0578,0008,,,표제부,공동주택,다세대주택(8),270.5,153.56,626.89,19960517,4,1,서울특별시 도봉구 도봉동 578-8번지
11320,10800,0,0578,0009,,,일반건축물,제1종근린생활시설,"근린생활시설, 주택",473.3,235.89,888.6,19901122,3,1,서울특별시 도봉구 도봉동 578-9번지
11320,10800,0,0578,0010,,,일반건축물,단독주택,단독주택,155.6,69.69,198.99,19910704,2,1,서울특별시 도봉구 도봉동 578-10번지
11320,10800,0,0578,0011,,,일반건축물,단독주택,주택,0,51.44,61.65,19770811,1,1,서울특별시 도봉구 도봉동 578-11번지
11320,10800,0,0578,0012,,,일반건축물,단독주택,주택,0,80.76,161.52,19800115,1,1,서울특별시 도봉구 도봉동 578-12번지
11320,10800,0,0578,0013,,,일반건축물,단독주택,다가구용단독주택(11가구),172.2,96.87,341.96,19931005,3,1,서울특별시 도봉구 도봉동 578-13번지
11320,10800,0,0578,0014,정화빌라,,표제부,공동주택,다세대주택,344.2,188.83,658.56,20021108,5,0,서울특별시 도봉구 도봉동 578-14번지
11320,10800,0,0578,0016,,,표제부,공동주택,다세대주택,172.1,102.93,448.98,19940429,4,1,서울특별시 도봉구 도봉동 578-16번지
11320,10800,0,0578,0017,,,표제부,공동주택,공동주택,346.7,206.58,657.64,20000613,4,0,서울특별시 도봉구 도봉동 578-17번지
11320,10800,0,0578,0022,,,일반건축물,단독주택,주택,0,71.17,215.53,19850923,2,1,서울특별시 도봉구 도봉동 578-22번지
11320,10800,0,0579,0000,,,표제부,공동주택,다세대주택,197.1,113.6,519.08,19951013,4,1,서울특별시 도봉구 도봉동 579번지
11320,10800,0,0579,0002,,,표제부,공동주택,다세대주택,202.3,120.59,514.7,19970604,4,1,서울특별시 도봉구 도봉동 579-2번지
11320,10800,0,0579,0003,,,일반건축물,제1종근린생활시설,"근린생활시설, 주택",134.7,66.61,336.83,19890121,4,1,서울특별시 도봉구 도봉동 579-3번지
11320,10800,0,0579,0004,,,일반건축물,단독주택,단독주택,121.4,69.84,199.95,19901220,2,1,서울특별시 도봉구 도봉동 579-4번지
11320,10800,0,0579,0005,,,일반건축물,단독주택,주택,0,66.05,80.43,19771227,1,1,서울특별시 도봉구 도봉동 579-5번지
11320,10800,0,0579,0006,,,일반건축물,단독주택,단독주택(다중주택),118,70.08,241.65,20100927,3,1,서울특별시 도봉구 도봉동 579-6번지
11320,10800,0,0579,0007,,,일반건축물,종교시설,"종교시설, 제1종근린생활시설, 주택,노유자시설",451.9,222,834.25,19690907,3,1,서울특별시 도봉구 도봉동 579-7번지
11320,10800,0,0579,0010,,,표제부,공동주택,공동주택,174.8,86.59,249.66,19861129,2,1,서울특별시 도봉구 도봉동 579-10번지
11320,10800,0,0579,0015,,,표제부,공동주택,연립주택,0,0,1093.5,19881010,3,1,서울특별시 도봉구 도봉동 579-15번지
11320,10800,0,0579,0015,,,표제부,공동주택,연립주택,0,0,1093.5,19881010,3,1,서울특별시 도봉구 도봉동 579-15번지
11320,10800,0,0579,0015,,,표제부,공동주택,연립주택,0,0,1093.5,19881010,3,1,서울특별시 도봉구 도봉동 579-15번지
11320,10800,0,0580,0000,,,일반건축물,단독주택,"근린생활시설, 주택(1가구)",207.7,124.56,724.68,19950220,5,1,서울특별시 도봉구 도봉동 580번지
11320,10800,0,0580,0001,,,표제부,공동주택,공동주택,174.5,84,312.64,19910626,3,1,서울특별시 도봉구 도봉동 580-1번지
11320,10800,0,0580,0002,,,표제부,공동주택,공동주택,182.2,100.82,350.9,20121015,4,0,서울특별시 도봉구 도봉동 580-2번지
11320,10800,0,0580,0003,,,일반건축물,제1종근린생활시설,"근린생활시설, 주택",0,77.34,236.58,19841206,2,1,서울특별시 도봉구 도봉동 580-3번지
11320,10800,0,0580,0004,,,일반건축물,제1종근린생활시설,"주택, 근린생활시설",0,62.64,266.62,19850827,3,1,서울특별시 도봉구 도봉동 580-4번지
11320,10800,0,0580,0005,도봉동어르신복지관,,일반건축물,노유자시설,교육연구및복지시설(노인복지시설),490,287.19,1281.2,20051130,4,1,서울특별시 도봉구 도봉동 580-5번지
11320,10800,0,0580,0006,희성 그랜드빌,,표제부,공동주택,공동주택,662.4,180.41,659.52,20140317,5,0,서울특별시 도봉구 도봉동 580-6번지
11320,10800,0,0580,0006,희성 그랜드빌,,표제부,공동주택,공동주택,662.4,216.48,659.69,20140317,5,0,서울특별시 도봉구 도봉동 580-6번지
11320,10800,0,0580,0008,,,표제부,공동주택,도시형생활주택(다세대주택),412.2,212.16,659.64,20120730,5,0,서울특별시 도봉구 도봉동 580-8번지
11320,10800,0,0580,0011,,,일반건축물,단독주택,주택,0,68.73,81.79,19760830,1,1,서울특별시 도봉구 도봉동 580-11번지
11320,10800,0,0580,0013,,,일반건축물,단독주택,주택,0,70.78,79.77,19770628,1,1,서울특별시 도봉구 도봉동 580-13번지
11320,10800,0,0580,0014,,,일반건축물,단독주택,단독주택,153,81.41,107.19,19770819,1,1,서울특별시 도봉구 도봉동 580-14번지
11320,10800,0,0580,0015,,,일반건축물,단독주택,주택,0,68.73,81.75,19760714,1,1,서울특별시 도봉구 도봉동 580-15번지
11320,10800,0,0580,0016,,,일반건축물,단독주택,주택,0,82.05,132.79,19770819,1,1,서울특별시 도봉구 도봉동 580-16번지
11320,10800,0,0580,0017,동일맨션,,표제부,공동주택,공동주택(다세대주택),310.9,181.3,659.9,20021130,5,0,서울특별시 도봉구 도봉동 580-17번지
11320,10800,0,0580,0020,,,일반건축물,단독주택,다가구용단독주택(5가구),122.6,61.29,191.46,19900706,2,1,서울특별시 도봉구 도봉동 580-20번지
11320,10800,0,0580,0021,노블리안,,표제부,공동주택,도시형생활주택(단지형다세대주택),528.7,160.38,524.63,20140527,5,0,서울특별시 도봉구 도봉동 580-21번지
11320,10800,0,0580,0021,노블리안,,표제부,공동주택,도시형생활주택(단지형다세대주택),528.7,143.89,529.38,20140527,5,0,서울특별시 도봉구 도봉동 580-21번지
11320,10800,0,0580,0022,벨로즈빌,,표제부,공동주택,공동주택(다세대주택),330,197.89,659.94,20140314,5,0,서울특별시 도봉구 도봉동 580-22번지
11320,10800,0,0580,0023,노블리안,,표제부,공동주택,도시형생활주택(단지형다세대주택),313,185.69,624.58,20140617,5,0,서울특별시 도봉구 도봉동 580-23번지
11320,10800,0,0581,0000,,,일반건축물,단독주택,단독주택,147.9,73.59,220.77,19900618,2,1,서울특별시 도봉구 도봉동 581번지
11320,10800,0,0581,0001,,,일반건축물,단독주택,다가구용단독주택(5가구),140.4,84.06,245.94,19960817,2,1,서울특별시 도봉구 도봉동 581-1번지
11320,10800,0,0581,0002,동훈빌라,,표제부,공동주택,다세대,208.6,123.84,537.63,20010621,4,1,서울특별시 도봉구 도봉동 581-2번지
11320,10800,0,0581,0003,,,표제부,공동주택,연립주택(19세대),438.8,240.44,970.06,19960822,4,1,서울특별시 도봉구 도봉동 581-3번지
11320,10800,0,0581,0005,,,일반건축물,단독주택,"주택, 근린생활시설",0,153.63,337.5,19830406,2,1,서울특별시 도봉구 도봉동 581-5번지
11320,10800,0,0581,0006,,,일반건축물,제1종근린생활시설,"근린생활시설, 주택",140.6,69.37,309.16,19911114,3,1,서울특별시 도봉구 도봉동 581-6번지
11320,10800,0,0581,0008,,,표제부,공동주택,"다세대주택(5가구), 근린생활시설",201.5,114.76,495.34,19951020,4,1,서울특별시 도봉구 도봉동 581-8번지
11320,10800,0,0581,0009,,,일반건축물,단독주택,주택,0,57.95,77.72,19780614,1,1,서울특별시 도봉구 도봉동 581-9번지
11320,10800,0,0581,0010,,,일반건축물,단독주택,다가구용단독주택(4가구),110.9,66.5,179.86,19950911,2,1,서울특별시 도봉구 도봉동 581-10번지
11320,10800,0,0581,0011,,,일반건축물,단독주택,주택,0,57.95,77.72,19780614,1,1,서울특별시 도봉구 도봉동 581-11번지
11320,10800,0,0581,0012,,,일반건축물,단독주택,다가구용단독주택(4가구),121.09,66.96,179.73,19961107,2,1,서울특별시 도봉구 도봉동 581-12번지
11320,10800,0,0581,0013,동훈빌라,,표제부,공동주택,다세대주택,244.4,136.59,658.62,20010614,4,1,서울특별시 도봉구 도봉동 581-13번지
11320,10800,0,0581,0014,,,일반건축물,단독주택,주택,0,43.27,73.75,19781207,1,1,서울특별시 도봉구 도봉동 581-14번지
11320,10800,0,0581,0015,,,일반건축물,단독주택,단독주택,197.5,83.35,247.05,19900924,2,1,서울특별시 도봉구 도봉동 581-15번지
11320,10800,0,0582,0000,인창빌라,,표제부,공동주택,다세대주택,157.3,92.35,356.14,20021024,5,0,서울특별시 도봉구 도봉동 582번지
11320,10800,0,0582,0001,,,일반건축물,단독주택,단독주택,135.5,81,243,19911106,2,1,서울특별시 도봉구 도봉동 582-1번지
11320,10800,0,0582,0002,,,일반건축물,단독주택,다가구용단독주택(5가구),135.2,79.2,237.6,19950907,2,1,서울특별시 도봉구 도봉동 582-2번지
11320,10800,0,0582,0003,,,일반건축물,단독주택,다가구용단독주택(5가구),133.1,79.2,237.6,19950907,2,1,서울특별시 도봉구 도봉동 582-3번지
11320,10800,0,0582,0004,,,일반건축물,단독주택,단독주택,134.8,80.38,235.39,20031020,3,0,서울특별시 도봉구 도봉동 582-4번지
11320,10800,0,0582,0005,,,일반건축물,단독주택,단독주택,111.8,66.51,199.53,19910130,2,1,서울특별시 도봉구 도봉동 582-5번지
11320,10800,0,0582,0006,,,일반건축물,단독주택,단독주택,110.8,65.78,197.34,19910118,2,1,서울특별시 도봉구 도봉동 582-6번지
11320,10800,0,0582,0007,,,일반건축물,단독주택,단독주택,111.1,65.78,197.34,19910220,2,1,서울특별시 도봉구 도봉동 582-7번지
11320,10800,0,0582,0008,,,일반건축물,단독주택,단독주택,109.1,65.29,195.87,19910315,2,1,서울특별시 도봉구 도봉동 582-8번지
11320,10800,0,0582,0009,,,일반건축물,단독주택,단독주택,126.6,73.44,220.32,19910305,2,1,서울특별시 도봉구 도봉동 582-9번지
11320,10800,0,0582,0010,,,일반건축물,단독주택,단독주택(다가구주택) 및 제1종근린생활시설(소매점),155.4,91.8,305.82,20160920,4,0,서울특별시 도봉구 도봉동 582-10번지
11320,10800,0,0582,0011,,,일반건축물,단독주택,다가구용단독주택(7),145.6,86.8,314.72,19930802,3,1,서울특별시 도봉구 도봉동 582-11번지
11320,10800,0,0582,0012,,,일반건축물,단독주택,다가구용단독주택(6),142.4,85.08,297.68,19930709,3,1,서울특별시 도봉구 도봉동 582-12번지
11320,10800,0,0582,0013,,,일반건축물,단독주택,"근린생활시설, 단독주택(1)",163.6,98,489.53,19950928,4,1,서울특별시 도봉구 도봉동 582-13번지
11320,10800,0,0582,0015,,,일반건축물,단독주택,근린생활시설 및 다가구주택,129.74,77.75,297.54,20020820,4,0,서울특별시 도봉구 도봉동 582-15번지
11320,10800,0,0582,0016,,,일반건축물,단독주택,다가구용단독주택(7가구),203.48,121.44,419.8,19970814,3,1,서울특별시 도봉구 도봉동 582-16번지
11320,10800,0,0582,0018,,,표제부,공동주택,공동주택,265.78,120.25,594.99,19920201,4,1,서울특별시 도봉구 도봉동 582-18번지
11320,10800,0,0582,0019,,,일반건축물,단독주택,단독주택(다중주택)및근린생활시설,171.9,101.63,334.09,20161014,3,1,서울특별시 도봉구 도봉동 582-19번지
11320,10800,0,0582,0020,,,일반건축물,단독주택,다가구용단독주택,199.52,119.7,349.92,19960819,2,1,서울특별시 도봉구 도봉동 582-20번지
11320,10800,0,0582,0021,,,일반건축물,단독주택,주택,0,72.36,217.08,19830615,2,1,서울특별시 도봉구 도봉동 582-21번지
11320,10800,0,0582,0021,,,일반건축물,단독주택,주택,0,72.36,217.08,19830615,2,1,서울특별시 도봉구 도봉동 582-21번지
11320,10800,0,0582,0022,,,일반건축물,제1종근린생활시설,"근린생활시설, 단독주택",171.9,95.1,540.57,20020626,5,1,서울특별시 도봉구 도봉동 582-22번지
11320,10800,0,0582,0023,,,일반건축물,단독주택,단독주택,189.75,113.8,398.26,19911118,3,1,서울특별시 도봉구 도봉동 582-23번지
11320,10800,0,0582,0024,,,일반건축물,제2종근린생활시설,"근린생활시설, 단독주택",225.45,135.16,712.83,19950615,5,1,서울특별시 도봉구 도봉동 582-24번지
11320,10800,0,0583,0000,반석빌A동,,표제부,공동주택,공동주택(다세대주택) 및 제1종근린생활시설(소매점),233.5,139.03,466.94,20130408,5,0,서울특별시 도봉구 도봉동 583번지
11320,10800,0,0583,0001,,,일반건축물,제1종근린생활시설,"근린생활시설, 주택",157,75.6,349.68,19910907,4,1,서울특별시 도봉구 도봉동 583-1번지
11320,10800,0,0583,0002,,,일반건축물,제2종근린생활시설,"근린생활시설, 주택",152.7,86.58,378.57,19960510,4,1,서울특별시 도봉구 도봉동 583-2번지
11320,10800,0,0583,0003,,,일반건축물,단독주택,단독주택 및 근린생활시설,152.4,90.68,300.87,20020905,4,0,서울특별시 도봉구 도봉동 583-3번지
11320,10800,0,0583,0004,,,일반건축물,단독주택,"다가구주택, 근린생활시설",159.98,95.6,350.64,20021007,4,0,서울특별시 도봉구 도봉동 583-4번지
11320,10800,0,0583,0005,,,일반건축물,단독주택,단독(다중)주택,146.4,86.64,325.3,20090716,3,1,서울특별시 도봉구 도봉동 583-5번지
11320,10800,0,0583,0006,미라이프,,표제부,공동주택,공동주택,397,237.51,753.45,20190408,5,0,서울특별시 도봉구 도봉동 583-6번지
11320,10800,0,0583,0010,,,일반건축물,단독주택,다가구용주택,146.7,87.91,253.22,19961121,2,1,서울특별시 도봉구 도봉동 583-10번지
11320,10800,0,0583,0012,삼성빌라,,표제부,공동주택,공동주택(다세대주택),276.03,158.11,730.19,20020620,4,1,서울특별시 도봉구 도봉동 583-12번지
11320,10800,0,0583,0014,,,일반건축물,단독주택,주택,0,77.82,258.14,19851002,2,1,서울특별시 도봉구 도봉동 583-14번지
11320,10800,0,0583,0015,,,일반건축물,단독주택,주택,0,96.36,326.76,19831203,2,1,서울특별시 도봉구 도봉동 583-15번지
11320,10800,0,0583,0016,,,표제부,공동주택,공동주택(다세대주택),280.4,167.8,659.6,20021130,5,0,서울특별시 도봉구 도봉동 583-16번지
11320,10800,0,0583,0018,,,일반건축물,제1종근린생활시설,"근린생활시설, 주택",0,173.12,702.76,19861201,3,1,서울특별시 도봉구 도봉동 583-18번지
11320,10800,0,0583,0020,한양스카이빌,,표제부,공동주택,공동주택(도시형생활주택(단지형다세대주택)),532,159.44,527.42,20140521,5,0,서울특별시 도봉구 도봉동 583-20번지
11320,10800,0,0583,0020,한양스카이빌,,표제부,공동주택,공동주택(도시형생활주택(단지형다세대주택)),532,159.44,527.42,20140521,5,0,서울특별시 도봉구 도봉동 583-20번지
11320,10800,0,0583,0021,도봉하이츠,,표제부,공동주택,공동주택,554,166.16,546.42,20140519,5,0,서울특별시 도봉구 도봉동 583-21번지
11320,10800,0,0583,0021,도봉하이츠,,표제부,공동주택,공동주택,554,166.16,546.42,20140519,5,0,서울특별시 도봉구 도봉동 583-21번지
11320,10800,0,0583,0022,타운벨리2,,표제부,공동주택,공동주택,1459,193.44,659.23,20190807,6,0,서울특별시 도봉구 도봉동 583-22번지
11320,10800,0,0583,0022,타운벨리2,,표제부,공동주택,공동주택,1459,306.59,975.82,20190807,6,0,서울특별시 도봉구 도봉동 583-22번지
11320,10800,0,0583,0022,타운벨리2,,표제부,공동주택,공동주택,1459,138.64,392.41,20190807,4,1,서울특별시 도봉구 도봉동 583-22번지
11320,10800,0,0583,0022,타운벨리2,,표제부,공동주택,공동주택,1459,189.86,659.93,20190807,6,0,서울특별시 도봉구 도봉동 583-22번지
11320,10800,0,0583,0026,,,일반건축물,단독주택,주택,0,79.8,239.4,19831202,2,1,서울특별시 도봉구 도봉동 583-26번지
11320,10800,0,0583,0028,,,표제부,공동주택,공동주택,190,91.02,246.96,19870829,2,1,서울특별시 도봉구 도봉동 583-28번지
11320,10800,0,0583,0029,,,표제부,공동주택,공동주택,187.89,86.18,248.4,19861222,2,1,서울특별시 도봉구 도봉동 583-29번지
11320,10800,0,0583,0030,,,표제부,공동주택,공동주택,193.06,86.18,248.4,19861222,2,1,서울특별시 도봉구 도봉동 583-30번지
11320,10800,0,0583,0031,반석빌B동,,표제부,공동주택,다세대주택,237,140.43,473.91,20130328,5,0,서울특별시 도봉구 도봉동 583-31번지
11320,10800,0,0583,0032,반석빌C동,,표제부,공동주택,다세대주택,237,140.43,473.91,20130328,5,0,서울특별시 도봉구 도봉동 583-32번지
11320,10800,0,0583,0033,반석빌D동,,표제부,공동주택,다세대주택,234.4,138.98,468.75,20130325,5,0,서울특별시 도봉구 도봉동 583-33번지
11320,10800,0,0583,0034,무지개빌라,,표제부,공동주택,공동주택,538.6,159.44,527.42,20140507,5,0,서울특별시 도봉구 도봉동 583-34번지
11320,10800,0,0583,0034,무지개빌라,,표제부,공동주택,공동주택,538.6,162.5,544.78,20140507,5,0,서울특별시 도봉구 도봉동 583-34번지
11320,10800,0,0583,0035,으뜸하이츠,,표제부,공동주택,공동주택,554,166.16,546.42,20140508,5,0,서울특별시 도봉구 도봉동 583-35번지
11320,10800,0,0583,0035,으뜸하이츠,,표제부,공동주택,공동주택,554,151.62,539.43,20140508,5,0,서울특별시 도봉구 도봉동 583-35번지
11320,10800,0,0584,0002,,,표제부,공동주택,연립주택,0,0,574.14,19801224,2,1,서울특별시 도봉구 도봉동 584-2번지
11320,10800,0,0584,0002,,,표제부,공동주택,연립주택,0,0,574.14,19801224,2,1,서울특별시 도봉구 도봉동 584-2번지
11320,10800,0,0584,0003,,,표제부,공동주택,공동주택,178,82.17,246.51,19890814,2,1,서울특별시 도봉구 도봉동 584-3번지
11320,10800,0,0584,0004,드림캐슬,,표제부,공동주택,공동주택(다세대주택),188.4,112.33,309.46,20170905,4,0,서울특별시 도봉구 도봉동 584-4번지
11320,10800,0,0584,0005,,,일반건축물,제1종근린생활시설,"근린생활시설, 노유자시설",0,103.5,327.6,19830624,2,1,서울특별시 도봉구 도봉동 584-5번지
11320,10800,0,0584,0006,크루즈빌,,표제부,공동주택,제1종근린생활시설 및 공동주택(다세대주택),402.5,239.89,725.56,20180604,5,0,서울특별시 도봉구 도봉동 584-6번지
11320,10800,0,0584,0008,,,일반건축물,제1종근린생활시설,"근린생활시설, 주택",132.9,65.85,376.29,19901017,5,1,서울특별시 도봉구 도봉동 584-8번지
11320,10800,0,0584,0009,,,표제부,공동주택,공동주택,192.9,81.72,326.88,19891116,3,1,서울특별시 도봉구 도봉동 584-9번지
11320,10800,0,0584,0011,,,표제부,공동주택,공동주택,0,0,248.91,19891207,2,1,서울특별시 도봉구 도봉동 584-11번지
11320,10800,0,0584,0012,,,표제부,공동주택,공동주택,0,0,549.12,19891207,2,1,서울특별시 도봉구 도봉동 584-12번지
11320,10800,0,0584,0016,,,표제부,공동주택,공동주택,198.1,82.8,248.4,19890801,2,1,서울특별시 도봉구 도봉동 584-16번지
11320,10800,0,0584,0017,,,표제부,공동주택,공동주택,203.6,81.76,329.44,19890922,3,1,서울특별시 도봉구 도봉동 584-17번지
11320,10800,0,0584,0018,,,표제부,공동주택,공동주택,197.5,82.08,328.32,19900201,3,1,서울특별시 도봉구 도봉동 584-18번지
11320,10800,0,0584,0019,,,표제부,공동주택,공동주택,203.8,82.23,328.92,19900201,3,1,서울특별시 도봉구 도봉동 584-19번지
11320,10800,0,0585,0000,북서울중학교,,일반건축물,교육연구시설,교육연구시설,0,1572.95,6388.2,19970203,4,1,서울특별시 도봉구 도봉동 585번지
11320,10800,0,0585,0000,북서울중학교,,일반건축물,교육연구시설,교육연구시설,0,350.56,948.9,20130722,3,0,서울특별시 도봉구 도봉동 585번지
11320,10800,0,0585,0000,북서울중학교,,일반건축물,교육연구시설,수위실,0,0,9.9,,1,0,서울특별시 도봉구 도봉동 585번지
11320,10800,0,0585,0000,북서울중학교,,일반건축물,교육연구시설,교육연구시설,8809.4,1068.58,2997.56,20030912,3,1,서울특별시 도봉구 도봉동 585번지
11320,10800,0,0585,0001,,,표제부,공동주택,공동주택,0,99.72,308.88,19871218,2,1,서울특별시 도봉구 도봉동 585-1번지
11320,10800,0,0585,0001,,,표제부,공동주택,공동주택,0,98.28,302.76,19871218,2,1,서울특별시 도봉구 도봉동 585-1번지
11320,10800,0,0585,0003,,,표제부,공동주택,공동주택,0,82,246,19870213,2,1,서울특별시 도봉구 도봉동 585-3번지
11320,10800,0,0585,0003,,,표제부,공동주택,공동주택,0,81.42,244.26,19870213,2,1,서울특별시 도봉구 도봉동 585-3번지
11320,10800,0,0585,0004,,,표제부,공동주택,공동주택,327.1,195.425,862.9,19951113,4,1,서울특별시 도봉구 도봉동 585-4번지
11320,10800,0,0585,0006,,,표제부,공동주택,공동주택,236.9,111.43,326.19,19880907,2,1,서울특별시 도봉구 도봉동 585-6번지
11320,10800,0,0585,0007,,,표제부,공동주택,공동주택,0,120.81,329.67,19880627,2,1,서울특별시 도봉구 도봉동 585-7번지
11320,10800,0,0585,0007,,,표제부,공동주택,공동주택,0,123.26,327.78,19880627,2,1,서울특별시 도봉구 도봉동 585-7번지
11320,10800,0,0585,0008,,,표제부,공동주택,공동주택,195.7,89.31,248.97,19881021,2,1,서울특별시 도봉구 도봉동 585-8번지
11320,10800,0,0586,0000,동일맨션,,표제부,공동주택,다세대주택,182,108.76,532.66,20011206,4,1,서울특별시 도봉구 도봉동 586번지
11320,10800,0,0586,0001,,,일반건축물,제2종근린생활시설,제2종근린생활시설(독서실),99.2,41.06,119.18,20040908,4,0,서울특별시 도봉구 도봉동 586-1번지
11320,10800,0,0586,0002,,,표제부,공동주택,공동주택,216.15,90.48,248.4,19870416,2,1,서울특별시 도봉구 도봉동 586-2번지
11320,10800,0,0586,0004,,,표제부,공동주택,다세대주택,215,102,295.2,19880511,2,1,서울특별시 도봉구 도봉동 586-4번지
11320,10800,0,0586,0005,,,표제부,공동주택,공동주택,121,59.24,186.38,19870828,2,1,서울특별시 도봉구 도봉동 586-5번지
11320,10800,0,0586,0007,,,표제부,공동주택,공동주택,158.2,78.33,213.39,19880113,2,1,서울특별시 도봉구 도봉동 586-7번지
11320,10800,0,0586,0009,,,표제부,공동주택,공동주택,169.1,83.3,232.62,19870615,2,1,서울특별시 도봉구 도봉동 586-9번지
11320,10800,0,0586,0010,,,표제부,공동주택,공동주택,166.4,82.32,230.4,19870612,2,1,서울특별시 도봉구 도봉동 586-10번지
11320,10800,0,0586,0011,,,표제부,공동주택,공동주택,178.12,89.04,323.28,19870612,3,1,서울특별시 도봉구 도봉동 586-11번지
11320,10800,0,0586,0012,,,표제부,공동주택,공동주택,182.36,90.24,248.4,19870615,2,1,서울특별시 도봉구 도봉동 586-12번지
11320,10800,0,0586,0013,,,표제부,공동주택,공동주택,208.9,83.23,232.65,19871028,2,1,서울특별시 도봉구 도봉동 586-13번지
11320,10800,0,0586,0014,,,표제부,공동주택,공동주택,0,0,246.78,19871120,2,1,서울특별시 도봉구 도봉동 586-14번지
11320,10800,0,0586,0015,,,표제부,공동주택,공동주택,165,81.16,244.74,19861216,2,1,서울특별시 도봉구 도봉동 586-15번지
11320,10800,0,0586,0016,,,표제부,공동주택,공동주택,168.82,83.76,228.96,19870530,2,1,서울특별시 도봉구 도봉동 586-16번지
11320,10800,0,0586,0017,,,표제부,공동주택,공동주택,152.5,0,227.19,19880316,2,1,서울특별시 도봉구 도봉동 586-17번지
11320,10800,0,0586,0018,,,표제부,공동주택,공동주택,167,83.16,225.72,19870615,2,1,서울특별시 도봉구 도봉동 586-18번지
11320,10800,0,0586,0019,,,표제부,공동주택,공동주택,167.2,83.16,225.72,19871006,2,1,서울특별시 도봉구 도봉동 586-19번지
11320,10800,0,0586,0020,,,표제부,공동주택,공동주택,166.4,80.03,314.6,19870612,3,1,서울특별시 도봉구 도봉동 586-20번지
11320,10800,0,0586,0021,,,표제부,공동주택,공동주택,213.27,90.87,249.57,19871028,2,1,서울특별시 도봉구 도봉동 586-21번지
11320,10800,0,0586,0022,,,표제부,공동주택,공동주택,179.5,88.28,241.08,19870605,2,1,서울특별시 도봉구 도봉동 586-22번지
11320,10800,0,0586,0023,,,일반건축물,제1종근린생활시설,"근린생활시설, 주택",0,99.12,379.21,19860929,3,1,서울특별시 도봉구 도봉동 586-23번지
11320,10800,0,0586,0024,,,표제부,공동주택,공동주택,199.4,81.99,249.57,19871031,2,1,서울특별시 도봉구 도봉동 586-24번지
11320,10800,0,0586,0025,,,표제부,공동주택,공동주택,198.2,93.28,246.54,19870930,2,1,서울특별시 도봉구 도봉동 586-25번지
11320,10800,0,0586,0027,,,표제부,공동주택,공동주택,179,85.44,233.28,19880113,2,1,서울특별시 도봉구 도봉동 586-27번지
11320,10800,0,0587,0001,삼성스타빌,,표제부,공동주택,도시형생활주택(단지형다세대주택),308.9,157,617.45,20150904,6,0,서울특별시 도봉구 도봉동 587-1번지
11320,10800,0,0587,0004,희화그랑빌,,표제부,공동주택,다세대주택,214.6,128.7,428.86,20080520,5,0,서울특별시 도봉구 도봉동 587-4번지
11320,10800,0,0587,0006,,,일반건축물,단독주택,"주택, 근린생활시설",96.75,48.2,180.26,19870707,3,1,서울특별시 도봉구 도봉동 587-6번지
11320,10800,0,0587,0007,힐하우스,,일반건축물,단독주택,단독주택(다중주택),165.9,98.01,298.77,20160812,3,1,서울특별시 도봉구 도봉동 587-7번지
11320,10800,0,0587,0008,,,일반건축물,단독주택,다가구용단독주택(5가구),158,94.77,277.02,19950907,2,1,서울특별시 도봉구 도봉동 587-8번지
11320,10800,0,0587,0010,,,일반건축물,단독주택,단독주택,95.6,57.33,168.36,20220329,4,0,서울특별시 도봉구 도봉동 587-10번지
11320,10800,0,0587,0011,,,표제부,공동주택,공동주택,233.8,140.27,537.91,20030123,5,0,서울특별시 도봉구 도봉동 587-11번지
11320,10800,0,0587,0013,,,일반건축물,제2종근린생활시설,근린생활시설,352.9,174.42,748.59,19881230,3,1,서울특별시 도봉구 도봉동 587-13번지
11320,10800,0,0587,0014,,,일반건축물,단독주택,단독주택,149,88.16,174.8,20170504,3,0,서울특별시 도봉구 도봉동 587-14번지
11320,10800,0,0587,0015,월튼힐하우스,,표제부,공동주택,공동주택(도시형생활주택-단지형다세대주택),322.6,171.2,643.76,20151026,6,0,서울특별시 도봉구 도봉동 587-15번지
11320,10800,0,0587,0017,,,표제부,공동주택,공동주택,175,83.26,321.76,19860908,3,1,서울특별시 도봉구 도봉동 587-17번지
11320,10800,0,0587,0019,,,표제부,공동주택,다세대주택,104.4,61.09,149.13,19931224,2,1,서울특별시 도봉구 도봉동 587-19번지
11320,10800,0,0587,0020,,,일반건축물,단독주택,단독주택,103.2,51.185,164.855,19891103,2,1,서울특별시 도봉구 도봉동 587-20번지
11320,10800,0,0587,0021,,,일반건축물,제2종근린생활시설,교회,155.5,85.98,163.38,19830428,2,0,서울특별시 도봉구 도봉동 587-21번지
11320,10800,0,0587,0022,,,일반건축물,단독주택,"주택, 근린생활시설",0,84.6,169.2,19830317,1,1,서울특별시 도봉구 도봉동 587-22번지
11320,10800,0,0587,0023,,,표제부,공동주택,공동주택,173.7,83.88,329.28,19870615,3,1,서울특별시 도봉구 도봉동 587-23번지
11320,10800,0,0587,0024,,,표제부,공동주택,다세대주택,174.1,82.24,246.72,19881110,2,1,서울특별시 도봉구 도봉동 587-24번지
11320,10800,0,0587,0025,,,표제부,공동주택,공동주택,175,87.48,247.32,19871117,2,1,서울특별시 도봉구 도봉동 587-25번지
11320,10800,0,0587,0026,,,표제부,공동주택,공동주택,220.7,90.75,249.93,19870714,2,1,서울특별시 도봉구 도봉동 587-26번지
11320,10800,0,0587,0027,,.,표제부,공동주택,공동주택,176.2,83.07,249.21,19881110,2,1,서울특별시 도봉구 도봉동 587-27번지
11320,10800,0,0587,0028,,,표제부,공동주택,공동주택,217.2,90.48,248.4,19871028,2,1,서울특별시 도봉구 도봉동 587-28번지
11320,10800,0,0587,0029,,,표제부,공동주택,공동주택,220.7,90.48,248.4,19871028,2,1,서울특별시 도봉구 도봉동 587-29번지
11320,10800,0,0588,0000,신도봉아파트,,표제부,공동주택,공동주택,2311.9,777.39,4915.91,19940802,5,1,서울특별시 도봉구 도봉동 588번지
11320,10800,0,0588,0001,,,표제부,공동주택,다세대주택(9세대),205.4,121.25,515.61,19951019,4,1,서울특별시 도봉구 도봉동 588-1번지
11320,10800,0,0588,0002,,,표제부,공동주택,다세대주택,193.9,115.88,441.76,19951028,4,1,서울특별시 도봉구 도봉동 588-2번지
11320,10800,0,0588,0003,,,표제부,공동주택,다세대주택,196.9,113.92,455.23,19941115,4,1,서울특별시 도봉구 도봉동 588-3번지
11320,10800,0,0588,0004,,,표제부,공동주택,다세대주택,194.1,114.84,469.26,19960805,4,1,서울특별시 도봉구 도봉동 588-4번지
11320,10800,0,0588,0005,,,일반건축물,단독주택,다가구용단독주택(7가구),181.8,106.84,392.5,19931209,3,1,서울특별시 도봉구 도봉동 588-5번지
11320,10800,0,0588,0006,,,표제부,공동주택,공동주택,203.8,122.12,541.81,20021025,5,0,서울특별시 도봉구 도봉동 588-6번지
11320,10800,0,0588,0007,,,표제부,공동주택,공동주택,125.7,75.35,334.13,20030607,5,0,서울특별시 도봉구 도봉동 588-7번지
11320,10800,0,0588,0008,DH A TOWN,,표제부,공동주택,다세대주택,155,77.39,263.5,20210223,5,0,서울특별시 도봉구 도봉동 588-8번지
11320,10800,0,0588,0011,DH A TOWN,,표제부,공동주택,다세대주택,155.8,77.39,247.78,20210223,5,0,서울특별시 도봉구 도봉동 588-11번지
11320,10800,0,0588,0012,DH A TOWN,,표제부,공동주택,다세대주택,165,82.36,274.74,20210223,5,0,서울특별시 도봉구 도봉동 588-12번지
11320,10800,0,0588,0013,DH A TOWN,,표제부,공동주택,다세대주택,301,150.41,478.98,20210223,5,0,서울특별시 도봉구 도봉동 588-13번지
11320,10800,0,0589,0000,,,일반건축물,단독주택,단독주택,219.2,101.43,198.18,19930804,1,1,서울특별시 도봉구 도봉동 589번지
11320,10800,0,0589,0001,,,일반건축물,단독주택,단독주택,132.9,71.82,147.64,19710125,1,1,서울특별시 도봉구 도봉동 589-1번지
11320,10800,0,0589,0002,,,일반건축물,단독주택,단독주택,132.5,77.94,179.16,19960429,2,1,서울특별시 도봉구 도봉동 589-2번지
11320,10800,0,0589,0003,,,일반건축물,제2종근린생활시설,교육연구시설,963.7,157.5,157.5,19651225,1,0,서울특별시 도봉구 도봉동 589-3번지
11320,10800,0,0589,0004,,,표제부,공동주택,공동주택,99.9,49.17,174.96,19870602,3,1,서울특별시 도봉구 도봉동 589-4번지
11320,10800,0,0589,0005,,,일반건축물,단독주택,단독주택,104.1,51.76,163.28,19891103,2,1,서울특별시 도봉구 도봉동 589-5번지
11320,10800,0,0589,0006,,,일반건축물,노유자시설,노유자시설,165,98.85,188.71,20060818,2,0,서울특별시 도봉구 도봉동 589-6번지
11320,10800,0,0589,0007,,,일반건축물,단독주택,"근린생활시설, 주택",0,86.55,346.2,19860930,3,1,서울특별시 도봉구 도봉동 589-7번지
11320,10800,0,0589,0008,아띠랑스 에코타운,,표제부,공동주택,공동주택,297.5,178.24,444.59,20190719,4,0,서울특별시 도봉구 도봉동 589-8번지
11320,10800,0,0589,0009,,,일반건축물,단독주택,단독주택,140.7,80.39,221.91,19850618,2,1,서울특별시 도봉구 도봉동 589-9번지
11320,10800,0,0589,0010,,,표제부,공동주택,공동주택,171.2,84.24,249,19881210,2,1,서울특별시 도봉구 도봉동 589-10번지
11320,10800,0,0589,0011,,,표제부,공동주택,공동주택,169.6,83.3,226.14,19871028,2,1,서울특별시 도봉구 도봉동 589-11번지
11320,10800,0,0589,0012,,,표제부,공동주택,공동주택,221.8,80.58,245.34,19871028,2,1,서울특별시 도봉구 도봉동 589-12번지
11320,10800,0,0589,0013,,,표제부,공동주택,공동주택,0,0,238.68,19871030,2,1,서울특별시 도봉구 도봉동 589-13번지
11320,10800,0,0589,0014,,,표제부,공동주택,공동주택,169.22,84.48,249.72,19881004,2,1,서울특별시 도봉구 도봉동 589-14번지
11320,10800,0,0589,0015,,,표제부,공동주택,공동주택,264.7,103.85,387.3,19920511,3,1,서울특별시 도봉구 도봉동 589-15번지
11320,10800,0,0589,0018,,,일반건축물,단독주택,주택,0,74.1,223.05,19851230,2,1,서울특별시 도봉구 도봉동 589-18번지
11320,10800,0,0589,0019,,,표제부,공동주택,공동주택,165.1,82.15,243.36,19870716,2,1,서울특별시 도봉구 도봉동 589-19번지
11320,10800,0,0589,0022,,,표제부,공동주택,공동주택,145,72.12,210.12,19870530,2,1,서울특별시 도봉구 도봉동 589-22번지
11320,10800,0,0590,0000,,,일반건축물,단독주택,단독주택,277.56,116.05,294.93,19951130,2,1,서울특별시 도봉구 도봉동 590번지
11320,10800,0,0591,0000,무수골 B동,,표제부,공동주택,다세대주택,156.06,77.16,216.97,20190125,4,0,서울특별시 도봉구 도봉동 591번지
11320,10800,0,0591,0001,,,일반건축물,단독주택,단독주택,145.11,86.46,172.92,19660700,1,1,서울특별시 도봉구 도봉동 591-1번지
11320,10800,0,0591,0002,,,일반건축물,단독주택,주택,207.83,93.77,179.54,19961026,1,1,서울특별시 도봉구 도봉동 591-2번지
11320,10800,0,0591,0004,,,일반건축물,단독주택,주택,0,36.6,36.6,19701230,1,0,서울특별시 도봉구 도봉동 591-4번지
11320,10800,0,0591,0005,,,일반건축물,단독주택,주택,0,81.9,163.8,19920703,1,1,서울특별시 도봉구 도봉동 591-5번지
11320,10800,0,0591,0006,,,일반건축물,단독주택,단독주택,283.5,100.55,199.62,19670614,1,1,서울특별시 도봉구 도봉동 591-6번지
11320,10800,0,0592,0000,도봉힐하우스,,표제부,공동주택,공동주택(다세대주택),499.8,249.03,659.5,20230615,4,0,서울특별시 도봉구 도봉동 592번지
11320,10800,0,0592,0002,도봉힐하우스,,표제부,공동주택,공동주택(다세대주택),499.6,248.67,659.43,20230615,4,0,서울특별시 도봉구 도봉동 592-2번지
11320,10800,0,0592,0003,도봉힐하우스,,표제부,공동주택,다세대주택,363.3,165.82,493.13,20230615,4,1,서울특별시 도봉구 도봉동 592-3번지
11320,10800,0,0592,0004,도봉힐하우스,,표제부,공동주택,공동주택(다세대주택),499.7,245.8,658.63,20230615,4,0,서울특별시 도봉구 도봉동 592-4번지
11320,10800,0,0592,0005,도봉힐하우스,,표제부,공동주택,공동주택(다세대주택),449.4,222.42,592.9,20230615,4,0,서울특별시 도봉구 도봉동 592-5번지
11320,10800,0,0592,0006,도봉힐하우스,,표제부,공동주택,공동주택(다세대주택),499.4,245.8,658.63,20230615,4,0,서울특별시 도봉구 도봉동 592-6번지
11320,10800,0,0593,0000,,,일반건축물,제2종근린생활시설,제2종근린생활시설,74.8,41.44,123.54,20010621,4,0,서울특별시 도봉구 도봉동 593번지
11320,10800,0,0593,0001,,,일반건축물,단독주택,"주택, 근린생활시설",0,43.56,43.56,19850806,1,0,서울특별시 도봉구 도봉동 593-1번지
11320,10800,0,0593,0002,현대맨션,,표제부,공동주택,공동주택,259.6,155.7,632.96,20020603,5,0,서울특별시 도봉구 도봉동 593-2번지
11320,10800,0,0593,0003,나호,,일반건축물,단독주택,주택,0,57.75,57.75,19850624,1,0,서울특별시 도봉구 도봉동 593-3번지
11320,10800,0,0593,0003,가호,,일반건축물,단독주택,"주택, 점포",0,58.36,58.36,19850624,1,0,서울특별시 도봉구 도봉동 593-3번지
11320,10800,0,0593,0005,,,일반건축물,단독주택,주택,0,45.48,52.36,19721016,1,1,서울특별시 도봉구 도봉동 593-5번지
11320,10800,0,0593,0006,,,일반건축물,단독주택,주택,0,45.48,52.36,19721016,1,1,서울특별시 도봉구 도봉동 593-6번지
11320,10800,0,0593,0007,,,일반건축물,단독주택,주택,0,45.48,52.36,19721016,1,1,서울특별시 도봉구 도봉동 593-7번지
11320,10800,0,0593,0008,,,일반건축물,단독주택,주택,0,45.48,52.36,19721016,1,1,서울특별시 도봉구 도봉동 593-8번지
11320,10800,0,0593,0009,,,일반건축물,단독주택,다가구용단독주택(4가구),63.28,43.55,149.12,19921215,3,1,서울특별시 도봉구 도봉동 593-9번지
11320,10800,0,0593,0011,,,표제부,공동주택,공동주택,153.9,86.04,341.16,19920504,3,1,서울특별시 도봉구 도봉동 593-11번지
11320,10800,0,0593,0012,,,일반건축물,단독주택,주택,0,39.38,45.14,19850723,1,1,서울특별시 도봉구 도봉동 593-12번지
11320,10800,0,0593,0013,,,일반건축물,단독주택,주택,0,51.43,57.68,19850807,1,1,서울특별시 도봉구 도봉동 593-13번지
11320,10800,0,0593,0014,,,일반건축물,단독주택,주택,0,48.24,48.24,19851113,1,0,서울특별시 도봉구 도봉동 593-14번지
11320,10800,0,0593,0015,,,일반건축물,단독주택,주택,0,38.8,38.8,19851028,1,0,서울특별시 도봉구 도봉동 593-15번지
11320,10800,0,0593,0016,A동,,일반건축물,단독주택,단독주택,0,42.98,42.98,19851022,1,0,서울특별시 도봉구 도봉동 593-16번지
11320,10800,0,0593,0016,B동,,일반건축물,창고시설,물치,0,3.6,3.6,19851022,1,0,서울특별시 도봉구 도봉동 593-16번지
11320,10800,0,0593,0017,,,일반건축물,단독주택,주택,0,47.66,47.66,19851210,1,0,서울특별시 도봉구 도봉동 593-17번지
11320,10800,0,0593,0018,,,일반건축물,단독주택,주택,0,51.4,51.4,19850830,1,0,서울특별시 도봉구 도봉동 593-18번지
11320,10800,0,0593,0019,,,일반건축물,단독주택,주택,0,45.63,51.63,19860610,1,1,서울특별시 도봉구 도봉동 593-19번지
11320,10800,0,0593,0020,,,일반건축물,단독주택,주택,0,49.17,49.17,19851020,1,0,서울특별시 도봉구 도봉동 593-20번지
11320,10800,0,0593,0021,,,일반건축물,단독주택,다가구용단독주택(4),101.2,60.2,199.86,19921209,3,1,서울특별시 도봉구 도봉동 593-21번지
11320,10800,0,0593,0023,,,표제부,공동주택,공동주택,79.4,45.55,160.92,19910902,3,1,서울특별시 도봉구 도봉동 593-23번지
11320,10800,0,0593,0024,,,일반건축물,단독주택,주택,0,52.52,52.52,19850913,1,0,서울특별시 도봉구 도봉동 593-24번지
11320,10800,0,0593,0025,,,일반건축물,단독주택,주택,0,56.53,56.53,19851217,1,0,서울특별시 도봉구 도봉동 593-25번지
11320,10800,0,0593,0026,,,일반건축물,단독주택,주택,0,39.57,39.57,19850727,1,0,서울특별시 도봉구 도봉동 593-26번지
11320,10800,0,0593,0027,,,일반건축물,단독주택,"주택, 근린생활시설",0,71.92,79.48,19850904,1,1,서울특별시 도봉구 도봉동 593-27번지
11320,10800,0,0593,0029,,,일반건축물,단독주택,단독주택(다가구주택),161.14,93.87,317.76,20070720,4,0,서울특별시 도봉구 도봉동 593-29번지
11320,10800,0,0593,0030,,,일반건축물,단독주택,"단독주택,다가구주택",157.17,86.39,235.05,20050623,3,0,서울특별시 도봉구 도봉동 593-30번지
11320,10800,0,0593,0031,,,일반건축물,단독주택,다가구용단독주택(5가구),159.53,95.33,323.26,19970829,3,1,서울특별시 도봉구 도봉동 593-31번지
11320,10800,0,0593,0032,,,일반건축물,단독주택,다가구용단독주택(6가구),161.6,95.95,302.59,19941209,3,1,서울특별시 도봉구 도봉동 593-32번지
11320,10800,0,0593,0033,,,일반건축물,단독주택,"다가구용단독주택, 근린생활시설",162.71,90.3,402.75,20000125,4,1,서울특별시 도봉구 도봉동 593-33번지
11320,10800,0,0593,0034,,,일반건축물,단독주택,주택,167.7,76.63,101.8,19750916,2,1,서울특별시 도봉구 도봉동 593-34번지
11320,10800,0,0593,0035,,,일반건축물,단독주택,단독주택,168.42,94.2,375.42,19910826,3,1,서울특별시 도봉구 도봉동 593-35번지
11320,10800,0,0593,0037,도봉숲 아뜨리움,,표제부,공동주택,공동주택[도시형생활주택(단지형연립주택)],7876,1186.45,6741.02,20160913,5,1,서울특별시 도봉구 도봉동 593-37번지
11320,10800,0,0593,0037,도봉숲 아뜨리움,,표제부,공동주택,공동주택(경로당),0,0,71.46,20160913,1,0,서울특별시 도봉구 도봉동 593-37번지
11320,10800,0,0593,0037,도봉숲 아뜨리움,,표제부,공동주택,공동주택(경비실),7876,16.55,15.84,20160913,1,0,서울특별시 도봉구 도봉동 593-37번지
11320,10800,0,0593,0037,도봉숲 아뜨리움,,표제부,공동주택,공동주택[도시형생활주택(단지형연립주택)],7876,545.9,3160.22,20160913,5,1,서울특별시 도봉구 도봉동 593-37번지
11320,10800,0,0593,0037,도봉숲 아뜨리움,,표제부,공동주택,공동주택[도시형생활주택(단지형연립주택)],7876,639.44,3762.72,20160913,5,1,서울특별시 도봉구 도봉동 593-37번지
11320,10800,0,0593,0037,도봉숲 아뜨리움,,표제부,공동주택,공동주택[도시형생활주택(단지형연립주택)],7876,545.9,3160.22,20160913,5,1,서울특별시 도봉구 도봉동 593-37번지
11320,10800,0,0593,0037,도봉숲 아뜨리움,,표제부,공동주택,공동주택[도시형생활주택(단지형연립주택)],7876,262.38,1530.28,20160913,5,1,서울특별시 도봉구 도봉동 593-37번지
11320,10800,0,0593,0038,,,일반건축물,제2종근린생활시설,근린생활시설,412.5,204.25,1124.84,19880203,5,1,서울특별시 도봉구 도봉동 593-38번지
11320,10800,0,0593,0039,예원,,일반건축물,제2종근린생활시설,제2종근린생활시설 및 다가구주택,181.3,101.97,362.37,20180830,5,0,서울특별시 도봉구 도봉동 593-39번지
11320,10800,0,0593,0040,삼성아트빌,,표제부,공동주택,공동주택,274,163.8,645,20030312,5,0,서울특별시 도봉구 도봉동 593-40번지
11320,10800,0,0593,0043,,,표제부,공동주택,공동주택,0,0,598.7,19920521,4,1,서울특별시 도봉구 도봉동 593-43번지
11320,10800,0,0593,0045,,,일반건축물,단독주택,주택,0,79.97,98.68,19780926,1,1,서울특별시 도봉구 도봉동 593-45번지
11320,10800,0,0593,0046,,,일반건축물,단독주택,주택,0,69.29,123.17,19781013,1,1,서울특별시 도봉구 도봉동 593-46번지
11320,10800,0,0593,0047,,,일반건축물,단독주택,다가구용단독주택(5가구),231.5,101.06,269.76,19800731,2,1,서울특별시 도봉구 도봉동 593-47번지
11320,10800,0,0593,0048,,,일반건축물,단독주택,주택,0,95.47,190.94,19800320,1,1,서울특별시 도봉구 도봉동 593-48번지
11320,10800,0,0593,0049,동훈빌라,,표제부,공동주택,다세대주택,198.3,116.69,478.08,20011115,5,0,서울특별시 도봉구 도봉동 593-49번지
11320,10800,0,0593,0051,,,일반건축물,단독주택,단독주택,173.72,93.57,324.57,19990511,3,1,서울특별시 도봉구 도봉동 593-51번지
11320,10800,0,0593,0052,,,표제부,공동주택,공동주택,182.79,83.16,246.96,19871019,2,1,서울특별시 도봉구 도봉동 593-52번지
11320,10800,0,0593,0053,,,일반건축물,단독주택,단독주택(다가구주택),140.8,84.22,292.39,20190529,4,0,서울특별시 도봉구 도봉동 593-53번지
11320,10800,0,0593,0054,,,일반건축물,단독주택,단독주택,138.6,59.46,171.78,19871230,2,1,서울특별시 도봉구 도봉동 593-54번지
11320,10800,0,0593,0055,,,일반건축물,단독주택,다가구용단독주택(5가구),101.7,59.46,199.75,19921210,3,1,서울특별시 도봉구 도봉동 593-55번지
11320,10800,0,0593,0056,,,일반건축물,단독주택,"근린생활시설, 주택",95.1,56.61,226.44,19921226,3,1,서울특별시 도봉구 도봉동 593-56번지
11320,10800,0,0593,0057,,,일반건축물,단독주택,주택,0,40.03,45.02,19730522,1,1,서울특별시 도봉구 도봉동 593-57번지
11320,10800,0,0593,0059,,,일반건축물,단독주택,단독주택,193.7,89.28,310.87,19980303,3,1,서울특별시 도봉구 도봉동 593-59번지
11320,10800,0,0593,0060,,,일반건축물,단독주택,주택,0,34.38,43.37,19730522,1,1,서울특별시 도봉구 도봉동 593-60번지
11320,10800,0,0593,0061,,,일반건축물,단독주택,단독주택,194.1,87.81,249.39,19900319,2,1,서울특별시 도봉구 도봉동 593-61번지
11320,10800,0,0593,0062,,,표제부,공동주택,다세대주택,161,96.03,321.18,20110610,5,0,서울특별시 도봉구 도봉동 593-62번지
11320,10800,0,0593,0063,,,일반건축물,단독주택,다가구주택(4가구),103.9,62.05,232.76,19941117,3,1,서울특별시 도봉구 도봉동 593-63번지
11320,10800,0,0593,0064,,,일반건축물,단독주택,다가구주택(2가구),125.1,66.35,119.52,19941117,2,0,서울특별시 도봉구 도봉동 593-64번지
11320,10800,0,0593,0070,,,일반건축물,단독주택,"근린생활시설, 주택",167.3,83.52,250.56,19840919,2,1,서울특별시 도봉구 도봉동 593-70번지
11320,10800,0,0593,0071,,,일반건축물,단독주택,주택,0,55.14,163.86,19850927,2,1,서울특별시 도봉구 도봉동 593-71번지
11320,10800,0,0593,0072,,,표제부,공동주택,다세대주택(8세대),296.4,150,456.33,19950621,3,1,서울특별시 도봉구 도봉동 593-72번지
11320,10800,0,0593,0073,,,일반건축물,단독주택,단독주택,223.4,97.38,248.94,19850813,2,1,서울특별시 도봉구 도봉동 593-73번지
11320,10800,0,0593,0074,,,표제부,공동주택,공동주택,182.88,88,264,19901123,2,1,서울특별시 도봉구 도봉동 593-74번지
11320,10800,0,0593,0075,,,일반건축물,단독주택,단독주택,85.6,44.89,136.4,19900227,2,1,서울특별시 도봉구 도봉동 593-75번지
11320,10800,0,0593,0076,,,일반건축물,단독주택,단독주택,198.17,98.91,207.9,19840611,2,1,서울특별시 도봉구 도봉동 593-76번지
11320,10800,0,0593,0078,,,일반건축물,단독주택,단독주택,133.4,66.64,196.92,19880105,2,1,서울특별시 도봉구 도봉동 593-78번지
11320,10800,0,0593,0082,,,일반건축물,단독주택,주택,0,82.32,170.04,19830105,2,1,서울특별시 도봉구 도봉동 593-82번지
11320,10800,0,0593,0083,,,일반건축물,단독주택,주택,0,81.34,177.53,19831103,2,1,서울특별시 도봉구 도봉동 593-83번지
11320,10800,0,0593,0084,,,일반건축물,단독주택,단독주택,108.18,64.76,183.65,19860913,2,1,서울특별시 도봉구 도봉동 593-84번지
11320,10800,0,0593,0087,,,표제부,공동주택,다세대주택(15세대),284.4,119.61,598.05,19921110,4,1,서울특별시 도봉구 도봉동 593-87번지
11320,10800,0,0593,0093,,,일반건축물,단독주택,"단독주택,제1종근린생활시설",76.5,42.51,110.56,20100426,3,0,서울특별시 도봉구 도봉동 593-93번지
11320,10800,0,0593,0094,현대아트홈 A동,,표제부,공동주택,공동주택(도시형생활주택(단지형다세대)),230.4,104.9,342.76,20150204,5,0,서울특별시 도봉구 도봉동 593-94번지
11320,10800,0,0593,0095,현대아트홈 B동,,표제부,공동주택,"공동주택(도시형생활주택(단지형다세대)), 제1종근린생활시설",222.6,103.34,333.83,20150206,5,0,서울특별시 도봉구 도봉동 593-95번지
11320,10800,0,0594,0000,,,일반건축물,단독주택,단독주택,144.2,86.47,319.76,19911220,3,1,서울특별시 도봉구 도봉동 594번지
11320,10800,0,0594,0001,,,일반건축물,단독주택,다가구용단독주택(5가구),128.4,71,198.3,19920819,2,1,서울특별시 도봉구 도봉동 594-1번지
11320,10800,0,0594,0002,,,일반건축물,단독주택,단독(다중)주택,132.7,77.08,272.72,20100714,3,1,서울특별시 도봉구 도봉동 594-2번지
11320,10800,0,0594,0003,,,일반건축물,단독주택,단독주택,166.7,82.47,247.41,19900531,2,1,서울특별시 도봉구 도봉동 594-3번지
11320,10800,0,0594,0004,부흥해피빌,,표제부,공동주택,공동주택(다세대주택),222.8,130.22,445.21,20130417,5,0,서울특별시 도봉구 도봉동 594-4번지
11320,10800,0,0594,0006,,,일반건축물,단독주택,단독주택,111.2,65.52,196.56,19910926,2,1,서울특별시 도봉구 도봉동 594-6번지
11320,10800,0,0594,0007,,,일반건축물,단독주택,다가구용단독주택(5가구),111,66.28,191.22,19920916,2,1,서울특별시 도봉구 도봉동 594-7번지
11320,10800,0,0594,0008,,,일반건축물,단독주택,다가구용단독주택(5가구),128.8,76.12,199.08,19931217,2,1,서울특별시 도봉구 도봉동 594-8번지
11320,10800,0,0594,0010,,,일반건축물,단독주택,"다가구주택, 근린생활시설",96.4,57.54,228.72,19921106,3,1,서울특별시 도봉구 도봉동 594-10번지
11320,10800,0,0594,0011,전자빌라,,표제부,공동주택,"공동주택,근린생활시설",135.8,81,377.22,20030423,5,0,서울특별시 도봉구 도봉동 594-11번지
11320,10800,0,0594,0012,,,일반건축물,제1종근린생활시설,제1종근린생활시설,147,86.93,287.63,20100514,4,0,서울특별시 도봉구 도봉동 594-12번지
11320,10800,0,0594,0013,,,일반건축물,단독주택,단독주택(다가구주택),110.9,66.36,186.25,19920116,2,1,서울특별시 도봉구 도봉동 594-13번지
11320,10800,0,0594,0015,,,일반건축물,단독주택,다가구주택,114.5,68.65,159.51,20000617,3,0,서울특별시 도봉구 도봉동 594-15번지
11320,10800,0,0594,0016,,,일반건축물,단독주택,주택,0,44.93,48.7,19730430,1,1,서울특별시 도봉구 도봉동 594-16번지
11320,10800,0,0594,0017,,,일반건축물,단독주택,다가구용단독주택(5),123.3,73.92,181.36,19930915,2,1,서울특별시 도봉구 도봉동 594-17번지
11320,10800,0,0594,0018,,,일반건축물,단독주택,단독주택,96.8,52.31,131.82,20030414,3,0,서울특별시 도봉구 도봉동 594-18번지
11320,10800,0,0594,0019,,,일반건축물,단독주택,"주택, 근린생활시설",0,82.78,246,19841011,2,1,서울특별시 도봉구 도봉동 594-19번지
11320,10800,0,0594,0020,,,일반건축물,제1종근린생활시설,"근린생활시설, 주택",315.7,155.13,782.05,19891215,4,1,서울특별시 도봉구 도봉동 594-20번지
11320,10800,0,0594,0021,,,일반건축물,제2종근린생활시설,"제2종근린생활시설,주택",359.2,215.43,308.49,20071102,2,0,서울특별시 도봉구 도봉동 594-21번지
11320,10800,0,0594,0022,,,일반건축물,단독주택,주택,0,82.38,244.4,19850607,2,1,서울특별시 도봉구 도봉동 594-22번지
11320,10800,0,0594,0023,,,일반건축물,제1종근린생활시설,근린생활시설,260.8,130.29,677.25,19901214,4,1,서울특별시 도봉구 도봉동 594-23번지
11320,10800,0,0594,0027,,,일반건축물,제1종근린생활시설,근린생활시설,128.4,76.38,76.38,20031107,1,0,서울특별시 도봉구 도봉동 594-27번지
11320,10800,0,0595,0000,럭키아파트,,표제부,공동주택,공동주택,0,5770.8,9293.37,19920905,15,1,서울특별시 도봉구 도봉동 595번지
11320,10800,0,0595,0000,럭키아파트,,표제부,공동주택,공동주택,0,5770.8,11571.8,19920905,15,0,서울특별시 도봉구 도봉동 595번지
11320,10800,0,0595,0000,럭키아파트,,표제부,공동주택,공동주택,0,5770.8,11607.83,19920905,15,1,서울특별시 도봉구 도봉동 595번지
11320,10800,0,0595,0000,럭키아파트단지내상가,,표제부,공동주택,"생활시설, 기타복리시설, 의료시설",0,5770.8,3214.45,19920905,3,1,서울특별시 도봉구 도봉동 595번지
11320,10800,0,0595,0000,럭키아파트,,표제부,공동주택,공동주택,0,5770.8,15488.95,19920905,15,1,서울특별시 도봉구 도봉동 595번지
11320,10800,0,0595,0000,럭키아파트,,표제부,공동주택,공동주택,0,5770.8,15488.95,19920905,15,1,서울특별시 도봉구 도봉동 595번지
11320,10800,0,0596,0000,,,일반건축물,제1종근린생활시설,"근린생활시설, 단독주택",214.2,106.02,616.62,19930907,5,1,서울특별시 도봉구 도봉동 596번지
11320,10800,0,0596,0002,,,일반건축물,제2종근린생활시설,"근린생활시설, 다가구용단독주택(4가구)",183.01,91.15,374.28,19930624,3,1,서울특별시 도봉구 도봉동 596-2번지
11320,10800,0,0596,0003,신영오피스텔,,표제부,업무시설,업무시설,300.4,176.82,763.05,20050830,5,0,서울특별시 도봉구 도봉동 596-3번지
11320,10800,0,0596,0006,,,일반건축물,제1종근린생활시설,제1종근린생활시설(소매점),92.4,48.53,104.89,19770616,1,1,서울특별시 도봉구 도봉동 596-6번지
11320,10800,0,0596,0007,도봉미성,,표제부,업무시설,공동주택(다세대주택/제2종근린생활시설/업무시설),397,237.665,1303.758,20180226,7,1,서울특별시 도봉구 도봉동 596-7번지
11320,10800,0,0596,0009,퍼스트빌,,표제부,업무시설,업무시설및근린생활시설,630.7,369.49,2344.05,20031205,5,1,서울특별시 도봉구 도봉동 596-9번지
11320,10800,0,0596,0010,,,일반건축물,제2종근린생활시설,"근린생활시설,단독주택",335.85,200.64,553.49,20040220,3,0,서울특별시 도봉구 도봉동 596-10번지
11320,10800,0,0596,0012,리치하우스,,표제부,공동주택,다세대주택,193.58,116.1,536.22,20170607,7,0,서울특별시 도봉구 도봉동 596-12번지
11320,10800,0,0596,0013,,,표제부,공동주택,"근린생활시설, 다세대주택",431.97,248.01,1007.38,19960412,4,1,서울특별시 도봉구 도봉동 596-13번지
11320,10800,0,0596,0015,,,일반건축물,제1종근린생활시설,근린생활시설,0,128.22,417.5,19830725,2,1,서울특별시 도봉구 도봉동 596-15번지
11320,10800,0,0596,0016,,,일반건축물,단독주택,"주택, 점포",0,58.38,58.38,,1,0,서울특별시 도봉구 도봉동 596-16번지
11320,10800,0,0596,0017,,,일반건축물,단독주택,"근린생활시설, 주택",105,55.3,285.14,19960216,5,1,서울특별시 도봉구 도봉동 596-17번지
11320,10800,0,0596,0018,,,일반건축물,단독주택,"주택, 점포",0,68.79,137.58,19710808,2,0,서울특별시 도봉구 도봉동 596-18번지
11320,10800,0,0596,0020,,,일반건축물,제2종근린생활시설,근린생활시설,0,59.11,115.67,19691226,2,0,서울특별시 도봉구 도봉동 596-20번지
11320,10800,0,0596,0021,,,일반건축물,제2종근린생활시설,"주택, 근린생활시설",0,103.6,236.33,19730404,2,1,서울특별시 도봉구 도봉동 596-21번지
11320,10800,0,0596,0023,,,일반건축물,제2종근린생활시설,근린생활시설,0,49.19,49.19,19680621,1,0,서울특별시 도봉구 도봉동 596-23번지
11320,10800,0,0596,0024,,,일반건축물,제2종근린생활시설,근린생활시설,0,101.22,101.22,,1,0,서울특별시 도봉구 도봉동 596-24번지
11320,10800,0,0596,0026,,,일반건축물,제1종근린생활시설,"근린생활시설, 주택",238,113.05,606.76,19930903,5,1,서울특별시 도봉구 도봉동 596-26번지
11320,10800,0,0596,0027,,,일반건축물,제1종근린생활시설,"근린생활시설, 주택",240.6,113.05,606.76,19930922,5,1,서울특별시 도봉구 도봉동 596-27번지
11320,10800,0,0596,0029,,,표제부,공동주택,다세대주택,332.6,182.8,659.51,19931227,4,1,서울특별시 도봉구 도봉동 596-29번지
11320,10800,0,0596,0031,대정이오스,,표제부,공동주택,공동주택,912.7,544.46,3244.75,20220112,6,1,서울특별시 도봉구 도봉동 596-31번지
11320,10800,0,0597,0000,,,표제부,공동주택,다세대주택,300.4,159.94,648.64,19950708,4,1,서울특별시 도봉구 도봉동 597번지
11320,10800,0,0597,0001,A동,,일반건축물,제2종근린생활시설,근린생활시설,0,105.26,315.78,19740118,2,1,서울특별시 도봉구 도봉동 597-1번지
11320,10800,0,0597,0004,,,표제부,공동주택,공동주택,217.5,108.02,407.3,19911114,3,1,서울특별시 도봉구 도봉동 597-4번지
11320,10800,0,0597,0016,,,일반건축물,단독주택,주택,0,84.17,100.96,19761201,1,1,서울특별시 도봉구 도봉동 597-16번지
11320,10800,0,0597,0018,,,일반건축물,단독주택,주택,0,145.69,202.55,19781223,1,1,서울특별시 도봉구 도봉동 597-18번지
11320,10800,0,0597,0019,,,일반건축물,제1종근린생활시설,"근린생활시설, 주택",381.3,209.31,774.06,19900914,3,1,서울특별시 도봉구 도봉동 597-19번지
11320,10800,0,0597,0020,,,일반건축물,단독주택,"근린생활시설, 주택",0,63.24,189.72,19821214,2,1,서울특별시 도봉구 도봉동 597-20번지
11320,10800,0,0597,0021,,,일반건축물,단독주택,"주택, 점포",0,52.4,60.5,19760922,1,1,서울특별시 도봉구 도봉동 597-21번지
11320,10800,0,0597,0023,대원쉐르빌,,표제부,공동주택,공동주택(다세대주택),220,131.54,437.28,20131119,5,0,서울특별시 도봉구 도봉동 597-23번지
11320,10800,0,0597,0024,,,일반건축물,단독주택,단독주택,165,81.87,245.61,19900619,2,1,서울특별시 도봉구 도봉동 597-24번지
11320,10800,0,0597,0025,,,일반건축물,단독주택,단독주택,98.4,49.09,147.27,19880315,2,1,서울특별시 도봉구 도봉동 597-25번지
11320,10800,0,0597,0026,,,일반건축물,단독주택,단독주택(다중주택),185.8,104.26,329.61,20100819,3,1,서울특별시 도봉구 도봉동 597-26번지
11320,10800,0,0597,0027,,,일반건축물,단독주택,주택,0,65.06,80.17,19761228,1,1,서울특별시 도봉구 도봉동 597-27번지
11320,10800,0,0597,0028,그린하우스,,표제부,공동주택,다세대주택,200.2,119.86,397.6,20110411,5,0,서울특별시 도봉구 도봉동 597-28번지
11320,10800,0,0597,0029,,,일반건축물,단독주택,근린생활시설 및 다가구주택,111.9,65.97,189.26,20020115,3,0,서울특별시 도봉구 도봉동 597-29번지
11320,10800,0,0597,0030,,,일반건축물,제1종근린생활시설,근린생활시설 및 단독주택,112.68,67.29,187.14,20011229,3,0,서울특별시 도봉구 도봉동 597-30번지
11320,10800,0,0597,0031,,,일반건축물,단독주택,주택,0,82.98,95.21,19760922,1,1,서울특별시 도봉구 도봉동 597-31번지
11320,10800,0,0597,0032,,,일반건축물,단독주택,주택,0,83.83,97.75,19770203,1,1,서울특별시 도봉구 도봉동 597-32번지
11320,10800,0,0597,0033,,,일반건축물,단독주택,단독주택,167.9,82.26,245.64,19900729,2,1,서울특별시 도봉구 도봉동 597-33번지
11320,10800,0,0597,0035,,,일반건축물,제1종근린생활시설,근린생활시설,152.3,72.6,72.6,19940704,1,0,서울특별시 도봉구 도봉동 597-35번지
11320,10800,0,0597,0036,,,일반건축물,제1종근린생활시설,"근린생활시설, 주택",0,78.22,377.98,19881008,4,1,서울특별시 도봉구 도봉동 597-36번지
11320,10800,0,0597,0037,,,일반건축물,제1종근린생활시설,"근린생활시설, 주택",0,81.78,417.3,19881203,4,1,서울특별시 도봉구 도봉동 597-37번지
11320,10800,0,0597,0038,,,일반건축물,단독주택,단독주택(다중주택),181,95.48,329,20170310,3,1,서울특별시 도봉구 도봉동 597-38번지
11320,10800,0,0597,0039,,,일반건축물,노유자시설,교육연구및복지시설,0,87.4,114.41,19750915,1,1,서울특별시 도봉구 도봉동 597-39번지
11320,10800,0,0597,0040,,,일반건축물,단독주택,주택,0,91.01,124.99,19750915,1,1,서울특별시 도봉구 도봉동 597-40번지
11320,10800,0,0597,0041,,,표제부,공동주택,공동주택,198.45,84.46,329.6,19901229,3,1,서울특별시 도봉구 도봉동 597-41번지
11320,10800,0,0597,0042,,,일반건축물,제1종근린생활시설,"근린생활시설, 주택",129.4,76.85,265.05,19841016,3,1,서울특별시 도봉구 도봉동 597-42번지
11320,10800,0,0597,0043,,,일반건축물,제1종근린생활시설,근린생활시설,241.3,120.16,489.72,19840620,3,1,서울특별시 도봉구 도봉동 597-43번지
11320,10800,0,0597,0045,,,일반건축물,단독주택,"단독주택,근린생활시설",180.07,107.99,394.99,20030410,4,0,서울특별시 도봉구 도봉동 597-45번지
11320,10800,0,0597,0046,가람아트빌,,표제부,공동주택,공동주택(다세대주택),225.3,130.02,448.87,20130614,5,0,서울특별시 도봉구 도봉동 597-46번지
11320,10800,0,0597,0047,,,표제부,공동주택,공동주택(근생 및 도시형생활주택(단지형다세대)),282.5,165.94,564.24,20130403,5,0,서울특별시 도봉구 도봉동 597-47번지
11320,10800,0,0597,0048,,,일반건축물,제1종근린생활시설,"근린생활시설, 주택",256.9,127.8,491.16,19870716,3,1,서울특별시 도봉구 도봉동 597-48번지
11320,10800,0,0597,0049,,,표제부,공동주택,공동주택,172.4,88.74,296.6,19920107,3,1,서울특별시 도봉구 도봉동 597-49번지
11320,10800,0,0597,0050,,,일반건축물,제2종근린생활시설,"제2종근린생활시설,주택",151.8,90.66,148.96,20071126,2,0,서울특별시 도봉구 도봉동 597-50번지
11320,10800,0,0597,0051,,,일반건축물,단독주택,"근린생활시설, 주택",0,161.98,372.9,19780324,2,1,서울특별시 도봉구 도봉동 597-51번지
11320,10800,0,0597,0053,,,일반건축물,제1종근린생활시설,"근린생활시설, 주택",0,79.02,405.66,19881202,4,1,서울특별시 도봉구 도봉동 597-53번지
11320,10800,0,0597,0055,다스빌리지,,표제부,공동주택,도시형생활주택(단지형연립주택),458.5,225.24,897.27,20121220,5,0,서울특별시 도봉구 도봉동 597-55번지
11320,10800,0,0598,0001,,,일반건축물,단독주택,주택,0,28.99,28.99,19670920,1,0,서울특별시 도봉구 도봉동 598-1번지
11320,10800,0,0598,0002,,,일반건축물,단독주택,"주택, 근린생활시설",0,61.2,140.4,19841030,2,1,서울특별시 도봉구 도봉동 598-2번지
11320,10800,0,0598,0003,,,일반건축물,단독주택,단독주택,187.3,111.73,305.69,19980304,3,0,서울특별시 도봉구 도봉동 598-3번지
11320,10800,0,0598,0005,,,표제부,공동주택,공동주택,194.14,86.51,248.73,19881212,2,1,서울특별시 도봉구 도봉동 598-5번지
11320,10800,0,0598,0007,,,표제부,공동주택,공동주택,189.6,82.98,248.94,19901211,2,1,서울특별시 도봉구 도봉동 598-7번지
11320,10800,0,0598,0008,,,일반건축물,단독주택,단독주택,104,61.41,227.12,19901219,3,1,서울특별시 도봉구 도봉동 598-8번지
11320,10800,0,0598,0009,,,일반건축물,교육연구시설,교육연구및복지시설,138.5,81.63,81.63,19840612,1,0,서울특별시 도봉구 도봉동 598-9번지
11320,10800,0,0598,0010,,,일반건축물,종교시설,종교시설,0,143.11,214.48,19720927,2,0,서울특별시 도봉구 도봉동 598-10번지
11320,10800,0,0598,0012,,,표제부,공동주택,공동주택,0,0,269.04,19800911,2,1,서울특별시 도봉구 도봉동 598-12번지
11320,10800,0,0598,0016,,,일반건축물,노유자시설,노유자시설,129,77.03,139.79,19991208,2,0,서울특별시 도봉구 도봉동 598-16번지
11320,10800,0,0598,0017,,,일반건축물,단독주택,단독주택,171.9,85.16,248.82,19890609,2,1,서울특별시 도봉구 도봉동 598-17번지
11320,10800,0,0598,0018,,,일반건축물,단독주택,단독주택,171.9,85.2,246.87,19890522,2,1,서울특별시 도봉구 도봉동 598-18번지
11320,10800,0,0598,0019,,,일반건축물,제1종근린생활시설,"근린생활시설, 주택",171.9,85.51,425.47,19890601,4,1,서울특별시 도봉구 도봉동 598-19번지
11320,10800,0,0598,0022,,,표제부,공동주택,공동주택,178.15,86.04,245.58,19881212,2,1,서울특별시 도봉구 도봉동 598-22번지
11320,10800,0,0598,0023,,,표제부,공동주택,공동주택,190.46,85.5,246.6,19881212,2,1,서울특별시 도봉구 도봉동 598-23번지
11320,10800,0,0599,0000,,,일반건축물,제1종근린생활시설,근린생활시설,172.6,60,60,19971226,1,0,서울특별시 도봉구 도봉동 599번지
11320,10800,0,0599,0001,,,일반건축물,단독주택,주택,0,76.77,76.77,19860108,1,0,서울특별시 도봉구 도봉동 599-1번지
11320,10800,0,0599,0001,,,일반건축물,제1종근린생활시설,"근린생활시설, 주택",358.3923,163.59,181.74,,1,1,서울특별시 도봉구 도봉동 599-1번지
11320,10800,0,0599,0002,,,일반건축물,제1종근린생활시설,"근린생활시설, 주택",140,69.3,286.14,19901214,3,1,서울특별시 도봉구 도봉동 599-2번지
11320,10800,0,0599,0003,,,일반건축물,제1종근린생활시설,"근린생활시설, 다가구주택",112.4,55.8,227.16,19910403,3,1,서울특별시 도봉구 도봉동 599-3번지
11320,10800,0,0599,0004,,,일반건축물,단독주택,주택,0,63.47,76.03,19770920,1,1,서울특별시 도봉구 도봉동 599-4번지
11320,10800,0,0599,0005,,,일반건축물,단독주택,다가구용단독주택(5가구),0,67.22,190.57,19910913,2,1,서울특별시 도봉구 도봉동 599-5번지
11320,10800,0,0599,0006,,,표제부,공동주택,공동주택,110.5,58.56,173.7,19901207,2,1,서울특별시 도봉구 도봉동 599-6번지
11320,10800,0,0599,0008,,,일반건축물,제1종근린생활시설,근린생활시설,359.2,64.37,64.37,20150518,1,0,서울특별시 도봉구 도봉동 599-8번지
11320,10800,0,0599,0008,,,일반건축물,제1종근린생활시설,제1종근린생활시설+다가구주택,359.2,142.9,280.32,19930512,2,1,서울특별시 도봉구 도봉동 599-8번지
11320,10800,0,0599,0009,B호,,일반건축물,단독주택,"주택, 근린생활시설",0,59.83,167.96,19801216,2,1,서울특별시 도봉구 도봉동 599-9번지
11320,10800,0,0599,0009,,,일반건축물,단독주택,주택,0,103.47,189.42,1966,2,0,서울특별시 도봉구 도봉동 599-9번지
11320,10800,0,0599,0010,현일빌라,,표제부,공동주택,공동주택(다세대주택),347.2,207.76,544.87,20090312,4,0,서울특별시 도봉구 도봉동 599-10번지
11320,10800,0,0599,0011,,,표제부,공동주택,공동주택(다세대주택),288.42,139.1,612.72,19940701,4,1,서울특별시 도봉구 도봉동 599-11번지
11320,10800,0,0599,0013,,,일반건축물,단독주택,단독주택,86.75,53.52,206.79,19980213,3,1,서울특별시 도봉구 도봉동 599-13번지
11320,10800,0,0599,0015,,,표제부,공동주택,다세대주택,117.9,60.65,287.08,19921015,4,1,서울특별시 도봉구 도봉동 599-15번지
11320,10800,0,0599,0016,,,표제부,공동주택,공동주택[도시형생활주택(단지형다세대주택)],237.65,130.93,356.39,20151106,5,0,서울특별시 도봉구 도봉동 599-16번지
11320,10800,0,0599,0017,,,일반건축물,단독주택,단독주택,308.43,162.01,533.74,19980409,3,1,서울특별시 도봉구 도봉동 599-17번지
11320,10800,0,0599,0018,,,표제부,공동주택,공동주택,235.34,111.69,328.89,19901030,2,1,서울특별시 도봉구 도봉동 599-18번지
11320,10800,0,0599,0019,,,표제부,공동주택,공동주택,0,0,999.44,19910311,3,1,서울특별시 도봉구 도봉동 599-19번지
11320,10800,0,0599,0020,,,일반건축물,단독주택,주택,0,37.72,37.72,19690430,1,0,서울특별시 도봉구 도봉동 599-20번지
11320,10800,0,0599,0021,,,일반건축물,단독주택,단독주택,129.7,64.08,192.24,19901231,2,1,서울특별시 도봉구 도봉동 599-21번지
11320,10800,0,0599,0022,,,표제부,공동주택,공동주택,188.7,90.78,341.36,19920407,3,1,서울특별시 도봉구 도봉동 599-22번지
11320,10800,0,0599,0023,삼성타운,,표제부,공동주택,공동주택,859.64,460.52,1985.61,19981103,4,1,서울특별시 도봉구 도봉동 599-23번지
11320,10800,0,0599,0024,,,일반건축물,단독주택,다가구용단독주택(7가구),167.94,95.12,299.45,19940701,3,1,서울특별시 도봉구 도봉동 599-24번지
11320,10800,0,0599,0025,,,일반건축물,단독주택,다가구용단독주택(7가구),127.65,73.87,258.35,19940909,3,1,서울특별시 도봉구 도봉동 599-25번지
11320,10800,0,0599,0026,,,일반건축물,단독주택,다가구주택(3가구),83.5,48.5,116.59,19940909,2,1,서울특별시 도봉구 도봉동 599-26번지
11320,10800,0,0599,0027,제일그린빌,,일반건축물,단독주택,단독주택,181.5,107.34,272.04,20171201,4,0,서울특별시 도봉구 도봉동 599-27번지
11320,10800,0,0599,0028,,,일반건축물,단독주택,단독주택,127.4,60.54,181.62,19890927,2,1,서울특별시 도봉구 도봉동 599-28번지
11320,10800,0,0599,0029,,,일반건축물,단독주택,단독주택,153.7,76.79,245.78,19891018,2,1,서울특별시 도봉구 도봉동 599-29번지
11320,10800,0,0599,0030,,,일반건축물,단독주택,단독주택,98.57,59.12,114.13,20020918,2,0,서울특별시 도봉구 도봉동 599-30번지
11320,10800,0,0599,0031,,,일반건축물,단독주택,단독주택,118.14,57.45,57.45,19980630,1,0,서울특별시 도봉구 도봉동 599-31번지
11320,10800,0,0599,0032,,,일반건축물,단독주택,주택,0,78.58,124.48,19681031,2,0,서울특별시 도봉구 도봉동 599-32번지
11320,10800,0,0599,0033,,,일반건축물,단독주택,주택,0,43.57,43.57,19690930,1,0,서울특별시 도봉구 도봉동 599-33번지
11320,10800,0,0599,0037,,,표제부,공동주택,공동(다세대)주택,318.2,148.11,717.28,20020201,4,1,서울특별시 도봉구 도봉동 599-37번지
11320,10800,0,0599,0038,,,일반건축물,단독주택,다가구용단독주택(4),110.6,59.18,167.74,19941015,2,1,서울특별시 도봉구 도봉동 599-38번지
11320,10800,0,0599,0039,,,일반건축물,단독주택,주택,0,37.26,37.26,19700715,1,0,서울특별시 도봉구 도봉동 599-39번지
11320,10800,0,0599,0039,,,일반건축물,제2종근린생활시설,제2종근린생활시설(수리점),0,55.76,55.76,19690428,1,0,서울특별시 도봉구 도봉동 599-39번지
11320,10800,0,0599,0040,,,일반건축물,단독주택,다가구용단독주택(5가구),125.21,74.58,196.53,19930625,2,1,서울특별시 도봉구 도봉동 599-40번지
11320,10800,0,0599,0041,,,일반건축물,단독주택,단독주택,142.78,75.15,217.65,19901110,2,1,서울특별시 도봉구 도봉동 599-41번지
11320,10800,0,0599,0042,명성로얄빌,,표제부,공동주택,"근린생활시설,공동주택(도시형생활주택-단지형다세대주택)",329.7,157.87,655.7,20160317,6,0,서울특별시 도봉구 도봉동 599-42번지
11320,10800,0,0599,0044,,,표제부,공동주택,공동주택,200.7,96.6,249.84,19860813,2,1,서울특별시 도봉구 도봉동 599-44번지
11320,10800,0,0599,0045,,,표제부,공동주택,다세대주택,236.8,139.8,645.48,20010625,4,1,서울특별시 도봉구 도봉동 599-45번지
11320,10800,0,0599,0046,,,일반건축물,단독주택,주택(다가구),129.1,64.44,227.88,19841204,3,1,서울특별시 도봉구 도봉동 599-46번지
11320,10800,0,0599,0047,,,표제부,공동주택,다세대주택,253.28,116.76,442.28,19940110,3,1,서울특별시 도봉구 도봉동 599-47번지
11320,10800,0,0599,0048,,,표제부,공동주택,근린생활시설 및 공동주택,341.1,203.74,712.2,20030321,4,0,서울특별시 도봉구 도봉동 599-48번지
11320,10800,0,0599,0049,,,일반건축물,제1종근린생활시설,"근린생활시설, 주택",142.9,71.22,308.88,19911214,3,1,서울특별시 도봉구 도봉동 599-49번지
11320,10800,0,0599,0050,,,일반건축물,단독주택,다가구용단독주택(5가구),123.78,67.32,190.82,19900927,2,1,서울특별시 도봉구 도봉동 599-50번지
11320,10800,0,0599,0056,,,표제부,공동주택,공동주택,169.9,84.32,249.74,19860711,2,1,서울특별시 도봉구 도봉동 599-56번지
11320,10800,0,0599,0057,,,표제부,공동주택,공동주택,215.93,107.4,322.2,19901030,2,1,서울특별시 도봉구 도봉동 599-57번지
11320,10800,0,0599,0058,,,표제부,공동주택,공동주택,106.36,61.24,195.26,20030327,4,0,서울특별시 도봉구 도봉동 599-58번지
11320,10800,0,0599,0059,,,일반건축물,제1종근린생활시설,"근린생활시설, 주택",197.8,118.11,504.39,19920721,4,1,서울특별시 도봉구 도봉동 599-59번지
11320,10800,0,0599,0063,,,표제부,공동주택,공동주택(다세대주택),233.4,136.19,657.82,20020314,4,1,서울특별시 도봉구 도봉동 599-63번지
11320,10800,0,0600,0000,,,일반건축물,제1종근린생활시설,근린생활시설,0,90.91,90.91,19651225,1,0,서울특별시 도봉구 도봉동 600번지
11320,10800,0,0600,0001,,,일반건축물,제1종근린생활시설,"근린생활시설, 주택",0,162.56,240.56,19710930,2,0,서울특별시 도봉구 도봉동 600-1번지
11320,10800,0,0600,0002,,,일반건축물,제1종근린생활시설,점포,0,211.87,445.95,19680702,2,1,서울특별시 도봉구 도봉동 600-2번지
11320,10800,0,0600,0004,제2호,,일반건축물,제2종근린생활시설,일반음식점,0,57.59,115.18,19820721,1,1,서울특별시 도봉구 도봉동 600-4번지
11320,10800,0,0600,0004,제1호,,일반건축물,제2종근린생활시설,일반음식점,0,34.51,34.51,1966,1,0,서울특별시 도봉구 도봉동 600-4번지
11320,10800,0,0600,0004,,,일반건축물,단독주택,"주택, 점포",0,64.43,64.43,19720417,1,0,서울특별시 도봉구 도봉동 600-4번지
11320,10800,0,0600,0007,창인-HOUSE,,일반건축물,제1종근린생활시설,제1종근린생활시설,360,197.64,197.64,20130819,1,0,서울특별시 도봉구 도봉동 600-7번지
11320,10800,0,0600,0011,,,일반건축물,제1종근린생활시설,"근린생활시설, 주택",226.5,102.96,387.15,19850117,3,1,서울특별시 도봉구 도봉동 600-11번지
11320,10800,0,0600,0012,,,일반건축물,단독주택,"주택, 근린생활시설",0,44.26,132.78,19800920,2,1,서울특별시 도봉구 도봉동 600-12번지
11320,10800,0,0600,0013,,,일반건축물,제1종근린생활시설,"제1,2종근린생활시설",448.4,221.18,573.54,19800517,2,1,서울특별시 도봉구 도봉동 600-13번지
11320,10800,0,0600,0014,,,일반건축물,제2종근린생활시설,제2종근린생활시설(사무소),0,91.53,199.29,19811116,2,1,서울특별시 도봉구 도봉동 600-14번지
11320,10800,0,0600,0015,,,표제부,공동주택,연립주텍,0,0,786.82,19950705,4,1,서울특별시 도봉구 도봉동 600-15번지
11320,10800,0,0600,0015,,,표제부,공동주택,연립주택,0,0,132.15,19950705,2,1,서울특별시 도봉구 도봉동 600-15번지
11320,10800,0,0600,0016,,,일반건축물,단독주택,주택,0,82.35,181.08,19831012,2,1,서울특별시 도봉구 도봉동 600-16번지
11320,10800,0,0600,0017,,,일반건축물,제1종근린생활시설,근린생활시설,188.4,107.98,293.13,19831026,2,1,서울특별시 도봉구 도봉동 600-17번지
11320,10800,0,0600,0019,,,일반건축물,제1종근린생활시설,"근린생활시설, 주택",242.2,120.78,627.69,19921215,4,1,서울특별시 도봉구 도봉동 600-19번지
11320,10800,0,0600,0020,포레라스,,표제부,공동주택,공동주택,450.42,254.31,1480.32,20190218,7,1,서울특별시 도봉구 도봉동 600-20번지
11320,10800,0,0600,0025,,,일반건축물,제1종근린생활시설,"근린생활시설, 주택",0,84.33,263.74,19811121,2,1,서울특별시 도봉구 도봉동 600-25번지
11320,10800,0,0600,0027,,,일반건축물,제1종근린생활시설,근린생활시설,0,190.52,350.44,19830830,2,1,서울특별시 도봉구 도봉동 600-27번지
11320,10800,0,0600,0028,,,일반건축물,단독주택,"단독주택(다중주택), 제2종근린생활시설(사무소)",101,60.06,202.56,20161205,3,1,서울특별시 도봉구 도봉동 600-28번지
11320,10800,0,0600,0029,도봉역 다움하우스,,표제부,업무시설,오피스텔,551.4,314.62,2093.8496,20230330,7,2,서울특별시 도봉구 도봉동 600-29번지
11320,10800,0,0600,0032,,,일반건축물,노유자시설,노유자시설,532,366.35,2427.68,20030624,5,2,서울특별시 도봉구 도봉동 600-32번지
11320,10800,0,0600,0033,삼육문화센터부설주차장,,일반건축물,자동차관련시설,자동차관련시설,129.09,49.91,254.93,20030623,5,1,서울특별시 도봉구 도봉동 600-33번지
11320,10800,0,0600,0034,,,일반건축물,제2종근린생활시설,"근린생활시설, 노유자시설, 주택,교육연구시설",363.6,179.23,999.58,19910827,5,1,서울특별시 도봉구 도봉동 600-34번지
11320,10800,0,0600,0037,,,일반건축물,제1종근린생활시설,"근린생활시설, 주택",108.51,65.05,299.8,19950630,4,1,서울특별시 도봉구 도봉동 600-37번지
11320,10800,0,0600,0038,,,일반건축물,단독주택,"근린생활시설, 주택",106.6,63.62,247.05,19950309,3,1,서울특별시 도봉구 도봉동 600-38번지
11320,10800,0,0600,0039,,,일반건축물,단독주택,주택,0,120.96,241.92,19820813,1,1,서울특별시 도봉구 도봉동 600-39번지
11320,10800,0,0600,0040,,,일반건축물,제1종근린생활시설,근린생활시설,383.9,165.6,598.08,19901231,3,1,서울특별시 도봉구 도봉동 600-40번지
11320,10800,0,0600,0043,,,표제부,공동주택,공동주택,222.93,83,249,19900421,2,1,서울특별시 도봉구 도봉동 600-43번지
11320,10800,0,0600,0044,힐하우스,,표제부,공동주택,도시형생활주택(원룸형주택)및다세대주택1세대/2종근린생활시설(사무소),164.9,94.23,385.02,20140711,5,0,서울특별시 도봉구 도봉동 600-44번지
11320,10800,0,0600,0046,,,일반건축물,제2종근린생활시설,제2종근린생활시설(사무소),394.9,209,333.3,20120829,2,0,서울특별시 도봉구 도봉동 600-46번지
11320,10800,0,0600,0047,,,일반건축물,제2종근린생활시설,근린생활시설,0,93.96,93.96,19861110,1,0,서울특별시 도봉구 도봉동 600-47번지
11320,10800,0,0600,0049,,,일반건축물,제2종근린생활시설,근린생활시설,305.5,120.2,585.6,19931009,4,1,서울특별시 도봉구 도봉동 600-49번지
11320,10800,0,0601,0000,,,일반건축물,단독주택,"주택, 근린생활시설, 교육연구및복지시설",0,157.6,392.78,19830915,2,1,서울특별시 도봉구 도봉동 601번지
11320,10800,0,0601,0001,,,일반건축물,제1종근린생활시설,"근린생활시설, 주택",116.4,54,185,19871116,2,1,서울특별시 도봉구 도봉동 601-1번지
11320,10800,0,0601,0002,,,일반건축물,단독주택,주택,0,53.39,53.39,19711030,1,0,서울특별시 도봉구 도봉동 601-2번지
11320,10800,0,0601,0003,,,일반건축물,단독주택,다가구용단독주택(5가구),143.9,76.37,198.96,19940118,2,1,서울특별시 도봉구 도봉동 601-3번지
11320,10800,0,0601,0005,,,일반건축물,제1종근린생활시설,제1종근린생활시설(의원및 제2종근린생활시설),966,486.45,2799.14,19911213,5,1,서울특별시 도봉구 도봉동 601-5번지
11320,10800,0,0601,0010,,,일반건축물,제1종근린생활시설,제1종근린생활시설,358.6,185.8,959.97,19921224,5,1,서울특별시 도봉구 도봉동 601-10번지
11320,10800,0,0601,0011,,,일반건축물,제2종근린생활시설,근린생활시설,368.8,149.04,594.09,19920914,3,1,서울특별시 도봉구 도봉동 601-11번지
11320,10800,0,0601,0012,,,표제부,공동주택,연립주택,0,0,402.24,19801013,2,1,서울특별시 도봉구 도봉동 601-12번지
11320,10800,0,0601,0014,명성리치빌,,표제부,공동주택,단지형다세대주택(도시형생활주택),355.6,209.49,724.25,20140422,5,0,서울특별시 도봉구 도봉동 601-14번지
11320,10800,0,0601,0017,,,표제부,공동주택,공동주택,232.2,140.6,656.72,20020516,5,0,서울특별시 도봉구 도봉동 601-17번지
11320,10800,0,0601,0018,새울센스빌,,표제부,공동주택,"공동주택(다세대주택), 근린생활시설",203.7,121.74,721.98,20020401,5,1,서울특별시 도봉구 도봉동 601-18번지
11320,10800,0,0601,0019,흥안아트빌,,표제부,공동주택,공동주택및업무시설,199.7,119.7,721.66,20021026,5,1,서울특별시 도봉구 도봉동 601-19번지
11320,10800,0,0601,0020,신일빌라,,표제부,공동주택,공동주택 및 업무시설,198.4,118.51,696.09,20030325,5,1,서울특별시 도봉구 도봉동 601-20번지
11320,10800,0,0601,0021,,,일반건축물,단독주택,주택,0,82.08,118.61,19791217,1,1,서울특별시 도봉구 도봉동 601-21번지
11320,10800,0,0601,0022,,,일반건축물,제1종근린생활시설,"근린생활시설, 주택",86,44.82,183.06,19950316,3,1,서울특별시 도봉구 도봉동 601-22번지
11320,10800,0,0601,0027,비오스뷰,,표제부,공동주택,근생 및 오피스텔 및 단지형다세대,255.82,150.44,662.36,20220907,7,0,서울특별시 도봉구 도봉동 601-27번지
11320,10800,0,0601,0029,,,표제부,공동주택,공동주택,137.8,67.62,253.68,19920226,3,1,서울특별시 도봉구 도봉동 601-29번지
11320,10800,0,0601,0031,,,일반건축물,단독주택,"근린생활시설, 주택",159.86,90.58,400.28,19960924,4,1,서울특별시 도봉구 도봉동 601-31번지
11320,10800,0,0601,0032,,,일반건축물,단독주택,다가구주택,171.1,84.19,316.22,19950819,4,1,서울특별시 도봉구 도봉동 601-32번지
11320,10800,0,0601,0035,,,일반건축물,제2종근린생활시설,제2종근린생활시설,153.3,90.81,493.77,20101115,5,1,서울특별시 도봉구 도봉동 601-35번지
11320,10800,0,0601,0036,노블하우징 B,,표제부,공동주택,제2종근린생활시설및도시형생활주택(단지형다세대),184.9,109.2,447.92,20170928,6,0,서울특별시 도봉구 도봉동 601-36번지
11320,10800,0,0601,0037,노블하우징 A,,표제부,공동주택,제2종근린생활시설및도시형생활주택(단지형다세대),313.1,172.63,662.18,20170928,6,0,서울특별시 도봉구 도봉동 601-37번지
11320,10800,0,0601,0039,,,표제부,공동주택,공동주택,165.23,97.75,373.39,20021108,5,0,서울특별시 도봉구 도봉동 601-39번지
11320,10800,0,0601,0040,,,일반건축물,단독주택,다가구용단독주택,188.3,112.14,418.38,19961028,3,1,서울특별시 도봉구 도봉동 601-40번지
11320,10800,0,0601,0041,,,일반건축물,단독주택,다가구용단독주택(6가구),107.6,67.36,201.93,19930514,3,1,서울특별시 도봉구 도봉동 601-41번지
11320,10800,0,0601,0042,,,일반건축물,단독주택,"주택, 점포",0,78.18,89.72,19771017,1,1,서울특별시 도봉구 도봉동 601-42번지
11320,10800,0,0601,0043,,,일반건축물,단독주택,"다가구용단독주택(3가구), 근린생활시설",191.1,112.79,298.77,19870429,3,1,서울특별시 도봉구 도봉동 601-43번지
11320,10800,0,0601,0044,,,일반건축물,제2종근린생활시설,근린생활시설,0,119.65,443.64,19831017,4,1,서울특별시 도봉구 도봉동 601-44번지
11320,10800,0,0601,0045,,,표제부,공동주택,"다세대주택, 근린생활시설",200.8,137.61,735.81,20000629,5,1,서울특별시 도봉구 도봉동 601-45번지
11320,10800,0,0601,0046,삼성쉐르빌,,표제부,공동주택,"공동주택(다세대주택),근린생활시설",206.2,123.22,680.26,20040624,5,1,서울특별시 도봉구 도봉동 601-46번지
11320,10800,0,0601,0047,현대주택,,표제부,공동주택,공동주택(다세대주택),192.5,132.08,525.64,20020617,5,0,서울특별시 도봉구 도봉동 601-47번지
11320,10800,0,0601,0048,,,표제부,공동주택,공동주택,204.4,82.69,320.34,19910108,3,1,서울특별시 도봉구 도봉동 601-48번지
11320,10800,0,0601,0049,,,일반건축물,제1종근린생활시설,근린생활시설,0,135.78,407.34,19831227,2,1,서울특별시 도봉구 도봉동 601-49번지
11320,10800,0,0601,0051,,,일반건축물,제2종근린생활시설,근린생활시설,0,153.3,613.2,19850810,3,1,서울특별시 도봉구 도봉동 601-51번지
11320,10800,0,0601,0052,,,일반건축물,제1종근린생활시설,"근린생활시설, 주택",0,100.8,403.2,19841117,3,1,서울특별시 도봉구 도봉동 601-52번지
11320,10800,0,0601,0053,,,일반건축물,제1종근린생활시설,근린생활시설,202.1,100.8,403.2,19841117,3,1,서울특별시 도봉구 도봉동 601-53번지
11320,10800,0,0601,0054,,,일반건축물,제1종근린생활시설,"근린생활시설, 주택",0,82.56,331.68,19850813,3,1,서울특별시 도봉구 도봉동 601-54번지
11320,10800,0,0601,0055,,,일반건축물,위험물저장및처리시설,위험물저장및처리시설,260.23,127.18,210.61,19930922,2,1,서울특별시 도봉구 도봉동 601-55번지
11320,10800,0,0601,0057,,,일반건축물,단독주택,주택,0,90.66,213.24,19831221,2,1,서울특별시 도봉구 도봉동 601-57번지
11320,10800,0,0601,0058,,,일반건축물,단독주택,주택,0,78.84,173.39,19831226,2,1,서울특별시 도봉구 도봉동 601-58번지
11320,10800,0,0601,0059,,,표제부,공동주택,공동주택,307.9,180.93,659.88,20020429,5,0,서울특별시 도봉구 도봉동 601-59번지
11320,10800,0,0601,0060,,,표제부,공동주택,공동주택,240.1,157.6,770.16,20020422,5,0,서울특별시 도봉구 도봉동 601-60번지
11320,10800,0,0601,0061,,,표제부,공동주택,공동주택,197,115.32,569.32,20020516,5,0,서울특별시 도봉구 도봉동 601-61번지
11320,10800,0,0602,0000,,,일반건축물,제1종근린생활시설,"근린생활시설, 단독주택",124.7,61.66,270.27,19901226,3,1,서울특별시 도봉구 도봉동 602번지
11320,10800,0,0602,0001,,,일반건축물,단독주택,다가구용단독주택,148.7,88.81,232.5,19931013,2,1,서울특별시 도봉구 도봉동 602-1번지
11320,10800,0,0602,0002,,,일반건축물,제1종근린생활시설,근린생활시설,169.8,83.88,341.52,19910925,3,1,서울특별시 도봉구 도봉동 602-2번지
11320,10800,0,0602,0003,,,일반건축물,단독주택,"단독주택,근린생활시설, 위험물저장및처리시설",158.6,91.88,169.64,19980805,2,0,서울특별시 도봉구 도봉동 602-3번지
11320,10800,0,0602,0004,,,일반건축물,제1종근린생활시설,"근린생활시설, 단독주택",163.1,97.38,461.18,19971108,4,1,서울특별시 도봉구 도봉동 602-4번지
11320,10800,0,0602,0006,,,일반건축물,단독주택,"단독주택, 근린생활시설",123,66.72,194.76,19920321,2,1,서울특별시 도봉구 도봉동 602-6번지
11320,10800,0,0602,0007,,,표제부,공동주택,공동주택,268.7,160.36,545.61,20080903,5,0,서울특별시 도봉구 도봉동 602-7번지
11320,10800,0,0602,0008,,,표제부,공동주택,공동주택,118.9,65.61,196.83,19910509,2,1,서울특별시 도봉구 도봉동 602-8번지
11320,10800,0,0602,0009,,,일반건축물,단독주택,주택,0,59.54,72.5,19761004,1,1,서울특별시 도봉구 도봉동 602-9번지
11320,10800,0,0602,0010,,,일반건축물,단독주택,다가구주택,145.6,85.16,235.7,19970627,2,1,서울특별시 도봉구 도봉동 602-10번지
11320,10800,0,0602,0011,,,일반건축물,단독주택,다가구주택,144.8,83.8,231.06,19970627,2,1,서울특별시 도봉구 도봉동 602-11번지
11320,10800,0,0602,0012,,,일반건축물,단독주택,주택,0,76.26,100.26,19751010,1,1,서울특별시 도봉구 도봉동 602-12번지
11320,10800,0,0602,0013,,,일반건축물,단독주택,다가구용단독주택(7가구),146.6,87.78,296.04,19951121,3,1,서울특별시 도봉구 도봉동 602-13번지
11320,10800,0,0602,0014,,,일반건축물,단독주택,다가구용단독주택(7가구),133.4,79.59,296.81,19950630,3,1,서울특별시 도봉구 도봉동 602-14번지
11320,10800,0,0602,0015,,,일반건축물,단독주택,다가구용단독주택(7가구),153.5,92,346.45,19970414,3,1,서울특별시 도봉구 도봉동 602-15번지
11320,10800,0,0602,0016,,,일반건축물,단독주택,단독주택,147,87.98,328.78,19980216,4,1,서울특별시 도봉구 도봉동 602-16번지
11320,10800,0,0602,0017,,,표제부,공동주택,공동주택,145.7,83.32,249.96,19910402,2,1,서울특별시 도봉구 도봉동 602-17번지
11320,10800,0,0602,0018,,,일반건축물,제1종근린생활시설,"근린생활시설, 주택",147.2,86.87,299.54,19970618,4,0,서울특별시 도봉구 도봉동 602-18번지
11320,10800,0,0602,0019,,,일반건축물,단독주택,다가구용단독주택(5가구),154.1,85.27,199.56,19931116,2,1,서울특별시 도봉구 도봉동 602-19번지
11320,10800,0,0602,0020,,,일반건축물,단독주택,다가구용단독주택(5가구),0,78.14,230.26,19920626,2,1,서울특별시 도봉구 도봉동 602-20번지
11320,10800,0,0602,0021,,,일반건축물,단독주택,"근린생활시설, 다가구용단독주택(3가구)",146.1,87.66,328.16,19920814,3,1,서울특별시 도봉구 도봉동 602-21번지
11320,10800,0,0602,0022,,,일반건축물,제2종근린생활시설,"근린생활시설, 주택",130.9,75.84,299.64,19970723,4,1,서울특별시 도봉구 도봉동 602-22번지
11320,10800,0,0602,0023,,,일반건축물,단독주택,"근린생활시설, 주택",129.3,67.94,296.7,19940616,4,1,서울특별시 도봉구 도봉동 602-23번지
11320,10800,0,0602,0024,,,일반건축물,제1종근린생활시설,"근린생활시설, 주택",0,63.18,273.36,19861129,3,1,서울특별시 도봉구 도봉동 602-24번지
11320,10800,0,0602,0025,,,일반건축물,단독주택,단독주택,134.2,66.59,199.77,19890704,2,1,서울특별시 도봉구 도봉동 602-25번지
11320,10800,0,0602,0026,,,일반건축물,단독주택,단독주택,119.4,59.56,191.23,19901114,2,1,서울특별시 도봉구 도봉동 602-26번지
11320,10800,0,0602,0027,,,일반건축물,단독주택,다가구용단독주택(3가구),123.54,73.93,119.51,19950422,2,0,서울특별시 도봉구 도봉동 602-27번지
11320,10800,0,0602,0029,,,일반건축물,단독주택,단독주택,127.2,63.18,193.74,19860718,2,1,서울특별시 도봉구 도봉동 602-29번지
11320,10800,0,0602,0030,,,일반건축물,단독주택,"근린생활시설, 주택",125.9,62.4,258.96,19890707,3,1,서울특별시 도봉구 도봉동 602-30번지
11320,10800,0,0602,0031,,,일반건축물,제1종근린생활시설,"근린생활시설, 주택",130.7,78.3,322.02,19950602,4,1,서울특별시 도봉구 도봉동 602-31번지
11320,10800,0,0602,0032,,,일반건축물,단독주택,단독주택(다가구주택),130.2,77.84,189.04,20020617,3,0,서울특별시 도봉구 도봉동 602-32번지
11320,10800,0,0602,0033,,,일반건축물,단독주택,주택,0,61.55,66.08,19731005,1,1,서울특별시 도봉구 도봉동 602-33번지
11320,10800,0,0602,0034,,,일반건축물,단독주택,주택,0,61.55,66.41,19730828,1,1,서울특별시 도봉구 도봉동 602-34번지
11320,10800,0,0602,0036,,,일반건축물,단독주택,단독주택,123.8,61.35,202.78,19891101,2,1,서울특별시 도봉구 도봉동 602-36번지
11320,10800,0,0602,0037,,,일반건축물,단독주택,"주택, 점포",0,74.05,82.68,19730626,1,1,서울특별시 도봉구 도봉동 602-37번지
11320,10800,0,0602,0038,오성네스트,,일반건축물,단독주택,"단독주택(다가구주택),제1종근린생활시설",229.1,136.9,456.26,20140922,4,0,서울특별시 도봉구 도봉동 602-38번지
11320,10800,0,0602,0039,,,일반건축물,단독주택,단독주택,140,83.18,238.38,19911230,2,1,서울특별시 도봉구 도봉동 602-39번지
11320,10800,0,0603,0001,,,일반건축물,단독주택,"근린생활시설, 주택",129.8,64.38,319.98,19920724,4,1,서울특별시 도봉구 도봉동 603-1번지
11320,10800,0,0603,0002,,,일반건축물,제1종근린생활시설,"근린생활시설, 주택",198.46,98.56,396.9,19890420,3,1,서울특별시 도봉구 도봉동 603-2번지
11320,10800,0,0603,0003,,,일반건축물,단독주택,단독주택,106.97,53.13,163.14,19880721,2,1,서울특별시 도봉구 도봉동 603-3번지
11320,10800,0,0603,0004,,,일반건축물,단독주택,다가구용단독주택(3가구),96.5,57.76,155.49,19941114,2,1,서울특별시 도봉구 도봉동 603-4번지
11320,10800,0,0603,0005,,,일반건축물,제2종근린생활시설,근린생활시설,352.1,175.95,980.37,19891130,5,1,서울특별시 도봉구 도봉동 603-5번지
11320,10800,0,0603,0007,,,일반건축물,제1종근린생활시설,"근린생활시설, 다가구용단독주택(2가구)",123.14,73.86,297.84,19941118,3,1,서울특별시 도봉구 도봉동 603-7번지
11320,10800,0,0603,0008,,,일반건축물,단독주택,다가구용단독주택(3가구),70,45.93,113.36,19941114,2,1,서울특별시 도봉구 도봉동 603-8번지
11320,10800,0,0603,0010,,,표제부,공동주택,"근린생활시설, 다세대주택",175.29,101.22,433.54,19940713,4,1,서울특별시 도봉구 도봉동 603-10번지
11320,10800,0,0603,0012,세광하이빌,,표제부,공동주택,공동주택및근린생활시설,280.45,166.59,983.1,20030708,5,1,서울특별시 도봉구 도봉동 603-12번지
11320,10800,0,0603,0013,천일페인트,,일반건축물,제1종근린생활시설,"제1종근린생활시설(소매점,의원) 및 제2종근린생활시설(사무소)",610.2,343.44,1432.32,20120125,4,1,서울특별시 도봉구 도봉동 603-13번지
11320,10800,0,0603,0014,,,일반건축물,숙박시설,"근린생활시설, 여관",0,290.7,872.1,19831128,2,1,서울특별시 도봉구 도봉동 603-14번지
11320,10800,0,0603,0015,,,표제부,공동주택,"연립주택, 근린생활시설",1200.16,661.99,3232.26,19970612,4,1,서울특별시 도봉구 도봉동 603-15번지
11320,10800,0,0603,0016,,,표제부,공동주택,"연립주택, 근린생활시설",1494.55,859.8,4151.48,19970715,4,1,서울특별시 도봉구 도봉동 603-16번지
11320,10800,0,0603,0017,,,표제부,공동주택,다세대주택,234.38,139.54,509.45,20010903,4,0,서울특별시 도봉구 도봉동 603-17번지
11320,10800,0,0603,0019,,,일반건축물,노유자시설,교육연구및복지시설(어린이집),337.4,183.57,481.47,19830809,3,0,서울특별시 도봉구 도봉동 603-19번지
11320,10800,0,0603,0020,,,일반건축물,단독주택,다가구용단독주택(5가구),119.7,71.41,179.03,19940610,2,1,서울특별시 도봉구 도봉동 603-20번지
11320,10800,0,0603,0021,,,일반건축물,단독주택,다가구용단독주택(6가구),184.5,104.84,288.72,19971124,4,0,서울특별시 도봉구 도봉동 603-21번지
11320,10800,0,0603,0022,,,일반건축물,제1종근린생활시설,"근린생활시설, 주택",162.9,81.3,421.01,19890722,4,1,서울특별시 도봉구 도봉동 603-22번지
11320,10800,0,0603,0023,,,일반건축물,단독주택,"주택, 점포",0,135.57,273.37,19751015,2,1,서울특별시 도봉구 도봉동 603-23번지
11320,10800,0,0603,0026,,,일반건축물,제2종근린생활시설,근린생활시설,305.3,106.02,106.02,19931018,1,0,서울특별시 도봉구 도봉동 603-26번지
11320,10800,0,0603,0028,,,표제부,공동주택,공동주택,127,62.22,248.88,19860828,3,1,서울특별시 도봉구 도봉동 603-28번지
11320,10800,0,0603,0029,,,일반건축물,단독주택,주택,0,85.88,189.89,19830810,2,1,서울특별시 도봉구 도봉동 603-29번지
11320,10800,0,0603,0030,,,일반건축물,단독주택,주택,0,85.2,184.83,19830810,2,1,서울특별시 도봉구 도봉동 603-30번지
11320,10800,0,0603,0032,,,일반건축물,제1종근린생활시설,근린생활시설,0,187.44,562.32,19830908,2,1,서울특별시 도봉구 도봉동 603-32번지
11320,10800,0,0603,0033,,,일반건축물,제1종근린생활시설,근린생활시설,452.3,242.73,907.83,19830915,3,1,서울특별시 도봉구 도봉동 603-33번지
11320,10800,0,0603,0034,,,일반건축물,단독주택,주택,0,81.96,180.3,19830621,2,1,서울특별시 도봉구 도봉동 603-34번지
11320,10800,0,0603,0037,,,표제부,공동주택,공동주택,165.9,59.92,183.21,19860828,2,1,서울특별시 도봉구 도봉동 603-37번지
11320,10800,0,0604,0000,,,일반건축물,제1종근린생활시설,"근린생활시설, 주택",186.6,93.05,494.28,19911021,4,1,서울특별시 도봉구 도봉동 604번지
11320,10800,0,0604,0001,,,일반건축물,단독주택,단독주택(다가구주택),240.4,109.14,279.57,20060630,3,0,서울특별시 도봉구 도봉동 604-1번지
11320,10800,0,0604,0002,,,일반건축물,단독주택,단독주택,139.3,80.58,233.09,20111101,3,0,서울특별시 도봉구 도봉동 604-2번지
11320,10800,0,0604,0003,,,일반건축물,단독주택,다가구주택,145.4,81.6,153.83,20200522,3,0,서울특별시 도봉구 도봉동 604-3번지
11320,10800,0,0604,0004,,,표제부,공동주택,"다세대주택,제2종근린생활시설",161.6,95.4,323.04,20090225,5,0,서울특별시 도봉구 도봉동 604-4번지
11320,10800,0,0604,0006,,,일반건축물,단독주택,"근린생활시설, 다가구용단독주택(2)",170.3,85.84,240.45,19950901,2,1,서울특별시 도봉구 도봉동 604-6번지
11320,10800,0,0604,0007,,,일반건축물,단독주택,다가구용단독주택(5가구),136.9,82,218.11,19950126,2,1,서울특별시 도봉구 도봉동 604-7번지
11320,10800,0,0604,0008,,,일반건축물,단독주택,다가구용단독주택(3가구),114.66,68.34,179.7,19960126,2,1,서울특별시 도봉구 도봉동 604-8번지
11320,10800,0,0604,0009,,,일반건축물,단독주택,다가구용단독주택(3가구),95.6,57.35,109.88,19941121,2,0,서울특별시 도봉구 도봉동 604-9번지
11320,10800,0,0604,0010,,,일반건축물,단독주택,단독주택,109.4,54.54,169.32,19901025,2,1,서울특별시 도봉구 도봉동 604-10번지
11320,10800,0,0604,0012,,,일반건축물,단독주택,다가구용단독주택(3가구),116,68.89,118.08,19940916,2,0,서울특별시 도봉구 도봉동 604-12번지
11320,10800,0,0604,0013,,,일반건축물,단독주택,다가구용단독주택(2가구),105.9,63.46,119.72,19940916,2,0,서울특별시 도봉구 도봉동 604-13번지
11320,10800,0,0604,0014,노블타운하우스,,표제부,공동주택,공동주택[도시형생활주택(단지형다세대주택)],353.5,188.34,659.61,20160204,6,0,서울특별시 도봉구 도봉동 604-14번지
11320,10800,0,0604,0017,,,일반건축물,단독주택,다가구주택(7가구),145.8,87.34,299.26,19960916,3,1,서울특별시 도봉구 도봉동 604-17번지
11320,10800,0,0604,0018,,,일반건축물,단독주택,단독주택,115.3,58.47,192.85,19910514,2,1,서울특별시 도봉구 도봉동 604-18번지
11320,10800,0,0604,0019,,,일반건축물,단독주택,주택,0,68.9,82.75,19730827,2,0,서울특별시 도봉구 도봉동 604-19번지
11320,10800,0,0604,0020,,,일반건축물,단독주택,단독주택,165.1,98.97,245.18,19920121,2,1,서울특별시 도봉구 도봉동 604-20번지
11320,10800,0,0604,0021,,,표제부,공동주택,공동주택(다세대주택),208.8,125.14,449.06,20020325,5,0,서울특별시 도봉구 도봉동 604-21번지
11320,10800,0,0604,0022,,,일반건축물,단독주택,단독주택,198.7,93.41,247.35,19901011,2,1,서울특별시 도봉구 도봉동 604-22번지
11320,10800,0,0604,0023,,,일반건축물,단독주택,다가구용단독주택(5가구),104.05,62.13,162.63,19940615,2,1,서울특별시 도봉구 도봉동 604-23번지
11320,10800,0,0604,0024,,,일반건축물,단독주택,다가구용단독주택(5),89.43,53.82,146.49,19930923,2,1,서울특별시 도봉구 도봉동 604-24번지
11320,10800,0,0604,0025,,,일반건축물,단독주택,다가구용단독주택(5),97.42,58.04,148.77,19930915,2,1,서울특별시 도봉구 도봉동 604-25번지
11320,10800,0,0604,0026,,,일반건축물,단독주택,"근린생활시설, 다가구주택",129.8,72.12,190.84,19930804,2,1,서울특별시 도봉구 도봉동 604-26번지
11320,10800,0,0604,0027,,,일반건축물,단독주택,다가구용단독주택(4가구),112.2,57.82,148.26,19940707,2,1,서울특별시 도봉구 도봉동 604-27번지
11320,10800,0,0604,0029,,,일반건축물,단독주택,다가구용단독주택(4가구),88.93,52.3,165.8,19960315,3,1,서울특별시 도봉구 도봉동 604-29번지
11320,10800,0,0604,0030,,,일반건축물,단독주택,다가구용단독주택(7가구),172.73,103.25,390.22,19960427,3,1,서울특별시 도봉구 도봉동 604-30번지
11320,10800,0,0604,0031,,,일반건축물,단독주택,단독주택,129.32,76.83,204.84,19990316,3,0,서울특별시 도봉구 도봉동 604-31번지
11320,10800,0,0604,0032,,,일반건축물,단독주택,단독주택,129.39,77.35,229.29,19981221,4,0,서울특별시 도봉구 도봉동 604-32번지
11320,10800,0,0604,0033,,,일반건축물,단독주택,단독주택,142,70.83,212.49,19890912,2,1,서울특별시 도봉구 도봉동 604-33번지
11320,10800,0,0604,0035,,,일반건축물,제1종근린생활시설,"근린생활시설, 다가구용단독주택(2가구)",88.26,53.98,222.13,19950802,3,1,서울특별시 도봉구 도봉동 604-35번지
11320,10800,0,0604,0036,,,일반건축물,단독주택,주택,0,65.32,76.2,19730809,1,1,서울특별시 도봉구 도봉동 604-36번지
11320,10800,0,0604,0037,,,일반건축물,단독주택,단독주택(다가구주택),110.43,65.45,210.18,20020612,4,0,서울특별시 도봉구 도봉동 604-37번지
11320,10800,0,0604,0038,,,일반건축물,단독주택,단독주택,109.36,54.48,171,19900614,2,1,서울특별시 도봉구 도봉동 604-38번지
11320,10800,0,0604,0039,,,일반건축물,단독주택,단독주택,111,55.37,174.51,19900616,2,1,서울특별시 도봉구 도봉동 604-39번지
11320,10800,0,0604,0040,,,일반건축물,단독주택,다가구용단독주택(5),116.7,69.49,185.85,19931016,2,1,서울특별시 도봉구 도봉동 604-40번지
11320,10800,0,0604,0041,,,일반건축물,단독주택,주택,0,69.52,76.3,19741130,1,1,서울특별시 도봉구 도봉동 604-41번지
11320,10800,0,0604,0042,,,일반건축물,단독주택,다가구용단독주택(5가구),121.74,72.75,198.45,19931018,2,1,서울특별시 도봉구 도봉동 604-42번지
11320,10800,0,0604,0043,,,일반건축물,단독주택,단독주택,113.92,56.04,168.21,19890324,2,1,서울특별시 도봉구 도봉동 604-43번지
11320,10800,0,0604,0044,,,일반건축물,단독주택,"근린생활시설, 주택",184.5,109.15,417.95,19960821,3,1,서울특별시 도봉구 도봉동 604-44번지
11320,10800,0,0604,0045,,,일반건축물,단독주택,"근린생활시설, 다가구용단독주택(2가구)",97.2,58.1,146.91,19950714,3,0,서울특별시 도봉구 도봉동 604-45번지
11320,10800,0,0604,0046,,,일반건축물,단독주택,다가구용단독주택(4가구),100.3,59.93,179.79,19950714,2,1,서울특별시 도봉구 도봉동 604-46번지
11320,10800,0,0604,0047,,,일반건축물,단독주택,주택,0,56.07,176.76,19900621,2,1,서울특별시 도봉구 도봉동 604-47번지
11320,10800,0,0604,0048,,,일반건축물,단독주택,단독주택,126.04,62.64,196.43,19900906,2,1,서울특별시 도봉구 도봉동 604-48번지
11320,10800,0,0604,0049,,,일반건축물,단독주택,단독주택,140.2,70.04,216.74,19870620,2,1,서울특별시 도봉구 도봉동 604-49번지
11320,10800,0,0604,0050,,,일반건축물,제1종근린생활시설,"근린생활시설, 주택",157.8,78.32,335.76,19891007,3,1,서울특별시 도봉구 도봉동 604-50번지
11320,10800,0,0604,0051,,,일반건축물,단독주택,"주택, 근린생활시설",130.7,64.8,348.36,19890907,4,1,서울특별시 도봉구 도봉동 604-51번지
11320,10800,0,0605,0000,,,일반건축물,단독주택,단독주택,106.5,63.42,175.51,19910308,2,1,서울특별시 도봉구 도봉동 605번지
11320,10800,0,0605,0001,,,일반건축물,단독주택,주택,0,54.15,64.2,19760531,1,1,서울특별시 도봉구 도봉동 605-1번지
11320,10800,0,0605,0002,,,일반건축물,단독주택,단독주택,200.1,114.69,414.48,19980317,3,1,서울특별시 도봉구 도봉동 605-2번지
11320,10800,0,0605,0003,,,표제부,공동주택,주택,0,0,161.06,19770808,1,1,서울특별시 도봉구 도봉동 605-3번지
11320,10800,0,0605,0004,,,일반건축물,단독주택,주택,0,86.28,95.87,19761004,1,1,서울특별시 도봉구 도봉동 605-4번지
11320,10800,0,0605,0006,동훈빌라,,표제부,공동주택,다세대주택,184.9,108.88,423.06,20010618,4,0,서울특별시 도봉구 도봉동 605-6번지
11320,10800,0,0605,0007,,,일반건축물,단독주택,다가구용단독주택(5가구),112.9,67.68,189.24,19940105,3,0,서울특별시 도봉구 도봉동 605-7번지
11320,10800,0,0605,0008,,,일반건축물,단독주택,주택,0,65.09,73.26,19730727,1,1,서울특별시 도봉구 도봉동 605-8번지
11320,10800,0,0605,0009,,,일반건축물,단독주택,다가구주택(5가구),111.3,66.64,179.4,19970830,2,1,서울특별시 도봉구 도봉동 605-9번지
11320,10800,0,0605,0011,,,일반건축물,단독주택,다가구주택,116.2,66.8,179.46,19970108,2,1,서울특별시 도봉구 도봉동 605-11번지
11320,10800,0,0605,0012,,,일반건축물,단독주택,주택,0,65.95,73.12,19730804,1,1,서울특별시 도봉구 도봉동 605-12번지
11320,10800,0,0605,0013,,,일반건축물,단독주택,다가구용단독주택(5가구),113.5,67.6,198.51,19940519,3,0,서울특별시 도봉구 도봉동 605-13번지
11320,10800,0,0605,0014,조은주택,,표제부,공동주택,공동주택(도시형생활주택),299,169.1,597.64,20201005,6,0,서울특별시 도봉구 도봉동 605-14번지
11320,10800,0,0605,0016,,,일반건축물,단독주택,단독주택,134,66.87,253.65,19901117,3,1,서울특별시 도봉구 도봉동 605-16번지
11320,10800,0,0605,0018,,,표제부,공동주택,공동주택,156.5,77.58,229.06,19861103,2,1,서울특별시 도봉구 도봉동 605-18번지
11320,10800,0,0605,0019,,,일반건축물,단독주택,"주택, 근린생활시설",108.6,65.14,195.02,19960916,3,0,서울특별시 도봉구 도봉동 605-19번지
11320,10800,0,0605,0020,,,일반건축물,단독주택,"단독주택, 근린생활시설",114.49,68.58,317.68,19920107,4,1,서울특별시 도봉구 도봉동 605-20번지
11320,10800,0,0605,0021,삼호 그랑빌,,표제부,공동주택,"공동주택(다세대주택(도시형생활주택-단지형다세대 16세대)),제1종근린생활시설(미용원)",367.4,219.64,689.73,20161117,5,0,서울특별시 도봉구 도봉동 605-21번지
11320,10800,0,0605,0024,,,일반건축물,제1종근린생활시설,"근린생활시설, 주택",0,128.72,383.46,19830913,2,1,서울특별시 도봉구 도봉동 605-24번지
11320,10800,0,0605,0025,,,일반건축물,단독주택,단독주택,113.6,62.6,193.74,19920131,2,1,서울특별시 도봉구 도봉동 605-25번지
11320,10800,0,0605,0026,,,일반건축물,단독주택,다가구용단독주택(5가구),116,69.32,184.76,19921126,2,1,서울특별시 도봉구 도봉동 605-26번지
11320,10800,0,0605,0027,,,일반건축물,단독주택,다가구용단독주택(5가구),118.23,70.85,189.35,19921124,2,1,서울특별시 도봉구 도봉동 605-27번지
11320,10800,0,0605,0028,,,일반건축물,단독주택,단독주택,117.25,66.4,199.2,19910925,2,1,서울특별시 도봉구 도봉동 605-28번지
11320,10800,0,0605,0030,,,일반건축물,단독주택,다가구주택,107.6,64.55,179.81,19960916,2,1,서울특별시 도봉구 도봉동 605-30번지
11320,10800,0,0605,0031,,,일반건축물,단독주택,다가구용단독주택(5가구),108.3,64.62,169.56,19940602,2,1,서울특별시 도봉구 도봉동 605-31번지
11320,10800,0,0605,0032,,,일반건축물,단독주택,다가구용단독주택(5),108.5,64.96,170.58,19940408,2,1,서울특별시 도봉구 도봉동 605-32번지
11320,10800,0,0605,0033,,,일반건축물,단독주택,다가구용단독주택(4가구),107.7,63.96,179.9,19950907,2,1,서울특별시 도봉구 도봉동 605-33번지
11320,10800,0,0605,0034,,,표제부,공동주택,다세대주택,197.6,118.26,394.03,20080624,5,0,서울특별시 도봉구 도봉동 605-34번지
11320,10800,0,0605,0035,,,일반건축물,단독주택,다가구용단독주택(5),183.8,103.68,251.42,19940202,2,1,서울특별시 도봉구 도봉동 605-35번지
11320,10800,0,0605,0036,,,일반건축물,단독주택,단독주택,186.9,90.83,251.64,19780922,2,1,서울특별시 도봉구 도봉동 605-36번지
11320,10800,0,0605,0038,,,일반건축물,단독주택,다가구용단독주택(7가구),202.2,120.83,329,19920722,2,1,서울특별시 도봉구 도봉동 605-38번지
11320,10800,0,0605,0039,조영빌라,,표제부,공동주택,공동주택(다세대주택),192,114.3,378.36,20170125,5,0,서울특별시 도봉구 도봉동 605-39번지
11320,10800,0,0605,0040,,,일반건축물,단독주택,단독주택,177,86.14,270.71,19900925,3,1,서울특별시 도봉구 도봉동 605-40번지
11320,10800,0,0605,0041,,,일반건축물,단독주택,다가구용단독주택(5가구),187.8,108.45,293.18,19970830,3,0,서울특별시 도봉구 도봉동 605-41번지
11320,10800,0,0605,0043,서원암,,일반건축물,제2종근린생활시설,제2종근린생활시설(일반음식점) 및 사찰,199.8,118.29,494.32,20180212,4,1,서울특별시 도봉구 도봉동 605-43번지
11320,10800,0,0605,0044,,,일반건축물,단독주택,주택,0,101.19,280.07,19811119,2,1,서울특별시 도봉구 도봉동 605-44번지
11320,10800,0,0605,0046,,,표제부,공동주택,다세대주택(9세대),179.2,97.28,434.83,19931202,4,1,서울특별시 도봉구 도봉동 605-46번지
11320,10800,0,0605,0051,,,표제부,공동주택,다세대주택,308,161.43,655.86,19931109,4,1,서울특별시 도봉구 도봉동 605-51번지
11320,10800,0,0605,0053,,,표제부,공동주택,다세대주택,181.8,104.05,448.9,19931014,4,1,서울특별시 도봉구 도봉동 605-53번지
11320,10800,0,0605,0054,,,일반건축물,단독주택,주택,0,82.27,167.96,19830221,2,1,서울특별시 도봉구 도봉동 605-54번지
11320,10800,0,0606,0000,,,표제부,공동주택,공동주택,186,111.33,553.68,20020905,4,1,서울특별시 도봉구 도봉동 606번지
11320,10800,0,0606,0001,,,일반건축물,단독주택,주택,107.5,63.77,157.83,19800605,2,1,서울특별시 도봉구 도봉동 606-1번지
11320,10800,0,0606,0002,,,일반건축물,단독주택,주택,0,84.5,169,19820917,1,1,서울특별시 도봉구 도봉동 606-2번지
11320,10800,0,0606,0003,,,일반건축물,제2종근린생활시설,"제2종근린생활시설,단독주택",175.9,102.75,416.55,20020814,5,0,서울특별시 도봉구 도봉동 606-3번지
11320,10800,0,0606,0004,현대씨티빌,,표제부,공동주택,공동주택[도시형생활주택(단지형다세대주택)],307.1,184.09,459.75,20140404,4,0,서울특별시 도봉구 도봉동 606-4번지
11320,10800,0,0606,0006,,,일반건축물,단독주택,주택,0,82.38,164.76,19820615,1,1,서울특별시 도봉구 도봉동 606-6번지
11320,10800,0,0606,0007,대원쉐르빌,,표제부,공동주택,공동주택[도시형생할주택(단지형다세대주택)],330.6,134.88,493.92,20151012,6,0,서울특별시 도봉구 도봉동 606-7번지
11320,10800,0,0606,0009,힐하우스,,일반건축물,단독주택,"단독주택(다가구주택(6가구), 제2종근린생활시설(사무소))",198.4,118.99,297.43,20160517,4,0,서울특별시 도봉구 도봉동 606-9번지
11320,10800,0,0606,0011,,,일반건축물,단독주택,주택,0,84.1,168.2,19820706,1,1,서울특별시 도봉구 도봉동 606-11번지
11320,10800,0,0606,0012,,,일반건축물,단독주택,주택,0,84.23,168.46,19820713,1,1,서울특별시 도봉구 도봉동 606-12번지
11320,10800,0,0606,0013,명성펠리스,,표제부,공동주택,도시형생활주택(단지형다세대주택),352.4,148.42,528.07,20130315,5,0,서울특별시 도봉구 도봉동 606-13번지
11320,10800,0,0606,0015,,,표제부,공동주택,공동주택(근생 및 도시형생활주택),218.5,130.48,327.38,20130530,5,0,서울특별시 도봉구 도봉동 606-15번지
11320,10800,0,0606,0016,,,일반건축물,단독주택,주택,0,83.7,248.4,19831026,2,1,서울특별시 도봉구 도봉동 606-16번지
11320,10800,0,0606,0018,,,일반건축물,단독주택,주택,0,85.99,249.71,19851120,2,1,서울특별시 도봉구 도봉동 606-18번지
11320,10800,0,0606,0020,,,일반건축물,단독주택,주택,0,82.26,246.78,19840112,2,1,서울특별시 도봉구 도봉동 606-20번지
11320,10800,0,0606,0021,,,일반건축물,단독주택,주택,0,90.06,262.3,19831220,2,1,서울특별시 도봉구 도봉동 606-21번지
11320,10800,0,0606,0022,,,일반건축물,단독주택,주택,0,81.96,245.88,19831202,2,1,서울특별시 도봉구 도봉동 606-22번지
11320,10800,0,0607,0000,동화씨엔빌,,표제부,공동주택,공동주택,132.5,78.08,297.67,20031022,5,0,서울특별시 도봉구 도봉동 607번지
11320,10800,0,0607,0001,,,일반건축물,단독주택,단독주택,211.8,121.6,316.55,20040422,3,0,서울특별시 도봉구 도봉동 607-1번지
11320,10800,0,0607,0002,,,일반건축물,단독주택,단독주택,184.8,84.45,246.17,19851019,2,1,서울특별시 도봉구 도봉동 607-2번지
11320,10800,0,0607,0003,,,일반건축물,단독주택,"근린생활시설, 주택",180.2,89.1,356.4,19920604,3,1,서울특별시 도봉구 도봉동 607-3번지
11320,10800,0,0607,0005,,,표제부,공동주택,다세대주택,190.2,113.82,559.56,20011029,4,1,서울특별시 도봉구 도봉동 607-5번지
11320,10800,0,0607,0006,,,표제부,공동주택,공동주택,178.3,106.35,391.01,20020418,5,0,서울특별시 도봉구 도봉동 607-6번지
11320,10800,0,0607,0007,,,표제부,공동주택,다세대주택,201.9,116.08,442.41,20001226,4,0,서울특별시 도봉구 도봉동 607-7번지
11320,10800,0,0607,0008,,,표제부,공동주택,공동주택,171.5,102.74,416.17,20020708,5,0,서울특별시 도봉구 도봉동 607-8번지
11320,10800,0,0607,0009,,,일반건축물,단독주택,다가구주택(8가구),183.7,106.86,305.27,19930821,2,1,서울특별시 도봉구 도봉동 607-9번지
11320,10800,0,0607,0010,,,일반건축물,단독주택,다가구용단독주택(7가구),239.3,142.99,496.57,19961224,3,1,서울특별시 도봉구 도봉동 607-10번지
11320,10800,0,0607,0012,,,일반건축물,단독주택,단독주택,147.1,83.64,229.92,19911129,2,1,서울특별시 도봉구 도봉동 607-12번지
11320,10800,0,0607,0013,,,일반건축물,단독주택,단독주택,146.67,71.82,215.46,19890926,2,1,서울특별시 도봉구 도봉동 607-13번지
11320,10800,0,0607,0014,,,일반건축물,단독주택,다가구주택(7가구),182.5,108.6,402.84,19950911,3,1,서울특별시 도봉구 도봉동 607-14번지
11320,10800,0,0607,0016,,,표제부,공동주택,공동주택,165.8,88.5,324.5,19901224,3,1,서울특별시 도봉구 도봉동 607-16번지
11320,10800,0,0607,0017,,,일반건축물,단독주택,단독주택,146.1,72.18,219.51,19980621,2,1,서울특별시 도봉구 도봉동 607-17번지
11320,10800,0,0607,0018,,,일반건축물,단독주택,주택,0,82.78,171.51,19731026,2,1,서울특별시 도봉구 도봉동 607-18번지
11320,10800,0,0607,0019,,,일반건축물,단독주택,다가구용단독주택(7가구),246.8,117.45,419.04,19951220,3,1,서울특별시 도봉구 도봉동 607-19번지
11320,10800,0,0607,0020,에코빌,,표제부,공동주택,다세대주택,196.9,117.16,294.97,20100729,4,0,서울특별시 도봉구 도봉동 607-20번지
11320,10800,0,0607,0021,,,일반건축물,단독주택,단독주택,226.7,113.26,301.2,19870317,2,1,서울특별시 도봉구 도봉동 607-21번지
11320,10800,0,0607,0023,,,표제부,공동주택,공동주택(다세대주택),374.7,223.94,556.98,20071009,4,0,서울특별시 도봉구 도봉동 607-23번지
11320,10800,0,0607,0024,,,표제부,공동주택,공동주택,347.9,204.56,713.72,20030902,5,1,서울특별시 도봉구 도봉동 607-24번지
11320,10800,0,0607,0025,삼성하우징,,표제부,공동주택,도시형생활주택-연립주택,538.4,262.07,803.34,20260413,6,0,서울특별시 도봉구 도봉동 607-25번지
11320,10800,0,0607,0029,,,일반건축물,단독주택,다가구용단독주택(5가구),137.1,74.31,178.55,19950609,2,1,서울특별시 도봉구 도봉동 607-29번지
11320,10800,0,0607,0031,,,일반건축물,단독주택,다가구용단독주택(5),114.6,68.26,179.22,19950607,2,1,서울특별시 도봉구 도봉동 607-31번지
11320,10800,0,0607,0032,청하아트맨숀,,표제부,공동주택,공동주택,142.9,84.48,291.96,20020723,5,0,서울특별시 도봉구 도봉동 607-32번지
11320,10800,0,0607,0034,명성하이빌,,표제부,공동주택,다세대주택,198.4,121.04,582.11,20010919,4,1,서울특별시 도봉구 도봉동 607-34번지
11320,10800,0,0607,0035,,,일반건축물,단독주택,주택,0,84,168,19820522,1,1,서울특별시 도봉구 도봉동 607-35번지
11320,10800,0,0607,0036,,,일반건축물,단독주택,주택,0,65.61,134.37,19830603,2,1,서울특별시 도봉구 도봉동 607-36번지
11320,10800,0,0607,0037,청하아트맨숀,,표제부,공동주택,공동주택,214.6,128.1,526.92,20020722,5,0,서울특별시 도봉구 도봉동 607-37번지
11320,10800,0,0608,0000,허브빌 A동,,표제부,공동주택,공동주택(다세대주택),209.6,124.76,419.154,20200715,5,0,서울특별시 도봉구 도봉동 608번지
11320,10800,0,0608,0001,허브빌 B동,,표제부,공동주택,공동주택(다세대주택),209.6,125.58,418.325,20200703,5,0,서울특별시 도봉구 도봉동 608-1번지
11320,10800,0,0608,0003,,,표제부,공동주택,"공동주택, 근린생활시설",255.9,152.96,721.07,20000921,5,0,서울특별시 도봉구 도봉동 608-3번지
11320,10800,0,0608,0005,,,표제부,공동주택,다세대주택,124.35,73.71,248.19,20081111,5,0,서울특별시 도봉구 도봉동 608-5번지
11320,10800,0,0608,0006,,,일반건축물,단독주택,단독주택(다가구주택),147.39,86.02,187.5,20060406,3,0,서울특별시 도봉구 도봉동 608-6번지
11320,10800,0,0608,0007,,,일반건축물,단독주택,다가구용단독주택,118.5,70.88,262.31,19970627,3,1,서울특별시 도봉구 도봉동 608-7번지
11320,10800,0,0608,0008,,,일반건축물,단독주택,다가구용단독주택(5가구),128.46,73.05,179.39,19951025,2,1,서울특별시 도봉구 도봉동 608-8번지
11320,10800,0,0608,0009,,,일반건축물,단독주택,다가구용단독주택(5가구),129.22,73.05,194.09,19941227,2,1,서울특별시 도봉구 도봉동 608-9번지
11320,10800,0,0608,0010,,,일반건축물,단독주택,"주택, 점포",0,83.54,106.15,19770330,1,1,서울특별시 도봉구 도봉동 608-10번지
11320,10800,0,0608,0012,,,일반건축물,제1종근린생활시설,"근린생활시설, 주택",111.23,55.12,165.36,19870701,2,1,서울특별시 도봉구 도봉동 608-12번지
11320,10800,0,0608,0013,B동,,일반건축물,단독주택,연립주택,0,61.12,142.14,19770810,2,1,서울특별시 도봉구 도봉동 608-13번지
11320,10800,0,0608,0014,,,일반건축물,단독주택,다가구용단독주택,103.38,61.18,179.64,19970716,2,1,서울특별시 도봉구 도봉동 608-14번지
11320,10800,0,0608,0015,,,일반건축물,단독주택,주택,92.3,54.88,96.9,19770810,2,1,서울특별시 도봉구 도봉동 608-15번지
11320,10800,0,0608,0016,,,일반건축물,단독주택,단독주택,96.1,53.41,152.99,19910930,2,1,서울특별시 도봉구 도봉동 608-16번지
11320,10800,0,0608,0022,서울오봉초등학교,,일반건축물,교육연구시설,교육연구시설,10159.6,3057.43,10427.42,20000403,4,1,서울특별시 도봉구 도봉동 608-22번지
11320,10800,0,0609,0000,,,표제부,공동주택,제1종근린생활시설/도시형생활주택(단지형다세대주택),205,116.01,408.46,20180504,6,0,서울특별시 도봉구 도봉동 609번지
11320,10800,0,0609,0001,충효하우스,,표제부,공동주택,도시형생활주택(단지형다세대),184.8,110.86,360.62,20190717,5,0,서울특별시 도봉구 도봉동 609-1번지
11320,10800,0,0609,0002,,,일반건축물,제1종근린생활시설,"근린생활시설, 주택",0,108.73,250.37,19780630,2,1,서울특별시 도봉구 도봉동 609-2번지
11320,10800,0,0609,0003,,,일반건축물,단독주택,"주택, 근린생활시설",0,104.33,154.93,19730929,2,1,서울특별시 도봉구 도봉동 609-3번지
11320,10800,0,0609,0004,,,일반건축물,제1종근린생활시설,"근린생활시설, 주택",217.8,107.96,491.86,19940330,4,1,서울특별시 도봉구 도봉동 609-4번지
11320,10800,0,0609,0005,,,일반건축물,단독주택,단독주택,151.2,75.39,226.17,19901025,2,1,서울특별시 도봉구 도봉동 609-5번지
11320,10800,0,0609,0006,,,일반건축물,단독주택,주택,0,65.26,72.73,19730823,1,1,서울특별시 도봉구 도봉동 609-6번지
11320,10800,0,0609,0007,,,일반건축물,단독주택,단독주택,133.5,70.26,198.99,19920629,2,1,서울특별시 도봉구 도봉동 609-7번지
11320,10800,0,0609,0009,,,일반건축물,단독주택,단독주택,116.5,57.87,177.93,19890328,2,1,서울특별시 도봉구 도봉동 609-9번지
11320,10800,0,0609,0010,도봉힐스빌,,표제부,공동주택,도시형생활주택(단지형다세대),278.3,166.15,578.53,20220907,6,1,서울특별시 도봉구 도봉동 609-10번지
11320,10800,0,0609,0012,,,일반건축물,단독주택,단독주택,130.3,64.91,210.97,19900718,2,1,서울특별시 도봉구 도봉동 609-12번지
11320,10800,0,0609,0013,,,일반건축물,단독주택,단독주택,115.1,66.68,179.88,19900921,2,1,서울특별시 도봉구 도봉동 609-13번지
11320,10800,0,0609,0014,,,일반건축물,단독주택,단독주택,114.9,57.42,172.26,19881221,2,1,서울특별시 도봉구 도봉동 609-14번지
11320,10800,0,0609,0017,,,일반건축물,단독주택,단독주택,149.9,74.34,223.02,19880202,2,1,서울특별시 도봉구 도봉동 609-17번지
11320,10800,0,0609,0018,,,표제부,공동주택,공동주택,177.6,84.36,249.84,19870403,2,1,서울특별시 도봉구 도봉동 609-18번지
11320,10800,0,0609,0019,,,일반건축물,단독주택,단독주택,129,62.64,187.92,19870403,2,1,서울특별시 도봉구 도봉동 609-19번지
11320,10800,0,0609,0021,,,표제부,공동주택,공동주택,188.2,91.17,249.93,19871112,2,1,서울특별시 도봉구 도봉동 609-21번지
11320,10800,0,0609,0022,,,표제부,공동주택,공동주택,194.8,89.88,248.76,19871112,2,1,서울특별시 도봉구 도봉동 609-22번지
11320,10800,0,0609,0023,,,표제부,공동주택,공동주택,180.7,89.88,248.76,19861206,2,1,서울특별시 도봉구 도봉동 609-23번지
11320,10800,0,0609,0025,,,일반건축물,단독주택,"주택, 근린생활시설",0,99.72,228.6,19830830,2,1,서울특별시 도봉구 도봉동 609-25번지
11320,10800,0,0609,0026,,,일반건축물,단독주택,주택,0,92.25,276.75,19831202,2,1,서울특별시 도봉구 도봉동 609-26번지
11320,10800,0,0609,0027,,,일반건축물,단독주택,"주택, 근린생활시설",179.7,106.35,191.52,19831105,2,1,서울특별시 도봉구 도봉동 609-27번지
11320,10800,0,0609,0028,도봉동 609-28 단독주택 (황윤칠),,일반건축물,제2종근린생활시설,"주택,제2종근린생활시설,종교집회장(교회)",177,82.23,274.85,19841018,3,1,서울특별시 도봉구 도봉동 609-28번지
11320,10800,0,0609,0029,해피리움빌,,표제부,공동주택,"공동주택(도시형생활주택-단지형다세대 14세대),제1종근생(소매점)",356.9,191.84,675.17,20161114,6,0,서울특별시 도봉구 도봉동 609-29번지
11320,10800,0,0609,0032,,,일반건축물,제2종근린생활시설,근린생활시설,504.9,252.01,976.48,19921106,3,1,서울특별시 도봉구 도봉동 609-32번지
11320,10800,0,0610,0000,인성하이츠빌라,,표제부,공동주택,공동(다세대)주택,328.8,186.77,659.92,20011229,5,0,서울특별시 도봉구 도봉동 610번지
11320,10800,0,0610,0002,,,일반건축물,단독주택,다가구용단독주택(5),115.2,64.4,178.64,19960712,2,1,서울특별시 도봉구 도봉동 610-2번지
11320,10800,0,0610,0003,,,일반건축물,단독주택,다가구용단독주택(5),114.5,67.2,179.86,19960712,2,1,서울특별시 도봉구 도봉동 610-3번지
11320,10800,0,0610,0004,,,일반건축물,단독주택,다가구용단독주택(7),126,74.8,291.6,19960712,3,1,서울특별시 도봉구 도봉동 610-4번지
11320,10800,0,0610,0006,,,일반건축물,단독주택,다가구용단독주택(7가구),141.39,84.32,322.56,19970830,3,1,서울특별시 도봉구 도봉동 610-6번지
11320,10800,0,0610,0007,,,일반건축물,단독주택,다가구용단독주택(5가구),126.6,75.94,193.86,19930819,2,1,서울특별시 도봉구 도봉동 610-7번지
11320,10800,0,0610,0008,,,일반건축물,단독주택,다가구용단독주택(5가구),131.3,76.2,199.08,19931220,2,1,서울특별시 도봉구 도봉동 610-8번지
11320,10800,0,0610,0009,,,일반건축물,단독주택,주택,0,52.3,60.4,19720930,1,1,서울특별시 도봉구 도봉동 610-9번지
11320,10800,0,0610,0010,,,일반건축물,단독주택,다가구용단독주택(5가구),97.45,58.14,153.08,19941206,2,1,서울특별시 도봉구 도봉동 610-10번지
11320,10800,0,0610,0011,,,일반건축물,단독주택,다가구용단독주택(6가구),94.2,56.38,164.79,19941206,3,1,서울특별시 도봉구 도봉동 610-11번지
11320,10800,0,0610,0012,,,일반건축물,단독주택,다가구용단독주택(6가구),93.9,56.18,165.44,19941207,3,1,서울특별시 도봉구 도봉동 610-12번지
11320,10800,0,0610,0013,,,일반건축물,단독주택,"근린생활시설, 주택",108.23,54,162,19880801,2,1,서울특별시 도봉구 도봉동 610-13번지
11320,10800,0,0610,0015,,,일반건축물,제1종근린생활시설,"근린생활시설, 주택",141.1,66.33,296.22,19880813,3,1,서울특별시 도봉구 도봉동 610-15번지
11320,10800,0,0610,0016,,,일반건축물,단독주택,"주택, 근린생활시설",117.7,58.3,224.4,19880909,3,1,서울특별시 도봉구 도봉동 610-16번지
11320,10800,0,0610,0017,,,일반건축물,단독주택,"다가구주택(7), 근린생활시설",108.1,64.74,194.22,19940913,3,0,서울특별시 도봉구 도봉동 610-17번지
11320,10800,0,0610,0018,,,일반건축물,단독주택,"주택, 근린생활시설",0,74.72,81.89,19720607,1,1,서울특별시 도봉구 도봉동 610-18번지
11320,10800,0,0610,0019,,,일반건축물,단독주택,"다가구용단독주택(4가구), 근린생활시설",213.9,119.11,417.93,19950809,3,1,서울특별시 도봉구 도봉동 610-19번지
11320,10800,0,0610,0021,,+,일반건축물,단독주택,다가구용단독주택(5가구),101.7,58.24,149.52,19931015,2,1,서울특별시 도봉구 도봉동 610-21번지
11320,10800,0,0610,0022,,,일반건축물,단독주택,다가구용단독주택(5가구),104.75,58.69,149.52,19931015,2,1,서울특별시 도봉구 도봉동 610-22번지
11320,10800,0,0610,0023,,,일반건축물,단독주택,다가구용단독주택(5가구),103.35,58.69,149.87,19931018,2,1,서울특별시 도봉구 도봉동 610-23번지
11320,10800,0,0610,0024,,,일반건축물,제1종근린생활시설,"근린생활시설, 단독주택",111.08,54.7,226.76,19900829,3,1,서울특별시 도봉구 도봉동 610-24번지
11320,10800,0,0610,0026,,,일반건축물,제1종근린생활시설,"근린생활시설, 단독주택",124.02,61.42,259.86,19900904,3,1,서울특별시 도봉구 도봉동 610-26번지
11320,10800,0,0610,0027,,,일반건축물,단독주택,단독주택,112.5,55.05,174.45,19881004,2,1,서울특별시 도봉구 도봉동 610-27번지
11320,10800,0,0610,0028,,,일반건축물,단독주택,단독주택,113.1,55.05,174.45,19881004,2,1,서울특별시 도봉구 도봉동 610-28번지
11320,10800,0,0610,0029,,,일반건축물,단독주택,다가구용단독주택(5가구),115.6,69,183.18,19931126,2,1,서울특별시 도봉구 도봉동 610-29번지
11320,10800,0,0610,0030,,,일반건축물,단독주택,다가구용단독주택(5가구),112.7,67.57,178.96,19931116,2,1,서울특별시 도봉구 도봉동 610-30번지
11320,10800,0,0610,0032,,,일반건축물,단독주택,"근린생활시설, 주택",135.16,67.52,197.25,19870616,2,1,서울특별시 도봉구 도봉동 610-32번지
11320,10800,0,0610,0033,,,일반건축물,단독주택,"주택, 점포",0,84.96,105.09,19771111,1,1,서울특별시 도봉구 도봉동 610-33번지
11320,10800,0,0610,0035,,,일반건축물,제1종근린생활시설,"근린생활시설, 단독주택",0,174.06,696.24,19860707,3,1,서울특별시 도봉구 도봉동 610-35번지
11320,10800,0,0610,0037,,,표제부,공동주택,공동주택,300.7,167.78,658.24,20021028,5,0,서울특별시 도봉구 도봉동 610-37번지
11320,10800,0,0610,0039,,,일반건축물,제1종근린생활시설,"근린생활시설, 주택",182,90.98,268.5,19860714,2,1,서울특별시 도봉구 도봉동 610-39번지
11320,10800,0,0610,0041,,,일반건축물,제1종근린생활시설,근린생활시설,806.7,407.8,673.59,19831012,2,1,서울특별시 도봉구 도봉동 610-41번지
11320,10800,0,0611,0000,,,일반건축물,판매시설,판매시설,2662.6,1577.13,1810.62,19730908,2,1,서울특별시 도봉구 도봉동 611번지
11320,10800,0,0611,0001,,,표제부,공동주택,공동주택,225.8,103.42,497.44,19911123,4,1,서울특별시 도봉구 도봉동 611-1번지
11320,10800,0,0611,0003,,,일반건축물,단독주택,다가구용단독주택,166.5,99.1,268.14,19970521,3,0,서울특별시 도봉구 도봉동 611-3번지
11320,10800,0,0611,0004,,,일반건축물,단독주택,다가구용단독주택,161.9,96.89,266.5,19970725,3,0,서울특별시 도봉구 도봉동 611-4번지
11320,10800,0,0611,0005,,,표제부,공동주택,공동주택,215.8,102.48,449.88,19940724,4,1,서울특별시 도봉구 도봉동 611-5번지
11320,10800,0,0611,0006,,,일반건축물,단독주택,다가구주택(7가구),163,97.62,349.2,19940524,3,1,서울특별시 도봉구 도봉동 611-6번지
11320,10800,0,0611,0007,,,일반건축물,단독주택,다가구주택(7가구),164.5,91.25,321.46,19931129,3,1,서울특별시 도봉구 도봉동 611-7번지
11320,10800,0,0611,0008,,,일반건축물,단독주택,단독주택,180.2,92.28,249.84,19911030,2,1,서울특별시 도봉구 도봉동 611-8번지
11320,10800,0,0611,0009,,,일반건축물,단독주택,다가구용단독주택(2가구),149.3,83.48,199.93,19940421,2,1,서울특별시 도봉구 도봉동 611-9번지
11320,10800,0,0611,0013,,,일반건축물,단독주택,주택,0,73.79,81.03,19760731,1,1,서울특별시 도봉구 도봉동 611-13번지
11320,10800,0,0611,0014,뉴스타빌,,표제부,공동주택,공동주택(다세대주택),139.6,81.72,297.6,20081021,5,0,서울특별시 도봉구 도봉동 611-14번지
11320,10800,0,0611,0016,,,일반건축물,제1종근린생활시설,"근린생활시설, 주택",300.8,147.25,790.97,19891226,4,1,서울특별시 도봉구 도봉동 611-16번지
11320,10800,0,0611,0018,,,일반건축물,단독주택,"근린생활시설, 주택",153.3,75.6,320.58,19900914,3,1,서울특별시 도봉구 도봉동 611-18번지
11320,10800,0,0611,0019,,,일반건축물,제1종근린생활시설,"근린생활시설, 주택",164.6,82.08,344.93,19911015,3,1,서울특별시 도봉구 도봉동 611-19번지
11320,10800,0,0611,0020,,,일반건축물,단독주택,주택,0,57.46,122.32,19770124,2,1,서울특별시 도봉구 도봉동 611-20번지
11320,10800,0,0611,0021,,,일반건축물,단독주택,다가구주택,102.8,60.98,149.07,19930729,2,1,서울특별시 도봉구 도봉동 611-21번지
11320,10800,0,0611,0023,,,일반건축물,제1종근린생활시설,"근린생활시설, 주택",142.8,71.25,298.22,19890525,3,1,서울특별시 도봉구 도봉동 611-23번지
11320,10800,0,0611,0024,,,일반건축물,단독주택,"주택, 근린생활시설",0,83.23,164.74,19770217,2,1,서울특별시 도봉구 도봉동 611-24번지
11320,10800,0,0611,0025,,,일반건축물,제1종근린생활시설,"근린생활시설, 주택",106.1,63.36,166.16,19950522,3,0,서울특별시 도봉구 도봉동 611-25번지
11320,10800,0,0611,0026,,,일반건축물,제2종근린생활시설,근린생활시설,0,501,1389,19850826,2,1,서울특별시 도봉구 도봉동 611-26번지
11320,10800,0,0612,0000,,,일반건축물,제1종근린생활시설,근린생활시설,440.1,214.78,859.12,19920716,3,1,서울특별시 도봉구 도봉동 612번지
11320,10800,0,0612,0002,,,표제부,공동주택,다세대주택,194.2,99.65,298.21,19920715,2,1,서울특별시 도봉구 도봉동 612-2번지
11320,10800,0,0612,0003,,,일반건축물,제1종근린생활시설,"근린생활시설,주택",209.8,104.76,374.04,19850709,3,1,서울특별시 도봉구 도봉동 612-3번지
11320,10800,0,0612,0005,,,일반건축물,제1종근린생활시설,근린생활시설,220.8,123.65,495.9,19930601,3,1,서울특별시 도봉구 도봉동 612-5번지
11320,10800,0,0612,0006,,,표제부,공동주택,공동주택,0,0,298.99,19920620,2,1,서울특별시 도봉구 도봉동 612-6번지
11320,10800,0,0612,0007,새울센스빌,,표제부,공동주택,공동주택(다세대주택-11세대),315.6,188.9,630.9,20160512,5,0,서울특별시 도봉구 도봉동 612-7번지
11320,10800,0,0612,0009,,,일반건축물,제2종근린생활시설,"근린생활시설, 주택",169.05,84.36,375.48,19890602,3,1,서울특별시 도봉구 도봉동 612-9번지
11320,10800,0,0612,0014,,,일반건축물,단독주택,주택,0,78.24,190.59,19840720,2,1,서울특별시 도봉구 도봉동 612-14번지
11320,10800,0,0612,0017,,,일반건축물,종교시설,종교시설(교회),797.6,392.59,1777.89,19920414,4,1,서울특별시 도봉구 도봉동 612-17번지
11320,10800,0,0612,0018,,,일반건축물,제1종근린생활시설,"주택, 근린생활시설",319.4,191.48,469.47,19791224,2,1,서울특별시 도봉구 도봉동 612-18번지
11320,10800,0,0612,0020,,,일반건축물,제1종근린생활시설,"근린생활시설, 단독주택",143.7,71.68,299.44,19921214,3,1,서울특별시 도봉구 도봉동 612-20번지
11320,10800,0,0612,0027,,,표제부,공동주택,공동주택,574.3,266.64,1037,19980618,4,1,서울특별시 도봉구 도봉동 612-27번지
11320,10800,0,0612,0028,,,일반건축물,단독주택,다가구용단독주택(6가구),166.4,99.71,279.9,19951129,3,0,서울특별시 도봉구 도봉동 612-28번지
11320,10800,0,0612,0029,,,일반건축물,단독주택,다가구용단독주택(4가구),151.5,75.15,234.83,19900714,2,1,서울특별시 도봉구 도봉동 612-29번지
11320,10800,0,0612,0030,,,일반건축물,단독주택,단독주택,150.4,74.79,235.81,19900615,2,1,서울특별시 도봉구 도봉동 612-30번지
11320,10800,0,0612,0032,,,일반건축물,단독주택,단독주택,145.3,72.21,216.63,19890816,2,1,서울특별시 도봉구 도봉동 612-32번지
11320,10800,0,0612,0033,,,일반건축물,단독주택,단독주택,150.9,75.21,225.63,19890816,2,1,서울특별시 도봉구 도봉동 612-33번지
11320,10800,0,0612,0034,,,일반건축물,단독주택,"근린생활시설, 주택",172.2,99.58,445.75,19950504,4,1,서울특별시 도봉구 도봉동 612-34번지
11320,10800,0,0612,0035,,,표제부,공동주택,공동주택,220.9,102.41,305.47,19900920,2,1,서울특별시 도봉구 도봉동 612-35번지
11320,10800,0,0612,0036,,,표제부,공동주택,공동주택,215.1,107.29,321.13,19900918,2,1,서울특별시 도봉구 도봉동 612-36번지
11320,10800,0,0612,0037,,,표제부,공동주택,공동주택,215.4,107.29,321.13,19900918,2,1,서울특별시 도봉구 도봉동 612-37번지
11320,10800,0,0612,0038,,,표제부,공동주택,공동주택,221.3,100.53,299.83,19910523,2,1,서울특별시 도봉구 도봉동 612-38번지
11320,10800,0,0612,0039,,,일반건축물,단독주택,"주택, 근린생활시설",0,108,235.8,19830708,2,1,서울특별시 도봉구 도봉동 612-39번지
11320,10800,0,0612,0040,,,표제부,공동주택,"다세대주택,제2종근린생활시설",182.2,109.03,364.26,20081222,5,0,서울특별시 도봉구 도봉동 612-40번지
11320,10800,0,0612,0041,,,일반건축물,제2종근린생활시설,"근린생활시설, 단독주택",177.6,87.36,494.52,19930707,5,1,서울특별시 도봉구 도봉동 612-41번지
11320,10800,0,0612,0043,,,일반건축물,단독주택,"주택, 근린생활시설",0,88.25,259.02,19830318,2,1,서울특별시 도봉구 도봉동 612-43번지
11320,10800,0,0612,0044,,,표제부,공동주택,공동주택,480.2,239.39,1038.05,19980706,4,1,서울특별시 도봉구 도봉동 612-44번지
11320,10800,0,0613,0000,라비앙로즈,,표제부,공동주택,공동주택(도시형생활주택-단지형다세대주택),340.1,189.23,659.69,20160217,6,0,서울특별시 도봉구 도봉동 613번지
11320,10800,0,0613,0002,,,표제부,공동주택,공동주택,202.8,96.6,289.32,19910824,2,1,서울특별시 도봉구 도봉동 613-2번지
11320,10800,0,0613,0003,,,일반건축물,제2종근린생활시설,"근린생활시설, 단독주택",265.3,140.81,761.35,19911213,5,1,서울특별시 도봉구 도봉동 613-3번지
11320,10800,0,0613,0004,,,일반건축물,제2종근린생활시설,"근린생활시설, 주택",178.65,106.6,491.8,19971008,4,1,서울특별시 도봉구 도봉동 613-4번지
11320,10800,0,0613,0005,,,일반건축물,단독주택,단독주택,149.28,88.5,233.58,19910511,2,1,서울특별시 도봉구 도봉동 613-5번지
11320,10800,0,0613,0006,,,일반건축물,단독주택,다가구주택(5가구),140.1,83.23,232.09,19940705,2,1,서울특별시 도봉구 도봉동 613-6번지
11320,10800,0,0613,0007,,,일반건축물,단독주택,다가구용단독주택(5가구),146.54,86.36,244.2,19940603,2,1,서울특별시 도봉구 도봉동 613-7번지
11320,10800,0,0613,0008,,,일반건축물,단독주택,단독주택,148.95,74.42,224.8,19890616,2,1,서울특별시 도봉구 도봉동 613-8번지
11320,10800,0,0613,0010,,,일반건축물,단독주택,단독주택,132.8,78.13,302.44,19910624,3,1,서울특별시 도봉구 도봉동 613-10번지
11320,10800,0,0613,0011,,,일반건축물,단독주택,단독주택,146.14,72.66,225.2,19901214,2,1,서울특별시 도봉구 도봉동 613-11번지
11320,10800,0,0613,0012,,,일반건축물,단독주택,다가구용단독주택(5가구),141.3,84.15,250.29,19940616,2,1,서울특별시 도봉구 도봉동 613-12번지
11320,10800,0,0613,0013,,,일반건축물,단독주택,단독주택,143.65,81.86,256.32,19980410,3,1,서울특별시 도봉구 도봉동 613-13번지
11320,10800,0,0613,0014,숙진빌딩,,일반건축물,제2종근린생활시설,"근린생활시설, 주택",190.89,114.53,589.76,20020619,5,1,서울특별시 도봉구 도봉동 613-14번지
11320,10800,0,0613,0015,,,일반건축물,단독주택,주택,0,131.84,192.57,19781223,1,1,서울특별시 도봉구 도봉동 613-15번지
11320,10800,0,0613,0016,,,일반건축물,단독주택,단독주택,184.8,91.27,248.25,19900926,2,1,서울특별시 도봉구 도봉동 613-16번지
11320,10800,0,0613,0017,,,일반건축물,단독주택,단독주택(다가구주택),173.5,106.305,329.99,19900926,3,1,서울특별시 도봉구 도봉동 613-17번지
11320,10800,0,0613,0019,,,일반건축물,단독주택,단독주택,187.6,88.46,247.74,19870622,2,1,서울특별시 도봉구 도봉동 613-19번지
11320,10800,0,0613,0020,파미유 요양원,,일반건축물,노유자시설,노유자시설(노인복지시설),192.1,113.84,382.48,20080201,4,0,서울특별시 도봉구 도봉동 613-20번지
11320,10800,0,0613,0021,동일맨션,,표제부,공동주택,공동주택,285.4,170.76,659.6,20020814,5,0,서울특별시 도봉구 도봉동 613-21번지
11320,10800,0,0613,0021,,,일반건축물,단독주택,단독주택,0,84.6,111.84,19771222,1,1,서울특별시 도봉구 도봉동 613-21번지
11320,10800,0,0613,0024,,,일반건축물,단독주택,다가구주택(5가구),155.5,84.15,310.54,19970830,3,1,서울특별시 도봉구 도봉동 613-24번지
11320,10800,0,0613,0025,,.,일반건축물,단독주택,주택,0,85.22,112.96,19780228,1,1,서울특별시 도봉구 도봉동 613-25번지
11320,10800,0,0613,0026,미소지움,,표제부,공동주택,공동주택[도시형생활주택(단지형다세대주택)],281.2,142.88,561.61,20160913,6,0,서울특별시 도봉구 도봉동 613-26번지
11320,10800,0,0613,0028,,,일반건축물,단독주택,단독주택,126.07,63,189,19850822,2,1,서울특별시 도봉구 도봉동 613-28번지
11320,10800,0,0613,0029,,,일반건축물,단독주택,"주택, 근린생활시설",0,74.25,88.17,19780110,1,1,서울특별시 도봉구 도봉동 613-29번지
11320,10800,0,0613,0030,방학BBH,,일반건축물,제1종근린생활시설,통신용시설,134.1,77.87,159.78,20180816,3,0,서울특별시 도봉구 도봉동 613-30번지
11320,10800,0,0613,0031,,,일반건축물,제2종근린생활시설,"근린생활시설, 단독주택",134.3,79.45,146.45,19991218,2,0,서울특별시 도봉구 도봉동 613-31번지
11320,10800,0,0613,0032,,,일반건축물,제1종근린생활시설,"근린생활시설, 주택",132,63,293.76,19910513,4,1,서울특별시 도봉구 도봉동 613-32번지
11320,10800,0,0613,0033,,,일반건축물,제1종근린생활시설,"근린생활시설, 주택",145.6,72.21,317.84,19910528,3,1,서울특별시 도봉구 도봉동 613-33번지
11320,10800,0,0613,0034,,,일반건축물,단독주택,단독주택,166.7,82.45,247.35,19910108,2,1,서울특별시 도봉구 도봉동 613-34번지
11320,10800,0,0613,0035,,0,일반건축물,단독주택,단독주택,166.1,82.14,246.42,19881221,2,1,서울특별시 도봉구 도봉동 613-35번지
11320,10800,0,0613,0037,,,일반건축물,제1종근린생활시설,"근린생활시설, 주택",147.9,73.08,313.28,19890711,3,1,서울특별시 도봉구 도봉동 613-37번지
11320,10800,0,0613,0038,,,일반건축물,제1종근린생활시설,"근린생활시설, 주택",0,85.01,393.32,19880929,4,1,서울특별시 도봉구 도봉동 613-38번지
11320,10800,0,0613,0039,,,일반건축물,단독주택,다가구용단독주택(7가구),191.72,114.25,364.84,19941117,3,1,서울특별시 도봉구 도봉동 613-39번지
11320,10800,0,0613,0040,늘푸른집,,일반건축물,단독주택,근린생활시설 및 다가구주택(4가구),191.2,114.56,450.96,20021001,4,1,서울특별시 도봉구 도봉동 613-40번지
11320,10800,0,0613,0041,,,일반건축물,제1종근린생활시설,"근린생활시설, 주택",165.3,95.89,493.99,19960723,5,1,서울특별시 도봉구 도봉동 613-41번지
11320,10800,0,0613,0043,,,표제부,공동주택,공동주택,203.7,93.84,281.04,19910902,2,1,서울특별시 도봉구 도봉동 613-43번지
11320,10800,0,0614,0000,,,일반건축물,제1종근린생활시설,"근린생활시설, 단독주택",123.6,61.12,239.08,19901024,3,1,서울특별시 도봉구 도봉동 614번지
11320,10800,0,0614,0001,경서11차 A동,,표제부,공동주택,공동주택(도시형생활주택),225.4,130.94,442.24,20200327,5,0,서울특별시 도봉구 도봉동 614-1번지
11320,10800,0,0614,0003,,,일반건축물,단독주택,단독주택,91.2,54.09,149.67,19920506,2,1,서울특별시 도봉구 도봉동 614-3번지
11320,10800,0,0614,0004,경서11차 B동,,표제부,공동주택,도시형생활주택(단지형다세대),98.5,59.09,196.61,20200410,5,0,서울특별시 도봉구 도봉동 614-4번지
11320,10800,0,0614,0006,삼성하우징,,표제부,공동주택,공동주택(도시형생활주택),286.5,168.81,572.39,20221220,6,0,서울특별시 도봉구 도봉동 614-6번지
11320,10800,0,0614,0009,삼호그랑빌,,표제부,공동주택,공동주택(도시형생활주택-단지형다세대),369.8,219.43,659.89,20160104,5,0,서울특별시 도봉구 도봉동 614-9번지
11320,10800,0,0614,0012,,,일반건축물,단독주택,단독주택,161.08,92.06,278.08,19910816,2,1,서울특별시 도봉구 도봉동 614-12번지
11320,10800,0,0614,0013,,,표제부,공동주택,공동주택,153.7,83.19,249.57,19911024,2,1,서울특별시 도봉구 도봉동 614-13번지
11320,10800,0,0614,0014,,,일반건축물,단독주택,단독주택,155,77.22,237.94,19900904,2,1,서울특별시 도봉구 도봉동 614-14번지
11320,10800,0,0614,0016,,,일반건축물,단독주택,단독주택,164.7,81.72,245.16,19900912,2,1,서울특별시 도봉구 도봉동 614-16번지
11320,10800,0,0614,0017,삼성스타빌,,표제부,공동주택,공동주택(도시형생활주택(단지형다세대 10세대)),274.85,140.08,548.94,20151221,6,0,서울특별시 도봉구 도봉동 614-17번지
11320,10800,0,0614,0019,,,일반건축물,단독주택,다가구용단독주택(5),128.2,71.01,195.75,19950821,2,1,서울특별시 도봉구 도봉동 614-19번지
11320,10800,0,0614,0021,,,일반건축물,단독주택,다가구용단독주택(5가구),140.4,83.96,255.25,19941001,3,1,서울특별시 도봉구 도봉동 614-21번지
11320,10800,0,0614,0022,,,표제부,공동주택,연립주택(17세대),591.4,292.78,1039.37,19961216,4,1,서울특별시 도봉구 도봉동 614-22번지
11320,10800,0,0614,0024,,,일반건축물,단독주택,"근린생활시설, 주택",141.3,84.61,412.44,19970103,4,1,서울특별시 도봉구 도봉동 614-24번지
11320,10800,0,0614,0029,B동,,일반건축물,종교시설,종교시설,0,90.19,168.48,19910919,2,0,서울특별시 도봉구 도봉동 614-29번지
11320,10800,0,0614,0029,A동,,일반건축물,종교시설,종교시설,0,849.883,2707.895,19901227,3,1,서울특별시 도봉구 도봉동 614-29번지
11320,10800,0,0614,0031,동일하이빌,,표제부,공동주택,공동주택(다세대주택),267.5,160.31,540.1,20101118,5,0,서울특별시 도봉구 도봉동 614-31번지
11320,10800,0,0614,0032,,,표제부,공동주택,다세대주택,332.2,199.17,651.24,20100601,5,0,서울특별시 도봉구 도봉동 614-32번지
11320,10800,0,0614,0036,더라운지,,표제부,공동주택,공동주택(도시형생활주택),323.8,188.05,659.36,20210608,6,1,서울특별시 도봉구 도봉동 614-36번지
11320,10800,0,0615,0000,,,표제부,공동주택,"다세대주택, 근린생활시설",183.1,109.56,523.38,20010831,5,0,서울특별시 도봉구 도봉동 615번지
11320,10800,0,0615,0001,,,일반건축물,제1종근린생활시설,"근린생활시설, 다가구용단독주택(3)",169.8,101.26,412.46,19950721,3,1,서울특별시 도봉구 도봉동 615-1번지
11320,10800,0,0615,0002,,,일반건축물,단독주택,주택,0,79.92,249,19860714,2,1,서울특별시 도봉구 도봉동 615-2번지
11320,10800,0,0615,0003,,,표제부,공동주택,"다세대주택,제2종근린생활시설",185.1,110.56,409.31,20081015,5,0,서울특별시 도봉구 도봉동 615-3번지
11320,10800,0,0615,0004,뉴스파빌,,표제부,공동주택,다세대주택,160.05,92.12,338.7,20080724,5,0,서울특별시 도봉구 도봉동 615-4번지
11320,10800,0,0615,0005,,,일반건축물,단독주택,단독주택,144,73.95,122.42,19731005,2,1,서울특별시 도봉구 도봉동 615-5번지
11320,10800,0,0615,0006,,,일반건축물,단독주택,단독주택,136.52,81.73,238.94,20031212,4,0,서울특별시 도봉구 도봉동 615-6번지
11320,10800,0,0615,0007,동성골든빌,,표제부,공동주택,"다세대주택, 근린생활시설",153.44,91.86,422.56,20020810,5,0,서울특별시 도봉구 도봉동 615-7번지
11320,10800,0,0615,0009,,,표제부,공동주택,공동주택(다세대주택),293.75,174.63,659.8,20021214,5,0,서울특별시 도봉구 도봉동 615-9번지
11320,10800,0,0615,0011,대승맨션,,표제부,공동주택,다세대주택,284.8,169.66,659.86,20021021,5,0,서울특별시 도봉구 도봉동 615-11번지
11320,10800,0,0615,0013,,,일반건축물,단독주택,단독주택,124.2,74.46,204.66,19901214,2,1,서울특별시 도봉구 도봉동 615-13번지
11320,10800,0,0615,0014,,,일반건축물,단독주택,단독주택,134.4,79.36,209.42,20031104,3,0,서울특별시 도봉구 도봉동 615-14번지
11320,10800,0,0615,0015,,,일반건축물,단독주택,주택,0,53.13,136.95,19831118,2,1,서울특별시 도봉구 도봉동 615-15번지
11320,10800,0,0615,0017,,,일반건축물,단독주택,다가구용단독주택,138.9,79.38,255.27,19970613,3,1,서울특별시 도봉구 도봉동 615-17번지
11320,10800,0,0615,0018,,,일반건축물,단독주택,다가구용단독주택(4가구),123.3,71.13,198.63,19961030,2,1,서울특별시 도봉구 도봉동 615-18번지
11320,10800,0,0615,0019,,,일반건축물,단독주택,다가구용단독주택(7가구),165.8,93.31,329,19930831,3,1,서울특별시 도봉구 도봉동 615-19번지
11320,10800,0,0615,0020,다인빌,,표제부,공동주택,공동주택(도시형생활주택 원룸형),146.3,86.62,288.35,20120111,5,0,서울특별시 도봉구 도봉동 615-20번지
11320,10800,0,0615,0021,,,표제부,공동주택,공동주택,141,84.26,278.06,20021120,4,0,서울특별시 도봉구 도봉동 615-21번지
11320,10800,0,0615,0023,진수아트빌,,표제부,공동주택,공동주택[도시형생활주택-단지형다세대주택],280.5,144.32,560.64,20161006,6,0,서울특별시 도봉구 도봉동 615-23번지
11320,10800,0,0615,0025,,,일반건축물,단독주택,다가구용단독주택,141.7,79.1,211.14,19961022,2,1,서울특별시 도봉구 도봉동 615-25번지
11320,10800,0,0615,0026,,,일반건축물,단독주택,단독주택,115.1,57.15,181.51,19901231,2,1,서울특별시 도봉구 도봉동 615-26번지
11320,10800,0,0615,0027,,,일반건축물,단독주택,주택,0,66.48,78.98,19771008,1,1,서울특별시 도봉구 도봉동 615-27번지
11320,10800,0,0615,0029,,,일반건축물,단독주택,다가구주택,116,68.24,178.43,19940926,2,1,서울특별시 도봉구 도봉동 615-29번지
11320,10800,0,0615,0030,,,일반건축물,단독주택,단독주택,121.3,60.07,180.21,19900706,2,1,서울특별시 도봉구 도봉동 615-30번지
11320,10800,0,0615,0031,,,일반건축물,단독주택,단독주택,140.6,70.08,210.24,19901220,2,1,서울특별시 도봉구 도봉동 615-31번지
11320,10800,0,0615,0032,,,일반건축물,단독주택,다가구용단독주택,134.58,79.16,199.53,19960912,2,1,서울특별시 도봉구 도봉동 615-32번지
11320,10800,0,0615,0033,,,일반건축물,단독주택,다가구주택(4가구),103.1,60.78,179.13,19961123,2,1,서울특별시 도봉구 도봉동 615-33번지
11320,10800,0,0615,0034,,,일반건축물,단독주택,단독주택,124,61.74,193.5,19900928,2,1,서울특별시 도봉구 도봉동 615-34번지
11320,10800,0,0615,0036,,,일반건축물,단독주택,"근린생활시설, 주택",0,77.33,291.34,19840920,3,1,서울특별시 도봉구 도봉동 615-36번지
11320,10800,0,0615,0037,,,일반건축물,단독주택,"근린생활시설, 주택",129.5,64.56,184.68,19871024,2,1,서울특별시 도봉구 도봉동 615-37번지
11320,10800,0,0615,0038,,,일반건축물,단독주택,주택,0,69.75,82.08,19771110,1,1,서울특별시 도봉구 도봉동 615-38번지
11320,10800,0,0615,0039,,,일반건축물,단독주택,다가구용단독주택(5가구),89.7,53.76,139.1,19930413,2,1,서울특별시 도봉구 도봉동 615-39번지
11320,10800,0,0615,0040,,,일반건축물,단독주택,다가구용단독주택(5가구),120.7,65.28,161.34,19930509,2,1,서울특별시 도봉구 도봉동 615-40번지
11320,10800,0,0615,0041,,,일반건축물,단독주택,"다가구용단독주택(2가구), 근린생활시설",86.4,51.48,137.28,19960722,3,0,서울특별시 도봉구 도봉동 615-41번지
11320,10800,0,0615,0042,,,일반건축물,단독주택,다가구주택,98.6,58.26,147.82,19931217,2,1,서울특별시 도봉구 도봉동 615-42번지
11320,10800,0,0615,0043,,,일반건축물,단독주택,단독주택,157.9,75.6,226.8,19880613,2,1,서울특별시 도봉구 도봉동 615-43번지
11320,10800,0,0615,0044,,,일반건축물,단독주택,단독주택,144.8,72,225.42,19900804,2,1,서울특별시 도봉구 도봉동 615-44번지
11320,10800,0,0615,0045,,,일반건축물,단독주택,주택,0,78.41,90.58,19770701,1,1,서울특별시 도봉구 도봉동 615-45번지
11320,10800,0,0615,0047,,,일반건축물,단독주택,단독주택,158.9,80.57,249.52,19900911,2,1,서울특별시 도봉구 도봉동 615-47번지
11320,10800,0,0615,0048,,,표제부,공동주택,공동주택,154.5,99.01,352.55,20020824,4,0,서울특별시 도봉구 도봉동 615-48번지
11320,10800,0,0615,0049,,,일반건축물,단독주택,다가구용단독주택(3),149.5,88.01,199.62,19930708,2,1,서울특별시 도봉구 도봉동 615-49번지
11320,10800,0,0615,0050,,,표제부,공동주택,공동주택,158.9,91.32,327.36,20021120,4,0,서울특별시 도봉구 도봉동 615-50번지
11320,10800,0,0615,0052,,,일반건축물,단독주택,다가구용단독주택(5),146.3,87.75,271.8,19930314,3,1,서울특별시 도봉구 도봉동 615-52번지
11320,10800,0,0615,0053,,,표제부,공동주택,공동주택,151.8,85.92,299.37,19940129,3,1,서울특별시 도봉구 도봉동 615-53번지
11320,10800,0,0615,0054,,,일반건축물,단독주택,다가구용단독주택(5가구),160.9,95.94,252.72,19931016,2,1,서울특별시 도봉구 도봉동 615-54번지
11320,10800,0,0615,0055,,,일반건축물,단독주택,주택,0,72.07,81.66,19770819,1,1,서울특별시 도봉구 도봉동 615-55번지
11320,10800,0,0615,0057,,,일반건축물,단독주택,주택,0,68.92,78.51,19780609,1,1,서울특별시 도봉구 도봉동 615-57번지
11320,10800,0,0616,0000,,,일반건축물,제1종근린생활시설,"근린생활시설, 다가구주택",128.1,76.82,299.02,19970830,3,1,서울특별시 도봉구 도봉동 616번지
11320,10800,0,0616,0001,,,일반건축물,단독주택,단독주택,123.06,61.36,193.95,19900721,2,1,서울특별시 도봉구 도봉동 616-1번지
11320,10800,0,0616,0002,,,일반건축물,단독주택,"근린생활시설, 주택",133.25,76.2,299.04,19951007,3,1,서울특별시 도봉구 도봉동 616-2번지
11320,10800,0,0616,0004,,,일반건축물,제1종근린생활시설,"근린생활시설, 주택",149.13,89.42,365.96,19961106,3,1,서울특별시 도봉구 도봉동 616-4번지
11320,10800,0,0616,0005,,,일반건축물,단독주택,단독주택,113.95,68.27,195.69,19990424,2,1,서울특별시 도봉구 도봉동 616-5번지
11320,10800,0,0616,0006,,,표제부,공동주택,공동주택,269.7,161.05,561.44,20030512,4,0,서울특별시 도봉구 도봉동 616-6번지
11320,10800,0,0616,0007,,,일반건축물,단독주택,다가구용단독주택(5가구),259.2,85.8,246.87,19960510,2,1,서울특별시 도봉구 도봉동 616-7번지
11320,10800,0,0616,0008,,,일반건축물,단독주택,"근린생활시설, 단독주택",159.07,92.85,360.12,19890825,3,1,서울특별시 도봉구 도봉동 616-8번지
11320,10800,0,0616,0009,,,일반건축물,단독주택,주택,0,102.31,217.38,19740202,2,1,서울특별시 도봉구 도봉동 616-9번지
11320,10800,0,0616,0010,,,표제부,공동주택,다세대주택,153.92,83.48,288.31,19920812,3,1,서울특별시 도봉구 도봉동 616-10번지
11320,10800,0,0616,0012,베이직빌딩,,일반건축물,의료시설,의료시설(병원),1357.95,730.84,4694.36,20230627,5,2,서울특별시 도봉구 도봉동 616-12번지
11320,10800,0,0616,0014,,,일반건축물,제1종근린생활시설,"근린생활시설, 주택",0,75.24,427.34,19870801,5,1,서울특별시 도봉구 도봉동 616-14번지
11320,10800,0,0616,0015,,,일반건축물,제2종근린생활시설,근린생활시설,0,319.94,1275.57,19810818,3,1,서울특별시 도봉구 도봉동 616-15번지
11320,10800,0,0616,0019,,,일반건축물,제1종근린생활시설,"사무실,점포",0,0,245.09,19731010,2,0,서울특별시 도봉구 도봉동 616-19번지
11320,10800,0,0616,0019,,,일반건축물,제1종근린생활시설,"사무실, 점포,일반음식점,제과점",0,0,341.36,19731010,2,1,서울특별시 도봉구 도봉동 616-19번지
11320,10800,0,0616,0021,,,일반건축물,제2종근린생활시설,제2종근린생활시설,0,84.48,276.54,19840614,2,1,서울특별시 도봉구 도봉동 616-21번지
11320,10800,0,0616,0022,,,일반건축물,단독주택,"근린생활시설, 다가구용단독주택(3)",137.6,80.78,299.52,19931122,3,1,서울특별시 도봉구 도봉동 616-22번지
11320,10800,0,0616,0025,,,일반건축물,단독주택,다가구용단독주택(5가구),114,68.32,189.96,19950623,2,1,서울특별시 도봉구 도봉동 616-25번지
11320,10800,0,0616,0026,,,일반건축물,단독주택,"근린생활시설, 다가구주택",136.9,81.39,329.58,20020628,4,1,서울특별시 도봉구 도봉동 616-26번지
11320,10800,0,0616,0027,,,일반건축물,제2종근린생활시설,"근린생활시설, 주택",293.8,146.45,796.89,19921113,5,1,서울특별시 도봉구 도봉동 616-27번지
11320,10800,0,0616,0028,,,일반건축물,단독주택,"근린생활시설, 주택(1)",262.8,148.56,656.54,19951216,4,1,서울특별시 도봉구 도봉동 616-28번지
11320,10800,0,0616,0029,도봉동 616-29,,표제부,공동주택,공동주택,276.7,153.9,552.77,20120418,5,0,서울특별시 도봉구 도봉동 616-29번지
11320,10800,0,0616,0031,,,일반건축물,단독주택,"근린생활시설, 주택",189,105.8,493.63,19951106,4,1,서울특별시 도봉구 도봉동 616-31번지
11320,10800,0,0616,0032,,,일반건축물,제1종근린생활시설,"근린생활시설, 단독주택(1)",179,107.03,494.49,19951106,4,1,서울특별시 도봉구 도봉동 616-32번지
11320,10800,0,0616,0036,스카이 빌,,일반건축물,단독주택,제1종근린생활시설및단독주택(다중주택),136.1,76,270.83,20180503,5,0,서울특별시 도봉구 도봉동 616-36번지
11320,10800,0,0617,0000,,,일반건축물,제1종근린생활시설,근린생활시설,0,91.08,302.94,19840720,2,1,서울특별시 도봉구 도봉동 617번지
11320,10800,0,0617,0001,,,일반건축물,단독주택,단독주택,181.1,108.02,329.98,20030916,4,0,서울특별시 도봉구 도봉동 617-1번지
11320,10800,0,0617,0002,,,일반건축물,단독주택,주택,0,90.71,164.86,19731022,2,0,서울특별시 도봉구 도봉동 617-2번지
11320,10800,0,0617,0003,,,표제부,공동주택,공동주택,229.2,136.74,654.14,20000919,4,1,서울특별시 도봉구 도봉동 617-3번지
11320,10800,0,0617,0004,도성교회,,일반건축물,종교시설,문화및집회시설(종교집회장),1319.9,737.1,2982.12,20010109,4,1,서울특별시 도봉구 도봉동 617-4번지
11320,10800,0,0617,0010,,,표제부,공동주택,공동주택,165.16,84.48,249.6,19901117,2,1,서울특별시 도봉구 도봉동 617-10번지
11320,10800,0,0617,0011,,,일반건축물,제1종근린생활시설,"업무시설,근린생활시설",614.8,296.6,1800.52,19910817,5,1,서울특별시 도봉구 도봉동 617-11번지
11320,10800,0,0617,0013,,,일반건축물,단독주택,"주택, 근린생활시설",211.4,0,236.03,19751126,2,1,서울특별시 도봉구 도봉동 617-13번지
11320,10800,0,0617,0015,,,일반건축물,노유자시설,"노인복지시설,제1종,2종근린생활시설",0,191.54,1098.2,19840710,5,1,서울특별시 도봉구 도봉동 617-15번지
11320,10800,0,0617,0015,,,일반건축물,제1종근린생활시설,"제1종, 2종근린생활시설",0,246.98,846.9,19770609,3,1,서울특별시 도봉구 도봉동 617-15번지
11320,10800,0,0617,0016,,,일반건축물,제2종근린생활시설,근린생활시설,0,193.82,584.43,19810930,2,1,서울특별시 도봉구 도봉동 617-16번지
11320,10800,0,0617,0021,서울노보스병원 신관,,일반건축물,의료시설,의료시설(병원),2524.9,1314.65,9852.75,20220218,5,2,서울특별시 도봉구 도봉동 617-21번지
11320,10800,0,0617,0024,,,일반건축물,제2종근린생활시설,근린생활시설,0,303.08,909.24,19811216,2,1,서울특별시 도봉구 도봉동 617-24번지
11320,10800,0,0617,0025,,,일반건축물,제1종근린생활시설,근린생활시설,0,164.56,493.68,19840612,2,1,서울특별시 도봉구 도봉동 617-25번지
11320,10800,0,0617,0027,,,일반건축물,제1종근린생활시설,"제1종근린생활시설, 여관",221.2,120.59,245.63,19730917,2,0,서울특별시 도봉구 도봉동 617-27번지
11320,10800,0,0618,0000,,,일반건축물,단독주택,"근린생활시설, 주택",105.4,87.33,140.01,19731115,2,0,서울특별시 도봉구 도봉동 618번지
11320,10800,0,0618,0001,대육주택,,일반건축물,제2종근린생활시설,"주택,근린생활시설",109.5,62.28,62.28,19730719,1,0,서울특별시 도봉구 도봉동 618-1번지
11320,10800,0,0618,0002,,,일반건축물,단독주택,다가구용단독주택(5가구),89.39,53.66,149.51,19940103,2,1,서울특별시 도봉구 도봉동 618-2번지
11320,10800,0,0618,0003,,,일반건축물,단독주택,다가구용단독주택(5가구),90.68,53.66,149.51,19940103,2,1,서울특별시 도봉구 도봉동 618-3번지
11320,10800,0,0618,0004,,,일반건축물,제1종근린생활시설,"근린생활시설, 다가구용단독주택(2가구)",87.5,51.96,222.44,19951115,4,1,서울특별시 도봉구 도봉동 618-4번지
11320,10800,0,0618,0005,,,일반건축물,제1종근린생활시설,"근린생활시설, 주택",136,67.9,283.35,19901012,3,1,서울특별시 도봉구 도봉동 618-5번지
11320,10800,0,0618,0007,,,일반건축물,단독주택,단독주택,134.6,67.05,208.35,19910618,2,1,서울특별시 도봉구 도봉동 618-7번지
11320,10800,0,0618,0009,,,일반건축물,제1종근린생활시설,"근린생활시설, 주택",189.1,111.73,433.49,19960719,3,1,서울특별시 도봉구 도봉동 618-9번지
11320,10800,0,0618,0010,,,일반건축물,단독주택,주택,0,82.31,168.04,19830221,2,1,서울특별시 도봉구 도봉동 618-10번지
11320,10800,0,0618,0011,,,일반건축물,단독주택,다가구(11가구)및 근생(사무소),289,172.68,681.6,19960726,4,1,서울특별시 도봉구 도봉동 618-11번지
11320,10800,0,0618,0012,,,일반건축물,단독주택,다가구용단독주택(6가구),119.6,71.28,206.26,19960622,3,1,서울특별시 도봉구 도봉동 618-12번지
11320,10800,0,0618,0013,,,일반건축물,단독주택,다가구용단독주택,128.97,77.16,179.94,19960622,2,1,서울특별시 도봉구 도봉동 618-13번지
11320,10800,0,0618,0014,,,일반건축물,단독주택,다가구용단독주택(5가구),88.96,53.28,149.64,19941128,2,1,서울특별시 도봉구 도봉동 618-14번지
11320,10800,0,0618,0015,,,일반건축물,단독주택,다가구용단독주택(5),89.9,53.55,149.64,19931129,2,1,서울특별시 도봉구 도봉동 618-15번지
11320,10800,0,0618,0016,,,일반건축물,단독주택,주택,0,62.98,70.42,19730719,1,1,서울특별시 도봉구 도봉동 618-16번지
11320,10800,0,0618,0017,,,일반건축물,단독주택,다가구용단독주택,88.55,51.2,143.59,19970703,3,0,서울특별시 도봉구 도봉동 618-17번지
11320,10800,0,0618,0018,,,일반건축물,제1종근린생활시설,"근린생활시설, 주택",112.4,67.31,123.26,19730720,2,1,서울특별시 도봉구 도봉동 618-18번지
11320,10800,0,0618,0020,,,일반건축물,단독주택,"주택, 근린생활시설",0,106.12,213.18,19731020,2,1,서울특별시 도봉구 도봉동 618-20번지
11320,10800,0,0618,0021,,,일반건축물,제1종근린생활시설,"주택, 점포",0,111.01,202.73,19730817,2,1,서울특별시 도봉구 도봉동 618-21번지
11320,10800,0,0618,0022,골드빌,,표제부,공동주택,공동주택(도시형생활주택(단지형다세대)),377.9,197.46,658.23,20150323,6,0,서울특별시 도봉구 도봉동 618-22번지
11320,10800,0,0618,0024,현대주택,,표제부,공동주택,공동주택,290.2,173.99,591.31,20030418,5,0,서울특별시 도봉구 도봉동 618-24번지
11320,10800,0,0618,0025,예원22,,표제부,공동주택,도시형생활주택(단지형다세대),619.5,162.16,658.93,20170908,6,0,서울특별시 도봉구 도봉동 618-25번지
11320,10800,0,0618,0025,예원22,,표제부,공동주택,도시형생활주택(단지형다세대),619.5,195.36,579.22,20170908,5,0,서울특별시 도봉구 도봉동 618-25번지
11320,10800,0,0618,0030,,,일반건축물,단독주택,다가구용단독주택(5가구),122.1,72.37,199.26,19930309,2,1,서울특별시 도봉구 도봉동 618-30번지
11320,10800,0,0618,0031,,,일반건축물,단독주택,단독주택,131.33,75.36,216,19980403,3,0,서울특별시 도봉구 도봉동 618-31번지
11320,10800,0,0618,0032,도성블루빌,,표제부,공동주택,다세대주택,189.1,113.05,376.9,20120417,5,0,서울특별시 도봉구 도봉동 618-32번지
11320,10800,0,0618,0033,,,일반건축물,단독주택,단독주택,192.3,109.47,315.45,20031113,4,0,서울특별시 도봉구 도봉동 618-33번지
11320,10800,0,0618,0035,한신빌라트,,표제부,공동주택,제1종근린생활시설및도시형생활주택(단지형다세대주택),384.8,203.74,711.4,20171214,6,0,서울특별시 도봉구 도봉동 618-35번지
11320,10800,0,0618,0037,,,일반건축물,제1종근린생활시설,근린생활시설,790.5,355.29,2607.41,19931231,5,2,서울특별시 도봉구 도봉동 618-37번지
11320,10800,0,0618,0040,,,일반건축물,단독주택,"근린생활시설, 주택",291.1,140.52,659.9,19910719,4,1,서울특별시 도봉구 도봉동 618-40번지
11320,10800,0,0618,0041,,,일반건축물,단독주택,"근린생활시설, 다가구용단독주택(2가구)",169.2,94.55,297.26,19941028,3,1,서울특별시 도봉구 도봉동 618-41번지
11320,10800,0,0618,0042,,,일반건축물,단독주택,단독주택,148,73.98,221.94,19891130,2,1,서울특별시 도봉구 도봉동 618-42번지
11320,10800,0,0618,0044,동부빌라,,표제부,공동주택,공동주택,192,114.84,383.68,20120425,5,0,서울특별시 도봉구 도봉동 618-44번지
11320,10800,0,0618,0045,,,표제부,공동주택,공동주택(근린생활시설 및 다세대주택),189.3,108.8,378.11,20160419,5,0,서울특별시 도봉구 도봉동 618-45번지
11320,10800,0,0618,0046,,,일반건축물,단독주택,단독주택,162.6,86.67,248.49,19900906,2,1,서울특별시 도봉구 도봉동 618-46번지
11320,10800,0,0618,0048,,,표제부,공동주택,다세대주택,149.4,88.23,379.47,19920904,4,1,서울특별시 도봉구 도봉동 618-48번지
11320,10800,0,0618,0049,,,일반건축물,제1종근린생활시설,"근린생할시설, 주택",176.8,102.15,408.72,19941118,4,1,서울특별시 도봉구 도봉동 618-49번지
11320,10800,0,0619,0000,,,일반건축물,단독주택,근린생활시설 및 다가구주택,244.1,141.92,568.42,20111005,4,1,서울특별시 도봉구 도봉동 619번지
11320,10800,0,0619,0001,,,일반건축물,제2종근린생활시설,"제2종근린생활시설,주택",240.7,143.04,514.95,19900913,3,1,서울특별시 도봉구 도봉동 619-1번지
11320,10800,0,0619,0003,,,일반건축물,단독주택,다가구용단독주택(5가구),130.4,74.71,199.98,19921127,2,1,서울특별시 도봉구 도봉동 619-3번지
11320,10800,0,0619,0005,,,일반건축물,단독주택,"근린생활시설, 주택",110.5,66.18,280.44,19920930,4,1,서울특별시 도봉구 도봉동 619-5번지
11320,10800,0,0619,0006,,,일반건축물,제1종근린생활시설,"근린생활시설, 주택(1세대)",112.4,67.08,294.98,19950616,4,1,서울특별시 도봉구 도봉동 619-6번지
11320,10800,0,0619,0007,,,일반건축물,단독주택,다가구용단독주택(5가구),135.07,79.86,179.44,19961015,3,0,서울특별시 도봉구 도봉동 619-7번지
11320,10800,0,0619,0008,,,표제부,공동주택,연립주택,463.1,212.64,980.6,19961211,4,1,서울특별시 도봉구 도봉동 619-8번지
11320,10800,0,0619,0010,,,일반건축물,제2종근린생활시설,"근린생활시설, 주택",180,89.58,359.16,19931209,3,1,서울특별시 도봉구 도봉동 619-10번지
11320,10800,0,0619,0011,,,일반건축물,단독주택,"근린생할시설, 단독주택(다가구)",113.9,67.32,185.13,20010424,3,0,서울특별시 도봉구 도봉동 619-11번지
11320,10800,0,0619,0012,,,일반건축물,단독주택,주택,0,60.03,67.27,19721118,1,1,서울특별시 도봉구 도봉동 619-12번지
11320,10800,0,0619,0013,,,일반건축물,제2종근린생활시설,"근린생활시설, 다가구용단독주택(2)",117.2,70.14,269.19,19930908,3,1,서울특별시 도봉구 도봉동 619-13번지
11320,10800,0,0619,0014,,,일반건축물,단독주택,주택,0,65.85,115.47,19730126,2,0,서울특별시 도봉구 도봉동 619-14번지
11320,10800,0,0619,0015,,,일반건축물,제1종근린생활시설,"근린생활시설, 단독주택",117.9,58.8,262.72,19910723,3,1,서울특별시 도봉구 도봉동 619-15번지
11320,10800,0,0619,0016,,,일반건축물,단독주택,단독주택(다가구),138,65.88,228.92,19910731,3,1,서울특별시 도봉구 도봉동 619-16번지
11320,10800,0,0619,0017,,,일반건축물,제1종근린생활시설,"근린생활시설, 단독주택",166.4,88.72,400.02,19871217,4,1,서울특별시 도봉구 도봉동 619-17번지
11320,10800,0,0619,0018,도봉동 619-18,,일반건축물,제1종근린생활시설,"근린생활시설, 주택",179.1,107.36,388.57,19880805,3,1,서울특별시 도봉구 도봉동 619-18번지
11320,10800,0,0619,0019,,,일반건축물,제2종근린생활시설,"근린생활시설, 주택",0,95.61,266.68,19840531,2,1,서울특별시 도봉구 도봉동 619-19번지
11320,10800,0,0619,0020,.,,일반건축물,제1종근린생활시설,제1종근린생활시설,214.8,126.6,321.19,19840623,2,1,서울특별시 도봉구 도봉동 619-20번지
11320,10800,0,0619,0021,,,일반건축물,단독주택,"단독주택(다중주택,근린생활시설)",135.6,81.08,312.89,20120406,3,1,서울특별시 도봉구 도봉동 619-21번지
11320,10800,0,0619,0022,,,일반건축물,단독주택,단독주택,96,47.79,143.37,19860722,2,1,서울특별시 도봉구 도봉동 619-22번지
11320,10800,0,0619,0024,,,일반건축물,단독주택,다가구단독주택,150.6,77.04,268.3,20000530,3,1,서울특별시 도봉구 도봉동 619-24번지
11320,10800,0,0619,0025,,,일반건축물,단독주택,다가구용단독주택,119.3,70.39,259.46,19970603,3,1,서울특별시 도봉구 도봉동 619-25번지
11320,10800,0,0619,0026,,,일반건축물,단독주택,다가구용단독주택(5가구),147.3,82.2,233.77,19950113,2,1,서울특별시 도봉구 도봉동 619-26번지
11320,10800,0,0619,0028,,,일반건축물,단독주택,주택,0,62.4,199.8,19850925,2,1,서울특별시 도봉구 도봉동 619-28번지
11320,10800,0,0619,0029,,,일반건축물,단독주택,단독주택,126.9,63.39,190.17,19870226,2,1,서울특별시 도봉구 도봉동 619-29번지
11320,10800,0,0619,0031,,,일반건축물,단독주택,단독주택,156.9,78.2,237,19900928,2,1,서울특별시 도봉구 도봉동 619-31번지
11320,10800,0,0619,0032,,,일반건축물,단독주택,단독주택(다가구주택 6가구),131.4,64.97,213.45,19901023,3,1,서울특별시 도봉구 도봉동 619-32번지
11320,10800,0,0619,0033,,,일반건축물,단독주택,다가구용단독주택,127.9,76.7,226.46,19961002,2,1,서울특별시 도봉구 도봉동 619-33번지
11320,10800,0,0619,0034,삼호그랑빌,,일반건축물,단독주택,제2종근린생활시설 및 단독주택(다가구주택),152.7,88.2,287.97,20171228,4,0,서울특별시 도봉구 도봉동 619-34번지
11320,10800,0,0619,0036,,,일반건축물,단독주택,다가구주택(7가구),142.6,82.8,299.2,19951024,3,1,서울특별시 도봉구 도봉동 619-36번지
11320,10800,0,0619,0037,,,일반건축물,단독주택,다가구용단독주택(4가구),134,78.42,210.12,19920831,2,1,서울특별시 도봉구 도봉동 619-37번지
11320,10800,0,0619,0038,,,일반건축물,단독주택,단독주택,144.5,77.1,225.18,19910504,2,1,서울특별시 도봉구 도봉동 619-38번지
11320,10800,0,0619,0039,,,일반건축물,단독주택,단독주택,150.6,77.04,230.08,19901231,2,1,서울특별시 도봉구 도봉동 619-39번지
11320,10800,0,0619,0041,,,일반건축물,단독주택,단독주택,138.2,68.35,218.68,19911028,2,1,서울특별시 도봉구 도봉동 619-41번지
11320,10800,0,0619,0042,,,일반건축물,단독주택,단독주택,134.6,67.14,218.61,19901123,2,1,서울특별시 도봉구 도봉동 619-42번지
11320,10800,0,0619,0043,,,일반건축물,단독주택,다가구용단독주택(6가구),150.8,90.16,266.58,19940706,2,1,서울특별시 도봉구 도봉동 619-43번지
11320,10800,0,0619,0044,,,일반건축물,제1종근린생활시설,"근린생활시설, 단독주택",310.9,171.94,893.16,19921113,5,1,서울특별시 도봉구 도봉동 619-44번지
11320,10800,0,0620,0000,,,일반건축물,단독주택,"근린생활시설, 주택",152.1,75.9,356.7,19910610,4,1,서울특별시 도봉구 도봉동 620번지
11320,10800,0,0620,0001,,,일반건축물,제1종근린생활시설,"사무실, 점포",0,70.28,140.56,19770323,2,0,서울특별시 도봉구 도봉동 620-1번지
11320,10800,0,0620,0002,,,표제부,공동주택,공동주택,197.4,118.32,345.09,19940110,2,1,서울특별시 도봉구 도봉동 620-2번지
11320,10800,0,0620,0003,,,일반건축물,단독주택,단독주택,116,69.29,192.57,19911204,2,1,서울특별시 도봉구 도봉동 620-3번지
11320,10800,0,0620,0004,,,일반건축물,단독주택,다가구용단독주택(3가구),105.5,63.1,119.1,19950930,2,0,서울특별시 도봉구 도봉동 620-4번지
11320,10800,0,0620,0006,,,일반건축물,단독주택,다가구용단독주택(6가구),115,68.85,204.36,19950930,3,1,서울특별시 도봉구 도봉동 620-6번지
11320,10800,0,0620,0007,,,일반건축물,단독주택,다가구용단독주택(7가구),112.2,67.25,247.98,19950930,3,1,서울특별시 도봉구 도봉동 620-7번지
11320,10800,0,0620,0008,,,표제부,공동주택,연립주택,395,221.32,1031,19950801,4,1,서울특별시 도봉구 도봉동 620-8번지
11320,10800,0,0620,0015,,,일반건축물,단독주택,주택,0,82.32,183.54,19831007,2,1,서울특별시 도봉구 도봉동 620-15번지
11320,10800,0,0620,0017,,,일반건축물,단독주택,단독주택(주택),165.3,82.23,265.47,19860712,3,1,서울특별시 도봉구 도봉동 620-17번지
11320,10800,0,0620,0018,,,일반건축물,제1종근린생활시설,"근린생활시설, 단독주택",174.3,88.31,318.31,19840712,3,1,서울특별시 도봉구 도봉동 620-18번지
11320,10800,0,0620,0019,,,일반건축물,제2종근린생활시설,근린생활시설,543.6,206.2,841,19920723,3,1,서울특별시 도봉구 도봉동 620-19번지
11320,10800,0,0620,0022,가동,,일반건축물,제2종근린생활시설,제2종근린생활시설,0,56.6,56.6,19851111,1,0,서울특별시 도봉구 도봉동 620-22번지
11320,10800,0,0620,0022,나동,,일반건축물,제2종근린생활시설,제2종근린생활시설,0,50,50,19851111,1,0,서울특별시 도봉구 도봉동 620-22번지
11320,10800,0,0620,0023,화성빌딩,,일반건축물,의료시설,의료시설(병원),1352.6,586.37,5337.14,20200921,8,2,서울특별시 도봉구 도봉동 620-23번지
11320,10800,0,0620,0025,도봉동 620-25 제2종근린생활시설,,일반건축물,제2종근린생활시설,제2종근린생활시설,1142.2,251.92,391.92,20141230,2,0,서울특별시 도봉구 도봉동 620-25번지
11320,10800,0,0620,0027,,,일반건축물,단독주택,주택,0,82.41,168.22,19821221,2,1,서울특별시 도봉구 도봉동 620-27번지
11320,10800,0,0620,0029,,,표제부,공동주택,공동주택 및 제2종근린생활시설,330.6,165.14,712.45,20081001,5,0,서울특별시 도봉구 도봉동 620-29번지
11320,10800,0,0620,0030,,,일반건축물,숙박시설,"근린생활시설, 숙박시설",518.3,253.22,821.3,19861203,3,1,서울특별시 도봉구 도봉동 620-30번지
11320,10800,0,0620,0031,북서울신협,,일반건축물,제2종근린생활시설,제2종근린생활시설,428,204.42,996.94,20191028,4,1,서울특별시 도봉구 도봉동 620-31번지
11320,10800,0,0620,0033,,,일반건축물,단독주택,단독주택(다가구),165.3,103.56,204.78,19830905,2,1,서울특별시 도봉구 도봉동 620-33번지
11320,10800,0,0620,0035,,,일반건축물,단독주택,"근린생활시설, 주택",0,86.1,201.6,19840720,2,1,서울특별시 도봉구 도봉동 620-35번지
11320,10800,0,0622,0000,해성주택,,표제부,공동주택,근린생활시설/다세대주택,127.4,76.17,375,20011226,6,0,서울특별시 도봉구 도봉동 622번지
11320,10800,0,0622,0001,,,일반건축물,단독주택,주택,0,60.96,126.42,19830615,2,1,서울특별시 도봉구 도봉동 622-1번지
11320,10800,0,0622,0002,금강주택,,일반건축물,단독주택,단독주택,154.9,92.04,298.82,20111013,3,1,서울특별시 도봉구 도봉동 622-2번지
11320,10800,0,0622,0003,헤이미쉬 하우스,,일반건축물,단독주택,다가구주택/제1종근린생활시설,160.9,96.3,296.84,20171011,4,0,서울특별시 도봉구 도봉동 622-3번지
11320,10800,0,0622,0004,,,일반건축물,단독주택,주택,0,73.33,156.41,19830429,2,1,서울특별시 도봉구 도봉동 622-4번지
11320,10800,0,0622,0005,이니하우스,,일반건축물,단독주택,다가구주택 및 제2종근린생활시설,188.3,109.8,373,20170809,5,0,서울특별시 도봉구 도봉동 622-5번지
11320,10800,0,0622,0006,,,표제부,공동주택,연립주택,0,0,656.64,19860221,2,1,서울특별시 도봉구 도봉동 622-6번지
11320,10800,0,0622,0007,2동,,일반건축물,제2종근린생활시설,제2종근린생활시설,0,60.89,60.89,20020404,1,0,서울특별시 도봉구 도봉동 622-7번지
11320,10800,0,0622,0007,1동,,일반건축물,제1종근린생활시설,근린생활시설,474.5,120,240,19920527,1,1,서울특별시 도봉구 도봉동 622-7번지
11320,10800,0,0622,0008,,,일반건축물,공동주택,"근린생활시설, 기숙사",1315.8,219.6,833.4,19860926,3,1,서울특별시 도봉구 도봉동 622-8번지
11320,10800,0,0622,0009,,,일반건축물,단독주택,주택,0,81,165.42,19840213,2,1,서울특별시 도봉구 도봉동 622-9번지
11320,10800,0,0622,0010,,,일반건축물,단독주택,주택,0,81.36,169.72,19831202,2,1,서울특별시 도봉구 도봉동 622-10번지
11320,10800,0,0622,0011,,,일반건축물,단독주택,다가구주택,181.76,108.46,321.18,20021021,3,0,서울특별시 도봉구 도봉동 622-11번지
11320,10800,0,0622,0012,,,일반건축물,단독주택,다가구주택(4가구),182.8,103.84,278.25,19940521,2,1,서울특별시 도봉구 도봉동 622-12번지
11320,10800,0,0622,0013,,,일반건축물,단독주택,단독(다중)주택,175.5,103.545,329.44,20091224,3,1,서울특별시 도봉구 도봉동 622-13번지
11320,10800,0,0622,0014,,,일반건축물,단독주택,다가구용단독주택(5가구),175.3,85.57,247.32,19931015,2,1,서울특별시 도봉구 도봉동 622-14번지
11320,10800,0,0622,0015,,,표제부,공동주택,공동주택(다세대주택),175.9,109.86,470.85,20020516,5,0,서울특별시 도봉구 도봉동 622-15번지
11320,10800,0,0622,0016,,,일반건축물,단독주택,"근린생활시설, 단독주택",177.5,101.45,507.83,19910720,5,1,서울특별시 도봉구 도봉동 622-16번지
11320,10800,0,0622,0017,,,일반건축물,제1종근린생활시설,"근린생활시설, 주택",184.7,92.04,492.43,19901231,5,1,서울특별시 도봉구 도봉동 622-17번지
11320,10800,0,0622,0018,,,일반건축물,단독주택,단독주택,183.1,85.28,246.24,19901224,2,1,서울특별시 도봉구 도봉동 622-18번지
11320,10800,0,0622,0019,햇살담은 뜨락,,일반건축물,단독주택,단독주택(다중주택),181.4,108.6,328.65,20180822,3,1,서울특별시 도봉구 도봉동 622-19번지
11320,10800,0,0622,0020,1,,일반건축물,단독주택,단독주택(다중주택),180.8,103.1,328.46,20150209,3,1,서울특별시 도봉구 도봉동 622-20번지
11320,10800,0,0622,0021,,,일반건축물,단독주택,단독주택,178.7,81.42,249.93,19890209,2,1,서울특별시 도봉구 도봉동 622-21번지
11320,10800,0,0622,0022,,,표제부,공동주택,다세대주택,184,109.74,366.93,20080925,5,0,서울특별시 도봉구 도봉동 622-22번지
11320,10800,0,0622,0023,,,일반건축물,단독주택,다가구주택,165.15,98.91,384.57,19960920,3,1,서울특별시 도봉구 도봉동 622-23번지
11320,10800,0,0622,0024,,,일반건축물,단독주택,단독주택(다중주택 24호),166.68,99.76,329.84,20120720,3,1,서울특별시 도봉구 도봉동 622-24번지
11320,10800,0,0622,0025,,,일반건축물,단독주택,단독주택(다중주택),180,99.75,329.78,20120727,3,1,서울특별시 도봉구 도봉동 622-25번지
11320,10800,0,0622,0026,대원하우스,,일반건축물,단독주택,단독주택(다중주택),181.9,100.68,319.56,20161004,3,1,서울특별시 도봉구 도봉동 622-26번지
11320,10800,0,0622,0027,,,일반건축물,단독주택,주택,0,110.07,235.65,19800502,1,1,서울특별시 도봉구 도봉동 622-27번지
11320,10800,0,0622,0028,,,일반건축물,단독주택,다가구용단독주택(5가구),139.9,83.08,221.04,19930812,2,1,서울특별시 도봉구 도봉동 622-28번지
11320,10800,0,0622,0029,,,일반건축물,단독주택,다가구용단독주택(5가구),131.7,79,196.84,19940622,2,1,서울특별시 도봉구 도봉동 622-29번지
11320,10800,0,0622,0030,,,일반건축물,단독주택,다가구용단독주택(7가구),137.2,82.08,280.18,19950721,3,1,서울특별시 도봉구 도봉동 622-30번지
11320,10800,0,0622,0031,,,일반건축물,단독주택,다가구주택(5가구),135.2,81.08,227.04,19941227,2,1,서울특별시 도봉구 도봉동 622-31번지
11320,10800,0,0622,0032,,,일반건축물,단독주택,단독주택(다중주택),157.6,94.25,299.19,20100503,3,1,서울특별시 도봉구 도봉동 622-32번지
11320,10800,0,0622,0033,,,일반건축물,제1종근린생활시설,"근린생활시설,단독주택",151.3,75.16,473.84,19911228,5,1,서울특별시 도봉구 도봉동 622-33번지
11320,10800,0,0622,0034,,,일반건축물,제2종근린생활시설,근린생활시설,181,108.42,467.94,20031111,5,0,서울특별시 도봉구 도봉동 622-34번지
11320,10800,0,0622,0035,,,표제부,공동주택,다세대주택및제2종근린생활시설,381.3,227.6,707.95,20081121,5,0,서울특별시 도봉구 도봉동 622-35번지
11320,10800,0,0622,0037,,,일반건축물,단독주택,단독주택,153.6,74.57,229.1,19901128,2,1,서울특별시 도봉구 도봉동 622-37번지
11320,10800,0,0622,0038,,,일반건축물,단독주택,단독주택,148.7,82.59,242.67,19910701,2,1,서울특별시 도봉구 도봉동 622-38번지
11320,10800,0,0622,0039,,,일반건축물,단독주택,단독주택및근린생활시설,159.2,89,241.7,19901102,2,1,서울특별시 도봉구 도봉동 622-39번지
11320,10800,0,0622,0040,도봉중학교,,일반건축물,교육연구시설,교육연구시설,15003.6,3796.71,10864.43,19970203,4,0,서울특별시 도봉구 도봉동 622-40번지
11320,10800,0,0622,0050,,,일반건축물,단독주택,"주택, 근린생활시설",0,85.82,215.54,19831118,2,1,서울특별시 도봉구 도봉동 622-50번지
11320,10800,0,0622,0051,,,일반건축물,단독주택,다가구주택(5가구),157.59,93.28,266.72,19961021,2,1,서울특별시 도봉구 도봉동 622-51번지
11320,10800,0,0622,0052,,,일반건축물,단독주택,다가구주택(5가구),158.66,93.13,266.68,19961021,2,1,서울특별시 도봉구 도봉동 622-52번지
11320,10800,0,0622,0053,,,일반건축물,단독주택,다가구용단독주택(5가구),156.8,92.61,199.2,19931028,2,1,서울특별시 도봉구 도봉동 622-53번지
11320,10800,0,0622,0054,,,일반건축물,단독주택,다가구용단독주택(5가구),132.5,79.44,198.84,19931021,2,1,서울특별시 도봉구 도봉동 622-54번지
11320,10800,0,0622,0055,파인리치 빌딩,,일반건축물,제1종근린생활시설,근린생활시설,154,88.12,569.3,20030228,6,1,서울특별시 도봉구 도봉동 622-55번지
11320,10800,0,0622,0057,,,일반건축물,제2종근린생활시설,제2종근린생활시설,244,121.37,332.84,20231027,3,0,서울특별시 도봉구 도봉동 622-57번지
11320,10800,0,0622,0058,,,일반건축물,단독주택,"근린생활시설, 다가구용단독주택(3가구)",121.6,72.88,274.32,19930823,3,1,서울특별시 도봉구 도봉동 622-58번지
11320,10800,0,0622,0059,,,일반건축물,제2종근린생활시설,제2종근린생활시설(일반음식점),119.3,72.33,82.21,19771222,1,1,서울특별시 도봉구 도봉동 622-59번지
11320,10800,0,0622,0060,,,일반건축물,단독주택,"단독주택, 근린생활시설",120,66.9,247.95,19911118,3,1,서울특별시 도봉구 도봉동 622-60번지
11320,10800,0,0622,0061,,,일반건축물,제2종근린생활시설,제2종근린생활시설,114.9,57.42,184.53,19900531,2,1,서울특별시 도봉구 도봉동 622-61번지
11320,10800,0,0622,0062,,,일반건축물,제2종근린생활시설,제2종근린생활시설,120.6,72.25,258,19921118,3,1,서울특별시 도봉구 도봉동 622-62번지
11320,10800,0,0622,0063,,,일반건축물,제2종근린생활시설,제2종근린생활시설,124.3,68.23,82.28,19771226,1,1,서울특별시 도봉구 도봉동 622-63번지
11320,10800,0,0622,0064,,,일반건축물,제2종근린생활시설,제2종근린생활시설(휴게음식점),115.3,68.23,82.28,19771226,1,1,서울특별시 도봉구 도봉동 622-64번지
11320,10800,0,0622,0065,,,일반건축물,제1종근린생활시설,"근린생활시설, 다가구주택(3)",114.8,68.21,258.39,19950928,3,1,서울특별시 도봉구 도봉동 622-65번지
11320,10800,0,0622,0076,,,일반건축물,제1종근린생활시설,"제1,2종 근린생활시설",0,135.95,271.79,19820904,2,0,서울특별시 도봉구 도봉동 622-76번지
11320,10800,0,0622,0077,,,일반건축물,단독주택,"주택, 근린생활시설",0,82.23,173.85,19831103,2,1,서울특별시 도봉구 도봉동 622-77번지
11320,10800,0,0622,0078,,,일반건축물,제1종근린생활시설,"근린생활시설, 주택",0,98.8,295.56,19831103,2,1,서울특별시 도봉구 도봉동 622-78번지
11320,10800,0,0622,0080,,,일반건축물,단독주택,"주택, 근린생활시설",0,88.48,189.68,19831103,2,1,서울특별시 도봉구 도봉동 622-80번지
11320,10800,0,0622,0081,,,일반건축물,단독주택,"주택,제2종근린생활시설(일반음식점)",178.9,88.02,215.37,19831217,2,1,서울특별시 도봉구 도봉동 622-81번지
11320,10800,0,0622,0082,,,일반건축물,단독주택,주택,0,89.14,267.42,19831130,2,1,서울특별시 도봉구 도봉동 622-82번지
11320,10800,0,0622,0083,,,표제부,공동주택,공동주택,0,79.56,238.68,19860709,2,1,서울특별시 도봉구 도봉동 622-83번지
11320,10800,0,0622,0083,,,표제부,공동주택,공동주택,0,48.33,144.99,19860709,2,1,서울특별시 도봉구 도봉동 622-83번지
11320,10800,0,0622,0084,,,표제부,공동주택,공동주택(다세대주택),165.3,82.08,246.24,19860709,2,1,서울특별시 도봉구 도봉동 622-84번지
11320,10800,0,0622,0085,,,일반건축물,공동주택,"근린생활시설, 기숙사",1950.1,372.55,1150.65,19860926,3,1,서울특별시 도봉구 도봉동 622-85번지
11320,10800,0,0623,0000,,,일반건축물,제1종근린생활시설,"근린생활시설, 주택",0,93.8,485.86,19880909,4,1,서울특별시 도봉구 도봉동 623번지
11320,10800,0,0623,0001,,,일반건축물,단독주택,"근린생활시설, 주택",0,90.53,152.78,19730530,2,1,서울특별시 도봉구 도봉동 623-1번지
11320,10800,0,0623,0003,미래프라임,,표제부,공동주택,공동주택(도시형생활주택(단지형다세대)),339.4,191.36,659.87,20150310,6,0,서울특별시 도봉구 도봉동 623-3번지
11320,10800,0,0623,0004,,,일반건축물,제2종근린생활시설,"근린생활시설, 교육연구시설",650.5,325.04,1836.96,19890828,5,1,서울특별시 도봉구 도봉동 623-4번지
11320,10800,0,0623,0006,,,일반건축물,단독주택,다가구주택(2가구),96.4,54.67,157.17,20011211,3,0,서울특별시 도봉구 도봉동 623-6번지
11320,10800,0,0623,0007,,,일반건축물,단독주택,단독주택,121.55,61.52,199.36,19910703,2,1,서울특별시 도봉구 도봉동 623-7번지
11320,10800,0,0623,0008,,,일반건축물,제1종근린생활시설,"근린생활시설, 단독주택",98,48.84,146.52,19850821,2,1,서울특별시 도봉구 도봉동 623-8번지
11320,10800,0,0623,0009,성우스타팰리스,,표제부,공동주택,공동주택(다세대주택),301.5,179.95,602.94,20150707,5,0,서울특별시 도봉구 도봉동 623-9번지
11320,10800,0,0623,0010,,,일반건축물,단독주택,다가구용단독주택(6가구),130.2,78,294.56,19951201,3,1,서울특별시 도봉구 도봉동 623-10번지
11320,10800,0,0623,0011,,,일반건축물,단독주택,다가구용단독주택(5가구),119.6,71.36,197.28,19930222,2,1,서울특별시 도봉구 도봉동 623-11번지
11320,10800,0,0623,0012,,,일반건축물,단독주택,다가구용단독주택(5가구),120.7,68.23,199.53,19921103,2,1,서울특별시 도봉구 도봉동 623-12번지
11320,10800,0,0623,0013,,,일반건축물,단독주택,단독주택,111.2,66.7,199.4,19980930,3,0,서울특별시 도봉구 도봉동 623-13번지
11320,10800,0,0623,0014,,,일반건축물,숙박시설,여관,0,110.31,110.31,19730825,1,0,서울특별시 도봉구 도봉동 623-14번지
11320,10800,0,0623,0015,,,일반건축물,단독주택,주택,0,62.78,62.78,19720804,1,0,서울특별시 도봉구 도봉동 623-15번지
11320,10800,0,0623,0016,,,표제부,공동주택,다세대주택,119.2,61.95,240.13,19931209,3,1,서울특별시 도봉구 도봉동 623-16번지
11320,10800,0,0623,0017,,,표제부,공동주택,다세대주택,121.6,64.05,248.27,19960809,3,1,서울특별시 도봉구 도봉동 623-17번지
11320,10800,0,0623,0018,,,표제부,공동주택,다세대주택,123.2,64.05,149.53,19921030,3,1,서울특별시 도봉구 도봉동 623-18번지
11320,10800,0,0623,0019,,,표제부,공동주택,다세대주택,142.6,64.05,248.27,19921030,3,1,서울특별시 도봉구 도봉동 623-19번지
11320,10800,0,0623,0020,,,일반건축물,단독주택,주택,0,79.44,93.46,19770610,1,1,서울특별시 도봉구 도봉동 623-20번지
11320,10800,0,0623,0021,,,일반건축물,단독주택,다가구용단독주택(5가구),139,83.33,199.53,19931103,2,1,서울특별시 도봉구 도봉동 623-21번지
11320,10800,0,0623,0024,,,일반건축물,단독주택,단독주택(다가구),158.1,86.39,274.54,19910914,3,1,서울특별시 도봉구 도봉동 623-24번지
11320,10800,0,0623,0025,,,일반건축물,단독주택,다가구용단독주택(5가구),136.4,81.42,199.26,19930511,2,1,서울특별시 도봉구 도봉동 623-25번지
11320,10800,0,0623,0026,,,일반건축물,단독주택,주택,0,0,95.01,19770611,1,1,서울특별시 도봉구 도봉동 623-26번지
11320,10800,0,0623,0028,,,표제부,공동주택,공동주택,130.9,62.4,249.6,19910809,3,1,서울특별시 도봉구 도봉동 623-28번지
11320,10800,0,0623,0029,,,표제부,공동주택,공동주택,127.8,62.4,249.6,19911213,3,1,서울특별시 도봉구 도봉동 623-29번지
11320,10800,0,0623,0030,,,표제부,공동주택,공동주택,122.4,60.32,241.28,19920104,3,1,서울특별시 도봉구 도봉동 623-30번지
11320,10800,0,0623,0031,,,표제부,공동주택,공동주택,121.52,71.28,267.4,19930120,3,1,서울특별시 도봉구 도봉동 623-31번지
11320,10800,0,0623,0032,,,일반건축물,단독주택,"근린생활시설, 주택",144.37,81.96,431.52,19971217,5,1,서울특별시 도봉구 도봉동 623-32번지
11320,10800,0,0623,0033,,,일반건축물,단독주택,"근린생활시설, 다가구용단독주택",120.5,72.02,290.25,19950113,3,1,서울특별시 도봉구 도봉동 623-33번지
11320,10800,0,0623,0034,,,일반건축물,단독주택,주택,115.6,57.45,114.9,19820707,1,1,서울특별시 도봉구 도봉동 623-34번지
11320,10800,0,0623,0035,,,일반건축물,단독주택,주택,0,57.45,114.9,19820703,1,1,서울특별시 도봉구 도봉동 623-35번지
11320,10800,0,0623,0036,,,일반건축물,단독주택,주택,0,70.74,141.48,19821118,1,1,서울특별시 도봉구 도봉동 623-36번지
11320,10800,0,0623,0037,,,일반건축물,단독주택,주택,0,74.41,148.62,19821202,2,1,서울특별시 도봉구 도봉동 623-37번지
11320,10800,0,0623,0038,,,일반건축물,단독주택,주택,0,72.96,149.32,19821207,2,1,서울특별시 도봉구 도봉동 623-38번지
11320,10800,0,0623,0039,,,일반건축물,단독주택,주택,0,72.96,149.32,19821228,2,1,서울특별시 도봉구 도봉동 623-39번지
11320,10800,0,0623,0041,노블랜드(B동),,표제부,공동주택,공동주택(다세대주택),286,167.86,553.82,20151026,5,0,서울특별시 도봉구 도봉동 623-41번지
11320,10800,0,0623,0044,,,일반건축물,단독주택,단독주택(다가구주택),141.9,81.27,163.86,19821211,2,1,서울특별시 도봉구 도봉동 623-44번지
11320,10800,0,0623,0046,청호 캐스빌,,표제부,공동주택,공동주택(다세대주택),232.7,137.12,462.88,20120111,5,0,서울특별시 도봉구 도봉동 623-46번지
11320,10800,0,0623,0048,,,표제부,공동주택,다세대주택,264,157.56,642.2,20011129,5,0,서울특별시 도봉구 도봉동 623-48번지
11320,10800,0,0623,0050,삼성하우징,,표제부,공동주택,다세대주택,325.5,195.03,630.48,20210427,5,0,서울특별시 도봉구 도봉동 623-50번지
11320,10800,0,0623,0051,,,표제부,공동주택,공동주택(다세대주택),180.8,79,243.6,19861031,2,1,서울특별시 도봉구 도봉동 623-51번지
11320,10800,0,0623,0052,,,일반건축물,단독주택,다중주택 및 제2종근린생활시설,177.1,104.34,390.92,20171122,4,1,서울특별시 도봉구 도봉동 623-52번지
11320,10800,0,0623,0053,,,일반건축물,단독주택,주택,0,75.84,155.08,19821112,2,1,서울특별시 도봉구 도봉동 623-53번지
11320,10800,0,0623,0055,,,일반건축물,단독주택,주택,0,67.11,137.62,19821126,2,1,서울특별시 도봉구 도봉동 623-55번지
11320,10800,0,0623,0056,행복주택,,일반건축물,단독주택,단독주택(다중주택),134.5,80.59,299.47,20170712,3,1,서울특별시 도봉구 도봉동 623-56번지
11320,10800,0,0623,0057,,,일반건축물,단독주택,주택,0,76.27,155.96,19830304,2,1,서울특별시 도봉구 도봉동 623-57번지
11320,10800,0,0623,0058,가온주택,,일반건축물,단독주택,다중주택,108.49,64.91,199.91,20100917,3,1,서울특별시 도봉구 도봉동 623-58번지
11320,10800,0,0623,0060,예경파크빌,,표제부,공동주택,공동주택(다세대주택),219.3,129.98,437.02,20121113,5,0,서울특별시 도봉구 도봉동 623-60번지
11320,10800,0,0623,0062,,,일반건축물,단독주택,"다가구주택,제1종근린생활시설(소매점)",136.6,81.14,246.46,20131104,4,0,서울특별시 도봉구 도봉동 623-62번지
11320,10800,0,0623,0064,,,일반건축물,단독주택,주택,0,70.92,149.04,19830319,2,1,서울특별시 도봉구 도봉동 623-64번지
11320,10800,0,0623,0065,,,일반건축물,단독주택,"단독주택,근린생활시설",151.6,89.76,177.6,20030107,2,0,서울특별시 도봉구 도봉동 623-65번지
11320,10800,0,0623,0066,,,표제부,제1종근린생활시설,"근린생활시설, 주택",174.7,87.32,453.66,19930705,4,1,서울특별시 도봉구 도봉동 623-66번지
11320,10800,0,0623,0067,,,일반건축물,단독주택,주택,0,77.49,154.98,19820612,1,1,서울특별시 도봉구 도봉동 623-67번지
11320,10800,0,0623,0068,,,일반건축물,단독주택,"다가구주택(3가구), 근린생활시설",129.6,76.03,335.45,20020726,5,0,서울특별시 도봉구 도봉동 623-68번지
11320,10800,0,0623,0070,성실주택,,일반건축물,단독주택,단독주택(다중주택),112.7,67.58,199.74,20101004,3,1,서울특별시 도봉구 도봉동 623-70번지
11320,10800,0,0623,0071,,,일반건축물,단독주택,"근린생활시설,단독주택",123.9,73.56,301.11,20021107,5,0,서울특별시 도봉구 도봉동 623-71번지
11320,10800,0,0623,0072,,,일반건축물,단독주택,"주택, 근린생활시설",0,74.38,152.16,19821126,2,1,서울특별시 도봉구 도봉동 623-72번지
11320,10800,0,0623,0073,,,일반건축물,단독주택,주택,0,75.5,154.42,19830309,2,1,서울특별시 도봉구 도봉동 623-73번지
11320,10800,0,0623,0074,,,일반건축물,단독주택,주택,0,70.35,144.1,19821129,2,1,서울특별시 도봉구 도봉동 623-74번지
11320,10800,0,0623,0075,,,일반건축물,단독주택,"주택, 근린생활시설",0,71.93,148.65,19821228,2,1,서울특별시 도봉구 도봉동 623-75번지
11320,10800,0,0623,0077,,,일반건축물,제1종근린생활시설,근린생활시설,248.9,123.76,599.76,19940719,4,1,서울특별시 도봉구 도봉동 623-77번지
11320,10800,0,0623,0078,대광아트빌,,표제부,공동주택,도시형생활주택(단지형다세대주택),273.3,135.78,656.69,20140304,6,0,서울특별시 도봉구 도봉동 623-78번지
11320,10800,0,0623,0080,,,일반건축물,제1종근린생활시설,"근린생활시설, 주택",310.7,149.2,746,19921031,4,1,서울특별시 도봉구 도봉동 623-80번지
11320,10800,0,0623,0083,,,일반건축물,제1종근린생활시설,근린생활시설,117.6,58.58,323.9,19910720,4,1,서울특별시 도봉구 도봉동 623-83번지
11320,10800,0,0623,0084,,,일반건축물,제1종근린생활시설,"근린생활시설, 주택",381.8,183.98,979.93,19910525,4,1,서울특별시 도봉구 도봉동 623-84번지
11320,10800,0,0623,0087,,,일반건축물,단독주택,"근린생활시설, 주택",254.7,117.4,542.03,19900910,4,1,서울특별시 도봉구 도봉동 623-87번지
11320,10800,0,0623,0089,,,일반건축물,단독주택,단독주택,135.2,66.39,199.17,19910919,2,1,서울특별시 도봉구 도봉동 623-89번지
11320,10800,0,0623,0090,,,일반건축물,단독주택,단독주택,128.3,67.53,199.35,19911025,2,1,서울특별시 도봉구 도봉동 623-90번지
11320,10800,0,0623,0091,,,일반건축물,단독주택,주택,0,46.08,46.08,19720818,1,0,서울특별시 도봉구 도봉동 623-91번지
11320,10800,0,0623,0092,,,일반건축물,단독주택,다가구용단독주택(4가구),90.8,52.93,136.93,19931227,2,1,서울특별시 도봉구 도봉동 623-92번지
11320,10800,0,0623,0094,,,일반건축물,단독주택,단독주택,134.5,66.96,221.48,20140324,3,1,서울특별시 도봉구 도봉동 623-94번지
11320,10800,0,0623,0095,,,일반건축물,단독주택,단독주택,134.9,79.68,245.16,19910815,2,1,서울특별시 도봉구 도봉동 623-95번지
11320,10800,0,0623,0096,,,일반건축물,단독주택,다가구용단독주택(5가구),145.9,82.79,235.02,19920811,2,1,서울특별시 도봉구 도봉동 623-96번지
11320,10800,0,0623,0097,,,일반건축물,단독주택,단독주택(다가구),136.3,90.96,264.21,20060926,3,1,서울특별시 도봉구 도봉동 623-97번지
11320,10800,0,0623,0098,,,일반건축물,단독주택,다가구용단독주택(5가구),133.65,69.11,198.96,19920914,2,1,서울특별시 도봉구 도봉동 623-98번지
11320,10800,0,0623,0100,,,일반건축물,단독주택,단독주택(다가구주택),165.99,99.03,287.49,20040703,3,0,서울특별시 도봉구 도봉동 623-100번지
11320,10800,0,0623,0101,,,일반건축물,단독주택,단독주택(다가구주택),172.8,102.6,307.8,20040622,3,0,서울특별시 도봉구 도봉동 623-101번지
11320,10800,0,0623,0102,,,일반건축물,단독주택,단독주택,169.9,82.38,247.14,19901220,2,1,서울특별시 도봉구 도봉동 623-102번지
11320,10800,0,0623,0103,,,일반건축물,제2종근린생활시설,"근린생활시설,주택",311.7,174.94,553.98,19810428,2,1,서울특별시 도봉구 도봉동 623-103번지
11320,10800,0,0623,0104,,,일반건축물,단독주택,단독주택,156.22,80.15,233.1,19910503,2,1,서울특별시 도봉구 도봉동 623-104번지
11320,10800,0,0623,0105,,,일반건축물,단독주택,단독주택,152,75.96,227.88,19901231,2,1,서울특별시 도봉구 도봉동 623-105번지
11320,10800,0,0623,0106,영은빌,,표제부,공동주택,도시형생활주택(원룸형),151.5,75.69,312.54,20120308,5,0,서울특별시 도봉구 도봉동 623-106번지
11320,10800,0,0623,0107,대봉주택,,표제부,공동주택,다세대주택,112.08,66.61,245.34,20011022,4,0,서울특별시 도봉구 도봉동 623-107번지
11320,10800,0,0623,0108,,,일반건축물,단독주택,단독주택,103.55,61.74,175.65,19911105,2,1,서울특별시 도봉구 도봉동 623-108번지
11320,10800,0,0623,0109,,,일반건축물,단독주택,단독주택,129.8,64.8,206.4,19890802,2,1,서울특별시 도봉구 도봉동 623-109번지
11320,10800,0,0623,0111,,,일반건축물,단독주택,다가구주택,108.1,68.62,217.76,19911211,3,1,서울특별시 도봉구 도봉동 623-111번지
11320,10800,0,0623,0112,,,일반건축물,단독주택,단독주택,91.9,52.95,144.38,19901220,2,1,서울특별시 도봉구 도봉동 623-112번지
11320,10800,0,0623,0113,,,일반건축물,단독주택,다가구용단독주택(3가구),112.5,56.16,168.48,19901231,2,1,서울특별시 도봉구 도봉동 623-113번지
11320,10800,0,0623,0114,,,일반건축물,단독주택,주택,0,65.79,73.89,19730721,1,1,서울특별시 도봉구 도봉동 623-114번지
11320,10800,0,0623,0115,,,일반건축물,단독주택,"다가구용단독주택, 근린생활시설",113,67.5,205.6,19960514,2,1,서울특별시 도봉구 도봉동 623-115번지
11320,10800,0,0623,0116,,,일반건축물,단독주택,다가구용단독주택(5가구),127,66.62,199.86,19921120,2,1,서울특별시 도봉구 도봉동 623-116번지
11320,10800,0,0623,0117,,,일반건축물,단독주택,다가구용단독주택(5가구),132,66.62,199.86,19921120,2,1,서울특별시 도봉구 도봉동 623-117번지
11320,10800,0,0623,0118,,,일반건축물,단독주택,주택,0,49.92,49.92,19720704,1,0,서울특별시 도봉구 도봉동 623-118번지
11320,10800,0,0623,0119,,,일반건축물,단독주택,다가구용단독주택(6가구),107.3,61.98,204.51,19921103,3,1,서울특별시 도봉구 도봉동 623-119번지
11320,10800,0,0623,0120,,,일반건축물,단독주택,단독주택,106.55,59.22,166.06,19901231,2,1,서울특별시 도봉구 도봉동 623-120번지
11320,10800,0,0623,0121,,,일반건축물,단독주택,다가구용단독주택(3가구),111.05,66.12,179.95,19951201,2,1,서울특별시 도봉구 도봉동 623-121번지
11320,10800,0,0623,0123,,,일반건축물,제2종근린생활시설,근린생활시설,236.8,117.74,641.41,19920122,5,1,서울특별시 도봉구 도봉동 623-123번지
11320,10800,0,0623,0125,,,일반건축물,단독주택,다가구용단독주택(5가구),96.7,57.91,159.34,19921017,2,1,서울특별시 도봉구 도봉동 623-125번지
11320,10800,0,0623,0126,,,일반건축물,단독주택,다가구용단독주택(5가구),115.85,68.64,199.56,19931029,2,1,서울특별시 도봉구 도봉동 623-126번지
11320,10800,0,0623,0127,,,일반건축물,단독주택,단독주택,117.8,66.84,199.49,19911122,2,1,서울특별시 도봉구 도봉동 623-127번지
11320,10800,0,0623,0128,,,일반건축물,단독주택,단독주택,135.9,71.17,199.84,19911005,2,1,서울특별시 도봉구 도봉동 623-128번지
11320,10800,0,0623,0129,,,일반건축물,단독주택,다가구단독주택,144.7,76.46,218.4,20010831,3,0,서울특별시 도봉구 도봉동 623-129번지
11320,10800,0,0623,0130,,,일반건축물,단독주택,주택,0,93.39,188.64,19831220,2,1,서울특별시 도봉구 도봉동 623-130번지
11320,10800,0,0623,0131,신성빌딩,,일반건축물,제1종근린생활시설,"제1종근린생활시설,제2종근린생활시설,노유자시설",554.9,330.56,1652.8,20040819,5,0,서울특별시 도봉구 도봉동 623-131번지
11320,10800,0,0623,0134,수피아,,일반건축물,단독주택,제2종근린생활시설및단독주택(다가구주택),122.35,60.06,197.24,20181001,4,0,서울특별시 도봉구 도봉동 623-134번지
11320,10800,0,0623,0135,,,일반건축물,단독주택,다가구용단독주택(5가구),112.77,67.23,184.26,19921125,2,1,서울특별시 도봉구 도봉동 623-135번지
11320,10800,0,0623,0136,,,일반건축물,단독주택,다가구용단독주택,113.12,67.34,189.28,19971114,2,1,서울특별시 도봉구 도봉동 623-136번지
11320,10800,0,0623,0137,,,일반건축물,단독주택,다가구용단독주택(5가구),116.4,69.82,198.99,19931209,2,1,서울특별시 도봉구 도봉동 623-137번지
11320,10800,0,0623,0138,,,일반건축물,단독주택,다가구용단독주택(5가구),124.6,70,195.76,19920924,2,1,서울특별시 도봉구 도봉동 623-138번지
11320,10800,0,0623,0139,,,일반건축물,단독주택,다가구용단독주택(3가구),78,52.79,148.92,19921202,2,1,서울특별시 도봉구 도봉동 623-139번지
11320,10800,0,0623,0140,,,일반건축물,단독주택,다가구용단독주택(5가구),95.8,57.1,164.79,19921019,2,1,서울특별시 도봉구 도봉동 623-140번지
11320,10800,0,0623,0141,,,일반건축물,단독주택,다가구용단독주택(5),113.3,67.44,199.08,19930128,2,1,서울특별시 도봉구 도봉동 623-141번지
11320,10800,0,0623,0142,,,일반건축물,단독주택,다가구주택(5가구),109.9,65.6,179.4,19950107,2,1,서울특별시 도봉구 도봉동 623-142번지
11320,10800,0,0623,0143,,,일반건축물,단독주택,다가구용단독주택(3가구),109.1,65.44,185.7,19920724,2,1,서울특별시 도봉구 도봉동 623-143번지
11320,10800,0,0623,0144,,,일반건축물,제1종근린생활시설,"근린생활시설, 주택(1)",110.92,66.4,269.36,19970711,3,1,서울특별시 도봉구 도봉동 623-144번지
11320,10800,0,0623,0145,,,일반건축물,단독주택,단독주택,124,61.56,158.82,20181207,3,0,서울특별시 도봉구 도봉동 623-145번지
11320,10800,0,0623,0146,,,일반건축물,제1종근린생활시설,"근린생활시설, 단독주택",125.35,74.87,385.9,19940824,4,1,서울특별시 도봉구 도봉동 623-146번지
11320,10800,0,0623,0147,,,일반건축물,제1종근린생활시설,"근린생활시설, 단독주택",117.85,68.68,399.42,19891228,5,1,서울특별시 도봉구 도봉동 623-147번지
11320,10800,0,0623,0148,,,일반건축물,제1종근린생활시설,"근린생활시설, 주택(1가구)",182.6,93.11,414.5,19870618,4,1,서울특별시 도봉구 도봉동 623-148번지
11320,10800,0,0623,0150,,,일반건축물,단독주택,다가구용단독주택(4),105,62.86,148.32,19940713,2,1,서울특별시 도봉구 도봉동 623-150번지
11320,10800,0,0623,0151,,,일반건축물,단독주택,주택,0,65.26,72.43,19730710,1,1,서울특별시 도봉구 도봉동 623-151번지
11320,10800,0,0623,0152,,,일반건축물,단독주택,주택,0,65.26,72.43,19730710,1,1,서울특별시 도봉구 도봉동 623-152번지
11320,10800,0,0623,0153,,,일반건축물,단독주택,다가구용단독주택(4가구),104.55,62.68,174.09,19940603,2,1,서울특별시 도봉구 도봉동 623-153번지
11320,10800,0,0623,0154,,,일반건축물,제2종근린생활시설,근린생활시설,122.75,60.8,304,19930519,4,1,서울특별시 도봉구 도봉동 623-154번지
11320,10800,0,0623,0155,,,일반건축물,단독주택,"근린생활시설, 주택",126.2,62.55,299.7,19930206,4,1,서울특별시 도봉구 도봉동 623-155번지
11320,10800,0,0623,0156,,,일반건축물,단독주택,다가구용단독주택(5가구),115.6,68.54,191.46,19931128,2,1,서울특별시 도봉구 도봉동 623-156번지
11320,10800,0,0623,0157,,,일반건축물,단독주택,주택,0,68.43,80,19770924,1,1,서울특별시 도봉구 도봉동 623-157번지
11320,10800,0,0623,0158,,,일반건축물,단독주택,다가구용단독주택(5가구),184.8,110.57,261.11,19771005,3,1,서울특별시 도봉구 도봉동 623-158번지
11320,10800,0,0623,0160,,,일반건축물,단독주택,다가구용단독주택(7),177.36,99.06,281.68,19950731,3,1,서울특별시 도봉구 도봉동 623-160번지
11320,10800,0,0623,0161,,,일반건축물,단독주택,다가구주택(6가구),117.3,70.24,210.86,19940629,3,1,서울특별시 도봉구 도봉동 623-161번지
11320,10800,0,0623,0162,,,일반건축물,단독주택,다가구용단독주택(5가구),123.6,74.15,195.75,19940122,2,1,서울특별시 도봉구 도봉동 623-162번지
11320,10800,0,0623,0163,,,일반건축물,제1종근린생활시설,"근린생활시설, 단독주택",141.6,70.55,293.66,19860609,3,1,서울특별시 도봉구 도봉동 623-163번지
11320,10800,0,0623,0164,,,일반건축물,제1종근린생활시설,근린생활시설,127.1,73.2,298.34,19950805,4,1,서울특별시 도봉구 도봉동 623-164번지
11320,10800,0,0623,0165,,,일반건축물,단독주택,다가구용단독주택(5가구),115.3,68.97,199.17,19921001,2,1,서울특별시 도봉구 도봉동 623-165번지
11320,10800,0,0623,0166,,,일반건축물,단독주택,단독주택,117.35,65.52,196.56,19910104,2,1,서울특별시 도봉구 도봉동 623-166번지
11320,10800,0,0623,0167,,,일반건축물,단독주택,단독주택,117.95,58.8,174.6,19901123,2,1,서울특별시 도봉구 도봉동 623-167번지
11320,10800,0,0623,0168,,,일반건축물,단독주택,다가구용단독주택(6가구),118.12,70.75,283,19960212,3,1,서울특별시 도봉구 도봉동 623-168번지
11320,10800,0,0623,0169,,,일반건축물,단독주택,단독주택,121.9,72.27,199.32,19911008,2,1,서울특별시 도봉구 도봉동 623-169번지
11320,10800,0,0623,0177,,,일반건축물,단독주택,주택,0,65.4,209.1,19890927,2,1,서울특별시 도봉구 도봉동 623-177번지
11320,10800,0,0623,0178,,,일반건축물,단독주택,주택,0,65.4,209.1,19890925,2,1,서울특별시 도봉구 도봉동 623-178번지
11320,10800,0,0623,0188,노블랜드(A동),,표제부,공동주택,공동주택(다세대주택),241.3,142.88,482.16,20151026,5,0,서울특별시 도봉구 도봉동 623-188번지
11320,10800,0,0624,0000,,,표제부,공장,"공장, 근린생활시설, 주택",750,380.82,2169.86,19870430,5,1,서울특별시 도봉구 도봉동 624번지
11320,10800,0,0624,0001,,,표제부,공동주택,연립주택,0,0,1558.64,19850327,3,1,서울특별시 도봉구 도봉동 624-1번지
11320,10800,0,0624,0014,,,일반건축물,제1종근린생활시설,"근린생활시설, 주택",128.45,76.56,298.62,19860911,3,1,서울특별시 도봉구 도봉동 624-14번지
11320,10800,0,0624,0015,,,일반건축물,제2종근린생활시설,"근린생활시설, 사무실",223.1,123.02,498.43,19830801,3,1,서울특별시 도봉구 도봉동 624-15번지
11320,10800,0,0624,0016,A동,,일반건축물,제1종근린생활시설,근린생활시설,0,78.78,131.64,19740926,2,1,서울특별시 도봉구 도봉동 624-16번지
11320,10800,0,0624,0016,B동,,일반건축물,단독주택,단독주택,0,28.99,28.99,19740926,1,0,서울특별시 도봉구 도봉동 624-16번지
11320,10800,0,0624,0017,,,일반건축물,제2종근린생활시설,제2종근린생활시설,201.3,118.74,83.74,19730917,2,1,서울특별시 도봉구 도봉동 624-17번지
11320,10800,0,0624,0018,,,일반건축물,단독주택,단독주택,125.4,72.79,137.26,19730821,2,1,서울특별시 도봉구 도봉동 624-18번지
11320,10800,0,0624,0019,,,일반건축물,단독주택,단독주택(다가구주택),117.1,65.14,259.54,20100909,3,1,서울특별시 도봉구 도봉동 624-19번지
11320,10800,0,0624,0021,,,일반건축물,단독주택,주택,0,62.94,70.74,19731017,1,1,서울특별시 도봉구 도봉동 624-21번지
11320,10800,0,0624,0022,,,일반건축물,단독주택,단독주택,113.4,65.93,197.79,19911213,2,1,서울특별시 도봉구 도봉동 624-22번지
11320,10800,0,0624,0025,,,일반건축물,제2종근린생활시설,점포,0,162.35,162.35,19730629,2,0,서울특별시 도봉구 도봉동 624-25번지
11320,10800,0,0624,0026,희망플랫폼,,일반건축물,제1종근린생활시설,근린생활시설(주민공동이용시설),291.7,152.58,743.89,20231130,5,1,서울특별시 도봉구 도봉동 624-26번지
11320,10800,0,0624,0027,,,일반건축물,제1종근린생활시설,"제1,2종근린생활시설",413.4,198,731,20240423,5,0,서울특별시 도봉구 도봉동 624-27번지
11320,10800,0,0624,0030,,,일반건축물,종교시설,종교시설,2410.32,933.23,2690.47,19701031,3,2,서울특별시 도봉구 도봉동 624-30번지
11320,10800,0,0624,0031,경희아트빌,,표제부,공동주택,공동주택(다세대주택),291.8,174.33,582.1,20161010,5,0,서울특별시 도봉구 도봉동 624-31번지
11320,10800,0,0624,0032,한국빌라,,표제부,공동주택,공동주택,284.5,170.58,604.85,20030609,4,0,서울특별시 도봉구 도봉동 624-32번지
11320,10800,0,0624,0033,,,표제부,공동주택,"공동주택, 제2종근린생활시설",280.4,151.92,745.34,20001208,5,1,서울특별시 도봉구 도봉동 624-33번지
11320,10800,0,0624,0034,,,일반건축물,단독주택,"근린생활시설, 주택",115.4,66.4,299.5,19950210,4,1,서울특별시 도봉구 도봉동 624-34번지
11320,10800,0,0624,0035,,,일반건축물,단독주택,"근린생활시설, 주택",104.2,62.41,296.69,19960821,4,1,서울특별시 도봉구 도봉동 624-35번지
11320,10800,0,0624,0037,,,일반건축물,제1종근린생활시설,"근린생활시설,주택",184.2,100.34,502.06,19910130,4,1,서울특별시 도봉구 도봉동 624-37번지
11320,10800,0,0624,0038,,,일반건축물,단독주택,단독주택,161.8,86.1,247.14,19910614,2,1,서울특별시 도봉구 도봉동 624-38번지
11320,10800,0,0624,0039,,,일반건축물,단독주택,단독주택,160.6,87.32,243.71,19901123,2,1,서울특별시 도봉구 도봉동 624-39번지
11320,10800,0,0624,0040,,,일반건축물,단독주택,다가구용단독주택(7가구),159.7,88.82,248.5,19931124,2,1,서울특별시 도봉구 도봉동 624-40번지
11320,10800,0,0624,0041,,,일반건축물,단독주택,다가구주택(5가구),109.5,65.4,196.2,19940514,2,1,서울특별시 도봉구 도봉동 624-41번지
11320,10800,0,0624,0042,1,,일반건축물,단독주택,"주택(2가구), 근린생활시설",134.2,73.21,220.56,19940603,3,1,서울특별시 도봉구 도봉동 624-42번지
11320,10800,0,0624,0043,,,표제부,공동주택,공동주택(다세대주택),214.4,103.47,300.17,19861219,2,1,서울특별시 도봉구 도봉동 624-43번지
11320,10800,0,0624,0044,,,일반건축물,단독주택,다가구용단독주택(4가구),98.4,58.51,149.64,19921017,2,1,서울특별시 도봉구 도봉동 624-44번지
11320,10800,0,0624,0045,,,일반건축물,단독주택,다가구용단독주택(4가구),98.5,59.07,166.17,19940105,2,1,서울특별시 도봉구 도봉동 624-45번지
11320,10800,0,0624,0046,블레스빌,,표제부,공동주택,공동주택,342.25,171.03,851.73,20191008,6,1,서울특별시 도봉구 도봉동 624-46번지
11320,10800,0,0624,0049,,,일반건축물,단독주택,주택,0,63.57,63.57,19730806,1,0,서울특별시 도봉구 도봉동 624-49번지
11320,10800,0,0624,0050,,,일반건축물,단독주택,단독주택,113,67.13,195.94,19911224,2,1,서울특별시 도봉구 도봉동 624-50번지
11320,10800,0,0624,0051,,,일반건축물,단독주택,다가구주택(5가구),118.7,66.49,199.47,19931101,2,1,서울특별시 도봉구 도봉동 624-51번지
11320,10800,0,0624,0052,,,일반건축물,단독주택,단독주택,120.3,72.14,199.59,19910723,2,1,서울특별시 도봉구 도봉동 624-52번지
11320,10800,0,0624,0053,,,일반건축물,제2종근린생활시설,근린생활시설,249.6,130.2,772.1,19970912,5,1,서울특별시 도봉구 도봉동 624-53번지
11320,10800,0,0624,0054,,,일반건축물,단독주택,"단독주택, 제2종근린생활시설",192.2,100.03,213.19,19740527,2,1,서울특별시 도봉구 도봉동 624-54번지
11320,10800,0,0624,0055,,,일반건축물,단독주택,다가구용단독주택(4가구),121.3,72.75,199.83,19940115,2,1,서울특별시 도봉구 도봉동 624-55번지
11320,10800,0,0624,0056,세인트캐슬,,표제부,공동주택,공동주택,345.7,172.47,781.74,20190508,6,0,서울특별시 도봉구 도봉동 624-56번지
11320,10800,0,0624,0059,,,일반건축물,단독주택,다가구용단독주택(5),115.6,68.93,189.09,19940413,2,1,서울특별시 도봉구 도봉동 624-59번지
11320,10800,0,0624,0060,,,일반건축물,단독주택,다가구용단독주택(5가구),117.2,69.76,192.9,19931228,2,1,서울특별시 도봉구 도봉동 624-60번지
11320,10800,0,0624,0061,,,일반건축물,단독주택,다가구용단독주택(5가구),109.5,65.73,199.89,19920711,2,1,서울특별시 도봉구 도봉동 624-61번지
11320,10800,0,0624,0063,,,일반건축물,단독주택,단독주택,112.8,56.23,168.69,19900816,2,1,서울특별시 도봉구 도봉동 624-63번지
11320,10800,0,0624,0064,,,일반건축물,단독주택,단독주택,115.2,56.87,170.61,19900822,2,1,서울특별시 도봉구 도봉동 624-64번지
11320,10800,0,0624,0065,,,일반건축물,단독주택,단독주택,111.1,66.64,185.7,19920603,2,1,서울특별시 도봉구 도봉동 624-65번지
11320,10800,0,0624,0066,,,일반건축물,단독주택,다가구용단독주택(5가구),116.1,68.91,184.71,19920908,2,1,서울특별시 도봉구 도봉동 624-66번지
11320,10800,0,0624,0067,,,일반건축물,단독주택,단독주택,112.9,66.3,198.18,19920326,2,1,서울특별시 도봉구 도봉동 624-67번지
11320,10800,0,0624,0068,,,일반건축물,단독주택,단독주택,112.7,66.87,186.57,19920411,2,1,서울특별시 도봉구 도봉동 624-68번지
11320,10800,0,0624,0069,,,일반건축물,단독주택,단독주택,115.5,69.2,194.64,19911213,2,1,서울특별시 도봉구 도봉동 624-69번지
11320,10800,0,0624,0070,삼성스타빌 B동,,표제부,공동주택,"공동주택(도시형생활주택-단지형다세대15세대),제1종근린생활시설(소매점)",314,156,627.7,20161223,6,0,서울특별시 도봉구 도봉동 624-70번지
11320,10800,0,0624,0072,삼성스타빌 A동,,표제부,공동주택,"공동주택[도시형생활주택-단지형다세대],제1종근린생활시설",291.1,145.37,624.05,20161125,6,0,서울특별시 도봉구 도봉동 624-72번지
11320,10800,0,0624,0074,,,일반건축물,단독주택,주택,0,59.21,66.19,19721229,1,1,서울특별시 도봉구 도봉동 624-74번지
11320,10800,0,0624,0075,,,일반건축물,단독주택,다가구용단독주택(5가구),133.2,70.63,203.31,19901231,2,1,서울특별시 도봉구 도봉동 624-75번지
11320,10800,0,0624,0076,,,일반건축물,단독주택,단독주택,120.4,59.85,183.96,19910220,2,1,서울특별시 도봉구 도봉동 624-76번지
11320,10800,0,0624,0079,,,일반건축물,단독주택,단독주택,106,63.36,171.36,19901113,2,1,서울특별시 도봉구 도봉동 624-79번지
11320,10800,0,0624,0080,,,일반건축물,제2종근린생활시설,제2종근린생활시설(사무소),101.9,61.02,163.62,19901114,2,1,서울특별시 도봉구 도봉동 624-80번지
11320,10800,0,0624,0081,,,일반건축물,제1종근린생활시설,"근린생활시설, 주택",250.4,150.22,839.45,19961114,5,1,서울특별시 도봉구 도봉동 624-81번지
11320,10800,0,0624,0083,진양빌딩,,일반건축물,제2종근린생활시설,근린생활시설,523,304.41,1970.89,20030516,6,1,서울특별시 도봉구 도봉동 624-83번지
11320,10800,0,0624,0084,,,일반건축물,제1종근린생활시설,"제1종근린생활시설,제2종근린생활시설",352.2,170.23,561.25,19791026,3,1,서울특별시 도봉구 도봉동 624-84번지
11320,10800,0,0624,0085,동도빌딩,,일반건축물,제2종근린생활시설,근린생활시설,550.3,211.46,1360.37,19961221,6,1,서울특별시 도봉구 도봉동 624-85번지
11320,10800,0,0624,0087,,,일반건축물,제1종근린생활시설,"근린생활시설, 주택",0,83.5,280,19841016,2,1,서울특별시 도봉구 도봉동 624-87번지
11320,10800,0,0624,0088,,,표제부,공동주택,공동주택(다세대주택),144.9,72.27,212.07,19860820,2,1,서울특별시 도봉구 도봉동 624-88번지
11320,10800,0,0624,0090,,,일반건축물,단독주택,다가구주택(5가구),159,94.45,268.8,19940215,2,1,서울특별시 도봉구 도봉동 624-90번지
11320,10800,0,0624,0091,,,일반건축물,단독주택,다가구주택(5가구),138,82.55,206.42,19931230,2,1,서울특별시 도봉구 도봉동 624-91번지
11320,10800,0,0624,0092,,,일반건축물,단독주택,단독주택,137.8,77.46,236.98,19910624,2,1,서울특별시 도봉구 도봉동 624-92번지
11320,10800,0,0624,0093,,,일반건축물,제2종근린생활시설,"근린생활시설, 주택",0,76.4,255.9,19850611,2,1,서울특별시 도봉구 도봉동 624-93번지
11320,10800,0,0624,0094,,,일반건축물,제2종근린생활시설,"근린생활시설, 주택(1가구)",113.5,67.83,299.68,19960920,4,1,서울특별시 도봉구 도봉동 624-94번지
11320,10800,0,0624,0095,,,일반건축물,단독주택,단독주택,96.5,57.84,219.75,19980504,4,0,서울특별시 도봉구 도봉동 624-95번지
11320,10800,0,0624,0096,,,일반건축물,단독주택,다가구용단독주택(4),90.02,53.6,179.3,19950809,3,1,서울특별시 도봉구 도봉동 624-96번지
11320,10800,0,0624,0097,,,일반건축물,단독주택,다가구주택(6가구),91.2,53.87,196.98,19950123,3,1,서울특별시 도봉구 도봉동 624-97번지
11320,10800,0,0624,0098,,,일반건축물,단독주택,단독주택,110.8,55,165,19900920,2,1,서울특별시 도봉구 도봉동 624-98번지
11320,10800,0,0624,0100,,,일반건축물,단독주택,단독주택(다가구주택),114.3,56.7,205.44,19900630,3,1,서울특별시 도봉구 도봉동 624-100번지
11320,10800,0,0624,0101,,,일반건축물,단독주택,단독주택,91.75,45.54,144.77,19900811,2,1,서울특별시 도봉구 도봉동 624-101번지
11320,10800,0,0624,0102,,,일반건축물,단독주택,단독주택,104.9,45.12,159.48,19900609,3,1,서울특별시 도봉구 도봉동 624-102번지
11320,10800,0,0624,0104,,,일반건축물,제1종근린생활시설,"근린생활시설,주택,노유자시설",204.2,101.66,494.07,19900807,4,1,서울특별시 도봉구 도봉동 624-104번지
11320,10800,0,0624,0108,,,일반건축물,제1종근린생활시설,"근린생활시설, 주택",144.72,72,377.72,19901114,4,1,서울특별시 도봉구 도봉동 624-108번지
11320,10800,0,0624,0109,동훈빌라,,표제부,공동주택,다세대주택,207.77,124.44,446.88,20011224,4,0,서울특별시 도봉구 도봉동 624-109번지
11320,10800,0,0624,0111,,,일반건축물,단독주택,"다가구용단독주택(2가구), 근린생활시설",110.65,66.24,179.82,19971202,2,1,서울특별시 도봉구 도봉동 624-111번지
11320,10800,0,0624,0112,도봉2동어린이집,,일반건축물,노유자시설,"노인,아동복지시설",256.3,126.9,441.415,19940602,2,1,서울특별시 도봉구 도봉동 624-112번지
11320,10800,0,0624,0117,도봉하우징,,표제부,공동주택,도시형생활주택(단지형다세대주택),888.1,174.96,586.89,20211020,5,0,서울특별시 도봉구 도봉동 624-117번지
11320,10800,0,0624,0117,도봉하우징,,표제부,공동주택,도시형생활주택(단지형다세대주택),888.1,174.96,601.29,20211020,5,0,서울특별시 도봉구 도봉동 624-117번지
11320,10800,0,0624,0117,도봉하우징,,표제부,공동주택,도시형생활주택(단지형다세대주택),888.1,174.96,586.89,20211020,5,0,서울특별시 도봉구 도봉동 624-117번지
11320,10800,0,0624,0119,,,일반건축물,제2종근린생활시설,"근린생활시설, 주택",166,81.84,478.53,19890228,5,1,서울특별시 도봉구 도봉동 624-119번지
11320,10800,0,0624,0120,,,표제부,공동주택,공동주택,184,85.2,248.16,19870723,2,1,서울특별시 도봉구 도봉동 624-120번지
11320,10800,0,0624,0121,,,표제부,공동주택,공동주택(다세대주택),187.7,83.4,245.7,19870724,2,1,서울특별시 도봉구 도봉동 624-121번지
11320,10800,0,0624,0122,,,표제부,공동주택,공동주택(다세대주택),165.4,82.14,246.42,19870724,2,1,서울특별시 도봉구 도봉동 624-122번지
11320,10800,0,0624,0124,,,일반건축물,단독주택,단독주택,103.9,52.75,98.7,20230111,2,0,서울특별시 도봉구 도봉동 624-124번지
11320,10800,0,0624,0130,,,표제부,공동주택,다세대주택,165.45,92.79,299.52,19940412,3,1,서울특별시 도봉구 도봉동 624-130번지
11320,10800,0,0625,0000,,,일반건축물,제1종근린생활시설,근린생활시설,0,31.47,31.47,19710730,1,0,서울특별시 도봉구 도봉동 625번지
11320,10800,0,0625,0001,,,일반건축물,제1종근린생활시설,"근린생활시설, 주택",107.3,53.46,170.28,19870622,2,1,서울특별시 도봉구 도봉동 625-1번지
11320,10800,0,0625,0002,,,일반건축물,제1종근린생활시설,근린생활시설,119.7,58.22,247.08,19910810,3,1,서울특별시 도봉구 도봉동 625-2번지
11320,10800,0,0625,0003,,,일반건축물,단독주택,"근린생활시설, 주택",176.3,87.82,348.91,19890608,3,1,서울특별시 도봉구 도봉동 625-3번지
11320,10800,0,0625,0005,,,일반건축물,단독주택,"주택, 점포",0,70.45,109.52,19711226,2,0,서울특별시 도봉구 도봉동 625-5번지
11320,10800,0,0625,0006,,,일반건축물,단독주택,주택,0,28.53,28.53,19720120,1,0,서울특별시 도봉구 도봉동 625-6번지
11320,10800,0,0625,0007,,,일반건축물,단독주택,주택,210.1,117.88,117.88,19980924,1,0,서울특별시 도봉구 도봉동 625-7번지
11320,10800,0,0625,0008,도봉동 625-8 제1종근린생활시설 (허권욱),,일반건축물,제1종근린생활시설,"근린생활시설, 단독주택",145,77.75,77.75,19750404,1,0,서울특별시 도봉구 도봉동 625-8번지
11320,10800,0,0625,0010,대동드림빌,,표제부,공동주택,공동주택(다세대주택),212.8,115.87,399.11,20221213,5,0,서울특별시 도봉구 도봉동 625-10번지
11320,10800,0,0625,0011,,,일반건축물,제2종근린생활시설,제2종근린생활시설(일반음식점),118.2,70.8,70.8,19851121,1,0,서울특별시 도봉구 도봉동 625-11번지
11320,10800,0,0625,0012,,,표제부,공동주택,다세대주택(11세대),234.1,138.16,636.88,19950907,4,1,서울특별시 도봉구 도봉동 625-12번지
11320,10800,0,0625,0013,,,일반건축물,단독주택,"주택,근린생활시설",200,99.72,228.6,19830806,2,1,서울특별시 도봉구 도봉동 625-13번지
11320,10800,0,0625,0014,A,,일반건축물,단독주택,"단독주택(다가구주택),근린생활시설",206.3,102.18,362.34,20040618,4,0,서울특별시 도봉구 도봉동 625-14번지
11320,10800,0,0625,0015,,,일반건축물,제2종근린생활시설,제2종근린생활시설(일반음식점),203.3,108.79,153.45,19750426,1,1,서울특별시 도봉구 도봉동 625-15번지
11320,10800,0,0625,0016,,,일반건축물,단독주택,단독주택(근생및다가구주택),163.6,85.68,320.38,20031217,4,0,서울특별시 도봉구 도봉동 625-16번지
11320,10800,0,0625,0017,,,일반건축물,제1종근린생활시설,근린공공시설,343.8,170.98,273.1,19890902,2,1,서울특별시 도봉구 도봉동 625-17번지
11320,10800,0,0625,0018,,,일반건축물,제2종근린생활시설,일반음심점,217.8,137.98,137.98,19751119,1,0,서울특별시 도봉구 도봉동 625-18번지
11320,10800,0,0625,0019,,,일반건축물,단독주택,주택,0,85.32,117.22,19751119,1,1,서울특별시 도봉구 도봉동 625-19번지
11320,10800,0,0625,0020,,,일반건축물,제2종근린생활시설,"주택, 근린생활시설",0,202.98,342.76,19731119,2,1,서울특별시 도봉구 도봉동 625-20번지
11320,10800,0,0625,0021,,,일반건축물,제2종근린생활시설,근린생활시설,553.76,252.35,2231.58,19910128,7,2,서울특별시 도봉구 도봉동 625-21번지
11320,10800,0,0625,0029,,,일반건축물,단독주택,다가구주택/제1종근린생활시설(소매점),141.4,44.825,134.295,20180822,3,0,서울특별시 도봉구 도봉동 625-29번지
11320,10800,0,0625,0030,,,일반건축물,단독주택,주택,0,93.69,138.02,19790531,1,1,서울특별시 도봉구 도봉동 625-30번지
11320,10800,0,0625,0031,,,표제부,공동주택,"공동주택,다세대주택(3세대)",94,54.15,186.71,20010905,4,0,서울특별시 도봉구 도봉동 625-31번지
11320,10800,0,0625,0032,,,일반건축물,단독주택,다가구용단독주택(4가구),106.3,63.34,169.44,19930924,2,1,서울특별시 도봉구 도봉동 625-32번지
11320,10800,0,0625,0033,라온누리,,표제부,공동주택,도시형생활주택(단지형다세대) 및 제2종근린생활시설(사무소),351.2,175.05,776.82,20170727,6,0,서울특별시 도봉구 도봉동 625-33번지
11320,10800,0,0625,0035,,,표제부,공동주택,"공동주택(다세대주택), 교육연구시설",270.8,135.3,536.74,20190111,5,0,서울특별시 도봉구 도봉동 625-35번지
11320,10800,0,0625,0038,,,일반건축물,단독주택,주택,0,56.16,168.48,19830704,2,1,서울특별시 도봉구 도봉동 625-38번지
11320,10800,0,0625,0039,,,일반건축물,단독주택,주택,0,69.29,85.39,19770604,1,1,서울특별시 도봉구 도봉동 625-39번지
11320,10800,0,0625,0040,,,일반건축물,단독주택,주택,0,57.39,69.06,19770325,1,1,서울특별시 도봉구 도봉동 625-40번지
11320,10800,0,0625,0041,,,일반건축물,단독주택,다가구주택(5가구),130.42,77.89,215.31,19940826,2,1,서울특별시 도봉구 도봉동 625-41번지
11320,10800,0,0625,0042,,,일반건축물,단독주택,주택,0,65.32,80.59,19750214,1,1,서울특별시 도봉구 도봉동 625-42번지
11320,10800,0,0625,0043,,,일반건축물,단독주택,단독주택,99.8,49.78,149.34,20040302,3,0,서울특별시 도봉구 도봉동 625-43번지
11320,10800,0,0625,0044,,,일반건축물,단독주택,다가구용단독주택(4가구),99.22,58.98,176.64,19930210,2,1,서울특별시 도봉구 도봉동 625-44번지
11320,10800,0,0625,0045,,,일반건축물,단독주택,주택,0,70.88,81.66,19741031,1,1,서울특별시 도봉구 도봉동 625-45번지
11320,10800,0,0625,0046,,,일반건축물,단독주택,주택,0,59.01,66.25,19740514,1,1,서울특별시 도봉구 도봉동 625-46번지
11320,10800,0,0625,0048,,,일반건축물,단독주택,단독주택,0,60.13,116.25,19731211,2,1,서울특별시 도봉구 도봉동 625-48번지
11320,10800,0,0625,0049,도봉2동 주민공동이용시설 우리동네 키움센터 8호점,,일반건축물,제1종근린생활시설,제1종근린생활시설(마을회관),234.5,116.04,398.26,20250916,4,0,서울특별시 도봉구 도봉동 625-49번지
11320,10800,0,0625,0052,,,일반건축물,단독주택,주택,0,62.35,117.4,19731211,2,1,서울특별시 도봉구 도봉동 625-52번지
11320,10800,0,0625,0053,,,일반건축물,단독주택,다가구용단독주택(5),117.1,70.07,178.2,19950925,2,1,서울특별시 도봉구 도봉동 625-53번지
11320,10800,0,0625,0054,,,일반건축물,단독주택,단독주택,136.7,66.54,212.57,19890823,2,1,서울특별시 도봉구 도봉동 625-54번지
11320,10800,0,0625,0055,,,일반건축물,단독주택,주택,0,65.88,135.54,19830722,2,1,서울특별시 도봉구 도봉동 625-55번지
11320,10800,0,0625,0057,,,일반건축물,단독주택,주택,0,72.54,178.47,19830625,2,1,서울특별시 도봉구 도봉동 625-57번지
11320,10800,0,0625,0058,,,일반건축물,단독주택,주택,0,68.42,140.35,19830622,2,1,서울특별시 도봉구 도봉동 625-58번지
11320,10800,0,0625,0061,,,일반건축물,단독주택,주택,0,37.79,45.19,19721225,1,1,서울특별시 도봉구 도봉동 625-61번지
11320,10800,0,0625,0063,,,일반건축물,단독주택,주택,0,29.49,29.49,19710918,1,0,서울특별시 도봉구 도봉동 625-63번지
11320,10800,0,0625,0063,,,일반건축물,단독주택,주택,0,37.22,37.22,19740527,1,0,서울특별시 도봉구 도봉동 625-63번지
11320,10800,0,0625,0065,,,일반건축물,단독주택,주택,0,33.06,33.06,19680612,1,0,서울특별시 도봉구 도봉동 625-65번지
11320,10800,0,0625,0065,,,일반건축물,단독주택,주택,0,27.27,27.27,19680612,1,0,서울특별시 도봉구 도봉동 625-65번지
11320,10800,0,0625,0066,,,일반건축물,단독주택,주택,0,32.23,32.23,19680928,1,0,서울특별시 도봉구 도봉동 625-66번지
11320,10800,0,0625,0066,,,일반건축물,단독주택,주택,0,40.33,40.33,19680308,1,0,서울특별시 도봉구 도봉동 625-66번지
11320,10800,0,0625,0067,,,일반건축물,단독주택,주택,0,32.68,32.68,19850802,1,0,서울특별시 도봉구 도봉동 625-67번지
11320,10800,0,0625,0068,,,일반건축물,단독주택,주택,0,59.11,59.11,19710905,1,0,서울특별시 도봉구 도봉동 625-68번지
11320,10800,0,0625,0069,,,일반건축물,단독주택,다가구용단독주택(7가구),211.4,121.26,273.72,19930726,2,1,서울특별시 도봉구 도봉동 625-69번지
11320,10800,0,0625,0071,,,일반건축물,단독주택,주택,0,37.28,37.28,19850723,1,0,서울특별시 도봉구 도봉동 625-71번지
11320,10800,0,0625,0072,,,일반건축물,단독주택,주택,0,34.71,34.71,19690315,1,0,서울특별시 도봉구 도봉동 625-72번지
11320,10800,0,0625,0072,,,일반건축물,단독주택,주택,0,28.66,28.66,19701230,1,0,서울특별시 도봉구 도봉동 625-72번지
11320,10800,0,0625,0074,,,일반건축물,단독주택,단독주택,0,33.06,33.06,,1,0,서울특별시 도봉구 도봉동 625-74번지
11320,10800,0,0625,0074,,,일반건축물,단독주택,주택,0,21.98,21.98,19711226,1,0,서울특별시 도봉구 도봉동 625-74번지
11320,10800,0,0625,0075,,,일반건축물,단독주택,주택,0,62.17,62.17,19850726,1,0,서울특별시 도봉구 도봉동 625-75번지
11320,10800,0,0625,0077,,,일반건축물,단독주택,주택,0,34.71,34.71,19690315,1,0,서울특별시 도봉구 도봉동 625-77번지
11320,10800,0,0625,0078,,,일반건축물,단독주택,다가구주택(2가구),84.52,53.58,103.16,19940715,2,0,서울특별시 도봉구 도봉동 625-78번지
11320,10800,0,0625,0079,,,일반건축물,단독주택,주택,0,29.06,29.06,19721201,1,0,서울특별시 도봉구 도봉동 625-79번지
11320,10800,0,0625,0080,,,일반건축물,단독주택,주택,0,38.51,38.51,19701230,1,0,서울특별시 도봉구 도봉동 625-80번지
11320,10800,0,0625,0080,,,일반건축물,단독주택,주택,0,49.95,49.95,19710830,1,0,서울특별시 도봉구 도봉동 625-80번지
11320,10800,0,0625,0083,,,일반건축물,단독주택,주택,0,35.11,35.11,19710708,1,0,서울특별시 도봉구 도봉동 625-83번지
11320,10800,0,0625,0083,,,일반건축물,단독주택,주택,0,38.58,38.58,19710708,1,0,서울특별시 도봉구 도봉동 625-83번지
11320,10800,0,0625,0084,,,일반건축물,단독주택,주택,0,38.05,38.05,19700620,1,0,서울특별시 도봉구 도봉동 625-84번지
11320,10800,0,0625,0085,,,일반건축물,단독주택,주택,0,35.11,35.11,19710708,1,0,서울특별시 도봉구 도봉동 625-85번지
11320,10800,0,0625,0086,,,일반건축물,단독주택,주택,0,38.58,38.58,19710708,1,0,서울특별시 도봉구 도봉동 625-86번지
11320,10800,0,0625,0087,,,일반건축물,단독주택,주택,0,35.11,35.11,19710708,1,0,서울특별시 도봉구 도봉동 625-87번지
11320,10800,0,0625,0087,,,일반건축물,단독주택,주택,0,32.07,32.07,19710830,1,0,서울특별시 도봉구 도봉동 625-87번지
11320,10800,0,0625,0088,,,일반건축물,단독주택,주택,0,38.58,38.58,19710708,1,0,서울특별시 도봉구 도봉동 625-88번지
11320,10800,0,0625,0089,(주)광일통운,,일반건축물,제1종근린생활시설,"근린생활시설, 자동차관련시설",1450.5,298.78,586.16,20000729,2,0,서울특별시 도봉구 도봉동 625-89번지
11320,10800,0,0625,0091,,,일반건축물,단독주택,주택,0,82.26,169.02,19830402,2,1,서울특별시 도봉구 도봉동 625-91번지
11320,10800,0,0625,0093,,,일반건축물,제2종근린생활시설,근린생활시설,114.2,56.43,279.98,19890822,4,1,서울특별시 도봉구 도봉동 625-93번지
11320,10800,0,0625,0094,,,일반건축물,단독주택,다가구용단독주택(5가구),0,63.94,191.82,19911226,2,1,서울특별시 도봉구 도봉동 625-94번지
11320,10800,0,0625,0095,,,일반건축물,단독주택,단독주택,114.5,67.73,195.95,19911113,2,1,서울특별시 도봉구 도봉동 625-95번지
11320,10800,0,0625,0096,,,일반건축물,단독주택,주택,0,61.59,72.47,19771014,1,1,서울특별시 도봉구 도봉동 625-96번지
11320,10800,0,0625,0097,,,일반건축물,단독주택,주택,0,69.92,81.52,19770709,1,1,서울특별시 도봉구 도봉동 625-97번지
11320,10800,0,0625,0098,,,일반건축물,단독주택,단독주택,122.5,61.23,182.53,19890831,2,1,서울특별시 도봉구 도봉동 625-98번지
11320,10800,0,0625,0099,,,일반건축물,단독주택,다가구단독주택(5가구),119.65,71.58,194.09,19931126,2,1,서울특별시 도봉구 도봉동 625-99번지
11320,10800,0,0625,0100,,,일반건축물,단독주택,다가구용단독주택(5가구),121.76,71.43,197,19931201,2,1,서울특별시 도봉구 도봉동 625-100번지
11320,10800,0,0625,0103,,,일반건축물,단독주택,단독주택,141.2,70.54,210.61,19890215,2,1,서울특별시 도봉구 도봉동 625-103번지
11320,10800,0,0625,0104,,,일반건축물,단독주택,다가구용단독주택(5가구),102.75,61.22,179.61,19941124,2,1,서울특별시 도봉구 도봉동 625-104번지
11320,10800,0,0625,0105,,,일반건축물,단독주택,다가구용단독주택(5가구),105.93,63.3,191.84,19920929,2,1,서울특별시 도봉구 도봉동 625-105번지
11320,10800,0,0625,0106,,,일반건축물,단독주택,단독주택,112.51,64.38,199.54,19911018,2,1,서울특별시 도봉구 도봉동 625-106번지
11320,10800,0,0625,0107,,,일반건축물,단독주택,단독주택,109.78,65.81,197.43,19920429,2,1,서울특별시 도봉구 도봉동 625-107번지
11320,10800,0,0625,0109,,,일반건축물,교육연구시설,교육연구 및 복지시설,129.6,75.9,144.3,20011211,2,0,서울특별시 도봉구 도봉동 625-109번지
11320,10800,0,0625,0110,,,일반건축물,단독주택,단독주택,114,68.04,198.16,19911113,2,1,서울특별시 도봉구 도봉동 625-110번지
11320,10800,0,0625,0111,,,일반건축물,단독주택,주택,0,65.19,76.89,19761028,1,1,서울특별시 도봉구 도봉동 625-111번지
11320,10800,0,0625,0112,,,일반건축물,단독주택,다가구용단독주택(5가구),112.05,67.18,186.44,19930709,2,1,서울특별시 도봉구 도봉동 625-112번지
11320,10800,0,0625,0113,,,일반건축물,단독주택,주택,0,59.97,69.85,19771014,1,1,서울특별시 도봉구 도봉동 625-113번지
11320,10800,0,0625,0114,정남하이츠빌,,표제부,공동주택,공동주택(다세대주택),262.56,155.79,520.39,20190102,5,0,서울특별시 도봉구 도봉동 625-114번지
11320,10800,0,0625,0116,,,일반건축물,단독주택,단독주택,124.1,55.66,175.27,19891228,2,1,서울특별시 도봉구 도봉동 625-116번지
11320,10800,0,0625,0117,,,일반건축물,단독주택,단독주택,111.1,55.08,168.24,19891121,2,1,서울특별시 도봉구 도봉동 625-117번지
11320,10800,0,0625,0119,,,일반건축물,단독주택,다가구주택(3가구),96.84,58.09,174.03,19971021,3,0,서울특별시 도봉구 도봉동 625-119번지
11320,10800,0,0625,0120,,,일반건축물,단독주택,주택,0,41.16,41.16,1970,1,0,서울특별시 도봉구 도봉동 625-120번지
11320,10800,0,0625,0121,,,일반건축물,단독주택,단독주택,79.41,50,90,19971007,2,0,서울특별시 도봉구 도봉동 625-121번지
11320,10800,0,0625,0122,,,일반건축물,단독주택,단독주택,164,84.9,245.7,19911102,2,1,서울특별시 도봉구 도봉동 625-122번지
11320,10800,0,0625,0124,,,일반건축물,단독주택,"근린생활시설, 단독주택",106.7,52.92,229.72,19890529,3,1,서울특별시 도봉구 도봉동 625-124번지
11320,10800,0,0625,0125,,,일반건축물,단독주택,단독주택,106.2,56.79,65.78,19780720,1,1,서울특별시 도봉구 도봉동 625-125번지
11320,10800,0,0625,0126,,,일반건축물,단독주택,주택,0,57.85,67.14,19780720,1,1,서울특별시 도봉구 도봉동 625-126번지
11320,10800,0,0625,0128,,,일반건축물,단독주택,주택,0,57.85,67.14,19780720,1,1,서울특별시 도봉구 도봉동 625-128번지
11320,10800,0,0625,0130,,,일반건축물,단독주택,주택,0,55.01,64.5,19780720,1,1,서울특별시 도봉구 도봉동 625-130번지
11320,10800,0,0625,0131,,,일반건축물,제1종근린생활시설,"근린생활시설, 주택",108.1,63.8,290.4,19950616,4,1,서울특별시 도봉구 도봉동 625-131번지
11320,10800,0,0625,0132,,,일반건축물,단독주택,다가구용단독주택(5가구),160.4,71.82,149.85,19930917,2,1,서울특별시 도봉구 도봉동 625-132번지
11320,10800,0,0625,0133,,,일반건축물,단독주택,"근린생활시설, 주택",0,59.04,241.78,19890526,3,1,서울특별시 도봉구 도봉동 625-133번지
11320,10800,0,0625,0134,,,일반건축물,단독주택,"주택, 근린생활시설, 위험물저장및 처리시설",87.5,52,219.17,19921105,4,1,서울특별시 도봉구 도봉동 625-134번지
11320,10800,0,0625,0135,,,일반건축물,단독주택,다가구용단독주택(5가구),88.3,53.12,149.16,19931112,2,1,서울특별시 도봉구 도봉동 625-135번지
11320,10800,0,0625,0139,,,일반건축물,단독주택,다가구용단독주택(4가구),88.5,53.12,149.16,19931018,2,1,서울특별시 도봉구 도봉동 625-139번지
11320,10800,0,0625,0140,,,일반건축물,단독주택,"주택, 근린생활시설",95.28,54.27,236.77,19930922,4,1,서울특별시 도봉구 도봉동 625-140번지
11320,10800,0,0625,0141,,,일반건축물,단독주택,"주택, 근린생활시설",96.9,57.42,261.55,19930922,4,1,서울특별시 도봉구 도봉동 625-141번지
11320,10800,0,0625,0142,,,일반건축물,제1종근린생활시설,"근린생활시설, 주택",94.5,46.5,149.95,19880627,2,1,서울특별시 도봉구 도봉동 625-142번지
11320,10800,0,0625,0144,,,일반건축물,제1종근린생활시설,근린생활시설,1171,295.5,591,20000510,2,0,서울특별시 도봉구 도봉동 625-144번지
11320,10800,0,0625,0145,,,일반건축물,제2종근린생활시설,제2종근린생활시설,147.3,62.07,37.27,20020509,2,0,서울특별시 도봉구 도봉동 625-145번지
11320,10800,0,0625,0150,,,일반건축물,단독주택,주택,0,17.62,17.62,19690716,1,0,서울특별시 도봉구 도봉동 625-150번지
11320,10800,0,0625,0152,,,일반건축물,단독주택,단독주택,171.3,82.35,171.01,19830319,2,1,서울특별시 도봉구 도봉동 625-152번지
11320,10800,0,0625,0153,,,일반건축물,단독주택,주택,0,76.09,157.23,19830630,2,1,서울특별시 도봉구 도봉동 625-153번지
11320,10800,0,0625,0154,,,일반건축물,단독주택,"주택, 근린생활시설",0,78.85,163.5,19830119,2,1,서울특별시 도봉구 도봉동 625-154번지
11320,10800,0,0625,0155,,,일반건축물,단독주택,"근린생활시설, 다가구주택",166.5,95.18,438.69,19990804,5,1,서울특별시 도봉구 도봉동 625-155번지
11320,10800,0,0625,0157,,,일반건축물,단독주택,주택,89,46.65,149.45,19851125,3,1,서울특별시 도봉구 도봉동 625-157번지
11320,10800,0,0625,0159,,,일반건축물,단독주택,단독주택,86,50.52,133.05,20001017,3,0,서울특별시 도봉구 도봉동 625-159번지
11320,10800,0,0625,0160,,,일반건축물,단독주택,"근린생활시설, 다가구주택",169.5,84.53,338.12,19911030,3,1,서울특별시 도봉구 도봉동 625-160번지
11320,10800,0,0625,0163,,,일반건축물,제1종근린생활시설,근린생활시설,99.2,59.41,101.47,20020318,2,0,서울특별시 도봉구 도봉동 625-163번지
11320,10800,0,0625,0164,,,일반건축물,단독주택,"근린생활시설, 주택",184.91,104.68,492.45,19951201,4,1,서울특별시 도봉구 도봉동 625-164번지
11320,10800,0,0625,0166,,,일반건축물,단독주택,주택,0,29.06,29.06,19711015,1,0,서울특별시 도봉구 도봉동 625-166번지
11320,10800,0,0625,0167,,,일반건축물,단독주택,주택,0,29.06,29.06,19711015,1,0,서울특별시 도봉구 도봉동 625-167번지
11320,10800,0,0625,0169,,,일반건축물,단독주택,주택,0,67.05,67.05,19850725,1,0,서울특별시 도봉구 도봉동 625-169번지
11320,10800,0,0625,0171,,,일반건축물,단독주택,주택,0,40.25,40.25,19850725,1,0,서울특별시 도봉구 도봉동 625-171번지
11320,10800,0,0625,0173,,,일반건축물,단독주택,주택,0,41.39,41.39,19850725,1,0,서울특별시 도봉구 도봉동 625-173번지
11320,10800,0,0625,0174,,,일반건축물,단독주택,주택,0,25.5,25.5,19850808,1,0,서울특별시 도봉구 도봉동 625-174번지
11320,10800,0,0625,0175,,,일반건축물,단독주택,주택,0,41.49,41.49,19701109,1,0,서울특별시 도봉구 도봉동 625-175번지
11320,10800,0,0625,0177,,,일반건축물,단독주택,주택,0,51.42,51.42,19701109,1,0,서울특별시 도봉구 도봉동 625-177번지
11320,10800,0,0625,0180,,,일반건축물,단독주택,주택,0,25.8,25.8,19850808,1,0,서울특별시 도봉구 도봉동 625-180번지
11320,10800,0,0625,0182,,,일반건축물,단독주택,단독주택,75.62,45.3,99.94,20021213,3,0,서울특별시 도봉구 도봉동 625-182번지
11320,10800,0,0625,0187,,,일반건축물,단독주택,다가구용단독주택(5가구),136.1,81,229.56,19950206,2,1,서울특별시 도봉구 도봉동 625-187번지
11320,10800,0,0625,0189,,,일반건축물,단독주택,주택 및 근린생활시설,0,137.98,137.98,19751119,1,0,서울특별시 도봉구 도봉동 625-189번지
11320,10800,0,0625,0190,,,일반건축물,단독주택,주택,0,32.07,32.07,19710905,1,0,서울특별시 도봉구 도봉동 625-190번지
11320,10800,0,0625,0191,,,일반건축물,단독주택,주택,0,39.2,39.2,19850731,1,0,서울특별시 도봉구 도봉동 625-191번지
11320,10800,0,0625,0195,,,일반건축물,단독주택,주택,0,31.97,31.97,19711218,1,0,서울특별시 도봉구 도봉동 625-195번지
11320,10800,0,0625,0196,,,일반건축물,단독주택,주택,0,31.93,31.93,19711218,1,0,서울특별시 도봉구 도봉동 625-196번지
11320,10800,0,0625,0197,,,일반건축물,단독주택,주택,0,29.29,29.29,19711218,1,0,서울특별시 도봉구 도봉동 625-197번지
11320,10800,0,0625,0198,,,일반건축물,단독주택,주택,0,32.07,32.07,19710905,1,0,서울특별시 도봉구 도봉동 625-198번지
11320,10800,0,0625,0199,,,일반건축물,단독주택,주택,0,60.26,60.26,19850729,1,0,서울특별시 도봉구 도봉동 625-199번지
11320,10800,0,0625,0200,,,일반건축물,단독주택,주택,0,37.92,37.92,19741126,1,0,서울특별시 도봉구 도봉동 625-200번지
11320,10800,0,0625,0201,,,일반건축물,단독주택,주택,0,56.56,56.56,19710905,1,0,서울특별시 도봉구 도봉동 625-201번지
11320,10800,0,0625,0203,,,일반건축물,제2종근린생활시설,"제2종근린생활시설,단독주택",255.8,152.76,912.76,20031224,5,1,서울특별시 도봉구 도봉동 625-203번지
11320,10800,0,0625,0205,,,일반건축물,제2종근린생활시설,근린생활시설,0,49.2,49.2,19850723,1,0,서울특별시 도봉구 도봉동 625-205번지
11320,10800,0,0625,0206,,,일반건축물,제2종근린생활시설,"근린생활시설, 단독주택",53,31.62,61.62,20001108,2,0,서울특별시 도봉구 도봉동 625-206번지
11320,10800,0,0625,0207,,,일반건축물,제1종근린생활시설,점포,0,64,64,19850820,1,0,서울특별시 도봉구 도봉동 625-207번지
11320,10800,0,0625,0219,,,일반건축물,단독주택,주택,0,0,29.06,19711218,1,0,서울특별시 도봉구 도봉동 625-219번지
11320,10800,0,0625,0220,,,일반건축물,단독주택,주택,0,45.26,58.22,19751110,1,1,서울특별시 도봉구 도봉동 625-220번지
11320,10800,0,0625,0223,,,일반건축물,단독주택,주택,0,0,33.06,19690301,1,0,서울특별시 도봉구 도봉동 625-223번지
11320,10800,0,0625,0224,1호,,일반건축물,단독주택,주택,0,34.71,34.71,19690315,1,0,서울특별시 도봉구 도봉동 625-224번지
11320,10800,0,0626,0000,서울북부지방법원,,일반건축물,공동주택,"공동주택(기숙사,노유자시설(어린이집))",27719.7,510.32,2079.58,20160317,5,1,서울특별시 도봉구 도봉동 626번지
11320,10800,0,0626,0016,북부법조타운,,표제부,제1종근린생활시설,"제1종근린생활시설,업무시설",882.2,507.93,2469.59,20120620,5,1,서울특별시 도봉구 도봉동 626-16번지
11320,10800,0,0626,0087,,,일반건축물,단독주택,단독주택,129.1,70.94,207.56,19910720,2,1,서울특별시 도봉구 도봉동 626-87번지
11320,10800,0,0626,0088,,,일반건축물,제2종근린생활시설,제2종근린생활시설,0,76.9,76.9,19681020,1,0,서울특별시 도봉구 도봉동 626-88번지
11320,10800,0,0626,0089,,,일반건축물,단독주택,주택,0,65.87,65.87,19671218,1,0,서울특별시 도봉구 도봉동 626-89번지
11320,10800,0,0626,0089,,,일반건축물,제2종근린생활시설,제2종근린생활시설(일반음식점),0,33.06,33.06,19671218,1,0,서울특별시 도봉구 도봉동 626-89번지
11320,10800,0,0626,0090,로앤로즈,,일반건축물,제2종근린생활시설,제1종근린생활시설,121.7,72.8,352.21,19961217,4,1,서울특별시 도봉구 도봉동 626-90번지
11320,10800,0,0626,0092,무궁화빌딩,,일반건축물,업무시설,업무시설,585.3,289.3,2141.09,20111118,6,2,서울특별시 도봉구 도봉동 626-92번지
11320,10800,0,0626,0094,,,일반건축물,단독주택,다가구용단독주택(4가구),124.9,74.73,199.35,19921130,2,1,서울특별시 도봉구 도봉동 626-94번지
11320,10800,0,0626,0095,,,일반건축물,단독주택,주택,0,60.46,67.8,19730804,1,1,서울특별시 도봉구 도봉동 626-95번지
11320,10800,0,0626,0096,,,일반건축물,단독주택,다가구용단독주택(5가구),133.1,79.76,199.89,19921126,2,1,서울특별시 도봉구 도봉동 626-96번지
11320,10800,0,0626,0097,,,일반건축물,단독주택,다가구주택(5가구),163.6,97.02,283.23,19940902,2,1,서울특별시 도봉구 도봉동 626-97번지
11320,10800,0,0626,0098,,,일반건축물,제2종근린생활시설,제2종근린생활시설,82.7,56.07,56.07,19730712,1,0,서울특별시 도봉구 도봉동 626-98번지
11320,10800,0,0626,0099,,,일반건축물,제2종근린생활시설,제2종근린생활시설,108.6,64.38,243.24,20020708,4,0,서울특별시 도봉구 도봉동 626-99번지
11320,10800,0,0626,0100,도봉동 626-100 제2종근린생활시설 (민정애),,일반건축물,제2종근린생활시설,제2종근린생활시설,132,78.96,199.38,19931006,2,1,서울특별시 도봉구 도봉동 626-100번지
11320,10800,0,0626,0101,,,일반건축물,단독주택,다가구용단독주택(5),108.8,64.72,172.26,19931016,2,1,서울특별시 도봉구 도봉동 626-101번지
11320,10800,0,0626,0102,,,일반건축물,단독주택,주택,0,60.07,120.14,19821103,1,1,서울특별시 도봉구 도봉동 626-102번지
11320,10800,0,0626,0103,,,표제부,공동주택,공동주택(다세대주택),111.4,54.04,160.41,19861223,2,1,서울특별시 도봉구 도봉동 626-103번지
11320,10800,0,0626,0105,,,일반건축물,단독주택,"주택, 근린생활시설",132.6,78.78,173.6,19940421,2,1,서울특별시 도봉구 도봉동 626-105번지
11320,10800,0,0626,0106,,,일반건축물,단독주택,다가구주택(5가구),106.3,63.77,176.78,19930923,2,1,서울특별시 도봉구 도봉동 626-106번지
11320,10800,0,0626,0107,,,일반건축물,단독주택,다가구용단독주택(5가구),133.2,74.67,186.84,19920710,2,1,서울특별시 도봉구 도봉동 626-107번지
11320,10800,0,0626,0108,,,일반건축물,단독주택,주택,0,77.39,105.13,19731030,2,1,서울특별시 도봉구 도봉동 626-108번지
11320,10800,0,0626,0109,,,일반건축물,단독주택,다가구용단독주택(4가구),141.75,84.96,223.56,19940601,2,1,서울특별시 도봉구 도봉동 626-109번지
11320,10800,0,0626,0110,,,일반건축물,단독주택,주택,0,47.93,57.62,19770305,1,1,서울특별시 도봉구 도봉동 626-110번지
11320,10800,0,0626,0111,,,일반건축물,단독주택,주택,0,53.36,59.84,19730927,1,1,서울특별시 도봉구 도봉동 626-111번지
11320,10800,0,0626,0112,,,일반건축물,단독주택,주택,0,50.58,65.39,19731030,1,1,서울특별시 도봉구 도봉동 626-112번지
11320,10800,0,0626,0113,,,일반건축물,단독주택,주택,0,53.16,59.44,19730823,1,1,서울특별시 도봉구 도봉동 626-113번지
11320,10800,0,0626,0114,,,일반건축물,단독주택,주택,0,52.89,59.47,19730831,1,1,서울특별시 도봉구 도봉동 626-114번지
11320,10800,0,0626,0115,,,일반건축물,단독주택,"근린생활시설, 주택",133.15,66.5,329.3,19911016,4,1,서울특별시 도봉구 도봉동 626-115번지
11320,10800,0,0626,0116,,,일반건축물,단독주택,"근린생활시설,다가구주택",143.8,71.88,299,19931029,4,1,서울특별시 도봉구 도봉동 626-116번지
11320,10800,0,0626,0117,,,표제부,공동주택,"근린생활시설, 다세대주택(9세대)",256.9,153.89,676.53,19930819,4,1,서울특별시 도봉구 도봉동 626-117번지
11320,10800,0,0626,0134,,,일반건축물,제2종근린생활시설,근린생활시설,250.2,120.6,663.95,19910905,5,1,서울특별시 도봉구 도봉동 626-134번지
11320,10800,0,0628,0000,C동,,일반건축물,공동주택,기숙사,0,432,474.7,19980319,1,1,서울특별시 도봉구 도봉동 628번지
11320,10800,0,0628,0000,B동,,일반건축물,운동시설,운동시설,0,1344,1344,19960424,1,0,서울특별시 도봉구 도봉동 628번지
11320,10800,0,0628,0000,A동,,일반건축물,공동주택,기숙사,0,328.6,659.38,19810101,2,1,서울특별시 도봉구 도봉동 628번지
11320,10800,0,0628,0000,D동,,일반건축물,운동시설,운동시설,0,506.4,506.4,19980319,1,0,서울특별시 도봉구 도봉동 628번지
11320,10800,0,0628,0001,,,일반건축물,제2종근린생활시설,제2종근린생활시설(사무소),134,64.56,64.56,19740705,1,0,서울특별시 도봉구 도봉동 628-1번지
11320,10800,0,0628,0002,,,일반건축물,단독주택,다가구주택(3),112.35,65.52,209.4,19970609,3,1,서울특별시 도봉구 도봉동 628-2번지
11320,10800,0,0628,0008,,,일반건축물,제2종근린생활시설,사무소,103.9,57.59,64.6,19740304,1,1,서울특별시 도봉구 도봉동 628-8번지
11320,10800,0,0628,0009,,,일반건축물,제2종근린생활시설,제2종근린생활시설(사무소),100.7,57.59,64.6,19740130,1,1,서울특별시 도봉구 도봉동 628-9번지
11320,10800,0,0628,0010,,,일반건축물,제2종근린생활시설,제2종근린생활시설,104.8,55.44,62.05,19731129,1,1,서울특별시 도봉구 도봉동 628-10번지
11320,10800,0,0628,0011,,,일반건축물,제2종근린생활시설,제2종근린생활시설(사무소),143.08,85.62,256.86,19960813,3,0,서울특별시 도봉구 도봉동 628-11번지
11320,10800,0,0628,0012,,,일반건축물,제1종근린생활시설,근린생활시설,0,0,575.49,19870619,3,1,서울특별시 도봉구 도봉동 628-12번지
11320,10800,0,0629,0000,,,일반건축물,위험물저장및처리시설,"위험물저장및 처리시설(주유소), 주유소(기계식세차설비)",765.96,319.25,455.39,19960629,2,1,서울특별시 도봉구 도봉동 629번지
11320,10800,0,0629,0006,,,표제부,업무시설,업무시설,0,477.5175,5205.721,20111007,6,4,서울특별시 도봉구 도봉동 629-6번지
11320,10800,0,0629,0008,도선어린이집,,일반건축물,노유자시설,노유자시설,0,147,332,19910430,2,1,서울특별시 도봉구 도봉동 629-8번지
11320,10800,0,0629,0012,가동,,일반건축물,단독주택,주택,0,76.23,228.69,19831007,2,1,서울특별시 도봉구 도봉동 629-12번지
11320,10800,0,0629,0012,나동,,일반건축물,단독주택,주택,0,76.23,228.69,19831007,2,1,서울특별시 도봉구 도봉동 629-12번지
11320,10800,0,0629,0015,,,일반건축물,단독주택,단독주택,90.3,44.55,133.65,19860910,2,1,서울특별시 도봉구 도봉동 629-15번지
11320,10800,0,0629,0017,,,일반건축물,단독주택,"근린생활시설, 단독주택",71.7,53.27,127.39,19990907,3,0,서울특별시 도봉구 도봉동 629-17번지
11320,10800,0,0629,0018,,,표제부,제2종근린생활시설,제2종근린생활시설,127,62.64,193.08,19860708,2,1,서울특별시 도봉구 도봉동 629-18번지
11320,10800,0,0629,0020,,,일반건축물,단독주택,주택,0,78.3,234.9,19831010,2,1,서울특별시 도봉구 도봉동 629-20번지
11320,10800,0,0629,0026,도우로펌타워,,표제부,업무시설,"제2종근린생활시설,업무시설",902.6,0,2976.24,20120113,6,2,서울특별시 도봉구 도봉동 629-26번지
11320,10800,0,0629,0029,,,일반건축물,제1종근린생활시설,근린생활시설,294,116.1,305.1,19830702,2,1,서울특별시 도봉구 도봉동 629-29번지
11320,10800,0,0629,0030,,,표제부,제2종근린생활시설,근린생활시설,638.4,380.9,2399.45,19980519,6,1,서울특별시 도봉구 도봉동 629-30번지
11320,10800,0,0630,0000,,,일반건축물,단독주택,"근린생활시설, 주택",87.8,52.56,224.28,19860913,3,1,서울특별시 도봉구 도봉동 630번지
11320,10800,0,0630,0004,,블럭  노트,일반건축물,자동차관련시설,자동차관련시설,88,6.9,6.9,20041118,1,0,서울특별시 도봉구 도봉동 630-4번지
11320,10800,0,0630,0005,,,일반건축물,제2종근린생활시설,제2종근린생활시설(일반음식점),87.9,33.95,67.9,19690717,1,1,서울특별시 도봉구 도봉동 630-5번지
11320,10800,0,0630,0007,,,일반건축물,단독주택,"근린생활시설, 주택",0,162.18,447.3,19830622,2,1,서울특별시 도봉구 도봉동 630-7번지
11320,10800,0,0630,0008,,,일반건축물,제2종근린생활시설,"1,2종 근린생활시설",90.4,54.23,114.3,19831202,2,1,서울특별시 도봉구 도봉동 630-8번지
11320,10800,0,0630,0009,,,일반건축물,단독주택,"근린생활시설, 주택",0,44.82,99.54,19831101,2,1,서울특별시 도봉구 도봉동 630-9번지
11320,10800,0,0630,0010,,,일반건축물,단독주택,"근린생활시설, 주택",90.4,43.86,239.38,19910626,4,1,서울특별시 도봉구 도봉동 630-10번지
11320,10800,0,0630,0014,,,일반건축물,단독주택,"근린생활시설, 주택",0,135.36,406.08,19830928,2,1,서울특별시 도봉구 도봉동 630-14번지
11320,10800,0,0630,0015,,,표제부,공동주택,연립주택,0,0,249.86,19810831,1,1,서울특별시 도봉구 도봉동 630-15번지
11320,10800,0,0630,0015,,,표제부,공동주택,연립주택,0,0,221.36,19810831,1,1,서울특별시 도봉구 도봉동 630-15번지
11320,10800,0,0630,0015,,,표제부,공동주택,연립주택,0,0,238.82,19810831,1,1,서울특별시 도봉구 도봉동 630-15번지
11320,10800,0,0630,0016,,,일반건축물,제1종근린생활시설,근린생활시설,157.2,64.71,136.62,19830917,2,1,서울특별시 도봉구 도봉동 630-16번지
11320,10800,0,0631,0000,,,표제부,공동주택,연립주택,0,0,152.86,19811114,1,1,서울특별시 도봉구 도봉동 631번지
11320,10800,0,0631,0000,,,표제부,공동주택,연립주택,0,0,138.25,19811114,1,1,서울특별시 도봉구 도봉동 631번지
11320,10800,0,0631,0000,,,표제부,공동주택,연립주택,0,0,145.82,19811114,1,1,서울특별시 도봉구 도봉동 631번지
11320,10800,0,0631,0000,,,표제부,공동주택,연립주택 및 제2종근린생활시설,853.1,0,163.38,19811114,1,1,서울특별시 도봉구 도봉동 631번지
11320,10800,0,0631,0001,,,일반건축물,제2종근린생활시설,제2종근린생활시설,178.4,102.95,353.8,19861208,3,1,서울특별시 도봉구 도봉동 631-1번지
11320,10800,0,0631,0003,,,일반건축물,제1종근린생활시설,"제2종근린생활시설, 주택",369,196.95,841.29,19881005,4,1,서울특별시 도봉구 도봉동 631-3번지
11320,10800,0,0631,0007,,,일반건축물,제1종근린생활시설,"근린생활시설, 주택",0,42.98,50.78,19721208,1,1,서울특별시 도봉구 도봉동 631-7번지
11320,10800,0,0631,0011,,,일반건축물,단독주택,다가구용단독주택(5가구),122.2,72.41,179.01,19960821,2,1,서울특별시 도봉구 도봉동 631-11번지
11320,10800,0,0631,0013,,,일반건축물,단독주택,다가구용단독주택(3가구),106.8,63.24,179.76,19950617,2,1,서울특별시 도봉구 도봉동 631-13번지
11320,10800,0,0631,0015,,,일반건축물,단독주택,다가구용단독주택(6),120.2,71.8,263.92,19960722,3,1,서울특별시 도봉구 도봉동 631-15번지
11320,10800,0,0631,0016,,,일반건축물,단독주택,다가구용단독주택(6),141.4,75.18,271.34,19960909,3,1,서울특별시 도봉구 도봉동 631-16번지
11320,10800,0,0631,0017,,,일반건축물,제2종근린생활시설,근린생활시설,347.9,167.88,685.83,19851105,3,1,서울특별시 도봉구 도봉동 631-17번지
11320,10800,0,0631,0018,,,일반건축물,제1종근린생활시설,근린생활시설,310.05,154.77,676.3,19921111,3,1,서울특별시 도봉구 도봉동 631-18번지
11320,10800,0,0631,0021,,,일반건축물,제1종근린생활시설,"숙박시설, 근린생활시설",0,116.45,391.85,19830312,2,1,서울특별시 도봉구 도봉동 631-21번지
11320,10800,0,0631,0023,,,일반건축물,단독주택,"주택, 점포",0,56.69,77.72,19730126,2,1,서울특별시 도봉구 도봉동 631-23번지
11320,10800,0,0631,0023,,,일반건축물,제1종근린생활시설,점포,0,86.37,339.27,19830824,2,1,서울특별시 도봉구 도봉동 631-23번지
11320,10800,0,0631,0024,,,일반건축물,업무시설,업무시설,393.1,233.33,1305.01,20101230,8,1,서울특별시 도봉구 도봉동 631-24번지
11320,10800,0,0631,0025,,,일반건축물,제2종근린생활시설,근린생활시설,181.08,104.1,462.67,19961011,4,1,서울특별시 도봉구 도봉동 631-25번지
11320,10800,0,0631,0029,나동,,일반건축물,단독주택,주택,0,63.67,187.96,19831031,2,1,서울특별시 도봉구 도봉동 631-29번지
11320,10800,0,0631,0029,라동,,일반건축물,단독주택,주택,0,52.08,97.32,19831031,1,1,서울특별시 도봉구 도봉동 631-29번지
11320,10800,0,0631,0029,가동,,일반건축물,단독주택,"주택, 점포",0,67.6,194,19831031,2,1,서울특별시 도봉구 도봉동 631-29번지
11320,10800,0,0631,0029,다동,,일반건축물,단독주택,주택,0,62.22,176.46,19831031,2,1,서울특별시 도봉구 도봉동 631-29번지
11320,10800,0,0631,0030,,,표제부,공동주택,공동주택,143.17,71.52,214.56,19900104,2,1,서울특별시 도봉구 도봉동 631-30번지
11320,10800,0,0631,0031,,,일반건축물,단독주택,단독주택,121.2,60.3,120.6,19850605,1,1,서울특별시 도봉구 도봉동 631-31번지
11320,10800,0,0631,0033,,,일반건축물,단독주택,"주택, 점포",0,17.82,17.82,19680618,1,0,서울특별시 도봉구 도봉동 631-33번지
11320,10800,0,0631,0034,,,일반건축물,단독주택,"주택, 점포",0,17.82,17.82,19680618,1,0,서울특별시 도봉구 도봉동 631-34번지
11320,10800,0,0631,0035,,,일반건축물,단독주택,"주택, 점포",0,35.64,35.64,19680818,1,0,서울특별시 도봉구 도봉동 631-35번지
11320,10800,0,0631,0036,,,일반건축물,단독주택,"다가구주택(2가구), 근린생활시설",109.62,65.7,268.5,19941011,3,1,서울특별시 도봉구 도봉동 631-36번지
11320,10800,0,0631,0038,,,일반건축물,제2종근린생활시설,근린생활시설,79.4,47.47,230.88,19960821,4,1,서울특별시 도봉구 도봉동 631-38번지
11320,10800,0,0632,0000,,,일반건축물,제1종근린생활시설,"근린생활시설, 주택",152.4,91.31,469.93,19961107,4,1,서울특별시 도봉구 도봉동 632번지
11320,10800,0,0632,0001,,,표제부,공동주택,"공동주택[도시형생활주택-단지형다세대,업무시설(오피스텔)제2종근린생활시설(사무소)]",337.5,201.04,1329.6,20160826,9,1,서울특별시 도봉구 도봉동 632-1번지
11320,10800,0,0632,0004,,,일반건축물,단독주택,근린생활시설 및 다가구주택,273.7,155.1,730.48,20031226,5,0,서울특별시 도봉구 도봉동 632-4번지
11320,10800,0,0632,0006,,,표제부,제1종근린생활시설,근린생활시설,0,0,105.82,19690710,1,0,서울특별시 도봉구 도봉동 632-6번지
11320,10800,0,0632,0128,,,일반건축물,제1종근린생활시설,점포,0,126.55,126.55,19690710,1,0,서울특별시 도봉구 도봉동 632-128번지
11320,10800,0,0632,0129,,,일반건축물,제1종근린생활시설,"근린생활시설, 주택",96.3,48.12,138.69,19900918,2,1,서울특별시 도봉구 도봉동 632-129번지
11320,10800,0,0634,0006,다이아포레,,표제부,공동주택,공동주택(다세대주택) 및 업무시설(오피스텔),421.4,207.24,999.08,20171129,7,0,서울특별시 도봉구 도봉동 634-6번지
11320,10800,0,0634,0008,엘로이빌딩,,일반건축물,제2종근린생활시설,제2종근린생활시설,239.3,107.97,594.79,20100608,6,0,서울특별시 도봉구 도봉동 634-8번지
11320,10800,0,0634,0009,,,일반건축물,제2종근린생활시설,근린생활시설,328.3,196.74,1305.935,19970205,6,1,서울특별시 도봉구 도봉동 634-9번지
11320,10800,0,0634,0011,,,일반건축물,단독주택,"근린생활시설, 주택",162.91,81.07,391.95,19921017,4,1,서울특별시 도봉구 도봉동 634-11번지
11320,10800,0,0634,0013,,,일반건축물,단독주택,"근린생활시설, 주택",0,266.63,394.61,19821120,2,1,서울특별시 도봉구 도봉동 634-13번지
11320,10800,0,0634,0014,,,일반건축물,제1종근린생활시설,"근린생활시설, 사무실",0,168.84,482.16,19830825,2,1,서울특별시 도봉구 도봉동 634-14번지
11320,10800,0,0634,0021,SAMWOO,,표제부,공동주택,오피스텔 및 도시형생활주택-소형주택,280.8,140.32,890.91,20251226,7,1,서울특별시 도봉구 도봉동 634-21번지
11320,10800,0,0635,0000,,,일반건축물,제2종근린생활시설,근린생활시설,698.6,346.48,1834.46,19890113,4,1,서울특별시 도봉구 도봉동 635번지
11320,10800,0,0635,0002,,,일반건축물,제2종근린생활시설,근린생활시설,241.6,119.6,629.75,19880323,5,1,서울특별시 도봉구 도봉동 635-2번지
11320,10800,0,0635,0003,성산교회,,일반건축물,제2종근린생활시설,종교시설,1050.8,468.215,1552.8,19891120,4,1,서울특별시 도봉구 도봉동 635-3번지
11320,10800,0,0635,0005,,,일반건축물,제2종근린생활시설,근린생활시설,131,78.23,299.7,19960715,3,1,서울특별시 도봉구 도봉동 635-5번지
11320,10800,0,0635,0006,,,일반건축물,제1종근린생활시설,"근린생활시설, 주택(1가구)",127.5,76.32,299.52,19960905,3,1,서울특별시 도봉구 도봉동 635-6번지
11320,10800,0,0635,0007,,,일반건축물,제2종근린생활시설,"근린생활시설, 주택",129.3,77.35,453.12,19970830,5,1,서울특별시 도봉구 도봉동 635-7번지
11320,10800,0,0635,0008,,,일반건축물,단독주택,다가구단독주택(7가구),125.8,74.77,246.08,19940131,3,1,서울특별시 도봉구 도봉동 635-8번지
11320,10800,0,0635,0009,,,일반건축물,단독주택,단독주택,120.7,68.04,199.26,19920305,2,1,서울특별시 도봉구 도봉동 635-9번지
11320,10800,0,0635,0010,,,일반건축물,단독주택,단독주택(다중주택),138.2,68.8,199.52,20101123,3,0,서울특별시 도봉구 도봉동 635-10번지
11320,10800,0,0635,0011,,,표제부,공동주택,공동주택(다세대),241.4,120.65,475.05,20120607,5,0,서울특별시 도봉구 도봉동 635-11번지
11320,10800,0,0635,0013,,,일반건축물,단독주택,근린생활시설 및 단독주택,129.91,77.83,265.89,20020925,4,0,서울특별시 도봉구 도봉동 635-13번지
11320,10800,0,0636,0000,,,일반건축물,제1종근린생활시설,근린생활시설,171.2,98.76,429.63,19870629,4,1,서울특별시 도봉구 도봉동 636번지
11320,10800,0,0636,0001,,,일반건축물,제1종근린생활시설,근린생활시설,167.1,99.65,277.89,19850927,2,1,서울특별시 도봉구 도봉동 636-1번지
11320,10800,0,0636,0002,,,일반건축물,단독주택,다가구용단독주택(4가구),108.9,64.47,149.49,19920908,2,1,서울특별시 도봉구 도봉동 636-2번지
11320,10800,0,0636,0003,,,일반건축물,단독주택,다가구용단독주택(5가구),114.2,68.42,185.46,19921001,2,1,서울특별시 도봉구 도봉동 636-3번지
11320,10800,0,0636,0004,,,일반건축물,단독주택,다가구용단독주택(7),113.3,67.77,271.08,19940128,3,1,서울특별시 도봉구 도봉동 636-4번지
11320,10800,0,0636,0006,,,일반건축물,단독주택,다가구주택 및 근린생활시설,135.93,67.81,310.48,20210714,5,0,서울특별시 도봉구 도봉동 636-6번지
11320,10800,0,0636,0007,다울어린이집,,일반건축물,노유자시설,어린이집,215,107.15,366.11,20110608,4,0,서울특별시 도봉구 도봉동 636-7번지
11320,10800,0,0636,0012,킴스타워,,일반건축물,제2종근린생활시설,"제2종근린생활시설,제1근린생활시설",305.7,160.55,1134.81,20031021,7,1,서울특별시 도봉구 도봉동 636-12번지
11320,10800,0,0636,0015,,,표제부,제2종근린생활시설,제2종근린생활시설,854.9,461.52,2990.32,20031127,6,1,서울특별시 도봉구 도봉동 636-15번지
11320,10800,0,0636,0017,다복빌딩,,일반건축물,제2종근린생활시설,제2종근린생활시설,122.8,72.48,198.88,20040519,3,0,서울특별시 도봉구 도봉동 636-17번지
11320,10800,0,0636,0020,,,표제부,제2종근린생활시설,"근린생활시설,노유자시설",854.9,477.84,2994.99,20031118,8,1,서울특별시 도봉구 도봉동 636-20번지
11320,10800,0,0636,0022,도봉장애인종합복지관,,일반건축물,노유자시설,"노유자시설, 제1종근린생활시설",1205.7,603.61,2099.6,20170811,4,1,서울특별시 도봉구 도봉동 636-22번지
11320,10800,0,0639,0000,,,일반건축물,제1종근린생활시설,운수시설,870,509.61,509.61,19961130,1,0,서울특별시 도봉구 도봉동 639번지
11320,10800,0,0639,0000,도봉역사,,일반건축물,제1종근린생활시설,"역무시설, 1,2종 근린생활시설",19366.9,2547.47,2216.81,19861225,1,0,서울특별시 도봉구 도봉동 639번지
11320,10800,0,0641,0000,서원아파트,,표제부,공동주택,공동주택,53450.78,699.94,11425.28,19961012,18,1,서울특별시 도봉구 도봉동 641번지
11320,10800,0,0641,0000,서원아파트,,표제부,공동주택,아파트,1809.18,904.59,3263.37,19961012,3,1,서울특별시 도봉구 도봉동 641번지
11320,10800,0,0641,0000,서원아파트,,표제부,공동주택,아파트,53450.78,281.34,5061.46,19961012,18,1,서울특별시 도봉구 도봉동 641번지
11320,10800,0,0641,0000,서원아파트,,표제부,공동주택,공동주택,53450.78,281.34,5061.46,19961012,18,1,서울특별시 도봉구 도봉동 641번지
11320,10800,0,0641,0000,서원아파트,,표제부,공동주택,아파트,53450.78,568.2,8788.25,19961012,18,1,서울특별시 도봉구 도봉동 641번지
11320,10800,0,0641,0000,서원아파트,,표제부,공동주택,공동주택,53450.78,775.18,12827.41,19961012,18,1,서울특별시 도봉구 도봉동 641번지
11320,10800,0,0641,0000,서원아파트,,표제부,공동주택,아파트,53450.78,431.38,6532.17,19961012,18,1,서울특별시 도봉구 도봉동 641번지
11320,10800,0,0641,0000,서원아파트,,표제부,공동주택,공동주택,53450.78,391.48,4899.35,19961012,15,1,서울특별시 도봉구 도봉동 641번지
11320,10800,0,0641,0000,서원아파트,,표제부,공동주택,공동주택,53450.78,281.34,5061.46,19961012,18,1,서울특별시 도봉구 도봉동 641번지
11320,10800,0,0641,0000,서원아파트,,표제부,공동주택,아파트,53450.78,879.14,13554.82,19961012,18,1,서울특별시 도봉구 도봉동 641번지
11320,10800,0,0641,0000,서원아파트,,표제부,공동주택,아파트,53450.78,600.52,8905.06,19961012,16,1,서울특별시 도봉구 도봉동 641번지
11320,10800,0,0641,0000,서원아파트,,표제부,공동주택,아파트,53450.78,884.72,13680.46,19961012,18,1,서울특별시 도봉구 도봉동 641번지
11320,10800,0,0641,0000,서원아파트,,표제부,공동주택,아파트,53450.78,699.94,11081.24,19961012,18,1,서울특별시 도봉구 도봉동 641번지
11320,10800,0,0641,0000,서원아파트,,표제부,공동주택,공동주택,53450.78,638.54,9982.73,19961012,18,1,서울특별시 도봉구 도봉동 641번지
11320,10800,0,0641,0000,서원아파트,,표제부,공동주택,아파트,53450.78,791.19,13037.89,19961012,18,1,서울특별시 도봉구 도봉동 641번지
11320,10800,0,0641,0000,서원아파트,,표제부,공동주택,아파트,53450.78,741.3,9679.74,19961012,16,1,서울특별시 도봉구 도봉동 641번지
11320,10800,0,0641,0000,서원아파트,,표제부,공동주택,공동주택,53450.78,378.28,2787.61,19961012,9,1,서울특별시 도봉구 도봉동 641번지
11320,10800,0,0641,0001,서원아파트,,표제부,노유자시설,"어린이집,유치원",759.6,379.8,1116.74,19961012,2,1,서울특별시 도봉구 도봉동 641-1번지
11320,10800,0,0641,0001,서원아파트,,일반건축물,노유자시설,노유자시설,599.92,299.96,688.56,19961012,2,1,서울특별시 도봉구 도봉동 641-1번지
11320,10800,0,0642,0000,현대성우아파트,,표제부,공동주택,"공동주택, 근린생활시설",0,1475.46,26972.98,19981201,18,2,서울특별시 도봉구 도봉동 642번지
11320,10800,0,0643,0000,서광아파트,,표제부,공동주택,공동주택,0,610.03,4594.07,19990907,10,0,서울특별시 도봉구 도봉동 643번지
11320,10800,0,0643,0000,서광아파트,,표제부,공동주택,생활편익시설,0,80.45,364.81,19990907,3,1,서울특별시 도봉구 도봉동 643번지
11320,10800,0,0643,0000,서광아파트,,표제부,공동주택,공동주택,0,769.9,4325,19990907,8,0,서울특별시 도봉구 도봉동 643번지
11320,10800,0,0643,0000,서광아파트,,표제부,공동주택,공동주택,0,442.75,1889.57,19990907,6,0,서울특별시 도봉구 도봉동 643번지
11320,10800,0,0644,0000,도봉파크빌3단지아파트,,표제부,공동주택,"전기실,발전기실,펌프실",0,0,246.73,20021202,1,2,서울특별시 도봉구 도봉동 644번지
11320,10800,0,0644,0000,도봉파크빌3단지아파트,,표제부,공동주택,공동주택(아파트),0,475.497,7888.736,20021202,19,2,서울특별시 도봉구 도봉동 644번지
11320,10800,0,0644,0000,도봉파크빌3단지아파트,,표제부,공동주택,공동주택(아파트),0,352.712,6086.07,20021202,19,2,서울특별시 도봉구 도봉동 644번지
11320,10800,0,0644,0000,도봉파크빌3단지아파트,,표제부,공동주택,주차장,0,0,6659.78,20021202,0,2,서울특별시 도봉구 도봉동 644번지
11320,10800,0,0644,0000,도봉파크빌3단지아파트,,표제부,공동주택,공동주택(아파트),0,712.593,7905.346,20021202,13,2,서울특별시 도봉구 도봉동 644번지
11320,10800,0,0644,0000,도봉파크빌3단지아파트,,표제부,공동주택,근린생활시설,0,138.5,225.87,20021202,2,0,서울특별시 도봉구 도봉동 644번지
11320,10800,0,0644,0000,도봉파크빌3단지아파트,,표제부,공동주택,경비실,0,5.08,5.08,20021202,1,0,서울특별시 도봉구 도봉동 644번지
11320,10800,0,0646,0000,,,일반건축물,교육연구시설,교육연구및복지시설,0,21,21,,1,0,서울특별시 도봉구 도봉동 646번지
11320,10800,0,0646,0000,,,일반건축물,교육연구시설,교육연구및복지시설,12004.1,3378.7,14247.52,20021127,5,1,서울특별시 도봉구 도봉동 646번지
11320,10800,0,0647,0000,도봉파크빌2단지아파트,,표제부,공동주택,공동주택(아파트),0,714.693,7327.747,20021202,12,2,서울특별시 도봉구 도봉동 647번지
11320,10800,0,0647,0000,도봉파크빌2단지아파트,,표제부,공동주택,공동주택(아파트),0,475.497,8067.485,20021202,20,2,서울특별시 도봉구 도봉동 647번지
11320,10800,0,0647,0000,도봉파크빌2단지아파트,,표제부,공동주택,경비실,0,5.08,5.08,20021202,1,0,서울특별시 도봉구 도봉동 647번지
11320,10800,0,0647,0000,도봉파크빌2단지아파트,,표제부,공동주택,"주차장(전기실,발전기실,펌프실)",0,0,5050.71,20021202,0,2,서울특별시 도봉구 도봉동 647번지
11320,10800,0,0648,0000,,,일반건축물,교육연구시설,"근린생활시설, 교육연구시설",1673.2,537.28,1735.2,19921223,3,1,서울특별시 도봉구 도봉동 648번지
11320,10800,0,0649,0000,주공아파트,,표제부,공동주택,공동주택(아파트),0,324.817,4440.491,20021118,15,1,서울특별시 도봉구 도봉동 649번지
11320,10800,0,0649,0000,,,표제부,공동주택,경비실,0,0,9,20021118,1,0,서울특별시 도봉구 도봉동 649번지
11320,10800,0,0649,0000,,,표제부,자동차관련시설,지하주차장,0,0,3286.54,20021118,0,1,서울특별시 도봉구 도봉동 649번지
11320,10800,0,0649,0000,주공아파트,,표제부,공동주택,공동주택(아파트),0,374.792,4003.114,20021118,15,1,서울특별시 도봉구 도봉동 649번지
11320,10800,0,0649,0000,,,표제부,공동주택,경비실,0,0,9,20021118,1,0,서울특별시 도봉구 도봉동 649번지
11320,10800,0,0649,0000,주공아파트,,표제부,공동주택,공동주택(아파트),0,408.044,4937.195,20021118,15,1,서울특별시 도봉구 도봉동 649번지
11320,10800,0,0649,0000,,,표제부,제1종근린생활시설,"전기실,관리사무소,노인정,엠디에프실,방재숙직실",0,0,357.782,20021118,1,1,서울특별시 도봉구 도봉동 649번지
11320,10800,0,0650,0000,,,일반건축물,자동차관련시설,자동차관련시설(주차장),404.3,301.18,301.18,20040521,1,0,서울특별시 도봉구 도봉동 650번지
11320,10800,0,0652,0001,도봉기적의도서관,,일반건축물,교육연구시설,교육연구시설(도서관),1500,844.71,1489.27,20150611,2,1,서울특별시 도봉구 도봉동 652-1번지
11320,10800,0,0654,0000,동아에코빌아파트,,표제부,공동주택,경비실,0,7.77,7.77,20030315,1,0,서울특별시 도봉구 도봉동 654번지
11320,10800,0,0654,0000,동아에코빌아파트,,표제부,공동주택,경비실,0,7.77,7.77,20030315,1,0,서울특별시 도봉구 도봉동 654번지
11320,10800,0,0654,0000,동아에코빌아파트,,표제부,공동주택,"노인정,관리실,독서실,입주자회의소",0,162,324,20030315,2,0,서울특별시 도봉구 도봉동 654번지
11320,10800,0,0654,0000,동아에코빌아파트,,표제부,공동주택,보육시설,0,139.5,139.5,20030315,1,0,서울특별시 도봉구 도봉동 654번지
11320,10800,0,0654,0000,동아에코빌아파트,,표제부,공동주택,공동주택,0,808.716,11395.832,20030315,20,0,서울특별시 도봉구 도봉동 654번지
11320,10800,0,0654,0000,동아에코빌아파트,,표제부,공동주택,경비실,0,7.77,7.77,20030315,1,0,서울특별시 도봉구 도봉동 654번지
11320,10800,0,0654,0000,동아에코빌아파트,,표제부,공동주택,공동주택,0,333.916,5521.012,20030315,21,0,서울특별시 도봉구 도봉동 654번지
11320,10800,0,0654,0000,동아에코빌아파트,,표제부,공동주택,"전기실,발전기실",0,14.84,239.84,20030315,1,1,서울특별시 도봉구 도봉동 654번지
11320,10800,0,0654,0000,동아에코빌아파트,,표제부,공동주택,공동주택,0,649.19,10908.212,20030315,21,0,서울특별시 도봉구 도봉동 654번지
11320,10800,0,0654,0000,동아에코빌아파트,,표제부,공동주택,공동주택,0,269.572,4463.704,20030315,21,0,서울특별시 도봉구 도봉동 654번지
11320,10800,0,0654,0000,동아에코빌아파트,,표제부,공동주택,공동주택,0,667.832,11566.448,20030315,22,0,서울특별시 도봉구 도봉동 654번지
11320,10800,0,0654,0000,동아에코빌아파트,,표제부,공동주택,공동주택,0,333.916,5521.012,20030315,21,0,서울특별시 도봉구 도봉동 654번지
11320,10800,0,0654,0000,동아에코빌아파트,,표제부,공동주택,펌프실,0,14.84,99.84,20030315,1,1,서울특별시 도봉구 도봉동 654번지
11320,10800,0,0654,0000,동아에코빌아파트,,표제부,제1종근린생활시설,근린생활시설,0,213.75,381.75,20030315,2,0,서울특별시 도봉구 도봉동 654번지
11320,10800,0,0654,0000,동아에코빌아파트,,표제부,공동주택,"지하주차장,지하대피소",18920.8,0,27607746,20030315,0,2,서울특별시 도봉구 도봉동 654번지
11320,10800,0,0654,0000,동아에코빌아파트,,표제부,공동주택,공동주택,0,808.716,13028.344,20030315,21,0,서울특별시 도봉구 도봉동 654번지
11320,10800,0,0654,0000,동아에코빌아파트,,표제부,공동주택,경비실,0,7.77,7.77,20030315,1,0,서울특별시 도봉구 도봉동 654번지
11320,10800,0,0655,0000,래미안도봉아파트,,표제부,공동주택,아파트,0,238.13,3737.86,20050218,18,0,서울특별시 도봉구 도봉동 655번지
11320,10800,0,0655,0000,래미안도봉아파트,,표제부,공동주택,아파트,0,627.68,9165.36,20050218,18,0,서울특별시 도봉구 도봉동 655번지
11320,10800,0,0655,0000,래미안도봉아파트,,표제부,공동주택,경비실,0,8.88,8.88,20050218,1,0,서울특별시 도봉구 도봉동 655번지
11320,10800,0,0655,0000,래미안도봉아파트,,표제부,공동주택,경비실,0,8.88,8.88,20050218,1,0,서울특별시 도봉구 도봉동 655번지
11320,10800,0,0655,0000,래미안도봉아파트,,표제부,공동주택,아파트,0,375.08,5571.7,20050218,18,0,서울특별시 도봉구 도봉동 655번지
11320,10800,0,0655,0000,래미안도봉아파트,,표제부,공동주택,아파트,0,240.9,3054.16,20050218,16,0,서울특별시 도봉구 도봉동 655번지
11320,10800,0,0655,0000,래미안도봉아파트,,표제부,공동주택,"기계실,전기실,발전기실",0,0,249.58,20050218,0,1,서울특별시 도봉구 도봉동 655번지
11320,10800,0,0655,0000,래미안도봉아파트,,표제부,공동주택,아파트,0,543.11,6525.3,20050218,17,0,서울특별시 도봉구 도봉동 655번지
11320,10800,0,0655,0000,래미안도봉아파트,,표제부,공동주택,경비실,0,18,18,20050218,1,0,서울특별시 도봉구 도봉동 655번지
11320,10800,0,0655,0000,래미안도봉아파트,,표제부,공동주택,"노인정,관리실,주민공동시설",0,130.24,320.74,20050218,2,1,서울특별시 도봉구 도봉동 655번지
11320,10800,0,0655,0000,래미안도봉아파트,,표제부,공동주택,아파트,0,615.98,8721.04,20050218,18,0,서울특별시 도봉구 도봉동 655번지
11320,10800,0,0655,0000,래미안도봉아파트,,표제부,공동주택,아파트,0,476.26,7385.8,20050218,18,0,서울특별시 도봉구 도봉동 655번지
11320,10800,0,0655,0000,래미안도봉아파트,,표제부,공동주택,지하주차장,0,0,14065.94,20050218,0,2,서울특별시 도봉구 도봉동 655번지
11320,10800,0,0655,0001,래미안도봉아파트,,표제부,제1종근린생활시설,근린생활시설,231,133.46,264.36,20050218,2,0,서울특별시 도봉구 도봉동 655-1번지
11320,10800,0,0656,0000,양우내안애아파트,,표제부,공동주택,경비실,0,9.36,9.36,20050629,1,0,서울특별시 도봉구 도봉동 656번지
11320,10800,0,0656,0000,양우내안애아파트,,표제부,공동주택,공동주택,0,350.54,3487.8,20050629,12,0,서울특별시 도봉구 도봉동 656번지
11320,10800,0,0656,0000,양우내안애아파트,,표제부,공동주택,공동주택,0,977.06,9442.43,20050629,15,0,서울특별시 도봉구 도봉동 656번지
11320,10800,0,0656,0000,양우내안애아파트,,표제부,제1종근린생활시설,"근린생활시설,관리실,노인정,MDF실",0,82.68,245.84,20050629,3,0,서울특별시 도봉구 도봉동 656번지
11320,10800,0,0656,0000,양우내안애아파트,,표제부,공동주택,"지하주차장,기계실,전기실",0,0,5171.13,20050629,0,1,서울특별시 도봉구 도봉동 656번지
11320,10800,0,0656,0000,양우내안애아파트,,표제부,공동주택,공동주택,0,245.77,2779.92,20050629,13,0,서울특별시 도봉구 도봉동 656번지
11320,10800,0,0657,0000,도봉한양수자인,,표제부,공동주택,"공동주택(아파트),판매시설",3194.7,1907.99,19204.68,20101227,15,3,서울특별시 도봉구 도봉동 657번지
11320,10800,1,0011,0004,,,일반건축물,수련시설,수련시설(청소년수련원),43436,1149.43,2992.77,20050817,3,2,서울특별시 도봉구 도봉동 산11-4번지
11320,10800,1,0029,0000,,,일반건축물,제1종근린생활시설,영업,0,0,119.01,19560408,2,0,서울특별시 도봉구 도봉동 산29번지
11320,10800,1,0029,0010,,,일반건축물,단독주택,"주택, 사찰",0,149.42,149.42,19530310,1,0,서울특별시 도봉구 도봉동 산29-10번지
11320,10800,1,0029,0073,,,일반건축물,단독주택,주택,0,59.5,119,19621122,2,0,서울특별시 도봉구 도봉동 산29-73번지
11320,10800,1,0029,0083,,,일반건축물,단독주택,주택,0,39.67,39.67,,1,0,서울특별시 도봉구 도봉동 산29-83번지
11320,10800,1,0029,0089,,,일반건축물,숙박시설,산장,0,91.74,115.84,19701222,2,0,서울특별시 도봉구 도봉동 산29-89번지
11320,10800,1,0029,0099,,,일반건축물,제2종근린생활시설,제1종근린생활시설(기타공공시설),500,99,99,20040107,1,0,서울특별시 도봉구 도봉동 산29-99번지
11320,10800,1,0031,0000,,,일반건축물,제1종근린생활시설,화장실,0,44.89,44.89,19870531,1,0,서울특별시 도봉구 도봉동 산31번지
11320,10800,1,0031,0000,,,일반건축물,숙박시설,산장,0,149.98,299.96,19701222,2,0,서울특별시 도봉구 도봉동 산31번지
11320,10800,1,0039,0000,천축사,,일반건축물,종교시설,종교시설(사찰),29477,808.05,1107.01,,2,1,서울특별시 도봉구 도봉동 산39번지
11320,10800,1,0067,0000,,,일반건축물,단독주택,주택,0,0,39.67,,1,0,서울특별시 도봉구 도봉동 산67번지
11320,10800,1,0086,0002,자현암,,일반건축물,종교시설,문화및종교집회시설,0,15.12,13.44,20000209,1,0,서울특별시 도봉구 도봉동 산86-2번지
11320,10800,1,0086,0002,자현암,,일반건축물,종교시설,문화및종교집회시설,0,59.17,41.65,20000209,1,0,서울특별시 도봉구 도봉동 산86-2번지
11320,10800,1,0086,0002,자현암,,일반건축물,종교시설,문화및종교집회시설,0,179.41,306.2,20000209,2,1,서울특별시 도봉구 도봉동 산86-2번지
11320,10800,1,0086,0002,자현암,,일반건축물,종교시설,종각,367339,9,9,20111212,1,0,서울특별시 도봉구 도봉동 산86-2번지
11320,10800,1,0088,0000,생활관 실습실,,일반건축물,수련시설,생활관 실습실,0,23.14,23.14,,1,0,서울특별시 도봉구 도봉동 산88번지
11320,10800,1,0088,0000,생활관 실습실,,일반건축물,수련시설,생활관 실습실,0,241.32,241.32,,1,0,서울특별시 도봉구 도봉동 산88번지
11320,10800,1,0088,0000,생활관 실습실,,일반건축물,교육연구시설,교육연구 및 복지시설,0,72.73,72.73,20020104,1,0,서울특별시 도봉구 도봉동 산88번지
11320,10800,1,0088,0000,생활관 실습실,,일반건축물,교육연구시설,교육연구 및 복지시설,116231,33.04,33.04,20160619,1,0,서울특별시 도봉구 도봉동 산88번지
11320,10800,1,0091,0001,,,일반건축물,단독주택,주택,0,59.85,59.85,19850912,1,0,서울특별시 도봉구 도봉동 산91-1번지
11320,10800,1,0107,0002,,,일반건축물,단독주택,주택,0,47.94,47.94,,1,0,서울특별시 도봉구 도봉동 산107-2번지
