sigunguCd,bjdongCd,platGbCd,bun,ji,bldNm,splotNm,regstrKindCdNm,mainPurpsCdNm,etcPurps,platArea,archArea,totArea,useAprDay,grndFlrCnt,ugrndFlrCnt,platPlc
11350,10200,0,0001,0001,한내근린공원 관리사무소,,일반건축물,제1종근린생활시설,제1종근린생활시설,20300,86.58,71.82,20010530,1,0,서울특별시 노원구 월계동 1-1번지
11350,10200,0,0001,0001,한내 지혜의 숲,,일반건축물,제1종근린생활시설,제1종근린생활시설,14382,359.37,359.37,20170321,1,0,서울특별시 노원구 월계동 1-1번지
11350,10200,0,0003,0007,서울한천초등학교,,일반건축물,교육연구시설,창고,0,36,36,19970203,1,0,서울특별시 노원구 월계동 3-7번지
11350,10200,0,0003,0007,서울한천초등학교,,일반건축물,교육연구시설,창고,0,36,36,19970203,1,0,서울특별시 노원구 월계동 3-7번지
11350,10200,0,0003,0007,서울한천초등학교,,일반건축물,교육연구시설,교육연구시설,11790.2,670.5,2767.5,19970203,4,0,서울특별시 노원구 월계동 3-7번지
11350,10200,0,0003,0007,서울한천초등학교,,일반건축물,교육연구시설,창고,0,28.08,28.08,19970203,1,0,서울특별시 노원구 월계동 3-7번지
11350,10200,0,0003,0007,서울한천초등학교,,일반건축물,교육연구시설,교육연구시설,11790.2,1228.5,4792.5,19970203,4,1,서울특별시 노원구 월계동 3-7번지
11350,10200,0,0012,0000,,,표제부,공동주택,아파트,0,595.29,8684.66,19870706,14,1,서울특별시 노원구 월계동 12번지
11350,10200,0,0012,0000,,,표제부,공동주택,아파트,0,761.26,11152.56,19870706,14,1,서울특별시 노원구 월계동 12번지
11350,10200,0,0012,0000,,,표제부,공동주택,아파트,0,535.66,7806,19870706,14,1,서울특별시 노원구 월계동 12번지
11350,10200,0,0012,0000,,,표제부,공동주택,아파트,0,714.41,10475.96,19870706,14,1,서울특별시 노원구 월계동 12번지
11350,10200,0,0012,0000,,,표제부,제1종근린생활시설,상가,0,368.3,368.3,19870706,1,0,서울특별시 노원구 월계동 12번지
11350,10200,0,0012,0000,,,표제부,공동주택,아파트,0,526.32,7656.25,19870706,14,1,서울특별시 노원구 월계동 12번지
11350,10200,0,0012,0000,,,표제부,공동주택,아파트,0,761.26,11152.56,19870706,14,1,서울특별시 노원구 월계동 12번지
11350,10200,0,0012,0000,,,표제부,공동주택,아파트,0,585.95,8539.75,19870706,14,1,서울특별시 노원구 월계동 12번지
11350,10200,0,0013,0000,,,표제부,공동주택,아파트,0,822.71,11996.04,19860831,14,1,서울특별시 노원구 월계동 13번지
11350,10200,0,0013,0000,,,일반건축물,제1종근린생활시설,목욕탕,0,183.6,501.6,19860731,2,1,서울특별시 노원구 월계동 13번지
11350,10200,0,0013,0000,,,표제부,근린생활시설,상가,0,0,3657.13,19860731,2,1,서울특별시 노원구 월계동 13번지
11350,10200,0,0013,0000,,,표제부,공동주택,아파트,0,480.07,2630.93,19860731,5,1,서울특별시 노원구 월계동 13번지
11350,10200,0,0013,0000,,,표제부,공동주택,중간기계실,0,0,1121.6,19860607,0,1,서울특별시 노원구 월계동 13번지
11350,10200,0,0013,0000,,,표제부,공동주택,아파트,0,754.41,11043.72,19860607,14,1,서울특별시 노원구 월계동 13번지
11350,10200,0,0013,0000,,,표제부,공동주택,아파트,0,634.61,9175.03,19860831,14,1,서울특별시 노원구 월계동 13번지
11350,10200,0,0013,0000,,,표제부,공동주택,중앙공급실,0,0,2944.7,19860607,0,1,서울특별시 노원구 월계동 13번지
11350,10200,0,0013,0000,,,표제부,공동주택,아파트,0,754.41,11043.72,19860607,14,1,서울특별시 노원구 월계동 13번지
11350,10200,0,0013,0000,,,표제부,공동주택,아파트,0,399.86,2197.36,19860731,5,1,서울특별시 노원구 월계동 13번지
11350,10200,0,0013,0000,,,표제부,공동주택,아파트,0,754.41,11043.72,19860607,14,1,서울특별시 노원구 월계동 13번지
11350,10200,0,0013,0000,,,표제부,공동주택,아파트,0,399.86,2197.36,19860731,5,1,서울특별시 노원구 월계동 13번지
11350,10200,0,0013,0000,,,표제부,공동주택,아파트,0,480.07,2630.93,19860731,5,1,서울특별시 노원구 월계동 13번지
11350,10200,0,0013,0000,,,표제부,공동주택,아파트,0,754.41,11043.72,19860607,14,1,서울특별시 노원구 월계동 13번지
11350,10200,0,0013,0000,,,표제부,공동주택,아파트,0,399.86,2197.36,19860731,5,1,서울특별시 노원구 월계동 13번지
11350,10200,0,0013,0000,,,표제부,공동주택,아파트,0,480.07,2630.93,19860731,5,1,서울특별시 노원구 월계동 13번지
11350,10200,0,0013,0000,,,표제부,공동주택,아파트,0,822.71,11996.04,19860831,14,1,서울특별시 노원구 월계동 13번지
11350,10200,0,0013,0000,,,표제부,공동주택,아파트,0,822.71,11996.04,19860831,14,1,서울특별시 노원구 월계동 13번지
11350,10200,0,0013,0000,,,표제부,공동주택,아파트,0,780.09,11455.44,19860731,14,1,서울특별시 노원구 월계동 13번지
11350,10200,0,0013,0000,,,표제부,공동주택,아파트,0,754.41,11043.72,19860607,14,1,서울특별시 노원구 월계동 13번지
11350,10200,0,0013,0000,,,표제부,공동주택,아파트,0,719.87,10563.22,19860731,14,1,서울특별시 노원구 월계동 13번지
11350,10200,0,0013,0000,,,표제부,공동주택,아파트,0,754.41,11043.72,19860607,14,1,서울특별시 노원구 월계동 13번지
11350,10200,0,0013,0000,,,표제부,공동주택,경비실,0,29.39,29.39,19860607,1,0,서울특별시 노원구 월계동 13번지
11350,10200,0,0013,0000,,,표제부,공동주택,아파트,0,634.61,9175.03,19860831,14,1,서울특별시 노원구 월계동 13번지
11350,10200,0,0013,0000,유치원,,일반건축물,노유자시설,유치원,0,909.34,1060.28,19860831,1,1,서울특별시 노원구 월계동 13번지
11350,10200,0,0013,0000,,,표제부,공동주택,"노인정,독서실",0,1121.82,1121.82,19860607,1,0,서울특별시 노원구 월계동 13번지
11350,10200,0,0013,0000,,,표제부,공동주택,공중변소,0,68.38,68.38,19860607,1,0,서울특별시 노원구 월계동 13번지
11350,10200,0,0013,0000,,,표제부,공동주택,아파트,0,719.87,10563.22,19860731,14,1,서울특별시 노원구 월계동 13번지
11350,10200,0,0013,0000,,,표제부,공동주택,아파트,0,719.87,10563.22,19860731,14,1,서울특별시 노원구 월계동 13번지
11350,10200,0,0013,0000,,,표제부,공동주택,아파트,0,754.41,11043.72,19860607,14,1,서울특별시 노원구 월계동 13번지
11350,10200,0,0013,0000,,,표제부,공동주택,아파트,0,480.07,2630.93,19860731,5,1,서울특별시 노원구 월계동 13번지
11350,10200,0,0013,0000,,,표제부,공동주택,아파트,0,754.41,11043.72,19860607,14,1,서울특별시 노원구 월계동 13번지
11350,10200,0,0013,0000,,,표제부,공동주택,아파트,0,719.87,10563.22,19860731,14,1,서울특별시 노원구 월계동 13번지
11350,10200,0,0013,0000,,,표제부,공동주택,아파트,0,634.61,9175.03,19860831,14,1,서울특별시 노원구 월계동 13번지
11350,10200,0,0013,0000,,,표제부,공동주택,아파트,0,780.09,11455.44,19860731,14,1,서울특별시 노원구 월계동 13번지
11350,10200,0,0013,0000,,,표제부,공동주택,아파트,0,399.86,2197.36,19860731,5,1,서울특별시 노원구 월계동 13번지
11350,10200,0,0013,0000,,,표제부,공동주택,아파트,0,754.41,11043.72,19860607,14,1,서울특별시 노원구 월계동 13번지
11350,10200,0,0013,0000,,,표제부,공동주택,"관리사무실,체육관",0,504,504,19860607,1,0,서울특별시 노원구 월계동 13번지
11350,10200,0,0013,0000,,,표제부,근린생활시설,상가,0,0,3648,19860607,3,1,서울특별시 노원구 월계동 13번지
11350,10200,0,0013,0000,,,표제부,공동주택,아파트,0,780.09,11455.44,19860731,14,1,서울특별시 노원구 월계동 13번지
11350,10200,0,0013,0000,,,표제부,공동주택,아파트,0,480.07,2630.93,19860731,5,1,서울특별시 노원구 월계동 13번지
11350,10200,0,0013,0000,,,표제부,공동주택,아파트,0,822.71,11996.04,19860831,14,1,서울특별시 노원구 월계동 13번지
11350,10200,0,0015,0001,월계3동 주민센터,,일반건축물,제1종근린생활시설,근린공공시설,330.12,184.5,660.5,19881220,3,1,서울특별시 노원구 월계동 15-1번지
11350,10200,0,0015,0002,,,일반건축물,제1종근린생활시설,,0,67.08,134.16,19901230,2,0,서울특별시 노원구 월계동 15-2번지
11350,10200,0,0015,0003,,,일반건축물,제1종근린생활시설,근린공공시설,0,0,263.95,19880728,2,1,서울특별시 노원구 월계동 15-3번지
11350,10200,0,0018,0000,그랑빌아파트,,표제부,공동주택,공동주택(아파트),0,650.72,14489.2,20021018,27,0,서울특별시 노원구 월계동 18번지
11350,10200,0,0018,0000,그랑빌아파트,,표제부,공동주택,공동주택(아파트),0,514.48,8482.6,20021018,22,0,서울특별시 노원구 월계동 18번지
11350,10200,0,0018,0000,그랑빌아파트,,표제부,공동주택,경비실,0,9.96,9.96,20021018,1,0,서울특별시 노원구 월계동 18번지
11350,10200,0,0018,0000,그랑빌아파트,,표제부,공동주택,경비실,0,9.96,9.96,20021213,1,0,서울특별시 노원구 월계동 18번지
11350,10200,0,0018,0000,그랑빌아파트,,표제부,공동주택,"지하주차장,대피소",0,0,13752.89,20021018,0,3,서울특별시 노원구 월계동 18번지
11350,10200,0,0018,0000,그랑빌아파트,,표제부,공동주택,공동주택(아파트),0,393.04,7438.76,20021018,25,0,서울특별시 노원구 월계동 18번지
11350,10200,0,0018,0000,그랑빌아파트,,표제부,공동주택,"지하주차장,대피소",0,0,22802.77,20021018,0,3,서울특별시 노원구 월계동 18번지
11350,10200,0,0018,0000,그랑빌아파트,,표제부,공동주택,"지하주차장,기계실,전기실,대피소",0,0,18123.46,20021018,0,3,서울특별시 노원구 월계동 18번지
11350,10200,0,0018,0000,그랑빌아파트,,표제부,제1종근린생활시설,근린생활시설,0,277.02,873.36,20021018,3,1,서울특별시 노원구 월계동 18번지
11350,10200,0,0018,0000,그랑빌아파트,,표제부,공동주택,"지하주차장,대피소",0,0,14913.41,20021018,0,3,서울특별시 노원구 월계동 18번지
11350,10200,0,0018,0000,그랑빌아파트,,표제부,공동주택,공동주택(아파트),0,839.84,15217.38,20021018,27,0,서울특별시 노원구 월계동 18번지
11350,10200,0,0018,0000,그랑빌아파트,,표제부,공동주택,공동주택(아파트),0,773.8,16548.6,20021018,28,0,서울특별시 노원구 월계동 18번지
11350,10200,0,0018,0000,그랑빌아파트,,표제부,공동주택,경비실,0,9.96,9.96,20021018,1,0,서울특별시 노원구 월계동 18번지
11350,10200,0,0018,0000,그랑빌아파트,,표제부,공동주택,공동주택(아파트),0,732.84,17382.4,20021018,28,0,서울특별시 노원구 월계동 18번지
11350,10200,0,0018,0000,그랑빌아파트,,표제부,공동주택,"지하주차장,기계실,전기실,중앙감시실,대피소",0,0,27983.84,20021018,0,3,서울특별시 노원구 월계동 18번지
11350,10200,0,0018,0000,그랑빌아파트,,표제부,공동주택,경비실,0,9.96,9.96,20021018,1,0,서울특별시 노원구 월계동 18번지
11350,10200,0,0018,0000,그랑빌아파트,,표제부,공동주택,공동주택(아파트),0,393.04,4142.84,20021018,14,0,서울특별시 노원구 월계동 18번지
11350,10200,0,0018,0000,그랑빌아파트,,표제부,공동주택,"노인정,관리실,기타집회장",0,531.55,1449.71,20021018,3,0,서울특별시 노원구 월계동 18번지
11350,10200,0,0018,0000,그랑빌아파트,,표제부,공동주택,경비실,0,9.96,9.96,20021018,1,0,서울특별시 노원구 월계동 18번지
11350,10200,0,0018,0000,그랑빌아파트,,표제부,공동주택,경비실,0,9.96,9.96,20021018,1,0,서울특별시 노원구 월계동 18번지
11350,10200,0,0018,0000,그랑빌아파트,,표제부,공동주택,경비실,0,9.96,9.96,20021018,1,0,서울특별시 노원구 월계동 18번지
11350,10200,0,0018,0000,그랑빌아파트,,표제부,공동주택,"지하주차장,대피소",0,0,15096.33,20021018,0,3,서울특별시 노원구 월계동 18번지
11350,10200,0,0018,0000,그랑빌아파트,,표제부,공동주택,공동주택(아파트),0,773.8,14884.59,20021018,28,0,서울특별시 노원구 월계동 18번지
11350,10200,0,0018,0000,그랑빌아파트,,표제부,공동주택,"지하주차장,대피소",0,0,17220.18,20021018,0,3,서울특별시 노원구 월계동 18번지
11350,10200,0,0018,0000,그랑빌아파트,,표제부,공동주택,경비실,0,9.96,9.96,20021018,1,0,서울특별시 노원구 월계동 18번지
11350,10200,0,0018,0000,그랑빌아파트,,표제부,공동주택,경비실,0,9.96,9.96,20021018,1,0,서울특별시 노원구 월계동 18번지
11350,10200,0,0018,0000,그랑빌아파트,,표제부,공동주택,공동주택(아파트),0,389.68,5170.16,20021018,18,0,서울특별시 노원구 월계동 18번지
11350,10200,0,0018,0000,그랑빌아파트,,표제부,공동주택,공동주택(아파트),0,622.24,13731.43,20021018,27,0,서울특별시 노원구 월계동 18번지
11350,10200,0,0018,0000,그랑빌아파트,,표제부,공동주택,공동주택(아파트),0,652.36,12500.7,20021018,27,0,서울특별시 노원구 월계동 18번지
11350,10200,0,0018,0000,그랑빌아파트,,표제부,공동주택,공동주택(아파트),0,650.72,13685.8,20021018,26,0,서울특별시 노원구 월계동 18번지
11350,10200,0,0018,0000,그랑빌아파트,,표제부,공동주택,공동주택(아파트),0,910.04,20675.2,20021018,28,0,서울특별시 노원구 월계동 18번지
11350,10200,0,0018,0000,그랑빌아파트,,표제부,공동주택,경비실,0,9.96,9.96,20021018,1,0,서울특별시 노원구 월계동 18번지
11350,10200,0,0018,0000,그랑빌아파트,,표제부,공동주택,공동주택(아파트),0,577.6,12833.33,20021018,27,0,서울특별시 노원구 월계동 18번지
11350,10200,0,0018,0000,그랑빌아파트,,표제부,공동주택,경비실,0,9.96,9.96,20021018,1,0,서울특별시 노원구 월계동 18번지
11350,10200,0,0018,0000,그랑빌아파트,,표제부,공동주택,공동주택(아파트),0,516.56,8947.92,20021018,23,0,서울특별시 노원구 월계동 18번지
11350,10200,0,0018,0000,그랑빌아파트,,표제부,공동주택,"지하주차장,대피소",0,0,12678.36,20021018,0,3,서울특별시 노원구 월계동 18번지
11350,10200,0,0018,0000,그랑빌아파트,,표제부,공동주택,공동주택(아파트),0,650.72,13685.8,20021018,27,0,서울특별시 노원구 월계동 18번지
11350,10200,0,0018,0000,그랑빌아파트,,표제부,제1종근린생활시설,근린생활시설,0,1720.9,13394.3,20021018,4,3,서울특별시 노원구 월계동 18번지
11350,10200,0,0018,0000,그랑빌아파트,,표제부,공동주택,공동주택(아파트),0,622.24,13127.53,20021018,27,0,서울특별시 노원구 월계동 18번지
11350,10200,0,0018,0000,그랑빌아파트,,표제부,노유자시설,보육시설,0,161.36,490.81,20021018,3,1,서울특별시 노원구 월계동 18번지
11350,10200,0,0018,0000,그랑빌아파트,,표제부,공동주택,경비실,0,9.96,9.96,20021018,1,0,서울특별시 노원구 월계동 18번지
11350,10200,0,0018,0000,그랑빌아파트,,표제부,공동주택,공동주택(아파트),0,589.56,10477.56,20021018,23,0,서울특별시 노원구 월계동 18번지
11350,10200,0,0018,0000,그랑빌아파트,,표제부,공동주택,공동주택(아파트),0,604.52,11833.25,20021018,27,0,서울특별시 노원구 월계동 18번지
11350,10200,0,0018,0000,그랑빌아파트,,표제부,공동주택,공동주택(아파트),0,773.8,16951.2,20021018,28,0,서울특별시 노원구 월계동 18번지
11350,10200,0,0018,0000,그랑빌아파트,,표제부,공동주택,공동주택(아파트),0,773.8,15519.85,20021018,27,0,서울특별시 노원구 월계동 18번지
11350,10200,0,0018,0000,그랑빌아파트,,표제부,공동주택,경비실,0,9.96,9.96,20021018,1,0,서울특별시 노원구 월계동 18번지
11350,10200,0,0018,0000,그랑빌아파트,,표제부,노유자시설,유치원,0,219.78,701.28,20021018,3,1,서울특별시 노원구 월계동 18번지
11350,10200,0,0018,0000,그랑빌아파트,,표제부,공동주택,공동주택(아파트),0,652.36,12034.32,20021018,25,0,서울특별시 노원구 월계동 18번지
11350,10200,0,0018,0000,그랑빌아파트,,표제부,공동주택,"지하주차장,대피소",0,0,8157.3,20021018,0,3,서울특별시 노원구 월계동 18번지
11350,10200,0,0018,0000,그랑빌아파트,,표제부,공동주택,공동주택(아파트),0,725.66,15919.94,20021018,28,0,서울특별시 노원구 월계동 18번지
11350,10200,0,0018,0000,그랑빌아파트,,표제부,공동주택,공동주택(아파트),0,582.6,10817.3,20021018,23,0,서울특별시 노원구 월계동 18번지
11350,10200,0,0018,0000,그랑빌아파트,,표제부,공동주택,공동주택(아파트),0,625.74,13660.46,20021018,27,0,서울특별시 노원구 월계동 18번지
11350,10200,0,0021,0013,,,표제부,공동주택,"주택,점포,제1종근린생활시설",0,98.25,294.75,19780304,2,1,서울특별시 노원구 월계동 21-13번지
11350,10200,0,0021,0015,,,일반건축물,제1종근린생활시설,"근린생활시설, 단독주택",0,48.1,141.9,19860716,2,1,서울특별시 노원구 월계동 21-15번지
11350,10200,0,0021,0016,,,표제부,공동주택,다세대주택,0,66.66,201.33,19860909,2,1,서울특별시 노원구 월계동 21-16번지
11350,10200,0,0021,0017,,,일반건축물,제1종근린생활시설,"근린생활시설, 단독주택",0,47.4,139.7,19860909,2,1,서울특별시 노원구 월계동 21-17번지
11350,10200,0,0021,0018,,,일반건축물,단독주택,주택,0,37.89,37.89,19850904,1,0,서울특별시 노원구 월계동 21-18번지
11350,10200,0,0021,0019,,,일반건축물,제2종근린생활시설,제2종근린생활시설(종교집회장),106,56.12,214.76,20110426,3,1,서울특별시 노원구 월계동 21-19번지
11350,10200,0,0021,0020,,,일반건축물,단독주택,주택,0,63.09,189.27,19830704,2,1,서울특별시 노원구 월계동 21-20번지
11350,10200,0,0021,0021,,,일반건축물,제2종근린생활시설,근린생활시설,0,55.8,111.6,19741221,2,0,서울특별시 노원구 월계동 21-21번지
11350,10200,0,0021,0023,,,일반건축물,제2종근린생활시설,"근린생활시설, 단독주택",0,153.59,569.26,19751027,3,1,서울특별시 노원구 월계동 21-23번지
11350,10200,0,0021,0034,,,일반건축물,제1종근린생활시설,근린생활시설,0,143.14,444.23,19770210,3,1,서울특별시 노원구 월계동 21-34번지
11350,10200,0,0026,0001,,,일반건축물,단독주택,다중주택,152,75.46,293.92,20160226,3,1,서울특별시 노원구 월계동 26-1번지
11350,10200,0,0026,0008,,,일반건축물,단독주택,다가구용단독주택,124,74.13,270.26,19970627,3,1,서울특별시 노원구 월계동 26-8번지
11350,10200,0,0026,0009,,,일반건축물,단독주택,주택,0,74.35,98.12,19761120,1,1,서울특별시 노원구 월계동 26-9번지
11350,10200,0,0026,0010,,,일반건축물,제2종근린생활시설,"근린생활시설, 주택",215,94.96,494.42,19940722,4,1,서울특별시 노원구 월계동 26-10번지
11350,10200,0,0026,0011,,,일반건축물,단독주택,근린생활시설 및 다중주택,124,61.46,325.49,20180718,6,0,서울특별시 노원구 월계동 26-11번지
11350,10200,0,0026,0012,,,일반건축물,단독주택,주택,0,61.56,184.68,19870928,2,1,서울특별시 노원구 월계동 26-12번지
11350,10200,0,0026,0013,,,일반건축물,근린생활시설,"근린생활시설, 2종근린생활시설",0,0,628.8,19831221,3,1,서울특별시 노원구 월계동 26-13번지
11350,10200,0,0026,0014,,,일반건축물,단독주택,주택,0,72.5,114.42,19760904,1,1,서울특별시 노원구 월계동 26-14번지
11350,10200,0,0026,0015,,,일반건축물,단독주택,근린생활시설 및 다중주택,124,61.46,325.49,20180718,6,0,서울특별시 노원구 월계동 26-15번지
11350,10200,0,0026,0016,,,일반건축물,단독주택,주택,0,88.6,128.57,19760925,1,1,서울특별시 노원구 월계동 26-16번지
11350,10200,0,0026,0017,,,일반건축물,단독주택,주택,0,78.64,125.42,19761230,1,1,서울특별시 노원구 월계동 26-17번지
11350,10200,0,0026,0018,,,일반건축물,제1종근린생활시설,"근린생활시설, 점포",0,279.15,978.06,19780213,3,1,서울특별시 노원구 월계동 26-18번지
11350,10200,0,0026,0019,,,일반건축물,단독주택,"주택, 근린생활시설",0,95.93,106.74,19760904,1,1,서울특별시 노원구 월계동 26-19번지
11350,10200,0,0026,0021,,,일반건축물,단독주택,주택,0,81.59,96.01,19760904,1,1,서울특별시 노원구 월계동 26-21번지
11350,10200,0,0026,0022,,,일반건축물,단독주택,다가구용단독주택,140,82.47,290.03,19941205,3,1,서울특별시 노원구 월계동 26-22번지
11350,10200,0,0026,0023,,,일반건축물,단독주택,"근린생활시설, 다가구주택",140,82.34,247.02,20010410,3,0,서울특별시 노원구 월계동 26-23번지
11350,10200,0,0026,0024,,,표제부,공동주택,"점포, 주택",0,106.38,236.69,19780310,2,1,서울특별시 노원구 월계동 26-24번지
11350,10200,0,0026,0026,,,일반건축물,단독주택,주택,0,0,131.7,19761209,1,1,서울특별시 노원구 월계동 26-26번지
11350,10200,0,0026,0027,,,일반건축물,단독주택,주택,0,76.5,128.57,19761204,1,1,서울특별시 노원구 월계동 26-27번지
11350,10200,0,0026,0028,,,일반건축물,단독주택,주택,0,79.11,158.22,19781024,1,1,서울특별시 노원구 월계동 26-28번지
11350,10200,0,0026,0031,,,일반건축물,단독주택,주택,0,72.63,120.46,19770721,1,1,서울특별시 노원구 월계동 26-31번지
11350,10200,0,0026,0032,,,일반건축물,단독주택,주택,0,68.4,91.08,19770720,1,1,서울특별시 노원구 월계동 26-32번지
11350,10200,0,0028,0000,,,일반건축물,단독주택,주택,0,69.59,92.4,19780303,1,1,서울특별시 노원구 월계동 28번지
11350,10200,0,0028,0001,,,일반건축물,단독주택,"근린생활시설, 주택",154.35,92.2,366.39,19950729,3,1,서울특별시 노원구 월계동 28-1번지
11350,10200,0,0028,0002,,,일반건축물,단독주택,"다가구용단독주택, 근린생활시설",145.99,87.54,249.2,19930904,2,0,서울특별시 노원구 월계동 28-2번지
11350,10200,0,0028,0006,,,일반건축물,단독주택,주택,0,87.5,131.27,19771214,1,1,서울특별시 노원구 월계동 28-6번지
11350,10200,0,0028,0007,,,일반건축물,단독주택,주택,0,80.46,246.51,19870813,2,1,서울특별시 노원구 월계동 28-7번지
11350,10200,0,0028,0008,,,일반건축물,단독주택,다가구용 단독주택(8가구),0,99.18,396.72,19911107,3,1,서울특별시 노원구 월계동 28-8번지
11350,10200,0,0028,0009,,,일반건축물,단독주택,주택,0,74.78,99.71,19771223,1,1,서울특별시 노원구 월계동 28-9번지
11350,10200,0,0028,0011,,,일반건축물,단독주택,단독주택(다중주택),151,75.26,268.53,20140415,3,1,서울특별시 노원구 월계동 28-11번지
11350,10200,0,0028,0013,,,일반건축물,단독주택,주택,0,73.36,99.01,19780622,1,1,서울특별시 노원구 월계동 28-13번지
11350,10200,0,0033,0006,,,일반건축물,제2종근린생활시설,제2종근린생활시설,179,89.48,462.74,20100903,6,0,서울특별시 노원구 월계동 33-6번지
11350,10200,0,0033,0011,,,일반건축물,단독주택,다가구용단독주택,143.94,86.06,215.26,19921021,3,1,서울특별시 노원구 월계동 33-11번지
11350,10200,0,0037,0004,,,일반건축물,단독주택,"근린생활시설, 주택",129,76.68,298.08,19950729,3,1,서울특별시 노원구 월계동 37-4번지
11350,10200,0,0037,0005,세종캐슬,,표제부,공동주택,다세대주택,215,107.13,517.26,20160202,6,0,서울특별시 노원구 월계동 37-5번지
11350,10200,0,0037,0006,,,일반건축물,단독주택,다가구용 단독주택(7가구),0,0,299.92,19911125,3,1,서울특별시 노원구 월계동 37-6번지
11350,10200,0,0037,0007,,,일반건축물,단독주택,주택,0,77.69,163.71,19760527,2,1,서울특별시 노원구 월계동 37-7번지
11350,10200,0,0037,0008,,,일반건축물,단독주택,주택,0,71.34,98.65,19760521,2,1,서울특별시 노원구 월계동 37-8번지
11350,10200,0,0037,0009,,,일반건축물,단독주택,주택,0,70.38,145.69,19760524,2,1,서울특별시 노원구 월계동 37-9번지
11350,10200,0,0037,0010,모아 빌,,표제부,공동주택,다세대주택,286,142.63,700.13,20210826,6,1,서울특별시 노원구 월계동 37-10번지
11350,10200,0,0037,0012,,,일반건축물,단독주택,단독주택(다가구주택),140.23,70.04,264.35,20140715,4,0,서울특별시 노원구 월계동 37-12번지
11350,10200,0,0037,0013,,,일반건축물,단독주택,주택,0,0,92.7,19760619,1,1,서울특별시 노원구 월계동 37-13번지
11350,10200,0,0037,0014,,,일반건축물,단독주택,주택,0,65.03,73.29,19760515,1,1,서울특별시 노원구 월계동 37-14번지
11350,10200,0,0037,0015,,,일반건축물,제2종근린생활시설,제2종근린생활시설,192,94.45,433.92,20060830,6,0,서울특별시 노원구 월계동 37-15번지
11350,10200,0,0037,0016,,,일반건축물,단독주택,"근린생활시설, 다가구주택",238,141.62,431.2,19751230,3,1,서울특별시 노원구 월계동 37-16번지
11350,10200,0,0038,0001,,,일반건축물,단독주택,주택,0,69.12,142.24,19760209,2,1,서울특별시 노원구 월계동 38-1번지
11350,10200,0,0038,0006,,,일반건축물,제1종근린생활시설,"근린생활시설, 숙박시설, 단독주택",331,194.54,727.14,19820601,4,1,서울특별시 노원구 월계동 38-6번지
11350,10200,0,0038,0024,,,일반건축물,단독주택,주택,0,66.41,142.12,19751230,2,1,서울특별시 노원구 월계동 38-24번지
11350,10200,0,0038,0025,,,일반건축물,단독주택,근린생활시설 및 다가구주택,248,122.98,618.87,20180511,6,0,서울특별시 노원구 월계동 38-25번지
11350,10200,0,0038,0028,,,일반건축물,단독주택,주택,0,72.99,143.21,19751229,2,1,서울특별시 노원구 월계동 38-28번지
11350,10200,0,0038,0030,,,일반건축물,근린생활시설,근린생활시설,159,83.67,172.05,19781129,2,1,서울특별시 노원구 월계동 38-30번지
11350,10200,0,0038,0031,,,일반건축물,제1종근린생활시설,"주택, 근린생활시설",0,79.93,161.22,19760921,2,1,서울특별시 노원구 월계동 38-31번지
11350,10200,0,0038,0032,,,일반건축물,제2종근린생활시설,근린생활시설,264,153.03,717.56,19761011,4,1,서울특별시 노원구 월계동 38-32번지
11350,10200,0,0038,0033,,,일반건축물,단독주택,다가구용단독주택,221,118.36,417.3,19971025,3,1,서울특별시 노원구 월계동 38-33번지
11350,10200,0,0046,0001,,,표제부,제2종근린생활시설,근린생활시설 및 업무시설,932,433.44,2851.59,19890830,5,1,서울특별시 노원구 월계동 46-1번지
11350,10200,0,0046,0002,,,일반건축물,제2종근린생활시설,근린생활시설,0,81.72,342.44,19900308,3,1,서울특별시 노원구 월계동 46-2번지
11350,10200,0,0046,0013,,,일반건축물,제2종근린생활시설,근린생활시설,0,0,895.44,19891129,4,1,서울특별시 노원구 월계동 46-13번지
11350,10200,0,0047,0002,,,일반건축물,단독주택,다가구용단독주택,134.64,80.7,238.5,19940411,2,1,서울특별시 노원구 월계동 47-2번지
11350,10200,0,0047,0003,,,일반건축물,제1종근린생활시설,"근린생활시설, 주택",299,155.97,1021.47,19950728,6,1,서울특별시 노원구 월계동 47-3번지
11350,10200,0,0047,0013,,,표제부,제2종근린생활시설,근린생활시설,472,234.92,1103.48,19871209,4,1,서울특별시 노원구 월계동 47-13번지
11350,10200,0,0047,0014,,,일반건축물,단독주택,다가구용단독주택,132,77.98,224.59,19941124,3,1,서울특별시 노원구 월계동 47-14번지
11350,10200,0,0047,0015,,,일반건축물,제1종근린생활시설,"근린생활시설, 주택",0,65.17,316.61,19870302,4,1,서울특별시 노원구 월계동 47-15번지
11350,10200,0,0047,0017,,,일반건축물,제1종근린생활시설,"근린생활시설, 단독주택",0,49.08,144.84,19870603,2,1,서울특별시 노원구 월계동 47-17번지
11350,10200,0,0047,0018,,,일반건축물,단독주택,"연립주택,근린생활시설",0,0,206.16,19771012,3,1,서울특별시 노원구 월계동 47-18번지
11350,10200,0,0047,0019,,,일반건축물,제1종근린생활시설,근린생활시설,93,55.57,123.37,19761224,2,1,서울특별시 노원구 월계동 47-19번지
11350,10200,0,0050,0001,더사랑빌딩,,일반건축물,의료시설,의료시설,1591,802.5,7978.31,19950729,7,3,서울특별시 노원구 월계동 50-1번지
11350,10200,0,0050,0029,,,일반건축물,제2종근린생활시설,"근린생활시설,업무시설,관람집회시설,공공용시설",1707,851.95,8201.84,19931227,7,2,서울특별시 노원구 월계동 50-29번지
11350,10200,0,0051,0004,,,일반건축물,근린생활시설,근린생활시설,101,36.52,56.84,20010306,2,0,서울특별시 노원구 월계동 51-4번지
11350,10200,0,0054,0001,,,일반건축물,제2종근린생활시설,"근린생활시설, 교육연구시설",751,433.38,3595.59,19950125,9,1,서울특별시 노원구 월계동 54-1번지
11350,10200,0,0054,0002,,,일반건축물,단독주택,다가구용 단독주택(4가구),0,62.16,183.13,19901122,2,1,서울특별시 노원구 월계동 54-2번지
11350,10200,0,0054,0003,,,일반건축물,단독주택,주택,0,55.2,166.35,19870909,2,1,서울특별시 노원구 월계동 54-3번지
11350,10200,0,0055,0000,,,일반건축물,제1종근린생활시설,근린생활시설,329,190.26,826.61,20030414,5,0,서울특별시 노원구 월계동 55번지
11350,10200,0,0055,0001,,,일반건축물,단독주택,"주택, 근린생활시설",0,82.56,438.22,19911023,4,1,서울특별시 노원구 월계동 55-1번지
11350,10200,0,0055,0002,,,일반건축물,제1종근린생활시설,"근린생활시설, 단독주택(1가구)",165,79.52,393.31,19930927,4,1,서울특별시 노원구 월계동 55-2번지
11350,10200,0,0055,0003,,,일반건축물,제2종근린생활시설,"근린생활시설, 단독주택",0,82.4,453.16,19901109,4,1,서울특별시 노원구 월계동 55-3번지
11350,10200,0,0055,0006,,,일반건축물,단독주택,다가구용단독주택(7가구),0,97.53,372.54,19910708,3,1,서울특별시 노원구 월계동 55-6번지
11350,10200,0,0055,0007,,,일반건축물,제1종근린생활시설,"근린생활시설, 주택",0,82.08,454.65,19880812,4,1,서울특별시 노원구 월계동 55-7번지
11350,10200,0,0055,0008,,,일반건축물,제1종근린생활시설,"근린생활시설, 주택(1가구)",165,91.48,494,19940811,5,1,서울특별시 노원구 월계동 55-8번지
11350,10200,0,0055,0009,,,표제부,공동주택,다세대주택,0,58.37,193.02,19861117,2,1,서울특별시 노원구 월계동 55-9번지
11350,10200,0,0055,0010,,,일반건축물,제2종근린생활시설,"제2종근린생활시설,단독주택",153,90.58,336.9,20041201,3,1,서울특별시 노원구 월계동 55-10번지
11350,10200,0,0055,0011,,,일반건축물,제1종근린생활시설,"주택, 근린생활시설",0,81.87,327.48,19861208,3,1,서울특별시 노원구 월계동 55-11번지
11350,10200,0,0055,0013,,,일반건축물,제1종근린생활시설,"근린생활시설, 주택",0,82.93,417.29,19891011,4,1,서울특별시 노원구 월계동 55-13번지
11350,10200,0,0055,0014,,,일반건축물,제2종근린생활시설,"제1,2종근린생활시설",547,313.25,2270.39,20040527,7,2,서울특별시 노원구 월계동 55-14번지
11350,10200,0,0056,0000,,,일반건축물,제2종근린생활시설,제2종근린생활시설,222,124.14,486.05,20141007,4,1,서울특별시 노원구 월계동 56번지
11350,10200,0,0058,0000,,,표제부,공동주택,다세대주택,0,81.69,245.07,19881213,2,1,서울특별시 노원구 월계동 58번지
11350,10200,0,0058,0002,,,일반건축물,제2종근린생활시설,"주택, 근린생활시설",0,0,1282.19,19881020,4,2,서울특별시 노원구 월계동 58-2번지
11350,10200,0,0058,0006,,,일반건축물,제1종근린생활시설,근린생활시설,0,115.46,449.63,19881223,3,1,서울특별시 노원구 월계동 58-6번지
11350,10200,0,0058,0008,,,표제부,공동주택,다세대주택,0,80.01,240.03,19881210,2,1,서울특별시 노원구 월계동 58-8번지
11350,10200,0,0058,0009,,,표제부,공동주택,다세대주택,0,77.84,233.52,19881213,2,1,서울특별시 노원구 월계동 58-9번지
11350,10200,0,0059,0003,,,일반건축물,제2종근린생활시설,근린생활시설,0,181.16,1064.93,19911231,5,1,서울특별시 노원구 월계동 59-3번지
11350,10200,0,0061,0002,,,일반건축물,단독주택,다가구용단독주택(4가구),0,57.34,159.02,19901213,2,1,서울특별시 노원구 월계동 61-2번지
11350,10200,0,0061,0004,,,일반건축물,단독주택,다가구용단독주택(4가구),96,47.6,147.9,19901224,2,1,서울특별시 노원구 월계동 61-4번지
11350,10200,0,0061,0005,,,일반건축물,단독주택,다가구용단독주택(4가구),96,47.6,174.2,19901213,3,1,서울특별시 노원구 월계동 61-5번지
11350,10200,0,0061,0006,,,일반건축물,단독주택,다가구용단독주택(5가구),0,56.26,174.4,19920302,2,1,서울특별시 노원구 월계동 61-6번지
11350,10200,0,0061,0008,,,일반건축물,제1종근린생활시설,"근린생활시설, 주택",0,50.4,168.8,19880905,2,1,서울특별시 노원구 월계동 61-8번지
11350,10200,0,0061,0009,,,일반건축물,제1종근린생활시설,"근린생활시설, 주택",0,50.4,180.72,19880811,3,1,서울특별시 노원구 월계동 61-9번지
11350,10200,0,0061,0010,,,일반건축물,제1종근린생활시설,"근린생활시설, 주택",0,50.4,180.96,19880811,3,1,서울특별시 노원구 월계동 61-10번지
11350,10200,0,0061,0011,,,일반건축물,제1종근린생활시설,"근린생활시설, 주택",0,46.48,191.81,19911102,3,1,서울특별시 노원구 월계동 61-11번지
11350,10200,0,0062,0003,,,일반건축물,제1종근린생활시설,"근린생활시설,주택",0,86.35,415.3,19881205,4,1,서울특별시 노원구 월계동 62-3번지
11350,10200,0,0062,0006,,,일반건축물,제1종근린생활시설,근린생활시설,34.83,20.74,62.22,20000712,4,0,서울특별시 노원구 월계동 62-6번지
11350,10200,0,0062,0007,,,일반건축물,제1종근린생활시설,"근린생활시설, 주택",50.55,30.22,120.88,20000718,5,0,서울특별시 노원구 월계동 62-7번지
11350,10200,0,0062,0008,,,일반건축물,제2종근린생활시설,"근린생활시설, 주택",72.2,43.16,204.96,20000517,5,0,서울특별시 노원구 월계동 62-8번지
11350,10200,0,0062,0009,,,일반건축물,제1종근린생활시설,"근린생활시설, 주택",82.89,49.47,289.09,20000712,5,1,서울특별시 노원구 월계동 62-9번지
11350,10200,0,0062,0010,,,일반건축물,제2종근린생활시설,근린생활시설,89.79,53.82,322.03,20000703,5,1,서울특별시 노원구 월계동 62-10번지
11350,10200,0,0063,0005,,,표제부,제2종근린생활시설,제2종근린생활시설,0,60.78,182.34,19861114,2,1,서울특별시 노원구 월계동 63-5번지
11350,10200,0,0063,0006,,,표제부,공동주택,다세대주택,93,46.1,138.06,19881201,2,1,서울특별시 노원구 월계동 63-6번지
11350,10200,0,0063,0007,,,일반건축물,제2종근린생활시설,근린생활시설,0,44.07,132.21,19820429,2,1,서울특별시 노원구 월계동 63-7번지
11350,10200,0,0063,0009,,,일반건축물,제2종근린생활시설,"근린생활시설, 주택",0,60.72,319.23,19890622,4,1,서울특별시 노원구 월계동 63-9번지
11350,10200,0,0063,0010,,,일반건축물,제2종근린생활시설,"근린생활시설, 주택",0,60.82,175.26,19820409,2,1,서울특별시 노원구 월계동 63-10번지
11350,10200,0,0064,0002,,,표제부,공동주택,다세대주택,213.87,112.88,528.88,19921026,4,1,서울특별시 노원구 월계동 64-2번지
11350,10200,0,0064,0004,,,일반건축물,제1종근린생활시설,근린생활시설,0,184.8,1007.6,19880709,4,1,서울특별시 노원구 월계동 64-4번지
11350,10200,0,0064,0006,,,일반건축물,단독주택,다가구용단독주택(4가구),0,52.48,162.64,19901224,2,1,서울특별시 노원구 월계동 64-6번지
11350,10200,0,0064,0007,,,일반건축물,단독주택,다가구용단독주택(4가구),0,52.48,162.64,19901224,2,1,서울특별시 노원구 월계동 64-7번지
11350,10200,0,0064,0009,,,일반건축물,제1종근린생활시설,근린생활시설,0,61.32,71.17,19731211,1,1,서울특별시 노원구 월계동 64-9번지
11350,10200,0,0064,0010,,,일반건축물,제1종근린생활시설,"근린생활시설, 주택",0,76.03,328.78,19880817,3,1,서울특별시 노원구 월계동 64-10번지
11350,10200,0,0064,0012,,,일반건축물,제1종근린생활시설,"근린생활시설, 주택",0,74.46,328.64,19880817,3,1,서울특별시 노원구 월계동 64-12번지
11350,10200,0,0064,0018,,,일반건축물,제1종근린생활시설,근린생활시설,0,82.29,330.78,19871013,3,1,서울특별시 노원구 월계동 64-18번지
11350,10200,0,0064,0019,,,표제부,공동주택,다세대주택,0,82.41,247.23,19870205,2,1,서울특별시 노원구 월계동 64-19번지
11350,10200,0,0065,0001,,,표제부,공동주택,연립주택,0,423.5,968.9,19760809,2,1,서울특별시 노원구 월계동 65-1번지
11350,10200,0,0066,0002,,,일반건축물,제2종근린생활시설,"창고, 제2종근린생활시설",0,1671.97,1671.97,19780117,1,0,서울특별시 노원구 월계동 66-2번지
11350,10200,0,0066,0004,,,일반건축물,제2종근린생활시설,제2종근린생활시설,198,98.72,596.43,20081020,6,1,서울특별시 노원구 월계동 66-4번지
11350,10200,0,0066,0007,월계1동 경로당,,일반건축물,노유자시설,복지시설,183.08,107.71,496.97,20010813,4,1,서울특별시 노원구 월계동 66-7번지
11350,10200,0,0068,0000,,,일반건축물,단독주택,주택,0,98.91,261.99,19810715,2,1,서울특별시 노원구 월계동 68번지
11350,10200,0,0068,0006,,,일반건축물,제1종근린생활시설,근린생활시설,0,126.49,491.22,19880924,3,1,서울특별시 노원구 월계동 68-6번지
11350,10200,0,0068,0020,,,일반건축물,제2종근린생활시설,"근린생활시설, 주택",0,97.58,487.9,19900926,4,1,서울특별시 노원구 월계동 68-20번지
11350,10200,0,0068,0021,,,일반건축물,단독주택,"근린생활시설, 주택",0,52.74,246.35,19910812,4,1,서울특별시 노원구 월계동 68-21번지
11350,10200,0,0068,0022,,,일반건축물,단독주택,다가구용단독주택(4가구),0,51.65,164.3,19910802,2,1,서울특별시 노원구 월계동 68-22번지
11350,10200,0,0068,0023,,,일반건축물,단독주택,주택,0,46.92,147.94,19890603,2,1,서울특별시 노원구 월계동 68-23번지
11350,10200,0,0068,0024,,,일반건축물,단독주택,주택,0,56.24,114.12,19751202,2,1,서울특별시 노원구 월계동 68-24번지
11350,10200,0,0068,0025,,,일반건축물,제1종근린생활시설,근린생활시설,216.6,106.92,496.05,19880811,4,1,서울특별시 노원구 월계동 68-25번지
11350,10200,0,0068,0027,,,일반건축물,제1종근린생활시설,근린생활시설,0,45.4,144.38,19870721,2,1,서울특별시 노원구 월계동 68-27번지
11350,10200,0,0068,0028,,,일반건축물,단독주택,"주택, 근린생활시설",116,65.55,160.92,19740304,3,1,서울특별시 노원구 월계동 68-28번지
11350,10200,0,0068,0029,,,일반건축물,단독주택,"주택(2가구),근린생활시설",88.6,53.42,218.84,19950426,3,1,서울특별시 노원구 월계동 68-29번지
11350,10200,0,0068,0030,,,일반건축물,단독주택,"주택, 근린생활시설",102,47.09,212.64,19871205,4,1,서울특별시 노원구 월계동 68-30번지
11350,10200,0,0068,0063,,,일반건축물,단독주택,"주택, 근린생활시설",162,80.64,404.82,19920529,4,1,서울특별시 노원구 월계동 68-63번지
11350,10200,0,0068,0064,,,일반건축물,제1종근린생활시설,"주택, 근린생활시설",0,49.1,187.25,19850530,3,1,서울특별시 노원구 월계동 68-64번지
11350,10200,0,0068,0065,,,일반건축물,제2종근린생활시설,"근린생활시설,주택",222.98,133.1,836.22,19881128,5,1,서울특별시 노원구 월계동 68-65번지
11350,10200,0,0068,0066,,,일반건축물,제1종근린생활시설,"주택, 근린생활시설",0,86.01,356.52,19901210,3,1,서울특별시 노원구 월계동 68-66번지
11350,10200,0,0068,0067,,,일반건축물,단독주택,주택,0,51.75,166.28,19900623,2,1,서울특별시 노원구 월계동 68-67번지
11350,10200,0,0068,0068,,,일반건축물,제2종근린생활시설,제2종근린생활시설,152,80.87,236.98,19880530,2,1,서울특별시 노원구 월계동 68-68번지
11350,10200,0,0068,0069,월계동근생다가구주택,,일반건축물,단독주택,"제1종근린생활시설,다가구주택",112,66.62,229.48,20031016,4,0,서울특별시 노원구 월계동 68-69번지
11350,10200,0,0068,0070,,,일반건축물,제1종근린생활시설,"근린생활시설, 주택",0,48.02,158.44,19850910,2,1,서울특별시 노원구 월계동 68-70번지
11350,10200,0,0068,0078,,,일반건축물,단독주택,"근린생활시설, 주택",96,56.85,222.94,19931206,3,1,서울특별시 노원구 월계동 68-78번지
11350,10200,0,0068,0079,,,일반건축물,근린생활시설,"근린생활시설, 주택",0,0,276.24,19890615,3,1,서울특별시 노원구 월계동 68-79번지
11350,10200,0,0068,0080,,,일반건축물,단독주택,주택,0,70.54,211.62,19870803,2,1,서울특별시 노원구 월계동 68-80번지
11350,10200,0,0068,0081,,,일반건축물,단독주택,주택,0,70.54,211.62,19870803,2,1,서울특별시 노원구 월계동 68-81번지
11350,10200,0,0068,0082,,,일반건축물,단독주택,주택,0,64.7,194.1,19870709,2,1,서울특별시 노원구 월계동 68-82번지
11350,10200,0,0068,0083,,,일반건축물,단독주택,주택,0,64,200.5,19900705,2,1,서울특별시 노원구 월계동 68-83번지
11350,10200,0,0068,0084,,,일반건축물,단독주택,주택,0,73.8,221.4,19890804,2,1,서울특별시 노원구 월계동 68-84번지
11350,10200,0,0068,0085,,,일반건축물,단독주택,주택,0,81.54,244.62,19890616,2,1,서울특별시 노원구 월계동 68-85번지
11350,10200,0,0068,0109,,,표제부,공동주택,도시형생활주택(원룸형),178,106.62,353.98,20130201,5,0,서울특별시 노원구 월계동 68-109번지
11350,10200,0,0068,0110,,,일반건축물,단독주택,주택,0,89.45,249.28,19810928,2,1,서울특별시 노원구 월계동 68-110번지
11350,10200,0,0068,0111,,,표제부,공동주택,도시형생활주택(원룸형),188,107.96,293.29,20121109,4,0,서울특별시 노원구 월계동 68-111번지
11350,10200,0,0068,0112,,,표제부,공동주택,다세대주택,171.1,102.63,382.53,20051214,4,0,서울특별시 노원구 월계동 68-112번지
11350,10200,0,0069,0001,,,표제부,공동주택,연립주택,0,121.32,214.54,19770825,2,1,서울특별시 노원구 월계동 69-1번지
11350,10200,0,0069,0002,,,일반건축물,단독주택,다가구용단독주택(3가구),0,46.43,139.67,19910821,2,1,서울특별시 노원구 월계동 69-2번지
11350,10200,0,0069,0003,,,일반건축물,제1종근린생활시설,"근린생활시설, 주택",0,39.9,128.82,19860913,2,1,서울특별시 노원구 월계동 69-3번지
11350,10200,0,0069,0008,,,표제부,공동주택,연립주택,0,99.17,221.48,19770826,2,1,서울특별시 노원구 월계동 69-8번지
11350,10200,0,0069,0010,,,표제부,공동주택,연립주택,0,99.17,221.48,19770826,2,1,서울특별시 노원구 월계동 69-10번지
11350,10200,0,0069,0012,,,표제부,공동주택,연립주택,0,148.1,332.23,19770928,2,1,서울특별시 노원구 월계동 69-12번지
11350,10200,0,0069,0014,,,표제부,공동주택,연립주택,0,111.07,247.59,19770924,2,1,서울특별시 노원구 월계동 69-14번지
11350,10200,0,0069,0017,,,표제부,공동주택,연립주택,0,55.21,120,19770825,2,1,서울특별시 노원구 월계동 69-17번지
11350,10200,0,0070,0006,,,일반건축물,교육연구시설,교육연구시설(종교시설),1190,591.21,3662.19,19960509,6,1,서울특별시 노원구 월계동 70-6번지
11350,10200,0,0073,0002,,,일반건축물,제1종근린생활시설,근린생활시설,0,264.72,1036.86,19830609,4,1,서울특별시 노원구 월계동 73-2번지
11350,10200,0,0073,0006,,,일반건축물,제1종근린생활시설,근린생활시설,0,82.38,286.12,19870530,3,1,서울특별시 노원구 월계동 73-6번지
11350,10200,0,0073,0010,,,표제부,공동주택,"주택,점포",0,84,176.66,19791024,2,1,서울특별시 노원구 월계동 73-10번지
11350,10200,0,0073,0012,,,일반건축물,제1종근린생활시설,"근린생활시설, 주택",0,82.8,346.14,19870723,3,1,서울특별시 노원구 월계동 73-12번지
11350,10200,0,0073,0013,,,일반건축물,단독주택,"제1,2종근린생활시설,단독주택",165,98.7,296.1,20030709,3,0,서울특별시 노원구 월계동 73-13번지
11350,10200,0,0073,0014,,,일반건축물,단독주택,다가구주택,165,94.7,329.16,19970714,3,1,서울특별시 노원구 월계동 73-14번지
11350,10200,0,0073,0015,,,일반건축물,제1종근린생활시설,근린생활시설,165,84,84,20000425,1,0,서울특별시 노원구 월계동 73-15번지
11350,10200,0,0073,0016,,,일반건축물,단독주택,단독주택(다중주택),165,95.27,298.82,20150429,3,1,서울특별시 노원구 월계동 73-16번지
11350,10200,0,0073,0017,,,일반건축물,제1종근린생활시설,근린생활시설,0,77.49,232.47,19800718,2,1,서울특별시 노원구 월계동 73-17번지
11350,10200,0,0074,0000,,,일반건축물,제2종근린생활시설,제2종근린생활시설,0,152.1,601.13,19810727,3,1,서울특별시 노원구 월계동 74번지
11350,10200,0,0074,0003,,,일반건축물,제2종근린생활시설,근린생활시설및주택,250.3,149.13,702.21,20000808,4,1,서울특별시 노원구 월계동 74-3번지
11350,10200,0,0074,0004,,,일반건축물,단독주택,주택,0,74.93,222.83,19820210,2,1,서울특별시 노원구 월계동 74-4번지
11350,10200,0,0074,0005,,,일반건축물,제2종근린생활시설,"제2종근린생활시설, 주택",333,150.74,641.31,19820323,4,1,서울특별시 노원구 월계동 74-5번지
11350,10200,0,0074,0007,,,일반건축물,근린생활시설,근린생활시설,0,0,314.55,19810818,3,1,서울특별시 노원구 월계동 74-7번지
11350,10200,0,0074,0008,,,일반건축물,제1종근린생활시설,"주택, 근린생활시설",0,83.14,192.53,19810728,2,1,서울특별시 노원구 월계동 74-8번지
11350,10200,0,0074,0009,,,일반건축물,단독주택,"주택, 근린생활시설",168,100.56,200.98,19811211,2,1,서울특별시 노원구 월계동 74-9번지
11350,10200,0,0074,0010,,,일반건축물,제2종근린생활시설,"주택, 근린생활시설",0,134,733.36,19900629,5,1,서울특별시 노원구 월계동 74-10번지
11350,10200,0,0076,0002,,,일반건축물,제1종근린생활시설,"근린생활시설, 주택",0,57.96,171.48,19870206,2,1,서울특별시 노원구 월계동 76-2번지
11350,10200,0,0076,0003,,,일반건축물,단독주택,다가구주택,96.6,54.21,138.09,20020726,3,0,서울특별시 노원구 월계동 76-3번지
11350,10200,0,0076,0005,,,일반건축물,단독주택,주택,0,64,64,19691230,1,0,서울특별시 노원구 월계동 76-5번지
11350,10200,0,0076,0006,,,일반건축물,단독주택,주택,0,62.12,183.72,19870402,2,1,서울특별시 노원구 월계동 76-6번지
11350,10200,0,0076,0007,,,일반건축물,단독주택,주택,0,47.54,47.54,19701230,1,0,서울특별시 노원구 월계동 76-7번지
11350,10200,0,0076,0009,,,일반건축물,제1종근린생활시설,근린생활시설,89,42.61,42.48,19691008,1,0,서울특별시 노원구 월계동 76-9번지
11350,10200,0,0076,0013,,,일반건축물,제2종근린생활시설,제2종근린생활시설,73,48.36,48.36,19710807,1,0,서울특별시 노원구 월계동 76-13번지
11350,10200,0,0076,0014,시즌플러스빌,,표제부,공동주택,공동주택,391,219.36,711.38,20151228,5,0,서울특별시 노원구 월계동 76-14번지
11350,10200,0,0076,0015,,,일반건축물,단독주택,주택,0,88.13,145.43,19730124,2,1,서울특별시 노원구 월계동 76-15번지
11350,10200,0,0076,0016,,,일반건축물,단독주택,"주택, 근린생활시설",0,54.2,238.98,19890909,3,1,서울특별시 노원구 월계동 76-16번지
11350,10200,0,0084,0005,,,일반건축물,제1종근린생활시설,운전보안시설,147418,238,238,19821210,1,0,서울특별시 노원구 월계동 84-5번지
11350,10200,0,0085,0000,,,일반건축물,운수시설,운수시설(운전보안시설),4461.4,561.29,561.29,20240712,1,0,서울특별시 노원구 월계동 85번지
11350,10200,0,0085,0000,,,일반건축물,운수시설,운수시설(운전보안시설),4461.4,420.56,1176.37,20250626,3,1,서울특별시 노원구 월계동 85번지
11350,10200,0,0085,0024,수송반,,일반건축물,운수시설,운전보안시설,1101,123.42,122.94,20260527,1,0,서울특별시 노원구 월계동 85-24번지
11350,10200,0,0104,0015,,,일반건축물,숙박시설,숙박시설,268,135.83,456.75,19990816,4,1,서울특별시 노원구 월계동 104-15번지
11350,10200,0,0106,0007,,,일반건축물,종교시설,종교시설(교회),432,215.55,1112.55,20110531,3,2,서울특별시 노원구 월계동 106-7번지
11350,10200,0,0108,0014,,,일반건축물,제1종근린생활시설,변전소,0,745.15,1731.12,19830127,3,1,서울특별시 노원구 월계동 108-14번지
11350,10200,0,0154,0041,,,일반건축물,단독주택,"주택,근린생활시설",0,92.5,133.69,19781108,1,1,서울특별시 노원구 월계동 154-41번지
11350,10200,0,0263,0006,,,일반건축물,운수시설,운수시설,13042.96,671.98,767.19,19961130,2,0,서울특별시 노원구 월계동 263-6번지
11350,10200,0,0263,0006,,,일반건축물,운수시설,운수시설,13042.96,1656.1,2007.1,20181205,2,0,서울특별시 노원구 월계동 263-6번지
11350,10200,0,0267,0000,.,,표제부,공동주택,다세대주택,227,136.07,516.31,20020914,4,0,서울특별시 노원구 월계동 267번지
11350,10200,0,0267,0002,.,,표제부,공동주택,다세대주택,185,109.95,414.36,20020914,4,0,서울특별시 노원구 월계동 267-2번지
11350,10200,0,0267,0003,,,일반건축물,제1종근린생활시설,"주택, 근린생활시설",0,82.3,345.08,19911126,3,1,서울특별시 노원구 월계동 267-3번지
11350,10200,0,0267,0004,,,일반건축물,단독주택,단독주택(다가구주택),170,170,358.27,19970729,3,1,서울특별시 노원구 월계동 267-4번지
11350,10200,0,0267,0007,한마금속산업사옥,,일반건축물,제2종근린생활시설,제2종근린생활시설,144,78.8,198.32,20181004,3,0,서울특별시 노원구 월계동 267-7번지
11350,10200,0,0268,0000,NEMO ART,,일반건축물,단독주택,다가구주택,321,154.5,473.46,20211020,4,0,서울특별시 노원구 월계동 268번지
11350,10200,0,0268,0001,,,일반건축물,단독주택,"주택, 근린생활시설",0,84.14,204.7,19830218,2,1,서울특별시 노원구 월계동 268-1번지
11350,10200,0,0269,0001,,,일반건축물,단독주택,단독주택(다가구주택),146,87.43,273.24,20210114,4,1,서울특별시 노원구 월계동 269-1번지
11350,10200,0,0269,0003,,,일반건축물,제2종근린생활시설,근린생활시설,169,98.2,93.27,19930723,0,1,서울특별시 노원구 월계동 269-3번지
11350,10200,0,0269,0005,,,일반건축물,단독주택,"주택, 근린생활시설",0,102.61,102.61,19750414,1,0,서울특별시 노원구 월계동 269-5번지
11350,10200,0,0269,0007,,,일반건축물,단독주택,주택,0,91.57,203.5,19820719,2,1,서울특별시 노원구 월계동 269-7번지
11350,10200,0,0270,0005,,,일반건축물,단독주택,근린생활시설및다가구주택,175,104.99,371.54,20021129,4,0,서울특별시 노원구 월계동 270-5번지
11350,10200,0,0270,0006,,,일반건축물,단독주택,"근린생활시설, 단독주택",169,90.16,428.32,19970801,4,1,서울특별시 노원구 월계동 270-6번지
11350,10200,0,0270,0008,,,표제부,공동주택,연립주택,0,347.76,765.53,19761113,2,1,서울특별시 노원구 월계동 270-8번지
11350,10200,0,0270,0010,,,일반건축물,단독주택,"근린생활시설,다가구주택",137,81.53,414.92,20031218,4,1,서울특별시 노원구 월계동 270-10번지
11350,10200,0,0270,0013,현대,,일반건축물,단독주택,다중주택,158.78,87.04,299.02,20170112,3,1,서울특별시 노원구 월계동 270-13번지
11350,10200,0,0270,0014,,,일반건축물,단독주택,주택,0,81.88,100.59,19760604,1,1,서울특별시 노원구 월계동 270-14번지
11350,10200,0,0270,0016,,,일반건축물,단독주택,"주택,점포",0,77.92,95.01,19760629,1,1,서울특별시 노원구 월계동 270-16번지
11350,10200,0,0270,0017,,,일반건축물,단독주택,다가구용단독주택(3가구),0,81.93,245.79,19900831,2,1,서울특별시 노원구 월계동 270-17번지
11350,10200,0,0270,0019,,,일반건축물,단독주택,"근린생활시설,주택",245,121.5,645.66,19930802,5,1,서울특별시 노원구 월계동 270-19번지
11350,10200,0,0270,0020,,,일반건축물,제1종근린생활시설,"근린생활시설, 주택",129,77,258.76,19980711,3,1,서울특별시 노원구 월계동 270-20번지
11350,10200,0,0270,0023,,,일반건축물,단독주택,다가구주택,132,76.69,223.52,20020624,3,0,서울특별시 노원구 월계동 270-23번지
11350,10200,0,0270,0027,,,일반건축물,단독주택,주택,0,61.22,75.27,19760519,1,1,서울특별시 노원구 월계동 270-27번지
11350,10200,0,0270,0033,대성파크빌,,표제부,공동주택,다세대주택,244,144.18,486.96,20141209,5,0,서울특별시 노원구 월계동 270-33번지
11350,10200,0,0270,0035,대명하이빌,,표제부,공동주택,다세대주택,244,144.42,485.67,20140428,5,0,서울특별시 노원구 월계동 270-35번지
11350,10200,0,0270,0037,마이빌,,일반건축물,단독주택,다가구주택,119,71.2,199.82,20131217,4,0,서울특별시 노원구 월계동 270-37번지
11350,10200,0,0270,0038,썬빌하우스,,표제부,공동주택,다세대주택(도시형생활주택),253,149.92,503.85,20131122,6,0,서울특별시 노원구 월계동 270-38번지
11350,10200,0,0271,0001,,,일반건축물,제1종근린생활시설,근린생활시설,159,95.13,449.35,19960828,4,1,서울특별시 노원구 월계동 271-1번지
11350,10200,0,0271,0009,,,일반건축물,제2종근린생활시설,"근린생활시설, 단독주택",192,106.78,494.84,19971119,4,1,서울특별시 노원구 월계동 271-9번지
11350,10200,0,0271,0010,,,표제부,공동주택,"점포, 연립주택",0,347.8,765.62,19761113,2,1,서울특별시 노원구 월계동 271-10번지
11350,10200,0,0271,0013,,,표제부,공동주택,다세대주택,0,142.53,659.82,19911211,4,1,서울특별시 노원구 월계동 271-13번지
11350,10200,0,0271,0015,,,일반건축물,단독주택,다가구용단독주택(4가구),0,64.44,193.32,19901010,2,1,서울특별시 노원구 월계동 271-15번지
11350,10200,0,0271,0017,,,일반건축물,단독주택,"주택, 근린생활시설",0,57.75,199.53,19901210,3,1,서울특별시 노원구 월계동 271-17번지
11350,10200,0,0271,0018,,,일반건축물,단독주택,주택,0,64.17,77.36,19751107,1,1,서울특별시 노원구 월계동 271-18번지
11350,10200,0,0271,0019,,,일반건축물,단독주택,단독주택(다중주택),116,62.34,199.77,20170425,3,1,서울특별시 노원구 월계동 271-19번지
11350,10200,0,0271,0020,,,일반건축물,단독주택,단독주택(다중주택),116,68.3,251.45,20120102,3,1,서울특별시 노원구 월계동 271-20번지
11350,10200,0,0271,0021,,,일반건축물,단독주택,다가구용단독주택(4가구),102,60.86,171.15,19931119,2,1,서울특별시 노원구 월계동 271-21번지
11350,10200,0,0271,0022,,,일반건축물,단독주택,다가구용단독주택(4가구),99,59.25,164.02,19931115,2,1,서울특별시 노원구 월계동 271-22번지
11350,10200,0,0271,0023,,,일반건축물,단독주택,"주택,점포",0,58.94,69.82,19760115,1,1,서울특별시 노원구 월계동 271-23번지
11350,10200,0,0271,0025,,,일반건축물,제1종근린생활시설,"주택, 근린생활시설",0,0,246,19890221,4,1,서울특별시 노원구 월계동 271-25번지
11350,10200,0,0271,0026,,,일반건축물,단독주택,다가구용단독주택,93,54.8,198.57,19930913,3,1,서울특별시 노원구 월계동 271-26번지
11350,10200,0,0271,0027,,,일반건축물,단독주택,주택,93,46.13,164.6,19891107,3,1,서울특별시 노원구 월계동 271-27번지
11350,10200,0,0271,0028,,,일반건축물,단독주택,주택,0,49.47,154.31,19891107,2,1,서울특별시 노원구 월계동 271-28번지
11350,10200,0,0271,0029,,,일반건축물,단독주택,단독주택,126,71.84,199.32,20091210,3,1,서울특별시 노원구 월계동 271-29번지
11350,10200,0,0271,0030,,,일반건축물,단독주택,다가구용단독주택(4가구),119,71.26,199.9,19940106,2,1,서울특별시 노원구 월계동 271-30번지
11350,10200,0,0271,0031,,,일반건축물,제1종근린생활시설,"근린생활시설, 다가구주택",132,65.84,293.43,19921127,3,1,서울특별시 노원구 월계동 271-31번지
11350,10200,0,0271,0033,,,일반건축물,단독주택,"(다가구용단독주택(7가구),제2종근린생활시설(사무소)",126,71.89,316.43,19930920,4,1,서울특별시 노원구 월계동 271-33번지
11350,10200,0,0271,0034,,,일반건축물,단독주택,주택,0,53.46,160.38,19890818,2,1,서울특별시 노원구 월계동 271-34번지
11350,10200,0,0271,0035,,,일반건축물,단독주택,단독주택(다중주택),112,66.36,235.24,20100202,3,1,서울특별시 노원구 월계동 271-35번지
11350,10200,0,0271,0036,,,일반건축물,단독주택,단독주택(다중주택),126,62.52,199.98,20170201,3,1,서울특별시 노원구 월계동 271-36번지
11350,10200,0,0271,0037,샤인하우스,,일반건축물,제2종근린생활시설,제2종근린생활시설(고시원),139,82.6,277.67,20120125,4,0,서울특별시 노원구 월계동 271-37번지
11350,10200,0,0271,0040,,,일반건축물,단독주택,다가구용단독주택(5가구),122,71.48,198.56,19921215,2,1,서울특별시 노원구 월계동 271-40번지
11350,10200,0,0271,0041,현대,,일반건축물,단독주택,다중주택,108.78,64.23,199.75,20170117,3,1,서울특별시 노원구 월계동 271-41번지
11350,10200,0,0271,0042,,3,일반건축물,단독주택,주택,0,69.06,81.66,19751029,1,1,서울특별시 노원구 월계동 271-42번지
11350,10200,0,0271,0044,,,일반건축물,단독주택,다가구용단독주택(5가구),0,68.41,205.23,19911219,2,1,서울특별시 노원구 월계동 271-44번지
11350,10200,0,0271,0045,,,일반건축물,단독주택,다가구용단독주택(5가구),0,64.05,192.15,19911212,2,1,서울특별시 노원구 월계동 271-45번지
11350,10200,0,0271,0046,,,일반건축물,단독주택,주택,0,87.84,112.5,19751114,1,1,서울특별시 노원구 월계동 271-46번지
11350,10200,0,0271,0048,,,일반건축물,제2종근린생활시설,근린생활시설,175,86.46,449.34,19920907,4,1,서울특별시 노원구 월계동 271-48번지
11350,10200,0,0271,0049,,,일반건축물,단독주택,다가구용단독주택(5가구),0,72.3,213.3,19911230,2,1,서울특별시 노원구 월계동 271-49번지
11350,10200,0,0271,0054,,,일반건축물,단독주택,주택,0,69.03,81.99,19751205,1,1,서울특별시 노원구 월계동 271-54번지
11350,10200,0,0272,0005,,,일반건축물,단독주택,단독주택(다중주택),149,81.26,292.98,20111018,3,1,서울특별시 노원구 월계동 272-5번지
11350,10200,0,0272,0007,,,일반건축물,단독주택,다가구용단독주택(5가구),0,84.94,243.2,19920122,2,1,서울특별시 노원구 월계동 272-7번지
11350,10200,0,0272,0019,,,일반건축물,단독주택,다가구용단독주택,169,101.3,320.28,19931224,3,1,서울특별시 노원구 월계동 272-19번지
11350,10200,0,0272,0020,,,일반건축물,단독주택,다가구주택,172,99.19,352.8,19921230,3,1,서울특별시 노원구 월계동 272-20번지
11350,10200,0,0272,0021,,,일반건축물,단독주택,다가구용단독주택,183,109.77,329.97,19930914,3,1,서울특별시 노원구 월계동 272-21번지
11350,10200,0,0272,0024,썬하우스,,일반건축물,단독주택,다중주택,169,96.6,329.65,20140404,3,1,서울특별시 노원구 월계동 272-24번지
11350,10200,0,0272,0025,,,일반건축물,단독주택,주택,0,81.42,244.26,19890901,2,1,서울특별시 노원구 월계동 272-25번지
11350,10200,0,0272,0026,진영홈,,표제부,공동주택,도시형생활주택(원룸형),335,200.11,658.59,20130416,5,0,서울특별시 노원구 월계동 272-26번지
11350,10200,0,0272,0029,,,일반건축물,단독주택,다가구용단독주택,149,149,299.84,19960314,3,1,서울특별시 노원구 월계동 272-29번지
11350,10200,0,0272,0030,,,일반건축물,단독주택,다가구용단독주택,149,88.69,323.54,19951213,3,1,서울특별시 노원구 월계동 272-30번지
11350,10200,0,0272,0031,,,일반건축물,제2종근린생활시설,"근린생활시설, 주택",0,99.51,478.23,19900119,4,1,서울특별시 노원구 월계동 272-31번지
11350,10200,0,0272,0035,동행빌라,,표제부,공동주택,공동주택,235,140.78,357.79,20151119,4,0,서울특별시 노원구 월계동 272-35번지
11350,10200,0,0272,0036,,,일반건축물,단독주택,다가구용단독주택(4가구),109,65.04,178.98,19941210,2,1,서울특별시 노원구 월계동 272-36번지
11350,10200,0,0272,0037,,,일반건축물,단독주택,단독주택(다가구주택)및 근린생활시설,106,62.58,211.87,20131022,5,0,서울특별시 노원구 월계동 272-37번지
11350,10200,0,0272,0038,,,일반건축물,단독주택,"근린생활시설, 주택(3가구)",125,74.93,290.36,19930702,3,1,서울특별시 노원구 월계동 272-38번지
11350,10200,0,0272,0039,,,일반건축물,단독주택,주택,0,60.72,187.26,19891103,2,1,서울특별시 노원구 월계동 272-39번지
11350,10200,0,0272,0040,,,일반건축물,단독주택,주택,0,70.88,84.73,19760501,1,1,서울특별시 노원구 월계동 272-40번지
11350,10200,0,0272,0042,,,일반건축물,단독주택,단독주택,0,53.13,171.09,19900814,2,1,서울특별시 노원구 월계동 272-42번지
11350,10200,0,0272,0043,,,일반건축물,단독주택,다가구주택,112,66.735,204.07,19940726,3,1,서울특별시 노원구 월계동 272-43번지
11350,10200,0,0272,0044,,,일반건축물,단독주택,주택(4가구용),0,58.98,188.28,19900626,2,1,서울특별시 노원구 월계동 272-44번지
11350,10200,0,0272,0045,,,일반건축물,단독주택,주택,0,64.5,78.35,19750918,1,1,서울특별시 노원구 월계동 272-45번지
11350,10200,0,0272,0046,,,일반건축물,단독주택,주택,0,64.5,78.35,19750918,1,1,서울특별시 노원구 월계동 272-46번지
11350,10200,0,0272,0048,월계동 창조빌,,표제부,공동주택,다세대주택,206.4,122.5,412.22,20130412,5,0,서울특별시 노원구 월계동 272-48번지
11350,10200,0,0272,0050,,,일반건축물,단독주택,주택,0,63.01,75.97,19750918,1,1,서울특별시 노원구 월계동 272-50번지
11350,10200,0,0272,0051,,,일반건축물,단독주택,다가구용단독주택(5가구),0,64.4,193.2,19911016,2,1,서울특별시 노원구 월계동 272-51번지
11350,10200,0,0272,0052,,,일반건축물,단독주택,주택,0,79.64,110.15,19760117,1,1,서울특별시 노원구 월계동 272-52번지
11350,10200,0,0272,0053,,,일반건축물,단독주택,단독주택(다중주택),155,92.33,299.84,20170814,3,1,서울특별시 노원구 월계동 272-53번지
11350,10200,0,0272,0055,,,일반건축물,단독주택,다가구용단독주택(5가구),139,72.3,213.3,19920603,2,1,서울특별시 노원구 월계동 272-55번지
11350,10200,0,0272,0056,,,일반건축물,단독주택,주택,0,70.95,220.05,19891212,2,1,서울특별시 노원구 월계동 272-56번지
11350,10200,0,0272,0057,,,일반건축물,단독주택,다가구주택(5가구),142,84.72,276.09,19940728,3,1,서울특별시 노원구 월계동 272-57번지
11350,10200,0,0272,0058,,,일반건축물,단독주택,다가구주택(7가구),143,85.62,321.27,19940707,3,1,서울특별시 노원구 월계동 272-58번지
11350,10200,0,0272,0059,,,표제부,공동주택,"연립주택, 점포",0,256.38,564.39,19761113,2,1,서울특별시 노원구 월계동 272-59번지
11350,10200,0,0272,0062,,,표제부,공동주택,연립주택,0,256.37,564.6,19761113,2,1,서울특별시 노원구 월계동 272-62번지
11350,10200,0,0272,0065,,,일반건축물,단독주택,다중주택,136,80.4,298.92,20151217,3,1,서울특별시 노원구 월계동 272-65번지
11350,10200,0,0272,0066,,,일반건축물,단독주택,단독주택(다중주택),139,81.05,252.03,20111129,3,1,서울특별시 노원구 월계동 272-66번지
11350,10200,0,0272,0067,,,일반건축물,단독주택,다가구용단독주택(7가구),0,85.41,249.75,19910910,2,1,서울특별시 노원구 월계동 272-67번지
11350,10200,0,0272,0069,,,일반건축물,단독주택,주택,0,59.14,68.3,19760503,1,1,서울특별시 노원구 월계동 272-69번지
11350,10200,0,0272,0072,,,일반건축물,단독주택,다가구용단독주택,112,67.1,240.74,19950821,3,1,서울특별시 노원구 월계동 272-72번지
11350,10200,0,0272,0073,,,일반건축물,단독주택,다가구용단독주택(7가구),116,67.75,241.14,19951111,3,1,서울특별시 노원구 월계동 272-73번지
11350,10200,0,0272,0074,,,일반건축물,단독주택,다가구용단독주택,130,77.28,292.65,19930524,3,1,서울특별시 노원구 월계동 272-74번지
11350,10200,0,0272,0075,,,일반건축물,단독주택,다가구용단독주택(4가구),0,59.6,179.5,19910406,2,1,서울특별시 노원구 월계동 272-75번지
11350,10200,0,0272,0076,,,일반건축물,단독주택,주택,0,64.07,80.57,19750918,1,1,서울특별시 노원구 월계동 272-76번지
11350,10200,0,0272,0078,,,표제부,단독주택,"제2종근린생활시설,단독주택",117,69.42,173.69,20060403,3,0,서울특별시 노원구 월계동 272-78번지
11350,10200,0,0272,0079,,,일반건축물,단독주택,주택,0,83.8,113.16,19760115,1,1,서울특별시 노원구 월계동 272-79번지
11350,10200,0,0272,0080,,,일반건축물,단독주택,주택,0,67.56,202.68,19890518,2,1,서울특별시 노원구 월계동 272-80번지
11350,10200,0,0272,0081,,3,일반건축물,단독주택,주택,0,70.44,218.52,19891028,2,1,서울특별시 노원구 월계동 272-81번지
11350,10200,0,0272,0084,,,일반건축물,단독주택,다가구용단독주택(7가구),139,77.28,268.64,19961129,3,1,서울특별시 노원구 월계동 272-84번지
11350,10200,0,0272,0085,,,일반건축물,제2종근린생활시설,제2종근린생활시설,150,87.68,385.06,19970731,4,1,서울특별시 노원구 월계동 272-85번지
11350,10200,0,0274,0007,,,일반건축물,단독주택,다가구용단독주택(6가구),173,103.74,388.05,19980401,3,1,서울특별시 노원구 월계동 274-7번지
11350,10200,0,0274,0012,,,일반건축물,단독주택,제1종근린생활시설및다가구주택,125,74.56,249.21,20230215,4,0,서울특별시 노원구 월계동 274-12번지
11350,10200,0,0274,0034,,,일반건축물,단독주택,"주택, 근린생활시설",160.11,94.32,371.4,19920306,3,1,서울특별시 노원구 월계동 274-34번지
11350,10200,0,0274,0046,,,표제부,공동주택,"근린생활시설,다세대주택",213,113.75,616.67,20030905,6,0,서울특별시 노원구 월계동 274-46번지
11350,10200,0,0274,0050,,,일반건축물,제2종근린생활시설,"주택,점포",0,101.42,186.81,19780802,2,0,서울특별시 노원구 월계동 274-50번지
11350,10200,0,0274,0051,,3,일반건축물,제1종근린생활시설,"근린생활시설, 단독주택",205,114.17,494.94,19971029,4,1,서울특별시 노원구 월계동 274-51번지
11350,10200,0,0276,0007,,,일반건축물,단독주택,"주택,점포",0,93.69,194.67,19770305,2,1,서울특별시 노원구 월계동 276-7번지
11350,10200,0,0276,0018,,,일반건축물,제1종근린생활시설,"근린생활시설,단독주택",165,98.07,317.96,20190812,4,0,서울특별시 노원구 월계동 276-18번지
11350,10200,0,0276,0019,,,일반건축물,제2종근린생활시설,"근린생활시설(소매점,사무소),단독주택",165,97.72,318.42,20190911,4,0,서울특별시 노원구 월계동 276-19번지
11350,10200,0,0276,0020,,,일반건축물,단독주택,근린생활시설 및 단독주택(다가구주택),165,98.12,327.29,20131022,5,0,서울특별시 노원구 월계동 276-20번지
11350,10200,0,0276,0021,,,일반건축물,단독주택,"주택,점포",0,96.93,109.46,19760625,1,1,서울특별시 노원구 월계동 276-21번지
11350,10200,0,0276,0022,,,일반건축물,단독주택,"주택,점포",0,0,190.89,19750822,2,1,서울특별시 노원구 월계동 276-22번지
11350,10200,0,0288,0003,,,표제부,공동주택,연립주택,371,212.4,1006.98,19951115,4,1,서울특별시 노원구 월계동 288-3번지
11350,10200,0,0289,0005,현대아파트,,표제부,공동주택,"아파트,제1종근린생활시설",364,186.2,1029.86,20040127,7,0,서울특별시 노원구 월계동 289-5번지
11350,10200,0,0289,0012,,,일반건축물,단독주택,단독주택(다가구주택),153,76.47,224.01,20060626,3,0,서울특별시 노원구 월계동 289-12번지
11350,10200,0,0290,0001,,,일반건축물,제2종근린생활시설,제2종근린생활시설,407,183.19,1056.04,20161205,7,1,서울특별시 노원구 월계동 290-1번지
11350,10200,0,0291,0012,,,일반건축물,제1종근린생활시설,"근린생활시설, 주택",99,59.06,292.07,19940719,4,1,서울특별시 노원구 월계동 291-12번지
11350,10200,0,0291,0025,,,일반건축물,단독주택,"근린생활시설, 주택",159,93.33,504.35,19980814,5,1,서울특별시 노원구 월계동 291-25번지
11350,10200,0,0292,0006,,,표제부,공동주택,"근린생활시설, 다세대주택",340,197.63,918.24,19970130,5,1,서울특별시 노원구 월계동 292-6번지
11350,10200,0,0292,0009,,,일반건축물,단독주택,단독주택(다중주택),139,68.73,274.92,20171108,3,1,서울특별시 노원구 월계동 292-9번지
11350,10200,0,0292,0018,,,표제부,공동주택,다세대주택,0,67.84,202.08,19910614,2,1,서울특별시 노원구 월계동 292-18번지
11350,10200,0,0292,0059,,,일반건축물,제1종근린생활시설,"근린생활시설, 교육연구시설, 업무시설",0,379.94,2440.45,19910228,5,1,서울특별시 노원구 월계동 292-59번지
11350,10200,0,0292,0060,,,표제부,공동주택,다세대주택,0,121.23,329.67,19891215,2,1,서울특별시 노원구 월계동 292-60번지
11350,10200,0,0292,0062,,,표제부,공동주택,다세대주택,0,107.73,323.19,19891228,2,1,서울특별시 노원구 월계동 292-62번지
11350,10200,0,0292,0085,,,일반건축물,단독주택,주택,0,82.12,154.98,19771114,2,1,서울특별시 노원구 월계동 292-85번지
11350,10200,0,0293,0001,,,일반건축물,단독주택,"근린생활시설, 다가구주택",195,96.26,383.4,19910607,3,1,서울특별시 노원구 월계동 293-1번지
11350,10200,0,0295,0004,,,일반건축물,제1종근린생활시설,근린생활시설,0,49.98,82.97,20160412,2,0,서울특별시 노원구 월계동 295-4번지
11350,10200,0,0295,0004,,,일반건축물,위험물저장및처리시설,"주유소, 사무실",0,183.86,389.57,19891117,3,1,서울특별시 노원구 월계동 295-4번지
11350,10200,0,0295,0031,,,일반건축물,위험물저장및처리시설,위험물저장 및 처리시설,823,161.04,161.04,20100811,1,0,서울특별시 노원구 월계동 295-31번지
11350,10200,0,0297,0000,,,일반건축물,공장,"제2종근린생활시설,공장",0,0,280.23,19661215,2,0,서울특별시 노원구 월계동 297번지
11350,10200,0,0298,0002,,,일반건축물,자동차관련시설,자동차관련시설,656,60.86,60.86,20070525,1,0,서울특별시 노원구 월계동 298-2번지
11350,10200,0,0298,0003,,,일반건축물,제2종근린생활시설,"근린생활시설, 주택(1세대)",344,204.92,963.15,19961114,5,1,서울특별시 노원구 월계동 298-3번지
11350,10200,0,0298,0006,,,일반건축물,제2종근린생활시설,"제1,2종근린생활시설,단독주택",172,83.33,456.47,20041203,4,1,서울특별시 노원구 월계동 298-6번지
11350,10200,0,0298,0007,,,일반건축물,제2종근린생활시설,"근린생활시설, 단독주택",172,102.57,433.22,19920727,5,1,서울특별시 노원구 월계동 298-7번지
11350,10200,0,0298,0008,,,일반건축물,제2종근린생활시설,"주택, 근린생활시설",0,85.41,431.47,19901203,5,1,서울특별시 노원구 월계동 298-8번지
11350,10200,0,0298,0009,,,일반건축물,단독주택,"근린생활시설, 주택",0,84.6,169.2,19820805,1,1,서울특별시 노원구 월계동 298-9번지
11350,10200,0,0298,0012,ID-TOWER,,일반건축물,제2종근린생활시설,제2종근린생활시설,365.37,182.41,987.81,20111129,6,1,서울특별시 노원구 월계동 298-12번지
11350,10200,0,0320,0004,,,일반건축물,제2종근린생활시설,제2종근린생활시설,3515.6,877.5,1485,20081230,2,0,서울특별시 노원구 월계동 320-4번지
11350,10200,0,0320,0008,서울연지초등학교,,일반건축물,교육연구및복지시설,교육연구시설,9701.7,3068.67,8575.02,19971230,4,1,서울특별시 노원구 월계동 320-8번지
11350,10200,0,0320,0009,사슴아파트,,표제부,공동주택,경비실,0,8.88,8.88,19950612,1,0,서울특별시 노원구 월계동 320-9번지
11350,10200,0,0320,0009,사슴아파트,,표제부,공동주택,펌프실,0,0,121.26,19950612,0,1,서울특별시 노원구 월계동 320-9번지
11350,10200,0,0320,0009,서울연지유치원,,표제부,노유자시설,유치원,0,353.2,773.63,19950612,2,1,서울특별시 노원구 월계동 320-9번지
11350,10200,0,0320,0009,사슴아파트,,표제부,공동주택,지하주차장,0,0,3811.97,19950612,0,1,서울특별시 노원구 월계동 320-9번지
11350,10200,0,0320,0009,사슴아파트,,표제부,제1종근린생활시설,"생활편익시설,의료시설",0,392.17,1199.04,19950612,2,1,서울특별시 노원구 월계동 320-9번지
11350,10200,0,0320,0009,사슴아파트,,표제부,공동주택,통합경비실1,0,0,21.42,20091127,1,0,서울특별시 노원구 월계동 320-9번지
11350,10200,0,0320,0009,사슴아파트,,표제부,공동주택,공동주택(아파트),0,0,7732.13,19950612,15,0,서울특별시 노원구 월계동 320-9번지
11350,10200,0,0320,0009,사슴아파트,,표제부,공동주택,공동주택(아파트),0,0,5911.13,19950612,15,0,서울특별시 노원구 월계동 320-9번지
11350,10200,0,0320,0009,사슴아파트,,표제부,공동주택,공동주택(아파트),0,0,7962.75,19950612,15,0,서울특별시 노원구 월계동 320-9번지
11350,10200,0,0320,0009,사슴아파트,,표제부,공동주택,공동주택(아파트),0,0,7568.55,19950612,15,0,서울특별시 노원구 월계동 320-9번지
11350,10200,0,0320,0009,사슴아파트,,표제부,공동주택,"관리실, 노인정, 탁아소, 열교환실, 전기,운동시설",0,401.5,1195.72,19950612,2,1,서울특별시 노원구 월계동 320-9번지
11350,10200,0,0320,0009,사슴아파트,,표제부,공동주택,공동주택(아파트),0,0,5025.52,19950612,15,0,서울특별시 노원구 월계동 320-9번지
11350,10200,0,0320,0009,사슴아파트,,표제부,공동주택,열교환실,0,75.25,150.5,19950612,1,1,서울특별시 노원구 월계동 320-9번지
11350,10200,0,0320,0009,사슴아파트,,표제부,공동주택,통합경비실2,0,0,21.42,20091127,1,0,서울특별시 노원구 월계동 320-9번지
11350,10200,0,0320,0011,사슴아파트,,표제부,공동주택,펌프실,0,0,121.26,19950612,0,1,서울특별시 노원구 월계동 320-11번지
11350,10200,0,0320,0011,사슴아파트,,표제부,공동주택,공동주택(아파트),0,619.7,9152.98,19950612,15,0,서울특별시 노원구 월계동 320-11번지
11350,10200,0,0320,0011,사슴아파트,,표제부,공동주택,공동주택(아파트),0,604.11,9052.86,19950612,15,0,서울특별시 노원구 월계동 320-11번지
11350,10200,0,0320,0011,사슴아파트,,표제부,공동주택,공동주택(아파트),0,834.8,12379.48,19950612,15,0,서울특별시 노원구 월계동 320-11번지
11350,10200,0,0320,0011,사슴아파트,,표제부,공동주택,공동주택(아파트),0,619.7,9152.98,19950612,15,0,서울특별시 노원구 월계동 320-11번지
11350,10200,0,0320,0011,사슴아파트,,표제부,제1종근린생활시설,"생활편익시설,의료시설",0,401.75,1223.02,19950612,2,1,서울특별시 노원구 월계동 320-11번지
11350,10200,0,0320,0011,사슴아파트,,표제부,공동주택,"열교환실,전기실",0,0,508.91,19950612,0,1,서울특별시 노원구 월계동 320-11번지
11350,10200,0,0320,0011,사슴아파트,,표제부,공동주택,"관리실,노인정,탁아소",0,617.7,617.7,19950612,1,0,서울특별시 노원구 월계동 320-11번지
11350,10200,0,0320,0011,사슴아파트,,표제부,공동주택,경비실,0,8.88,8.88,19950612,1,0,서울특별시 노원구 월계동 320-11번지
11350,10200,0,0320,0011,사슴아파트,,표제부,공동주택,지하주차장,0,0,3434.31,19950612,0,1,서울특별시 노원구 월계동 320-11번지
11350,10200,0,0320,0011,사슴아파트,,표제부,공동주택,열교환실,0,0,150.5,19950612,0,1,서울특별시 노원구 월계동 320-11번지
11350,10200,0,0320,0011,사슴아파트,,표제부,공동주택,공동주택(아파트),0,455.15,6684.73,19950612,15,0,서울특별시 노원구 월계동 320-11번지
11350,10200,0,0321,0000,사슴아파트,,표제부,공동주택,공동주택(아파트),0,514.675,8163.83,19950612,15,1,서울특별시 노원구 월계동 321번지
11350,10200,0,0321,0000,사슴아파트,,표제부,공동주택,공동주택(아파트),0,335.94,5032.62,19950612,15,0,서울특별시 노원구 월계동 321번지
11350,10200,0,0321,0000,사슴아파트,,표제부,제1종근린생활시설,"생활편익시설,의료시설",0,363.77,1192.14,19950612,3,1,서울특별시 노원구 월계동 321번지
11350,10200,0,0321,0000,사슴아파트,,표제부,공동주택,공동주택(아파트),0,335.94,5318.22,19950612,15,1,서울특별시 노원구 월계동 321번지
11350,10200,0,0321,0000,사슴아파트,,표제부,공동주택,공동주택(아파트),0,532.77,8446.93,19950612,15,1,서울특별시 노원구 월계동 321번지
11350,10200,0,0321,0000,사슴아파트,,표제부,공동주택,공동주택(아파트),0,394.98,5918.22,19950612,15,0,서울특별시 노원구 월계동 321번지
11350,10200,0,0321,0000,사슴아파트,,표제부,공동주택,공동주택(아파트),0,527.455,8362.43,19950612,15,1,서울특별시 노원구 월계동 321번지
11350,10200,0,0321,0000,사슴아파트,,표제부,공동주택,공동주택(아파트),0,394.98,6252.06,19950612,15,1,서울특별시 노원구 월계동 321번지
11350,10200,0,0321,0000,열교환실1,,표제부,,열교환실,0,0,511.98,,1,1,서울특별시 노원구 월계동 321번지
11350,10200,0,0321,0000,열교환실3,,표제부,,열교환실,0,0,173.88,,1,1,서울특별시 노원구 월계동 321번지
11350,10200,0,0321,0000,열교환실2,,표제부,,열교환실,0,0,173.88,,1,1,서울특별시 노원구 월계동 321번지
11350,10200,0,0321,0000,사슴아파트,,표제부,공동주택,공동주택(아파트),0,335.94,5318.22,19950612,15,1,서울특별시 노원구 월계동 321번지
11350,10200,0,0321,0000,지하주차장,,표제부,,지하주차장,0,0,1353.36,,0,1,서울특별시 노원구 월계동 321번지
11350,10200,0,0321,0000,사회복지관,,표제부,,사회복지관,0,0,2678.82,,3,1,서울특별시 노원구 월계동 321번지
11350,10200,0,0321,0000,경비실,,표제부,,경비실,0,0,8.88,,1,0,서울특별시 노원구 월계동 321번지
11350,10200,0,0321,0000,펌프실,,표제부,,펌프실,0,0,145.16,,1,1,서울특별시 노원구 월계동 321번지
11350,10200,0,0321,0001,,,일반건축물,종교시설,종교시설,650,324.3,1910.13,19951017,5,1,서울특별시 노원구 월계동 321-1번지
11350,10200,0,0321,0002,희성프라자,,표제부,제1종근린생활시설,"제1,2종근린생활시설",3252.9,1909.18,18130.42,20040510,6,3,서울특별시 노원구 월계동 321-2번지
11350,10200,0,0321,0004,월계보건지소,,일반건축물,업무시설,공공업무시설,1025.4,509.55,2443.09,20110502,4,1,서울특별시 노원구 월계동 321-4번지
11350,10200,0,0321,0007,녹천중학교,,일반건축물,교육연구시설,교육연구시설,13030.4,2098.81,7922.01,19941019,4,0,서울특별시 노원구 월계동 321-7번지
11350,10200,0,0321,0007,녹천중학교,,일반건축물,교육연구시설,교육연구시설,0,893.46,1117.05,20111026,3,0,서울특별시 노원구 월계동 321-7번지
11350,10200,0,0322,0001,사슴아파트,,표제부,제1종근린생활시설,생활편익시설,0,277.1,915.8,19950612,2,1,서울특별시 노원구 월계동 322-1번지
11350,10200,0,0322,0001,성원아파트,,표제부,공동주택,지하주차장,0,0,2416.1,19950612,0,1,서울특별시 노원구 월계동 322-1번지
11350,10200,0,0322,0001,성원아파트,,표제부,공동주택,경비실,0,8.88,8.88,19950612,1,0,서울특별시 노원구 월계동 322-1번지
11350,10200,0,0322,0001,성원아파트,,표제부,공동주택,지하주차장,0,0,1525.38,19950612,0,1,서울특별시 노원구 월계동 322-1번지
11350,10200,0,0322,0001,성원아파트,,표제부,공동주택,공동주택(아파트),0,391.06,5844.78,19950612,15,0,서울특별시 노원구 월계동 322-1번지
11350,10200,0,0322,0001,성원아파트,,표제부,공동주택,공동주택(아파트),0,423.64,6339.75,19950612,15,0,서울특별시 노원구 월계동 322-1번지
11350,10200,0,0322,0001,성원아파트,,표제부,공동주택,공동주택(아파트),0,391.06,5844.78,19950612,15,0,서울특별시 노원구 월계동 322-1번지
11350,10200,0,0322,0001,사슴아파트,,표제부,노유자시설,"유치원,탁아소",0,231.76,456.82,19950612,2,1,서울특별시 노원구 월계동 322-1번지
11350,10200,0,0322,0001,성원아파트,,표제부,공동주택,공동주택(아파트),0,391.06,5844.78,19950612,15,0,서울특별시 노원구 월계동 322-1번지
11350,10200,0,0322,0001,성원아파트,,표제부,공동주택,"관리실, 노인정",0,400,400,19950612,1,0,서울특별시 노원구 월계동 322-1번지
11350,10200,0,0322,0001,성원아파트,,표제부,공동주택,열교환실,0,227.625,455.25,19950612,1,1,서울특별시 노원구 월계동 322-1번지
11350,10200,0,0322,0001,성원아파트,,표제부,공동주택,공동주택(아파트),0,750.14,11210.43,19950612,15,0,서울특별시 노원구 월계동 322-1번지
11350,10200,0,0322,0001,성원아파트,,표제부,공동주택,공동주택(아파트),0,750.85,11235.93,19950612,15,0,서울특별시 노원구 월계동 322-1번지
11350,10200,0,0322,0002,서울녹천초등학교,,일반건축물,교육연구시설,교육연구시설,0,1128.32,1431.67,20060919,2,0,서울특별시 노원구 월계동 322-2번지
11350,10200,0,0322,0002,서울녹천초등학교,,일반건축물,교육연구시설,교육연구시설,10.137,1831.48,5915.1,19950105,4,0,서울특별시 노원구 월계동 322-2번지
11350,10200,0,0322,0005,,,일반건축물,종교시설,종교시설,1671.1,650.73,3458.56,20070427,5,1,서울특별시 노원구 월계동 322-5번지
11350,10200,0,0322,0007,진아교통,,일반건축물,자동차관련시설,자동차관련시설,3582.1,351.68,849.19,20000506,3,0,서울특별시 노원구 월계동 322-7번지
11350,10200,0,0333,0001,월계동 이마트,,일반건축물,판매시설,"어린이도서관,지역아동센터",68132,332.59,998.35,20200630,3,1,서울특별시 노원구 월계동 333-1번지
11350,10200,0,0333,0001,월계동 이마트,,일반건축물,판매시설,판매및영업시설,68132,14903.13,45307.91,20200630,5,1,서울특별시 노원구 월계동 333-1번지
11350,10200,0,0333,0001,월계동 이마트,,일반건축물,판매시설,판매및영업시설,68132,16753.73,53680.94,20040916,4,1,서울특별시 노원구 월계동 333-1번지
11350,10200,0,0364,0002,,,일반건축물,위험물저장및처리시설,주유소및근린생활시설,529,164.37,222.54,19940406,2,1,서울특별시 노원구 월계동 364-2번지
11350,10200,0,0366,0003,카펠라오피스텔,,표제부,업무시설,업무시설(오피스텔),1829,997.2,7932.3,20030516,7,1,서울특별시 노원구 월계동 366-3번지
11350,10200,0,0367,0001,,,일반건축물,창고시설,창고,2762,986.28,986.28,20230718,1,0,서울특별시 노원구 월계동 367-1번지
11350,10200,0,0372,0002,,,일반건축물,창고시설,창고시설,0,266.41,266.41,19650618,1,0,서울특별시 노원구 월계동 372-2번지
11350,10200,0,0372,0003,월계동성당,,일반건축물,종교시설,종교시설(성당),2021,1058.89,4863.26,20060904,7,1,서울특별시 노원구 월계동 372-3번지
11350,10200,0,0372,0005,,,표제부,공동주택,다세대주택,0,136.96,626.79,19940914,4,1,서울특별시 노원구 월계동 372-5번지
11350,10200,0,0372,0005,,,표제부,공동주택,다세대주택,0,143.6,653.35,19940914,4,1,서울특별시 노원구 월계동 372-5번지
11350,10200,0,0375,0002,,,일반건축물,제2종근린생활시설,근린생활시설,293,173.52,1094.53,20031111,5,1,서울특별시 노원구 월계동 375-2번지
11350,10200,0,0376,0002,,,일반건축물,단독주택,단독주택,96,45.16,45.16,20220906,1,0,서울특별시 노원구 월계동 376-2번지
11350,10200,0,0376,0003,,,표제부,공동주택,다세대주택,0,69.57,208.71,19901130,2,1,서울특별시 노원구 월계동 376-3번지
11350,10200,0,0376,0004,,,일반건축물,단독주택,다가구용단독주택(16가구),163,95.39,342.08,19970219,3,1,서울특별시 노원구 월계동 376-4번지
11350,10200,0,0376,0005,,,표제부,공동주택,다세대주택,218,126.63,511.87,19930908,4,1,서울특별시 노원구 월계동 376-5번지
11350,10200,0,0376,0006,,,일반건축물,단독주택,다가구용단독주택,254,116.18,316.2,19930923,2,1,서울특별시 노원구 월계동 376-6번지
11350,10200,0,0376,0007,,,표제부,공동주택,도시형생활주택,226,134.07,579.12,20160120,4,1,서울특별시 노원구 월계동 376-7번지
11350,10200,0,0376,0008,,,일반건축물,단독주택,다가구용단독주택(14가구),254.43,152.46,609.84,19950724,3,1,서울특별시 노원구 월계동 376-8번지
11350,10200,0,0376,0010,,,일반건축물,제2종근린생활시설,"근린생활시설,주택",227,130.27,744.25,19960108,5,1,서울특별시 노원구 월계동 376-10번지
11350,10200,0,0376,0011,,,표제부,공동주택,다세대주택,195,93.95,405.6,19920629,4,1,서울특별시 노원구 월계동 376-11번지
11350,10200,0,0376,0015,,,표제부,공동주택,연립주택,303.29,181,881.28,19970501,4,2,서울특별시 노원구 월계동 376-15번지
11350,10200,0,0376,0016,제이하임,,표제부,공동주택,도시형생활주택단지형다세대주택,292.7,173.39,585.29,20230317,6,0,서울특별시 노원구 월계동 376-16번지
11350,10200,0,0376,0017,서울하우스 광운대점,,일반건축물,단독주택,단독주택,127.04,76.2,199.91,20061204,3,0,서울특별시 노원구 월계동 376-17번지
11350,10200,0,0376,0023,로하스타운,,표제부,공동주택,다세대주택,360.66,173.22,1075.67,20070420,4,2,서울특별시 노원구 월계동 376-23번지
11350,10200,0,0376,0025,,,일반건축물,단독주택,주택,0,76.82,230.46,19891120,2,1,서울특별시 노원구 월계동 376-25번지
11350,10200,0,0376,0027,,,표제부,공동주택,다세대주택,826,164.91,604.44,19950811,3,1,서울특별시 노원구 월계동 376-27번지
11350,10200,0,0376,0031,광운경로당,,일반건축물,노유자시설,노유자시설,116,52.02,52.02,20161020,1,0,서울특별시 노원구 월계동 376-31번지
11350,10200,0,0376,0032,,,일반건축물,단독주택,단독주택,162,77.15,143.1,20050419,2,0,서울특별시 노원구 월계동 376-32번지
11350,10200,0,0376,0033,,,일반건축물,단독주택,주택,0,72.66,92.49,19750326,1,1,서울특별시 노원구 월계동 376-33번지
11350,10200,0,0376,0034,,,일반건축물,단독주택,주택,0,75.01,94.71,19750630,1,1,서울특별시 노원구 월계동 376-34번지
11350,10200,0,0376,0035,,,일반건축물,단독주택,주택,0,81.98,109.42,19750630,1,1,서울특별시 노원구 월계동 376-35번지
11350,10200,0,0376,0036,,,일반건축물,단독주택,주택,0,68.96,91.31,19750326,1,1,서울특별시 노원구 월계동 376-36번지
11350,10200,0,0376,0037,,,일반건축물,단독주택,주택,99,59.31,102.9,19750502,2,1,서울특별시 노원구 월계동 376-37번지
11350,10200,0,0376,0039,,,일반건축물,단독주택,다가구주택,128.05,64,177.5,20151109,2,1,서울특별시 노원구 월계동 376-39번지
11350,10200,0,0376,0040,,,일반건축물,단독주택,주택,126,74.58,145.03,19750327,2,1,서울특별시 노원구 월계동 376-40번지
11350,10200,0,0376,0041,,,일반건축물,단독주택,단독주택,126,74.58,151.76,19750630,2,1,서울특별시 노원구 월계동 376-41번지
11350,10200,0,0376,0042,,,일반건축물,단독주택,주택,0,70.35,103.94,19750207,1,1,서울특별시 노원구 월계동 376-42번지
11350,10200,0,0376,0043,,,일반건축물,단독주택,주택,0,68.3,96.99,19750630,1,1,서울특별시 노원구 월계동 376-43번지
11350,10200,0,0376,0044,,,일반건축물,단독주택,주택,0,0,88.06,19750716,1,1,서울특별시 노원구 월계동 376-44번지
11350,10200,0,0376,0045,,,일반건축물,단독주택,주택,0,74.38,94.15,19750326,1,1,서울특별시 노원구 월계동 376-45번지
11350,10200,0,0376,0046,,,일반건축물,단독주택,주택,0,74.58,93.75,19750417,1,1,서울특별시 노원구 월계동 376-46번지
11350,10200,0,0376,0047,,,일반건축물,단독주택,주택,0,74.58,93.75,19750502,1,1,서울특별시 노원구 월계동 376-47번지
11350,10200,0,0376,0048,,,일반건축물,단독주택,다중주택,122.76,60.83,182.49,20141209,2,1,서울특별시 노원구 월계동 376-48번지
11350,10200,0,0376,0049,,,일반건축물,단독주택,주택,0,85.85,111.4,19750630,1,1,서울특별시 노원구 월계동 376-49번지
11350,10200,0,0376,0050,,,일반건축물,단독주택,주택,0,76.13,92.96,19750612,1,1,서울특별시 노원구 월계동 376-50번지
11350,10200,0,0376,0051,,,일반건축물,단독주택,단독주택,136,79.8,160.1,19750701,2,1,서울특별시 노원구 월계동 376-51번지
11350,10200,0,0376,0052,,,일반건축물,단독주택,주택,0,74.94,93.88,19750630,1,1,서울특별시 노원구 월계동 376-52번지
11350,10200,0,0376,0053,,,일반건축물,단독주택,주택,0,69.22,81.91,19750630,1,1,서울특별시 노원구 월계동 376-53번지
11350,10200,0,0376,0055,,,일반건축물,단독주택,주택,0,69.22,81.91,19750630,1,1,서울특별시 노원구 월계동 376-55번지
11350,10200,0,0376,0056,,,일반건축물,단독주택,주택,0,82.51,132.1,19760416,2,1,서울특별시 노원구 월계동 376-56번지
11350,10200,0,0376,0058,,,일반건축물,단독주택,다가구용단독주택,615.17,151.16,596.77,19951006,3,1,서울특별시 노원구 월계동 376-58번지
11350,10200,0,0376,0059,,,표제부,공동주택,다세대 주택,321,149.52,448.56,19921126,2,1,서울특별시 노원구 월계동 376-59번지
11350,10200,0,0376,0061,,,일반건축물,단독주택,단독주택(다중주택),150,89.56,298.86,20101227,3,1,서울특별시 노원구 월계동 376-61번지
11350,10200,0,0376,0062,,,표제부,공동주택,제2종근린생활시설 및 도시형생활주택,132,78.22,285.16,20110705,5,0,서울특별시 노원구 월계동 376-62번지
11350,10200,0,0376,0063,,,표제부,공동주택,연립주택,0,98.38,216.72,19771229,2,1,서울특별시 노원구 월계동 376-63번지
11350,10200,0,0376,0066,,,일반건축물,단독주택,단독주택,0,79.8,246.9,19900922,2,1,서울특별시 노원구 월계동 376-66번지
11350,10200,0,0376,0068,,,표제부,공동주택,다세대 주택,236,115.82,475.18,19930908,4,1,서울특별시 노원구 월계동 376-68번지
11350,10200,0,0376,0069,,,일반건축물,단독주택,단독주택(다중주택),231.42,99.59,329.8,20170207,3,1,서울특별시 노원구 월계동 376-69번지
11350,10200,0,0376,0070,,,일반건축물,제2종근린생활시설,제2종근린생활시설,0,69.56,69.56,20060503,1,0,서울특별시 노원구 월계동 376-70번지
11350,10200,0,0376,0070,,,일반건축물,제2종근린생활시설,제2종근린생활시설,0,19.25,19.25,20060503,1,0,서울특별시 노원구 월계동 376-70번지
11350,10200,0,0376,0074,,,표제부,공동주택,다세대주택,0,82.84,248.52,19901130,2,1,서울특별시 노원구 월계동 376-74번지
11350,10200,0,0376,0076,,,표제부,공동주택,다세대주택,0,80.3,240.9,19901129,2,1,서울특별시 노원구 월계동 376-76번지
11350,10200,0,0376,0077,,,표제부,공동주택,다세대주택,0,79.95,239.85,19901129,2,1,서울특별시 노원구 월계동 376-77번지
11350,10200,0,0376,0078,,,표제부,공동주택,다세대 주택,221,109.46,455.86,19930908,4,1,서울특별시 노원구 월계동 376-78번지
11350,10200,0,0376,0087,휴&미,,표제부,공동주택,다세대주택,220.6,110.15,463.81,20080904,2,2,서울특별시 노원구 월계동 376-87번지
11350,10200,0,0376,0089,미르빌A동,,일반건축물,단독주택,단독주택,127.04,76.2,199.91,20061204,3,0,서울특별시 노원구 월계동 376-89번지
11350,10200,0,0377,0038,,,일반건축물,단독주택,주택,0,90.57,283.7,19840628,2,1,서울특별시 노원구 월계동 377-38번지
11350,10200,0,0377,0041,,,일반건축물,단독주택,다가구용단독주택,64.14,45.14,140.06,19970306,3,1,서울특별시 노원구 월계동 377-41번지
11350,10200,0,0377,0044,,,일반건축물,단독주택,"근린생활시설, 다가구주택",89,53.24,234.51,20011115,4,1,서울특별시 노원구 월계동 377-44번지
11350,10200,0,0377,0045,,,표제부,공동주택,다세대주택,0,50.61,151.83,19880624,2,1,서울특별시 노원구 월계동 377-45번지
11350,10200,0,0377,0046,,,표제부,공동주택,다세대주택,0,83.3,249.9,19880624,2,1,서울특별시 노원구 월계동 377-46번지
11350,10200,0,0377,0047,,,일반건축물,단독주택,"다가구주택,제2종근린생활시설",270,133.55,575.36,19871219,4,1,서울특별시 노원구 월계동 377-47번지
11350,10200,0,0377,0049,,,표제부,공동주택,다세대주택,0,48.39,145.17,19880705,2,1,서울특별시 노원구 월계동 377-49번지
11350,10200,0,0377,0050,,,표제부,공동주택,다세대주택,0,41.21,123.63,19880624,2,1,서울특별시 노원구 월계동 377-50번지
11350,10200,0,0377,0051,,,일반건축물,단독주택,다가구주택(4가구),85.72,53.86,143.21,19930624,2,1,서울특별시 노원구 월계동 377-51번지
11350,10200,0,0377,0052,,,일반건축물,단독주택,다가구주택(5가구),89.4,56.38,167.14,19930617,3,1,서울특별시 노원구 월계동 377-52번지
11350,10200,0,0377,0053,,,일반건축물,단독주택,단독주택(다중주택),109.6,64.69,198.9,20140814,3,1,서울특별시 노원구 월계동 377-53번지
11350,10200,0,0377,0069,,,일반건축물,제1종근린생활시설,"근린생활시설, 주택",0,50.57,167.42,19901122,2,1,서울특별시 노원구 월계동 377-69번지
11350,10200,0,0377,0070,,,표제부,공동주택,다세대주택,0,109.89,329.67,19900706,2,1,서울특별시 노원구 월계동 377-70번지
11350,10200,0,0377,0087,,,일반건축물,단독주택,단독주택(다중주택),137,81.035,299.655,20170112,3,1,서울특별시 노원구 월계동 377-87번지
11350,10200,0,0377,0096,,,일반건축물,단독주택,다가구용단독주택,267,135.94,523.13,19950329,4,1,서울특별시 노원구 월계동 377-96번지
11350,10200,0,0377,0101,,,일반건축물,단독주택,단독주택(다중주택),92,55.13,199.455,20170112,3,1,서울특별시 노원구 월계동 377-101번지
11350,10200,0,0378,0065,월계동 378-65 공동주택,,표제부,공동주택,다세대주택,264,157,581.65,20081008,5,0,서울특별시 노원구 월계동 378-65번지
11350,10200,0,0379,0002,,,일반건축물,제2종근린생활시설,근린생활시설,217.65,108.64,478.29,19931227,4,1,서울특별시 노원구 월계동 379-2번지
11350,10200,0,0379,0010,,,일반건축물,제1종근린생활시설,근린생활시설,0,39.67,39.67,19530728,1,0,서울특별시 노원구 월계동 379-10번지
11350,10200,0,0379,0011,,,일반건축물,단독주택,주택,0,55.14,173.9,19900207,2,1,서울특별시 노원구 월계동 379-11번지
11350,10200,0,0379,0012,,,일반건축물,단독주택,주택,0,46.24,144.95,19900213,2,1,서울특별시 노원구 월계동 379-12번지
11350,10200,0,0379,0013,,,일반건축물,제2종근린생활시설,제2종근린생활시설,83,33.88,33.88,19621211,1,0,서울특별시 노원구 월계동 379-13번지
11350,10200,0,0379,0014,,,일반건축물,단독주택,주택,0,19.83,19.83,,1,0,서울특별시 노원구 월계동 379-14번지
11350,10200,0,0379,0017,모두스타빌,,표제부,업무시설,"업무시설, 제2종근린생활시설",366.51,217.03,1365.59,20200109,8,1,서울특별시 노원구 월계동 379-17번지
11350,10200,0,0379,0020,,,일반건축물,제2종근린생활시설,제2종근린생활시설,0,42.98,42.98,19540420,1,0,서울특별시 노원구 월계동 379-20번지
11350,10200,0,0379,0022,,,일반건축물,제2종근린생활시설,제2종근린생활시설,107.32,62.62,123.94,20020415,2,0,서울특별시 노원구 월계동 379-22번지
11350,10200,0,0379,0025,,,일반건축물,제2종근린생활시설,제2종근린생활시설,0,69.42,69.42,,1,0,서울특별시 노원구 월계동 379-25번지
11350,10200,0,0379,0025,,,일반건축물,제1종근린생활시설,근린생활시설,0,49.15,59.65,19850827,1,1,서울특별시 노원구 월계동 379-25번지
11350,10200,0,0379,0028,,,일반건축물,제2종근린생활시설,제2종근린생활시설,0,33.06,33.06,,1,0,서울특별시 노원구 월계동 379-28번지
11350,10200,0,0379,0030,,,일반건축물,제2종근린생활시설,제2종근린생활시설,97.35,58.08,58.08,20040520,1,0,서울특별시 노원구 월계동 379-30번지
11350,10200,0,0379,0032,,,일반건축물,제2종근린생활시설,제2종근린생활시설,0,49.59,49.59,,1,0,서울특별시 노원구 월계동 379-32번지
11350,10200,0,0379,0033,,,일반건축물,제2종근린생활시설,근린생활시설,280.5,133.2,599.48,19931230,4,1,서울특별시 노원구 월계동 379-33번지
11350,10200,0,0379,0036,,,일반건축물,제1종근린생활시설,"근린생활시설,주택",98.6,48.77,260.97,19930914,4,1,서울특별시 노원구 월계동 379-36번지
11350,10200,0,0379,0039,,,표제부,제1종근린생활시설,"근린생활시설,다세대주택",0,123.24,670.5,19900523,4,1,서울특별시 노원구 월계동 379-39번지
11350,10200,0,0379,0040,,,일반건축물,제1종근린생활시설,"주택, 근린생활시설, 창고시설",0,109.88,415.33,19760813,3,1,서울특별시 노원구 월계동 379-40번지
11350,10200,0,0379,0042,,,일반건축물,단독주택,"근린생활시설, 주택",92.1,55.04,229.62,19920901,4,1,서울특별시 노원구 월계동 379-42번지
11350,10200,0,0379,0043,,,일반건축물,근린생활시설,"주택, 근린생활시설",0,0,504.63,19861118,4,1,서울특별시 노원구 월계동 379-43번지
11350,10200,0,0379,0045,,,일반건축물,제1종근린생활시설,"주택, 근린생활시설",0,47.85,162.02,19880801,2,1,서울특별시 노원구 월계동 379-45번지
11350,10200,0,0379,0046,,,일반건축물,제1종근린생활시설,근린생활시설,0,46.28,46.28,,1,0,서울특별시 노원구 월계동 379-46번지
11350,10200,0,0379,0049,,,일반건축물,단독주택,주택,0,34.88,34.88,19680410,1,0,서울특별시 노원구 월계동 379-49번지
11350,10200,0,0379,0050,,,일반건축물,제1종근린생활시설,"주택,점포",0,63.7,140.23,19771027,2,1,서울특별시 노원구 월계동 379-50번지
11350,10200,0,0380,0001,삼능스페이스향,,표제부,공동주택,"공동주택(아파트), 제1,2종근린생활시설",2153,933.28,13840.39,20060614,15,4,서울특별시 노원구 월계동 380-1번지
11350,10200,0,0380,0004,성지오피스텔,,일반건축물,업무시설,업무시설(오피스텔),469,202.42,1645.52,20030110,9,0,서울특별시 노원구 월계동 380-4번지
11350,10200,0,0380,0008,,,일반건축물,제2종근린생활시설,제2종근린생활시설,251,144.7375,874.3349,20220822,7,1,서울특별시 노원구 월계동 380-8번지
11350,10200,0,0382,0006,,,일반건축물,단독주택,단독주택,112,54.8,199.88,20070330,4,0,서울특별시 노원구 월계동 382-6번지
11350,10200,0,0382,0014,,,표제부,공동주택,다세대주택,299,72.47,397.03,20021024,3,1,서울특별시 노원구 월계동 382-14번지
11350,10200,0,0382,0018,,,일반건축물,단독주택,단독주택(다중주택),132,79.08,273.33,20140807,3,1,서울특별시 노원구 월계동 382-18번지
11350,10200,0,0382,0019,,,일반건축물,단독주택,단독주택(다중주택),139,83.25,289.26,20140806,3,1,서울특별시 노원구 월계동 382-19번지
11350,10200,0,0382,0022,,,표제부,공동주택,도시형생활주택(원룸형) 및 제1종근린생활시설(소매점),155,92.94,308.55,20121116,5,0,서울특별시 노원구 월계동 382-22번지
11350,10200,0,0382,0023,봄날,,일반건축물,단독주택,다가구주택 및 제2종 근린생활시설(사무소),205,95.84,236.88,20220127,3,1,서울특별시 노원구 월계동 382-23번지
11350,10200,0,0382,0025,,,표제부,공동주택,공동주택(다세대주택),136,74.46,248.83,20090119,4,0,서울특별시 노원구 월계동 382-25번지
11350,10200,0,0382,0026,,,일반건축물,단독주택,다가구주택,139,80.24,231.72,20020117,3,0,서울특별시 노원구 월계동 382-26번지
11350,10200,0,0382,0027,,,일반건축물,단독주택,주택,0,85.95,122.08,19760922,2,1,서울특별시 노원구 월계동 382-27번지
11350,10200,0,0382,0029,,,일반건축물,단독주택,다중주택,165,94.1,299.84,20160706,3,1,서울특별시 노원구 월계동 382-29번지
11350,10200,0,0382,0030,,,일반건축물,단독주택,단독주택(다중주택),177.8,91.05,299.43,20150710,3,1,서울특별시 노원구 월계동 382-30번지
11350,10200,0,0382,0031,,,일반건축물,단독주택,다중주택,159,95.27,299.2,20141027,3,1,서울특별시 노원구 월계동 382-31번지
11350,10200,0,0382,0033,서울중앙교회,,일반건축물,종교시설,문화및집회시설(종교집회장),2038,406.37,2466.38,20031031,3,2,서울특별시 노원구 월계동 382-33번지
11350,10200,0,0382,0035,,,표제부,공동주택,다세대주택,0,55.68,222.72,19851218,3,1,서울특별시 노원구 월계동 382-35번지
11350,10200,0,0382,0041,,,표제부,공동주택,다세대주택,0,77.9,315.74,19870202,3,1,서울특별시 노원구 월계동 382-41번지
11350,10200,0,0382,0042,,,일반건축물,단독주택,다중주택,189,98.58,299.48,20160222,3,1,서울특별시 노원구 월계동 382-42번지
11350,10200,0,0382,0048,,,일반건축물,단독주택,다중주택,182,94.38,299.89,20170106,3,1,서울특별시 노원구 월계동 382-48번지
11350,10200,0,0382,0050,,,표제부,공동주택,다세대주택,0,58.38,233.52,19851218,3,1,서울특별시 노원구 월계동 382-50번지
11350,10200,0,0382,0052,,,표제부,공동주택,다세대주택,0,77.52,310.08,19870202,3,1,서울특별시 노원구 월계동 382-52번지
11350,10200,0,0382,0053,,,표제부,공동주택,다세대주택,0,83.16,249.48,19890308,2,1,서울특별시 노원구 월계동 382-53번지
11350,10200,0,0382,0055,,,표제부,공동주택,다세대주택,0,81.59,326.36,19881210,3,1,서울특별시 노원구 월계동 382-55번지
11350,10200,0,0382,0056,,,표제부,공동주택,다세대주택,0,81.81,327.24,19881126,3,1,서울특별시 노원구 월계동 382-56번지
11350,10200,0,0382,0060,,,표제부,공동주택,다세대주택,0,82.39,329.56,19881210,3,1,서울특별시 노원구 월계동 382-60번지
11350,10200,0,0382,0062,,,표제부,공동주택,다세대주택,355,172.5,818.38,20020325,5,1,서울특별시 노원구 월계동 382-62번지
11350,10200,0,0383,0003,,,일반건축물,제2종근린생활시설,"근린생활시설, 주택",393,216.94,981.3,19960516,4,1,서울특별시 노원구 월계동 383-3번지
11350,10200,0,0383,0004,,,일반건축물,제1종근린생활시설,근린생활시설,178,85.06,333.23,19820715,4,1,서울특별시 노원구 월계동 383-4번지
11350,10200,0,0383,0005,,,일반건축물,제2종근린생활시설,근린생활시설,0,0,354.79,19830901,3,1,서울특별시 노원구 월계동 383-5번지
11350,10200,0,0383,0006,,,일반건축물,단독주택,"다가구용단독주택, 근린생활시설",148,86.72,413.92,19991014,4,1,서울특별시 노원구 월계동 383-6번지
11350,10200,0,0383,0008,,,일반건축물,제1종근린생활시설,"근린생활시설,주택",0,72.6,294.14,19870402,3,1,서울특별시 노원구 월계동 383-8번지
11350,10200,0,0383,0010,,,일반건축물,단독주택,주택,0,0,164.36,19840803,2,1,서울특별시 노원구 월계동 383-10번지
11350,10200,0,0383,0010,월계동383-34단독주택,,일반건축물,단독주택,주택,230,41.72,41.72,19700420,1,0,서울특별시 노원구 월계동 383-10번지
11350,10200,0,0383,0011,네오하임(NEOHEIM),,표제부,공동주택,도시형생활주택(단지형다세대주택),224,133.73,688.25,20190315,7,1,서울특별시 노원구 월계동 383-11번지
11350,10200,0,0383,0014,,,일반건축물,제2종근린생활시설,근린생활시설,0,86.94,454.93,19900702,4,1,서울특별시 노원구 월계동 383-14번지
11350,10200,0,0383,0015,,,일반건축물,단독주택,주택,0,88.73,221.79,19781219,2,1,서울특별시 노원구 월계동 383-15번지
11350,10200,0,0383,0016,성북플라자,,일반건축물,제2종근린생활시설,제2종근린생활시설,337,192.36,1265.74,20060825,6,1,서울특별시 노원구 월계동 383-16번지
11350,10200,0,0383,0017,,,일반건축물,제2종근린생활시설,제2종근린생활시설,0,54.29,54.29,19850812,1,0,서울특별시 노원구 월계동 383-17번지
11350,10200,0,0383,0019,,,표제부,업무시설,업무시설(오피스텔),319,189.72,1345.86,20180220,9,1,서울특별시 노원구 월계동 383-19번지
11350,10200,0,0383,0021,,,표제부,제1종근린생활시설,"사무실, 근린생활시설",0,380.3,1493.76,19801115,3,1,서울특별시 노원구 월계동 383-21번지
11350,10200,0,0383,0025,,,일반건축물,제2종근린생활시설,근린생활시설,179,168.2,184.48,19601101,2,0,서울특별시 노원구 월계동 383-25번지
11350,10200,0,0383,0026,,,일반건축물,제1종근린생활시설,"근린생활시설, 주택",0,44.92,172.24,19891124,3,1,서울특별시 노원구 월계동 383-26번지
11350,10200,0,0383,0027,,,일반건축물,제2종근린생활시설,제2종근린생활시설,0,13.81,13.81,,1,0,서울특별시 노원구 월계동 383-27번지
11350,10200,0,0383,0028,,,일반건축물,제1종근린생활시설,"주택, 근린생활시설",0,89.2,446,19891127,4,1,서울특별시 노원구 월계동 383-28번지
11350,10200,0,0383,0030,,,일반건축물,제2종근린생활시설,근린생활시설,362,180.88,1104.48,19921104,5,1,서울특별시 노원구 월계동 383-30번지
11350,10200,0,0383,0036,,,일반건축물,단독주택,주택,0,54.05,54.05,19700620,1,0,서울특별시 노원구 월계동 383-36번지
11350,10200,0,0383,0039,,,일반건축물,제1종근린생활시설,근린생활시설,0,33.35,33.35,19590218,1,0,서울특별시 노원구 월계동 383-39번지
11350,10200,0,0383,0040,,,일반건축물,공동주택,수위실,0,8.33,8.33,19760424,1,0,서울특별시 노원구 월계동 383-40번지
11350,10200,0,0383,0040,,,표제부,공동주택,아파트,0,419.97,2099.85,19760424,5,0,서울특별시 노원구 월계동 383-40번지
11350,10200,0,0383,0040,,,표제부,공동주택,아파트,0,419.97,2099.85,19760424,5,0,서울특별시 노원구 월계동 383-40번지
11350,10200,0,0383,0040,,,일반건축물,공동주택,보이라실,0,218.58,218.58,19760424,1,0,서울특별시 노원구 월계동 383-40번지
11350,10200,0,0383,0040,,,표제부,공동주택,아파트,0,419.97,2488.38,19760424,5,1,서울특별시 노원구 월계동 383-40번지
11350,10200,0,0383,0040,,,표제부,공동주택,아파트,0,419.97,2488.38,19760424,5,1,서울특별시 노원구 월계동 383-40번지
11350,10200,0,0383,0042,,,일반건축물,근린생활시설,근린생활시설,0,0,894.03,19760424,4,1,서울특별시 노원구 월계동 383-42번지
11350,10200,0,0387,0000,월계로즈빌,,표제부,공동주택,"공동주택(아파트),제2종근린생활시설",998,491.95,4246.05,20040714,10,2,서울특별시 노원구 월계동 387번지
11350,10200,0,0390,0002,,,일반건축물,단독주택,주택,0,97.49,282.63,19841207,2,1,서울특별시 노원구 월계동 390-2번지
11350,10200,0,0390,0004,,,일반건축물,교육연구시설,교육연구시설(유치원),443,230.9,752.6,19960523,3,1,서울특별시 노원구 월계동 390-4번지
11350,10200,0,0390,0007,,,일반건축물,단독주택,주택,0,156.89,328.97,19750604,2,1,서울특별시 노원구 월계동 390-7번지
11350,10200,0,0390,0010,,,표제부,공동주택,도시형생활주택(단지형다세대),506.4,149,491.98,20180717,6,0,서울특별시 노원구 월계동 390-10번지
11350,10200,0,0390,0010,,,표제부,공동주택,도시형생활주택(단지형다세대),506.4,146.8,518.02,20180717,6,0,서울특별시 노원구 월계동 390-10번지
11350,10200,0,0390,0015,,,표제부,공동주택,주택,0,49.36,148.08,19780710,2,1,서울특별시 노원구 월계동 390-15번지
11350,10200,0,0390,0016,,,표제부,공동주택,주택,0,53.09,159.27,19780710,2,1,서울특별시 노원구 월계동 390-16번지
11350,10200,0,0390,0017,,,표제부,공동주택,주택,0,46.94,104.66,19780710,2,1,서울특별시 노원구 월계동 390-17번지
11350,10200,0,0390,0026,삼일시티빌,,표제부,공동주택,도시형생활주택(단지형다세대),0,136.1,460.89,20160330,5,0,서울특별시 노원구 월계동 390-26번지
11350,10200,0,0390,0026,삼일시티빌,,표제부,공동주택,도시형생활주택(단지형다세대),0,137.7,557.01,20160330,6,0,서울특별시 노원구 월계동 390-26번지
11350,10200,0,0390,0026,삼일시티빌,,표제부,공동주택,도시형생활주택(단지형다세대),0,150.95,600.74,20160330,6,0,서울특별시 노원구 월계동 390-26번지
11350,10200,0,0390,0035,,,일반건축물,제1종근린생활시설,근린생활시설,734.1,162.69,650.76,19830804,3,1,서울특별시 노원구 월계동 390-35번지
11350,10200,0,0391,0001,,,일반건축물,제2종근린생활시설,"주택, 근린생활시설",0,160.78,825.71,19780105,3,1,서울특별시 노원구 월계동 391-1번지
11350,10200,0,0392,0000,,,일반건축물,제1종근린생활시설,"근린생활시설,주택",454,217.74,870.48,19851113,3,1,서울특별시 노원구 월계동 392번지
11350,10200,0,0392,0001,,,일반건축물,제2종근린생활시설,"근린생활시설, 다가구주택",308,172.56,827.21,20001202,5,1,서울특별시 노원구 월계동 392-1번지
11350,10200,0,0392,0002,,,일반건축물,단독주택,다가구용단독주택,173.2,102.22,349.41,19980926,3,1,서울특별시 노원구 월계동 392-2번지
11350,10200,0,0392,0019,,,일반건축물,단독주택,"주택, 근린생활시설",0,65.62,326.42,19910911,4,1,서울특별시 노원구 월계동 392-19번지
11350,10200,0,0392,0022,,,일반건축물,단독주택,다가구용단독주택,144.68,86.78,268.19,19930708,3,1,서울특별시 노원구 월계동 392-22번지
11350,10200,0,0392,0023,,,일반건축물,단독주택,단독주택(다중주택),181.83,103.32,329.16,20160826,3,1,서울특별시 노원구 월계동 392-23번지
11350,10200,0,0392,0024,,,일반건축물,단독주택,주택,0,67.07,67.07,19671228,1,0,서울특별시 노원구 월계동 392-24번지
11350,10200,0,0392,0024,,,표제부,공동주택,다세대주택,0,77.88,233.64,19881111,2,1,서울특별시 노원구 월계동 392-24번지
11350,10200,0,0392,0025,,,표제부,공동주택,다세대주택,0,62.44,187.32,19881123,2,1,서울특별시 노원구 월계동 392-25번지
11350,10200,0,0392,0026,,,일반건축물,단독주택,다가구주택,96.44,55.2,231.86,20021121,3,1,서울특별시 노원구 월계동 392-26번지
11350,10200,0,0392,0030,,,일반건축물,단독주택,다가구주택,205,117.98,352.77,20171026,4,0,서울특별시 노원구 월계동 392-30번지
11350,10200,0,0392,0031,,,일반건축물,단독주택,다가구용단독주택(5가구),0,70.92,212.76,19920122,2,1,서울특별시 노원구 월계동 392-31번지
11350,10200,0,0392,0032,이레원룸주택,,일반건축물,단독주택,단독주택,155,91.44,354.09,20100315,5,1,서울특별시 노원구 월계동 392-32번지
11350,10200,0,0392,0033,이레리치빌,,표제부,공동주택,도시형생활주택(단지형다세대),232.2,138.86,317.65,20140529,5,0,서울특별시 노원구 월계동 392-33번지
11350,10200,0,0392,0034,,,일반건축물,단독주택,단독주택,245,140.01,329.05,20041209,3,1,서울특별시 노원구 월계동 392-34번지
11350,10200,0,0392,0035,,,일반건축물,단독주택,다중주택,167.14,96.34,307.8,20151230,3,1,서울특별시 노원구 월계동 392-35번지
11350,10200,0,0392,0036,,,표제부,공동주택,다세대주택,0,83.04,249.12,19901231,2,1,서울특별시 노원구 월계동 392-36번지
11350,10200,0,0392,0038,,,일반건축물,단독주택,주택,0,80.76,242.28,19890605,2,1,서울특별시 노원구 월계동 392-38번지
11350,10200,0,0392,0039,,,일반건축물,단독주택,다중주택,166,96.15,297.44,20151229,3,1,서울특별시 노원구 월계동 392-39번지
11350,10200,0,0392,0040,,,일반건축물,단독주택,다중주택,153.7,92.12,299.65,20150121,3,1,서울특별시 노원구 월계동 392-40번지
11350,10200,0,0392,0041,,,일반건축물,단독주택,다가구용단독주택(7가구),0,81.48,239.64,19911009,2,1,서울특별시 노원구 월계동 392-41번지
11350,10200,0,0392,0042,,,일반건축물,단독주택,다가구용단독주택,236.79,142.06,392.06,19930810,2,1,서울특별시 노원구 월계동 392-42번지
11350,10200,0,0392,0043,해인베스트빌,,표제부,공동주택,공동주택,138,79.2,274.3,20081009,5,0,서울특별시 노원구 월계동 392-43번지
11350,10200,0,0392,0044,,,일반건축물,단독주택,"근린생활시설, 단독주택",136.89,81.58,294.42,19931217,3,1,서울특별시 노원구 월계동 392-44번지
11350,10200,0,0392,0045,,,표제부,공동주택,도시형생활주택(단지형다세대),296.15,176.08,496.19,20160217,5,0,서울특별시 노원구 월계동 392-45번지
11350,10200,0,0392,0047,,,표제부,공동주택,다세대주택,198,118.61,555.63,19940120,4,1,서울특별시 노원구 월계동 392-47번지
11350,10200,0,0392,0048,,,표제부,공동주택,다세대주택,293,161.38,589.6,19931231,3,1,서울특별시 노원구 월계동 392-48번지
11350,10200,0,0392,0049,,,일반건축물,단독주택,다가구용단독주택,240,129.95,397.93,19930119,3,1,서울특별시 노원구 월계동 392-49번지
11350,10200,0,0392,0050,,,일반건축물,단독주택,다가구용단독주택,94.77,56,190.92,19921127,3,1,서울특별시 노원구 월계동 392-50번지
11350,10200,0,0392,0053,,,일반건축물,단독주택,다가구용단독주택,102.05,61.05,184.21,19930722,3,1,서울특별시 노원구 월계동 392-53번지
11350,10200,0,0392,0054,,,일반건축물,단독주택,다가구용단독주택,112,66.59,199.62,19921124,3,1,서울특별시 노원구 월계동 392-54번지
11350,10200,0,0392,0056,,,표제부,공동주택,다세대주택,0,89.24,387.89,19901231,3,1,서울특별시 노원구 월계동 392-56번지
11350,10200,0,0392,0056,,,표제부,공동주택,다세대주택,0,89.24,387.89,19901231,3,1,서울특별시 노원구 월계동 392-56번지
11350,10200,0,0392,0057,반석스위트빌,,표제부,공동주택,공동주택(다세대주택),555,275.8,1171.83,20091104,2,2,서울특별시 노원구 월계동 392-57번지
11350,10200,0,0392,0058,,,일반건축물,단독주택,주택,0,61.85,72.2,19731210,1,1,서울특별시 노원구 월계동 392-58번지
11350,10200,0,0392,0059,,,일반건축물,단독주택,주택,0,67.9,75.93,19731210,1,1,서울특별시 노원구 월계동 392-59번지
11350,10200,0,0392,0061,,,일반건축물,단독주택,다중주택,117,64.32,198.9,20161123,3,1,서울특별시 노원구 월계동 392-61번지
11350,10200,0,0392,0065,,,표제부,공동주택,다세대주택,0,47.96,191.84,19910404,3,1,서울특별시 노원구 월계동 392-65번지
11350,10200,0,0392,0066,,,일반건축물,단독주택,주택,198,87.92,158.34,19731211,2,1,서울특별시 노원구 월계동 392-66번지
11350,10200,0,0392,0067,,,일반건축물,단독주택,주택,0,64.99,73.98,19730802,1,1,서울특별시 노원구 월계동 392-67번지
11350,10200,0,0392,0076,,,일반건축물,단독주택,다중주택,133.02,75.01,267.7,20160120,3,1,서울특별시 노원구 월계동 392-76번지
11350,10200,0,0392,0077,,,표제부,공동주택,다세대주택,130.29,77.14,295.06,19970129,3,1,서울특별시 노원구 월계동 392-77번지
11350,10200,0,0392,0078,,,일반건축물,단독주택,단독주택(다중주택),118.96,63.7,199.9,20170809,3,1,서울특별시 노원구 월계동 392-78번지
11350,10200,0,0392,0079,,,일반건축물,단독주택,다가구용단독주택,109.19,65.13,255.36,19970623,3,1,서울특별시 노원구 월계동 392-79번지
11350,10200,0,0392,0080,,,일반건축물,단독주택,주택,0,65.72,77.09,19761230,1,1,서울특별시 노원구 월계동 392-80번지
11350,10200,0,0392,0082,,,일반건축물,단독주택,주택,0,65.85,74.25,19730802,1,1,서울특별시 노원구 월계동 392-82번지
11350,10200,0,0392,0083,,,일반건축물,단독주택,주택,0,65.85,74.25,19730802,1,1,서울특별시 노원구 월계동 392-83번지
11350,10200,0,0392,0087,,,일반건축물,단독주택,주택,0,65.12,74.67,19730803,1,1,서울특별시 노원구 월계동 392-87번지
11350,10200,0,0392,0088,,,일반건축물,단독주택,단독주택(다중주택),127.2,63.5,190.5,20130118,2,1,서울특별시 노원구 월계동 392-88번지
11350,10200,0,0392,0089,,,일반건축물,단독주택,주택,0,68.26,81.22,19731010,1,1,서울특별시 노원구 월계동 392-89번지
11350,10200,0,0392,0094,,,일반건축물,단독주택,주택,0,62.38,70.12,19731227,1,1,서울특별시 노원구 월계동 392-94번지
11350,10200,0,0392,0096,,,일반건축물,단독주택,주택,0,62.61,70.44,19730802,1,1,서울특별시 노원구 월계동 392-96번지
11350,10200,0,0392,0097,,,일반건축물,단독주택,주택,0,71.97,85.72,19731210,1,1,서울특별시 노원구 월계동 392-97번지
11350,10200,0,0392,0099,,,일반건축물,단독주택,주택,0,54.25,71.61,19731130,1,1,서울특별시 노원구 월계동 392-99번지
11350,10200,0,0392,0100,,,일반건축물,단독주택,다중주택,222.7,111.18,329.55,20150909,2,1,서울특별시 노원구 월계동 392-100번지
11350,10200,0,0392,0101,,,일반건축물,단독주택,주택,0,76.07,84.17,19731023,1,1,서울특별시 노원구 월계동 392-101번지
11350,10200,0,0392,0103,,,일반건축물,단독주택,주택,0,66.94,74.91,19731001,1,1,서울특별시 노원구 월계동 392-103번지
11350,10200,0,0392,0104,,,일반건축물,제1종근린생활시설,제1종근린생활시설,400,199.3,398.16,20011019,2,0,서울특별시 노원구 월계동 392-104번지
11350,10200,0,0392,0106,,,일반건축물,종교시설,종교시설(요사채),1767,156.52,370.76,19951002,1,1,서울특별시 노원구 월계동 392-106번지
11350,10200,0,0392,0106,,,일반건축물,종교시설,종교시설(사찰),1767,83.57,167.14,19811231,1,1,서울특별시 노원구 월계동 392-106번지
11350,10200,0,0392,0111,,,일반건축물,제2종근린생활시설,제2종근린생활시설(종교집회장),298,82.77,82.77,20041230,1,0,서울특별시 노원구 월계동 392-111번지
11350,10200,0,0392,0115,,,일반건축물,단독주택,다중주택,132,65.91,197.73,20180103,2,1,서울특별시 노원구 월계동 392-115번지
11350,10200,0,0392,0117,,,일반건축물,단독주택,"주택,점포",0,81.68,162.37,19761230,2,1,서울특별시 노원구 월계동 392-117번지
11350,10200,0,0392,0120,,,일반건축물,단독주택,다가구용단독주택,155,84.93,244.47,19921204,2,1,서울특별시 노원구 월계동 392-120번지
11350,10200,0,0392,0121,,,일반건축물,단독주택,다중주택,152,91.14,297.82,20140128,3,1,서울특별시 노원구 월계동 392-121번지
11350,10200,0,0392,0124,,,일반건축물,단독주택,다가구용단독주택,212,127.06,475.9,19970730,3,1,서울특별시 노원구 월계동 392-124번지
11350,10200,0,0392,0147,,,표제부,공동주택,다세대주택,0,61.56,184.68,19881123,2,1,서울특별시 노원구 월계동 392-147번지
11350,10200,0,0392,0164,,,일반건축물,단독주택,다중주택,108.48,64.79,199.94,20161123,3,1,서울특별시 노원구 월계동 392-164번지
11350,10200,0,0393,0001,,,일반건축물,단독주택,"주택,점포",0,112.13,356.53,19760813,3,1,서울특별시 노원구 월계동 393-1번지
11350,10200,0,0393,0003,,,일반건축물,단독주택,다가구용단독주택,213.53,128.06,458.61,19960708,3,1,서울특별시 노원구 월계동 393-3번지
11350,10200,0,0393,0004,,,일반건축물,단독주택,다가구용단독주택(5가구),0,80.31,229.95,19920122,2,1,서울특별시 노원구 월계동 393-4번지
11350,10200,0,0393,0010,,,일반건축물,단독주택,"근린생활시설, 다가구주택",167.19,99.63,290.13,20020704,3,0,서울특별시 노원구 월계동 393-10번지
11350,10200,0,0393,0012,,,일반건축물,단독주택,주택,0,81.18,243.54,19840626,2,1,서울특별시 노원구 월계동 393-12번지
11350,10200,0,0393,0013,,,일반건축물,단독주택,주택,0,76.13,96.63,19781229,1,1,서울특별시 노원구 월계동 393-13번지
11350,10200,0,0393,0014,,,일반건축물,제1종근린생활시설,"근린생활시설, 주택",197,84.32,505.51,19901024,5,1,서울특별시 노원구 월계동 393-14번지
11350,10200,0,0395,0006,,,표제부,공동주택,다세대주택,215,128.47,594.3,19930623,4,1,서울특별시 노원구 월계동 395-6번지
11350,10200,0,0397,0000,,,표제부,공동주택,다세대주택,0,73.88,221.64,19900829,2,1,서울특별시 노원구 월계동 397번지
11350,10200,0,0398,0001,,,표제부,공동주택,다세대주택,0,53.94,161.82,19900901,2,1,서울특별시 노원구 월계동 398-1번지
11350,10200,0,0398,0001,,,표제부,공동주택,다세대주택,0,80.22,240.66,19900901,2,1,서울특별시 노원구 월계동 398-1번지
11350,10200,0,0398,0005,,,표제부,공동주택,다세대주택,0,80.93,242.79,19900829,2,1,서울특별시 노원구 월계동 398-5번지
11350,10200,0,0398,0008,,,표제부,공동주택,다세대주택,0,83.07,249.21,19900829,2,1,서울특별시 노원구 월계동 398-8번지
11350,10200,0,0398,0010,,,표제부,공동주택,다세대주택,0,81.09,243.27,19910426,2,1,서울특별시 노원구 월계동 398-10번지
11350,10200,0,0398,0011,,,표제부,공동주택,다세대주택,0,80.22,240.66,19900829,2,1,서울특별시 노원구 월계동 398-11번지
11350,10200,0,0398,0012,,,표제부,공동주택,다세대주택,0,80.16,240.48,19910529,2,1,서울특별시 노원구 월계동 398-12번지
11350,10200,0,0398,0013,,,표제부,공동주택,다세대주택,0,72.15,216.45,19910608,2,1,서울특별시 노원구 월계동 398-13번지
11350,10200,0,0399,0001,,,표제부,공동주택,다세대주택,0,109.8,329.4,19900504,2,1,서울특별시 노원구 월계동 399-1번지
11350,10200,0,0400,0001,,,표제부,공동주택,다세대주택(도시형생활주택),321.31,186.94,670.6,20110901,5,0,서울특별시 노원구 월계동 400-1번지
11350,10200,0,0400,0002,,,일반건축물,단독주택,단독주택(다중주택),221,93.28,299.77,20170809,3,1,서울특별시 노원구 월계동 400-2번지
11350,10200,0,0400,0008,대성아트빌,,표제부,공동주택,다세대주택,296,176.32,647.16,20020904,4,0,서울특별시 노원구 월계동 400-8번지
11350,10200,0,0400,0011,,,일반건축물,단독주택,단독주택(다중주택),189,94.38,299,20170608,3,1,서울특별시 노원구 월계동 400-11번지
11350,10200,0,0401,0000,,,일반건축물,단독주택,주택,0,128.93,128.93,,1,0,서울특별시 노원구 월계동 401번지
11350,10200,0,0401,0003,,,일반건축물,단독주택,다가구주택,116.18,66.52,168.28,19931224,2,1,서울특별시 노원구 월계동 401-3번지
11350,10200,0,0401,0004,,,일반건축물,단독주택,단독주택(다중주택),150.7,89.1,299.86,20170210,3,1,서울특별시 노원구 월계동 401-4번지
11350,10200,0,0401,0007,,,일반건축물,단독주택,다중주택,108.1,60.58,199.9,20150211,3,1,서울특별시 노원구 월계동 401-7번지
11350,10200,0,0401,0008,,,일반건축물,단독주택,다중주택,119.5,60.93,199.36,20150211,3,1,서울특별시 노원구 월계동 401-8번지
11350,10200,0,0402,0006,,,일반건축물,제2종근린생활시설,"주택, 근린생활시설",0,83.64,435.87,19901208,4,1,서울특별시 노원구 월계동 402-6번지
11350,10200,0,0402,0007,,,일반건축물,제2종근린생활시설,"근린생활시설, 교회",0,163.2,886.68,19890801,4,1,서울특별시 노원구 월계동 402-7번지
11350,10200,0,0402,0008,,,표제부,공동주택,다세대주택,0,82.88,248.64,19890803,2,1,서울특별시 노원구 월계동 402-8번지
11350,10200,0,0402,0011,,,일반건축물,단독주택,"주택, 근린생활시설",0,79.34,79.34,19711014,1,0,서울특별시 노원구 월계동 402-11번지
11350,10200,0,0402,0011,,,일반건축물,단독주택,"주택, 근린생활시설",0,79.34,79.34,19690317,1,0,서울특별시 노원구 월계동 402-11번지
11350,10200,0,0402,0012,,,일반건축물,단독주택,단독주택(다중주택),198.83,94.63,299.02,20151027,3,1,서울특별시 노원구 월계동 402-12번지
11350,10200,0,0402,0017,,,일반건축물,단독주택,다가구용단독주택,114,64.53,176.99,19920730,2,1,서울특별시 노원구 월계동 402-17번지
11350,10200,0,0402,0018,,,일반건축물,제1종근린생활시설,근린생활시설,122,62.48,128.46,19761204,2,1,서울특별시 노원구 월계동 402-18번지
11350,10200,0,0402,0019,,,일반건축물,제1종근린생활시설,근린생활시설,287,138.36,579.36,19830728,3,1,서울특별시 노원구 월계동 402-19번지
11350,10200,0,0402,0021,,,표제부,공동주택,제1종근린생활시설및 도시형생활주택,236.63,139.97,472.8,20130411,5,0,서울특별시 노원구 월계동 402-21번지
11350,10200,0,0402,0023,,,일반건축물,단독주택,다가구용단독주택,95.5,56.81,179.31,19941223,3,1,서울특별시 노원구 월계동 402-23번지
11350,10200,0,0402,0026,,,표제부,공동주택,다세대주택,269.5,104.15,605.89,19941116,4,1,서울특별시 노원구 월계동 402-26번지
11350,10200,0,0402,0029,,,표제부,공동주택,도시형생활주택,272,159.96,542,20140122,5,0,서울특별시 노원구 월계동 402-29번지
11350,10200,0,0402,0031,,,표제부,공동주택,다세대주택,114,68.3,197.9,20031219,4,0,서울특별시 노원구 월계동 402-31번지
11350,10200,0,0402,0033,,,일반건축물,단독주택,단독주택(다중주택),180.72,106.65,329.54,20131231,3,1,서울특별시 노원구 월계동 402-33번지
11350,10200,0,0402,0037,,,일반건축물,단독주택,다가구주택,116,69.28,197.35,20170126,4,0,서울특별시 노원구 월계동 402-37번지
11350,10200,0,0402,0038,,,표제부,공동주택,다세대주택,216.55,125.56,489.57,20031211,4,0,서울특별시 노원구 월계동 402-38번지
11350,10200,0,0402,0052,,,표제부,공동주택,다세대주택,0,109.48,328.44,19890829,2,1,서울특별시 노원구 월계동 402-52번지
11350,10200,0,0402,0053,,,일반건축물,제1종근린생활시설,근린생활시설,0,0,1044.5,19891110,6,1,서울특별시 노원구 월계동 402-53번지
11350,10200,0,0402,0055,,,표제부,공동주택,다세대주택,0,109.2,327.6,19890801,2,1,서울특별시 노원구 월계동 402-55번지
11350,10200,0,0402,0057,,,표제부,공동주택,다세대주택,0,78.26,231.42,19901207,2,1,서울특별시 노원구 월계동 402-57번지
11350,10200,0,0403,0008,,,일반건축물,제1종근린생활시설,근린생활시설,186.58,102.67,303,20000523,3,0,서울특별시 노원구 월계동 403-8번지
11350,10200,0,0404,0006,목화빌라트,,표제부,공동주택,다세대주택,283.61,165.08,650.26,20030324,5,0,서울특별시 노원구 월계동 404-6번지
11350,10200,0,0404,0007,목화빌라트,,표제부,공동주택,다세대주택,227.09,136.11,516.47,20030324,5,0,서울특별시 노원구 월계동 404-7번지
11350,10200,0,0404,0009,,,일반건축물,단독주택,주택,0,19.87,19.87,19691010,1,0,서울특별시 노원구 월계동 404-9번지
11350,10200,0,0404,0009,,,일반건축물,단독주택,주택,0,19.87,19.87,19691110,1,0,서울특별시 노원구 월계동 404-9번지
11350,10200,0,0404,0012,,,일반건축물,단독주택,주택,132,117.73,112.72,19680618,1,0,서울특별시 노원구 월계동 404-12번지
11350,10200,0,0404,0013,,,일반건축물,단독주택,주택,0,49.52,49.52,19710625,1,0,서울특별시 노원구 월계동 404-13번지
11350,10200,0,0404,0016,,,일반건축물,단독주택,주택,0,0,59.34,19730622,1,1,서울특별시 노원구 월계동 404-16번지
11350,10200,0,0404,0017,,,일반건축물,단독주택,주택,0,78.48,95.57,19770624,1,1,서울특별시 노원구 월계동 404-17번지
11350,10200,0,0404,0021,,,일반건축물,단독주택,주택,0,65.6,190.86,19851213,2,1,서울특별시 노원구 월계동 404-21번지
11350,10200,0,0404,0026,,,일반건축물,단독주택,주택,0,51.67,63.11,19740215,1,1,서울특별시 노원구 월계동 404-26번지
11350,10200,0,0404,0033,,,일반건축물,단독주택,주택,0,32,38.61,19691006,1,1,서울특별시 노원구 월계동 404-33번지
11350,10200,0,0404,0034,,,일반건축물,단독주택,주택,0,0,38.61,19691110,1,1,서울특별시 노원구 월계동 404-34번지
11350,10200,0,0404,0040,,,일반건축물,단독주택,주택,0,52.99,59.57,19730622,1,1,서울특별시 노원구 월계동 404-40번지
11350,10200,0,0405,0005,,,일반건축물,제2종근린생활시설,"제1,2종근린생활시설",142,81,308.5,20050530,4,0,서울특별시 노원구 월계동 405-5번지
11350,10200,0,0405,0006,반디의집,,일반건축물,제1종근린생활시설,"제1,2종근린생활시설",35,20.52,41.04,20040703,2,0,서울특별시 노원구 월계동 405-6번지
11350,10200,0,0405,0020,월계아랑빌딩,,일반건축물,노유자시설,노유자시설(노인복지시설),265,145.5,495.31,20210105,4,0,서울특별시 노원구 월계동 405-20번지
11350,10200,0,0405,0021,,,일반건축물,제2종근린생활시설,제2종근린생활시설(고시원),242,145.01,453.53,20101216,5,0,서울특별시 노원구 월계동 405-21번지
11350,10200,0,0406,0000,준빌딩,,일반건축물,제2종근린생활시설,"근린생활시설, 주택(2가구)",580,288.13,2153.16,19940112,7,1,서울특별시 노원구 월계동 406번지
11350,10200,0,0407,0001,대동하이츠빌라,,표제부,공동주택,다세대주택,304.38,181.38,649.79,20030408,5,0,서울특별시 노원구 월계동 407-1번지
11350,10200,0,0407,0003,예수교대한성결교회성서교회,,일반건축물,종교시설,문화및집회시설(교회),478,263.19,1091.35,20041207,4,1,서울특별시 노원구 월계동 407-3번지
11350,10200,0,0407,0007,,,일반건축물,제2종근린생활시설,제2종근린생활시설,592,242.55,1622.22,20070312,6,1,서울특별시 노원구 월계동 407-7번지
11350,10200,0,0407,0016,,,일반건축물,제2종근린생활시설,제2종근린생활시설,0,34.35,34.35,19851018,1,0,서울특별시 노원구 월계동 407-16번지
11350,10200,0,0407,0017,,,일반건축물,제2종근린생활시설,근린생활시설,66,36.98,87.51,20020709,3,0,서울특별시 노원구 월계동 407-17번지
11350,10200,0,0409,0000,,,일반건축물,단독주택,주택,0,26.45,26.45,,1,0,서울특별시 노원구 월계동 409번지
11350,10200,0,0409,0010,,,일반건축물,제2종근린생활시설,"근린생활시설, 업무시설",652,358.3,2124.81,19980709,6,1,서울특별시 노원구 월계동 409-10번지
11350,10200,0,0409,0012,,,일반건축물,제1종근린생활시설,근린생활시설,236,117.16,659.92,19900423,5,1,서울특별시 노원구 월계동 409-12번지
11350,10200,0,0409,0016,,,표제부,제1종근린생활시설,근린생활시설,884,470.71,2788.02,19971229,5,1,서울특별시 노원구 월계동 409-16번지
11350,10200,0,0410,0000,,,일반건축물,단독주택,주택,0,33.06,33.06,,1,0,서울특별시 노원구 월계동 410번지
11350,10200,0,0410,0001,그린빌딩,,표제부,제2종근린생활시설,제2종근린생활시설,404,223.04,822.72,20020923,4,0,서울특별시 노원구 월계동 410-1번지
11350,10200,0,0410,0003,광운대역 현대프라힐스,,표제부,공동주택,"공동주택(아파트),제1종근린생활시설(소매점,의원),제2종근린생활시설(휴게음식점)",2132,1206.851,15100.779,20250521,14,3,서울특별시 노원구 월계동 410-3번지
11350,10200,0,0410,0007,동우빌딩,,일반건축물,제2종근린생활시설,제2종근린생활시설,665,398.32,1605.31,20021105,3,1,서울특별시 노원구 월계동 410-7번지
11350,10200,0,0411,0000,MK빌딩,,일반건축물,근린생활시설,근린생활시설,0,0,616.74,19821230,3,1,서울특별시 노원구 월계동 411번지
11350,10200,0,0411,0003,,,표제부,공동주택,공동주택(도시형생활주택),301,163.56,612.73,20120926,5,0,서울특별시 노원구 월계동 411-3번지
11350,10200,0,0411,0004,,,일반건축물,제2종근린생활시설,"제1,2종근린생활시설",202,105.46,490.6,19760131,4,1,서울특별시 노원구 월계동 411-4번지
11350,10200,0,0411,0006,,,표제부,공동주택,다세대주택,0,104.36,498.56,19920919,4,1,서울특별시 노원구 월계동 411-6번지
11350,10200,0,0411,0006,,,표제부,공동주택,다세대주택,0,104.36,498.56,19920919,4,1,서울특별시 노원구 월계동 411-6번지
11350,10200,0,0411,0010,,,일반건축물,단독주택,다가구용단독주택(7가구),0,111.15,399.88,19910412,3,1,서울특별시 노원구 월계동 411-10번지
11350,10200,0,0411,0011,,,일반건축물,제2종근린생활시설,제2종근린생활시설(일반음식점),139,73.68,209.78,19870630,2,1,서울특별시 노원구 월계동 411-11번지
11350,10200,0,0411,0011,,,일반건축물,단독주택,화장실,0,5.63,5.63,20031007,1,0,서울특별시 노원구 월계동 411-11번지
11350,10200,0,0411,0013,,,일반건축물,단독주택,"근린생활시설, 주택(1가구)",129,73.76,298.59,19940728,4,1,서울특별시 노원구 월계동 411-13번지
11350,10200,0,0411,0015,,,표제부,공동주택,"제1,2종근린생활시설 및 도시형생활주택",396,206.01,775.95,20120120,5,0,서울특별시 노원구 월계동 411-15번지
11350,10200,0,0411,0016,근린생활시설및주택1동,,일반건축물,제2종근린생활시설,제2종근린생활시설,145,86.13,459.66,20030509,5,1,서울특별시 노원구 월계동 411-16번지
11350,10200,0,0411,0017,준파크빌 2차,,표제부,공동주택,공동주택(다세대주택),272,162.73,607.37,20090212,5,1,서울특별시 노원구 월계동 411-17번지
11350,10200,0,0411,0020,,,일반건축물,단독주택,"근린생활시설, 주택",0,72.26,84.79,19760726,1,1,서울특별시 노원구 월계동 411-20번지
11350,10200,0,0411,0022,,,일반건축물,단독주택,단독주택(다중주택),122,72.55,244.25,20090803,3,1,서울특별시 노원구 월계동 411-22번지
11350,10200,0,0411,0023,준빌딩,,일반건축물,제1종근린생활시설,제1종근린생활시설,274,163.91,547.74,20090227,5,0,서울특별시 노원구 월계동 411-23번지
11350,10200,0,0411,0028,,,일반건축물,제2종근린생활시설,"제2종근린생활시설(고시원,일반음식점)",252.4,145.03,503.52,20130327,5,0,서울특별시 노원구 월계동 411-28번지
11350,10200,0,0411,0029,,,일반건축물,단독주택,다가구용단독주택(5가구),0,63.72,193.61,19901128,2,1,서울특별시 노원구 월계동 411-29번지
11350,10200,0,0411,0030,,,일반건축물,근린생활시설,"근린생활시설,주택",0,0,702.19,19760917,4,1,서울특별시 노원구 월계동 411-30번지
11350,10200,0,0411,0032,,,일반건축물,제2종근린생활시설,근린생활시설,249,134.5,592.1,19920116,5,1,서울특별시 노원구 월계동 411-32번지
11350,10200,0,0411,0037,,,표제부,공동주택,연립주택,476,243.52,1030.58,19960820,4,1,서울특별시 노원구 월계동 411-37번지
11350,10200,0,0411,0046,월계1동어린이집,,일반건축물,노유자시설,교육연구및복지시설,506,289.4,655.76,20000824,2,1,서울특별시 노원구 월계동 411-46번지
11350,10200,0,0411,0053,,,표제부,제2종근린생활시설,제2종근린생활시설,1273,629.89,4004.32,19840912,5,1,서울특별시 노원구 월계동 411-53번지
11350,10200,0,0411,0055,,,일반건축물,수련시설,월계 청소년 수련실,439,210.08,843,19930905,4,1,서울특별시 노원구 월계동 411-55번지
11350,10200,0,0411,0059,,,일반건축물,단독주택,다가구용단독주택(5가구),0,81.42,244.26,19910328,2,1,서울특별시 노원구 월계동 411-59번지
11350,10200,0,0411,0060,,,일반건축물,단독주택,다가구용단독주택(5가구),0,0,244.26,19910325,2,1,서울특별시 노원구 월계동 411-60번지
11350,10200,0,0411,0066,,,표제부,공동주택,다세대주택,522,244.23,1043.23,19931002,4,1,서울특별시 노원구 월계동 411-66번지
11350,10200,0,0411,0087,근생빌딩,,일반건축물,제2종근린생활시설,"제1,2종근린생활시설",474,279.51,1706.31,20030922,5,1,서울특별시 노원구 월계동 411-87번지
11350,10200,0,0412,0000,,,일반건축물,단독주택,주택,0,36.36,36.36,,1,0,서울특별시 노원구 월계동 412번지
11350,10200,0,0413,0001,주원21빌딩,,일반건축물,제2종근린생활시설,"제1,2종근린생활시설",566.28,339.44,2657.05,20030918,8,1,서울특별시 노원구 월계동 413-1번지
11350,10200,0,0414,0002,,,일반건축물,제2종근린생활시설,제2종근린생활시설,471.5,280.53,1270.65,19870924,4,1,서울특별시 노원구 월계동 414-2번지
11350,10200,0,0418,0001,,,일반건축물,제2종근린생활시설,사무실,0,84.66,84.66,19770813,2,0,서울특별시 노원구 월계동 418-1번지
11350,10200,0,0428,0002,,,일반건축물,제1종근린생활시설,"근린생활시설, 주택",0,171.37,937.12,19900124,4,1,서울특별시 노원구 월계동 428-2번지
11350,10200,0,0429,0005,가든빌딩,,표제부,공동주택,근린생활시설및도시형생활주택(원룸형),196,112.01,516.35,20141021,5,1,서울특별시 노원구 월계동 429-5번지
11350,10200,0,0429,0006,,,일반건축물,제2종근린생활시설,"제1,2종근린생활시설",264,158.19,953.91,20031202,5,1,서울특별시 노원구 월계동 429-6번지
11350,10200,0,0429,0007,해인 베스트빌,,표제부,공동주택,다세대주택,232,139.15,460.52,20071025,5,0,서울특별시 노원구 월계동 429-7번지
11350,10200,0,0429,0008,,,표제부,공동주택,도시형생활주택(단지형다세대),230,137.24,594.29,20160107,6,1,서울특별시 노원구 월계동 429-8번지
11350,10200,0,0429,0009,,,일반건축물,단독주택,"주택, 근린생활시설, 자동차관련시설",0,153.24,317.81,19860916,2,1,서울특별시 노원구 월계동 429-9번지
11350,10200,0,0429,0011,,,일반건축물,단독주택,주택,0,81.06,204.2,19781102,2,1,서울특별시 노원구 월계동 429-11번지
11350,10200,0,0429,0012,,,일반건축물,제2종근린생활시설,제2종근린생활시설,178,106.65,488.76,20110121,4,1,서울특별시 노원구 월계동 429-12번지
11350,10200,0,0429,0013,다우,,일반건축물,제2종근린생활시설,제2종근린생활시설(고시원),200,118.27,541.72,20100802,4,1,서울특별시 노원구 월계동 429-13번지
11350,10200,0,0429,0016,,,일반건축물,단독주택,주택,0,80.43,183.07,19781129,2,1,서울특별시 노원구 월계동 429-16번지
11350,10200,0,0429,0017,,,일반건축물,단독주택,다가구용단독주택(5가구),192,111.45,319.53,19920515,2,1,서울특별시 노원구 월계동 429-17번지
11350,10200,0,0429,0018,,,일반건축물,단독주택,주택,0,76.76,168.96,19781024,2,1,서울특별시 노원구 월계동 429-18번지
11350,10200,0,0429,0019,모아 모아,,표제부,공동주택,공동주택(도시형생활주택),336,201.37,853.14,20181002,4,1,서울특별시 노원구 월계동 429-19번지
11350,10200,0,0429,0021,수백재,,표제부,공동주택,공동주택(도시형생활주택_단지형다세대),176,105.5,494.2,20200611,5,1,서울특별시 노원구 월계동 429-21번지
11350,10200,0,0429,0022,두리,,표제부,공동주택,도시형생활주택 단지형 다세대주택,226,135.26,621.65,20180920,5,1,서울특별시 노원구 월계동 429-22번지
11350,10200,0,0429,0023,현대빌리지,,표제부,공동주택,다세대주택,230,136.1,615.88,20030108,4,1,서울특별시 노원구 월계동 429-23번지
11350,10200,0,0429,0024,,,일반건축물,단독주택,다가구주택,218,130.08,372.94,20030121,4,0,서울특별시 노원구 월계동 429-24번지
11350,10200,0,0429,0025,,,표제부,공동주택,다세대주택,281,143.88,597.62,19921123,4,1,서울특별시 노원구 월계동 429-25번지
11350,10200,0,0429,0026,,,표제부,공동주택,다세대주택,285,144.55,599.95,19921123,4,1,서울특별시 노원구 월계동 429-26번지
11350,10200,0,0429,0027,,,일반건축물,제2종근린생활시설,제2종근린생활시설및주택,166,99,419.32,20021202,5,0,서울특별시 노원구 월계동 429-27번지
11350,10200,0,0429,0028,,,일반건축물,단독주택,"근린생활시설,다가구주택",196,117.28,561.35,20030115,4,1,서울특별시 노원구 월계동 429-28번지
11350,10200,0,0429,0029,,,표제부,공동주택,"다세대주택,제2종근린생활시설",230,136.95,733.53,20041208,5,1,서울특별시 노원구 월계동 429-29번지
11350,10200,0,0429,0030,미광빌딩,,표제부,공동주택,다세대주택,206,120.32,454.02,20030822,4,0,서울특별시 노원구 월계동 429-30번지
11350,10200,0,0429,0031,,,표제부,공동주택,도시형생활주택(원룸형) 및 제1종근린생활시설,190,113.91,379.8,20130128,5,0,서울특별시 노원구 월계동 429-31번지
11350,10200,0,0429,0032,,,표제부,공동주택,다세대주택,0,79.32,325.8,19860616,3,1,서울특별시 노원구 월계동 429-32번지
11350,10200,0,0429,0043,조경빌,,일반건축물,단독주택,다가구주택 및 제1종근린생활시설,198,118.48,354.8,20240314,4,0,서울특별시 노원구 월계동 429-43번지
11350,10200,0,0429,0072,,,표제부,공동주택,다세대주택,0,79.32,325.8,19860616,3,1,서울특별시 노원구 월계동 429-72번지
11350,10200,0,0429,0073,,,표제부,공동주택,다세대주택,0,78.6,244.8,19860616,2,1,서울특별시 노원구 월계동 429-73번지
11350,10200,0,0429,0074,,,일반건축물,제1종근린생활시설,근린생활시설,331,164.01,164.01,19921230,1,0,서울특별시 노원구 월계동 429-74번지
11350,10200,0,0429,0075,,,일반건축물,제2종근린생활시설,근린생활시설,0,0,486.2,19861030,1,1,서울특별시 노원구 월계동 429-75번지
11350,10200,0,0429,0076,,,일반건축물,단독주택,다중주택,177,101.93,329.67,20160215,3,1,서울특별시 노원구 월계동 429-76번지
11350,10200,0,0432,0002,,,일반건축물,종교시설,문화및집회시설,0,279.92,872.87,19840303,2,1,서울특별시 노원구 월계동 432-2번지
11350,10200,0,0432,0008,,,표제부,공동주택,다세대주택,0,115.96,329.68,19851129,2,1,서울특별시 노원구 월계동 432-8번지
11350,10200,0,0435,0005,,,일반건축물,교육연구시설,"교육연구및복지시설, 단독주택",498,185.75,638.16,19821215,3,1,서울특별시 노원구 월계동 435-5번지
11350,10200,0,0435,0008,,,일반건축물,제1종근린생활시설,"주택, 근린생활시설",213.72,110.7,525.78,19841222,4,1,서울특별시 노원구 월계동 435-8번지
11350,10200,0,0435,0009,,,일반건축물,제1종근린생활시설,"근린생활시설, 단독주택",228.88,118.31,566.61,19841228,4,1,서울특별시 노원구 월계동 435-9번지
11350,10200,0,0435,0010,,,일반건축물,제1종근린생활시설,"근린생활시설,교육연구및복지시설",0,113.9,455.6,19841228,3,1,서울특별시 노원구 월계동 435-10번지
11350,10200,0,0435,0011,,,일반건축물,제2종근린생활시설,근린생활시설,298,159,658.53,19850528,4,1,서울특별시 노원구 월계동 435-11번지
11350,10200,0,0436,0000,동신아파트,,표제부,공동주택,아파트,0,722.52,9219.12,19830430,12,1,서울특별시 노원구 월계동 436번지
11350,10200,0,0436,0000,동신아파트,,표제부,공동주택,"대피소997.68,주민운동시설(체력단력장)300.12,기계실928,깨스실72,펌프실44,노인정관리소198.45",0,198.43,2540.25,19830430,3,1,서울특별시 노원구 월계동 436번지
11350,10200,0,0436,0000,동신아파트,,표제부,공동주택,아파트,0,630.86,8095.96,19830430,12,1,서울특별시 노원구 월계동 436번지
11350,10200,0,0436,0000,동신아파트,,표제부,공동주택,아파트,0,885.19,11310.75,19830719,12,1,서울특별시 노원구 월계동 436번지
11350,10200,0,0436,0000,동신아파트,,표제부,공동주택,아파트,0,854.56,10913.52,19830430,12,1,서울특별시 노원구 월계동 436번지
11350,10200,0,0436,0000,동신아파트,,표제부,공동주택,아파트,0,1194.88,15294.26,19830719,12,1,서울특별시 노원구 월계동 436번지
11350,10200,0,0436,0000,,,표제부,공동주택,"근린생활시설,의료시설",0,518.4,2592,19830430,3,1,서울특별시 노원구 월계동 436번지
11350,10200,0,0436,0000,동신아파트,,표제부,공동주택,아파트,0,938.7,11993.12,19830430,12,1,서울특별시 노원구 월계동 436번지
11350,10200,0,0436,0000,동신아파트,,표제부,공동주택,아파트,0,787.27,10062.59,19830719,12,1,서울특별시 노원구 월계동 436번지
11350,10200,0,0438,0000,동신빌라,,표제부,공동주택,연립주택,0,284.07,1118.92,19841119,3,1,서울특별시 노원구 월계동 438번지
11350,10200,0,0438,0000,동신빌라,,표제부,공동주택,연립주택,0,490.39,1911.24,19841119,3,1,서울특별시 노원구 월계동 438번지
11350,10200,0,0442,0002,퍼스티안,,표제부,공동주택,공동주택(도시형생활주택),284,165.87,717.19,20130805,5,1,서울특별시 노원구 월계동 442-2번지
11350,10200,0,0446,0000,선곡초등학교(체육관동),,일반건축물,교육연구시설,교육연구시설,0,1053.12,1885.21,20211223,2,0,서울특별시 노원구 월계동 446번지
11350,10200,0,0446,0000,선곡초등학교(교사2동),,일반건축물,교육연구시설,교육연구시설,0,618.48,2418.48,19970203,4,1,서울특별시 노원구 월계동 446번지
11350,10200,0,0446,0000,선곡초등학교(교사1동),,일반건축물,교육연구시설,교육연구시설,0,1783.81,6594.22,19970203,4,0,서울특별시 노원구 월계동 446번지
11350,10200,0,0447,0000,,,일반건축물,단독주택,주택,0,671.08,671.08,,1,0,서울특별시 노원구 월계동 447번지
11350,10200,0,0447,0001,광운대학교,,일반건축물,교육연구시설,학교(도서실),0,1603.38,8369.23,19811208,9,1,서울특별시 노원구 월계동 447-1번지
11350,10200,0,0447,0001,광운대학교,,일반건축물,교육연구시설,교육연구시설,66054,5605.96,27152.71,20160925,4,3,서울특별시 노원구 월계동 447-1번지
11350,10200,0,0447,0001,광운대학교,,일반건축물,교육연구시설,"본관, 학생회관",0,2434.49,16342.09,19880824,8,1,서울특별시 노원구 월계동 447-1번지
11350,10200,0,0447,0001,광운대학교,,일반건축물,교육연구시설,교육연구및복지시설,364.43,217.44,797.46,20001209,4,0,서울특별시 노원구 월계동 447-1번지
11350,10200,0,0447,0001,광운대학교,,일반건축물,교육연구시설,교육연구시설,0,1181.49,5483.29,19880824,5,1,서울특별시 노원구 월계동 447-1번지
11350,10200,0,0447,0001,광운대학교,,일반건축물,교육연구시설,교육연구및복지시설,61200,1352.35,15481.58,20061027,7,3,서울특별시 노원구 월계동 447-1번지
11350,10200,0,0447,0001,광운대학교,,일반건축물,교육연구시설,교육연구시설,0,3336.18,15899.31,19880824,8,0,서울특별시 노원구 월계동 447-1번지
11350,10200,0,0447,0002,,,표제부,공동주택,연립주택,0,173.52,712.08,19871229,3,1,서울특별시 노원구 월계동 447-2번지
11350,10200,0,0447,0003,,,표제부,공동주택,다세대주택,0,82.63,247.89,19861122,2,1,서울특별시 노원구 월계동 447-3번지
11350,10200,0,0447,0004,SNK-VITAMIN 센터,,일반건축물,교육연구시설,교육원,357,203.76,517.55,20181228,3,0,서울특별시 노원구 월계동 447-4번지
11350,10200,0,0447,0005,,,표제부,공동주택,다세대주택,0,109.08,327.24,19871118,2,1,서울특별시 노원구 월계동 447-5번지
11350,10200,0,0447,0012,,,일반건축물,단독주택,다가구용단독주택(8가구),252,149.73,584.11,19961108,3,1,서울특별시 노원구 월계동 447-12번지
11350,10200,0,0447,0015,,,일반건축물,단독주택,다가구용단독주택(3가구),76,43.51,119.83,19961024,2,1,서울특별시 노원구 월계동 447-15번지
11350,10200,0,0447,0016,,,일반건축물,단독주택,다가구용단독주택(7가구),133,79.72,296.02,19961024,3,1,서울특별시 노원구 월계동 447-16번지
11350,10200,0,0447,0017,,,일반건축물,단독주택,"주택, 물치",0,47.01,53.62,19701029,1,1,서울특별시 노원구 월계동 447-17번지
11350,10200,0,0447,0024,,,일반건축물,단독주택,주택,0,42.7,42.7,19850827,1,0,서울특별시 노원구 월계동 447-24번지
11350,10200,0,0447,0027,,,일반건축물,단독주택,다가구용단독주택(2가구),108.43,64.31,149.93,19921223,2,1,서울특별시 노원구 월계동 447-27번지
11350,10200,0,0447,0029,,,일반건축물,단독주택,다가구용단독주택(7가구),160.83,90.72,329.94,19960705,3,1,서울특별시 노원구 월계동 447-29번지
11350,10200,0,0447,0038,,,표제부,공동주택,다세대주택,0,71.02,212.82,19861122,2,1,서울특별시 노원구 월계동 447-38번지
11350,10200,0,0447,0046,승리관,,일반건축물,공동주택,공동주택(기숙사),182,106.34,477.98,20050825,4,1,서울특별시 노원구 월계동 447-46번지
11350,10200,0,0448,0003,,,표제부,공동주택,아파트,0,817.92,10503.84,19841221,12,1,서울특별시 노원구 월계동 448-3번지
11350,10200,0,0448,0003,,,표제부,공동주택,아파트,0,892.2,9807.78,19851231,10,1,서울특별시 노원구 월계동 448-3번지
11350,10200,0,0448,0003,,,표제부,판매및영업시설,"판매시설,생활시설,의료시설,노유자시설,근린생활시설,운동시설",0,0,1955,19851231,4,1,서울특별시 노원구 월계동 448-3번지
11350,10200,0,0448,0003,,,표제부,공동주택,"변전실,관리사무실",0,0,450,19851231,0,1,서울특별시 노원구 월계동 448-3번지
11350,10200,0,0448,0003,,,표제부,공동주택,노인정,0,82,82,19851231,1,0,서울특별시 노원구 월계동 448-3번지
11350,10200,0,0448,0003,,,표제부,공동주택,공중변소,0,20,20,19851231,1,0,서울특별시 노원구 월계동 448-3번지
11350,10200,0,0448,0003,,,표제부,공동주택,아파트,0,582,7475.52,19841221,12,1,서울특별시 노원구 월계동 448-3번지
11350,10200,0,0448,0003,,,표제부,공동주택,보일러실,0,0,776.3,19851231,0,1,서울특별시 노원구 월계동 448-3번지
11350,10200,0,0465,0005,,,표제부,공동주택,"제1종근린생활시설,다세대주택",280,164.34,707.03,20040209,5,0,서울특별시 노원구 월계동 465-5번지
11350,10200,0,0465,0006,아이센스빌딩,,일반건축물,제2종근린생활시설,제2종근린생활시설(제조업소),195.95,108.28,496.42,20021224,4,1,서울특별시 노원구 월계동 465-6번지
11350,10200,0,0465,0006,,,일반건축물,교육연구시설,교육연구시설(연구소),224.4,102,299.5,19941217,2,1,서울특별시 노원구 월계동 465-6번지
11350,10200,0,0465,0007,,,일반건축물,단독주택,주택,0,79.17,164.82,19790124,2,1,서울특별시 노원구 월계동 465-7번지
11350,10200,0,0465,0009,,,일반건축물,제1종근린생활시설,"제1·2종근린생활시설, 주택",203,116.6,213.93,19780112,2,0,서울특별시 노원구 월계동 465-9번지
11350,10200,0,0465,0010,,,일반건축물,제2종근린생활시설,"근린생활시설, 단독주택",169,92.92,504.63,19931221,5,1,서울특별시 노원구 월계동 465-10번지
11350,10200,0,0465,0011,,,일반건축물,제1종근린생활시설,근린생활시설,0,106.91,320.73,19820721,2,1,서울특별시 노원구 월계동 465-11번지
11350,10200,0,0465,0014,아이센스빌딩,,일반건축물,제2종근린생활시설,제2종근린생활시설,172.8,103.58,340.82,20050818,4,0,서울특별시 노원구 월계동 465-14번지
11350,10200,0,0465,0015,,,일반건축물,단독주택,주택,0,0,164.13,19780130,2,1,서울특별시 노원구 월계동 465-15번지
11350,10200,0,0465,0016,,,표제부,공동주택,도시형생활주택(원룸형),167,98,339.14,20121224,5,0,서울특별시 노원구 월계동 465-16번지
11350,10200,0,0465,0021,,,일반건축물,제1종근린생활시설,제1종근린생활시설,0,106.05,318.15,19810928,2,1,서울특별시 노원구 월계동 465-21번지
11350,10200,0,0465,0022,,,일반건축물,제2종근린생활시설,"제1,2종근린생활시설",334,200.1,973.38,20040719,5,0,서울특별시 노원구 월계동 465-22번지
11350,10200,0,0465,0024,,,일반건축물,단독주택,다가구주택(6가구),167,99.4,396.68,19980407,3,1,서울특별시 노원구 월계동 465-24번지
11350,10200,0,0465,0027,,,일반건축물,교육연구시설,교육연구시설(연구소),165,95.61,275.293,20190619,3,0,서울특별시 노원구 월계동 465-27번지
11350,10200,0,0465,0033,,,표제부,공동주택,다세대주택,298,175.11,632.64,20030123,4,0,서울특별시 노원구 월계동 465-33번지
11350,10200,0,0465,0034,,,표제부,공동주택,다세대주택,188,112.1,433.29,20031113,4,0,서울특별시 노원구 월계동 465-34번지
11350,10200,0,0465,0038,,,일반건축물,단독주택,주택,0,85.88,150.31,19780823,2,1,서울특별시 노원구 월계동 465-38번지
11350,10200,0,0465,0039,,,일반건축물,단독주택,주택,0,88.73,153.69,19780810,2,1,서울특별시 노원구 월계동 465-39번지
11350,10200,0,0465,0040,,,일반건축물,단독주택,주택,0,84.26,172.22,19780811,2,1,서울특별시 노원구 월계동 465-40번지
11350,10200,0,0465,0041,,,표제부,공동주택,공동주택(다세대주택),255,151.98,554.66,20020830,5,0,서울특별시 노원구 월계동 465-41번지
11350,10200,0,0466,0000,광운대학교 공공기숙사,,일반건축물,교육연구시설,교육연구시설[대학교(기숙사)],66044,1061.24,6816.61,20170804,7,1,서울특별시 노원구 월계동 466번지
11350,10200,0,0466,0000,광운대학교,,일반건축물,교육연구시설,교육연구및복지시설(연구소),334,168.87,921.7,20050126,5,1,서울특별시 노원구 월계동 466번지
11350,10200,0,0466,0000,광운대학교,,일반건축물,교육연구및복지시설,교육연구시설,10824,3987.53,23256.95,19971209,10,2,서울특별시 노원구 월계동 466번지
11350,10200,0,0466,0000,광운대학교 공공기숙사,,일반건축물,교육연구시설,교육연구시설[대학교(기숙사)],66044,1687.42,13105.09,20170804,7,3,서울특별시 노원구 월계동 466번지
11350,10200,0,0469,0003,금혁빌딩,,표제부,제1종근린생활시설,"근린생활시설, 주택",403,238.74,1595.64,19970228,7,2,서울특별시 노원구 월계동 469-3번지
11350,10200,0,0469,0009,,,일반건축물,단독주택,주택,0,0,114.15,19791004,2,1,서울특별시 노원구 월계동 469-9번지
11350,10200,0,0469,0010,,,일반건축물,단독주택,"주택, 점포",0,75.57,203.1,19780215,3,1,서울특별시 노원구 월계동 469-10번지
11350,10200,0,0469,0016,,,일반건축물,제1종근린생활시설,"제1종근린생활시설, 제2종근린생활시설",261.33,136.5,541.46,19800705,3,1,서울특별시 노원구 월계동 469-16번지
11350,10200,0,0469,0019,,,일반건축물,단독주택,주택,0,44.83,52,19740220,1,1,서울특별시 노원구 월계동 469-19번지
11350,10200,0,0469,0020,,,일반건축물,단독주택,주택,0,48.79,55.27,19730321,1,1,서울특별시 노원구 월계동 469-20번지
11350,10200,0,0469,0021,,,일반건축물,단독주택,"주택,점포",129,61.29,134.68,19720523,2,1,서울특별시 노원구 월계동 469-21번지
11350,10200,0,0469,0028,리엔리 빌딩,,일반건축물,제2종근린생활시설,일반음식점,113.71,67.84,200.77,20210205,4,0,서울특별시 노원구 월계동 469-28번지
11350,10200,0,0469,0029,,,일반건축물,제2종근린생활시설,근린생활시설,78.15,46.44,85.99,20011015,2,0,서울특별시 노원구 월계동 469-29번지
11350,10200,0,0469,0030,,,일반건축물,제1종근린생활시설,"주택, 근린생활시설",86,50.97,172.02,19831025,3,1,서울특별시 노원구 월계동 469-30번지
11350,10200,0,0469,0035,,,일반건축물,제2종근린생활시설,"제1,2종근린생활시설",279,164.82,967.57,20031031,5,1,서울특별시 노원구 월계동 469-35번지
11350,10200,0,0472,0001,,,표제부,공동주택,주택,0,49.49,109.36,19771231,2,1,서울특별시 노원구 월계동 472-1번지
11350,10200,0,0472,0008,월계동 선곡경로당,,일반건축물,제1종근린생활시설,제1종근린생활시설(마을회관),286,72.98,61.83,20180726,1,0,서울특별시 노원구 월계동 472-8번지
11350,10200,0,0472,0017,세움 2차,,표제부,공동주택,도시형생활주택(단지형연립주택),686.63,370.01,1370.56,20180207,6,0,서울특별시 노원구 월계동 472-17번지
11350,10200,0,0472,0022,,,일반건축물,제2종근린생활시설,근린생활시설 및 단독주택,185,109.85,498.61,20221018,4,1,서울특별시 노원구 월계동 472-22번지
11350,10200,0,0472,0026,,,표제부,공동주택,연립주택,0,151.34,337.69,19780119,2,1,서울특별시 노원구 월계동 472-26번지
11350,10200,0,0472,0027,,,표제부,공동주택,연립주택,0,151.34,337.69,19780119,2,1,서울특별시 노원구 월계동 472-27번지
11350,10200,0,0472,0028,,,일반건축물,단독주택,단독주택(다중주택),214.2,103.02,329.41,20170414,3,1,서울특별시 노원구 월계동 472-28번지
11350,10200,0,0472,0031,,,표제부,공동주택,다세대주택,216,118.92,449.16,19980116,3,1,서울특별시 노원구 월계동 472-31번지
11350,10200,0,0472,0032,세움1차,,표제부,공동주택,공동주택,584,309.08,1160.83,20170515,6,0,서울특별시 노원구 월계동 472-32번지
11350,10200,0,0472,0034,,,표제부,공동주택,연립주택,0,105.26,229.2,19780112,2,1,서울특별시 노원구 월계동 472-34번지
11350,10200,0,0472,0045,,,일반건축물,제1종근린생활시설,"근린생활시설, 주택",0,110.48,552.12,19810216,4,1,서울특별시 노원구 월계동 472-45번지
11350,10200,0,0473,0001,,,표제부,공동주택,도시형생활주택(원룸형),182,109.16,337.69,20111018,5,0,서울특별시 노원구 월계동 473-1번지
11350,10200,0,0473,0006,,,표제부,공동주택,다세대주택,0,96.55,443.79,19911219,4,1,서울특별시 노원구 월계동 473-6번지
11350,10200,0,0473,0008,,,표제부,공동주택,다세대주택,0,79.2,321.48,19860917,3,1,서울특별시 노원구 월계동 473-8번지
11350,10200,0,0473,0010,,,표제부,공동주택,다세대주택,182,109.09,360.57,20030506,5,0,서울특별시 노원구 월계동 473-10번지
11350,10200,0,0473,0011,,,일반건축물,단독주택,주택,0,82.61,213.09,19790919,2,1,서울특별시 노원구 월계동 473-11번지
11350,10200,0,0473,0012,,,일반건축물,단독주택,주택,175,84.83,240.81,19800321,2,1,서울특별시 노원구 월계동 473-12번지
11350,10200,0,0473,0013,,,일반건축물,제2종근린생활시설,제2종근린생활시설,195,116.12,492.4,20100824,4,1,서울특별시 노원구 월계동 473-13번지
11350,10200,0,0473,0014,,,일반건축물,제2종근린생활시설,제2종근린생활시설,184,109.95,465.07,20101117,4,1,서울특별시 노원구 월계동 473-14번지
11350,10200,0,0473,0015,,,일반건축물,제1종근린생활시설,근린생활시설,0,21.41,21.41,20030402,1,0,서울특별시 노원구 월계동 473-15번지
11350,10200,0,0473,0015,,,일반건축물,단독주택,주택,0,1.95,1.95,20030402,1,0,서울특별시 노원구 월계동 473-15번지
11350,10200,0,0473,0015,,,일반건축물,단독주택,주택,0,100.5,265.16,19800314,2,1,서울특별시 노원구 월계동 473-15번지
11350,10200,0,0473,0019,,,일반건축물,제2종근린생활시설,근린생활시설,362,173.4,832.32,19841231,4,1,서울특별시 노원구 월계동 473-19번지
11350,10200,0,0474,0003,,,일반건축물,제1종근린생활시설,"근린생활시설, 주택",0,82.22,331.8,19840912,3,1,서울특별시 노원구 월계동 474-3번지
11350,10200,0,0474,0005,,,일반건축물,단독주택,주택,0,80.5,205.73,19781108,2,1,서울특별시 노원구 월계동 474-5번지
11350,10200,0,0474,0006,,,표제부,공동주택,다세대주택,276,165.4,645.67,20031224,5,0,서울특별시 노원구 월계동 474-6번지
11350,10200,0,0474,0007,,,표제부,공동주택,다세대주택,0,80.47,329.59,19870314,3,1,서울특별시 노원구 월계동 474-7번지
11350,10200,0,0475,0002,동신빌라,,표제부,공동주택,연립주택,0,267.24,1049.58,19841221,3,1,서울특별시 노원구 월계동 475-2번지
11350,10200,0,0475,0002,동신빌라,,표제부,공동주택,연립주택,0,363.96,1439.28,19841221,3,1,서울특별시 노원구 월계동 475-2번지
11350,10200,0,0475,0004,,,표제부,공동주택,다세대주택,0,81.82,327.28,19870122,3,1,서울특별시 노원구 월계동 475-4번지
11350,10200,0,0475,0008,,,일반건축물,단독주택,"주택,사무실",0,207.93,233.72,19731030,1,1,서울특별시 노원구 월계동 475-8번지
11350,10200,0,0475,0010,,,일반건축물,단독주택,다중주택,165,95.44,299.9,20160328,3,1,서울특별시 노원구 월계동 475-10번지
11350,10200,0,0475,0012,,,일반건축물,제1종근린생활시설,"근린생활시설, 주택",0,107.9,480.74,19890929,4,1,서울특별시 노원구 월계동 475-12번지
11350,10200,0,0475,0014,,,표제부,공동주택,다세대주택,195,116.92,428.22,19931028,3,1,서울특별시 노원구 월계동 475-14번지
11350,10200,0,0475,0015,,,일반건축물,단독주택,다가구용단독주택(7가구),0,0,249.47,19901220,2,1,서울특별시 노원구 월계동 475-15번지
11350,10200,0,0475,0017,,,일반건축물,단독주택,단독주택(다중주택),171,101,299.22,20110107,3,1,서울특별시 노원구 월계동 475-17번지
11350,10200,0,0475,0018,,,일반건축물,단독주택,다가구용단독주택,171,99.45,365.8,19961130,3,1,서울특별시 노원구 월계동 475-18번지
11350,10200,0,0475,0019,,,표제부,공동주택,다세대주택,171,100.76,339.11,20031031,4,0,서울특별시 노원구 월계동 475-19번지
11350,10200,0,0475,0020,,,일반건축물,단독주택,다가구주택,175,91.31,226.26,19781220,3,1,서울특별시 노원구 월계동 475-20번지
11350,10200,0,0475,0023,,,표제부,공동주택,다세대주택,188,112.66,424.58,19931023,3,1,서울특별시 노원구 월계동 475-23번지
11350,10200,0,0475,0028,,,표제부,공동주택,다세대주택,198,110.78,422.87,19931228,3,1,서울특별시 노원구 월계동 475-28번지
11350,10200,0,0475,0035,,,표제부,제1종근린생활시설,근린생활시설,0,329.27,1153.17,19841120,2,1,서울특별시 노원구 월계동 475-35번지
11350,10200,0,0476,0001,,,일반건축물,제1종근린생활시설,"근린생활시설, 주택",0,81.6,445.08,19901031,4,1,서울특별시 노원구 월계동 476-1번지
11350,10200,0,0476,0002,,,일반건축물,단독주택,단독주택,131,62.12,100.51,19750319,2,1,서울특별시 노원구 월계동 476-2번지
11350,10200,0,0476,0004,,,일반건축물,단독주택,주택,0,61.19,76.3,19780110,1,1,서울특별시 노원구 월계동 476-4번지
11350,10200,0,0476,0007,,,일반건축물,단독주택,"단독주택, 제2종근린생활시설",103.22,61.72,167.48,20150918,3,0,서울특별시 노원구 월계동 476-7번지
11350,10200,0,0476,0008,리지인N001,,일반건축물,단독주택,다가구주택,177.59,106.52,280.09,20160129,4,0,서울특별시 노원구 월계동 476-8번지
11350,10200,0,0476,0010,,,일반건축물,단독주택,주택,0,42.39,129.87,19880701,2,1,서울특별시 노원구 월계동 476-10번지
11350,10200,0,0476,0011,,,일반건축물,단독주택,주택,0,62.47,191.41,19880725,2,1,서울특별시 노원구 월계동 476-11번지
11350,10200,0,0476,0012,,,표제부,제1종근린생활시설,근린생활시설,0,189.59,408.83,19810930,2,1,서울특별시 노원구 월계동 476-12번지
11350,10200,0,0476,0019,,,일반건축물,제1종근린생활시설,"근린생활시설, 주택(1세대)",225,111.38,648.09,19931019,5,1,서울특별시 노원구 월계동 476-19번지
11350,10200,0,0476,0023,,,일반건축물,단독주택,"근린생활시설, 다가구주택",126,62.26,291.18,19940120,4,1,서울특별시 노원구 월계동 476-23번지
11350,10200,0,0476,0024,,,일반건축물,근린생활시설,"주택, 근린생활시설",267,160.11,405.15,19841221,2,1,서울특별시 노원구 월계동 476-24번지
11350,10200,0,0477,0004,테라팰리스 1,,표제부,공동주택,다세대주택(도시형생활주택),276,148.889,583.47,20230330,6,1,서울특별시 노원구 월계동 477-4번지
11350,10200,0,0477,0009,테라팰리스 2,,표제부,공동주택,다세대주택(도시형생활주택),210,93.491,443.824,20230330,6,1,서울특별시 노원구 월계동 477-9번지
11350,10200,0,0479,0000,,,일반건축물,제2종근린생활시설,제2종근린생활시설,273,154.76,652.32,20080214,5,1,서울특별시 노원구 월계동 479번지
11350,10200,0,0479,0013,,,일반건축물,단독주택,"근린생활시설, 주택",275,136.09,648,19920903,4,1,서울특별시 노원구 월계동 479-13번지
11350,10200,0,0479,0017,,,일반건축물,단독주택,다가구용단독주택(7가구),191,113.56,454.24,19960722,3,1,서울특별시 노원구 월계동 479-17번지
11350,10200,0,0479,0018,,,표제부,공동주택,근린생활시설 및 도시형생활주택,216,128.91,468.72,20120109,5,0,서울특별시 노원구 월계동 479-18번지
11350,10200,0,0479,0019,,,일반건축물,단독주택,다가구용단독주택(8가구),215,112.11,395.74,19930629,3,1,서울특별시 노원구 월계동 479-19번지
11350,10200,0,0480,0001,,,일반건축물,단독주택,다중주택,141,84.52,290.38,20141216,3,1,서울특별시 노원구 월계동 480-1번지
11350,10200,0,0480,0006,,,일반건축물,단독주택,다중주택,119,63.4,199.67,20141216,3,1,서울특별시 노원구 월계동 480-6번지
11350,10200,0,0480,0007,,,일반건축물,단독주택,다중주택,103,60.5,199.83,20141216,3,1,서울특별시 노원구 월계동 480-7번지
11350,10200,0,0484,0000,,,일반건축물,단독주택,"근린생활시설,주택",0,61.56,223.23,19840611,3,1,서울특별시 노원구 월계동 484번지
11350,10200,0,0485,0000,,,일반건축물,단독주택,주택,0,62.55,111.14,19740912,2,1,서울특별시 노원구 월계동 485번지
11350,10200,0,0485,0006,,,일반건축물,단독주택,주택,0,71.14,81.95,19740919,1,1,서울특별시 노원구 월계동 485-6번지
11350,10200,0,0485,0008,,,일반건축물,단독주택,주택,0,67.01,81.85,19741008,1,1,서울특별시 노원구 월계동 485-8번지
11350,10200,0,0485,0009,,,일반건축물,단독주택,주택,0,59.54,67.64,19740912,1,1,서울특별시 노원구 월계동 485-9번지
11350,10200,0,0485,0010,,,일반건축물,단독주택,주택,0,60.56,69.19,19740829,1,1,서울특별시 노원구 월계동 485-10번지
11350,10200,0,0485,0011,,,일반건축물,단독주택,주택,0,51.96,166.07,19900607,2,1,서울특별시 노원구 월계동 485-11번지
11350,10200,0,0485,0012,,,일반건축물,단독주택,"근린생활시설, 주택(2)",116,68.58,265.64,19951113,3,1,서울특별시 노원구 월계동 485-12번지
11350,10200,0,0485,0013,,,일반건축물,단독주택,"근린생활시설, 다가구용단독주택(3)",106,63.58,254.32,19930918,3,1,서울특별시 노원구 월계동 485-13번지
11350,10200,0,0485,0014,,,일반건축물,단독주택,다가구용단독주택(3가구),112,59,149.78,19930915,2,1,서울특별시 노원구 월계동 485-14번지
11350,10200,0,0486,0002,,,일반건축물,단독주택,주택,0,40.17,45.13,19700119,1,1,서울특별시 노원구 월계동 486-2번지
11350,10200,0,0486,0003,,,일반건축물,단독주택,주택,0,41.59,46.55,19700119,1,1,서울특별시 노원구 월계동 486-3번지
11350,10200,0,0486,0004,,,일반건축물,단독주택,주택,0,0,53.46,19700119,1,1,서울특별시 노원구 월계동 486-4번지
11350,10200,0,0486,0005,,,일반건축물,단독주택,다가구주택,76,58.28,146.03,19700119,3,1,서울특별시 노원구 월계동 486-5번지
11350,10200,0,0486,0006,,,일반건축물,단독주택,"근린생활시설, 주택",0,54.3,164.4,19870922,2,1,서울특별시 노원구 월계동 486-6번지
11350,10200,0,0486,0008,,,일반건축물,단독주택,주택,0,50.78,55.74,19700119,1,1,서울특별시 노원구 월계동 486-8번지
11350,10200,0,0486,0009,,,일반건축물,제1종근린생활시설,"주택, 근린생활시설",0,53.91,157.64,19850625,2,1,서울특별시 노원구 월계동 486-9번지
11350,10200,0,0489,0001,,,일반건축물,단독주택,단독주택,0,81.54,244.62,19900714,2,1,서울특별시 노원구 월계동 489-1번지
11350,10200,0,0489,0009,,,일반건축물,단독주택,주택,0,67.32,204.66,19890725,2,1,서울특별시 노원구 월계동 489-9번지
11350,10200,0,0489,0010,,,일반건축물,단독주택,다가구용단독주택(6가구),0,70.13,210.39,19910508,2,1,서울특별시 노원구 월계동 489-10번지
11350,10200,0,0489,0012,,,일반건축물,단독주택,주택,0,49.91,149.73,19900601,2,1,서울특별시 노원구 월계동 489-12번지
11350,10200,0,0492,0008,,,일반건축물,단독주택,"근린생활시설, 주택",0,113.23,550.09,19880725,4,1,서울특별시 노원구 월계동 492-8번지
11350,10200,0,0493,0001,,,일반건축물,제2종근린생활시설,"근린생활시설, 교육연구시설, 업무시설",376,222.97,1581.66,19960127,6,1,서울특별시 노원구 월계동 493-1번지
11350,10200,0,0493,0028,신궁전빌딩,,일반건축물,제2종근린생활시설,"제1,2종근린생활시설",281,133.81,802.74,20041201,6,1,서울특별시 노원구 월계동 493-28번지
11350,10200,0,0494,0011,,,일반건축물,단독주택,주택,0,33.06,33.06,19701030,1,0,서울특별시 노원구 월계동 494-11번지
11350,10200,0,0496,0002,송암아파트,,표제부,공동주택,아파트,396,223.85,1455.18,20040407,6,1,서울특별시 노원구 월계동 496-2번지
11350,10200,0,0496,0003,성진빌딩,,표제부,공동주택,"다세대주택,제1,2종근린생활시설",247.53,140.39,591.93,20040527,5,0,서울특별시 노원구 월계동 496-3번지
11350,10200,0,0496,0004,,,일반건축물,제1종근린생활시설,"근린생활시설, 주택",106,52.2,257.97,19931028,4,1,서울특별시 노원구 월계동 496-4번지
11350,10200,0,0496,0005,,,일반건축물,단독주택,주택,0,42,42,19851018,1,0,서울특별시 노원구 월계동 496-5번지
11350,10200,0,0496,0007,,,일반건축물,단독주택,다중주택,137.03,82.06,299.62,20160706,3,1,서울특별시 노원구 월계동 496-7번지
11350,10200,0,0496,0008,,,일반건축물,단독주택,다가구용단독주택(5가구),114,68.33,259.23,19940623,3,1,서울특별시 노원구 월계동 496-8번지
11350,10200,0,0496,0009,,,일반건축물,단독주택,주택,0,62.81,120.17,19731115,2,1,서울특별시 노원구 월계동 496-9번지
11350,10200,0,0496,0010,,,일반건축물,단독주택,주택,0,66.88,74.98,19731115,1,1,서울특별시 노원구 월계동 496-10번지
11350,10200,0,0496,0011,,,일반건축물,단독주택,주택,0,66.64,74.74,19731115,1,1,서울특별시 노원구 월계동 496-11번지
11350,10200,0,0496,0012,,,일반건축물,제1종근린생활시설,"근린생활시설, 주택",119,69.6,299.93,19961129,4,1,서울특별시 노원구 월계동 496-12번지
11350,10200,0,0496,0014,,,일반건축물,제2종근린생활시설,"근린생활시설, 주택(1가구)",95.09,56.84,254.25,19980124,4,1,서울특별시 노원구 월계동 496-14번지
11350,10200,0,0496,0015,위오령 빌딩,,일반건축물,제2종근린생활시설,제2종근린생활시설(사무소),107.5,63.84,300.06,20210122,5,1,서울특별시 노원구 월계동 496-15번지
11350,10200,0,0496,0017,,,표제부,공동주택,"제1종근린생활시설,다세대주택",109,67.13,284.76,20040407,5,0,서울특별시 노원구 월계동 496-17번지
11350,10200,0,0496,0020,,,일반건축물,단독주택,주택,0,61.09,68.56,19731029,1,1,서울특별시 노원구 월계동 496-20번지
11350,10200,0,0496,0021,,,일반건축물,단독주택,"주택, 근린생활시설",0,73.19,82.18,19731031,1,1,서울특별시 노원구 월계동 496-21번지
11350,10200,0,0496,0022,,,일반건축물,제1종근린생활시설,"근린생활시설, 주택",155,77.16,404.38,19931130,5,1,서울특별시 노원구 월계동 496-22번지
11350,10200,0,0496,0024,,,일반건축물,제2종근린생활시설,"근린생활시설, 주택",208,102.3,487.9,19930107,4,1,서울특별시 노원구 월계동 496-24번지
11350,10200,0,0496,0026,,,일반건축물,단독주택,다중주택,108.19,62.59,199.63,20161020,3,1,서울특별시 노원구 월계동 496-26번지
11350,10200,0,0496,0027,,,일반건축물,단독주택,다중주택,108.5,62.25,199.92,20141231,3,1,서울특별시 노원구 월계동 496-27번지
11350,10200,0,0496,0029,,,일반건축물,단독주택,단독주택(다중주택),106,63.34,184.77,20110830,3,1,서울특별시 노원구 월계동 496-29번지
11350,10200,0,0496,0030,,,일반건축물,제1종근린생활시설,"주택, 근린생활시설",0,0,281.13,19880307,3,1,서울특별시 노원구 월계동 496-30번지
11350,10200,0,0496,0032,,,일반건축물,단독주택,단독주택(다중주택),104,62.16,195.76,20110128,3,1,서울특별시 노원구 월계동 496-32번지
11350,10200,0,0496,0033,,,일반건축물,단독주택,다가구용단독주택(5가구),102,60.94,215.66,19930628,3,1,서울특별시 노원구 월계동 496-33번지
11350,10200,0,0496,0034,,,일반건축물,단독주택,다중주택,106,62.98,199.79,20170123,3,1,서울특별시 노원구 월계동 496-34번지
11350,10200,0,0496,0035,,,일반건축물,단독주택,주택,0,66.58,74.68,19731115,1,1,서울특별시 노원구 월계동 496-35번지
11350,10200,0,0496,0037,명석원룸,,일반건축물,제2종근린생활시설,제2종근린생활시설,114,67.94,226.35,20131209,4,0,서울특별시 노원구 월계동 496-37번지
11350,10200,0,0496,0038,,,일반건축물,단독주택,다가구주택,116,69.36,267.96,20180207,4,0,서울특별시 노원구 월계동 496-38번지
11350,10200,0,0496,0039,,,일반건축물,단독주택,"주택, 근린생활시설",143,85.45,94.14,19731031,1,1,서울특별시 노원구 월계동 496-39번지
11350,10200,0,0496,0041,삼성빌라,,표제부,공동주택,다세대주택,294,158.91,597.57,20020912,5,0,서울특별시 노원구 월계동 496-41번지
11350,10200,0,0496,0043,,,표제부,공동주택,"제2종근린생활시설,다세대주택",112,66.24,286.37,20040917,5,0,서울특별시 노원구 월계동 496-43번지
11350,10200,0,0496,0045,.,,일반건축물,제2종근린생활시설,제2종근린생활시설,91.2,53.98,190.72,20020919,4,0,서울특별시 노원구 월계동 496-45번지
11350,10200,0,0496,0047,,,일반건축물,제1종근린생활시설,"근린생활시설,다가구주택(2가구)",119,71.25,294.19,19940917,3,1,서울특별시 노원구 월계동 496-47번지
11350,10200,0,0496,0050,,,일반건축물,단독주택,다가구주택,122,73.13,235.32,20180219,4,0,서울특별시 노원구 월계동 496-50번지
11350,10200,0,0496,0051,세종대왕의집,,일반건축물,제2종근린생활시설,제2종근린생활시설,124.1,73.58,247.93,20101116,4,0,서울특별시 노원구 월계동 496-51번지
11350,10200,0,0496,0052,,,표제부,공동주택,도시형생활주택(원룸형),114.45,64.96,248.86,20121123,5,0,서울특별시 노원구 월계동 496-52번지
11350,10200,0,0496,0053,,,일반건축물,단독주택,주택,0,60.87,188.61,19900621,2,1,서울특별시 노원구 월계동 496-53번지
11350,10200,0,0496,0056,,,일반건축물,단독주택,"제1종근린생활시설,다가구주택",120,87.23,291.53,20060523,4,0,서울특별시 노원구 월계동 496-56번지
11350,10200,0,0496,0057,은하빌,,일반건축물,단독주택,단독주택(다가구주택),119,71.31,195.81,20201127,4,0,서울특별시 노원구 월계동 496-57번지
11350,10200,0,0496,0058,,,일반건축물,단독주택,다중주택,116,61.15,199.67,20160321,3,1,서울특별시 노원구 월계동 496-58번지
11350,10200,0,0496,0059,,,일반건축물,단독주택,주택,0,106.44,106.44,19740927,2,0,서울특별시 노원구 월계동 496-59번지
11350,10200,0,0496,0060,,,일반건축물,단독주택,다가구용단독주택(4가구),0,63.69,198.34,19920403,3,1,서울특별시 노원구 월계동 496-60번지
11350,10200,0,0496,0061,,,일반건축물,단독주택,다중주택,93,53.81,194.01,20141231,3,1,서울특별시 노원구 월계동 496-61번지
11350,10200,0,0496,0065,,,일반건축물,단독주택,"근린생활시설, 단독주택",155,89.76,233.38,20001130,3,0,서울특별시 노원구 월계동 496-65번지
11350,10200,0,0496,0077,송암빌딩,,일반건축물,제2종근린생활시설,제2종근린생활시설,228,122.64,616.05,20040225,6,0,서울특별시 노원구 월계동 496-77번지
11350,10200,0,0500,0000,E동(고등학교본관),,일반건축물,교육연구시설,교육연구시설,0,962.7,4811.54,19960423,5,0,서울특별시 노원구 월계동 500번지
11350,10200,0,0500,0000,광운인공지능고(급식실),,일반건축물,교육연구시설,교육연구시설(급식실),0,364.65,647.93,,2,0,서울특별시 노원구 월계동 500번지
11350,10200,0,0500,0000,I동(수위실),,일반건축물,교육연구시설,교육연구시설(수위실),0,0,28.89,,0,0,서울특별시 노원구 월계동 500번지
11350,10200,0,0500,0000,,,일반건축물,교육연구시설,교육연구시설,0,421.8,418.5,20091202,1,0,서울특별시 노원구 월계동 500번지
11350,10200,0,0500,0000,A동(중학교본관),,일반건축물,교육연구시설,교육연구시설,0,1129.22,5151.13,19960423,5,0,서울특별시 노원구 월계동 500번지
11350,10200,0,0500,0000,광운인공지능고 근면관,,일반건축물,교육연구시설,교육연구시설,0,663.34,2930.55,20160325,5,0,서울특별시 노원구 월계동 500번지
11350,10200,0,0500,0000,S동(다목적실),,일반건축물,교육연구및복지시설,교육연구시설(다목적실),0,903.8,2457.39,20040920,4,1,서울특별시 노원구 월계동 500번지
11350,10200,0,0500,0000,D동제1실습장(전자실습실),,일반건축물,교육연구및복지시설,교육연구시설,0,712.84,3487.54,19960423,5,0,서울특별시 노원구 월계동 500번지
11350,10200,0,0500,0000,Q동(창고),,일반건축물,교육연구및복지시설,교육연구시설(창고),0,28,28,20010419,1,0,서울특별시 노원구 월계동 500번지
11350,10200,0,0500,0000,광운중학교,,일반건축물,교육연구시설,교육연구시설(급식실),0,283.72,655.17,20140326,3,0,서울특별시 노원구 월계동 500번지
11350,10200,0,0500,0002,,,표제부,공동주택,주택,0,95.97,228.5,19780217,2,1,서울특별시 노원구 월계동 500-2번지
11350,10200,0,0500,0004,광운대학교,,일반건축물,단독주택,단독주택,170,100.04,329.56,20020305,3,1,서울특별시 노원구 월계동 500-4번지
11350,10200,0,0500,0005,하나빌라,,표제부,공동주택,다세대주택,205,121.14,468.78,20021122,5,0,서울특별시 노원구 월계동 500-5번지
11350,10200,0,0500,0007,,,표제부,공동주택,다세대주택,365,161.04,658.04,19931030,4,1,서울특별시 노원구 월계동 500-7번지
11350,10200,0,0500,0008,,,일반건축물,단독주택,다중주택,166,92.56,299.26,20161202,3,1,서울특별시 노원구 월계동 500-8번지
11350,10200,0,0500,0009,,,표제부,공동주택,주택,0,94.18,212.1,19780202,2,1,서울특별시 노원구 월계동 500-9번지
11350,10200,0,0500,0011,,,일반건축물,단독주택,주택,0,0,220.77,19771230,2,1,서울특별시 노원구 월계동 500-11번지
11350,10200,0,0500,0013,,,일반건축물,단독주택,주택,0,88.66,161.65,19780223,2,1,서울특별시 노원구 월계동 500-13번지
11350,10200,0,0500,0016,,,표제부,공동주택,다세대주택,0,92.2,285.8,19910731,2,1,서울특별시 노원구 월계동 500-16번지
11350,10200,0,0500,0017,,,일반건축물,단독주택,단독주택(다중주택),172,96.06,299.37,20160726,3,1,서울특별시 노원구 월계동 500-17번지
11350,10200,0,0500,0023,,,일반건축물,단독주택,단독주택(다중주택),166,99.22,329.84,20091224,3,1,서울특별시 노원구 월계동 500-23번지
11350,10200,0,0500,0024,청우컨스빌,,표제부,공동주택,다세대주택,363.7,189.75,809.03,20080926,4,1,서울특별시 노원구 월계동 500-24번지
11350,10200,0,0500,0026,하나빌라,,표제부,공동주택,다세대주택,166,99.18,373.74,20021129,5,0,서울특별시 노원구 월계동 500-26번지
11350,10200,0,0500,0027,,,일반건축물,단독주택,단독주택(다중주택),165,90.93,299.76,20150810,3,1,서울특별시 노원구 월계동 500-27번지
11350,10200,0,0500,0029,,,일반건축물,단독주택,다가구용단독주택(6),163.25,97.92,378.84,19971231,3,1,서울특별시 노원구 월계동 500-29번지
11350,10200,0,0500,0030,,,표제부,공동주택,다세대주택,212,115.28,436.94,19921030,3,1,서울특별시 노원구 월계동 500-30번지
11350,10200,0,0500,0031,,,표제부,공동주택,다세대주택,212,112.93,417.8,19921030,3,1,서울특별시 노원구 월계동 500-31번지
11350,10200,0,0500,0032,,,표제부,공동주택,다세대주택,366,151.62,659.58,19930731,4,1,서울특별시 노원구 월계동 500-32번지
11350,10200,0,0500,0034,,,표제부,공동주택,주택,0,102.25,225.36,19780313,2,1,서울특별시 노원구 월계동 500-34번지
11350,10200,0,0500,0035,,,표제부,공동주택,주택,0,102.25,225.36,19780313,2,1,서울특별시 노원구 월계동 500-35번지
11350,10200,0,0500,0036,,,표제부,공동주택,주택,0,106.05,227.04,19780313,2,1,서울특별시 노원구 월계동 500-36번지
11350,10200,0,0500,0041,인터내셔날하우스,,표제부,공동주택,연립주택,1117,211.62,823.23,20040528,3,1,서울특별시 노원구 월계동 500-41번지
11350,10200,0,0500,0046,,,일반건축물,단독주택,단독주택(다중주택),165,90.78,299.89,20150810,3,1,서울특별시 노원구 월계동 500-46번지
11350,10200,0,0502,0003,,,일반건축물,단독주택,주택,0,0,26.05,19710630,1,0,서울특별시 노원구 월계동 502-3번지
11350,10200,0,0502,0004,,,일반건축물,단독주택,주택,0,38.02,38.02,19710130,1,0,서울특별시 노원구 월계동 502-4번지
11350,10200,0,0502,0005,,,표제부,공동주택,공동주택(도시형생활주택),154,88.41,319.05,20120816,5,0,서울특별시 노원구 월계동 502-5번지
11350,10200,0,0502,0006,,,일반건축물,단독주택,다가구용단독주택(4가구),153,91.66,244.08,19930602,2,1,서울특별시 노원구 월계동 502-6번지
11350,10200,0,0502,0007,,,일반건축물,단독주택,"근린생활시설, 주택",106,62.88,123.24,19990422,2,0,서울특별시 노원구 월계동 502-7번지
11350,10200,0,0502,0008,,,일반건축물,단독주택,주택,0,49.62,57.45,19710630,1,1,서울특별시 노원구 월계동 502-8번지
11350,10200,0,0502,0009,,,일반건축물,단독주택,"주택,점포",0,65.07,65.07,19850814,1,0,서울특별시 노원구 월계동 502-9번지
11350,10200,0,0505,0002,광운대학교,,일반건축물,교육연구시설,교육연구시설,4477,1943.34,7856.84,20090511,5,0,서울특별시 노원구 월계동 505-2번지
11350,10200,0,0508,0019,,,일반건축물,단독주택,다가구용단독주택(8가구),240,143.07,538.89,19950704,3,1,서울특별시 노원구 월계동 508-19번지
11350,10200,0,0508,0032,파크뷰,,표제부,공동주택,다세대주택,238,137.44,460.83,20170921,5,0,서울특별시 노원구 월계동 508-32번지
11350,10200,0,0508,0070,리엄하우스,,표제부,공동주택,공동주택,230,112.89,321.48,20221216,5,0,서울특별시 노원구 월계동 508-70번지
11350,10200,0,0516,0001,,,일반건축물,단독주택,주택,0,37.95,37.95,1966,1,0,서울특별시 노원구 월계동 516-1번지
11350,10200,0,0516,0002,,,일반건축물,단독주택,주택,0,0,24.63,1966,1,0,서울특별시 노원구 월계동 516-2번지
11350,10200,0,0516,0003,,,일반건축물,단독주택,주택,0,33.06,33.06,1966,1,0,서울특별시 노원구 월계동 516-3번지
11350,10200,0,0516,0004,,,일반건축물,단독주택,주택,0,56.08,56.08,1966,1,0,서울특별시 노원구 월계동 516-4번지
11350,10200,0,0516,0005,,,일반건축물,단독주택,주택,0,54.58,54.58,1970,1,0,서울특별시 노원구 월계동 516-5번지
11350,10200,0,0516,0006,,,일반건축물,단독주택,주택,0,27.21,27.21,19700600,1,0,서울특별시 노원구 월계동 516-6번지
11350,10200,0,0534,0004,,,일반건축물,단독주택,주택,0,77.14,87.02,19761210,1,1,서울특별시 노원구 월계동 534-4번지
11350,10200,0,0534,0005,,,일반건축물,단독주택,다가구용단독주택(6가구),0,108.33,326.88,19911211,2,1,서울특별시 노원구 월계동 534-5번지
11350,10200,0,0534,0006,,,일반건축물,단독주택,주택,0,95.81,205.79,19820629,1,1,서울특별시 노원구 월계동 534-6번지
11350,10200,0,0534,0008,,,표제부,공동주택,공동주택,452.41,227.96,982.45,20150203,4,1,서울특별시 노원구 월계동 534-8번지
11350,10200,0,0534,0009,,,표제부,공동주택,다세대주택,0,95.14,285.42,19910212,2,1,서울특별시 노원구 월계동 534-9번지
11350,10200,0,0534,0010,,,표제부,공동주택,다세대주택,198,111.08,296.5,20240322,4,0,서울특별시 노원구 월계동 534-10번지
11350,10200,0,0534,0012,,,표제부,공동주택,다세대주택,218,128.49,466,20020715,4,0,서울특별시 노원구 월계동 534-12번지
11350,10200,0,0534,0013,,,표제부,공동주택,다세대주택,202,118.68,401.07,20041104,5,0,서울특별시 노원구 월계동 534-13번지
11350,10200,0,0534,0015,,,일반건축물,단독주택,주택,0,81.72,100.07,19781229,1,1,서울특별시 노원구 월계동 534-15번지
11350,10200,0,0534,0016,,,일반건축물,단독주택,주택,0,45.52,45.52,19710927,1,0,서울특별시 노원구 월계동 534-16번지
11350,10200,0,0534,0017,더 하우스 인,,표제부,공동주택,도시형생활주택(다세대),249,131.58,372.55,20170628,5,0,서울특별시 노원구 월계동 534-17번지
11350,10200,0,0534,0018,라움,,표제부,공동주택,도시형생활주택(단지형다세대),243,119.03,359.28,20180312,5,0,서울특별시 노원구 월계동 534-18번지
11350,10200,0,0534,0019,,,일반건축물,단독주택,단독주택,132,74.4,199.59,20211103,3,1,서울특별시 노원구 월계동 534-19번지
11350,10200,0,0534,0020,,,표제부,공동주택,다세대주택,0,107.01,502.02,19911128,4,1,서울특별시 노원구 월계동 534-20번지
11350,10200,0,0534,0021,,,일반건축물,단독주택,주택,0,84.66,151.14,19771229,2,1,서울특별시 노원구 월계동 534-21번지
11350,10200,0,0534,0022,더하우스인,,표제부,공동주택,도시형생활주택(단지형다세대),400,189.51,674.46,20180515,4,1,서울특별시 노원구 월계동 534-22번지
11350,10200,0,0534,0024,,,일반건축물,단독주택,주택,0,67.25,122.99,19710920,2,1,서울특별시 노원구 월계동 534-24번지
11350,10200,0,0534,0025,,,표제부,공동주택,다세대주택,179,107.36,520.62,20030428,4,1,서울특별시 노원구 월계동 534-25번지
11350,10200,0,0534,0026,,,표제부,공동주택,다세대주택,195,114.92,453.06,19941205,3,1,서울특별시 노원구 월계동 534-26번지
11350,10200,0,0534,0027,,,일반건축물,단독주택,주택,0,92.99,162.51,19761015,2,1,서울특별시 노원구 월계동 534-27번지
11350,10200,0,0534,0028,,,일반건축물,단독주택,주택,0,80.53,99.51,19770713,1,1,서울특별시 노원구 월계동 534-28번지
11350,10200,0,0534,0029,,,일반건축물,단독주택,단독주택,102,61.15,137.11,19780106,2,1,서울특별시 노원구 월계동 534-29번지
11350,10200,0,0534,0030,,,일반건축물,단독주택,주택,0,111.98,181.44,19780309,2,1,서울특별시 노원구 월계동 534-30번지
11350,10200,0,0534,0031,,,표제부,공동주택,다세대주택,218,128.1,613.06,20020709,4,1,서울특별시 노원구 월계동 534-31번지
11350,10200,0,0534,0032,,,표제부,공동주택,다세대주택,208,122.82,449.01,19930609,3,1,서울특별시 노원구 월계동 534-32번지
11350,10200,0,0534,0034,,,일반건축물,단독주택,주택,0,42.55,47.57,19720826,1,1,서울특별시 노원구 월계동 534-34번지
11350,10200,0,0534,0035,,,일반건축물,단독주택,다가구주택,192,112.13,352.43,20021121,3,1,서울특별시 노원구 월계동 534-35번지
11350,10200,0,0534,0037,,,표제부,공동주택,다세대주택,202,117.44,427.3,19940120,3,1,서울특별시 노원구 월계동 534-37번지
11350,10200,0,0534,0038,,,표제부,공동주택,다세대주택,198,106.56,472.56,19931229,4,1,서울특별시 노원구 월계동 534-38번지
11350,10200,0,0534,0039,,,표제부,공동주택,도시형생활주택(연립주택),598,297.29,959.24,20200908,5,0,서울특별시 노원구 월계동 534-39번지
11350,10200,0,0534,0041,,,일반건축물,단독주택,주택,0,96.43,164.59,19741230,2,1,서울특별시 노원구 월계동 534-41번지
11350,10200,0,0534,0042,,,표제부,공동주택,공동주택(다세대주택),248,148.07,370.25,20081125,4,0,서울특별시 노원구 월계동 534-42번지
11350,10200,0,0534,0043,,,일반건축물,단독주택,주택,0,95.71,255.08,19760914,2,1,서울특별시 노원구 월계동 534-43번지
11350,10200,0,0534,0044,,,일반건축물,단독주택,주택,0,88.53,158.87,19780112,2,1,서울특별시 노원구 월계동 534-44번지
11350,10200,0,0534,0045,,,일반건축물,단독주택,주택,0,85.4,91.15,19740828,1,1,서울특별시 노원구 월계동 534-45번지
11350,10200,0,0534,0046,,,일반건축물,단독주택,주택,0,92.17,179.27,19781109,2,1,서울특별시 노원구 월계동 534-46번지
11350,10200,0,0534,0047,한솔리치빌,,표제부,공동주택,다세대주택,189.3,113.49,557.61,20030726,4,1,서울특별시 노원구 월계동 534-47번지
11350,10200,0,0534,0048,,,일반건축물,단독주택,주택,0,95.37,233.15,19730522,2,1,서울특별시 노원구 월계동 534-48번지
11350,10200,0,0534,0049,,,일반건축물,단독주택,주택,0,92.36,151.96,19780303,2,1,서울특별시 노원구 월계동 534-49번지
11350,10200,0,0534,0050,,,일반건축물,단독주택,주택,0,82.25,160.69,19781106,2,1,서울특별시 노원구 월계동 534-50번지
11350,10200,0,0534,0051,,,일반건축물,단독주택,주택,0,82.38,158.78,19770207,2,1,서울특별시 노원구 월계동 534-51번지
11350,10200,0,0534,0052,,,일반건축물,단독주택,주택,0,68.86,185.19,19781004,2,1,서울특별시 노원구 월계동 534-52번지
11350,10200,0,0534,0053,,,표제부,공동주택,연립주택,0,120.5,253.86,19770708,2,1,서울특별시 노원구 월계동 534-53번지
11350,10200,0,0534,0054,,,일반건축물,제1종근린생활시설,제1종근린생활시설(소매점),104,62.34,116.07,19771220,1,1,서울특별시 노원구 월계동 534-54번지
11350,10200,0,0534,0055,,,일반건축물,단독주택,주택,0,59.74,59.74,19740629,1,0,서울특별시 노원구 월계동 534-55번지
11350,10200,0,0534,0056,,,일반건축물,단독주택,"단독주택,근린생활시설",221,132.33,457.9,20191001,4,1,서울특별시 노원구 월계동 534-56번지
11350,10200,0,0534,0057,,,일반건축물,단독주택,다가구용단독주택(11가구),0,153.17,604.99,19910406,3,1,서울특별시 노원구 월계동 534-57번지
11350,10200,0,0534,0059,,,일반건축물,단독주택,주택,0,89.32,128.23,19761112,1,1,서울특별시 노원구 월계동 534-59번지
11350,10200,0,0534,0060,,,일반건축물,단독주택,주택,0,57.98,66.91,19711018,2,0,서울특별시 노원구 월계동 534-60번지
11350,10200,0,0534,0061,,,일반건축물,단독주택,주택,0,74.05,83.77,19730724,1,1,서울특별시 노원구 월계동 534-61번지
11350,10200,0,0534,0062,,,일반건축물,단독주택,주택,0,51.97,127.58,19711018,2,1,서울특별시 노원구 월계동 534-62번지
11350,10200,0,0534,0063,,,일반건축물,단독주택,다가구용단독주택(3가구),218,92.27,212.11,19951223,2,1,서울특별시 노원구 월계동 534-63번지
11350,10200,0,0534,0064,,,일반건축물,노유자시설,노유자시설,255.4,136.95,302.82,19780804,2,1,서울특별시 노원구 월계동 534-64번지
11350,10200,0,0534,0065,,,표제부,공동주택,다세대주택,245,143.38,685.9,20020919,4,1,서울특별시 노원구 월계동 534-65번지
11350,10200,0,0534,0066,,,일반건축물,단독주택,주택,0,104.46,299.76,19890720,2,1,서울특별시 노원구 월계동 534-66번지
11350,10200,0,0534,0067,현대빌리지,,표제부,공동주택,다세대주택,221,132.26,475.87,20020327,5,0,서울특별시 노원구 월계동 534-67번지
11350,10200,0,0534,0068,,,일반건축물,단독주택,다가구주택(7가구),225,132.84,493.48,19960729,3,1,서울특별시 노원구 월계동 534-68번지
11350,10200,0,0534,0069,월계동도원그린힐,,표제부,공동주택,다세대주택,218,129.98,484.01,20031127,5,0,서울특별시 노원구 월계동 534-69번지
11350,10200,0,0534,0070,현대빌리지 2차,,표제부,공동주택,다세대주택,218,129.95,508.57,20020914,5,0,서울특별시 노원구 월계동 534-70번지
11350,10200,0,0534,0071,,,일반건축물,단독주택,주택,0,107.27,299.6,19780602,2,1,서울특별시 노원구 월계동 534-71번지
11350,10200,0,0534,0072,,,표제부,공동주택,다세대주택,235,114,508.83,19940728,4,1,서울특별시 노원구 월계동 534-72번지
11350,10200,0,0534,0073,,,일반건축물,단독주택,다가구주택(2가구),230,137.9,404.37,20211101,2,1,서울특별시 노원구 월계동 534-73번지
11350,10200,0,0534,0074,,,일반건축물,단독주택,주택,0,82.65,95.74,19770620,1,1,서울특별시 노원구 월계동 534-74번지
11350,10200,0,0534,0075,피렌체월계,,표제부,공동주택,공동주택,216.2,129.65,319.88,20221222,4,0,서울특별시 노원구 월계동 534-75번지
11350,10200,0,0534,0076,영화궁전빌,,표제부,공동주택,다세대주택,216.1,129.19,599.11,20021220,4,1,서울특별시 노원구 월계동 534-76번지
11350,10200,0,0534,0077,,,일반건축물,단독주택,다가구용단독주택(5가구),273.13,144.23,354.78,19931230,2,1,서울특별시 노원구 월계동 534-77번지
11350,10200,0,0534,0078,,,일반건축물,단독주택,다가구주택(11가구),251.05,147.79,573.23,19940711,3,1,서울특별시 노원구 월계동 534-78번지
11350,10200,0,0534,0079,,,일반건축물,단독주택,다가구용단독주택(10가구),0,79.2,249.6,19910708,2,1,서울특별시 노원구 월계동 534-79번지
11350,10200,0,0534,0080,,,표제부,공동주택,다세대주택,223.69,120.02,454.88,19951218,4,1,서울특별시 노원구 월계동 534-80번지
11350,10200,0,0534,0081,,,일반건축물,제2종근린생활시설,근린생활시설,0,87.14,166.16,19771222,2,1,서울특별시 노원구 월계동 534-81번지
11350,10200,0,0534,0082,,,표제부,공동주택,다세대주택,190.68,113.94,402.84,19961107,3,1,서울특별시 노원구 월계동 534-82번지
11350,10200,0,0534,0083,,,일반건축물,단독주택,다가구용단독주택(14가구),0,168.38,659.79,19911230,3,1,서울특별시 노원구 월계동 534-83번지
11350,10200,0,0534,0084,,,일반건축물,단독주택,주택,0,90.28,249.18,19721226,3,1,서울특별시 노원구 월계동 534-84번지
11350,10200,0,0534,0085,,,표제부,공동주택,다세대주택,218.7,130.97,511.42,19961217,3,1,서울특별시 노원구 월계동 534-85번지
11350,10200,0,0534,0086,,,표제부,공동주택,다세대주택,205.44,121.38,590.94,20020524,4,1,서울특별시 노원구 월계동 534-86번지
11350,10200,0,0534,0087,,,일반건축물,단독주택,주택,0,49.59,54.65,19721116,1,1,서울특별시 노원구 월계동 534-87번지
11350,10200,0,0534,0088,,,일반건축물,단독주택,다가구주택(9가구),211.1,122.06,472.9,19960426,3,1,서울특별시 노원구 월계동 534-88번지
11350,10200,0,0534,0089,,,표제부,공동주택,다세대주택,216.59,128.52,508.14,19960418,3,1,서울특별시 노원구 월계동 534-89번지
11350,10200,0,0534,0090,,,일반건축물,단독주택,"주택, 차고",0,81.92,170.45,19711222,2,1,서울특별시 노원구 월계동 534-90번지
11350,10200,0,0534,0091,,,일반건축물,단독주택,주택,0,95.21,223.78,19791124,2,1,서울특별시 노원구 월계동 534-91번지
11350,10200,0,0534,0092,,,표제부,공동주택,다세대주택(10_,159,95.34,424.26,19930830,4,1,서울특별시 노원구 월계동 534-92번지
11350,10200,0,0534,0093,정은아트빌,,표제부,공동주택,다세대주택,228,136.77,637.35,20030605,4,1,서울특별시 노원구 월계동 534-93번지
11350,10200,0,0534,0094,,,일반건축물,단독주택,주택,0,89.95,164.56,19780303,2,1,서울특별시 노원구 월계동 534-94번지
11350,10200,0,0534,0096,,,일반건축물,종교시설,종교시설(수도원),1279,752.02,2840.5,20190701,4,1,서울특별시 노원구 월계동 534-96번지
11350,10200,0,0534,0102,,,일반건축물,단독주택,"주택, 근린생활시설",0,128.67,196.52,19730827,2,1,서울특별시 노원구 월계동 534-102번지
11350,10200,0,0534,0103,,,일반건축물,단독주택,주택(5가구),0,67.32,210.96,19901023,2,1,서울특별시 노원구 월계동 534-103번지
11350,10200,0,0534,0104,,,일반건축물,단독주택,주택,0,67.98,133.46,19711130,2,1,서울특별시 노원구 월계동 534-104번지
11350,10200,0,0534,0105,덕산 SUN 빌리지,,표제부,공동주택,공동주택(다세대),278,165.4,769.18,20190709,4,1,서울특별시 노원구 월계동 534-105번지
11350,10200,0,0534,0106,한솔드림빌,,표제부,공동주택,다세대주택,231,136.76,610.04,20011124,4,1,서울특별시 노원구 월계동 534-106번지
11350,10200,0,0534,0107,한솔하이츠,,표제부,공동주택,다세대주택,235,140.88,633.77,20010927,4,1,서울특별시 노원구 월계동 534-107번지
11350,10200,0,0534,0108,,,일반건축물,단독주택,주택,122,69.42,150.13,19971009,2,1,서울특별시 노원구 월계동 534-108번지
11350,10200,0,0534,0109,,,일반건축물,단독주택,주택,0,63.93,75.37,19771027,1,1,서울특별시 노원구 월계동 534-109번지
11350,10200,0,0534,0110,,,일반건축물,단독주택,"근린생활시설, 주택",0,53.82,166.56,19901214,2,1,서울특별시 노원구 월계동 534-110번지
11350,10200,0,0534,0111,,,일반건축물,단독주택,주택,116,66.41,97.48,19731228,1,1,서울특별시 노원구 월계동 534-111번지
11350,10200,0,0534,0112,,,일반건축물,단독주택,주택,0,102.65,204.77,19781102,2,1,서울특별시 노원구 월계동 534-112번지
11350,10200,0,0534,0113,,,표제부,공동주택,다세대주택,212,126.2,605.82,20020730,4,1,서울특별시 노원구 월계동 534-113번지
11350,10200,0,0534,0114,자인빌,,표제부,공동주택,공동주택(다세대주택),195,102.38,390.82,20100304,4,1,서울특별시 노원구 월계동 534-114번지
11350,10200,0,0534,0115,우진빌라,,표제부,공동주택,다세대주택,197,105.32,295.15,20111229,4,0,서울특별시 노원구 월계동 534-115번지
11350,10200,0,0534,0116,,,일반건축물,단독주택,주택,0,110.84,154.91,19741227,2,1,서울특별시 노원구 월계동 534-116번지
11350,10200,0,0534,0117,,,일반건축물,단독주택,다가구용단독주택(8),221,132.36,529.44,19970707,3,1,서울특별시 노원구 월계동 534-117번지
11350,10200,0,0534,0118,숲속그린빌,,표제부,공동주택,공동주택(다세대주택),137.63,73.87,275.03,20170616,6,0,서울특별시 노원구 월계동 534-118번지
11350,10200,0,0534,0119,,,표제부,공동주택,다세대주택,0,130.08,602.91,19911130,4,1,서울특별시 노원구 월계동 534-119번지
11350,10200,0,0534,0120,,,표제부,공동주택,다세대주택,0,112.64,563.2,19911223,4,1,서울특별시 노원구 월계동 534-120번지
11350,10200,0,0534,0121,진영캐스빌,,표제부,공동주택,다세대주택,235,140.78,469.84,20110810,5,0,서울특별시 노원구 월계동 534-121번지
11350,10200,0,0534,0122,,,표제부,제1종근린생활시설,"근린생활시설,다세대주택",251,150.06,661.28,19941230,4,1,서울특별시 노원구 월계동 534-122번지
11350,10200,0,0534,0123,,,일반건축물,단독주택,"주택, 차고",0,105.23,201.06,19781228,2,1,서울특별시 노원구 월계동 534-123번지
11350,10200,0,0534,0124,,,표제부,공동주택,다세대주택,235,138.34,489.44,19980210,3,1,서울특별시 노원구 월계동 534-124번지
11350,10200,0,0534,0125,라인빌,,표제부,공동주택,공동주택(다세대주택),252,150.05,499.59,20180502,5,0,서울특별시 노원구 월계동 534-125번지
11350,10200,0,0534,0127,,,일반건축물,단독주택,단독주택,119,66,147.49,20191023,2,1,서울특별시 노원구 월계동 534-127번지
11350,10200,0,0534,0129,월계동 534-129 공동주택,,표제부,공동주택,다세대주택,264,154.14,527.89,20081031,5,0,서울특별시 노원구 월계동 534-129번지
11350,10200,0,0534,0132,,,표제부,공동주택,다세대주택,269.41,160,769.16,20020917,4,1,서울특별시 노원구 월계동 534-132번지
11350,10200,0,0534,0133,,,표제부,공동주택,다세대주택,426,240.52,1179.32,20170303,6,1,서울특별시 노원구 월계동 534-133번지
11350,10200,0,0534,0135,,,일반건축물,단독주택,다가구용단독주택(6가구),0,103.68,311.58,19901210,2,1,서울특별시 노원구 월계동 534-135번지
11350,10200,0,0534,0136,,,표제부,공동주택,다세대주택,0,101.28,303.28,19910530,2,1,서울특별시 노원구 월계동 534-136번지
11350,10200,0,0534,0137,,,일반건축물,노유자시설,노유자시설(영유아보육시설),215,128.59,428.8,20120808,4,0,서울특별시 노원구 월계동 534-137번지
11350,10200,0,0534,0138,금강팰리스,,표제부,공동주택,도시형생활주택 단지형다세대,393,196.35,659.16,20150130,6,0,서울특별시 노원구 월계동 534-138번지
11350,10200,0,0534,0139,,,일반건축물,단독주택,다가구주택,208,124.16,365.88,20150722,4,0,서울특별시 노원구 월계동 534-139번지
11350,10200,0,0534,0140,,,표제부,공동주택,다세대주택,245,146.74,659.97,19931229,4,1,서울특별시 노원구 월계동 534-140번지
11350,10200,0,0534,0143,,,표제부,공동주택,다세대주택,234,140.11,658.84,20011129,4,1,서울특별시 노원구 월계동 534-143번지
11350,10200,0,0534,0144,,,표제부,공동주택,공동주택(다세대주택),225,133.62,424.28,20090616,5,0,서울특별시 노원구 월계동 534-144번지
11350,10200,0,0534,0145,,,표제부,공동주택,"다세대주택,근린생활시설",241,143.84,532.41,19971201,3,1,서울특별시 노원구 월계동 534-145번지
11350,10200,0,0534,0146,성도아트빌,,표제부,공동주택,다세대주택,324,188.44,895.24,20030623,4,1,서울특별시 노원구 월계동 534-146번지
11350,10200,0,0534,0148,,,일반건축물,제1종근린생활시설,"주택, 근린생활시설",0,170.25,972,19910706,5,1,서울특별시 노원구 월계동 534-148번지
11350,10200,0,0534,0151,,,일반건축물,제1종근린생활시설,"다가구용단독주택(4), 근린생활시설",0,135.02,578.73,19901229,3,1,서울특별시 노원구 월계동 534-151번지
11350,10200,0,0534,0152,,,표제부,공동주택,다세대주택,0,60.66,181.5,19871006,2,1,서울특별시 노원구 월계동 534-152번지
11350,10200,0,0534,0153,,,표제부,공동주택,다세대주택,0,109.77,329.31,19880525,2,1,서울특별시 노원구 월계동 534-153번지
11350,10200,0,0534,0154,,,표제부,공동주택,다세대주택,326,148.19,659.1,19940910,4,1,서울특별시 노원구 월계동 534-154번지
11350,10200,0,0534,0155,,,표제부,공동주택,다세대주택,0,89.1,267.3,19900811,2,1,서울특별시 노원구 월계동 534-155번지
11350,10200,0,0534,0155,,,표제부,공동주택,다세대주택,0,44.17,132.51,19900811,2,1,서울특별시 노원구 월계동 534-155번지
11350,10200,0,0534,0156,,,일반건축물,단독주택,주택,0,109.29,125.26,19720303,1,1,서울특별시 노원구 월계동 534-156번지
11350,10200,0,0534,0157,,,표제부,공동주택,다세대주택,0,101.25,303.75,19910802,2,1,서울특별시 노원구 월계동 534-157번지
11350,10200,0,0534,0160,,,일반건축물,단독주택,다가구용단독주택(4가구),0,90.6,249.63,19901113,2,1,서울특별시 노원구 월계동 534-160번지
11350,10200,0,0534,0161,,,표제부,공동주택,공동주택(다세대주택),205,122.37,645.18,20210509,5,2,서울특별시 노원구 월계동 534-161번지
11350,10200,0,0534,0169,,,일반건축물,제2종근린생활시설,제2종근린생활시설,139,69.39,128.57,19780725,2,1,서울특별시 노원구 월계동 534-169번지
11350,10200,0,0534,0170,,,일반건축물,제2종근린생활시설,"주택, 근린생활시설",0,0,489.57,19891017,3,1,서울특별시 노원구 월계동 534-170번지
11350,10200,0,0534,0178,,,일반건축물,단독주택,주택,0,80.99,149.02,19791203,1,1,서울특별시 노원구 월계동 534-178번지
11350,10200,0,0534,0179,하이서울빌,,표제부,공동주택,다세대주택,265.5,133.54,523.86,20080904,4,1,서울특별시 노원구 월계동 534-179번지
11350,10200,0,0534,0180,,,일반건축물,단독주택,주택,0,84.03,99.83,19780619,1,1,서울특별시 노원구 월계동 534-180번지
11350,10200,0,0534,0181,풀내음파크빌,,표제부,공동주택,공동주택(다세대주택),170.07,102,462.81,20120416,4,2,서울특별시 노원구 월계동 534-181번지
11350,10200,0,0534,0182,,,표제부,공동주택,다세대주택,0,109.32,327.96,19860822,2,1,서울특별시 노원구 월계동 534-182번지
11350,10200,0,0534,0183,,,일반건축물,단독주택,주택,0,207.24,534.3,19830825,2,1,서울특별시 노원구 월계동 534-183번지
11350,10200,0,0534,0184,풀내음파크빌,,표제부,공동주택,다세대주택,185,110.96,276.33,20120427,4,0,서울특별시 노원구 월계동 534-184번지
11350,10200,0,0534,0186,조은주택,,표제부,공동주택,공동주택(다세대주택),399,201.7,820.32,20180619,4,1,서울특별시 노원구 월계동 534-186번지
11350,10200,0,0534,0188,파파스빌,,표제부,공동주택,다세대주택,118.54,70.98,335.76,20040325,4,1,서울특별시 노원구 월계동 534-188번지
11350,10200,0,0534,0189,,,일반건축물,단독주택,다가구용단독주택(5가구),0,103.23,309.69,19900913,2,1,서울특별시 노원구 월계동 534-189번지
11350,10200,0,0534,0190,,,일반건축물,단독주택,단독주택,0,81.72,245.16,19900707,2,1,서울특별시 노원구 월계동 534-190번지
11350,10200,0,0534,0191,,,표제부,공동주택,다세대주택,0,112.38,527.46,19920319,4,1,서울특별시 노원구 월계동 534-191번지
11350,10200,0,0534,0192,,,표제부,공동주택,공동주택(도시형생활주택(단지형다세대주택)),410,207.88,647.22,20200626,5,0,서울특별시 노원구 월계동 534-192번지
11350,10200,0,0534,0193,,,일반건축물,단독주택,주택,0,52.56,157.68,19830308,2,1,서울특별시 노원구 월계동 534-193번지
11350,10200,0,0534,0195,,,일반건축물,단독주택,다가구용단독주택(4가구),0,58.42,169.5,19900414,2,1,서울특별시 노원구 월계동 534-195번지
11350,10200,0,0534,0196,,,일반건축물,단독주택,주택,0,54.41,54.41,19710701,1,0,서울특별시 노원구 월계동 534-196번지
11350,10200,0,0534,0197,,,일반건축물,단독주택,다가구용단독주택(5가구),142,85.16,247.2,19960712,2,1,서울특별시 노원구 월계동 534-197번지
11350,10200,0,0534,0198,,,일반건축물,단독주택,주택,0,70.78,76.76,19741230,1,1,서울특별시 노원구 월계동 534-198번지
11350,10200,0,0534,0199,,,일반건축물,단독주택,다가구용단독주택(3가구),0,64.29,197.01,19911106,2,1,서울특별시 노원구 월계동 534-199번지
11350,10200,0,0534,0202,,,일반건축물,단독주택,주택,0,42.55,47.57,19720826,1,1,서울특별시 노원구 월계동 534-202번지
11350,10200,0,0534,0204,,,일반건축물,단독주택,다가구주택(7가구),143.5,85.44,298.72,19940810,3,1,서울특별시 노원구 월계동 534-204번지
11350,10200,0,0534,0205,,,일반건축물,단독주택,주택,109,77.26,107.81,19721116,1,1,서울특별시 노원구 월계동 534-205번지
11350,10200,0,0534,0208,월계동 레몬트리,,표제부,공동주택,다세대주택(도시형생활주택-단지형다세대),367.34,184.36,814.7,20150429,5,1,서울특별시 노원구 월계동 534-208번지
11350,10200,0,0534,0209,,,일반건축물,단독주택,"주택, 제1종근린생활시설",0,64.3,103.44,19771020,1,1,서울특별시 노원구 월계동 534-209번지
11350,10200,0,0534,0210,,,일반건축물,단독주택,주택,0,58.48,67.84,19740629,1,1,서울특별시 노원구 월계동 534-210번지
11350,10200,0,0534,0211,,,표제부,공동주택,다세대주택,257,141.66,633.06,19970802,4,1,서울특별시 노원구 월계동 534-211번지
11350,10200,0,0534,0212,,,일반건축물,단독주택,주택,0,77.32,114.01,19771012,1,1,서울특별시 노원구 월계동 534-212번지
11350,10200,0,0534,0213,,,일반건축물,단독주택,주택,0,57.49,70.45,19741101,1,1,서울특별시 노원구 월계동 534-213번지
11350,10200,0,0534,0216,영진주택,,표제부,공동주택,다세대주택,301,169.46,652.81,19980331,4,1,서울특별시 노원구 월계동 534-216번지
11350,10200,0,0534,0218,,,일반건축물,단독주택,단독주택,155,90.37,122.66,20020730,1,1,서울특별시 노원구 월계동 534-218번지
11350,10200,0,0534,0219,,,표제부,공동주택,다세대주택,124.8,74.82,274.35,19971014,3,1,서울특별시 노원구 월계동 534-219번지
11350,10200,0,0534,0221,허니하우스,,표제부,공동주택,다세대주택,202,121.1,454.24,20030520,4,0,서울특별시 노원구 월계동 534-221번지
11350,10200,0,0534,0224,,,일반건축물,단독주택,주택,0,74.88,82.28,19780404,1,1,서울특별시 노원구 월계동 534-224번지
11350,10200,0,0534,0229,,,일반건축물,단독주택,주택,0,68.2,82.58,19771025,1,1,서울특별시 노원구 월계동 534-229번지
11350,10200,0,0534,0231,,,일반건축물,단독주택,주택,0,58.38,128.63,19771219,2,1,서울특별시 노원구 월계동 534-231번지
11350,10200,0,0534,0251,,,일반건축물,단독주택,주택,0,81.39,210.09,19800820,2,1,서울특별시 노원구 월계동 534-251번지
11350,10200,0,0534,0259,,,표제부,공동주택,다세대주택,0,81.44,244.32,19870706,2,1,서울특별시 노원구 월계동 534-259번지
11350,10200,0,0534,0260,,,일반건축물,단독주택,주택,0,53.26,159.78,19830912,2,1,서울특별시 노원구 월계동 534-260번지
11350,10200,0,0540,0002,J Building,,일반건축물,제2종근린생활시설,제2종근린생활시설,681.2,105.84,340.56,20240129,4,0,서울특별시 노원구 월계동 540-2번지
11350,10200,0,0541,0001,고압가스충전소,,일반건축물,위험물저장및처리시설,위험물저장및처리시설,0,50,50,20010926,1,0,서울특별시 노원구 월계동 541-1번지
11350,10200,0,0541,0001,삼화상운주식회사,,일반건축물,제2종근린생활시설,"사무실, 기숙사",0,277.2,831.6,19881127,2,1,서울특별시 노원구 월계동 541-1번지
11350,10200,0,0544,0000,월계동 544,,일반건축물,제1종근린생활시설,제1종근린생활시설(전기자동차충전소),431,55.44,55.44,20250808,1,0,서울특별시 노원구 월계동 544번지
11350,10200,0,0554,0000,,,일반건축물,문화및집회시설,문화및집회시설,694.6,370.34,1136.99,19931201,3,1,서울특별시 노원구 월계동 554번지
11350,10200,0,0555,0000,각심어린이공원화장실,,일반건축물,제1종근린생활시설,화장실,4664,21,21,20190720,1,0,서울특별시 노원구 월계동 555번지
11350,10200,0,0556,0000,월계2단지주공(아),,표제부,공동주택,아파트,0,687.62,10656.16,19921030,15,1,서울특별시 노원구 월계동 556번지
11350,10200,0,0556,0000,월계2단지주공(아),,표제부,공동주택,아파트,0,410.38,6296.998,19921030,15,1,서울특별시 노원구 월계동 556번지
11350,10200,0,0556,0000,월계2단지주공(아),,표제부,공동주택,아파트,0,609.09,9700.84,19921030,15,1,서울특별시 노원구 월계동 556번지
11350,10200,0,0556,0000,월계2단지주공(아),,표제부,공동주택,아파트,0,317.34,4893.26,19930601,15,1,서울특별시 노원구 월계동 556번지
11350,10200,0,0556,0000,월계2단지주공(아),,표제부,공동주택,아파트,0,687.62,10656.16,19921030,15,1,서울특별시 노원구 월계동 556번지
11350,10200,0,0556,0000,월계1단지주공영구임대아파트,,표제부,공동주택,생활시설,0,241.9,598.35,19921119,2,1,서울특별시 노원구 월계동 556번지
11350,10200,0,0556,0000,월계1단지주공영구임대아파트,,표제부,공동주택,아파트,0,657.24,10497.98,19921119,15,1,서울특별시 노원구 월계동 556번지
11350,10200,0,0556,0000,월계2단지주공(아),,표제부,공동주택,아파트,0,609.09,9700.84,19921030,15,1,서울특별시 노원구 월계동 556번지
11350,10200,0,0556,0000,월계2단지주공(아),,표제부,공동주택,아파트,0,310.1,4782.15,19921109,15,1,서울특별시 노원구 월계동 556번지
11350,10200,0,0556,0000,월계1단지주공영구임대아파트,,표제부,공동주택,아파트,0,898.2,14042.38,19921119,15,1,서울특별시 노원구 월계동 556번지
11350,10200,0,0556,0000,월계1단지주공영구임대아파트,,표제부,공동주택,아파트,0,898.2,14042.38,19921119,15,1,서울특별시 노원구 월계동 556번지
11350,10200,0,0556,0000,월계2단지주공(아),,표제부,공동주택,아파트,0,609.09,9700.84,19921030,15,1,서울특별시 노원구 월계동 556번지
11350,10200,0,0556,0000,월계1단지주공영구임대(아),,표제부,공동주택,"사회복지시설,관리소",0,1156.35,4492.8,19921119,3,1,서울특별시 노원구 월계동 556번지
11350,10200,0,0556,0000,월계1단지주공영구임대아파트,,표제부,공동주택,아파트,0,373.77,5941.16,19930831,15,1,서울특별시 노원구 월계동 556번지
11350,10200,0,0556,0000,월계2단지주공(아),,표제부,공동주택,공중변소,0,33.35,33.35,19921030,1,0,서울특별시 노원구 월계동 556번지
11350,10200,0,0556,0000,월계2단지주공(아),,표제부,공동주택,아파트,0,634.68,9786.52,19930601,15,1,서울특별시 노원구 월계동 556번지
11350,10200,0,0556,0000,월계2단지주공(아),,표제부,공동주택,아파트,0,310.1,4782.15,19921109,15,1,서울특별시 노원구 월계동 556번지
11350,10200,0,0556,0000,월계2단지주공(아),,표제부,공동주택,아파트,0,609.09,9700.84,19921030,15,1,서울특별시 노원구 월계동 556번지
11350,10200,0,0556,0000,월계2단지주공(아),,표제부,공동주택,"관리소,노인정,입주자회의소",0,415.08,1924.04,19921030,3,1,서울특별시 노원구 월계동 556번지
11350,10200,0,0556,0000,월계2단지주공(아),,표제부,공동주택,아파트,0,410.38,6296.998,19921030,15,1,서울특별시 노원구 월계동 556번지
11350,10200,0,0556,0000,월계1단지주공영구임대아파트,,표제부,공동주택,아파트,0,657.24,10497.98,19921119,15,1,서울특별시 노원구 월계동 556번지
11350,10200,0,0556,0000,월계2단지주공(아),,표제부,공동주택,아파트,0,310.1,4782.15,19921030,15,1,서울특별시 노원구 월계동 556번지
11350,10200,0,0556,0000,월계1단지주공영구임대(아),,표제부,공동주택,공중변소,0,33.35,33.35,19921119,1,0,서울특별시 노원구 월계동 556번지
11350,10200,0,0556,0000,월계1단지주공영구임대아파트,,표제부,공동주택,아파트,0,898.21,14013.65,19921119,15,1,서울특별시 노원구 월계동 556번지
11350,10200,0,0556,0000,월계2단지주공(아),,표제부,공동주택,공중변소,0,33.35,33.35,19921109,1,0,서울특별시 노원구 월계동 556번지
11350,10200,0,0556,0000,월계2단지주공(아),,표제부,공동주택,아파트,0,687.62,10656.16,19921030,15,1,서울특별시 노원구 월계동 556번지
11350,10200,0,0556,0000,월계2단지주공(아),,표제부,공동주택,아파트,0,410.38,6296.998,19921030,15,1,서울특별시 노원구 월계동 556번지
11350,10200,0,0556,0000,월계1단지주공영구임대아파트,,표제부,공동주택,아파트,0,657.24,10497.98,19930831,15,1,서울특별시 노원구 월계동 556번지
11350,10200,0,0556,0000,월계1단지주공영구임대아파트,,표제부,제1종근린생활시설,구매생활시설,0,682.39,2054.09,19921119,2,1,서울특별시 노원구 월계동 556번지
11350,10200,0,0556,0000,월계2단지주공(아),,표제부,공동주택,아파트,0,930.3,14346.45,19921030,15,1,서울특별시 노원구 월계동 556번지
11350,10200,0,0556,0000,월계1단지주공영구임대아파트,,표제부,공동주택,아파트,0,898.21,14013.65,19921119,15,1,서울특별시 노원구 월계동 556번지
11350,10200,0,0557,0000,월계2단지주공아파트,,표제부,제1종근린생활시설,판매시설,0,148.34,167.88,19921030,1,1,서울특별시 노원구 월계동 557번지
11350,10200,0,0558,0000,,,일반건축물,종교시설,문화및집회시설,0,46.86,74.56,20041215,2,0,서울특별시 노원구 월계동 558번지
11350,10200,0,0558,0000,,,일반건축물,종교시설,문화및집회시설,676.9,332.86,491.86,20041215,2,0,서울특별시 노원구 월계동 558번지
11350,10200,0,0561,0000,월계초등학교,,일반건축물,교육연구시설,교육연구시설,10907.9,1275.5,4746.5,19940321,4,1,서울특별시 노원구 월계동 561번지
11350,10200,0,0561,0000,월계초등학교,,일반건축물,교육연구시설,교육연구시설,10907.9,1155,2895.36,20230610,2,1,서울특별시 노원구 월계동 561번지
11350,10200,0,0561,0000,,,일반건축물,교육연구시설,보일러실,0,9,9,,1,0,서울특별시 노원구 월계동 561번지
11350,10200,0,0562,0000,월계아파트형공장,,표제부,공장,"공장, 생활시설",3087.7,1156.19,9987.37,19941219,9,1,서울특별시 노원구 월계동 562번지
11350,10200,0,0566,0005,월계구민체육센터,,일반건축물,운동시설,운동시설,260918,2381.02,7999.52,20170731,3,2,서울특별시 노원구 월계동 566-5번지
11350,10200,0,0568,0002,,,일반건축물,제1종근린생활시설,"제1,2종근린생활시설",385,76.88,153.76,20040205,2,0,서울특별시 노원구 월계동 568-2번지
11350,10200,0,0574,0000,,,일반건축물,제2종근린생활시설,"근린생활시설, 자동차관련시설",0,130.14,650.86,19900723,3,1,서울특별시 노원구 월계동 574번지
11350,10200,0,0575,0000,,,일반건축물,단독주택,단독주택,241,19.76,19.76,20180528,1,0,서울특별시 노원구 월계동 575번지
11350,10200,0,0581,0000,,,일반건축물,제2종근린생활시설,"근린생활시설, 주택",0,0,199.78,19530330,1,0,서울특별시 노원구 월계동 581번지
11350,10200,0,0581,0000,월계2단지주공아파트,,표제부,제1종근린생활시설,"구매생활시설,근린생활시설",0,438.65,1344.17,19921030,2,1,서울특별시 노원구 월계동 581번지
11350,10200,0,0582,0000,월계4지구주공아파트 2단지,,표제부,제2종근린생활시설,근린생활시설,800,398.53,2350.26,19930907,4,1,서울특별시 노원구 월계동 582번지
11350,10200,0,0596,0000,,,일반건축물,제1종근린생활시설,파출소,0,63.86,127.72,19920330,2,0,서울특별시 노원구 월계동 596번지
11350,10200,0,0597,0000,,,일반건축물,제1종근린생활시설,근린공공시설(우체국),0,0,310.84,19921116,2,1,서울특별시 노원구 월계동 597번지
11350,10200,0,0598,0000,월계도서관,,일반건축물,교육연구시설,교육연구시설,701.1,402.24,1981.44,20071001,4,1,서울특별시 노원구 월계동 598번지
11350,10200,0,0599,0000,,,일반건축물,제1종근린생활시설,소방파출소(월계),701.2,219.69,598.98,19931119,3,1,서울특별시 노원구 월계동 599번지
11350,10200,0,0600,0000,,,일반건축물,제1종근린생활시설,공중변소,0,0,33.35,19921119,1,0,서울특별시 노원구 월계동 600번지
11350,10200,0,0602,0000,신계초등학교,,일반건축물,교육연구시설,교육연구시설,14593,1751.41,5602.86,19970203,4,1,서울특별시 노원구 월계동 602번지
11350,10200,0,0602,0000,신계초등학교,,일반건축물,교육연구시설,교육연구시설,0,840.06,1854.76,20111114,3,0,서울특별시 노원구 월계동 602번지
11350,10200,0,0602,0001,월계중학교,,일반건축물,교육연구시설,교육연구시설,0,986.8,2014.44,20111125,3,0,서울특별시 노원구 월계동 602-1번지
11350,10200,0,0602,0001,월계중학교,,일반건축물,교육연구시설,교육연구시설,0,1826.84,7377.49,19970203,5,0,서울특별시 노원구 월계동 602-1번지
11350,10200,0,0626,0006,,,일반건축물,자동차관련시설,자동차관련시설,0,103.68,103.68,19911014,1,0,서울특별시 노원구 월계동 626-6번지
11350,10200,0,0626,0013,,,일반건축물,자동차관련시설,자동차관련시설,1270,238.35,632.76,20190131,3,0,서울특별시 노원구 월계동 626-13번지
11350,10200,0,0635,0004,그랑디오피스텔,,표제부,업무시설,"업무시설(오피스텔),근린생활시설",2344,1129.89,9996.39,20021230,8,2,서울특별시 노원구 월계동 635-4번지
11350,10200,0,0648,0000,인덕대학,,일반건축물,교육연구시설,교육연구시설(학교),0,1250.32,6400.18,19951130,6,0,서울특별시 노원구 월계동 648번지
11350,10200,0,0648,0000,인덕대학,,일반건축물,교육연구시설,교육연구시설(학교),0,1316.48,6784.46,19921228,5,0,서울특별시 노원구 월계동 648번지
11350,10200,0,0648,0000,인덕대학,,일반건축물,교육연구시설,교육연구시설(학교),0,1533.85,7584.95,19990907,5,1,서울특별시 노원구 월계동 648번지
11350,10200,0,0648,0000,인덕대학,,일반건축물,교육연구시설,교육연구시설(학교),0,1227.57,6344.47,19920221,5,0,서울특별시 노원구 월계동 648번지
11350,10200,0,0648,0000,인덕대학,,일반건축물,교육연구시설,교육연구시설(경비실),0,41.4,41.4,20111208,1,0,서울특별시 노원구 월계동 648번지
11350,10200,0,0648,0000,인덕대학,,일반건축물,교육연구시설,교육연구시설및복지시설,0,1405.49,9158.96,19950221,9,1,서울특별시 노원구 월계동 648번지
11350,10200,0,0648,0000,인덕대학,,일반건축물,교육연구시설,교육연구시설(학교),0,546.4,2169.4,19890929,3,1,서울특별시 노원구 월계동 648번지
11350,10200,0,0648,0000,인덕대학,,일반건축물,교육연구시설,교육연구시설,0,12.69,12.69,20111208,1,0,서울특별시 노원구 월계동 648번지
11350,10200,0,0648,0000,인덕대학,,일반건축물,교육연구시설,교육연구시설,0,194.51,194.51,20111208,1,0,서울특별시 노원구 월계동 648번지
11350,10200,0,0648,0000,인덕대학,,일반건축물,교육연구시설,교육연구시설(학교),0,690.58,982.52,19760529,2,1,서울특별시 노원구 월계동 648번지
11350,10200,0,0648,0000,인덕대학,,일반건축물,교육연구시설,교육연구시설(학교),0,1208,5398,19980915,6,1,서울특별시 노원구 월계동 648번지
11350,10200,0,0648,0000,인덕대학,,일반건축물,교육연구시설,교육연구시설,0,2662.13,19850.08,20090818,8,2,서울특별시 노원구 월계동 648번지
11350,10200,0,0648,0000,인덕대학,,일반건축물,교육연구시설,교육연구시설,0,625.9,18352.83,20111208,1,2,서울특별시 노원구 월계동 648번지
11350,10200,0,0648,0007,,,일반건축물,교육연구시설,교육연구및복지시설,0,284.72,854.16,20040802,4,0,서울특별시 노원구 월계동 648-7번지
11350,10200,0,0648,0007,,,일반건축물,교육연구시설,교육연구및복지시설,0,704.7,1395.9,19760519,2,1,서울특별시 노원구 월계동 648-7번지
11350,10200,0,0648,0007,,,일반건축물,교육연구시설,교육연구및복지시설,0,9.9,9.9,19830728,1,0,서울특별시 노원구 월계동 648-7번지
11350,10200,0,0648,0007,,,일반건축물,교육연구시설,교육연구및복지시설,0,71.25,71.25,19951130,1,0,서울특별시 노원구 월계동 648-7번지
11350,10200,0,0648,0007,,,일반건축물,교육연구시설,교육연구및복지시설,0,230.29,230.29,19990917,1,0,서울특별시 노원구 월계동 648-7번지
11350,10200,0,0648,0007,,,일반건축물,교육연구시설,교육연구및복지시설,0,607.5,1215,20020403,2,0,서울특별시 노원구 월계동 648-7번지
11350,10200,0,0648,0007,,,일반건축물,교육연구시설,교육연구및복지시설,0,799.97,1599.94,19720921,2,0,서울특별시 노원구 월계동 648-7번지
11350,10200,0,0648,0007,,,일반건축물,교육연구시설,교육연구및복지시설,0,1865.22,6831.29,19720817,4,1,서울특별시 노원구 월계동 648-7번지
11350,10200,0,0655,0007,,,일반건축물,단독주택,단독주택(다중주택),152,88.96,299.6,20130628,3,1,서울특별시 노원구 월계동 655-7번지
11350,10200,0,0655,0008,,,표제부,공동주택,도시형생활주택(원룸형),315.6,188.16,631.05,20130508,5,0,서울특별시 노원구 월계동 655-8번지
11350,10200,0,0655,0010,,,표제부,공동주택,다세대주택(도시형생활주택),155,92.66,312.34,20120228,4,0,서울특별시 노원구 월계동 655-10번지
11350,10200,0,0655,0011,,,일반건축물,제1종근린생활시설,"주택, 근린생활시설",0,68.04,270.7,19760604,2,1,서울특별시 노원구 월계동 655-11번지
11350,10200,0,0655,0012,,,일반건축물,제1종근린생활시설,"근린생활시설,단독주택",385.85,224.65,966.67,20181212,5,1,서울특별시 노원구 월계동 655-12번지
11350,10200,0,0655,0014,,,일반건축물,제1종근린생활시설,"주택, 근린생활시설",0,74.1,324.9,19910212,3,1,서울특별시 노원구 월계동 655-14번지
11350,10200,0,0656,0029,,,표제부,공동주택,연립주택,0,449.94,1799.64,19840411,3,1,서울특별시 노원구 월계동 656-29번지
11350,10200,0,0657,0002,,,일반건축물,제2종근린생활시설,근린생활시설,0,98.04,284.94,19750812,3,1,서울특별시 노원구 월계동 657-2번지
11350,10200,0,0657,0003,,,일반건축물,단독주택,주택,0,90.31,155.23,19781222,2,1,서울특별시 노원구 월계동 657-3번지
11350,10200,0,0660,0001,,,일반건축물,단독주택,주택,0,179.28,210.44,19660811,2,0,서울특별시 노원구 월계동 660-1번지
11350,10200,0,0660,0006,,,일반건축물,운동시설,운동시설,5146.26,546.46,2122.84,20021028,3,1,서울특별시 노원구 월계동 660-6번지
11350,10200,0,0700,0003,경원선녹천남부역사,,일반건축물,운수시설,운수시설(철도역사),6035,688,951.42,19851021,3,0,서울특별시 노원구 월계동 700-3번지
11350,10200,0,0748,0010,,,일반건축물,자동차관련시설,자동차관련시설(운전학원),1510,231.4,400,19970401,2,0,서울특별시 노원구 월계동 748-10번지
11350,10200,0,0749,0002,,,일반건축물,단독주택,주택,0,0,52.89,,1,0,서울특별시 노원구 월계동 749-2번지
11350,10200,0,0749,0007,초안산캠핑장,,일반건축물,관광휴게시설,관광휴게시설(공원유원지),0,52.47,47.84,20170519,1,0,서울특별시 노원구 월계동 749-7번지
11350,10200,0,0749,0007,초안산캠핑장,,일반건축물,관광휴게시설,관광휴게시설(공원유원지),0,16.38,16.38,20170519,1,0,서울특별시 노원구 월계동 749-7번지
11350,10200,0,0749,0007,초안산캠핑장,,일반건축물,관광휴게시설,관광휴게시설(공원유원지),0,102.56,96.52,20170519,1,0,서울특별시 노원구 월계동 749-7번지
11350,10200,0,0749,0007,초안산캠핑장,,일반건축물,관광휴게시설,관광휴게시설(공원유원지),0,16.38,16.38,20170519,1,0,서울특별시 노원구 월계동 749-7번지
11350,10200,0,0749,0007,초안산캠핑장,,일반건축물,관광휴게시설,관광휴게시설(공원유원지),0,0,6,20170519,0,0,서울특별시 노원구 월계동 749-7번지
11350,10200,0,0749,0007,초안산캠핑장,,일반건축물,관광휴게시설,관광휴게시설(공원유원지),0,65.33,65.33,20170519,1,0,서울특별시 노원구 월계동 749-7번지
11350,10200,0,0749,0007,초안산캠핑장,,일반건축물,관광휴게시설,관광휴게시설(공원유원지),0,102.56,96.52,20170519,1,0,서울특별시 노원구 월계동 749-7번지
11350,10200,0,0749,0007,초안산캠핑장,,일반건축물,관광휴게시설,관광휴게시설(공원유원지),0,16.38,16.38,20170519,1,0,서울특별시 노원구 월계동 749-7번지
11350,10200,0,0766,0000,,,일반건축물,단독주택,"단독주택, 제2종근린생활시설",5052,490.27,403,19940130,1,0,서울특별시 노원구 월계동 766번지
11350,10200,0,0768,0000,,,일반건축물,단독주택,주택,0,23.14,23.14,,1,0,서울특별시 노원구 월계동 768번지
11350,10200,0,0774,0000,청백아파트,,표제부,노유자시설,노유자시설(노인복지시설),0,247.74,661.8,19980714,2,1,서울특별시 노원구 월계동 774번지
11350,10200,0,0774,0000,청백아파트,,표제부,공동주택,아파트,0,482.56,6734.24,19980714,15,1,서울특별시 노원구 월계동 774번지
11350,10200,0,0774,0000,청백아파트,,표제부,공동주택,아파트,0,530.28,7379.78,19980714,15,1,서울특별시 노원구 월계동 774번지
11350,10200,0,0774,0000,청백아파트,,표제부,공동주택,지하주차장,0,0,7456.95,19980714,0,1,서울특별시 노원구 월계동 774번지
11350,10200,0,0774,0000,청백아파트,,표제부,공동주택,아파트,0,600.88,8372.03,19980714,15,1,서울특별시 노원구 월계동 774번지
11350,10200,0,0774,0000,청백아파트,,표제부,공동주택,경비실,0,48,48,19980714,1,0,서울특별시 노원구 월계동 774번지
11350,10200,0,0774,0000,청백아파트,,표제부,공동주택,아파트,0,565.97,8025.32,19980714,15,1,서울특별시 노원구 월계동 774번지
11350,10200,0,0774,0000,청백아파트,,표제부,공동주택,아파트,0,708.82,9862.91,19980714,15,1,서울특별시 노원구 월계동 774번지
11350,10200,0,0774,0000,청백아파트,,표제부,공동주택,주민공동시설,0,0.01,482.76,19980714,2,1,서울특별시 노원구 월계동 774번지
11350,10200,0,0774,0000,청백아파트,,표제부,공동주택,아파트,0,492.94,6880.4,19980714,15,1,서울특별시 노원구 월계동 774번지
11350,10200,0,0774,0000,청백아파트,,표제부,공동주택,전기실,0,270.625,541.25,19980714,1,1,서울특별시 노원구 월계동 774번지
11350,10200,0,0774,0000,청백아파트,,표제부,공동주택,아파트,0,482.56,6689.69,19980714,15,1,서울특별시 노원구 월계동 774번지
11350,10200,0,0774,0000,청백아파트,,표제부,공동주택,아파트,0,492.67,6881.15,19980714,15,1,서울특별시 노원구 월계동 774번지
11350,10200,0,0774,0000,청백아파트,,표제부,제1종근린생활시설,"생활편익시설,2종근린생활시설,주민운동시설",0,320,908.8,19980714,2,2,서울특별시 노원구 월계동 774번지
11350,10200,0,0775,0000,월계대우아파트,,표제부,공동주택,공동주택(아파트),0,363.98,6297.16,19980729,20,1,서울특별시 노원구 월계동 775번지
11350,10200,0,0775,0000,월계대우아파트,,표제부,공동주택,경비실,0,9.36,9.36,19980729,1,0,서울특별시 노원구 월계동 775번지
11350,10200,0,0775,0000,월계대우아파트,,표제부,공동주택,지하주차장,0,0,14623.3,19980729,0,1,서울특별시 노원구 월계동 775번지
11350,10200,0,0775,0000,월계대우아파트,,표제부,제1종근린생활시설,"생활편익시설,의료시설",0,196.12,536.49,19980729,2,0,서울특별시 노원구 월계동 775번지
11350,10200,0,0775,0000,월계대우아파트,,표제부,공동주택,공동주택(아파트),0,308.32,4841.42,19980729,20,1,서울특별시 노원구 월계동 775번지
11350,10200,0,0775,0000,월계대우아파트,,표제부,공동주택,"공동주택(아파트),관리노인정",0,660.68,10970.9,19980729,20,1,서울특별시 노원구 월계동 775번지
11350,10200,0,0775,0000,월계대우아파트,,표제부,공동주택,기계.전기.발전기실,0,0,403,19980729,0,1,서울특별시 노원구 월계동 775번지
11350,10200,0,0775,0000,월계대우아파트,,표제부,공동주택,공동주택(아파트),0,363.98,6304.98,19980729,20,1,서울특별시 노원구 월계동 775번지
11350,10200,0,0775,0000,월계대우아파트,,표제부,공동주택,공동주택(아파트),0,308.32,4381.58,19980729,18,1,서울특별시 노원구 월계동 775번지
11350,10200,0,0775,0000,월계대우아파트,,표제부,공동주택,경비실,0,9.36,9.36,19980729,1,0,서울특별시 노원구 월계동 775번지
11350,10200,0,0775,0000,월계대우아파트,,표제부,공동주택,공동주택(아파트),0,308.32,3921.74,19980729,16,1,서울특별시 노원구 월계동 775번지
11350,10200,0,0775,0000,월계대우아파트,,표제부,공동주택,"공동주택(아파트),주민공동시설",0,660.68,10970.9,19980729,20,1,서울특별시 노원구 월계동 775번지
11350,10200,0,0775,0000,월계대우아파트,,표제부,공동주택,경비실,0,9.36,9.36,19980729,1,0,서울특별시 노원구 월계동 775번지
11350,10200,0,0776,0000,월계프라자,,표제부,판매시설,판매시설,2210,1311.83,8850.12,20070919,5,2,서울특별시 노원구 월계동 776번지
11350,10200,0,0777,0000,월계2동 주민센터,,일반건축물,업무시설,공공업무시설,999.6,499.35,2242.89,20041221,3,1,서울특별시 노원구 월계동 777번지
11350,10200,0,0778,0000,월계고등학교,,일반건축물,교육연구시설,교육연구시설,10108.7,3277.72,14865.73,20041012,6,1,서울특별시 노원구 월계동 778번지
11350,10200,0,0778,0000,월계고등학교,,일반건축물,교육연구시설,교육연구시설(체육시설),0,121.59,121.59,20100525,1,0,서울특별시 노원구 월계동 778번지
11350,10200,0,0780,0000,청백아파트,,표제부,공동주택,지하주차장,0,0,4460.35,19980810,0,1,서울특별시 노원구 월계동 780번지
11350,10200,0,0780,0000,청백아파트,,표제부,공동주택,아파트,0,778.41,11015.23,19980810,15,1,서울특별시 노원구 월계동 780번지
11350,10200,0,0780,0000,청백아파트,,표제부,공동주택,열교환실,0,0,125.76,19980810,0,1,서울특별시 노원구 월계동 780번지
11350,10200,0,0780,0000,청백아파트,,표제부,공동주택,아파트,0,745.09,10167.71,19980810,15,1,서울특별시 노원구 월계동 780번지
11350,10200,0,0780,0000,청백아파트,,표제부,공동주택,아파트,0,354.8,5002.33,19980810,15,1,서울특별시 노원구 월계동 780번지
11350,10200,0,0780,0000,청백아파트,,표제부,제1종근린생활시설,"생활편익시설,근린생활시설",0,219.67,639.45,19980810,2,1,서울특별시 노원구 월계동 780번지
11350,10200,0,0780,0000,청백아파트,,표제부,공동주택,통합경비실,0,24,24,19980810,1,0,서울특별시 노원구 월계동 780번지
11350,10200,0,0780,0000,청백아파트,,표제부,공동주택,"노인정, 관리실",0,248.36,248.36,19980810,2,0,서울특별시 노원구 월계동 780번지
11350,10200,0,0780,0000,청백아파트,,표제부,공동주택,아파트,0,460.25,5277.58,19980810,15,1,서울특별시 노원구 월계동 780번지
11350,10200,0,0780,0000,청백아파트,,표제부,공동주택,전기 및 발전기실,0,0,155.05,19980810,0,1,서울특별시 노원구 월계동 780번지
11350,10200,0,0781,0000,청백아파트,,표제부,제1종근린생활시설,생활편익시설,0,307.2,921.6,19980810,2,1,서울특별시 노원구 월계동 781번지
11350,10200,0,0781,0000,청백아파트,,표제부,공동주택,열교환실,0,0,134.16,19980810,0,1,서울특별시 노원구 월계동 781번지
11350,10200,0,0781,0000,청백아파트,,표제부,공동주택,노인정,0,65.61,65.61,19980810,1,0,서울특별시 노원구 월계동 781번지
11350,10200,0,0781,0000,청백아파트,,표제부,공동주택,아파트,0,1250.24,10097.65,19980810,15,1,서울특별시 노원구 월계동 781번지
11350,10200,0,0781,0000,청백아파트,,표제부,공동주택,아파트,0,753.72,9633.55,19980810,15,1,서울특별시 노원구 월계동 781번지
11350,10200,0,0781,0000,청백아파트,,표제부,노유자시설,유치원,0,180.75,455.04,19980810,2,1,서울특별시 노원구 월계동 781번지
11350,10200,0,0781,0000,청백아파트,,표제부,공동주택,관리실,0,0.1,234.8,19980810,1,1,서울특별시 노원구 월계동 781번지
11350,10200,0,0781,0000,청백아파트,,표제부,공동주택,통합경비실,0,24,24,19980810,1,0,서울특별시 노원구 월계동 781번지
11350,10200,0,0781,0000,청백아파트,,표제부,공동주택,아파트,0,1250.24,17309.73,19980810,15,1,서울특별시 노원구 월계동 781번지
11350,10200,0,0781,0000,청백아파트,,표제부,공동주택,지하주차장,0,0,7445.09,19980810,0,1,서울특별시 노원구 월계동 781번지
11350,10200,0,0781,0000,청백아파트,,표제부,공동주택,아파트,0,496.72,4748.83,19980810,11,1,서울특별시 노원구 월계동 781번지
11350,10200,0,0783,0000,,,일반건축물,자동차관련시설,자동차관련시설,0,156.8,329.28,20080108,3,0,서울특별시 노원구 월계동 783번지
11350,10200,0,0783,0002,대한예수교장로회 성원교회,,일반건축물,종교시설,종교시설,325.3,169.59,1013.97,19980728,6,1,서울특별시 노원구 월계동 783-2번지
11350,10200,0,0799,0000,,,일반건축물,단독주택,"다가구주택,제2종근린생활시설",623,119.88,311.46,20031103,3,0,서울특별시 노원구 월계동 799번지
11350,10200,0,0800,0000,,,일반건축물,제1종근린생활시설,제1종근린생활시설,942,260.93,588.16,20021122,3,0,서울특별시 노원구 월계동 800번지
11350,10200,0,0801,0019,,,일반건축물,제2종근린생활시설,"제1,2종근린생활시설",375,212.12,716.71,20011018,3,1,서울특별시 노원구 월계동 801-19번지
11350,10200,0,0803,0001,월계극동아파트,,표제부,공동주택,부대복리시설,0,47.52,95.04,19960809,2,0,서울특별시 노원구 월계동 803-1번지
11350,10200,0,0803,0001,월계극동아파트,,표제부,공동주택,부대시설,0,0,174.72,19960809,0,1,서울특별시 노원구 월계동 803-1번지
11350,10200,0,0803,0001,월계극동아파트,,표제부,공동주택,공동주택(아파트),0,856.32,11561.41,19960809,17,0,서울특별시 노원구 월계동 803-1번지
11350,10200,0,0803,0001,월계극동아파트,,표제부,공동주택,부대시설,0,0,1864.09,19960809,0,1,서울특별시 노원구 월계동 803-1번지
11350,10200,0,0803,0001,월계극동아파트,,표제부,공동주택,공동주택(아파트),0,555.31,6831.3,19960809,14,0,서울특별시 노원구 월계동 803-1번지
11350,10200,0,0803,0001,월계극동아파트,,표제부,공동주택,부대시설,0,9.72,9.72,19960809,1,0,서울특별시 노원구 월계동 803-1번지
11350,10200,0,0803,0001,월계극동아파트,,표제부,공동주택,"판매시설,근린생활시설",0,179.83,790.93,19960809,3,1,서울특별시 노원구 월계동 803-1번지
11350,10200,0,0805,0005,신창중학교(교사2동),,일반건축물,교육연구시설,교육연구시설,11654,593.5,2191.75,19970203,4,0,서울특별시 노원구 월계동 805-5번지
11350,10200,0,0805,0005,신창중학교(교사1동),,일반건축물,교육연구시설,교육연구시설,11654,1219.82,4445.94,19970203,4,0,서울특별시 노원구 월계동 805-5번지
11350,10200,0,0805,0005,신창중학교,,일반건축물,교육연구시설,교육연구시설,0,873.3,997.26,20130829,2,0,서울특별시 노원구 월계동 805-5번지
11350,10200,0,0805,0006,,,일반건축물,자동차관련시설,자동차관련시설(차고),951,33.29,33.29,20230829,1,0,서울특별시 노원구 월계동 805-6번지
11350,10200,0,0820,0000,,,일반건축물,교육연구시설,교육연구시설(학교),0,533.58,1763.65,20140409,4,1,서울특별시 노원구 월계동 820번지
11350,10200,0,0820,0000,,,일반건축물,교육연구시설,관리실,0,65.49,65.49,19820624,1,0,서울특별시 노원구 월계동 820번지
11350,10200,0,0820,0000,보배관,,일반건축물,교육연구시설,"학교(강당,교실)",0,1240.07,4716.19,19790502,5,1,서울특별시 노원구 월계동 820번지
11350,10200,0,0820,0000,,,일반건축물,교육연구시설,학교,0,1370.29,7181.95,19780515,5,1,서울특별시 노원구 월계동 820번지
11350,10200,0,0820,0000,야외음악당,,일반건축물,교육연구시설,학교(야외음악당),0,121.32,194.44,19790502,1,1,서울특별시 노원구 월계동 820번지
11350,10200,0,0820,0000,,,일반건축물,교육연구시설,교육연구시설,0,0,10419.02,19831110,4,0,서울특별시 노원구 월계동 820번지
11350,10200,0,0820,0000,염광중학교,,일반건축물,교육연구시설,학교,0,1011.34,4437.44,19790502,4,1,서울특별시 노원구 월계동 820번지
11350,10200,0,0820,0000,,,일반건축물,교육연구시설,학교,0,1543.76,8371.26,19950323,5,1,서울특별시 노원구 월계동 820번지
11350,10200,0,0845,0005,성진빌딩,,일반건축물,제1종근린생활시설,"제1종근린생활시설,제2종근린생활시설",362,187.17,848.68,20061212,4,1,서울특별시 노원구 월계동 845-5번지
11350,10200,0,0855,0002,,,표제부,공동주택,연립주택,0,449.61,1815.67,19881216,3,1,서울특별시 노원구 월계동 855-2번지
11350,10200,0,0855,0002,,,표제부,공동주택,연립주택,0,200.4,810.24,19881216,3,1,서울특별시 노원구 월계동 855-2번지
11350,10200,0,0857,0016,,,일반건축물,제1종근린생활시설,"근린생활시설, 주택",0,64.1,192.3,19861119,2,1,서울특별시 노원구 월계동 857-16번지
11350,10200,0,0857,0017,,,일반건축물,단독주택,"근린생활시설,주택",188,90.14,427.2,19910710,4,1,서울특별시 노원구 월계동 857-17번지
11350,10200,0,0868,0005,,,일반건축물,제2종근린생활시설,"제1,2종근린생활시설",827,163.02,413.22,20040212,3,0,서울특별시 노원구 월계동 868-5번지
11350,10200,0,0873,0001,대한예수교장로회장석교회,,일반건축물,종교시설,문화및집회시설(교회),7001,1367.79,17329.39,19950616,4,4,서울특별시 노원구 월계동 873-1번지
11350,10200,0,0873,0015,,,일반건축물,단독주택,주택,0,32.05,32.05,19831125,1,0,서울특별시 노원구 월계동 873-15번지
11350,10200,0,0873,0017,,,일반건축물,단독주택,주택,0,53.55,53.55,19850820,1,0,서울특별시 노원구 월계동 873-17번지
11350,10200,0,0873,0018,,,일반건축물,자동차관련시설,자동차관련시설,840.91,168,217.8,20140310,2,0,서울특별시 노원구 월계동 873-18번지
11350,10200,0,0873,0021,,,일반건축물,제2종근린생활시설,제2종근린생활시설(사무소),247,49.21,98.42,20170928,2,0,서울특별시 노원구 월계동 873-21번지
11350,10200,0,0873,0023,,,일반건축물,제2종근린생활시설,근린생활시설,0,45.98,45.98,19700620,1,0,서울특별시 노원구 월계동 873-23번지
11350,10200,0,0873,0024,,,일반건축물,단독주택,주택,0,48.17,48.17,19700620,1,0,서울특별시 노원구 월계동 873-24번지
11350,10200,0,0873,0025,,,일반건축물,단독주택,단독주택,89,43.18,43.18,19860120,1,0,서울특별시 노원구 월계동 873-25번지
11350,10200,0,0873,0028,,,일반건축물,단독주택,주택,0,62.64,73.52,19691215,1,1,서울특별시 노원구 월계동 873-28번지
11350,10200,0,0873,0029,,,일반건축물,제2종근린생활시설,근린생활시설,353.1,69.42,159.12,20160118,3,0,서울특별시 노원구 월계동 873-29번지
11350,10200,0,0874,0001,,,일반건축물,공장,공장,0,168.6,168.6,19681210,1,0,서울특별시 노원구 월계동 874-1번지
11350,10200,0,0874,0001,,,일반건축물,창고시설,창고/제2종근린생활시설(제조업소),0,493.36,493.36,19680612,1,0,서울특별시 노원구 월계동 874-1번지
11350,10200,0,0874,0002,,,일반건축물,창고시설,창고시설,0,44,44,20210503,1,0,서울특별시 노원구 월계동 874-2번지
11350,10200,0,0874,0002,,,일반건축물,자동차관련시설,자동차관련시설,0,55.56,55.56,20210503,1,0,서울특별시 노원구 월계동 874-2번지
11350,10200,0,0874,0004,,,일반건축물,단독주택,주택,0,45.69,45.69,19851210,1,0,서울특별시 노원구 월계동 874-4번지
11350,10200,0,0876,0005,,,일반건축물,제2종근린생활시설,"근린생활시설, 주택",0,152.42,670.02,19890110,4,1,서울특별시 노원구 월계동 876-5번지
11350,10200,0,0877,0000,,,표제부,공동주택,연립주택,0,125.82,516.24,19881205,3,1,서울특별시 노원구 월계동 877번지
11350,10200,0,0877,0000,,,표제부,공동주택,연립주택,0,354.78,1448.28,19881205,3,1,서울특별시 노원구 월계동 877번지
11350,10200,0,0877,0000,,,표제부,공동주택,연립주택,0,241.92,992.52,19881205,3,1,서울특별시 노원구 월계동 877번지
11350,10200,0,0877,0000,,,표제부,공동주택,연립주택,0,200.19,830.73,19881205,3,1,서울특별시 노원구 월계동 877번지
11350,10200,0,0877,0000,,,표제부,공동주택,연립주택,0,301.76,1232.13,19881205,3,1,서울특별시 노원구 월계동 877번지
11350,10200,0,0877,0000,,,표제부,공동주택,연립주택,0,301.17,1228.98,19881205,3,1,서울특별시 노원구 월계동 877번지
11350,10200,0,0877,0000,,,표제부,공동주택,"관리소,공중변소",0,20,20,19881205,1,0,서울특별시 노원구 월계동 877번지
11350,10200,0,0880,0000,유원아파트,,표제부,공동주택,"아파트,근린생활시설",5102.9,1301.64,18132.44,19980414,20,1,서울특별시 노원구 월계동 880번지
11350,10200,0,0882,0000,,,일반건축물,제2종근린생활시설,제2종근린생활시설,264,79.38,345.36,20021104,3,1,서울특별시 노원구 월계동 882번지
11350,10200,0,0885,0001,,,일반건축물,제2종근린생활시설,근린생활시설,447,88.74,273.46,19980626,1,1,서울특별시 노원구 월계동 885-1번지
11350,10200,0,0886,0005,,,일반건축물,제1종근린생활시설,"근린생활시설, 주택",152,74.74,294.92,19930907,3,1,서울특별시 노원구 월계동 886-5번지
11350,10200,0,0886,0009,,,일반건축물,단독주택,"근린생활시설, 주택",155,76.86,298.62,19930303,3,1,서울특별시 노원구 월계동 886-9번지
11350,10200,0,0898,0004,,,일반건축물,제1종근린생활시설,근린생활시설 및 주택,210,117.05,494.89,19980117,4,1,서울특별시 노원구 월계동 898-4번지
11350,10200,0,0898,0008,,,일반건축물,단독주택,"제2종근린생활시설, 단독주택",100,59.7,132.96,20000428,3,0,서울특별시 노원구 월계동 898-8번지
11350,10200,0,0900,0002,,,일반건축물,제1종근린생활시설,"주택, 근린생활시설",0,139.41,469.34,19850129,3,1,서울특별시 노원구 월계동 900-2번지
11350,10200,0,0900,0005,,,일반건축물,제1종근린생활시설,"주택, 근린생활시설",0,107.4,360,19850129,3,1,서울특별시 노원구 월계동 900-5번지
11350,10200,0,0905,0010,초안산 숲속 작은도서관,,일반건축물,제1종근린생활시설,제1종근린생활시설,744,147.22,292.21,20140811,2,0,서울특별시 노원구 월계동 905-10번지
11350,10200,0,0907,0000,,,일반건축물,제1종근린생활시설,"근린생활시설, 주택",197,108.9,639.42,19980401,5,1,서울특별시 노원구 월계동 907번지
11350,10200,0,0907,0005,정우VILLAGE,,표제부,공동주택,다세대주택,187,110.74,373.76,20111021,5,0,서울특별시 노원구 월계동 907-5번지
11350,10200,0,0907,0007,,,표제부,공동주택,공동주택(다세대주택),179,106.4,355.22,20090313,5,0,서울특별시 노원구 월계동 907-7번지
11350,10200,0,0907,0008,,,표제부,공동주택,다세대주택,0,128.24,629.08,19920420,4,1,서울특별시 노원구 월계동 907-8번지
11350,10200,0,0907,0009,,,일반건축물,제2종근린생활시설,"근린생활시설, 주택(1가구)",228,135.59,677.56,19941224,5,1,서울특별시 노원구 월계동 907-9번지
11350,10200,0,0907,0010,,,일반건축물,제1종근린생활시설,"근린생활시설, 주택",0,97.91,302.51,19861229,3,1,서울특별시 노원구 월계동 907-10번지
11350,10200,0,0907,0011,타워빌리지.ONE,,표제부,공동주택,공동주택(다세대주택),215,128.75,429.75,20140625,5,0,서울특별시 노원구 월계동 907-11번지
11350,10200,0,0907,0012,,,일반건축물,단독주택,주택,0,82.18,212.96,19791229,2,1,서울특별시 노원구 월계동 907-12번지
11350,10200,0,0907,0013,,,일반건축물,제2종근린생활시설,"제2종근린생활시설,주택",0,82.18,212.96,19791229,2,1,서울특별시 노원구 월계동 907-13번지
11350,10200,0,0907,0014,,,일반건축물,단독주택,주택,0,82.26,246.78,19830826,2,1,서울특별시 노원구 월계동 907-14번지
11350,10200,0,0907,0015,,,일반건축물,단독주택,주택,0,82.18,212.96,19791229,2,1,서울특별시 노원구 월계동 907-15번지
11350,10200,0,0907,0016,,,일반건축물,제1종근린생활시설,"근린생활시설, 주택",0,206.61,745.59,19801216,3,1,서울특별시 노원구 월계동 907-16번지
11350,10200,0,0911,0000,,,일반건축물,제1종근린생활시설,"근린생활시설, 단독주택",217.84,108.64,638.73,19930720,5,1,서울특별시 노원구 월계동 911번지
11350,10200,0,0911,0002,,,일반건축물,제2종근린생활시설,"근린생활시설, 주택",198,97.9,585.46,19930720,5,1,서울특별시 노원구 월계동 911-2번지
11350,10200,0,0911,0003,오성빌라,,표제부,공동주택,다세대주택,206,123.44,517.54,19980402,4,1,서울특별시 노원구 월계동 911-3번지
11350,10200,0,0911,0004,,,일반건축물,근린생활시설,근린생활시설,168,97.95,428.26,19950711,4,1,서울특별시 노원구 월계동 911-4번지
11350,10200,0,0911,0005,,,일반건축물,단독주택,다가구주택,168,100.24,290.01,20020121,3,0,서울특별시 노원구 월계동 911-5번지
11350,10200,0,0911,0006,서빈네스트,,일반건축물,단독주택,다가구주택 및 제1종근린생활시설,168,100.75,312.58,20130123,4,0,서울특별시 노원구 월계동 911-6번지
11350,10200,0,0911,0007,,,표제부,공동주택,다세대주택,0,77.52,298.66,19910806,3,1,서울특별시 노원구 월계동 911-7번지
11350,10200,0,0911,0008,,,표제부,공동주택,다세대주택,0,97.34,449.82,19920409,4,1,서울특별시 노원구 월계동 911-8번지
11350,10200,0,0911,0009,,,일반건축물,단독주택,다가구용단독주택,172,102.85,293.25,19980902,3,0,서울특별시 노원구 월계동 911-9번지
11350,10200,0,0911,0010,,,표제부,공동주택,다세대주택,167,84.96,410.16,19931229,4,1,서울특별시 노원구 월계동 911-10번지
11350,10200,0,0911,0011,,,일반건축물,단독주택,다가구주택,167,99.64,285.7,20011227,3,0,서울특별시 노원구 월계동 911-11번지
11350,10200,0,0911,0012,,,일반건축물,단독주택,다가구주택,168,100.3,300.9,20020604,3,0,서울특별시 노원구 월계동 911-12번지
11350,10200,0,0912,0000,동성네스트,,표제부,공동주택,도시형생활주택(다세대),0,209.36,659.17,20130109,5,0,서울특별시 노원구 월계동 912번지
11350,10200,0,0912,0000,동성네스트,,표제부,공동주택,도시형생활주택(다세대),0,166.12,590.3,20130109,5,0,서울특별시 노원구 월계동 912번지
11350,10200,0,0912,0000,동성네스트,,표제부,공동주택,도시형생활주택(다세대),0,163.16,586.44,20130109,5,0,서울특별시 노원구 월계동 912번지
11350,10200,0,0912,0003,은아네스트,,일반건축물,단독주택,다가구주택 및 제1종근린생활시설,181,108.22,360.6,20130124,4,0,서울특별시 노원구 월계동 912-3번지
11350,10200,0,0912,0016,동성네스트,,일반건축물,단독주택,다가구주택,146,87.2,291.4,20130129,4,0,서울특별시 노원구 월계동 912-16번지
11350,10200,0,0913,0000,동성네스트,,표제부,공동주택,다세대주택(도시형생활주택),567,169.4,564.13,20131120,5,0,서울특별시 노원구 월계동 913번지
11350,10200,0,0913,0000,동성네스트,,표제부,공동주택,"다세대주택(도시형생활주택), 근린생활시설",567,170.02,566.46,20131120,5,0,서울특별시 노원구 월계동 913번지
11350,10200,0,0914,0000,,,일반건축물,단독주택,다가구주택,227,123.99,450.92,20140501,5,0,서울특별시 노원구 월계동 914번지
11350,10200,0,0914,0005,연세하이빌,,표제부,공동주택,공동주택(다세대주택),185,110.22,366.83,20100429,5,0,서울특별시 노원구 월계동 914-5번지
11350,10200,0,0914,0006,,,일반건축물,단독주택,주택,0,80.72,242.16,19841114,2,1,서울특별시 노원구 월계동 914-6번지
11350,10200,0,0922,0000,서광아파트,,표제부,제1종근린생활시설,"구매,생활시설",0,228.15,870.69,19941021,3,1,서울특별시 노원구 월계동 922번지
11350,10200,0,0922,0000,서광아파트,,표제부,공동주택,"관리실, 노인정",0,295.265,295.265,19941021,2,0,서울특별시 노원구 월계동 922번지
11350,10200,0,0922,0000,서광아파트,,표제부,공동주택,아파트,0,368.91,4883.004,19941021,15,1,서울특별시 노원구 월계동 922번지
11350,10200,0,0922,0000,서광아파트,,표제부,공동주택,"기계실, 전기실",0,0,295.32,19941021,0,1,서울특별시 노원구 월계동 922번지
11350,10200,0,0922,0000,서광아파트,,표제부,공동주택,지하주차장,0,0,2274.73,19941021,0,1,서울특별시 노원구 월계동 922번지
11350,10200,0,0922,0000,서광아파트,,표제부,공동주택,경비실,0,17.28,17.28,19941021,1,0,서울특별시 노원구 월계동 922번지
11350,10200,0,0922,0000,서광아파트,,표제부,공동주택,아파트,0,466.464,5830.176,19941021,14,1,서울특별시 노원구 월계동 922번지
11350,10200,0,0922,0000,서광아파트,,표제부,공동주택,아파트,0,699.696,8550.942,19941021,15,1,서울특별시 노원구 월계동 922번지
11350,10200,0,0922,0000,서광아파트,,표제부,공동주택,아파트,0,579.42,6826.464,19941021,13,1,서울특별시 노원구 월계동 922번지
11350,10200,0,0923,0000,초안아파트,,표제부,공동주택,아파트,0,859.09,11274.44,19980430,15,1,서울특별시 노원구 월계동 923번지
11350,10200,0,0923,0000,초안아파트,,표제부,공동주택,기계실,0,0,79.8,19980430,0,1,서울특별시 노원구 월계동 923번지
11350,10200,0,0923,0000,초안아파트,,표제부,공동주택,주민공동시설,0,466.235,932.47,19980430,1,1,서울특별시 노원구 월계동 923번지
11350,10200,0,0923,0000,초안아파트,,표제부,공동주택,경비실,0,15.6,15.6,19980430,1,0,서울특별시 노원구 월계동 923번지
11350,10200,0,0923,0000,초안아파트,,표제부,공동주택,아파트,0,704.63,9522.49,19980430,15,1,서울특별시 노원구 월계동 923번지
11350,10200,0,0923,0000,초안아파트,,표제부,공동주택,아파트,0,690.13,7734.16,19980430,13,0,서울특별시 노원구 월계동 923번지
11350,10200,0,0923,0000,초안아파트,,표제부,공동주택,지하주차장,0,0,5350.99,19980430,0,1,서울특별시 노원구 월계동 923번지
11350,10200,0,0923,0000,초안아파트,,표제부,제1종근린생활시설,생활편익시설,0,243.54,516.33,19980430,1,1,서울특별시 노원구 월계동 923번지
11350,10200,0,0924,0000,초안아파트,,표제부,공동주택,아파트,0,773.39,10189.93,19971120,15,1,서울특별시 노원구 월계동 924번지
11350,10200,0,0924,0000,초안아파트,,표제부,공동주택,경비실,0,31.2,31.2,19971120,1,0,서울특별시 노원구 월계동 924번지
11350,10200,0,0924,0000,초안아파트,,표제부,공동주택,관리동,0,282.9,848.7,19971120,1,2,서울특별시 노원구 월계동 924번지
11350,10200,0,0924,0000,초안아파트,,표제부,공동주택,기계실,0,0,79.8,19971120,0,1,서울특별시 노원구 월계동 924번지
11350,10200,0,0924,0000,초안아파트,,표제부,공동주택,아파트,0,1014.58,13525.87,19971120,15,1,서울특별시 노원구 월계동 924번지
11350,10200,0,0924,0000,초안아파트,,표제부,공동주택,아파트,0,601.51,7901.65,19971120,15,1,서울특별시 노원구 월계동 924번지
11350,10200,0,0924,0000,초안아파트,,표제부,공동주택,아파트,0,601.51,7901.65,19971120,15,1,서울특별시 노원구 월계동 924번지
11350,10200,0,0924,0000,초안아파트,,표제부,공동주택,노인정,0,64,64,19971120,1,0,서울특별시 노원구 월계동 924번지
11350,10200,0,0924,0000,초안아파트,,표제부,노유자시설,유치원,0,263.7,620.85,19971120,2,1,서울특별시 노원구 월계동 924번지
11350,10200,0,0924,0000,초안아파트,,표제부,공동주택,지하주차장,0,0,5260.34,19971120,0,1,서울특별시 노원구 월계동 924번지
11350,10200,0,0924,0000,초안아파트,,표제부,제1종근린생활시설,생활편익시설,0,294.96,734.23,19971120,1,1,서울특별시 노원구 월계동 924번지
11350,10200,0,0925,0000,대동아파트,,표제부,제1종근린생활시설,"생활편익시설, 근린생활시설",0,522.37,1275.24,19970930,1,1,서울특별시 노원구 월계동 925번지
11350,10200,0,0925,0000,대동아파트,,표제부,공동주택,전기실,0,0,97.44,19970930,0,2,서울특별시 노원구 월계동 925번지
11350,10200,0,0925,0000,대동아파트,,표제부,공동주택,노인정,0,97.41,97.41,19970930,1,0,서울특별시 노원구 월계동 925번지
11350,10200,0,0925,0000,대동아파트,,표제부,공동주택,주민운동시설,0,0,48.72,19970930,0,1,서울특별시 노원구 월계동 925번지
11350,10200,0,0925,0000,대동아파트,,표제부,공동주택,"지하주차장493.8㎡,기계실90.2㎡,전기실83.97㎡,발전기실22.95㎡",0,0,690.92,19970930,0,2,서울특별시 노원구 월계동 925번지
11350,10200,0,0925,0000,대동아파트,,표제부,공동주택,공공화장실,0,21.06,21.06,19970930,1,0,서울특별시 노원구 월계동 925번지
11350,10200,0,0925,0000,대동아파트,,표제부,공동주택,지하주차장,0,0,4439.99,19970930,0,1,서울특별시 노원구 월계동 925번지
11350,10200,0,0925,0000,대동아파트,,표제부,공동주택,관리사무소,0,38.34,38.34,19970930,1,0,서울특별시 노원구 월계동 925번지
11350,10200,0,0925,0000,대동아파트,,표제부,공동주택,공동주택(아파트),0,403.66,6374.3,19970930,18,0,서울특별시 노원구 월계동 925번지
11350,10200,0,0925,0000,대동아파트,,표제부,공동주택,경비실,0,15.84,15.84,19970930,1,0,서울특별시 노원구 월계동 925번지
11350,10200,0,0925,0000,대동아파트,,표제부,공동주택,공동주택(아파트),0,769.29,10293.23,19970930,16,0,서울특별시 노원구 월계동 925번지
11350,10200,0,0925,0000,대동아파트,,표제부,공동주택,기계실,0,0,194.02,19970930,0,2,서울특별시 노원구 월계동 925번지
11350,10200,0,0925,0000,대동아파트,,표제부,공동주택,지하주차장,0,0,4279.35,19970930,0,2,서울특별시 노원구 월계동 925번지
11350,10200,0,0925,0000,대동아파트,,표제부,공동주택,펌프실,0,0,88.51,19970930,0,2,서울특별시 노원구 월계동 925번지
11350,10200,0,0925,0000,대동아파트,,표제부,공동주택,공동주택(아파트),0,548.05,5825.93,19970930,15,0,서울특별시 노원구 월계동 925번지
11350,10200,0,0925,0000,대동아파트,,표제부,공동주택,발전기실,0,0,48.72,19970930,0,2,서울특별시 노원구 월계동 925번지
11350,10200,0,0926,0000,월계1차한일아파트,,표제부,공동주택,지하주차장,0,0,6034.227,19991209,0,3,서울특별시 노원구 월계동 926번지
11350,10200,0,0926,0000,월계1차한일아파트,,표제부,공동주택,"전기실, 발전기실, 펌프실",0,0,179.825,19991209,0,2,서울특별시 노원구 월계동 926번지
11350,10200,0,0926,0000,월계1차한일아파트,,표제부,공동주택,경비실,0,15.595,15.595,19991209,1,0,서울특별시 노원구 월계동 926번지
11350,10200,0,0926,0000,월계1차한일아파트,,표제부,공동주택,"관리사무소, 노인정, 보일러실, 엠디에프실",0,122.37,122.37,19991209,2,0,서울특별시 노원구 월계동 926번지
11350,10200,0,0926,0000,월계1차한일아파트,,표제부,공동주택,"아파트 19951.162, 지하대피소 1662.597",0,1280.528,21613.759,19991209,19,3,서울특별시 노원구 월계동 926번지
11350,10200,0,0926,0000,월계1차한일아파트,,표제부,제1종근린생활시설,"생활편익시설 1117.175, 주차장 306.83, 전기실, 기계실 9.295",0,230.008,1433.3,19991209,2,3,서울특별시 노원구 월계동 926번지
11350,10200,0,0927,0000,월계2차한일아파트,,표제부,공동주택,"전기실,발전기실",0,0,116.25,20000426,0,2,서울특별시 노원구 월계동 927번지
11350,10200,0,0927,0000,월계2차한일아파트,,표제부,공동주택,지하주차장,0,0,5399.808,20000426,0,3,서울특별시 노원구 월계동 927번지
11350,10200,0,0927,0000,월계2차한일아파트,,표제부,공동주택,공동주택(아파트),0,1115.113,18948.038,20000426,19,3,서울특별시 노원구 월계동 927번지
11350,10200,0,0927,0000,월계2차한일아파트,,표제부,공동주택,"관리실,노인정,경비실,엠디에프실",0,57.998,89.618,20000426,2,0,서울특별시 노원구 월계동 927번지
11350,10200,0,0928,0000,월계1동 주민센터,,일반건축물,제1종근린생활시설,근린공공시설,456,262.09,999.88,19980929,4,1,서울특별시 노원구 월계동 928번지
11350,10200,0,0929,0000,현대아파트,,표제부,공동주택,"지하주차장, 지하대피소",0,0,3792.39,20001125,0,2,서울특별시 노원구 월계동 929번지
11350,10200,0,0929,0000,현대아파트,,표제부,공동주택,공동주택(아파트),0,452.34,10347.65,20001125,27,1,서울특별시 노원구 월계동 929번지
11350,10200,0,0929,0000,현대아파트,,표제부,판매및영업시설,판매시설,0,430.17,1272.03,20001125,3,0,서울특별시 노원구 월계동 929번지
11350,10200,0,0929,0000,현대아파트,,표제부,공동주택,공동주택(아파트),0,468.63,11233.6,20001125,27,1,서울특별시 노원구 월계동 929번지
11350,10200,0,0929,0000,현대아파트,,표제부,공동주택,"지하주차장, 지하대피소",0,0,10116.36,20001125,0,3,서울특별시 노원구 월계동 929번지
11350,10200,0,0929,0000,현대아파트,,표제부,공동주택,"지하주차장,지하대피소",0,0,7608.01,20001125,0,3,서울특별시 노원구 월계동 929번지
11350,10200,0,0929,0000,현대아파트,,표제부,공동주택,공동주택(아파트),0,625.28,7849.65,20001125,21,1,서울특별시 노원구 월계동 929번지
11350,10200,0,0929,0000,현대아파트,,표제부,공동주택,공동주택(아파트),0,507.17,8879.72,20001125,22,1,서울특별시 노원구 월계동 929번지
11350,10200,0,0929,0000,현대아파트,,표제부,공동주택,공동주택(아파트),0,627.4,15408.15,20001125,27,1,서울특별시 노원구 월계동 929번지
11350,10200,0,0929,0000,현대아파트,,표제부,공동주택,공동주택(아파트),0,644.78,13013.8,20001125,27,1,서울특별시 노원구 월계동 929번지
11350,10200,0,0929,0000,현대아파트,,표제부,공동주택,"지하주차장,지하대피소",0,0,4004.92,20001125,0,2,서울특별시 노원구 월계동 929번지
11350,10200,0,0929,0000,현대아파트,,표제부,공동주택,경비실,0,92.29,92.29,20001125,1,0,서울특별시 노원구 월계동 929번지
11350,10200,0,0929,0000,현대아파트,,표제부,근린생활시설,"생활편익시설, 근린생활시설",0,1230.85,4712,20001125,3,2,서울특별시 노원구 월계동 929번지
11350,10200,0,0929,0000,현대아파트,,표제부,공동주택,공동주택(아파트),0,507.17,11205.9,20001125,27,1,서울특별시 노원구 월계동 929번지
11350,10200,0,0929,0000,현대아파트,,표제부,공동주택,공동주택(아파트),0,898.37,17833.64,20001125,26,1,서울특별시 노원구 월계동 929번지
11350,10200,0,0929,0000,현대아파트,,표제부,공동주택,"관리사무소, 노인정",0,233.34,463.08,20001125,2,0,서울특별시 노원구 월계동 929번지
11350,10200,0,0929,0000,현대아파트,,표제부,공동주택,"지하주차장,지하대피소",0,0,9738.19,20001125,0,3,서울특별시 노원구 월계동 929번지
11350,10200,0,0929,0000,현대아파트,,표제부,공동주택,공동주택(아파트),0,507.17,10889.02,20001125,26,1,서울특별시 노원구 월계동 929번지
11350,10200,0,0929,0000,현대아파트,,표제부,공동주택,공동주택(아파트),0,507.17,11290.88,20001125,27,1,서울특별시 노원구 월계동 929번지
11350,10200,0,0929,0000,현대아파트,,표제부,공동주택,공동주택(아파트),0,644.78,14023.62,20001125,27,1,서울특별시 노원구 월계동 929번지
11350,10200,0,0929,0000,현대아파트,,표제부,공동주택,"보육시설,주민공동시설",0,214.21,421.94,20001125,2,0,서울특별시 노원구 월계동 929번지
11350,10200,0,0929,0000,현대아파트,,표제부,공동주택,"기계전기실,중앙감시실",0,0,452.5,20001125,0,2,서울특별시 노원구 월계동 929번지
11350,10200,0,0930,0000,우남아파트,,표제부,공동주택,공동주택(아파트),0,532.26,9265.98,20011204,22,0,서울특별시 노원구 월계동 930번지
11350,10200,0,0930,0000,우남아파트,,표제부,공동주택,경비실,0,6.56,6.56,20011204,1,0,서울특별시 노원구 월계동 930번지
11350,10200,0,0930,0000,우남아파트,,표제부,공동주택,"노인정, 관리사무소",0,81.59,149.49,20011204,2,0,서울특별시 노원구 월계동 930번지
11350,10200,0,0930,0000,우남아파트,,표제부,공동주택,공동주택(아파트),0,531.57,5224.23,20011204,14,0,서울특별시 노원구 월계동 930번지
11350,10200,0,0930,0000,우남아파트,,표제부,공동주택,"지하주차장, 기계실, 전기실",0,0,5921.5,20011204,0,2,서울특별시 노원구 월계동 930번지
11350,10200,0,0931,0000,장은하이빌아파트,,표제부,공동주택,지하주차장,0,0,4283.907,20020513,0,3,서울특별시 노원구 월계동 931번지
11350,10200,0,0931,0000,장은하이빌아파트,,표제부,제1종근린생활시설,"근린생활시설, 노인정",0,36,126,20020513,1,1,서울특별시 노원구 월계동 931번지
11350,10200,0,0931,0000,장은하이빌아파트,,표제부,공동주택,경비실,0,7.92,7.92,20020513,1,0,서울특별시 노원구 월계동 931번지
11350,10200,0,0931,0000,장은하이빌아파트,,표제부,공동주택,공동주택(아파트),0,275.63,2636.9383,20020513,12,0,서울특별시 노원구 월계동 931번지
11350,10200,0,0931,0000,장은하이빌아파트,,표제부,공동주택,"공동주택(아파트), 관리사무실",0,518.9,7521.3706,20020513,19,0,서울특별시 노원구 월계동 931번지
11350,10200,0,0932,0000,광명교회,,일반건축물,종교시설,종교시설,1008.8,271.49,481.19,20061027,2,0,서울특별시 노원구 월계동 932번지
11350,10200,0,0934,0000,,,일반건축물,자동차관련시설,자동차관련시설,1905.8,237.68,367.84,20031218,2,0,서울특별시 노원구 월계동 934번지
11350,10200,0,0934,0000,,,일반건축물,자동차관련시설,자동차관련시설,0,3.9,3.9,20031218,1,0,서울특별시 노원구 월계동 934번지
11350,10200,0,0934,0000,,,일반건축물,자동차관련시설,자동차관련시설,0,18.19,18.19,20031218,1,0,서울특별시 노원구 월계동 934번지
11350,10200,0,0935,0000,B동,,일반건축물,제2종근린생활시설,근린생활시설,1654,324.1,40,19971224,1,0,서울특별시 노원구 월계동 935번지
11350,10200,0,0935,0000,A동,,일반건축물,위험물저장및처리시설,"위험물저장 및 처리시설, 근린생활시설, 자동차관련시설",0,284.1,541.14,19971224,2,1,서울특별시 노원구 월계동 935번지
11350,10200,0,0936,0000,월계문화복지센터,,일반건축물,제1종근린생활시설,"노유자시설,제1종근린생활시설",1106,626.55,2344.12,20180712,3,1,서울특별시 노원구 월계동 936번지
11350,10200,0,0938,0000,건양노블레스아파트,,표제부,공동주택,경비실,0,10.96,10.959,20031230,1,0,서울특별시 노원구 월계동 938번지
11350,10200,0,0938,0000,건양노블레스아파트,,표제부,공동주택,"아파트,오피스텔",3034.1,843.77,19526.841,20031230,23,2,서울특별시 노원구 월계동 938번지
11350,10200,0,0939,0000,월계흥화브라운빌,,표제부,공동주택,"관리사무소,노인정,경비실",0,86.12,84.36,20040924,1,0,서울특별시 노원구 월계동 939번지
11350,10200,0,0939,0000,월계흥화브라운빌,,표제부,공동주택,공동주택(아파트),0,496.76,6467.7,20040924,15,0,서울특별시 노원구 월계동 939번지
11350,10200,0,0939,0000,월계흥화브라운빌,,표제부,공동주택,공동주택(아파트),0,498.41,6564.58,20040924,15,1,서울특별시 노원구 월계동 939번지
11350,10200,0,0939,0000,월계흥화브라운빌,,표제부,공동주택,"주차장,전기실,펌프실",0,0,6367.23,20040924,0,1,서울특별시 노원구 월계동 939번지
11350,10200,0,0939,0000,월계흥화브라운빌,,표제부,공동주택,공동주택(아파트),0,440.22,5205.74,20040924,14,0,서울특별시 노원구 월계동 939번지
11350,10200,0,0939,0000,월계흥화브라운빌,,표제부,공동주택,공동주택(아파트),0,488.78,6355.36,20040924,15,1,서울특별시 노원구 월계동 939번지
11350,10200,0,0940,0000,동원베네스트,,표제부,공동주택,"공동주택(아파트),제1종근린생활시설",0,348.376,4232.802,20050331,14,0,서울특별시 노원구 월계동 940번지
11350,10200,0,0940,0000,동원베네스트,,표제부,공동주택,경비실,0,10.8,10.8,20050331,1,0,서울특별시 노원구 월계동 940번지
11350,10200,0,0940,0000,동원베네스트,,표제부,공동주택,공동주택(아파트),0,221.928,2881.648,20050331,14,0,서울특별시 노원구 월계동 940번지
11350,10200,0,0940,0000,동원베네스트,,표제부,공동주택,"지하주차장,기계실,전기실",0,0,5603.045,20050331,0,1,서울특별시 노원구 월계동 940번지
11350,10200,0,0940,0000,동원베네스트,,표제부,공동주택,경비실,0,10.8,10.8,20050331,1,0,서울특별시 노원구 월계동 940번지
11350,10200,0,0940,0000,동원베네스트,,표제부,공동주택,"주민공동실,경로당,관리사무실",0,82.08,272.024,20050331,2,1,서울특별시 노원구 월계동 940번지
11350,10200,0,0940,0000,동원베네스트,,표제부,공동주택,공동주택(아파트),0,221.074,2705.464,20050331,14,0,서울특별시 노원구 월계동 940번지
11350,10200,0,0940,0000,동원베네스트,,표제부,공동주택,공동주택(아파트),0,442.15,5000.56,20050331,14,0,서울특별시 노원구 월계동 940번지
11350,10200,0,0940,0000,동원베네스트,,표제부,공동주택,공동주택(아파트),0,348.376,3962.808,20050331,14,0,서울특별시 노원구 월계동 940번지
11350,10200,0,0941,0000,성북역신도브래뉴,,표제부,공동주택,"주차장,기계실,전기실,발전기실",0,0,3929.03,20050523,0,1,서울특별시 노원구 월계동 941번지
11350,10200,0,0941,0000,성북역신도브래뉴,,표제부,공동주택,경비실,0,23.1,23.1,20050523,1,0,서울특별시 노원구 월계동 941번지
11350,10200,0,0941,0000,성북역신도브래뉴,,표제부,공동주택,아파트,0,817.53,9419.83,20050523,15,0,서울특별시 노원구 월계동 941번지
11350,10200,0,0941,0000,성북역신도브래뉴,,표제부,공동주택,아파트,0,170.61,1228.84,20050523,8,0,서울특별시 노원구 월계동 941번지
11350,10200,0,0941,0000,성북역신도브래뉴,,표제부,공동주택,아파트,0,468.13,5025.84,20050523,15,0,서울특별시 노원구 월계동 941번지
11350,10200,0,0942,0000,월계역신도브래뉴,,표제부,공동주택,아파트,0,978.86,10580.28,20050628,15,0,서울특별시 노원구 월계동 942번지
11350,10200,0,0942,0000,월계역신도브래뉴,,표제부,공동주택,"주차장,펌프실,전기실,발전기실",0,0,5879.48,20050628,0,1,서울특별시 노원구 월계동 942번지
11350,10200,0,0942,0000,월계역신도브래뉴,,표제부,공동주택,경비실,0,9.8,9.8,20050628,1,0,서울특별시 노원구 월계동 942번지
11350,10200,0,0942,0000,월계역신도브래뉴,,표제부,공동주택,아파트,0,369.96,4484.08,20050628,15,0,서울특별시 노원구 월계동 942번지
11350,10200,0,0942,0000,월계역신도브래뉴,,표제부,공동주택,아파트,0,184.98,2225.66,20050628,15,0,서울특별시 노원구 월계동 942번지
11350,10200,0,0942,0000,월계역신도브래뉴,,표제부,공동주택,경비실,0,15,15,20050628,1,0,서울특별시 노원구 월계동 942번지
11350,10200,0,0942,0000,월계역신도브래뉴,,표제부,제2종근린생활시설,"제1,2종근린생활시설",0,195.3,956.57,20050628,5,0,서울특별시 노원구 월계동 942번지
11350,10200,0,0942,0000,월계역신도브래뉴,,표제부,공동주택,경비실,0,9.8,9.8,20050628,1,0,서울특별시 노원구 월계동 942번지
11350,10200,0,0942,0000,월계역신도브래뉴,,표제부,제1종근린생활시설,"제1,2종근린생활시설",0,0,348.66,20050628,0,1,서울특별시 노원구 월계동 942번지
11350,10200,0,0942,0000,월계역신도브래뉴,,표제부,공동주택,"경로당,관리사무소,엠디에프실",0,80.78,156.2,20050628,2,0,서울특별시 노원구 월계동 942번지
11350,10200,0,0942,0000,월계역신도브래뉴,,표제부,공동주택,아파트,0,489.61,5523.3,20050628,15,0,서울특별시 노원구 월계동 942번지
11350,10200,0,0943,0000,세양청마루아파트,,표제부,제2종근린생활시설,"제1,2종근린생활시설",0,128.61,385.83,20051027,3,0,서울특별시 노원구 월계동 943번지
11350,10200,0,0943,0000,세양청마루아파트,,표제부,공동주택,아파트,0,1014.01,15029.79,20051027,15,1,서울특별시 노원구 월계동 943번지
11350,10200,0,0943,0000,세양청마루아파트,,표제부,공동주택,경로당,0,72,72,20051027,1,0,서울특별시 노원구 월계동 943번지
11350,10200,0,0943,0000,세양청마루아파트,,표제부,공동주택,경비실,0,33.98,33.98,20051027,1,0,서울특별시 노원구 월계동 943번지
11350,10200,0,0944,0000,월계 풍림아이원,,표제부,공동주택,"지하주차장,기계실,전기실",0,0,12823.435,20051216,0,2,서울특별시 노원구 월계동 944번지
11350,10200,0,0944,0000,월계 풍림아이원,,표제부,공동주택,공동주택(아파트),0,538.641,7830.519,20051216,21,0,서울특별시 노원구 월계동 944번지
11350,10200,0,0944,0000,월계 풍림아이원,,표제부,공동주택,공동주택(아파트),0,257.184,3918.625,20051216,19,0,서울특별시 노원구 월계동 944번지
11350,10200,0,0944,0000,월계 풍림아이원,,표제부,공동주택,"관리실,노인정,주민공동시설",0,140.19,215.64,20051216,2,0,서울특별시 노원구 월계동 944번지
11350,10200,0,0944,0000,월계 풍림아이원,,표제부,제1종근린생활시설,"제1,2종근린생활시설",0,230.48,533.765,20051216,1,1,서울특별시 노원구 월계동 944번지
11350,10200,0,0944,0000,월계 풍림아이원,,표제부,공동주택,공동주택(아파트),0,250.22,4558.995,20051216,23,0,서울특별시 노원구 월계동 944번지
11350,10200,0,0944,0000,월계 풍림아이원,,표제부,공동주택,경비실,0,12.51,12.51,20051216,1,0,서울특별시 노원구 월계동 944번지
11350,10200,0,0944,0000,월계 풍림아이원,,표제부,공동주택,공동주택(아파트),0,514.368,9945.622,20051216,25,0,서울특별시 노원구 월계동 944번지
11350,10200,0,0944,0000,월계 풍림아이원,,표제부,공동주택,공동주택(아파트),0,365.31,7614.552,20051216,25,0,서울특별시 노원구 월계동 944번지
11350,10200,0,0944,0000,월계 풍림아이원,,표제부,공동주택,경비실,0,12.51,12.51,20051216,1,0,서울특별시 노원구 월계동 944번지
11350,10200,0,0944,0000,월계 풍림아이원,,표제부,공동주택,공동주택(아파트),0,181.51,1866.566,20051216,13,0,서울특별시 노원구 월계동 944번지
11350,10200,0,0944,0000,월계 풍림아이원,,표제부,공동주택,공동주택(아파트),0,510.533,6014.283,20051216,18,0,서울특별시 노원구 월계동 944번지
11350,10200,0,0944,0000,월계 풍림아이원,,표제부,제2종근린생활시설,제2종근린생활시설,0,69,69,20051216,1,0,서울특별시 노원구 월계동 944번지
11350,10200,0,0944,0000,월계 풍림아이원,,표제부,공동주택,공동주택(아파트),0,247.876,4545.943,20051216,23,0,서울특별시 노원구 월계동 944번지
11350,10200,0,0944,0000,월계 풍림아이원,,표제부,공동주택,경비실,0,12.51,12.51,20051216,1,0,서울특별시 노원구 월계동 944번지
11350,10200,0,0945,0000,초안산쌍용스윗닷홈아파트,,표제부,공동주택,아파트,0,182.07,1418.18,20060327,9,1,서울특별시 노원구 월계동 945번지
11350,10200,0,0945,0000,초안산쌍용스윗닷홈아파트,,표제부,공동주택,아파트,0,1045.12,11929.42,20060327,15,0,서울특별시 노원구 월계동 945번지
11350,10200,0,0945,0000,초안산쌍용스윗닷홈아파트,,표제부,공동주택,경비실,0,10.24,10.24,20060327,1,0,서울특별시 노원구 월계동 945번지
11350,10200,0,0945,0000,초안산쌍용스윗닷홈아파트,,표제부,공동주택,"관리사무실,경로당",0,115.71,221.18,20060327,2,0,서울특별시 노원구 월계동 945번지
11350,10200,0,0945,0000,초안산쌍용스윗닷홈아파트,,표제부,공동주택,아파트,0,435.54,3892.16,20060327,15,0,서울특별시 노원구 월계동 945번지
11350,10200,0,0945,0000,초안산쌍용스윗닷홈아파트,,표제부,공동주택,"지하주차장,기계실,전기실",0,0,7060.74,20060327,0,1,서울특별시 노원구 월계동 945번지
11350,10200,0,0945,0000,초안산쌍용스윗닷홈아파트,,표제부,공동주택,아파트,0,448.04,5328.6,20060327,15,0,서울특별시 노원구 월계동 945번지
11350,10200,0,0945,0000,초안산쌍용스윗닷홈아파트,,표제부,공동주택,경비실,0,10.24,10.24,20060327,1,0,서울특별시 노원구 월계동 945번지
11350,10200,0,0945,0000,초안산쌍용스윗닷홈아파트,,표제부,공동주택,변전실,0,12,12,20060327,1,0,서울특별시 노원구 월계동 945번지
11350,10200,0,0946,0000,월계동 우남푸르미아 아파트,,표제부,공동주택,경비실,0,7.77,7.77,20060914,1,0,서울특별시 노원구 월계동 946번지
11350,10200,0,0946,0000,월계동 우남푸르미아 아파트,,표제부,공동주택,공동주택(아파트),0,669.5,9119.63,20060913,13,2,서울특별시 노원구 월계동 946번지
11350,10200,0,0947,0000,롯데캐슬 루나,,표제부,공동주택,아파트,0,507.633,5194.3152,20061130,12,0,서울특별시 노원구 월계동 947번지
11350,10200,0,0947,0000,롯데캐슬 루나,,표제부,공동주택,아파트,0,392.1338,3797.8683,20061130,13,0,서울특별시 노원구 월계동 947번지
11350,10200,0,0947,0000,롯데캐슬 루나,,표제부,공동주택,아파트,0,253.8165,2597.1576,20061130,12,0,서울특별시 노원구 월계동 947번지
11350,10200,0,0947,0000,롯데캐슬 루나,,표제부,공동주택,아파트,0,710.3758,7447.3388,20061130,12,0,서울특별시 노원구 월계동 947번지
11350,10200,0,0947,0000,롯데캐슬 루나,,표제부,공동주택,아파트,0,507.633,5194.3152,20061130,12,0,서울특별시 노원구 월계동 947번지
11350,10200,0,0947,0000,롯데캐슬 루나,,표제부,공동주택,"노인정,문고",0,143.5,239.95,20061130,2,0,서울특별시 노원구 월계동 947번지
11350,10200,0,0947,0000,롯데캐슬 루나,,표제부,공동주택,아파트,0,507.633,5194.3152,20061130,12,0,서울특별시 노원구 월계동 947번지
11350,10200,0,0947,0000,롯데캐슬 루나,,표제부,공동주택,아파트,0,253.8165,2597.1576,20061130,12,0,서울특별시 노원구 월계동 947번지
11350,10200,0,0947,0000,롯데캐슬 루나,,표제부,공동주택,아파트,0,253.8165,2400.2812,20061130,12,0,서울특별시 노원구 월계동 947번지
11350,10200,0,0947,0000,롯데캐슬 루나,,표제부,공동주택,경비실,0,12.21,12.21,20061130,1,0,서울특별시 노원구 월계동 947번지
11350,10200,0,0947,0000,롯데캐슬 루나,,표제부,공동주택,지하주차장,0,0,8553.23,20061130,0,1,서울특별시 노원구 월계동 947번지
11350,10200,0,0947,0000,롯데캐슬 루나,,표제부,공동주택,아파트,0,584.8491,6266.052,20061130,13,0,서울특별시 노원구 월계동 947번지
11350,10200,0,0947,0000,롯데캐슬 루나,,표제부,공동주택,아파트,0,507.633,5194.3152,20061130,12,0,서울특별시 노원구 월계동 947번지
11350,10200,0,0947,0000,롯데캐슬 루나,,표제부,공동주택,아파트,0,507.633,5194.3152,20061130,12,0,서울특별시 노원구 월계동 947번지
11350,10200,0,0947,0000,롯데캐슬 루나,,표제부,공동주택,경비실,0,12.21,12.21,20061130,1,0,서울특별시 노원구 월계동 947번지
11350,10200,0,0947,0000,롯데캐슬 루나,,표제부,공동주택,경비실,0,12.21,12.21,20061130,1,0,서울특별시 노원구 월계동 947번지
11350,10200,0,0947,0000,롯데캐슬 루나,,표제부,공동주택,아파트,0,710.3758,6827.0246,20061130,11,0,서울특별시 노원구 월계동 947번지
11350,10200,0,0947,0000,롯데캐슬 루나,,표제부,제2종근린생활시설,제2종근린생활시설,0,934.92,3617.82,20061130,3,1,서울특별시 노원구 월계동 947번지
11350,10200,0,0947,0000,롯데캐슬 루나,,표제부,공동주택,아파트,0,253.8165,2400.2812,20061130,12,0,서울특별시 노원구 월계동 947번지
11350,10200,0,0947,0000,롯데캐슬 루나,,표제부,공동주택,"기계,전기실",0,0,458.9,20061130,0,1,서울특별시 노원구 월계동 947번지
11350,10200,0,0947,0000,롯데캐슬 루나,,표제부,공동주택,지하주차장,0,0,7114.61,20061130,0,1,서울특별시 노원구 월계동 947번지
11350,10200,0,0947,0000,롯데캐슬 루나,,표제부,공동주택,아파트,0,710.3758,7447.3388,20061130,12,0,서울특별시 노원구 월계동 947번지
11350,10200,0,0947,0000,롯데캐슬 루나,,표제부,공동주택,아파트,0,710.3758,6827.0246,20061130,11,0,서울특별시 노원구 월계동 947번지
11350,10200,0,0947,0000,롯데캐슬 루나,,표제부,공동주택,지하주차장,0,0,4229.47,20061130,0,1,서울특별시 노원구 월계동 947번지
11350,10200,0,0947,0000,롯데캐슬 루나,,표제부,공동주택,아파트,0,253.8165,2400.2812,20061130,12,0,서울특별시 노원구 월계동 947번지
11350,10200,0,0947,0000,롯데캐슬 루나,,표제부,공동주택,아파트,0,507.63,5194.3152,20061130,12,0,서울특별시 노원구 월계동 947번지
11350,10200,0,0947,0000,롯데캐슬 루나,,표제부,공동주택,아파트,0,253.8165,2597.1576,20061130,12,0,서울특별시 노원구 월계동 947번지
11350,10200,0,0947,0000,롯데캐슬 루나,,표제부,공동주택,지하주차장,0,0,6665.29,20061130,0,1,서울특별시 노원구 월계동 947번지
11350,10200,0,0947,0000,롯데캐슬 루나,,표제부,노유자시설,노유자시설,0,206.94,516.56,20061130,2,1,서울특별시 노원구 월계동 947번지
11350,10200,0,0947,0000,롯데캐슬 루나,,표제부,공동주택,"관리사무소,주민공동시설",0,147.5,280.44,20061130,2,0,서울특별시 노원구 월계동 947번지
11350,10200,0,0947,0000,롯데캐슬 루나,,표제부,공동주택,아파트,0,253.8165,2400.2812,20061130,12,0,서울특별시 노원구 월계동 947번지
11350,10200,0,0947,0000,롯데캐슬 루나,,표제부,공동주택,경비실,0,12.21,12.21,20061130,1,0,서울특별시 노원구 월계동 947번지
11350,10200,0,0947,0000,롯데캐슬 루나,,표제부,공동주택,아파트,0,710.3758,7447.3388,20061130,12,0,서울특별시 노원구 월계동 947번지
11350,10200,0,0947,0000,롯데캐슬 루나,,표제부,공동주택,아파트,0,392.1338,3765.8942,20061130,12,0,서울특별시 노원구 월계동 947번지
11350,10200,0,0949,0000,꿈의숲 SK뷰 아파트,,표제부,공동주택,공동주택(아파트),0,733.49,10430.66,20160127,19,0,서울특별시 노원구 월계동 949번지
11350,10200,0,0949,0000,꿈의숲 SK뷰 아파트,,표제부,공동주택,공동주택(아파트),0,576.02,7665,20160127,18,0,서울특별시 노원구 월계동 949번지
11350,10200,0,0949,0000,꿈의숲 SK뷰 아파트,,표제부,공동주택,"근린생활시설, 부대복리시설",0,134.44,1880.28,20160127,1,2,서울특별시 노원구 월계동 949번지
11350,10200,0,0949,0000,꿈의숲 SK뷰 아파트,,표제부,공동주택,공동주택(아파트),0,532.61,6943.89,20160127,18,0,서울특별시 노원구 월계동 949번지
11350,10200,0,0949,0000,꿈의숲 SK뷰 아파트,,표제부,공동주택,관리사무소,0,0,153.81,20160127,0,1,서울특별시 노원구 월계동 949번지
11350,10200,0,0949,0000,꿈의숲 SK뷰 아파트,,표제부,공동주택,지하주차장,0,0,26107.67,20160127,0,2,서울특별시 노원구 월계동 949번지
11350,10200,0,0949,0000,꿈의숲 SK뷰 아파트,,표제부,공동주택,공동주택(아파트),0,923.3,10520.46,20160127,16,0,서울특별시 노원구 월계동 949번지
11350,10200,0,0949,0000,꿈의숲 SK뷰 아파트,,표제부,공동주택,공동주택(아파트),0,473.01,5606.5,20160127,17,0,서울특별시 노원구 월계동 949번지
11350,10200,0,0949,0000,꿈의숲 SK뷰 아파트,,표제부,공동주택,공동주택(아파트),0,733.49,10695.16,20160127,20,0,서울특별시 노원구 월계동 949번지
11350,10200,0,0950,0000,녹천역두산위브아파트,,표제부,공동주택,아파트,0,621.6735,4008.4423,20171020,9,1,서울특별시 노원구 월계동 950번지
11350,10200,0,0950,0000,녹천역두산위브아파트,,표제부,공동주택,"지하주차장,기계실,전기실",0,0,14541.175,20171020,0,2,서울특별시 노원구 월계동 950번지
11350,10200,0,0950,0000,녹천역두산위브아파트,,표제부,공동주택,아파트,0,838.9864,4375.4474,20171020,7,1,서울특별시 노원구 월계동 950번지
11350,10200,0,0950,0000,녹천역두산위브아파트,,표제부,제1종근린생활시설,제1종근린생활시설,0,0,194.3937,20171020,0,1,서울특별시 노원구 월계동 950번지
11350,10200,0,0950,0000,녹천역두산위브아파트,,표제부,공동주택,아파트,0,552.8532,3247.5622,20171020,9,0,서울특별시 노원구 월계동 950번지
11350,10200,0,0950,0000,녹천역두산위브아파트,,표제부,공동주택,"관리실,방재실,작은도서관,주민공동시설,MDF실",0,0,273.5695,20171020,0,1,서울특별시 노원구 월계동 950번지
11350,10200,0,0950,0000,녹천역두산위브아파트,,표제부,공동주택,아파트,0,665.3344,3695.0799,20171020,7,1,서울특별시 노원구 월계동 950번지
11350,10200,0,0950,0000,녹천역두산위브아파트,,표제부,공동주택,아파트,0,838.9864,4282.6421,20171020,7,1,서울특별시 노원구 월계동 950번지
11350,10200,0,0950,0000,녹천역두산위브아파트,,표제부,공동주택,주민공동시설,0,0,205.3467,20171020,0,1,서울특별시 노원구 월계동 950번지
11350,10200,0,0950,0000,녹천역두산위브아파트,,표제부,공동주택,아파트,0,419.4932,1924.0487,20171020,6,1,서울특별시 노원구 월계동 950번지
11350,10200,0,0950,0000,녹천역두산위브아파트,,표제부,공동주택,아파트,0,733.336,3075.3382,20171020,6,0,서울특별시 노원구 월계동 950번지
11350,10200,0,0950,0000,녹천역두산위브아파트,,표제부,공동주택,아파트,0,419.4932,2231.0378,20171020,7,1,서울특별시 노원구 월계동 950번지
11350,10200,0,0950,0000,녹천역두산위브아파트,,표제부,공동주택,"경로당,보육시설",0,0,237.7842,20171020,1,0,서울특별시 노원구 월계동 950번지
11350,10200,0,0950,0000,녹천역두산위브아파트,,표제부,공동주택,아파트,0,419.4932,1788.7842,20171020,6,0,서울특별시 노원구 월계동 950번지
11350,10200,0,0950,0000,녹천역두산위브아파트,,표제부,공동주택,경비실,0,38.95,36.2,20171020,1,0,서울특별시 노원구 월계동 950번지
11350,10200,0,0950,0000,녹천역두산위브아파트,,표제부,공동주택,아파트,0,777.515,3743.8274,20171020,6,0,서울특별시 노원구 월계동 950번지
11350,10200,0,0951,0000,월계센트럴아이파크아파트,,표제부,공동주택,공동주택(아파트),0,885.97,12923.95,20200130,21,0,서울특별시 노원구 월계동 951번지
11350,10200,0,0951,0000,월계센트럴아이파크아파트,,표제부,공동주택,경비실,0,7.07,6.85,20200130,1,0,서울특별시 노원구 월계동 951번지
11350,10200,0,0951,0000,월계센트럴아이파크아파트,,표제부,공동주택,공동주택(아파트),0,885.21,11113.43,20200130,20,0,서울특별시 노원구 월계동 951번지
11350,10200,0,0951,0000,월계센트럴아이파크아파트,,표제부,제2종근린생활시설,근린생활시설,0,1801,3339.69,20200130,2,2,서울특별시 노원구 월계동 951번지
11350,10200,0,0951,0000,월계센트럴아이파크아파트,,표제부,공동주택,경비실,0,7.07,6.85,20200130,1,0,서울특별시 노원구 월계동 951번지
11350,10200,0,0951,0000,월계센트럴아이파크아파트,,표제부,공동주택,"지하주차장,펌프실,전기실,발전기실,사우나기계실,지열기계실,감시실,피트니스센터,골프연습장,독서실",0,0,41911.05,20200130,0,2,서울특별시 노원구 월계동 951번지
11350,10200,0,0951,0000,월계센트럴아이파크아파트,,표제부,공동주택,공동주택(아파트),0,885.21,13541.7,20200130,24,0,서울특별시 노원구 월계동 951번지
11350,10200,0,0951,0000,월계센트럴아이파크아파트,,표제부,공동주택,공동주택(아파트),0,736.23,9957.07,20200130,20,0,서울특별시 노원구 월계동 951번지
11350,10200,0,0951,0000,월계센트럴아이파크아파트,,표제부,공동주택,공동주택(아파트),0,885.97,12292.03,20200130,20,0,서울특별시 노원구 월계동 951번지
11350,10200,0,0951,0000,월계센트럴아이파크아파트,,표제부,공동주택,공동주택(아파트),0,885.21,18313.22,20200130,30,0,서울특별시 노원구 월계동 951번지
11350,10200,0,0951,0000,월계센트럴아이파크아파트,,표제부,공동주택,"어린이집,경로당,주민공동시설,관리사무실,방재실,MDF실,작은도서관",0,203.97,1092.54,20200130,2,0,서울특별시 노원구 월계동 951번지
11350,10200,0,0951,0000,월계센트럴아이파크아파트,,표제부,공동주택,공동주택(아파트),0,885.21,13249.77,20200130,24,0,서울특별시 노원구 월계동 951번지
11350,10200,0,0951,0001,제이하임,,표제부,공동주택,공동주택(도시형생활주택(연립주택)),795.8,390,2998.37,20240911,7,2,서울특별시 노원구 월계동 951-1번지
11350,10200,1,0017,0007,초안산 도자기 체험장,,일반건축물,관광휴게시설,관광휴게시설(공원에부수되는시설),2435,278.88,278.88,20200319,1,0,서울특별시 노원구 월계동 산17-7번지
11350,10200,1,0063,0001,초안산스포츠타운,,일반건축물,제1종근린생활시설,1종근린생활시설,39623,138.3,138.3,20190115,1,0,서울특별시 노원구 월계동 산63-1번지
11350,10200,1,0063,0001,초안산스포츠타운,,일반건축물,제1종근린생활시설,근린생활시설,0,0,30.15,19881013,1,0,서울특별시 노원구 월계동 산63-1번지
11350,10200,1,0069,0000,나동,,일반건축물,관광휴게시설,관광휴게시설,0,25,25,19980911,1,0,서울특별시 노원구 월계동 산69번지
11350,10200,1,0069,0000,가동,,일반건축물,운동시설,"운동시설, 근린생활시설",0,1165.64,2674.44,19980911,2,1,서울특별시 노원구 월계동 산69번지
11350,10200,1,0074,0020,,,일반건축물,단독주택,주택,0,153.6,153.6,19851211,1,0,서울특별시 노원구 월계동 산74-20번지
11350,10200,1,0108,0000,,,일반건축물,단독주택,주택,0,22.48,22.48,,1,0,서울특별시 노원구 월계동 산108번지
11350,10200,1,0122,0011,통합생활관,,일반건축물,"국방,군사시설","국방,군사시설",4316,190.66,190.66,19871231,1,0,서울특별시 노원구 월계동 산122-11번지
11350,10200,1,0122,0011,휴샘저장고(탄),,일반건축물,"국방,군사시설","국방,군사시설",4316,11.96,11.96,19981127,1,0,서울특별시 노원구 월계동 산122-11번지
11350,10200,1,0179,0000,,,일반건축물,단독주택,주택,0,82.65,82.65,,1,0,서울특별시 노원구 월계동 산179번지
11350,10200,1,0189,0000,,,일반건축물,단독주택,주택,0,80.99,80.99,,1,0,서울특별시 노원구 월계동 산189번지
