sigunguCd,bjdongCd,platGbCd,bun,ji,bldNm,splotNm,regstrKindCdNm,mainPurpsCdNm,etcPurps,platArea,archArea,totArea,useAprDay,grndFlrCnt,ugrndFlrCnt,platPlc
11545,10300,0,0001,0001,,,표제부,공동주택,다세대주택,289,142.65,546.48,19930909,3,1,서울특별시 금천구 시흥동 1-1번지
11545,10300,0,0001,0002,,,일반건축물,분뇨.쓰레기처리시설,"화장실,차고",0,29.52,47.52,19790602,2,0,서울특별시 금천구 시흥동 1-2번지
11545,10300,0,0001,0004,,,일반건축물,단독주택,주택,0,82.64,119.82,19781014,1,1,서울특별시 금천구 시흥동 1-4번지
11545,10300,0,0001,0005,,,일반건축물,단독주택,주택,0,93.6,164.7,19830704,2,1,서울특별시 금천구 시흥동 1-5번지
11545,10300,0,0001,0006,,,표제부,공동주택,다세대주택,227,128.65,607.48,20021213,4,1,서울특별시 금천구 시흥동 1-6번지
11545,10300,0,0001,0007,우강빌라,,표제부,공동주택,다세대주택,215,126.24,583.84,20021221,4,1,서울특별시 금천구 시흥동 1-7번지
11545,10300,0,0001,0008,,,일반건축물,단독주택,주택,0,49.43,148.29,19880718,2,1,서울특별시 금천구 시흥동 1-8번지
11545,10300,0,0001,0009,,,일반건축물,단독주택,주택,0,70.7,212.1,19831125,2,1,서울특별시 금천구 시흥동 1-9번지
11545,10300,0,0001,0010,모던패밀리,,표제부,공동주택,도시형생활주택(단지형),342,175.2,512.4,20210111,5,0,서울특별시 금천구 시흥동 1-10번지
11545,10300,0,0001,0011,,,일반건축물,단독주택,다가구주택(7가구),198,98.63,281.18,19920320,2,1,서울특별시 금천구 시흥동 1-11번지
11545,10300,0,0001,0012,,,표제부,공동주택,다세대주택,218,130.21,597.32,20020508,4,1,서울특별시 금천구 시흥동 1-12번지
11545,10300,0,0001,0014,,,일반건축물,종교시설,법당,0,100.83,100.83,19790119,1,0,서울특별시 금천구 시흥동 1-14번지
11545,10300,0,0001,0014,,,일반건축물,근린생활시설,"근린생활시설, 주택",729,405.96,528.92,19930120,2,1,서울특별시 금천구 시흥동 1-14번지
11545,10300,0,0001,0016,,,일반건축물,단독주택,다가구용단독주택(3가구),0,77.11,142.76,19920828,2,1,서울특별시 금천구 시흥동 1-16번지
11545,10300,0,0001,0017,,,표제부,공동주택,주택,0,115.7,130.91,19781017,1,1,서울특별시 금천구 시흥동 1-17번지
11545,10300,0,0001,0018,선학원,,표제부,공동주택,"공동주택,제2종근린생활시설",460,207.34,836.05,20130912,4,1,서울특별시 금천구 시흥동 1-18번지
11545,10300,0,0001,0020,한백아트 7차,,표제부,공동주택,공동주택(다세대주택-도시형생활주택),367,185.1,544.86,20200526,5,0,서울특별시 금천구 시흥동 1-20번지
11545,10300,0,0001,0022,화인아트빌,,표제부,공동주택,다세대주택,355,169.4,798,20020308,4,1,서울특별시 금천구 시흥동 1-22번지
11545,10300,0,0001,0023,한미아트빌,,표제부,공동주택,다세대주택,274,151.6,652.91,20020813,4,1,서울특별시 금천구 시흥동 1-23번지
11545,10300,0,0001,0024,,,표제부,공동주택,연립주택,0,172.56,445.95,19810901,2,1,서울특별시 금천구 시흥동 1-24번지
11545,10300,0,0001,0025,,,표제부,공동주택,주택,0,46.94,98.18,19820920,2,1,서울특별시 금천구 시흥동 1-25번지
11545,10300,0,0001,0025,,,표제부,공동주택,주택,0,46.94,98.18,19820920,2,1,서울특별시 금천구 시흥동 1-25번지
11545,10300,0,0001,0026,,,일반건축물,단독주택,단독주택,172,78.11,227.58,19900615,2,1,서울특별시 금천구 시흥동 1-26번지
11545,10300,0,0001,0028,,,일반건축물,단독주택,단독주택,108,53.94,161.82,19890518,2,1,서울특별시 금천구 시흥동 1-28번지
11545,10300,0,0001,0034,,,표제부,공동주택,다세대주택,251,138.4,614.7,20021220,4,1,서울특별시 금천구 시흥동 1-34번지
11545,10300,0,0001,0036,백아빌라트,,표제부,공동주택,다세대주택,289,145.34,659.85,20021002,4,1,서울특별시 금천구 시흥동 1-36번지
11545,10300,0,0001,0037,황산빌라,,표제부,공동주택,다세대주택,228,136.12,574.81,20021008,4,1,서울특별시 금천구 시흥동 1-37번지
11545,10300,0,0001,0038,,,일반건축물,제1종근린생활시설,"근린생활시설, 주택",233,115.2,488.16,19900828,3,1,서울특별시 금천구 시흥동 1-38번지
11545,10300,0,0001,0042,,,일반건축물,단독주택,다가구주택,167.05,100.21,293.13,19980603,3,0,서울특별시 금천구 시흥동 1-42번지
11545,10300,0,0001,0050,우진빌라트,,표제부,공동주택,다세대주택,215,126.9,470.64,20021028,4,0,서울특별시 금천구 시흥동 1-50번지
11545,10300,0,0001,0053,,,일반건축물,단독주택,주택,0,71.24,79.97,19741228,1,1,서울특별시 금천구 시흥동 1-53번지
11545,10300,0,0001,0054,,,일반건축물,단독주택,다가구용주택(5가구),169,82.11,246.33,19910422,2,1,서울특별시 금천구 시흥동 1-54번지
11545,10300,0,0001,0057,,,일반건축물,단독주택,주택,0,69.21,207.63,19831029,2,1,서울특별시 금천구 시흥동 1-57번지
11545,10300,0,0001,0058,,,표제부,공동주택,"다세대주택,제2종근린생활시설",303,162.18,728.2,20031107,4,1,서울특별시 금천구 시흥동 1-58번지
11545,10300,0,0001,0059,,,일반건축물,단독주택,주택,0,67.77,141.41,19780829,2,1,서울특별시 금천구 시흥동 1-59번지
11545,10300,0,0001,0060,,,표제부,공동주택,"다세대주택,제1종근린생활시설",202,112.97,513.48,20030403,4,1,서울특별시 금천구 시흥동 1-60번지
11545,10300,0,0001,0063,화인아트빌,,표제부,공동주택,다세대주택,349,145.97,656.82,20020222,4,1,서울특별시 금천구 시흥동 1-63번지
11545,10300,0,0001,0069,,,일반건축물,제2종근린생활시설,근린생활시설,0,82.64,213.88,19791218,2,1,서울특별시 금천구 시흥동 1-69번지
11545,10300,0,0001,0070,유호빌라,,표제부,공동주택,연립주택,0,214.08,856.32,19870721,3,1,서울특별시 금천구 시흥동 1-70번지
11545,10300,0,0001,0070,유호빌라,,표제부,공동주택,연립주택,0,107.04,428.16,19870721,3,1,서울특별시 금천구 시흥동 1-70번지
11545,10300,0,0001,0070,유호빌라,,표제부,공동주택,연립주택,0,165.96,663.84,19870721,3,1,서울특별시 금천구 시흥동 1-70번지
11545,10300,0,0001,0070,유호빌라,,표제부,공동주택,연립주택,0,282.96,1131.84,19870721,3,1,서울특별시 금천구 시흥동 1-70번지
11545,10300,0,0001,0070,유호빌라,,표제부,공동주택,연립주택,0,94.32,377.28,19870721,3,1,서울특별시 금천구 시흥동 1-70번지
11545,10300,0,0001,0070,유호빌라,,표제부,공동주택,연립주택,0,321.12,1284.48,19870721,3,1,서울특별시 금천구 시흥동 1-70번지
11545,10300,0,0001,0070,유호빌라,,표제부,공동주택,연립주택,0,214.08,856.32,19870721,3,1,서울특별시 금천구 시흥동 1-70번지
11545,10300,0,0001,0074,,1,일반건축물,단독주택,"가압장, 주택",0,66,132,19891230,2,0,서울특별시 금천구 시흥동 1-74번지
11545,10300,0,0001,0076,,,일반건축물,단독주택,"주택,창고",99,49.43,167.89,19880803,3,1,서울특별시 금천구 시흥동 1-76번지
11545,10300,0,0001,0087,,,일반건축물,제2종근린생활시설,"(제2종)근린생활시설, 주택",149,71.05,336.52,19890324,4,1,서울특별시 금천구 시흥동 1-87번지
11545,10300,0,0001,0089,,,일반건축물,단독주택,단독주택,113,56.34,169.02,19890518,2,1,서울특별시 금천구 시흥동 1-89번지
11545,10300,0,0003,0003,유승셀르빌,,표제부,공동주택,아파트,529,210.1,1486.12,20021018,7,1,서울특별시 금천구 시흥동 3-3번지
11545,10300,0,0003,0004,후암리치빌,,표제부,공동주택,다세대주택,334.57,191.04,719.7,20130829,4,1,서울특별시 금천구 시흥동 3-4번지
11545,10300,0,0003,0006,동산빌라,,표제부,공동주택,연립주택,377,226.06,1030.28,19960410,4,1,서울특별시 금천구 시흥동 3-6번지
11545,10300,0,0003,0007,,,표제부,공동주택,다세대주택,339,156.43,718.72,20020604,4,1,서울특별시 금천구 시흥동 3-7번지
11545,10300,0,0003,0008,한솔그린빌 B동,,표제부,공동주택,다세대주택,344,148.98,659.08,20020917,4,1,서울특별시 금천구 시흥동 3-8번지
11545,10300,0,0003,0010,한솔그린빌,,표제부,공동주택,다세대주택,274,150.74,658.68,20020905,4,1,서울특별시 금천구 시흥동 3-10번지
11545,10300,0,0003,0011,,,일반건축물,단독주택,단독주택,208,82.26,246.78,19890403,2,1,서울특별시 금천구 시흥동 3-11번지
11545,10300,0,0003,0013,대화빌라,,표제부,공동주택,다세대주택,374,192.39,658.92,20030509,5,0,서울특별시 금천구 시흥동 3-13번지
11545,10300,0,0003,0014,,,표제부,공동주택,다세대주택(8세대),298,111.64,446.56,19910703,3,1,서울특별시 금천구 시흥동 3-14번지
11545,10300,0,0003,0015,웨스트오션,,표제부,공동주택,"공동주택, 근린생활시설",529,235.11,867.67,20220103,5,1,서울특별시 금천구 시흥동 3-15번지
11545,10300,0,0003,0018,,,일반건축물,단독주택,"근린생활시설, 다가구주택",225,107.96,339.25,19950607,2,1,서울특별시 금천구 시흥동 3-18번지
11545,10300,0,0003,0019,,,일반건축물,단독주택,다가구주택,221,131.58,371.28,20201027,3,0,서울특별시 금천구 시흥동 3-19번지
11545,10300,0,0003,0020,,,표제부,공동주택,다세대주택,218,130.36,469.82,20031205,4,0,서울특별시 금천구 시흥동 3-20번지
11545,10300,0,0003,0021,,,표제부,공동주택,다세대주택(9세대),232,123.34,560.39,19991120,4,1,서울특별시 금천구 시흥동 3-21번지
11545,10300,0,0003,0022,신진타운,,표제부,공동주택,다세대주택,325,181.2,654.87,20030303,5,0,서울특별시 금천구 시흥동 3-22번지
11545,10300,0,0003,0023,,,표제부,공동주택,다세대주택,225,134.47,620.53,19940331,4,1,서울특별시 금천구 시흥동 3-23번지
11545,10300,0,0003,0024,,,표제부,공동주택,다세대주택,307,163.14,643.73,19940208,4,1,서울특별시 금천구 시흥동 3-24번지
11545,10300,0,0003,0025,,,일반건축물,단독주택,주택,0,87.75,276.49,19841108,2,1,서울특별시 금천구 시흥동 3-25번지
11545,10300,0,0003,0026,아름아트빌,,표제부,공동주택,다세대주택,324,191.76,865.47,20011119,4,1,서울특별시 금천구 시흥동 3-26번지
11545,10300,0,0003,0027,,,일반건축물,단독주택,"근린생활시설, 다가구주택",317,158.92,561.66,19980304,3,1,서울특별시 금천구 시흥동 3-27번지
11545,10300,0,0003,0028,,,표제부,공동주택,아파트,337,158.99,789.25,20051025,5,1,서울특별시 금천구 시흥동 3-28번지
11545,10300,0,0003,0029,,,일반건축물,종교시설,사찰,0,129.59,388.44,19790928,3,1,서울특별시 금천구 시흥동 3-29번지
11545,10300,0,0003,0030,,,일반건축물,단독주택,주택,0,97.85,120.99,19771104,1,1,서울특별시 금천구 시흥동 3-30번지
11545,10300,0,0003,0031,,,표제부,공동주택,다세대주택,0,88.32,441.6,19911004,4,1,서울특별시 금천구 시흥동 3-31번지
11545,10300,0,0003,0031,,,표제부,공동주택,다세대주택,0,183.63,442.8,19911004,4,1,서울특별시 금천구 시흥동 3-31번지
11545,10300,0,0003,0032,,,표제부,공동주택,다세대주택(10세대),312,123.08,598.86,19910422,4,1,서울특별시 금천구 시흥동 3-32번지
11545,10300,0,0003,0033,삼성빌라,,표제부,공동주택,다세대주택,337,188.58,836.59,20030819,4,1,서울특별시 금천구 시흥동 3-33번지
11545,10300,0,0003,0034,,,일반건축물,단독주택,주택,0,78.65,215.6,19840121,2,1,서울특별시 금천구 시흥동 3-34번지
11545,10300,0,0003,0035,,,표제부,공동주택,다세대주택,375.85,140.41,655.96,20021122,4,1,서울특별시 금천구 시흥동 3-35번지
11545,10300,0,0003,0036,초원스카이빌,,표제부,공동주택,다세대주택,291,162.8,658.58,20020923,5,0,서울특별시 금천구 시흥동 3-36번지
11545,10300,0,0003,0037,,,표제부,공동주택,연립주택,0,128.93,267.44,19810304,2,1,서울특별시 금천구 시흥동 3-37번지
11545,10300,0,0003,0038,,,일반건축물,단독주택,다가구주택(3가구),231.4,109.38,328.14,19860725,2,1,서울특별시 금천구 시흥동 3-38번지
11545,10300,0,0003,0039,,,일반건축물,단독주택,주택,0,91.97,180.99,19830517,2,1,서울특별시 금천구 시흥동 3-39번지
11545,10300,0,0003,0040,,,일반건축물,단독주택,다가구주택(4가구),188,96.45,237.69,19821105,2,1,서울특별시 금천구 시흥동 3-40번지
11545,10300,0,0003,0041,,,표제부,공동주택,다세대주택(6세대),183,90.48,271.44,19861124,3,1,서울특별시 금천구 시흥동 3-41번지
11545,10300,0,0003,0042,B동,,일반건축물,단독주택,다가구주택,0,55.08,125.28,19830803,2,1,서울특별시 금천구 시흥동 3-42번지
11545,10300,0,0003,0042,A동,,일반건축물,단독주택,주택,0,55.08,121.86,19830803,2,1,서울특별시 금천구 시흥동 3-42번지
11545,10300,0,0003,0043,,,표제부,공동주택,다세대주택,216.99,106.94,321.78,19861022,2,1,서울특별시 금천구 시흥동 3-43번지
11545,10300,0,0003,0044,,,표제부,공동주택,다세대주택,238,126.52,436.74,19971124,4,0,서울특별시 금천구 시흥동 3-44번지
11545,10300,0,0003,0045,해오름,,표제부,공동주택,공동주택(다세대주택),222,132.08,332.92,20110929,4,0,서울특별시 금천구 시흥동 3-45번지
11545,10300,0,0003,0046,해뜨는집,,표제부,공동주택,도시형생활주택-단지형다세대주택,211.4,116.88,316.46,20140424,5,0,서울특별시 금천구 시흥동 3-46번지
11545,10300,0,0003,0047,,,표제부,공동주택,다세대주택(10세대),231,116.61,570,19910626,4,1,서울특별시 금천구 시흥동 3-47번지
11545,10300,0,0003,0048,,,일반건축물,단독주택,단독주택,113.17,56.34,169.02,19891017,2,1,서울특별시 금천구 시흥동 3-48번지
11545,10300,0,0003,0049,,,표제부,공동주택,다세대주택,0,55.8,171,19860728,2,1,서울특별시 금천구 시흥동 3-49번지
11545,10300,0,0003,0050,,,일반건축물,단독주택,주택,0,54.88,122.98,19820703,2,1,서울특별시 금천구 시흥동 3-50번지
11545,10300,0,0003,0051,모아빌,,표제부,공동주택,공동주택(도시형생활주택),332,185.14,497.94,20210311,5,0,서울특별시 금천구 시흥동 3-51번지
11545,10300,0,0003,0052,,,일반건축물,단독주택,단독주택,251,109.08,327.24,19890412,2,1,서울특별시 금천구 시흥동 3-52번지
11545,10300,0,0003,0053,모던하우스,,표제부,공동주택,"다세대주택,제2종근린생활시설",369.16,191.28,732.15,20200716,4,1,서울특별시 금천구 시흥동 3-53번지
11545,10300,0,0003,0054,,,표제부,공동주택,주택,0,80.99,187.77,19810604,2,1,서울특별시 금천구 시흥동 3-54번지
11545,10300,0,0003,0056,라임스빌,,표제부,공동주택,도시형생활주택(단지형다세대),477.01,122.01,356.64,20160624,5,0,서울특별시 금천구 시흥동 3-56번지
11545,10300,0,0003,0056,라임스빌,,표제부,공동주택,도시형생활주택(단지형다세대),477.01,122.75,358.64,20160624,5,0,서울특별시 금천구 시흥동 3-56번지
11545,10300,0,0003,0057,,,표제부,공동주택,다세대주택,306.39,167.28,630.28,19950601,4,0,서울특별시 금천구 시흥동 3-57번지
11545,10300,0,0003,0058,,,표제부,공동주택,다세대주택(9세대),508.03,303.92,595.71,19930504,4,1,서울특별시 금천구 시흥동 3-58번지
11545,10300,0,0003,0058,,,표제부,공동주택,다세대주택(8세대),508.03,303.92,655.29,19930504,4,1,서울특별시 금천구 시흥동 3-58번지
11545,10300,0,0003,0059,한백아트,,표제부,공동주택,다세대주택,318.8,171.25,634.77,20121211,4,1,서울특별시 금천구 시흥동 3-59번지
11545,10300,0,0003,0060,금강파크빌에이동,,표제부,공동주택,공동주택,475.9,221.62,659.55,20150115,5,0,서울특별시 금천구 시흥동 3-60번지
11545,10300,0,0003,0061,강성빌라,,표제부,공동주택,다세대주택,0,105.15,499.57,19911119,4,1,서울특별시 금천구 시흥동 3-61번지
11545,10300,0,0003,0062,,,표제부,공동주택,연립주택,397,228.4,743.4,19940128,3,1,서울특별시 금천구 시흥동 3-62번지
11545,10300,0,0003,0063,,,일반건축물,단독주택,주택,0,97.44,292.32,19860701,2,1,서울특별시 금천구 시흥동 3-63번지
11545,10300,0,0003,0064,,,일반건축물,문화및집회시설,"문화 및 집회시설, 교육연구 및 복지시설",389.15,232.35,1014.59,19810924,4,1,서울특별시 금천구 시흥동 3-64번지
11545,10300,0,0003,0066,,,일반건축물,노유자시설,"노유자시설, 주택",149,88.36,482.58,19961009,5,1,서울특별시 금천구 시흥동 3-66번지
11545,10300,0,0003,0068,,,일반건축물,단독주택,"근린생활시설, 단독주택",122,73.08,292.32,19950621,4,0,서울특별시 금천구 시흥동 3-68번지
11545,10300,0,0003,0069,,,표제부,공동주택,다세대주택(10세대),317,146.96,658.98,19931025,4,1,서울특별시 금천구 시흥동 3-69번지
11545,10300,0,0003,0071,,,일반건축물,단독주택,주택,0,81.54,244.62,19830512,2,1,서울특별시 금천구 시흥동 3-71번지
11545,10300,0,0003,0072,럭스빌,,표제부,공동주택,다세대주택,258,154.24,447.61,20140314,4,0,서울특별시 금천구 시흥동 3-72번지
11545,10300,0,0003,0073,,,표제부,공동주택,다세대주택,263,152.52,659.58,19921022,4,1,서울특별시 금천구 시흥동 3-73번지
11545,10300,0,0003,0074,현대 힐타운,,표제부,공동주택,공동주택,291,158.06,606.01,20121010,4,1,서울특별시 금천구 시흥동 3-74번지
11545,10300,0,0003,0075,서래 하우스,,표제부,공동주택,공동주택,0,169.03,428.79,20170321,5,0,서울특별시 금천구 시흥동 3-75번지
11545,10300,0,0003,0075,서래 하우스,,표제부,공동주택,공동주택,0,169.04,425.64,20170321,5,0,서울특별시 금천구 시흥동 3-75번지
11545,10300,0,0003,0076,,,표제부,공동주택,다세대주택,229,126.33,449.41,19940421,3,1,서울특별시 금천구 시흥동 3-76번지
11545,10300,0,0003,0077,금강파크빌비동,,표제부,공동주택,공동주택,291,147.63,436.14,20150115,5,0,서울특별시 금천구 시흥동 3-77번지
11545,10300,0,0003,0078,후암리치빌,,표제부,공동주택,다세대주택,287,153.13,551.76,20140708,4,1,서울특별시 금천구 시흥동 3-78번지
11545,10300,0,0003,0079,해강하우스 II,,표제부,공동주택,도시형생활주택/단지형다세대주택,0,184.2,532.72,20200421,5,0,서울특별시 금천구 시흥동 3-79번지
11545,10300,0,0003,0079,해강하우스 II,,표제부,공동주택,도시형생활주택/단지형다세대주택,0,181.79,527.92,20200421,5,0,서울특별시 금천구 시흥동 3-79번지
11545,10300,0,0003,0080,,,표제부,공동주택,다세대주택(8가구),211,98.1,388.44,19910513,3,1,서울특별시 금천구 시흥동 3-80번지
11545,10300,0,0003,0081,개나리빌리지,,표제부,공동주택,다세대주택,364,186.96,658.24,20021129,5,0,서울특별시 금천구 시흥동 3-81번지
11545,10300,0,0003,0083,,,일반건축물,제2종근린생활시설,"사무실,제1종근린생활시설",182,50.56,158,19801007,3,1,서울특별시 금천구 시흥동 3-83번지
11545,10300,0,0003,0084,그린파크빌,,표제부,공동주택,공동주택,258,129.99,385.42,20150421,5,0,서울특별시 금천구 시흥동 3-84번지
11545,10300,0,0003,0085,,,표제부,공동주택,다세대주택,360,174.52,499.32,19901221,2,1,서울특별시 금천구 시흥동 3-85번지
11545,10300,0,0003,0086,,,표제부,공동주택,다세대주택,321.7,176.79,766.38,20020718,4,1,서울특별시 금천구 시흥동 3-86번지
11545,10300,0,0003,0087,,1,일반건축물,단독주택,주택,142,70.66,211.98,19880414,2,1,서울특별시 금천구 시흥동 3-87번지
11545,10300,0,0003,0088,,,표제부,공동주택,다세대주택(6세대),217.64,107.76,323.28,19881129,2,1,서울특별시 금천구 시흥동 3-88번지
11545,10300,0,0003,0090,,,일반건축물,단독주택,주택,0,87.72,247.65,19830621,2,1,서울특별시 금천구 시흥동 3-90번지
11545,10300,0,0003,0091,,,표제부,공동주택,다세대주택(10세대),274,140.4,650.8,19930913,4,1,서울특별시 금천구 시흥동 3-91번지
11545,10300,0,0003,0092,,,일반건축물,단독주택,단독주택,185,91.98,275.94,19890320,2,1,서울특별시 금천구 시흥동 3-92번지
11545,10300,0,0003,0093,,,일반건축물,단독주택,다가구용단독주택(5가구),165,98.16,294.48,19950126,2,1,서울특별시 금천구 시흥동 3-93번지
11545,10300,0,0003,0094,해강하우스,,표제부,공동주택,공동주택,327,175.63,490.07,20170425,5,0,서울특별시 금천구 시흥동 3-94번지
11545,10300,0,0003,0095,,,표제부,공동주택,공동주택,311,186.37,659.28,19951219,3,1,서울특별시 금천구 시흥동 3-95번지
11545,10300,0,0003,0096,다온캐슬,,표제부,공동주택,공동주택,317,186.6,475.4,20211124,5,0,서울특별시 금천구 시흥동 3-96번지
11545,10300,0,0003,0097,,,표제부,공동주택,다세대주택,316.22,185.94,657.36,19931223,3,1,서울특별시 금천구 시흥동 3-97번지
11545,10300,0,0003,0098,한백아트,,표제부,공동주택,다세대주택(14세대),393,233.95,588.43,20121217,4,0,서울특별시 금천구 시흥동 3-98번지
11545,10300,0,0003,0099,삼성원빌,,표제부,공동주택,도시형생활주택(단지형다세대주택),393,187.62,587.72,20160620,5,0,서울특별시 금천구 시흥동 3-99번지
11545,10300,0,0003,0100,한솔시티빌,,표제부,공동주택,"제1종근린생활시설,도시형생활주택",363.3,188,544.36,20190725,5,0,서울특별시 금천구 시흥동 3-100번지
11545,10300,0,0003,0101,동도그린빌리지,,표제부,공동주택,연립주택(19세대),675.15,401.28,2193.65,19960604,4,2,서울특별시 금천구 시흥동 3-101번지
11545,10300,0,0003,0102,영산빌라,,표제부,공동주택,다세대주택,166,98.82,399.84,20011205,5,0,서울특별시 금천구 시흥동 3-102번지
11545,10300,0,0003,0103,,,일반건축물,단독주택,주택,0,83.97,205.62,19800701,2,1,서울특별시 금천구 시흥동 3-103번지
11545,10300,0,0003,0107,이지홈,,표제부,공동주택,다세대주택,347,176.48,737.92,20130305,4,1,서울특별시 금천구 시흥동 3-107번지
11545,10300,0,0003,0108,현대하이츠,,표제부,공동주택,연립주택,387,231.8,1034.82,19931104,4,1,서울특별시 금천구 시흥동 3-108번지
11545,10300,0,0003,0109,J펠리체,,표제부,공동주택,공동주택,294,175.67,440.77,20191128,5,0,서울특별시 금천구 시흥동 3-109번지
11545,10300,0,0003,0110,,,일반건축물,단독주택,주택,0,76.03,187.76,19800425,2,1,서울특별시 금천구 시흥동 3-110번지
11545,10300,0,0003,0111,영팰리스,,표제부,공동주택,도시형생활주택(단지형다세대주택),436,209.51,653.57,20160509,5,0,서울특별시 금천구 시흥동 3-111번지
11545,10300,0,0003,0113,해강하우스2 A동,,표제부,공동주택,공동주택,304,177.16,455.94,20200106,5,0,서울특별시 금천구 시흥동 3-113번지
11545,10300,0,0003,0114,금강파크빌,,표제부,공동주택,공동주택,278,158.55,416.7,20170113,5,0,서울특별시 금천구 시흥동 3-114번지
11545,10300,0,0003,0116,,,표제부,공동주택,다세대주택,300,112.38,564.75,19920407,4,1,서울특별시 금천구 시흥동 3-116번지
11545,10300,0,0003,0117,,,일반건축물,단독주택,"주택, 점포",0,96.96,218.4,19840607,2,1,서울특별시 금천구 시흥동 3-117번지
11545,10300,0,0003,0118,,,표제부,공동주택,다세대주택(8세대),339.12,172.02,657.57,19990128,4,1,서울특별시 금천구 시흥동 3-118번지
11545,10300,0,0003,0119,,,표제부,공동주택,다세대주택(9세대),287,169.64,648.26,19970910,4,1,서울특별시 금천구 시흥동 3-119번지
11545,10300,0,0003,0122,,,일반건축물,단독주택,주택,0,71.74,196.7,19821126,2,1,서울특별시 금천구 시흥동 3-122번지
11545,10300,0,0003,0123,,,표제부,공동주택,공동주택,426,241.61,894.02,20210913,4,1,서울특별시 금천구 시흥동 3-123번지
11545,10300,0,0003,0135,,,일반건축물,단독주택,다가구용단독주택(5가구),129,66.42,199.26,19910613,2,1,서울특별시 금천구 시흥동 3-135번지
11545,10300,0,0003,0136,,,일반건축물,단독주택,단독주택,129,64.28,192.84,19901015,2,1,서울특별시 금천구 시흥동 3-136번지
11545,10300,0,0003,0145,,,일반건축물,단독주택,주택,0,47.6,96.43,19770629,2,1,서울특별시 금천구 시흥동 3-145번지
11545,10300,0,0003,0147,,,일반건축물,단독주택,다가구주택(5가구),93,55.7,147.72,19930430,2,1,서울특별시 금천구 시흥동 3-147번지
11545,10300,0,0003,0148,,,일반건축물,단독주택,주택,0,47.6,96.43,19770629,2,1,서울특별시 금천구 시흥동 3-148번지
11545,10300,0,0003,0149,,,일반건축물,단독주택,주택,0,75.37,168.95,19810612,2,1,서울특별시 금천구 시흥동 3-149번지
11545,10300,0,0003,0150,,,일반건축물,단독주택,"근린생활시설, 주택",141.98,69.6,297.68,19920428,4,1,서울특별시 금천구 시흥동 3-150번지
11545,10300,0,0003,0151,,,일반건축물,단독주택,다가구용단독주택(6가구),180,82.32,246.96,19901119,2,1,서울특별시 금천구 시흥동 3-151번지
11545,10300,0,0003,0152,,,일반건축물,단독주택,다가구용주택(5가구),166,85.92,248.94,19910719,2,1,서울특별시 금천구 시흥동 3-152번지
11545,10300,0,0003,0153,,,일반건축물,단독주택,"근린생활시설, 주택",0,102.51,316.53,19880511,2,1,서울특별시 금천구 시흥동 3-153번지
11545,10300,0,0003,0156,명인빌라,,표제부,공동주택,다세대주택,174,98.5,368.96,20070518,3,1,서울특별시 금천구 시흥동 3-156번지
11545,10300,0,0003,0157,,,표제부,공동주택,다세대주택(9세대),170.63,98.1,445.91,19940526,4,1,서울특별시 금천구 시흥동 3-157번지
11545,10300,0,0003,0158,,,표제부,공동주택,공동주택(다세대주택),231,121.4,424,19980225,4,0,서울특별시 금천구 시흥동 3-158번지
11545,10300,0,0003,0159,다솔빌리지 B동,,표제부,공동주택,다세대주택,225,134,533.26,20021212,5,0,서울특별시 금천구 시흥동 3-159번지
11545,10300,0,0003,0160,다솔빌리지 A동,,표제부,공동주택,다세대주택,224,134.11,503.9,20021210,5,0,서울특별시 금천구 시흥동 3-160번지
11545,10300,0,0003,0161,행운빌라,,표제부,공동주택,다세대주택,338,187.15,659.9,20020418,5,0,서울특별시 금천구 시흥동 3-161번지
11545,10300,0,0003,0163,,,표제부,공동주택,다세대주택,284,170.4,622.74,20020625,5,0,서울특별시 금천구 시흥동 3-163번지
11545,10300,0,0003,0166,,,표제부,공동주택,주택,0,80.99,187.77,19810604,2,1,서울특별시 금천구 시흥동 3-166번지
11545,10300,0,0003,0167,,,일반건축물,단독주택,다가구주택,0,0,187.77,19810604,2,1,서울특별시 금천구 시흥동 3-167번지
11545,10300,0,0003,0168,,,표제부,공동주택,주택,0,80.99,187.77,19810604,2,1,서울특별시 금천구 시흥동 3-168번지
11545,10300,0,0003,0171,,,일반건축물,단독주택,주택,0,77.49,232.47,19830506,2,1,서울특별시 금천구 시흥동 3-171번지
11545,10300,0,0003,0172,대명맨션,,표제부,공동주택,다세대주택,298,167.93,809.12,20020918,4,1,서울특별시 금천구 시흥동 3-172번지
11545,10300,0,0003,0174,,,일반건축물,단독주택,주택,0,82.26,164.52,19830506,2,1,서울특별시 금천구 시흥동 3-174번지
11545,10300,0,0003,0175,은하빌리지,,표제부,공동주택,공동주택,186,94.43,382.39,20110121,4,1,서울특별시 금천구 시흥동 3-175번지
11545,10300,0,0003,0178,미래빌라,,표제부,공동주택,다세대주택,330,145.08,649.65,20030515,4,1,서울특별시 금천구 시흥동 3-178번지
11545,10300,0,0003,0181,,,일반건축물,단독주택,주택,0,82.2,234.25,19840121,2,1,서울특별시 금천구 시흥동 3-181번지
11545,10300,0,0003,0184,,,일반건축물,단독주택,주택,0,87.75,279.43,19841108,2,1,서울특별시 금천구 시흥동 3-184번지
11545,10300,0,0003,0190,,,표제부,공동주택,다세대주택,112,55.8,171,19860728,2,1,서울특별시 금천구 시흥동 3-190번지
11545,10300,0,0003,0193,,,일반건축물,단독주택,단독주택,165,82.26,246.78,19880421,2,1,서울특별시 금천구 시흥동 3-193번지
11545,10300,0,0003,0196,,,표제부,공동주택,다세대주택(6세대),215.8,107.86,323.58,19881129,2,1,서울특별시 금천구 시흥동 3-196번지
11545,10300,0,0003,0197,,1,표제부,공동주택,다세대주택,230.9,107.86,323.58,19890201,2,1,서울특별시 금천구 시흥동 3-197번지
11545,10300,0,0003,0198,,,일반건축물,단독주택,단독주택,132,65.88,197.64,19890220,2,1,서울특별시 금천구 시흥동 3-198번지
11545,10300,0,0003,0200,,,일반건축물,단독주택,단독주택,114,56.34,169.02,19891025,2,1,서울특별시 금천구 시흥동 3-200번지
11545,10300,0,0003,0201,,,표제부,공동주택,다세대주택,241,95.22,380.88,19920217,3,1,서울특별시 금천구 시흥동 3-201번지
11545,10300,0,0003,0202,,,표제부,공동주택,다세대주택,201,77.5,299.88,19920402,3,1,서울특별시 금천구 시흥동 3-202번지
11545,10300,0,0003,0203,,,표제부,공동주택,다세대주택,180,81.84,245.52,19920131,2,1,서울특별시 금천구 시흥동 3-203번지
11545,10300,0,0003,0204,,,표제부,공동주택,다세대주택,165,81.84,245.52,19920327,2,1,서울특별시 금천구 시흥동 3-204번지
11545,10300,0,0003,0207,,,표제부,공동주택,다세대주택,184,82.44,247.32,19920206,2,1,서울특별시 금천구 시흥동 3-207번지
11545,10300,0,0003,0208,흥양주택,,표제부,공동주택,다세대주택,0,89.82,359.28,19920113,3,1,서울특별시 금천구 시흥동 3-208번지
11545,10300,0,0003,0209,,,표제부,공동주택,다세대주택,177,81.84,245.52,19920402,2,1,서울특별시 금천구 시흥동 3-209번지
11545,10300,0,0003,0210,,,표제부,공동주택,다세대주택,179,81.84,245.52,19920402,2,1,서울특별시 금천구 시흥동 3-210번지
11545,10300,0,0003,0211,,,표제부,공동주택,다세대주택,179,81.84,245.52,19920131,2,1,서울특별시 금천구 시흥동 3-211번지
11545,10300,0,0003,0212,,,표제부,공동주택,다세대주택,165,81.84,245.52,19920323,2,1,서울특별시 금천구 시흥동 3-212번지
11545,10300,0,0003,0213,,,표제부,공동주택,다세대주택,167,81.84,245.52,19920318,2,1,서울특별시 금천구 시흥동 3-213번지
11545,10300,0,0003,0214,대흥빌라,,표제부,공동주택,다세대주택,0,83.22,249.66,19920323,2,1,서울특별시 금천구 시흥동 3-214번지
11545,10300,0,0003,0215,,,표제부,공동주택,다세대주택,168,81.84,245.52,19920402,2,1,서울특별시 금천구 시흥동 3-215번지
11545,10300,0,0003,0216,,,표제부,공동주택,다세대주택,179,81.84,245.52,19920402,2,1,서울특별시 금천구 시흥동 3-216번지
11545,10300,0,0003,0218,유승빌라,,표제부,공동주택,공동주택,331.66,145.44,649.2,20010901,4,1,서울특별시 금천구 시흥동 3-218번지
11545,10300,0,0003,0219,,,표제부,공동주택,다세대주택(8세대),212,98.1,392.4,19910509,3,1,서울특별시 금천구 시흥동 3-219번지
11545,10300,0,0003,0220,,,표제부,공동주택,다세대주택(9세대),356,123.08,598.86,19910422,4,1,서울특별시 금천구 시흥동 3-220번지
11545,10300,0,0003,0222,,,표제부,공동주택,다세대주택,266.25,95.04,475.2,19920519,4,1,서울특별시 금천구 시흥동 3-222번지
11545,10300,0,0003,0223,현대맨션,,표제부,공동주택,다세대주택,0,131.56,659.58,19920914,4,1,서울특별시 금천구 시흥동 3-223번지
11545,10300,0,0003,0226,,,표제부,공동주택,다세대주택,322,157.62,713.99,20020516,4,1,서울특별시 금천구 시흥동 3-226번지
11545,10300,0,0004,0005,영광하이츠빌라,,표제부,공동주택,연립주택(16세대),686.04,323.8,1295.64,19910130,3,1,서울특별시 금천구 시흥동 4-5번지
11545,10300,0,0004,0007,,,표제부,공동주택,다세대주택(8세대),202,100.92,403.68,19910514,3,1,서울특별시 금천구 시흥동 4-7번지
11545,10300,0,0004,0009,,,일반건축물,단독주택,단독주택,159,78.81,236.43,19910126,2,1,서울특별시 금천구 시흥동 4-9번지
11545,10300,0,0004,0011,,,표제부,공동주택,공동주택,184,109.58,487.32,20190416,4,1,서울특별시 금천구 시흥동 4-11번지
11545,10300,0,0004,0013,,,표제부,공동주택,"다세대주택, 근린생활시설",228.65,135.69,613.18,19950807,4,1,서울특별시 금천구 시흥동 4-13번지
11545,10300,0,0004,0014,,,일반건축물,단독주택,"단독주택, 근린생활시설",155,92.52,446.4,20001125,4,1,서울특별시 금천구 시흥동 4-14번지
11545,10300,0,0004,0015,,,일반건축물,단독주택,단독주택,147.74,72.27,225.96,19870527,2,1,서울특별시 금천구 시흥동 4-15번지
11545,10300,0,0004,0017,,,일반건축물,단독주택,주택,0,74.38,148.1,19781115,2,1,서울특별시 금천구 시흥동 4-17번지
11545,10300,0,0004,0019,,,일반건축물,단독주택,단독주택,142,70.92,209.88,19890728,2,1,서울특별시 금천구 시흥동 4-19번지
11545,10300,0,0004,0021,,,일반건축물,단독주택,주택,139,69.09,207.27,19881019,2,1,서울특별시 금천구 시흥동 4-21번지
11545,10300,0,0004,0025,,,표제부,공동주택,"근린생활시설, 다세대주택",231,120.84,576.6,19931102,4,1,서울특별시 금천구 시흥동 4-25번지
11545,10300,0,0004,0026,,,일반건축물,단독주택,주택,0,86.58,259.74,19830614,2,1,서울특별시 금천구 시흥동 4-26번지
11545,10300,0,0004,0030,,,일반건축물,단독주택,단독주택,96,47.55,142.65,19890608,2,1,서울특별시 금천구 시흥동 4-30번지
11545,10300,0,0004,0031,,,일반건축물,단독주택,단독주택,122,60.78,182.34,19890804,2,1,서울특별시 금천구 시흥동 4-31번지
11545,10300,0,0004,0032,,,일반건축물,단독주택,다가구주택(5가구),119,58.68,176.04,19920525,2,1,서울특별시 금천구 시흥동 4-32번지
11545,10300,0,0004,0033,,,일반건축물,단독주택,다가구주택(5가구),113.95,56.88,170.64,19920520,2,1,서울특별시 금천구 시흥동 4-33번지
11545,10300,0,0004,0034,,,일반건축물,단독주택,"근린생활시설, 주택",143.97,71.82,215.46,19871021,3,1,서울특별시 금천구 시흥동 4-34번지
11545,10300,0,0004,0036,,,일반건축물,단독주택,다가구용단독주택(4가구),162,80.89,242.67,19901102,2,1,서울특별시 금천구 시흥동 4-36번지
11545,10300,0,0004,0039,,,일반건축물,단독주택,다가구용단독주택(6가구),155,86.62,217.19,19931022,2,1,서울특별시 금천구 시흥동 4-39번지
11545,10300,0,0004,0043,,,일반건축물,단독주택,단독주택,198,98.13,294.39,19881227,2,1,서울특별시 금천구 시흥동 4-43번지
11545,10300,0,0004,0044,,,일반건축물,단독주택,주택,0,81.98,148.1,19780810,2,1,서울특별시 금천구 시흥동 4-44번지
11545,10300,0,0004,0045,,,일반건축물,단독주택,주택,0,80.45,241.35,19830818,2,1,서울특별시 금천구 시흥동 4-45번지
11545,10300,0,0004,0063,,,일반건축물,단독주택,다가구용단독주택,159,95.18,351.6,19990521,3,1,서울특별시 금천구 시흥동 4-63번지
11545,10300,0,0004,0064,,,일반건축물,단독주택,다가구용단독주택(5가구),159,94.77,350.76,19970721,3,1,서울특별시 금천구 시흥동 4-64번지
11545,10300,0,0004,0065,,,일반건축물,단독주택,다가구용단독주택(4가구).제1종근린생활시설,132,65.7,238.5,19900825,2,2,서울특별시 금천구 시흥동 4-65번지
11545,10300,0,0004,0066,,,일반건축물,단독주택,단독주택,146,71.85,215.55,19891208,2,1,서울특별시 금천구 시흥동 4-66번지
11545,10300,0,0004,0067,,,일반건축물,단독주택,단독주택,146,72.66,217.98,19890803,2,1,서울특별시 금천구 시흥동 4-67번지
11545,10300,0,0004,0068,,,일반건축물,단독주택,"주택, 점포",0,75.9,149.89,19751223,2,1,서울특별시 금천구 시흥동 4-68번지
11545,10300,0,0004,0069,,,일반건축물,단독주택,단독주택,142,70.29,212.31,19890803,2,1,서울특별시 금천구 시흥동 4-69번지
11545,10300,0,0004,0070,,,일반건축물,단독주택,주택,0,70.2,210.6,19831110,2,1,서울특별시 금천구 시흥동 4-70번지
11545,10300,0,0004,0071,,,일반건축물,단독주택,단독주택,145,72.38,217.14,19880830,2,1,서울특별시 금천구 시흥동 4-71번지
11545,10300,0,0004,0072,,,일반건축물,단독주택,단독주택,149,74.07,222.21,19870807,2,1,서울특별시 금천구 시흥동 4-72번지
11545,10300,0,0004,0073,,,일반건축물,단독주택,주택,0,83.85,83.85,19751210,1,0,서울특별시 금천구 시흥동 4-73번지
11545,10300,0,0004,0074,,,일반건축물,단독주택,"근린생활시설, 주택",145,71.28,213.84,19850206,3,1,서울특별시 금천구 시흥동 4-74번지
11545,10300,0,0004,0075,,,일반건축물,단독주택,주택,0,79.92,261.72,19890412,2,2,서울특별시 금천구 시흥동 4-75번지
11545,10300,0,0004,0076,,,일반건축물,단독주택,단독주택,162,80.85,249.75,19881125,2,1,서울특별시 금천구 시흥동 4-76번지
11545,10300,0,0004,0077,,,일반건축물,단독주택,단독주택,162,80.85,255.75,19890113,2,1,서울특별시 금천구 시흥동 4-77번지
11545,10300,0,0004,0078,,,일반건축물,단독주택,다가구주택,162,96.2,358.07,20120425,3,1,서울특별시 금천구 시흥동 4-78번지
11545,10300,0,0004,0079,,,표제부,공동주택,공동주택,321,180.17,475.52,20211006,5,0,서울특별시 금천구 시흥동 4-79번지
11545,10300,0,0004,0080,,,일반건축물,단독주택,다가구주택(6가구),155,82.25,248.39,19920527,2,1,서울특별시 금천구 시흥동 4-80번지
11545,10300,0,0004,0081,,,일반건축물,단독주택,다가구용단독주택(3가구),169,100.59,230.82,19971105,2,1,서울특별시 금천구 시흥동 4-81번지
11545,10300,0,0004,0083,,,일반건축물,단독주택,단독주택,159,78.86,236.58,19880802,2,1,서울특별시 금천구 시흥동 4-83번지
11545,10300,0,0004,0084,,,일반건축물,단독주택,단독주택,155,76.87,230.61,19880707,2,1,서울특별시 금천구 시흥동 4-84번지
11545,10300,0,0004,0085,,,일반건축물,단독주택,다가구용단독주택(5가구),142,84.01,219.3,19930927,2,1,서울특별시 금천구 시흥동 4-85번지
11545,10300,0,0004,0087,,,일반건축물,단독주택,주택,0,107.64,322.92,19831125,2,1,서울특별시 금천구 시흥동 4-87번지
11545,10300,0,0004,0091,,,일반건축물,단독주택,주택(3가구),130,72.61,208.03,19880830,2,1,서울특별시 금천구 시흥동 4-91번지
11545,10300,0,0004,0095,,,일반건축물,단독주택,다가구용단독주택(5가구),0,60.1,179.49,19920708,2,1,서울특별시 금천구 시흥동 4-95번지
11545,10300,0,0004,0098,,,일반건축물,단독주택,단독주택,99,49.38,148.14,19890926,2,1,서울특별시 금천구 시흥동 4-98번지
11545,10300,0,0004,0118,,,일반건축물,단독주택,다가구용단독주택,205,122.88,491.52,19970627,3,1,서울특별시 금천구 시흥동 4-118번지
11545,10300,0,0004,0119,,,일반건축물,단독주택,다가구용단독주택(8가구),202,120.44,461.06,19970529,3,1,서울특별시 금천구 시흥동 4-119번지
11545,10300,0,0004,0120,,,일반건축물,제2종근린생활시설,"근린생활시설, 주택(1가구)",365.5,206.46,965.06,19951223,5,1,서울특별시 금천구 시흥동 4-120번지
11545,10300,0,0004,0127,한빛빌라,,표제부,공동주택,공동주택,340,176.58,657.78,20010515,5,0,서울특별시 금천구 시흥동 4-127번지
11545,10300,0,0004,0133,,,일반건축물,단독주택,단독주택,119,59.49,178.47,19890608,2,1,서울특별시 금천구 시흥동 4-133번지
11545,10300,0,0004,0134,,,일반건축물,단독주택,단독주택,99,49.17,147.51,19891025,2,1,서울특별시 금천구 시흥동 4-134번지
11545,10300,0,0004,0135,,,일반건축물,단독주택,단독주택,116,57.96,173.88,19890930,2,1,서울특별시 금천구 시흥동 4-135번지
11545,10300,0,0004,0136,,,일반건축물,단독주택,다가구용단독주택(5가구),0,65.58,196.74,19920622,2,1,서울특별시 금천구 시흥동 4-136번지
11545,10300,0,0004,0138,,,일반건축물,단독주택,다가구주택(5가구),126,62.28,186.84,19920512,2,1,서울특별시 금천구 시흥동 4-138번지
11545,10300,0,0004,0142,,,일반건축물,단독주택,다가구주택(5가구),119,59.22,177.66,19920601,2,1,서울특별시 금천구 시흥동 4-142번지
11545,10300,0,0004,0144,영광하이츠빌라,,표제부,공동주택,연립주택(16세대),688,323.8,1295.64,19910130,3,1,서울특별시 금천구 시흥동 4-144번지
11545,10300,0,0004,0145,,,일반건축물,단독주택,주택,0,80.45,241.35,19830818,2,1,서울특별시 금천구 시흥동 4-145번지
11545,10300,0,0004,0146,한빛빌라,,표제부,공동주택,공동주택,312,177.51,659.04,20010515,5,0,서울특별시 금천구 시흥동 4-146번지
11545,10300,0,0004,0147,한빛빌라,,표제부,공동주택,다세대주택,318,168.74,829.82,20020206,4,1,서울특별시 금천구 시흥동 4-147번지
11545,10300,0,0004,0148,한빛빌라,,표제부,공동주택,다세대주택,298,131.07,623.57,20011124,4,1,서울특별시 금천구 시흥동 4-148번지
11545,10300,0,0005,0013,삼익아파트,,표제부,공동주택,공동주택(아파트),0,318.72,5433,19990920,20,1,서울특별시 금천구 시흥동 5-13번지
11545,10300,0,0005,0013,삼익아파트,,표제부,공동주택,공동주택(아파트),0,356.24,5957.6,19990920,19,0,서울특별시 금천구 시흥동 5-13번지
11545,10300,0,0005,0013,삼익아파트,,표제부,공동주택,공동주택(아파트),0,497.08,7602.48,19990920,19,0,서울특별시 금천구 시흥동 5-13번지
11545,10300,0,0005,0013,삼익아파트,,표제부,공동주택,공동주택(아파트),0,403.66,6114.4,19990920,18,0,서울특별시 금천구 시흥동 5-13번지
11545,10300,0,0005,0013,삼익아파트,,표제부,공동주택,공동주택(아파트),0,318.72,6724.8,19990920,25,1,서울특별시 금천구 시흥동 5-13번지
11545,10300,0,0005,0013,삼익아파트,,표제부,노유자시설,보육시설,0,384.1,384.1,19990920,2,1,서울특별시 금천구 시흥동 5-13번지
11545,10300,0,0005,0013,삼익아파트,,표제부,공동주택,공동주택(아파트),0,281.17,5724.36,19990920,25,0,서울특별시 금천구 시흥동 5-13번지
11545,10300,0,0005,0013,삼익아파트,,표제부,공동주택,공동주택(아파트),0,347.92,5983.22,19990920,19,0,서울특별시 금천구 시흥동 5-13번지
11545,10300,0,0005,0013,삼익아파트,,표제부,공동주택,"생활편익시설,제1종,2종근린생활시설,",0,748.05,2350.05,19990920,4,1,서울특별시 금천구 시흥동 5-13번지
11545,10300,0,0005,0013,삼익아파트,,표제부,공동주택,공동주택(아파트),0,244.34,5189.76,19990920,25,1,서울특별시 금천구 시흥동 5-13번지
11545,10300,0,0005,0013,삼익아파트,,표제부,공동주택,공동주택(아파트),0,347.92,5983.22,19990920,19,0,서울특별시 금천구 시흥동 5-13번지
11545,10300,0,0005,0013,삼익아파트,,표제부,공동주택,공동주택(아파트),0,403.66,6079.52,19990920,17,1,서울특별시 금천구 시흥동 5-13번지
11545,10300,0,0005,0013,삼익아파트,,표제부,공동주택,공동주택(아파트),0,248.54,3805.32,19990920,18,1,서울특별시 금천구 시흥동 5-13번지
11545,10300,0,0005,0013,삼익아파트,,표제부,공동주택,공동주택(아파트),0,473.08,6321.42,19990920,18,0,서울특별시 금천구 시흥동 5-13번지
11545,10300,0,0005,0013,삼익아파트,,표제부,공동주택,공동주택(아파트),0,321.62,6734.08,19990920,25,1,서울특별시 금천구 시흥동 5-13번지
11545,10300,0,0008,0004,,,일반건축물,노유자시설,"근린생활시설, 노유자시설(영유아보육시설)",174,95.96,335.46,19831015,3,1,서울특별시 금천구 시흥동 8-4번지
11545,10300,0,0008,0009,장수경로당,,일반건축물,노유자시설,노유자시설(경로당),236,112.33,333.89,20091116,3,1,서울특별시 금천구 시흥동 8-9번지
11545,10300,0,0008,0011,,,일반건축물,단독주택,주택,0,82.49,247.36,19831015,2,1,서울특별시 금천구 시흥동 8-11번지
11545,10300,0,0008,0012,,,일반건축물,단독주택,"근린생활시설, 주택",0,82.49,247.36,19831015,2,1,서울특별시 금천구 시흥동 8-12번지
11545,10300,0,0008,0013,,,일반건축물,단독주택,"주택,제2종근린생활시설",184,89.55,249.96,19831015,2,1,서울특별시 금천구 시흥동 8-13번지
11545,10300,0,0008,0014,,,일반건축물,단독주택,"주택, 근린생활시설",169,82.49,245.02,19831015,2,1,서울특별시 금천구 시흥동 8-14번지
11545,10300,0,0008,0015,,,일반건축물,단독주택,"근린생활시설, 주택,제2종근린생활시설",0,80.2,227.8,19831015,2,1,서울특별시 금천구 시흥동 8-15번지
11545,10300,0,0008,0017,,,일반건축물,제2종근린생활시설,문화센터,2630,587.31,1851.01,19990203,3,1,서울특별시 금천구 시흥동 8-17번지
11545,10300,0,0021,0002,,,일반건축물,종교시설,교회,0,80.99,242.97,19821014,3,1,서울특별시 금천구 시흥동 21-2번지
11545,10300,0,0021,0003,동심어린이집,,일반건축물,노유자시설,노유자시설(영유아보육시설),178,105.38,296.16,19820519,3,0,서울특별시 금천구 시흥동 21-3번지
11545,10300,0,0021,0012,,,일반건축물,단독주택,단독주택,237,86.36,268.39,19850705,2,1,서울특별시 금천구 시흥동 21-12번지
11545,10300,0,0021,0013,,,일반건축물,단독주택,다가구용단독주택,178,106.77,296.78,19950605,2,1,서울특별시 금천구 시흥동 21-13번지
11545,10300,0,0021,0014,한신에이스,,표제부,공동주택,도시형생활주택(단지형다세대주택),356,204.46,659.69,20230828,6,1,서울특별시 금천구 시흥동 21-14번지
11545,10300,0,0021,0016,한신에이스,,일반건축물,단독주택,단독주택,178,106.69,329.93,20211209,3,1,서울특별시 금천구 시흥동 21-16번지
11545,10300,0,0021,0018,롯데빌리지,,표제부,공동주택,다세대주택,345,151.46,657.18,20021002,4,1,서울특별시 금천구 시흥동 21-18번지
11545,10300,0,0021,0019,,,일반건축물,단독주택,"주택, 점포",0,115.37,510.41,19791229,3,1,서울특별시 금천구 시흥동 21-19번지
11545,10300,0,0026,0012,,,일반건축물,단독주택,연립주택,0,202.88,273.13,19750723,1,1,서울특별시 금천구 시흥동 26-12번지
11545,10300,0,0054,0002,,,일반건축물,제2종근린생활시설,근린생활시설,799,331.08,353.48,19951127,1,1,서울특별시 금천구 시흥동 54-2번지
11545,10300,0,0058,0001,,,일반건축물,단독주택,다가구용주택(4가구),165,98.87,254.04,19921106,2,1,서울특별시 금천구 시흥동 58-1번지
11545,10300,0,0058,0002,,,일반건축물,단독주택,단독주택,165,82.13,244.08,19880512,2,1,서울특별시 금천구 시흥동 58-2번지
11545,10300,0,0058,0003,,,일반건축물,단독주택,주택,0,72.21,214.93,19880722,2,1,서울특별시 금천구 시흥동 58-3번지
11545,10300,0,0058,0004,,,일반건축물,단독주택,단독주택,172,84.8,246.31,19880818,2,1,서울특별시 금천구 시흥동 58-4번지
11545,10300,0,0058,0007,,,일반건축물,단독주택,단독주택,145,72.36,217.08,19890721,2,1,서울특별시 금천구 시흥동 58-7번지
11545,10300,0,0058,0008,,,일반건축물,단독주택,단독주택,112.15,55.96,167.13,19900206,2,1,서울특별시 금천구 시흥동 58-8번지
11545,10300,0,0058,0010,,,일반건축물,단독주택,단독주택,132,65.54,196.62,19890529,2,1,서울특별시 금천구 시흥동 58-10번지
11545,10300,0,0058,0011,,,일반건축물,단독주택,주택,0,65.61,198.57,19890724,2,1,서울특별시 금천구 시흥동 58-11번지
11545,10300,0,0058,0012,,,일반건축물,단독주택,다가구용단독주택(6가구),97.7,51.35,149.37,19930130,2,1,서울특별시 금천구 시흥동 58-12번지
11545,10300,0,0058,0013,,,일반건축물,단독주택,주택,0,45.64,136.92,19880701,2,1,서울특별시 금천구 시흥동 58-13번지
11545,10300,0,0058,0014,,,일반건축물,단독주택,주택(3가구),98.15,48.86,146.58,19880830,2,1,서울특별시 금천구 시흥동 58-14번지
11545,10300,0,0058,0015,,,일반건축물,단독주택,단독주택,104.05,51.87,155.61,19890612,2,1,서울특별시 금천구 시흥동 58-15번지
11545,10300,0,0079,0002,,,일반건축물,단독주택,주택,0,64,64,19671020,1,0,서울특별시 금천구 시흥동 79-2번지
11545,10300,0,0084,0005,,,일반건축물,단독주택,주택,0,43.57,43.57,19680304,1,0,서울특별시 금천구 시흥동 84-5번지
11545,10300,0,0103,0005,,,일반건축물,제2종근린생활시설,"근린생활시설, 간이음식점, 점포",0,54.51,109.02,19620305,2,0,서울특별시 금천구 시흥동 103-5번지
11545,10300,0,0103,0006,금호빌딩,,표제부,공동주택,"도시형생활주택,오피스텔,근린생활시설",115.4,69.22,514,20210405,10,0,서울특별시 금천구 시흥동 103-6번지
11545,10300,0,0104,0002,,,일반건축물,제2종근린생활시설,근린생활시설,331.37,139.83,483.3,19951114,3,1,서울특별시 금천구 시흥동 104-2번지
11545,10300,0,0105,0001,무지개연립,,표제부,공동주택,연립주택,0,493.22,1798.64,19811219,3,1,서울특별시 금천구 시흥동 105-1번지
11545,10300,0,0108,0003,유어스빌리지,,표제부,업무시설,업무시설,499,272.8949,2789.6904,20250228,16,1,서울특별시 금천구 시흥동 108-3번지
11545,10300,0,0108,0008,,,일반건축물,제1종근린생활시설,"(제1,2종)근린생활시설",0,197.1,872.1,19870113,4,1,서울특별시 금천구 시흥동 108-8번지
11545,10300,0,0108,0014,,,일반건축물,단독주택,"주택(1가구), 근린생활시설",108,64.42,192.24,20011023,3,0,서울특별시 금천구 시흥동 108-14번지
11545,10300,0,0108,0015,,,일반건축물,단독주택,주택,0,81.92,166.82,19760813,2,1,서울특별시 금천구 시흥동 108-15번지
11545,10300,0,0108,0016,,,일반건축물,단독주택,다가구용단독주택(3가구),105.6,62.5,187.23,20010920,4,0,서울특별시 금천구 시흥동 108-16번지
11545,10300,0,0108,0018,삼호연립,,표제부,공동주택,주택,0,132.56,397.68,198110,2,1,서울특별시 금천구 시흥동 108-18번지
11545,10300,0,0108,0020,,,일반건축물,단독주택,다가구용단독주택,126.62,75.14,296.36,19911216,3,1,서울특별시 금천구 시흥동 108-20번지
11545,10300,0,0108,0021,,,일반건축물,단독주택,주택,0,60.48,155.37,19830708,2,1,서울특별시 금천구 시흥동 108-21번지
11545,10300,0,0108,0022,,,일반건축물,단독주택,"근린생활시설, 주택",250.3,123.93,555.6,19890628,4,1,서울특별시 금천구 시흥동 108-22번지
11545,10300,0,0108,0023,산돌문화센터,,일반건축물,교육연구시설,교육연구및복지시설(교육원),821,488.23,1996.01,20021220,4,1,서울특별시 금천구 시흥동 108-23번지
11545,10300,0,0108,0024,,,일반건축물,단독주택,단독주택,141.68,82.49,247.47,19890711,2,1,서울특별시 금천구 시흥동 108-24번지
11545,10300,0,0108,0025,,,일반건축물,단독주택,단독주택,165.85,82.35,247.05,19860812,2,1,서울특별시 금천구 시흥동 108-25번지
11545,10300,0,0108,0028,,,일반건축물,단독주택,"근린생활시설, 주택",0,91.26,273.78,19840728,3,1,서울특별시 금천구 시흥동 108-28번지
11545,10300,0,0108,0030,,,표제부,공동주택,다세대주택,0,100.11,300.33,19851230,2,1,서울특별시 금천구 시흥동 108-30번지
11545,10300,0,0108,0031,,,일반건축물,종교시설,종교시설(교회),0,295.4,898.99,19900118,3,1,서울특별시 금천구 시흥동 108-31번지
11545,10300,0,0108,0034,,,일반건축물,단독주택,주택,0,81.18,243.54,19861018,2,1,서울특별시 금천구 시흥동 108-34번지
11545,10300,0,0108,0034,,,일반건축물,단독주택,다가구용 단독주택(9가구),0,88.05,264.15,19920731,2,1,서울특별시 금천구 시흥동 108-34번지
11545,10300,0,0108,0037,,,일반건축물,단독주택,단독주택,128.6,76.36,206.48,19821228,2,1,서울특별시 금천구 시흥동 108-37번지
11545,10300,0,0108,0039,,,일반건축물,제1종근린생활시설,"근린생활시설, 자동차관련시설",0,281.91,399.12,19920228,2,1,서울특별시 금천구 시흥동 108-39번지
11545,10300,0,0108,0043,시흥해담채,,표제부,업무시설,"업무시설(오피스텔),다세대주택",426,255.05,1857.23,20151106,10,2,서울특별시 금천구 시흥동 108-43번지
11545,10300,0,0108,0048,웰리스,,표제부,업무시설,"업무시설, 공동주택(다세대주택), 제2종근린생활시설",430,242.89,1993.65,20230508,10,2,서울특별시 금천구 시흥동 108-48번지
11545,10300,0,0108,0062,대현오피스텔,,표제부,업무시설,오피스텔/도시형생활주택/근린생활시설,631,338.04,3133.4,20151223,11,1,서울특별시 금천구 시흥동 108-62번지
11545,10300,0,0108,0076,,,일반건축물,판매시설,"판매시설,의료시설,제2종근린생활시설,창고시설",978.12,488.6,3689.75,19881215,6,2,서울특별시 금천구 시흥동 108-76번지
11545,10300,0,0109,0000,,,일반건축물,단독주택,주택,0,33.06,33.06,,1,0,서울특별시 금천구 시흥동 109번지
11545,10300,0,0109,0001,무지개아파트,,표제부,공동주택,아파트,0,1078.02,11665.44,19801224,10,1,서울특별시 금천구 시흥동 109-1번지
11545,10300,0,0109,0001,무지개아파트,,표제부,공동주택,아파트,0,515.04,5563.34,19801224,10,1,서울특별시 금천구 시흥동 109-1번지
11545,10300,0,0109,0001,무지개아파트,,표제부,제2종근린생활시설,"상가,(제1,2종)근린생활시설",0,557.36,3664.81,19801205,5,1,서울특별시 금천구 시흥동 109-1번지
11545,10300,0,0109,0001,,,일반건축물,단독주택,주택,0,110.18,110.18,19641005,1,0,서울특별시 금천구 시흥동 109-1번지
11545,10300,0,0109,0001,무지개아파트,,표제부,공동주택,아파트,0,683.64,7373.9,19801224,10,1,서울특별시 금천구 시흥동 109-1번지
11545,10300,0,0109,0001,무지개아파트,,표제부,공동주택,아파트,0,680.33,7365.62,19801224,10,1,서울특별시 금천구 시흥동 109-1번지
11545,10300,0,0109,0001,무지개아파트,,표제부,공동주택,아파트,0,1078.02,11665.44,19801224,10,1,서울특별시 금천구 시흥동 109-1번지
11545,10300,0,0109,0003,,,일반건축물,창고시설,"창고, 사무실",711,320.59,580.6,19940609,2,1,서울특별시 금천구 시흥동 109-3번지
11545,10300,0,0110,0004,,,일반건축물,제1종근린생활시설,근린생활시설,112,66,66,19980120,1,0,서울특별시 금천구 시흥동 110-4번지
11545,10300,0,0113,0000,,,일반건축물,제2종근린생활시설,제2종근린생활시설(제조업소),654.7,336.74,980.07,20250124,3,0,서울특별시 금천구 시흥동 113번지
11545,10300,0,0113,0001,,,일반건축물,공장,수위실,0,0,9.98,19770514,1,0,서울특별시 금천구 시흥동 113-1번지
11545,10300,0,0113,0001,,,일반건축물,공장,방공호,0,0,38.98,19770514,1,1,서울특별시 금천구 시흥동 113-1번지
11545,10300,0,0113,0001,,,일반건축물,공장,공장,0,395.05,444.01,19770514,1,0,서울특별시 금천구 시흥동 113-1번지
11545,10300,0,0113,0003,,,표제부,공동주택,연립주택,0,248.63,276,19760621,1,1,서울특별시 금천구 시흥동 113-3번지
11545,10300,0,0113,0003,,,일반건축물,단독주택,연립주택,0,74.38,81.98,19790426,1,1,서울특별시 금천구 시흥동 113-3번지
11545,10300,0,0113,0004,레비코하우스,,표제부,업무시설,"업무시설, 공동주택",658.4,347.38,2492.69,20180913,8,1,서울특별시 금천구 시흥동 113-4번지
11545,10300,0,0113,0006,제이에스 245,,표제부,업무시설,"근생,오피스텔 및 도시형생활주택",533,247.67,2022.64,20230330,12,1,서울특별시 금천구 시흥동 113-6번지
11545,10300,0,0113,0007,더블레스제이,,표제부,업무시설,"업무시설, 공동주택",543.4,209.02,2397.59,20200313,14,1,서울특별시 금천구 시흥동 113-7번지
11545,10300,0,0113,0012,ACRO9,,표제부,공동주택,도시형생활주택(소형주택),528,222.56,1960.21,20231227,11,1,서울특별시 금천구 시흥동 113-12번지
11545,10300,0,0113,0014,리솜메디라이프,,표제부,제2종근린생활시설,"근린생활시설, 운동시설, 의료시설",1187.9,711.43,8403.79,20200210,7,4,서울특별시 금천구 시흥동 113-14번지
11545,10300,0,0113,0015,새한벤처월드,,표제부,공장,"아파트형공장(부대시설,창고등), 근린생활시설",4157.4,2489.75,24561.59,19980423,9,3,서울특별시 금천구 시흥동 113-15번지
11545,10300,0,0113,0016,W 컨템포 287,,표제부,공동주택,"공동주택(도시형생활주택),업무시설(오피스텔),근린생활시설",3091.97,1840.597,24491.7239,20240321,18,4,서울특별시 금천구 시흥동 113-16번지
11545,10300,0,0113,0021,,,일반건축물,제1종근린생활시설,"근린생활시설, 사무실",1519.4,817.5,4136.76,19891117,4,2,서울특별시 금천구 시흥동 113-21번지
11545,10300,0,0113,0055,,,일반건축물,창고시설,출하대,0,153,153,19911114,1,0,서울특별시 금천구 시흥동 113-55번지
11545,10300,0,0113,0055,,,일반건축물,창고시설,"사무실,출하실",0,258.96,602.49,19911114,2,1,서울특별시 금천구 시흥동 113-55번지
11545,10300,0,0113,0094,,,일반건축물,공동주택,아파트,0,323.07,1615.35,19890619,5,0,서울특별시 금천구 시흥동 113-94번지
11545,10300,0,0113,0098,,,일반건축물,제2종근린생활시설,"근린생활시설, 주택",285,167.85,928.14,19891031,5,1,서울특별시 금천구 시흥동 113-98번지
11545,10300,0,0113,0100,,,일반건축물,제1종근린생활시설,근린생활시설,212,92.38,464.16,19891223,4,1,서울특별시 금천구 시흥동 113-100번지
11545,10300,0,0113,0102,,,일반건축물,제1종근린생활시설,"근린생활시설, 주택",0,74.86,260.14,19870725,3,1,서울특별시 금천구 시흥동 113-102번지
11545,10300,0,0113,0114,,,일반건축물,업무시설,"근린생활시설, 업무시설",912,366.12,1003.81,19761213,3,1,서울특별시 금천구 시흥동 113-114번지
11545,10300,0,0113,0115,,,일반건축물,제2종근린생활시설,"수위실,일반음식점,기계실,근린생활시설",0,339.31,838.95,19761213,2,1,서울특별시 금천구 시흥동 113-115번지
11545,10300,0,0113,0139,,,일반건축물,제1종근린생활시설,"제1,2종근린생활시설",109.8,61.95,183.22,20161221,3,1,서울특별시 금천구 시흥동 113-139번지
11545,10300,0,0113,0142,금천어울림복지센터,,일반건축물,노유자시설,노유자시설,615,319.09,2088.23,20200917,6,1,서울특별시 금천구 시흥동 113-142번지
11545,10300,0,0114,0002,,,일반건축물,제1종근린생활시설,"(제2종)근린생활시설, 교육연구시설, 의원",619.63,371.44,2218.97,19911025,5,1,서울특별시 금천구 시흥동 114-2번지
11545,10300,0,0114,0005,,,일반건축물,제1종근린생활시설,"근린생활시설, 주택",0,118.92,476.89,19850626,3,1,서울특별시 금천구 시흥동 114-5번지
11545,10300,0,0114,0006,,,일반건축물,제1종근린생활시설,근린생활시설,0,31.8,31.8,,1,0,서울특별시 금천구 시흥동 114-6번지
11545,10300,0,0114,0009,,,일반건축물,제2종근린생활시설,"(제2종)근린생활시설, 주택(2가구)",281.43,167.5,976.76,19910731,5,1,서울특별시 금천구 시흥동 114-9번지
11545,10300,0,0115,0000,,,일반건축물,제2종근린생활시설,영업용,0,29.75,29.75,19630821,1,0,서울특별시 금천구 시흥동 115번지
11545,10300,0,0115,0000,,,일반건축물,단독주택,주택,0,47.6,47.6,19630821,1,0,서울특별시 금천구 시흥동 115번지
11545,10300,0,0115,0000,,,일반건축물,단독주택,주택,0,110.51,110.51,19630821,1,0,서울특별시 금천구 시흥동 115번지
11545,10300,0,0115,0003,,,일반건축물,단독주택,주택,0,115.92,231.84,19850701,1,1,서울특별시 금천구 시흥동 115-3번지
11545,10300,0,0115,0004,,,일반건축물,단독주택,단독주택,248.2,133.2,399.6,19880616,2,1,서울특별시 금천구 시흥동 115-4번지
11545,10300,0,0115,0005,,,일반건축물,단독주택,주택,0,41.4,86.4,19830222,2,1,서울특별시 금천구 시흥동 115-5번지
11545,10300,0,0115,0006,,,일반건축물,단독주택,주택,0,80.99,242.97,19821015,2,1,서울특별시 금천구 시흥동 115-6번지
11545,10300,0,0115,0007,,,일반건축물,제2종근린생활시설,"제2종근린생활시설,주택",170.86,96.25,186.83,,2,1,서울특별시 금천구 시흥동 115-7번지
11545,10300,0,0115,0008,,,일반건축물,제1종근린생활시설,소매점,0,26.61,26.61,19630821,1,0,서울특별시 금천구 시흥동 115-8번지
11545,10300,0,0115,0009,,,일반건축물,단독주택,"주택,제2종근린생활시설",166,81.32,147.77,19820703,2,1,서울특별시 금천구 시흥동 115-9번지
11545,10300,0,0115,0010,,,일반건축물,제2종근린생활시설,제2종근린생활시설,0,152.71,152.71,19830322,1,0,서울특별시 금천구 시흥동 115-10번지
11545,10300,0,0115,0010,,,일반건축물,제2종근린생활시설,제2종근린생활시설,0,37.23,95.1,19830322,2,1,서울특별시 금천구 시흥동 115-10번지
11545,10300,0,0117,0005,,,일반건축물,단독주택,"근린생활시설, 주택",228,104.5,491.15,19900709,4,1,서울특별시 금천구 시흥동 117-5번지
11545,10300,0,0117,0006,,,일반건축물,단독주택,"근린생활시설, 단독주택",0,91.05,252.15,19900714,2,1,서울특별시 금천구 시흥동 117-6번지
11545,10300,0,0118,0000,,,일반건축물,단독주택,주택,0,47.27,47.27,,1,0,서울특별시 금천구 시흥동 118번지
11545,10300,0,0118,0000,,,일반건축물,단독주택,주택,0,26.05,26.05,,1,0,서울특별시 금천구 시흥동 118번지
11545,10300,0,0118,0000,,,일반건축물,단독주택,주택,0,53.36,53.36,,1,0,서울특별시 금천구 시흥동 118번지
11545,10300,0,0118,0000,,,일반건축물,제2종근린생활시설,영업용,0,19.83,19.83,,1,0,서울특별시 금천구 시흥동 118번지
11545,10300,0,0118,0000,,,일반건축물,단독주택,주택,0,29.52,29.52,,1,0,서울특별시 금천구 시흥동 118번지
11545,10300,0,0118,0000,,,일반건축물,단독주택,주택,0,29.75,29.75,,1,0,서울특별시 금천구 시흥동 118번지
11545,10300,0,0118,0000,,,일반건축물,단독주택,주택,0,23.64,23.64,,1,0,서울특별시 금천구 시흥동 118번지
11545,10300,0,0118,0000,,,일반건축물,단독주택,주택,0,20.93,20.93,,1,0,서울특별시 금천구 시흥동 118번지
11545,10300,0,0118,0000,,,일반건축물,단독주택,주택,0,50.08,50.08,,1,0,서울특별시 금천구 시흥동 118번지
11545,10300,0,0118,0086,미림메르디앙,,표제부,업무시설,오피스텔 및 다세대주택,510.3,301.08,1956.18,20170412,9,1,서울특별시 금천구 시흥동 118-86번지
11545,10300,0,0118,0087,센트로힐,,표제부,업무시설,"업무시설, 공동주택",374.92,218.63,1327.23,20181016,9,1,서울특별시 금천구 시흥동 118-87번지
11545,10300,0,0118,0090,구립꿈나래어린이집,,일반건축물,노유자시설,"노유자시설, 제1,2종근린생활시설",1367,394.38,991.23,19951019,2,1,서울특별시 금천구 시흥동 118-90번지
11545,10300,0,0119,0000,,,일반건축물,단독주택,주택,0,36.36,36.36,,1,0,서울특별시 금천구 시흥동 119번지
11545,10300,0,0119,0001,,,일반건축물,제1종근린생활시설,점포,0,59.5,59.5,,1,0,서울특별시 금천구 시흥동 119-1번지
11545,10300,0,0119,0002,,,일반건축물,제2종근린생활시설,제2종근린생활시설(일반음식점),93,85.95,171.9,19710602,2,0,서울특별시 금천구 시흥동 119-2번지
11545,10300,0,0119,0003,,,일반건축물,제1종근린생활시설,"근린생활시설, 주택",0,74.8,321.2,19841220,3,1,서울특별시 금천구 시흥동 119-3번지
11545,10300,0,0119,0004,,,일반건축물,제1종근린생활시설,"근린생활시설, 주택",0,96.04,472.8,19860802,4,1,서울특별시 금천구 시흥동 119-4번지
11545,10300,0,0120,0001,,,표제부,공동주택,다세대주택,204,93.94,281.82,19891014,2,1,서울특별시 금천구 시흥동 120-1번지
11545,10300,0,0120,0003,,,표제부,공동주택,다세대주택,224.43,116.23,446.42,19911205,3,1,서울특별시 금천구 시흥동 120-3번지
11545,10300,0,0120,0014,,,표제부,공동주택,다세대주택,204,88.4,265.2,19890930,2,1,서울특별시 금천구 시흥동 120-14번지
11545,10300,0,0120,0015,,,표제부,공동주택,다세대주택,207,83.36,329.28,19891007,3,1,서울특별시 금천구 시흥동 120-15번지
11545,10300,0,0120,0016,,,표제부,공동주택,다세대주택,205,83.44,329.28,19891028,3,1,서울특별시 금천구 시흥동 120-16번지
11545,10300,0,0120,0017,,,표제부,공동주택,다세대주택,203,88.31,249.21,19891106,2,1,서울특별시 금천구 시흥동 120-17번지
11545,10300,0,0120,0019,,,표제부,공동주택,다세대 주택,201,93.7,281,19891106,2,1,서울특별시 금천구 시흥동 120-19번지
11545,10300,0,0120,0020,,,표제부,공동주택,다세대주택,0,82.46,329.84,19891114,3,1,서울특별시 금천구 시흥동 120-20번지
11545,10300,0,0120,0021,,,표제부,공동주택,다세대주택,200,79.5,316.08,19891020,3,1,서울특별시 금천구 시흥동 120-21번지
11545,10300,0,0120,0022,,,표제부,공동주택,다세대주택,201,82.94,329.84,19891028,3,1,서울특별시 금천구 시흥동 120-22번지
11545,10300,0,0121,0001,,,일반건축물,제1종근린생활시설,제1종근린생활시설,0,103.7,149.94,19700609,2,1,서울특별시 금천구 시흥동 121-1번지
11545,10300,0,0121,0001,,,일반건축물,단독주택,주택,0,148.83,244.23,19890906,2,1,서울특별시 금천구 시흥동 121-1번지
11545,10300,0,0121,0004,진성빌딩,,일반건축물,제2종근린생활시설,"제1,2종근린생활시설",633,357.54,715.08,20171107,2,0,서울특별시 금천구 시흥동 121-4번지
11545,10300,0,0121,0007,우림메르디앙,,표제부,공동주택,"공동주택,근린생활시설",1144,578.5,3760.33,20150714,8,1,서울특별시 금천구 시흥동 121-7번지
11545,10300,0,0121,0009,,,일반건축물,제2종근린생활시설,"근린생활시설, 위락시설",679.575,264.34,958.56,19930622,3,1,서울특별시 금천구 시흥동 121-9번지
11545,10300,0,0121,0010,,,일반건축물,제2종근린생활시설,영업용,0,132.23,132.23,19650904,1,0,서울특별시 금천구 시흥동 121-10번지
11545,10300,0,0121,0011,,,일반건축물,제2종근린생활시설,작업장,444,108,108,19860422,1,0,서울특별시 금천구 시흥동 121-11번지
11545,10300,0,0122,0004,,,일반건축물,제1종근린생활시설,"점포, 여관, 주택",0,161.98,647.92,19800731,3,1,서울특별시 금천구 시흥동 122-4번지
11545,10300,0,0122,0005,금성빌딩,,일반건축물,제2종근린생활시설,"제1,2종근린생활시설,판매시설",748,447.65,2730.86,19910718,5,1,서울특별시 금천구 시흥동 122-5번지
11545,10300,0,0122,0006,가우디캐슬,,표제부,공동주택,도시형생활주택/제2종근생(사무소)/업무시설(오피스텔),659,147.2,1192.2,20160826,8,1,서울특별시 금천구 시흥동 122-6번지
11545,10300,0,0122,0006,가우디캐슬,,표제부,공동주택,도시형생활주택/제2종근생(사무소)/업무시설(오피스텔),659,160.08,1287.1,20160826,8,1,서울특별시 금천구 시흥동 122-6번지
11545,10300,0,0122,0008,가우디 캐슬,,표제부,공동주택,"단지형다세대,업무시설(오피스텔),제1,2종근린생활시설",263,145.36,1168.42,20160826,8,1,서울특별시 금천구 시흥동 122-8번지
11545,10300,0,0123,0000,,,일반건축물,제2종근린생활시설,영업용,0,46.18,46.18,,1,0,서울특별시 금천구 시흥동 123번지
11545,10300,0,0123,0000,,,일반건축물,단독주택,주택,0,23.14,23.14,,1,0,서울특별시 금천구 시흥동 123번지
11545,10300,0,0123,0000,,,일반건축물,단독주택,주택,0,41.32,41.32,,1,0,서울특별시 금천구 시흥동 123번지
11545,10300,0,0123,0000,,,일반건축물,단독주택,주택,0,46.71,46.71,,1,0,서울특별시 금천구 시흥동 123번지
11545,10300,0,0123,0000,,,일반건축물,단독주택,주택,0,42.98,42.98,,1,0,서울특별시 금천구 시흥동 123번지
11545,10300,0,0123,0000,,,일반건축물,단독주택,주택,0,49.39,49.39,,1,0,서울특별시 금천구 시흥동 123번지
11545,10300,0,0124,0000,,,일반건축물,단독주택,주택,0,19.83,19.83,,1,0,서울특별시 금천구 시흥동 124번지
11545,10300,0,0124,0000,,,일반건축물,단독주택,주택,0,36.36,36.36,19650904,1,0,서울특별시 금천구 시흥동 124번지
11545,10300,0,0124,0000,,,일반건축물,단독주택,주택,0,26.45,26.45,19650904,1,0,서울특별시 금천구 시흥동 124번지
11545,10300,0,0124,0001,,,일반건축물,제1종근린생활시설,"제1,2종근린생활시설,판매시설",411,244.83,889.71,19800122,3,1,서울특별시 금천구 시흥동 124-1번지
11545,10300,0,0124,0007,,,일반건축물,의료시설,병원,0,65.7,119.79,19670930,2,0,서울특별시 금천구 시흥동 124-7번지
11545,10300,0,0124,0007,,,일반건축물,제2종근린생활시설,"병원,(제2종)근린생활시설",0,82.94,266.38,19691208,3,1,서울특별시 금천구 시흥동 124-7번지
11545,10300,0,0124,0010,,,일반건축물,제2종근린생활시설,"제1,2종근린생활시설,주택,판매시설",393,213.75,974.52,19850925,4,1,서울특별시 금천구 시흥동 124-10번지
11545,10300,0,0144,0067,,,일반건축물,단독주택,주택,0,81.92,245.76,19900302,2,1,서울특별시 금천구 시흥동 144-67번지
11545,10300,0,0169,0005,,,일반건축물,단독주택,다가구용단독주택(6가구),166,97.12,256.04,19940524,3,0,서울특별시 금천구 시흥동 169-5번지
11545,10300,0,0169,0011,,,일반건축물,단독주택,다가구용단독주택(7가구),171.25,102.62,410.48,19960727,3,1,서울특별시 금천구 시흥동 169-11번지
11545,10300,0,0169,0012,,,일반건축물,단독주택,단독주택,184,78.85,165.79,19780908,2,1,서울특별시 금천구 시흥동 169-12번지
11545,10300,0,0169,0014,,,일반건축물,단독주택,"제1종근린생활시설, 다가구주택(4가구)",174.8,104.77,344.34,20000529,4,0,서울특별시 금천구 시흥동 169-14번지
11545,10300,0,0169,0016,,,일반건축물,단독주택,다가구용단독주택(10가구),201,118.26,471.96,19911127,3,1,서울특별시 금천구 시흥동 169-16번지
11545,10300,0,0169,0022,하이코힐하우스,,표제부,공동주택,다세대주택,196,117.08,565.12,20030520,4,1,서울특별시 금천구 시흥동 169-22번지
11545,10300,0,0169,0027,하이코힐하우스,,표제부,공동주택,다세대주택,193,115.04,540.35,20030424,4,1,서울특별시 금천구 시흥동 169-27번지
11545,10300,0,0169,0028,해강하우스3,,표제부,공동주택,공동주택(도시형생활주택/단지형다세대주택),332,176.6,497.32,20221125,5,0,서울특별시 금천구 시흥동 169-28번지
11545,10300,0,0169,0030,서래하우스,,표제부,공동주택,도시형생활주택(단지형다세대주택),337,200.26,499.4,20200902,5,0,서울특별시 금천구 시흥동 169-30번지
11545,10300,0,0169,0032,,,일반건축물,단독주택,주택,168,81.25,236.68,19850525,2,1,서울특별시 금천구 시흥동 169-32번지
11545,10300,0,0169,0033,,,일반건축물,단독주택,단독주택,175.02,104.75,295.82,20001212,3,0,서울특별시 금천구 시흥동 169-33번지
11545,10300,0,0169,0034,,,일반건축물,단독주택,주택,0,70.41,146.44,19780627,2,1,서울특별시 금천구 시흥동 169-34번지
11545,10300,0,0169,0035,,,일반건축물,단독주택,다가구용단독주택(8가구),173,102.99,270.36,19940315,2,1,서울특별시 금천구 시흥동 169-35번지
11545,10300,0,0169,0036,,,일반건축물,단독주택,다가구용단독주택(7가구),188,110.51,442.04,19961230,3,1,서울특별시 금천구 시흥동 169-36번지
11545,10300,0,0169,0037,,,일반건축물,단독주택,다가구용단독주택,177,104.84,298.92,19950722,2,1,서울특별시 금천구 시흥동 169-37번지
11545,10300,0,0169,0038,,,일반건축물,단독주택,"다가구용단독주택, 근린생활시설",169,101.3,298.8,19950630,3,0,서울특별시 금천구 시흥동 169-38번지
11545,10300,0,0169,0039,,,표제부,공동주택,다세대주택,385,183.45,755.84,20011015,4,1,서울특별시 금천구 시흥동 169-39번지
11545,10300,0,0169,0040,,,일반건축물,단독주택,주택,0,104.76,291.15,19830222,2,1,서울특별시 금천구 시흥동 169-40번지
11545,10300,0,0169,0041,,,표제부,공동주택,다세대주택,251,150.28,659.86,20021011,4,1,서울특별시 금천구 시흥동 169-41번지
11545,10300,0,0169,0042,동송빌리지,,표제부,공동주택,다세대주택,198,118.66,448.1,20020715,4,0,서울특별시 금천구 시흥동 169-42번지
11545,10300,0,0169,0043,,,일반건축물,단독주택,다가구용단독주택(6가구),192,114.09,323.1,19950128,2,1,서울특별시 금천구 시흥동 169-43번지
11545,10300,0,0169,0044,공덕암,,일반건축물,제2종근린생활시설,제2종근린생활시설(종교집회장),198,116.51,315.62,19780909,3,1,서울특별시 금천구 시흥동 169-44번지
11545,10300,0,0169,0045,프라우드빌,,표제부,공동주택,공동주택,390,230.65,584.69,20181205,5,0,서울특별시 금천구 시흥동 169-45번지
11545,10300,0,0169,0047,,,일반건축물,단독주택,다가구용단독주택(7가구),198,114.9,437.1,19970616,3,1,서울특별시 금천구 시흥동 169-47번지
11545,10300,0,0169,0048,,,일반건축물,단독주택,다가구용단독주택(7가구),200,118.77,474.06,19940711,3,1,서울특별시 금천구 시흥동 169-48번지
11545,10300,0,0169,0049,,,일반건축물,단독주택,다가구용단독주택(7가구),172,103.13,269.19,19940113,2,1,서울특별시 금천구 시흥동 169-49번지
11545,10300,0,0169,0050,,,일반건축물,단독주택,다가구용단독주택(8가구),171,102.33,328.88,19931015,3,1,서울특별시 금천구 시흥동 169-50번지
11545,10300,0,0169,0051,,,일반건축물,단독주택,다가구용단독주택(6가구),156,93.3,312.16,19941026,3,1,서울특별시 금천구 시흥동 169-51번지
11545,10300,0,0169,0053,디비하우징,,표제부,공동주택,공동주택,1152,131.82,540.16,20170804,5,0,서울특별시 금천구 시흥동 169-53번지
11545,10300,0,0169,0053,디비하우징,,표제부,공동주택,공동주택,1152,160.73,655.8,20170804,5,0,서울특별시 금천구 시흥동 169-53번지
11545,10300,0,0169,0053,디비하우징,,표제부,공동주택,공동주택,1152,131.27,537.4,20170804,5,0,서울특별시 금천구 시흥동 169-53번지
11545,10300,0,0169,0053,디비하우징,,표제부,공동주택,공동주택,1152,159.05,569.8,20170804,5,0,서울특별시 금천구 시흥동 169-53번지
11545,10300,0,0169,0055,,,일반건축물,단독주택,다가구용단독주택(3가구),125.12,64.53,179.55,19941026,2,1,서울특별시 금천구 시흥동 169-55번지
11545,10300,0,0170,0000,,,일반건축물,단독주택,주택,0,185.12,185.12,,1,0,서울특별시 금천구 시흥동 170번지
11545,10300,0,0170,0000,,,일반건축물,단독주택,주택,0,59.5,59.5,,1,0,서울특별시 금천구 시흥동 170번지
11545,10300,0,0170,0000,,,일반건축물,단독주택,주택,0,56.2,56.2,,1,0,서울특별시 금천구 시흥동 170번지
11545,10300,0,0170,0001,,,표제부,공동주택,다세대주택,266.19,149.66,594.12,19931111,4,1,서울특별시 금천구 시흥동 170-1번지
11545,10300,0,0170,0012,,,일반건축물,단독주택,다가구용단독주택(5가구),205.94,101.19,296.94,19910401,2,1,서울특별시 금천구 시흥동 170-12번지
11545,10300,0,0170,0014,,,일반건축물,단독주택,다가구용단독주택(7가구),193.08,114.84,304.02,19921008,2,1,서울특별시 금천구 시흥동 170-14번지
11545,10300,0,0170,0015,,,일반건축물,단독주택,다가구용단독주택(5가구),179,85.23,249.84,19910920,2,1,서울특별시 금천구 시흥동 170-15번지
11545,10300,0,0170,0016,,,일반건축물,단독주택,단독주택,182,82.35,247.05,19891031,2,1,서울특별시 금천구 시흥동 170-16번지
11545,10300,0,0170,0017,,,일반건축물,단독주택,주택,0,53.65,77.35,19751022,1,1,서울특별시 금천구 시흥동 170-17번지
11545,10300,0,0170,0036,,,일반건축물,단독주택,주택,0,57.12,81.38,19751022,1,1,서울특별시 금천구 시흥동 170-36번지
11545,10300,0,0171,0001,삼성체육공원 공영주차장,,일반건축물,자동차관련시설,"주차장,관리사무실",1916,0,1378.34,20031224,0,1,서울특별시 금천구 시흥동 171-1번지
11545,10300,0,0172,0001,,,일반건축물,단독주택,다가구용단독주택,170,101.51,329.54,19950907,3,1,서울특별시 금천구 시흥동 172-1번지
11545,10300,0,0172,0005,,,표제부,공동주택,다세대주택,164,83.8,338.2,19910701,3,1,서울특별시 금천구 시흥동 172-5번지
11545,10300,0,0172,0007,,,일반건축물,단독주택,주택,0,75.04,148.76,19800321,2,1,서울특별시 금천구 시흥동 172-7번지
11545,10300,0,0172,0008,,,일반건축물,단독주택,주택,0,81.98,173.88,19801210,2,1,서울특별시 금천구 시흥동 172-8번지
11545,10300,0,0172,0009,,,일반건축물,단독주택,주택,0,46.28,121.32,19820513,2,1,서울특별시 금천구 시흥동 172-9번지
11545,10300,0,0172,0010,,,일반건축물,단독주택,주택,0,81.32,112.39,19791022,1,1,서울특별시 금천구 시흥동 172-10번지
11545,10300,0,0172,0011,정우빌라,,표제부,공동주택,공동주택,167,99.84,368,20010711,4,0,서울특별시 금천구 시흥동 172-11번지
11545,10300,0,0172,0012,,,일반건축물,단독주택,주택,0,65.12,168.26,19791218,2,1,서울특별시 금천구 시흥동 172-12번지
11545,10300,0,0172,0013,,,표제부,공동주택,다세대주택,347,155.6,659,19930118,4,1,서울특별시 금천구 시흥동 172-13번지
11545,10300,0,0172,0014,,,일반건축물,단독주택,주택,0,46.94,116.03,19820513,2,1,서울특별시 금천구 시흥동 172-14번지
11545,10300,0,0173,0001,,,일반건축물,단독주택,다가구용 단독주택(12가구),0,106.14,318.42,19920817,2,1,서울특별시 금천구 시흥동 173-1번지
11545,10300,0,0173,0002,,,일반건축물,단독주택,다가구용단독주택(5가구),132,74.98,199.68,19931025,2,1,서울특별시 금천구 시흥동 173-2번지
11545,10300,0,0173,0004,,,일반건축물,단독주택,다가구용단독주택(4가구),122,73.03,199.8,19931127,2,1,서울특별시 금천구 시흥동 173-4번지
11545,10300,0,0173,0005,,,일반건축물,단독주택,다가구용단독주택(5가구),126,74.82,187.08,19931130,2,1,서울특별시 금천구 시흥동 173-5번지
11545,10300,0,0173,0006,,,일반건축물,단독주택,다가구용단독주택(3가구),118,60.33,152.59,19931214,2,1,서울특별시 금천구 시흥동 173-6번지
11545,10300,0,0173,0009,,,일반건축물,단독주택,다가구용단독주택(7가구),124.96,74.67,272.85,19931106,3,1,서울특별시 금천구 시흥동 173-9번지
11545,10300,0,0173,0010,,,일반건축물,단독주택,다가구용단독주택(5가구),139,82.6,223.48,19940126,2,1,서울특별시 금천구 시흥동 173-10번지
11545,10300,0,0173,0013,,,일반건축물,단독주택,다가구용단독주택(5가구),116,69.1,198,19930921,2,1,서울특별시 금천구 시흥동 173-13번지
11545,10300,0,0173,0014,,,일반건축물,단독주택,다가구용단독주택(5가구),132,75.83,199.29,19930921,2,1,서울특별시 금천구 시흥동 173-14번지
11545,10300,0,0173,0016,,,일반건축물,단독주택,다가구용 단독주택(6가구),132,79.19,217.52,19940628,2,1,서울특별시 금천구 시흥동 173-16번지
11545,10300,0,0173,0019,해비치빌,,표제부,공동주택,"공동주택,근린생활시설",457.78,238.94,889.22,20170518,6,0,서울특별시 금천구 시흥동 173-19번지
11545,10300,0,0173,0020,,,일반건축물,단독주택,주택,0,65.79,119.34,19771005,2,1,서울특별시 금천구 시흥동 173-20번지
11545,10300,0,0173,0021,,,일반건축물,단독주택,단독주택,149,74.25,222.75,19890922,2,1,서울특별시 금천구 시흥동 173-21번지
11545,10300,0,0173,0024,,,일반건축물,단독주택,"단독주택, 근린생활시설",215,128.67,380.64,20181106,4,0,서울특별시 금천구 시흥동 173-24번지
11545,10300,0,0173,0029,,,일반건축물,단독주택,다가구용 단독주택(5가구),136,81.39,232.74,19931203,2,1,서울특별시 금천구 시흥동 173-29번지
11545,10300,0,0174,0000,,,일반건축물,창고시설,창고,0,39.67,39.67,,1,0,서울특별시 금천구 시흥동 174번지
11545,10300,0,0175,0002,,,일반건축물,단독주택,다가구주택(5가구),172,103.02,263.97,19950513,2,1,서울특별시 금천구 시흥동 175-2번지
11545,10300,0,0175,0003,,,표제부,공동주택,공동주택,185,91.25,258.79,20001223,3,0,서울특별시 금천구 시흥동 175-3번지
11545,10300,0,0178,0001,,,일반건축물,단독주택,단독주택,122,71.91,196.85,19851108,2,1,서울특별시 금천구 시흥동 178-1번지
11545,10300,0,0178,0003,,,일반건축물,단독주택,주택,0,65.34,196.02,19831114,2,1,서울특별시 금천구 시흥동 178-3번지
11545,10300,0,0178,0010,,,일반건축물,단독주택,다가구주택(5가구),157.08,80.61,227.43,19920520,2,1,서울특별시 금천구 시흥동 178-10번지
11545,10300,0,0178,0011,위드미하우스,,일반건축물,단독주택,단독주택(다가구주택),143,85.78,214.38,20210427,4,0,서울특별시 금천구 시흥동 178-11번지
11545,10300,0,0184,0006,웰트리움,,표제부,공동주택,공동주택(단지형다세대주택),749,117.54,438.56,20190610,5,0,서울특별시 금천구 시흥동 184-6번지
11545,10300,0,0184,0006,웰트리움,,표제부,공동주택,공동주택-단지형다세대주택,749,230.2,659.44,20190610,5,0,서울특별시 금천구 시흥동 184-6번지
11545,10300,0,0184,0007,,,일반건축물,단독주택,"주택, 점포",0,82.31,245.28,19800331,2,1,서울특별시 금천구 시흥동 184-7번지
11545,10300,0,0198,0002,,,일반건축물,단독주택,주택,0,46.28,46.28,19650204,1,0,서울특별시 금천구 시흥동 198-2번지
11545,10300,0,0199,0000,,,일반건축물,단독주택,단독주택,225.5,98.06,249.81,19870923,2,1,서울특별시 금천구 시흥동 199번지
11545,10300,0,0200,0001,백운아이닉스Ⅱ,,표제부,공동주택,"공동주택,다세대주택",176,105.18,424.4,20021108,5,0,서울특별시 금천구 시흥동 200-1번지
11545,10300,0,0200,0002,전진상의원,,일반건축물,제1종근린생활시설,"근린생활시설,교육연구및복지시설",1042.06,601.86,2090.15,19900105,4,1,서울특별시 금천구 시흥동 200-2번지
11545,10300,0,0200,0004,신화아파트,,표제부,공동주택,아파트,397.5,237.81,1467.32,20040702,7,1,서울특별시 금천구 시흥동 200-4번지
11545,10300,0,0200,0006,,,일반건축물,단독주택,다가구용 단독주택(5가구),99,54.59,152.76,19931208,2,1,서울특별시 금천구 시흥동 200-6번지
11545,10300,0,0200,0007,,,일반건축물,단독주택,다가구용 단독주택(5가구),0,44.5,139.47,19920905,2,1,서울특별시 금천구 시흥동 200-7번지
11545,10300,0,0200,0008,,,일반건축물,단독주택,다가구용 단독주택(5가구),0,44.16,139.2,19920905,2,1,서울특별시 금천구 시흥동 200-8번지
11545,10300,0,0200,0009,,,일반건축물,단독주택,다가구용 단독주택(5가구),0,48.8,148.8,19920909,2,1,서울특별시 금천구 시흥동 200-9번지
11545,10300,0,0200,0010,,,일반건축물,단독주택,단독주택,142.63,71.16,213.48,19870910,2,1,서울특별시 금천구 시흥동 200-10번지
11545,10300,0,0200,0012,,,일반건축물,단독주택,다가구용 단독주택(5가구),121.65,66.28,196.76,19921228,2,1,서울특별시 금천구 시흥동 200-12번지
11545,10300,0,0200,0018,,,일반건축물,단독주택,단독주택,136,67.86,203.58,19870804,2,1,서울특별시 금천구 시흥동 200-18번지
11545,10300,0,0200,0021,,,일반건축물,단독주택,"점포, 주택",0,69.03,212.23,19830809,3,1,서울특별시 금천구 시흥동 200-21번지
11545,10300,0,0203,0001,J 펠리체,,표제부,공동주택,"공동주택, 근린생활시설",337.58,200.57,675.09,20220217,5,0,서울특별시 금천구 시흥동 203-1번지
11545,10300,0,0203,0004,스타힐스,,표제부,공동주택,공동주택,407,242.47,659.56,20180315,5,0,서울특별시 금천구 시흥동 203-4번지
11545,10300,0,0203,0007,,,일반건축물,단독주택,단독주택,116,57.4,172.2,19880907,2,1,서울특별시 금천구 시흥동 203-7번지
11545,10300,0,0203,0008,,,일반건축물,단독주택,다가구용 단독주택(5가구),119,71.22,192.06,19930508,2,1,서울특별시 금천구 시흥동 203-8번지
11545,10300,0,0203,0010,,,일반건축물,단독주택,다가구용 단독주택(5가구),130,76.77,230.31,19961205,2,1,서울특별시 금천구 시흥동 203-10번지
11545,10300,0,0203,0011,,,일반건축물,단독주택,단독주택,107.99,53.79,161.37,19901103,2,1,서울특별시 금천구 시흥동 203-11번지
11545,10300,0,0203,0013,유성빌,,일반건축물,단독주택,"제1종근린생활시설, 단독주택",153,91.72,300.4,20190814,4,0,서울특별시 금천구 시흥동 203-13번지
11545,10300,0,0203,0014,현대빌리지,,표제부,공동주택,다세대주택,167,99.63,400.5,20020531,5,0,서울특별시 금천구 시흥동 203-14번지
11545,10300,0,0203,0015,현대하이츠빌라,,표제부,공동주택,다세대주택,191,114.54,465.28,20011206,5,0,서울특별시 금천구 시흥동 203-15번지
11545,10300,0,0203,0016,,,일반건축물,단독주택,단독주택,113.63,56.79,170.37,19900512,2,1,서울특별시 금천구 시흥동 203-16번지
11545,10300,0,0203,0017,,,일반건축물,단독주택,다가구용단독주택(6가구),130.95,70.32,205.92,19901214,2,1,서울특별시 금천구 시흥동 203-17번지
11545,10300,0,0203,0018,,,일반건축물,단독주택,주택,0,67.5,132.01,19740907,2,1,서울특별시 금천구 시흥동 203-18번지
11545,10300,0,0203,0019,,,일반건축물,단독주택,"주택, 점포",0,56.2,168.27,19801122,2,1,서울특별시 금천구 시흥동 203-19번지
11545,10300,0,0204,0001,,,일반건축물,단독주택,"주택, 근린생활시설",106,62.46,282.06,19920929,4,1,서울특별시 금천구 시흥동 204-1번지
11545,10300,0,0204,0003,,,표제부,공동주택,공동주택,214.34,117.15,428.64,20260514,5,0,서울특별시 금천구 시흥동 204-3번지
11545,10300,0,0204,0004,고센아트빌,,표제부,공동주택,공동주택,358,211.56,657.7,20180404,5,0,서울특별시 금천구 시흥동 204-4번지
11545,10300,0,0204,0008,,,일반건축물,단독주택,단독주택,129,66.35,185.21,19911228,2,1,서울특별시 금천구 시흥동 204-8번지
11545,10300,0,0204,0011,청우주택,,표제부,공동주택,공동주택(단지형다세대주택),358.67,188.76,651.66,20191021,5,0,서울특별시 금천구 시흥동 204-11번지
11545,10300,0,0204,0014,,,일반건축물,단독주택,"근린생활시설, 주택",103.41,61.08,170.64,19950718,2,1,서울특별시 금천구 시흥동 204-14번지
11545,10300,0,0204,0015,,,일반건축물,단독주택,다가구용 단독주택(6가구),156.19,77.46,232.38,19910624,2,1,서울특별시 금천구 시흥동 204-15번지
11545,10300,0,0208,0001,현대맨션,,표제부,공동주택,연립주택,0,386.82,1865.4,19920902,4,1,서울특별시 금천구 시흥동 208-1번지
11545,10300,0,0208,0005,,,일반건축물,단독주택,주택,0,77.67,233.01,19830531,2,1,서울특별시 금천구 시흥동 208-5번지
11545,10300,0,0208,0006,,,일반건축물,단독주택,주택,0,76.56,229.68,19830531,2,1,서울특별시 금천구 시흥동 208-6번지
11545,10300,0,0208,0007,,,일반건축물,단독주택,주택,0,58.95,173.1,19830531,2,1,서울특별시 금천구 시흥동 208-7번지
11545,10300,0,0208,0008,,,일반건축물,단독주택,주택,0,57.07,171.21,19830531,2,1,서울특별시 금천구 시흥동 208-8번지
11545,10300,0,0209,0000,,,일반건축물,단독주택,주택,0,79.34,79.34,,1,0,서울특별시 금천구 시흥동 209번지
11545,10300,0,0209,0000,현대상가,,표제부,공동주택,"생활 편익시설,근린생활시설",492,295,590,19960624,2,0,서울특별시 금천구 시흥동 209번지
11545,10300,0,0209,0000,현대아파트,,표제부,공동주택,아파트,5705.4,1249.07,21948.54,19960624,17,2,서울특별시 금천구 시흥동 209번지
11545,10300,0,0209,0000,,,일반건축물,단독주택,주택,0,36.36,36.36,,1,0,서울특별시 금천구 시흥동 209번지
11545,10300,0,0209,0000,,,일반건축물,단독주택,주택,0,33.06,33.06,,1,0,서울특별시 금천구 시흥동 209번지
11545,10300,0,0209,0000,,,일반건축물,단독주택,주택,0,33.06,33.06,,1,0,서울특별시 금천구 시흥동 209번지
11545,10300,0,0209,0000,,,일반건축물,단독주택,주택,0,46.28,46.28,,1,0,서울특별시 금천구 시흥동 209번지
11545,10300,0,0210,0000,,,일반건축물,단독주택,주택,0,56.2,56.2,,1,0,서울특별시 금천구 시흥동 210번지
11545,10300,0,0210,0000,,,일반건축물,단독주택,주택,0,26.45,26.45,,1,0,서울특별시 금천구 시흥동 210번지
11545,10300,0,0210,0000,,,일반건축물,단독주택,주택,0,26.45,26.45,,1,0,서울특별시 금천구 시흥동 210번지
11545,10300,0,0210,0000,,,일반건축물,단독주택,주택,0,42.98,42.98,,1,0,서울특별시 금천구 시흥동 210번지
11545,10300,0,0210,0001,,,표제부,공동주택,연립주택,0,127.27,331.23,19810307,2,1,서울특별시 금천구 시흥동 210-1번지
11545,10300,0,0210,0002,,,일반건축물,단독주택,단독주택,134.6,66.91,200.73,19890227,2,1,서울특별시 금천구 시흥동 210-2번지
11545,10300,0,0210,0007,,,일반건축물,단독주택,주택,0,77.88,218.7,19830720,2,1,서울특별시 금천구 시흥동 210-7번지
11545,10300,0,0210,0008,,,일반건축물,단독주택,단독주택,127.84,63.87,191.61,19871030,2,1,서울특별시 금천구 시흥동 210-8번지
11545,10300,0,0210,0009,,,일반건축물,단독주택,주택,0,58.51,127.6,19820531,2,1,서울특별시 금천구 시흥동 210-9번지
11545,10300,0,0210,0014,,,일반건축물,단독주택,단독주택,97.02,57,171,19971030,2,1,서울특별시 금천구 시흥동 210-14번지
11545,10300,0,0210,0015,스타힐스,,표제부,공동주택,공동주택,0,171.12,569.24,20210929,5,0,서울특별시 금천구 시흥동 210-15번지
11545,10300,0,0210,0015,스타힐스,,표제부,공동주택,공동주택,0,172.03,592.04,20210929,5,0,서울특별시 금천구 시흥동 210-15번지
11545,10300,0,0210,0019,,,일반건축물,단독주택,다가구용 단독주택(5가구),99.23,54.06,154.92,19901219,2,1,서울특별시 금천구 시흥동 210-19번지
11545,10300,0,0210,0024,,,일반건축물,단독주택,단독주택,120,59.7,179.1,19890321,2,1,서울특별시 금천구 시흥동 210-24번지
11545,10300,0,0210,0025,,,일반건축물,단독주택,단독주택,114.25,56.91,170.73,19890227,2,1,서울특별시 금천구 시흥동 210-25번지
11545,10300,0,0211,0001,,,일반건축물,단독주택,다가구용 단독주택(5가구),0,55.98,173,19920720,2,1,서울특별시 금천구 시흥동 211-1번지
11545,10300,0,0211,0007,,,일반건축물,단독주택,단독주택,100.8,49.95,149.85,19890422,2,1,서울특별시 금천구 시흥동 211-7번지
11545,10300,0,0211,0007,,,일반건축물,단독주택,단독주택,100.8,49.95,149.85,19890422,2,1,서울특별시 금천구 시흥동 211-7번지
11545,10300,0,0211,0008,,,일반건축물,단독주택,다가구용주택(8가구),195,116.56,298.08,19930526,2,1,서울특별시 금천구 시흥동 211-8번지
11545,10300,0,0212,0001,,,일반건축물,단독주택,다가구용 단독주택,0,49.78,149.34,19920929,2,1,서울특별시 금천구 시흥동 212-1번지
11545,10300,0,0212,0003,,,일반건축물,단독주택,단독주택,115.55,57.05,166.6,19851216,2,1,서울특별시 금천구 시흥동 212-3번지
11545,10300,0,0212,0004,,,일반건축물,단독주택,주택,0,83.7,158.41,19741224,2,1,서울특별시 금천구 시흥동 212-4번지
11545,10300,0,0212,0006,아덴하임,,표제부,공동주택,공동주택,0,132.13,466.71,20181203,5,0,서울특별시 금천구 시흥동 212-6번지
11545,10300,0,0212,0006,아덴하임,,표제부,공동주택,공동주택,0,164.835,576.05,20181203,5,0,서울특별시 금천구 시흥동 212-6번지
11545,10300,0,0212,0014,,,일반건축물,단독주택,단독주택,155,76.92,230.76,19860610,2,1,서울특별시 금천구 시흥동 212-14번지
11545,10300,0,0213,0001,,,일반건축물,단독주택,주택,0,82.8,241.68,19830901,2,1,서울특별시 금천구 시흥동 213-1번지
11545,10300,0,0213,0004,,,일반건축물,단독주택,주택,0,82.67,241.8,19830901,2,1,서울특별시 금천구 시흥동 213-4번지
11545,10300,0,0214,0003,,,일반건축물,단독주택,단독주택,106,52.28,160.22,19880826,2,1,서울특별시 금천구 시흥동 214-3번지
11545,10300,0,0214,0004,로얄그린빌리지,3,표제부,공동주택,연립주택(18세대),432.32,235.95,1192.13,20000628,4,1,서울특별시 금천구 시흥동 214-4번지
11545,10300,0,0214,0005,,,일반건축물,단독주택,다가구주택(2가구),235.75,132.6,119.4,19960817,1,0,서울특별시 금천구 시흥동 214-5번지
11545,10300,0,0214,0006,,,표제부,공동주택,다세대 주택,311.49,182.28,642.24,19950228,4,0,서울특별시 금천구 시흥동 214-6번지
11545,10300,0,0214,0009,,,일반건축물,단독주택,"다가구용 단독주택, 근린생활시설",116,69.17,179.88,19950807,2,1,서울특별시 금천구 시흥동 214-9번지
11545,10300,0,0214,0010,,,일반건축물,단독주택,단독주택,119.74,59.75,179.25,19881006,2,1,서울특별시 금천구 시흥동 214-10번지
11545,10300,0,0214,0011,,,일반건축물,단독주택,단독주택,131.62,46.19,146.85,19880927,2,1,서울특별시 금천구 시흥동 214-11번지
11545,10300,0,0214,0012,,,일반건축물,단독주택,단독주택,99,49.03,147.09,19881006,2,1,서울특별시 금천구 시흥동 214-12번지
11545,10300,0,0214,0013,,,일반건축물,단독주택,단독주택,97.3,47.62,142.86,19880914,2,1,서울특별시 금천구 시흥동 214-13번지
11545,10300,0,0214,0027,,,일반건축물,단독주택,단독주택,122,60.78,173.34,19871113,2,1,서울특별시 금천구 시흥동 214-27번지
11545,10300,0,0214,0029,,,일반건축물,단독주택,단독주택,147,68.76,195.48,19871113,2,1,서울특별시 금천구 시흥동 214-29번지
11545,10300,0,0214,0032,,,일반건축물,단독주택,주택,0,52.66,160.98,19880826,2,1,서울특별시 금천구 시흥동 214-32번지
11545,10300,0,0215,0002,,,일반건축물,종교시설,근린생활시설(교회),288,97.35,177.86,19960224,1,1,서울특별시 금천구 시흥동 215-2번지
11545,10300,0,0216,0000,서울금천초등학교,,일반건축물,교육연구시설,교육연구시설,11294,1869.79,5293.77,19831205,4,1,서울특별시 금천구 시흥동 216번지
11545,10300,0,0218,0005,백설기,,일반건축물,단독주택,단독주택,77,45.86,113.42,20180827,4,0,서울특별시 금천구 시흥동 218-5번지
11545,10300,0,0218,0012,,,일반건축물,단독주택,다가구주택(3가구),239.67,78.34,220.74,19960830,4,0,서울특별시 금천구 시흥동 218-12번지
11545,10300,0,0218,0013,,,표제부,공동주택,다세대 주택,216.16,96.78,249.98,19860902,2,1,서울특별시 금천구 시흥동 218-13번지
11545,10300,0,0218,0014,,,일반건축물,단독주택,주택,0,79.71,239.13,19831020,2,1,서울특별시 금천구 시흥동 218-14번지
11545,10300,0,0218,0014,,,일반건축물,단독주택,주택,0,77.13,231.39,19831020,2,1,서울특별시 금천구 시흥동 218-14번지
11545,10300,0,0218,0014,,,일반건축물,단독주택,주택,0,77.13,231.39,19831020,2,1,서울특별시 금천구 시흥동 218-14번지
11545,10300,0,0218,0014,,,일반건축물,단독주택,주택,0,34.68,34.68,,1,0,서울특별시 금천구 시흥동 218-14번지
11545,10300,0,0218,0014,,,일반건축물,단독주택,주택,0,72.81,218.43,19831020,2,1,서울특별시 금천구 시흥동 218-14번지
11545,10300,0,0218,0014,,,일반건축물,단독주택,주택,0,76.38,229.14,19831020,2,1,서울특별시 금천구 시흥동 218-14번지
11545,10300,0,0218,0022,,,일반건축물,단독주택,주택,0,29.79,29.79,19730924,1,0,서울특별시 금천구 시흥동 218-22번지
11545,10300,0,0218,0023,,,일반건축물,단독주택,주택,0,43.9,43.9,19710804,1,0,서울특별시 금천구 시흥동 218-23번지
11545,10300,0,0218,0024,,,일반건축물,단독주택,단독주택,152.83,76.35,229.05,19880421,2,1,서울특별시 금천구 시흥동 218-24번지
11545,10300,0,0218,0025,,,일반건축물,단독주택,단독주택,99,48.61,147.55,19870928,2,1,서울특별시 금천구 시흥동 218-25번지
11545,10300,0,0218,0048,,,일반건축물,단독주택,주택,124,60.93,182.79,19881004,2,1,서울특별시 금천구 시흥동 218-48번지
11545,10300,0,0218,0057,,,일반건축물,단독주택,주택,0,57.98,73.42,19761217,1,1,서울특별시 금천구 시흥동 218-57번지
11545,10300,0,0218,0060,휴먼에코빌6차,,표제부,공동주택,공동주택,436,244.12,653.3,20180627,5,0,서울특별시 금천구 시흥동 218-60번지
11545,10300,0,0219,0000,,,일반건축물,단독주택,주택,0,29.75,29.75,,1,0,서울특별시 금천구 시흥동 219번지
11545,10300,0,0219,0002,,,일반건축물,제1종근린생활시설,근린생활시설,0,199.8,486.9,19870605,3,1,서울특별시 금천구 시흥동 219-2번지
11545,10300,0,0219,0003,,,일반건축물,노유자시설,교육연구및복지시설(아동시설),209,110.2,391.32,19860611,3,1,서울특별시 금천구 시흥동 219-3번지
11545,10300,0,0219,0005,,,일반건축물,단독주택,"주택,근린생활시설",0,46.61,109.09,19801222,2,1,서울특별시 금천구 시흥동 219-5번지
11545,10300,0,0219,0006,,,일반건축물,단독주택,단독주택,200.33,98.73,286.83,19851023,2,1,서울특별시 금천구 시흥동 219-6번지
11545,10300,0,0219,0007,,,일반건축물,단독주택,다가구용단독주택(8가구),234.81,103.59,310.77,19910713,2,1,서울특별시 금천구 시흥동 219-7번지
11545,10300,0,0219,0008,,,일반건축물,단독주택,다가구주택(5가구),185,100.57,256.98,19950818,2,1,서울특별시 금천구 시흥동 219-8번지
11545,10300,0,0219,0010,,,일반건축물,단독주택,단독주택,124.92,62.01,186.03,19871124,2,1,서울특별시 금천구 시흥동 219-10번지
11545,10300,0,0219,0012,,,일반건축물,단독주택,단독주택,142,69.12,207.36,19871210,2,1,서울특별시 금천구 시흥동 219-12번지
11545,10300,0,0219,0013,첼시하우스10,,표제부,공동주택,공동주택(도시형생활주택/단지형다세대주택),0,199.56,658.92,20220902,5,0,서울특별시 금천구 시흥동 219-13번지
11545,10300,0,0219,0013,첼시하우스10,,표제부,공동주택,공동주택(도시형생활주택/단지형다세대주택),0,199.56,620.04,20220902,5,0,서울특별시 금천구 시흥동 219-13번지
11545,10300,0,0219,0016,첼시하우스10,,표제부,공동주택,도시형생활주택/단지형다세대주택,755,190.93,625.26,20230309,5,0,서울특별시 금천구 시흥동 219-16번지
11545,10300,0,0219,0016,첼시하우스10,,표제부,공동주택,도시형생활주택/단지형다세대주택,755,205.09,659.84,20230309,5,0,서울특별시 금천구 시흥동 219-16번지
11545,10300,0,0219,0026,나동,,일반건축물,단독주택,단독주택,138,68.67,206.01,19860930,2,1,서울특별시 금천구 시흥동 219-26번지
11545,10300,0,0219,0027,가동,,일반건축물,단독주택,단독주택,95.95,47.76,143.28,19860930,2,1,서울특별시 금천구 시흥동 219-27번지
11545,10300,0,0220,0000,,,일반건축물,단독주택,주택,0,89.26,89.26,,1,0,서울특별시 금천구 시흥동 220번지
11545,10300,0,0220,0000,,,일반건축물,단독주택,주택,0,59.5,59.5,,1,0,서울특별시 금천구 시흥동 220번지
11545,10300,0,0220,0000,,,일반건축물,단독주택,주택,0,36.36,36.36,,1,0,서울특별시 금천구 시흥동 220번지
11545,10300,0,0220,0000,,,일반건축물,단독주택,주택,0,49.59,49.59,,1,0,서울특별시 금천구 시흥동 220번지
11545,10300,0,0220,0000,,,일반건축물,단독주택,주택,0,95.87,95.87,,1,0,서울특별시 금천구 시흥동 220번지
11545,10300,0,0220,0000,,,일반건축물,단독주택,주택,0,79.34,79.34,,1,0,서울특별시 금천구 시흥동 220번지
11545,10300,0,0220,0000,,,일반건축물,단독주택,주택,0,105.79,105.79,,1,0,서울특별시 금천구 시흥동 220번지
11545,10300,0,0220,0000,,,일반건축물,단독주택,주택,0,49.59,49.59,,1,0,서울특별시 금천구 시흥동 220번지
11545,10300,0,0220,0000,,,일반건축물,단독주택,주택,0,26.45,26.45,,1,0,서울특별시 금천구 시흥동 220번지
11545,10300,0,0220,0000,,,일반건축물,단독주택,주택,0,82.64,82.64,,1,0,서울특별시 금천구 시흥동 220번지
11545,10300,0,0220,0000,,,일반건축물,단독주택,주택,0,69.42,69.42,,1,0,서울특별시 금천구 시흥동 220번지
11545,10300,0,0220,0000,,,일반건축물,단독주택,주택,0,26.45,26.45,,1,0,서울특별시 금천구 시흥동 220번지
11545,10300,0,0220,0000,,,일반건축물,단독주택,주택,0,52.89,52.89,,1,0,서울특별시 금천구 시흥동 220번지
11545,10300,0,0220,0000,,,일반건축물,단독주택,주택,0,26.45,26.45,,1,0,서울특별시 금천구 시흥동 220번지
11545,10300,0,0220,0000,,,일반건축물,단독주택,주택,0,46.28,46.28,,1,0,서울특별시 금천구 시흥동 220번지
11545,10300,0,0220,0000,,,일반건축물,단독주택,주택,0,36.36,36.36,,1,0,서울특별시 금천구 시흥동 220번지
11545,10300,0,0220,0000,,,일반건축물,단독주택,주택,0,36.36,36.36,,1,0,서울특별시 금천구 시흥동 220번지
11545,10300,0,0220,0000,,,일반건축물,단독주택,주택,0,119.01,119.01,,1,0,서울특별시 금천구 시흥동 220번지
11545,10300,0,0220,0000,,,일반건축물,단독주택,주택,0,36.36,36.36,,1,0,서울특별시 금천구 시흥동 220번지
11545,10300,0,0220,0000,,,일반건축물,단독주택,주택,0,33.06,33.06,,1,0,서울특별시 금천구 시흥동 220번지
11545,10300,0,0220,0000,,,일반건축물,단독주택,주택,0,69.42,69.42,,1,0,서울특별시 금천구 시흥동 220번지
11545,10300,0,0220,0000,,,일반건축물,단독주택,주택,0,62.81,62.81,,1,0,서울특별시 금천구 시흥동 220번지
11545,10300,0,0220,0001,시흥다경빌,,표제부,공동주택,공동주택,0,198.55,639.78,20190607,5,0,서울특별시 금천구 시흥동 220-1번지
11545,10300,0,0220,0001,시흥다경빌,,표제부,공동주택,공동주택,0,169.98,597.3,20190607,5,0,서울특별시 금천구 시흥동 220-1번지
11545,10300,0,0220,0003,,,표제부,공동주택,연립주택,0,97.85,258.51,19821103,2,1,서울특별시 금천구 시흥동 220-3번지
11545,10300,0,0220,0006,,,일반건축물,단독주택,단독주택,132,65.88,197.64,19890220,2,1,서울특별시 금천구 시흥동 220-6번지
11545,10300,0,0220,0007,백운빌리지,,표제부,공동주택,연립주택,787,334.52,1488.24,19990814,4,1,서울특별시 금천구 시흥동 220-7번지
11545,10300,0,0220,0010,아이빌,,표제부,공동주택,공동주택,0,178.84,658.12,20180905,5,0,서울특별시 금천구 시흥동 220-10번지
11545,10300,0,0220,0010,아이빌,,표제부,공동주택,공동주택,0,184.67,659.26,20180905,5,0,서울특별시 금천구 시흥동 220-10번지
11545,10300,0,0220,0011,,,일반건축물,단독주택,단독주택,118.7,58.71,177.12,19880818,2,1,서울특별시 금천구 시흥동 220-11번지
11545,10300,0,0220,0012,,,일반건축물,제1종근린생활시설,근린생활시설,210.48,125.67,599.2,19960619,4,1,서울특별시 금천구 시흥동 220-12번지
11545,10300,0,0220,0013,,,일반건축물,단독주택,다가구용 단독주택(5가구),122,63.27,184.32,19911105,2,1,서울특별시 금천구 시흥동 220-13번지
11545,10300,0,0220,0014,,,일반건축물,단독주택,주택,0,49.48,148.44,19830812,2,1,서울특별시 금천구 시흥동 220-14번지
11545,10300,0,0220,0015,,,일반건축물,단독주택,단독주택,98.85,48.65,155.66,19850218,2,1,서울특별시 금천구 시흥동 220-15번지
11545,10300,0,0220,0018,,,일반건축물,단독주택,다가구주택(5가구),90.61,50.92,149.24,19920131,2,1,서울특별시 금천구 시흥동 220-18번지
11545,10300,0,0220,0019,,,일반건축물,단독주택,"주택, 점포",0,50.08,100.19,19760921,2,1,서울특별시 금천구 시흥동 220-19번지
11545,10300,0,0220,0020,,,일반건축물,단독주택,주택(3가구),125,62,186,19911107,2,1,서울특별시 금천구 시흥동 220-20번지
11545,10300,0,0220,0025,,,일반건축물,단독주택,주택,0,65.12,165.61,19781016,2,1,서울특별시 금천구 시흥동 220-25번지
11545,10300,0,0220,0027,,,일반건축물,단독주택,"다가구주택,근린생활시설",146,86.26,221.26,20180917,4,0,서울특별시 금천구 시흥동 220-27번지
11545,10300,0,0220,0028,,,일반건축물,단독주택,"근린생활시설, 주택",130.43,65,264.29,19870828,3,1,서울특별시 금천구 시흥동 220-28번지
11545,10300,0,0220,0029,,,일반건축물,제2종근린생활시설,"(제2종)근린생활시설, 주택",203,93.77,413.12,19880919,4,1,서울특별시 금천구 시흥동 220-29번지
11545,10300,0,0220,0032,은슬림11,,표제부,공동주택,다세대주택,339.5,173.89,657.27,20231117,5,0,서울특별시 금천구 시흥동 220-32번지
11545,10300,0,0220,0033,,,일반건축물,제2종근린생활시설,"제2종근린생활시설, 주택",305,152.29,881.03,19921219,5,1,서울특별시 금천구 시흥동 220-33번지
11545,10300,0,0220,0034,,,일반건축물,단독주택,단독주택,125.7,62.55,187.65,19890912,2,1,서울특별시 금천구 시흥동 220-34번지
11545,10300,0,0220,0035,,,일반건축물,단독주택,주택,0,68.5,74.78,19750320,1,1,서울특별시 금천구 시흥동 220-35번지
11545,10300,0,0220,0038,금강파크빌,,표제부,공동주택,도시형생활주택(단지형다세대),0,139.97,388.1,20190524,5,0,서울특별시 금천구 시흥동 220-38번지
11545,10300,0,0220,0038,금강파크빌,,표제부,공동주택,도시형생활주택(단지형다세대),0,185.16,611.88,20190524,5,0,서울특별시 금천구 시흥동 220-38번지
11545,10300,0,0220,0040,,,일반건축물,단독주택,단독주택,100.19,49.88,149.64,19871019,2,1,서울특별시 금천구 시흥동 220-40번지
11545,10300,0,0220,0041,,,표제부,공동주택,주택,0,149.09,327.6,19820312,2,1,서울특별시 금천구 시흥동 220-41번지
11545,10300,0,0220,0042,,,일반건축물,단독주택,다가구용 단독주택(5가구),124,67.77,207.19,19901019,2,1,서울특별시 금천구 시흥동 220-42번지
11545,10300,0,0220,0043,도담하우스,,일반건축물,단독주택,단독주택(다중주택),185.2,110.9,444.95,20201207,4,1,서울특별시 금천구 시흥동 220-43번지
11545,10300,0,0220,0047,서원하우스B,,표제부,공동주택,공동주택(다세대주택),310.3,182.39,615.61,20190726,5,0,서울특별시 금천구 시흥동 220-47번지
11545,10300,0,0220,0048,,,일반건축물,단독주택,단독주택,116,57.41,172.23,19890629,2,1,서울특별시 금천구 시흥동 220-48번지
11545,10300,0,0220,0049,은슬림3,,표제부,공동주택,공동주택(도시형생활주택-단지형다세대),668,188.76,646.8,20191002,5,0,서울특별시 금천구 시흥동 220-49번지
11545,10300,0,0220,0049,은슬림3,,표제부,공동주택,공동주택(도시형생활주택-단지형다세대),668,166.81,653.92,20191002,5,0,서울특별시 금천구 시흥동 220-49번지
11545,10300,0,0220,0050,,,일반건축물,단독주택,"근린생활시설, 주택",153.4,76.63,317.92,19890705,3,1,서울특별시 금천구 시흥동 220-50번지
11545,10300,0,0220,0051,,,일반건축물,단독주택,주택,0,76.69,198.67,19800701,2,1,서울특별시 금천구 시흥동 220-51번지
11545,10300,0,0220,0052,,,일반건축물,단독주택,주택,0,53.55,113.05,19820715,2,1,서울특별시 금천구 시흥동 220-52번지
11545,10300,0,0220,0053,,,표제부,공동주택,공동주택,0,193.23,656.26,20190214,5,0,서울특별시 금천구 시흥동 220-53번지
11545,10300,0,0220,0053,,,표제부,공동주택,공동주택,0,190.71,654.74,20190214,5,0,서울특별시 금천구 시흥동 220-53번지
11545,10300,0,0220,0055,,,일반건축물,단독주택,주택,0,62.88,188.64,19881012,2,1,서울특별시 금천구 시흥동 220-55번지
11545,10300,0,0220,0056,,,일반건축물,단독주택,단독주택,142.25,70.46,211.38,19881006,2,1,서울특별시 금천구 시흥동 220-56번지
11545,10300,0,0220,0057,,,일반건축물,단독주택,단독주택,126,62.57,187.71,19880927,2,1,서울특별시 금천구 시흥동 220-57번지
11545,10300,0,0220,0058,,,일반건축물,단독주택,주택,0,102.81,226.12,19811214,2,1,서울특별시 금천구 시흥동 220-58번지
11545,10300,0,0220,0059,퍼스트빌,,표제부,공동주택,공동주택,376.7,201.47,641.47,20180628,5,0,서울특별시 금천구 시흥동 220-59번지
11545,10300,0,0220,0061,,,일반건축물,단독주택,주택,0,78.68,211.24,19811212,2,1,서울특별시 금천구 시흥동 220-61번지
11545,10300,0,0220,0061,,,일반건축물,단독주택,"근린생활시설, 주택",0,77.69,155.38,19811212,2,0,서울특별시 금천구 시흥동 220-61번지
11545,10300,0,0220,0063,,,일반건축물,단독주택,주택,0,57.52,145.78,19820513,2,1,서울특별시 금천구 시흥동 220-63번지
11545,10300,0,0220,0064,건우로얄빌라,,표제부,공동주택,연립주택,651,306.47,1295.95,19960603,4,1,서울특별시 금천구 시흥동 220-64번지
11545,10300,0,0220,0065,,,일반건축물,단독주택,단독주택,197.68,96.93,290.79,19880818,2,1,서울특별시 금천구 시흥동 220-65번지
11545,10300,0,0220,0066,삼성아트.빌,,표제부,공동주택,다세대주택,329,182.5,657.94,20031017,5,0,서울특별시 금천구 시흥동 220-66번지
11545,10300,0,0220,0067,,,일반건축물,단독주택,다가구주택(4가구),103.84,61.97,226.61,19950222,3,1,서울특별시 금천구 시흥동 220-67번지
11545,10300,0,0220,0068,,,일반건축물,단독주택,"근린생활시설, 주택",0,134.19,526.97,19880711,3,1,서울특별시 금천구 시흥동 220-68번지
11545,10300,0,0220,0069,,,일반건축물,단독주택,"주택, 점포",0,45.95,101.82,19800109,2,1,서울특별시 금천구 시흥동 220-69번지
11545,10300,0,0220,0070,,,일반건축물,단독주택,다가구용 단독주택(4가구),132,79.11,227.52,19940507,2,1,서울특별시 금천구 시흥동 220-70번지
11545,10300,0,0220,0071,,,표제부,공동주택,다세대주택,315.3,168.17,649.7,19951002,4,1,서울특별시 금천구 시흥동 220-71번지
11545,10300,0,0220,0072,,,일반건축물,제2종근린생활시설,근린생활시설,89,51.48,114.3,20181226,3,0,서울특별시 금천구 시흥동 220-72번지
11545,10300,0,0220,0073,,,일반건축물,단독주택,"(제2종)근린생활시설, 주택",0,139.58,510.68,19880919,3,1,서울특별시 금천구 시흥동 220-73번지
11545,10300,0,0220,0074,,,일반건축물,제2종근린생활시설,"근린생활시설, 단독주택",106.3,63.75,297.91,19950916,4,1,서울특별시 금천구 시흥동 220-74번지
11545,10300,0,0220,0079,은슬림,,표제부,공동주택,공동주택,313.03,182,625.92,20181116,5,0,서울특별시 금천구 시흥동 220-79번지
11545,10300,0,0220,0083,,,일반건축물,단독주택,다가구용 단독주택(5가구),0,71.57,214.71,19920731,2,1,서울특별시 금천구 시흥동 220-83번지
11545,10300,0,0220,0095,,,일반건축물,제1종근린생활시설,"근린생활시설, 주택",152,75.6,284.94,19871229,3,1,서울특별시 금천구 시흥동 220-95번지
11545,10300,0,0220,0100,,,일반건축물,단독주택,주택,0,91.57,161.98,19790811,2,1,서울특별시 금천구 시흥동 220-100번지
11545,10300,0,0220,0105,,,표제부,공동주택,연립주택,0,114.05,290.91,19821103,2,1,서울특별시 금천구 시흥동 220-105번지
11545,10300,0,0220,0106,개명주택,,일반건축물,단독주택,단독주택,194,116.31,338.6,20180829,4,0,서울특별시 금천구 시흥동 220-106번지
11545,10300,0,0220,0116,은슬림10,,표제부,공동주택,도시형생활주택(원룸형),377.16,220.73,658.74,20230413,5,0,서울특별시 금천구 시흥동 220-116번지
11545,10300,0,0220,0119,,,일반건축물,단독주택,단독주택,103,49.26,147.78,19871020,2,1,서울특별시 금천구 시흥동 220-119번지
11545,10300,0,0220,0122,,,일반건축물,단독주택,주택,97.66,48.73,146.19,19880430,2,1,서울특별시 금천구 시흥동 220-122번지
11545,10300,0,0220,0124,,,일반건축물,단독주택,주택,92,45.93,137.79,19880430,2,1,서울특별시 금천구 시흥동 220-124번지
11545,10300,0,0220,0125,,,일반건축물,단독주택,주택,94,46.53,139.59,19880430,2,1,서울특별시 금천구 시흥동 220-125번지
11545,10300,0,0220,0126,,,일반건축물,단독주택,주택,122,49.2,143.88,19880430,2,1,서울특별시 금천구 시흥동 220-126번지
11545,10300,0,0220,0128,,,일반건축물,단독주택,단독주택,118.04,58.95,176.85,19880822,2,1,서울특별시 금천구 시흥동 220-128번지
11545,10300,0,0220,0129,,,일반건축물,단독주택,단독주택,188.41,89.15,246.87,19891206,2,1,서울특별시 금천구 시흥동 220-129번지
11545,10300,0,0220,0130,,,일반건축물,단독주택,단독주택,109,53.55,160.65,19881006,2,1,서울특별시 금천구 시흥동 220-130번지
11545,10300,0,0220,0131,,,일반건축물,단독주택,단독주택,91.6,43.32,133.71,19881010,2,1,서울특별시 금천구 시흥동 220-131번지
11545,10300,0,0220,0140,,,일반건축물,단독주택,단독주택,148,69.87,209.61,19890529,2,1,서울특별시 금천구 시흥동 220-140번지
11545,10300,0,0220,0141,,,일반건축물,단독주택,다가구용 단독주택(5가구),99.86,51.86,155.58,19901129,2,1,서울특별시 금천구 시흥동 220-141번지
11545,10300,0,0220,0161,서원하우스A,,표제부,공동주택,공동주택(다세대주택),291,169.92,580.93,20190726,5,0,서울특별시 금천구 시흥동 220-161번지
11545,10300,0,0222,0004,,,일반건축물,단독주택,다가구용 단독주택(3가구),195.72,117.35,319.14,19961017,2,1,서울특별시 금천구 시흥동 222-4번지
11545,10300,0,0222,0005,,,일반건축물,단독주택,단독주택,164.49,82.19,238.32,19860623,2,1,서울특별시 금천구 시흥동 222-5번지
11545,10300,0,0222,0015,,,일반건축물,단독주택,단독주택,112,55.26,165.78,19860704,2,1,서울특별시 금천구 시흥동 222-15번지
11545,10300,0,0224,0001,시흥동아동시설,,일반건축물,교육연구시설,교육연구및복지시설,0,342.14,999.72,20010102,3,0,서울특별시 금천구 시흥동 224-1번지
11545,10300,0,0224,0001,혜명보육원,,일반건축물,노유자시설,노유자시설(아동복지시설),0,406.47,1160.53,20061117,3,1,서울특별시 금천구 시흥동 224-1번지
11545,10300,0,0224,0001,시흥동아동시설,,일반건축물,노유자시설,노유자시설,0,353.92,1332.14,19960627,3,1,서울특별시 금천구 시흥동 224-1번지
11545,10300,0,0224,0001,혜명복지원,,일반건축물,제2종근린생활시설,제2종근린생활시설,0,255.04,499.93,20171215,2,0,서울특별시 금천구 시흥동 224-1번지
11545,10300,0,0224,0008,,,일반건축물,단독주택,"주택, 점포",0,69.09,202.31,19811224,2,1,서울특별시 금천구 시흥동 224-8번지
11545,10300,0,0228,0000,,,일반건축물,단독주택,주택,0,72.73,72.73,,1,0,서울특별시 금천구 시흥동 228번지
11545,10300,0,0228,0000,,,일반건축물,단독주택,주택,0,72.73,72.73,,1,0,서울특별시 금천구 시흥동 228번지
11545,10300,0,0228,0000,,,일반건축물,단독주택,주택,0,23.14,23.14,,1,0,서울특별시 금천구 시흥동 228번지
11545,10300,0,0228,0004,둥 지,,표제부,공동주택,다세대주택,397,183.65,655.24,20030930,5,0,서울특별시 금천구 시흥동 228-4번지
11545,10300,0,0228,0006,,,표제부,공동주택,다세대 주택,240.99,113.4,328.95,19861201,2,1,서울특별시 금천구 시흥동 228-6번지
11545,10300,0,0228,0013,,,일반건축물,단독주택,단독주택,10.75,67.6,122.74,19710615,2,0,서울특별시 금천구 시흥동 228-13번지
11545,10300,0,0228,0014,,,일반건축물,단독주택,단독주택,0,54.64,163.92,19920817,2,1,서울특별시 금천구 시흥동 228-14번지
11545,10300,0,0228,0015,,,일반건축물,단독주택,다가구용 단독주택(3가구),0,40.87,122.61,19920817,2,1,서울특별시 금천구 시흥동 228-15번지
11545,10300,0,0228,0016,,,일반건축물,단독주택,단독주택,60,35.64,106.92,19920525,2,1,서울특별시 금천구 시흥동 228-16번지
11545,10300,0,0228,0017,,,일반건축물,단독주택,단독주택,108.05,64.31,176.85,19920506,2,1,서울특별시 금천구 시흥동 228-17번지
11545,10300,0,0228,0018,,,일반건축물,단독주택,단독주택,108.05,58.95,176.85,19920525,2,1,서울특별시 금천구 시흥동 228-18번지
11545,10300,0,0228,0019,,,일반건축물,단독주택,다가구용 단독주택(5가구),106,58.97,149.31,19921005,2,1,서울특별시 금천구 시흥동 228-19번지
11545,10300,0,0228,0020,,,일반건축물,단독주택,다가구용 단독주택(5가구),92.86,54.77,149.86,19921005,2,1,서울특별시 금천구 시흥동 228-20번지
11545,10300,0,0228,0021,,,일반건축물,단독주택,단독주택,0,49.98,149.94,19920921,2,1,서울특별시 금천구 시흥동 228-21번지
11545,10300,0,0228,0024,,,일반건축물,단독주택,단독주택,150,82.14,228.06,19920527,2,1,서울특별시 금천구 시흥동 228-24번지
11545,10300,0,0228,0026,,,일반건축물,단독주택,주택,0,33.06,33.06,19710417,1,0,서울특별시 금천구 시흥동 228-26번지
11545,10300,0,0228,0028,,,일반건축물,단독주택,단독주택,0,49.56,148.68,19920826,2,1,서울특별시 금천구 시흥동 228-28번지
11545,10300,0,0228,0030,,,일반건축물,제1종근린생활시설,근린생활시설,0,45.29,90.58,19791214,2,0,서울특별시 금천구 시흥동 228-30번지
11545,10300,0,0228,0034,,,일반건축물,단독주택,"근린생활시설, 다가구주택(3가구)",165,98.9,271.47,19931103,2,1,서울특별시 금천구 시흥동 228-34번지
11545,10300,0,0228,0035,,,일반건축물,단독주택,주택,0,52.76,98.38,19730827,2,1,서울특별시 금천구 시흥동 228-35번지
11545,10300,0,0228,0037,,,일반건축물,단독주택,"주택, 점포,제2종근린생활시설",0,79.54,102.55,19741007,2,0,서울특별시 금천구 시흥동 228-37번지
11545,10300,0,0228,0038,,,일반건축물,단독주택,"주택, 점포",0,75.77,139.04,19751110,2,1,서울특별시 금천구 시흥동 228-38번지
11545,10300,0,0228,0039,,,일반건축물,단독주택,"주택,창고,제2종근린생활시설",119,70.88,187.1,19741007,3,1,서울특별시 금천구 시흥동 228-39번지
11545,10300,0,0230,0000,서울탑동초등학교,,일반건축물,교육연구시설,교육연구시설(학교),12633,2892.61,12512.89,20031217,5,1,서울특별시 금천구 시흥동 230번지
11545,10300,0,0230,0004,,,일반건축물,단독주택,"근린생활시설, 주택(1세대)",225,121.4,533.28,19950614,4,1,서울특별시 금천구 시흥동 230-4번지
11545,10300,0,0230,0015,스타힐스,,표제부,공동주택,공동주택,635.13,176.9,657.08,20191217,5,0,서울특별시 금천구 시흥동 230-15번지
11545,10300,0,0230,0015,스타힐스,,표제부,공동주택,공동주택,635.13,160.7,610.16,20191217,5,0,서울특별시 금천구 시흥동 230-15번지
11545,10300,0,0230,0031,,,일반건축물,단독주택,다가구용 단독주택(3가구),83.44,49.82,134.22,19930730,2,1,서울특별시 금천구 시흥동 230-31번지
11545,10300,0,0230,0032,,,일반건축물,단독주택,다가구용 단독주택(4가구),99.22,59.52,165.51,19930826,3,0,서울특별시 금천구 시흥동 230-32번지
11545,10300,0,0230,0034,,,일반건축물,단독주택,주택,0,41.98,41.98,19710514,1,0,서울특별시 금천구 시흥동 230-34번지
11545,10300,0,0230,0036,,,일반건축물,단독주택,주택,0,34.61,34.61,19740208,1,0,서울특별시 금천구 시흥동 230-36번지
11545,10300,0,0230,0040,,,일반건축물,단독주택,주택,0,60.33,60.33,19760526,1,0,서울특별시 금천구 시흥동 230-40번지
11545,10300,0,0230,0042,,,일반건축물,단독주택,주택,0,43.56,67.06,19720608,2,0,서울특별시 금천구 시흥동 230-42번지
11545,10300,0,0230,0044,,,일반건축물,단독주택,주택,0,36.46,42.05,19710804,1,1,서울특별시 금천구 시흥동 230-44번지
11545,10300,0,0230,0045,,,일반건축물,단독주택,주택,0,49.39,49.39,19720120,1,0,서울특별시 금천구 시흥동 230-45번지
11545,10300,0,0230,0046,,,일반건축물,단독주택,단독주택,118,69.92,193.9,20220119,4,0,서울특별시 금천구 시흥동 230-46번지
11545,10300,0,0230,0047,,,일반건축물,단독주택,다가구용 단독주택(5가구),118.65,69.49,190.11,19930909,2,1,서울특별시 금천구 시흥동 230-47번지
11545,10300,0,0230,0048,,,일반건축물,단독주택,주택,0,57.33,171.99,19830831,2,1,서울특별시 금천구 시흥동 230-48번지
11545,10300,0,0230,0049,,,일반건축물,단독주택,주택,0,68.43,68.43,19810304,1,0,서울특별시 금천구 시흥동 230-49번지
11545,10300,0,0230,0050,아덴하임에이동,,표제부,공동주택,공동주택,314.02,184.3,626.92,20190730,5,0,서울특별시 금천구 시흥동 230-50번지
11545,10300,0,0230,0052,,,일반건축물,단독주택,다가구용 단독주택(3가구),78.12,46.86,126.93,19930803,2,1,서울특별시 금천구 시흥동 230-52번지
11545,10300,0,0230,0053,,,일반건축물,단독주택,다가구용 단독주택(5가구),104,60.63,169.69,19930910,2,1,서울특별시 금천구 시흥동 230-53번지
11545,10300,0,0230,0054,,,일반건축물,단독주택,다가구용 단독주택(5가구),115.57,69.12,188.16,19930908,2,1,서울특별시 금천구 시흥동 230-54번지
11545,10300,0,0230,0055,,,일반건축물,단독주택,다가구용 단독주택(5가구),116.9,69.66,194.84,19930820,2,1,서울특별시 금천구 시흥동 230-55번지
11545,10300,0,0230,0056,,,일반건축물,단독주택,주택,0,56.13,68.89,19760709,1,1,서울특별시 금천구 시흥동 230-56번지
11545,10300,0,0230,0059,,,일반건축물,단독주택,"다가구용 단독주택(3가구), 근린생활시설",112.7,67.53,199.92,19930813,3,0,서울특별시 금천구 시흥동 230-59번지
11545,10300,0,0230,0060,,,일반건축물,단독주택,다가구용 단독주택(5가구),115.17,66.18,172.6,19930823,2,1,서울특별시 금천구 시흥동 230-60번지
11545,10300,0,0230,0061,,,일반건축물,단독주택,다가구용 단독주택(5가구),101.48,60.59,167.67,19930825,2,1,서울특별시 금천구 시흥동 230-61번지
11545,10300,0,0230,0062,,,일반건축물,단독주택,다가구용 단독주택(3가구),91.63,54.08,146.34,19930824,2,1,서울특별시 금천구 시흥동 230-62번지
11545,10300,0,0230,0063,,,일반건축물,단독주택,주택,0,38.02,38.02,19710804,1,0,서울특별시 금천구 시흥동 230-63번지
11545,10300,0,0230,0065,,,일반건축물,제1종근린생활시설,"근린생활시설, 단독주택",219,131.23,505.32,19950119,4,1,서울특별시 금천구 시흥동 230-65번지
11545,10300,0,0230,0066,,,일반건축물,단독주택,다가구용 단독주택(5가구),122,67.97,198.93,19911031,2,1,서울특별시 금천구 시흥동 230-66번지
11545,10300,0,0230,0067,,,일반건축물,단독주택,단독주택,112,54.69,164.07,19901108,2,1,서울특별시 금천구 시흥동 230-67번지
11545,10300,0,0230,0068,,,일반건축물,단독주택,주택,0,65.79,65.79,19750428,1,0,서울특별시 금천구 시흥동 230-68번지
11545,10300,0,0230,0078,아덴하임비동,,표제부,공동주택,공동주택,284.07,158.66,567.68,20190730,5,0,서울특별시 금천구 시흥동 230-78번지
11545,10300,0,0230,0084,스타힐스,,표제부,공동주택,공동주택,0,179.37,659.54,20181123,5,0,서울특별시 금천구 시흥동 230-84번지
11545,10300,0,0230,0084,스타힐스,,표제부,공동주택,공동주택,0,225.16,659.71,20181123,5,0,서울특별시 금천구 시흥동 230-84번지
11545,10300,0,0230,0096,,,일반건축물,단독주택,"근린생활시설, 주택",134,64.8,205.74,19861224,3,1,서울특별시 금천구 시흥동 230-96번지
11545,10300,0,0230,0097,,,일반건축물,단독주택,주택,0,52.36,157.08,19900516,2,1,서울특별시 금천구 시흥동 230-97번지
11545,10300,0,0230,0121,스타힐스2차,,표제부,공동주택,공동주택(도시형생활주택),0,186.18,615.6,20190418,5,0,서울특별시 금천구 시흥동 230-121번지
11545,10300,0,0230,0121,스타힐스2차,,표제부,공동주택,공동주택(도시형생활주택),0,167.94,563.28,20190418,5,0,서울특별시 금천구 시흥동 230-121번지
11545,10300,0,0232,0000,시흥중앙교회,,일반건축물,문화및집회시설,"문화및집회시설, 교육연구및 복지시설",504,269.59,1319.75,20000519,3,2,서울특별시 금천구 시흥동 232번지
11545,10300,0,0232,0001,,,표제부,공동주택,다세대주택,250,83.25,249.75,19881117,2,1,서울특별시 금천구 시흥동 232-1번지
11545,10300,0,0232,0007,,,표제부,공동주택,다세대주택,173,75.6,226.8,19880929,2,1,서울특별시 금천구 시흥동 232-7번지
11545,10300,0,0232,0008,,,표제부,공동주택,다세대주택(6세대),177,83.32,249.96,19881017,2,1,서울특별시 금천구 시흥동 232-8번지
11545,10300,0,0232,0009,,,표제부,공동주택,다세대주택(6세대),172.53,82.08,246.24,19881010,2,1,서울특별시 금천구 시흥동 232-9번지
11545,10300,0,0232,0010,,,표제부,공동주택,다세대주택(6세대),172.05,71.02,213.06,19881006,2,1,서울특별시 금천구 시흥동 232-10번지
11545,10300,0,0234,0000,삼성각C동,,일반건축물,종교시설,종교시설,0,40.32,40.32,20040525,1,0,서울특별시 금천구 시흥동 234번지
11545,10300,0,0234,0000,종각,,일반건축물,종교시설,종교시설,0,23.16,23.16,,2,0,서울특별시 금천구 시흥동 234번지
11545,10300,0,0234,0000,약사전A동,,일반건축물,종교시설,종교시설,0,93.32,93.32,19500510,1,0,서울특별시 금천구 시흥동 234번지
11545,10300,0,0234,0000,요사체B동,,일반건축물,종교시설,종교시설,0,195.93,446.26,20040525,2,1,서울특별시 금천구 시흥동 234번지
11545,10300,0,0237,0000,,,표제부,공동주택,다세대주택,204,122.35,634.08,20021101,4,1,서울특별시 금천구 시흥동 237번지
11545,10300,0,0237,0001,향기빌,,일반건축물,단독주택,"단독주택, 제2종근린생활시설",160.5,96,337.7,20181030,5,0,서울특별시 금천구 시흥동 237-1번지
11545,10300,0,0237,0002,,,일반건축물,단독주택,다가구용 단독주택(3가구),136,81.5,228.03,19940119,2,1,서울특별시 금천구 시흥동 237-2번지
11545,10300,0,0237,0005,,,표제부,공동주택,연립주택,0,162.21,323.66,19770607,2,1,서울특별시 금천구 시흥동 237-5번지
11545,10300,0,0237,0006,은슬림6,,표제부,공동주택,공동주택(도시형생활주택),0,187.18,619.72,20201119,5,0,서울특별시 금천구 시흥동 237-6번지
11545,10300,0,0237,0006,은슬림6,,표제부,공동주택,공동주택(도시형생활주택),0,160.47,659.84,20201119,5,0,서울특별시 금천구 시흥동 237-6번지
11545,10300,0,0237,0010,,,일반건축물,단독주택,다가구용 단독주택,0,56.55,169.65,19920916,2,1,서울특별시 금천구 시흥동 237-10번지
11545,10300,0,0237,0011,,,일반건축물,단독주택,주택,0,51.09,61.17,19711201,1,1,서울특별시 금천구 시흥동 237-11번지
11545,10300,0,0237,0013,,,일반건축물,단독주택,주택,0,35.21,35.21,19720401,1,0,서울특별시 금천구 시흥동 237-13번지
11545,10300,0,0237,0014,,,일반건축물,단독주택,"주택,제1종근린생활시설",41,30.14,47.54,19711210,2,0,서울특별시 금천구 시흥동 237-14번지
11545,10300,0,0237,0015,화신빌라,,표제부,공동주택,연립주택,683,246.38,1079.69,19970326,4,1,서울특별시 금천구 시흥동 237-15번지
11545,10300,0,0237,0018,,,일반건축물,단독주택,주택,0,39.7,78.94,19740826,2,1,서울특별시 금천구 시흥동 237-18번지
11545,10300,0,0237,0019,,,일반건축물,단독주택,"주택, 점포, 제2종근린생활시설",0,80.99,140.36,19740506,2,0,서울특별시 금천구 시흥동 237-19번지
11545,10300,0,0237,0021,,,일반건축물,단독주택,"근린생활시설, 단독주택",160,95.47,381.88,19981118,4,0,서울특별시 금천구 시흥동 237-21번지
11545,10300,0,0237,0024,,,일반건축물,단독주택,다가구용 단독주택(5가구),95.37,55.36,149.28,19930831,2,1,서울특별시 금천구 시흥동 237-24번지
11545,10300,0,0237,0026,,,일반건축물,단독주택,주택,0,51.9,51.9,19780321,1,0,서울특별시 금천구 시흥동 237-26번지
11545,10300,0,0237,0027,,,일반건축물,단독주택,"근린생활시설,창고",61,42.63,90.33,19980608,3,0,서울특별시 금천구 시흥동 237-27번지
11545,10300,0,0237,0028,,,일반건축물,제1종근린생활시설,근린생활시설,41,26.25,26.25,19730109,1,0,서울특별시 금천구 시흥동 237-28번지
11545,10300,0,0237,0029,,,일반건축물,단독주택,주택,0,43.97,98.85,19781218,2,1,서울특별시 금천구 시흥동 237-29번지
11545,10300,0,0237,0032,,,일반건축물,단독주택,단독주택,84.79,50.06,43.7,20170704,1,0,서울특별시 금천구 시흥동 237-32번지
11545,10300,0,0237,0033,,,일반건축물,단독주택,주택,0,51.57,106.45,19781004,2,1,서울특별시 금천구 시흥동 237-33번지
11545,10300,0,0237,0034,,,일반건축물,단독주택,주택,0,60.2,60.93,19751101,1,1,서울특별시 금천구 시흥동 237-34번지
11545,10300,0,0237,0035,,,일반건축물,단독주택,다가구용 단독주택(3가구),129,67.76,198.18,19910805,2,1,서울특별시 금천구 시흥동 237-35번지
11545,10300,0,0237,0036,,,일반건축물,단독주택,다가구용 단독주택(5가구),93,50.8,150.2,19910821,2,1,서울특별시 금천구 시흥동 237-36번지
11545,10300,0,0237,0037,,,일반건축물,제2종근린생활시설,제2종근린생활시설(사무실),89,38.04,71.47,20060120,2,0,서울특별시 금천구 시흥동 237-37번지
11545,10300,0,0237,0040,,,일반건축물,단독주택,다가구주택(5가구),116,65.51,196.53,19901106,2,1,서울특별시 금천구 시흥동 237-40번지
11545,10300,0,0237,0041,,,일반건축물,단독주택,다가구용 단독주택(5가구),122,66.23,198.69,19901207,2,1,서울특별시 금천구 시흥동 237-41번지
11545,10300,0,0237,0043,,,일반건축물,단독주택,주택,0,63.57,74.45,19770713,1,1,서울특별시 금천구 시흥동 237-43번지
11545,10300,0,0237,0045,은슬림,,표제부,공동주택,공동주택(도시형생활주택-원룸형),298,163.36,594.15,20200402,5,0,서울특별시 금천구 시흥동 237-45번지
11545,10300,0,0237,0047,,,일반건축물,단독주택,주택,0,63.57,74.45,19770215,1,1,서울특별시 금천구 시흥동 237-47번지
11545,10300,0,0237,0048,,.,일반건축물,단독주택,"주택, 점포",0,91.9,157.69,19771024,2,1,서울특별시 금천구 시흥동 237-48번지
11545,10300,0,0237,0049,,,일반건축물,단독주택,주택,0,63.57,74.45,19770520,1,1,서울특별시 금천구 시흥동 237-49번지
11545,10300,0,0237,0050,,,일반건축물,단독주택,주택,0,68.63,83.74,19760204,1,1,서울특별시 금천구 시흥동 237-50번지
11545,10300,0,0237,0052,,,일반건축물,단독주택,주택,0,64.66,67.9,19760114,1,1,서울특별시 금천구 시흥동 237-52번지
11545,10300,0,0237,0053,,,일반건축물,단독주택,주택,0,63.57,74.45,19770713,1,1,서울특별시 금천구 시흥동 237-53번지
11545,10300,0,0237,0054,,,일반건축물,단독주택,다가구용 단독주택(5가구),0,57.22,171.66,19920714,2,1,서울특별시 금천구 시흥동 237-54번지
11545,10300,0,0237,0055,,3,일반건축물,단독주택,다가구용 단독주택(3가구),95.65,53.52,151.1,19901019,2,1,서울특별시 금천구 시흥동 237-55번지
11545,10300,0,0237,0056,,,일반건축물,단독주택,주택,0,56.53,66.45,19771008,1,1,서울특별시 금천구 시흥동 237-56번지
11545,10300,0,0238,0000,,,일반건축물,단독주택,"근린생활시설, 주택",0,65.52,202.02,19831029,3,1,서울특별시 금천구 시흥동 238번지
11545,10300,0,0238,0004,,,일반건축물,제2종근린생활시설,제2종근린생활시설,92,55.18,124.92,19990205,3,0,서울특별시 금천구 시흥동 238-4번지
11545,10300,0,0238,0009,,,일반건축물,단독주택,단독주택,84.1,46.95,133.57,19920131,2,1,서울특별시 금천구 시흥동 238-9번지
11545,10300,0,0238,0012,,,일반건축물,단독주택,"근린생활시설, 위험물판매취급소, 주택",109.25,54.12,193.38,19850528,3,1,서울특별시 금천구 시흥동 238-12번지
11545,10300,0,0238,0013,,,일반건축물,단독주택,"제2종근린생활시설, 주택",123,72.67,283.06,19991102,4,0,서울특별시 금천구 시흥동 238-13번지
11545,10300,0,0239,0001,,,일반건축물,단독주택,"근린생활시설, 다가구용 단독주택(2가구)",119,71.15,275.96,19910912,3,1,서울특별시 금천구 시흥동 239-1번지
11545,10300,0,0239,0003,롯데블르빌,,표제부,공동주택,다세대주택,353,211.23,659.08,20160412,5,0,서울특별시 금천구 시흥동 239-3번지
11545,10300,0,0239,0007,운암빌라,,표제부,공동주택,다세대주택,347,207.73,658.8,20070817,5,0,서울특별시 금천구 시흥동 239-7번지
11545,10300,0,0239,0012,은슬림2,,표제부,공동주택,도시형생활주택(단지형다세대),0,133.78,526.6,20190711,5,0,서울특별시 금천구 시흥동 239-12번지
11545,10300,0,0239,0012,은슬림2,,표제부,공동주택,도시형생활주택(단지형다세대),0,169.36,548.9,20190711,5,0,서울특별시 금천구 시흥동 239-12번지
11545,10300,0,0239,0015,,,일반건축물,단독주택,다가구주택(5가구),175,104.65,289.22,19950616,2,1,서울특별시 금천구 시흥동 239-15번지
11545,10300,0,0239,0016,반초갤러리,,일반건축물,문화및집회시설,문화및집회시설(전시장),221,87.87,127.05,20160528,3,0,서울특별시 금천구 시흥동 239-16번지
11545,10300,0,0239,0019,,,표제부,공동주택,"주택, 점포",0,98.51,206.28,19771111,2,1,서울특별시 금천구 시흥동 239-19번지
11545,10300,0,0239,0020,,,일반건축물,단독주택,단독주택,169.5,83.07,247.89,19900611,2,1,서울특별시 금천구 시흥동 239-20번지
11545,10300,0,0239,0021,,,일반건축물,단독주택,주택,142,70.68,237.04,19900530,3,1,서울특별시 금천구 시흥동 239-21번지
11545,10300,0,0239,0022,,,일반건축물,단독주택,단독주택,142,82.8,145.2,19710303,2,0,서울특별시 금천구 시흥동 239-22번지
11545,10300,0,0239,0023,은슬림,,표제부,공동주택,공동주택,347,205.2,659.48,20200319,5,0,서울특별시 금천구 시흥동 239-23번지
11545,10300,0,0239,0025,시흥파크빌Ⅳ,,표제부,공동주택,공동주택,255,151.94,509.95,20190508,5,0,서울특별시 금천구 시흥동 239-25번지
11545,10300,0,0239,0026,금산캐슬,,표제부,공동주택,근린생활시설(사무소) 및 다세대주택(14세대),305,181.44,609.44,20160309,5,0,서울특별시 금천구 시흥동 239-26번지
11545,10300,0,0239,0029,,,일반건축물,단독주택,다가구용 단독주택(5가구),175,78.44,233.82,19910618,2,1,서울특별시 금천구 시흥동 239-29번지
11545,10300,0,0239,0030,시흥동다가구주택신축공사,,일반건축물,단독주택,다가구주택(4가구),175,103.79,274.59,19961101,2,1,서울특별시 금천구 시흥동 239-30번지
11545,10300,0,0239,0031,,,일반건축물,단독주택,다가구주택,145,86.88,146.84,20010724,2,0,서울특별시 금천구 시흥동 239-31번지
11545,10300,0,0239,0032,,,일반건축물,단독주택,"주택, 점포",0,42.64,95.86,19770930,2,1,서울특별시 금천구 시흥동 239-32번지
11545,10300,0,0239,0033,,,일반건축물,단독주택,주택,0,63.61,104.96,19710123,2,0,서울특별시 금천구 시흥동 239-33번지
11545,10300,0,0239,0034,,,일반건축물,단독주택,주택,0,42.05,42.05,19720214,1,0,서울특별시 금천구 시흥동 239-34번지
11545,10300,0,0239,0036,,,일반건축물,단독주택,단독주택,132,61.6,184.8,19880616,2,1,서울특별시 금천구 시흥동 239-36번지
11545,10300,0,0239,0037,,,일반건축물,제2종근린생활시설,제2종근린생활시설,99,63.9,147.64,19701223,3,0,서울특별시 금천구 시흥동 239-37번지
11545,10300,0,0239,0040,,,일반건축물,단독주택,주택,0,69.99,206.68,19841129,2,1,서울특별시 금천구 시흥동 239-40번지
11545,10300,0,0241,0005,,,일반건축물,제1종근린생활시설,"근린생활시설, 주택",0,62.16,217.86,19841231,3,1,서울특별시 금천구 시흥동 241-5번지
11545,10300,0,0241,0005,,,일반건축물,단독주택,주택,0,59.76,179.28,19831020,2,1,서울특별시 금천구 시흥동 241-5번지
11545,10300,0,0241,0007,4동,,일반건축물,노유자시설,사회복지시설,0,326.7,1377.98,20040102,4,1,서울특별시 금천구 시흥동 241-7번지
11545,10300,0,0241,0007,3동,,일반건축물,노유자시설,노유자시설,2875.4,598.39,1465.19,19750128,3,1,서울특별시 금천구 시흥동 241-7번지
11545,10300,0,0241,0007,,,일반건축물,노유자시설,"교육연구및복지시설,노인복지시설",0,15.3,15.3,20030607,1,0,서울특별시 금천구 시흥동 241-7번지
11545,10300,0,0241,0007,,,일반건축물,노유자시설,노인복지시설,0,520.26,1606.25,20030607,3,1,서울특별시 금천구 시흥동 241-7번지
11545,10300,0,0243,0003,,,일반건축물,단독주택,다가구주택,98.81,50.24,147.81,19900314,2,1,서울특별시 금천구 시흥동 243-3번지
11545,10300,0,0243,0004,기독교대한감리회 염광교회,,일반건축물,종교시설,종교집회시설,587.49,312.93,775.12,20030509,4,0,서울특별시 금천구 시흥동 243-4번지
11545,10300,0,0243,0004,,,일반건축물,종교시설,교회,0,210.25,361,19801210,2,1,서울특별시 금천구 시흥동 243-4번지
11545,10300,0,0243,0005,,,일반건축물,단독주택,다가구용 단독주택(5가구),100.5,58.4,174.09,19911226,2,1,서울특별시 금천구 시흥동 243-5번지
11545,10300,0,0243,0008,,,일반건축물,단독주택,다가구용 단독주택,114.15,57,171,19910610,2,1,서울특별시 금천구 시흥동 243-8번지
11545,10300,0,0243,0009,,,일반건축물,단독주택,다가구용 단독주택(4가구),0,33.52,102.54,19920905,2,1,서울특별시 금천구 시흥동 243-9번지
11545,10300,0,0243,0010,,,일반건축물,단독주택,주택,0,50.64,108.96,19830603,2,1,서울특별시 금천구 시흥동 243-10번지
11545,10300,0,0243,0010,,,일반건축물,단독주택,주택,0,52.74,131.4,19830603,2,1,서울특별시 금천구 시흥동 243-10번지
11545,10300,0,0243,0011,진성빌,,표제부,공동주택,다세대주택,260.29,155.88,512.51,20160203,5,0,서울특별시 금천구 시흥동 243-11번지
11545,10300,0,0243,0013,,,일반건축물,단독주택,"근린생활시설, 주택",96.5,48.18,154.44,19861025,2,1,서울특별시 금천구 시흥동 243-13번지
11545,10300,0,0243,0022,테마빌,,표제부,공동주택,"다세대주택,사무소",351,206.13,660.23,20160429,5,0,서울특별시 금천구 시흥동 243-22번지
11545,10300,0,0243,0027,,,일반건축물,단독주택,단독주택,115.3,57.63,174.69,19881125,2,1,서울특별시 금천구 시흥동 243-27번지
11545,10300,0,0243,0028,,,일반건축물,단독주택,주택,0,52.5,157.5,19881012,2,1,서울특별시 금천구 시흥동 243-28번지
11545,10300,0,0243,0029,,,일반건축물,단독주택,다가구용 단독주택(3가구),64.02,51.13,119.79,19940826,2,1,서울특별시 금천구 시흥동 243-29번지
11545,10300,0,0243,0030,,,일반건축물,단독주택,다가구용 단독주택(3가구),69.31,53.74,148.92,19940826,2,1,서울특별시 금천구 시흥동 243-30번지
11545,10300,0,0243,0031,시흥2동 산장경로당,,일반건축물,제1종근린생활시설,근린공공시설(노인정),210.9,113.84,199.36,19980415,2,0,서울특별시 금천구 시흥동 243-31번지
11545,10300,0,0243,0035,,,일반건축물,단독주택,"주택, 근린생활시설",0,51.74,103.31,19750628,2,1,서울특별시 금천구 시흥동 243-35번지
11545,10300,0,0243,0037,,,일반건축물,단독주택,단독주택,112.1,55.93,167.79,19890804,2,1,서울특별시 금천구 시흥동 243-37번지
11545,10300,0,0243,0038,,,일반건축물,단독주택,단독주택,110.63,55.28,165.84,19890718,2,1,서울특별시 금천구 시흥동 243-38번지
11545,10300,0,0243,0039,,,일반건축물,단독주택,"주택, 점포",0,71.34,132.5,19760611,2,1,서울특별시 금천구 시흥동 243-39번지
11545,10300,0,0243,0040,,,표제부,공동주택,다세대주택,0,104.1,312.3,19860605,2,1,서울특별시 금천구 시흥동 243-40번지
11545,10300,0,0243,0041,,,일반건축물,단독주택,주택,0,71.34,137.94,19760212,2,1,서울특별시 금천구 시흥동 243-41번지
11545,10300,0,0243,0042,,,일반건축물,단독주택,단독주택,149,74.16,222.48,19891110,2,1,서울특별시 금천구 시흥동 243-42번지
11545,10300,0,0243,0046,,,일반건축물,제1종근린생활시설,근린생활시설,0,75.37,150.08,19781223,2,1,서울특별시 금천구 시흥동 243-46번지
11545,10300,0,0243,0050,,,일반건축물,단독주택,단독주택,101,51.66,99.86,20150402,2,0,서울특별시 금천구 시흥동 243-50번지
11545,10300,0,0244,0000,,,일반건축물,단독주택,주택,0,56.61,169.83,19880530,2,1,서울특별시 금천구 시흥동 244번지
11545,10300,0,0244,0001,구립올고운어린이집,,일반건축물,노유자시설,노유자시설(어린이집),419.11,216.96,472.6,20150302,3,0,서울특별시 금천구 시흥동 244-1번지
11545,10300,0,0244,0008,,,일반건축물,단독주택,단독주택,169,68.7,206.1,19880801,2,1,서울특별시 금천구 시흥동 244-8번지
11545,10300,0,0244,0009,,,일반건축물,단독주택,단독주택,126,62.84,188.52,19880803,2,1,서울특별시 금천구 시흥동 244-9번지
11545,10300,0,0244,0010,준애드빌딩,,표제부,공동주택,다세대주택및 제2종근린생활시설,233,134.36,451.92,20080123,5,0,서울특별시 금천구 시흥동 244-10번지
11545,10300,0,0244,0014,테마빌2,,표제부,공동주택,"공동주택, 제1종근린생활시설",313,187.15,624.66,20170126,5,0,서울특별시 금천구 시흥동 244-14번지
11545,10300,0,0244,0021,,,표제부,공동주택,"다세대주택,제2종근린생활시설",143,85.08,322.17,20021017,4,0,서울특별시 금천구 시흥동 244-21번지
11545,10300,0,0244,0022,,.,일반건축물,단독주택,단독주택,139,68.82,206.46,19900816,2,1,서울특별시 금천구 시흥동 244-22번지
11545,10300,0,0244,0023,,,일반건축물,단독주택,"주택,창고",139,82.01,172.31,19751031,2,1,서울특별시 금천구 시흥동 244-23번지
11545,10300,0,0244,0024,,,일반건축물,단독주택,단독주택,139,82.25,238.66,19920522,2,1,서울특별시 금천구 시흥동 244-24번지
11545,10300,0,0244,0026,,,일반건축물,단독주택,다가구용 단독주택(5가구),118,70.6,189.6,19921022,2,1,서울특별시 금천구 시흥동 244-26번지
11545,10300,0,0244,0027,,,일반건축물,단독주택,다가구용단독주택(5가구),0,63.33,189.59,19920720,2,1,서울특별시 금천구 시흥동 244-27번지
11545,10300,0,0244,0028,,,일반건축물,단독주택,단독주택,0,66.54,194.76,19920622,2,1,서울특별시 금천구 시흥동 244-28번지
11545,10300,0,0244,0029,,,일반건축물,단독주택,주택,0,59.28,177.84,19880519,2,1,서울특별시 금천구 시흥동 244-29번지
11545,10300,0,0244,0031,,,일반건축물,단독주택,주택,0,85.12,178.11,19750118,2,1,서울특별시 금천구 시흥동 244-31번지
11545,10300,0,0244,0032,,,일반건축물,단독주택,단독주택,159.67,79.5,238.5,19900510,2,1,서울특별시 금천구 시흥동 244-32번지
11545,10300,0,0244,0033,,,일반건축물,단독주택,단독주택,152,75.72,227.16,19891101,2,1,서울특별시 금천구 시흥동 244-33번지
11545,10300,0,0244,0034,,,일반건축물,단독주택,단독주택,142.97,71.01,213.03,19900704,2,1,서울특별시 금천구 시흥동 244-34번지
11545,10300,0,0244,0035,,,일반건축물,단독주택,주 택,132,64.3,192.9,19881027,2,1,서울특별시 금천구 시흥동 244-35번지
11545,10300,0,0244,0038,백산지구대,,일반건축물,제1종근린생활시설,제1종근린생활시설(지구대),340,192.6225,491.1375,20151206,3,0,서울특별시 금천구 시흥동 244-38번지
11545,10300,0,0244,0040,,,일반건축물,단독주택,주택,0,73.16,81.79,19741228,1,1,서울특별시 금천구 시흥동 244-40번지
11545,10300,0,0244,0048,,,일반건축물,단독주택,단독주택,116,57.69,173.07,19891012,2,1,서울특별시 금천구 시흥동 244-48번지
11545,10300,0,0244,0049,,,일반건축물,단독주택,단독주택,175.63,82.2,246.6,19891109,2,1,서울특별시 금천구 시흥동 244-49번지
11545,10300,0,0244,0050,,,일반건축물,단독주택,"근린생활시설, 다가구용단독주택",135,77.84,299.16,19930823,3,1,서울특별시 금천구 시흥동 244-50번지
11545,10300,0,0244,0052,,,표제부,공동주택,다세대주택,238,127.08,445.92,19920509,3,1,서울특별시 금천구 시흥동 244-52번지
11545,10300,0,0244,0054,,,일반건축물,단독주택,다가구주택,114.04,67.98,171.3,19960531,2,1,서울특별시 금천구 시흥동 244-54번지
11545,10300,0,0244,0056,,,일반건축물,단독주택,주택,0,53.55,107.11,19771221,2,1,서울특별시 금천구 시흥동 244-56번지
11545,10300,0,0244,0058,,,일반건축물,단독주택,"(제2종)근린생활시설, 주택",199,98.82,494.46,19920103,4,1,서울특별시 금천구 시흥동 244-58번지
11545,10300,0,0245,0005,,,일반건축물,제2종근린생활시설,"(제2종)근린생활시설, 주택",181,107.25,357.09,19851214,3,1,서울특별시 금천구 시흥동 245-5번지
11545,10300,0,0245,0009,,,표제부,공동주택,다세대주택,234,126.48,496.02,19920310,3,1,서울특별시 금천구 시흥동 245-9번지
11545,10300,0,0245,0012,,,일반건축물,단독주택,주택,259,113.99,134.16,19801230,1,1,서울특별시 금천구 시흥동 245-12번지
11545,10300,0,0245,0013,,,일반건축물,제1종근린생활시설,근린생활시설,195,96.96,484.8,19891211,4,1,서울특별시 금천구 시흥동 245-13번지
11545,10300,0,0245,0014,,,일반건축물,제2종근린생활시설,"근린생활시설, 주택",201,98.68,493.4,19890601,4,1,서울특별시 금천구 시흥동 245-14번지
11545,10300,0,0245,0016,,,일반건축물,제2종근린생활시설,"근린생활시설, 주택",181,83.2,396.57,19851216,4,1,서울특별시 금천구 시흥동 245-16번지
11545,10300,0,0245,0017,,,일반건축물,종교시설,문화및집회시설(교회),336.1,201.47,642.34,20000801,3,1,서울특별시 금천구 시흥동 245-17번지
11545,10300,0,0246,0008,,,일반건축물,단독주택,단독주택,106,48.16,141.88,19861202,2,1,서울특별시 금천구 시흥동 246-8번지
11545,10300,0,0246,0009,,,일반건축물,노유자시설,"(제1종)근린생활시설, 노유자시설, 주택,교육연구및복지시설",299,144.2,783.16,19920609,4,1,서울특별시 금천구 시흥동 246-9번지
11545,10300,0,0247,0003,,,일반건축물,단독주택,주택,0,206.81,218.48,19570705,1,1,서울특별시 금천구 시흥동 247-3번지
11545,10300,0,0247,0003,,,일반건축물,단독주택,초가,0,23.14,23.14,19570705,1,0,서울특별시 금천구 시흥동 247-3번지
11545,10300,0,0247,0003,,,일반건축물,단독주택,초가,0,56.2,56.2,19570705,1,0,서울특별시 금천구 시흥동 247-3번지
11545,10300,0,0247,0005,,,일반건축물,단독주택,주택,0,69.09,112.06,19771116,2,1,서울특별시 금천구 시흥동 247-5번지
11545,10300,0,0247,0007,,,일반건축물,단독주택,다가구용 단독주택(5가구),117,69.43,183.39,19930825,2,1,서울특별시 금천구 시흥동 247-7번지
11545,10300,0,0247,0009,,,일반건축물,단독주택,다가구용 단독주택(5가구),122,62.94,188.82,19910713,2,1,서울특별시 금천구 시흥동 247-9번지
11545,10300,0,0247,0010,,,일반건축물,단독주택,다가구용단독주택(5가구),123,70.76,199.32,19910624,2,1,서울특별시 금천구 시흥동 247-10번지
11545,10300,0,0247,0012,,,일반건축물,단독주택,단독주택,136,67.95,203.85,19891117,2,1,서울특별시 금천구 시흥동 247-12번지
11545,10300,0,0247,0013,,,일반건축물,단독주택,단독주택,136,81.36,238.5,20010824,3,0,서울특별시 금천구 시흥동 247-13번지
11545,10300,0,0247,0014,,,일반건축물,단독주택,다가구용 단독주택(5가구),109,65.1,191.02,19930903,2,1,서울특별시 금천구 시흥동 247-14번지
11545,10300,0,0247,0015,,,일반건축물,단독주택,단독주택,152,72.63,211.95,19890713,2,1,서울특별시 금천구 시흥동 247-15번지
11545,10300,0,0247,0016,,,일반건축물,단독주택,단독주택,119,59.4,178.2,19891101,2,1,서울특별시 금천구 시흥동 247-16번지
11545,10300,0,0247,0017,,,일반건축물,단독주택,다가구용단독주택(5가구),133,77.22,198.18,19930521,2,1,서울특별시 금천구 시흥동 247-17번지
11545,10300,0,0247,0019,금천마을활력소 어울샘,,일반건축물,제1종근린생활시설,제1종근린생활시설,369,219.25,937.21,19811215,4,1,서울특별시 금천구 시흥동 247-19번지
11545,10300,0,0248,0009,,,일반건축물,제1종근린생활시설,"근린생활시설, 주택",0,64.35,230.78,19861030,3,1,서울특별시 금천구 시흥동 248-9번지
11545,10300,0,0248,0011,,,일반건축물,단독주택,"근린생활시설, 다가구주택",93,55.76,210.94,20020114,5,0,서울특별시 금천구 시흥동 248-11번지
11545,10300,0,0248,0012,,,일반건축물,제1종근린생활시설,근린생활시설,119,59.28,131.82,19881130,2,1,서울특별시 금천구 시흥동 248-12번지
11545,10300,0,0248,0013,,,일반건축물,제1종근린생활시설,"근린생활시설, 주 택",122,60.93,254.52,19890828,3,1,서울특별시 금천구 시흥동 248-13번지
11545,10300,0,0248,0014,,,일반건축물,단독주택,단독주택,119.18,59.55,182.15,19890622,2,1,서울특별시 금천구 시흥동 248-14번지
11545,10300,0,0248,0015,,,일반건축물,단독주택,단독주택,122,60.72,182.16,19891216,2,1,서울특별시 금천구 시흥동 248-15번지
11545,10300,0,0248,0018,,,일반건축물,단독주택,"근린생활시설, 다가구용 단독주택(2가구)",129,69.85,193.05,19940223,3,0,서울특별시 금천구 시흥동 248-18번지
11545,10300,0,0248,0023,,,일반건축물,제1종근린생활시설,"근린생활시설, 노유자시설, 주택",0,61.92,299.4,19900808,4,1,서울특별시 금천구 시흥동 248-23번지
11545,10300,0,0249,0003,ISB서서울빌딩,,일반건축물,제1종근린생활시설,"제1,2종근린생활시설,노유자시설",327.66,194.9,935.52,20040223,5,0,서울특별시 금천구 시흥동 249-3번지
11545,10300,0,0249,0006,,,일반건축물,단독주택,단독주택,136,67.18,201.54,19900711,2,1,서울특별시 금천구 시흥동 249-6번지
11545,10300,0,0249,0007,,,일반건축물,단독주택,주택,0,44.56,95.86,19770812,2,1,서울특별시 금천구 시흥동 249-7번지
11545,10300,0,0249,0008,,,일반건축물,단독주택,"근린생활시설, 주택",0,55.61,278.05,19920908,4,1,서울특별시 금천구 시흥동 249-8번지
11545,10300,0,0249,0009,,,일반건축물,단독주택,"근린생활시설, 주택",116,68.85,163.85,19910720,2,1,서울특별시 금천구 시흥동 249-9번지
11545,10300,0,0249,0010,,,일반건축물,단독주택,"(제2종)근린생활시설, 주택",219,81.77,333.84,19880212,3,1,서울특별시 금천구 시흥동 249-10번지
11545,10300,0,0249,0011,,,일반건축물,제1종근린생활시설,"근린생활시설, 주택",156,77.4,332.49,19890227,3,1,서울특별시 금천구 시흥동 249-11번지
11545,10300,0,0249,0012,,,일반건축물,단독주택,"근린생활시설, 주택",0,72.4,272.74,19890227,3,1,서울특별시 금천구 시흥동 249-12번지
11545,10300,0,0251,0003,,,일반건축물,제2종근린생활시설,"제1,2종근린생활시설, 업무시설",509,269.17,880.85,20000519,2,1,서울특별시 금천구 시흥동 251-3번지
11545,10300,0,0253,0001,,,일반건축물,단독주택,다가구용단독주택(4가구),112,59.01,166.59,19900928,2,1,서울특별시 금천구 시흥동 253-1번지
11545,10300,0,0253,0002,,,일반건축물,단독주택,단독주택,109,37.93,113.805,19900803,2,1,서울특별시 금천구 시흥동 253-2번지
11545,10300,0,0253,0003,해담채하우스,,표제부,공동주택,다세대주택,287,171.7,499.53,20140516,5,0,서울특별시 금천구 시흥동 253-3번지
11545,10300,0,0253,0005,,,일반건축물,단독주택,주택,0,57.49,126.18,19741220,2,1,서울특별시 금천구 시흥동 253-5번지
11545,10300,0,0253,0006,,,일반건축물,단독주택,주택,0,62.15,79.97,19740620,1,1,서울특별시 금천구 시흥동 253-6번지
11545,10300,0,0253,0007,,,일반건축물,단독주택,단독주택,106,52.47,157.41,19881125,2,1,서울특별시 금천구 시흥동 253-7번지
11545,10300,0,0253,0009,,,일반건축물,단독주택,"주택,근린생활시설",0,62.44,187.32,19830909,2,1,서울특별시 금천구 시흥동 253-9번지
11545,10300,0,0253,0010,,,일반건축물,단독주택,다가구주택(5가구),137.42,81.91,219.06,19921109,2,1,서울특별시 금천구 시흥동 253-10번지
11545,10300,0,0253,0013,,,일반건축물,제1종근린생활시설,근린생활시설,0,63.04,72.03,19750125,1,1,서울특별시 금천구 시흥동 253-13번지
11545,10300,0,0253,0014,,,일반건축물,단독주택,단독주택,100,49.2,147.6,19891011,2,1,서울특별시 금천구 시흥동 253-14번지
11545,10300,0,0253,0015,,,일반건축물,제1종근린생활시설,제1종근린생활시설,50.26,30,30,20000426,1,0,서울특별시 금천구 시흥동 253-15번지
11545,10300,0,0253,0016,,,일반건축물,제1종근린생활시설,"제1,2종근린생활시설",47,28.05,28.05,20000426,1,0,서울특별시 금천구 시흥동 253-16번지
11545,10300,0,0253,0018,,,일반건축물,제2종근린생활시설,"제2종근린생활시설,위험물저장 및 취급시설,",0,62.98,68.57,19740613,1,1,서울특별시 금천구 시흥동 253-18번지
11545,10300,0,0253,0018,,,일반건축물,위험물저장및처리시설,위험물저장 및 취급시설,0,39,39,19750906,1,0,서울특별시 금천구 시흥동 253-18번지
11545,10300,0,0254,0001,,,일반건축물,단독주택,다가구용단독주택(5가구),125,66.26,198.78,19911031,2,1,서울특별시 금천구 시흥동 254-1번지
11545,10300,0,0254,0002,,,일반건축물,단독주택,주 택,94.94,47.46,142.38,19881213,2,1,서울특별시 금천구 시흥동 254-2번지
11545,10300,0,0254,0003,아산빌,,일반건축물,단독주택,다가구주택,119.4,71.34,208.32,20130924,4,0,서울특별시 금천구 시흥동 254-3번지
11545,10300,0,0254,0007,,,일반건축물,단독주택,다가구용단독주택(5가구),120.4,66.66,199.98,19911031,2,1,서울특별시 금천구 시흥동 254-7번지
11545,10300,0,0259,0004,,,일반건축물,제2종근린생활시설,"근린생활시설, 주택",332.93,145.39,766.82,19910130,5,1,서울특별시 금천구 시흥동 259-4번지
11545,10300,0,0259,0005,,,일반건축물,제1종근린생활시설,"근린생활시설,교육연구및복지시설,주택",397,195.5,977.5,19920220,4,1,서울특별시 금천구 시흥동 259-5번지
11545,10300,0,0260,0001,,,일반건축물,단독주택,다가구용 단독주택(6가구),149,68.92,199.11,19910821,2,1,서울특별시 금천구 시흥동 260-1번지
11545,10300,0,0260,0002,,,일반건축물,단독주택,주택,0,67.77,79.64,19740820,1,1,서울특별시 금천구 시흥동 260-2번지
11545,10300,0,0260,0003,,,일반건축물,단독주택,다가구용 단독주택(5가구),112,65.79,197.25,19911107,2,1,서울특별시 금천구 시흥동 260-3번지
11545,10300,0,0260,0005,,,일반건축물,단독주택,단독주택,93.3,46.42,141.86,19890531,2,1,서울특별시 금천구 시흥동 260-5번지
11545,10300,0,0261,0001,,,일반건축물,제2종근린생활시설,(제2종)근린생활시설,160.79,88.4,399.59,19991019,4,1,서울특별시 금천구 시흥동 261-1번지
11545,10300,0,0261,0004,,2,일반건축물,제1종근린생활시설,"근린생활시설,제2종근린생활시설",150,89.96,335.31,19991229,3,1,서울특별시 금천구 시흥동 261-4번지
11545,10300,0,0262,0000,,,일반건축물,단독주택,주택,0,16.53,16.53,,1,0,서울특별시 금천구 시흥동 262번지
11545,10300,0,0262,0001,리빙스턴하우스,,일반건축물,제2종근린생활시설,"제1,2종근린생활시설,교육연구시설,단독주택",357,212.36,825.17,20061213,4,1,서울특별시 금천구 시흥동 262-1번지
11545,10300,0,0262,0004,범일운수,,일반건축물,자동차관련시설,자동차관련시설(차고사무소),1645.39,30,30,20071210,1,0,서울특별시 금천구 시흥동 262-4번지
11545,10300,0,0262,0006,,,일반건축물,제2종근린생활시설,(제2종)근린생활시설,99,58.88,110.77,19990208,2,0,서울특별시 금천구 시흥동 262-6번지
11545,10300,0,0262,0014,,,일반건축물,제2종근린생활시설,(제2종)근린생활시설,90,53.54,97.49,20000530,2,0,서울특별시 금천구 시흥동 262-14번지
11545,10300,0,0263,0000,,,일반건축물,단독주택,주택,0,33.36,33.36,,1,0,서울특별시 금천구 시흥동 263번지
11545,10300,0,0263,0001,,,일반건축물,단독주택,"제1,2종근린생활시설,다가구주택",181,104.84,496.2,20051014,5,0,서울특별시 금천구 시흥동 263-1번지
11545,10300,0,0263,0003,준원채원빌딩,,일반건축물,단독주택,단독주택,129,67.6,255.28,20200323,6,0,서울특별시 금천구 시흥동 263-3번지
11545,10300,0,0263,0004,,,표제부,공동주택,다세대주택,122,69.59,190.46,20071220,4,0,서울특별시 금천구 시흥동 263-4번지
11545,10300,0,0263,0005,,,일반건축물,단독주택,주택,119,58.86,176.58,19840213,2,1,서울특별시 금천구 시흥동 263-5번지
11545,10300,0,0263,0007,,,일반건축물,단독주택,다가구용 단독주택,183,109.44,298.44,19971022,2,1,서울특별시 금천구 시흥동 263-7번지
11545,10300,0,0263,0008,,,일반건축물,단독주택,단독주택,123,61.11,183.33,19881129,2,1,서울특별시 금천구 시흥동 263-8번지
11545,10300,0,0263,0009,,,일반건축물,단독주택,단독주택,117,58.42,178.34,19890703,2,1,서울특별시 금천구 시흥동 263-9번지
11545,10300,0,0263,0010,,,일반건축물,제1종근린생활시설,"근린생활시설, 주택,제2종근린생활시설(학원)",127,63.37,384.64,19931021,5,1,서울특별시 금천구 시흥동 263-10번지
11545,10300,0,0263,0011,,,일반건축물,단독주택,"근린생활시설, 주 택",173,86.4,385.47,19861114,4,1,서울특별시 금천구 시흥동 263-11번지
11545,10300,0,0263,0012,,,일반건축물,단독주택,"점포, 주택",0,80.99,268.76,19780816,3,1,서울특별시 금천구 시흥동 263-12번지
11545,10300,0,0263,0013,,,일반건축물,단독주택,"주택, 점포",0,118.02,418.71,19780127,3,1,서울특별시 금천구 시흥동 263-13번지
11545,10300,0,0263,0014,,,일반건축물,단독주택,"점포, 주택, 제2종근린생활시설",0,116.69,349.74,19801120,2,1,서울특별시 금천구 시흥동 263-14번지
11545,10300,0,0263,0015,,,일반건축물,제2종근린생활시설,"점포, (제2종)근린생활시설, 주택",0,93.22,316.7,19780607,3,1,서울특별시 금천구 시흥동 263-15번지
11545,10300,0,0263,0016,,,일반건축물,제2종근린생활시설,"주택,점포,제2종근린생활시설",213,117.74,326.67,19780617,3,1,서울특별시 금천구 시흥동 263-16번지
11545,10300,0,0263,0017,,,표제부,공동주택,다세대주택,241,109.05,323.97,19901210,2,1,서울특별시 금천구 시흥동 263-17번지
11545,10300,0,0263,0018,,,일반건축물,단독주택,주택,0,82.64,233.9,19780527,3,1,서울특별시 금천구 시흥동 263-18번지
11545,10300,0,0263,0019,,,일반건축물,제2종근린생활시설,"제1종.제2종근린생활시설,주택",189,108.03,527.73,20041016,5,0,서울특별시 금천구 시흥동 263-19번지
11545,10300,0,0263,0023,,,일반건축물,단독주택,단독주택,132,65.92,197.76,19880907,2,1,서울특별시 금천구 시흥동 263-23번지
11545,10300,0,0263,0024,,,일반건축물,제1종근린생활시설,근린생활시설,173,60,60,20010712,1,0,서울특별시 금천구 시흥동 263-24번지
11545,10300,0,0263,0025,,,일반건축물,제1종근린생활시설,"점포,(제2종)근린생활시설",0,97.19,399.67,19791222,3,1,서울특별시 금천구 시흥동 263-25번지
11545,10300,0,0263,0026,,,일반건축물,단독주택,다가구용단독주택(4가구),195,78.7,230.34,19901217,2,1,서울특별시 금천구 시흥동 263-26번지
11545,10300,0,0264,0001,예수교대한성결교회제일교회,,일반건축물,종교시설,"종교시설(교회),영유아보육시설",1434.7,837.24,4565.07,20060707,5,1,서울특별시 금천구 시흥동 264-1번지
11545,10300,0,0264,0004,,,일반건축물,제1종근린생활시설,근린생활시설,0,88.4,225.16,19701229,3,0,서울특별시 금천구 시흥동 264-4번지
11545,10300,0,0264,0014,,,일반건축물,제2종근린생활시설,"제2종근린생활시설, 주택",193.7,113.6,583.07,20020328,4,1,서울특별시 금천구 시흥동 264-14번지
11545,10300,0,0264,0015,,,일반건축물,제2종근린생활시설,제2종근린생활시설,135,80.85,323.4,20020131,5,0,서울특별시 금천구 시흥동 264-15번지
11545,10300,0,0264,0016,,,일반건축물,제2종근린생활시설,"제2종근린생활시설, 제1종근린생활시설",136,81.47,418.06,20020307,5,1,서울특별시 금천구 시흥동 264-16번지
11545,10300,0,0264,0017,,,일반건축물,제2종근린생활시설,(제2종)근린생활시설,134,80.16,400.8,19990630,4,1,서울특별시 금천구 시흥동 264-17번지
11545,10300,0,0264,0018,,,일반건축물,제2종근린생활시설,(제2종)근린생활시설,134,80.16,400.8,19990630,4,1,서울특별시 금천구 시흥동 264-18번지
11545,10300,0,0264,0019,,,일반건축물,제2종근린생활시설,"근린생활시설, 주택,제2종근린생활시설",128,76.63,383.15,19990630,4,1,서울특별시 금천구 시흥동 264-19번지
11545,10300,0,0265,0004,,,일반건축물,제2종근린생활시설,(제2종)근린생활시설,67,39.27,114.51,20000313,2,1,서울특별시 금천구 시흥동 265-4번지
11545,10300,0,0266,0001,,,일반건축물,제1종근린생활시설,"근린생활시설, 주택",201.11,120.57,519.38,19810324,4,1,서울특별시 금천구 시흥동 266-1번지
11545,10300,0,0266,2404,건우로얄빌라,,표제부,공동주택,다세대주택,266.04,151.48,507.45,20000929,3,1,서울특별시 금천구 시흥동 266-2404번지
11545,10300,0,0266,2703,,,일반건축물,제2종근린생활시설,"(제1,2종)근린생활시설",265,158.4,539.15,19980908,3,1,서울특별시 금천구 시흥동 266-2703번지
11545,10300,0,0266,2704,,,일반건축물,제2종근린생활시설,"근린생활시설, 주택",205.03,122.53,668.2,19981127,5,1,서울특별시 금천구 시흥동 266-2704번지
11545,10300,0,0266,2725,,,일반건축물,업무시설,새마을공동작업장,0,64.8,64.8,19691001,1,0,서울특별시 금천구 시흥동 266-2725번지
11545,10300,0,0266,2730,,,일반건축물,단독주택,다가구용단독주택(5가구),132.05,79.1,193.3,19940602,2,1,서울특별시 금천구 시흥동 266-2730번지
11545,10300,0,0266,2745,애시안아파트,,표제부,공동주택,"공동주택(아파트,제1종근린생활시설)",648,271.03,1642.92,20131226,6,1,서울특별시 금천구 시흥동 266-2745번지
11545,10300,0,0266,2875,금천구 공동체경제통합지원센터,,일반건축물,제2종근린생활시설,"제1,2종 근린생활시설",450,223.85,688.95,20180430,4,0,서울특별시 금천구 시흥동 266-2875번지
11545,10300,0,0266,2876,,,일반건축물,단독주택,주택,0,80.33,218.64,19830809,3,1,서울특별시 금천구 시흥동 266-2876번지
11545,10300,0,0267,0009,금천종합복지타운,,일반건축물,업무시설,"업무시설(공공업무시설),노유자시설,교육연구시설",3969,2200.73,9151.78,20130708,5,1,서울특별시 금천구 시흥동 267-9번지
11545,10300,0,0267,0022,두성빌딩,,일반건축물,제2종근린생활시설,제2종근린생활시설,213,127.44,478.74,20030127,4,0,서울특별시 금천구 시흥동 267-22번지
11545,10300,0,0268,0003,동광빌딩,,일반건축물,교육연구시설,"제2종근린생활시설, 교육연구시설",567,340.17,1995.78,19981026,6,1,서울특별시 금천구 시흥동 268-3번지
11545,10300,0,0268,0010,,,일반건축물,단독주택,"다가구주택,제2종근린생활시설",271,162.4,735.75,19951207,4,1,서울특별시 금천구 시흥동 268-10번지
11545,10300,0,0268,0013,,,일반건축물,단독주택,주택,0,57.39,91.57,19720913,2,0,서울특별시 금천구 시흥동 268-13번지
11545,10300,0,0268,0015,,,일반건축물,제2종근린생활시설,제2종근린생활시설(수리점.사무소),152,71.44,133.01,20050909,2,0,서울특별시 금천구 시흥동 268-15번지
11545,10300,0,0268,0033,,,일반건축물,제1종근린생활시설,"근린생활시설, 단독주택(1세대)",135,80.76,299.79,19941206,4,1,서울특별시 금천구 시흥동 268-33번지
11545,10300,0,0268,0035,,,일반건축물,제2종근린생활시설,"근린생활시설,단독주택",153,88.36,242.52,20190215,3,0,서울특별시 금천구 시흥동 268-35번지
11545,10300,0,0268,0036,,,일반건축물,제1종근린생활시설,"근린생활시설, 주택",135.13,80.67,299.41,19960614,4,1,서울특별시 금천구 시흥동 268-36번지
11545,10300,0,0268,0038,대성빌딩,,일반건축물,교육연구시설,"제2종근린생활시설,사무소,교육연구및복지시설,교육연구시설",270,161.37,970.05,20030906,6,1,서울특별시 금천구 시흥동 268-38번지
11545,10300,0,0268,0046,탑스빌아파트,,표제부,공동주택,경비실,0,14.76,14.76,20021206,1,0,서울특별시 금천구 시흥동 268-46번지
11545,10300,0,0268,0046,탑스빌아파트,,표제부,공동주택,아파트,0,1289.56,19303.66,20021206,17,2,서울특별시 금천구 시흥동 268-46번지
11545,10300,0,0268,0046,탑스빌아파트,,표제부,제1종근린생활시설,생활편익시설(소매점),0,46.32,151.16,20021206,2,1,서울특별시 금천구 시흥동 268-46번지
11545,10300,0,0268,0046,탑스빌아파트,,표제부,노유자시설,"노인정,관리사무소",0,88.44,176.88,20021206,2,0,서울특별시 금천구 시흥동 268-46번지
11545,10300,0,0268,0048,,,일반건축물,단독주택,"주택, 점포",323.82,230.88,646.14,19830924,2,1,서울특별시 금천구 시흥동 268-48번지
11545,10300,0,0269,0002,,,일반건축물,제1종근린생활시설,근린생활시설,126.08,75.44,75.44,19980908,1,0,서울특별시 금천구 시흥동 269-2번지
11545,10300,0,0269,0003,,,일반건축물,제1종근린생활시설,"근린생활시설, 주택",108,64.72,123.1,19980908,2,0,서울특별시 금천구 시흥동 269-3번지
11545,10300,0,0271,0005,,,일반건축물,제2종근린생활시설,"근린생활시설,제2종근린생활시설",70,49.3,132.1,19990802,4,0,서울특별시 금천구 시흥동 271-5번지
11545,10300,0,0271,0009,,,일반건축물,제1종근린생활시설,"제1,2종근린생활시설",0,85.45,160.99,19751129,2,0,서울특별시 금천구 시흥동 271-9번지
11545,10300,0,0271,0010,,,일반건축물,제1종근린생활시설,근린생활시설,0,67.14,140.86,19751008,2,1,서울특별시 금천구 시흥동 271-10번지
11545,10300,0,0271,0011,,,일반건축물,단독주택,주택,0,62.25,79.14,19750826,1,1,서울특별시 금천구 시흥동 271-11번지
11545,10300,0,0271,0012,충북도민회관,,일반건축물,제2종근린생활시설,제2종근린생활시설,256.2,149.06,631.52,20021118,6,0,서울특별시 금천구 시흥동 271-12번지
11545,10300,0,0271,0014,,,일반건축물,단독주택,"주택, (제2종)근린생활시설",0,90.69,168.64,19750926,2,1,서울특별시 금천구 시흥동 271-14번지
11545,10300,0,0271,0015,,,일반건축물,단독주택,다가구용단독주택(6가구),112,63.87,180.24,19901030,2,1,서울특별시 금천구 시흥동 271-15번지
11545,10300,0,0271,0016,,,일반건축물,단독주택,다가구용단독주택(6가구),112,59.58,175.95,19901030,2,1,서울특별시 금천구 시흥동 271-16번지
11545,10300,0,0271,0017,,,일반건축물,제1종근린생활시설,"제1,2종근린생활시설,점포",0,77.75,155.77,19770303,2,1,서울특별시 금천구 시흥동 271-17번지
11545,10300,0,0271,0018,,,일반건축물,제2종근린생활시설,"근린생활시설, 주택",0,79.17,153.84,19770303,2,1,서울특별시 금천구 시흥동 271-18번지
11545,10300,0,0271,0019,,,일반건축물,단독주택,단독주택,116,57.96,173.88,19881209,2,1,서울특별시 금천구 시흥동 271-19번지
11545,10300,0,0271,0020,,,일반건축물,단독주택,단독주택,114.04,56.89,170.67,19880816,2,1,서울특별시 금천구 시흥동 271-20번지
11545,10300,0,0271,0021,,,일반건축물,단독주택,"주택, 점포",0,71.5,136.36,19750819,2,0,서울특별시 금천구 시흥동 271-21번지
11545,10300,0,0271,0024,,,일반건축물,제1종근린생활시설,근린생활시설,0,66.2,132.24,19750926,2,0,서울특별시 금천구 시흥동 271-24번지
11545,10300,0,0271,0025,,,일반건축물,단독주택,"주택,제1종근린생활시설",178,102.66,179.05,19750926,2,1,서울특별시 금천구 시흥동 271-25번지
11545,10300,0,0271,0026,,+,표제부,공동주택,다세대주택,165.68,99.32,492.14,20020209,4,1,서울특별시 금천구 시흥동 271-26번지
11545,10300,0,0271,0027,,,일반건축물,단독주택,"근린생활시설, 주택",102,50.15,193.4,19850410,3,1,서울특별시 금천구 시흥동 271-27번지
11545,10300,0,0271,0028,건우로얄빌라,,표제부,공동주택,공동주택,204.84,122.89,605.6,20010813,4,1,서울특별시 금천구 시흥동 271-28번지
11545,10300,0,0271,0029,건우로얄빌라,,표제부,공동주택,공동주택,342.95,204.24,900.64,20010323,4,1,서울특별시 금천구 시흥동 271-29번지
11545,10300,0,0271,0033,,,일반건축물,단독주택,다가구용 단독주택(5가구),130,77.08,236.19,19960122,3,1,서울특별시 금천구 시흥동 271-33번지
11545,10300,0,0271,0034,,,일반건축물,단독주택,"다가구용 단독주택(5가구),제1종근린생활시설",129,82.98,243.56,19960122,3,1,서울특별시 금천구 시흥동 271-34번지
11545,10300,0,0271,0035,,,일반건축물,제2종근린생활시설,"근린생활시설, 주택",139,69.3,346.5,19910502,4,1,서울특별시 금천구 시흥동 271-35번지
11545,10300,0,0271,0051,,,일반건축물,자동차관련시설,자동차관련시설,0,30.95,61.9,20180904,2,0,서울특별시 금천구 시흥동 271-51번지
11545,10300,0,0271,0051,시흥CNG충전소,,일반건축물,위험물저장및처리시설,위험물저장및처리시설,0,16.35,32.7,20080603,2,0,서울특별시 금천구 시흥동 271-51번지
11545,10300,0,0271,0051,시흥CNG충전소,,일반건축물,위험물저장및처리시설,위험물저장및처리시설,0,77.55,77.55,20080603,1,0,서울특별시 금천구 시흥동 271-51번지
11545,10300,0,0271,0051,시흥CNG충전소,,일반건축물,위험물저장및처리시설,위험물저장및처리시설,0,21,21,20080603,1,0,서울특별시 금천구 시흥동 271-51번지
11545,10300,0,0272,0001,,,일반건축물,단독주택,"근린생활시설, 다가구용단독주택(2가구)",109,64.48,179.28,19960122,2,1,서울특별시 금천구 시흥동 272-1번지
11545,10300,0,0272,0007,,,일반건축물,제1종근린생활시설,"점포,주택, 제1,2종 근린생활시설",200,97.5,471.9,19881027,4,1,서울특별시 금천구 시흥동 272-7번지
11545,10300,0,0272,0009,,,일반건축물,단독주택,"근린생활시설, 주택",160.74,83.4,387.7,19980113,4,1,서울특별시 금천구 시흥동 272-9번지
11545,10300,0,0272,0010,,,일반건축물,단독주택,"근린생활시설, 주택",0,71.64,86.75,19760624,1,1,서울특별시 금천구 시흥동 272-10번지
11545,10300,0,0272,0011,,,일반건축물,단독주택,"근린생활시설, 주택(3가구)",142,70.37,276.52,19910528,3,1,서울특별시 금천구 시흥동 272-11번지
11545,10300,0,0272,0012,,,일반건축물,단독주택,다가구주택(5가구),139,64.31,192.93,19901231,2,1,서울특별시 금천구 시흥동 272-12번지
11545,10300,0,0272,0019,,,일반건축물,제1종근린생활시설,"제1,2종근린생활시설",258,128.7,733.95,19881027,5,1,서울특별시 금천구 시흥동 272-19번지
11545,10300,0,0272,0020,,,일반건축물,제1종근린생활시설,(제1종)근린생활시설,0,155.04,838.59,19881228,5,1,서울특별시 금천구 시흥동 272-20번지
11545,10300,0,0272,0021,,,일반건축물,단독주택,다가구용단독주택(5가구),156.21,75.04,220.32,19910320,2,1,서울특별시 금천구 시흥동 272-21번지
11545,10300,0,0364,0001,,,일반건축물,단독주택,주택,0,90.58,90.58,19670820,1,0,서울특별시 금천구 시흥동 364-1번지
11545,10300,0,0383,0003,,,일반건축물,단독주택,"주택, 점포",0,62.15,62.15,19740403,1,0,서울특별시 금천구 시흥동 383-3번지
11545,10300,0,0384,0001,,,일반건축물,단독주택,주택,0,123.68,313.36,19851120,2,1,서울특별시 금천구 시흥동 384-1번지
11545,10300,0,0384,0005,,,일반건축물,단독주택,주택,0,66.08,66.08,19731001,1,0,서울특별시 금천구 시흥동 384-5번지
11545,10300,0,0384,0006,,,표제부,공동주택,다세대주택,0,82.8,248.4,19880425,2,1,서울특별시 금천구 시흥동 384-6번지
11545,10300,0,0384,0007,,,일반건축물,단독주택,단독주택,211.97,82.08,246.24,19880718,2,1,서울특별시 금천구 시흥동 384-7번지
11545,10300,0,0384,0012,건영아파트,,표제부,공동주택,아파트,0,1104.34,16632.83,19891021,15,1,서울특별시 금천구 시흥동 384-12번지
11545,10300,0,0384,0012,건영아파트,,표제부,판매시설,"판매시설, 근린생활시설",0,246.9,1432.4,19891021,2,1,서울특별시 금천구 시흥동 384-12번지
11545,10300,0,0384,0012,건영아파트,,표제부,공동주택,아파트,0,855.56,13127.28,19891021,15,1,서울특별시 금천구 시흥동 384-12번지
11545,10300,0,0384,0012,건영아파트,,표제부,공동주택,아파트,0,1063.32,16864.92,19891021,15,1,서울특별시 금천구 시흥동 384-12번지
11545,10300,0,0384,0024,시흥백산성당,,일반건축물,종교시설,종교시설(성당),1321,575.12,2721.94,20070612,3,2,서울특별시 금천구 시흥동 384-24번지
11545,10300,0,0411,0016,규성빌라,,표제부,공동주택,다세대주택,305,165.41,792.9,20020315,4,1,서울특별시 금천구 시흥동 411-16번지
11545,10300,0,0411,0017,두솔그린빌라,,표제부,공동주택,다세대주택,269,155.17,447.39,20020311,3,0,서울특별시 금천구 시흥동 411-17번지
11545,10300,0,0411,0018,두솔그린빌라,,표제부,공동주택,다세대주택,351,185.36,524.64,20020311,3,0,서울특별시 금천구 시흥동 411-18번지
11545,10300,0,0419,0002,,,표제부,공동주택,연립주택,0,68.76,158.35,19771220,2,1,서울특별시 금천구 시흥동 419-2번지
11545,10300,0,0420,0001,백운스위트빌Ⅱ,,표제부,공동주택,다세대주택,0,165.92,808.97,20020314,4,1,서울특별시 금천구 시흥동 420-1번지
11545,10300,0,0420,0001,백운스위트빌Ⅱ,,표제부,공동주택,다세대주택,0,94.74,368.11,20020314,3,1,서울특별시 금천구 시흥동 420-1번지
11545,10300,0,0420,0004,섭리의 집,,일반건축물,노유자시설,노유자시설,467,220.92,782.8,20140429,3,1,서울특별시 금천구 시흥동 420-4번지
11545,10300,0,0420,0009,,,일반건축물,단독주택,주택,0,0,50.92,19850629,1,0,서울특별시 금천구 시흥동 420-9번지
11545,10300,0,0420,0011,자연유아원,,일반건축물,노유자시설,"교육연구및복지시설,주택",861,494.82,2994.26,20040421,4,2,서울특별시 금천구 시흥동 420-11번지
11545,10300,0,0420,0012,자연빌라,,표제부,공동주택,다세대주택,305,163.41,646.14,20031029,4,0,서울특별시 금천구 시흥동 420-12번지
11545,10300,0,0438,0004,,,일반건축물,단독주택,"근린생활시설, 다가구주택(3가구)",152.5,91.26,356.89,19921020,3,1,서울특별시 금천구 시흥동 438-4번지
11545,10300,0,0438,0005,서울백산초등학교,,일반건축물,교육연구시설,교사,0,854.2,3951.2,19960319,5,0,서울특별시 금천구 시흥동 438-5번지
11545,10300,0,0438,0005,서울백산초등학교,,일반건축물,교육연구시설,교육연구시설,11750,1558.33,3714.39,19960319,4,0,서울특별시 금천구 시흥동 438-5번지
11545,10300,0,0438,0017,,,일반건축물,단독주택,"주택,근린생활시설",175.68,87.3,393.55,19930901,4,1,서울특별시 금천구 시흥동 438-17번지
11545,10300,0,0438,0024,,,일반건축물,단독주택,"근린생활시설, 다가구용단독주택(2가구)",96.03,57.59,161.43,19931014,3,0,서울특별시 금천구 시흥동 438-24번지
11545,10300,0,0438,0029,,,일반건축물,단독주택,다가구용단독주택(6가구),122,72.18,216.54,19921231,2,1,서울특별시 금천구 시흥동 438-29번지
11545,10300,0,0438,0058,,,일반건축물,단독주택,다가구용주택(6가구),105,62.85,185.65,19921119,2,1,서울특별시 금천구 시흥동 438-58번지
11545,10300,0,0438,0063,브라운스톤빌,,표제부,공동주택,공동주택(다세대주택),202,120.24,302.29,20060821,3,0,서울특별시 금천구 시흥동 438-63번지
11545,10300,0,0438,0065,,,일반건축물,단독주택,다가구주택(5가구),119.2,71.28,213.84,19921120,2,1,서울특별시 금천구 시흥동 438-65번지
11545,10300,0,0438,0066,,,일반건축물,단독주택,다가구용 단독주택(5가구),99.64,59.4,177.46,19930709,2,1,서울특별시 금천구 시흥동 438-66번지
11545,10300,0,0438,0189,,,일반건축물,단독주택,다가구주택(4가구),99.5,58.15,168.08,19930130,2,1,서울특별시 금천구 시흥동 438-189번지
11545,10300,0,0438,0194,영일빌라5차,,표제부,공동주택,연립주택,0,444.48,1777.92,19870115,3,1,서울특별시 금천구 시흥동 438-194번지
11545,10300,0,0438,0194,영일빌라5차,,표제부,공동주택,연립주택,0,427.92,1711.68,19870115,3,1,서울특별시 금천구 시흥동 438-194번지
11545,10300,0,0438,0196,,,일반건축물,단독주택,다가구주택(8가구),221,114.29,404.16,19951219,3,1,서울특별시 금천구 시흥동 438-196번지
11545,10300,0,0438,0197,시흥파크빌2,,표제부,공동주택,공동주택,372.67,211.67,651,20190508,5,0,서울특별시 금천구 시흥동 438-197번지
11545,10300,0,0438,0198,중앙빌라,,표제부,공동주택,다세대주택,235,140.96,516.02,19980608,3,1,서울특별시 금천구 시흥동 438-198번지
11545,10300,0,0438,0202,,,일반건축물,단독주택,다가구주택(5가구),99.64,59.4,177.66,19921226,2,1,서울특별시 금천구 시흥동 438-202번지
11545,10300,0,0438,0203,,,일반건축물,단독주택,다가구용 단독주택(6가구),102.2,60.1,169.44,19921226,2,1,서울특별시 금천구 시흥동 438-203번지
11545,10300,0,0438,0204,,,일반건축물,단독주택,단독주택,0,66.11,72.72,19750527,1,1,서울특별시 금천구 시흥동 438-204번지
11545,10300,0,0438,0205,,,일반건축물,단독주택,다가구용 단독주택(6가구),133.3,79.71,276.83,19930121,3,1,서울특별시 금천구 시흥동 438-205번지
11545,10300,0,0438,0206,,,일반건축물,단독주택,다가구용 단독주택,128,73.65,209.34,19921010,2,1,서울특별시 금천구 시흥동 438-206번지
11545,10300,0,0438,0207,,,일반건축물,단독주택,다가구용 단독주택(5가구),115.2,68.52,205.56,19951117,2,1,서울특별시 금천구 시흥동 438-207번지
11545,10300,0,0438,0208,,,일반건축물,단독주택,다가구용 단독주택(3가구),110,65.07,173.52,19921229,2,1,서울특별시 금천구 시흥동 438-208번지
11545,10300,0,0438,0209,,,일반건축물,단독주택,다가구용단독주택(6가구),0,97.5,290.1,19920721,2,1,서울특별시 금천구 시흥동 438-209번지
11545,10300,0,0438,0210,,,일반건축물,단독주택,다가구주택(7가구),114.44,67.23,198.39,19921119,2,1,서울특별시 금천구 시흥동 438-210번지
11545,10300,0,0438,0211,,,일반건축물,단독주택,다가구주택(7가구),129,73.44,217.77,19921120,2,1,서울특별시 금천구 시흥동 438-211번지
11545,10300,0,0438,0212,,,일반건축물,단독주택,다가구용 단독주택(3가구),96.5,57.57,164.37,19930327,2,1,서울특별시 금천구 시흥동 438-212번지
11545,10300,0,0438,0213,,,일반건축물,단독주택,다가구용 단독주택(5가구),96.4,57.6,161.16,19921119,2,1,서울특별시 금천구 시흥동 438-213번지
11545,10300,0,0438,0214,,,일반건축물,단독주택,다가구용 단독주택(3가구),99.5,59.68,166.74,19930327,2,1,서울특별시 금천구 시흥동 438-214번지
11545,10300,0,0438,0215,블루스카이빌,,표제부,공동주택,공동주택(도시형생활주택-단지형),248,148.16,494.49,20191016,5,0,서울특별시 금천구 시흥동 438-215번지
11545,10300,0,0438,0217,,,일반건축물,단독주택,"근린생활시설, 다가구 주택",115,68.85,281.97,19921005,4,1,서울특별시 금천구 시흥동 438-217번지
11545,10300,0,0438,0218,,,일반건축물,단독주택,다가구용 단독주택(4가구),112,67.19,197.82,19940907,2,1,서울특별시 금천구 시흥동 438-218번지
11545,10300,0,0438,0219,,,일반건축물,단독주택,다가구용 단독주택(4가구),100,59.82,176.46,19921231,2,1,서울특별시 금천구 시흥동 438-219번지
11545,10300,0,0438,0220,,,일반건축물,단독주택,단독주택,100,59.13,177.39,19940809,2,1,서울특별시 금천구 시흥동 438-220번지
11545,10300,0,0438,0221,,,일반건축물,단독주택,다가구용 단독주택(5가구),93,55.53,149.49,19940805,2,1,서울특별시 금천구 시흥동 438-221번지
11545,10300,0,0438,0224,,,일반건축물,단독주택,연립주택,0,59.4,65.68,19760707,1,1,서울특별시 금천구 시흥동 438-224번지
11545,10300,0,0438,0225,,,일반건축물,단독주택,단독주택,0,59.37,65.68,19760707,1,1,서울특별시 금천구 시흥동 438-225번지
11545,10300,0,0438,0226,,,일반건축물,단독주택,"주택,근린생활시설",147,35.07,98.13,19770122,2,1,서울특별시 금천구 시흥동 438-226번지
11545,10300,0,0438,0227,,,일반건축물,단독주택,"주택, 점포",0,55.47,59.5,19750711,1,1,서울특별시 금천구 시흥동 438-227번지
11545,10300,0,0438,0229,,,일반건축물,단독주택,다가구용 단독주택(6가구),118.47,70.5,199.8,19931115,2,1,서울특별시 금천구 시흥동 438-229번지
11545,10300,0,0438,0230,,,일반건축물,단독주택,다가구용 단독주택(5가구),115.74,69.39,189.24,19931115,2,1,서울특별시 금천구 시흥동 438-230번지
11545,10300,0,0438,0231,A동,,일반건축물,단독주택,단독주택,208.96,65.49,73.49,19760109,1,1,서울특별시 금천구 시흥동 438-231번지
11545,10300,0,0438,0231,,,일반건축물,단독주택,다가구용단독주택,208.96,122.69,158.65,19951204,2,1,서울특별시 금천구 시흥동 438-231번지
11545,10300,0,0479,0002,,,일반건축물,단독주택,주택,0,36.36,36.36,19601006,1,0,서울특별시 금천구 시흥동 479-2번지
11545,10300,0,0492,0008,,,일반건축물,제2종근린생활시설,"근린생활시설, 주택(1가구)",145,86.4,298.92,19941122,3,1,서울특별시 금천구 시흥동 492-8번지
11545,10300,0,0492,0009,이주빌오,,표제부,공동주택,공동주택,218,129.72,523.31,20161201,5,0,서울특별시 금천구 시흥동 492-9번지
11545,10300,0,0492,0011,이주빌투,,표제부,공동주택,다세대주택,116,69,259.62,20141118,5,0,서울특별시 금천구 시흥동 492-11번지
11545,10300,0,0492,0012,이주빌넷,,표제부,공동주택,공동주택,202,116.09,436.2,20161130,5,0,서울특별시 금천구 시흥동 492-12번지
11545,10300,0,0492,0015,,,일반건축물,단독주택,"다가구용 단독주택(3가구), 근린생활시설",122,77.95,299.24,19930819,3,1,서울특별시 금천구 시흥동 492-15번지
11545,10300,0,0492,0016,,,일반건축물,단독주택,"단독주택, 근린생활시설",116,68.49,299.46,19931117,4,1,서울특별시 금천구 시흥동 492-16번지
11545,10300,0,0492,0017,,,일반건축물,단독주택,다가구주택(5가구),112,65.61,196.83,19920509,2,1,서울특별시 금천구 시흥동 492-17번지
11545,10300,0,0492,0018,,,일반건축물,단독주택,다가구용단독주택(5가구),102,60.72,182.16,19901213,2,1,서울특별시 금천구 시흥동 492-18번지
11545,10300,0,0492,0019,,,일반건축물,단독주택,다가구용단독주택(5가구),116,69.59,204.36,19901207,2,1,서울특별시 금천구 시흥동 492-19번지
11545,10300,0,0492,0020,,,표제부,공동주택,다세대주택,116,68.64,205.92,19901204,2,1,서울특별시 금천구 시흥동 492-20번지
11545,10300,0,0492,0021,,,일반건축물,제2종근린생활시설,근린생활시설,204.12,122.38,442.69,19820729,3,1,서울특별시 금천구 시흥동 492-21번지
11545,10300,0,0492,0023,,,일반건축물,제1종근린생활시설,제1종근린생활시설,109,96.26,96.26,19701111,1,0,서울특별시 금천구 시흥동 492-23번지
11545,10300,0,0492,0024,,,일반건축물,단독주택,단독주택,116,68.8,198.17,19960401,3,0,서울특별시 금천구 시흥동 492-24번지
11545,10300,0,0492,0025,,,표제부,공동주택,다세대주택(4세대),119,82.5,312.61,20030530,5,0,서울특별시 금천구 시흥동 492-25번지
11545,10300,0,0492,0026,,,일반건축물,단독주택,다가구주택(5가구),112,66.36,199.08,19920310,2,1,서울특별시 금천구 시흥동 492-26번지
11545,10300,0,0492,0027,,,일반건축물,단독주택,다가구용단독주택(6가구),0,63.3,189.9,19920729,2,1,서울특별시 금천구 시흥동 492-27번지
11545,10300,0,0492,0028,,,일반건축물,단독주택,다가구용 단독주택(4가구),112,66.54,199.62,19911226,2,1,서울특별시 금천구 시흥동 492-28번지
11545,10300,0,0492,0029,,,일반건축물,단독주택,"근린생활시설, 다가구용단독주택(3가구)",106,63.46,182.8,19940802,3,0,서울특별시 금천구 시흥동 492-29번지
11545,10300,0,0492,0030,아이빌9차,,표제부,공동주택,공동주택,265.44,155.39,612.24,20210617,5,0,서울특별시 금천구 시흥동 492-30번지
11545,10300,0,0492,0032,힐스타운홍익빌3,,표제부,공동주택,도시형생활주택(단지형다세대),222,131.7,518.14,20150310,5,0,서울특별시 금천구 시흥동 492-32번지
11545,10300,0,0492,0034,,,표제부,공동주택,다세대주택,200.3,49.68,147.84,19860416,2,1,서울특별시 금천구 시흥동 492-34번지
11545,10300,0,0492,0034,,,표제부,공동주택,다세대주택,200.3,49.02,145.38,19860416,2,1,서울특별시 금천구 시흥동 492-34번지
11545,10300,0,0492,0036,,,일반건축물,단독주택,다가구용 단독주택(5가구),132,66.6,199.8,19910713,2,1,서울특별시 금천구 시흥동 492-36번지
11545,10300,0,0492,0037,이주빌삼,,표제부,공동주택,다세대주택,147.65,88.5,315.66,20160822,5,0,서울특별시 금천구 시흥동 492-37번지
11545,10300,0,0492,0038,,,일반건축물,단독주택,다가구용 단독주택(5가구),126,66.63,199.29,19910819,2,1,서울특별시 금천구 시흥동 492-38번지
11545,10300,0,0492,0039,우성쉐르빌,,표제부,공동주택,공동주택,162,95.25,343.94,20170508,5,0,서울특별시 금천구 시흥동 492-39번지
11545,10300,0,0492,0040,,,일반건축물,단독주택,단독주택,145,79.25,237.75,19871110,2,1,서울특별시 금천구 시흥동 492-40번지
11545,10300,0,0492,0041,,,일반건축물,단독주택,다가구용 단독주택(5가구),138.14,82.64,225.72,19930520,2,1,서울특별시 금천구 시흥동 492-41번지
11545,10300,0,0492,0042,힐스타운 이주빌,,표제부,공동주택,다세대주택,310.2,180.45,658.68,20120613,5,0,서울특별시 금천구 시흥동 492-42번지
11545,10300,0,0492,0044,,,일반건축물,단독주택,다가구주택(4가구),99,55.92,164.16,19901126,2,1,서울특별시 금천구 시흥동 492-44번지
11545,10300,0,0492,0046,힐스타운홍익빌2,,표제부,공동주택,다세대,273,163.63,654.44,20120808,5,0,서울특별시 금천구 시흥동 492-46번지
11545,10300,0,0492,0047,힐스타운홍익빌1,,표제부,공동주택,공동주택,276,165.16,651.47,20120808,5,0,서울특별시 금천구 시흥동 492-47번지
11545,10300,0,0492,0049,,,일반건축물,제2종근린생활시설,"소매점, 학원",399.76,224.46,1099.85,20120229,4,1,서울특별시 금천구 시흥동 492-49번지
11545,10300,0,0492,0052,힐스타운홍익빌4,,표제부,공동주택,도시형생활주택(단지형다세대),231.6,136.74,534.92,20150310,5,0,서울특별시 금천구 시흥동 492-52번지
11545,10300,0,0492,0053,,,일반건축물,종교시설,"종교시설, 노유자시설",1288,680.61,2833.65,19981024,5,1,서울특별시 금천구 시흥동 492-53번지
11545,10300,0,0492,0055,,,표제부,공동주택,다세대주택,251,134.67,591.08,19950310,4,1,서울특별시 금천구 시흥동 492-55번지
11545,10300,0,0493,0000,,,표제부,공동주택,다세대주택,232,129.17,580.97,19941203,4,1,서울특별시 금천구 시흥동 493번지
11545,10300,0,0493,0002,도유빌딩,,일반건축물,제2종근린생활시설,"(제1,2종)근린생활시설",325,191,1133.5,19941124,5,1,서울특별시 금천구 시흥동 493-2번지
11545,10300,0,0555,0003,,,일반건축물,제1종근린생활시설,배수펌프장,5010.8,618.07,1370.65,19810527,3,0,서울특별시 금천구 시흥동 555-3번지
11545,10300,0,0557,0004,,,일반건축물,제2종근린생활시설,"제조업소,사무소",162,95.4,286.2,20040107,4,0,서울특별시 금천구 시흥동 557-4번지
11545,10300,0,0557,0005,밀레니엄빌,,표제부,공동주택,도시형생활주택(단지형다세대주택),252,147.85,627.89,20120319,6,0,서울특별시 금천구 시흥동 557-5번지
11545,10300,0,0557,0007,,,일반건축물,단독주택,주택,0,123.48,370.44,19831015,2,1,서울특별시 금천구 시흥동 557-7번지
11545,10300,0,0557,0009,,,일반건축물,단독주택,단독주택,117.89,65.04,195.12,19901020,2,1,서울특별시 금천구 시흥동 557-9번지
11545,10300,0,0557,0011,,,일반건축물,단독주택,단독주택,139,75.6,226.8,19901227,2,1,서울특별시 금천구 시흥동 557-11번지
11545,10300,0,0557,0027,,,일반건축물,단독주택,단독주택,154,80.71,242.13,19871104,2,1,서울특별시 금천구 시흥동 557-27번지
11545,10300,0,0558,0000,,,일반건축물,단독주택,주택,0,40.4,40.4,,1,0,서울특별시 금천구 시흥동 558번지
11545,10300,0,0558,0000,,,일반건축물,단독주택,주택,0,54.02,54.02,,1,0,서울특별시 금천구 시흥동 558번지
11545,10300,0,0558,0000,,,일반건축물,단독주택,주택,0,33.06,33.06,,1,0,서울특별시 금천구 시흥동 558번지
11545,10300,0,0558,0000,,,일반건축물,단독주택,주택,0,50.25,50.25,,1,0,서울특별시 금천구 시흥동 558번지
11545,10300,0,0558,0000,,,일반건축물,단독주택,주택,0,29.19,29.19,,1,0,서울특별시 금천구 시흥동 558번지
11545,10300,0,0558,0000,,,일반건축물,단독주택,주택,0,38.74,38.74,,1,0,서울특별시 금천구 시흥동 558번지
11545,10300,0,0558,0000,,,일반건축물,단독주택,주택,0,38.58,38.58,,1,0,서울특별시 금천구 시흥동 558번지
11545,10300,0,0558,0001,시립금천노인종합복지관,,일반건축물,노유자시설,교육연구및복지시설,2266,919.23,2595.95,20000601,3,1,서울특별시 금천구 시흥동 558-1번지
11545,10300,0,0558,0010,,,일반건축물,단독주택,단독주택,153,78.72,236.16,19901119,2,1,서울특별시 금천구 시흥동 558-10번지
11545,10300,0,0558,0012,시흥빌라,,표제부,공동주택,다세대주택,153,91.75,372.73,20031223,5,0,서울특별시 금천구 시흥동 558-12번지
11545,10300,0,0558,0014,,,표제부,공동주택,다세대주택,345,181.68,437.4,19931113,4,1,서울특별시 금천구 시흥동 558-14번지
11545,10300,0,0558,0014,,,표제부,공동주택,다세대주택,345,181.68,309.6,19931113,4,0,서울특별시 금천구 시흥동 558-14번지
11545,10300,0,0558,0017,,,표제부,공동주택,아파트,541,176.08,797.53,20010925,6,0,서울특별시 금천구 시흥동 558-17번지
11545,10300,0,0558,0027,,,표제부,공동주택,다세대주택,200,101.45,465.75,19931109,4,1,서울특별시 금천구 시흥동 558-27번지
11545,10300,0,0559,0000,,,일반건축물,단독주택,주택,0,44.63,44.63,,1,0,서울특별시 금천구 시흥동 559번지
11545,10300,0,0559,0000,,,일반건축물,단독주택,주택,0,33.72,33.72,,1,0,서울특별시 금천구 시흥동 559번지
11545,10300,0,0559,0001,,,일반건축물,교육연구시설,창고,0,0,90.72,,1,0,서울특별시 금천구 시흥동 559-1번지
11545,10300,0,0559,0001,문일중.고등학교,,일반건축물,교육연구시설,교육연구시설,32374.3,657.75,1397.88,20071226,2,1,서울특별시 금천구 시흥동 559-1번지
11545,10300,0,0559,0001,,,일반건축물,교육연구시설,합숙소,0,0,83.7,,2,0,서울특별시 금천구 시흥동 559-1번지
11545,10300,0,0559,0001,,,일반건축물,단독주택,주택,0,43.54,43.54,19611230,1,0,서울특별시 금천구 시흥동 559-1번지
11545,10300,0,0559,0001,문일중.고등학교,,일반건축물,교육연구시설,교육연구시설,0,1253.45,6341.28,19721014,5,1,서울특별시 금천구 시흥동 559-1번지
11545,10300,0,0559,0001,,,일반건축물,단독주택,주택,0,45.95,45.95,19630812,1,0,서울특별시 금천구 시흥동 559-1번지
11545,10300,0,0559,0001,,,일반건축물,단독주택,주택,0,37.32,37.32,19740509,1,0,서울특별시 금천구 시흥동 559-1번지
11545,10300,0,0559,0001,문일중.고등학교,,일반건축물,교육연구시설,교육연구시설,32374.3,427.29,1292.04,19721014,3,0,서울특별시 금천구 시흥동 559-1번지
11545,10300,0,0559,0001,,,일반건축물,단독주택,주택,0,52.69,52.69,,1,0,서울특별시 금천구 시흥동 559-1번지
11545,10300,0,0559,0001,,,일반건축물,단독주택,주택,0,53.98,53.98,19640608,1,0,서울특별시 금천구 시흥동 559-1번지
11545,10300,0,0559,0001,문일중.고등학교,,일반건축물,교육연구시설,교육연구시설,0,2485.75,10893.85,19721014,5,1,서울특별시 금천구 시흥동 559-1번지
11545,10300,0,0559,0001,,,일반건축물,단독주택,주택,0,62.81,62.81,,1,0,서울특별시 금천구 시흥동 559-1번지
11545,10300,0,0559,0001,,,일반건축물,단독주택,주택,0,50.02,50.02,19660425,1,0,서울특별시 금천구 시흥동 559-1번지
11545,10300,0,0559,0001,,,일반건축물,단독주택,주택,0,93.22,101.58,19640314,1,1,서울특별시 금천구 시흥동 559-1번지
11545,10300,0,0559,0001,,,일반건축물,단독주택,주택,0,43.54,43.54,19611230,1,0,서울특별시 금천구 시흥동 559-1번지
11545,10300,0,0559,0001,문일중.고등학교,,일반건축물,운동시설,교육연구시설,0,1851,3735.08,19721014,2,1,서울특별시 금천구 시흥동 559-1번지
11545,10300,0,0561,0000,,,일반건축물,단독주택,주택,0,45.19,45.19,,1,0,서울특별시 금천구 시흥동 561번지
11545,10300,0,0561,0002,,,일반건축물,제1종근린생활시설,변전소,0,961.98,2751.07,19820722,4,1,서울특별시 금천구 시흥동 561-2번지
11545,10300,0,0562,0000,,,일반건축물,단독주택,주택,0,33.79,33.79,,1,0,서울특별시 금천구 시흥동 562번지
11545,10300,0,0562,0000,,,일반건축물,단독주택,주택,0,33.79,33.79,,1,0,서울특별시 금천구 시흥동 562번지
11545,10300,0,0562,0005,,,일반건축물,공장,공장,0,232.7,232.7,19750110,1,0,서울특별시 금천구 시흥동 562-5번지
11545,10300,0,0564,0005,서울문백초등학교,,일반건축물,교육연구시설,교육연구시설,0,925.92,1719.72,20111018,2,0,서울특별시 금천구 시흥동 564-5번지
11545,10300,0,0564,0005,서울문백초등학교,,일반건축물,교육연구시설,교육연구시설,0,0,36,,1,0,서울특별시 금천구 시흥동 564-5번지
11545,10300,0,0564,0005,서울문백초등학교,,일반건축물,교육연구시설,교육연구시설,0,0,5222.03,19960319,5,0,서울특별시 금천구 시흥동 564-5번지
11545,10300,0,0564,0005,서울문백초등학교,,일반건축물,교육연구시설,교육연구시설,0,0,36,,1,0,서울특별시 금천구 시흥동 564-5번지
11545,10300,0,0564,0005,서울문백초등학교,,일반건축물,교육연구시설,교육연구시설,0,0,46.8,,1,0,서울특별시 금천구 시흥동 564-5번지
11545,10300,0,0564,0005,서울문백초등학교,,일반건축물,교육연구시설,교육연구시설,0,382.5,1867.5,19960319,5,0,서울특별시 금천구 시흥동 564-5번지
11545,10300,0,0592,0000,,,일반건축물,단독주택,주택,0,22.61,22.61,,1,0,서울특별시 금천구 시흥동 592번지
11545,10300,0,0592,0000,,,일반건축물,단독주택,주택,0,28.63,28.63,19760504,1,0,서울특별시 금천구 시흥동 592번지
11545,10300,0,0630,0004,네오벨리,,표제부,공동주택,단지형연립주택,1253,620.95,2616.24,20140114,6,1,서울특별시 금천구 시흥동 630-4번지
11545,10300,0,0630,0006,네오밸리아파트,,표제부,공동주택,공동주택,747,392.84,1273.13,20150420,5,0,서울특별시 금천구 시흥동 630-6번지
11545,10300,0,0644,0034,,,일반건축물,단독주택,공동주택,0,153.75,153.75,19740705,1,0,서울특별시 금천구 시흥동 644-34번지
11545,10300,0,0653,0004,,,일반건축물,단독주택,다가구주택(7가구),200,79.38,317.52,19950623,3,1,서울특별시 금천구 시흥동 653-4번지
11545,10300,0,0653,0005,백운스위트빌,,표제부,공동주택,공동주택,0,75.89,499.75,20010619,4,2,서울특별시 금천구 시흥동 653-5번지
11545,10300,0,0653,0005,백운스위트빌,,표제부,공동주택,공동주택,0,131.9,867.46,20010619,4,2,서울특별시 금천구 시흥동 653-5번지
11545,10300,0,0653,0027,서울금산초등학교,,일반건축물,교육연구시설,교육연구시설,6593,1279.82,4722.23,19980416,4,0,서울특별시 금천구 시흥동 653-27번지
11545,10300,0,0653,0027,서울금산초등학교,,일반건축물,교육연구시설,교육연구시설,6593,637.99,1297.73,20230506,3,0,서울특별시 금천구 시흥동 653-27번지
11545,10300,0,0655,0005,영일빌라,,표제부,공동주택,연립주택,0,409.5,1638,19851028,3,1,서울특별시 금천구 시흥동 655-5번지
11545,10300,0,0655,0005,영일빌라,,표제부,공동주택,연립주택,0,414.72,1658.88,19851028,3,1,서울특별시 금천구 시흥동 655-5번지
11545,10300,0,0655,0005,영일빌라,,표제부,공동주택,연립주택,0,258.84,1035.36,19851028,3,1,서울특별시 금천구 시흥동 655-5번지
11545,10300,0,0655,0012,영일빌라2차,,표제부,공동주택,연립주택,0,237.42,949.68,19870131,3,1,서울특별시 금천구 시흥동 655-12번지
11545,10300,0,0668,0006,,,일반건축물,동물및식물관련시설,우사,0,133.85,133.85,,1,0,서울특별시 금천구 시흥동 668-6번지
11545,10300,0,0674,0001,금천교회,,일반건축물,제2종근린생활시설,"제1,2종근린생활시설",1051,593.26,3354.39,20050125,5,1,서울특별시 금천구 시흥동 674-1번지
11545,10300,0,0675,0005,,,일반건축물,공장,"공장,창고",761.65,441.8,1499.9,20020611,5,0,서울특별시 금천구 시흥동 675-5번지
11545,10300,0,0675,0008,,,일반건축물,창고시설,창고시설,1541,493.35,493.35,20151016,1,0,서울특별시 금천구 시흥동 675-8번지
11545,10300,0,0703,0024,,,일반건축물,단독주택,다가구용 단독주택(5가구),132.97,78.78,236.34,19910801,2,1,서울특별시 금천구 시흥동 703-24번지
11545,10300,0,0704,0056,서울신흥초등학교,,일반건축물,교육연구시설,교육연구시설,13397.6,3149.32,13994.61,19921028,4,2,서울특별시 금천구 시흥동 704-56번지
11545,10300,0,0742,0017,,,일반건축물,단독주택,주택,0,49.92,109.76,19821215,2,1,서울특별시 금천구 시흥동 742-17번지
11545,10300,0,0789,0001,,,일반건축물,단독주택,"근린생활시설, 주택",0,69.09,276.3,19790813,3,1,서울특별시 금천구 시흥동 789-1번지
11545,10300,0,0789,0002,,,일반건축물,단독주택,"제2종근린생활시설,단독주택",170.1,101.92,213.65,19771214,3,0,서울특별시 금천구 시흥동 789-2번지
11545,10300,0,0789,0003,삼성빌6차,,표제부,공동주택,"공동주택(제1,2종 근린생활시설 및 다세대주택)",128,76.05,434.16,20161226,7,0,서울특별시 금천구 시흥동 789-3번지
11545,10300,0,0789,0005,,,일반건축물,제1종근린생활시설,"주택, 근린생활시설, 노유자시설",0,159.12,846.44,19910701,4,1,서울특별시 금천구 시흥동 789-5번지
11545,10300,0,0789,0006,리브가,,표제부,공동주택,"공동주택, 업무시설",388.3,230.29,1624.99,20210923,8,1,서울특별시 금천구 시흥동 789-6번지
11545,10300,0,0789,0007,,,일반건축물,제1종근린생활시설,"근린생활시설, 단독주택",249.3,118.7,641.16,19940609,5,1,서울특별시 금천구 시흥동 789-7번지
11545,10300,0,0789,0010,,,일반건축물,단독주택,다가구용 단독주택(5가구),120.7,68.24,199.62,19911118,2,1,서울특별시 금천구 시흥동 789-10번지
11545,10300,0,0789,0011,,,일반건축물,제1종근린생활시설,"(제1종)근린생활시설, 다가구주택(2가구)",160.9,90.06,578.25,19920509,5,1,서울특별시 금천구 시흥동 789-11번지
11545,10300,0,0789,0012,,,일반건축물,제1종근린생활시설,"근린생활시설, 주택",0,97.2,273.6,19831031,3,1,서울특별시 금천구 시흥동 789-12번지
11545,10300,0,0789,0013,세진파크,,표제부,공동주택,제2종근린생활시설 공동주택,297.4,154.32,812.56,20170314,7,0,서울특별시 금천구 시흥동 789-13번지
11545,10300,0,0789,0014,가온빌리지,,표제부,공동주택,다세대주택 및 오피스텔,267.9,140.16,606.24,20161103,6,0,서울특별시 금천구 시흥동 789-14번지
11545,10300,0,0789,0015,하이빌,,표제부,공동주택,다세대주택 및 오피스텔,142.7,83.25,441.7,20161125,7,0,서울특별시 금천구 시흥동 789-15번지
11545,10300,0,0789,0017,,,일반건축물,단독주택,다가구용 단독주택(4가구),134.2,79.68,238.41,19910209,2,1,서울특별시 금천구 시흥동 789-17번지
11545,10300,0,0789,0021,원앙하우스,,일반건축물,제2종근린생활시설,"단독주택, 제2종근린생활시설",203,121.61,718.63,20161230,7,0,서울특별시 금천구 시흥동 789-21번지
11545,10300,0,0789,0022,,,일반건축물,단독주택,"근린생활시설, 다가구용 단독주택(3가구)",166.1,89.76,341.88,19910516,3,1,서울특별시 금천구 시흥동 789-22번지
11545,10300,0,0789,0023,,,일반건축물,단독주택,다가구용 단독주택(6가구),137.2,68.47,202.71,19910516,2,1,서울특별시 금천구 시흥동 789-23번지
11545,10300,0,0789,0025,휴원,,표제부,공동주택,다세대주택,349.9,209.68,659.53,20141112,5,0,서울특별시 금천구 시흥동 789-25번지
11545,10300,0,0789,0026,올레하우스,,표제부,공동주택,다세대주택및제1종근린생활시설,320.6,191.77,716.16,20100722,5,0,서울특별시 금천구 시흥동 789-26번지
11545,10300,0,0789,0028,금천유선방송사옥,,일반건축물,제2종근린생활시설,"근린생활시설, 방송통신시설",302.3,178.02,993.66,19960601,6,1,서울특별시 금천구 시흥동 789-28번지
11545,10300,0,0789,0031,,,일반건축물,단독주택,단독주택,178.5,82.41,247.23,19900504,2,1,서울특별시 금천구 시흥동 789-31번지
11545,10300,0,0789,0033,,,표제부,공동주택,다세대주택,190.2,114,490.31,20040326,5,0,서울특별시 금천구 시흥동 789-33번지
11545,10300,0,0789,0034,,,표제부,업무시설,오피스텔,219.2,111.15,726.34,20040610,8,0,서울특별시 금천구 시흥동 789-34번지
11545,10300,0,0789,0035,,,일반건축물,제1종근린생활시설,"근린생활시설, 주택",219.3,109.44,582.7,19890724,4,1,서울특별시 금천구 시흥동 789-35번지
11545,10300,0,0789,0036,,,표제부,공동주택,다세대주택,150.9,90.09,315.91,20150918,5,0,서울특별시 금천구 시흥동 789-36번지
11545,10300,0,0789,0037,,,일반건축물,단독주택,다가구주택,129.51,77.68,295.14,19971204,3,1,서울특별시 금천구 시흥동 789-37번지
11545,10300,0,0789,0038,현우빌딩,,표제부,공동주택,"제2종근린생활시설, 공동주택",197,114.59,716.06,20170829,8,1,서울특별시 금천구 시흥동 789-38번지
11545,10300,0,0789,0040,,,일반건축물,단독주택,"주택, 근린생활시설",0,96.97,375.19,19831223,3,1,서울특별시 금천구 시흥동 789-40번지
11545,10300,0,0789,0041,,,일반건축물,단독주택,단독주택,0,75.33,224.1,19920612,2,1,서울특별시 금천구 시흥동 789-41번지
11545,10300,0,0789,0044,중앙하이빌,,표제부,공동주택,다세대주택,298,155.52,676.12,20020917,4,1,서울특별시 금천구 시흥동 789-44번지
11545,10300,0,0789,0045,,,일반건축물,자동차관련시설,"자동차관련시설, 근린생활시설",215.8,61.98,114.96,19940630,2,0,서울특별시 금천구 시흥동 789-45번지
11545,10300,0,0789,0046,,,일반건축물,단독주택,"근린생활시설, 주택",221.8,102.34,402.96,19870509,3,1,서울특별시 금천구 시흥동 789-46번지
11545,10300,0,0789,0048,해돋는집,,표제부,공동주택,도시형생활주택(단지형다세대),158,91.98,520.58,20230711,7,1,서울특별시 금천구 시흥동 789-48번지
11545,10300,0,0789,0049,호암빌,,표제부,공동주택,단지형대세대주택/업무시설,160.5,88.24,471.76,20160502,7,0,서울특별시 금천구 시흥동 789-49번지
11545,10300,0,0789,0050,청솔빌리지에이동,,표제부,공동주택,다세대주택,325.1,194.94,649.98,20160115,5,0,서울특별시 금천구 시흥동 789-50번지
11545,10300,0,0789,0053,청솔빌리지비동,,표제부,공동주택,다세대주택(11세대),308.8,185.05,617.11,20160115,5,0,서울특별시 금천구 시흥동 789-53번지
11545,10300,0,0789,0055,시온산교회 미래관,,일반건축물,제2종근린생활시설,제2종근린생활시설,321.9,185.14,643.6,20170213,5,0,서울특별시 금천구 시흥동 789-55번지
11545,10300,0,0789,0057,시온산교회,,일반건축물,종교시설,문화및집회시설(종교집회장),690.5,291.56,995.99,19800119,4,1,서울특별시 금천구 시흥동 789-57번지
11545,10300,0,0789,0059,,,표제부,공동주택,다세대주택,158.9,92.04,368.84,19970225,4,1,서울특별시 금천구 시흥동 789-59번지
11545,10300,0,0789,0061,,,일반건축물,단독주택,다가구용 단독주택(5가구),140.4,83.26,234.84,19910805,2,1,서울특별시 금천구 시흥동 789-61번지
11545,10300,0,0789,0062,,,일반건축물,단독주택,"근린생활시설, 주택(3가구)",166.2,99.42,377.98,19930115,3,1,서울특별시 금천구 시흥동 789-62번지
11545,10300,0,0789,0066,,,일반건축물,단독주택,"주택, 제1,2종근린생활시설",0,79.35,149.73,19780427,2,1,서울특별시 금천구 시흥동 789-66번지
11545,10300,0,0790,0001,,,일반건축물,단독주택,"근린생활시설, 주택",99.6,49.4,188.82,19910320,3,1,서울특별시 금천구 시흥동 790-1번지
11545,10300,0,0790,0002,,,일반건축물,단독주택,주택,0,59.18,182.78,19890608,2,1,서울특별시 금천구 시흥동 790-2번지
11545,10300,0,0790,0003,,,일반건축물,단독주택,단독주택,118.1,58.48,179.44,19900623,2,1,서울특별시 금천구 시흥동 790-3번지
11545,10300,0,0790,0004,,,일반건축물,단독주택,"근린생활시설, 주택",184.8,92.1,470.85,19881231,4,1,서울특별시 금천구 시흥동 790-4번지
11545,10300,0,0790,0005,,,일반건축물,단독주택,"근린생활시설, 주택",188,93.67,410.18,19881103,3,1,서울특별시 금천구 시흥동 790-5번지
11545,10300,0,0790,0006,,,일반건축물,단독주택,주택,0,68.43,118.02,19771022,2,1,서울특별시 금천구 시흥동 790-6번지
11545,10300,0,0790,0007,에스클래스,,표제부,공동주택,공동주택(다세대주택),244.8,145.68,489.35,20120829,5,0,서울특별시 금천구 시흥동 790-7번지
11545,10300,0,0790,0008,시흥파크빌,,표제부,공동주택,공동주택,0,152.76,535.33,20200518,5,0,서울특별시 금천구 시흥동 790-8번지
11545,10300,0,0790,0008,시흥파크빌,,표제부,공동주택,공동주택,0,156.66,547.93,20200518,5,0,서울특별시 금천구 시흥동 790-8번지
11545,10300,0,0790,0015,대광파크,,표제부,공동주택,다세대주택,261.4,156.16,522.15,20120514,5,0,서울특별시 금천구 시흥동 790-15번지
11545,10300,0,0790,0017,,,일반건축물,단독주택,주택,0,76.44,106.51,19770707,2,0,서울특별시 금천구 시흥동 790-17번지
11545,10300,0,0790,0018,,,일반건축물,단독주택,주택,0,66.12,124.96,19770920,2,1,서울특별시 금천구 시흥동 790-18번지
11545,10300,0,0790,0019,스타힐스,,표제부,공동주택,공동주택(도시형생활주택),265.3,157.32,529.28,20191227,5,0,서울특별시 금천구 시흥동 790-19번지
11545,10300,0,0790,0021,스타힐스,,표제부,공동주택,도시형생활주택(원룸형),226.8,135.96,453.36,20201119,5,0,서울특별시 금천구 시흥동 790-21번지
11545,10300,0,0790,0023,,,일반건축물,단독주택,단독주택,132.3,65.16,195.48,19900618,2,1,서울특별시 금천구 시흥동 790-23번지
11545,10300,0,0790,0024,그린아트빌,,표제부,공동주택,다세대주택,262.6,143.02,655.36,20021016,4,1,서울특별시 금천구 시흥동 790-24번지
11545,10300,0,0790,0025,,,일반건축물,단독주택,"(제2종)근린생활시설, 다가구주택",112.9,63.89,199.44,20110714,4,0,서울특별시 금천구 시흥동 790-25번지
11545,10300,0,0790,0026,현부빌,,표제부,공동주택,다세대주택,231,137.28,432.82,20140409,5,0,서울특별시 금천구 시흥동 790-26번지
11545,10300,0,0790,0028,,,일반건축물,단독주택,단독주택,131.2,65.45,196.35,19900908,2,1,서울특별시 금천구 시흥동 790-28번지
11545,10300,0,0790,0030,,,일반건축물,단독주택,다가구용단독주택(4가구),119.3,59.31,177.93,19900709,2,1,서울특별시 금천구 시흥동 790-30번지
11545,10300,0,0790,0031,,,일반건축물,단독주택,단독주택,133,66.45,199.35,19900904,2,1,서울특별시 금천구 시흥동 790-31번지
11545,10300,0,0790,0032,,,일반건축물,단독주택,다가구용단독주택(4가구),129.2,64.23,199.23,19901017,2,1,서울특별시 금천구 시흥동 790-32번지
11545,10300,0,0790,0033,수아트빌,,표제부,공동주택,공동주택,237.9,142.12,475.53,20120501,5,0,서울특별시 금천구 시흥동 790-33번지
11545,10300,0,0790,0035,,,일반건축물,단독주택,다가구주택(5가구),132.1,65.85,197.55,19900925,2,1,서울특별시 금천구 시흥동 790-35번지
11545,10300,0,0790,0036,,,일반건축물,단독주택,단독주택,130.9,65.22,195.66,19900525,2,1,서울특별시 금천구 시흥동 790-36번지
11545,10300,0,0790,0037,,,일반건축물,단독주택,"주택, 근린생활시설",0,87.77,271.41,19890529,3,1,서울특별시 금천구 시흥동 790-37번지
11545,10300,0,0790,0038,오성타운,,표제부,공동주택,다세대주택,169.3,101.28,474.15,20030225,4,1,서울특별시 금천구 시흥동 790-38번지
11545,10300,0,0790,0039,,,일반건축물,단독주택,다가구용주택,120.2,72.08,240.37,19960210,3,1,서울특별시 금천구 시흥동 790-39번지
11545,10300,0,0790,0041,금강파크빌,,표제부,공동주택,공동주택,231,132,447.8,20170113,5,0,서울특별시 금천구 시흥동 790-41번지
11545,10300,0,0790,0042,,,표제부,공동주택,다세대주택,258.6,151.36,599.52,19930731,3,1,서울특별시 금천구 시흥동 790-42번지
11545,10300,0,0790,0045,,,일반건축물,단독주택,다중주택,119.6,71.46,260.2,20230601,3,1,서울특별시 금천구 시흥동 790-45번지
11545,10300,0,0790,0046,금천빌리지4차,,표제부,공동주택,공동주택(다세대주택),268,145.46,655.94,20011213,4,1,서울특별시 금천구 시흥동 790-46번지
11545,10300,0,0790,0048,다솜빌 A동,,표제부,공동주택,공동주택,236.4,141.36,471.78,20131115,5,0,서울특별시 금천구 시흥동 790-48번지
11545,10300,0,0790,0050,,,일반건축물,단독주택,다가구용단독주택(5가구),133.8,80.22,215.66,19941213,2,1,서울특별시 금천구 시흥동 790-50번지
11545,10300,0,0790,0051,,,일반건축물,단독주택,다가구용단독주택(5가구),129.2,76.85,206.65,19941213,2,1,서울특별시 금천구 시흥동 790-51번지
11545,10300,0,0790,0052,다솜빌 B동,,표제부,공동주택,공동주택,116.4,69.16,231.71,20131115,5,0,서울특별시 금천구 시흥동 790-52번지
11545,10300,0,0790,0053,리더스빌,,표제부,공동주택,다세대주택,237.2,141.24,484.06,20120425,5,0,서울특별시 금천구 시흥동 790-53번지
11545,10300,0,0790,0054,,,일반건축물,단독주택,단독주택,135.2,67.32,201.96,19900707,2,1,서울특별시 금천구 시흥동 790-54번지
11545,10300,0,0790,0055,,,일반건축물,단독주택,단독주택,127.3,63.54,190.62,19900908,2,1,서울특별시 금천구 시흥동 790-55번지
11545,10300,0,0790,0057,,,일반건축물,단독주택,단독주택,117.3,58.62,175.86,19891020,2,1,서울특별시 금천구 시흥동 790-57번지
11545,10300,0,0790,0058,,,일반건축물,단독주택,단독주택,129.7,64.44,208.37,19900830,3,1,서울특별시 금천구 시흥동 790-58번지
11545,10300,0,0790,0059,,,일반건축물,단독주택,단독주택,176.7,83.45,247.05,19900830,2,1,서울특별시 금천구 시흥동 790-59번지
11545,10300,0,0790,0060,,,일반건축물,단독주택,단독주택,169.8,84.66,247.32,19891220,2,1,서울특별시 금천구 시흥동 790-60번지
11545,10300,0,0790,0061,,,일반건축물,제1종근린생활시설,"근린생활시설, 노유자시설, 주택",142.7,71.06,342,19890620,4,1,서울특별시 금천구 시흥동 790-61번지
11545,10300,0,0791,0001,,,표제부,공동주택,다세대주택,140.3,81.63,393.64,20030310,4,1,서울특별시 금천구 시흥동 791-1번지
11545,10300,0,0791,0002,,,일반건축물,단독주택,다가구용단독주택(7가구),158.5,84.36,321.78,19940427,3,1,서울특별시 금천구 시흥동 791-2번지
11545,10300,0,0791,0003,,,일반건축물,단독주택,다가구용단독주택(7가구),131.3,78.33,313.32,19931223,3,1,서울특별시 금천구 시흥동 791-3번지
11545,10300,0,0791,0004,,,일반건축물,단독주택,다가구용단독주택(7가구),115.7,69.28,259.84,19931126,3,1,서울특별시 금천구 시흥동 791-4번지
11545,10300,0,0791,0006,럭스빌,,표제부,공동주택,다세대주택,232.9,152.1,482.82,20051116,4,0,서울특별시 금천구 시흥동 791-6번지
11545,10300,0,0791,0008,,,일반건축물,단독주택,다가구용단독주택,123.4,73.92,198,19930909,2,1,서울특별시 금천구 시흥동 791-8번지
11545,10300,0,0791,0009,,,일반건축물,단독주택,단독주택,140.7,70.14,210.42,19880623,2,1,서울특별시 금천구 시흥동 791-9번지
11545,10300,0,0791,0011,,,일반건축물,단독주택,다가구용 단독주택(6가구),136.2,81.6,248.44,19930812,3,1,서울특별시 금천구 시흥동 791-11번지
11545,10300,0,0791,0012,,,일반건축물,단독주택,다가구용 단독주택(4가구),121.2,72.14,203.73,19930816,2,1,서울특별시 금천구 시흥동 791-12번지
11545,10300,0,0791,0013,,,일반건축물,단독주택,"근린생활시설, 주택",121.5,72.36,199.44,19921007,2,1,서울특별시 금천구 시흥동 791-13번지
11545,10300,0,0791,0014,,,일반건축물,단독주택,다가구용단독주택(3가구),122.3,72.76,196.53,19921008,2,1,서울특별시 금천구 시흥동 791-14번지
11545,10300,0,0791,0016,,,표제부,공동주택,공동주택,240.4,143.72,482.875,20200624,4,0,서울특별시 금천구 시흥동 791-16번지
11545,10300,0,0791,0018,,,일반건축물,단독주택,다가구용단독주택(6가구),140.04,83.64,199.8,19930807,2,1,서울특별시 금천구 시흥동 791-18번지
11545,10300,0,0791,0019,,,일반건축물,단독주택,주택,0,73.89,221.67,19880616,2,1,서울특별시 금천구 시흥동 791-19번지
11545,10300,0,0791,0021,,,일반건축물,단독주택,단독주택,138.7,69,207,19890926,2,1,서울특별시 금천구 시흥동 791-21번지
11545,10300,0,0791,0022,,,일반건축물,단독주택,다가구용 단독주택(6가구),124.38,74.43,199.89,19930716,2,1,서울특별시 금천구 시흥동 791-22번지
11545,10300,0,0791,0023,,,일반건축물,단독주택,주택,0,58.51,129.25,19780930,2,1,서울특별시 금천구 시흥동 791-23번지
11545,10300,0,0791,0024,,,일반건축물,단독주택,단독주택,125.4,62.43,187.29,19900607,2,1,서울특별시 금천구 시흥동 791-24번지
11545,10300,0,0791,0026,,,일반건축물,단독주택,다가구용단독주택(5가구),120.5,72.09,195.21,19930709,3,0,서울특별시 금천구 시흥동 791-26번지
11545,10300,0,0791,0027,,,일반건축물,단독주택,"근린생활시설, 다가구주택(2가구)",119.3,70.42,211.26,19950417,2,1,서울특별시 금천구 시흥동 791-27번지
11545,10300,0,0791,0028,,,일반건축물,단독주택,다가구용 단독주택(3가구),98.8,59.24,149.82,19930817,2,1,서울특별시 금천구 시흥동 791-28번지
11545,10300,0,0791,0029,,,일반건축물,단독주택,주택,0,46.87,140.61,19890901,2,1,서울특별시 금천구 시흥동 791-29번지
11545,10300,0,0791,0031,,,일반건축물,단독주택,다가구용 단독주택(3가구),99.2,58.46,149.58,19930818,2,1,서울특별시 금천구 시흥동 791-31번지
11545,10300,0,0791,0032,,,일반건축물,단독주택,주택,0,55.21,110.79,19780526,2,1,서울특별시 금천구 시흥동 791-32번지
11545,10300,0,0791,0033,,,일반건축물,단독주택,주택,0,77.02,160.99,19771224,2,1,서울특별시 금천구 시흥동 791-33번지
11545,10300,0,0791,0034,인경스마트빌딩,,표제부,공동주택,"공동주택, 제1종근린생활시설",351.2,193.67,655.82,20190118,5,0,서울특별시 금천구 시흥동 791-34번지
11545,10300,0,0791,0037,,,일반건축물,단독주택,"근린생활시설, 노유자시설, 다가구용 단독주택(3가구)",162.1,97.12,371.34,19931207,3,1,서울특별시 금천구 시흥동 791-37번지
11545,10300,0,0791,0040,SM 엘루이 아파트,,표제부,공동주택,공동주택(아파트),3383,923.77,11886.55,20121102,15,2,서울특별시 금천구 시흥동 791-40번지
11545,10300,0,0792,0001,한울중학교,,일반건축물,교육연구시설,교육연구시설,10554.9,895.84,4130.75,19840627,5,0,서울특별시 금천구 시흥동 792-1번지
11545,10300,0,0792,0001,한울중학교,,일반건축물,교육연구시설,교육연구시설,10554.9,2600.57,6811.6,20160427,4,0,서울특별시 금천구 시흥동 792-1번지
11545,10300,0,0793,0000,그린주택,,일반건축물,단독주택,"다가구주택,제2종근린생활시설(의료기기판매소,사무소)",131.6,78.51,383.18,20040528,5,0,서울특별시 금천구 시흥동 793번지
11545,10300,0,0793,0001,하이빌,,표제부,공동주택,다세대주택/근린생활시설,457.5,273.57,914.36,20120517,5,0,서울특별시 금천구 시흥동 793-1번지
11545,10300,0,0793,0004,성천빌리지,,표제부,공동주택,다세대주택,261.6,154.38,492.84,20120510,5,0,서울특별시 금천구 시흥동 793-4번지
11545,10300,0,0793,0005,,,표제부,공동주택,다세대주택(4세대),173.8,103.8,373.6,20050812,5,0,서울특별시 금천구 시흥동 793-5번지
11545,10300,0,0793,0006,한빛아파트,,표제부,공동주택,아파트,1007.3,391.98,2139,20011220,5,1,서울특별시 금천구 시흥동 793-6번지
11545,10300,0,0793,0007,더네모,,표제부,공동주택,"공동주택, 근린생활시설",428.6,233.76,886.88,20190424,6,1,서울특별시 금천구 시흥동 793-7번지
11545,10300,0,0793,0008,,,일반건축물,단독주택,주택,0,65.12,152.39,19781218,2,1,서울특별시 금천구 시흥동 793-8번지
11545,10300,0,0793,0009,,,일반건축물,단독주택,다가구용단독주택(5가구),215.8,109.5,328.5,19910725,2,1,서울특별시 금천구 시흥동 793-9번지
11545,10300,0,0793,0012,,,표제부,공동주택,연립주택,546.4,218.68,987.5,19931215,4,1,서울특별시 금천구 시흥동 793-12번지
11545,10300,0,0793,0013,삼천리연립,,표제부,공동주택,연립주택,509.3,218.68,987.5,19931215,4,1,서울특별시 금천구 시흥동 793-13번지
11545,10300,0,0793,0014,,,표제부,공동주택,다세대주택(6세대),132.3,78.5,233.9,19910328,2,1,서울특별시 금천구 시흥동 793-14번지
11545,10300,0,0793,0015,,,일반건축물,단독주택,다가구용단독주택(5가구),145.8,86.55,253.98,19931201,2,1,서울특별시 금천구 시흥동 793-15번지
11545,10300,0,0793,0016,,,표제부,공동주택,다세대주택,253.5,151.48,610.25,20011029,4,1,서울특별시 금천구 시흥동 793-16번지
11545,10300,0,0793,0017,,,표제부,공동주택,다세대주택,171.7,101.43,374.61,20031007,5,0,서울특별시 금천구 시흥동 793-17번지
11545,10300,0,0793,0018,,,일반건축물,단독주택,단독주택,163.4,67.44,158.07,19771011,3,1,서울특별시 금천구 시흥동 793-18번지
11545,10300,0,0793,0019,,,일반건축물,단독주택,단독주택,113.7,56.72,170.16,19871221,2,1,서울특별시 금천구 시흥동 793-19번지
11545,10300,0,0793,0022,롯데빌리지,,표제부,공동주택,다세대주택,173.8,103.72,389.62,20040716,5,0,서울특별시 금천구 시흥동 793-22번지
11545,10300,0,0793,0023,,,일반건축물,단독주택,단독주택,111.6,55.72,164.52,19871223,2,1,서울특별시 금천구 시흥동 793-23번지
11545,10300,0,0793,0024,,,일반건축물,단독주택,단독주택,111.8,55.74,167.22,19871221,2,1,서울특별시 금천구 시흥동 793-24번지
11545,10300,0,0793,0025,,,일반건축물,단독주택,"주택, 점포",144.8,72,216,19880616,2,1,서울특별시 금천구 시흥동 793-25번지
11545,10300,0,0794,0000,,,일반건축물,제2종근린생활시설,화장실,84.9,2.46,2.46,20110908,1,0,서울특별시 금천구 시흥동 794번지
11545,10300,0,0794,0000,,,일반건축물,제2종근린생활시설,제2종근린생활시설,84.9,48.51,94.56,20110908,2,0,서울특별시 금천구 시흥동 794번지
11545,10300,0,0794,0001,,,일반건축물,단독주택,"주택, 점포,제2종근린생활시설",0,108.43,430.74,19800630,3,1,서울특별시 금천구 시흥동 794-1번지
11545,10300,0,0794,0002,,,일반건축물,제2종근린생활시설,"제1종.2종근린생활시설, 단독주택",216.1,106,626.86,19931213,5,1,서울특별시 금천구 시흥동 794-2번지
11545,10300,0,0794,0003,가온누리빌,,표제부,공동주택,공동주택,0,193.16,625.51,20180727,6,0,서울특별시 금천구 시흥동 794-3번지
11545,10300,0,0794,0003,가온누리빌,,표제부,공동주택,공동주택,0,193.16,659.97,20180727,6,0,서울특별시 금천구 시흥동 794-3번지
11545,10300,0,0794,0003,가온누리빌,,표제부,공동주택,공동주택,0,221.84,607.24,20180727,6,0,서울특별시 금천구 시흥동 794-3번지
11545,10300,0,0794,0004,우빈건물,,일반건축물,제2종근린생활시설,수리점/자동차관련시설(세차장),335.3,101.5,126,20150406,2,0,서울특별시 금천구 시흥동 794-4번지
11545,10300,0,0794,0005,,,일반건축물,단독주택,"단독주택,근린생활시설",420.2,251.88,833.22,20190424,5,0,서울특별시 금천구 시흥동 794-5번지
11545,10300,0,0794,0006,영일빌라,,표제부,공동주택,연립주택,515.2,249.9,1092.54,19960125,4,1,서울특별시 금천구 시흥동 794-6번지
11545,10300,0,0794,0006,,,표제부,공동주택,연립주택,0,81.98,81.98,19760426,1,0,서울특별시 금천구 시흥동 794-6번지
11545,10300,0,0794,0006,,,표제부,공동주택,연립주택,0,81.98,81.98,19760426,1,0,서울특별시 금천구 시흥동 794-6번지
11545,10300,0,0794,0006,,,일반건축물,공동주택,연립주택,0,0,41.98,19760426,0,1,서울특별시 금천구 시흥동 794-6번지
11545,10300,0,0794,0007,,,표제부,공동주택,다세대주택,0,132.34,659.78,19920708,4,1,서울특별시 금천구 시흥동 794-7번지
11545,10300,0,0794,0008,,,일반건축물,제1종근린생활시설,"(제1종)근린생활시설, 주택",322,182.31,999.92,20000602,6,1,서울특별시 금천구 시흥동 794-8번지
11545,10300,0,0794,0011,반도상가,,표제부,제1종근린생활시설,"아파트, 편리복지시설",0,275.37,1097.18,19790915,3,1,서울특별시 금천구 시흥동 794-11번지
11545,10300,0,0794,0012,에버빌,,표제부,공동주택,"다세대주택,근린생활시설",299.1,149.52,567.56,20120503,5,0,서울특별시 금천구 시흥동 794-12번지
11545,10300,0,0794,0014,,,일반건축물,단독주택,"근린생활시설, 주택,제2종근린생활시설",165.4,82.32,246.96,19830421,2,1,서울특별시 금천구 시흥동 794-14번지
11545,10300,0,0794,0015,,,일반건축물,단독주택,"근린생활시설, 주택",165.4,91.95,258.46,19821230,2,1,서울특별시 금천구 시흥동 794-15번지
11545,10300,0,0794,0016,,,일반건축물,제2종근린생활시설,제2종근린생활시설,138.3,62.68,78.09,20150325,2,0,서울특별시 금천구 시흥동 794-16번지
11545,10300,0,0794,0018,,,일반건축물,단독주택,단독주택(다중주택 및 사무소),193.2,115.52,455.35,20210716,5,1,서울특별시 금천구 시흥동 794-18번지
11545,10300,0,0795,0000,반도상가,,표제부,제1종근린생활시설,아파트 편리 복리시설,0,299.83,1196.68,19790915,3,1,서울특별시 금천구 시흥동 795번지
11545,10300,0,0795,0001,,,일반건축물,단독주택,"주택,제2종근린생활시설",134.8,75.11,209.33,19821120,2,1,서울특별시 금천구 시흥동 795-1번지
11545,10300,0,0795,0002,,,일반건축물,제1종근린생활시설,"근린생활시설, 주택",175.9,86.88,370.44,19910402,4,1,서울특별시 금천구 시흥동 795-2번지
11545,10300,0,0795,0003,,,일반건축물,단독주택,다가구용단독주택(5가구),129.1,76.98,230.94,19930915,2,1,서울특별시 금천구 시흥동 795-3번지
11545,10300,0,0795,0004,,,표제부,공동주택,다세대주택(8세대),293.5,171.05,598.47,19930712,3,1,서울특별시 금천구 시흥동 795-4번지
11545,10300,0,0795,0005,우성아파트,,표제부,공동주택,공동주택,959.7,385.78,2771.57,20010620,6,1,서울특별시 금천구 시흥동 795-5번지
11545,10300,0,0795,0006,,,일반건축물,제2종근린생활시설,"단독주택, 제2종근린생활시설",98.4,58.21,186.59,20220225,4,0,서울특별시 금천구 시흥동 795-6번지
11545,10300,0,0795,0007,,,일반건축물,단독주택,주택,0,56.86,132.56,19790820,2,1,서울특별시 금천구 시흥동 795-7번지
11545,10300,0,0795,0008,,,일반건축물,단독주택,"주택,점포,제2종근린생활시설",0,59.1,177.3,19830114,2,1,서울특별시 금천구 시흥동 795-8번지
11545,10300,0,0795,0011,,,일반건축물,제2종근린생활시설,제2종근린생활시설(학원),221.1,106.75,99.63,19940205,1,0,서울특별시 금천구 시흥동 795-11번지
11545,10300,0,0795,0013,오성파크빌,,표제부,공동주택,공동주택(다세대주택),322.7,181,658.44,20020123,5,0,서울특별시 금천구 시흥동 795-13번지
11545,10300,0,0795,0015,,,표제부,공동주택,주택,0,157.36,471.74,19810119,2,1,서울특별시 금천구 시흥동 795-15번지
11545,10300,0,0795,0016,,,표제부,공동주택,다세대주택,199.36,119.36,384.53,20030313,4,0,서울특별시 금천구 시흥동 795-16번지
11545,10300,0,0795,0017,,,일반건축물,단독주택,주택,0,66.33,198.99,19830309,2,1,서울특별시 금천구 시흥동 795-17번지
11545,10300,0,0795,0018,,,표제부,공동주택,다세대주택,233.1,139.11,545.59,20021210,5,0,서울특별시 금천구 시흥동 795-18번지
11545,10300,0,0795,0019,,,표제부,공동주택,다세대주택,232,139.11,547.41,20021213,5,0,서울특별시 금천구 시흥동 795-19번지
11545,10300,0,0795,0021,,,일반건축물,단독주택,주택,0,58.23,174.69,19830314,2,1,서울특별시 금천구 시흥동 795-21번지
11545,10300,0,0795,0023,뜰안채,,표제부,공동주택,공동주택(다세대주택12세대),351.7,206.82,656.1,20111129,5,0,서울특별시 금천구 시흥동 795-23번지
11545,10300,0,0795,0024,,,표제부,공동주택,다세대주택,231.6,138.92,520.95,20040330,5,0,서울특별시 금천구 시흥동 795-24번지
11545,10300,0,0795,0025,삼성골드빌,,표제부,공동주택,다세대주택,232.6,137.52,545.76,20030121,5,0,서울특별시 금천구 시흥동 795-25번지
11545,10300,0,0795,0027,,,일반건축물,단독주택,"주택, 근린생활시설",0,56.88,170.64,19830222,2,1,서울특별시 금천구 시흥동 795-27번지
11545,10300,0,0795,0031,,,일반건축물,단독주택,주택,0,57.19,139.5,19791127,2,1,서울특별시 금천구 시흥동 795-31번지
11545,10300,0,0795,0032,,,일반건축물,단독주택,다가구용단독주택,114,67.91,188.73,19921114,2,1,서울특별시 금천구 시흥동 795-32번지
11545,10300,0,0795,0033,,,일반건축물,단독주택,다가구용단독주택(6가구),124.6,74.61,199.53,19921016,2,1,서울특별시 금천구 시흥동 795-33번지
11545,10300,0,0795,0034,,,일반건축물,단독주택,주택,0,56.2,127.94,19790704,2,1,서울특별시 금천구 시흥동 795-34번지
11545,10300,0,0795,0035,아이빌,,표제부,공동주택,다세대주택,316,176,631.92,20100419,5,0,서울특별시 금천구 시흥동 795-35번지
11545,10300,0,0795,0036,예그리나,,표제부,공동주택,"다세대주택,제1종근린생활시설(소매점)",252.1,148.72,504.03,20110421,5,0,서울특별시 금천구 시흥동 795-36번지
11545,10300,0,0796,0000,,,일반건축물,단독주택,"주택, 근린생활시설",0,134.88,310.09,19801125,2,1,서울특별시 금천구 시흥동 796번지
11545,10300,0,0796,0001,진이아트빌,,표제부,공동주택,공동주택(다세대주택),253.1,146.46,668.16,20071018,4,1,서울특별시 금천구 시흥동 796-1번지
11545,10300,0,0796,0002,,,표제부,공동주택,공동주택,260.1,155.78,687.04,20010515,4,1,서울특별시 금천구 시흥동 796-2번지
11545,10300,0,0796,0004,금강파크빌,,표제부,공동주택,"공동주택(도시형생활주택-다세대주택), 제2종근린생활시설",427.1,225.38,701.64,20191029,5,0,서울특별시 금천구 시흥동 796-4번지
11545,10300,0,0796,0006,가온빌리지에이동,,표제부,공동주택,"도시형생활주택(단지형다세대-14세대), 제2종근린생활시설(사무소)",323.2,191.1,587.64,20181101,5,0,서울특별시 금천구 시흥동 796-6번지
11545,10300,0,0796,0007,한빛로얄아파트,,표제부,공동주택,아파트,756.5,386.9,2360.31,20030512,5,1,서울특별시 금천구 시흥동 796-7번지
11545,10300,0,0796,0008,금산빌 A,,표제부,공동주택,다세대주택,215.4,128.36,629.38,20050714,4,1,서울특별시 금천구 시흥동 796-8번지
11545,10300,0,0796,0010,금산빌B,,표제부,공동주택,다세대주택(8세대),213.4,127.97,627.5,20050713,4,1,서울특별시 금천구 시흥동 796-10번지
11545,10300,0,0796,0015,,,일반건축물,단독주택,다가구주택(6가구),116.1,69.62,224.32,19940305,3,1,서울특별시 금천구 시흥동 796-15번지
11545,10300,0,0796,0016,,,일반건축물,단독주택,단독주택,124.7,62.24,186.72,19900627,2,1,서울특별시 금천구 시흥동 796-16번지
11545,10300,0,0796,0017,,,일반건축물,단독주택,단독주택,123.9,60.75,182.25,19871016,2,1,서울특별시 금천구 시흥동 796-17번지
11545,10300,0,0796,0018,,,일반건축물,단독주택,다가구주택(6가구),111.9,66.97,216.06,19960327,3,0,서울특별시 금천구 시흥동 796-18번지
11545,10300,0,0796,0019,예림타운밸리,,표제부,공동주택,다세대주택,377.8,222.76,658.68,20120127,5,0,서울특별시 금천구 시흥동 796-19번지
11545,10300,0,0796,0022,,,일반건축물,단독주택,다가구용단독주택(4가구),90.8,54.04,212.36,19961218,3,1,서울특별시 금천구 시흥동 796-22번지
11545,10300,0,0796,0023,,,일반건축물,단독주택,다가구용단독주택(3가구),92.1,55.1,157.86,19961218,2,1,서울특별시 금천구 시흥동 796-23번지
11545,10300,0,0796,0024,,,일반건축물,단독주택,다가구용단독주택(5가구),113.3,62.74,188.22,19901104,2,1,서울특별시 금천구 시흥동 796-24번지
11545,10300,0,0796,0025,,,일반건축물,단독주택,단독주택,116.7,57.78,173.34,19861020,2,1,서울특별시 금천구 시흥동 796-25번지
11545,10300,0,0796,0026,휴먼에코빌3차,,표제부,공동주택,공동주택,231.6,137.54,461.5,20171020,5,0,서울특별시 금천구 시흥동 796-26번지
11545,10300,0,0796,0028,흥원빌라,,표제부,공동주택,다세대주택,232.3,139.26,656.92,20021121,4,1,서울특별시 금천구 시흥동 796-28번지
11545,10300,0,0796,0031,래미안타운,,표제부,공동주택,공동주택,230.3,137.64,459.84,20120222,5,0,서울특별시 금천구 시흥동 796-31번지
11545,10300,0,0796,0033,,,일반건축물,단독주택,주택,0,58.84,176.52,19821201,2,1,서울특별시 금천구 시흥동 796-33번지
11545,10300,0,0796,0034,건우골드빌,,표제부,공동주택,공동주택,117,70.15,241.2,20090309,4,0,서울특별시 금천구 시흥동 796-34번지
11545,10300,0,0796,0035,대성빌라,,표제부,공동주택,공동주택,328.4,196.74,655.51,20010723,5,0,서울특별시 금천구 시흥동 796-35번지
11545,10300,0,0796,0036,법원빌,,표제부,공동주택,도시형생활주택(8세대),449.7,135.38,448.94,20120207,5,0,서울특별시 금천구 시흥동 796-36번지
11545,10300,0,0796,0036,법원빌,,표제부,공동주택,도시형생활주택(8세대),449.7,134.36,449.44,20120207,5,0,서울특별시 금천구 시흥동 796-36번지
11545,10300,0,0796,0038,근생및주택,,일반건축물,단독주택,"다가구주택(5가구),제1종근린생활시설",235.1,133.33,469.72,20080822,4,0,서울특별시 금천구 시흥동 796-38번지
11545,10300,0,0796,0043,한빛로얄아파트,,표제부,공동주택,아파트,757,386.9,2360.31,20030512,5,1,서울특별시 금천구 시흥동 796-43번지
11545,10300,0,0797,0000,알펜시아빌,,표제부,공동주택,다세대주택,183.7,108.89,445.86,20111118,4,1,서울특별시 금천구 시흥동 797번지
11545,10300,0,0797,0002,시흥동세종아파트,,표제부,공동주택,아파트,434.7,210,1072.35,20020604,6,0,서울특별시 금천구 시흥동 797-2번지
11545,10300,0,0797,0003,,,일반건축물,단독주택,다가구주택(6가구),113.9,68.19,197.56,19930603,2,1,서울특별시 금천구 시흥동 797-3번지
11545,10300,0,0797,0005,,,일반건축물,단독주택,다가구용단독주택(6가구),121,69.48,199.76,19930605,2,1,서울특별시 금천구 시흥동 797-5번지
11545,10300,0,0797,0006,,,일반건축물,단독주택,다가구용단독주택(4가구),104,62.2,149.94,19930604,2,1,서울특별시 금천구 시흥동 797-6번지
11545,10300,0,0797,0007,,,일반건축물,단독주택,다가구용단독주택(3가구),104.9,62.53,149.94,19930611,2,1,서울특별시 금천구 시흥동 797-7번지
11545,10300,0,0797,0008,한신빌리지,,표제부,공동주택,연립주택,647.9,362.33,1582.58,19971229,4,1,서울특별시 금천구 시흥동 797-8번지
11545,10300,0,0797,0009,,,일반건축물,제1종근린생활시설,변소,0,7.17,7.17,19760705,1,0,서울특별시 금천구 시흥동 797-9번지
11545,10300,0,0797,0009,,,표제부,공동주택,다세대주택,0,108.15,324.45,19870813,2,1,서울특별시 금천구 시흥동 797-9번지
11545,10300,0,0797,0010,,,표제부,공동주택,다세대주택,226.9,110.77,320.31,19870813,2,1,서울특별시 금천구 시흥동 797-10번지
11545,10300,0,0797,0011,,,일반건축물,교육연구시설,"교육연구및복지시설,주택",0,80.99,97.19,19771209,1,1,서울특별시 금천구 시흥동 797-11번지
11545,10300,0,0797,0012,,,일반건축물,단독주택,다가구주택(8가구),191.5,111.48,419.36,19950517,3,1,서울특별시 금천구 시흥동 797-12번지
11545,10300,0,0797,0013,,,일반건축물,단독주택,"근린생활시설, 다가구주택(6가구)",175,95.43,408.54,19991117,4,1,서울특별시 금천구 시흥동 797-13번지
11545,10300,0,0797,0014,,,일반건축물,단독주택,단독주택,171.8,85.86,246.28,19900620,2,1,서울특별시 금천구 시흥동 797-14번지
11545,10300,0,0797,0015,,,일반건축물,단독주택,단독주택,169.9,82.44,247.32,19900616,2,1,서울특별시 금천구 시흥동 797-15번지
11545,10300,0,0797,0016,,,일반건축물,단독주택,주택,0,73.72,221.16,19900620,2,1,서울특별시 금천구 시흥동 797-16번지
11545,10300,0,0797,0017,금강파크빌,,표제부,공동주택,공동주택,380.6,220.41,659.76,20150508,5,0,서울특별시 금천구 시흥동 797-17번지
11545,10300,0,0797,0020,,,일반건축물,단독주택,단독주택,92.4,46.08,138.24,19891223,2,1,서울특별시 금천구 시흥동 797-20번지
11545,10300,0,0797,0021,,,일반건축물,단독주택,다가구용단독주택(5가구),111.8,65.22,195.66,19910523,2,1,서울특별시 금천구 시흥동 797-21번지
11545,10300,0,0797,0022,,,일반건축물,단독주택,단독주택,102.5,51.03,153.09,19900203,2,1,서울특별시 금천구 시흥동 797-22번지
11545,10300,0,0797,0023,,,일반건축물,단독주택,단독주택,94.1,47.02,138.96,19900103,2,1,서울특별시 금천구 시흥동 797-23번지
11545,10300,0,0797,0024,,,일반건축물,단독주택,단독주택,100,49.68,149.04,19891128,2,1,서울특별시 금천구 시흥동 797-24번지
11545,10300,0,0797,0025,,,일반건축물,단독주택,단독주택,101.3,50.22,150.66,19891220,2,1,서울특별시 금천구 시흥동 797-25번지
11545,10300,0,0797,0026,,,일반건축물,단독주택,"다가구주택, 제1종근린생활시설",132.9,79.64,265.66,20100616,4,0,서울특별시 금천구 시흥동 797-26번지
11545,10300,0,0797,0030,가온빌리지비동,,일반건축물,단독주택,"단독주택, 제2종근린생활시설",168.7,100.8,336.67,20181121,5,0,서울특별시 금천구 시흥동 797-30번지
11545,10300,0,0797,0031,,,표제부,공동주택,다세대주택,353.1,141.74,658.08,20020928,4,1,서울특별시 금천구 시흥동 797-31번지
11545,10300,0,0797,0033,,,표제부,공동주택,다세대주택,226.8,110.77,320.31,19870813,2,1,서울특별시 금천구 시흥동 797-33번지
11545,10300,0,0797,0034,,,표제부,공동주택,다세대주택,0,106.77,320.31,19870819,2,1,서울특별시 금천구 시흥동 797-34번지
11545,10300,0,0797,0035,,,표제부,공동주택,다세대주택,226.9,110.77,320.31,19870824,2,1,서울특별시 금천구 시흥동 797-35번지
11545,10300,0,0797,0036,,,표제부,공동주택,다세대주택,0,108.62,325.86,19870813,2,1,서울특별시 금천구 시흥동 797-36번지
11545,10300,0,0797,0037,,,표제부,공동주택,다세대주택,225.6,96.24,280.62,19870813,2,1,서울특별시 금천구 시흥동 797-37번지
11545,10300,0,0798,0000,,,표제부,공동주택,다세대주택,249.7,148.1,709.5,20021119,4,1,서울특별시 금천구 시흥동 798번지
11545,10300,0,0798,0002,,,일반건축물,단독주택,단독주택,126.3,62.3,190.6,19860704,2,1,서울특별시 금천구 시흥동 798-2번지
11545,10300,0,0798,0003,,,일반건축물,단독주택,다가구용 단독주택(5가구),133.5,65.61,188.13,19910912,2,1,서울특별시 금천구 시흥동 798-3번지
11545,10300,0,0798,0004,,,일반건축물,단독주택,"근린생활시설, 다가구용단독주택(3가구)",112.7,67.23,181.29,19931222,3,0,서울특별시 금천구 시흥동 798-4번지
11545,10300,0,0798,0005,,,일반건축물,제1종근린생활시설,"근린생활시설, 다가구용단독주택(3가구)",122.3,72.3,297.52,19930925,3,1,서울특별시 금천구 시흥동 798-5번지
11545,10300,0,0798,0007,,,일반건축물,단독주택,"근린생활시설, 다가구용단독주택(4가구)",127,74.8,299.2,19930714,3,1,서울특별시 금천구 시흥동 798-7번지
11545,10300,0,0798,0008,,,일반건축물,단독주택,다가구용 단독주택(5가구),116,69.54,185.22,19940105,2,1,서울특별시 금천구 시흥동 798-8번지
11545,10300,0,0798,0009,,,일반건축물,단독주택,다가구용단독주택(5가구),0,65.32,195.96,19911031,2,1,서울특별시 금천구 시흥동 798-9번지
11545,10300,0,0798,0010,,,일반건축물,단독주택,단독주택,125.6,62.2,186.6,19870515,2,1,서울특별시 금천구 시흥동 798-10번지
11545,10300,0,0798,0011,,,일반건축물,단독주택,단독주택,110.3,54.7,164.1,19910626,2,1,서울특별시 금천구 시흥동 798-11번지
11545,10300,0,0798,0012,,,일반건축물,단독주택,"(제2종)근린생활시설, 다가구용단독주택",118.3,68.9,219.9,19920206,3,1,서울특별시 금천구 시흥동 798-12번지
11545,10300,0,0798,0014,대광파빌리온,,표제부,공동주택,도시형생활주택(단지형다세대),705.8,208.88,659.48,20150207,5,0,서울특별시 금천구 시흥동 798-14번지
11545,10300,0,0798,0014,대광파빌리온,,표제부,공동주택,도시형생활주택(단지형다세대),705.8,209.84,658.2,20150207,5,0,서울특별시 금천구 시흥동 798-14번지
11545,10300,0,0798,0021,힐탑맨션2차,,표제부,공동주택,"도시형생활주택,제1종근린생활시설",237.8,141.36,472.61,20141201,5,0,서울특별시 금천구 시흥동 798-21번지
11545,10300,0,0798,0023,,,일반건축물,단독주택,다가구용단독주택(5가구),117.3,68.38,199.8,19910724,2,1,서울특별시 금천구 시흥동 798-23번지
11545,10300,0,0798,0024,,,일반건축물,단독주택,주택,0,87.79,183,19790827,2,1,서울특별시 금천구 시흥동 798-24번지
11545,10300,0,0798,0025,,,일반건축물,단독주택,"다가구주택,제1,2종근린생활시설",219.5,130.55,438.11,20051028,4,0,서울특별시 금천구 시흥동 798-25번지
11545,10300,0,0798,0027,하이빌,,표제부,공동주택,공동주택(다세대주택),224.3,132.86,448.26,20081022,5,0,서울특별시 금천구 시흥동 798-27번지
11545,10300,0,0798,0028,에이동,,일반건축물,단독주택,주택,0,61.82,123.64,19821125,2,1,서울특별시 금천구 시흥동 798-28번지
11545,10300,0,0798,0028,비동,,일반건축물,단독주택,주택,0,61.82,123.64,19821125,2,1,서울특별시 금천구 시흥동 798-28번지
11545,10300,0,0798,0029,,,일반건축물,단독주택,주택,0,54.61,64.26,19750813,1,1,서울특별시 금천구 시흥동 798-29번지
11545,10300,0,0798,0030,신흥뜨란채,,표제부,공동주택,다세대주택(도시형생활주택),312.8,185.13,624.52,20131113,5,0,서울특별시 금천구 시흥동 798-30번지
11545,10300,0,0798,0032,,,일반건축물,단독주택,"근린생활시설, 다가구주택(2가구)",103.2,61.6,244.6,19930813,3,1,서울특별시 금천구 시흥동 798-32번지
11545,10300,0,0798,0033,,,일반건축물,단독주택,"근린생활시설, 다가구주택(4가구)",125.8,75.07,275.95,19930720,3,1,서울특별시 금천구 시흥동 798-33번지
11545,10300,0,0798,0036,,,일반건축물,단독주택,주택,0,58.58,93.55,19761223,2,1,서울특별시 금천구 시흥동 798-36번지
11545,10300,0,0798,0037,,,일반건축물,단독주택,단독주택,118.8,59.28,183.96,19880713,2,1,서울특별시 금천구 시흥동 798-37번지
11545,10300,0,0798,0038,,,일반건축물,단독주택,주택,132.8,66.36,199.08,19880430,2,1,서울특별시 금천구 시흥동 798-38번지
11545,10300,0,0798,0040,,,일반건축물,단독주택,"다가구주택(3가구),제2종근린생활시설",135.1,79.29,263.87,20100326,4,0,서울특별시 금천구 시흥동 798-40번지
11545,10300,0,0798,0041,,,일반건축물,단독주택,단독주택,126.2,62.38,186.84,19880801,2,1,서울특별시 금천구 시흥동 798-41번지
11545,10300,0,0798,0043,,,일반건축물,단독주택,단독주택,130.8,64.44,193.32,19880726,2,1,서울특별시 금천구 시흥동 798-43번지
11545,10300,0,0798,0046,,,일반건축물,단독주택,주택,0,53.19,159.57,19890705,2,1,서울특별시 금천구 시흥동 798-46번지
11545,10300,0,0798,0048,,,일반건축물,단독주택,주택,0,50.98,152.94,19890706,2,1,서울특별시 금천구 시흥동 798-48번지
11545,10300,0,0798,0049,롯데주택,,일반건축물,단독주택,단독주택,175.3,99.93,335.19,20100428,4,0,서울특별시 금천구 시흥동 798-49번지
11545,10300,0,0798,0051,,,일반건축물,단독주택,단독주택,115.5,57.65,172.95,19860506,2,1,서울특별시 금천구 시흥동 798-51번지
11545,10300,0,0798,0053,,,일반건축물,단독주택,단독주택,109.9,54.54,163.62,19860617,2,1,서울특별시 금천구 시흥동 798-53번지
11545,10300,0,0798,0056,,,일반건축물,단독주택,다가구용 단독주택(5가구),116.7,63.28,184.68,19910410,2,1,서울특별시 금천구 시흥동 798-56번지
11545,10300,0,0798,0058,,,일반건축물,단독주택,다가구용 단독주택(5가구),116.8,61.16,183.48,19910205,2,1,서울특별시 금천구 시흥동 798-58번지
11545,10300,0,0798,0060,,,일반건축물,단독주택,"근린생활시설, 주택",64.5,31.4,95.21,19850104,2,1,서울특별시 금천구 시흥동 798-60번지
11545,10300,0,0798,0061,,,표제부,공동주택,다세대주택,232.51,138.93,464.83,20120625,5,0,서울특별시 금천구 시흥동 798-61번지
11545,10300,0,0798,0064,오성로얄아파트,,표제부,공동주택,아파트,775.1,395.44,2542.58,20030821,6,1,서울특별시 금천구 시흥동 798-64번지
11545,10300,0,0799,0000,,,일반건축물,단독주택,"근린생활시설, 주택",0,90.98,363.92,19920702,3,1,서울특별시 금천구 시흥동 799번지
11545,10300,0,0799,0001,,,일반건축물,단독주택,주택,0,70.55,211.65,19831103,2,1,서울특별시 금천구 시흥동 799-1번지
11545,10300,0,0799,0002,,,일반건축물,단독주택,다가구용 단독주택(5가구),142,84.94,254.82,19930817,2,1,서울특별시 금천구 시흥동 799-2번지
11545,10300,0,0799,0003,근생주택,,일반건축물,단독주택,단독주택,175.7,105.39,351.13,20120409,4,0,서울특별시 금천구 시흥동 799-3번지
11545,10300,0,0799,0004,,,일반건축물,단독주택,"근린생활시설, 다가구용단독주택(3가구)",130.7,78.07,288.2,19940520,3,1,서울특별시 금천구 시흥동 799-4번지
11545,10300,0,0799,0005,,,일반건축물,단독주택,다가구용 단독주택(5가구),125.2,75,195.75,19930706,2,1,서울특별시 금천구 시흥동 799-5번지
11545,10300,0,0799,0006,,,일반건축물,단독주택,단독주택,128.3,63.45,194.55,19871028,2,1,서울특별시 금천구 시흥동 799-6번지
11545,10300,0,0799,0007,,,일반건축물,단독주택,주택,0,68.47,205.41,19880602,2,1,서울특별시 금천구 시흥동 799-7번지
11545,10300,0,0799,0009,,,일반건축물,단독주택,단독주택,95.8,47.88,172.89,19890408,2,1,서울특별시 금천구 시흥동 799-9번지
11545,10300,0,0799,0010,크림하우스에이동,,표제부,공동주택,공동주택 및 근린생활시설,244.4,146.34,488.78,20220609,5,0,서울특별시 금천구 시흥동 799-10번지
11545,10300,0,0799,0013,크림하우스비동,,표제부,공동주택,공동주택 및 근린생활시설,245.6,147.21,491.15,20220525,5,0,서울특별시 금천구 시흥동 799-13번지
11545,10300,0,0799,0015,,3,표제부,공동주택,다세대주택,237,141.16,607.16,20020408,4,1,서울특별시 금천구 시흥동 799-15번지
11545,10300,0,0799,0016,하나빌리지,,표제부,공동주택,다세대주택(9세대),227.1,135.97,636.55,20010929,4,1,서울특별시 금천구 시흥동 799-16번지
11545,10300,0,0799,0017,미르.빌,,표제부,공동주택,다세대주택,239,142.74,658.2,20020223,4,1,서울특별시 금천구 시흥동 799-17번지
11545,10300,0,0799,0018,다원빌라,,표제부,공동주택,"다세대주택, 제1종근린생활시설",262.2,133.12,590.95,20020419,5,0,서울특별시 금천구 시흥동 799-18번지
11545,10300,0,0799,0019,힐탑맨션,,표제부,공동주택,도시형생활주택(단지형다세대주택),221.9,129.44,441.46,20140418,5,0,서울특별시 금천구 시흥동 799-19번지
11545,10300,0,0799,0020,장수파크빌,,표제부,공동주택,다세대주택,234.7,139.87,472.95,20030711,5,0,서울특별시 금천구 시흥동 799-20번지
11545,10300,0,0799,0021,시흥우리빌,,표제부,공동주택,다세대주택,239.8,143.53,479.2,20210422,5,0,서울특별시 금천구 시흥동 799-21번지
11545,10300,0,0799,0024,현진하이츠,,표제부,공동주택,다세대주택,231.7,138.9,522.54,20061010,5,0,서울특별시 금천구 시흥동 799-24번지
11545,10300,0,0799,0027,,,일반건축물,단독주택,단독주택,124.4,61.95,184.14,19861025,2,1,서울특별시 금천구 시흥동 799-27번지
11545,10300,0,0799,0028,힐탑맨션,,표제부,공동주택,도시형생활주택(단지형다세대주택),221.9,129.44,443.05,20140422,5,0,서울특별시 금천구 시흥동 799-28번지
11545,10300,0,0799,0029,,,일반건축물,단독주택,"주택, 점포",0,106.12,237.03,19801211,2,1,서울특별시 금천구 시흥동 799-29번지
11545,10300,0,0799,0030,,,일반건축물,제2종근린생활시설,"제1,2종근린생활시설,단독주택",209.9,119.27,419.01,20151229,4,0,서울특별시 금천구 시흥동 799-30번지
11545,10300,0,0799,0031,,,일반건축물,단독주택,다가구용 단독주택(8가구),225.7,129,418.86,19960614,3,1,서울특별시 금천구 시흥동 799-31번지
11545,10300,0,0799,0032,,,일반건축물,단독주택,다가구용단독주택(5가구),117,69.5,190,19940208,3,0,서울특별시 금천구 시흥동 799-32번지
11545,10300,0,0799,0033,,,일반건축물,단독주택,"주택, 점포",0,64.79,131.24,19780116,2,1,서울특별시 금천구 시흥동 799-33번지
11545,10300,0,0799,0034,선경자이빌,,표제부,공동주택,"공동주택(다세대주택),제1종근린생활시설(소매점)",278.8,166.1,556.12,20140304,5,0,서울특별시 금천구 시흥동 799-34번지
11545,10300,0,0799,0035,황성영재어린이집,,일반건축물,노유자시설,노유자시설(어린이집),239.1,143.36,499.88,20131018,4,1,서울특별시 금천구 시흥동 799-35번지
11545,10300,0,0799,0036,,,일반건축물,제2종근린생활시설,"제1,2종근린생활시설",331.8,192.28,555.07,20030319,3,0,서울특별시 금천구 시흥동 799-36번지
11545,10300,0,0799,0037,,,일반건축물,단독주택,단독주택,124.4,61.38,185.85,19861025,2,1,서울특별시 금천구 시흥동 799-37번지
11545,10300,0,0799,0038,선경자이빌,,표제부,공동주택,"공동주택(다세대주택),제2종근린생활시설(사무소)",272,162.9,543.03,20140730,5,0,서울특별시 금천구 시흥동 799-38번지
11545,10300,0,0800,0000,,,일반건축물,단독주택,"주택, 점포",0,85.62,249.59,19781120,2,1,서울특별시 금천구 시흥동 800번지
11545,10300,0,0800,0003,아웃렛마트,,일반건축물,제1종근린생활시설,제1종근린생활시설,822.3,493.07,986.14,20121217,2,0,서울특별시 금천구 시흥동 800-3번지
11545,10300,0,0800,0006,,,일반건축물,단독주택,"주택, 점포",0,61.16,143.15,19791120,2,1,서울특별시 금천구 시흥동 800-6번지
11545,10300,0,0800,0009,,,일반건축물,단독주택,다가구주택,202.5,116.33,312.6,19980421,3,0,서울특별시 금천구 시흥동 800-9번지
11545,10300,0,0800,0010,태성빌,,표제부,공동주택,"공동주택,제2종근린생활시설",381.1,212.63,715.87,20121026,5,0,서울특별시 금천구 시흥동 800-10번지
11545,10300,0,0800,0013,라인빌,,일반건축물,단독주택,"단독주택,근린생활시설",133,79.15,265.41,20170714,5,0,서울특별시 금천구 시흥동 800-13번지
11545,10300,0,0800,0014,,,일반건축물,단독주택,주택,92.3,46.08,138.24,19930622,2,1,서울특별시 금천구 시흥동 800-14번지
11545,10300,0,0800,0015,,,일반건축물,단독주택,단독주택,119.2,59.55,178.65,19900704,2,1,서울특별시 금천구 시흥동 800-15번지
11545,10300,0,0800,0017,누리빌,,일반건축물,단독주택,"단독주택,제2종근린생활시설",192.5,112.48,383.42,20170718,5,0,서울특별시 금천구 시흥동 800-17번지
11545,10300,0,0800,0018,,,일반건축물,단독주택,"근린생활시설, 주택",202.4,130.42,283.19,19771107,2,1,서울특별시 금천구 시흥동 800-18번지
11545,10300,0,0800,0021,가온빌,,일반건축물,단독주택,"단독주택, 제1종 및 제2종 근린생활시설",148.2,88.77,296.04,20170717,5,0,서울특별시 금천구 시흥동 800-21번지
11545,10300,0,0800,0022,,,일반건축물,단독주택,"주택,근린생활시설",0,69,152.32,19831102,2,1,서울특별시 금천구 시흥동 800-22번지
11545,10300,0,0801,0000,,,표제부,공동주택,"다세대주택,제1종근린생활시설",172.8,102.82,391.54,20020719,4,0,서울특별시 금천구 시흥동 801번지
11545,10300,0,0801,0001,,,일반건축물,단독주택,"다가구주택,제2종근린생활시설",142.9,85.21,335.15,20200717,5,1,서울특별시 금천구 시흥동 801-1번지
11545,10300,0,0801,0002,서래하우스,,표제부,공동주택,도시형생활주택(단지형다세대),260,145.92,589.65,20160513,6,1,서울특별시 금천구 시흥동 801-2번지
11545,10300,0,0801,0003,가온빌리지,,표제부,공동주택,"공동주택,제1종근린생활시설(소매점)",305.5,158.35,692.89,20160711,6,1,서울특별시 금천구 시흥동 801-3번지
11545,10300,0,0801,0006,,,일반건축물,제2종근린생활시설,"근린생활시설, 다가구주택(2가구)",122.3,73.26,208.08,19950518,2,1,서울특별시 금천구 시흥동 801-6번지
11545,10300,0,0801,0007,,3,일반건축물,단독주택,주택,0,71.12,143.51,19780128,2,1,서울특별시 금천구 시흥동 801-7번지
11545,10300,0,0801,0009,,,일반건축물,단독주택,다가구주택(5가구),127.8,70.08,205.77,19930708,2,1,서울특별시 금천구 시흥동 801-9번지
11545,10300,0,0801,0010,,,일반건축물,단독주택,다가구주택(5가구),116,69.3,179.64,19950628,2,1,서울특별시 금천구 시흥동 801-10번지
11545,10300,0,0801,0011,,,일반건축물,단독주택,다가구용 단독주택(5가구),0,69.16,199.7,19920805,2,1,서울특별시 금천구 시흥동 801-11번지
11545,10300,0,0801,0013,,,일반건축물,단독주택,주택,0,69.75,156.36,19770917,2,1,서울특별시 금천구 시흥동 801-13번지
11545,10300,0,0801,0014,,,일반건축물,단독주택,"근린생활시설, 주택",0,92.4,492.67,19911216,4,1,서울특별시 금천구 시흥동 801-14번지
11545,10300,0,0801,0015,,,일반건축물,단독주택,다가구용 단독주택(5가구),220.3,93.78,274.74,19911129,2,1,서울특별시 금천구 시흥동 801-15번지
11545,10300,0,0801,0016,,,일반건축물,단독주택,다가구용 단독주택(8가구),201.6,117.86,290.4,19931102,2,1,서울특별시 금천구 시흥동 801-16번지
11545,10300,0,0801,0017,,,일반건축물,단독주택,주택,0,84.96,242.98,19810803,2,1,서울특별시 금천구 시흥동 801-17번지
11545,10300,0,0801,0018,,,일반건축물,단독주택,단독주택,134.88,66.96,200.88,19860207,2,1,서울특별시 금천구 시흥동 801-18번지
11545,10300,0,0801,0019,,,일반건축물,단독주택,주택,0,76.66,154.06,19770615,2,1,서울특별시 금천구 시흥동 801-19번지
11545,10300,0,0801,0020,,3,일반건축물,단독주택,단독주택,137.6,68.58,205.74,19870926,2,1,서울특별시 금천구 시흥동 801-20번지
11545,10300,0,0801,0021,,,일반건축물,단독주택,"근린생활시설, 주택,제1종근린생활시설(소매점)",139.4,82.16,281.15,19870917,3,1,서울특별시 금천구 시흥동 801-21번지
11545,10300,0,0801,0022,,,일반건축물,제1종근린생활시설,주택/미용원/제조업조,116.7,64.7,179.28,19840818,2,1,서울특별시 금천구 시흥동 801-22번지
11545,10300,0,0801,0023,,,일반건축물,단독주택,주택,0,68.4,97.99,19770704,2,1,서울특별시 금천구 시흥동 801-23번지
11545,10300,0,0801,0025,,,일반건축물,단독주택,주택,0,61.49,81.92,19770623,1,1,서울특별시 금천구 시흥동 801-25번지
11545,10300,0,0801,0026,,,일반건축물,단독주택,주택,0,58.31,82.21,19770602,2,1,서울특별시 금천구 시흥동 801-26번지
11545,10300,0,0801,0027,,,일반건축물,단독주택,"주택, 근린생활시설",128.2,63.15,198.45,19881227,2,1,서울특별시 금천구 시흥동 801-27번지
11545,10300,0,0801,0028,,,일반건축물,단독주택,"단독주택, 근린생활시설",149.7,83.02,159.34,19810225,2,1,서울특별시 금천구 시흥동 801-28번지
11545,10300,0,0802,0000,한국SGI 금천문화회관,,일반건축물,종교시설,종교시설,1213.5,622.38,2653.11,20081127,4,1,서울특별시 금천구 시흥동 802번지
11545,10300,0,0802,0004,,,일반건축물,단독주택,"다가구용 단독주택(3가구), 근린생활시설",129.4,77.56,298.34,19930708,3,1,서울특별시 금천구 시흥동 802-4번지
11545,10300,0,0802,0005,,,일반건축물,단독주택,다가구주택,160.7,95.58,361.62,20021224,4,0,서울특별시 금천구 시흥동 802-5번지
11545,10300,0,0802,0006,럭키드림하우스,,표제부,공동주택,"공동주택,제2종근린생활시설",170,98.7,331.34,20170501,5,0,서울특별시 금천구 시흥동 802-6번지
11545,10300,0,0802,0010,,,일반건축물,단독주택,주택,0,62.91,188.73,19840730,2,1,서울특별시 금천구 시흥동 802-10번지
11545,10300,0,0802,0011,,,일반건축물,단독주택,단독주택,137.6,68.4,205.2,19871104,2,1,서울특별시 금천구 시흥동 802-11번지
11545,10300,0,0802,0013,,,일반건축물,단독주택,다가구용 단독주택(4가구),123.3,73.91,209.34,19931113,2,1,서울특별시 금천구 시흥동 802-13번지
11545,10300,0,0802,0014,,,일반건축물,제1종근린생활시설,점포,0,56.53,113.06,19780727,2,0,서울특별시 금천구 시흥동 802-14번지
11545,10300,0,0802,0014,,,일반건축물,단독주택,주택,0,75.37,150.74,19781120,1,1,서울특별시 금천구 시흥동 802-14번지
11545,10300,0,0802,0015,,,일반건축물,단독주택,"다방, 사무실, 점포, 주택",0,137.52,538.52,19800609,3,1,서울특별시 금천구 시흥동 802-15번지
11545,10300,0,0802,0017,,,일반건축물,단독주택,"다가구용 단독주택(3가구), 근린생활시설",147,86.97,227.43,19930824,2,1,서울특별시 금천구 시흥동 802-17번지
11545,10300,0,0802,0018,,,일반건축물,단독주택,주택,0,61.2,183.6,19830812,2,1,서울특별시 금천구 시흥동 802-18번지
11545,10300,0,0802,0019,,,일반건축물,단독주택,주택,0,65.88,197.64,19830531,2,1,서울특별시 금천구 시흥동 802-19번지
11545,10300,0,0802,0020,비동,,일반건축물,단독주택,주택,0,64.44,193.32,19830608,2,1,서울특별시 금천구 시흥동 802-20번지
11545,10300,0,0802,0020,에이동,,일반건축물,단독주택,주택,0,64.44,193.32,19830608,2,1,서울특별시 금천구 시흥동 802-20번지
11545,10300,0,0802,0022,비동,,일반건축물,단독주택,주택,0,64.44,193.32,19830608,2,1,서울특별시 금천구 시흥동 802-22번지
11545,10300,0,0802,0022,에이동,,일반건축물,단독주택,주택,0,64.44,193.32,19830608,2,1,서울특별시 금천구 시흥동 802-22번지
11545,10300,0,0802,0024,,,일반건축물,단독주택,"다가구용 단독주택(3가구), 근린생활시설",143.8,86.09,227.43,19930910,2,1,서울특별시 금천구 시흥동 802-24번지
11545,10300,0,0802,0026,,,일반건축물,제2종근린생활시설,"(제1,2종)근린생활시설, 사무실,주택",246.8,122.94,491.76,19880625,3,1,서울특별시 금천구 시흥동 802-26번지
11545,10300,0,0802,0027,덕산빌딩,,일반건축물,제2종근린생활시설,"제1종.제2종근린생활시설,다가구주택",631.5,377.88,2394.62,20031223,6,1,서울특별시 금천구 시흥동 802-27번지
11545,10300,0,0802,0028,,,일반건축물,단독주택,주택,0,67.14,201.42,19831007,2,1,서울특별시 금천구 시흥동 802-28번지
11545,10300,0,0802,0029,,,일반건축물,단독주택,주택,0,70.8,212.4,19830831,2,1,서울특별시 금천구 시흥동 802-29번지
11545,10300,0,0802,0031,,,일반건축물,제1종근린생활시설,"목욕탕, 주택",0,134.4,430.39,19831217,3,1,서울특별시 금천구 시흥동 802-31번지
11545,10300,0,0802,0032,,,일반건축물,제1종근린생활시설,"(제1,2종)근린생활시설",0,99.76,433.62,19831116,3,1,서울특별시 금천구 시흥동 802-32번지
11545,10300,0,0802,0034,시흥새마을금고,,일반건축물,제2종근린생활시설,제2종근린생활시설,388,229.05,607.45,20070423,3,0,서울특별시 금천구 시흥동 802-34번지
11545,10300,0,0802,0035,,,일반건축물,제2종근린생활시설,근린생활시설,155,77.25,322.25,19890922,3,1,서울특별시 금천구 시흥동 802-35번지
11545,10300,0,0802,0036,,,일반건축물,단독주택,"주택,제1,2종근린생활시설",0,83.97,186.45,19800805,2,1,서울특별시 금천구 시흥동 802-36번지
11545,10300,0,0802,0037,,,일반건축물,단독주택,"주택, 점포",0,86.68,176.6,19740304,2,1,서울특별시 금천구 시흥동 802-37번지
11545,10300,0,0802,0038,,,일반건축물,제2종근린생활시설,점포,0,65.12,195.36,19780311,2,1,서울특별시 금천구 시흥동 802-38번지
11545,10300,0,0802,0038,,,일반건축물,제1종근린생활시설,점포,0,10.26,10.26,19780311,1,0,서울특별시 금천구 시흥동 802-38번지
11545,10300,0,0803,0000,,,일반건축물,단독주택,"주택, 점포,제2종근린생활시설",0,130.91,283.97,19800913,2,1,서울특별시 금천구 시흥동 803번지
11545,10300,0,0803,0001,주건축물제1동,,일반건축물,단독주택,"다가구주택,제1종근린생활시설",168.1,99.64,324.17,20090109,4,0,서울특별시 금천구 시흥동 803-1번지
11545,10300,0,0803,0002,,,일반건축물,제2종근린생활시설,"제1,2종근린생활시설",175.5,92.73,168.39,19870528,2,0,서울특별시 금천구 시흥동 803-2번지
11545,10300,0,0803,0003,136빌딩,,표제부,제2종근린생활시설,(제2종)근린생활시설,600.8,272.18,1360.9,19870128,4,1,서울특별시 금천구 시흥동 803-3번지
11545,10300,0,0803,0004,,,일반건축물,단독주택,단독주택,135.2,65.34,196.02,19861205,2,1,서울특별시 금천구 시흥동 803-4번지
11545,10300,0,0803,0005,,,일반건축물,단독주택,단독주택,102.9,51.42,154.26,19890612,2,1,서울특별시 금천구 시흥동 803-5번지
11545,10300,0,0803,0006,,,일반건축물,단독주택,단독주택,98.9,49.32,147.96,19860319,2,1,서울특별시 금천구 시흥동 803-6번지
11545,10300,0,0803,0017,,,일반건축물,업무시설,"업무시설, 제2종근린생활시설",990.1,426.11,1605.44,19871215,3,1,서울특별시 금천구 시흥동 803-17번지
11545,10300,0,0803,0019,천주교 서울대교구 시흥4동 성당,,일반건축물,교육연구시설,"교육연구시설,종교시설",0,247.4,1446.4,20170904,4,1,서울특별시 금천구 시흥동 803-19번지
11545,10300,0,0803,0019,천주교 서울대교구 시흥4동 성당,,일반건축물,교육연구시설,교육연구시설(창고),0,16.67,16.67,20170904,1,0,서울특별시 금천구 시흥동 803-19번지
11545,10300,0,0803,0019,천주교 서울대교구 시흥4동 성당,,일반건축물,종교시설,"종교시설,문화및집회시설",0,454.17,559.17,19971115,1,1,서울특별시 금천구 시흥동 803-19번지
11545,10300,0,0803,0019,천주교 서울대교구 시흥4동 성당,,일반건축물,교육연구시설,교육연구시설(창고),0,16.67,16.67,20170904,1,0,서울특별시 금천구 시흥동 803-19번지
11545,10300,0,0803,0020,금천빌딩,,표제부,제1종근린생활시설,근린생활시설,427.4,186.2,1299.18,19870529,7,1,서울특별시 금천구 시흥동 803-20번지
11545,10300,0,0804,0000,,,일반건축물,제2종근린생활시설,"(제1,2종)근린생활시설, 주택",130.5,78.26,287.92,19850906,3,1,서울특별시 금천구 시흥동 804번지
11545,10300,0,0804,0001,스타힐스,,표제부,공동주택,공동주택,0,174.75,572.3,20211101,5,0,서울특별시 금천구 시흥동 804-1번지
11545,10300,0,0804,0001,스타힐스,,표제부,공동주택,공동주택,0,164.16,566.56,20211101,5,0,서울특별시 금천구 시흥동 804-1번지
11545,10300,0,0804,0003,,,일반건축물,제1종근린생활시설,"근린생활시설, 주택",161.1,80.1,320.4,19850827,3,1,서울특별시 금천구 시흥동 804-3번지
11545,10300,0,0804,0004,,,일반건축물,단독주택,단독주택,145.6,71.71,215.13,19880819,2,1,서울특별시 금천구 시흥동 804-4번지
11545,10300,0,0804,0007,,,일반건축물,제1종근린생활시설,"근린생활시설, 주택",166.2,82.62,276.21,19850823,3,1,서울특별시 금천구 시흥동 804-7번지
11545,10300,0,0804,0008,,,일반건축물,단독주택,단독주택,166.5,82.33,246.99,19871111,2,1,서울특별시 금천구 시흥동 804-8번지
11545,10300,0,0804,0009,,,일반건축물,단독주택,"근린생활시설, 주택",139,68.7,151.4,19850722,2,1,서울특별시 금천구 시흥동 804-9번지
11545,10300,0,0804,0010,,,일반건축물,단독주택,"근린생활시설, 주택",121.3,60.36,181.08,19881213,2,1,서울특별시 금천구 시흥동 804-10번지
11545,10300,0,0804,0011,,,일반건축물,단독주택,다가구용 단독주택(5가구),128.6,67.57,198.87,19911107,2,1,서울특별시 금천구 시흥동 804-11번지
11545,10300,0,0804,0013,,,일반건축물,단독주택,단독주택,125.1,68.15,167.18,19850724,2,1,서울특별시 금천구 시흥동 804-13번지
11545,10300,0,0804,0014,,,일반건축물,단독주택,다가구용 단독주택(5가구),128.3,66.6,199.8,19911107,2,1,서울특별시 금천구 시흥동 804-14번지
11545,10300,0,0804,0015,,,일반건축물,단독주택,다가구용 단독주택(4가구),175.7,84.58,247.44,19901108,2,1,서울특별시 금천구 시흥동 804-15번지
11545,10300,0,0804,0016,,,일반건축물,단독주택,단독주택,141.3,70.56,211.68,19900714,2,1,서울특별시 금천구 시흥동 804-16번지
11545,10300,0,0804,0018,스타힐스,,표제부,공동주택,공동주택,331.5,198.54,653.76,20210126,5,0,서울특별시 금천구 시흥동 804-18번지
11545,10300,0,0804,0020,,,일반건축물,단독주택,단독주택,0,82.38,247.14,19920413,2,1,서울특별시 금천구 시흥동 804-20번지
11545,10300,0,0804,0021,,,일반건축물,단독주택,주택,0,69.84,209.52,19880701,2,1,서울특별시 금천구 시흥동 804-21번지
11545,10300,0,0804,0022,,,일반건축물,단독주택,주택,0,81.36,242.64,19830819,2,1,서울특별시 금천구 시흥동 804-22번지
11545,10300,0,0804,0023,,,일반건축물,단독주택,단독주택,168.14,76.38,227.04,19851115,2,1,서울특별시 금천구 시흥동 804-23번지
11545,10300,0,0804,0024,금강파크빌,,표제부,공동주택,"공동주택, 제2종근린생활시설",192,114.48,383.79,20170629,5,0,서울특별시 금천구 시흥동 804-24번지
11545,10300,0,0804,0025,,.,일반건축물,단독주택,단독주택,174.6,82.23,245.13,19871207,2,1,서울특별시 금천구 시흥동 804-25번지
11545,10300,0,0804,0027,,,일반건축물,단독주택,주택,161.2,79.83,239.49,19840503,2,1,서울특별시 금천구 시흥동 804-27번지
11545,10300,0,0804,0028,,,일반건축물,단독주택,단독주택,103,50.76,152.28,19860506,2,1,서울특별시 금천구 시흥동 804-28번지
11545,10300,0,0804,0029,,,일반건축물,단독주택,단독주택,103.7,50.76,152.28,19860528,2,1,서울특별시 금천구 시흥동 804-29번지
11545,10300,0,0804,0030,,,일반건축물,단독주택,단독주택,96.3,48.06,144.18,19870822,2,1,서울특별시 금천구 시흥동 804-30번지
11545,10300,0,0804,0031,,,일반건축물,단독주택,"주택, 점포",0,77.16,150.08,19770512,2,1,서울특별시 금천구 시흥동 804-31번지
11545,10300,0,0804,0032,,,일반건축물,단독주택,단독주택,148.3,72.72,218.16,19860324,2,1,서울특별시 금천구 시흥동 804-32번지
11545,10300,0,0804,0034,,.,일반건축물,단독주택,단독주택,118.5,58.32,174.96,19861206,2,1,서울특별시 금천구 시흥동 804-34번지
11545,10300,0,0804,0035,,,일반건축물,단독주택,단독주택,101.4,50.52,151.56,19900627,2,1,서울특별시 금천구 시흥동 804-35번지
11545,10300,0,0804,0036,,,일반건축물,단독주택,다가구용 단독주택(4가구),172.1,83.16,249.48,19901129,2,1,서울특별시 금천구 시흥동 804-36번지
11545,10300,0,0804,0037,시흥4동 성당 데이케어센터,,일반건축물,노유자시설,노유자시설,290.6,174.3,522.9,20110128,3,0,서울특별시 금천구 시흥동 804-37번지
11545,10300,0,0804,0039,,,일반건축물,단독주택,다가구용 단독주택(5가구),117.6,61.07,183.21,19910805,2,1,서울특별시 금천구 시흥동 804-39번지
11545,10300,0,0804,0041,,,일반건축물,단독주택,다가구용 단독주택(5가구),101.8,54.54,163.62,19910720,2,1,서울특별시 금천구 시흥동 804-41번지
11545,10300,0,0804,0042,,,일반건축물,단독주택,다가구용 단독주택(5가구),121,66.48,199.44,19911231,2,1,서울특별시 금천구 시흥동 804-42번지
11545,10300,0,0804,0043,,,일반건축물,단독주택,단독주택,113.3,56.04,168.12,19880616,2,1,서울특별시 금천구 시흥동 804-43번지
11545,10300,0,0804,0044,,,일반건축물,단독주택,"근린생활시설, 주택",198.2,118.02,387.75,19860207,3,1,서울특별시 금천구 시흥동 804-44번지
11545,10300,0,0805,0000,,,일반건축물,제1종근린생활시설,"제1종근린생활시설,주택",154,87,165.55,19761227,2,1,서울특별시 금천구 시흥동 805번지
11545,10300,0,0805,0001,금강캐슬에이동,,표제부,공동주택,"공동주택,근린생활시설",235.8,140.65,470.99,20170613,5,0,서울특별시 금천구 시흥동 805-1번지
11545,10300,0,0805,0002,금강캐슬비동,,표제부,공동주택,"공동주택,근린생활시설",249.8,146.38,499.16,20170613,5,0,서울특별시 금천구 시흥동 805-2번지
11545,10300,0,0805,0005,,,일반건축물,단독주택,단독주택,138.1,69.03,207.09,19900703,2,1,서울특별시 금천구 시흥동 805-5번지
11545,10300,0,0805,0006,,,일반건축물,단독주택,다가구주택(6가구),131.4,70.59,200.7,19900814,2,1,서울특별시 금천구 시흥동 805-6번지
11545,10300,0,0805,0007,,,일반건축물,단독주택,단독주택,135.8,67.54,201.96,19870706,2,1,서울특별시 금천구 시흥동 805-7번지
11545,10300,0,0805,0008,네이처빌,,표제부,공동주택,공동주택(다세대주택),321.5,192.53,641.26,20210809,5,0,서울특별시 금천구 시흥동 805-8번지
11545,10300,0,0805,0010,,,표제부,공동주택,공동주택(다세대주택),181.66,92.69,266.13,20020126,3,0,서울특별시 금천구 시흥동 805-10번지
11545,10300,0,0805,0012,,,일반건축물,단독주택,단독주택,105.1,52.11,156.33,19850911,2,1,서울특별시 금천구 시흥동 805-12번지
11545,10300,0,0805,0013,,,일반건축물,단독주택,주택,0,49.74,149.22,19890504,2,1,서울특별시 금천구 시흥동 805-13번지
11545,10300,0,0805,0014,,,일반건축물,단독주택,주택,0,58.68,62.02,19741104,1,1,서울특별시 금천구 시흥동 805-14번지
11545,10300,0,0805,0016,,,일반건축물,단독주택,단독주택,94,44.11,132.33,19900627,2,1,서울특별시 금천구 시흥동 805-16번지
11545,10300,0,0805,0017,,,일반건축물,단독주택,단독주택,98.8,49.29,147.89,19901106,2,1,서울특별시 금천구 시흥동 805-17번지
11545,10300,0,0805,0018,,,일반건축물,단독주택,단독주택,109.6,54.58,163.74,19900710,2,1,서울특별시 금천구 시흥동 805-18번지
11545,10300,0,0805,0019,,,일반건축물,단독주택,단독주택,100.6,50.28,150.84,19900803,2,1,서울특별시 금천구 시흥동 805-19번지
11545,10300,0,0805,0020,,,일반건축물,단독주택,주택,0,78.41,153.26,19750904,2,1,서울특별시 금천구 시흥동 805-20번지
11545,10300,0,0805,0021,,,일반건축물,단독주택,다가구주택(6가구),143.8,96.42,242.08,19880623,3,1,서울특별시 금천구 시흥동 805-21번지
11545,10300,0,0805,0022,,,일반건축물,단독주택,단독주택,159.5,79.2,237.6,19850911,2,1,서울특별시 금천구 시흥동 805-22번지
11545,10300,0,0805,0023,,,일반건축물,단독주택,단독주택,126.7,63.34,190.02,19900620,2,1,서울특별시 금천구 시흥동 805-23번지
11545,10300,0,0805,0024,,,일반건축물,단독주택,단독주택,118.3,58.95,176.85,19900613,2,1,서울특별시 금천구 시흥동 805-24번지
11545,10300,0,0805,0025,시흥동근린생활민주택신축공사,,일반건축물,제2종근린생활시설,"근린생활시설, 주택",155.7,84.35,246.39,19961207,2,1,서울특별시 금천구 시흥동 805-25번지
11545,10300,0,0805,0026,,,일반건축물,단독주택,다가구주택(5가구),139.6,69.57,208.71,19901122,2,1,서울특별시 금천구 시흥동 805-26번지
11545,10300,0,0805,0027,,,일반건축물,단독주택,다가구용 단독주택(5가구),136.8,68.04,204.12,19900114,2,1,서울특별시 금천구 시흥동 805-27번지
11545,10300,0,0805,0028,,,일반건축물,단독주택,다가구용 단독주택(5가구),135.8,67.68,203.04,19901123,2,1,서울특별시 금천구 시흥동 805-28번지
11545,10300,0,0805,0029,,,일반건축물,단독주택,다가구용 단독주택(5가구),136.1,68.04,204.12,19910523,2,1,서울특별시 금천구 시흥동 805-29번지
11545,10300,0,0805,0030,,,일반건축물,단독주택,주택,133.2,66.51,204.03,19880826,2,1,서울특별시 금천구 시흥동 805-30번지
11545,10300,0,0805,0031,,,일반건축물,단독주택,주택,0,77.06,168.57,19760921,2,1,서울특별시 금천구 시흥동 805-31번지
11545,10300,0,0805,0032,,,일반건축물,단독주택,"주택, 점포",0,89.53,175.48,19761020,2,1,서울특별시 금천구 시흥동 805-32번지
11545,10300,0,0805,0033,,,일반건축물,제1종근린생활시설,"근린생활시설, 주택",118.5,67.93,134.67,19770205,2,1,서울특별시 금천구 시흥동 805-33번지
11545,10300,0,0805,0034,,,일반건축물,제2종근린생활시설,"제2종근린생활시설,주택",0,59.66,178.98,19870616,2,1,서울특별시 금천구 시흥동 805-34번지
11545,10300,0,0805,0035,,,일반건축물,단독주택,"주택, 점포, 제1종근린생활시설",133.1,73.72,168.26,19780830,2,1,서울특별시 금천구 시흥동 805-35번지
11545,10300,0,0805,0036,,,일반건축물,단독주택,주택,0,70.2,210.6,19830622,2,1,서울특별시 금천구 시흥동 805-36번지
11545,10300,0,0805,0037,,,일반건축물,단독주택,단독주택,119.8,58.71,176.13,19860716,2,1,서울특별시 금천구 시흥동 805-37번지
11545,10300,0,0805,0038,,,일반건축물,단독주택,단독주택,111.7,55.6,165,19860716,2,1,서울특별시 금천구 시흥동 805-38번지
11545,10300,0,0805,0040,,,일반건축물,단독주택,단독주택,120.6,60,180,19900731,2,1,서울특별시 금천구 시흥동 805-40번지
11545,10300,0,0805,0041,,,일반건축물,단독주택,다가구용 단독주택(5가구),125.9,62.9,188.7,19900915,2,1,서울특별시 금천구 시흥동 805-41번지
11545,10300,0,0805,0042,,,일반건축물,단독주택,단독주택,149.9,74.94,224.82,19880713,2,1,서울특별시 금천구 시흥동 805-42번지
11545,10300,0,0805,0043,,,일반건축물,단독주택,단독주택,155.4,82.14,246.42,19901231,2,1,서울특별시 금천구 시흥동 805-43번지
11545,10300,0,0805,0044,,,일반건축물,단독주택,다가구용 단독주택(5가구),125.6,69.57,199.26,19910308,2,1,서울특별시 금천구 시흥동 805-44번지
11545,10300,0,0805,0045,,,일반건축물,단독주택,다가구용 단독주택(5가구),117.5,58.62,175.86,19921123,2,1,서울특별시 금천구 시흥동 805-45번지
11545,10300,0,0805,0048,,,일반건축물,단독주택,다가구용 단독주택(5가구),123.2,68.38,199.8,19910621,2,1,서울특별시 금천구 시흥동 805-48번지
11545,10300,0,0805,0049,,,일반건축물,단독주택,다가구용 단독주택(5가구),124.7,65.88,197.64,19910227,2,1,서울특별시 금천구 시흥동 805-49번지
11545,10300,0,0805,0050,,,일반건축물,단독주택,주택,0,43.64,95.21,19781026,2,1,서울특별시 금천구 시흥동 805-50번지
11545,10300,0,0805,0051,,,일반건축물,단독주택,단독주택,94.4,46.95,140.85,19900413,2,1,서울특별시 금천구 시흥동 805-51번지
11545,10300,0,0805,0053,,,일반건축물,단독주택,"다가구주택,근린생활시설",228.5,136.6,463.23,20120718,4,0,서울특별시 금천구 시흥동 805-53번지
11545,10300,0,0806,0000,월드메르디앙아파트,,표제부,공동주택,"지하주차장,기계실,전기실,펌프실,휀룸",0,0,4939.29,20060103,0,1,서울특별시 금천구 시흥동 806번지
11545,10300,0,0806,0000,월드메르디앙아파트,,표제부,공동주택,아파트,0,761.74,8042.07,20060103,15,0,서울특별시 금천구 시흥동 806번지
11545,10300,0,0806,0000,월드메르디앙아파트,,표제부,공동주택,"경로당,관리소,엠디에프실",0,52.2,104.4,20060103,2,0,서울특별시 금천구 시흥동 806번지
11545,10300,0,0806,0000,월드메르디앙아파트,,표제부,공동주택,경비실,0,12.6,12.6,20060103,1,0,서울특별시 금천구 시흥동 806번지
11545,10300,0,0806,0000,월드메르디앙아파트,,표제부,공동주택,아파트,0,916.08,15252.53,20060103,15,0,서울특별시 금천구 시흥동 806번지
11545,10300,0,0806,0000,월드메르디앙아파트,,표제부,공동주택,경비실,0,12.6,12.6,20060103,1,0,서울특별시 금천구 시흥동 806번지
11545,10300,0,0806,0003,,,일반건축물,단독주택,주택,0,74.95,176.43,19810930,2,1,서울특별시 금천구 시흥동 806-3번지
11545,10300,0,0806,0004,,,일반건축물,단독주택,주택,0,42.64,82.31,19791218,2,1,서울특별시 금천구 시흥동 806-4번지
11545,10300,0,0806,0005,,,일반건축물,단독주택,단독주택,138.3,69.08,207.24,19870820,2,1,서울특별시 금천구 시흥동 806-5번지
11545,10300,0,0806,0006,,,일반건축물,단독주택,단독주택,139.9,69.72,209.16,19850907,2,1,서울특별시 금천구 시흥동 806-6번지
11545,10300,0,0806,0007,,,일반건축물,단독주택,주택,0,85.84,249.82,19840314,2,1,서울특별시 금천구 시흥동 806-7번지
11545,10300,0,0806,0008,,,일반건축물,단독주택,다가구주택(2가구),184.3,102.83,189.45,19780510,2,0,서울특별시 금천구 시흥동 806-8번지
11545,10300,0,0806,0009,,,일반건축물,단독주택,단독주택,154.9,76.2,228.6,19890328,2,1,서울특별시 금천구 시흥동 806-9번지
11545,10300,0,0806,0012,,,일반건축물,단독주택,주택,124,70.3,135.88,19780721,2,1,서울특별시 금천구 시흥동 806-12번지
11545,10300,0,0806,0015,,,일반건축물,단독주택,"주택, 점포",0,66.18,130.74,19760524,2,1,서울특별시 금천구 시흥동 806-15번지
11545,10300,0,0806,0016,,,표제부,공동주택,다세대주택,236,119.1,357.3,19901116,2,1,서울특별시 금천구 시흥동 806-16번지
11545,10300,0,0806,0018,,,일반건축물,단독주택,단독주택(다가구주택),170.4,101.97,309.45,20130321,4,0,서울특별시 금천구 시흥동 806-18번지
11545,10300,0,0806,0019,,,일반건축물,단독주택,다가구용 단독주택(5가구),115.2,67.32,178.24,19940725,2,1,서울특별시 금천구 시흥동 806-19번지
11545,10300,0,0806,0020,,,일반건축물,단독주택,주택,0,62.81,248.43,19820610,2,1,서울특별시 금천구 시흥동 806-20번지
11545,10300,0,0806,0022,,,일반건축물,단독주택,단독주택,0,70.56,211.68,19920723,2,1,서울특별시 금천구 시흥동 806-22번지
11545,10300,0,0806,0024,,,일반건축물,단독주택,주택,0,58.18,129.91,19820202,2,1,서울특별시 금천구 시흥동 806-24번지
11545,10300,0,0806,0025,,,일반건축물,단독주택,주택,0,72.73,214.22,19821129,2,1,서울특별시 금천구 시흥동 806-25번지
11545,10300,0,0806,0026,,,일반건축물,단독주택,주택,0,66.19,198.57,19880608,2,1,서울특별시 금천구 시흥동 806-26번지
11545,10300,0,0806,0027,,,일반건축물,단독주택,단독주택,205.3,89.76,248.67,19870514,2,1,서울특별시 금천구 시흥동 806-27번지
11545,10300,0,0806,0031,,,일반건축물,단독주택,단독주택,138.4,67.26,201.78,19870822,2,1,서울특별시 금천구 시흥동 806-31번지
11545,10300,0,0807,0000,구립도담어린이집,,일반건축물,노유자시설,노유자시설(어린이집),373.6,216.68,397.81,20140705,2,0,서울특별시 금천구 시흥동 807번지
11545,10300,0,0807,0006,,,일반건축물,단독주택,다가구용단독주택(2가구),336.15,124.42,181.64,19941022,2,0,서울특별시 금천구 시흥동 807-6번지
11545,10300,0,0807,0008,,,일반건축물,단독주택,단독주택,125.5,61.38,184.14,19891017,2,1,서울특별시 금천구 시흥동 807-8번지
11545,10300,0,0807,0011,동도그린빌리지,,표제부,공동주택,연립주택(19세대),634.6,297.84,1356.02,19950725,4,1,서울특별시 금천구 시흥동 807-11번지
11545,10300,0,0807,0012,동도그린빌리지,,표제부,공동주택,연립주택,826.2,424.53,1918.15,19950711,4,1,서울특별시 금천구 시흥동 807-12번지
11545,10300,0,0807,0013,동도그린빌리지,,표제부,공동주택,연립주택(18세대),793.4,391.62,1794.86,19950725,4,1,서울특별시 금천구 시흥동 807-13번지
11545,10300,0,0807,0014,동도그린빌리지,,표제부,공동주택,연립주택,604.2,361.39,1668.11,19950711,4,1,서울특별시 금천구 시흥동 807-14번지
11545,10300,0,0807,0015,,,일반건축물,단독주택,다가구주택(3가구),154.4,84.28,233.28,19951108,2,1,서울특별시 금천구 시흥동 807-15번지
11545,10300,0,0808,0000,,,일반건축물,단독주택,"다가구주택, 근린생활시설",124,72.58,256.13,20010904,4,0,서울특별시 금천구 시흥동 808번지
11545,10300,0,0808,0001,,,일반건축물,단독주택,다가구주택(5가구),133.9,69.39,208.17,19920227,2,1,서울특별시 금천구 시흥동 808-1번지
11545,10300,0,0808,0002,,,표제부,공동주택,다세대주택(3세대),161.2,77.82,221.76,19910920,2,1,서울특별시 금천구 시흥동 808-2번지
11545,10300,0,0808,0003,,,일반건축물,단독주택,다가구주택(7가구),161.5,90.54,249.84,19910914,2,1,서울특별시 금천구 시흥동 808-3번지
11545,10300,0,0808,0008,,,일반건축물,단독주택,주택,0,88.26,104.46,19770822,1,1,서울특별시 금천구 시흥동 808-8번지
11545,10300,0,0808,0009,,,일반건축물,단독주택,다가구용단독주택(7가구),160.2,86.47,248.94,19910914,2,1,서울특별시 금천구 시흥동 808-9번지
11545,10300,0,0808,0010,,,일반건축물,단독주택,다가구용단독주택(6가구),168,83.1,249.3,19910627,2,1,서울특별시 금천구 시흥동 808-10번지
11545,10300,0,0808,0011,,,일반건축물,단독주택,다가구용단독주택(4가구),173.8,86.55,245.61,19910320,2,1,서울특별시 금천구 시흥동 808-11번지
11545,10300,0,0808,0012,,,일반건축물,단독주택,"근린생활시설, 다가구용  단독주택(5가구)",0,87.2,323.46,19920824,3,1,서울특별시 금천구 시흥동 808-12번지
11545,10300,0,0808,0013,,,일반건축물,단독주택,다가구용단독주택(4가구),135.8,81.36,233.64,19910719,2,1,서울특별시 금천구 시흥동 808-13번지
11545,10300,0,0808,0014,,,일반건축물,단독주택,다가구주택,148.1,87.95,233.54,20080115,3,0,서울특별시 금천구 시흥동 808-14번지
11545,10300,0,0808,0019,,,일반건축물,단독주택,다가구용 단독주택(5가구),144.8,84.04,249.84,19910613,2,1,서울특별시 금천구 시흥동 808-19번지
11545,10300,0,0808,0020,,,일반건축물,단독주택,단독주택,146.1,79,148.42,19781027,2,1,서울특별시 금천구 시흥동 808-20번지
11545,10300,0,0808,0021,,,일반건축물,단독주택,단독주택,247.8,114.29,327.15,19900830,2,1,서울특별시 금천구 시흥동 808-21번지
11545,10300,0,0808,0022,,,일반건축물,단독주택,다가구용 단독주택(5가구),171.8,89.73,249.66,19910918,2,1,서울특별시 금천구 시흥동 808-22번지
11545,10300,0,0808,0023,,,일반건축물,단독주택,다가구용 단독주택(3가구),141.5,66.27,198.81,19940502,2,1,서울특별시 금천구 시흥동 808-23번지
11545,10300,0,0809,0000,,,일반건축물,단독주택,"근린생활시설, 주택",245.6,130.17,360.72,19880718,3,1,서울특별시 금천구 시흥동 809번지
11545,10300,0,0809,0001,유토포레,,일반건축물,단독주택,단독주택,107.3,62.3,159.84,20211217,4,0,서울특별시 금천구 시흥동 809-1번지
11545,10300,0,0809,0002,,,일반건축물,단독주택,다가구용 단독주택(6가구),129.6,56.94,168.42,19910821,2,1,서울특별시 금천구 시흥동 809-2번지
11545,10300,0,0809,0003,,,일반건축물,단독주택,주택,0,78.35,188.76,19791228,2,1,서울특별시 금천구 시흥동 809-3번지
11545,10300,0,0809,0004,,,일반건축물,단독주택,다가구용 단독주택(5가구),164.1,86.77,249.21,19910713,2,1,서울특별시 금천구 시흥동 809-4번지
11545,10300,0,0809,0005,,,일반건축물,단독주택,단독주택,162.3,80.55,241.65,19881102,2,1,서울특별시 금천구 시흥동 809-5번지
11545,10300,0,0809,0006,,,일반건축물,단독주택,단독주택,112.3,56.11,168.33,19881208,2,1,서울특별시 금천구 시흥동 809-6번지
11545,10300,0,0809,0007,,,일반건축물,단독주택,"주택, 변소, 점포, 제1종근린생활시설",0,49.65,95.99,19741101,2,0,서울특별시 금천구 시흥동 809-7번지
11545,10300,0,0809,0008,,,일반건축물,단독주택,단독주택,136.1,67.65,202.95,19850712,2,1,서울특별시 금천구 시흥동 809-8번지
11545,10300,0,0809,0009,,,일반건축물,단독주택,주택,125.9,59.75,179.25,19880507,2,1,서울특별시 금천구 시흥동 809-9번지
11545,10300,0,0809,0010,,,일반건축물,단독주택,단독주택,133.16,66.17,191.76,19870708,2,1,서울특별시 금천구 시흥동 809-10번지
11545,10300,0,0809,0011,,,일반건축물,단독주택,주택,0,71.88,215.64,19830124,2,1,서울특별시 금천구 시흥동 809-11번지
11545,10300,0,0809,0012,,,일반건축물,단독주택,주택,162.65,80.65,241.95,19880824,2,1,서울특별시 금천구 시흥동 809-12번지
11545,10300,0,0810,0000,,,일반건축물,단독주택,단독주택,135.3,67.63,201.99,19851028,2,1,서울특별시 금천구 시흥동 810번지
11545,10300,0,0810,0001,,,일반건축물,제2종근린생활시설,"단독주택, 제2종근린생활시설",106.4,53.04,159.12,19881206,2,1,서울특별시 금천구 시흥동 810-1번지
11545,10300,0,0810,0002,,,일반건축물,단독주택,주택,112.1,55.8,167.4,19880826,2,1,서울특별시 금천구 시흥동 810-2번지
11545,10300,0,0810,0003,,,일반건축물,단독주택,단독주택,135.7,67.58,206.58,19881226,2,1,서울특별시 금천구 시흥동 810-3번지
11545,10300,0,0810,0004,,,일반건축물,단독주택,단독주택,123,61.23,183.69,19880614,2,1,서울특별시 금천구 시흥동 810-4번지
11545,10300,0,0810,0005,,,일반건축물,단독주택,다가구용 단독주택(5가구),107.9,61.95,181.35,19910726,2,1,서울특별시 금천구 시흥동 810-5번지
11545,10300,0,0810,0006,,,일반건축물,단독주택,다가구용 단독주택(5가구),109.9,61.54,182.37,19910422,2,1,서울특별시 금천구 시흥동 810-6번지
11545,10300,0,0810,0007,,,일반건축물,단독주택,주택,0,57.27,171.27,19880624,2,1,서울특별시 금천구 시흥동 810-7번지
11545,10300,0,0810,0009,,,일반건축물,단독주택,다가구용 단독주택(5가구),130.3,74.07,219.33,19910219,2,1,서울특별시 금천구 시흥동 810-9번지
11545,10300,0,0810,0010,,,일반건축물,단독주택,다가구용 단독주택(5가구),137,73.26,216.9,19910219,2,1,서울특별시 금천구 시흥동 810-10번지
11545,10300,0,0810,0012,라인파크빌 에이동,,표제부,공동주택,다세대주택,307.1,184.04,613.87,20131016,5,0,서울특별시 금천구 시흥동 810-12번지
11545,10300,0,0810,0015,,,일반건축물,단독주택,단독주택,174.1,82.41,247.23,19900925,2,1,서울특별시 금천구 시흥동 810-15번지
11545,10300,0,0810,0016,,,일반건축물,단독주택,단독주택,156.4,76.98,230.94,19870513,2,1,서울특별시 금천구 시흥동 810-16번지
11545,10300,0,0810,0018,라인파크빌 비동,,표제부,공동주택,공동주택(다세대주택),354.8,209.1,659.56,20131016,5,0,서울특별시 금천구 시흥동 810-18번지
11545,10300,0,0810,0019,,,일반건축물,단독주택,단독주택,171.5,82.47,247.41,19890612,2,1,서울특별시 금천구 시흥동 810-19번지
11545,10300,0,0810,0020,,,일반건축물,단독주택,단독주택,186.2,82.41,247.23,19900928,2,1,서울특별시 금천구 시흥동 810-20번지
11545,10300,0,0810,0021,,,일반건축물,단독주택,다가구용 단독주택(5가구),174.3,94.6,264.3,19931203,2,1,서울특별시 금천구 시흥동 810-21번지
11545,10300,0,0810,0022,,,일반건축물,단독주택,단독주택,165.1,81.54,244.62,19910321,2,1,서울특별시 금천구 시흥동 810-22번지
11545,10300,0,0810,0023,,,일반건축물,단독주택,단독주택,161.6,80.79,242.37,19881017,2,1,서울특별시 금천구 시흥동 810-23번지
11545,10300,0,0810,0024,,,일반건축물,단독주택,다가구용 단독주택(5가구),160.5,90.3,287.58,19931203,3,1,서울특별시 금천구 시흥동 810-24번지
11545,10300,0,0810,0025,,,일반건축물,단독주택,단독주택,163.5,81.55,243.45,19891027,2,1,서울특별시 금천구 시흥동 810-25번지
11545,10300,0,0810,0026,,,일반건축물,단독주택,단독주택,166.8,77.58,238.14,19851210,2,1,서울특별시 금천구 시흥동 810-26번지
11545,10300,0,0810,0027,,,일반건축물,단독주택,주택,0,82.31,246.93,19821215,2,1,서울특별시 금천구 시흥동 810-27번지
11545,10300,0,0810,0028,,,일반건축물,단독주택,단독주택,169.9,82.28,246.84,19900611,2,1,서울특별시 금천구 시흥동 810-28번지
11545,10300,0,0810,0029,,,일반건축물,단독주택,단독주택,150.7,74.8,224.4,19870613,2,1,서울특별시 금천구 시흥동 810-29번지
11545,10300,0,0810,0030,,,일반건축물,단독주택,단독주택,158.8,76.98,230.94,19891020,2,1,서울특별시 금천구 시흥동 810-30번지
11545,10300,0,0810,0031,,,일반건축물,단독주택,주택,0,80.34,241.02,19871006,2,1,서울특별시 금천구 시흥동 810-31번지
11545,10300,0,0810,0032,,,일반건축물,단독주택,단독주택,177.8,82.43,247.29,19900713,2,1,서울특별시 금천구 시흥동 810-32번지
11545,10300,0,0810,0033,,,일반건축물,단독주택,다중주택,167.6,96.36,328.32,20120117,3,1,서울특별시 금천구 시흥동 810-33번지
11545,10300,0,0810,0034,,,일반건축물,단독주택,"근린생활시설, 주택",162.3,80.8,326.05,19890306,3,1,서울특별시 금천구 시흥동 810-34번지
11545,10300,0,0811,0000,엘지베스트빌,,표제부,공동주택,다세대주택,230.4,138.12,521.81,20020618,5,0,서울특별시 금천구 시흥동 811번지
11545,10300,0,0811,0001,,,표제부,공동주택,다세대주택(8세대),283.6,113.28,449.76,19910720,3,1,서울특별시 금천구 시흥동 811-1번지
11545,10300,0,0811,0002,,,일반건축물,단독주택,단독주택,127.1,63.51,190.53,19900925,2,1,서울특별시 금천구 시흥동 811-2번지
11545,10300,0,0811,0003,,,일반건축물,단독주택,단독주택,125.1,62.49,187.47,19900702,2,1,서울특별시 금천구 시흥동 811-3번지
11545,10300,0,0811,0005,,,일반건축물,제1종근린생활시설,"근린생활시설, 단독주택",125,74.76,224.28,19950616,2,1,서울특별시 금천구 시흥동 811-5번지
11545,10300,0,0811,0006,,,일반건축물,단독주택,단독주택,129.3,64.17,192.51,19871223,2,1,서울특별시 금천구 시흥동 811-6번지
11545,10300,0,0811,0007,현대파크타운,,표제부,공동주택,도시형생활주택(단지형다세대),0,174.28,505.77,20190111,5,0,서울특별시 금천구 시흥동 811-7번지
11545,10300,0,0811,0007,현대파크타운,,표제부,공동주택,도시형생활주택(단지형다세대),0,159.56,605.68,20190111,5,0,서울특별시 금천구 시흥동 811-7번지
11545,10300,0,0811,0010,정우센스빌,,표제부,공동주택,도시형생활주택(단지형다세대),335.2,195.89,652.81,20131128,5,0,서울특별시 금천구 시흥동 811-10번지
11545,10300,0,0811,0012,,,일반건축물,단독주택,단독주택,135.43,67.67,203.01,19890714,2,1,서울특별시 금천구 시흥동 811-12번지
11545,10300,0,0811,0013,,,일반건축물,단독주택,단독주택,116.2,57.9,173.7,19890803,2,1,서울특별시 금천구 시흥동 811-13번지
11545,10300,0,0811,0015,,,일반건축물,단독주택,단독주택,135.8,67.38,202.14,19860807,2,1,서울특별시 금천구 시흥동 811-15번지
11545,10300,0,0811,0016,,,일반건축물,단독주택,단독주택,107,53.27,159.81,19890706,2,1,서울특별시 금천구 시흥동 811-16번지
11545,10300,0,0811,0017,,,일반건축물,단독주택,단독주택,108.9,54.32,162.96,19880507,2,1,서울특별시 금천구 시흥동 811-17번지
11545,10300,0,0811,0018,,,일반건축물,단독주택,단독주택,132.9,66.31,197.73,19860814,2,1,서울특별시 금천구 시흥동 811-18번지
11545,10300,0,0811,0019,,,일반건축물,제1종근린생활시설,"근린생활시설, 주택",106.7,51.4,203.82,19891115,3,1,서울특별시 금천구 시흥동 811-19번지
11545,10300,0,0811,0020,,,일반건축물,단독주택,단독주택,104.1,51.99,155.97,19890720,2,1,서울특별시 금천구 시흥동 811-20번지
11545,10300,0,0811,0021,,,일반건축물,단독주택,단독주택,127.5,63.72,191.16,19900512,2,1,서울특별시 금천구 시흥동 811-21번지
11545,10300,0,0811,0022,,,일반건축물,단독주택,단독주택,107.2,49.99,160.77,19900731,2,1,서울특별시 금천구 시흥동 811-22번지
11545,10300,0,0811,0024,,,일반건축물,단독주택,주택,0,67.47,76,19741101,1,1,서울특별시 금천구 시흥동 811-24번지
11545,10300,0,0811,0025,,,일반건축물,단독주택,단독주택,110.7,54.95,164.85,19890804,2,1,서울특별시 금천구 시흥동 811-25번지
11545,10300,0,0811,0026,,,일반건축물,단독주택,주택,0,73.62,220.86,19831220,2,1,서울특별시 금천구 시흥동 811-26번지
11545,10300,0,0811,0027,,,일반건축물,단독주택,단독주택,147,73.41,220.23,19850812,2,1,서울특별시 금천구 시흥동 811-27번지
11545,10300,0,0811,0029,,,일반건축물,단독주택,주택,0,68.31,204.93,19830803,2,1,서울특별시 금천구 시흥동 811-29번지
11545,10300,0,0811,0030,,,일반건축물,단독주택,단독주택,181.7,89.4,268.2,19860808,2,1,서울특별시 금천구 시흥동 811-30번지
11545,10300,0,0811,0032,,,일반건축물,단독주택,다가구용 단독주택(5가구),0,66.24,198.72,19920616,2,1,서울특별시 금천구 시흥동 811-32번지
11545,10300,0,0811,0033,,,일반건축물,단독주택,주택,0,82.88,176.23,19720617,2,1,서울특별시 금천구 시흥동 811-33번지
11545,10300,0,0811,0035,,,일반건축물,단독주택,단독주택,153.7,92.19,253.83,19950616,2,1,서울특별시 금천구 시흥동 811-35번지
11545,10300,0,0811,0036,,,일반건축물,단독주택,단독주택,142.7,71.28,213.84,19850713,2,1,서울특별시 금천구 시흥동 811-36번지
11545,10300,0,0811,0037,,,일반건축물,단독주택,다가구용 단독주택(6가구),169.1,83.75,246.67,19901106,2,1,서울특별시 금천구 시흥동 811-37번지
11545,10300,0,0811,0038,,,일반건축물,단독주택,다가구용 단독주택(4가구),156.9,83.98,245.7,19901224,2,1,서울특별시 금천구 시흥동 811-38번지
11545,10300,0,0811,0039,,,일반건축물,단독주택,다가구용 단독주택(6가구),168.8,101.11,262.47,19921128,2,1,서울특별시 금천구 시흥동 811-39번지
11545,10300,0,0811,0040,시나아트빌,,표제부,공동주택,다세대주택,217.6,130.47,474.27,20020830,4,0,서울특별시 금천구 시흥동 811-40번지
11545,10300,0,0811,0041,,,일반건축물,단독주택,단독주택,80.8,46.71,140.13,19881202,2,1,서울특별시 금천구 시흥동 811-41번지
11545,10300,0,0811,0042,,,일반건축물,단독주택,다가구용 단독주택,126,75.13,220.31,19980216,3,0,서울특별시 금천구 시흥동 811-42번지
11545,10300,0,0811,0043,,,일반건축물,단독주택,다가구용 단독주택(6세대),158.9,71.47,213.33,19941010,2,1,서울특별시 금천구 시흥동 811-43번지
11545,10300,0,0812,0000,,,일반건축물,단독주택,주택,196.3,98.11,294.33,19831231,2,1,서울특별시 금천구 시흥동 812번지
11545,10300,0,0812,0001,,,일반건축물,단독주택,주택,0,66.12,177.21,19831110,2,1,서울특별시 금천구 시흥동 812-1번지
11545,10300,0,0812,0002,,,일반건축물,단독주택,주택,0,67.11,156.04,19800719,2,1,서울특별시 금천구 시흥동 812-2번지
11545,10300,0,0812,0007,,,일반건축물,단독주택,주택,0,46.94,59.17,19781110,1,1,서울특별시 금천구 시흥동 812-7번지
11545,10300,0,0812,0008,,,일반건축물,단독주택,주택,0,45.29,103.14,19780930,2,1,서울특별시 금천구 시흥동 812-8번지
11545,10300,0,0812,0009,,,일반건축물,단독주택,주택,0,63.16,189.48,19830827,2,1,서울특별시 금천구 시흥동 812-9번지
11545,10300,0,0812,0009,,,일반건축물,단독주택,주택,0,63.13,189.39,19830827,2,1,서울특별시 금천구 시흥동 812-9번지
11545,10300,0,0812,0010,에이스빌,,표제부,공동주택,공동주택,231.72,137.84,408.42,20131217,5,0,서울특별시 금천구 시흥동 812-10번지
11545,10300,0,0812,0012,,,일반건축물,단독주택,단독주택,165.9,82.35,247.05,19850831,2,1,서울특별시 금천구 시흥동 812-12번지
11545,10300,0,0812,0013,,,일반건축물,단독주택,단독주택,163.5,81.35,244.05,19850925,2,1,서울특별시 금천구 시흥동 812-13번지
11545,10300,0,0812,0014,,,일반건축물,단독주택,다가구용 단독주택(5가구),160.4,95.64,281.43,19940624,2,1,서울특별시 금천구 시흥동 812-14번지
11545,10300,0,0812,0015,,,일반건축물,단독주택,다가구용 단독주택(5가구),161.88,96.01,250.36,19940513,2,1,서울특별시 금천구 시흥동 812-15번지
11545,10300,0,0812,0017,,,일반건축물,단독주택,다가구용 단독주택(6가구),157.48,94.44,265.92,19940428,2,1,서울특별시 금천구 시흥동 812-17번지
11545,10300,0,0812,0018,,,일반건축물,단독주택,다가구 단독주택,166.35,99.48,273.73,19970723,3,0,서울특별시 금천구 시흥동 812-18번지
11545,10300,0,0812,0019,,,일반건축물,단독주택,단독주택,147.35,73.53,220.59,19920420,2,1,서울특별시 금천구 시흥동 812-19번지
11545,10300,0,0812,0020,,,일반건축물,단독주택,다가구용 단독주택(6가구),168,83.53,249.84,19910713,2,1,서울특별시 금천구 시흥동 812-20번지
11545,10300,0,0812,0021,,,일반건축물,단독주택,주택,0,76.69,230.07,19821025,2,1,서울특별시 금천구 시흥동 812-21번지
11545,10300,0,0812,0025,,,일반건축물,단독주택,주택,0,49.2,147.6,19831121,2,1,서울특별시 금천구 시흥동 812-25번지
11545,10300,0,0812,0025,,,일반건축물,단독주택,주택,0,49.2,147.6,19831121,2,1,서울특별시 금천구 시흥동 812-25번지
11545,10300,0,0812,0038,시흥4동 주민센터,,일반건축물,제1종근린생활시설,"제1,2종근린생활시설, 노유자시설",1253.9,604.34,2686.71,20070712,5,1,서울특별시 금천구 시흥동 812-38번지
11545,10300,0,0812,0040,,,일반건축물,단독주택,"주택, 점포",0,98.57,304.71,19831220,2,1,서울특별시 금천구 시흥동 812-40번지
11545,10300,0,0812,0041,금천구청소년상담복지센터,,일반건축물,제2종근린생활시설,제2종근린생활시설,194.8,115.82,359.72,20021109,3,1,서울특별시 금천구 시흥동 812-41번지
11545,10300,0,0812,0042,,,일반건축물,단독주택,주택,0,82.39,247.17,19831124,2,1,서울특별시 금천구 시흥동 812-42번지
11545,10300,0,0813,0000,,,일반건축물,제1종근린생활시설,근린생활시설,166.3,82.5,346.8,19831224,3,1,서울특별시 금천구 시흥동 813번지
11545,10300,0,0813,0002,,,일반건축물,단독주택,단독주택,127.5,63.35,190.05,19900430,2,1,서울특별시 금천구 시흥동 813-2번지
11545,10300,0,0813,0003,,,일반건축물,단독주택,주택,0,28.76,28.76,19711227,1,0,서울특별시 금천구 시흥동 813-3번지
11545,10300,0,0813,0003,,,표제부,공동주택,다세대주택,0,60.17,299.85,19920831,4,1,서울특별시 금천구 시흥동 813-3번지
11545,10300,0,0813,0006,한솔그린빌,,표제부,공동주택,다세대주택,267.07,160.19,599.39,20030418,5,0,서울특별시 금천구 시흥동 813-6번지
11545,10300,0,0813,0007,,,일반건축물,단독주택,"근린생활시설, 주택",266.3,132.48,397.44,19881125,2,1,서울특별시 금천구 시흥동 813-7번지
11545,10300,0,0813,0009,큰별하우스,,표제부,공동주택,공동주택,228,136.74,426.8,20151027,5,0,서울특별시 금천구 시흥동 813-9번지
11545,10300,0,0813,0010,,,일반건축물,단독주택,다가구용 단독주택(5가구),0,66.65,199.59,19920605,2,1,서울특별시 금천구 시흥동 813-10번지
11545,10300,0,0813,0014,,,일반건축물,단독주택,다가구용 단독주택(5가구),119.67,67.18,189,19910626,2,1,서울특별시 금천구 시흥동 813-14번지
11545,10300,0,0813,0015,,,일반건축물,단독주택,주택,0,59.4,178.2,19830305,2,1,서울특별시 금천구 시흥동 813-15번지
11545,10300,0,0813,0016,,,일반건축물,단독주택,주택,0,46.28,116.69,19820821,2,1,서울특별시 금천구 시흥동 813-16번지
11545,10300,0,0813,0020,세광교회,,일반건축물,단독주택,"다가구주택,제1종근린생활시설,제2종근린생활시설",1782.63,280.69,860.49,20150821,4,0,서울특별시 금천구 시흥동 813-20번지
11545,10300,0,0813,0020,세광교회,,일반건축물,종교시설,"문화 및 집회시설, 주택,교육연구및복지시설",1782.63,478.58,1148.61,19831130,2,1,서울특별시 금천구 시흥동 813-20번지
11545,10300,0,0813,0020,세광교회,,일반건축물,제2종근린생활시설,관리사무소,1782.63,15,15,20150821,1,0,서울특별시 금천구 시흥동 813-20번지
11545,10300,0,0813,0020,세광교회,,일반건축물,노유자시설,노유자시설(영유아보육시설),1782.63,160.12,434.56,20030902,3,0,서울특별시 금천구 시흥동 813-20번지
11545,10300,0,0813,0024,,,일반건축물,자동차관련시설,자동차 관련시설,274.7,116,131,19990812,2,0,서울특별시 금천구 시흥동 813-24번지
11545,10300,0,0813,0025,,,일반건축물,단독주택,"근린생활시설, 주택",0,122.55,249.89,19750614,2,1,서울특별시 금천구 시흥동 813-25번지
11545,10300,0,0813,0026,,,일반건축물,단독주택,"(제2종)근린생활시설, 주택",0,81.18,277.17,19830928,3,1,서울특별시 금천구 시흥동 813-26번지
11545,10300,0,0813,0027,,,일반건축물,단독주택,"(제2종)근린생활시설, 주택",0,108.2,421.28,19830928,3,1,서울특별시 금천구 시흥동 813-27번지
11545,10300,0,0813,0028,,,일반건축물,단독주택,주택,0,82.31,244.29,19820802,2,1,서울특별시 금천구 시흥동 813-28번지
11545,10300,0,0813,0029,,,일반건축물,단독주택,주택,0,81.18,243.54,19830510,2,1,서울특별시 금천구 시흥동 813-29번지
11545,10300,0,0813,0030,오성빌라,,표제부,공동주택,공동주택(다세대주택),241.6,138.1,652.99,20011029,4,1,서울특별시 금천구 시흥동 813-30번지
11545,10300,0,0813,0031,,,일반건축물,단독주택,주택,0,95.58,286.74,19831125,2,1,서울특별시 금천구 시흥동 813-31번지
11545,10300,0,0813,0033,주은스마트빌,,표제부,공동주택,공동주택,297.67,166.95,587.49,20190510,5,0,서울특별시 금천구 시흥동 813-33번지
11545,10300,0,0813,0034,영은빌,,표제부,공동주택,공동주택,207.53,111.92,411.3,20150226,5,0,서울특별시 금천구 시흥동 813-34번지
11545,10300,0,0813,0035,,,일반건축물,제1종근린생활시설,근린생활시설,310,149.42,576.33,19800929,3,1,서울특별시 금천구 시흥동 813-35번지
11545,10300,0,0813,0037,,,일반건축물,단독주택,다가구용단독주택(8가구),165.8,99.44,259.02,19940509,2,1,서울특별시 금천구 시흥동 813-37번지
11545,10300,0,0813,0038,,,일반건축물,단독주택,단독주택,173.2,86.52,249.66,19860715,2,1,서울특별시 금천구 시흥동 813-38번지
11545,10300,0,0813,0039,,,일반건축물,단독주택,주택,0,74.05,157.69,19780228,2,1,서울특별시 금천구 시흥동 813-39번지
11545,10300,0,0813,0041,,,일반건축물,단독주택,단독주택,167.1,82.29,246.87,19850727,2,1,서울특별시 금천구 시흥동 813-41번지
11545,10300,0,0813,0042,,,일반건축물,단독주택,단독주택,165,81.42,244.26,19900613,2,1,서울특별시 금천구 시흥동 813-42번지
11545,10300,0,0813,0043,오성드림빌,,표제부,공동주택,공동주택,282.7,156.85,565.12,20190902,5,0,서울특별시 금천구 시흥동 813-43번지
11545,10300,0,0813,0045,,,일반건축물,제2종근린생활시설,근린생활시설,126.4,73.35,143.56,20000601,2,0,서울특별시 금천구 시흥동 813-45번지
11545,10300,0,0813,0046,,,일반건축물,단독주택,단독주택,151.6,68.5,202.5,19860812,2,1,서울특별시 금천구 시흥동 813-46번지
11545,10300,0,0813,0047,,,일반건축물,단독주택,주택,0,65.8,197.4,19860820,2,1,서울특별시 금천구 시흥동 813-47번지
11545,10300,0,0813,0048,,,일반건축물,단독주택,단독주택,135.6,67.5,202.5,19890818,2,1,서울특별시 금천구 시흥동 813-48번지
11545,10300,0,0813,0049,,,일반건축물,제1종근린생활시설,"근린생활시설, 주택",130.6,63.96,280.44,19920512,3,1,서울특별시 금천구 시흥동 813-49번지
11545,10300,0,0813,0050,,,일반건축물,제1종근린생활시설,"(제2종)근린생활시설, 주택",179.1,89.43,482.87,19890808,4,1,서울특별시 금천구 시흥동 813-50번지
11545,10300,0,0813,0055,한솔그린빌B동,,표제부,공동주택,공동주택(다세대주택),260,155.28,519.58,20060825,5,0,서울특별시 금천구 시흥동 813-55번지
11545,10300,0,0813,0057,,,일반건축물,제2종근린생활시설,제2종근린생활시설,166,82.31,346.94,19840223,3,1,서울특별시 금천구 시흥동 813-57번지
11545,10300,0,0813,0058,,,일반건축물,제2종근린생활시설,제2종근린생활시설,165.6,81,489.3,19841123,5,1,서울특별시 금천구 시흥동 813-58번지
11545,10300,0,0813,0059,한솔그린빌A동,,표제부,공동주택,다세대주택,260.2,155.28,519.68,20060925,5,0,서울특별시 금천구 시흥동 813-59번지
11545,10300,0,0813,0061,,,일반건축물,단독주택,주택,0,85.85,171.7,19831020,2,1,서울특별시 금천구 시흥동 813-61번지
11545,10300,0,0813,0062,,,일반건축물,단독주택,주택,0,79.35,223.97,19831014,2,1,서울특별시 금천구 시흥동 813-62번지
11545,10300,0,0813,0063,,,일반건축물,단독주택,"주택, 점포",0,82.47,247.41,19831215,3,1,서울특별시 금천구 시흥동 813-63번지
11545,10300,0,0813,0064,,,일반건축물,단독주택,"근린생활시설,다가구주택",198,118.47,450.93,20040117,3,1,서울특별시 금천구 시흥동 813-64번지
11545,10300,0,0814,0000,,,일반건축물,제2종근린생활시설,"근린생활시설, 주택",193.8,96.78,507.84,19891214,5,1,서울특별시 금천구 시흥동 814번지
11545,10300,0,0814,0001,,,일반건축물,단독주택,다가구용단독주택(4가구)및제2종근린생활시설,139.3,74.99,326.46,19941223,4,1,서울특별시 금천구 시흥동 814-1번지
11545,10300,0,0814,0003,,,일반건축물,단독주택,"(제1,2종)근린생활시설, 다가구주택(4가구)",146.8,87.8,299.52,19941022,3,1,서울특별시 금천구 시흥동 814-3번지
11545,10300,0,0814,0004,,,일반건축물,단독주택,다가구주택(4가구),113.7,73.85,175.47,19930622,3,1,서울특별시 금천구 시흥동 814-4번지
11545,10300,0,0814,0005,,,일반건축물,단독주택,다가구용단독주택(3가구),111.2,66.11,149.73,19930622,2,1,서울특별시 금천구 시흥동 814-5번지
11545,10300,0,0814,0006,,,일반건축물,단독주택,"주택, 점포,제1,2종근린생활시설",0,108.1,239.01,19780327,2,1,서울특별시 금천구 시흥동 814-6번지
11545,10300,0,0814,0007,,,일반건축물,단독주택,"주택, 점포",0,64.99,137.12,19730810,2,1,서울특별시 금천구 시흥동 814-7번지
11545,10300,0,0814,0008,,,일반건축물,단독주택,단독주택,104.05,51.72,155.16,19880623,2,1,서울특별시 금천구 시흥동 814-8번지
11545,10300,0,0814,0009,,,일반건축물,단독주택,다가구용 단독주택(5가구),116.05,67.44,189.72,19960424,2,1,서울특별시 금천구 시흥동 814-9번지
11545,10300,0,0814,0010,,,일반건축물,단독주택,단독주택,105.75,52.74,158.22,19890927,2,1,서울특별시 금천구 시흥동 814-10번지
11545,10300,0,0814,0011,,,일반건축물,단독주택,단독주택,99,49.44,148.32,19880822,2,1,서울특별시 금천구 시흥동 814-11번지
11545,10300,0,0814,0012,,,일반건축물,단독주택,단독주택,106.4,53.01,159.03,19890615,2,1,서울특별시 금천구 시흥동 814-12번지
11545,10300,0,0814,0014,,,일반건축물,제1종근린생활시설,"근린생활시설, 노유자시설",427.93,256.36,1669.12,19980204,6,1,서울특별시 금천구 시흥동 814-14번지
11545,10300,0,0814,0016,,,일반건축물,제2종근린생활시설,"근린생활시설, 주택",210.45,124.8,775.5,19970718,6,1,서울특별시 금천구 시흥동 814-16번지
11545,10300,0,0814,0020,,,일반건축물,제1종근린생활시설,"주택, 사무실, 점포, 창고",0,99.44,237.72,19760329,3,1,서울특별시 금천구 시흥동 814-20번지
11545,10300,0,0814,0021,,,일반건축물,단독주택,"주택, 어린이집, 점포",0,73.98,143.97,19740919,2,1,서울특별시 금천구 시흥동 814-21번지
11545,10300,0,0814,0022,,,일반건축물,단독주택,"주택, 점포",0,76.73,153.39,19741213,2,0,서울특별시 금천구 시흥동 814-22번지
11545,10300,0,0814,0023,,,일반건축물,제1종근린생활시설,제1종근린생활시설,0,98.74,184.2,19740802,2,1,서울특별시 금천구 시흥동 814-23번지
11545,10300,0,0814,0024,,,일반건축물,단독주택,단독주택,105.7,52.82,158.46,19870609,2,1,서울특별시 금천구 시흥동 814-24번지
11545,10300,0,0814,0025,,,일반건축물,단독주택,단독주택,103.4,51.48,154.44,19891102,2,1,서울특별시 금천구 시흥동 814-25번지
11545,10300,0,0814,0026,,,일반건축물,단독주택,단독주택,99.7,49.82,149.46,19890920,2,1,서울특별시 금천구 시흥동 814-26번지
11545,10300,0,0814,0027,,,일반건축물,단독주택,단독주택,121.1,60.39,181.17,19880507,2,1,서울특별시 금천구 시흥동 814-27번지
11545,10300,0,0814,0028,,,일반건축물,단독주택,주택,0,64.02,192.06,19881220,2,1,서울특별시 금천구 시흥동 814-28번지
11545,10300,0,0814,0029,,,일반건축물,단독주택,단독주택,99.6,49.72,149.16,19890912,2,1,서울특별시 금천구 시흥동 814-29번지
11545,10300,0,0814,0031,,,일반건축물,단독주택,단독주택,105.9,52.83,158.49,19890509,2,1,서울특별시 금천구 시흥동 814-31번지
11545,10300,0,0814,0032,,,일반건축물,단독주택,다가구용단독주택(3가구),105.9,63.48,187,20000512,3,0,서울특별시 금천구 시흥동 814-32번지
11545,10300,0,0814,0033,,,일반건축물,단독주택,"주택, 창고",0,66.59,76.47,19750708,1,1,서울특별시 금천구 시흥동 814-33번지
11545,10300,0,0814,0034,,,일반건축물,단독주택,다가구용 단독주택,108.9,64.68,169.86,19970726,2,1,서울특별시 금천구 시흥동 814-34번지
11545,10300,0,0814,0035,,,일반건축물,단독주택,"근린생활시설, 주택",125.7,62.61,266.14,19890306,4,1,서울특별시 금천구 시흥동 814-35번지
11545,10300,0,0814,0036,다온빌,,표제부,공동주택,도시형생활주택(단지형),0,216.47,659.63,20210106,5,0,서울특별시 금천구 시흥동 814-36번지
11545,10300,0,0814,0036,다온빌,,표제부,공동주택,도시형생활주택(단지형),0,238.02,659.88,20210106,5,0,서울특별시 금천구 시흥동 814-36번지
11545,10300,0,0814,0040,모던하우스,,표제부,공동주택,"공동주택, 제2종근린생활시설",0,232.86,891.5,20170830,6,0,서울특별시 금천구 시흥동 814-40번지
11545,10300,0,0814,0040,모던하우스,,표제부,공동주택,공동주택,0,230.44,526.8,20170830,5,0,서울특별시 금천구 시흥동 814-40번지
11545,10300,0,0814,0047,,,일반건축물,단독주택,단독주택,144,71.7,215.1,19880915,2,1,서울특별시 금천구 시흥동 814-47번지
11545,10300,0,0814,0048,,,표제부,공동주택,공동주택,212.4,127.115,424.192,20141215,5,0,서울특별시 금천구 시흥동 814-48번지
11545,10300,0,0814,0051,사과나무,,일반건축물,단독주택,단독주택(다중주택),149.1,88.45,294.8,20201014,3,1,서울특별시 금천구 시흥동 814-51번지
11545,10300,0,0814,0052,금강파크빌,,표제부,공동주택,공동주택 및 근린생활시설,271.9,160.95,519.15,20200521,5,0,서울특별시 금천구 시흥동 814-52번지
11545,10300,0,0814,0053,,,일반건축물,단독주택,단독주택,100.2,49.44,142.16,19960108,2,1,서울특별시 금천구 시흥동 814-53번지
11545,10300,0,0814,0054,,,일반건축물,단독주택,주택,0,48.6,112.08,19820420,2,1,서울특별시 금천구 시흥동 814-54번지
11545,10300,0,0814,0055,,,일반건축물,단독주택,"근린생활시설, 주택",107,64.02,255.52,19921010,3,1,서울특별시 금천구 시흥동 814-55번지
11545,10300,0,0814,0057,,,일반건축물,단독주택,"근린생활시설, 다가구용단독주택(3가구)",117.1,69.97,274.9,19930920,3,1,서울특별시 금천구 시흥동 814-57번지
11545,10300,0,0815,0000,,,일반건축물,단독주택,"근린생활시설, 주택",0,52.44,140.68,19841106,2,1,서울특별시 금천구 시흥동 815번지
11545,10300,0,0815,0001,,,일반건축물,단독주택,다가구용단독주택(5가구),102.8,60.85,182.55,19910713,2,1,서울특별시 금천구 시흥동 815-1번지
11545,10300,0,0815,0002,,,일반건축물,단독주택,단독주택,109.7,54.75,164.25,19890804,2,1,서울특별시 금천구 시흥동 815-2번지
11545,10300,0,0815,0003,,,일반건축물,단독주택,단독주택,123.7,61.8,180,19870921,2,1,서울특별시 금천구 시흥동 815-3번지
11545,10300,0,0815,0005,,,일반건축물,단독주택,주택,0,65.64,196.92,19831212,2,1,서울특별시 금천구 시흥동 815-5번지
11545,10300,0,0815,0006,,,일반건축물,단독주택,다가구주택,111.8,55.59,166.77,20141022,3,0,서울특별시 금천구 시흥동 815-6번지
11545,10300,0,0815,0007,,,일반건축물,단독주택,단독주택,160.4,79.95,239.85,19860522,2,1,서울특별시 금천구 시흥동 815-7번지
11545,10300,0,0815,0008,,,일반건축물,단독주택,단독주택,130.9,52.72,155.97,19890518,2,1,서울특별시 금천구 시흥동 815-8번지
11545,10300,0,0815,0009,제일파크타운,,표제부,공동주택,공동주택(다세대주택),0,178.08,611.16,20190419,5,0,서울특별시 금천구 시흥동 815-9번지
11545,10300,0,0815,0009,제일파크타운,,표제부,공동주택,공동주택(다세대주택),0,173.34,567.33,20190419,5,0,서울특별시 금천구 시흥동 815-9번지
11545,10300,0,0815,0013,,,일반건축물,단독주택,단독주택,125.47,62.52,187.56,19870825,2,1,서울특별시 금천구 시흥동 815-13번지
11545,10300,0,0815,0014,,,일반건축물,단독주택,단독주택,128.2,63.18,189.54,19891227,2,1,서울특별시 금천구 시흥동 815-14번지
11545,10300,0,0815,0015,,,일반건축물,단독주택,단독주택,127.6,63.18,189.54,19891227,2,1,서울특별시 금천구 시흥동 815-15번지
11545,10300,0,0815,0016,,,일반건축물,단독주택,주택,0,54.72,164.16,19880516,2,1,서울특별시 금천구 시흥동 815-16번지
11545,10300,0,0815,0017,,,일반건축물,단독주택,주택,0,55.17,55.17,19730820,1,0,서울특별시 금천구 시흥동 815-17번지
11545,10300,0,0815,0018,,,일반건축물,단독주택,주택,0,56.07,56.07,19730901,1,0,서울특별시 금천구 시흥동 815-18번지
11545,10300,0,0815,0019,,,일반건축물,단독주택,다가구용단독주택(3가구),99,55.76,150.08,19950207,2,1,서울특별시 금천구 시흥동 815-19번지
11545,10300,0,0815,0020,,,일반건축물,단독주택,주택,0,50.52,151.56,,2,1,서울특별시 금천구 시흥동 815-20번지
11545,10300,0,0815,0021,,,일반건축물,단독주택,단독주택,102.32,50.94,152.82,19890529,2,1,서울특별시 금천구 시흥동 815-21번지
11545,10300,0,0815,0022,,,일반건축물,단독주택,"근린생활시설, 다가구용단독주택(3가구)",95.28,57.1,221.9,19930903,3,1,서울특별시 금천구 시흥동 815-22번지
11545,10300,0,0815,0024,,,일반건축물,단독주택,단독주택,125.93,62.34,187.02,19900607,2,1,서울특별시 금천구 시흥동 815-24번지
11545,10300,0,0815,0025,,,일반건축물,단독주택,단독주택,108.8,54.36,163.08,19870610,2,1,서울특별시 금천구 시흥동 815-25번지
11545,10300,0,0815,0026,,,일반건축물,단독주택,단독주택,108.45,53.7,161.1,19870529,2,1,서울특별시 금천구 시흥동 815-26번지
11545,10300,0,0815,0027,,,일반건축물,단독주택,주택,0,54.82,164.46,19880909,2,1,서울특별시 금천구 시흥동 815-27번지
11545,10300,0,0815,0028,,,일반건축물,단독주택,다가구용단독주택(5가구),104.85,61.92,185.76,19920626,2,1,서울특별시 금천구 시흥동 815-28번지
11545,10300,0,0815,0029,,,일반건축물,단독주택,주택(3가구),109.3,54.54,163.62,19880520,2,1,서울특별시 금천구 시흥동 815-29번지
11545,10300,0,0815,0030,,,일반건축물,단독주택,다가구용단독주택(6가구),126.9,69.8,199.8,19910816,2,1,서울특별시 금천구 시흥동 815-30번지
11545,10300,0,0815,0032,,,일반건축물,단독주택,단독주택,95.56,53.82,161.46,19901201,2,1,서울특별시 금천구 시흥동 815-32번지
11545,10300,0,0815,0033,,,일반건축물,단독주택,단독주택,98.35,48.96,149.48,19880421,2,1,서울특별시 금천구 시흥동 815-33번지
11545,10300,0,0815,0034,,,일반건축물,단독주택,주택,0,54.34,163.02,19880602,2,1,서울특별시 금천구 시흥동 815-34번지
11545,10300,0,0815,0035,,,일반건축물,단독주택,다가구용단독주택(4가구),138,68.97,201.15,19901013,2,1,서울특별시 금천구 시흥동 815-35번지
11545,10300,0,0815,0036,,,일반건축물,단독주택,다가구주택(4가구),120.2,60,205.17,19901015,3,1,서울특별시 금천구 시흥동 815-36번지
11545,10300,0,0815,0037,,,일반건축물,단독주택,주택,0,69.66,208.98,19831207,2,1,서울특별시 금천구 시흥동 815-37번지
11545,10300,0,0815,0040,,,일반건축물,단독주택,주택,0,58.78,65.95,19751021,1,1,서울특별시 금천구 시흥동 815-40번지
11545,10300,0,0815,0041,,,일반건축물,단독주택,단독주택,183.3,78.01,249.38,19860828,2,1,서울특별시 금천구 시흥동 815-41번지
11545,10300,0,0815,0042,,,일반건축물,단독주택,주택,0,69.12,207.36,19830912,2,1,서울특별시 금천구 시흥동 815-42번지
11545,10300,0,0816,0000,,,일반건축물,단독주택,단독주택,111.9,55.92,167.76,19881208,2,1,서울특별시 금천구 시흥동 816번지
11545,10300,0,0816,0001,,,일반건축물,단독주택,다가구용 단독주택(5가구),84.5,48.8,139.38,19910820,2,1,서울특별시 금천구 시흥동 816-1번지
11545,10300,0,0816,0002,,,일반건축물,단독주택,단독주택,113.55,56.52,169.56,19890823,2,1,서울특별시 금천구 시흥동 816-2번지
11545,10300,0,0816,0004,,,일반건축물,단독주택,단독주택,170.3,82.41,247.23,19880902,2,1,서울특별시 금천구 시흥동 816-4번지
11545,10300,0,0816,0005,,,일반건축물,단독주택,단독주택,112.5,56.22,168.66,19870928,2,1,서울특별시 금천구 시흥동 816-5번지
11545,10300,0,0816,0007,,,일반건축물,단독주택,단독주택,158.43,78.9,236.7,19880830,2,1,서울특별시 금천구 시흥동 816-7번지
11545,10300,0,0816,0008,,,일반건축물,단독주택,단독주택,140.45,69.98,209.34,19890926,2,1,서울특별시 금천구 시흥동 816-8번지
11545,10300,0,0816,0010,,,일반건축물,단독주택,단독주택,91.56,45.57,136.71,19880512,2,1,서울특별시 금천구 시흥동 816-10번지
11545,10300,0,0816,0011,,,일반건축물,단독주택,단독주택,89.32,44.59,133.77,19880512,2,1,서울특별시 금천구 시흥동 816-11번지
11545,10300,0,0816,0012,,,일반건축물,단독주택,주택(3가구),104,47.68,143.04,19880602,2,1,서울특별시 금천구 시흥동 816-12번지
11545,10300,0,0816,0014,,,일반건축물,단독주택,단독주택,175.92,86.13,258.39,19850111,3,1,서울특별시 금천구 시흥동 816-14번지
11545,10300,0,0816,0016,,,일반건축물,단독주택,단독주택,93.25,46.34,139.02,19870609,2,1,서울특별시 금천구 시흥동 816-16번지
11545,10300,0,0816,0017,,,일반건축물,단독주택,단독주택,70.95,39.78,119.34,19871202,2,1,서울특별시 금천구 시흥동 816-17번지
11545,10300,0,0816,0018,,,일반건축물,단독주택,단독주택,82.55,41.21,123.63,19880111,2,1,서울특별시 금천구 시흥동 816-18번지
11545,10300,0,0816,0019,,,일반건축물,단독주택,단독주택,81.78,40.76,122.28,19880111,2,1,서울특별시 금천구 시흥동 816-19번지
11545,10300,0,0816,0020,,,일반건축물,단독주택,단독주택,91.32,45.39,136.17,19880111,2,1,서울특별시 금천구 시흥동 816-20번지
11545,10300,0,0816,0021,,,일반건축물,단독주택,다가구용 단독주택(5가구),170.3,85.92,199.8,19931125,2,1,서울특별시 금천구 시흥동 816-21번지
11545,10300,0,0816,0023,,,일반건축물,단독주택,단독주택,107.39,53.49,160.47,19871023,2,1,서울특별시 금천구 시흥동 816-23번지
11545,10300,0,0816,0024,,,일반건축물,단독주택,주택,0,63,189,19830928,2,1,서울특별시 금천구 시흥동 816-24번지
11545,10300,0,0816,0025,,,일반건축물,단독주택,단독주택,120.6,59.67,179.01,19850819,2,1,서울특별시 금천구 시흥동 816-25번지
11545,10300,0,0816,0026,,,일반건축물,단독주택,주택,0,63.36,190.08,19831124,2,1,서울특별시 금천구 시흥동 816-26번지
11545,10300,0,0816,0027,,,일반건축물,단독주택,주택,112.5,56.23,168.69,19840428,2,1,서울특별시 금천구 시흥동 816-27번지
11545,10300,0,0816,0028,,,일반건축물,단독주택,단독주택,193.6,76.88,230.64,19870905,2,1,서울특별시 금천구 시흥동 816-28번지
11545,10300,0,0816,0030,,,일반건축물,단독주택,단독주택,109.7,54.72,164.16,19890615,2,1,서울특별시 금천구 시흥동 816-30번지
11545,10300,0,0816,0031,,,일반건축물,단독주택,단독주택,118.4,58.95,176.85,19890529,2,1,서울특별시 금천구 시흥동 816-31번지
11545,10300,0,0817,0001,엘림교회,,일반건축물,종교시설,"문화및집회시설(교회),교육연구및복지시설",541.2,320.34,1386.11,20020726,4,1,서울특별시 금천구 시흥동 817-1번지
11545,10300,0,0817,0003,새나빌라,,표제부,공동주택,다세대주택,213.9,127.98,597.69,20020607,4,1,서울특별시 금천구 시흥동 817-3번지
11545,10300,0,0817,0003,,,일반건축물,단독주택,주택,0,85.95,154.71,19780223,2,1,서울특별시 금천구 시흥동 817-3번지
11545,10300,0,0817,0004,,,일반건축물,단독주택,주택,0,110.61,328.86,19831021,2,1,서울특별시 금천구 시흥동 817-4번지
11545,10300,0,0817,0005,,,일반건축물,단독주택,주택,0,65.79,116.7,19780501,1,1,서울특별시 금천구 시흥동 817-5번지
11545,10300,0,0817,0006,,,일반건축물,단독주택,주택,0,73.55,97.68,19771217,1,1,서울특별시 금천구 시흥동 817-6번지
11545,10300,0,0817,0007,행운빌라,,표제부,공동주택,공동주택,226.4,134.64,657.74,20010910,4,2,서울특별시 금천구 시흥동 817-7번지
11545,10300,0,0817,0009,형제빌라,,표제부,공동주택,다세대주택,263.1,147.4,659.46,20020329,4,1,서울특별시 금천구 시흥동 817-9번지
11545,10300,0,0817,0011,,,일반건축물,단독주택,다가구주택((5가구),118.5,68.01,192.96,19920514,2,1,서울특별시 금천구 시흥동 817-11번지
11545,10300,0,0817,0012,,,일반건축물,단독주택,주택,0,79.38,129.12,19771223,2,1,서울특별시 금천구 시흥동 817-12번지
11545,10300,0,0817,0013,,,일반건축물,단독주택,단독주택,127.1,62.64,187.56,19861111,2,1,서울특별시 금천구 시흥동 817-13번지
11545,10300,0,0817,0014,,,일반건축물,단독주택,주택,0,70.08,97.52,19780131,2,1,서울특별시 금천구 시흥동 817-14번지
11545,10300,0,0817,0015,,,일반건축물,단독주택,주택,0,65.79,187.11,19791022,2,1,서울특별시 금천구 시흥동 817-15번지
11545,10300,0,0817,0016,,,일반건축물,단독주택,다가구용단독주택(6가구),130.6,78.34,216.36,19930921,2,1,서울특별시 금천구 시흥동 817-16번지
11545,10300,0,0817,0017,,,일반건축물,단독주택,다가구용단독주택(5가구),163.4,86.77,248.13,19910909,2,1,서울특별시 금천구 시흥동 817-17번지
11545,10300,0,0817,0018,,,일반건축물,단독주택,주택,0,63.47,107.11,19780710,2,1,서울특별시 금천구 시흥동 817-18번지
11545,10300,0,0817,0019,,,일반건축물,단독주택,다가구용단독주택(6가구),139.4,80.13,230.91,19951114,2,1,서울특별시 금천구 시흥동 817-19번지
11545,10300,0,0817,0020,신정빌라,,표제부,공동주택,다세대주택,283.2,147.46,730,20030213,4,1,서울특별시 금천구 시흥동 817-20번지
11545,10300,0,0817,0022,대원주택,,표제부,공동주택,다세대주택,149.8,89.03,417.3,20040503,5,0,서울특별시 금천구 시흥동 817-22번지
11545,10300,0,0817,0024,,,일반건축물,단독주택,"다가구주택, 제2종근린생활시설",141.8,83.93,392.67,20020417,4,1,서울특별시 금천구 시흥동 817-24번지
11545,10300,0,0817,0026,,,일반건축물,단독주택,주택,0,94.88,148.44,19780223,2,1,서울특별시 금천구 시흥동 817-26번지
11545,10300,0,0817,0027,,,일반건축물,단독주택,단독주택,177.9,82.47,247.41,19881227,2,1,서울특별시 금천구 시흥동 817-27번지
11545,10300,0,0817,0028,건우파크빌,,표제부,공동주택,공동주택(다세대주택),234.2,140.17,467.2,20081215,5,0,서울특별시 금천구 시흥동 817-28번지
11545,10300,0,0817,0029,시흥아파트,,표제부,공동주택,아파트,0,386.32,1852.72,19751018,5,1,서울특별시 금천구 시흥동 817-29번지
11545,10300,0,0817,0029,시흥아파트,,표제부,공동주택,아파트,0,386.32,1852.85,19751018,5,1,서울특별시 금천구 시흥동 817-29번지
11545,10300,0,0817,0030,,,일반건축물,단독주택,단독주택,169.8,83.25,249.75,19890130,2,1,서울특별시 금천구 시흥동 817-30번지
11545,10300,0,0817,0031,,,일반건축물,단독주택,다가구용단독주택(5가구),148,85.7,243.6,19951115,2,1,서울특별시 금천구 시흥동 817-31번지
11545,10300,0,0817,0032,,,일반건축물,단독주택,다가구용단독주택(5가구),148.2,85.7,243.6,19951115,2,1,서울특별시 금천구 시흥동 817-32번지
11545,10300,0,0817,0033,,,일반건축물,단독주택,다가구용단독주택(5가구),151,88.1,250.3,19951115,2,1,서울특별시 금천구 시흥동 817-33번지
11545,10300,0,0817,0034,,,일반건축물,단독주택,다가구용단독주택(5가구),143.1,84.62,244,19960709,2,1,서울특별시 금천구 시흥동 817-34번지
11545,10300,0,0817,0035,,,일반건축물,제1종근린생활시설,"주택, 점포",0,59.37,116.95,19770126,2,1,서울특별시 금천구 시흥동 817-35번지
11545,10300,0,0817,0036,,,일반건축물,단독주택,다가구용단독주택(4가구),100.6,60.1,169.83,19930713,2,1,서울특별시 금천구 시흥동 817-36번지
11545,10300,0,0817,0037,,,일반건축물,단독주택,다가구용단독주택(4가구),94.6,55.93,155.35,19930714,2,1,서울특별시 금천구 시흥동 817-37번지
11545,10300,0,0817,0038,,,일반건축물,단독주택,다가구용단독주택(5가구),117.4,66.96,191.76,19930817,2,1,서울특별시 금천구 시흥동 817-38번지
11545,10300,0,0817,0039,,,일반건축물,단독주택,주택,0,74.09,97.1,19770325,1,1,서울특별시 금천구 시흥동 817-39번지
11545,10300,0,0817,0041,,,일반건축물,단독주택,단독주택,101.9,50.81,152.43,19870728,2,1,서울특별시 금천구 시흥동 817-41번지
11545,10300,0,0817,0042,,,일반건축물,단독주택,다가구용단독주택(5가구),103.2,51.42,154.26,19910107,2,1,서울특별시 금천구 시흥동 817-42번지
11545,10300,0,0817,0043,,,일반건축물,단독주택,주택,0,50.25,110.75,19781208,2,1,서울특별시 금천구 시흥동 817-43번지
11545,10300,0,0817,0044,,,일반건축물,단독주택,다가구용단독주택(6가구),105.1,62.51,183.06,19920601,2,1,서울특별시 금천구 시흥동 817-44번지
11545,10300,0,0817,0045,,,일반건축물,단독주택,다가구용단독주택(5가구),100.6,58.4,167.4,19911107,2,1,서울특별시 금천구 시흥동 817-45번지
11545,10300,0,0817,0046,,,일반건축물,단독주택,다가구용단독주택(4가구),99.1,59.28,177.84,19931203,2,1,서울특별시 금천구 시흥동 817-46번지
11545,10300,0,0817,0047,,,일반건축물,단독주택,주택,0,56.86,170.58,19821028,2,1,서울특별시 금천구 시흥동 817-47번지
11545,10300,0,0817,0048,두산빌라,,표제부,공동주택,다세대주택,268.5,160.09,623.68,20030509,5,0,서울특별시 금천구 시흥동 817-48번지
11545,10300,0,0817,0050,,,일반건축물,단독주택,다가구용단독주택(5가구),101,58.96,149.73,19930924,2,1,서울특별시 금천구 시흥동 817-50번지
11545,10300,0,0817,0051,,,일반건축물,단독주택,다가구용단독주택,102.6,61.38,178.06,19960727,2,1,서울특별시 금천구 시흥동 817-51번지
11545,10300,0,0817,0052,,,일반건축물,단독주택,다가구용단독주택,99.3,59.54,178.62,19960727,2,1,서울특별시 금천구 시흥동 817-52번지
11545,10300,0,0817,0053,,,일반건축물,단독주택,다가구주택,95.4,57.14,178.22,19960816,2,1,서울특별시 금천구 시흥동 817-53번지
11545,10300,0,0817,0054,보린 함께 주택,,표제부,공동주택,공동주택(도시형생활주택원룸형),228.8,136.4,456.58,20160418,5,0,서울특별시 금천구 시흥동 817-54번지
11545,10300,0,0817,0065,아이빌8차,,표제부,공동주택,공동주택,339.5,203.48,659.9,20210713,5,0,서울특별시 금천구 시흥동 817-65번지
11545,10300,0,0818,0000,,,일반건축물,단독주택,단독주택,186.6,89.9,263.4,19890821,2,1,서울특별시 금천구 시흥동 818번지
11545,10300,0,0818,0001,백조파크빌,,표제부,공동주택,다세대주택,270.5,155.86,724.36,20020916,4,1,서울특별시 금천구 시흥동 818-1번지
11545,10300,0,0818,0002,,,일반건축물,단독주택,단독주택,177,86.83,247.05,19890808,2,1,서울특별시 금천구 시흥동 818-2번지
11545,10300,0,0818,0004,,,일반건축물,단독주택,단독주택,175.2,87.45,247.05,19890529,2,1,서울특별시 금천구 시흥동 818-4번지
11545,10300,0,0818,0005,백조파크빌,,표제부,공동주택,다세대주택(9세대),238.8,142.87,674.84,20020917,4,1,서울특별시 금천구 시흥동 818-5번지
11545,10300,0,0818,0006,,,일반건축물,제2종근린생활시설,"근린생활시설, 주택",229.6,104.75,501.26,19911011,4,1,서울특별시 금천구 시흥동 818-6번지
11545,10300,0,0818,0007,,+,일반건축물,단독주택,단독주택,181.8,181.8,242.1,19900507,2,1,서울특별시 금천구 시흥동 818-7번지
11545,10300,0,0818,0009,,,일반건축물,노유자시설,영유아보육시설,156.19,93.56,268.68,19970905,3,0,서울특별시 금천구 시흥동 818-9번지
11545,10300,0,0818,0010,,,일반건축물,단독주택,주택(3가구),174.1,83.18,246.69,19881121,2,1,서울특별시 금천구 시흥동 818-10번지
11545,10300,0,0818,0011,모던하우스,,표제부,공동주택,"공동주택, 근린생활시설",333.67,196.55,881.87,20200221,5,1,서울특별시 금천구 시흥동 818-11번지
11545,10300,0,0818,0013,,,일반건축물,단독주택,단독주택,193.8,85.68,247.44,19880525,2,1,서울특별시 금천구 시흥동 818-13번지
11545,10300,0,0818,0014,백조아파트,,표제부,공동주택,아파트,312.2,160.38,859.68,20011204,5,1,서울특별시 금천구 시흥동 818-14번지
11545,10300,0,0818,0015,,,표제부,공동주택,다세대주택,333.1,198.82,652.8,19931012,3,1,서울특별시 금천구 시흥동 818-15번지
11545,10300,0,0818,0016,,,일반건축물,단독주택,주택,0,76.92,230.76,19880525,2,1,서울특별시 금천구 시흥동 818-16번지
11545,10300,0,0818,0017,미르.빌,,표제부,공동주택,다세대주택,215.9,129.51,511.04,20011026,4,0,서울특별시 금천구 시흥동 818-17번지
11545,10300,0,0818,0018,,,일반건축물,단독주택,주택,0,80.46,241.38,19880608,2,1,서울특별시 금천구 시흥동 818-18번지
11545,10300,0,0818,0019,,,일반건축물,단독주택,다가구용 단독주택(6가구),97.7,58.3,221.61,19910813,3,1,서울특별시 금천구 시흥동 818-19번지
11545,10300,0,0818,0021,신영아트빌,,표제부,공동주택,다세대주택,343.8,199.72,634.96,20130603,5,0,서울특별시 금천구 시흥동 818-21번지
11545,10300,0,0818,0022,,,일반건축물,단독주택,주택,0,75.04,121.65,19780130,2,1,서울특별시 금천구 시흥동 818-22번지
11545,10300,0,0818,0023,,,표제부,공동주택,다세대주택(10세대),263.1,124.15,558.78,19940628,4,1,서울특별시 금천구 시흥동 818-23번지
11545,10300,0,0818,0024,도영맨션,,표제부,공동주택,다세대주택,303.4,154.64,748.2,20020912,4,1,서울특별시 금천구 시흥동 818-24번지
11545,10300,0,0818,0025,,,표제부,공동주택,다세대주택(8세대),207.8,107.55,423,19911031,3,1,서울특별시 금천구 시흥동 818-25번지
11545,10300,0,0818,0026,,,일반건축물,단독주택,"단독주택, 제1종근린생활시설",116.1,57.69,186.51,19850427,2,1,서울특별시 금천구 시흥동 818-26번지
11545,10300,0,0818,0027,모아캐슬,,일반건축물,단독주택,"다중주택, 제2종근린생활시설",199.7,118.88,513.13,20181119,4,1,서울특별시 금천구 시흥동 818-27번지
11545,10300,0,0818,0028,금천구 보훈회관,,일반건축물,제1종근린생활시설,제1종근린생활시설,330.6,185.72,979.59,20191223,3,2,서울특별시 금천구 시흥동 818-28번지
11545,10300,0,0818,0029,,,일반건축물,단독주택,다가구용 단독주택(6가구),0,57.52,218.68,19911230,3,1,서울특별시 금천구 시흥동 818-29번지
11545,10300,0,0819,0000,,,일반건축물,제1종근린생활시설,"제2종근린생활시설,노유자시설,점포",0,128.93,468.77,19780624,3,1,서울특별시 금천구 시흥동 819번지
11545,10300,0,0819,0001,,,일반건축물,제1종근린생활시설,"근린생활시설, 주택",217.5,129.39,607.65,19791218,4,1,서울특별시 금천구 시흥동 819-1번지
11545,10300,0,0819,0002,,,일반건축물,단독주택,"주택, 근린생활시설",203.71,101.52,339.74,19831223,3,1,서울특별시 금천구 시흥동 819-2번지
11545,10300,0,0819,0003,비호 쉐르빌,,표제부,공동주택,근린생활시설 및 도시형생활주택,215,121.5,429.06,20131021,6,0,서울특별시 금천구 시흥동 819-3번지
11545,10300,0,0819,0004,,,일반건축물,제2종근린생활시설,"근린생활시설, 주택",212.4,105.84,644.22,19920108,5,1,서울특별시 금천구 시흥동 819-4번지
11545,10300,0,0819,0005,,,일반건축물,단독주택,"주택, 근린생활시설",0,108.98,426.96,19830708,3,1,서울특별시 금천구 시흥동 819-5번지
11545,10300,0,0819,0006,,,일반건축물,단독주택,"주택, 근린생활시설, 점포",0,105.45,310.4,19800702,2,1,서울특별시 금천구 시흥동 819-6번지
11545,10300,0,0819,0007,,,일반건축물,단독주택,"주택, 점포",0,105.45,324.29,19800910,2,1,서울특별시 금천구 시흥동 819-7번지
11545,10300,0,0819,0008,,,일반건축물,단독주택,"근린생활시설, 주택",221.9,110.82,466.56,19880803,3,1,서울특별시 금천구 시흥동 819-8번지
11545,10300,0,0819,0009,,,일반건축물,제2종근린생활시설,"(제2종)근린생활시설,주택",222.6,109.89,643.8,19930918,5,1,서울특별시 금천구 시흥동 819-9번지
11545,10300,0,0819,0010,금강파크빌,,표제부,공동주택,도시형생활주택(단지형다세대),367.9,219.28,658.95,20130816,5,0,서울특별시 금천구 시흥동 819-10번지
11545,10300,0,0819,0012,,,일반건축물,단독주택,단독주택,182.4,82.23,246.69,19900831,2,1,서울특별시 금천구 시흥동 819-12번지
11545,10300,0,0819,0013,,,일반건축물,단독주택,"단독주택,근린생활시설",181,82.14,246.42,19900522,2,1,서울특별시 금천구 시흥동 819-13번지
11545,10300,0,0819,0014,한신위너스,,표제부,공동주택,공동주택(단지형다세대),353.6,206.82,659.22,20160919,5,0,서울특별시 금천구 시흥동 819-14번지
11545,10300,0,0819,0016,벨로체,,표제부,공동주택,다세대주택(15세대),338.5,197.66,657.61,20141023,5,0,서울특별시 금천구 시흥동 819-16번지
11545,10300,0,0819,0018,낙원케렌시아,,표제부,공동주택,공동주택,339.3,202.8,659.94,20190423,5,0,서울특별시 금천구 시흥동 819-18번지
11545,10300,0,0819,0020,,,일반건축물,단독주택,"주택,(제2종)근린생활시설,위험물저장및처리시설",165.7,98.66,414.07,19900711,4,1,서울특별시 금천구 시흥동 819-20번지
11545,10300,0,0819,0022,,,일반건축물,단독주택,단독주택,165.1,78.99,236.97,19850710,2,1,서울특별시 금천구 시흥동 819-22번지
11545,10300,0,0819,0023,,,일반건축물,단독주택,"근린생활시설, 주택",161.9,96.63,413.27,19961030,4,1,서울특별시 금천구 시흥동 819-23번지
11545,10300,0,0819,0025,,,일반건축물,단독주택,다가구주택(7가구),165.2,98.96,330.38,19970704,3,1,서울특별시 금천구 시흥동 819-25번지
11545,10300,0,0819,0026,,,일반건축물,단독주택,다가구용 단독주택(6가구),172.6,103.29,298.55,19970114,2,1,서울특별시 금천구 시흥동 819-26번지
11545,10300,0,0819,0027,썬그린파크,,표제부,공동주택,다세대주택,337.3,196.48,659.81,20121129,5,0,서울특별시 금천구 시흥동 819-27번지
11545,10300,0,0819,0028,첼시하우스11,,표제부,공동주택,도시형생활주택/단지형다세대주택,223.7,133.88,442.42,20241119,5,0,서울특별시 금천구 시흥동 819-28번지
11545,10300,0,0819,0029,,,일반건축물,단독주택,주택,0,82.65,245.25,19880602,2,1,서울특별시 금천구 시흥동 819-29번지
11545,10300,0,0819,0031,,,일반건축물,단독주택,주택,114.3,56.79,170.37,19911211,2,1,서울특별시 금천구 시흥동 819-31번지
11545,10300,0,0819,0032,삼성아트맨션,,표제부,공동주택,다세대주택,162.1,94.91,343.65,20010817,4,0,서울특별시 금천구 시흥동 819-32번지
11545,10300,0,0819,0033,,,일반건축물,단독주택,단독주택,161.1,80.5,241.5,19891214,2,1,서울특별시 금천구 시흥동 819-33번지
11545,10300,0,0819,0034,,,일반건축물,단독주택,다가구용 단독주택(4가구),161.3,96.55,275.4,19941031,3,0,서울특별시 금천구 시흥동 819-34번지
11545,10300,0,0819,0035,어반캐슬,,표제부,공동주택,"도시형생활주택, 근린생활시설",314,182.04,631.05,20190715,5,1,서울특별시 금천구 시흥동 819-35번지
11545,10300,0,0819,0036,,,일반건축물,단독주택,단독주택,172.2,82.24,246.72,19871022,2,1,서울특별시 금천구 시흥동 819-36번지
11545,10300,0,0819,0038,,,일반건축물,단독주택,단독주택,165.7,82.83,245.25,19860502,2,1,서울특별시 금천구 시흥동 819-38번지
11545,10300,0,0819,0039,,,일반건축물,단독주택,단독주택,173.9,86.44,248.58,19860206,2,1,서울특별시 금천구 시흥동 819-39번지
11545,10300,0,0819,0040,,,일반건축물,제2종근린생활시설,"(제2종)근린생활시설, 단독주택",173.4,100.16,479.76,19971028,4,1,서울특별시 금천구 시흥동 819-40번지
11545,10300,0,0820,0000,,,일반건축물,제1종근린생활시설,"근린생활시설, 주택",217.1,108.16,555.52,19901217,4,1,서울특별시 금천구 시흥동 820번지
11545,10300,0,0820,0001,,,일반건축물,단독주택,"근린생활시설, 주택",0,106.26,366.48,19830126,3,1,서울특별시 금천구 시흥동 820-1번지
11545,10300,0,0820,0002,,,일반건축물,단독주택,"주택,제1,2종근린생활시설",206.3,102.91,357.72,19830628,3,1,서울특별시 금천구 시흥동 820-2번지
11545,10300,0,0820,0003,,,일반건축물,단독주택,다가구용 단독주택(7가구),184.4,109.8,288.36,19930731,2,1,서울특별시 금천구 시흥동 820-3번지
11545,10300,0,0820,0004,대광에코빌,,표제부,공동주택,다세대주택,345.3,206.98,658.18,20130913,5,0,서울특별시 금천구 시흥동 820-4번지
11545,10300,0,0820,0008,,,일반건축물,단독주택,단독주택,188.14,86.7,249.42,19880706,2,1,서울특별시 금천구 시흥동 820-8번지
11545,10300,0,0820,0009,영규빌,,표제부,공동주택,"도시형생활주택, 제1종근린생활시설",160.5,95.16,315.99,20160808,5,0,서울특별시 금천구 시흥동 820-9번지
11545,10300,0,0820,0010,스타힐스,,표제부,공동주택,도시형생활주택(원룸형),354.3,182.46,659.96,20210108,5,0,서울특별시 금천구 시흥동 820-10번지
11545,10300,0,0820,0012,경남아파트 101동,,표제부,공동주택,"아파트, 부대복리시설",0,908.76,16336.98,19981219,15,2,서울특별시 금천구 시흥동 820-12번지
11545,10300,0,0820,0012,경남아파트 상가동,,표제부,노유자시설,"노유자시설,보육시설",0,147,343.1,19981219,3,0,서울특별시 금천구 시흥동 820-12번지
11545,10300,0,0820,0013,,,일반건축물,제2종근린생활시설,"근린생활시설,제2종근린생활시설",153.4,76.46,464.86,19931108,5,1,서울특별시 금천구 시흥동 820-13번지
11545,10300,0,0820,0014,K 휴먼 home,,표제부,공동주택,도시형생활주택-단지형다세대주택,324,193.61,647.2,20140612,5,0,서울특별시 금천구 시흥동 820-14번지
11545,10300,0,0820,0017,테라포리움,,표제부,공동주택,다세대주택,261,156.48,499.08,20210426,5,0,서울특별시 금천구 시흥동 820-17번지
11545,10300,0,0820,0019,,,일반건축물,단독주택,단독주택,129.8,64.83,194.49,19890809,2,1,서울특별시 금천구 시흥동 820-19번지
11545,10300,0,0820,0020,,,일반건축물,단독주택,다가구용 단독주택(6가구),192.8,96.39,289.17,19910201,2,1,서울특별시 금천구 시흥동 820-20번지
11545,10300,0,0820,0023,유포리아,,표제부,공동주택,공동주택,295.21,176.19,587.84,20220217,5,0,서울특별시 금천구 시흥동 820-23번지
11545,10300,0,0820,0026,,,일반건축물,단독주택,"주택, 점포",0,67.8,134.63,19761201,2,1,서울특별시 금천구 시흥동 820-26번지
11545,10300,0,0820,0027,,,일반건축물,단독주택,주택,0,56.07,117.13,19761013,2,1,서울특별시 금천구 시흥동 820-27번지
11545,10300,0,0820,0028,,,일반건축물,단독주택,주택,0,72.34,218.19,19830330,2,1,서울특별시 금천구 시흥동 820-28번지
11545,10300,0,0820,0029,,,일반건축물,단독주택,다가구주택(4가구),155.5,93.28,241.11,19990529,2,1,서울특별시 금천구 시흥동 820-29번지
11545,10300,0,0820,0030,용현그린빌,,표제부,공동주택,도시형생활주택(단지형다세대),272.7,161.83,499.19,20140326,5,0,서울특별시 금천구 시흥동 820-30번지
11545,10300,0,0820,0031,별하우스,,표제부,공동주택,도시형생활주택(단지형다세대주택),330.35,195.14,659.88,20140326,5,0,서울특별시 금천구 시흥동 820-31번지
11545,10300,0,0820,0032,,,일반건축물,단독주택,다가구용 단독주택(6가구),195.6,104.94,299.46,19950506,2,1,서울특별시 금천구 시흥동 820-32번지
11545,10300,0,0820,0033,,1,일반건축물,단독주택,주택,0,80.64,241.92,19830728,2,1,서울특별시 금천구 시흥동 820-33번지
11545,10300,0,0820,0034,,,일반건축물,단독주택,주택,0,81.9,245.7,19830907,2,1,서울특별시 금천구 시흥동 820-34번지
11545,10300,0,0820,0035,,,일반건축물,단독주택,주택(3가구),175.3,83.5,242.5,19881202,2,1,서울특별시 금천구 시흥동 820-35번지
11545,10300,0,0820,0036,,,일반건축물,제1종근린생활시설,"제1,2종근린생활시설,단독주택",204.6,121.36,433.02,20071121,4,0,서울특별시 금천구 시흥동 820-36번지
11545,10300,0,0820,0037,,,일반건축물,제2종근린생활시설,"(제2종)근린생활시설, 주택",223.41,128.38,450.13,19850712,3,1,서울특별시 금천구 시흥동 820-37번지
11545,10300,0,0820,0039,,,일반건축물,단독주택,"근린생활시설, 주택",169.25,96.84,428.9,19801016,4,1,서울특별시 금천구 시흥동 820-39번지
11545,10300,0,0820,0040,,,일반건축물,제2종근린생활시설,"제1,2종근린생활시설",173.8,101.65,350.24,19820630,3,1,서울특별시 금천구 시흥동 820-40번지
11545,10300,0,0820,0041,,,일반건축물,제2종근린생활시설,"(제2종)근린생활시설, 주택",0,79.6,329.12,19840816,3,1,서울특별시 금천구 시흥동 820-41번지
11545,10300,0,0820,0042,,,일반건축물,단독주택,다가구주택,150.06,89.98,254.59,20141106,4,0,서울특별시 금천구 시흥동 820-42번지
11545,10300,0,0820,0044,,,일반건축물,단독주택,단독주택,130.13,64.58,193.74,19891006,2,1,서울특별시 금천구 시흥동 820-44번지
11545,10300,0,0820,0045,,,일반건축물,제2종근린생활시설,"근린생활시설, 주택",241.37,120.27,481.08,19860905,3,1,서울특별시 금천구 시흥동 820-45번지
11545,10300,0,0820,0047,서울에이스빌,,표제부,공동주택,공동주택(근린생활시설 및 도시형생활주택/단지형다세대주택),303.1,180.61,565.59,20221020,5,0,서울특별시 금천구 시흥동 820-47번지
11545,10300,0,0820,0049,,,일반건축물,단독주택,단독주택,147.51,84.96,84.96,19990705,1,0,서울특별시 금천구 시흥동 820-49번지
11545,10300,0,0820,0057,,,일반건축물,단독주택,"근린생활시설,단독주택",126.1,75.39,277.8,20131121,4,0,서울특별시 금천구 시흥동 820-57번지
11545,10300,0,0820,0060,,,일반건축물,단독주택,주택,0,76.36,229.08,19821207,2,1,서울특별시 금천구 시흥동 820-60번지
11545,10300,0,0821,0000,,,일반건축물,단독주택,"근린생활시설, 다가구용 단독주택(6가구)",170.5,101.85,347.18,19931008,3,1,서울특별시 금천구 시흥동 821번지
11545,10300,0,0821,0001,여성의 집,,일반건축물,단독주택,주택,0,64.23,141.75,19770514,2,1,서울특별시 금천구 시흥동 821-1번지
11545,10300,0,0821,0002,,,일반건축물,단독주택,단독주택,165.4,81.96,245.88,19870530,2,1,서울특별시 금천구 시흥동 821-2번지
11545,10300,0,0821,0003,,,일반건축물,단독주택,단독주택,166.36,80.43,241.29,19851122,2,1,서울특별시 금천구 시흥동 821-3번지
11545,10300,0,0821,0004,,,일반건축물,단독주택,"근린생활시설, 주택",160.28,95.61,373.39,19950428,3,1,서울특별시 금천구 시흥동 821-4번지
11545,10300,0,0821,0005,해강플러스,,표제부,공동주택,도시형생활주택/단지형다세대주택,592.4,201.51,619,20240529,6,0,서울특별시 금천구 시흥동 821-5번지
11545,10300,0,0821,0005,해강플러스,,표제부,공동주택,도시형생활주택/단지형다세대주택,592.4,139.96,565.2,20240529,6,0,서울특별시 금천구 시흥동 821-5번지
11545,10300,0,0821,0010,,,일반건축물,단독주택,단독주택,122.9,66.46,199.38,19910624,2,1,서울특별시 금천구 시흥동 821-10번지
11545,10300,0,0821,0011,,,일반건축물,단독주택,다가구용 단독주택(5가구),120.8,68.17,198.27,19910918,2,1,서울특별시 금천구 시흥동 821-11번지
11545,10300,0,0821,0012,,,일반건축물,단독주택,다가구용 단독주택(4가구),115.5,66.4,199.2,19910918,2,1,서울특별시 금천구 시흥동 821-12번지
11545,10300,0,0821,0013,,,일반건축물,단독주택,주택,0,70.2,215.4,19891020,2,1,서울특별시 금천구 시흥동 821-13번지
11545,10300,0,0821,0014,,,일반건축물,단독주택,단독주택,159.1,79.2,237.6,19890912,2,1,서울특별시 금천구 시흥동 821-14번지
11545,10300,0,0821,0015,,,일반건축물,단독주택,단독주택,0,49.38,148.14,19920619,2,1,서울특별시 금천구 시흥동 821-15번지
11545,10300,0,0821,0016,,,일반건축물,단독주택,단독주택,0,49.44,148.32,19920627,2,1,서울특별시 금천구 시흥동 821-16번지
11545,10300,0,0821,0017,,,일반건축물,단독주택,다가구용단독주택(5가구),0,49.74,149.22,19920808,2,1,서울특별시 금천구 시흥동 821-17번지
11545,10300,0,0821,0019,,,일반건축물,단독주택,단독주택,0,49.95,149.85,19920605,2,1,서울특별시 금천구 시흥동 821-19번지
11545,10300,0,0821,0020,,,일반건축물,단독주택,다가구용단독주택(5가구),0,49.74,149.22,19920820,2,1,서울특별시 금천구 시흥동 821-20번지
11545,10300,0,0821,0023,,,표제부,공동주택,다세대주택(6세대),196.8,87.07,248.97,19861111,2,1,서울특별시 금천구 시흥동 821-23번지
11545,10300,0,0821,0024,현주캐슬,,표제부,공동주택,공동주택,282.1,168.3,541.76,20150629,5,0,서울특별시 금천구 시흥동 821-24번지
11545,10300,0,0821,0026,현주빌C,,표제부,공동주택,"다세대주택,노유자시설",378.9,226.69,747.58,20081201,5,0,서울특별시 금천구 시흥동 821-26번지
11545,10300,0,0821,0027,현주빌B,,표제부,공동주택,"다세대주택,노유자시설",383.2,215.43,744.28,20080805,5,0,서울특별시 금천구 시흥동 821-27번지
11545,10300,0,0821,0028,현주그린빌,,표제부,공동주택,공동주택(다세대주택),312.9,186.64,623.99,20070928,5,0,서울특별시 금천구 시흥동 821-28번지
11545,10300,0,0821,0035,나비하우스,,표제부,공동주택,공동주택,165.4,96.3,368.3,20150519,5,1,서울특별시 금천구 시흥동 821-35번지
11545,10300,0,0821,0038,,,일반건축물,단독주택,주택,0,67.14,201.42,19860728,2,1,서울특별시 금천구 시흥동 821-38번지
11545,10300,0,0822,0000,노벨리온,,표제부,공동주택,공동주택,203.9,122.12,407.07,20210915,5,0,서울특별시 금천구 시흥동 822번지
11545,10300,0,0822,0001,,,일반건축물,단독주택,"근린생활시설, 주택",0,62.28,144.78,19830623,2,1,서울특별시 금천구 시흥동 822-1번지
11545,10300,0,0822,0002,,,표제부,공동주택,다세대주택,171.8,102.32,337.26,20090205,5,0,서울특별시 금천구 시흥동 822-2번지
11545,10300,0,0822,0003,늘봄맨션,,표제부,공동주택,다세대주택(8세대),510,152.27,543.27,20110418,5,0,서울특별시 금천구 시흥동 822-3번지
11545,10300,0,0822,0003,늘봄맨션,,표제부,공동주택,다세대주택(8세대),510,152.27,489.83,20110418,5,0,서울특별시 금천구 시흥동 822-3번지
11545,10300,0,0822,0004,,,일반건축물,단독주택,다가구용 단독주택(4가구),94.8,56.23,203.18,19941013,3,1,서울특별시 금천구 시흥동 822-4번지
11545,10300,0,0822,0007,,,일반건축물,단독주택,다가구용 단독주택(6가구),184.5,94.71,298.14,19940927,3,1,서울특별시 금천구 시흥동 822-7번지
11545,10300,0,0822,0008,,,일반건축물,단독주택,주택,0,70.18,93.09,19770725,1,1,서울특별시 금천구 시흥동 822-8번지
11545,10300,0,0822,0009,,,일반건축물,단독주택,단독주택,133,65.83,195.39,19871223,2,1,서울특별시 금천구 시흥동 822-9번지
11545,10300,0,0822,0010,,,일반건축물,단독주택,단독주택,132.6,65.81,197.43,19891123,2,1,서울특별시 금천구 시흥동 822-10번지
11545,10300,0,0822,0011,,,일반건축물,단독주택,단독주택,130.4,65.1,195.3,19900327,2,1,서울특별시 금천구 시흥동 822-11번지
11545,10300,0,0822,0012,,,일반건축물,단독주택,주택,0,74.05,121.65,19771013,1,1,서울특별시 금천구 시흥동 822-12번지
11545,10300,0,0822,0013,샛별하우스,,표제부,공동주택,다세대주택,159.96,94.53,309.79,20150226,5,0,서울특별시 금천구 시흥동 822-13번지
11545,10300,0,0822,0015,,,일반건축물,단독주택,"다가구용 단독주택(7가구), 근린생활시설",145.4,84.13,322.2,19971121,4,1,서울특별시 금천구 시흥동 822-15번지
11545,10300,0,0822,0016,,,표제부,공동주택,다세대주택,143.1,77,193.58,20141029,4,0,서울특별시 금천구 시흥동 822-16번지
11545,10300,0,0822,0017,,,일반건축물,단독주택,다가구용 단독주택(5가구),160.3,96.12,271.62,19960920,2,1,서울특별시 금천구 시흥동 822-17번지
11545,10300,0,0822,0019,,,일반건축물,단독주택,다가구용 단독주택(5가구),85.8,51.28,131.04,19940523,2,1,서울특별시 금천구 시흥동 822-19번지
11545,10300,0,0822,0020,,,일반건축물,단독주택,다가구 단독주택,91.8,54.39,146.79,19970923,2,1,서울특별시 금천구 시흥동 822-20번지
11545,10300,0,0822,0021,,,일반건축물,단독주택,단독주택,90.3,45.1,135.3,19920509,2,1,서울특별시 금천구 시흥동 822-21번지
11545,10300,0,0822,0022,,,일반건축물,단독주택,주택,0,75.6,226.8,19830803,2,1,서울특별시 금천구 시흥동 822-22번지
11545,10300,0,0822,0025,,,일반건축물,단독주택,다가구용 단독주택(4가구),145.33,87.14,239.46,19940524,2,1,서울특별시 금천구 시흥동 822-25번지
11545,10300,0,0822,0026,,,일반건축물,단독주택,주택,117.6,58.73,172.23,19921226,2,1,서울특별시 금천구 시흥동 822-26번지
11545,10300,0,0822,0027,,,일반건축물,단독주택,주택,0,77.02,148.1,19780705,2,1,서울특별시 금천구 시흥동 822-27번지
11545,10300,0,0822,0028,,,일반건축물,단독주택,다가구용 단독주택(5가구),168.8,93.42,278.31,19910610,2,1,서울특별시 금천구 시흥동 822-28번지
11545,10300,0,0822,0029,,,일반건축물,단독주택,단독주택,170.95,83.96,246.96,19900404,2,1,서울특별시 금천구 시흥동 822-29번지
11545,10300,0,0822,0031,,,일반건축물,단독주택,다가구주택(5가구),152,80.82,233.59,19920403,2,1,서울특별시 금천구 시흥동 822-31번지
11545,10300,0,0822,0032,에이엔캐슬,,표제부,공동주택,공동주택,394.66,210.02,590.98,20170721,5,0,서울특별시 금천구 시흥동 822-32번지
11545,10300,0,0822,0036,,,일반건축물,단독주택,단독주택,106,52.95,158.85,19900828,2,1,서울특별시 금천구 시흥동 822-36번지
11545,10300,0,0822,0037,,,일반건축물,단독주택,다가구용 단독주택(5가구),105.76,62.61,185.19,19910523,2,1,서울특별시 금천구 시흥동 822-37번지
11545,10300,0,0822,0038,,,일반건축물,단독주택,다가구용 단독주택(8가구),191.1,114.53,313.92,19930803,2,1,서울특별시 금천구 시흥동 822-38번지
11545,10300,0,0822,0039,에이동,,일반건축물,단독주택,주택,0,75.96,227.88,19830902,2,1,서울특별시 금천구 시흥동 822-39번지
11545,10300,0,0822,0039,비동,,일반건축물,단독주택,주택,0,76.86,230.58,19830902,2,1,서울특별시 금천구 시흥동 822-39번지
11545,10300,0,0822,0042,와이앤캐슬,,표제부,공동주택,공동주택,258,152.27,489,20141008,5,0,서울특별시 금천구 시흥동 822-42번지
11545,10300,0,0822,0045,청림,,표제부,공동주택,공동주택,169.5,98.5,335.86,20171024,5,0,서울특별시 금천구 시흥동 822-45번지
11545,10300,0,0822,0046,자라하우스3,,표제부,공동주택,공동주택,395,229.18,659.11,20170614,5,0,서울특별시 금천구 시흥동 822-46번지
11545,10300,0,0822,0054,티에스빌,,표제부,공동주택,공동주택,479.9,225.24,658.16,20170203,5,0,서울특별시 금천구 시흥동 822-54번지
11545,10300,0,0823,0000,신세계아파트,,표제부,공동주택,공동주택(아파트),481,287.94,1662.13,20020404,5,1,서울특별시 금천구 시흥동 823번지
11545,10300,0,0823,0001,유경빌라,,표제부,공동주택,다세대주택,264.4,157.85,614.35,20020619,5,0,서울특별시 금천구 시흥동 823-1번지
11545,10300,0,0823,0002,광진에버빌,,표제부,공동주택,공동주택,313.8,187.67,627.06,20140922,5,0,서울특별시 금천구 시흥동 823-2번지
11545,10300,0,0823,0004,자라하우스2,,표제부,공동주택,공동주택,328.3,193.76,655.02,20170322,5,0,서울특별시 금천구 시흥동 823-4번지
11545,10300,0,0823,0005,인제빌딩,,일반건축물,단독주택,단독주택,127.7,76.6,287.08,20170914,3,1,서울특별시 금천구 시흥동 823-5번지
11545,10300,0,0823,0006,,,일반건축물,단독주택,주택,0,63.14,130.58,19780422,2,1,서울특별시 금천구 시흥동 823-6번지
11545,10300,0,0823,0007,,,일반건축물,단독주택,다가구용 단독주택(5가구),207,123.25,310.44,19970910,2,1,서울특별시 금천구 시흥동 823-7번지
11545,10300,0,0823,0008,,,일반건축물,단독주택,다가구주택,107.5,62.68,183.91,20030411,2,1,서울특별시 금천구 시흥동 823-8번지
11545,10300,0,0823,0009,,,일반건축물,단독주택,단독주택,113.5,56.2,168.6,19890529,2,1,서울특별시 금천구 시흥동 823-9번지
11545,10300,0,0823,0010,,,일반건축물,단독주택,단독주택,119.11,59.4,178.2,19900713,2,1,서울특별시 금천구 시흥동 823-10번지
11545,10300,0,0823,0012,첼시하우스2,,표제부,공동주택,공동주택,617,173.03,578.24,20161209,6,0,서울특별시 금천구 시흥동 823-12번지
11545,10300,0,0823,0012,첼시하우스2,,표제부,공동주택,공동주택,617,184.81,655.5,20161209,6,0,서울특별시 금천구 시흥동 823-12번지
11545,10300,0,0823,0017,금강파크빌,,표제부,공동주택,공동주택,372.8,223.37,659.72,20161129,5,0,서울특별시 금천구 시흥동 823-17번지
11545,10300,0,0823,0020,,,일반건축물,단독주택,다가구용 단독주택(5가구),119.9,69.41,199.05,19911007,2,1,서울특별시 금천구 시흥동 823-20번지
11545,10300,0,0823,0021,에버그린,,표제부,공동주택,공동주택,377.8,202.22,659.77,20130927,5,0,서울특별시 금천구 시흥동 823-21번지
11545,10300,0,0823,0024,,,일반건축물,단독주택,단독주택,136.6,68.25,204.75,19860829,2,1,서울특별시 금천구 시흥동 823-24번지
11545,10300,0,0823,0025,,,일반건축물,단독주택,단독주택,119.8,59.67,179.01,19901102,2,1,서울특별시 금천구 시흥동 823-25번지
11545,10300,0,0823,0026,,,일반건축물,단독주택,다가구용 단독주택(6가구),124.3,73.44,216,19910422,2,1,서울특별시 금천구 시흥동 823-26번지
11545,10300,0,0823,0027,,,일반건축물,단독주택,단독주택,123.1,61.48,188.34,19890510,2,1,서울특별시 금천구 시흥동 823-27번지
11545,10300,0,0823,0029,,,일반건축물,단독주택,단독주택,140.3,69.93,209.79,19881223,2,1,서울특별시 금천구 시흥동 823-29번지
11545,10300,0,0823,0030,,,일반건축물,단독주택,다가구용 단독주택(5가구),141.9,85.06,242.21,19951007,2,1,서울특별시 금천구 시흥동 823-30번지
11545,10300,0,0823,0031,,,일반건축물,단독주택,"근린생활시설, 주택",150,74.48,246.64,19840414,3,1,서울특별시 금천구 시흥동 823-31번지
11545,10300,0,0823,0032,,3,일반건축물,단독주택,"(제2종)근린생활시설, 주택",132.3,64,238.04,19880912,3,1,서울특별시 금천구 시흥동 823-32번지
11545,10300,0,0823,0033,,,일반건축물,단독주택,단독주택,127.3,63.36,190.08,19890220,2,1,서울특별시 금천구 시흥동 823-33번지
11545,10300,0,0823,0034,,,일반건축물,단독주택,주택,0,69.66,208.98,19890529,2,1,서울특별시 금천구 시흥동 823-34번지
11545,10300,0,0823,0035,,,일반건축물,단독주택,다가구용 단독주택(4가구),126.9,75.84,210.28,19940603,2,1,서울특별시 금천구 시흥동 823-35번지
11545,10300,0,0823,0036,,,일반건축물,단독주택,다가구용 단독주택(5가구),106.9,64.11,168.6,19940603,2,1,서울특별시 금천구 시흥동 823-36번지
11545,10300,0,0823,0037,자라하우스,,표제부,공동주택,"제2종근린생활시설,다세대주택",410.4,211.48,819.56,20160425,6,0,서울특별시 금천구 시흥동 823-37번지
11545,10300,0,0823,0042,,,일반건축물,단독주택,다가구용 단독주택(6가구),99.39,59.43,192.24,19940608,3,1,서울특별시 금천구 시흥동 823-42번지
11545,10300,0,0823,0043,,,일반건축물,단독주택,단독주택,105.6,52.05,156.15,19880512,2,1,서울특별시 금천구 시흥동 823-43번지
11545,10300,0,0823,0044,,,일반건축물,단독주택,단독주택,150.5,74.87,224.61,19890220,2,1,서울특별시 금천구 시흥동 823-44번지
11545,10300,0,0823,0045,,,일반건축물,단독주택,주택,0,69.12,207.36,19840720,2,1,서울특별시 금천구 시흥동 823-45번지
11545,10300,0,0823,0047,,,일반건축물,단독주택,"근린생활시설, 주택",142.2,75.58,236.38,19870616,3,1,서울특별시 금천구 시흥동 823-47번지
11545,10300,0,0823,0048,,,일반건축물,단독주택,주택,0,76.36,229.08,19821208,2,1,서울특별시 금천구 시흥동 823-48번지
11545,10300,0,0823,0049,,,일반건축물,단독주택,주택,0,74.16,222.48,19830129,2,1,서울특별시 금천구 시흥동 823-49번지
11545,10300,0,0823,0050,로엔하우스,,표제부,공동주택,도시형생활주택/단지형다세대주택,361.8,186.45,613.16,20160722,5,0,서울특별시 금천구 시흥동 823-50번지
11545,10300,0,0823,0054,,,일반건축물,단독주택,다가구용 단독주택(5가구),131.9,78.1,199.8,19940826,2,1,서울특별시 금천구 시흥동 823-54번지
11545,10300,0,0823,0055,시담빌,,표제부,공동주택,다세대주택,324.7,188.69,649.23,20201006,5,0,서울특별시 금천구 시흥동 823-55번지
11545,10300,0,0823,0057,,,일반건축물,단독주택,다가구용 단독주택(7가구),155.8,93.15,305.94,19940826,3,1,서울특별시 금천구 시흥동 823-57번지
11545,10300,0,0823,0063,해비치빌,,표제부,공동주택,공동주택,404.4,224.75,808.27,20180601,6,0,서울특별시 금천구 시흥동 823-63번지
11545,10300,0,0823,0065,,,일반건축물,단독주택,다가구주택(4가구),139.4,69.52,208.56,19901015,2,1,서울특별시 금천구 시흥동 823-65번지
11545,10300,0,0823,0066,,,일반건축물,제2종근린생활시설,"제2종근린생활시설(일반음식점,학원,제조업소)단독주택",149.11,89.28,327.65,20031016,4,0,서울특별시 금천구 시흥동 823-66번지
11545,10300,0,0823,0068,,,일반건축물,단독주택,"(제2종)근린생활시설, 주택",146.63,71.17,289.98,19870613,3,1,서울특별시 금천구 시흥동 823-68번지
11545,10300,0,0823,0069,,,일반건축물,제1종근린생활시설,"근린생활시설, 다가구용 단독주택(2가구)",117.8,70.24,287.89,19961029,3,1,서울특별시 금천구 시흥동 823-69번지
11545,10300,0,0823,0070,첼시하우스5차,,표제부,공동주택,"공동주택,근린생활시설",0,217.4,858.2,20170809,6,0,서울특별시 금천구 시흥동 823-70번지
11545,10300,0,0823,0070,첼시하우스5차,,표제부,공동주택,"공동주택,근린생활시설",0,207.2,576.96,20170809,5,0,서울특별시 금천구 시흥동 823-70번지
11545,10300,0,0823,0077,,,일반건축물,단독주택,다가구용 단독주택(3가구),96.5,57.48,149.22,19931224,2,1,서울특별시 금천구 시흥동 823-77번지
11545,10300,0,0823,0078,,,일반건축물,단독주택,다가구용 단독주택(5가구),124.5,74.52,193.38,19931224,2,1,서울특별시 금천구 시흥동 823-78번지
11545,10300,0,0823,0079,,,일반건축물,단독주택,다가구용 단독주택(6가구),121.7,66.48,199.44,19910807,2,1,서울특별시 금천구 시흥동 823-79번지
11545,10300,0,0823,0080,태을명가9차,,일반건축물,단독주택,단독주택(다중주택) 및 근린생활시설,127.3,75.58,301.53,20200213,4,1,서울특별시 금천구 시흥동 823-80번지
11545,10300,0,0823,0086,첼시하우스2C동,,표제부,공동주택,"다세대주택, 근린생활시설",142.5,83.2,243.53,20161223,4,0,서울특별시 금천구 시흥동 823-86번지
11545,10300,0,0824,0004,,,일반건축물,제2종근린생활시설,"제2종근린생활시설(사진관,기타사무소),단독주택,창고",222.7,133.49,438.63,20031009,4,0,서울특별시 금천구 시흥동 824-4번지
11545,10300,0,0824,0005,,,일반건축물,단독주택,단독주택,126.1,62.91,188.73,19890916,2,1,서울특별시 금천구 시흥동 824-5번지
11545,10300,0,0824,0006,,,일반건축물,단독주택,다가구용 단독주택(5가구),124.5,74.69,206.91,19931216,2,1,서울특별시 금천구 시흥동 824-6번지
11545,10300,0,0824,0009,,,일반건축물,제1종근린생활시설,"근린생활시설, 다가구용 단독주택",133.5,77.26,299.9,19931011,3,1,서울특별시 금천구 시흥동 824-9번지
11545,10300,0,0824,0013,,,일반건축물,단독주택,단독주택,168.8,82.2,246.6,19870820,2,1,서울특별시 금천구 시흥동 824-13번지
11545,10300,0,0824,0014,승우리버빌,,표제부,공동주택,다세대주택,199.7,118.77,467.66,20030426,4,1,서울특별시 금천구 시흥동 824-14번지
11545,10300,0,0824,0016,시흥동 824-16외3필지 다세대주택,,표제부,공동주택,공동주택,821.9,120.88,493.88,20190925,5,0,서울특별시 금천구 시흥동 824-16번지
11545,10300,0,0824,0016,시흥동 824-16외3필지 다세대주택,,표제부,공동주택,공동주택,821.9,220.41,655.68,20190925,5,0,서울특별시 금천구 시흥동 824-16번지
11545,10300,0,0824,0016,시흥동 824-16외3필지 다세대주택,,표제부,공동주택,공동주택,821.9,120.88,493.88,20190925,5,0,서울특별시 금천구 시흥동 824-16번지
11545,10300,0,0824,0020,,,일반건축물,단독주택,주택,182.7,82.26,246.78,19881022,2,1,서울특별시 금천구 시흥동 824-20번지
11545,10300,0,0824,0021,,,일반건축물,제1종근린생활시설,"주택, 근린생활시설",214.7,103.34,550.18,19920103,4,1,서울특별시 금천구 시흥동 824-21번지
11545,10300,0,0824,0022,가온빌리지,,표제부,공동주택,공동주택(다세대주택(14세대)),425.8,242.72,659.91,20221007,5,0,서울특별시 금천구 시흥동 824-22번지
11545,10300,0,0825,0000,금화빌딩,,일반건축물,제2종근린생활시설,"제1,2종근린생활시설(사무소),단독주택,아동관련시설",240.2,143.79,574.47,20040902,4,0,서울특별시 금천구 시흥동 825번지
11545,10300,0,0825,0002,금강파크빌,,표제부,공동주택,공동주택,278.4,166.86,556.53,20171027,5,0,서울특별시 금천구 시흥동 825-2번지
11545,10300,0,0825,0004,스타힐스,,표제부,공동주택,공동주택,300.65,177.46,600.73,20171019,5,0,서울특별시 금천구 시흥동 825-4번지
11545,10300,0,0825,0007,,,일반건축물,제2종근린생활시설,"제2종근린생활시설,단독주택",108.92,65.22,126.6,20030828,2,0,서울특별시 금천구 시흥동 825-7번지
11545,10300,0,0825,0008,,,일반건축물,단독주택,단독주택,143.3,71.33,213.99,19900821,2,1,서울특별시 금천구 시흥동 825-8번지
11545,10300,0,0825,0009,,,일반건축물,단독주택,다가구주택,145.5,87.24,317.58,19971004,3,1,서울특별시 금천구 시흥동 825-9번지
11545,10300,0,0825,0011,백운아이닉스Ⅲ,,표제부,공동주택,다세대주택,330.33,180.87,659.03,20030214,5,0,서울특별시 금천구 시흥동 825-11번지
11545,10300,0,0825,0012,,,일반건축물,제1종근린생활시설,"근린생활시설, 주택,교육연구및복지시설(아동관련시설)",192.59,96.27,519.5,19901027,5,1,서울특별시 금천구 시흥동 825-12번지
11545,10300,0,0825,0014,,,표제부,공동주택,다세대주택,193.1,94.22,249.18,19870703,2,1,서울특별시 금천구 시흥동 825-14번지
11545,10300,0,0825,0015,다음빌라,,표제부,공동주택,"공동주택, 제1종근린생활시설",307.8,177.56,596.91,20200610,5,0,서울특별시 금천구 시흥동 825-15번지
11545,10300,0,0825,0017,,,일반건축물,단독주택,"근린생활시설, 다가구용 단독주택(3가구)",130.53,78.28,198.9,19930901,3,0,서울특별시 금천구 시흥동 825-17번지
11545,10300,0,0825,0019,신영빌라,,표제부,공동주택,다세대주택_도시형생활주택(단지형),0,148.75,607.56,20201210,5,0,서울특별시 금천구 시흥동 825-19번지
11545,10300,0,0825,0019,신영빌라,,표제부,공동주택,다세대주택_도시형생활주택(단지형),0,181.06,641.38,20201210,5,0,서울특별시 금천구 시흥동 825-19번지
11545,10300,0,0825,0023,,,일반건축물,단독주택,주택,0,61.06,70.32,19740726,1,1,서울특별시 금천구 시흥동 825-23번지
11545,10300,0,0825,0024,스타힐스,,표제부,공동주택,공동주택(다세대주택),239.39,143.4,478.44,20200527,5,0,서울특별시 금천구 시흥동 825-24번지
11545,10300,0,0825,0026,,,일반건축물,단독주택,단독주택,131.3,66.16,133.29,19741017,2,1,서울특별시 금천구 시흥동 825-26번지
11545,10300,0,0825,0027,,,일반건축물,단독주택,단독주택,132.6,70.05,150.86,19750107,2,1,서울특별시 금천구 시흥동 825-27번지
11545,10300,0,0825,0028,,,일반건축물,단독주택,다가구용 단독주택(5가구),130,77.86,224.01,19911107,2,1,서울특별시 금천구 시흥동 825-28번지
11545,10300,0,0825,0030,,,일반건축물,단독주택,단독주택,144.2,62.13,186.39,19880818,2,1,서울특별시 금천구 시흥동 825-30번지
11545,10300,0,0825,0031,,.,일반건축물,단독주택,다가구용 단독주택(5가구),140.3,84.09,233.1,19921014,2,1,서울특별시 금천구 시흥동 825-31번지
11545,10300,0,0825,0034,,,일반건축물,단독주택,단독주택,167.2,82.38,247.14,19891028,2,1,서울특별시 금천구 시흥동 825-34번지
11545,10300,0,0825,0035,,,일반건축물,단독주택,단독주택,113.7,49.32,147.96,19900714,2,1,서울특별시 금천구 시흥동 825-35번지
11545,10300,0,0825,0036,,,일반건축물,단독주택,단독주택,227.6,101.06,249.94,19900220,2,1,서울특별시 금천구 시흥동 825-36번지
11545,10300,0,0825,0037,,,일반건축물,단독주택,다가구주택(4가구),169.9,82.35,250.05,19901119,2,1,서울특별시 금천구 시흥동 825-37번지
11545,10300,0,0825,0038,,,일반건축물,단독주택,단독주택,119.2,59.4,178.2,19850930,2,1,서울특별시 금천구 시흥동 825-38번지
11545,10300,0,0825,0040,,,일반건축물,단독주택,"다가구주택,제2종근린생활시설(일반음식점)",172.3,103.25,408.71,20040805,4,0,서울특별시 금천구 시흥동 825-40번지
11545,10300,0,0825,0041,,,일반건축물,단독주택,단독주택,162.6,81.09,243.27,19890909,2,1,서울특별시 금천구 시흥동 825-41번지
11545,10300,0,0825,0042,,,일반건축물,단독주택,단독주택,163,81.48,244.44,19891208,2,1,서울특별시 금천구 시흥동 825-42번지
11545,10300,0,0825,0043,,,일반건축물,단독주택,주택,0,77.69,156.04,19731208,2,1,서울특별시 금천구 시흥동 825-43번지
11545,10300,0,0825,0044,,,일반건축물,단독주택,다가구주택(7가구),163.4,87.33,244.35,19901224,2,1,서울특별시 금천구 시흥동 825-44번지
11545,10300,0,0825,0045,,,일반건축물,단독주택,주택,0,88,99.7,19731203,1,1,서울특별시 금천구 시흥동 825-45번지
11545,10300,0,0825,0050,,,일반건축물,제1종근린생활시설,"제1종근린생활시설(소매점),제2종근린생활시설",47.5,28.47,56.94,20040630,2,0,서울특별시 금천구 시흥동 825-50번지
11545,10300,0,0825,0051,,,일반건축물,단독주택,단독주택,98,48.78,146.34,19900723,2,1,서울특별시 금천구 시흥동 825-51번지
11545,10300,0,0826,0000,,,일반건축물,제2종근린생활시설,"제2종근린생활시설(일반음식점,사무소),단독주택",123.1,71.1,244.38,20040819,4,0,서울특별시 금천구 시흥동 826번지
11545,10300,0,0826,0002,,,일반건축물,단독주택,다가구용 단독주택(6가구),202.7,120.9,326.79,19961109,3,0,서울특별시 금천구 시흥동 826-2번지
11545,10300,0,0826,0004,로얄빌딩,,일반건축물,제2종근린생활시설,"(제1,2종)근린생활시설(일반음식점,사무소), 단독주택",280.4,167.78,749.65,20040916,5,0,서울특별시 금천구 시흥동 826-4번지
11545,10300,0,0826,0005,리치하우스,,일반건축물,단독주택,단독주택,219.5,131.01,413.49,20171201,5,0,서울특별시 금천구 시흥동 826-5번지
11545,10300,0,0826,0006,다온하우스,,표제부,공동주택,공동주택,191.7,114.9,383.12,20231120,5,0,서울특별시 금천구 시흥동 826-6번지
11545,10300,0,0826,0008,시흥노인교실,,일반건축물,노유자시설,근린공공시설,194.6,102.51,251.94,19980724,2,1,서울특별시 금천구 시흥동 826-8번지
11545,10300,0,0826,0009,,,일반건축물,단독주택,다가구용 단독주택(6가구),217.9,130.62,378.36,19940330,2,1,서울특별시 금천구 시흥동 826-9번지
11545,10300,0,0826,0010,,,일반건축물,종교시설,"교회, 주택",0,300.83,768.2,19730710,2,1,서울특별시 금천구 시흥동 826-10번지
11545,10300,0,0826,0011,,,일반건축물,단독주택,단독주택,200.1,99.99,299.97,19890602,2,1,서울특별시 금천구 시흥동 826-11번지
11545,10300,0,0826,0012,,,일반건축물,단독주택,주택,0,97.66,292.98,19880811,2,1,서울특별시 금천구 시흥동 826-12번지
11545,10300,0,0826,0013,,,일반건축물,단독주택,단독주택,199.4,99,287.28,19860929,2,1,서울특별시 금천구 시흥동 826-13번지
11545,10300,0,0826,0015,크림하우스2차,,표제부,공동주택,공동주택(다세대주택),392.6,235.48,659.86,20220629,5,0,서울특별시 금천구 시흥동 826-15번지
11545,10300,0,0826,0016,첼시하우스7,,표제부,공동주택,"공동주택,제2종 근린생활시설",402.2,217.68,804.03,20190712,6,0,서울특별시 금천구 시흥동 826-16번지
11545,10300,0,0826,0021,,,일반건축물,단독주택,다가구주택(8가구),197.4,98.37,288.45,19901119,2,1,서울특별시 금천구 시흥동 826-21번지
11545,10300,0,0826,0022,우성빌라,,표제부,공동주택,다세대주택,300.1,179.52,658.56,20030410,5,0,서울특별시 금천구 시흥동 826-22번지
11545,10300,0,0826,0024,더블루스테이,,표제부,공동주택,공동주택,233.3,138.16,466.31,20180726,5,0,서울특별시 금천구 시흥동 826-24번지
11545,10300,0,0826,0026,삼성아트빌,,표제부,공동주택,다세대주택,217.9,130.52,491.88,20021217,4,0,서울특별시 금천구 시흥동 826-26번지
11545,10300,0,0826,0027,다온플레이스,,표제부,공동주택,공동주택,212.5,127.44,394.33,20211108,5,0,서울특별시 금천구 시흥동 826-27번지
11545,10300,0,0826,0028,금강파크빌,,표제부,공동주택,다세대주택,357.8,213.9,656.73,20230707,5,0,서울특별시 금천구 시흥동 826-28번지
11545,10300,0,0826,0031,,,일반건축물,단독주택,다가구용 단독주택(4가구),115.9,69.46,262.88,19950919,3,1,서울특별시 금천구 시흥동 826-31번지
11545,10300,0,0826,0032,,,일반건축물,단독주택,주택,0,68.85,182.79,19841026,2,1,서울특별시 금천구 시흥동 826-32번지
11545,10300,0,0826,0033,,,일반건축물,단독주택,다가구용 단독주택(2가구),119.6,62.28,117.96,19960214,2,0,서울특별시 금천구 시흥동 826-33번지
11545,10300,0,0826,0034,,,일반건축물,단독주택,다가구용 단독주택(5가구),267.9,148.08,388.92,19901116,2,1,서울특별시 금천구 시흥동 826-34번지
11545,10300,0,0826,0036,코코트리뷰,,표제부,공동주택,공동주택,403.7,241.56,659.18,20180410,5,0,서울특별시 금천구 시흥동 826-36번지
11545,10300,0,0826,0038,아이빌10차,,표제부,공동주택,공동주택,257,148.09,505.09,20210916,5,0,서울특별시 금천구 시흥동 826-38번지
11545,10300,0,0826,0040,,,일반건축물,단독주택,단독주택,135.6,59.16,177.48,19850717,2,1,서울특별시 금천구 시흥동 826-40번지
11545,10300,0,0826,0041,,,일반건축물,단독주택,단독주택,123.13,60.84,182.52,19850930,2,1,서울특별시 금천구 시흥동 826-41번지
11545,10300,0,0827,0000,건우,,일반건축물,제2종근린생활시설,"게임제공업소,휴게음식점,사무소,독서실,의원",357.6,213.78,1282.44,20031224,6,1,서울특별시 금천구 시흥동 827번지
11545,10300,0,0827,0002,,,일반건축물,단독주택,다가구주택,137.2,82.11,256.41,20040727,4,0,서울특별시 금천구 시흥동 827-2번지
11545,10300,0,0827,0003,신흥뜨란채,,표제부,공동주택,공동주택,423.6,225.78,846.4,20171128,6,0,서울특별시 금천구 시흥동 827-3번지
11545,10300,0,0827,0006,,,표제부,공동주택,"제2종근린생활시설, 공동주택",273.1,162.58,535.71,20220321,5,0,서울특별시 금천구 시흥동 827-6번지
11545,10300,0,0827,0009,진흥 프라우드,,표제부,공동주택,공동주택,272.1,163.2,542.44,20171030,5,0,서울특별시 금천구 시흥동 827-9번지
11545,10300,0,0827,0011,금강팰리스,,표제부,공동주택,도시형생활주택(단지형다세대주택),0,183,563.06,20200902,5,0,서울특별시 금천구 시흥동 827-11번지
11545,10300,0,0827,0011,금강팰리스,,표제부,공동주택,도시형생활주택(단지형다세대주택),0,183,495.56,20200902,5,0,서울특별시 금천구 시흥동 827-11번지
11545,10300,0,0827,0014,리치하임,,일반건축물,단독주택,"다가구주택,근린생활시설",202.1,121.03,398.22,20201125,5,0,서울특별시 금천구 시흥동 827-14번지
11545,10300,0,0827,0015,스타힐스,,표제부,공동주택,도시형생활주택,211.7,125.26,423.09,20200917,5,0,서울특별시 금천구 시흥동 827-15번지
11545,10300,0,0827,0017,포그니빌,,표제부,공동주택,공동주택,319.4,191,638.1,20200313,5,0,서울특별시 금천구 시흥동 827-17번지
11545,10300,0,0827,0018,아이빌5차,,표제부,공동주택,공동주택(다세대주택),319,191.3,634.87,20201021,5,0,서울특별시 금천구 시흥동 827-18번지
11545,10300,0,0827,0019,쥬빌레,,표제부,공동주택,공동주택(다세대주택),300.9,174.09,601.44,20210603,5,0,서울특별시 금천구 시흥동 827-19번지
11545,10300,0,0827,0023,,,일반건축물,제2종근린생활시설,"제2종근린생활시설, 주택",195.3,111.35,507.69,19980708,4,1,서울특별시 금천구 시흥동 827-23번지
11545,10300,0,0827,0024,,,일반건축물,제2종근린생활시설,"근린생활시설,주택",133,66.41,212.48,19850727,2,1,서울특별시 금천구 시흥동 827-24번지
11545,10300,0,0827,0025,,,일반건축물,단독주택,주택,0,51.31,51.31,19740604,1,0,서울특별시 금천구 시흥동 827-25번지
11545,10300,0,0827,0028,이성 Hills,,표제부,공동주택,"제1종근린생활시설, 공동주택",237.8,142.33,475.49,20200310,5,0,서울특별시 금천구 시흥동 827-28번지
11545,10300,0,0827,0029,스타힐스,,표제부,공동주택,공동주택,354.55,212.04,659.08,20190529,5,0,서울특별시 금천구 시흥동 827-29번지
11545,10300,0,0827,0033,,,일반건축물,단독주택,단독주택,109.73,53.94,173.91,19850219,2,1,서울특별시 금천구 시흥동 827-33번지
11545,10300,0,0827,0035,,,일반건축물,단독주택,다가구용 단독주택(3가구),92,54.33,148.59,19930303,2,1,서울특별시 금천구 시흥동 827-35번지
11545,10300,0,0827,0038,,,일반건축물,단독주택,다가구주택(3가구),129.9,77.89,227.34,19920509,2,1,서울특별시 금천구 시흥동 827-38번지
11545,10300,0,0827,0039,,,일반건축물,단독주택,주택,0,61.16,115.04,19771223,2,1,서울특별시 금천구 시흥동 827-39번지
11545,10300,0,0827,0041,,,일반건축물,단독주택,다가구용 단독주택,120.2,70.68,199.8,19940302,2,1,서울특별시 금천구 시흥동 827-41번지
11545,10300,0,0827,0042,,,일반건축물,단독주택,다가구주택(6가구),125.4,69.19,199.35,19920525,2,1,서울특별시 금천구 시흥동 827-42번지
11545,10300,0,0827,0043,엘림하우스,,일반건축물,단독주택,근린생활시설 및 다중주택,128.1,71.04,340.08,20200131,5,1,서울특별시 금천구 시흥동 827-43번지
11545,10300,0,0827,0044,,,일반건축물,단독주택,주택,0,97.59,160.11,19770119,2,1,서울특별시 금천구 시흥동 827-44번지
11545,10300,0,0827,0044,,,표제부,공동주택,다세대주택(10세대),336.7,151.92,654.84,19941028,4,1,서울특별시 금천구 시흥동 827-44번지
11545,10300,0,0827,0045,,,일반건축물,단독주택,주택,0,81.98,187.76,19781127,2,1,서울특별시 금천구 시흥동 827-45번지
11545,10300,0,0827,0046,해피하우스,,일반건축물,단독주택,단독주택,260.9,142.84,269.99,20180510,2,1,서울특별시 금천구 시흥동 827-46번지
11545,10300,0,0827,0047,,,일반건축물,제1종근린생활시설,"제1,2종근린생활시설,단독주택",208.4,124.98,491.16,20031010,4,0,서울특별시 금천구 시흥동 827-47번지
11545,10300,0,0827,0058,금강펠리스,,표제부,공동주택,공동주택(단지형다세대주택),0,149.32,523.61,20200427,5,0,서울특별시 금천구 시흥동 827-58번지
11545,10300,0,0827,0058,금강펠리스,,표제부,공동주택,공동주택(단지형다세대주택),0,182.62,587.16,20200427,5,0,서울특별시 금천구 시흥동 827-58번지
11545,10300,0,0828,0000,,,일반건축물,단독주택,"점포, 사무실,주택",0,31.42,62.84,19771203,2,0,서울특별시 금천구 시흥동 828번지
11545,10300,0,0828,0001,,,일반건축물,단독주택,"제2종근린생활시설(일반음식점),단독주택",65.7,53.76,126.9,19771203,3,0,서울특별시 금천구 시흥동 828-1번지
11545,10300,0,0828,0002,,3,일반건축물,단독주택,"단독주택,제2종근린생활시설(일반음식점)",65.4,53.76,107.52,19771203,2,0,서울특별시 금천구 시흥동 828-2번지
11545,10300,0,0828,0003,,,일반건축물,제1종근린생활시설,"제1,2종근린생활시설",61.2,30,57.6,19771203,2,0,서울특별시 금천구 시흥동 828-3번지
11545,10300,0,0828,0004,현부스카이2,,표제부,공동주택,"공동주택, 업무시설",416,245.469,1220.713,20180830,8,0,서울특별시 금천구 시흥동 828-4번지
11545,10300,0,0828,0006,,,일반건축물,단독주택,다가구용 단독주택(5가구),129.8,76.13,228.39,19901128,2,1,서울특별시 금천구 시흥동 828-6번지
11545,10300,0,0828,0009,,,일반건축물,단독주택,주택,0,75.17,133.98,19760228,2,1,서울특별시 금천구 시흥동 828-9번지
11545,10300,0,0828,0010,,,일반건축물,단독주택,주택,0,77.62,146.36,19760729,2,1,서울특별시 금천구 시흥동 828-10번지
11545,10300,0,0828,0011,다솜,,표제부,공동주택,도시형생활주택(단지형-다세대),554.4,165.78,659.45,20140605,6,0,서울특별시 금천구 시흥동 828-11번지
11545,10300,0,0828,0011,다솜,,표제부,공동주택,도시형생활주택(단지형-다세대),554.4,164.84,659.53,20140605,6,0,서울특별시 금천구 시흥동 828-11번지
11545,10300,0,0828,0013,,,일반건축물,단독주택,단독주택,165.3,82.29,246.87,19861026,2,1,서울특별시 금천구 시흥동 828-13번지
11545,10300,0,0828,0015,건우그린빌라,,표제부,공동주택,다세대주택,256.2,144.68,585.2,20021023,5,0,서울특별시 금천구 시흥동 828-15번지
11545,10300,0,0828,0017,우성하이빌B동,,표제부,공동주택,다세대주택,289.3,173.33,658.1,20031118,5,0,서울특별시 금천구 시흥동 828-17번지
11545,10300,0,0828,0018,우성하이빌A동,,표제부,공동주택,다세대주택,289.2,173.33,658.1,20031205,5,0,서울특별시 금천구 시흥동 828-18번지
11545,10300,0,0828,0019,현부스카이,,표제부,공동주택,도시형생활주택(단지형다세대주택-10세대)/업무시설(오피스텔),323.4,173.84,932.06,20151112,8,0,서울특별시 금천구 시흥동 828-19번지
11545,10300,0,0828,0021,,,일반건축물,제1종근린생활시설,"근린생활시설, 주택",129.1,76.74,223.62,19960113,2,1,서울특별시 금천구 시흥동 828-21번지
11545,10300,0,0828,0022,,,일반건축물,제2종근린생활시설,"주택, 점포,(제2종)근린생활시설",54.8,35.7,80,19790925,2,1,서울특별시 금천구 시흥동 828-22번지
11545,10300,0,0828,0026,,,일반건축물,제2종근린생활시설,"소매점,금융업소,사무소,주택",126,69.55,264.79,19860627,3,1,서울특별시 금천구 시흥동 828-26번지
11545,10300,0,0828,0029,,,일반건축물,단독주택,"근린생활시설, 주택",117.5,69.55,148.67,19911106,2,1,서울특별시 금천구 시흥동 828-29번지
11545,10300,0,0828,0030,,,일반건축물,단독주택,"주택, 점포",0,77.69,160.99,19770930,2,1,서울특별시 금천구 시흥동 828-30번지
11545,10300,0,0828,0031,,,일반건축물,단독주택,"주택, 점포",0,107.84,120.93,19740729,1,1,서울특별시 금천구 시흥동 828-31번지
11545,10300,0,0828,0032,,,일반건축물,단독주택,"근린생활시설, 주택",131.4,65.5,214.7,19840305,2,1,서울특별시 금천구 시흥동 828-32번지
11545,10300,0,0828,0033,,,일반건축물,단독주택,주택,105,52.9,92.57,19750225,2,0,서울특별시 금천구 시흥동 828-33번지
11545,10300,0,0828,0034,,,일반건축물,단독주택,"점포, 주택",0,154.38,373.55,19800804,2,1,서울특별시 금천구 시흥동 828-34번지
11545,10300,0,0828,0035,,,일반건축물,제1종근린생활시설,"목욕탕, 근린생활시설",0,264.03,768.59,19720914,3,1,서울특별시 금천구 시흥동 828-35번지
11545,10300,0,0828,0036,,+,일반건축물,제1종근린생활시설,"근린생활시설, 주택",0,137.52,396.69,19820806,2,1,서울특별시 금천구 시흥동 828-36번지
11545,10300,0,0828,0037,,,일반건축물,제1종근린생활시설,"제1,2종근린생활시설",0,70.08,149.09,19790605,2,1,서울특별시 금천구 시흥동 828-37번지
11545,10300,0,0828,0038,,,일반건축물,제1종근린생활시설,근린생활시설,134.2,84.63,239.56,19780420,3,1,서울특별시 금천구 시흥동 828-38번지
11545,10300,0,0828,0039,,,일반건축물,제2종근린생활시설,"1종,2종근린생활시설",181.92,108,496.19,20031030,4,1,서울특별시 금천구 시흥동 828-39번지
11545,10300,0,0828,0040,,,일반건축물,제1종근린생활시설,"주택,음식점, 제1종근린생활시설",111.9,66.38,261.03,19731010,3,1,서울특별시 금천구 시흥동 828-40번지
11545,10300,0,0828,0041,,,일반건축물,제1종근린생활시설,"제1종근린생활시설(소매점,의원)",55.7,41.33,141.56,20040518,3,1,서울특별시 금천구 시흥동 828-41번지
11545,10300,0,0828,0042,,,일반건축물,단독주택,주택,0,73.72,150.41,19790801,2,1,서울특별시 금천구 시흥동 828-42번지
11545,10300,0,0828,0045,,,일반건축물,제1종근린생활시설,"근린생활시설, 주택, 제1종근린생활시설",294.3,126.48,489.6,19870506,3,1,서울특별시 금천구 시흥동 828-45번지
11545,10300,0,0828,0047,금산S클레스,,표제부,공동주택,공동주택/근린생활시설/오피스텔,142.2,78.48,500.41,20170308,8,0,서울특별시 금천구 시흥동 828-47번지
11545,10300,0,0828,0048,탑동경로당,,일반건축물,노유자시설,노인정,0,50.4,118.8,19861006,2,1,서울특별시 금천구 시흥동 828-48번지
11545,10300,0,0828,0049,,,일반건축물,단독주택,주택,0,62.81,188.43,19820628,2,1,서울특별시 금천구 시흥동 828-49번지
11545,10300,0,0828,0056,건우그린빌라,,표제부,공동주택,공동주택(다세대주택),242.6,144.3,579.48,20020503,5,0,서울특별시 금천구 시흥동 828-56번지
11545,10300,0,0830,0000,,,일반건축물,제1종근린생활시설,근린생활시설(의원),229.1,125.95,717.9,19771022,5,1,서울특별시 금천구 시흥동 830번지
11545,10300,0,0830,0001,,,일반건축물,단독주택,"주택, 점포",0,55.67,118.28,19770712,2,1,서울특별시 금천구 시흥동 830-1번지
11545,10300,0,0830,0002,,,일반건축물,제2종근린생활시설,"주택, 점포, 제2종근린생활시설",0,59.34,162.58,19760812,3,1,서울특별시 금천구 시흥동 830-2번지
11545,10300,0,0830,0003,,,일반건축물,제1종근린생활시설,"근린생활시설, 주택",0,83.97,243.64,19771008,3,1,서울특별시 금천구 시흥동 830-3번지
11545,10300,0,0830,0004,,,일반건축물,단독주택,"주택, 사무실, 점포",0,82.98,170.91,19780822,2,1,서울특별시 금천구 시흥동 830-4번지
11545,10300,0,0830,0005,,,일반건축물,제1종근린생활시설,근린생활시설,0,60.5,193.39,19781223,3,1,서울특별시 금천구 시흥동 830-5번지
11545,10300,0,0830,0007,,,일반건축물,단독주택,"주택, 점포",0,109.42,200,19780323,2,1,서울특별시 금천구 시흥동 830-7번지
11545,10300,0,0830,0008,,,일반건축물,제1종근린생활시설,"근린생활시설, 단독주택",157.6,93.06,447.16,19960808,4,1,서울특별시 금천구 시흥동 830-8번지
11545,10300,0,0830,0010,,,일반건축물,단독주택,"주택, 점포",0,87.97,184.93,19770618,2,1,서울특별시 금천구 시흥동 830-10번지
11545,10300,0,0830,0011,에이엔캐슬,,표제부,공동주택,"공동주택, 제2종근린생활시설",289.1,151.56,754.24,20170825,7,1,서울특별시 금천구 시흥동 830-11번지
11545,10300,0,0830,0013,,,일반건축물,단독주택,"주택,제2종근린생활시설",0,86.61,163.96,19771014,2,1,서울특별시 금천구 시흥동 830-13번지
11545,10300,0,0830,0014,,,일반건축물,제1종근린생활시설,"근린생활시설,제2종근린생활시설",157.7,78.15,331.46,19901112,3,1,서울특별시 금천구 시흥동 830-14번지
11545,10300,0,0830,0015,,,일반건축물,제2종근린생활시설,일반음식점,145.7,80.73,164.31,19770610,2,1,서울특별시 금천구 시흥동 830-15번지
11545,10300,0,0830,0017,,,일반건축물,단독주택,"주택, 점포",0,87.97,180.54,19770720,2,1,서울특별시 금천구 시흥동 830-17번지
11545,10300,0,0830,0019,,,일반건축물,단독주택,"주택, 점포",0,88.1,184.67,19770718,2,1,서울특별시 금천구 시흥동 830-19번지
11545,10300,0,0830,0021,,,일반건축물,제1종근린생활시설,"(제2종)근린생활시설, 주택",159.2,79.47,232.92,19870720,2,1,서울특별시 금천구 시흥동 830-21번지
11545,10300,0,0830,0022,그레이스,,일반건축물,제1종근린생활시설,"제1,2종근린생활시설",332.8,193.84,1301.94,20100111,7,1,서울특별시 금천구 시흥동 830-22번지
11545,10300,0,0830,0023,,,일반건축물,단독주택,"주택, 점포",0,82.31,179.17,19771005,2,1,서울특별시 금천구 시흥동 830-23번지
11545,10300,0,0830,0024,,,일반건축물,제1종근린생활시설,"근린생활시설, 단독주택",170.3,84.38,313.73,19910903,3,1,서울특별시 금천구 시흥동 830-24번지
11545,10300,0,0830,0033,,,일반건축물,단독주택,다가구용단독주택(7가구),0,107.82,323.46,19920413,2,1,서울특별시 금천구 시흥동 830-33번지
11545,10300,0,0831,0000,,,일반건축물,단독주택,"다가구주택,제2종근린생활시설(일반음식점)",167.9,98.92,389.37,20041223,4,0,서울특별시 금천구 시흥동 831번지
11545,10300,0,0831,0001,,,일반건축물,제1종근린생활시설,"근린생활시설,노유자시설",469.5,237.13,999.94,19891120,3,1,서울특별시 금천구 시흥동 831-1번지
11545,10300,0,0831,0003,은연빌라트,,표제부,공동주택,"공동주택,근린생활시설,업무시설",330,184.95,1152.66,20160420,7,1,서울특별시 금천구 시흥동 831-3번지
11545,10300,0,0831,0005,은연빌라트,,표제부,공동주택,공동주택,305,182.97,1170.62,20160516,7,1,서울특별시 금천구 시흥동 831-5번지
11545,10300,0,0831,0006,(주)남성프라자,,일반건축물,자동차관련시설,"제1,2종근린생활시설,판매시설,운동시설,방송통신실",2633.9,1430.76,13837.4,20021014,6,4,서울특별시 금천구 시흥동 831-6번지
11545,10300,0,0832,0000,,,일반건축물,단독주택,"(제2종)근린생활시설, 주택",132.9,65.97,263.88,19850516,3,1,서울특별시 금천구 시흥동 832번지
11545,10300,0,0832,0001,,,일반건축물,단독주택,단독주택,141,69.3,207.9,19860819,2,1,서울특별시 금천구 시흥동 832-1번지
11545,10300,0,0832,0002,,,일반건축물,단독주택,단독주택,175,70,210,19860819,2,1,서울특별시 금천구 시흥동 832-2번지
11545,10300,0,0832,0003,,,표제부,공동주택,다세대주택,234.9,98.64,391.68,19901231,3,1,서울특별시 금천구 시흥동 832-3번지
11545,10300,0,0832,0004,,,일반건축물,단독주택,단독주택,175,82.32,246.96,19900908,2,1,서울특별시 금천구 시흥동 832-4번지
11545,10300,0,0832,0005,,,일반건축물,단독주택,다가구용 단독주택(4가구),163.6,77.13,229.23,19910510,2,1,서울특별시 금천구 시흥동 832-5번지
11545,10300,0,0832,0006,,,일반건축물,단독주택,단독주택,111.9,55.89,167.67,19900516,2,1,서울특별시 금천구 시흥동 832-6번지
11545,10300,0,0832,0007,,,일반건축물,단독주택,주택,0,73.72,163.64,19781004,2,1,서울특별시 금천구 시흥동 832-7번지
11545,10300,0,0832,0008,,,일반건축물,단독주택,다가구용 단독주택(5가구),137.6,82.46,236.28,19940611,2,1,서울특별시 금천구 시흥동 832-8번지
11545,10300,0,0832,0009,,,일반건축물,단독주택,다가구용 단독주택(5가구),126,75.57,197.79,19940610,2,1,서울특별시 금천구 시흥동 832-9번지
11545,10300,0,0832,0011,,,일반건축물,단독주택,다가구용 단독주택(6가구),122.7,73.58,214,19921215,3,1,서울특별시 금천구 시흥동 832-11번지
11545,10300,0,0832,0012,,,일반건축물,단독주택,다가구용 단독주택,133.7,80.16,222.66,19921215,2,1,서울특별시 금천구 시흥동 832-12번지
11545,10300,0,0832,0013,,,일반건축물,단독주택,다가구주택(3가구),118.7,71.18,190.18,19981119,2,1,서울특별시 금천구 시흥동 832-13번지
11545,10300,0,0832,0017,,,일반건축물,제2종근린생활시설,"근린생활시설, 사무실",628.4,311.82,1231.44,19881010,3,1,서울특별시 금천구 시흥동 832-17번지
11545,10300,0,0832,0018,,,일반건축물,단독주택,주택,0,65.79,126.95,19770906,2,1,서울특별시 금천구 시흥동 832-18번지
11545,10300,0,0832,0019,,,일반건축물,단독주택,"주택, 점포",0,102.64,113.8,19750702,1,1,서울특별시 금천구 시흥동 832-19번지
11545,10300,0,0832,0020,,,일반건축물,단독주택,주택,0,90.54,249.66,19880822,2,1,서울특별시 금천구 시흥동 832-20번지
11545,10300,0,0832,0021,,,일반건축물,제1종근린생활시설,"(제2종)근린생활시설, 주택",112.6,55.68,167.04,19881202,2,1,서울특별시 금천구 시흥동 832-21번지
11545,10300,0,0832,0022,백마빌딩,,일반건축물,제2종근린생활시설,제2종근린생활시설,307.4,175.72,734.52,20191115,5,1,서울특별시 금천구 시흥동 832-22번지
11545,10300,0,0832,0023,,,표제부,공동주택,다세대주택,0,66.7,200.1,19860718,2,1,서울특별시 금천구 시흥동 832-23번지
11545,10300,0,0832,0024,,,일반건축물,제1종근린생활시설,"근린생활시설, 주택",344.4,168.4,647.6,19850702,3,1,서울특별시 금천구 시흥동 832-24번지
11545,10300,0,0832,0029,,,일반건축물,단독주택,"근린생활시설, 주택",0,68.99,177.34,19860718,2,1,서울특별시 금천구 시흥동 832-29번지
11545,10300,0,0832,0030,,,일반건축물,단독주택,단독주택,127.2,59.1,177.3,19860710,2,1,서울특별시 금천구 시흥동 832-30번지
11545,10300,0,0832,0031,,,일반건축물,단독주택,"근린생활시설, 주택",128.9,63.27,174.78,19860710,2,1,서울특별시 금천구 시흥동 832-31번지
11545,10300,0,0832,0035,,,일반건축물,단독주택,다가구용단독주택(3),122.3,65.17,186.16,19981119,3,1,서울특별시 금천구 시흥동 832-35번지
11545,10300,0,0833,0000,,,일반건축물,단독주택,"근린생활시설, 주택",0,57.19,131.66,19850531,2,1,서울특별시 금천구 시흥동 833번지
11545,10300,0,0833,0001,,,일반건축물,단독주택,다가구용 단독주택(6가구),115,65.71,189.16,19910713,2,1,서울특별시 금천구 시흥동 833-1번지
11545,10300,0,0833,0003,늘해랑,,표제부,공동주택,다세대주택,667.1,179.07,659.55,20160316,6,0,서울특별시 금천구 시흥동 833-3번지
11545,10300,0,0833,0003,늘해랑,,표제부,공동주택,다세대주택,667.1,184.14,659.2,20160316,6,0,서울특별시 금천구 시흥동 833-3번지
11545,10300,0,0833,0005,,,일반건축물,제1종근린생활시설,"근린생활시설, 주택(2가구)",215.6,107.06,542.72,19910829,4,1,서울특별시 금천구 시흥동 833-5번지
11545,10300,0,0833,0006,,,일반건축물,단독주택,다가구용 단독주택,191.4,114.79,443.96,19970701,3,1,서울특별시 금천구 시흥동 833-6번지
11545,10300,0,0833,0007,,,일반건축물,단독주택,단독주택,192.2,88.17,247.08,19870630,2,1,서울특별시 금천구 시흥동 833-7번지
11545,10300,0,0833,0008,삼미아트빌,,표제부,공동주택,다세대주택,351.4,141.28,658.68,20021108,4,1,서울특별시 금천구 시흥동 833-8번지
11545,10300,0,0833,0010,썬그린파크,,표제부,공동주택,다세대주택,264.2,157.22,517.16,20120315,5,0,서울특별시 금천구 시흥동 833-10번지
11545,10300,0,0833,0013,아이빌7차,,표제부,공동주택,공동주택,283.3,164.2,552.68,20210226,5,0,서울특별시 금천구 시흥동 833-13번지
11545,10300,0,0833,0014,아너스타워2차,,일반건축물,단독주택,"단독주택, 근린생활시설",264.4,158.6,528.62,20190731,5,0,서울특별시 금천구 시흥동 833-14번지
11545,10300,0,0833,0016,에스엠파크빌,,표제부,공동주택,도시형생활주택(다세대주택),318.5,190.69,634.86,20130320,5,0,서울특별시 금천구 시흥동 833-16번지
11545,10300,0,0833,0018,다원아트빌,,표제부,공동주택,도시형생활주택(다세대주택),270.9,162.09,541.27,20130501,5,0,서울특별시 금천구 시흥동 833-18번지
11545,10300,0,0833,0020,,,일반건축물,단독주택,"근린생활시설, 다가구용단독주택(4가구)",0,98.7,394.8,19920819,3,1,서울특별시 금천구 시흥동 833-20번지
11545,10300,0,0833,0021,,,일반건축물,단독주택,다가구주택,169.6,101.67,299.04,20000807,3,0,서울특별시 금천구 시흥동 833-21번지
11545,10300,0,0833,0022,,,표제부,공동주택,다세대주택,181.28,108.71,409.92,19931217,3,1,서울특별시 금천구 시흥동 833-22번지
11545,10300,0,0833,0025,,,일반건축물,단독주택,주택,0,82,246,19840903,2,1,서울특별시 금천구 시흥동 833-25번지
11545,10300,0,0833,0026,,,일반건축물,단독주택,주택,0,79.24,138.41,19730604,2,0,서울특별시 금천구 시흥동 833-26번지
11545,10300,0,0833,0027,,,일반건축물,단독주택,다가구주택(4가구),166.2,99.69,296.1,20000609,3,0,서울특별시 금천구 시흥동 833-27번지
11545,10300,0,0834,0000,금강파크빌,,표제부,공동주택,도시형 생활주택(단지형다세대주택),344.5,201.25,659.83,20130424,5,0,서울특별시 금천구 시흥동 834번지
11545,10300,0,0834,0002,,,일반건축물,단독주택,단독주택,170.1,83.31,247.65,19850910,2,1,서울특별시 금천구 시흥동 834-2번지
11545,10300,0,0834,0003,,,일반건축물,단독주택,다가구용 단독주택(5가구),114.7,67.59,169.01,19931220,2,1,서울특별시 금천구 시흥동 834-3번지
11545,10300,0,0834,0004,,,일반건축물,단독주택,단독주택,116,57.96,173.88,19900629,2,1,서울특별시 금천구 시흥동 834-4번지
11545,10300,0,0834,0005,,,일반건축물,단독주택,단독주택,116,57.96,173.88,19900522,2,1,서울특별시 금천구 시흥동 834-5번지
11545,10300,0,0834,0008,,,일반건축물,단독주택,주택,0,53.27,159.81,19890425,2,1,서울특별시 금천구 시흥동 834-8번지
11545,10300,0,0834,0009,,,일반건축물,단독주택,다가구용 단독주택(3가구),107,64.17,179.91,19960419,2,1,서울특별시 금천구 시흥동 834-9번지
11545,10300,0,0834,0010,,,일반건축물,단독주택,다가구용 단독주택,130.3,77.76,225.12,19960416,2,1,서울특별시 금천구 시흥동 834-10번지
11545,10300,0,0834,0011,,,일반건축물,단독주택,단독주택,146.8,73.23,219.69,19860701,2,1,서울특별시 금천구 시흥동 834-11번지
11545,10300,0,0834,0012,등명S.H빌,,표제부,공동주택,공동주택,552.7,165.6,553.83,20140226,5,0,서울특별시 금천구 시흥동 834-12번지
11545,10300,0,0834,0012,등명S.H빌,,표제부,공동주택,공동주택,552.7,164.8,547.32,20140226,5,0,서울특별시 금천구 시흥동 834-12번지
11545,10300,0,0834,0017,에스톤파크,,표제부,공동주택,공동주택(다세대주택),275.2,164.97,549.89,20140520,5,0,서울특별시 금천구 시흥동 834-17번지
11545,10300,0,0834,0020,에스톤파크,,표제부,공동주택,다세대주택,281.1,168.6,562.12,20140520,5,0,서울특별시 금천구 시흥동 834-20번지
11545,10300,0,0834,0021,다원아트빌,,표제부,공동주택,도시형생활주택(다세대주택),284,170.11,567.54,20131218,5,0,서울특별시 금천구 시흥동 834-21번지
11545,10300,0,0834,0023,,,일반건축물,단독주택,다가구용 단독주택(4가구),139.7,83.7,221.4,19930803,2,1,서울특별시 금천구 시흥동 834-23번지
11545,10300,0,0834,0024,,3,일반건축물,단독주택,다가구주택(7가구),135.5,80.76,299.64,19960919,3,1,서울특별시 금천구 시흥동 834-24번지
11545,10300,0,0834,0026,현주빌,,표제부,공동주택,공동주택(다세대주택),275.6,165.24,569.04,20100719,5,0,서울특별시 금천구 시흥동 834-26번지
11545,10300,0,0834,0028,백운아이닉스Ⅱ,,표제부,공동주택,다세대주택,285.9,170.07,613.77,20021015,4,0,서울특별시 금천구 시흥동 834-28번지
11545,10300,0,0834,0030,샤론인텔리안,,표제부,공동주택,도시형생활주택(단지형다세대),353.2,211.53,659.84,20130620,5,0,서울특별시 금천구 시흥동 834-30번지
11545,10300,0,0834,0032,MoonHouse,,표제부,공동주택,"공동주택, 제2종근린생활시설",170,101.61,339.2,20191008,5,0,서울특별시 금천구 시흥동 834-32번지
11545,10300,0,0835,0000,,,일반건축물,단독주택,"근린생활시설, 주택",134.5,79.99,291.06,19971206,4,0,서울특별시 금천구 시흥동 835번지
11545,10300,0,0835,0001,,,일반건축물,단독주택,단독주택,143.3,71.58,214.74,19891208,2,1,서울특별시 금천구 시흥동 835-1번지
11545,10300,0,0835,0002,신한빌,,표제부,공동주택,공동주택,235.6,141.16,466.25,20101130,5,0,서울특별시 금천구 시흥동 835-2번지
11545,10300,0,0835,0005,금강 누리빌,,표제부,공동주택,다세대주택,230.6,138,458.36,20120730,5,0,서울특별시 금천구 시흥동 835-5번지
11545,10300,0,0835,0007,문정빌,,표제부,공동주택,"공동주택,근린생활시설",235.6,140.68,471.14,20190621,5,0,서울특별시 금천구 시흥동 835-7번지
11545,10300,0,0835,0010,리안트,,표제부,공동주택,"도시형생활주택, 근린생활시설",234,138.94,466.62,20190522,5,0,서울특별시 금천구 시흥동 835-10번지
11545,10300,0,0835,0012,한솔그린빌,,표제부,공동주택,다세대주택,240.1,144,559.38,20031217,5,0,서울특별시 금천구 시흥동 835-12번지
11545,10300,0,0835,0015,럭스빌,,표제부,공동주택,다세대주택,230.9,138,459.7,20130619,5,0,서울특별시 금천구 시흥동 835-15번지
11545,10300,0,0835,0017,,,일반건축물,단독주택,"근린생활시설, 다가구용 단독주택(4가구)",126.1,75.48,321.91,19901213,4,1,서울특별시 금천구 시흥동 835-17번지
11545,10300,0,0835,0018,,,일반건축물,단독주택,다가구주택(5가구),137.1,81.06,201.24,19991117,2,1,서울특별시 금천구 시흥동 835-18번지
11545,10300,0,0835,0019,,,일반건축물,단독주택,다가구용 단독주택(11가구),175.6,103.35,383.16,19930909,3,1,서울특별시 금천구 시흥동 835-19번지
11545,10300,0,0835,0020,,,일반건축물,단독주택,단독주택,121.6,60.76,182.28,19870523,2,1,서울특별시 금천구 시흥동 835-20번지
11545,10300,0,0835,0021,비동,,일반건축물,단독주택,단독주택,134.8,67.28,200.94,19870611,2,1,서울특별시 금천구 시흥동 835-21번지
11545,10300,0,0835,0024,,,일반건축물,단독주택,단독주택,118.4,58.92,176.76,19870611,2,1,서울특별시 금천구 시흥동 835-24번지
11545,10300,0,0835,0025,에이동,,일반건축물,단독주택,단독주택,132.5,66.22,197.94,19870611,2,1,서울특별시 금천구 시흥동 835-25번지
11545,10300,0,0835,0026,,,일반건축물,단독주택,다가구주택(8가구),264.5,158.44,537.36,19961205,3,1,서울특별시 금천구 시흥동 835-26번지
11545,10300,0,0835,0027,용현빌라,,표제부,공동주택,공동주택(다세대주택),206.6,121.64,431.65,20120713,5,0,서울특별시 금천구 시흥동 835-27번지
11545,10300,0,0835,0028,,,일반건축물,단독주택,다가구주택(7가구),199.3,115.02,297.54,19930216,2,1,서울특별시 금천구 시흥동 835-28번지
11545,10300,0,0835,0029,유진빌,,표제부,공동주택,다세대주택,198.7,118.58,397.17,20121227,5,0,서울특별시 금천구 시흥동 835-29번지
11545,10300,0,0835,0030,,,일반건축물,교육연구시설,"근린생활시설, 교육연구및복지시설",198.8,115.51,453.52,19990305,3,1,서울특별시 금천구 시흥동 835-30번지
11545,10300,0,0835,0031,,,일반건축물,제1종근린생활시설,"주택, 근린생활시설",348.5,208.8,935.32,19840907,5,1,서울특별시 금천구 시흥동 835-31번지
11545,10300,0,0836,0000,은행어린이공원 관리사무소,,일반건축물,제2종근린생활시설,관리사무실,865,43.2,86.4,20000825,2,0,서울특별시 금천구 시흥동 836번지
11545,10300,0,0836,0001,,,일반건축물,제1종근린생활시설,"근린생활시설, 주택",101.6,60.15,226.47,19841101,3,1,서울특별시 금천구 시흥동 836-1번지
11545,10300,0,0836,0002,,,일반건축물,창고시설,창고시설(창고),371.9,105.3,105.3,19750206,1,0,서울특별시 금천구 시흥동 836-2번지
11545,10300,0,0836,0003,,,일반건축물,단독주택,단독주택,157.2,76.26,224.28,19900504,2,1,서울특별시 금천구 시흥동 836-3번지
11545,10300,0,0836,0004,,,표제부,공동주택,다세대주택,0,82.2,246.6,19860719,2,1,서울특별시 금천구 시흥동 836-4번지
11545,10300,0,0836,0005,,,일반건축물,단독주택,단독주택,160,79.59,238.77,19870425,2,1,서울특별시 금천구 시흥동 836-5번지
11545,10300,0,0836,0006,마이 해피하우스,,표제부,공동주택,다세대주택,624.2,186.58,621.7,20130503,5,0,서울특별시 금천구 시흥동 836-6번지
11545,10300,0,0836,0006,마이 해피하우스,,표제부,공동주택,다세대주택,624.2,186.58,621.54,20130503,5,0,서울특별시 금천구 시흥동 836-6번지
11545,10300,0,0836,0007,,,일반건축물,제1종근린생활시설,제1종근린생활시설(소매점),0,137.52,447.6,19821223,2,1,서울특별시 금천구 시흥동 836-7번지
11545,10300,0,0836,0008,,,일반건축물,단독주택,주택,0,70.61,81.39,19750929,1,1,서울특별시 금천구 시흥동 836-8번지
11545,10300,0,0836,0009,,,일반건축물,제1종근린생활시설,"점포,사무실,주택",0,133.55,506.1,19800929,3,1,서울특별시 금천구 시흥동 836-9번지
11545,10300,0,0836,0011,,,일반건축물,단독주택,주택,0,63.8,124.95,19780819,2,1,서울특별시 금천구 시흥동 836-11번지
11545,10300,0,0836,0012,에버그린빌,,표제부,공동주택,도시형생활주택(단지형다세대주택),315.2,188.87,629.39,20130827,5,0,서울특별시 금천구 시흥동 836-12번지
11545,10300,0,0836,0018,,,일반건축물,단독주택,"주택,점포",135.2,77.98,206.74,19770909,3,1,서울특별시 금천구 시흥동 836-18번지
11545,10300,0,0836,0019,,,일반건축물,단독주택,주택,0,74.71,89.59,19770909,1,1,서울특별시 금천구 시흥동 836-19번지
11545,10300,0,0836,0020,,,일반건축물,제1종근린생활시설,근린생활시설,333.4,190.79,447.59,19970130,1,1,서울특별시 금천구 시흥동 836-20번지
11545,10300,0,0836,0025,,,일반건축물,단독주택,주택,0,62.81,131.57,19780223,2,1,서울특별시 금천구 시흥동 836-25번지
11545,10300,0,0836,0026,,,일반건축물,단독주택,주택,0,73.39,162.98,19780810,2,1,서울특별시 금천구 시흥동 836-26번지
11545,10300,0,0836,0029,,,일반건축물,단독주택,주택,0,67.77,74.05,19770822,1,1,서울특별시 금천구 시흥동 836-29번지
11545,10300,0,0836,0030,,,일반건축물,제2종근린생활시설,"제2종근린생활시설,주택",0,78.68,157.03,19780318,2,1,서울특별시 금천구 시흥동 836-30번지
11545,10300,0,0836,0031,,,일반건축물,제1종근린생활시설,"주택, 근린생활시설",0,66.64,241.64,19831223,3,1,서울특별시 금천구 시흥동 836-31번지
11545,10300,0,0836,0032,은행나무빌,,표제부,공동주택,공동주택(다세대주택),127.3,75.49,254.14,20080408,5,0,서울특별시 금천구 시흥동 836-32번지
11545,10300,0,0836,0034,,,일반건축물,단독주택,"주택, 점포",0,60.63,117.82,19761020,2,1,서울특별시 금천구 시흥동 836-34번지
11545,10300,0,0836,0035,,,일반건축물,제1종근린생활시설,근린생활시설,125.3,71.8,197.6,19740615,3,0,서울특별시 금천구 시흥동 836-35번지
11545,10300,0,0836,0036,에버그린빌,,표제부,공동주택,도시형생활주택(단지형다세대주택)및제2종근린생활시설(사무소),276.4,165,551.14,20130827,5,0,서울특별시 금천구 시흥동 836-36번지
11545,10300,0,0837,0000,,,일반건축물,단독주택,"근린생활시설, 주택",140.9,68.83,231.08,19760831,3,1,서울특별시 금천구 시흥동 837번지
11545,10300,0,0837,0001,,,일반건축물,제1종근린생활시설,근린생활시설,0,61.49,103.47,19750124,2,0,서울특별시 금천구 시흥동 837-1번지
11545,10300,0,0837,0002,대광파크빌,,표제부,공동주택,다세대주택,229.7,136.45,458.92,20120330,5,0,서울특별시 금천구 시흥동 837-2번지
11545,10300,0,0837,0003,,,일반건축물,제2종근린생활시설,"제1종.제2종근린생활시설,다가구주택(3가구)",323,191.55,896.02,20030612,5,0,서울특별시 금천구 시흥동 837-3번지
11545,10300,0,0837,0005,첼시하우스,,표제부,공동주택,도시형생활주택/단지형다세대주택,637.28,174.42,628.36,20150709,6,0,서울특별시 금천구 시흥동 837-5번지
11545,10300,0,0837,0005,첼시하우스,,표제부,공동주택,도시형생활주택/단지형다세대주택,637.28,177.15,645.61,20150709,6,0,서울특별시 금천구 시흥동 837-5번지
11545,10300,0,0837,0008,,,표제부,공동주택,공동주택(도시형생활주택),123.44,69.69,215.73,20131022,4,0,서울특별시 금천구 시흥동 837-8번지
11545,10300,0,0837,0009,한백아트8차,,표제부,공동주택,"공동주택(다세대주택), 근린생활시설",392.87,235.14,693.34,20220922,5,0,서울특별시 금천구 시흥동 837-9번지
11545,10300,0,0837,0013,,,일반건축물,단독주택,"주택,(제1,2종)근린생활시설,",155,74.66,298.64,19841206,3,1,서울특별시 금천구 시흥동 837-13번지
11545,10300,0,0837,0014,드웰하우스,,표제부,공동주택,"공동주택,제2종근린생활시설",434.15,240.03,856.47,20180104,6,0,서울특별시 금천구 시흥동 837-14번지
11545,10300,0,0837,0016,백운아이닉스,,표제부,공동주택,다세대주택,125.05,73.89,294.3,20020703,5,0,서울특별시 금천구 시흥동 837-16번지
11545,10300,0,0837,0017,대광파크,,표제부,공동주택,다세대주택,251.83,151.06,511.33,20121205,5,0,서울특별시 금천구 시흥동 837-17번지
11545,10300,0,0837,0019,첼시하우스 Ⅲ,,표제부,공동주택,공동주택,328.9,195.52,655.22,20170608,5,0,서울특별시 금천구 시흥동 837-19번지
11545,10300,0,0837,0021,,,표제부,공동주택,도시형생활주택/단지형다세대주택,328.9,193.43,657.34,20250324,6,0,서울특별시 금천구 시흥동 837-21번지
11545,10300,0,0837,0028,,.,일반건축물,단독주택,주택,0,81.98,167.27,,2,1,서울특별시 금천구 시흥동 837-28번지
11545,10300,0,0837,0029,,,일반건축물,단독주택,주택,0,73.72,171.24,19800818,2,1,서울특별시 금천구 시흥동 837-29번지
11545,10300,0,0837,0030,,,일반건축물,단독주택,주택,0,81.32,194.05,19800915,2,1,서울특별시 금천구 시흥동 837-30번지
11545,10300,0,0837,0032,,,일반건축물,단독주택,"주택, 근린생활시설",0,89.37,357.48,19841214,3,1,서울특별시 금천구 시흥동 837-32번지
11545,10300,0,0837,0033,,,일반건축물,단독주택,"다가구주택, 제1종근린생활시설(소매점)",186.4,110.83,472.33,20240207,5,1,서울특별시 금천구 시흥동 837-33번지
11545,10300,0,0837,0034,,,일반건축물,제1종근린생활시설,근린생활시설,0,89.65,448.25,19920711,4,1,서울특별시 금천구 시흥동 837-34번지
11545,10300,0,0837,0035,,,일반건축물,제1종근린생활시설,"근린생활시설, 단독주택",183.1,95.23,349.88,19800724,3,1,서울특별시 금천구 시흥동 837-35번지
11545,10300,0,0837,0036,,,일반건축물,제1종근린생활시설,"제1종근린생활시설,제2종근린생활시설",164.6,77.36,159.35,19791206,2,1,서울특별시 금천구 시흥동 837-36번지
11545,10300,0,0837,0037,,,일반건축물,단독주택,"주택, 점포",0,76.36,235.7,19791112,2,1,서울특별시 금천구 시흥동 837-37번지
11545,10300,0,0837,0038,,,일반건축물,제1종근린생활시설,"(제1,2종)근린생활시설",613.1,327.13,1239.06,19800825,4,1,서울특별시 금천구 시흥동 837-38번지
11545,10300,0,0837,0041,,,일반건축물,단독주택,다가구용 단독주택(5가구),133.4,66.42,199.26,19900828,2,1,서울특별시 금천구 시흥동 837-41번지
11545,10300,0,0837,0042,,,일반건축물,단독주택,주택,0,65.79,143.8,19791212,2,1,서울특별시 금천구 시흥동 837-42번지
11545,10300,0,0837,0043,,,일반건축물,단독주택,주택,0,74.38,178.51,19800729,2,1,서울특별시 금천구 시흥동 837-43번지
11545,10300,0,0837,0044,,,일반건축물,단독주택,주택,0,73.06,179.5,19791201,2,1,서울특별시 금천구 시흥동 837-44번지
11545,10300,0,0837,0045,태을명가3차,,일반건축물,단독주택,"단독주택, 2종근린생활시설",111.5,66.71,216.58,20181105,5,0,서울특별시 금천구 시흥동 837-45번지
11545,10300,0,0837,0046,,,일반건축물,단독주택,단독주택,106,52.97,158.91,19900702,2,1,서울특별시 금천구 시흥동 837-46번지
11545,10300,0,0837,0047,,,일반건축물,단독주택,단독주택,113.1,56.37,169.11,19881017,2,1,서울특별시 금천구 시흥동 837-47번지
11545,10300,0,0837,0048,,,일반건축물,단독주택,단독주택,117.4,65.73,182.91,19880701,2,1,서울특별시 금천구 시흥동 837-48번지
11545,10300,0,0837,0049,,,일반건축물,단독주택,주택,116.4,58.06,174.18,19880418,2,1,서울특별시 금천구 시흥동 837-49번지
11545,10300,0,0837,0050,,,일반건축물,단독주택,주택,0,68.59,132.93,19750502,2,1,서울특별시 금천구 시흥동 837-50번지
11545,10300,0,0837,0051,,,일반건축물,제2종근린생활시설,근린생활시설,0,20.17,40.34,19760721,1,1,서울특별시 금천구 시흥동 837-51번지
11545,10300,0,0837,0051,,,일반건축물,제2종근린생활시설,"사무실, 점포,제2종근린생활시설",0,88.86,175.24,19750911,2,0,서울특별시 금천구 시흥동 837-51번지
11545,10300,0,0837,0052,,,일반건축물,제1종근린생활시설,"근린생활시설, 사무실, 주택,학원,일반음식점",0,150,683.61,19870330,4,1,서울특별시 금천구 시흥동 837-52번지
11545,10300,0,0837,0053,,,일반건축물,단독주택,단독주택,116,57.61,177.03,19900103,2,1,서울특별시 금천구 시흥동 837-53번지
11545,10300,0,0837,0054,,,일반건축물,단독주택,단독주택,117.1,58.38,182.68,19890527,2,1,서울특별시 금천구 시흥동 837-54번지
11545,10300,0,0837,0055,,,일반건축물,단독주택,주택,0,58.12,182.16,19890529,2,1,서울특별시 금천구 시흥동 837-55번지
11545,10300,0,0837,0056,,,일반건축물,단독주택,단독주택,161,80.52,241.56,19890626,2,1,서울특별시 금천구 시흥동 837-56번지
11545,10300,0,0837,0057,,,일반건축물,단독주택,"다가구주택, 제2종근린생활시설",165.7,98.58,331.22,20140121,5,0,서울특별시 금천구 시흥동 837-57번지
11545,10300,0,0838,0001,한신빌라,,표제부,공동주택,"근린생활시설, 연립주택",627.4,372.86,1929.21,19980801,5,1,서울특별시 금천구 시흥동 838-1번지
11545,10300,0,0838,0002,,,일반건축물,단독주택,"주택, 점포, 주차장",0,215.73,463,19750516,2,1,서울특별시 금천구 시흥동 838-2번지
11545,10300,0,0838,0003,,,일반건축물,단독주택,근린생활시설및주택,0,153.02,376.95,19720811,2,1,서울특별시 금천구 시흥동 838-3번지
11545,10300,0,0838,0004,미르.빌,,표제부,공동주택,다세대주택,181.24,107.24,372.91,20030117,4,0,서울특별시 금천구 시흥동 838-4번지
11545,10300,0,0838,0005,미르.빌,,표제부,공동주택,다세대주택,242.7,145.58,503.11,20030109,4,0,서울특별시 금천구 시흥동 838-5번지
11545,10300,0,0838,0006,,,일반건축물,단독주택,다가구용 단독주택(8가구),121.94,73.1,282.56,19951130,3,1,서울특별시 금천구 시흥동 838-6번지
11545,10300,0,0838,0010,,,일반건축물,단독주택,다가구 주택(3가구),97.38,58.26,230.94,19970716,3,1,서울특별시 금천구 시흥동 838-10번지
11545,10300,0,0838,0011,,,일반건축물,단독주택,단독주택,118.1,58,174,19861220,2,1,서울특별시 금천구 시흥동 838-11번지
11545,10300,0,0838,0012,,,일반건축물,단독주택,다가구용 단독주택(4가구),128.6,77,222,19910626,2,1,서울특별시 금천구 시흥동 838-12번지
11545,10300,0,0838,0013,,,일반건축물,단독주택,다가구용 단독주택(4가구),108.4,60.74,173.22,19911107,2,1,서울특별시 금천구 시흥동 838-13번지
11545,10300,0,0838,0014,원형아트빌,,표제부,공동주택,연립주택,420,249.56,1181.22,20020524,4,1,서울특별시 금천구 시흥동 838-14번지
11545,10300,0,0838,0017,,,일반건축물,단독주택,다가구용 단독주택(7가구),128.2,76.59,286.86,19931229,3,1,서울특별시 금천구 시흥동 838-17번지
11545,10300,0,0838,0018,,,일반건축물,단독주택,다가구용 단독주택(5가구),117.13,70.24,179.82,19931230,2,1,서울특별시 금천구 시흥동 838-18번지
11545,10300,0,0838,0019,,,일반건축물,단독주택,"단독주택,제2종근린생활시설",129.8,77.28,254.05,20171219,4,0,서울특별시 금천구 시흥동 838-19번지
11545,10300,0,0838,0020,,,일반건축물,단독주택,단독주택,122.6,60.9,182.7,19881102,2,1,서울특별시 금천구 시흥동 838-20번지
11545,10300,0,0838,0021,,,일반건축물,단독주택,"주택,근린생활시설",0,82.31,184.13,19771216,2,1,서울특별시 금천구 시흥동 838-21번지
11545,10300,0,0838,0022,,,일반건축물,제1종근린생활시설,"사무실, 근린생활시설, 주택",152.3,75.65,335.5,19830623,3,1,서울특별시 금천구 시흥동 838-22번지
11545,10300,0,0838,0024,,,일반건축물,단독주택,"주택, 주택",0,62.37,187.11,19840813,2,1,서울특별시 금천구 시흥동 838-24번지
11545,10300,0,0838,0025,,,일반건축물,단독주택,다가구주택(5가구),120.2,66.78,199.44,19920331,2,1,서울특별시 금천구 시흥동 838-25번지
11545,10300,0,0838,0026,,,일반건축물,단독주택,"주택, 주택",0,82.31,184.31,19771216,2,1,서울특별시 금천구 시흥동 838-26번지
11545,10300,0,0838,0028,,,일반건축물,제2종근린생활시설,"제1,2종근린생활시설",311.8,186.8,777.24,19780910,4,1,서울특별시 금천구 시흥동 838-28번지
11545,10300,0,0838,0029,,,일반건축물,단독주택,단독주택,133.8,66.79,200.37,19900704,2,1,서울특별시 금천구 시흥동 838-29번지
11545,10300,0,0838,0031,,,일반건축물,단독주택,주택,0,68.12,204.36,19841203,2,1,서울특별시 금천구 시흥동 838-31번지
11545,10300,0,0838,0032,,,일반건축물,제1종근린생활시설,"근린생활시설, 주택",153.8,76.44,475.98,19910725,5,1,서울특별시 금천구 시흥동 838-32번지
11545,10300,0,0838,0033,,,일반건축물,제2종근린생활시설,"제1,2종근린생활시설,강습소",462.8,227.46,897.59,19800215,3,1,서울특별시 금천구 시흥동 838-33번지
11545,10300,0,0838,0034,,,일반건축물,제1종근린생활시설,"근린생활시설, 단독주택",333.9,183.42,977.37,19940913,5,1,서울특별시 금천구 시흥동 838-34번지
11545,10300,0,0838,0035,,,일반건축물,단독주택,"주택, 점포,제1종근린생활시설",184.8,99.6,210.74,19760603,2,1,서울특별시 금천구 시흥동 838-35번지
11545,10300,0,0838,0037,,,일반건축물,제1종근린생활시설,"점포, 근린생활시설",0,164.3,628.76,19810630,3,1,서울특별시 금천구 시흥동 838-37번지
11545,10300,0,0839,0000,팔삼구빌딩,,일반건축물,제1종근린생활시설,"제1,2종근린생활시설, 단독주택",224.7,133.85,750.58,20020723,5,1,서울특별시 금천구 시흥동 839번지
11545,10300,0,0839,0001,송정 베스트빌,,표제부,공동주택,다세대주택,215.5,128.7,449.19,20111103,5,0,서울특별시 금천구 시흥동 839-1번지
11545,10300,0,0839,0002,,,일반건축물,제1종근린생활시설,근린생활시설,204.1,100.82,302.46,19840615,2,1,서울특별시 금천구 시흥동 839-2번지
11545,10300,0,0839,0003,,,일반건축물,제1종근린생활시설,"근린생활시설, 주택",226.9,112.7,345,19850731,2,1,서울특별시 금천구 시흥동 839-3번지
11545,10300,0,0839,0006,,,일반건축물,단독주택,"근린생활시설, 주택",0,76.46,142.68,19741029,2,1,서울특별시 금천구 시흥동 839-6번지
11545,10300,0,0839,0008,,,일반건축물,단독주택,"근린생활시설, 주택",0,65.1,260.4,19891117,3,1,서울특별시 금천구 시흥동 839-8번지
11545,10300,0,0839,0009,,,일반건축물,단독주택,단독주택,149.4,74.23,222.69,19860715,2,1,서울특별시 금천구 시흥동 839-9번지
11545,10300,0,0839,0010,프라임하우스,,표제부,공동주택,공동주택(다세대주택),342,203.82,650.08,20110113,5,0,서울특별시 금천구 시흥동 839-10번지
11545,10300,0,0839,0012,,,일반건축물,제2종근린생활시설,"주택, 근린생활시설",168,90.25,187.09,19780419,2,1,서울특별시 금천구 시흥동 839-12번지
11545,10300,0,0839,0013,,,표제부,공동주택,공동주택(도시형생활주택),215.1,115.44,402.26,20130329,5,0,서울특별시 금천구 시흥동 839-13번지
11545,10300,0,0839,0014,,,일반건축물,제2종근린생활시설,제2종근린생활시설,0,100.83,159.02,19771019,2,1,서울특별시 금천구 시흥동 839-14번지
11545,10300,0,0839,0015,,,일반건축물,단독주택,주택,0,65.79,131.91,19771008,2,1,서울특별시 금천구 시흥동 839-15번지
11545,10300,0,0839,0016,,,일반건축물,단독주택,다가구용 단독주택(4가구),140.3,83.97,257.55,19960709,2,1,서울특별시 금천구 시흥동 839-16번지
11545,10300,0,0839,0017,,,일반건축물,단독주택,단독주택,172.4,82.45,247.35,19890518,2,1,서울특별시 금천구 시흥동 839-17번지
11545,10300,0,0839,0018,,,일반건축물,단독주택,"근린생활시설, 주택",143,71.4,214.2,19881017,3,0,서울특별시 금천구 시흥동 839-18번지
11545,10300,0,0839,0019,청솔빌리지,,표제부,공동주택,도시형생활주택(단지형다세대주택),263.9,135.44,527.34,20151202,6,0,서울특별시 금천구 시흥동 839-19번지
11545,10300,0,0839,0020,,,일반건축물,단독주택,주택,0,78.68,94.88,19770902,1,1,서울특별시 금천구 시흥동 839-20번지
11545,10300,0,0839,0021,,,일반건축물,단독주택,주택,0,93.62,194.55,19770803,2,1,서울특별시 금천구 시흥동 839-21번지
11545,10300,0,0839,0022,,,일반건축물,단독주택,다가구용 단독주택(3가구),106.4,63.51,190.53,19950318,2,1,서울특별시 금천구 시흥동 839-22번지
11545,10300,0,0839,0023,,,일반건축물,단독주택,"주택, (제2종)근린생활시설",0,48.96,161.84,19860527,3,1,서울특별시 금천구 시흥동 839-23번지
11545,10300,0,0839,0025,,,일반건축물,단독주택,"근린생활시설, 주택",93.5,46.08,167.04,19870828,3,1,서울특별시 금천구 시흥동 839-25번지
11545,10300,0,0839,0026,,,일반건축물,단독주택,단독주택,100.6,56.5,169.65,19940315,3,1,서울특별시 금천구 시흥동 839-26번지
11545,10300,0,0839,0027,,,일반건축물,단독주택,"근린생활시설, 주택",91.7,45.76,164.64,19871006,3,1,서울특별시 금천구 시흥동 839-27번지
11545,10300,0,0839,0028,,,일반건축물,단독주택,단독주택,96.3,47.97,143.91,19850916,2,1,서울특별시 금천구 시흥동 839-28번지
11545,10300,0,0839,0029,늘푸름 리앤안,,표제부,공동주택,다세대주택,293,175.73,582.52,20230412,5,0,서울특별시 금천구 시흥동 839-29번지
11545,10300,0,0839,0031,,,일반건축물,단독주택,다가구용 단독주택(6가구),177.1,105.93,297.63,19941116,2,1,서울특별시 금천구 시흥동 839-31번지
11545,10300,0,0839,0032,,,일반건축물,단독주택,단독주택,151.3,75.45,226.35,19890302,2,1,서울특별시 금천구 시흥동 839-32번지
11545,10300,0,0839,0033,,,일반건축물,단독주택,단독주택,161.5,80.04,249.87,19880113,2,1,서울특별시 금천구 시흥동 839-33번지
11545,10300,0,0839,0034,,,일반건축물,단독주택,단독주택,111.7,68.39,153.03,19771031,2,1,서울특별시 금천구 시흥동 839-34번지
11545,10300,0,0839,0036,,,일반건축물,단독주택,주택,0,57.85,128.59,19770819,2,1,서울특별시 금천구 시흥동 839-36번지
11545,10300,0,0839,0037,,,일반건축물,제2종근린생활시설,"근린생활시설, 단독주택,제2종근린생활시설",192.3,93.68,540.38,19940813,5,1,서울특별시 금천구 시흥동 839-37번지
11545,10300,0,0839,0038,,,일반건축물,단독주택,"주택, 점포",0,84.96,162.98,19780712,2,1,서울특별시 금천구 시흥동 839-38번지
11545,10300,0,0839,0039,,,일반건축물,단독주택,"주택, 근린생활시설",0,84.4,160.7,19770805,2,1,서울특별시 금천구 시흥동 839-39번지
11545,10300,0,0839,0040,,,일반건축물,제2종근린생활시설,"(제1,2종)근린생활시설",175.2,96.8,213.95,19780803,2,1,서울특별시 금천구 시흥동 839-40번지
11545,10300,0,0839,0041,,,일반건축물,제2종근린생활시설,제2종근린생활시설,115.2,56.1,68.23,19750428,1,1,서울특별시 금천구 시흥동 839-41번지
11545,10300,0,0839,0042,,,일반건축물,제1종근린생활시설,점포,0,78.98,78.98,19750501,1,0,서울특별시 금천구 시흥동 839-42번지
11545,10300,0,0839,0047,,,일반건축물,단독주택,주택,0,74.74,90.57,19750428,1,1,서울특별시 금천구 시흥동 839-47번지
11545,10300,0,0839,0048,,,일반건축물,단독주택,주택,0,88.43,149.75,19761217,2,1,서울특별시 금천구 시흥동 839-48번지
11545,10300,0,0839,0049,,,일반건축물,제1종근린생활시설,점포,0,99.34,112.3,19761227,1,1,서울특별시 금천구 시흥동 839-49번지
11545,10300,0,0840,0000,,,표제부,공동주택,다세대주택,162.6,83.87,418.47,19920313,4,1,서울특별시 금천구 시흥동 840번지
11545,10300,0,0840,0001,,,표제부,공동주택,다세대주택,245.8,113.46,559.76,19920313,4,1,서울특별시 금천구 시흥동 840-1번지
11545,10300,0,0840,0004,신영라피네,,표제부,공동주택,"공동주택, 제2종근린생활시설",428.17,250.95,856.01,20251121,7,0,서울특별시 금천구 시흥동 840-4번지
11545,10300,0,0840,0007,다청림,,표제부,공동주택,공동주택,865.47,161.12,573.52,20121017,6,0,서울특별시 금천구 시흥동 840-7번지
11545,10300,0,0840,0007,다청림,,표제부,공동주택,공동주택,865.47,149.02,568.89,20121017,6,0,서울특별시 금천구 시흥동 840-7번지
11545,10300,0,0840,0007,다청림,,표제부,공동주택,공동주택 및 제2종근린생활시설,865.47,155.96,586.3,20121017,6,0,서울특별시 금천구 시흥동 840-7번지
11545,10300,0,0840,0010,,,일반건축물,제2종근린생활시설,"근린생활시설(점포),제2종근린생활시설(학원)",0,167.16,315.71,,2,1,서울특별시 금천구 시흥동 840-10번지
11545,10300,0,0840,0010,,,일반건축물,단독주택,다가구용 단독주택(5가구),0,167.16,196.02,19910807,2,1,서울특별시 금천구 시흥동 840-10번지
11545,10300,0,0840,0011,일해리빙텔,,표제부,공동주택,다세대주택,246.71,145.58,567.97,20011024,5,0,서울특별시 금천구 시흥동 840-11번지
11545,10300,0,0840,0013,,,표제부,공동주택,다세대주택,340.34,133.67,656.85,19920407,4,1,서울특별시 금천구 시흥동 840-13번지
11545,10300,0,0840,0014,,,일반건축물,단독주택,주택,0,33.29,63.14,19680509,2,0,서울특별시 금천구 시흥동 840-14번지
11545,10300,0,0840,0014,,,일반건축물,단독주택,주택,0,53.22,53.22,19680509,1,0,서울특별시 금천구 시흥동 840-14번지
11545,10300,0,0840,0015,,,일반건축물,단독주택,주택,0,41.59,75.78,19740614,2,1,서울특별시 금천구 시흥동 840-15번지
11545,10300,0,0840,0017,,,일반건축물,단독주택,주택,0,54.98,59.28,19731005,1,1,서울특별시 금천구 시흥동 840-17번지
11545,10300,0,0840,0018,,,일반건축물,단독주택,주택,0,69.75,151.4,19801220,2,1,서울특별시 금천구 시흥동 840-18번지
11545,10300,0,0840,0019,,,일반건축물,단독주택,단독주택,79.7,39.25,117.75,19890905,2,1,서울특별시 금천구 시흥동 840-19번지
11545,10300,0,0840,0020,,,일반건축물,단독주택,단독주택,164.94,82.41,247.23,19870617,2,1,서울특별시 금천구 시흥동 840-20번지
11545,10300,0,0840,0022,,,일반건축물,단독주택,"근린생활시설, 주택",128.96,63.72,191.16,19860716,2,1,서울특별시 금천구 시흥동 840-22번지
11545,10300,0,0840,0024,,,일반건축물,단독주택,단독주택,179.44,89.4,261.9,19871226,2,1,서울특별시 금천구 시흥동 840-24번지
11545,10300,0,0840,0025,,,일반건축물,단독주택,단독주택,87.93,41.58,126.54,19871022,2,1,서울특별시 금천구 시흥동 840-25번지
11545,10300,0,0840,0027,,,일반건축물,단독주택,단독주택,143.06,71.28,213.84,19880805,2,1,서울특별시 금천구 시흥동 840-27번지
11545,10300,0,0840,0029,,,일반건축물,단독주택,"주택, 1종근린생활시설",86.4,35.47,35.47,19721222,1,0,서울특별시 금천구 시흥동 840-29번지
11545,10300,0,0840,0030,,,일반건축물,단독주택,"주택, 근린생활시설",0,48.01,136.2,19821115,3,1,서울특별시 금천구 시흥동 840-30번지
11545,10300,0,0840,0031,,,표제부,공동주택,연립주택,0,172.56,441.65,19811116,2,1,서울특별시 금천구 시흥동 840-31번지
11545,10300,0,0840,0033,,,일반건축물,단독주택,주택,0,52.89,52.89,,1,0,서울특별시 금천구 시흥동 840-33번지
11545,10300,0,0840,0034,스타힐스,,표제부,공동주택,다세대주택,277.7,165.41,555.27,20230310,5,0,서울특별시 금천구 시흥동 840-34번지
11545,10300,0,0840,0035,,,표제부,공동주택,연립주택(10세대),367,179.98,815.9,19970905,4,1,서울특별시 금천구 시흥동 840-35번지
11545,10300,0,0840,0037,,,일반건축물,단독주택,단독주택,138.8,69.21,212.7,19890410,2,1,서울특별시 금천구 시흥동 840-37번지
11545,10300,0,0840,0040,,,일반건축물,단독주택,주택(3가구),139.5,67.38,202.14,19880803,2,1,서울특별시 금천구 시흥동 840-40번지
11545,10300,0,0840,0042,,,일반건축물,단독주택,"주택(다가구), 점포, 제2종근린생활시설",0,69.09,191.83,19771229,3,1,서울특별시 금천구 시흥동 840-42번지
11545,10300,0,0840,0047,,,일반건축물,단독주택,"근린생활시설,다가구주택(3가구)",108.5,61.49,205.02,19780113,4,1,서울특별시 금천구 시흥동 840-47번지
11545,10300,0,0840,0050,,,표제부,공동주택,다세대주택(9세대),280.4,130.77,639.45,19910805,4,1,서울특별시 금천구 시흥동 840-50번지
11545,10300,0,0840,0051,,,일반건축물,단독주택,단독주택,174.16,83.66,245.82,19851210,2,1,서울특별시 금천구 시흥동 840-51번지
11545,10300,0,0840,0052,,,일반건축물,단독주택,"근린생활시설, 주택",148.85,83.6,315.4,19851210,3,1,서울특별시 금천구 시흥동 840-52번지
11545,10300,0,0840,0053,스타힐스,,표제부,공동주택,공동주택,0,175.32,653.56,20211210,5,0,서울특별시 금천구 시흥동 840-53번지
11545,10300,0,0840,0053,스타힐스,,표제부,공동주택,공동주택,0,199.5,635.26,20211210,5,0,서울특별시 금천구 시흥동 840-53번지
11545,10300,0,0840,0057,신진힐타운,,표제부,공동주택,다세대주택,259.8,151.3,659.36,20020926,4,1,서울특별시 금천구 시흥동 840-57번지
11545,10300,0,0840,0058,포에버빌,,표제부,공동주택,"도시형생활주택(단지형다세대주택),제2종근린생활시설(사무소)",539.7,123.28,629.04,20141124,5,1,서울특별시 금천구 시흥동 840-58번지
11545,10300,0,0840,0058,포에버빌,,표제부,공동주택,도시형생활주택(단지형다세대주택),539.7,199.6,629.2,20141124,5,0,서울특별시 금천구 시흥동 840-58번지
11545,10300,0,0840,0061,,,일반건축물,단독주택,"주택, 근린생활시설",0,82.6,321.3,19831205,3,1,서울특별시 금천구 시흥동 840-61번지
11545,10300,0,0840,0062,,,일반건축물,단독주택,다가구용 단독주택(6가구),142.35,80.98,237.81,19910729,2,1,서울특별시 금천구 시흥동 840-62번지
11545,10300,0,0840,0063,,,일반건축물,단독주택,단독주택,139.8,69.83,209.49,19900802,2,1,서울특별시 금천구 시흥동 840-63번지
11545,10300,0,0840,0066,포에버빌,,표제부,공동주택,공동주택,477.6,193.8,655.26,20140730,5,0,서울특별시 금천구 시흥동 840-66번지
11545,10300,0,0840,0066,포에버빌,,표제부,공동주택,"공동주택,제2종근린생활시설(사무소),주민공동시설",477.6,91.92,447.55,20140730,5,1,서울특별시 금천구 시흥동 840-66번지
11545,10300,0,0840,0068,,,일반건축물,제1종근린생활시설,"근린생활시설, 주택",0,101.4,539.73,19870917,5,1,서울특별시 금천구 시흥동 840-68번지
11545,10300,0,0840,0069,,,일반건축물,제1종근린생활시설,근린생활시설,0,120.33,478.68,19781108,3,1,서울특별시 금천구 시흥동 840-69번지
11545,10300,0,0840,0069,,,일반건축물,제1종근린생활시설,제1종근린생활시설(휴게음식점),0,15,15,20220330,1,0,서울특별시 금천구 시흥동 840-69번지
11545,10300,0,0840,0070,,,일반건축물,제2종근린생활시설,"근린생활, 주택",162.7,94.71,513.03,19960823,5,1,서울특별시 금천구 시흥동 840-70번지
11545,10300,0,0840,0090,,,일반건축물,단독주택,단독주택,145.77,71.98,215.94,19880805,2,1,서울특별시 금천구 시흥동 840-90번지
11545,10300,0,0840,0091,,,표제부,공동주택,다세대주택,270.9,122.1,592.86,19910731,4,1,서울특별시 금천구 시흥동 840-91번지
11545,10300,0,0841,0000,,,일반건축물,업무시설,사무실,0,50.56,107.44,19801210,2,1,서울특별시 금천구 시흥동 841번지
11545,10300,0,0841,0000,금천구가족센터,,일반건축물,업무시설,사무실,0,189.6,686.81,19831112,3,1,서울특별시 금천구 시흥동 841번지
11545,10300,0,0841,0002,,,일반건축물,단독주택,"근린생할시설, 주택",150.6,74.88,224.64,19880919,3,1,서울특별시 금천구 시흥동 841-2번지
11545,10300,0,0841,0003,,,표제부,공동주택,다세대주택,289.5,171.24,654.78,19940728,4,1,서울특별시 금천구 시흥동 841-3번지
11545,10300,0,0841,0004,,,표제부,공동주택,"다세대주택, 근린생활시설",213.9,106.89,320.67,19860514,3,1,서울특별시 금천구 시흥동 841-4번지
11545,10300,0,0841,0005,,,일반건축물,제2종근린생활시설,"교육연구시설(학원), 근린생활시설,제2종근린생활시설",470.1,262.37,1529.99,19960607,5,1,서울특별시 금천구 시흥동 841-5번지
11545,10300,0,0841,0007,,,일반건축물,제1종근린생활시설,"주택, 점포",0,106.78,303.48,19800621,2,1,서울특별시 금천구 시흥동 841-7번지
11545,10300,0,0841,0009,,,일반건축물,제2종근린생활시설,"근린생활시설,창고,제2종근린생활시설(제조업소)",0,133.6,569.65,19860729,4,1,서울특별시 금천구 시흥동 841-9번지
11545,10300,0,0841,0011,금호다올빌,,표제부,공동주택,공동주택,204.2,117.72,406.63,20211125,6,0,서울특별시 금천구 시흥동 841-11번지
11545,10300,0,0841,0013,,,일반건축물,제2종근린생활시설,제2종근린생활시설(종교집회장:교회),167.1,96.84,190.68,20020722,2,0,서울특별시 금천구 시흥동 841-13번지
11545,10300,0,0841,0014,,,표제부,공동주택,다세대주택,228.4,94.32,470.64,19930805,4,1,서울특별시 금천구 시흥동 841-14번지
11545,10300,0,0841,0016,리트리움,,표제부,공동주택,"공동주택, 근린생활시설",396.9,234,987.5,20180313,6,1,서울특별시 금천구 시흥동 841-16번지
11545,10300,0,0841,0018,,,일반건축물,단독주택,주택,0,62.81,188.43,19820730,2,1,서울특별시 금천구 시흥동 841-18번지
11545,10300,0,0841,0019,서울시흥초등학교,,일반건축물,교육연구시설,교육연구시설,15281.6,1570.33,7250.97,19980826,6,0,서울특별시 금천구 시흥동 841-19번지
11545,10300,0,0841,0019,서울시흥초등학교,,일반건축물,교육연구시설,교육연구시설,0,561.6,2246.4,19980826,4,0,서울특별시 금천구 시흥동 841-19번지
11545,10300,0,0841,0020,,,일반건축물,단독주택,"주택, 점포",0,72.4,148.44,19780812,2,1,서울특별시 금천구 시흥동 841-20번지
11545,10300,0,0841,0021,,,일반건축물,단독주택,단독주택,135.6,67.5,202.5,19881221,2,1,서울특별시 금천구 시흥동 841-21번지
11545,10300,0,0841,0022,,,일반건축물,단독주택,주택,0,82.92,246.78,19831221,2,1,서울특별시 금천구 시흥동 841-22번지
11545,10300,0,0841,0023,,,일반건축물,단독주택,다가구용 단독주택(7가구),142.6,82.68,305.88,19960605,3,1,서울특별시 금천구 시흥동 841-23번지
11545,10300,0,0841,0025,대한예수교장로회 시흥교회,,일반건축물,종교시설,종교시설(교회),3112.55,1571.96,6025.18,19920602,3,1,서울특별시 금천구 시흥동 841-25번지
11545,10300,0,0841,0030,창환빌라,,표제부,공동주택,연립주택,563.3,248.89,1036.88,19950117,4,1,서울특별시 금천구 시흥동 841-30번지
11545,10300,0,0841,0032,선경자이빌,,표제부,공동주택,다세대주택,364.6,217.5,687.17,20121112,5,0,서울특별시 금천구 시흥동 841-32번지
11545,10300,0,0841,0037,,,일반건축물,단독주택,다가구주택,170.6,102.02,294.84,20020118,3,0,서울특별시 금천구 시흥동 841-37번지
11545,10300,0,0841,0040,,,일반건축물,제1종근린생활시설,근린생활시설,239.1,112.55,369.42,19860728,3,1,서울특별시 금천구 시흥동 841-40번지
11545,10300,0,0841,0045,,,일반건축물,단독주택,"주택,제2종근린생활시설",0,100.07,197.26,19760426,2,1,서울특별시 금천구 시흥동 841-45번지
11545,10300,0,0841,0046,,,일반건축물,제2종근린생활시설,(제2종)근린생활시설,0,116.03,236.78,19770830,3,1,서울특별시 금천구 시흥동 841-46번지
11545,10300,0,0841,0048,,,일반건축물,단독주택,단독주택,177.48,82.2,246.6,19850722,2,1,서울특별시 금천구 시흥동 841-48번지
11545,10300,0,0841,0049,,,표제부,공동주택,제1종근린생활시설(소매점) 및 다세대주택,246.5,141.28,359.59,20160119,4,0,서울특별시 금천구 시흥동 841-49번지
11545,10300,0,0841,0051,,,일반건축물,단독주택,다가구용단독주택(7가구),0,84.12,249,19920812,2,1,서울특별시 금천구 시흥동 841-51번지
11545,10300,0,0841,0052,,,일반건축물,단독주택,단독주택,189.6,112.78,358.71,20131105,4,0,서울특별시 금천구 시흥동 841-52번지
11545,10300,0,0841,0053,,,일반건축물,단독주택,"근린생활시설, 제2종근린생활시설(사무소), 다가구주택",172.4,119.04,287.98,19740611,3,1,서울특별시 금천구 시흥동 841-53번지
11545,10300,0,0841,0054,,,일반건축물,제2종근린생활시설,"주택, (제2종)근린생활시설",0,82.88,491.48,19920909,5,1,서울특별시 금천구 시흥동 841-54번지
11545,10300,0,0841,0055,시흥동 코너스톤,,일반건축물,제1종근린생활시설,"제1,2종근린생활시설",359.5,215.42,718.54,20211025,5,0,서울특별시 금천구 시흥동 841-55번지
11545,10300,0,0841,0058,르엘 메종,,표제부,공동주택,공동주택(다세대주택),249.6,149.74,487.86,20240524,5,0,서울특별시 금천구 시흥동 841-58번지
11545,10300,0,0841,0060,,,일반건축물,단독주택,단독주택,165.69,81.9,245.7,19850722,2,1,서울특별시 금천구 시흥동 841-60번지
11545,10300,0,0841,0061,,,일반건축물,단독주택,"근린생활시설, 다세대주택",0,106.89,320.67,19860514,3,1,서울특별시 금천구 시흥동 841-61번지
11545,10300,0,0841,0063,,,일반건축물,단독주택,"단독주택, 근린생활시설",150.7,90.09,240.03,19881006,2,1,서울특별시 금천구 시흥동 841-63번지
11545,10300,0,0842,0000,,,일반건축물,제2종근린생활시설,"근린생활시설,제2종근린생활시설, 단독주택(1세대)",147.9,88.09,474.48,19940720,5,1,서울특별시 금천구 시흥동 842번지
11545,10300,0,0842,0002,,,일반건축물,단독주택,"(제2종)근린생활시설, 주택",229.2,113.94,474.12,19900315,3,1,서울특별시 금천구 시흥동 842-2번지
11545,10300,0,0842,0003,,,일반건축물,제2종근린생활시설,"근린생활시설,단독주택",226,108.8,688.36,19911216,6,1,서울특별시 금천구 시흥동 842-3번지
11545,10300,0,0842,0004,,,표제부,제2종근린생활시설,제2종근린생활시설,305.5,169.64,609.5,20220406,5,0,서울특별시 금천구 시흥동 842-4번지
11545,10300,0,0842,0005,,,표제부,공동주택,"다세대주택,제2종근린생활시설",267.1,159.98,529.65,20130808,5,0,서울특별시 금천구 시흥동 842-5번지
11545,10300,0,0842,0007,,,일반건축물,제2종근린생활시설,"근린생활시설, 주택",132.6,77.97,485.74,19980116,6,1,서울특별시 금천구 시흥동 842-7번지
11545,10300,0,0842,0008,,,일반건축물,제2종근린생활시설,근린생활시설,0,29.75,29.75,19760901,1,0,서울특별시 금천구 시흥동 842-8번지
11545,10300,0,0842,0009,,,일반건축물,단독주택,"주택, 점포,제2종근린생활시설",132.6,68.76,147.11,19780612,2,1,서울특별시 금천구 시흥동 842-9번지
11545,10300,0,0842,0010,,,일반건축물,단독주택,"주택, 점포, 제2종근린생활시설",0,81.62,163.97,19760729,2,1,서울특별시 금천구 시흥동 842-10번지
11545,10300,0,0842,0011,주성리치빌,,표제부,공동주택,다세대주택,248.8,148.53,497.41,20090422,5,0,서울특별시 금천구 시흥동 842-11번지
11545,10300,0,0842,0014,,,일반건축물,단독주택,다가구주택(4가구),109.6,54.72,164.16,19900808,2,1,서울특별시 금천구 시흥동 842-14번지
11545,10300,0,0842,0015,,,일반건축물,단독주택,단독주택,119.7,59.76,179.28,19900728,2,1,서울특별시 금천구 시흥동 842-15번지
11545,10300,0,0842,0016,,,일반건축물,단독주택,단독주택,123,61.44,184.32,19900808,2,1,서울특별시 금천구 시흥동 842-16번지
11545,10300,0,0842,0017,,,일반건축물,단독주택,다중주택,145.3,78.28,295.14,20100511,3,1,서울특별시 금천구 시흥동 842-17번지
11545,10300,0,0842,0018,,,일반건축물,단독주택,단독주택,137.3,68.64,205.92,19900210,2,1,서울특별시 금천구 시흥동 842-18번지
11545,10300,0,0842,0019,,,일반건축물,단독주택,단독주택,146.7,73.08,218.16,19891114,2,1,서울특별시 금천구 시흥동 842-19번지
11545,10300,0,0842,0020,,,일반건축물,단독주택,단독주택,153.9,76.8,230.4,19900118,2,1,서울특별시 금천구 시흥동 842-20번지
11545,10300,0,0842,0022,,,일반건축물,단독주택,다가구용 단독주택(5가구),147,83.12,249.36,19910626,2,1,서울특별시 금천구 시흥동 842-22번지
11545,10300,0,0842,0023,,,일반건축물,단독주택,단독주택,113.4,56.52,169.56,19900324,2,1,서울특별시 금천구 시흥동 842-23번지
11545,10300,0,0842,0025,,,일반건축물,단독주택,단독주택,124,61.92,185.76,19890811,2,1,서울특별시 금천구 시흥동 842-25번지
11545,10300,0,0842,0026,,,일반건축물,단독주택,단독주택,111.8,55.8,167.4,19890804,2,1,서울특별시 금천구 시흥동 842-26번지
11545,10300,0,0842,0027,,,일반건축물,단독주택,다가구용 단독주택(4가구),120.4,59.98,179.94,19900806,2,1,서울특별시 금천구 시흥동 842-27번지
11545,10300,0,0842,0028,,,일반건축물,단독주택,다가구주택(4가구),124.5,62.1,186.3,19900831,2,1,서울특별시 금천구 시흥동 842-28번지
11545,10300,0,0843,0000,,,일반건축물,단독주택,"근린생활시설, 주택",175.1,87.33,471.54,19870121,4,1,서울특별시 금천구 시흥동 843번지
11545,10300,0,0843,0001,,,일반건축물,단독주택,주택,0,55.44,177.375,19861229,2,1,서울특별시 금천구 시흥동 843-1번지
11545,10300,0,0843,0002,,,일반건축물,단독주택,단독주택,71.52,71.52,214.56,19850806,2,1,서울특별시 금천구 시흥동 843-2번지
11545,10300,0,0843,0003,,,일반건축물,단독주택,단독주택,99.4,49.2,147.6,19890912,2,1,서울특별시 금천구 시흥동 843-3번지
11545,10300,0,0843,0004,,3,일반건축물,단독주택,단독주택,119.1,58.85,173.19,19890118,2,1,서울특별시 금천구 시흥동 843-4번지
11545,10300,0,0843,0006,,,일반건축물,단독주택,단독주택,95.6,53.82,118.4,20010503,3,0,서울특별시 금천구 시흥동 843-6번지
11545,10300,0,0843,0007,,,일반건축물,단독주택,주택,0,55.92,167.76,19890803,2,1,서울특별시 금천구 시흥동 843-7번지
11545,10300,0,0843,0008,,,일반건축물,단독주택,단독주택,0,63.18,189.54,19920704,2,1,서울특별시 금천구 시흥동 843-8번지
11545,10300,0,0843,0009,,,일반건축물,단독주택,다가구용 단독주택(5가구),0,67.35,202.99,19920804,2,1,서울특별시 금천구 시흥동 843-9번지
11545,10300,0,0843,0010,,,일반건축물,단독주택,주택,0,80,240,19830531,2,1,서울특별시 금천구 시흥동 843-10번지
11545,10300,0,0843,0011,,,일반건축물,단독주택,단독주택,0,73.51,220.53,19920608,2,1,서울특별시 금천구 시흥동 843-11번지
11545,10300,0,0843,0012,,,일반건축물,단독주택,다가구용 단독주택(5가구),0,65.24,195.72,19920820,2,1,서울특별시 금천구 시흥동 843-12번지
11545,10300,0,0843,0013,,,일반건축물,단독주택,단독주택,134.8,77.57,220.53,19920530,2,1,서울특별시 금천구 시흥동 843-13번지
11545,10300,0,0843,0014,,,일반건축물,단독주택,"근린생활시설, 주택",131.6,65.56,152.58,19870818,2,1,서울특별시 금천구 시흥동 843-14번지
11545,10300,0,0843,0015,,,일반건축물,단독주택,단독주택,135.6,67.64,202.92,19850711,2,1,서울특별시 금천구 시흥동 843-15번지
11545,10300,0,0843,0016,,,일반건축물,단독주택,단독주택,150.9,72.36,217.08,19861120,2,1,서울특별시 금천구 시흥동 843-16번지
11545,10300,0,0843,0017,,,일반건축물,단독주택,단독주택,145.4,70.83,212.49,19861211,2,1,서울특별시 금천구 시흥동 843-17번지
11545,10300,0,0843,0019,금강파크빌,,표제부,공동주택,공동주택(다세대주택),288,172.56,575.62,20121218,5,0,서울특별시 금천구 시흥동 843-19번지
11545,10300,0,0843,0020,,,일반건축물,단독주택,주택,0,70.83,212.49,19861107,2,1,서울특별시 금천구 시흥동 843-20번지
11545,10300,0,0843,0021,,,일반건축물,노유자시설,"노유자시설(어린이집), 제2종근린생활시설",147.7,86.18,299.17,19861118,3,1,서울특별시 금천구 시흥동 843-21번지
11545,10300,0,0843,0022,,,일반건축물,단독주택,단독주택,136,67.67,203.01,19870410,2,1,서울특별시 금천구 시흥동 843-22번지
11545,10300,0,0843,0024,,,일반건축물,단독주택,단독주택,145.9,72.86,214.92,19861211,2,1,서울특별시 금천구 시흥동 843-24번지
11545,10300,0,0843,0025,,,일반건축물,단독주택,단독주택,146.1,71.9,215.7,19861120,2,1,서울특별시 금천구 시흥동 843-25번지
11545,10300,0,0844,0000,,,일반건축물,단독주택,단독주택,109.3,54.41,163.23,19850807,2,1,서울특별시 금천구 시흥동 844번지
11545,10300,0,0844,0001,,,일반건축물,단독주택,단독주택,119.2,59.4,178.2,19861025,2,1,서울특별시 금천구 시흥동 844-1번지
11545,10300,0,0844,0002,,,일반건축물,단독주택,다가구용단독주택(5가구),125.8,75.4,199.8,19940526,2,1,서울특별시 금천구 시흥동 844-2번지
11545,10300,0,0844,0003,,,일반건축물,단독주택,"근린생활시설, 다가구용단독주택(3가구)",146.2,87.11,264.48,19940519,3,1,서울특별시 금천구 시흥동 844-3번지
11545,10300,0,0844,0004,,,일반건축물,단독주택,"근린생활시설, 다가구용단독주택(2가구)",111.2,66.42,190.65,19950323,3,0,서울특별시 금천구 시흥동 844-4번지
11545,10300,0,0844,0007,,,일반건축물,단독주택,단독주택,103,51.42,154.26,19860604,2,1,서울특별시 금천구 시흥동 844-7번지
11545,10300,0,0844,0008,,,일반건축물,단독주택,단독주택,94,46.92,140.76,19860531,2,1,서울특별시 금천구 시흥동 844-8번지
11545,10300,0,0844,0010,신흥리치빌,,표제부,공동주택,다세대주택 및 근린생활시설,191.4,111.75,379.64,20150716,5,0,서울특별시 금천구 시흥동 844-10번지
11545,10300,0,0844,0012,,,일반건축물,단독주택,다가구용단독주택(4가구),98.76,59.04,149.72,19940705,2,1,서울특별시 금천구 시흥동 844-12번지
11545,10300,0,0844,0013,,,일반건축물,단독주택,"제2종근린생활시설,주택",115.7,65.86,144,19751108,2,1,서울특별시 금천구 시흥동 844-13번지
11545,10300,0,0844,0014,,,일반건축물,단독주택,주택,0,70.47,138.71,19751227,2,1,서울특별시 금천구 시흥동 844-14번지
11545,10300,0,0844,0015,,,일반건축물,단독주택,주택,0,57.22,128.53,19761002,2,1,서울특별시 금천구 시흥동 844-15번지
11545,10300,0,0844,0016,석영아트빌,,표제부,공동주택,공동주택,276,165.51,547.48,20200807,5,0,서울특별시 금천구 시흥동 844-16번지
11545,10300,0,0844,0019,,,일반건축물,단독주택,다가구용 단독주택(5가구),88.2,52.64,158.3,19930518,3,1,서울특별시 금천구 시흥동 844-19번지
11545,10300,0,0844,0021,,,일반건축물,단독주택,"다가구용 단독주택(4가구),제1종근린생활시설",91.1,54.59,141.57,19930522,2,1,서울특별시 금천구 시흥동 844-21번지
11545,10300,0,0844,0024,,,일반건축물,단독주택,단독주택,90.5,45.15,135.45,19870519,2,1,서울특별시 금천구 시흥동 844-24번지
11545,10300,0,0844,0026,,,일반건축물,단독주택,단독주택,79.9,43.2,129.6,19890830,2,1,서울특별시 금천구 시흥동 844-26번지
11545,10300,0,0844,0029,킴스빌,,일반건축물,단독주택,"다중주택, 2종근린생활시설",198.4,118.74,358.56,20200225,4,0,서울특별시 금천구 시흥동 844-29번지
11545,10300,0,0844,0030,,,일반건축물,단독주택,주택,0,66.64,130.94,19760727,2,1,서울특별시 금천구 시흥동 844-30번지
11545,10300,0,0844,0031,,,일반건축물,단독주택,"다가구용단독주택(4가구), 근린생활시설",139.3,83.34,298.92,19940412,3,1,서울특별시 금천구 시흥동 844-31번지
11545,10300,0,0844,0032,,,일반건축물,단독주택,단독주택,95.1,47.25,141.75,19870519,2,1,서울특별시 금천구 시흥동 844-32번지
11545,10300,0,0844,0033,,,일반건축물,단독주택,다가구용단독주택(4가구),100.66,60.1,141.8,19940628,2,1,서울특별시 금천구 시흥동 844-33번지
11545,10300,0,0845,0000,,,일반건축물,단독주택,"근린생활시설, 주택",142.4,85.25,275.25,19910713,3,1,서울특별시 금천구 시흥동 845번지
11545,10300,0,0845,0001,,,일반건축물,단독주택,단독주택,144.5,72.21,216.63,19891125,2,1,서울특별시 금천구 시흥동 845-1번지
11545,10300,0,0845,0002,,,일반건축물,단독주택,단독주택,154.2,76.83,230.49,19861202,2,1,서울특별시 금천구 시흥동 845-2번지
11545,10300,0,0845,0003,,,일반건축물,단독주택,"주택, 점포",0,82.58,163.24,19730427,2,1,서울특별시 금천구 시흥동 845-3번지
11545,10300,0,0845,0004,,,일반건축물,단독주택,단독주택,125.41,61.92,185.76,19851216,2,1,서울특별시 금천구 시흥동 845-4번지
11545,10300,0,0845,0005,,,일반건축물,단독주택,다가구용단독주택(5가구),126.2,74.18,196.44,19930513,2,1,서울특별시 금천구 시흥동 845-5번지
11545,10300,0,0845,0006,,,일반건축물,단독주택,단독주택,121.1,60.42,181.26,19891220,2,1,서울특별시 금천구 시흥동 845-6번지
11545,10300,0,0845,0007,,,일반건축물,단독주택,단독주택,113.3,56.28,168.84,19891028,2,1,서울특별시 금천구 시흥동 845-7번지
11545,10300,0,0845,0009,,,일반건축물,단독주택,단독주택,138.04,68.88,206.64,19860722,2,1,서울특별시 금천구 시흥동 845-9번지
11545,10300,0,0845,0010,,,일반건축물,단독주택,다가구용 단독주택(5가구),123.6,73.91,203.43,19940714,2,1,서울특별시 금천구 시흥동 845-10번지
11545,10300,0,0845,0011,,,일반건축물,단독주택,주택,0,63.72,191.16,19831010,2,1,서울특별시 금천구 시흥동 845-11번지
11545,10300,0,0845,0012,에스엠파크빌,,표제부,공동주택,도시형생활주택-다세대주택,248.5,147.47,487.11,20131024,5,0,서울특별시 금천구 시흥동 845-12번지
11545,10300,0,0845,0014,,,일반건축물,제1종근린생활시설,"근린생활지역, 주택",104.7,62.78,181.22,19970510,2,1,서울특별시 금천구 시흥동 845-14번지
11545,10300,0,0845,0015,,,일반건축물,단독주택,다가구주택(3가구),124.8,74.71,215.97,19970510,2,1,서울특별시 금천구 시흥동 845-15번지
11545,10300,0,0845,0016,,,일반건축물,단독주택,단독주택,99.8,49.65,148.95,19900407,2,1,서울특별시 금천구 시흥동 845-16번지
11545,10300,0,0845,0017,,,일반건축물,단독주택,단독주택,97.4,48.51,145.53,19860220,2,1,서울특별시 금천구 시흥동 845-17번지
11545,10300,0,0845,0018,,,일반건축물,단독주택,다가구용단독주택(4가구),93.3,50.76,149.58,19930927,2,1,서울특별시 금천구 시흥동 845-18번지
11545,10300,0,0845,0019,,,일반건축물,단독주택,단독주택,126.9,61.74,184.5,19850802,2,1,서울특별시 금천구 시흥동 845-19번지
11545,10300,0,0845,0021,,,일반건축물,단독주택,다가구주택,213.9,125.16,330.3,19970424,3,0,서울특별시 금천구 시흥동 845-21번지
11545,10300,0,0845,0022,,,일반건축물,단독주택,단독주택,112.6,56.16,168.48,19910613,2,1,서울특별시 금천구 시흥동 845-22번지
11545,10300,0,0845,0024,,,일반건축물,단독주택,다가구주택(5가구),130.2,77.92,222.96,19960508,3,0,서울특별시 금천구 시흥동 845-24번지
11545,10300,0,0845,0025,하이에코빌B,,표제부,공동주택,도시형생활주택-단지형다세대,352.2,207.22,658.79,20131129,5,0,서울특별시 금천구 시흥동 845-25번지
11545,10300,0,0845,0027,리치팰리스,,표제부,공동주택,(도시형생활주택-단지형다세대),365.6,211.26,659.5,20140228,5,0,서울특별시 금천구 시흥동 845-27번지
11545,10300,0,0845,0031,,,일반건축물,단독주택,"다가구주택(5가구),제2종근린생활시설",140.27,83.91,302.44,19941230,3,1,서울특별시 금천구 시흥동 845-31번지
11545,10300,0,0845,0032,,,일반건축물,단독주택,단독주택,123.2,61.5,184.5,19890612,2,1,서울특별시 금천구 시흥동 845-32번지
11545,10300,0,0845,0033,,,일반건축물,단독주택,단독주택,108.9,54.39,163.17,19900908,2,1,서울특별시 금천구 시흥동 845-33번지
11545,10300,0,0845,0036,,,일반건축물,단독주택,주택,0,56.64,169.92,19821230,2,1,서울특별시 금천구 시흥동 845-36번지
11545,10300,0,0845,0037,,,일반건축물,단독주택,다가구주택(3가구),133.5,66.26,196.74,19990823,3,0,서울특별시 금천구 시흥동 845-37번지
11545,10300,0,0845,0038,,,일반건축물,단독주택,단독주택,169.7,82.12,246.36,19891202,2,1,서울특별시 금천구 시흥동 845-38번지
11545,10300,0,0845,0039,,,일반건축물,단독주택,다가구용 단독주택(5가구),151.2,90.56,239.58,19940914,2,1,서울특별시 금천구 시흥동 845-39번지
11545,10300,0,0845,0040,,,일반건축물,제1종근린생활시설,"근린생활시설, 주택",140.4,82.3,390.33,19980428,4,1,서울특별시 금천구 시흥동 845-40번지
11545,10300,0,0845,0041,,,일반건축물,단독주택,단독주택,108.7,54,162,19860408,2,1,서울특별시 금천구 시흥동 845-41번지
11545,10300,0,0845,0042,,,일반건축물,단독주택,주택,0,62.27,186.81,19830907,2,1,서울특별시 금천구 시흥동 845-42번지
11545,10300,0,0845,0044,,,일반건축물,단독주택,주택,0,63.72,191.16,19831010,2,1,서울특별시 금천구 시흥동 845-44번지
11545,10300,0,0845,0045,하이에코빌A,,표제부,공동주택,도시형생활주택-단지형다세대,317.3,190.04,632.94,20131129,5,0,서울특별시 금천구 시흥동 845-45번지
11545,10300,0,0846,0000,,,일반건축물,단독주택,"근린생활시설, 다가구용 단독주택(3가구)",144.2,85.81,295.65,19940517,3,1,서울특별시 금천구 시흥동 846번지
11545,10300,0,0846,0001,,,일반건축물,단독주택,"주택, 점포",0,51.87,58.61,19760619,1,1,서울특별시 금천구 시흥동 846-1번지
11545,10300,0,0846,0002,,,일반건축물,제1종근린생활시설,"주택, 근린생활시설, 목욕탕",0,332.96,961.39,19721108,3,1,서울특별시 금천구 시흥동 846-2번지
11545,10300,0,0846,0005,금강누리빌,,표제부,공동주택,공동주택(다세대주택),173.26,92.22,317.74,20121226,5,0,서울특별시 금천구 시흥동 846-5번지
11545,10300,0,0846,0006,프라임빌,,표제부,공동주택,다세대주택,206.1,120.18,411.87,20131028,5,0,서울특별시 금천구 시흥동 846-6번지
11545,10300,0,0846,0009,,,일반건축물,단독주택,다가구주택,107.6,75.29,257,20031022,4,0,서울특별시 금천구 시흥동 846-9번지
11545,10300,0,0846,0010,,,일반건축물,단독주택,단독주택,100.5,49.92,149.76,19870818,2,1,서울특별시 금천구 시흥동 846-10번지
11545,10300,0,0846,0011,,,일반건축물,단독주택,다가구용 단독주택(5가구),111.3,59.22,177.66,19910626,2,1,서울특별시 금천구 시흥동 846-11번지
11545,10300,0,0846,0013,,,일반건축물,단독주택,주택,0,49.98,149.94,19880530,2,1,서울특별시 금천구 시흥동 846-13번지
11545,10300,0,0846,0014,,,일반건축물,단독주택,다가구주택(3가구),111.8,66.42,243.36,19960806,3,1,서울특별시 금천구 시흥동 846-14번지
11545,10300,0,0846,0015,,,일반건축물,단독주택,주택,0,54.45,113.39,19760624,2,1,서울특별시 금천구 시흥동 846-15번지
11545,10300,0,0846,0016,금강파크빌-에이,,표제부,공동주택,도시형생활주택(단지형다세대주택),190.3,113.24,380.07,20130515,5,0,서울특별시 금천구 시흥동 846-16번지
11545,10300,0,0846,0019,금강 파크빌 비동,,표제부,공동주택,다세대주택,225.8,135.39,450.78,20131029,5,0,서울특별시 금천구 시흥동 846-19번지
11545,10300,0,0846,0021,,,일반건축물,단독주택,주택,0,53.59,76.6,19760519,1,1,서울특별시 금천구 시흥동 846-21번지
11545,10300,0,0846,0023,,,일반건축물,단독주택,주택,0,64.83,129.38,19760106,2,1,서울특별시 금천구 시흥동 846-23번지
11545,10300,0,0846,0024,,,일반건축물,단독주택,다가구주택(3가구),104.2,62.44,165.18,19970712,3,0,서울특별시 금천구 시흥동 846-24번지
11545,10300,0,0846,0025,,,일반건축물,단독주택,단독주택,100.3,50.02,150.06,19900614,2,1,서울특별시 금천구 시흥동 846-25번지
11545,10300,0,0846,0026,,,일반건축물,단독주택,다가구용단독주택(6가구),0,66.06,198.18,19911112,2,1,서울특별시 금천구 시흥동 846-26번지
11545,10300,0,0846,0027,,,일반건축물,단독주택,단독주택,107.9,53.76,157.08,19870618,2,1,서울특별시 금천구 시흥동 846-27번지
11545,10300,0,0846,0029,,,일반건축물,단독주택,다가구용 단독주택(6가구),121.2,68.94,199.62,19911211,2,1,서울특별시 금천구 시흥동 846-29번지
11545,10300,0,0846,0030,,,일반건축물,단독주택,다가구용 단독주택(6가구),135.5,66.3,198.9,19911220,2,1,서울특별시 금천구 시흥동 846-30번지
11545,10300,0,0846,0031,,,일반건축물,단독주택,단독주택,99.2,49.42,148.26,19900614,2,1,서울특별시 금천구 시흥동 846-31번지
11545,10300,0,0846,0033,,,일반건축물,단독주택,다가구용 단독주택,105,62.24,176.31,19950524,2,1,서울특별시 금천구 시흥동 846-33번지
11545,10300,0,0846,0034,,,일반건축물,단독주택,다가구용 단독주택(4가구),139.1,75.68,222.39,19901116,2,1,서울특별시 금천구 시흥동 846-34번지
11545,10300,0,0846,0035,,,일반건축물,단독주택,단독주택,144.9,72.36,217.08,19891027,2,1,서울특별시 금천구 시흥동 846-35번지
11545,10300,0,0846,0036,,,일반건축물,단독주택,다가구용 단독주택(6가구),186.3,111.72,280.98,19940628,2,1,서울특별시 금천구 시흥동 846-36번지
11545,10300,0,0846,0037,,,일반건축물,단독주택,단독주택,186.6,83.19,244.17,19890629,2,1,서울특별시 금천구 시흥동 846-37번지
11545,10300,0,0846,0038,,,일반건축물,단독주택,"근린생활시설, 다가구주택(4가구)",168.3,97.2,298.57,19930729,3,1,서울특별시 금천구 시흥동 846-38번지
11545,10300,0,0846,0040,,,일반건축물,노유자시설,영유아보육시설,263,153.88,435.02,20070426,3,0,서울특별시 금천구 시흥동 846-40번지
11545,10300,0,0846,0042,,,일반건축물,단독주택,단독주택,145.5,72.63,217.89,19900611,2,1,서울특별시 금천구 시흥동 846-42번지
11545,10300,0,0847,0000,,,일반건축물,단독주택,"근린생활시설, 주택",102.2,50.88,180.7,19900614,3,1,서울특별시 금천구 시흥동 847번지
11545,10300,0,0847,0001,,,일반건축물,단독주택,"제2종근린생활시설, 주택",96.2,47.88,156.24,19890703,3,1,서울특별시 금천구 시흥동 847-1번지
11545,10300,0,0847,0002,아이린빌 3동,,표제부,공동주택,도시형생활주택(단지형다세대주택) 및 제1종근린생활시설,231.5,137.28,462.73,20141118,5,0,서울특별시 금천구 시흥동 847-2번지
11545,10300,0,0847,0003,,,일반건축물,단독주택,다가구용 단독주택(7가구),190.2,112.68,306.6,19930818,2,1,서울특별시 금천구 시흥동 847-3번지
11545,10300,0,0847,0004,샤론인텔리안,,표제부,공동주택,공동주택,374.7,219,659.52,20140925,5,0,서울특별시 금천구 시흥동 847-4번지
11545,10300,0,0847,0007,예일 센트럴,,표제부,공동주택,공동주택,325.4,182.15,650.61,20171206,6,0,서울특별시 금천구 시흥동 847-7번지
11545,10300,0,0847,0008,,,일반건축물,단독주택,다가구용 단독주택(5가구),180.7,105.25,276.09,19950511,2,1,서울특별시 금천구 시흥동 847-8번지
11545,10300,0,0847,0009,,,일반건축물,단독주택,다가구주택(5가구),183,109.2,272.7,19950511,2,1,서울특별시 금천구 시흥동 847-9번지
11545,10300,0,0847,0010,백운 인 베스트빌 가동,,표제부,공동주택,공동주택,232.6,139.14,464.72,20180704,5,0,서울특별시 금천구 시흥동 847-10번지
11545,10300,0,0847,0013,백운 인 베스트빌 나동,,표제부,공동주택,공동주택,119.4,71.19,238.45,20180704,5,0,서울특별시 금천구 시흥동 847-13번지
11545,10300,0,0847,0014,,,일반건축물,단독주택,다가구용 단독주택(5가구),186.8,107.11,287.85,19950511,2,1,서울특별시 금천구 시흥동 847-14번지
11545,10300,0,0847,0015,,,일반건축물,단독주택,단독주택,188.6,82.08,246.24,19871022,2,1,서울특별시 금천구 시흥동 847-15번지
11545,10300,0,0847,0016,,,일반건축물,단독주택,단독주택,101.2,50.3,150.9,19870818,2,1,서울특별시 금천구 시흥동 847-16번지
11545,10300,0,0847,0017,,,일반건축물,단독주택,"근린생활시설, 주택",196.85,97.92,614.16,19930226,5,1,서울특별시 금천구 시흥동 847-17번지
11545,10300,0,0847,0019,아페르금강,,표제부,공동주택,다세대주택 및 근린생활시설,335.2,197.42,670.32,20240828,5,0,서울특별시 금천구 시흥동 847-19번지
11545,10300,0,0847,0020,,,일반건축물,단독주택,"근린생활시설, 다가구주택(3가구)",177.6,106.14,299.64,19950224,3,1,서울특별시 금천구 시흥동 847-20번지
11545,10300,0,0847,0021,,,일반건축물,단독주택,"(제1종)근린생활시설, 주택",180.8,90.14,360.56,19850828,3,1,서울특별시 금천구 시흥동 847-21번지
11545,10300,0,0847,0022,아이린빌2동,,표제부,공동주택,도시형생활주택(단지형다세대),287.3,172.36,574.32,20141007,5,0,서울특별시 금천구 시흥동 847-22번지
11545,10300,0,0847,0023,아이린빌1동,,표제부,공동주택,도시형생활주택(단지형다세대),287.9,172.36,574.32,20141007,5,0,서울특별시 금천구 시흥동 847-23번지
11545,10300,0,0848,0000,,,일반건축물,단독주택,"주택, 점포, 근린생활시설",0,155.77,395.21,19750517,3,1,서울특별시 금천구 시흥동 848번지
11545,10300,0,0848,0002,대림 베스트빌,,표제부,공동주택,"공동주택, 제1종근린생활시설",231.72,129.6,457.35,20170728,5,0,서울특별시 금천구 시흥동 848-2번지
11545,10300,0,0848,0003,,,일반건축물,단독주택,주택,0,56.25,168.75,19830414,2,1,서울특별시 금천구 시흥동 848-3번지
11545,10300,0,0848,0004,,,일반건축물,제1종근린생활시설,"주택, 점포",0,115.7,255.86,19780111,2,1,서울특별시 금천구 시흥동 848-4번지
11545,10300,0,0848,0008,,,일반건축물,단독주택,다가구주택(3가구),81.2,55.17,159.15,19830808,3,1,서울특별시 금천구 시흥동 848-8번지
11545,10300,0,0848,0009,,,일반건축물,제2종근린생활시설,"주택,제2종근린생활시설",110.9,50.25,109.76,19781115,2,1,서울특별시 금천구 시흥동 848-9번지
11545,10300,0,0848,0010,,,일반건축물,단독주택,주택,0,68.76,149.75,19780923,2,1,서울특별시 금천구 시흥동 848-10번지
11545,10300,0,0848,0011,,,일반건축물,단독주택,"다가구주택,제1종근린생활시설(미용원)",169.72,95.72,296.97,20150226,4,0,서울특별시 금천구 시흥동 848-11번지
11545,10300,0,0848,0012,,,일반건축물,제2종근린생활시설,"제2종근린생활시설, 주택",361.8,175.2,723.55,19831209,4,1,서울특별시 금천구 시흥동 848-12번지
11545,10300,0,0848,0013,,,일반건축물,단독주택,"근린생활시설, 주택",220.3,110.09,518.59,19891118,4,1,서울특별시 금천구 시흥동 848-13번지
11545,10300,0,0848,0014,,,표제부,공동주택,연립주택,0,112.4,280.67,19801128,2,1,서울특별시 금천구 시흥동 848-14번지
11545,10300,0,0848,0015,,,일반건축물,단독주택,단독주택,188.4,91.62,249.21,19860218,2,1,서울특별시 금천구 시흥동 848-15번지
11545,10300,0,0848,0016,,,일반건축물,단독주택,단독주택,204.15,87.13,245.92,19850520,2,1,서울특별시 금천구 시흥동 848-16번지
11545,10300,0,0848,0018,,,일반건축물,단독주택,단독주택,116.2,57.76,178.42,19860609,2,1,서울특별시 금천구 시흥동 848-18번지
11545,10300,0,0848,0019,,,일반건축물,단독주택,주택,0,65.12,184.79,19790626,2,1,서울특별시 금천구 시흥동 848-19번지
11545,10300,0,0848,0020,,,일반건축물,단독주택,"근린생활시설, 주택",164.6,85.38,347.2,19800205,4,1,서울특별시 금천구 시흥동 848-20번지
11545,10300,0,0848,0022,,,일반건축물,제2종근린생활시설,"주택, 점포,제2종근린생활시설",0,113.72,408.93,,3,1,서울특별시 금천구 시흥동 848-22번지
11545,10300,0,0848,0023,동산골드하우스,,표제부,공동주택,공동주택,376.95,206.29,621.09,20160602,5,0,서울특별시 금천구 시흥동 848-23번지
11545,10300,0,0848,0026,주은케렌시아,,표제부,공동주택,공동주택 (도시형생활주택-원룸형),255.75,145.52,511.23,20190820,5,0,서울특별시 금천구 시흥동 848-26번지
11545,10300,0,0848,0028,,,일반건축물,단독주택,"주택, 점포",0,58.58,112.54,19751229,2,1,서울특별시 금천구 시흥동 848-28번지
11545,10300,0,0848,0029,,,일반건축물,단독주택,주택,124,61.83,185.49,19830714,2,1,서울특별시 금천구 시흥동 848-29번지
11545,10300,0,0848,0031,현대시장고객주민편의시설,,일반건축물,제2종근린생활시설,제2종근린생활시설(사무실),452.1,66.14,66.14,20120110,1,0,서울특별시 금천구 시흥동 848-31번지
11545,10300,0,0848,0034,,,일반건축물,제1종근린생활시설,"점포,제2종근린생활시설",163.4,97.46,251.18,19800114,2,1,서울특별시 금천구 시흥동 848-34번지
11545,10300,0,0849,0000,준 건설A,,표제부,공동주택,"공동주택(다세대주택),제1종근린생활시설",289.5,172.57,578.72,20160517,5,0,서울특별시 금천구 시흥동 849번지
11545,10300,0,0849,0002,,,일반건축물,단독주택,"주택, 점포",0,132.23,260.83,19791228,2,1,서울특별시 금천구 시흥동 849-2번지
11545,10300,0,0849,0004,남승맨션A동,,표제부,공동주택,공동주택(다세대주택8세대),221.1,132,440.8,20110808,5,0,서울특별시 금천구 시흥동 849-4번지
11545,10300,0,0849,0005,늘봄맨션,,표제부,공동주택,공동주택및1종근린생활시설,285.1,170.16,568.03,20110722,5,0,서울특별시 금천구 시흥동 849-5번지
11545,10300,0,0849,0006,,,일반건축물,단독주택,주택,0,73.8,221.4,19831111,2,1,서울특별시 금천구 시흥동 849-6번지
11545,10300,0,0849,0007,,,일반건축물,단독주택,주택,0,64.53,193.59,19831111,2,1,서울특별시 금천구 시흥동 849-7번지
11545,10300,0,0849,0008,,,일반건축물,단독주택,주택,0,57.51,172.53,19830827,2,1,서울특별시 금천구 시흥동 849-8번지
11545,10300,0,0849,0009,송정베스트빌,,표제부,공동주택,"다세대주택, 제2종근린생활시설",231.4,136,462.06,20120710,5,0,서울특별시 금천구 시흥동 849-9번지
11545,10300,0,0849,0011,금강파크빌,,표제부,공동주택,다세대주택(도시형생활주택),384.2,216.76,659.14,20161116,5,0,서울특별시 금천구 시흥동 849-11번지
11545,10300,0,0849,0017,,,일반건축물,단독주택,주택,0,63,189,19831018,2,1,서울특별시 금천구 시흥동 849-17번지
11545,10300,0,0849,0018,,,일반건축물,단독주택,단독주택,101.5,50.28,147.87,19871128,2,1,서울특별시 금천구 시흥동 849-18번지
11545,10300,0,0849,0019,,,일반건축물,단독주택,주택,0,54.85,155.75,19880122,2,1,서울특별시 금천구 시흥동 849-19번지
11545,10300,0,0849,0021,,,일반건축물,단독주택,단독주택,126.6,63.18,189.54,19900830,2,1,서울특별시 금천구 시흥동 849-21번지
11545,10300,0,0849,0022,헤렌하우스,,표제부,공동주택,공동주택,277.9,166,553.13,20170303,5,0,서울특별시 금천구 시흥동 849-22번지
11545,10300,0,0849,0025,,,일반건축물,단독주택,다가구용 단독주택(5가구),103.6,61.42,148.86,19931211,2,1,서울특별시 금천구 시흥동 849-25번지
11545,10300,0,0849,0026,,,일반건축물,단독주택,"근린생활시설, 다가구주택(3가구)",101.8,60.38,217.52,19931216,3,1,서울특별시 금천구 시흥동 849-26번지
11545,10300,0,0849,0028,,,일반건축물,단독주택,다가구용 단독주택(5가구),108.5,63.73,149.7,19931211,2,1,서울특별시 금천구 시흥동 849-28번지
11545,10300,0,0849,0029,,,일반건축물,단독주택,다가구용 단독주택(4가구),107.1,63.86,166.68,19940818,2,1,서울특별시 금천구 시흥동 849-29번지
11545,10300,0,0849,0030,,,일반건축물,단독주택,단독주택,153.2,75.09,223.17,19881223,2,1,서울특별시 금천구 시흥동 849-30번지
11545,10300,0,0849,0031,,,일반건축물,단독주택,단독주택,147.7,72.62,213.7,19891212,2,1,서울특별시 금천구 시흥동 849-31번지
11545,10300,0,0849,0032,시흥동 849-32번지 도시형 생활주택(원룸형) - B단지,,표제부,공동주택,공동주택,239.2,142.6,478.1,20190807,5,0,서울특별시 금천구 시흥동 849-32번지
11545,10300,0,0849,0033,시흥동 849-33번지 도시형 생활주택(원룸형) - A단지,,표제부,공동주택,공동주택,253.1,138.97,505.92,20190807,5,0,서울특별시 금천구 시흥동 849-33번지
11545,10300,0,0849,0035,A동,,일반건축물,단독주택,단독주택,283.7,75.48,226.44,19850716,2,1,서울특별시 금천구 시흥동 849-35번지
11545,10300,0,0849,0035,B동,,일반건축물,단독주택,단독주택,283.7,65.58,196.74,19850708,2,1,서울특별시 금천구 시흥동 849-35번지
11545,10300,0,0849,0036,,,일반건축물,단독주택,주택,0,57.24,171.72,19830827,2,1,서울특별시 금천구 시흥동 849-36번지
11545,10300,0,0849,0037,,,일반건축물,단독주택,주택,117.7,58.65,175.95,19881213,2,1,서울특별시 금천구 시흥동 849-37번지
11545,10300,0,0849,0038,,,일반건축물,단독주택,단독주택,115.7,57.51,172.53,19890930,2,1,서울특별시 금천구 시흥동 849-38번지
11545,10300,0,0849,0040,남승맨션B동,,표제부,공동주택,공동주택(다세대주택8세대),221.1,130.52,439.28,20110808,5,0,서울특별시 금천구 시흥동 849-40번지
11545,10300,0,0850,0000,힐하우스,,표제부,공동주택,공동주택,258.5,153,516.48,20110520,5,0,서울특별시 금천구 시흥동 850번지
11545,10300,0,0850,0001,,,일반건축물,단독주택,"근린생활시설, 다가구용 단독주택(8가구)",314.1,185.1,588.06,19910827,3,1,서울특별시 금천구 시흥동 850-1번지
11545,10300,0,0850,0004,,,일반건축물,단독주택,"근린생활시설, 주택",254.5,127.18,487.41,19810309,3,1,서울특별시 금천구 시흥동 850-4번지
11545,10300,0,0850,0006,,,일반건축물,제1종근린생활시설,점포,0,619.83,2207.59,19780911,2,1,서울특별시 금천구 시흥동 850-6번지
11545,10300,0,0850,0006,,,일반건축물,제1종근린생활시설,"점포, 교회, 사무실, 차고",0,180.83,361.66,19780911,2,0,서울특별시 금천구 시흥동 850-6번지
11545,10300,0,0851,0000,,,일반건축물,단독주택,"근린생활시설, 주택",97.2,57.73,229.71,19920416,3,1,서울특별시 금천구 시흥동 851번지
11545,10300,0,0851,0001,,,일반건축물,단독주택,"근린생활시설, 주택",91.9,50.19,143.55,19841016,3,0,서울특별시 금천구 시흥동 851-1번지
11545,10300,0,0851,0002,,,일반건축물,단독주택,주택 외 1,0,64.17,192.51,19831220,2,1,서울특별시 금천구 시흥동 851-2번지
11545,10300,0,0851,0003,,,일반건축물,단독주택,"근린생활시설, 주택",92.7,45.44,151.36,19870128,2,1,서울특별시 금천구 시흥동 851-3번지
11545,10300,0,0851,0004,,,일반건축물,단독주택,단독주택,124.9,61.86,185.58,19870209,2,1,서울특별시 금천구 시흥동 851-4번지
11545,10300,0,0851,0005,,,일반건축물,단독주택,단독주택,122.2,60.78,182.34,19870128,2,1,서울특별시 금천구 시흥동 851-5번지
11545,10300,0,0851,0006,,,일반건축물,단독주택,"근린생활시설, 주택",93.1,46.54,142.72,19850205,2,1,서울특별시 금천구 시흥동 851-6번지
11545,10300,0,0851,0007,,,일반건축물,제1종근린생활시설,"주택, 점포, 제1종근린생활시설",0,82.98,162.98,19771125,2,1,서울특별시 금천구 시흥동 851-7번지
11545,10300,0,0851,0009,,,일반건축물,단독주택,"주택, 점포",0,85.62,161.98,19771125,2,1,서울특별시 금천구 시흥동 851-9번지
11545,10300,0,0851,0010,,,일반건축물,제1종근린생활시설,제1종 근린생활시설,93.5,50.03,142.89,19860522,2,1,서울특별시 금천구 시흥동 851-10번지
11545,10300,0,0851,0012,,,일반건축물,제1종근린생활시설,제1종근린생활시설(소매점),90,44.46,147,19870530,2,1,서울특별시 금천구 시흥동 851-12번지
11545,10300,0,0851,0013,,,일반건축물,제1종근린생활시설,제1종근린생활시설(소매점),172.2,34.9,34.9,20080313,1,0,서울특별시 금천구 시흥동 851-13번지
11545,10300,0,0851,0013,,,일반건축물,단독주택,"주택,제1,2종근린생활시설",172.2,121.69,201.71,19751029,2,1,서울특별시 금천구 시흥동 851-13번지
11545,10300,0,0851,0015,,,일반건축물,단독주택,"주택, 점포",0,82.64,181.81,19810604,2,1,서울특별시 금천구 시흥동 851-15번지
11545,10300,0,0851,0016,,,일반건축물,단독주택,"(제2종)근린생활시설, 다가구용 단독주택(3가구)",96.8,58.04,229.76,19930921,3,1,서울특별시 금천구 시흥동 851-16번지
11545,10300,0,0851,0017,,,일반건축물,단독주택,다가구용 단독주택(4가구),94.8,56.81,155.75,19930809,2,1,서울특별시 금천구 시흥동 851-17번지
11545,10300,0,0851,0018,,,일반건축물,단독주택,단독주택,177.7,106.02,300.35,20201008,4,0,서울특별시 금천구 시흥동 851-18번지
11545,10300,0,0851,0021,,,일반건축물,단독주택,단독주택,93,46.26,138.78,19850808,2,1,서울특별시 금천구 시흥동 851-21번지
11545,10300,0,0851,0022,,,일반건축물,단독주택,다가구용단독주택(4가구),0,49.2,147.6,19920804,2,1,서울특별시 금천구 시흥동 851-22번지
11545,10300,0,0851,0023,,,일반건축물,단독주택,주택,0,57.85,126.28,19780131,2,1,서울특별시 금천구 시흥동 851-23번지
11545,10300,0,0851,0024,,,일반건축물,단독주택,주택,107.2,67.77,140.75,19771116,2,1,서울특별시 금천구 시흥동 851-24번지
11545,10300,0,0851,0025,,,일반건축물,제1종근린생활시설,"근린생활시설, 주택",93.3,55.8,213.63,19920416,3,1,서울특별시 금천구 시흥동 851-25번지
11545,10300,0,0851,0026,,,표제부,공동주택,"다세대주택(도시형생활주택),제1종근린생활시설(소매점)",362.1,212.76,872.94,20131021,5,1,서울특별시 금천구 시흥동 851-26번지
11545,10300,0,0851,0027,한백아트,,표제부,공동주택,다세대주택 및 노유자시설,352.3,207.06,704.07,20080324,5,0,서울특별시 금천구 시흥동 851-27번지
11545,10300,0,0851,0028,시흥 리치빌,,표제부,공동주택,공동주택(다세대주택),341.9,200.25,659.76,20090521,5,0,서울특별시 금천구 시흥동 851-28번지
11545,10300,0,0851,0029,스위트빌B동,,표제부,공동주택,공동주택,258.3,154.02,515.14,20131106,5,0,서울특별시 금천구 시흥동 851-29번지
11545,10300,0,0851,0030,,,일반건축물,단독주택,주택,119.6,59.7,175.77,19840323,2,1,서울특별시 금천구 시흥동 851-30번지
11545,10300,0,0851,0031,,,일반건축물,단독주택,"(제2종)근린생활시설, 주택",120.5,60.06,180.18,19870601,2,1,서울특별시 금천구 시흥동 851-31번지
11545,10300,0,0851,0032,,,일반건축물,단독주택,단독주택,115,56.88,176.94,19841201,2,1,서울특별시 금천구 시흥동 851-32번지
11545,10300,0,0851,0033,,,일반건축물,단독주택,"근린생활시설, 주택",0,53.82,170.82,19841123,2,1,서울특별시 금천구 시흥동 851-33번지
11545,10300,0,0851,0034,,,일반건축물,단독주택,"주택, 점포",0,98.55,192.8,19761108,2,1,서울특별시 금천구 시흥동 851-34번지
11545,10300,0,0851,0036,,,일반건축물,단독주택,"근린생활시설, 주택",212.9,113.06,431.88,19830518,3,1,서울특별시 금천구 시흥동 851-36번지
11545,10300,0,0851,0037,스위트빌 A 동,,표제부,공동주택,공동주택,258.3,154.02,515.93,20131106,5,0,서울특별시 금천구 시흥동 851-37번지
11545,10300,0,0852,0000,,,일반건축물,단독주택,"근린생활시설, 주택",121.7,71.83,285.88,19910308,3,1,서울특별시 금천구 시흥동 852번지
11545,10300,0,0852,0001,,,일반건축물,단독주택,"근린생활시설, 주택",104.5,62.04,140.58,19901228,2,1,서울특별시 금천구 시흥동 852-1번지
11545,10300,0,0852,0002,,,일반건축물,단독주택,"점포, 주택",100.7,59.4,162.93,19910112,3,1,서울특별시 금천구 시흥동 852-2번지
11545,10300,0,0852,0003,,,일반건축물,단독주택,다가구용단독주택(7가구),167.4,67,199.8,19910124,2,1,서울특별시 금천구 시흥동 852-3번지
11545,10300,0,0852,0004,,,일반건축물,단독주택,"근린생활시설, 다가구용단독주택(5가구)",153.2,91.48,222.36,19910205,2,1,서울특별시 금천구 시흥동 852-4번지
11545,10300,0,0852,0005,,,일반건축물,단독주택,"근린생활시설, 주택",110.8,54.9,167.3,19860709,2,1,서울특별시 금천구 시흥동 852-5번지
11545,10300,0,0852,0006,,,일반건축물,단독주택,단독주택,114.8,57.09,169.17,19870721,2,1,서울특별시 금천구 시흥동 852-6번지
11545,10300,0,0852,0007,,,일반건축물,단독주택,단독주택,120.8,59.64,178.92,19870115,2,1,서울특별시 금천구 시흥동 852-7번지
11545,10300,0,0852,0008,,,일반건축물,단독주택,다가구용단독주택(5가구),115.4,55.8,167.4,19930504,2,1,서울특별시 금천구 시흥동 852-8번지
11545,10300,0,0852,0009,,,일반건축물,단독주택,다가구용단독주택(5가구),113.1,61.67,185.01,19910821,2,1,서울특별시 금천구 시흥동 852-9번지
11545,10300,0,0852,0011,,,일반건축물,단독주택,"근린생활시설, 다가구용단독주택(3가구)",121.1,69.35,229.5,19910914,3,1,서울특별시 금천구 시흥동 852-11번지
11545,10300,0,0852,0013,,,일반건축물,제1종근린생활시설,"근린생활시설, 주택",108,53.1,166.2,19840807,2,1,서울특별시 금천구 시흥동 852-13번지
11545,10300,0,0852,0015,,,일반건축물,단독주택,다가구용단독주택(5가구),102.7,57.2,171.6,19910613,2,1,서울특별시 금천구 시흥동 852-15번지
11545,10300,0,0852,0016,,,일반건축물,단독주택,다가구용단독주택(5가구),109.4,53.79,161.37,19910613,2,1,서울특별시 금천구 시흥동 852-16번지
11545,10300,0,0852,0017,,,일반건축물,단독주택,다가구주택(5가구),115,63.71,191.13,19920120,2,1,서울특별시 금천구 시흥동 852-17번지
11545,10300,0,0852,0018,,,일반건축물,단독주택,단독주택,105.7,52.77,153.99,19870402,2,1,서울특별시 금천구 시흥동 852-18번지
11545,10300,0,0852,0019,,,일반건축물,단독주택,"근린생활시설, 주택",108.4,64.97,162.79,19910528,2,1,서울특별시 금천구 시흥동 852-19번지
11545,10300,0,0852,0021,,,일반건축물,단독주택,"주택,제1종근린생활시설",163.5,81.44,229.62,19830721,2,1,서울특별시 금천구 시흥동 852-21번지
11545,10300,0,0852,0022,,,일반건축물,단독주택,"근린생활시설, 주택",0,64.54,199.29,19840831,2,1,서울특별시 금천구 시흥동 852-22번지
11545,10300,0,0852,0023,,,일반건축물,단독주택,단독주택,123.3,57.47,172.41,19860619,2,1,서울특별시 금천구 시흥동 852-23번지
11545,10300,0,0852,0024,,,일반건축물,단독주택,단독주택,126.7,63.1,189.3,19860816,2,1,서울특별시 금천구 시흥동 852-24번지
11545,10300,0,0852,0025,,,일반건축물,단독주택,다가구주택(6가구),111.7,64.8,184.26,20061017,3,1,서울특별시 금천구 시흥동 852-25번지
11545,10300,0,0852,0026,,,일반건축물,단독주택,단독주택,112.9,56.31,168.93,19870525,2,1,서울특별시 금천구 시흥동 852-26번지
11545,10300,0,0852,0027,,,일반건축물,단독주택,주택,0,56.22,168.66,19860718,2,1,서울특별시 금천구 시흥동 852-27번지
11545,10300,0,0852,0028,,,일반건축물,제1종근린생활시설,"근린생활시설, 주택",137.8,67.2,314.33,19870929,4,1,서울특별시 금천구 시흥동 852-28번지
11545,10300,0,0852,0029,,,일반건축물,제1종근린생활시설,제1종근린생활시설,0,165.85,471.94,19760409,3,1,서울특별시 금천구 시흥동 852-29번지
11545,10300,0,0852,0030,,,일반건축물,제2종근린생활시설,"제1,2종근린생활시설",204.5,108.87,369.37,19810813,3,1,서울특별시 금천구 시흥동 852-30번지
11545,10300,0,0852,0031,,,일반건축물,제1종근린생활시설,"근린생활시설, 단독주택",200.7,119.32,592.84,19950120,4,1,서울특별시 금천구 시흥동 852-31번지
11545,10300,0,0852,0032,그린빌라,,표제부,공동주택,"다세대주택,제1종근린생활시설(사무소)",191.1,108.2,372.69,20150710,5,0,서울특별시 금천구 시흥동 852-32번지
11545,10300,0,0852,0033,,,일반건축물,제1종근린생활시설,근린생활시설.점포,0,119.37,224.16,19760528,2,0,서울특별시 금천구 시흥동 852-33번지
11545,10300,0,0852,0034,,,일반건축물,제1종근린생활시설,근린생활시설(의원),335.6,158,713.84,19930708,5,1,서울특별시 금천구 시흥동 852-34번지
11545,10300,0,0852,0035,,,일반건축물,단독주택,"제2종근린생활시설, 주택",165.8,140.96,245.39,19741022,2,1,서울특별시 금천구 시흥동 852-35번지
11545,10300,0,0852,0036,,,일반건축물,단독주택,주택,0,73.08,219.24,19841005,2,1,서울특별시 금천구 시흥동 852-36번지
11545,10300,0,0852,0037,,,일반건축물,단독주택,단독주택,285.7,111.19,326.25,19881227,2,1,서울특별시 금천구 시흥동 852-37번지
11545,10300,0,0852,0042,,,일반건축물,단독주택,주택,0,52.69,52.69,19740504,1,0,서울특별시 금천구 시흥동 852-42번지
11545,10300,0,0852,0043,,,일반건축물,단독주택,다가구용단독주택(5가구),126.6,75.08,190.74,19940922,2,1,서울특별시 금천구 시흥동 852-43번지
11545,10300,0,0852,0044,,,일반건축물,단독주택,주택,0,59.5,123.96,19780127,2,1,서울특별시 금천구 시흥동 852-44번지
11545,10300,0,0852,0045,,,일반건축물,단독주택,다가구용 단독주택(5가구),96.8,57.65,156.27,19930904,2,1,서울특별시 금천구 시흥동 852-45번지
11545,10300,0,0852,0047,,,일반건축물,단독주택,주택,274.3,102.6,307.8,19840211,2,1,서울특별시 금천구 시흥동 852-47번지
11545,10300,0,0852,0048,,,일반건축물,제1종근린생활시설,"(제1,2종)근린생활시설, 주택",0,96.26,423.93,19861217,3,1,서울특별시 금천구 시흥동 852-48번지
11545,10300,0,0852,0049,,,일반건축물,제2종근린생활시설,제2종근린생활시설,178.6,107.02,318.76,19961118,4,1,서울특별시 금천구 시흥동 852-49번지
11545,10300,0,0852,0053,,,표제부,공동주택,"다세대주택(8세대),제1종근린생활시설(소매점)",181.9,109.1,360.2,20150203,5,0,서울특별시 금천구 시흥동 852-53번지
11545,10300,0,0852,0055,,,일반건축물,제2종근린생활시설,근린생활시설,424.4,211.63,1065.92,19881029,4,1,서울특별시 금천구 시흥동 852-55번지
11545,10300,0,0852,0056,,,표제부,공동주택,"다세대주택,제1종근린생활시설(소매점)",350.3,204.67,636.43,20140915,5,0,서울특별시 금천구 시흥동 852-56번지
11545,10300,0,0852,0060,,,일반건축물,단독주택,단독주택,152.2,69.12,207.36,19860808,2,1,서울특별시 금천구 시흥동 852-60번지
11545,10300,0,0853,0000,,,일반건축물,제1종근린생활시설,"근린생활시설, 주택",0,80.62,367.6,19890518,3,1,서울특별시 금천구 시흥동 853번지
11545,10300,0,0853,0001,,,일반건축물,단독주택,"근린생활시설, 주택",180.5,89.84,306.44,19890916,3,1,서울특별시 금천구 시흥동 853-1번지
11545,10300,0,0853,0003,,,일반건축물,단독주택,"근린생활시설, 다가구용 단독주택",79.8,53.1,192,19930816,3,1,서울특별시 금천구 시흥동 853-3번지
11545,10300,0,0853,0004,,,일반건축물,제1종근린생활시설,"근린생활시설, 다가구용 단독주택(2가구)",87.7,53.4,210.6,19930804,3,1,서울특별시 금천구 시흥동 853-4번지
11545,10300,0,0853,0005,,,일반건축물,제1종근린생활시설,"다가구주택(2가구),제1,2종근린생활시설",97.1,70.78,209.45,20060714,4,1,서울특별시 금천구 시흥동 853-5번지
11545,10300,0,0853,0006,,,일반건축물,단독주택,다가구용 단독주택(5가구),93.72,56.59,141.57,19930816,2,1,서울특별시 금천구 시흥동 853-6번지
11545,10300,0,0853,0009,,,일반건축물,단독주택,단독주택,152.1,75.95,227.85,19890529,2,1,서울특별시 금천구 시흥동 853-9번지
11545,10300,0,0853,0010,,,일반건축물,단독주택,주택,0,67.04,116.53,19750731,2,0,서울특별시 금천구 시흥동 853-10번지
11545,10300,0,0853,0010,,,일반건축물,제1종근린생활시설,점포,0,33.39,41.99,19770908,1,1,서울특별시 금천구 시흥동 853-10번지
11545,10300,0,0853,0011,,,일반건축물,단독주택,"근린생활시설, 주택",163,81.1,202.7,19870914,2,1,서울특별시 금천구 시흥동 853-11번지
11545,10300,0,0853,0012,,,일반건축물,단독주택,주택,0,50.48,151.44,19890828,2,1,서울특별시 금천구 시흥동 853-12번지
11545,10300,0,0853,0013,,,일반건축물,단독주택,단독주택,96.2,47.88,143.64,19881102,2,1,서울특별시 금천구 시흥동 853-13번지
11545,10300,0,0853,0015,,,일반건축물,단독주택,단독주택,93.8,46.8,140.4,19870613,2,1,서울특별시 금천구 시흥동 853-15번지
11545,10300,0,0853,0017,,,일반건축물,단독주택,단독주택,98.9,49.38,148.14,19870714,2,1,서울특별시 금천구 시흥동 853-17번지
11545,10300,0,0853,0018,,,일반건축물,단독주택,단독주택,175.2,86.94,238.14,19851216,2,1,서울특별시 금천구 시흥동 853-18번지
11545,10300,0,0853,0019,,,일반건축물,단독주택,"주택, 점포",0,88.56,226.08,19831220,2,1,서울특별시 금천구 시흥동 853-19번지
11545,10300,0,0853,0020,,,일반건축물,단독주택,단독주택,94.1,46.99,140.97,19890527,2,1,서울특별시 금천구 시흥동 853-20번지
11545,10300,0,0853,0021,,,일반건축물,단독주택,단독주택,91.4,45.59,136.77,19870623,2,1,서울특별시 금천구 시흥동 853-21번지
11545,10300,0,0853,0024,,,일반건축물,단독주택,단독주택,92.8,46.08,138.24,19900620,2,1,서울특별시 금천구 시흥동 853-24번지
11545,10300,0,0853,0025,,,일반건축물,단독주택,단독주택,89.3,44.67,137.64,19890518,2,1,서울특별시 금천구 시흥동 853-25번지
11545,10300,0,0853,0026,,,일반건축물,단독주택,"근린생활시설, 단독주택",244.6,121.8,574.5,19931116,4,1,서울특별시 금천구 시흥동 853-26번지
11545,10300,0,0853,0027,,,일반건축물,제2종근린생활시설,"제2종근린생활시설,단독주택(다가구주택1가구)",393.9,105.1,158.48,19780728,2,0,서울특별시 금천구 시흥동 853-27번지
11545,10300,0,0853,0027,,,일반건축물,단독주택,주택,393.9,130.54,278.3,19780728,2,1,서울특별시 금천구 시흥동 853-27번지
11545,10300,0,0853,0029,,,일반건축물,단독주택,단독주택,131.5,64.89,198.27,19870323,2,1,서울특별시 금천구 시흥동 853-29번지
11545,10300,0,0853,0030,,,일반건축물,단독주택,단독주택,113.6,56.7,170.1,19900705,2,1,서울특별시 금천구 시흥동 853-30번지
11545,10300,0,0853,0032,,,일반건축물,단독주택,단독주택,111.7,55.74,167.22,19890923,2,1,서울특별시 금천구 시흥동 853-32번지
11545,10300,0,0853,0033,,,일반건축물,단독주택,주택,0,63.42,190.26,19890908,2,1,서울특별시 금천구 시흥동 853-33번지
11545,10300,0,0853,0035,,,일반건축물,단독주택,"주택, 점포",0,46.86,117.15,19830727,2,1,서울특별시 금천구 시흥동 853-35번지
11545,10300,0,0853,0036,,,일반건축물,단독주택,다가구용 단독주택(4가구),92.3,55.3,148.62,19921112,2,1,서울특별시 금천구 시흥동 853-36번지
11545,10300,0,0853,0038,,,일반건축물,단독주택,"근린생활시설, 주택",94.7,46.8,115.05,19870429,2,1,서울특별시 금천구 시흥동 853-38번지
11545,10300,0,0853,0038,,.,일반건축물,단독주택,"주택, 점포",0,60.75,126.06,19800825,2,1,서울특별시 금천구 시흥동 853-38번지
11545,10300,0,0853,0039,,,일반건축물,단독주택,다가구용 단독주택(5가구),91.6,54.93,142.89,19921114,2,1,서울특별시 금천구 시흥동 853-39번지
11545,10300,0,0853,0040,,,일반건축물,단독주택,단독주택,127.2,62.04,191.58,19870723,2,1,서울특별시 금천구 시흥동 853-40번지
11545,10300,0,0853,0041,,,일반건축물,단독주택,다가구용 단독주택(6가구),119.3,67.15,185.49,19901116,2,1,서울특별시 금천구 시흥동 853-41번지
11545,10300,0,0853,0043,,,일반건축물,단독주택,다가구용 단독주택(7가구),137.5,77.68,299.8,19951017,3,1,서울특별시 금천구 시흥동 853-43번지
11545,10300,0,0853,0044,,,일반건축물,단독주택,다가구용 단독주택(5가구),124,72.94,190.11,19940308,2,1,서울특별시 금천구 시흥동 853-44번지
11545,10300,0,0853,0045,,,일반건축물,단독주택,다가구용 단독주택(5가구),96.5,57.82,149.67,19921201,2,1,서울특별시 금천구 시흥동 853-45번지
11545,10300,0,0853,0048,,,일반건축물,단독주택,"근린생활시설, 주택(2가구)",92.6,55.3,154.7,19911226,3,1,서울특별시 금천구 시흥동 853-48번지
11545,10300,0,0853,0049,,,일반건축물,단독주택,다가구용 단독주택(5가구),94.2,56.44,146.52,19921104,2,1,서울특별시 금천구 시흥동 853-49번지
11545,10300,0,0853,0050,,,일반건축물,제1종근린생활시설,"근린생활시설, 주택",95.7,57.12,128.54,19970910,3,0,서울특별시 금천구 시흥동 853-50번지
11545,10300,0,0853,0051,,,일반건축물,단독주택,단독주택,88.2,44.91,134.73,19901017,2,1,서울특별시 금천구 시흥동 853-51번지
11545,10300,0,0853,0052,,,일반건축물,단독주택,단독주택,124.2,62.04,186.12,19900726,2,1,서울특별시 금천구 시흥동 853-52번지
11545,10300,0,0853,0053,,,일반건축물,단독주택,"근린생활시설, 다가구주택",102.8,59.64,281.12,19951005,4,1,서울특별시 금천구 시흥동 853-53번지
11545,10300,0,0854,0000,,,일반건축물,단독주택,다가구주택,198.9,118.53,397.64,20150921,4,0,서울특별시 금천구 시흥동 854번지
11545,10300,0,0854,0001,,,일반건축물,단독주택,다가구단독주택,99.8,59.44,166.48,19971015,2,1,서울특별시 금천구 시흥동 854-1번지
11545,10300,0,0854,0002,한백아트,,표제부,공동주택,"공동주택,제1종근린생활시설",315.7,188.97,617.85,20170310,5,0,서울특별시 금천구 시흥동 854-2번지
11545,10300,0,0854,0004,정동진빌라트,,표제부,공동주택,다세대주택,229,137.12,624.24,20020515,4,1,서울특별시 금천구 시흥동 854-4번지
11545,10300,0,0854,0005,금천타워,,표제부,공동주택,공동주택,173.3,102.16,376.81,20120404,5,0,서울특별시 금천구 시흥동 854-5번지
11545,10300,0,0854,0006,,,일반건축물,단독주택,주택,0,79.28,237.84,19881213,2,1,서울특별시 금천구 시흥동 854-6번지
11545,10300,0,0854,0008,,,일반건축물,단독주택,단독주택,136.9,68.34,205.02,19901114,2,1,서울특별시 금천구 시흥동 854-8번지
11545,10300,0,0854,0009,,,일반건축물,단독주택,단독주택,115.6,57.2,165.6,19901122,2,1,서울특별시 금천구 시흥동 854-9번지
11545,10300,0,0854,0010,예담채,,표제부,공동주택,다세대주택,282,164.99,624.17,20230119,5,1,서울특별시 금천구 시흥동 854-10번지
11545,10300,0,0854,0012,,,일반건축물,제1종근린생활시설,"제2종근린생활시설, 주택",217,129.9,651.66,19980415,4,1,서울특별시 금천구 시흥동 854-12번지
11545,10300,0,0854,0014,,,일반건축물,단독주택,다가구용단독주택(7가구),195.1,116.86,380.55,19920831,3,1,서울특별시 금천구 시흥동 854-14번지
11545,10300,0,0854,0015,,,일반건축물,창고시설,물치,0,6.58,6.58,19731205,1,0,서울특별시 금천구 시흥동 854-15번지
11545,10300,0,0854,0015,,,일반건축물,단독주택,단독주택,205.3,93.17,257.64,19861206,2,1,서울특별시 금천구 시흥동 854-15번지
11545,10300,0,0854,0016,코스모스,,일반건축물,단독주택,"단독주택,제1종근린생활시설",184.6,104.51,373.24,20170911,3,1,서울특별시 금천구 시흥동 854-16번지
11545,10300,0,0854,0017,,,일반건축물,단독주택,다가구주택,179.9,107.3,299.52,19960722,2,1,서울특별시 금천구 시흥동 854-17번지
11545,10300,0,0854,0018,,,일반건축물,단독주택,다가구용 단독주택(6가구),169.5,101.68,270.96,19940820,2,1,서울특별시 금천구 시흥동 854-18번지
11545,10300,0,0854,0020,,,일반건축물,단독주택,다가구용 단독주택(8가구),175.5,104.96,293.85,19940528,2,1,서울특별시 금천구 시흥동 854-20번지
11545,10300,0,0854,0021,성운맨션,,표제부,공동주택,다세대주택,290,171.9,592.51,20030327,5,0,서울특별시 금천구 시흥동 854-21번지
11545,10300,0,0854,0022,,,표제부,공동주택,다세대주택,261.3,156.04,522.33,20130228,5,0,서울특별시 금천구 시흥동 854-22번지
11545,10300,0,0854,0023,,,일반건축물,단독주택,주택,0,73.72,162.65,19791213,2,1,서울특별시 금천구 시흥동 854-23번지
11545,10300,0,0854,0025,,,일반건축물,단독주택,다가구용 단독주택(6가구),166.8,100,277.5,19940121,2,1,서울특별시 금천구 시흥동 854-25번지
11545,10300,0,0854,0027,,,일반건축물,단독주택,주택,0,67.44,144.46,19791117,2,1,서울특별시 금천구 시흥동 854-27번지
11545,10300,0,0854,0028,돔스빌딩,,일반건축물,제2종근린생활시설,"제2종근린생활시설,단독주택",169.3,100.8,336.49,20121204,4,0,서울특별시 금천구 시흥동 854-28번지
11545,10300,0,0854,0029,현주캐슬,,표제부,공동주택,공동주택,279.2,166.9,603.43,20111229,5,0,서울특별시 금천구 시흥동 854-29번지
11545,10300,0,0855,0000,새재미경로당,,일반건축물,노유자시설,노인정,0,58.77,188.79,19930525,3,1,서울특별시 금천구 시흥동 855번지
11545,10300,0,0855,0003,,,일반건축물,단독주택,다가구용 단독주택(5가구),98,56.85,166.95,19910826,2,1,서울특별시 금천구 시흥동 855-3번지
11545,10300,0,0855,0004,,,일반건축물,단독주택,"근린생활시설, 다가구주택(3가구)",113.4,67.5,267.75,19920303,3,1,서울특별시 금천구 시흥동 855-4번지
11545,10300,0,0855,0006,,,일반건축물,단독주택,"근린생활시설, 주택",107.2,64.26,139.02,19910713,2,1,서울특별시 금천구 시흥동 855-6번지
11545,10300,0,0855,0007,,,일반건축물,단독주택,다가구용 단독주택(5가구),89.4,49.31,147.93,19910805,2,1,서울특별시 금천구 시흥동 855-7번지
11545,10300,0,0855,0008,,,일반건축물,단독주택,다가구용 단독주택,85,50.84,142.8,19950617,2,1,서울특별시 금천구 시흥동 855-8번지
11545,10300,0,0855,0009,영광아트빌,,표제부,공동주택,다세대주택,252.3,150.36,558.52,20030419,5,0,서울특별시 금천구 시흥동 855-9번지
11545,10300,0,0855,0011,,,일반건축물,단독주택,다가구용 단독주택(5가구),107.9,60.04,167.7,19910627,2,1,서울특별시 금천구 시흥동 855-11번지
11545,10300,0,0855,0013,,,일반건축물,단독주택,"다가구용 단독주택(3가구), 근린생활시설",179.1,89.9,339.61,19910813,3,1,서울특별시 금천구 시흥동 855-13번지
11545,10300,0,0855,0015,,,일반건축물,제1종근린생활시설,"근린생활시설, 주택",177.9,88.56,348.48,19870922,3,1,서울특별시 금천구 시흥동 855-15번지
11545,10300,0,0855,0017,,,일반건축물,단독주택,다가구용 단독주택(5가구),107.6,64.47,191.07,19901228,2,1,서울특별시 금천구 시흥동 855-17번지
11545,10300,0,0855,0018,,,일반건축물,단독주택,"주택,창고,제1종근린생활시설",201.4,111.07,228.57,19731011,2,1,서울특별시 금천구 시흥동 855-18번지
11545,10300,0,0855,0019,,,일반건축물,단독주택,"근린생활시설, 주택",96.4,67.73,153.1,19880303,3,1,서울특별시 금천구 시흥동 855-19번지
11545,10300,0,0855,0020,,,일반건축물,단독주택,"근린생활시설, 주택",93.3,46.24,111.52,19900625,2,1,서울특별시 금천구 시흥동 855-20번지
11545,10300,0,0855,0021,,,일반건축물,단독주택,"근린생활시설, 주택",0,58.68,215.35,19900908,3,1,서울특별시 금천구 시흥동 855-21번지
11545,10300,0,0856,0000,,,일반건축물,제1종근린생활시설,"근린생활시설, 주택",0,105.1,494.78,19920804,4,1,서울특별시 금천구 시흥동 856번지
11545,10300,0,0856,0001,GS프라임,,표제부,공동주택,공동주택 및 제2종근린생활시설,369.1,219.81,690.31,20220207,5,0,서울특별시 금천구 시흥동 856-1번지
11545,10300,0,0856,0003,,,일반건축물,단독주택,단독주택,183.8,91.14,273.42,19881102,2,1,서울특별시 금천구 시흥동 856-3번지
11545,10300,0,0856,0005,,,일반건축물,단독주택,단독주택,186.4,90.3,268.2,19860808,2,1,서울특별시 금천구 시흥동 856-5번지
11545,10300,0,0856,0006,,,일반건축물,단독주택,다가구용단독주택(5가구),152.3,91.26,264,19940502,2,1,서울특별시 금천구 시흥동 856-6번지
11545,10300,0,0856,0007,,3,일반건축물,단독주택,다가구용 단독주택(5가구),141.6,84.42,249.03,19930529,2,1,서울특별시 금천구 시흥동 856-7번지
11545,10300,0,0856,0008,,,일반건축물,단독주택,단독주택,146.1,73.02,219.06,19880428,2,1,서울특별시 금천구 시흥동 856-8번지
11545,10300,0,0856,0009,,,일반건축물,단독주택,주택,0,72.29,216.87,19890415,2,1,서울특별시 금천구 시흥동 856-9번지
11545,10300,0,0856,0010,나동,,일반건축물,제1종근린생활시설,근린생활시설,0,13.8,13.8,19981204,1,0,서울특별시 금천구 시흥동 856-10번지
11545,10300,0,0856,0010,가동,,일반건축물,제1종근린생활시설,"근린생활시설, 주택",0,81.98,245.94,19850904,2,1,서울특별시 금천구 시흥동 856-10번지
11545,10300,0,0856,0011,,,일반건축물,단독주택,"근린생활시설, 주택",115.9,67.27,129.64,19850610,2,1,서울특별시 금천구 시흥동 856-11번지
11545,10300,0,0856,0012,,,일반건축물,단독주택,단독주택,102.4,51.08,153.24,19890509,2,1,서울특별시 금천구 시흥동 856-12번지
11545,10300,0,0856,0013,,,일반건축물,단독주택,단독주택,99.5,49.74,149.22,19890517,2,1,서울특별시 금천구 시흥동 856-13번지
11545,10300,0,0856,0015,,,일반건축물,단독주택,주택(3가구),131.6,64.95,190.35,19880803,2,1,서울특별시 금천구 시흥동 856-15번지
11545,10300,0,0856,0016,,,일반건축물,단독주택,단독주택,0,82.38,247.14,19920720,2,1,서울특별시 금천구 시흥동 856-16번지
11545,10300,0,0856,0017,,,일반건축물,단독주택,단독주택,169.7,82.29,246.87,19881125,2,1,서울특별시 금천구 시흥동 856-17번지
11545,10300,0,0856,0018,,,일반건축물,단독주택,주택,156.68,67.68,203.04,19831221,2,1,서울특별시 금천구 시흥동 856-18번지
11545,10300,0,0856,0019,,,일반건축물,단독주택,주택,0,85.95,250.85,19830628,2,1,서울특별시 금천구 시흥동 856-19번지
11545,10300,0,0856,0020,,,일반건축물,제1종근린생활시설,"(제1,2종)근린생활시설",0,143.39,414.42,19771216,3,0,서울특별시 금천구 시흥동 856-20번지
11545,10300,0,0856,0021,,,일반건축물,제1종근린생활시설,(제2종)근린생활시설,0,116.93,239.77,19740628,2,1,서울특별시 금천구 시흥동 856-21번지
11545,10300,0,0856,0022,,,일반건축물,제1종근린생활시설,제1종 근린생활시설,191.3,93.96,323.1,19931018,3,1,서울특별시 금천구 시흥동 856-22번지
11545,10300,0,0856,0023,,,일반건축물,제2종근린생활시설,"점포.제1,2종근린생활시설",257.3,144.33,303.57,19760504,2,1,서울특별시 금천구 시흥동 856-23번지
11545,10300,0,0856,0024,,,일반건축물,제1종근린생활시설,"제1,2종근린생활시설",255.7,145.92,379.44,19761124,3,1,서울특별시 금천구 시흥동 856-24번지
11545,10300,0,0856,0025,,,일반건축물,제1종근린생활시설,점포,0,76.23,251.04,19770804,2,1,서울특별시 금천구 시흥동 856-25번지
11545,10300,0,0856,0025,,.,일반건축물,제2종근린생활시설,제2종근린생활시설,0,56.03,67.17,19770804,1,1,서울특별시 금천구 시흥동 856-25번지
11545,10300,0,0856,0026,,,일반건축물,제1종근린생활시설,"주택,근린생활시설",120.2,64.21,211.56,19881020,3,1,서울특별시 금천구 시흥동 856-26번지
11545,10300,0,0857,0000,,,일반건축물,단독주택,"근린생활시설, 주택",150.7,74.88,224.64,19871114,2,1,서울특별시 금천구 시흥동 857번지
11545,10300,0,0857,0001,,,일반건축물,단독주택,단독주택,163.2,81.35,244.05,19850722,2,1,서울특별시 금천구 시흥동 857-1번지
11545,10300,0,0857,0002,,,표제부,공동주택,다세대주택,252.2,149.94,545.77,20021016,5,0,서울특별시 금천구 시흥동 857-2번지
11545,10300,0,0857,0003,,,일반건축물,단독주택,단독주택,175.7,86.34,247.14,19900604,2,1,서울특별시 금천구 시흥동 857-3번지
11545,10300,0,0857,0004,,,일반건축물,단독주택,단독주택,201.7,100.03,282.78,19870911,2,1,서울특별시 금천구 시흥동 857-4번지
11545,10300,0,0857,0006,행운하이빌10차,,표제부,공동주택,다세대주택,235.9,141.12,566.32,20021017,5,0,서울특별시 금천구 시흥동 857-6번지
11545,10300,0,0857,0007,,,일반건축물,단독주택,단독주택,201.2,99.96,295.88,19860912,2,1,서울특별시 금천구 시흥동 857-7번지
11545,10300,0,0857,0008,,,일반건축물,단독주택,단독주택,196.8,98.36,284.49,19890531,2,1,서울특별시 금천구 시흥동 857-8번지
11545,10300,0,0857,0009,,,표제부,공동주택,공동주택,166.8,97.71,337.31,20140127,4,0,서울특별시 금천구 시흥동 857-9번지
11545,10300,0,0857,0011,,,일반건축물,단독주택,단독주택,124.5,61.92,184.23,19881121,2,1,서울특별시 금천구 시흥동 857-11번지
11545,10300,0,0857,0012,,,표제부,공동주택,공동주택(도시형생활주택),289.6,172.86,579.18,20200117,5,0,서울특별시 금천구 시흥동 857-12번지
11545,10300,0,0857,0013,,,일반건축물,단독주택,단독주택,205.6,101.45,304.35,19890504,2,1,서울특별시 금천구 시흥동 857-13번지
11545,10300,0,0857,0014,성운빌라,,표제부,공동주택,다세대주택,201,120.5,397.61,20020722,5,0,서울특별시 금천구 시흥동 857-14번지
11545,10300,0,0857,0016,다원빌리지,,표제부,공동주택,공동주택[도시형생활주택(단지형다세대)],411.7,189.06,659.455,20221109,6,1,서울특별시 금천구 시흥동 857-16번지
11545,10300,0,0857,0017,,,일반건축물,단독주택,단독주택,200.8,96.96,282.96,19840713,2,1,서울특별시 금천구 시흥동 857-17번지
11545,10300,0,0857,0018,한백아트빌라,,표제부,공동주택,공동주택(다세대주택),351.5,206.36,653.33,20061226,5,0,서울특별시 금천구 시흥동 857-18번지
11545,10300,0,0857,0022,,,일반건축물,단독주택,단독주택,102.3,50.82,152.46,19900811,2,1,서울특별시 금천구 시흥동 857-22번지
11545,10300,0,0857,0023,,,일반건축물,단독주택,단독주택,127.7,63.48,192.72,19851128,2,1,서울특별시 금천구 시흥동 857-23번지
11545,10300,0,0857,0025,구립초록빛어린이집,,일반건축물,노유자시설,노유자시설,203.4,120.26,329.22,20090211,3,0,서울특별시 금천구 시흥동 857-25번지
11545,10300,0,0857,0027,정우그린빌,,표제부,공동주택,다세대주택,241.4,142.88,649.1,20021010,4,1,서울특별시 금천구 시흥동 857-27번지
11545,10300,0,0858,0000,하늘채A,,일반건축물,단독주택,"제2종근린생활시설,다가구주택",127.3,75.65,327.08,20190107,5,1,서울특별시 금천구 시흥동 858번지
11545,10300,0,0858,0001,하늘채B,,일반건축물,단독주택,"제2종근린생활시설,다가구주택",128.2,76.27,254.53,20190107,5,0,서울특별시 금천구 시흥동 858-1번지
11545,10300,0,0858,0002,,,일반건축물,제1종근린생활시설,"근린생활시설, 단독주택",153.6,89.46,298.74,19950623,3,1,서울특별시 금천구 시흥동 858-2번지
11545,10300,0,0858,0003,,,표제부,공동주택,다세대주택,168,98.17,438.36,19961029,4,1,서울특별시 금천구 시흥동 858-3번지
11545,10300,0,0858,0004,,,일반건축물,단독주택,단독주택,124.5,74.52,209.12,19971024,2,1,서울특별시 금천구 시흥동 858-4번지
11545,10300,0,0858,0004,,,일반건축물,제1종근린생활시설,공중화장실,0,3.24,3.24,19741104,1,0,서울특별시 금천구 시흥동 858-4번지
11545,10300,0,0858,0005,,,일반건축물,단독주택,다가구용 단독주택(6가구),131.6,73.16,199.8,19910925,2,1,서울특별시 금천구 시흥동 858-5번지
11545,10300,0,0858,0006,,,일반건축물,단독주택,단독주택,121.4,60.56,181.68,19880927,2,1,서울특별시 금천구 시흥동 858-6번지
11545,10300,0,0858,0008,,,일반건축물,단독주택,주택,131.6,65.64,196.92,19881019,2,1,서울특별시 금천구 시흥동 858-8번지
11545,10300,0,0858,0009,,,일반건축물,단독주택,주택,0,65.43,196.29,19880909,2,1,서울특별시 금천구 시흥동 858-9번지
11545,10300,0,0858,0010,,,일반건축물,단독주택,다가구용 단독주택(5가구),131.5,77.77,199.71,19930903,2,1,서울특별시 금천구 시흥동 858-10번지
11545,10300,0,0858,0011,,,일반건축물,단독주택,다가구용 단독주택(7가구),165.04,98.93,268.29,19931223,2,1,서울특별시 금천구 시흥동 858-11번지
11545,10300,0,0858,0012,,,일반건축물,단독주택,"근린생활시설, 주택",139.5,69.66,212.58,19890612,2,1,서울특별시 금천구 시흥동 858-12번지
11545,10300,0,0858,0013,,,일반건축물,단독주택,단독주택,137.35,68.4,208.8,19890608,2,1,서울특별시 금천구 시흥동 858-13번지
11545,10300,0,0858,0014,,,일반건축물,단독주택,다가구용 단독주택(5가구),137.75,82.03,198.99,19930830,2,1,서울특별시 금천구 시흥동 858-14번지
11545,10300,0,0858,0015,,,일반건축물,단독주택,단독주택,114.75,57.32,171.96,19900622,2,1,서울특별시 금천구 시흥동 858-15번지
11545,10300,0,0858,0017,,,일반건축물,단독주택,다가구주택(5가구),115.5,68.74,195.48,19960820,2,1,서울특별시 금천구 시흥동 858-17번지
11545,10300,0,0858,0018,,,일반건축물,단독주택,단독주택,137.05,67.43,202.29,19860828,2,1,서울특별시 금천구 시흥동 858-18번지
11545,10300,0,0858,0019,,,일반건축물,단독주택,단독주택,133,65.76,197.28,19860710,2,1,서울특별시 금천구 시흥동 858-19번지
11545,10300,0,0858,0020,,,일반건축물,단독주택,단독주택,140.65,70.17,210.51,19900613,2,1,서울특별시 금천구 시흥동 858-20번지
11545,10300,0,0858,0021,,,일반건축물,단독주택,단독주택,130.85,65.22,195.66,19900830,2,1,서울특별시 금천구 시흥동 858-21번지
11545,10300,0,0858,0022,,,일반건축물,단독주택,단독주택,95.7,47.7,143.1,19900830,2,1,서울특별시 금천구 시흥동 858-22번지
11545,10300,0,0858,0023,,,일반건축물,단독주택,단독주택,117.75,58.5,175.5,19871118,2,1,서울특별시 금천구 시흥동 858-23번지
11545,10300,0,0858,0024,,,일반건축물,단독주택,단독주택,90.5,44.94,134.82,19890801,2,1,서울특별시 금천구 시흥동 858-24번지
11545,10300,0,0858,0026,,,일반건축물,노유자시설,종교시설,0,250.8,426.53,19970816,2,1,서울특별시 금천구 시흥동 858-26번지
11545,10300,0,0858,0026,,,일반건축물,종교시설,교회,0,147.77,411.24,19790710,3,1,서울특별시 금천구 시흥동 858-26번지
11545,10300,0,0858,0027,,.,일반건축물,단독주택,단독주택,171.7,83.25,247.41,19891102,2,1,서울특별시 금천구 시흥동 858-27번지
11545,10300,0,0858,0028,바로하우스,,표제부,공동주택,"공동주택,제2종근린생활시설",237.14,142.15,469.57,20160920,5,0,서울특별시 금천구 시흥동 858-28번지
11545,10300,0,0858,0030,,,일반건축물,단독주택,단독주택,186.3,82.26,246.78,19870721,2,1,서울특별시 금천구 시흥동 858-30번지
11545,10300,0,0858,0031,,,일반건축물,단독주택,단독주택,171.6,82.32,246.96,19900719,2,1,서울특별시 금천구 시흥동 858-31번지
11545,10300,0,0858,0033,휴먼에코빌2차,,표제부,공동주택,공동주택,287.4,160.74,567.66,20170824,5,0,서울특별시 금천구 시흥동 858-33번지
11545,10300,0,0858,0039,,,일반건축물,제1종근린생활시설,"근린생활시설, 다가구주택(3가구)",0,54.56,224.14,19920907,3,1,서울특별시 금천구 시흥동 858-39번지
11545,10300,0,0858,0040,,,일반건축물,제2종근린생활시설,"근린생활, 단독주택",90.1,53.68,284.27,19950519,5,1,서울특별시 금천구 시흥동 858-40번지
11545,10300,0,0858,0041,,,일반건축물,단독주택,다가구용단독주택(14가구),182.2,108.75,435,19940217,3,1,서울특별시 금천구 시흥동 858-41번지
11545,10300,0,0858,0042,,,일반건축물,단독주택,다가구용단독주택(6가구),0,96.57,289.63,19920921,2,1,서울특별시 금천구 시흥동 858-42번지
11545,10300,0,0858,0043,,,일반건축물,단독주택,"근린생활시설, 다가구용단독주택",0,98.01,290.97,19910713,3,1,서울특별시 금천구 시흥동 858-43번지
11545,10300,0,0859,0000,,,일반건축물,단독주택,단독주택,98.4,48.97,146.91,19881006,2,1,서울특별시 금천구 시흥동 859번지
11545,10300,0,0859,0001,해태빌라,,표제부,공동주택,다세대주택,293.4,175.12,653.98,20020911,5,0,서울특별시 금천구 시흥동 859-1번지
11545,10300,0,0859,0004,,,일반건축물,단독주택,주택,0,54.51,62.74,19751210,1,1,서울특별시 금천구 시흥동 859-4번지
11545,10300,0,0859,0005,,,일반건축물,단독주택,단독주택,109.6,54.72,164.16,19890227,2,1,서울특별시 금천구 시흥동 859-5번지
11545,10300,0,0859,0006,,,일반건축물,단독주택,다가구주택(4가구),106.3,63,173.01,19921112,2,1,서울특별시 금천구 시흥동 859-6번지
11545,10300,0,0859,0008,,,일반건축물,단독주택,주택,0,54.9,164.7,19830816,2,1,서울특별시 금천구 시흥동 859-8번지
11545,10300,0,0859,0009,,,일반건축물,단독주택,주택,131.3,77.25,134.45,19760306,3,0,서울특별시 금천구 시흥동 859-9번지
11545,10300,0,0859,0010,,,일반건축물,단독주택,주택,0,58.68,69.46,19770512,1,1,서울특별시 금천구 시흥동 859-10번지
11545,10300,0,0859,0011,,,일반건축물,단독주택,주택,0,52.83,58.09,19750721,1,1,서울특별시 금천구 시흥동 859-11번지
11545,10300,0,0859,0012,,,일반건축물,단독주택,주택,0,52.83,58.09,19750721,1,1,서울특별시 금천구 시흥동 859-12번지
11545,10300,0,0859,0014,,,일반건축물,단독주택,단독주택,0,51.07,153.21,19890925,2,1,서울특별시 금천구 시흥동 859-14번지
11545,10300,0,0859,0015,동성리치빌,,표제부,공동주택,다세대주택,217.8,120.68,434.24,20130206,5,0,서울특별시 금천구 시흥동 859-15번지
11545,10300,0,0859,0017,시흥빌딩,,일반건축물,단독주택,"다가구주택, 제1종근린생활시설",98.9,58.75,168.89,20020620,3,0,서울특별시 금천구 시흥동 859-17번지
11545,10300,0,0859,0018,,,일반건축물,단독주택,주택,0,55.49,169.65,19880510,2,1,서울특별시 금천구 시흥동 859-18번지
11545,10300,0,0859,0019,,,일반건축물,단독주택,단독주택,152.6,76.14,219.24,19880525,2,1,서울특별시 금천구 시흥동 859-19번지
11545,10300,0,0859,0020,,,일반건축물,단독주택,주택,0,69.36,81.59,19760715,1,1,서울특별시 금천구 시흥동 859-20번지
11545,10300,0,0859,0021,,,일반건축물,단독주택,주택,0,81.24,243.72,19831220,2,1,서울특별시 금천구 시흥동 859-21번지
11545,10300,0,0859,0023,한백아트,,표제부,공동주택,공동주택(다세대주택)및제1종근린생활시설,307.7,179.24,615.27,20090327,5,0,서울특별시 금천구 시흥동 859-23번지
11545,10300,0,0859,0025,,,일반건축물,단독주택,주택,0,46.68,75.47,19760623,2,1,서울특별시 금천구 시흥동 859-25번지
11545,10300,0,0859,0026,,,일반건축물,단독주택,주택,0,68.04,211.68,19880530,2,1,서울특별시 금천구 시흥동 859-26번지
11545,10300,0,0859,0027,,,일반건축물,단독주택,주택,0,68.79,206.37,19880514,2,1,서울특별시 금천구 시흥동 859-27번지
11545,10300,0,0859,0028,,,일반건축물,제1종근린생활시설,"근린생할시설, 주택",275,136.67,681.45,19901207,4,1,서울특별시 금천구 시흥동 859-28번지
11545,10300,0,0860,0000,라온빌,,일반건축물,단독주택,"단독주택, 제2종근린생활시설",151,89.64,334.66,20180627,5,1,서울특별시 금천구 시흥동 860번지
11545,10300,0,0860,0001,,,일반건축물,단독주택,다가구주택(4가구),120.2,71.94,207.02,19960705,2,1,서울특별시 금천구 시흥동 860-1번지
11545,10300,0,0860,0002,,.,일반건축물,단독주택,다가구용 단독주택(4가구),130.3,67.56,186.03,19960516,2,1,서울특별시 금천구 시흥동 860-2번지
11545,10300,0,0860,0003,,,일반건축물,단독주택,다가구 주택(4가구),119.2,71.1,301.48,19961230,4,1,서울특별시 금천구 시흥동 860-3번지
11545,10300,0,0860,0004,,,일반건축물,단독주택,단독주택,121.8,60.66,177.48,19890905,2,1,서울특별시 금천구 시흥동 860-4번지
11545,10300,0,0860,0005,,,일반건축물,단독주택,다가구용 단독주택(5가구),109.2,66.13,149.94,19921118,2,1,서울특별시 금천구 시흥동 860-5번지
11545,10300,0,0860,0007,,,일반건축물,단독주택,주택,0,56.16,168.48,19831121,2,1,서울특별시 금천구 시흥동 860-7번지
11545,10300,0,0860,0008,,,일반건축물,단독주택,다가구용 단독주택(5가구),103,58.64,147.72,19921012,2,1,서울특별시 금천구 시흥동 860-8번지
11545,10300,0,0860,0009,,,표제부,공동주택,연립주택,0,130.38,298.81,19761104,2,1,서울특별시 금천구 시흥동 860-9번지
11545,10300,0,0860,0010,,,일반건축물,단독주택,다가구용 단독주택(6가구),118.9,68.05,192.49,19911218,2,1,서울특별시 금천구 시흥동 860-10번지
11545,10300,0,0860,0010,,,일반건축물,단독주택,다가구용단독주택(5가구),256.2,61.44,196.44,19920602,3,1,서울특별시 금천구 시흥동 860-10번지
11545,10300,0,0860,0012,,,일반건축물,단독주택,주택,0,55.54,123.31,19770817,2,1,서울특별시 금천구 시흥동 860-12번지
11545,10300,0,0860,0013,,,일반건축물,단독주택,다가구용 단독주택(5가구),0,61.61,183.39,19920605,2,1,서울특별시 금천구 시흥동 860-13번지
11545,10300,0,0860,0015,,,일반건축물,단독주택,다가구용 단독주택(4가구),122.8,73.35,220.05,19921016,2,1,서울특별시 금천구 시흥동 860-15번지
11545,10300,0,0860,0016,,,일반건축물,단독주택,다가구용 단독주택(5가구),0,67.3,198.99,19920716,2,1,서울특별시 금천구 시흥동 860-16번지
11545,10300,0,0860,0017,,,일반건축물,단독주택,다가구주택(5가구),118.8,68.44,199.32,19920601,2,1,서울특별시 금천구 시흥동 860-17번지
11545,10300,0,0860,0018,,,일반건축물,단독주택,다가구주택(4가구),124.1,73.85,210.21,19921029,2,1,서울특별시 금천구 시흥동 860-18번지
11545,10300,0,0860,0020,,,일반건축물,단독주택,다가구주택(4가구),123.8,74.25,222.75,19960329,3,0,서울특별시 금천구 시흥동 860-20번지
11545,10300,0,0860,0021,,,일반건축물,단독주택,다각구용 단독주택(5가구),118.6,68.04,199.8,19910528,2,1,서울특별시 금천구 시흥동 860-21번지
11545,10300,0,0860,0023,금강파크빌,,표제부,공동주택,도시형생활주택(단지형다세대주택),786.8,205.92,654,20160422,5,0,서울특별시 금천구 시흥동 860-23번지
11545,10300,0,0860,0023,금강파크빌,,표제부,공동주택,도시형생활주택(단지형다세대주택),786.8,214.72,658.97,20160422,5,0,서울특별시 금천구 시흥동 860-23번지
11545,10300,0,0860,0027,,,표제부,공동주택,"다세대주택,제2종근린생활시설",163.3,97.89,341.7,20030404,4,0,서울특별시 금천구 시흥동 860-27번지
11545,10300,0,0860,0028,,,일반건축물,단독주택,단독주택,172.8,85.08,249.78,19890626,2,1,서울특별시 금천구 시흥동 860-28번지
11545,10300,0,0860,0029,,,일반건축물,단독주택,주택,0,82.44,247.32,19830812,2,1,서울특별시 금천구 시흥동 860-29번지
11545,10300,0,0860,0030,,,일반건축물,단독주택,"주택, 점포",0,85.62,207.27,19811117,2,1,서울특별시 금천구 시흥동 860-30번지
11545,10300,0,0860,0031,,,일반건축물,제1종근린생활시설,"창고, 점포,제1,2종근린생활시설",0,105.24,291.35,19780727,2,1,서울특별시 금천구 시흥동 860-31번지
11545,10300,0,0860,0032,근생주택,,일반건축물,제1종근린생활시설,"제1종근린생활시설,주택",226.5,135.76,450.1,20110622,5,0,서울특별시 금천구 시흥동 860-32번지
11545,10300,0,0860,0035,,,일반건축물,제1종근린생활시설,"근린생활시설, 주택",232,115.14,575.7,19900419,4,1,서울특별시 금천구 시흥동 860-35번지
11545,10300,0,0860,0036,,,일반건축물,제2종근린생활시설,"위험물저장,처리시설, 근린생활시설, 자동차관련시설",991.5,543.98,864.27,19970516,2,1,서울특별시 금천구 시흥동 860-36번지
11545,10300,0,0860,0043,,,일반건축물,제1종근린생활시설,"근린생활시설, 주택",205.3,102.6,410.4,19850928,3,1,서울특별시 금천구 시흥동 860-43번지
11545,10300,0,0860,0044,,,일반건축물,단독주택,단독주택,92.9,46.29,138.87,19870803,2,1,서울특별시 금천구 시흥동 860-44번지
11545,10300,0,0860,0046,,,일반건축물,단독주택,"근린생활시설, 주택",102.1,50.16,175.86,19861118,3,1,서울특별시 금천구 시흥동 860-46번지
11545,10300,0,0860,0047,,3,일반건축물,단독주택,다가구용 단독주택(5가구),0,54.24,162.72,19920618,2,1,서울특별시 금천구 시흥동 860-47번지
11545,10300,0,0860,0048,,,일반건축물,단독주택,다가구용단독주택(5가구),92.6,55.48,166.44,19910903,2,1,서울특별시 금천구 시흥동 860-48번지
11545,10300,0,0860,0049,,,일반건축물,단독주택,"근린생활시설, 주택",0,105.24,364.8,19831217,3,1,서울특별시 금천구 시흥동 860-49번지
11545,10300,0,0860,0050,혜성펠리스,,표제부,공동주택,공동주택,705.8,182.29,659.72,20170104,6,0,서울특별시 금천구 시흥동 860-50번지
11545,10300,0,0860,0050,혜성펠리스,,표제부,공동주택,공동주택,705.8,182.29,659.3,20170104,6,0,서울특별시 금천구 시흥동 860-50번지
11545,10300,0,0860,0051,,,일반건축물,숙박시설,"여관, 목욕탕",0,215.54,691.57,19770923,3,1,서울특별시 금천구 시흥동 860-51번지
11545,10300,0,0860,0053,형제파크,,표제부,공동주택,공동주택,158,94.76,476.77,20001229,4,1,서울특별시 금천구 시흥동 860-53번지
11545,10300,0,0860,0056,,,일반건축물,단독주택,주택,0,98.37,295.11,19831217,2,1,서울특별시 금천구 시흥동 860-56번지
11545,10300,0,0860,0057,,,표제부,공동주택,도시형생활주택(단지형다세대주택),212.7,127.5,423.16,20130418,5,0,서울특별시 금천구 시흥동 860-57번지
11545,10300,0,0860,0058,,,일반건축물,단독주택,주택,0,98.37,295.11,19831217,2,1,서울특별시 금천구 시흥동 860-58번지
11545,10300,0,0861,0000,,,일반건축물,단독주택,"근린생활시설, 다가구주택(3가구)",145.9,87.28,352.72,19970619,3,1,서울특별시 금천구 시흥동 861번지
11545,10300,0,0861,0001,,,일반건축물,단독주택,단독주택,117,58.47,175.41,19871005,2,1,서울특별시 금천구 시흥동 861-1번지
11545,10300,0,0861,0002,,,일반건축물,단독주택,주택,0,54.55,111.41,19790720,2,1,서울특별시 금천구 시흥동 861-2번지
11545,10300,0,0861,0003,,,일반건축물,단독주택,다가구주택(7가구),140.5,70.14,210.42,19900915,2,1,서울특별시 금천구 시흥동 861-3번지
11545,10300,0,0861,0004,,,일반건축물,단독주택,다가구용 단독주택(5가구),0,77.62,231.42,19920905,2,1,서울특별시 금천구 시흥동 861-4번지
11545,10300,0,0861,0005,,,일반건축물,단독주택,단독주택,128,63.6,190.8,19860220,2,1,서울특별시 금천구 시흥동 861-5번지
11545,10300,0,0861,0006,,,일반건축물,단독주택,단독주택,151.9,75.87,227.61,19870613,2,1,서울특별시 금천구 시흥동 861-6번지
11545,10300,0,0861,0007,,,일반건축물,단독주택,주택,0,82.35,247.05,19880614,2,1,서울특별시 금천구 시흥동 861-7번지
11545,10300,0,0861,0008,,,일반건축물,단독주택,단독주택,149.2,74.01,222.03,19880927,2,1,서울특별시 금천구 시흥동 861-8번지
11545,10300,0,0861,0009,,,일반건축물,단독주택,단독주택,149.2,74.15,222.45,19851202,2,1,서울특별시 금천구 시흥동 861-9번지
11545,10300,0,0861,0010,,,일반건축물,단독주택,주택(3가구),151,74.88,224.64,19881202,2,1,서울특별시 금천구 시흥동 861-10번지
11545,10300,0,0861,0011,,,일반건축물,단독주택,단독주택,117.78,70.52,255.2,20170704,3,1,서울특별시 금천구 시흥동 861-11번지
11545,10300,0,0861,0012,,,일반건축물,단독주택,주택,0,79.34,105.13,19770920,1,1,서울특별시 금천구 시흥동 861-12번지
11545,10300,0,0861,0013,,,일반건축물,단독주택,주택,0,54.55,121.33,19781020,2,1,서울특별시 금천구 시흥동 861-13번지
11545,10300,0,0861,0014,,,일반건축물,단독주택,주택,0,57.19,128.59,19780605,2,1,서울특별시 금천구 시흥동 861-14번지
11545,10300,0,0861,0015,,,일반건축물,단독주택,단독주택,134.7,64.51,203.25,19870209,2,1,서울특별시 금천구 시흥동 861-15번지
11545,10300,0,0861,0017,,,일반건축물,단독주택,"주택, 점포",0,67.11,145.13,19780826,2,1,서울특별시 금천구 시흥동 861-17번지
11545,10300,0,0861,0018,,,일반건축물,단독주택,주택,0,67.84,203.52,19891227,2,1,서울특별시 금천구 시흥동 861-18번지
11545,10300,0,0861,0019,,,일반건축물,단독주택,다가구용 단독주택(5가구),131.6,72.49,199.8,19911220,2,1,서울특별시 금천구 시흥동 861-19번지
11545,10300,0,0861,0020,,,일반건축물,단독주택,주택,0,76.92,139.68,19780204,1,1,서울특별시 금천구 시흥동 861-20번지
11545,10300,0,0861,0021,,,일반건축물,단독주택,다가구용단독주택(5가구),137.4,82.25,221.85,19930104,2,1,서울특별시 금천구 시흥동 861-21번지
11545,10300,0,0861,0022,인화주택,,표제부,공동주택,도시형생활주택(단지형다세대),283.7,167.98,560.85,20151228,5,0,서울특별시 금천구 시흥동 861-22번지
11545,10300,0,0861,0024,금천빌리지,,표제부,공동주택,공동주택(다세대주택),272.4,147.16,659.53,20010924,4,1,서울특별시 금천구 시흥동 861-24번지
11545,10300,0,0861,0026,,,일반건축물,단독주택,다가구용단독주택(5가구),137.7,82.17,228.46,19931008,2,1,서울특별시 금천구 시흥동 861-26번지
11545,10300,0,0861,0027,,,일반건축물,단독주택,다가구용단독주택(5가구),125.7,75.36,213.12,19940110,2,1,서울특별시 금천구 시흥동 861-27번지
11545,10300,0,0861,0028,,,일반건축물,단독주택,다가구용 단독주택(6가구),0,101.04,298.92,19920824,2,1,서울특별시 금천구 시흥동 861-28번지
11545,10300,0,0861,0029,,,일반건축물,단독주택,주택(3가구),156.5,76.92,230.76,19880510,2,1,서울특별시 금천구 시흥동 861-29번지
11545,10300,0,0861,0030,,,일반건축물,단독주택,다가구용 단독주택(5가구),144.9,86.67,246.51,19931019,2,1,서울특별시 금천구 시흥동 861-30번지
11545,10300,0,0861,0032,,,일반건축물,단독주택,다가구주택(5가구),145.6,72.7,245.7,19900722,3,1,서울특별시 금천구 시흥동 861-32번지
11545,10300,0,0861,0033,,,일반건축물,단독주택,다가구주택,171.7,102.12,299.52,20150902,3,0,서울특별시 금천구 시흥동 861-33번지
11545,10300,0,0861,0034,,,일반건축물,단독주택,단독주택,189.8,86.1,249,19900620,2,1,서울특별시 금천구 시흥동 861-34번지
11545,10300,0,0861,0035,,,일반건축물,단독주택,다가구주택(5가구),167.5,99.56,298.68,19951017,2,1,서울특별시 금천구 시흥동 861-35번지
11545,10300,0,0861,0036,스타빌리지,,표제부,공동주택,공동주택(다세대주택),339.7,203.62,641.465,20220829,5,0,서울특별시 금천구 시흥동 861-36번지
11545,10300,0,0861,0038,,,일반건축물,단독주택,다가구용단독주택(5가구),123,69.62,198.45,19910720,2,1,서울특별시 금천구 시흥동 861-38번지
11545,10300,0,0861,0039,,,표제부,공동주택,다세대주택,260.9,142.37,640.03,20020510,4,1,서울특별시 금천구 시흥동 861-39번지
11545,10300,0,0861,0041,,,일반건축물,단독주택,단독주택,128.3,74.88,145.92,19770531,2,1,서울특별시 금천구 시흥동 861-41번지
11545,10300,0,0861,0042,,,일반건축물,단독주택,단독주택,123.4,61.38,184.14,19850824,2,1,서울특별시 금천구 시흥동 861-42번지
11545,10300,0,0861,0043,,,일반건축물,단독주택,다가구용 단독주택(5가구),115.2,69.03,192.24,19930728,2,1,서울특별시 금천구 시흥동 861-43번지
11545,10300,0,0861,0045,충무빌라,,표제부,공동주택,다세대주택,0,103.45,386.16,19920714,3,1,서울특별시 금천구 시흥동 861-45번지
11545,10300,0,0861,0046,,,일반건축물,단독주택,"단독주택,사무소",217.5,129.96,362.18,20151002,4,0,서울특별시 금천구 시흥동 861-46번지
11545,10300,0,0861,0047,,,일반건축물,단독주택,단독주택,228.7,112.32,329.4,19860416,2,1,서울특별시 금천구 시흥동 861-47번지
11545,10300,0,0861,0048,,,일반건축물,단독주택,단독주택,196.9,98.18,294.54,19900609,2,1,서울특별시 금천구 시흥동 861-48번지
11545,10300,0,0861,0050,,,일반건축물,단독주택,주택,0,66.78,144.79,19781214,2,1,서울특별시 금천구 시흥동 861-50번지
11545,10300,0,0861,0051,,,표제부,공동주택,다세대주택,226.4,117.57,389.13,19951109,3,1,서울특별시 금천구 시흥동 861-51번지
11545,10300,0,0861,0052,수노빌,,일반건축물,단독주택,"단독주택, 제2종근린생활시설",215.6,129.19,489.82,20180604,4,1,서울특별시 금천구 시흥동 861-52번지
11545,10300,0,0861,0053,수정맨션,,표제부,공동주택,다세대주택,239.3,142.54,659.29,20011221,4,1,서울특별시 금천구 시흥동 861-53번지
11545,10300,0,0861,0054,수정맨션,,표제부,공동주택,다세대주택,295.4,155.52,658.54,20011214,4,1,서울특별시 금천구 시흥동 861-54번지
11545,10300,0,0861,0056,,,표제부,공동주택,공동주택,327.9,144.6,659.5,20010419,4,1,서울특별시 금천구 시흥동 861-56번지
11545,10300,0,0861,0058,포그니빌3,,표제부,공동주택,도시형생활주택(원룸형),259.3,154.16,518.05,20210106,5,0,서울특별시 금천구 시흥동 861-58번지
11545,10300,0,0861,0060,,,일반건축물,단독주택,다가구용 단독주택(3가구),128.3,76.3,222.66,19971118,2,1,서울특별시 금천구 시흥동 861-60번지
11545,10300,0,0861,0061,비젼 하우스,,표제부,공동주택,다세대주택,334.7,200.66,659.31,20140415,5,0,서울특별시 금천구 시흥동 861-61번지
11545,10300,0,0861,0063,비젼 하우스,,표제부,공동주택,다세대주택,168.3,100.84,336.21,20140423,5,0,서울특별시 금천구 시흥동 861-63번지
11545,10300,0,0861,0064,,,일반건축물,단독주택,"근린생활시설, 다가구용단독주택(4가구)",167.4,99.9,319.45,19940503,3,1,서울특별시 금천구 시흥동 861-64번지
11545,10300,0,0861,0065,,,일반건축물,단독주택,"주택, 근린생활시설",0,82.53,265.23,19880509,3,1,서울특별시 금천구 시흥동 861-65번지
11545,10300,0,0861,0066,행복이가득한집,,표제부,공동주택,"공동주택, 제2종근린생활시설",323.3,180.06,636.86,20160727,5,0,서울특별시 금천구 시흥동 861-66번지
11545,10300,0,0861,0068,,,일반건축물,단독주택,다가구주택(3가구),124.7,74.76,224.28,19970821,2,1,서울특별시 금천구 시흥동 861-68번지
11545,10300,0,0861,0069,신한빌,,표제부,공동주택,다세대주택,248.7,149.04,496,20080801,5,0,서울특별시 금천구 시흥동 861-69번지
11545,10300,0,0862,0000,대성그린빌,,표제부,공동주택,다세대주택,196.9,117.93,589.65,20020823,4,1,서울특별시 금천구 시흥동 862번지
11545,10300,0,0862,0001,,,일반건축물,단독주택,다가구용 단독주택(11가구),175.5,104.41,417.64,19940111,3,1,서울특별시 금천구 시흥동 862-1번지
11545,10300,0,0862,0002,한백아트,,표제부,공동주택,공동주택(다세대주택)및1종근린생활시설(지역아동센터),364.7,216.07,815.35,20120119,5,1,서울특별시 금천구 시흥동 862-2번지
11545,10300,0,0862,0003,다솜,,표제부,공동주택,다세대주택,389.3,225.13,793.2,20131220,5,1,서울특별시 금천구 시흥동 862-3번지
11545,10300,0,0862,0004,,,일반건축물,단독주택,단독주택,170.4,83.01,249.24,19890609,2,1,서울특별시 금천구 시흥동 862-4번지
11545,10300,0,0862,0005,,.,일반건축물,단독주택,다가구용 단독주택(5가구),223.5,91.11,249.84,19911218,2,1,서울특별시 금천구 시흥동 862-5번지
11545,10300,0,0862,0009,우성빌라,,표제부,공동주택,다세대주택,189.2,113.16,495.21,19941125,4,1,서울특별시 금천구 시흥동 862-9번지
11545,10300,0,0862,0010,,,일반건축물,단독주택,다가구용 주택(8가구),164.8,82.35,266.41,19920522,4,0,서울특별시 금천구 시흥동 862-10번지
11545,10300,0,0862,0011,,,일반건축물,단독주택,"주택, 차고",0,103.45,195.35,19781124,1,1,서울특별시 금천구 시흥동 862-11번지
11545,10300,0,0862,0012,,,일반건축물,단독주택,주택,0,71.4,182.47,19781216,2,1,서울특별시 금천구 시흥동 862-12번지
11545,10300,0,0862,0013,,,일반건축물,단독주택,주택,0,64.79,155.03,19790406,2,1,서울특별시 금천구 시흥동 862-13번지
11545,10300,0,0862,0014,,,일반건축물,단독주택,"근린생활시설, 주택",0,75.03,264.91,19860531,3,1,서울특별시 금천구 시흥동 862-14번지
11545,10300,0,0862,0015,월드맨션,,표제부,공동주택,다세대주택,292.6,157.18,724.5,20030311,4,1,서울특별시 금천구 시흥동 862-15번지
11545,10300,0,0862,0017,,,일반건축물,단독주택,다가구용 주택(6가구),129.4,66.69,199.17,19911025,2,1,서울특별시 금천구 시흥동 862-17번지
11545,10300,0,0862,0019,,,일반건축물,단독주택,다가구용 주택(6가구),122.4,68.04,199.83,19911025,2,1,서울특별시 금천구 시흥동 862-19번지
11545,10300,0,0862,0020,현진아트빌,,표제부,공동주택,공동주택,327.1,191.78,656.27,20111129,5,0,서울특별시 금천구 시흥동 862-20번지
11545,10300,0,0863,0000,,,일반건축물,단독주택,"근린생활시설, 주택(4가구)",110.4,65.72,255.62,19910920,4,1,서울특별시 금천구 시흥동 863번지
11545,10300,0,0863,0001,,,일반건축물,단독주택,주택,0,61.14,186.39,19890825,2,1,서울특별시 금천구 시흥동 863-1번지
11545,10300,0,0863,0002,,,일반건축물,단독주택,다가구용 단독주택(6가구),131,78.57,222.48,19930705,2,1,서울특별시 금천구 시흥동 863-2번지
11545,10300,0,0863,0003,,,일반건축물,단독주택,다가구용 단독주택(5가구),140,83.97,234.72,19930601,2,1,서울특별시 금천구 시흥동 863-3번지
11545,10300,0,0863,0004,,,일반건축물,단독주택,단독주택,149.3,74.32,222.96,19871202,2,1,서울특별시 금천구 시흥동 863-4번지
11545,10300,0,0863,0005,,,일반건축물,단독주택,다가구주택(5가구),158.1,88.2,249.9,19920420,2,1,서울특별시 금천구 시흥동 863-5번지
11545,10300,0,0863,0006,,,표제부,공동주택,"공동주택,제2종근린생활시설",169.6,112.04,505.03,20110808,4,1,서울특별시 금천구 시흥동 863-6번지
11545,10300,0,0863,0007,빌라드 림,,표제부,공동주택,도시형생활주택(단지형다세대주택),539.7,147.54,530.08,20240709,6,0,서울특별시 금천구 시흥동 863-7번지
11545,10300,0,0863,0007,빌라드 림,,표제부,공동주택,도시형생활주택(단지형다세대주택),539.7,148.2,579.13,20240709,6,1,서울특별시 금천구 시흥동 863-7번지
11545,10300,0,0863,0011,,,일반건축물,단독주택,주택,0,68.1,145.45,19781018,2,1,서울특별시 금천구 시흥동 863-11번지
11545,10300,0,0863,0012,,,일반건축물,단독주택,주택,0,67.44,202.32,19820625,2,1,서울특별시 금천구 시흥동 863-12번지
11545,10300,0,0863,0013,,,일반건축물,단독주택,"(제1종)근린생활시설, 다가구주택(3가구)",136.7,85.83,322.41,19970904,4,1,서울특별시 금천구 시흥동 863-13번지
11545,10300,0,0863,0015,,,일반건축물,단독주택,"(제2종)근린생활시설, 다가구용 단독주택(3가구)",137,82.03,299.31,19960214,3,1,서울특별시 금천구 시흥동 863-15번지
11545,10300,0,0863,0016,더블루스테이,,표제부,공동주택,공동주택(도시형생활주택-원룸형주택),278.2,166.38,556.22,20191227,5,0,서울특별시 금천구 시흥동 863-16번지
11545,10300,0,0863,0018,헤렌하우스,,표제부,공동주택,공동주택,274.9,164.61,549.49,20170725,5,0,서울특별시 금천구 시흥동 863-18번지
11545,10300,0,0863,0020,,,표제부,공동주택,공동주택,136.6,80.64,278.8,20031209,4,0,서울특별시 금천구 시흥동 863-20번지
11545,10300,0,0863,0021,,,일반건축물,단독주택,주택,0,73.29,176.03,19751210,2,1,서울특별시 금천구 시흥동 863-21번지
11545,10300,0,0863,0022,,,일반건축물,단독주택,단독주택,142,70.83,212.49,19900910,2,1,서울특별시 금천구 시흥동 863-22번지
11545,10300,0,0863,0023,,,일반건축물,단독주택,다가구 단독주택,138.7,83.03,299.98,19960527,3,1,서울특별시 금천구 시흥동 863-23번지
11545,10300,0,0863,0024,,,일반건축물,단독주택,단독주택,140.2,69.72,212.64,19900801,2,1,서울특별시 금천구 시흥동 863-24번지
11545,10300,0,0863,0025,,,일반건축물,단독주택,다가구 단독주택(5가구),139.6,83.55,221.85,19930603,2,1,서울특별시 금천구 시흥동 863-25번지
11545,10300,0,0863,0026,,,일반건축물,단독주택,다가구 단독주택(6가구),141.8,84.15,240.93,19910516,2,1,서울특별시 금천구 시흥동 863-26번지
11545,10300,0,0863,0027,,,일반건축물,단독주택,다가구용 단독주택(7가구),137.7,81.66,235.08,19911226,2,1,서울특별시 금천구 시흥동 863-27번지
11545,10300,0,0863,0028,,,일반건축물,단독주택,"다가구용 단독주택(4가구), 근린생활시설",140.4,84.23,331.66,19911123,3,1,서울특별시 금천구 시흥동 863-28번지
11545,10300,0,0863,0030,,,일반건축물,단독주택,"(제2종)근린생활시설, 다가구용 단독주택",143.3,85.89,297.14,19950727,3,1,서울특별시 금천구 시흥동 863-30번지
11545,10300,0,0863,0031,,,표제부,공동주택,다세대주택,148.1,88.48,352.62,20011102,5,0,서울특별시 금천구 시흥동 863-31번지
11545,10300,0,0863,0032,,,일반건축물,단독주택,다가구주택(5가구),147.6,85,265.57,19990929,3,1,서울특별시 금천구 시흥동 863-32번지
11545,10300,0,0863,0033,,,표제부,공동주택,다세대주택,139,83.18,322.38,20020105,5,0,서울특별시 금천구 시흥동 863-33번지
11545,10300,0,0863,0034,,,일반건축물,단독주택,다가구 주택(6가구),143.2,85.8,292.13,19951018,3,1,서울특별시 금천구 시흥동 863-34번지
11545,10300,0,0863,0035,,,일반건축물,단독주택,다가구 단독주택(6가구),145.5,83.46,299.6,19970618,3,1,서울특별시 금천구 시흥동 863-35번지
11545,10300,0,0863,0038,,,일반건축물,단독주택,단독주택,164,81.9,245.7,19891012,2,1,서울특별시 금천구 시흥동 863-38번지
11545,10300,0,0863,0039,트윈빌 A동,,표제부,공동주택,다세대주택/업무시설(오피스텔),213.5,123.03,622.52,20160218,7,0,서울특별시 금천구 시흥동 863-39번지
11545,10300,0,0863,0041,트윈빌 B동,,표제부,공동주택,다세대주택/업무시설(오피스텔),213.9,123.03,626.56,20160218,7,0,서울특별시 금천구 시흥동 863-41번지
11545,10300,0,0863,0042,성천빌리지,,표제부,공동주택,공동주택,143.9,84.36,341.08,20111222,5,0,서울특별시 금천구 시흥동 863-42번지
11545,10300,0,0863,0043,성천빌리지,,표제부,공동주택,근.생및다세대주택(8),147.8,88.51,321.61,20120604,5,0,서울특별시 금천구 시흥동 863-43번지
11545,10300,0,0863,0044,한백아트5차,,표제부,업무시설,"오피스텔, 다중주택",140.9,83.4,449.71,20180713,7,0,서울특별시 금천구 시흥동 863-44번지
11545,10300,0,0863,0046,,,일반건축물,제2종근린생활시설,"소매점,사무소,다중주택",207.3,119.17,589.75,20210415,5,1,서울특별시 금천구 시흥동 863-46번지
11545,10300,0,0863,0047,라움빌딩,,표제부,노유자시설,노유자시설(사회복지시설 및 근로복지시설),252.4,151.33,1025.39,20060522,7,0,서울특별시 금천구 시흥동 863-47번지
11545,10300,0,0863,0048,,,일반건축물,제1종근린생활시설,"(제1,2종)근린생활시설",248.6,123.17,750.84,19920704,5,1,서울특별시 금천구 시흥동 863-48번지
11545,10300,0,0863,0049,해명럭스빌,,표제부,공동주택,"근린생활시설, 연립주택, 오피스텔",498.6,283.92,1849.75,20240219,10,0,서울특별시 금천구 시흥동 863-49번지
11545,10300,0,0863,0051,,,일반건축물,제2종근린생활시설,"근린생활시설, 주택(1가구)",254.8,125.04,623.64,19931027,4,1,서울특별시 금천구 시흥동 863-51번지
11545,10300,0,0864,0000,시흥연립,,표제부,공동주택,연립주택,0,360,1080,19801231,3,0,서울특별시 금천구 시흥동 864번지
11545,10300,0,0864,0000,시흥연립,,표제부,공동주택,연립주택,0,360,1080,19801231,3,0,서울특별시 금천구 시흥동 864번지
11545,10300,0,0864,0000,시흥연립,,표제부,공동주택,연립주택,0,360,1080,19801231,3,0,서울특별시 금천구 시흥동 864번지
11545,10300,0,0864,0000,시흥연립,,표제부,공동주택,연립주택,0,360,1080,19801231,3,0,서울특별시 금천구 시흥동 864번지
11545,10300,0,0864,0001,,,표제부,공동주택,다세대주택,295.7,148.14,651.24,20020808,4,1,서울특별시 금천구 시흥동 864-1번지
11545,10300,0,0864,0003,,,일반건축물,단독주택,주택,0,77.92,115.7,19761211,1,1,서울특별시 금천구 시흥동 864-3번지
11545,10300,0,0864,0003,,,일반건축물,단독주택,주택,0,71.07,130.24,19780303,2,1,서울특별시 금천구 시흥동 864-3번지
11545,10300,0,0864,0003,강남맨션B동,,표제부,공동주택,다세대주택,313.9,169.68,624.72,20040305,5,0,서울특별시 금천구 시흥동 864-3번지
11545,10300,0,0864,0003,,,일반건축물,단독주택,주택,0,68.1,147.11,19780619,2,1,서울특별시 금천구 시흥동 864-3번지
11545,10300,0,0864,0003,,,일반건축물,단독주택,주택,0,68.76,109.42,19790824,1,1,서울특별시 금천구 시흥동 864-3번지
11545,10300,0,0864,0006,,,일반건축물,단독주택,주택,0,65.45,163.63,19790905,2,1,서울특별시 금천구 시흥동 864-6번지
11545,10300,0,0864,0007,우리그린빌라,,표제부,공동주택,다세대주택,158,94.31,360.93,20020709,5,0,서울특별시 금천구 시흥동 864-7번지
11545,10300,0,0864,0008,,,표제부,공동주택,다세대주택,183.5,109.3,384.98,20020916,4,0,서울특별시 금천구 시흥동 864-8번지
11545,10300,0,0864,0010,헤렌하우스,,표제부,공동주택,"공동주택, 제2종근린생활시설",424.5,193.96,825.86,20180116,6,0,서울특별시 금천구 시흥동 864-10번지
11545,10300,0,0864,0013,,,일반건축물,단독주택,"주택, 점포",0,135.54,406.62,19820603,2,1,서울특별시 금천구 시흥동 864-13번지
11545,10300,0,0864,0014,,,일반건축물,단독주택,"근린생활시설, 주택",0,94.89,215.01,19830907,2,1,서울특별시 금천구 시흥동 864-14번지
11545,10300,0,0864,0015,,,일반건축물,단독주택,"근린생활시(소매점), 다가구용 단독주택(4가구)",174.2,103.96,286.08,19951013,2,1,서울특별시 금천구 시흥동 864-15번지
11545,10300,0,0864,0016,,,일반건축물,단독주택,주택,0,80,159.67,19771115,2,1,서울특별시 금천구 시흥동 864-16번지
11545,10300,0,0864,0017,준 그린빌,,표제부,공동주택,"공동주택, 제2종근린생활시설",283.6,167.89,563.43,20180829,5,0,서울특별시 금천구 시흥동 864-17번지
11545,10300,0,0864,0021,,,일반건축물,단독주택,주택,0,70.74,159.99,19780515,2,1,서울특별시 금천구 시흥동 864-21번지
11545,10300,0,0864,0022,,,일반건축물,단독주택,주택,0,80.33,162.98,19780223,2,1,서울특별시 금천구 시흥동 864-22번지
11545,10300,0,0864,0023,두일주택,,표제부,공동주택,공동주택(도시형생활주택),252.1,150.58,504.18,20190717,5,0,서울특별시 금천구 시흥동 864-23번지
11545,10300,0,0864,0027,,,일반건축물,단독주택,단독주택,125.7,62.82,198.18,19881231,2,1,서울특별시 금천구 시흥동 864-27번지
11545,10300,0,0864,0028,,,일반건축물,단독주택,주택,0,71.07,81.58,19770610,1,1,서울특별시 금천구 시흥동 864-28번지
11545,10300,0,0864,0031,강남맨션A동,,표제부,공동주택,다세대주택,388.3,192.3,659.6,20040323,5,0,서울특별시 금천구 시흥동 864-31번지
11545,10300,0,0865,0000,,,표제부,공동주택,다세대주택,227,130.63,449.4,19910415,3,1,서울특별시 금천구 시흥동 865번지
11545,10300,0,0865,0003,중앙하이츠,,표제부,공동주택,공동주택,258.4,154.32,565.98,20040501,5,0,서울특별시 금천구 시흥동 865-3번지
11545,10300,0,0865,0005,중앙하이츠,,표제부,공동주택,공동주택,234.5,139.66,558.66,20040501,5,0,서울특별시 금천구 시흥동 865-5번지
11545,10300,0,0865,0006,하누리 가동,,표제부,공동주택,공동주택,318.3,188.68,618.03,20181015,5,0,서울특별시 금천구 시흥동 865-6번지
11545,10300,0,0865,0008,,,일반건축물,단독주택,단독주택,190.5,114.09,342.9,20010813,4,0,서울특별시 금천구 시흥동 865-8번지
11545,10300,0,0865,0012,,,표제부,공동주택,다세대주택,317.8,172.8,659.66,19970829,4,1,서울특별시 금천구 시흥동 865-12번지
11545,10300,0,0865,0014,,,일반건축물,단독주택,"주택, 점포",0,81.25,148.9,19770730,2,1,서울특별시 금천구 시흥동 865-14번지
11545,10300,0,0865,0015,,,일반건축물,단독주택,단독주택,118.2,58.86,176.58,19900928,2,1,서울특별시 금천구 시흥동 865-15번지
11545,10300,0,0865,0016,,,일반건축물,단독주택,다가구용단독주택,149.1,71.96,215.88,19901029,2,1,서울특별시 금천구 시흥동 865-16번지
11545,10300,0,0865,0017,,,일반건축물,단독주택,다가구 주택(4가구),137.2,82.16,225.18,19921231,2,1,서울특별시 금천구 시흥동 865-17번지
11545,10300,0,0865,0018,,,일반건축물,단독주택,다가구 주택(6가구),130.9,78.29,248.94,19960531,3,1,서울특별시 금천구 시흥동 865-18번지
11545,10300,0,0865,0019,,,일반건축물,단독주택,다가구용 단독주택(3가구),101,60.2,168.52,19960910,2,1,서울특별시 금천구 시흥동 865-19번지
11545,10300,0,0865,0020,,,일반건축물,단독주택,다가구용 단독주택(7가구),182.3,82.44,247.32,19900920,2,1,서울특별시 금천구 시흥동 865-20번지
11545,10300,0,0865,0021,,,일반건축물,단독주택,다가구용 단독주택(3가구),103.2,61.68,172.68,19960911,2,1,서울특별시 금천구 시흥동 865-21번지
11545,10300,0,0865,0022,,,일반건축물,단독주택,다가구용 단독주택(5가구),159.7,94.68,284.04,19940712,2,1,서울특별시 금천구 시흥동 865-22번지
11545,10300,0,0865,0024,,,일반건축물,단독주택,주택,0,53.22,111.73,19770909,2,1,서울특별시 금천구 시흥동 865-24번지
11545,10300,0,0865,0025,,,일반건축물,단독주택,"단독주택, 제1종근린생활시설",115.9,69.45,295.57,20180321,4,1,서울특별시 금천구 시흥동 865-25번지
11545,10300,0,0865,0030,하누리 나동,,표제부,공동주택,공동주택,333.1,199.8,656.55,20181015,5,0,서울특별시 금천구 시흥동 865-30번지
11545,10300,0,0865,0033,,,일반건축물,단독주택,주택,0,59.17,131.56,19780209,2,1,서울특별시 금천구 시흥동 865-33번지
11545,10300,0,0865,0034,,,일반건축물,단독주택,다가구주택(5가구),108.2,64.65,190.65,19931207,2,1,서울특별시 금천구 시흥동 865-34번지
11545,10300,0,0865,0036,,,일반건축물,단독주택,주택,0,60.63,91.18,19770302,2,1,서울특별시 금천구 시흥동 865-36번지
11545,10300,0,0865,0037,,,일반건축물,단독주택,주택,0,58.18,130.24,19821110,2,1,서울특별시 금천구 시흥동 865-37번지
11545,10300,0,0865,0038,,,일반건축물,단독주택,단독주택,153.8,69.06,197.82,19900412,2,1,서울특별시 금천구 시흥동 865-38번지
11545,10300,0,0865,0041,,,일반건축물,단독주택,다가구용 단독주택(5가구),123.3,69.33,203.39,19910320,2,1,서울특별시 금천구 시흥동 865-41번지
11545,10300,0,0865,0044,,,표제부,공동주택,다세대주택,254.6,111.28,328.8,19910816,2,1,서울특별시 금천구 시흥동 865-44번지
11545,10300,0,0865,0045,,,표제부,공동주택,다세대주택,254.6,111.28,328.8,19910427,2,1,서울특별시 금천구 시흥동 865-45번지
11545,10300,0,0865,0046,,,표제부,공동주택,다세대주택,254.3,111.28,328.8,19910415,2,1,서울특별시 금천구 시흥동 865-46번지
11545,10300,0,0865,0047,,,표제부,공동주택,다세대주택,254.1,111.28,328.8,19910416,2,1,서울특별시 금천구 시흥동 865-47번지
11545,10300,0,0865,0048,,,표제부,공동주택,다세대주택,230.7,132.45,448.48,19910416,3,1,서울특별시 금천구 시흥동 865-48번지
11545,10300,0,0866,0000,,,일반건축물,단독주택,"주택, 점포",0,128.6,251.63,19771019,2,1,서울특별시 금천구 시흥동 866번지
11545,10300,0,0866,0001,,,표제부,공동주택,다세대주택,254.5,138.93,655.5,20020906,4,1,서울특별시 금천구 시흥동 866-1번지
11545,10300,0,0866,0003,,,표제부,공동주택,다세대주택,245.1,135.15,635.75,20000626,4,1,서울특별시 금천구 시흥동 866-3번지
11545,10300,0,0866,0005,,,일반건축물,단독주택,단독주택,192.7,95.41,286.23,19891020,2,1,서울특별시 금천구 시흥동 866-5번지
11545,10300,0,0866,0006,미르.빌,,표제부,공동주택,다세대주택,269.4,146.51,656.49,20021113,4,1,서울특별시 금천구 시흥동 866-6번지
11545,10300,0,0866,0007,미르.빌,,표제부,공동주택,다세대주택,154.2,92.46,439.93,20021108,4,1,서울특별시 금천구 시흥동 866-7번지
11545,10300,0,0866,0008,,,일반건축물,단독주택,다가구용 단독주택(5가구),201.7,120.82,298.8,19931027,2,1,서울특별시 금천구 시흥동 866-8번지
11545,10300,0,0866,0009,,,일반건축물,단독주택,다가구용 단독주택(5가구),233.5,105.3,315.9,19900626,2,1,서울특별시 금천구 시흥동 866-9번지
11545,10300,0,0866,0010,대초연립,,표제부,공동주택,연립주택,0,290.58,871.74,19810401,3,0,서울특별시 금천구 시흥동 866-10번지
11545,10300,0,0866,0010,대초연립,,표제부,공동주택,연립주택,0,124.96,361.66,19810401,3,0,서울특별시 금천구 시흥동 866-10번지
11545,10300,0,0866,0010,대초연립,,표제부,공동주택,연립주택,0,227.77,682.98,19810401,3,0,서울특별시 금천구 시흥동 866-10번지
11545,10300,0,0866,0011,,,일반건축물,단독주택,단독주택,192.7,95.4,286.2,19891017,2,1,서울특별시 금천구 시흥동 866-11번지
11545,10300,0,0867,0000,Dream House,,일반건축물,단독주택,"다가구주택,제2종근린생활시설",141.7,84.91,283.14,20111006,4,0,서울특별시 금천구 시흥동 867번지
11545,10300,0,0867,0001,,,일반건축물,단독주택,단독주택,175.4,76.5,229.5,19850615,2,1,서울특별시 금천구 시흥동 867-1번지
11545,10300,0,0867,0002,,,일반건축물,단독주택,다가구주택(6가구),207,124.09,467.12,20020523,3,1,서울특별시 금천구 시흥동 867-2번지
11545,10300,0,0867,0004,,,일반건축물,단독주택,다가구주택,179.8,105.42,297.51,19950602,2,1,서울특별시 금천구 시흥동 867-4번지
11545,10300,0,0867,0005,,,일반건축물,단독주택,다가구주택(4가구) 및 제2종근린생활시설(학원),156.1,88.4,301.43,20091028,4,0,서울특별시 금천구 시흥동 867-5번지
11545,10300,0,0867,0006,,,일반건축물,단독주택,다가구용 단독주택(5가구),110.5,65.9,170.37,19930625,2,1,서울특별시 금천구 시흥동 867-6번지
11545,10300,0,0867,0007,,,일반건축물,단독주택,단독주택,202.9,77.13,230.49,19870623,2,1,서울특별시 금천구 시흥동 867-7번지
11545,10300,0,0867,0008,,,일반건축물,단독주택,주택,0,71.91,204.84,19850905,2,1,서울특별시 금천구 시흥동 867-8번지
11545,10300,0,0867,0009,,,일반건축물,단독주택,다가구용 단독주택(4가구),106.9,64.09,215.4,19931123,3,1,서울특별시 금천구 시흥동 867-9번지
11545,10300,0,0867,0010,,,일반건축물,단독주택,다가구용 단독주택(5가구),117.5,66.69,149.19,19931118,2,1,서울특별시 금천구 시흥동 867-10번지
11545,10300,0,0867,0011,,,일반건축물,단독주택,다가구용단독주택,117.4,66.69,149.19,19931126,2,1,서울특별시 금천구 시흥동 867-11번지
11545,10300,0,0867,0013,,,일반건축물,단독주택,다가구용 단독주택(5가구),101.9,61.12,159.7,19931211,2,1,서울특별시 금천구 시흥동 867-13번지
11545,10300,0,0867,0014,,,일반건축물,단독주택,주택,0,139.83,272.4,19800604,2,1,서울특별시 금천구 시흥동 867-14번지
11545,10300,0,0867,0015,,,표제부,공동주택,공동주택(다세대주택),229.8,137.64,461.98,20090114,5,0,서울특별시 금천구 시흥동 867-15번지
11545,10300,0,0867,0016,우성아파트,,표제부,공동주택,아파트,714.7,328.2,1429.32,20040630,6,0,서울특별시 금천구 시흥동 867-16번지
11545,10300,0,0867,0021,월든메르디앙빌3,,표제부,공동주택,공동주택,197.7,117.04,646.06,20090325,5,2,서울특별시 금천구 시흥동 867-21번지
11545,10300,0,0867,0022,,,일반건축물,단독주택,단독주택,120.9,59.76,179.28,19860723,2,1,서울특별시 금천구 시흥동 867-22번지
11545,10300,0,0867,0023,,,일반건축물,단독주택,"근린생활시설, 주택",124.4,74.62,210.83,19920924,2,1,서울특별시 금천구 시흥동 867-23번지
11545,10300,0,0867,0025,,,일반건축물,단독주택,주택,0,71.57,81.78,19760915,1,1,서울특별시 금천구 시흥동 867-25번지
11545,10300,0,0867,0026,,,일반건축물,단독주택,단독주택,124.9,61.86,185.58,19851018,2,1,서울특별시 금천구 시흥동 867-26번지
11545,10300,0,0867,0027,,,일반건축물,단독주택,단독주택,124,61.99,185.22,19881213,2,1,서울특별시 금천구 시흥동 867-27번지
11545,10300,0,0867,0029,,,일반건축물,단독주택,단독주택,129.8,64.77,194.31,19891101,2,1,서울특별시 금천구 시흥동 867-29번지
11545,10300,0,0867,0030,,,일반건축물,단독주택,단독주택,124.8,62.04,186.12,19850923,2,1,서울특별시 금천구 시흥동 867-30번지
11545,10300,0,0867,0031,,,일반건축물,단독주택,단독주택,130.3,65.1,195.3,19900412,2,1,서울특별시 금천구 시흥동 867-31번지
11545,10300,0,0867,0032,,,표제부,공동주택,연립주택,0,85.62,172.57,19780724,2,1,서울특별시 금천구 시흥동 867-32번지
11545,10300,0,0867,0032,,,표제부,공동주택,연립주택,0,149.09,343.8,19780724,2,1,서울특별시 금천구 시흥동 867-32번지
11545,10300,0,0868,0000,신세계타운,,표제부,공동주택,다세대주택,308.2,173.83,615.36,20060414,5,0,서울특별시 금천구 시흥동 868번지
11545,10300,0,0868,0003,,,일반건축물,단독주택,다가구용 단독주택(5가구),178,76.77,230.31,19901111,2,1,서울특별시 금천구 시흥동 868-3번지
11545,10300,0,0868,0004,,,일반건축물,단독주택,다가구주택(6가구),145.9,81.87,245.61,19920520,2,1,서울특별시 금천구 시흥동 868-4번지
11545,10300,0,0868,0005,,,일반건축물,단독주택,다가구용 단독주택(6가구),153,82.98,248.94,19911014,2,1,서울특별시 금천구 시흥동 868-5번지
11545,10300,0,0868,0006,,,일반건축물,단독주택,단독주택,199,81.69,149.81,19770920,2,1,서울특별시 금천구 시흥동 868-6번지
11545,10300,0,0868,0007,,,일반건축물,단독주택,단독주택,153.2,76.56,229.68,19900713,2,1,서울특별시 금천구 시흥동 868-7번지
11545,10300,0,0868,0008,,,일반건축물,단독주택,다가구주택,182.1,86.46,254.67,20031215,3,0,서울특별시 금천구 시흥동 868-8번지
11545,10300,0,0868,0011,,,일반건축물,단독주택,단독주택,140.8,70.02,210.06,19891208,2,1,서울특별시 금천구 시흥동 868-11번지
11545,10300,0,0868,0012,,,일반건축물,단독주택,다가구주택,138.4,82.88,271.68,19990714,4,0,서울특별시 금천구 시흥동 868-12번지
11545,10300,0,0868,0013,,,일반건축물,단독주택,단독주택,145.4,72.51,217.53,19891214,2,1,서울특별시 금천구 시흥동 868-13번지
11545,10300,0,0868,0014,,,일반건축물,단독주택,단독주택,179.6,89.28,264.69,19890504,2,1,서울특별시 금천구 시흥동 868-14번지
11545,10300,0,0868,0015,,,일반건축물,제2종근린생활시설,근린생활시설및주택,220.7,124.4,494.58,20101227,4,1,서울특별시 금천구 시흥동 868-15번지
11545,10300,0,0868,0017,,,일반건축물,단독주택,"근린생활시설, 주택",0,91.24,161.32,19770917,2,1,서울특별시 금천구 시흥동 868-17번지
11545,10300,0,0868,0018,,,일반건축물,단독주택,주택,213.1,93.65,218.55,19830708,2,1,서울특별시 금천구 시흥동 868-18번지
11545,10300,0,0868,0019,,,일반건축물,단독주택,다가구주택,177.4,106.29,405.4,20050114,3,1,서울특별시 금천구 시흥동 868-19번지
11545,10300,0,0868,0020,,,일반건축물,단독주택,주택,0,79.92,239.76,19830524,2,1,서울특별시 금천구 시흥동 868-20번지
11545,10300,0,0868,0023,,,일반건축물,단독주택,주택,0,77.36,232.08,19821209,2,1,서울특별시 금천구 시흥동 868-23번지
11545,10300,0,0868,0024,,,일반건축물,단독주택,다가구용 단독주택(5가구),140.7,82.65,220.16,19940503,2,1,서울특별시 금천구 시흥동 868-24번지
11545,10300,0,0868,0025,태성맨션,,표제부,공동주택,다세대주택,336.3,200.51,658.72,20030321,5,0,서울특별시 금천구 시흥동 868-25번지
11545,10300,0,0868,0028,백송아트빌,,표제부,공동주택,다세대주택,312.1,181.89,645.24,20021227,5,0,서울특별시 금천구 시흥동 868-28번지
11545,10300,0,0868,0031,,,표제부,공동주택,다세대주택,160,91.95,369.89,20160129,5,1,서울특별시 금천구 시흥동 868-31번지
11545,10300,0,0868,0032,,,표제부,공동주택,다세대주택,246.1,146.17,633.92,20090903,5,2,서울특별시 금천구 시흥동 868-32번지
11545,10300,0,0868,0034,,,일반건축물,단독주택,다가구용 단독주택(5가구),182.8,109.62,299.16,19940510,3,0,서울특별시 금천구 시흥동 868-34번지
11545,10300,0,0868,0035,,,일반건축물,단독주택,"주택, 점포",0,84.46,157.85,19770708,2,1,서울특별시 금천구 시흥동 868-35번지
11545,10300,0,0868,0036,,,일반건축물,단독주택,다가구용 단독주택(5가구),116.4,62.02,183.54,19930601,2,1,서울특별시 금천구 시흥동 868-36번지
11545,10300,0,0868,0037,,,일반건축물,단독주택,다가구용 단독주택(6가구),121.2,68.93,199.12,19910523,2,1,서울특별시 금천구 시흥동 868-37번지
11545,10300,0,0868,0038,,,일반건축물,단독주택,다가구용단독주택(5가구),139.7,80.46,179.28,19931217,2,1,서울특별시 금천구 시흥동 868-38번지
11545,10300,0,0868,0040,,,일반건축물,단독주택,단독주택,152,75.9,227.7,19890503,2,1,서울특별시 금천구 시흥동 868-40번지
11545,10300,0,0868,0041,,,일반건축물,단독주택,다가구주택,166.1,99.5,286.61,20020527,3,0,서울특별시 금천구 시흥동 868-41번지
11545,10300,0,0868,0042,,,일반건축물,노유자시설,노유자시설(아동관련시설),89.6,57.72,158.94,19770422,3,0,서울특별시 금천구 시흥동 868-42번지
11545,10300,0,0868,0044,,,표제부,공동주택,공동주택(다세대주택)제2종근린생활시설(소매점),330.45,169.58,624.02,20101108,5,0,서울특별시 금천구 시흥동 868-44번지
11545,10300,0,0868,0045,웨스트 오션,,표제부,공동주택,도시형생활주택/단지형다세대주택,326.7,169.66,649.16,20230407,6,0,서울특별시 금천구 시흥동 868-45번지
11545,10300,0,0868,0049,드웰하우스,,표제부,공동주택,도시형생활주택/단지형다세대주택,220.3,132.12,439.94,20230526,5,0,서울특별시 금천구 시흥동 868-49번지
11545,10300,0,0868,0051,,,일반건축물,단독주택,단독주택(다가구주택),118.1,70.68,188.1,20140702,3,0,서울특별시 금천구 시흥동 868-51번지
11545,10300,0,0868,0052,,,일반건축물,단독주택,단독주택,119.9,59.79,178.37,19871127,2,1,서울특별시 금천구 시흥동 868-52번지
11545,10300,0,0868,0053,,,일반건축물,단독주택,단독주택,118.7,58.56,175.68,19900719,2,1,서울특별시 금천구 시흥동 868-53번지
11545,10300,0,0868,0054,,,일반건축물,단독주택,단독주택,134.8,67.32,201.96,19900801,2,1,서울특별시 금천구 시흥동 868-54번지
11545,10300,0,0868,0055,,,일반건축물,단독주택,단독주택,117.9,58.2,174.6,19880602,2,1,서울특별시 금천구 시흥동 868-55번지
11545,10300,0,0868,0056,,,일반건축물,단독주택,단독주택,180,82.6,247.48,19851205,2,1,서울특별시 금천구 시흥동 868-56번지
11545,10300,0,0868,0057,,,일반건축물,단독주택,단독주택,174.1,102.63,329.33,20170216,3,1,서울특별시 금천구 시흥동 868-57번지
11545,10300,0,0868,0058,,,일반건축물,단독주택,단독주택,164,79.74,240.66,19870527,2,1,서울특별시 금천구 시흥동 868-58번지
11545,10300,0,0868,0060,신한캐슬,,표제부,공동주택,공동주택,301.4,180.14,634.71,20121217,5,0,서울특별시 금천구 시흥동 868-60번지
11545,10300,0,0868,0062,,,일반건축물,단독주택,주택,164.9,82.44,247.32,19890213,2,1,서울특별시 금천구 시흥동 868-62번지
11545,10300,0,0868,0063,,,일반건축물,단독주택,단독주택,162.4,81.09,243.27,19881208,2,1,서울특별시 금천구 시흥동 868-63번지
11545,10300,0,0868,0064,,,일반건축물,단독주택,단독주택,162.4,81.18,243.54,19880514,2,1,서울특별시 금천구 시흥동 868-64번지
11545,10300,0,0868,0065,,,일반건축물,단독주택,다가구용 단독주택(7가구),171.5,102.7,270.9,19950228,2,1,서울특별시 금천구 시흥동 868-65번지
11545,10300,0,0868,0066,,,일반건축물,단독주택,주택,173,84.48,253.95,19850813,2,1,서울특별시 금천구 시흥동 868-66번지
11545,10300,0,0868,0067,,,표제부,공동주택,다세대주택(6세대),177.6,106.35,394.94,20000306,3,1,서울특별시 금천구 시흥동 868-67번지
11545,10300,0,0868,0070,,,일반건축물,단독주택,주택,0,76.69,230.07,19821209,2,1,서울특별시 금천구 시흥동 868-70번지
11545,10300,0,0869,0000,,,일반건축물,단독주택,"근린생활시설, 주택(3가구)",189.8,113.18,460.26,19911115,3,1,서울특별시 금천구 시흥동 869번지
11545,10300,0,0869,0001,동호쉐르빌,,표제부,공동주택,공동주택(다세대주택),136.2,78.48,262.2,20071114,5,0,서울특별시 금천구 시흥동 869-1번지
11545,10300,0,0869,0002,,,일반건축물,단독주택,다가구용 단독주택(4가구),131.2,65.43,196.29,19901210,2,1,서울특별시 금천구 시흥동 869-2번지
11545,10300,0,0869,0003,,,일반건축물,단독주택,"다가구용 주택(3가구), 근린생활시설",145.5,87.21,251.45,19930526,2,1,서울특별시 금천구 시흥동 869-3번지
11545,10300,0,0869,0004,,,일반건축물,단독주택,다가구용 단독주택(5가구),132.3,79.18,214.54,19940309,2,1,서울특별시 금천구 시흥동 869-4번지
11545,10300,0,0869,0005,,,일반건축물,단독주택,다가구용 단독주택(5가구),136.8,81.96,222.08,19930604,2,1,서울특별시 금천구 시흥동 869-5번지
11545,10300,0,0869,0006,,,일반건축물,단독주택,주택,0,75.21,156.6,19770727,2,1,서울특별시 금천구 시흥동 869-6번지
11545,10300,0,0869,0007,,,일반건축물,단독주택,"주택, 점포,제2종근린생활시설",170,88.26,161.65,19771117,2,1,서울특별시 금천구 시흥동 869-7번지
11545,10300,0,0869,0009,,,일반건축물,단독주택,다가구용 단독주택(5가구),130.6,67.35,183.78,19911216,2,1,서울특별시 금천구 시흥동 869-9번지
11545,10300,0,0869,0010,,,일반건축물,단독주택,다가구용 단독주택(5가구),123.4,71.87,215.61,19931116,2,1,서울특별시 금천구 시흥동 869-10번지
11545,10300,0,0869,0011,,,일반건축물,단독주택,다가구용 단독주택(5가구),118.1,70.77,191.07,19930316,2,1,서울특별시 금천구 시흥동 869-11번지
11545,10300,0,0869,0012,,,일반건축물,단독주택,다가구용 단독주택(5가구),134.8,78.92,199.98,19930325,2,1,서울특별시 금천구 시흥동 869-12번지
11545,10300,0,0869,0013,,,일반건축물,단독주택,다가구용 단독주택(5가구),116,68.97,186.11,19940623,2,1,서울특별시 금천구 시흥동 869-13번지
11545,10300,0,0869,0014,,,표제부,공동주택,"다세대주택, 제1종근린생활시설",249.3,148.87,682.45,20020725,4,1,서울특별시 금천구 시흥동 869-14번지
11545,10300,0,0869,0016,건우노블빌,,표제부,공동주택,제1종근린생활시설.다세주택,341.6,201.5,675.18,20081127,5,0,서울특별시 금천구 시흥동 869-16번지
11545,10300,0,0869,0019,,,일반건축물,단독주택,주택,0,62.48,129.59,19780224,2,1,서울특별시 금천구 시흥동 869-19번지
11545,10300,0,0869,0020,,,일반건축물,단독주택,다가구용 단독주택(5가구),128.6,58.44,172.965,19910626,2,1,서울특별시 금천구 시흥동 869-20번지
11545,10300,0,0869,0021,,,일반건축물,단독주택,주택,0,78.35,144.13,19771026,2,1,서울특별시 금천구 시흥동 869-21번지
11545,10300,0,0869,0022,,,일반건축물,단독주택,다가구용 단독주택(4가구),132.9,77.49,222.75,19910720,2,1,서울특별시 금천구 시흥동 869-22번지
11545,10300,0,0869,0023,,,일반건축물,단독주택,단독주택,131,78,205.2,19910110,2,1,서울특별시 금천구 시흥동 869-23번지
11545,10300,0,0869,0024,골드빌,,표제부,공동주택,공동주택(다세대주택),282.6,169.12,558.93,20080320,4,0,서울특별시 금천구 시흥동 869-24번지
11545,10300,0,0869,0025,,,일반건축물,단독주택,단독주택,150.9,74.31,236.25,19870708,2,1,서울특별시 금천구 시흥동 869-25번지
11545,10300,0,0869,0026,,,일반건축물,단독주택,"주택, 점포,제2종근린생활시설",0,94.55,192.08,19770930,2,1,서울특별시 금천구 시흥동 869-26번지
11545,10300,0,0869,0028,,,일반건축물,단독주택,"제1,2종근린생활시설,단독주택",173.5,103.97,344.61,20040707,4,0,서울특별시 금천구 시흥동 869-28번지
11545,10300,0,0869,0029,정우하이츠빌라,,표제부,공동주택,공동주택,302.7,141.77,657.43,20001201,4,1,서울특별시 금천구 시흥동 869-29번지
11545,10300,0,0869,0031,,,일반건축물,단독주택,"주택, 점포",0,88.64,173.23,19781223,2,1,서울특별시 금천구 시흥동 869-31번지
11545,10300,0,0869,0032,,,일반건축물,단독주택,다가구용 단독주택(5가구),0,96.27,288.81,19920909,2,1,서울특별시 금천구 시흥동 869-32번지
11545,10300,0,0869,0033,,,일반건축물,단독주택,주택,0,84.23,173.09,19760728,2,1,서울특별시 금천구 시흥동 869-33번지
11545,10300,0,0869,0034,,,일반건축물,단독주택,단독주택,166.3,98.75,268.54,20170523,4,0,서울특별시 금천구 시흥동 869-34번지
11545,10300,0,0869,0035,,,일반건축물,단독주택,다가구용 단독주택(6가구),143.8,67.91,199.74,19910617,2,1,서울특별시 금천구 시흥동 869-35번지
11545,10300,0,0869,0036,,,일반건축물,단독주택,다가구용단독주택(5가구),172.9,94.93,276.33,19911001,2,1,서울특별시 금천구 시흥동 869-36번지
11545,10300,0,0869,0037,,,일반건축물,단독주택,단독주택,135.4,80.75,288.2,20171220,3,1,서울특별시 금천구 시흥동 869-37번지
11545,10300,0,0869,0038,양지빌딩,,일반건축물,단독주택,"단독주택, 근린생활시설",243,145.26,557.6,20200618,4,1,서울특별시 금천구 시흥동 869-38번지
11545,10300,0,0869,0039,,,일반건축물,단독주택,다가구용단독주택(7가구),190.5,113.6,317.77,19941216,2,1,서울특별시 금천구 시흥동 869-39번지
11545,10300,0,0869,0040,,,일반건축물,단독주택,단독주택(5가구),192.4,109.38,407.49,19970724,3,1,서울특별시 금천구 시흥동 869-40번지
11545,10300,0,0869,0041,,,일반건축물,단독주택,주택,0,78.35,163.31,19781127,2,1,서울특별시 금천구 시흥동 869-41번지
11545,10300,0,0869,0043,무지개빌,,표제부,공동주택,다세대주택,295.1,152.76,659.3,20020510,4,1,서울특별시 금천구 시흥동 869-43번지
11545,10300,0,0869,0044,1,,일반건축물,단독주택,단독주택(다중주택),118.3,70.77,275.34,20160429,3,1,서울특별시 금천구 시흥동 869-44번지
11545,10300,0,0869,0045,,,일반건축물,단독주택,다가구용 단독주택(4가구),124.6,68.38,199.62,19911218,2,1,서울특별시 금천구 시흥동 869-45번지
11545,10300,0,0869,0047,,,일반건축물,단독주택,다가구주택,146.1,87.03,246.24,20020411,3,0,서울특별시 금천구 시흥동 869-47번지
11545,10300,0,0869,0048,,,일반건축물,단독주택,단독주택,126.1,63.02,189.06,19871223,2,1,서울특별시 금천구 시흥동 869-48번지
11545,10300,0,0869,0049,,,일반건축물,단독주택,주택,0,57.27,171.81,19880722,2,1,서울특별시 금천구 시흥동 869-49번지
11545,10300,0,0869,0050,,,일반건축물,단독주택,주택,0,59.49,178.47,19890424,2,1,서울특별시 금천구 시흥동 869-50번지
11545,10300,0,0869,0051,,,일반건축물,단독주택,주택,0,63.37,190.11,19880519,2,1,서울특별시 금천구 시흥동 869-51번지
11545,10300,0,0869,0053,오성주택,,일반건축물,단독주택,"다가구주택, 제1종근린생활시설",138.1,82.48,240.54,20180918,4,0,서울특별시 금천구 시흥동 869-53번지
11545,10300,0,0869,0054,,,일반건축물,단독주택,단독주택,137.4,68.63,205.89,19890912,2,1,서울특별시 금천구 시흥동 869-54번지
11545,10300,0,0869,0055,,,일반건축물,단독주택,단독주택,144.8,72.37,217.11,19881109,2,1,서울특별시 금천구 시흥동 869-55번지
11545,10300,0,0869,0056,,,일반건축물,단독주택,주택,0,68.73,206.19,19880610,2,1,서울특별시 금천구 시흥동 869-56번지
11545,10300,0,0869,0057,,3,일반건축물,단독주택,단독주택,133.5,66.68,197.64,19890825,2,1,서울특별시 금천구 시흥동 869-57번지
11545,10300,0,0869,0058,,,일반건축물,단독주택,"주택, 점포",0,76.17,151.87,19770330,2,1,서울특별시 금천구 시흥동 869-58번지
11545,10300,0,0869,0059,,,일반건축물,단독주택,주택,0,73.39,117.69,19771011,1,1,서울특별시 금천구 시흥동 869-59번지
11545,10300,0,0869,0060,오크벨리,,표제부,공동주택,다세대주택,140.7,83.49,233.87,20050325,3,0,서울특별시 금천구 시흥동 869-60번지
11545,10300,0,0869,0061,,,일반건축물,단독주택,단독주택,133.2,65.72,197.16,19851202,2,1,서울특별시 금천구 시흥동 869-61번지
11545,10300,0,0869,0062,,,일반건축물,단독주택,다가구용 단독주택(5가구),134.9,66.25,198.75,19910701,2,1,서울특별시 금천구 시흥동 869-62번지
11545,10300,0,0869,0063,,,일반건축물,단독주택,단독주택,138,79.65,238.95,19910111,2,1,서울특별시 금천구 시흥동 869-63번지
11545,10300,0,0869,0064,,,일반건축물,단독주택,주택,0,89.08,133.55,19770820,2,1,서울특별시 금천구 시흥동 869-64번지
11545,10300,0,0869,0065,,,일반건축물,단독주택,단독주택,141.8,70.83,212.49,19891221,2,1,서울특별시 금천구 시흥동 869-65번지
11545,10300,0,0869,0066,,,일반건축물,단독주택,다가구주택(6가구),161.9,86.7,249.66,19920521,2,1,서울특별시 금천구 시흥동 869-66번지
11545,10300,0,0869,0067,,,일반건축물,단독주택,"주택, 변소",0,74.35,113.71,19761217,1,1,서울특별시 금천구 시흥동 869-67번지
11545,10300,0,0869,0068,,,일반건축물,단독주택,주택,0,90.25,164.63,19771102,2,1,서울특별시 금천구 시흥동 869-68번지
11545,10300,0,0869,0069,,,일반건축물,단독주택,단독주택,164.8,82.23,246.69,19870617,2,1,서울특별시 금천구 시흥동 869-69번지
11545,10300,0,0869,0070,신세계타운,,표제부,공동주택,"다세대주택 ,제1종근린생활시설",367.3,216.55,720.31,20071224,5,0,서울특별시 금천구 시흥동 869-70번지
11545,10300,0,0870,0000,,,일반건축물,제1종근린생활시설,"근린생활시설, 업무시설",403.2,200.64,1568.64,19940223,6,2,서울특별시 금천구 시흥동 870번지
11545,10300,0,0870,0001,,,일반건축물,제2종근린생활시설,"주택,점포,제2종근린생활시설",0,118.01,289.9,19771101,2,1,서울특별시 금천구 시흥동 870-1번지
11545,10300,0,0870,0002,,,일반건축물,제2종근린생활시설,"(제2종)근린생활시설, 단독주택",363.7,175.43,1115.92,19940128,5,1,서울특별시 금천구 시흥동 870-2번지
11545,10300,0,0870,0004,,,일반건축물,단독주택,다가구용 단독주택(5가구),126.3,74.96,198,19940511,2,1,서울특별시 금천구 시흥동 870-4번지
11545,10300,0,0870,0006,,,일반건축물,단독주택,"제1종근린생활시설, 다가구주택",156.8,93.18,279.54,19980529,3,0,서울특별시 금천구 시흥동 870-6번지
11545,10300,0,0870,0007,,,일반건축물,단독주택,단독주택,132.1,79.12,168.93,19780324,2,1,서울특별시 금천구 시흥동 870-7번지
11545,10300,0,0870,0008,,,일반건축물,제2종근린생활시설,제2종근린생활시설,437.8,15.6,15.6,20081112,1,0,서울특별시 금천구 시흥동 870-8번지
11545,10300,0,0870,0008,,,일반건축물,제2종근린생활시설,근린생활시설,437.8,203,1071,19900907,4,1,서울특별시 금천구 시흥동 870-8번지
11545,10300,0,0870,0009,,,일반건축물,제1종근린생활시설,근린생활시설,0,162,648,19850308,3,1,서울특별시 금천구 시흥동 870-9번지
11545,10300,0,0870,0009,상아빌딩,,일반건축물,제2종근린생활시설,제1.2종근린생활시설,1161.8,413.7,1887.76,19850308,4,1,서울특별시 금천구 시흥동 870-9번지
11545,10300,0,0870,0014,,,일반건축물,단독주택,"다가구용 단독주택(3가구), (제2종)근린생활시설",0,76,326.25,19920624,3,1,서울특별시 금천구 시흥동 870-14번지
11545,10300,0,0870,0015,,,일반건축물,단독주택,다가구용 단독주택(5가구),0,67.39,199.67,19920603,2,1,서울특별시 금천구 시흥동 870-15번지
11545,10300,0,0870,0018,소명빌딩,,일반건축물,제2종근린생활시설,"제2종근린생활시설, 단독주택",300.8,150.3,708.57,20140425,5,0,서울특별시 금천구 시흥동 870-18번지
11545,10300,0,0870,0027,,,일반건축물,문화및집회시설,"문화시설, 교육연구시설, 복지시설, 집회시설",1854,834.54,4743.59,19990526,4,2,서울특별시 금천구 시흥동 870-27번지
11545,10300,0,0870,0029,서현리빙텔,,일반건축물,제2종근린생활시설,"(제1,2종)근린생활시설,주택",375.4,180.4,889.7,19890503,5,0,서울특별시 금천구 시흥동 870-29번지
11545,10300,0,0870,0030,,,일반건축물,업무시설,"근린생활시설, 사무실, 점포",1031.8,418.18,1583.1,19841115,4,1,서울특별시 금천구 시흥동 870-30번지
11545,10300,0,0871,0000,,,일반건축물,단독주택,"근린생활시설, 주택",101.3,59.39,253.62,19930308,4,1,서울특별시 금천구 시흥동 871번지
11545,10300,0,0871,0001,,,일반건축물,단독주택,단독주택,111.7,55.8,167.4,19900601,2,1,서울특별시 금천구 시흥동 871-1번지
11545,10300,0,0871,0002,,,일반건축물,단독주택,단독주택,110.8,55.3,165.9,19890615,2,1,서울특별시 금천구 시흥동 871-2번지
11545,10300,0,0871,0004,도시형생활주택,,표제부,공동주택,도시형생활주택(단지형다세대),345.2,206.45,659.78,20131204,5,0,서울특별시 금천구 시흥동 871-4번지
11545,10300,0,0871,0006,,,일반건축물,단독주택,다가구용단독주택(5가구),176.3,104.87,260.82,19921109,2,1,서울특별시 금천구 시흥동 871-6번지
11545,10300,0,0871,0007,,,일반건축물,단독주택,다가구용단독주택(4가구),170.5,84.47,245.3,19901116,2,1,서울특별시 금천구 시흥동 871-7번지
11545,10300,0,0871,0008,,,일반건축물,단독주택,다가구용단독주택(4가구),128.1,63.45,190.35,19901227,2,1,서울특별시 금천구 시흥동 871-8번지
11545,10300,0,0871,0009,정우파크빌라,,표제부,공동주택,"다세대주택(7세대), 근린생활시설",188,112.04,469.72,20000802,5,0,서울특별시 금천구 시흥동 871-9번지
11545,10300,0,0871,0010,,,표제부,공동주택,연립주택,0,246.28,738.84,19800304,2,1,서울특별시 금천구 시흥동 871-10번지
11545,10300,0,0871,0011,,,일반건축물,단독주택,"주택, 지하실, 창고",0,108.45,235.45,19831116,2,1,서울특별시 금천구 시흥동 871-11번지
11545,10300,0,0871,0012,,,일반건축물,단독주택,다가구용 단독주택(6가구),141,84.3,246.87,19910723,2,1,서울특별시 금천구 시흥동 871-12번지
11545,10300,0,0871,0013,,,일반건축물,단독주택,"(제2종)근린생활시설, 주택",306.3,180.63,868.2,19950829,4,1,서울특별시 금천구 시흥동 871-13번지
11545,10300,0,0871,0014,금천아트빌,,표제부,공동주택,다세대주택,354.64,200.1,592.37,20110817,5,0,서울특별시 금천구 시흥동 871-14번지
11545,10300,0,0871,0016,,,일반건축물,단독주택,주택,0,135,365.67,19831027,2,1,서울특별시 금천구 시흥동 871-16번지
11545,10300,0,0871,0017,,,일반건축물,단독주택,주택,0,29.42,29.42,19671226,1,0,서울특별시 금천구 시흥동 871-17번지
11545,10300,0,0871,0017,,,일반건축물,단독주택,다가구용 단독주택(12가구),297.76,178.13,534.39,19910703,2,1,서울특별시 금천구 시흥동 871-17번지
11545,10300,0,0871,0017,,,일반건축물,단독주택,주택,0,33.06,33.06,,1,0,서울특별시 금천구 시흥동 871-17번지
11545,10300,0,0871,0018,,,일반건축물,단독주택,주택,119.3,54.36,163.08,19840416,2,1,서울특별시 금천구 시흥동 871-18번지
11545,10300,0,0871,0019,,,일반건축물,단독주택,주택,102,49.35,148.05,19840416,2,1,서울특별시 금천구 시흥동 871-19번지
11545,10300,0,0871,0020,,,일반건축물,단독주택,다가구용 단독주택(5가구),101.85,51.34,154.02,19911014,2,1,서울특별시 금천구 시흥동 871-20번지
11545,10300,0,0871,0021,,,일반건축물,단독주택,다가구용 단독주택(4가구),99.6,56.9,167.3,19910729,2,1,서울특별시 금천구 시흥동 871-21번지
11545,10300,0,0871,0022,,,일반건축물,단독주택,주택,0,96.2,250.1,19801110,2,1,서울특별시 금천구 시흥동 871-22번지
11545,10300,0,0871,0023,,,표제부,공동주택,다세대주택,408.5,164.84,659.36,19910725,3,1,서울특별시 금천구 시흥동 871-23번지
11545,10300,0,0871,0026,하늘 닿은 집,,일반건축물,단독주택,"단독주택,근린생활시설",154.3,92.47,335.66,20171205,4,1,서울특별시 금천구 시흥동 871-26번지
11545,10300,0,0871,0027,,,일반건축물,단독주택,"단독주택, 근린생활시설",214.5,128.12,484,20171229,4,1,서울특별시 금천구 시흥동 871-27번지
11545,10300,0,0871,0028,,,일반건축물,단독주택,"주택, 근린생활시설",0,92.56,189.42,19790721,2,1,서울특별시 금천구 시흥동 871-28번지
11545,10300,0,0871,0029,,,일반건축물,단독주택,주택,0,67.11,159.67,19790328,2,1,서울특별시 금천구 시흥동 871-29번지
11545,10300,0,0871,0030,,,일반건축물,단독주택,단독주택,154.2,92.43,296.5,20160727,3,1,서울특별시 금천구 시흥동 871-30번지
11545,10300,0,0871,0031,,,일반건축물,단독주택,단독주택,208.6,91.17,266.23,19851023,2,1,서울특별시 금천구 시흥동 871-31번지
11545,10300,0,0871,0032,,,일반건축물,단독주택,주택,0,54.21,96.52,19780619,2,1,서울특별시 금천구 시흥동 871-32번지
11545,10300,0,0871,0033,,,일반건축물,단독주택,"주택, 근린생활시설",0,83.97,230.81,19790928,2,1,서울특별시 금천구 시흥동 871-33번지
11545,10300,0,0871,0034,,,일반건축물,단독주택,단독주택,167.7,82.25,247.05,19900816,2,1,서울특별시 금천구 시흥동 871-34번지
11545,10300,0,0871,0035,두림에이스빌,,표제부,공동주택,공동주택,189,113.16,397.33,20081027,5,0,서울특별시 금천구 시흥동 871-35번지
11545,10300,0,0871,0037,,,일반건축물,단독주택,단독주택,167.3,98.65,326.91,20170811,3,1,서울특별시 금천구 시흥동 871-37번지
11545,10300,0,0871,0039,무송베스트빌,,표제부,공동주택,공동주택,378.8,211.69,659.02,20150323,5,0,서울특별시 금천구 시흥동 871-39번지
11545,10300,0,0871,0041,,,일반건축물,단독주택,주택,0,84.3,246.95,19810413,2,1,서울특별시 금천구 시흥동 871-41번지
11545,10300,0,0871,0042,,,일반건축물,단독주택,주택,0,88.93,251.25,19800709,2,1,서울특별시 금천구 시흥동 871-42번지
11545,10300,0,0871,0044,,,일반건축물,단독주택,주택,0,82.64,227.43,19810413,2,1,서울특별시 금천구 시흥동 871-44번지
11545,10300,0,0871,0045,,,일반건축물,단독주택,다가구주택(5가구),193,115.74,309.25,19971030,3,0,서울특별시 금천구 시흥동 871-45번지
11545,10300,0,0871,0048,,,일반건축물,단독주택,주택,0,79.92,239.76,19831128,2,1,서울특별시 금천구 시흥동 871-48번지
11545,10300,0,0871,0050,,,일반건축물,단독주택,다가구주택(7가구),258.6,119.22,319.2,19901013,2,1,서울특별시 금천구 시흥동 871-50번지
11545,10300,0,0871,0051,,,일반건축물,단독주택,다가구용단독주택,196.8,117.05,361.09,19970927,3,1,서울특별시 금천구 시흥동 871-51번지
11545,10300,0,0872,0000,보라그린,,표제부,공동주택,다세대주택,215.1,129,526.92,20030903,5,0,서울특별시 금천구 시흥동 872번지
11545,10300,0,0872,0001,형제베스트빌B동,,표제부,공동주택,다세대주택,286.3,170.7,572.4,20050117,5,0,서울특별시 금천구 시흥동 872-1번지
11545,10300,0,0872,0002,형제베스트빌A동,,표제부,공동주택,다세대주택,286.4,171.66,572.4,20041207,5,0,서울특별시 금천구 시흥동 872-2번지
11545,10300,0,0872,0003,,,일반건축물,단독주택,다가구용단독주택,266,159.54,505.06,19980928,3,1,서울특별시 금천구 시흥동 872-3번지
11545,10300,0,0872,0006,,,일반건축물,단독주택,다가구주택(9가구),254.7,152.58,551.88,19971223,3,1,서울특별시 금천구 시흥동 872-6번지
11545,10300,0,0872,0008,,,일반건축물,단독주택,주택,0,78.98,236.94,19880616,2,1,서울특별시 금천구 시흥동 872-8번지
11545,10300,0,0872,0009,,,일반건축물,단독주택,주택,0,75.33,225.99,19830802,2,1,서울특별시 금천구 시흥동 872-9번지
11545,10300,0,0872,0010,,,일반건축물,단독주택,주택,0,73.11,219.33,19831014,2,1,서울특별시 금천구 시흥동 872-10번지
11545,10300,0,0872,0011,,,일반건축물,단독주택,다가구용단독주택(6가구),123.5,73.87,199.89,19930616,2,1,서울특별시 금천구 시흥동 872-11번지
11545,10300,0,0872,0012,,,일반건축물,단독주택,다가구용단독주택(5가구),136.7,81.96,199.62,19930828,2,1,서울특별시 금천구 시흥동 872-12번지
11545,10300,0,0872,0013,,,일반건축물,단독주택,다가구용단독주택(4가구),128.2,70.65,149.61,19930830,2,1,서울특별시 금천구 시흥동 872-13번지
11545,10300,0,0872,0014,,,일반건축물,단독주택,주택,0,76.2,228.6,19830223,2,1,서울특별시 금천구 시흥동 872-14번지
11545,10300,0,0872,0018,,,일반건축물,단독주택,주택,0,87,261,19830907,2,1,서울특별시 금천구 시흥동 872-18번지
11545,10300,0,0872,0019,,,일반건축물,단독주택,단독주택,178.5,84.5,247.2,19890503,2,1,서울특별시 금천구 시흥동 872-19번지
11545,10300,0,0872,0020,,,일반건축물,단독주택,다가구용 단독주택,198.3,117.48,443.46,19971213,3,1,서울특별시 금천구 시흥동 872-20번지
11545,10300,0,0872,0024,,,일반건축물,단독주택,"제2종근린생활시설, 다가구용단독주택(3가구)",118.9,70.97,174.34,19940916,2,1,서울특별시 금천구 시흥동 872-24번지
11545,10300,0,0872,0025,,,일반건축물,단독주택,단독주택,122.7,61.22,183.66,19870610,2,1,서울특별시 금천구 시흥동 872-25번지
11545,10300,0,0872,0026,,,일반건축물,단독주택,단독주택,104.8,52.05,156.15,19860924,2,1,서울특별시 금천구 시흥동 872-26번지
11545,10300,0,0872,0027,,,일반건축물,단독주택,다가구용 단독주택(4가구),96.1,47.85,143.55,19910219,2,1,서울특별시 금천구 시흥동 872-27번지
11545,10300,0,0872,0028,,,일반건축물,단독주택,다가구용 단독주택,105.1,62.79,222.42,19971030,3,1,서울특별시 금천구 시흥동 872-28번지
11545,10300,0,0872,0029,,,일반건축물,단독주택,다가구용 주택,201.2,109.96,309.38,19971016,2,1,서울특별시 금천구 시흥동 872-29번지
11545,10300,0,0872,0031,,,표제부,공동주택,다세대주택,88.45,53.02,147.66,19910912,2,1,서울특별시 금천구 시흥동 872-31번지
11545,10300,0,0872,0035,,,일반건축물,단독주택,주택,0,65.79,148.76,19820607,2,1,서울특별시 금천구 시흥동 872-35번지
11545,10300,0,0872,0036,,,일반건축물,단독주택,주택,0,57,176.4,19831128,2,1,서울특별시 금천구 시흥동 872-36번지
11545,10300,0,0872,0037,,,일반건축물,단독주택,주택,0,59.28,177.84,19880329,2,1,서울특별시 금천구 시흥동 872-37번지
11545,10300,0,0872,0039,삼성쉐르빌,,표제부,공동주택,다세대주택,278.9,165.92,560.28,20120224,5,0,서울특별시 금천구 시흥동 872-39번지
11545,10300,0,0872,0040,,,일반건축물,단독주택,주택,152,70.03,210.09,19840403,2,1,서울특별시 금천구 시흥동 872-40번지
11545,10300,0,0872,0042,,,표제부,공동주택,다세대주택,173.8,102.57,414.36,19920522,3,1,서울특별시 금천구 시흥동 872-42번지
11545,10300,0,0872,0043,,,일반건축물,단독주택,주택,0,83.52,247.32,19830905,2,1,서울특별시 금천구 시흥동 872-43번지
11545,10300,0,0872,0044,,,일반건축물,단독주택,주택,0,83.52,247.32,19830901,2,1,서울특별시 금천구 시흥동 872-44번지
11545,10300,0,0872,0046,,,일반건축물,단독주택,주택,0,81.13,243.39,19880616,2,1,서울특별시 금천구 시흥동 872-46번지
11545,10300,0,0872,0047,,,일반건축물,단독주택,주택,0,80.19,240.57,19880616,2,1,서울특별시 금천구 시흥동 872-47번지
11545,10300,0,0872,0048,,,일반건축물,단독주택,주택,0,80.19,240.57,19880616,2,1,서울특별시 금천구 시흥동 872-48번지
11545,10300,0,0873,0000,,,일반건축물,단독주택,주택,0,38.92,116.76,19830714,2,1,서울특별시 금천구 시흥동 873번지
11545,10300,0,0873,0001,,,표제부,공동주택,다세대주택,200.1,119.96,467.98,20020803,4,0,서울특별시 금천구 시흥동 873-1번지
11545,10300,0,0873,0002,,,일반건축물,제1종근린생활시설,"주택, 근린생활시설",0,83.22,247.44,19831026,2,1,서울특별시 금천구 시흥동 873-2번지
11545,10300,0,0873,0003,,,표제부,공동주택,다세대주택,285.5,152.74,757.17,20020705,4,1,서울특별시 금천구 시흥동 873-3번지
11545,10300,0,0873,0005,,,일반건축물,단독주택,주택,0,46.92,140.76,19830614,2,1,서울특별시 금천구 시흥동 873-5번지
11545,10300,0,0873,0007,,,일반건축물,단독주택,주택,0,60.66,181.98,19830822,2,1,서울특별시 금천구 시흥동 873-7번지
11545,10300,0,0873,0012,도희하우스A동,,표제부,공동주택,다세대주택,223.9,127.33,508.15,20150409,5,1,서울특별시 금천구 시흥동 873-12번지
11545,10300,0,0873,0014,도희하우스B동,,표제부,공동주택,다세대주택,183.2,103.94,360.94,20150402,5,0,서울특별시 금천구 시흥동 873-14번지
11545,10300,0,0873,0015,,,표제부,공동주택,"도시형생활주택,제2종근린생활시설",187.9,112.61,436.98,20160113,5,1,서울특별시 금천구 시흥동 873-15번지
11545,10300,0,0873,0016,,,표제부,공동주택,"도시형생활주택,제2종근린생활시설",248.9,148.93,562.42,20160113,5,1,서울특별시 금천구 시흥동 873-16번지
11545,10300,0,0873,0018,,3,일반건축물,단독주택,단독주택,123.1,58.58,170.68,19870902,2,1,서울특별시 금천구 시흥동 873-18번지
11545,10300,0,0873,0019,,,일반건축물,단독주택,단독주택,105.9,52.8,158.4,19861022,2,1,서울특별시 금천구 시흥동 873-19번지
11545,10300,0,0873,0020,,,일반건축물,단독주택,주택,173.6,84.06,246.78,19890515,2,1,서울특별시 금천구 시흥동 873-20번지
11545,10300,0,0873,0021,,,일반건축물,단독주택,단독주택,234.2,109.62,328.86,19860922,2,1,서울특별시 금천구 시흥동 873-21번지
11545,10300,0,0873,0022,,,일반건축물,단독주택,단독주택,121,58.39,169.11,19861118,2,1,서울특별시 금천구 시흥동 873-22번지
11545,10300,0,0873,0024,,,일반건축물,단독주택,"주택, 변소",0,78.48,83.7,19730824,1,1,서울특별시 금천구 시흥동 873-24번지
11545,10300,0,0873,0025,,,일반건축물,단독주택,"근린생활시설, 주택",144.2,71.33,178.96,19860604,2,1,서울특별시 금천구 시흥동 873-25번지
11545,10300,0,0873,0026,,,일반건축물,단독주택,"제1종근린생활시설, 단독주택",270.6,112.45,259.43,20070731,3,0,서울특별시 금천구 시흥동 873-26번지
11545,10300,0,0873,0027,,,일반건축물,단독주택,"제2종근린생활시설, 다가구주택(6가구)",255.6,153.05,614.7,19960514,3,1,서울특별시 금천구 시흥동 873-27번지
11545,10300,0,0873,0028,,,일반건축물,단독주택,다가구용 단독주택(6가구),0,88.84,264.36,19920724,2,1,서울특별시 금천구 시흥동 873-28번지
11545,10300,0,0873,0029,,,일반건축물,단독주택,주택,0,82,246,19840808,2,1,서울특별시 금천구 시흥동 873-29번지
11545,10300,0,0873,0030,,,일반건축물,단독주택,"근린생활시설, 주택",222.34,110.87,478.22,19881222,3,1,서울특별시 금천구 시흥동 873-30번지
11545,10300,0,0873,0031,,,일반건축물,단독주택,"주택, 점포",176.85,72.54,217.84,19850826,2,1,서울특별시 금천구 시흥동 873-31번지
11545,10300,0,0873,0032,,,일반건축물,단독주택,"근린생활시설, 주택",187.4,93.42,256.39,19731218,2,1,서울특별시 금천구 시흥동 873-32번지
11545,10300,0,0873,0033,,,일반건축물,단독주택,단독주택,180.2,82.29,246.87,19900726,2,1,서울특별시 금천구 시흥동 873-33번지
11545,10300,0,0873,0035,,,일반건축물,단독주택,단독주택,205.5,82.26,246.78,19900621,2,1,서울특별시 금천구 시흥동 873-35번지
11545,10300,0,0873,0036,,,일반건축물,단독주택,"근린생활시설, 다가구용단독주택(3가구)",172.5,99.61,329.89,19910713,3,1,서울특별시 금천구 시흥동 873-36번지
11545,10300,0,0873,0037,,,일반건축물,단독주택,"근린생활시설, 주택",165.9,99,272.1,19970524,3,0,서울특별시 금천구 시흥동 873-37번지
11545,10300,0,0873,0038,,,일반건축물,단독주택,다가구용 단독주택(5가구),114.5,54.91,154.29,19900825,2,1,서울특별시 금천구 시흥동 873-38번지
11545,10300,0,0873,0040,,,일반건축물,단독주택,주택,0,64.98,194.94,19831011,2,1,서울특별시 금천구 시흥동 873-40번지
11545,10300,0,0873,0040,,,일반건축물,단독주택,주택,0,68.28,204.84,19831011,2,1,서울특별시 금천구 시흥동 873-40번지
11545,10300,0,0873,0041,,,일반건축물,단독주택,"근린생활시설, 다가구주택(3가구)",144.3,83.74,349.11,19990527,4,1,서울특별시 금천구 시흥동 873-41번지
11545,10300,0,0873,0042,,,일반건축물,제2종근린생활시설,"소매점,휴게음식점,고시원,단독주택",277.5,151.84,712.4,20121129,4,1,서울특별시 금천구 시흥동 873-42번지
11545,10300,0,0873,0044,,,일반건축물,단독주택,주택,0,71.28,163.62,19840620,2,1,서울특별시 금천구 시흥동 873-44번지
11545,10300,0,0874,0000,,,일반건축물,단독주택,"근린생활시설, 주택",131.55,78.8,258.33,19970627,4,0,서울특별시 금천구 시흥동 874번지
11545,10300,0,0874,0001,,,일반건축물,제1종근린생활시설,"근린생활시설, 주택",118,58.56,172.68,19870610,2,1,서울특별시 금천구 시흥동 874-1번지
11545,10300,0,0874,0002,,,일반건축물,단독주택,"근린생활시설, 주택",131.5,65.46,187.08,19900814,2,1,서울특별시 금천구 시흥동 874-2번지
11545,10300,0,0874,0004,,,일반건축물,단독주택,"주택, 근린생활시설",0,55.65,129.5,19840514,2,1,서울특별시 금천구 시흥동 874-4번지
11545,10300,0,0874,0005,,,일반건축물,제1종근린생활시설,"근린생활시설, 다가구용단독주택(3가구)",266.2,157.05,419.19,19940413,2,1,서울특별시 금천구 시흥동 874-5번지
11545,10300,0,0874,0006,,,일반건축물,단독주택,"주택, 점포",0,89.3,229.36,19830610,2,1,서울특별시 금천구 시흥동 874-6번지
11545,10300,0,0874,0007,,,일반건축물,단독주택,"주택, 제1종근린생활시설",0,66.12,146.45,19791222,2,1,서울특별시 금천구 시흥동 874-7번지
11545,10300,0,0874,0008,,,일반건축물,단독주택,"단독주택, 제2종근린생활시설",0,58.38,116.76,19750529,2,0,서울특별시 금천구 시흥동 874-8번지
11545,10300,0,0874,0009,,,일반건축물,단독주택,"주택, 근린생활시설",0,75.42,245.66,19920613,3,1,서울특별시 금천구 시흥동 874-9번지
11545,10300,0,0874,0010,,,일반건축물,단독주택,"주택,제2종근린생활시설",108.4,56.73,113.46,19750528,2,0,서울특별시 금천구 시흥동 874-10번지
11545,10300,0,0874,0011,,,일반건축물,단독주택,주택 외 1,0,59.17,143.79,19820628,2,1,서울특별시 금천구 시흥동 874-11번지
11545,10300,0,0874,0012,,,일반건축물,단독주택,단독주택,140.6,69.48,208.44,19890529,2,1,서울특별시 금천구 시흥동 874-12번지
11545,10300,0,0874,0013,,,일반건축물,단독주택,단독주택,152.8,75.84,227.52,19881104,2,1,서울특별시 금천구 시흥동 874-13번지
11545,10300,0,0874,0014,,,일반건축물,단독주택,단독주택,181.2,89.55,268.65,19850318,2,1,서울특별시 금천구 시흥동 874-14번지
11545,10300,0,0874,0016,,,일반건축물,단독주택,다가구용단독주택(5가구),120,71.33,198.39,19921230,2,1,서울특별시 금천구 시흥동 874-16번지
11545,10300,0,0874,0017,,,일반건축물,단독주택,다가구용단독주택(4가구),132.6,79.14,207.36,19930914,2,1,서울특별시 금천구 시흥동 874-17번지
11545,10300,0,0874,0019,,,일반건축물,단독주택,"근린생활시설, 다가구주택",220.2,131.96,520.52,19980423,4,1,서울특별시 금천구 시흥동 874-19번지
11545,10300,0,0874,0020,,,일반건축물,단독주택,"제1종근린생활시설(소매점),제2종근린생활시설(사무소),다가구주택",280.6,155.3,544.37,20040915,4,0,서울특별시 금천구 시흥동 874-20번지
11545,10300,0,0874,0022,,,일반건축물,단독주택,"근린생활시설, 다가구용단독주택(2가구)",142.5,85.38,155.76,19951109,2,0,서울특별시 금천구 시흥동 874-22번지
11545,10300,0,0874,0023,,,일반건축물,단독주택,주택,0,80.04,240.12,19830831,2,1,서울특별시 금천구 시흥동 874-23번지
11545,10300,0,0874,0024,,,일반건축물,단독주택,다가구주택,166.1,93.02,243.27,19950610,2,1,서울특별시 금천구 시흥동 874-24번지
11545,10300,0,0874,0025,,,일반건축물,단독주택,주택,0,81.8,245.4,19830802,2,1,서울특별시 금천구 시흥동 874-25번지
11545,10300,0,0874,0026,,,일반건축물,단독주택,"주택,제2종근린생활시설",165.5,98.96,259.44,19830802,2,1,서울특별시 금천구 시흥동 874-26번지
11545,10300,0,0875,0000,,,일반건축물,단독주택,"근린생활시설, 다가구용단독주택(6가구)",212.4,127.34,472.28,19940603,3,1,서울특별시 금천구 시흥동 875번지
11545,10300,0,0875,0001,,,일반건축물,단독주택,"주택,점포,제1.2종근린생활시설",119,59.37,116.02,19831128,2,0,서울특별시 금천구 시흥동 875-1번지
11545,10300,0,0875,0002,,,일반건축물,단독주택,단독주택,0,0,168.48,19900726,2,1,서울특별시 금천구 시흥동 875-2번지
11545,10300,0,0875,0003,,,일반건축물,단독주택,다가구용 단독주택(5가구),130,77.62,224.12,19910816,2,1,서울특별시 금천구 시흥동 875-3번지
11545,10300,0,0875,0004,한솔그린빌,,표제부,공동주택,다세대주택,246.6,147.52,578.64,20030416,5,0,서울특별시 금천구 시흥동 875-4번지
11545,10300,0,0875,0006,,,일반건축물,단독주택,"주택, 근린생활시설",0,50.05,150.15,19840723,2,1,서울특별시 금천구 시흥동 875-6번지
11545,10300,0,0875,0007,,,일반건축물,단독주택,단독주택,101.2,50.4,151.2,19850930,2,1,서울특별시 금천구 시흥동 875-7번지
11545,10300,0,0875,0008,,,일반건축물,단독주택,주택,0,44.38,133.14,19860404,2,1,서울특별시 금천구 시흥동 875-8번지
11545,10300,0,0875,0010,,,일반건축물,단독주택,단독주택,109.6,48.6,138,19860322,2,1,서울특별시 금천구 시흥동 875-10번지
11545,10300,0,0875,0011,,,일반건축물,단독주택,"근린생활시설, 다가구용단독주택(3가구)",134.9,80.04,296.27,19940915,3,1,서울특별시 금천구 시흥동 875-11번지
11545,10300,0,0875,0012,,,일반건축물,단독주택,다가구용 단독주택(5가구),119.2,70.99,212.97,19941125,2,1,서울특별시 금천구 시흥동 875-12번지
11545,10300,0,0875,0013,,,일반건축물,단독주택,"주택, 점포",0,85.82,176.73,19730721,2,1,서울특별시 금천구 시흥동 875-13번지
11545,10300,0,0875,0014,,,일반건축물,단독주택,주택,117.7,58.77,176.31,19880701,2,1,서울특별시 금천구 시흥동 875-14번지
11545,10300,0,0875,0015,,,일반건축물,단독주택,주택,0,66.12,66.12,19730413,1,0,서울특별시 금천구 시흥동 875-15번지
11545,10300,0,0875,0016,,,일반건축물,단독주택,주택,0,71.28,213.84,19840719,2,1,서울특별시 금천구 시흥동 875-16번지
11545,10300,0,0875,0017,,,일반건축물,단독주택,단독주택,144.1,71.7,221.94,19871103,2,1,서울특별시 금천구 시흥동 875-17번지
11545,10300,0,0875,0019,,,일반건축물,단독주택,다가구용 단독주택(5가구),141.1,68.86,199.62,19910604,2,1,서울특별시 금천구 시흥동 875-19번지
11545,10300,0,0875,0020,,,일반건축물,단독주택,다가구용 단독주택(5가구),131.1,68.35,199.71,19910723,2,1,서울특별시 금천구 시흥동 875-20번지
11545,10300,0,0875,0021,,,일반건축물,단독주택,다가구용 단독주택(6가구),125.1,74.48,201,19931214,2,1,서울특별시 금천구 시흥동 875-21번지
11545,10300,0,0875,0022,,,일반건축물,단독주택,주택,0,72.4,150.74,19780223,2,1,서울특별시 금천구 시흥동 875-22번지
11545,10300,0,0875,0023,,,일반건축물,단독주택,주택,0,76.36,162.97,19771116,2,1,서울특별시 금천구 시흥동 875-23번지
11545,10300,0,0875,0024,,,일반건축물,단독주택,주택,152.4,73.8,221.4,19840620,2,1,서울특별시 금천구 시흥동 875-24번지
11545,10300,0,0875,0025,,,일반건축물,단독주택,단독주택,145.5,72.65,215.55,19890711,2,1,서울특별시 금천구 시흥동 875-25번지
11545,10300,0,0875,0027,,,일반건축물,단독주택,다가구용 단독주택(5가구),137.1,79.77,234.81,19910725,2,1,서울특별시 금천구 시흥동 875-27번지
11545,10300,0,0875,0028,,,일반건축물,단독주택,단독주택,112.4,56.16,168.48,19900725,2,1,서울특별시 금천구 시흥동 875-28번지
11545,10300,0,0875,0030,,,일반건축물,단독주택,단독주택,109.8,54.59,163.77,19850731,2,1,서울특별시 금천구 시흥동 875-30번지
11545,10300,0,0875,0031,,,일반건축물,단독주택,"주택, 점포",0,86.84,144.39,19730820,2,0,서울특별시 금천구 시흥동 875-31번지
11545,10300,0,0876,0000,,,일반건축물,단독주택,다가구용 단독주택(5가구),154.9,92.4,270.72,19980723,3,0,서울특별시 금천구 시흥동 876번지
11545,10300,0,0876,0001,,,일반건축물,단독주택,주택,0,41.16,41.16,19720920,1,0,서울특별시 금천구 시흥동 876-1번지
11545,10300,0,0876,0001,,,일반건축물,단독주택,단독주택,111.7,55.23,165.69,19860508,2,1,서울특별시 금천구 시흥동 876-1번지
11545,10300,0,0876,0002,,,일반건축물,단독주택,주택,0,49.38,148.14,19881109,2,1,서울특별시 금천구 시흥동 876-2번지
11545,10300,0,0876,0003,,,일반건축물,단독주택,주택,0,58.11,174.33,19880921,2,1,서울특별시 금천구 시흥동 876-3번지
11545,10300,0,0876,0004,,,일반건축물,단독주택,단독주택,115.6,57.72,173.16,19850726,2,1,서울특별시 금천구 시흥동 876-4번지
11545,10300,0,0876,0006,새한아트빌라,,표제부,공동주택,다세대주택,128.2,76.89,281.35,20020928,5,0,서울특별시 금천구 시흥동 876-6번지
11545,10300,0,0876,0007,,,일반건축물,단독주택,단독주택,132.4,65.44,196.32,19850904,2,1,서울특별시 금천구 시흥동 876-7번지
11545,10300,0,0876,0008,한신빌,,표제부,공동주택,"도시형생활주택(단지형다세대),제2종근린생활시설",246.8,147.47,492.73,20140501,5,0,서울특별시 금천구 시흥동 876-8번지
11545,10300,0,0876,0011,한신빌,,표제부,공동주택,"도시형생활주택(단지형),제2종근린생활시설",268.7,157.2,537.02,20140501,5,0,서울특별시 금천구 시흥동 876-11번지
11545,10300,0,0876,0013,,,일반건축물,단독주택,2종근린생활시설 및 다가구주택(12가구),128.8,77.01,257.54,20110817,5,0,서울특별시 금천구 시흥동 876-13번지
11545,10300,0,0876,0014,,,일반건축물,단독주택,주택,0,79.24,152.96,19730605,2,1,서울특별시 금천구 시흥동 876-14번지
11545,10300,0,0876,0015,,,일반건축물,단독주택,주택,0,76.71,230.13,19880510,2,1,서울특별시 금천구 시흥동 876-15번지
11545,10300,0,0876,0016,,,일반건축물,단독주택,단독주택,175.8,83.25,241.65,19860819,2,1,서울특별시 금천구 시흥동 876-16번지
11545,10300,0,0876,0017,,,일반건축물,단독주택,다가구주택(2가구),0,77.7,233.1,19841110,2,1,서울특별시 금천구 시흥동 876-17번지
11545,10300,0,0876,0018,,,일반건축물,단독주택,단독주택,130.4,65.09,195.27,19891012,2,1,서울특별시 금천구 시흥동 876-18번지
11545,10300,0,0876,0019,,,일반건축물,단독주택,단독주택,176.5,82.35,247.05,19880614,2,1,서울특별시 금천구 시흥동 876-19번지
11545,10300,0,0876,0021,,,표제부,공동주택,다세대주택,339.1,137.04,658.8,20020918,4,1,서울특별시 금천구 시흥동 876-21번지
11545,10300,0,0876,0022,,,일반건축물,단독주택,단독주택,132.4,65.09,195.27,19891017,2,1,서울특별시 금천구 시흥동 876-22번지
11545,10300,0,0877,0000,,,일반건축물,단독주택,"주택, 점포",0,71.83,146.64,19770603,2,1,서울특별시 금천구 시흥동 877번지
11545,10300,0,0877,0001,,,일반건축물,단독주택,주택,0,63.8,118.02,19771107,2,1,서울특별시 금천구 시흥동 877-1번지
11545,10300,0,0877,0002,,,일반건축물,단독주택,다가구용 단독주택(6가구),123.2,66.96,191.58,19901019,2,1,서울특별시 금천구 시흥동 877-2번지
11545,10300,0,0877,0003,,,일반건축물,단독주택,"주택,교육연구및복지시설(아동관련시설)",0,58.41,130.31,19770802,2,1,서울특별시 금천구 시흥동 877-3번지
11545,10300,0,0877,0004,,,일반건축물,단독주택,"단독주택(다가구주택), 제1종근린생활시설",193.3,115.56,225.57,19990529,2,0,서울특별시 금천구 시흥동 877-4번지
11545,10300,0,0877,0005,,,일반건축물,단독주택,단독주택,123.25,61.41,184.23,19871223,2,1,서울특별시 금천구 시흥동 877-5번지
11545,10300,0,0877,0006,,,일반건축물,단독주택,단독주택,104.75,52.02,162.6,19890623,2,1,서울특별시 금천구 시흥동 877-6번지
11545,10300,0,0877,0007,,,일반건축물,단독주택,단독주택,109.55,54.63,173.19,19890810,2,1,서울특별시 금천구 시흥동 877-7번지
11545,10300,0,0877,0008,,,일반건축물,단독주택,주택,0,82.35,247.05,19890529,2,1,서울특별시 금천구 시흥동 877-8번지
11545,10300,0,0877,0009,,,일반건축물,단독주택,주택,0,52.02,166.14,19880610,2,1,서울특별시 금천구 시흥동 877-9번지
11545,10300,0,0877,0011,,,일반건축물,단독주택,단독주택,103.8,51.64,154.92,19870515,2,1,서울특별시 금천구 시흥동 877-11번지
11545,10300,0,0877,0012,,,일반건축물,단독주택,단독주택,107.35,53.42,160.26,19890824,2,1,서울특별시 금천구 시흥동 877-12번지
11545,10300,0,0877,0013,,,일반건축물,단독주택,다가구용 단독주택(5가구),105.5,63.16,181.68,19910701,2,1,서울특별시 금천구 시흥동 877-13번지
11545,10300,0,0877,0014,,,일반건축물,단독주택,단독주택,122.75,61.2,183.6,19890703,2,1,서울특별시 금천구 시흥동 877-14번지
11545,10300,0,0877,0015,,,일반건축물,단독주택,단독주택,113.25,56.43,169.29,19880512,2,1,서울특별시 금천구 시흥동 877-15번지
11545,10300,0,0877,0016,,,일반건축물,단독주택,주택(3가구),113.5,56.73,172.89,19881017,2,1,서울특별시 금천구 시흥동 877-16번지
11545,10300,0,0877,0017,,,일반건축물,단독주택,다가구용 단독주택(5가구),112.35,67.4,187.02,19930610,2,1,서울특별시 금천구 시흥동 877-17번지
11545,10300,0,0877,0018,,,일반건축물,단독주택,다가구용 단독주택(6가구),111.3,66.71,184.38,19940422,3,0,서울특별시 금천구 시흥동 877-18번지
11545,10300,0,0877,0020,,,일반건축물,단독주택,다가구주택(3가구),116.7,58.21,174.63,19860812,2,1,서울특별시 금천구 시흥동 877-20번지
11545,10300,0,0877,0021,,,일반건축물,단독주택,주택,0,73.45,78.9,19730613,1,1,서울특별시 금천구 시흥동 877-21번지
11545,10300,0,0877,0022,,,일반건축물,단독주택,다가구용 단독주택(6가구),124.3,72.03,199.71,19910516,2,1,서울특별시 금천구 시흥동 877-22번지
11545,10300,0,0877,0023,,,일반건축물,단독주택,다가구용 단독주택(5가구),114.3,68.06,183.98,19940419,2,1,서울특별시 금천구 시흥동 877-23번지
11545,10300,0,0878,0000,,,일반건축물,단독주택,"다가구용 단독주택(4가구), 근린생활시설",194.9,116.51,324.4,19940625,3,0,서울특별시 금천구 시흥동 878번지
11545,10300,0,0878,0002,,,일반건축물,단독주택,주택(3가구),105.1,52.51,158.75,19881004,2,1,서울특별시 금천구 시흥동 878-2번지
11545,10300,0,0878,0003,,,일반건축물,단독주택,다가구용 단독주택(5가구),132.7,79.57,223.32,19950828,3,0,서울특별시 금천구 시흥동 878-3번지
11545,10300,0,0878,0005,에스엠파크빌,,표제부,공동주택,도시형생활주택(다세대주택),199,119.18,396.41,20131127,5,0,서울특별시 금천구 시흥동 878-5번지
11545,10300,0,0878,0007,운암빌,,표제부,공동주택,"다세대주택,제1종근린생활시설",307.7,179.3,615.25,20081127,5,0,서울특별시 금천구 시흥동 878-7번지
11545,10300,0,0878,0008,신한팰리스,,표제부,공동주택,도시형생활주택(단지형다세대주택),383.2,176.11,659.17,20160823,6,0,서울특별시 금천구 시흥동 878-8번지
11545,10300,0,0878,0009,,,일반건축물,제1종근린생활시설,"주택, 근린생활시설",123.4,77.52,144.26,19760526,2,1,서울특별시 금천구 시흥동 878-9번지
11545,10300,0,0878,0012,,,일반건축물,단독주택,다가구용 단독주택(5가구),0,57.76,173.28,19920926,2,1,서울특별시 금천구 시흥동 878-12번지
11545,10300,0,0878,0013,,,일반건축물,단독주택,단독주택,112.9,56.28,168.84,19850822,2,1,서울특별시 금천구 시흥동 878-13번지
11545,10300,0,0878,0014,,,일반건축물,단독주택,주택,0,63.78,129.41,19700912,2,1,서울특별시 금천구 시흥동 878-14번지
11545,10300,0,0878,0015,,,일반건축물,단독주택,다가구주택(2가구),99.3,58.98,175.54,,3,0,서울특별시 금천구 시흥동 878-15번지
11545,10300,0,0878,0016,,,일반건축물,단독주택,주택,0,64.79,71.27,19760526,1,1,서울특별시 금천구 시흥동 878-16번지
11545,10300,0,0878,0017,,,일반건축물,단독주택,주택,0,55.17,61.98,19760526,1,1,서울특별시 금천구 시흥동 878-17번지
11545,10300,0,0878,0018,,,일반건축물,단독주택,"주택, 점포,학원",178.9,94.71,192.99,19770730,2,1,서울특별시 금천구 시흥동 878-18번지
11545,10300,0,0878,0019,,,일반건축물,단독주택,"(제2종)근린생활시설, 다가구용 단독주택(3가구)",198.5,93.1,298.93,19930219,3,1,서울특별시 금천구 시흥동 878-19번지
11545,10300,0,0878,0020,,,일반건축물,단독주택,주택,0,82.21,246.63,19850824,2,1,서울특별시 금천구 시흥동 878-20번지
11545,10300,0,0878,0021,,,일반건축물,단독주택,다가구용단독주택,201.2,117.83,335.74,20000331,3,0,서울특별시 금천구 시흥동 878-21번지
11545,10300,0,0878,0022,,,일반건축물,제1종근린생활시설,근린생활시설,257.8,125.07,451,19871211,3,1,서울특별시 금천구 시흥동 878-22번지
11545,10300,0,0879,0000,,,일반건축물,단독주택,"단독주택,제1,2종근린생활시설",156.28,93.69,276.78,20031218,3,0,서울특별시 금천구 시흥동 879번지
11545,10300,0,0879,0001,,,일반건축물,단독주택,"주택, 점포",0,82.33,154.1,19731026,2,0,서울특별시 금천구 시흥동 879-1번지
11545,10300,0,0879,0002,,,일반건축물,단독주택,단독주택,100,49.5,148.5,19870617,2,1,서울특별시 금천구 시흥동 879-2번지
11545,10300,0,0879,0003,,,일반건축물,단독주택,주택,0,65.79,151.75,19791002,2,1,서울특별시 금천구 시흥동 879-3번지
11545,10300,0,0879,0004,,,일반건축물,단독주택,주택,0,59.5,178.5,19821026,2,1,서울특별시 금천구 시흥동 879-4번지
11545,10300,0,0879,0005,,,일반건축물,단독주택,단독주택,124.2,62.01,184.41,19860910,2,1,서울특별시 금천구 시흥동 879-5번지
11545,10300,0,0879,0007,,,일반건축물,단독주택,주택,0,58.05,174.15,19831221,2,1,서울특별시 금천구 시흥동 879-7번지
11545,10300,0,0879,0008,,,일반건축물,단독주택,주택,0,58.26,173.95,19841124,2,1,서울특별시 금천구 시흥동 879-8번지
11545,10300,0,0879,0009,,,일반건축물,단독주택,주택,102.1,49.59,148.77,19840519,2,1,서울특별시 금천구 시흥동 879-9번지
11545,10300,0,0879,0010,,,일반건축물,단독주택,단독주택,154.45,76.44,229.32,19900719,2,1,서울특별시 금천구 시흥동 879-10번지
11545,10300,0,0879,0011,,,일반건축물,단독주택,단독주택,133.5,49.89,149.67,19921023,2,1,서울특별시 금천구 시흥동 879-11번지
11545,10300,0,0879,0013,,,일반건축물,단독주택,단독주택,147.4,73.5,220.5,19870627,2,1,서울특별시 금천구 시흥동 879-13번지
11545,10300,0,0879,0014,시흥동 879-14 단독주택 (김홍서),,일반건축물,단독주택,"주택, 점포,제1종근린생활시설",144.5,78.81,222.15,19770331,2,1,서울특별시 금천구 시흥동 879-14번지
11545,10300,0,0879,0016,,,일반건축물,제1종근린생활시설,"근린생활시설, 주택(1가구)",337.97,190,1058.99,19970430,5,1,서울특별시 금천구 시흥동 879-16번지
11545,10300,0,0879,0018,,,일반건축물,단독주택,주택,0,36.46,36.46,19701115,1,0,서울특별시 금천구 시흥동 879-18번지
11545,10300,0,0879,0020,,,일반건축물,제1종근린생활시설,"근린생활시설, 주택",119.83,59.5,312.48,19891214,4,1,서울특별시 금천구 시흥동 879-20번지
11545,10300,0,0879,0021,,,일반건축물,제1종근린생활시설,"주택, 근린생활시설",214.4,97.02,465.59,19881102,4,1,서울특별시 금천구 시흥동 879-21번지
11545,10300,0,0879,0022,,,일반건축물,단독주택,"근린생활시설, 주택",141.08,84.07,315.57,19970109,3,1,서울특별시 금천구 시흥동 879-22번지
11545,10300,0,0879,0023,,,일반건축물,단독주택,단독주택,168.8,83.07,246.96,19890920,2,1,서울특별시 금천구 시흥동 879-23번지
11545,10300,0,0879,0024,,,일반건축물,단독주택,"주택, 사무실, 점포,(제1종,2종)근린생활시설",131.6,78.21,261.61,19740304,3,1,서울특별시 금천구 시흥동 879-24번지
11545,10300,0,0879,0026,,,일반건축물,제1종근린생활시설,의원,0,162.98,626.94,19791031,3,1,서울특별시 금천구 시흥동 879-26번지
11545,10300,0,0879,0027,,,일반건축물,단독주택,단독주택,110.7,54.84,164.52,19880525,2,1,서울특별시 금천구 시흥동 879-27번지
11545,10300,0,0879,0028,,,일반건축물,단독주택,단독주택,106.4,53.11,159.33,19880927,2,1,서울특별시 금천구 시흥동 879-28번지
11545,10300,0,0879,0030,,,일반건축물,제1종근린생활시설,"주택, 근린생활시설",210.4,104.68,393.35,19880812,3,1,서울특별시 금천구 시흥동 879-30번지
11545,10300,0,0879,0031,,,일반건축물,제1종근린생활시설,"제1,2종근린생활시설",124.4,87.6,286.94,19771229,3,1,서울특별시 금천구 시흥동 879-31번지
11545,10300,0,0879,0033,,,일반건축물,단독주택,"주택, 근린생활시설",103.3,59.76,162.28,19831229,2,1,서울특별시 금천구 시흥동 879-33번지
11545,10300,0,0879,0034,,,일반건축물,단독주택,다가구용 단독주택(4가구),105.9,63.14,174.42,19960321,2,1,서울특별시 금천구 시흥동 879-34번지
11545,10300,0,0879,0035,,,일반건축물,단독주택,주택,0,49.59,111.08,19801230,2,1,서울특별시 금천구 시흥동 879-35번지
11545,10300,0,0879,0036,,,일반건축물,단독주택,주택,0,48.93,125.3,19781223,2,1,서울특별시 금천구 시흥동 879-36번지
11545,10300,0,0879,0038,,,일반건축물,단독주택,다중주택,152.65,84.46,299.41,20100518,3,1,서울특별시 금천구 시흥동 879-38번지
11545,10300,0,0879,0040,원창아트빌Ⅲ,,표제부,공동주택,공동주택,253.14,148.6,485.9,20211110,5,0,서울특별시 금천구 시흥동 879-40번지
11545,10300,0,0879,0041,,,일반건축물,단독주택,다가구주택(5가구),0,68.45,205.35,19831116,2,1,서울특별시 금천구 시흥동 879-41번지
11545,10300,0,0879,0042,,,일반건축물,단독주택,주택,0,77.04,231.12,19831114,2,1,서울특별시 금천구 시흥동 879-42번지
11545,10300,0,0879,0044,,,표제부,공동주택,다세대주택(7세대),210.18,106.69,378.64,19950727,3,1,서울특별시 금천구 시흥동 879-44번지
11545,10300,0,0879,0045,,,일반건축물,단독주택,주택,0,46.2,46.2,19641023,1,0,서울특별시 금천구 시흥동 879-45번지
11545,10300,0,0879,0045,,,일반건축물,단독주택,주택,0,56.2,92.23,19720218,2,0,서울특별시 금천구 시흥동 879-45번지
11545,10300,0,0879,0046,,,일반건축물,단독주택,주택,0,65.4,196.2,19830727,2,1,서울특별시 금천구 시흥동 879-46번지
11545,10300,0,0879,0047,,,일반건축물,단독주택,주택,0,65.79,150.75,19781228,2,1,서울특별시 금천구 시흥동 879-47번지
11545,10300,0,0879,0048,,,일반건축물,단독주택,주택,0,81.27,243.81,19830823,2,1,서울특별시 금천구 시흥동 879-48번지
11545,10300,0,0879,0049,,,일반건축물,단독주택,다가구용 단독주택(4가구),146.2,71.43,214.29,19900917,2,1,서울특별시 금천구 시흥동 879-49번지
11545,10300,0,0879,0050,,,일반건축물,단독주택,주택,0,76.03,159.34,19820713,2,1,서울특별시 금천구 시흥동 879-50번지
11545,10300,0,0879,0051,,,일반건축물,단독주택,주택,0,41.55,124.65,19891027,2,1,서울특별시 금천구 시흥동 879-51번지
11545,10300,0,0879,0053,,,일반건축물,단독주택,주택,0,59.29,157.73,19890222,2,1,서울특별시 금천구 시흥동 879-53번지
11545,10300,0,0879,0055,,,일반건축물,단독주택,다가구용 단독주택(6가구),115.3,67.93,199.8,19910813,2,1,서울특별시 금천구 시흥동 879-55번지
11545,10300,0,0879,0056,,,일반건축물,제1종근린생활시설,"근린생활시설,주택",223.56,111.61,477.94,20070828,3,1,서울특별시 금천구 시흥동 879-56번지
11545,10300,0,0879,0057,,,일반건축물,단독주택,주택,0,66.02,123.02,19760219,2,1,서울특별시 금천구 시흥동 879-57번지
11545,10300,0,0879,0058,,,일반건축물,단독주택,주택,0,73.06,155.28,19771006,2,1,서울특별시 금천구 시흥동 879-58번지
11545,10300,0,0879,0059,,,일반건축물,단독주택,주택,0,39.64,60.63,19740318,2,0,서울특별시 금천구 시흥동 879-59번지
11545,10300,0,0879,0060,,,일반건축물,단독주택,"근린생활시설, 다가구용 단독주택(5가구)",234.9,104.88,397.44,19940803,3,1,서울특별시 금천구 시흥동 879-60번지
11545,10300,0,0879,0061,,,일반건축물,단독주택,주택,0,50.89,135.15,19830920,2,1,서울특별시 금천구 시흥동 879-61번지
11545,10300,0,0879,0063,,,일반건축물,단독주택,다가구용 단독주택(7가구),187,98.63,302.78,19931115,3,1,서울특별시 금천구 시흥동 879-63번지
11545,10300,0,0879,0066,,,일반건축물,단독주택,"다가구용 단독주택(3가구), 근린생활시설",105.9,63.32,183.36,19931116,2,1,서울특별시 금천구 시흥동 879-66번지
11545,10300,0,0879,0067,,,일반건축물,단독주택,단독주택,72.23,33.66,100.98,19890609,2,1,서울특별시 금천구 시흥동 879-67번지
11545,10300,0,0879,0068,,,일반건축물,단독주택,단독주택,85.77,41.45,124.35,19890609,2,1,서울특별시 금천구 시흥동 879-68번지
11545,10300,0,0879,0069,,,일반건축물,단독주택,제2종근린생활시설 및 다가구주택,189.9,113.84,379.7,20151218,5,0,서울특별시 금천구 시흥동 879-69번지
11545,10300,0,0879,0070,,,일반건축물,단독주택,단독주택,130.5,64.47,193.41,19861216,2,1,서울특별시 금천구 시흥동 879-70번지
11545,10300,0,0879,0071,,,일반건축물,단독주택,단독주택,138.4,66.6,199.8,19900530,2,1,서울특별시 금천구 시흥동 879-71번지
11545,10300,0,0879,0072,,,일반건축물,단독주택,단독주택,146.2,72.75,218.25,19900530,2,1,서울특별시 금천구 시흥동 879-72번지
11545,10300,0,0879,0073,,,일반건축물,단독주택,주택,0,61.23,181.14,19830810,2,1,서울특별시 금천구 시흥동 879-73번지
11545,10300,0,0879,0074,,,일반건축물,단독주택,다가구용 단독주택(7가구),243.7,109.8,329.4,19901013,2,1,서울특별시 금천구 시흥동 879-74번지
11545,10300,0,0879,0074,,,일반건축물,단독주택,주택,0,36.36,36.36,19901013,1,0,서울특별시 금천구 시흥동 879-74번지
11545,10300,0,0879,0076,,,일반건축물,단독주택,"다가구용 단독주택(2가구), 근린생활시설",77.72,53.85,152.73,19941222,2,1,서울특별시 금천구 시흥동 879-76번지
11545,10300,0,0879,0077,,,일반건축물,제1종근린생활시설,"주택, 근린생활시설",688.2,337.31,1413.37,19870915,3,1,서울특별시 금천구 시흥동 879-77번지
11545,10300,0,0879,0079,,,일반건축물,단독주택,주택,0,54.48,69.32,19750814,1,1,서울특별시 금천구 시흥동 879-79번지
11545,10300,0,0879,0080,,,일반건축물,단독주택,주택,0,54.48,68.66,19750813,1,1,서울특별시 금천구 시흥동 879-80번지
11545,10300,0,0879,0082,,,일반건축물,단독주택,주택,0,67.11,147.44,19780520,2,1,서울특별시 금천구 시흥동 879-82번지
11545,10300,0,0879,0084,,,일반건축물,단독주택,주택,0,73.39,160.33,19780520,2,1,서울특별시 금천구 시흥동 879-84번지
11545,10300,0,0879,0085,,,일반건축물,단독주택,단독주택,235.5,108.42,319.5,19860731,2,1,서울특별시 금천구 시흥동 879-85번지
11545,10300,0,0879,0087,,,일반건축물,단독주택,다가구주택(3가구),141.8,97.82,177.8,19750826,2,1,서울특별시 금천구 시흥동 879-87번지
11545,10300,0,0879,0088,,,일반건축물,단독주택,주택,0,71.07,213.21,19880701,2,1,서울특별시 금천구 시흥동 879-88번지
11545,10300,0,0879,0089,,,일반건축물,단독주택,"주택, 점포",0,57.52,134.54,19780722,2,1,서울특별시 금천구 시흥동 879-89번지
11545,10300,0,0879,0093,,,일반건축물,제2종근린생활시설,"제2종근린생활시설,주택",112.5,103.34,190.18,19701204,2,0,서울특별시 금천구 시흥동 879-93번지
11545,10300,0,0879,0094,,,일반건축물,단독주택,"(제2종)근린생활시설, 주택",128.6,64.13,175.54,19850814,2,1,서울특별시 금천구 시흥동 879-94번지
11545,10300,0,0879,0095,,,일반건축물,단독주택,"주택, 점포",0,83.31,151.41,19701116,2,0,서울특별시 금천구 시흥동 879-95번지
11545,10300,0,0879,0096,,,일반건축물,단독주택,주택,0,53.98,100.98,19721212,2,0,서울특별시 금천구 시흥동 879-96번지
11545,10300,0,0879,0097,,,일반건축물,단독주택,"제2종근린생활시설,주택, 점포",198.2,168.17,345.36,19730504,3,1,서울특별시 금천구 시흥동 879-97번지
11545,10300,0,0879,0098,,,일반건축물,단독주택,주택,0,54.08,106.31,19731101,2,0,서울특별시 금천구 시흥동 879-98번지
11545,10300,0,0879,0101,,,일반건축물,제2종근린생활시설,제2종근린생활시설,550.6,305.92,2099.33,19950331,7,2,서울특별시 금천구 시흥동 879-101번지
11545,10300,0,0879,0102,,,일반건축물,제2종근린생활시설,"(제2종)근린생활시설, 주택",99.6,0,0,19890307,3,1,서울특별시 금천구 시흥동 879-102번지
11545,10300,0,0879,0106,,,일반건축물,단독주택,"주택, 근린생활시설",70.06,38.67,119.96,19820810,2,1,서울특별시 금천구 시흥동 879-106번지
11545,10300,0,0879,0109,,,일반건축물,제1종근린생활시설,"근린생활시설, 주택",0,79.04,331.36,19830621,3,1,서울특별시 금천구 시흥동 879-109번지
11545,10300,0,0879,0112,,,일반건축물,제1종근린생활시설,근린생활시설,0,135.87,554.05,19790920,3,1,서울특별시 금천구 시흥동 879-112번지
11545,10300,0,0879,0116,,,일반건축물,단독주택,단독주택,137,70.48,199.26,19921023,2,1,서울특별시 금천구 시흥동 879-116번지
11545,10300,0,0880,0000,,,일반건축물,제1종근린생활시설,"점포, 주택",0,95.87,221.46,19750108,2,1,서울특별시 금천구 시흥동 880번지
11545,10300,0,0880,0001,,,일반건축물,단독주택,"점포, 주택",0,73.49,136.96,19740418,2,1,서울특별시 금천구 시흥동 880-1번지
11545,10300,0,0880,0003,,,표제부,공동주택,다세대주택(8세대),265.1,118.82,449.28,19910720,3,1,서울특별시 금천구 시흥동 880-3번지
11545,10300,0,0880,0004,명품준펠리체,,표제부,공동주택,도시형생활주택(단지형다세대주택),393.2,220.85,657.7,20150910,5,0,서울특별시 금천구 시흥동 880-4번지
11545,10300,0,0880,0006,,,일반건축물,단독주택,다가구주택(5가구),160,77.66,230.28,19901219,2,1,서울특별시 금천구 시흥동 880-6번지
11545,10300,0,0880,0008,,,일반건축물,단독주택,"주택, 점포",0,97.58,174.74,19740529,2,1,서울특별시 금천구 시흥동 880-8번지
11545,10300,0,0880,0009,,,일반건축물,단독주택,"다가구용 단독주택(4가구), 근린생활시설",167.9,100.67,297.76,19940604,3,1,서울특별시 금천구 시흥동 880-9번지
11545,10300,0,0880,0011,,,일반건축물,제1종근린생활시설,"주택, 근린생활시설",0,79.8,348.04,19840827,4,1,서울특별시 금천구 시흥동 880-11번지
11545,10300,0,0880,0012,,,일반건축물,제1종근린생활시설,"근린생활시설, 다가구용 단독주택(4가구)",167.25,99.89,382.2,19911125,3,1,서울특별시 금천구 시흥동 880-12번지
11545,10300,0,0880,0013,,,일반건축물,단독주택,주택,0,75.84,227.52,19830610,2,1,서울특별시 금천구 시흥동 880-13번지
11545,10300,0,0880,0014,,,일반건축물,단독주택,다가구용 단독주택(6가구),141.48,83.19,199.89,19921224,2,1,서울특별시 금천구 시흥동 880-14번지
11545,10300,0,0880,0015,,,일반건축물,단독주택,다가구용 단독주택(5가구),188.4,82.03,246.09,19911216,2,1,서울특별시 금천구 시흥동 880-15번지
11545,10300,0,0880,0019,,,일반건축물,단독주택,주택,0,84.89,148.06,19740129,2,0,서울특별시 금천구 시흥동 880-19번지
11545,10300,0,0880,0020,,,일반건축물,단독주택,단독주택,109.2,53.64,160.92,19851018,2,1,서울특별시 금천구 시흥동 880-20번지
11545,10300,0,0880,0021,,,일반건축물,단독주택,단독주택,173.1,83.52,246.24,19890825,2,1,서울특별시 금천구 시흥동 880-21번지
11545,10300,0,0880,0022,,,일반건축물,단독주택,단독주택,136.07,67.79,203.37,19900331,2,1,서울특별시 금천구 시흥동 880-22번지
11545,10300,0,0880,0024,,,일반건축물,단독주택,단독주택,241.2,66.24,198.72,19891113,2,1,서울특별시 금천구 시흥동 880-24번지
11545,10300,0,0880,0025,,,일반건축물,단독주택,단독주택,182.6,91.08,273.24,19890518,2,1,서울특별시 금천구 시흥동 880-25번지
11545,10300,0,0880,0027,,,일반건축물,단독주택,단독주택,105.3,52.45,157.35,19900518,2,1,서울특별시 금천구 시흥동 880-27번지
11545,10300,0,0880,0029,,,일반건축물,단독주택,단독주택,128.6,63.54,190.62,19860605,2,1,서울특별시 금천구 시흥동 880-29번지
11545,10300,0,0880,0029,,,일반건축물,제1종근린생활시설,소매점,128.6,4.89,4.89,20190621,1,0,서울특별시 금천구 시흥동 880-29번지
11545,10300,0,0880,0030,,,일반건축물,단독주택,단독주택,142.6,70.56,211.68,19850621,2,1,서울특별시 금천구 시흥동 880-30번지
11545,10300,0,0880,0031,,,일반건축물,단독주택,단독주택,162.4,79.33,227.07,19900428,2,1,서울특별시 금천구 시흥동 880-31번지
11545,10300,0,0880,0033,,,일반건축물,단독주택,다가구주택(7가구),253.4,119.42,323.46,19920406,2,1,서울특별시 금천구 시흥동 880-33번지
11545,10300,0,0880,0034,,,일반건축물,단독주택,단독주택,111.4,55.46,166.38,19850807,2,1,서울특별시 금천구 시흥동 880-34번지
11545,10300,0,0880,0035,,,일반건축물,단독주택,다가구용 단독주택(5가구),119,71.1,195.5,19931101,2,1,서울특별시 금천구 시흥동 880-35번지
11545,10300,0,0880,0037,,,일반건축물,단독주택,다가구주택(5가구),98.37,57.68,173.04,19920413,2,1,서울특별시 금천구 시흥동 880-37번지
11545,10300,0,0880,0038,,,일반건축물,단독주택,주택,0,62.91,188.73,19830827,2,1,서울특별시 금천구 시흥동 880-38번지
11545,10300,0,0880,0038,,,일반건축물,단독주택,주택,0,62.97,188.91,19830827,2,1,서울특별시 금천구 시흥동 880-38번지
11545,10300,0,0880,0040,,,일반건축물,제1종근린생활시설,점포,0,87.27,261.15,19810528,2,1,서울특별시 금천구 시흥동 880-40번지
11545,10300,0,0880,0041,,,일반건축물,단독주택,"주택, 점포",0,108.79,235.76,19761108,2,1,서울특별시 금천구 시흥동 880-41번지
11545,10300,0,0880,0042,,,일반건축물,제2종근린생활시설,제1.2종근린생활시설,0,99.24,198.48,19750916,2,0,서울특별시 금천구 시흥동 880-42번지
11545,10300,0,0880,0043,,,일반건축물,단독주택,단독주택,143.2,69.2,207.6,19860816,2,1,서울특별시 금천구 시흥동 880-43번지
11545,10300,0,0880,0044,,,일반건축물,단독주택,단독주택,120.3,59.97,179.01,19861220,2,1,서울특별시 금천구 시흥동 880-44번지
11545,10300,0,0880,0045,,,일반건축물,단독주택,주택,0,49.26,55.64,19701220,1,1,서울특별시 금천구 시흥동 880-45번지
11545,10300,0,0880,0046,,,일반건축물,단독주택,주택,0,42.74,47.73,19701220,1,1,서울특별시 금천구 시흥동 880-46번지
11545,10300,0,0880,0047,,,표제부,공동주택,다세대주택,217.1,127.39,425.08,20100907,5,0,서울특별시 금천구 시흥동 880-47번지
11545,10300,0,0880,0049,,,일반건축물,단독주택,단독주택,170.65,83.18,243.42,19870223,2,1,서울특별시 금천구 시흥동 880-49번지
11545,10300,0,0880,0050,,,일반건축물,단독주택,다가구주택(5가구),134.4,80.48,235.49,19960814,2,1,서울특별시 금천구 시흥동 880-50번지
11545,10300,0,0881,0000,,,일반건축물,단독주택,주택,0,36.36,36.36,,1,0,서울특별시 금천구 시흥동 881번지
11545,10300,0,0881,0000,,,일반건축물,제1종근린생활시설,"근린생활시설, 주택",400.3,199.1,697.08,19851111,2,1,서울특별시 금천구 시흥동 881번지
11545,10300,0,0881,0003,,,일반건축물,단독주택,주택,0,45.95,95.54,19780908,2,1,서울특별시 금천구 시흥동 881-3번지
11545,10300,0,0881,0003,,,일반건축물,단독주택,주택,0,33.22,33.22,19780908,1,0,서울특별시 금천구 시흥동 881-3번지
11545,10300,0,0881,0005,,,일반건축물,단독주택,주택,0,92.43,277.29,19830531,2,1,서울특별시 금천구 시흥동 881-5번지
11545,10300,0,0881,0006,,,일반건축물,단독주택,단독주택,116.76,58.17,199.19,19871229,2,1,서울특별시 금천구 시흥동 881-6번지
11545,10300,0,0881,0007,가동,,일반건축물,단독주택,주택,0,58.05,174.15,19830725,2,1,서울특별시 금천구 시흥동 881-7번지
11545,10300,0,0881,0007,나동,,일반건축물,단독주택,주택,0,53.88,161.64,19830725,2,1,서울특별시 금천구 시흥동 881-7번지
11545,10300,0,0881,0008,,,일반건축물,단독주택,단독주택,152.4,76.11,228.33,19890808,2,1,서울특별시 금천구 시흥동 881-8번지
11545,10300,0,0881,0009,,,일반건축물,단독주택,단독주택,198.77,81.99,245.97,19850718,2,1,서울특별시 금천구 시흥동 881-9번지
11545,10300,0,0881,0010,,,일반건축물,단독주택,단독주택,214.05,103.55,297.15,19861021,2,1,서울특별시 금천구 시흥동 881-10번지
11545,10300,0,0881,0011,,,일반건축물,단독주택,다가구주택,132.5,77.07,216.49,20021031,3,0,서울특별시 금천구 시흥동 881-11번지
11545,10300,0,0881,0013,,,일반건축물,단독주택,다가구주택,120.04,68.71,184.02,20030521,3,0,서울특별시 금천구 시흥동 881-13번지
11545,10300,0,0881,0016,,,일반건축물,단독주택,주택,0,37.12,37.12,19850629,1,0,서울특별시 금천구 시흥동 881-16번지
11545,10300,0,0881,0016,,,일반건축물,단독주택,사택,0,23.14,23.14,19550611,1,0,서울특별시 금천구 시흥동 881-16번지
11545,10300,0,0881,0020,희명빌라,,표제부,공동주택,"다세대주택, 교육연구 및 복지시설",246.8,146.9,829.32,20010926,5,1,서울특별시 금천구 시흥동 881-20번지
11545,10300,0,0881,0021,,,일반건축물,종교시설,사택,0,26.45,26.45,19550611,1,0,서울특별시 금천구 시흥동 881-21번지
11545,10300,0,0881,0022,,,일반건축물,단독주택,주택,0,36.73,36.73,19700228,1,0,서울특별시 금천구 시흥동 881-22번지
11545,10300,0,0881,0023,,,일반건축물,단독주택,"주택, 점포",172.8,125.87,250.17,19780126,2,1,서울특별시 금천구 시흥동 881-23번지
11545,10300,0,0881,0025,구립금주어린이집,,일반건축물,노유자시설,차고,0,66.97,66.97,20220301,1,0,서울특별시 금천구 시흥동 881-25번지
11545,10300,0,0881,0025,구립금주어린이집,,일반건축물,노유자시설,노유자시설(어린이집),765.41,207.42,521.88,20220301,3,1,서울특별시 금천구 시흥동 881-25번지
11545,10300,0,0881,0025,구립금주어린이집,,일반건축물,노유자시설,노유자시설(어린이집),765.41,213,415.8,20040708,2,0,서울특별시 금천구 시흥동 881-25번지
11545,10300,0,0881,0027,,,일반건축물,단독주택,주택,0,73.26,221.28,19880706,2,1,서울특별시 금천구 시흥동 881-27번지
11545,10300,0,0881,0028,,,일반건축물,단독주택,주택,0,106.8,248.82,19880719,2,1,서울특별시 금천구 시흥동 881-28번지
11545,10300,0,0881,0029,,,일반건축물,단독주택,주택,0,69.83,209.49,19860528,2,1,서울특별시 금천구 시흥동 881-29번지
11545,10300,0,0881,0032,,,일반건축물,단독주택,"근린생활시설,주택",191.59,114.88,416.98,19990630,3,1,서울특별시 금천구 시흥동 881-32번지
11545,10300,0,0881,0034,,,일반건축물,단독주택,다가구주택.제1종근린생활시설(소매점),110.34,64.19,175.2,20040715,3,0,서울특별시 금천구 시흥동 881-34번지
11545,10300,0,0881,0036,,,일반건축물,제2종근린생활시설,"(제2종)근린생활시설, 주택",311.55,153.39,609.64,19890622,3,1,서울특별시 금천구 시흥동 881-36번지
11545,10300,0,0881,0037,,,일반건축물,단독주택,"주택, 점포",0,71.13,177.29,19831010,2,1,서울특별시 금천구 시흥동 881-37번지
11545,10300,0,0881,0038,다솔파크빌,,표제부,공동주택,"다세대주택,제1종근린생활시설",275.8,165.28,545.92,20090211,5,0,서울특별시 금천구 시흥동 881-38번지
11545,10300,0,0881,0040,,,일반건축물,단독주택,단독주택,158.39,78.96,224.88,19851210,2,1,서울특별시 금천구 시흥동 881-40번지
11545,10300,0,0881,0043,,,일반건축물,제1종근린생활시설,"(제2종)근린생활시설, 주택",247.4,122.98,492.7,19800908,3,1,서울특별시 금천구 시흥동 881-43번지
11545,10300,0,0881,0044,,,일반건축물,제1종근린생활시설,"주택, (제1종)근린생활시설",0,128.41,472.86,19810129,3,1,서울특별시 금천구 시흥동 881-44번지
11545,10300,0,0881,0045,,,일반건축물,제2종근린생활시설,"제1,2종근린생활시설, 주택(1세대),업무시설",190.2,112.46,476.54,19960401,4,1,서울특별시 금천구 시흥동 881-45번지
11545,10300,0,0881,0046,,,일반건축물,단독주택,제2종근린생활시설/다가구주택,139.5,82.17,277.62,20160106,5,0,서울특별시 금천구 시흥동 881-46번지
11545,10300,0,0881,0047,,,일반건축물,제1종근린생활시설,"근린생활시설, 주택",237.14,126.86,494.78,19961109,4,1,서울특별시 금천구 시흥동 881-47번지
11545,10300,0,0881,0049,,,일반건축물,단독주택,"주택, 점포",0,53.22,131.24,19780804,3,1,서울특별시 금천구 시흥동 881-49번지
11545,10300,0,0881,0050,,,일반건축물,단독주택,주택,0,46.02,138.06,19861018,2,1,서울특별시 금천구 시흥동 881-50번지
11545,10300,0,0881,0051,,,일반건축물,단독주택,"주택, 점포",0,75.07,148.46,19740620,2,1,서울특별시 금천구 시흥동 881-51번지
11545,10300,0,0881,0052,,,일반건축물,단독주택,"제1종근린생활시설,주택",194.45,112.69,392.75,19860621,3,1,서울특별시 금천구 시흥동 881-52번지
11545,10300,0,0881,0054,,,일반건축물,단독주택,주택,0,73.39,155.04,19780803,2,1,서울특별시 금천구 시흥동 881-54번지
11545,10300,0,0881,0055,,,일반건축물,단독주택,주택,0,108.88,326.64,19880104,2,1,서울특별시 금천구 시흥동 881-55번지
11545,10300,0,0881,0056,,,일반건축물,제1종근린생활시설,"제1, 2종근린생활시설, 점포",164.8,100.5,205.13,19750721,2,1,서울특별시 금천구 시흥동 881-56번지
11545,10300,0,0881,0057,,,일반건축물,제1종근린생활시설,"제1종근린생활시설(소매점),제2종근린생활시설(사무소)",153.1,91.8,175.38,19900115,2,0,서울특별시 금천구 시흥동 881-57번지
11545,10300,0,0881,0058,,,일반건축물,단독주택,단독주택,308.3,97.37,242.64,19871126,2,1,서울특별시 금천구 시흥동 881-58번지
11545,10300,0,0881,0059,,,일반건축물,단독주택,주택(다가구),232.9,124.53,298.08,19830610,2,1,서울특별시 금천구 시흥동 881-59번지
11545,10300,0,0881,0060,,,일반건축물,제1종근린생활시설,근린생활시설,206.3,102.72,455.97,19891012,4,1,서울특별시 금천구 시흥동 881-60번지
11545,10300,0,0881,0062,,,일반건축물,제1종근린생활시설,(제1종)근린생활시설,0,85.88,229.85,19720801,3,1,서울특별시 금천구 시흥동 881-62번지
11545,10300,0,0881,0067,,,일반건축물,단독주택,단독주택,181.4,82.26,246.72,19851107,2,1,서울특별시 금천구 시흥동 881-67번지
11545,10300,0,0881,0068,,,일반건축물,단독주택,"단독주택,제2종근린생활시설",167.9,99.5,330,20170911,4,0,서울특별시 금천구 시흥동 881-68번지
11545,10300,0,0881,0070,,,일반건축물,단독주택,단독주택,148.07,73.92,221.76,19851216,2,1,서울특별시 금천구 시흥동 881-70번지
11545,10300,0,0882,0000,,,일반건축물,단독주택,주택,86.56,40.6,121.42,19831231,2,1,서울특별시 금천구 시흥동 882번지
11545,10300,0,0882,0001,,,일반건축물,단독주택,주택,98.8,58.21,122.99,19780215,2,1,서울특별시 금천구 시흥동 882-1번지
11545,10300,0,0882,0002,,,일반건축물,단독주택,단독주택,253,105.75,317.25,19851004,2,1,서울특별시 금천구 시흥동 882-2번지
11545,10300,0,0882,0003,우림메르디앙,,표제부,공동주택,"공동주택,근린생활시설",436.7,255.53,2211.28,20161223,13,2,서울특별시 금천구 시흥동 882-3번지
11545,10300,0,0882,0008,,,일반건축물,단독주택,다가구용 단독주택(5가구),115.22,68.32,179.35,19931110,2,1,서울특별시 금천구 시흥동 882-8번지
11545,10300,0,0882,0011,신동힐탑아파트,,표제부,공동주택,"아파트,제1종근린생활시설",450.92,217.95,2616.92,20030502,13,1,서울특별시 금천구 시흥동 882-11번지
11545,10300,0,0882,0015,,,표제부,업무시설,"업무시설(오피스텔,제1종근린생활시설)",170,100.78,947.78,20181228,9,1,서울특별시 금천구 시흥동 882-15번지
11545,10300,0,0882,0017,,,일반건축물,단독주택,다가구용 단독주택(6가구),137.1,80.91,294.75,19930914,3,1,서울특별시 금천구 시흥동 882-17번지
11545,10300,0,0882,0019,,,일반건축물,단독주택,단독주택,168.33,100.97,316.36,20010824,4,0,서울특별시 금천구 시흥동 882-19번지
11545,10300,0,0882,0020,,,일반건축물,단독주택,"제2종근린생활시설,노유자시설,단독주택",199.55,111.11,494.05,19970821,4,1,서울특별시 금천구 시흥동 882-20번지
11545,10300,0,0882,0023,,,일반건축물,제1종근린생활시설,"근린생활시설, 주택",197.95,107.39,520.35,19851125,4,1,서울특별시 금천구 시흥동 882-23번지
11545,10300,0,0882,0025,희명병원주차타워,,일반건축물,자동차관련시설,자동차관련시설,270.9,3.45,3.45,20100325,1,0,서울특별시 금천구 시흥동 882-25번지
11545,10300,0,0882,0025,희명병원주차타워,,일반건축물,자동차관련시설,자동차관련시설,270.9,67.02,63.47,20100325,1,0,서울특별시 금천구 시흥동 882-25번지
11545,10300,0,0882,0026,반석빌딩부설주차장,,일반건축물,자동차관련시설,관리실,224.1,2.56,2.56,20171228,1,0,서울특별시 금천구 시흥동 882-26번지
11545,10300,0,0882,0026,반석빌딩부설주차장,,일반건축물,자동차관련시설,자동차관련시설,224.1,57.32,57.32,20171228,1,0,서울특별시 금천구 시흥동 882-26번지
11545,10300,0,0882,0029,시흥동 의료시설,,일반건축물,의료시설,의료시설,234.6,216.17,615.81,19710123,2,1,서울특별시 금천구 시흥동 882-29번지
11545,10300,0,0882,0031,,,일반건축물,의료시설,의료시설(종합병원),1078.79,509.23,3675.4,19850613,8,2,서울특별시 금천구 시흥동 882-31번지
11545,10300,0,0882,0037,,,표제부,공동주택,다세대주택,153.21,88.45,299.43,19940319,3,1,서울특별시 금천구 시흥동 882-37번지
11545,10300,0,0882,0038,,,일반건축물,단독주택,주택,0,104.82,314.46,19881006,2,1,서울특별시 금천구 시흥동 882-38번지
11545,10300,0,0882,0041,,,일반건축물,제2종근린생활시설,"(제2종)근린생활시설, 주택",342.85,158.17,775.9,19911119,4,1,서울특별시 금천구 시흥동 882-41번지
11545,10300,0,0882,0043,,,일반건축물,단독주택,"주택,점포,제2종근린생활시설",189.7,118.5,297.15,19791116,2,1,서울특별시 금천구 시흥동 882-43번지
11545,10300,0,0882,0045,반석빌딩,,일반건축물,의료시설,"제1종근린생활시설,의료시설",364.7,197.49,2339.01,20171228,11,1,서울특별시 금천구 시흥동 882-45번지
11545,10300,0,0882,0047,,,일반건축물,제1종근린생활시설,"근린생활시설, 위락시설, 의원",0,197.02,577.19,19760904,3,1,서울특별시 금천구 시흥동 882-47번지
11545,10300,0,0882,0049,,,일반건축물,제2종근린생활시설,"근린생활시설, 주택",419.7,235.62,1046.91,19971016,4,1,서울특별시 금천구 시흥동 882-49번지
11545,10300,0,0882,0054,시흥대로449빌딩,,일반건축물,제1종근린생활시설,점포,0,159.64,319.28,19700731,2,0,서울특별시 금천구 시흥동 882-54번지
11545,10300,0,0882,0056,,,일반건축물,제1종근린생활시설,점포,0,53.22,53.22,19731026,1,0,서울특별시 금천구 시흥동 882-56번지
11545,10300,0,0882,0057,,,일반건축물,제1종근린생활시설,"사설강습소, 점포",114.1,29.06,223.12,19751218,3,1,서울특별시 금천구 시흥동 882-57번지
11545,10300,0,0882,0058,,,일반건축물,제1종근린생활시설,"제1,2종근린생활시설",0,132.56,469.75,19810713,3,1,서울특별시 금천구 시흥동 882-58번지
11545,10300,0,0882,0061,시흥 사거리 와이즈 플레이스,,표제부,업무시설,"근린생활시설,업무시설(금융업소,오피스텔),도시형생활주택(원룸)",909.85,545.14,9165.25,20120927,20,3,서울특별시 금천구 시흥동 882-61번지
11545,10300,0,0883,0000,,,일반건축물,제1종근린생활시설,(제1종)근린생활시설,0,189.16,471.54,19701117,2,1,서울특별시 금천구 시흥동 883번지
11545,10300,0,0883,0001,,,일반건축물,제1종근린생활시설,근린생활시설,0,163.8,482.14,19710228,3,1,서울특별시 금천구 시흥동 883-1번지
11545,10300,0,0883,0002,,,일반건축물,제1종근린생활시설,영업용근린생활시설,0,110.18,330.54,19670401,3,0,서울특별시 금천구 시흥동 883-2번지
11545,10300,0,0883,0003,,,일반건축물,제1종근린생활시설,"(제1.2종)근린생활시설, 사무실",240.2,170.58,681.54,19771010,3,1,서울특별시 금천구 시흥동 883-3번지
11545,10300,0,0883,0005,서평빌딩,,표제부,의료시설,"판매시설,(제1,2종)근린생활시설,업무시설,의료시설",1240.3,743.98,6904.19,19900903,8,2,서울특별시 금천구 시흥동 883-5번지
11545,10300,0,0883,0007,,,일반건축물,제1종근린생활시설,"업무시설,제1,2종근린생활시설",746.3,433.39,1409.23,19740713,3,1,서울특별시 금천구 시흥동 883-7번지
11545,10300,0,0883,0007,,,일반건축물,제1종근린생활시설,방공호,0,0,41.02,19740713,0,1,서울특별시 금천구 시흥동 883-7번지
11545,10300,0,0883,0008,.,,일반건축물,제1종근린생활시설,"근린생활시설, 소매점,일반유흥주점,단란주점,창고",404.7,241.03,960.01,19781011,4,1,서울특별시 금천구 시흥동 883-8번지
11545,10300,0,0883,0009,,,일반건축물,제2종근린생활시설,제2종근린생활시설,0,97.06,161.36,19731031,2,0,서울특별시 금천구 시흥동 883-9번지
11545,10300,0,0883,0009,,,일반건축물,제2종근린생활시설,제2종근린생활시설,0,32.4,73.06,19731031,2,1,서울특별시 금천구 시흥동 883-9번지
11545,10300,0,0883,0011,금천리메인시티,,표제부,제1종근린생활시설,"제1,2종근린생활시설,업무시설,공동주택",1592.7,933.62,15547.64,20181030,16,4,서울특별시 금천구 시흥동 883-11번지
11545,10300,0,0883,0015,,,일반건축물,제1종근린생활시설,"사무실,점포",0,56.73,56.73,19760918,3,0,서울특별시 금천구 시흥동 883-15번지
11545,10300,0,0883,0015,,,일반건축물,제1종근린생활시설,"사무실,점포,위락시설,제2종근린생활시설",0,177.39,625.86,19760918,3,1,서울특별시 금천구 시흥동 883-15번지
11545,10300,0,0883,0015,,,일반건축물,제1종근린생활시설,제1종근린생활시설,0,45.94,45.94,20181015,1,0,서울특별시 금천구 시흥동 883-15번지
11545,10300,0,0883,0018,,,일반건축물,제1종근린생활시설,"점포,사무실,근린생활시설,위락시설",0,147.64,543.64,19790925,3,1,서울특별시 금천구 시흥동 883-18번지
11545,10300,0,0884,0000,,,일반건축물,제1종근린생활시설,근린생활시설,204.8,122.25,503.64,19960412,4,1,서울특별시 금천구 시흥동 884번지
11545,10300,0,0884,0001,,,일반건축물,제1종근린생활시설,"점포, 점포",0,113.95,290.88,19750125,2,1,서울특별시 금천구 시흥동 884-1번지
11545,10300,0,0884,0002,,,일반건축물,제1종근린생활시설,"점포, 대중음식점, 주택",0,81.32,324.62,19800702,3,1,서울특별시 금천구 시흥동 884-2번지
11545,10300,0,0884,0003,,,일반건축물,제2종근린생활시설,"점포, 대중음식점,제2종근린생활시설",0,81.32,243.63,19800704,2,1,서울특별시 금천구 시흥동 884-3번지
11545,10300,0,0884,0004,,,일반건축물,제1종근린생활시설,점포,0,105.42,105.42,19760824,1,0,서울특별시 금천구 시흥동 884-4번지
11545,10300,0,0884,0004,,,일반건축물,제1종근린생활시설,시장(점포),0,507.77,929.26,19760824,2,1,서울특별시 금천구 시흥동 884-4번지
11545,10300,0,0884,0004,,,일반건축물,제1종근린생활시설,점포,0,93.85,93.85,19760824,1,0,서울특별시 금천구 시흥동 884-4번지
11545,10300,0,0884,0008,,,일반건축물,제2종근린생활시설,"점포, 사무실, 제2종근린생활시설",0,87.27,370.9,19820810,3,1,서울특별시 금천구 시흥동 884-8번지
11545,10300,0,0884,0009,,,일반건축물,제1종근린생활시설,점포,0,66.08,66.08,19730518,1,0,서울특별시 금천구 시흥동 884-9번지
11545,10300,0,0884,0010,,,일반건축물,제1종근린생활시설,근린생활시설,162.3,80.72,299.84,19900104,3,1,서울특별시 금천구 시흥동 884-10번지
11545,10300,0,0884,0011,,,일반건축물,단독주택,점포,0,73.55,104.89,19730212,2,1,서울특별시 금천구 시흥동 884-11번지
11545,10300,0,0885,0000,,,일반건축물,제1종근린생활시설,점포,0,97.16,97.16,19760302,1,0,서울특별시 금천구 시흥동 885번지
11545,10300,0,0885,0000,,,일반건축물,제1종근린생활시설,점포,0,97.32,97.32,19760302,1,0,서울특별시 금천구 시흥동 885번지
11545,10300,0,0885,0000,,,일반건축물,제1종근린생활시설,점포,0,171.97,171.97,19731206,1,0,서울특별시 금천구 시흥동 885번지
11545,10300,0,0885,0000,,,일반건축물,제1종근린생활시설,근린생활시설,0,176.86,396.03,19760302,2,1,서울특별시 금천구 시흥동 885번지
11545,10300,0,0885,0002,,,일반건축물,제1종근린생활시설,근린생활시설,0,171.97,171.97,19731206,1,0,서울특별시 금천구 시흥동 885-2번지
11545,10300,0,0885,0004,,,일반건축물,제1종근린생활시설,시장(점포),0,675.37,801.32,19780801,1,1,서울특별시 금천구 시흥동 885-4번지
11545,10300,0,0885,0006,,,일반건축물,제1종근린생활시설,"근린생활시설, 사무실, 점포",0,400.33,937.85,19650215,2,1,서울특별시 금천구 시흥동 885-6번지
11545,10300,0,0885,0009,,,일반건축물,제2종근린생활시설,제2종근린생활시설,0,268.04,268.04,19720612,1,0,서울특별시 금천구 시흥동 885-9번지
11545,10300,0,0885,0009,,,일반건축물,제2종근린생활시설,제2종근린생활시설,0,62.64,62.64,19720612,1,0,서울특별시 금천구 시흥동 885-9번지
11545,10300,0,0885,0010,,,일반건축물,제2종근린생활시설,(제2종)근린생활시설,0,141.09,167.97,19760513,1,1,서울특별시 금천구 시흥동 885-10번지
11545,10300,0,0885,0011,,,일반건축물,제2종근린생활시설,제2종근린생활시설,0,118.84,118.84,19720615,1,0,서울특별시 금천구 시흥동 885-11번지
11545,10300,0,0886,0000,공동주택,,표제부,공동주택,공동주택(다세대주택)도시형생활주택 원룸형,331.6,198.88,659.76,20110126,4,0,서울특별시 금천구 시흥동 886번지
11545,10300,0,0886,0001,,,일반건축물,제1종근린생활시설,근린생활시설,0,129.59,142.55,19770808,1,1,서울특별시 금천구 시흥동 886-1번지
11545,10300,0,0886,0002,,,일반건축물,제1종근린생활시설,"점포, 근린생활시설",0,179.83,191.73,19771201,1,1,서울특별시 금천구 시흥동 886-2번지
11545,10300,0,0886,0004,,,일반건축물,제1종근린생활시설,"점포, 주택",0,180,342.1,19780408,2,1,서울특별시 금천구 시흥동 886-4번지
11545,10300,0,0886,0006,시흥1동 주민센터,,일반건축물,제1종근린생활시설,제1종근린생활시설(동사무소등),742.1,392.71,1825.51,20061117,5,1,서울특별시 금천구 시흥동 886-6번지
11545,10300,0,0886,0007,,,일반건축물,제2종근린생활시설,"(제1,2종)근린생활시설",71.9,52.79,169.41,19750609,3,1,서울특별시 금천구 시흥동 886-7번지
11545,10300,0,0886,0009,금천로179빌딩,,일반건축물,제1종근린생활시설,"제1종근린생활시설,노인복지시설",608.5,336.83,805.48,19771124,3,1,서울특별시 금천구 시흥동 886-9번지
11545,10300,0,0886,0011,,,일반건축물,제1종근린생활시설,"근린생활시설, 제1,2종근린생활시설,사무실,관리실",0,197.94,897.8,19831124,4,1,서울특별시 금천구 시흥동 886-11번지
11545,10300,0,0886,0012,,,일반건축물,제1종근린생활시설,"주택(1가구), 근린생활시설",0,176.36,278.98,19940531,2,1,서울특별시 금천구 시흥동 886-12번지
11545,10300,0,0886,0012,,,일반건축물,제1종근린생활시설,근린생활시설(사무소),0,14.58,14.58,19940531,1,0,서울특별시 금천구 시흥동 886-12번지
11545,10300,0,0886,0014,시흥동주차전용빌딩,,일반건축물,자동차관련시설,"자동차관련시설(주차장),근린생활시설",891.4,779.38,3887.02,20040607,4,1,서울특별시 금천구 시흥동 886-14번지
11545,10300,0,0886,0019,위너파크,,표제부,공동주택,다세대주택(8세대),272.2,162.92,541.92,20080717,5,0,서울특별시 금천구 시흥동 886-19번지
11545,10300,0,0886,0021,,,일반건축물,제2종근린생활시설,"제2종근린생활시설(일반음식점,고시원)주택",109.8,64.11,218.77,20110126,4,0,서울특별시 금천구 시흥동 886-21번지
11545,10300,0,0887,0000,,,일반건축물,제1종근린생활시설,"근린생활시설, 주택",150.4,74.2,332.5,19840608,3,1,서울특별시 금천구 시흥동 887번지
11545,10300,0,0887,0001,,,일반건축물,제1종근린생활시설,"근린생활시설, 주택",186.8,111.77,493.4,19961224,4,1,서울특별시 금천구 시흥동 887-1번지
11545,10300,0,0887,0005,,,일반건축물,제1종근린생활시설,"근린생활시설, 주택",0,72.84,293.13,19860619,3,1,서울특별시 금천구 시흥동 887-5번지
11545,10300,0,0887,0006,,,일반건축물,단독주택,주택,0,39.97,79.94,19760813,2,0,서울특별시 금천구 시흥동 887-6번지
11545,10300,0,0887,0007,,,일반건축물,단독주택,다가구용 단독주택(6가구),149.6,74.78,224.34,19910506,2,1,서울특별시 금천구 시흥동 887-7번지
11545,10300,0,0887,0008,,,일반건축물,단독주택,"주택, 주택",0,64.35,142.74,19830721,2,1,서울특별시 금천구 시흥동 887-8번지
11545,10300,0,0887,0010,,,일반건축물,단독주택,단독주택,170.2,97.17,321.49,20180709,3,1,서울특별시 금천구 시흥동 887-10번지
11545,10300,0,0887,0012,,,일반건축물,단독주택,"주택, 주택",0,60.48,181.44,19830117,2,1,서울특별시 금천구 시흥동 887-12번지
11545,10300,0,0887,0013,,,일반건축물,단독주택,"주택, 주택",0,73.17,219.51,19830621,2,1,서울특별시 금천구 시흥동 887-13번지
11545,10300,0,0887,0014,선경자이빌,,표제부,공동주택,다세대주택,239.6,139.57,475.43,20111018,5,0,서울특별시 금천구 시흥동 887-14번지
11545,10300,0,0887,0015,,,일반건축물,단독주택,주택,0,51.9,51.9,19671231,1,0,서울특별시 금천구 시흥동 887-15번지
11545,10300,0,0887,0015,에이동,,일반건축물,단독주택,주택,0,73.08,219.24,19830519,2,1,서울특별시 금천구 시흥동 887-15번지
11545,10300,0,0887,0016,,,일반건축물,단독주택,"주택, 점포, 창고",0,74.73,149.45,19800118,2,1,서울특별시 금천구 시흥동 887-16번지
11545,10300,0,0887,0019,,,일반건축물,단독주택,주택,0,81.09,268.47,19830827,3,1,서울특별시 금천구 시흥동 887-19번지
11545,10300,0,0887,0020,,,일반건축물,단독주택,주택,0,82.32,246.96,19830510,2,1,서울특별시 금천구 시흥동 887-20번지
11545,10300,0,0887,0021,,,일반건축물,단독주택,주택,0,81.99,245.97,19830519,2,1,서울특별시 금천구 시흥동 887-21번지
11545,10300,0,0887,0022,,,일반건축물,단독주택,주택,0,82.35,245.7,19830526,2,1,서울특별시 금천구 시흥동 887-22번지
11545,10300,0,0887,0023,,,일반건축물,제1종근린생활시설,"근린생활시설, 주택",133.3,66.6,292.62,19870922,3,1,서울특별시 금천구 시흥동 887-23번지
11545,10300,0,0887,0024,,,일반건축물,제1종근린생활시설,"근린생활시설, 주택",343.8,170.34,892.53,19871114,4,1,서울특별시 금천구 시흥동 887-24번지
11545,10300,0,0887,0025,,,일반건축물,단독주택,주택,0,73.32,219.96,19830519,2,1,서울특별시 금천구 시흥동 887-25번지
11545,10300,0,0888,0000,정가빌딩,,일반건축물,제1종근린생활시설,"근린생활시설, 제2종근린생활시설(사무소)",327.2,192.75,933.41,19981202,5,1,서울특별시 금천구 시흥동 888번지
11545,10300,0,0888,0001,,,일반건축물,제2종근린생활시설,화장실,665.5,17.92,17.92,20160218,1,0,서울특별시 금천구 시흥동 888-1번지
11545,10300,0,0888,0001,,,일반건축물,제2종근린생활시설,"(제2종)근린생활시설, 판매시설",665.5,308.88,1177.2,19831013,3,1,서울특별시 금천구 시흥동 888-1번지
11545,10300,0,0888,0001,,,일반건축물,제2종근린생활시설,관리실,665.5,4.7,4.7,20160218,1,0,서울특별시 금천구 시흥동 888-1번지
11545,10300,0,0888,0005,,,일반건축물,제2종근린생활시설,"연립주택,점포,근린생활시설",265,157.22,323.23,19750703,2,1,서울특별시 금천구 시흥동 888-5번지
11545,10300,0,0888,0006,,,일반건축물,제2종근린생활시설,(제2종)근린생활시설,463.8,220.72,945.52,19880830,3,1,서울특별시 금천구 시흥동 888-6번지
11545,10300,0,0888,0010,,,일반건축물,제1종근린생활시설,"주택, 근린생활시설,판매시설",199.1,113.52,503.6,19821218,4,1,서울특별시 금천구 시흥동 888-10번지
11545,10300,0,0888,0011,호텔 트리플8,,일반건축물,숙박시설,관광숙박시설(호스텔),224.7,134.62,982.8,20191024,10,1,서울특별시 금천구 시흥동 888-11번지
11545,10300,0,0888,0012,,,일반건축물,제2종근린생활시설,"제2종근린생활시설,주택",0,79.89,245.67,19831128,2,1,서울특별시 금천구 시흥동 888-12번지
11545,10300,0,0888,0013,보성팰리스20차,,표제부,공동주택,"공동주택,업무시설,제2종근린생활시설",263.6,157.56,1282.79,20190708,11,1,서울특별시 금천구 시흥동 888-13번지
11545,10300,0,0888,0014,신영메트로시티,,표제부,업무시설,업무시설,716.8,421.45,3689.37,20211122,11,1,서울특별시 금천구 시흥동 888-14번지
11545,10300,0,0888,0015,,,일반건축물,단독주택,"근린생활시설, 주택",196.5,97.92,391.43,19900315,3,1,서울특별시 금천구 시흥동 888-15번지
11545,10300,0,0888,0016,KJ타운,,표제부,공동주택,"공동주택, 업무시설, 제2종근린생활시설",170.5,95.61,742.47,20180315,10,0,서울특별시 금천구 시흥동 888-16번지
11545,10300,0,0888,0017,시흥사거리역 더 케렌시아,,표제부,업무시설,오피스텔,236.5,141.64,1203,20221230,10,1,서울특별시 금천구 시흥동 888-17번지
11545,10300,0,0888,0018,MAX6,,표제부,공동주택,"도시형생활주택,근린생활시설",318,188.46,1558.22,20121016,9,1,서울특별시 금천구 시흥동 888-18번지
11545,10300,0,0888,0019,,,일반건축물,제2종근린생활시설,"제1,2종근린생활시설",0,255.97,541.53,19691030,2,1,서울특별시 금천구 시흥동 888-19번지
11545,10300,0,0888,0021,,,일반건축물,제2종근린생활시설,"단독주택, 근린생활시설",196.5,116.31,305,19881206,2,1,서울특별시 금천구 시흥동 888-21번지
11545,10300,0,0889,0000,,,일반건축물,제2종근린생활시설,"(제1,2종)근린생활시설, 사무실",345,262.21,983.63,19771029,4,1,서울특별시 금천구 시흥동 889번지
11545,10300,0,0889,0002,,,일반건축물,제1종근린생활시설,제2종근린생활시설,0,312.56,813.68,19741002,2,1,서울특별시 금천구 시흥동 889-2번지
11545,10300,0,0889,0004,,,일반건축물,숙박시설,"여관,점포, 다방,제2종근린생활시설",0,180.66,678.83,19800927,3,1,서울특별시 금천구 시흥동 889-4번지
11545,10300,0,0889,0007,가동,,일반건축물,제2종근린생활시설,근린생활시설,371,164.45,838.05,19930813,4,1,서울특별시 금천구 시흥동 889-7번지
11545,10300,0,0889,0007,,,일반건축물,제2종근린생활시설,근린생활시설,0,18,18,19930813,1,0,서울특별시 금천구 시흥동 889-7번지
11545,10300,0,0889,0008,비즈메드,,표제부,제1종근린생활시설,"제1,2종 근린생활시설,업무시설,노유자시설",874,523.35,8028.06,20081202,12,3,서울특별시 금천구 시흥동 889-8번지
11545,10300,0,0889,0009,,,일반건축물,숙박시설,"여관, 근린생활시설",0,125.29,518.35,19811224,3,1,서울특별시 금천구 시흥동 889-9번지
11545,10300,0,0889,0013,,,일반건축물,제2종근린생활시설,"(제2종)근린생활시설, 판매시설, 화장실",367.2,220.29,825.55,19760621,3,1,서울특별시 금천구 시흥동 889-13번지
11545,10300,0,0889,0014,,,일반건축물,숙박시설,"숙박시설,근린생활시설",0,181.8,984.36,19880312,5,1,서울특별시 금천구 시흥동 889-14번지
11545,10300,0,0889,0014,,,일반건축물,제1종근린생활시설,근린생활시설,0,151.2,170,19880205,1,1,서울특별시 금천구 시흥동 889-14번지
11545,10300,0,0889,0017,,,일반건축물,제2종근린생활시설,제2종근린생활시설(일반음식점),602.7,205,205,19861018,1,0,서울특별시 금천구 시흥동 889-17번지
11545,10300,0,0889,0018,,,일반건축물,제2종근린생활시설,근린생활시설,459.8,239.1,610.53,19710827,3,1,서울특별시 금천구 시흥동 889-18번지
11545,10300,0,0889,0019,,,일반건축물,업무시설,"근린생활시설,업무시설,교육연구시설,판매시설",562.5,295.31,2374.27,19920326,7,1,서울특별시 금천구 시흥동 889-19번지
11545,10300,0,0890,0000,성보빌딩,,표제부,제1종근린생활시설,"제1,2종근린생활시설, 업무시설",663.7,337.95,2385.74,19950803,6,1,서울특별시 금천구 시흥동 890번지
11545,10300,0,0890,0002,세종팰리스,,표제부,공동주택,"공동주택, 제1,2종근린생활시설",0,213.6,1709.5,20180911,7,1,서울특별시 금천구 시흥동 890-2번지
11545,10300,0,0890,0002,세종팰리스,,표제부,공동주택,"공동주택, 제1,2종근린생활시설",0,211.68,1106.02,20180911,7,0,서울특별시 금천구 시흥동 890-2번지
11545,10300,0,0890,0004,대의빌딩,,일반건축물,의료시설,일반업무/근린생활/교육연구/노유자시설/운동시설/의료시설,1646.5,963,7964.36,19950218,7,2,서울특별시 금천구 시흥동 890-4번지
11545,10300,0,0890,0007,,,일반건축물,제2종근린생활시설,근린생활시설,380,191.52,477.36,19970619,3,1,서울특별시 금천구 시흥동 890-7번지
11545,10300,0,0890,0008,,,일반건축물,제2종근린생활시설,제2종근린생활시설,265.9,143.43,223.98,19940528,2,0,서울특별시 금천구 시흥동 890-8번지
11545,10300,0,0890,0009,,,일반건축물,제2종근린생활시설,근린생활시설,264.5,131.6,489.09,19841210,3,1,서울특별시 금천구 시흥동 890-9번지
11545,10300,0,0890,0010,,,일반건축물,제2종근린생활시설,"(제1,2종)근린생활시설",708.3,347.89,2461.13,19910719,6,1,서울특별시 금천구 시흥동 890-10번지
11545,10300,0,0890,0012,,,일반건축물,제2종근린생활시설,제2종근린생활시설(일반음식점),369.9,184.68,184.68,20050519,1,0,서울특별시 금천구 시흥동 890-12번지
11545,10300,0,0890,0013,,,일반건축물,제2종근린생활시설,"제1,2종근린생활시설,업무시설",672.5,335,3044.4,19910518,6,2,서울특별시 금천구 시흥동 890-13번지
11545,10300,0,0890,0015,,,일반건축물,제1종근린생활시설,"제1,2종근린생활시설, 점포",314.2,155.77,608.56,19741214,3,1,서울특별시 금천구 시흥동 890-15번지
11545,10300,0,0891,0000,,,일반건축물,제1종근린생활시설,"점포,다방,창고,노래연습장",0,175.87,606.95,19800702,2,1,서울특별시 금천구 시흥동 891번지
11545,10300,0,0891,0001,,,일반건축물,제1종근린생활시설,(제2종)근린생활시설,496.3,229.5,1525.1,19931213,5,1,서울특별시 금천구 시흥동 891-1번지
11545,10300,0,0891,0002,대광빌딩,,일반건축물,제2종근린생활시설,제2종근린생활시설,338.1,202.18,583.84,20150805,4,0,서울특별시 금천구 시흥동 891-2번지
11545,10300,0,0891,0003,,,일반건축물,제1종근린생활시설,"근린생활시설, 사무실, 주택",260.8,128.8,589.26,19871228,4,1,서울특별시 금천구 시흥동 891-3번지
11545,10300,0,0891,0004,,,일반건축물,제2종근린생활시설,"(제2종)근린생활시설, 주택",234.5,115.5,445.5,19870613,3,1,서울특별시 금천구 시흥동 891-4번지
11545,10300,0,0891,0005,,,일반건축물,제2종근린생활시설,(제2종)근린생활시설,537.7,232.88,492.18,19851129,1,1,서울특별시 금천구 시흥동 891-5번지
11545,10300,0,0891,0006,,,일반건축물,제1종근린생활시설,"근린생활시설, 주택",117.2,56.76,172.32,19870509,2,1,서울특별시 금천구 시흥동 891-6번지
11545,10300,0,0891,0007,,,일반건축물,단독주택,"(제2종)근린생활시설, 다가구용 단독주택(2가구)",119.4,71.42,288.83,19930925,3,1,서울특별시 금천구 시흥동 891-7번지
11545,10300,0,0891,0008,,,일반건축물,단독주택,단독주택,171.2,82.35,247.05,19890529,2,1,서울특별시 금천구 시흥동 891-8번지
11545,10300,0,0891,0009,신한예가플러스,,표제부,공동주택,"공동주택, 제2종근린생활시설",386.6,217,697.5,20161123,5,0,서울특별시 금천구 시흥동 891-9번지
11545,10300,0,0891,0012,,,일반건축물,단독주택,다가구주택(9가구),188.8,104.49,308.88,19920113,2,1,서울특별시 금천구 시흥동 891-12번지
11545,10300,0,0891,0013,,,일반건축물,단독주택,단독주택,191.8,94.86,249.78,19871023,2,1,서울특별시 금천구 시흥동 891-13번지
11545,10300,0,0891,0014,해비치,,표제부,공동주택,공동주택,377.2,223.3,659.52,20131206,5,0,서울특별시 금천구 시흥동 891-14번지
11545,10300,0,0891,0016,,,표제부,공동주택,다세대주택,190.4,114.12,421.09,20021128,4,0,서울특별시 금천구 시흥동 891-16번지
11545,10300,0,0891,0017,,,일반건축물,단독주택,다가구주택(7가구),201.3,119.84,347.76,19931026,2,1,서울특별시 금천구 시흥동 891-17번지
11545,10300,0,0891,0018,,,일반건축물,단독주택,"다가구용 단독주택,근린생활시설",201.1,120,429,19970217,3,1,서울특별시 금천구 시흥동 891-18번지
11545,10300,0,0891,0019,,,일반건축물,제1종근린생활시설,점포,0,67.34,147.61,19701013,3,1,서울특별시 금천구 시흥동 891-19번지
11545,10300,0,0891,0020,,,일반건축물,단독주택,"주택, 점포",0,74.31,161.91,19700816,2,1,서울특별시 금천구 시흥동 891-20번지
11545,10300,0,0891,0021,,,일반건축물,제2종근린생활시설,제2종근린생활시설(일반음식점),338.1,201.6,201.6,20110527,1,0,서울특별시 금천구 시흥동 891-21번지
11545,10300,0,0892,0000,,,일반건축물,제2종근린생활시설,제2종근린생활시설,99.8,49.5,113.4,19831128,2,1,서울특별시 금천구 시흥동 892번지
11545,10300,0,0892,0001,,,일반건축물,단독주택,"제2종근린생활시설,주택",0,92.6,158.05,19760813,2,0,서울특별시 금천구 시흥동 892-1번지
11545,10300,0,0892,0004,,,일반건축물,단독주택,단독주택,139.6,69.41,207.69,19860718,2,1,서울특별시 금천구 시흥동 892-4번지
11545,10300,0,0892,0005,,,일반건축물,단독주택,단독주택,117.6,58.4,175.2,19870511,2,1,서울특별시 금천구 시흥동 892-5번지
11545,10300,0,0892,0006,,,일반건축물,단독주택,"주택, 근린생활시설",0,72.13,201.22,19700620,3,1,서울특별시 금천구 시흥동 892-6번지
11545,10300,0,0892,0007,,,일반건축물,단독주택,단독주택,155.2,77.1,231.3,19871121,2,1,서울특별시 금천구 시흥동 892-7번지
11545,10300,0,0892,0008,,,일반건축물,단독주택,단독주택,105,52.32,156.96,19871121,2,1,서울특별시 금천구 시흥동 892-8번지
11545,10300,0,0892,0009,나동,,일반건축물,단독주택,"주택, 주택",0,47.13,141.39,19831114,2,1,서울특별시 금천구 시흥동 892-9번지
11545,10300,0,0892,0009,가동,,일반건축물,단독주택,주택,0,47.21,141.63,19831114,2,1,서울특별시 금천구 시흥동 892-9번지
11545,10300,0,0892,0012,,,일반건축물,제1종근린생활시설,"주택, 점포",0,38.02,67.6,19731229,2,0,서울특별시 금천구 시흥동 892-12번지
11545,10300,0,0892,0013,,,일반건축물,단독주택,"근린생활시설, 주택",128.5,63.36,190.08,19850706,2,1,서울특별시 금천구 시흥동 892-13번지
11545,10300,0,0892,0014,,,일반건축물,단독주택,주택,0,50.76,121.5,19830617,2,1,서울특별시 금천구 시흥동 892-14번지
11545,10300,0,0892,0015,,,일반건축물,제1종근린생활시설,"주택, 근린생활시설",229.27,123.53,463.59,19840726,3,1,서울특별시 금천구 시흥동 892-15번지
11545,10300,0,0892,0016,,,일반건축물,단독주택,주택,0,51.12,151.56,19840328,2,1,서울특별시 금천구 시흥동 892-16번지
11545,10300,0,0892,0017,,,일반건축물,단독주택,주택,0,54.55,153.07,19810117,2,1,서울특별시 금천구 시흥동 892-17번지
11545,10300,0,0892,0019,,,일반건축물,단독주택,단독주택,149,74.28,220.2,19841205,2,1,서울특별시 금천구 시흥동 892-19번지
11545,10300,0,0892,0020,,,일반건축물,단독주택,단독주택,180.93,90.07,249.62,19850930,2,1,서울특별시 금천구 시흥동 892-20번지
11545,10300,0,0892,0021,,,일반건축물,단독주택,주택,0,42.48,93.96,19830930,2,1,서울특별시 금천구 시흥동 892-21번지
11545,10300,0,0892,0022,,,일반건축물,단독주택,제2종근린생활시설(일반음식점) 및 주택,142.5,71.07,213.21,19850819,2,1,서울특별시 금천구 시흥동 892-22번지
11545,10300,0,0892,0024,신한예가 C,,표제부,공동주택,도시형생활주택(단지형다세대주택),295.71,170.21,560.59,20140509,5,0,서울특별시 금천구 시흥동 892-24번지
11545,10300,0,0892,0025,신한예가 B,,표제부,공동주택,공동주택,252.49,147.64,498.72,20140603,5,0,서울특별시 금천구 시흥동 892-25번지
11545,10300,0,0892,0026,신한예가 A,,표제부,공동주택,도시형생활주택(단지형다세대주택),247.16,146.56,490.9,20140211,5,0,서울특별시 금천구 시흥동 892-26번지
11545,10300,0,0892,0028,,,일반건축물,단독주택,단독주택,93.39,46.5,139.5,19870728,2,1,서울특별시 금천구 시흥동 892-28번지
11545,10300,0,0892,0029,,,일반건축물,단독주택,주택,0,83.62,182.67,19841108,2,1,서울특별시 금천구 시흥동 892-29번지
11545,10300,0,0892,0030,,,일반건축물,단독주택,단독주택,207.06,86.08,247.32,19890504,2,1,서울특별시 금천구 시흥동 892-30번지
11545,10300,0,0892,0031,,,일반건축물,단독주택,주택,0,79.2,237.6,19841025,2,1,서울특별시 금천구 시흥동 892-31번지
11545,10300,0,0892,0032,,,표제부,공동주택,공동주택(다세대주택),153.47,86.06,287.16,20200313,5,0,서울특별시 금천구 시흥동 892-32번지
11545,10300,0,0892,0033,금성하이츠,,표제부,공동주택,도시형생활주택(단지형다세대주택),119.89,67.44,216.01,20140603,5,0,서울특별시 금천구 시흥동 892-33번지
11545,10300,0,0892,0034,,,일반건축물,단독주택,"주택, 근린생활시설",289.6,63.27,234.58,19831228,3,1,서울특별시 금천구 시흥동 892-34번지
11545,10300,0,0892,0035,,,일반건축물,단독주택,"주택, 근린생활시설",0,97.92,373.32,19831206,3,1,서울특별시 금천구 시흥동 892-35번지
11545,10300,0,0892,0036,,,일반건축물,단독주택,주택,164.4,81.76,245.28,19840522,2,1,서울특별시 금천구 시흥동 892-36번지
11545,10300,0,0892,0037,,,일반건축물,단독주택,다가구용 단독주택(5가구),169.39,87.13,259.38,19920106,2,1,서울특별시 금천구 시흥동 892-37번지
11545,10300,0,0892,0038,,,일반건축물,단독주택,다가구용 단독주택(5가구),150.3,68.51,199.89,19910912,2,1,서울특별시 금천구 시흥동 892-38번지
11545,10300,0,0892,0039,,,일반건축물,단독주택,다가구용 단독주택(5가구),136.6,71.55,214.65,19971128,2,1,서울특별시 금천구 시흥동 892-39번지
11545,10300,0,0892,0040,운서맨션,,표제부,공동주택,다세대주택,332.1,188.2,626.66,20030516,5,0,서울특별시 금천구 시흥동 892-40번지
11545,10300,0,0892,0043,,,일반건축물,단독주택,다가구용 단독주택,143.1,85.5,327.2,19970911,4,0,서울특별시 금천구 시흥동 892-43번지
11545,10300,0,0892,0044,,,일반건축물,단독주택,단독주택,157.86,88.54,245.62,19860521,2,1,서울특별시 금천구 시흥동 892-44번지
11545,10300,0,0892,0045,,,일반건축물,단독주택,단독주택,119.7,59.32,177.96,19890627,2,1,서울특별시 금천구 시흥동 892-45번지
11545,10300,0,0892,0046,,,표제부,공동주택,공동주택(다세대주택),304.9,129.6,523.96,20020620,4,1,서울특별시 금천구 시흥동 892-46번지
11545,10300,0,0892,0047,,,일반건축물,단독주택,다가구용 단독주택(6가구),176.6,95.3,280.45,19910723,3,1,서울특별시 금천구 시흥동 892-47번지
11545,10300,0,0892,0049,,,일반건축물,단독주택,다가구용 단독주택(6가구),130.9,68.77,199.92,19910219,2,1,서울특별시 금천구 시흥동 892-49번지
11545,10300,0,0892,0050,,,일반건축물,단독주택,"주택, 근린생활시설",199.9,119.11,315.64,19960516,3,0,서울특별시 금천구 시흥동 892-50번지
11545,10300,0,0892,0051,,,일반건축물,근린생활시설,"근린생활시설, 주택",200.74,120.2,560.37,19960708,5,1,서울특별시 금천구 시흥동 892-51번지
11545,10300,0,0892,0054,,,일반건축물,제1종근린생활시설,"(제1종)근린생활시설, 주택",224.68,109.98,529.27,19951006,5,1,서울특별시 금천구 시흥동 892-54번지
11545,10300,0,0892,0056,,,일반건축물,단독주택,다가구용 단독주택(7가구),145.05,79.64,230.45,19911011,2,1,서울특별시 금천구 시흥동 892-56번지
11545,10300,0,0892,0057,,,표제부,공동주택,공동주택,164.3,91.77,372.67,20010202,4,1,서울특별시 금천구 시흥동 892-57번지
11545,10300,0,0892,0058,,,일반건축물,단독주택,"근린생활시설, 다가구용단독주택(3가구)",212.35,104.4,531.89,19910523,4,1,서울특별시 금천구 시흥동 892-58번지
11545,10300,0,0892,0060,,,일반건축물,제2종근린생활시설,근린생활시설,124.72,62.22,186.66,19851016,2,1,서울특별시 금천구 시흥동 892-60번지
11545,10300,0,0892,0061,,,일반건축물,단독주택,단독주택,121.2,72.42,261.94,20170407,3,1,서울특별시 금천구 시흥동 892-61번지
11545,10300,0,0892,0062,,,일반건축물,단독주택,단독주택,140.59,83.52,190.76,20200108,4,0,서울특별시 금천구 시흥동 892-62번지
11545,10300,0,0892,0063,,,일반건축물,단독주택,단독주택,141.8,84.63,299.89,20150609,3,1,서울특별시 금천구 시흥동 892-63번지
11545,10300,0,0892,0064,,,일반건축물,단독주택,"제2종근린생활시설,다가구주택",153,90.21,337.28,20031128,5,0,서울특별시 금천구 시흥동 892-64번지
11545,10300,0,0892,0072,,,일반건축물,단독주택,"근린생활시설, 주택",0,69.05,163.9,19830902,2,1,서울특별시 금천구 시흥동 892-72번지
11545,10300,0,0892,0073,,,일반건축물,단독주택,"다가구주택,제1종근린생활시설(소매점)",139.7,83.54,229.4,20140915,4,0,서울특별시 금천구 시흥동 892-73번지
11545,10300,0,0892,0077,,,일반건축물,단독주택,주택,0,81,243,19661024,2,1,서울특별시 금천구 시흥동 892-77번지
11545,10300,0,0892,0078,,,일반건축물,단독주택,단독주택,119.98,59.31,177.93,19890529,2,1,서울특별시 금천구 시흥동 892-78번지
11545,10300,0,0892,0079,,,일반건축물,단독주택,주택,0,65.88,197.64,19830622,2,1,서울특별시 금천구 시흥동 892-79번지
11545,10300,0,0892,0080,,,일반건축물,단독주택,"주택, 근린생활시설",0,56.09,125.38,19830902,2,1,서울특별시 금천구 시흥동 892-80번지
11545,10300,0,0893,0000,금빛공원,,일반건축물,운동시설,"운동시설, 공공도서관",5971.8,384.43,3263.6,20060330,1,1,서울특별시 금천구 시흥동 893번지
11545,10300,0,0894,0000,,,일반건축물,단독주택,"다가구주택, 점포, 위험물저장 및 처리시설",190.8,98.84,431.27,19801202,4,1,서울특별시 금천구 시흥동 894번지
11545,10300,0,0894,0002,아트빌 101동,,표제부,공동주택,다세대주택,332.9,187.37,659.8,20040703,5,0,서울특별시 금천구 시흥동 894-2번지
11545,10300,0,0894,0003,썬그린파크,,표제부,공동주택,다세대 주택,298.7,178.41,595.85,20130122,5,0,서울특별시 금천구 시흥동 894-3번지
11545,10300,0,0894,0005,,,표제부,공동주택,다세대주택(8세대),348.1,192.72,567.6,19961227,3,1,서울특별시 금천구 시흥동 894-5번지
11545,10300,0,0894,0006,,,일반건축물,단독주택,"근린생활시설, 다가구주택(3가구)",86.1,53.72,142.82,19950511,3,0,서울특별시 금천구 시흥동 894-6번지
11545,10300,0,0894,0007,,,일반건축물,단독주택,다가구용 단독주택(5가구),136.9,74.74,195.12,19921210,2,1,서울특별시 금천구 시흥동 894-7번지
11545,10300,0,0894,0008,,,표제부,공동주택,다세대주택,394.4,182.78,659.33,20151029,6,0,서울특별시 금천구 시흥동 894-8번지
11545,10300,0,0894,0011,,,일반건축물,단독주택,"주택, 점포",0,80.24,171.73,19830504,2,1,서울특별시 금천구 시흥동 894-11번지
11545,10300,0,0894,0012,,,일반건축물,단독주택,주택,0,69.09,142.8,19790417,2,1,서울특별시 금천구 시흥동 894-12번지
11545,10300,0,0894,0013,,,일반건축물,단독주택,"다가구주택, 제2종근린생활시설",181.6,106.83,402.16,20020705,4,0,서울특별시 금천구 시흥동 894-13번지
11545,10300,0,0894,0015,,,일반건축물,단독주택,주택,0,64.13,160,19781124,2,1,서울특별시 금천구 시흥동 894-15번지
11545,10300,0,0894,0016,,,일반건축물,단독주택,주택,0,74.38,148.76,19781209,2,1,서울특별시 금천구 시흥동 894-16번지
11545,10300,0,0894,0017,,,일반건축물,단독주택,단독주택,182.7,109.09,325.75,20160108,4,0,서울특별시 금천구 시흥동 894-17번지
11545,10300,0,0894,0018,,,일반건축물,단독주택,"주택,근린생활시설",215.1,126.85,462.55,19971110,3,1,서울특별시 금천구 시흥동 894-18번지
11545,10300,0,0894,0020,리버스,,일반건축물,단독주택,"제1,2종근린생활시설,다가구주택",214.1,121.76,426.57,20180713,5,0,서울특별시 금천구 시흥동 894-20번지
11545,10300,0,0894,0021,,,일반건축물,단독주택,다가구주택(7가구),201,117.25,351.05,20120911,4,0,서울특별시 금천구 시흥동 894-21번지
11545,10300,0,0894,0022,태을명가10,,일반건축물,단독주택,단독주택(다중주택),186,107.72,299.81,20200520,3,1,서울특별시 금천구 시흥동 894-22번지
11545,10300,0,0894,0023,JS빌,,일반건축물,제2종근린생활시설,"제2종근린생활시설,단독주택",210.6,126.04,533.21,20100702,4,1,서울특별시 금천구 시흥동 894-23번지
11545,10300,0,0894,0024,,,일반건축물,단독주택,"제1종근린생활시설(소매점), 단독주택",317.7,55.96,132.5,20020801,3,0,서울특별시 금천구 시흥동 894-24번지
11545,10300,0,0894,0026,볕바라기,,일반건축물,노유자시설,사회복지시설(장애인단기보호시설),166,98.5,162.89,20150825,2,0,서울특별시 금천구 시흥동 894-26번지
11545,10300,0,0894,0027,,,일반건축물,단독주택,주택,0,79.01,163.97,19781213,2,1,서울특별시 금천구 시흥동 894-27번지
11545,10300,0,0894,0028,,,일반건축물,단독주택,"주택, 점포,제2종근린생활시설",0,80.7,184.7,19830504,2,1,서울특별시 금천구 시흥동 894-28번지
11545,10300,0,0894,0029,아트빌 102동,,표제부,공동주택,다세대주택,332.6,187.37,659.8,20040729,5,0,서울특별시 금천구 시흥동 894-29번지
11545,10300,0,0894,0030,아트빌 103동,,표제부,공동주택,다세대주택,332.2,187.37,659.8,20040921,5,0,서울특별시 금천구 시흥동 894-30번지
11545,10300,0,0895,0000,,,일반건축물,제1종근린생활시설,"주택, 점포",0,130.58,513.39,19800821,3,1,서울특별시 금천구 시흥동 895번지
11545,10300,0,0895,0001,,,일반건축물,단독주택,주택,0,71.74,215.22,19821129,2,1,서울특별시 금천구 시흥동 895-1번지
11545,10300,0,0895,0002,,,일반건축물,단독주택,단독주택,142.8,71.1,213.3,19900516,2,1,서울특별시 금천구 시흥동 895-2번지
11545,10300,0,0895,0003,,,일반건축물,제1종근린생활시설,"근린생활시설, 주택",162,80.74,338.54,19911111,3,1,서울특별시 금천구 시흥동 895-3번지
11545,10300,0,0895,0004,,,일반건축물,단독주택,"단독주택, 제2종근린생활시설",129.6,77.15,213.96,20150209,3,0,서울특별시 금천구 시흥동 895-4번지
11545,10300,0,0895,0005,시흥1동 대명경로당,,일반건축물,노유자시설,노인정,0,72,72,19850911,1,0,서울특별시 금천구 시흥동 895-5번지
11545,10300,0,0895,0006,,,일반건축물,제1종근린생활시설,근린생활시설,0,154.11,770.55,19870810,4,1,서울특별시 금천구 시흥동 895-6번지
11545,10300,0,0895,0007,,,일반건축물,제1종근린생활시설,"(제2종)근린생활시설,점포,주택",0,87.27,393.05,19800716,4,1,서울특별시 금천구 시흥동 895-7번지
11545,10300,0,0896,0000,,0,일반건축물,제2종근린생활시설,"점포, 제1,2종근린생활시설",0,106.12,317.7,19810610,2,1,서울특별시 금천구 시흥동 896번지
11545,10300,0,0896,0002,,,일반건축물,제2종근린생활시설,"근린생활시설, 주택",227.7,102.5,588.66,19810212,5,1,서울특별시 금천구 시흥동 896-2번지
11545,10300,0,0896,0003,썬타워빌,,표제부,공동주택,공동주택 및 근린생활시설,222.5,128.67,441.46,20220302,5,0,서울특별시 금천구 시흥동 896-3번지
11545,10300,0,0896,0004,,,일반건축물,단독주택,다가구용 단독주택(5가구),102.8,61.6,165.6,19930506,2,1,서울특별시 금천구 시흥동 896-4번지
11545,10300,0,0896,0006,,,일반건축물,단독주택,"주택, (제2종)근린생활시설",0,47.88,182.53,19860730,3,1,서울특별시 금천구 시흥동 896-6번지
11545,10300,0,0896,0007,,,일반건축물,단독주택,단독주택,100.2,50.04,150.12,19870714,2,1,서울특별시 금천구 시흥동 896-7번지
11545,10300,0,0896,0008,,,일반건축물,단독주택,다가구주택,97.1,68.79,290.34,20011026,5,0,서울특별시 금천구 시흥동 896-8번지
11545,10300,0,0896,0010,,,일반건축물,단독주택,단독주택,174.3,81.09,234.48,19871022,2,1,서울특별시 금천구 시흥동 896-10번지
11545,10300,0,0896,0011,,,일반건축물,단독주택,주택,0,105.06,108.63,19760701,1,1,서울특별시 금천구 시흥동 896-11번지
11545,10300,0,0896,0012,,,일반건축물,단독주택,단독주택,171.1,76.05,228.15,19870820,2,1,서울특별시 금천구 시흥동 896-12번지
11545,10300,0,0896,0013,,,일반건축물,단독주택,단독주택,149,74.79,179.18,19861211,2,1,서울특별시 금천구 시흥동 896-13번지
11545,10300,0,0896,0014,,,일반건축물,단독주택,단독주택,127.4,54.21,162.09,19870410,2,1,서울특별시 금천구 시흥동 896-14번지
11545,10300,0,0896,0015,,,일반건축물,제1종근린생활시설,"(제2종)근린생활시설, 주택",438.7,202.94,1105.02,19910213,5,1,서울특별시 금천구 시흥동 896-15번지
11545,10300,0,0896,0016,,,일반건축물,단독주택,주택,0,76.68,230.04,19831216,2,1,서울특별시 금천구 시흥동 896-16번지
11545,10300,0,0896,0017,,,일반건축물,단독주택,"주택, 점포,제2종근린생활시설",0,122.81,244.17,19740601,2,1,서울특별시 금천구 시흥동 896-17번지
11545,10300,0,0896,0019,,,일반건축물,단독주택,단독주택,113,56.28,170.16,19861015,2,1,서울특별시 금천구 시흥동 896-19번지
11545,10300,0,0896,0020,,,일반건축물,단독주택,단독주택,110.1,54.7,164.1,19900831,2,1,서울특별시 금천구 시흥동 896-20번지
11545,10300,0,0896,0021,,,일반건축물,단독주택,단독주택,94.55,47.1,141.3,19871026,2,1,서울특별시 금천구 시흥동 896-21번지
11545,10300,0,0896,0023,,,일반건축물,단독주택,단독주택,123,61.15,183.45,19850628,2,1,서울특별시 금천구 시흥동 896-23번지
11545,10300,0,0896,0024,,,일반건축물,단독주택,단독주택,90.65,45.32,135.96,19880507,2,1,서울특별시 금천구 시흥동 896-24번지
11545,10300,0,0896,0025,,,일반건축물,단독주택,"근린생활시설, 주택",206.1,101.25,493.25,19911212,4,1,서울특별시 금천구 시흥동 896-25번지
11545,10300,0,0896,0026,,,일반건축물,제1종근린생활시설,"근린생활시설, 주택",269.7,134.46,572.9,19890509,4,1,서울특별시 금천구 시흥동 896-26번지
11545,10300,0,0896,0028,,,일반건축물,단독주택,주택,0,79.78,239.34,19831028,2,1,서울특별시 금천구 시흥동 896-28번지
11545,10300,0,0896,0029,,,일반건축물,단독주택,주택,0,82.32,246.96,19830514,2,1,서울특별시 금천구 시흥동 896-29번지
11545,10300,0,0896,0030,,,일반건축물,단독주택,물치,0,0,6.48,19730706,1,0,서울특별시 금천구 시흥동 896-30번지
11545,10300,0,0896,0030,,,일반건축물,제1종근린생활시설,"제2종근린생활시설,대중음식점, 다방, 점포, 탁구장, 보이라실,태권도장,주택,물치",0,297.78,739.6,19730706,2,1,서울특별시 금천구 시흥동 896-30번지
11545,10300,0,0896,0030,,,일반건축물,단독주택,주택,0,70.12,70.12,19670915,1,0,서울특별시 금천구 시흥동 896-30번지
11545,10300,0,0896,0030,,,일반건축물,단독주택,주택,0,33.06,33.06,19671230,1,0,서울특별시 금천구 시흥동 896-30번지
11545,10300,0,0896,0031,,,일반건축물,제1종근린생활시설,"점포, 사무실",0,91.4,193.01,19770128,2,1,서울특별시 금천구 시흥동 896-31번지
11545,10300,0,0897,0000,,,일반건축물,제2종근린생활시설,제2종근린생활시설(사무소),0,81.9,180.3,19840124,2,1,서울특별시 금천구 시흥동 897번지
11545,10300,0,0897,0002,엘림하우스-3,,표제부,공동주택,공동주택(도시형생활주택-단지형다세대),0,198.66,659.52,20181130,5,0,서울특별시 금천구 시흥동 897-2번지
11545,10300,0,0897,0002,엘림하우스-3,,표제부,공동주택,공동주택(도시형생활주택-단지형다세대),0,198.66,659.52,20181130,5,0,서울특별시 금천구 시흥동 897-2번지
11545,10300,0,0897,0003,엘림하우스-1,,일반건축물,단독주택,다가구주택,145.7,87.04,245.34,20180920,4,0,서울특별시 금천구 시흥동 897-3번지
11545,10300,0,0897,0004,,,일반건축물,단독주택,다가구주택,145.4,87.15,240.42,20020916,4,0,서울특별시 금천구 시흥동 897-4번지
11545,10300,0,0897,0005,성공리치빌,,표제부,공동주택,"공동주택,제1종근린생활시설",224.6,134.4,444.83,20170425,5,0,서울특별시 금천구 시흥동 897-5번지
11545,10300,0,0897,0007,,,일반건축물,단독주택,"주택,근린생활시설",162.3,80.73,329.01,19880721,3,1,서울특별시 금천구 시흥동 897-7번지
11545,10300,0,0897,0009,,,일반건축물,단독주택,주택,0,74.71,161.33,19781124,2,1,서울특별시 금천구 시흥동 897-9번지
11545,10300,0,0897,0010,주성리치빌,,표제부,공동주택,"다세대주택,제1종근린생활시설",396.7,233.1,726.37,20080704,5,0,서울특별시 금천구 시흥동 897-10번지
11545,10300,0,0897,0013,,,일반건축물,단독주택,주택,0,66.45,152.4,19781211,2,1,서울특별시 금천구 시흥동 897-13번지
11545,10300,0,0897,0014,,,일반건축물,단독주택,"(제2종)근린생활시설, 주택",161.3,80.16,419.56,19901101,4,1,서울특별시 금천구 시흥동 897-14번지
11545,10300,0,0897,0015,,,일반건축물,제2종근린생활시설,"(제2종)근린생활시설, 주택",152.5,76.11,352.08,19890126,4,1,서울특별시 금천구 시흥동 897-15번지
11545,10300,0,0897,0018,,,일반건축물,단독주택,단독주택,198.4,93.01,247.58,19860812,2,1,서울특별시 금천구 시흥동 897-18번지
11545,10300,0,0897,0019,,,일반건축물,제1종근린생활시설,"주택, 점포,제1종근린생활시설",0,80.38,217.01,19831011,3,1,서울특별시 금천구 시흥동 897-19번지
11545,10300,0,0897,0020,,,일반건축물,단독주택,"주택,점포,제2종근린생활시설",0,81.9,180.7,19830920,2,1,서울특별시 금천구 시흥동 897-20번지
11545,10300,0,0897,0021,,,일반건축물,단독주택,주택,0,82.45,247.35,19830923,2,1,서울특별시 금천구 시흥동 897-21번지
11545,10300,0,0897,0022,엘림하우스-2,,표제부,공동주택,공동주택,335.4,199.5,659.9,20181005,5,0,서울특별시 금천구 시흥동 897-22번지
11545,10300,0,0897,0023,,,일반건축물,단독주택,주택,0,57.84,173.52,19880623,2,1,서울특별시 금천구 시흥동 897-23번지
11545,10300,0,0898,0000,,,일반건축물,단독주택,"다가구주택(6가구),제2종근린생활시설",181.2,108.61,421.94,20030410,4,0,서울특별시 금천구 시흥동 898번지
11545,10300,0,0898,0001,아너스타운,,일반건축물,단독주택,"단독주택, 제2종근린생활시설",219,130.12,437.89,20181030,5,0,서울특별시 금천구 시흥동 898-1번지
11545,10300,0,0898,0002,,,일반건축물,단독주택,다가구용 단독주택(5가구),162.6,86.58,248.94,19910903,2,1,서울특별시 금천구 시흥동 898-2번지
11545,10300,0,0898,0003,,,일반건축물,단독주택,주택,0,82.11,246.33,19881216,2,1,서울특별시 금천구 시흥동 898-3번지
11545,10300,0,0898,0004,,,일반건축물,단독주택,단독주택,200.9,82.35,247.05,19881231,2,1,서울특별시 금천구 시흥동 898-4번지
11545,10300,0,0898,0006,,,일반건축물,단독주택,다가구용 단독주택(6가구),248.38,127.92,296.46,19940630,2,1,서울특별시 금천구 시흥동 898-6번지
11545,10300,0,0898,0007,,,표제부,공동주택,다세대주택(15세대),331.3,135.94,659.9,19911007,4,1,서울특별시 금천구 시흥동 898-7번지
11545,10300,0,0898,0008,,,일반건축물,단독주택,주택,0,85.32,130.14,19741231,2,1,서울특별시 금천구 시흥동 898-8번지
11545,10300,0,0898,0009,,,표제부,공동주택,연립주택,0,201.32,494.54,19801217,2,1,서울특별시 금천구 시흥동 898-9번지
11545,10300,0,0898,0010,,,일반건축물,단독주택,다가구주택,150.1,89.35,160.8,19970911,2,0,서울특별시 금천구 시흥동 898-10번지
11545,10300,0,0898,0011,,,일반건축물,단독주택,단독주택,163.9,81.9,245.7,19851216,2,1,서울특별시 금천구 시흥동 898-11번지
11545,10300,0,0898,0012,,,일반건축물,단독주택,단독주택,182,81.12,243.36,19870928,2,1,서울특별시 금천구 시흥동 898-12번지
11545,10300,0,0898,0013,,,일반건축물,제1종근린생활시설,근린생활시설(소매점),93.4,46.53,46.53,19930824,1,0,서울특별시 금천구 시흥동 898-13번지
11545,10300,0,0898,0014,,,일반건축물,단독주택,주택,0,59.17,125.28,19781114,2,1,서울특별시 금천구 시흥동 898-14번지
11545,10300,0,0898,0015,,,일반건축물,단독주택,주택,0,56.2,129.59,19781209,2,1,서울특별시 금천구 시흥동 898-15번지
11545,10300,0,0898,0016,,,일반건축물,단독주택,주택,0,62.15,146.12,19781226,2,1,서울특별시 금천구 시흥동 898-16번지
11545,10300,0,0898,0017,금천아파트,,표제부,공동주택,아파트,761,326.61,2179.4,20021109,6,1,서울특별시 금천구 시흥동 898-17번지
11545,10300,0,0898,0019,,,일반건축물,제2종근린생활시설,"주택, 근린생활시설",0,54.9,292.82,19920513,4,1,서울특별시 금천구 시흥동 898-19번지
11545,10300,0,0898,0024,,,일반건축물,단독주택,"근린생활시설, 다가구용 단독주택(5가구)",206.8,123.94,413.53,19940124,3,1,서울특별시 금천구 시흥동 898-24번지
11545,10300,0,0898,0025,,,일반건축물,단독주택,"단독주택, 근린생활시설",165.3,99.12,327.77,20181109,5,0,서울특별시 금천구 시흥동 898-25번지
11545,10300,0,0898,0026,,,일반건축물,단독주택,주택,0,76.95,230.85,19830415,2,1,서울특별시 금천구 시흥동 898-26번지
11545,10300,0,0898,0027,,,일반건축물,단독주택,단독주택,137.8,68.36,205.08,19870928,2,1,서울특별시 금천구 시흥동 898-27번지
11545,10300,0,0899,0000,,,일반건축물,단독주택,주택,0,84.63,186.12,19820816,2,1,서울특별시 금천구 시흥동 899번지
11545,10300,0,0899,0001,,,표제부,공동주택,다세대주택,94.63,45.32,129.24,19861202,2,1,서울특별시 금천구 시흥동 899-1번지
11545,10300,0,0899,0002,,,일반건축물,단독주택,주택,0,32.73,98.19,19821112,2,1,서울특별시 금천구 시흥동 899-2번지
11545,10300,0,0899,0003,,,일반건축물,제1종근린생활시설,"근린생활시설, 다가구용 단독주택(3가구)",198.05,112.34,381.54,19950426,3,1,서울특별시 금천구 시흥동 899-3번지
11545,10300,0,0899,0005,,,일반건축물,단독주택,"근린생활시설, 다가구용 단독주택(4가구)",181.6,107.1,324.45,19950410,4,1,서울특별시 금천구 시흥동 899-5번지
11545,10300,0,0899,0008,,,표제부,공동주택,다세대주택(9세대),271.75,139.5,624.48,19931220,4,1,서울특별시 금천구 시흥동 899-8번지
11545,10300,0,0899,0009,,,일반건축물,단독주택,주택,0,92.7,255.96,19830707,2,1,서울특별시 금천구 시흥동 899-9번지
11545,10300,0,0899,0016,,,일반건축물,단독주택,주택,0,43.3,43.3,19830430,1,0,서울특별시 금천구 시흥동 899-16번지
11545,10300,0,0900,0000,,,일반건축물,단독주택,"주택,근린생활시설",94.6,56.45,237.11,19920401,4,1,서울특별시 금천구 시흥동 900번지
11545,10300,0,0900,0001,,,일반건축물,단독주택,다가구용 단독주택(5가구),101.5,59.62,169.56,19910531,2,1,서울특별시 금천구 시흥동 900-1번지
11545,10300,0,0900,0002,신한메르디앙 B동,,표제부,공동주택,공동주택,230.9,133.46,459.9,20150922,5,0,서울특별시 금천구 시흥동 900-2번지
11545,10300,0,0900,0003,신한메르디앙 A동,,표제부,공동주택,공동주택,230,131.25,457.79,20150922,5,0,서울특별시 금천구 시흥동 900-3번지
11545,10300,0,0900,0006,,,일반건축물,단독주택,"주택, 점포",0,63.21,108.93,19760324,2,1,서울특별시 금천구 시흥동 900-6번지
11545,10300,0,0900,0007,,,일반건축물,제1종근린생활시설,"주택, 근린생활시설",0,93.6,361.2,19831018,3,1,서울특별시 금천구 시흥동 900-7번지
11545,10300,0,0900,0008,,,일반건축물,단독주택,단독주택,162.5,80.97,242.91,19860416,2,1,서울특별시 금천구 시흥동 900-8번지
11545,10300,0,0900,0017,,,일반건축물,단독주택,주택,0,128.2,291.07,19671120,2,1,서울특별시 금천구 시흥동 900-17번지
11545,10300,0,0900,0019,,,일반건축물,단독주택,단독주택,61.6,34.2,106.94,19870419,2,1,서울특별시 금천구 시흥동 900-19번지
11545,10300,0,0900,0020,쌍용프라임 A,,표제부,공동주택,다세대주택,293.5,175.26,495.5,20150512,5,0,서울특별시 금천구 시흥동 900-20번지
11545,10300,0,0900,0021,쌍용프라임 B,,표제부,공동주택,다세대주택,248.4,148.85,468.12,20150512,5,0,서울특별시 금천구 시흥동 900-21번지
11545,10300,0,0900,0022,,,일반건축물,공장,공장,0,250.51,250.51,19670831,1,0,서울특별시 금천구 시흥동 900-22번지
11545,10300,0,0900,0022,,,일반건축물,공장,"창고, 사무실",0,238.02,264.14,19781208,1,1,서울특별시 금천구 시흥동 900-22번지
11545,10300,0,0900,0023,,,일반건축물,단독주택,"근린생활시설, 단독주택",109.7,65.16,299.47,19950810,4,1,서울특별시 금천구 시흥동 900-23번지
11545,10300,0,0900,0024,,,일반건축물,제1종근린생활시설,제1종근린생활시설,106.9,64.13,126.64,20180213,2,0,서울특별시 금천구 시흥동 900-24번지
11545,10300,0,0900,0026,,,일반건축물,제2종근린생활시설,"제1,2종근린생활시설",458.5,269.24,382.72,20091013,2,0,서울특별시 금천구 시흥동 900-26번지
11545,10300,0,0900,0033,,,일반건축물,단독주택,단독주택,132.4,66.06,198.18,19860418,2,1,서울특별시 금천구 시흥동 900-33번지
11545,10300,0,0900,0034,,,일반건축물,단독주택,단독주택,137.1,68.21,204.63,19860412,2,1,서울특별시 금천구 시흥동 900-34번지
11545,10300,0,0901,0000,,,일반건축물,제2종근린생활시설,(제2종)근린생활시설,172.1,85.45,379.6,19840623,4,1,서울특별시 금천구 시흥동 901번지
11545,10300,0,0901,0001,,,일반건축물,제1종근린생활시설,"공중목욕탕, 주택",0,150.74,602.63,19811106,3,1,서울특별시 금천구 시흥동 901-1번지
11545,10300,0,0901,0002,,,일반건축물,제1종근린생활시설,"근린생활시설, 주택",165.2,93.9,431.1,19950920,4,1,서울특별시 금천구 시흥동 901-2번지
11545,10300,0,0901,0003,,,표제부,공동주택,"다세대주택,도시형생활주택",147.6,87.5,285.159,20120807,4,0,서울특별시 금천구 시흥동 901-3번지
11545,10300,0,0901,0004,,,표제부,공동주택,"다세대-도시형생활주택(원룸형),사무소",228.3,133.62,451.18,20120720,5,0,서울특별시 금천구 시흥동 901-4번지
11545,10300,0,0901,0006,리베라움,,표제부,공동주택,공동주택,0,105.43,396.03,20170425,6,0,서울특별시 금천구 시흥동 901-6번지
11545,10300,0,0901,0006,리베라움,,표제부,공동주택,공동주택,0,109.78,392.42,20170425,6,0,서울특별시 금천구 시흥동 901-6번지
11545,10300,0,0901,0007,가온빌리지,,표제부,공동주택,다세대주택,373,221.21,659.5,20140716,5,0,서울특별시 금천구 시흥동 901-7번지
11545,10300,0,0901,0008,,,일반건축물,단독주택,주택,0,55.54,165.96,19811222,2,1,서울특별시 금천구 시흥동 901-8번지
11545,10300,0,0901,0009,,,일반건축물,단독주택,단독주택,130.5,64.17,192.51,19881107,2,1,서울특별시 금천구 시흥동 901-9번지
11545,10300,0,0901,0010,,,일반건축물,단독주택,단독주택,136.5,67.71,207.45,19860522,2,1,서울특별시 금천구 시흥동 901-10번지
11545,10300,0,0901,0011,,,일반건축물,단독주택,단독주택,134.5,67,201,19870523,2,1,서울특별시 금천구 시흥동 901-11번지
11545,10300,0,0901,0012,,,일반건축물,단독주택,"주택, 점포",0,87.27,187.1,19780403,2,1,서울특별시 금천구 시흥동 901-12번지
11545,10300,0,0901,0014,,,일반건축물,단독주택,"근린생활시설, 다가구주택(4가구)",145,86.76,343.17,19920311,3,1,서울특별시 금천구 시흥동 901-14번지
11545,10300,0,0901,0015,,,일반건축물,단독주택,단독주택(다중주택),140.2,83.24,299.54,20160419,3,1,서울특별시 금천구 시흥동 901-15번지
11545,10300,0,0901,0016,,,일반건축물,단독주택,단독주택,133.2,66.34,199.02,19850517,2,1,서울특별시 금천구 시흥동 901-16번지
11545,10300,0,0901,0017,,,일반건축물,단독주택,"단독주택, 근린생활시설",136.5,81.78,277.56,20181211,4,0,서울특별시 금천구 시흥동 901-17번지
11545,10300,0,0901,0018,,,일반건축물,단독주택,주택,0,68,125.52,19750809,2,1,서울특별시 금천구 시흥동 901-18번지
11545,10300,0,0901,0019,,,일반건축물,단독주택,주택,0,59.5,178.5,19840723,2,1,서울특별시 금천구 시흥동 901-19번지
11545,10300,0,0901,0020,,,일반건축물,단독주택,"근린생활시설, 단독주택(1가구)",101.5,60.47,120.94,19931130,2,0,서울특별시 금천구 시흥동 901-20번지
11545,10300,0,0901,0021,,,일반건축물,단독주택,단독주택,152.6,69.12,207.36,19860829,2,1,서울특별시 금천구 시흥동 901-21번지
11545,10300,0,0901,0022,미래클래식,,표제부,공동주택,다세대주택,238.5,142.4,505.77,20021227,5,0,서울특별시 금천구 시흥동 901-22번지
11545,10300,0,0901,0024,,,일반건축물,단독주택,"주택, 근린생활시설",0,60.46,239.7,19801222,3,1,서울특별시 금천구 시흥동 901-24번지
11545,10300,0,0901,0026,,,일반건축물,단독주택,단독주택(다중주택),143.5,82.87,299.42,20160419,3,1,서울특별시 금천구 시흥동 901-26번지
11545,10300,0,0901,0027,,,일반건축물,단독주택,"주택, (제2종)근린생활시설",0,70.74,282.96,19821214,3,1,서울특별시 금천구 시흥동 901-27번지
11545,10300,0,0901,0028,,,일반건축물,단독주택,"주택, 근린생활시설",87.4,53.91,104.31,19930514,2,0,서울특별시 금천구 시흥동 901-28번지
11545,10300,0,0901,0029,,,일반건축물,단독주택,"근린생활시설, 주택",140.4,67.5,202.5,19860829,2,1,서울특별시 금천구 시흥동 901-29번지
11545,10300,0,0902,0000,,,일반건축물,제2종근린생활시설,근린생활시설,177.7,104.8,477.94,19951124,4,1,서울특별시 금천구 시흥동 902번지
11545,10300,0,0902,0001,,,일반건축물,단독주택,다가구용 단독주택,154.5,91.98,367.92,19960627,3,1,서울특별시 금천구 시흥동 902-1번지
11545,10300,0,0902,0002,,,일반건축물,단독주택,주택,0,69.42,80.59,19750715,1,1,서울특별시 금천구 시흥동 902-2번지
11545,10300,0,0902,0003,,,일반건축물,제2종근린생활시설,"주택, 근린생활시설",0,76.5,138.72,19750728,2,0,서울특별시 금천구 시흥동 902-3번지
11545,10300,0,0902,0005,,,일반건축물,단독주택,주택,0,65.92,75.8,19751027,1,1,서울특별시 금천구 시흥동 902-5번지
11545,10300,0,0902,0006,,,일반건축물,단독주택,"주택, 제1종근린생활시설",0,76.89,145.55,19750723,2,1,서울특별시 금천구 시흥동 902-6번지
11545,10300,0,0902,0007,청우그린아파트,,표제부,공동주택,아파트,633.4,335.39,2104.56,20040521,7,1,서울특별시 금천구 시흥동 902-7번지
11545,10300,0,0902,0009,,,일반건축물,단독주택,주택,0,67.44,77.32,19760528,1,1,서울특별시 금천구 시흥동 902-9번지
11545,10300,0,0902,0010,,,일반건축물,단독주택,주택,0,66.05,136.9,19770628,2,1,서울특별시 금천구 시흥동 902-10번지
11545,10300,0,0902,0011,,,일반건축물,단독주택,주택,0,80.55,241.65,19830823,2,1,서울특별시 금천구 시흥동 902-11번지
11545,10300,0,0902,0011,,,일반건축물,단독주택,주택,0,81.18,243.54,19830823,2,1,서울특별시 금천구 시흥동 902-11번지
11545,10300,0,0902,0015,,+,일반건축물,단독주택,주택,111.9,55.91,167.73,19881004,2,1,서울특별시 금천구 시흥동 902-15번지
11545,10300,0,0902,0016,,,일반건축물,단독주택,단독주택,112.4,56.01,166.05,19860322,2,1,서울특별시 금천구 시흥동 902-16번지
11545,10300,0,0902,0017,,,일반건축물,단독주택,"제2종근린생활시설(사무소), 단독주택",246.2,134.83,219.29,20120402,3,0,서울특별시 금천구 시흥동 902-17번지
11545,10300,0,0902,0018,승우에버빌,,표제부,공동주택,다세대주택,203.4,139.43,508.04,20030409,5,0,서울특별시 금천구 시흥동 902-18번지
11545,10300,0,0902,0020,다올주택,,일반건축물,단독주택,"단독주택, 제2종근린생활시설",208.2,121.99,399.99,20180426,5,0,서울특별시 금천구 시흥동 902-20번지
11545,10300,0,0902,0022,,,일반건축물,단독주택,다가구용 단독주택(6가구),107.8,63.6,183.3,19910729,2,1,서울특별시 금천구 시흥동 902-22번지
11545,10300,0,0902,0024,,,일반건축물,단독주택,다가구용 단독주택(5가구),113.9,67.98,196.19,19910701,2,1,서울특별시 금천구 시흥동 902-24번지
11545,10300,0,0902,0025,,,일반건축물,단독주택,다가구주택(4가구),161,68.38,196.56,19901231,2,1,서울특별시 금천구 시흥동 902-25번지
11545,10300,0,0902,0026,,,일반건축물,단독주택,다가구주택,110.3,64.44,206.88,20020829,4,0,서울특별시 금천구 시흥동 902-26번지
11545,10300,0,0902,0027,삼성아트맨션,,표제부,공동주택,다세대주택,144,86.34,337.63,20020311,5,0,서울특별시 금천구 시흥동 902-27번지
11545,10300,0,0902,0028,,,일반건축물,단독주택,단독주택,120.9,72.42,228.33,20130809,4,0,서울특별시 금천구 시흥동 902-28번지
11545,10300,0,0902,0029,,,일반건축물,단독주택,주택,0,60.73,182.19,19881006,2,1,서울특별시 금천구 시흥동 902-29번지
11545,10300,0,0902,0031,,3,일반건축물,단독주택,단독주택,122.3,60.16,180.48,19860315,2,1,서울특별시 금천구 시흥동 902-31번지
11545,10300,0,0903,0000,,,일반건축물,제1종근린생활시설,"다방,음식점 점포,(제2종)근린생활시설,치과,의원",851.3,417.46,1532.52,19701221,3,1,서울특별시 금천구 시흥동 903번지
11545,10300,0,0903,0000,,,일반건축물,제1종근린생활시설,점포,851.3,13.2,13.2,19981226,1,0,서울특별시 금천구 시흥동 903번지
11545,10300,0,0903,0002,이현빌딩,,일반건축물,제2종근린생활시설,"제1,2종근린생활시설",443.5,215.82,1158.93,19940603,4,1,서울특별시 금천구 시흥동 903-2번지
11545,10300,0,0903,0004,,,일반건축물,제2종근린생활시설,휴게음식점,1762.5,438.22,438.22,20150514,1,0,서울특별시 금천구 시흥동 903-4번지
11545,10300,0,0903,0005,,,표제부,제1종근린생활시설,"점포,제1종.2종근린생활시설, 근린생활시설, 사무실",844,356.73,1325.03,19800801,3,1,서울특별시 금천구 시흥동 903-5번지
11545,10300,0,0903,0005,,,일반건축물,제2종근린생활시설,제2종근린생활시설,0,64.46,193.38,19820508,2,1,서울특별시 금천구 시흥동 903-5번지
11545,10300,0,0903,0008,,,일반건축물,제1종근린생활시설,"근린생활시설, 단독주택",244,118.29,591.06,19811208,4,1,서울특별시 금천구 시흥동 903-8번지
11545,10300,0,0903,0010,,,일반건축물,제1종근린생활시설,"근린생활시설,제1종근린생활시설",169.4,99.68,351.28,19940722,3,1,서울특별시 금천구 시흥동 903-10번지
11545,10300,0,0903,0011,,,일반건축물,제2종근린생활시설,"제1,2종근린생활시설",264.6,131.9,560.53,19800909,4,1,서울특별시 금천구 시흥동 903-11번지
11545,10300,0,0903,0012,천지빌딩,,일반건축물,제2종근린생활시설,"제2종근린생활시설,단독주택",344,304.99,1065.19,20020914,5,0,서울특별시 금천구 시흥동 903-12번지
11545,10300,0,0904,0000,,,일반건축물,위험물저장및처리시설,"근린생활시설, 주유소",0,497.99,570.32,19850628,2,1,서울특별시 금천구 시흥동 904번지
11545,10300,0,0904,0000,,,일반건축물,제1종근린생활시설,점포,0,86.4,94.37,19761204,1,1,서울특별시 금천구 시흥동 904번지
11545,10300,0,0904,0001,태교빌딩,,일반건축물,제2종근린생활시설,"근린생활시설,단독주택",256.4,151.4,684.04,19940818,5,1,서울특별시 금천구 시흥동 904-1번지
11545,10300,0,0904,0002,,,표제부,공동주택,공동주택,213.4,106.18,362.87,20220404,5,0,서울특별시 금천구 시흥동 904-2번지
11545,10300,0,0904,0003,.,,일반건축물,제2종근린생활시설,"주택, 제2종근린생활시설",229.8,114.69,392.52,19840629,3,1,서울특별시 금천구 시흥동 904-3번지
11545,10300,0,0904,0004,,,일반건축물,제2종근린생활시설,제2종근린생활시설(사무소),92.9,52.79,52.79,19751022,1,0,서울특별시 금천구 시흥동 904-4번지
11545,10300,0,0904,0005,,,일반건축물,단독주택,다가구용 단독주택(5가구),104.4,50.64,144.9,19930902,2,1,서울특별시 금천구 시흥동 904-5번지
11545,10300,0,0904,0006,,,일반건축물,교육연구시설,"교육연구시설,근린생활시설,단독주택",523.2,250.42,1782.02,19931213,6,1,서울특별시 금천구 시흥동 904-6번지
11545,10300,0,0904,0008,,,일반건축물,제2종근린생활시설,2종근린생활시설(수리점),468.2,139.3,151.3,19990831,1,0,서울특별시 금천구 시흥동 904-8번지
11545,10300,0,0904,0009,,,표제부,공동주택,다세대주택(5세대),251.7,112.2,249.39,19860603,2,1,서울특별시 금천구 시흥동 904-9번지
11545,10300,0,0904,0010,,,일반건축물,단독주택,주택,181.3,88.47,265.41,19840509,2,1,서울특별시 금천구 시흥동 904-10번지
11545,10300,0,0904,0011,,,일반건축물,단독주택,단독주택,165.8,82.2,246.6,19880826,2,1,서울특별시 금천구 시흥동 904-11번지
11545,10300,0,0904,0012,,,일반건축물,단독주택,다가구용 단독주택(5가구),135.4,80.34,199.62,19930831,2,1,서울특별시 금천구 시흥동 904-12번지
11545,10300,0,0904,0013,,,일반건축물,제2종근린생활시설,근린생활시설,469,178.65,325.8,20030520,2,0,서울특별시 금천구 시흥동 904-13번지
11545,10300,0,0904,0015,,,일반건축물,단독주택,다가구용 단독주택(5가구),140,80.56,199.08,19930817,2,1,서울특별시 금천구 시흥동 904-15번지
11545,10300,0,0904,0016,,,일반건축물,단독주택,단독주택,168,82.35,247.05,19861220,2,1,서울특별시 금천구 시흥동 904-16번지
11545,10300,0,0904,0017,,,일반건축물,단독주택,단독주택,164.6,81.99,245.97,19871127,2,1,서울특별시 금천구 시흥동 904-17번지
11545,10300,0,0904,0018,,,일반건축물,단독주택,단독주택,164,81.6,228.15,19871015,2,1,서울특별시 금천구 시흥동 904-18번지
11545,10300,0,0904,0020,,,일반건축물,교육연구시설,유치원,0,165.16,567.19,19860827,2,1,서울특별시 금천구 시흥동 904-20번지
11545,10300,0,0904,0021,,,일반건축물,제2종근린생활시설,"주택,근린생활시설",334,175.17,441.15,19770628,3,1,서울특별시 금천구 시흥동 904-21번지
11545,10300,0,0904,0021,,,일반건축물,단독주택,지하실,0,26.78,26.78,19770628,0,1,서울특별시 금천구 시흥동 904-21번지
11545,10300,0,0904,0022,더 플레이스,,일반건축물,제2종근린생활시설,"근린생활시설,교육연구시설,운동시설",1312.5,655.53,4998.76,20101118,5,2,서울특별시 금천구 시흥동 904-22번지
11545,10300,0,0905,0000,,,일반건축물,업무시설,"근린생활시설, 일반업무시설",320.4,159.56,1033.9,19891020,5,1,서울특별시 금천구 시흥동 905번지
11545,10300,0,0905,0001,,,일반건축물,제1종근린생활시설,"근린생활시설, 주택",178.4,98.74,312.38,19760705,4,1,서울특별시 금천구 시흥동 905-1번지
11545,10300,0,0905,0002,,,일반건축물,단독주택,다가구용 단독주택(5가구),134.2,80.37,224.61,19940615,2,1,서울특별시 금천구 시흥동 905-2번지
11545,10300,0,0905,0003,,,일반건축물,단독주택,다가구주택(4가구),122.9,73.66,208.86,19960308,2,1,서울특별시 금천구 시흥동 905-3번지
11545,10300,0,0905,0004,,,일반건축물,제2종근린생활시설,"주택,근린생활시설,제2종근린생활시설",131.1,64.8,277.2,19901126,3,1,서울특별시 금천구 시흥동 905-4번지
11545,10300,0,0905,0005,,,일반건축물,단독주택,"주택, 점포",0,75.75,146.69,19751226,2,1,서울특별시 금천구 시흥동 905-5번지
11545,10300,0,0905,0006,,,일반건축물,단독주택,단독주택,118.9,58.9,176.79,19851109,2,1,서울특별시 금천구 시흥동 905-6번지
11545,10300,0,0905,0007,,,일반건축물,단독주택,단독주택,119.1,59.22,177.66,19850905,2,1,서울특별시 금천구 시흥동 905-7번지
11545,10300,0,0905,0008,,,일반건축물,제1종근린생활시설,"근린생활시설, 주택",138,68.11,214.23,19850820,2,1,서울특별시 금천구 시흥동 905-8번지
11545,10300,0,0905,0009,,,일반건축물,단독주택,주택및 제2종근린생활시설,136.1,75.87,150,19750715,2,1,서울특별시 금천구 시흥동 905-9번지
11545,10300,0,0905,0010,,,일반건축물,단독주택,단독주택,128.4,63.45,190.35,19850827,2,1,서울특별시 금천구 시흥동 905-10번지
11545,10300,0,0905,0011,,,일반건축물,단독주택,단독주택,125.7,62.46,187.38,19850902,2,1,서울특별시 금천구 시흥동 905-11번지
11545,10300,0,0905,0012,,,일반건축물,제1종근린생활시설,"주택, 점포,제1종근린생활시설(소매점)",0,87.6,162.87,19760103,2,1,서울특별시 금천구 시흥동 905-12번지
11545,10300,0,0905,0013,,,일반건축물,단독주택,"주택, 점포",0,100.69,225.21,19761213,2,1,서울특별시 금천구 시흥동 905-13번지
11545,10300,0,0905,0014,,,일반건축물,단독주택,주택,0,65.12,192.39,19821203,2,1,서울특별시 금천구 시흥동 905-14번지
11545,10300,0,0905,0015,,,일반건축물,단독주택,단독주택,127.8,63.1,186.3,19860816,2,1,서울특별시 금천구 시흥동 905-15번지
11545,10300,0,0905,0016,,,일반건축물,단독주택,단독주택,123,61.28,177.6,19871210,2,1,서울특별시 금천구 시흥동 905-16번지
11545,10300,0,0905,0017,,,일반건축물,단독주택,단독주택,126.2,73.92,264.12,20180426,3,1,서울특별시 금천구 시흥동 905-17번지
11545,10300,0,0905,0018,,,일반건축물,단독주택,주택,0,61.56,184.68,19850925,2,1,서울특별시 금천구 시흥동 905-18번지
11545,10300,0,0905,0019,뉴럭스빌,,일반건축물,단독주택,단독주택(다중주택),129.5,71.94,249.68,20160628,3,1,서울특별시 금천구 시흥동 905-19번지
11545,10300,0,0905,0020,,,일반건축물,단독주택,단독주택,127.5,76.3,270.06,20171025,3,1,서울특별시 금천구 시흥동 905-20번지
11545,10300,0,0905,0021,밀레니엄빌,,표제부,공동주택,다세대주택,247.9,147.34,506.25,20111005,5,0,서울특별시 금천구 시흥동 905-21번지
11545,10300,0,0905,0023,현진타운B,,표제부,공동주택,공동주택,242.2,144.45,482.93,20131220,5,0,서울특별시 금천구 시흥동 905-23번지
11545,10300,0,0905,0025,현진타운C,,표제부,공동주택,공동주택,267.8,156.15,534.12,20130115,5,0,서울특별시 금천구 시흥동 905-25번지
11545,10300,0,0905,0027,,,일반건축물,단독주택,주택,0,75.4,157.59,19751113,2,1,서울특별시 금천구 시흥동 905-27번지
11545,10300,0,0905,0028,,,일반건축물,단독주택,단독주택,132.7,79.2,299.5,20160425,3,1,서울특별시 금천구 시흥동 905-28번지
11545,10300,0,0905,0029,,,일반건축물,단독주택,"근린생활시설, 주택",155,91.8,340.65,19910713,3,1,서울특별시 금천구 시흥동 905-29번지
11545,10300,0,0905,0030,,,일반건축물,단독주택,주택,0,139.5,139.5,19681205,1,0,서울특별시 금천구 시흥동 905-30번지
11545,10300,0,0905,0030,,,일반건축물,단독주택,주택,0,86.05,168.64,19751211,2,1,서울특별시 금천구 시흥동 905-30번지
11545,10300,0,0905,0034,,,일반건축물,단독주택,다가구용 단독주택(5가구),174.8,99.6,292.68,19910805,2,1,서울특별시 금천구 시흥동 905-34번지
11545,10300,0,0905,0036,,,일반건축물,단독주택,다가구용 단독주택(7가구),132.9,79.01,226.25,19920327,2,1,서울특별시 금천구 시흥동 905-36번지
11545,10300,0,0905,0037,,,일반건축물,단독주택,주택,0,68.76,120.66,19770913,2,1,서울특별시 금천구 시흥동 905-37번지
11545,10300,0,0905,0038,,,일반건축물,단독주택,단독주택,117.5,58.41,175.23,19900920,2,1,서울특별시 금천구 시흥동 905-38번지
11545,10300,0,0905,0040,가온그린빌,,일반건축물,단독주택,"다가구주택, 근린생활시설",227.9,136.6,394.76,20210331,4,0,서울특별시 금천구 시흥동 905-40번지
11545,10300,0,0905,0047,,,일반건축물,단독주택,다가구용 단독주택,106.2,63.45,173.07,19921116,2,1,서울특별시 금천구 시흥동 905-47번지
11545,10300,0,0905,0048,,,일반건축물,단독주택,주택,0,48.89,146.67,19840605,2,1,서울특별시 금천구 시흥동 905-48번지
11545,10300,0,0905,0049,,,일반건축물,단독주택,주택,0,64.46,148.09,19791228,2,1,서울특별시 금천구 시흥동 905-49번지
11545,10300,0,0905,0050,건우로얄빌라,,표제부,공동주택,다세대주택,359,214.82,656.66,20020524,4,0,서울특별시 금천구 시흥동 905-50번지
11545,10300,0,0905,0050,,,일반건축물,단독주택,주택,0,96.2,220.17,19780304,2,1,서울특별시 금천구 시흥동 905-50번지
11545,10300,0,0905,0052,,,일반건축물,단독주택,"다가구주택(2가구),제1종근린생활시설",136.7,78.76,213.58,19780418,3,1,서울특별시 금천구 시흥동 905-52번지
11545,10300,0,0905,0053,,,일반건축물,단독주택,주택,0,64.13,159.66,19781223,2,1,서울특별시 금천구 시흥동 905-53번지
11545,10300,0,0905,0054,,,일반건축물,단독주택,"주택, 점포",0,165.29,527.94,19780525,3,1,서울특별시 금천구 시흥동 905-54번지
11545,10300,0,0905,0057,,,일반건축물,제1종근린생활시설,근린생활시설,182.1,80.79,245.64,19760619,3,1,서울특별시 금천구 시흥동 905-57번지
11545,10300,0,0905,0058,1,,일반건축물,제2종근린생활시설,"제1종.제2종근린생활시설,주택",165.9,99.34,383.01,20041029,3,1,서울특별시 금천구 시흥동 905-58번지
11545,10300,0,0905,0059,,,일반건축물,단독주택,다가구용 단독주택(5가구),119.3,71.5,188.54,19940119,2,1,서울특별시 금천구 시흥동 905-59번지
11545,10300,0,0905,0060,,,일반건축물,단독주택,주택,0,62.81,129.59,19780403,2,1,서울특별시 금천구 시흥동 905-60번지
11545,10300,0,0905,0062,,,일반건축물,단독주택,다가구용 단독주택(5가구),124.3,74.24,177.9,19930706,2,1,서울특별시 금천구 시흥동 905-62번지
11545,10300,0,0905,0063,,,일반건축물,단독주택,주택,0,73.75,154.11,19770507,2,1,서울특별시 금천구 시흥동 905-63번지
11545,10300,0,0905,0064,,,일반건축물,단독주택,"다가구용 단독주택(4가구), 근린생활시설",113.32,67.88,211.84,19940128,3,1,서울특별시 금천구 시흥동 905-64번지
11545,10300,0,0905,0065,,,일반건축물,단독주택,"다가구용 단독주택(4가구), 근린생활시설",111.18,66.07,211.59,19940409,3,1,서울특별시 금천구 시흥동 905-65번지
11545,10300,0,0905,0067,,,일반건축물,단독주택,단독주택,122.8,61.2,183.6,19850910,2,1,서울특별시 금천구 시흥동 905-67번지
11545,10300,0,0905,0068,,,일반건축물,단독주택,주택,0,70.98,91.41,19751126,1,1,서울특별시 금천구 시흥동 905-68번지
11545,10300,0,0905,0069,세명더클래스,,표제부,공동주택,공동주택,304.7,182.31,608.36,20130130,5,0,서울특별시 금천구 시흥동 905-69번지
11545,10300,0,0905,0071,현진타운A,,표제부,공동주택,공동주택(다세대주택),245,143.64,525.21,20120822,5,0,서울특별시 금천구 시흥동 905-71번지
11545,10300,0,0905,0073,,,일반건축물,단독주택,다가구용 단독주택(6가구),122.4,68.37,199.71,19910720,2,1,서울특별시 금천구 시흥동 905-73번지
11545,10300,0,0905,0074,,,일반건축물,단독주택,주택,0,69.95,145.46,19751121,2,1,서울특별시 금천구 시흥동 905-74번지
11545,10300,0,0905,0075,,,일반건축물,단독주택,단독주택,125.2,62.4,187.2,19890531,2,1,서울특별시 금천구 시흥동 905-75번지
11545,10300,0,0905,0076,태을명가8차,,일반건축물,단독주택,"단독주택, 제2종근린생활시설",120.5,70.05,214.4,20190925,3,1,서울특별시 금천구 시흥동 905-76번지
11545,10300,0,0905,0077,,,일반건축물,단독주택,다가구용 단독주택(5가구),117.6,66.15,198.45,19910909,2,1,서울특별시 금천구 시흥동 905-77번지
11545,10300,0,0905,0078,PARK TOWN,,일반건축물,단독주택,"단독주택, 2종근린생활시설",119,69.66,233.36,20210512,4,0,서울특별시 금천구 시흥동 905-78번지
11545,10300,0,0905,0079,하늘채,,표제부,공동주택,"도시형생활주택(단지형다세대주택),제1종근린생활시설",281.8,165.71,562.95,20160513,5,0,서울특별시 금천구 시흥동 905-79번지
11545,10300,0,0905,0081,,,일반건축물,단독주택,단독주택,133.6,66.45,199.35,19880624,2,1,서울특별시 금천구 시흥동 905-81번지
11545,10300,0,0905,0082,,,일반건축물,단독주택,다가구주택(6가구),130.9,78.32,264.02,19950506,3,1,서울특별시 금천구 시흥동 905-82번지
11545,10300,0,0905,0083,,,일반건축물,단독주택,주택,0,69.55,141.4,19751212,2,1,서울특별시 금천구 시흥동 905-83번지
11545,10300,0,0905,0084,태을명가11차,,일반건축물,단독주택,단독주택(다중주택),126.9,75.33,306.72,20201124,4,1,서울특별시 금천구 시흥동 905-84번지
11545,10300,0,0905,0085,,,일반건축물,단독주택,단독주택/근린생활시설,123.4,73.71,299.39,20170209,4,1,서울특별시 금천구 시흥동 905-85번지
11545,10300,0,0905,0086,,,일반건축물,단독주택,다가구용 단독주택(5가구),120.6,68.07,199.35,19920306,2,1,서울특별시 금천구 시흥동 905-86번지
11545,10300,0,0905,0087,,,일반건축물,단독주택,단독주택(2가구),122.8,73.56,217.56,19911228,2,1,서울특별시 금천구 시흥동 905-87번지
11545,10300,0,0905,0088,,,일반건축물,단독주택,주택,0,72.96,159.18,19760116,2,1,서울특별시 금천구 시흥동 905-88번지
11545,10300,0,0905,0089,,,일반건축물,단독주택,주택,120.1,70.94,168.59,19760126,3,1,서울특별시 금천구 시흥동 905-89번지
11545,10300,0,0905,0090,,,일반건축물,제1종근린생활시설,근린생활시설,291.1,144.6,599.7,19870715,3,1,서울특별시 금천구 시흥동 905-90번지
11545,10300,0,0905,0092,,,일반건축물,제2종근린생활시설,"주택, 사무실, 점포",0,149.16,315.28,19770520,2,1,서울특별시 금천구 시흥동 905-92번지
11545,10300,0,0905,0093,,,일반건축물,단독주택,단독주택(다중주택),122.4,73.06,272.14,20160502,3,1,서울특별시 금천구 시흥동 905-93번지
11545,10300,0,0905,0094,,,일반건축물,단독주택,주택,0,72.23,146.91,19760918,2,1,서울특별시 금천구 시흥동 905-94번지
11545,10300,0,0905,0095,,,일반건축물,단독주택,주택,0,80.23,131.7,19760528,2,1,서울특별시 금천구 시흥동 905-95번지
11545,10300,0,0905,0096,,,일반건축물,단독주택,단독주택,309.5,185.34,614.5,20170713,4,0,서울특별시 금천구 시흥동 905-96번지
11545,10300,0,0906,0001,한백빌,,표제부,공동주택,다세대주택(12세대)및근린생활시설,367.2,218.42,705.49,20110103,5,0,서울특별시 금천구 시흥동 906-1번지
11545,10300,0,0906,0002,,,일반건축물,단독주택,다가구용 단독주택(4가구),92.9,55.26,198.72,19930720,3,1,서울특별시 금천구 시흥동 906-2번지
11545,10300,0,0906,0003,현대가우스빌,,표제부,공동주택,공동주택(도시형생활주택),492.4,146.3,638.28,20120417,6,0,서울특별시 금천구 시흥동 906-3번지
11545,10300,0,0906,0003,현대가우스빌,,표제부,공동주택,공동주택(도시형생활주택),492.4,101.34,394.28,20120417,6,0,서울특별시 금천구 시흥동 906-3번지
11545,10300,0,0906,0006,.,,일반건축물,제2종근린생활시설,제1.2종근린생활시설,392.4,123.25,123.25,20080609,1,0,서울특별시 금천구 시흥동 906-6번지
11545,10300,0,0906,0008,,,일반건축물,제1종근린생활시설,근린생활시설,0,52.66,108.59,19760709,2,1,서울특별시 금천구 시흥동 906-8번지
11545,10300,0,0906,0009,,,일반건축물,제2종근린생활시설,근린생활시설(제조업),0,64.57,112.97,19721223,2,1,서울특별시 금천구 시흥동 906-9번지
11545,10300,0,0906,0010,,,일반건축물,단독주택,"근린생활시설, 주택",209.8,103.74,414.96,19870824,3,1,서울특별시 금천구 시흥동 906-10번지
11545,10300,0,0906,0011,,,일반건축물,단독주택,다가구주택,152.1,66.52,199.56,19871118,2,1,서울특별시 금천구 시흥동 906-11번지
11545,10300,0,0906,0012,,,일반건축물,단독주택,주택(3가구),147.7,73.8,221.4,19881202,2,1,서울특별시 금천구 시흥동 906-12번지
11545,10300,0,0906,0014,,,일반건축물,단독주택,단독주택,124,61.98,185.94,19881125,2,1,서울특별시 금천구 시흥동 906-14번지
11545,10300,0,0906,0015,,,일반건축물,제1종근린생활시설,"근린생활시설, 주택",211.8,104.82,425.76,19871123,3,1,서울특별시 금천구 시흥동 906-15번지
11545,10300,0,0906,0016,케이엠캐슬타운,,표제부,공동주택,공동주택(도시형생활주택(단지형다세대주택10세대)),0,183.01,639.98,20220713,5,0,서울특별시 금천구 시흥동 906-16번지
11545,10300,0,0906,0016,케이엠캐슬타운,,표제부,공동주택,공동주택(도시형생활주택(단지형다세대12세대)),0,186.24,645.65,20220713,5,0,서울특별시 금천구 시흥동 906-16번지
11545,10300,0,0906,0019,,,일반건축물,단독주택,단독주택,192.5,96.12,301.3,19881231,2,1,서울특별시 금천구 시흥동 906-19번지
11545,10300,0,0906,0020,,,일반건축물,단독주택,단독주택,187.6,85.59,243.09,19901210,2,1,서울특별시 금천구 시흥동 906-20번지
11545,10300,0,0906,0022,자이빌,,표제부,공동주택,다세대주택,214.3,127.44,445.42,20120403,5,0,서울특별시 금천구 시흥동 906-22번지
11545,10300,0,0907,0002,,,일반건축물,제2종근린생활시설,"주택,사무실,점포",230.9,136.17,295.89,19750320,3,1,서울특별시 금천구 시흥동 907-2번지
11545,10300,0,0907,0003,,,표제부,공동주택,"제2종근린생활시설,공동주택",210.9,123.04,562.12,20091229,5,1,서울특별시 금천구 시흥동 907-3번지
11545,10300,0,0907,0004,대양빌딩,,일반건축물,제1종근린생활시설,"제1종근린생활시설,제2종근린생활시설,단독주택",314.2,175.32,596.44,20170704,4,0,서울특별시 금천구 시흥동 907-4번지
11545,10300,0,0907,0005,,,일반건축물,제2종근린생활시설,근린생활시설,214.3,127.38,712.13,19970211,5,1,서울특별시 금천구 시흥동 907-5번지
11545,10300,0,0907,0006,,,표제부,공동주택,공동주택(다세대주택),205.3,117.03,334.07,20220215,5,0,서울특별시 금천구 시흥동 907-6번지
11545,10300,0,0907,0007,,,일반건축물,제2종근린생활시설,근린생활시설,0,104.13,312.39,19791120,2,1,서울특별시 금천구 시흥동 907-7번지
11545,10300,0,0907,0008,스위트하우스,,표제부,공동주택,다세대주택,374,224.26,658.7,20131028,5,0,서울특별시 금천구 시흥동 907-8번지
11545,10300,0,0907,0010,,,일반건축물,단독주택,주택,0,82.01,248.84,19880826,2,1,서울특별시 금천구 시흥동 907-10번지
11545,10300,0,0907,0011,,,일반건축물,단독주택,다가구용 단독주택(6가구),184.8,102.27,256.68,19931229,2,1,서울특별시 금천구 시흥동 907-11번지
11545,10300,0,0907,0012,,,일반건축물,단독주택,단독주택,153.6,72.15,208.17,19890320,2,1,서울특별시 금천구 시흥동 907-12번지
11545,10300,0,0907,0013,,,일반건축물,단독주택,단독주택,101.85,49.86,149.58,19890310,2,1,서울특별시 금천구 시흥동 907-13번지
11545,10300,0,0907,0014,,,일반건축물,자동차관련시설,자동차관련시설(세차장)제2종근린생활시설(수리점),161.2,70.04,84.88,20101220,2,0,서울특별시 금천구 시흥동 907-14번지
11545,10300,0,0907,0015,,,일반건축물,단독주택,"주택, 점포",0,54.55,114.72,19791105,2,1,서울특별시 금천구 시흥동 907-15번지
11545,10300,0,0907,0017,밀레니엄,,표제부,공동주택,다세대주택/제1종근린생활시설(소매점),338.9,202.97,630.25,20111202,5,0,서울특별시 금천구 시흥동 907-17번지
11545,10300,0,0907,0020,,,일반건축물,단독주택,"(제2종)근린생활시설, 단독주택",197.6,118.17,550.53,19941206,4,1,서울특별시 금천구 시흥동 907-20번지
11545,10300,0,0907,0021,,,일반건축물,단독주택,다가구용 단독주택,144.9,86.29,236.88,19940812,2,1,서울특별시 금천구 시흥동 907-21번지
11545,10300,0,0907,0022,,,일반건축물,단독주택,다가구용 단독주택(5가구),146.6,86.59,218.7,19931221,2,1,서울특별시 금천구 시흥동 907-22번지
11545,10300,0,0907,0023,,,일반건축물,단독주택,다가구용 단독주택(5가구),159.9,95.82,256.86,19930417,2,1,서울특별시 금천구 시흥동 907-23번지
11545,10300,0,0907,0024,,,일반건축물,단독주택,다가구용 단독주택(7가구),207.1,124.23,324.6,19921217,2,1,서울특별시 금천구 시흥동 907-24번지
11545,10300,0,0907,0025,,,표제부,공동주택,다세대주택,158.6,95.01,297.57,19921210,3,1,서울특별시 금천구 시흥동 907-25번지
11545,10300,0,0907,0026,,,일반건축물,단독주택,주택,0,62.48,137.19,19781014,2,1,서울특별시 금천구 시흥동 907-26번지
11545,10300,0,0907,0027,,,일반건축물,단독주택,주택,0,59.17,139.5,19780726,2,1,서울특별시 금천구 시흥동 907-27번지
11545,10300,0,0907,0028,,,일반건축물,단독주택,다가구용 단독주택(5가구),133.4,79.04,224.82,19930901,2,1,서울특별시 금천구 시흥동 907-28번지
11545,10300,0,0907,0029,,,일반건축물,단독주택,"다가구주택,근린생활시설",183.7,106.91,508.7,20040303,5,0,서울특별시 금천구 시흥동 907-29번지
11545,10300,0,0907,0031,,,일반건축물,단독주택,"주택, 점포",0,75.04,158.68,19791226,2,1,서울특별시 금천구 시흥동 907-31번지
11545,10300,0,0907,0032,,,일반건축물,단독주택,주택,0,78.68,162.98,19781230,2,1,서울특별시 금천구 시흥동 907-32번지
11545,10300,0,0907,0033,,,일반건축물,단독주택,다가구용 단독주택(6가구),156.9,93.05,237.45,19940126,2,1,서울특별시 금천구 시흥동 907-33번지
11545,10300,0,0907,0034,,,일반건축물,단독주택,주택,0,79.67,173.24,19800319,2,1,서울특별시 금천구 시흥동 907-34번지
11545,10300,0,0907,0035,,,일반건축물,단독주택,다가구용 단독주택(8가구),200.2,120.08,329.04,19940930,2,1,서울특별시 금천구 시흥동 907-35번지
11545,10300,0,0907,0036,,,일반건축물,제1종근린생활시설,근린생활시설(소매점),147.5,33.66,128.91,19951101,1,1,서울특별시 금천구 시흥동 907-36번지
11545,10300,0,0907,0037,,,일반건축물,제2종근린생활시설,"근린생활시설, 도서실, 사무실, 제과점, 주택",0,193.05,759.99,19800704,3,1,서울특별시 금천구 시흥동 907-37번지
11545,10300,0,0907,0038,,,일반건축물,단독주택,단독주택,140,63.72,182.16,19890321,2,1,서울특별시 금천구 시흥동 907-38번지
11545,10300,0,0908,0000,,,일반건축물,제1종근린생활시설,"의원, 사무실, 점포.다가구주택,제2종근린생활시설",307.82,175.39,611.31,19800119,3,1,서울특별시 금천구 시흥동 908번지
11545,10300,0,0908,0001,플로체,,표제부,공동주택,"제2종근린생활시설,공동주택(도시형생활주택)",226.6,135.07,452.64,20200205,5,0,서울특별시 금천구 시흥동 908-1번지
11545,10300,0,0908,0002,,,일반건축물,단독주택,"주택, 점포,제2종근린생활시설",0,85.55,168.92,19770620,2,1,서울특별시 금천구 시흥동 908-2번지
11545,10300,0,0908,0004,,,일반건축물,단독주택,단독주택,98,48.66,145.98,19901228,2,1,서울특별시 금천구 시흥동 908-4번지
11545,10300,0,0908,0005,,,일반건축물,단독주택,단독주택,97.4,48.66,145.98,19910325,2,1,서울특별시 금천구 시흥동 908-5번지
11545,10300,0,0908,0006,,,일반건축물,단독주택,"주택, 점포",0,72.82,141.35,19751217,2,1,서울특별시 금천구 시흥동 908-6번지
11545,10300,0,0908,0007,,,일반건축물,제2종근린생활시설,"(제2종)근린생활시설, 단독주택",401.6,196.36,974.82,19801015,4,1,서울특별시 금천구 시흥동 908-7번지
11545,10300,0,0908,0009,설아아트빌,,일반건축물,단독주택,"단독주택,제2종근린생활시설",158.5,94.8,298.91,20180213,5,0,서울특별시 금천구 시흥동 908-9번지
11545,10300,0,0908,0010,,,일반건축물,단독주택,단독주택,99.7,49.8,149.4,19890529,2,1,서울특별시 금천구 시흥동 908-10번지
11545,10300,0,0908,0010,,,일반건축물,단독주택,주택,0,63.04,63.04,19890529,1,0,서울특별시 금천구 시흥동 908-10번지
11545,10300,0,0908,0010,,,일반건축물,단독주택,주택,0,38.15,38.15,19890529,1,0,서울특별시 금천구 시흥동 908-10번지
11545,10300,0,0908,0012,드림파크빌,,표제부,공동주택,공동주택(근생 및 다세대주택),322.5,193.15,632.07,20221006,5,0,서울특별시 금천구 시흥동 908-12번지
11545,10300,0,0908,0013,,,일반건축물,단독주택,단독주택,85.7,31.95,95.85,19890220,2,1,서울특별시 금천구 시흥동 908-13번지
11545,10300,0,0908,0014,,,일반건축물,제2종근린생활시설,근린생활시설,292.3,140.42,140.42,19921107,1,0,서울특별시 금천구 시흥동 908-14번지
11545,10300,0,0908,0015,,,일반건축물,제2종근린생활시설,"제1,2종근린생활시설",346.8,172.93,188.8,19710721,1,1,서울특별시 금천구 시흥동 908-15번지
11545,10300,0,0908,0016,,,일반건축물,제2종근린생활시설,"근린생활시설, 주택",295.4,146.26,925.84,19910111,5,1,서울특별시 금천구 시흥동 908-16번지
11545,10300,0,0908,0018,,,일반건축물,단독주택,주택,0,57.84,173.52,19830613,2,1,서울특별시 금천구 시흥동 908-18번지
11545,10300,0,0908,0019,,,일반건축물,단독주택,주택,89.04,44.28,132.84,19881004,2,1,서울특별시 금천구 시흥동 908-19번지
11545,10300,0,0908,0020,,,일반건축물,단독주택,주택,0,54.99,164.97,19880812,2,1,서울특별시 금천구 시흥동 908-20번지
11545,10300,0,0908,0021,쌩긋하우스,,일반건축물,단독주택,"주택,근린생활시설",93.3,86.28,172.56,19710513,2,0,서울특별시 금천구 시흥동 908-21번지
11545,10300,0,0908,0022,,,일반건축물,제2종근린생활시설,제2종근린생활시설,217.7,93.83,440.19,19831129,4,1,서울특별시 금천구 시흥동 908-22번지
11545,10300,0,0908,0024,대성빌딩,,일반건축물,제2종근린생활시설,제2종근린생활시설,461.8,235.37,1072.64,19781024,4,1,서울특별시 금천구 시흥동 908-24번지
11545,10300,0,0908,0027,,,일반건축물,단독주택,단독주택,109.47,54.47,163.41,19870530,2,1,서울특별시 금천구 시흥동 908-27번지
11545,10300,0,0908,0028,,,일반건축물,단독주택,단독주택,135.56,67.7,201,19870808,2,1,서울특별시 금천구 시흥동 908-28번지
11545,10300,0,0908,0029,,,일반건축물,단독주택,다가구용 단독주택(4가구),0,55.32,160.08,19920729,2,1,서울특별시 금천구 시흥동 908-29번지
11545,10300,0,0908,0030,,,일반건축물,단독주택,단독주택,125.9,62.76,192.78,19860704,2,1,서울특별시 금천구 시흥동 908-30번지
11545,10300,0,0908,0031,,,일반건축물,단독주택,단독주택,108.3,53.94,161.82,19860923,2,1,서울특별시 금천구 시흥동 908-31번지
11545,10300,0,0908,0034,,,일반건축물,단독주택,단독주택,110.9,55.14,165.42,19870523,2,1,서울특별시 금천구 시흥동 908-34번지
11545,10300,0,0908,0036,,,일반건축물,단독주택,주택,165.8,80.41,241.23,19840407,2,1,서울특별시 금천구 시흥동 908-36번지
11545,10300,0,0908,0037,,,일반건축물,제1종근린생활시설,"근린생활시설, 주택",405.05,113.4,453.6,19851026,3,1,서울특별시 금천구 시흥동 908-37번지
11545,10300,0,0908,0038,,,일반건축물,제2종근린생활시설,"근린생활시설,제2종근린생활시설(수리점)",196,76.82,76.82,19941101,1,0,서울특별시 금천구 시흥동 908-38번지
11545,10300,0,0908,0039,,,일반건축물,단독주택,"근린생활시설, 다가구용단독주택(3가구)",96.3,56.89,219.88,19930827,3,1,서울특별시 금천구 시흥동 908-39번지
11545,10300,0,0908,0041,,,일반건축물,단독주택,주택,165.8,80.32,240.96,19831231,2,1,서울특별시 금천구 시흥동 908-41번지
11545,10300,0,0908,0042,,,일반건축물,단독주택,단독주택,109.1,48.99,146.97,19860923,2,1,서울특별시 금천구 시흥동 908-42번지
11545,10300,0,0908,0043,,,표제부,공동주택,다세대주택,159,94.91,317.22,20020718,5,0,서울특별시 금천구 시흥동 908-43번지
11545,10300,0,0909,0001,,,일반건축물,제2종근린생활시설,"근린생활시설, 주택",341.65,169.86,746.04,19850906,3,1,서울특별시 금천구 시흥동 909-1번지
11545,10300,0,0909,0002,,,일반건축물,단독주택,주택(3가구),173.55,85.33,246.24,19881017,2,1,서울특별시 금천구 시흥동 909-2번지
11545,10300,0,0909,0003,,,일반건축물,단독주택,주택,0,72.06,216.18,19831102,2,1,서울특별시 금천구 시흥동 909-3번지
11545,10300,0,0909,0003,,,일반건축물,단독주택,"주택,제2종근린생활시설",281.9,59.76,179.28,19831102,2,1,서울특별시 금천구 시흥동 909-3번지
11545,10300,0,0909,0005,삭암빌딩,,일반건축물,제2종근린생활시설,제1종.제2종근린생활시설,259.9,143.95,919.2,20050310,7,1,서울특별시 금천구 시흥동 909-5번지
11545,10300,0,0909,0007,PNC,,일반건축물,제2종근린생활시설,제2종근린생활시설,60.3,36.09,36.09,20201216,1,0,서울특별시 금천구 시흥동 909-7번지
11545,10300,0,0909,0008,,,일반건축물,제1종근린생활시설,"근린생활시설, 주택",189.63,94.23,413.06,19871223,3,1,서울특별시 금천구 시흥동 909-8번지
11545,10300,0,0909,0009,,,일반건축물,단독주택,단독주택,237.6,82.26,246.78,19890810,2,1,서울특별시 금천구 시흥동 909-9번지
11545,10300,0,0909,0010,,,일반건축물,단독주택,주택,144.34,70.86,212.58,19840519,2,1,서울특별시 금천구 시흥동 909-10번지
11545,10300,0,0909,0014,,,일반건축물,제2종근린생활시설,"제1,2종근린생활시설",131.17,65.12,299.94,19940831,4,1,서울특별시 금천구 시흥동 909-14번지
11545,10300,0,0909,0015,,,일반건축물,단독주택,"주택, 점포",0,82.28,155.07,19750903,2,0,서울특별시 금천구 시흥동 909-15번지
11545,10300,0,0909,0022,,,일반건축물,단독주택,"주택, 점포",0,90.36,163.32,19731016,2,1,서울특별시 금천구 시흥동 909-22번지
11545,10300,0,0909,0024,,,일반건축물,제1종근린생활시설,근린생활시설,464.4,289.09,860.15,19731017,4,1,서울특별시 금천구 시흥동 909-24번지
11545,10300,0,0909,0025,,,일반건축물,제1종근린생활시설,제1종근린생활시설(소매점),92.3,61.02,122.04,19691120,2,0,서울특별시 금천구 시흥동 909-25번지
11545,10300,0,0909,0026,,,일반건축물,제2종근린생활시설,"(제2종)근린생활시설,주택",344,171.96,870.17,19780727,5,1,서울특별시 금천구 시흥동 909-26번지
11545,10300,0,0909,0032,,,일반건축물,단독주택,근린생활시설 및 주택,166.1,83,337.65,19900109,3,1,서울특별시 금천구 시흥동 909-32번지
11545,10300,0,0909,0034,시흥119안전센터,,일반건축물,제1종근린생활시설,제1종근린생활시설,315,167.19,267.76,20110110,2,1,서울특별시 금천구 시흥동 909-34번지
11545,10300,0,0909,0036,,,일반건축물,제1종근린생활시설,근린생활시설,308.69,154.32,756,19951208,5,0,서울특별시 금천구 시흥동 909-36번지
11545,10300,0,0909,0037,,,일반건축물,단독주택,주택,0,79.9,164.53,19751217,2,1,서울특별시 금천구 시흥동 909-37번지
11545,10300,0,0909,0038,라온빌,,일반건축물,단독주택,"제2종근린생활시설,다가구주택",181,107.95,361.59,20180917,5,0,서울특별시 금천구 시흥동 909-38번지
11545,10300,0,0909,0039,,,일반건축물,단독주택,단독주택,71.9,44.32,132.51,19890803,2,1,서울특별시 금천구 시흥동 909-39번지
11545,10300,0,0909,0040,,,일반건축물,단독주택,다가구용 단독주택(5가구),99.1,56.78,159.19,19900724,2,1,서울특별시 금천구 시흥동 909-40번지
11545,10300,0,0909,0041,,,일반건축물,단독주택,단독주택,93.7,46.8,140.4,19900522,2,1,서울특별시 금천구 시흥동 909-41번지
11545,10300,0,0909,0042,,,일반건축물,단독주택,다가구용단독주택(4가구),87.56,52.4,146.7,19901023,2,1,서울특별시 금천구 시흥동 909-42번지
11545,10300,0,0909,0043,,,일반건축물,단독주택,단독주택,91.45,45.6,140.48,19890803,2,1,서울특별시 금천구 시흥동 909-43번지
11545,10300,0,0909,0044,,,일반건축물,단독주택,단독주택,99.6,49.17,151.71,19890629,2,1,서울특별시 금천구 시흥동 909-44번지
11545,10300,0,0909,0046,,,일반건축물,단독주택,단독주택,104.8,52.05,155.76,19890906,2,1,서울특별시 금천구 시흥동 909-46번지
11545,10300,0,0909,0047,,,일반건축물,단독주택,다가구용 단독주택(5가구),0,55.43,167.04,19920727,2,1,서울특별시 금천구 시흥동 909-47번지
11545,10300,0,0909,0048,,,일반건축물,단독주택,다가구용 단독주택(4가구),0,63.2,191.56,19920721,2,1,서울특별시 금천구 시흥동 909-48번지
11545,10300,0,0909,0049,,,일반건축물,단독주택,다가구용 단독주택(6가구),0,72.58,217.74,19920721,2,1,서울특별시 금천구 시흥동 909-49번지
11545,10300,0,0909,0050,,,일반건축물,제2종근린생활시설,"제1,2종근린생활시설, 주택",0,153.12,851.75,19920103,4,1,서울특별시 금천구 시흥동 909-50번지
11545,10300,0,0909,0051,,,일반건축물,제1종근린생활시설,"점포,제1,2종근린생활시설",0,44.3,151.41,19821108,2,1,서울특별시 금천구 시흥동 909-51번지
11545,10300,0,0909,0052,,,일반건축물,자동차관련시설,근린생활(소매점),240.9,105.14,105.14,19930827,1,0,서울특별시 금천구 시흥동 909-52번지
11545,10300,0,0909,0059,,,일반건축물,단독주택,단독주택,119,59.49,181.77,19880729,2,1,서울특별시 금천구 시흥동 909-59번지
11545,10300,0,0909,0060,,,일반건축물,단독주택,단독주택,112.3,55.74,167.22,19880822,2,1,서울특별시 금천구 시흥동 909-60번지
11545,10300,0,0910,0000,유영팰리스,,표제부,업무시설,"업무시설,도시형생활주택, 제1종근린생활시설,제2종근린생활시설",333.1,196.99,1419.74,20130201,7,1,서울특별시 금천구 시흥동 910번지
11545,10300,0,0910,0004,,,일반건축물,제2종근린생활시설,"제1,2종근린생활시설",72.3,32.7,69.93,19721120,2,0,서울특별시 금천구 시흥동 910-4번지
11545,10300,0,0910,0005,시흥5동 복합청사,,일반건축물,업무시설,업무시설,763.7,446.76,3057.9,20220321,6,2,서울특별시 금천구 시흥동 910-5번지
11545,10300,0,0910,0007,,,일반건축물,단독주택,다가구용 단독주택(5가구),211.1,126.61,329.73,19960617,2,1,서울특별시 금천구 시흥동 910-7번지
11545,10300,0,0910,0009,럭스타워,,일반건축물,업무시설,"업무시설, 제1,2종근린생활시설",489.5,293.55,1769.22,20140127,7,1,서울특별시 금천구 시흥동 910-9번지
11545,10300,0,0910,0011,리체아트빌,,표제부,공동주택,"도시형생활주택(단지형다세대),제1종근린생활시설",414.5,144.71,563.94,20160502,5,0,서울특별시 금천구 시흥동 910-11번지
11545,10300,0,0910,0011,리체아트빌,,표제부,제1종근린생활시설,"도시형생활주택(단지형다세대),제1종근린생활시설",414.5,100.05,432.66,20160502,5,0,서울특별시 금천구 시흥동 910-11번지
11545,10300,0,0910,0013,금강파크빌 씨동,,표제부,공동주택,도시형생활주택(단지형다세대),174.9,104.78,410.81,20141015,6,0,서울특별시 금천구 시흥동 910-13번지
11545,10300,0,0910,0014,노벨리온B동,,표제부,공동주택,공동주택,178.9,106.72,448,20250514,6,1,서울특별시 금천구 시흥동 910-14번지
11545,10300,0,0910,0015,,,일반건축물,제1종근린생활시설,"주택, 근린생활시설",0,81.7,343.84,19840828,3,1,서울특별시 금천구 시흥동 910-15번지
11545,10300,0,0910,0016,노벨리온A,,표제부,공동주택,공동주택,182.7,108.52,456.1,20230530,6,0,서울특별시 금천구 시흥동 910-16번지
11545,10300,0,0910,0017,,,일반건축물,제2종근린생활시설,"제2종근린생활시설,단독주택",165,82.17,246.51,19881208,2,1,서울특별시 금천구 시흥동 910-17번지
11545,10300,0,0910,0018,,,일반건축물,제2종근린생활시설,근린생활시설,262,130.94,494.88,19881209,3,1,서울특별시 금천구 시흥동 910-18번지
11545,10300,0,0910,0019,,,표제부,공동주택,다세대주택(6세대),165.2,80.8,242.4,19870804,2,1,서울특별시 금천구 시흥동 910-19번지
11545,10300,0,0910,0020,,,표제부,공동주택,다세대주택(6세대),185.1,81.63,244.89,19870804,2,1,서울특별시 금천구 시흥동 910-20번지
11545,10300,0,0911,0000,,,일반건축물,제1종근린생활시설,제1종근린생활시설(소매점),105.7,0,318.72,19710515,3,0,서울특별시 금천구 시흥동 911번지
11545,10300,0,0911,0001,,,일반건축물,제1종근린생활시설,근린생활시설,0,54.21,113.38,19821116,2,1,서울특별시 금천구 시흥동 911-1번지
11545,10300,0,0911,0002,,,일반건축물,근린생활시설,근린생활시설,0,0,111.62,19760525,2,1,서울특별시 금천구 시흥동 911-2번지
11545,10300,0,0911,0003,,,일반건축물,근린생활시설,"근린생활시설, 주택",92.2,53.92,267.59,19851223,4,1,서울특별시 금천구 시흥동 911-3번지
11545,10300,0,0911,0004,,,일반건축물,제2종근린생활시설,제2종근린생활시설,134.7,63.8,148.43,19810512,2,1,서울특별시 금천구 시흥동 911-4번지
11545,10300,0,0911,0005,,,일반건축물,단독주택,단독주택,174.1,80.28,224.76,19881220,2,1,서울특별시 금천구 시흥동 911-5번지
11545,10300,0,0911,0006,,,일반건축물,제1종근린생활시설,"주택, 점포",0,93.85,238.97,19710113,2,1,서울특별시 금천구 시흥동 911-6번지
11545,10300,0,0911,0007,,,일반건축물,제1종근린생활시설,제1.2종근린생활시설,0,167.93,503.79,19811002,2,1,서울특별시 금천구 시흥동 911-7번지
11545,10300,0,0911,0008,,,일반건축물,단독주택,단독주택,122.4,60.7,182.1,19871028,2,1,서울특별시 금천구 시흥동 911-8번지
11545,10300,0,0911,0009,,,일반건축물,단독주택,단독주택,102,50.97,152.91,19871117,2,1,서울특별시 금천구 시흥동 911-9번지
11545,10300,0,0911,0010,,,일반건축물,단독주택,"단독주택,제2종근린생활시설",108.6,54.2,162.6,19900807,2,1,서울특별시 금천구 시흥동 911-10번지
11545,10300,0,0911,0012,드림하우스,,표제부,공동주택,도시형생활주택(단지형다세대),237.2,138.77,655.99,20140321,6,0,서울특별시 금천구 시흥동 911-12번지
11545,10300,0,0911,0014,동원빌딩,,일반건축물,제2종근린생활시설,"일반음식점,게임제공업소,노래연습장,단독주택",339.3,202.44,738,20031231,4,0,서울특별시 금천구 시흥동 911-14번지
11545,10300,0,0911,0015,정우펠리스,,표제부,공동주택,"공동주택,제1종2종근린생활시설,업무시설",323.4,193.95,1125.36,20170913,7,1,서울특별시 금천구 시흥동 911-15번지
11545,10300,0,0911,0016,이엠하우스,,표제부,공동주택,"도시형생활주택(단지형다세대주택),업무시설(오피스텔)",333.6,197.75,933.5,20140820,7,0,서울특별시 금천구 시흥동 911-16번지
11545,10300,0,0911,0018,,,일반건축물,제2종근린생활시설,"근린생활시설, 다가구주택",296.8,168.15,721.37,20031106,5,0,서울특별시 금천구 시흥동 911-18번지
11545,10300,0,0911,0020,백운우리빌,,표제부,공동주택,"다세대주택,오피스텔,근린생활시설",473.8,278.7,2257.86,20161111,7,2,서울특별시 금천구 시흥동 911-20번지
11545,10300,0,0912,0000,엘림,,일반건축물,제2종근린생활시설,제2종근린생활시설,131.2,78.64,261.9,20110620,5,0,서울특별시 금천구 시흥동 912번지
11545,10300,0,0912,0008,,,일반건축물,제2종근린생활시설,"제2종근린생활시설,주택",0,64.46,156.36,19781226,2,1,서울특별시 금천구 시흥동 912-8번지
11545,10300,0,0912,0013,,,일반건축물,단독주택,주택,0,62.48,105.46,19790927,1,1,서울특별시 금천구 시흥동 912-13번지
11545,10300,0,0912,0015,,,일반건축물,단독주택,"주택, 근린생활시설",0,85.68,363.72,19890909,3,1,서울특별시 금천구 시흥동 912-15번지
11545,10300,0,0912,0016,모던빌,,표제부,공동주택,다세대주택,247.8,148.47,495.2,20130827,5,0,서울특별시 금천구 시흥동 912-16번지
11545,10300,0,0912,0019,,,일반건축물,단독주택,"주택,근린생활시설",199.5,98.5,383.87,19891013,3,1,서울특별시 금천구 시흥동 912-19번지
11545,10300,0,0912,0020,에벤에셀프라자,,표제부,제2종근린생활시설,"(제1,2종)근린생활시설, 공동주택, 관람집회, 교육연구, 업무,운동시설,판매시설",2568.53,1408.15,12124.8,19970630,11,2,서울특별시 금천구 시흥동 912-20번지
11545,10300,0,0913,0000,,,일반건축물,단독주택,"근린생활시설, 주택",98.3,49.05,177.39,19881020,3,1,서울특별시 금천구 시흥동 913번지
11545,10300,0,0913,0001,,,일반건축물,제1종근린생활시설,"근린생활시설, 주택",107.4,53.12,178.56,19890930,3,1,서울특별시 금천구 시흥동 913-1번지
11545,10300,0,0913,0002,,,일반건축물,단독주택,다가구주택,132.4,78.79,223.59,20020726,3,0,서울특별시 금천구 시흥동 913-2번지
11545,10300,0,0913,0003,,,일반건축물,단독주택,다가구주택(3가구),120,71.51,207.96,20021126,3,0,서울특별시 금천구 시흥동 913-3번지
11545,10300,0,0913,0004,포그니빌5,,표제부,공동주택,공동주택(도시형생활주택),220.5,131.1,434.34,20210806,5,0,서울특별시 금천구 시흥동 913-4번지
11545,10300,0,0913,0006,,,일반건축물,단독주택,주택,0,56,168,19851120,2,1,서울특별시 금천구 시흥동 913-6번지
11545,10300,0,0913,0007,,,일반건축물,단독주택,주택,0,67.34,202.02,19830604,2,1,서울특별시 금천구 시흥동 913-7번지
11545,10300,0,0914,0000,,,일반건축물,단독주택,단독주택,135.7,67.68,203.04,19880711,2,1,서울특별시 금천구 시흥동 914번지
11545,10300,0,0914,0001,첼시하우스9,,표제부,공동주택,공동주택,394.04,234.26,659.7,20220126,5,0,서울특별시 금천구 시흥동 914-1번지
11545,10300,0,0914,0003,,,일반건축물,단독주택,단독주택,134.4,66.96,200.88,19851211,2,1,서울특별시 금천구 시흥동 914-3번지
11545,10300,0,0914,0004,,,일반건축물,단독주택,단독주택,220.2,105.7,317.1,19871110,2,1,서울특별시 금천구 시흥동 914-4번지
11545,10300,0,0914,0006,,,일반건축물,단독주택,주택,0,48.6,130.14,19830913,2,1,서울특별시 금천구 시흥동 914-6번지
11545,10300,0,0914,0006,,,일반건축물,단독주택,주택,0,48.6,113.4,19830913,2,1,서울특별시 금천구 시흥동 914-6번지
11545,10300,0,0914,0007,,,일반건축물,단독주택,단독주택,160.22,80.01,240.03,19900801,2,1,서울특별시 금천구 시흥동 914-7번지
11545,10300,0,0914,0011,늘해랑,,표제부,공동주택,공동주택(단지형다세대주택),639.9,190.9,641.8,20160909,6,0,서울특별시 금천구 시흥동 914-11번지
11545,10300,0,0914,0011,늘해랑,,표제부,공동주택,공동주택(단지형다세대주택),639.9,164.11,636.8,20160909,6,0,서울특별시 금천구 시흥동 914-11번지
11545,10300,0,0914,0012,,,일반건축물,단독주택,다가구 주택(6가구),168.7,101.13,272.58,19960208,2,1,서울특별시 금천구 시흥동 914-12번지
11545,10300,0,0914,0013,약수타운,,표제부,공동주택,연립주택,675.3,299.01,1370.53,19940413,4,1,서울특별시 금천구 시흥동 914-13번지
11545,10300,0,0914,0014,,,일반건축물,단독주택,다가구주택(4가구),166.8,86.65,259.67,19920530,2,1,서울특별시 금천구 시흥동 914-14번지
11545,10300,0,0914,0015,,,일반건축물,단독주택,단독주택,63.24,31.5,94.5,19910227,2,1,서울특별시 금천구 시흥동 914-15번지
11545,10300,0,0915,0000,,,일반건축물,제2종근린생활시설,"근린생활시설, 단독주택",185.1,91.89,378.17,19931111,3,1,서울특별시 금천구 시흥동 915번지
11545,10300,0,0915,0002,,,일반건축물,단독주택,단독주택,124.8,62.1,186.3,19891206,2,1,서울특별시 금천구 시흥동 915-2번지
11545,10300,0,0915,0003,리첸시아,,표제부,공동주택,공동주택(다세대주택),131.2,73.96,259.49,20090416,5,0,서울특별시 금천구 시흥동 915-3번지
11545,10300,0,0915,0004,현대아트빌리지,,표제부,공동주택,다세대주택,120.5,72.22,283.1,20020527,5,0,서울특별시 금천구 시흥동 915-4번지
11545,10300,0,0915,0005,현대아트빌리지,,표제부,공동주택,다세대주택,239.2,143.54,571.15,20020528,5,0,서울특별시 금천구 시흥동 915-5번지
11545,10300,0,0915,0006,,,일반건축물,단독주택,단독주택,127.2,63.36,190.08,19881101,2,1,서울특별시 금천구 시흥동 915-6번지
11545,10300,0,0915,0007,,,일반건축물,단독주택,다가구용 단독주택(5가구),128.3,76.95,210.33,19921017,2,1,서울특별시 금천구 시흥동 915-7번지
11545,10300,0,0915,0008,,,일반건축물,단독주택,단독주택,148.7,74.3,222.9,19870813,2,1,서울특별시 금천구 시흥동 915-8번지
11545,10300,0,0915,0009,,,일반건축물,단독주택,단독주택,160.3,80.14,240.42,19881226,2,1,서울특별시 금천구 시흥동 915-9번지
11545,10300,0,0915,0010,,,일반건축물,단독주택,주택,0,54.98,113.12,19770610,2,1,서울특별시 금천구 시흥동 915-10번지
11545,10300,0,0915,0011,,,일반건축물,단독주택,주택,0,56.26,114.25,19770610,2,1,서울특별시 금천구 시흥동 915-11번지
11545,10300,0,0915,0012,,,표제부,공동주택,주택,0,81.98,193.05,19801212,2,1,서울특별시 금천구 시흥동 915-12번지
11545,10300,0,0915,0013,,,일반건축물,단독주택,주택,0,74.05,162.98,19780926,2,1,서울특별시 금천구 시흥동 915-13번지
11545,10300,0,0915,0015,포그니빌6,,표제부,공동주택,다세대주택,314.5,185.01,628.1,20211111,5,0,서울특별시 금천구 시흥동 915-15번지
11545,10300,0,0915,0016,,,일반건축물,단독주택,"근린생활시설, 다가구주택(2가구)",110.9,65.94,169.02,19930407,3,0,서울특별시 금천구 시흥동 915-16번지
11545,10300,0,0915,0018,,,표제부,공동주택,다세대주택(5세대),204.9,89.26,339.35,19950222,3,1,서울특별시 금천구 시흥동 915-18번지
11545,10300,0,0915,0019,,,일반건축물,단독주택,다가구용 단독주택(8가구),212.8,127.51,326.02,19941004,2,1,서울특별시 금천구 시흥동 915-19번지
11545,10300,0,0915,0021,,,일반건축물,단독주택,"근린생활시설, 주택",125.7,77.69,162.19,19741230,2,1,서울특별시 금천구 시흥동 915-21번지
11545,10300,0,0915,0024,,,일반건축물,단독주택,다가구용 단독주택(6가구),131,66.64,199.92,19910617,2,1,서울특별시 금천구 시흥동 915-24번지
11545,10300,0,0915,0025,,,일반건축물,단독주택,다가구주택,134.5,73.92,244.97,19901229,3,1,서울특별시 금천구 시흥동 915-25번지
11545,10300,0,0916,0000,,,일반건축물,단독주택,"근린생활시설, 주택",99.7,58.57,175.71,19910723,2,1,서울특별시 금천구 시흥동 916번지
11545,10300,0,0916,0001,,,일반건축물,단독주택,단독주택,104.2,52,156,19880104,2,1,서울특별시 금천구 시흥동 916-1번지
11545,10300,0,0916,0002,,,일반건축물,단독주택,"단독주택,제2종근린생활시설",160.1,79.83,239.49,19851028,2,1,서울특별시 금천구 시흥동 916-2번지
11545,10300,0,0916,0003,,,일반건축물,단독주택,단독주택,114.8,57.33,171.99,19890130,2,1,서울특별시 금천구 시흥동 916-3번지
11545,10300,0,0916,0004,,,일반건축물,단독주택,단독주택,100.1,49.78,149.34,19890118,2,1,서울특별시 금천구 시흥동 916-4번지
11545,10300,0,0916,0006,,,일반건축물,단독주택,주택,0,49.78,149.34,19890118,2,1,서울특별시 금천구 시흥동 916-6번지
11545,10300,0,0916,0007,,,일반건축물,단독주택,단독주택,115.3,57.33,171.99,19890118,2,1,서울특별시 금천구 시흥동 916-7번지
11545,10300,0,0916,0008,,,표제부,공동주택,다세대주택(9세대),349.8,167.5,649.7,19960828,4,1,서울특별시 금천구 시흥동 916-8번지
11545,10300,0,0916,0009,,,일반건축물,단독주택,다가구용 단독주택(5가구),174.7,104.63,297.99,19961226,2,1,서울특별시 금천구 시흥동 916-9번지
11545,10300,0,0916,0010,,,일반건축물,단독주택,다가구용 단독주택(5가구),132.8,69.2,198.9,19910701,2,1,서울특별시 금천구 시흥동 916-10번지
11545,10300,0,0916,0011,,,일반건축물,단독주택,다가구용 단독주택(3가구),118.3,70.35,189.95,19970213,2,1,서울특별시 금천구 시흥동 916-11번지
11545,10300,0,0916,0013,,,일반건축물,단독주택,다가구용 단독주택(3가구),122.2,73.12,219.36,19960919,2,1,서울특별시 금천구 시흥동 916-13번지
11545,10300,0,0916,0014,,,일반건축물,단독주택,다가구 주택(2가구),122.7,69.11,119.82,19960917,2,0,서울특별시 금천구 시흥동 916-14번지
11545,10300,0,0916,0015,,,일반건축물,단독주택,단독주택,167.4,82.35,247.05,19871023,2,1,서울특별시 금천구 시흥동 916-15번지
11545,10300,0,0916,0016,,,일반건축물,단독주택,주택,0,89.26,197.76,19720818,2,1,서울특별시 금천구 시흥동 916-16번지
11545,10300,0,0916,0017,,,일반건축물,단독주택,"창고시설, 다가구형 단독주택(3가구)",103.1,51.66,137.07,19951107,2,1,서울특별시 금천구 시흥동 916-17번지
11545,10300,0,0916,0018,,,일반건축물,단독주택,주택,0,55.8,167.4,19880909,2,1,서울특별시 금천구 시흥동 916-18번지
11545,10300,0,0916,0019,,,일반건축물,단독주택,주택,0,62.87,73.75,19750806,1,1,서울특별시 금천구 시흥동 916-19번지
11545,10300,0,0916,0020,정도맨션 가동,,표제부,공동주택,다세대주택,313,178.4,625.8,20061010,5,0,서울특별시 금천구 시흥동 916-20번지
11545,10300,0,0916,0021,,,일반건축물,단독주택,단독주택,113,56.2,168.6,19851109,2,1,서울특별시 금천구 시흥동 916-21번지
11545,10300,0,0916,0022,,,일반건축물,단독주택,단독주택,113,56.4,169.2,19851026,2,1,서울특별시 금천구 시흥동 916-22번지
11545,10300,0,0916,0023,정도맨션 나동,,표제부,공동주택,다세대주택,284.1,161.3,566.64,20061010,5,0,서울특별시 금천구 시흥동 916-23번지
11545,10300,0,0917,0000,,,일반건축물,제1종근린생활시설,"근린생활시설, 주택",90.6,54.3,291.78,19960511,5,1,서울특별시 금천구 시흥동 917번지
11545,10300,0,0917,0001,,,일반건축물,제1종근린생활시설,"근린생활시설, 단독주택",102.2,60.48,110.52,19950607,2,0,서울특별시 금천구 시흥동 917-1번지
11545,10300,0,0917,0002,엘림하우스,,일반건축물,단독주택,"단독주택(다가구주택), 제2종근린생활시설",206.4,123.73,396.64,20230309,4,0,서울특별시 금천구 시흥동 917-2번지
11545,10300,0,0917,0004,,,일반건축물,단독주택,"다가구용 단독주택(3가구),제2종근린생활시설",101.7,60.9,182.7,19911107,2,1,서울특별시 금천구 시흥동 917-4번지
11545,10300,0,0917,0006,,,일반건축물,단독주택,주택,0,53.28,159.84,19831221,2,1,서울특별시 금천구 시흥동 917-6번지
11545,10300,0,0917,0007,,,일반건축물,단독주택,주택,0,65.03,119.99,19741023,2,1,서울특별시 금천구 시흥동 917-7번지
11545,10300,0,0917,0008,,,일반건축물,단독주택,단독주택,120.6,59.94,179.82,19881006,2,1,서울특별시 금천구 시흥동 917-8번지
11545,10300,0,0917,0011,,,일반건축물,단독주택,"다가구용 단독주택(3가구),근린생활시설,제2종근린생활시설",169.9,101.2,389.85,19940820,3,1,서울특별시 금천구 시흥동 917-11번지
11545,10300,0,0917,0013,,,일반건축물,단독주택,"(제2종)근린생활시설, 다가구용 단독주택(3가구)",175.9,105.33,351.6,19940527,3,1,서울특별시 금천구 시흥동 917-13번지
11545,10300,0,0917,0018,,,일반건축물,단독주택,단독주택,138.9,68.94,209.82,19891230,2,1,서울특별시 금천구 시흥동 917-18번지
11545,10300,0,0917,0019,,,일반건축물,단독주택,다가구용 단독주택(5가구),161.9,87.36,254.92,19960709,2,1,서울특별시 금천구 시흥동 917-19번지
11545,10300,0,0917,0020,,,일반건축물,단독주택,단독주택,113.5,56.46,169.38,19880915,2,1,서울특별시 금천구 시흥동 917-20번지
11545,10300,0,0917,0021,,,일반건축물,제2종근린생활시설,"근린생활시설, 주택",122.8,60.8,182.4,19910523,2,1,서울특별시 금천구 시흥동 917-21번지
11545,10300,0,0917,0023,,,일반건축물,제1종근린생활시설,"제1,2종근린생활시설, 주택",236.9,118.3,486.36,19900804,3,1,서울특별시 금천구 시흥동 917-23번지
11545,10300,0,0917,0024,,,일반건축물,단독주택,단독주택,109.5,61.73,176.42,20010707,3,0,서울특별시 금천구 시흥동 917-24번지
11545,10300,0,0917,0025,,,일반건축물,단독주택,다가구용 단독주택(3가구),122.7,73.57,179.21,19960709,2,1,서울특별시 금천구 시흥동 917-25번지
11545,10300,0,0917,0026,,,일반건축물,단독주택,다가구용 단독주택(5가구),161.65,98.14,267.72,19960709,2,1,서울특별시 금천구 시흥동 917-26번지
11545,10300,0,0917,0028,,,일반건축물,단독주택,다가구용 주택,163.4,97.95,303.12,19961023,4,0,서울특별시 금천구 시흥동 917-28번지
11545,10300,0,0917,0029,,,일반건축물,단독주택,주택,0,66.78,129.26,19780503,2,1,서울특별시 금천구 시흥동 917-29번지
11545,10300,0,0917,0030,,,일반건축물,단독주택,다가구용 단독주택(5가구),110.5,54.9,164.7,19900830,2,1,서울특별시 금천구 시흥동 917-30번지
11545,10300,0,0917,0033,,,일반건축물,단독주택,다가구용 단독주택(5가구),108.3,108.3,161.91,19900928,2,1,서울특별시 금천구 시흥동 917-33번지
11545,10300,0,0917,0034,,,일반건축물,단독주택,"근린생활시설, 다가구용단독주택(3가구)",115.9,69.41,282.34,19940429,3,1,서울특별시 금천구 시흥동 917-34번지
11545,10300,0,0917,0035,,,일반건축물,단독주택,"(제1,2종)근린생활시설, 주택",182.8,91.24,364.2,19900320,3,1,서울특별시 금천구 시흥동 917-35번지
11545,10300,0,0917,0036,,,일반건축물,제1종근린생활시설,단독주택,210.1,104.82,409.11,19890724,3,1,서울특별시 금천구 시흥동 917-36번지
11545,10300,0,0917,0037,,,일반건축물,단독주택,다가구용 단독주택(8가구),208.4,102.15,306.45,19900908,2,1,서울특별시 금천구 시흥동 917-37번지
11545,10300,0,0917,0039,,,일반건축물,단독주택,단독주택,181.9,82.26,246.78,19900807,2,1,서울특별시 금천구 시흥동 917-39번지
11545,10300,0,0917,0040,,,일반건축물,단독주택,단독주택,166.3,82.44,247.32,19880525,2,1,서울특별시 금천구 시흥동 917-40번지
11545,10300,0,0918,0000,,,일반건축물,단독주택,"근린생활시설, 주택",136.9,74.52,298.08,19920512,3,1,서울특별시 금천구 시흥동 918번지
11545,10300,0,0918,0001,,,일반건축물,단독주택,"근린생활시설, 주택",122.2,60.3,186.9,19850801,2,1,서울특별시 금천구 시흥동 918-1번지
11545,10300,0,0918,0002,금강파크빌,,표제부,공동주택,공동주택,488.4,167.46,477.88,20140822,5,0,서울특별시 금천구 시흥동 918-2번지
11545,10300,0,0918,0002,금강파크빌,,표제부,공동주택,도시형생활주택,488.4,125.34,493.09,20140822,5,0,서울특별시 금천구 시흥동 918-2번지
11545,10300,0,0918,0004,,,일반건축물,단독주택,단독주택,179.5,86.55,247.41,19900828,2,1,서울특별시 금천구 시흥동 918-4번지
11545,10300,0,0918,0005,,,일반건축물,단독주택,다가구용 단독주택(8가구),181.8,102.66,307.98,19901224,2,1,서울특별시 금천구 시흥동 918-5번지
11545,10300,0,0918,0006,,,일반건축물,단독주택,다가구용 단독주택(5가구),175,104.85,316.29,19921110,3,1,서울특별시 금천구 시흥동 918-6번지
11545,10300,0,0918,0007,,,일반건축물,단독주택,다가구용 단독주택(4가구),184.2,110.46,319.68,19920929,2,1,서울특별시 금천구 시흥동 918-7번지
11545,10300,0,0918,0008,,,일반건축물,단독주택,다가구주택,185.4,111,298.25,20020913,4,0,서울특별시 금천구 시흥동 918-8번지
11545,10300,0,0918,0009,,,일반건축물,단독주택,주택,0,90.54,271.62,19881213,2,1,서울특별시 금천구 시흥동 918-9번지
11545,10300,0,0918,0010,,,일반건축물,단독주택,단독주택,103.5,51.67,155.01,19871113,2,1,서울특별시 금천구 시흥동 918-10번지
11545,10300,0,0918,0011,,,일반건축물,제1종근린생활시설,"근린생활시설, 주택",105.7,52.57,221.44,19890418,3,1,서울특별시 금천구 시흥동 918-11번지
11545,10300,0,0918,0012,,,일반건축물,단독주택,단독주택,159.8,79.59,238.77,19880927,2,1,서울특별시 금천구 시흥동 918-12번지
11545,10300,0,0918,0013,백운맨션,,표제부,공동주택,"제1,2종근린생활시설, 연립주택(19세대)",870.4,426.24,2273.31,19960308,5,1,서울특별시 금천구 시흥동 918-13번지
11545,10300,0,0918,0014,,,일반건축물,제1종근린생활시설,"다가구용단독주택(2가구),제1,2종근린생활시설",110.1,59.25,211.11,19940713,3,1,서울특별시 금천구 시흥동 918-14번지
11545,10300,0,0918,0015,,,일반건축물,단독주택,단독주택,135.6,62.18,186.54,19891209,2,1,서울특별시 금천구 시흥동 918-15번지
11545,10300,0,0918,0016,,,일반건축물,단독주택,"근린생활시설, 다가구용 단독주택(5가구)",233.3,116.03,412.32,19930612,3,1,서울특별시 금천구 시흥동 918-16번지
11545,10300,0,0918,0017,,,일반건축물,단독주택,"(제2종)근린생활시설, 다가구용 단독주택(3가구)",200.1,115.01,298.53,19931101,2,1,서울특별시 금천구 시흥동 918-17번지
11545,10300,0,0918,0018,,,일반건축물,제2종근린생활시설,제2종근린생활시설,0,62.08,62.08,19711002,1,0,서울특별시 금천구 시흥동 918-18번지
11545,10300,0,0918,0018,,,일반건축물,단독주택,주택,0,79.34,158.6,19711002,2,1,서울특별시 금천구 시흥동 918-18번지
11545,10300,0,0918,0019,,,일반건축물,제2종근린생활시설,근린생활시설,403.6,211.49,725.15,19811111,3,1,서울특별시 금천구 시흥동 918-19번지
11545,10300,0,0918,0020,,,일반건축물,제1종근린생활시설,"주택, 대중음식점, 점포",0,138.84,438.67,19801006,2,1,서울특별시 금천구 시흥동 918-20번지
11545,10300,0,0919,0000,,,일반건축물,제2종근린생활시설,"(제2종)근린생활시설, 주택",195.1,96.54,491.73,19930309,4,1,서울특별시 금천구 시흥동 919번지
11545,10300,0,0919,0001,,,일반건축물,단독주택,주택,82.7,45.98,137.94,19840507,2,1,서울특별시 금천구 시흥동 919-1번지
11545,10300,0,0919,0003,,,일반건축물,단독주택,단독주택,90,44.37,133.11,19851203,2,1,서울특별시 금천구 시흥동 919-3번지
11545,10300,0,0919,0006,,,일반건축물,단독주택,단독주택,170.9,81.54,244.62,19890821,2,1,서울특별시 금천구 시흥동 919-6번지
11545,10300,0,0919,0007,태을명가,,일반건축물,단독주택,"단독주택,제2종근린생활시설",160.7,95.96,320.66,20180115,5,0,서울특별시 금천구 시흥동 919-7번지
11545,10300,0,0919,0008,신한렉슬,,표제부,공동주택,공동주택,336.3,200.68,659.2,20171129,5,0,서울특별시 금천구 시흥동 919-8번지
11545,10300,0,0919,0010,,,일반건축물,단독주택,다가구주택(5가구),185.3,105.19,275.46,19960527,2,1,서울특별시 금천구 시흥동 919-10번지
11545,10300,0,0919,0012,,,일반건축물,단독주택,다가구주택,167.5,99.6,302.16,20030602,4,0,서울특별시 금천구 시흥동 919-12번지
11545,10300,0,0919,0013,,,일반건축물,단독주택,단독주택,170.9,98.06,329.37,20211224,3,1,서울특별시 금천구 시흥동 919-13번지
11545,10300,0,0919,0014,,,일반건축물,단독주택,단독주택,179.9,85.55,247.23,19880725,2,1,서울특별시 금천구 시흥동 919-14번지
11545,10300,0,0919,0015,구립시흥5동어린이집,,일반건축물,노유자시설,노유자시설,531.7,254.61,744.21,19950228,3,0,서울특별시 금천구 시흥동 919-15번지
11545,10300,0,0919,0016,한울파크빌,,표제부,공동주택,도시형생활주택(단지형다세대),356.1,211.72,659.84,20181019,5,0,서울특별시 금천구 시흥동 919-16번지
11545,10300,0,0919,0018,,,일반건축물,단독주택,단독주택,146.9,73.41,220.23,19890323,2,1,서울특별시 금천구 시흥동 919-18번지
11545,10300,0,0919,0020,늘해랑,,표제부,공동주택,공동주택,343.2,204.87,659.44,20170928,5,0,서울특별시 금천구 시흥동 919-20번지
11545,10300,0,0919,0021,,,일반건축물,단독주택,"근린생활시설, 주택",221,110.4,456.59,19901205,3,1,서울특별시 금천구 시흥동 919-21번지
11545,10300,0,0919,0022,,,일반건축물,단독주택,주택,0,97,291,19880826,2,1,서울특별시 금천구 시흥동 919-22번지
11545,10300,0,0919,0024,,,일반건축물,단독주택,단독주택,142.95,71.46,214.38,19900813,2,1,서울특별시 금천구 시흥동 919-24번지
11545,10300,0,0919,0025,,,일반건축물,단독주택,주택,0,83.88,243.72,19830909,2,1,서울특별시 금천구 시흥동 919-25번지
11545,10300,0,0919,0026,,,일반건축물,단독주택,다가구용 단독주택(5가구),183.1,108.47,299.93,19950607,2,1,서울특별시 금천구 시흥동 919-26번지
11545,10300,0,0919,0027,,,일반건축물,단독주택,다가구용 단독주택(5가구),178.15,106.32,363.51,19950512,3,1,서울특별시 금천구 시흥동 919-27번지
11545,10300,0,0919,0028,,,표제부,공동주택,다세대주택,0,82.74,248.22,19911219,2,1,서울특별시 금천구 시흥동 919-28번지
11545,10300,0,0919,0029,,,일반건축물,단독주택,다가구용 단독주택(6가구),180,107.68,400.12,19980511,3,1,서울특별시 금천구 시흥동 919-29번지
11545,10300,0,0919,0031,,,일반건축물,단독주택,주택,0,83.93,161.92,19751124,2,1,서울특별시 금천구 시흥동 919-31번지
11545,10300,0,0919,0032,,,일반건축물,단독주택,주택(3가구),173.9,85.67,247.23,19881202,2,1,서울특별시 금천구 시흥동 919-32번지
11545,10300,0,0919,0033,,,일반건축물,단독주택,단독주택,204.2,87.99,247.32,19870708,2,1,서울특별시 금천구 시흥동 919-33번지
11545,10300,0,0919,0034,,,일반건축물,단독주택,단독주택,177.3,84.09,246.51,19870902,2,1,서울특별시 금천구 시흥동 919-34번지
11545,10300,0,0919,0035,,,표제부,공동주택,다세대주택,177.8,103.2,321.02,20020510,4,0,서울특별시 금천구 시흥동 919-35번지
11545,10300,0,0919,0036,,,일반건축물,단독주택,다가구용 단독주택(9가구),197.9,118.04,324,19921030,2,1,서울특별시 금천구 시흥동 919-36번지
11545,10300,0,0919,0037,,,일반건축물,단독주택,단독주택,160.5,80.39,242.85,19910516,2,1,서울특별시 금천구 시흥동 919-37번지
11545,10300,0,0919,0038,,,일반건축물,단독주택,주택,0,78.02,150.08,19790809,2,1,서울특별시 금천구 시흥동 919-38번지
11545,10300,0,0919,0039,,,일반건축물,단독주택,주택,0,79.67,154.38,19781226,2,1,서울특별시 금천구 시흥동 919-39번지
11545,10300,0,0919,0040,,,일반건축물,단독주택,주택,0,76.69,191.74,19790811,2,1,서울특별시 금천구 시흥동 919-40번지
11545,10300,0,0919,0042,,,표제부,공동주택,다세대주택,172.9,118.57,432.24,20040428,5,0,서울특별시 금천구 시흥동 919-42번지
11545,10300,0,0919,0043,브라운스톤빌 A동,,표제부,공동주택,공동주택(다세대주택),213.3,127.93,423.61,20060327,5,0,서울특별시 금천구 시흥동 919-43번지
11545,10300,0,0919,0044,브라운스톤빌 B동,,표제부,공동주택,공동주택(다세대주택),227.8,126.03,319.45,20060329,4,0,서울특별시 금천구 시흥동 919-44번지
11545,10300,0,0919,0045,엠제이빌,,일반건축물,단독주택,"단독주택,제2종근린생활시설",150.5,90.2,296.84,20181128,4,0,서울특별시 금천구 시흥동 919-45번지
11545,10300,0,0919,0046,태을명가7차,,일반건축물,단독주택,단독주택,164.9,98.88,328.48,20190325,5,0,서울특별시 금천구 시흥동 919-46번지
11545,10300,0,0919,0047,,,일반건축물,단독주택,단독주택,164,86.08,247.32,19910219,2,1,서울특별시 금천구 시흥동 919-47번지
11545,10300,0,0919,0048,,,일반건축물,단독주택,주택,0,73.22,162.65,19791029,2,1,서울특별시 금천구 시흥동 919-48번지
11545,10300,0,0919,0049,,,일반건축물,단독주택,다가구주택(5가구),210.5,122.34,336.51,19991213,3,0,서울특별시 금천구 시흥동 919-49번지
11545,10300,0,0919,0050,,,일반건축물,단독주택,"주택, 점포",0,89.59,201.08,19790922,2,1,서울특별시 금천구 시흥동 919-50번지
11545,10300,0,0919,0051,,,일반건축물,단독주택,"주택, 점포",0,87.27,195.7,19820111,2,1,서울특별시 금천구 시흥동 919-51번지
11545,10300,0,0919,0053,,,일반건축물,단독주택,다가구용 단독주택(8가구),210.93,103.71,311.13,19900808,2,1,서울특별시 금천구 시흥동 919-53번지
11545,10300,0,0919,0054,,,일반건축물,단독주택,다가구용 단독주택(4가구),140.4,83.99,229.68,19950501,2,1,서울특별시 금천구 시흥동 919-54번지
11545,10300,0,0919,0055,,,일반건축물,단독주택,"주택, 근린생활시설",0,102.68,346.91,19890721,3,1,서울특별시 금천구 시흥동 919-55번지
11545,10300,0,0919,0056,,,표제부,공동주택,다세대주택(8세대),272.4,119.01,433.53,19920123,3,1,서울특별시 금천구 시흥동 919-56번지
11545,10300,0,0919,0057,,,일반건축물,단독주택,다가구용 단독주택(6가구),164.8,95.86,244.44,19940511,2,1,서울특별시 금천구 시흥동 919-57번지
11545,10300,0,0919,0058,,,일반건축물,단독주택,다가구주택(5가구),157.8,94.67,275.51,20000407,3,0,서울특별시 금천구 시흥동 919-58번지
11545,10300,0,0919,0060,,,일반건축물,단독주택,다가구주택(7가구),162.7,96.48,280.8,19920310,2,1,서울특별시 금천구 시흥동 919-60번지
11545,10300,0,0919,0061,,,일반건축물,단독주택,단독주택,100.1,49.8,149.4,19891220,2,1,서울특별시 금천구 시흥동 919-61번지
11545,10300,0,0919,0062,,,일반건축물,단독주택,"주택, 창고",0,69.39,109.27,19741204,2,1,서울특별시 금천구 시흥동 919-62번지
11545,10300,0,0919,0063,,,일반건축물,단독주택,단독주택,115.6,56.78,170.34,19900707,2,1,서울특별시 금천구 시흥동 919-63번지
11545,10300,0,0919,0064,,,일반건축물,단독주택,다가구주택,111.9,61.82,181.6,20021205,3,0,서울특별시 금천구 시흥동 919-64번지
11545,10300,0,0919,0065,,,일반건축물,단독주택,단독주택,108,53.82,167.7,19871208,2,1,서울특별시 금천구 시흥동 919-65번지
11545,10300,0,0919,0067,모던빌B동,,표제부,공동주택,도시형생활주택(단지형다세대주택),348.9,208.55,659.76,20190411,5,0,서울특별시 금천구 시흥동 919-67번지
11545,10300,0,0919,0070,모던빌A동,,표제부,공동주택,도시형생활주택(단지형다세대주택),250,141.68,498.8,20190410,5,0,서울특별시 금천구 시흥동 919-70번지
11545,10300,0,0919,0072,,,일반건축물,단독주택,단독주택,120.7,60.27,180.81,19881228,2,1,서울특별시 금천구 시흥동 919-72번지
11545,10300,0,0919,0073,,,일반건축물,단독주택,단독주택,129.2,64.44,197.28,19870921,2,1,서울특별시 금천구 시흥동 919-73번지
11545,10300,0,0919,0074,,,일반건축물,단독주택,다가구용 단독주택(8가구),201,112.53,309.15,19900808,2,1,서울특별시 금천구 시흥동 919-74번지
11545,10300,0,0919,0075,시흥동 919-75 다원 하우스 (박상수),,일반건축물,단독주택,단독주택,186.6,111.52,244.09,20191021,3,0,서울특별시 금천구 시흥동 919-75번지
11545,10300,0,0919,0076,스타힐스,,표제부,공동주택,공동주택(다세대주택),359.6,214.7,659.85,20220513,5,0,서울특별시 금천구 시흥동 919-76번지
11545,10300,0,0919,0078,시흥파크빌Ⅴ,,표제부,공동주택,공동주택,0,181.22,659.93,20190705,5,0,서울특별시 금천구 시흥동 919-78번지
11545,10300,0,0919,0078,시흥파크빌Ⅴ,,표제부,공동주택,공동주택,0,189.42,712.76,20190705,5,0,서울특별시 금천구 시흥동 919-78번지
11545,10300,0,0919,0078,시흥파크빌Ⅴ,,표제부,공동주택,공동주택,0,201.49,659.08,20190705,5,0,서울특별시 금천구 시흥동 919-78번지
11545,10300,0,0919,0082,,,일반건축물,단독주택,단독주택,114.7,55.2,156,19891123,2,1,서울특별시 금천구 시흥동 919-82번지
11545,10300,0,0919,0084,,,표제부,공동주택,다세대주택,265.4,131.4,516.48,19920123,3,1,서울특별시 금천구 시흥동 919-84번지
11545,10300,0,0919,0086,,,표제부,공동주택,다세대주택,294.2,157.93,593.16,19920225,3,1,서울특별시 금천구 시흥동 919-86번지
11545,10300,0,0919,0087,,,표제부,공동주택,다세대주택(8세대),299.7,125.16,467.96,19920103,3,1,서울특별시 금천구 시흥동 919-87번지
11545,10300,0,0919,0088,시흥파크빌Ⅱ,,표제부,공동주택,도시형생활주택(단지형다세대),0,200.77,677.8,20190607,5,0,서울특별시 금천구 시흥동 919-88번지
11545,10300,0,0919,0088,시흥파크빌Ⅱ,,표제부,공동주택,도시형생활주택(단지형다세대),0,184.04,658.79,20190607,5,0,서울특별시 금천구 시흥동 919-88번지
11545,10300,0,0919,0088,시흥파크빌Ⅱ,,표제부,공동주택,도시형생활주택(단지형다세대),0,205.05,720.15,20190607,5,0,서울특별시 금천구 시흥동 919-88번지
11545,10300,0,0920,0002,,,일반건축물,단독주택,"주택,제1종근린생활시설",185.8,87.15,250.77,19840802,2,1,서울특별시 금천구 시흥동 920-2번지
11545,10300,0,0920,0003,,,일반건축물,단독주택,주택,0,29.42,29.42,19690510,1,0,서울특별시 금천구 시흥동 920-3번지
11545,10300,0,0920,0007,만천명월예술인가,,일반건축물,제1종근린생활시설,제1종근린생활시설(공공업무시설),259.27,142.36,484.97,20220912,4,1,서울특별시 금천구 시흥동 920-7번지
11545,10300,0,0920,0011,,,일반건축물,단독주택,단독주택,135.3,67.32,201.96,19850801,2,1,서울특별시 금천구 시흥동 920-11번지
11545,10300,0,0920,0012,,,일반건축물,단독주택,단독주택,155,76.59,229.77,19851128,2,1,서울특별시 금천구 시흥동 920-12번지
11545,10300,0,0920,0013,,,표제부,공동주택,다세대주택(9세대),225.36,106.2,447.26,19940823,4,1,서울특별시 금천구 시흥동 920-13번지
11545,10300,0,0920,0014,,,일반건축물,단독주택,단독주택,123.5,61.17,182.25,19881227,2,1,서울특별시 금천구 시흥동 920-14번지
11545,10300,0,0920,0015,,,일반건축물,단독주택,단독주택,112.99,54.78,174.54,19880113,2,1,서울특별시 금천구 시흥동 920-15번지
11545,10300,0,0920,0016,,,일반건축물,단독주택,단독주택,109.95,53.94,161.82,19871208,2,1,서울특별시 금천구 시흥동 920-16번지
11545,10300,0,0920,0018,,,일반건축물,단독주택,단독주택,60.81,33.52,100.56,19871226,2,1,서울특별시 금천구 시흥동 920-18번지
11545,10300,0,0920,0019,,,일반건축물,단독주택,단독주택,69.01,36.23,108.69,19850810,2,1,서울특별시 금천구 시흥동 920-19번지
11545,10300,0,0920,0020,,,일반건축물,단독주택,주택,0,46.27,138.81,19831107,2,1,서울특별시 금천구 시흥동 920-20번지
11545,10300,0,0920,0021,,,일반건축물,단독주택,단독주택,72.19,41.98,125.94,19850925,2,1,서울특별시 금천구 시흥동 920-21번지
11545,10300,0,0920,0022,,,일반건축물,단독주택,다가구용 단독주택(3가구),36.25,36.25,89.83,19931103,2,1,서울특별시 금천구 시흥동 920-22번지
11545,10300,0,0920,0023,,,일반건축물,단독주택,주택,0,53.55,137.18,19821202,2,1,서울특별시 금천구 시흥동 920-23번지
11545,10300,0,0920,0024,,,일반건축물,단독주택,다가구용 단독주택(5가구),115.3,64.41,149.58,19930819,2,1,서울특별시 금천구 시흥동 920-24번지
11545,10300,0,0920,0025,,,일반건축물,단독주택,주택,183.5,81.65,174.14,19790210,2,1,서울특별시 금천구 시흥동 920-25번지
11545,10300,0,0920,0026,,,일반건축물,단독주택,주택,94.2,48.99,109.44,19721229,3,0,서울특별시 금천구 시흥동 920-26번지
11545,10300,0,0920,0027,,,일반건축물,단독주택,단독주택,55.76,33.12,99.36,19850410,2,1,서울특별시 금천구 시흥동 920-27번지
11545,10300,0,0920,0029,,,일반건축물,단독주택,다가구주택(8가구),182.4,107.97,325.79,19840515,3,1,서울특별시 금천구 시흥동 920-29번지
11545,10300,0,0920,0030,,,일반건축물,단독주택,단독주택,100,49.77,149.31,19881226,2,1,서울특별시 금천구 시흥동 920-30번지
11545,10300,0,0920,0031,,,일반건축물,단독주택,단독주택,100,49.92,149.76,19880905,2,1,서울특별시 금천구 시흥동 920-31번지
11545,10300,0,0920,0034,,,일반건축물,단독주택,단독주택,133.1,61.05,183.15,19880902,2,1,서울특별시 금천구 시흥동 920-34번지
11545,10300,0,0920,0035,예일아파트,,표제부,공동주택,아파트,578.9,302.57,2125.36,20040824,7,1,서울특별시 금천구 시흥동 920-35번지
11545,10300,0,0920,0036,,,일반건축물,단독주택,다가구주택(8가구),228.66,136.74,363.84,19960807,3,0,서울특별시 금천구 시흥동 920-36번지
11545,10300,0,0920,0037,,,일반건축물,단독주택,다가구용 단독주택(5가구),107.5,62.04,182.52,19911231,2,1,서울특별시 금천구 시흥동 920-37번지
11545,10300,0,0920,0038,,,일반건축물,단독주택,다가구용 단독주택(5가구),85.12,50.73,151.92,19910713,2,1,서울특별시 금천구 시흥동 920-38번지
11545,10300,0,0920,0039,,,일반건축물,단독주택,단독주택,171.34,84.7,249.3,19900514,2,1,서울특별시 금천구 시흥동 920-39번지
11545,10300,0,0920,0040,,,일반건축물,단독주택,다가구용 단독주택(5가구),0,84.42,253.26,19920825,2,1,서울특별시 금천구 시흥동 920-40번지
11545,10300,0,0920,0041,,,일반건축물,단독주택,주택,0,65.45,149.74,19790720,2,1,서울특별시 금천구 시흥동 920-41번지
11545,10300,0,0920,0042,,3,일반건축물,단독주택,주택,0,86.21,99.2,19740620,1,1,서울특별시 금천구 시흥동 920-42번지
11545,10300,0,0920,0043,,,일반건축물,노유자시설,교육연구및복지시설(영유아보육시설),204.6,95.48,251.8,19830629,2,1,서울특별시 금천구 시흥동 920-43번지
11545,10300,0,0920,0044,,,일반건축물,단독주택,주택,0,57.95,71.21,19751126,1,1,서울특별시 금천구 시흥동 920-44번지
11545,10300,0,0920,0045,,,일반건축물,단독주택,주택,0,57.92,150.08,19751126,2,1,서울특별시 금천구 시흥동 920-45번지
11545,10300,0,0920,0046,,,일반건축물,단독주택,주택,0,56.4,67.11,19761209,1,1,서울특별시 금천구 시흥동 920-46번지
11545,10300,0,0920,0047,,,일반건축물,단독주택,주택,0,60.3,71.64,19761112,1,1,서울특별시 금천구 시흥동 920-47번지
11545,10300,0,0920,0048,시흥동 920-48 다가구주택,,일반건축물,단독주택,단독주택(다가구주택),105.5,61.8,177.16,20200420,3,0,서울특별시 금천구 시흥동 920-48번지
11545,10300,0,0920,0049,,,일반건축물,단독주택,"주택, 근린생활시설",101.9,77.52,148.36,19740918,2,0,서울특별시 금천구 시흥동 920-49번지
11545,10300,0,0920,0051,,,일반건축물,단독주택,주택,0,87.15,250.77,19840802,2,1,서울특별시 금천구 시흥동 920-51번지
11545,10300,0,0920,0052,,,일반건축물,단독주택,주택,0,81.54,244.62,19840802,2,1,서울특별시 금천구 시흥동 920-52번지
11545,10300,0,0920,0053,,,일반건축물,단독주택,"근린생활시설, 주택",142,70.7,309.16,19881219,3,1,서울특별시 금천구 시흥동 920-53번지
11545,10300,0,0920,0054,,,표제부,공동주택,다세대주택(8세대),248.75,128.88,482.04,19930201,3,1,서울특별시 금천구 시흥동 920-54번지
11545,10300,0,0921,0001,스카이한양메디컬타워,,일반건축물,근린생활시설,"근린생활시설, 제2종근린생활시설",0,0,79.26,19780304,3,0,서울특별시 금천구 시흥동 921-1번지
11545,10300,0,0921,0002,,,일반건축물,단독주택,"주택,점포",0,0,96.39,19760823,2,1,서울특별시 금천구 시흥동 921-2번지
11545,10300,0,0921,0003,,,일반건축물,단독주택,단독주택,87.6,43.78,131.34,19900609,2,1,서울특별시 금천구 시흥동 921-3번지
11545,10300,0,0921,0004,SEORAE HOUSE(서래하우스),,표제부,공동주택,공동주택(다세대주택),300.51,180.13,600.22,20210128,5,0,서울특별시 금천구 시흥동 921-4번지
11545,10300,0,0921,0009,,,일반건축물,단독주택,단독주택,167.3,82.14,246.42,19870423,2,1,서울특별시 금천구 시흥동 921-9번지
11545,10300,0,0921,0010,,,일반건축물,단독주택,다가구용 단독주택(4가구),104.28,62.34,173.42,19930921,2,1,서울특별시 금천구 시흥동 921-10번지
11545,10300,0,0921,0012,헤리티지,,표제부,공동주택,공동주택,308.2,184.11,616.09,20211217,5,0,서울특별시 금천구 시흥동 921-12번지
11545,10300,0,0921,0013,,,일반건축물,단독주택,"주택, 주택",0,89.82,181.66,19740918,2,1,서울특별시 금천구 시흥동 921-13번지
11545,10300,0,0921,0016,,,일반건축물,제2종근린생활시설,근린생활시설,492.4,173.94,982.8,19940711,5,1,서울특별시 금천구 시흥동 921-16번지
11545,10300,0,0921,0019,,,일반건축물,단독주택,"주택, 점포",0,88.73,159.87,19750918,2,1,서울특별시 금천구 시흥동 921-19번지
11545,10300,0,0921,0020,,,일반건축물,단독주택,단독주택,94.14,46.34,139.02,19850831,2,1,서울특별시 금천구 시흥동 921-20번지
11545,10300,0,0921,0021,,,일반건축물,단독주택,주택,0,33.39,33.39,19670904,1,0,서울특별시 금천구 시흥동 921-21번지
11545,10300,0,0921,0022,,,일반건축물,단독주택,"주택, 점포",0,85.16,94.88,19750915,1,1,서울특별시 금천구 시흥동 921-22번지
11545,10300,0,0921,0023,,,일반건축물,단독주택,"다가구주택, 근린생활시설",197.71,118.08,394.39,20200923,5,0,서울특별시 금천구 시흥동 921-23번지
11545,10300,0,0921,0024,,,일반건축물,제1종근린생활시설,"주택, 근린생활시설",0,96.12,336.42,19850604,3,1,서울특별시 금천구 시흥동 921-24번지
11545,10300,0,0921,0026,,,일반건축물,제1종근린생활시설,"근린생활시설, 주택",202.49,99.95,399.8,19930729,3,1,서울특별시 금천구 시흥동 921-26번지
11545,10300,0,0921,0028,,,일반건축물,단독주택,단독주택,126,62.34,187.02,19881226,2,1,서울특별시 금천구 시흥동 921-28번지
11545,10300,0,0921,0029,읍내경로당,,일반건축물,노유자시설,노인정,0,44.16,95.88,19881227,2,1,서울특별시 금천구 시흥동 921-29번지
11545,10300,0,0922,0000,,,일반건축물,제2종근린생활시설,"(제2종)근린생활시설, 주택",249.1,122.01,488.04,19881004,3,1,서울특별시 금천구 시흥동 922번지
11545,10300,0,0922,0001,세종팰리스,,표제부,공동주택,"공동주택, 제2종근린생활시설",330.8,187.56,628.02,20181004,5,0,서울특별시 금천구 시흥동 922-1번지
11545,10300,0,0922,0003,,,일반건축물,단독주택,"근린생활시설, 주택",196.9,97.85,343.8,19820702,3,1,서울특별시 금천구 시흥동 922-3번지
11545,10300,0,0922,0004,,,일반건축물,단독주택,단독주택,163.7,81.51,249.98,19850820,2,1,서울특별시 금천구 시흥동 922-4번지
11545,10300,0,0922,0005,,,일반건축물,단독주택,단독주택,135.7,67.05,201.15,19870930,2,1,서울특별시 금천구 시흥동 922-5번지
11545,10300,0,0922,0006,,,일반건축물,단독주택,다가구주택,263.15,111.6,189,19950823,2,0,서울특별시 금천구 시흥동 922-6번지
11545,10300,0,0922,0012,,,일반건축물,단독주택,단독주택,126.3,62.92,191.88,19850916,2,1,서울특별시 금천구 시흥동 922-12번지
11545,10300,0,0922,0013,,,일반건축물,단독주택,단독주택,130.3,64.5,193.5,19850919,2,1,서울특별시 금천구 시흥동 922-13번지
11545,10300,0,0922,0015,태을명가2차,,일반건축물,단독주택,"단독주택, 제2종근린생활시설",118.7,70.64,236.37,20180508,5,0,서울특별시 금천구 시흥동 922-15번지
11545,10300,0,0922,0016,,,일반건축물,단독주택,"(제2종)근린생활시설, 주택",125.7,62.63,206.76,19870703,2,1,서울특별시 금천구 시흥동 922-16번지
11545,10300,0,0922,0018,첼시하우스6,,표제부,공동주택,공동주택,0,208.66,717.54,20180508,5,1,서울특별시 금천구 시흥동 922-18번지
11545,10300,0,0922,0018,첼시하우스6,,표제부,공동주택,"공동주택,제1,2종근린생활시설",0,229.3,774.03,20180508,5,1,서울특별시 금천구 시흥동 922-18번지
11545,10300,0,0922,0021,다인빌,,표제부,공동주택,공동주택,271,160.99,541.2,20180502,5,0,서울특별시 금천구 시흥동 922-21번지
11545,10300,0,0922,0022,,,일반건축물,제1종근린생활시설,점포,168.8,118.03,118.03,19740617,1,0,서울특별시 금천구 시흥동 922-22번지
11545,10300,0,0922,0023,,,일반건축물,제2종근린생활시설,"점포, 사무실",0,123.31,369.93,19801011,2,1,서울특별시 금천구 시흥동 922-23번지
11545,10300,0,0922,0024,,,일반건축물,단독주택,주택,0,59.6,125.85,19751128,2,1,서울특별시 금천구 시흥동 922-24번지
11545,10300,0,0922,0032,,,일반건축물,단독주택,단독주택,169.3,82.36,247.08,19860703,2,1,서울특별시 금천구 시흥동 922-32번지
11545,10300,0,0922,0033,,,일반건축물,단독주택,주택,0,58.84,133.55,19790922,2,1,서울특별시 금천구 시흥동 922-33번지
11545,10300,0,0922,0034,,,일반건축물,단독주택,단독주택,130.5,65.1,195.3,19890824,2,1,서울특별시 금천구 시흥동 922-34번지
11545,10300,0,0922,0036,금강파크빌,,표제부,공동주택,도시형생활주택(단지형다세대주택12세대),376.7,218.16,659.39,20250619,5,0,서울특별시 금천구 시흥동 922-36번지
11545,10300,0,0922,0037,한빛쎈스빌,,표제부,공동주택,다세대주택,217.7,130.3,512.16,20030227,5,0,서울특별시 금천구 시흥동 922-37번지
11545,10300,0,0922,0040,,,일반건축물,단독주택,"주택, 근린생활시설",0,70.08,225.45,19780321,2,1,서울특별시 금천구 시흥동 922-40번지
11545,10300,0,0922,0041,,,일반건축물,단독주택,주택,0,56.53,118.02,19780321,2,1,서울특별시 금천구 시흥동 922-41번지
11545,10300,0,0922,0042,,,일반건축물,단독주택,주택,0,89.82,170.61,19750802,2,1,서울특별시 금천구 시흥동 922-42번지
11545,10300,0,0922,0043,,,일반건축물,단독주택,다가구주택,112.6,66.87,179.5,19961216,3,0,서울특별시 금천구 시흥동 922-43번지
11545,10300,0,0922,0044,,,일반건축물,단독주택,주택,0,60.83,130.59,19781223,2,1,서울특별시 금천구 시흥동 922-44번지
11545,10300,0,0922,0045,,,일반건축물,단독주택,주택,0,81.72,245.16,19831121,2,1,서울특별시 금천구 시흥동 922-45번지
11545,10300,0,0922,0046,,,일반건축물,단독주택,다가구용 단독주택(5가구),156.3,93.69,253.5,19960903,2,1,서울특별시 금천구 시흥동 922-46번지
11545,10300,0,0922,0047,,,일반건축물,단독주택,다가구주택,163,92.17,219.51,19931230,2,1,서울특별시 금천구 시흥동 922-47번지
11545,10300,0,0922,0048,,,일반건축물,단독주택,"주택, 점포",0,92.89,199.66,19800825,2,1,서울특별시 금천구 시흥동 922-48번지
11545,10300,0,0922,0050,,,일반건축물,단독주택,주택,0,62.98,120.17,19741023,2,1,서울특별시 금천구 시흥동 922-50번지
11545,10300,0,0922,0051,,,일반건축물,단독주택,주택,0,62.45,121.08,19741023,2,1,서울특별시 금천구 시흥동 922-51번지
11545,10300,0,0922,0052,,,일반건축물,단독주택,주택,0,59.49,178.47,19830812,2,1,서울특별시 금천구 시흥동 922-52번지
11545,10300,0,0922,0053,써니빌,,표제부,공동주택,공동주택(다세대주택),330.4,169.87,648.24,20201015,6,0,서울특별시 금천구 시흥동 922-53번지
11545,10300,0,0922,0055,,,일반건축물,단독주택,단독주택,105.6,55.62,158.76,20001208,3,0,서울특별시 금천구 시흥동 922-55번지
11545,10300,0,0922,0056,,,일반건축물,제2종근린생활시설,"주택, 근린생활시설",0,154.38,616.55,19771021,4,1,서울특별시 금천구 시흥동 922-56번지
11545,10300,0,0922,0058,,,일반건축물,단독주택,"주택,(제2종)근린생활시설",112.2,55.44,232.96,19891118,3,1,서울특별시 금천구 시흥동 922-58번지
11545,10300,0,0922,0059,,.,일반건축물,단독주택,주택,0,47.52,142.56,19821228,2,1,서울특별시 금천구 시흥동 922-59번지
11545,10300,0,0922,0060,,,일반건축물,단독주택,주택,0,53.88,118.67,19791112,2,1,서울특별시 금천구 시흥동 922-60번지
11545,10300,0,0922,0061,나동,,일반건축물,단독주택,주택,0,58.86,176.58,19830812,2,1,서울특별시 금천구 시흥동 922-61번지
11545,10300,0,0922,0061,가동,,일반건축물,단독주택,주택,0,58.86,176.58,19830812,2,1,서울특별시 금천구 시흥동 922-61번지
11545,10300,0,0922,0063,,,일반건축물,단독주택,단독주택,154.7,77.13,231.39,19861022,2,1,서울특별시 금천구 시흥동 922-63번지
11545,10300,0,0922,0070,신흥뜨란채 2차,,표제부,공동주택,공동주택,360.5,214.83,649.88,20180426,5,0,서울특별시 금천구 시흥동 922-70번지
11545,10300,0,0922,0071,,,일반건축물,단독주택,"주택, 점포",0,59.21,116.59,19761015,2,1,서울특별시 금천구 시흥동 922-71번지
11545,10300,0,0922,0072,,,일반건축물,단독주택,주택,0,58.02,88.3,19761209,1,1,서울특별시 금천구 시흥동 922-72번지
11545,10300,0,0922,0073,,,일반건축물,단독주택,주택,0,64.13,172.23,19820602,2,1,서울특별시 금천구 시흥동 922-73번지
11545,10300,0,0922,0074,에이동,,일반건축물,단독주택,주택,0,65.79,197.37,19840127,2,1,서울특별시 금천구 시흥동 922-74번지
11545,10300,0,0922,0074,비동,,일반건축물,단독주택,주택,0,63.81,191.43,19840127,2,1,서울특별시 금천구 시흥동 922-74번지
11545,10300,0,0922,0075,,,일반건축물,단독주택,"주택, 점포",0,137.98,287.59,,2,1,서울특별시 금천구 시흥동 922-75번지
11545,10300,0,0922,0076,,,일반건축물,단독주택,주택,0,53.88,107.26,19750814,2,1,서울특별시 금천구 시흥동 922-76번지
11545,10300,0,0922,0078,,,일반건축물,제2종근린생활시설,"근린생활시설, 사무실",0,137.45,504.71,19751230,3,1,서울특별시 금천구 시흥동 922-78번지
11545,10300,0,0922,0080,,,일반건축물,단독주택,주택,0,56.69,97.94,19760813,2,1,서울특별시 금천구 시흥동 922-80번지
11545,10300,0,0923,0000,,,일반건축물,단독주택,"주택, 점포",0,96.78,302.08,19840914,3,1,서울특별시 금천구 시흥동 923번지
11545,10300,0,0923,0001,,,일반건축물,단독주택,주택,0,52.73,72.33,19750812,1,1,서울특별시 금천구 시흥동 923-1번지
11545,10300,0,0923,0003,,,일반건축물,단독주택,주택,0,45,135,19831220,2,1,서울특별시 금천구 시흥동 923-3번지
11545,10300,0,0923,0005,,,일반건축물,단독주택,주택,0,65.12,195.36,19811029,2,1,서울특별시 금천구 시흥동 923-5번지
11545,10300,0,0923,0006,,,일반건축물,단독주택,다가구용 단독주택(6가구),160.2,89.54,315.36,19970502,3,1,서울특별시 금천구 시흥동 923-6번지
11545,10300,0,0923,0007,,,일반건축물,단독주택,주택,0,70.08,162.64,19800806,2,1,서울특별시 금천구 시흥동 923-7번지
11545,10300,0,0923,0008,,,일반건축물,단독주택,주택,0,72.73,164.3,19780425,2,1,서울특별시 금천구 시흥동 923-8번지
11545,10300,0,0923,0010,,,일반건축물,단독주택,주택,0,44.63,44.63,19710930,1,0,서울특별시 금천구 시흥동 923-10번지
11545,10300,0,0923,0011,,,일반건축물,단독주택,주택,0,43.97,113.73,19800721,2,1,서울특별시 금천구 시흥동 923-11번지
11545,10300,0,0923,0012,,,일반건축물,단독주택,"주택,근린생활시설",0,120.06,242.37,19830418,2,1,서울특별시 금천구 시흥동 923-12번지
11545,10300,0,0923,0013,,,일반건축물,단독주택,"주택, 점포",0,91.57,198.68,19810926,2,1,서울특별시 금천구 시흥동 923-13번지
11545,10300,0,0923,0014,희준빌,,표제부,공동주택,공동주택,270.6,158.79,540.89,20180531,5,0,서울특별시 금천구 시흥동 923-14번지
11545,10300,0,0923,0016,,,일반건축물,단독주택,주택,0,95.87,218.51,19801110,2,1,서울특별시 금천구 시흥동 923-16번지
11545,10300,0,0923,0018,,,일반건축물,단독주택,주택,0,65.45,151.73,19781222,2,1,서울특별시 금천구 시흥동 923-18번지
11545,10300,0,0923,0019,,,일반건축물,단독주택,단독주택,123,60.48,181.44,19860228,2,1,서울특별시 금천구 시흥동 923-19번지
11545,10300,0,0923,0020,,,일반건축물,단독주택,주택(3가구),92,45.64,143.35,19880512,2,1,서울특별시 금천구 시흥동 923-20번지
11545,10300,0,0923,0021,,,일반건축물,단독주택,단독주택,179,84.21,248.58,19900808,2,1,서울특별시 금천구 시흥동 923-21번지
11545,10300,0,0923,0022,,,일반건축물,단독주택,단독주택,237,108.72,326.16,19891219,2,1,서울특별시 금천구 시흥동 923-22번지
11545,10300,0,0923,0025,,,일반건축물,단독주택,주택(3가구),114,56.95,170.85,19880831,2,1,서울특별시 금천구 시흥동 923-25번지
11545,10300,0,0923,0026,,,일반건축물,단독주택,단독주택,168.7,82.2,246.6,19861226,2,1,서울특별시 금천구 시흥동 923-26번지
11545,10300,0,0923,0029,다움파크빌6,,표제부,공동주택,다세대주택(도시형생활주택-단지형다세대),1179.95,124.8,499.32,20201106,5,0,서울특별시 금천구 시흥동 923-29번지
11545,10300,0,0923,0029,다움파크빌6,,표제부,공동주택,다세대주택(도시형생활주택-단지형다세대),1179.95,172.73,861.21,20201106,5,1,서울특별시 금천구 시흥동 923-29번지
11545,10300,0,0923,0029,다움파크빌6,,표제부,공동주택,다세대주택(도시형생활주택-단지형다세대),1179.95,186.84,808.71,20201106,5,1,서울특별시 금천구 시흥동 923-29번지
11545,10300,0,0923,0029,다움파크빌6,,표제부,공동주택,다세대주택(도시형생활주택-단지형다세대),1179.95,148.92,587.45,20201106,5,0,서울특별시 금천구 시흥동 923-29번지
11545,10300,0,0923,0033,,,일반건축물,단독주택,"근린생활시설, 주택",108.1,53.46,160.38,19871117,2,1,서울특별시 금천구 시흥동 923-33번지
11545,10300,0,0923,0034,,,일반건축물,단독주택,"주택, 점포",0,56.03,113.55,19710728,2,1,서울특별시 금천구 시흥동 923-34번지
11545,10300,0,0923,0035,,,일반건축물,단독주택,주택,0,66.78,142.49,19710830,2,1,서울특별시 금천구 시흥동 923-35번지
11545,10300,0,0923,0036,,,일반건축물,단독주택,주택,0,76.69,142.19,19710217,2,0,서울특별시 금천구 시흥동 923-36번지
11545,10300,0,0923,0038,,,일반건축물,단독주택,다가구용 단독주택(3가구),102.2,58.78,155.92,19940105,2,1,서울특별시 금천구 시흥동 923-38번지
11545,10300,0,0923,0039,,,일반건축물,단독주택,주택,0,64.46,146.77,19780619,2,1,서울특별시 금천구 시흥동 923-39번지
11545,10300,0,0923,0040,,,일반건축물,단독주택,주택,0,51.57,116.69,19781005,2,1,서울특별시 금천구 시흥동 923-40번지
11545,10300,0,0923,0043,,,일반건축물,단독주택,"근린생활시설, 주택",144.04,71.87,282.09,19890202,3,1,서울특별시 금천구 시흥동 923-43번지
11545,10300,0,0923,0044,,,일반건축물,단독주택,다가구용 단독주택(5가구),126.73,76.03,199.53,19921208,2,1,서울특별시 금천구 시흥동 923-44번지
11545,10300,0,0923,0045,대성하이츠빌라,,표제부,공동주택,다세대주택,262.5,154.36,582.46,20020902,4,0,서울특별시 금천구 시흥동 923-45번지
11545,10300,0,0923,0046,,,일반건축물,단독주택,"다가구주택,제1종근린생활시설",208.63,125.16,348.84,20021106,3,0,서울특별시 금천구 시흥동 923-46번지
11545,10300,0,0923,0050,,,일반건축물,단독주택,단독주택,98.71,49.35,148.05,19890703,2,1,서울특별시 금천구 시흥동 923-50번지
11545,10300,0,0923,0051,,,일반건축물,단독주택,주택,0,46.08,138.24,19831125,2,1,서울특별시 금천구 시흥동 923-51번지
11545,10300,0,0923,0052,,,일반건축물,단독주택,주택,0,83.7,172.16,19761204,2,1,서울특별시 금천구 시흥동 923-52번지
11545,10300,0,0923,0054,,,일반건축물,단독주택,"근린생활시설, 주택",0,101.7,285.3,19861219,2,1,서울특별시 금천구 시흥동 923-54번지
11545,10300,0,0923,0055,,,일반건축물,단독주택,다가구주택(5가구),112.4,61.56,184.68,19920413,2,1,서울특별시 금천구 시흥동 923-55번지
11545,10300,0,0923,0058,,,일반건축물,단독주택,다가구주택(6가구),183.65,84.87,249.57,19920407,2,1,서울특별시 금천구 시흥동 923-58번지
11545,10300,0,0923,0063,,,일반건축물,제1종근린생활시설,"주택,근린생활시설",115.87,57.07,234.15,19901204,3,1,서울특별시 금천구 시흥동 923-63번지
11545,10300,0,0923,0064,,,일반건축물,단독주택,주택,0,30.61,30.61,19671107,1,0,서울특별시 금천구 시흥동 923-64번지
11545,10300,0,0923,0066,,,일반건축물,단독주택,주택,0,33.39,33.39,19671021,1,0,서울특별시 금천구 시흥동 923-66번지
11545,10300,0,0923,0068,,,일반건축물,단독주택,다가구주택,87.3,52.26,163.14,20020916,4,0,서울특별시 금천구 시흥동 923-68번지
11545,10300,0,0923,0070,,,일반건축물,단독주택,다가구주택(4가구),93.03,55.72,159.06,19920413,2,1,서울특별시 금천구 시흥동 923-70번지
11545,10300,0,0923,0076,,,일반건축물,단독주택,단독주택,93.9,46.7,109.94,19850919,1,1,서울특별시 금천구 시흥동 923-76번지
11545,10300,0,0923,0081,,,일반건축물,단독주택,주택,0,82.44,247.32,19840831,2,1,서울특별시 금천구 시흥동 923-81번지
11545,10300,0,0923,0086,,,일반건축물,단독주택,주택,0,63.14,189.42,19821124,2,1,서울특별시 금천구 시흥동 923-86번지
11545,10300,0,0924,0000,,,일반건축물,단독주택,다가구용단독주택,121.7,72.89,194.81,19930121,2,1,서울특별시 금천구 시흥동 924번지
11545,10300,0,0924,0001,진주아트빌,,표제부,공동주택,다세대주택,229.1,133.74,507.32,20030313,4,0,서울특별시 금천구 시흥동 924-1번지
11545,10300,0,0924,0002,,,표제부,공동주택,다세대주택,244.22,145.75,485.94,20100517,5,0,서울특별시 금천구 시흥동 924-2번지
11545,10300,0,0924,0004,,,표제부,공동주택,다세대 주택,248.75,148,497.34,20081106,5,0,서울특별시 금천구 시흥동 924-4번지
11545,10300,0,0924,0005,,,일반건축물,단독주택,단독주택,112.3,55.98,167.67,19901214,2,1,서울특별시 금천구 시흥동 924-5번지
11545,10300,0,0924,0006,,,일반건축물,단독주택,단독주택,106.1,52.98,158.94,19901227,2,1,서울특별시 금천구 시흥동 924-6번지
11545,10300,0,0924,0008,,,일반건축물,단독주택,단독주택,189.4,87.9,263.7,19891208,2,1,서울특별시 금천구 시흥동 924-8번지
11545,10300,0,0924,0009,,,일반건축물,제1종근린생활시설,"근린생활시설, 주택",182.5,98.35,381.52,19870808,3,1,서울특별시 금천구 시흥동 924-9번지
11545,10300,0,0924,0009,,,일반건축물,제1종근린생활시설,화장실,182.5,3.3,3.3,20131119,1,0,서울특별시 금천구 시흥동 924-9번지
11545,10300,0,0924,0010,,,일반건축물,단독주택,"제1,2종근린생활시설, 다가구주택",164.5,97.02,299.97,19951123,3,1,서울특별시 금천구 시흥동 924-10번지
11545,10300,0,0924,0011,,,일반건축물,단독주택,단독주택,159.5,78.11,237.33,19900725,2,1,서울특별시 금천구 시흥동 924-11번지
11545,10300,0,0924,0012,,,일반건축물,단독주택,주택(2가구),165,82.38,247.14,19880111,2,1,서울특별시 금천구 시흥동 924-12번지
11545,10300,0,0924,0013,,,일반건축물,단독주택,단독주택,105.8,52.74,158.22,19891227,2,1,서울특별시 금천구 시흥동 924-13번지
11545,10300,0,0924,0014,,,일반건축물,단독주택,단독주택,177.9,82.45,247.35,19860821,2,1,서울특별시 금천구 시흥동 924-14번지
11545,10300,0,0924,0015,,,일반건축물,단독주택,주택,0,102.32,219.19,19740502,2,1,서울특별시 금천구 시흥동 924-15번지
11545,10300,0,0924,0016,,,일반건축물,단독주택,단독주택,99.1,49.41,148.23,19861229,2,1,서울특별시 금천구 시흥동 924-16번지
11545,10300,0,0924,0017,,,일반건축물,단독주택,단독주택,101.4,50.4,151.2,19861202,2,1,서울특별시 금천구 시흥동 924-17번지
11545,10300,0,0924,0018,,,표제부,공동주택,다세대주택,366.8,210.79,659.81,20200807,5,0,서울특별시 금천구 시흥동 924-18번지
11545,10300,0,0924,0019,,,일반건축물,단독주택,다가구용 단독주택(5가구),123.64,73.71,176.61,19930618,2,1,서울특별시 금천구 시흥동 924-19번지
11545,10300,0,0924,0020,,,일반건축물,단독주택,다가구용 단독주택(5가구),124.2,72.47,190.57,19940205,2,1,서울특별시 금천구 시흥동 924-20번지
11545,10300,0,0924,0021,,,일반건축물,단독주택,"단독주택,근린생활시설",88,70.65,243.51,19960429,4,1,서울특별시 금천구 시흥동 924-21번지
11545,10300,0,0924,0024,,,일반건축물,단독주택,단독주택,133.42,66.63,199.89,19861107,2,1,서울특별시 금천구 시흥동 924-24번지
11545,10300,0,0924,0025,,,일반건축물,단독주택,단독주택,135.3,66.63,199.89,19861111,2,1,서울특별시 금천구 시흥동 924-25번지
11545,10300,0,0924,0026,,,일반건축물,단독주택,다가구주택,197.7,87.7,269.76,19840531,3,1,서울특별시 금천구 시흥동 924-26번지
11545,10300,0,0924,0028,테레사의집,,표제부,공동주택,공동주택,265,158.79,528.32,20170207,5,0,서울특별시 금천구 시흥동 924-28번지
11545,10300,0,0924,0029,,,일반건축물,단독주택,다가구용 단독주택,133.4,68.28,149.64,19930128,2,1,서울특별시 금천구 시흥동 924-29번지
11545,10300,0,0924,0030,,,일반건축물,단독주택,"근린생활시설, 다가구주택",139.8,77.66,296.96,19930216,3,1,서울특별시 금천구 시흥동 924-30번지
11545,10300,0,0924,0032,,,일반건축물,단독주택,단독주택,133.7,66.63,199.89,19861202,2,1,서울특별시 금천구 시흥동 924-32번지
11545,10300,0,0924,0034,,,일반건축물,단독주택,단독주택,105.9,52.74,158.22,19891222,2,1,서울특별시 금천구 시흥동 924-34번지
11545,10300,0,0925,0000,,,일반건축물,단독주택,"근린생활시설, 주택",147.5,73.23,292.92,19860515,3,1,서울특별시 금천구 시흥동 925번지
11545,10300,0,0925,0001,,,일반건축물,단독주택,단독주택,141.9,70.73,212.19,19900604,2,1,서울특별시 금천구 시흥동 925-1번지
11545,10300,0,0925,0002,,,일반건축물,단독주택,다가구용 단독주택(7가구),0,85.38,249,19920821,2,1,서울특별시 금천구 시흥동 925-2번지
11545,10300,0,0925,0003,,,일반건축물,단독주택,단독주택,140.1,68.24,203.94,19901231,2,1,서울특별시 금천구 시흥동 925-3번지
11545,10300,0,0925,0004,,,일반건축물,단독주택,주택,0,59.17,135.53,19800317,2,1,서울특별시 금천구 시흥동 925-4번지
11545,10300,0,0925,0004,,,일반건축물,단독주택,"주택, 점포",0,59.18,134.55,19800317,2,1,서울특별시 금천구 시흥동 925-4번지
11545,10300,0,0925,0005,,,일반건축물,단독주택,단독주택,144.7,72.3,216.9,19900801,2,1,서울특별시 금천구 시흥동 925-5번지
11545,10300,0,0925,0006,,,일반건축물,단독주택,"근린생활시설, 다가구용 단독주택(7가구)",138.2,78.29,203.73,19910518,3,1,서울특별시 금천구 시흥동 925-6번지
11545,10300,0,0925,0007,모담빌라,,표제부,공동주택,다세대주택,296,177.36,591.6,20210513,5,0,서울특별시 금천구 시흥동 925-7번지
11545,10300,0,0925,0009,정도맨션5차,,표제부,공동주택,다세대주택(7세대),241.9,140.92,393.76,20080205,5,0,서울특별시 금천구 시흥동 925-9번지
11545,10300,0,0925,0011,,,일반건축물,단독주택,다가구용 단독주택(5가구),116.6,68.91,199.83,19910725,2,1,서울특별시 금천구 시흥동 925-11번지
11545,10300,0,0925,0013,,,일반건축물,단독주택,단독주택,156.5,77.46,232.38,19880818,2,1,서울특별시 금천구 시흥동 925-13번지
11545,10300,0,0925,0016,첼시하우스12,,표제부,공동주택,공동주택,357.6,209.37,659.85,20260304,6,0,서울특별시 금천구 시흥동 925-16번지
11545,10300,0,0925,0018,아이빌4차,,표제부,공동주택,공동주택,345,206.28,659.48,20191125,5,0,서울특별시 금천구 시흥동 925-18번지
11545,10300,0,0925,0020,,,일반건축물,단독주택,주택,0,81.32,243.96,19821129,2,1,서울특별시 금천구 시흥동 925-20번지
11545,10300,0,0925,0021,,,일반건축물,단독주택,단독주택,140.59,70.12,210.36,19860910,2,1,서울특별시 금천구 시흥동 925-21번지
11545,10300,0,0925,0022,,,일반건축물,단독주택,다가구용 단독주택(6가구),145,80.08,199.8,19930925,2,1,서울특별시 금천구 시흥동 925-22번지
11545,10300,0,0925,0024,시흥동다가구주택,,일반건축물,단독주택,"단독주택(다가구주택),제2종근린생활시설",146.9,88.12,308.75,20010817,4,0,서울특별시 금천구 시흥동 925-24번지
11545,10300,0,0925,0025,,,일반건축물,단독주택,주택,0,67.84,125,19741214,2,1,서울특별시 금천구 시흥동 925-25번지
11545,10300,0,0925,0028,,,일반건축물,단독주택,주택,0,68.22,204.66,19841026,2,1,서울특별시 금천구 시흥동 925-28번지
11545,10300,0,0925,0029,,,일반건축물,단독주택,"근린생활시설, 주택",182,89.55,361.71,19850204,3,1,서울특별시 금천구 시흥동 925-29번지
11545,10300,0,0925,0030,,,일반건축물,단독주택,다가구용 단독주택(6가구),167.9,87.14,248.1,19901121,2,1,서울특별시 금천구 시흥동 925-30번지
11545,10300,0,0925,0031,,,일반건축물,단독주택,다가구주택(5가구),156,76.86,230.58,19900724,2,1,서울특별시 금천구 시흥동 925-31번지
11545,10300,0,0925,0033,,,일반건축물,단독주택,단독주택,106.04,49.86,149.58,19851128,2,1,서울특별시 금천구 시흥동 925-33번지
11545,10300,0,0926,0000,,,일반건축물,제2종근린생활시설,(제2종)근린생활시설,224.5,111.06,488.96,19920214,4,1,서울특별시 금천구 시흥동 926번지
11545,10300,0,0926,0001,,,일반건축물,단독주택,단독주택,124.6,62.25,186.75,19880830,2,1,서울특별시 금천구 시흥동 926-1번지
11545,10300,0,0926,0002,,,일반건축물,단독주택,단독주택,118.3,59.13,177.39,19880819,2,1,서울특별시 금천구 시흥동 926-2번지
11545,10300,0,0926,0003,,,일반건축물,단독주택,주택,0,72.09,216.27,19830311,2,1,서울특별시 금천구 시흥동 926-3번지
11545,10300,0,0926,0005,,,일반건축물,단독주택,단독주택,133,65.87,197.61,19870710,2,1,서울특별시 금천구 시흥동 926-5번지
11545,10300,0,0926,0006,,,일반건축물,단독주택,주택(3가구),127.5,63.66,190.98,19880929,2,1,서울특별시 금천구 시흥동 926-6번지
11545,10300,0,0926,0007,,,일반건축물,단독주택,주택,0,76.76,82.15,19750623,1,1,서울특별시 금천구 시흥동 926-7번지
11545,10300,0,0926,0008,,,일반건축물,단독주택,단독주택,116.8,57.24,171.72,19870513,2,1,서울특별시 금천구 시흥동 926-8번지
11545,10300,0,0926,0010,,,일반건축물,단독주택,단독주택,112.3,56.07,168.21,19891012,2,1,서울특별시 금천구 시흥동 926-10번지
11545,10300,0,0926,0011,,,일반건축물,단독주택,주택,0,76.5,82.29,19750716,1,1,서울특별시 금천구 시흥동 926-11번지
11545,10300,0,0926,0012,,,일반건축물,단독주택,단독주택,165.3,82.48,247.44,19901204,2,1,서울특별시 금천구 시흥동 926-12번지
11545,10300,0,0926,0013,,,일반건축물,단독주택,"다가구용 단독주택(3가구), 근린생활시설",169.5,101.62,294.5,19940302,3,1,서울특별시 금천구 시흥동 926-13번지
11545,10300,0,0926,0015,,,일반건축물,단독주택,다가구용 단독주택(6가구),176.1,105.59,316.48,19970918,4,0,서울특별시 금천구 시흥동 926-15번지
11545,10300,0,0926,0016,,,일반건축물,단독주택,단독주택(다가구주택6가구),168,100.78,324.4,19971008,3,1,서울특별시 금천구 시흥동 926-16번지
11545,10300,0,0926,0017,,,일반건축물,단독주택,다가구용 단독주택(5가구),250.6,119.76,310.68,19970905,3,0,서울특별시 금천구 시흥동 926-17번지
11545,10300,0,0926,0018,,,일반건축물,단독주택,다가구용 단독주택,183.7,109.58,299.66,19970130,3,0,서울특별시 금천구 시흥동 926-18번지
11545,10300,0,0926,0020,,,표제부,공동주택,다세대주택,0,92.88,278.64,19860822,2,1,서울특별시 금천구 시흥동 926-20번지
11545,10300,0,0926,0021,,,일반건축물,단독주택,단독주택,277.8,82.89,248.67,19860829,2,1,서울특별시 금천구 시흥동 926-21번지
11545,10300,0,0926,0022,,,일반건축물,단독주택,단독주택,124.6,61.95,185.85,19890908,2,1,서울특별시 금천구 시흥동 926-22번지
11545,10300,0,0926,0023,,,일반건축물,단독주택,다가구용 단독주택(4가구),119.1,69.39,181.11,19930812,2,1,서울특별시 금천구 시흥동 926-23번지
11545,10300,0,0926,0024,,,일반건축물,단독주택,"다가구용 단독주택(6가구), 근린생활시설",125.6,75.02,257.07,19940930,3,1,서울특별시 금천구 시흥동 926-24번지
11545,10300,0,0926,0026,,,일반건축물,단독주택,단독주택,111.14,65.52,182.19,20010716,3,0,서울특별시 금천구 시흥동 926-26번지
11545,10300,0,0926,0027,,,일반건축물,단독주택,"주택, 점포",0,117.36,256.53,19780713,2,1,서울특별시 금천구 시흥동 926-27번지
11545,10300,0,0926,0029,,,일반건축물,단독주택,주택,0,59.17,126.94,19780407,2,1,서울특별시 금천구 시흥동 926-29번지
11545,10300,0,0926,0030,,,일반건축물,단독주택,주택,0,60.5,137.15,19780915,2,1,서울특별시 금천구 시흥동 926-30번지
11545,10300,0,0926,0031,,,일반건축물,단독주택,다가구용 단독주택(3가구),120.1,71.46,191.43,19960601,2,1,서울특별시 금천구 시흥동 926-31번지
11545,10300,0,0926,0032,,,일반건축물,단독주택,주택,0,46.61,98.18,19780822,2,1,서울특별시 금천구 시흥동 926-32번지
11545,10300,0,0926,0033,,,일반건축물,단독주택,주택,0,46.61,98.18,19780926,2,1,서울특별시 금천구 시흥동 926-33번지
11545,10300,0,0926,0034,,,일반건축물,단독주택,다가구용 단독주택,100.5,59.02,210.99,19980625,3,1,서울특별시 금천구 시흥동 926-34번지
11545,10300,0,0926,0035,,,일반건축물,단독주택,"다가구용 단독주택(2가구),근린생활시설",120.3,72.06,190.66,19940730,3,0,서울특별시 금천구 시흥동 926-35번지
11545,10300,0,0926,0036,,,일반건축물,단독주택,다가구용 단독주택(5가구),118,70.25,179.55,19940726,2,1,서울특별시 금천구 시흥동 926-36번지
11545,10300,0,0926,0037,,,일반건축물,단독주택,단독주택,118.2,58.89,176.67,19891007,2,1,서울특별시 금천구 시흥동 926-37번지
11545,10300,0,0926,0039,,,일반건축물,단독주택,다가구용 단독주택(7가구),151.9,89.21,249.57,19910502,2,1,서울특별시 금천구 시흥동 926-39번지
11545,10300,0,0926,0040,,,일반건축물,단독주택,다가구용 단독주택(5가구),0,66.57,199.71,19920709,2,1,서울특별시 금천구 시흥동 926-40번지
11545,10300,0,0926,0041,,,표제부,공동주택,다세대주택,121.4,72.6,196.06,20071108,4,0,서울특별시 금천구 시흥동 926-41번지
11545,10300,0,0926,0043,,,일반건축물,단독주택,주택,0,52.35,157.05,19881102,2,1,서울특별시 금천구 시흥동 926-43번지
11545,10300,0,0926,0046,,,일반건축물,단독주택,단독주택,107.2,53.13,159.39,19881108,2,1,서울특별시 금천구 시흥동 926-46번지
11545,10300,0,0926,0047,,,일반건축물,단독주택,다가구용 단독주택(5가구),102.2,61.28,149.04,19931222,2,1,서울특별시 금천구 시흥동 926-47번지
11545,10300,0,0926,0050,,,일반건축물,단독주택,다가구용 단독주택(5가구),119,67.09,199.77,19911202,2,1,서울특별시 금천구 시흥동 926-50번지
11545,10300,0,0926,0051,,,일반건축물,단독주택,주택,0,55.98,167.94,19881109,2,1,서울특별시 금천구 시흥동 926-51번지
11545,10300,0,0926,0052,,,일반건축물,단독주택,주택(3가구),110.7,54.99,164.97,19880121,2,1,서울특별시 금천구 시흥동 926-52번지
11545,10300,0,0926,0053,,,일반건축물,단독주택,단독주택,108.8,65.25,182.61,20041224,3,0,서울특별시 금천구 시흥동 926-53번지
11545,10300,0,0926,0055,광진에코빌,,표제부,공동주택,공동주택(도시형생활주택),194.2,116.28,387.89,20130311,5,0,서울특별시 금천구 시흥동 926-55번지
11545,10300,0,0926,0056,,,일반건축물,단독주택,주택(3가구),94.1,46.86,140.58,19880118,2,1,서울특별시 금천구 시흥동 926-56번지
11545,10300,0,0926,0057,,,일반건축물,단독주택,다가구용 단독주택(5가구),91.5,52.85,158.55,19910725,2,1,서울특별시 금천구 시흥동 926-57번지
11545,10300,0,0926,0060,,,일반건축물,단독주택,다가구용 단독주택(5가구),115.8,76.25,208.8,19910720,2,1,서울특별시 금천구 시흥동 926-60번지
11545,10300,0,0926,0061,,,일반건축물,단독주택,다가구용 단독주택(5가구),127.2,57.25,171.75,19910725,2,1,서울특별시 금천구 시흥동 926-61번지
11545,10300,0,0926,0062,,,일반건축물,단독주택,다가구용 단독주택(6가구),109.3,62.19,186.57,19910624,2,1,서울특별시 금천구 시흥동 926-62번지
11545,10300,0,0926,0063,,,일반건축물,단독주택,다가구용 단독주택(4가구),134.3,79.38,238.14,19910801,2,1,서울특별시 금천구 시흥동 926-63번지
11545,10300,0,0926,0064,,,일반건축물,단독주택,다가구용 단독주택(5가구),118.2,66.13,187.95,19911002,2,1,서울특별시 금천구 시흥동 926-64번지
11545,10300,0,0926,0065,,,일반건축물,단독주택,주택(3가구),124.5,60.6,181.8,19880602,2,1,서울특별시 금천구 시흥동 926-65번지
11545,10300,0,0927,0000,,,일반건축물,단독주택,"다가구용 단독주택(3가구), 근린생활시설",157.6,93.24,296.5,19930529,3,1,서울특별시 금천구 시흥동 927번지
11545,10300,0,0927,0001,,,일반건축물,단독주택,다가구용 단독주택(5가구),146.5,80.57,239.31,19910925,2,1,서울특별시 금천구 시흥동 927-1번지
11545,10300,0,0927,0002,다세대주택,,표제부,공동주택,다세대주택(4세대),135.3,80.92,269.54,20080626,5,0,서울특별시 금천구 시흥동 927-2번지
11545,10300,0,0927,0003,,,일반건축물,제2종근린생활시설,사무실,0,50.56,107.44,19801205,2,1,서울특별시 금천구 시흥동 927-3번지
11545,10300,0,0927,0004,,,일반건축물,단독주택,단독주택,100.6,49.67,149.01,19870808,2,1,서울특별시 금천구 시흥동 927-4번지
11545,10300,0,0927,0005,,,표제부,공동주택,연립주택(15세대),544.1,219.75,996.21,19961227,3,1,서울특별시 금천구 시흥동 927-5번지
11545,10300,0,0927,0006,한스빌,,표제부,공동주택,다세대주택,193.8,115.51,415.05,20021031,4,0,서울특별시 금천구 시흥동 927-6번지
11545,10300,0,0927,0007,,,표제부,공동주택,다세대주택(12세대),336.5,197.66,654.71,20141128,5,0,서울특별시 금천구 시흥동 927-7번지
11545,10300,0,0927,0008,,,일반건축물,단독주택,주택,141.8,69.3,207.9,19831004,2,1,서울특별시 금천구 시흥동 927-8번지
11545,10300,0,0927,0009,,,일반건축물,단독주택,단독주택,134.2,66.96,200.88,19870629,2,1,서울특별시 금천구 시흥동 927-9번지
11545,10300,0,0927,0010,,,일반건축물,단독주택,주택,0,68.67,206.01,19831014,2,1,서울특별시 금천구 시흥동 927-10번지
11545,10300,0,0927,0010,,,일반건축물,단독주택,주택,0,68.67,206.01,19831014,2,1,서울특별시 금천구 시흥동 927-10번지
11545,10300,0,0927,0012,행복이 가득한집,,표제부,공동주택,공동주택,173.7,103.8,347,20150414,5,0,서울특별시 금천구 시흥동 927-12번지
11545,10300,0,0927,0013,,,일반건축물,단독주택,다가구용 단독주택(4가구),102.6,61.52,161.78,19931123,2,1,서울특별시 금천구 시흥동 927-13번지
11545,10300,0,0927,0014,,,일반건축물,단독주택,다가구용 단독주택(3가구),106,62.44,171.8,19970605,2,1,서울특별시 금천구 시흥동 927-14번지
11545,10300,0,0927,0015,,,일반건축물,단독주택,다가구용 단독주택(3가구),101,50.44,146.56,19910209,2,1,서울특별시 금천구 시흥동 927-15번지
11545,10300,0,0927,0018,포그니빌7,,표제부,공동주택,공동주택(다세대주택),330.4,183.66,658.3,20220330,5,0,서울특별시 금천구 시흥동 927-18번지
11545,10300,0,0927,0021,굿모닝빌,,표제부,공동주택,단지형다세대주택,666.6,189.28,659.82,20200810,5,0,서울특별시 금천구 시흥동 927-21번지
11545,10300,0,0927,0021,굿모닝빌,,표제부,공동주택,단지형다세대주택,666.6,186.17,658.09,20200810,5,0,서울특별시 금천구 시흥동 927-21번지
11545,10300,0,0927,0024,,,일반건축물,단독주택,단독주택,182.8,82.29,246.87,19861229,2,1,서울특별시 금천구 시흥동 927-24번지
11545,10300,0,0927,0025,,,일반건축물,단독주택,단독주택,165.3,82.29,246.87,19861222,2,1,서울특별시 금천구 시흥동 927-25번지
11545,10300,0,0927,0026,,,일반건축물,단독주택,단독주택,165.3,82.29,246.87,19861208,2,1,서울특별시 금천구 시흥동 927-26번지
11545,10300,0,0928,0000,,,일반건축물,단독주택,"근린생활시설, 주택",208.2,102.42,283.59,19891006,2,1,서울특별시 금천구 시흥동 928번지
11545,10300,0,0928,0001,,,일반건축물,단독주택,단독주택,148.5,74.04,222.12,19890422,2,1,서울특별시 금천구 시흥동 928-1번지
11545,10300,0,0928,0003,,,일반건축물,단독주택,단독주택,160.7,79.8,239.4,19900830,2,1,서울특별시 금천구 시흥동 928-3번지
11545,10300,0,0928,0004,,,일반건축물,제1종근린생활시설,"근린생활시설, 주택",105.6,52.5,175.44,19880121,3,1,서울특별시 금천구 시흥동 928-4번지
11545,10300,0,0928,0006,,,일반건축물,단독주택,단독주택,233,113.76,329.22,19890529,2,1,서울특별시 금천구 시흥동 928-6번지
11545,10300,0,0928,0007,,,표제부,공동주택,다세대주택,327.7,177.36,659.35,20020513,5,0,서울특별시 금천구 시흥동 928-7번지
11545,10300,0,0928,0010,,3,일반건축물,단독주택,주택,0,53.82,161.46,19880613,2,1,서울특별시 금천구 시흥동 928-10번지
11545,10300,0,0928,0011,,,일반건축물,단독주택,다가구주택(5가구),97.7,58.36,174.48,19920108,2,1,서울특별시 금천구 시흥동 928-11번지
11545,10300,0,0928,0013,,,일반건축물,단독주택,다가구용 단독주택(5가구),0,56.88,170.64,19911112,2,1,서울특별시 금천구 시흥동 928-13번지
11545,10300,0,0928,0014,,,일반건축물,단독주택,주택,0,51.57,154.71,19880530,2,1,서울특별시 금천구 시흥동 928-14번지
11545,10300,0,0928,0015,,,표제부,공동주택,다세대주택,0,73.2,292.8,19920427,3,1,서울특별시 금천구 시흥동 928-15번지
11545,10300,0,0928,0016,,,표제부,공동주택,다세대주택,220.7,132.19,600.49,19980605,4,1,서울특별시 금천구 시흥동 928-16번지
11545,10300,0,0928,0023,,,일반건축물,단독주택,단독주택,107.2,53.25,159.03,19871229,2,1,서울특별시 금천구 시흥동 928-23번지
11545,10300,0,0928,0025,,,일반건축물,단독주택,단독주택,105.8,52.83,158.49,19871229,2,1,서울특별시 금천구 시흥동 928-25번지
11545,10300,0,0928,0026,,,일반건축물,단독주택,"근린생활시설, 주택",105.8,52.8,221.1,19880121,3,1,서울특별시 금천구 시흥동 928-26번지
11545,10300,0,0928,0027,,,일반건축물,단독주택,단독주택,123.7,61.42,184.26,19880623,2,1,서울특별시 금천구 시흥동 928-27번지
11545,10300,0,0928,0028,,,일반건축물,단독주택,"주택,대피소",105.86,51.66,202.92,19880215,3,1,서울특별시 금천구 시흥동 928-28번지
11545,10300,0,0928,0029,,,일반건축물,단독주택,단독주택,118.77,53.19,163.17,19880310,2,1,서울특별시 금천구 시흥동 928-29번지
11545,10300,0,0928,0030,,,일반건축물,단독주택,단독주택,105.6,52.74,165.6,19871214,2,1,서울특별시 금천구 시흥동 928-30번지
11545,10300,0,0928,0031,,,일반건축물,단독주택,단독주택,105.7,52.8,165.72,19871214,2,1,서울특별시 금천구 시흥동 928-31번지
11545,10300,0,0928,0032,,,일반건축물,단독주택,단독주택,105.8,52.07,156.21,19880310,2,1,서울특별시 금천구 시흥동 928-32번지
11545,10300,0,0928,0033,,,표제부,공동주택,다세대주택,202.2,74.08,296.32,19920206,3,1,서울특별시 금천구 시흥동 928-33번지
11545,10300,0,0929,0000,,,일반건축물,단독주택,"다가구주택,근린생활시설",109.4,65.2,183.6,19950619,3,0,서울특별시 금천구 시흥동 929번지
11545,10300,0,0929,0001,,,일반건축물,단독주택,단독주택,94.5,47.16,141.48,19880706,2,1,서울특별시 금천구 시흥동 929-1번지
11545,10300,0,0929,0002,,,일반건축물,단독주택,단독주택,97,48.67,146.01,19880509,2,1,서울특별시 금천구 시흥동 929-2번지
11545,10300,0,0929,0003,,,일반건축물,단독주택,단독주택,107.2,53.34,160.02,19870609,2,1,서울특별시 금천구 시흥동 929-3번지
11545,10300,0,0929,0009,백운 인 베스트 빌,,표제부,공동주택,공동주택,367.8,196.63,790.4,20111115,4,1,서울특별시 금천구 시흥동 929-9번지
11545,10300,0,0929,0010,,,일반건축물,단독주택,단독주택,116,67.95,252.21,20010831,3,1,서울특별시 금천구 시흥동 929-10번지
11545,10300,0,0929,0011,,,일반건축물,제2종근린생활시설,제2종근린생활시설,111,48.26,96.52,19781114,2,0,서울특별시 금천구 시흥동 929-11번지
11545,10300,0,0929,0013,,,일반건축물,단독주택,다가구주택(2가구),101.3,60.48,157.45,20011120,3,0,서울특별시 금천구 시흥동 929-13번지
11545,10300,0,0929,0014,,,일반건축물,단독주택,주택,0,54.88,138.84,19780927,2,1,서울특별시 금천구 시흥동 929-14번지
11545,10300,0,0929,0015,,,일반건축물,단독주택,주택,0,71.74,81.99,19771217,1,1,서울특별시 금천구 시흥동 929-15번지
11545,10300,0,0929,0016,,,일반건축물,단독주택,주택,0,69.75,130.58,19780407,2,1,서울특별시 금천구 시흥동 929-16번지
11545,10300,0,0929,0017,,,일반건축물,단독주택,주택,110.25,61.16,131.27,19780624,2,1,서울특별시 금천구 시흥동 929-17번지
11545,10300,0,0929,0019,리더스빌,,표제부,공동주택,도시형생활주택 단지형 다세대주택,469.9,234.83,659.96,20150210,5,0,서울특별시 금천구 시흥동 929-19번지
11545,10300,0,0929,0024,,,일반건축물,단독주택,다가구주택,129.6,77.63,193.6,20150209,4,0,서울특별시 금천구 시흥동 929-24번지
11545,10300,0,0929,0025,,,일반건축물,단독주택,주택,0,61.16,106.77,19780318,2,1,서울특별시 금천구 시흥동 929-25번지
11545,10300,0,0929,0026,,,일반건축물,단독주택,다가구용 단독주택(5가구),117.1,66.66,199.98,19910613,2,1,서울특별시 금천구 시흥동 929-26번지
11545,10300,0,0929,0027,,,일반건축물,단독주택,다가구주택(4가구),124.4,74.26,256.76,19960514,3,1,서울특별시 금천구 시흥동 929-27번지
11545,10300,0,0929,0029,,,일반건축물,단독주택,주택,0,60.83,103.81,19780824,1,1,서울특별시 금천구 시흥동 929-29번지
11545,10300,0,0929,0030,,,일반건축물,단독주택,주택,0,63.8,130.81,19771207,2,1,서울특별시 금천구 시흥동 929-30번지
11545,10300,0,0929,0031,,,일반건축물,단독주택,다가구용 단독주택(5가구),118.7,63.18,189.54,19901201,2,1,서울특별시 금천구 시흥동 929-31번지
11545,10300,0,0929,0032,,,일반건축물,단독주택,다가구용 단독주택(5가구),134.7,80.15,225.44,19940715,3,0,서울특별시 금천구 시흥동 929-32번지
11545,10300,0,0929,0033,건우한마음아파트,,표제부,공동주택,"경비실,MDF실",0,19.52,19.52,20050510,1,0,서울특별시 금천구 시흥동 929-33번지
11545,10300,0,0929,0033,건우한마음아파트,,표제부,공동주택,아파트,2152,678.95,6657.38,20050506,9,1,서울특별시 금천구 시흥동 929-33번지
11545,10300,0,0930,0000,청명주택,,표제부,공동주택,다세대주택,190,113.75,458.57,20030517,5,0,서울특별시 금천구 시흥동 930번지
11545,10300,0,0930,0001,,,일반건축물,단독주택,다가구용 단독주택(8가구),208.3,124.86,319.38,19930807,2,1,서울특별시 금천구 시흥동 930-1번지
11545,10300,0,0930,0002,,,일반건축물,단독주택,다가구용 단독주택(5가구),118.4,70.95,212.85,19911228,2,1,서울특별시 금천구 시흥동 930-2번지
11545,10300,0,0930,0002,,,일반건축물,창고시설,창고,0,1.62,1.62,19760428,1,0,서울특별시 금천구 시흥동 930-2번지
11545,10300,0,0930,0003,,,일반건축물,단독주택,주택,0,64.04,138.06,19751127,2,1,서울특별시 금천구 시흥동 930-3번지
11545,10300,0,0930,0005,,,일반건축물,단독주택,단독주택,123.2,61.47,184.41,19880818,2,1,서울특별시 금천구 시흥동 930-5번지
11545,10300,0,0930,0006,,,일반건축물,단독주택,주택,0,68.69,140,19751127,2,1,서울특별시 금천구 시흥동 930-6번지
11545,10300,0,0930,0007,,,일반건축물,단독주택,"주택, 점포",0,58.53,158.31,19880617,2,1,서울특별시 금천구 시흥동 930-7번지
11545,10300,0,0930,0008,,,일반건축물,단독주택,단독주택,115.9,52.23,130.87,19760520,2,1,서울특별시 금천구 시흥동 930-8번지
11545,10300,0,0930,0010,,,일반건축물,단독주택,"주택, 점포",0,52.24,143.62,19881213,2,1,서울특별시 금천구 시흥동 930-10번지
11545,10300,0,0930,0011,,,일반건축물,단독주택,다가구용 단독주택(4가구),120.9,72.33,209.04,19931122,2,1,서울특별시 금천구 시흥동 930-11번지
11545,10300,0,0930,0012,,,일반건축물,단독주택,다가구용 단독주택(5가구),109.1,62.19,145.62,19930618,2,1,서울특별시 금천구 시흥동 930-12번지
11545,10300,0,0930,0013,,,일반건축물,단독주택,단독주택,92.9,46.43,139.29,19891113,2,1,서울특별시 금천구 시흥동 930-13번지
11545,10300,0,0930,0014,,,일반건축물,단독주택,단독주택,103.4,51.46,154.38,19891102,2,1,서울특별시 금천구 시흥동 930-14번지
11545,10300,0,0930,0015,,,일반건축물,단독주택,다가구용 단독주택(4가구),99.2,51.35,135.84,19940507,2,1,서울특별시 금천구 시흥동 930-15번지
11545,10300,0,0930,0016,,,일반건축물,단독주택,다가구주택(5가구),86.7,53.55,135.44,19960209,2,1,서울특별시 금천구 시흥동 930-16번지
11545,10300,0,0930,0018,,,일반건축물,단독주택,단독주택,187.3,93.24,279.72,19890125,2,1,서울특별시 금천구 시흥동 930-18번지
11545,10300,0,0930,0019,,,일반건축물,단독주택,단독주택,187.92,93.59,280.77,19880818,2,1,서울특별시 금천구 시흥동 930-19번지
11545,10300,0,0930,0020,,,일반건축물,단독주택,단독주택,163.05,80.4,241.2,19870625,2,1,서울특별시 금천구 시흥동 930-20번지
11545,10300,0,0930,0021,,,일반건축물,단독주택,단독주택,159.4,79.38,238.14,19870625,2,1,서울특별시 금천구 시흥동 930-21번지
11545,10300,0,0930,0022,,,일반건축물,단독주택,주택,0,71.97,82.38,19760524,1,1,서울특별시 금천구 시흥동 930-22번지
11545,10300,0,0930,0028,,,일반건축물,단독주택,다가구용 단독주택(3가구),101.5,52.19,146.58,19910918,2,1,서울특별시 금천구 시흥동 930-28번지
11545,10300,0,0930,0029,,,일반건축물,단독주택,다가구용 단독주택(4가구),72.3,47.38,116.86,19930531,2,1,서울특별시 금천구 시흥동 930-29번지
11545,10300,0,0930,0030,,,일반건축물,단독주택,다가구용 단독주택(4가구),53.04,53.04,131.5,19930526,2,1,서울특별시 금천구 시흥동 930-30번지
11545,10300,0,0930,0031,,,일반건축물,단독주택,단독주택,0,38.88,111.78,19920618,2,1,서울특별시 금천구 시흥동 930-31번지
11545,10300,0,0930,0033,,,일반건축물,단독주택,다가구용 단독주택(3가구),107.5,64.48,167.68,19930521,2,1,서울특별시 금천구 시흥동 930-33번지
11545,10300,0,0930,0034,,,일반건축물,단독주택,단독주택,0,62.88,182.16,19920610,2,1,서울특별시 금천구 시흥동 930-34번지
11545,10300,0,0930,0035,,,일반건축물,단독주택,다가구용 단독주택(5가구),0,66.51,199.53,19920909,2,1,서울특별시 금천구 시흥동 930-35번지
11545,10300,0,0930,0036,,,일반건축물,단독주택,단독주택,168.4,82.41,247.23,19890529,2,1,서울특별시 금천구 시흥동 930-36번지
11545,10300,0,0930,0038,,,일반건축물,단독주택,단독주택,158.85,79.26,237.78,19870507,2,1,서울특별시 금천구 시흥동 930-38번지
11545,10300,0,0930,0040,,,일반건축물,단독주택,단독주택,142.6,68.31,207.63,19880729,2,1,서울특별시 금천구 시흥동 930-40번지
11545,10300,0,0930,0041,,,일반건축물,단독주택,다가구용 단독주택(5가구),119.8,69.09,199.77,19911220,2,1,서울특별시 금천구 시흥동 930-41번지
11545,10300,0,0930,0042,,,일반건축물,단독주택,다가구용 단독주택(6가구),138.65,74.2,222.6,19911014,2,1,서울특별시 금천구 시흥동 930-42번지
11545,10300,0,0930,0044,,,일반건축물,단독주택,단독주택,0,66.63,199.89,19920603,2,1,서울특별시 금천구 시흥동 930-44번지
11545,10300,0,0930,0045,,,일반건축물,단독주택,단독주택,104.2,51.9,155.7,19890803,2,1,서울특별시 금천구 시흥동 930-45번지
11545,10300,0,0930,0046,,,일반건축물,단독주택,단독주택,102.9,51.24,153.72,19880512,2,1,서울특별시 금천구 시흥동 930-46번지
11545,10300,0,0930,0047,,,일반건축물,단독주택,단독주택,115.85,57.63,172.89,19880711,2,1,서울특별시 금천구 시흥동 930-47번지
11545,10300,0,0930,0049,,,일반건축물,단독주택,다가구주택,114.9,56.88,170.64,19881117,2,1,서울특별시 금천구 시흥동 930-49번지
11545,10300,0,0930,0050,,,일반건축물,단독주택,단독주택,102.6,51.1,153.3,19890612,2,1,서울특별시 금천구 시흥동 930-50번지
11545,10300,0,0930,0051,,,표제부,공동주택,다세대주택,361.5,175.33,658.89,19940504,4,1,서울특별시 금천구 시흥동 930-51번지
11545,10300,0,0930,0052,,,일반건축물,단독주택,주택,0,62.81,143.14,19791130,2,1,서울특별시 금천구 시흥동 930-52번지
11545,10300,0,0930,0053,,,일반건축물,단독주택,주택,0,62.81,143.14,19791126,2,1,서울특별시 금천구 시흥동 930-53번지
11545,10300,0,0930,0054,,,일반건축물,단독주택,단독주택,145.5,86.93,260.17,20141230,4,0,서울특별시 금천구 시흥동 930-54번지
11545,10300,0,0930,0055,,,일반건축물,단독주택,다가구용 단독주택(8가구),134.8,79.17,230.67,19910502,2,1,서울특별시 금천구 시흥동 930-55번지
11545,10300,0,0930,0056,,,일반건축물,단독주택,주택,0,66.33,198.99,19870304,2,1,서울특별시 금천구 시흥동 930-56번지
11545,10300,0,0930,0057,,,일반건축물,단독주택,주택,0,63,189,19830402,2,1,서울특별시 금천구 시흥동 930-57번지
11545,10300,0,0930,0059,,,일반건축물,단독주택,주택,0,70.41,211.23,19880607,2,1,서울특별시 금천구 시흥동 930-59번지
11545,10300,0,0930,0060,,,일반건축물,단독주택,단독주택,62.2,36.54,106.14,19890422,2,1,서울특별시 금천구 시흥동 930-60번지
11545,10300,0,0930,0061,,,일반건축물,단독주택,단독주택,125.8,62.85,188.55,19880915,2,1,서울특별시 금천구 시흥동 930-61번지
11545,10300,0,0930,0063,,,일반건축물,단독주택,주택,0,59.83,135.53,19781226,2,1,서울특별시 금천구 시흥동 930-63번지
11545,10300,0,0930,0064,,,일반건축물,단독주택,단독주택,182.28,93.3,248.61,19830614,2,1,서울특별시 금천구 시흥동 930-64번지
11545,10300,0,0930,0066,,,일반건축물,단독주택,다가구용 단독주택(5가구),105.3,54.63,163.89,19911031,2,1,서울특별시 금천구 시흥동 930-66번지
11545,10300,0,0930,0067,,,일반건축물,단독주택,단독주택(3가구),116.1,57.87,173.61,19911031,2,1,서울특별시 금천구 시흥동 930-67번지
11545,10300,0,0930,0068,,,일반건축물,단독주택,다가구주택(5가구),119.7,68.76,199.53,19920206,2,1,서울특별시 금천구 시흥동 930-68번지
11545,10300,0,0930,0069,,,일반건축물,단독주택,단독주택,107.23,53.02,159.06,19891214,2,1,서울특별시 금천구 시흥동 930-69번지
11545,10300,0,0930,0070,백운별장,,표제부,공동주택,연립주택,783.9,404.85,2223.93,19961218,4,2,서울특별시 금천구 시흥동 930-70번지
11545,10300,0,0931,0000,,,일반건축물,단독주택,단독주택,107.9,53.66,160.98,19860428,2,1,서울특별시 금천구 시흥동 931번지
11545,10300,0,0931,0001,,,일반건축물,단독주택,다가구용 단독주택(5가구),111.1,66.63,186.72,19931221,2,1,서울특별시 금천구 시흥동 931-1번지
11545,10300,0,0931,0002,,,일반건축물,단독주택,단독주택,101.8,61.03,111.93,19750625,2,1,서울특별시 금천구 시흥동 931-2번지
11545,10300,0,0931,0003,,,일반건축물,단독주택,주택,0,62.98,72.4,19750418,1,1,서울특별시 금천구 시흥동 931-3번지
11545,10300,0,0931,0005,,,일반건축물,단독주택,단독주택,99.6,49.74,149.22,19890821,2,1,서울특별시 금천구 시흥동 931-5번지
11545,10300,0,0931,0006,,,일반건축물,단독주택,주택,0,61.03,120.89,19750625,2,1,서울특별시 금천구 시흥동 931-6번지
11545,10300,0,0931,0007,,,일반건축물,단독주택,단독주택,103.8,51.47,154.41,19890823,2,1,서울특별시 금천구 시흥동 931-7번지
11545,10300,0,0931,0008,,,일반건축물,단독주택,단독주택,102.6,51.18,153.54,19890823,2,1,서울특별시 금천구 시흥동 931-8번지
11545,10300,0,0931,0010,,,일반건축물,단독주택,단독주택,95.9,47.94,143.82,19890518,2,1,서울특별시 금천구 시흥동 931-10번지
11545,10300,0,0931,0011,,,일반건축물,단독주택,단독주택,108.9,54.05,162.15,19890825,2,1,서울특별시 금천구 시흥동 931-11번지
11545,10300,0,0931,0013,,,일반건축물,단독주택,"다가구주택, 제2종근린생활시설",171.3,67.61,179.46,19940802,2,1,서울특별시 금천구 시흥동 931-13번지
11545,10300,0,0931,0014,,,일반건축물,단독주택,다가구용 단독주택(5가구),103.5,61.86,178.38,19940330,3,0,서울특별시 금천구 시흥동 931-14번지
11545,10300,0,0931,0015,,,일반건축물,단독주택,다가구용 단독주택(5가구),160.5,88.46,249.84,19911107,2,1,서울특별시 금천구 시흥동 931-15번지
11545,10300,0,0931,0016,,,일반건축물,단독주택,단독주택,164.1,80.4,241.2,19851203,2,1,서울특별시 금천구 시흥동 931-16번지
11545,10300,0,0931,0017,,,일반건축물,단독주택,주택,0,66.21,134.88,19770610,2,1,서울특별시 금천구 시흥동 931-17번지
11545,10300,0,0931,0018,,,일반건축물,단독주택,주택,0,61.16,119.67,19780303,2,1,서울특별시 금천구 시흥동 931-18번지
11545,10300,0,0931,0020,,,일반건축물,단독주택,주택,0,61.16,119.67,19780318,2,1,서울특별시 금천구 시흥동 931-20번지
11545,10300,0,0931,0021,,,일반건축물,단독주택,단독주택,121.2,60.15,180.45,19870605,2,1,서울특별시 금천구 시흥동 931-21번지
11545,10300,0,0931,0022,,,일반건축물,단독주택,단독주택,98.7,49.05,147.15,19870625,2,1,서울특별시 금천구 시흥동 931-22번지
11545,10300,0,0931,0023,,,일반건축물,단독주택,주택(3가구),118.9,59.22,177.66,19880728,2,1,서울특별시 금천구 시흥동 931-23번지
11545,10300,0,0931,0024,,,일반건축물,단독주택,단독주택,95.5,47.37,142.11,19880817,2,1,서울특별시 금천구 시흥동 931-24번지
11545,10300,0,0931,0025,,,일반건축물,단독주택,다가구주택(2가구),113,67.64,172.68,20030519,3,0,서울특별시 금천구 시흥동 931-25번지
11545,10300,0,0931,0026,,,일반건축물,단독주택,"근린생활시설, 다가구용단독주택(3가구)",120.34,71.93,179.19,19940802,2,1,서울특별시 금천구 시흥동 931-26번지
11545,10300,0,0931,0027,,,일반건축물,단독주택,단독주택,152.4,75.96,227.88,19850919,2,1,서울특별시 금천구 시흥동 931-27번지
11545,10300,0,0931,0029,,,일반건축물,단독주택,주택,0,81.29,147.84,19710827,2,1,서울특별시 금천구 시흥동 931-29번지
11545,10300,0,0931,0030,,,일반건축물,단독주택,단독주택,120.6,60.12,182.52,19850904,2,1,서울특별시 금천구 시흥동 931-30번지
11545,10300,0,0931,0031,,,일반건축물,단독주택,단독주택,136.5,66.24,198.72,19851213,2,1,서울특별시 금천구 시흥동 931-31번지
11545,10300,0,0931,0032,,,일반건축물,단독주택,다가구용 단독주택(5가구),0,65.37,199.89,19920806,2,1,서울특별시 금천구 시흥동 931-32번지
11545,10300,0,0931,0033,,,일반건축물,단독주택,다가구용 단독주택,0,49.77,149.31,19920731,2,1,서울특별시 금천구 시흥동 931-33번지
11545,10300,0,0931,0034,,,일반건축물,단독주택,다가구용 단독주택(5가구),110.21,65.24,166.86,19921226,2,1,서울특별시 금천구 시흥동 931-34번지
11545,10300,0,0931,0036,,,표제부,공동주택,다세대주택,121.5,60.64,188,19860821,2,1,서울특별시 금천구 시흥동 931-36번지
11545,10300,0,0931,0037,,,일반건축물,단독주택,단독주택,125.5,62.52,187.56,19900731,2,1,서울특별시 금천구 시흥동 931-37번지
11545,10300,0,0931,0038,,,일반건축물,단독주택,다가구용 단독주택(5가구),92.2,53.28,149.04,19921224,2,1,서울특별시 금천구 시흥동 931-38번지
11545,10300,0,0931,0039,,,일반건축물,단독주택,다가구용 단독주택(5가구),100.4,58.14,149.22,19921226,2,1,서울특별시 금천구 시흥동 931-39번지
11545,10300,0,0931,0040,,,일반건축물,단독주택,주택,161.1,78.02,151.34,19741007,2,1,서울특별시 금천구 시흥동 931-40번지
11545,10300,0,0931,0041,,,일반건축물,단독주택,주택,0,67.17,73.75,19741228,1,1,서울특별시 금천구 시흥동 931-41번지
11545,10300,0,0931,0042,,,일반건축물,단독주택,주택,0,67.24,74.45,19750125,1,1,서울특별시 금천구 시흥동 931-42번지
11545,10300,0,0931,0043,,,일반건축물,단독주택,주택,0,70.25,132.57,19741204,2,1,서울특별시 금천구 시흥동 931-43번지
11545,10300,0,0931,0045,,,일반건축물,단독주택,단독주택,115.28,57.33,171.99,19860507,2,1,서울특별시 금천구 시흥동 931-45번지
11545,10300,0,0931,0046,,,일반건축물,단독주택,다가구용단독주택(4가구),68.78,68.78,185.34,19921110,2,1,서울특별시 금천구 시흥동 931-46번지
11545,10300,0,0931,0047,,,일반건축물,단독주택,다가구용단독주택(3가구),113.8,68.1,179.68,19971128,2,1,서울특별시 금천구 시흥동 931-47번지
11545,10300,0,0931,0048,,,일반건축물,단독주택,다가구주택,168.8,98.61,178.78,19760624,2,0,서울특별시 금천구 시흥동 931-48번지
11545,10300,0,0931,0049,,,일반건축물,단독주택,단독주택,117,58.44,175.32,19881125,2,1,서울특별시 금천구 시흥동 931-49번지
11545,10300,0,0931,0050,,,일반건축물,단독주택,단독주택,114.3,68.2,195.96,19910209,2,1,서울특별시 금천구 시흥동 931-50번지
11545,10300,0,0931,0051,,,일반건축물,단독주택,다가구용단독주택(3가구),114.9,68.2,195.96,19910725,2,1,서울특별시 금천구 시흥동 931-51번지
11545,10300,0,0931,0052,,,일반건축물,단독주택,"근린생활시설, 주택",0,96.81,377.16,19920825,3,1,서울특별시 금천구 시흥동 931-52번지
11545,10300,0,0931,0054,한백아트,,표제부,공동주택,공동주택,230.1,121.1,344.68,20131111,5,0,서울특별시 금천구 시흥동 931-54번지
11545,10300,0,0932,0000,청명빌라,,표제부,공동주택,다세대주택,358.2,211.54,658.89,19971025,4,0,서울특별시 금천구 시흥동 932번지
11545,10300,0,0932,0002,,,일반건축물,단독주택,주택,0,78.68,163.97,19780626,2,1,서울특별시 금천구 시흥동 932-2번지
11545,10300,0,0932,0003,,,일반건축물,단독주택,주택,0,59.6,118.44,19701202,2,0,서울특별시 금천구 시흥동 932-3번지
11545,10300,0,0932,0004,,,일반건축물,단독주택,주택,0,68.49,205.47,19830629,2,1,서울특별시 금천구 시흥동 932-4번지
11545,10300,0,0932,0005,,,일반건축물,단독주택,단독주택,151.5,71.01,213.03,19880715,2,1,서울특별시 금천구 시흥동 932-5번지
11545,10300,0,0932,0006,,,일반건축물,제2종근린생활시설,제2종근린생활시설(종교집회장),150.84,72.28,209.72,19851105,2,1,서울특별시 금천구 시흥동 932-6번지
11545,10300,0,0932,0008,고센아트빌,,표제부,공동주택,공동주택,266.6,147.28,399.47,20170922,5,0,서울특별시 금천구 시흥동 932-8번지
11545,10300,0,0932,0011,,,일반건축물,단독주택,다가구주택(5가구),109.5,55.26,149.85,19920127,2,1,서울특별시 금천구 시흥동 932-11번지
11545,10300,0,0932,0014,,,일반건축물,단독주택,단독주택,113.1,56.15,168.45,19860804,2,1,서울특별시 금천구 시흥동 932-14번지
11545,10300,0,0932,0015,,,일반건축물,단독주택,단독주택,118.5,59.16,197.16,19860609,2,1,서울특별시 금천구 시흥동 932-15번지
11545,10300,0,0932,0016,,,일반건축물,단독주택,단독주택,119.3,59.16,192.84,19870404,2,1,서울특별시 금천구 시흥동 932-16번지
11545,10300,0,0932,0017,,,일반건축물,단독주택,주택,0,70.18,157.69,19770622,2,1,서울특별시 금천구 시흥동 932-17번지
11545,10300,0,0932,0018,,,일반건축물,단독주택,주택,0,74.31,143.53,19770620,2,1,서울특별시 금천구 시흥동 932-18번지
11545,10300,0,0932,0020,,,일반건축물,단독주택,다가구용 단독주택(5가구),105,61.56,179.55,19911120,2,1,서울특별시 금천구 시흥동 932-20번지
11545,10300,0,0932,0021,932맨션,,일반건축물,제1종근린생활시설,제1종근린생활시설(휴게음식점),115.5,57.6,172.8,19860723,2,1,서울특별시 금천구 시흥동 932-21번지
11545,10300,0,0932,0022,,,일반건축물,단독주택,단독주택,238,134.62,263.6,20001013,3,0,서울특별시 금천구 시흥동 932-22번지
11545,10300,0,0932,0023,,,일반건축물,단독주택,주택,0,64.31,195.97,19880909,2,1,서울특별시 금천구 시흥동 932-23번지
11545,10300,0,0932,0025,타임아트빌,,표제부,공동주택,공동주택,353.4,211.98,523.02,20190821,5,0,서울특별시 금천구 시흥동 932-25번지
11545,10300,0,0932,0027,,,일반건축물,단독주택,다가구용단독주택(5가구),0,49.95,149.85,19911220,2,1,서울특별시 금천구 시흥동 932-27번지
11545,10300,0,0932,0028,,,일반건축물,단독주택,단독주택,0,62.04,186.12,19911220,2,1,서울특별시 금천구 시흥동 932-28번지
11545,10300,0,0932,0029,,,일반건축물,단독주택,다가구용 단독주택,105.4,63,170.91,19951030,2,1,서울특별시 금천구 시흥동 932-29번지
11545,10300,0,0932,0031,,,일반건축물,단독주택,단독주택,101.6,43.88,131.64,19880726,2,1,서울특별시 금천구 시흥동 932-31번지
11545,10300,0,0932,0032,,,일반건축물,단독주택,단독주택,100,49.74,149.22,19880801,2,1,서울특별시 금천구 시흥동 932-32번지
11545,10300,0,0932,0033,,,일반건축물,단독주택,단독주택,107.1,53.16,159.48,19870703,2,1,서울특별시 금천구 시흥동 932-33번지
11545,10300,0,0932,0034,,,일반건축물,단독주택,주택,0,52.89,111.4,19780216,2,1,서울특별시 금천구 시흥동 932-34번지
11545,10300,0,0932,0035,,,일반건축물,단독주택,다가구주택(3가구),105.7,63.24,179.82,19970502,2,1,서울특별시 금천구 시흥동 932-35번지
11545,10300,0,0932,0036,,,일반건축물,단독주택,다가구주택(3가구),98.5,59.08,168.7,19970425,2,1,서울특별시 금천구 시흥동 932-36번지
11545,10300,0,0932,0037,,,일반건축물,단독주택,다가구용 단독주택(4가구),100.8,60.42,230.64,19970425,3,1,서울특별시 금천구 시흥동 932-37번지
11545,10300,0,0932,0039,,,일반건축물,단독주택,주택,0,60.83,128.6,19780401,2,1,서울특별시 금천구 시흥동 932-39번지
11545,10300,0,0932,0040,,,일반건축물,단독주택,"근린생활시설, 주택",137.8,82.2,328.8,19910718,3,1,서울특별시 금천구 시흥동 932-40번지
11545,10300,0,0933,0000,그린피아,,표제부,공동주택,다세대주택,200.5,119.06,558.93,20021023,4,1,서울특별시 금천구 시흥동 933번지
11545,10300,0,0933,0001,,,일반건축물,단독주택,단독주택,165,80.75,242.25,19850810,2,1,서울특별시 금천구 시흥동 933-1번지
11545,10300,0,0933,0002,,,일반건축물,단독주택,단독주택,160.3,79.74,239.22,19871221,2,1,서울특별시 금천구 시흥동 933-2번지
11545,10300,0,0933,0003,,,일반건축물,단독주택,단독주택,164.6,79.5,238.5,19850830,2,1,서울특별시 금천구 시흥동 933-3번지
11545,10300,0,0933,0004,,,일반건축물,단독주택,주택,0,76.03,176.93,19761207,3,1,서울특별시 금천구 시흥동 933-4번지
11545,10300,0,0933,0005,,,일반건축물,단독주택,주택,0,84.53,163.59,19770723,2,1,서울특별시 금천구 시흥동 933-5번지
11545,10300,0,0933,0006,한솔시티빌,,표제부,공동주택,공동주택,313.2,177.17,468.81,20180109,5,0,서울특별시 금천구 시흥동 933-6번지
11545,10300,0,0933,0008,,,일반건축물,단독주택,주택,0,82.87,165.16,19741212,2,1,서울특별시 금천구 시흥동 933-8번지
11545,10300,0,0933,0012,,,일반건축물,단독주택,다가구주택(4가구),94.9,52.17,154.65,19920305,2,1,서울특별시 금천구 시흥동 933-12번지
11545,10300,0,0933,0013,,,일반건축물,단독주택,다가구주택(7가구),172.3,85.55,249.3,19920206,2,1,서울특별시 금천구 시흥동 933-13번지
11545,10300,0,0933,0014,,,일반건축물,단독주택,단독주택,161.5,80.55,241.65,19900816,2,1,서울특별시 금천구 시흥동 933-14번지
11545,10300,0,0933,0015,,,일반건축물,단독주택,단독주택,163.3,81.48,244.44,19891229,2,1,서울특별시 금천구 시흥동 933-15번지
11545,10300,0,0933,0016,,,일반건축물,단독주택,단독주택,166.7,82.28,246.84,19851203,2,1,서울특별시 금천구 시흥동 933-16번지
11545,10300,0,0933,0017,,,일반건축물,단독주택,단독주택,167,82.44,247.32,19891005,2,1,서울특별시 금천구 시흥동 933-17번지
11545,10300,0,0933,0018,,,일반건축물,단독주택,다가구용단독주택(6가구),163.2,83.16,249.48,19910610,2,1,서울특별시 금천구 시흥동 933-18번지
11545,10300,0,0933,0019,,,일반건축물,단독주택,주택,0,86.38,163.57,19750816,2,1,서울특별시 금천구 시흥동 933-19번지
11545,10300,0,0933,0020,,,일반건축물,단독주택,주택,0,80.97,242.91,19850719,2,1,서울특별시 금천구 시흥동 933-20번지
11545,10300,0,0933,0021,,,일반건축물,단독주택,단독주택,158.4,78.78,249.64,19850923,2,1,서울특별시 금천구 시흥동 933-21번지
11545,10300,0,0933,0022,,,일반건축물,단독주택,다가구용단독주택(8가구),211.8,105.78,317.34,19900920,2,1,서울특별시 금천구 시흥동 933-22번지
11545,10300,0,0933,0026,,,일반건축물,단독주택,주택,0,60.62,181.86,19880618,2,1,서울특별시 금천구 시흥동 933-26번지
11545,10300,0,0933,0028,,,일반건축물,단독주택,다가구용단독주택(5가구),116,69.57,193.71,19940830,3,0,서울특별시 금천구 시흥동 933-28번지
11545,10300,0,0933,0029,,,일반건축물,단독주택,다가구용단독주택(5가구),132.7,69.74,206.64,19911031,2,1,서울특별시 금천구 시흥동 933-29번지
11545,10300,0,0933,0030,,,일반건축물,단독주택,주택,0,62.15,131.9,19790912,2,1,서울특별시 금천구 시흥동 933-30번지
11545,10300,0,0933,0031,,,일반건축물,단독주택,주택,0,61.49,132.57,19800211,2,1,서울특별시 금천구 시흥동 933-31번지
11545,10300,0,0933,0032,,,일반건축물,단독주택,주택,0,61.49,132.57,19790922,2,1,서울특별시 금천구 시흥동 933-32번지
11545,10300,0,0933,0033,,,표제부,공동주택,다세대주택,387.8,202.74,644.4,19940702,3,1,서울특별시 금천구 시흥동 933-33번지
11545,10300,0,0933,0034,,,일반건축물,단독주택,주택,0,62.81,132.9,19780818,2,1,서울특별시 금천구 시흥동 933-34번지
11545,10300,0,0933,0035,,,일반건축물,단독주택,주택,0,62.81,132.9,19780818,2,1,서울특별시 금천구 시흥동 933-35번지
11545,10300,0,0933,0036,,,일반건축물,단독주택,다가구용단독주택(7가구),176.6,87.15,268.83,19901126,2,1,서울특별시 금천구 시흥동 933-36번지
11545,10300,0,0933,0038,,,일반건축물,단독주택,"주택, 점포",0,75.7,183.71,19780308,3,1,서울특별시 금천구 시흥동 933-38번지
11545,10300,0,0933,0039,,,일반건축물,단독주택,단독주택,124.1,61.88,196.74,19850806,2,1,서울특별시 금천구 시흥동 933-39번지
11545,10300,0,0933,0040,,,일반건축물,단독주택,주택,0,58.47,175.41,19880216,2,1,서울특별시 금천구 시흥동 933-40번지
11545,10300,0,0933,0041,,,일반건축물,단독주택,주택,0,70.31,93.62,19760524,1,1,서울특별시 금천구 시흥동 933-41번지
11545,10300,0,0933,0042,,,일반건축물,단독주택,단독주택,123.6,61.54,184.62,19900830,2,1,서울특별시 금천구 시흥동 933-42번지
11545,10300,0,0933,0043,,,일반건축물,단독주택,단독주택,122.2,61.04,183.12,19900831,2,1,서울특별시 금천구 시흥동 933-43번지
11545,10300,0,0933,0044,,,일반건축물,단독주택,주택,0,58.84,135.86,19790514,2,1,서울특별시 금천구 시흥동 933-44번지
11545,10300,0,0933,0045,,,일반건축물,단독주택,다가구주택(6가구),121.1,66.51,199.53,19920206,2,1,서울특별시 금천구 시흥동 933-45번지
11545,10300,0,0933,0047,,,일반건축물,단독주택,단독주택,117.31,58.56,175.68,19860522,2,1,서울특별시 금천구 시흥동 933-47번지
11545,10300,0,0933,0048,,,일반건축물,단독주택,다가구용단독주택(5가구),0,65.84,197.52,19920702,2,1,서울특별시 금천구 시흥동 933-48번지
11545,10300,0,0933,0049,,,일반건축물,단독주택,다가구용단독주택(4가구),118,66.75,199.77,19910209,2,1,서울특별시 금천구 시흥동 933-49번지
11545,10300,0,0933,0050,,,일반건축물,단독주택,단독주택,118.4,58.92,176.76,19871201,2,1,서울특별시 금천구 시흥동 933-50번지
11545,10300,0,0933,0051,,,일반건축물,단독주택,다가구용단독주택(5가구),0,64.96,194.88,19920721,2,1,서울특별시 금천구 시흥동 933-51번지
11545,10300,0,0933,0052,,,일반건축물,단독주택,다가구용단독주택(5가구),0,64.2,192.6,19920720,2,1,서울특별시 금천구 시흥동 933-52번지
11545,10300,0,0933,0053,,,일반건축물,단독주택,주택,0,52.83,104.27,19751213,2,1,서울특별시 금천구 시흥동 933-53번지
11545,10300,0,0933,0054,,,일반건축물,단독주택,주택,0,60.36,125.69,19760210,2,1,서울특별시 금천구 시흥동 933-54번지
11545,10300,0,0933,0055,,,일반건축물,단독주택,주택,0,56.2,130.91,19780622,2,1,서울특별시 금천구 시흥동 933-55번지
11545,10300,0,0933,0056,,,일반건축물,단독주택,다가구용단독주택(5가구),107.3,63.1,189.3,19911011,2,1,서울특별시 금천구 시흥동 933-56번지
11545,10300,0,0933,0057,,,표제부,공동주택,연립주택,0,72.63,158.65,19770302,2,1,서울특별시 금천구 시흥동 933-57번지
11545,10300,0,0933,0058,,,일반건축물,단독주택,다가구용단독주택(6가구),132.2,71.72,214.66,19911220,2,1,서울특별시 금천구 시흥동 933-58번지
11545,10300,0,0933,0059,,,일반건축물,단독주택,다가구용단독주택(5가구),117.7,70.59,190.08,19931111,2,1,서울특별시 금천구 시흥동 933-59번지
11545,10300,0,0933,0060,,,일반건축물,단독주택,다가구용단독주택(5가구),115,68.97,179.28,19931026,2,1,서울특별시 금천구 시흥동 933-60번지
11545,10300,0,0933,0062,,,일반건축물,단독주택,다가구용단독주택(5가구),155.49,86.26,199.53,19931018,2,1,서울특별시 금천구 시흥동 933-62번지
11545,10300,0,0933,0063,,,일반건축물,단독주택,주택,0,63.74,98.19,19760407,2,1,서울특별시 금천구 시흥동 933-63번지
11545,10300,0,0933,0064,,,표제부,공동주택,다세대주택,194.7,116.31,547.75,20020108,4,1,서울특별시 금천구 시흥동 933-64번지
11545,10300,0,0933,0065,,,일반건축물,단독주택,주택,0,55.87,80,19770818,2,1,서울특별시 금천구 시흥동 933-65번지
11545,10300,0,0933,0066,,,일반건축물,단독주택,다가구용단독주택(6가구),183.4,91.62,274.86,19900928,2,1,서울특별시 금천구 시흥동 933-66번지
11545,10300,0,0933,0067,,,일반건축물,단독주택,단독주택,111.4,55.44,166.32,19860808,2,1,서울특별시 금천구 시흥동 933-67번지
11545,10300,0,0934,0000,,,일반건축물,단독주택,"주택, 점포, 제2종근린생활시설",0,53.85,97.55,19761112,2,1,서울특별시 금천구 시흥동 934번지
11545,10300,0,0934,0001,,,일반건축물,단독주택,다가구용 단독주택(4가구),98.7,59.16,236.64,19931129,3,1,서울특별시 금천구 시흥동 934-1번지
11545,10300,0,0934,0003,,,일반건축물,단독주택,단독주택,99.8,49.77,149.31,19870917,2,1,서울특별시 금천구 시흥동 934-3번지
11545,10300,0,0934,0004,드웰하우스,,표제부,공동주택,"제2종근린생활시설, 공동주택",375.4,216.88,958.54,20190809,5,1,서울특별시 금천구 시흥동 934-4번지
11545,10300,0,0934,0009,,,일반건축물,단독주택,주택,0,65.79,158.35,19771007,2,1,서울특별시 금천구 시흥동 934-9번지
11545,10300,0,0934,0010,,,일반건축물,단독주택,주택,0,58.51,142.61,19770804,2,1,서울특별시 금천구 시흥동 934-10번지
11545,10300,0,0934,0014,,,일반건축물,단독주택,주택,0,55.87,142.15,19781103,2,1,서울특별시 금천구 시흥동 934-14번지
11545,10300,0,0934,0015,,,일반건축물,단독주택,주택,0,64.79,125.95,19810430,2,0,서울특별시 금천구 시흥동 934-15번지
11545,10300,0,0934,0016,,,일반건축물,단독주택,단독주택,119.7,59.58,178.74,19900801,2,1,서울특별시 금천구 시흥동 934-16번지
11545,10300,0,0934,0017,,,일반건축물,단독주택,단독주택,130.1,64.41,193.23,19900830,2,1,서울특별시 금천구 시흥동 934-17번지
11545,10300,0,0934,0022,,,일반건축물,단독주택,주택,132.7,67.27,147.37,19760420,2,1,서울특별시 금천구 시흥동 934-22번지
11545,10300,0,0934,0023,,,일반건축물,단독주택,단독주택,146.7,72.54,217.62,19910123,2,1,서울특별시 금천구 시흥동 934-23번지
11545,10300,0,0934,0024,,,일반건축물,단독주택,단독주택,141.2,70.56,211.68,19900702,2,1,서울특별시 금천구 시흥동 934-24번지
11545,10300,0,0934,0025,,,일반건축물,단독주택,주택,0,74.31,146.06,19760712,2,1,서울특별시 금천구 시흥동 934-25번지
11545,10300,0,0934,0026,첼시하우스8,,표제부,공동주택,다세대주택(도시형생활주택/단지형다세대주택),0,210.2,659.6,20200714,5,0,서울특별시 금천구 시흥동 934-26번지
11545,10300,0,0934,0026,첼시하우스8,,표제부,공동주택,다세대주택(도시형생활주택/단지형다세대주택),0,210.2,655.44,20200714,5,0,서울특별시 금천구 시흥동 934-26번지
11545,10300,0,0934,0032,,,일반건축물,단독주택,"주택, 근린생활시설",0,78.58,161.71,19751230,2,1,서울특별시 금천구 시흥동 934-32번지
11545,10300,0,0934,0033,,,일반건축물,단독주택,주택,0,79.54,161.16,19751230,2,1,서울특별시 금천구 시흥동 934-33번지
11545,10300,0,0934,0034,포그니빌2,,표제부,공동주택,공동주택,251.1,147.9,499.02,20200923,5,0,서울특별시 금천구 시흥동 934-34번지
11545,10300,0,0934,0036,,,일반건축물,단독주택,다가구용 단독주택(3가구),124.9,74.83,234.17,19970701,3,1,서울특별시 금천구 시흥동 934-36번지
11545,10300,0,0934,0038,,,일반건축물,단독주택,주택,0,69.42,128.93,19771123,2,1,서울특별시 금천구 시흥동 934-38번지
11545,10300,0,0934,0039,,,일반건축물,단독주택,다가구용단독주택(7가구),128.2,76.68,222.48,19910701,2,1,서울특별시 금천구 시흥동 934-39번지
11545,10300,0,0935,0000,백운타워,,표제부,제2종근린생활시설,"제1종.제2종근린생활시설,오피스텔,단독주택",810,432.84,2994.63,20041002,8,1,서울특별시 금천구 시흥동 935번지
11545,10300,0,0935,0001,백운매트로엔,,표제부,업무시설,업무시설(오피스텔),353.4,165.24,1055.04,20030707,7,0,서울특별시 금천구 시흥동 935-1번지
11545,10300,0,0935,0002,,,일반건축물,노유자시설,"교육연구및복지시설,근린생활시설,주택",386.6,229.29,878.86,19781122,4,1,서울특별시 금천구 시흥동 935-2번지
11545,10300,0,0935,0006,,,일반건축물,단독주택,주택,0,88.5,162.39,19760818,2,1,서울특별시 금천구 시흥동 935-6번지
11545,10300,0,0935,0007,,,일반건축물,단독주택,단독주택,124.7,62.16,186.48,19910213,2,1,서울특별시 금천구 시흥동 935-7번지
11545,10300,0,0935,0008,,,일반건축물,단독주택,단독주택,140.3,69.93,209.79,19860822,2,1,서울특별시 금천구 시흥동 935-8번지
11545,10300,0,0935,0010,,,일반건축물,단독주택,단독주택,126,62.64,187.92,19860501,2,1,서울특별시 금천구 시흥동 935-10번지
11545,10300,0,0935,0011,,,일반건축물,단독주택,다세대주택,0,66.42,196.02,19860124,2,1,서울특별시 금천구 시흥동 935-11번지
11545,10300,0,0935,0012,,,일반건축물,단독주택,다가구용단독주택(5가구),125.1,67.85,199.89,19911107,2,1,서울특별시 금천구 시흥동 935-12번지
11545,10300,0,0935,0013,시흥파크빌,,표제부,공동주택,공동주택,251.3,150.35,485.09,20180719,5,0,서울특별시 금천구 시흥동 935-13번지
11545,10300,0,0935,0014,,,일반건축물,단독주택,"단독주택,제1종근린생활시설(소매점)",135.4,66.9,200.7,19860529,2,1,서울특별시 금천구 시흥동 935-14번지
11545,10300,0,0935,0015,,,일반건축물,단독주택,주택,0,68.1,204.3,19860729,2,1,서울특별시 금천구 시흥동 935-15번지
11545,10300,0,0935,0016,,,일반건축물,단독주택,다가구용단독주택(6가구),134.9,70.82,199.98,19911004,2,1,서울특별시 금천구 시흥동 935-16번지
11545,10300,0,0935,0017,,,일반건축물,단독주택,다가구용단독주택(6가구),142.3,85.11,255.33,19930518,2,1,서울특별시 금천구 시흥동 935-17번지
11545,10300,0,0935,0019,,,일반건축물,제2종근린생활시설,"근린생할시설, 주택",303.18,151.4,596.5,19881230,3,1,서울특별시 금천구 시흥동 935-19번지
11545,10300,0,0935,0021,,,일반건축물,단독주택,다가구용 단독주택(5가구),142.27,80.17,234.09,19910506,2,1,서울특별시 금천구 시흥동 935-21번지
11545,10300,0,0935,0027,,,일반건축물,제2종근린생활시설,"근린생활시설, 주택",344.3,171.02,853.4,19900806,4,1,서울특별시 금천구 시흥동 935-27번지
11545,10300,0,0935,0028,,,일반건축물,단독주택,"주택,근린생활시설",165.6,81.9,327.6,19890824,3,1,서울특별시 금천구 시흥동 935-28번지
11545,10300,0,0935,0029,,,일반건축물,단독주택,주택,0,50.78,129.11,19690510,3,1,서울특별시 금천구 시흥동 935-29번지
11545,10300,0,0935,0030,,,일반건축물,단독주택,주택,0,65.16,195.48,19831206,2,1,서울특별시 금천구 시흥동 935-30번지
11545,10300,0,0935,0031,,,일반건축물,단독주택,주택,0,53.7,161.1,19850909,2,1,서울특별시 금천구 시흥동 935-31번지
11545,10300,0,0935,0032,,,일반건축물,단독주택,주택,0,50.21,50.21,19830422,1,0,서울특별시 금천구 시흥동 935-32번지
11545,10300,0,0935,0034,,,일반건축물,단독주택,단독주택,192.65,85.84,247.14,19900718,2,1,서울특별시 금천구 시흥동 935-34번지
11545,10300,0,0935,0036,,,표제부,공동주택,다세대주택,177.63,105.84,385.96,20020220,4,0,서울특별시 금천구 시흥동 935-36번지
11545,10300,0,0935,0038,,,일반건축물,단독주택,다가구용 단독주택(5가구),119.1,62.7,168.72,19910701,2,1,서울특별시 금천구 시흥동 935-38번지
11545,10300,0,0935,0039,,,일반건축물,단독주택,다가구용 단독주택(4가구),90.85,54.25,161.47,19910805,2,1,서울특별시 금천구 시흥동 935-39번지
11545,10300,0,0935,0040,,,일반건축물,단독주택,주택,0,101.5,304.5,19830822,2,1,서울특별시 금천구 시흥동 935-40번지
11545,10300,0,0935,0041,,,일반건축물,단독주택,"근린생활시설, 주택",140.15,69.93,163.17,19851216,2,1,서울특별시 금천구 시흥동 935-41번지
11545,10300,0,0935,0042,,,표제부,공동주택,다세대주택,226.7,135.86,499.08,20020718,4,0,서울특별시 금천구 시흥동 935-42번지
11545,10300,0,0935,0043,,,일반건축물,단독주택,다가구용단독주택(5가구),163.6,98.1,284.67,19970422,2,1,서울특별시 금천구 시흥동 935-43번지
11545,10300,0,0935,0044,,,일반건축물,단독주택,단독주택,158.2,78.98,236.94,19901224,2,1,서울특별시 금천구 시흥동 935-44번지
11545,10300,0,0935,0045,,,일반건축물,단독주택,단독주택,164.5,81.43,236.15,19850723,2,1,서울특별시 금천구 시흥동 935-45번지
11545,10300,0,0935,0048,,,일반건축물,단독주택,주택,0,82.08,246.24,19831024,2,1,서울특별시 금천구 시흥동 935-48번지
11545,10300,0,0935,0049,,,표제부,공동주택,다세대주택,201.7,100.58,304.04,19860416,2,1,서울특별시 금천구 시흥동 935-49번지
11545,10300,0,0935,0050,,,일반건축물,단독주택,단독주택,138.7,69.15,207.45,19860821,2,1,서울특별시 금천구 시흥동 935-50번지
11545,10300,0,0935,0051,,,일반건축물,단독주택,단독주택,135,67,201,19850916,2,1,서울특별시 금천구 시흥동 935-51번지
11545,10300,0,0935,0052,,,일반건축물,단독주택,"주택, 제2종근린생활시설",0,66.96,200.88,19841126,2,1,서울특별시 금천구 시흥동 935-52번지
11545,10300,0,0935,0053,,,일반건축물,단독주택,단독주택,189.8,88.78,249.24,19881102,2,1,서울특별시 금천구 시흥동 935-53번지
11545,10300,0,0935,0054,,,일반건축물,단독주택,주택,0,79.91,239.73,19871017,2,1,서울특별시 금천구 시흥동 935-54번지
11545,10300,0,0935,0058,백운베스트빌1,,일반건축물,단독주택,"단독주택, 근린생활시설",166.3,99.7,332.37,20170928,4,0,서울특별시 금천구 시흥동 935-58번지
11545,10300,0,0935,0060,,,일반건축물,단독주택,다가구용단독주택(3가구),0,66.57,199.71,19910713,2,1,서울특별시 금천구 시흥동 935-60번지
11545,10300,0,0935,0062,,,일반건축물,단독주택,주택,0,76.36,163.64,19780719,2,1,서울특별시 금천구 시흥동 935-62번지
11545,10300,0,0935,0066,,,일반건축물,단독주택,주택,0,50.7,152.1,19840612,2,1,서울특별시 금천구 시흥동 935-66번지
11545,10300,0,0935,0067,,,일반건축물,단독주택,주택,0,42.81,82.38,19750903,2,0,서울특별시 금천구 시흥동 935-67번지
11545,10300,0,0935,0068,,,일반건축물,단독주택,다가구용 단독주택(7가구),139.4,79.52,236.61,19911116,2,2,서울특별시 금천구 시흥동 935-68번지
11545,10300,0,0935,0071,,,일반건축물,단독주택,"다가구용 단독주택(5가구),제2종근린생활시설(일반음식점)",156.6,96.27,291.21,19910725,2,1,서울특별시 금천구 시흥동 935-71번지
11545,10300,0,0935,0076,,,일반건축물,단독주택,주택,0,63.34,102.29,19761020,2,1,서울특별시 금천구 시흥동 935-76번지
11545,10300,0,0935,0077,,,일반건축물,단독주택,주택,0,72.36,82.38,19741221,1,1,서울특별시 금천구 시흥동 935-77번지
11545,10300,0,0935,0079,,,일반건축물,단독주택,다가구용 단독주택(3가구),115.8,63.75,173.25,19960326,2,1,서울특별시 금천구 시흥동 935-79번지
11545,10300,0,0935,0080,,,일반건축물,단독주택,다가구용 단독주택(5가구),129.6,66.6,199.8,19910422,2,1,서울특별시 금천구 시흥동 935-80번지
11545,10300,0,0935,0081,,,일반건축물,단독주택,다가구용단독주택(7가구),0,83.01,249.03,19920827,2,1,서울특별시 금천구 시흥동 935-81번지
11545,10300,0,0935,0083,시흥펠리체,,표제부,공동주택,공동주택,277.7,166.49,546.49,20191129,5,0,서울특별시 금천구 시흥동 935-83번지
11545,10300,0,0935,0085,,,일반건축물,단독주택,다가구용 단독주택(4가구),137.5,68.67,206.01,19910121,2,1,서울특별시 금천구 시흥동 935-85번지
11545,10300,0,0935,0086,,,일반건축물,단독주택,"제2종근린생활시설, 다가구용 단독주택(4가구)",150.9,90.24,270.72,19931015,2,1,서울특별시 금천구 시흥동 935-86번지
11545,10300,0,0935,0088,,,일반건축물,단독주택,다가구주택(6가구),169.4,84.81,247.77,19920601,2,1,서울특별시 금천구 시흥동 935-88번지
11545,10300,0,0935,0089,,,일반건축물,단독주택,"주택, 제2종근린생활시설(학원)",128.1,71.33,139.89,19740916,2,1,서울특별시 금천구 시흥동 935-89번지
11545,10300,0,0936,0000,,,일반건축물,제2종근린생활시설,"제2종근린생활시설,근린생활시설",598.5,281.02,1088.83,19940427,3,1,서울특별시 금천구 시흥동 936번지
11545,10300,0,0936,0001,극동빌딩,,표제부,제1종근린생활시설,"제1종근린생활시설,제2종근린생활시설",1165.9,587.04,2999.82,20050117,4,1,서울특별시 금천구 시흥동 936-1번지
11545,10300,0,0936,0003,.,,일반건축물,제2종근린생활시설,제2종근린생활시설,0,32,64,20210108,2,0,서울특별시 금천구 시흥동 936-3번지
11545,10300,0,0936,0003,,,일반건축물,제2종근린생활시설,제2종근린생활시설,0,156,312,20031006,2,0,서울특별시 금천구 시흥동 936-3번지
11545,10300,0,0936,0004,,,일반건축물,제2종근린생활시설,제2종근린생활시설,279.5,137.52,137.52,19861216,1,0,서울특별시 금천구 시흥동 936-4번지
11545,10300,0,0936,0005,효림빌딩,,일반건축물,제2종근린생활시설,"단독주택, 제2종근린생활시설",314.4,149.22,780.99,20180510,6,1,서울특별시 금천구 시흥동 936-5번지
11545,10300,0,0936,0006,,,일반건축물,제2종근린생활시설,제2종근린생활시설,298.2,178.82,334.6,20080602,2,0,서울특별시 금천구 시흥동 936-6번지
11545,10300,0,0936,0007,,,일반건축물,제2종근린생활시설,제2종근린생활시설,0,101.84,179.31,20090924,2,0,서울특별시 금천구 시흥동 936-7번지
11545,10300,0,0936,0007,,,일반건축물,제2종근린생활시설,제2종근린생활시설,0,4.84,4.84,20100520,1,0,서울특별시 금천구 시흥동 936-7번지
11545,10300,0,0936,0008,성석교회,,일반건축물,종교시설,"교회,단독주택",663.2,385.04,1989.03,20040629,5,3,서울특별시 금천구 시흥동 936-8번지
11545,10300,0,0936,0010,,,표제부,공동주택,다세대주택,407.6,161.17,579.51,19930521,3,1,서울특별시 금천구 시흥동 936-10번지
11545,10300,0,0936,0012,,,표제부,공동주택,다세대주택,267.8,139.71,582.49,19920413,4,1,서울특별시 금천구 시흥동 936-12번지
11545,10300,0,0936,0013,,,일반건축물,노유자시설,"근린생활시설, 주택",267.84,132,599.4,19851230,3,2,서울특별시 금천구 시흥동 936-13번지
11545,10300,0,0936,0014,,,일반건축물,제2종근린생활시설,"제1,2종근린생활시설",0,166.94,667.76,19791213,3,1,서울특별시 금천구 시흥동 936-14번지
11545,10300,0,0937,0000,,,일반건축물,단독주택,주택(종교시설),262.7,87.25,220.23,19770729,2,1,서울특별시 금천구 시흥동 937번지
11545,10300,0,0937,0001,,,일반건축물,종교시설,사제관,0,205,820,19840720,3,1,서울특별시 금천구 시흥동 937-1번지
11545,10300,0,0937,0001,,,일반건축물,종교시설,교회,0,481.5,1039.84,19781229,2,1,서울특별시 금천구 시흥동 937-1번지
11545,10300,0,0937,0002,금천문화회관,,일반건축물,교육연구시설,교육연구시설,4835.2,376.69,2025.2,20081010,3,2,서울특별시 금천구 시흥동 937-2번지
11545,10300,0,0937,0011,훼미리맨숀,,표제부,공동주택,연립주택,0,280.33,1121.32,19821221,3,1,서울특별시 금천구 시흥동 937-11번지
11545,10300,0,0937,0012,청기와맨숀,,표제부,공동주택,연립주택,0,271.5,1086,19830423,3,1,서울특별시 금천구 시흥동 937-12번지
11545,10300,0,0937,0013,,,표제부,공동주택,다세대주택,330.6,98.56,328.5,19860725,3,1,서울특별시 금천구 시흥동 937-13번지
11545,10300,0,0937,0015,훼미리맨숀,,표제부,공동주택,연립주택,0,284.63,1138.52,19821221,3,1,서울특별시 금천구 시흥동 937-15번지
11545,10300,0,0937,0016,훼미리맨숀,,표제부,공동주택,연립주택,0,319.01,1276.04,19821221,3,1,서울특별시 금천구 시흥동 937-16번지
11545,10300,0,0937,0017,훼밀리연립,,표제부,공동주택,연립주택,0,319.01,1276.04,19821221,3,1,서울특별시 금천구 시흥동 937-17번지
11545,10300,0,0937,0017,,,표제부,제1종근린생활시설,근린생활시설,0,66,198,19830602,2,1,서울특별시 금천구 시흥동 937-17번지
11545,10300,0,0937,0025,청기와그린맨숀,,표제부,공동주택,연립주택,1136,340.62,1362.48,19850128,3,1,서울특별시 금천구 시흥동 937-25번지
11545,10300,0,0937,0026,청기와그린맨숀,,표제부,공동주택,연립주택,0,340.74,1362.96,19850129,3,1,서울특별시 금천구 시흥동 937-26번지
11545,10300,0,0938,0007,,,일반건축물,단독주택,주택,108.37,42.39,127.17,19831231,2,1,서울특별시 금천구 시흥동 938-7번지
11545,10300,0,0938,0008,,,일반건축물,단독주택,단독주택,115.05,45.69,137.07,19850814,2,1,서울특별시 금천구 시흥동 938-8번지
11545,10300,0,0938,0010,,,일반건축물,단독주택,다가구용 단독주택(3가구),96.78,57.28,149.64,19940420,2,1,서울특별시 금천구 시흥동 938-10번지
11545,10300,0,0938,0011,,,표제부,공동주택,다세대주택,234.51,115.94,449.86,19920518,3,1,서울특별시 금천구 시흥동 938-11번지
11545,10300,0,0938,0013,공간주택,,표제부,공동주택,공동주택,227.2,133.4,387.82,20171116,5,0,서울특별시 금천구 시흥동 938-13번지
11545,10300,0,0938,0014,송이빌라,,표제부,공동주택,다세대주택,271.15,160.35,456.78,19940719,2,1,서울특별시 금천구 시흥동 938-14번지
11545,10300,0,0938,0015,,,일반건축물,단독주택,주택,0,77.31,231.93,19841121,2,1,서울특별시 금천구 시흥동 938-15번지
11545,10300,0,0938,0020,,,일반건축물,단독주택,단독주택,128,50.94,150.02,19850702,2,1,서울특별시 금천구 시흥동 938-20번지
11545,10300,0,0938,0024,,,일반건축물,단독주택,주택,0,29.62,29.62,19690820,1,0,서울특별시 금천구 시흥동 938-24번지
11545,10300,0,0938,0024,,,일반건축물,단독주택,단독주택,103.2,41.01,122.16,19850702,2,1,서울특별시 금천구 시흥동 938-24번지
11545,10300,0,0938,0024,,,일반건축물,단독주택,주택,0,37.02,37.02,19671030,1,0,서울특별시 금천구 시흥동 938-24번지
11545,10300,0,0938,0025,,,일반건축물,단독주택,주택,0,35.93,63.93,19830810,2,0,서울특별시 금천구 시흥동 938-25번지
11545,10300,0,0938,0027,,,일반건축물,단독주택,"주택, 근린생활시설",0,54.99,213.66,19840711,3,1,서울특별시 금천구 시흥동 938-27번지
11545,10300,0,0938,0028,,,일반건축물,단독주택,주택,0,48.51,145.53,19831102,2,1,서울특별시 금천구 시흥동 938-28번지
11545,10300,0,0938,0030,,,일반건축물,단독주택,주택,0,61.11,183.33,19830521,2,1,서울특별시 금천구 시흥동 938-30번지
11545,10300,0,0938,0033,,,일반건축물,단독주택,다가구용 단독주택,133.28,79.85,218.48,19950228,2,1,서울특별시 금천구 시흥동 938-33번지
11545,10300,0,0938,0035,,,일반건축물,단독주택,단독주택,86.1,42.01,130.01,19850807,2,1,서울특별시 금천구 시흥동 938-35번지
11545,10300,0,0938,0040,,,일반건축물,종교시설,종교시설,594.41,289.88,998.52,19980309,3,1,서울특별시 금천구 시흥동 938-40번지
11545,10300,0,0938,0041,,,일반건축물,단독주택,주택,0,70.2,160.56,19841212,2,1,서울특별시 금천구 시흥동 938-41번지
11545,10300,0,0938,0044,,,일반건축물,단독주택,단독주택 및 제2종근린생활시설(사무소),375,203.27,494.58,20140718,3,0,서울특별시 금천구 시흥동 938-44번지
11545,10300,0,0938,0046,,,일반건축물,단독주택,"주택, 근린생활시설",0,39.9,119.7,19831010,2,1,서울특별시 금천구 시흥동 938-46번지
11545,10300,0,0938,0047,,,일반건축물,단독주택,주택,0,42.42,127.26,19831114,2,1,서울특별시 금천구 시흥동 938-47번지
11545,10300,0,0938,0048,,,일반건축물,단독주택,주택,0,40.86,122.58,19831028,2,1,서울특별시 금천구 시흥동 938-48번지
11545,10300,0,0938,0049,,,일반건축물,단독주택,주택,0,81.18,243.54,19850904,2,1,서울특별시 금천구 시흥동 938-49번지
11545,10300,0,0938,0051,트라움하임,,표제부,공동주택,다세대주택,281.12,143.72,443.98,20161226,5,0,서울특별시 금천구 시흥동 938-51번지
11545,10300,0,0939,0000,,,일반건축물,제1종근린생활시설,"근린생활시설, 다가구주택(3가구)",179.6,106.74,405.07,19841023,3,1,서울특별시 금천구 시흥동 939번지
11545,10300,0,0939,0001,그린로얄파크빌,,표제부,공동주택,다세대주택,229,136.3,556.64,20030318,5,0,서울특별시 금천구 시흥동 939-1번지
11545,10300,0,0939,0003,,,일반건축물,제2종근린생활시설,제2종근린생활시설,347.5,199.21,199.21,19960214,1,0,서울특별시 금천구 시흥동 939-3번지
11545,10300,0,0939,0004,,,일반건축물,위험물저장및처리시설,"위험물저장 및 처리시설(주유소), 자동차관련시설,소매점",1045,335.45,464.81,19970523,2,1,서울특별시 금천구 시흥동 939-4번지
11545,10300,0,0939,0005,행복빌리지,,표제부,공동주택,다세대주택(10세대),254.19,147.99,603.31,20010821,4,1,서울특별시 금천구 시흥동 939-5번지
11545,10300,0,0939,0006,미르.빌,,표제부,공동주택,다세대주택,304,157.27,624.56,20020904,4,1,서울특별시 금천구 시흥동 939-6번지
11545,10300,0,0939,0010,,,일반건축물,단독주택,"주택, 근린생활시설",0,71.08,213.24,19830720,2,1,서울특별시 금천구 시흥동 939-10번지
11545,10300,0,0939,0011,,,일반건축물,단독주택,단독주택,141.65,56.25,168.75,19850830,2,1,서울특별시 금천구 시흥동 939-11번지
11545,10300,0,0939,0012,,,일반건축물,단독주택,단독주택,123.78,49.41,148.23,19850722,2,1,서울특별시 금천구 시흥동 939-12번지
11545,10300,0,0939,0014,,,일반건축물,단독주택,단독주택,179.13,70.91,212.73,19860826,2,1,서울특별시 금천구 시흥동 939-14번지
11545,10300,0,0939,0017,,,일반건축물,제2종근린생활시설,제1종.2종근린생활시설,456.13,270.4,1617.49,20040329,5,1,서울특별시 금천구 시흥동 939-17번지
11545,10300,0,0939,0023,대순진리회연수원,,일반건축물,교육연구시설,교육연구및복지시설,1728.94,585.24,3126.54,20001209,5,1,서울특별시 금천구 시흥동 939-23번지
11545,10300,0,0939,0025,,,일반건축물,단독주택,주택,0,53.39,118.68,19791206,2,1,서울특별시 금천구 시흥동 939-25번지
11545,10300,0,0939,0026,미르.빌,,표제부,공동주택,다세대주택,99.74,59.75,228.83,20020910,4,0,서울특별시 금천구 시흥동 939-26번지
11545,10300,0,0939,0027,그린로얄파크빌,,표제부,공동주택,다세대주택,212.8,125.61,512.26,20030408,5,0,서울특별시 금천구 시흥동 939-27번지
11545,10300,0,0940,0000,,,일반건축물,제1종근린생활시설,"근린생활시설, 주택",0,68.4,316.35,19860627,3,1,서울특별시 금천구 시흥동 940번지
11545,10300,0,0940,0001,,,일반건축물,제2종근린생활시설,제2종근린생활시설,349.6,209.6,1489.56,19970709,5,2,서울특별시 금천구 시흥동 940-1번지
11545,10300,0,0940,0002,,,일반건축물,제2종근린생활시설,근린생활시설,195.5,97.57,388.1,19921229,3,1,서울특별시 금천구 시흥동 940-2번지
11545,10300,0,0940,0003,,,일반건축물,제2종근린생활시설,근린생활시설,391.5,229.4,1336.62,19970124,5,1,서울특별시 금천구 시흥동 940-3번지
11545,10300,0,0940,0004,동하빌딩,,표제부,제2종근린생활시설,"근린생활시설, 교육연구시설",639.5,318.5,1823.28,19940525,5,1,서울특별시 금천구 시흥동 940-4번지
11545,10300,0,0940,0006,,,일반건축물,제2종근린생활시설,근린생활시설,281.8,137.69,620.97,19930408,4,1,서울특별시 금천구 시흥동 940-6번지
11545,10300,0,0940,0008,,,일반건축물,제2종근린생활시설,근린생활시설,159.9,79.2,299.91,19921023,3,1,서울특별시 금천구 시흥동 940-8번지
11545,10300,0,0940,0009,,,일반건축물,제2종근린생활시설,근린생활시설,174.4,83.6,299.89,19921023,3,1,서울특별시 금천구 시흥동 940-9번지
11545,10300,0,0940,0010,,,일반건축물,제2종근린생활시설,"근린생활시설,단독주택",222.85,110.2,616.66,19930728,5,1,서울특별시 금천구 시흥동 940-10번지
11545,10300,0,0940,0011,,,일반건축물,제2종근린생활시설,"근린생활시설, 주택(1가구)",182.2,89.09,466.07,19940507,4,1,서울특별시 금천구 시흥동 940-11번지
11545,10300,0,0940,0013,,,일반건축물,제2종근린생활시설,제2종근린생활시설,0,79.27,79.27,19661020,1,0,서울특별시 금천구 시흥동 940-13번지
11545,10300,0,0940,0014,,,일반건축물,제2종근린생활시설,"근린생활시설, 주택",103.8,51.3,213.39,19931109,3,1,서울특별시 금천구 시흥동 940-14번지
11545,10300,0,0940,0016,,,표제부,공동주택,"주택, 점포,제2종근린생활시설",0,135.31,292.2,19800201,2,1,서울특별시 금천구 시흥동 940-16번지
11545,10300,0,0940,0018,,,일반건축물,단독주택,"주택, 점포",0,133.94,182.2,19760207,2,1,서울특별시 금천구 시흥동 940-18번지
11545,10300,0,0940,0019,,,일반건축물,단독주택,"근린생활시설, 다가구주택",401.65,208.48,575.66,19970206,3,1,서울특별시 금천구 시흥동 940-19번지
11545,10300,0,0940,0020,동신골든빌,,표제부,공동주택,공동주택,305.2,180.35,610.03,20111024,5,0,서울특별시 금천구 시흥동 940-20번지
11545,10300,0,0940,0021,,,표제부,공동주택,다세대주택(18세대),435.95,166.08,659.46,19930727,4,1,서울특별시 금천구 시흥동 940-21번지
11545,10300,0,0940,0022,,,일반건축물,제1종근린생활시설,"근린생활시설, 주택(2가구)",97.5,48.36,164.61,19911025,3,1,서울특별시 금천구 시흥동 940-22번지
11545,10300,0,0940,0024,,,일반건축물,단독주택,다가구용 단독주택(7가구),169.1,95.28,298.43,19940125,3,1,서울특별시 금천구 시흥동 940-24번지
11545,10300,0,0940,0025,,,일반건축물,단독주택,다가구용 단독주택(3가구),178.1,89.32,149.38,19940120,2,0,서울특별시 금천구 시흥동 940-25번지
11545,10300,0,0940,0026,,,일반건축물,제1종근린생활시설,"근린생활시설, 주택",78.3,39,120.9,19860811,2,1,서울특별시 금천구 시흥동 940-26번지
11545,10300,0,0940,0027,,,일반건축물,단독주택,"주택, 근린생활시설",0,77.4,230.09,19840804,2,1,서울특별시 금천구 시흥동 940-27번지
11545,10300,0,0940,0028,,,표제부,공동주택,공동주택,360.5,216.01,659.9,20201117,5,0,서울특별시 금천구 시흥동 940-28번지
11545,10300,0,0940,0029,,,일반건축물,단독주택,주택,0,128.6,245.62,19780825,2,1,서울특별시 금천구 시흥동 940-29번지
11545,10300,0,0940,0030,,,일반건축물,단독주택,"다가구주택,제1·2종근린생활시설",331.3,197.6,926.56,20021108,5,0,서울특별시 금천구 시흥동 940-30번지
11545,10300,0,0940,0033,,,일반건축물,단독주택,"주택,근린생활시설",102.7,57.24,224.91,19910829,3,1,서울특별시 금천구 시흥동 940-33번지
11545,10300,0,0940,0034,,,일반건축물,단독주택,"근린생활시설, 단독주택",91,53.01,159.03,19931023,2,1,서울특별시 금천구 시흥동 940-34번지
11545,10300,0,0941,0000,지오빌 A,,표제부,공동주택,공동주택(다세대주택)/제1종근린생활시설(소매점),244.2,146.23,487.09,20110330,5,0,서울특별시 금천구 시흥동 941번지
11545,10300,0,0941,0001,,,일반건축물,제2종근린생활시설,"제2종근린생활시설,점포",0,192.6,434.29,19761113,2,1,서울특별시 금천구 시흥동 941-1번지
11545,10300,0,0941,0003,럭스빌,,표제부,공동주택,공동주택(다세대주택),262.1,131.02,652,20010626,4,1,서울특별시 금천구 시흥동 941-3번지
11545,10300,0,0941,0004,진흥빌라,,표제부,공동주택,공동주택(연립),643.3,302.61,1414.73,19980618,4,1,서울특별시 금천구 시흥동 941-4번지
11545,10300,0,0941,0005,,,일반건축물,단독주택,다가구용 단독주택,234.7,140.22,391.86,19980729,3,0,서울특별시 금천구 시흥동 941-5번지
11545,10300,0,0941,0006,,,일반건축물,단독주택,"주택, 점포",160,88.58,354.32,19910903,3,1,서울특별시 금천구 시흥동 941-6번지
11545,10300,0,0941,0007,,,일반건축물,단독주택,다가구용 단독주택(6가구),130.4,77.64,310.56,19910912,3,1,서울특별시 금천구 시흥동 941-7번지
11545,10300,0,0941,0008,,,일반건축물,제1종근린생활시설,"점포, 다가구용 단독주택(3가구)",160,86.46,338.46,19910912,3,1,서울특별시 금천구 시흥동 941-8번지
11545,10300,0,0941,0009,,,표제부,공동주택,다세대주택(9세대),257.1,100.8,430.6,19960903,4,1,서울특별시 금천구 시흥동 941-9번지
11545,10300,0,0941,0010,럭스빌,,표제부,공동주택,공동주택,290.8,135.49,647.74,20010613,4,1,서울특별시 금천구 시흥동 941-10번지
11545,10300,0,0941,0011,지오빌 B,,표제부,공동주택,공동주택(다세대주택),380.7,226.54,655.92,20110330,5,0,서울특별시 금천구 시흥동 941-11번지
11545,10300,0,0942,0000,,,일반건축물,제1종근린생활시설,"주택, 목욕탕",0,217.85,436.03,19791228,2,1,서울특별시 금천구 시흥동 942번지
11545,10300,0,0942,0001,,,일반건축물,단독주택,다가구용 단독주택(9가구),268.8,107.16,418.32,19940826,3,1,서울특별시 금천구 시흥동 942-1번지
11545,10300,0,0942,0002,아르떼빌,,표제부,공동주택,공동주택,261.4,156.53,522.72,20211001,6,0,서울특별시 금천구 시흥동 942-2번지
11545,10300,0,0942,0004,,,일반건축물,단독주택,주택,0,44,132,19840723,2,1,서울특별시 금천구 시흥동 942-4번지
11545,10300,0,0942,0005,,,일반건축물,단독주택,"주택, 근린생활시설",0,45.58,136.74,19860707,2,1,서울특별시 금천구 시흥동 942-5번지
11545,10300,0,0942,0008,,,일반건축물,단독주택,다가구용 단독주택(7가구),178.1,103.27,393.16,19910713,3,1,서울특별시 금천구 시흥동 942-8번지
11545,10300,0,0942,0009,,,일반건축물,단독주택,다가구용 단독주택(13가구),304.2,171.12,658.44,19910718,3,1,서울특별시 금천구 시흥동 942-9번지
11545,10300,0,0942,0010,금산캐슬,,표제부,공동주택,공동주택,211.5,126.4,422.5,20140915,5,0,서울특별시 금천구 시흥동 942-10번지
11545,10300,0,0942,0012,금산캐슬에이,,표제부,공동주택,다세대주택,370.6,220.706,678.323,20120523,5,0,서울특별시 금천구 시흥동 942-12번지
11545,10300,0,0942,0013,,,일반건축물,단독주택,다가구용 단독주택(3가구),329.6,98.15,317.19,19910604,2,1,서울특별시 금천구 시흥동 942-13번지
11545,10300,0,0942,0015,썬그린파크,,표제부,공동주택,다세대주택,408.4,216.88,659.86,20110929,5,0,서울특별시 금천구 시흥동 942-15번지
11545,10300,0,0942,0016,,,일반건축물,제1종근린생활시설,"근린생활시설, 단독주택",337.6,135,786.67,19951113,4,1,서울특별시 금천구 시흥동 942-16번지
11545,10300,0,0942,0017,삼성홈타운,,표제부,공동주택,다세대주택,338,168.9,647.04,20040413,5,0,서울특별시 금천구 시흥동 942-17번지
11545,10300,0,0942,0019,오송맨션,,표제부,공동주택,공동주택,261.5,139.86,522.44,20141010,6,0,서울특별시 금천구 시흥동 942-19번지
11545,10300,0,0942,0022,금산캐슬,,표제부,공동주택,공동주택,211.4,126.4,422.5,20140915,5,0,서울특별시 금천구 시흥동 942-22번지
11545,10300,0,0943,0000,,,표제부,공동주택,다세대주택(12세대),319.2,186.84,769.64,20000509,4,1,서울특별시 금천구 시흥동 943번지
11545,10300,0,0943,0001,,,일반건축물,제1종근린생활시설,"근린생활시설, 주택",0,96.55,402.86,19840619,3,1,서울특별시 금천구 시흥동 943-1번지
11545,10300,0,0943,0002,,,표제부,공동주택,주택,498.3,150.29,323.97,19780907,2,1,서울특별시 금천구 시흥동 943-2번지
11545,10300,0,0943,0003,,,일반건축물,단독주택,"주택, 점포",0,96.91,290.73,19830711,2,1,서울특별시 금천구 시흥동 943-3번지
11545,10300,0,0943,0005,구립새싹어린이집,,일반건축물,노유자시설,노유자시설(어린이집),515.4,243.98,452.33,20150205,2,0,서울특별시 금천구 시흥동 943-5번지
11545,10300,0,0943,0007,,,일반건축물,단독주택,단독주택,224.4,66.96,213.84,19860801,2,1,서울특별시 금천구 시흥동 943-7번지
11545,10300,0,0943,0008,,,표제부,공동주택,다세대주택(8세대),243.4,145.61,688,20000626,4,1,서울특별시 금천구 시흥동 943-8번지
11545,10300,0,0943,0009,,,일반건축물,단독주택,다가구용 단독주택(6가구),177.8,106.17,310.11,19910714,2,1,서울특별시 금천구 시흥동 943-9번지
11545,10300,0,0943,0012,인성하이츠C동,,표제부,공동주택,다세대주택,273.9,132.54,521.7,20040410,5,0,서울특별시 금천구 시흥동 943-12번지
11545,10300,0,0943,0013,,,일반건축물,단독주택,단독주택,183.9,73.38,233.34,19860106,2,1,서울특별시 금천구 시흥동 943-13번지
11545,10300,0,0943,0014,시흥동다세대주택,,표제부,공동주택,다세대주택,333,175.42,657.66,20020502,5,0,서울특별시 금천구 시흥동 943-14번지
11545,10300,0,0943,0020,파크빌A동,,표제부,공동주택,공동주택(다세대주택),307.3,170.62,612.9,20050908,5,0,서울특별시 금천구 시흥동 943-20번지
11545,10300,0,0943,0021,,,일반건축물,제2종근린생활시설,"근린생활시설, 주택",0,174.27,825.16,19920608,4,1,서울특별시 금천구 시흥동 943-21번지
11545,10300,0,0943,0022,,,표제부,공동주택,다세대주택(8세대),282.9,115.68,448.32,19910918,3,1,서울특별시 금천구 시흥동 943-22번지
11545,10300,0,0943,0023,,,표제부,공동주택,다세대주택(8세대),268.1,117.37,449.72,19910925,3,1,서울특별시 금천구 시흥동 943-23번지
11545,10300,0,0943,0025,인성하이츠A동,,표제부,공동주택,다세대주택,266.5,132.54,521.7,20040320,5,0,서울특별시 금천구 시흥동 943-25번지
11545,10300,0,0943,0026,인성하이츠B동,,표제부,공동주택,공동주택,249.6,123.28,483.48,20040320,5,0,서울특별시 금천구 시흥동 943-26번지
11545,10300,0,0943,0027,인성하이츠D동,,표제부,공동주택,다세대주택,247.8,123.28,483.48,20040428,5,0,서울특별시 금천구 시흥동 943-27번지
11545,10300,0,0943,0028,인성하이츠E동,,표제부,공동주택,다세대주택,103.1,51.48,204.78,20040512,5,0,서울특별시 금천구 시흥동 943-28번지
11545,10300,0,0943,0029,파크빌B동,,표제부,공동주택,공동주택(다세대주택),309.2,169.32,618.08,20050908,5,0,서울특별시 금천구 시흥동 943-29번지
11545,10300,0,0944,0000,,,표제부,공동주택,다세대주택,392.67,173.34,747.36,20020722,4,1,서울특별시 금천구 시흥동 944번지
11545,10300,0,0944,0001,홍익빌라,,표제부,공동주택,공동주택(연립주택),884.84,310.32,1297.08,19940625,4,1,서울특별시 금천구 시흥동 944-1번지
11545,10300,0,0944,0002,,,일반건축물,단독주택,주택,0,41.63,124.89,19830614,2,1,서울특별시 금천구 시흥동 944-2번지
11545,10300,0,0944,0004,,,일반건축물,단독주택,단독주택,134.92,59.79,179.37,19871128,2,1,서울특별시 금천구 시흥동 944-4번지
11545,10300,0,0944,0005,,,일반건축물,단독주택,단독주택,85.8,39.66,121.62,19850822,2,1,서울특별시 금천구 시흥동 944-5번지
11545,10300,0,0944,0006,,,표제부,공동주택,다세대주택,99,46.54,140.92,19861015,2,1,서울특별시 금천구 시흥동 944-6번지
11545,10300,0,0944,0007,,,일반건축물,단독주택,단독주택,90.1,43.56,130.68,19860621,2,1,서울특별시 금천구 시흥동 944-7번지
11545,10300,0,0944,0009,,,일반건축물,단독주택,단독주택,105.24,41.63,124.89,19860411,2,1,서울특별시 금천구 시흥동 944-9번지
11545,10300,0,0944,0010,,,일반건축물,단독주택,단독주택,97.1,48.36,153.34,19850911,2,1,서울특별시 금천구 시흥동 944-10번지
11545,10300,0,0944,0011,,,일반건축물,단독주택,단독주택,107.7,67.14,201.42,19850605,2,1,서울특별시 금천구 시흥동 944-11번지
11545,10300,0,0944,0013,,,일반건축물,단독주택,다가구용 단독주택(5가구),133,78.49,199.98,19930128,2,1,서울특별시 금천구 시흥동 944-13번지
11545,10300,0,0944,0015,,,일반건축물,단독주택,다가구용 단독주택(7가구),130.6,77.59,299.66,19941221,3,1,서울특별시 금천구 시흥동 944-15번지
11545,10300,0,0944,0016,,,일반건축물,단독주택,다가구용 단독주택(12가구),202.7,121.28,387.36,19930128,3,1,서울특별시 금천구 시흥동 944-16번지
11545,10300,0,0944,0017,,,일반건축물,단독주택,다가구용 단독주택,223.7,133.31,495.5,19940928,3,1,서울특별시 금천구 시흥동 944-17번지
11545,10300,0,0944,0019,,,일반건축물,단독주택,"근린생활시설, 다가구주택",286.2,142.5,496.11,19990906,3,1,서울특별시 금천구 시흥동 944-19번지
11545,10300,0,0945,0000,하나맨션,,표제부,공동주택,연립주택(19세대),961,383.58,2094.51,19950516,4,1,서울특별시 금천구 시흥동 945번지
11545,10300,0,0945,0001,,,일반건축물,단독주택,다가구용 단독주택(5가구),141.3,79.23,226.89,19910920,2,1,서울특별시 금천구 시흥동 945-1번지
11545,10300,0,0945,0002,,,일반건축물,단독주택,다가구용 단독주택(7가구),225.87,135.06,388.8,19910805,2,1,서울특별시 금천구 시흥동 945-2번지
11545,10300,0,0945,0004,,,일반건축물,단독주택,다가구 단독주택,215.15,128.27,372.45,19960427,2,1,서울특별시 금천구 시흥동 945-4번지
11545,10300,0,0945,0005,,,일반건축물,단독주택,다가구주택(2가구),83.1,49.82,84.94,19951118,2,0,서울특별시 금천구 시흥동 945-5번지
11545,10300,0,0945,0006,,,일반건축물,단독주택,다가구주택(2가구),79.43,47.36,84.92,19951118,2,0,서울특별시 금천구 시흥동 945-6번지
11545,10300,0,0945,0007,,,일반건축물,단독주택,주택,0,93.55,188.57,19810401,2,1,서울특별시 금천구 시흥동 945-7번지
11545,10300,0,0945,0009,,,일반건축물,단독주택,"근린생활시설, 다가구주택",244.2,145.01,419.28,19960422,3,0,서울특별시 금천구 시흥동 945-9번지
11545,10300,0,0945,0011,,,일반건축물,단독주택,주택,0,52.94,112.48,19831229,2,1,서울특별시 금천구 시흥동 945-11번지
11545,10300,0,0945,0012,,,일반건축물,단독주택,다가구주택(3가구),110.44,66.25,119.76,19951207,2,0,서울특별시 금천구 시흥동 945-12번지
11545,10300,0,0945,0013,,,일반건축물,단독주택,다가구용 단독주택(2가구),94.36,56.53,102.39,19951202,2,0,서울특별시 금천구 시흥동 945-13번지
11545,10300,0,0945,0014,,,일반건축물,단독주택,다가구용 단독주택(5가구),195.34,116.58,298.38,19960326,3,0,서울특별시 금천구 시흥동 945-14번지
11545,10300,0,0945,0016,,,일반건축물,단독주택,주택,118.6,83.82,83.82,19670510,1,0,서울특별시 금천구 시흥동 945-16번지
11545,10300,0,0945,0017,,,일반건축물,단독주택,다가구용 단독주택,172.1,100.96,178.76,19950731,2,0,서울특별시 금천구 시흥동 945-17번지
11545,10300,0,0945,0020,,,일반건축물,단독주택,다가구 주택(3가구),68.91,41.28,92.96,19960814,3,0,서울특별시 금천구 시흥동 945-20번지
11545,10300,0,0945,0021,성진빌라,,표제부,공동주택,다세대주택,161,87.98,292.87,20020517,4,0,서울특별시 금천구 시흥동 945-21번지
11545,10300,0,0945,0022,,,일반건축물,단독주택,주택,0,55.44,166.32,19850722,2,1,서울특별시 금천구 시흥동 945-22번지
11545,10300,0,0945,0024,,,일반건축물,단독주택,주택,0,41.13,123.39,19840629,2,1,서울특별시 금천구 시흥동 945-24번지
11545,10300,0,0945,0025,,,일반건축물,단독주택,단독주택,374.12,103.2,309.6,19851204,2,1,서울특별시 금천구 시흥동 945-25번지
11545,10300,0,0945,0026,모아빌,,표제부,공동주택,"제2종근린생활시설, 공동주택",287.58,165.8,606.6,20180620,5,1,서울특별시 금천구 시흥동 945-26번지
11545,10300,0,0945,0028,,,일반건축물,단독주택,"근린생활시설, 다가구주택(3가구)",205.7,102.05,446.74,19920413,3,1,서울특별시 금천구 시흥동 945-28번지
11545,10300,0,0945,0030,,,일반건축물,단독주택,주택,0,49.68,160.38,19831028,2,1,서울특별시 금천구 시흥동 945-30번지
11545,10300,0,0945,0033,,,일반건축물,단독주택,다가구용 단독주택(5가구),159.4,83.19,249.57,19910624,2,1,서울특별시 금천구 시흥동 945-33번지
11545,10300,0,0945,0034,,,일반건축물,단독주택,다가구용단독주택(7가구),0,87.13,345.37,19911129,3,1,서울특별시 금천구 시흥동 945-34번지
11545,10300,0,0945,0035,,,일반건축물,단독주택,다가구용 단독주택(5가구),161.3,96.76,247.6,19930907,2,1,서울특별시 금천구 시흥동 945-35번지
11545,10300,0,0945,0036,시흥동근생.주택,,일반건축물,단독주택,"근린생활시설, 단독주택",240,142.72,352.81,20010709,4,0,서울특별시 금천구 시흥동 945-36번지
11545,10300,0,0945,0037,,,일반건축물,단독주택,다가구주택,206.9,121.08,299.82,19960612,3,0,서울특별시 금천구 시흥동 945-37번지
11545,10300,0,0945,0038,,,일반건축물,단독주택,다가구용 단독주택(4가구),104.4,62.48,163.44,19930903,2,1,서울특별시 금천구 시흥동 945-38번지
11545,10300,0,0945,0039,,,일반건축물,단독주택,다가구용 단독주택(5가구),85.39,53.95,147.15,19930820,2,1,서울특별시 금천구 시흥동 945-39번지
11545,10300,0,0945,0040,,,일반건축물,단독주택,"다가구주택,제1종근린생활시설",231.4,132.52,488.83,20030707,4,0,서울특별시 금천구 시흥동 945-40번지
11545,10300,0,0945,0041,금산빌라,,표제부,공동주택,다세대주택,224.5,134.08,444.24,20110923,5,0,서울특별시 금천구 시흥동 945-41번지
11545,10300,0,0945,0042,,,일반건축물,단독주택,다가구용 단독주택(4가구),142.6,85.01,199.32,19911129,2,1,서울특별시 금천구 시흥동 945-42번지
11545,10300,0,0945,0043,,,일반건축물,단독주택,다가구용 단독주택(5가구),180.5,106.86,274.86,19930921,2,1,서울특별시 금천구 시흥동 945-43번지
11545,10300,0,0945,0044,,,일반건축물,단독주택,다가구용 단독주택(5가구),164.9,98.12,285.66,19970524,2,1,서울특별시 금천구 시흥동 945-44번지
11545,10300,0,0945,0045,,,일반건축물,단독주택,다가구용 단독주택(7가구),164.9,98.45,263.13,19930917,2,1,서울특별시 금천구 시흥동 945-45번지
11545,10300,0,0946,0000,렉스빌,,표제부,공동주택,연립주택,889.3,439.84,2277.99,20000608,4,1,서울특별시 금천구 시흥동 946번지
11545,10300,0,0946,0001,,,일반건축물,단독주택,다가구용 단독주택(8가구),358.5,195.94,658.52,19970626,3,1,서울특별시 금천구 시흥동 946-1번지
11545,10300,0,0946,0002,백운아파트,,표제부,공동주택,아파트,342.2,204.74,1135.54,20000302,5,1,서울특별시 금천구 시흥동 946-2번지
11545,10300,0,0946,0004,,,표제부,공동주택,다세대주택,259.7,143.06,598,19930609,4,1,서울특별시 금천구 시흥동 946-4번지
11545,10300,0,0946,0005,,,일반건축물,단독주택,"다가구용 단독주택,근린생활시설",87.7,53.9,203.83,19940723,3,1,서울특별시 금천구 시흥동 946-5번지
11545,10300,0,0946,0006,,,일반건축물,단독주택,다가구주택(3가구),111.75,66.97,190.22,19850808,3,1,서울특별시 금천구 시흥동 946-6번지
11545,10300,0,0946,0007,,,일반건축물,단독주택,다가구용 단독주택,104.67,58.34,118.68,19970408,2,1,서울특별시 금천구 시흥동 946-7번지
11545,10300,0,0946,0008,,,일반건축물,단독주택,다가구용 단독주택(5가구),97.3,56.96,147.06,19930923,2,1,서울특별시 금천구 시흥동 946-8번지
11545,10300,0,0946,0012,,,일반건축물,단독주택,주택,0,56.07,168.21,19850722,2,1,서울특별시 금천구 시흥동 946-12번지
11545,10300,0,0946,0013,,,일반건축물,단독주택,주택,0,59.04,177.12,19831221,2,1,서울특별시 금천구 시흥동 946-13번지
11545,10300,0,0946,0015,,,표제부,공동주택,주택,0,76.5,306,19830112,3,1,서울특별시 금천구 시흥동 946-15번지
11545,10300,0,0946,0016,,,표제부,공동주택,주택,0,66.4,265.6,19830113,3,1,서울특별시 금천구 시흥동 946-16번지
11545,10300,0,0946,0017,,,표제부,공동주택,공동주택(다세대주택),381.4,214.5,659.24,20200217,5,0,서울특별시 금천구 시흥동 946-17번지
11545,10300,0,0946,0018,,,표제부,공동주택,주택,0,131.24,184.13,19780922,1,1,서울특별시 금천구 시흥동 946-18번지
11545,10300,0,0946,0019,현대하우징,,표제부,공동주택,도시형생활주택-단지형다세대,465.5,152.5,536.06,20111122,5,0,서울특별시 금천구 시흥동 946-19번지
11545,10300,0,0946,0019,현대하우징,,표제부,공동주택,도시형생활주택-단지형다세대,465.5,124.75,385.19,20111122,4,0,서울특별시 금천구 시흥동 946-19번지
11545,10300,0,0946,0021,시흥동 리츠팰리스,,표제부,공동주택,연립주택,1333.8,614.27,2658.01,20161108,6,0,서울특별시 금천구 시흥동 946-21번지
11545,10300,0,0946,0022,한국천부교시흥교회,,일반건축물,종교시설,문화및집회시설(종교집회장),571.3,239.04,697.56,20051117,3,0,서울특별시 금천구 시흥동 946-22번지
11545,10300,0,0946,0026,,,일반건축물,단독주택,단독주택,324.59,96.66,276.48,19840116,2,1,서울특별시 금천구 시흥동 946-26번지
11545,10300,0,0946,0028,,,일반건축물,단독주택,다가구용 단독주택(7가구),203.1,79.62,329.16,19931026,4,1,서울특별시 금천구 시흥동 946-28번지
11545,10300,0,0947,0000,금산캐슬,,표제부,공동주택,다세대주택,338.4,200.56,657.32,20111103,5,0,서울특별시 금천구 시흥동 947번지
11545,10300,0,0947,0001,행복이가득한집,,표제부,공동주택,"공동주택,다세대주택",333.9,164.58,638.02,20031015,5,0,서울특별시 금천구 시흥동 947-1번지
11545,10300,0,0947,0002,현진그린빌,,표제부,공동주택,공동주택(다세대주택),329.8,192.1,658.26,20110413,5,0,서울특별시 금천구 시흥동 947-2번지
11545,10300,0,0947,0003,한미빌라,,표제부,공동주택,다세대주택,309.5,154.36,602.32,20020329,5,0,서울특별시 금천구 시흥동 947-3번지
11545,10300,0,0947,0005,한미빌라,,표제부,공동주택,다세대주택,309.4,154.36,602.32,20020404,5,0,서울특별시 금천구 시흥동 947-5번지
11545,10300,0,0947,0006,한미쉐마빌,,표제부,공동주택,다세대주택,309.5,154.3,607.12,20020520,5,0,서울특별시 금천구 시흥동 947-6번지
11545,10300,0,0947,0007,한미쉐마빌,,표제부,공동주택,다세대주택,309.5,154.3,607.12,20020520,5,0,서울특별시 금천구 시흥동 947-7번지
11545,10300,0,0947,0008,한미빌라,,표제부,공동주택,다세대주택,309.3,154.4,602.08,20020619,5,0,서울특별시 금천구 시흥동 947-8번지
11545,10300,0,0947,0009,한미빌라,,표제부,공동주택,다세대주택,309.6,154.4,602.08,20020611,5,0,서울특별시 금천구 시흥동 947-9번지
11545,10300,0,0947,0010,한미쉐마빌,,표제부,공동주택,"다세대주택, 근린생활시설",391,178.96,975.36,20020520,5,1,서울특별시 금천구 시흥동 947-10번지
11545,10300,0,0947,0011,한미쉐마빌,,표제부,공동주택,다세대주택,321.9,160.42,612.42,20020420,5,0,서울특별시 금천구 시흥동 947-11번지
11545,10300,0,0947,0012,한미빌라,,표제부,공동주택,다세대주택,309.3,154.4,602.08,20020610,5,0,서울특별시 금천구 시흥동 947-12번지
11545,10300,0,0947,0013,한미빌라,,표제부,공동주택,다세대주택,309.1,154.4,602.08,20020618,5,0,서울특별시 금천구 시흥동 947-13번지
11545,10300,0,0947,0014,한미쉐마빌,,표제부,공동주택,다세대주택,309.3,154.3,607.12,20020429,5,0,서울특별시 금천구 시흥동 947-14번지
11545,10300,0,0947,0015,한미쉐마빌,,표제부,공동주택,다세대주택,309.3,154.3,607.12,20020430,5,0,서울특별시 금천구 시흥동 947-15번지
11545,10300,0,0947,0016,한미빌라,,표제부,공동주택,다세대주택,309.4,154.36,602.32,20020406,5,0,서울특별시 금천구 시흥동 947-16번지
11545,10300,0,0947,0017,한미빌라,,표제부,공동주택,다세대주택,309.5,154.36,602.32,20020325,5,0,서울특별시 금천구 시흥동 947-17번지
11545,10300,0,0948,0000,삼일아파트,,표제부,공동주택,"아파트, 생활편익시설",1651.4,645.57,4110.01,19970321,5,1,서울특별시 금천구 시흥동 948번지
11545,10300,0,0948,0009,보르미 아파트,,표제부,공동주택,"아파트,제2종근린생활시설",746.14,379.67,2055.54,20081125,5,1,서울특별시 금천구 시흥동 948-9번지
11545,10300,0,0948,0013,한미쉐마빌,,표제부,공동주택,다세대주택,339.9,165,631.36,20021126,5,0,서울특별시 금천구 시흥동 948-13번지
11545,10300,0,0948,0014,두레주택,,표제부,노유자시설,"노유자시설(경로당), 공동주택(다세대)",332.4,197.48,623.55,20150918,4,0,서울특별시 금천구 시흥동 948-14번지
11545,10300,0,0948,0015,한미빌라,,표제부,공동주택,다세대주택,317.2,155.98,609.16,20011226,5,0,서울특별시 금천구 시흥동 948-15번지
11545,10300,0,0948,0016,,,표제부,공동주택,공동주택(다세대주택),301.6,180.79,802.2,20100910,4,1,서울특별시 금천구 시흥동 948-16번지
11545,10300,0,0948,0017,,,표제부,공동주택,다세대주택(7세대),305.3,121.66,458.26,19951124,3,1,서울특별시 금천구 시흥동 948-17번지
11545,10300,0,0948,0018,한일파크빌,,표제부,공동주택,공동주택,278.6,167.05,714.8,20110517,4,1,서울특별시 금천구 시흥동 948-18번지
11545,10300,0,0948,0019,현대 힐 타운,,표제부,공동주택,공동주택(다세대주택),343.8,204.61,658.24,20110310,5,0,서울특별시 금천구 시흥동 948-19번지
11545,10300,0,0948,0021,,,표제부,공동주택,연립주택,0,124.96,215.21,19781216,2,1,서울특별시 금천구 시흥동 948-21번지
11545,10300,0,0948,0023,,,일반건축물,단독주택,단독주택,169.9,67.43,214.29,19860822,2,1,서울특별시 금천구 시흥동 948-23번지
11545,10300,0,0948,0024,금산캐슬,,표제부,공동주택,도시형생활주택(원룸형),173.4,102.08,350.6,20120112,5,0,서울특별시 금천구 시흥동 948-24번지
11545,10300,0,0948,0025,,,일반건축물,단독주택,주택,0,82.64,182.15,19810302,2,1,서울특별시 금천구 시흥동 948-25번지
11545,10300,0,0948,0026,,,일반건축물,단독주택,다가구주택,301.6,142.05,434.46,20100924,3,1,서울특별시 금천구 시흥동 948-26번지
11545,10300,0,0948,0028,한미빌라,,표제부,공동주택,다세대주택,312.7,155.98,607.13,20011221,5,0,서울특별시 금천구 시흥동 948-28번지
11545,10300,0,0949,0000,국제빌라,,표제부,공동주택,연립주택,0,238.86,860.86,19841231,3,1,서울특별시 금천구 시흥동 949번지
11545,10300,0,0949,0000,국제빌라,,표제부,공동주택,연립주택,0,238.86,860.86,19841231,3,1,서울특별시 금천구 시흥동 949번지
11545,10300,0,0949,0001,밀레니엄,,표제부,공동주택,다세대주택,330.5,198.19,647.04,20100825,5,0,서울특별시 금천구 시흥동 949-1번지
11545,10300,0,0949,0002,금산타운,,표제부,공동주택,다세대주택,265.3,132,519.28,20030703,5,0,서울특별시 금천구 시흥동 949-2번지
11545,10300,0,0949,0005,금산타운,,표제부,공동주택,다세대주택,247.2,123.08,585.98,20030407,4,1,서울특별시 금천구 시흥동 949-5번지
11545,10300,0,0949,0006,거상홈타운(우창)701동,,표제부,공동주택,아파트,590.6,253.72,1594.29,20031111,5,1,서울특별시 금천구 시흥동 949-6번지
11545,10300,0,0949,0008,초원빌라트,,표제부,공동주택,연립주택,764.1,303.86,1559.46,19950106,4,1,서울특별시 금천구 시흥동 949-8번지
11545,10300,0,0949,0009,,,일반건축물,단독주택,"다가구주택(12가구),근린생활시설",327.6,130.82,526.11,19960612,3,1,서울특별시 금천구 시흥동 949-9번지
11545,10300,0,0949,0010,,,표제부,공동주택,다세대주택,316.6,94.4,373.76,19920428,3,1,서울특별시 금천구 시흥동 949-10번지
11545,10300,0,0949,0012,,,표제부,공동주택,공동주택,497.01,278.42,942.4,20181211,5,0,서울특별시 금천구 시흥동 949-12번지
11545,10300,0,0949,0016,파크빌라,,표제부,공동주택,다세대주택(8가구),0,93.44,373.76,19920608,3,1,서울특별시 금천구 시흥동 949-16번지
11545,10300,0,0949,0017,파크빌라,,표제부,공동주택,다세대주택,0,93.44,373.76,19920708,3,1,서울특별시 금천구 시흥동 949-17번지
11545,10300,0,0949,0018,거상홈타운(우창) 801동,,표제부,공동주택,아파트,518.7,258.92,1393.27,20031108,5,1,서울특별시 금천구 시흥동 949-18번지
11545,10300,0,0950,0000,,,일반건축물,단독주택,"단독주택,제1종근린생활시설",330.7,197.86,555.7,20171129,4,0,서울특별시 금천구 시흥동 950번지
11545,10300,0,0950,0001,미도연립,,표제부,공동주택,연립주택,0,292.23,1168.92,19820917,3,1,서울특별시 금천구 시흥동 950-1번지
11545,10300,0,0950,0003,,,표제부,공동주택,다세대주택,254.5,126.36,631.8,20011130,4,1,서울특별시 금천구 시흥동 950-3번지
11545,10300,0,0950,0004,에이원빌라,,표제부,공동주택,다세대주택,351.2,146.54,659.41,20020521,4,1,서울특별시 금천구 시흥동 950-4번지
11545,10300,0,0950,0005,,,일반건축물,단독주택,연립주택,0,203.48,813.92,19830615,3,1,서울특별시 금천구 시흥동 950-5번지
11545,10300,0,0950,0005,삼성연립,,표제부,공동주택,연립주택,0,203.48,813.92,19830615,3,1,서울특별시 금천구 시흥동 950-5번지
11545,10300,0,0950,0010,,,일반건축물,단독주택,주택,335.3,100.54,321.9,19921208,2,1,서울특별시 금천구 시흥동 950-10번지
11545,10300,0,0950,0011,미도연립,,표제부,공동주택,연립주택,0,292.23,1168.92,19820917,3,1,서울특별시 금천구 시흥동 950-11번지
11545,10300,0,0950,0012,미도연립,,표제부,공동주택,연립주택,0,292.23,1168.92,19820917,3,1,서울특별시 금천구 시흥동 950-12번지
11545,10300,0,0950,0013,미성연립,,표제부,공동주택,연립주택,0,198.13,792.52,19831201,3,1,서울특별시 금천구 시흥동 950-13번지
11545,10300,0,0950,0014,삼흥연립,,표제부,공동주택,연립주택,0,286.52,1146.08,19840515,3,1,서울특별시 금천구 시흥동 950-14번지
11545,10300,0,0950,0015,,,표제부,공동주택,다세대주택,254.5,126.36,631.8,20011204,4,1,서울특별시 금천구 시흥동 950-15번지
11545,10300,0,0951,0000,라온빌리지,,표제부,공동주택,도시형생활주택(단지형다세대주택),666.5,194.4,658.49,20200131,6,1,서울특별시 금천구 시흥동 951번지
11545,10300,0,0951,0000,라온빌리지,,표제부,공동주택,도시형생활주택(단지형다세대주택),666.5,197.74,659.23,20200131,6,1,서울특별시 금천구 시흥동 951번지
11545,10300,0,0951,0001,,,표제부,공동주택,다세대주택(9세대),330.65,162.43,718.23,20000421,4,1,서울특별시 금천구 시흥동 951-1번지
11545,10300,0,0951,0002,,,일반건축물,단독주택,주택,0,140.83,367.73,19790809,2,1,서울특별시 금천구 시흥동 951-2번지
11545,10300,0,0951,0003,하늘채,,표제부,공동주택,공동주택,325.1,190.03,627.74,20170524,5,0,서울특별시 금천구 시흥동 951-3번지
11545,10300,0,0951,0004,,,일반건축물,단독주택,다가구용 단독주택(11가구),325.4,129.78,490.32,19941028,3,1,서울특별시 금천구 시흥동 951-4번지
11545,10300,0,0951,0005,애진빌리지,,표제부,공동주택,공동주택,331.9,147.6,727.1,20001128,4,1,서울특별시 금천구 시흥동 951-5번지
11545,10300,0,0951,0006,롯데빌리지,,표제부,공동주택,다세대주택,277.5,134.9,642.86,20020314,4,1,서울특별시 금천구 시흥동 951-6번지
11545,10300,0,0951,0007,,,표제부,공동주택,다세대주택,197.5,78.36,235.56,19870625,2,1,서울특별시 금천구 시흥동 951-7번지
11545,10300,0,0951,0008,,,일반건축물,단독주택,"주택, 점포",0,48,161.68,19840531,2,1,서울특별시 금천구 시흥동 951-8번지
11545,10300,0,0951,0010,선경자이빌,,표제부,공동주택,다세대주택,350.3,209.42,657.27,20101026,5,0,서울특별시 금천구 시흥동 951-10번지
11545,10300,0,0951,0011,아주빌라,,표제부,공동주택,연립주택,893.6,266.16,1037.76,19910713,3,1,서울특별시 금천구 시흥동 951-11번지
11545,10300,0,0951,0012,아주빌라,,표제부,공동주택,연립주택,0,259.44,1037.76,19901229,3,1,서울특별시 금천구 시흥동 951-12번지
11545,10300,0,0951,0013,,,표제부,공동주택,다세대주택,355.7,141,597.36,19940705,4,1,서울특별시 금천구 시흥동 951-13번지
11545,10300,0,0951,0014,,,일반건축물,제1종근린생활시설,근린생활시설(소매점),380.5,151.94,151.94,19960703,1,0,서울특별시 금천구 시흥동 951-14번지
11545,10300,0,0951,0018,,,표제부,공동주택,다세대주택,218.7,130.82,437.14,20141028,5,0,서울특별시 금천구 시흥동 951-18번지
11545,10300,0,0951,0020,롯데빌리지,,표제부,공동주택,다세대주택,271.4,135.24,516.88,20020508,5,0,서울특별시 금천구 시흥동 951-20번지
11545,10300,0,0952,0000,낙원아파트,,표제부,공동주택,공동주택(아파트),1554.7,621.48,3991.36,19960429,5,1,서울특별시 금천구 시흥동 952번지
11545,10300,0,0952,0003,,,일반건축물,노유자시설,"노유자시설, 근린생활시설, 주택",323.1,128.52,685.13,19961227,5,1,서울특별시 금천구 시흥동 952-3번지
11545,10300,0,0952,0004,,,표제부,공동주택,다세대주택,341,169.63,659.9,20011020,4,0,서울특별시 금천구 시흥동 952-4번지
11545,10300,0,0952,0007,칠성아파트,,표제부,공동주택,아파트,570.7,250.92,1528.8,20020528,5,1,서울특별시 금천구 시흥동 952-7번지
11545,10300,0,0952,0008,,,표제부,공동주택,연립주택(10세대),506.2,173.92,751.44,19940601,4,1,서울특별시 금천구 시흥동 952-8번지
11545,10300,0,0952,0010,,,표제부,공동주택,연립주택(18세대),1150.6,335.34,1341.36,19851221,3,1,서울특별시 금천구 시흥동 952-10번지
11545,10300,0,0952,0011,,,일반건축물,제2종근린생활시설,학원,596,96.2,128.93,19781115,1,1,서울특별시 금천구 시흥동 952-11번지
11545,10300,0,0952,0011,,,일반건축물,제2종근린생활시설,제2종근린생활시설,0,98.18,196.36,19781115,2,0,서울특별시 금천구 시흥동 952-11번지
11545,10300,0,0952,0013,GS빌리지,,표제부,공동주택,연립주택(15세대),682.8,266.6,1155.84,19940127,4,1,서울특별시 금천구 시흥동 952-13번지
11545,10300,0,0953,0000,백운한비치3차,,표제부,공동주택,근린생활시설 및 도시형생활주택(연립주택),1386.6,813.24,3604.06,20130813,6,1,서울특별시 금천구 시흥동 953번지
11545,10300,0,0953,0001,금산빌,,표제부,공동주택,공동주택(다세대주택),399.8,198.45,657.54,20011201,5,0,서울특별시 금천구 시흥동 953-1번지
11545,10300,0,0953,0002,,,표제부,공동주택,공동주택,342,170.84,636.71,20010906,4,0,서울특별시 금천구 시흥동 953-2번지
11545,10300,0,0953,0004,,,표제부,공동주택,다세대주택,358.2,174.38,657.36,20020516,4,1,서울특별시 금천구 시흥동 953-4번지
11545,10300,0,0953,0005,거상장미아파트,서울시 금천구 시흥동 953-6,표제부,공동주택,공동주택(아파트),898.8,357,2075.83,20030108,5,1,서울특별시 금천구 시흥동 953-5번지
11545,10300,0,0953,0007,남촌빌,,표제부,공동주택,"다세대 주택, 제1,2종근린생활시설",338.4,167.04,792.29,20030526,4,1,서울특별시 금천구 시흥동 953-7번지
11545,10300,0,0953,0008,,,일반건축물,단독주택,"다가구주택,제1종근린생활시설,2종근린생활시설",372.5,185.29,527.61,20030531,3,0,서울특별시 금천구 시흥동 953-8번지
11545,10300,0,0953,0009,영림팰리스,,표제부,공동주택,"다세대주택, 제2종근린생활시설(일반음식점),제1종근린생활시설(소매점)",297.1,177.31,689.29,20140905,5,1,서울특별시 금천구 시흥동 953-9번지
11545,10300,0,0953,0010,,,일반건축물,단독주택,다가구용 단독주택,222.5,105.71,387.36,19980818,3,1,서울특별시 금천구 시흥동 953-10번지
11545,10300,0,0953,0011,금산빌라,,표제부,공동주택,공동주택,362,178.28,611.43,20001226,4,0,서울특별시 금천구 시흥동 953-11번지
11545,10300,0,0953,0012,금산빌라,,표제부,공동주택,공동주택,371.1,179.28,611.43,20010203,4,0,서울특별시 금천구 시흥동 953-12번지
11545,10300,0,0953,0014,금산빌,,표제부,공동주택,다세대주택,397.6,198.45,657.54,20011219,5,0,서울특별시 금천구 시흥동 953-14번지
11545,10300,0,0953,0015,리치빌,,표제부,공동주택,다세대주택,343.5,193.23,642.24,20130327,5,0,서울특별시 금천구 시흥동 953-15번지
11545,10300,0,0953,0017,금산빌,,표제부,공동주택,공동주택(다세대주택),399.8,198.45,657.54,20011207,5,0,서울특별시 금천구 시흥동 953-17번지
11545,10300,0,0953,0018,금산빌,,표제부,공동주택,다세대주택,397.6,198.45,657.54,20011212,5,0,서울특별시 금천구 시흥동 953-18번지
11545,10300,0,0954,0000,건양빌딩,,일반건축물,제2종근린생활시설,"제1,2종근린생활시설",862.1,421.54,1508.34,19830829,3,1,서울특별시 금천구 시흥동 954번지
11545,10300,0,0954,0004,,,일반건축물,제1종근린생활시설,근린생활시설,94.2,46.74,146.68,19840802,2,1,서울특별시 금천구 시흥동 954-4번지
11545,10300,0,0954,0005,,,일반건축물,단독주택,다가구용 단독주택(5가구),90.7,53.25,142.59,19940824,2,1,서울특별시 금천구 시흥동 954-5번지
11545,10300,0,0954,0006,,,일반건축물,단독주택,다가구용 단독주택(5가구),89.6,53.25,142.59,19930708,2,1,서울특별시 금천구 시흥동 954-6번지
11545,10300,0,0954,0007,,,일반건축물,제2종근린생활시설,"(제1,2종)근린생활시설, 주택",496.8,247.96,944.58,19930805,4,1,서울특별시 금천구 시흥동 954-7번지
11545,10300,0,0954,0008,,,일반건축물,제2종근린생활시설,"(제2종)근린생활시설, 주택",128.2,63.92,299.86,19930804,4,1,서울특별시 금천구 시흥동 954-8번지
11545,10300,0,0954,0009,,,일반건축물,단독주택,"제2종근린생활시설,주택",0,136.59,348.86,19800821,2,1,서울특별시 금천구 시흥동 954-9번지
11545,10300,0,0954,0010,,,일반건축물,제2종근린생활시설,"(제2종)근린생활시설, 주택",216.9,107.42,562.64,19930601,4,1,서울특별시 금천구 시흥동 954-10번지
11545,10300,0,0954,0012,,,일반건축물,단독주택,"근린생활시설, 다가구용단독주택(2가구)",88.5,52.36,129.88,19930503,3,0,서울특별시 금천구 시흥동 954-12번지
11545,10300,0,0954,0013,,,일반건축물,제2종근린생활시설,"근린생활시설, 주택(1가구)",141.5,84.87,246.11,19961022,3,0,서울특별시 금천구 시흥동 954-13번지
11545,10300,0,0954,0014,,,일반건축물,제2종근린생활시설,"근린생활시설, 주택",253,126,625.04,19921023,4,1,서울특별시 금천구 시흥동 954-14번지
11545,10300,0,0954,0016,,,일반건축물,제2종근린생활시설,"주택,근린생활시설(대중음식점),사무실",250.5,100.48,253.67,19790920,2,1,서울특별시 금천구 시흥동 954-16번지
11545,10300,0,0954,0017,윤빌딩,,일반건축물,제2종근린생활시설,제2종근린생활시설,183.3,91.95,334.5,20121210,5,0,서울특별시 금천구 시흥동 954-17번지
11545,10300,0,0954,0018,,,일반건축물,제1종근린생활시설,근린생활시설,394.7,223.92,1044.44,20001117,5,0,서울특별시 금천구 시흥동 954-18번지
11545,10300,0,0954,0019,신양그린빌,,표제부,공동주택,공동주택(도시형생활주택-단지형다세대),812.6,190.26,634.92,20191018,5,0,서울특별시 금천구 시흥동 954-19번지
11545,10300,0,0954,0019,신양그린빌,,표제부,공동주택,공동주택(도시형생활주택-단지형다세대),812.6,120.23,494.4,20191018,5,0,서울특별시 금천구 시흥동 954-19번지
11545,10300,0,0954,0019,신양그린빌,,표제부,공동주택,공동주택(도시형생활주택-단지형다세대),812.6,120.23,494.4,20191018,5,0,서울특별시 금천구 시흥동 954-19번지
11545,10300,0,0954,0020,,,일반건축물,제2종근린생활시설,"근린생활시설,주택",324.4,163.6,470.01,19911127,2,1,서울특별시 금천구 시흥동 954-20번지
11545,10300,0,0954,0021,,,일반건축물,제1종근린생활시설,근린생활시설,0,116.55,466.2,19970604,4,0,서울특별시 금천구 시흥동 954-21번지
11545,10300,0,0954,0021,,,일반건축물,제2종근린생활시설,근린생활시설,1463.6,554.4,2189.25,19881116,4,1,서울특별시 금천구 시흥동 954-21번지
11545,10300,0,0954,0027,,,일반건축물,제2종근린생활시설,(제1종)근린생활시설,201.3,118.51,492.65,19950916,3,1,서울특별시 금천구 시흥동 954-27번지
11545,10300,0,0954,0029,,,일반건축물,노유자시설,제1종근린생활시설 및 노유자시설,323.6,152.93,410.79,19791220,2,1,서울특별시 금천구 시흥동 954-29번지
11545,10300,0,0954,0030,,,일반건축물,제2종근린생활시설,"(제2종)근린생활시설,단독주택",332.9,189.45,719.23,20030818,4,0,서울특별시 금천구 시흥동 954-30번지
11545,10300,0,0954,0031,,,일반건축물,제1종근린생활시설,"소매점,창고,주택",337,201.84,479.53,20170324,2,1,서울특별시 금천구 시흥동 954-31번지
11545,10300,0,0954,0032,,,일반건축물,제2종근린생활시설,제2종근린생활시설(금융업소),526.4,164.91,598.97,19791128,3,1,서울특별시 금천구 시흥동 954-32번지
11545,10300,0,0954,0033,,,표제부,제1종근린생활시설,"사무실, 점포, 제2종근린생활시설",420.6,180.04,463.68,19800322,2,1,서울특별시 금천구 시흥동 954-33번지
11545,10300,0,0954,0034,,,일반건축물,단독주택,주택,0,83.97,160,19790419,2,1,서울특별시 금천구 시흥동 954-34번지
11545,10300,0,0954,0035,제일빌딩,,일반건축물,제2종근린생활시설,제2종근린생활시설,267.3,159.6,499.59,20001002,2,1,서울특별시 금천구 시흥동 954-35번지
11545,10300,0,0954,0036,,,일반건축물,제2종근린생활시설,"주택, 근린생활시설",0,119.25,477,19910725,4,1,서울특별시 금천구 시흥동 954-36번지
11545,10300,0,0954,0037,,,일반건축물,제1종근린생활시설,근린생활시설,0,188.56,662.17,19781228,3,1,서울특별시 금천구 시흥동 954-37번지
11545,10300,0,0954,0037,,,일반건축물,제2종근린생활시설,"제2종근린생활시설, 창고시설",543,84.3,98.51,19780626,1,1,서울특별시 금천구 시흥동 954-37번지
11545,10300,0,0954,0039,,,일반건축물,제1종근린생활시설,근린생활시설,0,162.98,488.94,19800122,2,1,서울특별시 금천구 시흥동 954-39번지
11545,10300,0,0954,0039,,,일반건축물,제2종근린생활시설,제2종근린생활시설,699,28.08,28.08,19980927,1,0,서울특별시 금천구 시흥동 954-39번지
11545,10300,0,0954,0040,,,일반건축물,단독주택,"주택, 점포",0,24.96,24.96,19650810,1,0,서울특별시 금천구 시흥동 954-40번지
11545,10300,0,0955,0000,,,일반건축물,제2종근린생활시설,제2종근린생활시설,1010.1,485.55,1436.81,20141021,4,0,서울특별시 금천구 시흥동 955번지
11545,10300,0,0955,0002,,,일반건축물,제2종근린생활시설,근린생활시설,0,154,646.8,19860926,3,1,서울특별시 금천구 시흥동 955-2번지
11545,10300,0,0955,0002,,,일반건축물,제1종근린생활시설,근린생활시설,0,10.26,10.26,19930909,1,0,서울특별시 금천구 시흥동 955-2번지
11545,10300,0,0955,0003,리치하우스,,표제부,공동주택,공동주택(도시형생활주택),634.4,190.17,659.8,20190911,5,0,서울특별시 금천구 시흥동 955-3번지
11545,10300,0,0955,0003,리치하우스,,표제부,공동주택,공동주택(도시형생활주택),634.4,190.17,545.9,20190911,5,0,서울특별시 금천구 시흥동 955-3번지
11545,10300,0,0955,0004,,,일반건축물,창고시설,창고,0,64.84,64.84,20090511,1,0,서울특별시 금천구 시흥동 955-4번지
11545,10300,0,0955,0004,,,일반건축물,제2종근린생활시설,근린생활시설,296.3,96.39,109.89,19851022,1,1,서울특별시 금천구 시흥동 955-4번지
11545,10300,0,0955,0006,,,표제부,제2종근린생활시설,근린생활시설,635.4,189.96,864.6,19871127,3,1,서울특별시 금천구 시흥동 955-6번지
11545,10300,0,0955,0007,대도연립,,표제부,공동주택,연립주택,0,189.36,757.44,19860503,3,1,서울특별시 금천구 시흥동 955-7번지
11545,10300,0,0955,0007,대도연립,,표제부,공동주택,연립주택,0,120.96,483.84,19860503,3,1,서울특별시 금천구 시흥동 955-7번지
11545,10300,0,0955,0007,대도연립,,표제부,공동주택,연립주택,0,226.8,907.2,19860503,3,1,서울특별시 금천구 시흥동 955-7번지
11545,10300,0,0955,0007,대도연립,,표제부,공동주택,연립주택,0,226.8,907.2,19860503,3,1,서울특별시 금천구 시흥동 955-7번지
11545,10300,0,0955,0011,,,일반건축물,자동차관련시설,"자동차관련시설,제2종근린생활시설",330.6,132.3,264.6,20030331,2,0,서울특별시 금천구 시흥동 955-11번지
11545,10300,0,0956,0000,,,일반건축물,판매시설,근린생활시설,0,649.72,2026.71,19800911,3,1,서울특별시 금천구 시흥동 956번지
11545,10300,0,0956,0001,삼흥연립,,표제부,공동주택,연립주택,0,332.76,1331.04,19830920,3,1,서울특별시 금천구 시흥동 956-1번지
11545,10300,0,0956,0003,시흥3동 주민센터,,일반건축물,제1종근린생활시설,"제1종근린생활시설,교육연구및복지시설",496.1,240.61,1344.87,20041112,5,1,서울특별시 금천구 시흥동 956-3번지
11545,10300,0,0956,0004,,,일반건축물,창고시설,창고시설,444.9,136,136,19971220,1,0,서울특별시 금천구 시흥동 956-4번지
11545,10300,0,0956,0005,감나무빌라,,표제부,공동주택,다세대주택,237.7,118.48,474.04,20030530,5,0,서울특별시 금천구 시흥동 956-5번지
11545,10300,0,0956,0006,거상센스빌,,표제부,공동주택,아파트,720.8,324.28,1957,20020522,5,1,서울특별시 금천구 시흥동 956-6번지
11545,10300,0,0957,0000,,,일반건축물,제1종근린생활시설,점포,0,112.07,226.78,19770824,2,1,서울특별시 금천구 시흥동 957번지
11545,10300,0,0957,0001,현진빌라,,표제부,공동주택,"공동주택,제1종근린생활시설",339,199.28,677.62,20091124,5,0,서울특별시 금천구 시흥동 957-1번지
11545,10300,0,0957,0002,,,일반건축물,제2종근린생활시설,제2종근린생활시설,496.5,247.97,623.49,19800422,2,1,서울특별시 금천구 시흥동 957-2번지
11545,10300,0,0957,0003,그린빌리지,,표제부,공동주택,연립주택,646.1,256.2,1212.6,19941027,4,1,서울특별시 금천구 시흥동 957-3번지
11545,10300,0,0957,0004,목화빌리지,,표제부,공동주택,연립주택,577.6,227.45,1197.8,19941101,4,1,서울특별시 금천구 시흥동 957-4번지
11545,10300,0,0957,0005,관악빌라,,표제부,공동주택,연립주택,1112,442.76,2379.77,19970723,4,1,서울특별시 금천구 시흥동 957-5번지
11545,10300,0,0957,0006,,,일반건축물,단독주택,"주택,근린생활시설",128.7,51.39,160.47,19870520,2,1,서울특별시 금천구 시흥동 957-6번지
11545,10300,0,0957,0007,,,표제부,공동주택,다세대주택(5세대),292.7,124.11,574.32,19970703,4,1,서울특별시 금천구 시흥동 957-7번지
11545,10300,0,0957,0008,,,일반건축물,단독주택,단독주택,171.2,68.13,204.39,19851227,2,1,서울특별시 금천구 시흥동 957-8번지
11545,10300,0,0957,0009,,,일반건축물,단독주택,"단독주택, 소매점",94.8,47.2,164.96,20000403,3,1,서울특별시 금천구 시흥동 957-9번지
11545,10300,0,0957,0011,박미사랑 마을회관,,일반건축물,노유자시설,노유자시설,1366.2,253.85,988.18,20140226,4,1,서울특별시 금천구 시흥동 957-11번지
11545,10300,0,0957,0011,시흥3동복지관,,일반건축물,노유자시설,교육연구및복지시설,1366.2,406.12,1436.82,20001115,4,0,서울특별시 금천구 시흥동 957-11번지
11545,10300,0,0958,0000,,,표제부,공동주택,다세대주택(10세대),340.3,135.99,647.13,19961119,4,1,서울특별시 금천구 시흥동 958번지
11545,10300,0,0958,0002,,,표제부,공동주택,연립주택,0,220.82,561.32,19810430,2,1,서울특별시 금천구 시흥동 958-2번지
11545,10300,0,0958,0004,창명빌라,,표제부,공동주택,연립주택,0,384.48,1537.92,19870429,3,1,서울특별시 금천구 시흥동 958-4번지
11545,10300,0,0958,0004,창명빌라,,표제부,공동주택,연립주택,0,111.96,447.84,19870429,3,1,서울특별시 금천구 시흥동 958-4번지
11545,10300,0,0959,0000,삼미빌라2차,,표제부,공동주택,연립주택,0,288.32,1153.28,19841013,3,1,서울특별시 금천구 시흥동 959번지
11545,10300,0,0959,0001,거상센스빌,,표제부,공동주택,연립주택,615.09,299.93,1145.49,20020129,5,0,서울특별시 금천구 시흥동 959-1번지
11545,10300,0,0959,0003,미도연립11동,,표제부,공동주택,연립주택,0,252.24,1016.89,,3,1,서울특별시 금천구 시흥동 959-3번지
11545,10300,0,0959,0004,백운스위트빌Ⅲ,,표제부,공동주택,공동주택(다세대주택),0,159.64,610.2,20020502,5,0,서울특별시 금천구 시흥동 959-4번지
11545,10300,0,0959,0004,백운스위트빌Ⅲ,,표제부,공동주택,공동주택(다세대주택),0,159.64,615.36,20020502,5,0,서울특별시 금천구 시흥동 959-4번지
11545,10300,0,0959,0005,베루스 시흥,,표제부,공동주택,"공동주택,노유자시설",354.8,207.96,905.41,20170403,5,1,서울특별시 금천구 시흥동 959-5번지
11545,10300,0,0959,0008,미도연립10동,,표제부,공동주택,연립주택,0,249.26,1004.64,19821224,3,1,서울특별시 금천구 시흥동 959-8번지
11545,10300,0,0959,0009,미도연립,,표제부,공동주택,연립주택,0,148.77,595.08,19821224,3,1,서울특별시 금천구 시흥동 959-9번지
11545,10300,0,0959,0009,미도연립,,표제부,공동주택,연립주택,0,148.77,595.08,19821224,3,1,서울특별시 금천구 시흥동 959-9번지
11545,10300,0,0959,0010,거상센스빌,,표제부,공동주택,연립주택,609.41,296.06,1131.06,20020129,5,0,서울특별시 금천구 시흥동 959-10번지
11545,10300,0,0959,0011,백운스위트빌Ⅲ,,표제부,공동주택,아파트,675.7,310.18,1859.2,20020416,5,1,서울특별시 금천구 시흥동 959-11번지
11545,10300,0,0960,0000,,,표제부,공동주택,연립주택,0,247.93,991.72,19820917,3,1,서울특별시 금천구 시흥동 960번지
11545,10300,0,0960,0001,라온빌리지2차,,표제부,공동주택,공동주택(도시형생활주택),396.6,190.94,658.28,20200831,6,0,서울특별시 금천구 시흥동 960-1번지
11545,10300,0,0960,0002,LG베스트빌,,표제부,공동주택,다세대주택,311.2,149.64,697.62,20011108,4,1,서울특별시 금천구 시흥동 960-2번지
11545,10300,0,0960,0003,,,일반건축물,단독주택,주택,0,91.74,113.72,19770618,1,1,서울특별시 금천구 시흥동 960-3번지
11545,10300,0,0960,0004,,,표제부,공동주택,연립주택,0,85.62,92.53,19760824,1,1,서울특별시 금천구 시흥동 960-4번지
11545,10300,0,0960,0005,거상센스빌,,표제부,공동주택,공동주택(아파트),560.1,265.96,1378.92,20020709,5,1,서울특별시 금천구 시흥동 960-5번지
11545,10300,0,0960,0006,힐 캐슬,,표제부,공동주택,공동주택(아파트),728,318.09,2033.83,20120731,6,1,서울특별시 금천구 시흥동 960-6번지
11545,10300,0,0960,0007,현주타운A동,,표제부,공동주택,공동주택,206.1,123.2,440.8,20120413,5,0,서울특별시 금천구 시흥동 960-7번지
11545,10300,0,0960,0010,스타힐스,,표제부,공동주택,공동주택(다세대주택-도시형생활주택),214,126.75,427.82,20200417,5,0,서울특별시 금천구 시흥동 960-10번지
11545,10300,0,0960,0011,,,일반건축물,단독주택,단독주택,155.8,69.42,69.42,19750902,1,0,서울특별시 금천구 시흥동 960-11번지
11545,10300,0,0960,0012,메르시 미도빌라,,표제부,공동주택,단지형연립주택(도시형생활주택),831.7,468.59,1742.68,20240905,6,1,서울특별시 금천구 시흥동 960-12번지
11545,10300,0,0960,0014,,,일반건축물,단독주택,단독주택(다가구주택),129.5,64.26,223.38,20020325,4,0,서울특별시 금천구 시흥동 960-14번지
11545,10300,0,0960,0015,유정빌리지,,표제부,공동주택,다세대주택,168.6,84.28,391.91,20020307,4,1,서울특별시 금천구 시흥동 960-15번지
11545,10300,0,0960,0016,,,표제부,공동주택,다세대주택,257.4,115.47,531.21,19990901,4,1,서울특별시 금천구 시흥동 960-16번지
11545,10300,0,0960,0017,현주타운B동,,표제부,공동주택,공동주택,206.2,123.2,431.1,20120507,5,0,서울특별시 금천구 시흥동 960-17번지
11545,10300,0,0961,0000,인정빌라,,표제부,공동주택,연립주택,0,359.64,1438.56,19841117,3,1,서울특별시 금천구 시흥동 961번지
11545,10300,0,0961,0001,대농팰리스7차,,표제부,공동주택,공동주택,334.2,198.55,650.8,20211001,5,0,서울특별시 금천구 시흥동 961-1번지
11545,10300,0,0961,0004,메르시 대신아파트,,표제부,공동주택,아파트,715.7,282.98,1452.87,20180913,7,1,서울특별시 금천구 시흥동 961-4번지
11545,10300,0,0961,0005,남부도로사업소 청사,,일반건축물,업무시설,"업무시설, 제1종근린생활시설",2438.8,1270.17,5360.71,20200403,5,1,서울특별시 금천구 시흥동 961-5번지
11545,10300,0,0962,0000,,,일반건축물,제1종근린생활시설,근린생활시설,749.7,110.2,110.2,19920525,1,0,서울특별시 금천구 시흥동 962번지
11545,10300,0,0962,0001,,,일반건축물,제1종근린생활시설,근린생활시설,0,104.1,206.93,19891206,1,1,서울특별시 금천구 시흥동 962-1번지
11545,10300,0,0962,0001,,,일반건축물,제2종근린생활시설,제2종근린생활시설,0,82.62,82.62,20171130,1,0,서울특별시 금천구 시흥동 962-1번지
11545,10300,0,0962,0002,,,일반건축물,제2종근린생활시설,근린생활시설,807.9,247.07,2049.1,19931206,3,3,서울특별시 금천구 시흥동 962-2번지
11545,10300,0,0962,0003,S&C 빌딩,,일반건축물,제2종근린생활시설,제2종근린생활시설,160,86.5,318.53,20090710,6,0,서울특별시 금천구 시흥동 962-3번지
11545,10300,0,0962,0006,철재상가,,표제부,판매시설,판매시설,0,606.24,1166.4,19870612,2,0,서울특별시 금천구 시흥동 962-6번지
11545,10300,0,0962,0006,철재상가,,표제부,판매시설,판매시설,0,696.96,2649.6,19870612,3,1,서울특별시 금천구 시흥동 962-6번지
11545,10300,0,0962,0006,철재상가,,표제부,판매시설,"판매시설, 시장",0,399.15,1492.92,19890531,3,1,서울특별시 금천구 시흥동 962-6번지
11545,10300,0,0962,0006,철재상가,,표제부,판매시설,판매시설,0,606.24,1166.4,19870612,2,0,서울특별시 금천구 시흥동 962-6번지
11545,10300,0,0962,0006,철재상가,,표제부,판매시설,판매시설,0,696.96,1347.84,19870612,2,0,서울특별시 금천구 시흥동 962-6번지
11545,10300,0,0962,0006,철재상가,,표제부,판매시설,판매시설,0,696.96,1347.84,19870612,2,0,서울특별시 금천구 시흥동 962-6번지
11545,10300,0,0962,0006,철재상가,,표제부,제1종근린생활시설,판매시설,0,606.24,2286.72,19870612,3,1,서울특별시 금천구 시흥동 962-6번지
11545,10300,0,0962,0006,철재상가,,표제부,판매시설,판매시설,0,696.96,2649.6,19870612,3,1,서울특별시 금천구 시흥동 962-6번지
11545,10300,0,0962,0006,철재상가,,표제부,판매시설,판매시설,0,606.24,1166.4,19870612,2,0,서울특별시 금천구 시흥동 962-6번지
11545,10300,0,0962,0006,철재상가,,표제부,판매시설,판매시설,0,477.72,1772.64,19870612,3,1,서울특별시 금천구 시흥동 962-6번지
11545,10300,0,0962,0006,철재상가,,표제부,업무시설,"판매시설, 근린생활시설",0,606.24,2286.72,19870612,3,1,서울특별시 금천구 시흥동 962-6번지
11545,10300,0,0962,0006,철재상가,,표제부,판매시설,"판매시설, 시장",0,278.46,1040.4,19890522,3,1,서울특별시 금천구 시흥동 962-6번지
11545,10300,0,0962,0006,철재상가,,표제부,판매시설,판매시설,0,1110.78,2402.1,19870612,2,1,서울특별시 금천구 시흥동 962-6번지
11545,10300,0,0962,0006,철재상가,,표제부,판매시설,판매시설,0,649.08,1252.08,19870612,2,0,서울특별시 금천구 시흥동 962-6번지
11545,10300,0,0962,0006,철재상가,,표제부,판매시설,판매시설,0,649.08,1252.08,19870612,2,0,서울특별시 금천구 시흥동 962-6번지
11545,10300,0,0962,0006,철재상가,,표제부,판매시설,판매시설,0,261.36,738,19870612,2,1,서울특별시 금천구 시흥동 962-6번지
11545,10300,0,0962,0006,철재상가,,표제부,판매시설,판매시설,0,261.36,499.68,19870612,2,0,서울특별시 금천구 시흥동 962-6번지
11545,10300,0,0962,0006,철재상가,,표제부,판매시설,판매시설,0,382.32,741.6,19870612,2,0,서울특별시 금천구 시흥동 962-6번지
11545,10300,0,0962,0008,백운한비치5,,표제부,공동주택,공동주택,973.6,441.55,1996.47,20180528,7,1,서울특별시 금천구 시흥동 962-8번지
11545,10300,0,0963,0009,,,일반건축물,단독주택,주택,0,41.7,41.7,19850424,1,0,서울특별시 금천구 시흥동 963-9번지
11545,10300,0,0963,0010,,,일반건축물,단독주택,주택,0,47.41,47.41,19850424,1,0,서울특별시 금천구 시흥동 963-10번지
11545,10300,0,0963,0011,,,일반건축물,단독주택,주택,0,33.48,33.48,19850424,1,0,서울특별시 금천구 시흥동 963-11번지
11545,10300,0,0963,0012,,,일반건축물,단독주택,주택,0,37.35,37.35,19850424,1,0,서울특별시 금천구 시흥동 963-12번지
11545,10300,0,0963,0012,,,일반건축물,단독주택,주택,0,32.14,32.14,19850403,1,0,서울특별시 금천구 시흥동 963-12번지
11545,10300,0,0964,0001,,,표제부,공동주택,연립주택,0,128.6,158.02,19791004,1,1,서울특별시 금천구 시흥동 964-1번지
11545,10300,0,0964,0002,리치힐,,표제부,공동주택,다세대주택,358.8,179.33,659.44,20041230,5,0,서울특별시 금천구 시흥동 964-2번지
11545,10300,0,0964,0003,,,일반건축물,단독주택,"다가구주택, 근린생활시설",354.5,141.4,764.4,19970110,4,1,서울특별시 금천구 시흥동 964-3번지
11545,10300,0,0964,0004,,,일반건축물,제2종근린생활시설,근린생활시설,398.3,116.2,557.65,19861110,3,1,서울특별시 금천구 시흥동 964-4번지
11545,10300,0,0964,0005,,,일반건축물,제2종근린생활시설,"근린생활시설, 위험물취급소",0,118.8,494.2,19861205,3,1,서울특별시 금천구 시흥동 964-5번지
11545,10300,0,0964,0006,,,일반건축물,제1종근린생활시설,근린생활시설,328.8,131.4,131.4,19940530,1,0,서울특별시 금천구 시흥동 964-6번지
11545,10300,0,0964,0007,,,일반건축물,창고시설,창고시설,398.2,195.7,359.1,20040623,2,0,서울특별시 금천구 시흥동 964-7번지
11545,10300,0,0964,0009,,,일반건축물,단독주택,"주택, 점포",0,117.02,323.96,19811102,2,1,서울특별시 금천구 시흥동 964-9번지
11545,10300,0,0964,0011,철재상가,,표제부,제1종근린생활시설,근린생활시설,0,407.67,963.93,19881229,2,1,서울특별시 금천구 시흥동 964-11번지
11545,10300,0,0964,0014,강호주택,,표제부,공동주택,연립주택,0,397.2,1588.8,19851212,3,1,서울특별시 금천구 시흥동 964-14번지
11545,10300,0,0964,0014,강호주택,,표제부,공동주택,연립주택,0,264.8,1059.2,19851212,3,1,서울특별시 금천구 시흥동 964-14번지
11545,10300,0,0964,0014,강호주택,,표제부,공동주택,연립주택,0,397.2,1588.8,19851212,3,1,서울특별시 금천구 시흥동 964-14번지
11545,10300,0,0965,0000,,,일반건축물,제2종근린생활시설,근린생활시설,0,99.6,486.75,19861027,3,1,서울특별시 금천구 시흥동 965번지
11545,10300,0,0967,0001,,,일반건축물,제1종근린생활시설,근린생활시설,927.9,276.9,1455.94,19910409,3,1,서울특별시 금천구 시흥동 967-1번지
11545,10300,0,0969,0000,철재상가,,표제부,제1종근린생활시설,점포,0,305.28,587.52,19870612,2,0,서울특별시 금천구 시흥동 969번지
11545,10300,0,0969,0004,철재상가,,표제부,제1종근린생활시설,근린생활시설,0,197.28,720,19870612,3,1,서울특별시 금천구 시흥동 969-4번지
11545,10300,0,0970,0000,,,일반건축물,제2종근린생활시설,제2종근린생활시설,762.3,454.14,1514.39,20260106,5,0,서울특별시 금천구 시흥동 970번지
11545,10300,0,0970,0001,해성화인캠사옥,,일반건축물,제2종근린생활시설,제2종근린생활시설(제조업소),678.6,338.42,484.1,19921102,2,0,서울특별시 금천구 시흥동 970-1번지
11545,10300,0,0970,0004,,,일반건축물,제1종근린생활시설,"근린생활시설, 교회, 대중목욕탕, 주택",0,117.99,626.57,19831012,3,1,서울특별시 금천구 시흥동 970-4번지
11545,10300,0,0970,0005,,,표제부,공동주택,연립주택,0,238.23,952.92,19850412,3,1,서울특별시 금천구 시흥동 970-5번지
11545,10300,0,0971,0002,,,표제부,공동주택,연립주택,0,173.15,692.17,19860215,3,1,서울특별시 금천구 시흥동 971-2번지
11545,10300,0,0971,0003,,,일반건축물,단독주택,주택,0,67.14,201.42,19890602,2,1,서울특별시 금천구 시흥동 971-3번지
11545,10300,0,0971,0004,쉼터빌리지,,표제부,공동주택,다세대주택,254,126.53,612.8,20020516,4,1,서울특별시 금천구 시흥동 971-4번지
11545,10300,0,0971,0005,,,표제부,공동주택,다세대주택,321.1,156.53,594.59,19980507,4,1,서울특별시 금천구 시흥동 971-5번지
11545,10300,0,0971,0006,,,일반건축물,제1종근린생활시설,근린생활시설,537.4,200.45,735.69,19921202,4,1,서울특별시 금천구 시흥동 971-6번지
11545,10300,0,0971,0009,쉼터빌리지,,표제부,공동주택,다세대주택,254.1,126.78,613.55,20020529,4,1,서울특별시 금천구 시흥동 971-9번지
11545,10300,0,0971,0010,쉼터빌리지,,표제부,공동주택,다세대주택,271.9,132.19,617.74,20020513,4,1,서울특별시 금천구 시흥동 971-10번지
11545,10300,0,0972,0000,,,일반건축물,제2종근린생활시설,제2종근린생활시설(제조업),0,103.24,103.24,20030820,1,0,서울특별시 금천구 시흥동 972번지
11545,10300,0,0972,0000,,,일반건축물,단독주택,"근린생활시설, 주택",0,163.6,490.8,19841203,3,1,서울특별시 금천구 시흥동 972번지
11545,10300,0,0972,0000,,,일반건축물,제2종근린생활시설,사무실,0,9.88,19.76,19870513,1,1,서울특별시 금천구 시흥동 972번지
11545,10300,0,0972,0001,미르.빌,,표제부,공동주택,다세대주택,133.5,66.73,240.22,20030527,5,0,서울특별시 금천구 시흥동 972-1번지
11545,10300,0,0972,0002,,,표제부,공동주택,연립주택,0,300.58,1202.32,19840714,3,1,서울특별시 금천구 시흥동 972-2번지
11545,10300,0,0972,0003,,,표제부,공동주택,연립주택,333.9,97.05,387.71,19851230,3,1,서울특별시 금천구 시흥동 972-3번지
11545,10300,0,0972,0004,장애인주간보호센터,,일반건축물,노유자시설,노유자시설,0,178.38,201.78,19861220,1,1,서울특별시 금천구 시흥동 972-4번지
11545,10300,0,0972,0007,,,표제부,공동주택,연립주택,0,197.96,791.84,19850424,3,1,서울특별시 금천구 시흥동 972-7번지
11545,10300,0,0972,0009,,,표제부,공동주택,연립주택,0,303.66,1214.64,19840730,3,1,서울특별시 금천구 시흥동 972-9번지
11545,10300,0,0972,0010,,,표제부,공동주택,연립주택,0,201.36,805.44,19840714,3,1,서울특별시 금천구 시흥동 972-10번지
11545,10300,0,0972,0011,,,표제부,공동주택,연립주택,0,152.84,603.62,19851230,3,1,서울특별시 금천구 시흥동 972-11번지
11545,10300,0,0972,0013,미르.빌,,표제부,공동주택,다세대주택,305.7,152.77,606.68,20030523,5,0,서울특별시 금천구 시흥동 972-13번지
11545,10300,0,0973,0000,박산경로당,,일반건축물,노유자시설,노인정,0,48,158.4,19860921,3,1,서울특별시 금천구 시흥동 973번지
11545,10300,0,0973,0001,백운맨션,,표제부,공동주택,연립주택,1166.4,466.33,1786.31,19941011,4,1,서울특별시 금천구 시흥동 973-1번지
11545,10300,0,0973,0002,천록빌라,,표제부,공동주택,연립주택,0,574.38,2297.52,19850520,3,1,서울특별시 금천구 시흥동 973-2번지
11545,10300,0,0973,0002,천록빌라,,표제부,공동주택,연립주택,0,265.32,1061.28,19850520,3,1,서울특별시 금천구 시흥동 973-2번지
11545,10300,0,0973,0003,오병이어,,표제부,공동주택,공동주택,412.5,239.88,856.75,20220211,5,1,서울특별시 금천구 시흥동 973-3번지
11545,10300,0,0974,0000,무궁화빌라A동,,표제부,공동주택,연립주택,0,289.92,1159.68,19821125,3,1,서울특별시 금천구 시흥동 974번지
11545,10300,0,0974,0001,,,표제부,공동주택,다세대주택,290.9,144.42,545.78,20020824,5,0,서울특별시 금천구 시흥동 974-1번지
11545,10300,0,0974,0002,대도연립,,표제부,공동주택,연립주택,0,266.7,1066.8,19831022,3,1,서울특별시 금천구 시흥동 974-2번지
11545,10300,0,0974,0004,현대뉴빌,,표제부,공동주택,공동주택(다세대주택),395.5,146.35,658.47,20020502,4,1,서울특별시 금천구 시흥동 974-4번지
11545,10300,0,0974,0005,,,표제부,공동주택,다세대주택,375.8,149.97,599.88,19931216,3,1,서울특별시 금천구 시흥동 974-5번지
11545,10300,0,0974,0006,,,표제부,공동주택,연립주택,0,145.79,583.16,19821125,3,1,서울특별시 금천구 시흥동 974-6번지
11545,10300,0,0974,0008,대도연립,,표제부,공동주택,연립주택,0,279.84,1119.36,19831104,3,1,서울특별시 금천구 시흥동 974-8번지
11545,10300,0,0976,0000,은성연립,,표제부,공동주택,연립주택,0,210.16,840.64,19830802,3,1,서울특별시 금천구 시흥동 976번지
11545,10300,0,0976,0001,,,표제부,공동주택,연립주택,0,239.91,959.64,19830824,3,1,서울특별시 금천구 시흥동 976-1번지
11545,10300,0,0976,0002,삼미연립,,표제부,공동주택,연립주택,0,318.78,1275.12,19831110,3,1,서울특별시 금천구 시흥동 976-2번지
11545,10300,0,0976,0005,은성연립,,표제부,공동주택,연립주택,0,264.96,1059.84,19830802,3,1,서울특별시 금천구 시흥동 976-5번지
11545,10300,0,0976,0006,,,표제부,공동주택,연립주택,302.5,149.7,598.8,19840416,3,1,서울특별시 금천구 시흥동 976-6번지
11545,10300,0,0977,0000,금천에이스빌,,표제부,공동주택,"다세대주택, 근린생활시설",413.1,184.14,823.8,20020510,5,0,서울특별시 금천구 시흥동 977번지
11545,10300,0,0977,0001,루체클래식 아파트,,표제부,공동주택,공동주택,1074.9,496.767,2223.379,20190604,7,1,서울특별시 금천구 시흥동 977-1번지
11545,10300,0,0977,0002,칠성아파트,,표제부,공동주택,아파트,552.1,261.68,1483.66,20030221,5,1,서울특별시 금천구 시흥동 977-2번지
11545,10300,0,0977,0003,칠성트레빌3차,,표제부,공동주택,다세대주택,397,171.48,659.76,20030307,5,0,서울특별시 금천구 시흥동 977-3번지
11545,10300,0,0977,0004,,,표제부,공동주택,연립주택,536.9,160.71,642.84,19890408,3,1,서울특별시 금천구 시흥동 977-4번지
11545,10300,0,0977,0008,금천에이스빌,,표제부,공동주택,다세대주택,338.8,167.5,658.88,20020520,5,0,서울특별시 금천구 시흥동 977-8번지
11545,10300,0,0977,0009,금천에이스빌,,표제부,공동주택,다세대주택,330.4,164.98,657.64,20020513,5,0,서울특별시 금천구 시흥동 977-9번지
11545,10300,0,0977,0010,금천에이스빌,,표제부,공동주택,다세대주택,330.2,164.48,652.52,20020425,5,0,서울특별시 금천구 시흥동 977-10번지
11545,10300,0,0977,0011,칠성아파트 3차,,표제부,공동주택,아파트,744.5,360.75,2023.22,20030407,5,1,서울특별시 금천구 시흥동 977-11번지
11545,10300,0,0978,0000,,,표제부,제1종근린생활시설,"근린생활시설, 주택",0,192,768,19821229,3,1,서울특별시 금천구 시흥동 978번지
11545,10300,0,0978,0001,,,표제부,공동주택,다세대주택,306.6,152.58,609.12,20021111,5,0,서울특별시 금천구 시흥동 978-1번지
11545,10300,0,0978,0002,위너스타워,,일반건축물,제2종근린생활시설,"제2종근린생활시설, 다가구주택",515.6,285.51,1042.52,20200908,5,1,서울특별시 금천구 시흥동 978-2번지
11545,10300,0,0978,0003,칠성트레빌 2차,,표제부,공동주택,다세대주택,332.9,160.98,640.16,20030110,5,0,서울특별시 금천구 시흥동 978-3번지
11545,10300,0,0978,0004,,,일반건축물,제1종근린생활시설,"제1,2종근린생활시설",0,197.69,733.57,19821203,3,1,서울특별시 금천구 시흥동 978-4번지
11545,10300,0,0978,0005,,,표제부,공동주택,다세대주택,280.9,112.2,493.64,19940630,4,1,서울특별시 금천구 시흥동 978-5번지
11545,10300,0,0978,0006,,,일반건축물,제2종근린생활시설,제2종근린생활시설,297.5,158.45,581.89,20191217,4,0,서울특별시 금천구 시흥동 978-6번지
11545,10300,0,0978,0007,,,표제부,공동주택,다세대주택,236.6,117.86,472.96,20021119,5,0,서울특별시 금천구 시흥동 978-7번지
11545,10300,0,0978,0008,칠성트레빌2차,,표제부,공동주택,다세대주택,326,160.98,640.16,20030102,5,0,서울특별시 금천구 시흥동 978-8번지
11545,10300,0,0978,0009,칠성트레빌2차,,표제부,공동주택,다세대주택,325.7,162.77,647,20030102,5,0,서울특별시 금천구 시흥동 978-9번지
11545,10300,0,0979,0001,,,일반건축물,제2종근린생활시설,근린생활시설,0,261.72,1046.88,19860704,3,1,서울특별시 금천구 시흥동 979-1번지
11545,10300,0,0979,0001,,,일반건축물,제1종근린생활시설,근린생활시설,0,65.5,65.5,20020819,1,0,서울특별시 금천구 시흥동 979-1번지
11545,10300,0,0979,0002,,,일반건축물,제2종근린생활시설,근린생활시설,937.6,405.34,534.43,19921228,1,1,서울특별시 금천구 시흥동 979-2번지
11545,10300,0,0979,0003,,,일반건축물,제1종근린생활시설,"사무실,점포,제1,2종근린생활시설",888,309.66,1103.46,19850831,3,1,서울특별시 금천구 시흥동 979-3번지
11545,10300,0,0979,0004,아르스파크,,표제부,제1종근린생활시설,"근린생활시설, 공동주택",937.6,556.26,1984.93,20190402,5,1,서울특별시 금천구 시흥동 979-4번지
11545,10300,0,0980,0000,박미주유소,,일반건축물,위험물저장및처리시설,주유소,1128.2,419.51,593.21,19950107,2,1,서울특별시 금천구 시흥동 980번지
11545,10300,0,0980,0001,,,일반건축물,제1종근린생활시설,수위실,0,19.24,19.24,19670731,1,0,서울특별시 금천구 시흥동 980-1번지
11545,10300,0,0980,0002,,,일반건축물,자동차관련시설,자동차관련시설,0,154.28,154.28,20241211,1,0,서울특별시 금천구 시흥동 980-2번지
11545,10300,0,0980,0002,,,일반건축물,자동차관련시설,자동차관련시설,0,41.34,41.34,20241211,1,0,서울특별시 금천구 시흥동 980-2번지
11545,10300,0,0981,0000,박미빗물펌프장,,일반건축물,제1종근린생활시설,제1종근린생활시설(박미빗물펌프장),5013.3,855.86,1082.74,20060201,2,0,서울특별시 금천구 시흥동 981번지
11545,10300,0,0981,0002,F동,,일반건축물,제2종근린생활시설,사무실,0,87.44,168.4,19720718,3,0,서울특별시 금천구 시흥동 981-2번지
11545,10300,0,0981,0002,A동,,일반건축물,공장,"공장,사무실,창고,제2종근린생활시설",0,585.45,769.95,19690705,1,0,서울특별시 금천구 시흥동 981-2번지
11545,10300,0,0981,0002,B동,,일반건축물,공장,공장,0,98.98,98.98,19731215,1,0,서울특별시 금천구 시흥동 981-2번지
11545,10300,0,0981,0002,E동,,일반건축물,제2종근린생활시설,사무실,0,77.05,77.05,19730118,1,0,서울특별시 금천구 시흥동 981-2번지
11545,10300,0,0981,0002,D동,,일반건축물,창고시설,창고,0,243.17,243.17,19731215,1,0,서울특별시 금천구 시흥동 981-2번지
11545,10300,0,0981,0002,C동,,일반건축물,공장,"공장,제2종근린생활시설",0,134.25,184.5,,2,0,서울특별시 금천구 시흥동 981-2번지
11545,10300,0,0981,0005,,,일반건축물,공장,"공장, 기숙사, 사무실",0,511.17,994.44,19760726,2,1,서울특별시 금천구 시흥동 981-5번지
11545,10300,0,0982,0000,현대빌라,,표제부,공동주택,공동주택,0,395.1,1576.8,19890525,3,1,서울특별시 금천구 시흥동 982번지
11545,10300,0,0982,0000,현대빌라,,표제부,공동주택,공동주택,0,359.04,1431.36,19890525,3,1,서울특별시 금천구 시흥동 982번지
11545,10300,0,0982,0000,현대빌라,,표제부,공동주택,공동주택,0,269.28,1073.52,19890525,3,1,서울특별시 금천구 시흥동 982번지
11545,10300,0,0982,0000,현대빌라,,표제부,공동주택,공동주택,0,359.04,1431.36,19890525,3,1,서울특별시 금천구 시흥동 982번지
11545,10300,0,0982,0000,현대빌라,,표제부,공동주택,공동주택,0,211.68,843.12,19890525,3,1,서울특별시 금천구 시흥동 982번지
11545,10300,0,0982,0000,현대빌라,,표제부,공동주택,공동주택,0,269.28,1073.52,19890525,3,1,서울특별시 금천구 시흥동 982번지
11545,10300,0,0982,0000,현대빌라,,표제부,공동주택,공동주택,0,359.04,1431.36,19890525,3,1,서울특별시 금천구 시흥동 982번지
11545,10300,0,0982,0000,현대빌라,,표제부,공동주택,공동주택,0,269.28,1073.52,19890525,3,1,서울특별시 금천구 시흥동 982번지
11545,10300,0,0982,0000,현대빌라,,표제부,공동주택,공동주택,0,271.5,1045.88,19890525,3,1,서울특별시 금천구 시흥동 982번지
11545,10300,0,0982,0000,현대빌라,,표제부,공동주택,공동주택,0,269.28,1073.52,19890525,3,1,서울특별시 금천구 시흥동 982번지
11545,10300,0,0982,0000,현대빌라,,표제부,공동주택,공동주택,0,269.28,1073.52,19890525,3,1,서울특별시 금천구 시흥동 982번지
11545,10300,0,0982,0000,현대빌라,,표제부,공동주택,공동주택,0,448.8,1789.2,19890525,3,1,서울특별시 금천구 시흥동 982번지
11545,10300,0,0982,0000,현대빌라,,표제부,공동주택,공동주택,0,269.28,1073.52,19890525,3,1,서울특별시 금천구 시흥동 982번지
11545,10300,0,0982,0000,현대빌라,,표제부,공동주택,공동주택,0,359.04,1431.36,19890525,3,1,서울특별시 금천구 시흥동 982번지
11545,10300,0,0982,0000,현대빌라,,표제부,공동주택,공동주택,0,365.76,1455.84,19890525,3,1,서울특별시 금천구 시흥동 982번지
11545,10300,0,0982,0004,,,일반건축물,제1종근린생활시설,근린생활시설,777.1,250.36,1256.92,19850603,3,1,서울특별시 금천구 시흥동 982-4번지
11545,10300,0,0982,0005,,,일반건축물,제2종근린생활시설,근린생활시설,951.8,282.39,732.04,19760930,3,1,서울특별시 금천구 시흥동 982-5번지
11545,10300,0,0982,0006,(주)동영특수강정공,,일반건축물,공장,공장,1019.8,608.76,1673.51,20150213,4,0,서울특별시 금천구 시흥동 982-6번지
11545,10300,0,0982,0007,,,일반건축물,제1종근린생활시설,근린생활시설,711.1,354.76,1675.85,19841129,4,1,서울특별시 금천구 시흥동 982-7번지
11545,10300,0,0982,0020,동성철강(주),,일반건축물,창고시설,창고시설,643.3,375.19,574.64,20080118,2,0,서울특별시 금천구 시흥동 982-20번지
11545,10300,0,0982,0021,,,일반건축물,제2종근린생활시설,근린생활시설,0,139.13,139.13,19970801,1,0,서울특별시 금천구 시흥동 982-21번지
11545,10300,0,0982,0021,,,일반건축물,제1종근린생활시설,근린생활시설,0,184.32,184.32,19960213,1,0,서울특별시 금천구 시흥동 982-21번지
11545,10300,0,0982,0021,,,일반건축물,제2종근린생활시설,근린생활시설,0,25.92,51.84,19970801,2,0,서울특별시 금천구 시흥동 982-21번지
11545,10300,0,0982,0021,,,일반건축물,창고시설,창고,0,158.46,158.46,19960213,1,0,서울특별시 금천구 시흥동 982-21번지
11545,10300,0,0983,0001,금천셀프주유소,,일반건축물,위험물저장및처리시설,위험물저장및처리시설(주유소),0,517.93,517.93,20100210,1,0,서울특별시 금천구 시흥동 983-1번지
11545,10300,0,0983,0001,금천셀프주유소,,일반건축물,위험물저장및처리시설,위험물저장및처리시설(주유소),0,250.91,400.03,19931224,2,0,서울특별시 금천구 시흥동 983-1번지
11545,10300,0,0983,0008,,,일반건축물,제1종근린생활시설,체련단련장,793.4,215.55,657.12,19810617,3,0,서울특별시 금천구 시흥동 983-8번지
11545,10300,0,0983,0013,대도연립,,표제부,제1종근린생활시설,공중변소,0,6.9,6.9,19831228,1,0,서울특별시 금천구 시흥동 983-13번지
11545,10300,0,0983,0013,대도연립,,표제부,공동주택,관리사무실,0,16,16,19831228,1,0,서울특별시 금천구 시흥동 983-13번지
11545,10300,0,0983,0013,대도연립,,표제부,공동주택,연립주택,0,241.92,967.68,19831228,3,1,서울특별시 금천구 시흥동 983-13번지
11545,10300,0,0983,0013,대도연립,,표제부,공동주택,연립주택,0,513.64,1965.16,19831228,3,1,서울특별시 금천구 시흥동 983-13번지
11545,10300,0,0983,0013,대도연립,,표제부,공동주택,연립주택,0,241.92,967.68,19831228,3,1,서울특별시 금천구 시흥동 983-13번지
11545,10300,0,0983,0013,대도연립,,표제부,제1종근린생활시설,상가(근린생활시설),0,51,204,19831228,3,1,서울특별시 금천구 시흥동 983-13번지
11545,10300,0,0983,0013,대도연립,,표제부,공동주택,연립주택,0,362.88,1451.52,19831228,3,1,서울특별시 금천구 시흥동 983-13번지
11545,10300,0,0983,0013,대도연립,,표제부,공동주택,연립주택,0,241.92,967.68,19831228,3,1,서울특별시 금천구 시흥동 983-13번지
11545,10300,0,0983,0013,대도연립,,표제부,공동주택,연립주택,0,308.16,1232.64,19831228,3,1,서울특별시 금천구 시흥동 983-13번지
11545,10300,0,0983,0013,대도연립,,표제부,제1종근린생활시설,공중변소,0,6.9,6.9,19831228,1,0,서울특별시 금천구 시흥동 983-13번지
11545,10300,0,0983,0013,대도연립,,표제부,공동주택,연립주택,0,120.96,483.84,19831228,3,1,서울특별시 금천구 시흥동 983-13번지
11545,10300,0,0983,0020,,,일반건축물,제1종근린생활시설,"근린생활시설,제1종근린생활시설(휴게음식점)",398.9,221.49,923.38,19940309,4,1,서울특별시 금천구 시흥동 983-20번지
11545,10300,0,0984,0000,시흥산업용재유통센타,,표제부,제2종근린생활시설,"점포, 사무실",0,1005.48,2956.3,19870908,3,0,서울특별시 금천구 시흥동 984번지
11545,10300,0,0984,0000,시흥산업용재유통센타,,표제부,제2종근린생활시설,"점포, 사무실, 제1종근린생활시설",0,1522.63,4449.09,19870908,3,0,서울특별시 금천구 시흥동 984번지
11545,10300,0,0984,0000,시흥산업용재유통센타,,표제부,판매시설,"판매시설, 업무시설, 근린생활시설",127749,1207.49,6079.99,19870908,3,1,서울특별시 금천구 시흥동 984번지
11545,10300,0,0984,0000,시흥산업용재유통센타,,표제부,제2종근린생활시설,"점포, 사무실, 제2종근린생활시설",0,899.64,2645.26,19870908,3,0,서울특별시 금천구 시흥동 984번지
11545,10300,0,0984,0000,시흥산업용재유통센타,,표제부,제2종근린생활시설,"점포, 사무실",0,846.72,2489.74,19870908,3,0,서울특별시 금천구 시흥동 984번지
11545,10300,0,0984,0000,시흥산업용재유통센타,,표제부,제2종근린생활시설,"점포, 사무실",0,469.44,1366.27,19870908,3,0,서울특별시 금천구 시흥동 984번지
11545,10300,0,0984,0000,시흥산업용재유통센타,,표제부,제2종근린생활시설,"점포, 사무실",0,899.64,2645.26,19870908,3,0,서울특별시 금천구 시흥동 984번지
11545,10300,0,0984,0000,시흥산업용재유통센타,,표제부,제2종근린생활시설,"점포, 사무실",0,952.56,2800.78,19870908,3,0,서울특별시 금천구 시흥동 984번지
11545,10300,0,0984,0000,시흥산업용재유통센타,,표제부,제2종근린생활시설,"점포, 사무실",0,1005.48,2956.3,19870908,3,0,서울특별시 금천구 시흥동 984번지
11545,10300,0,0984,0000,시흥산업용재유통센타,,표제부,제2종근린생활시설,"점포, 사무실",0,846.72,2489.74,19870908,3,0,서울특별시 금천구 시흥동 984번지
11545,10300,0,0984,0000,시흥산업용재유통센타,,표제부,제2종근린생활시설,"점포, 사무실",0,1111.32,3267.34,19870908,3,0,서울특별시 금천구 시흥동 984번지
11545,10300,0,0984,0000,시흥산업용재유통센타,,표제부,제2종근린생활시설,"점포, 사무실,제2종근린생활시설",0,1522.63,4449.09,19870908,3,0,서울특별시 금천구 시흥동 984번지
11545,10300,0,0984,0000,시흥산업용재유통센타,,표제부,업무시설,"점포, 사무실",0,1469.71,4293.57,19870908,3,0,서울특별시 금천구 시흥동 984번지
11545,10300,0,0984,0000,시흥산업용재유통센타,,표제부,업무시설,"점포, 사무실",0,1469.71,4293.57,19870908,3,0,서울특별시 금천구 시흥동 984번지
11545,10300,0,0984,0000,시흥산업용재유통센타,,표제부,제2종근린생활시설,"점포, 사무실, 제2종근린생활시설",0,704.16,2049.41,19870908,3,0,서울특별시 금천구 시흥동 984번지
11545,10300,0,0984,0000,시흥산업용재유통센타,,표제부,제2종근린생활시설,"점포, 사무실, 제2종근린생활시설(제조업소)",0,1363.87,3982.53,19870908,3,0,서울특별시 금천구 시흥동 984번지
11545,10300,0,0984,0000,시흥산업용재유통센타,,표제부,창고시설,창고,0,22309.51,2673.45,19870908,0,1,서울특별시 금천구 시흥동 984번지
11545,10300,0,0984,0000,시흥산업용재유통센타,,표제부,판매시설,"판매업무시설,제2종근린생활시설",127749,0,12332.69,19870908,3,1,서울특별시 금천구 시흥동 984번지
11545,10300,0,0984,0000,시흥산업용재유통센타,,표제부,창고시설,창고,0,0,4021.11,19870908,0,1,서울특별시 금천구 시흥동 984번지
11545,10300,0,0984,0000,시흥산업용재유통센타,,표제부,제2종근린생활시설,"점포, 사무실",0,1205.11,3515.97,19870908,3,0,서울특별시 금천구 시흥동 984번지
11545,10300,0,0984,0000,시흥산업용재유통센타,,표제부,업무시설,"점포, 사무실",0,1469.71,4293.57,19870908,3,0,서울특별시 금천구 시흥동 984번지
11545,10300,0,0984,0000,시흥산업용재유통센타,,표제부,제2종근린생활시설,"점포, 사무실",0,1522.63,4449.09,19870908,3,0,서울특별시 금천구 시흥동 984번지
11545,10300,0,0984,0000,시흥산업용재유통센타,,표제부,제2종근린생활시설,"점포, 사무실",0,952.56,2800.78,19870908,3,0,서울특별시 금천구 시흥동 984번지
11545,10300,0,0984,0000,시흥산업용재유통센타,,표제부,업무시설,"점포, 사무실",0,1469.71,4293.57,19870908,3,0,서울특별시 금천구 시흥동 984번지
11545,10300,0,0984,0000,시흥산업용재유통센타,,표제부,업무시설,"점포, 사무실",0,476.28,1401.1,19870908,3,0,서울특별시 금천구 시흥동 984번지
11545,10300,0,0984,0000,시흥산업용재유통센타,,표제부,제2종근린생활시설,"점포, 사무실, 제2종근린생활시설",0,1522.63,4449.09,19870908,3,0,서울특별시 금천구 시흥동 984번지
11545,10300,0,0984,0000,시흥산업용재유통센타,,표제부,제2종근린생활시설,"점포, 사무실",0,586.8,1707.84,19870908,3,0,서울특별시 금천구 시흥동 984번지
11545,10300,0,0984,0000,시흥산업용재유통센타,,표제부,제2종근린생활시설,"점포, 사무실",0,704.16,2049.41,19870908,3,0,서울특별시 금천구 시흥동 984번지
11545,10300,0,0984,0000,시흥산업용재유통센타,,표제부,제2종근린생활시설,"점포, 사무실",0,952.56,2800.78,19870908,3,0,서울특별시 금천구 시흥동 984번지
11545,10300,0,0984,0000,시흥산업용재유통센타,,표제부,제2종근린생활시설,"점포, 사무실, 제2종근린생활시설",0,952.56,2800.78,19870908,3,0,서울특별시 금천구 시흥동 984번지
11545,10300,0,0984,0000,시흥산업용재유통센타,,표제부,업무시설,"점포, 사무실",0,1005.48,2956.3,19870908,3,0,서울특별시 금천구 시흥동 984번지
11545,10300,0,0984,0000,시흥산업용재유통센타,,표제부,제2종근린생활시설,"점포, 사무실",0,1522.63,4449.09,19870908,3,0,서울특별시 금천구 시흥동 984번지
11545,10300,0,0984,0000,시흥산업용재유통센타,,표제부,제2종근린생활시설,"점포, 사무실,제2종근린생활시설",0,704.16,2049.41,19870908,3,0,서울특별시 금천구 시흥동 984번지
11545,10300,0,0984,0000,시흥산업용재유통센타,,표제부,제2종근린생활시설,"점포, 사무실,제2종근린생활시설",0,1522.63,4449.09,19870908,3,0,서울특별시 금천구 시흥동 984번지
11545,10300,0,0984,0000,시흥산업용재유통센타,,표제부,제2종근린생활시설,"점포, 사무실",0,952.56,2800.78,19870908,3,0,서울특별시 금천구 시흥동 984번지
11545,10300,0,0984,0000,시흥산업용재유통센타,,표제부,제2종근린생활시설,"점포, 사무실, 제2종근린생활시설",0,952.56,2800.78,19870908,3,0,서울특별시 금천구 시흥동 984번지
11545,10300,0,0984,0000,시흥산업용재유통센타,,표제부,제2종근린생활시설,"점포, 사무실",0,1522.63,4449.09,19870908,3,0,서울특별시 금천구 시흥동 984번지
11545,10300,0,0984,0001,,,일반건축물,제2종근린생활시설,"소매점, 휴게음식점, 사무소",349.1,175.66,599.64,20240222,4,0,서울특별시 금천구 시흥동 984-1번지
11545,10300,0,0984,0002,K타워,,일반건축물,자동차관련시설,자동차관련시설,1046.5,806.51,5900.27,20170524,6,2,서울특별시 금천구 시흥동 984-2번지
11545,10300,0,0984,0003,휴캐슬,,표제부,공동주택,도시형생활주택(단지형다세대),695.6,151.24,1416.89,20150227,8,1,서울특별시 금천구 시흥동 984-3번지
11545,10300,0,0984,0003,휴캐슬,,표제부,공동주택,도시형생활주택(단지형다세대),695.6,151.1,869.94,20150227,8,0,서울특별시 금천구 시흥동 984-3번지
11545,10300,0,0984,0004,,,일반건축물,제2종근린생활시설,근린생활시설,728.7,108,108,19850713,1,0,서울특별시 금천구 시흥동 984-4번지
11545,10300,0,0984,0005,서울화스닝빌딩,,일반건축물,제1종근린생활시설,근린생활시설,137.2,65.64,299.76,19940930,4,1,서울특별시 금천구 시흥동 984-5번지
11545,10300,0,0984,0008,,,일반건축물,제2종근린생활시설,사무실,0,12.15,12.15,19991112,1,0,서울특별시 금천구 시흥동 984-8번지
11545,10300,0,0984,0008,,,일반건축물,공장,사무실,0,330.78,436.77,19750808,2,1,서울특별시 금천구 시흥동 984-8번지
11545,10300,0,0984,0011,,,일반건축물,공장,"공장, 사무실",271.4,107.87,124.37,19730816,2,0,서울특별시 금천구 시흥동 984-11번지
11545,10300,0,0984,0013,,,일반건축물,공장,공장,229.37,135.16,135.16,20000104,1,0,서울특별시 금천구 시흥동 984-13번지
11545,10300,0,0984,0014,,,일반건축물,창고시설,창고,0,46.88,46.88,19681203,1,0,서울특별시 금천구 시흥동 984-14번지
11545,10300,0,0984,0015,한성엔지니어링,,일반건축물,공장,공장,162.7,91.09,182.18,20010503,2,0,서울특별시 금천구 시흥동 984-15번지
11545,10300,0,0984,0016,리치힐,,표제부,공동주택,공동주택,0,167.34,750.79,20180629,7,0,서울특별시 금천구 시흥동 984-16번지
11545,10300,0,0984,0016,리치힐,,표제부,공동주택,공동주택,0,108.96,446.08,20180629,6,0,서울특별시 금천구 시흥동 984-16번지
11545,10300,0,0984,0018,,,일반건축물,제1종근린생활시설,근린생활시설,0,151.89,310.29,19770922,2,1,서울특별시 금천구 시흥동 984-18번지
11545,10300,0,0984,0020,,,표제부,공동주택,"주택, 근린생활시설",0,124.2,244.83,19700620,2,0,서울특별시 금천구 시흥동 984-20번지
11545,10300,0,0984,0020,,,일반건축물,제1종근린생활시설,근린생활시설,0,68.31,68.31,19650501,1,0,서울특별시 금천구 시흥동 984-20번지
11545,10300,0,0984,0022,,,일반건축물,제2종근린생활시설,제2종근린생활시설,453.02,215.53,299.91,20011203,2,0,서울특별시 금천구 시흥동 984-22번지
11545,10300,0,0984,0023,,,일반건축물,제2종근린생활시설,제2종근린생활시설(제조업소),358.29,64.8,64.8,20120622,1,0,서울특별시 금천구 시흥동 984-23번지
11545,10300,0,0984,0023,,,일반건축물,단독주택,"주택, 점포",0,106.45,212.9,19690315,2,0,서울특별시 금천구 시흥동 984-23번지
11545,10300,0,0984,0025,,,일반건축물,단독주택,"(제2종)근린생활시설, 다가구용단독주택(5가구)",122.88,78.83,297.17,19931229,3,1,서울특별시 금천구 시흥동 984-25번지
11545,10300,0,0984,0029,,,일반건축물,제2종근린생활시설,"제1,2종근린생활시설",512.58,284.9,894.48,19800826,3,1,서울특별시 금천구 시흥동 984-29번지
11545,10300,0,0984,0030,,,일반건축물,자동차관련시설,"자동차관련시설,사무실,창고",902.16,540.65,540.65,19770110,1,0,서울특별시 금천구 시흥동 984-30번지
11545,10300,0,0984,0033,메가마트 시흥동 물류센터,,일반건축물,창고시설,"창고시설,제2종근린생활시설",5184.69,2426.71,7627.01,20120720,4,0,서울특별시 금천구 시흥동 984-33번지
11545,10300,0,0984,0042,,,일반건축물,제1종근린생활시설,"근린생활시설(소매점,사무소)",301.43,161.5,340.35,19960812,2,1,서울특별시 금천구 시흥동 984-42번지
11545,10300,0,0984,0043,,,일반건축물,공장,"공장,사무실",254.06,151.69,486.09,20031121,4,0,서울특별시 금천구 시흥동 984-43번지
11545,10300,0,0984,0044,건목프라자,3,표제부,공동주택,"제1종근린생활시설, 다세대주택(7세대), 제2종근린생활시설",893.8,445.34,2419.81,20010818,4,1,서울특별시 금천구 시흥동 984-44번지
11545,10300,0,0984,0049,,,일반건축물,창고시설,"근린생활시설, 창고",243.9,119.4,383.11,19980220,3,1,서울특별시 금천구 시흥동 984-49번지
11545,10300,0,0984,0054,E-스타파크Ⅱ,,표제부,업무시설,주차동,1085.9,50.625,104.445,20220405,1,1,서울특별시 금천구 시흥동 984-54번지
11545,10300,0,0984,0054,E-스타파크Ⅱ,,표제부,업무시설,옥외계단,1085.9,13.485,13.485,20220405,1,0,서울특별시 금천구 시흥동 984-54번지
11545,10300,0,0984,0054,E-스타파크Ⅱ,,표제부,업무시설,경비동,1085.9,0,6.6674,20220405,1,0,서울특별시 금천구 시흥동 984-54번지
11545,10300,0,0984,0054,E-스타파크Ⅱ,,표제부,업무시설,업무시설(오피스텔),1085.9,319.0703,4081.9657,20220405,14,1,서울특별시 금천구 시흥동 984-54번지
11545,10300,0,0984,0055,,,일반건축물,제1종근린생활시설,(제2종)근린생활시설,787.1,456.94,494.14,19950328,1,1,서울특별시 금천구 시흥동 984-55번지
11545,10300,0,0984,0069,휴캐슬,,표제부,공동주택,도시형생활주택(단지형다세대),695.6,151.24,1416.89,20150227,8,1,서울특별시 금천구 시흥동 984-69번지
11545,10300,0,0984,0069,휴캐슬,,표제부,공동주택,도시형생활주택(단지형다세대),695.6,151.1,869.94,20150227,8,0,서울특별시 금천구 시흥동 984-69번지
11545,10300,0,0985,0000,한영상가,,표제부,제2종근린생활시설,(제2종)근린생활시설,1503.7,723.64,2925.96,19781122,3,1,서울특별시 금천구 시흥동 985번지
11545,10300,0,0985,0002,,,표제부,제1종근린생활시설,점포,0,254.21,898.5,19781213,3,1,서울특별시 금천구 시흥동 985-2번지
11545,10300,0,0985,0005,제임스네이션,,표제부,업무시설,업무시설,208.8,69,499.12,20170802,9,0,서울특별시 금천구 시흥동 985-5번지
11545,10300,0,0985,0006,,,일반건축물,제2종근린생활시설,(제2종)근린생활시설,321.6,183,1208.82,19930106,6,1,서울특별시 금천구 시흥동 985-6번지
11545,10300,0,0985,0007,,,일반건축물,제1종근린생활시설,"창고, 점포, 사무실",224.7,111.14,432.29,19840811,3,1,서울특별시 금천구 시흥동 985-7번지
11545,10300,0,0985,0008,신라상가,,표제부,업무시설,"사무실, 점포,제2종근린생활시설",0,450.91,1803.64,19780930,3,1,서울특별시 금천구 시흥동 985-8번지
11545,10300,0,0985,0009,한영상가,,표제부,제1종근린생활시설,"점포, 제2종근린생활시설",1681.4,817.53,3299.19,19781002,3,1,서울특별시 금천구 시흥동 985-9번지
11545,10300,0,0985,0012,신라상가,,표제부,업무시설,"사무실, 점포,(제1,2종)근린생활시설",0,919.67,3678.68,19781102,3,1,서울특별시 금천구 시흥동 985-12번지
11545,10300,0,0985,0013,삼흥빌딩,,표제부,제1종근린생활시설,제1·2종근린생활시설,1153.3,552.51,1812.51,19840702,3,1,서울특별시 금천구 시흥동 985-13번지
11545,10300,0,0985,0014,,,일반건축물,방송통신시설,"통신시설(전신전화국),업무시설,제1종근린생활시설",3463.2,1630.69,8222.51,19811017,5,1,서울특별시 금천구 시흥동 985-14번지
11545,10300,0,0985,0018,,,표제부,공동주택,공동주택,172.98,102.07,389.29,20010303,5,0,서울특별시 금천구 시흥동 985-18번지
11545,10300,0,0985,0019,,,일반건축물,단독주택,다가구 주택,281,159.52,490.76,19970910,3,1,서울특별시 금천구 시흥동 985-19번지
11545,10300,0,0985,0020,,,일반건축물,단독주택,다가구주택,279.61,74.22,233.46,20091029,4,0,서울특별시 금천구 시흥동 985-20번지
11545,10300,0,0985,0020,,,일반건축물,단독주택,다가구주택,279.61,93.34,290.82,20091029,4,0,서울특별시 금천구 시흥동 985-20번지
11545,10300,0,0985,0022,,,일반건축물,단독주택,주택,178.5,105.73,418.51,19840503,3,1,서울특별시 금천구 시흥동 985-22번지
11545,10300,0,0985,0023,,,일반건축물,제2종근린생활시설,제2종근린생활시설,0,71.36,134.82,20080321,2,0,서울특별시 금천구 시흥동 985-23번지
11545,10300,0,0985,0023,,,일반건축물,제2종근린생활시설,제2종근린생활시설,0,72,72,20210614,1,0,서울특별시 금천구 시흥동 985-23번지
11545,10300,0,0985,0023,,,일반건축물,제2종근린생활시설,"제1,2종근린생활시설, 자동차관련시설",819.56,224.1,486,19871026,2,1,서울특별시 금천구 시흥동 985-23번지
11545,10300,0,0985,0025,,,일반건축물,단독주택,다가구주택(10가구),249.3,121.76,346.92,19920506,2,1,서울특별시 금천구 시흥동 985-25번지
11545,10300,0,0985,0026,금천구 시설관리공단(시흥3동 치안센터),,일반건축물,업무시설,공공업무용시설,0,174.55,624.04,19781231,3,1,서울특별시 금천구 시흥동 985-26번지
11545,10300,0,0985,0027,(주)케이비원,,일반건축물,업무시설,"업무시설,소매점",868.6,506.76,4127.27,20040224,8,1,서울특별시 금천구 시흥동 985-27번지
11545,10300,0,0985,0032,대성타운,,표제부,공동주택,연립주택,0,346.1,1384.4,19831202,3,1,서울특별시 금천구 시흥동 985-32번지
11545,10300,0,0985,0033,,,일반건축물,단독주택,단독주택,187.1,82.16,266.88,19870729,3,1,서울특별시 금천구 시흥동 985-33번지
11545,10300,0,0985,0034,,,일반건축물,단독주택,"다가구용단독주택(7가구),근린생활시설",228.1,116.19,386.01,19910823,3,1,서울특별시 금천구 시흥동 985-34번지
11545,10300,0,0985,0035,,,표제부,공동주택,다세대주택,303.1,135.57,659.55,19920323,4,1,서울특별시 금천구 시흥동 985-35번지
11545,10300,0,0986,0000,S.A 드림빌,,표제부,업무시설,"업무시설, 제1,2종근린생활시설",529.1,317.08,1728.2,20130912,5,1,서울특별시 금천구 시흥동 986번지
11545,10300,0,0986,0004,시흥빌딩,,표제부,업무시설,"공장, 근린생활시설, 창고",4236.1,2047.93,10699.13,19790831,5,1,서울특별시 금천구 시흥동 986-4번지
11545,10300,0,0987,0000,금천 쏠라 이지움,,표제부,업무시설,"업무시설,근린생활시설",2068.2,1232.78,8176.05,20161229,8,2,서울특별시 금천구 시흥동 987번지
11545,10300,0,0987,0002,,,일반건축물,제1종근린생활시설,제1종근린생활시설(소매점),361.7,216.14,580.02,20060829,4,0,서울특별시 금천구 시흥동 987-2번지
11545,10300,0,0987,0003,,서울특별시 금천구 시흥동 987블럭 3노트,일반건축물,제1종근린생활시설,근린생활시설,733.5,428.45,922.9,20011228,3,0,서울특별시 금천구 시흥동 987-3번지
11545,10300,0,0987,0005,,,일반건축물,자동차관련시설,자동차관련시설(정비공장),713.5,349.65,486.45,19760729,2,1,서울특별시 금천구 시흥동 987-5번지
11545,10300,0,0987,0006,,,일반건축물,자동차관련시설,자동차관련시설(매매장 및 정비공장),1670.7,991.39,13515.79,20190215,10,4,서울특별시 금천구 시흥동 987-6번지
11545,10300,0,0987,0009,FORET 987,,표제부,업무시설,오피스텔,1118.6,338.98,5479.41,20240122,14,2,서울특별시 금천구 시흥동 987-9번지
11545,10300,0,0987,0012,,,일반건축물,제2종근린생활시설,"업무시설, 제1,2종근린생활시설",633,356.54,1616.7,19820511,4,1,서울특별시 금천구 시흥동 987-12번지
11545,10300,0,0987,0014,시티뷰3차,,표제부,업무시설,업무시설(오피스텔),0,321.31,3426.21,20051206,10,1,서울특별시 금천구 시흥동 987-14번지
11545,10300,0,0987,0014,시티뷰3차,,표제부,업무시설,업무시설(오피스텔),0,322.78,3450.15,20051206,10,1,서울특별시 금천구 시흥동 987-14번지
11545,10300,0,0987,0014,시티뷰3차,,표제부,업무시설,업무시설(경비실),0,7.2,7.2,20051206,1,0,서울특별시 금천구 시흥동 987-14번지
11545,10300,0,0988,0000,신한빌A동,,표제부,공동주택,공동주택,267.5,160.3,556.36,20111107,5,0,서울특별시 금천구 시흥동 988번지
11545,10300,0,0988,0002,대동리버파크빌,,표제부,업무시설,"오피스텔,다세대주택",581.2,270.13,1580.4,20200630,10,1,서울특별시 금천구 시흥동 988-2번지
11545,10300,0,0988,0002,대동리버파크빌,,표제부,업무시설,업무시설(오피스텔-주차장),0,0,47.85,,0,0,서울특별시 금천구 시흥동 988-2번지
11545,10300,0,0988,0003,,,일반건축물,단독주택,주택,0,65.45,111.83,19711022,2,0,서울특별시 금천구 시흥동 988-3번지
11545,10300,0,0988,0005,,,일반건축물,단독주택,"공장 및 단독주택, 근린생활시설",762.4,436.28,1942.64,19890202,4,1,서울특별시 금천구 시흥동 988-5번지
11545,10300,0,0988,0009,,,표제부,업무시설,업무시설,288.7,172.33,713.67,20181101,5,0,서울특별시 금천구 시흥동 988-9번지
11545,10300,0,0988,0010,,,일반건축물,제2종근린생활시설,"단독주택, 근린생활시설",138,77.22,472.13,20190201,8,0,서울특별시 금천구 시흥동 988-10번지
11545,10300,0,0988,0011,,,일반건축물,제2종근린생활시설,"제2종근린생활시설, 단독주택",144.3,86.54,575.85,20180720,8,0,서울특별시 금천구 시흥동 988-11번지
11545,10300,0,0988,0012,,,일반건축물,제1종근린생활시설,"근린생활시설, 다가구주택(2가구)",284.1,165.77,666.23,19901126,3,1,서울특별시 금천구 시흥동 988-12번지
11545,10300,0,0988,0013,,,일반건축물,공장,경비실,0,0,22.98,19740304,1,1,서울특별시 금천구 시흥동 988-13번지
11545,10300,0,0988,0013,,,일반건축물,공장,공장,0,339.97,362.95,19740304,1,0,서울특별시 금천구 시흥동 988-13번지
11545,10300,0,0988,0013,,,일반건축물,공장,변소,0,0,3.47,19740304,1,0,서울특별시 금천구 시흥동 988-13번지
11545,10300,0,0988,0014,,,일반건축물,제2종근린생활시설,사무실,0,131.83,287.83,19760225,2,1,서울특별시 금천구 시흥동 988-14번지
11545,10300,0,0988,0015,금천소방서(시흥119안전센터),,일반건축물,제1종근린생활시설,소방서,663.5,334.48,748.9,20101013,3,0,서울특별시 금천구 시흥동 988-15번지
11545,10300,0,0988,0016,힐하우스,,표제부,공동주택,공동주택(다세대주택)및노유자시설,352.4,211.25,747.89,20081205,5,0,서울특별시 금천구 시흥동 988-16번지
11545,10300,0,0988,0018,신한빌B동,,표제부,공동주택,공동주택(다세대주택8세대),261.3,156.15,525.4,20111107,5,0,서울특별시 금천구 시흥동 988-18번지
11545,10300,0,0989,0000,시흥빌딩,,일반건축물,공장,"공장, 사무실, 창고",752.5,298.07,897.94,19761108,3,1,서울특별시 금천구 시흥동 989번지
11545,10300,0,0989,0003,,,일반건축물,창고시설,"창고, 점포",0,147.37,178.84,19760306,1,1,서울특별시 금천구 시흥동 989-3번지
11545,10300,0,0989,0004,센터플레이스,,일반건축물,제2종근린생활시설,제2종근린생활시설,390.7,214.56,1398.27,20120601,9,1,서울특별시 금천구 시흥동 989-4번지
11545,10300,0,0989,0005,,,일반건축물,제2종근린생활시설,"제2종근린생활시설,문화및집회시설",378.8,215.58,253.55,19750718,2,1,서울특별시 금천구 시흥동 989-5번지
11545,10300,0,0989,0006,,,표제부,공동주택,공동주택,0,153.55,631.12,20180222,5,0,서울특별시 금천구 시흥동 989-6번지
11545,10300,0,0989,0006,,,표제부,공동주택,공동주택,0,153.47,628.78,20180222,5,0,서울특별시 금천구 시흥동 989-6번지
11545,10300,0,0989,0007,,,일반건축물,자동차관련시설,자동차관련시설,911.9,226.3,226.3,20221021,1,0,서울특별시 금천구 시흥동 989-7번지
11545,10300,0,0989,0008,,,일반건축물,창고시설,"창고, (제2종)근린생활시설, 기숙사",391.9,234.05,538.51,19770914,2,1,서울특별시 금천구 시흥동 989-8번지
11545,10300,0,0989,0009,스카이아파트,,표제부,공동주택,"아파트,제1종근린생활시설",787.7,435.05,2565.67,20021025,8,1,서울특별시 금천구 시흥동 989-9번지
11545,10300,0,0989,0010,그린하이클라스빌(나동),,표제부,업무시설,오피스텔,0,333.42,3770.68,20050214,12,1,서울특별시 금천구 시흥동 989-10번지
11545,10300,0,0989,0010,그린하이클라스빌(다동),,표제부,업무시설,경비실,0,5.76,5.76,20050214,1,0,서울특별시 금천구 시흥동 989-10번지
11545,10300,0,0989,0010,그린하이클라스빌(가동),,표제부,업무시설,오피스텔,0,199.99,824.12,20020102,5,0,서울특별시 금천구 시흥동 989-10번지
11545,10300,0,0989,0011,대도훼미리아파트,,표제부,공동주택,아파트,0,376.47,2662.73,19911104,5,1,서울특별시 금천구 시흥동 989-11번지
11545,10300,0,0989,0012,양문 커뮤니티센터,,일반건축물,교육연구시설,교육연구시설(교육원),555.01,325.684,1181.306,20240126,5,0,서울특별시 금천구 시흥동 989-12번지
11545,10300,0,0989,0014,미성빌라,,표제부,공동주택,연립주택(19세대),1058.7,295.36,1476.8,19910714,4,1,서울특별시 금천구 시흥동 989-14번지
11545,10300,0,0989,0015,,,일반건축물,공장,공장,0,157.56,325.73,19760306,2,1,서울특별시 금천구 시흥동 989-15번지
11545,10300,0,0989,0020,,,표제부,공동주택,공동주택,215,128.46,537.11,20180209,5,0,서울특별시 금천구 시흥동 989-20번지
11545,10300,0,0989,0021,미림퀸즈빌,,표제부,업무시설,오피스텔,784.7,331.38,3612.54,20250403,14,2,서울특별시 금천구 시흥동 989-21번지
11545,10300,0,0990,0000,동진빌,,일반건축물,단독주택,근생 및 다가구주택,105,62.82,261.84,20111226,5,0,서울특별시 금천구 시흥동 990번지
11545,10300,0,0990,0001,삼성빌7차,,표제부,공동주택,"공동주택, 업무시설",360.7,196.77,900.37,20211014,7,1,서울특별시 금천구 시흥동 990-1번지
11545,10300,0,0990,0002,,,일반건축물,단독주택,다가구주택,183.2,129.33,285.15,19870609,2,1,서울특별시 금천구 시흥동 990-2번지
11545,10300,0,0990,0007,,,일반건축물,제1종근린생활시설,"근린생활시설, 사무실",0,104.74,469.4,19860916,3,1,서울특별시 금천구 시흥동 990-7번지
11545,10300,0,0990,0008,,,일반건축물,제2종근린생활시설,"제1,2종근린생활시설",270.55,162.19,1336.2,20240913,8,2,서울특별시 금천구 시흥동 990-8번지
11545,10300,0,0990,0009,덕산파크빌,,표제부,공동주택,도시형생활주택 단지형다세대,290.41,168.38,596.03,20141202,5,0,서울특별시 금천구 시흥동 990-9번지
11545,10300,0,0990,0010,덕산파크빌,,표제부,공동주택,도시형생활(단지형다세대)주택,245.99,147.36,499.88,20141010,5,0,서울특별시 금천구 시흥동 990-10번지
11545,10300,0,0990,0014,,,일반건축물,제2종근린생활시설,근린생활시설,213.28,124.26,663.87,19931026,5,1,서울특별시 금천구 시흥동 990-14번지
11545,10300,0,0990,0016,,,일반건축물,제2종근린생활시설,"일반음식점,의원,사무소,다가구주택",397.8,234.37,1555,20040701,8,1,서울특별시 금천구 시흥동 990-16번지
11545,10300,0,0990,0018,,,일반건축물,종교시설,교회,154.5,91.64,149.06,19890622,1,1,서울특별시 금천구 시흥동 990-18번지
11545,10300,0,0990,0021,동부골든빌리지,,표제부,공동주택,공동주택(다세대주택),345.5,150.93,659.25,20011127,4,1,서울특별시 금천구 시흥동 990-21번지
11545,10300,0,0990,0022,,,표제부,업무시설,"업무시설,제2종근린생활시설",458.3,162.14,1977.21,20070802,11,1,서울특별시 금천구 시흥동 990-22번지
11545,10300,0,0990,0024,조호럭스빌,,표제부,업무시설,"오피스텔,제2종근린생활시설",472.2,248.65,1998.04,20031219,10,1,서울특별시 금천구 시흥동 990-24번지
11545,10300,0,0990,0025,,,표제부,제2종근린생활시설,"제조업,대중음식점,사무실,교육연구및복지시설",303.4,150.74,805.6,19820122,4,1,서울특별시 금천구 시흥동 990-25번지
11545,10300,0,0990,0027,,,일반건축물,제1종근린생활시설,"근린생활시설(소매점),제2종근린생활시설(학원)",337.22,174.68,745.48,19881231,4,1,서울특별시 금천구 시흥동 990-27번지
11545,10300,0,0990,0029,,,일반건축물,단독주택,"(제1,2종)근린생활시설,다가구주택)",158.3,91.02,392.34,20091007,5,0,서울특별시 금천구 시흥동 990-29번지
11545,10300,0,0990,0030,티에스빌,,표제부,업무시설,"소매점,오피스텔",373.87,218.64,1235.64,20150519,6,1,서울특별시 금천구 시흥동 990-30번지
11545,10300,0,0990,0033,정우센스빌 101동,,표제부,공동주택,다세대주택(12세대),369.1,216.29,658.96,20100802,5,0,서울특별시 금천구 시흥동 990-33번지
11545,10300,0,0990,0035,정우센스빌 102동,,표제부,공동주택,다세대주택(8세대),229.07,136.82,522.84,20100726,5,0,서울특별시 금천구 시흥동 990-35번지
11545,10300,0,0990,0045,,,일반건축물,제2종근린생활시설,"제2종근린생활시설,단독주택",289,171.36,875.88,20110429,7,1,서울특별시 금천구 시흥동 990-45번지
11545,10300,0,0990,0053,,,일반건축물,제2종근린생활시설,"공장,근린생활시설",490.4,259.97,1159.45,19761020,5,1,서울특별시 금천구 시흥동 990-53번지
11545,10300,0,0990,0057,비전센터,,표제부,제2종근린생활시설,"(제2종)근린생활시설, 판매시설",0,483.64,1993.07,19820409,3,1,서울특별시 금천구 시흥동 990-57번지
11545,10300,0,0990,0065,,,일반건축물,교육연구시설,"교육연구및복지시설, 제1종근린생활시설, 제2종근린생활시설",504.5,302.52,1988.24,20030811,6,2,서울특별시 금천구 시흥동 990-65번지
11545,10300,0,0990,0066,,,표제부,업무시설,"업무시설,제2종근린생활시설",458.6,162.14,1977.21,20070802,11,1,서울특별시 금천구 시흥동 990-66번지
11545,10300,0,0990,0067,정우센스빌 103동,,표제부,공동주택,다세대주택(8세대),230.23,136.83,529.56,20100726,5,0,서울특별시 금천구 시흥동 990-67번지
11545,10300,0,0990,0068,,,표제부,업무시설,오피스텔(8실),223,131.46,546.28,20110519,5,0,서울특별시 금천구 시흥동 990-68번지
11545,10300,0,0990,0069,정우센스빌,,표제부,업무시설,오피스텔(8실),231.7,138.08,576.32,20110621,5,0,서울특별시 금천구 시흥동 990-69번지
11545,10300,0,0991,0000,아람아이씨티타워,,표제부,공장,공장(지식산업센터),2065.3,1176.85,17706.88,20190926,12,5,서울특별시 금천구 시흥동 991번지
11545,10300,0,0991,0005,인피니움타워,,표제부,공장,"공장(지식산업센터),근린생활시설",2189.8,1313.57,19885.16,20221118,12,5,서울특별시 금천구 시흥동 991-5번지
11545,10300,0,0991,0009,,,일반건축물,제1종근린생활시설,"도시형공장,사무실,제1,2종근린생활시설",0,240.3,1894.7,19880613,5,2,서울특별시 금천구 시흥동 991-9번지
11545,10300,0,0991,0014,,,일반건축물,제2종근린생활시설,(제2종)근린생활시설,333.8,200.26,780.4,19780113,4,1,서울특별시 금천구 시흥동 991-14번지
11545,10300,0,0991,0017,,,일반건축물,제2종근린생활시설,근린생활시설,234.8,109.13,475.95,19830824,3,1,서울특별시 금천구 시흥동 991-17번지
11545,10300,0,0991,0019,시흥제국제조장,,일반건축물,공장,공장,1433.6,781.24,1732.67,20051114,3,1,서울특별시 금천구 시흥동 991-19번지
11545,10300,0,0991,0021,,.,일반건축물,제2종근린생활시설,"(제2종)근린생활시설, 단독주택",470,227.59,1237.93,19940418,5,1,서울특별시 금천구 시흥동 991-21번지
11545,10300,0,0991,0022,,,일반건축물,제1종근린생활시설,"근린생활시설, 단독주택",91.8,61.13,192.39,19950330,4,0,서울특별시 금천구 시흥동 991-22번지
11545,10300,0,0991,0023,,,일반건축물,단독주택,"근린생활시설, 다가구용 단독주택(4가구)",95.8,72.04,210.82,19930922,3,1,서울특별시 금천구 시흥동 991-23번지
11545,10300,0,0991,0024,,,일반건축물,단독주택,"근린생활시설, 다가구용 단독주택(1가구)",95.8,72.04,210.82,19931012,3,1,서울특별시 금천구 시흥동 991-24번지
11545,10300,0,0991,0025,,,일반건축물,단독주택,다가구용 단독주택(5가구),95.4,66.39,160.86,19930726,3,0,서울특별시 금천구 시흥동 991-25번지
11545,10300,0,0991,0026,,,일반건축물,단독주택,다가구용 단독주택(5가구),87.8,63.98,149.34,19930924,3,0,서울특별시 금천구 시흥동 991-26번지
11545,10300,0,0991,0027,,,일반건축물,단독주택,"주택, 점포",91.8,65.45,168,19720315,3,1,서울특별시 금천구 시흥동 991-27번지
11545,10300,0,0991,0028,,,일반건축물,제2종근린생활시설,근린생활시설,0,36.43,36.43,19730328,1,0,서울특별시 금천구 시흥동 991-28번지
11545,10300,0,0991,0028,,,일반건축물,단독주택,주택,0,42.55,42.55,19721204,1,0,서울특별시 금천구 시흥동 991-28번지
11545,10300,0,0991,0030,,,표제부,공동주택,다세대주택,81.8,59.28,149.04,19931210,3,0,서울특별시 금천구 시흥동 991-30번지
11545,10300,0,0991,0031,,,일반건축물,단독주택,주택,0,47.84,47.84,19730314,1,0,서울특별시 금천구 시흥동 991-31번지
11545,10300,0,0991,0032,,,일반건축물,단독주택,주택,0,47.84,47.84,19730314,1,0,서울특별시 금천구 시흥동 991-32번지
11545,10300,0,0991,0033,,,표제부,공동주택,"다세대주택,제2종근린생활시설",107.9,66.59,199.77,19940208,3,0,서울특별시 금천구 시흥동 991-33번지
11545,10300,0,0991,0034,,,일반건축물,단독주택,"다가구용 단독주택(3가구), 근린생활시설",101.2,66.99,197.65,19950111,3,0,서울특별시 금천구 시흥동 991-34번지
11545,10300,0,0991,0035,백운파빌리온,,표제부,공동주택,도시형생활주택(단지형다세대),300.09,179.32,652.97,20160830,6,0,서울특별시 금천구 시흥동 991-35번지
11545,10300,0,0991,0041,현대가우스빌,,표제부,공동주택,도시형생활주택및제2종근린생활시설,285.5,169.82,677.52,20140402,6,0,서울특별시 금천구 시흥동 991-41번지
11545,10300,0,0991,0045,엘리제,,표제부,공동주택,"업무시설(오피스텔),다세대주택",749.4,233.51,968.6,20151105,7,1,서울특별시 금천구 시흥동 991-45번지
11545,10300,0,0991,0045,엘리제,,표제부,공동주택,"업무시설(오피스텔),다세대주택",749.4,209.32,936.83,20151105,7,1,서울특별시 금천구 시흥동 991-45번지
11545,10300,0,0991,0046,,,일반건축물,제2종근린생활시설,"주택, 근린생활시설",232.7,125.23,599.18,19940415,4,1,서울특별시 금천구 시흥동 991-46번지
11545,10300,0,0991,0047,,,표제부,제2종근린생활시설,"근린생활시설,사무실,주택",0,241.65,1250.57,19821123,4,1,서울특별시 금천구 시흥동 991-47번지
11545,10300,0,0992,0002,남서울건영아파트,,표제부,공동주택,아파트,0,1397.04,19180.65,19821207,13,1,서울특별시 금천구 시흥동 992-2번지
11545,10300,0,0992,0002,남서울건영아파트,,표제부,공동주택,아파트,0,1397.04,19180.65,19821207,13,1,서울특별시 금천구 시흥동 992-2번지
11545,10300,0,0992,0002,남서울건영아파트,,표제부,공동주택,상가,0,275.7,1508.1,19821227,4,1,서울특별시 금천구 시흥동 992-2번지
11545,10300,0,0992,0002,남서울건영아파트,,표제부,공동주택,아파트,0,1397.04,19180.65,19821207,13,1,서울특별시 금천구 시흥동 992-2번지
11545,10300,0,0992,0004,롯데블르빌,,표제부,공동주택,도시형생활주택(단지형다세대주택),256.3,151.53,643.79,20160330,7,0,서울특별시 금천구 시흥동 992-4번지
11545,10300,0,0992,0005,,,일반건축물,제2종근린생활시설,(제2종)근린생활시설,311.4,179.82,899.1,19891211,4,1,서울특별시 금천구 시흥동 992-5번지
11545,10300,0,0992,0007,위드 비엠,,표제부,업무시설,"업무시설, 공동주택, 제1,2종근린생활시설",484,258.8,2359.11,20200423,12,1,서울특별시 금천구 시흥동 992-7번지
11545,10300,0,0992,0008,백운플러스타워,,표제부,공동주택,"공동주택,  제1,2종근린생활시설",517.9,301.15,2794.44,20200612,12,2,서울특별시 금천구 시흥동 992-8번지
11545,10300,0,0992,0011,환희타워,,표제부,공동주택,"공동주택, 업무시설, 근린생활시설",283.2,169.53,1317.86,20220225,9,1,서울특별시 금천구 시흥동 992-11번지
11545,10300,0,0992,0012,영광아파트,,표제부,공동주택,"근린생활시설, 공동주택",1500.7,859.08,6437.69,19940809,9,2,서울특별시 금천구 시흥동 992-12번지
11545,10300,0,0992,0015,영모던빌,,표제부,공동주택,"제2종근린생활시설, 다세대주택",268.9,160.8,874.02,20160510,7,0,서울특별시 금천구 시흥동 992-15번지
11545,10300,0,0992,0020,웨스트밸리,,표제부,업무시설,"업무시설,제1,2종근린생활시설,공동주택",2249.8,1123.12,13569.37,20200203,12,3,서울특별시 금천구 시흥동 992-20번지
11545,10300,0,0992,0022,다올빌라,,표제부,공동주택,다세대주택/제2종근린생활시설,211.2,126.63,639.01,20160331,7,0,서울특별시 금천구 시흥동 992-22번지
11545,10300,0,0992,0024,덕산리치빌,,표제부,공동주택,도시형생활주택(단지형다세대주택),163.13,93.65,392.11,20160324,6,0,서울특별시 금천구 시흥동 992-24번지
11545,10300,0,0992,0025,백운 인 베스트,,표제부,공동주택,도시형생활주택(단지형다세대),222.8,133.36,593.3,20141015,6,0,서울특별시 금천구 시흥동 992-25번지
11545,10300,0,0992,0026,성웅빌라트,,표제부,공동주택,다세대주택,0,162,659.96,20011228,5,0,서울특별시 금천구 시흥동 992-26번지
11545,10300,0,0992,0026,성웅빌라트,,표제부,공동주택,다세대주택,0,162,658.42,20011228,5,0,서울특별시 금천구 시흥동 992-26번지
11545,10300,0,0992,0027,산들파크빌1,,표제부,업무시설,업무시설(오피스텔),247.4,142.8,703.92,20050217,6,0,서울특별시 금천구 시흥동 992-27번지
11545,10300,0,0992,0033,미소드림빌 A동,,표제부,공동주택,도시형생활주택(단지형다세대주택),244.75,146.99,628.72,20160217,6,0,서울특별시 금천구 시흥동 992-33번지
11545,10300,0,0992,0034,삼성빌,,표제부,공동주택,도시형생활주택(단지형다세대),284.29,166.9,658.74,20160322,6,0,서울특별시 금천구 시흥동 992-34번지
11545,10300,0,0992,0035,백운인베스트2차,,표제부,공동주택,공동주택,257.03,153.31,658.64,20150924,6,0,서울특별시 금천구 시흥동 992-35번지
11545,10300,0,0992,0038,미소드림빌 B동,,표제부,공동주택,도시형생활주택(다세대주택),113.7,67.92,312.3,20160217,7,0,서울특별시 금천구 시흥동 992-38번지
11545,10300,0,0992,0047,,,일반건축물,제1종근린생활시설,근린생활시설,0,0,6,20040108,1,0,서울특별시 금천구 시흥동 992-47번지
11545,10300,0,0992,0047,홈플러스테스테스코(주)시흥점,,일반건축물,판매시설,"판매시설,근린생활시설,업무시설,교육연구시설",11570.3,6942.09,60635.27,20010905,7,2,서울특별시 금천구 시흥동 992-47번지
11545,10300,0,0992,0055,산들빌라2,,표제부,공동주택,다세대주택,383.2,174.84,659.44,20041027,5,0,서울특별시 금천구 시흥동 992-55번지
11545,10300,0,0992,0057,산들빌라1,,표제부,공동주택,다세대주택,418.21,174.37,659.44,20041018,5,0,서울특별시 금천구 시흥동 992-57번지
11545,10300,0,0992,0059,산들빌라3,,표제부,공동주택,다세대주택,351.6,176.16,658.4,20041123,5,0,서울특별시 금천구 시흥동 992-59번지
11545,10300,0,0992,0061,산들파크타운4,,표제부,공동주택,다세대주택,294.12,171.26,655.84,20050113,5,0,서울특별시 금천구 시흥동 992-61번지
11545,10300,0,0992,0063,산들파크빌2,,표제부,업무시설,업무시설(오피스텔),251.7,142.8,703.92,20050304,6,0,서울특별시 금천구 시흥동 992-63번지
11545,10300,0,0992,0064,산들파크빌3,,표제부,업무시설,업무시설(오피스텔),303.4,149.6,737.92,20050524,6,0,서울특별시 금천구 시흥동 992-64번지
11545,10300,0,0992,0065,산들파크빌5,,표제부,업무시설,업무시설(오피스텔),280.8,143,705.32,20050218,6,0,서울특별시 금천구 시흥동 992-65번지
11545,10300,0,0992,0066,산들파크빌6,,표제부,업무시설,업무시설(오피스텔),247.9,145.9,713.14,20050219,6,0,서울특별시 금천구 시흥동 992-66번지
11545,10300,0,0992,0067,산들파크빌7,,표제부,업무시설,업무시설(오피스텔),313.4,149.6,737.92,20050126,6,0,서울특별시 금천구 시흥동 992-67번지
11545,10300,0,0993,0002,서울시흥동우체국,,일반건축물,제1종근린생활시설,"제1종,제2종근린생활시설",496.3,295.98,1337.08,20151222,4,1,서울특별시 금천구 시흥동 993-2번지
11545,10300,0,0993,0003,,,표제부,판매시설,영업용,0,316,1255.58,19700907,4,1,서울특별시 금천구 시흥동 993-3번지
11545,10300,0,0993,0004,,,일반건축물,제1종근린생활시설,"제1,2종근린생활시설,영업용",403.7,342.87,1311.71,19700907,5,1,서울특별시 금천구 시흥동 993-4번지
11545,10300,0,0994,0000,,,일반건축물,제1종근린생활시설,"제1종근린생활시설(소매점,휴게음식점), 제2종근린생활시설(일반음식점)",199.5,171.25,480.91,19720310,2,1,서울특별시 금천구 시흥동 994번지
11545,10300,0,0994,0001,금천 해담채,,표제부,업무시설,"업무시설, 근린생활시설, 공동주택",319.7,189.12,2937.96,20200413,20,2,서울특별시 금천구 시흥동 994-1번지
11545,10300,0,0994,0003,,,일반건축물,제1종근린생활시설,"근린생활시설,제2종근린생활시설(인터넷컴퓨터게임시설제공업소)",338.8,157.36,629.77,19800828,3,1,서울특별시 금천구 시흥동 994-3번지
11545,10300,0,0994,0005,,,일반건축물,단독주택,주택,0,33.36,33.36,19620125,1,0,서울특별시 금천구 시흥동 994-5번지
11545,10300,0,0994,0005,,,일반건축물,제1종근린생활시설,"제1,2종근린생활시설",203.6,178.28,737.13,19690918,5,1,서울특별시 금천구 시흥동 994-5번지
11545,10300,0,0994,0007,,,일반건축물,제1종근린생활시설,(제2종)근린생활시설,0,70.4,325.6,19830906,4,1,서울특별시 금천구 시흥동 994-7번지
11545,10300,0,0994,0008,,,표제부,제1종근린생활시설,영업용,0,167.34,334.68,19690815,2,0,서울특별시 금천구 시흥동 994-8번지
11545,10300,0,0994,0009,제이타워,,표제부,업무시설,"업무시설, 근린생활시설",1032.5,577.96,9506.08,20220111,18,2,서울특별시 금천구 시흥동 994-9번지
11545,10300,0,0995,0002,금천파출소,,일반건축물,제1종근린생활시설,경찰관파출소,323.1,183.89,540.61,20170106,4,0,서울특별시 금천구 시흥동 995-2번지
11545,10300,0,0995,0003,더금하,,일반건축물,제1종근린생활시설,제1종근린생활시설(소매점),100.2,59.74,59.74,20230628,1,0,서울특별시 금천구 시흥동 995-3번지
11545,10300,0,0995,0006,,,일반건축물,제2종근린생활시설,제2종근린생활시설(점포),308.5,144.02,568.6,19810513,3,1,서울특별시 금천구 시흥동 995-6번지
11545,10300,0,0995,0008,골드리버,,표제부,공동주택,"아파트, 오피스텔, 제2종근린생활시설",312.28,184.88,1489.29,20210105,13,1,서울특별시 금천구 시흥동 995-8번지
11545,10300,0,0995,0009,,,일반건축물,제1종근린생활시설,점포,0,81.45,81.45,19821228,1,0,서울특별시 금천구 시흥동 995-9번지
11545,10300,0,0995,0010,,,일반건축물,제2종근린생활시설,근린생활시설,0,104.64,446.64,19831004,3,1,서울특별시 금천구 시흥동 995-10번지
11545,10300,0,0995,0011,,,표제부,제2종근린생활시설,제2종근린생활시설 및 교육연구시설,1355,672,2713.6,19840111,3,1,서울특별시 금천구 시흥동 995-11번지
11545,10300,0,0995,0013,,,일반건축물,숙박시설,"여관,(제2종)근린생활시설,제2종근린생활시설(사무소)",238.9,217.26,846.7,19691217,4,1,서울특별시 금천구 시흥동 995-13번지
11545,10300,0,0995,0014,,,일반건축물,노유자시설,노유자시설,332.5,184.59,967.95,19840720,4,1,서울특별시 금천구 시흥동 995-14번지
11545,10300,0,0995,0015,,,표제부,제1종근린생활시설,점포,0,92.17,92.17,,1,0,서울특별시 금천구 시흥동 995-15번지
11545,10300,0,0995,0015,,,표제부,제1종근린생활시설,점포,0,99.5,99.5,,1,0,서울특별시 금천구 시흥동 995-15번지
11545,10300,0,0995,0015,,,표제부,제1종근린생활시설,점포,0,96,96,,1,0,서울특별시 금천구 시흥동 995-15번지
11545,10300,0,0995,0015,,,표제부,제1종근린생활시설,점포,0,111.8,111.8,,1,0,서울특별시 금천구 시흥동 995-15번지
11545,10300,0,0995,0016,,,표제부,제1종근린생활시설,점포,0,79.34,158.35,19801031,2,0,서울특별시 금천구 시흥동 995-16번지
11545,10300,0,0995,0016,,,표제부,제1종근린생활시설,"점포,제2종근린생활시설",0,98.84,240.99,19801031,2,1,서울특별시 금천구 시흥동 995-16번지
11545,10300,0,0995,0017,,,표제부,공동주택,다세대주택,641.7,220.69,592.26,19940625,4,1,서울특별시 금천구 시흥동 995-17번지
11545,10300,0,0995,0017,,,표제부,공동주택,다세대주택,641.7,220.69,430.66,19940625,4,1,서울특별시 금천구 시흥동 995-17번지
11545,10300,0,0995,0018,,,일반건축물,제2종근린생활시설,사무실,0,24.16,24.16,19870206,1,0,서울특별시 금천구 시흥동 995-18번지
11545,10300,0,0995,0018,,,일반건축물,제2종근린생활시설,"사무실, 근린생활시설",0,305.79,814.24,19780414,3,1,서울특별시 금천구 시흥동 995-18번지
11545,10300,0,0995,0018,,,일반건축물,제2종근린생활시설,사무실,0,44.64,44.64,19791229,1,0,서울특별시 금천구 시흥동 995-18번지
11545,10300,0,0995,0019,,,일반건축물,공장,"(제1,2)종근린생활시설,업무시설,일반공장",678.4,371.48,2163.48,19871214,5,1,서울특별시 금천구 시흥동 995-19번지
11545,10300,0,0995,0021,,,일반건축물,공장,"공장, 창고",0,220.1,243.84,19761006,1,1,서울특별시 금천구 시흥동 995-21번지
11545,10300,0,0995,0023,다올하우스,,표제부,공동주택,"오피스텔, 도시형생활주택",339.1,199.68,1208.59,20200220,8,1,서울특별시 금천구 시흥동 995-23번지
11545,10300,0,0995,0024,덕산하우징,,표제부,공동주택,"공동주택,제2종근린생활시설,업무시설",342.2,205.16,979.86,20170508,7,0,서울특별시 금천구 시흥동 995-24번지
11545,10300,0,0995,0025,,,일반건축물,제1종근린생활시설,근린생활시설,351.9,210.59,1099.81,19880919,4,1,서울특별시 금천구 시흥동 995-25번지
11545,10300,0,0995,0026,,,일반건축물,제1종근린생활시설,"근린생활시설, 사무실",353.9,175.76,703.04,19860908,3,1,서울특별시 금천구 시흥동 995-26번지
11545,10300,0,0995,0029,인영실버,,일반건축물,노유자시설,"노유자시설,제1종근린생활시설",635.6,379.02,2935.78,20140602,9,1,서울특별시 금천구 시흥동 995-29번지
11545,10300,0,0995,0034,,,표제부,공동주택,"사무소,오피스텔,도시형생활주택(단지형다세대)",166,98.7,420.14,20160325,6,0,서울특별시 금천구 시흥동 995-34번지
11545,10300,0,0995,0035,,,일반건축물,단독주택,주택,0,49.72,107.3,19741107,2,1,서울특별시 금천구 시흥동 995-35번지
11545,10300,0,0995,0035,,,일반건축물,숙박시설,여인숙,0,40.79,81.55,19741107,2,0,서울특별시 금천구 시흥동 995-35번지
11545,10300,0,0995,0039,,,일반건축물,단독주택,"주택,근린생활시설",0,69.75,231.07,19820201,3,1,서울특별시 금천구 시흥동 995-39번지
11545,10300,0,0995,0040,,,일반건축물,단독주택,"주택, 여관, 점포",0,115.7,577.18,19800703,4,1,서울특별시 금천구 시흥동 995-40번지
11545,10300,0,0995,0043,,,일반건축물,단독주택,다가구용 단독주택(3가구),86,61,172.95,19951226,3,0,서울특별시 금천구 시흥동 995-43번지
11545,10300,0,0995,0045,,,일반건축물,단독주택,"주택, 점포",87.97,52.02,104.04,19740510,2,0,서울특별시 금천구 시흥동 995-45번지
11545,10300,0,0995,0048,,,일반건축물,단독주택,주택,0,105.3,315.9,19830701,2,1,서울특별시 금천구 시흥동 995-48번지
11545,10300,0,0995,0053,.,,일반건축물,제2종근린생활시설,(제2종)근린생활시설,122.9,103.47,307.07,19710706,2,1,서울특별시 금천구 시흥동 995-53번지
11545,10300,0,0995,0054,한나래17차,,표제부,공동주택,"다세대주택,오피스텔,사무소",278.2,165.76,1261.8,20191023,11,1,서울특별시 금천구 시흥동 995-54번지
11545,10300,0,0995,0059,,,일반건축물,숙박시설,"여관, 점포,간이음식점,창고",0,193.72,548.77,19780406,3,1,서울특별시 금천구 시흥동 995-59번지
11545,10300,0,0995,0061,,,표제부,업무시설,"(제2종)근린생활시설, 업무시설",1279.4,633.6,2560,19840111,3,1,서울특별시 금천구 시흥동 995-61번지
11545,10300,0,0995,0065,,,표제부,공동주택,다세대주택(10세대),252.7,132.75,590.21,19940701,4,1,서울특별시 금천구 시흥동 995-65번지
11545,10300,0,0998,0000,엘지유플러스 시흥고객센터,,일반건축물,업무시설,업무시설,2361,1114.32,15873.03,20091019,10,3,서울특별시 금천구 시흥동 998번지
11545,10300,0,0998,0005,나인팰리스,,표제부,업무시설,"오피스텔,도시형생활주택,제2종근린생활시설",440.1,263.82,1941.31,20160615,8,1,서울특별시 금천구 시흥동 998-5번지
11545,10300,0,0998,0009,MK.TOWER,,표제부,업무시설,"업무시설,공동주택",565.4,312.51,2537.33,20190228,10,1,서울특별시 금천구 시흥동 998-9번지
11545,10300,0,0998,0010,HEY NEST,,표제부,업무시설,업무시설(오피스텔),448.85,264.21,1863.54,20030321,9,1,서울특별시 금천구 시흥동 998-10번지
11545,10300,0,0998,0012,지엠씨타워,,표제부,업무시설,"업무시설,제2종근린생활시설",349.2,192.01,1546.99,20181207,12,1,서울특별시 금천구 시흥동 998-12번지
11545,10300,0,0999,0000,진건빌딩,,일반건축물,제2종근린생활시설,제2종근린생활시설,103.7,54.59,175.49,20160108,6,1,서울특별시 금천구 시흥동 999번지
11545,10300,0,0999,0001,도일산호시티빌,,표제부,공동주택,"공동주택(아파트),업무시설(오피스텔),근린생활시설",2073.1,797.24,15704.55,20030617,17,3,서울특별시 금천구 시흥동 999-1번지
11545,10300,0,0999,0025,,,일반건축물,제2종근린생활시설,제2종근린생활시설,725.74,335.59,628.46,19950930,2,0,서울특별시 금천구 시흥동 999-25번지
11545,10300,0,0999,0029,뉴연세 산부인과 내소아과 빌딩,,일반건축물,노유자시설,"제1,2종근린생활시설, 의료시설, 노유자시설",431.72,190.18,2214.52,20061229,11,2,서울특별시 금천구 시흥동 999-29번지
11545,10300,0,0999,0030,연세요양원,,일반건축물,노유자시설,노인복지시설(요양원),273.7,159.8,1003.38,20120426,8,1,서울특별시 금천구 시흥동 999-30번지
11545,10300,0,0999,0036,,,일반건축물,제1종근린생활시설,"점포, 근린생활시설(사무소)",0,96.33,356.83,19810930,3,1,서울특별시 금천구 시흥동 999-36번지
11545,10300,0,0999,0040,다동,,일반건축물,제1종근린생활시설,점포,0,56.2,56.2,,1,0,서울특별시 금천구 시흥동 999-40번지
11545,10300,0,0999,0041,나동,,일반건축물,제1종근린생활시설,점포,0,47.17,47.17,19850629,1,0,서울특별시 금천구 시흥동 999-41번지
11545,10300,0,0999,0041,가동,,일반건축물,제1종근린생활시설,점포,0,29.75,29.75,,1,0,서울특별시 금천구 시흥동 999-41번지
11545,10300,0,0999,0042,,,일반건축물,제2종근린생활시설,"(제1,2종)근린생활시설, 위락시설",136.9,121.72,534.29,19701215,4,1,서울특별시 금천구 시흥동 999-42번지
11545,10300,0,0999,0045,,,일반건축물,제2종근린생활시설,"위락시설,(제1,2종)근린생활시설",0,192.13,506.55,19701225,2,1,서울특별시 금천구 시흥동 999-45번지
11545,10300,0,0999,0047,,,일반건축물,제1종근린생활시설,"근린생활시설, 의원",0,124.63,489.92,19821215,3,1,서울특별시 금천구 시흥동 999-47번지
11545,10300,0,0999,0048,,,일반건축물,제1종근린생활시설,"근린생활시설, 위락시설",0,141.98,520.52,19770117,3,1,서울특별시 금천구 시흥동 999-48번지
11545,10300,0,0999,0048,,,일반건축물,제1종근린생활시설,점포,0,60.6,121.2,,2,0,서울특별시 금천구 시흥동 999-48번지
11545,10300,0,0999,0048,,,일반건축물,단독주택,"점포, 주택",0,106.05,106.05,,1,0,서울특별시 금천구 시흥동 999-48번지
11545,10300,0,1002,0001,럭키남서울아파트,,표제부,공동주택,아파트,0,536.53,5219.84,19820217,9,1,서울특별시 금천구 시흥동 1002-1번지
11545,10300,0,1002,0001,럭키남서울아파트,,표제부,공동주택,아파트,0,760.66,8146.44,19820217,10,1,서울특별시 금천구 시흥동 1002-1번지
11545,10300,0,1002,0001,럭키남서울아파트,,표제부,공동주택,아파트,0,685.95,8719.34,19811223,12,1,서울특별시 금천구 시흥동 1002-1번지
11545,10300,0,1002,0001,럭키남서울아파트,,표제부,공동주택,아파트,0,800.99,9366.31,19820217,11,1,서울특별시 금천구 시흥동 1002-1번지
11545,10300,0,1002,0001,럭키남서울아파트,,표제부,공동주택,아파트,0,475.37,6030.36,19811223,12,1,서울특별시 금천구 시흥동 1002-1번지
11545,10300,0,1002,0001,럭키남서울아파트,,표제부,제2종근린생활시설,"상가, 기계실.제2종근린생활시설",0,2600,2600,19811223,0,1,서울특별시 금천구 시흥동 1002-1번지
11545,10300,0,1002,0001,럭키남서울아파트,,표제부,교육연구시설,유치원,0,324.3,725.95,19820410,2,1,서울특별시 금천구 시흥동 1002-1번지
11545,10300,0,1002,0001,럭키남서울아파트,,표제부,공동주택,아파트,0,627.77,7975.88,19820217,12,1,서울특별시 금천구 시흥동 1002-1번지
11545,10300,0,1002,0001,럭키남서울아파트,,표제부,공동주택,아파트,0,489.26,5231.12,19811223,10,1,서울특별시 금천구 시흥동 1002-1번지
11545,10300,0,1002,0001,럭키남서울아파트,,표제부,공동주택,아파트,0,808.6,10257.85,19820217,12,1,서울특별시 금천구 시흥동 1002-1번지
11545,10300,0,1002,0001,럭키남서울아파트,,표제부,공동주택,아파트,0,571.9,7272.03,19811223,12,1,서울특별시 금천구 시흥동 1002-1번지
11545,10300,0,1003,0000,대흥빌라,,표제부,공동주택,공동주택,0,289.4,1154.4,19841112,3,1,서울특별시 금천구 시흥동 1003번지
11545,10300,0,1003,0000,대흥빌라,,표제부,공동주택,공동주택,0,264.6,1055.52,19841112,3,1,서울특별시 금천구 시흥동 1003번지
11545,10300,0,1003,0000,대흥빌라,,표제부,공동주택,공동주택,0,289.4,1154.4,19841112,3,1,서울특별시 금천구 시흥동 1003번지
11545,10300,0,1003,0000,대흥빌라,,표제부,공동주택,공동주택,0,264.6,1055.52,19841112,3,1,서울특별시 금천구 시흥동 1003번지
11545,10300,0,1003,0000,대흥빌라,,표제부,공동주택,공동주택,0,244.67,874.23,19841112,3,1,서울특별시 금천구 시흥동 1003번지
11545,10300,0,1003,0000,대흥빌라,,표제부,공동주택,공동주택,0,578.8,2308.8,19841112,3,1,서울특별시 금천구 시흥동 1003번지
11545,10300,0,1003,0001,형제빌리지,,표제부,공동주택,다세대주택(4세대),337.4,134.56,538.24,19950825,3,1,서울특별시 금천구 시흥동 1003-1번지
11545,10300,0,1003,0002,,,표제부,공동주택,공동주택,171.82,100.59,382.45,20010227,5,0,서울특별시 금천구 시흥동 1003-2번지
11545,10300,0,1003,0003,덕수빌,,표제부,공동주택,공동주택(다세대주택),127.4,76.35,218.22,20010510,3,0,서울특별시 금천구 시흥동 1003-3번지
11545,10300,0,1004,0000,석수빌라,,표제부,공동주택,연립주택,0,751.2,2913,19860627,3,1,서울특별시 금천구 시흥동 1004번지
11545,10300,0,1004,0000,석수빌라,,표제부,공동주택,연립주택,0,408.24,1587.06,19860627,3,1,서울특별시 금천구 시흥동 1004번지
11545,10300,0,1004,0000,석수빌라공중변소,,표제부,근린생활시설,공중변소,0,0,5.76,19860627,1,0,서울특별시 금천구 시흥동 1004번지
11545,10300,0,1004,0000,석수빌라,,표제부,제1종근린생활시설,근린생활시설,0,34.8,34.8,19860627,1,0,서울특별시 금천구 시흥동 1004번지
11545,10300,0,1004,0000,석수빌라관리사무소,,표제부,근린생활시설,관리사무소,0,0,12,19860627,1,0,서울특별시 금천구 시흥동 1004번지
11545,10300,0,1005,0000,중앙시흥하이츠빌라,,표제부,공동주택,연립주택,0,396.24,1266.48,19881124,3,1,서울특별시 금천구 시흥동 1005번지
11545,10300,0,1005,0000,중앙시흥하이츠빌라,,표제부,공동주택,연립주택,0,353.79,1281.69,19881124,3,1,서울특별시 금천구 시흥동 1005번지
11545,10300,0,1005,0000,중앙시흥하이츠빌라,,표제부,공동주택,연립주택,0,629.6,2220.24,19881124,3,1,서울특별시 금천구 시흥동 1005번지
11545,10300,0,1005,0000,중앙시흥하이츠빌라,,표제부,공동주택,연립주택,0,250.76,907.8,19881124,3,1,서울특별시 금천구 시흥동 1005번지
11545,10300,0,1005,0000,중앙시흥하이츠빌라,,표제부,제2종근린생활시설,제2종근린생활시설,0,216,216,19881124,1,0,서울특별시 금천구 시흥동 1005번지
11545,10300,0,1005,0000,중앙시흥하이츠빌라,,표제부,공동주택,연립주택,0,220.96,801.12,19881124,3,1,서울특별시 금천구 시흥동 1005번지
11545,10300,0,1005,0000,중앙시흥하이츠빌라,,표제부,공동주택,연립주택,0,361.24,1308.36,19881124,3,1,서울특별시 금천구 시흥동 1005번지
11545,10300,0,1005,0000,중앙시흥하이츠빌라,,표제부,공동주택,연립주택,0,597.1,2162.82,19881124,3,1,서울특별시 금천구 시흥동 1005번지
11545,10300,0,1005,0000,중앙시흥하이츠빌라,,표제부,공동주택,연립주택,0,441.92,1602.24,19881124,3,1,서울특별시 금천구 시흥동 1005번지
11545,10300,0,1005,0000,중앙시흥하이츠빌라,,표제부,공동주택,연립주택,0,440.18,1564.02,19881124,3,1,서울특별시 금천구 시흥동 1005번지
11545,10300,0,1005,0000,중앙시흥하이츠빌라,,표제부,공동주택,연립주택,0,327.1,1176.42,19881124,3,1,서울특별시 금천구 시흥동 1005번지
11545,10300,0,1005,0000,중앙시흥하이츠빌라,,표제부,공동주택,연립주택,0,327.1,1176.42,19881124,3,1,서울특별시 금천구 시흥동 1005번지
11545,10300,0,1005,0000,중앙시흥하이츠빌라,,표제부,공동주택,연립주택,0,331.44,1201.68,19881124,3,1,서울특별시 금천구 시흥동 1005번지
11545,10300,0,1006,0000,벽산타운3단지,,표제부,공동주택,공동주택(아파트),0,628.36,12940.75,19981028,20,2,서울특별시 금천구 시흥동 1006번지
11545,10300,0,1006,0000,벽산타운3단지,,표제부,공동주택,생활편익시설,0,427.5,1282.5,19981028,2,1,서울특별시 금천구 시흥동 1006번지
11545,10300,0,1006,0000,벽산타운3단지,,표제부,공동주택,공동주택(아파트),0,949.62,11055.3,19981028,19,2,서울특별시 금천구 시흥동 1006번지
11545,10300,0,1006,0000,벽산타운3단지,,표제부,공동주택,공동주택(아파트),0,569.42,8974.64,19981028,23,1,서울특별시 금천구 시흥동 1006번지
11545,10300,0,1008,0000,금강아파트,,표제부,공동주택,공동주택(아파트),5369.42,1494.61,26179.04,20000907,19,3,서울특별시 금천구 시흥동 1008번지
11545,10300,0,1009,0000,시흥목련아파트,,표제부,공동주택,아파트,0,396.28,2198.96,19960914,6,1,서울특별시 금천구 시흥동 1009번지
11545,10300,0,1009,0000,시흥목련아파트,,표제부,공동주택,아파트,0,361.16,2519.76,19960914,8,1,서울특별시 금천구 시흥동 1009번지
11545,10300,0,1009,0000,시흥목련아파트,,표제부,공동주택,아파트,0,576.28,5932.96,19960914,12,1,서울특별시 금천구 시흥동 1009번지
11545,10300,0,1009,0000,시흥목련아파트,,표제부,공동주택,상가,0,0,122.19,19960914,0,1,서울특별시 금천구 시흥동 1009번지
11545,10300,0,1010,0000,벽산아파트,,표제부,공동주택,공동주택(아파트),0,448.98,7147.44,20000216,18,0,서울특별시 금천구 시흥동 1010번지
11545,10300,0,1010,0000,벽산아파트,,표제부,공동주택,공동주택(아파트),0,1059.09,19034.93,20000216,20,0,서울특별시 금천구 시흥동 1010번지
11545,10300,0,1010,0000,주민휴게시설,,표제부,공동주택,주민휴게시설,0,0,675.66,,4,1,서울특별시 금천구 시흥동 1010번지
11545,10300,0,1010,0000,벽산아파트,,표제부,공동주택,공동주택(아파트),0,921.47,16632.97,20000216,20,0,서울특별시 금천구 시흥동 1010번지
11545,10300,0,1010,0000,벽산아파트 상가,,표제부,공동주택,"생활편익시설,제1,2종근린생활시설",0,665.9,3017.18,20000216,3,2,서울특별시 금천구 시흥동 1010번지
11545,10300,0,1010,0000,벽산아파트,,표제부,공동주택,공동주택(아파트),0,871.53,13944.96,20000216,18,0,서울특별시 금천구 시흥동 1010번지
11545,10300,0,1010,0000,벽산아파트,,표제부,공동주택,공동주택(아파트),0,581.02,9296.64,20000216,18,0,서울특별시 금천구 시흥동 1010번지
11545,10300,0,1010,0000,벽산아파트,,표제부,공동주택,공동주택(아파트),0,871.53,13944.96,20000216,18,0,서울특별시 금천구 시흥동 1010번지
11545,10300,0,1010,0000,벽산아파트 상가,,표제부,공동주택,생활편익시설,0,371.25,371.25,20000216,1,0,서울특별시 금천구 시흥동 1010번지
11545,10300,0,1010,0000,벽산아파트,,표제부,공동주택,공동주택(아파트),0,871.53,13944.46,20000216,18,0,서울특별시 금천구 시흥동 1010번지
11545,10300,0,1010,0000,벽산아파트,,표제부,공동주택,공동주택(아파트),0,897.96,15877.2,20000216,20,0,서울특별시 금천구 시흥동 1010번지
11545,10300,0,1010,0000,벽산아파트,,표제부,공동주택,공동주택(아파트),0,897.96,15086.04,20000216,20,0,서울특별시 금천구 시흥동 1010번지
11545,10300,0,1010,0000,벽산아파트,,표제부,공동주택,공동주택(아파트),0,871.53,13944.96,20000216,18,0,서울특별시 금천구 시흥동 1010번지
11545,10300,0,1010,0000,벽산아파트,,표제부,공동주택,공동주택(아파트),0,871.53,13944.96,20000216,18,0,서울특별시 금천구 시흥동 1010번지
11545,10300,0,1010,0000,벽산아파트 상가,,표제부,공동주택,"생활편익시설,(제1, 2종)근린생활시설",0,822.6,2523.6,20000216,4,1,서울특별시 금천구 시흥동 1010번지
11545,10300,0,1010,0000,벽산아파트,,표제부,공동주택,공동주택(아파트),0,403.93,6791,20000216,18,0,서울특별시 금천구 시흥동 1010번지
11545,10300,0,1010,0000,벽산아파트,,표제부,공동주택,공동주택(아파트),0,448.98,7147.44,20000216,18,0,서울특별시 금천구 시흥동 1010번지
11545,10300,0,1010,0000,벽산아파트,,표제부,공동주택,공동주택(아파트),0,871.53,13944.96,20000216,19,0,서울특별시 금천구 시흥동 1010번지
11545,10300,0,1010,0000,벽산아파트,,표제부,공동주택,공동주택(아파트),0,519.26,9717.98,20000216,20,0,서울특별시 금천구 시흥동 1010번지
11545,10300,0,1010,0000,벽산아파트,,표제부,공동주택,공동주택(아파트),0,448.98,7938.6,20000216,20,0,서울특별시 금천구 시흥동 1010번지
11545,10300,0,1010,0000,벽산아파트,,표제부,공동주택,공동주택(아파트),0,448.98,7938.6,20000216,20,0,서울특별시 금천구 시흥동 1010번지
11545,10300,0,1010,0000,미사용,,표제부,공동주택,,0,0,675.66,,0,0,서울특별시 금천구 시흥동 1010번지
11545,10300,0,1010,0000,벽산아파트 유치원,,표제부,교육연구시설,유치원,0,295.9,1121.98,20000216,4,0,서울특별시 금천구 시흥동 1010번지
11545,10300,0,1010,0000,벽산아파트,,표제부,공동주택,공동주택(아파트),0,871.53,13944.96,20000216,18,0,서울특별시 금천구 시흥동 1010번지
11545,10300,0,1010,0001,금천사이언스큐브,,일반건축물,제1종근린생활시설,근린공공시설,514,282.3,1017.9,20000216,4,1,서울특별시 금천구 시흥동 1010-1번지
11545,10300,0,1011,0000,,,표제부,공동주택,아파트,0,548.26,15426.84,20021230,22,2,서울특별시 금천구 시흥동 1011번지
11545,10300,0,1011,0000,관악우방아파트,,표제부,공동주택,보육시설,0,110.16,110.16,20021230,1,0,서울특별시 금천구 시흥동 1011번지
11545,10300,0,1011,0000,,,표제부,노유자시설,노유자시설(데이케어센터),0,211.34,845.36,20021230,4,0,서울특별시 금천구 시흥동 1011번지
11545,10300,0,1011,0000,,,표제부,제1종근린생활시설,근린생활시설,0,666.72,3099.57,20021230,4,2,서울특별시 금천구 시흥동 1011번지
11545,10300,0,1011,0000,관악우방아파트,,표제부,공동주택,"기계실,전기실,문고,창고,입주자회의실,노인정,관리사무소",0,124.83,695.25,20021230,2,2,서울특별시 금천구 시흥동 1011번지
11545,10300,0,1011,0000,,,표제부,공동주택,아파트,0,237.16,4918.38,20021230,20,2,서울특별시 금천구 시흥동 1011번지
11545,10300,0,1011,0000,관악우방아파트,,표제부,공동주택,경비실,0,7.47,7.47,20021230,1,0,서울특별시 금천구 시흥동 1011번지
11545,10300,0,1011,0000,관악우방아파트,,표제부,공동주택,재활용품보관소,0,23.04,23.04,20021230,1,0,서울특별시 금천구 시흥동 1011번지
11545,10300,0,1011,0000,,,표제부,공동주택,아파트,0,548.26,12193.5,20021230,20,2,서울특별시 금천구 시흥동 1011번지
11545,10300,0,1011,0000,관악우방아파트,,표제부,공동주택,경비실,0,7.47,7.47,20021230,1,0,서울특별시 금천구 시흥동 1011번지
11545,10300,0,1011,0000,,,표제부,공동주택,아파트,0,854.08,19723.95,20021230,25,2,서울특별시 금천구 시흥동 1011번지
11545,10300,0,1011,0000,,,표제부,공동주택,아파트,0,419.49,5608.04,20021230,11,2,서울특별시 금천구 시흥동 1011번지
11545,10300,0,1011,0000,,,표제부,공동주택,아파트,0,472.64,14873.45,20021230,25,2,서울특별시 금천구 시흥동 1011번지
11545,10300,0,1011,0000,관악우방아파트,,표제부,공동주택,재활용품보관소,0,23.04,23.04,20021230,1,0,서울특별시 금천구 시흥동 1011번지
11545,10300,0,1011,0000,,,표제부,공동주택,아파트,0,539.86,7859.56,20021230,15,2,서울특별시 금천구 시흥동 1011번지
11545,10300,0,1011,0000,관악우방아파트,,표제부,공동주택,경비실,0,7.47,7.47,20021230,1,0,서울특별시 금천구 시흥동 1011번지
11545,10300,0,1011,0000,관악우방아파트,,표제부,공동주택,경비실,0,7.47,7.47,20021230,1,0,서울특별시 금천구 시흥동 1011번지
11545,10300,0,1011,0000,,,표제부,공동주택,아파트,0,311.1,7520.02,20021230,25,2,서울특별시 금천구 시흥동 1011번지
11545,10300,0,1012,0000,백운한비치아파트,,표제부,공동주택,아파트,3706.2,982.14,14187.48,20030927,15,1,서울특별시 금천구 시흥동 1012번지
11545,10300,0,1012,0000,백운한비치아파트,,표제부,공동주택,"관리실,노인정",0,48.6,48.6,20030927,1,0,서울특별시 금천구 시흥동 1012번지
11545,10300,0,1013,0000,벽산아파트,,표제부,공동주택,아파트,0,747.72,11956.2,20040806,20,0,서울특별시 금천구 시흥동 1013번지
11545,10300,0,1013,0000,벽산아파트,,표제부,공동주택,아파트,0,498.48,7970.8,20040806,20,0,서울특별시 금천구 시흥동 1013번지
11545,10300,0,1013,0000,벽산아파트,,표제부,공동주택,경비실,0,9.59,9.59,20040806,1,0,서울특별시 금천구 시흥동 1013번지
11545,10300,0,1013,0000,벽산아파트,,표제부,공동주택,아파트,0,747.72,11956.2,20040806,20,0,서울특별시 금천구 시흥동 1013번지
11545,10300,0,1013,0000,벽산아파트,,표제부,공동주택,아파트,0,981.72,13991.16,20040806,18,0,서울특별시 금천구 시흥동 1013번지
11545,10300,0,1013,0000,벽산아파트,,표제부,공동주택,아파트,0,747.72,11956.2,20040806,20,0,서울특별시 금천구 시흥동 1013번지
11545,10300,0,1013,0000,벽산아파트,,표제부,공동주택,경비실,0,9.59,9.59,20040806,1,0,서울특별시 금천구 시흥동 1013번지
11545,10300,0,1013,0000,벽산아파트,,표제부,공동주택,아파트,0,498.48,7970.8,20040806,20,0,서울특별시 금천구 시흥동 1013번지
11545,10300,0,1013,0000,벽산아파트,,표제부,공동주택,경비실,0,9.59,9.59,20040806,1,0,서울특별시 금천구 시흥동 1013번지
11545,10300,0,1013,0000,벽산아파트,,표제부,공동주택,경비실,0,9.59,9.59,20040806,1,0,서울특별시 금천구 시흥동 1013번지
11545,10300,0,1013,0000,벽산아파트,,표제부,공동주택,아파트,0,783.89,13760.73,20040806,20,0,서울특별시 금천구 시흥동 1013번지
11545,10300,0,1013,0000,벽산아파트,,표제부,공동주택,경비실,0,9.59,9.59,20040806,1,0,서울특별시 금천구 시흥동 1013번지
11545,10300,0,1013,0000,벽산아파트,,표제부,공동주택,주차장,0,30,3555,20040806,1,3,서울특별시 금천구 시흥동 1013번지
11545,10300,0,1013,0000,벽산아파트,,표제부,공동주택,공중변소,0,12.47,11.42,20040806,1,0,서울특별시 금천구 시흥동 1013번지
11545,10300,0,1013,0000,벽산아파트,,표제부,공동주택,아파트,0,654.48,10360.4,20040806,20,0,서울특별시 금천구 시흥동 1013번지
11545,10300,0,1013,0000,벽산아파트,,표제부,공동주택,아파트,0,498.48,7970.8,20040806,20,0,서울특별시 금천구 시흥동 1013번지
11545,10300,0,1013,0000,벽산아파트,,표제부,공동주택,아파트,0,1049.87,17761.65,20040806,20,0,서울특별시 금천구 시흥동 1013번지
11545,10300,0,1013,0000,벽산아파트,,표제부,교육연구시설,유치원,0,300.62,1131.5,20040806,3,1,서울특별시 금천구 시흥동 1013번지
11545,10300,0,1013,0000,벽산아파트,,표제부,공동주택,"주차장,펌프실",0,57,7825.75,20040806,1,6,서울특별시 금천구 시흥동 1013번지
11545,10300,0,1013,0000,벽산아파트,,표제부,공동주택,주차장,0,15,1724,20040806,1,2,서울특별시 금천구 시흥동 1013번지
11545,10300,0,1013,0000,벽산아파트,,표제부,제1종근린생활시설,"(제2종)근린생활시설,교육연구시설",0,198.4,192,20040806,1,0,서울특별시 금천구 시흥동 1013번지
11545,10300,0,1013,0000,벽산아파트,,표제부,제1종근린생활시설,"전기실,펌프실,(제1,2종)근린생활시설,교육연구시설",0,668.9,2620.97,20040806,3,1,서울특별시 금천구 시흥동 1013번지
11545,10300,0,1013,0000,벽산아파트,,표제부,공동주택,주차장,0,60,9388,20040806,1,4,서울특별시 금천구 시흥동 1013번지
11545,10300,0,1013,0000,벽산아파트,,표제부,공동주택,경비실,0,9.59,9.59,20040806,1,0,서울특별시 금천구 시흥동 1013번지
11545,10300,0,1013,0000,벽산아파트,,표제부,공동주택,아파트,0,654.48,10360.4,20040806,20,0,서울특별시 금천구 시흥동 1013번지
11545,10300,0,1013,0000,벽산아파트,,표제부,공동주택,아파트,0,825.72,13151,20040806,20,0,서울특별시 금천구 시흥동 1013번지
11545,10300,0,1013,0000,벽산아파트,,표제부,공동주택,주차장,0,30,3555,20040806,1,3,서울특별시 금천구 시흥동 1013번지
11545,10300,0,1013,0000,벽산아파트,,표제부,공동주택,주차장,0,30,4361.25,20040806,1,3,서울특별시 금천구 시흥동 1013번지
11545,10300,0,1013,0000,벽산아파트,,표제부,공동주택,경비실,0,9.59,9.59,20040806,1,0,서울특별시 금천구 시흥동 1013번지
11545,10300,0,1013,0000,벽산아파트,,표제부,공동주택,경비실,0,9.59,9.59,20040806,1,0,서울특별시 금천구 시흥동 1013번지
11545,10300,0,1013,0000,벽산아파트,,표제부,공동주택,아파트,0,570.32,9165.6,20040806,20,0,서울특별시 금천구 시흥동 1013번지
11545,10300,0,1013,0000,벽산아파트,,표제부,공동주택,경비실,0,9.59,9.59,20040806,1,0,서울특별시 금천구 시흥동 1013번지
11545,10300,0,1013,0000,벽산아파트,,표제부,공동주택,아파트,0,498.48,7970.8,20040806,20,0,서울특별시 금천구 시흥동 1013번지
11545,10300,0,1013,0000,벽산아파트,,표제부,공동주택,아파트,0,654.48,10360.4,20040806,20,0,서울특별시 금천구 시흥동 1013번지
11545,10300,0,1013,0000,벽산아파트,,표제부,공동주택,아파트,0,654.48,9327.44,20040806,18,0,서울특별시 금천구 시흥동 1013번지
11545,10300,0,1013,0000,벽산아파트,,표제부,공동주택,경비실,0,9.59,9.59,20040806,1,0,서울특별시 금천구 시흥동 1013번지
11545,10300,0,1013,0000,벽산아파트,,표제부,공동주택,아파트,0,576.48,9165.6,20040806,20,0,서울특별시 금천구 시흥동 1013번지
11545,10300,0,1013,0000,벽산아파트,,표제부,공동주택,주차장,0,30,3555,20040806,1,3,서울특별시 금천구 시흥동 1013번지
11545,10300,0,1013,0000,벽산아파트,,표제부,공동주택,아파트,0,747.72,11956.2,20040806,20,0,서울특별시 금천구 시흥동 1013번지
11545,10300,0,1013,0000,벽산아파트,,표제부,공동주택,아파트,0,747.72,11956.2,20040806,20,0,서울특별시 금천구 시흥동 1013번지
11545,10300,0,1013,0000,벽산아파트,,표제부,공동주택,아파트,0,654.48,10360.4,20040806,20,0,서울특별시 금천구 시흥동 1013번지
11545,10300,0,1013,0000,벽산아파트,,표제부,공동주택,아파트,0,654.48,9327.44,20040806,18,0,서울특별시 금천구 시흥동 1013번지
11545,10300,0,1013,0000,벽산아파트,,표제부,공동주택,경비실,0,9.59,9.59,20040806,1,0,서울특별시 금천구 시흥동 1013번지
11545,10300,0,1013,0000,벽산아파트,,표제부,공동주택,"주차장,전기실",0,30,4226.25,20040806,1,4,서울특별시 금천구 시흥동 1013번지
11545,10300,0,1013,0000,벽산아파트,,표제부,공동주택,경비실,0,9.59,9.59,20040806,1,0,서울특별시 금천구 시흥동 1013번지
11545,10300,0,1013,0000,벽산아파트,,표제부,공동주택,펌프실,0,0,97.5,20040806,0,1,서울특별시 금천구 시흥동 1013번지
11545,10300,0,1013,0000,벽산아파트,,표제부,공동주택,노인정,0,172.08,166.68,20040806,1,0,서울특별시 금천구 시흥동 1013번지
11545,10300,0,1013,0000,벽산아파트,,표제부,공동주택,주차장,0,0,3293.52,20040806,0,2,서울특별시 금천구 시흥동 1013번지
11545,10300,0,1013,0000,벽산아파트,,표제부,공동주택,아파트,0,981.72,13991.16,20040806,18,0,서울특별시 금천구 시흥동 1013번지
11545,10300,0,1013,0000,벽산아파트,,표제부,공동주택,아파트,0,747.72,11956.2,20040806,20,0,서울특별시 금천구 시흥동 1013번지
11545,10300,0,1013,0000,벽산아파트,,표제부,공동주택,주차장,0,30,2317.5,20040806,1,2,서울특별시 금천구 시흥동 1013번지
11545,10300,0,1013,0000,벽산아파트,,표제부,공동주택,아파트,0,783.89,13760.73,20040806,20,0,서울특별시 금천구 시흥동 1013번지
11545,10300,0,1013,0000,벽산아파트,,표제부,공동주택,노인정,0,172.08,166.68,20040806,1,0,서울특별시 금천구 시흥동 1013번지
11545,10300,0,1013,0000,벽산아파트,,표제부,공동주택,경비실,0,9.59,9.59,20040806,1,0,서울특별시 금천구 시흥동 1013번지
11545,10300,0,1013,0000,벽산아파트,,표제부,공동주택,아파트,0,1022.56,17835.76,20040806,20,0,서울특별시 금천구 시흥동 1013번지
11545,10300,0,1013,0000,벽산아파트,,표제부,공동주택,경비실,0,9.59,9.59,20040806,1,0,서울특별시 금천구 시흥동 1013번지
11545,10300,0,1013,0000,벽산아파트,,표제부,공동주택,경비실,0,9.59,9.59,20040806,1,0,서울특별시 금천구 시흥동 1013번지
11545,10300,0,1013,0000,벽산아파트,,표제부,공동주택,주차장,0,45,3241,20040806,1,3,서울특별시 금천구 시흥동 1013번지
11545,10300,0,1013,0000,벽산아파트,,표제부,공동주택,경비실,0,9.59,9.59,20040806,1,0,서울특별시 금천구 시흥동 1013번지
11545,10300,0,1013,0000,벽산아파트,,표제부,공동주택,주차장,0,75,18375.6,20040806,1,4,서울특별시 금천구 시흥동 1013번지
11545,10300,0,1013,0000,벽산아파트,,표제부,공동주택,주차장,0,15,3108.75,20040806,1,3,서울특별시 금천구 시흥동 1013번지
11545,10300,0,1013,0000,벽산아파트,,표제부,공동주택,"주민공동시설,관리사무소,독서실",0,216.04,688.62,20040806,2,1,서울특별시 금천구 시흥동 1013번지
11545,10300,0,1013,0000,벽산아파트,,표제부,공동주택,경비실,0,9.59,9.59,20040806,1,0,서울특별시 금천구 시흥동 1013번지
11545,10300,0,1013,0000,벽산아파트,,표제부,공동주택,주차장,0,30,3930,20040806,1,3,서울특별시 금천구 시흥동 1013번지
11545,10300,0,1013,0001,서울금동초등학교,,일반건축물,교육연구시설,교육연구및복지시설,0,581.01,2750.22,20030331,4,0,서울특별시 금천구 시흥동 1013-1번지
11545,10300,0,1013,0001,서울금동초등학교,,일반건축물,교육연구시설,교육연구및복지시설,0,557.76,2209.79,20030331,4,0,서울특별시 금천구 시흥동 1013-1번지
11545,10300,0,1013,0001,서울금동초등학교,,일반건축물,교육연구시설,교육연구및복지시설,0,1234.83,5791.87,20030331,8,1,서울특별시 금천구 시흥동 1013-1번지
11545,10300,0,1013,0003,,,일반건축물,종교시설,"문화및집회시설,교육연구및복지시설",670.2,403.15,2386.49,20040213,4,2,서울특별시 금천구 시흥동 1013-3번지
11545,10300,0,1013,0004,벽산아파트,,표제부,공동주택,"펌프,전기실,주민공동시설,관리,노인정,보육시설",0,358.11,1168.26,20040806,2,1,서울특별시 금천구 시흥동 1013-4번지
11545,10300,0,1013,0004,벽산아파트,,표제부,공동주택,주차장,0,0,6983.37,20040806,0,3,서울특별시 금천구 시흥동 1013-4번지
11545,10300,0,1013,0004,벽산아파트,,표제부,공동주택,아파트,0,967.85,16856.37,20040806,20,0,서울특별시 금천구 시흥동 1013-4번지
11545,10300,0,1013,0004,벽산아파트,,표제부,공동주택,경비실,0,9.59,9.59,20040806,1,0,서울특별시 금천구 시흥동 1013-4번지
11545,10300,0,1013,0004,벽산아파트,,표제부,공동주택,경비실,0,9.59,9.59,20040806,1,0,서울특별시 금천구 시흥동 1013-4번지
11545,10300,0,1013,0004,벽산아파트,,표제부,공동주택,경비실,0,9.59,9.59,20040806,1,0,서울특별시 금천구 시흥동 1013-4번지
11545,10300,0,1013,0004,벽산아파트,,표제부,공동주택,경비실,0,9.59,9.59,20040806,1,0,서울특별시 금천구 시흥동 1013-4번지
11545,10300,0,1013,0004,벽산아파트,,표제부,공동주택,"주차장,펌프실",0,30,3372.5,20040806,1,3,서울특별시 금천구 시흥동 1013-4번지
11545,10300,0,1013,0004,벽산아파트,,표제부,공동주택,주차장,0,30,2284.14,20040806,1,3,서울특별시 금천구 시흥동 1013-4번지
11545,10300,0,1013,0004,벽산아파트,,표제부,공동주택,경비실,0,9.59,9.59,20040806,1,0,서울특별시 금천구 시흥동 1013-4번지
11545,10300,0,1013,0004,벽산아파트,,표제부,공동주택,공중변소,0,12.47,11.42,20040806,1,0,서울특별시 금천구 시흥동 1013-4번지
11545,10300,0,1013,0004,벽산아파트,,표제부,공동주택,아파트,0,1073.81,19552.32,20040806,20,0,서울특별시 금천구 시흥동 1013-4번지
11545,10300,0,1013,0004,벽산아파트,,표제부,공동주택,주차장,0,15,7725.82,20040806,1,4,서울특별시 금천구 시흥동 1013-4번지
11545,10300,0,1013,0004,벽산아파트,,표제부,공동주택,아파트,0,568.99,9720.81,20040806,20,0,서울특별시 금천구 시흥동 1013-4번지
11545,10300,0,1013,0004,벽산아파트,,표제부,공동주택,아파트,0,710.94,11726.28,20040806,20,0,서울특별시 금천구 시흥동 1013-4번지
11545,10300,0,1013,0007,벽산아파트 중심상가동,,표제부,제1종근린생활시설,(제1종)근린생활시설,2811,1164.78,6908.46,20050701,3,3,서울특별시 금천구 시흥동 1013-7번지
11545,10300,0,1013,0011,도성교회,,일반건축물,종교시설,문화및집회시설(종교집회장),626.7,370.94,1493.26,20040713,3,1,서울특별시 금천구 시흥동 1013-11번지
11545,10300,0,1014,0000,금광포란재아파트,255블럭 2노트,표제부,공동주택,경비실,0,8.19,8.19,20040402,1,0,서울특별시 금천구 시흥동 1014번지
11545,10300,0,1014,0000,금광포란재아파트101동,255블럭 2노트,표제부,공동주택,아파트,3368,1064.8586,12072.8757,20040402,11,1,서울특별시 금천구 시흥동 1014번지
11545,10300,0,1014,0000,금광포란재아파트,255블럭 2노트,표제부,공동주택,"관리사무실,엠디에프실",0,28.59,28.59,20040402,1,0,서울특별시 금천구 시흥동 1014번지
11545,10300,0,1015,0000,시흥베르빌아파트,,표제부,제1종근린생활시설,"제1종근린생활시설(소매점),제2종근린생활시설",0,174.73,682.35,20040525,3,1,서울특별시 금천구 시흥동 1015번지
11545,10300,0,1015,0000,,,표제부,공동주택,경비실,0,7.2,7.2,20040525,1,0,서울특별시 금천구 시흥동 1015번지
11545,10300,0,1015,0000,시흥베르빌아파트,,표제부,공동주택,아파트,0,1329.08,28936.67,20040525,19,2,서울특별시 금천구 시흥동 1015번지
11545,10300,0,1015,0000,,,표제부,공동주택,노인정,0,98.82,98.82,20040525,1,0,서울특별시 금천구 시흥동 1015번지
11545,10300,0,1015,0000,,,표제부,공동주택,관리사무소,0,64.75,64.75,20040525,1,0,서울특별시 금천구 시흥동 1015번지
11545,10300,0,1015,0000,시흥베르빌아파트,,표제부,공동주택,아파트,0,225.24,2826.5,20040525,14,0,서울특별시 금천구 시흥동 1015번지
11545,10300,0,1015,0000,,,표제부,공동주택,경비실,0,7.2,7.2,20040525,1,0,서울특별시 금천구 시흥동 1015번지
11545,10300,0,1016,0000,한빛 무궁화 아파트,,표제부,공동주택,관리동,0,31.6,31.6,20040809,1,0,서울특별시 금천구 시흥동 1016번지
11545,10300,0,1016,0000,한빛 무궁화 아파트 101동,,표제부,공동주택,아파트,2837.4,820.82,9397.0748,20040809,10,2,서울특별시 금천구 시흥동 1016번지
11545,10300,0,1017,0000,관악산 신도브래뉴,,표제부,공동주택,공동주택,0,917.25,11542.52,20061128,15,0,서울특별시 금천구 시흥동 1017번지
11545,10300,0,1017,0000,관악산 신도브래뉴,,표제부,공동주택,경비실,0,8.64,8.64,20061128,1,0,서울특별시 금천구 시흥동 1017번지
11545,10300,0,1017,0000,관악산 신도브래뉴,,표제부,공동주택,"지하주차장,경비실,기계실,전기실,발전기실",0,0,6849.09,20061128,0,1,서울특별시 금천구 시흥동 1017번지
11545,10300,0,1017,0000,관악산 신도브래뉴,,표제부,공동주택,"관리실,경로당",0,105.84,105.84,20061128,1,0,서울특별시 금천구 시흥동 1017번지
11545,10300,0,1017,0000,관악산 신도브래뉴,,표제부,공동주택,공동주택,0,875.88,10332.86,20061128,15,0,서울특별시 금천구 시흥동 1017번지
11545,10300,0,1018,0000,백운한비치Ⅱ,,표제부,공동주택,관리실및경비실/경로당,0,84.69,84.685,20080115,1,0,서울특별시 금천구 시흥동 1018번지
11545,10300,0,1018,0000,백운한비치Ⅱ,,표제부,공동주택,공동주택(아파트),0,644.492,4775.586,20080115,10,0,서울특별시 금천구 시흥동 1018번지
11545,10300,0,1018,0000,백운한비치Ⅱ,,표제부,공동주택,공동주택(아파트),0,641.64,8996.432,20080115,14,1,서울특별시 금천구 시흥동 1018번지
11545,10300,0,1020,0000,금천구 종합청사,,일반건축물,업무시설,"업무시설,교육연구시설,노유자시설,문화및집회시설,제2종근린생활시설",17164.5,6424.29,39634.72,20081114,12,2,서울특별시 금천구 시흥동 1020번지
11545,10300,0,1026,0000,남서울힐스테이트,,표제부,공동주택,아파트,0,590.729,11258.557,20140814,25,0,서울특별시 금천구 시흥동 1026번지
11545,10300,0,1026,0000,남서울힐스테이트,,표제부,공동주택,아파트,0,702.487,15330.001,20140814,27,0,서울특별시 금천구 시흥동 1026번지
11545,10300,0,1026,0000,남서울힐스테이트,,표제부,공동주택,경비실,0,12.96,12.96,20140814,1,0,서울특별시 금천구 시흥동 1026번지
11545,10300,0,1026,0000,남서울힐스테이트,,표제부,공동주택,아파트,0,590.729,9740.032,20140814,21,0,서울특별시 금천구 시흥동 1026번지
11545,10300,0,1026,0000,남서울힐스테이트,,표제부,제1종근린생활시설,근린생활시설,0,419.949,1880.848,20140814,3,2,서울특별시 금천구 시흥동 1026번지
11545,10300,0,1026,0000,남서울힐스테이트,,표제부,공동주택,아파트,0,809.52,18002.608,20140814,29,0,서울특별시 금천구 시흥동 1026번지
11545,10300,0,1026,0000,남서울힐스테이트,,표제부,공동주택,아파트,0,429.464,8351.262,20140814,23,0,서울특별시 금천구 시흥동 1026번지
11545,10300,0,1026,0000,남서울힐스테이트,,표제부,공동주택,경비실,0,12.96,12.96,20140814,1,0,서울특별시 금천구 시흥동 1026번지
11545,10300,0,1026,0000,남서울힐스테이트,,표제부,공동주택,경비실,0,12.96,12.96,20140814,1,0,서울특별시 금천구 시흥동 1026번지
11545,10300,0,1026,0000,남서울힐스테이트,,표제부,공동주택,지하주차장,0,0,81756.477,20140814,0,2,서울특별시 금천구 시흥동 1026번지
11545,10300,0,1026,0000,남서울힐스테이트,,표제부,공동주택,아파트,0,694.896,16021.527,20140814,27,0,서울특별시 금천구 시흥동 1026번지
11545,10300,0,1026,0000,남서울힐스테이트,,표제부,공동주택,아파트,0,667.303,13389.801,20140814,28,0,서울특별시 금천구 시흥동 1026번지
11545,10300,0,1026,0000,남서울힐스테이트,,표제부,공동주택,아파트,0,503.793,7582.331,20140814,18,0,서울특별시 금천구 시흥동 1026번지
11545,10300,0,1026,0000,남서울힐스테이트,,표제부,공동주택,아파트,0,342.789,7710.202,20140814,28,0,서울특별시 금천구 시흥동 1026번지
11545,10300,0,1026,0000,남서울힐스테이트,,표제부,공동주택,아파트,0,651.546,14244.352,20140814,28,0,서울특별시 금천구 시흥동 1026번지
11545,10300,0,1026,0000,남서울힐스테이트,,표제부,공동주택,아파트,0,923.817,18574.52,20140814,28,0,서울특별시 금천구 시흥동 1026번지
11545,10300,0,1026,0000,남서울힐스테이트,,표제부,공동주택,아파트,0,660.565,18002.608,20140814,29,0,서울특별시 금천구 시흥동 1026번지
11545,10300,0,1026,0000,남서울힐스테이트,,표제부,제1종근린생활시설,근린생활시설,0,640.503,2677.975,20140814,3,2,서울특별시 금천구 시흥동 1026번지
11545,10300,0,1026,0000,남서울힐스테이트,,표제부,공동주택,아파트,0,429.464,6051.933,20140814,16,0,서울특별시 금천구 시흥동 1026번지
11545,10300,0,1026,0000,남서울힐스테이트,,표제부,공동주택,경비실,0,12.96,12.96,20140814,1,0,서울특별시 금천구 시흥동 1026번지
11545,10300,0,1026,0000,남서울힐스테이트,,표제부,공동주택,경비실,0,12.96,12.96,20140814,1,0,서울특별시 금천구 시흥동 1026번지
11545,10300,0,1026,0000,남서울힐스테이트,,표제부,공동주택,아파트,0,677.303,12354.598,20140814,22,0,서울특별시 금천구 시흥동 1026번지
11545,10300,0,1026,0000,남서울힐스테이트,,표제부,공동주택,휘트니스센터,0,0,4099.459,20140814,0,2,서울특별시 금천구 시흥동 1026번지
11545,10300,0,1026,0000,남서울힐스테이트,,표제부,공동주택,"문고,관리사무소,주민공동시설",0,341.079,548.441,20140814,2,0,서울특별시 금천구 시흥동 1026번지
11545,10300,0,1026,0000,남서울힐스테이트,,표제부,공동주택,경비실,0,12.96,12.96,20140814,1,0,서울특별시 금천구 시흥동 1026번지
11545,10300,0,1026,0000,남서울힐스테이트,,표제부,공동주택,경비실,0,12.96,12.96,20140814,1,0,서울특별시 금천구 시흥동 1026번지
11545,10300,0,1026,0000,남서울힐스테이트,,표제부,공동주택,아파트,0,543.69,10855.7,20140814,25,0,서울특별시 금천구 시흥동 1026번지
11545,10300,0,1026,0000,남서울힐스테이트,,표제부,공동주택,"관리사무소,경로당,보육시설,주민공동시설",0,489.133,896.58,20140814,2,0,서울특별시 금천구 시흥동 1026번지
11545,10300,0,1026,0000,남서울힐스테이트,,표제부,공동주택,경비실,0,12.96,12.96,20140814,1,0,서울특별시 금천구 시흥동 1026번지
11545,10300,0,1026,0000,남서울힐스테이트,,표제부,공동주택,아파트,0,575.979,9457.053,20140814,22,0,서울특별시 금천구 시흥동 1026번지
11545,10300,0,1026,0000,남서울힐스테이트,,표제부,공동주택,아파트,0,262.155,1654.3,20140814,8,0,서울특별시 금천구 시흥동 1026번지
11545,10300,0,1026,0000,남서울힐스테이트,,표제부,공동주택,아파트,0,341.862,6559.854,20140814,22,0,서울특별시 금천구 시흥동 1026번지
11545,10300,0,1026,0000,남서울힐스테이트,,표제부,공동주택,경비실,0,12.96,12.96,20140814,1,0,서울특별시 금천구 시흥동 1026번지
11545,10300,0,1026,0000,남서울힐스테이트,,표제부,공동주택,아파트,0,377.645,5309.515,20140814,17,0,서울특별시 금천구 시흥동 1026번지
11545,10300,0,1030,0000,금천경찰서 직장어린이집,,일반건축물,노유자시설,노유자시설(직장어린이집),0,207.6,962.07,20211231,4,1,서울특별시 금천구 시흥동 1030번지
11545,10300,0,1031,0000,엠메디컬타워,,표제부,제2종근린생활시설,"근린생활시설,판매,교육연구시설,운동시설",2616.9,1560.1549,26316.6621,20190108,14,6,서울특별시 금천구 시흥동 1031번지
11545,10300,0,1032,0000,호성캐슬,,표제부,공동주택,공동주택,277.3,162.72,667.76,20210929,4,1,서울특별시 금천구 시흥동 1032번지
11545,10300,0,1033,0000,더유엘아파트,,표제부,공동주택,아파트,1249.4,588.86,2659.6346,20220722,7,1,서울특별시 금천구 시흥동 1033번지
11545,10300,0,1034,0000,스타힐스,,표제부,공동주택,도시형생활주택 [단지형다세대],0,156.33,594.84,20250109,5,0,서울특별시 금천구 시흥동 1034번지
11545,10300,0,1034,0000,스타힐스,,표제부,공동주택,도시형생활주택 [단지형다세대],0,191.88,643.48,20250109,5,0,서울특별시 금천구 시흥동 1034번지
11545,10300,0,1034,0000,스타힐스,,표제부,공동주택,도시형생활주택 [단지형다세대],0,181.96,633.32,20250109,5,0,서울특별시 금천구 시흥동 1034번지
11545,10300,0,1034,0000,스타힐스,,표제부,공동주택,도시형생활주택 [단지형다세대],0,190.76,636.3,20250109,5,0,서울특별시 금천구 시흥동 1034번지
11545,10300,0,1034,0000,스타힐스,,표제부,공동주택,도시형생활주택 [단지형다세대],0,180.6,633.87,20250109,5,0,서울특별시 금천구 시흥동 1034번지
11545,10300,0,1034,0000,스타힐스,,표제부,공동주택,도시형생활주택 [단지형다세대],0,204.18,686.68,20250109,5,0,서울특별시 금천구 시흥동 1034번지
11545,10300,0,1034,0000,스타힐스,,표제부,공동주택,도시형생활주택 [단지형다세대],0,183.06,638.56,20250109,5,0,서울특별시 금천구 시흥동 1034번지
11545,10300,0,1035,0000,그린포레 아파트,,표제부,공동주택,아파트,1525.9,698.96,3207.07,20250612,7,1,서울특별시 금천구 시흥동 1035번지
11545,10300,0,1036,0000,기아시흥서비스센터,,일반건축물,자동차관련시설,자동차관련시설,8335,4308.23,21500.98,20251128,6,2,서울특별시 금천구 시흥동 1036번지
11545,10300,1,0006,0026,금천영업소,,일반건축물,업무시설,업무시설,5213.09,859.37,1716.22,20160321,2,1,서울특별시 금천구 시흥동 산6-26번지
11545,10300,1,0009,0000,,,일반건축물,단독주택,주택,0,59.5,59.5,,1,0,서울특별시 금천구 시흥동 산9번지
11545,10300,1,0019,0007,,,일반건축물,단독주택,주택,0,78.77,78.77,19850629,1,0,서울특별시 금천구 시흥동 산19-7번지
11545,10300,1,0019,0012,,,일반건축물,단독주택,주택,0,132.8,132.8,19850629,1,0,서울특별시 금천구 시흥동 산19-12번지
11545,10300,1,0019,0012,,,일반건축물,단독주택,주택,0,25.22,25.22,19850629,1,0,서울특별시 금천구 시흥동 산19-12번지
11545,10300,1,0019,0012,,,일반건축물,단독주택,주택,0,19.11,19.11,19850629,1,0,서울특별시 금천구 시흥동 산19-12번지
11545,10300,1,0019,0013,,,일반건축물,단독주택,주택,0,30.53,30.53,19850629,1,0,서울특별시 금천구 시흥동 산19-13번지
11545,10300,1,0024,0004,금천고등학교,,일반건축물,교육연구시설,교육연구시설,0,444.97,2185.12,20020408,4,1,서울특별시 금천구 시흥동 산24-4번지
11545,10300,1,0024,0004,금천고등학교,,일반건축물,교육연구시설,교육연구시설,13106.5,1036.19,3101.33,20111202,4,0,서울특별시 금천구 시흥동 산24-4번지
11545,10300,1,0024,0004,금천고등학교,,일반건축물,교육연구시설,교육연구시설,0,648,3240,19960326,5,0,서울특별시 금천구 시흥동 산24-4번지
11545,10300,1,0024,0004,금천고등학교,,일반건축물,교육연구시설,교육연구시설,0,718,3064,19960326,4,1,서울특별시 금천구 시흥동 산24-4번지
11545,10300,1,0024,0004,금천고등학교,,일반건축물,교육연구시설,교육연구시설,0,567,1701,19960326,3,0,서울특별시 금천구 시흥동 산24-4번지
11545,10300,1,0024,0004,금천고등학교,,일반건축물,교육연구시설,교육연구시설,0,234.41,748.36,20071020,4,0,서울특별시 금천구 시흥동 산24-4번지
11545,10300,1,0024,0015,서울시흥중학교,,일반건축물,제2종근린생활시설,식당,0,103.6,103.6,19930119,1,0,서울특별시 금천구 시흥동 산24-15번지
11545,10300,1,0024,0015,서울시흥중학교,,일반건축물,교육연구시설,교육연구시설,0,1276.47,4966.47,19930119,4,1,서울특별시 금천구 시흥동 산24-15번지
11545,10300,1,0024,0015,서울시흥중학교,,일반건축물,창고시설,창고,0,72,72,19930119,1,0,서울특별시 금천구 시흥동 산24-15번지
11545,10300,1,0024,0015,서울시흥중학교,,일반건축물,교육연구시설,연결통로,0,0,46.97,19930119,1,0,서울특별시 금천구 시흥동 산24-15번지
11545,10300,1,0024,0015,서울시흥중학교,,일반건축물,교육연구시설,"동아리실및학생,학부모회의실",0,294.6,294.6,19930119,1,0,서울특별시 금천구 시흥동 산24-15번지
11545,10300,1,0024,0015,서울시흥중학교,,일반건축물,교육연구시설,교육연구시설,12894.4,1094.45,2600.53,20040814,3,1,서울특별시 금천구 시흥동 산24-15번지
11545,10300,1,0024,0015,서울시흥중학교,,일반건축물,교육연구시설,교육연구시설,0,551.02,2036.02,19930119,4,0,서울특별시 금천구 시흥동 산24-15번지
11545,10300,1,0024,0017,,,일반건축물,교육연구시설,교육연구시설(학교),13153,2116.96,9957.73,19940914,5,2,서울특별시 금천구 시흥동 산24-17번지
11545,10300,1,0024,0017,,,일반건축물,교육연구시설,교육연구시설(학교),13153,1471.31,4443.24,20151222,4,0,서울특별시 금천구 시흥동 산24-17번지
11545,10300,1,0024,0017,,,일반건축물,교육연구시설,교육연구시설(학교),0,812.53,3525.23,19991215,5,1,서울특별시 금천구 시흥동 산24-17번지
11545,10300,1,0024,0017,,,일반건축물,교육연구시설,교육연구시설(기숙사),0,768.68,3535.83,20030704,5,1,서울특별시 금천구 시흥동 산24-17번지
11545,10300,1,0024,0019,서울국악유치원,,일반건축물,교육연구시설,교육연구시설(학교),3071,427.25,1199.94,19940914,3,1,서울특별시 금천구 시흥동 산24-19번지
11545,10300,1,0050,0007,,,일반건축물,교육연구시설,교실,0,416.17,416.17,19651123,1,0,서울특별시 금천구 시흥동 산50-7번지
11545,10300,1,0073,0001,시흥계곡 공중화장실,,일반건축물,제1종근린생활시설,화장실,0,36,36,19910209,1,0,서울특별시 금천구 시흥동 산73-1번지
11545,10300,1,0077,0013,시흥계곡 42관리초소,,일반건축물,제1종근린생활시설,"도시체험공간,전시공간",322,160.65,421.35,20240729,3,1,서울특별시 금천구 시흥동 산77-13번지
11545,10300,1,0084,0007,시립금천청소년센터,,일반건축물,교육연구시설,교육연구및복지시설,6268,1246.99,5055.985,20040716,3,2,서울특별시 금천구 시흥동 산84-7번지
11545,10300,1,0088,0002,,,일반건축물,단독주택,주택,0,24.1,24.1,19800516,1,0,서울특별시 금천구 시흥동 산88-2번지
11545,10300,1,0093,0002,호암산성탐방로 공중화장실,,일반건축물,제1종근린생활시설,제1종근린생활시설(공중화장실),159769,16.2,16.2,20060106,1,0,서울특별시 금천구 시흥동 산93-2번지
11545,10300,1,0100,0004,학교법인동일학원교사,,일반건축물,교육연구시설,교육연구시설(여고 온실),0,21,21,,1,0,서울특별시 금천구 시흥동 산100-4번지
11545,10300,1,0100,0004,학교법인동일학원교사,,일반건축물,교육연구시설,교육연구시설(여고교사),0,616.21,3081.05,19871230,5,0,서울특별시 금천구 시흥동 산100-4번지
11545,10300,1,0100,0004,학교법인동일학원교사,,일반건축물,교육연구시설,교육연구시설(특별교실및체육관),0,645,2815.56,19911116,5,0,서울특별시 금천구 시흥동 산100-4번지
11545,10300,1,0100,0004,학교법인동일학원교사,,일반건축물,교육연구시설,교육연구시설(중 화장실),0,65.75,65.75,,1,0,서울특별시 금천구 시흥동 산100-4번지
11545,10300,1,0100,0004,학교법인동일학원교사,,일반건축물,교육연구시설,교육연구시설(학생식당),0,473.96,2814.93,19981207,7,0,서울특별시 금천구 시흥동 산100-4번지
11545,10300,1,0100,0004,학교법인동일학원교사,,일반건축물,교육연구시설,교육연구시설(여고화장실),0,193.5,813.1,,5,0,서울특별시 금천구 시흥동 산100-4번지
11545,10300,1,0100,0004,학교법인동일학원교사,,일반건축물,교육연구시설,교육연구시설(경비실),0,11.65,22.74,,2,0,서울특별시 금천구 시흥동 산100-4번지
11545,10300,1,0100,0004,학교법인동일학원교사,,일반건축물,교육연구시설,교육연구시설,0,761.91,2337.02,20190108,5,0,서울특별시 금천구 시흥동 산100-4번지
11545,10300,1,0100,0004,학교법인동일학원교사,,일반건축물,교육연구시설,"교육연구시설(여고 교사,체육관)",0,2100,6473.83,19871230,6,1,서울특별시 금천구 시흥동 산100-4번지
11545,10300,1,0100,0004,학교법인동일학원교사,,일반건축물,교육연구시설,교육연구시설(생활관),0,109.65,328.95,19920721,2,1,서울특별시 금천구 시흥동 산100-4번지
11545,10300,1,0100,0004,학교법인동일학원교사,,일반건축물,교육연구시설,교육연구시설,0,510.67,2780.25,19871230,5,1,서울특별시 금천구 시흥동 산100-4번지
11545,10300,1,0100,0004,학교법인동일학원교사,,일반건축물,교육연구시설,교육연구시설(서매고 교사),0,516.19,2746.67,20100125,6,1,서울특별시 금천구 시흥동 산100-4번지
11545,10300,1,0100,0004,학교법인동일학원교사,,일반건축물,교육연구시설,교육연구시설(중학교교사),0,1411.77,7351.94,19871230,5,1,서울특별시 금천구 시흥동 산100-4번지
11545,10300,1,0100,0004,학교법인동일학원교사,,일반건축물,제2종근린생활시설,교육연구시설(서매고 온실),0,55,55,19871230,1,0,서울특별시 금천구 시흥동 산100-4번지
11545,10300,1,0100,0004,학교법인동일학원교사,,일반건축물,교육연구시설,교육연구시설(여고교사),0,1211.56,4651.31,19681024,5,0,서울특별시 금천구 시흥동 산100-4번지
11545,10300,1,0100,0004,학교법인동일학원교사,,일반건축물,교육연구시설,교육연구시설(동광초교사),0,1199.5,7982.07,19871230,7,0,서울특별시 금천구 시흥동 산100-4번지
11545,10300,1,0100,0004,학교법인동일학원교사,,일반건축물,교육연구시설,교육연구시설(서매고 교사),0,1288.25,7010,19871230,6,1,서울특별시 금천구 시흥동 산100-4번지
11545,10300,1,0100,0004,학교법인동일학원교사,,일반건축물,교육연구시설,교육연구시설(경비실),0,46.75,46.75,,1,0,서울특별시 금천구 시흥동 산100-4번지
11545,10300,1,0100,0004,학교법인동일학원교사,,일반건축물,교육연구시설,"교육연구시설(매점,교사)",0,75.6,302.4,,3,1,서울특별시 금천구 시흥동 산100-4번지
11545,10300,1,0126,0001,,,일반건축물,종교시설,사당,0,142.11,142.11,19920821,1,0,서울특별시 금천구 시흥동 산126-1번지
11545,10300,1,0126,0013,신흥경로당,,일반건축물,노유자시설,노인정,123,70.03,180.35,19950926,3,1,서울특별시 금천구 시흥동 산126-13번지
11545,10300,1,0138,0003,산기슭공중화장실,,일반건축물,제1종근린생활시설,공중화장실,8412,65.48,65.48,20020429,1,0,서울특별시 금천구 시흥동 산138-3번지
11545,10300,1,0139,0002,,,일반건축물,업무시설,수위실,0,0,29.39,20040825,1,0,서울특별시 금천구 시흥동 산139-2번지
11545,10300,1,0139,0002,남부여성발전센터,,일반건축물,업무시설,업무시설,0,496.53,1175.2,19810528,4,1,서울특별시 금천구 시흥동 산139-2번지
11545,10300,1,0139,0002,이주여성자활지원센터,,일반건축물,노유자시설,사회복지시설,0,352.8,987.47,20101019,3,1,서울특별시 금천구 시흥동 산139-2번지
11545,10300,1,0139,0002,남부여성발전센터,,일반건축물,교육연구시설,"강당, 실습교실, 전기기계실, 제2종근린생활시설",15067,1106.15,2622.91,19790919,3,1,서울특별시 금천구 시흥동 산139-2번지
11545,10300,1,0139,0002,남부여성발전센터,,일반건축물,업무시설,"사무실,강의실,제2종근린생활시설,노유자시설(어린이집)",0,890.65,6202.71,19790919,3,1,서울특별시 금천구 시흥동 산139-2번지
11545,10300,1,0139,0002,,,일반건축물,자동차관련시설,주차장,0,0,4159.5,20040825,1,2,서울특별시 금천구 시흥동 산139-2번지
11545,10300,1,0165,0002,,,일반건축물,단독주택,주택,0,39.67,39.67,,1,0,서울특별시 금천구 시흥동 산165-2번지
11545,10300,1,0173,0008,성지아파트,,표제부,공동주택,아파트,0,795.62,10260.64,19860813,13,1,서울특별시 금천구 시흥동 산173-8번지
11545,10300,1,0173,0008,성지아파트,,표제부,공동주택,아파트,0,889.06,11563.33,19860813,13,1,서울특별시 금천구 시흥동 산173-8번지
11545,10300,1,0173,0008,,,표제부,제1종근린생활시설,판매시설,0,224.16,772.68,19860813,3,1,서울특별시 금천구 시흥동 산173-8번지
