sigunguCd,bjdongCd,platGbCd,bun,ji,bldNm,splotNm,regstrKindCdNm,mainPurpsCdNm,etcPurps,platArea,archArea,totArea,useAprDay,grndFlrCnt,ugrndFlrCnt,platPlc
11560,13300,0,0012,0000,,,일반건축물,제1종근린생활시설,근린생활시설,91.5,45.53,122.24,19840925,2,1,서울특별시 영등포구 대림동 12번지
11560,13300,0,0603,0008,,,일반건축물,제1종근린생활시설,"근린생활시설, 주택",50.46,33.19,119.55,19930624,4,0,서울특별시 영등포구 대림동 603-8번지
11560,13300,0,0603,0010,,,일반건축물,단독주택,"근린생활시설, 주택",119,71.07,291.87,19930510,4,1,서울특별시 영등포구 대림동 603-10번지
11560,13300,0,0603,0012,,,일반건축물,단독주택,"근린생활시설, 주택",92.26,53.19,192,19940322,4,0,서울특별시 영등포구 대림동 603-12번지
11560,13300,0,0603,0017,,,일반건축물,단독주택,"근린생활시설,주택",93,53.32,245.04,19940503,5,0,서울특별시 영등포구 대림동 603-17번지
11560,13300,0,0603,0018,,,일반건축물,단독주택,주택,33,22.09,22.09,19850629,1,0,서울특별시 영등포구 대림동 603-18번지
11560,13300,0,0603,0023,,,일반건축물,단독주택,"근린생활시설, 주택",155,92.8,449.28,19931125,4,1,서울특별시 영등포구 대림동 603-23번지
11560,13300,0,0603,0024,,,일반건축물,단독주택,"근린생활시설, 다가구주택(8가구)",281,133.74,523.69,19950803,4,1,서울특별시 영등포구 대림동 603-24번지
11560,13300,0,0603,0026,코스모메디칼,,일반건축물,의료시설,의료시설,328,181.24,1276.71,20040728,6,1,서울특별시 영등포구 대림동 603-26번지
11560,13300,0,0603,0034,,,표제부,제2종근린생활시설,"근린생활시설, 주택",0,94.67,473.35,19891229,4,1,서울특별시 영등포구 대림동 603-34번지
11560,13300,0,0603,0037,,,일반건축물,제2종근린생활시설,"고시원, 근린생활시설",203,120.07,473.62,19930927,4,1,서울특별시 영등포구 대림동 603-37번지
11560,13300,0,0603,0072,,,일반건축물,단독주택,주택,0,33.05,33.05,19741220,1,0,서울특별시 영등포구 대림동 603-72번지
11560,13300,0,0604,0001,,,일반건축물,단독주택,단독주택,0,51.54,153.97,19900716,2,1,서울특별시 영등포구 대림동 604-1번지
11560,13300,0,0604,0020,,,일반건축물,단독주택,단독주택,88.6,51.09,98.58,20041217,2,0,서울특별시 영등포구 대림동 604-20번지
11560,13300,0,0604,0030,서울외국인주민지원센터,,일반건축물,업무시설,업무시설,383,187.74,934.74,19881228,4,1,서울특별시 영등포구 대림동 604-30번지
11560,13300,0,0604,0031,,,일반건축물,단독주택,단독주택 및 제2종근린생활시설,180,106.73,445.84,20171010,4,1,서울특별시 영등포구 대림동 604-31번지
11560,13300,0,0604,0032,,,일반건축물,단독주택,다가구주택,100,58.93,175.44,19960731,2,1,서울특별시 영등포구 대림동 604-32번지
11560,13300,0,0604,0033,,,표제부,공동주택,공동주택,102,61.12,169.62,19900914,2,1,서울특별시 영등포구 대림동 604-33번지
11560,13300,0,0604,0034,,,일반건축물,단독주택,"근린생활시설, 주택",0,54,246.39,19860926,3,1,서울특별시 영등포구 대림동 604-34번지
11560,13300,0,0604,0035,,,일반건축물,단독주택,주택,0,54.89,166.47,19890510,2,1,서울특별시 영등포구 대림동 604-35번지
11560,13300,0,0604,0037,,,일반건축물,단독주택,"근린생활시설, 주택",0,52.5,208.08,19890720,3,1,서울특별시 영등포구 대림동 604-37번지
11560,13300,0,0604,0038,,,일반건축물,단독주택,주택,0,58.34,175.02,19890510,2,1,서울특별시 영등포구 대림동 604-38번지
11560,13300,0,0604,0039,,,일반건축물,단독주택,주택,0,57.6,180.1,19891115,2,1,서울특별시 영등포구 대림동 604-39번지
11560,13300,0,0604,0040,,,일반건축물,단독주택,단독주택,114,67.54,227.77,20151208,5,0,서울특별시 영등포구 대림동 604-40번지
11560,13300,0,0604,0041,,,일반건축물,단독주택,주택(4가구),112,55.44,181.27,19890525,3,1,서울특별시 영등포구 대림동 604-41번지
11560,13300,0,0604,0042,,,일반건축물,단독주택,주택,0,55.64,166.92,19890524,2,1,서울특별시 영등포구 대림동 604-42번지
11560,13300,0,0604,0043,,,일반건축물,단독주택,주택,0,54.75,164.25,19890526,2,1,서울특별시 영등포구 대림동 604-43번지
11560,13300,0,0604,0044,,,일반건축물,단독주택,주택,0,56.44,171,19890309,2,1,서울특별시 영등포구 대림동 604-44번지
11560,13300,0,0604,0045,,,일반건축물,단독주택,다가구용단독주택(5가구),0,55.44,166.02,19910725,2,1,서울특별시 영등포구 대림동 604-45번지
11560,13300,0,0604,0046,,,일반건축물,단독주택,다가구용단독주택(5가구),0,57.54,171.42,19900827,2,1,서울특별시 영등포구 대림동 604-46번지
11560,13300,0,0604,0047,,,일반건축물,단독주택,다가구용단독주택(5가구),114,59.4,178.2,19951227,3,0,서울특별시 영등포구 대림동 604-47번지
11560,13300,0,0604,0048,,,일반건축물,단독주택,"근린생활시설, 주택",124,72.14,335.93,19960925,4,1,서울특별시 영등포구 대림동 604-48번지
11560,13300,0,0604,0049,,,일반건축물,단독주택,다가구용단독주택(6가구),0,65.7,198.87,19910516,2,1,서울특별시 영등포구 대림동 604-49번지
11560,13300,0,0604,0050,,,일반건축물,단독주택,단독주택,0,57.74,173.22,19900927,2,1,서울특별시 영등포구 대림동 604-50번지
11560,13300,0,0604,0051,,,일반건축물,단독주택,주택,0,58.29,174.87,19881205,2,1,서울특별시 영등포구 대림동 604-51번지
11560,13300,0,0604,0052,,,일반건축물,단독주택,다중주택 및 근린생활시설,107,63.92,205.73,20201120,4,0,서울특별시 영등포구 대림동 604-52번지
11560,13300,0,0604,0053,,,일반건축물,단독주택,다가구용단독주택(6가구),0,62.31,186.93,19910913,2,1,서울특별시 영등포구 대림동 604-53번지
11560,13300,0,0604,0054,,,일반건축물,단독주택,다가구용단독주택(5가구),0,54.78,164.34,19910316,2,1,서울특별시 영등포구 대림동 604-54번지
11560,13300,0,0604,0055,,,일반건축물,단독주택,주택,0,52.89,162.47,19890627,2,1,서울특별시 영등포구 대림동 604-55번지
11560,13300,0,0604,0056,,,일반건축물,단독주택,다가구주택,106,58.88,193.6,19881214,3,1,서울특별시 영등포구 대림동 604-56번지
11560,13300,0,0604,0057,,,일반건축물,단독주택,다가구주택(4가구),97.08,57.93,164.99,19940526,2,1,서울특별시 영등포구 대림동 604-57번지
11560,13300,0,0604,0058,,,일반건축물,단독주택,다가구주택(4가구),119,71.24,206.4,19940526,2,1,서울특별시 영등포구 대림동 604-58번지
11560,13300,0,0604,0059,,,일반건축물,단독주택,다가구용단독주택(11가구),252,150.43,537.6,19960805,3,1,서울특별시 영등포구 대림동 604-59번지
11560,13300,0,0604,0060,,,일반건축물,단독주택,다가구용단독주택(6가구),129.97,77.92,253.46,19940913,3,1,서울특별시 영등포구 대림동 604-60번지
11560,13300,0,0604,0063,,,일반건축물,단독주택,단독주택,107.19,59.76,198.07,20170207,3,1,서울특별시 영등포구 대림동 604-63번지
11560,13300,0,0604,0065,,,일반건축물,단독주택,다가구용단독주택(6가구),0,62.85,189.52,19901215,2,1,서울특별시 영등포구 대림동 604-65번지
11560,13300,0,0604,0066,,,일반건축물,단독주택,주택,122,60.72,199.61,19881013,3,1,서울특별시 영등포구 대림동 604-66번지
11560,13300,0,0604,0067,,,일반건축물,단독주택,주택,0,59.67,185.31,19881206,2,1,서울특별시 영등포구 대림동 604-67번지
11560,13300,0,0604,0078,,,일반건축물,단독주택,주택,0,64.33,79.7,19750705,1,1,서울특별시 영등포구 대림동 604-78번지
11560,13300,0,0604,0079,,,일반건축물,단독주택,주택,0,54.3,162.9,19891007,2,1,서울특별시 영등포구 대림동 604-79번지
11560,13300,0,0604,0080,,,일반건축물,단독주택,다가구용단독주택(5가구),0,53.34,163.22,19900918,2,1,서울특별시 영등포구 대림동 604-80번지
11560,13300,0,0604,0081,,,일반건축물,단독주택,주택,0,58.55,182.13,19900124,2,1,서울특별시 영등포구 대림동 604-81번지
11560,13300,0,0604,0082,,,일반건축물,단독주택,"근린생활시설, 주택",0,71.67,139.24,19750915,2,1,서울특별시 영등포구 대림동 604-82번지
11560,13300,0,0604,0087,,,일반건축물,단독주택,"근린생활시설, 주택",233.05,139.15,654.71,19961012,4,1,서울특별시 영등포구 대림동 604-87번지
11560,13300,0,0604,0088,,,일반건축물,단독주택,다가구용단독주택(6가구),119,70.44,199.06,19961015,3,1,서울특별시 영등포구 대림동 604-88번지
11560,13300,0,0604,0089,,,일반건축물,단독주택,다가구용단독주택(6가구),119,71.08,222.04,19970219,3,1,서울특별시 영등포구 대림동 604-89번지
11560,13300,0,0604,0094,,,일반건축물,단독주택,단독주택,0,50.83,145.7,19901011,2,1,서울특별시 영등포구 대림동 604-94번지
11560,13300,0,0604,0096,,,표제부,공동주택,공동주택(도시형생활주택),230,115.47,459.21,20190708,5,0,서울특별시 영등포구 대림동 604-96번지
11560,13300,0,0604,0098,,,일반건축물,단독주택,주택,0,55.76,172.08,19900411,2,1,서울특별시 영등포구 대림동 604-98번지
11560,13300,0,0604,0099,,,일반건축물,단독주택,주택,0,57.27,171.81,19900130,2,1,서울특별시 영등포구 대림동 604-99번지
11560,13300,0,0604,0100,,,일반건축물,단독주택,주택,0,53.34,156.81,19900124,2,1,서울특별시 영등포구 대림동 604-100번지
11560,13300,0,0604,0101,건청빌라,,표제부,공동주택,공동주택,224,133.21,429.77,20041105,4,0,서울특별시 영등포구 대림동 604-101번지
11560,13300,0,0604,0103,,,일반건축물,단독주택,다가구용단독주택(5가구),0,62.43,187.29,19901226,2,1,서울특별시 영등포구 대림동 604-103번지
11560,13300,0,0604,0106,,,일반건축물,단독주택,주택,116,57.29,180.06,19860116,2,1,서울특별시 영등포구 대림동 604-106번지
11560,13300,0,0604,0107,,,일반건축물,단독주택,다가구용단독주택(5가구),0,58.5,175.5,19901110,2,1,서울특별시 영등포구 대림동 604-107번지
11560,13300,0,0604,0124,,,일반건축물,제1종근린생활시설,"근린생활시설, 주택",102,60.6,263.1,19940520,4,1,서울특별시 영등포구 대림동 604-124번지
11560,13300,0,0604,0125,,,일반건축물,제1종근린생활시설,"근린생활시설, 주택",169,97.8,417.21,19920518,4,1,서울특별시 영등포구 대림동 604-125번지
11560,13300,0,0604,0126,,,표제부,단독주택,"제1종근린생활시설, 주택",169,98.85,589.2,19921114,5,1,서울특별시 영등포구 대림동 604-126번지
11560,13300,0,0604,0129,,,일반건축물,제1종근린생활시설,"근린생활시설, 주택",0,41.85,209.25,19920904,4,1,서울특별시 영등포구 대림동 604-129번지
11560,13300,0,0604,0130,,,일반건축물,단독주택,"근린생활시설, 주택",58.24,39.6,156.42,19940221,4,0,서울특별시 영등포구 대림동 604-130번지
11560,13300,0,0604,0131,,,일반건축물,단독주택,"근린생활시설, 주택",94.4,66.76,269.13,19990113,5,0,서울특별시 영등포구 대림동 604-131번지
11560,13300,0,0604,0132,,,일반건축물,단독주택,다가구용단독주택,71.64,43.46,182.2,19920104,4,1,서울특별시 영등포구 대림동 604-132번지
11560,13300,0,0604,0134,,,일반건축물,단독주택,"단독(다중)주택, 근린생활시설",173.56,103.9,493.8,20200929,5,1,서울특별시 영등포구 대림동 604-134번지
11560,13300,0,0604,0139,,,일반건축물,단독주택,주택,59,46.29,46.28,19850629,1,0,서울특별시 영등포구 대림동 604-139번지
11560,13300,0,0604,0142,,,일반건축물,단독주택,주택,76,42.21,42.21,19850629,1,0,서울특별시 영등포구 대림동 604-142번지
11560,13300,0,0604,0143,,,일반건축물,단독주택,주택,76,44.66,44.66,19850629,1,0,서울특별시 영등포구 대림동 604-143번지
11560,13300,0,0604,0144,,,일반건축물,단독주택,주택,63,57.06,57.06,19850629,1,0,서울특별시 영등포구 대림동 604-144번지
11560,13300,0,0604,0145,,,표제부,공동주택,다세대주택(6세대),129,77.24,281.18,20010627,5,0,서울특별시 영등포구 대림동 604-145번지
11560,13300,0,0604,0146,,,일반건축물,단독주택,"주택, 창고",155,35.75,35.75,19850629,1,0,서울특별시 영등포구 대림동 604-146번지
11560,13300,0,0604,0147,,,일반건축물,제1종근린생활시설,"근린생활시설, 주택",70.7,48.52,163.56,19961129,3,1,서울특별시 영등포구 대림동 604-147번지
11560,13300,0,0604,0148,,,일반건축물,단독주택,"근린생활시설, 주택",0,31.26,93.78,19921210,3,0,서울특별시 영등포구 대림동 604-148번지
11560,13300,0,0604,0149,,,일반건축물,제1종근린생활시설,"근린생활시설, 주택",106.28,63.58,299.42,19930723,4,1,서울특별시 영등포구 대림동 604-149번지
11560,13300,0,0604,0156,,,일반건축물,단독주택,주택,56,0,31.8,19850629,1,0,서울특별시 영등포구 대림동 604-156번지
11560,13300,0,0604,0172,다은빌,,일반건축물,단독주택,근린생활시설 및 단독주택,211,121.36,659.7,20181116,6,0,서울특별시 영등포구 대림동 604-172번지
11560,13300,0,0604,0174,,,일반건축물,단독주택,"제2종근린생활시설, 다가구주택(3가구)",60,35.92,126.14,19981204,4,0,서울특별시 영등포구 대림동 604-174번지
11560,13300,0,0604,0177,,,일반건축물,제2종근린생활시설,제2종근린생활시설,26,25.2,25.2,19850629,1,0,서울특별시 영등포구 대림동 604-177번지
11560,13300,0,0604,0178,,,일반건축물,단독주택,다가구용단독주택(5가구),0,46.86,140.58,19921005,2,1,서울특별시 영등포구 대림동 604-178번지
11560,13300,0,0605,0027,,,일반건축물,제2종근린생활시설,근린생활시설,0,180.03,900.15,19870904,4,1,서울특별시 영등포구 대림동 605-27번지
11560,13300,0,0605,0028,,,일반건축물,제2종근린생활시설,"근린생활시설, 노유자시설, 업무시설",354.1,182.42,832.9,19900116,4,1,서울특별시 영등포구 대림동 605-28번지
11560,13300,0,0605,0030,,,일반건축물,단독주택,주택,0,64.8,77.36,19780125,1,1,서울특별시 영등포구 대림동 605-30번지
11560,13300,0,0605,0031,,,일반건축물,제1종근린생활시설,"근린생활시설, 사무실, 주택",0,61.79,265.22,19890106,3,1,서울특별시 영등포구 대림동 605-31번지
11560,13300,0,0605,0032,,,일반건축물,단독주택,다가구용단독주택(5가구),117,66.3,217.98,19921029,3,1,서울특별시 영등포구 대림동 605-32번지
11560,13300,0,0605,0033,,,표제부,공동주택,공동주택,106,65.54,214.1,19911119,3,1,서울특별시 영등포구 대림동 605-33번지
11560,13300,0,0605,0034,,,일반건축물,단독주택,주택,0,60.71,182.13,19900518,2,1,서울특별시 영등포구 대림동 605-34번지
11560,13300,0,0605,0035,,,일반건축물,단독주택,다가구주택(7가구),122,67.58,194.74,19880923,3,1,서울특별시 영등포구 대림동 605-35번지
11560,13300,0,0605,0036,,,일반건축물,단독주택,"주택, 점포",0,65.78,79.33,19780125,1,1,서울특별시 영등포구 대림동 605-36번지
11560,13300,0,0605,0038,,,일반건축물,제1종근린생활시설,근린생활시설,225.97,135,648.04,19970808,4,1,서울특별시 영등포구 대림동 605-38번지
11560,13300,0,0605,0039,,,일반건축물,제1종근린생활시설,"근린생활시설, 주택",0,62.87,246.02,19890703,3,1,서울특별시 영등포구 대림동 605-39번지
11560,13300,0,0605,0040,,,일반건축물,단독주택,"단독주택,1종근린생활시설",106,51.2,199.56,20070130,3,1,서울특별시 영등포구 대림동 605-40번지
11560,13300,0,0605,0041,,,일반건축물,단독주택,"주택, 점포",0,70.41,124.45,19780125,2,0,서울특별시 영등포구 대림동 605-41번지
11560,13300,0,0605,0042,대림동상가주택,,일반건축물,단독주택,"근린생활시설, 다가구주택",125.28,75.14,221.01,20010601,4,0,서울특별시 영등포구 대림동 605-42번지
11560,13300,0,0605,0042,,,일반건축물,단독주택,주택,0,66.02,78.62,19750402,1,1,서울특별시 영등포구 대림동 605-42번지
11560,13300,0,0605,0043,,,일반건축물,단독주택,주택,0,51.73,159.08,19891017,2,1,서울특별시 영등포구 대림동 605-43번지
11560,13300,0,0605,0044,,,일반건축물,단독주택,주택,0,62.55,114.42,19750404,2,1,서울특별시 영등포구 대림동 605-44번지
11560,13300,0,0605,0045,,,일반건축물,단독주택,주택,0,55.77,169.68,19891019,2,1,서울특별시 영등포구 대림동 605-45번지
11560,13300,0,0605,0046,,,일반건축물,단독주택,"주택, 변소",0,62.8,76.02,19780125,1,1,서울특별시 영등포구 대림동 605-46번지
11560,13300,0,0605,0047,,,일반건축물,단독주택,주택,0,48.32,150.36,19890525,2,1,서울특별시 영등포구 대림동 605-47번지
11560,13300,0,0605,0048,,,일반건축물,단독주택,주택,0,54.58,167.07,19880910,2,1,서울특별시 영등포구 대림동 605-48번지
11560,13300,0,0605,0049,,,일반건축물,단독주택,다가구주택,116,56.67,189.79,19880923,3,1,서울특별시 영등포구 대림동 605-49번지
11560,13300,0,0605,0050,,,일반건축물,단독주택,주택,0,55.98,173.86,19890816,2,1,서울특별시 영등포구 대림동 605-50번지
11560,13300,0,0605,0051,,,일반건축물,단독주택,주택,0,47.73,152.91,19890928,2,1,서울특별시 영등포구 대림동 605-51번지
11560,13300,0,0605,0052,,,일반건축물,단독주택,주택,106,67.89,185.92,19880823,3,1,서울특별시 영등포구 대림동 605-52번지
11560,13300,0,0605,0054,,,일반건축물,단독주택,다가구주택(6가구),123.2,64.05,199.59,19890824,3,1,서울특별시 영등포구 대림동 605-54번지
11560,13300,0,0605,0055,,,일반건축물,단독주택,주택,0,66.51,199.53,19890905,2,1,서울특별시 영등포구 대림동 605-55번지
11560,13300,0,0605,0056,,,일반건축물,단독주택,주택,0,64.3,197.78,19890916,2,1,서울특별시 영등포구 대림동 605-56번지
11560,13300,0,0605,0057,,,일반건축물,단독주택,주택,0,60.78,182.34,19890908,2,1,서울특별시 영등포구 대림동 605-57번지
11560,13300,0,0605,0058,,,일반건축물,단독주택,단독주택,107.5,64.47,241.3,20180214,3,1,서울특별시 영등포구 대림동 605-58번지
11560,13300,0,0605,0059,,,일반건축물,단독주택,다가구용단독주택(5가구),0,63.48,189.5,19920331,2,1,서울특별시 영등포구 대림동 605-59번지
11560,13300,0,0605,0060,,,일반건축물,단독주택,주택,0,64.68,204.39,19881229,2,1,서울특별시 영등포구 대림동 605-60번지
11560,13300,0,0605,0061,,,일반건축물,단독주택,주택,0,63.08,77.46,19750328,1,1,서울특별시 영등포구 대림동 605-61번지
11560,13300,0,0605,0062,,,일반건축물,단독주택,주택,0,54.27,162.81,19890629,2,1,서울특별시 영등포구 대림동 605-62번지
11560,13300,0,0605,0063,,,일반건축물,단독주택,주택,0,53.98,168.74,19881006,2,1,서울특별시 영등포구 대림동 605-63번지
11560,13300,0,0605,0064,,,일반건축물,제1종근린생활시설,"근린생활시설, 주택",176,99.46,376.78,19861015,3,1,서울특별시 영등포구 대림동 605-64번지
11560,13300,0,0607,0001,대림동코오롱아파트,,표제부,공동주택,아파트,0,505.38,10387.56,19981016,25,1,서울특별시 영등포구 대림동 607-1번지
11560,13300,0,0607,0001,대림동코오롱아파트,,표제부,공동주택,아파트,0,738.92,13465.73,19981016,23,1,서울특별시 영등포구 대림동 607-1번지
11560,13300,0,0607,0001,대림동코오롱아파트,,표제부,공동주택,생활편익시설,0,162.72,618.18,19981016,3,1,서울특별시 영등포구 대림동 607-1번지
11560,13300,0,0607,0001,대림동코오롱아파트,,표제부,공동주택,아파트,0,403.8,7788.6,19981016,25,1,서울특별시 영등포구 대림동 607-1번지
11560,13300,0,0607,0001,대림동코오롱아파트,,표제부,공동주택,아파트,0,505.38,10132.77,19981016,25,1,서울특별시 영등포구 대림동 607-1번지
11560,13300,0,0607,0001,대림동코오롱아파트,,표제부,공동주택,아파트,0,403.8,7788.6,19981016,25,1,서울특별시 영등포구 대림동 607-1번지
11560,13300,0,0608,0001,현대3차아파트,,표제부,공동주택,아파트,0,525.44,6929.86,19980827,18,1,서울특별시 영등포구 대림동 608-1번지
11560,13300,0,0608,0001,현대3차아파트,,표제부,공동주택,아파트,0,729.87,18460.27,19971027,28,1,서울특별시 영등포구 대림동 608-1번지
11560,13300,0,0608,0001,현대3차아파트,,표제부,공동주택,아파트,0,1068.24,23292.88,19971027,30,1,서울특별시 영등포구 대림동 608-1번지
11560,13300,0,0608,0001,현대3차아파트,,표제부,공동주택,유치원,38598.4,275.21,562.02,19971027,2,1,서울특별시 영등포구 대림동 608-1번지
11560,13300,0,0608,0001,,,표제부,공동주택,주차장,0,24587.55,24587.55,,0,2,서울특별시 영등포구 대림동 608-1번지
11560,13300,0,0608,0001,,,표제부,공동주택,중앙공급실,0,748.2,748.2,,0,1,서울특별시 영등포구 대림동 608-1번지
11560,13300,0,0608,0001,현대3차아파트,,표제부,공동주택,"생활편익시설,의료시설",0,320.28,1223.43,19971027,3,1,서울특별시 영등포구 대림동 608-1번지
11560,13300,0,0608,0001,,,표제부,공동주택,중간기계실,0,300,300,,0,1,서울특별시 영등포구 대림동 608-1번지
11560,13300,0,0608,0001,현대3차아파트,,표제부,공동주택,아파트,0,1276.18,30039.69,19980827,29,1,서울특별시 영등포구 대림동 608-1번지
11560,13300,0,0608,0001,,,표제부,공동주택,전기실,0,208,208,,0,1,서울특별시 영등포구 대림동 608-1번지
11560,13300,0,0608,0001,현대3차아파트,,표제부,공동주택,아파트,0,788.16,15447.22,19971027,25,1,서울특별시 영등포구 대림동 608-1번지
11560,13300,0,0608,0001,,,표제부,공동주택,"관리사무소,주민공동시설,보육실",0,608.69,608.69,,1,0,서울특별시 영등포구 대림동 608-1번지
11560,13300,0,0608,0001,,,표제부,공동주택,경비실,0,21,21,,1,0,서울특별시 영등포구 대림동 608-1번지
11560,13300,0,0608,0001,현대3차아파트,,표제부,공동주택,아파트,0,726.42,14450.86,19971027,26,1,서울특별시 영등포구 대림동 608-1번지
11560,13300,0,0608,0001,,,표제부,공동주택,경비실,0,31.5,31.5,,1,0,서울특별시 영등포구 대림동 608-1번지
11560,13300,0,0608,0001,,,표제부,공동주택,주차장,0,5667.18,5667.18,,0,2,서울특별시 영등포구 대림동 608-1번지
11560,13300,0,0608,0001,,,표제부,공동주택,노인정,0,125.7,125.7,,1,0,서울특별시 영등포구 대림동 608-1번지
11560,13300,0,0608,0001,현대3차아파트,,표제부,공동주택,아파트,0,637.56,15160.38,19980827,29,1,서울특별시 영등포구 대림동 608-1번지
11560,13300,0,0608,0002,대림도서관,,일반건축물,교육연구시설,교육연구시설(도서관),727.8,376.33,1945.86,20070724,4,2,서울특별시 영등포구 대림동 608-2번지
11560,13300,0,0611,0000,전기및숙소동,,일반건축물,제1종근린생활시설,전기/숙소동,25200.5,230.04,306.08,20050524,2,0,서울특별시 영등포구 대림동 611번지
11560,13300,0,0611,0000,집수정및펌프장,,일반건축물,제1종근린생활시설,집수정및펌프장,25200.5,846.94,1557.88,19800919,2,1,서울특별시 영등포구 대림동 611번지
11560,13300,0,0611,0000,영등포제3스포츠센터,,일반건축물,운동시설,운동시설,25200.5,1796.86,4074.46,20260314,4,0,서울특별시 영등포구 대림동 611번지
11560,13300,0,0629,0035,한성메르디앙,,표제부,업무시설,"업무시설,근린생활시설",457,267.97,2167.83,20030213,9,1,서울특별시 영등포구 대림동 629-35번지
11560,13300,0,0635,0005,,,일반건축물,단독주택,주택,0,18.84,18.84,19510710,1,0,서울특별시 영등포구 대림동 635-5번지
11560,13300,0,0650,0000,성원아파트,,표제부,공동주택,생활편익시설,4864.7,145.44,1132.07,19951018,4,1,서울특별시 영등포구 대림동 650번지
11560,13300,0,0650,0000,성원아파트,,표제부,공동주택,아파트,4864.7,148.36,9094.08,19951018,22,2,서울특별시 영등포구 대림동 650번지
11560,13300,0,0650,0000,성원아파트,,표제부,공동주택,아파트,0,874.9,21428.74,19951018,24,0,서울특별시 영등포구 대림동 650번지
11560,13300,0,0650,0007,,,일반건축물,단독주택,다중주택,146.5,85.92,299.45,20160205,3,1,서울특별시 영등포구 대림동 650-7번지
11560,13300,0,0651,0000,,,일반건축물,제1종근린생활시설,근린생활시설,862,379.26,1540.94,19940530,3,1,서울특별시 영등포구 대림동 651번지
11560,13300,0,0651,0001,,,일반건축물,단독주택,"근린생활시설, 주택",0,105,409.5,19860722,3,1,서울특별시 영등포구 대림동 651-1번지
11560,13300,0,0651,0002,,,일반건축물,단독주택,주택,0,109.29,327.87,19880217,2,1,서울특별시 영등포구 대림동 651-2번지
11560,13300,0,0651,0003,,,표제부,공동주택,공동주택(다세대주택),287.3,156.68,647.46,20021009,4,1,서울특별시 영등포구 대림동 651-3번지
11560,13300,0,0651,0004,,,일반건축물,제1종근린생활시설,"근린생활시설, 다가구주택(3가구)",0,155.24,655.16,19920411,4,1,서울특별시 영등포구 대림동 651-4번지
11560,13300,0,0651,0005,한국상하수도협회,,일반건축물,교육연구시설,"업무시설,판매시설",857.1,425.28,3355.12,19950524,6,2,서울특별시 영등포구 대림동 651-5번지
11560,13300,0,0651,0007,,,일반건축물,제2종근린생활시설,"근린생활시설, 종교시설",669.4,384,2117.84,19970711,5,1,서울특별시 영등포구 대림동 651-7번지
11560,13300,0,0652,0000,파란나라유치원,,일반건축물,교육연구시설,교육연구시설(유치원),0,100.57,362.2,20070323,4,0,서울특별시 영등포구 대림동 652번지
11560,13300,0,0652,0000,파란나라유치원,,일반건축물,교육연구시설,"교육연구시설(유치원),근린생활시설",0,167.18,925.9,19861111,4,1,서울특별시 영등포구 대림동 652번지
11560,13300,0,0652,0002,우솔파크빌,,표제부,공동주택,공동주택(다세대주택),208.4,124.94,472.82,20060516,5,0,서울특별시 영등포구 대림동 652-2번지
11560,13300,0,0652,0003,,,일반건축물,단독주택,"주택, 위험물저장소",0,100.1,426.4,19881230,3,1,서울특별시 영등포구 대림동 652-3번지
11560,13300,0,0652,0005,,,일반건축물,제1종근린생활시설,"근린생활시설, 주택",143,70.87,310.48,19850918,3,1,서울특별시 영등포구 대림동 652-5번지
11560,13300,0,0652,0006,,,일반건축물,제1종근린생활시설,"근린생활시설, 주택",0,72.68,324.92,19860809,3,1,서울특별시 영등포구 대림동 652-6번지
11560,13300,0,0652,0007,,,일반건축물,제1종근린생활시설,"근린생활시설, 주택",143,67.44,297.06,19851008,3,1,서울특별시 영등포구 대림동 652-7번지
11560,13300,0,0652,0008,,,표제부,공동주택,다세대주택,260.9,142.06,543.27,19930306,3,1,서울특별시 영등포구 대림동 652-8번지
11560,13300,0,0652,0009,,,일반건축물,단독주택,"근린생활시설, 주택",0,113.1,454.74,19860917,3,1,서울특별시 영등포구 대림동 652-9번지
11560,13300,0,0652,0010,,,일반건축물,단독주택,주택,0,70.69,212.07,19851111,2,1,서울특별시 영등포구 대림동 652-10번지
11560,13300,0,0652,0011,,,일반건축물,제1종근린생활시설,"근린생활시설, 주택",126.5,62.25,256.8,19851130,3,1,서울특별시 영등포구 대림동 652-11번지
11560,13300,0,0652,0012,,,일반건축물,단독주택,주택,0,74.14,222.42,19871212,2,1,서울특별시 영등포구 대림동 652-12번지
11560,13300,0,0652,0013,,,일반건축물,제1종근린생활시설,"근린생활시설, 주택",169,84.27,358.84,19860127,3,1,서울특별시 영등포구 대림동 652-13번지
11560,13300,0,0653,0000,,,일반건축물,제1종근린생활시설,"근린생활시설, 주택",0,65.86,285.25,19860613,3,1,서울특별시 영등포구 대림동 653번지
11560,13300,0,0653,0001,,,일반건축물,단독주택,주택,0,65.74,205.56,19881214,2,1,서울특별시 영등포구 대림동 653-1번지
11560,13300,0,0653,0002,,,일반건축물,단독주택,주택,106.2,52.74,158.22,19860602,2,1,서울특별시 영등포구 대림동 653-2번지
11560,13300,0,0653,0003,프리미스하우스,,일반건축물,단독주택,단독주택,165.9,95.84,299.87,20180725,3,1,서울특별시 영등포구 대림동 653-3번지
11560,13300,0,0653,0004,보강리치빌,,표제부,공동주택,공동주택,235.6,126.32,470.6,20050926,5,0,서울특별시 영등포구 대림동 653-4번지
11560,13300,0,0653,0005,우영파크빌,,표제부,공동주택,공동주택,227.4,130.8,454.66,20061102,5,0,서울특별시 영등포구 대림동 653-5번지
11560,13300,0,0653,0006,현대모닝빌,,표제부,공동주택,공동주택,288.6,169.38,576.81,20150423,5,0,서울특별시 영등포구 대림동 653-6번지
11560,13300,0,0653,0007,,,일반건축물,제1종근린생활시설,"근린생활시설, 주택",0,68.4,297.55,19880923,3,1,서울특별시 영등포구 대림동 653-7번지
11560,13300,0,0653,0008,,,일반건축물,제1종근린생활시설,"근린생활시설, 주택",115.4,77,231,19851202,2,1,서울특별시 영등포구 대림동 653-8번지
11560,13300,0,0653,0009,,,일반건축물,단독주택,"근린생활시설, 주택",0,92.97,371.88,19880414,3,1,서울특별시 영등포구 대림동 653-9번지
11560,13300,0,0653,0010,,,일반건축물,제2종근린생활시설,제2종근린생활시설,253.6,140.12,602.07,20110318,5,1,서울특별시 영등포구 대림동 653-10번지
11560,13300,0,0653,0011,,,표제부,공동주택,공동주택,294.3,175.48,575.34,20140415,5,0,서울특별시 영등포구 대림동 653-11번지
11560,13300,0,0653,0012,한다올명진,,표제부,공동주택,다세대(도시형생활)주택,242.6,117.33,324.15,20140624,5,0,서울특별시 영등포구 대림동 653-12번지
11560,13300,0,0653,0013,,,일반건축물,단독주택,"근린생활시설, 다가구주택",251.7,134.58,559.17,19930915,4,1,서울특별시 영등포구 대림동 653-13번지
11560,13300,0,0654,0000,,,일반건축물,단독주택,주택,0,52.36,157.08,19870801,2,1,서울특별시 영등포구 대림동 654번지
11560,13300,0,0654,0001,,,일반건축물,단독주택,주택,147,73.05,229.44,19851111,2,1,서울특별시 영등포구 대림동 654-1번지
11560,13300,0,0654,0002,,,일반건축물,단독주택,단독주택(4가구),0,49.35,148.05,19900628,2,1,서울특별시 영등포구 대림동 654-2번지
11560,13300,0,0654,0003,,,일반건축물,단독주택,주택,0,82.4,247.2,19880518,2,1,서울특별시 영등포구 대림동 654-3번지
11560,13300,0,0654,0004,대흥미소가,,표제부,공동주택,다세대주택,399.7,232.66,659.6,20131226,5,0,서울특별시 영등포구 대림동 654-4번지
11560,13300,0,0654,0006,,,표제부,공동주택,다세대주택,281.4,152.84,647.56,19950321,4,1,서울특별시 영등포구 대림동 654-6번지
11560,13300,0,0654,0007,,,일반건축물,제1종근린생활시설,"근린생활시설, 주택",0,103.36,421,19880723,3,1,서울특별시 영등포구 대림동 654-7번지
11560,13300,0,0654,0008,,,일반건축물,단독주택,다세대주택,197.2,97.2,249.44,19860707,2,1,서울특별시 영등포구 대림동 654-8번지
11560,13300,0,0654,0009,,,일반건축물,단독주택,주택,174,82.36,247.08,19860206,2,1,서울특별시 영등포구 대림동 654-9번지
11560,13300,0,0654,0010,,,일반건축물,단독주택,주택,101.9,51.13,172.81,19900611,3,1,서울특별시 영등포구 대림동 654-10번지
11560,13300,0,0655,0000,,,일반건축물,단독주택,주택,129.8,63.99,207.93,19850921,2,1,서울특별시 영등포구 대림동 655번지
11560,13300,0,0655,0001,,,일반건축물,단독주택,주택,0,82.46,247.38,19870821,2,1,서울특별시 영등포구 대림동 655-1번지
11560,13300,0,0655,0002,현대힐타운,,표제부,공동주택,다세대주택(도시형생활주택),333.3,199.73,654.02,20131231,5,0,서울특별시 영등포구 대림동 655-2번지
11560,13300,0,0655,0003,,,일반건축물,창고시설,창고시설,164.3,98.38,196.76,20090415,2,0,서울특별시 영등포구 대림동 655-3번지
11560,13300,0,0655,0004,,,표제부,공동주택,"근린생활시설,다세대주택",164.3,96.48,470.41,20030604,5,0,서울특별시 영등포구 대림동 655-4번지
11560,13300,0,0655,0006,,,일반건축물,단독주택,주택,186.3,93.07,248.13,19860218,2,1,서울특별시 영등포구 대림동 655-6번지
11560,13300,0,0655,0007,,,일반건축물,단독주택,주택,148.77,73.71,233.37,19850930,2,1,서울특별시 영등포구 대림동 655-7번지
11560,13300,0,0656,0000,,,일반건축물,제2종근린생활시설,제2종근린생활시설 및 단독주택,227.3,135.2,448.12,20031211,4,0,서울특별시 영등포구 대림동 656번지
11560,13300,0,0656,0001,우영채움빌,,표제부,공동주택,공동주택,727.1,195.71,694.34,20130405,6,0,서울특별시 영등포구 대림동 656-1번지
11560,13300,0,0656,0001,우영채움빌,,표제부,공동주택,공동주택,727.1,215.4,759.6,20130405,6,0,서울특별시 영등포구 대림동 656-1번지
11560,13300,0,0656,0001,우영채움빌,,표제부,공동주택,공동주택,727.1,19.24,0,20130405,1,0,서울특별시 영등포구 대림동 656-1번지
11560,13300,0,0656,0003,,,일반건축물,제1종근린생활시설,근린생활시설,168.9,82.01,82.01,19940906,1,0,서울특별시 영등포구 대림동 656-3번지
11560,13300,0,0656,0004,,,일반건축물,제2종근린생활시설,근린생활시설,165.9,98.4,98.4,19990412,1,0,서울특별시 영등포구 대림동 656-4번지
11560,13300,0,0657,0000,신우경로당,,일반건축물,노유자시설,노인정,0,130.77,130.77,19900328,1,0,서울특별시 영등포구 대림동 657번지
11560,13300,0,0658,0000,해솔어린이집,,일반건축물,노유자시설,노유자시설,99.9,49.14,204.12,19871102,3,1,서울특별시 영등포구 대림동 658번지
11560,13300,0,0658,0001,,,일반건축물,단독주택,"근린생활시설, 주택",0,46.92,187.68,19860616,3,1,서울특별시 영등포구 대림동 658-1번지
11560,13300,0,0658,0002,메르헨 하우스,,표제부,공동주택,공동주택 및 제1종근린생활시설,399.1,239.07,682.44,20170825,5,0,서울특별시 영등포구 대림동 658-2번지
11560,13300,0,0658,0004,,,일반건축물,단독주택,다가구용단독주택,99.8,59.16,201.4,19971112,4,0,서울특별시 영등포구 대림동 658-4번지
11560,13300,0,0658,0005,,,일반건축물,단독주택,"근린생활시설, 주택",0,49.68,201.22,19880726,3,1,서울특별시 영등포구 대림동 658-5번지
11560,13300,0,0658,0006,,,일반건축물,제1종근린생활시설,"근린생활시설, 주택",0,104.64,453.36,19880819,3,1,서울특별시 영등포구 대림동 658-6번지
11560,13300,0,0658,0007,,,일반건축물,단독주택,주택,0,49.74,158.12,19870709,2,1,서울특별시 영등포구 대림동 658-7번지
11560,13300,0,0658,0008,,,일반건축물,단독주택,주택,100,49.5,148.5,19851104,2,1,서울특별시 영등포구 대림동 658-8번지
11560,13300,0,0658,0011,,,일반건축물,단독주택,주택,0,48.8,143.42,19850829,2,1,서울특별시 영등포구 대림동 658-11번지
11560,13300,0,0658,0012,,,일반건축물,단독주택,"근린생활시설, 주택",0,48.18,193.72,19880108,3,1,서울특별시 영등포구 대림동 658-12번지
11560,13300,0,0659,0000,,,일반건축물,단독주택,"근린생활시설, 주택",99.4,57.12,247.93,19880120,4,1,서울특별시 영등포구 대림동 659번지
11560,13300,0,0659,0001,,,일반건축물,단독주택,주택,100.4,49.68,184.34,19880623,3,1,서울특별시 영등포구 대림동 659-1번지
11560,13300,0,0659,0002,,,일반건축물,단독주택,단독주택 및 제2종근린생활시설,100.6,59.2,178.62,20171228,4,0,서울특별시 영등포구 대림동 659-2번지
11560,13300,0,0659,0003,,,일반건축물,단독주택,주택,0,50.32,150.96,19880204,2,1,서울특별시 영등포구 대림동 659-3번지
11560,13300,0,0659,0004,,,일반건축물,단독주택,주택,0,50.46,151.38,19870821,2,1,서울특별시 영등포구 대림동 659-4번지
11560,13300,0,0659,0005,,,일반건축물,단독주택,주택,0,50.49,151.47,19871021,2,1,서울특별시 영등포구 대림동 659-5번지
11560,13300,0,0659,0006,,,일반건축물,제1종근린생활시설,"근린생활시설, 주택",0,69.75,303.75,19850923,3,1,서울특별시 영등포구 대림동 659-6번지
11560,13300,0,0659,0007,,,일반건축물,제2종근린생활시설,근린생활시설,0,66.52,344.08,19920311,4,1,서울특별시 영등포구 대림동 659-7번지
11560,13300,0,0659,0008,,,일반건축물,단독주택,다가구주택,100,49.92,149.76,19851109,2,1,서울특별시 영등포구 대림동 659-8번지
11560,13300,0,0659,0009,,,일반건축물,단독주택,주택,0,49.62,151.11,19860610,2,1,서울특별시 영등포구 대림동 659-9번지
11560,13300,0,0659,0010,,,일반건축물,단독주택,다가구용단독주택(5),98.2,55.15,165.45,19930721,2,1,서울특별시 영등포구 대림동 659-10번지
11560,13300,0,0659,0011,,,일반건축물,단독주택,주택,100,49.71,149.13,19850930,2,1,서울특별시 영등포구 대림동 659-11번지
11560,13300,0,0659,0012,,,일반건축물,단독주택,다가구주택,99.3,56.71,168.84,19861020,3,1,서울특별시 영등포구 대림동 659-12번지
11560,13300,0,0659,0013,,,일반건축물,단독주택,"근린생활시설, 주택",0,49.45,197.8,19860711,3,1,서울특별시 영등포구 대림동 659-13번지
11560,13300,0,0660,0000,,,일반건축물,단독주택,"근린생활시설, 주택",0,130.76,696.22,19900713,4,1,서울특별시 영등포구 대림동 660번지
11560,13300,0,0660,0001,,,일반건축물,단독주택,다세대주택,236.4,60.3,178.95,19851204,2,1,서울특별시 영등포구 대림동 660-1번지
11560,13300,0,0660,0002,,,일반건축물,단독주택,"근린생활시설, 주택",0,49.7,198.8,19870716,3,1,서울특별시 영등포구 대림동 660-2번지
11560,13300,0,0660,0003,우영채움빌(1동),,표제부,공동주택,공동주택,298.8,175.43,588.04,20160621,5,0,서울특별시 영등포구 대림동 660-3번지
11560,13300,0,0660,0006,,,일반건축물,단독주택,근린생활시설,0,107.1,428.4,19860711,3,1,서울특별시 영등포구 대림동 660-6번지
11560,13300,0,0660,0007,,,일반건축물,단독주택,단독주택,100,49.05,145.7,19851109,2,1,서울특별시 영등포구 대림동 660-7번지
11560,13300,0,0660,0008,우영채움빌(2동),,표제부,공동주택,공동주택,198.8,117.56,396.6,20160603,5,0,서울특별시 영등포구 대림동 660-8번지
11560,13300,0,0660,0010,,,일반건축물,단독주택,주택,0,49.74,161.12,19850926,2,1,서울특별시 영등포구 대림동 660-10번지
11560,13300,0,0660,0011,,,일반건축물,단독주택,주택,0,59.92,179.76,19880910,2,1,서울특별시 영등포구 대림동 660-11번지
11560,13300,0,0660,0012,,,일반건축물,단독주택,주택,0,75.5,229.7,19881109,2,1,서울특별시 영등포구 대림동 660-12번지
11560,13300,0,0660,0013,,,일반건축물,단독주택,다가구용단독주택(5가구),107,63.93,191.79,19940428,2,1,서울특별시 영등포구 대림동 660-13번지
11560,13300,0,0661,0000,,,일반건축물,단독주택,"근린생활시설, 주택",0,52.8,211.2,19860517,3,1,서울특별시 영등포구 대림동 661번지
11560,13300,0,0661,0002,,,표제부,공동주택,다세대주택,367.3,220.3,659.98,20211101,5,0,서울특별시 영등포구 대림동 661-2번지
11560,13300,0,0661,0005,중앙하이빌,,표제부,공동주택,공동주택,198.6,118.97,472,20021210,5,0,서울특별시 영등포구 대림동 661-5번지
11560,13300,0,0661,0006,,,일반건축물,단독주택,주택,0,50.2,158.9,19891006,2,1,서울특별시 영등포구 대림동 661-6번지
11560,13300,0,0661,0007,,,일반건축물,단독주택,주택,99,49.41,157.58,19851130,2,1,서울특별시 영등포구 대림동 661-7번지
11560,13300,0,0661,0008,,,일반건축물,단독주택,주택,99,49.41,154.91,19851220,2,1,서울특별시 영등포구 대림동 661-8번지
11560,13300,0,0661,0009,,,일반건축물,단독주택,"근린생활시설, 주택",109,65.86,181.53,19970502,3,0,서울특별시 영등포구 대림동 661-9번지
11560,13300,0,0661,0010,,,일반건축물,제1종근린생활시설,"근린생활시설, 주택",0,58.43,252.72,19850809,3,1,서울특별시 영등포구 대림동 661-10번지
11560,13300,0,0661,0011,,,일반건축물,단독주택,주택,100,49.84,149.52,19851017,2,1,서울특별시 영등포구 대림동 661-11번지
11560,13300,0,0661,0012,,,일반건축물,단독주택,주택,0,49.18,147.54,19851028,2,1,서울특별시 영등포구 대림동 661-12번지
11560,13300,0,0661,0013,,,일반건축물,단독주택,주택,100,49.75,149.25,19851123,2,1,서울특별시 영등포구 대림동 661-13번지
11560,13300,0,0662,0000,,,일반건축물,제1종근린생활시설,"근린생활시설, 주택",0,80.22,320.88,19860707,3,1,서울특별시 영등포구 대림동 662번지
11560,13300,0,0662,0001,,,일반건축물,제1종근린생활시설,"근린생활시설, 주택",0,101.85,434.56,19860528,3,1,서울특별시 영등포구 대림동 662-1번지
11560,13300,0,0662,0002,한울빌,,표제부,공동주택,공동주택,187.1,111.36,373.78,20161103,5,0,서울특별시 영등포구 대림동 662-2번지
11560,13300,0,0662,0004,,,일반건축물,단독주택,주택,0,109.6,328.8,19891213,2,1,서울특별시 영등포구 대림동 662-4번지
11560,13300,0,0662,0005,,,일반건축물,제1종근린생활시설,"근린생활시설, 주택",0,117.36,487.53,19890329,3,1,서울특별시 영등포구 대림동 662-5번지
11560,13300,0,0662,0006,삼성디자인하우스,,표제부,공동주택,다세대주택,233,139.32,494.98,20100830,5,0,서울특별시 영등포구 대림동 662-6번지
11560,13300,0,0662,0007,,,일반건축물,단독주택,주택,0,82.47,247.41,19880921,2,1,서울특별시 영등포구 대림동 662-7번지
11560,13300,0,0662,0008,,,표제부,공동주택,공동주택(다세대주택),204.2,121.11,399.99,20021002,4,0,서울특별시 영등포구 대림동 662-8번지
11560,13300,0,0662,0009,,,일반건축물,단독주택,"근린생활시설, 주택",0,101.57,415.57,19860809,3,1,서울특별시 영등포구 대림동 662-9번지
11560,13300,0,0662,0010,,,일반건축물,단독주택,"근린생활시설, 주택",0,153,635.25,19860708,3,1,서울특별시 영등포구 대림동 662-10번지
11560,13300,0,0662,0011,해담채,,표제부,공동주택,공동주택/근생,284.9,170.63,533.01,20170705,5,0,서울특별시 영등포구 대림동 662-11번지
11560,13300,0,0662,0012,,,일반건축물,단독주택,"다가구용단독주택(4가구), 근린생활시설",0,120,400,19921113,3,1,서울특별시 영등포구 대림동 662-12번지
11560,13300,0,0662,0013,,,일반건축물,단독주택,"근린생활시설, 주택",0,114.75,459,19890419,3,1,서울특별시 영등포구 대림동 662-13번지
11560,13300,0,0662,0014,,,일반건축물,단독주택,주택,187,84.33,240.12,19851016,2,1,서울특별시 영등포구 대림동 662-14번지
11560,13300,0,0662,0015,,,일반건축물,단독주택,"근린생활시설, 주택",0,56.64,198.49,19861129,3,1,서울특별시 영등포구 대림동 662-15번지
11560,13300,0,0662,0016,,,일반건축물,단독주택,단독주택,118,70.65,199.86,20131113,3,0,서울특별시 영등포구 대림동 662-16번지
11560,13300,0,0662,0017,,,일반건축물,단독주택,주택,0,59.04,177.12,19870714,2,1,서울특별시 영등포구 대림동 662-17번지
11560,13300,0,0662,0018,,,일반건축물,단독주택,주택,0,82.47,247.41,19880923,2,1,서울특별시 영등포구 대림동 662-18번지
11560,13300,0,0663,0000,성강케렌시아,,표제부,공동주택,공동주택,289.5,156.15,577.74,20200617,6,0,서울특별시 영등포구 대림동 663번지
11560,13300,0,0663,0001,,,일반건축물,제1종근린생활시설,"근린생활시설, 주택",0,86.64,357.96,19861213,3,1,서울특별시 영등포구 대림동 663-1번지
11560,13300,0,0663,0002,,,일반건축물,단독주택,"근린생활시설, 주택",0,100.58,458.89,19881119,4,1,서울특별시 영등포구 대림동 663-2번지
11560,13300,0,0663,0003,,,일반건축물,단독주택,주택,165.9,81.75,245.25,19860526,2,1,서울특별시 영등포구 대림동 663-3번지
11560,13300,0,0663,0004,,,일반건축물,단독주택,주택,0,82.32,246.96,19880113,2,1,서울특별시 영등포구 대림동 663-4번지
11560,13300,0,0663,0005,,,일반건축물,제1종근린생활시설,"근린생활시설, 주택",0,94.95,393.24,19880929,3,1,서울특별시 영등포구 대림동 663-5번지
11560,13300,0,0663,0006,아이유하임,,표제부,공동주택,도시형생활주택(원룸형),347.3,167.44,659.8,20210825,5,0,서울특별시 영등포구 대림동 663-6번지
11560,13300,0,0663,0007,,,일반건축물,제1종근린생활시설,"근린생활시설, 주택",158.4,77.5,341.31,19860430,3,1,서울특별시 영등포구 대림동 663-7번지
11560,13300,0,0663,0008,,,일반건축물,단독주택,"근린생활시설, 다가구주택(2가구)",159.2,84.99,292.24,19970602,3,1,서울특별시 영등포구 대림동 663-8번지
11560,13300,0,0663,0009,,,일반건축물,단독주택,다가구용단독주택,188.5,112.63,307.32,19971208,2,1,서울특별시 영등포구 대림동 663-9번지
11560,13300,0,0663,0010,,,일반건축물,제1종근린생활시설,"근린생활시설, 주택",0,85.18,388.69,19871214,3,1,서울특별시 영등포구 대림동 663-10번지
11560,13300,0,0663,0011,,,일반건축물,제1종근린생활시설,"근린생활시설, 주택",0,149.46,641.3,19871214,3,1,서울특별시 영등포구 대림동 663-11번지
11560,13300,0,0663,0012,,,일반건축물,단독주택,단독주택,0,76.05,232.35,19851228,2,1,서울특별시 영등포구 대림동 663-12번지
11560,13300,0,0663,0013,대림동 663-13 도시형생활주택,,표제부,공동주택,도시형생활주택 단지형연립주택,678.7,375.3,1434.89,20210413,6,1,서울특별시 영등포구 대림동 663-13번지
11560,13300,0,0663,0014,,,일반건축물,단독주택,주택,0,109.15,327.45,19880802,2,1,서울특별시 영등포구 대림동 663-14번지
11560,13300,0,0663,0015,,,일반건축물,단독주택,주택,0,109.61,326.57,19880811,2,1,서울특별시 영등포구 대림동 663-15번지
11560,13300,0,0663,0016,,,일반건축물,제1종근린생활시설,"근린생활시설, 주택",0,105.6,422.4,19851223,3,1,서울특별시 영등포구 대림동 663-16번지
11560,13300,0,0664,0000,,,일반건축물,제1종근린생활시설,"근린생활시설, 주택",137.5,68.25,283.6,19851121,3,1,서울특별시 영등포구 대림동 664번지
11560,13300,0,0664,0001,,,일반건축물,제1종근린생활시설,"근린생활시설, 주택",0,68.08,290.72,19860620,3,1,서울특별시 영등포구 대림동 664-1번지
11560,13300,0,0664,0002,,,일반건축물,제1종근린생활시설,"근린생활시설, 주택",0,66.92,291.85,19860725,3,1,서울특별시 영등포구 대림동 664-2번지
11560,13300,0,0664,0003,,,일반건축물,단독주택,"근린생활시설, 주택",0,55.98,245.82,19871113,3,1,서울특별시 영등포구 대림동 664-3번지
11560,13300,0,0664,0004,,,표제부,공동주택,다세대주택,187.3,41.36,124.06,19860628,2,1,서울특별시 영등포구 대림동 664-4번지
11560,13300,0,0664,0004,,,표제부,공동주택,다세대주택,187.3,41.36,124.06,19860628,2,1,서울특별시 영등포구 대림동 664-4번지
11560,13300,0,0664,0005,,,일반건축물,단독주택,단독주택(다가구주택7가구),143.8,75.99,266.25,20061025,3,1,서울특별시 영등포구 대림동 664-5번지
11560,13300,0,0664,0006,,,일반건축물,단독주택,주택,0,91.71,275.13,19860731,2,1,서울특별시 영등포구 대림동 664-6번지
11560,13300,0,0664,0007,지오빌,,표제부,공동주택,다세대주택/제2종근린생활시설(사무소),337.4,168.52,581.81,20111005,5,0,서울특별시 영등포구 대림동 664-7번지
11560,13300,0,0664,0009,,,일반건축물,단독주택,"근린생활시설, 주택",214.23,107.1,462.4,19860117,3,1,서울특별시 영등포구 대림동 664-9번지
11560,13300,0,0664,0010,,,일반건축물,단독주택,주택,0,110.16,328.32,19871221,2,1,서울특별시 영등포구 대림동 664-10번지
11560,13300,0,0664,0011,삼성하이빌,,표제부,공동주택,공동주택,427.8,204.62,999.29,20160415,7,0,서울특별시 영등포구 대림동 664-11번지
11560,13300,0,0664,0013,썬그린파크,,표제부,공동주택,다세대주택 및 근린생활시설,396.5,194.65,842.19,20150527,6,0,서울특별시 영등포구 대림동 664-13번지
11560,13300,0,0664,0015,,,일반건축물,제1종근린생활시설,"근린생활시설, 주택",0,97.79,401.32,19860805,3,1,서울특별시 영등포구 대림동 664-15번지
11560,13300,0,0664,0016,,,일반건축물,제1종근린생활시설,"근린생활시설, 주택",0,116.35,475.01,19860514,4,1,서울특별시 영등포구 대림동 664-16번지
11560,13300,0,0664,0017,,,일반건축물,의료시설,의료시설(병원),754.7,372.99,3280.22,20251224,7,3,서울특별시 영등포구 대림동 664-17번지
11560,13300,0,0664,0018,,,일반건축물,위험물저장및처리시설,주유소,683.2,274.84,674.56,19930112,4,1,서울특별시 영등포구 대림동 664-18번지
11560,13300,0,0664,0018,,,일반건축물,위험물저장및처리시설,위험물저장및처리시설(주유소),0,67.2,67.2,,1,0,서울특별시 영등포구 대림동 664-18번지
11560,13300,0,0664,0019,,,일반건축물,제1종근린생활시설,화장실,212.5,3,3,19941222,1,0,서울특별시 영등포구 대림동 664-19번지
11560,13300,0,0664,0019,,,일반건축물,제1종근린생활시설,근린생활시설,212.5,115.32,115.32,19941222,1,0,서울특별시 영등포구 대림동 664-19번지
11560,13300,0,0664,0021,,,일반건축물,제1종근린생활시설,"근린생활시설, 주택",0,162.63,625.5,19860725,3,1,서울특별시 영등포구 대림동 664-21번지
11560,13300,0,0664,0022,,,일반건축물,제1종근린생활시설,"근린생활시설, 주택",333.9,195,832.76,19860414,4,1,서울특별시 영등포구 대림동 664-22번지
11560,13300,0,0665,0000,,,일반건축물,제2종근린생활시설,근린생활시설,331.4,153.96,587.75,19940622,3,1,서울특별시 영등포구 대림동 665번지
11560,13300,0,0665,0001,,,일반건축물,제1종근린생활시설,점포,0,66,82.5,19880420,1,1,서울특별시 영등포구 대림동 665-1번지
11560,13300,0,0665,0002,,,일반건축물,제1종근린생활시설,"근린생활시설, 주택",0,82.44,350.76,19860412,3,1,서울특별시 영등포구 대림동 665-2번지
11560,13300,0,0665,0003,,,일반건축물,단독주택,"근린생활시설, 다가구용주택(13세대)",0,159.42,675,19911224,3,1,서울특별시 영등포구 대림동 665-3번지
11560,13300,0,0665,0004,,,일반건축물,제2종근린생활시설,근린생활시설,348.6,170.46,855.36,19941122,5,1,서울특별시 영등포구 대림동 665-4번지
11560,13300,0,0665,0005,,,일반건축물,단독주택,"근린생활시설, 주택",494.9,53.76,161.28,19930510,2,1,서울특별시 영등포구 대림동 665-5번지
11560,13300,0,0665,0006,,,일반건축물,제1종근린생활시설,"점포, 사무실, 주택",0,195,872.17,19871222,3,1,서울특별시 영등포구 대림동 665-6번지
11560,13300,0,0665,0007,,,일반건축물,단독주택,"근린생활시설,주택",346.4,177.74,742.13,19861121,4,1,서울특별시 영등포구 대림동 665-7번지
11560,13300,0,0665,0008,더 스카이 뷰,,표제부,공동주택,(도시형생활주택-단지형다세대)및 오피스텔 / 근린생활시설,778.6,381.13,1460.77,20210506,10,1,서울특별시 영등포구 대림동 665-8번지
11560,13300,0,0665,0008,더 스카이 뷰,,표제부,공동주택,(도시형생활주택-단지형다세대)및 오피스텔 / 근린생활시설,778.6,381.13,1501.57,20210506,10,1,서울특별시 영등포구 대림동 665-8번지
11560,13300,0,0665,0009,,,일반건축물,제1종근린생활시설,"근린생활시설, 업무시설",799.9,395.28,2468.68,19911029,5,1,서울특별시 영등포구 대림동 665-9번지
11560,13300,0,0665,0010,,,일반건축물,교육연구시설,교육연구시설,662.9,322.21,3163.09,19890215,7,2,서울특별시 영등포구 대림동 665-10번지
11560,13300,0,0665,0011,,,일반건축물,종교시설,"노유자시설, 종교시설",671.6,332.05,1618.59,19870302,4,1,서울특별시 영등포구 대림동 665-11번지
11560,13300,0,0665,0012,,,일반건축물,제2종근린생활시설,제2종근린생활시설,662.8,313.15,678.08,19970725,3,0,서울특별시 영등포구 대림동 665-12번지
11560,13300,0,0665,0013,,,일반건축물,제1종근린생활시설,"근린생활시설, 주택",384.7,190.64,862.8,19940321,4,1,서울특별시 영등포구 대림동 665-13번지
11560,13300,0,0665,0014,,,일반건축물,제2종근린생활시설,근린생활시설,331.4,70.11,108.24,19981020,2,0,서울특별시 영등포구 대림동 665-14번지
11560,13300,0,0665,0014,,,일반건축물,제2종근린생활시설,제2종근린생활시설,0,65.1,65.1,20060324,1,0,서울특별시 영등포구 대림동 665-14번지
11560,13300,0,0665,0015,,,일반건축물,단독주택,주택,0,67.68,203.04,19860412,2,1,서울특별시 영등포구 대림동 665-15번지
11560,13300,0,0667,0000,,,일반건축물,제2종근린생활시설,"근린생활시설, 업무시설",0,242.12,1376,19891229,4,1,서울특별시 영등포구 대림동 667번지
11560,13300,0,0667,0001,반야빌,,표제부,공동주택,공동주택,270.8,162.35,540.07,20170424,5,0,서울특별시 영등포구 대림동 667-1번지
11560,13300,0,0667,0002,,,일반건축물,단독주택,"주택, 근린생활시설",0,125.89,345.13,19871229,2,1,서울특별시 영등포구 대림동 667-2번지
11560,13300,0,0667,0003,,,표제부,공동주택,다세대주택,0,109.16,327.48,19870611,2,1,서울특별시 영등포구 대림동 667-3번지
11560,13300,0,0667,0004,해림아트(비동),,표제부,공동주택,"공동주택, 다세대주택",270.8,160.96,578.24,20031023,5,0,서울특별시 영등포구 대림동 667-4번지
11560,13300,0,0667,0005,해림아트(에이동),,표제부,공동주택,"공동주택, 다세대주택",270.6,160.96,578.24,20031023,5,0,서울특별시 영등포구 대림동 667-5번지
11560,13300,0,0667,0006,,,일반건축물,제1종근린생활시설,"근린생활시설, 다가구용단독주택(6가구)",0,161.46,656.04,19921016,3,1,서울특별시 영등포구 대림동 667-6번지
11560,13300,0,0667,0007,,,일반건축물,제1종근린생활시설,"근린생활시설, 주택",0,160,662,19880922,3,1,서울특별시 영등포구 대림동 667-7번지
11560,13300,0,0667,0009,,,일반건축물,위험물저장및처리시설,"위험물저장처리시설, 자동차관련시설",757.2,339.43,550.82,19951207,2,1,서울특별시 영등포구 대림동 667-9번지
11560,13300,0,0667,0010,,,일반건축물,제1종근린생활시설,근린생활시설,661.8,325.89,1617.27,19940926,4,1,서울특별시 영등포구 대림동 667-10번지
11560,13300,0,0667,0011,,,일반건축물,업무시설,근린생활시설,661.8,394.82,2691.18,19951213,6,1,서울특별시 영등포구 대림동 667-11번지
11560,13300,0,0667,0012,,,일반건축물,업무시설,"근린생활시설, 업무시설",661.6,325.44,1599.84,19891117,4,1,서울특별시 영등포구 대림동 667-12번지
11560,13300,0,0667,0013,,,일반건축물,위험물저장및처리시설,위험물저장및처리시설,756.9,184.19,184.19,20180213,1,0,서울특별시 영등포구 대림동 667-13번지
11560,13300,0,0667,0013,,,일반건축물,위험물저장및처리시설,위험물저장및처리시설,756.9,24.85,62.83,20180213,2,0,서울특별시 영등포구 대림동 667-13번지
11560,13300,0,0667,0013,,,일반건축물,위험물저장및처리시설,위험물저장및처리시설,756.9,59.8,59.8,20180213,1,0,서울특별시 영등포구 대림동 667-13번지
11560,13300,0,0668,0000,,,일반건축물,제1종근린생활시설,"근린생활시설, 주택",214.9,128.87,559.72,19971208,4,1,서울특별시 영등포구 대림동 668번지
11560,13300,0,0668,0001,,,일반건축물,단독주택,다중주택,158.9,93.55,299.78,20140822,3,1,서울특별시 영등포구 대림동 668-1번지
11560,13300,0,0668,0002,,,일반건축물,단독주택,다가구용단독주택,146.3,87.7,328.38,19930602,3,1,서울특별시 영등포구 대림동 668-2번지
11560,13300,0,0668,0003,,,일반건축물,제1종근린생활시설,근린생활시설,147.5,84.24,168.48,19940816,2,0,서울특별시 영등포구 대림동 668-3번지
11560,13300,0,0668,0004,,,일반건축물,제1종근린생활시설,"근린생활시설, 주택",0,67.44,301.9,19871127,3,1,서울특별시 영등포구 대림동 668-4번지
11560,13300,0,0668,0005,,,일반건축물,제1종근린생활시설,"근린생활시설, 주택",0,67.5,275.75,19881201,3,1,서울특별시 영등포구 대림동 668-5번지
11560,13300,0,0668,0006,,,일반건축물,단독주택,다세대주택,131,64.96,191.48,19851125,2,1,서울특별시 영등포구 대림동 668-6번지
11560,13300,0,0668,0007,,,일반건축물,단독주택,다세대주택,0,64.74,208.5,19860519,2,1,서울특별시 영등포구 대림동 668-7번지
11560,13300,0,0668,0008,,,일반건축물,단독주택,주택,0,66.43,199.29,19850827,2,1,서울특별시 영등포구 대림동 668-8번지
11560,13300,0,0668,0009,,,일반건축물,단독주택,다세대주택,122.6,60.6,183.88,19851108,2,1,서울특별시 영등포구 대림동 668-9번지
11560,13300,0,0668,0010,,,일반건축물,제1종근린생활시설,"근린생활시설, 주택",122.2,60.93,257.76,19930223,3,1,서울특별시 영등포구 대림동 668-10번지
11560,13300,0,0668,0011,,,일반건축물,단독주택,주택,142.2,69.66,229.05,19851011,2,1,서울특별시 영등포구 대림동 668-11번지
11560,13300,0,0668,0012,,,일반건축물,의료시설,의료시설,720.8,432.16,3717.213,19990106,7,2,서울특별시 영등포구 대림동 668-12번지
11560,13300,0,0668,0013,,,일반건축물,제2종근린생활시설,"업무시설, 근린생활시설",0,327.87,1674.39,19921211,4,1,서울특별시 영등포구 대림동 668-13번지
11560,13300,0,0670,0000,,,일반건축물,제2종근린생활시설,근린생활시설,403.5,200.19,999.87,19891229,4,1,서울특별시 영등포구 대림동 670번지
11560,13300,0,0670,0001,,,일반건축물,교육연구시설,근린생활시설,0,200.73,998.25,19900117,4,1,서울특별시 영등포구 대림동 670-1번지
11560,13300,0,0670,0002,,,일반건축물,제1종근린생활시설,근린생활시설,0,200.26,1001.3,19900117,4,1,서울특별시 영등포구 대림동 670-2번지
11560,13300,0,0671,0000,,,일반건축물,제2종근린생활시설,근린생활시설 및 단독주택,130.1,69.72,327.45,19851022,4,1,서울특별시 영등포구 대림동 671번지
11560,13300,0,0671,0001,,,일반건축물,제1종근린생활시설,"근린생활시설, 다가구주택(3가구)",138.1,66.42,301.24,19851106,4,1,서울특별시 영등포구 대림동 671-1번지
11560,13300,0,0671,0002,,,일반건축물,제1종근린생활시설,"근린생활시설, 주택",0,70.98,372.9,19891204,4,1,서울특별시 영등포구 대림동 671-2번지
11560,13300,0,0671,0003,.,,일반건축물,단독주택,다가구주택,147.6,73.71,385.65,19901126,4,1,서울특별시 영등포구 대림동 671-3번지
11560,13300,0,0671,0004,,,일반건축물,단독주택,"근린생활시설, 다가구주택",115.6,69.3,316.87,19920217,4,1,서울특별시 영등포구 대림동 671-4번지
11560,13300,0,0671,0005,,,일반건축물,제1종근린생활시설,"근린생활시설, 주택",0,72,312.05,19880922,3,1,서울특별시 영등포구 대림동 671-5번지
11560,13300,0,0671,0006,,,일반건축물,단독주택,"근린생활시설, 주택",0,66.48,303.39,19881017,4,1,서울특별시 영등포구 대림동 671-6번지
11560,13300,0,0671,0007,,,일반건축물,단독주택,주택,0,72.24,216.72,19870513,2,1,서울특별시 영등포구 대림동 671-7번지
11560,13300,0,0671,0008,,,일반건축물,단독주택,주택,0,72.42,217.26,19890926,2,1,서울특별시 영등포구 대림동 671-8번지
11560,13300,0,0671,0009,,,일반건축물,단독주택,주택,0,71.88,215.64,19881019,2,1,서울특별시 영등포구 대림동 671-9번지
11560,13300,0,0671,0010,,,일반건축물,단독주택,주택,0,66.48,199.44,19850812,2,1,서울특별시 영등포구 대림동 671-10번지
11560,13300,0,0672,0000,,,일반건축물,단독주택,단독주택,142.8,85.5,299.76,20170116,3,1,서울특별시 영등포구 대림동 672번지
11560,13300,0,0672,0001,,,일반건축물,단독주택,다가구주택(4가구),133.9,66.54,222.66,19880119,3,1,서울특별시 영등포구 대림동 672-1번지
11560,13300,0,0672,0002,,,일반건축물,단독주택,"다가구주택(3가구), 대피소",144.1,71.52,232.41,19871218,3,1,서울특별시 영등포구 대림동 672-2번지
11560,13300,0,0672,0003,,,일반건축물,제1종근린생활시설,"근린생활시설, 주택",0,71.89,303.94,19870918,3,1,서울특별시 영등포구 대림동 672-3번지
11560,13300,0,0672,0004,,,일반건축물,단독주택,"근린생활시설, 주택",168.3,88.28,370.7,19891213,4,1,서울특별시 영등포구 대림동 672-4번지
11560,13300,0,0672,0005,,,일반건축물,제1종근린생활시설,"근린생활시설, 주택",182.4,90.4,469.93,19901110,4,1,서울특별시 영등포구 대림동 672-5번지
11560,13300,0,0672,0006,,,일반건축물,제1종근린생활시설,"근린생활시설, 주택",0,111.72,575,19901105,4,1,서울특별시 영등포구 대림동 672-6번지
11560,13300,0,0672,0007,,,일반건축물,제1종근린생활시설,"근린생활시설, 주택",0,63,289.52,19901224,4,1,서울특별시 영등포구 대림동 672-7번지
11560,13300,0,0672,0009,,,일반건축물,제1종근린생활시설,근린생활시설,244.6,118.3,652.4,19900924,4,1,서울특별시 영등포구 대림동 672-9번지
11560,13300,0,0672,0010,,,일반건축물,제1종근린생활시설,"근린생활시설, 주택",0,122.1,651.6,19920615,4,1,서울특별시 영등포구 대림동 672-10번지
11560,13300,0,0673,0000,신풍프라자,,표제부,판매시설,판매시설(소매시장),2306.6,1367,10500.7,20080321,4,3,서울특별시 영등포구 대림동 673번지
11560,13300,0,0674,0001,,,일반건축물,제1종근린생활시설,"근린생활시설, 주택",0,54.85,242.5,19850521,3,1,서울특별시 영등포구 대림동 674-1번지
11560,13300,0,0674,0002,,,일반건축물,단독주택,"근린생활시설, 주택(2가구)",101.3,59.84,179.52,19931018,3,0,서울특별시 영등포구 대림동 674-2번지
11560,13300,0,0674,0003,,,일반건축물,단독주택,주택,0,48,144,19881208,2,1,서울특별시 영등포구 대림동 674-3번지
11560,13300,0,0674,0004,,,일반건축물,단독주택,"근린생활시설, 주택",0,134.91,377.82,19880210,2,1,서울특별시 영등포구 대림동 674-4번지
11560,13300,0,0674,0005,,,일반건축물,단독주택,주택,0,49.98,156.59,19850731,2,1,서울특별시 영등포구 대림동 674-5번지
11560,13300,0,0674,0006,,,일반건축물,단독주택,주택,0,49.48,148.44,19861103,2,1,서울특별시 영등포구 대림동 674-6번지
11560,13300,0,0674,0007,,,일반건축물,단독주택,"근린생활시설, 다가구용단독주택(3가구)",98.2,61.54,229.35,20020225,4,0,서울특별시 영등포구 대림동 674-7번지
11560,13300,0,0675,0000,,,일반건축물,제2종근린생활시설,근린생활시설,0,100.92,425.43,19840710,3,1,서울특별시 영등포구 대림동 675번지
11560,13300,0,0675,0001,,,일반건축물,단독주택,주택 및 근린생활시설,0,49.14,143.46,19841008,3,1,서울특별시 영등포구 대림동 675-1번지
11560,13300,0,0675,0002,,,일반건축물,단독주택,주택,0,49.84,149.52,19841005,2,1,서울특별시 영등포구 대림동 675-2번지
11560,13300,0,0675,0003,,,일반건축물,단독주택,주택,0,49.5,154.32,19841205,2,1,서울특별시 영등포구 대림동 675-3번지
11560,13300,0,0675,0004,,,일반건축물,단독주택,주택,0,48.15,144.45,19871231,2,1,서울특별시 영등포구 대림동 675-4번지
11560,13300,0,0675,0005,,,일반건축물,제1종근린생활시설,"근린생활시설, 주택",0,91.74,467.94,19900131,4,1,서울특별시 영등포구 대림동 675-5번지
11560,13300,0,0675,0006,,,일반건축물,단독주택,"근린생활시설, 주택",0,48.84,208.68,19850625,3,1,서울특별시 영등포구 대림동 675-6번지
11560,13300,0,0675,0007,,,일반건축물,단독주택,"근린생활시설, 주택",0,49.5,212.22,19840919,4,1,서울특별시 영등포구 대림동 675-7번지
11560,13300,0,0676,0000,,,표제부,공동주택,다세대주택,150.6,100.06,354.86,20021007,4,0,서울특별시 영등포구 대림동 676번지
11560,13300,0,0676,0001,,,일반건축물,제1종근린생활시설,"근린생활시설, 주택",0,85.05,340.2,19851018,3,1,서울특별시 영등포구 대림동 676-1번지
11560,13300,0,0676,0002,,,일반건축물,단독주택,"주택, 지하실",0,67.18,204.2,19850627,2,1,서울특별시 영등포구 대림동 676-2번지
11560,13300,0,0676,0003,,,일반건축물,제2종근린생활시설,"근린생활시설,주택",133.2,66.64,366.44,19850318,4,1,서울특별시 영등포구 대림동 676-3번지
11560,13300,0,0676,0004,,,일반건축물,제1종근린생활시설,"근린생활시설, 주택",0,52.5,229.59,19851105,3,1,서울특별시 영등포구 대림동 676-4번지
11560,13300,0,0676,0005,,,일반건축물,단독주택,"근린생활시설, 주택",0,49.14,196.56,19840926,3,1,서울특별시 영등포구 대림동 676-5번지
11560,13300,0,0676,0006,,,일반건축물,제1종근린생활시설,"근린생활시설, 주택",0,49.2,190.24,19881024,3,1,서울특별시 영등포구 대림동 676-6번지
11560,13300,0,0676,0007,,,일반건축물,제1종근린생활시설,"근린생활시설, 주택",0,49.28,210.9,19921224,3,1,서울특별시 영등포구 대림동 676-7번지
11560,13300,0,0676,0008,,,일반건축물,단독주택,"근린생활시설, 주택",0,49.5,201.75,19840928,3,1,서울특별시 영등포구 대림동 676-8번지
11560,13300,0,0676,0009,,,일반건축물,제1종근린생활시설,"근린생활시설, 주택",0,49.12,165.97,19841006,2,1,서울특별시 영등포구 대림동 676-9번지
11560,13300,0,0676,0010,,,일반건축물,단독주택,주택,0,66.54,199.62,19860721,2,1,서울특별시 영등포구 대림동 676-10번지
11560,13300,0,0676,0011,,,일반건축물,단독주택,주택,0,49.01,147.03,19880423,2,1,서울특별시 영등포구 대림동 676-11번지
11560,13300,0,0676,0012,,,일반건축물,단독주택,"근린생활시설, 주택",0,49.4,148.72,19850305,2,1,서울특별시 영등포구 대림동 676-12번지
11560,13300,0,0676,0013,,,일반건축물,단독주택,주택,99.2,49.35,147.32,19850916,2,1,서울특별시 영등포구 대림동 676-13번지
11560,13300,0,0676,0014,,,일반건축물,단독주택,주택,0,45.42,136.26,19840822,2,1,서울특별시 영등포구 대림동 676-14번지
11560,13300,0,0676,0015,,,일반건축물,제1종근린생활시설,"근린생활시설, 주택",99.2,67.98,285.31,19841208,3,1,서울특별시 영등포구 대림동 676-15번지
11560,13300,0,0676,0016,,,일반건축물,단독주택,주택,0,86.28,248.44,19870519,2,1,서울특별시 영등포구 대림동 676-16번지
11560,13300,0,0676,0017,세종빌리지E동,,표제부,공동주택,공동주택(다세대주택),191.8,114.46,383.1,20070124,5,0,서울특별시 영등포구 대림동 676-17번지
11560,13300,0,0676,0019,세종빌리지,,표제부,공동주택,공동주택,203.1,120.53,403.42,20041207,5,0,서울특별시 영등포구 대림동 676-19번지
11560,13300,0,0676,0021,세종빌리지 C동,,표제부,공동주택,공동주택(다세대주택),191.6,113.1,382.73,20061115,5,0,서울특별시 영등포구 대림동 676-21번지
11560,13300,0,0676,0023,,,일반건축물,단독주택,주택,0,53.52,169.92,19880323,2,1,서울특별시 영등포구 대림동 676-23번지
11560,13300,0,0676,0024,,,일반건축물,단독주택,단독주택,104.5,61.77,199.65,20140520,3,1,서울특별시 영등포구 대림동 676-24번지
11560,13300,0,0676,0025,세종빌리지,,표제부,공동주택,다세대주택,207.6,123.24,411.18,20050530,4,0,서울특별시 영등포구 대림동 676-25번지
11560,13300,0,0676,0027,세종빌리지,,표제부,공동주택,다세대주택,206.1,123.24,409.23,20050530,4,0,서울특별시 영등포구 대림동 676-27번지
11560,13300,0,0676,0029,,,일반건축물,단독주택,단독주택,146.8,87.42,299.76,20170925,3,1,서울특별시 영등포구 대림동 676-29번지
11560,13300,0,0677,0000,,,일반건축물,단독주택,"근린생활시설, 주택",0,52.3,204.16,19870624,3,1,서울특별시 영등포구 대림동 677번지
11560,13300,0,0677,0001,골든디자인하우스,,표제부,공동주택,공동주택,260.8,156.36,548.66,20120504,5,0,서울특별시 영등포구 대림동 677-1번지
11560,13300,0,0677,0002,,,일반건축물,단독주택,"근린생활시설, 주택",0,75.6,358.2,19901220,4,1,서울특별시 영등포구 대림동 677-2번지
11560,13300,0,0677,0003,,,일반건축물,제1종근린생활시설,"근린생활시설, 주택",553.1,264.4,1242.43,19921105,4,1,서울특별시 영등포구 대림동 677-3번지
11560,13300,0,0677,0007,,,일반건축물,제1종근린생활시설,"근린생활시설, 주택",0,72,296.1,19841124,3,1,서울특별시 영등포구 대림동 677-7번지
11560,13300,0,0677,0008,,,표제부,공동주택,공동주택,202.5,120.91,388.54,20120501,4,0,서울특별시 영등포구 대림동 677-8번지
11560,13300,0,0677,0009,,,일반건축물,제1종근린생활시설,"근린생활시설, 주택",0,85.14,255.42,19850905,2,1,서울특별시 영등포구 대림동 677-9번지
11560,13300,0,0677,0010,,,일반건축물,단독주택,주택,105.2,52.53,157.59,19861028,2,1,서울특별시 영등포구 대림동 677-10번지
11560,13300,0,0678,0000,,,일반건축물,제1종근린생활시설,"근린생활시설, 주택",0,46.15,194.68,19871019,3,1,서울특별시 영등포구 대림동 678번지
11560,13300,0,0678,0001,현대디자인하우스,,표제부,공동주택,공동주택,201.1,120.39,401.48,20110615,5,0,서울특별시 영등포구 대림동 678-1번지
11560,13300,0,0678,0003,세종빌리지,,표제부,공동주택,"공동주택,다세대주택",198.4,118.34,439.22,20031204,5,0,서울특별시 영등포구 대림동 678-3번지
11560,13300,0,0678,0004,라솔,,일반건축물,단독주택,"단독(다중)주택,근린생활시설",172.7,103.38,418.17,20201016,4,1,서울특별시 영등포구 대림동 678-4번지
11560,13300,0,0678,0005,,,일반건축물,제1종근린생활시설,"근린생활시설, 주택",108.6,64.5,297.05,19960115,4,1,서울특별시 영등포구 대림동 678-5번지
11560,13300,0,0678,0006,제일펠리스,,표제부,공동주택,다세대주택,221.1,120.3,441.56,20051220,5,0,서울특별시 영등포구 대림동 678-6번지
11560,13300,0,0678,0008,우영채움빌(2동),,표제부,공동주택,공동주택(다세대주택),221.4,132.145,423.36,20150327,5,0,서울특별시 영등포구 대림동 678-8번지
11560,13300,0,0678,0009,우영채움빌(101동),,표제부,공동주택,공동주택,220.2,132.01,424.78,20150417,5,0,서울특별시 영등포구 대림동 678-9번지
11560,13300,0,0678,0010,,,일반건축물,단독주택,"근린생활시설, 주택",0,55.32,195.36,19861121,3,1,서울특별시 영등포구 대림동 678-10번지
11560,13300,0,0678,0011,,,일반건축물,제2종근린생활시설,제2종근린생활시설,111.4,55.65,166.95,19851122,2,1,서울특별시 영등포구 대림동 678-11번지
11560,13300,0,0678,0014,더스테이,,일반건축물,단독주택,단독주택,108.7,64.99,199.79,20171018,3,1,서울특별시 영등포구 대림동 678-14번지
11560,13300,0,0678,0015,,,일반건축물,단독주택,주택,0,54.81,168.63,19850122,2,1,서울특별시 영등포구 대림동 678-15번지
11560,13300,0,0678,0016,,,일반건축물,단독주택,단독(다중)주택,110,65.96,199.97,20200429,3,1,서울특별시 영등포구 대림동 678-16번지
11560,13300,0,0678,0018,,,일반건축물,단독주택,단독주택,0,50.22,152.46,19900918,2,1,서울특별시 영등포구 대림동 678-18번지
11560,13300,0,0679,0000,,,일반건축물,단독주택,주택,0,23.14,23.14,,1,0,서울특별시 영등포구 대림동 679번지
11560,13300,0,0679,0000,,,표제부,공동주택,다세대주택,0,60.75,243.75,19870611,3,1,서울특별시 영등포구 대림동 679번지
11560,13300,0,0679,0001,,,표제부,공동주택,다세대주택,0,61.29,245.91,19870611,3,1,서울특별시 영등포구 대림동 679-1번지
11560,13300,0,0679,0002,,,표제부,공동주택,다세대주택,0,59.9,240.56,19870611,3,1,서울특별시 영등포구 대림동 679-2번지
11560,13300,0,0679,0003,,,표제부,공동주택,다세대주택,0,61.29,245.91,19870611,3,1,서울특별시 영등포구 대림동 679-3번지
11560,13300,0,0679,0004,,,표제부,공동주택,다세대주택,0,60.36,242.4,19870611,3,1,서울특별시 영등포구 대림동 679-4번지
11560,13300,0,0679,0005,,,표제부,공동주택,다세대주택,0,60.75,243.75,19870611,3,1,서울특별시 영등포구 대림동 679-5번지
11560,13300,0,0679,0006,,,표제부,공동주택,다세대주택,0,61.3,245.86,19870611,3,1,서울특별시 영등포구 대림동 679-6번지
11560,13300,0,0679,0007,,,표제부,공동주택,다세대주택,0,61.62,246.78,19870611,3,1,서울특별시 영등포구 대림동 679-7번지
11560,13300,0,0679,0008,,,일반건축물,제1종근린생활시설,"주택, 근린생활시설",0,96.42,413.55,19870623,3,1,서울특별시 영등포구 대림동 679-8번지
11560,13300,0,0679,0009,,,일반건축물,단독주택,"근린생활시설, 주택",195.1,105.26,443.19,19861204,4,1,서울특별시 영등포구 대림동 679-9번지
11560,13300,0,0679,0010,,,표제부,공동주택,다세대주택,0,60.93,183.6,19870611,2,1,서울특별시 영등포구 대림동 679-10번지
11560,13300,0,0679,0011,,,표제부,공동주택,다세대주택,0,61.18,184.14,19870611,2,1,서울특별시 영등포구 대림동 679-11번지
11560,13300,0,0679,0012,,,일반건축물,단독주택,"다가구주택, 근린생활시설",162.1,65.76,226.05,19870611,3,1,서울특별시 영등포구 대림동 679-12번지
11560,13300,0,0680,0000,,,일반건축물,제1종근린생활시설,"근린생활시설, 주택",0,159.42,694.35,19860807,3,1,서울특별시 영등포구 대림동 680번지
11560,13300,0,0680,0001,,,일반건축물,제2종근린생활시설,"근린생활시설, 주택",0,163.8,946.32,19900917,5,1,서울특별시 영등포구 대림동 680-1번지
11560,13300,0,0680,0002,드림하우스2,,표제부,공동주택,공동주택,341.7,204.28,659.94,20161018,5,0,서울특별시 영등포구 대림동 680-2번지
11560,13300,0,0680,0003,민하우스2,,표제부,공동주택,다세대주택,286.6,171.47,573.1,20230203,5,0,서울특별시 영등포구 대림동 680-3번지
11560,13300,0,0680,0004,현대하이파크빌2,,표제부,공동주택,다세대주택12세대,372.5,219.54,706.11,20150812,5,0,서울특별시 영등포구 대림동 680-4번지
11560,13300,0,0680,0005,,,일반건축물,제1종근린생활시설,"근린생활시설, 주택",0,134.52,554.88,19880414,3,1,서울특별시 영등포구 대림동 680-5번지
11560,13300,0,0680,0006,SKE캐슬,,표제부,공동주택,공동주택[도시형생활주택(단지형다세대)],371.2,221.66,833.86,20190429,5,0,서울특별시 영등포구 대림동 680-6번지
11560,13300,0,0680,0007,파크에비뉴301,,표제부,공동주택,공동주택,256.9,143.48,509.88,20220421,6,0,서울특별시 영등포구 대림동 680-7번지
11560,13300,0,0680,0008,쌍용프라임 B,,표제부,공동주택,다세대주택,438.1,227.91,659.21,20140414,5,0,서울특별시 영등포구 대림동 680-8번지
11560,13300,0,0680,0010,,,일반건축물,단독주택,주택,0,102.24,301.11,19870618,2,1,서울특별시 영등포구 대림동 680-10번지
11560,13300,0,0680,0011,쌍용프라임 A,,표제부,공동주택,다세대주택,438,227.91,659.21,20140411,5,0,서울특별시 영등포구 대림동 680-11번지
11560,13300,0,0680,0013,,,표제부,공동주택,다세대주택,0,82.5,330,19901102,3,1,서울특별시 영등포구 대림동 680-13번지
11560,13300,0,0680,0014,,,일반건축물,제1종근린생활시설,"근린생활시설, 주택",0,122.33,489.32,19870811,3,1,서울특별시 영등포구 대림동 680-14번지
11560,13300,0,0681,0000,KM빌딩,,일반건축물,제1종근린생활시설,의원,661.8,395.62,2175.58,20010518,6,1,서울특별시 영등포구 대림동 681번지
11560,13300,0,0681,0001,에이동,,일반건축물,제1종근린생활시설,근린생활시설,0,183,401.1,19890201,2,1,서울특별시 영등포구 대림동 681-1번지
11560,13300,0,0681,0001,비동,,일반건축물,제1종근린생활시설,창고시설,0,239.59,239.59,19990915,1,0,서울특별시 영등포구 대림동 681-1번지
11560,13300,0,0681,0002,대림동S빌딩,,일반건축물,제2종근린생활시설,제2종근린생활시설,335.9,167.2,345.2,20080605,3,0,서울특별시 영등포구 대림동 681-2번지
11560,13300,0,0681,0003,,,일반건축물,제1종근린생활시설,"근린생활시설,제1종근린생활시설,창고",671.4,173.16,524.08,19890704,2,1,서울특별시 영등포구 대림동 681-3번지
11560,13300,0,0681,0004,,,일반건축물,제1종근린생활시설,근린생활시설,666.7,187,489.6,19940307,2,1,서울특별시 영등포구 대림동 681-4번지
11560,13300,0,0681,0006,,,일반건축물,제1종근린생활시설,"근린생활시설, 주택",0,189.32,999.14,19890828,4,1,서울특별시 영등포구 대림동 681-6번지
11560,13300,0,0681,0007,,,일반건축물,제1종근린생활시설,"근린생활시설, 주택",0,133.21,677.19,19881214,4,1,서울특별시 영등포구 대림동 681-7번지
11560,13300,0,0681,0008,,,일반건축물,제1종근린생활시설,"근린생활시설, 주택",0,152.25,742.11,19881212,4,1,서울특별시 영등포구 대림동 681-8번지
11560,13300,0,0681,0011,,,일반건축물,단독주택,주택,0,109.5,328.5,19880423,2,1,서울특별시 영등포구 대림동 681-11번지
11560,13300,0,0681,0012,,,일반건축물,제1종근린생활시설,"근린생활시설, 주택",0,130.4,560.21,19860801,3,1,서울특별시 영등포구 대림동 681-12번지
11560,13300,0,0681,0013,,,일반건축물,제1종근린생활시설,"근린생활시설, 주택",0,151.38,640.32,19870916,3,1,서울특별시 영등포구 대림동 681-13번지
11560,13300,0,0682,0000,홍진빌딩,,표제부,업무시설,오피스텔/연립주택/제2종근린생활시설,666.4,333.1,2625.02,20131227,7,2,서울특별시 영등포구 대림동 682번지
11560,13300,0,0682,0001,기영유통빌딩,,일반건축물,제2종근린생활시설,근린생활시설,882.3,315.9,1613.68,19870518,4,1,서울특별시 영등포구 대림동 682-1번지
11560,13300,0,0682,0002,,,일반건축물,제2종근린생활시설,"근린생활시설, 업무시설",1323.8,654,5909.71,19890705,7,2,서울특별시 영등포구 대림동 682-2번지
11560,13300,0,0682,0004,,,일반건축물,제1종근린생활시설,근린생활시설,220.6,123.05,435.88,19860628,3,1,서울특별시 영등포구 대림동 682-4번지
11560,13300,0,0682,0005,,,일반건축물,제1종근린생활시설,"근린생활시설, 주택",0,108.5,418.5,19870121,3,1,서울특별시 영등포구 대림동 682-5번지
11560,13300,0,0682,0006,,,일반건축물,제1종근린생활시설,"근린생활시설, 주택",0,110.16,440.64,19871023,3,1,서울특별시 영등포구 대림동 682-6번지
11560,13300,0,0682,0007,,,일반건축물,제1종근린생활시설,"근린생활시설, 주택",0,109.9,449.68,19870916,3,1,서울특별시 영등포구 대림동 682-7번지
11560,13300,0,0682,0008,,,일반건축물,제1종근린생활시설,"근린생활시설, 주택",0,110.22,494.61,19900220,4,1,서울특별시 영등포구 대림동 682-8번지
11560,13300,0,0682,0010,,,표제부,공동주택,다세대주택,0,109.75,329.25,19860722,2,1,서울특별시 영등포구 대림동 682-10번지
11560,13300,0,0682,0011,,,일반건축물,제1종근린생활시설,"근린생활시설, 주택",0,107.58,478.03,19880823,3,1,서울특별시 영등포구 대림동 682-11번지
11560,13300,0,0682,0012,,,일반건축물,제1종근린생활시설,"근린생활시설, 주택",0,110.16,465.12,19880817,3,1,서울특별시 영등포구 대림동 682-12번지
11560,13300,0,0682,0013,,,일반건축물,제1종근린생활시설,"근린생활시설, 주택",220.7,108.29,542.1,19861129,5,1,서울특별시 영등포구 대림동 682-13번지
11560,13300,0,0682,0014,,,일반건축물,제2종근린생활시설,"업무시설, 근린생활시설",0,325.93,1742.34,19891117,4,1,서울특별시 영등포구 대림동 682-14번지
11560,13300,0,0683,0000,,,일반건축물,제1종근린생활시설,"근린생활시설, 주택",0,99.06,419,19850302,3,1,서울특별시 영등포구 대림동 683번지
11560,13300,0,0683,0002,,,일반건축물,단독주택,"근린생활시설, 주택",99.18,49.58,198.32,19860114,3,1,서울특별시 영등포구 대림동 683-2번지
11560,13300,0,0683,0003,,,일반건축물,단독주택,"근린생활시설, 주택",0,48,188,19860705,3,1,서울특별시 영등포구 대림동 683-3번지
11560,13300,0,0683,0004,,,일반건축물,단독주택,"근린생활시설, 주택",99.3,49.5,195,19850715,3,1,서울특별시 영등포구 대림동 683-4번지
11560,13300,0,0683,0005,,,일반건축물,단독주택,"주택, 근린생활시설",99.3,48.18,190.53,19841201,3,1,서울특별시 영등포구 대림동 683-5번지
11560,13300,0,0683,0006,,,일반건축물,단독주택,"근린생활시설, 주택",0,69.12,301.68,19861022,3,1,서울특별시 영등포구 대림동 683-6번지
11560,13300,0,0683,0007,,,일반건축물,제1종근린생활시설,"근린생활시설, 주택",0,60.72,264.06,19861022,3,1,서울특별시 영등포구 대림동 683-7번지
11560,13300,0,0683,0008,,,일반건축물,단독주택,"근린생활시설, 주택",0,49.5,198,19870110,3,1,서울특별시 영등포구 대림동 683-8번지
11560,13300,0,0683,0009,,,일반건축물,단독주택,"근린생활시설, 주택",0,49.14,196.56,19871105,3,1,서울특별시 영등포구 대림동 683-9번지
11560,13300,0,0683,0010,,,일반건축물,단독주택,"근린생활시설, 다가구주택",93.6,63.78,197.8,19841207,3,1,서울특별시 영등포구 대림동 683-10번지
11560,13300,0,0683,0011,,,일반건축물,단독주택,주택,0,46.35,147.99,19861105,2,1,서울특별시 영등포구 대림동 683-11번지
11560,13300,0,0683,0012,,,일반건축물,단독주택,주택,0,47.94,147.67,19871002,2,1,서울특별시 영등포구 대림동 683-12번지
11560,13300,0,0683,0013,,,일반건축물,단독주택,주택,0,49.46,147.65,19850807,2,1,서울특별시 영등포구 대림동 683-13번지
11560,13300,0,0683,0014,,,일반건축물,단독주택,주택,107.4,53.38,164.33,19850913,2,1,서울특별시 영등포구 대림동 683-14번지
11560,13300,0,0683,0015,,,일반건축물,단독주택,주택,130.59,65.1,205.31,19851011,2,1,서울특별시 영등포구 대림동 683-15번지
11560,13300,0,0683,0016,,,일반건축물,단독주택,주택,0,49.38,155.72,19850902,2,1,서울특별시 영등포구 대림동 683-16번지
11560,13300,0,0683,0017,,,일반건축물,단독주택,주택,0,49.46,149.58,19870916,2,1,서울특별시 영등포구 대림동 683-17번지
11560,13300,0,0683,0018,,,일반건축물,단독주택,주택,0,48.94,146.82,19850718,2,1,서울특별시 영등포구 대림동 683-18번지
11560,13300,0,0683,0019,,,일반건축물,단독주택,주택,99.3,49.6,148.8,19850914,2,1,서울특별시 영등포구 대림동 683-19번지
11560,13300,0,0683,0020,,,일반건축물,단독주택,단독주택,99.6,59.73,157,20170113,4,0,서울특별시 영등포구 대림동 683-20번지
11560,13300,0,0683,0021,,,일반건축물,제1종근린생활시설,"근린생활시설, 주택",0,49.64,197.88,19841212,3,1,서울특별시 영등포구 대림동 683-21번지
11560,13300,0,0684,0000,다청림,,표제부,공동주택,다세대주택,196.8,117.82,393.5,20130515,5,0,서울특별시 영등포구 대림동 684번지
11560,13300,0,0684,0002,,,일반건축물,단독주택,주택,0,49.32,150.96,19850912,2,1,서울특별시 영등포구 대림동 684-2번지
11560,13300,0,0684,0003,,,표제부,공동주택,공동주택,196.4,116.64,392.72,20121227,5,0,서울특별시 영등포구 대림동 684-3번지
11560,13300,0,0684,0004,,,일반건축물,단독주택,주택,0,48.61,147.75,19871105,2,1,서울특별시 영등포구 대림동 684-4번지
11560,13300,0,0684,0005,,,일반건축물,단독주택,주택,0,49.38,155.72,19850902,2,1,서울특별시 영등포구 대림동 684-5번지
11560,13300,0,0684,0006,,,일반건축물,단독주택,주택,134.2,66.4,214.19,19851109,2,1,서울특별시 영등포구 대림동 684-6번지
11560,13300,0,0684,0007,트윈클빌,,표제부,공동주택,다세대주택(8세대),197.8,118.2,392.92,20230705,5,0,서울특별시 영등포구 대림동 684-7번지
11560,13300,0,0684,0009,,,일반건축물,단독주택,주택,0,48.36,154.44,19850809,2,1,서울특별시 영등포구 대림동 684-9번지
11560,13300,0,0684,0011,,,일반건축물,단독주택,주택,0,73.44,220.32,19880215,2,1,서울특별시 영등포구 대림동 684-11번지
11560,13300,0,0684,0012,,,일반건축물,제1종근린생활시설,"근린생활시설, 주택",0,70.53,363.79,19880915,4,1,서울특별시 영등포구 대림동 684-12번지
11560,13300,0,0684,0013,,,일반건축물,단독주택,"근린생활시설, 주택",0,52.65,210.9,19870701,3,1,서울특별시 영등포구 대림동 684-13번지
11560,13300,0,0684,0014,,,일반건축물,제1종근린생활시설,"근린생활시설, 주택",0,71.7,307.65,19851226,3,1,서울특별시 영등포구 대림동 684-14번지
11560,13300,0,0684,0016,,,일반건축물,단독주택,주택,122.18,60.6,180.68,19850920,2,1,서울특별시 영등포구 대림동 684-16번지
11560,13300,0,0684,0017,,,일반건축물,단독주택,주택,0,55.68,167.04,19880215,2,1,서울특별시 영등포구 대림동 684-17번지
11560,13300,0,0684,0018,,,일반건축물,단독주택,"근린생활시설, 주택",102.5,52.2,228.03,19850829,4,1,서울특별시 영등포구 대림동 684-18번지
11560,13300,0,0684,0019,,,일반건축물,제1종근린생활시설,"근린생활시설, 주택",0,90.4,342.98,19870821,3,1,서울특별시 영등포구 대림동 684-19번지
11560,13300,0,0684,0020,베스트하우스,,표제부,공동주택,공동주택,428.8,223.95,724.48,20160311,5,0,서울특별시 영등포구 대림동 684-20번지
11560,13300,0,0684,0022,,,일반건축물,단독주택,주택,0,49.17,147.51,19870711,2,1,서울특별시 영등포구 대림동 684-22번지
11560,13300,0,0684,0023,,,일반건축물,단독주택,주택(4가구),97.3,51.36,177.8,19861120,3,1,서울특별시 영등포구 대림동 684-23번지
11560,13300,0,0684,0024,,,일반건축물,단독주택,다중주택,103.7,62.04,199.55,20211215,3,1,서울특별시 영등포구 대림동 684-24번지
11560,13300,0,0684,0025,,,일반건축물,단독주택,주택,0,54.25,162.73,19870807,2,1,서울특별시 영등포구 대림동 684-25번지
11560,13300,0,0684,0026,,,일반건축물,단독주택,주택,0,49.16,147.48,19861103,2,1,서울특별시 영등포구 대림동 684-26번지
11560,13300,0,0684,0027,,,일반건축물,단독주택,주택,0,48.92,146.76,19850823,2,1,서울특별시 영등포구 대림동 684-27번지
11560,13300,0,0684,0029,,,일반건축물,제1종근린생활시설,"근린생활시설, 주택",99.3,47.2,188.8,19860125,3,1,서울특별시 영등포구 대림동 684-29번지
11560,13300,0,0684,0030,,,일반건축물,단독주택,"근린생활시설, 주택",0,99,396,19860604,3,1,서울특별시 영등포구 대림동 684-30번지
11560,13300,0,0685,0000,,,표제부,공동주택,다세대주택,0,83.12,249.36,19861208,2,1,서울특별시 영등포구 대림동 685번지
11560,13300,0,0685,0001,,,일반건축물,단독주택,"근린생활시설, 주택",0,85.98,362.82,19870831,3,1,서울특별시 영등포구 대림동 685-1번지
11560,13300,0,0685,0002,,,일반건축물,단독주택,"근린생활시설, 주택",0,104.96,429.68,19861220,3,1,서울특별시 영등포구 대림동 685-2번지
11560,13300,0,0685,0003,,,일반건축물,제1종근린생활시설,"근린생활시설, 주택",0,86.34,368.4,19861015,3,1,서울특별시 영등포구 대림동 685-3번지
11560,13300,0,0685,0004,,,일반건축물,단독주택,주택,0,77.58,232.74,19861113,2,1,서울특별시 영등포구 대림동 685-4번지
11560,13300,0,0685,0005,현대디자인하우스2,,표제부,공동주택,공동주택 및 제1종근린생활시설,269.3,156.52,538.02,20130625,5,0,서울특별시 영등포구 대림동 685-5번지
11560,13300,0,0685,0007,,,일반건축물,단독주택,주택,0,68.13,204.39,19861115,2,1,서울특별시 영등포구 대림동 685-7번지
11560,13300,0,0685,0008,,,일반건축물,제1종근린생활시설,"근린생활시설, 주택",132.4,65.51,262.04,19851218,3,1,서울특별시 영등포구 대림동 685-8번지
11560,13300,0,0685,0009,,,일반건축물,단독주택,"근린생활시설, 주택",0,87.17,394.25,19861211,3,1,서울특별시 영등포구 대림동 685-9번지
11560,13300,0,0685,0010,,,일반건축물,단독주택,주택,0,66.42,199.26,19860916,2,1,서울특별시 영등포구 대림동 685-10번지
11560,13300,0,0685,0011,,,일반건축물,단독주택,주택,0,60.3,186.54,19861204,2,1,서울특별시 영등포구 대림동 685-11번지
11560,13300,0,0685,0012,,,일반건축물,단독주택,주택,0,54.69,164.07,19861104,2,1,서울특별시 영등포구 대림동 685-12번지
11560,13300,0,0685,0013,,,일반건축물,단독주택,주택,0,55.92,167.76,19861104,2,1,서울특별시 영등포구 대림동 685-13번지
11560,13300,0,0685,0014,,,일반건축물,단독주택,다중주택,116.6,69.58,190.15,20220922,3,0,서울특별시 영등포구 대림동 685-14번지
11560,13300,0,0685,0015,,,일반건축물,단독주택,주택,0,75.06,225.18,19860920,2,1,서울특별시 영등포구 대림동 685-15번지
11560,13300,0,0685,0016,,,표제부,공동주택,다세대주택,208.8,83.1,249.3,19861205,2,1,서울특별시 영등포구 대림동 685-16번지
11560,13300,0,0685,0017,,,표제부,공동주택,다세대주택,166.1,82.57,247.71,19861205,2,1,서울특별시 영등포구 대림동 685-17번지
11560,13300,0,0685,0018,,,일반건축물,단독주택,"근린생활시설, 주택",0,72.58,290.32,19861121,3,1,서울특별시 영등포구 대림동 685-18번지
11560,13300,0,0685,0019,,,일반건축물,단독주택,주택,0,76.71,229.79,19860910,2,1,서울특별시 영등포구 대림동 685-19번지
11560,13300,0,0685,0020,,,일반건축물,단독주택,주택,0,55.45,166.35,19860904,2,1,서울특별시 영등포구 대림동 685-20번지
11560,13300,0,0685,0021,,,일반건축물,단독주택,주택,0,62.44,193.34,19861002,2,1,서울특별시 영등포구 대림동 685-21번지
11560,13300,0,0685,0022,,,일반건축물,단독주택,주택,0,64.62,193.86,19860927,2,1,서울특별시 영등포구 대림동 685-22번지
11560,13300,0,0685,0023,,,일반건축물,제1종근린생활시설,"근린생활시설, 주택",0,117.45,528.23,19880119,4,1,서울특별시 영등포구 대림동 685-23번지
11560,13300,0,0685,0024,현도빌리지Ⅷ,,표제부,공동주택,도시형생활주택(소형주택-13세대),270.6,162.18,538.4,20231018,5,0,서울특별시 영등포구 대림동 685-24번지
11560,13300,0,0685,0025,,,일반건축물,제2종근린생활시설,제2종근린생활시설,0,87.13,388.29,19870610,3,1,서울특별시 영등포구 대림동 685-25번지
11560,13300,0,0685,0026,,,일반건축물,제1종근린생활시설,"근린생활시설, 주택",0,67.77,299.26,19880118,3,1,서울특별시 영등포구 대림동 685-26번지
11560,13300,0,0685,0027,,,일반건축물,단독주택,"근린생활시설, 주택",0,72.3,285.9,19861018,3,1,서울특별시 영등포구 대림동 685-27번지
11560,13300,0,0686,0000,,,일반건축물,단독주택,"근린생활시설, 주택",191.2,114.54,310.5,19970910,3,0,서울특별시 영등포구 대림동 686번지
11560,13300,0,0686,0001,,,일반건축물,단독주택,다가구주택,0,110.09,327.07,19890421,2,1,서울특별시 영등포구 대림동 686-1번지
11560,13300,0,0686,0002,,,일반건축물,제1종근린생활시설,"근린생활시설, 주택",0,107.62,426.76,19880922,3,1,서울특별시 영등포구 대림동 686-2번지
11560,13300,0,0686,0003,,,일반건축물,제2종근린생활시설,"제1,2종근린생활시설, 주택",325.3,194.01,974.55,19961122,5,1,서울특별시 영등포구 대림동 686-3번지
11560,13300,0,0686,0004,ESMT 빌딩,,일반건축물,제2종근린생활시설,"근린생활시설, 업무시설",0,330,1320,19861125,3,1,서울특별시 영등포구 대림동 686-4번지
11560,13300,0,0686,0005,,,일반건축물,제1종근린생활시설,"근린생활시설, 주택",0,162.8,859.66,19881212,4,1,서울특별시 영등포구 대림동 686-5번지
11560,13300,0,0686,0006,,,일반건축물,단독주택,주택,0,101.1,303.3,19890627,2,1,서울특별시 영등포구 대림동 686-6번지
11560,13300,0,0686,0008,,,일반건축물,단독주택,"근린생활시설, 주택",0,98.91,420.84,19871015,3,1,서울특별시 영등포구 대림동 686-8번지
11560,13300,0,0686,0009,,,표제부,공동주택,다세대주택,0,83.16,249.48,19890622,2,1,서울특별시 영등포구 대림동 686-9번지
11560,13300,0,0686,0010,,,일반건축물,단독주택,"근린생활시설, 주택",0,97.08,376.56,19880512,3,1,서울특별시 영등포구 대림동 686-10번지
11560,13300,0,0686,0011,,,일반건축물,제2종근린생활시설,제2종근린생활시설,252.6,128.85,584.37,19890622,4,1,서울특별시 영등포구 대림동 686-11번지
11560,13300,0,0687,0000,다청림(102동),,표제부,공동주택,"공동주택,제1종근린생활시설",830,359.19,2120.98,20080306,7,1,서울특별시 영등포구 대림동 687번지
11560,13300,0,0687,0001,,,표제부,공동주택,아파트,0,675.45,7091.88,19890105,10,1,서울특별시 영등포구 대림동 687-1번지
11560,13300,0,0687,0003,다청림(101동),,표제부,공동주택,"공동주택, 제1종근린생활시설)",890,381.1,2071.66,20080306,7,1,서울특별시 영등포구 대림동 687-3번지
11560,13300,0,0687,0004,다청림 103동,,표제부,공동주택,"공동주택(다세대주택(8세대),제1종근린생활시설",378.5,221.88,816.77,20080121,5,0,서울특별시 영등포구 대림동 687-4번지
11560,13300,0,0688,0000,,,일반건축물,제2종근린생활시설,"근린생활시설, 교육연구시설, 판매시설",493.2,295.56,2226.49,19951113,7,1,서울특별시 영등포구 대림동 688번지
11560,13300,0,0688,0001,,,일반건축물,제1종근린생활시설,근린생활시설,0,329.37,1317.48,19890608,3,1,서울특별시 영등포구 대림동 688-1번지
11560,13300,0,0688,0002,강림빌딩,,일반건축물,업무시설,업무시설,1301.8,639.76,4739.68,19940824,6,1,서울특별시 영등포구 대림동 688-2번지
11560,13300,0,0688,0003,,,일반건축물,제2종근린생활시설,"업무시설, 근린생활시설, 주택",671.07,333.85,1633.91,19931103,4,1,서울특별시 영등포구 대림동 688-3번지
11560,13300,0,0688,0004,,,일반건축물,제1종근린생활시설,"근린생활시설, 주택",0,63.98,268.28,19861218,3,1,서울특별시 영등포구 대림동 688-4번지
11560,13300,0,0688,0005,,,일반건축물,제1종근린생활시설,"근린생활시설, 주택",0,79.2,335.6,19861218,3,1,서울특별시 영등포구 대림동 688-5번지
11560,13300,0,0688,0006,,,일반건축물,단독주택,주택,0,54.99,164.97,19861206,2,1,서울특별시 영등포구 대림동 688-6번지
11560,13300,0,0688,0007,,,일반건축물,단독주택,주택,0,54.6,163.8,19861125,2,1,서울특별시 영등포구 대림동 688-7번지
11560,13300,0,0688,0008,,,일반건축물,단독주택,"근린생활시설,다가구주택",139.6,72.3,321.62,19861211,4,1,서울특별시 영등포구 대림동 688-8번지
11560,13300,0,0688,0009,,,일반건축물,제1종근린생활시설,"근린생활시설, 주택",139.6,92.64,407.07,19870711,3,1,서울특별시 영등포구 대림동 688-9번지
11560,13300,0,0688,0010,,,일반건축물,제1종근린생활시설,"근린생활시설, 주택",124,61.8,256.2,19861220,3,1,서울특별시 영등포구 대림동 688-10번지
11560,13300,0,0688,0011,,,일반건축물,제1종근린생활시설,"근린생활시설, 주택",123,60.9,265.35,19861231,3,1,서울특별시 영등포구 대림동 688-11번지
11560,13300,0,0688,0012,,,일반건축물,제1종근린생활시설,"근린생활시설, 주택",0,100.69,538.43,19900829,4,1,서울특별시 영등포구 대림동 688-12번지
11560,13300,0,0688,0013,,,일반건축물,단독주택,"근린생활시설, 주택",0,100.13,433.38,19861203,3,1,서울특별시 영등포구 대림동 688-13번지
11560,13300,0,0688,0014,,,일반건축물,단독주택,"근린생활시설, 주택",203.74,98.04,452.88,19870630,4,1,서울특별시 영등포구 대림동 688-14번지
11560,13300,0,0688,0015,,,일반건축물,제2종근린생활시설,"근린생활시설, 주택",166.1,82.29,334.67,19861210,3,1,서울특별시 영등포구 대림동 688-15번지
11560,13300,0,0688,0016,,,일반건축물,단독주택,"근린생활시설, 주택",0,77.08,308.32,19861211,3,1,서울특별시 영등포구 대림동 688-16번지
11560,13300,0,0688,0017,,,일반건축물,단독주택,주택,0,72.26,216.78,19861203,2,1,서울특별시 영등포구 대림동 688-17번지
11560,13300,0,0688,0018,,,일반건축물,단독주택,주택,134.6,66.3,204.94,19870126,2,1,서울특별시 영등포구 대림동 688-18번지
11560,13300,0,0688,0019,,,일반건축물,제1종근린생활시설,"근린생활시설, 주택",0,65.92,287.68,19861126,3,1,서울특별시 영등포구 대림동 688-19번지
11560,13300,0,0688,0020,,,일반건축물,제1종근린생활시설,"근린생활시설, 주택",0,54.03,243.42,19861118,3,1,서울특별시 영등포구 대림동 688-20번지
11560,13300,0,0688,0021,,,일반건축물,단독주택,주택,113.9,56.58,169.74,19870128,2,1,서울특별시 영등포구 대림동 688-21번지
11560,13300,0,0688,0022,,,일반건축물,제1종근린생활시설,"근린생활시설, 주택",0,56.24,229.03,19870209,3,1,서울특별시 영등포구 대림동 688-22번지
11560,13300,0,0688,0023,,,일반건축물,단독주택,주택,0,59.76,178.29,19861124,2,1,서울특별시 영등포구 대림동 688-23번지
11560,13300,0,0688,0024,,,일반건축물,단독주택,주택,0,58.56,175.68,19861119,2,1,서울특별시 영등포구 대림동 688-24번지
11560,13300,0,0688,0025,,,일반건축물,제1종근린생활시설,"근린생활시설, 주택",0,74.54,308.06,19871229,3,1,서울특별시 영등포구 대림동 688-25번지
11560,13300,0,0688,0026,,,일반건축물,단독주택,"주택, 근린생활시설",0,50.02,225.25,19871123,3,1,서울특별시 영등포구 대림동 688-26번지
11560,13300,0,0688,0027,,,일반건축물,제1종근린생활시설,"근린생활시설, 주택",0,64.16,275.82,19870725,3,1,서울특별시 영등포구 대림동 688-27번지
11560,13300,0,0688,0028,,,일반건축물,제1종근린생활시설,"근린생활시설, 주택",0,93,393.08,19861229,3,1,서울특별시 영등포구 대림동 688-28번지
11560,13300,0,0688,0029,,,일반건축물,제1종근린생활시설,"근린생활시설, 주택",0,64.97,274.26,19861229,3,1,서울특별시 영등포구 대림동 688-29번지
11560,13300,0,0688,0030,,,일반건축물,제1종근린생활시설,"근린생활시설, 주택",213.1,106.02,430.73,19861229,3,1,서울특별시 영등포구 대림동 688-30번지
11560,13300,0,0689,0000,,,일반건축물,제2종근린생활시설,"근린생활시설, 노유자시설",0,310,1546.94,19920908,4,1,서울특별시 영등포구 대림동 689번지
11560,13300,0,0689,0001,,,일반건축물,제1종근린생활시설,"근린생활시설, 업무시설, 주택",0,258.56,1413.64,19871112,4,1,서울특별시 영등포구 대림동 689-1번지
11560,13300,0,0689,0003,,,일반건축물,제1종근린생활시설,근린생활시설,0,105.3,526.5,19870723,4,1,서울특별시 영등포구 대림동 689-3번지
11560,13300,0,0689,0004,,,일반건축물,제1종근린생활시설,"근린생활시설, 주택",0,114.75,577.52,19870422,4,1,서울특별시 영등포구 대림동 689-4번지
11560,13300,0,0689,0005,,,일반건축물,단독주택,단독주택(주택),0,49.46,223.94,19870314,3,1,서울특별시 영등포구 대림동 689-5번지
11560,13300,0,0689,0006,,,일반건축물,단독주택,주택,110.4,55.13,183.03,19861127,3,1,서울특별시 영등포구 대림동 689-6번지
11560,13300,0,0689,0007,,,일반건축물,단독주택,주택,0,55.13,165.39,19861212,2,1,서울특별시 영등포구 대림동 689-7번지
11560,13300,0,0689,0008,,,일반건축물,단독주택,주택,149.4,82.74,285.93,19870218,3,1,서울특별시 영등포구 대림동 689-8번지
11560,13300,0,0689,0009,,,일반건축물,단독주택,주택,0,56.3,168.9,19870417,2,1,서울특별시 영등포구 대림동 689-9번지
11560,13300,0,0689,0010,,,일반건축물,단독주택,주택,126,62.8,188.4,19861219,2,1,서울특별시 영등포구 대림동 689-10번지
11560,13300,0,0689,0011,,,일반건축물,단독주택,주택,0,65.15,195.45,19861226,2,1,서울특별시 영등포구 대림동 689-11번지
11560,13300,0,0689,0012,,,일반건축물,제1종근린생활시설,"근린생활시설, 주택",128,63.72,279.18,19861220,3,1,서울특별시 영등포구 대림동 689-12번지
11560,13300,0,0689,0013,,,일반건축물,제1종근린생활시설,"근린생활시설, 주택",0,71.4,307.92,19870918,3,1,서울특별시 영등포구 대림동 689-13번지
11560,13300,0,0689,0014,,,일반건축물,단독주택,단독주택,153.7,92,299.87,20200204,3,1,서울특별시 영등포구 대림동 689-14번지
11560,13300,0,0689,0015,,,일반건축물,단독주택,다가구주택(4가구),157,78.98,270.18,19861217,3,1,서울특별시 영등포구 대림동 689-15번지
11560,13300,0,0689,0016,,,일반건축물,단독주택,주택,0,80.72,242.16,19880707,2,1,서울특별시 영등포구 대림동 689-16번지
11560,13300,0,0689,0017,,,일반건축물,제1종근린생활시설,"근린생활시설, 주택",0,64.4,265.88,19861126,3,1,서울특별시 영등포구 대림동 689-17번지
11560,13300,0,0689,0018,,,일반건축물,단독주택,"근린생활시설, 주택",0,72.09,288.36,19861113,3,1,서울특별시 영등포구 대림동 689-18번지
11560,13300,0,0689,0019,,,일반건축물,제1종근린생활시설,"근린생활시설, 주택",0,95.16,423.12,19870612,3,1,서울특별시 영등포구 대림동 689-19번지
11560,13300,0,0689,0020,,,일반건축물,단독주택,주택,0,79.92,239.76,19870914,2,1,서울특별시 영등포구 대림동 689-20번지
11560,13300,0,0689,0021,,,일반건축물,단독주택,주택,0,61.74,185.22,19861122,2,1,서울특별시 영등포구 대림동 689-21번지
11560,13300,0,0689,0022,,,일반건축물,단독주택,주택,0,57.69,173.07,19861119,2,1,서울특별시 영등포구 대림동 689-22번지
11560,13300,0,0689,0023,,,일반건축물,단독주택,주택,114.5,65.29,183.75,19861204,2,1,서울특별시 영등포구 대림동 689-23번지
11560,13300,0,0689,0024,,,일반건축물,단독주택,"근린생활시설, 주택,사무소",0,55.09,241.95,19861217,3,1,서울특별시 영등포구 대림동 689-24번지
11560,13300,0,0689,0025,,,일반건축물,제1종근린생활시설,"근린생활시설, 주택",0,67.67,294.99,19861213,3,1,서울특별시 영등포구 대림동 689-25번지
11560,13300,0,0689,0026,,,일반건축물,제1종근린생활시설,"근린생활시설, 주택",0,65.45,264.47,19880831,3,1,서울특별시 영등포구 대림동 689-26번지
11560,13300,0,0689,0027,,,일반건축물,단독주택,"근린생활시설, 주택",165.5,90.56,406.82,19870817,4,1,서울특별시 영등포구 대림동 689-27번지
11560,13300,0,0689,0028,,,일반건축물,제1종근린생활시설,"근린생활시설, 주택",0,61.38,266.22,19861217,3,1,서울특별시 영등포구 대림동 689-28번지
11560,13300,0,0689,0029,,,일반건축물,제1종근린생활시설,"근린생활시설, 주택",0,90.39,361.56,19870620,3,1,서울특별시 영등포구 대림동 689-29번지
11560,13300,0,0689,0036,,,일반건축물,제2종근린생활시설,"제2종근린생활시설(수리점,사무소)",640.2,297.12,397.22,20220203,2,0,서울특별시 영등포구 대림동 689-36번지
11560,13300,0,0690,0000,원지경로당,,일반건축물,노유자시설,노유자시설(경로당),4845.1,147.96,231.41,19861111,2,0,서울특별시 영등포구 대림동 690번지
11560,13300,0,0691,0000,,,일반건축물,제2종근린생활시설,"근린생활시설, 주택",0,75,225,19840321,2,1,서울특별시 영등포구 대림동 691번지
11560,13300,0,0691,0001,성은주택,,일반건축물,단독주택,단독주택,192,94.83,328.13,20170612,3,1,서울특별시 영등포구 대림동 691-1번지
11560,13300,0,0691,0002,,,일반건축물,단독주택,단독주택,213.4,102.72,329.82,20190806,3,1,서울특별시 영등포구 대림동 691-2번지
11560,13300,0,0691,0003,,,일반건축물,단독주택,주택,0,112.62,312.24,19840321,2,1,서울특별시 영등포구 대림동 691-3번지
11560,13300,0,0691,0004,골든캐슬 8차,,표제부,공동주택,공동주택,507.2,247.41,1197.53,20160705,7,0,서울특별시 영등포구 대림동 691-4번지
11560,13300,0,0691,0006,,,일반건축물,제1종근린생활시설,제1종근린생활시설(소매점),230.1,114.75,525.6,19860916,4,1,서울특별시 영등포구 대림동 691-6번지
11560,13300,0,0691,0007,,,일반건축물,단독주택,단독주택(다중주택)및근린생활시설,230,114.42,497.02,20231102,5,0,서울특별시 영등포구 대림동 691-7번지
11560,13300,0,0691,0008,원지공원 도서관,,일반건축물,제1종근린생활시설,"근린생활시설,공공도서관",284,131.21,596.11,20240624,4,1,서울특별시 영등포구 대림동 691-8번지
11560,13300,0,0691,0009,,,일반건축물,제2종근린생활시설,근린생활시설,0,114.48,572.4,19900322,4,1,서울특별시 영등포구 대림동 691-9번지
11560,13300,0,0692,0000,전국빌딩,,일반건축물,제2종근린생활시설,"근린생활시설(교육연구시설, 음식점,사무소)",1020.9,500.05,2143.09,19840106,4,1,서울특별시 영등포구 대림동 692번지
11560,13300,0,0692,0001,,,일반건축물,제2종근린생활시설,근린생활시설,0,332.8,1527.76,19841205,4,1,서울특별시 영등포구 대림동 692-1번지
11560,13300,0,0692,0002,,,일반건축물,제1종근린생활시설,근린생활시설,732.9,201.13,1578.3,19940219,7,1,서울특별시 영등포구 대림동 692-2번지
11560,13300,0,0692,0003,,,일반건축물,업무시설,"근린생활시설, 업무시설",733.5,366.65,2442.9,19881010,6,1,서울특별시 영등포구 대림동 692-3번지
11560,13300,0,0693,0001,,,일반건축물,제2종근린생활시설,"근린생활시설,업무시설",661.5,329.55,2165.94,19890210,5,1,서울특별시 영등포구 대림동 693-1번지
11560,13300,0,0693,0002,,,일반건축물,제2종근린생활시설,판매시설,469.4,173.85,173.85,19940413,1,0,서울특별시 영등포구 대림동 693-2번지
11560,13300,0,0693,0003,,,일반건축물,제1종근린생활시설,"근린생활시설, 주택",0,175.2,936,19880718,4,1,서울특별시 영등포구 대림동 693-3번지
11560,13300,0,0693,0004,대륙빌딩,,일반건축물,제2종근린생활시설,소매점,331,165.4,999.09,20111124,7,1,서울특별시 영등포구 대림동 693-4번지
11560,13300,0,0693,0005,도명빌딩,,일반건축물,제2종근린생활시설,교육연구시설,356,152.43,1145.35,20091015,8,1,서울특별시 영등포구 대림동 693-5번지
11560,13300,0,0693,0006,,,일반건축물,제2종근린생활시설,근린생활시설,661.1,353.1,1841.65,19951208,4,1,서울특별시 영등포구 대림동 693-6번지
11560,13300,0,0694,0000,,,표제부,공동주택,다세대주택(8세대),284.8,168.72,659.86,20020312,4,0,서울특별시 영등포구 대림동 694번지
11560,13300,0,0694,0001,파크에비뉴 제에이동,,표제부,공동주택,공동주택,477.7,236.6,1121.86,20181102,7,0,서울특별시 영등포구 대림동 694-1번지
11560,13300,0,0694,0002,파크에비뉴,,표제부,공동주택,공동주택,473.6,236.6,1124.1,20180525,7,0,서울특별시 영등포구 대림동 694-2번지
11560,13300,0,0694,0005,,,일반건축물,제1종근린생활시설,"근린생활시설, 주택",204.4,101.7,502.32,19851211,4,1,서울특별시 영등포구 대림동 694-5번지
11560,13300,0,0694,0006,,,일반건축물,제1종근린생활시설,"근린생활시설, 주택",221,108.48,463.68,19860714,3,1,서울특별시 영등포구 대림동 694-6번지
11560,13300,0,0694,0007,,,일반건축물,제1종근린생활시설,"근린생활시설, 주택",0,111.92,487.16,19871113,3,1,서울특별시 영등포구 대림동 694-7번지
11560,13300,0,0695,0000,우성아파트,,표제부,공동주택,아파트,0,989.28,14182.95,19921128,15,1,서울특별시 영등포구 대림동 695번지
11560,13300,0,0695,0000,우성아파트,,표제부,공동주택,아파트,0,716.76,14182.95,19921128,15,1,서울특별시 영등포구 대림동 695번지
11560,13300,0,0696,0000,,,일반건축물,단독주택,주택,0,29.75,29.75,,1,0,서울특별시 영등포구 대림동 696번지
11560,13300,0,0696,0000,우성아파트,,표제부,공동주택,아파트,0,1544.57,9098.7,19851127,15,1,서울특별시 영등포구 대림동 696번지
11560,13300,0,0696,0000,,,일반건축물,단독주택,주택,0,33.06,33.06,,1,0,서울특별시 영등포구 대림동 696번지
11560,13300,0,0696,0000,,,일반건축물,단독주택,주택,0,95.87,95.87,,1,0,서울특별시 영등포구 대림동 696번지
11560,13300,0,0696,0000,우성아파트,,표제부,공동주택,아파트,0,1582.66,10013.99,19851127,15,1,서울특별시 영등포구 대림동 696번지
11560,13300,0,0696,0000,,,일반건축물,단독주택,주택,0,33.06,33.06,,1,0,서울특별시 영등포구 대림동 696번지
11560,13300,0,0696,0000,,,일반건축물,단독주택,주택,0,46.28,46.28,,1,0,서울특별시 영등포구 대림동 696번지
11560,13300,0,0696,0000,우성아파트,,표제부,공동주택,아파트,0,1544.57,9098.7,19851127,15,1,서울특별시 영등포구 대림동 696번지
11560,13300,0,0696,0000,우성아파트,,표제부,공동주택,아파트,0,1521.27,9577.61,19851127,15,1,서울특별시 영등포구 대림동 696번지
11560,13300,0,0696,0000,,,일반건축물,단독주택,주택,0,26.45,26.45,,1,0,서울특별시 영등포구 대림동 696번지
11560,13300,0,0700,0000,대림스타빌딩,,일반건축물,단독주택,근린생활시설및다가구주택,755.1,377.47,2339.72,20140403,6,1,서울특별시 영등포구 대림동 700번지
11560,13300,0,0700,0001,,,일반건축물,제2종근린생활시설,제2종근린생활시설(근린생활시설),998.8,437.28,1097.86,19870723,4,1,서울특별시 영등포구 대림동 700-1번지
11560,13300,0,0700,0002,연희빌딩,,일반건축물,제2종근린생활시설,"일반업무시설, 은행",662.9,460.18,1886.54,19890705,4,1,서울특별시 영등포구 대림동 700-2번지
11560,13300,0,0700,0003,,,일반건축물,제2종근린생활시설,근린생활시설,0,320.96,1604.8,19850801,4,1,서울특별시 영등포구 대림동 700-3번지
11560,13300,0,0700,0004,,,일반건축물,제1종근린생활시설,"근린생활시설, 교육연구시설",0,296.7,1478.9,19851224,4,1,서울특별시 영등포구 대림동 700-4번지
11560,13300,0,0700,0005,지엔아이 빌딩,,일반건축물,제2종근린생활시설,근린생활시설,671.4,317.2,1586,19860205,4,1,서울특별시 영등포구 대림동 700-5번지
11560,13300,0,0700,0006,,,일반건축물,제2종근린생활시설,"근린생활시설, 주택",0,217.14,1322.8,19890812,5,1,서울특별시 영등포구 대림동 700-6번지
11560,13300,0,0700,0009,,,일반건축물,제1종근린생활시설,"근린생활시설, 주택",175,104.93,435.83,19970128,4,1,서울특별시 영등포구 대림동 700-9번지
11560,13300,0,0700,0010,,,일반건축물,제1종근린생활시설,"근린생활시설, 주택",0,54.98,237.64,19861004,3,1,서울특별시 영등포구 대림동 700-10번지
11560,13300,0,0700,0011,,,일반건축물,단독주택,"근린생활시설, 주택",253.2,113.44,390.05,19870617,3,1,서울특별시 영등포구 대림동 700-11번지
11560,13300,0,0700,0012,,,일반건축물,단독주택,다가구용단독주택(6가구),149.26,70.32,255.04,19951204,3,1,서울특별시 영등포구 대림동 700-12번지
11560,13300,0,0700,0013,,,일반건축물,단독주택,주택,0,72.81,218.43,19860626,2,1,서울특별시 영등포구 대림동 700-13번지
11560,13300,0,0700,0014,드림캐슬,,표제부,공동주택,공동주택,158.8,94.96,416.11,20170529,5,1,서울특별시 영등포구 대림동 700-14번지
11560,13300,0,0700,0015,,,일반건축물,단독주택,단독주택(다중주택),161.6,91.47,338.68,20191002,4,1,서울특별시 영등포구 대림동 700-15번지
11560,13300,0,0700,0016,,,일반건축물,단독주택,주택,0,56.34,169.02,19891128,2,1,서울특별시 영등포구 대림동 700-16번지
11560,13300,0,0700,0017,,,일반건축물,단독주택,다가구용단독주택,0,47.24,145.94,19910824,2,1,서울특별시 영등포구 대림동 700-17번지
11560,13300,0,0700,0018,,,일반건축물,단독주택,단독주택,0,54.54,163.62,19900901,2,1,서울특별시 영등포구 대림동 700-18번지
11560,13300,0,0700,0019,,,일반건축물,단독주택,단독주택,0,71.89,228.84,19900725,2,1,서울특별시 영등포구 대림동 700-19번지
11560,13300,0,0700,0020,,,일반건축물,단독주택,단독주택,0,72.24,216.72,19871221,2,1,서울특별시 영등포구 대림동 700-20번지
11560,13300,0,0700,0021,,,일반건축물,단독주택,주택,0,129.76,389.28,19900305,2,1,서울특별시 영등포구 대림동 700-21번지
11560,13300,0,0700,0022,,,일반건축물,단독주택,다중주택(20실),145.9,87.04,328.92,20110125,3,1,서울특별시 영등포구 대림동 700-22번지
11560,13300,0,0700,0023,,,일반건축물,제2종근린생활시설,고시원,284.6,168.75,725.73,20101228,4,1,서울특별시 영등포구 대림동 700-23번지
11560,13300,0,0700,0024,,,일반건축물,단독주택,주택,224.16,102.16,306.48,19860328,2,1,서울특별시 영등포구 대림동 700-24번지
11560,13300,0,0700,0025,둥지고시원,,일반건축물,제2종근린생활시설,고시원,201.6,117.48,526.38,20101102,4,1,서울특별시 영등포구 대림동 700-25번지
11560,13300,0,0700,0026,,,일반건축물,단독주택,주택,0,43.36,134.12,19860701,3,1,서울특별시 영등포구 대림동 700-26번지
11560,13300,0,0700,0027,,,일반건축물,단독주택,주택,0,58.58,175.74,19880611,2,1,서울특별시 영등포구 대림동 700-27번지
11560,13300,0,0700,0028,남양파크빌,,표제부,공동주택,도시형생활주택(원룸형주택),253.6,151.12,486.8,20220816,5,0,서울특별시 영등포구 대림동 700-28번지
11560,13300,0,0700,0030,,,일반건축물,단독주택,주택,0,91.64,283.9,19870814,2,1,서울특별시 영등포구 대림동 700-30번지
11560,13300,0,0700,0031,,,일반건축물,단독주택,주택,0,82.02,246.06,19860612,2,1,서울특별시 영등포구 대림동 700-31번지
11560,13300,0,0700,0032,.,,일반건축물,단독주택,"근린생활시설,다중주택",189.1,110.11,493.83,20090714,4,1,서울특별시 영등포구 대림동 700-32번지
11560,13300,0,0700,0053,,,일반건축물,단독주택,다가구용단독주택(6가구),138.2,68.46,227.78,19951204,3,1,서울특별시 영등포구 대림동 700-53번지
11560,13300,0,0701,0000,,,일반건축물,제1종근린생활시설,"주택, 근린생활시설",0,78.72,337.77,19841217,3,1,서울특별시 영등포구 대림동 701번지
11560,13300,0,0701,0001,,,표제부,제2종근린생활시설,"근린생활시설, 주택",278.3,165.09,924.01,19980416,5,1,서울특별시 영등포구 대림동 701-1번지
11560,13300,0,0702,0000,서울대동초등학교,,일반건축물,교육연구시설,교육연구시설,15127.5,3377.76,9867.77,,5,1,서울특별시 영등포구 대림동 702번지
11560,13300,0,0703,0000,,,일반건축물,제1종근린생활시설,"근린생활시설,주택",0,81.98,191.07,19801205,2,1,서울특별시 영등포구 대림동 703번지
11560,13300,0,0703,0001,,,일반건축물,단독주택,"근린생활시설, 주택",160.9,117.32,310.09,19801212,3,1,서울특별시 영등포구 대림동 703-1번지
11560,13300,0,0703,0002,,,일반건축물,제2종근린생활시설,"근린생활시설, 주택",0,80.99,252.23,19801126,3,1,서울특별시 영등포구 대림동 703-2번지
11560,13300,0,0703,0003,,,일반건축물,제1종근린생활시설,"근린생활시설, 주택",0,87.93,259.83,19810130,2,1,서울특별시 영등포구 대림동 703-3번지
11560,13300,0,0703,0004,,,일반건축물,단독주택,"근린생활시설, 주택",0,85.29,255.87,19810115,2,1,서울특별시 영등포구 대림동 703-4번지
11560,13300,0,0703,0005,,,일반건축물,제2종근린생활시설,근린생활시설,0,83.97,237.03,19810130,2,1,서울특별시 영등포구 대림동 703-5번지
11560,13300,0,0703,0006,다사랑경로당,,일반건축물,노유자시설,노인정,1632.3,66,191.74,19910706,3,0,서울특별시 영등포구 대림동 703-6번지
11560,13300,0,0703,0007,,,일반건축물,단독주택,주택,0,100.17,223.14,19811204,2,1,서울특별시 영등포구 대림동 703-7번지
11560,13300,0,0703,0008,,,일반건축물,제1종근린생활시설,"근린생활시설, 주택",0,81.65,238.34,19801104,2,1,서울특별시 영등포구 대림동 703-8번지
11560,13300,0,0703,0009,,,일반건축물,단독주택,주택,0,98.18,215.86,19801210,2,1,서울특별시 영등포구 대림동 703-9번지
11560,13300,0,0703,0010,,,일반건축물,단독주택,"근린생활시설, 주택",0,81.98,260.49,19801104,2,1,서울특별시 영등포구 대림동 703-10번지
11560,13300,0,0704,0000,,,일반건축물,단독주택,다가구주택 및 근린생활시설,229.4,126.5,451.66,20220203,5,0,서울특별시 영등포구 대림동 704번지
11560,13300,0,0704,0001,,,일반건축물,제2종근린생활시설,근린생활시설,222.2,126.28,468.43,19801220,3,1,서울특별시 영등포구 대림동 704-1번지
11560,13300,0,0704,0003,,,일반건축물,단독주택,주택,0,79.2,237.6,19830917,2,1,서울특별시 영등포구 대림동 704-3번지
11560,13300,0,0704,0003,,,일반건축물,단독주택,주택,0,78.66,235.98,19830917,2,1,서울특별시 영등포구 대림동 704-3번지
11560,13300,0,0704,0004,현대아트빌,,표제부,공동주택,공동주택(다세대주택),238.6,142.61,482.24,20030310,4,0,서울특별시 영등포구 대림동 704-4번지
11560,13300,0,0704,0005,,,표제부,공동주택,다세대주택,268.8,161.03,611.07,20001115,4,0,서울특별시 영등포구 대림동 704-5번지
11560,13300,0,0704,0006,,,표제부,공동주택,공동주택,268.9,160.55,605.75,20001130,4,0,서울특별시 영등포구 대림동 704-6번지
11560,13300,0,0704,0007,,,일반건축물,단독주택,주택,0,106.92,320.76,19880423,2,1,서울특별시 영등포구 대림동 704-7번지
11560,13300,0,0704,0008,,,일반건축물,단독주택,주택,0,106.35,319.05,19880429,2,1,서울특별시 영등포구 대림동 704-8번지
11560,13300,0,0704,0009,,,일반건축물,단독주택,주택,0,99.09,283.77,19880604,2,1,서울특별시 영등포구 대림동 704-9번지
11560,13300,0,0704,0010,,,일반건축물,단독주택,"제2종근린생활시설, 단독주택",199.7,119.1,399.88,20170920,3,1,서울특별시 영등포구 대림동 704-10번지
11560,13300,0,0704,0011,,,일반건축물,제2종근린생활시설,제2종근린생활시설(사무소),238.2,136.71,494.76,20070706,4,0,서울특별시 영등포구 대림동 704-11번지
11560,13300,0,0704,0012,,,일반건축물,단독주택,주택,0,108.18,324.54,19860530,2,1,서울특별시 영등포구 대림동 704-12번지
11560,13300,0,0704,0013,,,표제부,공동주택,다세대주택,241.6,143.95,515.92,20020716,5,0,서울특별시 영등포구 대림동 704-13번지
11560,13300,0,0704,0014,일우빌라,,표제부,공동주택,공동주택,320.7,181.35,582.28,20210324,5,0,서울특별시 영등포구 대림동 704-14번지
11560,13300,0,0704,0015,에코빌,,표제부,공동주택,다세대주택,233,139.75,504.88,20110624,6,0,서울특별시 영등포구 대림동 704-15번지
11560,13300,0,0704,0016,,,일반건축물,단독주택,주택,0,115.37,309.75,19821213,2,1,서울특별시 영등포구 대림동 704-16번지
11560,13300,0,0704,0017,,,일반건축물,단독주택,주택,231,114.75,338.85,19840117,2,1,서울특별시 영등포구 대림동 704-17번지
11560,13300,0,0704,0018,,,일반건축물,단독주택,주택,231,114.75,338.85,19840117,2,1,서울특별시 영등포구 대림동 704-18번지
11560,13300,0,0705,0000,대림2동사무소,,일반건축물,제2종근린생활시설,사무소,0,252,844,19800730,3,1,서울특별시 영등포구 대림동 705번지
11560,13300,0,0705,0000,대림2동어린이집,,일반건축물,제2종근린생활시설,종합복지관,0,168.48,823.68,19900912,4,1,서울특별시 영등포구 대림동 705번지
11560,13300,0,0705,0001,,,일반건축물,단독주택,주택,0,91.12,248.64,19870421,2,1,서울특별시 영등포구 대림동 705-1번지
11560,13300,0,0705,0002,,,일반건축물,제1종근린생활시설,"근린생활시설, 주택",0,86.52,346.56,19890109,3,1,서울특별시 영등포구 대림동 705-2번지
11560,13300,0,0705,0004,,,일반건축물,단독주택,"단독주택, 제2종린생활시설(사무소)",207.9,119.41,414.75,20040625,5,0,서울특별시 영등포구 대림동 705-4번지
11560,13300,0,0705,0010,,,표제부,공동주택,다세대주택,0,98.16,303,19860909,2,1,서울특별시 영등포구 대림동 705-10번지
11560,13300,0,0706,0000,,,일반건축물,장례시설,장례시설,783.7,405.5,1988.53,19850923,5,1,서울특별시 영등포구 대림동 706번지
11560,13300,0,0706,0001,88월드타워,,표제부,제1종근린생활시설,근린생활시설,1947.2,1103.25,13431.96,20201117,7,4,서울특별시 영등포구 대림동 706-1번지
11560,13300,0,0706,0003,대동빌딩,,표제부,업무시설,업무시설,738.5,359.58,4022.99,20041005,11,2,서울특별시 영등포구 대림동 706-3번지
11560,13300,0,0706,0004,,,일반건축물,제1종근린생활시설,근린생활시설,0,375.92,2015.34,19841229,4,1,서울특별시 영등포구 대림동 706-4번지
11560,13300,0,0706,0005,,,일반건축물,단독주택,"근린생활시설, 주택",235.6,111.6,446.4,19851218,3,1,서울특별시 영등포구 대림동 706-5번지
11560,13300,0,0706,0006,,,일반건축물,제1종근린생활시설,"점포, 근린생활시설",0,79.17,145.12,19760812,2,1,서울특별시 영등포구 대림동 706-6번지
11560,13300,0,0706,0007,,,일반건축물,단독주택,"근린생활시설, 주택",0,79.92,339.12,19860911,3,1,서울특별시 영등포구 대림동 706-7번지
11560,13300,0,0706,0008,,,일반건축물,제1종근린생활시설,경찰관파출소,212.1,95.5,218.07,19891205,3,1,서울특별시 영등포구 대림동 706-8번지
11560,13300,0,0706,0009,,,일반건축물,단독주택,다가구 주택(11가구),236.2,131.49,452.16,19940627,3,1,서울특별시 영등포구 대림동 706-9번지
11560,13300,0,0706,0010,명지성모병원 별관,,일반건축물,공동주택,공동주택(기숙사),320.8,190.59,1299.92,20200117,8,1,서울특별시 영등포구 대림동 706-10번지
11560,13300,0,0706,0013,88월드타워,,표제부,제1종근린생활시설,근린생활시설,438.8,326.01,2647.12,20201117,7,4,서울특별시 영등포구 대림동 706-13번지
11560,13300,0,0706,0014,영림아트빌,,표제부,공동주택,다세대주택,216.1,129.56,623.2,20010508,5,0,서울특별시 영등포구 대림동 706-14번지
11560,13300,0,0706,0015,,,일반건축물,단독주택,주택,0,80.61,192.87,19830610,2,1,서울특별시 영등포구 대림동 706-15번지
11560,13300,0,0706,0017,대림빌딩,,표제부,제2종근린생활시설,"오피스텔,도시형생활주택(원룸형),근린생활시설",708.5,412.43,3523.31,20130123,10,2,서울특별시 영등포구 대림동 706-17번지
11560,13300,0,0706,0027,,,일반건축물,제1종근린생활시설,제1종근린생활시설,160.2,80.32,240.96,19830610,2,1,서울특별시 영등포구 대림동 706-27번지
11560,13300,0,0707,0035,,,일반건축물,제1종근린생활시설,새마을부녀공동작업장새마을회관,0,85.95,85.95,19820107,1,0,서울특별시 영등포구 대림동 707-35번지
11560,13300,0,0709,0001,명지성모병원,,일반건축물,의료시설,의료시설,0,988.57,6887.23,19920410,7,2,서울특별시 영등포구 대림동 709-1번지
11560,13300,0,0709,0001,명지성모병원,,일반건축물,의료시설,의료시설,0,417.91,1838.91,20190118,5,1,서울특별시 영등포구 대림동 709-1번지
11560,13300,0,0709,0002,,,일반건축물,의료시설,의료시설,1016.1,592.28,2582.96,19910401,4,1,서울특별시 영등포구 대림동 709-2번지
11560,13300,0,0709,0003,타워 오피스텔,,표제부,업무시설,"제2종근린생활시설,업무시설",784,434.55,3581.98,20040603,8,1,서울특별시 영등포구 대림동 709-3번지
11560,13300,0,0709,0004,이충호산부인과,,일반건축물,제1종근린생활시설,근린생활시설,881.4,439.01,2354.43,19900326,4,1,서울특별시 영등포구 대림동 709-4번지
11560,13300,0,0709,0005,,,일반건축물,제2종근린생활시설,근린생활시설,0,164.45,891.07,19890316,4,1,서울특별시 영등포구 대림동 709-5번지
11560,13300,0,0709,0006,건영타워,,표제부,공동주택,업무시설,328.3,190.99,1104.13,20120223,7,1,서울특별시 영등포구 대림동 709-6번지
11560,13300,0,0709,0007,,,일반건축물,제1종근린생활시설,근린생활시설,231.3,114.4,549.12,19900718,4,1,서울특별시 영등포구 대림동 709-7번지
11560,13300,0,0709,0008,미라클,,표제부,업무시설,업무시설,231.7,133.24,902.06,20190308,7,1,서울특별시 영등포구 대림동 709-8번지
11560,13300,0,0709,0009,,,일반건축물,제2종근린생활시설,근린생활시설,0,111.22,585.22,19890123,4,1,서울특별시 영등포구 대림동 709-9번지
11560,13300,0,0710,0000,,,일반건축물,제1종근린생활시설,"근린생활시설, 주택",0,120.62,484.82,19840417,3,1,서울특별시 영등포구 대림동 710번지
11560,13300,0,0710,0001,,,일반건축물,제2종근린생활시설,근린생활시설,245.3,145.95,291.9,20020704,2,0,서울특별시 영등포구 대림동 710-1번지
11560,13300,0,0710,0002,,,일반건축물,단독주택,"근린생활시설, 주택",0,120.72,482.88,19860830,3,1,서울특별시 영등포구 대림동 710-2번지
11560,13300,0,0710,0003,,,일반건축물,제1종근린생활시설,"근린생활시설, 주택",0,118.8,523.05,19840423,4,1,서울특별시 영등포구 대림동 710-3번지
11560,13300,0,0710,0004,,,일반건축물,단독주택,"근린생활시설, 주택",0,114.21,473.04,19890211,3,1,서울특별시 영등포구 대림동 710-4번지
11560,13300,0,0710,0005,,,일반건축물,단독주택,다가구주택 및  근린생활시설,242.2,122.33,556.98,19910806,4,1,서울특별시 영등포구 대림동 710-5번지
11560,13300,0,0710,0006,영동빌딩,,일반건축물,제2종근린생활시설,"제1,2종근린생활시설",230.1,138,827.42,20080407,7,0,서울특별시 영등포구 대림동 710-6번지
11560,13300,0,0710,0007,,,일반건축물,단독주택,"근린생활시설, 주택",0,113.22,492.74,19880921,3,1,서울특별시 영등포구 대림동 710-7번지
11560,13300,0,0710,0008,세인트 오피스텔,,표제부,업무시설,업무시설(오피스텔),236.2,141.56,959.38,20021226,7,0,서울특별시 영등포구 대림동 710-8번지
11560,13300,0,0710,0009,,,일반건축물,제1종근린생활시설,근린생활시설,0,321.64,1377.14,19850712,4,1,서울특별시 영등포구 대림동 710-9번지
11560,13300,0,0710,0010,,,일반건축물,제1종근린생활시설,"업무시설, 교육연구시설, 근린생활시설",1323,659.94,4275.2,19901019,5,2,서울특별시 영등포구 대림동 710-10번지
11560,13300,0,0710,0011,대창신용협동조합 사옥,,일반건축물,제2종근린생활시설,"제2종근린생활시설(금융업소, 사무소)",822.8,399.59,2110.4,19901031,4,1,서울특별시 영등포구 대림동 710-11번지
11560,13300,0,0710,0012,대림빌딩,,일반건축물,제2종근린생활시설,제2종근린생활시설,866,508.9,3427.73,20150204,7,1,서울특별시 영등포구 대림동 710-12번지
11560,13300,0,0710,0013,명지성모병원 생명관,,일반건축물,의료시설,물탱크실,869.7,0,24,20240801,1,0,서울특별시 영등포구 대림동 710-13번지
11560,13300,0,0710,0013,명지성모병원 생명관,,일반건축물,의료시설,병원,869.7,388.24,1551.9,19931029,4,1,서울특별시 영등포구 대림동 710-13번지
11560,13300,0,0710,0014,,,일반건축물,제1종근린생활시설,"근린생활시설, 주택",0,366.06,1591.62,19840821,4,1,서울특별시 영등포구 대림동 710-14번지
11560,13300,0,0711,0000,남부도로교통사업소,,일반건축물,제1종근린생활시설,공공용시설,7596.1,1267.83,2220.06,19820205,3,1,서울특별시 영등포구 대림동 711번지
11560,13300,0,0712,0000,다온어린이집,,일반건축물,노유자시설,노유자시설(어린이집),261.2,156.66,477.82,20170907,3,1,서울특별시 영등포구 대림동 712번지
11560,13300,0,0712,0001,,,일반건축물,단독주택,주택,0,96.03,288.09,19851010,2,1,서울특별시 영등포구 대림동 712-1번지
11560,13300,0,0712,0002,,,일반건축물,단독주택,주택,193.1,96.19,319.31,19850918,2,1,서울특별시 영등포구 대림동 712-2번지
11560,13300,0,0712,0003,,,표제부,공동주택,다세대주택,197.1,114.4,434.23,20110711,6,0,서울특별시 영등포구 대림동 712-3번지
11560,13300,0,0712,0004,,,일반건축물,제2종근린생활시설,"근린생활시설, 주택",0,116.64,491.7,19841029,3,1,서울특별시 영등포구 대림동 712-4번지
11560,13300,0,0712,0005,,,표제부,제2종근린생활시설,"근린생활시설,다세대주택",459.5,274.82,1753.13,20020919,6,1,서울특별시 영등포구 대림동 712-5번지
11560,13300,0,0712,0006,,,일반건축물,단독주택,"근린생활시설, 주택",0,118.86,325.66,19841109,3,1,서울특별시 영등포구 대림동 712-6번지
11560,13300,0,0712,0007,,,일반건축물,단독주택,주택,0,104.04,308.52,19841115,2,1,서울특별시 영등포구 대림동 712-7번지
11560,13300,0,0713,0000,,,일반건축물,제1종근린생활시설,"근린생활시설, 주택",0,241.5,1194.67,19861008,4,1,서울특별시 영등포구 대림동 713번지
11560,13300,0,0713,0001,EUROVILLA,,일반건축물,단독주택,단독주택,233.9,110.55,328.86,20160629,3,1,서울특별시 영등포구 대림동 713-1번지
11560,13300,0,0713,0002,리빙스톤즈,,일반건축물,제2종근린생활시설,"제2종근린생활시설,단독주택(다가구주택)",191.1,109.61,494.75,20160908,5,1,서울특별시 영등포구 대림동 713-2번지
11560,13300,0,0713,0003,라온,,일반건축물,단독주택,단독주택,195.2,115.38,329.15,20160311,3,1,서울특별시 영등포구 대림동 713-3번지
11560,13300,0,0713,0005,,,일반건축물,단독주택,단독주택,152.6,90.1,329.26,20081120,3,1,서울특별시 영등포구 대림동 713-5번지
11560,13300,0,0713,0006,,,일반건축물,제1종근린생활시설,"근린생활시설, 주택",466.9,209,984.5,19850926,4,1,서울특별시 영등포구 대림동 713-6번지
11560,13300,0,0713,0007,,,일반건축물,제2종근린생활시설,근린생활시설,0,150.51,583.44,19840305,4,1,서울특별시 영등포구 대림동 713-7번지
11560,13300,0,0713,0008,,,일반건축물,제1종근린생활시설,근린생활시설,509.9,227.2,1318.55,19840829,5,1,서울특별시 영등포구 대림동 713-8번지
11560,13300,0,0713,0010,,,일반건축물,제2종근린생활시설,근린생활시설,258,128.68,634.92,19930630,4,1,서울특별시 영등포구 대림동 713-10번지
11560,13300,0,0713,0011,,,일반건축물,제2종근린생활시설,제2종근린생활시설(고시원),231.2,131.06,493.02,20080402,4,0,서울특별시 영등포구 대림동 713-11번지
11560,13300,0,0713,0012,국제아트빌,,표제부,공동주택,다세대주택,282.1,168.06,587.24,20020810,5,0,서울특별시 영등포구 대림동 713-12번지
11560,13300,0,0713,0013,,,일반건축물,제1종근린생활시설,"근린생활시설, 주택",0,162.89,825,19850204,4,1,서울특별시 영등포구 대림동 713-13번지
11560,13300,0,0714,0000,,,일반건축물,제1종근린생활시설,"목욕탕, 근린생활시설, 기숙사,다가구주택",0,327.41,1200.17,19730108,3,1,서울특별시 영등포구 대림동 714번지
11560,13300,0,0714,0001,,,일반건축물,제2종근린생활시설,"제2종근린생활시설, 단독주택",723.3,294.8,1389.89,19850706,4,1,서울특별시 영등포구 대림동 714-1번지
11560,13300,0,0714,0004,갯센넷빌딩,,일반건축물,제2종근린생활시설,근린생활시설,342,197,1241.16,19891018,6,1,서울특별시 영등포구 대림동 714-4번지
11560,13300,0,0714,0005,,,일반건축물,제2종근린생활시설,근린생활시설,0,231.59,1339.61,19920922,5,1,서울특별시 영등포구 대림동 714-5번지
11560,13300,0,0714,0006,영광빌딩,,일반건축물,제2종근린생활시설,단독주택 및 제2종근린생활시설,250.3,150.06,725.78,20171222,5,1,서울특별시 영등포구 대림동 714-6번지
11560,13300,0,0714,0007,,,일반건축물,제1종근린생활시설,"근린생활시설, 주택",0,208,1173.1,19890531,5,1,서울특별시 영등포구 대림동 714-7번지
11560,13300,0,0714,0008,,,일반건축물,단독주택,다가구용단독주택(7가구),249.8,131.27,329.43,19950626,3,1,서울특별시 영등포구 대림동 714-8번지
11560,13300,0,0714,0009,,,일반건축물,제2종근린생활시설,"근린생활시설, 주택",0,240.19,1009.71,19880922,4,1,서울특별시 영등포구 대림동 714-9번지
11560,13300,0,0714,0011,,,일반건축물,제2종근린생활시설,"근린생활시설, 주택",305.1,149.45,661,19850820,4,1,서울특별시 영등포구 대림동 714-11번지
11560,13300,0,0714,0012,,,일반건축물,제1종근린생활시설,"근린생활시설, 주택",0,98.94,407.76,19840507,3,1,서울특별시 영등포구 대림동 714-12번지
11560,13300,0,0716,0001,,,일반건축물,제2종근린생활시설,제2종근린생활시설(고시원),232.5,139.4,571.59,20120103,5,1,서울특별시 영등포구 대림동 716-1번지
11560,13300,0,0716,0002,,,일반건축물,제2종근린생활시설,근린생활시설,200,118.03,505.2,19831208,4,1,서울특별시 영등포구 대림동 716-2번지
11560,13300,0,0716,0003,,,일반건축물,제1종근린생활시설,근린생활시설,338.3,200.46,799.74,19850819,4,1,서울특별시 영등포구 대림동 716-3번지
11560,13300,0,0716,0004,,,일반건축물,제1종근린생활시설,근린생활시설,466.7,232.9,487.6,19921230,2,1,서울특별시 영등포구 대림동 716-4번지
11560,13300,0,0717,0000,대림동 쌍용 플래티넘-S,,표제부,공동주택,도시형생활주택 및 판매시설,2314.9,1388.41,17013.44,20130628,12,4,서울특별시 영등포구 대림동 717번지
11560,13300,0,0718,0000,,,일반건축물,제2종근린생활시설,제2종근린생활시설,461,275.02,1138.82,20070323,4,1,서울특별시 영등포구 대림동 718번지
11560,13300,0,0718,0001,태안빌딩,,일반건축물,제1종근린생활시설,"근린생활시설,단독주택",470,252.49,1760.24,20031201,6,1,서울특별시 영등포구 대림동 718-1번지
11560,13300,0,0718,0003,,,일반건축물,단독주택,"제1,2종근린생활시설, 주택",0,114.84,487.08,19841005,3,1,서울특별시 영등포구 대림동 718-3번지
11560,13300,0,0718,0004,자홍빌딩,,일반건축물,제2종근린생활시설,제2종근린생활시설,232.5,134.19,480.48,20081001,4,0,서울특별시 영등포구 대림동 718-4번지
11560,13300,0,0718,0005,,,일반건축물,단독주택,주택,0,112.09,326.65,19860613,2,1,서울특별시 영등포구 대림동 718-5번지
11560,13300,0,0718,0006,주용빌딩,,표제부,공동주택,다세대주택(도시형생활주택)및근린생활시설,302.5,181.49,599.9,20130228,5,0,서울특별시 영등포구 대림동 718-6번지
11560,13300,0,0718,0008,,,일반건축물,제1종근린생활시설,근린생활시설,459,224.81,243.91,19930419,1,1,서울특별시 영등포구 대림동 718-8번지
11560,13300,0,0718,0009,,,일반건축물,제1종근린생활시설,"근린생활시설, 주택",0,114.8,441,19860924,3,1,서울특별시 영등포구 대림동 718-9번지
11560,13300,0,0718,0011,,,표제부,공동주택,제2종근린생활시설,230.8,137.72,508.63,20110920,5,0,서울특별시 영등포구 대림동 718-11번지
11560,13300,0,0719,0000,,,일반건축물,제1종근린생활시설,근린생활시설,0,175.4,299.9,19921214,2,1,서울특별시 영등포구 대림동 719번지
11560,13300,0,0719,0001,,,일반건축물,제2종근린생활시설,"업무시설, 근린생활시설",660.4,328.88,2432.31,19910509,6,1,서울특별시 영등포구 대림동 719-1번지
11560,13300,0,0719,0002,,,일반건축물,제2종근린생활시설,"근린생활시설, 교육연구시설, 업무시설",0,375.06,2396.78,19891204,5,1,서울특별시 영등포구 대림동 719-2번지
11560,13300,0,0719,0003,재경빌딩,,일반건축물,제2종근린생활시설,제2종근린생활시설,335.1,165.6,882.48,19881214,4,1,서울특별시 영등포구 대림동 719-3번지
11560,13300,0,0719,0004,,,일반건축물,제1종근린생활시설,"근린생활시설, 주택",0,166.32,1049.82,19890519,5,1,서울특별시 영등포구 대림동 719-4번지
11560,13300,0,0720,0000,,,일반건축물,제1종근린생활시설,"근린생활시설, 주택",0,122.8,491.2,19840519,3,1,서울특별시 영등포구 대림동 720번지
11560,13300,0,0720,0001,,,일반건축물,제2종근린생활시설,"업무시설, 근린생활시설",682.4,332.78,2193.49,19900724,5,1,서울특별시 영등포구 대림동 720-1번지
11560,13300,0,0720,0002,,,일반건축물,제2종근린생활시설,근린생활시설,699.4,66.4,86.2,19880504,2,0,서울특별시 영등포구 대림동 720-2번지
11560,13300,0,0720,0003,,,일반건축물,제1종근린생활시설,근린생활시설,0,171.81,455.67,19921201,2,1,서울특별시 영등포구 대림동 720-3번지
11560,13300,0,0720,0003,,,일반건축물,창고시설,창고시설,0,153.96,307.92,20050614,2,0,서울특별시 영등포구 대림동 720-3번지
11560,13300,0,0720,0004,,,일반건축물,제2종근린생활시설,근린생활시설,700.5,317.48,400.71,19981013,2,1,서울특별시 영등포구 대림동 720-4번지
11560,13300,0,0720,0005,,,일반건축물,제2종근린생활시설,"제1,2종근린생활시설, 주택",0,174,841.13,19840519,4,1,서울특별시 영등포구 대림동 720-5번지
11560,13300,0,0720,0006,,,일반건축물,제2종근린생활시설,"근린생활시설, 주택",0,104,397.8,19840618,3,1,서울특별시 영등포구 대림동 720-6번지
11560,13300,0,0720,0007,,,일반건축물,단독주택,"근린생활시설, 다가구주택",281.2,131.1,574,19831022,4,1,서울특별시 영등포구 대림동 720-7번지
11560,13300,0,0720,0008,,,일반건축물,노유자시설,노유자시설,0,94.5,271.5,19831025,2,1,서울특별시 영등포구 대림동 720-8번지
11560,13300,0,0720,0009,,,일반건축물,단독주택,다가구 주택(10가구),202.3,121,391.38,19931214,3,1,서울특별시 영등포구 대림동 720-9번지
11560,13300,0,0720,0010,,,일반건축물,제1종근린생활시설,근린생활시설,0,99.36,479.49,19920507,4,1,서울특별시 영등포구 대림동 720-10번지
11560,13300,0,0720,0011,,,일반건축물,단독주택,"근린생활시설, 주택",0,93.16,400.04,19871214,3,1,서울특별시 영등포구 대림동 720-11번지
11560,13300,0,0721,0000,,,일반건축물,제2종근린생활시설,"제2종근린생활시설(고시원,일반음식점)",296.5,168.6,616.34,19841102,3,1,서울특별시 영등포구 대림동 721번지
11560,13300,0,0721,0001,,,일반건축물,제1종근린생활시설,"근린생활시설, 주택",0,143.66,574.64,19841229,3,1,서울특별시 영등포구 대림동 721-1번지
11560,13300,0,0721,0002,,,일반건축물,단독주택,"근린생활시설, 주택",0,107.28,429.12,19860523,3,1,서울특별시 영등포구 대림동 721-2번지
11560,13300,0,0721,0003,,,일반건축물,단독주택,다가구주택(14가구),229.7,137.53,467.16,19930118,3,1,서울특별시 영등포구 대림동 721-3번지
11560,13300,0,0721,0004,,,일반건축물,단독주택,"다가구주택, 근린생활시설",231.2,137.55,384.57,20020810,3,0,서울특별시 영등포구 대림동 721-4번지
11560,13300,0,0721,0005,대림평화교회,,일반건축물,종교시설,종교시설,460.9,270.89,1362.19,20060620,5,2,서울특별시 영등포구 대림동 721-5번지
11560,13300,0,0721,0007,,,일반건축물,제2종근린생활시설,근린생활시설,0,229.84,1149.2,19880412,4,1,서울특별시 영등포구 대림동 721-7번지
11560,13300,0,0721,0009,,,일반건축물,제1종근린생활시설,"근린생활시설, 주택",0,144.12,845.02,19910121,5,1,서울특별시 영등포구 대림동 721-9번지
11560,13300,0,0721,0010,,,일반건축물,제1종근린생활시설,근린생활시설,0,139.61,706.75,19890912,4,1,서울특별시 영등포구 대림동 721-10번지
11560,13300,0,0721,0011,,,일반건축물,제2종근린생활시설,제2종근린생활시설,232.5,138.86,457.96,20031022,4,0,서울특별시 영등포구 대림동 721-11번지
11560,13300,0,0721,0012,,,일반건축물,제1종근린생활시설,"근린생활시설, 주택",0,114,441,19860808,3,1,서울특별시 영등포구 대림동 721-12번지
11560,13300,0,0721,0013,온각빌딩,,일반건축물,제2종근린생활시설,제2종근린생활시설 및 제1종근린생활시설,232.7,139.62,601.18,20240208,5,1,서울특별시 영등포구 대림동 721-13번지
11560,13300,0,0721,0014,,,일반건축물,제2종근린생활시설,"근린생활시설, 주택",0,115.2,452.64,19840507,3,1,서울특별시 영등포구 대림동 721-14번지
11560,13300,0,0721,0015,에벤에셀,,일반건축물,단독주택,단독주택,229.2,135.99,396.66,20171010,4,0,서울특별시 영등포구 대림동 721-15번지
11560,13300,0,0721,0016,,,일반건축물,단독주택,주택,0,109.32,327.96,19871018,2,1,서울특별시 영등포구 대림동 721-16번지
11560,13300,0,0721,0017,에바다빌,,일반건축물,제2종근린생활시설,"제2종근린생활시설,주택",218.2,130.9,434.36,20100908,4,0,서울특별시 영등포구 대림동 721-17번지
11560,13300,0,0722,0000,,,일반건축물,단독주택,"근린생활시설, 주택",0,139.64,734.9,19900925,5,1,서울특별시 영등포구 대림동 722번지
11560,13300,0,0722,0000,,,일반건축물,단독주택,주택,0,26.45,26.45,,1,0,서울특별시 영등포구 대림동 722번지
11560,13300,0,0722,0001,파크에비뉴,,표제부,공동주택,공동주택,0,138,497.41,20200916,6,1,서울특별시 영등포구 대림동 722-1번지
11560,13300,0,0722,0001,파크에비뉴,,표제부,공동주택,공동주택,0,138,534.19,20200916,6,0,서울특별시 영등포구 대림동 722-1번지
11560,13300,0,0722,0003,아이유하임B,,표제부,공동주택,공동주택(도시형생활주택(원룸형 12세대)),232.3,137.76,456.26,20210709,5,0,서울특별시 영등포구 대림동 722-3번지
11560,13300,0,0722,0004,아이유하임A,,표제부,공동주택,공동주택(도시형생활주택(원룸형 12세대)),232.1,138.84,462.64,20210709,5,0,서울특별시 영등포구 대림동 722-4번지
11560,13300,0,0722,0005,,,일반건축물,단독주택,"다가구주택(8가구), 근린생활시설",231.4,138.5,454.61,20020528,4,0,서울특별시 영등포구 대림동 722-5번지
11560,13300,0,0722,0006,,,일반건축물,단독주택,다가구주택(14가구),230.3,138.13,473.88,19930330,3,1,서울특별시 영등포구 대림동 722-6번지
11560,13300,0,0722,0007,,,일반건축물,단독주택,다가구용 단독주택(9가구),230.3,138.06,446.4,19960628,3,1,서울특별시 영등포구 대림동 722-7번지
11560,13300,0,0722,0008,,,일반건축물,단독주택,다가구용 단독주택(9가구),231.9,138.06,446.4,19960628,3,1,서울특별시 영등포구 대림동 722-8번지
11560,13300,0,0722,0009,,,일반건축물,제2종근린생활시설,근린생활시설,0,140.24,560.96,19840906,3,1,서울특별시 영등포구 대림동 722-9번지
11560,13300,0,0722,0010,,,일반건축물,제2종근린생활시설,"근린생활시설, 주택",284,151.21,643.57,19920326,4,1,서울특별시 영등포구 대림동 722-10번지
11560,13300,0,0722,0011,,,일반건축물,제2종근린생활시설,근린생활시설,235.3,141.02,376.54,19860512,3,0,서울특별시 영등포구 대림동 722-11번지
11560,13300,0,0722,0012,,,일반건축물,단독주택,주택,231.6,103.82,326.7,19850926,2,1,서울특별시 영등포구 대림동 722-12번지
11560,13300,0,0722,0013,메리티움빌딩,,일반건축물,제2종근린생활시설,사무소,232.1,133.78,538.72,20250324,4,1,서울특별시 영등포구 대림동 722-13번지
11560,13300,0,0722,0014,,,일반건축물,단독주택,다가구용단독주택(14가구),0,118.99,446.97,19910715,3,1,서울특별시 영등포구 대림동 722-14번지
11560,13300,0,0722,0015,,,일반건축물,단독주택,다가구주택,232.4,113.73,388.99,19860705,3,1,서울특별시 영등포구 대림동 722-15번지
11560,13300,0,0722,0016,,,일반건축물,단독주택,다세대주택,0,111.7,327.3,19861227,2,1,서울특별시 영등포구 대림동 722-16번지
11560,13300,0,0722,0017,,,일반건축물,단독주택,주택,237.2,113.76,303.48,19850213,3,1,서울특별시 영등포구 대림동 722-17번지
11560,13300,0,0723,0000,,,일반건축물,제2종근린생활시설,제2종근린생활시설,337.5,184.66,850.34,20111209,4,1,서울특별시 영등포구 대림동 723번지
11560,13300,0,0723,0001,,,일반건축물,제1종근린생활시설,"근린생활시설, 주택",0,167.86,881.63,19901208,4,1,서울특별시 영등포구 대림동 723-1번지
11560,13300,0,0723,0002,,,일반건축물,단독주택,다가구용단독주택(8가구),0,109.9,329.7,19910401,2,1,서울특별시 영등포구 대림동 723-2번지
11560,13300,0,0723,0003,,,일반건축물,단독주택,"다세대주택,근린생활시설(소매점)",0,115.11,329.13,19860724,2,1,서울특별시 영등포구 대림동 723-3번지
11560,13300,0,0723,0004,,,일반건축물,단독주택,다세대주택,0,115.11,329.13,19860724,2,1,서울특별시 영등포구 대림동 723-4번지
11560,13300,0,0723,0005,,,일반건축물,제2종근린생활시설,"근린생활시설, 일반엽무시설",564.5,281.68,1990.04,19930915,6,1,서울특별시 영등포구 대림동 723-5번지
11560,13300,0,0723,0007,,,일반건축물,단독주택,주택,0,110.16,328.32,19870529,2,1,서울특별시 영등포구 대림동 723-7번지
11560,13300,0,0723,0008,,,일반건축물,단독주택,주택,0,108,324,19870708,2,1,서울특별시 영등포구 대림동 723-8번지
11560,13300,0,0723,0009,데에이치대림4차,,표제부,공동주택,다세대주택,546.5,146.6,568.11,20201217,6,1,서울특별시 영등포구 대림동 723-9번지
11560,13300,0,0723,0009,데에이치대림4차,,표제부,공동주택,다세대주택,546.5,146.6,422.61,20201218,6,0,서울특별시 영등포구 대림동 723-9번지
11560,13300,0,0726,0000,,,일반건축물,제2종근린생활시설,"근린생활시설, 주택",0,165.42,661.68,19841017,3,1,서울특별시 영등포구 대림동 726번지
11560,13300,0,0726,0001,,,일반건축물,제1종근린생활시설,"근린생활시설, 주택",0,165.58,850.06,19840425,4,1,서울특별시 영등포구 대림동 726-1번지
11560,13300,0,0726,0002,,,일반건축물,단독주택,단독주택,230.5,137.83,399.77,20110527,5,0,서울특별시 영등포구 대림동 726-2번지
11560,13300,0,0726,0003,,,일반건축물,단독주택,주택,230.5,116.1,407.07,19841208,3,1,서울특별시 영등포구 대림동 726-3번지
11560,13300,0,0726,0004,,,일반건축물,단독주택,단독주택,231.5,138.6,352.79,20120828,4,0,서울특별시 영등포구 대림동 726-4번지
11560,13300,0,0726,0005,,,일반건축물,단독주택,단독주택,231.4,138.6,380.16,20120828,4,0,서울특별시 영등포구 대림동 726-5번지
11560,13300,0,0726,0006,,,일반건축물,단독주택,단독주택,171.5,102.6,309.04,20120830,4,0,서울특별시 영등포구 대림동 726-6번지
11560,13300,0,0726,0007,,,일반건축물,제2종근린생활시설,휴게음식점,339.5,203.35,785.12,20230330,6,1,서울특별시 영등포구 대림동 726-7번지
11560,13300,0,0726,0008,,,일반건축물,단독주택,다가구용단독주택,230.9,138.52,456.97,19990622,3,1,서울특별시 영등포구 대림동 726-8번지
11560,13300,0,0726,0009,,,일반건축물,단독주택,다가구용 단독주택(10가구),232.3,137.76,457.22,19960920,3,1,서울특별시 영등포구 대림동 726-9번지
11560,13300,0,0726,0010,효림빌라,,표제부,공동주택,공동주택(도시형생활주택),230.3,138.06,457.48,20120710,5,0,서울특별시 영등포구 대림동 726-10번지
11560,13300,0,0726,0011,,,일반건축물,단독주택,"단독주택,근린생활시설",230.5,138.2,482.84,20021015,3,1,서울특별시 영등포구 대림동 726-11번지
11560,13300,0,0726,0012,,,일반건축물,단독주택,다가구용단독주택,165.9,99.52,287.73,20000529,3,0,서울특별시 영등포구 대림동 726-12번지
11560,13300,0,0727,0000,,,일반건축물,제1종근린생활시설,"근린생활시설, 주택",0,228.72,996.04,19881224,4,1,서울특별시 영등포구 대림동 727번지
11560,13300,0,0727,0001,,,일반건축물,제2종근린생활시설,사무소,230.7,138.18,569.5,19880907,4,1,서울특별시 영등포구 대림동 727-1번지
11560,13300,0,0727,0002,,,일반건축물,단독주택,다가구주택(13가구 ),229.9,137.87,473.59,19940929,3,1,서울특별시 영등포구 대림동 727-2번지
11560,13300,0,0727,0003,,,일반건축물,제1종근린생활시설,"근린생활시설, 주택",0,114.75,440.64,19841023,3,1,서울특별시 영등포구 대림동 727-3번지
11560,13300,0,0727,0004,,,일반건축물,제2종근린생활시설,"근린생활시설, 주택",0,148.68,778.46,19881130,4,1,서울특별시 영등포구 대림동 727-4번지
11560,13300,0,0727,0005,,,일반건축물,제1종근린생활시설,"근린생활시설, 사무실",0,111.95,458.75,19840426,3,1,서울특별시 영등포구 대림동 727-5번지
11560,13300,0,0727,0006,,,일반건축물,제2종근린생활시설,"근린생활시설, 주택",0,113.28,441.96,19840507,3,1,서울특별시 영등포구 대림동 727-6번지
11560,13300,0,0727,0007,,,일반건축물,제2종근린생활시설,"근린생활시설, 다가구주택(6가구)",0,115.23,467.94,19860705,3,1,서울특별시 영등포구 대림동 727-7번지
11560,13300,0,0728,0000,,,일반건축물,제2종근린생활시설,"근린생활시설, 주택",0,129.71,459.44,19851105,3,1,서울특별시 영등포구 대림동 728번지
11560,13300,0,0728,0001,,,일반건축물,제1종근린생활시설,"근린생활시설, 단독주택",200,119.7,539.4,19950710,4,1,서울특별시 영등포구 대림동 728-1번지
11560,13300,0,0728,0002,,,일반건축물,단독주택,"근린생활시설, 교육연구 및 복지시설, 주택",0,80.76,267.64,19840809,3,1,서울특별시 영등포구 대림동 728-2번지
11560,13300,0,0728,0003,,,일반건축물,단독주택,"다가구주택, 근린생활시설",154.8,92.7,357.05,20000622,4,0,서울특별시 영등포구 대림동 728-3번지
11560,13300,0,0728,0005,,,일반건축물,제2종근린생활시설,"근린생활시설, 주택",0,90.58,514.07,19900904,5,1,서울특별시 영등포구 대림동 728-5번지
11560,13300,0,0729,0000,,,일반건축물,단독주택,"근린생활시설, 주택",0,166,897.84,19881111,4,1,서울특별시 영등포구 대림동 729번지
11560,13300,0,0729,0000,,,일반건축물,단독주택,주택,0,66.12,66.12,,1,0,서울특별시 영등포구 대림동 729번지
11560,13300,0,0729,0001,미래하이츠,,표제부,공동주택,공동주택 (도시형 생활주택),331.8,199.07,659.92,20250120,5,0,서울특별시 영등포구 대림동 729-1번지
11560,13300,0,0729,0002,,,일반건축물,단독주택,"근린생활시설, 주택",0,140.22,503.43,19871123,3,1,서울특별시 영등포구 대림동 729-2번지
11560,13300,0,0729,0003,,,일반건축물,제2종근린생활시설,근린생활시설,286.1,139.32,487.62,19871214,3,1,서울특별시 영등포구 대림동 729-3번지
11560,13300,0,0729,0004,,,일반건축물,단독주택,주택,0,109.96,329.88,19900601,2,1,서울특별시 영등포구 대림동 729-4번지
11560,13300,0,0729,0005,,,일반건축물,단독주택,주택,0,110.16,328.32,19880518,2,1,서울특별시 영등포구 대림동 729-5번지
11560,13300,0,0729,0006,,,일반건축물,제2종근린생활시설,"근린생활시설, 주택",0,174.19,740.84,19841224,3,1,서울특별시 영등포구 대림동 729-6번지
11560,13300,0,0729,0007,현도빌리지 VII,,표제부,공동주택,공동주택(다세대-도시형생활주택),288.5,172.82,560.66,20230809,5,0,서울특별시 영등포구 대림동 729-7번지
11560,13300,0,0729,0008,,,일반건축물,단독주택,"근린생활시설, 주택",0,139.59,558.36,19841011,3,1,서울특별시 영등포구 대림동 729-8번지
11560,13300,0,0730,0000,해울에비뉴730,,표제부,공동주택,공동주택,269.7,161.8,537.4,20161230,5,0,서울특별시 영등포구 대림동 730번지
11560,13300,0,0730,0001,,,일반건축물,제2종근린생활시설,"근린생활시설, 주택",0,62.04,234.96,19871112,3,1,서울특별시 영등포구 대림동 730-1번지
11560,13300,0,0730,0002,,,일반건축물,단독주택,주택,0,110.64,329.52,19860920,2,1,서울특별시 영등포구 대림동 730-2번지
11560,13300,0,0730,0003,,,일반건축물,단독주택,주택,0,82.08,243.54,19840611,2,1,서울특별시 영등포구 대림동 730-3번지
11560,13300,0,0730,0004,,,표제부,공동주택,다세대주택(9세대),212,99.86,448.41,19930928,4,1,서울특별시 영등포구 대림동 730-4번지
11560,13300,0,0731,0000,,,일반건축물,제1종근린생활시설,"근린생활시설, 주택",0,81.72,408.6,19861118,4,1,서울특별시 영등포구 대림동 731번지
11560,13300,0,0731,0001,,,일반건축물,단독주택,다가구용단독주택(14가구),0,133.94,514.04,19921126,3,1,서울특별시 영등포구 대림동 731-1번지
11560,13300,0,0731,0002,오션빌,,일반건축물,단독주택,다가구주택및근린생활시설,207.9,124.62,399.07,20131126,4,0,서울특별시 영등포구 대림동 731-2번지
11560,13300,0,0731,0003,,,일반건축물,단독주택,단독주택 및 근린생활시설,231.6,138.7,399.71,20130628,4,0,서울특별시 영등포구 대림동 731-3번지
11560,13300,0,0731,0004,팰리스카운티,,표제부,공동주택,다세대주택,449.4,230.26,659.61,20131024,5,0,서울특별시 영등포구 대림동 731-4번지
11560,13300,0,0731,0005,,,일반건축물,제2종근린생활시설,"근린생활시설, 주택",0,96.56,467.99,19871112,4,1,서울특별시 영등포구 대림동 731-5번지
11560,13300,0,0732,0000,성지하우스,,표제부,공동주택,공동주택,299.4,179.48,598.72,20170622,5,0,서울특별시 영등포구 대림동 732번지
11560,13300,0,0732,0001,,,일반건축물,제2종근린생활시설,"근린생활시설, 주택",299.9,146.86,663.96,19850514,4,1,서울특별시 영등포구 대림동 732-1번지
11560,13300,0,0732,0002,,,일반건축물,단독주택,주택,0,113.3,326.69,19860802,2,1,서울특별시 영등포구 대림동 732-2번지
11560,13300,0,0732,0003,,,일반건축물,단독주택,주택,0,110.52,326.52,19860821,2,1,서울특별시 영등포구 대림동 732-3번지
11560,13300,0,0732,0004,수경맨션,,표제부,공동주택,다세대주택,232.4,135.88,463.09,20030919,4,0,서울특별시 영등포구 대림동 732-4번지
11560,13300,0,0732,0005,,,일반건축물,제1종근린생활시설,"근린생활시설, 주택",297.4,147.4,719.73,19870624,4,1,서울특별시 영등포구 대림동 732-5번지
11560,13300,0,0732,0006,시그니처 732,,표제부,공동주택,도시형생활주택(원룸형),296.4,176.96,609.68,20230308,5,0,서울특별시 영등포구 대림동 732-6번지
11560,13300,0,0732,0007,드림타운A,,표제부,공동주택,공동주택,231.6,138.27,462.98,20180601,5,0,서울특별시 영등포구 대림동 732-7번지
11560,13300,0,0732,0008,드림타운B,,표제부,공동주택,공동주택,235.1,139.37,453.66,20180517,5,0,서울특별시 영등포구 대림동 732-8번지
11560,13300,0,0732,0009,,,일반건축물,제2종근린생활시설,제2종근린생활시설,231.9,99.84,99.84,20100621,1,0,서울특별시 영등포구 대림동 732-9번지
11560,13300,0,0733,0000,,,일반건축물,단독주택,주택,0,33.06,33.06,,1,0,서울특별시 영등포구 대림동 733번지
11560,13300,0,0733,0000,,,일반건축물,단독주택,주택,0,62.81,62.81,,1,0,서울특별시 영등포구 대림동 733번지
11560,13300,0,0733,0000,,,일반건축물,단독주택,주택,0,36.36,36.36,,1,0,서울특별시 영등포구 대림동 733번지
11560,13300,0,0733,0000,,,일반건축물,단독주택,주택,0,19.83,19.83,,1,0,서울특별시 영등포구 대림동 733번지
11560,13300,0,0733,0000,,,일반건축물,단독주택,주택,0,76.03,76.03,,1,0,서울특별시 영등포구 대림동 733번지
11560,13300,0,0733,0000,보원빌라,,표제부,공동주택,다세대주택(8세대),301.3,172.89,659.72,20020422,5,0,서울특별시 영등포구 대림동 733번지
11560,13300,0,0733,0001,,,일반건축물,제1종근린생활시설,"근린생활시설, 주택",0,149.55,883.88,19900709,5,1,서울특별시 영등포구 대림동 733-1번지
11560,13300,0,0733,0002,,,일반건축물,단독주택,다가구용단독주택,230.5,138.26,466.28,19980629,3,1,서울특별시 영등포구 대림동 733-2번지
11560,13300,0,0733,0003,,,일반건축물,제2종근린생활시설,"근린생활시설, 주택",0,115.2,599.4,19880502,4,1,서울특별시 영등포구 대림동 733-3번지
11560,13300,0,0733,0004,,,일반건축물,제2종근린생활시설,제2종근린생활시설,230.5,124.3,351.29,19861014,3,1,서울특별시 영등포구 대림동 733-4번지
11560,13300,0,0733,0005,,,일반건축물,문화및집회시설,"근린생활시설, 주택",300,148.78,653.62,19871124,3,1,서울특별시 영등포구 대림동 733-5번지
11560,13300,0,0733,0006,,,일반건축물,제1종근린생활시설,"근린생활시설, 주택(다가구주택)",302.5,180.88,739.55,19830716,4,1,서울특별시 영등포구 대림동 733-6번지
11560,13300,0,0733,0007,아이유하임,,표제부,공동주택,공동주택(연립주택),694.7,370.88,1374.34,20210709,5,0,서울특별시 영등포구 대림동 733-7번지
11560,13300,0,0734,0000,,,일반건축물,제1종근린생활시설,제1종근린생활시설,301.3,180.53,672.4,19840208,3,1,서울특별시 영등포구 대림동 734번지
11560,13300,0,0734,0001,,,일반건축물,제2종근린생활시설,"근린생활시설, 주택",0,149.86,619.6,19840611,3,1,서울특별시 영등포구 대림동 734-1번지
11560,13300,0,0734,0002,,,일반건축물,제2종근린생활시설,"근린생활시설, 주택",0,115.2,345.6,19840907,2,1,서울특별시 영등포구 대림동 734-2번지
11560,13300,0,0734,0003,황금봄,,표제부,공동주택,도시형생활주택(원룸형),230,137.46,458.4,20150227,5,0,서울특별시 영등포구 대림동 734-3번지
11560,13300,0,0734,0004,,,일반건축물,제2종근린생활시설,"근린생활시설, 주택",0,114.8,471.8,19840804,3,1,서울특별시 영등포구 대림동 734-4번지
11560,13300,0,0734,0005,,,일반건축물,제2종근린생활시설,"근린생활시설, 주택",0,125.19,620.14,19921202,4,1,서울특별시 영등포구 대림동 734-5번지
11560,13300,0,0734,0006,,,일반건축물,제2종근린생활시설,"근린생활시설, 주택",0,149.04,623.7,19850525,3,1,서울특별시 영등포구 대림동 734-6번지
11560,13300,0,0734,0007,,,표제부,공동주택,공동주택,238,141.95,516.05,20120809,4,0,서울특별시 영등포구 대림동 734-7번지
11560,13300,0,0734,0008,,,일반건축물,단독주택,"단독주택,다가구주택",230.7,138.29,372.99,20031017,3,0,서울특별시 영등포구 대림동 734-8번지
11560,13300,0,0734,0009,,,표제부,공동주택,다세대주택(도시형생활주택),230.3,137.47,460.01,20140114,4,0,서울특별시 영등포구 대림동 734-9번지
11560,13300,0,0735,0000,영남중학교,,일반건축물,교육연구시설,교육연구시설,0,0,90,19960319,1,0,서울특별시 영등포구 대림동 735번지
11560,13300,0,0735,0000,영남중학교,,일반건축물,교육연구시설,교육연구시설,0,0,36,19960319,1,0,서울특별시 영등포구 대림동 735번지
11560,13300,0,0735,0000,영남중학교,,일반건축물,교육연구시설,교육연구시설,0,0,2535.65,19960319,4,0,서울특별시 영등포구 대림동 735번지
11560,13300,0,0735,0000,영남중학교,,일반건축물,교육연구시설,교육연구시설,16507,2283.02,7083.65,19960319,4,0,서울특별시 영등포구 대림동 735번지
11560,13300,0,0735,0000,영남중학교,,일반건축물,교육연구시설,교육연구시설,16507.7,1127.96,1583.25,20191112,2,0,서울특별시 영등포구 대림동 735번지
11560,13300,0,0735,0000,영남중학교,,일반건축물,교육연구시설,교육연구시설,0,0,84,19960319,1,0,서울특별시 영등포구 대림동 735번지
11560,13300,0,0735,0000,영남중학교,,일반건축물,교육연구시설,교육연구시설,16507,996.15,3848.97,19960319,4,0,서울특별시 영등포구 대림동 735번지
11560,13300,0,0736,0002,,,일반건축물,제1종근린생활시설,근린생활시설,0,263.52,263.52,19860106,1,0,서울특별시 영등포구 대림동 736-2번지
11560,13300,0,0737,0000,혜성빌라,,표제부,공동주택,"공동주택(다세대주택),    근린생활시설",259.4,154.59,729.9,20020919,5,0,서울특별시 영등포구 대림동 737번지
11560,13300,0,0737,0001,스페이스빌4,,표제부,공동주택,공동주택(다세대주택),255.6,153.27,624.96,20030410,5,0,서울특별시 영등포구 대림동 737-1번지
11560,13300,0,0737,0002,경동파크빌,,표제부,공동주택,공동주택,255.7,153.38,480.29,20220422,5,0,서울특별시 영등포구 대림동 737-2번지
11560,13300,0,0737,0003,,,일반건축물,단독주택,다가구용 단독주택(11가구),232.8,139.63,471.28,19970618,3,1,서울특별시 영등포구 대림동 737-3번지
11560,13300,0,0737,0004,,,일반건축물,단독주택,주택,0,108,324,19880420,2,1,서울특별시 영등포구 대림동 737-4번지
11560,13300,0,0737,0005,,,일반건축물,단독주택,"근린생활시설, 주택",0,114.3,317.7,19831202,2,1,서울특별시 영등포구 대림동 737-5번지
11560,13300,0,0737,0006,다이얼로그737,,표제부,공동주택,도시형생활주택 단지형연립주택,928.8,552.2,1893.44,20220426,6,0,서울특별시 영등포구 대림동 737-6번지
11560,13300,0,0737,0008,,,일반건축물,제2종근린생활시설,제2종근린생활시설(사무소),231.3,134.12,479.28,20080613,4,0,서울특별시 영등포구 대림동 737-8번지
11560,13300,0,0737,0009,,,일반건축물,제2종근린생활시설,"근린생활시설, 주택",0,136.96,547.82,19830317,4,1,서울특별시 영등포구 대림동 737-9번지
11560,13300,0,0737,0010,스마트 빌,,표제부,공동주택,"공동주택, 제1·2종근린생활시설",281.1,168.225,587.39,20121018,5,1,서울특별시 영등포구 대림동 737-10번지
11560,13300,0,0737,0011,대정이오스,,표제부,공동주택,도시형생활주택 원룸형 (연립주택),466.2,256.52,931.67,20220628,5,0,서울특별시 영등포구 대림동 737-11번지
11560,13300,0,0737,0015,,,표제부,공동주택,다세대주택,230.2,137.08,453.14,20031124,5,0,서울특별시 영등포구 대림동 737-15번지
11560,13300,0,0737,0016,보성아트빌,,표제부,공동주택,공동주택(다세대주택),236.1,141.23,525.44,20021113,4,0,서울특별시 영등포구 대림동 737-16번지
11560,13300,0,0737,0017,,,표제부,공동주택,"다세대주택, 근린생활시설",258.1,152.82,522.94,20001215,4,0,서울특별시 영등포구 대림동 737-17번지
11560,13300,0,0738,0000,,,일반건축물,제2종근린생활시설,"근린생활시설, 주택",0,141.14,564.56,19830831,3,1,서울특별시 영등포구 대림동 738번지
11560,13300,0,0738,0001,,,일반건축물,제1종근린생활시설,"근린생활시설, 주택",0,141.1,791.82,19880512,5,1,서울특별시 영등포구 대림동 738-1번지
11560,13300,0,0738,0002,,,일반건축물,제2종근린생활시설,"근린생활시설, 주택",0,113.1,463.9,19860523,3,1,서울특별시 영등포구 대림동 738-2번지
11560,13300,0,0738,0003,,,일반건축물,단독주택,주택,0,115.2,306.61,19870729,2,1,서울특별시 영등포구 대림동 738-3번지
11560,13300,0,0738,0004,,,일반건축물,단독주택,주택,0,108.92,326.76,19870807,2,1,서울특별시 영등포구 대림동 738-4번지
11560,13300,0,0738,0006,드림타운2,,표제부,공동주택,공동주택,235.2,140.28,470.04,20180727,5,0,서울특별시 영등포구 대림동 738-6번지
11560,13300,0,0738,0007,대림빌딩,,일반건축물,제2종근린생활시설,"일반음식점,사무소,단독주택",229.7,133.82,455.85,20080702,4,0,서울특별시 영등포구 대림동 738-7번지
11560,13300,0,0738,0008,,,일반건축물,단독주택,"근린생활시설, 주택",0,112.32,445.28,19850326,3,1,서울특별시 영등포구 대림동 738-8번지
11560,13300,0,0738,0009,,,일반건축물,단독주택,"근린생활시설, 주택",0,107.28,429.12,19870818,3,1,서울특별시 영등포구 대림동 738-9번지
11560,13300,0,0738,0010,,,일반건축물,제2종근린생활시설,"근린생활시설, 주택",0,144.65,556.24,19840611,3,1,서울특별시 영등포구 대림동 738-10번지
11560,13300,0,0738,0011,,,일반건축물,제2종근린생활시설,"근린생활시설, 주택",0,141.04,705.2,19901015,4,1,서울특별시 영등포구 대림동 738-11번지
11560,13300,0,0738,0012,,,표제부,공동주택,다세대주택,0,109.34,328.02,19860916,2,1,서울특별시 영등포구 대림동 738-12번지
11560,13300,0,0738,0014,원프라임,,표제부,공동주택,도시형생활주택(원룸형)및제2종근린생활시설,245.9,146.98,489.91,20130604,5,0,서울특별시 영등포구 대림동 738-14번지
11560,13300,0,0738,0015,현대모닝빌2,,표제부,공동주택,공동주택,230.8,137.78,457.24,20151102,5,0,서울특별시 영등포구 대림동 738-15번지
11560,13300,0,0738,0016,,,일반건축물,단독주택,다가구용 단독주택,231.9,138.91,461.35,19971029,3,1,서울특별시 영등포구 대림동 738-16번지
11560,13300,0,0738,0018,머뭄 빌,,표제부,공동주택,근생/다세대주택,231.8,139.04,430.43,20220307,5,0,서울특별시 영등포구 대림동 738-18번지
11560,13300,0,0738,0019,,,표제부,공동주택,"공동주택, 제1·2종근린생활시설",229.3,137.34,424.49,20170810,5,0,서울특별시 영등포구 대림동 738-19번지
11560,13300,0,0738,0020,,,일반건축물,단독주택,다가구용 단독주택,231.8,138.98,462.9,19980317,3,1,서울특별시 영등포구 대림동 738-20번지
11560,13300,0,0739,0000,,,일반건축물,제1종근린생활시설,"근린생활시설, 주택",0,144.54,565.2,19830627,3,1,서울특별시 영등포구 대림동 739번지
11560,13300,0,0739,0001,,,일반건축물,제1종근린생활시설,근린생활시설,0,299.85,1230.09,19840907,3,1,서울특별시 영등포구 대림동 739-1번지
11560,13300,0,0739,0002,,,일반건축물,제2종근린생활시설,"근린생활시설, 주택",0,325.9,1937,19910425,5,1,서울특별시 영등포구 대림동 739-2번지
11560,13300,0,0739,0003,,,일반건축물,제1종근린생활시설,근린생활시설,733.6,261.6,551.82,19931210,2,1,서울특별시 영등포구 대림동 739-3번지
11560,13300,0,0739,0004,삼화에코빌1차,,표제부,공동주택,아파트,732.2,298.92,2438.52,20221026,10,1,서울특별시 영등포구 대림동 739-4번지
11560,13300,0,0739,0005,,,일반건축물,제1종근린생활시설,"근린생활시설, 주택",0,119.97,487.8,19880504,3,1,서울특별시 영등포구 대림동 739-5번지
11560,13300,0,0739,0006,,,일반건축물,제2종근린생활시설,"근린생활시설, 주택",0,122.2,494.44,19841201,3,1,서울특별시 영등포구 대림동 739-6번지
11560,13300,0,0739,0007,,,일반건축물,단독주택,주택,0,109.83,329.49,19861118,2,1,서울특별시 영등포구 대림동 739-7번지
11560,13300,0,0739,0008,,,일반건축물,단독주택,주택,0,109.45,328.35,19870718,2,1,서울특별시 영등포구 대림동 739-8번지
11560,13300,0,0739,0009,,,일반건축물,단독주택,주택,0,99.96,299.88,19870820,2,1,서울특별시 영등포구 대림동 739-9번지
11560,13300,0,0739,0010,,,일반건축물,제2종근린생활시설,"근린생활시설, 주택",0,98,365.72,19830701,3,1,서울특별시 영등포구 대림동 739-10번지
11560,13300,0,0739,0011,,,일반건축물,제2종근린생활시설,"근린생활시설, 주택",199.1,96.48,389.76,19840507,3,1,서울특별시 영등포구 대림동 739-11번지
11560,13300,0,0740,0000,,,일반건축물,제2종근린생활시설,근린생활시설,377.7,186.61,1203.53,19890624,5,1,서울특별시 영등포구 대림동 740번지
11560,13300,0,0740,0001,에스케이이그랑빌,,표제부,공동주택,"공동주택, 오피스텔",510.5,242.89,1609.44,20220804,8,1,서울특별시 영등포구 대림동 740-1번지
11560,13300,0,0740,0002,SW740,,표제부,업무시설,오피스텔,544.2,162.35,1596.421,20240208,11,1,서울특별시 영등포구 대림동 740-2번지
11560,13300,0,0740,0003,,,일반건축물,제1종근린생활시설,"근린생활시설, 업무시설",0,356.4,1782,19871123,4,1,서울특별시 영등포구 대림동 740-3번지
11560,13300,0,0740,0005,,,표제부,업무시설,"업무시설, 근린생활시설, 종교시설",728.6,335.53,2196.73,19880209,5,1,서울특별시 영등포구 대림동 740-5번지
11560,13300,0,0740,0006,,,일반건축물,제2종근린생활시설,근린생활시설,0,102.12,495.42,19870703,4,1,서울특별시 영등포구 대림동 740-6번지
11560,13300,0,0740,0007,대림3동 어린이집,,일반건축물,노유자시설,노유자시설(어린이집),285.2,141.89,489.88,20200612,4,1,서울특별시 영등포구 대림동 740-7번지
11560,13300,0,0740,0008,대림동 740-8 복합건물,,일반건축물,제1종근린생활시설,"근린생활시설,다가구주택",268.9,161.22,816.21,20030528,5,1,서울특별시 영등포구 대림동 740-8번지
11560,13300,0,0740,0009,,,일반건축물,단독주택,다세대주택,0,107.88,323.24,19860718,2,1,서울특별시 영등포구 대림동 740-9번지
11560,13300,0,0740,0010,,,일반건축물,제1종근린생활시설,"근린생활시설, 주택",249.2,143.24,498.56,19851209,3,1,서울특별시 영등포구 대림동 740-10번지
11560,13300,0,0740,0011,,,일반건축물,제1종근린생활시설,근린생활시설,244.5,120.96,483.84,19850916,3,1,서울특별시 영등포구 대림동 740-11번지
11560,13300,0,0740,0012,,,일반건축물,단독주택,주택,0,110.1,328.14,19881124,2,1,서울특별시 영등포구 대림동 740-12번지
11560,13300,0,0741,0003,서울도신초등학교,,일반건축물,교육연구시설,교육연구시설,0,1494.6,4609.35,,4,0,서울특별시 영등포구 대림동 741-3번지
11560,13300,0,0741,0003,서울도신초등학교,,일반건축물,교육연구시설,교육연구시설,0,727,2908,,4,0,서울특별시 영등포구 대림동 741-3번지
11560,13300,0,0741,0003,서울도신초등학교,,일반건축물,교육연구시설,교육연구시설,0,495,1980,,4,0,서울특별시 영등포구 대림동 741-3번지
11560,13300,0,0742,0000,동심경로당,,일반건축물,노유자시설,노인정,0,0,136.47,19920714,2,0,서울특별시 영등포구 대림동 742번지
11560,13300,0,0742,0001,,,일반건축물,제2종근린생활시설,"근린생활시설, 주택",0,139.36,586.62,19870715,3,1,서울특별시 영등포구 대림동 742-1번지
11560,13300,0,0742,0002,,,일반건축물,단독주택,"근린생활시설, 주택",0,133.5,493.08,19840829,3,1,서울특별시 영등포구 대림동 742-2번지
11560,13300,0,0742,0003,,,일반건축물,제2종근린생활시설,"근린생활시설, 주택",0,140.16,560.64,19830824,3,1,서울특별시 영등포구 대림동 742-3번지
11560,13300,0,0742,0004,,,일반건축물,제1종근린생활시설,"근린생활시설, 주택",0,138.96,595.08,19870629,3,1,서울특별시 영등포구 대림동 742-4번지
11560,13300,0,0742,0005,현대디자인파크빌,,표제부,공동주택,공동주택,280.6,167.66,559.87,20151224,5,0,서울특별시 영등포구 대림동 742-5번지
11560,13300,0,0742,0006,,,표제부,공동주택,다세대주택,280.9,164.97,633.83,19941224,4,0,서울특별시 영등포구 대림동 742-6번지
11560,13300,0,0742,0007,아하빌딩,,일반건축물,제2종근린생활시설,근린생활시설,0,282.51,1214.68,19860802,4,1,서울특별시 영등포구 대림동 742-7번지
11560,13300,0,0742,0008,,,일반건축물,제1종근린생활시설,근린생활시설,0,114.92,491,19840709,3,1,서울특별시 영등포구 대림동 742-8번지
11560,13300,0,0742,0010,동양파크뷰,,표제부,공동주택,다세대주택,229.6,137.62,458.7,20180917,5,0,서울특별시 영등포구 대림동 742-10번지
11560,13300,0,0742,0011,,,일반건축물,단독주택,다가구용단독주택(11가구),235,140.9,499.22,19960627,3,1,서울특별시 영등포구 대림동 742-11번지
11560,13300,0,0742,0012,Oaktreevil DR1,,표제부,공동주택,공동주택,224.1,134.41,446.92,20221111,5,0,서울특별시 영등포구 대림동 742-12번지
11560,13300,0,0742,0013,,,표제부,공동주택,다세대,238.5,140.67,422.31,20150908,5,0,서울특별시 영등포구 대림동 742-13번지
11560,13300,0,0742,0014,,,일반건축물,단독주택,주택,231.5,112.62,267.74,19831223,2,1,서울특별시 영등포구 대림동 742-14번지
11560,13300,0,0742,0015,,,일반건축물,단독주택,주택,0,104.85,314.55,19831101,2,1,서울특별시 영등포구 대림동 742-15번지
11560,13300,0,0742,0016,,,일반건축물,제2종근린생활시설,"근린생활시설, 주택",0,112.58,442.52,19840629,3,1,서울특별시 영등포구 대림동 742-16번지
11560,13300,0,0742,0017,,,일반건축물,제2종근린생활시설,"근린생활시설, 주택",0,114.57,458.28,19840208,3,1,서울특별시 영등포구 대림동 742-17번지
11560,13300,0,0742,0018,,,일반건축물,단독주택,주택,0,109.08,327.24,19871125,2,1,서울특별시 영등포구 대림동 742-18번지
11560,13300,0,0742,0019,,,표제부,공동주택,다세대주택,0,109.38,329.9,19861110,2,1,서울특별시 영등포구 대림동 742-19번지
11560,13300,0,0742,0020,,,일반건축물,단독주택,"근린생활시설, 주택",0,114.57,458.28,19881004,3,1,서울특별시 영등포구 대림동 742-20번지
11560,13300,0,0742,0021,,,일반건축물,단독주택,"근린생활시설, 주택",0,108,432,19850713,3,1,서울특별시 영등포구 대림동 742-21번지
11560,13300,0,0742,0022,,,일반건축물,단독주택,"근린생활시설, 주택",231.5,115.2,443.52,19860120,3,1,서울특별시 영등포구 대림동 742-22번지
11560,13300,0,0742,0023,,,일반건축물,단독주택,"주택, 근린생활시설",0,108.45,348.57,19850615,2,1,서울특별시 영등포구 대림동 742-23번지
11560,13300,0,0743,0004,,,일반건축물,제2종근린생활시설,"근린생활시설, 주택",231,114.65,566.52,19861229,4,1,서울특별시 영등포구 대림동 743-4번지
11560,13300,0,0743,0008,,,일반건축물,단독주택,"근린생활시설, 주택",140,69.12,294.48,19861218,3,1,서울특별시 영등포구 대림동 743-8번지
11560,13300,0,0743,0009,,,일반건축물,단독주택,"근린생활시설, 주택",0,72,295.2,19861211,3,1,서울특별시 영등포구 대림동 743-9번지
11560,13300,0,0744,0004,,,일반건축물,단독주택,"주택, 근린생활시설",0,66.15,137.49,19760408,2,1,서울특별시 영등포구 대림동 744-4번지
11560,13300,0,0744,0006,,,일반건축물,제1종근린생활시설,근린생활시설,0,0,306.22,19760701,2,1,서울특별시 영등포구 대림동 744-6번지
11560,13300,0,0744,0008,,,일반건축물,단독주택,다가구용단독주택,0,66.39,199.17,19920508,2,1,서울특별시 영등포구 대림동 744-8번지
11560,13300,0,0744,0012,,,일반건축물,단독주택,"근린생활시설, 주택",0,63.56,261.91,19910708,3,1,서울특별시 영등포구 대림동 744-12번지
11560,13300,0,0745,0003,천주교서울대교구대림3동성당,,일반건축물,종교시설,종교시설,1152.11,576.27,1348.71,20120308,4,1,서울특별시 영등포구 대림동 745-3번지
11560,13300,0,0745,0004,,,일반건축물,제2종근린생활시설,교회,0,444.87,1303.38,19840407,3,1,서울특별시 영등포구 대림동 745-4번지
11560,13300,0,0745,0006,가동,,일반건축물,제1종근린생활시설,"주택, 근린생활시설",0,62,185.7,19830809,2,1,서울특별시 영등포구 대림동 745-6번지
11560,13300,0,0745,0011,,,일반건축물,단독주택,주택,0,54.3,162.9,19830809,2,1,서울특별시 영등포구 대림동 745-11번지
11560,13300,0,0746,0001,,,일반건축물,단독주택,주택,0,57.19,125.62,19780513,2,1,서울특별시 영등포구 대림동 746-1번지
11560,13300,0,0746,0002,,,일반건축물,단독주택,"근린생활시설, 주택",126.32,74.34,202.6,19970111,3,0,서울특별시 영등포구 대림동 746-2번지
11560,13300,0,0746,0003,,,일반건축물,단독주택,다가구용 단독주택(3가구),119.18,70.08,179.52,19970311,2,1,서울특별시 영등포구 대림동 746-3번지
11560,13300,0,0746,0004,,,일반건축물,단독주택,다가구용단독주택(5가구),116.12,69.59,199.22,19961209,2,1,서울특별시 영등포구 대림동 746-4번지
11560,13300,0,0746,0005,,,일반건축물,단독주택,다가구용단독주택(5가구),130.6,78.24,212.22,19970213,2,1,서울특별시 영등포구 대림동 746-5번지
11560,13300,0,0746,0006,,,일반건축물,단독주택,단독주택,0,55.48,169.12,19910109,2,1,서울특별시 영등포구 대림동 746-6번지
11560,13300,0,0746,0007,,,일반건축물,단독주택,단독주택,0,60.52,181.56,19900726,2,1,서울특별시 영등포구 대림동 746-7번지
11560,13300,0,0746,0008,,,일반건축물,단독주택,주택,0,55.41,166.23,19900616,2,1,서울특별시 영등포구 대림동 746-8번지
11560,13300,0,0746,0010,,,일반건축물,단독주택,다가구용 단독주택(6가구),131.2,64.85,194.55,19930206,2,1,서울특별시 영등포구 대림동 746-10번지
11560,13300,0,0746,0011,,,일반건축물,단독주택,주택,101.2,56.69,180.47,19900616,3,1,서울특별시 영등포구 대림동 746-11번지
11560,13300,0,0746,0014,,,일반건축물,단독주택,단독주택,0,54.64,163.92,19901108,2,1,서울특별시 영등포구 대림동 746-14번지
11560,13300,0,0746,0015,,,일반건축물,단독주택,단독주택,0,59.19,177.57,19901027,2,1,서울특별시 영등포구 대림동 746-15번지
11560,13300,0,0746,0016,,,일반건축물,단독주택,주택,0,56.79,170.37,19890919,2,1,서울특별시 영등포구 대림동 746-16번지
11560,13300,0,0746,0017,,,일반건축물,단독주택,주택,0,65.21,195.63,19890926,2,1,서울특별시 영등포구 대림동 746-17번지
11560,13300,0,0746,0018,,,일반건축물,단독주택,주택,0,55.32,165.96,19891221,2,1,서울특별시 영등포구 대림동 746-18번지
11560,13300,0,0746,0019,,,일반건축물,단독주택,주택,0,55.62,166.86,19891104,2,1,서울특별시 영등포구 대림동 746-19번지
11560,13300,0,0746,0020,,,일반건축물,단독주택,주택,0,55.35,168.75,19890916,2,1,서울특별시 영등포구 대림동 746-20번지
11560,13300,0,0746,0021,,,일반건축물,단독주택,주택,0,47.21,144.09,19890905,2,1,서울특별시 영등포구 대림동 746-21번지
11560,13300,0,0746,0022,,,일반건축물,단독주택,주택,0,52.23,159.6,19890905,2,1,서울특별시 영등포구 대림동 746-22번지
11560,13300,0,0746,0023,,,일반건축물,단독주택,주택,0,66.83,200.49,19900616,2,1,서울특별시 영등포구 대림동 746-23번지
11560,13300,0,0746,0024,,,일반건축물,제1종근린생활시설,"근린생활시설, 주택",157.4,94.25,452.26,19971011,4,1,서울특별시 영등포구 대림동 746-24번지
11560,13300,0,0746,0029,,,일반건축물,제2종근린생활시설,"근린생활시설, 주택",0,61.92,128.27,19740807,2,1,서울특별시 영등포구 대림동 746-29번지
11560,13300,0,0746,0031,,,일반건축물,단독주택,주택,0,66.36,198.9,19900507,2,1,서울특별시 영등포구 대림동 746-31번지
11560,13300,0,0748,0008,,,일반건축물,단독주택,단독주택,0,51,147.24,19920312,2,1,서울특별시 영등포구 대림동 748-8번지
11560,13300,0,0748,0016,,,일반건축물,단독주택,주택,0,75.07,148.21,19750703,2,1,서울특별시 영등포구 대림동 748-16번지
11560,13300,0,0748,0017,,,일반건축물,단독주택,주택,115.94,68.4,166.1,19750715,3,1,서울특별시 영등포구 대림동 748-17번지
11560,13300,0,0749,0013,,,일반건축물,단독주택,"근린생활시설, 다가구용단독주택(2가구)",0,42.56,170.24,19910725,3,1,서울특별시 영등포구 대림동 749-13번지
11560,13300,0,0749,0014,,,일반건축물,제1종근린생활시설,"근린생활시설, 주택",0,60.89,130.81,19760525,2,1,서울특별시 영등포구 대림동 749-14번지
11560,13300,0,0749,0015,,,일반건축물,단독주택,"근린생활시설, 주택",0,80,132.19,19740812,2,1,서울특별시 영등포구 대림동 749-15번지
11560,13300,0,0749,0016,,,일반건축물,단독주택,다가구용단독주택,0,46.5,138.6,19920730,2,1,서울특별시 영등포구 대림동 749-16번지
11560,13300,0,0749,0017,,,일반건축물,단독주택,주택,0,65.27,128.87,19760430,2,1,서울특별시 영등포구 대림동 749-17번지
11560,13300,0,0749,0018,,,일반건축물,단독주택,다가구용단독주택(5가구),0,62.91,186.21,19910603,2,1,서울특별시 영등포구 대림동 749-18번지
11560,13300,0,0749,0019,,,일반건축물,단독주택,"단독주택(다가구주택, 제1종근린생활시설)",98.92,58.4,197.32,20070528,4,0,서울특별시 영등포구 대림동 749-19번지
11560,13300,0,0749,0020,,,일반건축물,단독주택,다가구용단독주택(3가구),0,60.27,176.25,19921118,2,1,서울특별시 영등포구 대림동 749-20번지
11560,13300,0,0749,0022,,,일반건축물,단독주택,주택(5가구),101.6,57.93,186.74,19890613,3,1,서울특별시 영등포구 대림동 749-22번지
11560,13300,0,0749,0023,,,일반건축물,단독주택,다가구용 단독주택(5가구),87.16,52.28,164.12,19930320,3,1,서울특별시 영등포구 대림동 749-23번지
11560,13300,0,0749,0025,,,일반건축물,단독주택,주택,0,68.67,206.01,19880718,2,1,서울특별시 영등포구 대림동 749-25번지
11560,13300,0,0749,0026,,,일반건축물,단독주택,주택,0,49.85,99.7,19730905,2,0,서울특별시 영등포구 대림동 749-26번지
11560,13300,0,0749,0027,,,일반건축물,단독주택,주택,0,32.73,76.7,19821112,2,1,서울특별시 영등포구 대림동 749-27번지
11560,13300,0,0749,0028,,,일반건축물,단독주택,주택,0,58.41,179.55,19880805,2,1,서울특별시 영등포구 대림동 749-28번지
11560,13300,0,0749,0029,,,일반건축물,단독주택,주택,0,53.37,163.98,19881111,2,1,서울특별시 영등포구 대림동 749-29번지
11560,13300,0,0749,0030,,,일반건축물,단독주택,주택,121,93.73,181.79,19770716,3,1,서울특별시 영등포구 대림동 749-30번지
11560,13300,0,0749,0031,,,일반건축물,단독주택,주택,0,60.46,127.9,19761229,2,1,서울특별시 영등포구 대림동 749-31번지
11560,13300,0,0749,0032,,,일반건축물,단독주택,다가구용단독주택(7가구),0,58.7,181.9,19901010,2,1,서울특별시 영등포구 대림동 749-32번지
11560,13300,0,0749,0033,,,표제부,공동주택,"근린생활시설,다세대주택",99.45,59.02,210.5,20040204,4,0,서울특별시 영등포구 대림동 749-33번지
11560,13300,0,0749,0034,,,일반건축물,제2종근린생활시설,"근린생활시설, 주택",0,57.06,114.07,19750605,2,1,서울특별시 영등포구 대림동 749-34번지
11560,13300,0,0750,0001,,,일반건축물,제1종근린생활시설,"근린생활시설, 주택",0,53.95,245.9,19921204,4,1,서울특별시 영등포구 대림동 750-1번지
11560,13300,0,0750,0003,,,일반건축물,단독주택,주택,0,54.47,176.99,19880829,2,1,서울특별시 영등포구 대림동 750-3번지
11560,13300,0,0750,0006,,,일반건축물,제2종근린생활시설,근린생활시설,307,166.28,824.32,20040202,4,1,서울특별시 영등포구 대림동 750-6번지
11560,13300,0,0750,0008,,,일반건축물,제2종근린생활시설,"근린생활시설, 주택",0,48,182.4,19880615,3,1,서울특별시 영등포구 대림동 750-8번지
11560,13300,0,0750,0010,,,일반건축물,단독주택,"근린생활시설, 주택",0,59.2,194.48,19881012,3,1,서울특별시 영등포구 대림동 750-10번지
11560,13300,0,0750,0011,,,일반건축물,단독주택,단독주택(다가구주택),112,65.8,223.8,20040809,4,0,서울특별시 영등포구 대림동 750-11번지
11560,13300,0,0750,0012,,,일반건축물,단독주택,다가구용단독주택(4가구),0,62.1,179.5,19911126,2,1,서울특별시 영등포구 대림동 750-12번지
11560,13300,0,0750,0015,,,일반건축물,단독주택,다가구용단독주택(5가구),0,63.49,190.47,19911205,2,1,서울특별시 영등포구 대림동 750-15번지
11560,13300,0,0750,0016,,,일반건축물,단독주택,단독주택,0,80.16,238.4,19920526,2,1,서울특별시 영등포구 대림동 750-16번지
11560,13300,0,0750,0017,,,일반건축물,단독주택,주택,0,68.93,138.67,19750731,2,1,서울특별시 영등포구 대림동 750-17번지
11560,13300,0,0750,0018,,,일반건축물,단독주택,주택,0,56.73,120.765,19760923,2,1,서울특별시 영등포구 대림동 750-18번지
11560,13300,0,0750,0019,,,일반건축물,단독주택,"근린생활시설, 다가구주택(2가구)",102,59.04,264.91,20010811,6,0,서울특별시 영등포구 대림동 750-19번지
11560,13300,0,0750,0021,,,일반건축물,제1종근린생활시설,"근린생활시설, 주택",0,98.51,391.34,19811207,3,1,서울특별시 영등포구 대림동 750-21번지
11560,13300,0,0750,0023,,,일반건축물,단독주택,다가구용 단독주택(3가구),97.92,58.48,173.25,19960722,2,1,서울특별시 영등포구 대림동 750-23번지
11560,13300,0,0750,0026,,,일반건축물,제2종근린생활시설,"근린생활시설,주택",219,109.93,492.5,19971226,4,1,서울특별시 영등포구 대림동 750-26번지
11560,13300,0,0751,0001,,,일반건축물,단독주택,단독주택(다중주택),167,98.82,326.8,20160125,3,1,서울특별시 영등포구 대림동 751-1번지
11560,13300,0,0751,0005,,,일반건축물,제1종근린생활시설,근린생활시설,0,146.25,598.16,19840907,3,1,서울특별시 영등포구 대림동 751-5번지
11560,13300,0,0751,0007,,,일반건축물,단독주택,주택,0,33.72,69.43,19801218,2,1,서울특별시 영등포구 대림동 751-7번지
11560,13300,0,0751,0008,,,일반건축물,단독주택,주택,0,49.31,56.51,19750310,1,1,서울특별시 영등포구 대림동 751-8번지
11560,13300,0,0751,0011,,,일반건축물,단독주택,주택,0,49.03,49.03,19700929,1,0,서울특별시 영등포구 대림동 751-11번지
11560,13300,0,0751,0012,,,일반건축물,제2종근린생활시설,근린생활시설,79,49.03,49.03,19700929,1,0,서울특별시 영등포구 대림동 751-12번지
11560,13300,0,0751,0013,,,일반건축물,단독주택,"근린생활시설, 주택",112.2,80.43,179.37,19800905,2,1,서울특별시 영등포구 대림동 751-13번지
11560,13300,0,0751,0019,이화빌라,,표제부,공동주택,다세대주택,166,98.97,363.14,20021010,5,0,서울특별시 영등포구 대림동 751-19번지
11560,13300,0,0751,0021,해뜨루빌,,표제부,공동주택,공동주택,178,106.69,355.81,20160701,5,0,서울특별시 영등포구 대림동 751-21번지
11560,13300,0,0751,0022,우정빌라,,표제부,공동주택,다세대주택,198,116.64,388.34,20090410,5,0,서울특별시 영등포구 대림동 751-22번지
11560,13300,0,0751,0023,,,일반건축물,단독주택,다가구용단독주택,191,114.48,310.68,19971029,3,0,서울특별시 영등포구 대림동 751-23번지
11560,13300,0,0751,0024,,,일반건축물,단독주택,"단독주택,제1종근린생활시설",194,115.92,448.23,20170419,4,1,서울특별시 영등포구 대림동 751-24번지
11560,13300,0,0751,0025,,,일반건축물,단독주택,단독주택,0,90,269.7,19900702,2,1,서울특별시 영등포구 대림동 751-25번지
11560,13300,0,0751,0026,,,일반건축물,단독주택,단독주택 및 근린생활시설,246,145.83,711.69,20180425,5,1,서울특별시 영등포구 대림동 751-26번지
11560,13300,0,0751,0027,,,일반건축물,단독주택,"근린생활시설, 주택",0,102.75,411,19890419,3,1,서울특별시 영등포구 대림동 751-27번지
11560,13300,0,0751,0028,,,일반건축물,제1종근린생활시설,"근린생활시설, 주택",0,250.46,1228.862,19781206,4,1,서울특별시 영등포구 대림동 751-28번지
11560,13300,0,0751,0029,,,일반건축물,단독주택,주택,0,77.69,163.98,19780822,2,1,서울특별시 영등포구 대림동 751-29번지
11560,13300,0,0751,0030,미래스위트하우스에이동,,표제부,공동주택,다세대주택(단지형도시형생활주택),307.55,184.21,589.31,20151014,5,0,서울특별시 영등포구 대림동 751-30번지
11560,13300,0,0751,0031,,,일반건축물,단독주택,다가구주택(8가구),179,106.83,380.88,19950531,3,1,서울특별시 영등포구 대림동 751-31번지
11560,13300,0,0751,0032,,,일반건축물,단독주택,주택,0,79.67,173.56,19780828,2,1,서울특별시 영등포구 대림동 751-32번지
11560,13300,0,0751,0033,,,일반건축물,제2종근린생활시설,근린생활시설,0,402.32,2034.07,19821216,4,1,서울특별시 영등포구 대림동 751-33번지
11560,13300,0,0751,0035,,,일반건축물,단독주택,주택,0,63.14,127.6,19790215,2,1,서울특별시 영등포구 대림동 751-35번지
11560,13300,0,0751,0044,미래스위트하우스비동,,표제부,공동주택,다세대주택(단지형도시형생활주택),286.87,171.66,572.16,20151014,5,0,서울특별시 영등포구 대림동 751-44번지
11560,13300,0,0751,0045,미래스위트하우스씨동,,표제부,공동주택,다세대주택(단지형도시형생활주택),305,182.44,600.09,20151027,5,0,서울특별시 영등포구 대림동 751-45번지
11560,13300,0,0751,0046,미래스위트하우스디동,,표제부,공동주택,다세대주택(단지형도시형생활주택),292.65,175.3,584.28,20151027,5,0,서울특별시 영등포구 대림동 751-46번지
11560,13300,0,0752,0001,,,일반건축물,단독주택,"다가구주택, 제1종근린생활시설",183.5,110.01,311.67,20001031,3,0,서울특별시 영등포구 대림동 752-1번지
11560,13300,0,0752,0002,,,일반건축물,단독주택,다가구용단독주택(3가구),131,68.44,149.97,19931229,2,1,서울특별시 영등포구 대림동 752-2번지
11560,13300,0,0752,0003,,,일반건축물,단독주택,다가구용단독주택(5가구),0,50.82,148.62,19911204,2,1,서울특별시 영등포구 대림동 752-3번지
11560,13300,0,0752,0005,,,일반건축물,단독주택,주택,89,54.79,151.91,19761230,3,1,서울특별시 영등포구 대림동 752-5번지
11560,13300,0,0752,0006,,,일반건축물,단독주택,주택,0,41.48,124.44,19891026,2,1,서울특별시 영등포구 대림동 752-6번지
11560,13300,0,0752,0009,,,일반건축물,단독주택,주택,0,56.33,66.21,19760312,1,1,서울특별시 영등포구 대림동 752-9번지
11560,13300,0,0752,0011,,,일반건축물,단독주택,주택,0,62.84,128.39,19750702,2,1,서울특별시 영등포구 대림동 752-11번지
11560,13300,0,0752,0012,,,일반건축물,단독주택,주택,0,55.44,107.97,,2,1,서울특별시 영등포구 대림동 752-12번지
11560,13300,0,0752,0013,유성파크빌,,표제부,공동주택,도시형생활주택(단지형연립),423.09,222.56,896.83,20230419,6,1,서울특별시 영등포구 대림동 752-13번지
11560,13300,0,0752,0015,,,일반건축물,단독주택,주택,0,41.82,47.77,19710803,1,1,서울특별시 영등포구 대림동 752-15번지
11560,13300,0,0752,0016,,,일반건축물,단독주택,단독형 다가구주택(5가구),86.63,51.96,144.48,19930728,2,1,서울특별시 영등포구 대림동 752-16번지
11560,13300,0,0752,0017,,,일반건축물,단독주택,다가구용단독주택(4가구),0,49.04,147.12,19911029,2,1,서울특별시 영등포구 대림동 752-17번지
11560,13300,0,0752,0019,,,일반건축물,단독주택,다가구용단독주택(3가구),82.83,46.9,148.7,19920129,3,1,서울특별시 영등포구 대림동 752-19번지
11560,13300,0,0752,0020,,,일반건축물,단독주택,다가구주택(5가구),95.49,53.3,159.9,19930724,2,1,서울특별시 영등포구 대림동 752-20번지
11560,13300,0,0752,0021,,,일반건축물,단독주택,다가구주택(6가구),89.95,53.96,181.68,19930610,3,1,서울특별시 영등포구 대림동 752-21번지
11560,13300,0,0752,0022,,,표제부,공동주택,공동주택,130.47,69.31,260.55,20040907,4,0,서울특별시 영등포구 대림동 752-22번지
11560,13300,0,0752,0023,,,일반건축물,단독주택,주택,0,68.2,136.93,19741127,2,1,서울특별시 영등포구 대림동 752-23번지
11560,13300,0,0752,0024,,,일반건축물,단독주택,다가구용단독주택(5가구),0,65.52,195.39,19920421,2,1,서울특별시 영등포구 대림동 752-24번지
11560,13300,0,0752,0025,,,일반건축물,단독주택,다가구용단독주택(4가구),0,52.09,151.86,19910911,2,1,서울특별시 영등포구 대림동 752-25번지
11560,13300,0,0752,0026,,,일반건축물,단독주택,다가구용단독주택(5가구),0,54.27,158,19910911,2,1,서울특별시 영등포구 대림동 752-26번지
11560,13300,0,0752,0027,,,일반건축물,단독주택,다가구용단독주택(5가구),0,53.48,155.92,19920411,2,1,서울특별시 영등포구 대림동 752-27번지
11560,13300,0,0752,0028,,,일반건축물,제2종근린생활시설,"근린생활시설, 주택",0,52.43,104.87,19740919,2,1,서울특별시 영등포구 대림동 752-28번지
11560,13300,0,0752,0029,,,일반건축물,단독주택,"근린생활시설, 주택",0,61.31,111.17,19710926,2,0,서울특별시 영등포구 대림동 752-29번지
11560,13300,0,0752,0030,,,일반건축물,단독주택,다가구용단독주택(5가구),0,56.86,170.58,19911120,2,1,서울특별시 영등포구 대림동 752-30번지
11560,13300,0,0752,0031,,,일반건축물,단독주택,다가구용단독주택(5가구),0,51.19,153.57,19911206,2,1,서울특별시 영등포구 대림동 752-31번지
11560,13300,0,0752,0032,,,일반건축물,단독주택,주택,0,55.7,104.81,19731220,2,1,서울특별시 영등포구 대림동 752-32번지
11560,13300,0,0752,0034,,,일반건축물,단독주택,주택,0,51.87,51.87,19710803,1,0,서울특별시 영등포구 대림동 752-34번지
11560,13300,0,0752,0039,,,일반건축물,단독주택,단독주택,0,43.84,131.52,19901102,2,1,서울특별시 영등포구 대림동 752-39번지
11560,13300,0,0752,0041,,,일반건축물,단독주택,주택,0,53.98,97.85,19740313,2,0,서울특별시 영등포구 대림동 752-41번지
11560,13300,0,0752,0044,,,일반건축물,단독주택,주택,0,74.44,144.48,19740115,2,1,서울특별시 영등포구 대림동 752-44번지
11560,13300,0,0752,0045,,,일반건축물,단독주택,다가구용단독주택(5가구),0,57.74,167.4,19910803,2,1,서울특별시 영등포구 대림동 752-45번지
11560,13300,0,0752,0048,,,일반건축물,단독주택,다가구용단독주택(5가구),0,58.95,174.42,19910926,2,1,서울특별시 영등포구 대림동 752-48번지
11560,13300,0,0752,0049,,,일반건축물,단독주택,다가구 주택,90.54,53.55,147.24,19930617,2,1,서울특별시 영등포구 대림동 752-49번지
11560,13300,0,0752,0050,,,일반건축물,단독주택,다가구용단독주택,0,50.78,152.34,19910801,2,1,서울특별시 영등포구 대림동 752-50번지
11560,13300,0,0752,0051,,,일반건축물,단독주택,다가구용단독주택(5가구),0,53.64,165.75,19911119,2,1,서울특별시 영등포구 대림동 752-51번지
11560,13300,0,0752,0052,,,일반건축물,단독주택,다가구용단독주택(5가구),0,55.16,164.49,19910904,2,1,서울특별시 영등포구 대림동 752-52번지
11560,13300,0,0752,0053,,,일반건축물,제2종근린생활시설,교회,0,245.62,330.58,19790604,2,1,서울특별시 영등포구 대림동 752-53번지
11560,13300,0,0752,0063,,,일반건축물,단독주택,다가구용단독주택(5가구),0,55.15,165.45,19910911,2,1,서울특별시 영등포구 대림동 752-63번지
11560,13300,0,0752,0065,,,일반건축물,단독주택,주택,0,62.25,109.38,19740327,2,0,서울특별시 영등포구 대림동 752-65번지
11560,13300,0,0752,0066,,,일반건축물,단독주택,다가구용단독주택(6가구),0,95.42,249.68,19911018,2,1,서울특별시 영등포구 대림동 752-66번지
11560,13300,0,0752,0067,,,일반건축물,단독주택,다가구용단독주택(4가구),0,59.52,176.06,19911008,2,1,서울특별시 영등포구 대림동 752-67번지
11560,13300,0,0752,0068,,,일반건축물,단독주택,주택,0,49.84,149.52,19890111,2,1,서울특별시 영등포구 대림동 752-68번지
11560,13300,0,0752,0069,,,일반건축물,단독주택,다가구용단독주택(5가구),0,49.34,147.84,19911204,2,1,서울특별시 영등포구 대림동 752-69번지
11560,13300,0,0752,0070,,,일반건축물,단독주택,주택,0,41.34,124.02,19871218,2,1,서울특별시 영등포구 대림동 752-70번지
11560,13300,0,0753,0003,,,일반건축물,단독주택,주택,165,81.72,248.76,19850926,2,1,서울특별시 영등포구 대림동 753-3번지
11560,13300,0,0753,0004,,,일반건축물,제2종근린생활시설,"근린생활시설, 주택",0,68.99,126.56,19731206,2,0,서울특별시 영등포구 대림동 753-4번지
11560,13300,0,0753,0005,,,일반건축물,단독주택,다가구주택,155,91.23,233.13,20040504,3,0,서울특별시 영등포구 대림동 753-5번지
11560,13300,0,0753,0006,,,일반건축물,단독주택,주택,0,50.38,151.14,19890704,2,1,서울특별시 영등포구 대림동 753-6번지
11560,13300,0,0753,0007,,,일반건축물,단독주택,주택,0,52.32,156.96,19890627,2,1,서울특별시 영등포구 대림동 753-7번지
11560,13300,0,0753,0008,,,일반건축물,단독주택,주택,0,62.67,116.1,19731212,2,1,서울특별시 영등포구 대림동 753-8번지
11560,13300,0,0753,0010,,,일반건축물,단독주택,다가구용단독주택(5가구),0,53.76,160.2,19911126,2,1,서울특별시 영등포구 대림동 753-10번지
11560,13300,0,0753,0011,,,일반건축물,단독주택,주택,106,52.65,179.73,19890307,3,1,서울특별시 영등포구 대림동 753-11번지
11560,13300,0,0753,0012,,,일반건축물,단독주택,주택,0,50.75,154.68,19890905,2,1,서울특별시 영등포구 대림동 753-12번지
11560,13300,0,0753,0013,,,일반건축물,단독주택,다가구주택/근린생활시설,109,64.86,217.5,20130430,4,0,서울특별시 영등포구 대림동 753-13번지
11560,13300,0,0753,0015,,,일반건축물,단독주택,다가구용단독주택,130,77.88,216.81,19981112,3,0,서울특별시 영등포구 대림동 753-15번지
11560,13300,0,0753,0016,,,일반건축물,단독주택,다가구용단독주택(3가구),0,53.31,159.93,19910617,2,1,서울특별시 영등포구 대림동 753-16번지
11560,13300,0,0753,0017,,,일반건축물,단독주택,다가구단독주택(5가구),0,66.34,199.02,19911119,2,1,서울특별시 영등포구 대림동 753-17번지
11560,13300,0,0753,0018,,,일반건축물,단독주택,주택,0,52.81,164.32,19890822,2,1,서울특별시 영등포구 대림동 753-18번지
11560,13300,0,0753,0019,,,일반건축물,단독주택,주택,0,60.9,182.7,19890624,2,1,서울특별시 영등포구 대림동 753-19번지
11560,13300,0,0753,0020,,,일반건축물,단독주택,주택,129,74.13,202.29,19890822,2,1,서울특별시 영등포구 대림동 753-20번지
11560,13300,0,0753,0021,,,일반건축물,단독주택,주택,0,57.94,176.62,19891026,2,1,서울특별시 영등포구 대림동 753-21번지
11560,13300,0,0753,0022,,,일반건축물,단독주택,다가구용주택(3가구),112,60.7,189.3,19901025,2,1,서울특별시 영등포구 대림동 753-22번지
11560,13300,0,0753,0023,,,일반건축물,단독주택,다가구용단독주택,122,72.27,209.66,20020516,3,0,서울특별시 영등포구 대림동 753-23번지
11560,13300,0,0753,0024,,,일반건축물,단독주택,단독주택,122,70.95,265.2,20170824,3,1,서울특별시 영등포구 대림동 753-24번지
11560,13300,0,0753,0025,,,일반건축물,단독주택,단독주택,0,59.33,177.99,19900704,2,1,서울특별시 영등포구 대림동 753-25번지
11560,13300,0,0753,0026,,,일반건축물,단독주택,"근린생활시설, 주택",102,60.71,148.08,19930915,2,1,서울특별시 영등포구 대림동 753-26번지
11560,13300,0,0753,0027,,,일반건축물,단독주택,다가구용단독주택,143.06,85.74,241.44,19970520,3,0,서울특별시 영등포구 대림동 753-27번지
11560,13300,0,0753,0028,,,일반건축물,단독주택,주택(2가구),134.06,66.76,224.09,19851109,3,1,서울특별시 영등포구 대림동 753-28번지
11560,13300,0,0753,0029,,,일반건축물,단독주택,다가구단독주택(4가구),0,69.84,209.52,19901101,2,1,서울특별시 영등포구 대림동 753-29번지
11560,13300,0,0753,0030,,,일반건축물,제2종근린생활시설,"근린생활시설, 주택",99,58.31,113.49,19750612,2,1,서울특별시 영등포구 대림동 753-30번지
11560,13300,0,0753,0033,,,일반건축물,단독주택,다가구용단독주택,0,82.77,247.11,19910726,2,1,서울특별시 영등포구 대림동 753-33번지
11560,13300,0,0753,0035,,,일반건축물,제1종근린생활시설,"근린생활시설, 주택, 창고",221,130.76,572.1,19961012,4,1,서울특별시 영등포구 대림동 753-35번지
11560,13300,0,0754,0006,,,일반건축물,제1종근린생활시설,"근린생활시설, 주택",0,65.88,339.78,19920623,4,1,서울특별시 영등포구 대림동 754-6번지
11560,13300,0,0754,0007,,,일반건축물,단독주택,다가구주택,129,76.72,359.47,20030701,5,0,서울특별시 영등포구 대림동 754-7번지
11560,13300,0,0754,0008,,,일반건축물,단독주택,다가구용단독주택,136,66.6,222.83,19911112,3,1,서울특별시 영등포구 대림동 754-8번지
11560,13300,0,0754,0009,,,일반건축물,단독주택,"주택, 근린생활시설",0,77.58,178.74,19781011,2,1,서울특별시 영등포구 대림동 754-9번지
11560,13300,0,0754,0009,이영식건물,,일반건축물,제1종근린생활시설,근린생활시설,0,22.15,22.15,19781011,1,0,서울특별시 영등포구 대림동 754-9번지
11560,13300,0,0754,0010,,,일반건축물,단독주택,다가구용단독주택,120,71.95,199.56,19930623,2,1,서울특별시 영등포구 대림동 754-10번지
11560,13300,0,0754,0011,,,일반건축물,단독주택,단독주택,122,72.05,199.01,20160303,3,1,서울특별시 영등포구 대림동 754-11번지
11560,13300,0,0754,0012,,,일반건축물,단독주택,"다가구주택, 제2종근린생활시설",117,68.54,234.89,20000627,4,0,서울특별시 영등포구 대림동 754-12번지
11560,13300,0,0754,0013,,,일반건축물,단독주택,주택,0,62.1,186.3,19881227,2,1,서울특별시 영등포구 대림동 754-13번지
11560,13300,0,0754,0014,,,일반건축물,단독주택,주택,0,57.78,173.34,19881208,2,1,서울특별시 영등포구 대림동 754-14번지
11560,13300,0,0754,0015,,,표제부,공동주택,공동주택,242,144.9,483.35,20160714,5,0,서울특별시 영등포구 대림동 754-15번지
11560,13300,0,0754,0017,,,일반건축물,단독주택,"주택, 근린생활시설",0,69.13,140.6,19760807,2,1,서울특별시 영등포구 대림동 754-17번지
11560,13300,0,0754,0018,,,일반건축물,단독주택,다가구용단독주택(5가구),0,56.74,177.92,19921023,2,1,서울특별시 영등포구 대림동 754-18번지
11560,13300,0,0754,0019,,,일반건축물,단독주택,주택,122,73.16,153.22,19750520,2,1,서울특별시 영등포구 대림동 754-19번지
11560,13300,0,0754,0020,,,일반건축물,단독주택,다가구용단독주택(5가구),0,67.98,203.94,19901117,2,1,서울특별시 영등포구 대림동 754-20번지
11560,13300,0,0754,0021,,,일반건축물,단독주택,단독주택,0,65.43,196.29,19911111,2,1,서울특별시 영등포구 대림동 754-21번지
11560,13300,0,0754,0022,,,일반건축물,단독주택,다가구용단독주택(3가구),0,66.56,199.68,19921029,2,1,서울특별시 영등포구 대림동 754-22번지
11560,13300,0,0754,0023,,,일반건축물,제2종근린생활시설,"근린생활시설, 주택",0,59.58,149.86,19750721,2,1,서울특별시 영등포구 대림동 754-23번지
11560,13300,0,0754,0024,,,일반건축물,단독주택,주택,0,52.92,158.76,19890704,2,1,서울특별시 영등포구 대림동 754-24번지
11560,13300,0,0754,0025,,,일반건축물,단독주택,주택,0,55.5,166.5,19890703,2,1,서울특별시 영등포구 대림동 754-25번지
11560,13300,0,0754,0026,,,일반건축물,단독주택,다가구주택(3가구),110.04,54.84,186.36,19891213,3,1,서울특별시 영등포구 대림동 754-26번지
11560,13300,0,0754,0029,,,일반건축물,단독주택,주택,0,57.6,172.8,19891227,2,1,서울특별시 영등포구 대림동 754-29번지
11560,13300,0,0754,0030,,,일반건축물,단독주택,주택,0,59.25,177.75,19900706,2,1,서울특별시 영등포구 대림동 754-30번지
11560,13300,0,0754,0031,,,일반건축물,단독주택,주택,0,75.8,142.04,19750414,2,1,서울특별시 영등포구 대림동 754-31번지
11560,13300,0,0754,0035,,,일반건축물,단독주택,주택,0,57.09,67.6,19750621,1,1,서울특별시 영등포구 대림동 754-35번지
11560,13300,0,0754,0039,,,일반건축물,단독주택,다가구용단독주택(5가구),0,53.41,160.23,19911023,2,1,서울특별시 영등포구 대림동 754-39번지
11560,13300,0,0754,0040,,,일반건축물,단독주택,다가구단독주택(5가구),0,67.17,196.86,19901102,2,1,서울특별시 영등포구 대림동 754-40번지
11560,13300,0,0754,0044,,,일반건축물,제2종근린생활시설,"근린생활시설, 주택",0,112.02,608,19901127,4,1,서울특별시 영등포구 대림동 754-44번지
11560,13300,0,0754,0046,,,일반건축물,단독주택,단독주택,116,62.91,208.44,19911105,3,1,서울특별시 영등포구 대림동 754-46번지
11560,13300,0,0754,0047,,,일반건축물,단독주택,다가구단독주택(5가구),0,67.6,199.76,19910916,2,1,서울특별시 영등포구 대림동 754-47번지
11560,13300,0,0754,0048,,,일반건축물,단독주택,다가구용단독주택(5가구),0,76.29,217.17,19911023,2,1,서울특별시 영등포구 대림동 754-48번지
11560,13300,0,0754,0049,,,일반건축물,단독주택,주택,0,54.41,163.23,19891212,2,1,서울특별시 영등포구 대림동 754-49번지
11560,13300,0,0754,0050,,,일반건축물,단독주택,주택,0,57.96,178.08,19880608,2,1,서울특별시 영등포구 대림동 754-50번지
11560,13300,0,0754,0051,,,일반건축물,단독주택,주택,0,50.94,152.82,19891228,2,1,서울특별시 영등포구 대림동 754-51번지
11560,13300,0,0754,0052,,,일반건축물,단독주택,다가구용단독주택(5가구),123,68.71,228.83,19901220,3,1,서울특별시 영등포구 대림동 754-52번지
11560,13300,0,0754,0053,,,일반건축물,단독주택,다가구용단독주택(4가구),93,55.17,178.78,19950830,3,1,서울특별시 영등포구 대림동 754-53번지
11560,13300,0,0754,0054,,,일반건축물,단독주택,주택,0,48.27,89.13,19750801,2,1,서울특별시 영등포구 대림동 754-54번지
11560,13300,0,0754,0057,,,일반건축물,제1종근린생활시설,근린생활시설,0,105.84,423.36,19830816,3,1,서울특별시 영등포구 대림동 754-57번지
11560,13300,0,0754,0059,,,일반건축물,단독주택,주택,0,51.54,62.88,19750705,1,1,서울특별시 영등포구 대림동 754-59번지
11560,13300,0,0755,0002,,,표제부,제2종근린생활시설,"근린생활시설, 주택",0,260.17,966.7,19801004,3,1,서울특별시 영등포구 대림동 755-2번지
11560,13300,0,0755,0004,,,일반건축물,단독주택,주택,0,37.17,113.85,19881228,2,1,서울특별시 영등포구 대림동 755-4번지
11560,13300,0,0755,0005,,,일반건축물,단독주택,주택,0,44.82,141.66,19890111,2,1,서울특별시 영등포구 대림동 755-5번지
11560,13300,0,0755,0006,,,일반건축물,단독주택,주택,0,38.46,113.22,19880830,2,1,서울특별시 영등포구 대림동 755-6번지
11560,13300,0,0755,0007,,,일반건축물,단독주택,주택,0,57.72,57.72,19680615,1,0,서울특별시 영등포구 대림동 755-7번지
11560,13300,0,0755,0008,,,일반건축물,단독주택,주택,0,45.32,135.95,19871224,2,1,서울특별시 영등포구 대림동 755-8번지
11560,13300,0,0755,0009,,,일반건축물,단독주택,다가구용단독주택(3가구),80,46.8,119.88,19961010,2,1,서울특별시 영등포구 대림동 755-9번지
11560,13300,0,0755,0010,,,일반건축물,단독주택,"근린생활시설, 주택",0,47.07,141.21,19880811,2,1,서울특별시 영등포구 대림동 755-10번지
11560,13300,0,0755,0011,,,일반건축물,단독주택,"근린생활시설, 다가구용주택",0,46.95,140.85,19910723,2,1,서울특별시 영등포구 대림동 755-11번지
11560,13300,0,0755,0012,,,일반건축물,단독주택,"근린생활시설, 단독주택",60.4,36,99.89,20020517,3,0,서울특별시 영등포구 대림동 755-12번지
11560,13300,0,0755,0014,,,일반건축물,단독주택,단독주택,160,83.57,241.87,20020520,2,1,서울특별시 영등포구 대림동 755-14번지
11560,13300,0,0755,0015,,,일반건축물,단독주택,다가구용 단독주택(5가구),165,98.85,288.04,19951005,3,1,서울특별시 영등포구 대림동 755-15번지
11560,13300,0,0755,0016,,,일반건축물,단독주택,다가구용 단독주택(3가구),79,48.88,118.7,19960109,2,1,서울특별시 영등포구 대림동 755-16번지
11560,13300,0,0755,0017,,,일반건축물,단독주택,단독주택,68.5,44.4,119.7,19990729,2,1,서울특별시 영등포구 대림동 755-17번지
11560,13300,0,0755,0019,,,일반건축물,단독주택,주택,0,54.78,66.55,19770506,1,1,서울특별시 영등포구 대림동 755-19번지
11560,13300,0,0755,0020,,,일반건축물,단독주택,다가구용단독주택(3가구),79.1,46.35,118.67,19961010,2,1,서울특별시 영등포구 대림동 755-20번지
11560,13300,0,0755,0021,,,일반건축물,제1종근린생활시설,"점포, 주택",0,0,257.52,19800905,2,1,서울특별시 영등포구 대림동 755-21번지
11560,13300,0,0755,0022,,,일반건축물,단독주택,주택,0,46.28,46.28,19710629,1,0,서울특별시 영등포구 대림동 755-22번지
11560,13300,0,0755,0023,,,일반건축물,단독주택,주택,0,25.69,25.69,19711013,1,0,서울특별시 영등포구 대림동 755-23번지
11560,13300,0,0755,0024,,,일반건축물,제2종근린생활시설,근린생활시설,0,64.32,315.36,,4,1,서울특별시 영등포구 대림동 755-24번지
11560,13300,0,0755,0027,,,일반건축물,단독주택,주택,0,44.13,44.13,19710629,1,0,서울특별시 영등포구 대림동 755-27번지
11560,13300,0,0755,0028,,,일반건축물,단독주택,주택,83,39.1,44.16,19711013,1,1,서울특별시 영등포구 대림동 755-28번지
11560,13300,0,0755,0037,,,일반건축물,제1종근린생활시설,제1종근린생활시설,54,21.45,21.45,20140331,1,0,서울특별시 영등포구 대림동 755-37번지
11560,13300,0,0756,0000,,,일반건축물,제1종근린생활시설,"근린생활시설, 주택",237,109.59,295.97,19811214,3,1,서울특별시 영등포구 대림동 756번지
11560,13300,0,0756,0004,,,일반건축물,제2종근린생활시설,"근린생활시설, 창고",0,143.47,745.13,19811106,4,1,서울특별시 영등포구 대림동 756-4번지
11560,13300,0,0756,0005,동성빌딩,,일반건축물,제1종근린생활시설,근린생활시설,398,179.95,759.93,19801220,5,1,서울특별시 영등포구 대림동 756-5번지
11560,13300,0,0756,0006,,,일반건축물,제1종근린생활시설,"근린생활시설, 사무시설",0,152,822,19830914,4,1,서울특별시 영등포구 대림동 756-6번지
11560,13300,0,0757,0004,,,일반건축물,단독주택,단독주택,135.73,80.89,298.09,20180315,3,1,서울특별시 영등포구 대림동 757-4번지
11560,13300,0,0757,0007,,,일반건축물,단독주택,주택,0,74.07,90.24,19740904,2,1,서울특별시 영등포구 대림동 757-7번지
11560,13300,0,0757,0009,,,일반건축물,단독주택,다가구용단독주택(5가구),0,54.83,171.81,19860721,2,1,서울특별시 영등포구 대림동 757-9번지
11560,13300,0,0757,0010,,,일반건축물,단독주택,주택,0,80.2,158.88,19740808,2,0,서울특별시 영등포구 대림동 757-10번지
11560,13300,0,0757,0011,,,일반건축물,제2종근린생활시설,근린생활시설,331,75,75,19970908,1,0,서울특별시 영등포구 대림동 757-11번지
11560,13300,0,0758,0001,,,일반건축물,제2종근린생활시설,"근린생활시설, 주택",0,101.7,437.24,19891215,3,1,서울특별시 영등포구 대림동 758-1번지
11560,13300,0,0758,0003,,,일반건축물,제1종근린생활시설,"근린생활시설, 주택",0,123.54,514.77,19891115,4,1,서울특별시 영등포구 대림동 758-3번지
11560,13300,0,0758,0010,,,일반건축물,단독주택,주택,0,72.54,217.62,19891227,2,1,서울특별시 영등포구 대림동 758-10번지
11560,13300,0,0758,0011,,,일반건축물,단독주택,주택,0,69.3,211.77,19891227,2,1,서울특별시 영등포구 대림동 758-11번지
11560,13300,0,0758,0012,,,일반건축물,단독주택,주택,0,71.24,213.72,19891123,2,1,서울특별시 영등포구 대림동 758-12번지
11560,13300,0,0758,0013,,,일반건축물,단독주택,다가구주택,136,81.58,293.35,20110823,5,0,서울특별시 영등포구 대림동 758-13번지
11560,13300,0,0758,0014,,,일반건축물,단독주택,주택,0,67.39,202.17,19891211,2,1,서울특별시 영등포구 대림동 758-14번지
11560,13300,0,0758,0015,,,일반건축물,단독주택,주택,136,78.86,226.71,19891110,3,1,서울특별시 영등포구 대림동 758-15번지
11560,13300,0,0758,0016,,,일반건축물,단독주택,주택,0,100.53,301.59,19900517,2,1,서울특별시 영등포구 대림동 758-16번지
11560,13300,0,0758,0017,,,일반건축물,단독주택,주택,0,62.34,187.02,19891109,2,1,서울특별시 영등포구 대림동 758-17번지
11560,13300,0,0758,0018,,,일반건축물,단독주택,주택,0,70.63,211.89,19900501,2,1,서울특별시 영등포구 대림동 758-18번지
11560,13300,0,0758,0019,,,일반건축물,단독주택,주택,0,69.62,208.86,19900324,2,1,서울특별시 영등포구 대림동 758-19번지
11560,13300,0,0758,0020,,,일반건축물,단독주택,주택,0,68.7,206.1,19891207,2,1,서울특별시 영등포구 대림동 758-20번지
11560,13300,0,0758,0021,,,일반건축물,단독주택,주택,0,58.64,186.59,19891031,2,1,서울특별시 영등포구 대림동 758-21번지
11560,13300,0,0758,0022,,,일반건축물,단독주택,주택,0,73.38,220.14,19891227,2,1,서울특별시 영등포구 대림동 758-22번지
11560,13300,0,0758,0023,,,일반건축물,단독주택,주택,0,63.7,191.1,19900213,2,1,서울특별시 영등포구 대림동 758-23번지
11560,13300,0,0758,0024,,,일반건축물,단독주택,주택,0,72.19,216.57,19891013,2,1,서울특별시 영등포구 대림동 758-24번지
11560,13300,0,0758,0025,,,일반건축물,단독주택,주택,0,66.06,198.18,19891121,2,1,서울특별시 영등포구 대림동 758-25번지
11560,13300,0,0758,0026,,,일반건축물,단독주택,다가구주택,0,67.41,202.23,19891125,2,1,서울특별시 영등포구 대림동 758-26번지
11560,13300,0,0758,0027,,,일반건축물,단독주택,주택,0,67.2,205.11,19891120,2,1,서울특별시 영등포구 대림동 758-27번지
11560,13300,0,0759,0001,,,일반건축물,단독주택,주택,0,31.64,31.64,19711217,1,0,서울특별시 영등포구 대림동 759-1번지
11560,13300,0,0759,0002,,,일반건축물,단독주택,주택,0,72.54,217.62,19861205,2,1,서울특별시 영등포구 대림동 759-2번지
11560,13300,0,0759,0003,,,일반건축물,단독주택,주택,0,63.11,63.11,,1,0,서울특별시 영등포구 대림동 759-3번지
11560,13300,0,0759,0004,,,일반건축물,단독주택,다가구용단독주택,0,65.76,197.28,19910603,2,1,서울특별시 영등포구 대림동 759-4번지
11560,13300,0,0759,0005,,,일반건축물,단독주택,다가구용단독주택(6가구),132.39,65.78,219.42,19901231,3,1,서울특별시 영등포구 대림동 759-5번지
11560,13300,0,0759,0007,,,일반건축물,제1종근린생활시설,제1종근린생활시설,236.13,135,484.16,20110816,4,0,서울특별시 영등포구 대림동 759-7번지
11560,13300,0,0759,0009,,,일반건축물,단독주택,"근린생활시설, 주택",99.16,59.34,228.54,19931202,3,1,서울특별시 영등포구 대림동 759-9번지
11560,13300,0,0759,0010,,,일반건축물,단독주택,다가구주택(5가구),137.02,80.72,224.37,20011026,4,0,서울특별시 영등포구 대림동 759-10번지
11560,13300,0,0759,0011,,,일반건축물,단독주택,단독주택,145.4,86.07,255.14,20020702,4,0,서울특별시 영등포구 대림동 759-11번지
11560,13300,0,0759,0012,구립영인경로당,,일반건축물,단독주택,주택,0,66.12,132.24,19700902,2,0,서울특별시 영등포구 대림동 759-12번지
11560,13300,0,0759,0013,다온빌,,일반건축물,단독주택,단독주택,135.3,80.94,331.72,20181106,4,1,서울특별시 영등포구 대림동 759-13번지
11560,13300,0,0759,0014,,,일반건축물,단독주택,주택,0,44.58,44.58,19710826,1,0,서울특별시 영등포구 대림동 759-14번지
11560,13300,0,0759,0017,,,일반건축물,단독주택,단독주택,0,66.78,200.34,19911127,2,1,서울특별시 영등포구 대림동 759-17번지
11560,13300,0,0759,0018,,,일반건축물,단독주택,주택,0,60.64,181.92,19890822,2,1,서울특별시 영등포구 대림동 759-18번지
11560,13300,0,0759,0019,,,일반건축물,단독주택,주택,0,46.08,138.24,19891031,2,1,서울특별시 영등포구 대림동 759-19번지
11560,13300,0,0759,0020,,,일반건축물,단독주택,주택,0,44.57,44.57,19710826,1,0,서울특별시 영등포구 대림동 759-20번지
11560,13300,0,0759,0022,,,일반건축물,단독주택,주택,0,70.77,213.71,19900612,2,1,서울특별시 영등포구 대림동 759-22번지
11560,13300,0,0760,0001,수목아트빌,,표제부,공동주택,다세대주택,0,188.11,665.8,20090324,5,0,서울특별시 영등포구 대림동 760-1번지
11560,13300,0,0760,0001,수목아트빌,,표제부,공동주택,다세대주택,0,191.13,658.52,20090324,5,0,서울특별시 영등포구 대림동 760-1번지
11560,13300,0,0760,0003,,,일반건축물,공장,공장,0,735.67,735.67,19710830,1,0,서울특별시 영등포구 대림동 760-3번지
11560,13300,0,0760,0003,,,일반건축물,창고시설,"도료창고, 변전실, 쇼트테트라스트실",0,256.89,346.08,19691215,1,1,서울특별시 영등포구 대림동 760-3번지
11560,13300,0,0760,0004,,,일반건축물,공장,공장,0,0,201.97,19700623,1,0,서울특별시 영등포구 대림동 760-4번지
11560,13300,0,0760,0007,,,일반건축물,단독주택,주택,0,64.14,192.42,19880921,2,1,서울특별시 영등포구 대림동 760-7번지
11560,13300,0,0760,0008,,,일반건축물,단독주택,주택,0,48.24,144.72,19891122,2,1,서울특별시 영등포구 대림동 760-8번지
11560,13300,0,0760,0009,,,일반건축물,단독주택,주택,0,54.54,163.62,19880919,2,1,서울특별시 영등포구 대림동 760-9번지
11560,13300,0,0760,0010,,,일반건축물,창고시설,창고시설,87.85,22.4,22.4,20021010,1,0,서울특별시 영등포구 대림동 760-10번지
11560,13300,0,0760,0011,,,일반건축물,제2종근린생활시설,제2종근린생활시설,0,55.6,103.2,19710505,2,0,서울특별시 영등포구 대림동 760-11번지
11560,13300,0,0762,0001,,,일반건축물,공장,"공장, 사무실",0,0,2724.71,19720229,2,1,서울특별시 영등포구 대림동 762-1번지
11560,13300,0,0762,0004,,,일반건축물,창고시설,"창고, 사무실",0,607.47,607.47,19740727,1,0,서울특별시 영등포구 대림동 762-4번지
11560,13300,0,0765,0001,,,일반건축물,단독주택,주택,0,42.98,42.98,,1,0,서울특별시 영등포구 대림동 765-1번지
11560,13300,0,0765,0003,,,일반건축물,단독주택,주택,0,39.66,39.66,,1,0,서울특별시 영등포구 대림동 765-3번지
11560,13300,0,0765,0003,,,일반건축물,단독주택,주택,0,35.83,35.83,19580410,1,0,서울특별시 영등포구 대림동 765-3번지
11560,13300,0,0765,0007,,,일반건축물,단독주택,주택,0,27.77,27.77,19651001,1,0,서울특별시 영등포구 대림동 765-7번지
11560,13300,0,0766,0001,,,표제부,공동주택,다세대주택,0,127.37,599.36,19910722,4,1,서울특별시 영등포구 대림동 766-1번지
11560,13300,0,0766,0002,,,일반건축물,단독주택,주택,0,69.66,208.98,19900407,2,1,서울특별시 영등포구 대림동 766-2번지
11560,13300,0,0766,0005,,,일반건축물,제1종근린생활시설,"근린생활시설, 다가구주택",160,94.85,281.74,19860407,3,1,서울특별시 영등포구 대림동 766-5번지
11560,13300,0,0766,0006,,,일반건축물,단독주택,"주택, 점포",78,44.8,138.58,19851220,2,1,서울특별시 영등포구 대림동 766-6번지
11560,13300,0,0766,0007,,,일반건축물,제1종근린생활시설,"근린생활시설, 주택",0,30.69,96.69,19860722,2,1,서울특별시 영등포구 대림동 766-7번지
11560,13300,0,0766,0010,,,일반건축물,제2종근린생활시설,"근린생활시설, 주택",62,47.31,173.91,19860715,3,1,서울특별시 영등포구 대림동 766-10번지
11560,13300,0,0767,0004,,,일반건축물,단독주택,"근린생활시설, 주택",220,107.63,538.15,19931122,4,1,서울특별시 영등포구 대림동 767-4번지
11560,13300,0,0768,0000,,,일반건축물,단독주택,주택,0,46.28,46.28,,1,0,서울특별시 영등포구 대림동 768번지
11560,13300,0,0768,0001,,,일반건축물,단독주택,주택,0,78.54,247.94,19900319,2,1,서울특별시 영등포구 대림동 768-1번지
11560,13300,0,0768,0003,,,일반건축물,단독주택,단독주택,0,74.97,235.23,19900822,2,1,서울특별시 영등포구 대림동 768-3번지
11560,13300,0,0768,0004,,,일반건축물,단독주택,단독주택,0,49.45,148.35,19900829,2,1,서울특별시 영등포구 대림동 768-4번지
11560,13300,0,0769,0000,,,일반건축물,단독주택,주택,0,39.67,39.67,,1,0,서울특별시 영등포구 대림동 769번지
11560,13300,0,0769,0002,,,일반건축물,단독주택,주택,0,62.81,62.81,19680809,1,0,서울특별시 영등포구 대림동 769-2번지
11560,13300,0,0769,0004,,,일반건축물,단독주택,다가구용 단독주택,256,130.19,336.75,19931124,2,1,서울특별시 영등포구 대림동 769-4번지
11560,13300,0,0770,0002,,,표제부,공동주택,다세대주택(9세대),0,149.74,449.22,19910724,2,1,서울특별시 영등포구 대림동 770-2번지
11560,13300,0,0770,0003,,,일반건축물,단독주택,"근린생활시설, 단독주택(다가구주택)",331,164.34,750.36,19890828,4,1,서울특별시 영등포구 대림동 770-3번지
11560,13300,0,0770,0005,,,일반건축물,제2종근린생활시설,"제1,2종근린생활시설",808.44,477.73,1471.98,20100309,2,1,서울특별시 영등포구 대림동 770-5번지
11560,13300,0,0770,0011,,,일반건축물,단독주택,"근린생활시설, 주택",218,130.79,460.43,19971128,3,1,서울특별시 영등포구 대림동 770-11번지
11560,13300,0,0772,0001,,,일반건축물,제2종근린생활시설,"근린생활시설, 주택",352,175.7,658.98,19830803,3,1,서울특별시 영등포구 대림동 772-1번지
11560,13300,0,0772,0002,대림 센트리빌,,표제부,공동주택,공동주택,379.74,162.26,649.04,20030211,4,0,서울특별시 영등포구 대림동 772-2번지
11560,13300,0,0772,0004,,,일반건축물,제1종근린생활시설,근린생활시설,0,133.3,399.9,19831031,2,1,서울특별시 영등포구 대림동 772-4번지
11560,13300,0,0773,0002,,,일반건축물,단독주택,"근린생활시설, 주택",231,106.8,499.98,19880603,4,1,서울특별시 영등포구 대림동 773-2번지
11560,13300,0,0773,0003,,,일반건축물,단독주택,"근린생활시설, 주택",202,100.74,494.67,19940203,4,1,서울특별시 영등포구 대림동 773-3번지
11560,13300,0,0773,0011,황재빌라,,표제부,공동주택,다세대주택,157,78.36,267.6,20020716,4,0,서울특별시 영등포구 대림동 773-11번지
11560,13300,0,0773,0012,,,일반건축물,단독주택,"근린생활시설, 주택",110,65.95,194.2,19860905,2,1,서울특별시 영등포구 대림동 773-12번지
11560,13300,0,0775,0000,,,일반건축물,제2종근린생활시설,근린생활시설,662.5,396.75,1169.5,20020711,4,0,서울특별시 영등포구 대림동 775번지
11560,13300,0,0775,0001,,,일반건축물,제2종근린생활시설,"근린생활시설,문화및집회시설",425.6,210.64,1380.53,19880922,6,1,서울특별시 영등포구 대림동 775-1번지
11560,13300,0,0775,0002,,,일반건축물,제1종근린생활시설,근린생활시설,331.1,197.47,197.47,19940528,1,0,서울특별시 영등포구 대림동 775-2번지
11560,13300,0,0775,0003,,,일반건축물,제2종근린생활시설,"업무시설, 근린생활시설",929,448.92,3642.38,19940128,10,1,서울특별시 영등포구 대림동 775-3번지
11560,13300,0,0775,0004,,,표제부,근린생활시설,"근린생활시설, 업무시설",662.6,305.14,1645.54,19881202,5,1,서울특별시 영등포구 대림동 775-4번지
11560,13300,0,0775,0005,,,일반건축물,제2종근린생활시설,"업무시설, 근린생활시설",0,311.03,1952.4,19900106,5,1,서울특별시 영등포구 대림동 775-5번지
11560,13300,0,0775,0006,,,일반건축물,제2종근린생활시설,"근린생활시설, 업무시설, 창고시설",678.1,350.85,2453.17,19950712,7,1,서울특별시 영등포구 대림동 775-6번지
11560,13300,0,0775,0007,,,일반건축물,제1종근린생활시설,"근린생활시설(소매점,일반음식점)",765.27,330.48,460.48,19941104,1,1,서울특별시 영등포구 대림동 775-7번지
11560,13300,0,0775,0008,,,일반건축물,자동차관련시설,자동차관련시설(세차장),266.8,92.56,92.56,20010712,1,0,서울특별시 영등포구 대림동 775-8번지
11560,13300,0,0775,0009,,,일반건축물,제1종근린생활시설,"근린생활시설, 다가구주택(2가구)",349.8,162,893.71,19871005,5,1,서울특별시 영등포구 대림동 775-9번지
11560,13300,0,0775,0010,,,일반건축물,제2종근린생활시설,제2종근린생활시설(사무소및제조업),328.8,162.55,598.1,19870601,4,1,서울특별시 영등포구 대림동 775-10번지
11560,13300,0,0775,0011,Oaktreevil DR2,,표제부,공동주택,도시형생활주택(단지형다세대주택),311.7,155.35,659.99,20221128,6,1,서울특별시 영등포구 대림동 775-11번지
11560,13300,0,0775,0013,,,일반건축물,단독주택,주택,0,109.68,329.04,19870801,2,1,서울특별시 영등포구 대림동 775-13번지
11560,13300,0,0775,0014,태성파크타운,,표제부,공동주택,연립주택,533.5,266.01,1304.68,20250225,6,1,서울특별시 영등포구 대림동 775-14번지
11560,13300,0,0775,0016,,,일반건축물,제2종근린생활시설,"근린생활시설, 주택",266.5,152.8,752.16,19840612,4,1,서울특별시 영등포구 대림동 775-16번지
11560,13300,0,0776,0000,,,일반건축물,제1종근린생활시설,근린생활시설,0,193.51,213.31,19871021,1,1,서울특별시 영등포구 대림동 776번지
11560,13300,0,0776,0001,,,일반건축물,제1종근린생활시설,근린생활시설,449,13.5,13.5,20030923,1,0,서울특별시 영등포구 대림동 776-1번지
11560,13300,0,0776,0001,,,일반건축물,제1종근린생활시설,근린생활시설,449,101.25,101.25,19960425,1,0,서울특별시 영등포구 대림동 776-1번지
11560,13300,0,0776,0001,,,일반건축물,제1종근린생활시설,근린생활시설,449,29.6,29.6,19990614,1,0,서울특별시 영등포구 대림동 776-1번지
11560,13300,0,0776,0002,,,일반건축물,제1종근린생활시설,근린생활시설,661.52,0,706.2,19860106,2,1,서울특별시 영등포구 대림동 776-2번지
11560,13300,0,0776,0003,,,일반건축물,위험물저장및처리시설,위험물저장및처리시설(주유소),1331.5,576.34,788.24,19940825,2,1,서울특별시 영등포구 대림동 776-3번지
11560,13300,0,0776,0005,,,일반건축물,제1종근린생활시설,근린생활시설,308,153.61,654.04,19830709,3,1,서울특별시 영등포구 대림동 776-5번지
11560,13300,0,0776,0006,,,일반건축물,제1종근린생활시설,근린생활시설,0,164.95,922.19,19890710,4,1,서울특별시 영등포구 대림동 776-6번지
11560,13300,0,0776,0007,,,일반건축물,단독주택,주택,0,109.86,329.58,19870501,2,1,서울특별시 영등포구 대림동 776-7번지
11560,13300,0,0776,0008,대림3파출소,,일반건축물,제1종근린생활시설,파출소,266.1,133.01,431.75,20260213,4,0,서울특별시 영등포구 대림동 776-8번지
11560,13300,0,0776,0009,,,표제부,공동주택,공동주택,330.6,163.2,634.53,20160719,5,0,서울특별시 영등포구 대림동 776-9번지
11560,13300,0,0776,0010,,,표제부,공동주택,공동주택,336.6,166.86,658.3,20170627,5,0,서울특별시 영등포구 대림동 776-10번지
11560,13300,0,0776,0011,,,일반건축물,제1종근린생활시설,"근린생활시설, 주택",0,111.25,485.05,19830627,3,1,서울특별시 영등포구 대림동 776-11번지
11560,13300,0,0776,0012,,,일반건축물,제2종근린생활시설,"근린생활시설, 주택",270.9,133.76,535.04,19851231,3,1,서울특별시 영등포구 대림동 776-12번지
11560,13300,0,0777,0000,해태어린이집,,일반건축물,노유자시설,교육연구및복지시설,914.4,470.61,1450.38,20040225,2,1,서울특별시 영등포구 대림동 777번지
11560,13300,0,0777,0001,신동아아파트,,표제부,공동주택,아파트,0,1198.72,17023.27,19870117,15,1,서울특별시 영등포구 대림동 777-1번지
11560,13300,0,0777,0001,신동아상가,,표제부,제2종근린생활시설,상가,0,522.46,1899.31,19870117,2,1,서울특별시 영등포구 대림동 777-1번지
11560,13300,0,0777,0001,신동아아파트,,표제부,공동주택,아파트,0,1326.78,17677.22,19870117,15,1,서울특별시 영등포구 대림동 777-1번지
11560,13300,0,0777,0001,신동아아파트,,표제부,공동주택,아파트,0,718.43,9359.36,19870117,15,1,서울특별시 영등포구 대림동 777-1번지
11560,13300,0,0777,0001,신동아아파트,,표제부,공동주택,아파트,0,924.52,12381.4,19870117,13,1,서울특별시 영등포구 대림동 777-1번지
11560,13300,0,0778,0000,,,표제부,공동주택,공동주택,304.7,165.08,672.56,20111118,5,0,서울특별시 영등포구 대림동 778번지
11560,13300,0,0778,0001,,,일반건축물,단독주택,주택,0,109.08,327.24,19890701,2,1,서울특별시 영등포구 대림동 778-1번지
11560,13300,0,0778,0002,,,표제부,공동주택,다세대주택,219.4,109.67,505.55,20150107,6,0,서울특별시 영등포구 대림동 778-2번지
11560,13300,0,0778,0003,태창빌딩,,일반건축물,제2종근린생활시설,근린생활시설 및 다가구주택,202.2,99.88,541.75,20210303,7,1,서울특별시 영등포구 대림동 778-3번지
11560,13300,0,0778,0004,,,일반건축물,단독주택,주택,0,82.08,246.24,19881012,2,1,서울특별시 영등포구 대림동 778-4번지
11560,13300,0,0778,0005,,,일반건축물,단독주택,주택,165.3,82.48,247.44,19851017,2,1,서울특별시 영등포구 대림동 778-5번지
11560,13300,0,0778,0006,,,일반건축물,제1종근린생활시설,"근린생활시설, 주택",184.3,91.2,364.8,19851126,3,1,서울특별시 영등포구 대림동 778-6번지
11560,13300,0,0778,0007,롯데빌라트,,일반건축물,단독주택,"단독주택(제1종근린생활시설,제2종근린생활시설)",62.7,30.18,129.96,20160126,5,0,서울특별시 영등포구 대림동 778-7번지
11560,13300,0,0778,0008,,,일반건축물,단독주택,"근린생활시설, 주택",134.9,67.32,298.99,19850708,4,1,서울특별시 영등포구 대림동 778-8번지
11560,13300,0,0778,0009,,,표제부,공동주택,공동주택,178.6,88.62,431.32,20170224,6,0,서울특별시 영등포구 대림동 778-9번지
11560,13300,0,0778,0010,다온채,,일반건축물,단독주택,단독주택,179.6,89.65,448.88,20180601,6,0,서울특별시 영등포구 대림동 778-10번지
11560,13300,0,0778,0011,,,표제부,공동주택,연립주택(16세대),360.2,214.32,972.42,19940729,4,1,서울특별시 영등포구 대림동 778-11번지
11560,13300,0,0778,0013,,,일반건축물,제1종근린생활시설,"근린생활시설, 주택",0,111.96,447.53,19851005,3,1,서울특별시 영등포구 대림동 778-13번지
11560,13300,0,0778,0014,,,일반건축물,단독주택,주택,113.5,56.58,169.74,19850919,2,1,서울특별시 영등포구 대림동 778-14번지
11560,13300,0,0778,0015,,,일반건축물,단독주택,주택,0,55.36,169.12,19850409,2,1,서울특별시 영등포구 대림동 778-15번지
11560,13300,0,0778,0016,,,일반건축물,단독주택,주택,0,51.78,154.38,19850416,2,1,서울특별시 영등포구 대림동 778-16번지
11560,13300,0,0778,0017,,,일반건축물,제1종근린생활시설,"근린생활시설, 주택, 창고",0,57.72,209.06,19850912,3,1,서울특별시 영등포구 대림동 778-17번지
11560,13300,0,0778,0018,,,일반건축물,단독주택,"주택, 근린생활시설",0,67.1,219.64,19850611,2,1,서울특별시 영등포구 대림동 778-18번지
11560,13300,0,0778,0019,,,일반건축물,단독주택,주택,130.3,64.26,193.62,19850626,2,1,서울특별시 영등포구 대림동 778-19번지
11560,13300,0,0778,0020,리치빌,,표제부,공동주택,공동주택(다세대주택),256.4,127.14,565,20120503,6,0,서울특별시 영등포구 대림동 778-20번지
11560,13300,0,0778,0022,,,일반건축물,단독주택,주택,0,65.7,197.1,19850802,2,1,서울특별시 영등포구 대림동 778-22번지
11560,13300,0,0778,0023,,,일반건축물,단독주택,주택,118.3,58.68,176.04,19850803,2,1,서울특별시 영등포구 대림동 778-23번지
11560,13300,0,0778,0024,,,일반건축물,단독주택,주택,0,57.6,172.8,19850731,2,1,서울특별시 영등포구 대림동 778-24번지
11560,13300,0,0778,0025,,,일반건축물,단독주택,주택,0,51.24,153.72,19850116,2,1,서울특별시 영등포구 대림동 778-25번지
11560,13300,0,0778,0026,,,일반건축물,제1종근린생활시설,"주택, 근린생활시설",0,51.84,155.52,19850122,2,1,서울특별시 영등포구 대림동 778-26번지
11560,13300,0,0778,0027,,,일반건축물,단독주택,주택,97.12,47.85,147.89,19851220,2,1,서울특별시 영등포구 대림동 778-27번지
11560,13300,0,0778,0028,,,일반건축물,제1종근린생활시설,"근린생활시설, 주택",112.7,55.84,180.12,19851016,2,1,서울특별시 영등포구 대림동 778-28번지
11560,13300,0,0778,0029,,,일반건축물,단독주택,주택,0,56.38,171.28,19850627,2,1,서울특별시 영등포구 대림동 778-29번지
11560,13300,0,0778,0030,,,일반건축물,단독주택,주택,98,48.96,146.88,19850724,2,1,서울특별시 영등포구 대림동 778-30번지
11560,13300,0,0778,0031,,,일반건축물,단독주택,주택,119.5,58.81,176.43,19850711,2,1,서울특별시 영등포구 대림동 778-31번지
11560,13300,0,0778,0032,,,일반건축물,제1종근린생활시설,"근린생활시설, 사무실",0,136.18,823.06,19900910,5,1,서울특별시 영등포구 대림동 778-32번지
11560,13300,0,0778,0035,,,일반건축물,창고시설,창고시설,343.5,85.73,83.25,19950324,1,0,서울특별시 영등포구 대림동 778-35번지
11560,13300,0,0778,0036,,,일반건축물,제1종근린생활시설,"근린생활시설, 주택",0,79.61,319.91,19900922,3,1,서울특별시 영등포구 대림동 778-36번지
11560,13300,0,0778,0037,,,일반건축물,제1종근린생활시설,"근린생활시설, 주택",136.3,66.51,280.46,19850708,3,1,서울특별시 영등포구 대림동 778-37번지
11560,13300,0,0778,0038,,,일반건축물,제1종근린생활시설,"근린생활시설, 주택",0,62.57,271.26,19850718,3,1,서울특별시 영등포구 대림동 778-38번지
11560,13300,0,0778,0039,,,일반건축물,제1종근린생활시설,"근린생활시설, 주택",0,70.08,297.96,19850510,3,1,서울특별시 영등포구 대림동 778-39번지
11560,13300,0,0778,0040,,,일반건축물,제1종근린생활시설,"근린생활시설, 주택",0,75.39,320.04,19841229,3,1,서울특별시 영등포구 대림동 778-40번지
11560,13300,0,0778,0041,,,일반건축물,제1종근린생활시설,창고,214.7,99.44,397.05,19860221,3,1,서울특별시 영등포구 대림동 778-41번지
11560,13300,0,0778,0042,,,표제부,제1종근린생활시설,"근린생활시설,소매점",654.7,317.15,2669.14,20080729,6,2,서울특별시 영등포구 대림동 778-42번지
11560,13300,0,0778,0043,종인아네스트,,표제부,공동주택,아파트,662.1,235.78,1879.08,20110214,10,1,서울특별시 영등포구 대림동 778-43번지
11560,13300,0,0778,0044,,,일반건축물,제1종근린생활시설,"근린생활시설,업무시설",661.8,368.26,2538.44,20040528,6,1,서울특별시 영등포구 대림동 778-44번지
11560,13300,0,0778,0046,,,일반건축물,창고시설,"창고시설, 근린생활시설",416.8,232.27,1391.66,19950113,5,1,서울특별시 영등포구 대림동 778-46번지
11560,13300,0,0779,0000,,,일반건축물,제1종근린생활시설,"근린생활시설, 주택",0,131.88,592.21,19841018,4,1,서울특별시 영등포구 대림동 779번지
11560,13300,0,0779,0001,신영빌라,,표제부,공동주택,다세대주택(12세대),366.9,201.03,657.44,20020715,5,0,서울특별시 영등포구 대림동 779-1번지
11560,13300,0,0779,0002,,,일반건축물,제1종근린생활시설,근린생활시설,0,186,810.08,19850722,3,1,서울특별시 영등포구 대림동 779-2번지
11560,13300,0,0779,0003,,,일반건축물,단독주택,"근린생활시설, 다가구용단독주택(9가구)",0,141.63,542.06,19900907,3,1,서울특별시 영등포구 대림동 779-3번지
11560,13300,0,0779,0004,대림에스하임,,표제부,공동주택,공동주택[도시형생활주택(원룸형)],279.4,139.61,563.64,20180730,5,0,서울특별시 영등포구 대림동 779-4번지
11560,13300,0,0779,0008,,,일반건축물,의료시설,의료시설,887.2,432.39,2724.45,20150701,6,1,서울특별시 영등포구 대림동 779-8번지
11560,13300,0,0779,0010,태원빌딩,,일반건축물,제2종근린생활시설,"근린생활시설, 사무실",0,176.85,884.25,19841109,4,1,서울특별시 영등포구 대림동 779-10번지
11560,13300,0,0779,0010,태원빌딩,,일반건축물,업무시설,"업무시설, 교육연구시설, 근린생활시설",1646.7,740.82,5873.76,19861231,7,1,서울특별시 영등포구 대림동 779-10번지
11560,13300,0,0779,0011,스타로닉 빌딩,,일반건축물,제2종근린생활시설,제2종근린생활시설,595.1,248.88,1672.26,20110314,7,1,서울특별시 영등포구 대림동 779-11번지
11560,13300,0,0779,0012,,,일반건축물,제1종근린생활시설,"근린생활시설, 업무시설",0,199.67,1311.22,19900112,5,1,서울특별시 영등포구 대림동 779-12번지
11560,13300,0,0779,0013,,,일반건축물,제1종근린생활시설,업무시설(사무실),0,199.55,998.29,19890324,4,1,서울특별시 영등포구 대림동 779-13번지
11560,13300,0,0779,0014,두현빌딩,,일반건축물,제2종근린생활시설,근린생활시설,206.5,123.55,569,19950925,4,1,서울특별시 영등포구 대림동 779-14번지
11560,13300,0,0779,0015,,,일반건축물,제1종근린생활시설,"근린생활시설, 주택",329.1,158.47,971.9,19910816,6,1,서울특별시 영등포구 대림동 779-15번지
11560,13300,0,0779,0017,,,일반건축물,단독주택,주택,0,82.35,247.05,19860616,2,1,서울특별시 영등포구 대림동 779-17번지
11560,13300,0,0779,0018,,,일반건축물,단독주택,다가구용단독주택,0,137.24,521.59,19880518,3,1,서울특별시 영등포구 대림동 779-18번지
11560,13300,0,0779,0019,포엠빌,,표제부,업무시설,오피스텔,633.8,151.77,1826.88,20240425,13,1,서울특별시 영등포구 대림동 779-19번지
11560,13300,0,0780,0000,대림운동장 지하주차장,,일반건축물,자동차관련시설,자동차관련시설,16498,227.43,6373.19,20090415,1,2,서울특별시 영등포구 대림동 780번지
11560,13300,0,0780,0000,대림운동장 공중화장실,,일반건축물,제1종근린생활시설,공중화장실,16498,127.69,102.78,20090220,1,0,서울특별시 영등포구 대림동 780번지
11560,13300,0,0781,0000,서울신영초등학교,,일반건축물,교육연구시설,교육연구시설,13285.9,2555.06,7137.63,,4,1,서울특별시 영등포구 대림동 781번지
11560,13300,0,0781,0000,서울신영초등학교,,일반건축물,교육연구시설,교육연구시설,0,528.75,2098.14,,4,0,서울특별시 영등포구 대림동 781번지
11560,13300,0,0781,0000,,,일반건축물,운동시설,체육관,0,0,928.63,20100331,2,0,서울특별시 영등포구 대림동 781번지
11560,13300,0,0782,0000,,,일반건축물,제2종근린생활시설,제2종근린생활시설,288.5,142.57,782.34,20190429,6,1,서울특별시 영등포구 대림동 782번지
11560,13300,0,0782,0001,,,일반건축물,제1종근린생활시설,"근린생활시설, 주택",658.5,322,1391.72,19850112,4,1,서울특별시 영등포구 대림동 782-1번지
11560,13300,0,0782,0002,B동,,일반건축물,제2종근린생활시설,근린생활시설,0,37.6,37.6,20010417,1,0,서울특별시 영등포구 대림동 782-2번지
11560,13300,0,0782,0002,A동,,일반건축물,제1종근린생활시설,근린생활시설,0,131.8,148.6,19920616,1,1,서울특별시 영등포구 대림동 782-2번지
11560,13300,0,0782,0003,명지춘혜병원,,일반건축물,의료시설,"의료시설, 근린생활시설",1606.4,893.9,6212.07,20101119,5,3,서울특별시 영등포구 대림동 782-3번지
11560,13300,0,0782,0003,명지춘혜병원,,일반건축물,의료시설,"의료시설, 근린생활시설",219.1,165.24,585.19,20200909,3,1,서울특별시 영등포구 대림동 782-3번지
11560,13300,0,0782,0005,,,일반건축물,의료시설,"의료시설,단독주택",314.8,155.12,822.25,19871016,4,1,서울특별시 영등포구 대림동 782-5번지
11560,13300,0,0782,0008,,,일반건축물,단독주택,"근린생활시설, 주택",0,100.8,437.81,19840716,4,1,서울특별시 영등포구 대림동 782-8번지
11560,13300,0,0782,0009,,,일반건축물,제1종근린생활시설,"근린생활시설, 주택",0,105.56,422.24,19840112,3,1,서울특별시 영등포구 대림동 782-9번지
11560,13300,0,0782,0010,,,일반건축물,단독주택,다가구용단독주택(11가구),219.6,127.99,463.99,19940630,3,1,서울특별시 영등포구 대림동 782-10번지
11560,13300,0,0782,0011,,,일반건축물,제1종근린생활시설,근린생활시설,341.5,204.86,396.15,19930618,2,1,서울특별시 영등포구 대림동 782-11번지
11560,13300,0,0783,0000,,,일반건축물,제1종근린생활시설,"근린생활시설, 주택",0,122.49,612.45,19850605,4,1,서울특별시 영등포구 대림동 783번지
11560,13300,0,0783,0001,대림프라자,,표제부,제2종근린생활시설,"제2종근린생활시설,교육연구시설",689.4,413.51,3027.18,20021223,5,2,서울특별시 영등포구 대림동 783-1번지
11560,13300,0,0783,0002,,,일반건축물,제1종근린생활시설,"근린생활시설, 업무시설",660.3,392.63,2386.22,19961212,5,1,서울특별시 영등포구 대림동 783-2번지
11560,13300,0,0783,0003,,,일반건축물,제2종근린생활시설,"제2종근린생활시설,창고시설",328.8,179.08,421.08,20040709,3,0,서울특별시 영등포구 대림동 783-3번지
11560,13300,0,0783,0004,,,일반건축물,제2종근린생활시설,"제2종근린생활시설,다가구주택(2세대)",328.9,180.5,652.35,20080319,4,0,서울특별시 영등포구 대림동 783-4번지
11560,13300,0,0783,0005,,,일반건축물,판매시설,근린생활시설,770.9,347.76,371.76,19940602,1,1,서울특별시 영등포구 대림동 783-5번지
11560,13300,0,0783,0006,브라이튼디엘,,표제부,공동주택,공동주택,1138.4,434.15,2326.41,20230626,7,1,서울특별시 영등포구 대림동 783-6번지
11560,13300,0,0783,0007,,,일반건축물,제1종근린생활시설,"근린생활시설, 주택",0,148.56,742.8,19851219,4,1,서울특별시 영등포구 대림동 783-7번지
11560,13300,0,0783,0008,,,일반건축물,단독주택,"근린생활시설, 주택",0,95.2,370.09,19850712,3,1,서울특별시 영등포구 대림동 783-8번지
11560,13300,0,0783,0009,,,일반건축물,제2종근린생활시설,제2종근린생활시설,209.4,123.76,141.76,20060419,2,0,서울특별시 영등포구 대림동 783-9번지
11560,13300,0,0783,0010,,,일반건축물,제1종근린생활시설,"근린생활시설, 주택",206.5,102.6,394.2,19841027,3,1,서울특별시 영등포구 대림동 783-10번지
11560,13300,0,0783,0011,,,일반건축물,제1종근린생활시설,근린생활시설,210.2,93.6,379.08,19860821,3,1,서울특별시 영등포구 대림동 783-11번지
11560,13300,0,0783,0012,,,일반건축물,제2종근린생활시설,"근린생활시설, 주택",0,103.95,454.41,19841008,3,1,서울특별시 영등포구 대림동 783-12번지
11560,13300,0,0783,0013,,,일반건축물,제2종근린생활시설,근린생활시설,370.8,195.99,997.83,19941121,4,1,서울특별시 영등포구 대림동 783-13번지
11560,13300,0,0783,0014,,,일반건축물,제1종근린생활시설,"근린생활시설, 주택",0,91.98,373.32,19861013,3,1,서울특별시 영등포구 대림동 783-14번지
11560,13300,0,0783,0015,,,일반건축물,제1종근린생활시설,"근린생활시설, 다가구주택",0,95.66,409.55,19861110,3,1,서울특별시 영등포구 대림동 783-15번지
11560,13300,0,0784,0000,,,일반건축물,제2종근린생활시설,"근린생활시설, 업무시설, 전시시설, 창고시설",4414.4,2104.04,4664.68,19930320,2,1,서울특별시 영등포구 대림동 784번지
11560,13300,0,0785,0000,현대2차아파트,,표제부,공동주택,아파트,0,665.88,12183.59,19921120,20,1,서울특별시 영등포구 대림동 785번지
11560,13300,0,0785,0000,현대2차아파트,,표제부,공동주택,상가,0,182.77,997.49,19921120,3,1,서울특별시 영등포구 대림동 785번지
11560,13300,0,0785,0000,현대2차아파트,,표제부,공동주택,아파트,0,4076.93,16344.8,19921120,20,1,서울특별시 영등포구 대림동 785번지
11560,13300,0,0785,0001,현대아파트,,표제부,공동주택,아파트,0,856.08,12750.82,19920424,17,1,서울특별시 영등포구 대림동 785-1번지
11560,13300,0,0785,0001,현대아파트,,표제부,공동주택,아파트,0,890.47,16434.37,19920424,20,1,서울특별시 영등포구 대림동 785-1번지
11560,13300,0,0785,0001,현대아파트,,표제부,공동주택,아파트,0,1088.89,20443.71,19920424,20,1,서울특별시 영등포구 대림동 785-1번지
11560,13300,0,0785,0001,현대아파트,,표제부,공동주택,상가,0,333.5,1552.36,19920424,3,1,서울특별시 영등포구 대림동 785-1번지
11560,13300,0,0786,0000,,,일반건축물,단독주택,주택,0,60.18,183.78,19871221,2,1,서울특별시 영등포구 대림동 786번지
11560,13300,0,0786,0002,,,일반건축물,제1종근린생활시설,"근린생활시설, 주택",0,60.08,254.04,19880512,3,1,서울특별시 영등포구 대림동 786-2번지
11560,13300,0,0786,0004,한국방송통신대학교,,일반건축물,교육연구시설,교육연구시설,1959.4,796.75,4738.5,19970903,5,1,서울특별시 영등포구 대림동 786-4번지
11560,13300,0,0786,0005,,,일반건축물,단독주택,"근린생활시설, 주택",0,80.62,361.36,19870723,3,1,서울특별시 영등포구 대림동 786-5번지
11560,13300,0,0786,0006,,,일반건축물,단독주택,주택,0,99.48,303.84,19870720,2,1,서울특별시 영등포구 대림동 786-6번지
11560,13300,0,0786,0007,,,일반건축물,제1종근린생활시설,"근린생활시설, 주택",0,75.6,340.56,19861110,3,1,서울특별시 영등포구 대림동 786-7번지
11560,13300,0,0786,0008,,,표제부,공동주택,다세대주택,0,53.37,213.48,19871224,3,1,서울특별시 영등포구 대림동 786-8번지
11560,13300,0,0786,0009,,,표제부,공동주택,다세대주택,0,50.02,200.08,19871118,3,1,서울특별시 영등포구 대림동 786-9번지
11560,13300,0,0786,0010,,,표제부,공동주택,다세대주택,0,50.02,200.08,19871023,3,1,서울특별시 영등포구 대림동 786-10번지
11560,13300,0,0786,0011,,,일반건축물,제1종근린생활시설,"근린생활시설, 주택",0,56.88,227.82,19871214,3,1,서울특별시 영등포구 대림동 786-11번지
11560,13300,0,0786,0012,,,표제부,공동주택,다세대주택,0,50.02,200.08,19871118,3,1,서울특별시 영등포구 대림동 786-12번지
11560,13300,0,0786,0013,,,표제부,공동주택,다세대주택,0,50.02,200.08,19871118,3,1,서울특별시 영등포구 대림동 786-13번지
11560,13300,0,0786,0014,,,표제부,공동주택,다세대주택,0,56.7,226.8,19871118,3,1,서울특별시 영등포구 대림동 786-14번지
11560,13300,0,0786,0015,,,표제부,공동주택,다세대주택,0,57.5,231.8,19871118,3,1,서울특별시 영등포구 대림동 786-15번지
11560,13300,0,0786,0016,,,표제부,공동주택,다세대주택,0,57.95,231.8,19870919,3,1,서울특별시 영등포구 대림동 786-16번지
11560,13300,0,0786,0017,,,표제부,공동주택,다세대주택,0,57.95,231.8,19870918,3,1,서울특별시 영등포구 대림동 786-17번지
11560,13300,0,0786,0018,,,표제부,공동주택,다세대주택,0,57.95,231.8,,3,1,서울특별시 영등포구 대림동 786-18번지
11560,13300,0,0786,0019,,,표제부,공동주택,다세대주택,0,57.95,231.8,19870918,3,1,서울특별시 영등포구 대림동 786-19번지
11560,13300,0,0786,0020,,,표제부,공동주택,다세대주택,0,57.95,231.8,19870918,3,1,서울특별시 영등포구 대림동 786-20번지
11560,13300,0,0786,0021,,,표제부,공동주택,다세대주택,0,53.31,213.24,19880706,3,1,서울특별시 영등포구 대림동 786-21번지
11560,13300,0,0786,0022,,,표제부,공동주택,다세대주택,0,49.71,198.84,,3,1,서울특별시 영등포구 대림동 786-22번지
11560,13300,0,0786,0023,,,표제부,공동주택,다세대주택,0,49.71,198.84,19880706,3,1,서울특별시 영등포구 대림동 786-23번지
11560,13300,0,0786,0024,,,표제부,공동주택,다세대주택,0,50.02,200.08,19880425,3,1,서울특별시 영등포구 대림동 786-24번지
11560,13300,0,0786,0025,,,표제부,공동주택,다세대주택,0,50.02,200.08,19880420,3,1,서울특별시 영등포구 대림동 786-25번지
11560,13300,0,0786,0026,,,표제부,공동주택,다세대주택,0,49.71,198.84,19880629,3,1,서울특별시 영등포구 대림동 786-26번지
11560,13300,0,0786,0027,,,일반건축물,단독주택,주택,0,59.94,179.17,19880516,2,1,서울특별시 영등포구 대림동 786-27번지
11560,13300,0,0786,0028,구립대림3동경로당,,일반건축물,제1종근린생활시설,"근린생활시설, 노유자시설",135.4,66.97,279.88,19880516,3,1,서울특별시 영등포구 대림동 786-28번지
11560,13300,0,0786,0029,,,표제부,공동주택,다세대주택,0,57.95,231.8,19870918,3,1,서울특별시 영등포구 대림동 786-29번지
11560,13300,0,0786,0030,,,표제부,공동주택,다세대주택,0,57.95,231.8,19870918,3,1,서울특별시 영등포구 대림동 786-30번지
11560,13300,0,0786,0031,,,표제부,공동주택,다세대주택,0,57.95,231.8,19870918,3,1,서울특별시 영등포구 대림동 786-31번지
11560,13300,0,0786,0032,,,표제부,공동주택,다세대주택,0,57.95,231.8,19870918,3,1,서울특별시 영등포구 대림동 786-32번지
11560,13300,0,0786,0033,,,표제부,공동주택,다세대주택,0,57.95,231.8,19870918,3,1,서울특별시 영등포구 대림동 786-33번지
11560,13300,0,0786,0034,,,일반건축물,제1종근린생활시설,"근린생활시설, 주택",0,82.18,314.72,19870831,3,1,서울특별시 영등포구 대림동 786-34번지
11560,13300,0,0787,0000,,,일반건축물,단독주택,"근린생활시설, 주택",109.5,54.22,216.88,19850923,3,1,서울특별시 영등포구 대림동 787번지
11560,13300,0,0787,0001,,,표제부,공동주택,다세대주택(7세대),110.8,66.45,269.04,20020724,5,0,서울특별시 영등포구 대림동 787-1번지
11560,13300,0,0787,0002,,,일반건축물,제1종근린생활시설,"근린생활시설, 주택",100.8,49.64,209.51,19861120,3,1,서울특별시 영등포구 대림동 787-2번지
11560,13300,0,0787,0003,,,일반건축물,단독주택,"근린생활시설, 주택",0,50.37,211.1,19851213,3,1,서울특별시 영등포구 대림동 787-3번지
11560,13300,0,0787,0004,,,일반건축물,제1종근린생활시설,"주택, 근린생활시설",100.8,50.37,198.03,19850810,3,1,서울특별시 영등포구 대림동 787-4번지
11560,13300,0,0787,0005,,,일반건축물,단독주택,주택,0,50.07,150.21,19850504,2,1,서울특별시 영등포구 대림동 787-5번지
11560,13300,0,0787,0006,,,일반건축물,제1종근린생활시설,"근린생활시설, 주택",0,50.37,211.1,19861020,3,1,서울특별시 영등포구 대림동 787-6번지
11560,13300,0,0787,0007,,,일반건축물,제1종근린생활시설,"근린생활시설, 주택",0,53.3,236.06,19861030,3,1,서울특별시 영등포구 대림동 787-7번지
11560,13300,0,0787,0008,,,일반건축물,제1종근린생활시설,"근린생활시설, 주택",0,52.14,223.14,19861118,3,1,서울특별시 영등포구 대림동 787-8번지
11560,13300,0,0787,0009,,,일반건축물,제1종근린생활시설,"근린생활시설, 주택",0,49.64,211.01,19881229,3,1,서울특별시 영등포구 대림동 787-9번지
11560,13300,0,0787,0010,,,일반건축물,단독주택,"주택, 근린생활시설",0,49.5,198,19851109,3,1,서울특별시 영등포구 대림동 787-10번지
11560,13300,0,0787,0011,,,일반건축물,단독주택,"근린생활시설, 주택",100.08,50.04,200.16,19850926,3,1,서울특별시 영등포구 대림동 787-11번지
11560,13300,0,0787,0012,,,일반건축물,단독주택,"근린생활시설, 주택",0,48.6,205.41,19860930,3,1,서울특별시 영등포구 대림동 787-12번지
11560,13300,0,0788,0000,,,일반건축물,단독주택,"근린생활시설,다가구주택(3가구)",136.5,66.28,320.47,19860412,4,1,서울특별시 영등포구 대림동 788번지
11560,13300,0,0788,0001,,,일반건축물,제1종근린생활시설,"근린생활시설, 주택",0,66,269.76,19881010,3,1,서울특별시 영등포구 대림동 788-1번지
11560,13300,0,0788,0002,,,일반건축물,제1종근린생활시설,"근린생활시설, 주택",0,66.96,288.9,19860422,3,1,서울특별시 영등포구 대림동 788-2번지
11560,13300,0,0788,0003,,,일반건축물,제1종근린생활시설,"근린생활시설, 주택",0,66.99,292.33,19850719,3,1,서울특별시 영등포구 대림동 788-3번지
11560,13300,0,0788,0004,,,일반건축물,단독주택,주택,0,81.7,245.1,19880919,2,1,서울특별시 영등포구 대림동 788-4번지
11560,13300,0,0788,0005,,,일반건축물,제1종근린생활시설,"근린생활시설, 주택",0,82,359.16,19860725,3,1,서울특별시 영등포구 대림동 788-5번지
11560,13300,0,0788,0006,,,일반건축물,제1종근린생활시설,"근린생활시설, 주택",0,78.71,342.28,19850718,3,1,서울특별시 영등포구 대림동 788-6번지
11560,13300,0,0788,0007,,,일반건축물,단독주택,"주택, 근린생활시설",0,70.1,280.7,19861025,3,1,서울특별시 영등포구 대림동 788-7번지
11560,13300,0,0788,0008,,,일반건축물,제1종근린생활시설,"근린생활시설, 주택",0,68.04,281.16,19860419,3,1,서울특별시 영등포구 대림동 788-8번지
11560,13300,0,0788,0009,,,일반건축물,제1종근린생활시설,"근린생활시설, 주택",0,60.4,247.84,19860412,3,1,서울특별시 영등포구 대림동 788-9번지
11560,13300,0,0788,0010,,,일반건축물,단독주택,주택,0,44.52,133.56,19870909,2,1,서울특별시 영등포구 대림동 788-10번지
11560,13300,0,0788,0011,,,일반건축물,단독주택,다가구용단독주택(4가구),0,68.94,206.82,19900828,2,1,서울특별시 영등포구 대림동 788-11번지
11560,13300,0,0788,0012,,,일반건축물,단독주택,다가구주택(5가구),136.4,70.1,226.8,19871128,3,1,서울특별시 영등포구 대림동 788-12번지
11560,13300,0,0789,0000,,,일반건축물,단독주택,주택,0,61.8,207.39,19860610,2,1,서울특별시 영등포구 대림동 789번지
11560,13300,0,0789,0001,,,일반건축물,단독주택,주택,0,67.88,203.64,19880920,2,1,서울특별시 영등포구 대림동 789-1번지
11560,13300,0,0789,0002,,,일반건축물,단독주택,주택,0,61.98,193.34,19881010,2,1,서울특별시 영등포구 대림동 789-2번지
11560,13300,0,0789,0003,,,일반건축물,단독주택,"근린생활시설, 주택",124.6,62.16,214.48,19860529,3,1,서울특별시 영등포구 대림동 789-3번지
11560,13300,0,0789,0004,,,일반건축물,제1종근린생활시설,"주택, 근린생활시설",134.7,66.9,291.54,19860521,3,1,서울특별시 영등포구 대림동 789-4번지
11560,13300,0,0789,0005,,,일반건축물,단독주택,"근린생활시설, 주택",0,66.47,303.2,19860425,3,1,서울특별시 영등포구 대림동 789-5번지
11560,13300,0,0789,0006,,,일반건축물,제1종근린생활시설,"근린생활시설, 주택",0,61.6,268.4,19860515,3,1,서울특별시 영등포구 대림동 789-6번지
11560,13300,0,0789,0007,,,일반건축물,단독주택,주택,0,60.16,184.48,19860729,2,1,서울특별시 영등포구 대림동 789-7번지
11560,13300,0,0790,0000,,,일반건축물,제1종근린생활시설,"주택, 근린생활시설",150,73.6,297.26,19860521,3,1,서울특별시 영등포구 대림동 790번지
11560,13300,0,0790,0001,,,일반건축물,제1종근린생활시설,"주택, 근린생활시설",119.5,59.48,254.72,19860521,3,1,서울특별시 영등포구 대림동 790-1번지
11560,13300,0,0790,0002,,,일반건축물,제1종근린생활시설,"근린생활시설, 주택",0,63.75,276.25,19860823,3,1,서울특별시 영등포구 대림동 790-2번지
11560,13300,0,0790,0005,,,일반건축물,제1종근린생활시설,"근린생활시설, 주택",0,65.6,284.89,19901227,3,1,서울특별시 영등포구 대림동 790-5번지
11560,13300,0,0790,0006,,,일반건축물,단독주택,"근린생활시설, 주택",0,88.87,379.22,19860725,3,1,서울특별시 영등포구 대림동 790-6번지
11560,13300,0,0791,0000,,,일반건축물,단독주택,"주택, 근린생활시설",106,52.43,209.72,19860714,3,1,서울특별시 영등포구 대림동 791번지
11560,13300,0,0791,0001,,,일반건축물,단독주택,"근린생활시설, 주택",0,52.58,210.32,19860708,3,1,서울특별시 영등포구 대림동 791-1번지
11560,13300,0,0791,0002,,,일반건축물,단독주택,"근린생활시설, 주택",100.6,49.5,204.36,19860530,3,1,서울특별시 영등포구 대림동 791-2번지
11560,13300,0,0791,0003,,,일반건축물,제1종근린생활시설,"주택, 근린생활시설",121,60.16,260.38,19860521,3,1,서울특별시 영등포구 대림동 791-3번지
11560,13300,0,0791,0004,,,일반건축물,제1종근린생활시설,"근린생활시설, 주택",0,74.25,343.5,19860819,3,1,서울특별시 영등포구 대림동 791-4번지
11560,13300,0,0791,0005,,,일반건축물,단독주택,다세대주택,0,66.15,200,19861004,2,1,서울특별시 영등포구 대림동 791-5번지
11560,13300,0,0791,0006,,,일반건축물,단독주택,"주택, 근린생활시설",102.1,50.22,200.88,19860521,3,1,서울특별시 영등포구 대림동 791-6번지
11560,13300,0,0791,0007,,,일반건축물,제1종근린생활시설,"주택, 근린생활시설",137,67.2,284.8,19860714,3,1,서울특별시 영등포구 대림동 791-7번지
11560,13300,0,0792,0000,,,일반건축물,제1종근린생활시설,"근린생활시설, 주택",0,85.64,368.66,19881231,3,1,서울특별시 영등포구 대림동 792번지
11560,13300,0,0792,0001,,,일반건축물,단독주택,"근린생활시설, 주택",0,53.33,213.32,19860523,3,1,서울특별시 영등포구 대림동 792-1번지
11560,13300,0,0792,0002,,,일반건축물,제1종근린생활시설,"근린생활시설, 주택",0,82.16,314.34,19860707,3,1,서울특별시 영등포구 대림동 792-2번지
11560,13300,0,0792,0003,,,일반건축물,제1종근린생활시설,"근린생활시설, 주택",0,93.8,413.71,19870609,3,1,서울특별시 영등포구 대림동 792-3번지
11560,13300,0,0792,0006,,,일반건축물,제1종근린생활시설,"근린생활시설, 주택",0,85.8,354.35,19880516,3,1,서울특별시 영등포구 대림동 792-6번지
11560,13300,0,0792,0007,,,일반건축물,단독주택,주택,0,44.49,136.8,19881028,2,1,서울특별시 영등포구 대림동 792-7번지
11560,13300,0,0792,0008,,,일반건축물,단독주택,"근린생활시설, 주택",0,53.46,204.27,19860619,3,1,서울특별시 영등포구 대림동 792-8번지
11560,13300,0,0792,0009,,,일반건축물,제1종근린생활시설,"근린생활시설, 주택",0,50.4,225.9,19860828,3,1,서울특별시 영등포구 대림동 792-9번지
11560,13300,0,0792,0010,,,일반건축물,단독주택,"주택, 근린생활시설",0,49.68,198.72,19860828,3,1,서울특별시 영등포구 대림동 792-10번지
11560,13300,0,0792,0011,,,일반건축물,단독주택,"근린생활시설, 주택",101,50.16,174.24,19860616,3,1,서울특별시 영등포구 대림동 792-11번지
11560,13300,0,0792,0012,제이앤에이치하우스,,일반건축물,단독주택,"다가구주택,근린생활시설",142.2,83.91,280.52,20210806,5,0,서울특별시 영등포구 대림동 792-12번지
11560,13300,0,0793,0003,,,일반건축물,단독주택,주택,0,39.97,50.02,19760121,1,1,서울특별시 영등포구 대림동 793-3번지
11560,13300,0,0793,0010,,,일반건축물,단독주택,주택,0,21.16,21.16,19720810,1,0,서울특별시 영등포구 대림동 793-10번지
11560,13300,0,0794,0000,,,일반건축물,단독주택,주택,0,33.49,33.49,19631228,1,0,서울특별시 영등포구 대림동 794번지
11560,13300,0,0794,0000,,,일반건축물,단독주택,주택,0,42.05,42.05,19651030,1,0,서울특별시 영등포구 대림동 794번지
11560,13300,0,0794,0000,,,일반건축물,단독주택,주택,0,35.7,35.7,19631130,1,0,서울특별시 영등포구 대림동 794번지
11560,13300,0,0794,0005,,,일반건축물,단독주택,주택,0,48.52,48.52,19680205,1,0,서울특별시 영등포구 대림동 794-5번지
11560,13300,0,0794,0008,,,일반건축물,단독주택,주택,0,48.26,48.26,19680601,1,0,서울특별시 영등포구 대림동 794-8번지
11560,13300,0,0795,0001,,,일반건축물,단독주택,주택,0,67.32,214.56,19881214,2,1,서울특별시 영등포구 대림동 795-1번지
11560,13300,0,0795,0002,,,일반건축물,단독주택,주택,0,82.44,247.32,19881214,2,1,서울특별시 영등포구 대림동 795-2번지
11560,13300,0,0795,0003,,,일반건축물,제1종근린생활시설,"근린생활시설, 주택",0,77.97,323.18,19900625,3,1,서울특별시 영등포구 대림동 795-3번지
11560,13300,0,0795,0003,,,표제부,공동주택,다세대주택,0,65.88,263.52,19900625,3,1,서울특별시 영등포구 대림동 795-3번지
11560,13300,0,0795,0004,,,일반건축물,제1종근린생활시설,"근린생활시설, 주택",0,195.22,1092.92,19881107,5,1,서울특별시 영등포구 대림동 795-4번지
11560,13300,0,0795,0005,,,일반건축물,단독주택,다가구용단독주택(6가구),0,60.84,184.8,19910509,2,1,서울특별시 영등포구 대림동 795-5번지
11560,13300,0,0795,0006,,,일반건축물,단독주택,다가구용단독주택,165,98.9,285.3,20011220,3,0,서울특별시 영등포구 대림동 795-6번지
11560,13300,0,0795,0007,,,일반건축물,단독주택,다가구용단독주택,63.6,36,98.88,19940318,2,1,서울특별시 영등포구 대림동 795-7번지
11560,13300,0,0795,0008,,,일반건축물,단독주택,다가구용단독주택(5가구),109,65.17,180.03,19950407,2,1,서울특별시 영등포구 대림동 795-8번지
11560,13300,0,0795,0038,,,일반건축물,단독주택,다가구용단독주택(6가구),0,58.64,175.36,19901205,2,1,서울특별시 영등포구 대림동 795-38번지
11560,13300,0,0797,0020,,,일반건축물,단독주택,주택,0,48.99,48.99,19700730,1,0,서울특별시 영등포구 대림동 797-20번지
11560,13300,0,0797,0021,,,일반건축물,단독주택,주택,0,41.98,41.98,19740427,1,0,서울특별시 영등포구 대림동 797-21번지
11560,13300,0,0801,0000,,,일반건축물,제1종근린생활시설,"근린생활시설, 주택",0,54.02,229.36,19920316,3,1,서울특별시 영등포구 대림동 801번지
11560,13300,0,0801,0001,,,일반건축물,제1종근린생활시설,"근린생활시설, 주택",130,64.52,275.83,19860714,3,1,서울특별시 영등포구 대림동 801-1번지
11560,13300,0,0801,0002,,,일반건축물,단독주택,다세대주택,0,81.95,245.85,19860526,2,1,서울특별시 영등포구 대림동 801-2번지
11560,13300,0,0801,0003,,,일반건축물,단독주택,"점포, 주택",0,96.22,384.88,19861018,3,1,서울특별시 영등포구 대림동 801-3번지
11560,13300,0,0801,0005,,,표제부,공동주택,다세대주택,0,99.54,328.86,19870211,3,1,서울특별시 영등포구 대림동 801-5번지
11560,13300,0,0801,0005,,,표제부,공동주택,다세대주택,0,99.35,328.29,19870211,3,1,서울특별시 영등포구 대림동 801-5번지
11560,13300,0,0801,0006,,,일반건축물,제1종근린생활시설,"근린생활시설,다가구주택",0,129.67,573.48,19870210,3,1,서울특별시 영등포구 대림동 801-6번지
11560,13300,0,0801,0007,,,표제부,공동주택,다세대주택,0,83.94,329.4,19870425,3,1,서울특별시 영등포구 대림동 801-7번지
11560,13300,0,0801,0008,,,일반건축물,단독주택,주택,0,82.95,244.6,19860411,2,1,서울특별시 영등포구 대림동 801-8번지
11560,13300,0,0801,0009,,,일반건축물,제1종근린생활시설,"근린생활시설, 주택",0,100.18,436.25,19860619,3,1,서울특별시 영등포구 대림동 801-9번지
11560,13300,0,0801,0010,,,일반건축물,단독주택,다가구용단독주택(3가구),0,50.97,148.47,19921209,2,1,서울특별시 영등포구 대림동 801-10번지
11560,13300,0,0801,0011,,,일반건축물,단독주택,주택,107.1,55.51,192.66,19871229,3,1,서울특별시 영등포구 대림동 801-11번지
11560,13300,0,0801,0012,,,표제부,공동주택,다세대주택,0,81.6,328.8,19871224,3,1,서울특별시 영등포구 대림동 801-12번지
11560,13300,0,0801,0013,,,표제부,공동주택,다세대주택,0,81.6,328.8,19871224,3,1,서울특별시 영등포구 대림동 801-13번지
11560,13300,0,0801,0014,,,표제부,공동주택,다세대주택,0,82.7,248.1,19871119,2,1,서울특별시 영등포구 대림동 801-14번지
11560,13300,0,0801,0015,,,표제부,공동주택,다세대주택,0,82.7,248.1,19871126,2,1,서울특별시 영등포구 대림동 801-15번지
11560,13300,0,0801,0016,,,표제부,공동주택,다세대주택,0,82.7,248.1,19871118,2,1,서울특별시 영등포구 대림동 801-16번지
11560,13300,0,0801,0017,,,일반건축물,제1종근린생활시설,"근린생활시설, 주택",0,85.8,388.46,19870127,3,1,서울특별시 영등포구 대림동 801-17번지
11560,13300,0,0802,0000,,,일반건축물,제1종근린생활시설,"주택, 근린생활시설",124.8,62.16,265.92,19860616,3,1,서울특별시 영등포구 대림동 802번지
11560,13300,0,0802,0001,,,일반건축물,단독주택,"근린생활시설, 주택",125,61.32,276.39,19860522,3,1,서울특별시 영등포구 대림동 802-1번지
11560,13300,0,0802,0002,,,일반건축물,단독주택,"근린생활시설, 주택",0,62.4,257.76,19860523,3,1,서울특별시 영등포구 대림동 802-2번지
11560,13300,0,0802,0004,,,일반건축물,제1종근린생활시설,"근린생활시설, 주택",0,59.64,257.04,19880506,3,1,서울특별시 영등포구 대림동 802-4번지
11560,13300,0,0802,0005,,,일반건축물,단독주택,주택,0,49.95,149.85,19870113,2,1,서울특별시 영등포구 대림동 802-5번지
11560,13300,0,0802,0006,,,일반건축물,단독주택,"근린생활시설, 주택",149.8,74.4,325.5,19860528,3,1,서울특별시 영등포구 대림동 802-6번지
11560,13300,0,0802,0007,,,일반건축물,단독주택,"근린생활시설, 주택",112.5,53.36,213.44,19860522,3,1,서울특별시 영등포구 대림동 802-7번지
11560,13300,0,0802,0008,,,일반건축물,제1종근린생활시설,"근린생활시설, 주택",0,57.91,245.78,19881124,3,1,서울특별시 영등포구 대림동 802-8번지
11560,13300,0,0802,0009,,,일반건축물,제1종근린생활시설,"근린생활시설, 주택",0,94.77,416.26,19860617,3,1,서울특별시 영등포구 대림동 802-9번지
11560,13300,0,0802,0010,,,일반건축물,제1종근린생활시설,"근린생활시설, 주택",270.9,60.48,259.56,19880503,3,1,서울특별시 영등포구 대림동 802-10번지
11560,13300,0,0802,0011,,,일반건축물,단독주택,다세대주택,0,48.12,158.3,19860906,2,1,서울특별시 영등포구 대림동 802-11번지
11560,13300,0,0802,0012,,,일반건축물,단독주택,주택,0,59.94,179.82,19881121,2,1,서울특별시 영등포구 대림동 802-12번지
11560,13300,0,0802,0013,,,일반건축물,제1종근린생활시설,"근린생활시설, 주택",125.4,59.4,278.42,19860616,4,1,서울특별시 영등포구 대림동 802-13번지
11560,13300,0,0803,0000,,,일반건축물,제1종근린생활시설,"근린생활시설, 주택",0,62.1,269.55,19870417,3,1,서울특별시 영등포구 대림동 803번지
11560,13300,0,0803,0001,,,일반건축물,제1종근린생활시설,"근린생활시설, 주택",0,66.24,301.8,19860604,3,1,서울특별시 영등포구 대림동 803-1번지
11560,13300,0,0803,0002,,,일반건축물,제1종근린생활시설,"근린생활시설, 주택",136,67.16,282.5,19860523,3,1,서울특별시 영등포구 대림동 803-2번지
11560,13300,0,0803,0003,,,일반건축물,단독주택,"근린생활시설, 주택",108,53.28,190.92,19860714,3,1,서울특별시 영등포구 대림동 803-3번지
11560,13300,0,0803,0004,,,일반건축물,단독주택,다세대주택,0,60.92,182.76,19870126,2,1,서울특별시 영등포구 대림동 803-4번지
11560,13300,0,0803,0005,,,일반건축물,단독주택,단독주택(다가구주택),111,54.59,193.17,19860715,3,1,서울특별시 영등포구 대림동 803-5번지
11560,13300,0,0803,0006,,,일반건축물,단독주택,"근린생활시설, 주택",0,56.8,232.5,19860412,3,1,서울특별시 영등포구 대림동 803-6번지
11560,13300,0,0803,0007,,,일반건축물,단독주택,단독주택,170.3,97.68,374.21,20160421,4,1,서울특별시 영등포구 대림동 803-7번지
11560,13300,0,0803,0008,,,일반건축물,단독주택,"근린생활시설, 주택",0,55.12,234.88,19860508,3,1,서울특별시 영등포구 대림동 803-8번지
11560,13300,0,0803,0009,,,일반건축물,제1종근린생활시설,"근린생활시설, 주택",0,70.95,285.87,19860809,3,1,서울특별시 영등포구 대림동 803-9번지
11560,13300,0,0803,0010,,,일반건축물,제1종근린생활시설,"근린생활시설, 주택",0,49.5,190.5,19860528,3,1,서울특별시 영등포구 대림동 803-10번지
11560,13300,0,0803,0011,,,일반건축물,단독주택,"근린생활시설, 주택",120,59.04,267.33,19860522,3,1,서울특별시 영등포구 대림동 803-11번지
11560,13300,0,0803,0012,,,일반건축물,단독주택,"근린생활시설, 주택",0,62.48,260.99,19860509,3,1,서울특별시 영등포구 대림동 803-12번지
11560,13300,0,0803,0013,,,일반건축물,제1종근린생활시설,"근린생활시설, 주택",0,84.24,368.29,19860509,3,1,서울특별시 영등포구 대림동 803-13번지
11560,13300,0,0804,0001,,,일반건축물,단독주택,다가구주택(5가구),126,62.52,187.56,19931103,2,1,서울특별시 영등포구 대림동 804-1번지
11560,13300,0,0804,0002,,,일반건축물,단독주택,주택,0,52.83,158.49,19880909,2,1,서울특별시 영등포구 대림동 804-2번지
11560,13300,0,0804,0003,,,일반건축물,단독주택,다가구용단독주택(6가구),0,66.58,199.74,19910813,2,1,서울특별시 영등포구 대림동 804-3번지
11560,13300,0,0804,0004,,,일반건축물,단독주택,주택,0,65.6,184.8,19831020,2,1,서울특별시 영등포구 대림동 804-4번지
11560,13300,0,0804,0005,JABEZ HOUSE,,일반건축물,단독주택,단독(다중)주택,132,79.1,314.46,20200214,4,1,서울특별시 영등포구 대림동 804-5번지
11560,13300,0,0804,0006,JABEZ HOUSE,,일반건축물,단독주택,단독(다중)주택,132,77.1,317.83,20200214,4,1,서울특별시 영등포구 대림동 804-6번지
11560,13300,0,0804,0008,,,일반건축물,제2종근린생활시설,"근린생활시설, 주택",0,94.09,408.21,19901227,4,1,서울특별시 영등포구 대림동 804-8번지
11560,13300,0,0804,0010,,,일반건축물,단독주택,다가구단독주택(5가구),98.24,61.32,194.42,19960705,3,1,서울특별시 영등포구 대림동 804-10번지
11560,13300,0,0804,0013,,,일반건축물,단독주택,다가구주택(5가구),115.24,68.17,214.7,20061204,4,0,서울특별시 영등포구 대림동 804-13번지
11560,13300,0,0804,0014,,,일반건축물,단독주택,단독주택,97.19,48.25,150.95,19971119,2,1,서울특별시 영등포구 대림동 804-14번지
11560,13300,0,0804,0020,,,일반건축물,단독주택,다가구주택(6가구),83.04,42.75,156.32,20070206,4,0,서울특별시 영등포구 대림동 804-20번지
11560,13300,0,0804,0021,,,일반건축물,제1종근린생활시설,"제1,2종근린생활시설, 주택",0,78.97,333.34,19870904,3,1,서울특별시 영등포구 대림동 804-21번지
11560,13300,0,0804,0022,,,일반건축물,단독주택,다가구주택(14가구),193.64,112.5,397.72,19930828,3,1,서울특별시 영등포구 대림동 804-22번지
11560,13300,0,0804,0023,,,일반건축물,단독주택,다가구주택(6가구),127.72,63.58,209.51,20070131,4,0,서울특별시 영등포구 대림동 804-23번지
11560,13300,0,0804,0024,,,일반건축물,단독주택,다가구주택(4가구),57.24,33.06,116.76,20070206,4,0,서울특별시 영등포구 대림동 804-24번지
11560,13300,0,0804,0025,,,일반건축물,단독주택,주택,0,59.24,119.93,19760619,2,1,서울특별시 영등포구 대림동 804-25번지
11560,13300,0,0804,0027,,,일반건축물,단독주택,"제2종근린생활시설(근린생활시설, 다가구주택(3가구))",108,64.77,235.03,19870820,4,1,서울특별시 영등포구 대림동 804-27번지
11560,13300,0,0804,0028,,,일반건축물,제1종근린생활시설,제1종근린생활시설,0,56.89,104.16,19751030,2,0,서울특별시 영등포구 대림동 804-28번지
11560,13300,0,0804,0031,,,일반건축물,단독주택,다가구주택(5가구),127.11,60.42,179.76,19940609,3,0,서울특별시 영등포구 대림동 804-31번지
11560,13300,0,0804,0032,,,일반건축물,단독주택,주택,0,58.02,174.06,19890204,2,1,서울특별시 영등포구 대림동 804-32번지
11560,13300,0,0804,0034,,,일반건축물,단독주택,주택,115.5,57.01,171.03,19870210,2,1,서울특별시 영등포구 대림동 804-34번지
11560,13300,0,0804,0035,,,일반건축물,단독주택,다가구주택(7가구),124,70.27,266.31,19930624,3,1,서울특별시 영등포구 대림동 804-35번지
11560,13300,0,0804,0037,,,일반건축물,단독주택,단독주택,0,60.84,182.52,19900716,2,1,서울특별시 영등포구 대림동 804-37번지
11560,13300,0,0804,0038,,,일반건축물,단독주택,주택,0,57.22,67.1,19760121,1,1,서울특별시 영등포구 대림동 804-38번지
11560,13300,0,0804,0039,,,일반건축물,단독주택,주택,0,62.73,188.19,19880528,2,1,서울특별시 영등포구 대림동 804-39번지
11560,13300,0,0804,0041,,,일반건축물,단독주택,다가구용단독주택,190,113.9,306.27,19980625,2,1,서울특별시 영등포구 대림동 804-41번지
11560,13300,0,0804,0042,,,일반건축물,단독주택,주택,0,53.91,161.73,19880531,2,1,서울특별시 영등포구 대림동 804-42번지
11560,13300,0,0804,0043,,,일반건축물,단독주택,주택,0,57.51,173.79,19880604,2,1,서울특별시 영등포구 대림동 804-43번지
11560,13300,0,0804,0044,,,일반건축물,단독주택,다가구주택(5가구),102,61.17,172.63,19930607,2,1,서울특별시 영등포구 대림동 804-44번지
11560,13300,0,0804,0045,,,일반건축물,제2종근린생활시설,"제2종근린생활시설,단독주택",221,114.4,415.31,20071126,4,0,서울특별시 영등포구 대림동 804-45번지
11560,13300,0,0804,0047,,,일반건축물,단독주택,"근린생활시설, 주택",0,59.21,69.79,19750603,1,1,서울특별시 영등포구 대림동 804-47번지
11560,13300,0,0804,0050,,,일반건축물,근린생활시설,"근린생활시설, 주택",0,0,973.63,19850701,4,1,서울특별시 영등포구 대림동 804-50번지
11560,13300,0,0805,0004,,,일반건축물,단독주택,다가구용단독주택(5가구),0,49.07,142.3,19920924,2,1,서울특별시 영등포구 대림동 805-4번지
11560,13300,0,0805,0005,대동빌,,표제부,공동주택,공동주택,253.94,150.13,604.18,20021206,4,1,서울특별시 영등포구 대림동 805-5번지
11560,13300,0,0805,0009,,,일반건축물,단독주택,다가구주택(5가구),104.9,52.18,149.22,19930720,2,1,서울특별시 영등포구 대림동 805-9번지
11560,13300,0,0805,0010,,,일반건축물,단독주택,주택,0,59.91,59.91,19731130,1,0,서울특별시 영등포구 대림동 805-10번지
11560,13300,0,0805,0011,,,일반건축물,단독주택,주택,0,44.31,141.71,19861229,2,1,서울특별시 영등포구 대림동 805-11번지
11560,13300,0,0805,0012,,,일반건축물,단독주택,다가구용단독주택(5가구),0,52.49,157.77,19901227,2,1,서울특별시 영등포구 대림동 805-12번지
11560,13300,0,0805,0014,,,일반건축물,단독주택,주택,0,47.55,142.65,19881224,2,1,서울특별시 영등포구 대림동 805-14번지
11560,13300,0,0805,0015,,,일반건축물,단독주택,주택,0,47.92,146.97,19881017,2,1,서울특별시 영등포구 대림동 805-15번지
11560,13300,0,0805,0016,,,일반건축물,단독주택,다가구용단독주택(5가구),0,56.7,168.3,19910812,2,1,서울특별시 영등포구 대림동 805-16번지
11560,13300,0,0805,0017,,,일반건축물,단독주택,주택,0,66.19,200.37,19851213,2,1,서울특별시 영등포구 대림동 805-17번지
11560,13300,0,0805,0018,,,일반건축물,단독주택,단독주택,0,45.29,139.53,19900704,2,1,서울특별시 영등포구 대림동 805-18번지
11560,13300,0,0805,0019,,,일반건축물,단독주택,주택,0,49.4,157.74,19890526,2,1,서울특별시 영등포구 대림동 805-19번지
11560,13300,0,0805,0020,,,일반건축물,단독주택,주택,0,52.7,158.1,19870513,2,1,서울특별시 영등포구 대림동 805-20번지
11560,13300,0,0805,0021,,,일반건축물,단독주택,주택,0,57.8,173.4,19890925,2,1,서울특별시 영등포구 대림동 805-21번지
11560,13300,0,0805,0023,,,일반건축물,단독주택,주택,0,50.97,152.91,19891214,2,1,서울특별시 영등포구 대림동 805-23번지
11560,13300,0,0805,0024,,,일반건축물,단독주택,주택,0,44.16,138.06,19891221,2,1,서울특별시 영등포구 대림동 805-24번지
11560,13300,0,0805,0025,,,일반건축물,단독주택,주택,0,41.26,123.78,19890429,2,1,서울특별시 영등포구 대림동 805-25번지
11560,13300,0,0806,0001,,,일반건축물,단독주택,다가구주택,151.47,90.5,249.11,20001016,3,0,서울특별시 영등포구 대림동 806-1번지
11560,13300,0,0806,0004,다가구주택 아뜨리움,,일반건축물,단독주택,단독주택,397.55,235.4,657.17,20041025,4,0,서울특별시 영등포구 대림동 806-4번지
11560,13300,0,0806,0005,,,일반건축물,단독주택,다가구용단독주택(4가구),102,58.72,179.19,19910117,3,1,서울특별시 영등포구 대림동 806-5번지
11560,13300,0,0806,0006,,,일반건축물,단독주택,다가구용단독주택(5가구),0,50.98,157.74,19910117,2,1,서울특별시 영등포구 대림동 806-6번지
11560,13300,0,0806,0007,,,일반건축물,단독주택,다중주택,90,53.91,198.72,20101122,3,1,서울특별시 영등포구 대림동 806-7번지
11560,13300,0,0806,0012,,,일반건축물,단독주택,"다가구주택, 근린생활시설",89.04,61.6,241.12,20141127,4,1,서울특별시 영등포구 대림동 806-12번지
11560,13300,0,0807,0001,,,일반건축물,제1종근린생활시설,"근린생활시설, 주택",0,55.88,343.79,19900210,5,1,서울특별시 영등포구 대림동 807-1번지
11560,13300,0,0807,0005,,,일반건축물,단독주택,주택,0,82.44,247.32,19871203,2,1,서울특별시 영등포구 대림동 807-5번지
11560,13300,0,0807,0006,,,일반건축물,제1종근린생활시설,"근린생활시설, 주택",0,54.4,163.2,19840705,2,1,서울특별시 영등포구 대림동 807-6번지
11560,13300,0,0807,0007,,,표제부,공동주택,다세대주택,112,67.09,278.2,20030528,5,0,서울특별시 영등포구 대림동 807-7번지
11560,13300,0,0807,0009,,,일반건축물,제2종근린생활시설,근린생활시설,0,298.12,1562.6,19860704,4,1,서울특별시 영등포구 대림동 807-9번지
11560,13300,0,0807,0013,,,일반건축물,제2종근린생활시설,근린생활시설,768,378.78,1515.12,19840509,3,1,서울특별시 영등포구 대림동 807-13번지
11560,13300,0,0808,0004,두암경로당,,일반건축물,노유자시설,어린이집,0,75.56,115.78,19841205,2,0,서울특별시 영등포구 대림동 808-4번지
11560,13300,0,0808,0026,,,일반건축물,제2종근린생활시설,근린생활시설,599,291.02,1410.66,19841121,4,1,서울특별시 영등포구 대림동 808-26번지
11560,13300,0,0809,0000,,,일반건축물,제2종근린생활시설,"근린생활시설, 주택",228,122.43,612.15,19831219,4,1,서울특별시 영등포구 대림동 809번지
11560,13300,0,0810,0001,,,일반건축물,단독주택,다가구용단독주택(7가구),169,96.1,299.91,19970530,3,1,서울특별시 영등포구 대림동 810-1번지
11560,13300,0,0810,0002,,,일반건축물,단독주택,주택,0,88.31,296.535,19830920,3,1,서울특별시 영등포구 대림동 810-2번지
11560,13300,0,0810,0004,,,일반건축물,단독주택,주택,0,68.93,138.13,19760624,2,1,서울특별시 영등포구 대림동 810-4번지
11560,13300,0,0810,0005,영동빌,,일반건축물,단독주택,단독주택 및 제2종근린생활시설,217,118.35,398.9,20171019,3,1,서울특별시 영등포구 대림동 810-5번지
11560,13300,0,0810,0006,정원빌,,일반건축물,단독주택,단독주택,145,86.66,299.84,20161215,3,1,서울특별시 영등포구 대림동 810-6번지
11560,13300,0,0810,0007,,,일반건축물,단독주택,단독주택,142,85.05,299.88,20160419,3,1,서울특별시 영등포구 대림동 810-7번지
11560,13300,0,0810,0008,,,일반건축물,단독주택,다가구주택(9가구),149.4,89.58,309.27,19940730,3,1,서울특별시 영등포구 대림동 810-8번지
11560,13300,0,0810,0009,,,일반건축물,단독주택,주택,0,79.67,157.72,19761101,2,1,서울특별시 영등포구 대림동 810-9번지
11560,13300,0,0810,0010,,,일반건축물,단독주택,주택,0,74.71,221.1,19780113,2,1,서울특별시 영등포구 대림동 810-10번지
11560,13300,0,0810,0011,,,일반건축물,단독주택,주택,0,73.96,221.88,19881206,2,1,서울특별시 영등포구 대림동 810-11번지
11560,13300,0,0810,0012,,,일반건축물,단독주택,주택,0,65.16,76.73,19761224,1,1,서울특별시 영등포구 대림동 810-12번지
11560,13300,0,0810,0013,,,일반건축물,제2종근린생활시설,제2종근린생활시설,0,0,69.09,19770425,1,0,서울특별시 영등포구 대림동 810-13번지
11560,13300,0,0810,0014,,,일반건축물,단독주택,"근린생활시설, 주택",0,88.86,110.45,19750809,2,1,서울특별시 영등포구 대림동 810-14번지
11560,13300,0,0810,0015,,,일반건축물,단독주택,"제2종근린생활시설,주택",0,72.24,290.9,19860801,3,1,서울특별시 영등포구 대림동 810-15번지
11560,13300,0,0810,0016,,,일반건축물,제1종근린생활시설,"근린생활시설, 주택",0,65.7,278.73,19860901,3,1,서울특별시 영등포구 대림동 810-16번지
11560,13300,0,0810,0018,,,일반건축물,제1종근린생활시설,"근린생활시설, 주택",0,130.89,679.9,19900911,4,1,서울특별시 영등포구 대림동 810-18번지
11560,13300,0,0810,0019,,,일반건축물,제2종근린생활시설,근린생활시설,0,80.6,164.4,19661208,2,1,서울특별시 영등포구 대림동 810-19번지
11560,13300,0,0810,0020,,,일반건축물,단독주택,주택,0,69.45,72.99,19751224,1,1,서울특별시 영등포구 대림동 810-20번지
11560,13300,0,0810,0021,,,일반건축물,단독주택,다가구용단독주택(6가구),0,63.12,188.58,19911120,2,1,서울특별시 영등포구 대림동 810-21번지
11560,13300,0,0810,0022,,,일반건축물,단독주택,다가구용단독주택(5가구),0,52.24,164.38,19911212,2,1,서울특별시 영등포구 대림동 810-22번지
11560,13300,0,0810,0023,,,일반건축물,단독주택,다가구용단독주택(5가구),0,53.98,163.32,19911009,2,1,서울특별시 영등포구 대림동 810-23번지
11560,13300,0,0810,0024,,,일반건축물,단독주택,다가구용단독주택(5가구),0,50.28,149.33,19911009,2,1,서울특별시 영등포구 대림동 810-24번지
11560,13300,0,0810,0026,,,일반건축물,단독주택,다가구용단독주택(5가구),102,61.19,169.83,19950616,2,1,서울특별시 영등포구 대림동 810-26번지
11560,13300,0,0810,0027,라움빌딩,,일반건축물,단독주택,"단독주택, 제2종근린생활시설(사무소)",109,60.99,257.12,20211208,5,0,서울특별시 영등포구 대림동 810-27번지
11560,13300,0,0810,0028,,,일반건축물,단독주택,단독주택,0,55.83,167.49,19900815,2,1,서울특별시 영등포구 대림동 810-28번지
11560,13300,0,0810,0029,,,일반건축물,단독주택,단독주택,0,59.16,177.48,19900702,2,1,서울특별시 영등포구 대림동 810-29번지
11560,13300,0,0810,0030,,,일반건축물,단독주택,주택,0,55.18,169.44,19860417,2,1,서울특별시 영등포구 대림동 810-30번지
11560,13300,0,0810,0031,,,일반건축물,제2종근린생활시설,사무소,116,65.88,150.35,19760701,2,1,서울특별시 영등포구 대림동 810-31번지
11560,13300,0,0810,0032,,,일반건축물,단독주택,"근린생활시설, 주택",0,59.6,110.74,19750802,2,0,서울특별시 영등포구 대림동 810-32번지
11560,13300,0,0810,0037,,,표제부,공동주택,공동주택,106,63.21,188.94,20001110,3,0,서울특별시 영등포구 대림동 810-37번지
11560,13300,0,0810,0042,,,일반건축물,단독주택,단독주택,0,55.97,167.91,19920125,2,1,서울특별시 영등포구 대림동 810-42번지
11560,13300,0,0810,0043,,,일반건축물,단독주택,"근린생활시설, 주택",56,30.1,30.1,19850629,1,0,서울특별시 영등포구 대림동 810-43번지
11560,13300,0,0810,0044,,,일반건축물,단독주택,주택,46,0,39.02,19850629,1,0,서울특별시 영등포구 대림동 810-44번지
11560,13300,0,0810,0046,,,일반건축물,단독주택,주택,50,21.38,21.38,19850629,1,0,서울특별시 영등포구 대림동 810-46번지
11560,13300,0,0810,0049,,,일반건축물,단독주택,단독주택,33,13.84,27.68,20240111,2,0,서울특별시 영등포구 대림동 810-49번지
11560,13300,0,0810,0053,,,일반건축물,단독주택,주택,40,18.85,18.85,19850629,1,0,서울특별시 영등포구 대림동 810-53번지
11560,13300,0,0810,0057,,,일반건축물,제1종근린생활시설,"근린생활시설, 주택",0,73.08,296.46,19870803,3,1,서울특별시 영등포구 대림동 810-57번지
11560,13300,0,0810,0063,윤수빌,,일반건축물,단독주택,제2종근린생활시설/다가구주택,153,91.26,261.33,20110812,4,0,서울특별시 영등포구 대림동 810-63번지
11560,13300,0,0810,0067,시티하우스빌딩,,표제부,공동주택,도시형 생활주택 다세대주택,199,119.37,657.29,20220119,7,1,서울특별시 영등포구 대림동 810-67번지
11560,13300,0,0812,0002,,,일반건축물,단독주택,다세대주택,192,90.12,234.38,19860628,2,1,서울특별시 영등포구 대림동 812-2번지
11560,13300,0,0812,0003,,,일반건축물,단독주택,"근린생활시설, 주택",199.5,117,221.56,19740923,2,1,서울특별시 영등포구 대림동 812-3번지
11560,13300,0,0812,0004,,,일반건축물,단독주택,주택,149,71.46,214.38,19851126,2,1,서울특별시 영등포구 대림동 812-4번지
11560,13300,0,0812,0005,,,일반건축물,단독주택,단독주택,152.71,91.17,261.48,20031106,3,0,서울특별시 영등포구 대림동 812-5번지
11560,13300,0,0812,0006,,,일반건축물,단독주택,다세대주택,0,69.43,208.29,19860627,2,1,서울특별시 영등포구 대림동 812-6번지
11560,13300,0,0812,0007,,,일반건축물,단독주택,다세대주택,132,65.86,204.78,19851226,2,1,서울특별시 영등포구 대림동 812-7번지
11560,13300,0,0812,0008,,,일반건축물,단독주택,주택,112.4,55.86,167.58,19860109,2,1,서울특별시 영등포구 대림동 812-8번지
11560,13300,0,0812,0009,,,일반건축물,단독주택,단독주택(다가구주택),129,84,264.1,20060525,4,0,서울특별시 영등포구 대림동 812-9번지
11560,13300,0,0812,0010,,,일반건축물,단독주택,다가구주택(3가구),136,67.86,232.77,19890919,3,1,서울특별시 영등포구 대림동 812-10번지
11560,13300,0,0812,0011,,,일반건축물,제2종근린생활시설,근린생활시설 및 단독주택,135,77.84,213.72,19880509,3,0,서울특별시 영등포구 대림동 812-11번지
11560,13300,0,0812,0013,,,일반건축물,단독주택,주택,126,62.4,187.2,19831217,2,1,서울특별시 영등포구 대림동 812-13번지
11560,13300,0,0812,0014,,,표제부,공동주택,공동주택,236.18,139.68,599.98,20150302,6,0,서울특별시 영등포구 대림동 812-14번지
11560,13300,0,0812,0016,,,일반건축물,제2종근린생활시설,근린생활시설,0,84.3,262.82,19821216,2,1,서울특별시 영등포구 대림동 812-16번지
11560,13300,0,0812,0017,,,일반건축물,단독주택,다가구주택(8가구),136,66.62,221.09,19900105,3,1,서울특별시 영등포구 대림동 812-17번지
11560,13300,0,0812,0018,,,일반건축물,단독주택,주택,0,64.44,193.32,19891227,2,1,서울특별시 영등포구 대림동 812-18번지
11560,13300,0,0812,0019,,,표제부,공동주택,"공동주택(도시형생활주택),근린생활시설",128,75,354.48,20120403,6,0,서울특별시 영등포구 대림동 812-19번지
11560,13300,0,0812,0020,,,일반건축물,단독주택,다가구주택(5가구),126,75.36,179.79,19950525,3,0,서울특별시 영등포구 대림동 812-20번지
11560,13300,0,0812,0021,,,일반건축물,단독주택,주택,0,54.52,166.44,19880915,2,1,서울특별시 영등포구 대림동 812-21번지
11560,13300,0,0812,0022,,,일반건축물,단독주택,주택,0,57.93,173.79,19880921,2,1,서울특별시 영등포구 대림동 812-22번지
11560,13300,0,0812,0023,,,일반건축물,단독주택,주택,0,59.16,177.48,19880915,2,1,서울특별시 영등포구 대림동 812-23번지
11560,13300,0,0812,0024,,,일반건축물,단독주택,주택,0,68.83,130.35,19750813,2,1,서울특별시 영등포구 대림동 812-24번지
11560,13300,0,0812,0025,,,일반건축물,단독주택,다가구용단독주택(6가구),106,59.97,201.26,19940609,3,1,서울특별시 영등포구 대림동 812-25번지
11560,13300,0,0812,0026,,,일반건축물,제2종근린생활시설,"근린생활시설, 주택",185,105.41,569.38,19940713,5,1,서울특별시 영등포구 대림동 812-26번지
11560,13300,0,0812,0027,,,일반건축물,단독주택,주택,136,67.02,201.06,19830813,2,1,서울특별시 영등포구 대림동 812-27번지
11560,13300,0,0812,0028,,,일반건축물,단독주택,단독주택,0,65.79,197.37,19900922,2,1,서울특별시 영등포구 대림동 812-28번지
11560,13300,0,0812,0029,,,일반건축물,단독주택,주택,0,60.9,186.66,19880915,2,1,서울특별시 영등포구 대림동 812-29번지
11560,13300,0,0812,0030,,,일반건축물,단독주택,주택,0,50.91,155.72,19880923,2,1,서울특별시 영등포구 대림동 812-30번지
11560,13300,0,0812,0031,,,일반건축물,단독주택,다가구주택(4가구),138.04,82.77,226.08,19940704,2,1,서울특별시 영등포구 대림동 812-31번지
11560,13300,0,0812,0032,,,일반건축물,단독주택,단독주택,0,58.54,181.82,19901112,2,1,서울특별시 영등포구 대림동 812-32번지
11560,13300,0,0812,0033,,,일반건축물,단독주택,다가구용단독주택(6가구),0,65.19,199.38,19901116,2,1,서울특별시 영등포구 대림동 812-33번지
11560,13300,0,0812,0034,,,일반건축물,단독주택,단독주택,0,60.63,181.89,19900828,2,1,서울특별시 영등포구 대림동 812-34번지
11560,13300,0,0812,0035,,,일반건축물,단독주택,단독주택,0,69.3,207.9,19900707,2,1,서울특별시 영등포구 대림동 812-35번지
11560,13300,0,0812,0039,,,일반건축물,제1종근린생활시설,"점포, 주택",0,75.04,148.36,19750906,2,1,서울특별시 영등포구 대림동 812-39번지
11560,13300,0,0814,0005,대림동오피스텔,,일반건축물,업무시설,"업무시설(오피스텔),단독주택",162.2,92.59,428.36,20030612,6,0,서울특별시 영등포구 대림동 814-5번지
11560,13300,0,0824,0000,,,일반건축물,단독주택,주택,0,62.81,62.81,,1,0,서울특별시 영등포구 대림동 824번지
11560,13300,0,0824,0000,,,일반건축물,단독주택,주택,0,27.04,27.04,19571210,1,0,서울특별시 영등포구 대림동 824번지
11560,13300,0,0824,0000,,,일반건축물,단독주택,주택,0,26.45,26.45,,1,0,서울특별시 영등포구 대림동 824번지
11560,13300,0,0824,0000,,,일반건축물,단독주택,주택,0,39.67,39.67,,1,0,서울특별시 영등포구 대림동 824번지
11560,13300,0,0824,0001,,,일반건축물,창고시설,창고,0,82.54,82.54,19750322,1,0,서울특별시 영등포구 대림동 824-1번지
11560,13300,0,0824,0020,,,일반건축물,단독주택,다가구용단독주택(9가구),0,108.9,329.4,19901229,2,1,서울특별시 영등포구 대림동 824-20번지
11560,13300,0,0824,0021,,,일반건축물,단독주택,다가구용단독주택,159.18,79.37,298.65,19921001,3,1,서울특별시 영등포구 대림동 824-21번지
11560,13300,0,0824,0022,,,일반건축물,단독주택,단독주택,0,77.29,231.87,19910307,2,1,서울특별시 영등포구 대림동 824-22번지
11560,13300,0,0824,0023,,,일반건축물,단독주택,주택,173.76,82.4,247.2,19860127,2,1,서울특별시 영등포구 대림동 824-23번지
11560,13300,0,0824,0025,,,일반건축물,단독주택,주택,0,61.84,185.52,19870723,2,1,서울특별시 영등포구 대림동 824-25번지
11560,13300,0,0824,0026,라온빌,,표제부,공동주택,공동주택,317.7,189.56,593.61,20170116,5,0,서울특별시 영등포구 대림동 824-26번지
11560,13300,0,0824,0027,,,일반건축물,단독주택,"근린생활시설, 주택",0,75.7,125.58,19701010,2,0,서울특별시 영등포구 대림동 824-27번지
11560,13300,0,0824,0028,,,일반건축물,단독주택,다가구주택,180.55,105.76,292.02,20000721,3,0,서울특별시 영등포구 대림동 824-28번지
11560,13300,0,0824,0030,,,일반건축물,단독주택,주택,0,68.31,204.93,19870714,2,1,서울특별시 영등포구 대림동 824-30번지
11560,13300,0,0824,0032,,,표제부,공동주택,다세대주택,0,75.92,227.76,19861217,2,1,서울특별시 영등포구 대림동 824-32번지
11560,13300,0,0824,0035,,,일반건축물,단독주택,주택,0,82.88,248.64,19861206,2,1,서울특별시 영등포구 대림동 824-35번지
11560,13300,0,0824,0042,,,일반건축물,단독주택,"근린생활시설, 주택",0,114,456,19850628,3,1,서울특별시 영등포구 대림동 824-42번지
11560,13300,0,0824,0046,,,일반건축물,단독주택,주택,243.25,110.45,193.16,19750725,2,1,서울특별시 영등포구 대림동 824-46번지
11560,13300,0,0824,0053,,,표제부,공동주택,다세대주택,228.33,136.23,455.72,20150720,5,0,서울특별시 영등포구 대림동 824-53번지
11560,13300,0,0824,0054,,,일반건축물,단독주택,"근린생활시설, 주택",0,66.83,227.37,19851216,3,1,서울특별시 영등포구 대림동 824-54번지
11560,13300,0,0824,0065,,,일반건축물,단독주택,주택,0,83.09,249.27,19870714,2,1,서울특별시 영등포구 대림동 824-65번지
11560,13300,0,0824,0071,,,일반건축물,단독주택,주택,0,38.72,116.16,19890613,2,1,서울특별시 영등포구 대림동 824-71번지
11560,13300,0,0824,0079,,,일반건축물,단독주택,주택,0,26.46,79.38,19871228,2,1,서울특별시 영등포구 대림동 824-79번지
11560,13300,0,0824,0088,,,일반건축물,단독주택,주택,0,79.24,237.72,19890720,2,1,서울특별시 영등포구 대림동 824-88번지
11560,13300,0,0824,0091,,,일반건축물,단독주택,주택,0,42.12,135.2,19890703,2,1,서울특별시 영등포구 대림동 824-91번지
11560,13300,0,0824,0092,,,일반건축물,단독주택,주택,0,45.07,137.77,19880530,2,1,서울특별시 영등포구 대림동 824-92번지
11560,13300,0,0824,0097,,,일반건축물,제1종근린생활시설,"근린생활시설, 주택",268,128.67,672.57,19850720,4,1,서울특별시 영등포구 대림동 824-97번지
11560,13300,0,0824,0098,,,일반건축물,단독주택,단독주택,155.31,90.67,299.64,20160804,3,1,서울특별시 영등포구 대림동 824-98번지
11560,13300,0,0824,0099,,,일반건축물,단독주택,주택(4가구),104.86,67.39,126.03,19740904,2,1,서울특별시 영등포구 대림동 824-99번지
11560,13300,0,0824,0100,,,일반건축물,단독주택,주택,0,61.85,119.18,19740904,2,1,서울특별시 영등포구 대림동 824-100번지
11560,13300,0,0824,0114,원보빌딩,,일반건축물,제2종근린생활시설,근린생활시설외1,560.9,231.14,1299.44,19840804,5,1,서울특별시 영등포구 대림동 824-114번지
11560,13300,0,0824,0118,,,일반건축물,제1종근린생활시설,"근린생활시설, 주택",0,112.26,450.4,19850822,3,1,서울특별시 영등포구 대림동 824-118번지
11560,13300,0,0824,0123,,,표제부,공동주택,다세대주택,0,55.46,166.38,19861216,2,1,서울특별시 영등포구 대림동 824-123번지
11560,13300,0,0824,0124,,,표제부,공동주택,다세대주택,0,73.81,221.43,19861217,2,1,서울특별시 영등포구 대림동 824-124번지
11560,13300,0,0824,0128,,,일반건축물,단독주택,주택,0,67.85,203.55,19880224,2,1,서울특별시 영등포구 대림동 824-128번지
11560,13300,0,0824,0130,,,일반건축물,단독주택,다가구용단독주택(5가구),0,60.3,180.9,19911113,2,1,서울특별시 영등포구 대림동 824-130번지
11560,13300,0,0832,0002,,,표제부,공동주택,연립주택,1315,371.67,1486.68,19840509,3,1,서울특별시 영등포구 대림동 832-2번지
11560,13300,0,0832,0004,,,일반건축물,단독주택,주택,0,34.88,34.88,19710629,1,0,서울특별시 영등포구 대림동 832-4번지
11560,13300,0,0832,0005,유토피아,,일반건축물,단독주택,다중주택,151,90.53,296.9,20151210,3,1,서울특별시 영등포구 대림동 832-5번지
11560,13300,0,0832,0008,,,일반건축물,단독주택,"단독주택,다가구주택",70.81,45.38,136.14,20040113,2,1,서울특별시 영등포구 대림동 832-8번지
11560,13300,0,0832,0010,,,일반건축물,제1종근린생활시설,창고,0,23.37,23.37,19730915,1,0,서울특별시 영등포구 대림동 832-10번지
11560,13300,0,0832,0010,,,표제부,공동주택,주택,0,78.94,78.94,19730915,1,0,서울특별시 영등포구 대림동 832-10번지
11560,13300,0,0832,0014,,,일반건축물,제1종근린생활시설,"근린생활시설, 주택",0,137.59,428.3,19751110,3,1,서울특별시 영등포구 대림동 832-14번지
11560,13300,0,0832,0019,,,일반건축물,단독주택,다가구주택(5가구),145,82.32,246.96,19930911,2,1,서울특별시 영등포구 대림동 832-19번지
11560,13300,0,0832,0028,,,일반건축물,단독주택,다가구용단독(5가구),119,63.06,179.54,19931108,2,1,서울특별시 영등포구 대림동 832-28번지
11560,13300,0,0832,0030,,,일반건축물,단독주택,다가구주택(7가구),126,74.92,237.57,19931111,3,1,서울특별시 영등포구 대림동 832-30번지
11560,13300,0,0832,0031,다드림 문화복합센터,,일반건축물,제1종근린생활시설,제1종근린생활시설,132,78.69,315.31,19940617,3,1,서울특별시 영등포구 대림동 832-31번지
11560,13300,0,0832,0032,,,일반건축물,제1종근린생활시설,"근린생활시설, 주택",148.54,89.12,420.08,19970903,4,1,서울특별시 영등포구 대림동 832-32번지
11560,13300,0,0832,0033,,,일반건축물,단독주택,다가구주택(5가구),136,76.02,199.5,19930713,2,1,서울특별시 영등포구 대림동 832-33번지
11560,13300,0,0833,0002,승주빌딩,,표제부,제2종근린생활시설,"일반음식점, 사무소",179,105.65,334.75,20230223,4,0,서울특별시 영등포구 대림동 833-2번지
11560,13300,0,0833,0003,,,일반건축물,단독주택,다가구주택(4가구),149,88.92,276.85,20020904,4,0,서울특별시 영등포구 대림동 833-3번지
11560,13300,0,0833,0004,,,일반건축물,단독주택,주택,0,68.76,206.28,19900103,2,1,서울특별시 영등포구 대림동 833-4번지
11560,13300,0,0833,0005,,,일반건축물,단독주택,주택,0,70.02,210.87,19881109,2,1,서울특별시 영등포구 대림동 833-5번지
11560,13300,0,0833,0006,뜰안하우스,,일반건축물,단독주택,단독주택,132,79.06,297.64,20180912,3,1,서울특별시 영등포구 대림동 833-6번지
11560,13300,0,0833,0007,,,일반건축물,단독주택,주택,0,60.3,189.3,19881029,2,1,서울특별시 영등포구 대림동 833-7번지
11560,13300,0,0833,0008,,,일반건축물,단독주택,주택,0,64.31,192.93,19880715,2,1,서울특별시 영등포구 대림동 833-8번지
11560,13300,0,0833,0009,,,일반건축물,단독주택,다가구용단독주택,132,74.87,198.63,19930819,2,1,서울특별시 영등포구 대림동 833-9번지
11560,13300,0,0833,0010,,,일반건축물,단독주택,단독주택(다중주택),142,84.75,294.08,20190906,3,1,서울특별시 영등포구 대림동 833-10번지
11560,13300,0,0833,0011,,,일반건축물,단독주택,"다중주택, 제1종근린생활시설",148.29,88.96,269.7,20200716,4,0,서울특별시 영등포구 대림동 833-11번지
11560,13300,0,0833,0013,위드빌,,일반건축물,단독주택,단독주택,136,78.67,332.88,20181022,4,1,서울특별시 영등포구 대림동 833-13번지
11560,13300,0,0833,0014,,,일반건축물,단독주택,다가구용단독주택(5가구),0,70.35,211.05,19920320,2,1,서울특별시 영등포구 대림동 833-14번지
11560,13300,0,0833,0015,,,일반건축물,단독주택,주택,0,80.62,241.86,19900521,2,1,서울특별시 영등포구 대림동 833-15번지
11560,13300,0,0833,0016,,,일반건축물,단독주택,다가구용단독주택(5가구),126,75.33,216.81,19961224,2,1,서울특별시 영등포구 대림동 833-16번지
11560,13300,0,0833,0017,,,일반건축물,단독주택,주택,0,58.01,174.03,19891214,2,1,서울특별시 영등포구 대림동 833-17번지
11560,13300,0,0833,0018,,,일반건축물,단독주택,단독주택(다가구주택),132.04,77.98,241.69,20031009,4,0,서울특별시 영등포구 대림동 833-18번지
11560,13300,0,0833,0019,화중재,,일반건축물,단독주택,단독주택,136,77.41,255.54,20160310,4,0,서울특별시 영등포구 대림동 833-19번지
11560,13300,0,0834,0002,,,일반건축물,제2종근린생활시설,제1종근린생활시설,0,110.94,341.76,19761207,3,1,서울특별시 영등포구 대림동 834-2번지
11560,13300,0,0834,0003,,,일반건축물,단독주택,주택,0,71.64,214.2,19880826,2,1,서울특별시 영등포구 대림동 834-3번지
11560,13300,0,0834,0006,기독교대한감리회 고향교회,,일반건축물,종교시설,"문화및집회시설, 단독주택",297,177.26,466.72,20050630,3,0,서울특별시 영등포구 대림동 834-6번지
11560,13300,0,0834,0007,,,일반건축물,단독주택,주택,0,77.13,231.39,19870714,2,1,서울특별시 영등포구 대림동 834-7번지
11560,13300,0,0834,0009,,,일반건축물,제2종근린생활시설,제2종근린생활시설(사무소),40.28,23.94,40.46,20081208,2,0,서울특별시 영등포구 대림동 834-9번지
11560,13300,0,0834,0012,,,일반건축물,단독주택,"점포, 주택",0,88.86,159.44,19750227,2,0,서울특별시 영등포구 대림동 834-12번지
11560,13300,0,0834,0013,,,일반건축물,단독주택,"근린생활시설,다가구주택(3가구)",126,74.88,212.01,19980610,4,0,서울특별시 영등포구 대림동 834-13번지
11560,13300,0,0834,0015,,,일반건축물,단독주택,다가구용단독주택,0,65.64,188.76,19920814,2,1,서울특별시 영등포구 대림동 834-15번지
11560,13300,0,0834,0017,,,일반건축물,단독주택,주택,0,109.8,329.4,19880817,2,1,서울특별시 영등포구 대림동 834-17번지
11560,13300,0,0834,0019,,,일반건축물,단독주택,다가구용단독주택(5가구),0,62.43,187.29,19901103,2,1,서울특별시 영등포구 대림동 834-19번지
11560,13300,0,0834,0020,,,일반건축물,단독주택,다가구주택(6가구),102,61.07,197.34,19931201,3,1,서울특별시 영등포구 대림동 834-20번지
11560,13300,0,0834,0021,,,일반건축물,단독주택,다가구용단독주택(3가구),0,56.87,170.61,19911023,2,1,서울특별시 영등포구 대림동 834-21번지
11560,13300,0,0834,0022,,,일반건축물,단독주택,단독주택,0,56.25,168.75,19910801,2,1,서울특별시 영등포구 대림동 834-22번지
11560,13300,0,0834,0024,대림동 다세대주택,,표제부,공동주택,공동주택(다세대주택),126,74.62,299.85,20030127,5,0,서울특별시 영등포구 대림동 834-24번지
11560,13300,0,0834,0025,,,일반건축물,단독주택,주택,0,76.4,247.3,19880826,2,1,서울특별시 영등포구 대림동 834-25번지
11560,13300,0,0834,0026,,,일반건축물,단독주택,주택,0,75.3,229.26,19890327,2,1,서울특별시 영등포구 대림동 834-26번지
11560,13300,0,0834,0030,,,일반건축물,단독주택,주택,0,77.9,233.7,19860830,2,1,서울특별시 영등포구 대림동 834-30번지
11560,13300,0,0835,0003,,,일반건축물,단독주택,다가구용단독주택(3가구),96,96,150.84,19960924,3,0,서울특별시 영등포구 대림동 835-3번지
11560,13300,0,0835,0005,,,일반건축물,단독주택,"근린생활시설, 주택",0,48.07,187.45,19850613,3,1,서울특별시 영등포구 대림동 835-5번지
11560,13300,0,0835,0009,,,일반건축물,단독주택,다중주택,159,89.78,299.88,20110713,3,1,서울특별시 영등포구 대림동 835-9번지
11560,13300,0,0835,0011,,,일반건축물,단독주택,다가구주택(4),132,65.9,197.7,19930215,2,1,서울특별시 영등포구 대림동 835-11번지
11560,13300,0,0835,0012,,,일반건축물,단독주택,주택,0,49.23,147.69,19890819,2,1,서울특별시 영등포구 대림동 835-12번지
11560,13300,0,0835,0013,,,일반건축물,단독주택,다가구주택,117.4,55.08,160.56,19930215,2,1,서울특별시 영등포구 대림동 835-13번지
11560,13300,0,0835,0014,,,일반건축물,단독주택,주택,0,54.06,160.44,19890822,2,1,서울특별시 영등포구 대림동 835-14번지
11560,13300,0,0836,0002,,,일반건축물,제2종근린생활시설,"근린생활시설외2건, 주택",173.98,86.4,387.18,19840730,4,1,서울특별시 영등포구 대림동 836-2번지
11560,13300,0,0836,0005,,,일반건축물,단독주택,"근린생활시설, 주택",0,107.64,238.56,19920731,3,1,서울특별시 영등포구 대림동 836-5번지
11560,13300,0,0836,0008,,,일반건축물,단독주택,다가구주택 및 근린생활시설,81,47.84,220.78,20150324,5,1,서울특별시 영등포구 대림동 836-8번지
11560,13300,0,0836,0011,,,일반건축물,단독주택,단독주택,67.86,40.37,76.9,20021218,3,0,서울특별시 영등포구 대림동 836-11번지
11560,13300,0,0838,0015,,,일반건축물,단독주택,주택,0,29.75,29.75,,1,0,서울특별시 영등포구 대림동 838-15번지
11560,13300,0,0840,0000,,,일반건축물,단독주택,주택,0,29.36,29.36,19571215,1,0,서울특별시 영등포구 대림동 840번지
11560,13300,0,0840,0000,,,일반건축물,단독주택,주택,0,69.42,69.42,,1,0,서울특별시 영등포구 대림동 840번지
11560,13300,0,0841,0001,,,일반건축물,단독주택,다가구용단독주택(5가구),0,46.85,139,19910125,2,1,서울특별시 영등포구 대림동 841-1번지
11560,13300,0,0841,0002,,,일반건축물,단독주택,"다중주택[7실],단독주택[1가구]",142.75,85.07,299.47,20150916,3,1,서울특별시 영등포구 대림동 841-2번지
11560,13300,0,0842,0001,,,표제부,공동주택,연립주택,0,374.88,1124.64,19771230,2,1,서울특별시 영등포구 대림동 842-1번지
11560,13300,0,0842,0002,,,일반건축물,단독주택,다가구용단독주택(3가구),0,45.52,137.78,19901229,2,1,서울특별시 영등포구 대림동 842-2번지
11560,13300,0,0842,0004,,,일반건축물,단독주택,"다가구용단독주택, 근린생활시설",0,38.7,113.1,19910723,2,1,서울특별시 영등포구 대림동 842-4번지
11560,13300,0,0842,0005,,,일반건축물,단독주택,단독주택,169.96,101.03,299.14,20180312,3,1,서울특별시 영등포구 대림동 842-5번지
11560,13300,0,0842,0008,,,일반건축물,단독주택,주택,0,66.51,203.73,19881116,2,1,서울특별시 영등포구 대림동 842-8번지
11560,13300,0,0842,0009,,,일반건축물,단독주택,주택,0,80.01,240.03,19920425,2,1,서울특별시 영등포구 대림동 842-9번지
11560,13300,0,0842,0010,,,일반건축물,단독주택,주택,26,22.5,22.5,19850629,1,0,서울특별시 영등포구 대림동 842-10번지
11560,13300,0,0843,0002,,,일반건축물,단독주택,다가구주택(3가구),65,34.66,101.52,19930918,2,1,서울특별시 영등포구 대림동 843-2번지
11560,13300,0,0843,0003,,,일반건축물,단독주택,다가구주택(5가구),150,89.55,263.67,19931020,2,1,서울특별시 영등포구 대림동 843-3번지
11560,13300,0,0843,0004,,,일반건축물,단독주택,주택,0,49.9,149.7,19880903,2,1,서울특별시 영등포구 대림동 843-4번지
11560,13300,0,0843,0005,,,일반건축물,단독주택,주택,0,44.73,134.19,19870513,2,1,서울특별시 영등포구 대림동 843-5번지
11560,13300,0,0843,0006,,,일반건축물,단독주택,다가구주택(3가구),73,38.35,111.44,19930720,2,1,서울특별시 영등포구 대림동 843-6번지
11560,13300,0,0843,0009,,,일반건축물,단독주택,단독주택,31.25,18.66,30.69,20080808,2,0,서울특별시 영등포구 대림동 843-9번지
11560,13300,0,0844,0001,,,일반건축물,숙박시설,"근린생활시설, 여관",0,79.38,295.65,19821230,3,1,서울특별시 영등포구 대림동 844-1번지
11560,13300,0,0844,0008,,,일반건축물,단독주택,다가구주택(3가구),79.4,47.62,123.72,19940202,2,1,서울특별시 영등포구 대림동 844-8번지
11560,13300,0,0844,0010,,,일반건축물,단독주택,다가구주택(4가구),114.96,68.5,184.26,19930910,2,1,서울특별시 영등포구 대림동 844-10번지
11560,13300,0,0844,0011,,,일반건축물,단독주택,주택,116,54.54,181.98,19880621,3,1,서울특별시 영등포구 대림동 844-11번지
11560,13300,0,0844,0012,,,일반건축물,단독주택,단독주택,0,42.48,129.96,19901018,2,1,서울특별시 영등포구 대림동 844-12번지
11560,13300,0,0844,0018,,,표제부,공동주택,다세대주택(11세대),266.1,139.53,458.6,19940325,3,1,서울특별시 영등포구 대림동 844-18번지
11560,13300,0,0844,0020,,,일반건축물,단독주택,주택,0,61.43,184.29,19881213,2,1,서울특별시 영등포구 대림동 844-20번지
11560,13300,0,0844,0021,,,일반건축물,단독주택,주택,0,56.55,169.65,19880921,2,1,서울특별시 영등포구 대림동 844-21번지
11560,13300,0,0844,0024,,,일반건축물,단독주택,주택,119,63.51,190.53,19930120,2,1,서울특별시 영등포구 대림동 844-24번지
11560,13300,0,0844,0025,,,일반건축물,공장,"공장, 변소, 사무실",0,329.92,329.92,19681110,1,0,서울특별시 영등포구 대림동 844-25번지
11560,13300,0,0844,0025,,,표제부,공동주택,연립주택,0,278.43,846.07,19830108,2,1,서울특별시 영등포구 대림동 844-25번지
11560,13300,0,0844,0025,,,일반건축물,제1종근린생활시설,사무실,0,94.98,238.92,19851202,2,1,서울특별시 영등포구 대림동 844-25번지
11560,13300,0,0844,0027,,,일반건축물,단독주택,"주택, 변소",0,69.1,136.84,19740808,2,1,서울특별시 영등포구 대림동 844-27번지
11560,13300,0,0844,0028,,,일반건축물,단독주택,주택,0,69.62,132.05,19751106,2,1,서울특별시 영등포구 대림동 844-28번지
11560,13300,0,0844,0030,,,일반건축물,단독주택,다중주택,104.69,58.55,198.14,20120316,3,1,서울특별시 영등포구 대림동 844-30번지
11560,13300,0,0844,0031,,,일반건축물,단독주택,다가구용단독주택(4가구),93.59,54.98,177.42,19960917,3,1,서울특별시 영등포구 대림동 844-31번지
11560,13300,0,0844,0032,,,일반건축물,단독주택,"주택, 변소",0,61.44,120.67,19740502,2,1,서울특별시 영등포구 대림동 844-32번지
11560,13300,0,0844,0033,,,일반건축물,단독주택,단독주택,102,68.7,123.93,20050216,2,0,서울특별시 영등포구 대림동 844-33번지
11560,13300,0,0844,0037,가람빌딩,,일반건축물,제2종근린생활시설,근린생활시설,0,201.08,1005.4,19900707,4,1,서울특별시 영등포구 대림동 844-37번지
11560,13300,0,0844,0040,,,일반건축물,단독주택,"다가구용단독주택(5가구), 근린생활시설",0,62.78,191.79,19901205,2,1,서울특별시 영등포구 대림동 844-40번지
11560,13300,0,0844,0041,,,일반건축물,단독주택,주택,0,55.6,162.84,19880803,2,1,서울특별시 영등포구 대림동 844-41번지
11560,13300,0,0844,0042,,,일반건축물,단독주택,"주택, 변소",0,71.47,138.42,19740521,2,1,서울특별시 영등포구 대림동 844-42번지
11560,13300,0,0844,0043,,,일반건축물,단독주택,주택,0,70.68,77.26,19740601,1,1,서울특별시 영등포구 대림동 844-43번지
11560,13300,0,0844,0044,,,일반건축물,단독주택,주택,0,52.53,157.59,,2,1,서울특별시 영등포구 대림동 844-44번지
11560,13300,0,0844,0045,,,일반건축물,단독주택,주택,0,60.66,181.98,19890727,2,1,서울특별시 영등포구 대림동 844-45번지
11560,13300,0,0844,0046,,,일반건축물,단독주택,단독주택,0,62.3,135.67,19740607,2,1,서울특별시 영등포구 대림동 844-46번지
11560,13300,0,0844,0047,,,일반건축물,단독주택,주택,0,65.16,122.22,19750411,2,1,서울특별시 영등포구 대림동 844-47번지
11560,13300,0,0844,0048,,,일반건축물,단독주택,다중주택,89.2,53.38,199.2,20101129,3,1,서울특별시 영등포구 대림동 844-48번지
11560,13300,0,0845,0006,트윈빌,,일반건축물,제2종근린생활시설,"제2종근린생활시설,다가구주택",529,282.26,1101.17,20100513,5,1,서울특별시 영등포구 대림동 845-6번지
11560,13300,0,0845,0007,,,일반건축물,단독주택,주택,0,79.36,248,19880831,2,1,서울특별시 영등포구 대림동 845-7번지
11560,13300,0,0845,0009,,,일반건축물,단독주택,단독주택 및 근린생활시설,198,113.22,316.59,20171011,4,0,서울특별시 영등포구 대림동 845-9번지
11560,13300,0,0845,0014,,,일반건축물,제1종근린생활시설,근린생활시설,0,171.08,867.68,19881104,4,1,서울특별시 영등포구 대림동 845-14번지
11560,13300,0,0845,0015,,,일반건축물,제1종근린생활시설,"근린생활시설, 주택",0,98.28,491.4,19881104,4,1,서울특별시 영등포구 대림동 845-15번지
11560,13300,0,0851,0004,,,일반건축물,단독주택,다가구단독주택(8가구),0,103.8,415.2,19921015,3,1,서울특별시 영등포구 대림동 851-4번지
11560,13300,0,0851,0006,,,일반건축물,단독주택,주택,0,78.48,235.44,19880617,2,1,서울특별시 영등포구 대림동 851-6번지
11560,13300,0,0851,0007,,,일반건축물,단독주택,다가구주택(5가구),126,75.58,196.65,19930624,2,1,서울특별시 영등포구 대림동 851-7번지
11560,13300,0,0851,0027,,,일반건축물,단독주택,다가구주택(5가구),142,83.32,198.96,19941020,2,1,서울특별시 영등포구 대림동 851-27번지
11560,13300,0,0851,0029,,,일반건축물,단독주택,다가구용단독주택(5가구),0,82.92,287.64,19921207,3,1,서울특별시 영등포구 대림동 851-29번지
11560,13300,0,0851,0030,,,일반건축물,단독주택,다가구용단독주택(5가구),0,81.69,245.07,19911202,2,1,서울특별시 영등포구 대림동 851-30번지
11560,13300,0,0851,0031,,,일반건축물,단독주택,다가구용단독주택(5가구),145,86.66,252.32,19951130,2,1,서울특별시 영등포구 대림동 851-31번지
11560,13300,0,0851,0032,,,일반건축물,단독주택,주택,0,72.06,216.18,19880628,2,1,서울특별시 영등포구 대림동 851-32번지
11560,13300,0,0851,0033,,,일반건축물,단독주택,"단독주택,근린생활시설",145,86.78,275.45,20170308,4,0,서울특별시 영등포구 대림동 851-33번지
11560,13300,0,0851,0034,,,일반건축물,단독주택,다가구용단독주택(3가구),0,82.62,247.86,19901205,2,1,서울특별시 영등포구 대림동 851-34번지
11560,13300,0,0851,0035,,,일반건축물,단독주택,다가구용단독주택(3가구),0,79.51,237.69,19920918,2,1,서울특별시 영등포구 대림동 851-35번지
11560,13300,0,0851,0036,,,일반건축물,단독주택,다가구주택(5가구),142,85.09,236.73,19940615,3,0,서울특별시 영등포구 대림동 851-36번지
11560,13300,0,0851,0037,,,일반건축물,단독주택,주택,0,95.74,244.52,19770504,2,1,서울특별시 영등포구 대림동 851-37번지
11560,13300,0,0851,0038,,,일반건축물,단독주택,다가구주택,170.8,101.82,288.45,19991117,3,0,서울특별시 영등포구 대림동 851-38번지
11560,13300,0,0851,0040,,,일반건축물,단독주택,다가구주택(5가구),119,71.28,188.85,19930310,2,1,서울특별시 영등포구 대림동 851-40번지
11560,13300,0,0851,0041,,,일반건축물,단독주택,다가구용단독주택(4가구),0,70.73,212.1,19900926,2,1,서울특별시 영등포구 대림동 851-41번지
11560,13300,0,0851,0043,,,일반건축물,단독주택,주택,0,65.64,201.12,19880924,2,1,서울특별시 영등포구 대림동 851-43번지
11560,13300,0,0851,0044,,,일반건축물,단독주택,단독주택,0,64.53,193.59,19901103,2,1,서울특별시 영등포구 대림동 851-44번지
11560,13300,0,0851,0045,,,일반건축물,단독주택,단독주택,0,66.81,200.43,19900925,2,1,서울특별시 영등포구 대림동 851-45번지
11560,13300,0,0851,0046,,,일반건축물,단독주택,다가구용단독주택(7가구),136,80.88,306.88,19951116,3,1,서울특별시 영등포구 대림동 851-46번지
11560,13300,0,0851,0047,,,일반건축물,단독주택,다가구용단독주택,134.82,80.19,294.21,19980202,3,1,서울특별시 영등포구 대림동 851-47번지
11560,13300,0,0851,0048,,,일반건축물,단독주택,다가구용단독주택(5가구),0,66.63,199.89,19910619,2,1,서울특별시 영등포구 대림동 851-48번지
11560,13300,0,0851,0049,,,일반건축물,단독주택,다가구용단독주택(5가구),139,83.38,229.92,19960909,3,0,서울특별시 영등포구 대림동 851-49번지
11560,13300,0,0851,0050,,,일반건축물,단독주택,다가구용단독주택(6가구),139,83.36,289.1,19960629,3,1,서울특별시 영등포구 대림동 851-50번지
11560,13300,0,0851,0051,,,일반건축물,단독주택,다가구용단독주택(5가구),160.8,96.18,283.44,19960710,3,0,서울특별시 영등포구 대림동 851-51번지
11560,13300,0,0851,0052,,,일반건축물,단독주택,다가구주택(5가구),162,96.3,232.74,19930702,2,1,서울특별시 영등포구 대림동 851-52번지
11560,13300,0,0851,0053,진성에코빌,,표제부,공동주택,공동주택(다세대주택),321,176.16,641.96,20220221,5,0,서울특별시 영등포구 대림동 851-53번지
11560,13300,0,0851,0055,,,일반건축물,단독주택,다가구용단독주택(7가구),142,85.15,299.59,19960918,3,1,서울특별시 영등포구 대림동 851-55번지
11560,13300,0,0851,0056,,,일반건축물,단독주택,다가구용단독주택(6가구),0,70.8,219.9,19901228,2,1,서울특별시 영등포구 대림동 851-56번지
11560,13300,0,0851,0057,,,일반건축물,단독주택,다가구용단독주택(6가구),0,70.68,219.8,19910315,2,1,서울특별시 영등포구 대림동 851-57번지
11560,13300,0,0851,0058,,,일반건축물,단독주택,다가구용단독주택(5가구),0,59.19,177.57,19910920,2,1,서울특별시 영등포구 대림동 851-58번지
11560,13300,0,0851,0059,,,일반건축물,단독주택,단독주택,142,70.84,212.52,19900922,2,1,서울특별시 영등포구 대림동 851-59번지
11560,13300,0,0851,0060,,,일반건축물,단독주택,다가구용단독주택(5가구),142,84.61,285.83,19940525,3,1,서울특별시 영등포구 대림동 851-60번지
11560,13300,0,0851,0061,,,일반건축물,단독주택,다가구용단독주택,142,85.14,241.39,19971217,3,0,서울특별시 영등포구 대림동 851-61번지
11560,13300,0,0851,0062,,,일반건축물,단독주택,"근린생활시설, 다가구주택",0,88.16,443.72,19910130,4,1,서울특별시 영등포구 대림동 851-62번지
11560,13300,0,0851,0064,다솜빌,,표제부,공동주택,도시형생활주택(단지형다세대주택),338,185.68,659.91,20230807,6,1,서울특별시 영등포구 대림동 851-64번지
11560,13300,0,0851,0065,,,일반건축물,단독주택,다가구용단독주택(5가구),0,76.25,228.75,19900913,2,1,서울특별시 영등포구 대림동 851-65번지
11560,13300,0,0851,0066,,,일반건축물,단독주택,단독주택(다가구주택),165,87.88,265.29,20060605,4,0,서울특별시 영등포구 대림동 851-66번지
11560,13300,0,0851,0067,,,일반건축물,단독주택,주택,159,93.08,187.62,19790221,2,1,서울특별시 영등포구 대림동 851-67번지
11560,13300,0,0851,0068,샤인빌,,일반건축물,단독주택,단독주택(다중주택),136,80.96,289.55,20170414,3,1,서울특별시 영등포구 대림동 851-68번지
11560,13300,0,0851,0069,,,일반건축물,단독주택,주택,0,77.02,231.06,19900511,2,1,서울특별시 영등포구 대림동 851-69번지
11560,13300,0,0851,0070,,,일반건축물,단독주택,다가구주택(7가구),172,84.45,287.11,19930209,3,1,서울특별시 영등포구 대림동 851-70번지
11560,13300,0,0851,0072,,,일반건축물,단독주택,다가구용단독주택(5가구),123,70.99,179.52,19960429,2,1,서울특별시 영등포구 대림동 851-72번지
11560,13300,0,0851,0073,오름채,,표제부,공동주택,공동주택,132,78.92,367.27,20160920,5,1,서울특별시 영등포구 대림동 851-73번지
11560,13300,0,0851,0074,,,일반건축물,단독주택,"다가구용단독주택(2가구), 근린생활시설",162,97.13,275.03,20010711,3,0,서울특별시 영등포구 대림동 851-74번지
11560,13300,0,0851,0076,,,표제부,공동주택,연립주택,0,96.89,227.76,19761230,2,1,서울특별시 영등포구 대림동 851-76번지
11560,13300,0,0851,0077,보람하이빌,,표제부,공동주택,다세대주택,196.38,115.93,377.12,20111025,5,0,서울특별시 영등포구 대림동 851-77번지
11560,13300,0,0851,0078,,,일반건축물,단독주택,단독다가구주택(5가구),139.8,82.48,237.34,19940107,2,1,서울특별시 영등포구 대림동 851-78번지
11560,13300,0,0851,0080,,,일반건축물,단독주택,다중주택,142,83.16,295.34,20111212,3,1,서울특별시 영등포구 대림동 851-80번지
11560,13300,0,0851,0081,,,일반건축물,단독주택,다가구용단독주택(7가구),0,76.44,229.32,19910513,2,1,서울특별시 영등포구 대림동 851-81번지
11560,13300,0,0851,0082,,,일반건축물,단독주택,"다가구용단독주택(3가구), 소매점",102,61.08,176.76,19950714,2,1,서울특별시 영등포구 대림동 851-82번지
11560,13300,0,0851,0085,,,일반건축물,단독주택,근린생활시설및주택(1가구),122,72.98,218.94,19980107,3,0,서울특별시 영등포구 대림동 851-85번지
11560,13300,0,0851,0086,,,일반건축물,단독주택,"근린생활시설,다가구주택(3가구)",122,73.17,289.87,19950630,3,1,서울특별시 영등포구 대림동 851-86번지
11560,13300,0,0851,0087,,,일반건축물,단독주택,단독주택,119,70.29,185.85,19970913,2,1,서울특별시 영등포구 대림동 851-87번지
11560,13300,0,0851,0088,,,일반건축물,단독주택,다가구주택,119,71.1,275.18,19991230,3,1,서울특별시 영등포구 대림동 851-88번지
11560,13300,0,0851,0089,제이빌,,일반건축물,단독주택,"제2종근린생활시설, 단독주택",119,70.86,305.23,20170920,4,1,서울특별시 영등포구 대림동 851-89번지
11560,13300,0,0851,0090,,,일반건축물,단독주택,단독주택,0,57.6,172.8,19901227,2,1,서울특별시 영등포구 대림동 851-90번지
11560,13300,0,0851,0091,,,일반건축물,단독주택,단독주택,119,70.65,199.47,20120830,3,1,서울특별시 영등포구 대림동 851-91번지
11560,13300,0,0851,0092,,,일반건축물,단독주택,다가구주택(5가구),119,71.32,179.86,19940604,2,1,서울특별시 영등포구 대림동 851-92번지
11560,13300,0,0851,0093,,,일반건축물,단독주택,다가구주택(7가구),165,95.23,294.68,19930527,3,1,서울특별시 영등포구 대림동 851-93번지
11560,13300,0,0851,0094,,,일반건축물,단독주택,다가구용단독주택(5가구),0,65.05,188.43,19920814,2,1,서울특별시 영등포구 대림동 851-94번지
11560,13300,0,0851,0095,,,일반건축물,단독주택,단독주택,162.59,92.97,298.79,20180406,3,1,서울특별시 영등포구 대림동 851-95번지
11560,13300,0,0851,0096,,,일반건축물,단독주택,다가구용단독주택(6가구),119,70.95,243.39,19940609,3,1,서울특별시 영등포구 대림동 851-96번지
11560,13300,0,0851,0097,,,일반건축물,단독주택,단독주택,0,67.9,203.7,19900818,2,1,서울특별시 영등포구 대림동 851-97번지
11560,13300,0,0851,0098,,,일반건축물,단독주택,단독주택(다중주택),159,93.66,328.07,20150708,3,1,서울특별시 영등포구 대림동 851-98번지
11560,13300,0,0851,0100,하나세인스톤 A동,,표제부,공동주택,공동주택,622.6,187.49,1469.93,20161012,5,2,서울특별시 영등포구 대림동 851-100번지
11560,13300,0,0851,0100,하나세인스톤 B동,,표제부,공동주택,공동주택,622.6,164.27,770.28,20161012,5,2,서울특별시 영등포구 대림동 851-100번지
11560,13300,0,0853,0002,,,일반건축물,단독주택,단독주택,167,98.6,445.83,20160810,5,1,서울특별시 영등포구 대림동 853-2번지
11560,13300,0,0854,0000,,,일반건축물,단독주택,주택,0,52.89,52.89,,1,0,서울특별시 영등포구 대림동 854번지
11560,13300,0,0854,0000,,,일반건축물,단독주택,주택,0,26.45,26.45,,1,0,서울특별시 영등포구 대림동 854번지
11560,13300,0,0854,0000,,,일반건축물,단독주택,주택,0,49.59,49.59,,1,0,서울특별시 영등포구 대림동 854번지
11560,13300,0,0854,0000,,,일반건축물,단독주택,주택,0,72.73,72.73,,1,0,서울특별시 영등포구 대림동 854번지
11560,13300,0,0854,0002,,,일반건축물,단독주택,다가구용단독주택(5가구),0,74.49,225.6,19901219,2,1,서울특별시 영등포구 대림동 854-2번지
11560,13300,0,0854,0004,,,일반건축물,단독주택,다가구용단독주택(3가구),136,58.34,147.25,19950328,2,1,서울특별시 영등포구 대림동 854-4번지
11560,13300,0,0854,0005,에덴타워,,표제부,공동주택,공동주택(다세대주택),493.5,282.32,1498.52,20180514,6,2,서울특별시 영등포구 대림동 854-5번지
11560,13300,0,0854,0006,,,일반건축물,단독주택,주택,0,83.19,247.92,19870723,2,1,서울특별시 영등포구 대림동 854-6번지
11560,13300,0,0854,0007,,,일반건축물,단독주택,주택,0,22.98,22.98,19730823,1,0,서울특별시 영등포구 대림동 854-7번지
11560,13300,0,0854,0012,,,일반건축물,단독주택,다가구용단독주택(7가구),0,61.6,245.68,19921029,3,1,서울특별시 영등포구 대림동 854-12번지
11560,13300,0,0854,0013,,,일반건축물,단독주택,주택,0,64.4,193.2,19871231,2,1,서울특별시 영등포구 대림동 854-13번지
11560,13300,0,0854,0014,,,일반건축물,단독주택,단독주택(다가구주택),107.9,63.91,174.2,20060707,4,0,서울특별시 영등포구 대림동 854-14번지
11560,13300,0,0854,0015,,,일반건축물,단독주택,다가구용단독주택(7가구),144.4,81.32,281.54,19960716,3,1,서울특별시 영등포구 대림동 854-15번지
11560,13300,0,0854,0020,,,일반건축물,단독주택,다가구주택,108.57,62.72,169.04,20150114,4,0,서울특별시 영등포구 대림동 854-20번지
11560,13300,0,0854,0021,,,일반건축물,단독주택,주택,0,82.35,247.05,19871221,2,1,서울특별시 영등포구 대림동 854-21번지
11560,13300,0,0854,0022,,,일반건축물,단독주택,단독주택,0,79.36,238.08,19900816,2,1,서울특별시 영등포구 대림동 854-22번지
11560,13300,0,0854,0023,,,일반건축물,단독주택,다가구주택(3가구),132,70.67,149.75,19921231,2,1,서울특별시 영등포구 대림동 854-23번지
11560,13300,0,0854,0024,,,일반건축물,단독주택,주택,0,66.18,138.18,19760813,2,1,서울특별시 영등포구 대림동 854-24번지
11560,13300,0,0854,0025,,,표제부,공동주택,공동주택(다세대주택),235.5,155.08,575.09,20060616,5,0,서울특별시 영등포구 대림동 854-25번지
11560,13300,0,0854,0026,,,일반건축물,단독주택,단독주택,108.18,49.54,49.54,20080707,1,0,서울특별시 영등포구 대림동 854-26번지
11560,13300,0,0854,0027,,,일반건축물,단독주택,다가구용단독주택(3가구),88.84,44.8,114.68,19940524,2,1,서울특별시 영등포구 대림동 854-27번지
11560,13300,0,0854,0028,,,일반건축물,단독주택,단독주택(다중주택),180.92,94.5,299.71,20181022,3,1,서울특별시 영등포구 대림동 854-28번지
11560,13300,0,0854,0030,,,일반건축물,단독주택,다가구주택(5가구),126,74.71,195.38,19931018,2,1,서울특별시 영등포구 대림동 854-30번지
11560,13300,0,0854,0032,,,일반건축물,단독주택,주택,0,60.3,180.9,19870729,2,1,서울특별시 영등포구 대림동 854-32번지
11560,13300,0,0855,0001,,,일반건축물,단독주택,주택,0,75.04,160.09,19780817,2,1,서울특별시 영등포구 대림동 855-1번지
11560,13300,0,0855,0002,,,일반건축물,단독주택,주택,0,72.18,216.54,19880625,2,1,서울특별시 영등포구 대림동 855-2번지
11560,13300,0,0855,0003,,,일반건축물,단독주택,단독주택(다가구주택),180.37,107.03,333.43,19960612,3,1,서울특별시 영등포구 대림동 855-3번지
11560,13300,0,0855,0005,,,일반건축물,단독주택,주택,0,75.3,225.9,19861230,2,1,서울특별시 영등포구 대림동 855-5번지
11560,13300,0,0855,0006,,,일반건축물,단독주택,주택,0,82.32,246.96,19900615,2,1,서울특별시 영등포구 대림동 855-6번지
11560,13300,0,0855,0007,,,일반건축물,단독주택,주택,0,37.8,121.55,19890320,2,1,서울특별시 영등포구 대림동 855-7번지
11560,13300,0,0855,0011,,,일반건축물,단독주택,주택,0,80.64,226.8,19870106,2,1,서울특별시 영등포구 대림동 855-11번지
11560,13300,0,0856,0000,,,일반건축물,단독주택,주택,0,39.67,39.67,,1,0,서울특별시 영등포구 대림동 856번지
11560,13300,0,0856,0000,,,일반건축물,단독주택,주택,0,62.48,62.48,19450815,1,0,서울특별시 영등포구 대림동 856번지
11560,13300,0,0856,0000,,,일반건축물,단독주택,주택,0,56.2,56.2,,1,0,서울특별시 영등포구 대림동 856번지
11560,13300,0,0856,0000,,,일반건축물,단독주택,주택,0,72.73,72.73,,1,0,서울특별시 영등포구 대림동 856번지
11560,13300,0,0856,0000,,,일반건축물,단독주택,주택,0,35.24,35.24,19571220,1,0,서울특별시 영등포구 대림동 856번지
11560,13300,0,0856,0000,,,일반건축물,단독주택,주택,0,36.36,36.36,,1,0,서울특별시 영등포구 대림동 856번지
11560,13300,0,0856,0000,,,일반건축물,단독주택,주택,0,46.28,46.28,,1,0,서울특별시 영등포구 대림동 856번지
11560,13300,0,0856,0001,,,일반건축물,단독주택,주택,0,44.82,134.46,19880224,2,1,서울특별시 영등포구 대림동 856-1번지
11560,13300,0,0856,0002,,,일반건축물,제2종근린생활시설,"단독주택,교회, 사무소",211.3,100.73,277.61,19920915,2,1,서울특별시 영등포구 대림동 856-2번지
11560,13300,0,0856,0003,,,일반건축물,단독주택,조택,69,34.32,34.32,19850417,1,0,서울특별시 영등포구 대림동 856-3번지
11560,13300,0,0856,0004,,,일반건축물,단독주택,주택,0,45.9,137.7,19860208,2,1,서울특별시 영등포구 대림동 856-4번지
11560,13300,0,0856,0005,,,일반건축물,단독주택,다가구용단독주택(7가구),147,88.12,294.29,19951229,3,1,서울특별시 영등포구 대림동 856-5번지
11560,13300,0,0856,0008,,,일반건축물,제2종근린생활시설,"근린생활시설, 주택",0,186.9,924.62,19890816,4,1,서울특별시 영등포구 대림동 856-8번지
11560,13300,0,0856,0011,,,일반건축물,단독주택,다가구용단독주택(5가구),0,82.59,247.77,19900929,2,1,서울특별시 영등포구 대림동 856-11번지
11560,13300,0,0856,0012,,,일반건축물,단독주택,주택,0,60.03,180.09,19900331,2,1,서울특별시 영등포구 대림동 856-12번지
11560,13300,0,0856,0013,,,일반건축물,단독주택,다가구용단독주택(5가구),0,78.87,240.05,19901117,2,1,서울특별시 영등포구 대림동 856-13번지
11560,13300,0,0856,0016,,,일반건축물,단독주택,단독주택(다가구주택),190.24,104.42,329.87,20030402,4,0,서울특별시 영등포구 대림동 856-16번지
11560,13300,0,0856,0017,,,일반건축물,단독주택,주택,0,85.68,257.04,19840528,2,1,서울특별시 영등포구 대림동 856-17번지
11560,13300,0,0856,0020,,,일반건축물,단독주택,주택,0,98.7,303.9,19891219,2,1,서울특별시 영등포구 대림동 856-20번지
11560,13300,0,0856,0021,,,일반건축물,단독주택,다가구용단독주택,121.31,72.24,200.84,20030407,3,0,서울특별시 영등포구 대림동 856-21번지
11560,13300,0,0856,0026,,,일반건축물,단독주택,"주택, 점포",0,38.94,38.94,19741016,1,0,서울특별시 영등포구 대림동 856-26번지
11560,13300,0,0856,0027,,,일반건축물,단독주택,주택,158.5,77.76,297.28,19830910,3,1,서울특별시 영등포구 대림동 856-27번지
11560,13300,0,0856,0028,,,일반건축물,단독주택,다가구용단독주택,117.72,70.17,208.35,19970627,2,1,서울특별시 영등포구 대림동 856-28번지
11560,13300,0,0856,0032,,,일반건축물,단독주택,주택,0,46.41,139.23,19880217,2,1,서울특별시 영등포구 대림동 856-32번지
11560,13300,0,0856,0033,,,일반건축물,단독주택,주택,0,75.75,227.25,19881118,2,1,서울특별시 영등포구 대림동 856-33번지
11560,13300,0,0856,0034,,,일반건축물,단독주택,주택,0,71.36,214.08,19880826,2,1,서울특별시 영등포구 대림동 856-34번지
11560,13300,0,0856,0035,,,일반건축물,단독주택,단독주택,138.23,82.39,297.85,20181119,3,1,서울특별시 영등포구 대림동 856-35번지
11560,13300,0,0856,0036,,,일반건축물,단독주택,다가구용단독주택(5가구),180,98.1,264.39,19951229,2,1,서울특별시 영등포구 대림동 856-36번지
11560,13300,0,0857,0001,,,일반건축물,단독주택,"주택, 보일러실",0,57.72,173.16,19880831,2,1,서울특별시 영등포구 대림동 857-1번지
11560,13300,0,0857,0003,,,일반건축물,단독주택,다가구용단독주택(3가구),69.85,41.77,105.57,19960727,2,1,서울특별시 영등포구 대림동 857-3번지
11560,13300,0,0857,0004,,,일반건축물,단독주택,단독주택,0,49.6,151.05,19900725,2,1,서울특별시 영등포구 대림동 857-4번지
11560,13300,0,0858,0001,,,일반건축물,단독주택,다가구용단독주택(7가구),178.08,106.18,364.74,19950605,3,1,서울특별시 영등포구 대림동 858-1번지
11560,13300,0,0858,0003,,,일반건축물,단독주택,주택,0,58.77,180.22,19870923,2,1,서울특별시 영등포구 대림동 858-3번지
11560,13300,0,0858,0004,,,일반건축물,단독주택,단독주택,0,50.22,150.66,19901205,2,1,서울특별시 영등포구 대림동 858-4번지
11560,13300,0,0858,0005,,,일반건축물,단독주택,단독주택,0,67.74,203.22,19901206,2,1,서울특별시 영등포구 대림동 858-5번지
11560,13300,0,0858,0006,아리솔,,일반건축물,단독주택,다중주택,155,91.2,298.72,20131202,3,1,서울특별시 영등포구 대림동 858-6번지
11560,13300,0,0858,0007,,,일반건축물,단독주택,다가구주택,148.72,89.06,316.93,20110926,3,1,서울특별시 영등포구 대림동 858-7번지
11560,13300,0,0858,0008,,,일반건축물,단독주택,다가구용단독주택(5가구),0,49.72,149.16,19911128,2,1,서울특별시 영등포구 대림동 858-8번지
11560,13300,0,0858,0009,,,일반건축물,단독주택,주택,0,65.59,130.17,19751229,2,1,서울특별시 영등포구 대림동 858-9번지
11560,13300,0,0858,0010,,,일반건축물,단독주택,다가구주택(7가구),149,88.93,331.85,19930925,3,1,서울특별시 영등포구 대림동 858-10번지
11560,13300,0,0858,0011,,,일반건축물,단독주택,단독주택,0,73.15,216.89,19900928,2,1,서울특별시 영등포구 대림동 858-11번지
11560,13300,0,0858,0012,,,일반건축물,단독주택,다가구용단독주택(7가구),153,153,324.8,19950518,3,1,서울특별시 영등포구 대림동 858-12번지
11560,13300,0,0858,0013,,,일반건축물,단독주택,다가구용단독주택,155,91.38,254.98,20020411,3,0,서울특별시 영등포구 대림동 858-13번지
11560,13300,0,0858,0014,,,일반건축물,단독주택,주택,0,70.78,212.34,19890707,2,1,서울특별시 영등포구 대림동 858-14번지
11560,13300,0,0858,0015,,,일반건축물,단독주택,주택,0,50.85,152.55,19890612,2,1,서울특별시 영등포구 대림동 858-15번지
11560,13300,0,0858,0016,,,일반건축물,단독주택,주택,0,75.77,152.46,19770521,2,1,서울특별시 영등포구 대림동 858-16번지
11560,13300,0,0858,0017,,,일반건축물,단독주택,다가구용단독주택(5가구),152,90.54,256.51,19970530,2,1,서울특별시 영등포구 대림동 858-17번지
11560,13300,0,0858,0018,,,일반건축물,단독주택,"근린생활시설, 단독주택",0,127.6,280.65,19771017,2,1,서울특별시 영등포구 대림동 858-18번지
11560,13300,0,0858,0019,,,일반건축물,제1종근린생활시설,"점포, 주택, 지하실",0,120.66,235.7,19771208,2,1,서울특별시 영등포구 대림동 858-19번지
11560,13300,0,0858,0020,,,일반건축물,단독주택,다가구용단독주택(6가구),153,91.77,337.16,19970930,3,1,서울특별시 영등포구 대림동 858-20번지
11560,13300,0,0858,0021,,,일반건축물,단독주택,"주택,점포",153,94.55,279.33,19770822,3,1,서울특별시 영등포구 대림동 858-21번지
11560,13300,0,0858,0022,다원,,일반건축물,단독주택,"단독주택,근린생활시설",165,97.76,323.06,20200318,4,0,서울특별시 영등포구 대림동 858-22번지
11560,13300,0,0858,0023,,,일반건축물,노유자시설,"근린생활시설, 주택",0,126.22,262.85,19760701,2,1,서울특별시 영등포구 대림동 858-23번지
11560,13300,0,0858,0024,,,일반건축물,단독주택,주택,0,97.19,248.6,19751208,3,1,서울특별시 영등포구 대림동 858-24번지
11560,13300,0,0858,0025,,,일반건축물,단독주택,주택,0,74.2,225.57,19900208,2,1,서울특별시 영등포구 대림동 858-25번지
11560,13300,0,0858,0026,,,일반건축물,단독주택,"주택, 점포",0,80.73,173.33,19750816,2,1,서울특별시 영등포구 대림동 858-26번지
11560,13300,0,0858,0027,양명아트빌,,표제부,공동주택,다세대주택,165,98.86,354.85,20020408,4,0,서울특별시 영등포구 대림동 858-27번지
11560,13300,0,0858,0028,,,일반건축물,단독주택,단독주택,145,86.16,299.24,20130108,3,1,서울특별시 영등포구 대림동 858-28번지
11560,13300,0,0858,0029,,,일반건축물,단독주택,주택,0,53.37,160.11,19860507,2,1,서울특별시 영등포구 대림동 858-29번지
11560,13300,0,0858,0030,,,일반건축물,단독주택,다가구용단독주택(9가구),260.5,155.15,510.07,19970620,3,1,서울특별시 영등포구 대림동 858-30번지
11560,13300,0,0858,0031,,,일반건축물,단독주택,주택,0,97.82,182.72,19751021,2,1,서울특별시 영등포구 대림동 858-31번지
11560,13300,0,0858,0032,,,일반건축물,단독주택,다가구용단독주택(10가구),221,127.71,459,19961122,3,1,서울특별시 영등포구 대림동 858-32번지
11560,13300,0,0858,0033,,,일반건축물,단독주택,다가구용단독주택(5가구),251,125.74,299.27,19960812,2,1,서울특별시 영등포구 대림동 858-33번지
11560,13300,0,0858,0034,명지파크빌,,표제부,공동주택,다세대주택,248.31,148.93,476.65,20220513,5,0,서울특별시 영등포구 대림동 858-34번지
11560,13300,0,0858,0037,,,일반건축물,제1종근린생활시설,"근린생활시설, 주택",0,157.52,819.16,19861206,4,1,서울특별시 영등포구 대림동 858-37번지
11560,13300,0,0859,0000,,,일반건축물,단독주택,주택,0,31.74,31.74,19680929,1,0,서울특별시 영등포구 대림동 859번지
11560,13300,0,0859,0001,,,일반건축물,노유자시설,노유자시설(어린이집),0,112.5,411.42,19831231,3,1,서울특별시 영등포구 대림동 859-1번지
11560,13300,0,0859,0002,,,일반건축물,단독주택,단독주택,0,50.31,148.28,19920709,2,1,서울특별시 영등포구 대림동 859-2번지
11560,13300,0,0859,0005,,,일반건축물,단독주택,"주택, 점포",0,70.91,136.1,19701015,2,0,서울특별시 영등포구 대림동 859-5번지
11560,13300,0,0859,0006,,,일반건축물,단독주택,"점포, 주택(3가구)",102,81.49,219.6,19740323,3,0,서울특별시 영등포구 대림동 859-6번지
11560,13300,0,0859,0008,,,일반건축물,단독주택,주택,0,65.69,197.07,19860708,2,1,서울특별시 영등포구 대림동 859-8번지
11560,13300,0,0859,0011,,,일반건축물,제2종근린생활시설,근린생활시설,0,57.9,299.45,19920131,4,1,서울특별시 영등포구 대림동 859-11번지
11560,13300,0,0859,0012,,,일반건축물,단독주택,주택,0,54.08,162.24,19880914,2,1,서울특별시 영등포구 대림동 859-12번지
11560,13300,0,0859,0013,,,일반건축물,단독주택,주택,0,54.37,163.11,19890523,2,1,서울특별시 영등포구 대림동 859-13번지
11560,13300,0,0859,0014,,,일반건축물,단독주택,다가구용단독주택(5가구),0,51.32,148.56,19911205,2,1,서울특별시 영등포구 대림동 859-14번지
11560,13300,0,0859,0014,,,일반건축물,단독주택,주택,0,30.05,30.05,19711231,1,0,서울특별시 영등포구 대림동 859-14번지
11560,13300,0,0859,0015,,,일반건축물,단독주택,단독주택,0,46.28,138.84,19910916,2,1,서울특별시 영등포구 대림동 859-15번지
11560,13300,0,0859,0016,,,일반건축물,단독주택,단독주택,102,57.79,204.22,19910814,3,1,서울특별시 영등포구 대림동 859-16번지
11560,13300,0,0859,0017,,,일반건축물,단독주택,단독주택,0,36.95,110.85,19910928,2,1,서울특별시 영등포구 대림동 859-17번지
11560,13300,0,0859,0018,,,일반건축물,단독주택,다가구용단독주택(4가구),0,39.18,118.74,19910928,2,1,서울특별시 영등포구 대림동 859-18번지
11560,13300,0,0859,0019,,,일반건축물,단독주택,다가구용단독주택(3가구),0,47.11,144.33,19920211,2,1,서울특별시 영등포구 대림동 859-19번지
11560,13300,0,0859,0020,,,일반건축물,단독주택,다가구용단독주택(3가구),0,43.29,129.87,19911203,2,1,서울특별시 영등포구 대림동 859-20번지
11560,13300,0,0859,0021,,,일반건축물,단독주택,다가구용단독주택(5가구),0,54.54,166.24,19911203,2,1,서울특별시 영등포구 대림동 859-21번지
11560,13300,0,0859,0022,,,일반건축물,단독주택,다가구용단독주택(6가구),0,60.73,182.19,19910813,2,1,서울특별시 영등포구 대림동 859-22번지
11560,13300,0,0859,0023,,,일반건축물,제1종근린생활시설,"근린생활시설, 주택",0,66.27,265.08,19920725,3,1,서울특별시 영등포구 대림동 859-23번지
11560,13300,0,0859,0025,,,일반건축물,단독주택,"주택,근린생활시설",97.8,73.51,205.44,19751126,3,1,서울특별시 영등포구 대림동 859-25번지
11560,13300,0,0859,0026,,,일반건축물,단독주택,단독주택,93.1,52.58,159.88,19920525,3,1,서울특별시 영등포구 대림동 859-26번지
11560,13300,0,0859,0027,,,일반건축물,단독주택,단독주택,0,47.48,137.19,19920605,2,1,서울특별시 영등포구 대림동 859-27번지
11560,13300,0,0859,0029,,,일반건축물,단독주택,주택,0,59.97,74.09,19750502,1,1,서울특별시 영등포구 대림동 859-29번지
11560,13300,0,0860,0001,,,일반건축물,단독주택,단독주택,179,107.27,107.27,19740830,1,0,서울특별시 영등포구 대림동 860-1번지
11560,13300,0,0860,0002,,,일반건축물,단독주택,주택,0,81.81,111.56,19741105,2,0,서울특별시 영등포구 대림동 860-2번지
11560,13300,0,0860,0003,,,일반건축물,단독주택,주택,0,58.83,176.49,19870923,2,1,서울특별시 영등포구 대림동 860-3번지
11560,13300,0,0860,0004,,,일반건축물,단독주택,다가구용단독주택(7가구),133.5,79.17,196.92,19950720,2,1,서울특별시 영등포구 대림동 860-4번지
11560,13300,0,0860,0005,,,일반건축물,단독주택,주택,0,62.38,187.14,19860523,2,1,서울특별시 영등포구 대림동 860-5번지
11560,13300,0,0860,0006,,,일반건축물,단독주택,주택,0,73.52,157.55,19710720,2,1,서울특별시 영등포구 대림동 860-6번지
11560,13300,0,0860,0007,,,일반건축물,단독주택,주택,139,61.56,214.66,19870526,3,1,서울특별시 영등포구 대림동 860-7번지
11560,13300,0,0860,0008,,,일반건축물,단독주택,주택,0,62.6,187.8,19861205,2,1,서울특별시 영등포구 대림동 860-8번지
11560,13300,0,0860,0009,,,일반건축물,단독주택,다가구용단독주택(6가구),0,79.08,237.57,19921029,2,1,서울특별시 영등포구 대림동 860-9번지
11560,13300,0,0860,0010,,,일반건축물,단독주택,다가구용단독주택(6가구),0,63.9,212.49,19911226,2,1,서울특별시 영등포구 대림동 860-10번지
11560,13300,0,0860,0011,,,일반건축물,단독주택,다가구용단독주택,100.9,59.91,167.13,19971029,2,1,서울특별시 영등포구 대림동 860-11번지
11560,13300,0,0860,0012,,,일반건축물,단독주택,주택,0,64.8,194.4,19871226,2,1,서울특별시 영등포구 대림동 860-12번지
11560,13300,0,0860,0014,,,일반건축물,단독주택,다가구용단독주택(4가구),92.2,54.95,193.9,19970317,3,1,서울특별시 영등포구 대림동 860-14번지
11560,13300,0,0860,0015,대림빌라,,표제부,공동주택,다세대주택,193.5,112.24,386.77,20111128,5,0,서울특별시 영등포구 대림동 860-15번지
11560,13300,0,0860,0017,,,일반건축물,단독주택,다가구주택(6가구),94,49.87,152.61,19931112,2,1,서울특별시 영등포구 대림동 860-17번지
11560,13300,0,0860,0018,,,일반건축물,단독주택,다가구용단독주택(4가구),94.6,56.68,206.04,19970327,3,1,서울특별시 영등포구 대림동 860-18번지
11560,13300,0,0860,0019,,,일반건축물,단독주택,다가구주택(5가구),108.6,66.15,195.45,19940726,3,0,서울특별시 영등포구 대림동 860-19번지
11560,13300,0,0860,0020,,,표제부,공동주택,다세대주택(6세대),218.56,129.11,375.3,20020816,4,0,서울특별시 영등포구 대림동 860-20번지
11560,13300,0,0860,0021,,,일반건축물,단독주택,주택,0,72.72,218.16,19900516,2,1,서울특별시 영등포구 대림동 860-21번지
11560,13300,0,0860,0022,,,일반건축물,단독주택,다가구용단독주택(6가구),123.44,73.99,200.41,19940627,2,1,서울특별시 영등포구 대림동 860-22번지
11560,13300,0,0860,0023,,,일반건축물,단독주택,다중주택,229.28,117.4,329.6,20140805,3,1,서울특별시 영등포구 대림동 860-23번지
11560,13300,0,0860,0024,,,일반건축물,단독주택,"근린생활시설, 다가구용단독주택(4가구)",131.73,78.85,216.56,19960911,3,0,서울특별시 영등포구 대림동 860-24번지
11560,13300,0,0860,0033,,,일반건축물,단독주택,"점포,다가구주택(2가구)",120.43,65.79,193.34,19771013,3,1,서울특별시 영등포구 대림동 860-33번지
11560,13300,0,0860,0035,,,일반건축물,단독주택,다가구용단독주택(7가구),0,66.94,199.77,19911015,2,1,서울특별시 영등포구 대림동 860-35번지
11560,13300,0,0860,0036,,,일반건축물,단독주택,다가구용단독주택(6가구),0,58.6,172.06,19920306,2,1,서울특별시 영등포구 대림동 860-36번지
11560,13300,0,0860,0037,,,일반건축물,단독주택,다가구용단독주택(5가구),0,60.96,181.08,19911015,2,1,서울특별시 영등포구 대림동 860-37번지
11560,13300,0,0860,0038,,,일반건축물,단독주택,다가구용단독주택(5가구),0,51.68,151.65,19910917,2,1,서울특별시 영등포구 대림동 860-38번지
11560,13300,0,0860,0039,,,일반건축물,단독주택,다가구용단독주택,119,66.61,238.85,19910917,3,1,서울특별시 영등포구 대림동 860-39번지
11560,13300,0,0860,0040,,,일반건축물,단독주택,다가구용단독주택(5가구),0,57.75,171.57,19910918,2,1,서울특별시 영등포구 대림동 860-40번지
11560,13300,0,0860,0041,,,일반건축물,단독주택,다가구용단독주택(5가구),0,55.99,166.29,19911109,2,1,서울특별시 영등포구 대림동 860-41번지
11560,13300,0,0860,0043,,,일반건축물,단독주택,다가구용단독주택(4가구),78.33,46.81,140.43,19930120,2,1,서울특별시 영등포구 대림동 860-43번지
11560,13300,0,0860,0044,,,일반건축물,단독주택,다가구용단독주택(5가구),0,64.62,189.54,19920723,2,1,서울특별시 영등포구 대림동 860-44번지
11560,13300,0,0860,0046,,,일반건축물,단독주택,"주택, 근린생활시설",0,76.13,235.45,19770203,3,1,서울특별시 영등포구 대림동 860-46번지
11560,13300,0,0861,0003,,,일반건축물,단독주택,다가구용단독주택(5가구),0,51.37,154.98,19910507,2,1,서울특별시 영등포구 대림동 861-3번지
11560,13300,0,0861,0005,,,일반건축물,단독주택,주택,0,60.29,185.89,19890803,2,1,서울특별시 영등포구 대림동 861-5번지
11560,13300,0,0861,0010,,,일반건축물,제2종근린생활시설,근린생활시설,0,89.49,245.43,19750910,3,0,서울특별시 영등포구 대림동 861-10번지
11560,13300,0,0861,0011,,,일반건축물,단독주택,주택,0,72.3,216.9,19880630,2,1,서울특별시 영등포구 대림동 861-11번지
11560,13300,0,0861,0012,,,일반건축물,단독주택,주택,145,71.94,253.08,19871212,3,1,서울특별시 영등포구 대림동 861-12번지
11560,13300,0,0861,0013,,,일반건축물,단독주택,다가구용단독주택(5가구),113,67.75,199.78,19960906,3,1,서울특별시 영등포구 대림동 861-13번지
11560,13300,0,0861,0015,,,일반건축물,제1종근린생활시설,제1종근린생활시설,172,85.02,340.08,19841109,3,1,서울특별시 영등포구 대림동 861-15번지
11560,13300,0,0861,0016,,,일반건축물,단독주택,주택,0,72.3,216.9,19871215,2,1,서울특별시 영등포구 대림동 861-16번지
11560,13300,0,0861,0017,,,일반건축물,단독주택,주택,0,80.55,241.65,19890607,2,1,서울특별시 영등포구 대림동 861-17번지
11560,13300,0,0861,0018,,,일반건축물,단독주택,주택,0,74.55,223.65,19900601,2,1,서울특별시 영등포구 대림동 861-18번지
11560,13300,0,0861,0021,,,일반건축물,제2종근린생활시설,"근린생활시설  , 주택",228,121.94,567.3,19860616,4,1,서울특별시 영등포구 대림동 861-21번지
11560,13300,0,0862,0003,,,일반건축물,제2종근린생활시설,노유자시설 및 근린생활시설,0,164.09,1190.4,19921211,6,1,서울특별시 영등포구 대림동 862-3번지
11560,13300,0,0862,0005,,,일반건축물,제1종근린생활시설,근린생활시설,179.4,72.65,290.62,19831227,3,1,서울특별시 영등포구 대림동 862-5번지
11560,13300,0,0862,0006,,,일반건축물,제1종근린생활시설,"근린생활시설, 일반음식점",0,191.85,722.19,19830111,3,1,서울특별시 영등포구 대림동 862-6번지
11560,13300,0,0862,0010,구례학사,,표제부,공동주택,공동주택,416,206.87,1481.09,20140107,7,2,서울특별시 영등포구 대림동 862-10번지
11560,13300,0,0863,0000,,,일반건축물,제2종근린생활시설,근린생활시설,0,302.49,1853.18,19900714,5,1,서울특별시 영등포구 대림동 863번지
11560,13300,0,0863,0002,,삼부아파트 11블럭 142노트,일반건축물,제2종근린생활시설,근린생활시설,382,189.2,1199.2,19931223,7,1,서울특별시 영등포구 대림동 863-2번지
11560,13300,0,0863,0009,,,표제부,공동주택,다세대주택,0,74.92,373.56,19921026,4,1,서울특별시 영등포구 대림동 863-9번지
11560,13300,0,0863,0009,,,표제부,공동주택,다세대주택(9세대),0,74.92,373.56,19921026,4,1,서울특별시 영등포구 대림동 863-9번지
11560,13300,0,0863,0010,,,일반건축물,제2종근린생활시설,근린생활시설,413,201.97,1351.15,19940902,8,1,서울특별시 영등포구 대림동 863-10번지
11560,13300,0,0863,0011,,,일반건축물,제2종근린생활시설,"근린생활시설 , 주택",270,134,688.82,19931221,5,1,서울특별시 영등포구 대림동 863-11번지
11560,13300,0,0864,0007,,,일반건축물,단독주택,"근린생활시설, 다가구용단독주택(3가구)",0,107.09,316.1,19800702,3,1,서울특별시 영등포구 대림동 864-7번지
11560,13300,0,0864,0008,,,일반건축물,제1종근린생활시설,"근린생활시설, 주택",0,89.1,477.95,19911210,4,1,서울특별시 영등포구 대림동 864-8번지
11560,13300,0,0864,0009,,,일반건축물,제2종근린생활시설,근린생활시설,0,88.93,185.13,19780925,2,1,서울특별시 영등포구 대림동 864-9번지
11560,13300,0,0864,0010,,,일반건축물,제1종근린생활시설,"근린생활시설, 주택",0,90.78,493.47,19901123,4,1,서울특별시 영등포구 대림동 864-10번지
11560,13300,0,0864,0011,,,일반건축물,제1종근린생활시설,"근린생활시설, 주택",0,89.04,479.12,19871221,4,1,서울특별시 영등포구 대림동 864-11번지
11560,13300,0,0864,0012,,,일반건축물,제1종근린생활시설,"근린생활시설, 사무실, 주택",0,89.64,455.4,19831012,4,1,서울특별시 영등포구 대림동 864-12번지
11560,13300,0,0864,0014,,,일반건축물,제1종근린생활시설,"점포, 주택",0,96.17,196.08,19760119,2,1,서울특별시 영등포구 대림동 864-14번지
11560,13300,0,0864,0015,해마루,,표제부,공동주택,공동주택,277,165.31,499.64,20160412,5,0,서울특별시 영등포구 대림동 864-15번지
11560,13300,0,0864,0017,,,일반건축물,단독주택,주택,0,58.61,136.3,19751113,2,1,서울특별시 영등포구 대림동 864-17번지
11560,13300,0,0864,0018,,,일반건축물,단독주택,주택,0,66.61,126.48,19750909,2,0,서울특별시 영등포구 대림동 864-18번지
11560,13300,0,0864,0019,훈하우스,,표제부,공동주택,도시형생활주택(원룸형),271,162.46,533.66,20220204,5,0,서울특별시 영등포구 대림동 864-19번지
11560,13300,0,0864,0021,,,일반건축물,단독주택,주택,0,84.89,167.95,19760618,2,1,서울특별시 영등포구 대림동 864-21번지
11560,13300,0,0864,0022,,,일반건축물,단독주택,다가구용단독주택(5가구),0,72.45,219.15,19900804,2,1,서울특별시 영등포구 대림동 864-22번지
11560,13300,0,0864,0023,,,일반건축물,단독주택,주택,0,58.05,67.9,19750829,1,1,서울특별시 영등포구 대림동 864-23번지
11560,13300,0,0864,0024,,,일반건축물,단독주택,주택,0,59.17,69.16,19750830,1,1,서울특별시 영등포구 대림동 864-24번지
11560,13300,0,0864,0025,,,일반건축물,단독주택,주택,0,56.69,113.38,19750806,2,0,서울특별시 영등포구 대림동 864-25번지
11560,13300,0,0864,0026,,,일반건축물,단독주택,주택,0,51.47,109.42,19760210,2,1,서울특별시 영등포구 대림동 864-26번지
11560,13300,0,0864,0028,문영빌딩,,일반건축물,제2종근린생활시설,제2종근린생활시설,165,80.42,457.81,20111020,6,1,서울특별시 영등포구 대림동 864-28번지
11560,13300,0,0864,0032,.,,일반건축물,노유자시설,"근린생활시설,노유자시설",301,146.04,1040.16,19931223,7,1,서울특별시 영등포구 대림동 864-32번지
11560,13300,0,0865,0000,,,일반건축물,단독주택,주택,0,59.5,59.5,,1,0,서울특별시 영등포구 대림동 865번지
11560,13300,0,0865,0001,,,일반건축물,제1종근린생활시설,"근린생활시설, 주택",0,98.4,492,19900922,4,1,서울특별시 영등포구 대림동 865-1번지
11560,13300,0,0865,0002,,,일반건축물,단독주택,단독주택,0,66.55,233.13,19901113,3,1,서울특별시 영등포구 대림동 865-2번지
11560,13300,0,0865,0003,,,일반건축물,제1종근린생활시설,"근린생활시설, 주택",120.37,56.98,210.58,19831221,3,1,서울특별시 영등포구 대림동 865-3번지
11560,13300,0,0865,0005,,,일반건축물,단독주택,다가구용단독주택(3가구),0,82.14,249.72,19900904,2,1,서울특별시 영등포구 대림동 865-5번지
11560,13300,0,0865,0006,,,일반건축물,단독주택,다가구용단독주택(4가구),93,45.54,143.1,19910425,3,1,서울특별시 영등포구 대림동 865-6번지
11560,13300,0,0865,0008,,,일반건축물,단독주택,다가구용단독주택(4가구),0,38.84,120.32,19901024,2,1,서울특별시 영등포구 대림동 865-8번지
11560,13300,0,0865,0009,,,일반건축물,단독주택,주택,0,42.98,42.98,19671230,1,0,서울특별시 영등포구 대림동 865-9번지
11560,13300,0,0865,0011,,,일반건축물,단독주택,단독주택,0,82.41,247.23,19901123,2,1,서울특별시 영등포구 대림동 865-11번지
11560,13300,0,0865,0012,,,일반건축물,단독주택,단독주택,0,81.09,243.27,19900511,2,1,서울특별시 영등포구 대림동 865-12번지
11560,13300,0,0865,0013,,,일반건축물,단독주택,주택,0,82.47,247.41,19900323,2,1,서울특별시 영등포구 대림동 865-13번지
11560,13300,0,0866,0001,,,일반건축물,단독주택,주택,0,61.9,185.7,19841008,2,1,서울특별시 영등포구 대림동 866-1번지
11560,13300,0,0866,0002,,,일반건축물,단독주택,주택,0,43.04,43.04,19700430,1,0,서울특별시 영등포구 대림동 866-2번지
11560,13300,0,0866,0003,,,일반건축물,단독주택,주택,0,43.21,43.21,19700410,1,0,서울특별시 영등포구 대림동 866-3번지
11560,13300,0,0867,0003,,,일반건축물,제1종근린생활시설,"근린생활시설, 주택",0,63.79,191.37,19850610,2,1,서울특별시 영등포구 대림동 867-3번지
11560,13300,0,0867,0005,,,일반건축물,제2종근린생활시설,"노인회관, 근린생활시설",0,40,106.78,19791220,3,1,서울특별시 영등포구 대림동 867-5번지
11560,13300,0,0868,0002,공원빌라,,표제부,공동주택,연립주택,658,308.88,1197.58,19980303,4,1,서울특별시 영등포구 대림동 868-2번지
11560,13300,0,0868,0003,,,일반건축물,제1종근린생활시설,"근린생활시설, 주택",0,98.38,185.19,19710422,2,1,서울특별시 영등포구 대림동 868-3번지
11560,13300,0,0868,0004,,,일반건축물,단독주택,다가구주택(6가구),114.56,63.78,177.22,19930207,2,1,서울특별시 영등포구 대림동 868-4번지
11560,13300,0,0868,0005,,,일반건축물,단독주택,주택,0,54.66,163.98,19860503,2,1,서울특별시 영등포구 대림동 868-5번지
11560,13300,0,0868,0006,,,일반건축물,단독주택,단독주택(다중주택),221.89,132.53,425.24,20180419,3,1,서울특별시 영등포구 대림동 868-6번지
11560,13300,0,0868,0008,,,일반건축물,단독주택,주택,0,64.94,194.82,19880525,2,1,서울특별시 영등포구 대림동 868-8번지
11560,13300,0,0868,0009,,,일반건축물,단독주택,다가구용단독주택(6가구),0,65.4,204.17,19910529,2,1,서울특별시 영등포구 대림동 868-9번지
11560,13300,0,0868,0010,,,일반건축물,단독주택,주택,0,73.39,87.94,19771223,1,1,서울특별시 영등포구 대림동 868-10번지
11560,13300,0,0868,0011,,,일반건축물,단독주택,단독주택,0,65.96,197.88,19901015,2,1,서울특별시 영등포구 대림동 868-11번지
11560,13300,0,0868,0012,,,일반건축물,단독주택,주택,0,60.21,191.31,19890506,2,1,서울특별시 영등포구 대림동 868-12번지
11560,13300,0,0868,0015,SB빌딩,,일반건축물,제2종근린생활시설,"제2종근린생활시설, 사무소",0,90,467.7,19900915,4,1,서울특별시 영등포구 대림동 868-15번지
11560,13300,0,0868,0016,,,일반건축물,단독주택,주택,0,65.86,201.13,19880604,2,1,서울특별시 영등포구 대림동 868-16번지
11560,13300,0,0868,0017,,,일반건축물,단독주택,다세대주택,0,64.72,194.16,19861027,2,1,서울특별시 영등포구 대림동 868-17번지
11560,13300,0,0868,0018,,,일반건축물,단독주택,다세대주택,0,63.68,191.04,19861028,2,1,서울특별시 영등포구 대림동 868-18번지
11560,13300,0,0868,0019,,,일반건축물,단독주택,다가구주택(5가구),121.5,72.46,211.2,19931004,2,1,서울특별시 영등포구 대림동 868-19번지
11560,13300,0,0868,0020,,,일반건축물,단독주택,주택,0,59.31,179.48,19871118,2,1,서울특별시 영등포구 대림동 868-20번지
11560,13300,0,0868,0021,,,일반건축물,단독주택,주택,0,58.88,176.64,19870714,2,1,서울특별시 영등포구 대림동 868-21번지
11560,13300,0,0868,0022,행복하우스,,일반건축물,단독주택,단독주택,135.11,66.78,192.49,20170929,3,1,서울특별시 영등포구 대림동 868-22번지
11560,13300,0,0868,0023,,,일반건축물,단독주택,다가구용단독주택(6가구),0,70.53,215.49,19920214,2,1,서울특별시 영등포구 대림동 868-23번지
11560,13300,0,0868,0024,,,일반건축물,단독주택,다가구용단독주택,122,69.02,217.56,19920214,3,1,서울특별시 영등포구 대림동 868-24번지
11560,13300,0,0868,0025,,,일반건축물,단독주택,다가구용단독주택(10가구),0,98.74,385.76,19920214,3,1,서울특별시 영등포구 대림동 868-25번지
11560,13300,0,0868,0030,,,일반건축물,단독주택,다가구용단독주택,182.57,82.98,278.81,19901212,3,1,서울특별시 영등포구 대림동 868-30번지
11560,13300,0,0869,0003,,,일반건축물,단독주택,주택,0,86.97,249.66,19860816,2,1,서울특별시 영등포구 대림동 869-3번지
11560,13300,0,0869,0004,,,일반건축물,단독주택,주택,0,84.96,182.48,19820903,2,1,서울특별시 영등포구 대림동 869-4번지
11560,13300,0,0869,0006,,,일반건축물,단독주택,주택,115.5,70.15,127.99,19831129,2,0,서울특별시 영등포구 대림동 869-6번지
11560,13300,0,0869,0007,,,일반건축물,단독주택,주택,0,60.51,181.53,19900515,2,1,서울특별시 영등포구 대림동 869-7번지
11560,13300,0,0869,0008,,,일반건축물,단독주택,주택,0,55.55,166.65,19891021,2,1,서울특별시 영등포구 대림동 869-8번지
11560,13300,0,0869,0009,,,일반건축물,단독주택,주택,0,55.55,172.05,19891221,2,1,서울특별시 영등포구 대림동 869-9번지
11560,13300,0,0869,0010,,,일반건축물,단독주택,주택,0,60.61,185.58,19861029,2,1,서울특별시 영등포구 대림동 869-10번지
11560,13300,0,0869,0011,,,일반건축물,단독주택,"주택, 대피소",0,69.24,206.41,19900425,2,1,서울특별시 영등포구 대림동 869-11번지
11560,13300,0,0870,0000,대림어린이공원지하주차장,,일반건축물,자동차관련시설,자동차관련시설,4837,284.12,6580.4,20050314,1,2,서울특별시 영등포구 대림동 870번지
11560,13300,0,0871,0001,,,일반건축물,단독주택,단독주택,0,50.73,147.95,19901103,2,1,서울특별시 영등포구 대림동 871-1번지
11560,13300,0,0871,0002,,,일반건축물,단독주택,단독주택,137.83,82.56,291.84,20100826,3,1,서울특별시 영등포구 대림동 871-2번지
11560,13300,0,0871,0003,,,일반건축물,단독주택,주택,136.28,66.96,200.7,19851114,2,1,서울특별시 영등포구 대림동 871-3번지
11560,13300,0,0871,0004,,,일반건축물,단독주택,다세대주택,154.1,77.8,233.4,19851121,2,1,서울특별시 영등포구 대림동 871-4번지
11560,13300,0,0871,0007,보람하이빌,,표제부,공동주택,다세대주택,266.4,159.55,530.4,20110125,5,0,서울특별시 영등포구 대림동 871-7번지
11560,13300,0,0871,0009,,,일반건축물,단독주택,단독주택,130.66,78.15,290.58,20161213,3,1,서울특별시 영등포구 대림동 871-9번지
11560,13300,0,0871,0010,,,일반건축물,단독주택,주택,0,71.14,213.42,19881201,2,1,서울특별시 영등포구 대림동 871-10번지
11560,13300,0,0871,0011,,,일반건축물,단독주택,주택,0,79.75,239.25,19920225,2,1,서울특별시 영등포구 대림동 871-11번지
11560,13300,0,0871,0012,,,일반건축물,단독주택,단독주택,0,71.98,215.94,19900811,2,1,서울특별시 영등포구 대림동 871-12번지
11560,13300,0,0871,0015,,,일반건축물,단독주택,단독주택,137.63,82.44,296.6,20160607,3,1,서울특별시 영등포구 대림동 871-15번지
11560,13300,0,0872,0001,,,일반건축물,단독주택,주택,0,57.79,173.37,19880725,2,1,서울특별시 영등포구 대림동 872-1번지
11560,13300,0,0872,0003,,,일반건축물,단독주택,주택,128.1,63.68,199.57,19851115,2,1,서울특별시 영등포구 대림동 872-3번지
11560,13300,0,0872,0004,,,일반건축물,단독주택,다가구용단독주택(4가구),0,34.98,101.42,19910903,2,1,서울특별시 영등포구 대림동 872-4번지
11560,13300,0,0872,0010,,,일반건축물,단독주택,다가구용단독주택(4가구),0,39.69,118.71,19920318,2,1,서울특별시 영등포구 대림동 872-10번지
11560,13300,0,0873,0002,백산시티빌,,표제부,공동주택,다세대주택,162,97.19,315.8,20120627,5,0,서울특별시 영등포구 대림동 873-2번지
11560,13300,0,0873,0005,,,일반건축물,노유자시설,노유자시설,245,115.7,194.73,19690624,2,0,서울특별시 영등포구 대림동 873-5번지
11560,13300,0,0873,0006,,,일반건축물,단독주택,다가구주택(4가구),181.34,102.38,304.4,20011031,3,0,서울특별시 영등포구 대림동 873-6번지
11560,13300,0,0873,0007,,,일반건축물,제2종근린생활시설,제2종근린생활시설(고시원),157.69,94.53,314.78,20100121,4,0,서울특별시 영등포구 대림동 873-7번지
11560,13300,0,0873,0008,,,일반건축물,단독주택,단독주택,163.54,98.04,257.82,20040818,4,0,서울특별시 영등포구 대림동 873-8번지
11560,13300,0,0873,0010,,,일반건축물,단독주택,다가구용단독주택(6가구),145.19,79.92,295.82,19950626,3,1,서울특별시 영등포구 대림동 873-10번지
11560,13300,0,0873,0013,,,일반건축물,단독주택,다가구용단독주택(5가구),0,83.25,249.75,19921217,2,1,서울특별시 영등포구 대림동 873-13번지
11560,13300,0,0873,0014,,,일반건축물,단독주택,다가구용단독주택(5가구),0,66.54,199.62,19921217,2,1,서울특별시 영등포구 대림동 873-14번지
11560,13300,0,0873,0018,,,일반건축물,단독주택,주택,0,62.81,124.96,19690510,2,1,서울특별시 영등포구 대림동 873-18번지
11560,13300,0,0873,0019,,,일반건축물,단독주택,단독(다중)주택,148.52,88.98,299.95,20200325,3,1,서울특별시 영등포구 대림동 873-19번지
11560,13300,0,0873,0020,,,일반건축물,단독주택,주택,0,66.08,198.24,19860816,2,1,서울특별시 영등포구 대림동 873-20번지
11560,13300,0,0873,0021,,,일반건축물,단독주택,주택,0,60.43,181.29,19860510,2,1,서울특별시 영등포구 대림동 873-21번지
11560,13300,0,0873,0022,,,표제부,공동주택,공동주택,146.72,85.95,291.89,20190708,5,0,서울특별시 영등포구 대림동 873-22번지
11560,13300,0,0873,0023,,,일반건축물,단독주택,단독주택,0,72.32,216.96,19900918,2,1,서울특별시 영등포구 대림동 873-23번지
11560,13300,0,0873,0027,,,일반건축물,단독주택,다가구용단독주택(5가구),0,82.7,239.86,19921109,2,1,서울특별시 영등포구 대림동 873-27번지
11560,13300,0,0874,0001,,,일반건축물,단독주택,주택,0,68.2,206.15,19891214,2,1,서울특별시 영등포구 대림동 874-1번지
11560,13300,0,0874,0013,,,일반건축물,단독주택,다중주택,120.32,71.91,236.75,20101027,3,1,서울특별시 영등포구 대림동 874-13번지
11560,13300,0,0874,0014,,,표제부,공동주택,공동주택(다세대주택),120.52,71.88,243.37,20030130,4,0,서울특별시 영등포구 대림동 874-14번지
11560,13300,0,0874,0017,,,일반건축물,단독주택,주택,0,60.51,181.53,19881116,2,1,서울특별시 영등포구 대림동 874-17번지
11560,13300,0,0874,0018,,,일반건축물,단독주택,주택,0,56.81,173.23,19891219,2,1,서울특별시 영등포구 대림동 874-18번지
11560,13300,0,0874,0021,,,일반건축물,단독주택,다가구용단독주택(3가구),0,63.36,190.83,19900928,2,1,서울특별시 영등포구 대림동 874-21번지
11560,13300,0,0874,0022,,,일반건축물,단독주택,"단독주택(다가구주택,제2종근린생활시설)",103.3,59.83,159.23,20071120,3,0,서울특별시 영등포구 대림동 874-22번지
11560,13300,0,0874,0023,,,일반건축물,단독주택,다가구용단독주택(6가구),0,64.47,195.57,19900927,2,1,서울특별시 영등포구 대림동 874-23번지
11560,13300,0,0874,0024,,,일반건축물,단독주택,주택,0,70.66,211.98,19880820,2,1,서울특별시 영등포구 대림동 874-24번지
11560,13300,0,0874,0025,,,일반건축물,단독주택,주택,0,50.94,152.82,19881026,2,1,서울특별시 영등포구 대림동 874-25번지
11560,13300,0,0874,0026,,,일반건축물,단독주택,다중주택,142.44,79.29,232.69,20120517,3,0,서울특별시 영등포구 대림동 874-26번지
11560,13300,0,0874,0028,,,일반건축물,단독주택,다가구주택,148.05,87.86,292,20060830,5,0,서울특별시 영등포구 대림동 874-28번지
11560,13300,0,0874,0029,대림동 874-29(해맑은),,일반건축물,단독주택,단독주택,140.38,84.11,294.91,20170316,3,1,서울특별시 영등포구 대림동 874-29번지
11560,13300,0,0875,0002,,,일반건축물,단독주택,주택,138.33,68.38,205.14,19851012,2,1,서울특별시 영등포구 대림동 875-2번지
11560,13300,0,0875,0003,,,일반건축물,단독주택,단독주택,155,92.97,299.4,20170222,3,1,서울특별시 영등포구 대림동 875-3번지
11560,13300,0,0875,0004,,,일반건축물,제1종근린생활시설,"근린생활시설, 주택",0,76.44,338.1,19901227,3,1,서울특별시 영등포구 대림동 875-4번지
11560,13300,0,0875,0005,,,일반건축물,단독주택,주택,0,67.33,209.49,19870605,2,1,서울특별시 영등포구 대림동 875-5번지
11560,13300,0,0875,0006,,,일반건축물,단독주택,주택,0,62.93,191.49,19870527,2,1,서울특별시 영등포구 대림동 875-6번지
11560,13300,0,0875,0007,,,일반건축물,단독주택,"근린생활시설, 주택",0,91.02,352.52,19841112,4,1,서울특별시 영등포구 대림동 875-7번지
11560,13300,0,0875,0008,,,표제부,공동주택,다세대주택,130.3,71.81,187.51,20080516,4,0,서울특별시 영등포구 대림동 875-8번지
11560,13300,0,0875,0009,,,일반건축물,단독주택,단독주택,187.43,97.47,329.12,20171122,3,1,서울특별시 영등포구 대림동 875-9번지
11560,13300,0,0875,0011,,,일반건축물,단독주택,다가구주택,190.7,112.53,348.35,20020705,4,0,서울특별시 영등포구 대림동 875-11번지
11560,13300,0,0875,0012,금광백형빌,,표제부,공동주택,다세대주택,217.62,128.1,509.69,20121119,5,0,서울특별시 영등포구 대림동 875-12번지
11560,13300,0,0875,0013,대림동다세대주택,,표제부,공동주택,다세대주택(5세대),175,98.55,332.41,20020719,4,0,서울특별시 영등포구 대림동 875-13번지
11560,13300,0,0875,0014,,,일반건축물,단독주택,단독주택,145,86.56,299.66,20171219,3,1,서울특별시 영등포구 대림동 875-14번지
11560,13300,0,0875,0015,,,일반건축물,단독주택,"주택, 근린생활시설",0,104.17,219.55,19681101,2,1,서울특별시 영등포구 대림동 875-15번지
11560,13300,0,0875,0016,,,일반건축물,단독주택,"근린생활시설, 다가구용단독주택(4가구)",168.4,91.98,430.29,19910529,4,1,서울특별시 영등포구 대림동 875-16번지
11560,13300,0,0875,0017,,,일반건축물,단독주택,다가구용단독주택(7가구),136,80.92,298.49,19951213,3,1,서울특별시 영등포구 대림동 875-17번지
11560,13300,0,0875,0018,스텔라움,,일반건축물,단독주택,다중주택,256.3,152.01,508.45,20221227,4,0,서울특별시 영등포구 대림동 875-18번지
11560,13300,0,0875,0020,,,일반건축물,제2종근린생활시설,단독주택,181.81,107.3,452.91,20110201,4,1,서울특별시 영등포구 대림동 875-20번지
11560,13300,0,0875,0021,크리스탈,,일반건축물,단독주택,다중주택 및 근린생활시설,276.3,164.56,528.32,20230926,4,0,서울특별시 영등포구 대림동 875-21번지
11560,13300,0,0875,0023,,,일반건축물,단독주택,단독주택,140.72,81.55,299.05,20171211,3,1,서울특별시 영등포구 대림동 875-23번지
11560,13300,0,0875,0024,,,일반건축물,단독주택,주택,0,63.22,189.66,19880906,2,1,서울특별시 영등포구 대림동 875-24번지
11560,13300,0,0876,0001,,,일반건축물,단독주택,"근린생활시설, 단독주택",312.15,154.72,773.11,19931206,4,1,서울특별시 영등포구 대림동 876-1번지
11560,13300,0,0876,0008,,,일반건축물,단독주택,주택,0,73.98,138.51,19710729,2,1,서울특별시 영등포구 대림동 876-8번지
11560,13300,0,0876,0012,,,일반건축물,단독주택,주택,179,87.65,182.7,19741111,2,1,서울특별시 영등포구 대림동 876-12번지
11560,13300,0,0876,0013,,,일반건축물,제1종근린생활시설,근린생활시설,159,85.4,261.72,19791229,2,1,서울특별시 영등포구 대림동 876-13번지
11560,13300,0,0876,0014,,,일반건축물,단독주택,다가구주택(3가구),188,99.84,214.16,19741111,3,0,서울특별시 영등포구 대림동 876-14번지
11560,13300,0,0876,0015,,,일반건축물,제1종근린생활시설,"근린생활시설, 주택",177,103.15,372.2,19800222,3,1,서울특별시 영등포구 대림동 876-15번지
11560,13300,0,0876,0019,다온캐슬,,표제부,공동주택,공동주택,443.5,232.1,726.23,20230322,5,0,서울특별시 영등포구 대림동 876-19번지
11560,13300,0,0876,0020,,,일반건축물,제1종근린생활시설,"근린생활, 단독주택",394.15,194.58,1069.4,19931206,5,1,서울특별시 영등포구 대림동 876-20번지
11560,13300,0,0877,0003,,,일반건축물,제1종근린생활시설,"근린생활시설, 주택",0,69.36,135.28,19760622,2,0,서울특별시 영등포구 대림동 877-3번지
11560,13300,0,0877,0004,,,일반건축물,제1종근린생활시설,"근린생활시설, 노유자시설, 주택",0,137.7,550.8,19891124,3,1,서울특별시 영등포구 대림동 877-4번지
11560,13300,0,0877,0011,,,일반건축물,단독주택,주택,0,74.13,221.73,19890104,2,1,서울특별시 영등포구 대림동 877-11번지
11560,13300,0,0877,0012,,,일반건축물,제1종근린생활시설,"근린생활시설, 주택",0,68.34,295.14,19890501,3,1,서울특별시 영등포구 대림동 877-12번지
11560,13300,0,0877,0013,,,일반건축물,단독주택,주택,0,65.98,74.98,19710730,1,1,서울특별시 영등포구 대림동 877-13번지
11560,13300,0,0877,0014,대림아트빌,,표제부,공동주택,공동주택,185.95,111.3,415.98,20040625,4,0,서울특별시 영등포구 대림동 877-14번지
11560,13300,0,0877,0016,,,일반건축물,단독주택,주택,0,65.85,126.31,19710729,2,1,서울특별시 영등포구 대림동 877-16번지
11560,13300,0,0877,0017,,,일반건축물,단독주택,주택,0,32.83,70.55,19710730,2,1,서울특별시 영등포구 대림동 877-17번지
11560,13300,0,0877,0018,,,일반건축물,단독주택,주택,0,61.95,120.33,19710730,2,1,서울특별시 영등포구 대림동 877-18번지
11560,13300,0,0877,0019,,,일반건축물,단독주택,주택,0,62.25,113.13,19710730,2,1,서울특별시 영등포구 대림동 877-19번지
11560,13300,0,0877,0021,,,일반건축물,단독주택,주택,0,72.08,139.21,19740112,2,1,서울특별시 영등포구 대림동 877-21번지
11560,13300,0,0877,0022,,,일반건축물,단독주택,단독주택,169,100.7,432.54,20180327,4,1,서울특별시 영등포구 대림동 877-22번지
11560,13300,0,0877,0023,,,일반건축물,단독주택,다중주택,143.3,84.82,298.67,20100906,3,1,서울특별시 영등포구 대림동 877-23번지
11560,13300,0,0877,0024,,,일반건축물,단독주택,주택,0,72.66,215.43,19830824,2,1,서울특별시 영등포구 대림동 877-24번지
11560,13300,0,0877,0025,,,일반건축물,단독주택,주택,0,70.22,138.49,19760616,2,1,서울특별시 영등포구 대림동 877-25번지
11560,13300,0,0877,0027,,,일반건축물,제1종근린생활시설,"근린생활시설, 주택",145.4,72.66,377.34,19930503,4,1,서울특별시 영등포구 대림동 877-27번지
11560,13300,0,0877,0028,,,일반건축물,단독주택,주택,0,89.62,184.74,19750609,2,1,서울특별시 영등포구 대림동 877-28번지
11560,13300,0,0877,0029,,,일반건축물,단독주택,주택,0,74.7,224.1,19880907,2,1,서울특별시 영등포구 대림동 877-29번지
11560,13300,0,0877,0030,,,일반건축물,단독주택,주택,0,75.39,226.17,19881229,2,1,서울특별시 영등포구 대림동 877-30번지
11560,13300,0,0877,0031,,,일반건축물,단독주택,주택,0,74.25,149.61,19760617,2,1,서울특별시 영등포구 대림동 877-31번지
11560,13300,0,0877,0032,,,일반건축물,단독주택,주택,0,82.88,248.52,19860827,2,1,서울특별시 영등포구 대림동 877-32번지
11560,13300,0,0877,0033,,,일반건축물,단독주택,다세대주택,0,79.56,248.28,19860912,2,1,서울특별시 영등포구 대림동 877-33번지
11560,13300,0,0877,0034,,,일반건축물,단독주택,주택,0,73.29,219.87,19890601,2,1,서울특별시 영등포구 대림동 877-34번지
11560,13300,0,0877,0035,,,일반건축물,단독주택,다중주택,148.82,89.04,299.69,20100622,3,1,서울특별시 영등포구 대림동 877-35번지
11560,13300,0,0877,0036,,,일반건축물,단독주택,주택,0,78.42,239.56,19890905,2,1,서울특별시 영등포구 대림동 877-36번지
11560,13300,0,0877,0037,,,일반건축물,단독주택,단독주택(다중주택),144,84.94,329.52,20090107,3,1,서울특별시 영등포구 대림동 877-37번지
11560,13300,0,0877,0039,,,일반건축물,단독주택,"근린생활시설,다가구주택",149.87,89.5,354.88,20030623,4,0,서울특별시 영등포구 대림동 877-39번지
11560,13300,0,0877,0040,,,일반건축물,단독주택,주택,0,81.27,243.81,19870622,2,1,서울특별시 영등포구 대림동 877-40번지
11560,13300,0,0877,0041,,,표제부,공동주택,공동주택(다세대주택),161.9,96.66,361.04,20021007,4,0,서울특별시 영등포구 대림동 877-41번지
11560,13300,0,0877,0042,,,일반건축물,단독주택,다중주택,152.04,90.06,299.81,20151224,3,1,서울특별시 영등포구 대림동 877-42번지
11560,13300,0,0877,0043,,,일반건축물,단독주택,단독주택,131.27,78.16,298.92,20161111,3,1,서울특별시 영등포구 대림동 877-43번지
11560,13300,0,0877,0044,,,일반건축물,단독주택,다가구용단독주택(5가구),0,68.24,204.72,19901024,2,1,서울특별시 영등포구 대림동 877-44번지
11560,13300,0,0877,0045,,,일반건축물,단독주택,단독주택,102.86,54.01,199.87,20101012,3,1,서울특별시 영등포구 대림동 877-45번지
11560,13300,0,0877,0046,,,일반건축물,단독주택,단독주택,188.7,104.34,328.59,20100806,3,1,서울특별시 영등포구 대림동 877-46번지
11560,13300,0,0877,0047,,,일반건축물,단독주택,"근린생활시설, 주택",0,157.8,612.84,19891125,3,1,서울특별시 영등포구 대림동 877-47번지
11560,13300,0,0878,0004,,,일반건축물,제1종근린생활시설,근린생활시설,0,0,68.43,19650521,1,0,서울특별시 영등포구 대림동 878-4번지
11560,13300,0,0878,0005,청기와타운,,표제부,공동주택,공동주택,455.24,238.84,881.73,20000804,4,0,서울특별시 영등포구 대림동 878-5번지
11560,13300,0,0878,0008,,,일반건축물,제1종근린생활시설,근린생활시설,0,57.75,293.85,19920722,5,1,서울특별시 영등포구 대림동 878-8번지
11560,13300,0,0878,0014,,,일반건축물,단독주택,다가구주택,169.5,101.42,283.56,20040120,3,0,서울특별시 영등포구 대림동 878-14번지
11560,13300,0,0878,0015,,,일반건축물,제1종근린생활시설,마을회관,0,82.65,165.3,19800911,2,0,서울특별시 영등포구 대림동 878-15번지
11560,13300,0,0878,0016,,,일반건축물,제1종근린생활시설,"근린생활시설, 교육연구및복지시설, 다가구주택(5가구)",466.7,268.22,1686.37,19901005,6,1,서울특별시 영등포구 대림동 878-16번지
11560,13300,0,0878,0019,대림동상가주택,,일반건축물,제2종근린생활시설,"근린생활시설,다가구주택",178,104.1,471.54,20021126,5,0,서울특별시 영등포구 대림동 878-19번지
11560,13300,0,0878,0020,,,일반건축물,제1종근린생활시설,"근린생활시설, 주택",0,99.17,184.13,19780425,2,1,서울특별시 영등포구 대림동 878-20번지
11560,13300,0,0878,0021,,,일반건축물,단독주택,다가구주택,161.64,94.46,264.48,20040120,3,0,서울특별시 영등포구 대림동 878-21번지
11560,13300,0,0879,0001,,,일반건축물,제2종근린생활시설,근린생활시설,0,283.8,1727,19911104,5,1,서울특별시 영등포구 대림동 879-1번지
11560,13300,0,0879,0002,,,일반건축물,업무시설,"업무시설, 근린생활시설, 주택",589.13,269.78,2198.59,19920701,7,1,서울특별시 영등포구 대림동 879-2번지
11560,13300,0,0879,0003,,,일반건축물,단독주택,주택,0,67.23,201.69,19890811,2,1,서울특별시 영등포구 대림동 879-3번지
11560,13300,0,0879,0008,,,일반건축물,제1종근린생활시설,제1종근린생활시설,146,72.63,140.22,20050325,2,0,서울특별시 영등포구 대림동 879-8번지
11560,13300,0,0880,0000,,,일반건축물,단독주택,주택,0,33.42,33.42,19571220,1,0,서울특별시 영등포구 대림동 880번지
11560,13300,0,0880,0006,,,표제부,공동주택,연립주택,435,231.11,768.17,19930616,3,1,서울특별시 영등포구 대림동 880-6번지
11560,13300,0,0880,0011,,,일반건축물,단독주택,단독주택,0,65.15,195.45,19901018,2,1,서울특별시 영등포구 대림동 880-11번지
11560,13300,0,0880,0018,,,일반건축물,단독주택,단독주택,0,69.22,207.66,19901103,2,1,서울특별시 영등포구 대림동 880-18번지
11560,13300,0,0881,0000,,,일반건축물,단독주택,주택,0,66.12,66.12,,1,0,서울특별시 영등포구 대림동 881번지
11560,13300,0,0881,0000,,,일반건축물,단독주택,주택,0,36.36,36.36,,1,0,서울특별시 영등포구 대림동 881번지
11560,13300,0,0881,0000,,,일반건축물,단독주택,주택,0,85.95,85.95,,1,0,서울특별시 영등포구 대림동 881번지
11560,13300,0,0881,0001,,,일반건축물,제2종근린생활시설,"근린생활시설, 주택",0,65.45,196.35,19790716,2,1,서울특별시 영등포구 대림동 881-1번지
11560,13300,0,0881,0002,,,일반건축물,단독주택,다가구용단독주택(3가구),0,66.38,199.14,19910716,2,1,서울특별시 영등포구 대림동 881-2번지
11560,13300,0,0881,0003,,,일반건축물,단독주택,"창고, 근린생활시설, 주택",0,52.17,154.32,19710814,3,0,서울특별시 영등포구 대림동 881-3번지
11560,13300,0,0881,0004,,,일반건축물,단독주택,단독주택(1가구),55,31.55,94.65,19980624,2,1,서울특별시 영등포구 대림동 881-4번지
11560,13300,0,0881,0006,,,일반건축물,단독주택,주택,142.87,83.98,188.15,19740710,3,1,서울특별시 영등포구 대림동 881-6번지
11560,13300,0,0881,0007,,,일반건축물,제2종근린생활시설,"근린생활시설, 주택",0,232.51,926.92,19911104,3,1,서울특별시 영등포구 대림동 881-7번지
11560,13300,0,0881,0008,,,일반건축물,제1종근린생활시설,"근린생활시설, 주택",0,73.79,190.62,19731228,3,1,서울특별시 영등포구 대림동 881-8번지
11560,13300,0,0881,0010,,,일반건축물,단독주택,다가구주택(5가구),0,65.1,191.92,19920525,2,1,서울특별시 영등포구 대림동 881-10번지
11560,13300,0,0881,0012,,,일반건축물,단독주택,다가구주택(12가구),203.9,120.66,393.71,19940128,3,1,서울특별시 영등포구 대림동 881-12번지
11560,13300,0,0881,0013,,,일반건축물,단독주택,주택,0,40.27,126.21,19871231,2,1,서울특별시 영등포구 대림동 881-13번지
11560,13300,0,0881,0014,,,일반건축물,단독주택,다가구용단독주택(5가구),0,60.06,180.18,19921203,2,1,서울특별시 영등포구 대림동 881-14번지
11560,13300,0,0881,0016,,,일반건축물,단독주택,다가구주택(3가구),79,46.4,132,19930924,2,1,서울특별시 영등포구 대림동 881-16번지
11560,13300,0,0881,0017,,,일반건축물,단독주택,다가구주택(3가구),71.89,43.13,129.39,19930508,2,1,서울특별시 영등포구 대림동 881-17번지
11560,13300,0,0881,0018,,,일반건축물,단독주택,주택,0,59.2,177.6,19920314,2,1,서울특별시 영등포구 대림동 881-18번지
11560,13300,0,0881,0019,,,일반건축물,단독주택,다가구용단독주택,99.26,53,155.42,19910813,3,1,서울특별시 영등포구 대림동 881-19번지
11560,13300,0,0881,0020,,,일반건축물,단독주택,다가구주택,56,33.52,100.56,19930924,2,1,서울특별시 영등포구 대림동 881-20번지
11560,13300,0,0881,0023,,,일반건축물,단독주택,다가구용단독주택(3가구),0,65,195,19910424,2,1,서울특별시 영등포구 대림동 881-23번지
11560,13300,0,0881,0024,,,일반건축물,단독주택,다가구용단독주택(3가구),0,65.78,197.34,19910718,2,1,서울특별시 영등포구 대림동 881-24번지
11560,13300,0,0882,0001,,,표제부,공동주택,다세대주택,0,82.6,247.8,19860812,2,1,서울특별시 영등포구 대림동 882-1번지
11560,13300,0,0882,0004,,,일반건축물,단독주택,다가구주택(5가구),105.32,62.22,149.4,19930830,3,0,서울특별시 영등포구 대림동 882-4번지
11560,13300,0,0882,0009,,,일반건축물,단독주택,다가구주택(5가구),116,69.45,190.28,19940323,2,1,서울특별시 영등포구 대림동 882-9번지
11560,13300,0,0882,0010,,,일반건축물,단독주택,단독주택,162,96.6,299.86,20171020,3,1,서울특별시 영등포구 대림동 882-10번지
11560,13300,0,0882,0011,,,일반건축물,단독주택,주택,0,54.45,163.35,19890308,2,1,서울특별시 영등포구 대림동 882-11번지
11560,13300,0,0882,0012,,,일반건축물,단독주택,단독주택,76,55.55,55.55,19710326,1,0,서울특별시 영등포구 대림동 882-12번지
11560,13300,0,0882,0014,,,일반건축물,단독주택,주택,0,48.24,144.72,19890424,2,1,서울특별시 영등포구 대림동 882-14번지
11560,13300,0,0882,0015,,,일반건축물,단독주택,다가구용단독주택(5가구),0,54.63,163.89,19910722,2,1,서울특별시 영등포구 대림동 882-15번지
11560,13300,0,0882,0016,,,일반건축물,단독주택,다가구용단독주택(5가구),0,52.92,158.76,19910821,2,1,서울특별시 영등포구 대림동 882-16번지
11560,13300,0,0882,0017,,,일반건축물,단독주택,다가구용단독주택(5가구),0,50.25,149.55,19901214,2,1,서울특별시 영등포구 대림동 882-17번지
11560,13300,0,0882,0020,,,일반건축물,단독주택,다가구용단독주택(4가구),0,42.08,124.48,19911031,2,1,서울특별시 영등포구 대림동 882-20번지
11560,13300,0,0882,0021,,,일반건축물,단독주택,다가구용단독주택(5가구),0,47.43,142.29,19910821,2,1,서울특별시 영등포구 대림동 882-21번지
11560,13300,0,0882,0022,,,일반건축물,단독주택,다가구용단독주택(3가구),0,89.37,247.95,19910313,2,1,서울특별시 영등포구 대림동 882-22번지
11560,13300,0,0882,0023,,,일반건축물,단독주택,다가구용단독주택(4가구),0,46.3,143.44,19921203,2,1,서울특별시 영등포구 대림동 882-23번지
11560,13300,0,0882,0026,,,일반건축물,단독주택,주택,0,62.15,186.45,19790901,2,1,서울특별시 영등포구 대림동 882-26번지
11560,13300,0,0882,0027,,,일반건축물,단독주택,다가구용단독주택(4가구),0,42.21,122.25,19920718,2,1,서울특별시 영등포구 대림동 882-27번지
11560,13300,0,0882,0028,,,일반건축물,단독주택,다가구용단독주택(5가구),0,51.48,148.98,19920728,2,1,서울특별시 영등포구 대림동 882-28번지
11560,13300,0,0882,0029,,,일반건축물,단독주택,단독주택,51.86,34.77,104.31,19980331,2,1,서울특별시 영등포구 대림동 882-29번지
11560,13300,0,0882,0031,,,일반건축물,단독주택,다가구용단독주택(3가구),0,46.32,140.96,19910625,2,1,서울특별시 영등포구 대림동 882-31번지
11560,13300,0,0882,0033,,,일반건축물,제1종근린생활시설,근린생활시설,83,50.85,50.85,19850629,1,0,서울특별시 영등포구 대림동 882-33번지
11560,13300,0,0882,0034,,,일반건축물,단독주택,주택,0,29.75,29.75,19680616,1,0,서울특별시 영등포구 대림동 882-34번지
11560,13300,0,0882,0035,,,일반건축물,단독주택,단독주택,79.37,47.41,128.35,20121009,3,0,서울특별시 영등포구 대림동 882-35번지
11560,13300,0,0882,0037,,,일반건축물,단독주택,다가구주택(2가구),87,37.52,59.18,19741015,2,1,서울특별시 영등포구 대림동 882-37번지
11560,13300,0,0882,0038,,,일반건축물,단독주택,다가구용단독주택(3가구),0,46.75,141.69,19910722,2,1,서울특별시 영등포구 대림동 882-38번지
11560,13300,0,0882,0039,,,일반건축물,단독주택,주택,0,43.37,81.88,19760703,2,1,서울특별시 영등포구 대림동 882-39번지
11560,13300,0,0882,0040,,,일반건축물,단독주택,다가구용단독주택(3가구),91.94,54.9,164.64,19951117,2,1,서울특별시 영등포구 대림동 882-40번지
11560,13300,0,0883,0000,,,일반건축물,단독주택,"근린생활시설, 주택",219,107.01,257.07,19831224,2,1,서울특별시 영등포구 대림동 883번지
11560,13300,0,0883,0002,,,일반건축물,제2종근린생활시설,근린생활시설,0,155.32,724.04,19840416,4,1,서울특별시 영등포구 대림동 883-2번지
11560,13300,0,0883,0003,,,일반건축물,단독주택,단독주택(다중주택),140,83.56,299.7,20181004,3,1,서울특별시 영등포구 대림동 883-3번지
11560,13300,0,0883,0004,,,일반건축물,문화및집회시설,문화및집회시설,210,93.46,231.43,19831228,2,1,서울특별시 영등포구 대림동 883-4번지
11560,13300,0,0885,0001,,,일반건축물,단독주택,"주택, 제1종근린생활시설",165,98.66,197.12,19840414,2,1,서울특별시 영등포구 대림동 885-1번지
11560,13300,0,0887,0001,대림동1차한신아파트,,표제부,공동주택,아파트,4729.5,938.23,21008.16,19981210,18,3,서울특별시 영등포구 대림동 887-1번지
11560,13300,0,0889,0001,,,일반건축물,제2종근린생활시설,"제1,2종근린생활시설",320,191.73,383.46,20051208,2,0,서울특별시 영등포구 대림동 889-1번지
11560,13300,0,0890,0001,,,표제부,제1종근린생활시설,"근린생활시설,주택",354.99,188.02,642.96,19830726,3,1,서울특별시 영등포구 대림동 890-1번지
11560,13300,0,0892,0001,,,일반건축물,단독주택,다가구용단독주택(3가구),0,59.72,162.4,19911129,2,1,서울특별시 영등포구 대림동 892-1번지
11560,13300,0,0892,0002,,,일반건축물,단독주택,다가구용단독주택(5가구),0,53.06,164.94,19920720,2,1,서울특별시 영등포구 대림동 892-2번지
11560,13300,0,0892,0003,,,일반건축물,단독주택,다가구용단독주택(6가구),0,55.9,167.7,19910711,2,1,서울특별시 영등포구 대림동 892-3번지
11560,13300,0,0892,0004,,,일반건축물,단독주택,주택,0,64.83,114.93,19700520,2,0,서울특별시 영등포구 대림동 892-4번지
11560,13300,0,0892,0005,,,일반건축물,제1종근린생활시설,"점포, 주택",0,91.67,91.67,19701121,1,0,서울특별시 영등포구 대림동 892-5번지
11560,13300,0,0892,0007,,,일반건축물,단독주택,주택,0,65.95,76.46,19710106,1,1,서울특별시 영등포구 대림동 892-7번지
11560,13300,0,0892,0010,,,일반건축물,단독주택,주택,0,68.96,131.32,19701112,2,1,서울특별시 영등포구 대림동 892-10번지
11560,13300,0,0892,0013,,,일반건축물,단독주택,다가구용단독주택(5가구),0,61,178.9,19901029,2,1,서울특별시 영등포구 대림동 892-13번지
11560,13300,0,0892,0014,,,일반건축물,단독주택,주택,0,58.88,115.94,19740926,2,1,서울특별시 영등포구 대림동 892-14번지
11560,13300,0,0892,0015,,,일반건축물,단독주택,다가구용단독주택(5가구),0,59.21,177.63,19920226,2,1,서울특별시 영등포구 대림동 892-15번지
11560,13300,0,0892,0016,,,일반건축물,단독주택,주택,0,52.69,52.69,19710218,1,0,서울특별시 영등포구 대림동 892-16번지
11560,13300,0,0892,0018,,,일반건축물,단독주택,단독주택,0,44.73,130.41,19910130,2,1,서울특별시 영등포구 대림동 892-18번지
11560,13300,0,0892,0019,,,일반건축물,단독주택,다가구용단독주택(5가구),0,59.88,177.4,19911119,2,1,서울특별시 영등포구 대림동 892-19번지
11560,13300,0,0892,0020,,,일반건축물,단독주택,다가구용단독주택(5가구),0,63.54,190.62,19910514,2,1,서울특별시 영등포구 대림동 892-20번지
11560,13300,0,0892,0022,,,일반건축물,단독주택,주택,0,41.98,48.89,19710626,1,1,서울특별시 영등포구 대림동 892-22번지
11560,13300,0,0892,0023,,,일반건축물,단독주택,다가구용단독주택(5가구),0,63.54,190.62,19920718,2,1,서울특별시 영등포구 대림동 892-23번지
11560,13300,0,0892,0024,,,일반건축물,단독주택,주택,0,46.45,46.45,19700609,1,0,서울특별시 영등포구 대림동 892-24번지
11560,13300,0,0892,0025,,,일반건축물,단독주택,다가구용단독주택(3가구),0,45.96,129.72,19920720,2,1,서울특별시 영등포구 대림동 892-25번지
11560,13300,0,0892,0026,,,일반건축물,단독주택,다가구용단독주택(4가구),91,52.02,145.65,19960327,2,1,서울특별시 영등포구 대림동 892-26번지
11560,13300,0,0892,0028,,,일반건축물,단독주택,단독주택,0,38.19,116.04,19911128,2,1,서울특별시 영등포구 대림동 892-28번지
11560,13300,0,0892,0030,,,일반건축물,단독주택,주택,0,39.8,48.06,19710626,1,1,서울특별시 영등포구 대림동 892-30번지
11560,13300,0,0892,0031,,,일반건축물,단독주택,다가구용단독주택(3가구),0,36.48,101.76,19920718,2,1,서울특별시 영등포구 대림동 892-31번지
11560,13300,0,0893,0001,,,일반건축물,단독주택,주택,0,18.12,18.12,19711110,1,0,서울특별시 영등포구 대림동 893-1번지
11560,13300,0,0893,0002,,,일반건축물,단독주택,"다가구주택(5가구),창고",122.7,83.78,228.47,19931215,3,1,서울특별시 영등포구 대림동 893-2번지
11560,13300,0,0893,0004,,,일반건축물,단독주택,주택,0,65.55,65.55,19710522,1,0,서울특별시 영등포구 대림동 893-4번지
11560,13300,0,0893,0004,,,일반건축물,제1종근린생활시설,"근린생활시설, 주택",0,49.49,49.49,19740216,1,0,서울특별시 영등포구 대림동 893-4번지
11560,13300,0,0893,0005,,,일반건축물,단독주택,다가구용단독주택,107,64.07,196.51,19910829,3,1,서울특별시 영등포구 대림동 893-5번지
11560,13300,0,0893,0006,,,일반건축물,단독주택,다가구용단독주택(5가구),0,57.12,169.44,19910719,2,1,서울특별시 영등포구 대림동 893-6번지
11560,13300,0,0893,0008,,,일반건축물,단독주택,다가구용단독주택(5가구),0,61.88,182.04,19910625,2,1,서울특별시 영등포구 대림동 893-8번지
11560,13300,0,0893,0009,,,일반건축물,단독주택,주택,111,66.77,136.43,19701023,2,1,서울특별시 영등포구 대림동 893-9번지
11560,13300,0,0893,0010,,,일반건축물,단독주택,다가구주택(3가구),97.23,58.2,170.1,19930824,2,1,서울특별시 영등포구 대림동 893-10번지
11560,13300,0,0893,0011,,,일반건축물,단독주택,"근린생활시설, 주택",148.96,89.11,265.48,19970604,3,0,서울특별시 영등포구 대림동 893-11번지
11560,13300,0,0893,0012,,,일반건축물,단독주택,주택,0,30.45,30.45,19710826,1,0,서울특별시 영등포구 대림동 893-12번지
11560,13300,0,0893,0013,,,일반건축물,단독주택,다가구단독주택(5가구),0,63.2,184.06,19920730,2,1,서울특별시 영등포구 대림동 893-13번지
11560,13300,0,0893,0014,,,일반건축물,단독주택,"근린생활시설, 다가구용단독주택(3가구)",0,59.33,177.35,19920722,2,1,서울특별시 영등포구 대림동 893-14번지
11560,13300,0,0893,0015,,,일반건축물,단독주택,다가구주택(3가구),97.23,58.2,170.1,19940409,2,1,서울특별시 영등포구 대림동 893-15번지
11560,13300,0,0893,0016,,,일반건축물,단독주택,주택,77,53.25,100.47,19710317,2,1,서울특별시 영등포구 대림동 893-16번지
11560,13300,0,0893,0017,,,일반건축물,단독주택,주택,0,44.33,44.33,19710408,1,0,서울특별시 영등포구 대림동 893-17번지
11560,13300,0,0893,0018,,,일반건축물,단독주택,다가구용단독주택(3가구),0,34.51,103.53,19911111,2,1,서울특별시 영등포구 대림동 893-18번지
11560,13300,0,0893,0019,,,일반건축물,단독주택,다가구용단독주택(3가구),0,65.13,195.39,19911113,2,1,서울특별시 영등포구 대림동 893-19번지
11560,13300,0,0893,0020,,,일반건축물,단독주택,다가구용단독주택(5가구),0,60.78,184.43,19920623,2,1,서울특별시 영등포구 대림동 893-20번지
11560,13300,0,0893,0021,,,일반건축물,단독주택,다가구주택(5가구),99.85,59.53,178.59,19970410,3,0,서울특별시 영등포구 대림동 893-21번지
11560,13300,0,0893,0022,,,일반건축물,단독주택,다가구주택(2가구),111,76.85,147.5,19701130,2,0,서울특별시 영등포구 대림동 893-22번지
11560,13300,0,0893,0023,,,일반건축물,단독주택,주택,111,65.52,125.65,19710723,2,0,서울특별시 영등포구 대림동 893-23번지
11560,13300,0,0893,0024,,,일반건축물,단독주택,다가구용단독주택(5),127.8,76.38,197.64,19930707,2,1,서울특별시 영등포구 대림동 893-24번지
11560,13300,0,0893,0027,,,일반건축물,단독주택,다가구주택,99,59.92,173.72,20000705,2,1,서울특별시 영등포구 대림동 893-27번지
11560,13300,0,0893,0029,,,일반건축물,단독주택,다가구주택,95.1,170.82,170.82,19930727,2,1,서울특별시 영등포구 대림동 893-29번지
11560,13300,0,0893,0031,,,일반건축물,단독주택,주택,0,59.77,114.83,19740524,2,1,서울특별시 영등포구 대림동 893-31번지
11560,13300,0,0893,0032,,,일반건축물,단독주택,단독주택,0,52.38,157.14,19901027,2,1,서울특별시 영등포구 대림동 893-32번지
11560,13300,0,0893,0033,,,일반건축물,단독주택,단독주택,0,58.5,171.86,19920807,2,1,서울특별시 영등포구 대림동 893-33번지
11560,13300,0,0893,0034,,,일반건축물,단독주택,단독다가구주택(4가구),99,59.3,167.6,19930705,2,1,서울특별시 영등포구 대림동 893-34번지
11560,13300,0,0893,0035,,,일반건축물,단독주택,다가구용단독주택(4가구),104.64,62.37,175.44,19950609,2,1,서울특별시 영등포구 대림동 893-35번지
11560,13300,0,0893,0036,,,일반건축물,단독주택,다가구용단독주택(4가구),0,56.71,163.47,19920720,2,1,서울특별시 영등포구 대림동 893-36번지
11560,13300,0,0893,0037,,,일반건축물,단독주택,주택,0,65.88,116.45,19701231,2,0,서울특별시 영등포구 대림동 893-37번지
11560,13300,0,0893,0038,,,일반건축물,단독주택,다가구용단독주택(5가구),105.55,62.4,179.4,19970327,2,1,서울특별시 영등포구 대림동 893-38번지
11560,13300,0,0893,0039,,,일반건축물,단독주택,주택,111,80.56,128.86,19700801,2,0,서울특별시 영등포구 대림동 893-39번지
11560,13300,0,0893,0040,,,일반건축물,단독주택,단독주택,0,48.75,151.05,19901206,2,1,서울특별시 영등포구 대림동 893-40번지
11560,13300,0,0893,0041,,,일반건축물,단독주택,"근린생활시설, 다가구용단독주택(4가구)",0,59.04,177.12,19920721,2,1,서울특별시 영등포구 대림동 893-41번지
11560,13300,0,0893,0042,,,일반건축물,단독주택,다가구용단독주택(3가구),0,58.81,172.93,19920318,2,1,서울특별시 영등포구 대림동 893-42번지
11560,13300,0,0893,0043,,,일반건축물,단독주택,주택,0,52.75,161.96,19891014,2,1,서울특별시 영등포구 대림동 893-43번지
11560,13300,0,0893,0044,,,일반건축물,단독주택,"주택, 점포",110,71.93,81.19,19710519,1,1,서울특별시 영등포구 대림동 893-44번지
11560,13300,0,0893,0047,,,일반건축물,단독주택,다가구용단독주택(5가구),0,61.06,173.82,19920723,2,1,서울특별시 영등포구 대림동 893-47번지
11560,13300,0,0893,0048,,,일반건축물,단독주택,다가구용단독주택(5가구),105.45,61.06,192.17,19920725,3,1,서울특별시 영등포구 대림동 893-48번지
11560,13300,0,0893,0049,,,일반건축물,단독주택,단독주택,0,48.15,144.45,19901112,2,1,서울특별시 영등포구 대림동 893-49번지
11560,13300,0,0893,0050,,,일반건축물,단독주택,다가구용단독주택(4가구),0,48.31,144.93,19920720,2,1,서울특별시 영등포구 대림동 893-50번지
11560,13300,0,0893,0054,,,일반건축물,단독주택,"근린생활시설, 다가구용단독주택(4가구)",0,54.93,164.79,19920721,2,1,서울특별시 영등포구 대림동 893-54번지
11560,13300,0,0893,0055,,,일반건축물,단독주택,단독다가구주택(4가구),87.4,52.29,133.59,19930921,2,1,서울특별시 영등포구 대림동 893-55번지
11560,13300,0,0893,0056,,,일반건축물,단독주택,"주택, 점포",0,62.18,62.18,19700810,1,0,서울특별시 영등포구 대림동 893-56번지
11560,13300,0,0893,0057,,,일반건축물,단독주택,다가구용단독주택(4가구),0,51.54,156.9,19901030,2,1,서울특별시 영등포구 대림동 893-57번지
11560,13300,0,0893,0058,,,일반건축물,제2종근린생활시설,"근린생활시설, 주택",0,62.65,187.95,19870528,2,1,서울특별시 영등포구 대림동 893-58번지
11560,13300,0,0893,0059,,,일반건축물,단독주택,주택,0,51.96,155.88,19890629,2,1,서울특별시 영등포구 대림동 893-59번지
11560,13300,0,0893,0060,,,일반건축물,제1종근린생활시설,"근린생활시설, 주택",103.16,61.75,299.81,19970617,4,1,서울특별시 영등포구 대림동 893-60번지
11560,13300,0,0893,0061,,,일반건축물,단독주택,"주택, 점포",99,75.95,119.22,19770906,2,0,서울특별시 영등포구 대림동 893-61번지
11560,13300,0,0893,0062,,,일반건축물,단독주택,주택,98.74,61.33,113.93,19720526,2,1,서울특별시 영등포구 대림동 893-62번지
11560,13300,0,0893,0063,,,일반건축물,단독주택,주택,0,49.82,149.45,19871015,2,1,서울특별시 영등포구 대림동 893-63번지
11560,13300,0,0893,0064,,,일반건축물,단독주택,주택,0,51.81,163.06,19890509,2,1,서울특별시 영등포구 대림동 893-64번지
11560,13300,0,0893,0065,,,일반건축물,단독주택,다가구용단독주택(4가구),98.68,59.19,173.23,19950707,3,0,서울특별시 영등포구 대림동 893-65번지
11560,13300,0,0893,0066,,,일반건축물,단독주택,주택,0,67.07,134.91,19701128,2,1,서울특별시 영등포구 대림동 893-66번지
11560,13300,0,0893,0067,,,일반건축물,단독주택,주택,0,66.12,120.51,19700730,2,0,서울특별시 영등포구 대림동 893-67번지
11560,13300,0,0893,0068,,,일반건축물,단독주택,다가구용단독주택(5가구),0,55.89,171.06,19910903,2,1,서울특별시 영등포구 대림동 893-68번지
11560,13300,0,0893,0069,,,일반건축물,단독주택,다가구용단독주택(4가구),103.49,61.79,179.61,19950822,2,1,서울특별시 영등포구 대림동 893-69번지
11560,13300,0,0893,0070,,,일반건축물,단독주택,단독주택,95.72,57.36,199.92,20111019,3,1,서울특별시 영등포구 대림동 893-70번지
11560,13300,0,0893,0071,,,일반건축물,단독주택,다가구용단독주택(4가구),0,51.48,154.44,19900818,2,1,서울특별시 영등포구 대림동 893-71번지
11560,13300,0,0893,0072,,,일반건축물,단독주택,단독주택,0,51.48,154.44,19900702,2,1,서울특별시 영등포구 대림동 893-72번지
11560,13300,0,0893,0073,,,일반건축물,단독주택,주택,0,48.42,145.26,19891213,2,1,서울특별시 영등포구 대림동 893-73번지
11560,13300,0,0893,0074,,,일반건축물,단독주택,주택,0,51.97,90.11,19700620,2,0,서울특별시 영등포구 대림동 893-74번지
11560,13300,0,0893,0076,,,일반건축물,단독주택,다가구용단독주택(5),87.8,52.53,138.45,19930623,2,1,서울특별시 영등포구 대림동 893-76번지
11560,13300,0,0893,0077,,,일반건축물,단독주택,다가구용단독주택(5),95.9,57.38,149.13,19930611,2,1,서울특별시 영등포구 대림동 893-77번지
11560,13300,0,0893,0078,,,일반건축물,단독주택,다가구용단독주택(3가구),111.22,66.5,179.28,19950805,3,0,서울특별시 영등포구 대림동 893-78번지
11560,13300,0,0893,0079,,,일반건축물,단독주택,주택,0,51.24,153.72,19890707,2,1,서울특별시 영등포구 대림동 893-79번지
11560,13300,0,0893,0080,,,일반건축물,단독주택,다가구용단독주택,109,55.98,198.55,19901112,3,1,서울특별시 영등포구 대림동 893-80번지
11560,13300,0,0893,0081,,,일반건축물,단독주택,다가구용단독주택(4가구),0,55.98,171.06,19901212,2,1,서울특별시 영등포구 대림동 893-81번지
11560,13300,0,0893,0082,,,일반건축물,단독주택,주택,0,56.16,176.18,19900313,2,1,서울특별시 영등포구 대림동 893-82번지
11560,13300,0,0893,0083,,,일반건축물,단독주택,주택,0,65.73,207.18,19900313,2,1,서울특별시 영등포구 대림동 893-83번지
11560,13300,0,0893,0084,,,일반건축물,단독주택,다가구용단독주택(4가구),0,48.2,158.14,19911216,2,1,서울특별시 영등포구 대림동 893-84번지
11560,13300,0,0893,0085,,,일반건축물,단독주택,단독형 다가구주택(5가구),104,62.14,169.02,19930621,2,1,서울특별시 영등포구 대림동 893-85번지
11560,13300,0,0893,0086,,,일반건축물,단독주택,다가구용단독주택(5가구),0,53.49,165.51,19910315,2,1,서울특별시 영등포구 대림동 893-86번지
11560,13300,0,0893,0087,,,일반건축물,단독주택,단독주택,101.5,57.69,165.7,20130208,3,0,서울특별시 영등포구 대림동 893-87번지
11560,13300,0,0893,0088,,,일반건축물,단독주택,단독주택,0,41.3,129.7,19901110,2,1,서울특별시 영등포구 대림동 893-88번지
11560,13300,0,0893,0090,,,일반건축물,단독주택,단독주택,101.72,60.24,181.58,19900915,3,1,서울특별시 영등포구 대림동 893-90번지
11560,13300,0,0893,0091,,,일반건축물,단독주택,단독주택,0,54.13,162.39,19910819,2,1,서울특별시 영등포구 대림동 893-91번지
11560,13300,0,0893,0092,,,일반건축물,단독주택,단독주택,102.94,60.52,60.52,20040507,1,0,서울특별시 영등포구 대림동 893-92번지
11560,13300,0,0893,0093,,,일반건축물,단독주택,단독주택,0,49.26,147.78,19910417,2,1,서울특별시 영등포구 대림동 893-93번지
11560,13300,0,0893,0094,,,일반건축물,단독주택,주택,0,57.28,167.4,19900523,2,1,서울특별시 영등포구 대림동 893-94번지
11560,13300,0,0893,0095,,,일반건축물,단독주택,단독주택,0,51.62,157.07,19900219,2,1,서울특별시 영등포구 대림동 893-95번지
11560,13300,0,0893,0096,,,일반건축물,단독주택,다가구용단독주택(4가구),0,31.31,98.89,19901128,2,1,서울특별시 영등포구 대림동 893-96번지
11560,13300,0,0893,0100,,,일반건축물,단독주택,주택,0,73.72,159.01,19771117,2,1,서울특별시 영등포구 대림동 893-100번지
11560,13300,0,0893,0101,,,일반건축물,제2종근린생활시설,제2종근린생활시설(일반음식점),0,23.17,23.17,19700808,1,0,서울특별시 영등포구 대림동 893-101번지
11560,13300,0,0893,0103,,,일반건축물,제2종근린생활시설,제2종근린생활시설,0,25.92,25.92,19710826,1,0,서울특별시 영등포구 대림동 893-103번지
11560,13300,0,0894,0001,,,표제부,공동주택,연립주택,0,111.5,245.41,19770129,2,1,서울특별시 영등포구 대림동 894-1번지
11560,13300,0,0894,0001,,,표제부,공동주택,연립주택,0,107.54,235.05,19770129,2,1,서울특별시 영등포구 대림동 894-1번지
11560,13300,0,0894,0001,,,표제부,공동주택,연립주택,0,74.31,161.58,19770129,2,1,서울특별시 영등포구 대림동 894-1번지
11560,13300,0,0894,0002,,,일반건축물,제2종근린생활시설,"근린생활시설, 노유자시설, 주택",290,144.88,689.3,19930322,4,1,서울특별시 영등포구 대림동 894-2번지
11560,13300,0,0894,0006,,,일반건축물,단독주택,"근린생활시설, 주택",106,63.42,189.64,19930710,3,1,서울특별시 영등포구 대림동 894-6번지
11560,13300,0,0894,0011,,,일반건축물,제1종근린생활시설,"근린생활시설, 주택",0,68.13,204.39,19901206,2,1,서울특별시 영등포구 대림동 894-11번지
11560,13300,0,0894,0012,,,일반건축물,단독주택,다가구용단독주택(5가구),106.74,61.59,176.85,19960816,2,1,서울특별시 영등포구 대림동 894-12번지
11560,13300,0,0894,0013,,,일반건축물,단독주택,다가구용단독주택(5가구),0,70.05,210.15,19901116,2,1,서울특별시 영등포구 대림동 894-13번지
11560,13300,0,0894,0016,,,일반건축물,단독주택,다가구주택,171,96.28,328.1,19931218,3,1,서울특별시 영등포구 대림동 894-16번지
11560,13300,0,0894,0017,,,일반건축물,단독주택,단독주택,0,68.46,207.36,19900901,2,1,서울특별시 영등포구 대림동 894-17번지
11560,13300,0,0894,0018,,,일반건축물,단독주택,단독주택,0,55.82,170.76,19901112,2,1,서울특별시 영등포구 대림동 894-18번지
11560,13300,0,0894,0019,,,일반건축물,단독주택,다가구주택(4가구),140,83.35,229.75,19940111,2,1,서울특별시 영등포구 대림동 894-19번지
11560,13300,0,0894,0020,,,일반건축물,단독주택,단독주택,93,55.72,190.87,19910722,3,1,서울특별시 영등포구 대림동 894-20번지
11560,13300,0,0894,0021,,,일반건축물,단독주택,다가구용단독주택(5가구),0,54.57,164.66,19901120,2,1,서울특별시 영등포구 대림동 894-21번지
11560,13300,0,0894,0021,,,일반건축물,단독주택,주택,0,59.83,69.55,19761007,1,1,서울특별시 영등포구 대림동 894-21번지
11560,13300,0,0894,0022,,,일반건축물,단독주택,다가구용단독주택(5가구),0,55.14,165.42,19901120,2,1,서울특별시 영등포구 대림동 894-22번지
11560,13300,0,0894,0024,,,일반건축물,단독주택,주택,0,67.67,81.69,19770115,1,1,서울특별시 영등포구 대림동 894-24번지
11560,13300,0,0894,0026,,,일반건축물,단독주택,단독주택,0,70.2,212.22,19910104,2,1,서울특별시 영등포구 대림동 894-26번지
11560,13300,0,0894,0027,,,일반건축물,단독주택,다가구주택(5가구),119,71.2,197.01,19930730,2,1,서울특별시 영등포구 대림동 894-27번지
11560,13300,0,0894,0028,,,일반건축물,제1종근린생활시설,"점포, 주택",0,89.09,171.37,19770503,2,1,서울특별시 영등포구 대림동 894-28번지
11560,13300,0,0894,0029,대림동-해맑은,,일반건축물,단독주택,단독주택,159,94.92,311.4,20170310,3,1,서울특별시 영등포구 대림동 894-29번지
11560,13300,0,0894,0030,,,일반건축물,제2종근린생활시설,"근린생활시설, 주택",0,70.86,373.97,19921002,4,1,서울특별시 영등포구 대림동 894-30번지
11560,13300,0,0894,0031,,,표제부,공동주택,연립주택,0,225.46,496.21,19770905,2,1,서울특별시 영등포구 대림동 894-31번지
11560,13300,0,0894,0032,,,일반건축물,단독주택,다가구용단독주택(6가구),126,74.89,240.25,19970311,3,1,서울특별시 영등포구 대림동 894-32번지
11560,13300,0,0894,0033,,,일반건축물,단독주택,단독주택,124.5,74.46,247.9,20170526,4,0,서울특별시 영등포구 대림동 894-33번지
11560,13300,0,0894,0034,,,일반건축물,단독주택,다가구용단독주택(6가구),0,66.72,199.8,19910820,2,1,서울특별시 영등포구 대림동 894-34번지
11560,13300,0,0894,0035,,,일반건축물,단독주택,단독주택,124.42,74.64,280.98,20170131,3,1,서울특별시 영등포구 대림동 894-35번지
11560,13300,0,0894,0036,,,일반건축물,단독주택,단독주택,0,61.96,185.88,19901128,2,1,서울특별시 영등포구 대림동 894-36번지
11560,13300,0,0894,0037,아워빌,,일반건축물,단독주택,단독주택(다중주택),142.96,59.18,291.06,20181220,4,1,서울특별시 영등포구 대림동 894-37번지
11560,13300,0,0894,0038,순흥빌딩,,일반건축물,단독주택,단독주택,184.97,110.57,365.78,20180919,4,0,서울특별시 영등포구 대림동 894-38번지
11560,13300,0,0894,0039,,,일반건축물,단독주택,단독주택,0,64.33,192.99,19901018,2,1,서울특별시 영등포구 대림동 894-39번지
11560,13300,0,0894,0040,오 티 움,,일반건축물,단독주택,"제1,2종근린생활시설, 주택",142,84.25,312.32,20240801,4,0,서울특별시 영등포구 대림동 894-40번지
11560,13300,0,0894,0041,,,일반건축물,단독주택,"점포, 주택",0,75.37,296.53,19780216,3,1,서울특별시 영등포구 대림동 894-41번지
11560,13300,0,0894,0042,늘봄,,일반건축물,제2종근린생활시설,제2종근린생활시설 및 단독주택,160.8,95.1,319.35,20180207,5,0,서울특별시 영등포구 대림동 894-42번지
11560,13300,0,0894,0045,,,일반건축물,단독주택,다가구용단독주택(5가구),142,84.64,225.72,19930820,2,1,서울특별시 영등포구 대림동 894-45번지
11560,13300,0,0894,0051,,,일반건축물,단독주택,단독주택,0,59.36,178.08,19901024,2,1,서울특별시 영등포구 대림동 894-51번지
11560,13300,0,0894,0052,,,일반건축물,단독주택,주택,0,66.12,132.24,19771011,1,1,서울특별시 영등포구 대림동 894-52번지
11560,13300,0,0894,0053,,,일반건축물,단독주택,다가구주택(5가구),147.44,88.34,219.66,19931208,2,1,서울특별시 영등포구 대림동 894-53번지
11560,13300,0,0894,0054,,,일반건축물,단독주택,다가구용단독주택(6가구),0,81.13,243.39,19901211,2,1,서울특별시 영등포구 대림동 894-54번지
11560,13300,0,0894,0055,,,일반건축물,단독주택,"단독주택,다가구주택",192,115,339.56,20030709,3,0,서울특별시 영등포구 대림동 894-55번지
11560,13300,0,0894,0056,,,일반건축물,단독주택,다가구주택,0,91.6,127.3,19770602,1,1,서울특별시 영등포구 대림동 894-56번지
11560,13300,0,0894,0057,,,일반건축물,단독주택,단독주택,192,114.84,340.98,20040520,3,0,서울특별시 영등포구 대림동 894-57번지
11560,13300,0,0894,0058,,,일반건축물,단독주택,다가구주택,165,96.3,275.15,20040408,3,0,서울특별시 영등포구 대림동 894-58번지
11560,13300,0,0894,0059,,,일반건축물,단독주택,다가구주택,136,80.07,199.71,19931018,2,1,서울특별시 영등포구 대림동 894-59번지
11560,13300,0,0894,0060,,,일반건축물,단독주택,다가구용단독주택(6가구),139,83.02,230.01,19931102,2,1,서울특별시 영등포구 대림동 894-60번지
11560,13300,0,0894,0061,,,일반건축물,단독주택,다가구용단독주택(6가구),139,83.16,230.27,19931020,2,1,서울특별시 영등포구 대림동 894-61번지
11560,13300,0,0894,0062,,,일반건축물,단독주택,"다가구주택, 근린생활시설",152,77.25,299.86,19950609,3,1,서울특별시 영등포구 대림동 894-62번지
11560,13300,0,0894,0063,,,일반건축물,단독주택,다가구주택(6가구),157.77,94.6,235.74,19931125,2,1,서울특별시 영등포구 대림동 894-63번지
11560,13300,0,0894,0064,,,일반건축물,단독주택,단독주택,192,113.64,301.7,20050615,4,0,서울특별시 영등포구 대림동 894-64번지
11560,13300,0,0894,0065,,,표제부,공동주택,공동주택(다세대주택),190.86,114.28,423.84,20020917,4,0,서울특별시 영등포구 대림동 894-65번지
11560,13300,0,0894,0066,,,일반건축물,단독주택,다가구용단독주택(5가구),0,102.88,299.84,19920601,2,1,서울특별시 영등포구 대림동 894-66번지
11560,13300,0,0894,0067,,,일반건축물,단독주택,다가구주택(5가구),169,97.6,254.52,19930821,2,1,서울특별시 영등포구 대림동 894-67번지
11560,13300,0,0894,0068,,,일반건축물,단독주택,다가구주택(7가구),149,89.25,269.02,19930916,3,1,서울특별시 영등포구 대림동 894-68번지
11560,13300,0,0894,0069,,,일반건축물,단독주택,다가구용단독주택(5가구),0,67.86,203.58,19901201,2,1,서울특별시 영등포구 대림동 894-69번지
11560,13300,0,0894,0070,,,일반건축물,단독주택,다가구용단독주택(6가구),0,76.9,230.7,19901205,2,1,서울특별시 영등포구 대림동 894-70번지
11560,13300,0,0894,0071,,,일반건축물,단독주택,단독주택(다가구주택),136,86.34,268.09,20040112,4,0,서울특별시 영등포구 대림동 894-71번지
11560,13300,0,0894,0072,,,일반건축물,단독주택,다가구주택,136,79.86,223.66,19990907,2,1,서울특별시 영등포구 대림동 894-72번지
11560,13300,0,0894,0073,,,일반건축물,단독주택,주택,0,80.73,204.57,19770113,2,1,서울특별시 영등포구 대림동 894-73번지
11560,13300,0,0894,0074,,,일반건축물,단독주택,주택,135.99,77.16,186.12,19770610,2,1,서울특별시 영등포구 대림동 894-74번지
11560,13300,0,0894,0075,,,일반건축물,단독주택,"근린생활시설, 주택",221,205.23,442.62,19770624,3,1,서울특별시 영등포구 대림동 894-75번지
11560,13300,0,0895,0004,그린빌라,,표제부,공동주택,연립주택,661,321.17,1505.34,19990726,4,1,서울특별시 영등포구 대림동 895-4번지
11560,13300,0,0895,0006,,,표제부,공동주택,다세대주택,132,78.72,284.38,20020117,4,0,서울특별시 영등포구 대림동 895-6번지
11560,13300,0,0895,0008,,,일반건축물,단독주택,단독다가구주택,155,92.95,290.69,19930907,3,1,서울특별시 영등포구 대림동 895-8번지
11560,13300,0,0895,0009,,,일반건축물,단독주택,다가구용단독주택(5가구),0,79.45,238.35,19901229,2,1,서울특별시 영등포구 대림동 895-9번지
11560,13300,0,0895,0010,,,일반건축물,단독주택,주택,0,68.46,212.43,19870807,2,1,서울특별시 영등포구 대림동 895-10번지
11560,13300,0,0895,0011,,,일반건축물,단독주택,다가구용단독주택(6가구),0,64.59,192.87,19920211,2,1,서울특별시 영등포구 대림동 895-11번지
11560,13300,0,0896,0000,,,일반건축물,단독주택,주택,0,42.97,42.97,,1,0,서울특별시 영등포구 대림동 896번지
11560,13300,0,0896,0002,,,일반건축물,제1종근린생활시설,창고,0,242.97,242.97,19660621,1,0,서울특별시 영등포구 대림동 896-2번지
11560,13300,0,0897,0001,대림동2차한신아파트,,표제부,공동주택,경비실,0,10.14,10.14,19990331,1,0,서울특별시 영등포구 대림동 897-1번지
11560,13300,0,0897,0001,대림동2차한신아파트,,표제부,공동주택,공동주택(아파트),0,905.34,11630.36,19990331,18,0,서울특별시 영등포구 대림동 897-1번지
11560,13300,0,0897,0001,대림동2차한신아파트,,표제부,공동주택,"지하주차장,기계실",0,0,9812.62,19990331,0,2,서울특별시 영등포구 대림동 897-1번지
11560,13300,0,0897,0001,대림동2차한신아파트,,표제부,공동주택,생활편익시설,0,237.15,950.4,19990331,2,1,서울특별시 영등포구 대림동 897-1번지
11560,13300,0,0897,0001,대림동2차한신아파트,,표제부,공동주택,공동주택(아파트),0,752.78,11284.06,19990331,18,0,서울특별시 영등포구 대림동 897-1번지
11560,13300,0,0897,0001,대림동2차한신아파트,,표제부,공동주택,"정화조,계단실",0,12,12,19990331,1,0,서울특별시 영등포구 대림동 897-1번지
11560,13300,0,0897,0001,대림동2차한신아파트,,표제부,공동주택,"경비실,MDF실",0,10.14,10.14,19990331,1,0,서울특별시 영등포구 대림동 897-1번지
11560,13300,0,0897,0001,대림동2차한신아파트,,표제부,공동주택,"관리실,노인정",0,109.68,216.42,19990331,2,0,서울특별시 영등포구 대림동 897-1번지
11560,13300,0,0898,0002,,,표제부,공동주택,공동주택,609,361.77,1623.91,19970614,4,1,서울특별시 영등포구 대림동 898-2번지
11560,13300,0,0898,0002,,,일반건축물,공장,공장,0,186.15,186.15,19660918,1,0,서울특별시 영등포구 대림동 898-2번지
11560,13300,0,0898,0002,,,일반건축물,공장,창고,0,171.9,171.9,19660906,1,0,서울특별시 영등포구 대림동 898-2번지
11560,13300,0,0899,0002,대림1동복지관,,일반건축물,노유자시설,노유자시설,2409,328.41,1435.46,19951229,4,1,서울특별시 영등포구 대림동 899-2번지
11560,13300,0,0899,0002,대림1동사무소,,일반건축물,제1종근린생활시설,자치단체청사,0,204.72,670.16,19870430,3,1,서울특별시 영등포구 대림동 899-2번지
11560,13300,0,0899,0002,보건소(보건분소),,일반건축물,제1종근린생활시설,보건소,0,403.93,1200.6,19870430,3,1,서울특별시 영등포구 대림동 899-2번지
11560,13300,0,0900,0001,,,일반건축물,제1종근린생활시설,"점포, 주택",0,33.09,65.52,19711110,2,0,서울특별시 영등포구 대림동 900-1번지
11560,13300,0,0900,0003,,,일반건축물,단독주택,"주택, 근린생활시설",0,62.81,123.39,19710521,2,1,서울특별시 영등포구 대림동 900-3번지
11560,13300,0,0900,0004,,,일반건축물,단독주택,"주택, 근린생활시설",0,69.95,127.55,19710522,2,1,서울특별시 영등포구 대림동 900-4번지
11560,13300,0,0900,0005,,,일반건축물,단독주택,주택,0,50.21,58.31,19720204,1,1,서울특별시 영등포구 대림동 900-5번지
11560,13300,0,0900,0006,,,일반건축물,단독주택,주택,0,54.41,63.4,19701210,1,1,서울특별시 영등포구 대림동 900-6번지
11560,13300,0,0900,0008,,,일반건축물,단독주택,다가구용단독주택(5가구),0,47.17,141.51,19911101,2,1,서울특별시 영등포구 대림동 900-8번지
11560,13300,0,0900,0009,,,일반건축물,단독주택,다가구용단독주택(5가구),0,48.72,146,19911130,2,1,서울특별시 영등포구 대림동 900-9번지
11560,13300,0,0900,0010,,,일반건축물,단독주택,다가구용단독주택(5가구),0,44.37,131.94,19911018,2,1,서울특별시 영등포구 대림동 900-10번지
11560,13300,0,0900,0011,,,일반건축물,단독주택,다가구용단독주택,87.22,50.27,137.73,19931009,2,1,서울특별시 영등포구 대림동 900-11번지
11560,13300,0,0900,0012,,,일반건축물,단독주택,다가구용단독주택(3가구),75.5,44.23,119.55,19960627,2,1,서울특별시 영등포구 대림동 900-12번지
11560,13300,0,0900,0013,,,일반건축물,단독주택,다가구용단독주택,99.94,59.68,205.89,19960627,3,1,서울특별시 영등포구 대림동 900-13번지
11560,13300,0,0900,0014,,,일반건축물,단독주택,다가구용단독주택(3가구),122,67.04,179.07,19960620,3,0,서울특별시 영등포구 대림동 900-14번지
11560,13300,0,0900,0016,,,일반건축물,단독주택,주택,0,51.34,154.02,19890919,2,1,서울특별시 영등포구 대림동 900-16번지
11560,13300,0,0900,0018,,,일반건축물,단독주택,주택,0,47.34,55.94,19710205,1,1,서울특별시 영등포구 대림동 900-18번지
11560,13300,0,0900,0019,,,일반건축물,단독주택,다가구용단독주택(3가구),0,37.26,108.93,19911206,2,1,서울특별시 영등포구 대림동 900-19번지
11560,13300,0,0900,0020,,,일반건축물,단독주택,다가구주택(6가구),70.14,40.68,142.86,19911223,3,1,서울특별시 영등포구 대림동 900-20번지
11560,13300,0,0900,0021,,,일반건축물,단독주택,다가구용단독주택(3가구),0,41.56,124.68,19911226,2,1,서울특별시 영등포구 대림동 900-21번지
11560,13300,0,0900,0022,,,일반건축물,단독주택,다가구주택,77.4,52.67,119.07,19931224,2,1,서울특별시 영등포구 대림동 900-22번지
11560,13300,0,0900,0023,,,일반건축물,단독주택,다가구주택(4),77.38,46.88,117.77,19931112,2,1,서울특별시 영등포구 대림동 900-23번지
11560,13300,0,0900,0024,,,일반건축물,단독주택,다가구용단독주택,72.01,41.35,138.39,19911121,3,1,서울특별시 영등포구 대림동 900-24번지
11560,13300,0,0900,0025,,,일반건축물,단독주택,주택,119,71.54,130.26,19720613,2,1,서울특별시 영등포구 대림동 900-25번지
11560,13300,0,0900,0026,,,일반건축물,단독주택,"주택, 근린생활시설",0,63.86,269.1,19901005,3,1,서울특별시 영등포구 대림동 900-26번지
11560,13300,0,0902,0002,,,일반건축물,단독주택,주택,0,60.82,129.57,19771123,2,1,서울특별시 영등포구 대림동 902-2번지
11560,13300,0,0902,0007,,,일반건축물,제1종근린생활시설,"근린생활시설, 주택",0,56.7,170.1,19900724,2,1,서울특별시 영등포구 대림동 902-7번지
11560,13300,0,0903,0002,,,일반건축물,단독주택,주택,0,69.42,115.7,19690609,2,0,서울특별시 영등포구 대림동 903-2번지
11560,13300,0,0903,0003,,,일반건축물,단독주택,다가구용단독주택(5가구),0,49.94,149.82,19920817,2,1,서울특별시 영등포구 대림동 903-3번지
11560,13300,0,0903,0004,,,일반건축물,단독주택,단독주택,81.8,44.28,125.64,19930208,2,1,서울특별시 영등포구 대림동 903-4번지
11560,13300,0,0903,0005,,,일반건축물,단독주택,다가구용단독주택(5가구),94.21,49.68,146.07,19930208,2,1,서울특별시 영등포구 대림동 903-5번지
11560,13300,0,0903,0006,,,일반건축물,단독주택,"근린생활시설, 단독주택",80.25,47.62,124.66,19930210,2,1,서울특별시 영등포구 대림동 903-6번지
11560,13300,0,0903,0009,,,일반건축물,단독주택,"주택, 근린생활시설",0,82.55,82.55,,1,0,서울특별시 영등포구 대림동 903-9번지
11560,13300,0,0903,0010,,,일반건축물,제1종근린생활시설,"근린생활시설, 주택",0,78.68,136.52,19690730,2,1,서울특별시 영등포구 대림동 903-10번지
11560,13300,0,0903,0011,,,일반건축물,단독주택,다가구주택(3가구),88,53.99,146.22,19930730,2,1,서울특별시 영등포구 대림동 903-11번지
11560,13300,0,0903,0012,,,일반건축물,단독주택,다가구용단독주택,59,35.89,91.62,19930906,2,1,서울특별시 영등포구 대림동 903-12번지
11560,13300,0,0903,0014,,,일반건축물,단독주택,단독주택,90.1,53.92,199.16,20170110,3,1,서울특별시 영등포구 대림동 903-14번지
11560,13300,0,0903,0015,,,일반건축물,단독주택,다가구주택,100.6,60.17,194.58,19930807,3,1,서울특별시 영등포구 대림동 903-15번지
11560,13300,0,0903,0016,,,일반건축물,단독주택,다가구주택,100.56,60.05,164.22,19930703,2,1,서울특별시 영등포구 대림동 903-16번지
11560,13300,0,0903,0017,,,일반건축물,단독주택,다가구용단독주택(4가구),91.34,54.76,149.76,19931021,2,1,서울특별시 영등포구 대림동 903-17번지
11560,13300,0,0903,0018,,,일반건축물,단독주택,다가구용단독주택(3가구),72,47.91,129.33,19930705,2,1,서울특별시 영등포구 대림동 903-18번지
11560,13300,0,0903,0023,,,표제부,공동주택,공동주택,275,164.84,538.67,20161121,5,0,서울특별시 영등포구 대림동 903-23번지
11560,13300,0,0903,0025,,,일반건축물,단독주택,단독주택(다가구주택),102,77.05,205.25,20060802,4,0,서울특별시 영등포구 대림동 903-25번지
11560,13300,0,0903,0026,,,일반건축물,단독주택,다가구주택(4가구),106,60,173.37,19970801,3,1,서울특별시 영등포구 대림동 903-26번지
11560,13300,0,0903,0027,,,일반건축물,단독주택,다가구주택(4가구),106,62.64,174.68,20011121,4,0,서울특별시 영등포구 대림동 903-27번지
11560,13300,0,0903,0028,,,일반건축물,단독주택,"근린생활시설, 주택(1가구)",106,62.48,266.24,19930621,4,1,서울특별시 영등포구 대림동 903-28번지
11560,13300,0,0903,0030,,,일반건축물,단독주택,"근린생활시설, 다가구주택",234,138.32,414.96,20011210,3,0,서울특별시 영등포구 대림동 903-30번지
11560,13300,0,0903,0031,,,일반건축물,단독주택,다가구용단독주택(3가구),0,35.58,109.38,19921020,2,1,서울특별시 영등포구 대림동 903-31번지
11560,13300,0,0903,0032,,,일반건축물,단독주택,다가구용단독주택(3가구),0,49.69,150.22,19920225,2,1,서울특별시 영등포구 대림동 903-32번지
11560,13300,0,0903,0033,,,일반건축물,단독주택,다가구주택(5가구),102,56.16,164.65,19930514,2,1,서울특별시 영등포구 대림동 903-33번지
11560,13300,0,0903,0034,,,일반건축물,단독주택,"근린생활시설, 주택",102,60.45,241.8,19930913,3,1,서울특별시 영등포구 대림동 903-34번지
11560,13300,0,0903,0035,,,일반건축물,제1종근린생활시설,"주택, 점포",0,142.88,235.78,19681201,2,0,서울특별시 영등포구 대림동 903-35번지
11560,13300,0,0903,0036,,,일반건축물,제2종근린생활시설,제1종근린생활시설,118,74.74,135.29,19700430,2,0,서울특별시 영등포구 대림동 903-36번지
11560,13300,0,0903,0037,,,일반건축물,제1종근린생활시설,근린생활시설,0,73.51,166.4,19870530,2,1,서울특별시 영등포구 대림동 903-37번지
11560,13300,0,0903,0038,,,일반건축물,제1종근린생활시설,"근린생활(소매점, 제조업소)",116,82.61,149.05,19731219,2,0,서울특별시 영등포구 대림동 903-38번지
11560,13300,0,0903,0039,,,일반건축물,단독주택,"근린생활시설, 다가구용단독주택",159,101.53,288.95,19930624,3,1,서울특별시 영등포구 대림동 903-39번지
11560,13300,0,0903,0040,,,일반건축물,단독주택,"근린생활시설, 주택",0,65.39,123.07,19720623,2,1,서울특별시 영등포구 대림동 903-40번지
11560,13300,0,0903,0041,,,일반건축물,단독주택,주택,0,36.56,42.31,19710805,1,1,서울특별시 영등포구 대림동 903-41번지
11560,13300,0,0903,0042,,,일반건축물,단독주택,단독주택,75.3,44.36,81.5,19950827,2,0,서울특별시 영등포구 대림동 903-42번지
11560,13300,0,0903,0043,,,일반건축물,단독주택,"주택, 근린생활시설",0,66.41,129.22,19701203,2,1,서울특별시 영등포구 대림동 903-43번지
11560,13300,0,0903,0044,,,일반건축물,단독주택,주택,0,52.68,159.84,19870611,2,1,서울특별시 영등포구 대림동 903-44번지
11560,13300,0,0903,0045,,,일반건축물,단독주택,주택,0,56.27,168.81,19880928,2,1,서울특별시 영등포구 대림동 903-45번지
11560,13300,0,0903,0046,,,일반건축물,단독주택,주택,0,66.33,198.99,19890522,2,1,서울특별시 영등포구 대림동 903-46번지
11560,13300,0,0903,0047,,,일반건축물,단독주택,주택,0,55.85,167.55,19881020,2,1,서울특별시 영등포구 대림동 903-47번지
11560,13300,0,0903,0048,,,일반건축물,단독주택,"근린생활시설, 주택",0,66.88,267.52,19920814,3,1,서울특별시 영등포구 대림동 903-48번지
11560,13300,0,0903,0049,,,일반건축물,단독주택,다가구주택(4가구),116,64.65,149.25,19930715,2,1,서울특별시 영등포구 대림동 903-49번지
11560,13300,0,0903,0050,,,일반건축물,단독주택,"근린생활시설, 주택",0,93.66,237.9,19880705,2,1,서울특별시 영등포구 대림동 903-50번지
11560,13300,0,0903,0051,,,일반건축물,단독주택,주택,0,69.13,138.43,19731129,2,1,서울특별시 영등포구 대림동 903-51번지
11560,13300,0,0903,0052,,,일반건축물,제1종근린생활시설,"제1,2종근린생활시설",0,66.11,165.29,19690430,2,1,서울특별시 영등포구 대림동 903-52번지
11560,13300,0,0903,0055,,,일반건축물,단독주택,다가구용단독주택(3가구),63.2,39.18,95.94,19930906,2,1,서울특별시 영등포구 대림동 903-55번지
11560,13300,0,0903,0056,,,일반건축물,단독주택,다가구용단독주택(3가구),59,41.28,98.1,19940705,2,1,서울특별시 영등포구 대림동 903-56번지
11560,13300,0,0903,0057,,,일반건축물,단독주택,단독주택,89,58.77,163.53,20060503,3,0,서울특별시 영등포구 대림동 903-57번지
11560,13300,0,0903,0061,,,일반건축물,단독주택,단독다가구주택(3가구),68,44.5,121.1,19930705,2,1,서울특별시 영등포구 대림동 903-61번지
11560,13300,0,0903,0063,,,일반건축물,단독주택,"다가구주택, 근린생활시설",129,76.94,299.92,19930705,3,1,서울특별시 영등포구 대림동 903-63번지
11560,13300,0,0903,0065,,,일반건축물,단독주택,주택,0,56.3,56.3,19700620,1,0,서울특별시 영등포구 대림동 903-65번지
11560,13300,0,0903,0068,,,일반건축물,단독주택,주택,0,45.95,52.96,19710116,1,1,서울특별시 영등포구 대림동 903-68번지
11560,13300,0,0903,0069,,,일반건축물,단독주택,"근린생활시설, 주택",0,55.41,60.43,19710116,1,1,서울특별시 영등포구 대림동 903-69번지
11560,13300,0,0903,0072,,,일반건축물,단독주택,주택,0,34.84,40.56,19710805,1,1,서울특별시 영등포구 대림동 903-72번지
11560,13300,0,0904,0001,,,일반건축물,단독주택,다가구주택(5가구),162.03,81.54,239.1,19930219,2,1,서울특별시 영등포구 대림동 904-1번지
11560,13300,0,0904,0002,,,일반건축물,단독주택,다가구주택(3가구),102,61.19,177.81,19941108,3,0,서울특별시 영등포구 대림동 904-2번지
11560,13300,0,0904,0003,,,일반건축물,단독주택,다가구주택(3가구),89,53.3,147.24,19941011,3,0,서울특별시 영등포구 대림동 904-3번지
11560,13300,0,0904,0004,,,일반건축물,단독주택,"근린생활시설, 주택",93,55.57,162,19941014,3,0,서울특별시 영등포구 대림동 904-4번지
11560,13300,0,0904,0005,,,일반건축물,단독주택,주택,0,53.72,103.44,19731113,2,1,서울특별시 영등포구 대림동 904-5번지
11560,13300,0,0904,0006,,,일반건축물,단독주택,단독주택,132,78.45,338.84,20170613,4,1,서울특별시 영등포구 대림동 904-6번지
11560,13300,0,0904,0008,,,일반건축물,단독주택,다가구용단독주택(7가구),0,74.24,220.97,19911220,2,1,서울특별시 영등포구 대림동 904-8번지
11560,13300,0,0904,0009,,,일반건축물,단독주택,다가구용단독주택(5가구),0,67.58,199.64,19911227,2,1,서울특별시 영등포구 대림동 904-9번지
11560,13300,0,0904,0010,,,일반건축물,단독주택,주택,0,68.76,132.78,19740610,2,1,서울특별시 영등포구 대림동 904-10번지
11560,13300,0,0904,0011,,,일반건축물,단독주택,다가구용단독주택(6가구),0,66.41,199.93,19911228,2,1,서울특별시 영등포구 대림동 904-11번지
11560,13300,0,0904,0012,,,일반건축물,단독주택,주택,0,75.96,141.76,19740611,2,1,서울특별시 영등포구 대림동 904-12번지
11560,13300,0,0904,0013,,,일반건축물,단독주택,주택,0,75.11,145.89,19741022,2,0,서울특별시 영등포구 대림동 904-13번지
11560,13300,0,0904,0014,,,일반건축물,제1종근린생활시설,"근린생활시설, 주택",122,73.16,133.77,19740723,2,0,서울특별시 영등포구 대림동 904-14번지
11560,13300,0,0904,0016,,,일반건축물,단독주택,"제1,2종근린생활시설, 점포",0,177.82,307.11,19740723,2,1,서울특별시 영등포구 대림동 904-16번지
11560,13300,0,0904,0017,,,일반건축물,단독주택,"근린생활시설, 주택",137.2,81.16,298.18,19970619,4,0,서울특별시 영등포구 대림동 904-17번지
11560,13300,0,0904,0018,,,일반건축물,단독주택,"근린생활시설, 다가구용단독주택(3가구)",156.5,91.05,445.45,19941109,4,1,서울특별시 영등포구 대림동 904-18번지
11560,13300,0,0904,0020,,,일반건축물,단독주택,"주택, 점포",0,122.31,261.48,19780123,2,1,서울특별시 영등포구 대림동 904-20번지
11560,13300,0,0904,0021,,,일반건축물,단독주택,"주택, 점포",0,85.29,159.67,19771021,2,1,서울특별시 영등포구 대림동 904-21번지
11560,13300,0,0906,0001,,,일반건축물,단독주택,다가구용단독주택,132,63.6,279.06,19910819,4,1,서울특별시 영등포구 대림동 906-1번지
11560,13300,0,0906,0002,OK빌,,일반건축물,단독주택,단독주택,119,71.24,298.36,20180601,4,1,서울특별시 영등포구 대림동 906-2번지
11560,13300,0,0906,0003,,,일반건축물,단독주택,주택,0,65.76,211.68,19881114,2,1,서울특별시 영등포구 대림동 906-3번지
11560,13300,0,0906,0004,,,일반건축물,단독주택,다가구주택(7가구),136,79.68,290.52,19930928,3,1,서울특별시 영등포구 대림동 906-4번지
11560,13300,0,0906,0005,,,일반건축물,단독주택,단독주택,0,67.73,203.19,19900925,2,1,서울특별시 영등포구 대림동 906-5번지
11560,13300,0,0906,0006,,,일반건축물,단독주택,주택,0,67.86,203.58,19871214,2,1,서울특별시 영등포구 대림동 906-6번지
11560,13300,0,0906,0007,,,일반건축물,단독주택,주택,0,79.44,164.99,19741126,2,1,서울특별시 영등포구 대림동 906-7번지
11560,13300,0,0906,0008,,,일반건축물,단독주택,단독주택,134.29,80.44,299.98,20160321,3,1,서울특별시 영등포구 대림동 906-8번지
11560,13300,0,0906,0009,,,일반건축물,단독주택,다가구주택(3가구),134.38,80.02,238.56,20020919,3,0,서울특별시 영등포구 대림동 906-9번지
11560,13300,0,0906,0010,,,일반건축물,단독주택,단독주택,134.88,80.4,299.91,20171019,3,1,서울특별시 영등포구 대림동 906-10번지
11560,13300,0,0906,0011,,,일반건축물,단독주택,다가구용단독주택,136,81.56,244.36,20011212,3,0,서울특별시 영등포구 대림동 906-11번지
11560,13300,0,0906,0012,,,일반건축물,단독주택,주택,0,59.31,66.02,19750215,1,1,서울특별시 영등포구 대림동 906-12번지
11560,13300,0,0906,0013,,,일반건축물,단독주택,다가구용단독주택(7가구),0,101.51,298.98,19911211,2,1,서울특별시 영등포구 대림동 906-13번지
11560,13300,0,0906,0014,,,일반건축물,단독주택,"단독주택,다가구주택",139,82.08,230.64,20030619,3,0,서울특별시 영등포구 대림동 906-14번지
11560,13300,0,0906,0015,,,일반건축물,단독주택,단독주택(다가구주택),139,81.77,231.87,20021108,3,0,서울특별시 영등포구 대림동 906-15번지
11560,13300,0,0906,0016,,,일반건축물,단독주택,다가구용단독주택(5가구),0,77.68,224.52,19921113,2,1,서울특별시 영등포구 대림동 906-16번지
11560,13300,0,0906,0017,,,일반건축물,단독주택,주택,0,71.57,141.95,19741106,2,0,서울특별시 영등포구 대림동 906-17번지
11560,13300,0,0906,0018,,,일반건축물,단독주택,주택,0,83.64,159.87,19741105,2,0,서울특별시 영등포구 대림동 906-18번지
11560,13300,0,0906,0019,,,일반건축물,단독주택,주택,0,69.36,208.08,19881101,2,1,서울특별시 영등포구 대림동 906-19번지
11560,13300,0,0906,0020,,,일반건축물,단독주택,주택,139,79.37,235.25,19891215,3,1,서울특별시 영등포구 대림동 906-20번지
11560,13300,0,0906,0021,,,일반건축물,단독주택,다가구용단독주택(5가구),0,74.33,218.49,19911025,2,1,서울특별시 영등포구 대림동 906-21번지
11560,13300,0,0906,0023,,,일반건축물,단독주택,단독주택 및 근린생활시설,138.44,78.12,343.83,20181022,4,1,서울특별시 영등포구 대림동 906-23번지
11560,13300,0,0906,0024,,,일반건축물,단독주택,다가구용단독주택,139,245.7,245.7,19951010,2,1,서울특별시 영등포구 대림동 906-24번지
11560,13300,0,0906,0025,,,일반건축물,단독주택,주택,0,78.36,156.52,19741028,2,1,서울특별시 영등포구 대림동 906-25번지
11560,13300,0,0906,0026,,,일반건축물,단독주택,다가구용단독주택(3가구),139,83.13,247.46,20020409,3,0,서울특별시 영등포구 대림동 906-26번지
11560,13300,0,0906,0027,,,일반건축물,단독주택,다가구용단독주택(5가구),0,78.21,234.63,19920710,2,1,서울특별시 영등포구 대림동 906-27번지
11560,13300,0,0906,0028,,,일반건축물,단독주택,다가구용단독주택(5가구),167,88.27,312.09,19980312,3,1,서울특별시 영등포구 대림동 906-28번지
11560,13300,0,0906,0029,,,일반건축물,단독주택,"근린생활시설, 주택",141,68.6,198.29,19850910,2,1,서울특별시 영등포구 대림동 906-29번지
11560,13300,0,0906,0030,,,일반건축물,단독주택,"다가구용단독주택(4가구), 근린생활시설",139,82.16,299.61,19960924,3,1,서울특별시 영등포구 대림동 906-30번지
11560,13300,0,0906,0031,,,일반건축물,단독주택,"근린생활시설, 주택",139,64.32,216.3,19850622,3,1,서울특별시 영등포구 대림동 906-31번지
11560,13300,0,0906,0032,,,일반건축물,단독주택,주택,0,82.34,164.68,19741025,2,0,서울특별시 영등포구 대림동 906-32번지
11560,13300,0,0906,0033,,,일반건축물,제1종근린생활시설,"근린생활시설, 주택",0,69.48,270.98,19920702,3,1,서울특별시 영등포구 대림동 906-33번지
11560,13300,0,0906,0034,,,일반건축물,단독주택,"다가구주택(5가구), 근린생활시설",0,130.5,428.97,19911120,3,1,서울특별시 영등포구 대림동 906-34번지
11560,13300,0,0906,0037,,,일반건축물,제1종근린생활시설,"근린생활시설, 주택",0,59.73,124.71,19741015,2,1,서울특별시 영등포구 대림동 906-37번지
11560,13300,0,0906,0038,,,일반건축물,단독주택,다가구용단독주택(5가구),181,81.93,285.65,19901011,3,1,서울특별시 영등포구 대림동 906-38번지
11560,13300,0,0906,0039,,,일반건축물,단독주택,주택,0,85.75,122.05,19750416,2,1,서울특별시 영등포구 대림동 906-39번지
11560,13300,0,0906,0040,,,표제부,공동주택,공동주택 및 제2종근린생활시설,252,150.49,569.38,20131121,5,0,서울특별시 영등포구 대림동 906-40번지
11560,13300,0,0906,0041,,,표제부,공동주택,"다세대주택, 근린생활시설",305,181.2,545.49,20231113,5,0,서울특별시 영등포구 대림동 906-41번지
11560,13300,0,0906,0042,프로하임,,일반건축물,단독주택,단독주택,180,93.6,341.26,20180302,4,1,서울특별시 영등포구 대림동 906-42번지
11560,13300,0,0906,0043,,,일반건축물,제1종근린생활시설,"단독주택, 근린생활시설",0,92.89,191.75,19741125,2,1,서울특별시 영등포구 대림동 906-43번지
11560,13300,0,0906,0044,,,일반건축물,단독주택,다가구용단독주택(7가구),139,81.1,289.7,19940512,3,1,서울특별시 영등포구 대림동 906-44번지
11560,13300,0,0906,0045,,,일반건축물,단독주택,다가구주택(7가구),139,83.24,306.69,19931223,4,1,서울특별시 영등포구 대림동 906-45번지
11560,13300,0,0906,0046,,,일반건축물,단독주택,주택,0,82.77,168.2,19741219,2,1,서울특별시 영등포구 대림동 906-46번지
11560,13300,0,0906,0047,,,일반건축물,단독주택,다가구용단독주택(6가구),0,81.93,245.79,19901211,2,1,서울특별시 영등포구 대림동 906-47번지
11560,13300,0,0906,0048,,,일반건축물,단독주택,주택,0,97.92,160.53,19751106,1,1,서울특별시 영등포구 대림동 906-48번지
11560,13300,0,0906,0049,더행복한집2,,표제부,공동주택,공동주택,341.22,204.37,678.9,20150918,5,0,서울특별시 영등포구 대림동 906-49번지
11560,13300,0,0906,0051,,,일반건축물,단독주택,"근린생활시설, 단독주택",124,73.95,285.87,19960806,4,0,서울특별시 영등포구 대림동 906-51번지
11560,13300,0,0906,0052,,,일반건축물,단독주택,다가구주택(5가구),139,83.38,228.6,19930927,2,1,서울특별시 영등포구 대림동 906-52번지
11560,13300,0,0906,0053,,,일반건축물,단독주택,다가구주택,139,81.56,230.52,20020730,3,0,서울특별시 영등포구 대림동 906-53번지
11560,13300,0,0906,0054,,,일반건축물,단독주택,다가구주택(5가구),139,82.83,209.76,19931012,2,1,서울특별시 영등포구 대림동 906-54번지
11560,13300,0,0906,0055,,,일반건축물,단독주택,단독주택,0,78.98,172.28,19741218,2,1,서울특별시 영등포구 대림동 906-55번지
11560,13300,0,0906,0056,,,일반건축물,단독주택,단독주택,139,82.84,298.91,20170117,3,1,서울특별시 영등포구 대림동 906-56번지
11560,13300,0,0906,0057,,,일반건축물,단독주택,단독주택,139,81.32,298.64,20170515,3,1,서울특별시 영등포구 대림동 906-57번지
11560,13300,0,0906,0058,,,일반건축물,단독주택,단독주택,139,83.27,299.89,20171017,3,1,서울특별시 영등포구 대림동 906-58번지
11560,13300,0,0906,0059,,,일반건축물,단독주택,"근린생활시설, 단독주택",155,92,309.04,20170119,4,0,서울특별시 영등포구 대림동 906-59번지
11560,13300,0,0906,0060,,,일반건축물,단독주택,"근린생활시설, 주택",0,72.39,169.9,19791212,2,1,서울특별시 영등포구 대림동 906-60번지
11560,13300,0,0906,0061,,,표제부,공동주택,다세대주택,0,68.1,204.3,19870121,2,1,서울특별시 영등포구 대림동 906-61번지
11560,13300,0,0906,0062,효주파크빌,,표제부,공동주택,다세대주택,275.78,165.25,499.81,20151211,5,0,서울특별시 영등포구 대림동 906-62번지
11560,13300,0,0906,0064,,,일반건축물,단독주택,다가구주택(5가구),137.5,81.9,314.5,19970331,3,1,서울특별시 영등포구 대림동 906-64번지
11560,13300,0,0906,0065,,,일반건축물,단독주택,"단독주택,다가구주택",137.98,82.04,232.85,20031016,3,0,서울특별시 영등포구 대림동 906-65번지
11560,13300,0,0906,0066,,,일반건축물,단독주택,주택(5가구),139,83.2,241.14,19891006,3,1,서울특별시 영등포구 대림동 906-66번지
11560,13300,0,0906,0067,,,일반건축물,단독주택,주택,0,68.67,206.01,19890831,2,1,서울특별시 영등포구 대림동 906-67번지
11560,13300,0,0906,0068,,,일반건축물,단독주택,단독주택,139,83.18,299.56,20160226,3,1,서울특별시 영등포구 대림동 906-68번지
11560,13300,0,0906,0069,대림동상가주택,,일반건축물,단독주택,"근린생활시설,다가구주택",167,99.31,364.47,20030122,4,0,서울특별시 영등포구 대림동 906-69번지
11560,13300,0,0906,0070,,,일반건축물,제2종근린생활시설,근린생활시설,102,60.96,290.46,19970802,5,0,서울특별시 영등포구 대림동 906-70번지
11560,13300,0,0906,0071,,,일반건축물,단독주택,단독주택,139,69.3,235.98,19900504,3,1,서울특별시 영등포구 대림동 906-71번지
11560,13300,0,0906,0072,,,일반건축물,단독주택,주택,0,82.51,100.85,,1,1,서울특별시 영등포구 대림동 906-72번지
11560,13300,0,0906,0073,,,일반건축물,단독주택,다가구주택(5가구),139,81.92,241.35,19940521,2,1,서울특별시 영등포구 대림동 906-73번지
11560,13300,0,0906,0074,,,일반건축물,단독주택,단독주택,135.9,81.44,229.77,20060327,3,0,서울특별시 영등포구 대림동 906-74번지
11560,13300,0,0906,0075,,,일반건축물,단독주택,주택,0,68.28,204.84,19900412,2,1,서울특별시 영등포구 대림동 906-75번지
11560,13300,0,0906,0076,,,일반건축물,단독주택,단독주택,139,82.84,299.26,20171024,3,1,서울특별시 영등포구 대림동 906-76번지
11560,13300,0,0906,0077,,,일반건축물,단독주택,주택,0,69.28,207.84,19891218,2,1,서울특별시 영등포구 대림동 906-77번지
11560,13300,0,0906,0078,,,일반건축물,단독주택,단독주택(다중주택),139,82.8,299.94,20191111,3,1,서울특별시 영등포구 대림동 906-78번지
11560,13300,0,0906,0079,,,일반건축물,제1종근린생활시설,"근린생활시설, 주택",0,83.04,162.25,19750501,2,0,서울특별시 영등포구 대림동 906-79번지
11560,13300,0,0906,0087,,,일반건축물,단독주택,"주택, 근린생활시설",0,67.14,100.82,19741015,1,1,서울특별시 영등포구 대림동 906-87번지
11560,13300,0,0906,0088,,,일반건축물,단독주택,"제1종근린생활시설,다가구주택",187,111.66,400.41,20021129,4,0,서울특별시 영등포구 대림동 906-88번지
11560,13300,0,0906,0089,,,일반건축물,단독주택,단독주택,115.6,69.16,285.14,20180302,4,1,서울특별시 영등포구 대림동 906-89번지
11560,13300,0,0906,0090,,,일반건축물,단독주택,단독주택,106,63.5,199.97,20180629,3,1,서울특별시 영등포구 대림동 906-90번지
11560,13300,0,0906,0091,,,일반건축물,단독주택,주택,0,62.54,80.52,19750930,1,1,서울특별시 영등포구 대림동 906-91번지
11560,13300,0,0906,0093,,,일반건축물,단독주택,"근린생활시설, 주택",0,76.8,293.6,19920926,3,1,서울특별시 영등포구 대림동 906-93번지
11560,13300,0,0906,0097,,,일반건축물,단독주택,주택,0,75.93,94.64,19770107,1,1,서울특별시 영등포구 대림동 906-97번지
11560,13300,0,0906,0100,,,일반건축물,단독주택,"단독주택,제1종근린생활시설",139,79,277.4,20060714,4,0,서울특별시 영등포구 대림동 906-100번지
11560,13300,0,0906,0108,,,일반건축물,제2종근린생활시설,근린생활시설,473.53,225.4,941.48,19830402,3,1,서울특별시 영등포구 대림동 906-108번지
11560,13300,0,0906,0148,,,일반건축물,제2종근린생활시설,제2종근린생활시설,53,28.94,28.94,19850629,1,0,서울특별시 영등포구 대림동 906-148번지
11560,13300,0,0907,0001,드림하우스,,표제부,공동주택,공동주택,362,216.57,655.56,20160711,5,0,서울특별시 영등포구 대림동 907-1번지
11560,13300,0,0907,0005,,,일반건축물,제1종근린생활시설,근린생활시설,0,68.43,207.93,19821122,2,1,서울특별시 영등포구 대림동 907-5번지
11560,13300,0,0907,0008,,,일반건축물,단독주택,다가구주택(5가구),191.13,114.11,307.77,19930907,2,1,서울특별시 영등포구 대림동 907-8번지
11560,13300,0,0907,0009,,,일반건축물,단독주택,다가구용단독주택(4가구),154.8,86.6,239.71,19930908,2,1,서울특별시 영등포구 대림동 907-9번지
11560,13300,0,0907,0010,,,일반건축물,단독주택,주택,0,58.94,127.73,19751119,2,1,서울특별시 영등포구 대림동 907-10번지
11560,13300,0,0907,0011,,,일반건축물,제1종근린생활시설,"근린생활시설, 주택",169,82.48,385.91,19930605,4,1,서울특별시 영등포구 대림동 907-11번지
11560,13300,0,0907,0012,,,일반건축물,단독주택,단독주택,0,90.92,272.76,19920615,2,1,서울특별시 영등포구 대림동 907-12번지
11560,13300,0,0907,0014,,,일반건축물,단독주택,주택,0,81.42,148.32,19751205,2,1,서울특별시 영등포구 대림동 907-14번지
11560,13300,0,0907,0015,,,일반건축물,제1종근린생활시설,"근린생활시설, 주택",0,75.24,299.46,19880614,3,1,서울특별시 영등포구 대림동 907-15번지
11560,13300,0,0907,0016,,,일반건축물,제1종근린생활시설,"근린생활시설, 주택",0,84.62,164.22,19760625,2,1,서울특별시 영등포구 대림동 907-16번지
11560,13300,0,0907,0019,,,일반건축물,단독주택,"근린생활시설, 주택",149,85.69,183.25,19770603,2,1,서울특별시 영등포구 대림동 907-19번지
11560,13300,0,0907,0020,,,일반건축물,단독주택,"근린생활시설, 주택",0,79.43,162.43,19760117,2,1,서울특별시 영등포구 대림동 907-20번지
11560,13300,0,0907,0022,,,일반건축물,제1종근린생활시설,"근린생활시설, 주택",0,84.24,367.05,19920529,3,1,서울특별시 영등포구 대림동 907-22번지
11560,13300,0,0907,0028,,,표제부,공동주택,다세대주택,340,203.76,647.3,20150522,5,0,서울특별시 영등포구 대림동 907-28번지
11560,13300,0,0907,0035,,,표제부,공동주택,공동주택,206,121.75,482.89,20020626,5,0,서울특별시 영등포구 대림동 907-35번지
11560,13300,0,0907,0037,,,일반건축물,제1종근린생활시설,"근린생활시설, 주택",0,86.94,347.76,19780916,3,1,서울특별시 영등포구 대림동 907-37번지
11560,13300,0,0907,0038,,,일반건축물,단독주택,"근린생활시설, 주택",0,87.52,173.8,19761014,2,1,서울특별시 영등포구 대림동 907-38번지
11560,13300,0,0907,0039,,,일반건축물,제1종근린생활시설,"근린생활시설, 주택",0,109.8,522,19900816,4,1,서울특별시 영등포구 대림동 907-39번지
11560,13300,0,0907,0040,현대하이파크 빌,,표제부,공동주택,공동주택,281,158.1,560.26,20140620,5,0,서울특별시 영등포구 대림동 907-40번지
11560,13300,0,0907,0041,,,일반건축물,단독주택,"근린생활시설, 주택(2가구)",239,142.57,509.94,19980318,3,1,서울특별시 영등포구 대림동 907-41번지
11560,13300,0,0907,0042,,,일반건축물,단독주택,주택,0,83.67,162.11,19770428,2,1,서울특별시 영등포구 대림동 907-42번지
11560,13300,0,0907,0043,,,일반건축물,단독주택,단독주택,129,77.19,296.67,20170124,3,1,서울특별시 영등포구 대림동 907-43번지
11560,13300,0,0907,0044,,,일반건축물,단독주택,주택,0,74.94,162.21,19770616,2,1,서울특별시 영등포구 대림동 907-44번지
11560,13300,0,0907,0047,,,일반건축물,단독주택,주택,192,105.95,284.63,19891219,2,1,서울특별시 영등포구 대림동 907-47번지
11560,13300,0,0907,0050,,,일반건축물,단독주택,다가구용단독주택(7가구),127,75.68,288.89,19931230,3,1,서울특별시 영등포구 대림동 907-50번지
11560,13300,0,0907,0051,,,일반건축물,제1종근린생활시설,"근린생활시설, 주택",0,54.22,108.2,19770601,2,1,서울특별시 영등포구 대림동 907-51번지
11560,13300,0,0908,0002,,,일반건축물,제1종근린생활시설,근린생활시설,312,231.63,857.63,19761223,3,1,서울특별시 영등포구 대림동 908-2번지
11560,13300,0,0908,0013,,,일반건축물,제2종근린생활시설,근린생활시설,0,227.1,772.24,19780622,3,1,서울특별시 영등포구 대림동 908-13번지
11560,13300,0,0909,0002,,,일반건축물,판매시설,"시장, 근린생활시설",5504,368.64,754.53,19770120,2,0,서울특별시 영등포구 대림동 909-2번지
11560,13300,0,0909,0002,,,일반건축물,판매시설,"시장, 관람집회시설, 근린생활시설",5504.9,0,9725.9,19820119,3,1,서울특별시 영등포구 대림동 909-2번지
11560,13300,0,0909,0007,,,일반건축물,단독주택,주택,0,92.07,184.06,19760912,2,1,서울특별시 영등포구 대림동 909-7번지
11560,13300,0,0909,0009,,,일반건축물,단독주택,단독주택(다중주택),175,96.03,329.47,20141229,3,1,서울특별시 영등포구 대림동 909-9번지
11560,13300,0,0909,0011,,,일반건축물,제1종근린생활시설,근린생활시설,0,97.6,413.85,19881117,3,1,서울특별시 영등포구 대림동 909-11번지
11560,13300,0,0909,0012,,,일반건축물,단독주택,"근린생활시설, 주택",0,86.94,347.76,19781109,3,1,서울특별시 영등포구 대림동 909-12번지
11560,13300,0,0909,0014,,,일반건축물,단독주택,다가구용단독주택(3가구),107.05,62.46,179.91,19951014,3,0,서울특별시 영등포구 대림동 909-14번지
11560,13300,0,0909,0016,,,일반건축물,단독주택,단독주택(다중주택),175,96,329.29,20150217,3,1,서울특별시 영등포구 대림동 909-16번지
11560,13300,0,0909,0018,,,일반건축물,제1종근린생활시설,"근린생활시설, 주택",0,0,698.05,19761030,3,1,서울특별시 영등포구 대림동 909-18번지
11560,13300,0,0909,0025,,,일반건축물,단독주택,"단독주택, 제2종근린생활시설(사무소)",206.9,123.89,398.8,20230609,4,0,서울특별시 영등포구 대림동 909-25번지
11560,13300,0,0909,0027,,,일반건축물,단독주택,다가구용단독주택(5가구),183,109.67,295.82,19960214,2,1,서울특별시 영등포구 대림동 909-27번지
11560,13300,0,0909,0028,,,일반건축물,단독주택,주택,0,82.31,177.96,19760813,2,1,서울특별시 영등포구 대림동 909-28번지
11560,13300,0,0909,0029,,,일반건축물,단독주택,"근린생활시설, 다가구용단독주택",152.9,91.48,261.84,19970912,3,0,서울특별시 영등포구 대림동 909-29번지
11560,13300,0,0909,0030,,,표제부,공동주택,다세대주택,186,107.57,359.01,20020625,4,0,서울특별시 영등포구 대림동 909-30번지
11560,13300,0,0909,0033,,,일반건축물,단독주택,주택,0,80.79,95.99,19760811,1,1,서울특별시 영등포구 대림동 909-33번지
11560,13300,0,0909,0038,,,일반건축물,제1종근린생활시설,"근린생활시설, 주택",0,120,409.92,19771102,3,1,서울특별시 영등포구 대림동 909-38번지
11560,13300,0,0909,0040,,,일반건축물,제2종근린생활시설,근린생활시설,199,95.54,365.96,19780517,3,1,서울특별시 영등포구 대림동 909-40번지
11560,13300,0,0909,0044,,,일반건축물,제1종근린생활시설,근린생활시설,0,102.4,441.94,19891221,3,1,서울특별시 영등포구 대림동 909-44번지
11560,13300,0,0909,0045,,,일반건축물,단독주택,"근린생활시설및, 다가구용단독주택",179,107.22,373.8,19960730,3,1,서울특별시 영등포구 대림동 909-45번지
11560,13300,0,0909,0046,,,일반건축물,제1종근린생활시설,"근린생활시설, 주택",0,105.12,324.5,19761224,3,1,서울특별시 영등포구 대림동 909-46번지
11560,13300,0,0909,0047,,,일반건축물,제2종근린생활시설,"근린생활시설, 노유자시설, 주택",0,105.12,195.01,19761231,2,1,서울특별시 영등포구 대림동 909-47번지
11560,13300,0,0909,0048,,,일반건축물,단독주택,다가구용단독주택(8가구),0,111.34,319.42,19911210,2,1,서울특별시 영등포구 대림동 909-48번지
11560,13300,0,0909,0049,,,일반건축물,단독주택,다가구용단독주택(5가구),190,113.67,327.6,19971128,3,0,서울특별시 영등포구 대림동 909-49번지
11560,13300,0,0909,0050,,,일반건축물,단독주택,단독주택,188,111.93,205.6,19950403,2,1,서울특별시 영등포구 대림동 909-50번지
11560,13300,0,0909,0054,,,일반건축물,단독주택,"근린생활시설, 주택",0,88.83,167.67,19761211,2,1,서울특별시 영등포구 대림동 909-54번지
11560,13300,0,0909,0057,,,일반건축물,노유자시설,노유자시설,167,88.59,253.58,19760807,3,0,서울특별시 영등포구 대림동 909-57번지
11560,13300,0,0909,0058,,,일반건축물,단독주택,"근린생활시설, 다가구주택",167,97.68,378.56,19941031,3,1,서울특별시 영등포구 대림동 909-58번지
11560,13300,0,0909,0059,,,일반건축물,단독주택,다가구용단독주택(6가구),150.05,89.97,280.88,19951102,3,1,서울특별시 영등포구 대림동 909-59번지
11560,13300,0,0909,0060,,,일반건축물,단독주택,단독주택,139,83.08,298.61,20180322,3,1,서울특별시 영등포구 대림동 909-60번지
11560,13300,0,0909,0061,,,일반건축물,제1종근린생활시설,"근린생활시설, 주택",0,72.73,149.42,19770909,2,1,서울특별시 영등포구 대림동 909-61번지
11560,13300,0,0909,0062,,,일반건축물,단독주택,단독주택,159,83.56,327.1,20080424,3,1,서울특별시 영등포구 대림동 909-62번지
11560,13300,0,0909,0063,,,일반건축물,제1종근린생활시설,"근린생활시설, 주택",0,74.94,149.69,19760816,2,1,서울특별시 영등포구 대림동 909-63번지
11560,13300,0,0909,0064,,,일반건축물,제1종근린생활시설,근린생활시설,0,88,352,19871006,3,1,서울특별시 영등포구 대림동 909-64번지
11560,13300,0,0910,0007,,,일반건축물,제1종근린생활시설,"근린생활시설, 주택",0,78.72,314.88,19880802,3,1,서울특별시 영등포구 대림동 910-7번지
11560,13300,0,0911,0005,,,일반건축물,제2종근린생활시설,근린생활시설,0,35.9,35.9,19681030,1,0,서울특별시 영등포구 대림동 911-5번지
11560,13300,0,0911,0017,,,일반건축물,단독주택,주택,0,49.58,49.58,19681209,1,0,서울특별시 영등포구 대림동 911-17번지
11560,13300,0,0911,0052,,,일반건축물,제1종근린생활시설,"근린생활시설, 주택",0,57.26,102.22,19761218,2,1,서울특별시 영등포구 대림동 911-52번지
11560,13300,0,0912,0046,대한예수교장로회 평강교회,,표제부,종교시설,"종교시설, 교육연구시설",1831.6,1158.07,9928.27,19980615,8,4,서울특별시 영등포구 대림동 912-46번지
11560,13300,0,0918,0050,,,일반건축물,제2종근린생활시설,근린생활시설,195.81,115.44,578.83,19980403,4,1,서울특별시 영등포구 대림동 918-50번지
11560,13300,0,0919,0002,,,일반건축물,단독주택,주택,0,61.16,137.53,19800110,2,1,서울특별시 영등포구 대림동 919-2번지
11560,13300,0,0919,0002,한림대부속 강남성심병원별관,,일반건축물,의료시설,의료시설,0,832.68,6443.49,20051213,5,3,서울특별시 영등포구 대림동 919-2번지
11560,13300,0,0919,0027,,,일반건축물,단독주택,주택,0,48.06,48.06,19730224,1,0,서울특별시 영등포구 대림동 919-27번지
11560,13300,0,0919,0035,,,일반건축물,단독주택,주택,0,31.9,31.9,19700602,1,0,서울특별시 영등포구 대림동 919-35번지
11560,13300,0,0919,0038,,,일반건축물,종교시설,종교시설,2713,695.95,1966.82,19770607,2,1,서울특별시 영등포구 대림동 919-38번지
11560,13300,0,0919,0038,,,일반건축물,제1종근린생활시설,제1종근린생활시설,2713,104.06,104.06,20140627,1,0,서울특별시 영등포구 대림동 919-38번지
11560,13300,0,0919,0038,,,일반건축물,종교시설,수도원,2713,206.26,1196.99,20181128,4,1,서울특별시 영등포구 대림동 919-38번지
11560,13300,0,0923,0003,,,일반건축물,교육연구시설,근린생활시설,0,33.06,33.06,19680320,1,0,서울특별시 영등포구 대림동 923-3번지
11560,13300,0,0924,0003,,,일반건축물,제1종근린생활시설,"근린생활시설, 주택",0,199.01,1015.75,19810608,4,1,서울특별시 영등포구 대림동 924-3번지
11560,13300,0,0924,0051,,,일반건축물,단독주택,주택,0,103.24,304.89,19830714,2,1,서울특별시 영등포구 대림동 924-51번지
11560,13300,0,0926,0001,대림빌라,,표제부,공동주택,공동주택(다세대주택),189,112.44,446.02,20010905,5,0,서울특별시 영등포구 대림동 926-1번지
11560,13300,0,0926,0002,,,일반건축물,단독주택,"다가구주택(2가구), 근린생활시설",152,80.04,217.29,20011115,3,0,서울특별시 영등포구 대림동 926-2번지
11560,13300,0,0926,0003,서울신광교회,,일반건축물,종교시설,"문화및 집회시설, 근린생활시설, 단독주택",453,271.52,1786.5,20010718,5,2,서울특별시 영등포구 대림동 926-3번지
11560,13300,0,0926,0006,대림빌라,,표제부,공동주택,공동주택(다세대주택),190,113.85,466.06,20010910,5,0,서울특별시 영등포구 대림동 926-6번지
11560,13300,0,0927,0005,,,일반건축물,단독주택,"근린생활시설, 주택",77.2,46,184,19851210,3,1,서울특별시 영등포구 대림동 927-5번지
11560,13300,0,0929,0005,,,일반건축물,제1종근린생활시설,"근린생활시설, 주택",0,88.8,526.6,19901015,5,1,서울특별시 영등포구 대림동 929-5번지
11560,13300,0,0929,0008,,,일반건축물,제2종근린생활시설,제2종근린생활시설(수리점),158,68.29,80.73,20021017,2,0,서울특별시 영등포구 대림동 929-8번지
11560,13300,0,0929,0019,,,일반건축물,제2종근린생활시설,근린생활시설,0,80.71,383.9,19920603,4,1,서울특별시 영등포구 대림동 929-19번지
11560,13300,0,0929,0024,,,일반건축물,제1종근린생활시설,"근린생활시설, 주택",0,61.53,336.95,19910904,4,1,서울특별시 영등포구 대림동 929-24번지
11560,13300,0,0930,0001,,,일반건축물,제1종근린생활시설,근린생활시설,0,104.67,364.19,19810713,3,1,서울특별시 영등포구 대림동 930-1번지
11560,13300,0,0930,0002,,,일반건축물,제1종근린생활시설,"근린생활시설, 주택",0,84.01,299.85,19920608,3,1,서울특별시 영등포구 대림동 930-2번지
11560,13300,0,0930,0004,,,일반건축물,제2종근린생활시설,근린생활시설,0,136.97,646.74,19910625,4,1,서울특별시 영등포구 대림동 930-4번지
11560,13300,0,0930,0116,,,일반건축물,단독주택,주택,0,70.61,131.66,19760823,2,1,서울특별시 영등포구 대림동 930-116번지
11560,13300,0,0931,0000,,,일반건축물,단독주택,주택,0,36.46,36.46,19571210,1,0,서울특별시 영등포구 대림동 931번지
11560,13300,0,0931,0000,,,일반건축물,단독주택,주택,0,147.66,147.66,,1,0,서울특별시 영등포구 대림동 931번지
11560,13300,0,0931,0001,,,일반건축물,제1종근린생활시설,"점포, 주택",0,28.32,88.97,19880516,2,1,서울특별시 영등포구 대림동 931-1번지
11560,13300,0,0934,0005,,,일반건축물,단독주택,주택,0,96.69,96.69,19601020,1,0,서울특별시 영등포구 대림동 934-5번지
11560,13300,0,0934,0008,,,일반건축물,단독주택,다가구주택(2가구),172,88.93,160.19,19780223,2,1,서울특별시 영등포구 대림동 934-8번지
11560,13300,0,0934,0033,,,일반건축물,제1종근린생활시설,"근린생활시설, 주택",0,96.66,157.82,19740516,2,1,서울특별시 영등포구 대림동 934-33번지
11560,13300,0,0934,0034,,,일반건축물,단독주택,"근린생활시설, 주택",107,64.05,175.26,19930408,2,1,서울특별시 영등포구 대림동 934-34번지
11560,13300,0,0934,0049,,,일반건축물,단독주택,"주택, 근린생활시설",0,111.41,246.29,19780510,2,1,서울특별시 영등포구 대림동 934-49번지
11560,13300,0,0934,0051,,,일반건축물,제1종근린생활시설,"근린생활시설, 주택",0,114.71,252.56,19780526,2,1,서울특별시 영등포구 대림동 934-51번지
11560,13300,0,0934,0052,,,일반건축물,단독주택,다가구용단독주택(7가구),210.43,113.67,419.3,19970331,3,1,서울특별시 영등포구 대림동 934-52번지
11560,13300,0,0934,0053,,,일반건축물,단독주택,다가구주택(4가구),147.2,78.89,209.73,19930619,2,1,서울특별시 영등포구 대림동 934-53번지
11560,13300,0,0934,0054,,,일반건축물,단독주택,주택,0,78.35,125.95,,1,1,서울특별시 영등포구 대림동 934-54번지
11560,13300,0,0935,0000,,,일반건축물,동물및식물관련시설,"주택, 계사",0,76.04,76.04,,1,0,서울특별시 영등포구 대림동 935번지
11560,13300,0,0935,0006,,,일반건축물,단독주택,다가구용단독주택(3가구),0,62.34,187.02,19920103,2,1,서울특별시 영등포구 대림동 935-6번지
11560,13300,0,0935,0008,,,일반건축물,단독주택,다가구용단독주택(5가구),0,50.49,148.53,19920722,2,1,서울특별시 영등포구 대림동 935-8번지
11560,13300,0,0935,0016,,,일반건축물,단독주택,다가구용단독주택,0,62.18,186.54,19911230,2,1,서울특별시 영등포구 대림동 935-16번지
11560,13300,0,0936,0000,,,일반건축물,공동주택,근린생활시설,0,102.48,204.73,19670915,2,0,서울특별시 영등포구 대림동 936번지
11560,13300,0,0937,0000,,,일반건축물,공장,"근린생활시설, 창고",0,632.47,650.82,19650715,1,1,서울특별시 영등포구 대림동 937번지
11560,13300,0,0939,0000,,,일반건축물,단독주택,주택,0,23.14,23.14,,1,0,서울특별시 영등포구 대림동 939번지
11560,13300,0,0939,0000,,,일반건축물,단독주택,주택,0,39.67,39.67,,1,0,서울특별시 영등포구 대림동 939번지
11560,13300,0,0942,0004,,,일반건축물,단독주택,단독주택 및 제1종근린생활시설,165,96.06,410.9,20171124,4,1,서울특별시 영등포구 대림동 942-4번지
11560,13300,0,0942,0005,,,일반건축물,제1종근린생활시설,"근린생활시설, 주택",0,105.79,220.17,19771013,2,1,서울특별시 영등포구 대림동 942-5번지
11560,13300,0,0942,0006,,,표제부,공동주택,공동주택(다세대주택),208,109.49,498.86,20030407,4,1,서울특별시 영등포구 대림동 942-6번지
11560,13300,0,0942,0015,,,일반건축물,단독주택,다가구용단독주택,192,105.27,414.68,19971119,3,1,서울특별시 영등포구 대림동 942-15번지
11560,13300,0,0942,0016,,,일반건축물,제2종근린생활시설,"제1,2종근린생활시설",225,112.14,581.34,20060627,4,1,서울특별시 영등포구 대림동 942-16번지
11560,13300,0,0942,0017,,,일반건축물,단독주택,주택,0,110.81,257.1,19770615,2,1,서울특별시 영등포구 대림동 942-17번지
11560,13300,0,0942,0018,,,일반건축물,단독주택,"단독주택,근린생활시설",109,65.14,280.71,20200520,4,1,서울특별시 영등포구 대림동 942-18번지
11560,13300,0,0942,0019,,,일반건축물,단독주택,다가구주택(9가구),196.95,117.86,469.15,20011023,3,1,서울특별시 영등포구 대림동 942-19번지
11560,13300,0,0942,0020,,,일반건축물,단독주택,다중주택,262.69,145.14,329.86,20151012,3,0,서울특별시 영등포구 대림동 942-20번지
11560,13300,0,0942,0022,,,일반건축물,제2종근린생활시설,"주택, 근린생활시설",0,81.29,150.84,19750512,2,1,서울특별시 영등포구 대림동 942-22번지
11560,13300,0,0942,0023,,,일반건축물,단독주택,"근린생활시설,단독주택",162,95.3,352.39,20021018,4,0,서울특별시 영등포구 대림동 942-23번지
11560,13300,0,0942,0030,,,일반건축물,단독주택,근린생활시설,107,0,0,20200203,5,1,서울특별시 영등포구 대림동 942-30번지
11560,13300,0,0942,0038,,,일반건축물,단독주택,주택,0,93.88,157.02,19770830,2,1,서울특별시 영등포구 대림동 942-38번지
11560,13300,0,0942,0039,,,표제부,공동주택,공동주택(다세대주택),192,111.21,364.21,20080219,5,0,서울특별시 영등포구 대림동 942-39번지
11560,13300,0,0942,0040,,,일반건축물,단독주택,다가구용단독주택(4가구),0,66.84,200.52,19920604,2,1,서울특별시 영등포구 대림동 942-40번지
11560,13300,0,0942,0041,21주택,,일반건축물,단독주택,다가구주택(4가구),149,78.66,302.16,20021223,3,1,서울특별시 영등포구 대림동 942-41번지
11560,13300,0,0942,0046,동우빌라,,표제부,공동주택,공동주택(다세대주택),205,121.32,561.98,20021108,4,1,서울특별시 영등포구 대림동 942-46번지
11560,13300,0,0942,0047,,,일반건축물,단독주택,주택,0,65.06,141.85,19770805,2,1,서울특별시 영등포구 대림동 942-47번지
11560,13300,0,0942,0048,,,일반건축물,단독주택,단독주택(다중주택),123,73.54,245.57,20180413,4,0,서울특별시 영등포구 대림동 942-48번지
11560,13300,0,0942,0049,,,일반건축물,단독주택,단독주택,143,84.38,299.18,20171012,3,1,서울특별시 영등포구 대림동 942-49번지
11560,13300,0,0942,0051,.,,일반건축물,단독주택,단독주택,167,97.77,329.82,20170607,3,1,서울특별시 영등포구 대림동 942-51번지
11560,13300,0,0942,0053,,,일반건축물,단독주택,단독주택(다중주택),109,60.7,199.51,20191011,3,1,서울특별시 영등포구 대림동 942-53번지
11560,13300,0,0944,0007,,,일반건축물,단독주택,주택,132,89.04,169.44,19740830,2,0,서울특별시 영등포구 대림동 944-7번지
11560,13300,0,0946,0001,대림동현대아파트,,표제부,공동주택,아파트,0,1691.64,25155.42,19990203,18,2,서울특별시 영등포구 대림동 946-1번지
11560,13300,0,0946,0001,대림동현대아파트,,표제부,공동주택,생활편익시설,0,308.37,1112.16,19990203,3,1,서울특별시 영등포구 대림동 946-1번지
11560,13300,0,0948,0000,,,일반건축물,제1종근린생활시설,근린생활시설,0,155.37,155.37,19650416,1,0,서울특별시 영등포구 대림동 948번지
11560,13300,0,0948,0000,,,일반건축물,단독주택,주택,0,102.48,102.48,19650416,1,0,서울특별시 영등포구 대림동 948번지
11560,13300,0,0948,0000,,,일반건축물,단독주택,주택,0,102.48,102.48,19650416,1,0,서울특별시 영등포구 대림동 948번지
11560,13300,0,0948,0000,,,일반건축물,제1종근린생활시설,근린생활시설,0,49.59,49.59,19650416,1,0,서울특별시 영등포구 대림동 948번지
11560,13300,0,0948,0000,,,일반건축물,단독주택,주택,0,102.48,102.48,19650416,1,0,서울특별시 영등포구 대림동 948번지
11560,13300,0,0948,0000,,,일반건축물,공장,근린생활시설,0,383.47,383.47,19650416,1,0,서울특별시 영등포구 대림동 948번지
11560,13300,0,0948,0000,,,일반건축물,제1종근린생활시설,근린생활시설,0,373.55,373.53,,1,0,서울특별시 영등포구 대림동 948번지
11560,13300,0,0948,0000,,,일반건축물,제2종근린생활시설,근린생활시설,0,102.48,102.48,19650416,1,0,서울특별시 영등포구 대림동 948번지
11560,13300,0,0948,0001,강남성심병원,952블럭 8노트,일반건축물,분뇨.쓰레기처리시설,폐기물수집장,0,64.55,64.55,20050523,1,0,서울특별시 영등포구 대림동 948-1번지
11560,13300,0,0948,0001,강남성심병원,,일반건축물,의료시설,"의료시설,종합병원",0,2104.93,10552.77,20040506,8,1,서울특별시 영등포구 대림동 948-1번지
11560,13300,0,0948,0001,강남성심병원,,일반건축물,의료시설,의료시설,8861,1907.03,15130.71,19791231,10,1,서울특별시 영등포구 대림동 948-1번지
11560,13300,0,0948,0001,한림대부속 강남성심병원,,일반건축물,자동차관련시설,자동차관련시설,0,0,825.61,20040506,1,1,서울특별시 영등포구 대림동 948-1번지
11560,13300,0,0948,0001,강남성심병원,952블럭 8노트,일반건축물,창고시설,공조실,0,21,21,20050523,1,0,서울특별시 영등포구 대림동 948-1번지
11560,13300,0,0948,0001,한림대부속 강남성심병원,,일반건축물,의료시설,가스정압기,0,0,19,19791231,1,0,서울특별시 영등포구 대림동 948-1번지
11560,13300,0,0948,0010,,,일반건축물,제2종근린생활시설,"제2종근린생활시설, 단독주택",219.01,129.69,536.79,20220927,5,1,서울특별시 영등포구 대림동 948-10번지
11560,13300,0,0948,0014,,,표제부,교육연구및복지시설,"교육연구및복지시설, 제1종근린생활시설",245,136.73,716.54,19900813,5,1,서울특별시 영등포구 대림동 948-14번지
11560,13300,0,0952,0005,,,일반건축물,제1종근린생활시설,근린생활시설,0,13.22,13.22,19650416,1,0,서울특별시 영등포구 대림동 952-5번지
11560,13300,0,0952,0007,,,일반건축물,제2종근린생활시설,근린생활시설,0,56.69,56.69,19530725,1,0,서울특별시 영등포구 대림동 952-7번지
11560,13300,0,0952,0013,,,일반건축물,제1종근린생활시설,"근린생활시설, 주택",0,52.35,271.13,19920909,4,1,서울특별시 영등포구 대림동 952-13번지
11560,13300,0,0952,0019,삼성YJ그랜드빌딩,,일반건축물,제1종근린생활시설,"업무시설, 근린생활시설",1700.4,717,6384.64,19930619,7,3,서울특별시 영등포구 대림동 952-19번지
11560,13300,0,0952,0019,삼성YJ그랜드빌딩,,일반건축물,제1종근린생활시설,"업무시설, 근린생활시설",1700.4,132.92,702.52,20140516,6,1,서울특별시 영등포구 대림동 952-19번지
11560,13300,0,0953,0002,,,일반건축물,단독주택,주택,0,78.58,78.58,19630119,1,0,서울특별시 영등포구 대림동 953-2번지
11560,13300,0,0953,0009,십장생,,표제부,공동주택,공동주택,196.31,116.72,428.61,20041030,4,0,서울특별시 영등포구 대림동 953-9번지
11560,13300,0,0954,0002,다온빌,,표제부,공동주택,공동주택,333,197.48,816.93,20170612,4,1,서울특별시 영등포구 대림동 954-2번지
11560,13300,0,0954,0004,,,일반건축물,단독주택,단독주택,240,141.8,329.79,20161102,3,0,서울특별시 영등포구 대림동 954-4번지
11560,13300,0,0954,0005,,,일반건축물,단독주택,단독주택,0,119.07,244.39,19900825,2,1,서울특별시 영등포구 대림동 954-5번지
11560,13300,0,0954,0006,,,일반건축물,제2종근린생활시설,"근린생활시설,다가구주택",174,84,295.29,20040702,5,0,서울특별시 영등포구 대림동 954-6번지
11560,13300,0,0954,0007,,,일반건축물,단독주택,단독주택(다가구주택8가구),241,144.39,480.18,20070730,4,0,서울특별시 영등포구 대림동 954-7번지
11560,13300,0,0954,0009,,,일반건축물,단독주택,다중주택,168.81,97.86,329.31,20170724,3,1,서울특별시 영등포구 대림동 954-9번지
11560,13300,0,0955,0001,,,표제부,공동주택,다세대주택,0,44.99,129.88,19880229,2,1,서울특별시 영등포구 대림동 955-1번지
11560,13300,0,0955,0003,,,일반건축물,단독주택,주택,165,81.18,271.46,19880923,3,1,서울특별시 영등포구 대림동 955-3번지
11560,13300,0,0955,0005,,,표제부,공동주택,다세대주택,0,82.5,247.5,19880224,2,1,서울특별시 영등포구 대림동 955-5번지
11560,13300,0,0956,0002,,,일반건축물,단독주택,다가구주택,165,88.47,295.45,19871130,3,1,서울특별시 영등포구 대림동 956-2번지
11560,13300,0,0956,0003,,,일반건축물,단독주택,다가구주택,176,81.79,297.77,19871130,3,1,서울특별시 영등포구 대림동 956-3번지
11560,13300,0,0956,0004,,,일반건축물,단독주택,주택,0,71.19,213.57,19880115,2,1,서울특별시 영등포구 대림동 956-4번지
11560,13300,0,0957,0001,,,일반건축물,단독주택,주택,0,71.2,222.24,19880823,2,1,서울특별시 영등포구 대림동 957-1번지
11560,13300,0,0957,0002,,,표제부,공동주택,"공동주택,다세대주택",277.51,166.44,799.48,20030714,4,1,서울특별시 영등포구 대림동 957-2번지
11560,13300,0,0957,0003,,,일반건축물,단독주택,주택,0,48.35,145.05,19891107,2,1,서울특별시 영등포구 대림동 957-3번지
11560,13300,0,0957,0005,,,일반건축물,단독주택,주택,0,43.95,131.85,19890125,2,1,서울특별시 영등포구 대림동 957-5번지
11560,13300,0,0957,0006,,,일반건축물,제1종근린생활시설,"근린생활시설, 주택",0,98.15,364.09,19880801,3,1,서울특별시 영등포구 대림동 957-6번지
11560,13300,0,0957,0008,,,일반건축물,단독주택,주택,0,47.56,146.86,19850720,2,1,서울특별시 영등포구 대림동 957-8번지
11560,13300,0,0957,0009,,,일반건축물,단독주택,제1종근린생활시설 및 다가구주택,100.73,59.55,153.5,20030702,3,0,서울특별시 영등포구 대림동 957-9번지
11560,13300,0,0957,0010,,,일반건축물,단독주택,주택,0,62.25,118.45,19651217,2,0,서울특별시 영등포구 대림동 957-10번지
11560,13300,0,0957,0014,,,일반건축물,제1종근린생활시설,근린생활시설,0,25.72,25.72,19651227,1,0,서울특별시 영등포구 대림동 957-14번지
11560,13300,0,0957,0015,,,표제부,공동주택,공동주택다세대주택,326.37,183.88,898.65,20021119,4,1,서울특별시 영등포구 대림동 957-15번지
11560,13300,0,0957,0016,데크빌,,표제부,공동주택,공동주택,279,167.28,838.05,20030107,4,1,서울특별시 영등포구 대림동 957-16번지
11560,13300,0,0958,0002,,,표제부,공동주택,연립주택,0,208.83,831.87,19860220,3,1,서울특별시 영등포구 대림동 958-2번지
11560,13300,0,0959,0000,대림중학교,,일반건축물,교육연구시설,교육연구및 복지시설,0,0,81.6,,1,0,서울특별시 영등포구 대림동 959번지
11560,13300,0,0959,0000,대림중학교,,일반건축물,교육연구시설,교육연구및복지시설,10693,2984.82,10119.71,,4,1,서울특별시 영등포구 대림동 959번지
11560,13300,0,0960,0004,,,표제부,제1종근린생활시설,"점포,사무실",0,839.77,2455.78,19691013,3,1,서울특별시 영등포구 대림동 960-4번지
11560,13300,0,0960,0005,,,일반건축물,제2종근린생활시설,근린생활시설,0,121.65,610.25,19690912,5,1,서울특별시 영등포구 대림동 960-5번지
11560,13300,0,0960,0006,,,일반건축물,제1종근린생활시설,근린생활시설,0,66.12,251.24,19681105,3,1,서울특별시 영등포구 대림동 960-6번지
11560,13300,0,0962,0004,,,표제부,제1종근린생활시설,영업용 및 병원사무실,0,634.28,888.83,19680806,2,0,서울특별시 영등포구 대림동 962-4번지
11560,13300,0,0962,0005,,,일반건축물,제1종근린생활시설,근린생활시설,0,151.07,485.91,19751222,3,1,서울특별시 영등포구 대림동 962-5번지
11560,13300,0,0963,0001,,,일반건축물,제2종근린생활시설,근린생활시설,331,174.55,718.36,19800821,3,1,서울특별시 영등포구 대림동 963-1번지
11560,13300,0,0963,0003,,,일반건축물,교육연구시설,"교육연구시설,영업",0,181.85,722.87,19691205,4,1,서울특별시 영등포구 대림동 963-3번지
11560,13300,0,0963,0007,,,일반건축물,단독주택,단독주택(다중주택),165,160.69,477.84,19700812,3,0,서울특별시 영등포구 대림동 963-7번지
11560,13300,0,0963,0008,,,일반건축물,판매시설,"근린생활시설, 시장",0,140.69,440.65,19710130,3,1,서울특별시 영등포구 대림동 963-8번지
11560,13300,0,0963,0009,,,일반건축물,제2종근린생활시설,"주택, 근린생활시설",0,86.94,326.27,19771230,3,1,서울특별시 영등포구 대림동 963-9번지
11560,13300,0,0964,0003,,,일반건축물,제1종근린생활시설,"주택, 근린생활시설",0,164.53,443.67,19701210,3,0,서울특별시 영등포구 대림동 964-3번지
11560,13300,0,0964,0005,,,일반건축물,제2종근린생활시설,"주택, 근린생활시설",0,97.52,195.04,19690612,2,0,서울특별시 영등포구 대림동 964-5번지
11560,13300,0,0964,0010,한림대학교강남성심병원,,일반건축물,의료시설,의료시설(병원),4465,1119.91,14293.94,20190730,7,6,서울특별시 영등포구 대림동 964-10번지
11560,13300,0,0964,0010,한림대학교강남성심병원,,일반건축물,의료시설,의료시설(병원),4465,789.35,11964.65,20190730,5,6,서울특별시 영등포구 대림동 964-10번지
11560,13300,0,0965,0001,,,일반건축물,종교시설,"종교시설, 교육연구및 복지시설",730.3,414.77,1065.98,19920916,2,2,서울특별시 영등포구 대림동 965-1번지
11560,13300,0,0965,0005,,,일반건축물,제1종근린생활시설,점포,0,232.4,484.63,19690830,2,1,서울특별시 영등포구 대림동 965-5번지
11560,13300,0,0965,0006,,,일반건축물,제1종근린생활시설,"근린생활시설, 주택",204.46,115.2,486.42,19951229,4,1,서울특별시 영등포구 대림동 965-6번지
11560,13300,0,0965,0012,,,일반건축물,단독주택,단독주택,127.6,76.39,218.79,20110316,3,0,서울특별시 영등포구 대림동 965-12번지
11560,13300,0,0965,0013,,,일반건축물,제1종근린생활시설,"주택, 근린생활시설",116,53,170.1,19851014,3,1,서울특별시 영등포구 대림동 965-13번지
11560,13300,0,0965,0014,,,일반건축물,제1종근린생활시설,"주택, 근린생활시설",0,39.67,79.34,19690612,2,0,서울특별시 영등포구 대림동 965-14번지
11560,13300,0,0967,0001,,,일반건축물,제2종근린생활시설,보일러실,0,39.67,39.67,19690124,1,0,서울특별시 영등포구 대림동 967-1번지
11560,13300,0,0967,0001,,,표제부,제1종근린생활시설,점포,0,45.06,45.06,19710125,1,0,서울특별시 영등포구 대림동 967-1번지
11560,13300,0,0967,0001,,,표제부,공동주택,아파트및점포,0,938.02,2732.24,19710125,2,1,서울특별시 영등포구 대림동 967-1번지
11560,13300,0,0967,0002,테라펠리체대림A동,,표제부,공동주택,공동주택,607.88,184.69,539.34,20240925,5,0,서울특별시 영등포구 대림동 967-2번지
11560,13300,0,0967,0002,테라펠리체대림B동,,표제부,공동주택,공동주택,607.88,172.19,476.5,20240925,5,0,서울특별시 영등포구 대림동 967-2번지
11560,13300,0,0967,0007,*,,표제부,제1종근린생활시설,"점포, 주택",0,347.14,374.64,19710125,2,0,서울특별시 영등포구 대림동 967-7번지
11560,13300,0,0970,0001,서울신대림초등학교,,일반건축물,교육연구시설,교육연구시설,9009,2253.58,6154.23,19941105,4,1,서울특별시 영등포구 대림동 970-1번지
11560,13300,0,0970,0001,,,일반건축물,운동시설,체육관,0,0,1323.73,,2,0,서울특별시 영등포구 대림동 970-1번지
11560,13300,0,0972,0001,,,일반건축물,단독주택,주택,0,61.69,61.69,,1,0,서울특별시 영등포구 대림동 972-1번지
11560,13300,0,0972,0004,,,일반건축물,단독주택,단독주택,0,50.09,153.5,19910819,2,1,서울특별시 영등포구 대림동 972-4번지
11560,13300,0,0972,0005,,,일반건축물,단독주택,단독주택,0,49.23,147.69,19900709,2,1,서울특별시 영등포구 대림동 972-5번지
11560,13300,0,0972,0006,,,일반건축물,단독주택,"근린생활시설,다가구주택",165,96.09,368.37,20021023,4,0,서울특별시 영등포구 대림동 972-6번지
11560,13300,0,0972,0007,,,표제부,공동주택,연립주택 외1건,612,350.41,1999.31,19980713,5,1,서울특별시 영등포구 대림동 972-7번지
11560,13300,0,0972,0012,,,일반건축물,단독주택,다가구용단독주택(5가구),83,43.01,115.15,19940506,2,1,서울특별시 영등포구 대림동 972-12번지
11560,13300,0,0972,0013,,,일반건축물,단독주택,단독주택,0,49.77,148.5,19900709,2,1,서울특별시 영등포구 대림동 972-13번지
11560,13300,0,0973,0002,,,일반건축물,단독주택,주택,0,45.27,139.17,19900521,2,1,서울특별시 영등포구 대림동 973-2번지
11560,13300,0,0973,0006,,,일반건축물,단독주택,단독주택,175,104.74,447.31,20180806,4,1,서울특별시 영등포구 대림동 973-6번지
11560,13300,0,0973,0007,,,일반건축물,단독주택,다가구용단독주택(5가구),0,72.74,204.62,19920826,2,1,서울특별시 영등포구 대림동 973-7번지
11560,13300,0,0973,0010,,,일반건축물,단독주택,다가구용단독주택(8가구),0,81.34,314.49,19901220,3,1,서울특별시 영등포구 대림동 973-10번지
11560,13300,0,0973,0011,,,일반건축물,제2종근린생활시설,제2종근린생활시설,0,65.28,199.44,19841016,2,1,서울특별시 영등포구 대림동 973-11번지
11560,13300,0,0973,0012,,,일반건축물,단독주택,다가구주택7가구,126.45,75.19,283.39,19930127,3,1,서울특별시 영등포구 대림동 973-12번지
11560,13300,0,0973,0015,,,일반건축물,단독주택,주택,0,74.51,139.31,19701022,2,1,서울특별시 영등포구 대림동 973-15번지
11560,13300,0,0973,0016,,,일반건축물,단독주택,주택,0,70.64,115.77,19701120,2,1,서울특별시 영등포구 대림동 973-16번지
11560,13300,0,0973,0017,,,일반건축물,단독주택,다중주택,147.6,88.24,323.56,20100726,3,1,서울특별시 영등포구 대림동 973-17번지
11560,13300,0,0973,0018,,,일반건축물,단독주택,주택,0,73.22,228.86,19890720,2,1,서울특별시 영등포구 대림동 973-18번지
11560,13300,0,0973,0019,조롱박 작은도서관,,일반건축물,제1종근린생활시설,공공도서관,172,90.51,198.62,20230316,3,0,서울특별시 영등포구 대림동 973-19번지
11560,13300,0,0973,0020,대림1동 주민공동이용시설,,일반건축물,제1종근린생활시설,제1종근린생활시설(마을회관),192,103.8,196.8,20230310,2,0,서울특별시 영등포구 대림동 973-20번지
11560,13300,0,0973,0025,해맑은,,일반건축물,단독주택,단독주택,159,85.66,315.39,20170726,4,0,서울특별시 영등포구 대림동 973-25번지
11560,13300,0,0973,0026,,,일반건축물,단독주택,단독주택,145,85.78,271.21,19930108,3,1,서울특별시 영등포구 대림동 973-26번지
11560,13300,0,0973,0027,,,일반건축물,단독주택,다가구주택(5가구),145,86.11,245.52,19921230,2,1,서울특별시 영등포구 대림동 973-27번지
11560,13300,0,0973,0028,,,일반건축물,단독주택,다가구용단독주택,123.25,68.74,267.88,19971224,4,0,서울특별시 영등포구 대림동 973-28번지
11560,13300,0,0973,0034,,,일반건축물,단독주택,다가구용단독주택(6가구),0,66.36,199.08,19920918,2,1,서울특별시 영등포구 대림동 973-34번지
11560,13300,0,0973,0035,,,일반건축물,단독주택,주택,0,70.91,135.82,19740628,2,1,서울특별시 영등포구 대림동 973-35번지
11560,13300,0,0973,0036,,,일반건축물,단독주택,단독주택,163.9,89.04,329.88,20101012,3,1,서울특별시 영등포구 대림동 973-36번지
11560,13300,0,0973,0038,,,일반건축물,단독주택,주택,0,78.51,90.08,19710520,1,1,서울특별시 영등포구 대림동 973-38번지
11560,13300,0,0973,0039,,,일반건축물,단독주택,"주택, 점포",66,56.84,136.2,19710520,3,0,서울특별시 영등포구 대림동 973-39번지
11560,13300,0,0973,0044,,,일반건축물,단독주택,단독주택,0,51.18,153.54,19910109,2,1,서울특별시 영등포구 대림동 973-44번지
11560,13300,0,0973,0045,,,일반건축물,단독주택,주택,0,64,126.93,19740712,2,1,서울특별시 영등포구 대림동 973-45번지
11560,13300,0,0973,0046,,,일반건축물,단독주택,다가구용단독주택(6가구),0,66.09,197.28,19920904,2,1,서울특별시 영등포구 대림동 973-46번지
11560,13300,0,0973,0047,,,일반건축물,제2종근린생활시설,"주택, 근린생활시설",0,72.76,144.53,19740629,2,1,서울특별시 영등포구 대림동 973-47번지
11560,13300,0,0973,0048,,,일반건축물,단독주택,단독주택,139.4,83.52,236.89,20040329,3,0,서울특별시 영등포구 대림동 973-48번지
11560,13300,0,0973,0049,,,일반건축물,단독주택,다가구용단독주택,0,58.05,182.88,19901029,2,1,서울특별시 영등포구 대림동 973-49번지
11560,13300,0,0973,0050,,,일반건축물,단독주택,"단독주택,다가구주택",145,86.17,228.31,20040318,3,0,서울특별시 영등포구 대림동 973-50번지
11560,13300,0,0973,0051,,,일반건축물,단독주택,다가구용단독주택(5가구),116,66.75,192.82,19940810,2,1,서울특별시 영등포구 대림동 973-51번지
11560,13300,0,0973,0052,,,일반건축물,단독주택,주택,0,80.13,165.2,19740628,2,1,서울특별시 영등포구 대림동 973-52번지
11560,13300,0,0973,0053,,,일반건축물,단독주택,주택,0,57.9,173.7,19891004,2,1,서울특별시 영등포구 대림동 973-53번지
11560,13300,0,0973,0054,,,일반건축물,단독주택,단독주택,182,104.94,307.04,20040816,3,0,서울특별시 영등포구 대림동 973-54번지
11560,13300,0,0973,0056,,,일반건축물,단독주택,단독주택,182.22,107.87,300.06,20040816,3,0,서울특별시 영등포구 대림동 973-56번지
11560,13300,0,0974,0001,늘푸른아파트,,표제부,공동주택,아파트,980.03,484.21,2002.52,20080723,8,1,서울특별시 영등포구 대림동 974-1번지
11560,13300,0,0974,0007,늘푸른빌,,표제부,공동주택,다세대주택,232,138.66,462.42,20090511,5,0,서울특별시 영등포구 대림동 974-7번지
11560,13300,0,0975,0001,,,일반건축물,단독주택,주택(6가구),108.11,69.99,233.08,19731204,3,1,서울특별시 영등포구 대림동 975-1번지
11560,13300,0,0975,0003,,,일반건축물,단독주택,단독주택,0,49.57,148.71,19900627,2,1,서울특별시 영등포구 대림동 975-3번지
11560,13300,0,0975,0004,,,일반건축물,단독주택,주택,0,56.86,96.33,19690805,2,0,서울특별시 영등포구 대림동 975-4번지
11560,13300,0,0975,0005,,,일반건축물,단독주택,단독주택,63.8,40.23,96.84,19930928,2,1,서울특별시 영등포구 대림동 975-5번지
11560,13300,0,0975,0006,,,일반건축물,단독주택,단독주택,69.86,45.63,107.14,19930928,2,1,서울특별시 영등포구 대림동 975-6번지
11560,13300,0,0975,0009,,,일반건축물,단독주택,다가구용단독주택(3가구),0,36.32,108.96,19910307,2,1,서울특별시 영등포구 대림동 975-9번지
11560,13300,0,0975,0010,,,일반건축물,단독주택,다가구용단독주택(5가구),0,56.02,177.49,19910311,2,1,서울특별시 영등포구 대림동 975-10번지
11560,13300,0,0975,0011,,,일반건축물,단독주택,단독주택,0,55.04,174.92,19901227,2,1,서울특별시 영등포구 대림동 975-11번지
11560,13300,0,0975,0012,,,일반건축물,단독주택,다가구주택(5가구),111.2,66.22,179.22,19941226,2,1,서울특별시 영등포구 대림동 975-12번지
11560,13300,0,0975,0013,,,일반건축물,단독주택,주택,106,65.76,119.48,19680617,2,1,서울특별시 영등포구 대림동 975-13번지
11560,13300,0,0975,0014,서희VILL,,일반건축물,단독주택,단독주택,113.3,67.64,207.24,20180212,4,0,서울특별시 영등포구 대림동 975-14번지
11560,13300,0,0975,0015,,,일반건축물,단독주택,단독주택,115.77,66.32,216.08,20171124,3,1,서울특별시 영등포구 대림동 975-15번지
11560,13300,0,0975,0016,,,일반건축물,단독주택,"주택, 근린생활시설",0,88.92,170.88,19720509,2,1,서울특별시 영등포구 대림동 975-16번지
11560,13300,0,0975,0017,,,일반건축물,단독주택,주택,0,52.93,96.64,19700320,2,1,서울특별시 영등포구 대림동 975-17번지
11560,13300,0,0975,0018,,,일반건축물,단독주택,다가구용단독주택(5가구),115,68.56,168.87,19930727,2,1,서울특별시 영등포구 대림동 975-18번지
11560,13300,0,0975,0019,,,일반건축물,단독주택,단독주택,0,49.85,149.55,19920612,2,1,서울특별시 영등포구 대림동 975-19번지
11560,13300,0,0975,0022,,,일반건축물,단독주택,단독주택(다중주택),197.3,116.38,389.73,20190711,4,0,서울특별시 영등포구 대림동 975-22번지
11560,13300,0,0975,0023,,,일반건축물,단독주택,단독주택(다중주택),107.7,64.26,206.55,20191219,4,0,서울특별시 영등포구 대림동 975-23번지
11560,13300,0,0975,0024,,,일반건축물,단독주택,주택,0,53.97,161.91,19890923,2,1,서울특별시 영등포구 대림동 975-24번지
11560,13300,0,0975,0025,,,일반건축물,단독주택,"근린생활시설, 다가구용단독주택(2가구)",109,64.5,251,19960913,3,1,서울특별시 영등포구 대림동 975-25번지
11560,13300,0,0975,0026,,,일반건축물,단독주택,주택,0,55.87,95.21,19691201,2,0,서울특별시 영등포구 대림동 975-26번지
11560,13300,0,0975,0027,,,일반건축물,단독주택,주택,0,63.48,128.98,19740803,2,1,서울특별시 영등포구 대림동 975-27번지
11560,13300,0,0975,0028,,,일반건축물,단독주택,주택,0,64.3,125.09,19750704,2,1,서울특별시 영등포구 대림동 975-28번지
11560,13300,0,0975,0029,,,일반건축물,단독주택,단독주택,107.7,63.43,199.53,20180405,3,1,서울특별시 영등포구 대림동 975-29번지
11560,13300,0,0975,0030,,,일반건축물,단독주택,"다가구주택,근린생활시설",139,78.58,188.34,19740824,3,1,서울특별시 영등포구 대림동 975-30번지
11560,13300,0,0975,0031,,,일반건축물,단독주택,다가구용단독주택,143.36,85.74,222.81,19971121,2,1,서울특별시 영등포구 대림동 975-31번지
11560,13300,0,0975,0032,,,일반건축물,단독주택,다가구주택(5가구),163.23,96,254.34,19941008,2,1,서울특별시 영등포구 대림동 975-32번지
11560,13300,0,0975,0033,,,일반건축물,단독주택,주택,0,71.12,147.42,19701105,2,1,서울특별시 영등포구 대림동 975-33번지
11560,13300,0,0975,0034,,,일반건축물,단독주택,다가구용단독주택(6가구),99.1,59.18,187.34,19931105,3,1,서울특별시 영등포구 대림동 975-34번지
11560,13300,0,0975,0035,,,일반건축물,단독주택,다가구용단독주택(5가구),99.13,59.35,165.55,19931105,2,1,서울특별시 영등포구 대림동 975-35번지
11560,13300,0,0975,0036,,,일반건축물,단독주택,다가구주택(5가구),111.91,64.09,171.75,19930812,2,1,서울특별시 영등포구 대림동 975-36번지
11560,13300,0,0975,0039,,,일반건축물,단독주택,단독주택(다중주택),138.24,82.64,275.54,20190710,4,0,서울특별시 영등포구 대림동 975-39번지
11560,13300,0,0975,0040,,,일반건축물,제2종근린생활시설,"주택, 근린생활시설",0,70.45,143.11,19770630,2,1,서울특별시 영등포구 대림동 975-40번지
11560,13300,0,0975,0044,,,일반건축물,단독주택,주택,0,67.86,203.58,19891020,2,1,서울특별시 영등포구 대림동 975-44번지
11560,13300,0,0975,0045,,,일반건축물,단독주택,주택,0,59.18,177.54,19881114,2,1,서울특별시 영등포구 대림동 975-45번지
11560,13300,0,0975,0046,,,일반건축물,단독주택,주택,0,55.65,177.63,19881104,2,1,서울특별시 영등포구 대림동 975-46번지
11560,13300,0,0975,0047,,,일반건축물,단독주택,다가구주택(5가구),130.4,77.43,329.9,19970613,4,1,서울특별시 영등포구 대림동 975-47번지
11560,13300,0,0975,0048,,,일반건축물,단독주택,단독주택(다중주택),116.3,67.6,260.4,20170905,3,1,서울특별시 영등포구 대림동 975-48번지
11560,13300,0,0975,0050,,,일반건축물,단독주택,단독주택,130.46,77.64,289.32,20120111,3,1,서울특별시 영등포구 대림동 975-50번지
11560,13300,0,0975,0055,,,일반건축물,단독주택,주택,0,57.39,57.39,19700106,1,0,서울특별시 영등포구 대림동 975-55번지
11560,13300,0,0975,0059,,,일반건축물,단독주택,다가구용단독주택(5가구),0,49.51,151.5,19901022,2,1,서울특별시 영등포구 대림동 975-59번지
11560,13300,0,0975,0065,,,일반건축물,단독주택,다가구용단독주택(5가구),0,49.51,151.5,19901120,2,1,서울특별시 영등포구 대림동 975-65번지
11560,13300,0,0975,0066,,,일반건축물,단독주택,다가구용단독주택,106,49.06,166.35,19910225,3,1,서울특별시 영등포구 대림동 975-66번지
11560,13300,0,0975,0069,,,일반건축물,단독주택,단독주택(다중주택),144,85.77,299.43,20190710,3,1,서울특별시 영등포구 대림동 975-69번지
11560,13300,0,0976,0003,신대림아트빌,,표제부,공동주택,"공동주택,다세대주택",0,184.44,655.2,20030826,5,0,서울특별시 영등포구 대림동 976-3번지
11560,13300,0,0976,0003,신대림아트빌,,표제부,공동주택,"공동주택,다세대주택",0,184.44,655.2,20030826,5,0,서울특별시 영등포구 대림동 976-3번지
11560,13300,0,0976,0007,,,표제부,공동주택,다세대주택,277,164.75,589.71,20040325,5,0,서울특별시 영등포구 대림동 976-7번지
11560,13300,0,0976,0009,,,일반건축물,제2종근린생활시설,"주택, 근린생활시설",0,81.03,174.81,19770701,2,1,서울특별시 영등포구 대림동 976-9번지
11560,13300,0,0976,0010,,,일반건축물,의료시설,의료시설,152,88.76,396.22,20240704,5,1,서울특별시 영등포구 대림동 976-10번지
11560,13300,0,0976,0011,,,일반건축물,제1종근린생활시설,"주택, 근린생활시설",0,101.59,191.74,19770706,2,1,서울특별시 영등포구 대림동 976-11번지
11560,13300,0,0976,0017,,,일반건축물,단독주택,"제2종근린생활시설[사무소],단독[다중]주택",158.7,94,399.06,20210512,5,1,서울특별시 영등포구 대림동 976-17번지
11560,13300,0,0976,0020,,,일반건축물,단독주택,단독주택용다가구(7가구),149.28,89.31,271.58,19931122,3,1,서울특별시 영등포구 대림동 976-20번지
11560,13300,0,0976,0023,,,일반건축물,단독주택,단독주택용다가구(5가구),152.12,91.17,266.01,19940119,2,1,서울특별시 영등포구 대림동 976-23번지
11560,13300,0,0976,0026,,,일반건축물,단독주택,단독주택(다중주택),110.63,65.79,206.51,20190219,3,1,서울특별시 영등포구 대림동 976-26번지
11560,13300,0,0976,0027,,,일반건축물,단독주택,단독주택 및 제2종근린생활시설,152.7,91.41,301.48,20111228,5,0,서울특별시 영등포구 대림동 976-27번지
11560,13300,0,0976,0029,,,일반건축물,단독주택,다가구용단독주택(7가구),155,92.97,331.8,19951229,3,1,서울특별시 영등포구 대림동 976-29번지
11560,13300,0,0976,0031,,,일반건축물,단독주택,다가구용단독주택(5가구),149,87.86,254.75,19951220,2,1,서울특별시 영등포구 대림동 976-31번지
11560,13300,0,0976,0033,,,일반건축물,단독주택,다가구용단독주택,155,92.58,256.68,19930709,2,1,서울특별시 영등포구 대림동 976-33번지
11560,13300,0,0976,0035,,,일반건축물,단독주택,주택,0,77.75,161.98,19770811,2,1,서울특별시 영등포구 대림동 976-35번지
11560,13300,0,0976,0036,,,일반건축물,단독주택,다가구주택(9가구),162,162,345.46,19940531,3,1,서울특별시 영등포구 대림동 976-36번지
11560,13300,0,0976,0037,,,일반건축물,단독주택,다가구주택(9가구),155,92.73,323.33,19940204,4,1,서울특별시 영등포구 대림동 976-37번지
11560,13300,0,0976,0038,,,일반건축물,단독주택,다가구주택(7가구),162,96.26,291.03,19941015,3,1,서울특별시 영등포구 대림동 976-38번지
11560,13300,0,0976,0039,,,일반건축물,단독주택,다가구주택(5가구),155,92.77,259.36,19940208,2,1,서울특별시 영등포구 대림동 976-39번지
11560,13300,0,0976,0040,,,일반건축물,단독주택,"주택, 근린생활시설",0,84.96,183.8,19770916,2,1,서울특별시 영등포구 대림동 976-40번지
11560,13300,0,0976,0041,,,표제부,공동주택,"공동주택,다세대주택",159,94.95,303.16,20040217,4,0,서울특별시 영등포구 대림동 976-41번지
11560,13300,0,0976,0042,,,일반건축물,단독주택,"다가구주택, 근린생활시설",170.96,95.87,364.73,19951026,3,1,서울특별시 영등포구 대림동 976-42번지
11560,13300,0,0976,0043,대림빌라,,일반건축물,단독주택,다가구주택(5가구),152,90.5,287.97,20020806,4,0,서울특별시 영등포구 대림동 976-43번지
11560,13300,0,0976,0044,,,일반건축물,단독주택,다가구주택(9가구),152,87.18,239.43,19940915,2,1,서울특별시 영등포구 대림동 976-44번지
11560,13300,0,0976,0045,,,일반건축물,단독주택,다중주택,152,90.73,299.36,20100722,3,1,서울특별시 영등포구 대림동 976-45번지
11560,13300,0,0976,0046,,,일반건축물,제1종근린생활시설,"점포,주택",0,83.97,175.87,19780119,2,1,서울특별시 영등포구 대림동 976-46번지
11560,13300,0,0976,0047,,,일반건축물,의료시설,의료시설,760,438.71,1981.07,20121012,4,2,서울특별시 영등포구 대림동 976-47번지
11560,13300,0,0976,0052,,,일반건축물,제2종근린생활시설,근린생활시설,0,0,250.91,19771005,3,1,서울특별시 영등포구 대림동 976-52번지
11560,13300,0,0976,0053,,,일반건축물,단독주택,단독주택,0,96.36,269.61,19910911,2,1,서울특별시 영등포구 대림동 976-53번지
11560,13300,0,0976,0061,,,일반건축물,제2종근린생활시설,근린생활시설,0,58.18,126.94,19770829,2,1,서울특별시 영등포구 대림동 976-61번지
11560,13300,0,0976,0062,,,표제부,공동주택,"제1종근린생활시설,다세대주택",192.1,113.85,413.42,20031215,4,0,서울특별시 영등포구 대림동 976-62번지
11560,13300,0,0976,0064,,,표제부,공동주택,"공동주택,다세대주택",251,150.5,590.88,20040311,5,0,서울특별시 영등포구 대림동 976-64번지
11560,13300,0,0976,0065,,,표제부,공동주택,다세대주택,256,145.47,511.89,20040330,5,0,서울특별시 영등포구 대림동 976-65번지
11560,13300,0,0976,0066,,,일반건축물,단독주택,단독주택,92.04,54.47,108.94,20031014,2,0,서울특별시 영등포구 대림동 976-66번지
11560,13300,0,0977,0005,,,일반건축물,제1종근린생활시설,"근린생활시설, 주택",0,139.37,338.87,19710504,3,1,서울특별시 영등포구 대림동 977-5번지
11560,13300,0,0978,0013,대림성모병원,,일반건축물,의료시설,의료시설,2925.43,1336.88,9891.96,19740824,12,1,서울특별시 영등포구 대림동 978-13번지
11560,13300,0,0978,0013,대림성모병원,,일반건축물,자동차관련시설,자동차관련시설,0,122.83,122.83,20040701,1,0,서울특별시 영등포구 대림동 978-13번지
11560,13300,0,0978,0013,대림성모병원,,일반건축물,의료시설,의료시설,0,12.1,12.1,20040701,1,0,서울특별시 영등포구 대림동 978-13번지
11560,13300,0,0978,0013,대림성모병원,,일반건축물,의료시설,의료시설,0,9.68,9.68,20040701,1,0,서울특별시 영등포구 대림동 978-13번지
11560,13300,0,0978,0015,,,일반건축물,제1종근린생활시설,영업용,0,0,178.5,19670801,2,0,서울특별시 영등포구 대림동 978-15번지
11560,13300,0,0978,0017,,,일반건축물,제1종근린생활시설,근린생활시설,106,96.6,316.41,19701105,3,1,서울특별시 영등포구 대림동 978-17번지
11560,13300,0,0978,0018,,,일반건축물,제2종근린생활시설,"근린생활시설, 주택",0,92.96,294.72,19691120,3,1,서울특별시 영등포구 대림동 978-18번지
11560,13300,0,0980,0008,,,일반건축물,단독주택,주택,0,39.01,39.01,19641001,1,0,서울특별시 영등포구 대림동 980-8번지
11560,13300,0,0986,0000,,,일반건축물,단독주택,"근린생활시설, 주택",185.62,98.94,319.14,19800502,3,1,서울특별시 영등포구 대림동 986번지
11560,13300,0,0986,0005,,,일반건축물,단독주택,주택,0,74.05,162.98,19780721,2,1,서울특별시 영등포구 대림동 986-5번지
11560,13300,0,0986,0006,,,일반건축물,단독주택,주택,198,93.92,297.66,19780725,3,1,서울특별시 영등포구 대림동 986-6번지
11560,13300,0,0986,0007,,,일반건축물,제2종근린생활시설,"제2종근린생활시설, 주택",200,105.65,382.05,19780923,3,1,서울특별시 영등포구 대림동 986-7번지
11560,13300,0,0987,0001,,,일반건축물,단독주택,단독주택 및 근린생활시설,157.52,78.06,310.01,20171024,6,0,서울특별시 영등포구 대림동 987-1번지
11560,13300,0,0987,0004,,,일반건축물,단독주택,다가구주택(8가구),234.67,139.99,349.65,19930612,2,1,서울특별시 영등포구 대림동 987-4번지
11560,13300,0,0987,0005,,,일반건축물,제2종근린생활시설,"주택, 근린생활시설",0,79.11,158.22,19730827,2,0,서울특별시 영등포구 대림동 987-5번지
11560,13300,0,0987,0006,,,일반건축물,단독주택,주택,179.19,103.52,333.79,19850926,3,1,서울특별시 영등포구 대림동 987-6번지
11560,13300,0,0987,0008,미도빌라,,표제부,공동주택,다세대주택,0,58.45,178.32,19870113,2,1,서울특별시 영등포구 대림동 987-8번지
11560,13300,0,0987,0009,,,일반건축물,단독주택,"주택, 근린생활시설",0,116.5,243.87,19740109,2,1,서울특별시 영등포구 대림동 987-9번지
11560,13300,0,0987,0012,,,일반건축물,제1종근린생활시설,"근린생활시설, 주택",0,75.08,313.07,19900517,3,1,서울특별시 영등포구 대림동 987-12번지
11560,13300,0,0987,0014,,,일반건축물,단독주택,다가구용단독주택(7가구),128.83,76.15,292.53,19961107,3,1,서울특별시 영등포구 대림동 987-14번지
11560,13300,0,0987,0016,,,일반건축물,단독주택,다가구용단독주택(6가구),129.3,76.71,281.38,19960924,3,1,서울특별시 영등포구 대림동 987-16번지
11560,13300,0,0987,0019,,,일반건축물,단독주택,주택(9가구),160,93.33,259.49,19890113,2,1,서울특별시 영등포구 대림동 987-19번지
11560,13300,0,0987,0020,,,일반건축물,단독주택,다가구주택(7가구),140.45,84.22,286.92,19940217,3,1,서울특별시 영등포구 대림동 987-20번지
11560,13300,0,0987,0021,대림그린빌,,표제부,공동주택,다세대주택,149,89.24,305.3,20011130,4,0,서울특별시 영등포구 대림동 987-21번지
11560,13300,0,0987,0022,레이나,,표제부,공동주택,다세대주택,291,173.91,540.8,20141203,5,0,서울특별시 영등포구 대림동 987-22번지
11560,13300,0,0987,0024,,,표제부,공동주택,다세대주택(8세대),299.71,166.43,642.44,20020226,4,0,서울특별시 영등포구 대림동 987-24번지
11560,13300,0,0987,0026,,,일반건축물,단독주택,주택,0,73.89,221.67,19860521,2,1,서울특별시 영등포구 대림동 987-26번지
11560,13300,0,0987,0027,,,일반건축물,단독주택,다가구주택(7가구),145,86.96,221.85,19931022,3,1,서울특별시 영등포구 대림동 987-27번지
11560,13300,0,0987,0029,미도빌라,,표제부,공동주택,다세대주택,0,81,243,19870706,2,1,서울특별시 영등포구 대림동 987-29번지
11560,13300,0,0987,0029,미도빌라,,표제부,공동주택,다세대주택,0,81,243,19870706,2,1,서울특별시 영등포구 대림동 987-29번지
11560,13300,0,0987,0031,,,일반건축물,단독주택,주택,0,80.1,236.79,19890308,2,1,서울특별시 영등포구 대림동 987-31번지
11560,13300,0,0988,0002,,,일반건축물,숙박시설,"숙박시설,근린생활시설",371,186.57,907.23,19830829,4,1,서울특별시 영등포구 대림동 988-2번지
11560,13300,0,0988,0003,,,일반건축물,단독주택,단독주택 및 근린생활시설,231,131.59,461.52,20150423,5,0,서울특별시 영등포구 대림동 988-3번지
11560,13300,0,0988,0006,,,일반건축물,단독주택,다가구용단독주택(5가구),0,80.73,242.19,19920916,2,1,서울특별시 영등포구 대림동 988-6번지
11560,13300,0,0988,0007,,,일반건축물,단독주택,다가구용단독주택(6가구),145,86.33,246.8,19931027,3,1,서울특별시 영등포구 대림동 988-7번지
11560,13300,0,0988,0008,,,일반건축물,단독주택,다가구주택(5가구),149,87.93,241.19,19931106,2,1,서울특별시 영등포구 대림동 988-8번지
11560,13300,0,0988,0009,,,일반건축물,단독주택,주택,0,73.86,221.58,19860507,2,1,서울특별시 영등포구 대림동 988-9번지
11560,13300,0,0988,0010,,,일반건축물,단독주택,다중주택,146.1,87.11,298.76,20110706,3,1,서울특별시 영등포구 대림동 988-10번지
11560,13300,0,0988,0011,,,일반건축물,단독주택,단독주택,137.02,81.6,283.34,20110415,3,1,서울특별시 영등포구 대림동 988-11번지
11560,13300,0,0988,0012,,,표제부,공동주택,연립주택,0,215.97,476.47,19761110,2,1,서울특별시 영등포구 대림동 988-12번지
11560,13300,0,0988,0015,,,일반건축물,단독주택,다가구용단독주택(5가구),0,58.7,176.1,19910703,2,1,서울특별시 영등포구 대림동 988-15번지
11560,13300,0,0988,0017,,,일반건축물,단독주택,주택,0,65.48,200.4,19920409,2,1,서울특별시 영등포구 대림동 988-17번지
11560,13300,0,0988,0019,,,일반건축물,단독주택,다가구용단독주택(6가구),0,74.38,222.6,19900913,2,1,서울특별시 영등포구 대림동 988-19번지
11560,13300,0,0988,0021,,,일반건축물,단독주택,단독주택,122,73.13,219.39,19971103,3,0,서울특별시 영등포구 대림동 988-21번지
11560,13300,0,0988,0022,,,일반건축물,단독주택,주택,0,55.89,167.67,19880709,2,1,서울특별시 영등포구 대림동 988-22번지
11560,13300,0,0988,0023,,,일반건축물,단독주택,다가구주택(6가구),106,63.4,228.94,19941223,3,1,서울특별시 영등포구 대림동 988-23번지
11560,13300,0,0988,0024,,,일반건축물,단독주택,"근린생활시설, 주택",0,59.37,117.42,19750904,2,0,서울특별시 영등포구 대림동 988-24번지
11560,13300,0,0988,0025,,,일반건축물,제1종근린생활시설,근린생활시설,0,118.35,272.41,19750904,2,1,서울특별시 영등포구 대림동 988-25번지
11560,13300,0,0988,0044,,,일반건축물,제2종근린생활시설,근린생활시설,841,730.98,1743.05,19831227,4,1,서울특별시 영등포구 대림동 988-44번지
11560,13300,0,0989,0000,,,일반건축물,제2종근린생활시설,"근린생활시설, 창고",0,243.64,243.64,19691031,1,0,서울특별시 영등포구 대림동 989번지
11560,13300,0,0989,0003,,,일반건축물,제1종근린생활시설,근린생활시설,0,82.53,204.39,19730825,3,1,서울특별시 영등포구 대림동 989-3번지
11560,13300,0,0989,0010,,,일반건축물,제2종근린생활시설,근린생활시설,732.9,522.18,1833.98,19750722,4,1,서울특별시 영등포구 대림동 989-10번지
11560,13300,0,0990,0001,대림메디컬,,일반건축물,제1종근린생활시설,제1종근린생활시설,548.5,261.63,1687.57,20200325,5,1,서울특별시 영등포구 대림동 990-1번지
11560,13300,0,0990,0004,,,표제부,제2종근린생활시설,근린생활시설,0,522.09,1979.97,19791226,3,1,서울특별시 영등포구 대림동 990-4번지
11560,13300,0,0990,0006,,,일반건축물,제2종근린생활시설,"근린생활시설, 주택",0,119.91,218.16,19670730,2,1,서울특별시 영등포구 대림동 990-6번지
11560,13300,0,0990,0007,,,일반건축물,단독주택,주택,0,102.48,204.96,19670831,2,0,서울특별시 영등포구 대림동 990-7번지
11560,13300,0,0990,0007,,,일반건축물,단독주택,주택,0,63.6,122.35,19761109,2,1,서울특별시 영등포구 대림동 990-7번지
11560,13300,0,0990,0009,,,일반건축물,제2종근린생활시설,"주택, 영업용",0,148.76,349.6,19670831,3,0,서울특별시 영등포구 대림동 990-9번지
11560,13300,0,0990,0010,,,일반건축물,제1종근린생활시설,"근린생활시설, 주택",0,0,1565.6,19830107,3,1,서울특별시 영등포구 대림동 990-10번지
11560,13300,0,0990,0011,,,일반건축물,단독주택,주택,0,43.97,97.86,19671229,2,1,서울특별시 영등포구 대림동 990-11번지
11560,13300,0,0990,0012,,,일반건축물,단독주택,다가구용단독주택(7가구),0,71.72,215.16,19900929,2,1,서울특별시 영등포구 대림동 990-12번지
11560,13300,0,0990,0014,,,일반건축물,공장,공장,0,451.24,766.61,19631001,2,0,서울특별시 영등포구 대림동 990-14번지
11560,13300,0,0990,0014,,,일반건축물,단독주택,주택,0,96.56,169.64,19701109,2,1,서울특별시 영등포구 대림동 990-14번지
11560,13300,0,0990,0015,,,일반건축물,단독주택,주택,0,82.45,176.94,19740806,2,1,서울특별시 영등포구 대림동 990-15번지
11560,13300,0,0990,0016,,,일반건축물,제2종근린생활시설,근린생활시설,0,110.4,373.2,19831104,3,1,서울특별시 영등포구 대림동 990-16번지
11560,13300,0,0990,0017,,,일반건축물,숙박시설,근린생활시설,0,204.34,583.88,19701207,3,1,서울특별시 영등포구 대림동 990-17번지
11560,13300,0,0990,0018,,,일반건축물,단독주택,주택,0,72.63,141.02,19740923,2,1,서울특별시 영등포구 대림동 990-18번지
11560,13300,0,0990,0020,,,일반건축물,제2종근린생활시설,근린생활시설,0,90.15,163.46,19730712,2,0,서울특별시 영등포구 대림동 990-20번지
11560,13300,0,0990,0021,,,일반건축물,단독주택,주택,0,67.7,124.17,19710622,2,1,서울특별시 영등포구 대림동 990-21번지
11560,13300,0,0990,0023,,,일반건축물,단독주택,주택,0,35.24,63.8,19720203,2,0,서울특별시 영등포구 대림동 990-23번지
11560,13300,0,0990,0025,,,표제부,공동주택,다세대주택,201.7,100.24,350.53,20151104,5,0,서울특별시 영등포구 대림동 990-25번지
11560,13300,0,0990,0026,,,일반건축물,단독주택,다가구용단독주택(6가구),0,101.44,296.52,19901212,2,1,서울특별시 영등포구 대림동 990-26번지
11560,13300,0,0990,0029,,,일반건축물,제1종근린생활시설,근린생활시설,0,148.89,461.02,19750811,3,1,서울특별시 영등포구 대림동 990-29번지
11560,13300,0,0990,0030,,,일반건축물,단독주택,주택,0,107.12,321.36,19870713,2,1,서울특별시 영등포구 대림동 990-30번지
11560,13300,0,0990,0034,대윤빌라,,표제부,공동주택,"공동주택(다세대주택),근린생활시설",188,110.18,366.26,20030318,4,0,서울특별시 영등포구 대림동 990-34번지
11560,13300,0,0990,0035,,,표제부,공동주택,다세대주택,230.9,104.91,369.68,19930927,3,1,서울특별시 영등포구 대림동 990-35번지
11560,13300,0,0990,0041,,,표제부,공동주택,다세대주택(8세대),241.7,124.22,446.5,19930618,3,1,서울특별시 영등포구 대림동 990-41번지
11560,13300,0,0990,0042,,,일반건축물,단독주택,다가구용단독주택(7가구),205.6,123.15,456.6,19971119,3,1,서울특별시 영등포구 대림동 990-42번지
11560,13300,0,0990,0044,,,일반건축물,제1종근린생활시설,근린생활시설,0,99.98,729.12,19891214,6,1,서울특별시 영등포구 대림동 990-44번지
11560,13300,0,0990,0045,,,일반건축물,제1종근린생활시설,"우체국, 관사",0,163.9,251.09,19830713,2,1,서울특별시 영등포구 대림동 990-45번지
11560,13300,0,0990,0046,,,일반건축물,제1종근린생활시설,근린생활시설,186.1,108.86,291.8,19740610,3,0,서울특별시 영등포구 대림동 990-46번지
11560,13300,0,0990,0047,에벤에셀,,일반건축물,제2종근린생활시설,제2종근린생활시설,161.15,80.45,399.78,20151126,4,1,서울특별시 영등포구 대림동 990-47번지
11560,13300,0,0990,0048,청담빌,,표제부,공동주택,"다세대주택,근린생활시설",273.52,136.47,724.93,20160126,6,1,서울특별시 영등포구 대림동 990-48번지
11560,13300,0,0990,0050,,,일반건축물,단독주택,주택,0,0,307.28,19680912,2,1,서울특별시 영등포구 대림동 990-50번지
11560,13300,0,0990,0051,,,일반건축물,단독주택,주택,0,190.91,351.31,19700429,2,1,서울특별시 영등포구 대림동 990-51번지
11560,13300,0,0990,0052,기연빌딩,,표제부,공동주택,임대형기숙사,216.61,99.1,665.04,20251121,8,1,서울특별시 영등포구 대림동 990-52번지
11560,13300,0,0990,0056,,,일반건축물,단독주택,주택,0,78.94,170.35,19740927,2,1,서울특별시 영등포구 대림동 990-56번지
11560,13300,0,0990,0057,,,일반건축물,단독주택,다가구용단독주택(7가구),158,93.83,351.22,19960930,3,1,서울특별시 영등포구 대림동 990-57번지
11560,13300,0,0990,0058,부용빌딩,,일반건축물,단독주택,제1종근린생활시설,102.5,61.2,198.37,20140731,4,0,서울특별시 영등포구 대림동 990-58번지
11560,13300,0,0990,0059,,,일반건축물,단독주택,"근린생활시설, 주택",0,76.89,327.62,19900907,3,1,서울특별시 영등포구 대림동 990-59번지
11560,13300,0,0990,0062,,,일반건축물,단독주택,다가구용단독주택(5가구),0,63,189,19921202,2,1,서울특별시 영등포구 대림동 990-62번지
11560,13300,0,0990,0063,,,일반건축물,단독주택,주택,0,63.48,190.44,19881116,2,1,서울특별시 영등포구 대림동 990-63번지
11560,13300,0,0990,0065,,,일반건축물,단독주택,주택,0,63.18,189.54,19890612,2,1,서울특별시 영등포구 대림동 990-65번지
11560,13300,0,0990,0066,,,일반건축물,단독주택,주택,0,80.82,157.59,19740919,2,0,서울특별시 영등포구 대림동 990-66번지
11560,13300,0,0990,0067,,,일반건축물,단독주택,다가구주택(7가구),141,84.36,288.33,19931104,3,1,서울특별시 영등포구 대림동 990-67번지
11560,13300,0,0990,0068,,,일반건축물,단독주택,주택,0,56.88,170.64,19890824,2,1,서울특별시 영등포구 대림동 990-68번지
11560,13300,0,0990,0071,,,일반건축물,단독주택,단독주택,0,64.24,192.72,19910107,2,1,서울특별시 영등포구 대림동 990-71번지
11560,13300,0,0990,0072,,,일반건축물,단독주택,단독주택,0,121.44,329.28,19871112,2,1,서울특별시 영등포구 대림동 990-72번지
11560,13300,0,0990,0073,,,일반건축물,단독주택,주택,0,76.66,156.92,19770706,2,1,서울특별시 영등포구 대림동 990-73번지
11560,13300,0,0990,0074,,,일반건축물,단독주택,다가구용단독주택(5가구),0,52.2,156.6,19900901,2,1,서울특별시 영등포구 대림동 990-74번지
11560,13300,0,0990,0075,,,일반건축물,단독주택,"주택, 점포",0,96.2,165.95,,2,1,서울특별시 영등포구 대림동 990-75번지
11560,13300,0,0990,0081,,,일반건축물,단독주택,다가구주택(11가구),244.5,133.56,405.12,19930924,3,1,서울특별시 영등포구 대림동 990-81번지
11560,13300,0,0990,0084,,,일반건축물,제1종근린생활시설,제1종근린생활시설,0,53.88,118.34,19771012,2,1,서울특별시 영등포구 대림동 990-84번지
11560,13300,0,0990,0085,,,일반건축물,제1종근린생활시설,제1종근린생활시설,0,82.05,128.03,19710415,2,0,서울특별시 영등포구 대림동 990-85번지
11560,13300,0,0990,0086,,,일반건축물,제2종근린생활시설,근린생활시설,0,257.28,1035.06,19840326,3,1,서울특별시 영등포구 대림동 990-86번지
11560,13300,0,0990,0088,,,일반건축물,제2종근린생활시설,근린생활시설,0,99.04,349.48,19690611,3,1,서울특별시 영등포구 대림동 990-88번지
11560,13300,0,0990,0089,,,일반건축물,제2종근린생활시설,제2종근린생활시설,0,37.45,37.45,19691230,1,0,서울특별시 영등포구 대림동 990-89번지
11560,13300,0,0990,0089,,,일반건축물,제1종근린생활시설,제1종근린생활시설,201,136.26,223.81,19691230,3,0,서울특별시 영등포구 대림동 990-89번지
11560,13300,0,0990,0090,,,일반건축물,제1종근린생활시설,근린생활시설,0,108.86,286.92,19681220,3,0,서울특별시 영등포구 대림동 990-90번지
11560,13300,0,0990,0092,영림아트빌,,표제부,공동주택,다세대주택(10세대),346.4,206.55,658.62,20020905,5,0,서울특별시 영등포구 대림동 990-92번지
11560,13300,0,0990,0093,구립큰숲경로당,,일반건축물,단독주택,다가구주택,166.9,95.58,289.75,20031219,4,0,서울특별시 영등포구 대림동 990-93번지
11560,13300,0,0990,0094,,,일반건축물,단독주택,단독주택,0,68.52,205.56,19901219,2,1,서울특별시 영등포구 대림동 990-94번지
11560,13300,0,0990,0095,,,일반건축물,단독주택,주택,0,72.99,208.46,19740105,2,1,서울특별시 영등포구 대림동 990-95번지
11560,13300,0,0990,0096,,,일반건축물,단독주택,주택,167.42,80.87,221.32,19831216,2,1,서울특별시 영등포구 대림동 990-96번지
11560,13300,0,0990,0098,,,일반건축물,단독주택,다가구용단독주택(5가구),113.28,66.88,198,19931207,2,1,서울특별시 영등포구 대림동 990-98번지
11560,13300,0,0990,0099,,,일반건축물,단독주택,다가구용단독주택(5),143.28,85.77,240.76,19931228,2,1,서울특별시 영등포구 대림동 990-99번지
11560,13300,0,0990,0100,,,일반건축물,단독주택,다가구주택(5가구),150.1,90.05,263.26,20030326,4,0,서울특별시 영등포구 대림동 990-100번지
11560,13300,0,0990,0101,,,일반건축물,단독주택,다가구용단독주택(5가구),120.1,71.78,177.84,19940604,2,1,서울특별시 영등포구 대림동 990-101번지
11560,13300,0,0990,0102,,,일반건축물,단독주택,"근린생활시설, 다가구주택",120.25,71.88,287.52,20020605,4,0,서울특별시 영등포구 대림동 990-102번지
11560,13300,0,0990,0103,,,일반건축물,제2종근린생활시설,"근린생활시설, 주택",0,93.42,185.32,19750812,2,0,서울특별시 영등포구 대림동 990-103번지
11560,13300,0,0990,0104,,,일반건축물,제1종근린생활시설,"근린생활시설, 주택",184.8,105.88,492.2,19971002,4,1,서울특별시 영등포구 대림동 990-104번지
11560,13300,0,0990,0105,,,일반건축물,단독주택,다가구용단독주택(7가구),184.8,110.81,418.92,19950629,3,1,서울특별시 영등포구 대림동 990-105번지
11560,13300,0,0990,0106,,,일반건축물,단독주택,다가구용단독주택(7가구),179.5,107.66,399.76,19951117,3,1,서울특별시 영등포구 대림동 990-106번지
11560,13300,0,0990,0107,,,일반건축물,단독주택,다가구용단독주택(8가구),178.8,107.09,393.69,19951118,3,1,서울특별시 영등포구 대림동 990-107번지
11560,13300,0,0990,0108,,,일반건축물,단독주택,다가구용단독주택(8가구),184.8,101.63,405.41,19951117,3,1,서울특별시 영등포구 대림동 990-108번지
11560,13300,0,0990,0110,,,일반건축물,단독주택,다가구용단독주택(7가구),160.1,89.81,337.07,19940108,3,1,서울특별시 영등포구 대림동 990-110번지
11560,13300,0,0990,0111,,,일반건축물,단독주택,"다중주택,근린생활시설",153.7,91.64,276.253,20250602,4,0,서울특별시 영등포구 대림동 990-111번지
11560,13300,0,0990,0112,,,일반건축물,단독주택,"주택, 근린생활시설",154.7,98.12,173.74,19740415,2,1,서울특별시 영등포구 대림동 990-112번지
11560,13300,0,0990,0113,,,일반건축물,단독주택,단독주택,0,78.99,249.78,19900613,2,1,서울특별시 영등포구 대림동 990-113번지
11560,13300,0,0990,0114,,,일반건축물,단독주택,주택,0,59.82,182.27,19880907,2,1,서울특별시 영등포구 대림동 990-114번지
11560,13300,0,0990,0115,,,일반건축물,단독주택,다가구용단독주택(3가구),107.1,64.22,119.67,19950928,2,0,서울특별시 영등포구 대림동 990-115번지
11560,13300,0,0990,0116,,,일반건축물,단독주택,다가구용단독주택(5가구),127.5,76.46,203.01,19960626,2,1,서울특별시 영등포구 대림동 990-116번지
11560,13300,0,0990,0117,,,일반건축물,단독주택,"근린생활시설, 주택",111.1,55.94,240.79,19901108,4,1,서울특별시 영등포구 대림동 990-117번지
11560,13300,0,0990,0118,,,일반건축물,제1종근린생활시설,"근린생활시설, 주택",0,92,386.4,19901108,3,1,서울특별시 영등포구 대림동 990-118번지
11560,13300,0,0990,0120,,,일반건축물,단독주택,단독주택,0,69.22,207.66,19901201,2,1,서울특별시 영등포구 대림동 990-120번지
11560,13300,0,0990,0121,,,일반건축물,단독주택,단독주택,0,69.68,209.04,19910104,2,1,서울특별시 영등포구 대림동 990-121번지
11560,13300,0,0990,0122,,,일반건축물,단독주택,주택,0,81.03,243.09,19890117,2,1,서울특별시 영등포구 대림동 990-122번지
11560,13300,0,0990,0123,,,일반건축물,제1종근린생활시설,"주택, 근린생활시설",0,115.4,180.79,19740827,2,0,서울특별시 영등포구 대림동 990-123번지
11560,13300,0,0990,0125,,,일반건축물,단독주택,단독주택,0,45.72,137.16,19901122,2,1,서울특별시 영등포구 대림동 990-125번지
11560,13300,0,0990,0127,,,일반건축물,제1종근린생활시설,근린생활시설,0,52.69,58.28,19730905,1,1,서울특별시 영등포구 대림동 990-127번지
11560,13300,0,0990,0128,,,일반건축물,제1종근린생활시설,근린생활시설,0,84.48,496.32,19901105,5,1,서울특별시 영등포구 대림동 990-128번지
11560,13300,0,0990,0134,,,일반건축물,단독주택,주택,0,82.81,164.57,19770706,2,1,서울특별시 영등포구 대림동 990-134번지
11560,13300,0,0990,0137,,,일반건축물,단독주택,"주택, 창고",0,128.46,324.42,19870820,2,1,서울특별시 영등포구 대림동 990-137번지
11560,13300,0,0990,0139,,,일반건축물,단독주택,주택,0,81.09,243.27,19850219,2,1,서울특별시 영등포구 대림동 990-139번지
11560,13300,0,0990,0140,,,일반건축물,단독주택,주택,0,62.54,187.62,19880927,2,1,서울특별시 영등포구 대림동 990-140번지
11560,13300,0,0990,0142,,,일반건축물,단독주택,주택,0,50.43,151.29,19880927,2,1,서울특별시 영등포구 대림동 990-142번지
11560,13300,0,0990,0143,,,일반건축물,제1종근린생활시설,"주택, 근린생활시설",0,112.32,491.36,19890624,4,1,서울특별시 영등포구 대림동 990-143번지
11560,13300,0,0990,0145,,,일반건축물,단독주택,주택,0,46.31,138.93,19880927,2,1,서울특별시 영등포구 대림동 990-145번지
11560,13300,0,0991,0001,,,일반건축물,제2종근린생활시설,제2종근린생활시설,0,118.22,227.54,19730929,2,0,서울특별시 영등포구 대림동 991-1번지
11560,13300,0,0991,0002,,,일반건축물,제1종근린생활시설,"주택, 근린생활시설",0,117.79,351.57,19741227,3,1,서울특별시 영등포구 대림동 991-2번지
11560,13300,0,0991,0004,장덕대가,,일반건축물,제2종근린생활시설,제2종근린생활시설,292.8,133.2,717.42,20081001,5,1,서울특별시 영등포구 대림동 991-4번지
11560,13300,0,0991,0006,,,일반건축물,제2종근린생활시설,제2종근린생활시설(일반음식점),270.1,137.3,265.4,19740614,2,1,서울특별시 영등포구 대림동 991-6번지
11560,13300,0,0991,0007,,,일반건축물,제1종근린생활시설,"근린생활시설, 주택",109,64.46,94.91,19691108,2,1,서울특별시 영등포구 대림동 991-7번지
11560,13300,0,0991,0008,,,일반건축물,단독주택,주택,0,54.22,98.71,19701119,2,0,서울특별시 영등포구 대림동 991-8번지
11560,13300,0,0991,0011,,,일반건축물,제2종근린생활시설,"근린생활시설, 주택",0,96.38,374.54,19860821,3,1,서울특별시 영등포구 대림동 991-11번지
11560,13300,0,0991,0012,,,일반건축물,제1종근린생활시설,"주택, 점포",79,0,340.83,19790220,2,1,서울특별시 영등포구 대림동 991-12번지
11560,13300,0,0991,0015,,,일반건축물,제2종근린생활시설,"근린생활시설, 단독주택",190.7,109.5,538.86,19960216,4,1,서울특별시 영등포구 대림동 991-15번지
11560,13300,0,0991,0018,,,일반건축물,단독주택,"주택, 물치",0,98.51,200.075,19740723,2,1,서울특별시 영등포구 대림동 991-18번지
11560,13300,0,0991,0019,,,일반건축물,제1종근린생활시설,"근린생활시설, 주택",0,86.46,435.1,19900921,4,1,서울특별시 영등포구 대림동 991-19번지
11560,13300,0,0991,0021,,,일반건축물,제1종근린생활시설,"근린생활시설, 다가구주용단독주택(2가구)",123.95,73.71,365.39,19951123,4,1,서울특별시 영등포구 대림동 991-21번지
11560,13300,0,0991,0022,,,일반건축물,단독주택,단독주택,131.97,78.48,286.78,20110617,3,1,서울특별시 영등포구 대림동 991-22번지
11560,13300,0,0991,0025,,,일반건축물,단독주택,다중주택 및 근린생활시설,242,144.93,483.93,20220725,5,0,서울특별시 영등포구 대림동 991-25번지
11560,13300,0,0991,0027,,,일반건축물,제1종근린생활시설,근린생활시설,0,98.71,196.17,19740814,2,1,서울특별시 영등포구 대림동 991-27번지
11560,13300,0,0991,0034,,,일반건축물,단독주택,"점포, 변소, 주택",0,98.74,173.7,19740814,2,0,서울특별시 영등포구 대림동 991-34번지
11560,13300,0,0992,0001,,,일반건축물,제1종근린생활시설,근린생활시설,0,114.28,222.76,19740916,2,0,서울특별시 영등포구 대림동 992-1번지
11560,13300,0,0992,0003,,,일반건축물,제1종근린생활시설,근린생활시설,169.6,98.98,208.67,19740816,2,1,서울특별시 영등포구 대림동 992-3번지
11560,13300,0,0992,0004,,,일반건축물,단독주택,"근린생활시설 , 주택",0,85.8,259.13,19890908,3,1,서울특별시 영등포구 대림동 992-4번지
11560,13300,0,0992,0006,,,표제부,제1종근린생활시설,"근린생활시설, 노유자시설, 주택",0,0,847.6,19840810,3,1,서울특별시 영등포구 대림동 992-6번지
11560,13300,0,0992,0007,,,일반건축물,제2종근린생활시설,"근린생활시설, 주택",169.9,100.8,442.28,19970912,4,1,서울특별시 영등포구 대림동 992-7번지
11560,13300,0,0992,0008,,,일반건축물,제1종근린생활시설,"근린생활시설, 주택",335.5,198.32,948.75,19970101,5,1,서울특별시 영등포구 대림동 992-8번지
11560,13300,0,0992,0011,,,일반건축물,제1종근린생활시설,"근린생활시설, 주택",172.2,102.48,505.08,19961231,5,1,서울특별시 영등포구 대림동 992-11번지
11560,13300,0,0992,0014,,,일반건축물,단독주택,"근린생활시설, 다가구용단독주택(6가구)",278.8,137.19,489.92,19820728,3,1,서울특별시 영등포구 대림동 992-14번지
11560,13300,0,0992,0019,,,일반건축물,단독주택,다중주택 및 근린생활시설,150.6,90,340.4,20200918,4,1,서울특별시 영등포구 대림동 992-19번지
11560,13300,0,0992,0021,,,표제부,공동주택,다세대주택,192.9,33.94,101.82,19860514,2,1,서울특별시 영등포구 대림동 992-21번지
11560,13300,0,0992,0021,,,일반건축물,단독주택,"단독주택, 근린생활시설",192.9,59.84,195.12,19860514,2,1,서울특별시 영등포구 대림동 992-21번지
11560,13300,0,0992,0022,,,일반건축물,단독주택,"근린생활시설, 주택",117.4,58.1,254.4,19880706,4,1,서울특별시 영등포구 대림동 992-22번지
11560,13300,0,0992,0025,,,일반건축물,단독주택,주택,0,74.51,159.8,19760915,2,1,서울특별시 영등포구 대림동 992-25번지
11560,13300,0,0992,0026,,,일반건축물,단독주택,다가구용단독주택(3가구),157.1,94.15,208.23,19970305,3,0,서울특별시 영등포구 대림동 992-26번지
11560,13300,0,0993,0002,,,일반건축물,제2종근린생활시설,"점포, 주택",0,157.69,573.26,19710109,3,1,서울특별시 영등포구 대림동 993-2번지
11560,13300,0,0993,0003,,,일반건축물,제1종근린생활시설,근린생활시설,566.7,218.06,1068.97,19881119,5,1,서울특별시 영등포구 대림동 993-3번지
11560,13300,0,0993,0004,,,표제부,공동주택,연립주택,0,699.5,2708.8,19861231,3,1,서울특별시 영등포구 대림동 993-4번지
11560,13300,0,0993,0004,,,표제부,공동주택,연립주택,0,708.12,2895.48,19861231,3,1,서울특별시 영등포구 대림동 993-4번지
11560,13300,0,0993,0008,제4호,,일반건축물,제2종근린생활시설,근린생활시설,0,106.12,318.36,19810929,2,1,서울특별시 영등포구 대림동 993-8번지
11560,13300,0,0993,0008,,,표제부,공동주택,아파트,0,504.8,2991.76,19810929,5,1,서울특별시 영등포구 대림동 993-8번지
11560,13300,0,0993,0008,,,표제부,공동주택,아파트,0,364.63,2161.33,19810929,5,1,서울특별시 영등포구 대림동 993-8번지
11560,13300,0,0993,0008,,,표제부,공동주택,아파트,0,504.8,2991.76,19810929,5,1,서울특별시 영등포구 대림동 993-8번지
11560,13300,0,0993,0012,,,일반건축물,제2종근린생활시설,제2종근린생활시설,0,34.22,34.22,19611231,1,0,서울특별시 영등포구 대림동 993-12번지
11560,13300,0,0993,0013,,,일반건축물,제1종근린생활시설,"점포, 사무실, 숙사",510.1,62.25,212.34,19611220,2,0,서울특별시 영등포구 대림동 993-13번지
11560,13300,0,0993,0014,,,일반건축물,제2종근린생활시설,근린생활시설 및 주택,0,133.97,669.71,19910117,4,1,서울특별시 영등포구 대림동 993-14번지
11560,13300,0,0993,0015,대림동웨딩홀,,일반건축물,제2종근린생활시설,근린생활시설,3059.3,1058.36,9239.4,19951114,8,1,서울특별시 영등포구 대림동 993-15번지
11560,13300,0,0993,0016,서울영림초등학교,,일반건축물,교육연구시설,교육연구시설,8063,1882.32,6862.3,19960319,5,1,서울특별시 영등포구 대림동 993-16번지
11560,13300,0,0993,0023,,,일반건축물,단독주택,근린생활시설,158,94.72,477.36,19960923,5,1,서울특별시 영등포구 대림동 993-23번지
11560,13300,0,0993,0025,,,일반건축물,단독주택,근린생활시설 및 주택,0,92.25,425.76,19891229,4,1,서울특별시 영등포구 대림동 993-25번지
11560,13300,0,0993,0026,,,일반건축물,제2종근린생활시설,"점포, 주택",0,115.67,235.67,19740415,2,1,서울특별시 영등포구 대림동 993-26번지
11560,13300,0,0993,0027,,,일반건축물,제1종근린생활시설,"점포, 주택",0,118.35,216.86,19740404,2,1,서울특별시 영등포구 대림동 993-27번지
11560,13300,0,0993,0028,,,일반건축물,단독주택,주택,0,83.48,166.75,19750404,2,1,서울특별시 영등포구 대림동 993-28번지
11560,13300,0,0993,0029,,,표제부,공동주택,다세대주택,0,82.6,247.8,19861002,2,1,서울특별시 영등포구 대림동 993-29번지
11560,13300,0,0993,0030,,,일반건축물,단독주택,주택,168.9,82.26,246.78,19831214,2,1,서울특별시 영등포구 대림동 993-30번지
11560,13300,0,0993,0031,,,일반건축물,단독주택,주택,0,81.62,165.62,19740917,2,1,서울특별시 영등포구 대림동 993-31번지
11560,13300,0,0993,0032,,,일반건축물,단독주택,주택,0,76.47,143.38,19740412,2,1,서울특별시 영등포구 대림동 993-32번지
11560,13300,0,0993,0033,,,일반건축물,단독주택,"주택, 창고",0,76.94,153.62,19750430,2,1,서울특별시 영등포구 대림동 993-33번지
11560,13300,0,0993,0034,,,표제부,공동주택,(다세대주택(도시형생활주택원룸형)및 제2종근린생활시설(사무소),205.6,120,420.91,20120210,5,0,서울특별시 영등포구 대림동 993-34번지
11560,13300,0,0993,0035,,,일반건축물,제1종근린생활시설,제1종근린생활시설 및 창고시설,0,98.91,183.31,19731116,2,1,서울특별시 영등포구 대림동 993-35번지
11560,13300,0,0993,0036,동양아트빌Ⅱ,,일반건축물,단독주택,"단독주택,근린생활시설",169.6,97.25,321.69,20200922,4,0,서울특별시 영등포구 대림동 993-36번지
11560,13300,0,0993,0038,,,일반건축물,단독주택,다가구용단독주택(5가구),0,82.56,247.68,19901027,2,1,서울특별시 영등포구 대림동 993-38번지
11560,13300,0,0993,0040,,,일반건축물,단독주택,"주택, 점포",0,97.72,208.3,19731128,2,1,서울특별시 영등포구 대림동 993-40번지
11560,13300,0,0993,0041,,,일반건축물,단독주택,주택,0,87.82,103.03,19731128,1,1,서울특별시 영등포구 대림동 993-41번지
11560,13300,0,0993,0042,,,일반건축물,단독주택,다가구용단독(5가구),0,82.91,248.73,19910627,2,1,서울특별시 영등포구 대림동 993-42번지
11560,13300,0,0993,0043,,,일반건축물,단독주택,주택,211.1,101.72,184.25,19770812,2,1,서울특별시 영등포구 대림동 993-43번지
11560,13300,0,0993,0044,,,일반건축물,단독주택,주택,0,42.23,131.84,19861006,2,1,서울특별시 영등포구 대림동 993-44번지
11560,13300,0,0993,0045,,,일반건축물,단독주택,주택,0,66.45,131.27,19710714,2,1,서울특별시 영등포구 대림동 993-45번지
11560,13300,0,0993,0048,,,일반건축물,단독주택,주택,0,82.46,247.38,19870729,2,1,서울특별시 영등포구 대림동 993-48번지
11560,13300,0,0993,0049,,,일반건축물,제1종근린생활시설,근린생활시설 및 주택,191.1,114.56,494.9,19960320,4,1,서울특별시 영등포구 대림동 993-49번지
11560,13300,0,0993,0051,,,일반건축물,단독주택,다가구용단독주택(4가구),232.1,134.54,299.85,19961017,2,1,서울특별시 영등포구 대림동 993-51번지
11560,13300,0,0993,0052,,,일반건축물,단독주택,"주택, 근린생활시설",0,84.6,173.08,19760214,2,1,서울특별시 영등포구 대림동 993-52번지
11560,13300,0,0993,0053,,,일반건축물,단독주택,주택,0,76.2,228.6,19871201,2,1,서울특별시 영등포구 대림동 993-53번지
11560,13300,0,0993,0054,,,일반건축물,제1종근린생활시설,"근린생활시설, 주택",0,81.36,337.14,19880112,3,1,서울특별시 영등포구 대림동 993-54번지
11560,13300,0,0993,0055,,,일반건축물,단독주택,주택,0,106.45,130.25,19761022,2,1,서울특별시 영등포구 대림동 993-55번지
11560,13300,0,0993,0055,,,일반건축물,제1종근린생활시설,"근린생활시설, 점포",774.2,267.53,559.65,19750610,2,1,서울특별시 영등포구 대림동 993-55번지
11560,13300,0,0993,0056,,,표제부,제2종근린생활시설,"사무실, 점포",0,250.58,1002.32,19800701,3,1,서울특별시 영등포구 대림동 993-56번지
11560,13300,0,0993,0057,,,일반건축물,제2종근린생활시설,근린생활시설,0,290.58,1391.42,19811119,4,1,서울특별시 영등포구 대림동 993-57번지
11560,13300,0,0993,0058,,,일반건축물,제1종근린생활시설,"근린생활시설, 창고",0,0,320.99,19680917,3,0,서울특별시 영등포구 대림동 993-58번지
11560,13300,0,0993,0061,,,일반건축물,단독주택,주택,0,79.93,155.44,19761023,2,1,서울특별시 영등포구 대림동 993-61번지
11560,13300,0,0993,0062,,,일반건축물,단독주택,주택,0,68.1,161.62,19770325,2,1,서울특별시 영등포구 대림동 993-62번지
11560,13300,0,0993,0063,,,표제부,공동주택,공동주택,297.2,177.09,795.68,20120725,5,1,서울특별시 영등포구 대림동 993-63번지
11560,13300,0,0993,0066,,,일반건축물,단독주택,주택,0,82.92,248.76,19860722,2,1,서울특별시 영등포구 대림동 993-66번지
11560,13300,0,0993,0072,,,일반건축물,제1종근린생활시설,근린생활시설,0,164.16,737.31,19871118,3,1,서울특별시 영등포구 대림동 993-72번지
11560,13300,0,0993,0074,,,일반건축물,업무시설,업무시설,0,581.58,2922.58,19900430,3,2,서울특별시 영등포구 대림동 993-74번지
11560,13300,0,0993,0075,고려휴먼스 빌딩,,일반건축물,업무시설,"업무시설, 근린생활시설, 전시시설",1216,434.19,5464.08,19911211,10,2,서울특별시 영등포구 대림동 993-75번지
11560,13300,0,0994,0004,,,일반건축물,근린생활시설,"근린생활시설, 업무시설, 전시시설",0,0,3305.04,19670529,3,1,서울특별시 영등포구 대림동 994-4번지
11560,13300,0,0994,0016,,,일반건축물,단독주택,주택,0,0,272.22,19881103,3,1,서울특별시 영등포구 대림동 994-16번지
11560,13300,0,0995,0005,대림우수배제펌프장,,일반건축물,제2종근린생활시설,"전기실, 기계실, 사택",0,257.24,257.24,19920623,1,0,서울특별시 영등포구 대림동 995-5번지
11560,13300,0,0998,0000,,,일반건축물,제1종근린생활시설,사무실,0,234.05,234.05,19681231,1,0,서울특별시 영등포구 대림동 998번지
11560,13300,0,1005,0003,BYC빌딩,,일반건축물,업무시설,"업무시설, 근린생활시설",4132.8,1317.9,12665.89,20230731,7,2,서울특별시 영등포구 대림동 1005-3번지
11560,13300,0,1006,0002,,,일반건축물,단독주택,주택,0,67.97,199.91,19880530,2,1,서울특별시 영등포구 대림동 1006-2번지
11560,13300,0,1006,0005,,,일반건축물,단독주택,주택,0,42.34,127.02,19861022,2,1,서울특별시 영등포구 대림동 1006-5번지
11560,13300,0,1006,0006,,,일반건축물,단독주택,주택,0,41.07,122.46,19870318,2,1,서울특별시 영등포구 대림동 1006-6번지
11560,13300,0,1006,0009,,,표제부,공동주택,다세대주택,0,73.92,221.76,19870804,2,1,서울특별시 영등포구 대림동 1006-9번지
11560,13300,0,1006,0013,,,일반건축물,단독주택,주택,101.85,47.69,145.71,19870602,2,1,서울특별시 영등포구 대림동 1006-13번지
11560,13300,0,1006,0014,,,일반건축물,단독주택,주택,0,45,129,19870518,2,1,서울특별시 영등포구 대림동 1006-14번지
11560,13300,0,1006,0016,,,일반건축물,단독주택,주택,0,49.68,149.04,19880527,2,1,서울특별시 영등포구 대림동 1006-16번지
11560,13300,0,1007,0002,,,일반건축물,단독주택,주택,0,70.11,210.33,19860702,2,1,서울특별시 영등포구 대림동 1007-2번지
11560,13300,0,1010,0023,평화빌,,일반건축물,단독주택,단독주택,150.85,89.92,386.13,20170411,4,1,서울특별시 영등포구 대림동 1010-23번지
11560,13300,0,1010,0024,,,일반건축물,단독주택,단독주택,0,51.42,158.53,19900714,2,1,서울특별시 영등포구 대림동 1010-24번지
11560,13300,0,1010,0025,,,일반건축물,단독주택,다가구용단독주택(5가구),0,80.5,247.82,19900919,2,1,서울특별시 영등포구 대림동 1010-25번지
11560,13300,0,1010,0026,THE HILL,,일반건축물,단독주택,단독주택,122,62.77,239.1,20120706,3,1,서울특별시 영등포구 대림동 1010-26번지
11560,13300,0,1010,0027,,,일반건축물,단독주택,주택,0,61.56,184.68,19890714,2,1,서울특별시 영등포구 대림동 1010-27번지
11560,13300,0,1010,0028,,,일반건축물,단독주택,주택,0,58.92,176.76,19900516,2,1,서울특별시 영등포구 대림동 1010-28번지
11560,13300,0,1010,0030,,,일반건축물,단독주택,단독주택,156,93.15,299.79,20150108,3,1,서울특별시 영등포구 대림동 1010-30번지
11560,13300,0,1011,0002,,,일반건축물,단독주택,주택,0,75.79,227.37,19871231,2,1,서울특별시 영등포구 대림동 1011-2번지
11560,13300,0,1011,0003,,,일반건축물,단독주택,주택,0,80.96,242.88,19871230,2,1,서울특별시 영등포구 대림동 1011-3번지
11560,13300,0,1011,0004,라움캐슬,,표제부,공동주택,공동주택,320,191.95,600.85,20260227,5,0,서울특별시 영등포구 대림동 1011-4번지
11560,13300,0,1011,0006,,,일반건축물,단독주택,다가구용단독주택(5가구),0,50.46,169.16,19900920,2,1,서울특별시 영등포구 대림동 1011-6번지
11560,13300,0,1011,0008,,,일반건축물,단독주택,단독주택,139,82.73,299.75,20160511,3,1,서울특별시 영등포구 대림동 1011-8번지
11560,13300,0,1011,0018,우성아트빌,,표제부,공동주택,공동주택,204,122.18,373.5,20160908,5,0,서울특별시 영등포구 대림동 1011-18번지
11560,13300,0,1012,0003,,,일반건축물,단독주택,단독주택,0,40.86,122.58,19901208,2,1,서울특별시 영등포구 대림동 1012-3번지
11560,13300,0,1012,0004,,,일반건축물,단독주택,주택,0,82.31,246.93,19880719,2,1,서울특별시 영등포구 대림동 1012-4번지
11560,13300,0,1012,0005,,,일반건축물,단독주택,주택,0,96.12,288.36,19890531,2,1,서울특별시 영등포구 대림동 1012-5번지
11560,13300,0,1012,0006,,,일반건축물,단독주택,다가구주택,198.34,116.16,325.28,20120620,4,0,서울특별시 영등포구 대림동 1012-6번지
11560,13300,0,1012,0007,,,일반건축물,단독주택,다가구용단독주택(6가구),199.68,101.92,319.63,19920118,3,1,서울특별시 영등포구 대림동 1012-7번지
11560,13300,0,1012,0009,,,일반건축물,단독주택,주택,0,82.8,248.4,19890509,2,1,서울특별시 영등포구 대림동 1012-9번지
11560,13300,0,1012,0010,장미,,일반건축물,단독주택,단독주택,156.55,93.16,390.18,20180528,4,1,서울특별시 영등포구 대림동 1012-10번지
11560,13300,0,1012,0011,휴스페이스,,일반건축물,단독주택,"다중주택, 근린생활시설",168.9,101.09,396.63,20210325,4,1,서울특별시 영등포구 대림동 1012-11번지
11560,13300,0,1012,0012,그레이스,,일반건축물,단독주택,단독주택,171.1,100.24,329.84,20141028,3,1,서울특별시 영등포구 대림동 1012-12번지
11560,13300,0,1012,0013,,,일반건축물,단독주택,단독주택 및 근린생활시설,150.3,88.82,328.43,20191227,4,1,서울특별시 영등포구 대림동 1012-13번지
11560,13300,0,1012,0014,,,일반건축물,단독주택,주택,0,69.96,146.52,19690919,2,1,서울특별시 영등포구 대림동 1012-14번지
11560,13300,0,1012,0016,,,일반건축물,단독주택,주택,0,75.63,226.89,19880924,2,1,서울특별시 영등포구 대림동 1012-16번지
11560,13300,0,1012,0017,,,일반건축물,단독주택,주택,0,75.87,235.09,19860517,2,1,서울특별시 영등포구 대림동 1012-17번지
11560,13300,0,1012,0019,,,일반건축물,단독주택,주택,0,76.01,184.44,19860430,2,1,서울특별시 영등포구 대림동 1012-19번지
11560,13300,0,1012,0020,,,일반건축물,단독주택,주택,0,78.03,234.09,19871113,2,1,서울특별시 영등포구 대림동 1012-20번지
11560,13300,0,1012,0021,,,일반건축물,단독주택,단독주택,0,60.96,187.68,19900816,2,1,서울특별시 영등포구 대림동 1012-21번지
11560,13300,0,1012,0022,,,일반건축물,단독주택,다가구용단독주택(5가구),127.4,74.69,220.57,19961029,3,1,서울특별시 영등포구 대림동 1012-22번지
11560,13300,0,1012,0024,,,일반건축물,단독주택,주택,0,40.99,40.99,19700601,1,0,서울특별시 영등포구 대림동 1012-24번지
11560,13300,0,1012,0025,,,일반건축물,단독주택,주택,0,43.52,127.44,19901102,2,1,서울특별시 영등포구 대림동 1012-25번지
11560,13300,0,1012,0026,,,일반건축물,단독주택,단독주택,0,53.16,96.06,19700507,2,0,서울특별시 영등포구 대림동 1012-26번지
11560,13300,0,1013,0002,,,일반건축물,단독주택,주택,0,91.8,275.4,19830530,2,1,서울특별시 영등포구 대림동 1013-2번지
11560,13300,0,1013,0003,,,일반건축물,단독주택,주택,0,90.9,204.61,19821125,2,1,서울특별시 영등포구 대림동 1013-3번지
11560,13300,0,1013,0004,,,일반건축물,단독주택,다중주택,173.58,102.23,406.22,20181227,4,1,서울특별시 영등포구 대림동 1013-4번지
11560,13300,0,1013,0005,,,일반건축물,단독주택,단독주택(다중주택),138.31,61.32,199.41,20181219,3,1,서울특별시 영등포구 대림동 1013-5번지
11560,13300,0,1013,0006,,,일반건축물,단독주택,다가구용단독주택(7가구),0,67.21,204.97,19901228,2,1,서울특별시 영등포구 대림동 1013-6번지
11560,13300,0,1013,0007,,,일반건축물,단독주택,다가구용단독주택(4가구),0,58.88,176.49,19910722,2,1,서울특별시 영등포구 대림동 1013-7번지
11560,13300,0,1013,0010,,,일반건축물,단독주택,다가구용단독주택,75.5,50.22,149.04,19931229,2,1,서울특별시 영등포구 대림동 1013-10번지
11560,13300,0,1013,0011,,,일반건축물,단독주택,단독주택(다가구주택),145.05,85.32,261.47,20030310,4,0,서울특별시 영등포구 대림동 1013-11번지
11560,13300,0,1013,0012,,,일반건축물,단독주택,단독주택,150.7,89.32,371.52,20180806,4,1,서울특별시 영등포구 대림동 1013-12번지
11560,13300,0,1013,0013,,,일반건축물,단독주택,다가구용단독주택(3가구),0,66.45,199.35,19920926,2,1,서울특별시 영등포구 대림동 1013-13번지
11560,13300,0,1013,0014,,,일반건축물,단독주택,주택,0,59.9,178.6,19831024,2,1,서울특별시 영등포구 대림동 1013-14번지
11560,13300,0,1013,0015,,,일반건축물,단독주택,"주택, 창고",120.08,62.6,184.18,19851008,2,1,서울특별시 영등포구 대림동 1013-15번지
11560,13300,0,1013,0023,,,일반건축물,단독주택,다가구용단독주택(4가구),96.91,57.63,149.46,19931216,2,1,서울특별시 영등포구 대림동 1013-23번지
11560,13300,0,1013,0045,,,일반건축물,단독주택,주택,0,61.55,67.37,19751120,1,1,서울특별시 영등포구 대림동 1013-45번지
11560,13300,0,1014,0001,,,일반건축물,단독주택,주택,0,83.14,151.83,19701027,2,1,서울특별시 영등포구 대림동 1014-1번지
11560,13300,0,1014,0008,,,일반건축물,단독주택,주택,0,60.17,66.78,19670910,1,1,서울특별시 영등포구 대림동 1014-8번지
11560,13300,0,1015,0003,,,일반건축물,단독주택,다가구주택(8가구),192,108.77,288.11,19930701,2,1,서울특별시 영등포구 대림동 1015-3번지
11560,13300,0,1015,0014,,,일반건축물,제1종근린생활시설,"근린생활시설, 주택",0,78.64,494.46,19900329,5,1,서울특별시 영등포구 대림동 1015-14번지
11560,13300,0,1015,0015,,,일반건축물,제1종근린생활시설,"근린생활시설, 주택",0,132.2,357.59,19761229,2,1,서울특별시 영등포구 대림동 1015-15번지
11560,13300,0,1015,0017,,,일반건축물,단독주택,주택,0,80.1,80.1,19701022,1,0,서울특별시 영등포구 대림동 1015-17번지
11560,13300,0,1015,0018,,,일반건축물,단독주택,주택,0,52.56,167.99,19900103,2,1,서울특별시 영등포구 대림동 1015-18번지
11560,13300,0,1015,0019,,,표제부,공동주택,다세대주택,194.25,116.48,366.33,20130103,5,0,서울특별시 영등포구 대림동 1015-19번지
11560,13300,0,1015,0020,,,일반건축물,단독주택,다가구용단독주택(9가구),209.69,124.49,450.62,19970612,3,1,서울특별시 영등포구 대림동 1015-20번지
11560,13300,0,1015,0021,,,일반건축물,단독주택,다가구주택(6가구),209.6,125.75,329.58,19930609,2,1,서울특별시 영등포구 대림동 1015-21번지
11560,13300,0,1015,0022,,,일반건축물,단독주택,주택,0,85.84,248.22,19870608,2,1,서울특별시 영등포구 대림동 1015-22번지
11560,13300,0,1015,0023,,,일반건축물,단독주택,다가구주택(5가구),119.92,71.83,192.3,19931229,3,0,서울특별시 영등포구 대림동 1015-23번지
11560,13300,0,1015,0024,,,일반건축물,단독주택,"근린생활시설, 주택",0,64.96,123.93,19730929,2,1,서울특별시 영등포구 대림동 1015-24번지
11560,13300,0,1015,0025,,,일반건축물,제1종근린생활시설,"근린생활시설, 주택",0,98.68,285.56,19741108,3,0,서울특별시 영등포구 대림동 1015-25번지
11560,13300,0,1015,0037,,,일반건축물,단독주택,주택,0,36.83,36.83,19720324,1,0,서울특별시 영등포구 대림동 1015-37번지
11560,13300,0,1015,0040,,,일반건축물,단독주택,다가구용단독주택,136,74.56,167.81,19931125,3,1,서울특별시 영등포구 대림동 1015-40번지
11560,13300,0,1015,0043,,,일반건축물,단독주택,다가구주택(4가구),74.48,45.63,136.41,19931023,2,1,서울특별시 영등포구 대림동 1015-43번지
11560,13300,0,1015,0044,,,일반건축물,단독주택,다가구주택(6가구),124.75,74.44,185.49,19931228,2,1,서울특별시 영등포구 대림동 1015-44번지
11560,13300,0,1015,0047,,,일반건축물,단독주택,다가구용단독주택(4가구),78.5,49.77,141.96,19930923,2,1,서울특별시 영등포구 대림동 1015-47번지
11560,13300,0,1015,0048,,,일반건축물,단독주택,다가구용단독주택(5가구),107.38,64.07,149.34,19930918,2,1,서울특별시 영등포구 대림동 1015-48번지
11560,13300,0,1015,0050,,,일반건축물,단독주택,다가구용단독주택,70.6,44.31,103.51,19931230,2,1,서울특별시 영등포구 대림동 1015-50번지
11560,13300,0,1015,0053,,,일반건축물,단독주택,다가구용단독주택(5가구),217.8,129.2,299.67,19950630,2,1,서울특별시 영등포구 대림동 1015-53번지
11560,13300,0,1015,0054,,,일반건축물,단독주택,다가구용단독주택(5가구),0,77.38,225.15,19921028,2,1,서울특별시 영등포구 대림동 1015-54번지
11560,13300,0,1015,0055,,,일반건축물,단독주택,주택,0,71.51,137.02,19740710,2,1,서울특별시 영등포구 대림동 1015-55번지
11560,13300,0,1015,0056,,,일반건축물,단독주택,주택,0,65.54,196.62,19891020,2,1,서울특별시 영등포구 대림동 1015-56번지
11560,13300,0,1015,0057,,,일반건축물,단독주택,"다가구주택(3가구), 근린생활시설",139,77.62,249.09,20011017,4,0,서울특별시 영등포구 대림동 1015-57번지
11560,13300,0,1015,0058,라온빌,,일반건축물,단독주택,단독주택,142,84.27,299.38,20160219,3,1,서울특별시 영등포구 대림동 1015-58번지
11560,13300,0,1015,0059,헤스티아,,일반건축물,단독주택,다중주택 및 근린생활시설,208,124.44,397.71,20240521,4,0,서울특별시 영등포구 대림동 1015-59번지
11560,13300,0,1015,0061,,,일반건축물,단독주택,주택,0,53.09,100.15,19740510,2,1,서울특별시 영등포구 대림동 1015-61번지
11560,13300,0,1015,0062,,,일반건축물,단독주택,다가구용단독주택(4가구),96,57.2,161.84,19951208,2,1,서울특별시 영등포구 대림동 1015-62번지
11560,13300,0,1015,0063,,,일반건축물,단독주택,다가구주택,106,63.53,242.08,19931202,3,1,서울특별시 영등포구 대림동 1015-63번지
11560,13300,0,1015,0064,,,일반건축물,단독주택,다가구용단독주택,116,68.05,199.86,19930906,2,1,서울특별시 영등포구 대림동 1015-64번지
11560,13300,0,1015,0065,,,일반건축물,단독주택,다가구용단독주택(4가구),122,66.58,248.54,19961026,3,1,서울특별시 영등포구 대림동 1015-65번지
11560,13300,0,1015,0066,,,일반건축물,단독주택,주택,0,57.16,171.48,19860729,2,1,서울특별시 영등포구 대림동 1015-66번지
11560,13300,0,1015,0067,,,일반건축물,단독주택,주택,0,55.9,167.7,19880625,2,1,서울특별시 영등포구 대림동 1015-67번지
11560,13300,0,1015,0069,,,일반건축물,단독주택,단독주택,89.04,48.08,143.36,20150826,4,0,서울특별시 영등포구 대림동 1015-69번지
11560,13300,0,1015,0070,,,일반건축물,단독주택,단독주택[다중주택],117.7,70.2,270.44,20151110,3,1,서울특별시 영등포구 대림동 1015-70번지
11560,13300,0,1016,0012,,,일반건축물,단독주택,주택,169,101.26,272.13,19740204,3,1,서울특별시 영등포구 대림동 1016-12번지
11560,13300,0,1016,0021,아데나팰리스,,표제부,공동주택,공동주택,587,281.88,1197.59,20160812,7,1,서울특별시 영등포구 대림동 1016-21번지
11560,13300,0,1016,0022,,,일반건축물,제2종근린생활시설,근린생활시설,0,68.33,119.24,19721014,2,0,서울특별시 영등포구 대림동 1016-22번지
11560,13300,0,1016,0023,,,일반건축물,단독주택,주택,0,46.44,135.91,19891026,2,1,서울특별시 영등포구 대림동 1016-23번지
11560,13300,0,1016,0024,,,일반건축물,제2종근린생활시설,"근린생활시설, 업무시설",961.58,477.75,3504.42,19940902,6,1,서울특별시 영등포구 대림동 1016-24번지
11560,13300,0,1016,0028,,,일반건축물,교육연구시설,교육연구시설,380,188.5,1016.3,19830819,4,1,서울특별시 영등포구 대림동 1016-28번지
11560,13300,0,1017,0003,,,일반건축물,제1종근린생활시설,"주택, 근린생활시설",0,211.7,564.3,19730201,3,1,서울특별시 영등포구 대림동 1017-3번지
11560,13300,0,1017,0004,,,표제부,공동주택,"주택, 점포",0,158.38,631.27,19770810,3,1,서울특별시 영등포구 대림동 1017-4번지
11560,13300,0,1017,0012,,,일반건축물,제1종근린생활시설,"근린생활시설,  다가구주택(4가구)",147.11,87.36,289.35,19940117,3,1,서울특별시 영등포구 대림동 1017-12번지
11560,13300,0,1017,0016,대창신용협동조합 대림1동지점,,일반건축물,제2종근린생활시설,제2종근린생활시설,205,121.31,236.18,20060816,2,0,서울특별시 영등포구 대림동 1017-16번지
11560,13300,0,1017,0024,,,일반건축물,단독주택,단독주택(다가구주택),186.7,66.1,233.76,19911228,3,1,서울특별시 영등포구 대림동 1017-24번지
11560,13300,0,1018,0001,,,일반건축물,단독주택,다가구용단독주택(5가구),126.15,75.35,193.95,19930621,2,1,서울특별시 영등포구 대림동 1018-1번지
11560,13300,0,1018,0002,,,일반건축물,단독주택,다가구주택(4가구),85.14,48.11,154.48,19940824,3,1,서울특별시 영등포구 대림동 1018-2번지
11560,13300,0,1018,0005,.,,일반건축물,단독주택,단독주택,225.42,107.61,329.35,20160824,3,1,서울특별시 영등포구 대림동 1018-5번지
11560,13300,0,1018,0007,,,일반건축물,단독주택,다가구주택(6가구),225,127.63,333.03,19931105,2,1,서울특별시 영등포구 대림동 1018-7번지
11560,13300,0,1018,0009,,,일반건축물,단독주택,다가구주택(5가구),134.78,80.69,220.5,19930612,2,1,서울특별시 영등포구 대림동 1018-9번지
11560,13300,0,1018,0010,크리에이션빌,,표제부,공동주택,공동주택,268,156.25,535.95,20160418,5,0,서울특별시 영등포구 대림동 1018-10번지
11560,13300,0,1018,0011,,,일반건축물,단독주택,단독주택,139,82.96,299.56,20160308,3,1,서울특별시 영등포구 대림동 1018-11번지
11560,13300,0,1018,0012,,,일반건축물,단독주택,단독주택,171.11,102.23,330.79,20180716,5,0,서울특별시 영등포구 대림동 1018-12번지
11560,13300,0,1018,0016,,,일반건축물,제2종근린생활시설,"제2종근린생활시설, 주택",0,106.48,232.63,19751219,2,1,서울특별시 영등포구 대림동 1018-16번지
11560,13300,0,1018,0018,,,일반건축물,단독주택,단독주택,134.22,80.23,284.7,20100826,3,1,서울특별시 영등포구 대림동 1018-18번지
11560,13300,0,1018,0021,,,일반건축물,단독주택,주택,0,88.53,96.07,19741218,1,1,서울특별시 영등포구 대림동 1018-21번지
11560,13300,0,1018,0022,,,일반건축물,단독주택,단독주택,112,67.16,223.89,20150716,5,0,서울특별시 영등포구 대림동 1018-22번지
11560,13300,0,1018,0023,,,일반건축물,제1종근린생활시설,근린생활시설,299.53,177.82,488.28,19850430,3,1,서울특별시 영등포구 대림동 1018-23번지
11560,13300,0,1018,0024,,,일반건축물,단독주택,다가구주택(5가구),139,82.52,222.82,19930705,2,1,서울특별시 영등포구 대림동 1018-24번지
11560,13300,0,1018,0028,,,일반건축물,단독주택,다가구용단독주택(6가구),0,63.51,185.58,19901013,2,1,서울특별시 영등포구 대림동 1018-28번지
11560,13300,0,1019,0003,,,일반건축물,제1종근린생활시설,"근린생활시설, 주택",0,82.98,331.92,19820827,3,1,서울특별시 영등포구 대림동 1019-3번지
11560,13300,0,1019,0004,,,일반건축물,단독주택,주택,0,78.35,233.07,19891113,2,1,서울특별시 영등포구 대림동 1019-4번지
11560,13300,0,1019,0005,,,일반건축물,단독주택,주택,0,59.06,180.78,19891229,2,1,서울특별시 영등포구 대림동 1019-5번지
11560,13300,0,1019,0007,대한예수교장로회 흰돌교회,,일반건축물,종교시설,종교시설(교육관),0,0,478.4,19950216,3,1,서울특별시 영등포구 대림동 1019-7번지
11560,13300,0,1019,0007,대한예수교장로회 흰돌교회,,일반건축물,종교시설,교회,0,0,2203.5,19841027,3,1,서울특별시 영등포구 대림동 1019-7번지
11560,13300,0,1019,0018,,,일반건축물,단독주택,단독주택,0,40.86,120.42,19901219,2,1,서울특별시 영등포구 대림동 1019-18번지
11560,13300,0,1019,0020,,,일반건축물,제2종근린생활시설,제2종근린생활시설(일반음식점),0,95.81,164.97,19750508,2,1,서울특별시 영등포구 대림동 1019-20번지
11560,13300,0,1019,0021,,,일반건축물,단독주택,"주택, 점포",0,96.86,165.06,19740919,2,0,서울특별시 영등포구 대림동 1019-21번지
11560,13300,0,1019,0022,베스트하우스2,,표제부,공동주택,공동주택,430,206.01,709.19,20160517,5,0,서울특별시 영등포구 대림동 1019-22번지
11560,13300,0,1019,0026,세화,,일반건축물,제1종근린생활시설,근린생활시설,0,92.44,489.61,19910617,4,1,서울특별시 영등포구 대림동 1019-26번지
11560,13300,0,1019,0027,서원빌,,일반건축물,단독주택,"단독주택,제2종근린생활시설",161,95.73,394.08,20170811,4,1,서울특별시 영등포구 대림동 1019-27번지
11560,13300,0,1020,0001,유니프론 빌딩,,일반건축물,제2종근린생활시설,근린생활시설,480.56,261.33,1423,19950914,4,2,서울특별시 영등포구 대림동 1020-1번지
11560,13300,0,1020,0002,,,일반건축물,단독주택,다가구주택(5가구),179,83.91,199.38,19930920,2,1,서울특별시 영등포구 대림동 1020-2번지
11560,13300,0,1020,0003,,,일반건축물,단독주택,주택,0,52.5,157.5,19880115,2,1,서울특별시 영등포구 대림동 1020-3번지
11560,13300,0,1020,0004,,,일반건축물,단독주택,주택,0,67.33,205.89,19900110,2,1,서울특별시 영등포구 대림동 1020-4번지
11560,13300,0,1020,0005,,,일반건축물,단독주택,다가구용단독주택(5가구),0,50.25,160.09,19910205,2,1,서울특별시 영등포구 대림동 1020-5번지
11560,13300,0,1020,0006,두호 i Life,,일반건축물,단독주택,제2종근린생활시설 및 단독주택(다중주택),166.26,99.6,415.78,20170705,4,1,서울특별시 영등포구 대림동 1020-6번지
11560,13300,0,1020,0008,,,일반건축물,단독주택,다가구용단독주택,142,94.41,255.18,19920319,3,1,서울특별시 영등포구 대림동 1020-8번지
11560,13300,0,1020,0009,,,표제부,공동주택,"공동주택,다세대주택",183.59,108.36,388.2,20030610,5,0,서울특별시 영등포구 대림동 1020-9번지
11560,13300,0,1020,0010,,,일반건축물,단독주택,주택,0,69.76,209.28,19890925,2,1,서울특별시 영등포구 대림동 1020-10번지
11560,13300,0,1020,0011,,,일반건축물,단독주택,주택,0,58.08,174.24,19891110,2,1,서울특별시 영등포구 대림동 1020-11번지
11560,13300,0,1020,0012,,,일반건축물,단독주택,다가구용단독주택(5가구),0,67.17,198.78,19920722,2,1,서울특별시 영등포구 대림동 1020-12번지
11560,13300,0,1020,0014,,,일반건축물,단독주택,단독주택,0,49.86,149.58,19910726,2,1,서울특별시 영등포구 대림동 1020-14번지
11560,13300,0,1020,0015,,,일반건축물,단독주택,단독주택,0,45.27,135.81,19901018,2,1,서울특별시 영등포구 대림동 1020-15번지
11560,13300,0,1020,0016,,,일반건축물,단독주택,단독주택,0,72.09,216.27,19910115,2,1,서울특별시 영등포구 대림동 1020-16번지
11560,13300,0,1020,0017,,,일반건축물,단독주택,단독주택,0,74.5,223.5,19901220,2,1,서울특별시 영등포구 대림동 1020-17번지
11560,13300,0,1020,0018,,,일반건축물,단독주택,주택,0,71.02,213.06,19881012,2,1,서울특별시 영등포구 대림동 1020-18번지
11560,13300,0,1020,0019,,,일반건축물,단독주택,다가구용단독주택(5가구),119.33,71.06,213.18,19961224,2,1,서울특별시 영등포구 대림동 1020-19번지
11560,13300,0,1020,0020,,,일반건축물,단독주택,다가구용단독주택(5가구),105.25,63.06,178.01,19950915,3,0,서울특별시 영등포구 대림동 1020-20번지
11560,13300,0,1020,0021,,,일반건축물,단독주택,단독주택,118.8,69.7,213.34,20180518,4,0,서울특별시 영등포구 대림동 1020-21번지
11560,13300,0,1020,0022,,,일반건축물,단독주택,다가구용단독주택(6가구),0,63.15,198.05,19921210,2,1,서울특별시 영등포구 대림동 1020-22번지
11560,13300,0,1020,0024,,,일반건축물,단독주택,다가구용단독주택(5가구),0,65.1,199.85,19901214,2,1,서울특별시 영등포구 대림동 1020-24번지
11560,13300,0,1020,0025,,,일반건축물,단독주택,다가구주택(5가구),133.2,67.77,212.01,20070109,4,0,서울특별시 영등포구 대림동 1020-25번지
11560,13300,0,1020,0028,,,일반건축물,단독주택,다가구주택(5가구),109.94,65.91,195.57,19930716,2,1,서울특별시 영등포구 대림동 1020-28번지
11560,13300,0,1020,0029,,,일반건축물,단독주택,주택,0,49.25,161.85,19890612,2,1,서울특별시 영등포구 대림동 1020-29번지
11560,13300,0,1020,0030,,,일반건축물,단독주택,주택,0,53.82,164.7,19890128,2,1,서울특별시 영등포구 대림동 1020-30번지
11560,13300,0,1020,0031,,,일반건축물,단독주택,주택,0,66.99,200.97,19900411,2,1,서울특별시 영등포구 대림동 1020-31번지
11560,13300,0,1020,0032,,,일반건축물,단독주택,단독주택,0,56.16,168.48,19901109,2,1,서울특별시 영등포구 대림동 1020-32번지
11560,13300,0,1020,0033,,,일반건축물,단독주택,단독주택,0,64.47,198.76,19901215,2,1,서울특별시 영등포구 대림동 1020-33번지
11560,13300,0,1020,0034,,,일반건축물,단독주택,단독주택,0,48,152.3,19901214,2,1,서울특별시 영등포구 대림동 1020-34번지
11560,13300,0,1020,0035,,,일반건축물,단독주택,단독주택,0,50.3,156.3,19901208,2,1,서울특별시 영등포구 대림동 1020-35번지
11560,13300,0,1020,0039,,,일반건축물,단독주택,다가구주택(5가구),120.42,71.5,187.2,19930911,2,1,서울특별시 영등포구 대림동 1020-39번지
11560,13300,0,1020,0040,,,일반건축물,단독주택,다가구용단독주택(5가구),0,49.97,149.91,19920825,2,1,서울특별시 영등포구 대림동 1020-40번지
11560,13300,0,1021,0001,,,일반건축물,단독주택,"근린생활시설, 주택",90.15,53.86,194.49,19940630,4,0,서울특별시 영등포구 대림동 1021-1번지
11560,13300,0,1021,0002,,,일반건축물,단독주택,다가구주택(5가구),159,94.68,299.46,19940914,3,1,서울특별시 영등포구 대림동 1021-2번지
11560,13300,0,1021,0003,,],일반건축물,단독주택,다가구주택(6가구),157.53,93.96,299.49,19940620,3,1,서울특별시 영등포구 대림동 1021-3번지
11560,13300,0,1021,0004,,,일반건축물,단독주택,"주택, 창고",0,23.97,23.97,19740613,1,0,서울특별시 영등포구 대림동 1021-4번지
11560,13300,0,1021,0005,,,일반건축물,단독주택,다가구용단독주택(5가구),117.9,70.28,195.58,19941230,2,1,서울특별시 영등포구 대림동 1021-5번지
11560,13300,0,1021,0006,,,일반건축물,단독주택,다가구용단독주택(5가구),144,86.28,240.86,19940325,2,1,서울특별시 영등포구 대림동 1021-6번지
11560,13300,0,1021,0007,,,일반건축물,단독주택,다가구용단독주택(7가구),136.1,81.64,288.6,19950302,3,1,서울특별시 영등포구 대림동 1021-7번지
11560,13300,0,1021,0008,대림동 다세대주택,,표제부,공동주택,다세대주택(4세대),152,88.14,305.37,20021128,4,0,서울특별시 영등포구 대림동 1021-8번지
11560,13300,0,1021,0011,,,일반건축물,단독주택,주택,142,78,144.67,19731228,2,1,서울특별시 영등포구 대림동 1021-11번지
11560,13300,0,1021,0012,,,일반건축물,단독주택,단독주택,138.9,81.6,297.09,20120126,3,1,서울특별시 영등포구 대림동 1021-12번지
11560,13300,0,1021,0013,,,일반건축물,단독주택,주택,0,53.73,161.19,19860902,2,1,서울특별시 영등포구 대림동 1021-13번지
11560,13300,0,1021,0014,,,일반건축물,단독주택,다가구용단독주택,132,77.86,178.75,19950609,2,1,서울특별시 영등포구 대림동 1021-14번지
11560,13300,0,1021,0015,,,일반건축물,단독주택,다가구용단독주택(7가구),142.15,83.74,298.72,19950907,3,1,서울특별시 영등포구 대림동 1021-15번지
11560,13300,0,1021,0017,,,일반건축물,단독주택,다가구용단독주택(3가구),102,59.57,109.84,19950504,2,0,서울특별시 영등포구 대림동 1021-17번지
11560,13300,0,1021,0018,,,일반건축물,단독주택,단독주택,0,63.72,191.16,19901218,2,1,서울특별시 영등포구 대림동 1021-18번지
11560,13300,0,1021,0019,리우빌딩,,일반건축물,단독주택,단독(다가구)주택 및 제2종근린생활시설,135.9,79.94,269.51,20210504,5,0,서울특별시 영등포구 대림동 1021-19번지
11560,13300,0,1021,0021,,,일반건축물,단독주택,다가구용단독주택(7가구),130.47,78.21,297.54,19950624,3,1,서울특별시 영등포구 대림동 1021-21번지
11560,13300,0,1021,0025,,,일반건축물,단독주택,다가구용단독주택(5가구),0,80.99,246.12,19910226,2,1,서울특별시 영등포구 대림동 1021-25번지
11560,13300,0,1021,0026,,,일반건축물,제1종근린생활시설,"근린생활시설, 주택",0,95.46,286.38,19860514,2,1,서울특별시 영등포구 대림동 1021-26번지
11560,13300,0,1021,0032,,,일반건축물,단독주택,주택,0,81.4,244.2,19881020,2,1,서울특별시 영등포구 대림동 1021-32번지
11560,13300,0,1022,0001,,,일반건축물,단독주택,다가구용단독주택(5가구),0,62.27,183.93,19911211,2,1,서울특별시 영등포구 대림동 1022-1번지
11560,13300,0,1022,0003,,,일반건축물,근린생활시설,"주택, 근린생활시설",0,0,243.78,19750922,1,1,서울특별시 영등포구 대림동 1022-3번지
11560,13300,0,1022,0004,,,일반건축물,단독주택,"근린생활시설 , 단독주택",198,116.87,533.12,19951027,4,1,서울특별시 영등포구 대림동 1022-4번지
11560,13300,0,1022,0011,,,일반건축물,단독주택,주택,0,43.44,130.32,19860626,2,1,서울특별시 영등포구 대림동 1022-11번지
11560,13300,0,1022,0012,,,일반건축물,단독주택,다가구용단독주택(5가구),99,52.77,127.51,19941228,2,1,서울특별시 영등포구 대림동 1022-12번지
11560,13300,0,1022,0014,,,일반건축물,단독주택,다가구주택(5가구),109,64.7,194.1,19931123,2,1,서울특별시 영등포구 대림동 1022-14번지
11560,13300,0,1022,0015,,,일반건축물,단독주택,다가구용단독주택(6가구),0,65.84,197.52,19911202,2,1,서울특별시 영등포구 대림동 1022-15번지
11560,13300,0,1022,0016,,,일반건축물,단독주택,다가구용단독주택(3가구),0,45.93,137.79,19900707,2,1,서울특별시 영등포구 대림동 1022-16번지
11560,13300,0,1022,0017,,,일반건축물,단독주택,주택,0,67.24,131.9,19740816,2,1,서울특별시 영등포구 대림동 1022-17번지
11560,13300,0,1022,0018,,,일반건축물,단독주택,다가구용단독주택(8가구),0,105.46,316.38,19900831,2,1,서울특별시 영등포구 대림동 1022-18번지
11560,13300,0,1022,0021,,,일반건축물,단독주택,단독주택 및 근린생활시설,160,95.86,408.92,20190731,4,1,서울특별시 영등포구 대림동 1022-21번지
11560,13300,0,1022,0022,,,일반건축물,제1종근린생활시설,"근린생활시설, 주택",0,111.4,210.5,19741126,2,1,서울특별시 영등포구 대림동 1022-22번지
11560,13300,0,1022,0023,,,일반건축물,단독주택,다가구주택(5가구),122,73.07,199.23,19930819,2,1,서울특별시 영등포구 대림동 1022-23번지
11560,13300,0,1022,0024,,,일반건축물,단독주택,다가구주택(6가구),119.97,70.73,199.05,19930818,2,1,서울특별시 영등포구 대림동 1022-24번지
11560,13300,0,1022,0025,,,일반건축물,제1종근린생활시설,"점포, 주택, 사무실",0,118.02,238.55,19740813,2,1,서울특별시 영등포구 대림동 1022-25번지
11560,13300,0,1022,0026,,,일반건축물,제1종근린생활시설,"근린생활시설, 다가구주택",0,83.76,331.14,19870321,3,1,서울특별시 영등포구 대림동 1022-26번지
11560,13300,0,1022,0029,,,일반건축물,단독주택,"근린생활시설, 주택",0,109.22,191.7,19740830,2,0,서울특별시 영등포구 대림동 1022-29번지
11560,13300,0,1022,0032,,,일반건축물,제2종근린생활시설,제2종근린생활시설,195,109.5,401.42,20110726,4,0,서울특별시 영등포구 대림동 1022-32번지
11560,13300,0,1022,0033,,,일반건축물,단독주택,다가구용단독주택,228,135.46,492.16,19970707,3,1,서울특별시 영등포구 대림동 1022-33번지
11560,13300,0,1022,0034,형지하이츠,,표제부,공동주택,공동주택,301.62,180.9,603.18,20221207,5,0,서울특별시 영등포구 대림동 1022-34번지
11560,13300,0,1022,0036,,,일반건축물,단독주택,단독주택,149,89.1,322.72,20110509,3,1,서울특별시 영등포구 대림동 1022-36번지
11560,13300,0,1022,0037,,,일반건축물,단독주택,주택,0,83.2,158.19,19741228,2,1,서울특별시 영등포구 대림동 1022-37번지
11560,13300,0,1022,0038,샤인빌,,표제부,공동주택,도생(단지형다세대),349.53,209.07,659.93,20251120,6,0,서울특별시 영등포구 대림동 1022-38번지
11560,13300,0,1022,0040,,,일반건축물,단독주택,단독주택,136,67.42,228.43,19900806,3,1,서울특별시 영등포구 대림동 1022-40번지
11560,13300,0,1023,0003,,,일반건축물,단독주택,"점포, 주택",0,99.4,170.65,19741127,2,1,서울특별시 영등포구 대림동 1023-3번지
11560,13300,0,1023,0004,,,일반건축물,단독주택,다가구용단독주택,163.25,93.45,263.72,20020522,3,0,서울특별시 영등포구 대림동 1023-4번지
11560,13300,0,1023,0005,,,일반건축물,단독주택,다가구주택(7가구),136,85.08,221.3,19930709,3,1,서울특별시 영등포구 대림동 1023-5번지
11560,13300,0,1023,0006,,,일반건축물,단독주택,주택,0,67.68,203.04,19881129,2,1,서울특별시 영등포구 대림동 1023-6번지
11560,13300,0,1023,0007,,,일반건축물,단독주택,주택,0,66.78,200.34,19881207,2,1,서울특별시 영등포구 대림동 1023-7번지
11560,13300,0,1023,0008,,,일반건축물,단독주택,주택,0,56.37,169.11,19890114,2,1,서울특별시 영등포구 대림동 1023-8번지
11560,13300,0,1023,0009,,,일반건축물,단독주택,주택,0,57.94,173.82,19890320,2,1,서울특별시 영등포구 대림동 1023-9번지
11560,13300,0,1023,0010,,,일반건축물,단독주택,다가구용단독주택(4가구),0,46.88,136.49,19910716,2,1,서울특별시 영등포구 대림동 1023-10번지
11560,13300,0,1023,0011,,,일반건축물,단독주택,다가구용단독주택(5가구),0,52.54,154.26,19910716,2,1,서울특별시 영등포구 대림동 1023-11번지
11560,13300,0,1023,0012,,,일반건축물,단독주택,다가구용단독주택(5가구),0,75.64,220.68,19910622,2,1,서울특별시 영등포구 대림동 1023-12번지
11560,13300,0,1023,0013,,,표제부,공동주택,"근린생활시설,다세대주택",282.02,147.74,661.78,20021024,5,0,서울특별시 영등포구 대림동 1023-13번지
11560,13300,0,1023,0015,,,일반건축물,단독주택,주택,0,82.18,167.62,19741210,2,1,서울특별시 영등포구 대림동 1023-15번지
11560,13300,0,1023,0016,,,일반건축물,단독주택,주택,0,60.53,181.59,19881201,2,1,서울특별시 영등포구 대림동 1023-16번지
11560,13300,0,1023,0017,,,일반건축물,단독주택,주택,0,60.93,182.79,19881111,2,1,서울특별시 영등포구 대림동 1023-17번지
11560,13300,0,1023,0018,,,일반건축물,단독주택,다가구용단독주택(5가구),0,66.15,202.89,19910320,2,1,서울특별시 영등포구 대림동 1023-18번지
11560,13300,0,1023,0019,,,일반건축물,단독주택,주택,0,64.94,194.78,19881227,2,1,서울특별시 영등포구 대림동 1023-19번지
11560,13300,0,1023,0020,,,일반건축물,단독주택,주택,0,71.28,218.04,19881201,2,1,서울특별시 영등포구 대림동 1023-20번지
11560,13300,0,1023,0021,,,일반건축물,단독주택,주택,0,67.3,201.9,19881201,2,1,서울특별시 영등포구 대림동 1023-21번지
11560,13300,0,1023,0022,,,일반건축물,단독주택,주택,0,79.05,237.15,19880922,2,1,서울특별시 영등포구 대림동 1023-22번지
11560,13300,0,1023,0023,,,일반건축물,단독주택,주택,0,52.83,158.49,19880923,2,1,서울특별시 영등포구 대림동 1023-23번지
11560,13300,0,1023,0024,,,일반건축물,단독주택,주택,0,67.16,201.48,19881129,2,1,서울특별시 영등포구 대림동 1023-24번지
11560,13300,0,1023,0025,,,일반건축물,단독주택,주택,0,70.46,211.38,19880701,2,1,서울특별시 영등포구 대림동 1023-25번지
11560,13300,0,1023,0026,,,일반건축물,단독주택,주택,0,59.45,178.35,19881129,2,1,서울특별시 영등포구 대림동 1023-26번지
11560,13300,0,1023,0027,,,일반건축물,단독주택,다가구용단독주택(5가구),0,67,191.2,19921118,2,1,서울특별시 영등포구 대림동 1023-27번지
11560,13300,0,1023,0029,,,일반건축물,단독주택,다가구용단독주택(5가구),0,50.91,149.76,19921118,2,1,서울특별시 영등포구 대림동 1023-29번지
11560,13300,0,1023,0030,,,일반건축물,단독주택,다가구용단독주택(5가구),119,70.3,177.65,19950111,2,1,서울특별시 영등포구 대림동 1023-30번지
11560,13300,0,1023,0034,,,일반건축물,단독주택,다가구용단독주택(5가구),0,67.78,207.39,19921118,2,1,서울특별시 영등포구 대림동 1023-34번지
11560,13300,0,1024,0002,,,일반건축물,제2종근린생활시설,"점포, 주택",0,96.2,195.37,19770818,2,1,서울특별시 영등포구 대림동 1024-2번지
11560,13300,0,1024,0011,,,일반건축물,제2종근린생활시설,"근린생활시설, 주택",0,121.65,238.08,19750227,2,1,서울특별시 영등포구 대림동 1024-11번지
11560,13300,0,1024,0012,,,일반건축물,단독주택,다가구용단독주택(5가구),0,62.75,183.57,19920730,2,1,서울특별시 영등포구 대림동 1024-12번지
11560,13300,0,1024,0013,,,일반건축물,단독주택,다가구용단독주택(6가구),0,76.76,216.12,19920731,2,1,서울특별시 영등포구 대림동 1024-13번지
11560,13300,0,1024,0014,,,일반건축물,단독주택,다가구용단독주택(7가구),0,91.47,275.58,19920824,2,1,서울특별시 영등포구 대림동 1024-14번지
11560,13300,0,1024,0015,,,일반건축물,단독주택,다가구용단독주택(4가구),0,66.64,199.92,19920731,2,1,서울특별시 영등포구 대림동 1024-15번지
11560,13300,0,1024,0016,,,일반건축물,단독주택,다가구용단독주택(5가구),125.44,75.22,209.66,19961211,2,1,서울특별시 영등포구 대림동 1024-16번지
11560,13300,0,1024,0017,,,일반건축물,단독주택,주택,0,60.8,182.4,19880711,2,1,서울특별시 영등포구 대림동 1024-17번지
11560,13300,0,1024,0020,,,일반건축물,단독주택,다가구용단독주택(6가구),132,72.21,228.48,19910219,3,1,서울특별시 영등포구 대림동 1024-20번지
11560,13300,0,1024,0021,,,일반건축물,단독주택,"주택, 근린생활시설",132,89.44,169.95,19750227,2,1,서울특별시 영등포구 대림동 1024-21번지
11560,13300,0,1024,0023,,,일반건축물,단독주택,단독주택(다중주택) 및 근린생활시설,207.6,124.52,414.69,20190320,4,0,서울특별시 영등포구 대림동 1024-23번지
11560,13300,0,1024,0024,해맑은,,일반건축물,단독주택,단독주택,159.28,95.51,313.56,20170712,4,0,서울특별시 영등포구 대림동 1024-24번지
11560,13300,0,1024,0025,,,일반건축물,단독주택,다가구용단독주택(4가구),115.18,71.08,187.84,19951214,2,1,서울특별시 영등포구 대림동 1024-25번지
11560,13300,0,1025,0003,,,일반건축물,단독주택,주택,0,52.47,157.41,19880617,2,1,서울특별시 영등포구 대림동 1025-3번지
11560,13300,0,1025,0009,더행복한집,,표제부,공동주택,공동주택 및 근린생활시설,217.42,129.62,433.04,20131118,5,0,서울특별시 영등포구 대림동 1025-9번지
11560,13300,0,1025,0010,,,일반건축물,단독주택,단독(다중)주택,135.3,81.12,248,20201130,3,1,서울특별시 영등포구 대림동 1025-10번지
11560,13300,0,1025,0013,,,일반건축물,제1종근린생활시설,"근린생활시설, 주택",0,65.32,126.15,19711223,2,1,서울특별시 영등포구 대림동 1025-13번지
11560,13300,0,1025,0015,,,일반건축물,단독주택,주택,0,61.34,122.72,19711223,2,1,서울특별시 영등포구 대림동 1025-15번지
11560,13300,0,1025,0016,,,표제부,공동주택,다세대주택(8세대),259.01,154.81,620.21,20020202,5,0,서울특별시 영등포구 대림동 1025-16번지
11560,13300,0,1025,0017,,,일반건축물,단독주택,주택,0,65.13,195.39,19890508,2,1,서울특별시 영등포구 대림동 1025-17번지
11560,13300,0,1025,0018,,,일반건축물,단독주택,단독주택,0,64.89,199.71,,2,1,서울특별시 영등포구 대림동 1025-18번지
11560,13300,0,1025,0019,,,일반건축물,단독주택,단독주택,0,64.74,194.22,19900911,2,1,서울특별시 영등포구 대림동 1025-19번지
11560,13300,0,1025,0020,대림하이츠,,표제부,공동주택,다세대(14세대),264.61,158.6,528.88,20220930,5,0,서울특별시 영등포구 대림동 1025-20번지
11560,13300,0,1025,0021,,,일반건축물,단독주택,주택,0,62.97,191.49,19891031,2,1,서울특별시 영등포구 대림동 1025-21번지
11560,13300,0,1025,0022,,,일반건축물,단독주택,"근린생활시설,다가구주택",126,74.98,289.68,20030620,4,0,서울특별시 영등포구 대림동 1025-22번지
11560,13300,0,1025,0023,,,일반건축물,단독주택,주택,0,78.27,234.81,19890331,2,1,서울특별시 영등포구 대림동 1025-23번지
11560,13300,0,1025,0024,,,일반건축물,단독주택,주택,0,70.65,211.95,19881201,2,1,서울특별시 영등포구 대림동 1025-24번지
11560,13300,0,1025,0025,,,일반건축물,단독주택,주택,0,67.26,204.58,19860610,2,1,서울특별시 영등포구 대림동 1025-25번지
11560,13300,0,1025,0028,,,일반건축물,단독주택,다가구용단독주택(6가구),167,98.82,264.78,19931101,2,1,서울특별시 영등포구 대림동 1025-28번지
11560,13300,0,1025,0029,,,일반건축물,단독주택,단독주택,152,89.86,309.62,20130823,3,1,서울특별시 영등포구 대림동 1025-29번지
11560,13300,0,1025,0030,,,일반건축물,단독주택,다가구주택(5가구),136,79.45,199.58,19930611,2,1,서울특별시 영등포구 대림동 1025-30번지
11560,13300,0,1025,0031,,,일반건축물,단독주택,주택,0,57.38,176.69,19880617,2,1,서울특별시 영등포구 대림동 1025-31번지
11560,13300,0,1025,0032,,,일반건축물,단독주택,다가구용단독주택,151.36,73.17,236.01,19910107,3,1,서울특별시 영등포구 대림동 1025-32번지
11560,13300,0,1025,0033,,,일반건축물,단독주택,다가구용단독주택(3가구),0,66.34,199.02,19920312,2,1,서울특별시 영등포구 대림동 1025-33번지
11560,13300,0,1025,0034,,,일반건축물,단독주택,다가구용단독주택(7가구),142,83.48,299.7,19970814,3,1,서울특별시 영등포구 대림동 1025-34번지
11560,13300,0,1025,0035,,,일반건축물,단독주택,주택,0,68.04,204.12,19890204,2,1,서울특별시 영등포구 대림동 1025-35번지
11560,13300,0,1025,0042,,,일반건축물,단독주택,다가구용단독주택(6가구),0,66.21,198.63,19911221,2,1,서울특별시 영등포구 대림동 1025-42번지
11560,13300,0,1025,0043,,,일반건축물,단독주택,단독주택,0,71.89,215.67,19911218,2,1,서울특별시 영등포구 대림동 1025-43번지
11560,13300,0,1025,0044,,,일반건축물,단독주택,주택,0,58.44,179.22,19880727,2,1,서울특별시 영등포구 대림동 1025-44번지
11560,13300,0,1025,0045,,,일반건축물,단독주택,단독주택,115.7,65.73,277.29,20190129,4,1,서울특별시 영등포구 대림동 1025-45번지
11560,13300,0,1025,0048,,,일반건축물,제1종근린생활시설,"점포, 주택",0,89.19,154.98,19740601,2,0,서울특별시 영등포구 대림동 1025-48번지
11560,13300,0,1025,0049,에버홈타운,,일반건축물,단독주택,다가구주택 및 근린생활시설,267.3,155.52,533.53,20121026,5,0,서울특별시 영등포구 대림동 1025-49번지
11560,13300,0,1025,0051,,,일반건축물,단독주택,주택,0,83.8,93.22,19741112,1,1,서울특별시 영등포구 대림동 1025-51번지
11560,13300,0,1025,0055,,,일반건축물,단독주택,단독주택,188,112.61,365.74,20150323,4,0,서울특별시 영등포구 대림동 1025-55번지
11560,13300,0,1025,0057,JS파밀리에,,일반건축물,단독주택,다중주택 및 근린생활시설,239,142.48,474.72,20230627,4,0,서울특별시 영등포구 대림동 1025-57번지
11560,13300,0,1025,0058,바다빌,,일반건축물,단독주택,단독주택,124,74.36,272.03,20170217,3,1,서울특별시 영등포구 대림동 1025-58번지
11560,13300,0,1025,0059,,,일반건축물,단독주택,주택,0,68.58,205.74,19891113,2,1,서울특별시 영등포구 대림동 1025-59번지
11560,13300,0,1025,0060,,,일반건축물,단독주택,단독주택,0,65.52,196.56,19901219,2,1,서울특별시 영등포구 대림동 1025-60번지
11560,13300,0,1025,0061,,,일반건축물,단독주택,단독주택,0,69.48,208.44,19900928,2,1,서울특별시 영등포구 대림동 1025-61번지
11560,13300,0,1025,0062,,,일반건축물,단독주택,주택,0,69.63,208.89,19890927,2,1,서울특별시 영등포구 대림동 1025-62번지
11560,13300,0,1025,0064,,,일반건축물,단독주택,다가구용단독주택(8가구),139,78.12,261,19920115,3,1,서울특별시 영등포구 대림동 1025-64번지
11560,13300,0,1025,0065,,,일반건축물,단독주택,주택,0,72.73,148.41,19741129,2,1,서울특별시 영등포구 대림동 1025-65번지
11560,13300,0,1025,0066,,,일반건축물,단독주택,주택,0,56.3,118.58,19760713,2,1,서울특별시 영등포구 대림동 1025-66번지
11560,13300,0,1025,0068,펠리체,,표제부,공동주택,근린생활시설 및 다세대주택,186.75,110.58,372.46,20120620,5,0,서울특별시 영등포구 대림동 1025-68번지
11560,13300,0,1025,0069,,,일반건축물,단독주택,단독주택,181,96.71,299.28,20170119,3,1,서울특별시 영등포구 대림동 1025-69번지
11560,13300,0,1025,0070,포스빌,,일반건축물,단독주택,다중주택,155,92.16,299.46,20111216,3,1,서울특별시 영등포구 대림동 1025-70번지
11560,13300,0,1025,0071,,,일반건축물,단독주택,다중주택,131.99,77.98,278.97,20120329,3,1,서울특별시 영등포구 대림동 1025-71번지
11560,13300,0,1025,0073,,,일반건축물,제2종근린생활시설,"근린생활시설, 주택",162,95.54,448.32,19970901,4,1,서울특별시 영등포구 대림동 1025-73번지
11560,13300,0,1025,0074,대림동 1025-74 단독주택 (김경주),,일반건축물,단독주택,다중주택,149,89.1,323.4,20110314,3,1,서울특별시 영등포구 대림동 1025-74번지
11560,13300,0,1025,0075,,,일반건축물,단독주택,주택,142,70.74,248.78,19890509,3,1,서울특별시 영등포구 대림동 1025-75번지
11560,13300,0,1025,0076,,,일반건축물,단독주택,다가구용단독주택(5가구),0,78.99,236.97,19911101,2,1,서울특별시 영등포구 대림동 1025-76번지
11560,13300,0,1025,0081,,,일반건축물,단독주택,다가구용단독주택(5가구),132,78.84,231.43,19960621,2,1,서울특별시 영등포구 대림동 1025-81번지
11560,13300,0,1025,0082,,,일반건축물,단독주택,주택,0,65.82,203.28,19890905,2,1,서울특별시 영등포구 대림동 1025-82번지
11560,13300,0,1025,0083,,,일반건축물,단독주택,주택,0,66.3,198.9,19890705,2,1,서울특별시 영등포구 대림동 1025-83번지
11560,13300,0,1025,0085,,,일반건축물,단독주택,단독주택(다중주택),182,101.8,329.59,20180426,3,1,서울특별시 영등포구 대림동 1025-85번지
11560,13300,0,1025,0086,,,일반건축물,단독주택,주택,0,67.41,202.23,19891122,2,1,서울특별시 영등포구 대림동 1025-86번지
11560,13300,0,1025,0087,,,일반건축물,단독주택,단독주택,0,57.48,172.44,19901017,2,1,서울특별시 영등포구 대림동 1025-87번지
11560,13300,0,1025,0088,,,일반건축물,단독주택,단독주택 및 근린생활시설,128.9,75.27,300.45,20190130,4,1,서울특별시 영등포구 대림동 1025-88번지
11560,13300,0,1025,0091,,,일반건축물,단독주택,주택,0,56.3,118.58,19761011,2,1,서울특별시 영등포구 대림동 1025-91번지
11560,13300,0,1025,0094,,,일반건축물,제2종근린생활시설,근린생활시설,263,134.04,599.7,19940610,4,1,서울특별시 영등포구 대림동 1025-94번지
11560,13300,0,1026,0001,,,일반건축물,단독주택,다가구용단독주택(4가구),0,71.19,222.99,19901204,2,1,서울특별시 영등포구 대림동 1026-1번지
11560,13300,0,1026,0002,,,일반건축물,단독주택,다가구용단독주택(6가구),117.12,66.96,224.42,19910625,3,1,서울특별시 영등포구 대림동 1026-2번지
11560,13300,0,1026,0007,,,일반건축물,단독주택,다가구주택(5가구),129,72.39,252.9,20020827,3,1,서울특별시 영등포구 대림동 1026-7번지
11560,13300,0,1026,0008,,,일반건축물,단독주택,다가구용단독주택(5가구),0,66.36,199.08,19910918,2,1,서울특별시 영등포구 대림동 1026-8번지
11560,13300,0,1026,0009,,,일반건축물,단독주택,다가구용단독주택(3가구),0,70.9,204.24,19910830,2,1,서울특별시 영등포구 대림동 1026-9번지
11560,13300,0,1026,0010,,,일반건축물,단독주택,다가구용단독주택(6가구),139,66.94,223.16,19911113,3,1,서울특별시 영등포구 대림동 1026-10번지
11560,13300,0,1026,0011,,,일반건축물,단독주택,"점포, 주택",0,60.17,139.41,19740809,2,1,서울특별시 영등포구 대림동 1026-11번지
11560,13300,0,1026,0012,,,일반건축물,단독주택,다가구주택(7가구),155.1,92.44,239.91,19931012,2,1,서울특별시 영등포구 대림동 1026-12번지
11560,13300,0,1026,0014,,,일반건축물,단독주택,주택,0,70.58,211.74,19870611,2,1,서울특별시 영등포구 대림동 1026-14번지
11560,13300,0,1026,0015,다은빌,,일반건축물,단독주택,단독주택 및 제2종근린생활시설,145,86.18,312.95,20180206,4,1,서울특별시 영등포구 대림동 1026-15번지
11560,13300,0,1026,0016,W빌,,일반건축물,단독주택,단독주택,136,81.04,309.22,20180525,4,1,서울특별시 영등포구 대림동 1026-16번지
11560,13300,0,1026,0017,,,일반건축물,단독주택,다가구용단독주택(5가구),0,69.48,208.44,19910916,2,1,서울특별시 영등포구 대림동 1026-17번지
11560,13300,0,1026,0018,,,일반건축물,단독주택,단독주택,0,67.88,207.74,19900719,2,1,서울특별시 영등포구 대림동 1026-18번지
11560,13300,0,1026,0019,,,일반건축물,단독주택,주택,0,70.79,221.2,19890608,2,1,서울특별시 영등포구 대림동 1026-19번지
11560,13300,0,1026,0021,,,일반건축물,단독주택,단독주택,0,72.15,216.45,19921106,2,1,서울특별시 영등포구 대림동 1026-21번지
11560,13300,0,1026,0022,,,일반건축물,단독주택,다가구용단독주택(5가구),0,75.3,223.74,19901107,2,1,서울특별시 영등포구 대림동 1026-22번지
11560,13300,0,1026,0024,,,일반건축물,단독주택,다가구용단독주택(7가구),117,70.02,268.92,19951124,3,1,서울특별시 영등포구 대림동 1026-24번지
11560,13300,0,1026,0025,,,일반건축물,단독주택,다가구주택(7가구),112,71.16,190.35,19900322,3,1,서울특별시 영등포구 대림동 1026-25번지
11560,13300,0,1026,0026,,,일반건축물,단독주택,다가구용단독주택(5가구),0,59.44,181.4,19911108,2,1,서울특별시 영등포구 대림동 1026-26번지
11560,13300,0,1026,0027,,,일반건축물,단독주택,"주택, 점포",0,68.92,125.11,19740926,2,1,서울특별시 영등포구 대림동 1026-27번지
11560,13300,0,1026,0028,,,일반건축물,제1종근린생활시설,"점포, 주택",0,74.18,133.03,19750319,2,1,서울특별시 영등포구 대림동 1026-28번지
11560,13300,0,1026,0029,대림올바른하우스,,일반건축물,단독주택,"단독(다중)주택, 근린생활시설",119,71.39,268.62,20201023,3,1,서울특별시 영등포구 대림동 1026-29번지
11560,13300,0,1026,0030,,,일반건축물,단독주택,다가구용단독주택(5가구),0,66.33,198.99,19920115,2,1,서울특별시 영등포구 대림동 1026-30번지
11560,13300,0,1026,0031,,,일반건축물,단독주택,주택,0,60.45,181.35,19891221,2,1,서울특별시 영등포구 대림동 1026-31번지
11560,13300,0,1026,0032,,,일반건축물,단독주택,다가구용단독주택(5가구),0,68.76,206.28,19921209,2,1,서울특별시 영등포구 대림동 1026-32번지
11560,13300,0,1026,0033,,,일반건축물,단독주택,단독주택,0,67.76,203.28,19901011,2,1,서울특별시 영등포구 대림동 1026-33번지
11560,13300,0,1026,0034,,,일반건축물,단독주택,단독주택,0,69.28,207.84,19900928,2,1,서울특별시 영등포구 대림동 1026-34번지
11560,13300,0,1026,0036,레이나,,표제부,공동주택,다세대주택,289,173.16,499.81,20141121,5,0,서울특별시 영등포구 대림동 1026-36번지
11560,13300,0,1026,0040,,,일반건축물,단독주택,단독주택,0,58.41,176.35,19900828,2,1,서울특별시 영등포구 대림동 1026-40번지
11560,13300,0,1026,0041,,,일반건축물,단독주택,단독주택,0,55.33,166.26,19910803,2,1,서울특별시 영등포구 대림동 1026-41번지
11560,13300,0,1027,0001,,,일반건축물,단독주택,다가구주택,149,88.75,256.97,20081217,4,0,서울특별시 영등포구 대림동 1027-1번지
11560,13300,0,1027,0002,,,표제부,공동주택,공동주택,307,183.15,585.31,20160720,5,0,서울특별시 영등포구 대림동 1027-2번지
11560,13300,0,1027,0003,,,일반건축물,단독주택,다가구용단독주택(6가구),114.24,68.46,257.2,19961205,3,1,서울특별시 영등포구 대림동 1027-3번지
11560,13300,0,1027,0007,,,일반건축물,단독주택,주택,0,75.21,230.58,19880719,2,1,서울특별시 영등포구 대림동 1027-7번지
11560,13300,0,1027,0008,,,일반건축물,단독주택,주택,0,63.95,200.41,19870721,2,1,서울특별시 영등포구 대림동 1027-8번지
11560,13300,0,1027,0009,,,일반건축물,단독주택,주택,0,72.27,216,19880907,2,1,서울특별시 영등포구 대림동 1027-9번지
11560,13300,0,1027,0010,,,일반건축물,단독주택,다가구용단독주택,134.59,79.4,228.55,20020111,3,0,서울특별시 영등포구 대림동 1027-10번지
11560,13300,0,1027,0011,,,일반건축물,단독주택,다가구용단독주택(4가구),0,42.68,130.84,19911017,2,1,서울특별시 영등포구 대림동 1027-11번지
11560,13300,0,1027,0012,,,일반건축물,단독주택,주택,119,59.46,198.52,19880719,3,1,서울특별시 영등포구 대림동 1027-12번지
11560,13300,0,1027,0013,,,일반건축물,단독주택,다가구용단독주택(3가구),106,63.5,179.1,19960918,2,1,서울특별시 영등포구 대림동 1027-13번지
11560,13300,0,1027,0014,,,일반건축물,단독주택,다가구용단독주택(7가구),0,67.24,200.12,19900917,2,1,서울특별시 영등포구 대림동 1027-14번지
11560,13300,0,1027,0015,,,일반건축물,단독주택,단독주택,0,59.2,182.85,19900817,2,1,서울특별시 영등포구 대림동 1027-15번지
11560,13300,0,1027,0016,,,일반건축물,단독주택,"주택, 점포",0,66.68,128.96,19740613,2,1,서울특별시 영등포구 대림동 1027-16번지
11560,13300,0,1027,0018,,,일반건축물,단독주택,단독주택,0,44.04,132.12,19921216,2,1,서울특별시 영등포구 대림동 1027-18번지
11560,13300,0,1027,0019,,,일반건축물,단독주택,주택,112,55.32,172.26,19850909,2,1,서울특별시 영등포구 대림동 1027-19번지
11560,13300,0,1027,0020,,,일반건축물,단독주택,다가구용단독주택(5가구),0,54.2,158.12,19910719,2,1,서울특별시 영등포구 대림동 1027-20번지
11560,13300,0,1027,0021,,,일반건축물,단독주택,다가구용단독주택(5가구),0,64.59,193.77,19911101,2,1,서울특별시 영등포구 대림동 1027-21번지
11560,13300,0,1027,0022,,,일반건축물,단독주택,주택,116.6,56.64,177.04,19850920,2,1,서울특별시 영등포구 대림동 1027-22번지
11560,13300,0,1027,0025,,,일반건축물,제1종근린생활시설,근린생활시설,0,145.58,281.86,19770316,2,1,서울특별시 영등포구 대림동 1027-25번지
11560,13300,0,1027,0026,,,일반건축물,제1종근린생활시설,"근린생활시설, 주택",0,165.92,515.28,19750704,3,1,서울특별시 영등포구 대림동 1027-26번지
11560,13300,0,1027,0028,,,일반건축물,단독주택,"근린생활시설(사무실),주택",0,151.74,446.69,19751202,3,1,서울특별시 영등포구 대림동 1027-28번지
11560,13300,0,1027,0029,,,일반건축물,단독주택,다가구용단독주택(6가구),0,74.56,225.12,19910412,2,1,서울특별시 영등포구 대림동 1027-29번지
11560,13300,0,1027,0030,,,일반건축물,단독주택,다가구용단독주택(7가구),0,82.48,249.84,19910626,2,1,서울특별시 영등포구 대림동 1027-30번지
11560,13300,0,1027,0031,수호아트빌,,일반건축물,단독주택,단독주택,165,98.25,301.98,20190726,4,0,서울특별시 영등포구 대림동 1027-31번지
11560,13300,0,1027,0032,,,일반건축물,단독주택,다가구주택,165,98.87,251.25,20141128,4,0,서울특별시 영등포구 대림동 1027-32번지
11560,13300,0,1027,0033,,,일반건축물,단독주택,다가구용단독주택(7가구),0,80.9,246.66,19901015,2,1,서울특별시 영등포구 대림동 1027-33번지
11560,13300,0,1027,0034,스타빌,,일반건축물,단독주택,단독주택 및 제2종근린생활시설,162,96.88,392.15,20170825,4,1,서울특별시 영등포구 대림동 1027-34번지
11560,13300,0,1027,0035,,,일반건축물,단독주택,다가구용단독주택(4가구),0,61.77,185.31,19900928,2,1,서울특별시 영등포구 대림동 1027-35번지
11560,13300,0,1027,0036,,,일반건축물,단독주택,주택,0,77.4,232.2,19890421,2,1,서울특별시 영등포구 대림동 1027-36번지
11560,13300,0,1027,0037,,,일반건축물,단독주택,주택,0,73.44,220.32,19890928,2,1,서울특별시 영등포구 대림동 1027-37번지
11560,13300,0,1027,0038,,,일반건축물,단독주택,주택,0,64.46,193.38,19860916,2,1,서울특별시 영등포구 대림동 1027-38번지
11560,13300,0,1027,0039,,,일반건축물,단독주택,다가구용단독주택(5가구),145,73.07,149.4,19930127,2,1,서울특별시 영등포구 대림동 1027-39번지
11560,13300,0,1027,0041,,,일반건축물,단독주택,단독주택,0,73.44,220.02,19911107,2,1,서울특별시 영등포구 대림동 1027-41번지
11560,13300,0,1027,0042,삼양빌,,일반건축물,단독주택,단독주택,142,85.14,283.68,20201008,4,0,서울특별시 영등포구 대림동 1027-42번지
11560,13300,0,1027,0043,,,일반건축물,단독주택,다가구주택(7가구),149,89.36,259.18,19930630,2,1,서울특별시 영등포구 대림동 1027-43번지
11560,13300,0,1027,0044,,,일반건축물,단독주택,주택,0,74.08,226.16,19890526,2,1,서울특별시 영등포구 대림동 1027-44번지
11560,13300,0,1027,0045,,,일반건축물,단독주택,"근린생활시설, 다가구주택",231,135.35,616.18,20011126,5,0,서울특별시 영등포구 대림동 1027-45번지
11560,13300,0,1027,0047,,,일반건축물,단독주택,다가구용단독주택(7가구),0,84.36,248.88,19901205,2,1,서울특별시 영등포구 대림동 1027-47번지
11560,13300,0,1027,0048,,,일반건축물,단독주택,다가구용단독주택(6가구),0,75.67,229.01,19901205,2,1,서울특별시 영등포구 대림동 1027-48번지
11560,13300,0,1027,0049,,,일반건축물,단독주택,다가구주택(5가구),152,91.15,256.83,19931020,2,1,서울특별시 영등포구 대림동 1027-49번지
11560,13300,0,1028,0002,,,일반건축물,단독주택,다가구용단독주택,314,172.59,613.44,19980501,3,1,서울특별시 영등포구 대림동 1028-2번지
11560,13300,0,1028,0004,,,일반건축물,제2종근린생활시설,"점포, 근린생활시설(장의사), 사무실, 식당",0,373.89,823.64,19760525,2,1,서울특별시 영등포구 대림동 1028-4번지
11560,13300,0,1028,0005,,,일반건축물,제2종근린생활시설,"단독주택, 근린생활시설",232.06,126.05,491.05,19970813,4,1,서울특별시 영등포구 대림동 1028-5번지
11560,13300,0,1028,0006,,,표제부,공동주택,공동주택(다세대주택),131.75,75.97,268.94,20020912,4,0,서울특별시 영등포구 대림동 1028-6번지
11560,13300,0,1028,0007,,,일반건축물,단독주택,다가구주택(5가구),146.4,84.63,279.79,20020919,4,0,서울특별시 영등포구 대림동 1028-7번지
11560,13300,0,1028,0008,,,일반건축물,단독주택,다가구용단독주택(7가구),0,109.74,329.94,19921028,2,1,서울특별시 영등포구 대림동 1028-8번지
11560,13300,0,1028,0011,,,일반건축물,단독주택,주택,0,56.69,119.99,19751101,2,1,서울특별시 영등포구 대림동 1028-11번지
11560,13300,0,1028,0012,,,일반건축물,단독주택,주택,0,56.3,118.58,19751023,2,1,서울특별시 영등포구 대림동 1028-12번지
11560,13300,0,1028,0013,,,일반건축물,단독주택,다가구용단독주택(5가구),89.5,53.39,160.17,19960816,3,0,서울특별시 영등포구 대림동 1028-13번지
11560,13300,0,1028,0014,,,일반건축물,단독주택,주택,0,51.21,62.08,19760624,1,1,서울특별시 영등포구 대림동 1028-14번지
11560,13300,0,1028,0015,,,일반건축물,단독주택,주택,0,60.32,119.55,19750807,2,1,서울특별시 영등포구 대림동 1028-15번지
11560,13300,0,1028,0016,,,일반건축물,단독주택,주택,0,59.44,121.2,19750915,2,1,서울특별시 영등포구 대림동 1028-16번지
11560,13300,0,1028,0017,,,일반건축물,단독주택,주택,0,71.17,81.95,19750128,1,1,서울특별시 영등포구 대림동 1028-17번지
11560,13300,0,1028,0018,,,일반건축물,단독주택,다가구주택(7가구),112,75.32,301.28,20060925,3,1,서울특별시 영등포구 대림동 1028-18번지
11560,13300,0,1028,0019,뚜리빌,,표제부,공동주택,도시형생활주택(원룸형) 및 근린생활시설,263.56,150.87,527.07,20130731,5,0,서울특별시 영등포구 대림동 1028-19번지
11560,13300,0,1030,0005,,,일반건축물,단독주택,주택,0,69.12,207.36,19880924,2,1,서울특별시 영등포구 대림동 1030-5번지
11560,13300,0,1030,0006,,,일반건축물,업무시설,"근린생활시설, 업무시설",469,269.46,811.17,19961217,2,1,서울특별시 영등포구 대림동 1030-6번지
11560,13300,0,1031,0001,,,일반건축물,제2종근린생활시설,"근린생활시설, 주택",0,336.24,1499.41,19900924,4,1,서울특별시 영등포구 대림동 1031-1번지
11560,13300,0,1031,0002,,,일반건축물,제2종근린생활시설,근린생활시설,106,62.74,161.58,19750409,3,0,서울특별시 영등포구 대림동 1031-2번지
11560,13300,0,1031,0004,정현빌딩,,일반건축물,노유자시설,노유자시설,449,247.47,890.98,20230207,5,0,서울특별시 영등포구 대림동 1031-4번지
11560,13300,0,1031,0005,,,일반건축물,제1종근린생활시설,근린생활시설,43,24.3,24.3,20000105,1,0,서울특별시 영등포구 대림동 1031-5번지
11560,13300,0,1032,0001,청림빌딩,,일반건축물,제2종근린생활시설,근린생활시설,202.35,105.38,627.78,19930400,5,1,서울특별시 영등포구 대림동 1032-1번지
11560,13300,0,1032,0002,,,일반건축물,제2종근린생활시설,제2종근린생활시설,0,66.15,131.87,19770420,2,1,서울특별시 영등포구 대림동 1032-2번지
11560,13300,0,1032,0003,,,일반건축물,단독주택,다가구용단독주택(5가구),0,73.08,219.24,19920605,2,1,서울특별시 영등포구 대림동 1032-3번지
11560,13300,0,1032,0004,,,일반건축물,제1종근린생활시설,"점포, 주택",0,68.2,125.89,19740305,2,1,서울특별시 영등포구 대림동 1032-4번지
11560,13300,0,1032,0005,,,일반건축물,단독주택,"근린생활시설, 주택",0,59.4,193.32,19890610,3,1,서울특별시 영등포구 대림동 1032-5번지
11560,13300,0,1032,0006,,,일반건축물,제1종근린생활시설,"점포, 주택, 일반음식점",0,93.19,133.69,19740726,2,0,서울특별시 영등포구 대림동 1032-6번지
11560,13300,0,1032,0007,,,일반건축물,단독주택,"주택, 근린생활시설",85,54.98,115.5,19740117,2,1,서울특별시 영등포구 대림동 1032-7번지
11560,13300,0,1032,0008,,,일반건축물,단독주택,주택,0,67.37,67.37,19711202,1,0,서울특별시 영등포구 대림동 1032-8번지
11560,13300,0,1032,0009,사랑플러스,,일반건축물,단독주택,단독주택(제2종근린생활시설),117.7,70.12,296.24,20170804,4,1,서울특별시 영등포구 대림동 1032-9번지
11560,13300,0,1032,0010,,,일반건축물,제2종근린생활시설,제2종근린생활시설,142,79.37,151.83,19770120,2,0,서울특별시 영등포구 대림동 1032-10번지
11560,13300,0,1032,0011,,,일반건축물,단독주택,단독주택,146.9,72.85,218.55,20060330,3,0,서울특별시 영등포구 대림동 1032-11번지
11560,13300,0,1032,0012,,,일반건축물,단독주택,주택,0,76.13,164.13,19731010,2,1,서울특별시 영등포구 대림동 1032-12번지
11560,13300,0,1032,0013,,,일반건축물,단독주택,단독주택(다가구주택),143.4,85.93,238.04,20130404,4,0,서울특별시 영등포구 대림동 1032-13번지
11560,13300,0,1032,0014,대영빌딩,,일반건축물,제2종근린생활시설,"제1,2종근린생활시설, 단독주택",140.2,84.07,279.39,20121227,4,0,서울특별시 영등포구 대림동 1032-14번지
11560,13300,0,1032,0016,,,일반건축물,단독주택,다가구주택,175,103.28,176.15,20080923,2,0,서울특별시 영등포구 대림동 1032-16번지
11560,13300,0,1032,0017,,,일반건축물,제1종근린생활시설,"점포, 주택",0,108.96,234.06,19731205,2,1,서울특별시 영등포구 대림동 1032-17번지
11560,13300,0,1032,0018,,,일반건축물,제2종근린생활시설,"점포, 사무실, 주택",0,69.29,207.87,19750723,3,0,서울특별시 영등포구 대림동 1032-18번지
11560,13300,0,1032,0019,,,일반건축물,제1종근린생활시설,점포,0,76.03,209.59,19791228,2,1,서울특별시 영등포구 대림동 1032-19번지
11560,13300,0,1032,0022,,,일반건축물,제1종근린생활시설,"점포, 주택",0,63.87,136.73,19761223,2,1,서울특별시 영등포구 대림동 1032-22번지
11560,13300,0,1032,0023,,,일반건축물,단독주택,주택,0,79.56,238.68,19881103,2,1,서울특별시 영등포구 대림동 1032-23번지
11560,13300,0,1032,0024,,,일반건축물,제2종근린생활시설,"근린생활시설, 주택",154.48,92.2,202.97,19750611,3,1,서울특별시 영등포구 대림동 1032-24번지
11560,13300,0,1032,0025,혜룡빌딩,,표제부,공동주택,다세대주택 및 근린생활시설,383.8,174,766.07,20131031,6,0,서울특별시 영등포구 대림동 1032-25번지
11560,13300,0,1032,0026,,,일반건축물,제1종근린생활시설,"근린생활시설, 주택",0,75.76,399.5,19910618,4,1,서울특별시 영등포구 대림동 1032-26번지
11560,13300,0,1033,0000,,,일반건축물,단독주택,"점포, 주택",0,111.73,224.47,19780218,2,1,서울특별시 영등포구 대림동 1033번지
11560,13300,0,1033,0003,아튼빌,,일반건축물,단독주택,"단독주택 ,다중주택",170,101.59,325.55,20141013,3,1,서울특별시 영등포구 대림동 1033-3번지
11560,13300,0,1033,0004,,,일반건축물,단독주택,"주택, 점포",0,92.89,193.39,19780223,2,1,서울특별시 영등포구 대림동 1033-4번지
11560,13300,0,1033,0005,,,일반건축물,단독주택,"제1종근린생활시설,다가구 주택",176,105.35,365.88,20030904,4,0,서울특별시 영등포구 대림동 1033-5번지
11560,13300,0,1033,0006,,,일반건축물,단독주택,주택,0,85.29,160.33,19780510,2,1,서울특별시 영등포구 대림동 1033-6번지
11560,13300,0,1033,0007,영빌리지,,일반건축물,단독주택,"단독주택,제2종근린생활시설",163.65,96.8,399.13,20170802,4,1,서울특별시 영등포구 대림동 1033-7번지
11560,13300,0,1033,0008,,,일반건축물,단독주택,주택,0,59.83,124.62,19781214,2,1,서울특별시 영등포구 대림동 1033-8번지
11560,13300,0,1033,0009,,,일반건축물,단독주택,다가구주택(7가구),162.8,90.6,286.41,19940507,3,1,서울특별시 영등포구 대림동 1033-9번지
11560,13300,0,1033,0011,신광주택,,일반건축물,단독주택,단독(다가구)주택,186,109.5,415.26,19911210,3,1,서울특별시 영등포구 대림동 1033-11번지
11560,13300,0,1033,0012,구립행복경로당,,일반건축물,단독주택,주택,0,80.99,200.99,19700922,2,1,서울특별시 영등포구 대림동 1033-12번지
11560,13300,0,1033,0013,,,일반건축물,단독주택,다가구용단독주택(7가구),168,100.63,337.24,19960924,3,1,서울특별시 영등포구 대림동 1033-13번지
11560,13300,0,1033,0014,,,표제부,공동주택,공동주택,168,97.29,334.52,20111121,5,0,서울특별시 영등포구 대림동 1033-14번지
11560,13300,0,1033,0015,,,일반건축물,제1종근린생활시설,"점포, 주택",0,98.85,208.26,19780218,2,1,서울특별시 영등포구 대림동 1033-15번지
11560,13300,0,1033,0016,,,일반건축물,단독주택,"점포, 주택",0,94.88,193.07,19780508,2,1,서울특별시 영등포구 대림동 1033-16번지
11560,13300,0,1033,0017,,,일반건축물,제2종근린생활시설,"근린생활시설(소매점, 사무소)",178,114.32,242.34,19780517,3,1,서울특별시 영등포구 대림동 1033-17번지
11560,13300,0,1033,0018,,,일반건축물,단독주택,주택,0,82.98,159.68,19780517,2,1,서울특별시 영등포구 대림동 1033-18번지
11560,13300,0,1033,0020,,,일반건축물,단독주택,단독주택,132,78.96,297.36,20170126,3,1,서울특별시 영등포구 대림동 1033-20번지
11560,13300,0,1034,0002,,,일반건축물,제1종근린생활시설,"점포, 주택",0,58.74,67.63,19750523,1,1,서울특별시 영등포구 대림동 1034-2번지
11560,13300,0,1034,0003,,,일반건축물,제1종근린생활시설,"근린생활시설, 주택",0,53,246.18,19840810,4,1,서울특별시 영등포구 대림동 1034-3번지
11560,13300,0,1034,0004,,,일반건축물,단독주택,"주택, 점포",0,94.85,204.2,19750123,2,1,서울특별시 영등포구 대림동 1034-4번지
11560,13300,0,1034,0005,,,일반건축물,단독주택,"다가구용단독주택, 점포",125.94,75.26,222.23,19980819,3,0,서울특별시 영등포구 대림동 1034-5번지
11560,13300,0,1035,0001,,,일반건축물,제1종근린생활시설,"근린생활시설, 주택",182.02,105.22,622.07,19971107,5,1,서울특별시 영등포구 대림동 1035-1번지
11560,13300,0,1035,0003,,,일반건축물,제1종근린생활시설,"근리생활시설, 주택",0,113,583.53,19880404,4,1,서울특별시 영등포구 대림동 1035-3번지
11560,13300,0,1035,0004,,,일반건축물,제2종근린생활시설,"근린생활시설, 주택",255,150.31,442.67,19760507,3,1,서울특별시 영등포구 대림동 1035-4번지
11560,13300,0,1035,0009,,,일반건축물,단독주택,"점포, 주택",0,90.91,211.57,19780713,2,1,서울특별시 영등포구 대림동 1035-9번지
11560,13300,0,1035,0010,,,일반건축물,단독주택,다가구용단독주택,162,96.9,353.8,19971212,3,1,서울특별시 영등포구 대림동 1035-10번지
11560,13300,0,1035,0011,,,일반건축물,제1종근린생활시설,근린생활시설,0,102.64,402.79,19910415,3,1,서울특별시 영등포구 대림동 1035-11번지
11560,13300,0,1035,0012,,,일반건축물,단독주택,"주택, 점포",0,81.98,163.96,19780804,2,1,서울특별시 영등포구 대림동 1035-12번지
11560,13300,0,1035,0013,,,일반건축물,제1종근린생활시설,"점포, 주택",0,81.32,178.51,19780617,2,1,서울특별시 영등포구 대림동 1035-13번지
11560,13300,0,1036,0001,,,일반건축물,제1종근린생활시설,근린생활시설,282.73,169.09,821.78,19971208,4,1,서울특별시 영등포구 대림동 1036-1번지
11560,13300,0,1036,0003,,,일반건축물,제1종근린생활시설,"근린생활시설, 단독주택",152,91.08,414.12,19980608,4,1,서울특별시 영등포구 대림동 1036-3번지
11560,13300,0,1036,0006,,,일반건축물,제1종근린생활시설,"근린생활시설, 주택",0,102.42,494.1,19911126,4,1,서울특별시 영등포구 대림동 1036-6번지
11560,13300,0,1036,0007,,,일반건축물,단독주택,다가구용단독주택(5가구),0,65.5,196.5,19901010,2,1,서울특별시 영등포구 대림동 1036-7번지
11560,13300,0,1036,0008,,,일반건축물,단독주택,주택,0,80.69,234.21,19891011,2,1,서울특별시 영등포구 대림동 1036-8번지
11560,13300,0,1036,0010,,,일반건축물,단독주택,다가구용단독주택(5가구),0,62.4,191.1,19900824,2,1,서울특별시 영등포구 대림동 1036-10번지
11560,13300,0,1036,0011,,,일반건축물,단독주택,다가구주택(5가구),142,78.32,209.58,19941214,2,1,서울특별시 영등포구 대림동 1036-11번지
11560,13300,0,1036,0012,,,일반건축물,단독주택,단독주택,0,49.25,147.75,19900904,2,1,서울특별시 영등포구 대림동 1036-12번지
11560,13300,0,1036,0013,,,일반건축물,제1종근린생활시설,"점포, 주택",0,68.47,136.28,19760114,2,1,서울특별시 영등포구 대림동 1036-13번지
11560,13300,0,1036,0014,,,일반건축물,제1종근린생활시설,"근린생활시설, 주택",0,48.92,182.49,19861007,3,1,서울특별시 영등포구 대림동 1036-14번지
11560,13300,0,1037,0002,,,일반건축물,단독주택,다중주택 및 근린생활시설,221,131.34,422.75,20221107,4,0,서울특별시 영등포구 대림동 1037-2번지
11560,13300,0,1037,0003,,,일반건축물,단독주택,주택,0,62.54,187.62,19881104,2,1,서울특별시 영등포구 대림동 1037-3번지
11560,13300,0,1037,0004,,,일반건축물,단독주택,주택,0,97.02,288.9,19881123,2,1,서울특별시 영등포구 대림동 1037-4번지
11560,13300,0,1037,0005,,,일반건축물,단독주택,다가구용단독주택(5가구),0,67.05,199.05,19911213,2,1,서울특별시 영등포구 대림동 1037-5번지
11560,13300,0,1037,0006,,,일반건축물,단독주택,단독주택,108.29,64.61,187.74,20170714,3,1,서울특별시 영등포구 대림동 1037-6번지
11560,13300,0,1037,0007,,,일반건축물,단독주택,단독주택,111.63,66.87,159.66,20130102,3,0,서울특별시 영등포구 대림동 1037-7번지
11560,13300,0,1037,0008,현석하우스,,일반건축물,단독주택,다가구주택,179.26,106.86,300.15,20121214,4,0,서울특별시 영등포구 대림동 1037-8번지
11560,13300,0,1037,0010,,,일반건축물,제1종근린생활시설,"근린생활시설, 주택",0,56.53,149.15,19820811,3,1,서울특별시 영등포구 대림동 1037-10번지
11560,13300,0,1037,0011,,,일반건축물,제1종근린생활시설,"점포, 주택",0,56.59,205.59,19880829,3,1,서울특별시 영등포구 대림동 1037-11번지
11560,13300,0,1037,0012,,,일반건축물,단독주택,주택,0,49.26,150.93,19890428,2,1,서울특별시 영등포구 대림동 1037-12번지
11560,13300,0,1037,0013,,,일반건축물,단독주택,주택,0,57.02,176.04,19870829,2,1,서울특별시 영등포구 대림동 1037-13번지
11560,13300,0,1037,0014,,,일반건축물,단독주택,주택,0,57.02,171.06,19860902,2,1,서울특별시 영등포구 대림동 1037-14번지
11560,13300,0,1037,0015,,,일반건축물,단독주택,주택,0,58.58,171.74,19881116,2,1,서울특별시 영등포구 대림동 1037-15번지
11560,13300,0,1037,0018,,,일반건축물,단독주택,"근린생활시설, 다가구주택",168.95,97.94,299.54,19941214,3,1,서울특별시 영등포구 대림동 1037-18번지
11560,13300,0,1037,0020,,,일반건축물,단독주택,"근린생활시설, 다가구주택",257.2,146.64,425.86,19940913,3,1,서울특별시 영등포구 대림동 1037-20번지
11560,13300,0,1037,0021,,,일반건축물,단독주택,"다중주택,단독주택",99,58.53,166.93,20120329,3,0,서울특별시 영등포구 대림동 1037-21번지
11560,13300,0,1037,0022,,,일반건축물,단독주택,주택,0,49.15,147.45,19871214,2,1,서울특별시 영등포구 대림동 1037-22번지
11560,13300,0,1037,0022,,,일반건축물,단독주택,주택,0,59.34,65.92,19750617,1,1,서울특별시 영등포구 대림동 1037-22번지
11560,13300,0,1037,0023,,,일반건축물,단독주택,다가구주택,106,50.58,148.14,19910919,2,1,서울특별시 영등포구 대림동 1037-23번지
11560,13300,0,1037,0025,,,일반건축물,단독주택,주택,0,56.43,167.49,19880722,2,1,서울특별시 영등포구 대림동 1037-25번지
11560,13300,0,1037,0026,,,일반건축물,단독주택,주택,0,49.35,148.05,19880808,2,1,서울특별시 영등포구 대림동 1037-26번지
11560,13300,0,1037,0027,,,일반건축물,단독주택,주택,0,52.11,156.33,19880809,2,1,서울특별시 영등포구 대림동 1037-27번지
11560,13300,0,1037,0029,대림리치빌,,표제부,공동주택,공동주택,225,132.88,448.12,20161215,5,0,서울특별시 영등포구 대림동 1037-29번지
11560,13300,0,1037,0030,대림중앙시장 고객쉼터,,일반건축물,제1종근린생활시설,제1종근린생활시설(사무소),215.98,104.73,99.75,20230901,1,0,서울특별시 영등포구 대림동 1037-30번지
11560,13300,0,1037,0034,,,일반건축물,단독주택,주택,0,62.4,187.2,19880604,2,1,서울특별시 영등포구 대림동 1037-34번지
11560,13300,0,1037,0035,,,일반건축물,단독주택,단독주택(다중주택),132,79.15,297.7,20150716,3,1,서울특별시 영등포구 대림동 1037-35번지
11560,13300,0,1037,0036,,,표제부,단독주택,"다세대주택,근린생활시설",252.47,144.69,433.67,20060516,4,0,서울특별시 영등포구 대림동 1037-36번지
11560,13300,0,1037,0039,,,표제부,공동주택,도시형생활주택,181.43,100.83,234.575,20130816,4,0,서울특별시 영등포구 대림동 1037-39번지
11560,13300,0,1037,0040,,,일반건축물,단독주택,주택,0,57.53,172.59,19881109,2,1,서울특별시 영등포구 대림동 1037-40번지
11560,13300,0,1039,0001,,,일반건축물,단독주택,"근린생활시설, 주택",0,83.6,165.82,19760113,2,1,서울특별시 영등포구 대림동 1039-1번지
11560,13300,0,1039,0002,,,일반건축물,단독주택,주택,0,60.82,186.3,19880831,2,1,서울특별시 영등포구 대림동 1039-2번지
11560,13300,0,1039,0003,,,일반건축물,단독주택,주택,0,60.48,181.44,19880809,2,1,서울특별시 영등포구 대림동 1039-3번지
11560,13300,0,1039,0004,,,일반건축물,단독주택,주택,0,63.5,193.86,19870807,2,1,서울특별시 영등포구 대림동 1039-4번지
11560,13300,0,1039,0005,,,표제부,공동주택,다세대주택,0,64.32,192.96,19860626,2,1,서울특별시 영등포구 대림동 1039-5번지
11560,13300,0,1039,0006,,,일반건축물,단독주택,주택,0,63.34,193.32,19870908,2,1,서울특별시 영등포구 대림동 1039-6번지
11560,13300,0,1039,0008,,,일반건축물,단독주택,단독주택,0,67.71,203.13,19901117,2,1,서울특별시 영등포구 대림동 1039-8번지
11560,13300,0,1039,0009,,,일반건축물,단독주택,단독주택,0,66.58,199.74,19901116,2,1,서울특별시 영등포구 대림동 1039-9번지
11560,13300,0,1039,0010,,,일반건축물,단독주택,다가구용단독주택(5가구),132,76.64,179.4,19960516,2,1,서울특별시 영등포구 대림동 1039-10번지
11560,13300,0,1039,0011,,,일반건축물,단독주택,주택,0,64.35,191.77,19870810,2,1,서울특별시 영등포구 대림동 1039-11번지
11560,13300,0,1039,0013,,,일반건축물,제1종근린생활시설,근린생활시설,337,186.53,776.48,19941129,5,1,서울특별시 영등포구 대림동 1039-13번지
11560,13300,0,1039,0015,,,일반건축물,제2종근린생활시설,근린생활시설,237,130.95,582.12,19970813,4,1,서울특별시 영등포구 대림동 1039-15번지
11560,13300,0,1047,0002,,,일반건축물,제1종근린생활시설,근린생활시설,224,18.23,18.23,20090915,1,0,서울특별시 영등포구 대림동 1047-2번지
11560,13300,0,1047,0002,,,일반건축물,단독주택,주택,224,0,331.11,19840201,2,1,서울특별시 영등포구 대림동 1047-2번지
11560,13300,0,1047,0004,,,일반건축물,단독주택,다가구용단독주택(5가구),0,66.66,199.98,19920806,2,1,서울특별시 영등포구 대림동 1047-4번지
11560,13300,0,1047,0008,,,일반건축물,단독주택,다가구용단독주택(5가구),0,62.19,181.82,19920806,2,1,서울특별시 영등포구 대림동 1047-8번지
11560,13300,0,1047,0009,,,일반건축물,단독주택,다가구용단독주택(3가구),0,61.9,179.37,19920808,2,1,서울특별시 영등포구 대림동 1047-9번지
11560,13300,0,1047,0010,,,일반건축물,단독주택,주택,0,61.95,185.85,19870810,2,1,서울특별시 영등포구 대림동 1047-10번지
11560,13300,0,1047,0011,大吉타운,,일반건축물,단독주택,"다가구주택, 근린생활시설",403,195.44,769.73,20170823,5,0,서울특별시 영등포구 대림동 1047-11번지
11560,13300,0,1048,0002,,,일반건축물,제2종근린생활시설,제2종근린생활시설(사무소),0,66.51,199.53,19910706,2,1,서울특별시 영등포구 대림동 1048-2번지
11560,13300,0,1048,0003,,,일반건축물,단독주택,주택,0,47.6,142.8,19870618,2,1,서울특별시 영등포구 대림동 1048-3번지
11560,13300,0,1048,0004,,,일반건축물,단독주택,주택,102,49.14,151.92,19870527,2,1,서울특별시 영등포구 대림동 1048-4번지
11560,13300,0,1048,0005,,,일반건축물,단독주택,다가구용단독주택(5가구),0,57.39,178.07,19920825,2,1,서울특별시 영등포구 대림동 1048-5번지
11560,13300,0,1048,0008,,,일반건축물,제1종근린생활시설,제1종근린생활시설,233,139.65,600.84,20090930,4,1,서울특별시 영등포구 대림동 1048-8번지
11560,13300,0,1048,0009,,,일반건축물,단독주택,다세대주택,0,48.75,146.25,19861030,2,1,서울특별시 영등포구 대림동 1048-9번지
11560,13300,0,1048,0011,해성빌딩,,표제부,제2종근린생활시설,제2종근린생활시설(근린생활시설),224.59,124.82,822.04,20210602,5,2,서울특별시 영등포구 대림동 1048-11번지
11560,13300,0,1049,0000,골든타워,,일반건축물,제2종근린생활시설,"제2종근린생활시설,다가구주택",214.19,118.41,786.62,20121210,9,1,서울특별시 영등포구 대림동 1049번지
11560,13300,0,1049,0005,,,일반건축물,제2종근린생활시설,제2종근린생활시설,116,63.91,182.99,19880922,2,1,서울특별시 영등포구 대림동 1049-5번지
11560,13300,0,1050,0001,,,일반건축물,제1종근린생활시설,"근린생활시설, 주택",0,137.18,685.9,19840720,4,1,서울특별시 영등포구 대림동 1050-1번지
11560,13300,0,1050,0002,,,일반건축물,제2종근린생활시설,주택,310,76.7,230.1,19860107,2,1,서울특별시 영등포구 대림동 1050-2번지
11560,13300,0,1050,0003,,,일반건축물,제1종근린생활시설,"근린생활시설, 주택",0,96.12,354.01,19860410,3,1,서울특별시 영등포구 대림동 1050-3번지
11560,13300,0,1050,0010,,,일반건축물,제1종근린생활시설,근린생활시설,0,83.27,346.28,19860718,3,1,서울특별시 영등포구 대림동 1050-10번지
11560,13300,0,1050,0013,,,일반건축물,제1종근린생활시설,"근린생활시설, 업무시설",733,374.06,1912.92,19891122,4,1,서울특별시 영등포구 대림동 1050-13번지
11560,13300,0,1050,0027,,,일반건축물,제1종근린생활시설,근린생활시설,0,102.14,408.56,19800926,3,1,서울특별시 영등포구 대림동 1050-27번지
11560,13300,0,1050,0028,,,일반건축물,제1종근린생활시설,근린생활시설,0,116.16,609.84,19861231,4,1,서울특별시 영등포구 대림동 1050-28번지
11560,13300,0,1050,0029,,,일반건축물,제2종근린생활시설,근린생활시설,0,87.72,434.88,19850119,4,1,서울특별시 영등포구 대림동 1050-29번지
11560,13300,0,1050,0030,,,일반건축물,제2종근린생활시설,"근린생활시설, 주택",0,113.28,543.98,19850826,4,1,서울특별시 영등포구 대림동 1050-30번지
11560,13300,0,1050,0040,건설스마트빌딩,,일반건축물,제1종근린생활시설,제2종근린생활시설,1048,562.88,6341.71,20200410,10,3,서울특별시 영등포구 대림동 1050-40번지
11560,13300,0,1050,0048,,,일반건축물,제2종근린생활시설,제2종근린생활시설,145,69.78,205.38,19880506,2,1,서울특별시 영등포구 대림동 1050-48번지
11560,13300,0,1051,0000,,,일반건축물,단독주택,주택,0,81.9,235.68,19841002,2,1,서울특별시 영등포구 대림동 1051번지
11560,13300,0,1051,0001,현대아트빌,,표제부,공동주택,다세대주택,291,172.405,657.5,20051220,5,0,서울특별시 영등포구 대림동 1051-1번지
11560,13300,0,1051,0002,,,일반건축물,제2종근린생활시설,근린생활시설,268,146.5,929.18,20061103,7,0,서울특별시 영등포구 대림동 1051-2번지
11560,13300,0,1051,0003,시온,,일반건축물,제2종근린생활시설,다가구주택및제2종근린생활시설,259.8,154.58,912.2,20200416,7,1,서울특별시 영등포구 대림동 1051-3번지
11560,13300,0,1051,0004,효천오피스텔,,표제부,업무시설,업무시설,249,138.78,736.15,20050129,7,0,서울특별시 영등포구 대림동 1051-4번지
11560,13300,0,1051,0009,,,일반건축물,제2종근린생활시설,"제1,2종근린생활시설",123,71.74,245.87,19811215,3,1,서울특별시 영등포구 대림동 1051-9번지
11560,13300,0,1051,0023,대림빌딩,,일반건축물,제2종근린생활시설,"근린생활시설, 다중주택",109,59.42,327.66,20200624,5,1,서울특별시 영등포구 대림동 1051-23번지
11560,13300,0,1051,0025,백산빌딩,,표제부,공동주택,공동주택및교육연구시설,165,91.8,564.08,20140513,7,1,서울특별시 영등포구 대림동 1051-25번지
11560,13300,0,1051,0070,,,일반건축물,단독주택,주택,66,51.12,51.12,19850629,1,0,서울특별시 영등포구 대림동 1051-70번지
11560,13300,0,1051,0072,,,일반건축물,단독주택,주택,26,12.04,12.04,19850629,1,0,서울특별시 영등포구 대림동 1051-72번지
11560,13300,0,1051,0084,,,일반건축물,제1종근린생활시설,근린생활시설,238,115.68,578.4,19850502,4,1,서울특별시 영등포구 대림동 1051-84번지
11560,13300,0,1052,0001,,,일반건축물,단독주택,다가구용단독주택(5가구),0,77.92,232.93,19910827,2,1,서울특별시 영등포구 대림동 1052-1번지
11560,13300,0,1052,0004,삼광빌딩,,일반건축물,제2종근린생활시설,근린생활시설 및 단독주택,245,121.82,779.4,20180425,7,1,서울특별시 영등포구 대림동 1052-4번지
11560,13300,0,1052,0006,,,일반건축물,단독주택,단독주택,132,72.94,209.79,19910704,3,1,서울특별시 영등포구 대림동 1052-6번지
11560,13300,0,1052,0007,다온빌딩,,일반건축물,제2종근린생활시설,근생및다가구주택,124.61,72.61,307.23,20230714,5,0,서울특별시 영등포구 대림동 1052-7번지
11560,13300,0,1052,0010,,,일반건축물,단독주택,주택,0,53.98,60.72,19741227,1,1,서울특별시 영등포구 대림동 1052-10번지
11560,13300,0,1052,0011,,,일반건축물,단독주택,다가구용단독주택(6가구),0,57.55,172.65,19910730,2,1,서울특별시 영등포구 대림동 1052-11번지
11560,13300,0,1052,0012,,,일반건축물,단독주택,주택,93,51.65,166.36,19870914,3,1,서울특별시 영등포구 대림동 1052-12번지
11560,13300,0,1052,0013,,,일반건축물,단독주택,주택,96,56.3,131.63,19760917,3,1,서울특별시 영등포구 대림동 1052-13번지
11560,13300,0,1052,0014,,,일반건축물,단독주택,주택,0,47.04,141.12,19871229,2,1,서울특별시 영등포구 대림동 1052-14번지
11560,13300,0,1052,0015,,,일반건축물,단독주택,주택,96,47.55,166.97,19890309,3,1,서울특별시 영등포구 대림동 1052-15번지
11560,13300,0,1052,0016,,,일반건축물,제1종근린생활시설,"근린생활시설(점포), 주택",0,89.81,379.37,19850315,3,1,서울특별시 영등포구 대림동 1052-16번지
11560,13300,0,1052,0018,,,일반건축물,단독주택,"주택, 점포",0,51.47,102.94,19740607,2,0,서울특별시 영등포구 대림동 1052-18번지
11560,13300,0,1052,0019,,,일반건축물,단독주택,주택,95.7,47.72,143.16,19860224,2,1,서울특별시 영등포구 대림동 1052-19번지
11560,13300,0,1052,0020,,,일반건축물,단독주택,주택,0,47.64,142.92,19890728,2,1,서울특별시 영등포구 대림동 1052-20번지
11560,13300,0,1052,0021,,,일반건축물,단독주택,주택,93,64.42,142.73,19751205,2,1,서울특별시 영등포구 대림동 1052-21번지
11560,13300,0,1052,0022,,,일반건축물,단독주택,다가구주택(4가구),107.38,55.38,153.98,20060926,2,1,서울특별시 영등포구 대림동 1052-22번지
11560,13300,0,1052,0023,,,일반건축물,단독주택,주택,0,0,47.52,19740509,1,0,서울특별시 영등포구 대림동 1052-23번지
11560,13300,0,1052,0024,,,일반건축물,단독주택,주택,0,58.08,120.56,19740629,2,1,서울특별시 영등포구 대림동 1052-24번지
11560,13300,0,1052,0025,,,일반건축물,단독주택,주택,0,47.16,142.92,19891101,2,1,서울특별시 영등포구 대림동 1052-25번지
11560,13300,0,1052,0026,,,일반건축물,단독주택,다가구용단독주택(5가구),165,98.03,260.93,19950626,2,1,서울특별시 영등포구 대림동 1052-26번지
11560,13300,0,1052,0027,,,일반건축물,단독주택,"근린생활시설, 주택",159,91.57,270.05,19771014,3,1,서울특별시 영등포구 대림동 1052-27번지
11560,13300,0,1052,0028,,,일반건축물,단독주택,주택,138.84,77.39,157.8,19740923,2,1,서울특별시 영등포구 대림동 1052-28번지
11560,13300,0,1052,0029,,,일반건축물,단독주택,주택,126,93.9,164.78,19740916,3,1,서울특별시 영등포구 대림동 1052-29번지
11560,13300,0,1052,0030,,,일반건축물,단독주택,주택(2가구),122,70.54,158.52,19740916,3,1,서울특별시 영등포구 대림동 1052-30번지
11560,13300,0,1052,0031,,,일반건축물,단독주택,단독주택 및 근린생활시설,145,86.73,134.21,19760531,2,0,서울특별시 영등포구 대림동 1052-31번지
11560,13300,0,1052,0032,리트리움,,표제부,공동주택,공동주택(다세대주택),262,154.83,783.67,20180419,7,1,서울특별시 영등포구 대림동 1052-32번지
11560,13300,0,1052,0034,,,일반건축물,제2종근린생활시설,"근린생활시설,주택",129,92.65,206.41,19740627,3,1,서울특별시 영등포구 대림동 1052-34번지
11560,13300,0,1052,0035,,,일반건축물,제1종근린생활시설,"근린생활시설, 주택",0,60.45,261.69,19841221,3,1,서울특별시 영등포구 대림동 1052-35번지
11560,13300,0,1052,0037,,,일반건축물,제2종근린생활시설,제2종근린생활시설,0,64,219.2,19840906,2,1,서울특별시 영등포구 대림동 1052-37번지
11560,13300,0,1052,0038,,,일반건축물,제1종근린생활시설,"근린생활시설, 주택",0,66,286,19860217,3,1,서울특별시 영등포구 대림동 1052-38번지
11560,13300,0,1052,0040,위너빌,,표제부,제2종근린생활시설,제2종근린생활시설,642.68,379.53,3324.59,20041206,8,2,서울특별시 영등포구 대림동 1052-40번지
11560,13300,0,1052,0045,,,일반건축물,제1종근린생활시설,근린생활시설,0,160.99,643.96,19820916,3,1,서울특별시 영등포구 대림동 1052-45번지
11560,13300,0,1053,0012,,,일반건축물,제1종근린생활시설,"근린생활시설, 일반업무시설",0,181.97,992.68,19890320,4,1,서울특별시 영등포구 대림동 1053-12번지
11560,13300,0,1053,0043,,,일반건축물,단독주택,주택,96,33.81,33.81,19850629,1,0,서울특별시 영등포구 대림동 1053-43번지
11560,13300,0,1055,0001,,,일반건축물,제2종근린생활시설,근린생활시설,444,221.25,1385.1,19931207,5,1,서울특별시 영등포구 대림동 1055-1번지
11560,13300,0,1055,0002,이솔빌딩,,일반건축물,제2종근린생활시설,근린생활시설,225,134.87,561.03,20180227,5,0,서울특별시 영등포구 대림동 1055-2번지
11560,13300,0,1055,0003,,,일반건축물,단독주택,다가구용단독주택(8가구),208,118.03,419.21,19960531,3,1,서울특별시 영등포구 대림동 1055-3번지
11560,13300,0,1055,0004,목화빌라,,표제부,공동주택,공동주택(다세대주택),190.59,114.19,422.28,20030401,5,0,서울특별시 영등포구 대림동 1055-4번지
11560,13300,0,1055,0005,,,일반건축물,단독주택,다가구용단독주택(5가구),152,84.9,237.42,19960613,2,1,서울특별시 영등포구 대림동 1055-5번지
11560,13300,0,1055,0006,,,일반건축물,단독주택,다가구용단독주택(10가구),197.96,118.61,400.74,19951123,3,1,서울특별시 영등포구 대림동 1055-6번지
11560,13300,0,1055,0008,,,표제부,공동주택,다세대주택,0,82.8,248.4,19861030,2,1,서울특별시 영등포구 대림동 1055-8번지
11560,13300,0,1055,0009,,,일반건축물,단독주택,단독주택(4가구),105.99,46.62,158.27,20060608,4,0,서울특별시 영등포구 대림동 1055-9번지
11560,13300,0,1055,0015,,,일반건축물,단독주택,주택,0,52.36,106.84,19770129,2,1,서울특별시 영등포구 대림동 1055-15번지
11560,13300,0,1055,0016,,,일반건축물,단독주택,다가구용단독주택,192,114.18,305.97,19931218,2,1,서울특별시 영등포구 대림동 1055-16번지
11560,13300,0,1056,0001,,,일반건축물,제1종근린생활시설,"근린생활시설, 주택",145,86.76,383.23,19970620,4,1,서울특별시 영등포구 대림동 1056-1번지
11560,13300,0,1056,0005,도연빌라,,표제부,공동주택,"다세대주택,근린생활시설",134.43,71.67,268.63,20080724,5,0,서울특별시 영등포구 대림동 1056-5번지
11560,13300,0,1056,0006,,,일반건축물,단독주택,주택,0,57.5,172.05,19861219,2,1,서울특별시 영등포구 대림동 1056-6번지
11560,13300,0,1056,0007,,,일반건축물,단독주택,"근린생활시설, 주택",122,60.51,256.07,19870804,4,1,서울특별시 영등포구 대림동 1056-7번지
11560,13300,0,1056,0008,,,일반건축물,단독주택,주택,0,64.24,189.84,19861209,2,1,서울특별시 영등포구 대림동 1056-8번지
11560,13300,0,1056,0009,,,일반건축물,제1종근린생활시설,근린생활시설,0,53.22,156.03,19820402,2,1,서울특별시 영등포구 대림동 1056-9번지
11560,13300,0,1056,0010,,,일반건축물,단독주택,주택,0,67.56,202.98,19861125,2,1,서울특별시 영등포구 대림동 1056-10번지
11560,13300,0,1056,0011,,,일반건축물,단독주택,주택,81.54,36.68,143.54,19880616,3,1,서울특별시 영등포구 대림동 1056-11번지
11560,13300,0,1056,0013,,,일반건축물,단독주택,"근린생활시설, 주택",0,82.13,160.38,19720530,2,1,서울특별시 영등포구 대림동 1056-13번지
11560,13300,0,1056,0014,,,일반건축물,단독주택,주택,0,49.25,49.25,19720530,1,0,서울특별시 영등포구 대림동 1056-14번지
11560,13300,0,1056,0016,,,일반건축물,단독주택,주택,0,56.38,169.14,19880217,2,1,서울특별시 영등포구 대림동 1056-16번지
11560,13300,0,1056,0017,,,일반건축물,제1종근린생활시설,"근린생활시설, 주택",0,48.96,186.34,19871224,3,1,서울특별시 영등포구 대림동 1056-17번지
11560,13300,0,1056,0018,,,일반건축물,단독주택,주택,0,66.12,198.36,19880104,2,1,서울특별시 영등포구 대림동 1056-18번지
11560,13300,0,1056,0020,,,일반건축물,단독주택,주택,0,55.36,166.08,19880510,2,1,서울특별시 영등포구 대림동 1056-20번지
11560,13300,0,1056,0021,,,일반건축물,단독주택,주택,0,56.4,169.2,19880510,2,1,서울특별시 영등포구 대림동 1056-21번지
11560,13300,0,1056,0022,,,일반건축물,단독주택,주택,0,44.16,132.48,19880312,2,1,서울특별시 영등포구 대림동 1056-22번지
11560,13300,0,1056,0023,더 플로우(THE FLOW),,일반건축물,제2종근린생활시설,근린생활시설,192,113.78,589.48,20250903,5,1,서울특별시 영등포구 대림동 1056-23번지
11560,13300,0,1056,0024,,,일반건축물,단독주택,주택,0,56.07,166.89,19881206,2,1,서울특별시 영등포구 대림동 1056-24번지
11560,13300,0,1056,0025,,,일반건축물,단독주택,주택,0,52.56,155.52,19881207,2,1,서울특별시 영등포구 대림동 1056-25번지
11560,13300,0,1056,0026,,,일반건축물,단독주택,주택,0,48.69,145.65,19881206,2,1,서울특별시 영등포구 대림동 1056-26번지
11560,13300,0,1056,0027,,,일반건축물,단독주택,주택,0,50.14,150.12,19881206,2,1,서울특별시 영등포구 대림동 1056-27번지
11560,13300,0,1056,0028,,,일반건축물,단독주택,주택,0,54.89,164.67,19880725,2,1,서울특별시 영등포구 대림동 1056-28번지
11560,13300,0,1056,0030,,,일반건축물,단독주택,단독주택(3가구용),0,45.3,143.49,19900618,2,1,서울특별시 영등포구 대림동 1056-30번지
11560,13300,0,1056,0031,,,일반건축물,단독주택,단독주택,0,44.4,141.25,19900919,2,1,서울특별시 영등포구 대림동 1056-31번지
11560,13300,0,1056,0032,,,일반건축물,단독주택,주택,0,52.46,157.38,19860825,2,1,서울특별시 영등포구 대림동 1056-32번지
11560,13300,0,1056,0033,,,일반건축물,단독주택,주택,0,51.83,155.49,19880202,2,1,서울특별시 영등포구 대림동 1056-33번지
11560,13300,0,1056,0034,,,일반건축물,단독주택,다가구주택(3가구),109,52.65,168.35,19861113,3,1,서울특별시 영등포구 대림동 1056-34번지
11560,13300,0,1056,0035,,,일반건축물,단독주택,주택,0,52.37,157.11,19860619,2,1,서울특별시 영등포구 대림동 1056-35번지
11560,13300,0,1056,0037,,,일반건축물,단독주택,다가구용단독주택(4가구),0,41.7,134.34,19921012,2,1,서울특별시 영등포구 대림동 1056-37번지
11560,13300,0,1056,0038,,,일반건축물,단독주택,주택,0,53.83,164.37,19891114,2,1,서울특별시 영등포구 대림동 1056-38번지
11560,13300,0,1056,0041,,,일반건축물,단독주택,주택,0,32.24,96.72,19871202,2,1,서울특별시 영등포구 대림동 1056-41번지
11560,13300,0,1056,0042,,,일반건축물,단독주택,주택,0,49.77,149.31,19870714,2,1,서울특별시 영등포구 대림동 1056-42번지
11560,13300,0,1056,0045,,,일반건축물,단독주택,주택,0,40.8,122.4,19880203,2,1,서울특별시 영등포구 대림동 1056-45번지
11560,13300,0,1056,0046,,,일반건축물,단독주택,단독주택,0,42.44,129.74,19920623,2,1,서울특별시 영등포구 대림동 1056-46번지
11560,13300,0,1056,0047,,,일반건축물,단독주택,주택,0,62.78,188.34,19880701,2,1,서울특별시 영등포구 대림동 1056-47번지
11560,13300,0,1056,0050,,,일반건축물,단독주택,주택,0,54.72,161.16,19881123,2,1,서울특별시 영등포구 대림동 1056-50번지
11560,13300,0,1056,0051,,,일반건축물,단독주택,주택,0,64.07,191.61,19880924,2,1,서울특별시 영등포구 대림동 1056-51번지
11560,13300,0,1056,0052,,,일반건축물,단독주택,주택,0,57.61,172.83,19880709,2,1,서울특별시 영등포구 대림동 1056-52번지
11560,13300,0,1056,0053,,,일반건축물,단독주택,주택,0,82.68,91.68,19740814,1,1,서울특별시 영등포구 대림동 1056-53번지
11560,13300,0,1056,0054,,,일반건축물,단독주택,주택,0,60.94,174.83,19880705,2,1,서울특별시 영등포구 대림동 1056-54번지
11560,13300,0,1056,0055,,,일반건축물,단독주택,주택,0,64.68,190.2,19880603,2,1,서울특별시 영등포구 대림동 1056-55번지
11560,13300,0,1056,0056,,,일반건축물,단독주택,주택,0,63.57,72.66,19760819,1,1,서울특별시 영등포구 대림동 1056-56번지
11560,13300,0,1056,0058,,,일반건축물,단독주택,주택,0,50.96,152.88,19880502,2,1,서울특별시 영등포구 대림동 1056-58번지
11560,13300,0,1056,0059,,,일반건축물,단독주택,주택,0,61.94,185.82,19880506,2,1,서울특별시 영등포구 대림동 1056-59번지
11560,13300,0,1056,0060,,,일반건축물,단독주택,주택,0,47.87,143.61,19880113,2,1,서울특별시 영등포구 대림동 1056-60번지
11560,13300,0,1056,0062,,,일반건축물,단독주택,주택,0,57.19,65.29,19750704,1,1,서울특별시 영등포구 대림동 1056-62번지
11560,13300,0,1056,0064,,,일반건축물,단독주택,주택,0,63.72,191.16,19880617,2,1,서울특별시 영등포구 대림동 1056-64번지
11560,13300,0,1056,0065,,,일반건축물,단독주택,주택,0,42.64,127.92,19810710,2,1,서울특별시 영등포구 대림동 1056-65번지
11560,13300,0,1056,0066,,,일반건축물,단독주택,주택,0,52.62,157.86,19870618,2,1,서울특별시 영등포구 대림동 1056-66번지
11560,13300,0,1056,0067,,,일반건축물,단독주택,주택,0,58.38,175.14,19870616,2,1,서울특별시 영등포구 대림동 1056-67번지
11560,13300,0,1056,0068,,,일반건축물,단독주택,주택,0,59.4,178.2,19870611,2,1,서울특별시 영등포구 대림동 1056-68번지
11560,13300,0,1056,0069,,,일반건축물,단독주택,주택,0,57.15,172.54,19880413,2,1,서울특별시 영등포구 대림동 1056-69번지
11560,13300,0,1056,0070,,,일반건축물,단독주택,주택,0,70.5,210.36,19881206,2,1,서울특별시 영등포구 대림동 1056-70번지
11560,13300,0,1056,0071,,,일반건축물,단독주택,다가구주택(5가구),132,78.96,230.88,19940601,2,1,서울특별시 영등포구 대림동 1056-71번지
11560,13300,0,1056,0072,,,일반건축물,단독주택,주택,0,83.16,249.48,19900517,2,1,서울특별시 영등포구 대림동 1056-72번지
11560,13300,0,1056,0073,,,일반건축물,단독주택,주택(단독),0,72,216,19920210,2,1,서울특별시 영등포구 대림동 1056-73번지
11560,13300,0,1056,0076,,,일반건축물,단독주택,주택,0,60.76,182.28,19880713,2,1,서울특별시 영등포구 대림동 1056-76번지
11560,13300,0,1056,0077,,,일반건축물,단독주택,주택,0,72.27,216.81,19880701,2,1,서울특별시 영등포구 대림동 1056-77번지
11560,13300,0,1056,0078,,,일반건축물,단독주택,주택,0,49.98,60.76,19741221,1,1,서울특별시 영등포구 대림동 1056-78번지
11560,13300,0,1056,0079,,,일반건축물,단독주택,주택,0,35.1,105.3,19880312,2,1,서울특별시 영등포구 대림동 1056-79번지
11560,13300,0,1057,0002,,,일반건축물,단독주택,다가구용단독주택,92.93,44.47,146.87,19910313,3,1,서울특별시 영등포구 대림동 1057-2번지
11560,13300,0,1057,0003,,,일반건축물,단독주택,다가구용단독주택(3가구),0,42.9,128.7,19910307,2,1,서울특별시 영등포구 대림동 1057-3번지
11560,13300,0,1057,0004,,,일반건축물,단독주택,주택,0,55.65,166.95,19850313,2,1,서울특별시 영등포구 대림동 1057-4번지
11560,13300,0,1057,0006,,,일반건축물,단독주택,단독주택,161,95.82,329.76,20160212,3,1,서울특별시 영등포구 대림동 1057-6번지
11560,13300,0,1057,0007,,,일반건축물,단독주택,"주택, 점포",0,79.4,155.96,19770511,2,1,서울특별시 영등포구 대림동 1057-7번지
11560,13300,0,1057,0009,,,일반건축물,제2종근린생활시설,제2종근린생활시설(일반음식점),166.16,89.13,230.71,,2,1,서울특별시 영등포구 대림동 1057-9번지
11560,13300,0,1057,0010,,,일반건축물,단독주택,주택,0,54.71,118.31,19760923,2,1,서울특별시 영등포구 대림동 1057-10번지
11560,13300,0,1057,0011,,,일반건축물,단독주택,주택,0,54.54,161.73,19880104,2,1,서울특별시 영등포구 대림동 1057-11번지
11560,13300,0,1057,0012,,,일반건축물,단독주택,다가구용단독주택(3가구),72.74,43.73,120.39,19950906,2,1,서울특별시 영등포구 대림동 1057-12번지
11560,13300,0,1057,0013,,,일반건축물,제1종근린생활시설,"근린생활시설, 주택",154.21,85.14,299.85,19970320,4,1,서울특별시 영등포구 대림동 1057-13번지
11560,13300,0,1057,0014,,,일반건축물,단독주택,다가구용단독주택(5가구),0,65.84,199.86,19901016,2,1,서울특별시 영등포구 대림동 1057-14번지
11560,13300,0,1057,0015,,,일반건축물,단독주택,주택,0,49.34,149.82,19880625,2,1,서울특별시 영등포구 대림동 1057-15번지
11560,13300,0,1057,0016,,,일반건축물,단독주택,주택,0,35.11,70.22,19810911,1,1,서울특별시 영등포구 대림동 1057-16번지
11560,13300,0,1057,0017,,,일반건축물,제2종근린생활시설,제2종근린생활시설,0,48.96,146.38,19861030,2,1,서울특별시 영등포구 대림동 1057-17번지
11560,13300,0,1057,0018,,,일반건축물,제1종근린생활시설,"점포, 주택",0,70.21,140.45,19770509,2,1,서울특별시 영등포구 대림동 1057-18번지
11560,13300,0,1057,0021,,,일반건축물,제1종근린생활시설,근린생활시설,0,82.56,340.52,19860913,4,1,서울특별시 영등포구 대림동 1057-21번지
11560,13300,0,1057,0025,,,일반건축물,단독주택,주택,0,53.25,159.75,19850802,2,1,서울특별시 영등포구 대림동 1057-25번지
11560,13300,0,1057,0026,,,일반건축물,단독주택,"근린생활시설, 주택",0,76.03,142.48,19800913,2,1,서울특별시 영등포구 대림동 1057-26번지
11560,13300,0,1057,0030,,,일반건축물,제1종근린생활시설,"근린생활시설, 주택",83,41.34,256.96,19930120,5,1,서울특별시 영등포구 대림동 1057-30번지
11560,13300,0,1057,0031,더 글로우(THE GLOW),,일반건축물,제2종근린생활시설,근린생활시설,210,113.48,538.55,20250919,5,1,서울특별시 영등포구 대림동 1057-31번지
11560,13300,0,1057,0033,,,일반건축물,제1종근린생활시설,근린생활시설,0,74.46,397.8,19920825,4,1,서울특별시 영등포구 대림동 1057-33번지
11560,13300,0,1057,0059,,,일반건축물,제2종근린생활시설,제2종근린생활시설,158.13,94.78,360.34,20030610,4,0,서울특별시 영등포구 대림동 1057-59번지
11560,13300,0,1057,0060,,,일반건축물,제2종근린생활시설,근린생활시설,215,106.5,479.1,19850926,3,1,서울특별시 영등포구 대림동 1057-60번지
11560,13300,0,1057,0063,대림차이나타워,,일반건축물,제2종근린생활시설,제2종근린생활시설,350,203.84,1188.63,20160812,5,2,서울특별시 영등포구 대림동 1057-63번지
11560,13300,0,1057,0068,,,일반건축물,단독주택,주택,0,0,282.57,19851230,2,1,서울특별시 영등포구 대림동 1057-68번지
11560,13300,0,1057,0069,,,일반건축물,제2종근린생활시설,근린생활시설,169,96.2,251.8,19851230,2,1,서울특별시 영등포구 대림동 1057-69번지
11560,13300,0,1057,0070,,,일반건축물,제2종근린생활시설,일반음식점,132,73.35,133.2,20140814,2,0,서울특별시 영등포구 대림동 1057-70번지
11560,13300,0,1057,0076,,,일반건축물,단독주택,주택,0,53.32,159.96,19861231,2,1,서울특별시 영등포구 대림동 1057-76번지
11560,13300,0,1057,0077,,,일반건축물,제2종근린생활시설,"근린생활시설, 주택",310,183.55,786.97,19891016,4,1,서울특별시 영등포구 대림동 1057-77번지
11560,13300,0,1058,0002,,,일반건축물,단독주택,주택,0,77.38,232.82,19870729,2,1,서울특별시 영등포구 대림동 1058-2번지
11560,13300,0,1058,0005,,,일반건축물,제2종근린생활시설,"근린생활시설, 교육연구시설",1061,604.14,3876.32,20001129,6,1,서울특별시 영등포구 대림동 1058-5번지
11560,13300,0,1058,0006,,,일반건축물,단독주택,주택,0,47.58,142.74,19861204,2,1,서울특별시 영등포구 대림동 1058-6번지
11560,13300,0,1058,0007,,,일반건축물,단독주택,주택,0,79.17,237.51,19871104,2,1,서울특별시 영등포구 대림동 1058-7번지
11560,13300,0,1058,0009,,,일반건축물,제2종근린생활시설,제2종근린생활시설,125.6,74.75,249.87,20070619,4,0,서울특별시 영등포구 대림동 1058-9번지
11560,13300,0,1058,0011,,,일반건축물,단독주택,주택,0,52.36,157.08,19900206,2,1,서울특별시 영등포구 대림동 1058-11번지
11560,13300,0,1058,0019,,,일반건축물,단독주택,주택,0,55.62,166.86,19900105,2,1,서울특별시 영등포구 대림동 1058-19번지
11560,13300,0,1058,0020,,,일반건축물,단독주택,주택,109,53.82,179.43,19870518,3,1,서울특별시 영등포구 대림동 1058-20번지
11560,13300,0,1058,0021,강산빌딩,,표제부,제2종근린생활시설,근린생활시설,228,135.8,600.03,20180502,4,1,서울특별시 영등포구 대림동 1058-21번지
11560,13300,0,1058,0023,,,일반건축물,단독주택,다가구용단독주택(6가구),101.7,60.45,167.01,19921021,3,1,서울특별시 영등포구 대림동 1058-23번지
11560,13300,0,1058,0024,,,일반건축물,단독주택,단독주택,112,65.06,81.26,19750808,1,1,서울특별시 영등포구 대림동 1058-24번지
11560,13300,0,1058,0025,,,일반건축물,단독주택,주택,0,69.12,141.13,19750813,2,1,서울특별시 영등포구 대림동 1058-25번지
11560,13300,0,1058,0026,,,일반건축물,단독주택,다가구주택,0,51.14,157.42,19860521,2,1,서울특별시 영등포구 대림동 1058-26번지
11560,13300,0,1058,0027,,,일반건축물,단독주택,주택,0,70.22,144.63,19750614,2,1,서울특별시 영등포구 대림동 1058-27번지
11560,13300,0,1058,0028,,,일반건축물,제2종근린생활시설,제2종근린생활시설,228,113.58,591.66,19910124,4,1,서울특별시 영등포구 대림동 1058-28번지
11560,13300,0,1058,0029,,,일반건축물,단독주택,주택,0,44.7,134.1,19871127,2,1,서울특별시 영등포구 대림동 1058-29번지
11560,13300,0,1058,0030,,,일반건축물,제2종근린생활시설,근린생활시설,99,57.6,197.16,20140905,4,0,서울특별시 영등포구 대림동 1058-30번지
11560,13300,0,1058,0033,,,일반건축물,교육연구시설,"교육연구시설, 소매점, 주택",291,174.47,1029.02,19981111,5,1,서울특별시 영등포구 대림동 1058-33번지
11560,13300,0,1058,0034,,,일반건축물,단독주택,단독주택,159,84.63,247.83,19851231,2,1,서울특별시 영등포구 대림동 1058-34번지
11560,13300,0,1058,0037,,,일반건축물,단독주택,단독주택,0,65.52,196.56,19910404,2,1,서울특별시 영등포구 대림동 1058-37번지
11560,13300,0,1058,0038,,,일반건축물,단독주택,주택,0,70.54,139.71,19750604,2,1,서울특별시 영등포구 대림동 1058-38번지
11560,13300,0,1058,0041,,,일반건축물,단독주택,주택,0,48.87,145.26,19860821,2,1,서울특별시 영등포구 대림동 1058-41번지
11560,13300,0,1058,0042,,,일반건축물,단독주택,주택,0,57.79,173.37,19860821,2,1,서울특별시 영등포구 대림동 1058-42번지
11560,13300,0,1058,0043,,,일반건축물,단독주택,주택,0,55,165,19900618,2,1,서울특별시 영등포구 대림동 1058-43번지
11560,13300,0,1058,0044,,,일반건축물,단독주택,주택,0,69.12,207.36,19890116,2,1,서울특별시 영등포구 대림동 1058-44번지
11560,13300,0,1058,0045,,,일반건축물,제2종근린생활시설,제2종근린생활시설(일반음식점),165,98.88,286.35,19830805,2,1,서울특별시 영등포구 대림동 1058-45번지
11560,13300,0,1058,0048,,,일반건축물,제2종근린생활시설,"근린생활시설, 주택",0,63.14,129.58,19800808,2,1,서울특별시 영등포구 대림동 1058-48번지
11560,13300,0,1059,0003,,,일반건축물,단독주택,주택,0,48.76,95.31,19700222,2,1,서울특별시 영등포구 대림동 1059-3번지
11560,13300,0,1059,0004,,,일반건축물,단독주택,주택,0,53.79,97.36,19701222,2,1,서울특별시 영등포구 대림동 1059-4번지
11560,13300,0,1059,0005,,,일반건축물,단독주택,주택,0,55.9,63.44,19700620,1,1,서울특별시 영등포구 대림동 1059-5번지
11560,13300,0,1059,0005,,,일반건축물,단독주택,주택,0,55.9,63.44,19700620,1,1,서울특별시 영등포구 대림동 1059-5번지
11560,13300,0,1059,0006,,,일반건축물,단독주택,주택,0,49.91,149.73,19880916,2,1,서울특별시 영등포구 대림동 1059-6번지
11560,13300,0,1059,0007,,,일반건축물,단독주택,주택,0,59.7,109.62,19710803,2,1,서울특별시 영등포구 대림동 1059-7번지
11560,13300,0,1059,0008,,,일반건축물,제1종근린생활시설,"주택, 점포",0,62.31,105.28,19710304,2,1,서울특별시 영등포구 대림동 1059-8번지
11560,13300,0,1059,0009,,,일반건축물,단독주택,"주택, 소매점",0,77.52,141.49,19701222,2,0,서울특별시 영등포구 대림동 1059-9번지
11560,13300,0,1059,0012,,,표제부,공동주택,연립주택,0,118.02,231.14,19760802,2,1,서울특별시 영등포구 대림동 1059-12번지
11560,13300,0,1059,0015,,,일반건축물,단독주택,주택,0,50.3,164.5,19891124,2,1,서울특별시 영등포구 대림동 1059-15번지
11560,13300,0,1059,0016,,,일반건축물,단독주택,주택,0,53.19,159.57,19890118,2,1,서울특별시 영등포구 대림동 1059-16번지
11560,13300,0,1059,0017,,,일반건축물,단독주택,주택,0,57.3,171.9,19880623,2,1,서울특별시 영등포구 대림동 1059-17번지
11560,13300,0,1059,0019,,,일반건축물,단독주택,다가구용단독주택(3가구),0,48.74,136.16,19920728,2,1,서울특별시 영등포구 대림동 1059-19번지
11560,13300,0,1059,0020,,,일반건축물,단독주택,다가구용단독주택(4가구),76.84,45.67,125.13,19930203,2,1,서울특별시 영등포구 대림동 1059-20번지
11560,13300,0,1059,0021,,,일반건축물,단독주택,다가구용단독주택(3가구),0,38.86,116.58,19920730,2,1,서울특별시 영등포구 대림동 1059-21번지
11560,13300,0,1059,0023,,,일반건축물,단독주택,"주택,일반음식점",89,54.12,112.9,19710815,2,1,서울특별시 영등포구 대림동 1059-23번지
11560,13300,0,1059,0024,,,일반건축물,단독주택,"주택, 제2종근린생활시설",0,78.68,150.81,19710114,2,0,서울특별시 영등포구 대림동 1059-24번지
11560,13300,0,1059,0025,,,일반건축물,단독주택,다가구주택(2가구),74.84,44.38,93.94,20030113,3,0,서울특별시 영등포구 대림동 1059-25번지
11560,13300,0,1059,0026,,,일반건축물,단독주택,주택,0,37.55,75.23,19720919,2,1,서울특별시 영등포구 대림동 1059-26번지
11560,13300,0,1059,0027,,,일반건축물,단독주택,주택,94.39,64.97,121.8,19710527,2,0,서울특별시 영등포구 대림동 1059-27번지
11560,13300,0,1059,0028,,,일반건축물,단독주택,주택,0,34.88,34.88,19831020,1,0,서울특별시 영등포구 대림동 1059-28번지
11560,13300,0,1059,0030,,,일반건축물,단독주택,주택,0,33,99,19891215,2,1,서울특별시 영등포구 대림동 1059-30번지
11560,13300,0,1059,0031,,,일반건축물,단독주택,주택,0,41.18,120.54,19891221,2,1,서울특별시 영등포구 대림동 1059-31번지
11560,13300,0,1059,0032,,,일반건축물,단독주택,주택,0,49.86,149.58,19891221,2,1,서울특별시 영등포구 대림동 1059-32번지
11560,13300,0,1059,0035,,,일반건축물,단독주택,"근린생활시설, 주택",0,65.6,295.52,19921221,4,1,서울특별시 영등포구 대림동 1059-35번지
11560,13300,0,1059,0036,,,일반건축물,제1종근린생활시설,"근린생활시설, 주택",0,61.32,116.53,19740420,2,1,서울특별시 영등포구 대림동 1059-36번지
11560,13300,0,1059,0037,,,일반건축물,단독주택,주택,0,92.73,170.75,19710802,2,1,서울특별시 영등포구 대림동 1059-37번지
11560,13300,0,1059,0038,,,일반건축물,단독주택,단독주택(다중주택),92.53,51.51,194.68,20170619,3,1,서울특별시 영등포구 대림동 1059-38번지
11560,13300,0,1059,0039,,,일반건축물,단독주택,다가구주택(4가구),81.81,52.4,148.52,19930821,2,1,서울특별시 영등포구 대림동 1059-39번지
11560,13300,0,1059,0040,,,일반건축물,단독주택,주택,106,46.61,137.32,19811204,2,1,서울특별시 영등포구 대림동 1059-40번지
11560,13300,0,1059,0041,,,일반건축물,단독주택,다가구주택(3가구),61.03,33.82,95.56,19930319,3,0,서울특별시 영등포구 대림동 1059-41번지
11560,13300,0,1059,0042,,,일반건축물,단독주택,주택,0,51.17,156.21,19871214,2,1,서울특별시 영등포구 대림동 1059-42번지
11560,13300,0,1059,0045,,,일반건축물,제1종근린생활시설,"점포, 주택",0,92.07,172.7,19760727,2,1,서울특별시 영등포구 대림동 1059-45번지
11560,13300,0,1059,0046,키드스쿨 어린이집,,일반건축물,노유자시설,노유자시설(영유아보육시설),145,79.05,369.05,20080905,5,1,서울특별시 영등포구 대림동 1059-46번지
11560,13300,0,1059,0049,,,표제부,공동주택,다세대주택,0,116.44,580.72,19920117,4,1,서울특별시 영등포구 대림동 1059-49번지
11560,13300,0,1060,0001,,,일반건축물,단독주택,주택,0,70.68,212.04,19870804,2,1,서울특별시 영등포구 대림동 1060-1번지
11560,13300,0,1060,0003,,,일반건축물,단독주택,다가구용단독주택(6가구),0,66.54,199.62,19920722,2,1,서울특별시 영등포구 대림동 1060-3번지
11560,13300,0,1060,0004,,,일반건축물,단독주택,주택,0,88.92,182.37,19771230,2,1,서울특별시 영등포구 대림동 1060-4번지
11560,13300,0,1060,0005,,,일반건축물,단독주택,주택,0,70.83,212.49,19880725,2,1,서울특별시 영등포구 대림동 1060-5번지
11560,13300,0,1060,0006,,,일반건축물,단독주택,주택,0,70.83,212.49,19880907,2,1,서울특별시 영등포구 대림동 1060-6번지
11560,13300,0,1060,0007,,,일반건축물,단독주택,주택,162,82.31,194.43,19770924,2,1,서울특별시 영등포구 대림동 1060-7번지
11560,13300,0,1060,0008,,,일반건축물,단독주택,주택,0,82.38,247.14,19890422,2,1,서울특별시 영등포구 대림동 1060-8번지
11560,13300,0,1060,0009,,,일반건축물,단독주택,단독주택(다중주택),142,84.56,299.95,20181030,3,1,서울특별시 영등포구 대림동 1060-9번지
11560,13300,0,1060,0010,,,일반건축물,단독주택,단독주택,0,71.32,213.96,19910503,2,1,서울특별시 영등포구 대림동 1060-10번지
11560,13300,0,1060,0011,,,일반건축물,단독주택,주택(7가구),195,118.2,246.63,19771013,2,1,서울특별시 영등포구 대림동 1060-11번지
11560,13300,0,1060,0012,,,일반건축물,단독주택,다가구용단독주택(5가구),0,66.47,199.41,19911106,2,1,서울특별시 영등포구 대림동 1060-12번지
11560,13300,0,1060,0013,,,일반건축물,단독주택,다가구용단독주택(5가구),0,66.42,199.26,19911105,2,1,서울특별시 영등포구 대림동 1060-13번지
11560,13300,0,1060,0014,,,일반건축물,단독주택,다가구용단독주택(5가구),0,66.52,199.56,19911114,2,1,서울특별시 영등포구 대림동 1060-14번지
11560,13300,0,1060,0015,,,일반건축물,단독주택,다가구용단독주택(5가구),0,66.48,199.44,19920418,2,1,서울특별시 영등포구 대림동 1060-15번지
11560,13300,0,1060,0016,,,일반건축물,단독주택,주택,0,69.42,145.12,19800709,2,1,서울특별시 영등포구 대림동 1060-16번지
11560,13300,0,1060,0017,,,일반건축물,단독주택,다가구용단독주택,122,73.13,174.7,19980114,3,0,서울특별시 영등포구 대림동 1060-17번지
11560,13300,0,1060,0018,,,일반건축물,단독주택,다가구용단독주택,139,78.3,299.44,19980730,3,1,서울특별시 영등포구 대림동 1060-18번지
11560,13300,0,1060,0019,,,일반건축물,단독주택,단독주택(다중주택),137.41,79.92,299.96,20181212,3,1,서울특별시 영등포구 대림동 1060-19번지
11560,13300,0,1060,0020,BK빌라트,,표제부,공동주택,다세대주택,278,165.96,525.06,20230303,5,0,서울특별시 영등포구 대림동 1060-20번지
11560,13300,0,1060,0022,,,일반건축물,단독주택,단독(다중)주택및제1종근린생활시설,139,83.3,346.14,20200131,4,1,서울특별시 영등포구 대림동 1060-22번지
11560,13300,0,1060,0023,,,일반건축물,단독주택,주택,0,69.3,207.9,19891016,2,1,서울특별시 영등포구 대림동 1060-23번지
11560,13300,0,1060,0024,,,표제부,공동주택,"공동주택,다세대주택",145,78.68,284.71,20040309,4,0,서울특별시 영등포구 대림동 1060-24번지
11560,13300,0,1060,0025,,,일반건축물,단독주택,주택,0,82.35,247.05,19891101,2,1,서울특별시 영등포구 대림동 1060-25번지
11560,13300,0,1060,0026,,,일반건축물,단독주택,다가구용단독주택(3가구),129,70.83,193.59,19950921,2,1,서울특별시 영등포구 대림동 1060-26번지
11560,13300,0,1060,0027,,,일반건축물,단독주택,다가구주택(3가구),129,64.4,193.2,19940318,2,1,서울특별시 영등포구 대림동 1060-27번지
11560,13300,0,1060,0028,,,일반건축물,단독주택,다가구주택(4가구),129,76.98,194.88,19931109,2,1,서울특별시 영등포구 대림동 1060-28번지
11560,13300,0,1060,0029,,,일반건축물,단독주택,주택,0,63.9,191.7,19900106,2,1,서울특별시 영등포구 대림동 1060-29번지
11560,13300,0,1060,0030,,,일반건축물,단독주택,다가구용단독주택,129,74.07,217.92,19980730,2,1,서울특별시 영등포구 대림동 1060-30번지
11560,13300,0,1060,0031,,,일반건축물,제2종근린생활시설,"근린생활시설,단독주택",363,199.1,965.8,20030516,5,0,서울특별시 영등포구 대림동 1060-31번지
11560,13300,0,1060,0033,,,일반건축물,단독주택,주택,0,65.09,77.62,19740730,1,1,서울특별시 영등포구 대림동 1060-33번지
11560,13300,0,1060,0034,,,일반건축물,단독주택,주택,0,66.05,80.03,19740730,1,1,서울특별시 영등포구 대림동 1060-34번지
11560,13300,0,1060,0035,,,일반건축물,단독주택,다가구주택(8가구),129,91.67,257.05,20060830,4,0,서울특별시 영등포구 대림동 1060-35번지
11560,13300,0,1060,0036,,,일반건축물,단독주택,다가구주택(6가구),137.9,71.9,205.32,19930803,2,1,서울특별시 영등포구 대림동 1060-36번지
11560,13300,0,1060,0037,,,일반건축물,단독주택,다가구용단독주택,160.2,96.01,312.72,19981030,3,1,서울특별시 영등포구 대림동 1060-37번지
11560,13300,0,1060,0038,,,일반건축물,단독주택,다가구용단독주택(5가구),142,84.96,254.88,19970707,3,0,서울특별시 영등포구 대림동 1060-38번지
11560,13300,0,1060,0039,리치빌,,표제부,공동주택,다세대주택,294,174.43,558.69,20230201,5,0,서울특별시 영등포구 대림동 1060-39번지
11560,13300,0,1060,0041,,,일반건축물,단독주택,단독주택,151.5,88.76,160.43,19931207,2,1,서울특별시 영등포구 대림동 1060-41번지
11560,13300,0,1060,0042,,,일반건축물,단독주택,다가구용단독주택(7가구),0,64.48,196.32,19920601,2,1,서울특별시 영등포구 대림동 1060-42번지
11560,13300,0,1060,0043,,,일반건축물,단독주택,주택,0,63.36,190.08,19890601,2,1,서울특별시 영등포구 대림동 1060-43번지
11560,13300,0,1060,0044,,,일반건축물,단독주택,주택,0,75.54,226.62,19890128,2,1,서울특별시 영등포구 대림동 1060-44번지
11560,13300,0,1060,0045,,,일반건축물,단독주택,주택,0,74.92,225.44,19881207,2,1,서울특별시 영등포구 대림동 1060-45번지
11560,13300,0,1060,0046,,,일반건축물,단독주택,주택,0,63.93,191.79,19890706,2,1,서울특별시 영등포구 대림동 1060-46번지
11560,13300,0,1060,0047,,,일반건축물,단독주택,주택,0,63.93,191.79,19890823,2,1,서울특별시 영등포구 대림동 1060-47번지
11560,13300,0,1060,0048,,,일반건축물,단독주택,주택,0,77.78,231,19881205,2,1,서울특별시 영등포구 대림동 1060-48번지
11560,13300,0,1060,0049,,,일반건축물,단독주택,주택,0,63.78,191.34,19881020,2,1,서울특별시 영등포구 대림동 1060-49번지
11560,13300,0,1060,0050,,,일반건축물,단독주택,"주택,근린생활시설",0,52.77,158.31,19890707,2,1,서울특별시 영등포구 대림동 1060-50번지
11560,13300,0,1060,0051,,,일반건축물,단독주택,주택,0,55.35,162.45,19871130,2,1,서울특별시 영등포구 대림동 1060-51번지
11560,13300,0,1060,0052,,,일반건축물,단독주택,다가구주택,122,70.77,184.28,19970613,2,1,서울특별시 영등포구 대림동 1060-52번지
11560,13300,0,1060,0053,,,일반건축물,단독주택,다가구용단독주택,159,88.56,298.79,19970613,3,1,서울특별시 영등포구 대림동 1060-53번지
11560,13300,0,1060,0054,,,일반건축물,단독주택,주택,0,69.42,208.26,19870124,2,1,서울특별시 영등포구 대림동 1060-54번지
11560,13300,0,1060,0055,,,일반건축물,제2종근린생활시설,근린생활시설,0,65.86,198.4,19860924,2,1,서울특별시 영등포구 대림동 1060-55번지
11560,13300,0,1060,0056,,,일반건축물,제1종근린생활시설,"점포, 주택",0,72.4,146.45,19770816,2,1,서울특별시 영등포구 대림동 1060-56번지
11560,13300,0,1060,0057,,,일반건축물,제2종근린생활시설,"근린생활시설, 다가구주택",149,89.1,237.33,20000501,3,0,서울특별시 영등포구 대림동 1060-57번지
11560,13300,0,1060,0058,,,일반건축물,단독주택,다가구용단독주택(7가구),0,84.89,244.66,19910920,2,1,서울특별시 영등포구 대림동 1060-58번지
11560,13300,0,1060,0059,,,일반건축물,단독주택,주택,0,75.96,227.88,19890602,2,1,서울특별시 영등포구 대림동 1060-59번지
11560,13300,0,1060,0060,,,일반건축물,단독주택,주택,0,74.25,222.75,19880705,2,1,서울특별시 영등포구 대림동 1060-60번지
11560,13300,0,1060,0061,,,일반건축물,단독주택,다가구용단독주택(8가구),152,90.92,289.72,19940309,3,1,서울특별시 영등포구 대림동 1060-61번지
11560,13300,0,1060,0062,,,일반건축물,단독주택,주택,0,74.79,224.37,19890615,2,1,서울특별시 영등포구 대림동 1060-62번지
11560,13300,0,1060,0063,,,일반건축물,단독주택,주택,0,109.94,196.88,19750407,2,1,서울특별시 영등포구 대림동 1060-63번지
11560,13300,0,1061,0000,대림동문영칸타빌레아파트,,표제부,공동주택,공동주택(아파트),0,1198.17,22951.83,20010818,19,2,서울특별시 영등포구 대림동 1061번지
11560,13300,0,1061,0000,대림동문영칸타빌레아파트,,표제부,제1종근린생활시설,근린생활시설(상가),0,101.14,101.14,20010818,1,0,서울특별시 영등포구 대림동 1061번지
11560,13300,0,1063,0029,,,일반건축물,단독주택,주택,0,31.04,31.04,19711215,1,0,서울특별시 영등포구 대림동 1063-29번지
11560,13300,0,1066,0002,,,일반건축물,제1종근린생활시설,"점포, 주택",140.49,124.77,195.71,19740423,2,0,서울특별시 영등포구 대림동 1066-2번지
11560,13300,0,1066,0017,,,일반건축물,단독주택,주택,0,72.81,212.67,19870718,2,1,서울특별시 영등포구 대림동 1066-17번지
11560,13300,0,1066,0020,,,일반건축물,단독주택,다가구용단독주택(5가구),123.73,73.92,264.44,20020427,4,0,서울특별시 영등포구 대림동 1066-20번지
11560,13300,0,1066,0021,,,일반건축물,단독주택,단독주택,0,50.84,156.48,19910603,2,1,서울특별시 영등포구 대림동 1066-21번지
11560,13300,0,1066,0022,,,일반건축물,단독주택,단독주택,0,50.84,156.48,19910129,2,1,서울특별시 영등포구 대림동 1066-22번지
11560,13300,0,1066,0023,,,일반건축물,단독주택,단독주택,0,50.84,156.48,19910129,2,1,서울특별시 영등포구 대림동 1066-23번지
11560,13300,0,1066,0024,,,일반건축물,단독주택,단독주택,0,50.84,156.48,19910425,2,1,서울특별시 영등포구 대림동 1066-24번지
11560,13300,0,1066,0025,HR채움,,일반건축물,단독주택,다중주택 및 근린생활시설(사무소),169,101.29,324.57,20221027,4,0,서울특별시 영등포구 대림동 1066-25번지
11560,13300,0,1066,0026,,,일반건축물,단독주택,다중주택 및 사무소,165,98.91,324.35,20211228,4,0,서울특별시 영등포구 대림동 1066-26번지
11560,13300,0,1066,0027,,,일반건축물,단독주택,단독주택,0,82.26,246.78,19910610,2,1,서울특별시 영등포구 대림동 1066-27번지
11560,13300,0,1066,0028,,,일반건축물,단독주택,단독주택(다중주택),173,97.32,329.58,20150624,3,1,서울특별시 영등포구 대림동 1066-28번지
11560,13300,0,1066,0029,,,일반건축물,단독주택,다가구용단독주택(6가구),160.5,96.14,281.12,20020510,3,0,서울특별시 영등포구 대림동 1066-29번지
11560,13300,0,1066,0030,,,일반건축물,단독주택,다가구용단독주택(5가구),145.8,87.21,261.47,19961220,2,1,서울특별시 영등포구 대림동 1066-30번지
11560,13300,0,1066,0031,,,일반건축물,단독주택,단독주택,0,47.84,146.67,19910130,2,1,서울특별시 영등포구 대림동 1066-31번지
11560,13300,0,1066,0033,,,일반건축물,단독주택,단독주택,0,46.26,138.78,19910130,2,1,서울특별시 영등포구 대림동 1066-33번지
11560,13300,0,1066,0034,,,일반건축물,단독주택,단독주택,0,46.26,138.78,19910425,2,1,서울특별시 영등포구 대림동 1066-34번지
11560,13300,0,1066,0035,,,일반건축물,단독주택,주택,0,47.23,141.69,19891107,2,1,서울특별시 영등포구 대림동 1066-35번지
11560,13300,0,1066,0036,,,일반건축물,단독주택,단독주택,0,65.82,193.39,19901221,2,1,서울특별시 영등포구 대림동 1066-36번지
11560,13300,0,1066,0038,,,일반건축물,단독주택,주택,0,59.49,181.77,19891128,2,1,서울특별시 영등포구 대림동 1066-38번지
11560,13300,0,1066,0039,,,일반건축물,단독주택,주택,0,46.74,140.22,19891129,2,1,서울특별시 영등포구 대림동 1066-39번지
11560,13300,0,1066,0040,,,일반건축물,단독주택,주택,0,43.33,129.99,19891129,2,1,서울특별시 영등포구 대림동 1066-40번지
11560,13300,0,1066,0041,,,일반건축물,단독주택,단독주택,0,44.64,133.92,19910425,2,1,서울특별시 영등포구 대림동 1066-41번지
11560,13300,0,1066,0042,,,일반건축물,단독주택,단독주택,0,47.93,143.79,19910429,2,1,서울특별시 영등포구 대림동 1066-42번지
11560,13300,0,1066,0043,,,일반건축물,단독주택,다가구용단독주택(5가구),0,51.88,155.64,19900925,2,1,서울특별시 영등포구 대림동 1066-43번지
11560,13300,0,1066,0045,보람빌딩,,일반건축물,단독주택,"단독(다중)주택, 근린생활시설",247.2,145.95,494.16,20110201,5,0,서울특별시 영등포구 대림동 1066-45번지
11560,13300,0,1066,0046,씨크리트 타운,,일반건축물,단독주택,다중주택,79.76,44,141.22,20211013,3,1,서울특별시 영등포구 대림동 1066-46번지
11560,13300,0,1066,0047,,,일반건축물,단독주택,"점포, 주택",0,65.79,254.9,19870519,3,1,서울특별시 영등포구 대림동 1066-47번지
11560,13300,0,1066,0049,,,일반건축물,단독주택,주택,0,54.06,162.18,19900321,2,1,서울특별시 영등포구 대림동 1066-49번지
11560,13300,0,1066,0050,,,일반건축물,단독주택,단독주택,85.9,50.58,119.88,19980730,2,1,서울특별시 영등포구 대림동 1066-50번지
11560,13300,0,1066,0051,,,일반건축물,단독주택,주택,0,45.65,136.95,19890911,2,1,서울특별시 영등포구 대림동 1066-51번지
11560,13300,0,1066,0052,,,일반건축물,단독주택,주택,0,45.92,137.76,19900103,2,1,서울특별시 영등포구 대림동 1066-52번지
11560,13300,0,1066,0053,,,일반건축물,단독주택,단독주택,0,61.65,184.95,19900822,2,1,서울특별시 영등포구 대림동 1066-53번지
11560,13300,0,1066,0054,,,일반건축물,단독주택,주택,0,57.04,171.12,19891221,2,1,서울특별시 영등포구 대림동 1066-54번지
11560,13300,0,1066,0055,,,일반건축물,단독주택,주택,0,51.66,154.98,19891219,2,1,서울특별시 영등포구 대림동 1066-55번지
11560,13300,0,1066,0057,,,일반건축물,단독주택,주택,0,44.37,133.11,19891219,2,1,서울특별시 영등포구 대림동 1066-57번지
11560,13300,0,1066,0058,,,일반건축물,단독주택,단독주택,0,45,135,19900703,2,1,서울특별시 영등포구 대림동 1066-58번지
11560,13300,0,1066,0059,,,일반건축물,단독주택,주택,0,44.67,134.01,19891106,2,1,서울특별시 영등포구 대림동 1066-59번지
11560,13300,0,1066,0060,,,일반건축물,단독주택,다가구용단독주택(5가구),0,56.94,170.82,19910425,2,1,서울특별시 영등포구 대림동 1066-60번지
11560,13300,0,1066,0062,,,일반건축물,단독주택,단독주택,0,47.84,146.67,19910130,2,1,서울특별시 영등포구 대림동 1066-62번지
11560,13300,0,1066,0063,,,일반건축물,단독주택,단독주택,0,53.25,159.75,19901124,2,1,서울특별시 영등포구 대림동 1066-63번지
11560,13300,0,1066,0065,,,일반건축물,제1종근린생활시설,"근린생활시설, 사무소",82.42,41.16,123.48,19970228,2,1,서울특별시 영등포구 대림동 1066-65번지
11560,13300,0,1066,0068,,,일반건축물,제2종근린생활시설,"근린생활시설,단독주택",129,76.25,283.72,20040203,4,0,서울특별시 영등포구 대림동 1066-68번지
11560,13300,0,1066,0069,,,일반건축물,단독주택,"근린생활시설, 노유자시설, 주택",201.65,120.64,667.58,19950911,5,1,서울특별시 영등포구 대림동 1066-69번지
11560,13300,0,1066,0071,,,일반건축물,단독주택,단독주택(근린생활시설),0,56.76,113.77,19740114,2,1,서울특별시 영등포구 대림동 1066-71번지
11560,13300,0,1066,0073,,,일반건축물,단독주택,주택,0,54.12,162.33,19880112,2,1,서울특별시 영등포구 대림동 1066-73번지
11560,13300,0,1066,0074,태흥빌라,,표제부,공동주택,공동주택,269.14,160.56,621.05,20021129,5,0,서울특별시 영등포구 대림동 1066-74번지
11560,13300,0,1066,0076,,,일반건축물,단독주택,주택,0,71.16,213.48,19870605,2,1,서울특별시 영등포구 대림동 1066-76번지
11560,13300,0,1066,0077,,,일반건축물,단독주택,주택,0,61.91,185.73,19870605,2,1,서울특별시 영등포구 대림동 1066-77번지
11560,13300,0,1066,0078,,,일반건축물,단독주택,주택,142.44,71,213,19860528,2,1,서울특별시 영등포구 대림동 1066-78번지
11560,13300,0,1066,0079,,,일반건축물,단독주택,주택,0,66.31,120.56,19731113,2,1,서울특별시 영등포구 대림동 1066-79번지
11560,13300,0,1066,0080,,,일반건축물,단독주택,주택,0,65.92,128.6,19731016,2,0,서울특별시 영등포구 대림동 1066-80번지
11560,13300,0,1066,0081,,,일반건축물,단독주택,다가구용단독주택(3가구),65.4,38.88,99.9,19950111,2,1,서울특별시 영등포구 대림동 1066-81번지
11560,13300,0,1066,0082,,,일반건축물,단독주택,주택,0,74.52,223.56,19860522,2,1,서울특별시 영등포구 대림동 1066-82번지
11560,13300,0,1066,0083,,,일반건축물,단독주택,주택,0,54.73,164.19,19880302,2,1,서울특별시 영등포구 대림동 1066-83번지
11560,13300,0,1066,0084,,,일반건축물,단독주택,주택,0,55.22,165.66,19871209,2,1,서울특별시 영등포구 대림동 1066-84번지
11560,13300,0,1066,0085,,,일반건축물,단독주택,주택,0,33.82,106.06,19880408,2,1,서울특별시 영등포구 대림동 1066-85번지
11560,13300,0,1066,0087,백산 베스트빌,,표제부,공동주택,다세대주택,226.2,134.46,444.05,20120106,5,0,서울특별시 영등포구 대림동 1066-87번지
11560,13300,0,1066,0089,,,일반건축물,단독주택,주택,0,52.14,156.42,19880912,2,1,서울특별시 영등포구 대림동 1066-89번지
11560,13300,0,1066,0090,,,일반건축물,단독주택,주택,0,60.6,181.8,19871124,2,1,서울특별시 영등포구 대림동 1066-90번지
11560,13300,0,1066,0091,,,일반건축물,단독주택,다중주택,128.2,75.96,298.17,20150323,3,1,서울특별시 영등포구 대림동 1066-91번지
11560,13300,0,1066,0092,,,일반건축물,단독주택,주택,0,70.64,121.58,19730614,2,0,서울특별시 영등포구 대림동 1066-92번지
11560,13300,0,1066,0093,,,일반건축물,단독주택,주택,0,60.4,181.2,19870715,2,1,서울특별시 영등포구 대림동 1066-93번지
11560,13300,0,1066,0094,,,일반건축물,단독주택,다중주택.제1종근린생활시설-소매점,103.26,61.95,199.13,20260422,4,0,서울특별시 영등포구 대림동 1066-94번지
11560,13300,0,1066,0095,,,일반건축물,단독주택,단독주택,151.9,90.97,313.26,20170706,3,1,서울특별시 영등포구 대림동 1066-95번지
11560,13300,0,1066,0096,,,일반건축물,단독주택,단독주택,0,50.28,150.84,19910425,2,1,서울특별시 영등포구 대림동 1066-96번지
11560,13300,0,1066,0097,,,일반건축물,단독주택,단독주택,0,60.54,184.32,19910622,2,1,서울특별시 영등포구 대림동 1066-97번지
11560,13300,0,1066,0098,,,일반건축물,단독주택,주택,0,56.98,170.94,19881213,2,1,서울특별시 영등포구 대림동 1066-98번지
11560,13300,0,1066,0099,,,일반건축물,단독주택,단독주택,0,58.73,180.06,19910130,2,1,서울특별시 영등포구 대림동 1066-99번지
11560,13300,0,1066,0100,송주 리치빌,,일반건축물,단독주택,다중주택,122,72.96,277.84,20211230,3,1,서울특별시 영등포구 대림동 1066-100번지
11560,13300,0,1066,0101,빌라인22,,일반건축물,단독주택,단독주택(다중주택),173,103.62,441.6,20181128,4,1,서울특별시 영등포구 대림동 1066-101번지
11560,13300,0,1066,0102,,,일반건축물,단독주택,주택,0,82.41,249.87,19890104,2,1,서울특별시 영등포구 대림동 1066-102번지
11560,13300,0,1066,0103,,,일반건축물,단독주택,주택,0,82.17,246.51,19920414,2,1,서울특별시 영등포구 대림동 1066-103번지
11560,13300,0,1066,0104,,,일반건축물,단독주택,단독주택,0,75.48,226.44,19900920,2,1,서울특별시 영등포구 대림동 1066-104번지
11560,13300,0,1066,0107,,,일반건축물,단독주택,단독주택,0,50.16,150.48,19910409,2,1,서울특별시 영등포구 대림동 1066-107번지
11560,13300,0,1066,0115,,,일반건축물,단독주택,주택,0,60.75,182.25,19890615,2,1,서울특별시 영등포구 대림동 1066-115번지
11560,13300,0,1066,0116,,,일반건축물,단독주택,"근린생활시설, 주택",149,74.31,140.61,19740409,2,1,서울특별시 영등포구 대림동 1066-116번지
11560,13300,0,1066,0117,,,일반건축물,단독주택,주택,0,68.56,199.93,19880520,2,1,서울특별시 영등포구 대림동 1066-117번지
11560,13300,0,1066,0118,,,일반건축물,단독주택,주택,0,45.14,135.42,19891113,2,1,서울특별시 영등포구 대림동 1066-118번지
11560,13300,0,1066,0119,,,일반건축물,제1종근린생활시설,"점포, 주택",0,54,172.46,19880824,3,1,서울특별시 영등포구 대림동 1066-119번지
11560,13300,0,1066,0120,,,일반건축물,단독주택,주택,0,46.78,97.33,19760918,2,1,서울특별시 영등포구 대림동 1066-120번지
11560,13300,0,1066,0122,,,일반건축물,단독주택,주택,0,52.06,156.18,19900113,2,1,서울특별시 영등포구 대림동 1066-122번지
11560,13300,0,1066,0123,,,일반건축물,제2종근린생활시설,사무소,119.1,78.2,163.28,19740409,2,1,서울특별시 영등포구 대림동 1066-123번지
11560,13300,0,1066,0124,,,일반건축물,단독주택,단독(다중)주택 8호,175,99.96,308.52,20210429,4,0,서울특별시 영등포구 대림동 1066-124번지
11560,13300,0,1066,0125,다유1,,일반건축물,제1종근린생활시설,제2종근린생활시설,248,140.39,677.12,20151123,4,1,서울특별시 영등포구 대림동 1066-125번지
11560,13300,0,1066,0127,,,일반건축물,단독주택,다가구용단독주택(7가구),124,61.32,215.76,19900925,3,1,서울특별시 영등포구 대림동 1066-127번지
11560,13300,0,1066,0129,,,표제부,공동주택,공동주택(다세대주택),99,59.28,177.84,20030117,3,0,서울특별시 영등포구 대림동 1066-129번지
11560,13300,0,1066,0130,,,일반건축물,단독주택,다가구용단독주택(4가구),0,63.92,191.76,19920605,2,1,서울특별시 영등포구 대림동 1066-130번지
11560,13300,0,1066,0131,,,일반건축물,단독주택,주택,93,60.21,67.23,19750306,1,1,서울특별시 영등포구 대림동 1066-131번지
11560,13300,0,1066,0132,,,일반건축물,단독주택,주택,0,47.97,94.19,19750306,2,0,서울특별시 영등포구 대림동 1066-132번지
11560,13300,0,1066,0133,,,일반건축물,단독주택,다가구용단독주택(5가구),0,48.72,146.02,19921106,2,1,서울특별시 영등포구 대림동 1066-133번지
11560,13300,0,1066,0134,,,일반건축물,단독주택,다가구용단독주택(3가구),0,49.5,148.5,19921106,2,1,서울특별시 영등포구 대림동 1066-134번지
11560,13300,0,1066,0135,,,일반건축물,단독주택,다가구용단독주택(4가구),0,48.75,195,19921014,3,1,서울특별시 영등포구 대림동 1066-135번지
11560,13300,0,1066,0138,,,일반건축물,단독주택,주택,0,54,162,19900103,2,1,서울특별시 영등포구 대림동 1066-138번지
11560,13300,0,1066,0139,,,일반건축물,단독주택,단독주택,0,42.48,127.44,19910718,2,1,서울특별시 영등포구 대림동 1066-139번지
11560,13300,0,1066,0141,,,일반건축물,단독주택,주택,0,42.63,127.89,19890513,2,1,서울특별시 영등포구 대림동 1066-141번지
11560,13300,0,1066,0142,,,일반건축물,단독주택,주택,0,47.73,143.19,19900509,2,1,서울특별시 영등포구 대림동 1066-142번지
11560,13300,0,1066,0182,,,일반건축물,단독주택,주택,69,31.23,31.23,19850629,1,0,서울특별시 영등포구 대림동 1066-182번지
11560,13300,0,1066,0194,,,일반건축물,단독주택,"주택, 창고",99,53.45,53.45,19850629,1,0,서울특별시 영등포구 대림동 1066-194번지
11560,13300,0,1067,0001,,,일반건축물,단독주택,주택,0,61.98,185.94,19890503,2,1,서울특별시 영등포구 대림동 1067-1번지
11560,13300,0,1067,0004,,,일반건축물,단독주택,"근린생활시설, 주택",0,109.02,115.76,19750603,1,1,서울특별시 영등포구 대림동 1067-4번지
11560,13300,0,1067,0005,나동,,일반건축물,단독주택,주택,0,66.15,72.13,19751125,1,1,서울특별시 영등포구 대림동 1067-5번지
11560,13300,0,1067,0005,가동,,일반건축물,단독주택,"근린생활시설, 주택",0,92.3,79.8,19711210,1,0,서울특별시 영등포구 대림동 1067-5번지
11560,13300,0,1067,0008,,,일반건축물,단독주택,주택,0,57.69,173.07,19890523,2,1,서울특별시 영등포구 대림동 1067-8번지
11560,13300,0,1067,0009,,,일반건축물,단독주택,주택,0,57.21,175.69,19870528,2,1,서울특별시 영등포구 대림동 1067-9번지
11560,13300,0,1067,0010,,,일반건축물,단독주택,주택,0,56.66,117.74,19740829,2,1,서울특별시 영등포구 대림동 1067-10번지
11560,13300,0,1067,0011,,,일반건축물,교육연구시설,근린생활시설,0,104.63,194.12,19750917,2,1,서울특별시 영등포구 대림동 1067-11번지
11560,13300,0,1067,0016,,,일반건축물,단독주택,"점포, 주택",0,69.65,117.25,19740829,2,1,서울특별시 영등포구 대림동 1067-16번지
11560,13300,0,1067,0017,,,일반건축물,단독주택,주택,0,72.17,146.55,19750725,2,1,서울특별시 영등포구 대림동 1067-17번지
11560,13300,0,1068,0001,,,일반건축물,제1종근린생활시설,"점포, 주택",0,62.82,122.34,19760128,2,1,서울특별시 영등포구 대림동 1068-1번지
11560,13300,0,1068,0002,,,일반건축물,단독주택,"점포, 주택",0,64.79,123.93,19760910,2,1,서울특별시 영등포구 대림동 1068-2번지
11560,13300,0,1068,0003,,,일반건축물,단독주택,다가구주택,258,154.14,510.56,20051007,4,0,서울특별시 영등포구 대림동 1068-3번지
11560,13300,0,1068,0005,,,일반건축물,단독주택,"제1,2종근린생활시설 및 단독주택",159,93.81,312.23,20100414,4,0,서울특별시 영등포구 대림동 1068-5번지
11560,13300,0,1068,0006,,,일반건축물,제1종근린생활시설,"근린생활시설, 주택",0,82.6,323.7,19901228,3,1,서울특별시 영등포구 대림동 1068-6번지
11560,13300,0,1068,0007,,,일반건축물,제2종근린생활시설,제2종근린생활시설(일반음식점),126,61.49,122.98,19780610,2,0,서울특별시 영등포구 대림동 1068-7번지
11560,13300,0,1068,0008,,,일반건축물,제2종근린생활시설,제2종근린생활시설,149,88.73,165.01,20041221,2,0,서울특별시 영등포구 대림동 1068-8번지
11560,13300,0,1068,0009,,,일반건축물,단독주택,"근린생활시설, 주택",149,73.71,328.88,19910225,4,1,서울특별시 영등포구 대림동 1068-9번지
11560,13300,0,1068,0010,,,일반건축물,제1종근린생활시설,"제1,2종근린생활시설, 주택",182,101.22,479.18,19970905,4,1,서울특별시 영등포구 대림동 1068-10번지
11560,13300,0,1068,0012,,,일반건축물,단독주택,"근린생활시설,다가구주택",188,112.56,334.53,20030731,3,0,서울특별시 영등포구 대림동 1068-12번지
11560,13300,0,1068,0013,,,일반건축물,제1종근린생활시설,"근린생활시설, 주택",0,81.53,337.52,19881105,3,1,서울특별시 영등포구 대림동 1068-13번지
11560,13300,0,1068,0014,,,일반건축물,단독주택,"점포, 주택",0,72.33,129.65,19760706,2,1,서울특별시 영등포구 대림동 1068-14번지
11560,13300,0,1068,0017,대덕빌딩,,일반건축물,제2종근린생활시설,제2종근린생활시설,159,95.33,316.791,20230207,4,0,서울특별시 영등포구 대림동 1068-17번지
11560,13300,0,1068,0018,,,일반건축물,제1종근린생활시설,근린생활시설,165,82.13,375.23,19890531,4,1,서울특별시 영등포구 대림동 1068-18번지
11560,13300,0,1068,0019,,,일반건축물,제1종근린생활시설,"주택, 근린생활시설",142,84.1,94.88,19750806,1,1,서울특별시 영등포구 대림동 1068-19번지
11560,13300,0,1068,0020,,,일반건축물,제1종근린생활시설,"주택, 근린생활시설",0,57.6,172.8,19890116,2,1,서울특별시 영등포구 대림동 1068-20번지
11560,13300,0,1069,0001,,,일반건축물,단독주택,주택,0,73.08,219.24,19860927,2,1,서울특별시 영등포구 대림동 1069-1번지
11560,13300,0,1069,0002,,,일반건축물,단독주택,주택,0,82.26,249.48,19891118,2,1,서울특별시 영등포구 대림동 1069-2번지
11560,13300,0,1069,0003,,,일반건축물,단독주택,주택,0,80.43,243.72,19900528,2,1,서울특별시 영등포구 대림동 1069-3번지
11560,13300,0,1069,0004,,,일반건축물,단독주택,다가구주택(6가구),162,97.15,262.02,19940407,2,1,서울특별시 영등포구 대림동 1069-4번지
11560,13300,0,1069,0005,나래아트빌,,표제부,공동주택,다세대주택,169,99.77,329.69,20010927,4,0,서울특별시 영등포구 대림동 1069-5번지
11560,13300,0,1069,0006,,,일반건축물,제1종근린생활시설,"주택, 점포",0,115.74,199.41,19741230,2,1,서울특별시 영등포구 대림동 1069-6번지
11560,13300,0,1069,0008,,,일반건축물,단독주택,"점포, 주택",0,88.03,169.98,19750408,2,1,서울특별시 영등포구 대림동 1069-8번지
11560,13300,0,1069,0009,,,일반건축물,단독주택,다가구용단독주택(5가구),0,66.42,199.26,19910729,2,1,서울특별시 영등포구 대림동 1069-9번지
11560,13300,0,1069,0010,,,일반건축물,단독주택,다가구용단독주택,139,76.76,254.12,19911025,3,1,서울특별시 영등포구 대림동 1069-10번지
11560,13300,0,1069,0011,,,일반건축물,단독주택,다가구용단독주택(5가구),0,80.46,241.38,19920110,2,1,서울특별시 영등포구 대림동 1069-11번지
11560,13300,0,1069,0012,,,일반건축물,단독주택,"근린생활시설,다가구주택",149,74.38,326.78,19930820,4,1,서울특별시 영등포구 대림동 1069-12번지
11560,13300,0,1069,0014,,,일반건축물,제1종근린생활시설,"근린생활시설, 주택",0,84.49,244.58,19880709,2,1,서울특별시 영등포구 대림동 1069-14번지
11560,13300,0,1069,0015,,,일반건축물,단독주택,다중주택,162,95.88,299.08,20111101,3,1,서울특별시 영등포구 대림동 1069-15번지
11560,13300,0,1069,0016,,,일반건축물,단독주택,다가구용단독주택(5가구),162,96.87,270.84,19960523,2,1,서울특별시 영등포구 대림동 1069-16번지
11560,13300,0,1069,0017,,,일반건축물,단독주택,주택,0,72.39,217.17,19870921,2,1,서울특별시 영등포구 대림동 1069-17번지
11560,13300,0,1069,0018,,,일반건축물,단독주택,주택,0,76.9,230.7,19860530,2,1,서울특별시 영등포구 대림동 1069-18번지
11560,13300,0,1069,0019,,,일반건축물,단독주택,주택,0,73.73,227.74,19870915,2,1,서울특별시 영등포구 대림동 1069-19번지
11560,13300,0,1069,0020,,,일반건축물,단독주택,단독주택,139,79.83,299.7,20161117,3,1,서울특별시 영등포구 대림동 1069-20번지
11560,13300,0,1069,0021,,,일반건축물,단독주택,주택,0,68.73,206.19,19870928,2,1,서울특별시 영등포구 대림동 1069-21번지
11560,13300,0,1069,0022,,,일반건축물,단독주택,주택,0,61.32,193.06,19861204,2,1,서울특별시 영등포구 대림동 1069-22번지
11560,13300,0,1070,0001,,,일반건축물,단독주택,다가구주택(4가구),203,101.15,269.36,19891026,3,1,서울특별시 영등포구 대림동 1070-1번지
11560,13300,0,1070,0003,,,일반건축물,제2종근린생활시설,"제2종근린생활시설, 주택",0,77.82,157.45,19750722,2,1,서울특별시 영등포구 대림동 1070-3번지
11560,13300,0,1070,0004,,,일반건축물,단독주택,"다가구주택, 제2종린생활시설(일반음식점)",165,98.42,384.41,20040713,4,0,서울특별시 영등포구 대림동 1070-4번지
11560,13300,0,1070,0008,,,일반건축물,단독주택,주택,0,65.88,197.64,19870504,2,1,서울특별시 영등포구 대림동 1070-8번지
11560,13300,0,1070,0009,,,일반건축물,단독주택,다가구용단독주택(5가구),0,64.22,191.04,19911129,2,1,서울특별시 영등포구 대림동 1070-9번지
11560,13300,0,1070,0010,,,일반건축물,단독주택,"주택, 근린생활시설",0,82.65,141.79,19750801,2,1,서울특별시 영등포구 대림동 1070-10번지
11560,13300,0,1070,0011,,,일반건축물,단독주택,"주택, 근린생활시설",0,99,125.08,19751030,1,1,서울특별시 영등포구 대림동 1070-11번지
11560,13300,0,1070,0012,,,일반건축물,단독주택,다가구용단독주택(7가구),166,99.5,274.12,19971122,2,1,서울특별시 영등포구 대림동 1070-12번지
11560,13300,0,1070,0013,,,일반건축물,단독주택,주택,0,82.97,165.94,19790817,1,1,서울특별시 영등포구 대림동 1070-13번지
11560,13300,0,1071,0002,프롬하우징,,표제부,공동주택,공동주택,318,179.32,528.55,20221207,5,0,서울특별시 영등포구 대림동 1071-2번지
11560,13300,0,1071,0007,,,일반건축물,단독주택,다가구주택(4가구),119,71.38,193.59,19930727,2,1,서울특별시 영등포구 대림동 1071-7번지
11560,13300,0,1071,0008,은광빌,,일반건축물,단독주택,단독주택,142,84.93,299.14,20160607,3,1,서울특별시 영등포구 대림동 1071-8번지
11560,13300,0,1071,0010,,,일반건축물,단독주택,주택,0,59.19,177.57,19890509,2,1,서울특별시 영등포구 대림동 1071-10번지
11560,13300,0,1071,0012,,,일반건축물,단독주택,다가구용단독주택(3가구),136,79.34,219.42,19970723,3,0,서울특별시 영등포구 대림동 1071-12번지
11560,13300,0,1071,0013,,,일반건축물,단독주택,다가구용단독주택(7가구),136,77.72,278.18,19961226,3,1,서울특별시 영등포구 대림동 1071-13번지
11560,13300,0,1071,0014,,,일반건축물,단독주택,"근린생활시설, 주택",196,116.2,566.77,19970930,4,1,서울특별시 영등포구 대림동 1071-14번지
11560,13300,0,1071,0020,,,일반건축물,단독주택,단독주택 및 근린생활시설,225.46,132.96,449.45,20170825,5,0,서울특별시 영등포구 대림동 1071-20번지
11560,13300,0,1071,0021,,,일반건축물,단독주택,단독주택,198,118.06,368.22,20161012,4,0,서울특별시 영등포구 대림동 1071-21번지
11560,13300,0,1072,0001,,,일반건축물,단독주택,단독주택(5가구),0,60.67,182.01,19900622,2,1,서울특별시 영등포구 대림동 1072-1번지
11560,13300,0,1072,0007,,,일반건축물,단독주택,"주택, 창고",0,79.51,158.7,19750625,2,1,서울특별시 영등포구 대림동 1072-7번지
11560,13300,0,1072,0008,,,일반건축물,단독주택,주택,0,69.82,139.82,19750502,2,1,서울특별시 영등포구 대림동 1072-8번지
11560,13300,0,1072,0009,,,일반건축물,단독주택,다가구주택(5가구),136,68.53,149.49,19930827,2,1,서울특별시 영등포구 대림동 1072-9번지
11560,13300,0,1072,0010,,,일반건축물,단독주택,다가구용단독주택,129.97,77.31,196.8,19930827,2,1,서울특별시 영등포구 대림동 1072-10번지
11560,13300,0,1072,0011,,,일반건축물,단독주택,"근린생활시설, 주택",0,87.11,260.64,19770307,3,1,서울특별시 영등포구 대림동 1072-11번지
11560,13300,0,1072,0012,,,일반건축물,제1종근린생활시설,근린생활시설,0,83.97,246.95,19770829,3,1,서울특별시 영등포구 대림동 1072-12번지
11560,13300,0,1072,0013,,,일반건축물,단독주택,다가구용단독주택,152,85.8,242.48,20011228,3,0,서울특별시 영등포구 대림동 1072-13번지
11560,13300,0,1072,0014,,,일반건축물,단독주택,다가구용단독주택(5가구),0,66.15,198.45,19921216,2,1,서울특별시 영등포구 대림동 1072-14번지
11560,13300,0,1072,0015,다온아트빌,,일반건축물,단독주택,단독주택(다중주택),132,78.28,316.41,20190619,4,1,서울특별시 영등포구 대림동 1072-15번지
11560,13300,0,1072,0016,,,일반건축물,단독주택,주택,0,68.28,204.84,19861205,2,1,서울특별시 영등포구 대림동 1072-16번지
11560,13300,0,1072,0018,,,일반건축물,단독주택,주택,0,76.19,239.51,19860812,2,1,서울특별시 영등포구 대림동 1072-18번지
11560,13300,0,1072,0020,,,일반건축물,단독주택,다가구용단독주택(5가구),119,70.8,187.56,19930107,2,1,서울특별시 영등포구 대림동 1072-20번지
11560,13300,0,1072,0021,,,일반건축물,단독주택,다가구용단독주택(5가구),127,76.07,197.01,19930922,2,1,서울특별시 영등포구 대림동 1072-21번지
11560,13300,0,1072,0022,,,일반건축물,단독주택,단독주택,152,89.56,244.74,19750531,3,0,서울특별시 영등포구 대림동 1072-22번지
11560,13300,0,1072,0023,,,일반건축물,단독주택,"점포,주택",0,81.52,164.56,19760923,2,1,서울특별시 영등포구 대림동 1072-23번지
11560,13300,0,1072,0025,공영주차장,,일반건축물,자동차관련시설,자동차관련시설,1967,1358.18,5090.48,20020624,3,1,서울특별시 영등포구 대림동 1072-25번지
11560,13300,0,1072,0030,,,일반건축물,단독주택,"점포,주택",0,80.99,156.69,19751105,2,1,서울특별시 영등포구 대림동 1072-30번지
11560,13300,0,1072,0031,,,일반건축물,단독주택,근린생활시설 및 주택,0,133.86,492.96,19840501,3,1,서울특별시 영등포구 대림동 1072-31번지
11560,13300,0,1072,0034,,,일반건축물,제1종근린생활시설,근린생활시설,0,75.6,299.88,19851223,3,1,서울특별시 영등포구 대림동 1072-34번지
11560,13300,0,1072,0035,,,일반건축물,단독주택,주택,0,78.97,85.55,19750710,1,1,서울특별시 영등포구 대림동 1072-35번지
11560,13300,0,1072,0036,,,일반건축물,단독주택,다가구용단독주택(5가구),14,71.08,179.4,19940705,2,1,서울특별시 영등포구 대림동 1072-36번지
11560,13300,0,1072,0038,,,일반건축물,단독주택,주택,0,85.19,240.72,19891107,2,1,서울특별시 영등포구 대림동 1072-38번지
11560,13300,0,1072,0039,현대아트빌,,표제부,공동주택,"공동주택,근린생활시설",328,162.75,731.93,20021209,4,1,서울특별시 영등포구 대림동 1072-39번지
11560,13300,0,1072,0060,,,일반건축물,단독주택,다가구용단독주택(3가구),0,68.58,205.74,19901020,2,1,서울특별시 영등포구 대림동 1072-60번지
11560,13300,0,1073,0001,,,일반건축물,단독주택,"근린생활시설, 주택",0,73.88,201.26,19860719,2,1,서울특별시 영등포구 대림동 1073-1번지
11560,13300,0,1073,0002,,,일반건축물,단독주택,다가구용단독주택(7가구),0,74.63,233.05,19910816,2,1,서울특별시 영등포구 대림동 1073-2번지
11560,13300,0,1075,0001,,,일반건축물,단독주택,단독주택(다중주택),165,97.92,327.48,20100726,3,1,서울특별시 영등포구 대림동 1075-1번지
11560,13300,0,1075,0002,,,일반건축물,단독주택,다가구주택,162,96.97,260.55,19930607,2,1,서울특별시 영등포구 대림동 1075-2번지
11560,13300,0,1075,0005,,,일반건축물,단독주택,주택,0,31.21,31.21,19721127,1,0,서울특별시 영등포구 대림동 1075-5번지
11560,13300,0,1075,0006,,,일반건축물,단독주택,다가구주택 및 근린생활시설,159.1,89.38,313.43,20150925,4,0,서울특별시 영등포구 대림동 1075-6번지
11560,13300,0,1075,0007,,,일반건축물,단독주택,다가구주택(6가구)),108.01,55.55,180.73,20070206,3,1,서울특별시 영등포구 대림동 1075-7번지
11560,13300,0,1075,0008,,,일반건축물,단독주택,주택,0,53.59,74.35,19760507,2,1,서울특별시 영등포구 대림동 1075-8번지
11560,13300,0,1075,0009,,,표제부,공동주택,공동주택(다세대주택),310.2,191.94,688.77,20021108,5,0,서울특별시 영등포구 대림동 1075-9번지
11560,13300,0,1075,0011,,,일반건축물,단독주택,다가구주택(6가구),116,61.72,201.66,20070206,3,1,서울특별시 영등포구 대림동 1075-11번지
11560,13300,0,1075,0014,쉘부르빌,,일반건축물,단독주택,"단독주택, 제2종근린생활시설",137,81.76,337.29,20170824,4,1,서울특별시 영등포구 대림동 1075-14번지
11560,13300,0,1075,0015,,,일반건축물,단독주택,다가구주택(5가구),128.4,76.12,199.74,19940616,2,1,서울특별시 영등포구 대림동 1075-15번지
11560,13300,0,1075,0016,,,표제부,공동주택,"제1종근린생활시설,다세대주택",155,88.37,370.83,20031204,5,0,서울특별시 영등포구 대림동 1075-16번지
11560,13300,0,1075,0017,,,일반건축물,단독주택,근린생활시설 및 주택,0,59.4,284.13,19891122,4,1,서울특별시 영등포구 대림동 1075-17번지
11560,13300,0,1075,0019,,,일반건축물,단독주택,주택,0,31.74,31.74,19720807,1,0,서울특별시 영등포구 대림동 1075-19번지
11560,13300,0,1075,0020,,,일반건축물,단독주택,주택,0,33.02,33.02,19721127,1,0,서울특별시 영등포구 대림동 1075-20번지
11560,13300,0,1075,0021,,,일반건축물,단독주택,주택,0,31.74,31.74,19720729,1,0,서울특별시 영등포구 대림동 1075-21번지
11560,13300,0,1075,0024,,,일반건축물,단독주택,다가구용단독주택(9가구),0,82.8,293.66,19920729,3,1,서울특별시 영등포구 대림동 1075-24번지
11560,13300,0,1075,0026,,,일반건축물,단독주택,다가구용단독주택(5가구),0,49.77,149.31,19920918,2,1,서울특별시 영등포구 대림동 1075-26번지
11560,13300,0,1075,0027,,,일반건축물,단독주택,다가구용단독주택,98.34,58.81,153.15,19930924,2,1,서울특별시 영등포구 대림동 1075-27번지
11560,13300,0,1075,0028,,,일반건축물,단독주택,주택,0,72.69,151.61,19740316,2,1,서울특별시 영등포구 대림동 1075-28번지
11560,13300,0,1075,0029,,,일반건축물,단독주택,다가구용단독주택(9가구),0,108.05,324.15,19900910,2,1,서울특별시 영등포구 대림동 1075-29번지
11560,13300,0,1075,0031,,,일반건축물,단독주택,주택,132,78.52,179.74,19740628,3,1,서울특별시 영등포구 대림동 1075-31번지
11560,13300,0,1075,0032,,,일반건축물,단독주택,주택,132,65.52,196.56,19851026,2,1,서울특별시 영등포구 대림동 1075-32번지
11560,13300,0,1075,0033,,,일반건축물,제1종근린생활시설,"근린생활시설, 주택",0,151.34,370.15,19770107,3,1,서울특별시 영등포구 대림동 1075-33번지
11560,13300,0,1075,0034,,,일반건축물,단독주택,주택,0,72.17,134.98,19740808,2,1,서울특별시 영등포구 대림동 1075-34번지
11560,13300,0,1075,0035,1,,일반건축물,제2종근린생활시설,"사무소,소매점",165,98.64,329.8,20080724,4,0,서울특별시 영등포구 대림동 1075-35번지
11560,13300,0,1075,0036,,,일반건축물,단독주택,단독주택,0,82.22,246.66,19900809,2,1,서울특별시 영등포구 대림동 1075-36번지
11560,13300,0,1075,0038,,,일반건축물,단독주택,주택,0,70.5,211.5,19890613,2,1,서울특별시 영등포구 대림동 1075-38번지
11560,13300,0,1075,0041,,,일반건축물,단독주택,다가구용단독주택(4가구),0,59.39,181.17,19901226,2,1,서울특별시 영등포구 대림동 1075-41번지
11560,13300,0,1075,0042,,,일반건축물,단독주택,다가구용단독주택(5가구),0,52.96,158.88,19901227,2,1,서울특별시 영등포구 대림동 1075-42번지
11560,13300,0,1075,0043,,,일반건축물,단독주택,근생및다중주택,132,77,333.42,20200318,4,1,서울특별시 영등포구 대림동 1075-43번지
11560,13300,0,1075,0044,,,일반건축물,단독주택,단독(다중)주택 및 근린생활시설,152,90,337.26,20200403,4,1,서울특별시 영등포구 대림동 1075-44번지
11560,13300,0,1075,0045,,,일반건축물,단독주택,다가구용단독주택(8가구),0,80.84,235.02,19921221,2,1,서울특별시 영등포구 대림동 1075-45번지
11560,13300,0,1075,0046,,,일반건축물,단독주택,주택,0,68.18,204.54,19870929,2,1,서울특별시 영등포구 대림동 1075-46번지
11560,13300,0,1075,0047,,,일반건축물,단독주택,"주택, 근린생활시설",0,100.16,115.1,19740611,1,1,서울특별시 영등포구 대림동 1075-47번지
11560,13300,0,1075,0049,,,일반건축물,단독주택,다가구용단독주택(5가구),0,57.47,163.45,19921005,2,1,서울특별시 영등포구 대림동 1075-49번지
11560,13300,0,1075,0050,,,일반건축물,단독주택,주택,0,72.96,218.88,19861113,2,1,서울특별시 영등포구 대림동 1075-50번지
11560,13300,0,1075,0051,,,일반건축물,단독주택,다가구용단독주택(5가구),0,66.68,199.9,19921010,2,1,서울특별시 영등포구 대림동 1075-51번지
11560,13300,0,1075,0052,,,일반건축물,단독주택,다가구용단독주택(5가구),0,66.5,198.46,19921006,2,1,서울특별시 영등포구 대림동 1075-52번지
11560,13300,0,1075,0053,,,일반건축물,단독주택,다가구용단독주택(5가구),0,72.84,216.72,19910613,2,1,서울특별시 영등포구 대림동 1075-53번지
11560,13300,0,1075,0054,,,일반건축물,단독주택,다가구용단독주택(3가구),0,68.91,206.73,19901005,2,1,서울특별시 영등포구 대림동 1075-54번지
11560,13300,0,1075,0055,,,일반건축물,단독주택,다가구용단독주택(5가구),0,67.69,199.59,19920818,2,1,서울특별시 영등포구 대림동 1075-55번지
11560,13300,0,1075,0056,,,일반건축물,단독주택,다가구용단독주택(6가구),0,84.51,247.09,19921021,2,1,서울특별시 영등포구 대림동 1075-56번지
11560,13300,0,1075,0057,대림동 성산목욕탕 A동,,일반건축물,제1종근린생활시설,제1종근린생활시설,310,169.7,527.74,19791012,3,1,서울특별시 영등포구 대림동 1075-57번지
11560,13300,0,1075,0057,대림동 성산목욕탕 B동,,일반건축물,제1종근린생활시설,제1종근린생활시설,0,10.87,10.87,20111220,1,0,서울특별시 영등포구 대림동 1075-57번지
11560,13300,0,1075,0059,,,일반건축물,단독주택,"근린생활시설, 주택",0,72,288,19850713,3,1,서울특별시 영등포구 대림동 1075-59번지
11560,13300,0,1075,0060,,,일반건축물,단독주택,"근린생활시설, 주택",0,72,302.7,19911017,3,1,서울특별시 영등포구 대림동 1075-60번지
11560,13300,0,1075,0061,,,일반건축물,단독주택,"점포, 주택",0,67.27,131.67,19760610,2,1,서울특별시 영등포구 대림동 1075-61번지
11560,13300,0,1075,0062,,,일반건축물,단독주택,다가구용단독주택(7가구),0,71.04,213.12,19901022,2,1,서울특별시 영등포구 대림동 1075-62번지
11560,13300,0,1075,0063,,,일반건축물,단독주택,다가구용단독주택(5가구),0,49.56,148.68,19921219,2,1,서울특별시 영등포구 대림동 1075-63번지
11560,13300,0,1075,0064,,,일반건축물,단독주택,주택,0,43.05,137.8,19890925,2,1,서울특별시 영등포구 대림동 1075-64번지
11560,13300,0,1075,0066,,,일반건축물,단독주택,주택,0,54.79,164.37,19880609,2,1,서울특별시 영등포구 대림동 1075-66번지
11560,13300,0,1075,0067,,,표제부,공동주택,"공동주택,다세대주택",261.34,156.74,552.63,20031115,5,0,서울특별시 영등포구 대림동 1075-67번지
11560,13300,0,1075,0072,,,일반건축물,단독주택,다가구용단독주택,124,74.9,218.1,19940909,3,1,서울특별시 영등포구 대림동 1075-72번지
11560,13300,0,1075,0073,,,일반건축물,단독주택,다가구용단독주택(5가구),0,66.96,199.8,19911120,2,1,서울특별시 영등포구 대림동 1075-73번지
11560,13300,0,1075,0074,,,일반건축물,단독주택,다가구용단독주택(5가구),142,85.05,227.09,19940604,2,1,서울특별시 영등포구 대림동 1075-74번지
11560,13300,0,1075,0077,,,일반건축물,단독주택,단독주택,0,59.25,177.25,19900719,2,1,서울특별시 영등포구 대림동 1075-77번지
11560,13300,0,1075,0078,,,일반건축물,단독주택,다가구용단독주택(5가구),0,59.83,181.47,19901221,2,1,서울특별시 영등포구 대림동 1075-78번지
11560,13300,0,1075,0079,,,일반건축물,단독주택,다가구용단독주택(5가구),0,55.33,166.83,19901126,2,1,서울특별시 영등포구 대림동 1075-79번지
11560,13300,0,1075,0080,,,일반건축물,단독주택,주택,0,57.75,173.25,19890912,2,1,서울특별시 영등포구 대림동 1075-80번지
11560,13300,0,1075,0081,,,일반건축물,단독주택,주택,0,57.75,173.25,19890908,2,1,서울특별시 영등포구 대림동 1075-81번지
11560,13300,0,1075,0082,,,일반건축물,단독주택,주택,0,57.75,173.25,19890928,2,1,서울특별시 영등포구 대림동 1075-82번지
11560,13300,0,1075,0083,대림하이츠,,표제부,공동주택,공동주택,253.01,151.77,505.9,20221207,5,0,서울특별시 영등포구 대림동 1075-83번지
11560,13300,0,1075,0085,,,일반건축물,단독주택,단독주택,0,61.98,185.94,19910604,2,1,서울특별시 영등포구 대림동 1075-85번지
11560,13300,0,1075,0086,,,일반건축물,단독주택,단독주택,0,57.84,173.52,19901113,2,1,서울특별시 영등포구 대림동 1075-86번지
11560,13300,0,1075,0087,,,일반건축물,단독주택,단독주택,0,57.84,173.52,19910220,2,1,서울특별시 영등포구 대림동 1075-87번지
11560,13300,0,1075,0088,,,일반건축물,단독주택,단독주택,0,57.84,173.52,19921121,2,1,서울특별시 영등포구 대림동 1075-88번지
11560,13300,0,1075,0089,,,일반건축물,단독주택,주택,0,73.76,221.28,19900614,2,1,서울특별시 영등포구 대림동 1075-89번지
11560,13300,0,1075,0090,,,일반건축물,단독주택,주택,0,67.41,202.23,19900607,2,1,서울특별시 영등포구 대림동 1075-90번지
11560,13300,0,1075,0091,,,일반건축물,단독주택,주택,0,59.37,178.11,19900607,2,1,서울특별시 영등포구 대림동 1075-91번지
11560,13300,0,1075,0092,,,일반건축물,단독주택,다가구주택(4가구),126,75.73,254.52,19980617,3,1,서울특별시 영등포구 대림동 1075-92번지
11560,13300,0,1075,0095,,,일반건축물,단독주택,다가구용단독주택,116,62.35,210.11,19920525,3,1,서울특별시 영등포구 대림동 1075-95번지
11560,13300,0,1075,0096,,,일반건축물,단독주택,주택,0,54.18,167.46,19890907,2,1,서울특별시 영등포구 대림동 1075-96번지
11560,13300,0,1075,0097,,,일반건축물,단독주택,주택,0,55.77,172.43,19890106,2,1,서울특별시 영등포구 대림동 1075-97번지
11560,13300,0,1075,0098,,,일반건축물,단독주택,다가구용단독주택(5가구),110.04,65.9,178.18,19950512,2,1,서울특별시 영등포구 대림동 1075-98번지
11560,13300,0,1075,0100,,,일반건축물,단독주택,다가구용단독주택(5가구),0,58.55,168.02,19920916,2,1,서울특별시 영등포구 대림동 1075-100번지
11560,13300,0,1075,0101,,,일반건축물,단독주택,주택,0,64.26,190.89,19891027,2,1,서울특별시 영등포구 대림동 1075-101번지
11560,13300,0,1075,0102,,,일반건축물,단독주택,다가구주택(5가구),112.78,67.46,177.47,19930710,2,1,서울특별시 영등포구 대림동 1075-102번지
11560,13300,0,1075,0104,,,표제부,공동주택,다세대주택,0,80.44,241.32,19860926,2,1,서울특별시 영등포구 대림동 1075-104번지
11560,13300,0,1075,0105,,,일반건축물,단독주택,주택,0,64.5,193.5,19890526,2,1,서울특별시 영등포구 대림동 1075-105번지
11560,13300,0,1075,0106,,,일반건축물,단독주택,다가구용단독주택(6가구),112.1,67.08,200.78,19930811,3,1,서울특별시 영등포구 대림동 1075-106번지
11560,13300,0,1075,0108,,,일반건축물,단독주택,다중주택,130.93,78.27,284.66,20150914,3,1,서울특별시 영등포구 대림동 1075-108번지
11560,13300,0,1075,0109,,,일반건축물,단독주택,다가구용단독주택(4가구),136,81.02,204.46,19930922,2,1,서울특별시 영등포구 대림동 1075-109번지
11560,13300,0,1075,0110,,,일반건축물,단독주택,다세대주택,0,66.42,207.36,19860426,2,1,서울특별시 영등포구 대림동 1075-110번지
11560,13300,0,1075,0112,형지파크타운,,표제부,공동주택,다세대주택(원룸형도시형생활주택),388.4,232.65,659.78,20230607,5,0,서울특별시 영등포구 대림동 1075-112번지
11560,13300,0,1075,0115,,,일반건축물,단독주택,다가구용단독주택,142,85.1,222.45,19971023,3,0,서울특별시 영등포구 대림동 1075-115번지
11560,13300,0,1075,0116,,,일반건축물,단독주택,주택,0,70.2,210.6,19900621,2,1,서울특별시 영등포구 대림동 1075-116번지
11560,13300,0,1075,0117,,,일반건축물,단독주택,단독주택,143,81.45,237.34,20180814,4,0,서울특별시 영등포구 대림동 1075-117번지
11560,13300,0,1075,0119,,,일반건축물,단독주택,단독주택,0,70.46,211.38,19900630,2,1,서울특별시 영등포구 대림동 1075-119번지
11560,13300,0,1075,0126,,,일반건축물,단독주택,주택,0,78.45,145.09,19760615,2,1,서울특별시 영등포구 대림동 1075-126번지
11560,13300,0,1075,0129,,,일반건축물,단독주택,다가구주택(8가구),168,100.59,328.66,19930807,3,1,서울특별시 영등포구 대림동 1075-129번지
11560,13300,0,1075,0130,,,일반건축물,단독주택,다가구주택,162,94.21,249.63,19930812,2,1,서울특별시 영등포구 대림동 1075-130번지
11560,13300,0,1075,0131,,,일반건축물,단독주택,주택,0,79.77,245.85,19861113,2,1,서울특별시 영등포구 대림동 1075-131번지
11560,13300,0,1075,0132,,,일반건축물,단독주택,주택,0,79.98,239.94,19890509,2,1,서울특별시 영등포구 대림동 1075-132번지
11560,13300,0,1075,0133,,,일반건축물,단독주택,주택,162,98.03,255.92,19840123,2,1,서울특별시 영등포구 대림동 1075-133번지
11560,13300,0,1075,0139,,,일반건축물,단독주택,"단독주택(다중주택,단독주택)",160.82,96.15,299.83,20130827,3,1,서울특별시 영등포구 대림동 1075-139번지
11560,13300,0,1076,0002,,,일반건축물,단독주택,주택,0,69.02,75.6,19750813,1,1,서울특별시 영등포구 대림동 1076-2번지
11560,13300,0,1076,0002,,,일반건축물,단독주택,단독주택,0,57.48,172.44,19900917,2,1,서울특별시 영등포구 대림동 1076-2번지
11560,13300,0,1076,0004,,,일반건축물,단독주택,주택,0,112.73,276.69,19800826,2,1,서울특별시 영등포구 대림동 1076-4번지
11560,13300,0,1076,0007,,,일반건축물,단독주택,단독주택,0,76.77,230.31,19900928,2,1,서울특별시 영등포구 대림동 1076-7번지
11560,13300,0,1076,0016,,,일반건축물,단독주택,주택,0,69.05,207.15,19870518,2,1,서울특별시 영등포구 대림동 1076-16번지
11560,13300,0,1076,0017,,,일반건축물,단독주택,다가구용단독주택(5가구),0,81.87,237.45,19921010,2,1,서울특별시 영등포구 대림동 1076-17번지
11560,13300,0,1076,0018,,,일반건축물,단독주택,주택,0,75.53,226.59,19880602,2,1,서울특별시 영등포구 대림동 1076-18번지
11560,13300,0,1076,0019,도담채,,일반건축물,단독주택,다중주택/1종근린생활시설,151,90.27,374.41,20220707,4,1,서울특별시 영등포구 대림동 1076-19번지
11560,13300,0,1076,0020,,,일반건축물,단독주택,주택,0,73.29,219.87,19880707,2,1,서울특별시 영등포구 대림동 1076-20번지
11560,13300,0,1076,0021,,,일반건축물,단독주택,다가구용단독주택(7가구),0,75.44,222.04,19920609,2,1,서울특별시 영등포구 대림동 1076-21번지
11560,13300,0,1076,0022,,,일반건축물,단독주택,다가구용단독주택(7가구),0,78.7,230.07,19920610,2,1,서울특별시 영등포구 대림동 1076-22번지
11560,13300,0,1076,0023,,,일반건축물,단독주택,주택,0,69.55,208.65,19871123,2,1,서울특별시 영등포구 대림동 1076-23번지
11560,13300,0,1076,0024,,,일반건축물,단독주택,주택,0,74.1,221.58,19871102,2,1,서울특별시 영등포구 대림동 1076-24번지
11560,13300,0,1076,0025,,,일반건축물,단독주택,다가구주택,0,79.46,237.4,19860811,2,1,서울특별시 영등포구 대림동 1076-25번지
11560,13300,0,1077,0001,,,일반건축물,단독주택,다가구주택(7가구),162,96.79,239.92,19940615,2,1,서울특별시 영등포구 대림동 1077-1번지
11560,13300,0,1077,0003,,,일반건축물,제2종근린생활시설,근린생활시설,0,92.79,102.51,19740619,1,1,서울특별시 영등포구 대림동 1077-3번지
11560,13300,0,1077,0005,대림 363,,일반건축물,제1종근린생활시설,근린생활시설,638,326.49,2035.41,20201221,6,2,서울특별시 영등포구 대림동 1077-5번지
11560,13300,0,1078,0001,,,일반건축물,제2종근린생활시설,근린생활시설,165,79.68,478.91,19930811,5,1,서울특별시 영등포구 대림동 1078-1번지
11560,13300,0,1078,0004,,,일반건축물,단독주택,단독주택,0,75.84,227.52,19901019,2,1,서울특별시 영등포구 대림동 1078-4번지
11560,13300,0,1078,0006,,,일반건축물,단독주택,"근린생활시설, 다가구용단독주택",175,104.58,651.43,20000324,5,1,서울특별시 영등포구 대림동 1078-6번지
11560,13300,0,1078,0007,,,일반건축물,제1종근린생활시설,"점포, 주택",0,104.69,200.19,19741220,2,1,서울특별시 영등포구 대림동 1078-7번지
11560,13300,0,1078,0008,,,일반건축물,단독주택,단독주택,0,75.66,226.98,19901022,2,1,서울특별시 영등포구 대림동 1078-8번지
11560,13300,0,1078,0009,,,일반건축물,단독주택,단독주택,0,75.96,227.88,19901020,2,1,서울특별시 영등포구 대림동 1078-9번지
11560,13300,0,1078,0010,,,일반건축물,단독주택,단독주택,0,46.49,139.47,19901106,2,1,서울특별시 영등포구 대림동 1078-10번지
11560,13300,0,1078,0012,,,일반건축물,제1종근린생활시설,"근린생활시설, 주택",0,73.92,397.68,19910130,4,1,서울특별시 영등포구 대림동 1078-12번지
11560,13300,0,1078,0013,,,일반건축물,단독주택,다가구용단독주택(5가구),130.72,78.19,216.87,19950928,2,1,서울특별시 영등포구 대림동 1078-13번지
11560,13300,0,1078,0014,,,일반건축물,단독주택,주택,0,67.02,201.06,19870523,2,1,서울특별시 영등포구 대림동 1078-14번지
11560,13300,0,1078,0015,주영 파크빌,,표제부,공동주택,"다세대주택[11세대],제2종근린생활시설",256.4,153.11,512.58,20150901,5,0,서울특별시 영등포구 대림동 1078-15번지
11560,13300,0,1078,0017,,,일반건축물,단독주택,다가구용단독주택(5가구),0,53.3,157.96,19911116,2,1,서울특별시 영등포구 대림동 1078-17번지
11560,13300,0,1078,0018,,,일반건축물,단독주택,단독주택,0,61.02,177.26,19881109,2,1,서울특별시 영등포구 대림동 1078-18번지
11560,13300,0,1078,0019,,,일반건축물,단독주택,단독주택,0,70.89,212.67,19901019,2,1,서울특별시 영등포구 대림동 1078-19번지
11560,13300,0,1078,0020,,,일반건축물,단독주택,주택,0,82.38,175.51,19740904,2,1,서울특별시 영등포구 대림동 1078-20번지
11560,13300,0,1078,0021,자라빌,,일반건축물,단독주택,단독주택,150.23,89.76,299.62,20190114,3,1,서울특별시 영등포구 대림동 1078-21번지
11560,13300,0,1078,0022,,,일반건축물,단독주택,주택,0,81.36,173.18,19741226,2,1,서울특별시 영등포구 대림동 1078-22번지
11560,13300,0,1078,0023,,,일반건축물,단독주택,다가구용단독주택(9가구),179,106.14,349.32,19931207,3,1,서울특별시 영등포구 대림동 1078-23번지
11560,13300,0,1078,0024,,,일반건축물,단독주택,"주택, 근린생활시설",0,69.43,135.48,19741226,2,1,서울특별시 영등포구 대림동 1078-24번지
11560,13300,0,1078,0025,,,일반건축물,단독주택,주택,0,55.29,165.87,19890927,2,1,서울특별시 영등포구 대림동 1078-25번지
11560,13300,0,1078,0026,,,일반건축물,단독주택,주택,0,53.42,68.69,19751114,1,1,서울특별시 영등포구 대림동 1078-26번지
11560,13300,0,1078,0026,,,일반건축물,단독주택,주택,0,58.5,175.5,19860219,2,1,서울특별시 영등포구 대림동 1078-26번지
11560,13300,0,1078,0027,,,일반건축물,단독주택,주택,0,56.43,67.64,19760316,1,1,서울특별시 영등포구 대림동 1078-27번지
11560,13300,0,1079,0001,,,일반건축물,제1종근린생활시설,"점포, 주택",0,105.09,208.56,19760727,2,1,서울특별시 영등포구 대림동 1079-1번지
11560,13300,0,1079,0006,,,일반건축물,단독주택,다가구용단독주택(5가구),0,67.29,199.44,19921005,2,1,서울특별시 영등포구 대림동 1079-6번지
11560,13300,0,1079,0007,,,일반건축물,단독주택,다가구용단독주택(5가구),0,66.87,196.29,19921021,2,1,서울특별시 영등포구 대림동 1079-7번지
11560,13300,0,1079,0008,,,일반건축물,단독주택,다가구용단독주택(5가구),0,66.47,199.41,19920616,2,1,서울특별시 영등포구 대림동 1079-8번지
11560,13300,0,1079,0009,,,일반건축물,단독주택,주택,0,64.34,193.02,19871231,2,1,서울특별시 영등포구 대림동 1079-9번지
11560,13300,0,1079,0010,,,일반건축물,단독주택,주택,0,66.05,133.49,19740612,2,1,서울특별시 영등포구 대림동 1079-10번지
11560,13300,0,1079,0011,,,일반건축물,단독주택,다가구용단독주택(7가구),136,80.76,284.94,19960611,3,1,서울특별시 영등포구 대림동 1079-11번지
11560,13300,0,1079,0012,,,일반건축물,단독주택,주택,0,67.59,202.77,19881012,2,1,서울특별시 영등포구 대림동 1079-12번지
11560,13300,0,1079,0015,,,일반건축물,단독주택,주택,0,69.75,209.25,19890817,2,1,서울특별시 영등포구 대림동 1079-15번지
11560,13300,0,1079,0016,,,일반건축물,단독주택,주택,0,66,198,19880719,2,1,서울특별시 영등포구 대림동 1079-16번지
11560,13300,0,1079,0017,,,일반건축물,단독주택,주택,0,65.85,197.55,19880927,2,1,서울특별시 영등포구 대림동 1079-17번지
11560,13300,0,1079,0018,린 하우스,,일반건축물,단독주택,단독주택(다중주택),152,88.68,317.22,20191106,4,1,서울특별시 영등포구 대림동 1079-18번지
11560,13300,0,1079,0019,,,일반건축물,단독주택,주택,0,75.87,227.61,19890526,2,1,서울특별시 영등포구 대림동 1079-19번지
11560,13300,0,1079,0020,,,일반건축물,단독주택,주택,0,67.77,137.79,19740611,2,1,서울특별시 영등포구 대림동 1079-20번지
11560,13300,0,1079,0021,,,일반건축물,단독주택,주택,0,65.88,197.64,19871103,2,1,서울특별시 영등포구 대림동 1079-21번지
11560,13300,0,1079,0022,,,일반건축물,단독주택,주택,0,70.51,215.13,19861105,2,1,서울특별시 영등포구 대림동 1079-22번지
11560,13300,0,1079,0023,,,일반건축물,제2종근린생활시설,근린생활시설,205,107.82,599.58,19950126,5,1,서울특별시 영등포구 대림동 1079-23번지
11560,13300,0,1079,0024,,,일반건축물,단독주택,다가구용단독주택(5가구),0,81.13,240.14,19920622,2,1,서울특별시 영등포구 대림동 1079-24번지
11560,13300,0,1079,0025,,,일반건축물,단독주택,주택,0,65.95,197.85,19880919,2,1,서울특별시 영등포구 대림동 1079-25번지
11560,13300,0,1079,0026,,,일반건축물,단독주택,다가구용단독주택(5가구),0,74.9,221.46,19910701,2,1,서울특별시 영등포구 대림동 1079-26번지
11560,13300,0,1079,0027,,,일반건축물,단독주택,단독주택,152,90.4,299.59,20160711,3,1,서울특별시 영등포구 대림동 1079-27번지
11560,13300,0,1079,0028,,,일반건축물,단독주택,주택,152,75.39,257.59,19881014,3,1,서울특별시 영등포구 대림동 1079-28번지
11560,13300,0,1079,0029,,,일반건축물,단독주택,다가구용단독주택(5가구),0,68.55,197.73,19910722,2,1,서울특별시 영등포구 대림동 1079-29번지
11560,13300,0,1079,0030,,,일반건축물,단독주택,다가구용단독주택(5가구),0,66.9,199.3,19920806,2,1,서울특별시 영등포구 대림동 1079-30번지
11560,13300,0,1079,0031,,,일반건축물,단독주택,주택,0,70.44,211.32,19890707,2,1,서울특별시 영등포구 대림동 1079-31번지
11560,13300,0,1079,0033,,,일반건축물,단독주택,다가구용단독주택(5가구),0,83.34,247.29,19911113,2,1,서울특별시 영등포구 대림동 1079-33번지
11560,13300,0,1079,0034,,,일반건축물,단독주택,주택,0,67.83,211.38,19890816,2,1,서울특별시 영등포구 대림동 1079-34번지
11560,13300,0,1079,0035,포레스티아,,일반건축물,단독주택,단독주택(제2종근린생활시설),136,81.34,304.19,20211007,4,1,서울특별시 영등포구 대림동 1079-35번지
11560,13300,0,1079,0036,,,일반건축물,단독주택,주택,0,67.86,203.58,19871013,2,1,서울특별시 영등포구 대림동 1079-36번지
11560,13300,0,1079,0037,,,일반건축물,단독주택,주택,0,66.02,198.06,19870716,2,1,서울특별시 영등포구 대림동 1079-37번지
11560,13300,0,1079,0038,,,일반건축물,단독주택,주택,0,67.41,210.27,19881104,2,1,서울특별시 영등포구 대림동 1079-38번지
11560,13300,0,1079,0039,,,일반건축물,단독주택,주택,0,67.17,201.51,19880701,2,1,서울특별시 영등포구 대림동 1079-39번지
11560,13300,0,1079,0040,,,일반건축물,단독주택,다가구용단독주택(6가구),145,86.94,322.64,19980501,3,1,서울특별시 영등포구 대림동 1079-40번지
11560,13300,0,1079,0041,,,일반건축물,제2종근린생활시설,"일반음식점, 사무소",197.6,113.38,526.28,20150826,5,1,서울특별시 영등포구 대림동 1079-41번지
11560,13300,0,1079,0042,,,일반건축물,단독주택,다가구용단독주택(5가구),0,67.59,199.89,19920916,2,1,서울특별시 영등포구 대림동 1079-42번지
11560,13300,0,1080,0001,,,일반건축물,단독주택,주택,179,86.88,249.3,19851111,2,1,서울특별시 영등포구 대림동 1080-1번지
11560,13300,0,1080,0004,동양빌딩,,일반건축물,제2종근린생활시설,근린생활시설/단독주택,179,107.01,483.28,20120926,5,1,서울특별시 영등포구 대림동 1080-4번지
11560,13300,0,1080,0006,,,일반건축물,단독주택,주택,0,67.8,203.4,19870729,2,1,서울특별시 영등포구 대림동 1080-6번지
11560,13300,0,1080,0007,,,일반건축물,단독주택,주택,0,58.95,178.25,19880709,2,1,서울특별시 영등포구 대림동 1080-7번지
11560,13300,0,1080,0009,샤인빌,,일반건축물,단독주택,단독주택(다중주택),130,77.4,292.13,20170321,3,1,서울특별시 영등포구 대림동 1080-9번지
11560,13300,0,1080,0010,,,일반건축물,단독주택,다가구용단독주택,142,73.98,199.74,19930927,2,1,서울특별시 영등포구 대림동 1080-10번지
11560,13300,0,1080,0011,,,일반건축물,단독주택,다가구주택(3가구),139,69.36,232.67,19851122,3,1,서울특별시 영등포구 대림동 1080-11번지
11560,13300,0,1080,0012,,,일반건축물,단독주택,주택,139,68.43,214.89,19851104,2,1,서울특별시 영등포구 대림동 1080-12번지
11560,13300,0,1080,0013,,,일반건축물,단독주택,주택,0,68.26,209.3,19861007,2,1,서울특별시 영등포구 대림동 1080-13번지
11560,13300,0,1080,0014,,,일반건축물,단독주택,다가구주택(6가구),136,66.09,226.53,19861017,3,1,서울특별시 영등포구 대림동 1080-14번지
11560,13300,0,1080,0015,해월빌,,일반건축물,단독주택,단독주택(다중주택),132,78.57,308.07,20190516,4,1,서울특별시 영등포구 대림동 1080-15번지
11560,13300,0,1080,0016,,,일반건축물,단독주택,주택,0,65.56,196.68,19890526,2,1,서울특별시 영등포구 대림동 1080-16번지
11560,13300,0,1080,0017,YCH,,일반건축물,제2종근린생활시설,제2종근린생활시설,175,104.6,493.49,20160913,4,1,서울특별시 영등포구 대림동 1080-17번지
11560,13300,0,1080,0018,,,일반건축물,단독주택,단독주택 및 제2종근린생활시설,121.3,72.65,304.93,20171103,4,1,서울특별시 영등포구 대림동 1080-18번지
11560,13300,0,1080,0019,,,일반건축물,단독주택,다세대주택,0,65.71,197.13,19860827,2,1,서울특별시 영등포구 대림동 1080-19번지
11560,13300,0,1080,0020,,,일반건축물,단독주택,다세대주택,0,63.3,191.34,19860923,2,1,서울특별시 영등포구 대림동 1080-20번지
11560,13300,0,1080,0021,,,일반건축물,단독주택,다가구주택(5가구),130,77.52,213.93,19930710,3,1,서울특별시 영등포구 대림동 1080-21번지
11560,13300,0,1080,0022,,,일반건축물,단독주택,다가구용단독주택,132,79.15,199.95,19931020,2,1,서울특별시 영등포구 대림동 1080-22번지
11560,13300,0,1080,0023,,,일반건축물,단독주택,단독주택,132,78.6,289.2,20160727,3,1,서울특별시 영등포구 대림동 1080-23번지
11560,13300,0,1080,0024,,,일반건축물,단독주택,다가구용단독주택(6가구),0,74.38,219.69,19911119,2,1,서울특별시 영등포구 대림동 1080-24번지
11560,13300,0,1080,0025,마루빌,,일반건축물,단독주택,"제2종근린생활시설, 단독주택",132,78.58,325.14,20170920,4,1,서울특별시 영등포구 대림동 1080-25번지
11560,13300,0,1080,0026,대림,,일반건축물,단독주택,단독주택,132,79,330.82,20180725,4,1,서울특별시 영등포구 대림동 1080-26번지
11560,13300,0,1080,0027,,,일반건축물,단독주택,다가구용단독주택(5가구),132,79.1,227.27,19960614,3,0,서울특별시 영등포구 대림동 1080-27번지
11560,13300,0,1080,0028,,,일반건축물,단독주택,다가구용단독주택(6가구),132,78.64,237.58,19930521,3,1,서울특별시 영등포구 대림동 1080-28번지
11560,13300,0,1080,0029,,,일반건축물,단독주택,"주택, 점포",0,100.43,183.07,19750909,2,1,서울특별시 영등포구 대림동 1080-29번지
11560,13300,0,1080,0030,,,일반건축물,제2종근린생활시설,근린생활시설,0,100.93,100.93,19740513,1,0,서울특별시 영등포구 대림동 1080-30번지
11560,13300,0,1080,0031,,,일반건축물,단독주택,단독주택,132,79.14,249.89,20130125,3,1,서울특별시 영등포구 대림동 1080-31번지
11560,13300,0,1080,0032,,,일반건축물,단독주택,주택,0,65.52,196.56,19860701,2,1,서울특별시 영등포구 대림동 1080-32번지
11560,13300,0,1080,0033,,,일반건축물,단독주택,단독주택,132,79.1,243.37,20181130,3,1,서울특별시 영등포구 대림동 1080-33번지
11560,13300,0,1080,0034,,,일반건축물,단독주택,주택,132,63.96,191.88,19851028,2,1,서울특별시 영등포구 대림동 1080-34번지
11560,13300,0,1080,0035,,,일반건축물,단독주택,주택,0,64.86,194.58,19881015,2,1,서울특별시 영등포구 대림동 1080-35번지
11560,13300,0,1080,0036,,,일반건축물,단독주택,주택,124,91.24,232.27,19880924,3,1,서울특별시 영등포구 대림동 1080-36번지
11560,13300,0,1080,0037,,,일반건축물,단독주택,주택,0,62.72,189.56,19880510,2,1,서울특별시 영등포구 대림동 1080-37번지
11560,13300,0,1080,0038,,,일반건축물,단독주택,주택,0,62.48,188.94,19880603,2,1,서울특별시 영등포구 대림동 1080-38번지
11560,13300,0,1080,0039,,,일반건축물,단독주택,주택,126,88.97,249.05,19881201,3,1,서울특별시 영등포구 대림동 1080-39번지
11560,13300,0,1080,0040,,,일반건축물,단독주택,주택,0,61.65,184.95,19881213,2,1,서울특별시 영등포구 대림동 1080-40번지
11560,13300,0,1080,0041,,,일반건축물,단독주택,다가구주택,124,74.23,205.91,20010926,3,0,서울특별시 영등포구 대림동 1080-41번지
11560,13300,0,1080,0042,,,일반건축물,단독주택,주택,0,62.64,187.92,19890906,2,1,서울특별시 영등포구 대림동 1080-42번지
11560,13300,0,1080,0043,,,일반건축물,단독주택,단독주택(다가구주택),122,68.9,129.02,20030412,2,0,서울특별시 영등포구 대림동 1080-43번지
11560,13300,0,1080,0045,,,일반건축물,단독주택,주택,0,67.32,201.96,19880826,2,1,서울특별시 영등포구 대림동 1080-45번지
11560,13300,0,1080,0046,,,일반건축물,단독주택,다가구용단독주택(5가구),0,66.7,200.1,19900911,2,1,서울특별시 영등포구 대림동 1080-46번지
11560,13300,0,1080,0047,,,일반건축물,단독주택,주택,0,67.86,203.58,19881017,2,1,서울특별시 영등포구 대림동 1080-47번지
11560,13300,0,1080,0048,,,일반건축물,단독주택,주택,0,77.07,85.32,19840621,1,1,서울특별시 영등포구 대림동 1080-48번지
11560,13300,0,1080,0050,,,일반건축물,단독주택,다가구용단독주택(4가구),132,65.25,205.32,19860711,2,1,서울특별시 영등포구 대림동 1080-50번지
11560,13300,0,1080,0051,,,일반건축물,단독주택,단독주택(다중주택),129.38,77.48,318.73,20190812,4,1,서울특별시 영등포구 대림동 1080-51번지
11560,13300,0,1080,0056,잘사는집,,일반건축물,단독주택,단독주택(다중주택),160.8,96.25,299.3,20140819,3,1,서울특별시 영등포구 대림동 1080-56번지
11560,13300,0,1081,0003,,,일반건축물,제2종근린생활시설,"근린생활시설, 점포, 주택",0,72.2,134.22,19760525,2,1,서울특별시 영등포구 대림동 1081-3번지
11560,13300,0,1081,0005,문안빌딩,,일반건축물,제2종근린생활시설,제2종근린생활시설,165,82.05,417.75,20181217,4,1,서울특별시 영등포구 대림동 1081-5번지
11560,13300,0,1081,0007,하늘아트빌,,일반건축물,단독주택,"제1,2종근린생활시설/다가구주택",134.5,80.51,331.31,20131002,4,1,서울특별시 영등포구 대림동 1081-7번지
11560,13300,0,1081,0009,,,일반건축물,단독주택,주택,0,74.89,227.59,19891205,2,1,서울특별시 영등포구 대림동 1081-9번지
11560,13300,0,1081,0010,,,일반건축물,제2종근린생활시설,"근린생활시설, 주택",0,70.71,438.69,19920306,5,1,서울특별시 영등포구 대림동 1081-10번지
11560,13300,0,1081,0012,,,일반건축물,단독주택,"주택, 근린생활시설",0,84.75,169.45,19731205,2,1,서울특별시 영등포구 대림동 1081-12번지
11560,13300,0,1081,0013,쌍용프라임,,표제부,공동주택,다세대주택,394,236.33,654.13,20151218,5,0,서울특별시 영등포구 대림동 1081-13번지
11560,13300,0,1081,0014,,,일반건축물,단독주택,주택,0,62.82,199.44,19890831,2,1,서울특별시 영등포구 대림동 1081-14번지
11560,13300,0,1081,0017,,,일반건축물,제2종근린생활시설,일밤음식점.다가구주택,153,91.52,322.232,20150925,4,0,서울특별시 영등포구 대림동 1081-17번지
11560,13300,0,1081,0018,,,일반건축물,단독주택,"근린생활시설, 주택",153.05,91.66,338.54,19930830,3,1,서울특별시 영등포구 대림동 1081-18번지
11560,13300,0,1081,0023,,,일반건축물,단독주택,"주택, 근린생활시설",0,73.82,145.88,19731113,2,1,서울특별시 영등포구 대림동 1081-23번지
11560,13300,0,1081,0024,,,일반건축물,단독주택,근린생활시설,165,96.24,474.9,20021125,5,0,서울특별시 영등포구 대림동 1081-24번지
11560,13300,0,1081,0025,,,일반건축물,단독주택,단독주택,132,78,294,20171018,3,1,서울특별시 영등포구 대림동 1081-25번지
11560,13300,0,1081,0026,,,일반건축물,단독주택,주택,0,65.46,196.38,19860611,2,1,서울특별시 영등포구 대림동 1081-26번지
11560,13300,0,1081,0027,,,일반건축물,단독주택,다가구용단독주택(7가구),0,73.45,222.14,19911106,2,1,서울특별시 영등포구 대림동 1081-27번지
11560,13300,0,1081,0028,,,일반건축물,단독주택,주택,0,64.92,194.76,19860529,2,1,서울특별시 영등포구 대림동 1081-28번지
11560,13300,0,1081,0029,라온빌,,일반건축물,단독주택,단독주택(다중주택),129.59,77.04,282.06,20190326,3,1,서울특별시 영등포구 대림동 1081-29번지
11560,13300,0,1081,0030,행복플러스,,일반건축물,단독주택,단독주택(다중주택),129.8,77.52,278.38,20190711,3,1,서울특별시 영등포구 대림동 1081-30번지
11560,13300,0,1081,0031,,,일반건축물,단독주택,단독주택,129.57,77.7,272.28,20150311,3,1,서울특별시 영등포구 대림동 1081-31번지
11560,13300,0,1081,0032,,,일반건축물,단독주택,다가구용단독주택(4가구),130.75,77.27,211.56,19960816,2,1,서울특별시 영등포구 대림동 1081-32번지
11560,13300,0,1081,0033,,,일반건축물,제1종근린생활시설,"근린생활시설, 주택",0,82.27,271.7,19830620,3,1,서울특별시 영등포구 대림동 1081-33번지
11560,13300,0,1081,0034,,,일반건축물,단독주택,단독주택,134.19,80.28,299.82,20171010,3,1,서울특별시 영등포구 대림동 1081-34번지
11560,13300,0,1081,0035,드림 빌,,일반건축물,단독주택,"단독(다중)주택, 제2종근린생활시설",228,135.59,429.55,20210316,4,0,서울특별시 영등포구 대림동 1081-35번지
11560,13300,0,1081,0036,,,일반건축물,단독주택,"다가구주택(4가구),제1,2종근린생활시설",136,81.35,263.73,20070131,4,0,서울특별시 영등포구 대림동 1081-36번지
11560,13300,0,1081,0037,,,일반건축물,단독주택,주택,0,60.88,182.64,19880704,2,1,서울특별시 영등포구 대림동 1081-37번지
11560,13300,0,1081,0038,,,일반건축물,단독주택,주택,0,61.31,181.5,19880528,2,1,서울특별시 영등포구 대림동 1081-38번지
11560,13300,0,1081,0039,,,일반건축물,단독주택,단독주택,121.86,71.14,255.94,20140404,3,1,서울특별시 영등포구 대림동 1081-39번지
11560,13300,0,1081,0040,,,일반건축물,단독주택,다가구주택,132.78,89.24,272,20100409,4,0,서울특별시 영등포구 대림동 1081-40번지
11560,13300,0,1081,0041,해성빌,,일반건축물,단독주택,단독주택,132,79.18,289.54,20160701,3,1,서울특별시 영등포구 대림동 1081-41번지
11560,13300,0,1081,0042,,,일반건축물,단독주택,주택,0,68.17,145.88,19731205,2,1,서울특별시 영등포구 대림동 1081-42번지
11560,13300,0,1081,0043,,,일반건축물,제1종근린생활시설,"근린생활시설,단독주택",147.1,87.72,415.51,20150723,4,1,서울특별시 영등포구 대림동 1081-43번지
11560,13300,0,1081,0044,,,일반건축물,단독주택,단독주택,129.82,77.22,199.85,20130909,3,0,서울특별시 영등포구 대림동 1081-44번지
11560,13300,0,1081,0045,,,일반건축물,단독주택,다가구주택,132,78.43,199.44,19930803,2,1,서울특별시 영등포구 대림동 1081-45번지
11560,13300,0,1081,0046,,,일반건축물,단독주택,다가구용단독주택,122,72.05,179.78,19930708,2,1,서울특별시 영등포구 대림동 1081-46번지
11560,13300,0,1081,0048,,,일반건축물,단독주택,다가구용단독주택(5가구),0,59.61,180.27,19921211,2,1,서울특별시 영등포구 대림동 1081-48번지
11560,13300,0,1081,0049,,,일반건축물,단독주택,주택,0,65.64,199.37,19890731,2,1,서울특별시 영등포구 대림동 1081-49번지
11560,13300,0,1081,0050,,,일반건축물,단독주택,다중주택 및 근린생활시설(사무소),132,78.93,259.12,20220810,4,0,서울특별시 영등포구 대림동 1081-50번지
11560,13300,0,1081,0051,에쉐르 빌,,일반건축물,단독주택,단독주택,132,78.72,195.21,20120817,3,0,서울특별시 영등포구 대림동 1081-51번지
11560,13300,0,1081,0052,,,일반건축물,제1종근린생활시설,"근린생활시설, 주택",0,82.08,444.84,19910110,4,1,서울특별시 영등포구 대림동 1081-52번지
11560,13300,0,1081,0053,행복채움,,일반건축물,단독주택,단독(다중)주택,130,74.97,284.84,20200218,3,1,서울특별시 영등포구 대림동 1081-53번지
11560,13300,0,1081,0054,,,일반건축물,단독주택,단독주택,155,89,308.92,20120921,5,0,서울특별시 영등포구 대림동 1081-54번지
11560,13300,0,1081,0055,,,일반건축물,단독주택,단독주택,132,76.99,299.68,20160714,3,1,서울특별시 영등포구 대림동 1081-55번지
11560,13300,0,1081,0060,,,일반건축물,단독주택,단독주택(다중주택),129,76.92,196.66,20150706,3,0,서울특별시 영등포구 대림동 1081-60번지
11560,13300,0,1081,0061,,,일반건축물,제1종근린생활시설,"근린생활시설, 주택",0,62.84,270.76,19910225,3,1,서울특별시 영등포구 대림동 1081-61번지
11560,13300,0,1081,0062,,,일반건축물,단독주택,"다가구용단독주택, 소매점",130.01,76.92,220.64,19981116,3,0,서울특별시 영등포구 대림동 1081-62번지
11560,13300,0,1081,0063,,,일반건축물,단독주택,주택,0,63.93,191.79,19860612,2,1,서울특별시 영등포구 대림동 1081-63번지
11560,13300,0,1081,0064,,,일반건축물,단독주택,단독주택,132,79.03,299.8,20181113,3,1,서울특별시 영등포구 대림동 1081-64번지
11560,13300,0,1081,0065,스톤빌,,일반건축물,단독주택,단독주택,132,78.1,296.9,20161123,3,1,서울특별시 영등포구 대림동 1081-65번지
11560,13300,0,1081,0066,,,일반건축물,단독주택,주택,130,64.25,192.75,19850926,2,1,서울특별시 영등포구 대림동 1081-66번지
11560,13300,0,1081,0067,,,일반건축물,단독주택,단독주택,129,76.71,272.23,20131105,3,1,서울특별시 영등포구 대림동 1081-67번지
11560,13300,0,1081,0068,,,일반건축물,단독주택,다가구주택(7가구),129,65.5,192.45,19921230,2,1,서울특별시 영등포구 대림동 1081-68번지
11560,13300,0,1081,0069,,,일반건축물,단독주택,주택,0,64.04,192.12,19881230,2,1,서울특별시 영등포구 대림동 1081-69번지
11560,13300,0,1081,0070,,,일반건축물,단독주택,단독(다중)주택,130.03,77.76,236.24,20210215,4,0,서울특별시 영등포구 대림동 1081-70번지
11560,13300,0,1081,0074,,,일반건축물,단독주택,주택,0,64.05,196.35,19870513,2,1,서울특별시 영등포구 대림동 1081-74번지
11560,13300,0,1081,0075,,,일반건축물,단독주택,단독주택,0,63.48,190.44,19900917,2,1,서울특별시 영등포구 대림동 1081-75번지
11560,13300,0,1081,0076,아너스 원,,일반건축물,단독주택,단독주택,136,81.43,297.92,20160114,3,1,서울특별시 영등포구 대림동 1081-76번지
11560,13300,0,1081,0077,,,일반건축물,단독주택,주택,0,68.22,204.66,19870801,2,1,서울특별시 영등포구 대림동 1081-77번지
11560,13300,0,1081,0078,유토피아,,일반건축물,단독주택,단독주택 및 제2종근린생활시설,145,85.92,317.77,20171103,4,1,서울특별시 영등포구 대림동 1081-78번지
11560,13300,0,1081,0079,미쁘담,,일반건축물,단독주택,단독주택,136,81.18,326.58,20181220,4,1,서울특별시 영등포구 대림동 1081-79번지
11560,13300,0,1081,0080,PaCo빌,,일반건축물,단독주택,"단독주택(다중주택,근린생활시설)",136,81.44,316.48,20190315,4,1,서울특별시 영등포구 대림동 1081-80번지
11560,13300,0,1081,0081,서광빌,,일반건축물,단독주택,다중주택,132,78.12,297.14,20151113,3,1,서울특별시 영등포구 대림동 1081-81번지
11560,13300,0,1081,0082,미래하이츠,,표제부,공동주택,공동주택,264,155.49,546.99,20231107,5,0,서울특별시 영등포구 대림동 1081-82번지
11560,13300,0,1081,0084,대림하이츠,,표제부,공동주택,공동주택,264,158.4,516.62,20231107,5,0,서울특별시 영등포구 대림동 1081-84번지
11560,13300,0,1081,0085,다인빌,,표제부,공동주택,공동주택,253,151.77,481.5,20151006,5,0,서울특별시 영등포구 대림동 1081-85번지
11560,13300,0,1081,0087,,,일반건축물,단독주택,단독주택 및 제2종근린생활시설,132,78.95,304.07,20171115,4,1,서울특별시 영등포구 대림동 1081-87번지
11560,13300,0,1081,0088,,,일반건축물,단독주택,다중주택 및 제2종근린생활시설(사무소),132,79.17,331.73,20211221,4,1,서울특별시 영등포구 대림동 1081-88번지
11560,13300,0,1081,0089,,,일반건축물,단독주택,"다중주택, 근린생활시설",132,79.17,331.73,20211215,4,1,서울특별시 영등포구 대림동 1081-89번지
11560,13300,0,1081,0091,,,일반건축물,단독주택,주택,129,95.51,194.21,19731130,2,1,서울특별시 영등포구 대림동 1081-91번지
11560,13300,0,1081,0092,,,일반건축물,단독주택,주택,0,61.59,184.77,19870713,2,1,서울특별시 영등포구 대림동 1081-92번지
11560,13300,0,1081,0102,아이빌,,일반건축물,단독주택,단독주택 및 제2종근린생활시설,235,114.06,494.41,20170627,5,0,서울특별시 영등포구 대림동 1081-102번지
11560,13300,0,1081,0103,,,일반건축물,단독주택,단독주택,152,90.76,329.74,20080926,3,1,서울특별시 영등포구 대림동 1081-103번지
11560,13300,0,1081,0104,,,일반건축물,단독주택,단독주택,0,66,198,19920623,2,1,서울특별시 영등포구 대림동 1081-104번지
11560,13300,0,1081,0121,,,일반건축물,단독주택,주택,0,64.25,193.02,19890609,2,1,서울특별시 영등포구 대림동 1081-121번지
11560,13300,0,1082,0001,,,일반건축물,제2종근린생활시설,근린생활시설,0,260.27,1361.42,19900514,4,1,서울특별시 영등포구 대림동 1082-1번지
11560,13300,0,1082,0006,,,일반건축물,단독주택,"근린생활시설, 주택",172,85.29,163.97,19780504,2,1,서울특별시 영등포구 대림동 1082-6번지
11560,13300,0,1082,0007,,,일반건축물,단독주택,주택,0,95.76,287.28,19820421,2,1,서울특별시 영등포구 대림동 1082-7번지
11560,13300,0,1082,0008,,,일반건축물,단독주택,주택,0,78.03,161.98,19740803,2,1,서울특별시 영등포구 대림동 1082-8번지
11560,13300,0,1082,0009,,,일반건축물,단독주택,"주택,점포",0,96.46,293.94,19770607,3,1,서울특별시 영등포구 대림동 1082-9번지
11560,13300,0,1082,0010,,,일반건축물,제2종근린생활시설,"점포, 주택",0,86.12,97.99,19741219,1,1,서울특별시 영등포구 대림동 1082-10번지
11560,13300,0,1082,0011,,,일반건축물,단독주택,"다가구주택(2가구),제1종근린생활시설",142,78.44,301.85,20070124,4,1,서울특별시 영등포구 대림동 1082-11번지
11560,13300,0,1082,0012,프롬하우징,,표제부,공동주택,공동주택,272,162.53,512.89,20230619,5,0,서울특별시 영등포구 대림동 1082-12번지
11560,13300,0,1082,0013,2020,,표제부,제1종근린생활시설,근린생활시설/단독주택,749,395.66,2142.98,20200609,5,2,서울특별시 영등포구 대림동 1082-13번지
11560,13300,0,1082,0015,,,일반건축물,제2종근린생활시설,제2종근린생활시설(일반음식점),0,85.29,188.77,19781124,2,1,서울특별시 영등포구 대림동 1082-15번지
11560,13300,0,1082,0017,,,일반건축물,제2종근린생활시설,"근린생활시설,단독주택",172,101.7,453.48,20150921,4,1,서울특별시 영등포구 대림동 1082-17번지
11560,13300,0,1082,0018,,,일반건축물,단독주택,다중주택,221,99.2,299.6,20151001,3,1,서울특별시 영등포구 대림동 1082-18번지
11560,13300,0,1082,0019,,,일반건축물,단독주택,"점포, 주택",0,80.66,181.82,19781124,2,1,서울특별시 영등포구 대림동 1082-19번지
11560,13300,0,1082,0020,,,표제부,제1종근린생활시설,근린생활시설 및 도시형생활주택(원룸형),910.01,528.82,2574.73,20130531,6,1,서울특별시 영등포구 대림동 1082-20번지
11560,13300,0,1083,0005,,,일반건축물,노유자시설,교육연구및복지시설,132,79.15,284.6,20040528,4,0,서울특별시 영등포구 대림동 1083-5번지
11560,13300,0,1083,0009,,,일반건축물,단독주택,다가구용단독주택(3가구),119.7,71.79,179.87,19950323,2,1,서울특별시 영등포구 대림동 1083-9번지
11560,13300,0,1083,0011,,,일반건축물,단독주택,다가구용단독주택(5가구),0,60.15,180.45,19910910,2,1,서울특별시 영등포구 대림동 1083-11번지
11560,13300,0,1083,0013,,,일반건축물,단독주택,단독주택,0,69.3,207.9,19900828,2,1,서울특별시 영등포구 대림동 1083-13번지
11560,13300,0,1083,0014,세연,,일반건축물,제2종근린생활시설,근린생활시설/단독주택,387,231.91,1094.86,20200304,5,2,서울특별시 영등포구 대림동 1083-14번지
11560,13300,0,1083,0015,,,일반건축물,단독주택,주택,109,49.41,148.23,19921230,2,1,서울특별시 영등포구 대림동 1083-15번지
11560,13300,0,1083,0018,,,일반건축물,단독주택,다가구용단독주택(3가구),0,62.42,187.26,19920806,2,1,서울특별시 영등포구 대림동 1083-18번지
11560,13300,0,1083,0019,,,일반건축물,단독주택,주택,0,66.95,200.85,19880723,2,1,서울특별시 영등포구 대림동 1083-19번지
11560,13300,0,1083,0020,,,일반건축물,단독주택,주택,122,75.8,153.02,19740425,2,1,서울특별시 영등포구 대림동 1083-20번지
11560,13300,0,1083,0021,이레빌,,일반건축물,단독주택,단독주택,143.26,85.12,304.67,20180411,3,1,서울특별시 영등포구 대림동 1083-21번지
11560,13300,0,1083,0022,아셀빌,,일반건축물,단독주택,단독주택(다중주택),136,79.8,306.21,20190423,4,1,서울특별시 영등포구 대림동 1083-22번지
11560,13300,0,1083,0023,다담,,일반건축물,제2종근린생활시설,근린생활시설및단독주택,138,80.98,350.25,20150609,4,1,서울특별시 영등포구 대림동 1083-23번지
11560,13300,0,1083,0024,,,일반건축물,제2종근린생활시설,"근린생활시설, 주택",0,75.6,390.6,19890201,4,1,서울특별시 영등포구 대림동 1083-24번지
11560,13300,0,1083,0025,,,일반건축물,단독주택,주택,0,74.89,224.67,19871130,2,1,서울특별시 영등포구 대림동 1083-25번지
11560,13300,0,1083,0026,,,일반건축물,단독주택,주택,0,69.84,209.52,19840917,2,1,서울특별시 영등포구 대림동 1083-26번지
11560,13300,0,1083,0027,,,일반건축물,단독주택,단독주택,123.82,72.9,247.54,20180822,4,0,서울특별시 영등포구 대림동 1083-27번지
11560,13300,0,1083,0028,,,일반건축물,숙박시설,숙박시설,162,78.35,333.23,19820915,4,1,서울특별시 영등포구 대림동 1083-28번지
11560,13300,0,1083,0029,,,일반건축물,단독주택,단독주택,0,72.17,216.51,19900922,2,1,서울특별시 영등포구 대림동 1083-29번지
11560,13300,0,1083,0030,,,일반건축물,단독주택,단독주택,142,85.05,299.4,20170810,3,1,서울특별시 영등포구 대림동 1083-30번지
11560,13300,0,1083,0031,,,일반건축물,제1종근린생활시설,"근린생활시설, 주택",0,79.2,315.96,19831121,3,1,서울특별시 영등포구 대림동 1083-31번지
11560,13300,0,1084,0003,,,일반건축물,단독주택,다가구용단독주택(5가구),166,83.88,238.27,19930107,2,1,서울특별시 영등포구 대림동 1084-3번지
11560,13300,0,1084,0007,수도빌라,,표제부,공동주택,연립주택,642.14,307.52,1563.84,19980220,4,1,서울특별시 영등포구 대림동 1084-7번지
11560,13300,0,1084,0010,,,일반건축물,단독주택,다가구주택,132,78.09,247.23,19971009,3,1,서울특별시 영등포구 대림동 1084-10번지
11560,13300,0,1084,0011,,,일반건축물,단독주택,주택,149,67.62,245.2,19920814,3,1,서울특별시 영등포구 대림동 1084-11번지
11560,13300,0,1085,0001,,,일반건축물,단독주택,주택,0,54.61,163.83,19861031,2,1,서울특별시 영등포구 대림동 1085-1번지
11560,13300,0,1085,0002,,,일반건축물,단독주택,다가구용단독주택(5가구),0,50.59,161.57,19900704,2,1,서울특별시 영등포구 대림동 1085-2번지
11560,13300,0,1085,0003,,,일반건축물,단독주택,"주택, 근린생활시설",0,49.5,198,19871226,3,1,서울특별시 영등포구 대림동 1085-3번지
11560,13300,0,1085,0004,.,,일반건축물,단독주택,다중주택,148.68,87.83,296.8,20110406,3,1,서울특별시 영등포구 대림동 1085-4번지
11560,13300,0,1085,0005,,,일반건축물,단독주택,다가구용단독주택(6가구),0,58.42,181.89,19901103,2,1,서울특별시 영등포구 대림동 1085-5번지
11560,13300,0,1085,0007,,,일반건축물,단독주택,주택,0,40.79,122.37,19880820,2,1,서울특별시 영등포구 대림동 1085-7번지
11560,13300,0,1085,0009,,,일반건축물,단독주택,주택,0,47.19,141.57,19891214,2,1,서울특별시 영등포구 대림동 1085-9번지
11560,13300,0,1085,0012,,,일반건축물,단독주택,주택,0,56.76,170.28,19891227,2,1,서울특별시 영등포구 대림동 1085-12번지
11560,13300,0,1085,0013,,,일반건축물,단독주택,다가구용단독주택(6가구),0,51.38,163.32,19900704,2,1,서울특별시 영등포구 대림동 1085-13번지
11560,13300,0,1085,0015,.,,일반건축물,단독주택,다중주택,148.12,83.37,294.97,20110419,3,1,서울특별시 영등포구 대림동 1085-15번지
11560,13300,0,1086,0001,,,일반건축물,단독주택,다중주택(11실)단독주택(1가구),152.17,90.9,294.49,20111006,3,1,서울특별시 영등포구 대림동 1086-1번지
11560,13300,0,1086,0005,대림동다가구주택,,일반건축물,단독주택,다가구주택,99.81,59.42,138.14,20010406,3,0,서울특별시 영등포구 대림동 1086-5번지
11560,13300,0,1086,0013,,,일반건축물,제1종근린생활시설,"근린생활시설, 주택",0,142.94,571.76,19850531,3,1,서울특별시 영등포구 대림동 1086-13번지
11560,13300,0,1087,0007,충심교회,,일반건축물,종교시설,"문화및집회시설,교회",653,389.21,1300.63,20030812,5,0,서울특별시 영등포구 대림동 1087-7번지
11560,13300,0,1087,0012,,,일반건축물,제1종근린생활시설,근린생활시설 및 주택,101.47,60.52,297.4,19940824,4,1,서울특별시 영등포구 대림동 1087-12번지
11560,13300,0,1087,0025,,,일반건축물,단독주택,주택,46,22.83,22.83,19850629,1,0,서울특별시 영등포구 대림동 1087-25번지
11560,13300,0,1087,0037,케이케이빌딩,,일반건축물,제2종근린생활시설,제2종근린생활시설,319.2,148.67,297.34,20060126,2,0,서울특별시 영등포구 대림동 1087-37번지
11560,13300,0,1087,0039,,,표제부,공동주택,다세대주택,0,73.77,221.31,19860610,2,1,서울특별시 영등포구 대림동 1087-39번지
11560,13300,0,1087,0040,,,표제부,공동주택,다세대주택,0,61.49,188.97,19860610,2,1,서울특별시 영등포구 대림동 1087-40번지
11560,13300,0,1088,0009,,,일반건축물,단독주택,단독주택,134,79.95,119.97,19970716,2,0,서울특별시 영등포구 대림동 1088-9번지
11560,13300,0,1088,0015,다우빌라트,,표제부,공동주택,다세대주택,215,128.94,533.24,20010914,5,0,서울특별시 영등포구 대림동 1088-15번지
11560,13300,0,1088,0016,,,일반건축물,단독주택,다가구주택(8가구),132,78.94,274.3,19931228,3,1,서울특별시 영등포구 대림동 1088-16번지
11560,13300,0,1092,0004,,,일반건축물,단독주택,단독주택,149,88.89,299.91,20160713,3,1,서울특별시 영등포구 대림동 1092-4번지
11560,13300,0,1092,0008,,,일반건축물,단독주택,주택,0,72,216,19881213,2,1,서울특별시 영등포구 대림동 1092-8번지
11560,13300,0,1092,0009,,,일반건축물,단독주택,다가구용단독주택(7가구),0,74.67,224.01,19920609,2,1,서울특별시 영등포구 대림동 1092-9번지
11560,13300,0,1092,0013,,,일반건축물,제1종근린생활시설,"근린생활시설, 주택",0,65.96,292.94,19891122,3,1,서울특별시 영등포구 대림동 1092-13번지
11560,13300,0,1092,0014,,,일반건축물,단독주택,주택,0,57.6,172.8,19891125,2,1,서울특별시 영등포구 대림동 1092-14번지
11560,13300,0,1092,0016,,,일반건축물,제1종근린생활시설,"근린생활시설, 주택",0,64.21,274.84,19891122,3,1,서울특별시 영등포구 대림동 1092-16번지
11560,13300,0,1092,0017,,,일반건축물,제1종근린생활시설,"근린생활시설, 주택",0,67.9,293.6,19890808,3,1,서울특별시 영등포구 대림동 1092-17번지
11560,13300,0,1092,0019,,,일반건축물,단독주택,다가구용단독주택(7가구),0,66.15,195.12,19910801,2,1,서울특별시 영등포구 대림동 1092-19번지
11560,13300,0,1092,0020,,,일반건축물,단독주택,다가구용단독주택(6가구),0,66.48,199.44,19910716,2,1,서울특별시 영등포구 대림동 1092-20번지
11560,13300,0,1092,0021,,,일반건축물,단독주택,"근린생활시설, 다가구용단독주택",157.67,94.45,278.73,19970719,3,0,서울특별시 영등포구 대림동 1092-21번지
11560,13300,0,1092,0022,,,일반건축물,단독주택,다가구용단독주택(5가구),0,75,225,19910729,2,1,서울특별시 영등포구 대림동 1092-22번지
11560,13300,0,1092,0033,,,일반건축물,단독주택,다가구용단독주택,104.93,57,191.5,19910806,3,1,서울특별시 영등포구 대림동 1092-33번지
11560,13300,0,1092,0034,,,일반건축물,단독주택,주택,0,70.02,210.06,19891117,2,1,서울특별시 영등포구 대림동 1092-34번지
11560,13300,0,1092,0035,,,일반건축물,단독주택,다가구용단독주택(5가구),0,66.8,199.4,19920612,2,1,서울특별시 영등포구 대림동 1092-35번지
11560,13300,0,1092,0036,,,일반건축물,단독주택,다가구용단독주택(7가구),0,81.06,240.52,19920623,2,1,서울특별시 영등포구 대림동 1092-36번지
11560,13300,0,1092,0037,,,일반건축물,단독주택,주택,0,67.32,201.96,19890808,2,1,서울특별시 영등포구 대림동 1092-37번지
11560,13300,0,1092,0038,,,일반건축물,단독주택,다가구용단독주택,142,85.13,243.03,19980410,3,1,서울특별시 영등포구 대림동 1092-38번지
11560,13300,0,1092,0039,,,일반건축물,단독주택,단독주택,0,72.18,216.54,19900705,2,1,서울특별시 영등포구 대림동 1092-39번지
11560,13300,0,1092,0040,,,일반건축물,제1종근린생활시설,"근린생활시설, 주택",0,73.29,308.61,19881015,3,1,서울특별시 영등포구 대림동 1092-40번지
11560,13300,0,1092,0041,,,일반건축물,제1종근린생활시설,"근린생활시설, 다가구주택(3가구)",0,68.64,297.75,19921211,3,1,서울특별시 영등포구 대림동 1092-41번지
11560,13300,0,1092,0043,에버하우스,,일반건축물,단독주택,단독주택(다중주택),147.1,87.68,298.7,20120504,3,1,서울특별시 영등포구 대림동 1092-43번지
11560,13300,0,1092,0044,,,일반건축물,단독주택,주택,0,62.91,188.73,19881123,2,1,서울특별시 영등포구 대림동 1092-44번지
11560,13300,0,1092,0045,신용빌라,,표제부,공동주택,다세대주택,154.8,93.02,320.42,20120604,5,0,서울특별시 영등포구 대림동 1092-45번지
11560,13300,0,1092,0046,,,일반건축물,단독주택,"다가구주택, 근린생활시설",149,88.69,280.94,20020626,4,0,서울특별시 영등포구 대림동 1092-46번지
11560,13300,0,1092,0047,,,일반건축물,단독주택,주택,0,62.64,187.92,19891104,2,1,서울특별시 영등포구 대림동 1092-47번지
11560,13300,0,1092,0048,,,일반건축물,단독주택,주택,0,67.5,202.5,19890923,2,1,서울특별시 영등포구 대림동 1092-48번지
11560,13300,0,1092,0049,,,일반건축물,단독주택,다가구용단독주택,145,86.66,228.74,19930823,2,1,서울특별시 영등포구 대림동 1092-49번지
11560,13300,0,1092,0050,,,일반건축물,단독주택,근린생활시설 및 주택,149,88.2,298.7,19930925,3,1,서울특별시 영등포구 대림동 1092-50번지
11560,13300,0,1092,0051,,,일반건축물,단독주택,주택,0,69.41,202.38,19890921,2,1,서울특별시 영등포구 대림동 1092-51번지
11560,13300,0,1092,0052,,,일반건축물,제2종근린생활시설,"점포, 주택",0,113.65,223.57,19751007,2,1,서울특별시 영등포구 대림동 1092-52번지
11560,13300,0,1092,0053,,,일반건축물,단독주택,"근린생활시설, 주택",148.07,81.37,298.31,19930823,3,1,서울특별시 영등포구 대림동 1092-53번지
11560,13300,0,1092,0055,,,일반건축물,단독주택,"근린생활시설, 주택",132,79.35,200.85,19930726,3,0,서울특별시 영등포구 대림동 1092-55번지
11560,13300,0,1092,0063,,,일반건축물,단독주택,단독주택(다가구주택),124.05,60.68,178.92,20060516,4,0,서울특별시 영등포구 대림동 1092-63번지
11560,13300,0,1092,0064,,,일반건축물,단독주택,"다가구주택,근린생활시설",119,70.47,196.79,20011105,3,0,서울특별시 영등포구 대림동 1092-64번지
11560,13300,0,1092,0065,,,일반건축물,단독주택,주택,0,52.47,157.41,19900604,2,1,서울특별시 영등포구 대림동 1092-65번지
11560,13300,0,1093,0003,,,일반건축물,단독주택,다가구용단독주택(4가구),0,58.5,175.5,19901122,2,1,서울특별시 영등포구 대림동 1093-3번지
11560,13300,0,1093,0006,,,일반건축물,단독주택,단독주택(다중주택),136.81,80.94,299.98,20160106,3,1,서울특별시 영등포구 대림동 1093-6번지
11560,13300,0,1093,0007,,,일반건축물,단독주택,다가구용단독주택(11가구),205,118.81,419.92,19961122,3,1,서울특별시 영등포구 대림동 1093-7번지
11560,13300,0,1093,0008,미래파크타운,,표제부,공동주택,공동주택,464.84,245.39,979.12,20240206,6,1,서울특별시 영등포구 대림동 1093-8번지
11560,13300,0,1093,0009,,,일반건축물,단독주택,주택,0,78.93,245.85,19880922,2,1,서울특별시 영등포구 대림동 1093-9번지
11560,13300,0,1093,0011,,,표제부,공동주택,연립주택,0,158.25,347.14,19760622,2,1,서울특별시 영등포구 대림동 1093-11번지
11560,13300,0,1093,0013,,,일반건축물,단독주택,주택,0,40.72,122.16,19870908,2,1,서울특별시 영등포구 대림동 1093-13번지
11560,13300,0,1093,0014,,,일반건축물,단독주택,주택,0,68.13,144.36,19761030,2,1,서울특별시 영등포구 대림동 1093-14번지
11560,13300,0,1093,0016,,,일반건축물,단독주택,단독주택(다중주택),171,102.38,409.76,20190827,4,1,서울특별시 영등포구 대림동 1093-16번지
11560,13300,0,1093,0018,,,일반건축물,단독주택,주택,0,88.6,162.65,19780120,2,1,서울특별시 영등포구 대림동 1093-18번지
11560,13300,0,1093,0019,,,일반건축물,단독주택,주택,0,45.62,45.62,19720104,1,0,서울특별시 영등포구 대림동 1093-19번지
11560,13300,0,1093,0020,,,일반건축물,단독주택,주택,0,47.77,47.77,19720104,1,0,서울특별시 영등포구 대림동 1093-20번지
11560,13300,0,1093,0024,,,일반건축물,단독주택,주택,0,52.46,52.46,19720214,1,0,서울특별시 영등포구 대림동 1093-24번지
11560,13300,0,1093,0025,,,일반건축물,단독주택,주택,79,55.49,93.69,19720214,2,0,서울특별시 영등포구 대림동 1093-25번지
11560,13300,0,1093,0026,,,일반건축물,단독주택,"근린생활시설, 주택",0,50.2,150.6,19890831,2,1,서울특별시 영등포구 대림동 1093-26번지
11560,13300,0,1093,0030,데이지,,일반건축물,단독주택,다중주택,129,76.44,328.74,20181205,4,1,서울특별시 영등포구 대림동 1093-30번지
11560,13300,0,1093,0031,,,일반건축물,단독주택,주택,0,49.62,148.86,19870622,2,1,서울특별시 영등포구 대림동 1093-31번지
11560,13300,0,1093,0032,해마루,,일반건축물,단독주택,단독주택,224.74,134.49,493.23,20180309,4,1,서울특별시 영등포구 대림동 1093-32번지
11560,13300,0,1093,0033,,,일반건축물,단독주택,주택,0,31.07,59.07,19731013,2,0,서울특별시 영등포구 대림동 1093-33번지
11560,13300,0,1093,0034,,,일반건축물,단독주택,다가구용단독주택(6가구),104.45,62.55,177.1,19930708,2,1,서울특별시 영등포구 대림동 1093-34번지
11560,13300,0,1093,0035,,,일반건축물,제2종근린생활시설,제2종근린생활시설,64,34.71,97.27,20170718,3,0,서울특별시 영등포구 대림동 1093-35번지
11560,13300,0,1093,0036,신용빌딩,,일반건축물,제2종근린생활시설,단독주택 및 근린생활시설,316,188.92,694.28,20191206,5,0,서울특별시 영등포구 대림동 1093-36번지
11560,13300,0,1093,0039,,,일반건축물,단독주택,주택,0,61.11,186.63,19871209,2,1,서울특별시 영등포구 대림동 1093-39번지
11560,13300,0,1093,0042,,,일반건축물,단독주택,주택,0,60.78,182.34,19890617,2,1,서울특별시 영등포구 대림동 1093-42번지
11560,13300,0,1093,0043,,,일반건축물,단독주택,주택,0,79.01,131.9,19750904,2,1,서울특별시 영등포구 대림동 1093-43번지
11560,13300,0,1093,0044,동양아트빌,,일반건축물,단독주택,단독주택(다중주택),104.63,62.42,199.31,20190308,3,1,서울특별시 영등포구 대림동 1093-44번지
11560,13300,0,1093,0048,,,일반건축물,단독주택,다가구용단독주택(4가구),0,54.45,163.35,19910403,2,1,서울특별시 영등포구 대림동 1093-48번지
11560,13300,0,1093,0049,,,일반건축물,단독주택,단독주택(다중주택),118.24,70.56,260.46,20170807,3,1,서울특별시 영등포구 대림동 1093-49번지
11560,13300,0,1093,0050,,,일반건축물,단독주택,다가구용단독주택(4가구),0,53.43,158.94,19910213,2,1,서울특별시 영등포구 대림동 1093-50번지
11560,13300,0,1093,0051,,,일반건축물,단독주택,다가구용단독주택(7가구),0,61.42,175.48,19910823,2,1,서울특별시 영등포구 대림동 1093-51번지
11560,13300,0,1093,0052,,,일반건축물,단독주택,다가구용단독주택(5가구),0,54.7,161.28,19910822,2,1,서울특별시 영등포구 대림동 1093-52번지
11560,13300,0,1093,0053,,,일반건축물,단독주택,다가구용단독주택(5가구),0,55.14,167.37,19911207,2,1,서울특별시 영등포구 대림동 1093-53번지
11560,13300,0,1094,0000,,,일반건축물,단독주택,다가구용단독주택(7가구),0,63.35,195.24,19901128,2,1,서울특별시 영등포구 대림동 1094번지
11560,13300,0,1094,0004,,,일반건축물,단독주택,"주택, 점포",0,78.35,173.23,19780619,2,1,서울특별시 영등포구 대림동 1094-4번지
11560,13300,0,1094,0005,,,일반건축물,단독주택,주택,0,58.88,119.28,19760705,2,1,서울특별시 영등포구 대림동 1094-5번지
11560,13300,0,1094,0006,,,일반건축물,단독주택,주택,99,58.29,189.54,19920610,3,1,서울특별시 영등포구 대림동 1094-6번지
11560,13300,0,1094,0007,,,일반건축물,단독주택,"주택, 근린생활시설",0,60.17,115.67,19760928,2,1,서울특별시 영등포구 대림동 1094-7번지
11560,13300,0,1094,0044,,,일반건축물,단독주택,주택,0,61.26,74.91,19750411,1,1,서울특별시 영등포구 대림동 1094-44번지
11560,13300,0,1095,0001,고운빌,,일반건축물,단독주택,다중주택,456,270.21,904.79,20231205,5,0,서울특별시 영등포구 대림동 1095-1번지
11560,13300,0,1095,0003,,,일반건축물,단독주택,단독주택 및 다중주택,143,84.64,294.61,20120530,3,1,서울특별시 영등포구 대림동 1095-3번지
11560,13300,0,1095,0010,,,일반건축물,제1종근린생활시설,창고,0,96.53,96.53,19690825,1,0,서울특별시 영등포구 대림동 1095-10번지
11560,13300,0,1095,0014,,,일반건축물,단독주택,단독주택,118.75,66.93,198.99,20170811,3,1,서울특별시 영등포구 대림동 1095-14번지
11560,13300,0,1095,0015,,,일반건축물,단독주택,주택,132,65.86,197.58,19851126,2,1,서울특별시 영등포구 대림동 1095-15번지
11560,13300,0,1095,0016,,,일반건축물,단독주택,단독주택,132,79.03,299.4,20160923,3,1,서울특별시 영등포구 대림동 1095-16번지
11560,13300,0,1095,0017,,,일반건축물,단독주택,다가구주택(3가구),132,78.3,222.82,20010828,3,0,서울특별시 영등포구 대림동 1095-17번지
11560,13300,0,1095,0018,,,일반건축물,단독주택,다가구주택(5가구),132,66.87,199.53,19931011,2,1,서울특별시 영등포구 대림동 1095-18번지
11560,13300,0,1095,0019,,,일반건축물,단독주택,주택,132,65.52,213.22,19890619,3,1,서울특별시 영등포구 대림동 1095-19번지
11560,13300,0,1095,0020,,,일반건축물,단독주택,다가구주택,126,68.97,198.81,19930913,2,1,서울특별시 영등포구 대림동 1095-20번지
11560,13300,0,1095,0022,,,일반건축물,단독주택,주택,0,71.24,219.9,19890527,2,1,서울특별시 영등포구 대림동 1095-22번지
11560,13300,0,1095,0023,,,일반건축물,제1종근린생활시설,"근린생활시설, 주택",143.08,84.84,380.61,19941123,4,1,서울특별시 영등포구 대림동 1095-23번지
11560,13300,0,1095,0024,,,일반건축물,단독주택,주택,0,55.95,175.35,19871208,2,1,서울특별시 영등포구 대림동 1095-24번지
11560,13300,0,1095,0025,,,일반건축물,단독주택,주택,0,61.29,183.87,19870512,2,1,서울특별시 영등포구 대림동 1095-25번지
11560,13300,0,1095,0026,,,일반건축물,단독주택,"다가구주택, 근린생활시설",126,71.68,217.21,20010601,4,0,서울특별시 영등포구 대림동 1095-26번지
11560,13300,0,1095,0027,,,일반건축물,단독주택,주택,0,57.3,171.9,19861119,2,1,서울특별시 영등포구 대림동 1095-27번지
11560,13300,0,1095,0028,해든,,일반건축물,단독주택,단독주택 및 제2종근린생활시설,116,69.17,288.58,20171128,4,1,서울특별시 영등포구 대림동 1095-28번지
11560,13300,0,1095,0029,,,일반건축물,단독주택,주택,0,72.73,82.65,19760812,1,1,서울특별시 영등포구 대림동 1095-29번지
11560,13300,0,1095,0030,,,일반건축물,단독주택,단독주택,122,73.05,269.3,20170413,3,1,서울특별시 영등포구 대림동 1095-30번지
11560,13300,0,1095,0031,빛든,,일반건축물,단독주택,단독주택 및 제2종근린생활시설,116,69.34,289.04,20171120,4,1,서울특별시 영등포구 대림동 1095-31번지
11560,13300,0,1095,0032,,,일반건축물,단독주택,주택,116,57.33,189.63,19860825,3,1,서울특별시 영등포구 대림동 1095-32번지
11560,13300,0,1095,0033,,,표제부,공동주택,공동주택,126,73.28,233.47,20041116,4,0,서울특별시 영등포구 대림동 1095-33번지
11560,13300,0,1095,0034,,,일반건축물,단독주택,다세대주택,0,54.88,164.64,19860626,2,1,서울특별시 영등포구 대림동 1095-34번지
11560,13300,0,1095,0035,,,일반건축물,단독주택,단독주택,111.75,66.94,215.17,20170202,3,1,서울특별시 영등포구 대림동 1095-35번지
11560,13300,0,1095,0036,,,일반건축물,단독주택,"근린생활시설, 다가구주택(4가구)",140.66,83.79,313.96,20020725,4,0,서울특별시 영등포구 대림동 1095-36번지
11560,13300,0,1095,0037,,,일반건축물,단독주택,주택,0,75.82,215.46,19880725,2,1,서울특별시 영등포구 대림동 1095-37번지
11560,13300,0,1095,0038,,,일반건축물,단독주택,단독주택,0,67.83,202.89,19900928,2,1,서울특별시 영등포구 대림동 1095-38번지
11560,13300,0,1095,0039,,,일반건축물,단독주택,주택,0,64.35,193.05,19870612,2,1,서울특별시 영등포구 대림동 1095-39번지
11560,13300,0,1095,0040,,,일반건축물,단독주택,단독주택,122,72.88,271.16,20171215,3,1,서울특별시 영등포구 대림동 1095-40번지
11560,13300,0,1095,0041,,,일반건축물,단독주택,주택,0,60.75,187.65,19870612,2,1,서울특별시 영등포구 대림동 1095-41번지
11560,13300,0,1095,0042,라온빌,,일반건축물,단독주택,단독주택,122,71.57,257.29,20170407,3,1,서울특별시 영등포구 대림동 1095-42번지
11560,13300,0,1095,0043,,,일반건축물,단독주택,주택,117.7,58.45,175.35,19851205,2,1,서울특별시 영등포구 대림동 1095-43번지
11560,13300,0,1095,0044,,,일반건축물,단독주택,주택,140.5,69.9,218.85,19851126,2,1,서울특별시 영등포구 대림동 1095-44번지
11560,13300,0,1095,0045,,,일반건축물,단독주택,주택,0,72.15,216.45,19901013,2,1,서울특별시 영등포구 대림동 1095-45번지
11560,13300,0,1095,0047,,,일반건축물,단독주택,"점포, 주택",140.5,81.03,158.95,19770528,2,1,서울특별시 영등포구 대림동 1095-47번지
11560,13300,0,1095,0048,,,일반건축물,단독주택,다가구용단독주택(5가구),155,80.7,230.22,19940629,2,1,서울특별시 영등포구 대림동 1095-48번지
11560,13300,0,1095,0050,,,일반건축물,단독주택,주택,0,70.8,216.18,19900528,2,1,서울특별시 영등포구 대림동 1095-50번지
11560,13300,0,1095,0054,협소주택팩토리1호점,,일반건축물,단독주택,단독주택,81,48.5,170.06,20160713,3,1,서울특별시 영등포구 대림동 1095-54번지
11560,13300,0,1096,0005,,,일반건축물,단독주택,단독주택,0,62.97,188.91,19900929,2,1,서울특별시 영등포구 대림동 1096-5번지
11560,13300,0,1096,0006,,,일반건축물,단독주택,주택,0,63.96,191.88,19881129,2,1,서울특별시 영등포구 대림동 1096-6번지
11560,13300,0,1096,0007,,,일반건축물,단독주택,다가구용단독주택(6가구),0,54.81,182.05,19920718,2,1,서울특별시 영등포구 대림동 1096-7번지
11560,13300,0,1096,0008,,,일반건축물,단독주택,주택,0,79.27,92.59,19760901,1,1,서울특별시 영등포구 대림동 1096-8번지
11560,13300,0,1096,0009,,,일반건축물,단독주택,주택,0,69,207,19880817,2,1,서울특별시 영등포구 대림동 1096-9번지
11560,13300,0,1100,0001,,,일반건축물,교육연구시설,"직업훈련소, 창고",2923,1238.54,7558.77,19940307,6,1,서울특별시 영등포구 대림동 1100-1번지
11560,13300,0,1101,0001,유탑유블레스,,표제부,공동주택,공동주택(도시형생활주택),964,523.12,4434.96,20120626,10,2,서울특별시 영등포구 대림동 1101-1번지
11560,13300,0,1101,0007,G밸리소홈,,표제부,공동주택,"도시형생활주택(원룸형),업무시설(오피스텔),근린생활시설",2954,1277.37,17462.27,20181030,16,3,서울특별시 영등포구 대림동 1101-7번지
11560,13300,0,1101,0014,,,일반건축물,교육연구시설,"업무시설, 근린생활시설, 운동시설",1231,738.52,7044.13,19980814,9,2,서울특별시 영등포구 대림동 1101-14번지
11560,13300,0,1108,0000,,,표제부,공동주택,다세대주택,87.3,52.32,261.6,19941220,4,1,서울특별시 영등포구 대림동 1108번지
11560,13300,0,1108,0001,,,표제부,공동주택,다세대주택,107.7,64.58,313.9,19940517,4,1,서울특별시 영등포구 대림동 1108-1번지
11560,13300,0,1108,0002,,,표제부,공동주택,다세대주택,149.9,89.54,446.74,19940620,4,1,서울특별시 영등포구 대림동 1108-2번지
11560,13300,0,1109,0000,,,일반건축물,단독주택,다가구주택(7가구),104.4,63.45,245.3,19940422,3,1,서울특별시 영등포구 대림동 1109번지
11560,13300,0,1109,0001,,,일반건축물,단독주택,다가구주택(6가구),84.6,50.72,192.6,19941027,3,1,서울특별시 영등포구 대림동 1109-1번지
11560,13300,0,1109,0002,,,일반건축물,단독주택,다가구주택(6가구),86.3,51.68,199.28,19940602,3,1,서울특별시 영등포구 대림동 1109-2번지
11560,13300,0,1109,0003,,,표제부,공동주택,다세대주택,114.6,68.34,341.34,19940913,4,1,서울특별시 영등포구 대림동 1109-3번지
11560,13300,0,1109,0004,,,표제부,공동주택,다세대주택,87.3,52.36,261.3,19940812,4,1,서울특별시 영등포구 대림동 1109-4번지
11560,13300,0,1109,0005,,,표제부,공동주택,다세대주택,88.5,52.94,264.7,19960620,4,1,서울특별시 영등포구 대림동 1109-5번지
11560,13300,0,1109,0006,,,표제부,공동주택,다세대주택,98.1,58.82,294.1,19941025,4,1,서울특별시 영등포구 대림동 1109-6번지
11560,13300,0,1109,0007,,,표제부,공동주택,다세대주택,86.4,51.6,258,19940831,4,1,서울특별시 영등포구 대림동 1109-7번지
11560,13300,0,1109,0008,,,표제부,공동주택,다세대주택,165.1,98.95,465.61,19940430,4,1,서울특별시 영등포구 대림동 1109-8번지
11560,13300,0,1109,0009,,,표제부,공동주택,다세대주택,164.9,98.82,494.1,19940207,4,1,서울특별시 영등포구 대림동 1109-9번지
11560,13300,0,1109,0010,,,일반건축물,제2종근린생활시설,근린생활시설,331.7,173.63,841.01,19940617,5,1,서울특별시 영등포구 대림동 1109-10번지
11560,13300,0,1110,0000,,,표제부,공동주택,다세대주택,85,50.98,254.78,19940718,4,1,서울특별시 영등포구 대림동 1110번지
11560,13300,0,1110,0001,,,표제부,공동주택,다세대주택,105.9,63.42,317.1,19940512,4,1,서울특별시 영등포구 대림동 1110-1번지
11560,13300,0,1110,0002,,,일반건축물,단독주택,다가구용단독주택(8가구),148.6,88.22,347.12,19940907,3,1,서울특별시 영등포구 대림동 1110-2번지
11560,13300,0,1110,0003,,,표제부,공동주택,다세대주택,100.2,60.05,299.63,19940917,4,1,서울특별시 영등포구 대림동 1110-3번지
11560,13300,0,1110,0004,,,표제부,공동주택,다세대주택,123.7,74.11,357.75,19940519,4,1,서울특별시 영등포구 대림동 1110-4번지
11560,13300,0,1110,0005,,,일반건축물,제2종근린생활시설,근린생활시설,21.8,12.2,24.4,19940404,2,0,서울특별시 영등포구 대림동 1110-5번지
11560,13300,0,1110,0006,,,일반건축물,단독주택,단독주택,74.9,44.79,179.16,19940831,4,0,서울특별시 영등포구 대림동 1110-6번지
11560,13300,0,1110,0007,,,일반건축물,단독주택,"단독주택, 근리생활시설(점포)",29,17.15,59.8,19950126,4,0,서울특별시 영등포구 대림동 1110-7번지
11560,13300,0,1111,0000,,,표제부,공동주택,다세대주택,88.9,53.3,266.5,19940623,4,1,서울특별시 영등포구 대림동 1111번지
11560,13300,0,1111,0001,,,일반건축물,제2종근린생활시설,"근린생활시설, 주택",86.1,42.66,227.32,19931229,4,1,서울특별시 영등포구 대림동 1111-1번지
11560,13300,0,1111,0002,,,일반건축물,단독주택,다가구용단독주택(10가구),212.3,124.51,448.79,19951102,3,1,서울특별시 영등포구 대림동 1111-2번지
11560,13300,0,1111,0003,,,표제부,공동주택,다세대주택,118.1,70.84,354.2,19940927,4,1,서울특별시 영등포구 대림동 1111-3번지
11560,13300,0,1111,0004,,,일반건축물,단독주택,단독주택(다가구주택),125.9,74.73,367.77,19940429,4,1,서울특별시 영등포구 대림동 1111-4번지
11560,13300,0,1111,0005,,,표제부,공동주택,다세대주택,124.2,74.12,364.12,19940728,4,1,서울특별시 영등포구 대림동 1111-5번지
11560,13300,0,1111,0006,,,표제부,공동주택,다세대주택,77.2,46.27,231.35,19940831,4,1,서울특별시 영등포구 대림동 1111-6번지
11560,13300,0,1111,0007,,,표제부,공동주택,다세대주택,106,63.36,316.8,19940326,4,1,서울특별시 영등포구 대림동 1111-7번지
11560,13300,0,1111,0008,,,표제부,공동주택,다세대주택,150.2,89.46,447.3,19940913,4,1,서울특별시 영등포구 대림동 1111-8번지
11560,13300,0,1111,0009,,,일반건축물,단독주택,다가구주택(7가구),103.4,61.57,231.56,19940514,3,1,서울특별시 영등포구 대림동 1111-9번지
11560,13300,0,1111,0010,,,일반건축물,단독주택,다가구주택(6가구),129.3,77.34,291.35,19940817,4,1,서울특별시 영등포구 대림동 1111-10번지
11560,13300,0,1112,0000,,,표제부,공동주택,다세대주택(5세대),85.1,50.7,253.5,19940903,4,1,서울특별시 영등포구 대림동 1112번지
11560,13300,0,1112,0001,,,표제부,공동주택,다세대주택(9세대),131.7,78.84,384.5,19940903,4,1,서울특별시 영등포구 대림동 1112-1번지
11560,13300,0,1112,0002,,,표제부,공동주택,다세대주택,93.2,55.77,278.85,19940620,4,1,서울특별시 영등포구 대림동 1112-2번지
11560,13300,0,1112,0003,,,표제부,공동주택,다세대주택,92.1,57.16,275.34,19940831,4,1,서울특별시 영등포구 대림동 1112-3번지
11560,13300,0,1112,0004,,,표제부,공동주택,다세대주택,80.7,48.16,240.8,19940607,4,1,서울특별시 영등포구 대림동 1112-4번지
11560,13300,0,1112,0005,,,표제부,공동주택,다세대주택(5세대),115.1,69.73,343.65,,4,1,서울특별시 영등포구 대림동 1112-5번지
11560,13300,0,1112,0006,,,표제부,공동주택,다세대주택(6세대),110.3,66.15,330.75,19940913,4,1,서울특별시 영등포구 대림동 1112-6번지
11560,13300,0,1112,0007,,,표제부,공동주택,다세대주택,129.4,77.48,368.4,19940915,4,1,서울특별시 영등포구 대림동 1112-7번지
11560,13300,0,1113,0000,,,일반건축물,단독주택,다가구주택(10가구),200.4,115.5,447,19931104,3,1,서울특별시 영등포구 대림동 1113번지
11560,13300,0,1113,0001,,,일반건축물,제2종근린생활시설,"근리생활시설, 주택",169.4,84.37,461.3,19931206,4,1,서울특별시 영등포구 대림동 1113-1번지
11560,13300,0,1113,0002,,,표제부,공동주택,다세대주택,95.3,57,279.36,19940714,4,1,서울특별시 영등포구 대림동 1113-2번지
11560,13300,0,1113,0003,,,표제부,공동주택,다세대주택(5세대),109.4,65.44,327.2,19940620,4,1,서울특별시 영등포구 대림동 1113-3번지
11560,13300,0,1115,0001,성원아파트,,표제부,공동주택,아파트,1696.6,541.71,4605.99,19970513,9,1,서울특별시 영등포구 대림동 1115-1번지
11560,13300,0,1116,0001,,,표제부,공동주택,"다세대주택, 근린생활시설",217.9,129.64,624.67,20010917,4,1,서울특별시 영등포구 대림동 1116-1번지
11560,13300,0,1116,0002,,,표제부,공동주택,다세대주택,219,143.86,652.5,19971120,4,1,서울특별시 영등포구 대림동 1116-2번지
11560,13300,0,1116,0003,,,표제부,공동주택,다세대주택,202,132.56,640.4,19971107,4,1,서울특별시 영등포구 대림동 1116-3번지
11560,13300,0,1116,0004,,,표제부,공동주택,다세대주택,213,133.84,639.6,19971107,4,1,서울특별시 영등포구 대림동 1116-4번지
11560,13300,0,1116,0005,,,표제부,공동주택,다세대주택,223,137.3,655,19971112,4,1,서울특별시 영등포구 대림동 1116-5번지
11560,13300,0,1116,0006,,,표제부,공동주택,다세대주택,209.3,137.13,654.75,19971120,4,1,서울특별시 영등포구 대림동 1116-6번지
11560,13300,0,1116,0007,,,표제부,공동주택,다세대주택 및 근린생활시설,222,130.16,911.12,19971127,4,1,서울특별시 영등포구 대림동 1116-7번지
11560,13300,0,1116,0008,,,표제부,공동주택,근린생활시설및 다세대주택,137,91.42,431.18,19971107,4,1,서울특별시 영등포구 대림동 1116-8번지
11560,13300,0,1116,0011,,,표제부,공동주택,근생및 다세대주택,165,98.97,494.85,19970712,4,1,서울특별시 영등포구 대림동 1116-11번지
11560,13300,0,1116,0013,,,표제부,공동주택,근린생활시설및 다세대주택,111,66.04,330.2,19970718,4,1,서울특별시 영등포구 대림동 1116-13번지
11560,13300,0,1116,0014,,,표제부,공동주택,다세대주택및 근린생활시설,199,119.13,595.65,19980420,4,1,서울특별시 영등포구 대림동 1116-14번지
11560,13300,0,1116,0015,,,표제부,공동주택,"다세대주택, 근린생활시설",193,145.46,637.1,19980723,4,1,서울특별시 영등포구 대림동 1116-15번지
11560,13300,0,1116,0016,,,표제부,공동주택,"다세대주택, 근린생활시설(소매점)",182,114.82,573.7,19980723,4,1,서울특별시 영등포구 대림동 1116-16번지
11560,13300,0,1116,0017,,,표제부,공동주택,다세대주택,187.3,106.77,533.85,19970718,4,1,서울특별시 영등포구 대림동 1116-17번지
11560,13300,0,1116,0018,,,표제부,공동주택,근생및 다세대주택,179,102.36,511.8,19970718,4,1,서울특별시 영등포구 대림동 1116-18번지
11560,13300,0,1116,0019,,,표제부,공동주택,"근린생활시설, 다세대주택",197.2,122.44,567.66,19971118,4,1,서울특별시 영등포구 대림동 1116-19번지
11560,13300,0,1116,0020,,,표제부,공동주택,"다세대주택, 근린생활시설(소매점)",208.2,114.51,559.8,19970725,4,1,서울특별시 영등포구 대림동 1116-20번지
11560,13300,0,1116,0022,,,표제부,공동주택,다세대주택,120,79.98,357.9,19980403,4,1,서울특별시 영등포구 대림동 1116-22번지
11560,13300,0,1116,0023,,,표제부,공동주택,다세대주택,217,147.4,648,19980603,4,1,서울특별시 영등포구 대림동 1116-23번지
11560,13300,0,1116,0024,,,표제부,공동주택,다세대주택,221,132.5,618,19971105,4,1,서울특별시 영등포구 대림동 1116-24번지
11560,13300,0,1116,0025,,,표제부,공동주택,다세대주택,197,134.06,629.82,19980124,4,1,서울특별시 영등포구 대림동 1116-25번지
11560,13300,0,1116,0026,,,표제부,공동주택,다세대주택,130.7,78.35,354.6,19980120,4,1,서울특별시 영등포구 대림동 1116-26번지
11560,13300,0,1116,0027,,,표제부,공동주택,다세대주택,128,85.34,383.7,19971008,4,1,서울특별시 영등포구 대림동 1116-27번지
11560,13300,0,1116,0028,,,표제부,공동주택,다세대주택,130,86.46,387.3,19971008,4,1,서울특별시 영등포구 대림동 1116-28번지
11560,13300,0,1116,0029,,,표제부,공동주택,다세대주택,138,91.69,411.45,19971008,4,1,서울특별시 영등포구 대림동 1116-29번지
11560,13300,0,1116,0031,,,표제부,공동주택,다세대주택,236,133.18,659,19991007,4,1,서울특별시 영등포구 대림동 1116-31번지
11560,13300,0,1116,0032,,,표제부,공동주택,다세대주택,233,138.58,642.14,19980610,4,1,서울특별시 영등포구 대림동 1116-32번지
11560,13300,0,1116,0033,,,표제부,공동주택,다세대주택,197,117.8,574.2,1998,4,1,서울특별시 영등포구 대림동 1116-33번지
11560,13300,0,1116,0034,,,표제부,공동주택,다세대주택,205.1,124.2,618.6,19991007,4,1,서울특별시 영등포구 대림동 1116-34번지
11560,13300,0,1116,0035,,,표제부,공동주택,"다세대주택, 근린생활시설(소매점)",126,74.27,355,19980624,4,1,서울특별시 영등포구 대림동 1116-35번지
11560,13300,0,1116,0036,,,표제부,공동주택,"다세대주택, 근린생활시설(소매점)",110,76.06,349.11,19980415,4,1,서울특별시 영등포구 대림동 1116-36번지
11560,13300,0,1116,0037,,,표제부,공동주택,"근린생활시설, 다세대주택",165,109.65,640.69,19970806,6,1,서울특별시 영등포구 대림동 1116-37번지
11560,13300,0,1116,0038,,,표제부,공동주택,"다세대주택, 근린생활시설",205,120.78,588.96,19980611,4,1,서울특별시 영등포구 대림동 1116-38번지
11560,13300,0,1116,0039,,,표제부,공동주택,다세대주택(10),220,138,630.24,19980406,4,1,서울특별시 영등포구 대림동 1116-39번지
11560,13300,0,1116,0040,,,표제부,공동주택,"다세대주택, 근린생활시설",218,128.73,613.26,19980515,4,1,서울특별시 영등포구 대림동 1116-40번지
11560,13300,0,1116,0041,,,표제부,공동주택,다세대주택,212,137.42,622.1,19990106,4,1,서울특별시 영등포구 대림동 1116-41번지
11560,13300,0,1116,0042,,,표제부,공동주택,다세대주택,203,121.06,579.44,19980514,4,1,서울특별시 영등포구 대림동 1116-42번지
11560,13300,0,1116,0043,,,표제부,공동주택,"근린생활시설, 다세대주택",213.7,139.02,642.57,19980518,4,1,서울특별시 영등포구 대림동 1116-43번지
11560,13300,0,1116,0044,,,표제부,공동주택,"다세대주택, 근린생활시설",214,125.74,619.58,19980610,4,1,서울특별시 영등포구 대림동 1116-44번지
11560,13300,0,1116,0045,,,표제부,공동주택,다세대주택,179,122.4,612,19980323,4,1,서울특별시 영등포구 대림동 1116-45번지
11560,13300,0,1116,0049,,,일반건축물,제2종근린생활시설,근린생활시설,744.8,347.1,2651.59,19981205,6,2,서울특별시 영등포구 대림동 1116-49번지
11560,13300,0,1117,0000,대림하나아트빌,,표제부,공동주택,공동주택,340,265.7,1500.62,20001214,4,2,서울특별시 영등포구 대림동 1117번지
11560,13300,0,1117,0001,대림하나아트빌,,표제부,공동주택,공동주택,344,270.62,1513.9,20001214,4,2,서울특별시 영등포구 대림동 1117-1번지
11560,13300,0,1117,0002,대림하나아트빌,,표제부,공동주택,공동주택,345,270.62,1513.9,20001214,4,2,서울특별시 영등포구 대림동 1117-2번지
11560,13300,0,1117,0003,대림하나아트빌,,표제부,공동주택,공동주택,342,269.41,1514.49,20001214,4,2,서울특별시 영등포구 대림동 1117-3번지
11560,13300,0,1117,0004,대림하나아트빌,,표제부,공동주택,공동주택,345,274.49,1527.01,20001214,4,2,서울특별시 영등포구 대림동 1117-4번지
11560,13300,0,1117,0005,대림하나아트빌,,표제부,공동주택,공동주택,266,200.49,1146.37,20001214,4,2,서울특별시 영등포구 대림동 1117-5번지
11560,13300,0,1118,0000,,,표제부,공동주택,아파트,166.4,119.49,469.56,20001211,5,0,서울특별시 영등포구 대림동 1118번지
11560,13300,0,1118,0001,,,표제부,공동주택,아파트,102.3,71.78,289.16,20010426,5,0,서울특별시 영등포구 대림동 1118-1번지
11560,13300,0,1118,0002,,,표제부,공동주택,아파트,201.9,135.42,541.92,19990723,5,0,서울특별시 영등포구 대림동 1118-2번지
11560,13300,0,1118,0003,,,표제부,공동주택,공동주택,225.6,169.2,562.8,20001024,5,0,서울특별시 영등포구 대림동 1118-3번지
11560,13300,0,1118,0004,,,표제부,공동주택,아파트,125.2,84.3,315.48,19990311,5,0,서울특별시 영등포구 대림동 1118-4번지
11560,13300,0,1118,0005,,,표제부,공동주택,다세대주택,110,79.2,286.56,19990127,4,0,서울특별시 영등포구 대림동 1118-5번지
11560,13300,0,1118,0006,,,표제부,공동주택,공동주택,151.4,115.25,564.48,20000221,5,0,서울특별시 영등포구 대림동 1118-6번지
11560,13300,0,1118,0007,,,표제부,공동주택,공동주택,132,79.87,319.8,20000125,5,0,서울특별시 영등포구 대림동 1118-7번지
11560,13300,0,1118,0008,대림동아파트,,표제부,공동주택,공동주택,165.5,110.35,424.8,20000125,5,0,서울특별시 영등포구 대림동 1118-8번지
11560,13300,0,1118,0009,,,일반건축물,단독주택,다가구주택,115.56,54.48,183.44,19911107,3,1,서울특별시 영등포구 대림동 1118-9번지
11560,13300,0,1118,0010,,,표제부,공동주택,공동주택,125.3,76.63,304.48,20000226,5,0,서울특별시 영등포구 대림동 1118-10번지
11560,13300,0,1118,0011,,,표제부,공동주택,공동주택,97,65.29,267.04,20000310,5,0,서울특별시 영등포구 대림동 1118-11번지
11560,13300,0,1118,0012,,,표제부,공동주택,다세대주택,117.8,81.58,290.92,19990127,4,0,서울특별시 영등포구 대림동 1118-12번지
11560,13300,0,1118,0013,,,표제부,공동주택,아파트,147.2,116.76,428.64,19990623,5,0,서울특별시 영등포구 대림동 1118-13번지
11560,13300,0,1118,0014,,,표제부,공동주택,공동주택,260,153.3,589.36,20000323,5,0,서울특별시 영등포구 대림동 1118-14번지
11560,13300,0,1119,0000,대림동갑을명가아파트,,표제부,공동주택,공동주택(아파트),0,710.17,10631.24,20051017,14,1,서울특별시 영등포구 대림동 1119번지
11560,13300,0,1119,0000,대림동갑을명가아파트,,표제부,공동주택,"부대시설(노인정,관리사무소,MDF실)",0,104.4,104.4,20051017,1,0,서울특별시 영등포구 대림동 1119번지
11560,13300,0,1119,0000,대림동갑을명가아파트,,표제부,공동주택,공동주택(아파트),0,711.32,10488.71,20051017,14,1,서울특별시 영등포구 대림동 1119번지
11560,13300,0,1119,0000,대림동갑을명가아파트,,표제부,공동주택,부대시설(경비실),0,14.54,14.54,20051017,1,0,서울특별시 영등포구 대림동 1119번지
11560,13300,0,1120,0000,온누리아파트,,표제부,공동주택,아파트,1759.5,1011.96,6143.67,20070201,7,1,서울특별시 영등포구 대림동 1120번지
11560,13300,0,1121,0000,신대림자이,,표제부,공동주택,"공동주택,판매시설",3813.9,1911.31,28690.23,20070927,19,4,서울특별시 영등포구 대림동 1121번지
11560,13300,0,1122,0000,신대림자이,,표제부,공동주택,"공동주택,업무시설,판매시설,근린생활시설",4178.9,2367.57,46265.33,20070927,24,5,서울특별시 영등포구 대림동 1122번지
11560,13300,0,1123,0000,新 대림 한솔 솔파크,,표제부,공동주택,"주차장,전기실,펌프실",0,0,7890.9,20080930,0,1,서울특별시 영등포구 대림동 1123번지
11560,13300,0,1123,0000,新 대림 한솔 솔파크,,표제부,공동주택,아파트,0,617.86,5731.22,20080930,15,0,서울특별시 영등포구 대림동 1123번지
11560,13300,0,1123,0000,新 대림 한솔 솔파크,,표제부,공동주택,경비실,0,13.18,31.77,20080930,1,1,서울특별시 영등포구 대림동 1123번지
11560,13300,0,1123,0000,新 대림 한솔 솔파크,,표제부,공동주택,아파트,0,306.21,9872.55,20080930,10,0,서울특별시 영등포구 대림동 1123번지
11560,13300,0,1123,0000,新 대림 한솔 솔파크,,표제부,공동주택,아파트,0,458.81,5830.11,20080930,19,0,서울특별시 영등포구 대림동 1123번지
11560,13300,0,1123,0000,新 대림 한솔 솔파크,,표제부,공동주택,아파트,0,458.81,4966.9,20080930,17,0,서울특별시 영등포구 대림동 1123번지
11560,13300,0,1123,0000,新 대림 한솔 솔파크,,표제부,공동주택,아파트,0,805.55,7943.91,20080930,17,0,서울특별시 영등포구 대림동 1123번지
11560,13300,0,1124,0000,신대림 신동아 파밀리에아파트,,표제부,공동주택,공동주택(아파트),0,568.442,5402.6438,20130731,14,0,서울특별시 영등포구 대림동 1124번지
11560,13300,0,1124,0000,신대림 신동아 파밀리에아파트,,표제부,공동주택,경로당,0,0,100.7969,20130731,0,1,서울특별시 영등포구 대림동 1124번지
11560,13300,0,1124,0000,신대림 신동아 파밀리에아파트,,표제부,공동주택,통신실,0,0,28.917,20130731,0,1,서울특별시 영등포구 대림동 1124번지
11560,13300,0,1124,0000,신대림 신동아 파밀리에아파트,,표제부,공동주택,관리사무소,0,0,54.756,20130731,0,1,서울특별시 영등포구 대림동 1124번지
11560,13300,0,1124,0000,신대림 신동아 파밀리에아파트,,표제부,공동주택,공동주택(아파트),0,669.6117,8281.0644,20130731,18,0,서울특별시 영등포구 대림동 1124번지
11560,13300,0,1124,0000,신대림 신동아 파밀리에아파트,,표제부,공동주택,지하주차장,0,0,9041.527,20130731,0,2,서울특별시 영등포구 대림동 1124번지
11560,13300,0,1124,0000,신대림 신동아 파밀리에아파트,,표제부,공동주택,공동주택(아파트),0,412.3784,4305.49,20130731,14,0,서울특별시 영등포구 대림동 1124번지
11560,13300,0,1124,0000,신대림 신동아 파밀리에아파트,,표제부,공동주택,경비실,0,13.5,13.5,20130731,1,0,서울특별시 영등포구 대림동 1124번지
11560,13300,0,1124,0000,신대림 신동아 파밀리에아파트,,표제부,공동주택,"기계실,전기실,발전기실,공조실",0,0,427.4791,20130731,0,2,서울특별시 영등포구 대림동 1124번지
11560,13300,0,1124,0000,신대림 신동아 파밀리에아파트,,표제부,공동주택,공동주택(아파트),0,227.88,2031.0577,20130731,14,0,서울특별시 영등포구 대림동 1124번지
11560,13300,0,1124,0000,신대림 신동아 파밀리에아파트,,표제부,제1종근린생활시설,근린생활시설,0,147,147,20130731,1,0,서울특별시 영등포구 대림동 1124번지
11560,13300,0,1125,0000,보라매 신동아 파밀리에,,표제부,공동주택,"전기실,발전기실,펌프실(아파트)",0,0,271.59,20160729,0,3,서울특별시 영등포구 대림동 1125번지
11560,13300,0,1125,0000,보라매 신동아 파밀리에,,표제부,공동주택,공동주택(아파트),0,511.59,6603.09,20160729,20,0,서울특별시 영등포구 대림동 1125번지
11560,13300,0,1125,0000,보라매 신동아 파밀리에,,표제부,공동주택,경비실,0,18.84,18.84,20160729,1,0,서울특별시 영등포구 대림동 1125번지
11560,13300,0,1125,0000,보라매 신동아 파밀리에,,표제부,공동주택,"관리사무소,MDF실,방재실",0,0,174.97,20160729,0,1,서울특별시 영등포구 대림동 1125번지
11560,13300,0,1125,0000,보라매 신동아 파밀리에,,표제부,공동주택,경로당,0,0,115.35,20160729,0,1,서울특별시 영등포구 대림동 1125번지
11560,13300,0,1125,0000,보라매 신동아 파밀리에,,표제부,공동주택,공동주택(아파트),0,535.61,6927.02,20160729,18,0,서울특별시 영등포구 대림동 1125번지
11560,13300,0,1125,0000,보라매 신동아 파밀리에,,표제부,제2종근린생활시설,펌프실(상가),0,0,66.28,20160729,0,3,서울특별시 영등포구 대림동 1125번지
11560,13300,0,1125,0000,보라매 신동아 파밀리에,,표제부,공동주택,"골프연습장,휘트니스센터,문고,회의실,동아리방,휴게실",0,0,478.2,20160729,0,2,서울특별시 영등포구 대림동 1125번지
11560,13300,0,1125,0000,보라매 신동아 파밀리에,,표제부,제2종근린생활시설,근린생활시설,0,0,1081.59,20160729,0,2,서울특별시 영등포구 대림동 1125번지
11560,13300,0,1125,0000,보라매 신동아 파밀리에,,표제부,공동주택,공동주택(아파트),0,556.8,5984.3,20160729,17,0,서울특별시 영등포구 대림동 1125번지
11560,13300,0,1125,0000,보라매 신동아 파밀리에,,표제부,공동주택,지하주차장,0,0,13556.01,20160729,0,3,서울특별시 영등포구 대림동 1125번지
11560,13300,0,1125,0000,보라매 신동아 파밀리에,,표제부,공동주택,공동주택(아파트),0,570.98,6580.21,20160729,16,0,서울특별시 영등포구 대림동 1125번지
11560,13300,0,1126,0000,H House 대림 뉴스테이,,표제부,공동주택,공동주택(도시형생활주택),3681,1754.47,20109.483,20170627,20,2,서울특별시 영등포구 대림동 1126번지
11560,13300,0,1127,0000,e편한세상 영등포 아델포레,,표제부,공동주택,외부계단실,0,22.1,44.2,20200728,2,0,서울특별시 영등포구 대림동 1127번지
11560,13300,0,1127,0000,e편한세상 영등포 아델포레,,표제부,공동주택,아파트,0,724.5265,10731.1959,20200728,21,0,서울특별시 영등포구 대림동 1127번지
11560,13300,0,1127,0000,e편한세상 영등포 아델포레,,표제부,공동주택,"아파트,근린생활시설",0,2207.3351,10536.7042,20200728,17,1,서울특별시 영등포구 대림동 1127번지
11560,13300,0,1127,0000,e편한세상 영등포 아델포레,,표제부,공동주택,아파트,0,724.5265,10082.7899,20200728,20,0,서울특별시 영등포구 대림동 1127번지
11560,13300,0,1127,0000,e편한세상 영등포 아델포레,,표제부,공동주택,"지하주차장,주민공동시설",0,0,47187.5106,20200728,0,3,서울특별시 영등포구 대림동 1127번지
11560,13300,0,1127,0000,e편한세상 영등포 아델포레,,표제부,공동주택,경로당,0,226.3264,226.3264,20200728,1,0,서울특별시 영등포구 대림동 1127번지
11560,13300,0,1127,0000,e편한세상 영등포 아델포레,,표제부,공동주택,아파트,0,724.5265,8998.4325,20200728,18,0,서울특별시 영등포구 대림동 1127번지
11560,13300,0,1127,0000,e편한세상 영등포 아델포레,,표제부,공동주택,아파트,0,227.4426,2637.83,20200728,17,0,서울특별시 영등포구 대림동 1127번지
11560,13300,0,1127,0000,e편한세상 영등포 아델포레,,표제부,공동주택,경비실,0,17.219,17.219,20200728,1,0,서울특별시 영등포구 대림동 1127번지
11560,13300,0,1127,0000,e편한세상 영등포 아델포레,,표제부,공동주택,아파트,0,589.3638,7394.602,20200728,18,0,서울특별시 영등포구 대림동 1127번지
11560,13300,0,1127,0000,e편한세상 영등포 아델포레,,표제부,공동주택,아파트,0,474.7346,5618.3134,20200728,20,0,서울특별시 영등포구 대림동 1127번지
11560,13300,0,1127,0000,e편한세상 영등포 아델포레,,표제부,노유자시설,노유자시설,0,0,264.5684,20200728,0,1,서울특별시 영등포구 대림동 1127번지
11560,13300,0,1127,0000,e편한세상 영등포 아델포레,,표제부,공동주택,"천창,DA",0,202.9778,1,20200728,1,0,서울특별시 영등포구 대림동 1127번지
11560,13300,0,1127,0000,e편한세상 영등포 아델포레,,표제부,공동주택,아파트,0,474.7346,5828.4453,20200728,19,0,서울특별시 영등포구 대림동 1127번지
11560,13300,0,1127,0000,e편한세상 영등포 아델포레,,표제부,공동주택,어린이집,0,339.6818,330.9096,20200728,1,0,서울특별시 영등포구 대림동 1127번지
11560,13300,0,1127,0000,e편한세상 영등포 아델포레,,표제부,공동주택,아파트,0,432.639,5642.726,20200728,18,0,서울특별시 영등포구 대림동 1127번지
11560,13300,0,1127,0000,e편한세상 영등포 아델포레,,표제부,공동주택,아파트,0,588.9246,5178.4556,20200728,13,0,서울특별시 영등포구 대림동 1127번지
11560,13300,0,1127,0000,e편한세상 영등포 아델포레,,표제부,공동주택,아파트,0,672.3666,6586.6884,20200728,15,0,서울특별시 영등포구 대림동 1127번지
11560,13300,0,1127,0000,e편한세상 영등포 아델포레,,표제부,공동주택,외부계단실,0,17.1075,17.1075,20200728,1,0,서울특별시 영등포구 대림동 1127번지
11560,13300,0,1127,0000,e편한세상 영등포 아델포레,,표제부,공동주택,아파트,0,481.9313,5600.1634,20200728,18,0,서울특별시 영등포구 대림동 1127번지
11560,13300,0,1127,0000,e편한세상 영등포 아델포레,,표제부,공동주택,아파트,0,358.3648,4490.2136,20200728,19,0,서울특별시 영등포구 대림동 1127번지
11560,13300,0,1127,0000,e편한세상 영등포 아델포레,,표제부,공동주택,경비실,0,13.4532,13.4532,20200728,1,0,서울특별시 영등포구 대림동 1127번지
11560,13300,0,1127,0000,e편한세상 영등포 아델포레,,표제부,공동주택,장애인승강기,0,0,1,20200728,1,0,서울특별시 영등포구 대림동 1127번지
11560,13300,0,1128,0000,대한예수교장로회주님의교회,,일반건축물,종교시설,종교시설,680.7,370.86,1739.88,20180430,5,1,서울특별시 영등포구 대림동 1128번지
11560,13300,0,1130,0000,가동,,일반건축물,종교시설,종교시설,0,1226.74,3942.79,19630824,3,1,서울특별시 영등포구 대림동 1130번지
11560,13300,0,1130,0000,나동,,일반건축물,종교시설,종교시설(수도원),0,837.92,1859.69,20201020,4,0,서울특별시 영등포구 대림동 1130번지
11560,13300,0,1131,0000,대한예수교장로회삼일교회,,일반건축물,종교시설,종교시설,666,370.98,1143.91,20180419,4,0,서울특별시 영등포구 대림동 1131번지
11560,13300,0,1132,0000,영등포자이르네,,표제부,공동주택,공동주택(아파트-도시형생활주택),0,548.01,7143.44,20221107,20,0,서울특별시 영등포구 대림동 1132번지
11560,13300,0,1132,0000,영등포자이르네,,표제부,공동주택,"아파트 지하주차장,기계,전기실",0,0,8106.66,20221107,1,2,서울특별시 영등포구 대림동 1132번지
11560,13300,0,1132,0000,영등포자이르네,,표제부,공동주택,공동주택(아파트-도시형생활주택),0,469.89,5659.25,20221107,20,0,서울특별시 영등포구 대림동 1132번지
11560,13300,0,1132,0000,영등포자이르네,,표제부,노유자시설,노유자시설(아동복지시설),0,507.11,663.81,20221107,2,2,서울특별시 영등포구 대림동 1132번지
11560,13300,0,1132,0000,영등포자이르네,,표제부,공동주택,주민공동시설,0,0,197.66,20221107,0,1,서울특별시 영등포구 대림동 1132번지
11560,13300,0,1132,0000,영등포자이르네,,표제부,공동주택,경비실,0,11.5,11.5,20221107,1,0,서울특별시 영등포구 대림동 1132번지
11560,13300,0,1132,0000,영등포자이르네,,표제부,제1종근린생활시설,제1종근린생활시설(소매점),0,0,1893.36,20221107,1,2,서울특별시 영등포구 대림동 1132번지
11560,13300,0,1132,0000,영등포자이르네,,표제부,공동주택,관리사무소,0,14.75,100.81,20221107,1,1,서울특별시 영등포구 대림동 1132번지
11560,13300,0,1132,0000,영등포자이르네,,표제부,공동주택,공동주택(아파트-도시형생활주택),0,0,1367.48,20221107,13,0,서울특별시 영등포구 대림동 1132번지
