sigunguCd,bjdongCd,platGbCd,bun,ji,bldNm,splotNm,regstrKindCdNm,mainPurpsCdNm,etcPurps,platArea,archArea,totArea,useAprDay,grndFlrCnt,ugrndFlrCnt,platPlc
11710,10500,0,0001,0000,그랜드 빌딩,,일반건축물,업무시설,업무시설 외3,337.1,202.02,2046.7,20051209,7,3,서울특별시 송파구 석촌동 1번지
11710,10500,0,0001,0001,신동아 로쟌뷰,,표제부,공동주택,공동주택,2480.5,1115.83,17333.36,20050630,15,5,서울특별시 송파구 석촌동 1-1번지
11710,10500,0,0001,0003,,,일반건축물,제2종근린생활시설,"근린생활시설, 업무시설",465.5,279.25,2830.4,19931101,9,2,서울특별시 송파구 석촌동 1-3번지
11710,10500,0,0001,0004,BCBG빌딩,,일반건축물,업무시설,사무소,585.8,351.0977,2974.808,20250108,8,2,서울특별시 송파구 석촌동 1-4번지
11710,10500,0,0001,0006,레이크캐슬,,표제부,업무시설,업무시설외1,693.7,414.57,4398.48,20021226,10,2,서울특별시 송파구 석촌동 1-6번지
11710,10500,0,0001,0007,로사나관광호텔,,일반건축물,숙박시설,숙박시설(관광호텔)외 2,741,393.798,5798.253,20130816,14,4,서울특별시 송파구 석촌동 1-7번지
11710,10500,0,0002,0000,,,일반건축물,제2종근린생활시설,근린생활시설,297.8,146,808.64,19921029,4,1,서울특별시 송파구 석촌동 2번지
11710,10500,0,0002,0001,,,일반건축물,제1종근린생활시설,근린생활시설,168.5,83.885,441.255,19861011,4,1,서울특별시 송파구 석촌동 2-1번지
11710,10500,0,0002,0002,평강빌딩,,일반건축물,단독주택,다가구주택(5가구)외1,306.7,179.38,742.52,20040930,5,0,서울특별시 송파구 석촌동 2-2번지
11710,10500,0,0002,0003,남경모텔,,일반건축물,숙박시설,숙박시설외1,304.1,159.79,612.49,19851224,3,1,서울특별시 송파구 석촌동 2-3번지
11710,10500,0,0002,0004,,,표제부,공동주택,"공동주택(도시형생활주택,다세대주택)",319.7,158.2,629.685,20121227,5,0,서울특별시 송파구 석촌동 2-4번지
11710,10500,0,0002,0005,.,,일반건축물,제2종근린생활시설,제2종근린생활시설외1,278.3,123.3,743.77,19880129,5,1,서울특별시 송파구 석촌동 2-5번지
11710,10500,0,0002,0006,,,표제부,공동주택,공동주택(다세대주택),201.5,100.74,357.66,20130228,5,0,서울특별시 송파구 석촌동 2-6번지
11710,10500,0,0002,0007,보우시스템빌딩,,일반건축물,제2종근린생활시설,근린생활시설,411.6,200.95,1052.42,20160304,7,0,서울특별시 송파구 석촌동 2-7번지
11710,10500,0,0002,0008,,,표제부,공동주택,공동주택,187.8,112.42,407.08,20030322,5,0,서울특별시 송파구 석촌동 2-8번지
11710,10500,0,0002,0009,,,일반건축물,제2종근린생활시설,근린생활시설,413.5,244.38,1597.46,20030106,6,1,서울특별시 송파구 석촌동 2-9번지
11710,10500,0,0002,0010,수도 빌라,,표제부,공동주택,다세대주택,255.9,127.8,508.38,20110928,5,0,서울특별시 송파구 석촌동 2-10번지
11710,10500,0,0002,0011,양촌빌딩,,일반건축물,제1종근린생활시설,제1종근린생활시설,393,195.9,587.7,20080423,3,0,서울특별시 송파구 석촌동 2-11번지
11710,10500,0,0002,0012,투원투빌,,표제부,공동주택,공동주택,255.8,153.44,543.46,20031229,5,0,서울특별시 송파구 석촌동 2-12번지
11710,10500,0,0002,0013,,,표제부,공동주택,공동주택(다세대주택),255.5,152.66,575.91,20040917,5,0,서울특별시 송파구 석촌동 2-13번지
11710,10500,0,0002,0014,,,일반건축물,제2종근린생활시설,"근린생활시설, 주택",313.9,146.22,766.82,19901208,5,1,서울특별시 송파구 석촌동 2-14번지
11710,10500,0,0002,0015,,,표제부,공동주택,공동주택(다세대주택),188.2,98.7,370.65,20111223,5,0,서울특별시 송파구 석촌동 2-15번지
11710,10500,0,0002,0016,,,표제부,공동주택,다세대주택 및 근린생활시설,201.5,100.27,378.6,20160831,5,0,서울특별시 송파구 석촌동 2-16번지
11710,10500,0,0002,0017,,,일반건축물,제2종근린생활시설,근린생활시설,0,0,357.2,19860826,3,1,서울특별시 송파구 석촌동 2-17번지
11710,10500,0,0002,0018,,,일반건축물,제2종근린생활시설,근린생활시설 및 주택,0,0,479.4,19870918,4,1,서울특별시 송파구 석촌동 2-18번지
11710,10500,0,0002,0019,,,일반건축물,제1종근린생활시설,근린생활시설,184.41,91.1,451.78,19870821,4,1,서울특별시 송파구 석촌동 2-19번지
11710,10500,0,0003,0000,석촌동 3,,일반건축물,제2종근린생활시설,근린생활시설,444.2,220.63,1326.38,20201119,5,1,서울특별시 송파구 석촌동 3번지
11710,10500,0,0003,0001,,,일반건축물,제2종근린생활시설,근린생활시설,0,0,723.95,19880824,4,1,서울특별시 송파구 석촌동 3-1번지
11710,10500,0,0003,0002,,,일반건축물,제2종근린생활시설,"근린생활시설, 업무시설",843.6,341.89,1495.35,19871122,4,1,서울특별시 송파구 석촌동 3-2번지
11710,10500,0,0003,0003,블레스빌,,표제부,공동주택,공동주택(다세대주택) 외 1,226.2,112.93,731.29,20120210,6,1,서울특별시 송파구 석촌동 3-3번지
11710,10500,0,0003,0004,,,표제부,공동주택,공동주택(다세대주택),185.2,92.34,374.11,20110215,5,0,서울특별시 송파구 석촌동 3-4번지
11710,10500,0,0003,0005,,,표제부,공동주택,공동주택(다세대주택),185.2,92.34,356.6,20110113,5,0,서울특별시 송파구 석촌동 3-5번지
11710,10500,0,0003,0006,,,일반건축물,제1종근린생활시설,근린생활시설외1,185.2,89.2,247.44,19820701,2,1,서울특별시 송파구 석촌동 3-6번지
11710,10500,0,0003,0007,,,일반건축물,제2종근린생활시설,근린생활시설,185.2,91.5,247.6,19820804,2,1,서울특별시 송파구 석촌동 3-7번지
11710,10500,0,0004,0000,,,일반건축물,제1종근린생활시설,"근린생활시설,",0,0,585.1,19891007,5,1,서울특별시 송파구 석촌동 4번지
11710,10500,0,0004,0001,산돌하우스,,표제부,공동주택,도시형 생활주택(단지형 다세대),302.9,181.56,598.71,20220512,6,0,서울특별시 송파구 석촌동 4-1번지
11710,10500,0,0004,0002,,,일반건축물,단독주택,다가구주택(8가구),202.2,120.6,476.32,19950701,3,1,서울특별시 송파구 석촌동 4-2번지
11710,10500,0,0004,0003,,,표제부,공동주택,다세대주택,185.2,110.4,334.36,20171011,5,0,서울특별시 송파구 석촌동 4-3번지
11710,10500,0,0004,0004,,,표제부,공동주택,공동주택,182.3,114.7,433.28,20031213,6,0,서울특별시 송파구 석촌동 4-4번지
11710,10500,0,0004,0005,,,일반건축물,단독주택,다가구용단독주택(9가구),199.1,119.34,476.32,19971119,3,1,서울특별시 송파구 석촌동 4-5번지
11710,10500,0,0004,0006,,,일반건축물,제2종근린생활시설,근린생활시설,0,0,736.64,19900807,4,1,서울특별시 송파구 석촌동 4-6번지
11710,10500,0,0004,0007,,,표제부,공동주택,다세대주택,182.2,109.2,364.01,20160913,5,0,서울특별시 송파구 석촌동 4-7번지
11710,10500,0,0004,0008,,,일반건축물,단독주택,다가구주택(8가구),202.2,120.6,476.32,19950705,3,1,서울특별시 송파구 석촌동 4-8번지
11710,10500,0,0004,0009,.,,일반건축물,제2종근린생활시설,"근린생활시설, 주택",315.4,178.92,999.44,19970827,5,1,서울특별시 송파구 석촌동 4-9번지
11710,10500,0,0004,0010,,,일반건축물,단독주택,주택,0,0,213.19,19820526,2,1,서울특별시 송파구 석촌동 4-10번지
11710,10500,0,0004,0011,제이에스 홈,,표제부,공동주택,공동주택(다세대주택),195.1,116.58,387.87,20110801,5,0,서울특별시 송파구 석촌동 4-11번지
11710,10500,0,0004,0012,,,표제부,공동주택,공동주택(다세대주택),185.1,110.7,451.87,20120117,6,0,서울특별시 송파구 석촌동 4-12번지
11710,10500,0,0005,0000,,,표제부,공동주택,공동주택,191.53,114.66,457.54,20020808,5,0,서울특별시 송파구 석촌동 5번지
11710,10500,0,0005,0001,,,표제부,공동주택,공동주택,206.6,123.8,507.96,20030808,5,0,서울특별시 송파구 석촌동 5-1번지
11710,10500,0,0005,0002,새로나 빌,,표제부,공동주택,"공동주택(도시형생활주택,다세대주택)",263.3,157.5,548.42,20120725,5,0,서울특별시 송파구 석촌동 5-2번지
11710,10500,0,0005,0003,,,표제부,공동주택,다세대주택,213.93,125.3,468.2,20111011,5,0,서울특별시 송파구 석촌동 5-3번지
11710,10500,0,0005,0005,,,표제부,공동주택,공동주택(다세대주택),206.6,123.8,538.8,20040716,6,0,서울특별시 송파구 석촌동 5-5번지
11710,10500,0,0005,0006,,,일반건축물,단독주택,다가구주택(11가구),206.6,123.89,471.4,19960629,3,1,서울특별시 송파구 석촌동 5-6번지
11710,10500,0,0005,0007,선경빌,,표제부,공동주택,도시형생활주택(단지형다세대),206.6,123.42,395.77,20161020,6,0,서울특별시 송파구 석촌동 5-7번지
11710,10500,0,0005,0008,,,일반건축물,제2종근린생활시설,근린생활시설,566.5,299.18,1476.03,19930525,5,1,서울특별시 송파구 석촌동 5-8번지
11710,10500,0,0005,0009,.,,표제부,공동주택,공동주택(도시형생활주택),191.7,114.03,381.56,20130819,5,0,서울특별시 송파구 석촌동 5-9번지
11710,10500,0,0005,0010,,,일반건축물,단독주택,다가구주택(6가구),191.7,113.74,392.92,20000901,3,1,서울특별시 송파구 석촌동 5-10번지
11710,10500,0,0005,0011,,,일반건축물,단독주택,다가구주택(6가구),191.7,114.19,411.82,20001130,3,1,서울특별시 송파구 석촌동 5-11번지
11710,10500,0,0005,0013,,,표제부,공동주택,다세대주택,208.3,124.08,415.87,20140722,5,0,서울특별시 송파구 석촌동 5-13번지
11710,10500,0,0005,0014,,,표제부,공동주택,공동주택,189.8,113.4,456.12,20020524,5,0,서울특별시 송파구 석촌동 5-14번지
11710,10500,0,0006,0000,,,일반건축물,단독주택,다가구주택(14가구),203.2,121.26,468.12,19961212,3,1,서울특별시 송파구 석촌동 6번지
11710,10500,0,0006,0001,프라임빌 (석촌동 도시형생활주택),,표제부,공동주택,공동주택(다세대주택),404.1,204.74,657.24,20110607,5,1,서울특별시 송파구 석촌동 6-1번지
11710,10500,0,0006,0003,,,표제부,공동주택,공동주택,297.3,178.34,645.02,20031227,5,0,서울특별시 송파구 석촌동 6-3번지
11710,10500,0,0006,0005,,,일반건축물,단독주택,단독주택외 1,172.8,102.34,365.29,20031011,4,0,서울특별시 송파구 석촌동 6-5번지
11710,10500,0,0006,0006,,,일반건축물,단독주택,다가구주택(5가구)외1,314.3,168.57,841.15,20021230,5,1,서울특별시 송파구 석촌동 6-6번지
11710,10500,0,0006,0007,,,일반건축물,단독주택,다가구용단독주택(10가구),198.8,119.18,418.56,19950906,3,1,서울특별시 송파구 석촌동 6-7번지
11710,10500,0,0006,0008,엘림하우스,,표제부,공동주택,공동주택(단지형다세대주택),198.5,107.24,388.48,20250602,5,0,서울특별시 송파구 석촌동 6-8번지
11710,10500,0,0006,0009,,,표제부,공동주택,"공동주택,다세대주택",169.4,100.8,406.43,20021126,6,0,서울특별시 송파구 석촌동 6-9번지
11710,10500,0,0006,0010,,,일반건축물,단독주택,다가구용단독주택(10가구),194.9,116.62,416.09,19950923,3,1,서울특별시 송파구 석촌동 6-10번지
11710,10500,0,0006,0012,,,표제부,공동주택,다세대주택,297.4,148.73,619.9,19941031,4,1,서울특별시 송파구 석촌동 6-12번지
11710,10500,0,0006,0013,,,표제부,공동주택,다세대주택(9세대),297.3,142.36,630.28,19920125,4,1,서울특별시 송파구 석촌동 6-13번지
11710,10500,0,0006,0014,,,일반건축물,제1종근린생활시설,"근린생활시설, 단독주택",296.13,0,567.59,19840913,3,1,서울특별시 송파구 석촌동 6-14번지
11710,10500,0,0007,0000,레이크빌,,표제부,공동주택,공동주택(다세대주택),176.13,104.86,367.37,20121106,5,0,서울특별시 송파구 석촌동 7번지
11710,10500,0,0007,0001,,,일반건축물,단독주택,다가구용단독주택,330.3,185.82,658.98,19970829,3,1,서울특별시 송파구 석촌동 7-1번지
11710,10500,0,0007,0002,,,표제부,공동주택,공동주택,323.9,191.04,655.16,20021016,5,0,서울특별시 송파구 석촌동 7-2번지
11710,10500,0,0007,0003,리엘타워,,일반건축물,제2종근린생활시설,근린생활시설,416.2,237.69,1466.4,19940903,5,1,서울특별시 송파구 석촌동 7-3번지
11710,10500,0,0007,0004,,,일반건축물,제1종근린생활시설,"근린생활시설, 주택",0,0,660.88,19881223,5,1,서울특별시 송파구 석촌동 7-4번지
11710,10500,0,0007,0005,,,일반건축물,단독주택,주택,176.6,105.74,328.58,19820519,3,1,서울특별시 송파구 석촌동 7-5번지
11710,10500,0,0007,0006,,,표제부,공동주택,공동주택,237.56,142.44,512.17,20020927,5,0,서울특별시 송파구 석촌동 7-6번지
11710,10500,0,0007,0007,상목레이크빌,,표제부,공동주택,공동주택,176.3,105.56,423.65,20030214,6,0,서울특별시 송파구 석촌동 7-7번지
11710,10500,0,0007,0008,,,표제부,공동주택,공동주택,201.7,120.91,441.4,20021206,5,0,서울특별시 송파구 석촌동 7-8번지
11710,10500,0,0007,0009,,,일반건축물,단독주택,다가구용단독주택(10가구),201.6,120.49,419.7,19960508,3,1,서울특별시 송파구 석촌동 7-9번지
11710,10500,0,0007,0010,영성하우스,,표제부,공동주택,공동주택(다세대주택),198.3,118.77,420.57,20040705,6,0,서울특별시 송파구 석촌동 7-10번지
11710,10500,0,0007,0012,,,표제부,공동주택,다세대주택,183.7,109.35,367.16,20140620,5,0,서울특별시 송파구 석촌동 7-12번지
11710,10500,0,0007,0013,,,표제부,공동주택,공동주택,175.2,104.34,426.62,20030612,5,0,서울특별시 송파구 석촌동 7-13번지
11710,10500,0,0007,0014,청명호수타운,,표제부,공동주택,공동주택,175.3,104.34,420.72,20030918,5,0,서울특별시 송파구 석촌동 7-14번지
11710,10500,0,0010,0000,,,일반건축물,제2종근린생활시설,"근린생활시설, 단독주택",0,0,534.53,19850805,4,1,서울특별시 송파구 석촌동 10번지
11710,10500,0,0010,0001,아트하우스,,표제부,공동주택,공동주택(다세대주택),198.7,128.03,478.23,20011020,5,0,서울특별시 송파구 석촌동 10-1번지
11710,10500,0,0010,0002,잠실나루힐,,표제부,공동주택,도시형생활주택(단지형다세대주택)및제2종근린생활시설,353.8,176.64,967.64,20200130,7,1,서울특별시 송파구 석촌동 10-2번지
11710,10500,0,0010,0003,,,일반건축물,단독주택,"근린생활시설, 다가구주택",189.1,117.55,619.32,20040416,5,1,서울특별시 송파구 석촌동 10-3번지
11710,10500,0,0010,0004,,,일반건축물,제2종근린생활시설,근린생활시설,261.5,150.44,746.92,19881024,5,1,서울특별시 송파구 석촌동 10-4번지
11710,10500,0,0010,0005,DS빌딩,,표제부,제2종근린생활시설,근린생활시설및다세대주택,261.4,129.71,877.36,20170321,6,1,서울특별시 송파구 석촌동 10-5번지
11710,10500,0,0010,0006,,,일반건축물,제2종근린생활시설,"근린생활시설, 주택",0,0,643.5,19880905,4,1,서울특별시 송파구 석촌동 10-6번지
11710,10500,0,0010,0007,,,일반건축물,제2종근린생활시설,근린생활시설,231.4,113.61,627.53,19830422,5,1,서울특별시 송파구 석촌동 10-7번지
11710,10500,0,0010,0008,,,일반건축물,단독주택,"단독주택, 근린생활시설",0,0,249.49,19821123,2,1,서울특별시 송파구 석촌동 10-8번지
11710,10500,0,0010,0010,,,일반건축물,제2종근린생활시설,제2종근린생활시설,176.9,85.53,431.28,20081113,4,1,서울특별시 송파구 석촌동 10-10번지
11710,10500,0,0010,0011,오엔빌딩,,일반건축물,제2종근린생활시설,근린생활시설,176.9,88.27,434.81,20200420,5,1,서울특별시 송파구 석촌동 10-11번지
11710,10500,0,0011,0000,,,표제부,공동주택,다세대주택(5가구),0,0,460.08,19920212,4,1,서울특별시 송파구 석촌동 11번지
11710,10500,0,0011,0006,,,일반건축물,단독주택,다가구주택(9가구),181.8,107.04,419.52,19960823,3,1,서울특별시 송파구 석촌동 11-6번지
11710,10500,0,0011,0007,우리아트빌,,표제부,공동주택,공동주택,181.9,108.24,445.54,20030611,5,0,서울특별시 송파구 석촌동 11-7번지
11710,10500,0,0011,0008,우영빌라,,표제부,공동주택,공동주택,181.8,108.54,467.32,20020905,6,0,서울특별시 송파구 석촌동 11-8번지
11710,10500,0,0011,0009,,,일반건축물,단독주택,다가구주택(12가구),181.8,108.65,418,19940521,3,1,서울특별시 송파구 석촌동 11-9번지
11710,10500,0,0011,0010,,,일반건축물,단독주택,다가구주택(9가구),181.8,107.04,419.52,19960823,3,1,서울특별시 송파구 석촌동 11-10번지
11710,10500,0,0011,0011,,,표제부,공동주택,다세대주택(10세대),181.9,109.12,458.2,20011129,5,0,서울특별시 송파구 석촌동 11-11번지
11710,10500,0,0011,0012,,,일반건축물,제1종근린생활시설,"근린생활시설, 단독주택",0,0,484.69,19850808,3,1,서울특별시 송파구 석촌동 11-12번지
11710,10500,0,0011,0013,,,일반건축물,단독주택,"근린생활시설, 주택",0,0,485.46,19871031,4,1,서울특별시 송파구 석촌동 11-13번지
11710,10500,0,0011,0014,,,표제부,공동주택,공동주택,175.2,104.8,404.26,20020703,5,0,서울특별시 송파구 석촌동 11-14번지
11710,10500,0,0011,0015,,,표제부,공동주택,공동주택,175.1,108.31,401.65,20020621,5,0,서울특별시 송파구 석촌동 11-15번지
11710,10500,0,0011,0016,,,표제부,공동주택,공동주택,175.2,105.02,389.11,20030702,5,0,서울특별시 송파구 석촌동 11-16번지
11710,10500,0,0011,0017,,,표제부,공동주택,공동주택,175.1,104.52,412.74,20021121,5,0,서울특별시 송파구 석촌동 11-17번지
11710,10500,0,0011,0018,도원아트빌,,표제부,공동주택,공동주택,175.2,104.36,404.16,20030613,5,0,서울특별시 송파구 석촌동 11-18번지
11710,10500,0,0011,0019,,,표제부,공동주택,공동주택,175.2,104.8,389.07,20030724,5,0,서울특별시 송파구 석촌동 11-19번지
11710,10500,0,0011,0020,퓨처러스빌딩,,일반건축물,제2종근린생활시설,근린생활시설,249.3,125.35,618.63,19850820,5,1,서울특별시 송파구 석촌동 11-20번지
11710,10500,0,0012,0000,,,일반건축물,단독주택,근린생활시설 및 주택,206.5,102.87,529.05,19930820,5,1,서울특별시 송파구 석촌동 12번지
11710,10500,0,0012,0001,드림빌라,,표제부,공동주택,공동주택(다세대주택),202.2,120.28,404.18,20110804,5,0,서울특별시 송파구 석촌동 12-1번지
11710,10500,0,0012,0002,,,표제부,공동주택,공동주택,202.3,120.32,505.04,20020218,5,0,서울특별시 송파구 석촌동 12-2번지
11710,10500,0,0012,0003,,,표제부,공동주택,공동주택,202.4,120.8,496.4,20011217,5,0,서울특별시 송파구 석촌동 12-3번지
11710,10500,0,0012,0004,,,표제부,공동주택,공동주택,202.4,119.83,482.36,20020629,5,0,서울특별시 송파구 석촌동 12-4번지
11710,10500,0,0012,0005,,,일반건축물,단독주택,다가구주택(15가구),202.5,121.47,471.9,19960604,3,1,서울특별시 송파구 석촌동 12-5번지
11710,10500,0,0012,0006,,,일반건축물,단독주택,근린생활시설및주택,278.5,130.55,503.57,19830928,3,1,서울특별시 송파구 석촌동 12-6번지
11710,10500,0,0012,0007,,,표제부,공동주택,다세대주택,174.8,104.84,336.3,20020313,4,0,서울특별시 송파구 석촌동 12-7번지
11710,10500,0,0012,0008,,,표제부,공동주택,다세대주택(8세대),249.92,124.68,447.65,19911128,3,1,서울특별시 송파구 석촌동 12-8번지
11710,10500,0,0012,0010,1210로프트,,표제부,공동주택,다세대주택,231.4,138.08,461.81,20160726,5,0,서울특별시 송파구 석촌동 12-10번지
11710,10500,0,0012,0011,,,일반건축물,단독주택,주택,0,0,246.75,19820409,2,1,서울특별시 송파구 석촌동 12-11번지
11710,10500,0,0012,0012,,,일반건축물,단독주택,다가구주택(7가구),174.9,104.74,366.22,19950622,3,1,서울특별시 송파구 석촌동 12-12번지
11710,10500,0,0012,0013,,,표제부,공동주택,공동주택,214.5,128.65,492.51,20020710,5,0,서울특별시 송파구 석촌동 12-13번지
11710,10500,0,0012,0014,,,일반건축물,제2종근린생활시설,제2종근린생활시설외2,264,144.66,885.5,20041229,6,1,서울특별시 송파구 석촌동 12-14번지
11710,10500,0,0012,0015,뮤지컬파크,,표제부,공동주택,다세대주택,215.1,129.02,430.16,20150122,5,0,서울특별시 송파구 석촌동 12-15번지
11710,10500,0,0013,0000,,,일반건축물,단독주택,다가구용단독주택(18가구),270.2,161.55,580.36,19950930,3,1,서울특별시 송파구 석촌동 13번지
11710,10500,0,0013,0001,,,일반건축물,단독주택,다가구주택(11가구),250,149.97,597.17,19970926,3,1,서울특별시 송파구 석촌동 13-1번지
11710,10500,0,0013,0002,,,일반건축물,단독주택,다가구용단독주택(8가구),179.8,108.24,422.4,19971025,3,1,서울특별시 송파구 석촌동 13-2번지
11710,10500,0,0013,0003,,,표제부,공동주택,다세대주택(8세대),231.4,123.24,492.96,19920328,3,1,서울특별시 송파구 석촌동 13-3번지
11710,10500,0,0013,0004,,,표제부,공동주택,공동주택 외2,187,111.82,512.82,20040322,5,0,서울특별시 송파구 석촌동 13-4번지
11710,10500,0,0013,0005,,,표제부,공동주택,공동주택,222.9,132.48,449.78,20040225,5,0,서울특별시 송파구 석촌동 13-5번지
11710,10500,0,0013,0006,,,일반건축물,단독주택,단독주택,0,0,306.67,19880609,2,1,서울특별시 송파구 석촌동 13-6번지
11710,10500,0,0013,0007,,,표제부,공동주택,공동주택(다세대주택),175.2,104.88,347.32,20121113,5,0,서울특별시 송파구 석촌동 13-7번지
11710,10500,0,0013,0010,,,일반건축물,단독주택,단독주택,165.1,82.34,244.81,19861028,2,1,서울특별시 송파구 석촌동 13-10번지
11710,10500,0,0013,0011,,,일반건축물,단독주택,단독주택,164.7,0,249.42,19861013,2,1,서울특별시 송파구 석촌동 13-11번지
11710,10500,0,0013,0012,,,표제부,공동주택,다세대주택(8세대),247.6,123.48,493.92,19920401,3,1,서울특별시 송파구 석촌동 13-12번지
11710,10500,0,0013,0013,,,표제부,공동주택,공동주택외1,332,178.55,831.35,20030819,5,0,서울특별시 송파구 석촌동 13-13번지
11710,10500,0,0013,0014,,,일반건축물,단독주택,다가구용단독주택(8가구),179.8,108.24,422.4,19970822,3,1,서울특별시 송파구 석촌동 13-14번지
11710,10500,0,0013,0015,그린빌,,표제부,공동주택,공동주택,173.2,100.04,337.94,20040403,5,0,서울특별시 송파구 석촌동 13-15번지
11710,10500,0,0013,0016,,,표제부,공동주택,근생 및 다세대주택,172.9,103.68,343.48,20191028,5,0,서울특별시 송파구 석촌동 13-16번지
11710,10500,0,0014,0000,,,일반건축물,업무시설,근린생활시설외1,616,307.14,2200.25,19900315,6,1,서울특별시 송파구 석촌동 14번지
11710,10500,0,0014,0006,,,일반건축물,제2종근린생활시설,근린생활시설,360.1,213.45,211.53,19990419,1,0,서울특별시 송파구 석촌동 14-6번지
11710,10500,0,0014,0007,,,일반건축물,제1종근린생활시설,근린생활시설,1419,705.56,6617.61,20150610,7,3,서울특별시 송파구 석촌동 14-7번지
11710,10500,0,0014,0010,어깨동무빌딩,,일반건축물,제1종근린생활시설,근린생활시설(의원),944.3,431.42,4289.62,19930106,8,2,서울특별시 송파구 석촌동 14-10번지
11710,10500,0,0014,0011,,,일반건축물,제1종근린생활시설,"근린생활시설, 단독주택",446.9,222.3,1295.46,19881207,5,1,서울특별시 송파구 석촌동 14-11번지
11710,10500,0,0014,0012,,,일반건축물,제2종근린생활시설,위험물저장및처리시설,0,0,382.14,19900215,2,1,서울특별시 송파구 석촌동 14-12번지
11710,10500,0,0014,0013,송파동산빌딩,,일반건축물,제1종근린생활시설,제1종근린생활시설,429.9,211.06,1670.16,20180626,6,2,서울특별시 송파구 석촌동 14-13번지
11710,10500,0,0015,0000,백제24시찜질방인삼사우나,,표제부,업무시설,업무시설외2,976.7,583.49,5595.45,20040309,7,4,서울특별시 송파구 석촌동 15번지
11710,10500,0,0015,0001,제이에스빌딩,,일반건축물,제2종근린생활시설,"근린생활시설,",340.7,166.42,1283.98,19910305,6,2,서울특별시 송파구 석촌동 15-1번지
11710,10500,0,0015,0002,,,일반건축물,제2종근린생활시설,근린생활시설,393.7,196.02,1243.01,19901127,5,1,서울특별시 송파구 석촌동 15-2번지
11710,10500,0,0015,0003,원불교잠실교당,,일반건축물,종교시설,종교시설외 2,598.8,298.17,1434.67,19831119,4,1,서울특별시 송파구 석촌동 15-3번지
11710,10500,0,0015,0005,,,일반건축물,제2종근린생활시설,근린생활시설,340.7,170,1048.76,19910919,5,1,서울특별시 송파구 석촌동 15-5번지
11710,10500,0,0016,0000,,,일반건축물,제1종근린생활시설,"근린생활시설,주택",0,0,348.91,19830618,2,1,서울특별시 송파구 석촌동 16번지
11710,10500,0,0016,0001,,,표제부,공동주택,다세대주택,243.3,144.88,616.46,20010924,5,0,서울특별시 송파구 석촌동 16-1번지
11710,10500,0,0016,0002,,,표제부,공동주택,공동주택,782.3,450.84,2337.88,20000830,4,1,서울특별시 송파구 석촌동 16-2번지
11710,10500,0,0016,0004,,,일반건축물,단독주택,단독주택,164.3,81.84,243.28,19861224,2,1,서울특별시 송파구 석촌동 16-4번지
11710,10500,0,0016,0005,,,일반건축물,제2종근린생활시설,근린생활시설,0,0,675.96,19871006,4,1,서울특별시 송파구 석촌동 16-5번지
11710,10500,0,0016,0006,,,표제부,공동주택,다세대주택,243.4,141.72,634.45,20010906,5,0,서울특별시 송파구 석촌동 16-6번지
11710,10500,0,0016,0007,,,일반건축물,단독주택,"다가구주택(9가구), 근린생활시설",245.4,147.18,588.16,19961029,4,0,서울특별시 송파구 석촌동 16-7번지
11710,10500,0,0016,0008,,,일반건축물,단독주택,다가구용단독주택(13가구),245.3,147.14,569.86,19960629,3,1,서울특별시 송파구 석촌동 16-8번지
11710,10500,0,0016,0009,,,일반건축물,단독주택,주택,0,0,229.22,19810817,2,1,서울특별시 송파구 석촌동 16-9번지
11710,10500,0,0016,0010,,,표제부,공동주택,다세대주택,174.8,103,346.51,20010917,4,0,서울특별시 송파구 석촌동 16-10번지
11710,10500,0,0016,0011,,,표제부,공동주택,공동주택,238.1,142.79,473.86,20090331,5,0,서울특별시 송파구 석촌동 16-11번지
11710,10500,0,0016,0012,,,일반건축물,단독주택,다가구주택(15가구),238,142.68,530.4,19950922,3,1,서울특별시 송파구 석촌동 16-12번지
11710,10500,0,0016,0013,,,표제부,공동주택,다세대주택(8세대),238,140.94,608.4,20010716,5,0,서울특별시 송파구 석촌동 16-13번지
11710,10500,0,0016,0014,,,일반건축물,단독주택,다가구용단독주택(7가구),176.4,105.3,370.98,19970721,3,1,서울특별시 송파구 석촌동 16-14번지
11710,10500,0,0016,0015,,,표제부,공동주택,다세대주택,176.9,105.27,416.6,20111007,6,0,서울특별시 송파구 석촌동 16-15번지
11710,10500,0,0017,0000,,,일반건축물,제2종근린생활시설,"근린생활시설, 주택",0,0,636.71,19850626,3,1,서울특별시 송파구 석촌동 17번지
11710,10500,0,0017,0001,,,표제부,공동주택,공동주택,201.7,120.36,493.36,20021223,5,0,서울특별시 송파구 석촌동 17-1번지
11710,10500,0,0017,0002,,,표제부,공동주택,공동주택(다세대주택),197.8,118.55,426.12,20040813,5,0,서울특별시 송파구 석촌동 17-2번지
11710,10500,0,0017,0003,석촌라온빌,,표제부,공동주택,다세대주택,210,124.2,418.03,20171212,5,0,서울특별시 송파구 석촌동 17-3번지
11710,10500,0,0017,0004,,,일반건축물,제1종근린생활시설,"제1,2종근린생활시설",231.8,113.9,452.7,19850822,3,0,서울특별시 송파구 석촌동 17-4번지
11710,10500,0,0017,0005,베네캐슬,,표제부,공동주택,다세대주택,233.1,139.32,465.18,20080623,5,0,서울특별시 송파구 석촌동 17-5번지
11710,10500,0,0017,0006,,,표제부,공동주택,공동주택,233.1,139.7,510.63,20021209,5,0,서울특별시 송파구 석촌동 17-6번지
11710,10500,0,0017,0007,,,일반건축물,단독주택,단독주택,0,0,311.97,19880106,2,1,서울특별시 송파구 석촌동 17-7번지
11710,10500,0,0017,0011,,,일반건축물,단독주택,다가구용단독주택(10가구),178.5,106.48,418,19931013,3,1,서울특별시 송파구 석촌동 17-11번지
11710,10500,0,0017,0012,한스 메종,,표제부,공동주택,도시형생활주택(단지형다세대주택),181.8,106.26,363.1,20230327,5,0,서울특별시 송파구 석촌동 17-12번지
11710,10500,0,0017,0013,,,일반건축물,단독주택,다가구주택(6가구),201.6,119.04,447.18,20010320,3,1,서울특별시 송파구 석촌동 17-13번지
11710,10500,0,0017,0014,,,표제부,공동주택,다세대주택(10세대),201.8,107.83,449.8,19931109,4,1,서울특별시 송파구 석촌동 17-14번지
11710,10500,0,0017,0015,,,일반건축물,단독주택,"다가구주택(8가구), 근린생활시설",201.5,120.07,474.19,20011101,5,0,서울특별시 송파구 석촌동 17-15번지
11710,10500,0,0017,0016,,,표제부,공동주택,다세대주택,223.47,129.83,598.35,19940413,4,1,서울특별시 송파구 석촌동 17-16번지
11710,10500,0,0017,0017,,,일반건축물,단독주택,다가구주택(10가구),185.9,111.5,438.08,19930626,3,1,서울특별시 송파구 석촌동 17-17번지
11710,10500,0,0017,0019,,,표제부,공동주택,공동주택,209.9,130.38,469.53,20031020,5,0,서울특별시 송파구 석촌동 17-19번지
11710,10500,0,0017,0020,석촌동다세대주택,,표제부,공동주택,공동주택(다세대주택),209.9,128.05,448.86,20051014,5,0,서울특별시 송파구 석촌동 17-20번지
11710,10500,0,0017,0021,,,표제부,공동주택,공동주택(다세대주택),195.9,116.38,398.41,20040826,5,0,서울특별시 송파구 석촌동 17-21번지
11710,10500,0,0018,0000,,,일반건축물,제2종근린생활시설,제2종근린생활시설,293.8,169.49,714.28,20090703,4,1,서울특별시 송파구 석촌동 18번지
11710,10500,0,0018,0001,,,일반건축물,단독주택,다가구용단독주택(9가구),181.8,107.79,418.98,19970508,3,1,서울특별시 송파구 석촌동 18-1번지
11710,10500,0,0018,0002,.,,표제부,공동주택,다세대주택,214.9,128,421.8,20170918,5,0,서울특별시 송파구 석촌동 18-2번지
11710,10500,0,0018,0003,,,일반건축물,제2종근린생활시설,근린생활시설 및 주택,0,0,484.68,19901017,5,1,서울특별시 송파구 석촌동 18-3번지
11710,10500,0,0018,0005,,,표제부,공동주택,공동주택(다세대주택),246.1,145.65,490.32,20120705,5,0,서울특별시 송파구 석촌동 18-5번지
11710,10500,0,0018,0006,,,표제부,공동주택,공동주택(다세대주택),245.9,146.74,485.33,20081201,5,0,서울특별시 송파구 석촌동 18-6번지
11710,10500,0,0018,0007,제이하우스,,표제부,공동주택,다세대주택(11세대),245.9,146.77,468.74,20001016,4,0,서울특별시 송파구 석촌동 18-7번지
11710,10500,0,0018,0008,플로라빌,,표제부,공동주택,"도시형생활주택(단지형다세대),근린생활시설",283.1,169.4,669.47,20191129,6,1,서울특별시 송파구 석촌동 18-8번지
11710,10500,0,0018,0009,,,일반건축물,단독주택,"제2종근린생활시설, 다가구주택(9가구)",283.3,169.41,677.07,20010605,4,0,서울특별시 송파구 석촌동 18-9번지
11710,10500,0,0018,0010,티.제일 빌,,표제부,공동주택,공동주택(다세대주택),283.3,169.08,564.86,20061011,5,0,서울특별시 송파구 석촌동 18-10번지
11710,10500,0,0018,0011,,,일반건축물,단독주택,다가구용단독주택(15가구),181.8,108.5,416.08,19941201,3,1,서울특별시 송파구 석촌동 18-11번지
11710,10500,0,0018,0012,,,일반건축물,단독주택,다가구주택(11가구),208.6,124.9,490.8,19960904,3,1,서울특별시 송파구 석촌동 18-12번지
11710,10500,0,0018,0013,,,표제부,공동주택,공동주택(다세대주택),189.9,113.11,395.53,20120725,5,0,서울특별시 송파구 석촌동 18-13번지
11710,10500,0,0018,0014,,,표제부,공동주택,다세대주택,214.9,128,429.54,20180111,5,0,서울특별시 송파구 석촌동 18-14번지
11710,10500,0,0018,0015,,,표제부,공동주택,도시형생활주택(단지형다세대),228.3,134.76,456.34,20171117,6,0,서울특별시 송파구 석촌동 18-15번지
11710,10500,0,0019,0000,,,표제부,공동주택,공동주택(도시형생활주택) 외 1,453,245.33,964.82,20120905,6,1,서울특별시 송파구 석촌동 19번지
11710,10500,0,0019,0001,정선하우스,,표제부,공동주택,다세대주택(9세대),178.5,106.25,426.5,20011018,5,0,서울특별시 송파구 석촌동 19-1번지
11710,10500,0,0019,0002,가원빌라,,표제부,공동주택,다세대주택(9세대),245.7,137.43,622.15,20001227,4,1,서울특별시 송파구 석촌동 19-2번지
11710,10500,0,0019,0003,,,일반건축물,단독주택,다가구주택(14가구),247.2,148.15,519.62,19941230,3,1,서울특별시 송파구 석촌동 19-3번지
11710,10500,0,0019,0004,,,일반건축물,제1종근린생활시설,"근린생활시설, 주택",272.53,133.37,277.19,19870803,2,1,서울특별시 송파구 석촌동 19-4번지
11710,10500,0,0019,0005,석촌파크빌Ⅳ,,표제부,공동주택,공동주택(다세대주택),247.2,147.78,494.33,20210910,5,0,서울특별시 송파구 석촌동 19-5번지
11710,10500,0,0019,0006,시월주택,,표제부,공동주택,다세대주택,223.9,133.65,447.05,20250527,5,0,서울특별시 송파구 석촌동 19-6번지
11710,10500,0,0019,0007,,,표제부,공동주택,연립주택(10세대),448,200.6,822.08,19940517,4,1,서울특별시 송파구 석촌동 19-7번지
11710,10500,0,0019,0009,,,표제부,공동주택,다세대주택,225.5,129.78,623,20000816,4,1,서울특별시 송파구 석촌동 19-9번지
11710,10500,0,0019,0010,,,일반건축물,단독주택,다가구주택(9가구),225.5,135.16,523.61,20000622,3,1,서울특별시 송파구 석촌동 19-10번지
11710,10500,0,0019,0011,가원하우스,,일반건축물,단독주택,다가구주택(7가구),197.3,117.83,446.07,20010528,3,1,서울특별시 송파구 석촌동 19-11번지
11710,10500,0,0019,0012,,,표제부,공동주택,공동주택,178.6,107.06,419.75,20020910,5,0,서울특별시 송파구 석촌동 19-12번지
11710,10500,0,0019,0013,,,표제부,공동주택,공동주택,179.3,107,405.99,20020531,5,0,서울특별시 송파구 석촌동 19-13번지
11710,10500,0,0020,0001,,,일반건축물,종교시설,종교시설(교회),2442.3,1258.25,4733.75,19811103,4,1,서울특별시 송파구 석촌동 20-1번지
11710,10500,0,0020,0006,,,일반건축물,단독주택,주택,0,0,274.84,19820609,2,1,서울특별시 송파구 석촌동 20-6번지
11710,10500,0,0020,0007,,,일반건축물,단독주택,주택,0,0,258.75,19820713,2,1,서울특별시 송파구 석촌동 20-7번지
11710,10500,0,0021,0000,,,일반건축물,단독주택,주택외1,0,0,304.42,19821210,2,1,서울특별시 송파구 석촌동 21번지
11710,10500,0,0021,0001,,,일반건축물,단독주택,다가구용단독주택(8가구),198.3,112.74,419.28,19940521,3,1,서울특별시 송파구 석촌동 21-1번지
11710,10500,0,0021,0002,,,표제부,공동주택,다세대주택(11세대),243.7,144.51,537.24,20010725,4,0,서울특별시 송파구 석촌동 21-2번지
11710,10500,0,0021,0004,,,표제부,공동주택,다세대주택,172.6,102.2,343.61,20171027,5,0,서울특별시 송파구 석촌동 21-4번지
11710,10500,0,0021,0005,한과건하우스,,표제부,공동주택,"공동주택(다세대주택,도시형생활주택)",171.6,102.6,337.87,20130822,5,0,서울특별시 송파구 석촌동 21-5번지
11710,10500,0,0021,0006,삼우빌딩,,표제부,제2종근린생활시설,제2종근린생활시설 외1,319.2,191.14,1189,20040211,6,1,서울특별시 송파구 석촌동 21-6번지
11710,10500,0,0021,0007,미주하이츠,,표제부,공동주택,단지형다세대주택,0,183.1,612.79,20131219,5,0,서울특별시 송파구 석촌동 21-7번지
11710,10500,0,0021,0007,미주하이츠,,표제부,공동주택,단지형다세대주택,0,188.18,623.91,20131219,5,0,서울특별시 송파구 석촌동 21-7번지
11710,10500,0,0021,0008,,,일반건축물,단독주택,다가구용단독주택(9가구),193.88,116.17,410.99,19941201,3,1,서울특별시 송파구 석촌동 21-8번지
11710,10500,0,0021,0009,,,표제부,공동주택,다세대주택(10세대),219.3,125.33,594.65,19940128,4,1,서울특별시 송파구 석촌동 21-9번지
11710,10500,0,0021,0010,,,일반건축물,단독주택,다가구주택(11가구),219.8,131.35,514.9,19960909,3,1,서울특별시 송파구 석촌동 21-10번지
11710,10500,0,0021,0011,,,표제부,공동주택,다세대주택,238,142.51,448.6,20180511,5,0,서울특별시 송파구 석촌동 21-11번지
11710,10500,0,0022,0000,,,일반건축물,제2종근린생활시설,"근린생활시설, 주택",314.9,184.2,1082.35,19971031,5,1,서울특별시 송파구 석촌동 22번지
11710,10500,0,0022,0001,,,표제부,공동주택,연립주택(9세대),495.7,240.67,1256.12,19930403,4,1,서울특별시 송파구 석촌동 22-1번지
11710,10500,0,0022,0002,,,표제부,공동주택,다세대주택(9세대),208.2,123.66,497.07,20010721,5,0,서울특별시 송파구 석촌동 22-2번지
11710,10500,0,0022,0003,,,일반건축물,제1종근린생활시설,"근린생활시설, 주택",0,0,382.71,19820703,2,1,서울특별시 송파구 석촌동 22-3번지
11710,10500,0,0022,0004,,,일반건축물,단독주택,주택,0,0,225.08,19820609,2,1,서울특별시 송파구 석촌동 22-4번지
11710,10500,0,0022,0005,,,표제부,공동주택,공동주택,197.8,118.13,432.87,20020716,5,0,서울특별시 송파구 석촌동 22-5번지
11710,10500,0,0022,0006,,,표제부,공동주택,다세대주택(7세대),197.8,120.72,480.03,20010803,5,0,서울특별시 송파구 석촌동 22-6번지
11710,10500,0,0022,0007,,,일반건축물,단독주택,다가구용단독주택(13가구),214.9,128.92,502.11,19970320,3,1,서울특별시 송파구 석촌동 22-7번지
11710,10500,0,0022,0008,,,표제부,공동주택,다세대주택(10세대),214.9,128.34,529.66,20011018,5,0,서울특별시 송파구 석촌동 22-8번지
11710,10500,0,0022,0009,,,표제부,공동주택,공동주택(다세대주택),227.7,135.5,452.55,20060410,5,0,서울특별시 송파구 석촌동 22-9번지
11710,10500,0,0023,0000,,,일반건축물,제2종근린생활시설,제2종근린생활시설,294,145.02,975.72,20240802,6,2,서울특별시 송파구 석촌동 23번지
11710,10500,0,0023,0001,,,표제부,제1종근린생활시설,근린생활시설외1,526.2,312.18,1809.25,20030418,6,1,서울특별시 송파구 석촌동 23-1번지
11710,10500,0,0023,0002,,,일반건축물,제2종근린생활시설,근린생활시설외1,0,0,636.09,19900326,5,1,서울특별시 송파구 석촌동 23-2번지
11710,10500,0,0023,0003,,,일반건축물,제2종근린생활시설,제2종근린생활시설외1,208,101.05,723.81,20031213,7,1,서울특별시 송파구 석촌동 23-3번지
11710,10500,0,0023,0004,,,일반건축물,제2종근린생활시설,"근린생활시설, 주택",208.2,103.74,640.92,19931021,6,1,서울특별시 송파구 석촌동 23-4번지
11710,10500,0,0023,0005,MRD,,일반건축물,제2종근린생활시설,근린생활시설,208.1,102.51,612.06,19921105,5,1,서울특별시 송파구 석촌동 23-5번지
11710,10500,0,0023,0007,,,일반건축물,단독주택,다가구용단독주택(15가구),214.6,127.93,442.04,19960311,3,1,서울특별시 송파구 석촌동 23-7번지
11710,10500,0,0023,0008,,,표제부,공동주택,다세대주택,214.6,117.78,518.18,19940315,4,1,서울특별시 송파구 석촌동 23-8번지
11710,10500,0,0023,0009,,,표제부,공동주택,다세대주택(9세대),214.6,127.14,483.78,20010806,5,0,서울특별시 송파구 석촌동 23-9번지
11710,10500,0,0024,0003,석촌호수효성해링턴타워,,표제부,공동주택,"공동주택(도시형생활주택),근린생활시설",2457.1,1165.967,17966.3497,20150826,22,5,서울특별시 송파구 석촌동 24-3번지
11710,10500,0,0024,0008,,,일반건축물,제2종근린생활시설,제2종근린생활시설(일반음식점),1392.6,359.13,741.78,19870826,3,1,서울특별시 송파구 석촌동 24-8번지
11710,10500,0,0024,0008,,,일반건축물,제2종근린생활시설,제2종근린생활시설(간이주방),0,13.65,13.65,20060308,1,0,서울특별시 송파구 석촌동 24-8번지
11710,10500,0,0024,0009,,,일반건축물,제2종근린생활시설,근린생활시설,0,0,302.15,19821020,2,1,서울특별시 송파구 석촌동 24-9번지
11710,10500,0,0024,0011,석촌호수 나인파크 A,,표제부,업무시설,업무시설,1454.3,831.37,11060.53,20170614,22,5,서울특별시 송파구 석촌동 24-11번지
11710,10500,0,0024,0014,석촌호수 나인파크 B,,표제부,업무시설,업무시설,1341.9,768.06,9982.69,20170614,22,5,서울특별시 송파구 석촌동 24-14번지
11710,10500,0,0033,0000,,,일반건축물,단독주택,주택,0,0,34.38,19680703,1,0,서울특별시 송파구 석촌동 33번지
11710,10500,0,0036,0000,,,일반건축물,단독주택,주택,0,0,27.44,,1,0,서울특별시 송파구 석촌동 36번지
11710,10500,0,0036,0000,,,일반건축물,단독주택,주택,0,0,46.94,,1,0,서울특별시 송파구 석촌동 36번지
11710,10500,0,0036,0000,,,일반건축물,단독주택,주택,0,0,28.43,19700302,1,0,서울특별시 송파구 석촌동 36번지
11710,10500,0,0036,0000,,,일반건축물,단독주택,주택,0,0,68.43,,1,0,서울특별시 송파구 석촌동 36번지
11710,10500,0,0037,0000,,,일반건축물,단독주택,주택,0,0,24.79,19700303,1,0,서울특별시 송파구 석촌동 37번지
11710,10500,0,0037,0000,,,일반건축물,단독주택,주택,0,0,24.46,,1,0,서울특별시 송파구 석촌동 37번지
11710,10500,0,0037,0000,,,일반건축물,창고시설,창고,0,0,11.9,,1,0,서울특별시 송파구 석촌동 37번지
11710,10500,0,0037,0000,,,일반건축물,단독주택,주택,0,0,38.02,,1,0,서울특별시 송파구 석촌동 37번지
11710,10500,0,0037,0000,,,일반건축물,단독주택,주택,0,0,23.47,,1,0,서울특별시 송파구 석촌동 37번지
11710,10500,0,0037,0000,,,일반건축물,단독주택,주택,0,0,78.02,,1,0,서울특별시 송파구 석촌동 37번지
11710,10500,0,0037,0000,,,일반건축물,단독주택,주택,0,0,27.11,19710101,1,0,서울특별시 송파구 석촌동 37번지
11710,10500,0,0037,0000,,,일반건축물,제1종근린생활시설,"주택,영업용",0,0,68.76,19700301,1,0,서울특별시 송파구 석촌동 37번지
11710,10500,0,0037,0000,,,일반건축물,단독주택,주택,0,0,19.83,,1,0,서울특별시 송파구 석촌동 37번지
11710,10500,0,0037,0000,,,일반건축물,제1종근린생활시설,근린생활시설,0,0,64.46,,1,0,서울특별시 송파구 석촌동 37번지
11710,10500,0,0037,0000,,,일반건축물,단독주택,주택,0,0,40.99,,1,0,서울특별시 송파구 석촌동 37번지
11710,10500,0,0037,0000,,,일반건축물,단독주택,주택,0,0,44.96,,1,0,서울특별시 송파구 석촌동 37번지
11710,10500,0,0037,0000,,,일반건축물,제1종근린생활시설,근린생활시설,0,0,33.72,,1,0,서울특별시 송파구 석촌동 37번지
11710,10500,0,0037,0000,,,일반건축물,단독주택,"주택,영업용",0,0,82.84,19701215,1,0,서울특별시 송파구 석촌동 37번지
11710,10500,0,0037,0007,,,일반건축물,단독주택,주택,0,0,34.38,19681110,1,0,서울특별시 송파구 석촌동 37-7번지
11710,10500,0,0037,0015,,,일반건축물,단독주택,주택,0,0,98.18,,1,0,서울특별시 송파구 석촌동 37-15번지
11710,10500,0,0037,0017,,,일반건축물,단독주택,주택,0,0,68.43,,1,0,서울특별시 송파구 석촌동 37-17번지
11710,10500,0,0049,0000,,,일반건축물,단독주택,주택,0,0,25.79,,1,0,서울특별시 송파구 석촌동 49번지
11710,10500,0,0052,0000,리파인사옥,,일반건축물,업무시설,"업무시설, 제2종근린생활시설",844.5,421.81,2998.43,20240904,7,2,서울특별시 송파구 석촌동 52번지
11710,10500,0,0052,0001,,,일반건축물,제2종근린생활시설,근린생활시설,0,0,464.38,19871231,4,1,서울특별시 송파구 석촌동 52-1번지
11710,10500,0,0052,0002,,,일반건축물,단독주택,다가구주택(9가구),231.4,137.82,513.63,19970822,3,1,서울특별시 송파구 석촌동 52-2번지
11710,10500,0,0052,0003,,,일반건축물,제2종근린생활시설,"근린생활시설, 주택",231.4,137.3,677.43,19970801,4,1,서울특별시 송파구 석촌동 52-3번지
11710,10500,0,0052,0005,,,일반건축물,단독주택,단독주택(다가구),231.6,137.88,525.92,19991214,3,1,서울특별시 송파구 석촌동 52-5번지
11710,10500,0,0052,0006,,,일반건축물,단독주택,다가구주택(7가구),231.4,137.15,488.88,19951106,3,1,서울특별시 송파구 석촌동 52-6번지
11710,10500,0,0052,0007,,,일반건축물,제2종근린생활시설,"근린생활시설, 주택",0,0,772.99,19870622,4,1,서울특별시 송파구 석촌동 52-7번지
11710,10500,0,0052,0009,(주)인티모,,일반건축물,업무시설,"업무시설, 근린생활시설",595,290.84,2123.83,20170323,6,2,서울특별시 송파구 석촌동 52-9번지
11710,10500,0,0053,0000,스카이빌,,표제부,공동주택,다세대주택 및 근린생활시설,235.8,141.44,469.99,20160630,5,0,서울특별시 송파구 석촌동 53번지
11710,10500,0,0053,0001,,,표제부,공동주택,공동주택,282.5,168.96,651.26,20031124,5,0,서울특별시 송파구 석촌동 53-1번지
11710,10500,0,0053,0002,이건빌,,표제부,공동주택,공동주택,201.3,120.35,525.49,20020208,6,0,서울특별시 송파구 석촌동 53-2번지
11710,10500,0,0053,0003,,,일반건축물,제2종근린생활시설,근린생활시설,0,0,400.4,19831005,3,1,서울특별시 송파구 석촌동 53-3번지
11710,10500,0,0053,0004,정운해피텔,,표제부,공동주택,공동주택외1,330.8,197.46,1222.72,20040116,6,1,서울특별시 송파구 석촌동 53-4번지
11710,10500,0,0053,0005,리치하우스,,표제부,공동주택,도시형생활주택(단지형다세대주택),303,180.81,605.85,20171211,6,0,서울특별시 송파구 석촌동 53-5번지
11710,10500,0,0053,0006,스톤레이크홈타운,,표제부,공동주택,공동주택,267.4,159.12,558.35,20040102,5,0,서울특별시 송파구 석촌동 53-6번지
11710,10500,0,0053,0007,,,일반건축물,단독주택,다가구주택(15가구),288.4,172.9,655.63,19971001,3,1,서울특별시 송파구 석촌동 53-7번지
11710,10500,0,0053,0008,,,표제부,공동주택,공동주택,181.7,108.77,352.19,20020910,4,0,서울특별시 송파구 석촌동 53-8번지
11710,10500,0,0053,0009,,,표제부,공동주택,공동주택(다세대주택),221.5,132.84,438.12,20040729,5,0,서울특별시 송파구 석촌동 53-9번지
11710,10500,0,0053,0010,,,표제부,공동주택,공동주택(다세대주택),201.7,120.35,491.25,20021024,5,0,서울특별시 송파구 석촌동 53-10번지
11710,10500,0,0053,0011,,,표제부,공동주택,공동주택(다세대주택),205,122.4,488.9,20021009,5,0,서울특별시 송파구 석촌동 53-11번지
11710,10500,0,0053,0012,,,표제부,공동주택,공동주택,205,122.64,524.94,20020531,6,0,서울특별시 송파구 석촌동 53-12번지
11710,10500,0,0054,0000,,,일반건축물,단독주택,주택,0,0,22.48,,1,0,서울특별시 송파구 석촌동 54번지
11710,10500,0,0054,0001,,,표제부,공동주택,공동주택,158.32,94.55,390.81,20030114,5,0,서울특별시 송파구 석촌동 54-1번지
11710,10500,0,0054,0002,대건빌라,,표제부,공동주택,다세대주택,228.1,136.71,472.77,20020930,5,0,서울특별시 송파구 석촌동 54-2번지
11710,10500,0,0054,0003,,,일반건축물,단독주택,다가구주택(13가구),227.9,136.38,509.18,19960917,3,1,서울특별시 송파구 석촌동 54-3번지
11710,10500,0,0054,0004,승우빌,,일반건축물,단독주택,단독주택(다중주택),183,99.36,298.08,20061011,3,0,서울특별시 송파구 석촌동 54-4번지
11710,10500,0,0054,0005,은혜로스타,,표제부,공동주택,공동주택(도시형생활주택 원룸형),181.5,105.08,353.6,20120622,5,0,서울특별시 송파구 석촌동 54-5번지
11710,10500,0,0054,0006,,,표제부,공동주택,공동주택,271.5,162.4,542.32,20020809,5,0,서울특별시 송파구 석촌동 54-6번지
11710,10500,0,0054,0007,,,표제부,공동주택,공동주택,201.7,120.35,435.22,20040108,6,0,서울특별시 송파구 석촌동 54-7번지
11710,10500,0,0054,0008,맴버스빌라,,표제부,공동주택,다세대주택(8세대),355.6,185.53,659.8,20010926,5,0,서울특별시 송파구 석촌동 54-8번지
11710,10500,0,0054,0009,,,표제부,공동주택,다세대주택,0,0,243,19870709,2,1,서울특별시 송파구 석촌동 54-9번지
11710,10500,0,0054,0010,새라캐슬,,표제부,공동주택,"다세대주택,근생",249.6,148.47,457.58,20190830,5,0,서울특별시 송파구 석촌동 54-10번지
11710,10500,0,0054,0011,그라민빌리지,,표제부,공동주택,다세대주택 및 근린생활시설,191.1,113.24,351.19,20160317,5,0,서울특별시 송파구 석촌동 54-11번지
11710,10500,0,0054,0012,,,일반건축물,단독주택,다가구용단독주택(9가구),197.7,117.46,419.97,19951130,3,1,서울특별시 송파구 석촌동 54-12번지
11710,10500,0,0054,0013,,,표제부,공동주택,공동주택(다세대주택),181.5,107.4,395.74,20040721,5,0,서울특별시 송파구 석촌동 54-13번지
11710,10500,0,0054,0014,,,표제부,공동주택,공동주택(다세대주택),181.5,102.75,392.73,20100908,5,0,서울특별시 송파구 석촌동 54-14번지
11710,10500,0,0054,0015,,,일반건축물,단독주택,다가구주택(9),181.5,104.75,374.08,19970725,3,1,서울특별시 송파구 석촌동 54-15번지
11710,10500,0,0054,0016,,,일반건축물,단독주택,다가구주택(9가구),223.2,131.5,468.73,19970725,3,1,서울특별시 송파구 석촌동 54-16번지
11710,10500,0,0054,0017,,,표제부,공동주택,공동주택,181.5,108.41,346.19,20031114,4,0,서울특별시 송파구 석촌동 54-17번지
11710,10500,0,0054,0018,,,표제부,공동주택,공동주택(도시형생활주택-원룸형),181.5,106.5,416.16,20111230,4,0,서울특별시 송파구 석촌동 54-18번지
11710,10500,0,0054,0019,석촌파크빌,,표제부,공동주택,도시형생활주택(원룸형주택),227.8,136.16,429.73,20210429,5,0,서울특별시 송파구 석촌동 54-19번지
11710,10500,0,0054,0020,엘송빌라,,표제부,공동주택,공동주택(다세대주택),232.1,141.29,462.57,20030604,5,0,서울특별시 송파구 석촌동 54-20번지
11710,10500,0,0054,0021,,,일반건축물,단독주택,다가구주택(13가구),227.5,136.09,512.66,19970108,3,1,서울특별시 송파구 석촌동 54-21번지
11710,10500,0,0054,0028,아트하우스,,표제부,공동주택,공동주택(다세대주택),201.7,120.9,392.72,20040602,5,0,서울특별시 송파구 석촌동 54-28번지
11710,10500,0,0054,0029,,,일반건축물,단독주택,다가구용단독주택(14가구),247.9,146.12,538.37,19950901,3,1,서울특별시 송파구 석촌동 54-29번지
11710,10500,0,0054,0030,,,표제부,공동주택,다세대주택,190.9,113.96,381.48,20170803,5,0,서울특별시 송파구 석촌동 54-30번지
11710,10500,0,0054,0031,석촌동효신아파트,,표제부,공동주택,공동주택(아파트),533.9,272.96,1850.13,20110712,7,1,서울특별시 송파구 석촌동 54-31번지
11710,10500,0,0054,0035,,,표제부,공동주택,다세대주택,184.4,109.22,350.01,20191016,5,0,서울특별시 송파구 석촌동 54-35번지
11710,10500,0,0054,0036,,,일반건축물,단독주택,다가구주택(7가구),174.4,101.14,329.83,19941128,3,1,서울특별시 송파구 석촌동 54-36번지
11710,10500,0,0054,0037,석촌하우징,,표제부,공동주택,다세대주택(도시형생활주택-원룸형),309.7,185.28,619.35,20210709,5,0,서울특별시 송파구 석촌동 54-37번지
11710,10500,0,0054,0038,,,표제부,공동주택,공동주택(다세대주택),184.4,106.58,391.8,20121113,5,0,서울특별시 송파구 석촌동 54-38번지
11710,10500,0,0054,0039,,,일반건축물,단독주택,다가구용단독주택(15,309.7,173.87,653.19,19960704,3,1,서울특별시 송파구 석촌동 54-39번지
11710,10500,0,0054,0040,드림 하우스,,표제부,공동주택,공동주택,184.5,107.9,382.48,20030626,4,0,서울특별시 송파구 석촌동 54-40번지
11710,10500,0,0054,0041,,,표제부,공동주택,공동주택,155.5,93.29,384.72,20021126,5,0,서울특별시 송파구 석촌동 54-41번지
11710,10500,0,0054,0042,,,표제부,공동주택,공동주택,158.15,94.62,396.7,20030128,5,0,서울특별시 송파구 석촌동 54-42번지
11710,10500,0,0054,0043,,,표제부,공동주택,공동주택(도시형생활주택),182.9,109.2,431.4,20121109,5,0,서울특별시 송파구 석촌동 54-43번지
11710,10500,0,0054,0044,,,일반건축물,단독주택,단독주택,182.9,89.46,249.22,19871204,2,1,서울특별시 송파구 석촌동 54-44번지
11710,10500,0,0054,0045,,,표제부,공동주택,도시형생활주택(단지형다세대주택),183.1,108.78,357.96,20200226,5,0,서울특별시 송파구 석촌동 54-45번지
11710,10500,0,0054,0046,,,일반건축물,단독주택,단독주택,0,0,249.56,19871128,2,1,서울특별시 송파구 석촌동 54-46번지
11710,10500,0,0054,0047,리치빌,,표제부,공동주택,다세대주택,182.9,108.78,318.8,20140602,5,0,서울특별시 송파구 석촌동 54-47번지
11710,10500,0,0054,0048,,,표제부,공동주택,공동주택(다세대주택),182.9,107.25,421.56,20120801,5,0,서울특별시 송파구 석촌동 54-48번지
11710,10500,0,0054,0049,,,표제부,공동주택,공동주택(도시형생활주택),183.1,104.37,321.43,20130612,5,0,서울특별시 송파구 석촌동 54-49번지
11710,10500,0,0055,0000,,,표제부,공동주택,연립주택,836,471.2,2125.4,19930706,4,1,서울특별시 송파구 석촌동 55번지
11710,10500,0,0055,0002,아트하우스,,표제부,공동주택,공동주택,211.6,126.65,512.13,20020514,5,0,서울특별시 송파구 석촌동 55-2번지
11710,10500,0,0055,0003,,,표제부,공동주택,다세대주택(6세대),185.1,110.76,370.75,20020124,4,0,서울특별시 송파구 석촌동 55-3번지
11710,10500,0,0055,0004,,,표제부,공동주택,공동주택,165,98.42,312.08,20020618,4,0,서울특별시 송파구 석촌동 55-4번지
11710,10500,0,0055,0005,,,표제부,공동주택,공동주택,165.2,98.42,313.61,20020826,4,0,서울특별시 송파구 석촌동 55-5번지
11710,10500,0,0055,0006,,,표제부,공동주택,공동주택,231.8,140.76,522.67,20031229,6,0,서울특별시 송파구 석촌동 55-6번지
11710,10500,0,0055,0007,,,일반건축물,단독주택,다가구주택(9가구),232.6,139.47,536.91,19961210,3,1,서울특별시 송파구 석촌동 55-7번지
11710,10500,0,0055,0010,아트하우스,,표제부,공동주택,공동주택,181.8,108.78,431.73,20031125,5,0,서울특별시 송파구 석촌동 55-10번지
11710,10500,0,0055,0011,,,표제부,공동주택,공동주택,185.1,109.5,448.87,20020403,5,0,서울특별시 송파구 석촌동 55-11번지
11710,10500,0,0055,0012,,,표제부,공동주택,공동주택,185.1,110.88,380.7,20031028,5,0,서울특별시 송파구 석촌동 55-12번지
11710,10500,0,0055,0013,,,표제부,공동주택,"공동주택, 근린생활시설",230.5,137.54,618.89,20021113,5,0,서울특별시 송파구 석촌동 55-13번지
11710,10500,0,0055,0014,,,일반건축물,제1종근린생활시설,근린생활시설 및 주택,304.4,151.55,961.59,19930928,5,1,서울특별시 송파구 석촌동 55-14번지
11710,10500,0,0055,0016,스위트빌,,표제부,공동주택,공동주택,192.5,115,363.94,20020325,4,0,서울특별시 송파구 석촌동 55-16번지
11710,10500,0,0055,0017,,,표제부,공동주택,다세대주택,192.6,115.2,373.26,20160523,5,0,서울특별시 송파구 석촌동 55-17번지
11710,10500,0,0056,0000,,,일반건축물,단독주택,다가구주택(11가구),283.8,168.59,647.98,19960831,3,1,서울특별시 송파구 석촌동 56번지
11710,10500,0,0056,0001,드림레이크빌,,표제부,공동주택,다세대주택(8세대),175.2,104.9,340.06,20011109,4,0,서울특별시 송파구 석촌동 56-1번지
11710,10500,0,0056,0002,,,표제부,공동주택,공동주택,182,108.68,373.3,20021217,5,0,서울특별시 송파구 석촌동 56-2번지
11710,10500,0,0056,0003,,,표제부,공동주택,공동주택(다세대주택),217.8,130.04,470.08,20031124,6,0,서울특별시 송파구 석촌동 56-3번지
11710,10500,0,0056,0004,,,표제부,공동주택,공동주택,189.8,113.43,395.39,20020919,4,0,서울특별시 송파구 석촌동 56-4번지
11710,10500,0,0056,0005,,,표제부,공동주택,공동주택(다세대주택),169.1,100.8,332.8,20101015,5,0,서울특별시 송파구 석촌동 56-5번지
11710,10500,0,0056,0006,,,표제부,공동주택,공동주택,182.1,109.04,447,20030221,5,0,서울특별시 송파구 석촌동 56-6번지
11710,10500,0,0056,0007,,,표제부,공동주택,공동주택,190.7,113.96,460.28,20031025,5,0,서울특별시 송파구 석촌동 56-7번지
11710,10500,0,0056,0008,도무스 빌,,표제부,공동주택,공동주택(다세대주택),239.9,143.85,622.41,20011027,6,0,서울특별시 송파구 석촌동 56-8번지
11710,10500,0,0056,0009,,,표제부,공동주택,공동주택,192,114.66,375.68,20030530,5,0,서울특별시 송파구 석촌동 56-9번지
11710,10500,0,0056,0010,,,표제부,공동주택,공동주택,273.7,163.4,652.74,20031028,5,0,서울특별시 송파구 석촌동 56-10번지
11710,10500,0,0056,0011,,,표제부,공동주택,공동주택,175.1,104.58,398.44,20030319,5,0,서울특별시 송파구 석촌동 56-11번지
11710,10500,0,0056,0012,아트하우스,,표제부,공동주택,공동주택,165.6,99,386.88,20031103,5,0,서울특별시 송파구 석촌동 56-12번지
11710,10500,0,0056,0013,,,표제부,공동주택,공동주택(다세대주택),217.7,133.71,520.12,20040721,6,0,서울특별시 송파구 석촌동 56-13번지
11710,10500,0,0056,0014,,,표제부,공동주택,공동주택(다세대주택),217.7,129.22,483.72,20121119,5,0,서울특별시 송파구 석촌동 56-14번지
11710,10500,0,0056,0015,봄날햇살,,표제부,공동주택,다세대주택,217.7,129.78,417.38,20010312,4,0,서울특별시 송파구 석촌동 56-15번지
11710,10500,0,0056,0016,,,일반건축물,단독주택,"근린생활시설, 다가구주택",246.4,147.6,662.6,19920513,4,1,서울특별시 송파구 석촌동 56-16번지
11710,10500,0,0056,0017,,,표제부,공동주택,공동주택,169,100.83,426.01,20030805,6,0,서울특별시 송파구 석촌동 56-17번지
11710,10500,0,0057,0000,,,표제부,공동주택,다세대주택(8세대),224.22,116.51,474.22,20001011,4,1,서울특별시 송파구 석촌동 57번지
11710,10500,0,0057,0001,,,표제부,공동주택,다세대주택(15세대),257.6,145.82,599.7,19931222,4,1,서울특별시 송파구 석촌동 57-1번지
11710,10500,0,0057,0002,은하수빌라,,표제부,공동주택,연립주택,565,338.95,1732.79,19980327,4,1,서울특별시 송파구 석촌동 57-2번지
11710,10500,0,0057,0003,,,일반건축물,제2종근린생활시설,제2종근린생활시설,298.9,173.17,983.54,20021230,5,1,서울특별시 송파구 석촌동 57-3번지
11710,10500,0,0057,0004,,,표제부,공동주택,공동주택(다세대주택),183.6,109.81,384.72,20041018,5,0,서울특별시 송파구 석촌동 57-4번지
11710,10500,0,0057,0005,,,표제부,공동주택,공동주택,263.7,158.01,525.46,20130613,5,0,서울특별시 송파구 석촌동 57-5번지
11710,10500,0,0057,0006,,,일반건축물,단독주택,다가구주택(9가구),263.6,157.38,572.11,20010612,3,1,서울특별시 송파구 석촌동 57-6번지
11710,10500,0,0057,0007,청우,,표제부,공동주택,공동주택,205,126.74,441.99,20040915,6,0,서울특별시 송파구 석촌동 57-7번지
11710,10500,0,0057,0011,,,표제부,공동주택,도시형생활주택(단지형다세대),182.2,109.2,362.81,20140423,5,0,서울특별시 송파구 석촌동 57-11번지
11710,10500,0,0057,0012,,,일반건축물,단독주택,근린생활시설 및 다가구주택,182.1,109,341.75,20190903,4,0,서울특별시 송파구 석촌동 57-12번지
11710,10500,0,0057,0013,,,일반건축물,단독주택,다가구주택(4가구),182.3,108.33,274.22,20000728,3,0,서울특별시 송파구 석촌동 57-13번지
11710,10500,0,0057,0014,팰리스빌,,표제부,공동주택,공동주택,195,116.01,461.51,20020320,5,0,서울특별시 송파구 석촌동 57-14번지
11710,10500,0,0057,0015,,,표제부,공동주택,공동주택(다세대주택),195,116.22,463.78,20040901,5,0,서울특별시 송파구 석촌동 57-15번지
11710,10500,0,0057,0016,,,표제부,공동주택,다세대주택(10세대),195,115.09,463.93,20011123,5,0,서울특별시 송파구 석촌동 57-16번지
11710,10500,0,0057,0017,,,표제부,공동주택,공동주택,259.16,152.74,548.22,20030218,6,0,서울특별시 송파구 석촌동 57-17번지
11710,10500,0,0057,0020,,,표제부,공동주택,공동주택,210,123.8,489.22,20030515,5,0,서울특별시 송파구 석촌동 57-20번지
11710,10500,0,0057,0021,,,표제부,공동주택,공동주택,210,125.9,558.93,20030110,6,0,서울특별시 송파구 석촌동 57-21번지
11710,10500,0,0058,0000,,,표제부,공동주택,공동주택,191,111.76,430.17,20041115,6,0,서울특별시 송파구 석촌동 58번지
11710,10500,0,0058,0001,한지 하우스,,표제부,공동주택,공동주택(다세대주택),181.9,108.8,392.77,20110901,6,0,서울특별시 송파구 석촌동 58-1번지
11710,10500,0,0058,0002,,,일반건축물,단독주택,다가구용단독주택(11가구),200.3,117,420,19960708,3,1,서울특별시 송파구 석촌동 58-2번지
11710,10500,0,0058,0003,,,일반건축물,단독주택,다가구주택(9가구),200.3,119.34,447.92,19991222,3,1,서울특별시 송파구 석촌동 58-3번지
11710,10500,0,0058,0005,,,표제부,공동주택,다세대주택,246.7,139.8,608.99,19951220,4,1,서울특별시 송파구 석촌동 58-5번지
11710,10500,0,0058,0006,,,일반건축물,단독주택,단독주택,0,0,247.15,19880517,2,1,서울특별시 송파구 석촌동 58-6번지
11710,10500,0,0058,0009,가동,,표제부,공동주택,다세대주택,0,0,252,19861211,2,1,서울특별시 송파구 석촌동 58-9번지
11710,10500,0,0058,0009,나동,,표제부,공동주택,다세대주택,0,0,202.5,19861211,2,1,서울특별시 송파구 석촌동 58-9번지
11710,10500,0,0058,0013,,,표제부,공동주택,공동주택,185.1,110.74,410.6,20030916,5,0,서울특별시 송파구 석촌동 58-13번지
11710,10500,0,0058,0014,인예원,,표제부,공동주택,다세대주택,205.1,122,399.86,20171102,5,0,서울특별시 송파구 석촌동 58-14번지
11710,10500,0,0058,0015,,,일반건축물,제1종근린생활시설,근린생활시설 및 주택,0,0,491.07,19881010,3,1,서울특별시 송파구 석촌동 58-15번지
11710,10500,0,0058,0016,DE빌딩,,일반건축물,제2종근린생활시설,근린생활시설,232.8,129.96,427.75,19830614,4,0,서울특별시 송파구 석촌동 58-16번지
11710,10500,0,0058,0017,,,표제부,공동주택,공동주택(다세대주택),333.9,224.01,754.97,20061103,6,0,서울특별시 송파구 석촌동 58-17번지
11710,10500,0,0058,0019,,,표제부,공동주택,공동주택(다세대주택),173,103.14,392.04,20041020,5,0,서울특별시 송파구 석촌동 58-19번지
11710,10500,0,0058,0020,,,표제부,공동주택,공동주택,206.3,124.24,388.68,20020930,5,0,서울특별시 송파구 석촌동 58-20번지
11710,10500,0,0058,0022,,,표제부,공동주택,다세대주택,434.6,187.98,654.43,19940509,4,1,서울특별시 송파구 석촌동 58-22번지
11710,10500,0,0058,0023,금한빌딩,,표제부,공동주택,공동주택외1,256.6,153.74,801.86,20040311,6,0,서울특별시 송파구 석촌동 58-23번지
11710,10500,0,0058,0024,,,일반건축물,제2종근린생활시설,근린생활시설,489.1,240.8,951.32,19841119,3,1,서울특별시 송파구 석촌동 58-24번지
11710,10500,0,0058,0025,성원빌라,,표제부,공동주택,연립주택,282.2,159.82,701.3,19971204,4,1,서울특별시 송파구 석촌동 58-25번지
11710,10500,0,0058,0027,,,표제부,공동주택,도시형생활주택(다세대주택),181.3,101.68,308.66,20160314,4,0,서울특별시 송파구 석촌동 58-27번지
11710,10500,0,0058,0028,,,표제부,공동주택,근린생활시설및다세대주택(10세대),181.8,108.08,363.3,20200617,5,0,서울특별시 송파구 석촌동 58-28번지
11710,10500,0,0058,0030,,,표제부,공동주택,다세대주택,165.3,98.15,329.04,20161006,5,0,서울특별시 송파구 석촌동 58-30번지
11710,10500,0,0058,0031,,,표제부,공동주택,다세대주택 및 근린생활시설,165.3,96.48,330.26,20161014,5,0,서울특별시 송파구 석촌동 58-31번지
11710,10500,0,0058,0032,,,표제부,공동주택,다세대주택 및 제2종근린생활시설,410.7,212.94,821.27,20160203,6,0,서울특별시 송파구 석촌동 58-32번지
11710,10500,0,0058,0033,스카이타워,,표제부,공동주택,다세대주택 외 1,348,201.96,688.24,20130905,5,0,서울특별시 송파구 석촌동 58-33번지
11710,10500,0,0060,0000,,,일반건축물,제1종근린생활시설,근린생활시설,629.3,49.92,49.92,19950506,1,0,서울특별시 송파구 석촌동 60번지
11710,10500,0,0060,0001,,,표제부,공동주택,다세대주택,0,0,329.22,19900427,2,1,서울특별시 송파구 석촌동 60-1번지
11710,10500,0,0060,0002,석촌동 신부파스카빌,,표제부,공동주택,공동주택,778.2,351.96,1620.54,20030827,6,1,서울특별시 송파구 석촌동 60-2번지
11710,10500,0,0060,0003,,,일반건축물,제2종근린생활시설,"근린생활시설,",424.5,211.43,1354.64,19910610,5,1,서울특별시 송파구 석촌동 60-3번지
11710,10500,0,0060,0004,정원빌딩,,일반건축물,교육연구시설,"교육연구 및 복지시설,교육연구시설",599.9,263.34,1280.22,20011207,5,0,서울특별시 송파구 석촌동 60-4번지
11710,10500,0,0060,0007,,,표제부,공동주택,공동주택,165.2,99,451.54,20021227,6,0,서울특별시 송파구 석촌동 60-7번지
11710,10500,0,0060,0008,,,일반건축물,제2종근린생활시설,근린생활시설외2,677.4,306.24,1835.1,19950614,5,1,서울특별시 송파구 석촌동 60-8번지
11710,10500,0,0060,0009,,,일반건축물,종교시설,종교시설(교회),949.08,466.395,1486.385,19870122,3,1,서울특별시 송파구 석촌동 60-9번지
11710,10500,0,0060,0016,동양빌딩,,일반건축물,제2종근린생활시설,근린생활시설,310.8,152.28,855.87,19910801,5,1,서울특별시 송파구 석촌동 60-16번지
11710,10500,0,0074,0003,,,일반건축물,단독주택,주택,0,0,55.21,,1,0,서울특별시 송파구 석촌동 74-3번지
11710,10500,0,0077,0001,,,표제부,공동주택,다세대주택(10세대),264.6,141.37,659.52,20011109,4,1,서울특별시 송파구 석촌동 77-1번지
11710,10500,0,0077,0002,장원빌라,,일반건축물,단독주택,다가구주택(19가구),313.4,190.12,653.92,19960522,3,1,서울특별시 송파구 석촌동 77-2번지
11710,10500,0,0077,0003,,,일반건축물,단독주택,다가구주택(13가구),216.6,129.22,478.25,19960918,3,1,서울특별시 송파구 석촌동 77-3번지
11710,10500,0,0077,0004,,,일반건축물,단독주택,다가구주택(12가구),391.59,230.85,657.97,19940706,3,1,서울특별시 송파구 석촌동 77-4번지
11710,10500,0,0077,0005,,,일반건축물,업무시설,업무시설 외1,504.18,234.82,2110.34,19940530,6,2,서울특별시 송파구 석촌동 77-5번지
11710,10500,0,0077,0006,미산빌딩,,일반건축물,제2종근린생활시설,근린생활시설 및 단독주택,277.8,137.86,878.86,20150702,6,1,서울특별시 송파구 석촌동 77-6번지
11710,10500,0,0077,0007,다성리치빌,,표제부,공동주택,공동주택(아파트),837.7,423.15,2489.81,20010511,5,1,서울특별시 송파구 석촌동 77-7번지
11710,10500,0,0077,0009,,,표제부,공동주택,다세대주택(7세대),216.5,129.02,509.6,20011201,5,0,서울특별시 송파구 석촌동 77-9번지
11710,10500,0,0100,0000,,,일반건축물,공장,공장,0,0,80.33,,1,0,서울특별시 송파구 석촌동 100번지
11710,10500,0,0109,0000,서울시각장애인복지관,,일반건축물,노유자시설,노유자시설,532.4,303.4,1941.91,19980406,7,1,서울특별시 송파구 석촌동 109번지
11710,10500,0,0150,0000,,,표제부,공동주택,공동주택(다세대주택),200.4,119.41,475.66,20061108,5,0,서울특별시 송파구 석촌동 150번지
11710,10500,0,0150,0001,,,일반건축물,단독주택,근린생활시설 및 주택,0,0,293.84,19881018,3,1,서울특별시 송파구 석촌동 150-1번지
11710,10500,0,0150,0002,,,일반건축물,단독주택,근린생활시설 및 주택,0,0,342.16,19861216,3,1,서울특별시 송파구 석촌동 150-2번지
11710,10500,0,0150,0003,용성빌딩,,일반건축물,단독주택,다가구주택(3가구)외2,250.3,148.96,656.52,20061106,4,1,서울특별시 송파구 석촌동 150-3번지
11710,10500,0,0150,0004,,,표제부,공동주택,공동주택,268.1,157.84,601.86,20021105,5,0,서울특별시 송파구 석촌동 150-4번지
11710,10500,0,0150,0005,,,표제부,공동주택,공동주택,188.1,111.96,405.53,20030818,5,0,서울특별시 송파구 석촌동 150-5번지
11710,10500,0,0150,0006,,,표제부,공동주택,공동주택,198.4,115.21,389.3,20030130,4,0,서울특별시 송파구 석촌동 150-6번지
11710,10500,0,0150,0007,,,표제부,공동주택,다세대주택(8가구),231.7,138.68,488.4,19930514,3,1,서울특별시 송파구 석촌동 150-7번지
11710,10500,0,0150,0008,이수빌,,표제부,공동주택,공동주택(다세대주택),231.5,137.76,491.27,20080804,5,0,서울특별시 송파구 석촌동 150-8번지
11710,10500,0,0150,0009,,,표제부,공동주택,공동주택,231.5,138.02,477.07,20031111,5,0,서울특별시 송파구 석촌동 150-9번지
11710,10500,0,0150,0010,,,표제부,공동주택,공동주택,165.3,98.74,330.4,20131128,5,0,서울특별시 송파구 석촌동 150-10번지
11710,10500,0,0150,0011,,,일반건축물,노유자시설,노유자시설,305.8,182.74,833.47,20110728,4,1,서울특별시 송파구 석촌동 150-11번지
11710,10500,0,0150,0012,,,일반건축물,단독주택,다가구주택(12가구),257.8,153.83,582.71,19971021,3,1,서울특별시 송파구 석촌동 150-12번지
11710,10500,0,0150,0013,,,표제부,공동주택,공동주택,238.9,142.56,531.57,20031022,4,0,서울특별시 송파구 석촌동 150-13번지
11710,10500,0,0150,0015,,,표제부,공동주택,공동주택,213.2,151.53,517.14,20041101,6,0,서울특별시 송파구 석촌동 150-15번지
11710,10500,0,0150,0016,,,표제부,공동주택,공동주택,248.1,154.35,571.46,20030916,5,0,서울특별시 송파구 석촌동 150-16번지
11710,10500,0,0150,0017,백제맨션,,표제부,공동주택,공동주택,248,147.4,554.69,20031124,5,0,서울특별시 송파구 석촌동 150-17번지
11710,10500,0,0150,0018,엘리움파크,,표제부,공동주택,도시형생활주택,234.7,140.76,468.575,20180827,5,0,서울특별시 송파구 석촌동 150-18번지
11710,10500,0,0150,0019,,,표제부,공동주택,다세대주택,234.7,140.23,645.7,19950107,4,1,서울특별시 송파구 석촌동 150-19번지
11710,10500,0,0150,0022,,,표제부,공동주택,공동주택,213.3,127.82,444.42,20021121,5,0,서울특별시 송파구 석촌동 150-22번지
11710,10500,0,0150,0023,,,일반건축물,단독주택,다가구용단독주택(5가구),179.9,107.82,323.46,19921105,2,1,서울특별시 송파구 석촌동 150-23번지
11710,10500,0,0150,0024,,,표제부,공동주택,공동주택(다세대주택),188.7,112.3,378.52,20040902,5,0,서울특별시 송파구 석촌동 150-24번지
11710,10500,0,0150,0025,아트하우스,,표제부,공동주택,공동주택(다세대주택),188.5,112.48,357.16,20040910,5,0,서울특별시 송파구 석촌동 150-25번지
11710,10500,0,0150,0026,아트하우스,,표제부,공동주택,공동주택(다세대주택),188.7,112.42,348.47,20040904,4,0,서울특별시 송파구 석촌동 150-26번지
11710,10500,0,0150,0027,,,표제부,공동주택,다세대주택,187.9,112.59,375.56,20170718,5,0,서울특별시 송파구 석촌동 150-27번지
11710,10500,0,0150,0028,,,표제부,공동주택,다세대주택,187.8,112.33,368.54,20170718,5,0,서울특별시 송파구 석촌동 150-28번지
11710,10500,0,0150,0029,,,표제부,공동주택,"공동주택,근린생활시설",187.7,111.22,367.01,20201209,5,0,서울특별시 송파구 석촌동 150-29번지
11710,10500,0,0150,0030,,,표제부,공동주택,공동주택(다세대주택),199.2,118.68,403.04,20040906,5,0,서울특별시 송파구 석촌동 150-30번지
11710,10500,0,0150,0031,아트하우스,,표제부,공동주택,공동주택,198.4,118.9,421.07,20031020,5,0,서울특별시 송파구 석촌동 150-31번지
11710,10500,0,0150,0032,,,표제부,공동주택,다세대주택,206.6,123.78,409.36,20130625,5,0,서울특별시 송파구 석촌동 150-32번지
11710,10500,0,0150,0033,,,표제부,공동주택,공동주택,171.9,101.24,409.41,20050804,5,0,서울특별시 송파구 석촌동 150-33번지
11710,10500,0,0150,0034,,,일반건축물,단독주택,다가구용단독주택(5가구),210,119.54,346.3,19941012,2,1,서울특별시 송파구 석촌동 150-34번지
11710,10500,0,0150,0035,,,표제부,공동주택,공동주택,211.8,137.33,552.95,20040113,6,0,서울특별시 송파구 석촌동 150-35번지
11710,10500,0,0150,0036,,,표제부,공동주택,공동주택,223.8,133.75,550.18,20020325,5,0,서울특별시 송파구 석촌동 150-36번지
11710,10500,0,0150,0037,,,표제부,공동주택,공동주택,165.4,98.69,301.22,20210422,5,0,서울특별시 송파구 석촌동 150-37번지
11710,10500,0,0153,0000,,,일반건축물,제1종근린생활시설,"근린생활시설(점포),주택",0,0,338.24,19830618,3,1,서울특별시 송파구 석촌동 153번지
11710,10500,0,0153,0001,,,표제부,공동주택,공동주택,231.4,137.24,492.66,20100604,5,0,서울특별시 송파구 석촌동 153-1번지
11710,10500,0,0153,0002,,,표제부,공동주택,공동주택,235.4,140.09,578.91,20020417,5,0,서울특별시 송파구 석촌동 153-2번지
11710,10500,0,0153,0003,,,표제부,공동주택,공동주택,188.5,113.04,493.92,20011228,4,1,서울특별시 송파구 석촌동 153-3번지
11710,10500,0,0153,0004,한빛라온채,,표제부,공동주택,공동주택,268,172.75,635.7,20041126,5,0,서울특별시 송파구 석촌동 153-4번지
11710,10500,0,0153,0005,동경빌딩,,일반건축물,제1종근린생활시설,근린생활시설,0,0,368.16,19831217,3,1,서울특별시 송파구 석촌동 153-5번지
11710,10500,0,0153,0006,아리나하우스,,표제부,공동주택,공동주택,268.1,159.58,565.94,20040510,5,0,서울특별시 송파구 석촌동 153-6번지
11710,10500,0,0153,0007,,,표제부,공동주택,공동주택,266.4,159.55,547.79,20020722,5,0,서울특별시 송파구 석촌동 153-7번지
11710,10500,0,0153,0008,,,표제부,공동주택,공동주택(다세대주택),266.5,155.64,529.36,20040726,5,0,서울특별시 송파구 석촌동 153-8번지
11710,10500,0,0153,0009,,,표제부,공동주택,다세대주택,229.1,126.4,595.36,19940804,4,1,서울특별시 송파구 석촌동 153-9번지
11710,10500,0,0153,0010,,,표제부,공동주택,도시형생활주택,231.5,135.47,462.17,20191122,5,0,서울특별시 송파구 석촌동 153-10번지
11710,10500,0,0153,0011,,,표제부,공동주택,공동주택(다세대주택),188.3,112.63,390.09,20040624,6,0,서울특별시 송파구 석촌동 153-11번지
11710,10500,0,0153,0012,,,표제부,공동주택,도시형생활주택(단지형다세대주택),193.5,115.84,386.51,20180831,5,0,서울특별시 송파구 석촌동 153-12번지
11710,10500,0,0153,0013,레이크빌,,표제부,공동주택,공동주택,228.9,137.24,548.05,20030315,5,0,서울특별시 송파구 석촌동 153-13번지
11710,10500,0,0153,0014,송파파크빌Ⅱ,,표제부,공동주택,다세대주택-도시형생활주택(원룸형주택),229,137.04,455.6,20220119,5,0,서울특별시 송파구 석촌동 153-14번지
11710,10500,0,0153,0015,,,표제부,공동주택,공동주택,231,138.49,605.65,20030827,6,0,서울특별시 송파구 석촌동 153-15번지
11710,10500,0,0154,0000,금광빌딩,,일반건축물,제2종근린생활시설,제2종근린생활시설 외2건,359.1,213.67,938.27,20050809,6,1,서울특별시 송파구 석촌동 154번지
11710,10500,0,0154,0001,,,표제부,공동주택,공동주택,194.1,114.73,495.14,20040112,6,0,서울특별시 송파구 석촌동 154-1번지
11710,10500,0,0154,0002,,,일반건축물,단독주택,"근린생활시설, 다가구주택",322.7,171.59,677.35,19880624,4,1,서울특별시 송파구 석촌동 154-2번지
11710,10500,0,0154,0003,,,일반건축물,단독주택,다가구주택(6가구),219.3,131.13,447.4,20001220,3,1,서울특별시 송파구 석촌동 154-3번지
11710,10500,0,0154,0004,,,표제부,공동주택,공동주택,167.3,100.11,327.84,20140612,5,0,서울특별시 송파구 석촌동 154-4번지
11710,10500,0,0154,0005,마이스테이,,일반건축물,제1종근린생활시설,근린생활시설,292,174.05,618.59,20030122,5,0,서울특별시 송파구 석촌동 154-5번지
11710,10500,0,0154,0006,강연빌,,표제부,공동주택,도시형생활주택(원룸형주택),231.3,138.76,455.18,20210917,5,0,서울특별시 송파구 석촌동 154-6번지
11710,10500,0,0154,0007,,,표제부,공동주택,공동주택,188.4,112.5,375.35,20030526,4,0,서울특별시 송파구 석촌동 154-7번지
11710,10500,0,0154,0008,,,표제부,공동주택,공동주택,202.1,118.78,448.35,20020719,5,0,서울특별시 송파구 석촌동 154-8번지
11710,10500,0,0154,0009,,,표제부,공동주택,공동주택,188.4,112.5,375.35,20030514,4,0,서울특별시 송파구 석촌동 154-9번지
11710,10500,0,0154,0010,보람주택,,표제부,공동주택,공동주택,194,113.75,479.32,20040119,6,0,서울특별시 송파구 석촌동 154-10번지
11710,10500,0,0154,0011,,,표제부,공동주택,공동주택,194.1,114.73,494.45,20031016,6,0,서울특별시 송파구 석촌동 154-11번지
11710,10500,0,0154,0012,,,표제부,공동주택,공동주택,194,114.73,469.71,20031218,5,0,서울특별시 송파구 석촌동 154-12번지
11710,10500,0,0154,0013,,,표제부,공동주택,공동주택,218.6,129.72,551.86,20030805,6,0,서울특별시 송파구 석촌동 154-13번지
11710,10500,0,0154,0014,,,표제부,공동주택,공동주택,219.2,132.94,483.32,20030423,6,0,서울특별시 송파구 석촌동 154-14번지
11710,10500,0,0155,0000,,,표제부,공동주택,공동주택(도시형생활주택) 외 1,297.58,173.74,603.66,20120612,5,0,서울특별시 송파구 석촌동 155번지
11710,10500,0,0155,0001,,,일반건축물,단독주택,단독주택,0,0,248.43,19900226,2,1,서울특별시 송파구 석촌동 155-1번지
11710,10500,0,0155,0002,,,일반건축물,제2종근린생활시설,근린생활시설 및 주택,0,0,918.6,19870430,3,1,서울특별시 송파구 석촌동 155-2번지
11710,10500,0,0155,0003,,,표제부,공동주택,다세대주택,186,110.26,451.27,20020129,5,0,서울특별시 송파구 석촌동 155-3번지
11710,10500,0,0155,0006,,,표제부,공동주택,연립주택,0,0,986.88,19901015,3,1,서울특별시 송파구 석촌동 155-6번지
11710,10500,0,0155,0008,,,일반건축물,단독주택,다가구주택(9가구),186.1,111.25,416.83,19970721,3,1,서울특별시 송파구 석촌동 155-8번지
11710,10500,0,0155,0010,,,표제부,공동주택,공동주택,186,126.42,474.71,20031105,5,0,서울특별시 송파구 석촌동 155-10번지
11710,10500,0,0155,0012,,,표제부,공동주택,공동주택,211.6,130.46,494.35,20030823,5,0,서울특별시 송파구 석촌동 155-12번지
11710,10500,0,0155,0013,,,표제부,공동주택,공동주택,211.7,131.13,497.23,20040303,5,0,서울특별시 송파구 석촌동 155-13번지
11710,10500,0,0155,0014,,,표제부,공동주택,공동주택,211.7,130.5,490.81,20040420,5,0,서울특별시 송파구 석촌동 155-14번지
11710,10500,0,0155,0015,,,표제부,공동주택,공동주택,211.6,125.4,467.7,20040420,6,0,서울특별시 송파구 석촌동 155-15번지
11710,10500,0,0155,0016,,,일반건축물,단독주택,"근린생활시설, 주택",0,0,359.02,19891127,4,1,서울특별시 송파구 석촌동 155-16번지
11710,10500,0,0156,0000,정현리치빌,,일반건축물,제2종근린생활시설,근린생활시설 외1,525.3,302.96,1898.88,20031224,6,1,서울특별시 송파구 석촌동 156번지
11710,10500,0,0156,0001,,,일반건축물,단독주택,주택,0,0,254.6,19830126,2,1,서울특별시 송파구 석촌동 156-1번지
11710,10500,0,0156,0002,레이크센스빌,,표제부,공동주택,공동주택,266.6,159.43,584.91,20030604,5,0,서울특별시 송파구 석촌동 156-2번지
11710,10500,0,0156,0003,,,표제부,공동주택,공동주택,297.9,178.5,624.1,20030605,5,0,서울특별시 송파구 석촌동 156-3번지
11710,10500,0,0156,0004,,,일반건축물,제2종근린생활시설,근린생활시설외2,297.9,169.63,783.47,20031110,5,1,서울특별시 송파구 석촌동 156-4번지
11710,10500,0,0156,0005,,,일반건축물,제2종근린생활시설,제2종근린생활시설,496,231.63,491.72,19911214,2,1,서울특별시 송파구 석촌동 156-5번지
11710,10500,0,0156,0006,,,일반건축물,제1종근린생활시설,근린생활시설,0,0,391.32,19831202,3,1,서울특별시 송파구 석촌동 156-6번지
11710,10500,0,0156,0007,,,표제부,공동주택,다세대주택,248,143.9,595.93,19940317,4,1,서울특별시 송파구 석촌동 156-7번지
11710,10500,0,0156,0008,,,표제부,공동주택,공동주택(다세대주택),231.4,132.13,458.88,20121022,5,0,서울특별시 송파구 석촌동 156-8번지
11710,10500,0,0156,0009,,,일반건축물,제2종근린생활시설,근린생활시설 외1,270.2,161.12,740.28,19970613,4,1,서울특별시 송파구 석촌동 156-9번지
11710,10500,0,0157,0000,,,일반건축물,제2종근린생활시설,근린생활시설,697.7,336.65,1346.6,19880810,3,1,서울특별시 송파구 석촌동 157번지
11710,10500,0,0157,0001,,,일반건축물,제2종근린생활시설,제1종근린생활시설외 1,253.9,122.73,787.77,20090618,6,1,서울특별시 송파구 석촌동 157-1번지
11710,10500,0,0157,0002,,,일반건축물,제2종근린생활시설,근린생활시설 및 주택,204.8,102.12,513.4,19860722,4,1,서울특별시 송파구 석촌동 157-2번지
11710,10500,0,0157,0003,,,표제부,공동주택,공동주택,344,191.85,698.95,20020813,5,0,서울특별시 송파구 석촌동 157-3번지
11710,10500,0,0157,0004,,,일반건축물,제2종근린생활시설,제2종근린생활시설 외2,578,288.84,1554.32,20061128,4,1,서울특별시 송파구 석촌동 157-4번지
11710,10500,0,0157,0005,석촌동 다세대,,표제부,공동주택,다세대주택(9세대),254.2,146.16,545.7,20011015,5,0,서울특별시 송파구 석촌동 157-5번지
11710,10500,0,0157,0006,,,표제부,공동주택,"다세대주택(7세대), 근린생활시설",330,189.08,831.01,20001014,5,0,서울특별시 송파구 석촌동 157-6번지
11710,10500,0,0157,0009,,,표제부,공동주택,공동주택,342,191.85,656.36,20020813,5,0,서울특별시 송파구 석촌동 157-9번지
11710,10500,0,0158,0000,호텔 레이크,,일반건축물,숙박시설,숙박시설(관광호텔),1366.3,781.62,9977.74,20021203,10,4,서울특별시 송파구 석촌동 158번지
11710,10500,0,0158,0002,,,일반건축물,업무시설,"업무시설, 근린생활시설",811.2,404.2,5716.43,19910727,10,3,서울특별시 송파구 석촌동 158-2번지
11710,10500,0,0158,0003,,,일반건축물,업무시설,업무시설 외2,760.3,448.09,3916.84,20070914,10,2,서울특별시 송파구 석촌동 158-3번지
11710,10500,0,0158,0004,,,일반건축물,제2종근린생활시설,근린생활시설,1140.6,419.75,508.78,19900611,2,1,서울특별시 송파구 석촌동 158-4번지
11710,10500,0,0158,0005,미켈란 호수家,,표제부,공동주택,공동주택(아파트) 외2,2728.6,1014.29,21056.65,20070329,26,4,서울특별시 송파구 석촌동 158-5번지
11710,10500,0,0158,0007,,,일반건축물,제1종근린생활시설,"근린생활시설,",622.97,0,1593,19841228,4,1,서울특별시 송파구 석촌동 158-7번지
11710,10500,0,0159,0000,,,표제부,공동주택,다세대주택(7세대),191.8,114.97,448.39,20011107,5,0,서울특별시 송파구 석촌동 159번지
11710,10500,0,0159,0001,불광유치원,,일반건축물,노유자시설,노유자시설,393.4,196.34,1074.88,20090220,4,1,서울특별시 송파구 석촌동 159-1번지
11710,10500,0,0159,0002,,,표제부,공동주택,"다세대주택, 제2종근린생활시설",311.6,182.02,748.1,20000830,6,1,서울특별시 송파구 석촌동 159-2번지
11710,10500,0,0159,0003,,,표제부,공동주택,공동주택,338,200.34,659.24,20020926,5,0,서울특별시 송파구 석촌동 159-3번지
11710,10500,0,0159,0004,,,표제부,공동주택,다세대주택,283.6,138.92,537.72,19920131,3,1,서울특별시 송파구 석촌동 159-4번지
11710,10500,0,0159,0005,,,표제부,공동주택,다세대주택,285.8,161.03,659.38,19920305,4,1,서울특별시 송파구 석촌동 159-5번지
11710,10500,0,0159,0006,파크타운,,표제부,공동주택,공동주택(다세대주택),283.4,169.77,583.04,20041015,5,0,서울특별시 송파구 석촌동 159-6번지
11710,10500,0,0159,0007,,,표제부,공동주택,다세대주택,159.1,95.36,288.4,20131219,4,0,서울특별시 송파구 석촌동 159-7번지
11710,10500,0,0159,0008,,,표제부,공동주택,다세대주택,167,99.83,295.24,20141119,4,0,서울특별시 송파구 석촌동 159-8번지
11710,10500,0,0159,0009,,,표제부,공동주택,공동주택(다세대주택),256,159.66,544.51,20110225,5,0,서울특별시 송파구 석촌동 159-9번지
11710,10500,0,0159,0010,,,표제부,공동주택,다세대주택,196.4,98,387.17,20090204,5,0,서울특별시 송파구 석촌동 159-10번지
11710,10500,0,0160,0000,건영레미안,,표제부,공동주택,공동주택(다세대주택),218.1,130.02,502.68,20040618,5,0,서울특별시 송파구 석촌동 160번지
11710,10500,0,0160,0001,불광사 중창불사,,일반건축물,교육연구시설,종교시설,2112.2,1040.97,9665.46,20131011,6,5,서울특별시 송파구 석촌동 160-1번지
11710,10500,0,0160,0005,,,일반건축물,제2종근린생활시설,제2종근린생활시설(사무소),343.4,154.83,343.98,19801216,2,1,서울특별시 송파구 석촌동 160-5번지
11710,10500,0,0160,0006,,,일반건축물,단독주택,단독주택,0,0,290,19831013,2,1,서울특별시 송파구 석촌동 160-6번지
11710,10500,0,0160,0007,,,일반건축물,제1종근린생활시설,근린생활시설및주택,0,0,522.9,19901105,5,1,서울특별시 송파구 석촌동 160-7번지
11710,10500,0,0161,0000,,,표제부,공동주택,연립주택,0,0,1582.64,19901211,3,1,서울특별시 송파구 석촌동 161번지
11710,10500,0,0161,0001,,,일반건축물,단독주택,단독주택,165.5,98.74,330.83,20131209,5,0,서울특별시 송파구 석촌동 161-1번지
11710,10500,0,0161,0002,청호센트레빌,,표제부,공동주택,공동주택,208.7,124.42,505.91,20020423,5,0,서울특별시 송파구 석촌동 161-2번지
11710,10500,0,0161,0003,,,표제부,공동주택,공동주택,191.7,129.2,474.76,20020122,5,0,서울특별시 송파구 석촌동 161-3번지
11710,10500,0,0161,0004,영서빌딩,,표제부,제2종근린생활시설,근린생활시설외1,387.8,190.57,1357.82,19931228,6,1,서울특별시 송파구 석촌동 161-4번지
11710,10500,0,0161,0005,,,표제부,공동주택,공동주택,264.5,158.48,613.19,20021014,6,0,서울특별시 송파구 석촌동 161-5번지
11710,10500,0,0161,0007,,,일반건축물,단독주택,다가구용단독주택,0,0,527.1,19901024,3,1,서울특별시 송파구 석촌동 161-7번지
11710,10500,0,0161,0010,,,표제부,공동주택,공동주택(다세대주택),247.9,167.81,563.1,20040708,5,0,서울특별시 송파구 석촌동 161-10번지
11710,10500,0,0161,0011,석란 빌라,,표제부,공동주택,공동주택,248,150.37,521.26,20040203,5,0,서울특별시 송파구 석촌동 161-11번지
11710,10500,0,0161,0012,,,일반건축물,제1종근린생활시설,"근린생활시설, 주택",263.3,0,490.42,19840726,3,1,서울특별시 송파구 석촌동 161-12번지
11710,10500,0,0161,0013,미주빌라,,표제부,공동주택,공동주택,207.8,124.16,436.12,20030616,5,0,서울특별시 송파구 석촌동 161-13번지
11710,10500,0,0162,0000,오봉산경로당,,일반건축물,노유자시설,노인정,0,0,106.84,19900427,2,0,서울특별시 송파구 석촌동 162번지
11710,10500,0,0163,0000,,,표제부,공동주택,다세대주택,249.7,125.62,599.98,19910925,4,1,서울특별시 송파구 석촌동 163번지
11710,10500,0,0163,0001,,,일반건축물,제2종근린생활시설,근린생활시설,0,0,653.67,19870622,4,1,서울특별시 송파구 석촌동 163-1번지
11710,10500,0,0163,0002,,,일반건축물,제2종근린생활시설,"제1,2종근린생활시설",285.7,140.93,673.6,19870905,5,1,서울특별시 송파구 석촌동 163-2번지
11710,10500,0,0163,0003,스카이빌,,표제부,공동주택,공동주택,204.3,122.08,424.61,20021128,5,0,서울특별시 송파구 석촌동 163-3번지
11710,10500,0,0163,0004,잠실빌리지,,표제부,공동주택,다세대주택,442.1,253.6,726.55,20181105,5,0,서울특별시 송파구 석촌동 163-4번지
11710,10500,0,0163,0005,,,표제부,공동주택,공동주택,275.6,162.49,582.39,20090226,5,0,서울특별시 송파구 석촌동 163-5번지
11710,10500,0,0163,0006,미래하이츠,,표제부,공동주택,공동주택(다세대주택),242.1,145.25,483.11,20210826,5,0,서울특별시 송파구 석촌동 163-6번지
11710,10500,0,0163,0007,,,일반건축물,단독주택,다가구주택(9가구),235.3,139.53,530.05,19971011,3,1,서울특별시 송파구 석촌동 163-7번지
11710,10500,0,0163,0008,,,일반건축물,단독주택,"다가구주택(11가구), 근린생활시설",235.4,140.95,490.62,20010410,4,0,서울특별시 송파구 석촌동 163-8번지
11710,10500,0,0163,0009,,,일반건축물,단독주택,다가구주택(15가구),296.2,177.58,643.16,19941103,3,1,서울특별시 송파구 석촌동 163-9번지
11710,10500,0,0163,0010,,,표제부,공동주택,공동주택,228.1,162.98,594.79,20040507,6,0,서울특별시 송파구 석촌동 163-10번지
11710,10500,0,0163,0011,,,표제부,공동주택,공동주택,204.3,122.36,475.69,20020923,6,0,서울특별시 송파구 석촌동 163-11번지
11710,10500,0,0163,0013,,,일반건축물,제1종근린생활시설,근린생활시설,165.3,85.2,85.2,20181212,1,0,서울특별시 송파구 석촌동 163-13번지
11710,10500,0,0164,0000,청솔레이크아파트,,표제부,공동주택,공동주택,345,201.93,958.13,20040106,6,0,서울특별시 송파구 석촌동 164번지
11710,10500,0,0164,0001,,,표제부,공동주택,다세대주택,181.7,103.67,351.781,20160907,5,0,서울특별시 송파구 석촌동 164-1번지
11710,10500,0,0164,0002,청풍빌,,표제부,공동주택,공동주택,193.1,102.85,385.48,20040324,5,0,서울특별시 송파구 석촌동 164-2번지
11710,10500,0,0164,0003,,,표제부,공동주택,공동주택,181.8,108.33,411.34,20020326,4,0,서울특별시 송파구 석촌동 164-3번지
11710,10500,0,0164,0004,그랜드하이츠C,,표제부,공동주택,공동주택,272.6,163.52,627.83,20031020,5,0,서울특별시 송파구 석촌동 164-4번지
11710,10500,0,0164,0005,서광아트빌,,표제부,공동주택,공동주택,237.3,141.96,497.28,20030724,5,0,서울특별시 송파구 석촌동 164-5번지
11710,10500,0,0164,0006,,,표제부,공동주택,공동주택,325,193.34,657.08,20031113,5,0,서울특별시 송파구 석촌동 164-6번지
11710,10500,0,0164,0007,,,표제부,공동주택,공동주택,198.5,118.4,384.22,20030903,4,0,서울특별시 송파구 석촌동 164-7번지
11710,10500,0,0164,0008,,,표제부,공동주택,도시형생활주택(원룸형),296,177.48,589.73,20210203,5,0,서울특별시 송파구 석촌동 164-8번지
11710,10500,0,0164,0009,,,표제부,공동주택,공동주택,170.6,101.84,342.51,20030203,4,0,서울특별시 송파구 석촌동 164-9번지
11710,10500,0,0164,0010,,,표제부,공동주택,공동주택,198.4,113.52,374.19,20021218,5,0,서울특별시 송파구 석촌동 164-10번지
11710,10500,0,0164,0011,,,일반건축물,단독주택,다가구주택(8가구) 외 1,208.1,124.56,414.46,20100914,5,0,서울특별시 송파구 석촌동 164-11번지
11710,10500,0,0164,0012,,,일반건축물,단독주택,단독주택,184.3,91.67,249.67,19870609,2,1,서울특별시 송파구 석촌동 164-12번지
11710,10500,0,0164,0013,베아뚜스 비타,,표제부,공동주택,"다세대주택,근린생활시설",193.4,115.44,351.22,20200818,5,0,서울특별시 송파구 석촌동 164-13번지
11710,10500,0,0164,0014,,,표제부,공동주택,공동주택외1,198.4,115.24,415.94,20021207,4,0,서울특별시 송파구 석촌동 164-14번지
11710,10500,0,0164,0015,동남빌리지,,표제부,공동주택,공동주택,205.6,123.24,423.12,20021113,5,0,서울특별시 송파구 석촌동 164-15번지
11710,10500,0,0164,0016,해피빌원,,표제부,공동주택,공동주택(다세대주택),205.3,122.78,499.6,20040909,5,0,서울특별시 송파구 석촌동 164-16번지
11710,10500,0,0164,0017,리치빌,,표제부,공동주택,공동주택,193,102.85,451.09,20040324,5,0,서울특별시 송파구 석촌동 164-17번지
11710,10500,0,0164,0018,,,표제부,공동주택,공동주택,255.7,155.03,589.64,20030106,6,0,서울특별시 송파구 석촌동 164-18번지
11710,10500,0,0164,0019,,,표제부,공동주택,다세대주택,209.9,76.47,299.52,19910813,3,1,서울특별시 송파구 석촌동 164-19번지
11710,10500,0,0164,0020,,,표제부,공동주택,공동주택(다세대주택),205.4,121.5,402.32,20040812,5,0,서울특별시 송파구 석촌동 164-20번지
11710,10500,0,0164,0021,해피빌투,,표제부,공동주택,공동주택(다세대주택),205.5,122.72,411.18,20040915,5,0,서울특별시 송파구 석촌동 164-21번지
11710,10500,0,0164,0024,,,표제부,공동주택,공동주택,209.6,124.7,404.07,20151127,5,0,서울특별시 송파구 석촌동 164-24번지
11710,10500,0,0164,0025,그랜드빌라,,표제부,공동주택,공동주택,246.6,147.61,513.4,20041229,5,0,서울특별시 송파구 석촌동 164-25번지
11710,10500,0,0164,0026,그랜드빌라A동,,표제부,공동주택,공동주택,247.3,147.61,533.78,20050329,5,0,서울특별시 송파구 석촌동 164-26번지
11710,10500,0,0164,0027,알콩달콩 하우스,,표제부,공동주택,"공동주택,근린생활시설",196.5,117.55,353.82,20201124,5,0,서울특별시 송파구 석촌동 164-27번지
11710,10500,0,0164,0028,,,표제부,공동주택,공동주택,193.72,115.44,398.95,20030905,4,0,서울특별시 송파구 석촌동 164-28번지
11710,10500,0,0164,0029,,,표제부,공동주택,공동주택(다세대주택),209.7,125.55,399.36,20071010,5,0,서울특별시 송파구 석촌동 164-29번지
11710,10500,0,0164,0031,그랜드하이츠D,,표제부,공동주택,공동주택,272.8,162.02,620.01,20031030,5,0,서울특별시 송파구 석촌동 164-31번지
11710,10500,0,0164,0032,그랜드하이츠B,,표제부,공동주택,공동주택,272.7,163.58,626.38,20031002,5,0,서울특별시 송파구 석촌동 164-32번지
11710,10500,0,0164,0033,그랜드하이츠A,,표제부,공동주택,공동주택,272.7,163.58,628.72,20031022,5,0,서울특별시 송파구 석촌동 164-33번지
11710,10500,0,0165,0000,금성빌라,,표제부,공동주택,공동주택(다세대주택),255.2,150.96,590.68,20050905,5,0,서울특별시 송파구 석촌동 165번지
11710,10500,0,0165,0001,,,표제부,공동주택,다세대주택(6세대),254.2,135.83,401.1,19910322,2,1,서울특별시 송파구 석촌동 165-1번지
11710,10500,0,0165,0002,,,일반건축물,단독주택,다가구주택(6가구),247.5,143.19,511.62,19951118,3,1,서울특별시 송파구 석촌동 165-2번지
11710,10500,0,0165,0003,뉴보금자리,,표제부,공동주택,공동주택(다세대주택),247.4,148.32,493.01,20130830,5,0,서울특별시 송파구 석촌동 165-3번지
11710,10500,0,0165,0004,,,일반건축물,단독주택,다가구주택(9가구),247.8,147.55,532.24,19971114,3,1,서울특별시 송파구 석촌동 165-4번지
11710,10500,0,0165,0005,,,표제부,공동주택,다세대주택,247.7,123.92,456.39,19920110,3,1,서울특별시 송파구 석촌동 165-5번지
11710,10500,0,0165,0006,,,일반건축물,단독주택,단독주택,0,0,288.9,19880203,2,1,서울특별시 송파구 석촌동 165-6번지
11710,10500,0,0165,0007,,,일반건축물,제2종근린생활시설,"근린생활시설, 주택",0,0,835.38,19870917,5,1,서울특별시 송파구 석촌동 165-7번지
11710,10500,0,0165,0008,석촌파크빌Ⅲ,,표제부,공동주택,다세대주택-도시형생활주택(원룸형주택),204.4,122.4,407.71,20210517,5,0,서울특별시 송파구 석촌동 165-8번지
11710,10500,0,0165,0009,,,표제부,공동주택,다세대주택(9세대),204.2,121.6,480.52,20011217,5,0,서울특별시 송파구 석촌동 165-9번지
11710,10500,0,0165,0010,명훈파크빌,,표제부,공동주택,도시형생활주택(단지형다세대주택),408.5,213.25,814.19,20180419,7,0,서울특별시 송파구 석촌동 165-10번지
11710,10500,0,0165,0012,,,일반건축물,단독주택,다가구주택(11가구),204.3,121.98,442.96,19951004,3,1,서울특별시 송파구 석촌동 165-12번지
11710,10500,0,0165,0013,,,일반건축물,단독주택,다가구주택(10가구),204.2,115.73,418.01,19960829,3,1,서울특별시 송파구 석촌동 165-13번지
11710,10500,0,0165,0014,,,일반건축물,단독주택,다가구주택(5가구) 외1,296.5,177.82,874.64,20030926,5,0,서울특별시 송파구 석촌동 165-14번지
11710,10500,0,0166,0000,,,일반건축물,제2종근린생활시설,제2종근린생활시설,0,0,260.21,19850514,2,1,서울특별시 송파구 석촌동 166번지
11710,10500,0,0166,0001,,,표제부,공동주택,다세대주택,182.1,109.12,362.89,20140612,5,0,서울특별시 송파구 석촌동 166-1번지
11710,10500,0,0166,0002,,,일반건축물,단독주택,다가구용단독주택(9가구),198.4,118.68,450.46,19961219,3,1,서울특별시 송파구 석촌동 166-2번지
11710,10500,0,0166,0003,,,표제부,공동주택,다세대주택,297.5,175.45,583.2,20160803,5,0,서울특별시 송파구 석촌동 166-3번지
11710,10500,0,0166,0004,,,일반건축물,단독주택,"다가구주택,근린생활시설",229.4,133.58,607.15,20030422,4,1,서울특별시 송파구 석촌동 166-4번지
11710,10500,0,0166,0005,,,표제부,공동주택,공동주택,198.2,121.11,412.4,20031222,5,0,서울특별시 송파구 석촌동 166-5번지
11710,10500,0,0166,0006,,,표제부,공동주택,공동주택,198.1,119.04,450.93,20031108,5,0,서울특별시 송파구 석촌동 166-6번지
11710,10500,0,0166,0007,,,일반건축물,단독주택,다가구주택(7가구),214.8,123.64,310.89,19940616,2,1,서울특별시 송파구 석촌동 166-7번지
11710,10500,0,0166,0008,,,표제부,공동주택,공동주택(다세대주택),213,123.51,473.19,20040730,5,0,서울특별시 송파구 석촌동 166-8번지
11710,10500,0,0166,0009,,,표제부,공동주택,공동주택(다세대주택),178.5,106.94,429.52,20020529,5,0,서울특별시 송파구 석촌동 166-9번지
11710,10500,0,0166,0012,,,표제부,공동주택,공동주택외 1,593.3,336.02,1661.41,20130613,5,1,서울특별시 송파구 석촌동 166-12번지
11710,10500,0,0166,0013,청솔,,표제부,공동주택,공동주택,181.8,108.68,425.05,20040119,5,0,서울특별시 송파구 석촌동 166-13번지
11710,10500,0,0166,0014,,,표제부,공동주택,공동주택,181.8,107.43,453.93,20040216,5,0,서울특별시 송파구 석촌동 166-14번지
11710,10500,0,0166,0015,,,일반건축물,단독주택,다가구주택(10가구),181.9,109,417.87,19960823,3,1,서울특별시 송파구 석촌동 166-15번지
11710,10500,0,0166,0020,,,표제부,공동주택,공동주택,191,126.65,525.92,20020325,6,0,서울특별시 송파구 석촌동 166-20번지
11710,10500,0,0166,0021,,,표제부,공동주택,다세대주택(9세대),178.5,105.71,430.58,20011203,5,0,서울특별시 송파구 석촌동 166-21번지
11710,10500,0,0166,0022,,,일반건축물,단독주택,"주택,근린생활시설",250,133.17,388.07,19920829,3,1,서울특별시 송파구 석촌동 166-22번지
11710,10500,0,0170,0000,,,표제부,공동주택,다세대주택(10세대),0,0,329,19861128,2,1,서울특별시 송파구 석촌동 170번지
11710,10500,0,0170,0001,,,일반건축물,단독주택,단독주택,0,0,261.15,19880201,2,1,서울특별시 송파구 석촌동 170-1번지
11710,10500,0,0170,0002,,,표제부,공동주택,공동주택,186,111,449.14,20020626,5,0,서울특별시 송파구 석촌동 170-2번지
11710,10500,0,0170,0003,,,일반건축물,제2종근린생활시설,근린생활시설,483.5,148.56,165.07,19920430,1,1,서울특별시 송파구 석촌동 170-3번지
11710,10500,0,0170,0004,,,일반건축물,단독주택,다가구용단독주택(13가구),238,141.68,495.44,19960629,3,1,서울특별시 송파구 석촌동 170-4번지
11710,10500,0,0170,0005,석촌빌라,,표제부,공동주택,공동주택(다세대주택),201.1,120.32,412.78,20040726,5,0,서울특별시 송파구 석촌동 170-5번지
11710,10500,0,0170,0006,,,표제부,공동주택,공동주택(다세대주택),201,120.12,395.26,20130805,5,0,서울특별시 송파구 석촌동 170-6번지
11710,10500,0,0170,0007,,,표제부,공동주택,"공동주택(도시형생활주택원룸형,다세대주택)",334,195.92,686.87,20120724,5,0,서울특별시 송파구 석촌동 170-7번지
11710,10500,0,0170,0008,,,표제부,공동주택,다세대주택,239.6,142.42,476.06,20131231,5,0,서울특별시 송파구 석촌동 170-8번지
11710,10500,0,0170,0009,,,표제부,공동주택,공동주택 외 1,330.8,197.12,940.93,20021221,5,0,서울특별시 송파구 석촌동 170-9번지
11710,10500,0,0170,0010,동남하이츠빌,,표제부,공동주택,공동주택,300.8,179.74,657.97,20030507,5,0,서울특별시 송파구 석촌동 170-10번지
11710,10500,0,0170,0011,,,표제부,공동주택,공동주택,186,110.99,434.55,20031008,5,0,서울특별시 송파구 석촌동 170-11번지
11710,10500,0,0170,0012,,,일반건축물,단독주택,다가구용단독주택(11가구),186.1,110.12,419.36,19971001,3,1,서울특별시 송파구 석촌동 170-12번지
11710,10500,0,0170,0013,이마주택,,표제부,공동주택,공동주택(다세대주택),210.6,123.12,478.76,20110609,5,0,서울특별시 송파구 석촌동 170-13번지
11710,10500,0,0170,0014,,,일반건축물,단독주택,다가구용단독주택(10가구),210.6,125.58,493.86,19971018,3,1,서울특별시 송파구 석촌동 170-14번지
11710,10500,0,0170,0016,석촌빌라,,표제부,공동주택,공동주택(다세대주택),217.5,133.85,501.18,20040730,6,0,서울특별시 송파구 석촌동 170-16번지
11710,10500,0,0171,0000,잠실맨션,,표제부,공동주택,공동주택(다세대주택),189.8,113.76,431.4,20041013,5,0,서울특별시 송파구 석촌동 171번지
11710,10500,0,0171,0001,,,표제부,공동주택,공동주택,214.8,128.48,515.86,20031204,5,0,서울특별시 송파구 석촌동 171-1번지
11710,10500,0,0171,0002,,,표제부,공동주택,다세대주택(9세대),0,0,658.41,19920506,4,1,서울특별시 송파구 석촌동 171-2번지
11710,10500,0,0171,0003,,,표제부,공동주택,다세대주택,181.8,108.98,363.38,20180730,5,0,서울특별시 송파구 석촌동 171-3번지
11710,10500,0,0171,0004,,,표제부,공동주택,다세대주택,184.2,110.4,411.05,20100826,5,0,서울특별시 송파구 석촌동 171-4번지
11710,10500,0,0171,0006,,,표제부,공동주택,다세대주택,0,0,329.98,19860703,3,1,서울특별시 송파구 석촌동 171-6번지
11710,10500,0,0171,0007,,,표제부,공동주택,공동주택,181.9,108.18,421.2,20040203,5,0,서울특별시 송파구 석촌동 171-7번지
11710,10500,0,0171,0008,,,표제부,공동주택,공동주택,181.9,108.18,421.2,20040109,5,0,서울특별시 송파구 석촌동 171-8번지
11710,10500,0,0171,0009,,,일반건축물,제1종근린생활시설,근린생활시설,283.5,140.22,158.22,19920430,1,1,서울특별시 송파구 석촌동 171-9번지
11710,10500,0,0171,0010,,,표제부,공동주택,다세대주택,214.8,128.14,518.14,20021014,5,0,서울특별시 송파구 석촌동 171-10번지
11710,10500,0,0171,0011,,,일반건축물,제1종근린생활시설,근린생활시설 외2,0,0,979.08,19841222,3,1,서울특별시 송파구 석촌동 171-11번지
11710,10500,0,0171,0012,석촌쉐르빌,,표제부,공동주택,다세대주택,341.8,204.84,690.5,20071228,6,0,서울특별시 송파구 석촌동 171-12번지
11710,10500,0,0171,0013,,,표제부,공동주택,공동주택,170.9,102.46,327.47,20230510,5,0,서울특별시 송파구 석촌동 171-13번지
11710,10500,0,0171,0015,,,표제부,공동주택,공동주택,181.9,108.18,421.28,20040203,5,0,서울특별시 송파구 석촌동 171-15번지
11710,10500,0,0171,0017,,,표제부,공동주택,공동주택,182.9,108.18,413.58,20040109,5,0,서울특별시 송파구 석촌동 171-17번지
11710,10500,0,0171,0018,,,표제부,공동주택,다세대주택,0,0,329.87,19860704,3,1,서울특별시 송파구 석촌동 171-18번지
11710,10500,0,0171,0019,봉 스마트빌,,표제부,공동주택,공동주택(다세대주택),181.7,108.8,360.82,20130729,5,0,서울특별시 송파구 석촌동 171-19번지
11710,10500,0,0171,0020,,,일반건축물,단독주택,단독주택,0,0,249.87,19880622,2,1,서울특별시 송파구 석촌동 171-20번지
11710,10500,0,0171,0021,,,표제부,공동주택,공동주택,184.4,110.26,366.17,20140923,5,0,서울특별시 송파구 석촌동 171-21번지
11710,10500,0,0172,0000,,,표제부,공동주택,다세대주택,0,0,329.63,19860619,3,1,서울특별시 송파구 석촌동 172번지
11710,10500,0,0172,0001,대산하이빌,,표제부,공동주택,다세대주택,216.2,107.08,464.23,20080324,6,0,서울특별시 송파구 석촌동 172-1번지
11710,10500,0,0172,0002,,,표제부,공동주택,다세대주택,185.1,92.4,331.98,20170801,5,0,서울특별시 송파구 석촌동 172-2번지
11710,10500,0,0172,0003,,,표제부,공동주택,다세대주택,190.8,95.38,355.04,20170801,5,0,서울특별시 송파구 석촌동 172-3번지
11710,10500,0,0172,0004,써니빌,,표제부,공동주택,"공동주택(도시형생활주택,다세대주택)외 1",208,103.72,461.56,20120628,5,0,서울특별시 송파구 석촌동 172-4번지
11710,10500,0,0172,0005,,,일반건축물,단독주택,다가구주택(4가구)외2,266.6,156.66,719.83,20041022,5,0,서울특별시 송파구 석촌동 172-5번지
11710,10500,0,0172,0006,,,일반건축물,단독주택,"근린생활시설, 다가구주택",295.2,146.25,771.67,19871006,5,1,서울특별시 송파구 석촌동 172-6번지
11710,10500,0,0172,0007,,,표제부,공동주택,다세대주택,216.2,129.46,521.15,20011222,5,0,서울특별시 송파구 석촌동 172-7번지
11710,10500,0,0172,0008,,,표제부,공동주택,공동주택,173,102.32,407.21,20031227,6,0,서울특별시 송파구 석촌동 172-8번지
11710,10500,0,0172,0011,,,표제부,공동주택,공동주택(다세대주택),216.1,129.55,453.47,20060712,6,0,서울특별시 송파구 석촌동 172-11번지
11710,10500,0,0172,0012,제이쉐르빌,,표제부,공동주택,다세대주택,216.3,107.34,399.52,20171027,5,0,서울특별시 송파구 석촌동 172-12번지
11710,10500,0,0172,0013,,,표제부,공동주택,다세대주택,0,0,329.63,19860702,3,1,서울특별시 송파구 석촌동 172-13번지
11710,10500,0,0172,0014,,,표제부,공동주택,다세대주택,0,0,246.6,19860704,2,1,서울특별시 송파구 석촌동 172-14번지
11710,10500,0,0172,0016,,,표제부,공동주택,공동주택,173,101.38,398.46,20031027,5,0,서울특별시 송파구 석촌동 172-16번지
11710,10500,0,0172,0017,,,표제부,공동주택,공동주택,345.8,183.54,659.43,20020924,5,0,서울특별시 송파구 석촌동 172-17번지
11710,10500,0,0172,0019,,,표제부,공동주택,공동주택,173,102.95,398.28,20020723,5,0,서울특별시 송파구 석촌동 172-19번지
11710,10500,0,0172,0020,,,표제부,공동주택,다세대주택,172.9,86.27,319.95,20160728,5,0,서울특별시 송파구 석촌동 172-20번지
11710,10500,0,0172,0021,,,표제부,공동주택,다세대주택 및 근린생활시설,172.9,86.4,322.39,20160722,5,0,서울특별시 송파구 석촌동 172-21번지
11710,10500,0,0172,0022,,,표제부,공동주택,다세대주택,172.9,86.4,328.65,20171102,5,0,서울특별시 송파구 석촌동 172-22번지
11710,10500,0,0172,0023,,,표제부,공동주택,다세대주택,172.9,86.27,323.45,20171012,5,0,서울특별시 송파구 석촌동 172-23번지
11710,10500,0,0172,0024,솔하우스,,표제부,공동주택,다세대주택,173,84.34,316.45,20080212,6,0,서울특별시 송파구 석촌동 172-24번지
11710,10500,0,0173,0000,현도빌딩,,일반건축물,업무시설,"업무시설, 근린생활시설, 노유자시설",608,303.13,2090.53,20160803,6,2,서울특별시 송파구 석촌동 173번지
11710,10500,0,0173,0001,루컴스 힐 더 테라스,,표제부,업무시설,"공동주택(도시형생활주택),업무시설(오피스텔)",1731.2,265.3965,2379.3769,20241018,10,2,서울특별시 송파구 석촌동 173-1번지
11710,10500,0,0173,0001,루컴스 힐 더 테라스,,표제부,제1종근린생활시설,"제1,2종근린생활시설",1731.2,84.838,472.2634,20241018,1,2,서울특별시 송파구 석촌동 173-1번지
11710,10500,0,0173,0001,루컴스 힐 더 테라스,,표제부,공동주택,공동주택(도시형생활주택),1731.2,248.7195,2254.4259,20241018,8,2,서울특별시 송파구 석촌동 173-1번지
11710,10500,0,0173,0001,루컴스 힐 더 테라스,,표제부,업무시설,"공동주택(도시형생활주택),업무시설(오피스텔)",1731.2,265.4689,2379.9386,20241018,10,2,서울특별시 송파구 석촌동 173-1번지
11710,10500,0,0173,0002,리치 팰리스,,표제부,공동주택,다세대주택 및 근린생활시설,165.2,82.3,324.29,20211214,5,0,서울특별시 송파구 석촌동 173-2번지
11710,10500,0,0173,0003,,,표제부,공동주택,다세대주택,173.5,86.4,335.49,20171023,5,0,서울특별시 송파구 석촌동 173-3번지
11710,10500,0,0173,0004,,,표제부,공동주택,공동주택,167.4,99.2,392.25,20040203,5,0,서울특별시 송파구 석촌동 173-4번지
11710,10500,0,0173,0005,,,일반건축물,제2종근린생활시설,근린생활시설외1,351.6,174.96,947.715,19861218,4,1,서울특별시 송파구 석촌동 173-5번지
11710,10500,0,0173,0006,,,일반건축물,제2종근린생활시설,근린생활시설,0,0,135.63,19870217,0,1,서울특별시 송파구 석촌동 173-6번지
11710,10500,0,0173,0007,,,일반건축물,제2종근린생활시설,근린생활시설,271.6,0,133.59,19830601,0,1,서울특별시 송파구 석촌동 173-7번지
11710,10500,0,0173,0008,나동,,일반건축물,제1종근린생활시설,근린생활시설,0,66,66,20020930,1,0,서울특별시 송파구 석촌동 173-8번지
11710,10500,0,0173,0008,가동,,일반건축물,제1종근린생활시설,근린생활시설,1537.4,396.18,1294.56,19930730,3,1,서울특별시 송파구 석촌동 173-8번지
11710,10500,0,0173,0011,보보스빌,,표제부,공동주택,다세대주택 및 제2종근린생활시설,173.5,85.76,337.11,20170911,5,0,서울특별시 송파구 석촌동 173-11번지
11710,10500,0,0173,0012,,,표제부,공동주택,다세대주택,173.4,86.48,313.42,20180126,5,0,서울특별시 송파구 석촌동 173-12번지
11710,10500,0,0174,0000,,,일반건축물,제2종근린생활시설,근린생활시설,673,335.4,663.72,19940205,2,1,서울특별시 송파구 석촌동 174번지
11710,10500,0,0174,0001,두암빌딩,,일반건축물,업무시설,업무시설 외2,1257.2,596.85,7528.81,19950516,9,3,서울특별시 송파구 석촌동 174-1번지
11710,10500,0,0174,0002,,,일반건축물,업무시설,"업무시설, 교육연구시설, 근린생활시설, 운동시설",1863.3,768.84,13195.04,19930928,11,4,서울특별시 송파구 석촌동 174-2번지
11710,10500,0,0174,0004,근양프라자,,일반건축물,제2종근린생활시설,제2종근린생활시설,399.7,168,336,20180328,2,0,서울특별시 송파구 석촌동 174-4번지
11710,10500,0,0174,0010,덕일빌딩,,일반건축물,제2종근린생활시설,"근린생활시설, 교육연구시설",454.5,271.51,2126.75,19950902,8,1,서울특별시 송파구 석촌동 174-10번지
11710,10500,0,0174,0012,영준빌딩,,일반건축물,제1종근린생활시설,교육연구시설외 2,398.4,193.38,1512.79,19910913,7,1,서울특별시 송파구 석촌동 174-12번지
11710,10500,0,0174,0013,한솔병원,,일반건축물,의료시설,의료시설,0,231.66,2636.29,19980320,7,4,서울특별시 송파구 석촌동 174-13번지
11710,10500,0,0174,0015,현재빌딩,,일반건축물,제2종근린생활시설,근린생활시설,0,0,808.4,19861124,4,1,서울특별시 송파구 석촌동 174-15번지
11710,10500,0,0175,0000,,,일반건축물,제2종근린생활시설,"근린생활시설, 주택",0,0,872.22,19881114,5,1,서울특별시 송파구 석촌동 175번지
11710,10500,0,0175,0001,,,표제부,공동주택,다세대주택,264.5,152.63,659.48,19930824,4,1,서울특별시 송파구 석촌동 175-1번지
11710,10500,0,0175,0002,,,표제부,공동주택,공동주택외2,214.9,127.86,756.24,20040316,7,0,서울특별시 송파구 석촌동 175-2번지
11710,10500,0,0175,0003,,,일반건축물,제1종근린생활시설,"근린생활시설, 주택",0,0,752.76,19860613,4,1,서울특별시 송파구 석촌동 175-3번지
11710,10500,0,0175,0004,,,표제부,제2종근린생활시설,제2종근린생활시설외1,198.3,118,713.22,20050902,7,0,서울특별시 송파구 석촌동 175-4번지
11710,10500,0,0175,0005,,,표제부,공동주택,다세대주택,208.3,107.58,476.54,19940504,4,1,서울특별시 송파구 석촌동 175-5번지
11710,10500,0,0175,0006,,,표제부,업무시설,업무시설,297.1,177.87,1065.24,20041215,7,0,서울특별시 송파구 석촌동 175-6번지
11710,10500,0,0175,0007,,,표제부,업무시설,업무시설,297.6,178.45,1064.02,20041216,7,0,서울특별시 송파구 석촌동 175-7번지
11710,10500,0,0175,0008,송원빌딩,,표제부,제2종근린생활시설,제2종근린생활시설외1,182,108.29,688.93,20040924,7,0,서울특별시 송파구 석촌동 175-8번지
11710,10500,0,0175,0009,디엠빌딩,,일반건축물,제2종근린생활시설,근린생활시설,214.9,124.2,702.36,20040503,6,0,서울특별시 송파구 석촌동 175-9번지
11710,10500,0,0175,0010,,,일반건축물,제2종근린생활시설,근린생활시설,657.2,266.18,1551.84,19881217,4,1,서울특별시 송파구 석촌동 175-10번지
11710,10500,0,0175,0012,석촌트럼프월드,,표제부,공동주택,"다세대주택, 오피스텔, 근린생활시설",389.6,227.51,1667.55,20160428,8,1,서울특별시 송파구 석촌동 175-12번지
11710,10500,0,0176,0000,,,일반건축물,제2종근린생활시설,"근린생활시설, 주택",222.4,111.18,639.48,19930125,5,1,서울특별시 송파구 석촌동 176번지
11710,10500,0,0176,0001,,,표제부,공동주택,공동주택,230,137.39,547.49,20040119,5,0,서울특별시 송파구 석촌동 176-1번지
11710,10500,0,0176,0002,,,표제부,공동주택,다세대주택(7세대),177.1,105.9,363.14,20010803,4,0,서울특별시 송파구 석촌동 176-2번지
11710,10500,0,0176,0003,한솔병원 소화기 센터,,일반건축물,의료시설,의료시설,724.47,359.33,3558.02,20130702,7,4,서울특별시 송파구 석촌동 176-3번지
11710,10500,0,0176,0005,두현빌,,표제부,공동주택,공동주택(다세대주택),228,134.67,448.16,20061108,5,0,서울특별시 송파구 석촌동 176-5번지
11710,10500,0,0176,0006,서희빌딩,,표제부,제1종근린생활시설,"제1,2종근린생활시설 및 공동주택(도시형생활주택/다세대주택)",220.4,132.18,609.42,20131106,5,1,서울특별시 송파구 석촌동 176-6번지
11710,10500,0,0176,0008,,,일반건축물,제2종근린생활시설,제2종근린생활시설,179.9,86.98,249.75,19860621,2,1,서울특별시 송파구 석촌동 176-8번지
11710,10500,0,0176,0009,하우스리,,표제부,공동주택,"공동주택,근린생활시설",205,122.01,397.25,20201230,5,0,서울특별시 송파구 석촌동 176-9번지
11710,10500,0,0176,0010,,,표제부,공동주택,다세대주택,176.8,105.41,374.41,20020208,4,0,서울특별시 송파구 석촌동 176-10번지
11710,10500,0,0176,0011,,,일반건축물,단독주택,"다가구주택, 근린생활시설",177,105.9,363.14,20010829,4,0,서울특별시 송파구 석촌동 176-11번지
11710,10500,0,0176,0012,,,표제부,공동주택,공동주택,175,106.74,407.88,20040216,5,0,서울특별시 송파구 석촌동 176-12번지
11710,10500,0,0176,0013,,,표제부,공동주택,공동주택,174.9,99.3,400.48,20031009,5,0,서울특별시 송파구 석촌동 176-13번지
11710,10500,0,0176,0015,,,표제부,공동주택,다세대주택,241.4,132.36,598.35,19930310,4,1,서울특별시 송파구 석촌동 176-15번지
11710,10500,0,0176,0016,,,표제부,공동주택,공동주택,230,137.39,547.49,20040119,5,0,서울특별시 송파구 석촌동 176-16번지
11710,10500,0,0177,0000,지원빌딩,,일반건축물,단독주택,근린생활시설 및 다가구주택,215.2,128.85,605.11,20020803,5,0,서울특별시 송파구 석촌동 177번지
11710,10500,0,0177,0001,,,표제부,공동주택,공동주택(다세대주택),196.3,117,458.34,20060928,5,0,서울특별시 송파구 석촌동 177-1번지
11710,10500,0,0177,0002,,,표제부,공동주택,다세대주택,435.3,244.48,753.07,20211119,5,0,서울특별시 송파구 석촌동 177-2번지
11710,10500,0,0177,0003,림스빌딩,,일반건축물,제1종근린생활시설,근린생활시설,246.8,147.53,493.3,20211115,4,0,서울특별시 송파구 석촌동 177-3번지
11710,10500,0,0177,0004,,,표제부,공동주택,공동주택,241.1,143.94,509.15,20021009,5,0,서울특별시 송파구 석촌동 177-4번지
11710,10500,0,0177,0005,,,표제부,공동주택,공동주택,176.6,105.12,387.17,20041027,5,0,서울특별시 송파구 석촌동 177-5번지
11710,10500,0,0177,0006,,,일반건축물,제2종근린생활시설,"근린생활시설, 주택",197.4,98.37,578.56,19930120,5,1,서울특별시 송파구 석촌동 177-6번지
11710,10500,0,0177,0007,,,일반건축물,단독주택,다가구주택 및 근린생활시설,194.4,113.1,632.52,19960207,5,1,서울특별시 송파구 석촌동 177-7번지
11710,10500,0,0177,0008,,,표제부,공동주택,다세대주택,194.43,116.12,510.5,20010927,6,0,서울특별시 송파구 석촌동 177-8번지
11710,10500,0,0177,0009,,,표제부,공동주택,공동주택,241.1,144.1,540.85,20031027,5,0,서울특별시 송파구 석촌동 177-9번지
11710,10500,0,0177,0010,은솔빌라트,,표제부,공동주택,공동주택,210.1,124.8,477.84,20030205,5,0,서울특별시 송파구 석촌동 177-10번지
11710,10500,0,0177,0011,,,일반건축물,단독주택,단독주택,0,0,272.2,19841231,2,1,서울특별시 송파구 석촌동 177-11번지
11710,10500,0,0177,0012,,,일반건축물,단독주택,단독주택,176.6,0,248.1,19850829,2,1,서울특별시 송파구 석촌동 177-12번지
11710,10500,0,0177,0013,우영 팔레스 1동,,표제부,공동주택,공동주택,262.7,157.33,601.68,20031215,5,0,서울특별시 송파구 석촌동 177-13번지
11710,10500,0,0178,0000,,,일반건축물,제1종근린생활시설,"근린생활시설, 주택",231.1,125.64,684.04,19941118,5,1,서울특별시 송파구 석촌동 178번지
11710,10500,0,0178,0001,,,표제부,공동주택,다세대주택(8세대),227.1,118.13,457.74,19911217,3,1,서울특별시 송파구 석촌동 178-1번지
11710,10500,0,0178,0002,,,표제부,공동주택,공동주택,192.5,115.26,454.64,20040429,5,0,서울특별시 송파구 석촌동 178-2번지
11710,10500,0,0178,0003,,,표제부,공동주택,공동주택,207.3,123.3,441.51,20040218,5,0,서울특별시 송파구 석촌동 178-3번지
11710,10500,0,0178,0004,다영그린하우스,,표제부,공동주택,공동주택(다세대주택),166.2,99.4,322.63,20150602,5,0,서울특별시 송파구 석촌동 178-4번지
11710,10500,0,0178,0005,,,일반건축물,제1종근린생활시설,"근린생활시설, 주택",0,0,726.49,19870223,4,1,서울특별시 송파구 석촌동 178-5번지
11710,10500,0,0178,0006,,,표제부,공동주택,공동주택,267.8,160.62,566.95,20020930,5,0,서울특별시 송파구 석촌동 178-6번지
11710,10500,0,0178,0009,,,표제부,공동주택,공동주택,214.9,127.6,529.53,20020315,5,0,서울특별시 송파구 석촌동 178-9번지
11710,10500,0,0178,0010,석촌 리더빌,,표제부,공동주택,"다세대주택(10세대), 근린생활시설",214.9,127.95,407.95,20240404,5,0,서울특별시 송파구 석촌동 178-10번지
11710,10500,0,0178,0013,,,표제부,공동주택,다세대주택,207.3,124.35,414.1,20180907,5,0,서울특별시 송파구 석촌동 178-13번지
11710,10500,0,0178,0014,호반빌라,,표제부,공동주택,공동주택,247.86,147.72,563.81,20021010,5,0,서울특별시 송파구 석촌동 178-14번지
11710,10500,0,0178,0015,,,표제부,공동주택,다세대주택,192.5,114.94,492.09,20011025,6,0,서울특별시 송파구 석촌동 178-15번지
11710,10500,0,0178,0017,,,일반건축물,자동차관련시설,자동차관련시설(주차장),166.2,34.72,34.72,20101227,1,0,서울특별시 송파구 석촌동 178-17번지
11710,10500,0,0178,0019,,,표제부,공동주택,공동주택,227.1,135.24,589.16,20050808,5,0,서울특별시 송파구 석촌동 178-19번지
11710,10500,0,0179,0000,,,일반건축물,단독주택,다가구주택(8가구) 외1,327.4,194.7,907.15,20030902,5,0,서울특별시 송파구 석촌동 179번지
11710,10500,0,0179,0001,,,일반건축물,단독주택,다가구용단독주택(12가구),225.3,135.12,510.88,19960919,3,1,서울특별시 송파구 석촌동 179-1번지
11710,10500,0,0179,0002,,,일반건축물,단독주택,근린생활시설및주택,242.1,144.56,685.54,19970509,4,1,서울특별시 송파구 석촌동 179-2번지
11710,10500,0,0179,0003,,,일반건축물,단독주택,주택,0,0,260.1,19811117,2,1,서울특별시 송파구 석촌동 179-3번지
11710,10500,0,0179,0004,,,일반건축물,제2종근린생활시설,근린생활시설및주택,310.6,169.42,933.48,19940303,5,1,서울특별시 송파구 석촌동 179-4번지
11710,10500,0,0179,0005,,,일반건축물,단독주택,다가구용단독주택(11가구),221.4,132.81,471.59,19960325,3,1,서울특별시 송파구 석촌동 179-5번지
11710,10500,0,0179,0006,,,일반건축물,단독주택,다가구용단독주택(11가구),221.4,132.81,471.59,19960325,3,1,서울특별시 송파구 석촌동 179-6번지
11710,10500,0,0179,0007,,,일반건축물,제1종근린생활시설,"주택,",0,0,587.12,19870519,4,1,서울특별시 송파구 석촌동 179-7번지
11710,10500,0,0179,0008,,,표제부,공동주택,다세대주택,214.8,128.32,429.52,20180316,5,0,서울특별시 송파구 석촌동 179-8번지
11710,10500,0,0179,0010,,,일반건축물,단독주택,다가구주택(11가구),214.9,128.92,494.08,19981110,3,1,서울특별시 송파구 석촌동 179-10번지
11710,10500,0,0179,0011,,,일반건축물,단독주택,다가구주택(10가구),214.9,128.22,485.26,19961231,3,1,서울특별시 송파구 석촌동 179-11번지
11710,10500,0,0179,0012,진주빌라,,표제부,공동주택,공동주택,208.3,124.41,445.89,20030711,5,0,서울특별시 송파구 석촌동 179-12번지
11710,10500,0,0179,0013,,,표제부,공동주택,공동주택,208.3,124.6,366.7,20140514,5,0,서울특별시 송파구 석촌동 179-13번지
11710,10500,0,0180,0000,성화 빌딩,,일반건축물,제2종근린생활시설,근린생활시설및단독주택,314.2,187.3,1047.18,19980720,5,1,서울특별시 송파구 석촌동 180번지
11710,10500,0,0180,0001,,,일반건축물,제1종근린생활시설,근린생활시설,0,0,133.5,19880722,2,1,서울특별시 송파구 석촌동 180-1번지
11710,10500,0,0180,0001,,,표제부,공동주택,다세대주택,292,169.9,659.81,19930222,4,1,서울특별시 송파구 석촌동 180-1번지
11710,10500,0,0180,0002,,,일반건축물,제2종근린생활시설,근린생활시설,470.45,232,899.44,19940203,3,1,서울특별시 송파구 석촌동 180-2번지
11710,10500,0,0180,0003,,,일반건축물,제1종근린생활시설,근린생활시설,0,0,661.85,19891103,4,1,서울특별시 송파구 석촌동 180-3번지
11710,10500,0,0180,0004,,,표제부,공동주택,공동주택,438.4,246.07,875.15,20151019,6,0,서울특별시 송파구 석촌동 180-4번지
11710,10500,0,0180,0005,,,일반건축물,제1종근린생활시설,"근린생활시설, 주택",0,0,989.08,19890913,5,1,서울특별시 송파구 석촌동 180-5번지
11710,10500,0,0180,0006,대명빌딩,,표제부,공동주택,다세대주택 및 근린생활시설,253.47,124.41,599.75,20150519,6,0,서울특별시 송파구 석촌동 180-6번지
11710,10500,0,0180,0007,,,표제부,공동주택,다세대주택,258,154.5,597.78,19940519,4,1,서울특별시 송파구 석촌동 180-7번지
11710,10500,0,0180,0008,,,표제부,공동주택,공동주택,257.8,154.62,692.05,20031229,6,0,서울특별시 송파구 석촌동 180-8번지
11710,10500,0,0180,0009,,,표제부,공동주택,공동주택(다세대주택),247.9,147.15,533.85,20040519,5,0,서울특별시 송파구 석촌동 180-9번지
11710,10500,0,0180,0010,,,표제부,공동주택,공동주택,231.6,138.51,508.49,20031219,5,0,서울특별시 송파구 석촌동 180-10번지
11710,10500,0,0181,0000,,,일반건축물,제2종근린생활시설,"근린생활시설, 다가구주택",243.5,144.53,456.28,20230125,4,0,서울특별시 송파구 석촌동 181번지
11710,10500,0,0181,0001,,,일반건축물,제1종근린생활시설,"주택,근린생활시설",200.8,99.93,527,19910416,5,1,서울특별시 송파구 석촌동 181-1번지
11710,10500,0,0181,0002,,,표제부,공동주택,공동주택,188.4,111.12,408.75,20040203,6,0,서울특별시 송파구 석촌동 181-2번지
11710,10500,0,0181,0004,,,일반건축물,제2종근린생활시설,근린생활시설,264.9,152.04,511.25,19840709,3,1,서울특별시 송파구 석촌동 181-4번지
11710,10500,0,0181,0005,,,일반건축물,단독주택,"주택,근린생활시설",0,0,261.32,19810721,2,1,서울특별시 송파구 석촌동 181-5번지
11710,10500,0,0181,0006,,,표제부,공동주택,공동주택,221.5,131.85,434.55,20040930,5,0,서울특별시 송파구 석촌동 181-6번지
11710,10500,0,0181,0007,,,표제부,공동주택,다세대주택(10세대),215,127.42,500.84,20000914,4,1,서울특별시 송파구 석촌동 181-7번지
11710,10500,0,0181,0008,,,일반건축물,단독주택,다가구주택(11가구),214.9,128.15,511.86,19960311,3,1,서울특별시 송파구 석촌동 181-8번지
11710,10500,0,0181,0009,,,표제부,공동주택,공동주택,285.26,162.88,568.34,20170117,6,0,서울특별시 송파구 석촌동 181-9번지
11710,10500,0,0181,0010,석촌동다세대주택,,표제부,공동주택,다세대주택,181.8,108.81,426.12,20010803,4,0,서울특별시 송파구 석촌동 181-10번지
11710,10500,0,0181,0011,,,표제부,공동주택,다세대주택외1,181.8,108.81,426.12,20010803,4,0,서울특별시 송파구 석촌동 181-11번지
11710,10500,0,0181,0012,,,일반건축물,단독주택,다가구주택(7가구),181.8,108.8,331.04,20020712,4,0,서울특별시 송파구 석촌동 181-12번지
11710,10500,0,0181,0013,,,일반건축물,단독주택,다가구주택(7가구),181.8,108.8,331.04,20020712,4,0,서울특별시 송파구 석촌동 181-13번지
11710,10500,0,0181,0014,,,표제부,공동주택,다세대주택,198.3,118.56,395.64,20160519,5,0,서울특별시 송파구 석촌동 181-14번지
11710,10500,0,0182,0000,,,일반건축물,제2종근린생활시설,"근린생활시설,주택",0,0,486,19920116,5,1,서울특별시 송파구 석촌동 182번지
11710,10500,0,0182,0002,중기빌딩,,일반건축물,제1종근린생활시설,제1종근린생활시설외 1,1183.3,590.93,2715.94,20091127,5,0,서울특별시 송파구 석촌동 182-2번지
11710,10500,0,0182,0004,꿈꾸지오,,표제부,공동주택,공동주택,305.3,151.83,656.06,20220328,6,0,서울특별시 송파구 석촌동 182-4번지
11710,10500,0,0182,0005,,,일반건축물,제1종근린생활시설,근린생활시설,198.4,0,374.85,19850924,3,1,서울특별시 송파구 석촌동 182-5번지
11710,10500,0,0182,0007,,,일반건축물,단독주택,단독주택,0,0,247.12,19850718,2,1,서울특별시 송파구 석촌동 182-7번지
11710,10500,0,0182,0008,,,일반건축물,단독주택,단독주택,173.1,0,244.05,19850723,2,1,서울특별시 송파구 석촌동 182-8번지
11710,10500,0,0182,0009,,,일반건축물,단독주택,단독주택,0,0,244.05,19850715,2,1,서울특별시 송파구 석촌동 182-9번지
11710,10500,0,0183,0000,불광사 교육원,,일반건축물,교육연구시설,교육연구시설(교육원),667.2,397.8,2130.6,20030715,6,0,서울특별시 송파구 석촌동 183번지
11710,10500,0,0183,0001,,,일반건축물,위험물저장및처리시설,위험물저장및처리시설,0,0,36.4,19821109,1,0,서울특별시 송파구 석촌동 183-1번지
11710,10500,0,0183,0001,,,일반건축물,제2종근린생활시설,제2종근린생활시설,0,0,350.19,19821109,2,1,서울특별시 송파구 석촌동 183-1번지
11710,10500,0,0183,0002,양지473,,표제부,공동주택,"공동주택(아파트),근린생활시설",762.8,421.95,4650.92,20210218,16,3,서울특별시 송파구 석촌동 183-2번지
11710,10500,0,0183,0003,,,일반건축물,제2종근린생활시설,근린생활시설,0,0,1598.23,19911210,4,1,서울특별시 송파구 석촌동 183-3번지
11710,10500,0,0183,0004,펙베이빌딩,,일반건축물,제2종근린생활시설,근린생활시설,243,145.6,1095.007,19920529,7,1,서울특별시 송파구 석촌동 183-4번지
11710,10500,0,0183,0005,,,표제부,업무시설,업무시설,243,145.67,1210.3,20031107,9,1,서울특별시 송파구 석촌동 183-5번지
11710,10500,0,0183,0006,,,일반건축물,제1종근린생활시설,근린생활시설,242.5,101.15,199.15,19940121,2,0,서울특별시 송파구 석촌동 183-6번지
11710,10500,0,0183,0007,,,일반건축물,제1종근린생활시설,제1종근린생활시설(소매점),353.3,166.28,166.28,20150119,1,0,서울특별시 송파구 석촌동 183-7번지
11710,10500,0,0183,0008,,,일반건축물,자동차관련시설,자동차관련시설,714.3,426.57,1279.71,20050321,3,0,서울특별시 송파구 석촌동 183-8번지
11710,10500,0,0183,0009,,,일반건축물,제2종근린생활시설,근린생활시설,734.9,274.51,755.72,19921117,3,1,서울특별시 송파구 석촌동 183-9번지
11710,10500,0,0184,0001,467빌딩,,일반건축물,제2종근린생활시설,근린생활시설,322.9,180.56,1144.08,19921026,5,1,서울특별시 송파구 석촌동 184-1번지
11710,10500,0,0184,0002,,,일반건축물,제2종근린생활시설,제2종근린생활시설,351.1,179.25,599.57,20011214,5,0,서울특별시 송파구 석촌동 184-2번지
11710,10500,0,0184,0003,,,일반건축물,제2종근린생활시설,근린생활시설,331.9,163.62,998.87,19910807,5,1,서울특별시 송파구 석촌동 184-3번지
11710,10500,0,0184,0004,,,일반건축물,제2종근린생활시설,"근린생활시설,업무시설",319.5,159.69,1041.36,19901129,5,1,서울특별시 송파구 석촌동 184-4번지
11710,10500,0,0184,0005,,,일반건축물,제2종근린생활시설,"근린생활시설, 사무실, 한의원",0,0,795.6,19821229,4,1,서울특별시 송파구 석촌동 184-5번지
11710,10500,0,0184,0006,,,일반건축물,제2종근린생활시설,근린생활시설,0,0,1038.78,19831231,4,1,서울특별시 송파구 석촌동 184-6번지
11710,10500,0,0184,0007,레이크빌 빌딩,,일반건축물,업무시설,제1종근린생활시설외2,679.61,405.46,2553.51,20051017,6,1,서울특별시 송파구 석촌동 184-7번지
11710,10500,0,0184,0008,,,일반건축물,제2종근린생활시설,근린생활시설,0,0,950.4,19861124,4,1,서울특별시 송파구 석촌동 184-8번지
11710,10500,0,0210,0000,공익빌딩,,일반건축물,업무시설,업무시설외3,1948.9,775.86,4967.03,19941015,6,1,서울특별시 송파구 석촌동 210번지
11710,10500,0,0210,0003,,,일반건축물,제2종근린생활시설,제2종근린생활시설외 1,321.6,140.9,593.95,20100825,5,0,서울특별시 송파구 석촌동 210-3번지
11710,10500,0,0210,0006,연세빌딩,,표제부,공동주택,근린생활시설및다세대주택,518.8,250.46,1652.31,20160113,7,1,서울특별시 송파구 석촌동 210-6번지
11710,10500,0,0210,0007,,,일반건축물,제2종근린생활시설,제2종근린생활시설,310.8,155.32,193.88,20050303,3,0,서울특별시 송파구 석촌동 210-7번지
11710,10500,0,0210,0008,,,일반건축물,제2종근린생활시설,근린생활시설,357.4,193.05,579.15,20020808,3,0,서울특별시 송파구 석촌동 210-8번지
11710,10500,0,0210,0009,,,일반건축물,제2종근린생활시설,근린생활시설,320,167.92,830.53,19900817,5,1,서울특별시 송파구 석촌동 210-9번지
11710,10500,0,0210,0010,,,일반건축물,제1종근린생활시설,"주택, 근린생활시설",245.4,118.64,699.05,19911228,5,1,서울특별시 송파구 석촌동 210-10번지
11710,10500,0,0210,0012,,,일반건축물,단독주택,단독주택,0,0,261.81,19901107,2,1,서울특별시 송파구 석촌동 210-12번지
11710,10500,0,0210,0015,,,일반건축물,단독주택,다가구용단독주택(8가구),205.5,121.71,419.27,19950121,3,1,서울특별시 송파구 석촌동 210-15번지
11710,10500,0,0210,0016,,,일반건축물,위험물저장및처리시설,"위험물저장및처리시설, 근린생활시설(수리점), 자동차관련시설(세차장)",737.9,308.09,557.38,19940722,2,1,서울특별시 송파구 석촌동 210-16번지
11710,10500,0,0210,0020,,,일반건축물,제2종근린생활시설,근린생활시설 및 주택,164.8,100,789.93,19950712,6,2,서울특별시 송파구 석촌동 210-20번지
11710,10500,0,0210,0023,SH빌딩,,일반건축물,제2종근린생활시설,근린생활시설,536.1,216.48,1042.72,20030711,5,0,서울특별시 송파구 석촌동 210-23번지
11710,10500,0,0210,0024,호암주택,,표제부,공동주택,공동주택,182,108.82,380.45,20040225,5,0,서울특별시 송파구 석촌동 210-24번지
11710,10500,0,0210,0025,,,일반건축물,단독주택,단독주택,178.7,0,249.72,19851210,2,1,서울특별시 송파구 석촌동 210-25번지
11710,10500,0,0210,0027,,,표제부,공동주택,공동주택(다세대주택),178.7,88.8,322.64,20200611,5,0,서울특별시 송파구 석촌동 210-27번지
11710,10500,0,0211,0001,,,표제부,공동주택,다세대주택(10세대),231,128.84,599.59,19920908,4,1,서울특별시 송파구 석촌동 211-1번지
11710,10500,0,0211,0002,,,표제부,공동주택,공동주택,170.2,109.78,445.84,20040216,5,0,서울특별시 송파구 석촌동 211-2번지
11710,10500,0,0211,0003,,,표제부,공동주택,다세대주택,187.4,114.21,469.09,20020124,5,0,서울특별시 송파구 석촌동 211-3번지
11710,10500,0,0211,0004,,,일반건축물,제2종근린생활시설,다가구주택(2가구)외2,194.5,116.61,558,20041104,5,0,서울특별시 송파구 석촌동 211-4번지
11710,10500,0,0211,0005,,,표제부,공동주택,다세대주택 및 근린생활시설,296,176.56,1076.66,20030807,5,1,서울특별시 송파구 석촌동 211-5번지
11710,10500,0,0211,0006,,,표제부,공동주택,공동주택(다세대주택/도시형생활주택),321.1,186.6,624.4,20130806,5,0,서울특별시 송파구 석촌동 211-6번지
11710,10500,0,0211,0007,,,일반건축물,단독주택,"근린생활시설, 다가구주택(5가구)",253,150.73,798.6,20001009,5,1,서울특별시 송파구 석촌동 211-7번지
11710,10500,0,0211,0008,,,표제부,공동주택,공동주택,214.9,128.29,487.53,20020518,5,0,서울특별시 송파구 석촌동 211-8번지
11710,10500,0,0211,0009,,,일반건축물,제2종근린생활시설,근린생활시설 및 주택,214.9,125.43,724.63,19981028,5,1,서울특별시 송파구 석촌동 211-9번지
11710,10500,0,0211,0010,,,표제부,공동주택,공동주택(다세대주택),187.2,108.43,372.52,20060616,5,0,서울특별시 송파구 석촌동 211-10번지
11710,10500,0,0211,0011,,,표제부,공동주택,공동주택,170.2,102,414.75,20040216,5,0,서울특별시 송파구 석촌동 211-11번지
11710,10500,0,0211,0012,,,일반건축물,단독주택,다가구용단독주택(11가구),224.8,134.64,499.35,19960909,3,1,서울특별시 송파구 석촌동 211-12번지
11710,10500,0,0211,0013,,,일반건축물,단독주택,"주택,근린생활시설",0,0,495.14,19880830,4,1,서울특별시 송파구 석촌동 211-13번지
11710,10500,0,0211,0014,,,표제부,공동주택,공동주택,195,123.4,552.86,20031103,6,0,서울특별시 송파구 석촌동 211-14번지
11710,10500,0,0211,0015,돌말이빌,,표제부,공동주택,공동주택,195,116.98,512.05,20040318,5,0,서울특별시 송파구 석촌동 211-15번지
11710,10500,0,0211,0016,환희빌,,표제부,공동주택,"공동주택(도시형생활주택,다세대주택)",181.9,108.78,396,20120731,6,0,서울특별시 송파구 석촌동 211-16번지
11710,10500,0,0211,0017,삼보쉐르빌,,표제부,공동주택,도시형생활주택,231.9,134.27,463.01,20190503,6,0,서울특별시 송파구 석촌동 211-17번지
11710,10500,0,0212,0000,,,일반건축물,제1종근린생활시설,"근린생활시설, 주택",0,0,715.88,19891227,5,1,서울특별시 송파구 석촌동 212번지
11710,10500,0,0212,0001,,,표제부,공동주택,다세대주택,259.9,155.76,646.17,20140401,5,1,서울특별시 송파구 석촌동 212-1번지
11710,10500,0,0212,0002,,,일반건축물,제1종근린생활시설,"근린생활시설, 단독주택",0,0,686.81,19840118,3,1,서울특별시 송파구 석촌동 212-2번지
11710,10500,0,0212,0003,,,표제부,공동주택,공동주택,247.1,148.15,632.92,20020430,6,0,서울특별시 송파구 석촌동 212-3번지
11710,10500,0,0212,0004,,,일반건축물,제2종근린생활시설,"근린생활시설, 주택",477.5,249.21,898.11,19941019,4,1,서울특별시 송파구 석촌동 212-4번지
11710,10500,0,0212,0005,,,일반건축물,제1종근린생활시설,"근린생활시설, 주택",207.7,124.5,568.13,19970711,4,1,서울특별시 송파구 석촌동 212-5번지
11710,10500,0,0212,0006,에비앙하우스1,,표제부,공동주택,도시형생활주택(단지형다세대주택),389.8,199.1,686.54,20180920,6,0,서울특별시 송파구 석촌동 212-6번지
11710,10500,0,0212,0007,아이원빌,,표제부,공동주택,공동주택(다세대주택),224.45,134.45,540.55,20120621,6,0,서울특별시 송파구 석촌동 212-7번지
11710,10500,0,0212,0008,,,표제부,공동주택,공동주택,195.8,117,437.35,20030328,5,0,서울특별시 송파구 석촌동 212-8번지
11710,10500,0,0212,0009,,,표제부,공동주택,공동주택,195.8,119.86,442.5,20030130,5,0,서울특별시 송파구 석촌동 212-9번지
11710,10500,0,0212,0010,,,표제부,공동주택,공동주택(다세대주택),223.9,139.93,559.53,20040705,6,0,서울특별시 송파구 석촌동 212-10번지
11710,10500,0,0212,0011,,,표제부,공동주택,공동주택,226.6,139.43,554.08,20040303,5,0,서울특별시 송파구 석촌동 212-11번지
11710,10500,0,0212,0012,,,표제부,공동주택,공동주택,247.1,148.15,596.84,20030110,5,0,서울특별시 송파구 석촌동 212-12번지
11710,10500,0,0212,0013,에비앙하우스2,,표제부,공동주택,도시형생활주택(단지형다세대주택),385,199.1,686.54,20180920,6,0,서울특별시 송파구 석촌동 212-13번지
11710,10500,0,0213,0000,트라이어드 타워,,일반건축물,업무시설,업무시설,718.9,352.22,2860.98,20210209,9,2,서울특별시 송파구 석촌동 213번지
11710,10500,0,0213,0001,JS빌딩,,일반건축물,제2종근린생활시설,"근린생활시설,업무시설",261.6,126.24,599.1,19901207,4,1,서울특별시 송파구 석촌동 213-1번지
11710,10500,0,0213,0002,아데스필드,,일반건축물,제1종근린생활시설,"근린생활시설,업무시설",507,242.88,1990.28,20240726,8,2,서울특별시 송파구 석촌동 213-2번지
11710,10500,0,0213,0003,아정,,일반건축물,제2종근린생활시설,"일반음식점, 사무소",257.7,127.64,716.39,20240517,6,1,서울특별시 송파구 석촌동 213-3번지
11710,10500,0,0213,0004,서진빌딩,,일반건축물,제2종근린생활시설,제2종근린생활시설,328.6,163.98,969.05,20180627,6,2,서울특별시 송파구 석촌동 213-4번지
11710,10500,0,0213,0005,이영빌딩,,일반건축물,제2종근린생활시설,제2종근린생활시설,233,108.17,615.23,20220314,6,1,서울특별시 송파구 석촌동 213-5번지
11710,10500,0,0213,0006,,,일반건축물,제2종근린생활시설,"근린생활시설, 주택",0,0,692.22,19880803,4,1,서울특별시 송파구 석촌동 213-6번지
11710,10500,0,0213,0008,,,표제부,공동주택,공동주택(다세대주택),175.5,114.4,442.73,20040830,5,0,서울특별시 송파구 석촌동 213-8번지
11710,10500,0,0213,0009,,,표제부,공동주택,공동주택(다세대주택),175.4,104.85,360.79,20040830,4,0,서울특별시 송파구 석촌동 213-9번지
11710,10500,0,0213,0011,,,표제부,공동주택,다세대주택,0,0,329.85,19861126,2,1,서울특별시 송파구 석촌동 213-11번지
11710,10500,0,0213,0013,리버팰리스,,표제부,공동주택,공동주택,765.18,136,659.98,20220818,6,0,서울특별시 송파구 석촌동 213-13번지
11710,10500,0,0213,0013,리버팰리스,,표제부,공동주택,공동주택,765.18,109.5,437.31,20220818,6,0,서울특별시 송파구 석촌동 213-13번지
11710,10500,0,0213,0013,리버팰리스,,표제부,공동주택,공동주택,765.18,136.5,690.78,20220818,6,1,서울특별시 송파구 석촌동 213-13번지
11710,10500,0,0213,0014,코너스톤 빌딩,,일반건축물,제2종근린생활시설,근린생활시설,252,125.43,721.77,19861112,5,1,서울특별시 송파구 석촌동 213-14번지
11710,10500,0,0213,0015,,,표제부,공동주택,공동주택(다세대주택),175.4,104.85,363.87,20040830,4,0,서울특별시 송파구 석촌동 213-15번지
11710,10500,0,0214,0000,,,일반건축물,단독주택,다가구주택(9가구),196,117.56,446.08,19970712,3,1,서울특별시 송파구 석촌동 214번지
11710,10500,0,0214,0001,,,표제부,공동주택,다세대주택,377,169.4,649.6,19960530,4,1,서울특별시 송파구 석촌동 214-1번지
11710,10500,0,0214,0002,월드빌,,표제부,공동주택,공동주택,183.6,109.52,448.08,20020802,5,0,서울특별시 송파구 석촌동 214-2번지
11710,10500,0,0214,0003,,,표제부,공동주택,공동주택,168.7,100.87,413.47,20021119,5,0,서울특별시 송파구 석촌동 214-3번지
11710,10500,0,0214,0004,,,표제부,공동주택,다세대주택,221.7,124.72,619.16,19920323,4,1,서울특별시 송파구 석촌동 214-4번지
11710,10500,0,0214,0005,,,일반건축물,단독주택,"근린생활시설, 다가구주택",0,0,647.41,19880803,4,1,서울특별시 송파구 석촌동 214-5번지
11710,10500,0,0214,0007,,,일반건축물,단독주택,다가구주택(10가구),294,175.9,642.04,19960713,3,1,서울특별시 송파구 석촌동 214-7번지
11710,10500,0,0214,0008,,,표제부,공동주택,공동주택,318.3,188.28,657.78,20021108,5,0,서울특별시 송파구 석촌동 214-8번지
11710,10500,0,0214,0009,,,표제부,공동주택,공동주택(다세대주택),183.9,108.73,362.32,20061108,5,0,서울특별시 송파구 석촌동 214-9번지
11710,10500,0,0214,0010,,,표제부,공동주택,다세대주택,377.3,160.36,649.1,19960525,4,1,서울특별시 송파구 석촌동 214-10번지
11710,10500,0,0214,0011,석촌빌라,,표제부,공동주택,다세대주택,254.2,151.36,482.75,20080522,5,0,서울특별시 송파구 석촌동 214-11번지
11710,10500,0,0214,0012,,,표제부,공동주택,도시형생활주택(단지형다세대주택),187.2,112.1,374.24,20190628,6,0,서울특별시 송파구 석촌동 214-12번지
11710,10500,0,0214,0013,,,표제부,공동주택,다세대주택,221.7,124.64,618.11,19911213,4,1,서울특별시 송파구 석촌동 214-13번지
11710,10500,0,0214,0014,퍼스트초이스 석촌,,표제부,공동주택,공동주택,195.9,116.95,391.61,20230302,5,0,서울특별시 송파구 석촌동 214-14번지
11710,10500,0,0214,0015,,,표제부,공동주택,다세대주택,183.8,110.26,481.42,20011228,6,0,서울특별시 송파구 석촌동 214-15번지
11710,10500,0,0214,0016,준허브 빌,,표제부,공동주택,공동주택(다세대주택),183.8,109.12,407.55,20070529,5,0,서울특별시 송파구 석촌동 214-16번지
11710,10500,0,0214,0017,한성빌 미자르,,표제부,공동주택,단지형다세대주택,263.6,157.9,529.85,20220307,6,1,서울특별시 송파구 석촌동 214-17번지
11710,10500,0,0215,0000,,,표제부,공동주택,공동주택,302.13,178.89,659.37,20031227,5,0,서울특별시 송파구 석촌동 215번지
11710,10500,0,0215,0001,레이크빌,,표제부,공동주택,공동주택,290.7,173.7,658.82,20031215,5,0,서울특별시 송파구 석촌동 215-1번지
11710,10500,0,0215,0002,,,표제부,공동주택,다세대주택,218.7,131.07,436.39,20160422,5,0,서울특별시 송파구 석촌동 215-2번지
11710,10500,0,0215,0003,,,일반건축물,단독주택,다가구용단독주택(7가구),206.7,123.73,486.98,19971119,3,1,서울특별시 송파구 석촌동 215-3번지
11710,10500,0,0215,0004,,,일반건축물,단독주택,다가구주택(10가구),206.4,123.36,472.04,19960430,3,1,서울특별시 송파구 석촌동 215-4번지
11710,10500,0,0215,0005,,,표제부,공동주택,공동주택(도시형생활주택),178.5,104.37,384.29,20120928,6,0,서울특별시 송파구 석촌동 215-5번지
11710,10500,0,0215,0006,,,표제부,공동주택,공동주택,206.2,123.26,470.38,20020903,5,0,서울특별시 송파구 석촌동 215-6번지
11710,10500,0,0215,0007,,,표제부,공동주택,공동주택(다세대주택),221.2,132.2,498.56,20041011,6,0,서울특별시 송파구 석촌동 215-7번지
11710,10500,0,0215,0008,다온 팰리스,,표제부,공동주택,도시형생활주택,270.2,161.8,528.95,20181210,6,0,서울특별시 송파구 석촌동 215-8번지
11710,10500,0,0215,0009,,,일반건축물,제1종근린생활시설,"근린생활시설, 주택",200.4,88.88,472.12,19920901,4,1,서울특별시 송파구 석촌동 215-9번지
11710,10500,0,0215,0010,유니빌,,표제부,공동주택,공동주택,206.2,122.88,484.7,20021123,5,0,서울특별시 송파구 석촌동 215-10번지
11710,10500,0,0215,0011,,,표제부,공동주택,공동주택(다세대주택),206.2,123.69,441.96,20050729,5,0,서울특별시 송파구 석촌동 215-11번지
11710,10500,0,0215,0012,,,표제부,공동주택,다세대주택,218.6,129.48,593.78,19940113,4,1,서울특별시 송파구 석촌동 215-12번지
11710,10500,0,0215,0013,,,일반건축물,단독주택,"근린생활시설(소매점), 다가구주택(9가구)",221.2,132.54,508.9,20011030,4,0,서울특별시 송파구 석촌동 215-13번지
11710,10500,0,0215,0014,,,일반건축물,단독주택,다가구주택 외 1,269.9,146.2,536.32,20111222,5,0,서울특별시 송파구 석촌동 215-14번지
11710,10500,0,0215,0015,장원빌딩,,표제부,공동주택,공동주택 및 근린생활시설,272.7,163.16,777.72,20040921,7,0,서울특별시 송파구 석촌동 215-15번지
11710,10500,0,0215,0016,,,일반건축물,단독주택,다가구용단독주택(10가구),214.8,128.71,509.92,19980514,3,1,서울특별시 송파구 석촌동 215-16번지
11710,10500,0,0215,0017,,,표제부,공동주택,공동주택,192.4,115.25,461.38,20040324,5,0,서울특별시 송파구 석촌동 215-17번지
11710,10500,0,0215,0018,,,표제부,공동주택,공동주택(다세대주택),177.7,106.11,419.27,20041026,6,0,서울특별시 송파구 석촌동 215-18번지
11710,10500,0,0216,0000,,,표제부,공동주택,공동주택,207.9,124.59,547.65,20020131,6,0,서울특별시 송파구 석촌동 216번지
11710,10500,0,0216,0001,,,일반건축물,단독주택,"다가구용단독주택(11가구), 제2종근린생활시설",198.3,118.96,490.76,19960708,4,1,서울특별시 송파구 석촌동 216-1번지
11710,10500,0,0216,0002,,,표제부,공동주택,다세대주택(8세대),264.4,64.5,598.48,19930526,3,1,서울특별시 송파구 석촌동 216-2번지
11710,10500,0,0216,0003,,,일반건축물,단독주택,다가구용단독주택(11가구),198.3,118.97,458.15,19961122,3,1,서울특별시 송파구 석촌동 216-3번지
11710,10500,0,0216,0004,석촌아파트,,표제부,공동주택,공동주택,925.6,555.21,2356.66,20021115,5,0,서울특별시 송파구 석촌동 216-4번지
11710,10500,0,0216,0008,,,표제부,공동주택,"근린생활시설, 공동주택",212.2,105.74,519.43,19871118,4,1,서울특별시 송파구 석촌동 216-8번지
11710,10500,0,0216,0009,,,일반건축물,단독주택,다가구용단독주택(8가구),202.3,121.37,468.42,19970329,3,1,서울특별시 송파구 석촌동 216-9번지
11710,10500,0,0216,0014,,,일반건축물,단독주택,단독주택(다가구10가구),198.3,117,457.2,19970507,3,1,서울특별시 송파구 석촌동 216-14번지
11710,10500,0,0216,0015,,,일반건축물,단독주택,다가구용단독주택(11가구),198.2,118.73,468.6,19950715,3,1,서울특별시 송파구 석촌동 216-15번지
11710,10500,0,0216,0016,,,일반건축물,단독주택,다가구용단독주택(11가구),198.5,118.97,458.15,19961122,3,1,서울특별시 송파구 석촌동 216-16번지
11710,10500,0,0216,0017,,,일반건축물,단독주택,다가구주택(10가구),198.2,118.56,465.45,19960430,3,1,서울특별시 송파구 석촌동 216-17번지
11710,10500,0,0216,0018,,,표제부,공동주택,도시형생활주택(단지형다세대주택),273.7,161.1,546.19,20180112,6,0,서울특별시 송파구 석촌동 216-18번지
11710,10500,0,0216,0023,흥진테크빌,,표제부,공동주택,다세대주택,231.4,138.81,525.86,20020129,4,0,서울특별시 송파구 석촌동 216-23번지
11710,10500,0,0216,0024,,,일반건축물,단독주택,다가구주택(10가구),191.7,114.98,413.66,19970130,3,1,서울특별시 송파구 석촌동 216-24번지
11710,10500,0,0216,0025,정연채,,표제부,공동주택,다세대주택,191.7,114.73,382.91,20190726,5,0,서울특별시 송파구 석촌동 216-25번지
11710,10500,0,0216,0026,,,표제부,공동주택,다세대주택,191.7,114.75,381.7,20190717,5,0,서울특별시 송파구 석촌동 216-26번지
11710,10500,0,0216,0031,,,일반건축물,단독주택,"근린생활시설, 주택",0,0,492.33,19901012,4,1,서울특별시 송파구 석촌동 216-31번지
11710,10500,0,0217,0000,,,일반건축물,제1종근린생활시설,근린생활시설및주택,0,0,830.64,19871230,4,1,서울특별시 송파구 석촌동 217번지
11710,10500,0,0217,0001,YH빌딩,,일반건축물,제1종근린생활시설,근린생활시설,0,0,658.9,19831013,3,1,서울특별시 송파구 석촌동 217-1번지
11710,10500,0,0217,0003,,,일반건축물,업무시설,업무시설 외2,652.53,322.42,2817.55,19931126,6,2,서울특별시 송파구 석촌동 217-3번지
11710,10500,0,0217,0004,,,일반건축물,제2종근린생활시설,근린생활시설,652.81,175.74,363.24,19950214,2,1,서울특별시 송파구 석촌동 217-4번지
11710,10500,0,0217,0006,,,일반건축물,제2종근린생활시설,근린생활시설,649.62,321.35,533.03,19931218,3,1,서울특별시 송파구 석촌동 217-6번지
11710,10500,0,0217,0013,,,일반건축물,제1종근린생활시설,근린생활및주택,0,0,917.59,19900616,5,1,서울특별시 송파구 석촌동 217-13번지
11710,10500,0,0217,0015,엘 하우스,,표제부,공동주택,도시형생활주택(단지형다세대주택),325.3,161.27,674.91,20190820,6,0,서울특별시 송파구 석촌동 217-15번지
11710,10500,0,0217,0017,,,일반건축물,단독주택,근린생활시설 외3,864.7,409.24,871.87,19921230,3,1,서울특별시 송파구 석촌동 217-17번지
11710,10500,0,0218,0000,우노하우스 2동,,표제부,공동주택,공동주택(다세대주택),195.12,115.34,389.47,20130118,5,0,서울특별시 송파구 석촌동 218번지
11710,10500,0,0218,0001,,,일반건축물,단독주택,다가구용단독주택(8가구),178.7,106.56,407.28,19951117,3,1,서울특별시 송파구 석촌동 218-1번지
11710,10500,0,0218,0002,은탑빌라,,표제부,공동주택,연립주택,418.4,234.18,1063.22,19951204,4,1,서울특별시 송파구 석촌동 218-2번지
11710,10500,0,0218,0003,,,표제부,공동주택,공동주택,165.5,99,406.58,20020829,5,0,서울특별시 송파구 석촌동 218-3번지
11710,10500,0,0218,0004,Bella Luce House 벨라루체 하우스,,표제부,공동주택,단지형다세대주택,289.9,160.54,659.94,20220208,6,1,서울특별시 송파구 석촌동 218-4번지
11710,10500,0,0218,0005,룰루애플,,표제부,공동주택,"다세대주택, 근린생활시설",214,127.65,427.15,20240329,5,0,서울특별시 송파구 석촌동 218-5번지
11710,10500,0,0218,0006,,,표제부,공동주택,공동주택,168.4,100.96,422,20020315,5,0,서울특별시 송파구 석촌동 218-6번지
11710,10500,0,0218,0007,,,일반건축물,단독주택,다가구주택(5가구) 외2,203.3,121.71,608.55,20010721,5,0,서울특별시 송파구 석촌동 218-7번지
11710,10500,0,0218,0008,,,표제부,공동주택,다세대주택,173.3,103.01,346.16,20170629,5,0,서울특별시 송파구 석촌동 218-8번지
11710,10500,0,0218,0009,,,표제부,공동주택,공동주택(다세대주택),168.2,100.78,424.45,20021120,5,0,서울특별시 송파구 석촌동 218-9번지
11710,10500,0,0218,0010,,,표제부,공동주택,공동주택,214.4,127.71,536.89,20020615,6,0,서울특별시 송파구 석촌동 218-10번지
11710,10500,0,0218,0011,,,표제부,공동주택,공동주택,196.3,117.39,449.07,20050728,5,0,서울특별시 송파구 석촌동 218-11번지
11710,10500,0,0218,0012,,,표제부,공동주택,공동주택,198.8,118.68,462.1,20020924,5,0,서울특별시 송파구 석촌동 218-12번지
11710,10500,0,0218,0013,영 하우스,,표제부,공동주택,다세대주택,200.3,119.28,431.82,20100625,5,0,서울특별시 송파구 석촌동 218-13번지
11710,10500,0,0218,0014,다온누리,,표제부,공동주택,"도시형생활주택,근린생활시설",284.9,170.61,599.57,20210107,6,1,서울특별시 송파구 석촌동 218-14번지
11710,10500,0,0218,0015,,,일반건축물,단독주택,다가구용단독주택(10가구),214,128.06,503.78,19960829,3,1,서울특별시 송파구 석촌동 218-15번지
11710,10500,0,0218,0016,,,표제부,공동주택,공동주택,214.3,128,501.2,20021205,5,0,서울특별시 송파구 석촌동 218-16번지
11710,10500,0,0218,0017,,,표제부,공동주택,공동주택,201.6,120.79,467.49,20020918,5,0,서울특별시 송파구 석촌동 218-17번지
11710,10500,0,0218,0018,우노하우스 1동,,표제부,공동주택,공동주택(도시형생활주택),181.9,108.78,360.76,20130111,5,0,서울특별시 송파구 석촌동 218-18번지
11710,10500,0,0218,0019,라비앙 골드빌,,표제부,공동주택,다세대주택,200.4,119.28,435.94,20101026,5,0,서울특별시 송파구 석촌동 218-19번지
11710,10500,0,0218,0020,,,표제부,공동주택,공동주택,196.2,117.02,415.54,20040205,5,0,서울특별시 송파구 석촌동 218-20번지
11710,10500,0,0219,0000,,,일반건축물,단독주택,다가구용단독주택(11가구),286.7,171,641.3,19961121,3,1,서울특별시 송파구 석촌동 219번지
11710,10500,0,0219,0001,욱빈힐타움,,표제부,공동주택,도시형생활주택(단지형다세대주택),346.5,196.57,659.76,20180130,6,0,서울특별시 송파구 석촌동 219-1번지
11710,10500,0,0219,0003,,,일반건축물,단독주택,다가구용단독주택,240.2,143.88,549.68,19960430,3,1,서울특별시 송파구 석촌동 219-3번지
11710,10500,0,0219,0004,,,표제부,공동주택,다세대주택(8세대),263.6,117,449.84,19910501,3,1,서울특별시 송파구 석촌동 219-4번지
11710,10500,0,0219,0005,Multi-Family Housings,,표제부,공동주택,공동주택,188.4,112.32,464.64,20020816,5,0,서울특별시 송파구 석촌동 219-5번지
11710,10500,0,0219,0006,,,일반건축물,단독주택,"다가구주택,근린생활시설",165.2,98.7,289.14,20191127,4,0,서울특별시 송파구 석촌동 219-6번지
11710,10500,0,0219,0007,,,일반건축물,노유자시설,노유자시설,193.2,0,256.88,19831230,2,1,서울특별시 송파구 석촌동 219-7번지
11710,10500,0,0219,0008,,,표제부,공동주택,다세대주택(8가구),0,0,432,19901228,3,1,서울특별시 송파구 석촌동 219-8번지
11710,10500,0,0219,0009,,,일반건축물,단독주택,"근린생활시설, 다가구용단독주택",231.9,139.06,508.01,19980706,4,1,서울특별시 송파구 석촌동 219-9번지
11710,10500,0,0219,0010,,,표제부,공동주택,공동주택,201.6,120.36,425.45,20030710,5,0,서울특별시 송파구 석촌동 219-10번지
11710,10500,0,0219,0011,,,표제부,공동주택,공동주택,188.7,112.99,410.03,20030712,5,0,서울특별시 송파구 석촌동 219-11번지
11710,10500,0,0219,0012,,,표제부,공동주택,공동주택(다세대주택),188.9,113.1,419.55,20121105,5,0,서울특별시 송파구 석촌동 219-12번지
11710,10500,0,0219,0013,,,표제부,공동주택,다세대주택,239.9,136.74,649.14,19930227,4,1,서울특별시 송파구 석촌동 219-13번지
11710,10500,0,0219,0014,,,일반건축물,단독주택,다가구용단독주택(10가구),193,115.08,443.16,19960103,3,1,서울특별시 송파구 석촌동 219-14번지
11710,10500,0,0219,0015,,,일반건축물,단독주택,다가구주택(7가구),193.2,114.14,404.14,19961122,3,1,서울특별시 송파구 석촌동 219-15번지
11710,10500,0,0219,0016,,,표제부,공동주택,다세대주택(10세대),240.2,142.16,597.28,19940806,4,1,서울특별시 송파구 석촌동 219-16번지
11710,10500,0,0219,0017,,,표제부,공동주택,공동주택,188.4,112.32,490.14,20020810,6,0,서울특별시 송파구 석촌동 219-17번지
11710,10500,0,0219,0018,,,일반건축물,단독주택,근린생활시설외1,0,0,493.06,19870821,3,1,서울특별시 송파구 석촌동 219-18번지
11710,10500,0,0219,0019,,,표제부,공동주택,다세대주택,205.7,122.66,408.24,20171026,5,0,서울특별시 송파구 석촌동 219-19번지
11710,10500,0,0219,0021,,,표제부,공동주택,다세대주택(8가구),0,0,432,19901228,3,1,서울특별시 송파구 석촌동 219-21번지
11710,10500,0,0220,0000,16동,,일반건축물,운동시설,샤워장,41735.5,33.39,33.39,19951227,1,0,서울특별시 송파구 석촌동 220번지
11710,10500,0,0220,0000,24동,,일반건축물,교육연구시설,교육연구시설(탈의실),17011.2,98.43,98.43,20170714,1,0,서울특별시 송파구 석촌동 220번지
11710,10500,0,0220,0000,14동,,일반건축물,운동시설,실내연습장,41735.5,300,300,19951227,1,0,서울특별시 송파구 석촌동 220번지
11710,10500,0,0220,0001,,,일반건축물,단독주택,다가구용단독주택(11가구),215.5,129,481.6,19960207,3,1,서울특별시 송파구 석촌동 220-1번지
11710,10500,0,0220,0002,,,일반건축물,단독주택,근린생활시설 및 다가구주택,0,0,657.2,19881010,4,1,서울특별시 송파구 석촌동 220-2번지
11710,10500,0,0220,0003,,,표제부,공동주택,공동주택 외1,231.4,138.6,578.18,20031014,5,0,서울특별시 송파구 석촌동 220-3번지
11710,10500,0,0220,0004,석촌해피빌,,표제부,공동주택,공동주택(다세대주택),198.1,118.8,424.78,20040721,5,0,서울특별시 송파구 석촌동 220-4번지
11710,10500,0,0220,0006,,,표제부,공동주택,공동주택(다세대주택),198.1,118.32,468.16,20040903,6,0,서울특별시 송파구 석촌동 220-6번지
11710,10500,0,0220,0007,,,일반건축물,제2종근린생활시설,근린생활시설외 1,231.4,138.67,654.64,20040102,5,0,서울특별시 송파구 석촌동 220-7번지
11710,10500,0,0220,0008,,,일반건축물,단독주택,다가구주택(4가구) 외1,231.4,138.19,494.8,19940719,3,1,서울특별시 송파구 석촌동 220-8번지
11710,10500,0,0220,0009,,,표제부,공동주택,공동주택,198.1,118.63,360.12,20170707,5,0,서울특별시 송파구 석촌동 220-9번지
11710,10500,0,0220,0012,,,일반건축물,제1종근린생활시설,"근린생활시설, 주택",0,0,526.6,19881108,4,1,서울특별시 송파구 석촌동 220-12번지
11710,10500,0,0220,0013,욱빈타워,,일반건축물,제2종근린생활시설,제2종근린생활시설,362.1,213.69,956.23,20041217,7,0,서울특별시 송파구 석촌동 220-13번지
11710,10500,0,0220,0014,,,일반건축물,제1종근린생활시설,근린생활시설,0,0,489,19840905,3,1,서울특별시 송파구 석촌동 220-14번지
11710,10500,0,0221,0000,,,일반건축물,업무시설,"근린,업무및창고시설",689.2,333.96,2426.85,19940601,6,1,서울특별시 송파구 석촌동 221번지
11710,10500,0,0221,0001,,,일반건축물,단독주택,근린생활시설 및 주택,198.5,110.25,508.27,19871211,4,1,서울특별시 송파구 석촌동 221-1번지
11710,10500,0,0221,0003,,,표제부,공동주택,다세대주택,0,0,328.13,19860625,2,1,서울특별시 송파구 석촌동 221-3번지
11710,10500,0,0221,0005,,,표제부,공동주택,다세대주택,0,0,328.16,19860922,2,1,서울특별시 송파구 석촌동 221-5번지
11710,10500,0,0221,0006,,,표제부,공동주택,연립주택,0,0,1630.12,19910624,4,1,서울특별시 송파구 석촌동 221-6번지
11710,10500,0,0221,0007,석촌빌라,,표제부,공동주택,도시형생활주택(단지형다세대주택),0,193.6,559.98,20150904,5,0,서울특별시 송파구 석촌동 221-7번지
11710,10500,0,0221,0007,석촌빌라,,표제부,공동주택,도시형생활주택(단지형다세대주택),0,153.08,583.92,20150904,5,0,서울특별시 송파구 석촌동 221-7번지
11710,10500,0,0221,0007,석촌빌라,,표제부,공동주택,도시형생활주택(단지형다세대주택),0,153.08,619.56,20150904,5,0,서울특별시 송파구 석촌동 221-7번지
11710,10500,0,0221,0009,MPORARY Seckchon221,,표제부,공동주택,다세대주택,519.4,306.42,1603.02,20231220,5,2,서울특별시 송파구 석촌동 221-9번지
11710,10500,0,0221,0013,,,일반건축물,단독주택,단독주택,166.5,0,237.58,19860707,2,1,서울특별시 송파구 석촌동 221-13번지
11710,10500,0,0221,0014,,,표제부,공동주택,다세대주택,220.68,0,329.85,19860731,2,1,서울특별시 송파구 석촌동 221-14번지
11710,10500,0,0221,0015,,,표제부,공동주택,다세대주택,0,0,325.51,19861126,3,1,서울특별시 송파구 석촌동 221-15번지
11710,10500,0,0221,0016,,,표제부,공동주택,다세대주택,0,0,319.15,19861122,3,1,서울특별시 송파구 석촌동 221-16번지
11710,10500,0,0221,0017,,,표제부,공동주택,다세대주택,0,0,328.33,19861124,3,1,서울특별시 송파구 석촌동 221-17번지
11710,10500,0,0222,0000,,,일반건축물,단독주택,단독주택,0,0,248.28,19850829,2,1,서울특별시 송파구 석촌동 222번지
11710,10500,0,0222,0001,,,일반건축물,단독주택,단독주택,234.3,0,253.85,19840107,2,1,서울특별시 송파구 석촌동 222-1번지
11710,10500,0,0222,0003,,,표제부,공동주택,공동주택,238,140.87,548.5,20020823,5,0,서울특별시 송파구 석촌동 222-3번지
11710,10500,0,0222,0004,,,일반건축물,제1종근린생활시설,근린생활시설,433.2,0,105.9,19840807,1,1,서울특별시 송파구 석촌동 222-4번지
11710,10500,0,0222,0006,,,표제부,공동주택,다세대주택,165.3,96.26,353.82,20080116,5,0,서울특별시 송파구 석촌동 222-6번지
11710,10500,0,0222,0007,배명씨앤디아파트,,표제부,공동주택,공동주택,543.8,302.49,1572.06,20040514,7,0,서울특별시 송파구 석촌동 222-7번지
11710,10500,0,0222,0009,,,표제부,공동주택,공동주택(다세대주택),185.1,108.36,368.8,20111213,5,0,서울특별시 송파구 석촌동 222-9번지
11710,10500,0,0222,0010,,,표제부,공동주택,공동주택(다세대주택),187,109.91,373.92,20111201,5,0,서울특별시 송파구 석촌동 222-10번지
11710,10500,0,0222,0011,.,,표제부,공동주택,공동주택,171.9,99.57,342.96,20140602,5,0,서울특별시 송파구 석촌동 222-11번지
11710,10500,0,0223,0000,,,일반건축물,제1종근린생활시설,근린생활시설및주택,165.3,82.4,329.86,19861002,3,1,서울특별시 송파구 석촌동 223번지
11710,10500,0,0223,0001,,,표제부,공동주택,도시형생활주택,962.7,0,647.85,20180503,0,1,서울특별시 송파구 석촌동 223-1번지
11710,10500,0,0223,0001,,,표제부,공동주택,도시형생활주택,0,186.35,647.25,20180503,6,0,서울특별시 송파구 석촌동 223-1번지
11710,10500,0,0223,0001,,,표제부,공동주택,도시형생활주택,962.7,0,29.4,20180503,0,1,서울특별시 송파구 석촌동 223-1번지
11710,10500,0,0223,0001,,,표제부,공동주택,도시형생활주택,962.7,0,13.44,20180503,0,1,서울특별시 송파구 석촌동 223-1번지
11710,10500,0,0223,0001,,,표제부,공동주택,도시형생활주택,0,186.35,646.62,20180503,6,0,서울특별시 송파구 석촌동 223-1번지
11710,10500,0,0223,0001,,,표제부,공동주택,도시형생활주택,0,192.28,630.77,20180503,6,0,서울특별시 송파구 석촌동 223-1번지
11710,10500,0,0223,0002,,,일반건축물,단독주택,근린생활시설외 2,273.7,144.25,626.17,19870612,4,1,서울특별시 송파구 석촌동 223-2번지
11710,10500,0,0223,0003,,0,일반건축물,단독주택,다가구주택(13가구),285.6,170.9,621.7,19961017,3,1,서울특별시 송파구 석촌동 223-3번지
11710,10500,0,0223,0005,,,표제부,공동주택,공동주택(다세대주택),214.9,126.4,427.84,20110714,5,0,서울특별시 송파구 석촌동 223-5번지
11710,10500,0,0223,0006,지성빌딩,,일반건축물,제2종근린생활시설,근생 및 다가구주택,264.4,155.88,776.93,20021101,6,0,서울특별시 송파구 석촌동 223-6번지
11710,10500,0,0223,0007,예진하우스,,표제부,공동주택,공동주택(다세대주택),198.4,118.66,394.51,20110603,5,0,서울특별시 송파구 석촌동 223-7번지
11710,10500,0,0223,0008,,,표제부,공동주택,공동주택(다세대주택),198.4,118.31,391.15,20040821,4,0,서울특별시 송파구 석촌동 223-8번지
11710,10500,0,0223,0009,,,표제부,공동주택,공동주택,253.9,152.27,612.85,20040304,5,0,서울특별시 송파구 석촌동 223-9번지
11710,10500,0,0223,0010,해가든빌 에이동,,표제부,공동주택,다세대주택(7세대),181.8,112.72,416.94,20100104,5,0,서울특별시 송파구 석촌동 223-10번지
11710,10500,0,0223,0011,해가든빌 비동,,표제부,공동주택,다세대주택(7세대),181.8,108.64,402.14,20100104,5,0,서울특별시 송파구 석촌동 223-11번지
11710,10500,0,0223,0012,,,일반건축물,제1종근린생활시설,"근린생활시설, 주택",0,0,482.88,19870130,3,1,서울특별시 송파구 석촌동 223-12번지
11710,10500,0,0223,0013,,,일반건축물,단독주택,다가구주택(3가구) 외1,165.3,97.79,393.6,20040224,5,0,서울특별시 송파구 석촌동 223-13번지
11710,10500,0,0224,0000,,,일반건축물,제2종근린생활시설,"근린생활시설,단독주택",412.9,0,1069.99,19851017,4,1,서울특별시 송파구 석촌동 224번지
11710,10500,0,0224,0001,,,표제부,공동주택,다세대주택,178.9,0,329.52,19860626,3,1,서울특별시 송파구 석촌동 224-1번지
11710,10500,0,0224,0002,서원아파트 101동,,표제부,공동주택,공동주택(아파트),379.9,198.2,1139.48,20031111,7,0,서울특별시 송파구 석촌동 224-2번지
11710,10500,0,0224,0003,서원아파트 102동,,표제부,공동주택,공동주택,381.5,198.2,1139.48,20031111,7,0,서울특별시 송파구 석촌동 224-3번지
11710,10500,0,0224,0011,에코하임,,표제부,공동주택,도시형생활주택(단지형연립주택),779.5,394.34,1608.39,20240202,6,1,서울특별시 송파구 석촌동 224-11번지
11710,10500,0,0225,0000,,,일반건축물,제2종근린생활시설,근린생활시설,0,0,680,19880408,4,1,서울특별시 송파구 석촌동 225번지
11710,10500,0,0225,0002,,,일반건축물,단독주택,근린생활시설및주택,0,0,556.77,19880408,4,1,서울특별시 송파구 석촌동 225-2번지
11710,10500,0,0225,0003,,,일반건축물,단독주택,"주택,근린생활시설",0,0,266.44,19821223,2,1,서울특별시 송파구 석촌동 225-3번지
11710,10500,0,0225,0004,,,일반건축물,제1종근린생활시설,근린생활시설,218.7,85.95,85.95,19921014,1,0,서울특별시 송파구 석촌동 225-4번지
11710,10500,0,0225,0005,,,일반건축물,제1종근린생활시설,근린생활시설,0,0,85.95,19921009,1,0,서울특별시 송파구 석촌동 225-5번지
11710,10500,0,0225,0006,YOUNG STAY,,표제부,공동주택,도시형생활주택(원룸형),266.4,158.7,532.77,20211203,5,0,서울특별시 송파구 석촌동 225-6번지
11710,10500,0,0225,0007,,,일반건축물,제1종근린생활시설,"근린생활시설, 단독주택",167.6,0,332,19850731,3,1,서울특별시 송파구 석촌동 225-7번지
11710,10500,0,0225,0008,,,일반건축물,제2종근린생활시설,근린생활시설,194.6,88.18,447.48,19920515,4,1,서울특별시 송파구 석촌동 225-8번지
11710,10500,0,0225,0010,휴먼빌딩,,일반건축물,제2종근린생활시설,제2종근린생활시설,394.65,218.31,1042.07,20150804,5,1,서울특별시 송파구 석촌동 225-10번지
11710,10500,0,0225,0012,,,일반건축물,제2종근린생활시설,근린생활시설및주택,0,0,986.46,19871226,5,1,서울특별시 송파구 석촌동 225-12번지
11710,10500,0,0225,0013,,,일반건축물,단독주택,단독주택(다가구주택),167.7,108.6,314.99,20111205,4,0,서울특별시 송파구 석촌동 225-13번지
11710,10500,0,0225,0014,,,표제부,공동주택,공동주택(다세대주택),204.4,118.8,433.76,20101104,5,0,서울특별시 송파구 석촌동 225-14번지
11710,10500,0,0225,0015,,,표제부,공동주택,공동주택,198,117.05,364.95,20031215,5,0,서울특별시 송파구 석촌동 225-15번지
11710,10500,0,0225,0016,,,일반건축물,제1종근린생활시설,근린생활시설,222.4,85.41,85.41,19921006,1,0,서울특별시 송파구 석촌동 225-16번지
11710,10500,0,0225,0017,,,일반건축물,제1종근린생활시설,근린생활시설,0,0,85.41,19920930,1,0,서울특별시 송파구 석촌동 225-17번지
11710,10500,0,0225,0018,,,일반건축물,단독주택,다가구주택,185.2,110.74,354.92,20180827,4,0,서울특별시 송파구 석촌동 225-18번지
11710,10500,0,0225,0020,,,일반건축물,제1종근린생활시설,근린생활시설,237.6,141.8,485.74,19850727,3,1,서울특별시 송파구 석촌동 225-20번지
11710,10500,0,0225,0023,,,표제부,공동주택,공동주택(다세대주택),172,104.94,428.93,20110708,6,0,서울특별시 송파구 석촌동 225-23번지
11710,10500,0,0225,0024,하이팰리스,,표제부,공동주택,공동주택(다세대주택),172,102.66,389.66,20120322,5,0,서울특별시 송파구 석촌동 225-24번지
11710,10500,0,0225,0025,,,일반건축물,제1종근린생활시설,"근린생활시설, 주택",0,0,383.67,19830930,3,1,서울특별시 송파구 석촌동 225-25번지
11710,10500,0,0225,0027,,,표제부,공동주택,공동주택(다세대주택),198.3,118.76,392.08,20110318,5,0,서울특별시 송파구 석촌동 225-27번지
11710,10500,0,0226,0000,,,일반건축물,제1종근린생활시설,"근린생활시설, 주택",0,0,962.79,19900611,5,1,서울특별시 송파구 석촌동 226번지
11710,10500,0,0226,0001,보눔케어요양원,,일반건축물,노유자시설,노유자시설,1286.2,649.2,4588.7,19880114,6,1,서울특별시 송파구 석촌동 226-1번지
11710,10500,0,0226,0002,,,표제부,공동주택,공동주택(아파트),478,283.2,1370.53,20041008,7,1,서울특별시 송파구 석촌동 226-2번지
11710,10500,0,0226,0003,,,일반건축물,문화및집회시설,문화및집회시설,687.9,408,2115.44,20001107,5,1,서울특별시 송파구 석촌동 226-3번지
11710,10500,0,0226,0005,,,일반건축물,제1종근린생활시설,근린생활시설및주택,387.2,184.37,1467.4,19920822,6,1,서울특별시 송파구 석촌동 226-5번지
11710,10500,0,0226,0006,,,일반건축물,제2종근린생활시설,근린생활시설,406.1,187.91,1086.81,19910819,5,1,서울특별시 송파구 석촌동 226-6번지
11710,10500,0,0226,0007,,,일반건축물,제1종근린생활시설,근린생활시설,406.6,201.72,1282.63,19910819,6,1,서울특별시 송파구 석촌동 226-7번지
11710,10500,0,0226,0014,신광하이츠빌라,,표제부,공동주택,공동주택(연립주택),441,262.81,875.33,20111220,5,0,서울특별시 송파구 석촌동 226-14번지
11710,10500,0,0226,0015,야브네홀,,일반건축물,제2종근린생활시설,근린생활시설및주택,425.5,211.48,1438.98,19900912,6,1,서울특별시 송파구 석촌동 226-15번지
11710,10500,0,0226,0016,,,일반건축물,제2종근린생활시설,근린생활시설,445.4,220.92,1542.42,19900912,6,1,서울특별시 송파구 석촌동 226-16번지
11710,10500,0,0227,0000,,,일반건축물,단독주택,근린생활시설및주택,0,0,387.11,19871215,4,1,서울특별시 송파구 석촌동 227번지
11710,10500,0,0227,0002,한울맨션,,표제부,공동주택,도시형생활주택,582.1,172.89,655.96,20240501,6,1,서울특별시 송파구 석촌동 227-2번지
11710,10500,0,0227,0002,한울맨션,,표제부,공동주택,도시형생활주택,582.1,172.89,657.84,20240501,6,1,서울특별시 송파구 석촌동 227-2번지
11710,10500,0,0227,0003,청년가,,표제부,공동주택,다세대주택(도시형생활주택),297.2,170.67,651.15,20260611,5,0,서울특별시 송파구 석촌동 227-3번지
11710,10500,0,0227,0004,,,표제부,공동주택,공동주택,167.5,99.62,427.8,20040304,5,0,서울특별시 송파구 석촌동 227-4번지
11710,10500,0,0227,0005,,,표제부,공동주택,연립주택,1430.8,548.68,2107.52,19890602,3,1,서울특별시 송파구 석촌동 227-5번지
11710,10500,0,0227,0010,석촌동 베스트 휴 아파트,,표제부,공동주택,공동주택(아파트),401.1,176.64,801.18,20061012,6,0,서울특별시 송파구 석촌동 227-10번지
11710,10500,0,0227,0011,은성아파트,,표제부,공동주택,공동주택,351.6,180.96,994.76,20041101,7,0,서울특별시 송파구 석촌동 227-11번지
11710,10500,0,0227,0012,밀란체아파트,,표제부,공동주택,공동주택(아파트),528.5,174.06,1055.94,20070131,8,0,서울특별시 송파구 석촌동 227-12번지
11710,10500,0,0227,0014,,,일반건축물,제1종근린생활시설,근린생활시설및주택,0,0,505.38,19871211,3,1,서울특별시 송파구 석촌동 227-14번지
11710,10500,0,0227,0015,씨티빌라,,표제부,공동주택,"근린생활시설,다세대주택",330.6,192.9,829.75,20021024,5,0,서울특별시 송파구 석촌동 227-15번지
11710,10500,0,0227,0018,아름하이빌,,표제부,공동주택,공동주택(다세대주택),330.5,188.87,657.53,20110225,5,0,서울특별시 송파구 석촌동 227-18번지
11710,10500,0,0227,0020,,,표제부,공동주택,다세대주택,165.4,99.18,329.8,20131008,5,0,서울특별시 송파구 석촌동 227-20번지
11710,10500,0,0227,0021,,,표제부,공동주택,다세대주택 및 근린생활시설,207.2,123.5,414.14,20140610,5,0,서울특별시 송파구 석촌동 227-21번지
11710,10500,0,0228,0000,,,일반건축물,단독주택,근린생활시설및주택,0,0,398.04,19861210,3,1,서울특별시 송파구 석촌동 228번지
11710,10500,0,0228,0001,,,일반건축물,단독주택,다가구주택(12가구),194.8,116.77,455.42,19960906,3,1,서울특별시 송파구 석촌동 228-1번지
11710,10500,0,0228,0002,신성퍼스트,,표제부,공동주택,도시형생활주택(단지형다세대주택),198.2,114.66,396.32,20171221,6,0,서울특별시 송파구 석촌동 228-2번지
11710,10500,0,0228,0003,,,일반건축물,단독주택,다가구용단독주택(14가구),227.8,136.08,525.48,19961111,3,1,서울특별시 송파구 석촌동 228-3번지
11710,10500,0,0228,0004,,,일반건축물,단독주택,다가구용단독주택(9가구),189.7,113.79,444.7,19971001,3,1,서울특별시 송파구 석촌동 228-4번지
11710,10500,0,0228,0005,,,표제부,공동주택,다세대주택,168.3,99.88,330.28,20130624,5,0,서울특별시 송파구 석촌동 228-5번지
11710,10500,0,0228,0006,,,일반건축물,단독주택,다가구용단독주택(11가구),259.6,155.52,530.55,19970228,3,1,서울특별시 송파구 석촌동 228-6번지
11710,10500,0,0228,0007,,,표제부,공동주택,공동주택(다세대주택),284,170.03,620.1,20120706,5,0,서울특별시 송파구 석촌동 228-7번지
11710,10500,0,0228,0008,,,표제부,공동주택,공동주택(다세대주택),207.9,126.5,483.49,20040904,5,0,서울특별시 송파구 석촌동 228-8번지
11710,10500,0,0228,0009,,,일반건축물,제1종근린생활시설,"근린생활시설, 노유자시설, 주택",326.7,162.87,988.4,19910218,5,1,서울특별시 송파구 석촌동 228-9번지
11710,10500,0,0228,0010,,,일반건축물,단독주택,다가구주택(12가구),117.13,117.13,456.86,19960907,3,1,서울특별시 송파구 석촌동 228-10번지
11710,10500,0,0228,0011,무궁화타운,,표제부,공동주택,공동주택(다세대주택),204.1,122.44,450.37,20040817,5,0,서울특별시 송파구 석촌동 228-11번지
11710,10500,0,0228,0012,,,표제부,공동주택,공동주택(다세대주택),194.1,118.61,452.91,20040603,5,0,서울특별시 송파구 석촌동 228-12번지
11710,10500,0,0228,0013,,,표제부,공동주택,다세대주택,187.5,112.14,429.25,20080109,5,0,서울특별시 송파구 석촌동 228-13번지
11710,10500,0,0228,0014,,,표제부,공동주택,공동주택외1,172,102.18,316.13,20040610,4,0,서울특별시 송파구 석촌동 228-14번지
11710,10500,0,0228,0015,,,표제부,공동주택,다세대주택,227.7,135.8,659.43,20001116,4,1,서울특별시 송파구 석촌동 228-15번지
11710,10500,0,0228,0017,,,표제부,공동주택,공동주택,165.1,98.28,412.44,20020624,5,0,서울특별시 송파구 석촌동 228-17번지
11710,10500,0,0228,0018,,,일반건축물,단독주택,단독주택,165.2,82.56,248.53,19861118,2,1,서울특별시 송파구 석촌동 228-18번지
11710,10500,0,0229,0000,,,일반건축물,단독주택,"근린생활시설, 주택",0,0,652.6,19900411,4,1,서울특별시 송파구 석촌동 229번지
11710,10500,0,0229,0001,1,,표제부,공동주택,다세대주택,165.6,98.68,403.68,20021004,5,0,서울특별시 송파구 석촌동 229-1번지
11710,10500,0,0229,0002,해오름빌,,표제부,공동주택,공동주택(다세대주택),339.6,203.52,688.75,20120420,6,0,서울특별시 송파구 석촌동 229-2번지
11710,10500,0,0229,0003,현대파크빌,,표제부,공동주택,연립주택,513.6,306.47,1638.95,20000225,4,1,서울특별시 송파구 석촌동 229-3번지
11710,10500,0,0229,0004,,,표제부,공동주택,공동주택,267.3,160,595.56,20030226,5,0,서울특별시 송파구 석촌동 229-4번지
11710,10500,0,0229,0005,,,일반건축물,제2종근린생활시설,근린생활시설및주택,0,0,702.69,19901210,5,1,서울특별시 송파구 석촌동 229-5번지
11710,10500,0,0229,0006,,,일반건축물,단독주택,다가구주택(14가구),214.6,128.64,503.28,19970226,3,1,서울특별시 송파구 석촌동 229-6번지
11710,10500,0,0229,0007,,,일반건축물,단독주택,다가구주택(10가구),214.6,128.93,483.18,19970729,3,1,서울특별시 송파구 석촌동 229-7번지
11710,10500,0,0229,0008,,,일반건축물,단독주택,다가구주택(12가구),214.6,128.71,497.8,19950506,3,1,서울특별시 송파구 석촌동 229-8번지
11710,10500,0,0229,0009,프라임51,,표제부,공동주택,다세대주택,214.6,128.31,427.36,20160304,5,0,서울특별시 송파구 석촌동 229-9번지
11710,10500,0,0229,0010,,,일반건축물,단독주택,다가구주택(11가구),214.6,128.7,500.79,19951012,3,1,서울특별시 송파구 석촌동 229-10번지
11710,10500,0,0229,0011,,,일반건축물,단독주택,다가구주택(12가구),214.6,127.9,506.05,19960918,3,1,서울특별시 송파구 석촌동 229-11번지
11710,10500,0,0229,0012,,,표제부,공동주택,공동주택(다세대주택),208.4,124.12,440.94,20070830,5,0,서울특별시 송파구 석촌동 229-12번지
11710,10500,0,0229,0013,,,표제부,공동주택,다세대주택,208.4,124.7,398.86,20171214,5,0,서울특별시 송파구 석촌동 229-13번지
11710,10500,0,0229,0014,,,일반건축물,단독주택,단독주택,205,92.46,249.48,19870218,2,1,서울특별시 송파구 석촌동 229-14번지
11710,10500,0,0229,0015,,,일반건축물,단독주택,다가구용단독주택(6가구),205,115.64,402.82,19971114,3,1,서울특별시 송파구 석촌동 229-15번지
11710,10500,0,0229,0016,,,표제부,공동주택,공동주택,201.7,120.8,462.87,20031014,6,0,서울특별시 송파구 석촌동 229-16번지
11710,10500,0,0229,0017,,,표제부,공동주택,공동주택,201.7,142.1,498.79,20030929,6,0,서울특별시 송파구 석촌동 229-17번지
11710,10500,0,0229,0018,다송빌리지,,표제부,공동주택,다세대주택(7세대),165.5,98.8,395.96,20011206,5,0,서울특별시 송파구 석촌동 229-18번지
11710,10500,0,0230,0000,,,표제부,공동주택,공동주택 외 1,291,174.13,783.98,20030205,5,0,서울특별시 송파구 석촌동 230번지
11710,10500,0,0230,0001,,,표제부,공동주택,공동주택,227.8,135.9,490.08,20031113,5,0,서울특별시 송파구 석촌동 230-1번지
11710,10500,0,0230,0002,,,표제부,공동주택,공동주택,206.2,135.58,522.38,20041129,6,0,서울특별시 송파구 석촌동 230-2번지
11710,10500,0,0230,0003,,,일반건축물,단독주택,"근린생활시설, 주택",0,0,531.12,19890421,3,1,서울특별시 송파구 석촌동 230-3번지
11710,10500,0,0230,0004,,,표제부,공동주택,다세대주택,227.7,136.32,455.17,20160608,5,0,서울특별시 송파구 석촌동 230-4번지
11710,10500,0,0230,0005,,,표제부,공동주택,공동주택(다세대주택),227.6,136.5,454.72,20150608,5,0,서울특별시 송파구 석촌동 230-5번지
11710,10500,0,0230,0006,남창빌라,,표제부,공동주택,공동주택(다세대주택),235.9,139.02,502.13,20021203,5,0,서울특별시 송파구 석촌동 230-6번지
11710,10500,0,0230,0008,,,표제부,공동주택,공동주택,182,107.64,420.15,20031103,6,0,서울특별시 송파구 석촌동 230-8번지
11710,10500,0,0230,0009,,,표제부,공동주택,공동주택,194.9,115.5,472.71,20040106,5,0,서울특별시 송파구 석촌동 230-9번지
11710,10500,0,0230,0010,LUKAS VILL,,표제부,공동주택,공동주택,195,111.2,424.42,20230904,6,1,서울특별시 송파구 석촌동 230-10번지
11710,10500,0,0230,0011,동영빌라,,표제부,공동주택,공동주택,195.1,117,486.79,20021129,5,0,서울특별시 송파구 석촌동 230-11번지
11710,10500,0,0230,0012,,,표제부,공동주택,다세대주택,195.1,113.6,505.04,20011228,4,1,서울특별시 송파구 석촌동 230-12번지
11710,10500,0,0230,0013,,,일반건축물,단독주택,다가구주택(11가구),194.9,116.74,448.12,19960124,3,1,서울특별시 송파구 석촌동 230-13번지
11710,10500,0,0230,0014,,,일반건축물,단독주택,다가구주택(10가구),195,116.65,464.95,19961120,3,1,서울특별시 송파구 석촌동 230-14번지
11710,10500,0,0230,0015,,,일반건축물,단독주택,다가구용단독주택(8가구),194.9,116.68,461.68,19970630,3,1,서울특별시 송파구 석촌동 230-15번지
11710,10500,0,0230,0016,,,표제부,공동주택,공동주택,238,141.75,561.94,20031127,5,0,서울특별시 송파구 석촌동 230-16번지
11710,10500,0,0230,0017,,,표제부,공동주택,공동주택(다세대주택),204.9,153.5,516.68,20040831,6,0,서울특별시 송파구 석촌동 230-17번지
11710,10500,0,0230,0018,,,표제부,공동주택,다세대주택,182.1,108.75,363.65,20190412,5,0,서울특별시 송파구 석촌동 230-18번지
11710,10500,0,0230,0019,,,일반건축물,단독주택,다가구주택(10가구),194.9,116.56,464.68,19960918,3,1,서울특별시 송파구 석촌동 230-19번지
11710,10500,0,0230,0020,,,표제부,공동주택,공동주택(다세대주택),180,107.5,385.45,20041210,5,0,서울특별시 송파구 석촌동 230-20번지
11710,10500,0,0231,0000,,,일반건축물,단독주택,"근린생활시설, 다가구주택",0,0,559.6,19880915,4,1,서울특별시 송파구 석촌동 231번지
11710,10500,0,0231,0001,푸른초장빌,,표제부,공동주택,공동주택(다세대주택),250.7,149.95,596.32,20051207,5,0,서울특별시 송파구 석촌동 231-1번지
11710,10500,0,0231,0002,배영빌리지,,표제부,공동주택,공동주택(다세대주택),180.5,108.01,415.76,20020123,5,0,서울특별시 송파구 석촌동 231-2번지
11710,10500,0,0231,0003,,,표제부,공동주택,공동주택(다세대주택),178.7,106.4,458.46,20020201,5,0,서울특별시 송파구 석촌동 231-3번지
11710,10500,0,0231,0004,리치빌,,표제부,공동주택,공동주택,174.5,104.28,445.72,20031002,5,0,서울특별시 송파구 석촌동 231-4번지
11710,10500,0,0231,0005,,,표제부,공동주택,공동주택(다세대주택),237.9,140.31,563.83,20040721,5,0,서울특별시 송파구 석촌동 231-5번지
11710,10500,0,0231,0006,,,일반건축물,단독주택,단독주택,158.4,77.5,231.81,19871111,2,1,서울특별시 송파구 석촌동 231-6번지
11710,10500,0,0231,0007,,,표제부,공동주택,공동주택,264.5,157.55,561.07,20030711,5,0,서울특별시 송파구 석촌동 231-7번지
11710,10500,0,0231,0008,,,일반건축물,단독주택,다가구주택(11가구),266,156.28,531.84,19920724,3,1,서울특별시 송파구 석촌동 231-8번지
11710,10500,0,0231,0009,,,일반건축물,단독주택,다가구주택(8가구),220.2,131.83,474.4,19990630,3,1,서울특별시 송파구 석촌동 231-9번지
11710,10500,0,0231,0010,,,표제부,공동주택,공동주택(다세대주택),213.3,126.58,426.28,20040525,5,0,서울특별시 송파구 석촌동 231-10번지
11710,10500,0,0231,0011,,,표제부,공동주택,공동주택,329.8,192.81,654.25,20031103,5,0,서울특별시 송파구 석촌동 231-11번지
11710,10500,0,0231,0013,,,표제부,공동주택,다세대주택,302.1,180.29,561.77,20170601,5,0,서울특별시 송파구 석촌동 231-13번지
11710,10500,0,0231,0014,,,표제부,공동주택,공동주택,220.3,131.1,468.62,20030923,5,0,서울특별시 송파구 석촌동 231-14번지
11710,10500,0,0231,0015,BARIHAUS,,표제부,공동주택,다세대주택,244.6,146.34,489.12,20250714,5,0,서울특별시 송파구 석촌동 231-15번지
11710,10500,0,0231,0016,,,일반건축물,단독주택,다가구용단독주택(8가구),222.27,121.4,475.2,19910524,3,1,서울특별시 송파구 석촌동 231-16번지
11710,10500,0,0231,0017,,,표제부,공동주택,공동주택,174.5,103.24,464.99,20031001,6,0,서울특별시 송파구 석촌동 231-17번지
11710,10500,0,0231,0018,한솔빌리지,,표제부,공동주택,공동주택(다세대),174.5,102.06,443.68,20021007,4,1,서울특별시 송파구 석촌동 231-18번지
11710,10500,0,0232,0000,,,일반건축물,제2종근린생활시설,근린생활시설,378.6,185.48,815.66,19880830,4,1,서울특별시 송파구 석촌동 232번지
11710,10500,0,0232,0001,스카이빌 2,,표제부,공동주택,공동주택,159.5,95.57,395,20030326,5,0,서울특별시 송파구 석촌동 232-1번지
11710,10500,0,0232,0002,모던하우스,,표제부,공동주택,공동주택,194.5,116.15,471.59,20040322,5,0,서울특별시 송파구 석촌동 232-2번지
11710,10500,0,0232,0003,,,표제부,공동주택,공동주택(다세대주택),198,118.18,519.34,20040707,5,0,서울특별시 송파구 석촌동 232-3번지
11710,10500,0,0232,0004,,,일반건축물,단독주택,단독주택,0,0,246.78,19900627,2,1,서울특별시 송파구 석촌동 232-4번지
11710,10500,0,0232,0005,보성파크빌,,표제부,공동주택,공동주택(다세대주택),221.6,130.34,455.82,20070618,5,0,서울특별시 송파구 석촌동 232-5번지
11710,10500,0,0232,0006,,,표제부,공동주택,"다세대주택(8세대), 근린생활시설",288.9,173.3,798.07,20011015,5,0,서울특별시 송파구 석촌동 232-6번지
11710,10500,0,0232,0007,,,일반건축물,단독주택,단독주택,0,0,291.91,19890118,2,1,서울특별시 송파구 석촌동 232-7번지
11710,10500,0,0232,0009,,,표제부,공동주택,다세대주택,165.3,98.79,330.39,20200406,5,0,서울특별시 송파구 석촌동 232-9번지
11710,10500,0,0232,0010,,,일반건축물,단독주택,다가구주택(9가구),165.3,95.89,375.85,19990902,3,1,서울특별시 송파구 석촌동 232-10번지
11710,10500,0,0232,0011,,,표제부,공동주택,공동주택(다세대주택),194.5,116.54,383.82,20070710,5,0,서울특별시 송파구 석촌동 232-11번지
11710,10500,0,0232,0012,,,표제부,공동주택,공동주택(다세대주택),194.8,105.83,432.17,20060607,6,0,서울특별시 송파구 석촌동 232-12번지
11710,10500,0,0232,0013,정빈트리라움,,표제부,공동주택,다세대주택,207,123.49,413.62,20180712,6,0,서울특별시 송파구 석촌동 232-13번지
11710,10500,0,0232,0014,,,표제부,공동주택,공동주택(다세대주택),198,118.58,488.71,20040629,5,0,서울특별시 송파구 석촌동 232-14번지
11710,10500,0,0232,0015,석촌파크빌,,표제부,공동주택,공동주택(다세대주택),218.3,129.6,550.4,20040723,6,0,서울특별시 송파구 석촌동 232-15번지
11710,10500,0,0232,0016,,,표제부,공동주택,공동주택,206.7,123.84,412.75,20140331,5,0,서울특별시 송파구 석촌동 232-16번지
11710,10500,0,0232,0017,,,일반건축물,단독주택,단독주택,0,0,290.49,19881214,2,1,서울특별시 송파구 석촌동 232-17번지
11710,10500,0,0232,0019,스카이빌 1,,표제부,공동주택,공동주택,159.6,95.57,395,20030326,5,0,서울특별시 송파구 석촌동 232-19번지
11710,10500,0,0233,0000,,,일반건축물,제2종근린생활시설,근린생활시설(점포),274,135.96,407.88,19830628,2,1,서울특별시 송파구 석촌동 233번지
11710,10500,0,0233,0001,,,일반건축물,단독주택,단독주택,0,0,249.63,19870811,2,1,서울특별시 송파구 석촌동 233-1번지
11710,10500,0,0233,0002,,,표제부,공동주택,공동주택,177.01,108.87,451.6,20030421,5,0,서울특별시 송파구 석촌동 233-2번지
11710,10500,0,0233,0003,,,표제부,공동주택,공동주택/다세대주택,242.4,145.39,484.57,20140602,5,0,서울특별시 송파구 석촌동 233-3번지
11710,10500,0,0233,0004,,,표제부,공동주택,공동주택(다세대주택),214.6,125.54,451.05,20071115,6,0,서울특별시 송파구 석촌동 233-4번지
11710,10500,0,0233,0005,화이트빌,,표제부,공동주택,공동주택(다세대주택),196.4,116.58,391.92,20060721,5,0,서울특별시 송파구 석촌동 233-5번지
11710,10500,0,0233,0006,,,표제부,공동주택,"공동주택(도시형생활주택,다세대주택)",221.3,113.36,415.96,20120719,6,0,서울특별시 송파구 석촌동 233-6번지
11710,10500,0,0233,0007,,,일반건축물,제2종근린생활시설,근린생활시설,228.6,114.21,198.9,19930925,2,0,서울특별시 송파구 석촌동 233-7번지
11710,10500,0,0233,0008,,,표제부,공동주택,공동주택,199.2,118.8,440.66,20030916,5,0,서울특별시 송파구 석촌동 233-8번지
11710,10500,0,0233,0009,,,표제부,공동주택,공동주택,199.3,119,434.66,20030205,5,0,서울특별시 송파구 석촌동 233-9번지
11710,10500,0,0233,0010,,,표제부,공동주택,공동주택(다세대주택),199.1,119.33,434.58,20070731,4,0,서울특별시 송파구 석촌동 233-10번지
11710,10500,0,0233,0011,,,일반건축물,단독주택,다가구용단독주택(9가구),213,127.71,500.38,19970801,3,1,서울특별시 송파구 석촌동 233-11번지
11710,10500,0,0233,0012,,,일반건축물,단독주택,단독주택,0,0,249.32,19890622,2,1,서울특별시 송파구 석촌동 233-12번지
11710,10500,0,0233,0013,청호빌,,표제부,공동주택,공동주택(다세대주택),185.1,111.96,466.41,20050819,5,0,서울특별시 송파구 석촌동 233-13번지
11710,10500,0,0233,0014,,,표제부,공동주택,다세대주택,228,149.63,508.94,20050608,5,0,서울특별시 송파구 석촌동 233-14번지
11710,10500,0,0233,0015,,,표제부,공동주택,공동주택,192,131.21,458.36,20030203,5,0,서울특별시 송파구 석촌동 233-15번지
11710,10500,0,0233,0016,,,표제부,공동주택,공동주택,188.4,112.88,485.1,20030806,5,0,서울특별시 송파구 석촌동 233-16번지
11710,10500,0,0234,0000,석촌코아빌,,표제부,공동주택,공동주택 외  1,177.4,106.1,530.5,20030123,5,0,서울특별시 송파구 석촌동 234번지
11710,10500,0,0234,0001,화영지,,표제부,공동주택,도시형생활주택(단지형다세대주택),249.4,145.62,497.81,20190208,6,0,서울특별시 송파구 석촌동 234-1번지
11710,10500,0,0234,0002,,,일반건축물,단독주택,다가구주택(15가구),215.1,129,479.94,19951030,3,1,서울특별시 송파구 석촌동 234-2번지
11710,10500,0,0234,0003,,,표제부,공동주택,다세대주택,223.6,134.13,531.84,19951211,3,1,서울특별시 송파구 석촌동 234-3번지
11710,10500,0,0234,0004,,,일반건축물,단독주택,다가구용단독주택(7가구),198.4,117.86,429.06,19960130,3,1,서울특별시 송파구 석촌동 234-4번지
11710,10500,0,0234,0005,,,일반건축물,단독주택,다가구용단독주택(13가구),198.4,118.4,419.78,19960513,3,1,서울특별시 송파구 석촌동 234-5번지
11710,10500,0,0234,0006,,,표제부,공동주택,공동주택,198.3,118.68,453.79,20021016,5,0,서울특별시 송파구 석촌동 234-6번지
11710,10500,0,0234,0007,,,일반건축물,단독주택,다가구용단독주택(7가구),198.4,118.31,399.42,19961224,3,1,서울특별시 송파구 석촌동 234-7번지
11710,10500,0,0234,0008,,,일반건축물,단독주택,다가구용단독주택(11가구),198.3,117.51,429.27,19921203,3,1,서울특별시 송파구 석촌동 234-8번지
11710,10500,0,0234,0009,,,일반건축물,단독주택,다가구주택(11가구),198.5,118.44,416.64,19980211,3,1,서울특별시 송파구 석촌동 234-9번지
11710,10500,0,0234,0010,,,일반건축물,제2종근린생활시설,"근린생활시설, 주택",227.7,113.14,632.69,19910125,5,1,서울특별시 송파구 석촌동 234-10번지
11710,10500,0,0234,0011,,,일반건축물,단독주택,다가구주택(7가구),173.6,103.77,368.91,19930830,3,1,서울특별시 송파구 석촌동 234-11번지
11710,10500,0,0234,0012,,,일반건축물,단독주택,다가구주택(8가구),173.4,101.37,370.8,19930904,3,1,서울특별시 송파구 석촌동 234-12번지
11710,10500,0,0234,0013,,,일반건축물,단독주택,다가구주택(7가구),173.6,103.77,381.06,19930913,3,1,서울특별시 송파구 석촌동 234-13번지
11710,10500,0,0234,0014,,,일반건축물,단독주택,다가구주택(7가구),173.5,103.77,368.91,19930825,3,1,서울특별시 송파구 석촌동 234-14번지
11710,10500,0,0234,0015,복돌빌라,,표제부,공동주택,공동주택,252.1,149.78,584.4,20031022,5,0,서울특별시 송파구 석촌동 234-15번지
11710,10500,0,0235,0000,,,일반건축물,제1종근린생활시설,근린생활시설,248.5,0,492.04,19830613,3,1,서울특별시 송파구 석촌동 235번지
11710,10500,0,0235,0001,,,일반건축물,제2종근린생활시설,"근린생활시설,창고시설",441.1,148.96,492.56,19940512,3,1,서울특별시 송파구 석촌동 235-1번지
11710,10500,0,0235,0002,,,일반건축물,업무시설,업무시설,0,0,946.89,19900612,5,1,서울특별시 송파구 석촌동 235-2번지
11710,10500,0,0235,0003,신양빌딩,,일반건축물,제1종근린생활시설,근린생활시설,285.8,91.7,201.6,20021004,3,0,서울특별시 송파구 석촌동 235-3번지
11710,10500,0,0235,0004,엘815빌딩,,일반건축물,제1종근린생활시설,근린생활시설,385.3,186.62,997.26,20170925,6,1,서울특별시 송파구 석촌동 235-4번지
11710,10500,0,0235,0005,서화빌딩,,일반건축물,제1종근린생활시설,근린생활시설,377,182.7,1309.34,19910401,6,1,서울특별시 송파구 석촌동 235-5번지
11710,10500,0,0235,0006,,,일반건축물,제1종근린생활시설,근린생활시설,0,0,1305.72,19890524,4,1,서울특별시 송파구 석촌동 235-6번지
11710,10500,0,0235,0007,,,일반건축물,제1종근린생활시설,"근린생활시설,주택",0,0,883.55,19860917,4,1,서울특별시 송파구 석촌동 235-7번지
11710,10500,0,0235,0008,,,표제부,공동주택,다세대주택(8세대),350,141.16,599.72,19910831,4,1,서울특별시 송파구 석촌동 235-8번지
11710,10500,0,0235,0009,,,표제부,공동주택,"다세대주택, 근린생활시설",167.3,83.04,303.74,20171108,5,0,서울특별시 송파구 석촌동 235-9번지
11710,10500,0,0235,0010,,,표제부,공동주택,제2종근린생활시설 및 다세대주택,288.4,144.13,516.69,20171013,5,0,서울특별시 송파구 석촌동 235-10번지
11710,10500,0,0235,0011,,,일반건축물,단독주택,주택,0,0,244.62,19830625,2,1,서울특별시 송파구 석촌동 235-11번지
11710,10500,0,0235,0012,아트하우스,,표제부,공동주택,공동주택,204.3,153.29,536.05,20040519,6,0,서울특별시 송파구 석촌동 235-12번지
11710,10500,0,0235,0013,아트하우스,,표제부,공동주택,공동주택,174.5,104.46,375.1,20021122,5,0,서울특별시 송파구 석촌동 235-13번지
11710,10500,0,0235,0014,,,표제부,공동주택,공동주택(다세대주택),198.4,118.3,425.65,20040823,5,0,서울특별시 송파구 석촌동 235-14번지
11710,10500,0,0235,0015,,,표제부,공동주택,공동주택(다세대주택),247.5,147.42,565.66,20040917,6,0,서울특별시 송파구 석촌동 235-15번지
11710,10500,0,0235,0016,,,표제부,공동주택,공동주택(다세대주택),247.6,147.42,564.26,20040920,6,0,서울특별시 송파구 석촌동 235-16번지
11710,10500,0,0235,0017,석촌빌딩,,일반건축물,제2종근린생활시설,제2종근린생활시설 외1,257,128.33,836.01,20061115,6,1,서울특별시 송파구 석촌동 235-17번지
11710,10500,0,0235,0018,,,일반건축물,교육연구시설,교육연구시설,424.7,179.22,967.44,19900905,5,1,서울특별시 송파구 석촌동 235-18번지
11710,10500,0,0235,0019,,,표제부,공동주택,다세대주택,198.3,97.2,366.7,20090827,5,0,서울특별시 송파구 석촌동 235-19번지
11710,10500,0,0235,0020,청우빌딩,,일반건축물,제1종근린생활시설,근린생활시설,348.9,150.46,1018.78,19910719,6,1,서울특별시 송파구 석촌동 235-20번지
11710,10500,0,0236,0000,,,표제부,공동주택,다세대주택,183.25,108.73,365.99,20180418,5,0,서울특별시 송파구 석촌동 236번지
11710,10500,0,0236,0001,,,표제부,공동주택,다세대주택(10세대),337,174.4,659.76,19921126,4,1,서울특별시 송파구 석촌동 236-1번지
11710,10500,0,0236,0002,,,표제부,공동주택,공동주택,323.9,178.44,659.68,20020501,5,0,서울특별시 송파구 석촌동 236-2번지
11710,10500,0,0236,0003,포레스트빌,,표제부,공동주택,다세대주택,241.3,144.41,555.18,20121025,5,0,서울특별시 송파구 석촌동 236-3번지
11710,10500,0,0236,0004,,,일반건축물,단독주택,단독주택,0,0,249.37,19880727,2,1,서울특별시 송파구 석촌동 236-4번지
11710,10500,0,0236,0005,아인스빌,,표제부,공동주택,단지형 다세대주택,0,119.52,359.16,20131213,5,0,서울특별시 송파구 석촌동 236-5번지
11710,10500,0,0236,0005,아인스빌,,표제부,공동주택,단지형 다세대주택,0,119.52,464.92,20131213,5,0,서울특별시 송파구 석촌동 236-5번지
11710,10500,0,0237,0000,,,일반건축물,단독주택,단독주택,173.25,82.2,246.6,19870317,2,1,서울특별시 송파구 석촌동 237번지
11710,10500,0,0237,0001,석촌그린빌,,표제부,공동주택,공동주택,215.7,139.52,475.01,20030812,5,0,서울특별시 송파구 석촌동 237-1번지
11710,10500,0,0237,0002,한영아트빌,,표제부,공동주택,공동주택,181.8,108.32,440.2,20030728,5,0,서울특별시 송파구 석촌동 237-2번지
11710,10500,0,0237,0003,,,일반건축물,단독주택,다가구주택(7가구),208.7,124.86,431.15,20001218,3,1,서울특별시 송파구 석촌동 237-3번지
11710,10500,0,0237,0004,,,표제부,공동주택,다세대주택,239.2,131.24,449.18,19930826,3,1,서울특별시 송파구 석촌동 237-4번지
11710,10500,0,0237,0005,,,표제부,공동주택,공동주택,234.8,139.84,497.61,20031001,5,0,서울특별시 송파구 석촌동 237-5번지
11710,10500,0,0237,0006,,,표제부,공동주택,공동주택,208.8,123.67,427.87,20031128,5,0,서울특별시 송파구 석촌동 237-6번지
11710,10500,0,0237,0007,,,일반건축물,단독주택,단독주택,182.3,89.72,249.66,19871104,2,1,서울특별시 송파구 석촌동 237-7번지
11710,10500,0,0237,0008,,,일반건축물,단독주택,단독주택,187.4,90.3,249.64,19871224,2,1,서울특별시 송파구 석촌동 237-8번지
11710,10500,0,0237,0009,슬로우밀리 237,,표제부,공동주택,도시형생활주택,388.6,225.82,767.58,20230407,7,1,서울특별시 송파구 석촌동 237-9번지
11710,10500,0,0237,0011,,,표제부,공동주택,연립주택,0,0,678.4,19910503,3,1,서울특별시 송파구 석촌동 237-11번지
11710,10500,0,0237,0012,,,표제부,공동주택,공동주택,222.1,132.82,472.69,20021212,4,0,서울특별시 송파구 석촌동 237-12번지
11710,10500,0,0237,0013,현대파크빌,,표제부,공동주택,공동주택(다세대주택),304.5,182.54,652.4,20040817,5,0,서울특별시 송파구 석촌동 237-13번지
11710,10500,0,0237,0014,,,표제부,공동주택,공동주택,256.6,164.28,567.77,20030418,5,0,서울특별시 송파구 석촌동 237-14번지
11710,10500,0,0237,0015,,,표제부,공동주택,다세대주택,315.4,163.8,643.92,19910105,3,1,서울특별시 송파구 석촌동 237-15번지
11710,10500,0,0237,0016,드림네스트,,표제부,공동주택,공동주택,339.6,198.72,659.77,20220413,5,0,서울특별시 송파구 석촌동 237-16번지
11710,10500,0,0237,0017,,,표제부,공동주택,공동주택,237.4,141.71,543.94,20021119,5,0,서울특별시 송파구 석촌동 237-17번지
11710,10500,0,0237,0018,,,일반건축물,단독주택,단독주택,0,0,246.6,19870319,2,1,서울특별시 송파구 석촌동 237-18번지
11710,10500,0,0237,0020,,,표제부,공동주택,공동주택(다세대주택),181.8,119.96,453.42,20040705,6,0,서울특별시 송파구 석촌동 237-20번지
11710,10500,0,0237,0021,,,표제부,공동주택,다세대주택,210.7,125.46,420.82,20150630,5,0,서울특별시 송파구 석촌동 237-21번지
11710,10500,0,0237,0022,,,일반건축물,단독주택,단독주택,0,0,314.91,19881018,2,1,서울특별시 송파구 석촌동 237-22번지
11710,10500,0,0237,0023,석촌그린빌,,표제부,공동주택,공동주택(다세대주택),215.7,127,453.95,20040727,5,0,서울특별시 송파구 석촌동 237-23번지
11710,10500,0,0237,0024,진성팰리스,,표제부,공동주택,다세대주택,240.74,140.77,503.26,20090825,5,0,서울특별시 송파구 석촌동 237-24번지
11710,10500,0,0237,0025,,,표제부,공동주택,다세대주택,305.4,183.03,590.95,20160817,5,0,서울특별시 송파구 석촌동 237-25번지
11710,10500,0,0237,0026,,,표제부,공동주택,다세대주택,239.3,132.08,449.24,19930813,3,1,서울특별시 송파구 석촌동 237-26번지
11710,10500,0,0238,0000,대흥빌라,,표제부,공동주택,공동주택,202.8,121.64,494.26,20031227,5,0,서울특별시 송파구 석촌동 238번지
11710,10500,0,0238,0001,,,표제부,공동주택,다세대주택,168.7,99.94,336.31,20080821,5,0,서울특별시 송파구 석촌동 238-1번지
11710,10500,0,0238,0002,우리빌라,,표제부,공동주택,공동주택,251.3,150,573.29,20031113,5,0,서울특별시 송파구 석촌동 238-2번지
11710,10500,0,0238,0003,,,표제부,공동주택,공동주택,244.7,146.44,494.96,20030417,5,0,서울특별시 송파구 석촌동 238-3번지
11710,10500,0,0238,0004,,,표제부,공동주택,다세대주택,268,112.66,449.04,19930106,3,1,서울특별시 송파구 석촌동 238-4번지
11710,10500,0,0238,0006,,,일반건축물,단독주택,단독주택,202.8,98.79,278.16,19870908,2,1,서울특별시 송파구 석촌동 238-6번지
11710,10500,0,0239,0000,,,표제부,공동주택,연립주택,738.3,272.8,1005.26,19890603,3,1,서울특별시 송파구 석촌동 239번지
11710,10500,0,0239,0003,대한도시가스 콜센터(사무소),,일반건축물,제2종근린생활시설,제2종근린생활시설,0,359.25,383.19,19870718,1,1,서울특별시 송파구 석촌동 239-3번지
11710,10500,0,0239,0003,대한도시가스 콜센터(교육원),,일반건축물,교육연구시설,교육연구시설,0,126.33,126.33,20110124,1,0,서울특별시 송파구 석촌동 239-3번지
11710,10500,0,0239,0005,,,일반건축물,단독주택,다가구용단독주택(19가구),331.8,166.14,650.56,19910222,3,1,서울특별시 송파구 석촌동 239-5번지
11710,10500,0,0239,0006,B동,,일반건축물,제2종근린생활시설,근린생활시설,0,0,1012.34,19820609,3,0,서울특별시 송파구 석촌동 239-6번지
11710,10500,0,0239,0006,A동,,일반건축물,단독주택,단독주택,0,0,248.47,19820609,2,1,서울특별시 송파구 석촌동 239-6번지
11710,10500,0,0239,0007,백우빌딩,,일반건축물,제1종근린생활시설,근린생활시설 및 다가구주택,457,165.02,1210.979,20160926,7,1,서울특별시 송파구 석촌동 239-7번지
11710,10500,0,0239,0008,B동,,일반건축물,제2종근린생활시설,근린생활시설,0,0,492.37,19930222,2,1,서울특별시 송파구 석촌동 239-8번지
11710,10500,0,0239,0009,,,일반건축물,제1종근린생활시설,근린생활시설,0,0,435.46,19820802,3,1,서울특별시 송파구 석촌동 239-9번지
11710,10500,0,0239,0010,,,일반건축물,제2종근린생활시설,제2종근린생활시설외 1,409.3,177.58,211.04,20060228,2,0,서울특별시 송파구 석촌동 239-10번지
11710,10500,0,0239,0011,,,표제부,공동주택,다세대주택,181.8,108.8,362.15,20130906,5,0,서울특별시 송파구 석촌동 239-11번지
11710,10500,0,0239,0012,,,표제부,공동주택,공동주택(다세대주택),220.7,132.06,455.16,20110128,5,0,서울특별시 송파구 석촌동 239-12번지
11710,10500,0,0239,0017,,,표제부,공동주택,연립주택,0,0,534.82,19900205,3,1,서울특별시 송파구 석촌동 239-17번지
11710,10500,0,0239,0018,,,표제부,공동주택,공동주택,211,126.35,478.51,20030903,5,0,서울특별시 송파구 석촌동 239-18번지
11710,10500,0,0239,0019,,,표제부,공동주택,공동주택(다세대주택),196.9,120.48,466.5,20021009,6,0,서울특별시 송파구 석촌동 239-19번지
11710,10500,0,0239,0020,,,표제부,공동주택,공동주택(다세대주택),196.7,120.15,518.71,20021009,6,0,서울특별시 송파구 석촌동 239-20번지
11710,10500,0,0239,0021,,,일반건축물,제1종근린생활시설,근린생활및주택,0,0,487.67,19870812,4,1,서울특별시 송파구 석촌동 239-21번지
11710,10500,0,0239,0023,,,일반건축물,제2종근린생활시설,"근린생활시설, 주택, 창고",370,184.83,1505.33,19930315,8,2,서울특별시 송파구 석촌동 239-23번지
11710,10500,0,0239,0024,백우캐스빌,,표제부,공동주택,다세대주택 및 근린생활시설,238,142.44,472.87,20170113,5,0,서울특별시 송파구 석촌동 239-24번지
11710,10500,0,0240,0000,,,일반건축물,제2종근린생활시설,근린생활시설,370,183.05,955.86,19831017,4,1,서울특별시 송파구 석촌동 240번지
11710,10500,0,0240,0001,,,일반건축물,제2종근린생활시설,화장실,0,19.28,19.28,20160404,1,0,서울특별시 송파구 석촌동 240-1번지
11710,10500,0,0240,0001,,,일반건축물,제2종근린생활시설,수리점,0,257.95,354.7,20160404,2,0,서울특별시 송파구 석촌동 240-1번지
11710,10500,0,0240,0001,,,일반건축물,제2종근린생활시설,사무소,0,120.74,120.74,19970215,1,0,서울특별시 송파구 석촌동 240-1번지
11710,10500,0,0240,0002,J.square,,일반건축물,제2종근린생활시설,제2종근린생활시설(사무소),209.3,124.35,650.94,20260330,6,1,서울특별시 송파구 석촌동 240-2번지
11710,10500,0,0240,0004,,,일반건축물,제1종근린생활시설,근린생활시설,330.8,164.05,164.05,19930105,1,0,서울특별시 송파구 석촌동 240-4번지
11710,10500,0,0240,0005,,,일반건축물,제2종근린생활시설,제1종근린생활시설외 2,0,0,1038.25,19840728,4,1,서울특별시 송파구 석촌동 240-5번지
11710,10500,0,0240,0006,,,일반건축물,제1종근린생활시설,근린생활시설및주택,321.6,192.38,1389.19,19970510,6,1,서울특별시 송파구 석촌동 240-6번지
11710,10500,0,0240,0008,,,표제부,공동주택,다세대주택,207.9,122.24,397.97,20190823,5,0,서울특별시 송파구 석촌동 240-8번지
11710,10500,0,0240,0009,,,표제부,공동주택,다세대주택(8가구),0,0,477.8,19901128,3,1,서울특별시 송파구 석촌동 240-9번지
11710,10500,0,0240,0010,,,일반건축물,단독주택,단독주택,0,0,285.65,19880114,2,1,서울특별시 송파구 석촌동 240-10번지
11710,10500,0,0240,0011,동우사우스빌,,표제부,공동주택,공동주택,197.7,118.2,439.73,20030522,5,0,서울특별시 송파구 석촌동 240-11번지
11710,10500,0,0240,0012,한스하우스,,표제부,공동주택,공동주택,214.8,128.4,439.29,20031125,5,0,서울특별시 송파구 석촌동 240-12번지
11710,10500,0,0240,0014,LG골든빌B동,,표제부,공동주택,공동주택,324.9,173.6,656.68,20030630,5,0,서울특별시 송파구 석촌동 240-14번지
11710,10500,0,0240,0015,,,일반건축물,단독주택,다가구주택(8가구),174.1,103.32,380.46,19970812,3,1,서울특별시 송파구 석촌동 240-15번지
11710,10500,0,0240,0016,,,일반건축물,제2종근린생활시설,"근린생활시설, 주택",600.9,204.48,791.42,19911022,3,1,서울특별시 송파구 석촌동 240-16번지
11710,10500,0,0240,0017,,,일반건축물,단독주택,단독주택,0,0,254,19830912,2,1,서울특별시 송파구 석촌동 240-17번지
11710,10500,0,0240,0018,동우사우스빌,,표제부,공동주택,공동주택,214.8,126.76,464.15,20030523,5,0,서울특별시 송파구 석촌동 240-18번지
11710,10500,0,0240,0021,,,일반건축물,단독주택,"근린생활시설, 주택",0,0,545.27,19880920,4,1,서울특별시 송파구 석촌동 240-21번지
11710,10500,0,0240,0022,,,일반건축물,제1종근린생활시설,근린생활시설및주택,0,0,545.27,19880920,4,1,서울특별시 송파구 석촌동 240-22번지
11710,10500,0,0240,0024,LG골든빌A동,,표제부,공동주택,공동주택,122.7,71.07,229.32,20030627,4,0,서울특별시 송파구 석촌동 240-24번지
11710,10500,0,0241,0000,,,표제부,공동주택,공동주택(다세대주택),294.3,169.68,588.44,20071120,5,0,서울특별시 송파구 석촌동 241번지
11710,10500,0,0241,0001,동광팰리스A동,,표제부,공동주택,공동주택,325.8,188.4,651.11,20150422,6,0,서울특별시 송파구 석촌동 241-1번지
11710,10500,0,0241,0003,지성빌라,,표제부,공동주택,공동주택,240.4,144.16,590.94,20020924,5,0,서울특별시 송파구 석촌동 241-3번지
11710,10500,0,0241,0004,은탑테크하이빌,,표제부,공동주택,"근린생활시설,",330,185.06,1058.78,19970130,5,1,서울특별시 송파구 석촌동 241-4번지
11710,10500,0,0241,0006,라테라스빌딩,,일반건축물,제2종근린생활시설,제2종근린생활시설,190.6,113.7,467.32,20230221,5,1,서울특별시 송파구 석촌동 241-6번지
11710,10500,0,0241,0007,,,일반건축물,제1종근린생활시설,근린생활시설,208.4,116.99,432.03,20181203,5,0,서울특별시 송파구 석촌동 241-7번지
11710,10500,0,0241,0009,해누리빌딩,,표제부,제2종근린생활시설,"근린생활시설,단독주택",240.4,139.81,655.25,20190429,4,1,서울특별시 송파구 석촌동 241-9번지
11710,10500,0,0241,0013,동광팰리스B동,,표제부,공동주택,공동주택,325.8,187.25,651.18,20150422,6,0,서울특별시 송파구 석촌동 241-13번지
11710,10500,0,0241,0014,동광팰리스C동,,표제부,공동주택,공동주택,325.7,186.94,651.07,20150422,6,0,서울특별시 송파구 석촌동 241-14번지
11710,10500,0,0241,0015,,,일반건축물,제2종근린생활시설,근린생활시설,246.5,135.13,467.34,20181120,4,0,서울특별시 송파구 석촌동 241-15번지
11710,10500,0,0242,0000,,,일반건축물,단독주택,다가구용단독주택(11가구),214.8,128.61,493.04,19960530,3,1,서울특별시 송파구 석촌동 242번지
11710,10500,0,0242,0001,,,일반건축물,단독주택,다가구주택(8가구),228.6,137,492.52,19980203,3,1,서울특별시 송파구 석촌동 242-1번지
11710,10500,0,0242,0002,,,표제부,공동주택,연립주택,646.6,382.7,1740.3,19960610,4,1,서울특별시 송파구 석촌동 242-2번지
11710,10500,0,0242,0003,,,일반건축물,단독주택,다가구용단독주택(10가구),213,127.68,498.96,19961024,3,1,서울특별시 송파구 석촌동 242-3번지
11710,10500,0,0242,0004,,,일반건축물,단독주택,"단독주택, 근린생활시설",315.8,155.24,767.09,19880420,4,1,서울특별시 송파구 석촌동 242-4번지
11710,10500,0,0242,0005,중앙빌라,,표제부,공동주택,연립주택,316.3,176.73,779.86,19970506,4,1,서울특별시 송파구 석촌동 242-5번지
11710,10500,0,0242,0006,영스테이,,표제부,공동주택,도시형생활주택,259.5,155.68,518.41,20211008,5,0,서울특별시 송파구 석촌동 242-6번지
11710,10500,0,0242,0008,글로리아 빌딩,,표제부,공동주택,다세대주택,235,140.51,469.95,20180214,5,0,서울특별시 송파구 석촌동 242-8번지
11710,10500,0,0242,0009,하늘담 휴,,표제부,공동주택,공동주택(다세대주택),173.1,102.01,368,20111223,6,0,서울특별시 송파구 석촌동 242-9번지
11710,10500,0,0242,0010,,,표제부,공동주택,다세대주택,213,127.16,417.24,20171121,5,0,서울특별시 송파구 석촌동 242-10번지
11710,10500,0,0242,0011,,,표제부,공동주택,공동주택,213.1,125.46,497.53,20020415,5,0,서울특별시 송파구 석촌동 242-11번지
11710,10500,0,0242,0012,청명 아트빌,,표제부,공동주택,공동주택,259.8,154.29,561,20020718,5,0,서울특별시 송파구 석촌동 242-12번지
11710,10500,0,0242,0013,,,표제부,공동주택,연립주택,344,178.18,753.1,19960516,4,1,서울특별시 송파구 석촌동 242-13번지
11710,10500,0,0242,0014,,,표제부,공동주택,공동주택,213.2,127.41,499.84,20011022,5,0,서울특별시 송파구 석촌동 242-14번지
11710,10500,0,0242,0015,,,표제부,공동주택,다세대주택(8세대),204.6,121.56,501.76,20011106,5,0,서울특별시 송파구 석촌동 242-15번지
11710,10500,0,0242,0016,,,표제부,공동주택,다세대주택,335,199.92,619.54,20180718,5,0,서울특별시 송파구 석촌동 242-16번지
11710,10500,0,0243,0000,거북하이빌,,표제부,공동주택,공동주택(다세대주택),202,119.38,422.99,20120926,5,0,서울특별시 송파구 석촌동 243번지
11710,10500,0,0243,0001,,,표제부,공동주택,도시형생활주택(원룸),174.4,100.83,342.53,20220628,5,0,서울특별시 송파구 석촌동 243-1번지
11710,10500,0,0243,0002,파크빌,,표제부,공동주택,공동주택,290.9,167.15,659.32,20030811,5,0,서울특별시 송파구 석촌동 243-2번지
11710,10500,0,0243,0003,,,표제부,공동주택,공동주택(다세대주택),292.4,172.21,575.8,20130725,5,0,서울특별시 송파구 석촌동 243-3번지
11710,10500,0,0243,0004,,,표제부,공동주택,공동주택,169,98.35,332.35,20230609,5,0,서울특별시 송파구 석촌동 243-4번지
11710,10500,0,0243,0005,,,일반건축물,단독주택,다가구주택(8가구),201.7,120.6,460.77,19970912,3,1,서울특별시 송파구 석촌동 243-5번지
11710,10500,0,0243,0006,,,표제부,공동주택,공동주택,213.3,127.16,398.35,20220308,5,0,서울특별시 송파구 석촌동 243-6번지
11710,10500,0,0243,0007,,,표제부,공동주택,공동주택,165.1,97.29,342.68,20030909,5,0,서울특별시 송파구 석촌동 243-7번지
11710,10500,0,0243,0008,,,표제부,공동주택,공동주택,288.8,172.15,653.32,20030929,5,0,서울특별시 송파구 석촌동 243-8번지
11710,10500,0,0243,0009,,,표제부,공동주택,공동주택,275.5,164.72,595.72,20021230,5,0,서울특별시 송파구 석촌동 243-9번지
11710,10500,0,0243,0010,태영빌라,,표제부,공동주택,다세대주택,318.9,168.48,659.92,19980423,4,1,서울특별시 송파구 석촌동 243-10번지
11710,10500,0,0243,0011,,,표제부,공동주택,다세대주택,311.65,185.94,655.76,19930112,3,1,서울특별시 송파구 석촌동 243-11번지
11710,10500,0,0243,0012,,,표제부,공동주택,다세대주택,233,138.94,596,19940630,4,1,서울특별시 송파구 석촌동 243-12번지
11710,10500,0,0243,0014,,,일반건축물,단독주택,"주택,근린생활시설",0,0,588.48,19890627,3,1,서울특별시 송파구 석촌동 243-14번지
11710,10500,0,0243,0015,,,표제부,공동주택,공동주택,216.8,128.94,526.32,20020531,5,0,서울특별시 송파구 석촌동 243-15번지
11710,10500,0,0244,0000,,,일반건축물,단독주택,"근린생활시설, 주택",0,0,325.9,19880514,3,1,서울특별시 송파구 석촌동 244번지
11710,10500,0,0244,0001,,,표제부,공동주택,다세대주택(8세대),284.1,140.58,562.32,19910801,3,1,서울특별시 송파구 석촌동 244-1번지
11710,10500,0,0244,0002,,,표제부,공동주택,공동주택,239.9,143.04,639.57,20030509,6,0,서울특별시 송파구 석촌동 244-2번지
11710,10500,0,0244,0003,,,일반건축물,단독주택,"다가구주택,근린생활시설",168.4,99.36,334.72,20161104,5,0,서울특별시 송파구 석촌동 244-3번지
11710,10500,0,0244,0004,,,표제부,공동주택,연립주택,444.6,256.45,886.12,20080227,5,0,서울특별시 송파구 석촌동 244-4번지
11710,10500,0,0244,0006,동성빌,,표제부,공동주택,다세대주택,164.8,96.28,312,20130528,5,0,서울특별시 송파구 석촌동 244-6번지
11710,10500,0,0244,0007,,,일반건축물,단독주택,단독주택,0,0,241.11,19880330,2,1,서울특별시 송파구 석촌동 244-7번지
11710,10500,0,0244,0008,,,표제부,공동주택,다세대주택,205.1,123,399.57,20170811,5,0,서울특별시 송파구 석촌동 244-8번지
11710,10500,0,0244,0009,골든 팰리스,,표제부,공동주택,다세대주택,165.3,99.16,321.11,20081217,5,0,서울특별시 송파구 석촌동 244-9번지
11710,10500,0,0244,0011,,,일반건축물,단독주택,단독주택,0,0,248.58,19881108,2,1,서울특별시 송파구 석촌동 244-11번지
11710,10500,0,0244,0012,석촌연리지,,표제부,공동주택,공동주택(다세대주택),230.9,137.74,576.28,20040702,5,0,서울특별시 송파구 석촌동 244-12번지
11710,10500,0,0244,0013,,,표제부,공동주택,다세대주택,214.5,128.67,490.52,20120828,6,0,서울특별시 송파구 석촌동 244-13번지
11710,10500,0,0244,0014,서리풀,,표제부,공동주택,공동주택(다세대주택),197.6,116.64,431.1,20121114,5,0,서울특별시 송파구 석촌동 244-14번지
11710,10500,0,0244,0015,,,표제부,공동주택,공동주택(다세대주택),165.4,98.69,329.99,20130830,5,0,서울특별시 송파구 석촌동 244-15번지
11710,10500,0,0244,0016,,,표제부,공동주택,공동주택(다세대주택),176.6,105.49,378.39,20120105,5,0,서울특별시 송파구 석촌동 244-16번지
11710,10500,0,0244,0017,,,표제부,공동주택,공동주택,273.2,163.77,529.33,20020713,4,0,서울특별시 송파구 석촌동 244-17번지
11710,10500,0,0244,0018,,,일반건축물,단독주택,단독주택,215.02,92.28,249.12,19871126,2,1,서울특별시 송파구 석촌동 244-18번지
11710,10500,0,0244,0019,훼미리하우스,,표제부,공동주택,공동주택(다세대주택),172.4,100.62,306.02,20130806,5,0,서울특별시 송파구 석촌동 244-19번지
11710,10500,0,0244,0020,예당,,표제부,공동주택,다세대주택,212.5,127.11,424.07,20160701,5,0,서울특별시 송파구 석촌동 244-20번지
11710,10500,0,0244,0021,,,일반건축물,단독주택,단독주택,165,82.15,245.22,19870623,2,1,서울특별시 송파구 석촌동 244-21번지
11710,10500,0,0244,0022,,,표제부,공동주택,공동주택,240.2,143.72,579.74,20030519,5,0,서울특별시 송파구 석촌동 244-22번지
11710,10500,0,0244,0024,,,표제부,공동주택,공동주택,187.2,110.11,369.59,20151130,5,0,서울특별시 송파구 석촌동 244-24번지
11710,10500,0,0244,0026,조은빌,,표제부,공동주택,공동주택(다세대주택),166,98.98,386.45,20111117,6,0,서울특별시 송파구 석촌동 244-26번지
11710,10500,0,0244,0027,,,표제부,공동주택,다세대주택(4세대),181.8,98.56,364.47,19920106,3,1,서울특별시 송파구 석촌동 244-27번지
11710,10500,0,0244,0028,,,표제부,공동주택,공동주택,208.1,124.77,470.6,20031023,5,0,서울특별시 송파구 석촌동 244-28번지
11710,10500,0,0244,0029,성창하이빌,,표제부,공동주택,공동주택(다세대주택),342.4,195.54,659.81,20040623,5,0,서울특별시 송파구 석촌동 244-29번지
11710,10500,0,0244,0031,석촌빌라,,표제부,공동주택,공동주택(다세대주택),165.6,94.77,329.31,20050128,5,0,서울특별시 송파구 석촌동 244-31번지
11710,10500,0,0244,0032,,,일반건축물,단독주택,다가구용단독주택(7가구),181.4,103.15,355.37,19951229,3,1,서울특별시 송파구 석촌동 244-32번지
11710,10500,0,0244,0033,,,표제부,공동주택,다세대주택,198.5,117.98,396.3,20140114,5,0,서울특별시 송파구 석촌동 244-33번지
11710,10500,0,0244,0034,레이크홈,,표제부,공동주택,다세대주택,174.7,104.5,346.37,20160912,5,0,서울특별시 송파구 석촌동 244-34번지
11710,10500,0,0244,0035,,,일반건축물,단독주택,단독주택,0,0,249.54,19880820,2,1,서울특별시 송파구 석촌동 244-35번지
11710,10500,0,0244,0036,드림하우스,,표제부,공동주택,공동주택(다세대주택),228.5,136.26,514.29,20120928,5,0,서울특별시 송파구 석촌동 244-36번지
11710,10500,0,0244,0037,,,표제부,공동주택,공동주택(다세대주택),198.3,116.24,461.54,20120925,5,0,서울특별시 송파구 석촌동 244-37번지
11710,10500,0,0244,0038,,,표제부,공동주택,다세대주택,164.7,97.34,324.22,20160224,5,0,서울특별시 송파구 석촌동 244-38번지
11710,10500,0,0244,0039,에스디 찬 누리채,,표제부,공동주택,공동주택,238.1,142.69,497.77,20090827,5,0,서울특별시 송파구 석촌동 244-39번지
11710,10500,0,0245,0000,,,표제부,공동주택,공동주택(다세대주택) 외 1,243.2,141.33,476.57,20120316,5,0,서울특별시 송파구 석촌동 245번지
11710,10500,0,0245,0001,,,표제부,공동주택,다세대주택(5세대),168.2,79.14,381.54,19910906,4,1,서울특별시 송파구 석촌동 245-1번지
11710,10500,0,0245,0002,정호빌라,,표제부,공동주택,공동주택(다세대주택),237.4,142.14,474.28,20120116,5,0,서울특별시 송파구 석촌동 245-2번지
11710,10500,0,0245,0003,,,표제부,공동주택,다세대주택,165.9,98.01,331.65,20181221,5,0,서울특별시 송파구 석촌동 245-3번지
11710,10500,0,0245,0004,,,일반건축물,제1종근린생활시설,"근린생활시설, 주택",0,0,368.46,19890629,4,1,서울특별시 송파구 석촌동 245-4번지
11710,10500,0,0245,0005,,,표제부,공동주택,다세대주택,362.7,217.4,657.76,20160328,5,0,서울특별시 송파구 석촌동 245-5번지
11710,10500,0,0245,0007,플로라빌,,표제부,공동주택,근린생활시설및다세대주택,165.3,99.14,330.52,20210210,5,0,서울특별시 송파구 석촌동 245-7번지
11710,10500,0,0245,0008,크로마하우스,,표제부,공동주택,다세대주택,206.6,123.69,399.92,20181115,5,0,서울특별시 송파구 석촌동 245-8번지
11710,10500,0,0245,0009,보보스파크,,표제부,공동주택,도시형생활주택(단지형다세대),412.8,198.57,658.44,20160324,6,0,서울특별시 송파구 석촌동 245-9번지
11710,10500,0,0245,0011,서원아트빌,,표제부,공동주택,공동주택(다세대주택),165.7,98.49,327.96,20130408,5,0,서울특별시 송파구 석촌동 245-11번지
11710,10500,0,0245,0012,레벤빌,,표제부,공동주택,공동주택(다세대주택),215.5,128.1,492.14,20121120,5,0,서울특별시 송파구 석촌동 245-12번지
11710,10500,0,0245,0013,오성하,,표제부,공동주택,다세대주택및 근린생활시설,198.5,119.04,395.8,20160816,5,0,서울특별시 송파구 석촌동 245-13번지
11710,10500,0,0245,0014,,,표제부,공동주택,공동주택(다세대),165.9,99.52,330.28,20140711,5,0,서울특별시 송파구 석촌동 245-14번지
11710,10500,0,0245,0015,,,표제부,공동주택,공동주택(다세대주택),198.5,118.88,396.52,20140418,5,0,서울특별시 송파구 석촌동 245-15번지
11710,10500,0,0245,0016,드림팰리스,,표제부,공동주택,공동주택(다세대주택),246.2,146.79,466.06,20120928,5,0,서울특별시 송파구 석촌동 245-16번지
11710,10500,0,0245,0017,,,표제부,공동주택,다세대주택,190.4,113.52,371.7,20191001,5,0,서울특별시 송파구 석촌동 245-17번지
11710,10500,0,0245,0018,해피하우스,,표제부,공동주택,공동주택(다세대주택)외 1,215.4,128.83,482.55,20120620,5,0,서울특별시 송파구 석촌동 245-18번지
11710,10500,0,0245,0019,석촌파크빌Ⅱ,,표제부,공동주택,도시형생활주택(원룸형주택),204,121.97,397.98,20210513,5,0,서울특별시 송파구 석촌동 245-19번지
11710,10500,0,0245,0020,,,일반건축물,제1종근린생활시설,"근린생활시설, 주택",177.2,88.55,464.64,19930111,4,1,서울특별시 송파구 석촌동 245-20번지
11710,10500,0,0245,0022,,,표제부,공동주택,다세대주택 및 제1종근린생활시설,165.4,99.17,330.32,20170907,5,0,서울특별시 송파구 석촌동 245-22번지
11710,10500,0,0245,0023,,,표제부,공동주택,다세대주택,0,0,248.64,19901006,2,1,서울특별시 송파구 석촌동 245-23번지
11710,10500,0,0245,0024,,,표제부,공동주택,공동주택,214.8,128.52,520.75,20020913,5,0,서울특별시 송파구 석촌동 245-24번지
11710,10500,0,0245,0024,,,일반건축물,단독주택,주택,0,0,26.45,,1,0,서울특별시 송파구 석촌동 245-24번지
11710,10500,0,0245,0025,YOUNG STAY,,표제부,공동주택,다세대주택(도시형생활주택(원룸형)),165.3,94.01,330.59,20211116,5,0,서울특별시 송파구 석촌동 245-25번지
11710,10500,0,0245,0026,,,표제부,공동주택,공동주택(다세대주택),268.7,145.93,629.72,20121025,6,0,서울특별시 송파구 석촌동 245-26번지
11710,10500,0,0245,0027,서일주택,,표제부,공동주택,공동주택 외1,224.2,134.16,481.455,20120828,5,0,서울특별시 송파구 석촌동 245-27번지
11710,10500,0,0245,0028,,,표제부,공동주택,공동주택(다세대주택),165.6,113.92,377.97,20060111,5,0,서울특별시 송파구 석촌동 245-28번지
11710,10500,0,0245,0029,,,일반건축물,단독주택,다가구주택(10가구),246.3,147.06,525.45,19970731,3,1,서울특별시 송파구 석촌동 245-29번지
11710,10500,0,0245,0030,,,표제부,공동주택,다세대주택,201.6,120.36,392.89,20160404,5,0,서울특별시 송파구 석촌동 245-30번지
11710,10500,0,0245,0031,,,표제부,공동주택,공동주택,211.2,126.38,445.52,20031219,5,0,서울특별시 송파구 석촌동 245-31번지
11710,10500,0,0245,0032,미리내하우스,,표제부,공동주택,공동주택(다세대주택),176.9,103.32,347.09,20130321,5,0,서울특별시 송파구 석촌동 245-32번지
11710,10500,0,0245,0033,제이원(諸利院),,표제부,공동주택,다세대주택,216.5,129.87,409.19,20181029,5,0,서울특별시 송파구 석촌동 245-33번지
11710,10500,0,0245,0034,리치빌,,표제부,공동주택,공동주택(다세대주택),214.7,128.52,445.34,20120620,5,0,서울특별시 송파구 석촌동 245-34번지
11710,10500,0,0245,0035,석촌어반스빌라2,,표제부,공동주택,다세대주택,215.5,129.29,430.94,20220401,5,0,서울특별시 송파구 석촌동 245-35번지
11710,10500,0,0245,0036,,,일반건축물,단독주택,단독주택,0,0,308.31,19881007,2,1,서울특별시 송파구 석촌동 245-36번지
11710,10500,0,0245,0037,,,일반건축물,단독주택,단독주택,0,0,249.89,19900519,2,1,서울특별시 송파구 석촌동 245-37번지
11710,10500,0,0245,0038,석촌어반스빌라,,표제부,공동주택,다세대주택,198.3,118.68,392.86,20220328,5,0,서울특별시 송파구 석촌동 245-38번지
11710,10500,0,0246,0000,THE HELIO 246,,표제부,업무시설,"업무시설(오피스텔), 제1종근린생활시설(소매점)",653.5,326.64,1946.27,20231215,5,1,서울특별시 송파구 석촌동 246번지
11710,10500,0,0246,0002,,,일반건축물,제2종근린생활시설,근린생활시설,0,0,448.2,19900821,3,1,서울특별시 송파구 석촌동 246-2번지
11710,10500,0,0246,0003,,,표제부,공동주택,공동주택,254.1,151.88,556.86,20021119,5,0,서울특별시 송파구 석촌동 246-3번지
11710,10500,0,0246,0004,순수HAUS,,표제부,공동주택,다세대주택 및 근린생활시설,165.7,82.26,295.16,20161202,5,0,서울특별시 송파구 석촌동 246-4번지
11710,10500,0,0246,0005,드림하우스,,표제부,공동주택,다세대주택,197.1,98.02,339.9,20190618,5,0,서울특별시 송파구 석촌동 246-5번지
11710,10500,0,0246,0006,,,표제부,공동주택,공동주택,214.9,128.38,449.93,20020822,5,0,서울특별시 송파구 석촌동 246-6번지
11710,10500,0,0246,0007,,,표제부,공동주택,공동주택,217,108.32,475.03,20220408,6,0,서울특별시 송파구 석촌동 246-7번지
11710,10500,0,0246,0008,,,표제부,공동주택,다세대주택(10세대),300.8,151.68,658.5,19931013,4,1,서울특별시 송파구 석촌동 246-8번지
11710,10500,0,0246,0009,,,일반건축물,단독주택,다가구주택(8가구),184.8,92.74,349.77,19931015,3,1,서울특별시 송파구 석촌동 246-9번지
11710,10500,0,0246,0010,늘품채,,일반건축물,단독주택,다가구주택 및 제2종근린생활시설,175.2,87.43,279.09,20171010,5,0,서울특별시 송파구 석촌동 246-10번지
11710,10500,0,0246,0011,동남빌라,,표제부,공동주택,다세대주택,240.5,117.87,342.19,20100809,4,0,서울특별시 송파구 석촌동 246-11번지
11710,10500,0,0246,0012,,,표제부,공동주택,다세대주택,202,100.18,397.21,20181224,5,0,서울특별시 송파구 석촌동 246-12번지
11710,10500,0,0246,0013,,,일반건축물,단독주택,"근린생활시설, 주택",0,0,480.96,19870917,3,1,서울특별시 송파구 석촌동 246-13번지
11710,10500,0,0246,0014,,,일반건축물,단독주택,다가구주택(8가구),188.2,92.74,349.77,19931207,3,1,서울특별시 송파구 석촌동 246-14번지
11710,10500,0,0246,0016,,,표제부,공동주택,다세대주택,222.3,133.08,501.12,19930121,3,1,서울특별시 송파구 석촌동 246-16번지
11710,10500,0,0246,0017,,,표제부,공동주택,공동주택(다세대주택),151.7,89.98,347.09,20040707,6,0,서울특별시 송파구 석촌동 246-17번지
11710,10500,0,0246,0018,,,표제부,공동주택,공동주택(다세대주택),200.3,119.72,386.73,20040921,5,0,서울특별시 송파구 석촌동 246-18번지
11710,10500,0,0246,0019,미성 하이빌,,표제부,공동주택,공동주택(다세대주택),200.4,117.71,379.3,20110321,5,0,서울특별시 송파구 석촌동 246-19번지
11710,10500,0,0246,0020,베네캐슬,,표제부,공동주택,공동주택(다세대주택),198.4,118.4,395,20081209,5,0,서울특별시 송파구 석촌동 246-20번지
11710,10500,0,0246,0021,삼화에코빌,,표제부,공동주택,다세대주택,396.8,237.46,659.96,20211209,5,0,서울특별시 송파구 석촌동 246-21번지
11710,10500,0,0246,0023,,,표제부,공동주택,다세대주택,0,0,249.72,19900531,2,1,서울특별시 송파구 석촌동 246-23번지
11710,10500,0,0246,0024,푸른명가,,표제부,공동주택,공동주택(다세대주택),234.9,140.44,462.77,20100902,5,0,서울특별시 송파구 석촌동 246-24번지
11710,10500,0,0246,0025,삼성아트빌,,표제부,공동주택,공동주택(다세대주택),237.7,142.08,481.1,20101208,5,0,서울특별시 송파구 석촌동 246-25번지
11710,10500,0,0246,0026,,,표제부,공동주택,공동주택(다세대주택),240.3,143.67,479.24,20040918,5,0,서울특별시 송파구 석촌동 246-26번지
11710,10500,0,0246,0027,,,표제부,공동주택,공동주택(다세대주택),158.7,95.02,342.43,20040706,6,0,서울특별시 송파구 석촌동 246-27번지
11710,10500,0,0246,0028,,,일반건축물,제2종근린생활시설,근린생활시설,300.8,140.01,581.04,19940623,3,1,서울특별시 송파구 석촌동 246-28번지
11710,10500,0,0247,0000,,,표제부,공동주택,다세대주택,204.6,121.52,399.94,20181228,5,0,서울특별시 송파구 석촌동 247번지
11710,10500,0,0247,0001,,,일반건축물,단독주택,"주택,근린생활시설",0,0,396.85,19870724,4,1,서울특별시 송파구 석촌동 247-1번지
11710,10500,0,0247,0002,,,일반건축물,단독주택,단독주택,0,0,238.8,19880322,2,1,서울특별시 송파구 석촌동 247-2번지
11710,10500,0,0247,0003,,,표제부,공동주택,다세대주택,0,0,327.06,19891118,2,1,서울특별시 송파구 석촌동 247-3번지
11710,10500,0,0247,0004,,,표제부,단독주택,단독주택외 2,0,0,183.34,19880303,3,1,서울특별시 송파구 석촌동 247-4번지
11710,10500,0,0247,0005,,,일반건축물,단독주택,"다가구주택,근린생활시설",177.5,106.45,353.28,20190501,5,0,서울특별시 송파구 석촌동 247-5번지
11710,10500,0,0247,0007,,,일반건축물,제2종근린생활시설,근린생활시설,266.6,155.33,677.08,19900828,5,1,서울특별시 송파구 석촌동 247-7번지
11710,10500,0,0247,0008,,,표제부,공동주택,다세대주택(6세대),259.9,151.1,453.3,19910116,2,1,서울특별시 송파구 석촌동 247-8번지
11710,10500,0,0247,0009,,,표제부,공동주택,"다세대주택, 근린생활시설",175.7,104.83,386.52,20000630,4,0,서울특별시 송파구 석촌동 247-9번지
11710,10500,0,0247,0011,,,일반건축물,제2종근린생활시설,"제1종근린생활시설, 제2종근린생활시설, 주택",423.9,196.85,919.87,19910516,4,1,서울특별시 송파구 석촌동 247-11번지
11710,10500,0,0247,0012,한빛성결교회,,일반건축물,종교시설,문화및집회시설(종교집회장),982.2,584.65,2568.2,20060216,4,2,서울특별시 송파구 석촌동 247-12번지
11710,10500,0,0247,0014,,,표제부,공동주택,다세대주택,0,0,247.41,19891113,2,1,서울특별시 송파구 석촌동 247-14번지
11710,10500,0,0248,0000,,,일반건축물,제1종근린생활시설,"근린공공시설, 관리사무소",33711.2,157.16,157.16,19910520,1,0,서울특별시 송파구 석촌동 248번지
11710,10500,0,0249,0000,,,일반건축물,단독주택,"근린생활시설, 주택",303,167.82,736.24,19921224,4,1,서울특별시 송파구 석촌동 249번지
11710,10500,0,0249,0001,,,표제부,공동주택,다세대주택(6가구),0,0,659.76,19911210,3,1,서울특별시 송파구 석촌동 249-1번지
11710,10500,0,0249,0003,,,표제부,공동주택,공동주택,233.2,134.74,456.94,20040607,4,0,서울특별시 송파구 석촌동 249-3번지
11710,10500,0,0249,0004,사유락,,표제부,공동주택,"다세대주택, 근린생활시설",165.3,98.96,348.22,20211230,5,1,서울특별시 송파구 석촌동 249-4번지
11710,10500,0,0249,0005,,,표제부,공동주택,공동주택(다세대주택),190.8,111.67,416.24,20040920,4,0,서울특별시 송파구 석촌동 249-5번지
11710,10500,0,0249,0006,,,일반건축물,단독주택,다가구주택(6가구),191,114.39,439.5,20010629,4,0,서울특별시 송파구 석촌동 249-6번지
11710,10500,0,0249,0007,조은빌라,,표제부,공동주택,다세대주택,190.7,127.95,411.01,20080528,5,0,서울특별시 송파구 석촌동 249-7번지
11710,10500,0,0249,0008,,,표제부,공동주택,공동주택 외 1,202.8,121.45,464.01,20120119,5,0,서울특별시 송파구 석촌동 249-8번지
11710,10500,0,0250,0000,,,일반건축물,제2종근린생활시설,근린생활시설,195.5,89.92,449.6,19910807,4,1,서울특별시 송파구 석촌동 250번지
11710,10500,0,0250,0001,,,표제부,공동주택,공동주택(다세대주택),186,111.3,462.02,20040907,6,0,서울특별시 송파구 석촌동 250-1번지
11710,10500,0,0250,0002,,,표제부,공동주택,연립주택(12세대),788.7,359.54,1403.28,19891228,3,1,서울특별시 송파구 석촌동 250-2번지
11710,10500,0,0250,0003,,,표제부,공동주택,공동주택,244.7,145.95,588.08,20030716,5,0,서울특별시 송파구 석촌동 250-3번지
11710,10500,0,0250,0004,,,표제부,공동주택,공동주택,185.2,110.58,450.18,20030712,5,0,서울특별시 송파구 석촌동 250-4번지
11710,10500,0,0250,0005,,,일반건축물,단독주택,단독주택,0,0,270.02,19870108,2,1,서울특별시 송파구 석촌동 250-5번지
11710,10500,0,0250,0007,THE HELIO 2507,,표제부,공동주택,도시형생활주택(원룸형),328,196.26,650.94,20220128,5,0,서울특별시 송파구 석촌동 250-7번지
11710,10500,0,0250,0008,,,일반건축물,단독주택,다가구주택(8가구),185.2,110.92,413.53,19960823,3,1,서울특별시 송파구 석촌동 250-8번지
11710,10500,0,0250,0009,,,표제부,공동주택,도시형생활주택,198.5,118.9,388.86,20130906,5,0,서울특별시 송파구 석촌동 250-9번지
11710,10500,0,0250,0010,,,표제부,공동주택,"공동주택(도시형생활주택,다세대주택)",198.4,118.08,498.83,20120903,6,0,서울특별시 송파구 석촌동 250-10번지
11710,10500,0,0250,0011,,,일반건축물,단독주택,다가구주택(6가구),215,127.75,469.7,19950616,3,1,서울특별시 송파구 석촌동 250-11번지
11710,10500,0,0250,0012,,,표제부,공동주택,공동주택,211.7,126.9,448.33,20031118,5,0,서울특별시 송파구 석촌동 250-12번지
11710,10500,0,0250,0013,,,표제부,공동주택,공동주택,186.1,110.9,461.22,20031015,6,0,서울특별시 송파구 석촌동 250-13번지
11710,10500,0,0250,0014,,,표제부,공동주택,공동주택,186.2,111.7,437.29,20030805,5,0,서울특별시 송파구 석촌동 250-14번지
11710,10500,0,0251,0000,,,일반건축물,단독주택,"근린생활시설, 주택",0,0,710.1,19881219,4,1,서울특별시 송파구 석촌동 251번지
11710,10500,0,0251,0001,,,표제부,공동주택,공동주택,189.1,111.02,426.44,20031217,5,0,서울특별시 송파구 석촌동 251-1번지
11710,10500,0,0251,0002,,,일반건축물,단독주택,다가구용단독주택(7가구),190.7,113.76,418.17,19960613,3,1,서울특별시 송파구 석촌동 251-2번지
11710,10500,0,0251,0003,,,표제부,공동주택,공동주택(다세대주택),241.4,142.25,561.13,20040901,5,0,서울특별시 송파구 석촌동 251-3번지
11710,10500,0,0251,0004,,,일반건축물,제1종근린생활시설,근린생활시설,0,0,326.8,19830920,3,1,서울특별시 송파구 석촌동 251-4번지
11710,10500,0,0251,0005,,,일반건축물,제2종근린생활시설,근린생활시설,556.4,241.947,964.629,19960710,3,1,서울특별시 송파구 석촌동 251-5번지
11710,10500,0,0251,0006,,,일반건축물,제2종근린생활시설,근린생활시설,0,0,894.24,19890927,5,1,서울특별시 송파구 석촌동 251-6번지
11710,10500,0,0251,0007,,,일반건축물,제1종근린생활시설,근린생활시설,491.9,274.27,498.56,20190327,2,0,서울특별시 송파구 석촌동 251-7번지
11710,10500,0,0251,0008,,,일반건축물,단독주택,근린생활시설및주택,0,0,732,19881111,4,1,서울특별시 송파구 석촌동 251-8번지
11710,10500,0,0251,0010,,,일반건축물,단독주택,다가구주택(7가구),189,112.08,418.46,19980526,3,1,서울특별시 송파구 석촌동 251-10번지
11710,10500,0,0251,0012,월드빌A,,표제부,공동주택,공동주택,252.5,140.9,503.35,20041109,5,0,서울특별시 송파구 석촌동 251-12번지
11710,10500,0,0251,0013,,,표제부,공동주택,공동주택,190.7,136.39,464.48,20040302,5,0,서울특별시 송파구 석촌동 251-13번지
11710,10500,0,0251,0014,롯데빌라,,표제부,공동주택,공동주택,247.1,146.9,591.11,20031115,5,0,서울특별시 송파구 석촌동 251-14번지
11710,10500,0,0251,0015,,,일반건축물,제2종근린생활시설,"근린생활시설, 업무시설",313.9,150,849.66,19911211,5,1,서울특별시 송파구 석촌동 251-15번지
11710,10500,0,0251,0016,K.L.C 아파트,,표제부,공동주택,공동주택,246.4,147.72,738.95,20020204,6,0,서울특별시 송파구 석촌동 251-16번지
11710,10500,0,0251,0018,송파로얄빌딩,,일반건축물,제2종근린생활시설,근린생활시설,346.7,207.6,825.6,20240110,4,1,서울특별시 송파구 석촌동 251-18번지
11710,10500,0,0251,0019,월드빌B,,표제부,공동주택,공동주택,252.5,140.9,504.24,20041112,5,0,서울특별시 송파구 석촌동 251-19번지
11710,10500,0,0252,0000,,,일반건축물,제1종근린생활시설,근린생활시설,195.7,92.12,442.51,19841005,3,1,서울특별시 송파구 석촌동 252번지
11710,10500,0,0252,0001,,,일반건축물,제1종근린생활시설,근린생활시설,0,0,1298.8,19841010,3,1,서울특별시 송파구 석촌동 252-1번지
11710,10500,0,0252,0002,,,일반건축물,제2종근린생활시설,근린생활시설,198.5,98.79,432.79,19870804,4,1,서울특별시 송파구 석촌동 252-2번지
11710,10500,0,0252,0003,,,일반건축물,제2종근린생활시설,근린생활시설,0,0,2307.76,19900207,5,1,서울특별시 송파구 석촌동 252-3번지
11710,10500,0,0252,0005,서도휴빌,,표제부,공동주택,도시형생활주택(단지형다세대),1011.4,170.37,659.92,20201231,5,0,서울특별시 송파구 석촌동 252-5번지
11710,10500,0,0252,0005,서도휴빌,,표제부,공동주택,도시형생활주택(단지형다세대),1011.4,174.98,659.93,20201231,5,0,서울특별시 송파구 석촌동 252-5번지
11710,10500,0,0252,0005,서도휴빌,,표제부,공동주택,도시형생활주택(단지형다세대),1011.4,175.69,659.96,20201231,5,0,서울특별시 송파구 석촌동 252-5번지
11710,10500,0,0252,0008,부자빌딩,,표제부,제2종근린생활시설,근린생활시설,399,239.07,1480.34,20050204,6,1,서울특별시 송파구 석촌동 252-8번지
11710,10500,0,0252,0009,,,일반건축물,단독주택,단독주택,181.76,87.63,249.96,19860421,2,1,서울특별시 송파구 석촌동 252-9번지
11710,10500,0,0252,0013,홍진빌라,,표제부,공동주택,공동주택(다세대주택),169,101.32,336.06,20061229,5,0,서울특별시 송파구 석촌동 252-13번지
11710,10500,0,0252,0015,대양빌라,,표제부,공동주택,공동주택(다세대주택),168.9,101.2,336.9,20060714,5,0,서울특별시 송파구 석촌동 252-15번지
11710,10500,0,0252,0016,남양센스빌가동,,표제부,공동주택,공동주택(다세대주택),259,136.56,517.92,20060516,5,0,서울특별시 송파구 석촌동 252-16번지
11710,10500,0,0252,0018,남양센스빌나동,,표제부,공동주택,공동주택(다세대주택),267.2,149.04,531.9,20060516,5,0,서울특별시 송파구 석촌동 252-18번지
11710,10500,0,0252,0019,,,일반건축물,제2종근린생활시설,"근린생활시설,주택",413,171.43,985.21,20190402,6,1,서울특별시 송파구 석촌동 252-19번지
11710,10500,0,0253,0000,,,일반건축물,제1종근린생활시설,제1종근린생활시설,182.7,103.78,657.29,20041204,6,1,서울특별시 송파구 석촌동 253번지
11710,10500,0,0253,0001,,,표제부,공동주택,공동주택,209.5,125.59,491.64,20031013,5,0,서울특별시 송파구 석촌동 253-1번지
11710,10500,0,0253,0002,석촌동 예명아파트,,표제부,공동주택,공동주택(아파트),1145.1,435.84,4705.05,20010929,9,2,서울특별시 송파구 석촌동 253-2번지
11710,10500,0,0253,0005,,,일반건축물,제1종근린생활시설,근린생활시설,175.2,91.33,431.18,20191126,4,1,서울특별시 송파구 석촌동 253-5번지
11710,10500,0,0253,0006,,,표제부,공동주택,공동주택.근린생활시설,269.6,158.7,507.16,20200827,5,0,서울특별시 송파구 석촌동 253-6번지
11710,10500,0,0253,0007,남경빌딩,,일반건축물,제2종근린생활시설,근린생활시설,0,0,581.51,19841011,4,1,서울특별시 송파구 석촌동 253-7번지
11710,10500,0,0254,0000,,,표제부,제1종근린생활시설,근린생활시설,0,0,1454.25,19830409,3,1,서울특별시 송파구 석촌동 254번지
11710,10500,0,0254,0001,파크팰리스,,표제부,공동주택,근린생활시설및 공동주택(연립),1070.8,634.2,4762.06,20170721,7,3,서울특별시 송파구 석촌동 254-1번지
11710,10500,0,0254,0005,,,표제부,제1종근린생활시설,"근린생활시설, 주택",0,0,2096,19840317,4,1,서울특별시 송파구 석촌동 254-5번지
11710,10500,0,0255,0000,위더스빌딩(송파),,일반건축물,제2종근린생활시설,근린생활시설,607.9,324.09,2218.07,20220929,5,2,서울특별시 송파구 석촌동 255번지
11710,10500,0,0255,0001,,,일반건축물,제1종근린생활시설,근린생활시설,1045.7,626.995,3548.467,20211217,4,2,서울특별시 송파구 석촌동 255-1번지
11710,10500,0,0255,0004,,,일반건축물,제2종근린생활시설,"근린생활시설,",0,0,1494.44,19850731,3,1,서울특별시 송파구 석촌동 255-4번지
11710,10500,0,0255,0005,,,일반건축물,제1종근린생활시설,근린생활시설,348.6,207.0447,846.0245,20230323,4,1,서울특별시 송파구 석촌동 255-5번지
11710,10500,0,0256,0000,빌라드그리움 석촌,,표제부,제1종근린생활시설,"제1종근린생활시설,도시형생활주택(단지형연립주택)",1481.5,547.27,4108.12,20190228,9,1,서울특별시 송파구 석촌동 256번지
11710,10500,0,0256,0001,B동,,일반건축물,제2종근린생활시설,근린생활시설(사무실),0,0,78.75,19891204,1,1,서울특별시 송파구 석촌동 256-1번지
11710,10500,0,0256,0001,A동,,일반건축물,제2종근린생활시설,제2종근린생활시설,0,0,82.44,19891204,1,0,서울특별시 송파구 석촌동 256-1번지
11710,10500,0,0256,0002,,,일반건축물,제1종근린생활시설,근린생활시설,0,0,84.95,19891227,1,0,서울특별시 송파구 석촌동 256-2번지
11710,10500,0,0256,0003,,,일반건축물,제1종근린생활시설,근린생활시설,0,0,260.4,19891213,1,1,서울특별시 송파구 석촌동 256-3번지
11710,10500,0,0256,0004,,,일반건축물,제1종근린생활시설,근린생활시설,0,0,254.22,19891213,1,1,서울특별시 송파구 석촌동 256-4번지
11710,10500,0,0256,0006,,,일반건축물,노유자시설,노유자시설(영유아보육시설),0,0,82.44,19891205,1,0,서울특별시 송파구 석촌동 256-6번지
11710,10500,0,0256,0007,,,일반건축물,제2종근린생활시설,사무소,0,0,82.44,19891205,1,0,서울특별시 송파구 석촌동 256-7번지
11710,10500,0,0257,0000,,,일반건축물,제1종근린생활시설,"주택, 근린생활시설",0,0,418.24,19890714,4,1,서울특별시 송파구 석촌동 257번지
11710,10500,0,0257,0001,,,표제부,공동주택,공동주택,220.8,132.19,537.3,20031210,5,0,서울특별시 송파구 석촌동 257-1번지
11710,10500,0,0257,0002,낙원교회,,일반건축물,종교시설,종교시설(교회),901,534.12,3055.22,20101210,6,3,서울특별시 송파구 석촌동 257-2번지
11710,10500,0,0257,0005,,,표제부,공동주택,공동주택(다세대주택),221.1,131.5,510.59,20040729,6,0,서울특별시 송파구 석촌동 257-5번지
11710,10500,0,0257,0006,힐타운,,표제부,공동주택,공동주택(다세대주택),297.5,169.91,589.85,20061018,5,0,서울특별시 송파구 석촌동 257-6번지
11710,10500,0,0257,0007,,,표제부,공동주택,연립주택,0,0,736.08,19910513,3,1,서울특별시 송파구 석촌동 257-7번지
11710,10500,0,0257,0008,,,표제부,공동주택,공동주택(다세대주택),220.8,119.84,441.1,20060818,5,0,서울특별시 송파구 석촌동 257-8번지
11710,10500,0,0257,0009,,,표제부,공동주택,다세대주택,0,0,328.14,19860709,2,1,서울특별시 송파구 석촌동 257-9번지
11710,10500,0,0257,0010,,,표제부,공동주택,공동주택,221.1,130.2,440.14,20040504,5,0,서울특별시 송파구 석촌동 257-10번지
11710,10500,0,0257,0011,대원빌리지,,표제부,공동주택,공동주택,221.2,130.92,479.49,20040126,5,0,서울특별시 송파구 석촌동 257-11번지
11710,10500,0,0257,0013,트윈스빌A,,표제부,공동주택,공동주택,244.5,146.5,580.47,20031227,5,0,서울특별시 송파구 석촌동 257-13번지
11710,10500,0,0257,0014,트윈스빌B,,표제부,공동주택,공동주택,244.4,146.5,580.47,20031231,5,0,서울특별시 송파구 석촌동 257-14번지
11710,10500,0,0258,0000,돌마리어린이공원경로당,,일반건축물,노유자시설,경노당,1715.6,85.41,155.7,20210405,2,0,서울특별시 송파구 석촌동 258번지
11710,10500,0,0259,0000,,,표제부,공동주택,다세대주택,246.9,147.45,612.12,19960508,4,1,서울특별시 송파구 석촌동 259번지
11710,10500,0,0259,0001,,,일반건축물,단독주택,다가구주택(12가구),242.5,144.96,562.22,19940614,3,1,서울특별시 송파구 석촌동 259-1번지
11710,10500,0,0259,0002,평화하이츠빌,,표제부,공동주택,다세대주택(6세대),168.1,99.8,388.03,20011031,4,0,서울특별시 송파구 석촌동 259-2번지
11710,10500,0,0259,0003,,,표제부,공동주택,다세대주택(7세대),196,115.78,459.27,20010727,4,0,서울특별시 송파구 석촌동 259-3번지
11710,10500,0,0259,0004,,,표제부,공동주택,"공동주택, 교육연구및복지시설",311.7,170.44,774.7,20021018,5,0,서울특별시 송파구 석촌동 259-4번지
11710,10500,0,0259,0005,,,표제부,공동주택,공동주택,168.1,100.8,418.63,20021024,5,0,서울특별시 송파구 석촌동 259-5번지
11710,10500,0,0259,0006,,,일반건축물,제1종근린생활시설,"근린생활시설,주택",281,139.79,607.18,19850612,4,1,서울특별시 송파구 석촌동 259-6번지
11710,10500,0,0259,0007,송파리더스빌딩,,일반건축물,제2종근린생활시설,근린생활시설,169.2,101.44,334.42,20230915,4,0,서울특별시 송파구 석촌동 259-7번지
11710,10500,0,0259,0008,현대골든빌라,,표제부,공동주택,다세대주택,341.9,166.14,659.72,19990329,4,1,서울특별시 송파구 석촌동 259-8번지
11710,10500,0,0259,0010,,,표제부,공동주택,공동주택,262.3,156.21,568.71,20030731,5,0,서울특별시 송파구 석촌동 259-10번지
11710,10500,0,0259,0011,라온 팰리스,,표제부,공동주택,공동주택(다세대주택),168.3,101.65,372.47,20120813,5,0,서울특별시 송파구 석촌동 259-11번지
11710,10500,0,0259,0012,청암제,,표제부,공동주택,다세대주택,243.4,145.7,486.56,20151029,5,0,서울특별시 송파구 석촌동 259-12번지
11710,10500,0,0259,0013,,,표제부,공동주택,다세대주택,280.4,169.52,625.25,20080218,6,0,서울특별시 송파구 석촌동 259-13번지
11710,10500,0,0259,0014,,,표제부,공동주택,공동주택(다세대주택),178.6,120.99,417.78,20070807,5,0,서울특별시 송파구 석촌동 259-14번지
11710,10500,0,0259,0015,,,표제부,공동주택,공동주택,208.3,124.74,554.04,20021030,5,0,서울특별시 송파구 석촌동 259-15번지
11710,10500,0,0259,0016,석촌새싹어린이집,,일반건축물,노유자시설,노유자시설(영유아보육시설),180.6,107,376,20070420,4,0,서울특별시 송파구 석촌동 259-16번지
11710,10500,0,0260,0000,,,표제부,공동주택,공동주택,257.7,154.39,590.52,20020817,5,0,서울특별시 송파구 석촌동 260번지
11710,10500,0,0260,0001,하인즈빌,,표제부,공동주택,공동주택 외1,336.3,189.27,832.48,20021223,5,0,서울특별시 송파구 석촌동 260-1번지
11710,10500,0,0260,0003,,,표제부,공동주택,공동주택,252.2,151.2,614.87,20020422,5,0,서울특별시 송파구 석촌동 260-3번지
11710,10500,0,0260,0005,,,표제부,공동주택,공동주택,252.1,151.2,614.87,20020419,5,0,서울특별시 송파구 석촌동 260-5번지
11710,10500,0,0260,0006,석촌 현대 빌라트,,표제부,공동주택,공동주택(다세대),295.3,157.06,583.76,20000804,4,0,서울특별시 송파구 석촌동 260-6번지
11710,10500,0,0260,0007,,,표제부,공동주택,다세대주택(8세대),222.7,133.47,540.65,20011217,5,0,서울특별시 송파구 석촌동 260-7번지
11710,10500,0,0260,0008,,,일반건축물,제2종근린생활시설,제2종 근린생활시설(사무소),165.2,92.31,431.56,20241022,5,1,서울특별시 송파구 석촌동 260-8번지
11710,10500,0,0260,0009,,,일반건축물,노유자시설,노유자시설외1,219.8,125.31,496.53,20070503,5,0,서울특별시 송파구 석촌동 260-9번지
11710,10500,0,0260,0010,,,표제부,공동주택,공동주택(다세대주택),168.3,98.88,386.85,20040630,6,0,서울특별시 송파구 석촌동 260-10번지
11710,10500,0,0260,0011,MC하우징,,표제부,공동주택,공동주택(다세대주택),197.8,118.08,395.36,20100419,5,0,서울특별시 송파구 석촌동 260-11번지
11710,10500,0,0260,0012,서원캐슬,,표제부,공동주택,공동주택(다세대주택),342.6,203.1,659.32,20051018,5,0,서울특별시 송파구 석촌동 260-12번지
11710,10500,0,0260,0014,,,일반건축물,단독주택,다가구주택(14가구),218.2,129.59,458.46,19981203,3,1,서울특별시 송파구 석촌동 260-14번지
11710,10500,0,0260,0015,청솔빌라,,표제부,공동주택,공동주택,180.9,106.96,369.31,20040120,5,0,서울특별시 송파구 석촌동 260-15번지
11710,10500,0,0260,0016,,,표제부,공동주택,공동주택(다세대주택),258,154.36,514.84,20040825,5,0,서울특별시 송파구 석촌동 260-16번지
11710,10500,0,0260,0017,,,표제부,공동주택,공동주택,197.7,117.04,424.52,20021210,5,0,서울특별시 송파구 석촌동 260-17번지
11710,10500,0,0261,0000,,,표제부,공동주택,다세대주택,249.6,149.64,548.56,19940722,3,1,서울특별시 송파구 석촌동 261번지
11710,10500,0,0261,0001,,,표제부,공동주택,공동주택,194.3,113.76,468.85,20020531,5,0,서울특별시 송파구 석촌동 261-1번지
11710,10500,0,0261,0002,,,일반건축물,단독주택,다가구주택(5가구),168,86.46,249.84,19930716,2,1,서울특별시 송파구 석촌동 261-2번지
11710,10500,0,0261,0003,,,일반건축물,단독주택,다가구용단독주택(5가구),168,85.18,245.67,19910523,2,1,서울특별시 송파구 석촌동 261-3번지
11710,10500,0,0261,0004,,,표제부,공동주택,다세대주택,0,0,248.22,19870519,2,1,서울특별시 송파구 석촌동 261-4번지
11710,10500,0,0261,0005,,,표제부,공동주택,다세대주택,200.2,119.34,399.9,20080429,5,0,서울특별시 송파구 석촌동 261-5번지
11710,10500,0,0261,0007,아트하우스,,표제부,공동주택,공동주택,181.2,108.5,436.56,20040115,5,0,서울특별시 송파구 석촌동 261-7번지
11710,10500,0,0261,0008,,,일반건축물,단독주택,다가구주택외1,0,0,511.97,19850611,4,1,서울특별시 송파구 석촌동 261-8번지
11710,10500,0,0261,0009,,,일반건축물,단독주택,"근린생활시설및주택, 교육연구 및 복지지설",277.7,143,568.82,19880422,4,1,서울특별시 송파구 석촌동 261-9번지
11710,10500,0,0261,0010,,,표제부,공동주택,공동주택,290.1,173.56,647,20040330,5,0,서울특별시 송파구 석촌동 261-10번지
11710,10500,0,0261,0011,,,표제부,공동주택,공동주택(다세대주택),167.1,100.14,392.7,20050907,6,0,서울특별시 송파구 석촌동 261-11번지
11710,10500,0,0261,0012,,,표제부,공동주택,공동주택(다세대주택),167.1,100.14,378.58,20050902,5,0,서울특별시 송파구 석촌동 261-12번지
11710,10500,0,0261,0013,,,표제부,공동주택,공동주택(다세대주택),167.1,100.14,392.7,20050909,6,0,서울특별시 송파구 석촌동 261-13번지
11710,10500,0,0261,0014,석촌동 주택,,표제부,공동주택,공동주택(다세대주택),207.5,124.24,414.79,20051007,5,0,서울특별시 송파구 석촌동 261-14번지
11710,10500,0,0261,0015,,,표제부,공동주택,다세대주택,345.8,179.61,654.16,19930406,3,1,서울특별시 송파구 석촌동 261-15번지
11710,10500,0,0261,0017,,,일반건축물,단독주택,근린생활시설및주택,0,0,532.1,19880916,4,1,서울특별시 송파구 석촌동 261-17번지
11710,10500,0,0261,0018,,,표제부,공동주택,다세대주택,279.2,166.32,592.48,19931204,3,1,서울특별시 송파구 석촌동 261-18번지
11710,10500,0,0261,0019,,,표제부,공동주택,다세대주택,302.8,180.63,657.72,19940722,3,1,서울특별시 송파구 석촌동 261-19번지
11710,10500,0,0262,0000,,,표제부,공동주택,다세대주택,326.4,185.89,658.8,19930112,3,1,서울특별시 송파구 석촌동 262번지
11710,10500,0,0262,0001,,,일반건축물,제2종근린생활시설,"근린생활시설,창고시설",522.8,256.5,1264.5,19830915,4,1,서울특별시 송파구 석촌동 262-1번지
11710,10500,0,0262,0002,,,표제부,공동주택,공동주택,165.2,98.82,410.11,20020930,5,0,서울특별시 송파구 석촌동 262-2번지
11710,10500,0,0262,0003,한율주택,,표제부,공동주택,근린생활시설및다세대주택,350.3,209.04,697.46,20140707,5,0,서울특별시 송파구 석촌동 262-3번지
11710,10500,0,0262,0004,,,표제부,공동주택,"근린생활시설, 공동주택",348.5,191.46,839.54,20020315,5,0,서울특별시 송파구 석촌동 262-4번지
11710,10500,0,0262,0005,목화빌라,,표제부,공동주택,다세대주택,231.4,138.27,567.92,20001201,4,1,서울특별시 송파구 석촌동 262-5번지
11710,10500,0,0262,0006,,,표제부,공동주택,공동주택(다세대주택),183.7,107.92,386.45,20120924,5,0,서울특별시 송파구 석촌동 262-6번지
11710,10500,0,0262,0007,,,표제부,공동주택,다세대주택,167.7,100.32,329.06,20160204,5,0,서울특별시 송파구 석촌동 262-7번지
11710,10500,0,0262,0008,,,표제부,공동주택,다세대주택,225.3,135.11,450.41,20160411,5,0,서울특별시 송파구 석촌동 262-8번지
11710,10500,0,0262,0009,,,일반건축물,단독주택,다가구주택(9가구),231.4,138.6,534.33,19960917,3,1,서울특별시 송파구 석촌동 262-9번지
11710,10500,0,0262,0010,,,일반건축물,제2종근린생활시설,"주택,근린생활시설",0,0,655.35,19891023,5,1,서울특별시 송파구 석촌동 262-10번지
11710,10500,0,0262,0011,소나무집,,표제부,공동주택,공동주택(다세대주택),183.7,109.52,393.93,20120926,5,0,서울특별시 송파구 석촌동 262-11번지
11710,10500,0,0262,0012,,,표제부,공동주택,공동주택(다세대주택),183.7,107.92,386.45,20120924,5,0,서울특별시 송파구 석촌동 262-12번지
11710,10500,0,0262,0013,,,일반건축물,단독주택,단독주택,0,0,249.83,19890107,2,1,서울특별시 송파구 석촌동 262-13번지
11710,10500,0,0263,0000,상지아트빌,,표제부,공동주택,공동주택,231.8,138.07,649.71,20020108,4,1,서울특별시 송파구 석촌동 263번지
11710,10500,0,0263,0001,,,표제부,공동주택,공동주택,176.1,105.6,408.31,20020916,5,0,서울특별시 송파구 석촌동 263-1번지
11710,10500,0,0263,0002,,,표제부,공동주택,공동주택,176.1,105.45,418.11,20020624,5,0,서울특별시 송파구 석촌동 263-2번지
11710,10500,0,0263,0003,,,표제부,공동주택,다세대주택(16세대) 및 근린생활시설,326.4,190.71,643.73,20220323,5,0,서울특별시 송파구 석촌동 263-3번지
11710,10500,0,0263,0004,,,표제부,공동주택,도시형생활주택(단지형다세대주택),219.7,131.21,439.08,20190830,5,0,서울특별시 송파구 석촌동 263-4번지
11710,10500,0,0263,0005,,,일반건축물,제1종근린생활시설,"근린생활시설,주택",0,0,497.84,19820901,3,1,서울특별시 송파구 석촌동 263-5번지
11710,10500,0,0263,0007,,,일반건축물,단독주택,단독주택,0,0,248.94,19890621,2,1,서울특별시 송파구 석촌동 263-7번지
11710,10500,0,0263,0008,,,일반건축물,단독주택,다가구주택(10가구),274.2,154.4,595.42,19930422,3,1,서울특별시 송파구 석촌동 263-8번지
11710,10500,0,0263,0009,,,표제부,공동주택,공동주택,173.6,101.04,357.36,20031223,5,0,서울특별시 송파구 석촌동 263-9번지
11710,10500,0,0263,0010,영일주택,,표제부,공동주택,공동주택(다세대주택),180.4,107.4,388.9,20040913,5,0,서울특별시 송파구 석촌동 263-10번지
11710,10500,0,0263,0011,,,표제부,공동주택,연립주택,461.8,229.81,1116.19,19940902,4,1,서울특별시 송파구 석촌동 263-11번지
11710,10500,0,0263,0012,,,표제부,공동주택,도시형생활주택(단지형다세대주택),220,131.21,439.88,20190830,5,0,서울특별시 송파구 석촌동 263-12번지
11710,10500,0,0264,0002,,,일반건축물,제2종근린생활시설,근린생활시설외1,468.5,227.58,995.82,19840120,4,1,서울특별시 송파구 석촌동 264-2번지
11710,10500,0,0264,0003,,,표제부,공동주택,다세대주택,272,157.95,659.97,19970604,4,1,서울특별시 송파구 석촌동 264-3번지
11710,10500,0,0264,0004,,,표제부,공동주택,공동주택(연립주택),447.1,267.76,893.52,20070904,5,0,서울특별시 송파구 석촌동 264-4번지
11710,10500,0,0264,0006,,,일반건축물,제2종근린생활시설,사찰,0,0,155.52,19870115,1,1,서울특별시 송파구 석촌동 264-6번지
11710,10500,0,0264,0007,,,일반건축물,제2종근린생활시설,종교시설(사찰),179.8,87.6,132,19901024,1,1,서울특별시 송파구 석촌동 264-7번지
11710,10500,0,0264,0008,HEE UM BILL,,표제부,공동주택,도시형생활주택(단지형다세대주택),231.4,138.24,430.55,20260401,5,0,서울특별시 송파구 석촌동 264-8번지
11710,10500,0,0265,0000,석촌동 주민센터,,일반건축물,업무시설,공공업무시설(주민센터),626.9,312.13,2389.86,20141226,5,2,서울특별시 송파구 석촌동 265번지
11710,10500,0,0265,0003,7테라스,,일반건축물,제2종근린생활시설,근린생활시설,300.8,148.22,1170.34,20230906,6,2,서울특별시 송파구 석촌동 265-3번지
11710,10500,0,0265,0005,리치빌딩,,일반건축물,제2종근린생활시설,제2종근린생활시설,284.1,153.96,695.25,19860926,4,1,서울특별시 송파구 석촌동 265-5번지
11710,10500,0,0265,0006,,,일반건축물,단독주택,근린생활시설및주택,178.51,81.18,223.38,19860930,2,1,서울특별시 송파구 석촌동 265-6번지
11710,10500,0,0265,0007,,,일반건축물,제1종근린생활시설,근린생활시설및주택,250.24,0,475.39,19860716,3,1,서울특별시 송파구 석촌동 265-7번지
11710,10500,0,0265,0008,,,일반건축물,단독주택,다가구주택(8가구),173.8,102.21,361.9,19960704,3,1,서울특별시 송파구 석촌동 265-8번지
11710,10500,0,0266,0000,,,표제부,공동주택,공동주택,0,0,245.34,19861115,2,1,서울특별시 송파구 석촌동 266번지
11710,10500,0,0266,0001,,,표제부,공동주택,공동주택,0,0,329.16,19860723,2,1,서울특별시 송파구 석촌동 266-1번지
11710,10500,0,0266,0002,,,일반건축물,단독주택,단독주택,0,0,249.81,19880607,2,1,서울특별시 송파구 석촌동 266-2번지
11710,10500,0,0266,0003,,,일반건축물,단독주택,다가구주택(6가구),90,53.85,215.4,20001218,4,0,서울특별시 송파구 석촌동 266-3번지
11710,10500,0,0266,0005,,,일반건축물,종교시설,"종교시설(교회), 교육복지시설",757.9,378.84,1495.42,19830329,4,1,서울특별시 송파구 석촌동 266-5번지
11710,10500,0,0266,0006,,,일반건축물,단독주택,다가구주택(9가구),188,112.72,417.1,19970521,3,1,서울특별시 송파구 석촌동 266-6번지
11710,10500,0,0266,0007,,,표제부,공동주택,다세대주택(10세대),317.8,141.04,659.83,20010723,4,1,서울특별시 송파구 석촌동 266-7번지
11710,10500,0,0266,0008,,,표제부,공동주택,공동주택(다세대주택),165.6,98.07,337.52,20040803,5,0,서울특별시 송파구 석촌동 266-8번지
11710,10500,0,0266,0009,세연빌,,표제부,공동주택,공동주택(도시형생활주택),174.4,101.93,329.33,20130812,5,0,서울특별시 송파구 석촌동 266-9번지
11710,10500,0,0266,0010,,,표제부,공동주택,다세대주택,331,144.68,659.56,20011224,4,1,서울특별시 송파구 석촌동 266-10번지
11710,10500,0,0266,0012,,,일반건축물,단독주택,다가구용단독주택(9가구),231.8,138.7,539.9,19970801,3,1,서울특별시 송파구 석촌동 266-12번지
11710,10500,0,0266,0013,뷰포인트빌딩,,일반건축물,제1종근린생활시설,근린생활시설,145.77,87.46,279.43,20181231,4,0,서울특별시 송파구 석촌동 266-13번지
11710,10500,0,0266,0015,,,일반건축물,단독주택,단독주택,0,0,249.3,19830224,2,1,서울특별시 송파구 석촌동 266-15번지
11710,10500,0,0266,0016,한우리타운,,표제부,공동주택,공동주택,188,112.77,413.52,20020806,5,0,서울특별시 송파구 석촌동 266-16번지
11710,10500,0,0266,0017,,,일반건축물,단독주택,다가구주택(6가구),188.1,111.84,442.64,20000603,3,1,서울특별시 송파구 석촌동 266-17번지
11710,10500,0,0266,0018,,,표제부,공동주택,공동주택,188,111.75,364.81,20021015,4,0,서울특별시 송파구 석촌동 266-18번지
11710,10500,0,0266,0019,혜성주택,,일반건축물,단독주택,다가구주택(9가구),231.4,138.7,538.84,19970708,3,1,서울특별시 송파구 석촌동 266-19번지
11710,10500,0,0266,0020,,,일반건축물,단독주택,다가구주택(7가구),231.1,135.83,508.9,20001004,3,1,서울특별시 송파구 석촌동 266-20번지
11710,10500,0,0267,0000,서울석촌초등학교,,일반건축물,교육연구시설,교육연구시설,0,1036.3,1991.97,20091204,3,0,서울특별시 송파구 석촌동 267번지
11710,10500,0,0267,0000,서울석촌초등학교,,일반건축물,교육연구시설,교육연구시설,0,1048.5,4208.22,,4,0,서울특별시 송파구 석촌동 267번지
11710,10500,0,0267,0000,서울석촌초등학교,,일반건축물,교육연구시설,교육연구시설,0,983.25,3575.05,,4,0,서울특별시 송파구 석촌동 267번지
11710,10500,0,0268,0000,,,표제부,공동주택,다세대주택 및 근린생활시설,268,136.71,725.32,20151231,5,1,서울특별시 송파구 석촌동 268번지
11710,10500,0,0268,0001,,,표제부,공동주택,공동주택(다세대주택),243.9,142.59,567.81,20051007,5,0,서울특별시 송파구 석촌동 268-1번지
11710,10500,0,0268,0002,,,표제부,공동주택,공동주택,171,102.05,395.15,20020729,4,0,서울특별시 송파구 석촌동 268-2번지
11710,10500,0,0268,0003,,,표제부,공동주택,공동주택,179.2,107.1,431.02,20040930,5,0,서울특별시 송파구 석촌동 268-3번지
11710,10500,0,0268,0004,,,일반건축물,단독주택,다가구주택 및 근린생활시설,184.3,106.19,355.75,20150504,5,0,서울특별시 송파구 석촌동 268-4번지
11710,10500,0,0268,0005,,,표제부,공동주택,공동주택,170.3,101.25,394.91,20030204,6,0,서울특별시 송파구 석촌동 268-5번지
11710,10500,0,0268,0006,,,표제부,공동주택,공동주택,316.2,184.9,647.62,20031021,5,0,서울특별시 송파구 석촌동 268-6번지
11710,10500,0,0268,0007,,,표제부,공동주택,다세대주택 및 근린생활시설,193.9,116.02,517.95,20151231,5,1,서울특별시 송파구 석촌동 268-7번지
11710,10500,0,0268,0008,,,일반건축물,단독주택,주택,0,0,179.8,19821221,2,1,서울특별시 송파구 석촌동 268-8번지
11710,10500,0,0268,0009,화수분,,표제부,공동주택,공동주택(다세대주택),172.3,100.05,400.33,20120823,6,0,서울특별시 송파구 석촌동 268-9번지
11710,10500,0,0268,0010,,,표제부,공동주택,다세대주택,170.9,99.16,341.53,20180914,5,0,서울특별시 송파구 석촌동 268-10번지
11710,10500,0,0268,0011,,,표제부,공동주택,공동주택,170.9,102.05,400.33,20030916,5,0,서울특별시 송파구 석촌동 268-11번지
11710,10500,0,0268,0018,,,표제부,공동주택,공동주택,179.1,107.1,465.91,20040930,5,0,서울특별시 송파구 석촌동 268-18번지
11710,10500,0,0268,0019,,,표제부,공동주택,공동주택(다세대주택),179.1,107.1,484.82,20050902,6,0,서울특별시 송파구 석촌동 268-19번지
11710,10500,0,0268,0020,,,표제부,공동주택,공동주택,178.9,107.1,465.91,20041108,5,0,서울특별시 송파구 석촌동 268-20번지
11710,10500,0,0268,0021,,,표제부,공동주택,공동주택,165.3,99.04,370.42,20040407,4,0,서울특별시 송파구 석촌동 268-21번지
11710,10500,0,0268,0022,,,표제부,공동주택,다세대주택 및 근린생활시설,184.3,110.42,366.84,20161007,5,0,서울특별시 송파구 석촌동 268-22번지
11710,10500,0,0268,0023,,,표제부,공동주택,공동주택(다세대주택),184.5,123.58,438.96,20060201,6,0,서울특별시 송파구 석촌동 268-23번지
11710,10500,0,0268,0024,,,표제부,공동주택,공동주택(다세대주택),184.6,110.11,367.97,20040809,5,0,서울특별시 송파구 석촌동 268-24번지
11710,10500,0,0268,0025,,,표제부,공동주택,공동주택,185.3,111.16,385.7,20031107,5,0,서울특별시 송파구 석촌동 268-25번지
11710,10500,0,0269,0000,,,일반건축물,제1종근린생활시설,"근린생활시설,단독주택",0,0,647.16,19830929,3,1,서울특별시 송파구 석촌동 269번지
11710,10500,0,0269,0001,,,표제부,공동주택,다세대주택(6세대),188.2,112.2,438.39,20011102,4,0,서울특별시 송파구 석촌동 269-1번지
11710,10500,0,0269,0002,,,표제부,공동주택,다세대주택,217.7,130.1,434.89,20170320,5,0,서울특별시 송파구 석촌동 269-2번지
11710,10500,0,0269,0003,,,표제부,공동주택,공동주택,255.7,152.4,593.96,20020806,5,0,서울특별시 송파구 석촌동 269-3번지
11710,10500,0,0269,0004,,,일반건축물,단독주택,다가구주택(10가구),232,139.02,526.82,19980710,3,1,서울특별시 송파구 석촌동 269-4번지
11710,10500,0,0269,0005,,,표제부,공동주택,공동주택(다세대주택),193.8,116.16,423.04,20080723,6,0,서울특별시 송파구 석촌동 269-5번지
11710,10500,0,0269,0006,,,표제부,공동주택,다세대주택,258.1,151.43,657.75,19921026,4,1,서울특별시 송파구 석촌동 269-6번지
11710,10500,0,0269,0007,엘에이치석촌도시형생활주택,,표제부,공동주택,공동주택(도시형생활주택),471.2,242,848.75,20121115,5,0,서울특별시 송파구 석촌동 269-7번지
11710,10500,0,0269,0008,삼오빌라,,표제부,공동주택,공동주택,256.1,152.7,559.35,20021030,5,0,서울특별시 송파구 석촌동 269-8번지
11710,10500,0,0269,0009,,,표제부,공동주택,다세대주택,218,128.52,435.29,20130913,5,0,서울특별시 송파구 석촌동 269-9번지
11710,10500,0,0269,0010,,,표제부,공동주택,공동주택(다세대주택),188.5,112.42,371.7,20130618,5,0,서울특별시 송파구 석촌동 269-10번지
11710,10500,0,0269,0011,동보빌딩,,일반건축물,단독주택,다가구주택(18가구),307.7,181.93,659.6,19970414,3,1,서울특별시 송파구 석촌동 269-11번지
11710,10500,0,0269,0012,,,일반건축물,단독주택,다가구용단독주택(9가구),188,111.84,419.43,19971114,3,1,서울특별시 송파구 석촌동 269-12번지
11710,10500,0,0269,0013,,,표제부,공동주택,다세대주택,188.5,112.42,376.11,20131002,5,0,서울특별시 송파구 석촌동 269-13번지
11710,10500,0,0269,0014,,,표제부,공동주택,다세대주택,188.5,112.5,369.6,20170607,5,0,서울특별시 송파구 석촌동 269-14번지
11710,10500,0,0269,0015,석촌동 다세대주택,,표제부,공동주택,다세대주택,199.1,119.35,416.64,20011205,4,0,서울특별시 송파구 석촌동 269-15번지
11710,10500,0,0269,0016,,,일반건축물,단독주택,다가구주택(10가구),235.6,140.08,543.07,19980722,3,1,서울특별시 송파구 석촌동 269-16번지
11710,10500,0,0270,0000,,,일반건축물,단독주택,다가구주택(5가구),165.5,98.98,278.53,19970911,2,1,서울특별시 송파구 석촌동 270번지
11710,10500,0,0270,0001,해피빌,,표제부,공동주택,공동주택(다세대주택),167.2,96.64,371.2,20111223,4,0,서울특별시 송파구 석촌동 270-1번지
11710,10500,0,0270,0002,한진빌라트,,표제부,공동주택,공동주택,243.9,144.16,510.56,20031211,5,0,서울특별시 송파구 석촌동 270-2번지
11710,10500,0,0270,0003,,,일반건축물,단독주택,단독주택,165.5,82.31,246.93,19861112,2,1,서울특별시 송파구 석촌동 270-3번지
11710,10500,0,0270,0004,아트하우스,,표제부,공동주택,공동주택,246.4,171.5,643.16,20031124,6,0,서울특별시 송파구 석촌동 270-4번지
11710,10500,0,0270,0005,,,표제부,공동주택,공동주택,175.2,103.6,294.18,20170720,4,0,서울특별시 송파구 석촌동 270-5번지
11710,10500,0,0270,0006,,,일반건축물,단독주택,다가구주택(4가구),156.05,91.51,261.6,20021023,4,0,서울특별시 송파구 석촌동 270-6번지
11710,10500,0,0270,0007,석촌동 다세대주택,,표제부,공동주택,다세대주택,246.5,147.56,490.17,20181221,5,0,서울특별시 송파구 석촌동 270-7번지
11710,10500,0,0271,0000,,,일반건축물,제1종근린생활시설,"근린생활시설,단독주택",0,0,899.94,19850916,3,1,서울특별시 송파구 석촌동 271번지
11710,10500,0,0271,0001,,,일반건축물,단독주택,다가구주택(7가구),192.4,115.18,419.22,19971016,3,1,서울특별시 송파구 석촌동 271-1번지
11710,10500,0,0271,0002,,,일반건축물,단독주택,다가구주택(14가구),225.7,135.24,514.68,19961023,3,1,서울특별시 송파구 석촌동 271-2번지
11710,10500,0,0271,0003,은탑테크하이빌,,표제부,공동주택,다세대주택,313.7,167.52,659.8,19961010,4,1,서울특별시 송파구 석촌동 271-3번지
11710,10500,0,0271,0004,,,표제부,공동주택,다세대주택,247.6,148.45,625.36,20001125,4,1,서울특별시 송파구 석촌동 271-4번지
11710,10500,0,0271,0005,그랜드센스빌,,표제부,공동주택,연립주택(12세대),486.5,282.94,1456.06,20001227,4,1,서울특별시 송파구 석촌동 271-5번지
11710,10500,0,0271,0007,,,표제부,공동주택,다세대주택,199.4,118.04,398.72,20180615,5,0,서울특별시 송파구 석촌동 271-7번지
11710,10500,0,0271,0008,황금타운,,표제부,공동주택,다세대주택(4세대),184.4,110.47,341.53,20150522,5,0,서울특별시 송파구 석촌동 271-8번지
11710,10500,0,0271,0009,,,일반건축물,제2종근린생활시설,"근린생활시설,주택",300.5,174.35,738.73,19830502,5,1,서울특별시 송파구 석촌동 271-9번지
11710,10500,0,0271,0010,영스테이,,표제부,공동주택,도시형생활주택,224.7,134.43,448.7,20211008,5,0,서울특별시 송파구 석촌동 271-10번지
11710,10500,0,0271,0014,,,표제부,공동주택,도시형생활주택(단지형다세대),221.6,132.3,442.53,20161004,6,0,서울특별시 송파구 석촌동 271-14번지
11710,10500,0,0271,0015,,,일반건축물,단독주택,주택,0,0,246.15,19821126,2,1,서울특별시 송파구 석촌동 271-15번지
11710,10500,0,0271,0016,,,표제부,공동주택,공동주택,195.2,117,422.56,20040112,5,0,서울특별시 송파구 석촌동 271-16번지
11710,10500,0,0271,0017,,,표제부,공동주택,공동주택,194.6,116.26,431.19,20021119,5,0,서울특별시 송파구 석촌동 271-17번지
11710,10500,0,0271,0018,,,일반건축물,단독주택,다가구주택(11가구),192.1,111.72,419.8,19961116,3,1,서울특별시 송파구 석촌동 271-18번지
11710,10500,0,0271,0019,,,표제부,공동주택,공동주택(다세대주택),184.3,119.2,452.13,20040729,6,0,서울특별시 송파구 석촌동 271-19번지
11710,10500,0,0271,0020,,,표제부,공동주택,다세대주택,184.5,114.41,470.97,20050727,6,0,서울특별시 송파구 석촌동 271-20번지
11710,10500,0,0272,0000,,,표제부,공동주택,공동주택,174.73,104.4,345.81,20130911,5,0,서울특별시 송파구 석촌동 272번지
11710,10500,0,0272,0001,,,일반건축물,단독주택,"단독주택,근린생활시설",177.94,88.34,342.48,19860614,3,1,서울특별시 송파구 석촌동 272-1번지
11710,10500,0,0272,0002,,,일반건축물,단독주택,"근린생활시설, 주택",0,0,610.5,19881104,4,1,서울특별시 송파구 석촌동 272-2번지
11710,10500,0,0272,0003,,,일반건축물,제2종근린생활시설,근린생활시설,681.1,337.48,2179.17,19941229,5,1,서울특별시 송파구 석촌동 272-3번지
11710,10500,0,0272,0004,,,표제부,공동주택,공동주택,168.6,98.02,335.38,20101013,5,0,서울특별시 송파구 석촌동 272-4번지
11710,10500,0,0272,0005,그때그시절,,일반건축물,제2종근린생활시설,제2종근린생활시설,0,145.93,145.93,20040921,1,0,서울특별시 송파구 석촌동 272-5번지
11710,10500,0,0272,0005,그때그시절,,일반건축물,제2종근린생활시설,제2종근린생활시설,0,6.25,6.25,20040921,1,0,서울특별시 송파구 석촌동 272-5번지
11710,10500,0,0272,0005,그때그시절,,일반건축물,제2종근린생활시설,제2종근린생활시설,0,104.4,104.4,20040823,1,0,서울특별시 송파구 석촌동 272-5번지
11710,10500,0,0272,0006,,,일반건축물,제2종근린생활시설,"근린생활시설, 주택",1247.8,491.77,1555.67,19820814,3,1,서울특별시 송파구 석촌동 272-6번지
11710,10500,0,0272,0009,,,일반건축물,제1종근린생활시설,"근린생활시설, 주택",253.5,126.11,653.93,19880819,4,1,서울특별시 송파구 석촌동 272-9번지
11710,10500,0,0272,0011,,,일반건축물,단독주택,"근린생활시설, 주택",0,0,643.68,19881121,4,1,서울특별시 송파구 석촌동 272-11번지
11710,10500,0,0272,0013,,,일반건축물,단독주택,단독주택,186.8,109.95,321.06,20260213,4,0,서울특별시 송파구 석촌동 272-13번지
11710,10500,0,0272,0014,,,일반건축물,단독주택,단독주택,0,0,249.16,19860212,2,1,서울특별시 송파구 석촌동 272-14번지
11710,10500,0,0272,0015,,,일반건축물,단독주택,단독주택,186.22,92.5,249.9,19860313,2,1,서울특별시 송파구 석촌동 272-15번지
11710,10500,0,0272,0016,재원빌라,,표제부,공동주택,공동주택,186.8,110.88,414.28,20020930,4,0,서울특별시 송파구 석촌동 272-16번지
11710,10500,0,0272,0017,,,표제부,공동주택,공동주택(도시형생활주택),186.8,106.03,348.6,20111107,5,0,서울특별시 송파구 석촌동 272-17번지
11710,10500,0,0272,0018,,,일반건축물,단독주택,"단독주택,근린생활시설",0,0,369.6,19860425,3,1,서울특별시 송파구 석촌동 272-18번지
11710,10500,0,0272,0019,,,표제부,공동주택,공동주택,168.6,100.41,438.2,20051230,6,0,서울특별시 송파구 석촌동 272-19번지
11710,10500,0,0272,0020,,,일반건축물,단독주택,"근린생활시설, 주택",0,0,409.8,19881205,4,1,서울특별시 송파구 석촌동 272-20번지
11710,10500,0,0272,0022,,,일반건축물,단독주택,"근린생활시설, 주택",0,0,684,19881223,4,1,서울특별시 송파구 석촌동 272-22번지
11710,10500,0,0272,0023,,,표제부,공동주택,"다세대주택,근린생활시설",297.2,175.92,541.66,20190516,5,0,서울특별시 송파구 석촌동 272-23번지
11710,10500,0,0272,0024,,,일반건축물,제1종근린생활시설,"주택,근린생활시설",0,0,833.38,19880603,4,1,서울특별시 송파구 석촌동 272-24번지
11710,10500,0,0272,0025,,,일반건축물,제2종근린생활시설,근린생활시설,332.4,175.56,729.38,19880509,4,1,서울특별시 송파구 석촌동 272-25번지
11710,10500,0,0272,0026,,,일반건축물,단독주택,근린생활시설외2,0,0,660.4,19881223,5,1,서울특별시 송파구 석촌동 272-26번지
11710,10500,0,0273,0000,,,일반건축물,업무시설,"근린생활시설, 업무시설, 창고시설",1197.3,492.16,2435.7,19811209,4,1,서울특별시 송파구 석촌동 273번지
11710,10500,0,0273,0001,,,일반건축물,제2종근린생활시설,근린생활시설,0,0,2996.99,19920104,7,2,서울특별시 송파구 석촌동 273-1번지
11710,10500,0,0273,0002,,,일반건축물,제1종근린생활시설,제1종근린생활시설외 3,429.2,214.2,1548.7,19941229,6,1,서울특별시 송파구 석촌동 273-2번지
11710,10500,0,0273,0003,,,표제부,제1종근린생활시설,"근린생활시설, 단독주택",486.5,0,835.02,19810919,3,1,서울특별시 송파구 석촌동 273-3번지
11710,10500,0,0273,0004,,,일반건축물,제1종근린생활시설,근린생활시설,0,0,428.1,19810108,2,1,서울특별시 송파구 석촌동 273-4번지
11710,10500,0,0273,0005,갑,,일반건축물,제1종근린생활시설,제1종근린생활시설외2,591.4,347.28,2793,19980325,8,1,서울특별시 송파구 석촌동 273-5번지
11710,10500,0,0273,0008,,,표제부,공동주택,공동주택,303.5,152.41,625.09,19931201,4,1,서울특별시 송파구 석촌동 273-8번지
11710,10500,0,0273,0009,SD 찬 누리채101동,,표제부,공동주택,다세대주택,242.1,144.84,464.94,20080124,5,0,서울특별시 송파구 석촌동 273-9번지
11710,10500,0,0273,0013,,,일반건축물,제2종근린생활시설,근린생활시설,0,0,1524.37,19910831,6,1,서울특별시 송파구 석촌동 273-13번지
11710,10500,0,0273,0014,,,일반건축물,제1종근린생활시설,근린생활시설및주택,0,0,525.54,19870630,4,1,서울특별시 송파구 석촌동 273-14번지
11710,10500,0,0273,0015,,,일반건축물,제2종근린생활시설,"제1,2종근린생활시설",258,126.61,508.36,19840712,3,1,서울특별시 송파구 석촌동 273-15번지
11710,10500,0,0273,0016,드림빌,,표제부,공동주택,다세대주택,296.9,178.13,587.73,20150821,5,0,서울특별시 송파구 석촌동 273-16번지
11710,10500,0,0273,0017,,,일반건축물,단독주택,다가구주택,0,0,435.35,19870430,3,1,서울특별시 송파구 석촌동 273-17번지
11710,10500,0,0273,0018,라온빌,,표제부,공동주택,다세대주택,230.7,138.24,429.12,20181107,5,0,서울특별시 송파구 석촌동 273-18번지
11710,10500,0,0273,0019,,,일반건축물,제1종근린생활시설,근린생활시설및주택,0,0,273.56,19820724,2,1,서울특별시 송파구 석촌동 273-19번지
11710,10500,0,0273,0020,SD 찬 누리채102동,,표제부,공동주택,다세대주택,242.1,144.84,464.94,20080125,5,0,서울특별시 송파구 석촌동 273-20번지
11710,10500,0,0274,0000,,,일반건축물,제1종근린생활시설,근린생활시설,0,0,1227.65,19820623,3,1,서울특별시 송파구 석촌동 274번지
11710,10500,0,0274,0001,래미안,,표제부,공동주택,다세대주택 및 근린생활시설,197.8,118.44,526.35,20161125,5,1,서울특별시 송파구 석촌동 274-1번지
11710,10500,0,0274,0002,,,일반건축물,단독주택,"근린생활시설,",0,0,414.69,19850715,3,1,서울특별시 송파구 석촌동 274-2번지
11710,10500,0,0274,0003,,,일반건축물,단독주택,근린생활시설및주택,0,0,337.92,19880307,3,1,서울특별시 송파구 석촌동 274-3번지
11710,10500,0,0274,0004,,,표제부,공동주택,공동주택,165.2,98.79,404.87,20021014,5,0,서울특별시 송파구 석촌동 274-4번지
11710,10500,0,0274,0005,평화빌,,표제부,공동주택,공동주택(다세대주택),165.2,99.4,365.72,20070919,6,0,서울특별시 송파구 석촌동 274-5번지
11710,10500,0,0274,0006,,,일반건축물,제1종근린생활시설,"근린생활시설,주택",0,0,355.2,19860614,3,1,서울특별시 송파구 석촌동 274-6번지
11710,10500,0,0274,0007,,,일반건축물,제2종근린생활시설,근린생활시설,226.2,135.17,582.93,20230925,5,1,서울특별시 송파구 석촌동 274-7번지
11710,10500,0,0274,0008,,,일반건축물,제1종근린생활시설,근린생활시설,0,0,465.8,19851128,3,1,서울특별시 송파구 석촌동 274-8번지
11710,10500,0,0274,0009,,,일반건축물,제1종근린생활시설,"근린생활시설,주택",0,0,465.8,19851128,3,1,서울특별시 송파구 석촌동 274-9번지
11710,10500,0,0274,0010,,,일반건축물,제1종근린생활시설,근린생활시설및주택,0,0,598.89,19870630,3,1,서울특별시 송파구 석촌동 274-10번지
11710,10500,0,0274,0011,,,일반건축물,제2종근린생활시설,근린생활시설,0,0,439.2,19851029,3,1,서울특별시 송파구 석촌동 274-11번지
11710,10500,0,0274,0012,,,일반건축물,제1종근린생활시설,근린생활시설,295.4,173.79,612.03,19860902,3,1,서울특별시 송파구 석촌동 274-12번지
11710,10500,0,0274,0013,,,일반건축물,제2종근린생활시설,근린생활시설,165,96.49,305.7,20231017,5,0,서울특별시 송파구 석촌동 274-13번지
11710,10500,0,0274,0015,,,일반건축물,단독주택,"단독주택,근린생활시설",0,0,414.69,19850715,3,1,서울특별시 송파구 석촌동 274-15번지
11710,10500,0,0274,0016,,,표제부,공동주택,다세대주택,211,126.25,498.64,20021105,5,0,서울특별시 송파구 석촌동 274-16번지
11710,10500,0,0274,0017,석촌리치빌,,표제부,공동주택,공동주택(다세대주택),197.9,118.04,393.82,20120529,5,0,서울특별시 송파구 석촌동 274-17번지
11710,10500,0,0275,0000,,,일반건축물,제2종근린생활시설,근린생활시설,186.9,105.31,463.1,20200914,4,1,서울특별시 송파구 석촌동 275번지
11710,10500,0,0275,0001,,,일반건축물,제2종근린생활시설,근린생활시설,292.9,142.32,845.6,19860927,5,1,서울특별시 송파구 석촌동 275-1번지
11710,10500,0,0275,0002,,,일반건축물,단독주택,근린생활시설및주택,0,0,634.35,19870511,4,1,서울특별시 송파구 석촌동 275-2번지
11710,10500,0,0275,0003,,,일반건축물,단독주택,"근린생활시설, 다가구주택",0,0,591.45,19871205,5,1,서울특별시 송파구 석촌동 275-3번지
11710,10500,0,0275,0004,,,표제부,제2종근린생활시설,"근린생활시설, 단독주택",236.3,128.28,471.51,20191226,5,0,서울특별시 송파구 석촌동 275-4번지
11710,10500,0,0275,0005,,,일반건축물,제2종근린생활시설,근린생활시설,259.5,121.12,454.89,19860726,3,1,서울특별시 송파구 석촌동 275-5번지
11710,10500,0,0275,0006,,,일반건축물,제2종근린생활시설,근린생활시설,0,0,468.1,19861210,3,1,서울특별시 송파구 석촌동 275-6번지
11710,10500,0,0275,0007,,,일반건축물,제1종근린생활시설,근린생활시설,259.5,121.12,488.03,19861210,3,1,서울특별시 송파구 석촌동 275-7번지
11710,10500,0,0275,0008,,,일반건축물,제1종근린생활시설,근린생활시설,244.7,146.81,503.56,19861210,3,1,서울특별시 송파구 석촌동 275-8번지
11710,10500,0,0275,0009,,,일반건축물,제2종근린생활시설,근린생활시설,0,0,865.13,19870525,4,1,서울특별시 송파구 석촌동 275-9번지
11710,10500,0,0275,0010,,,일반건축물,단독주택,근린생활시설 및주택(다가구-7),231.4,126.9,769.86,19961102,5,1,서울특별시 송파구 석촌동 275-10번지
11710,10500,0,0275,0011,승희빌딩,,일반건축물,제2종근린생활시설,근린생활시설,231.4,125.67,699.71,19981001,5,1,서울특별시 송파구 석촌동 275-11번지
11710,10500,0,0275,0012,,,표제부,제1종근린생활시설,"근린생활시설, 주택",0,0,630.46,19920515,5,1,서울특별시 송파구 석촌동 275-12번지
11710,10500,0,0275,0013,명성빌,,표제부,공동주택,공동주택(다세대주택)외 1,234.8,146.42,504.68,20120206,6,0,서울특별시 송파구 석촌동 275-13번지
11710,10500,0,0275,0014,,,일반건축물,제1종근린생활시설,근린생활시설및주택,0,0,979.03,19801229,3,1,서울특별시 송파구 석촌동 275-14번지
11710,10500,0,0275,0015,,,일반건축물,제1종근린생활시설,근린생활시설,175.2,95.68,459.85,20201021,4,1,서울특별시 송파구 석촌동 275-15번지
11710,10500,0,0275,0016,,,일반건축물,제2종근린생활시설,근린생활시설,175.2,104.01,455.33,20210513,4,1,서울특별시 송파구 석촌동 275-16번지
11710,10500,0,0275,0017,시온빌,,표제부,공동주택,공동주택 외 1,238,146.42,504.68,20120307,6,0,서울특별시 송파구 석촌동 275-17번지
11710,10500,0,0276,0000,,,일반건축물,제2종근린생활시설,근린생활시설,0,0,650.4,19830719,4,1,서울특별시 송파구 석촌동 276번지
11710,10500,0,0276,0001,,,일반건축물,제1종근린생활시설,근린생활시설,165.4,85.54,237.44,19991120,3,0,서울특별시 송파구 석촌동 276-1번지
11710,10500,0,0276,0002,바디텍 타워,,일반건축물,제1종근린생활시설,업무시설외 1,950.1,567.56,3942.3,20000621,6,2,서울특별시 송파구 석촌동 276-2번지
11710,10500,0,0276,0005,,,일반건축물,제2종근린생활시설,근린생활시설,0,0,900.99,19900108,5,1,서울특별시 송파구 석촌동 276-5번지
11710,10500,0,0276,0006,,,일반건축물,제2종근린생활시설,근린생활시설,0,0,1199.17,19841107,4,1,서울특별시 송파구 석촌동 276-6번지
11710,10500,0,0276,0007,,,일반건축물,제1종근린생활시설,근린생활시설,165,98.62,378.55,19830809,3,1,서울특별시 송파구 석촌동 276-7번지
11710,10500,0,0276,0009,,,일반건축물,제2종근린생활시설,"근린생활시설, 주택",214.8,106.14,564.99,19911111,4,1,서울특별시 송파구 석촌동 276-9번지
11710,10500,0,0276,0010,,,일반건축물,제2종근린생활시설,"근린생활시설, 주택",0,0,642.87,19891019,4,1,서울특별시 송파구 석촌동 276-10번지
11710,10500,0,0276,0012,,,일반건축물,제1종근린생활시설,근린생활시설,303.22,150.48,682.44,19860514,4,1,서울특별시 송파구 석촌동 276-12번지
11710,10500,0,0277,0000,,,일반건축물,제1종근린생활시설,제2종근린생활시설 외2,1394.5,696.54,5328.6,19890603,6,1,서울특별시 송파구 석촌동 277번지
11710,10500,0,0277,0002,엄마손백화점,,표제부,판매시설,운동시설,2965.5,0,1420.2,19830622,4,1,서울특별시 송파구 석촌동 277-2번지
11710,10500,0,0278,0000,디아망빌,,표제부,공동주택,다세대주택외 2,251.2,149.78,565.59,20091127,5,0,서울특별시 송파구 석촌동 278번지
11710,10500,0,0278,0001,,,표제부,공동주택,공동주택,195.7,117,459.38,20020221,5,0,서울특별시 송파구 석촌동 278-1번지
11710,10500,0,0278,0002,,,표제부,공동주택,공동주택,195.5,116.92,486.94,20020109,5,0,서울특별시 송파구 석촌동 278-2번지
11710,10500,0,0278,0003,벽성빌라,,표제부,공동주택,다세대주택(8세대),224.8,134.24,537.36,20011120,5,0,서울특별시 송파구 석촌동 278-3번지
11710,10500,0,0278,0004,,,표제부,공동주택,다세대주택(8세대),224.5,134.4,540.12,20011121,5,0,서울특별시 송파구 석촌동 278-4번지
11710,10500,0,0278,0005,,,표제부,공동주택,다세대주택(10세대),195.7,116.92,483.66,20011213,5,0,서울특별시 송파구 석촌동 278-5번지
11710,10500,0,0278,0006,,,표제부,공동주택,공동주택,195.6,116.06,460.52,20041217,5,0,서울특별시 송파구 석촌동 278-6번지
11710,10500,0,0278,0007,,,표제부,공동주택,공동주택,195.6,116.92,486.16,20020823,5,0,서울특별시 송파구 석촌동 278-7번지
11710,10500,0,0278,0008,,,일반건축물,제2종근린생활시설,근린생활시설,281.4,167.61,752.4,19950703,4,1,서울특별시 송파구 석촌동 278-8번지
11710,10500,0,0278,0009,,,일반건축물,제1종근린생활시설,근린생활시설,0,0,771.71,19860425,4,1,서울특별시 송파구 석촌동 278-9번지
11710,10500,0,0278,0010,정담채,,표제부,공동주택,"다세대주택(10세대),근린생활시설",203.3,121.84,399.07,20240701,5,0,서울특별시 송파구 석촌동 278-10번지
11710,10500,0,0278,0011,,,일반건축물,단독주택,단독주택,191.47,0,249.78,19860402,2,1,서울특별시 송파구 석촌동 278-11번지
11710,10500,0,0278,0012,,,일반건축물,단독주택,단독주택,191.47,0,249.93,19851207,2,1,서울특별시 송파구 석촌동 278-12번지
11710,10500,0,0278,0013,B&W HOUSE,,일반건축물,단독주택,다가구주택,191.7,114.9,375.82,20211115,5,0,서울특별시 송파구 석촌동 278-13번지
11710,10500,0,0278,0014,영진하우스,,표제부,공동주택,다세대주택,191.6,114.04,427.29,20100520,5,0,서울특별시 송파구 석촌동 278-14번지
11710,10500,0,0278,0015,,,표제부,공동주택,공동주택(다세대주택),191.7,114.66,464.26,20061026,6,0,서울특별시 송파구 석촌동 278-15번지
11710,10500,0,0278,0016,,,표제부,공동주택,"공동주택(도시형생활주택,다세대주택)",191.7,114.55,484.77,20121218,6,0,서울특별시 송파구 석촌동 278-16번지
11710,10500,0,0278,0017,,,표제부,공동주택,다세대주택,382.2,152.19,659.25,19950715,4,1,서울특별시 송파구 석촌동 278-17번지
11710,10500,0,0278,0018,,,표제부,공동주택,"다세대주택, 근린생활시설",200,118.98,399.53,20230731,5,0,서울특별시 송파구 석촌동 278-18번지
11710,10500,0,0278,0019,,,일반건축물,단독주택,다가구주택(5가구),147.8,78.39,299.6,19970206,3,1,서울특별시 송파구 석촌동 278-19번지
11710,10500,0,0279,0000,,,표제부,공동주택,다세대주택,227.2,135.82,532.58,19911128,3,1,서울특별시 송파구 석촌동 279번지
11710,10500,0,0279,0001,,,일반건축물,종교시설,"교회, 교육연구 및 복지시설, 다가구주택(3가구)",451.6,226.95,949.6,19830607,4,1,서울특별시 송파구 석촌동 279-1번지
11710,10500,0,0279,0003,,,표제부,공동주택,공동주택,194.1,116.33,455.26,20020610,5,0,서울특별시 송파구 석촌동 279-3번지
11710,10500,0,0279,0004,,,표제부,공동주택,도시형생활주택(단지형다세대주택),298.2,172.59,596.31,20171120,6,0,서울특별시 송파구 석촌동 279-4번지
11710,10500,0,0279,0005,,,일반건축물,단독주택,단독주택,0,0,296.09,19830315,3,1,서울특별시 송파구 석촌동 279-5번지
11710,10500,0,0279,0006,,,일반건축물,단독주택,"주택,근린생활시설",0,0,252.06,19810909,3,1,서울특별시 송파구 석촌동 279-6번지
11710,10500,0,0279,0007,,,일반건축물,제1종근린생활시설,"근린생활시설, 주택",165,81.69,445.81,19851129,4,1,서울특별시 송파구 석촌동 279-7번지
11710,10500,0,0279,0008,삼능빌딩(SN빌딩),,일반건축물,제2종근린생활시설,제2종근린생활시설,339.8,203.31,928.76,20121214,5,1,서울특별시 송파구 석촌동 279-8번지
11710,10500,0,0279,0010,그린빌,,표제부,공동주택,공동주택(도시형생활주택)외1,168.2,99,331.45,20130514,5,0,서울특별시 송파구 석촌동 279-10번지
11710,10500,0,0279,0011,그린빌 비동,,표제부,공동주택,공동주택,242,145.18,539.32,20040420,5,0,서울특별시 송파구 석촌동 279-11번지
11710,10500,0,0279,0012,그린빌에이동,,표제부,공동주택,공동주택,168.2,100.04,385.59,20040420,5,0,서울특별시 송파구 석촌동 279-12번지
11710,10500,0,0279,0013,,,표제부,공동주택,공동주택,249.6,148.59,633.2,20031229,6,0,서울특별시 송파구 석촌동 279-13번지
11710,10500,0,0279,0014,빌라 펠리체,,표제부,공동주택,다세대주택 및 근린생활시설,168.2,100.65,285.71,20161007,5,0,서울특별시 송파구 석촌동 279-14번지
11710,10500,0,0279,0015,YOUNG STAY,,표제부,공동주택,도시형생활주택(원룸형),261.4,151.74,512.12,20211216,5,0,서울특별시 송파구 석촌동 279-15번지
11710,10500,0,0279,0016,,,표제부,공동주택,다세대주택,193.8,116.04,375.47,20140728,5,0,서울특별시 송파구 석촌동 279-16번지
11710,10500,0,0279,0018,부라빌,,표제부,공동주택,다세대주택,181.8,108.24,407.14,20080109,6,0,서울특별시 송파구 석촌동 279-18번지
11710,10500,0,0279,0019,유진하우스,,표제부,공동주택,공동주택(다세대주택),181.8,108.78,402.47,20090403,6,0,서울특별시 송파구 석촌동 279-19번지
11710,10500,0,0279,0020,,,표제부,공동주택,다세대주택,216.5,120.24,459.54,19911030,3,1,서울특별시 송파구 석촌동 279-20번지
11710,10500,0,0280,0000,,,표제부,공동주택,다세대주택,164.23,98.24,328.26,20180801,5,0,서울특별시 송파구 석촌동 280번지
11710,10500,0,0280,0001,,,표제부,공동주택,공동주택,168.1,99.8,388.03,20020404,4,0,서울특별시 송파구 석촌동 280-1번지
11710,10500,0,0280,0002,,,일반건축물,단독주택,다가구주택(7가구),168.1,99.12,378.24,19970911,3,1,서울특별시 송파구 석촌동 280-2번지
11710,10500,0,0280,0003,,,표제부,공동주택,공동주택(다세대주택),168.1,99.2,380.07,20040816,5,0,서울특별시 송파구 석촌동 280-3번지
11710,10500,0,0280,0004,나래파크빌,,표제부,공동주택,도시형생활주택(단지형다세대),310,178.11,619.15,20161230,6,0,서울특별시 송파구 석촌동 280-4번지
11710,10500,0,0280,0005,,,일반건축물,단독주택,다가구주택(9가구),197,117.6,448.56,19971110,3,1,서울특별시 송파구 석촌동 280-5번지
11710,10500,0,0280,0006,,,표제부,공동주택,공동주택,247.4,147.74,600.27,20020626,5,0,서울특별시 송파구 석촌동 280-6번지
11710,10500,0,0280,0007,,,표제부,공동주택,다세대주택,241,143.5,583.22,20011228,5,0,서울특별시 송파구 석촌동 280-7번지
11710,10500,0,0280,0008,정봉빌딩Ⅱ,,일반건축물,제2종근린생활시설,제2종근린생활시설 외1,330.2,194.7,988.66,20031128,6,0,서울특별시 송파구 석촌동 280-8번지
11710,10500,0,0280,0009,,,일반건축물,제1종근린생활시설,근린생활시설,0,0,294.11,19811104,3,1,서울특별시 송파구 석촌동 280-9번지
11710,10500,0,0280,0010,,,일반건축물,제2종근린생활시설,"근린생활시설, 주택",311,177.06,958.8,19960312,5,1,서울특별시 송파구 석촌동 280-10번지
11710,10500,0,0280,0011,,,일반건축물,단독주택,단독주택,0,0,194.59,19820204,2,1,서울특별시 송파구 석촌동 280-11번지
11710,10500,0,0280,0012,,,표제부,공동주택,공동주택(다세대주택),168.4,100.5,381.1,20110708,6,0,서울특별시 송파구 석촌동 280-12번지
11710,10500,0,0280,0013,,,일반건축물,단독주택,단독주택,168.4,0,235.34,19830526,2,1,서울특별시 송파구 석촌동 280-13번지
11710,10500,0,0280,0014,,,일반건축물,단독주택,단독주택,0,0,199.84,19821103,2,1,서울특별시 송파구 석촌동 280-14번지
11710,10500,0,0280,0015,펠리스까사,,일반건축물,단독주택,다가구주택,195.7,116.76,391.23,20171129,5,0,서울특별시 송파구 석촌동 280-15번지
11710,10500,0,0280,0016,,,표제부,공동주택,공동주택,168.3,99.28,353.01,20021030,5,0,서울특별시 송파구 석촌동 280-16번지
11710,10500,0,0280,0018,스카이 팰리스,,표제부,공동주택,다세대주택,336.6,200.64,659.34,20150216,5,0,서울특별시 송파구 석촌동 280-18번지
11710,10500,0,0280,0019,,,표제부,공동주택,다세대주택 및 제1종근린생활시설,182,103.17,363.37,20170921,5,0,서울특별시 송파구 석촌동 280-19번지
11710,10500,0,0281,0000,,,표제부,공동주택,다세대주택,246.6,135.38,619.57,19940621,4,1,서울특별시 송파구 석촌동 281번지
11710,10500,0,0281,0001,,,일반건축물,단독주택,다가구주택(8가구),177.6,99.27,380.85,19960925,3,1,서울특별시 송파구 석촌동 281-1번지
11710,10500,0,0281,0002,석촌동K씨주택,,표제부,공동주택,다세대주택,168,99.81,409.21,20011228,5,0,서울특별시 송파구 석촌동 281-2번지
11710,10500,0,0281,0003,,,표제부,공동주택,다세대주택(10세대),183.1,108.77,442.57,20011203,5,0,서울특별시 송파구 석촌동 281-3번지
11710,10500,0,0281,0004,,,표제부,공동주택,공동주택(다세대주택),238.6,143.02,561.74,20041022,5,0,서울특별시 송파구 석촌동 281-4번지
11710,10500,0,0281,0005,까사부에나,,표제부,공동주택,공동주택,231.3,138,569,20020810,5,0,서울특별시 송파구 석촌동 281-5번지
11710,10500,0,0281,0006,,,일반건축물,교육연구시설,유치원,595,308.05,1405.67,19841019,4,1,서울특별시 송파구 석촌동 281-6번지
11710,10500,0,0281,0010,,,일반건축물,단독주택,단독주택,0,0,249.95,19800818,2,1,서울특별시 송파구 석촌동 281-10번지
11710,10500,0,0281,0011,송도빌라,,표제부,공동주택,공동주택,239,142.59,510.82,20031125,5,0,서울특별시 송파구 석촌동 281-11번지
11710,10500,0,0281,0012,,,표제부,공동주택,공동주택,168.3,100.3,344.66,20030814,5,0,서울특별시 송파구 석촌동 281-12번지
11710,10500,0,0281,0013,,,표제부,공동주택,공동주택,201.8,120.97,434.39,20021112,5,0,서울특별시 송파구 석촌동 281-13번지
11710,10500,0,0281,0014,석촌동C씨주택,,표제부,공동주택,공동주택(다세대주택),168.3,98.36,333.72,20060602,5,0,서울특별시 송파구 석촌동 281-14번지
11710,10500,0,0281,0015,,,표제부,공동주택,공동주택(다세대주택),175.42,104.12,335.27,20040818,4,0,서울특별시 송파구 석촌동 281-15번지
11710,10500,0,0281,0016,,,표제부,공동주택,공동주택,201.9,120.7,429.09,20031110,5,0,서울특별시 송파구 석촌동 281-16번지
11710,10500,0,0281,0022,,,일반건축물,단독주택,다가구주택,177.7,99.27,380.85,19960925,3,1,서울특별시 송파구 석촌동 281-22번지
11710,10500,0,0282,0000,은하빌라,,표제부,공동주택,공동주택,265.7,158.97,608.51,20041221,5,0,서울특별시 송파구 석촌동 282번지
11710,10500,0,0282,0001,,,표제부,공동주택,"근린생활시설, 공동주택",343.3,191.62,840.94,20011228,5,0,서울특별시 송파구 석촌동 282-1번지
11710,10500,0,0282,0002,,,일반건축물,제2종근린생활시설,"근린생활시설,",0,0,1594.32,19841024,4,1,서울특별시 송파구 석촌동 282-2번지
11710,10500,0,0282,0004,에이스빌2,,표제부,공동주택,공동주택(다세대주택),343.8,192.74,659.94,20051122,5,0,서울특별시 송파구 석촌동 282-4번지
11710,10500,0,0282,0005,,,표제부,공동주택,공동주택,214.5,128.64,447.16,20040119,5,0,서울특별시 송파구 석촌동 282-5번지
11710,10500,0,0282,0006,,,표제부,공동주택,다세대주택,282.7,159.31,595.37,20011224,4,0,서울특별시 송파구 석촌동 282-6번지
11710,10500,0,0282,0007,다산해피 빌,,표제부,공동주택,공동주택,238.2,142.8,540.18,20030129,5,0,서울특별시 송파구 석촌동 282-7번지
11710,10500,0,0282,0008,다산하이츠빌,,표제부,공동주택,공동주택,244.5,145.86,553.94,20021009,5,0,서울특별시 송파구 석촌동 282-8번지
11710,10500,0,0282,0009,,,표제부,공동주택,"공동주택(도시형생활주택,다세대주택)",215.1,128.8,429.92,20130116,5,0,서울특별시 송파구 석촌동 282-9번지
11710,10500,0,0282,0012,원남아파트,,표제부,공동주택,공동주택(아파트),392.5,195.16,868.17,20031209,6,0,서울특별시 송파구 석촌동 282-12번지
11710,10500,0,0282,0014,,,표제부,공동주택,공동주택,196.1,117,486.84,20020725,5,0,서울특별시 송파구 석촌동 282-14번지
11710,10500,0,0282,0015,,,표제부,공동주택,공동주택,196.2,117.54,461.92,20030711,5,0,서울특별시 송파구 석촌동 282-15번지
11710,10500,0,0283,0000,성심교회 교육관,,일반건축물,교육연구시설,교육연구및복지시설,631.14,324.26,1753.81,20051109,5,1,서울특별시 송파구 석촌동 283번지
11710,10500,0,0283,0001,,,표제부,공동주택,다세대주택(10세대),195.1,113.96,448.44,20011211,5,0,서울특별시 송파구 석촌동 283-1번지
11710,10500,0,0283,0002,,,표제부,공동주택,공동주택,233.8,138.97,552.52,20021224,5,0,서울특별시 송파구 석촌동 283-2번지
11710,10500,0,0283,0003,,,일반건축물,제2종근린생활시설,"근린생활시설, 주택",165.4,81.96,496.26,19910902,5,1,서울특별시 송파구 석촌동 283-3번지
11710,10500,0,0283,0004,,,일반건축물,단독주택,다가구주택(7가구),232.4,136.54,501.32,19970321,3,1,서울특별시 송파구 석촌동 283-4번지
11710,10500,0,0283,0005,다안채,,표제부,공동주택,다세대주택,195.1,116.27,388.9,20210513,5,0,서울특별시 송파구 석촌동 283-5번지
11710,10500,0,0283,0007,,,일반건축물,제2종근린생활시설,"근린생활시설, 단독주택(1세대)",233.8,233.8,741.75,19960709,5,1,서울특별시 송파구 석촌동 283-7번지
11710,10500,0,0283,0008,,,일반건축물,제2종근린생활시설,"근린생활시설, 주택",234.1,126.51,668.89,19951129,5,1,서울특별시 송파구 석촌동 283-8번지
11710,10500,0,0283,0009,,,표제부,공동주택,공동주택(다세대주택),232.3,139.16,489.7,20040707,5,0,서울특별시 송파구 석촌동 283-9번지
11710,10500,0,0283,0010,,,일반건축물,제1종근린생활시설,근린생활시설,277.7,138.14,593.97,19871230,4,1,서울특별시 송파구 석촌동 283-10번지
11710,10500,0,0283,0011,,,표제부,공동주택,다세대주택 및 제1종근린생활시설,195.2,115.44,388.49,20170829,5,0,서울특별시 송파구 석촌동 283-11번지
11710,10500,0,0283,0012,,,표제부,공동주택,공동주택,195,116.55,447,20021128,4,0,서울특별시 송파구 석촌동 283-12번지
11710,10500,0,0283,0013,,,표제부,공동주택,"다세대주택, 근린생활시설",195.1,114.73,360.25,20191120,5,0,서울특별시 송파구 석촌동 283-13번지
11710,10500,0,0283,0014,,,일반건축물,단독주택,주택,0,0,246.19,19821213,2,1,서울특별시 송파구 석촌동 283-14번지
11710,10500,0,0283,0015,,,표제부,공동주택,공동주택(다세대주택),198,135.06,496.15,20040701,5,0,서울특별시 송파구 석촌동 283-15번지
11710,10500,0,0284,0000,,,표제부,공동주택,공동주택,233.3,139.12,525.67,20020925,5,0,서울특별시 송파구 석촌동 284번지
11710,10500,0,0284,0001,,,표제부,공동주택,공동주택,234.3,146.18,609.15,20030310,6,0,서울특별시 송파구 석촌동 284-1번지
11710,10500,0,0284,0002,,,일반건축물,제2종근린생활시설,근린생활시설,302,170.08,896.79,19960906,5,1,서울특별시 송파구 석촌동 284-2번지
11710,10500,0,0284,0003,,,일반건축물,제2종근린생활시설,근린생활시설및주택,313,155.72,902.62,19921230,5,1,서울특별시 송파구 석촌동 284-3번지
11710,10500,0,0284,0004,,,일반건축물,제1종근린생활시설,근린생활시설,0,0,331.68,19840519,3,1,서울특별시 송파구 석촌동 284-4번지
11710,10500,0,0284,0005,,,일반건축물,제2종근린생활시설,근린생활시설,312.3,167.04,929.13,19921230,5,1,서울특별시 송파구 석촌동 284-5번지
11710,10500,0,0284,0006,,,일반건축물,제1종근린생활시설,근린생활시설및주택,237.5,123.54,681.29,19940131,5,1,서울특별시 송파구 석촌동 284-6번지
11710,10500,0,0284,0007,트윈캐슬 A동,,표제부,공동주택,다세대주택,268.4,157.93,499.69,20140806,5,0,서울특별시 송파구 석촌동 284-7번지
11710,10500,0,0284,0008,,,일반건축물,단독주택,다가구주택(17가구),231.4,138.77,522.97,19970627,3,1,서울특별시 송파구 석촌동 284-8번지
11710,10500,0,0284,0009,동성빌라,,표제부,공동주택,공동주택(다세대주택)외1,191.7,112.18,370.67,20060518,4,0,서울특별시 송파구 석촌동 284-9번지
11710,10500,0,0284,0010,,,일반건축물,단독주택,단독주택,0,0,271.16,19830623,2,1,서울특별시 송파구 석촌동 284-10번지
11710,10500,0,0284,0011,,,표제부,공동주택,다세대주택,218.2,130.76,630.1,20010430,4,1,서울특별시 송파구 석촌동 284-11번지
11710,10500,0,0284,0012,남서울빌라,,표제부,공동주택,공동주택,198.2,118.56,472.84,20021122,5,0,서울특별시 송파구 석촌동 284-12번지
11710,10500,0,0284,0013,트윈캐슬 B동,,표제부,공동주택,다세대주택,268.3,160.88,499.9,20140806,5,0,서울특별시 송파구 석촌동 284-13번지
11710,10500,0,0285,0000,잠실한솔아파트,,표제부,공동주택,지하주차장,112590,120,15269.29,20001010,1,2,서울특별시 송파구 석촌동 285번지
11710,10500,0,0285,0000,잠실한솔아파트,,표제부,공동주택,아파트,11259,251.27,3407.06,20001010,18,0,서울특별시 송파구 석촌동 285번지
11710,10500,0,0285,0000,잠실한솔아파트,,표제부,공동주택,아파트,11259,444.82,6749.89,20001010,19,0,서울특별시 송파구 석촌동 285번지
11710,10500,0,0285,0000,잠실한솔아파트,,표제부,공동주택,아파트,11259,251.27,3690.22,20001010,19,0,서울특별시 송파구 석촌동 285번지
11710,10500,0,0285,0000,잠실한솔아파트,,표제부,공동주택,아파트,11259,251.27,3775.1,20001010,19,0,서울특별시 송파구 석촌동 285번지
11710,10500,0,0285,0000,잠실한솔아파트,,표제부,공동주택,아파트,11259,502.54,7550.37,20001010,19,0,서울특별시 송파구 석촌동 285번지
11710,10500,0,0285,0000,잠실한솔아파트,,표제부,공동주택,아파트,11259,444.82,5686.54,20001010,16,0,서울특별시 송파구 석촌동 285번지
11710,10500,0,0285,0000,잠실한솔아파트,,표제부,공동주택,아파트,11259,466.65,6356.99,20001010,18,0,서울특별시 송파구 석촌동 285번지
11710,10500,0,0285,0000,잠실한솔아파트,,표제부,제1종근린생활시설,근린생활시설,112590,162.2,679.94,20001010,3,2,서울특별시 송파구 석촌동 285번지
11710,10500,0,0285,0004,,,일반건축물,제2종근린생활시설,제2종근린생활시설외 2,540.7,270.04,1670.89,19891127,5,1,서울특별시 송파구 석촌동 285-4번지
11710,10500,0,0285,0005,,,일반건축물,제2종근린생활시설,근린생활시설,464.5,230.65,1298.8,19890729,5,1,서울특별시 송파구 석촌동 285-5번지
11710,10500,0,0286,0000,포르쉐스튜디오 송파,,일반건축물,제2종근린생활시설,자동차영업소,410.36,228.26,1470.78,20230926,8,1,서울특별시 송파구 석촌동 286번지
11710,10500,0,0286,0001,,,일반건축물,업무시설,업무시설 외1,433.8,212.52,1048.26,19851022,4,1,서울특별시 송파구 석촌동 286-1번지
11710,10500,0,0286,0003,,,일반건축물,업무시설,업무시설,624.5,309.51,3168.52,19920310,6,3,서울특별시 송파구 석촌동 286-3번지
11710,10500,0,0286,0005,대신빌딩,,일반건축물,업무시설,업무시설외 2,928.4,560.85,6378.51,19920902,8,4,서울특별시 송파구 석촌동 286-5번지
11710,10500,0,0286,0007,,,일반건축물,업무시설,업무시설,0,0,4830.44,19880412,8,2,서울특별시 송파구 석촌동 286-7번지
11710,10500,0,0286,0009,,,일반건축물,업무시설,업무시설외1,1057.3,499.88,3009.25,19940323,7,1,서울특별시 송파구 석촌동 286-9번지
11710,10500,0,0287,0000,,,일반건축물,제2종근린생활시설,"근린생활시설,주택,교육연구시설",415,206,1339.27,19901114,5,1,서울특별시 송파구 석촌동 287번지
11710,10500,0,0287,0001,,,표제부,공동주택,다세대주택,0,0,289.8,19870106,2,1,서울특별시 송파구 석촌동 287-1번지
11710,10500,0,0287,0002,,,일반건축물,제2종근린생활시설,근린생활시설,278.1,143.74,831.45,20020501,6,0,서울특별시 송파구 석촌동 287-2번지
11710,10500,0,0287,0003,,,일반건축물,제1종근린생활시설,근린생활시설및주택,0,0,519.33,19870727,4,1,서울특별시 송파구 석촌동 287-3번지
11710,10500,0,0287,0004,,,일반건축물,제2종근린생활시설,근린생활시설및주택,0,0,850.08,19860805,4,1,서울특별시 송파구 석촌동 287-4번지
11710,10500,0,0287,0006,,,표제부,공동주택,공동주택,222.9,132.67,533.42,20030630,5,0,서울특별시 송파구 석촌동 287-6번지
11710,10500,0,0287,0007,,,표제부,공동주택,다세대주택(7세대),182.6,109.2,469.7,20011029,5,0,서울특별시 송파구 석촌동 287-7번지
11710,10500,0,0287,0008,금성빌라,,표제부,공동주택,공동주택(다세대주택),174.2,104.48,427.64,20040901,5,0,서울특별시 송파구 석촌동 287-8번지
11710,10500,0,0287,0009,삼성타운,,표제부,공동주택,공동주택외1,465.1,278.1,1232.55,20021127,6,0,서울특별시 송파구 석촌동 287-9번지
11710,10500,0,0287,0011,,,표제부,공동주택,"공동주택,근린생활시설",348.5,205.6,841.4,20021025,5,0,서울특별시 송파구 석촌동 287-11번지
11710,10500,0,0287,0013,,,표제부,공동주택,공동주택,182.5,109.02,455.43,20020812,5,0,서울특별시 송파구 석촌동 287-13번지
11710,10500,0,0287,0014,,,표제부,공동주택,공동주택 외 1,182.5,104.52,485.16,20030923,5,0,서울특별시 송파구 석촌동 287-14번지
11710,10500,0,0287,0015,,,표제부,공동주택,다세대주택,0,0,288.6,19870124,2,1,서울특별시 송파구 석촌동 287-15번지
11710,10500,0,0287,0016,,,표제부,공동주택,다세대주택,0,0,288.6,19870203,2,1,서울특별시 송파구 석촌동 287-16번지
11710,10500,0,0287,0018,,,표제부,공동주택,공동주택,278.2,165.84,658.38,20020618,5,0,서울특별시 송파구 석촌동 287-18번지
11710,10500,0,0288,0000,,,표제부,공동주택,공동주택 외1,204.8,122.59,663.96,20030221,5,1,서울특별시 송파구 석촌동 288번지
11710,10500,0,0288,0001,,,일반건축물,단독주택,단독주택,198.8,89.4,249.8,19860611,2,1,서울특별시 송파구 석촌동 288-1번지
11710,10500,0,0288,0002,,,일반건축물,제1종근린생활시설,"단독주택,근린생활시설",196.6,92.88,249.99,19860617,2,1,서울특별시 송파구 석촌동 288-2번지
11710,10500,0,0288,0003,우진그린빌,,표제부,공동주택,공동주택외1,233.1,139.86,680.31,20030110,5,0,서울특별시 송파구 석촌동 288-3번지
11710,10500,0,0288,0004,,,표제부,공동주택,공동주택,236.2,141.26,531.29,20020629,5,0,서울특별시 송파구 석촌동 288-4번지
11710,10500,0,0288,0005,에이스빌1,,표제부,공동주택,공동주택(다세대주택),182.8,104.96,402.16,20051122,5,0,서울특별시 송파구 석촌동 288-5번지
11710,10500,0,0288,0006,,,일반건축물,제2종근린생활시설,근린생활시설,172.4,102.37,448.71,19830907,4,1,서울특별시 송파구 석촌동 288-6번지
11710,10500,0,0288,0007,,,일반건축물,단독주택,다가구주택(5가구)외1,293.5,135.88,765.83,20040920,5,1,서울특별시 송파구 석촌동 288-7번지
11710,10500,0,0288,0009,,,일반건축물,단독주택,단독주택,0,0,252.69,19830512,2,1,서울특별시 송파구 석촌동 288-9번지
11710,10500,0,0288,0010,,,표제부,공동주택,공동주택(다세대주택),182.1,108,472.06,20080715,6,0,서울특별시 송파구 석촌동 288-10번지
11710,10500,0,0288,0011,,,표제부,공동주택,다세대주택,181.8,108.47,399.35,20171205,5,0,서울특별시 송파구 석촌동 288-11번지
11710,10500,0,0288,0012,창옥(비동),,표제부,공동주택,공동주택,200.1,119.4,400.15,20220328,5,0,서울특별시 송파구 석촌동 288-12번지
11710,10500,0,0288,0013,아트하우스,,표제부,공동주택,다세대주택,201.3,120.37,475.72,20021030,5,0,서울특별시 송파구 석촌동 288-13번지
11710,10500,0,0288,0016,,,일반건축물,제2종근린생활시설,제2종근생및 다가구주택(3가구),181.3,108.42,355.41,20090427,5,0,서울특별시 송파구 석촌동 288-16번지
11710,10500,0,0288,0017,석촌빌라,,표제부,공동주택,공동주택,207.6,123.71,410.02,20130702,5,0,서울특별시 송파구 석촌동 288-17번지
11710,10500,0,0288,0018,,,표제부,공동주택,다세대주택(7세대),210.3,125.93,476.9,20011122,5,0,서울특별시 송파구 석촌동 288-18번지
11710,10500,0,0288,0019,,,일반건축물,제2종근린생활시설,근린생활시설,272.2,159.74,832.34,20030217,5,1,서울특별시 송파구 석촌동 288-19번지
11710,10500,0,0288,0020,창옥(에이동),,표제부,공동주택,공동주택,199.9,119.4,399.35,20220328,5,0,서울특별시 송파구 석촌동 288-20번지
11710,10500,0,0288,0021,,,표제부,공동주택,공동주택외1,200,119.51,437.06,20040915,5,0,서울특별시 송파구 석촌동 288-21번지
11710,10500,0,0288,0022,,,표제부,공동주택,공동주택 외1,251.7,136.41,582.66,20031020,5,0,서울특별시 송파구 석촌동 288-22번지
11710,10500,0,0289,0000,,,표제부,공동주택,연립주택,343.6,181.69,749.87,19930520,4,1,서울특별시 송파구 석촌동 289번지
11710,10500,0,0289,0001,,,표제부,공동주택,다세대주택,239.3,140.76,485.67,20100125,5,0,서울특별시 송파구 석촌동 289-1번지
11710,10500,0,0289,0002,석촌주민복지관,,일반건축물,노유자시설,노유자시설,333.1,173.55,789.95,19971017,4,1,서울특별시 송파구 석촌동 289-2번지
11710,10500,0,0289,0007,,,표제부,공동주택,공동주택(도시형생활주택),253.8,151.47,501.31,20130411,5,0,서울특별시 송파구 석촌동 289-7번지
11710,10500,0,0289,0008,,,일반건축물,단독주택,다가구용단독주택(10가구),272.7,151.31,537.56,19940728,3,1,서울특별시 송파구 석촌동 289-8번지
11710,10500,0,0289,0009,,,일반건축물,단독주택,단독주택,213.07,92.51,249.47,19871023,2,1,서울특별시 송파구 석촌동 289-9번지
11710,10500,0,0289,0010,,,표제부,공동주택,공동주택,208.7,124.74,438.18,20041011,5,0,서울특별시 송파구 석촌동 289-10번지
11710,10500,0,0289,0011,,,일반건축물,단독주택,단독주택외 1,0,0,414.12,19870905,4,1,서울특별시 송파구 석촌동 289-11번지
11710,10500,0,0290,0000,현대자동차 송파대로지점,,일반건축물,제2종근린생활시설,근린생활시설,447.53,223.1,1462.95,20200728,4,2,서울특별시 송파구 석촌동 290번지
11710,10500,0,0290,0001,,,일반건축물,제1종근린생활시설,근린생활시설,366.6,182.7,899.1,19890911,4,1,서울특별시 송파구 석촌동 290-1번지
11710,10500,0,0290,0002,,,일반건축물,제1종근린생활시설,근린생활시설,0,0,763.14,19830714,5,1,서울특별시 송파구 석촌동 290-2번지
11710,10500,0,0290,0005,제이시너지타워,,일반건축물,제1종근린생활시설,"제1,2근린생활시설,업무시설",596.7,267.28,2385.24,19920228,7,2,서울특별시 송파구 석촌동 290-5번지
11710,10500,0,0290,0007,,,일반건축물,업무시설,"업무시설,근린생활시설",366.6,182,926.38,19861013,4,1,서울특별시 송파구 석촌동 290-7번지
11710,10500,0,0290,0008,,,일반건축물,제1종근린생활시설,근린생활시설,400.3,186.87,1187.98,19941031,6,1,서울특별시 송파구 석촌동 290-8번지
11710,10500,0,0291,0000,,,표제부,공동주택,다세대주택(9세대),203.7,121.97,512.18,20010622,5,0,서울특별시 송파구 석촌동 291번지
11710,10500,0,0291,0001,,,표제부,공동주택,다세대주택(12세대),202.3,132.54,515.41,20010908,5,0,서울특별시 송파구 석촌동 291-1번지
11710,10500,0,0291,0002,,,표제부,공동주택,다세대주택(9세대),217.1,130.17,591.98,20010330,4,1,서울특별시 송파구 석촌동 291-2번지
11710,10500,0,0291,0003,양지하이츠빌,,표제부,공동주택,공동주택,319,167.27,657.15,20020516,5,0,서울특별시 송파구 석촌동 291-3번지
11710,10500,0,0291,0004,성심어린이집,,일반건축물,노유자시설,노유자시설,200,118.66,494.41,20180629,4,1,서울특별시 송파구 석촌동 291-4번지
11710,10500,0,0291,0005,,,표제부,공동주택,공동주택외1,331.2,179.46,911.32,20030922,6,0,서울특별시 송파구 석촌동 291-5번지
11710,10500,0,0291,0007,,,표제부,공동주택,공동주택(다세대주택),247.6,140.43,519.04,20111208,5,0,서울특별시 송파구 석촌동 291-7번지
11710,10500,0,0291,0008,,,표제부,공동주택,공동주택,247.5,147.2,505.1,20040513,5,0,서울특별시 송파구 석촌동 291-8번지
11710,10500,0,0291,0009,,,일반건축물,단독주택,주택,0,0,249.42,19811117,2,1,서울특별시 송파구 석촌동 291-9번지
11710,10500,0,0291,0010,,,표제부,공동주택,다세대주택,168.6,99,335,20160929,5,0,서울특별시 송파구 석촌동 291-10번지
11710,10500,0,0291,0011,,,표제부,공동주택,다세대주택 및 근린생활시설,168.6,98.55,323.78,20160811,5,0,서울특별시 송파구 석촌동 291-11번지
11710,10500,0,0291,0012,,,표제부,공동주택,공동주택,194.7,115.86,426.6,20040324,6,0,서울특별시 송파구 석촌동 291-12번지
11710,10500,0,0291,0013,,,일반건축물,제1종근린생활시설,근린생활시설외 1,409.7,191.37,896.19,19821004,3,1,서울특별시 송파구 석촌동 291-13번지
11710,10500,0,0291,0014,,,표제부,공동주택,공동주택,200,119.43,591.65,20010928,4,1,서울특별시 송파구 석촌동 291-14번지
11710,10500,0,0291,0015,,,표제부,공동주택,공동주택외1,244.1,142.74,651.21,20040128,5,0,서울특별시 송파구 석촌동 291-15번지
11710,10500,0,0291,0016,,,표제부,공동주택,공동주택,201.7,119.87,440.44,20030324,5,0,서울특별시 송파구 석촌동 291-16번지
11710,10500,0,0291,0017,,,표제부,공동주택,공동주택(다세대주택),215,153.26,531.13,20040629,6,0,서울특별시 송파구 석촌동 291-17번지
11710,10500,0,0291,0018,,,표제부,공동주택,다세대주택,202.4,120.7,504.76,20010820,5,0,서울특별시 송파구 석촌동 291-18번지
11710,10500,0,0291,0019,,,표제부,공동주택,공동주택,206.1,123.74,548.4,20030422,6,0,서울특별시 송파구 석촌동 291-19번지
11710,10500,0,0291,0020,트레비타워,,일반건축물,제2종근린생활시설,제2종근린생활시설외2,246.45,142.79,626.18,20041004,5,0,서울특별시 송파구 석촌동 291-20번지
11710,10500,0,0292,0000,,,표제부,공동주택,다세대주택,205.1,122.84,555.41,20000608,4,1,서울특별시 송파구 석촌동 292번지
11710,10500,0,0292,0001,건영아트빌,,표제부,공동주택,공동주택,216,128.16,519.36,20040413,5,0,서울특별시 송파구 석촌동 292-1번지
11710,10500,0,0292,0002,,,일반건축물,단독주택,다가구용단독주택(9가구),257,153.9,579.7,20010616,3,1,서울특별시 송파구 석촌동 292-2번지
11710,10500,0,0292,0003,갑,,일반건축물,단독주택,다가구주택(7가구),168.2,100.8,380.16,19980513,3,1,서울특별시 송파구 석촌동 292-3번지
11710,10500,0,0292,0004,,,표제부,공동주택,공동주택,168.2,97.02,404.36,20031218,5,0,서울특별시 송파구 석촌동 292-4번지
11710,10500,0,0292,0005,,,일반건축물,제1종근린생활시설,근린생활시설및주택,0,0,435.2,19870602,4,1,서울특별시 송파구 석촌동 292-5번지
11710,10500,0,0292,0006,,,일반건축물,제2종근린생활시설,근린생활시설,0,0,802.55,19881011,4,1,서울특별시 송파구 석촌동 292-6번지
11710,10500,0,0292,0007,,,일반건축물,단독주택,단독주택,0,0,307.59,19870708,2,1,서울특별시 송파구 석촌동 292-7번지
11710,10500,0,0292,0008,제일빌라,,표제부,공동주택,도시형생활주택(단지형다세대),205.1,122.21,399.91,20160315,6,0,서울특별시 송파구 석촌동 292-8번지
11710,10500,0,0292,0009,석촌동자동차서비스센타,,일반건축물,제2종근린생활시설,제2종근린생활시설 및 자동차관련시설,417.7,250.12,500.24,20151124,2,0,서울특별시 송파구 석촌동 292-9번지
11710,10500,0,0292,0010,,,일반건축물,제1종근린생활시설,"근린생활시설, 주택",305.6,139.61,884.83,19930820,5,1,서울특별시 송파구 석촌동 292-10번지
11710,10500,0,0292,0011,,,일반건축물,단독주택,주택,0,0,251.11,19820719,2,1,서울특별시 송파구 석촌동 292-11번지
11710,10500,0,0292,0012,진선빌라,,표제부,공동주택,다세대주택,198.5,114.61,396.47,20150605,5,0,서울특별시 송파구 석촌동 292-12번지
11710,10500,0,0292,0013,,,표제부,공동주택,공동주택,215.9,128.78,514.82,20020910,5,0,서울특별시 송파구 석촌동 292-13번지
11710,10500,0,0292,0014,,,표제부,공동주택,공동주택,181.9,108.63,438.14,20020819,5,0,서울특별시 송파구 석촌동 292-14번지
11710,10500,0,0292,0015,,,표제부,공동주택,다세대주택,181.8,108.88,423.16,20011217,4,0,서울특별시 송파구 석촌동 292-15번지
11710,10500,0,0292,0016,,,표제부,공동주택,다세대주택(7세대),182,108.62,420.03,20011121,4,0,서울특별시 송파구 석촌동 292-16번지
11710,10500,0,0292,0017,,,표제부,공동주택,다세대주택(7세대),182,108.62,420.03,20011126,4,0,서울특별시 송파구 석촌동 292-17번지
11710,10500,0,0292,0018,우리가,,표제부,공동주택,단지형다세대주택,263.6,148.17,525.17,20160309,6,0,서울특별시 송파구 석촌동 292-18번지
11710,10500,0,0293,0000,,,일반건축물,단독주택,"근린생활시설, 다가구주택(4가구)",190.92,114.48,489.55,20020628,5,0,서울특별시 송파구 석촌동 293번지
11710,10500,0,0293,0001,,,표제부,공동주택,공동주택,198.3,118.5,492.33,20030110,5,0,서울특별시 송파구 석촌동 293-1번지
11710,10500,0,0293,0002,,,표제부,공동주택,공동주택,198.4,118.26,484.32,20030417,5,0,서울특별시 송파구 석촌동 293-2번지
11710,10500,0,0293,0003,,,일반건축물,제2종근린생활시설,근린생활시설,0,0,1048.83,19880803,4,1,서울특별시 송파구 석촌동 293-3번지
11710,10500,0,0293,0004,,,일반건축물,제2종근린생활시설,근린생활시설,418,241.86,833.85,20230427,6,0,서울특별시 송파구 석촌동 293-4번지
11710,10500,0,0293,0005,,,표제부,공동주택,다세대주택,179.2,106.26,357.5,20170724,5,0,서울특별시 송파구 석촌동 293-5번지
11710,10500,0,0293,0006,임청 하우스,,표제부,공동주택,공동주택(다세대주택),243.3,149.52,550.67,20110831,6,0,서울특별시 송파구 석촌동 293-6번지
11710,10500,0,0293,0007,,,표제부,공동주택,공동주택(다세대주택),189.5,107.59,376.76,20061226,5,0,서울특별시 송파구 석촌동 293-7번지
11710,10500,0,0293,0008,,,표제부,공동주택,다세대주택,340.6,176.2,659.98,20020306,5,0,서울특별시 송파구 석촌동 293-8번지
11710,10500,0,0293,0009,,,일반건축물,제1종근린생활시설,"근린생활시설, 주택",0,0,398.32,19870723,4,1,서울특별시 송파구 석촌동 293-9번지
11710,10500,0,0293,0010,,,일반건축물,단독주택,다가구주택(13가구),198.4,112,436,19931230,3,1,서울특별시 송파구 석촌동 293-10번지
11710,10500,0,0293,0011,,,표제부,공동주택,다세대주택(9세대),211.5,124.31,601.02,20010927,4,1,서울특별시 송파구 석촌동 293-11번지
11710,10500,0,0293,0012,,,표제부,공동주택,공동주택,198.3,118.5,485.4,20021230,5,0,서울특별시 송파구 석촌동 293-12번지
11710,10500,0,0293,0013,,,표제부,공동주택,다세대주택,197.1,117.45,372.69,20140812,5,0,서울특별시 송파구 석촌동 293-13번지
11710,10500,0,0293,0014,,,일반건축물,노유자시설,교육연구및복지시설,198.6,116.98,103.8,20021030,4,0,서울특별시 송파구 석촌동 293-14번지
11710,10500,0,0293,0015,,,표제부,공동주택,공동주택,198.3,118.26,485.78,20020424,5,0,서울특별시 송파구 석촌동 293-15번지
11710,10500,0,0293,0016,,,일반건축물,단독주택,단독주택,170.3,0,246.81,19851017,2,1,서울특별시 송파구 석촌동 293-16번지
11710,10500,0,0293,0017,,,일반건축물,단독주택,단독주택,170.3,101.84,339.27,20250306,5,0,서울특별시 송파구 석촌동 293-17번지
11710,10500,0,0293,0018,,,표제부,공동주택,다세대주택,179.2,105.82,358.05,20171214,5,0,서울특별시 송파구 석촌동 293-18번지
11710,10500,0,0293,0019,,,일반건축물,단독주택,단독주택,189.4,0,249.73,19851226,2,1,서울특별시 송파구 석촌동 293-19번지
11710,10500,0,0294,0000,,,일반건축물,단독주택,근린생활시설및주택,0,0,482.17,19880309,4,1,서울특별시 송파구 석촌동 294번지
11710,10500,0,0294,0001,미성맨숀,,표제부,공동주택,연립주택,611.8,254.19,1006.68,19891222,3,1,서울특별시 송파구 석촌동 294-1번지
11710,10500,0,0294,0002,,,표제부,공동주택,공동주택,176.5,105.57,417.25,20020702,5,0,서울특별시 송파구 석촌동 294-2번지
11710,10500,0,0294,0003,,,일반건축물,단독주택,다가구주택,247.8,148.5,570.7,19971118,3,1,서울특별시 송파구 석촌동 294-3번지
11710,10500,0,0294,0004,,,일반건축물,제1종근린생활시설,"주택,근린생활시설",247.7,120.77,763,19911026,5,1,서울특별시 송파구 석촌동 294-4번지
11710,10500,0,0294,0005,,,일반건축물,제2종근린생활시설,근린생활시설,544.4,264.5,1699.8,19880630,5,1,서울특별시 송파구 석촌동 294-5번지
11710,10500,0,0294,0006,,,일반건축물,제2종근린생활시설,근린생활시설,0,0,1727.68,19900522,6,1,서울특별시 송파구 석촌동 294-6번지
11710,10500,0,0294,0007,,,일반건축물,제1종근린생활시설,근린생활시설,504.3,256.86,1156.26,19871214,4,1,서울특별시 송파구 석촌동 294-7번지
11710,10500,0,0294,0008,,,일반건축물,제2종근린생활시설,근린생활시설,322.7,145.55,708.51,19910727,4,1,서울특별시 송파구 석촌동 294-8번지
11710,10500,0,0294,0009,,,일반건축물,단독주택,다가구주택(3가구)외1,200.2,97.94,491.88,19910727,4,1,서울특별시 송파구 석촌동 294-9번지
11710,10500,0,0294,0010,호반파크빌,,표제부,공동주택,도시형생활주택(단지형다세대),285.7,171.32,566.44,20210604,5,0,서울특별시 송파구 석촌동 294-10번지
11710,10500,0,0294,0011,,,표제부,공동주택,다세대주택,204.1,114.07,502.94,19970609,4,1,서울특별시 송파구 석촌동 294-11번지
11710,10500,0,0294,0016,,,표제부,공동주택,공동주택,176.4,105.56,417.5,20030627,5,0,서울특별시 송파구 석촌동 294-16번지
11710,10500,0,0294,0018,,,일반건축물,단독주택,단독주택,174.3,86.25,248.07,19870603,2,1,서울특별시 송파구 석촌동 294-18번지
11710,10500,0,0295,0000,,,일반건축물,제2종근린생활시설,주유소및근린생활시설,541.4,196.1,473.68,19930805,4,1,서울특별시 송파구 석촌동 295번지
11710,10500,0,0295,0001,,,일반건축물,제2종근린생활시설,제2종근린생활시설(근린생활시설),204.8,100.91,620.09,19900730,5,1,서울특별시 송파구 석촌동 295-1번지
11710,10500,0,0295,0002,하이마트 송파점,,일반건축물,운동시설,"운동시설,근린생활시설",471.2,233.64,999.84,20041120,6,0,서울특별시 송파구 석촌동 295-2번지
11710,10500,0,0295,0004,,,일반건축물,제2종근린생활시설,근린생활시설,0,0,990.76,19830728,4,1,서울특별시 송파구 석촌동 295-4번지
11710,10500,0,0295,0005,,,일반건축물,제2종근린생활시설,"업무시설,근린생활시설",746.7,284.5,1487.14,19810911,4,1,서울특별시 송파구 석촌동 295-5번지
11710,10500,0,0295,0006,,,일반건축물,제1종근린생활시설,근린생활시설,0,0,494.16,19820610,3,1,서울특별시 송파구 석촌동 295-6번지
11710,10500,0,0295,0007,,,일반건축물,제1종근린생활시설,근린생활시설,0,0,444.71,19820914,3,1,서울특별시 송파구 석촌동 295-7번지
11710,10500,0,0295,0008,,,일반건축물,제1종근린생활시설,근린생활시설,913.02,415.41,1540.68,19820805,3,1,서울특별시 송파구 석촌동 295-8번지
11710,10500,0,0295,0009,,,일반건축물,제2종근린생활시설,근린생활시설,0,0,659.66,19880430,4,1,서울특별시 송파구 석촌동 295-9번지
11710,10500,0,0295,0010,,,일반건축물,제1종근린생활시설,근린생활시설,837.4,417.48,2800.68,19901212,5,2,서울특별시 송파구 석촌동 295-10번지
11710,10500,0,0295,0011,,,일반건축물,제1종근린생활시설,근린생활시설,0,0,987.4,19830919,4,1,서울특별시 송파구 석촌동 295-11번지
11710,10500,0,0295,0012,,,일반건축물,제2종근린생활시설,근린생활시설,0,0,2048.54,19861229,5,1,서울특별시 송파구 석촌동 295-12번지
11710,10500,0,0295,0014,,,일반건축물,제2종근린생활시설,근린생활시설및주택,0,0,1316.61,19920706,5,1,서울특별시 송파구 석촌동 295-14번지
11710,10500,0,0296,0000,,,일반건축물,제1종근린생활시설,근린생활시설,427.4,207.3,1145.94,19871013,4,1,서울특별시 송파구 석촌동 296번지
11710,10500,0,0296,0002,,,일반건축물,제2종근린생활시설,근린생활시설,698.6,392.42,3449.61,19960404,7,2,서울특별시 송파구 석촌동 296-2번지
11710,10500,0,0296,0004,,,일반건축물,제1종근린생활시설,근린생활시설및사무실,0,0,4700.16,19810602,6,1,서울특별시 송파구 석촌동 296-4번지
11710,10500,0,0296,0008,코너빌딩,,일반건축물,숙박시설,관광숙박시설 및 근린생활시설,965.7,462.72,2165.58,19820828,4,1,서울특별시 송파구 석촌동 296-8번지
11710,10500,0,0296,0009,,,일반건축물,제1종근린생활시설,근린생활시설,0,0,895.9,19831220,4,1,서울특별시 송파구 석촌동 296-9번지
11710,10500,0,0296,0010,형제빌딩,,일반건축물,제1종근린생활시설,제1종근린생활시설외 1,332.4,186.11,1429.6,20030813,7,2,서울특별시 송파구 석촌동 296-10번지
11710,10500,0,0296,0011,,,일반건축물,제2종근린생활시설,근린생활시설,0,0,1036.44,19861121,4,1,서울특별시 송파구 석촌동 296-11번지
11710,10500,0,0296,0012,,,일반건축물,제1종근린생활시설,"근린생활시설, 사설강습소",0,0,1062.44,19841128,4,1,서울특별시 송파구 석촌동 296-12번지
11710,10500,0,0296,0013,K TOWER,,일반건축물,제1종근린생활시설,근린생활시설,415.4,206.05,1657.72,20231129,7,2,서울특별시 송파구 석촌동 296-13번지
11710,10500,0,0296,0014,,,일반건축물,제1종근린생활시설,근린생활시설,0,0,677.36,19811111,4,1,서울특별시 송파구 석촌동 296-14번지
11710,10500,0,0296,0015,,,일반건축물,제2종근린생활시설,근린생활시설,0,0,757.04,19820623,3,1,서울특별시 송파구 석촌동 296-15번지
11710,10500,0,0296,0016,,,일반건축물,제1종근린생활시설,제1종근린생활시설 외1,207.7,99.36,333,20070103,4,0,서울특별시 송파구 석촌동 296-16번지
11710,10500,0,0296,0017,,,일반건축물,제1종근린생활시설,"점포,근린생활시설",0,0,594.87,19811109,3,1,서울특별시 송파구 석촌동 296-17번지
11710,10500,0,0296,0018,,,일반건축물,업무시설,"업무시설,근린생활시설",287.5,145.31,599.23,19841011,3,1,서울특별시 송파구 석촌동 296-18번지
11710,10500,0,0296,0019,,,일반건축물,제2종근린생활시설,근린생활시설,698.5,347.7,886.1,19920523,3,1,서울특별시 송파구 석촌동 296-19번지
11710,10500,0,0297,0000,,,일반건축물,제1종근린생활시설,근린생활시설및주택,0,0,841.45,19881008,5,1,서울특별시 송파구 석촌동 297번지
11710,10500,0,0297,0001,,,일반건축물,제2종근린생활시설,"근린생활시설, 주택",0,0,780.42,19870916,4,1,서울특별시 송파구 석촌동 297-1번지
11710,10500,0,0297,0002,,,일반건축물,제2종근린생활시설,근린생활시설,0,0,2521.73,19901224,5,1,서울특별시 송파구 석촌동 297-2번지
11710,10500,0,0297,0004,선한빌딩,,일반건축물,단독주택,단독주택,384.6,213.08,766.05,20181213,5,0,서울특별시 송파구 석촌동 297-4번지
11710,10500,0,0297,0005,,,일반건축물,제1종근린생활시설,근린생활시설,0,0,295.24,19841116,2,1,서울특별시 송파구 석촌동 297-5번지
11710,10500,0,0297,0006,,,일반건축물,제2종근린생활시설,근린생활시설,175.5,87,386.04,19850808,4,1,서울특별시 송파구 석촌동 297-6번지
11710,10500,0,0297,0007,,,일반건축물,제2종근린생활시설,근린생활시설,194.4,95.88,373.52,19851128,3,1,서울특별시 송파구 석촌동 297-7번지
11710,10500,0,0297,0008,,,일반건축물,단독주택,"근린생활시설,다가구주택",219,131.22,481.05,19960215,3,1,서울특별시 송파구 석촌동 297-8번지
11710,10500,0,0297,0009,,,일반건축물,제2종근린생활시설,근린생활시설,175.4,0,339.66,19860529,3,1,서울특별시 송파구 석촌동 297-9번지
11710,10500,0,0297,0010,월천하우스,,일반건축물,제2종근린생활시설,제2종근린생활시설,175.4,104.87,392.96,20150409,4,1,서울특별시 송파구 석촌동 297-10번지
11710,10500,0,0297,0011,다옴,,일반건축물,제2종근린생활시설,근린생활시설,175.5,102.061,465.97,20190916,4,1,서울특별시 송파구 석촌동 297-11번지
11710,10500,0,0297,0012,,,일반건축물,단독주택,다가구용단독주택(11가구),248,137.76,551.04,19910621,3,1,서울특별시 송파구 석촌동 297-12번지
11710,10500,0,0297,0017,,,일반건축물,제1종근린생활시설,"근린생활시설, 단독주택",178.7,0,399.65,19841106,4,1,서울특별시 송파구 석촌동 297-17번지
11710,10500,0,0297,0018,,,일반건축물,제1종근린생활시설,근린생활시설,0,0,919.87,19871013,4,1,서울특별시 송파구 석촌동 297-18번지
11710,10500,0,0297,0020,,,일반건축물,단독주택,다가구형단독주택(7가구),194.3,98.85,291.29,19910701,2,1,서울특별시 송파구 석촌동 297-20번지
11710,10500,0,0297,0020,,,일반건축물,종교시설,교회,0,655.89,2163.37,19851224,3,1,서울특별시 송파구 석촌동 297-20번지
11710,10500,0,0297,0020,,,표제부,공동주택,"연립주택(11세대), 종교시설",438.7,238.14,884.16,19930610,3,1,서울특별시 송파구 석촌동 297-20번지
11710,10500,0,0297,0022,펠리체하임,,표제부,공동주택,다세대주택 및 근린생활시설,203.1,121.68,394.31,20160629,5,0,서울특별시 송파구 석촌동 297-22번지
11710,10500,0,0297,0023,이룸하우스,,일반건축물,단독주택,다가구주택,175.6,104.94,288.48,20180709,4,0,서울특별시 송파구 석촌동 297-23번지
11710,10500,0,0297,0024,주호빌라,,표제부,공동주택,공동주택,305.1,167.195,632.42,20020308,5,0,서울특별시 송파구 석촌동 297-24번지
11710,10500,0,0297,0025,,,일반건축물,단독주택,단독주택,175.6,0,249.72,19840210,2,1,서울특별시 송파구 석촌동 297-25번지
11710,10500,0,0297,0026,,,일반건축물,단독주택,"근린생활시설, 주택",0,0,389.55,19871224,3,1,서울특별시 송파구 석촌동 297-26번지
11710,10500,0,0297,0027,,,일반건축물,제2종근린생활시설,근린생활시설 및 단독주택,175.57,103.42,447.34,20200327,5,1,서울특별시 송파구 석촌동 297-27번지
11710,10500,0,0297,0028,,,표제부,공동주택,공동주택(아파트),578.5,277.96,1904.62,20020218,6,1,서울특별시 송파구 석촌동 297-28번지
11710,10500,0,0297,0030,제이디빌딩,,일반건축물,제2종근린생활시설,제2종근린생활시설(사무소),214.9,115.83,496.94,19890628,4,1,서울특별시 송파구 석촌동 297-30번지
11710,10500,0,0297,0031,,,일반건축물,제2종근린생활시설,근린생활시설,175.4,0,202.62,19830521,2,1,서울특별시 송파구 석촌동 297-31번지
11710,10500,0,0297,0032,,,일반건축물,제2종근린생활시설,근린생활시설,0,0,832.47,19871207,4,1,서울특별시 송파구 석촌동 297-32번지
11710,10500,0,0297,0036,로뎀하임빌,,표제부,공동주택,다세대주택,201.7,120.75,383.06,20170711,5,0,서울특별시 송파구 석촌동 297-36번지
11710,10500,0,0297,0039,,,일반건축물,제1종근린생활시설,"근린생활시설,주택",0,0,368.28,19870825,3,1,서울특별시 송파구 석촌동 297-39번지
11710,10500,0,0297,0040,,,일반건축물,단독주택,"근린생활시설,주택",0,0,368.28,19870825,3,1,서울특별시 송파구 석촌동 297-40번지
11710,10500,0,0297,0041,,,일반건축물,제2종근린생활시설,근린생활시설및주택,214.9,105.7,557.15,19901220,4,1,서울특별시 송파구 석촌동 297-41번지
11710,10500,0,0297,0042,,,일반건축물,제2종근린생활시설,"주택,근린생활시설",212.5,105.7,557.15,19901220,4,1,서울특별시 송파구 석촌동 297-42번지
11710,10500,0,0297,0043,진인프라빌딩,,일반건축물,업무시설,근린생활시설 및 업무시설,864.9,429.68,2530.04,19910626,5,1,서울특별시 송파구 석촌동 297-43번지
