sigunguCd,bjdongCd,platGbCd,bun,ji,bldNm,splotNm,regstrKindCdNm,mainPurpsCdNm,etcPurps,platArea,archArea,totArea,useAprDay,grndFlrCnt,ugrndFlrCnt,platPlc
11740,10700,0,0003,0000,암사아리수정수센터,,일반건축물,제1종근린생활시설,오니처리장,0,756,1512,19901231,1,1,서울특별시 강동구 암사동 3번지
11740,10700,0,0003,0000,암사아리수정수센터,,일반건축물,제1종근린생활시설,자재창고,0,78,78,19941010,1,0,서울특별시 강동구 암사동 3번지
11740,10700,0,0003,0000,암사아리수정수센터,,일반건축물,제1종근린생활시설,회수조펌프실,0,152.5,305,19901231,1,1,서울특별시 강동구 암사동 3번지
11740,10700,0,0003,0000,암사아리수정수센터,,일반건축물,제1종근린생활시설,오니장전기실,0,50,100,19901231,1,1,서울특별시 강동구 암사동 3번지
11740,10700,0,0021,0000,,,일반건축물,단독주택,주택,0,29.75,29.75,,1,0,서울특별시 강동구 암사동 21번지
11740,10700,0,0032,0003,,,일반건축물,단독주택,주택,0,49.59,49.59,,1,0,서울특별시 강동구 암사동 32-3번지
11740,10700,0,0038,0000,,,일반건축물,단독주택,주택,0,23.14,23.14,,1,0,서울특별시 강동구 암사동 38번지
11740,10700,0,0042,0002,,,일반건축물,단독주택,단독주택,0,62.98,202.72,19880726,2,1,서울특별시 강동구 암사동 42-2번지
11740,10700,0,0090,0008,직장운동경기부숙소,,일반건축물,단독주택,주택,0,98.68,131.67,19801111,1,1,서울특별시 강동구 암사동 90-8번지
11740,10700,0,0098,0009,암사동 근린생활시설,,일반건축물,제1종근린생활시설,제1종근린생활시설,329,174.43,231.2,20010918,2,0,서울특별시 강동구 암사동 98-9번지
11740,10700,0,0100,0003,,,일반건축물,제1종근린생활시설,"제1종,제2종근린생활시설",330,155.5,196.61,20040826,2,0,서울특별시 강동구 암사동 100-3번지
11740,10700,0,0102,0000,,,일반건축물,단독주택,주택,0,19.83,19.83,,1,0,서울특별시 강동구 암사동 102번지
11740,10700,0,0102,0000,,,일반건축물,단독주택,주택,0,19.83,19.83,,1,0,서울특별시 강동구 암사동 102번지
11740,10700,0,0102,0000,,,일반건축물,단독주택,주택,0,19.83,19.83,,1,0,서울특별시 강동구 암사동 102번지
11740,10700,0,0102,0000,,,일반건축물,단독주택,주택,0,19.83,19.83,,1,0,서울특별시 강동구 암사동 102번지
11740,10700,0,0102,0000,,,일반건축물,단독주택,주택,0,19.83,19.83,,1,0,서울특별시 강동구 암사동 102번지
11740,10700,0,0102,0000,,,일반건축물,단독주택,주택,0,19.83,19.83,,1,0,서울특별시 강동구 암사동 102번지
11740,10700,0,0102,0000,,,일반건축물,단독주택,주택,0,29.75,29.75,,1,0,서울특별시 강동구 암사동 102번지
11740,10700,0,0102,0000,,,일반건축물,단독주택,주택,0,52.89,52.89,,1,0,서울특별시 강동구 암사동 102번지
11740,10700,0,0102,0004,Maison.Le.Blanc,,일반건축물,단독주택,단독주택,336.52,157.05,197.65,20211217,2,0,서울특별시 강동구 암사동 102-4번지
11740,10700,0,0102,0026,,,일반건축물,단독주택,단독주택,333,173.16,287.94,20211123,2,1,서울특별시 강동구 암사동 102-26번지
11740,10700,0,0102,0028,,,일반건축물,단독주택,주택,0,84.1,113.79,19800228,1,1,서울특별시 강동구 암사동 102-28번지
11740,10700,0,0102,0031,,,일반건축물,단독주택,주택,0,84.86,115.01,19800818,1,1,서울특별시 강동구 암사동 102-31번지
11740,10700,0,0102,0037,,,일반건축물,단독주택,단독주택,387,90.35,198.17,19800818,2,1,서울특별시 강동구 암사동 102-37번지
11740,10700,0,0102,0039,,,일반건축물,단독주택,단독주택,362,152.25,264.37,20100121,2,0,서울특별시 강동구 암사동 102-39번지
11740,10700,0,0102,0045,,,일반건축물,단독주택,주택,0,84.96,117.92,19800728,1,1,서울특별시 강동구 암사동 102-45번지
11740,10700,0,0102,0050,,,일반건축물,단독주택,주택,0,98.61,129.62,19801126,1,1,서울특별시 강동구 암사동 102-50번지
11740,10700,0,0102,0052,,,일반건축물,단독주택,단독주택,348,183.9,199.09,20080215,2,0,서울특별시 강동구 암사동 102-52번지
11740,10700,0,0102,0059,,,일반건축물,단독주택,단독주택,347,180.52,293.7,20160615,2,0,서울특별시 강동구 암사동 102-59번지
11740,10700,0,0102,0060,,,일반건축물,단독주택,단독주택,263,128.54,225.67,20230310,2,0,서울특별시 강동구 암사동 102-60번지
11740,10700,0,0103,0000,,,일반건축물,단독주택,주택,0,33.06,33.06,,1,0,서울특별시 강동구 암사동 103번지
11740,10700,0,0103,0000,,,일반건축물,단독주택,주택,0,33.06,33.06,,1,0,서울특별시 강동구 암사동 103번지
11740,10700,0,0103,0001,,,일반건축물,단독주택,주택,0,98.61,131.44,19800620,1,1,서울특별시 강동구 암사동 103-1번지
11740,10700,0,0103,0002,,,일반건축물,단독주택,주택,0,82.35,115.01,19800418,1,1,서울특별시 강동구 암사동 103-2번지
11740,10700,0,0103,0005,,,일반건축물,단독주택,단독주택,330.67,152.49,285.63,20201202,2,0,서울특별시 강동구 암사동 103-5번지
11740,10700,0,0103,0006,암사동 103-6 단독주택 (서정호),,일반건축물,단독주택,단독주택,336,153.99,283.63,20160615,2,0,서울특별시 강동구 암사동 103-6번지
11740,10700,0,0103,0007,,,일반건축물,단독주택,단독주택,339,116.69,222.53,20101217,2,0,서울특별시 강동구 암사동 103-7번지
11740,10700,0,0103,0008,,,일반건축물,단독주택,주택,0,98.94,131.83,19800222,1,1,서울특별시 강동구 암사동 103-8번지
11740,10700,0,0103,0009,,,일반건축물,단독주택,주택,0,98.55,130.12,19800308,1,1,서울특별시 강동구 암사동 103-9번지
11740,10700,0,0104,0000,,,일반건축물,단독주택,주택,0,19.83,19.83,,1,0,서울특별시 강동구 암사동 104번지
11740,10700,0,0104,0000,,,일반건축물,단독주택,주택,0,29.75,29.75,,1,0,서울특별시 강동구 암사동 104번지
11740,10700,0,0104,0002,,,일반건축물,단독주택,주택,0,98.78,131.41,19800611,1,1,서울특별시 강동구 암사동 104-2번지
11740,10700,0,0104,0003,,,일반건축물,단독주택,단독주택,340,93.78,199.68,19800611,2,1,서울특별시 강동구 암사동 104-3번지
11740,10700,0,0104,0007,암사동 104-7 단독주택 (김성중),,일반건축물,단독주택,단독주택,394,199.26,233.87,20141212,2,0,서울특별시 강동구 암사동 104-7번지
11740,10700,0,0104,0008,,,일반건축물,단독주택,단독주택,313,117.15,198.06,19960125,1,1,서울특별시 강동구 암사동 104-8번지
11740,10700,0,0104,0009,유은재,,일반건축물,단독주택,단독주택,298,134.77,289.77,20211025,2,1,서울특별시 강동구 암사동 104-9번지
11740,10700,0,0104,0010,,,일반건축물,단독주택,단독주택,358,143.11,381.82,20100406,2,1,서울특별시 강동구 암사동 104-10번지
11740,10700,0,0104,0011,,,일반건축물,단독주택,주택,0,84.96,117.59,19800806,1,1,서울특별시 강동구 암사동 104-11번지
11740,10700,0,0104,0012,심향재,,일반건축물,단독주택,단독주택,335.49,188.96,294.98,20240116,2,0,서울특별시 강동구 암사동 104-12번지
11740,10700,0,0106,0001,,,일반건축물,단독주택,단독주택,371.92,176.34,292.6,20220706,2,1,서울특별시 강동구 암사동 106-1번지
11740,10700,0,0106,0004,,,일반건축물,단독주택,주택,0,84.86,117.12,19801004,1,1,서울특별시 강동구 암사동 106-4번지
11740,10700,0,0106,0005,,,일반건축물,단독주택,주택,0,84.89,117.15,19800531,1,1,서울특별시 강동구 암사동 106-5번지
11740,10700,0,0107,0000,,,일반건축물,단독주택,단독주택,0,98.71,197.34,19801122,1,1,서울특별시 강동구 암사동 107번지
11740,10700,0,0108,0002,,,일반건축물,단독주택,주택,0,84.96,117.39,19801122,1,1,서울특별시 강동구 암사동 108-2번지
11740,10700,0,0108,0011,점마을38호,,일반건축물,단독주택,주택,0,98.78,131.57,19820727,1,1,서울특별시 강동구 암사동 108-11번지
11740,10700,0,0108,0012,,,일반건축물,단독주택,단독주택,399,166.56,254.76,20140411,2,0,서울특별시 강동구 암사동 108-12번지
11740,10700,0,0108,0013,,,일반건축물,단독주택,주택,0,84.86,117.12,19800818,1,1,서울특별시 강동구 암사동 108-13번지
11740,10700,0,0109,0004,,,일반건축물,단독주택,주택,0,97.82,129.13,19800122,1,1,서울특별시 강동구 암사동 109-4번지
11740,10700,0,0109,0005,,,일반건축물,단독주택,주택,0,98.48,131.44,19800930,1,1,서울특별시 강동구 암사동 109-5번지
11740,10700,0,0109,0008,암사동단독주택,,일반건축물,단독주택,단독주택,370,196.34,288.95,20011029,2,0,서울특별시 강동구 암사동 109-8번지
11740,10700,0,0110,0001,,,일반건축물,단독주택,단독주택,329,185,99.68,19970903,1,0,서울특별시 강동구 암사동 110-1번지
11740,10700,0,0110,0003,,,일반건축물,단독주택,단독주택,316,108.19,197.93,19991029,2,0,서울특별시 강동구 암사동 110-3번지
11740,10700,0,0111,0000,,,일반건축물,단독주택,단독주택,315,168.07,297.99,20020725,2,0,서울특별시 강동구 암사동 111번지
11740,10700,0,0111,0005,,,일반건축물,단독주택,단독주택,312,97.98,94.68,20031208,1,0,서울특별시 강동구 암사동 111-5번지
11740,10700,0,0111,0006,,,일반건축물,단독주택,단독주택,311,170.68,293.01,20131119,2,1,서울특별시 강동구 암사동 111-6번지
11740,10700,0,0112,0003,,,일반건축물,단독주택,주택,347,98.71,197.54,19801004,2,1,서울특별시 강동구 암사동 112-3번지
11740,10700,0,0112,0006,,,일반건축물,단독주택,단독주택,349,184.39,294.78,20130322,2,0,서울특별시 강동구 암사동 112-6번지
11740,10700,0,0112,0008,암사동 112-8,,일반건축물,단독주택,단독주택,455,205.72,298.06,20240117,2,0,서울특별시 강동구 암사동 112-8번지
11740,10700,0,0113,0001,,,일반건축물,단독주택,주택,0,84.96,114.98,19800502,1,1,서울특별시 강동구 암사동 113-1번지
11740,10700,0,0114,0000,,,일반건축물,단독주택,주택,0,99.17,99.17,19800502,1,0,서울특별시 강동구 암사동 114번지
11740,10700,0,0114,0003,,,일반건축물,단독주택,주택,0,98.71,129.59,19800813,1,1,서울특별시 강동구 암사동 114-3번지
11740,10700,0,0114,0005,암사동단독주택,,일반건축물,단독주택,단독주택,330,196.48,284.11,20071031,2,0,서울특별시 강동구 암사동 114-5번지
11740,10700,0,0115,0000,,,일반건축물,단독주택,단독주택,152,86.69,148.19,20181203,2,0,서울특별시 강동구 암사동 115번지
11740,10700,0,0116,0003,,,일반건축물,단독주택,단독주택,335,148.19,299.81,20171012,2,1,서울특별시 강동구 암사동 116-3번지
11740,10700,0,0116,0012,,,일반건축물,단독주택,단독주택,339,130.29,297.52,20120118,2,1,서울특별시 강동구 암사동 116-12번지
11740,10700,0,0116,0017,,,일반건축물,단독주택,단독주택,347.92,129.83,202.19,20170119,2,0,서울특별시 강동구 암사동 116-17번지
11740,10700,0,0116,0021,,,일반건축물,노유자시설,노유자시설(유아원),218,120.6,328.72,19960902,2,1,서울특별시 강동구 암사동 116-21번지
11740,10700,0,0116,0022,,,일반건축물,제2종근린생활시설,"제1종근린생활시설,체육장",347,207.99,299.67,20040703,2,0,서울특별시 강동구 암사동 116-22번지
11740,10700,0,0116,0023,,,일반건축물,단독주택,단독주택,329,173.71,296.76,20031117,3,0,서울특별시 강동구 암사동 116-23번지
11740,10700,0,0116,0024,,,일반건축물,단독주택,주택,0,84.96,117.29,19800821,1,1,서울특별시 강동구 암사동 116-24번지
11740,10700,0,0116,0027,,,일반건축물,단독주택,주택,0,98.71,131.54,19800609,1,1,서울특별시 강동구 암사동 116-27번지
11740,10700,0,0116,0049,,,일반건축물,단독주택,단독주택,330,133.05,198.95,20010903,2,0,서울특별시 강동구 암사동 116-49번지
11740,10700,0,0116,0050,,,일반건축물,단독주택,단독주택,329,110.74,199.84,20020208,2,0,서울특별시 강동구 암사동 116-50번지
11740,10700,0,0116,0054,암사동서원마을회관,,일반건축물,제1종근린생활시설,제1종근린생활시설(마을회관),957,219.33,351.61,20111110,2,0,서울특별시 강동구 암사동 116-54번지
11740,10700,0,0118,0006,선사주거지 체험교실,,일반건축물,교육연구시설,교육연구시설(체험교실),18959,313.6,303.58,20100730,1,0,서울특별시 강동구 암사동 118-6번지
11740,10700,0,0129,0002,,,일반건축물,단독주택,단독주택,193.64,98.64,197.28,19900601,1,1,서울특별시 강동구 암사동 129-2번지
11740,10700,0,0129,0002,,,일반건축물,단독주택,단독주택,194.34,97.56,195.12,19920421,1,1,서울특별시 강동구 암사동 129-2번지
11740,10700,0,0129,0003,,,일반건축물,단독주택,단독주택,265.58,118.69,249.18,20150403,3,0,서울특별시 강동구 암사동 129-3번지
11740,10700,0,0139,0002,제2전시관,,일반건축물,문화및집회시설,전시시설,0,995.19,995.19,19990729,1,0,서울특별시 강동구 암사동 139-2번지
11740,10700,0,0139,0002,,,일반건축물,문화및집회시설,문화및집회시설,0,1366.25,1366.25,19881029,1,0,서울특별시 강동구 암사동 139-2번지
11740,10700,0,0139,0002,서울암사동유적유구보호각,,일반건축물,문화및집회시설,문화및집회시설(전시시설),0,472,472,20211026,1,0,서울특별시 강동구 암사동 139-2번지
11740,10700,0,0175,0004,,,일반건축물,제2종근린생활시설,제2종근린생활시설,0,99.63,199.26,19980121,2,0,서울특별시 강동구 암사동 175-4번지
11740,10700,0,0175,0004,,,일반건축물,제2종근린생활시설,제2종근린생활시설,0,32.18,32.18,20060112,2,0,서울특별시 강동구 암사동 175-4번지
11740,10700,0,0176,0003,암사동 176-3  택시차고지,,일반건축물,자동차관련시설,택시차고지,2177,341,958.76,20240530,3,0,서울특별시 강동구 암사동 176-3번지
11740,10700,0,0178,0003,,,일반건축물,단독주택,단독주택,329,98.91,197.82,19881224,1,1,서울특별시 강동구 암사동 178-3번지
11740,10700,0,0178,0004,,,일반건축물,제2종근린생활시설,제2종근린생활시설,328,100.17,190.22,19950902,1,1,서울특별시 강동구 암사동 178-4번지
11740,10700,0,0178,0005,,,일반건축물,단독주택,단독주택,328,175.04,299.02,20130916,2,0,서울특별시 강동구 암사동 178-5번지
11740,10700,0,0178,0006,라라하우스,,일반건축물,단독주택,"단독주택,제2종근린생활시설",328,176.54,299.59,20190410,3,0,서울특별시 강동구 암사동 178-6번지
11740,10700,0,0178,0007,,,일반건축물,단독주택,단독주택,326,98.73,197.46,19890419,1,1,서울특별시 강동구 암사동 178-7번지
11740,10700,0,0178,0009,,,일반건축물,단독주택,단독주택,0,98.92,197.84,19870903,1,1,서울특별시 강동구 암사동 178-9번지
11740,10700,0,0178,0010,,,일반건축물,단독주택,단독주택,325,98.57,197.14,19900209,1,1,서울특별시 강동구 암사동 178-10번지
11740,10700,0,0178,0011,,,일반건축물,단독주택,단독주택,329,99.89,197.1,19891215,1,1,서울특별시 강동구 암사동 178-11번지
11740,10700,0,0178,0012,암사동 178-12,,일반건축물,제2종근린생활시설,"제2종근린생활시설(사무소),단독주택",330,131.16,308.75,20241205,3,0,서울특별시 강동구 암사동 178-12번지
11740,10700,0,0178,0013,,,일반건축물,단독주택,단독주택,327,156.54,259.55,20180921,3,0,서울특별시 강동구 암사동 178-13번지
11740,10700,0,0178,0014,,,일반건축물,단독주택,단독주택,329,99.99,199.98,19881224,1,1,서울특별시 강동구 암사동 178-14번지
11740,10700,0,0178,0015,,,일반건축물,단독주택,주택,326.5,132.8,198.53,19941007,1,1,서울특별시 강동구 암사동 178-15번지
11740,10700,0,0178,0016,,,일반건축물,단독주택,단독주택,327.48,130.09,199.56,19941123,1,1,서울특별시 강동구 암사동 178-16번지
11740,10700,0,0178,0017,,,일반건축물,단독주택,단독주택,329,108.95,197.86,19881024,1,1,서울특별시 강동구 암사동 178-17번지
11740,10700,0,0178,0018,,,일반건축물,단독주택,단독주택,329,144.45,149.64,20250312,2,0,서울특별시 강동구 암사동 178-18번지
11740,10700,0,0178,0020,,,일반건축물,단독주택,단독주택,312,130.04,196.98,19951101,1,1,서울특별시 강동구 암사동 178-20번지
11740,10700,0,0178,0021,,,일반건축물,단독주택,단독주택,0,99.42,198.84,19871207,1,1,서울특별시 강동구 암사동 178-21번지
11740,10700,0,0178,0022,,,일반건축물,단독주택,단독주택,325,98.82,197.64,19891222,1,1,서울특별시 강동구 암사동 178-22번지
11740,10700,0,0178,0023,,,일반건축물,단독주택,단독주택,324,100.08,198.24,19880502,1,1,서울특별시 강동구 암사동 178-23번지
11740,10700,0,0178,0024,,,일반건축물,단독주택,단독주택,329,99.72,199.44,19941203,1,1,서울특별시 강동구 암사동 178-24번지
11740,10700,0,0178,0026,,,일반건축물,단독주택,단독주택,282,98.94,197.88,19871130,1,1,서울특별시 강동구 암사동 178-26번지
11740,10700,0,0178,0027,,,일반건축물,단독주택,단독주택,304,116.19,194.82,19981203,1,1,서울특별시 강동구 암사동 178-27번지
11740,10700,0,0178,0030,,,일반건축물,단독주택,단독주택,234,110.18,199.92,20030320,2,0,서울특별시 강동구 암사동 178-30번지
11740,10700,0,0178,0031,,,일반건축물,단독주택,단독주택,238,99.36,198.72,19871207,1,1,서울특별시 강동구 암사동 178-31번지
11740,10700,0,0178,0033,,,일반건축물,단독주택,단독주택,0,98.94,197.88,19880511,1,1,서울특별시 강동구 암사동 178-33번지
11740,10700,0,0178,0034,,,일반건축물,단독주택,단독주택,316,98.82,222.23,20020925,2,1,서울특별시 강동구 암사동 178-34번지
11740,10700,0,0178,0035,,,일반건축물,단독주택,단독주택,319.1,176.18,298.35,20170425,3,0,서울특별시 강동구 암사동 178-35번지
11740,10700,0,0181,0002,이남재,,일반건축물,제2종근린생활시설,제2종근린생활시설,264,104.07,399.82,20241206,3,1,서울특별시 강동구 암사동 181-2번지
11740,10700,0,0183,0005,,,일반건축물,제2종근린생활시설,교회,0,99.17,99.17,19701025,1,0,서울특별시 강동구 암사동 183-5번지
11740,10700,0,0183,0006,,,일반건축물,단독주택,단독주택,327,130.55,199.8,20040504,2,0,서울특별시 강동구 암사동 183-6번지
11740,10700,0,0183,0008,,,일반건축물,단독주택,다가구용단독주택,327.5,101.87,196.9,19920904,1,1,서울특별시 강동구 암사동 183-8번지
11740,10700,0,0183,0009,,,일반건축물,단독주택,단독주택,327.5,115.34,199.9,19920914,1,1,서울특별시 강동구 암사동 183-9번지
11740,10700,0,0183,0012,,,일반건축물,단독주택,주택,0,99.98,199.21,19910817,1,1,서울특별시 강동구 암사동 183-12번지
11740,10700,0,0183,0013,,,일반건축물,단독주택,단독주택,327,99.48,131.4,19971208,2,0,서울특별시 강동구 암사동 183-13번지
11740,10700,0,0183,0022,,,일반건축물,단독주택,단독주택,0,98.5,192.53,19871231,1,1,서울특별시 강동구 암사동 183-22번지
11740,10700,0,0185,0000,,,일반건축물,단독주택,주택,0,19.83,19.83,19630420,1,0,서울특별시 강동구 암사동 185번지
11740,10700,0,0186,0001,서울선사초등학교,,일반건축물,교육연구시설,교육연구시설,0,403.2,806.4,20010829,2,0,서울특별시 강동구 암사동 186-1번지
11740,10700,0,0186,0001,서울선사초등학교,,일반건축물,교육연구시설,교육연구시설,0,505.2,2526,20010829,5,0,서울특별시 강동구 암사동 186-1번지
11740,10700,0,0186,0001,서울선사초등학교,,일반건축물,교육연구시설,교육연구및복지시설,0,719.15,1550.8,20010829,3,0,서울특별시 강동구 암사동 186-1번지
11740,10700,0,0186,0001,서울선사초등학교,,일반건축물,교육연구시설,교육연구시설,0,365.84,1097.52,20010829,3,0,서울특별시 강동구 암사동 186-1번지
11740,10700,0,0186,0001,서울선사초등학교,,일반건축물,교육연구시설,교육연구시설,0,406.8,1627.2,20010829,3,1,서울특별시 강동구 암사동 186-1번지
11740,10700,0,0186,0001,서울선사초등학교,,일반건축물,교육연구시설,교육연구시설,0,701.25,2559.34,20010829,4,0,서울특별시 강동구 암사동 186-1번지
11740,10700,0,0187,0010,,,일반건축물,단독주택,단독주택,328,111.71,199.72,19870828,1,1,서울특별시 강동구 암사동 187-10번지
11740,10700,0,0187,0012,,,일반건축물,제2종근린생활시설,"근린생활시설, 단독주택",317,122.12,298.29,20091020,3,0,서울특별시 강동구 암사동 187-12번지
11740,10700,0,0187,0013,,,일반건축물,단독주택,단독주택,0,99.36,198.72,19880622,1,1,서울특별시 강동구 암사동 187-13번지
11740,10700,0,0187,0014,,,일반건축물,단독주택,단독주택,326,99.36,198.72,19880126,1,1,서울특별시 강동구 암사동 187-14번지
11740,10700,0,0187,0015,,,일반건축물,단독주택,단독주택,0,99.1,198.2,19900730,1,1,서울특별시 강동구 암사동 187-15번지
11740,10700,0,0187,0016,,,일반건축물,단독주택,주택,323.48,148.5,199.54,19961231,1,1,서울특별시 강동구 암사동 187-16번지
11740,10700,0,0187,0019,,,일반건축물,단독주택,단독주택,0,99.66,199.32,19870617,1,1,서울특별시 강동구 암사동 187-19번지
11740,10700,0,0187,0022,,,일반건축물,단독주택,단독주택,0,0,197.88,19870828,1,1,서울특별시 강동구 암사동 187-22번지
11740,10700,0,0187,0023,,,일반건축물,단독주택,단독주택,328,132.33,298.81,20210107,3,0,서울특별시 강동구 암사동 187-23번지
11740,10700,0,0188,0000,암사역사공원 비지터센터,,일반건축물,제1종근린생활시설,제1종근린생활시설,110198,104.17,98.58,20200109,1,0,서울특별시 강동구 암사동 188번지
11740,10700,0,0188,0002,,,일반건축물,공장,공장,0,125.62,125.62,19700309,1,0,서울특별시 강동구 암사동 188-2번지
11740,10700,0,0190,0000,소은빌딩,,일반건축물,제2종근린생활시설,"단독주택,제1종근린생활시설",1322,263.56,1499.31,20180531,3,1,서울특별시 강동구 암사동 190번지
11740,10700,0,0190,0023,에이든1215,,일반건축물,제1종근린생활시설,근린생활시설,1322,262.8,1498.27,20181002,3,1,서울특별시 강동구 암사동 190-23번지
11740,10700,0,0190,0024,그린빌딩,,일반건축물,제1종근린생활시설,근린생활시설,1592,315.94,1499.7,20180531,3,1,서울특별시 강동구 암사동 190-24번지
11740,10700,0,0193,0000,암사역사공원 야외화장실,,일반건축물,제1종근린생활시설,제1종근린생활시설,110198,128,128,20200109,1,0,서울특별시 강동구 암사동 193번지
11740,10700,0,0196,0001,,,일반건축물,노유자시설,세탁실,5722,72.9,72.9,20171226,1,0,서울특별시 강동구 암사동 196-1번지
11740,10700,0,0196,0001,,,일반건축물,노유자시설,노유자시설,5722,985.19,2515.4,19911212,3,1,서울특별시 강동구 암사동 196-1번지
11740,10700,0,0197,0000,,,일반건축물,단독주택,주택,0,13.77,13.77,19830303,1,0,서울특별시 강동구 암사동 197번지
11740,10700,0,0228,0000,,,일반건축물,단독주택,주택,0,23.14,23.14,,1,0,서울특별시 강동구 암사동 228번지
11740,10700,0,0228,0000,,,일반건축물,단독주택,주택,0,23.14,23.14,,1,0,서울특별시 강동구 암사동 228번지
11740,10700,0,0230,0000,,,일반건축물,단독주택,주택,0,42.98,42.98,,1,0,서울특별시 강동구 암사동 230번지
11740,10700,0,0231,0000,,,일반건축물,단독주택,주택,0,19.83,19.83,,1,0,서울특별시 강동구 암사동 231번지
11740,10700,0,0233,0000,,,일반건축물,단독주택,주택,0,39.67,39.67,,1,0,서울특별시 강동구 암사동 233번지
11740,10700,0,0234,0000,,,일반건축물,단독주택,주택,0,52.89,52.89,,1,0,서울특별시 강동구 암사동 234번지
11740,10700,0,0234,0000,,,일반건축물,단독주택,주택,0,23.14,23.14,,1,0,서울특별시 강동구 암사동 234번지
11740,10700,0,0234,0000,,,일반건축물,단독주택,주택,0,29.75,29.75,,1,0,서울특별시 강동구 암사동 234번지
11740,10700,0,0234,0000,,,일반건축물,단독주택,주택,0,39.67,39.67,,1,0,서울특별시 강동구 암사동 234번지
11740,10700,0,0234,0000,,,일반건축물,단독주택,주택,0,19.83,19.83,,1,0,서울특별시 강동구 암사동 234번지
11740,10700,0,0245,0002,,,일반건축물,제2종근린생활시설,제2종근린생활시설,330,173.45,231.75,20190508,2,0,서울특별시 강동구 암사동 245-2번지
11740,10700,0,0248,0000,,,일반건축물,제2종근린생활시설,제2종근린생활시설,330,178.21,230.58,20180914,2,0,서울특별시 강동구 암사동 248번지
11740,10700,0,0250,0001,암사동 250-1,,일반건축물,제2종근린생활시설,제2종근린생활시설(일반음식점),330,145.98,286.57,20241113,3,0,서울특별시 강동구 암사동 250-1번지
11740,10700,0,0254,0003,,,일반건축물,단독주택,단독주택,0,97.78,195.56,19900618,1,1,서울특별시 강동구 암사동 254-3번지
11740,10700,0,0254,0004,,,일반건축물,단독주택,단독주택,194.58,97.5,195,19921211,1,1,서울특별시 강동구 암사동 254-4번지
11740,10700,0,0261,0001,포림재,,일반건축물,단독주택,단독주택,330,186.24,294.68,20190108,2,0,서울특별시 강동구 암사동 261-1번지
11740,10700,0,0262,0003,,,일반건축물,단독주택,단독주택,353,142.82,199.96,19971103,1,1,서울특별시 강동구 암사동 262-3번지
11740,10700,0,0264,0001,,,일반건축물,단독주택,단독주택,240.75,119.25,226.08,20031208,2,0,서울특별시 강동구 암사동 264-1번지
11740,10700,0,0264,0003,,,일반건축물,단독주택,단독주택,615,0,26.06,19840423,1,0,서울특별시 강동구 암사동 264-3번지
11740,10700,0,0264,0003,,,일반건축물,제2종근린생활시설,교회,615,143.96,143.96,19840423,1,0,서울특별시 강동구 암사동 264-3번지
11740,10700,0,0264,0009,,,일반건축물,단독주택,단독주택,331,165.2,358.13,20190704,2,1,서울특별시 강동구 암사동 264-9번지
11740,10700,0,0264,0019,,,일반건축물,단독주택,주택,0,84.96,117.92,19800620,1,1,서울특별시 강동구 암사동 264-19번지
11740,10700,0,0264,0025,,,일반건축물,단독주택,단독주택,217,130.16,198.77,19920331,1,1,서울특별시 강동구 암사동 264-25번지
11740,10700,0,0264,0028,,,일반건축물,단독주택,단독주택,334,119.32,210.61,19960122,2,0,서울특별시 강동구 암사동 264-28번지
11740,10700,0,0264,0029,,,일반건축물,단독주택,단독주택,316.6,161.46,227.75,19951227,2,0,서울특별시 강동구 암사동 264-29번지
11740,10700,0,0264,0035,,,일반건축물,단독주택,주택,0,98.61,131.44,19791126,1,1,서울특별시 강동구 암사동 264-35번지
11740,10700,0,0264,0036,,,일반건축물,단독주택,주택,0,98.98,129.66,19810323,1,1,서울특별시 강동구 암사동 264-36번지
11740,10700,0,0264,0038,,,일반건축물,단독주택,주택,0,65.55,129.18,19800623,2,1,서울특별시 강동구 암사동 264-38번지
11740,10700,0,0264,0039,,,일반건축물,단독주택,단독주택,330,115.35,199.52,19951127,1,1,서울특별시 강동구 암사동 264-39번지
11740,10700,0,0264,0059,,,일반건축물,단독주택,단독주택,330,147.66,199.21,20050526,2,0,서울특별시 강동구 암사동 264-59번지
11740,10700,0,0264,0062,,,일반건축물,단독주택,단독주택,350,105.83,199.41,20080618,2,0,서울특별시 강동구 암사동 264-62번지
11740,10700,0,0264,0065,,,일반건축물,단독주택,주택,0,0,131.41,19800408,1,1,서울특별시 강동구 암사동 264-65번지
11740,10700,0,0264,0076,,,일반건축물,단독주택,주택,0,98.94,129.09,19801230,1,1,서울특별시 강동구 암사동 264-76번지
11740,10700,0,0264,0079,,,일반건축물,단독주택,주택,0,84.96,117.92,19800627,1,1,서울특별시 강동구 암사동 264-79번지
11740,10700,0,0264,0086,,,일반건축물,단독주택,"단독주택,제2종근린생활시설",383,186.12,376.09,20190723,2,1,서울특별시 강동구 암사동 264-86번지
11740,10700,0,0264,0090,,,일반건축물,단독주택,단독주택,338,130.85,199.88,20070313,2,0,서울특별시 강동구 암사동 264-90번지
11740,10700,0,0264,0091,,,일반건축물,단독주택,단독주택,333,141.07,199.17,19990921,1,1,서울특별시 강동구 암사동 264-91번지
11740,10700,0,0265,0000,,,일반건축물,단독주택,주택,0,33.06,33.06,,1,0,서울특별시 강동구 암사동 265번지
11740,10700,0,0265,0000,,,일반건축물,단독주택,주택,0,23.14,23.14,,1,0,서울특별시 강동구 암사동 265번지
11740,10700,0,0265,0001,,,일반건축물,단독주택,단독주택,345,116.33,351.21,19971122,2,1,서울특별시 강동구 암사동 265-1번지
11740,10700,0,0265,0003,,,일반건축물,단독주택,주택,0,29.75,29.75,19680725,1,0,서울특별시 강동구 암사동 265-3번지
11740,10700,0,0265,0003,,,일반건축물,단독주택,주택,0,33.06,33.06,19680725,1,0,서울특별시 강동구 암사동 265-3번지
11740,10700,0,0265,0006,,,일반건축물,단독주택,단독주택,346,133.14,292.14,20150925,2,1,서울특별시 강동구 암사동 265-6번지
11740,10700,0,0265,0007,,,일반건축물,단독주택,단독주택,332,130.7,196.68,20051215,3,0,서울특별시 강동구 암사동 265-7번지
11740,10700,0,0265,0010,,,일반건축물,단독주택,단독주택,342,113.19,229.87,20010510,2,1,서울특별시 강동구 암사동 265-10번지
11740,10700,0,0265,0014,,,일반건축물,단독주택,단독주택,0,98.91,131.87,19800910,1,1,서울특별시 강동구 암사동 265-14번지
11740,10700,0,0266,0000,,,일반건축물,단독주택,주택,0,82.64,82.64,,1,0,서울특별시 강동구 암사동 266번지
11740,10700,0,0266,0000,,,일반건축물,단독주택,주택,0,23.14,23.14,,1,0,서울특별시 강동구 암사동 266번지
11740,10700,0,0266,0002,,,일반건축물,단독주택,주택,0,39.67,39.67,,1,0,서울특별시 강동구 암사동 266-2번지
11740,10700,0,0266,0002,,,일반건축물,단독주택,주택,0,59.5,59.5,,1,0,서울특별시 강동구 암사동 266-2번지
11740,10700,0,0266,0003,,,일반건축물,단독주택,주택,0,29.36,29.36,19630120,1,0,서울특별시 강동구 암사동 266-3번지
11740,10700,0,0266,0004,암사동주택,,일반건축물,단독주택,단독주택,382.19,121.68,181.3,20011229,2,0,서울특별시 강동구 암사동 266-4번지
11740,10700,0,0266,0006,,,일반건축물,단독주택,단독주택(다가구-6가구),399,198.45,386.28,20140114,2,0,서울특별시 강동구 암사동 266-6번지
11740,10700,0,0266,0007,,,일반건축물,단독주택,주택,0,53.65,53.65,19630910,1,0,서울특별시 강동구 암사동 266-7번지
11740,10700,0,0266,0010,,,일반건축물,단독주택,단독주택,337,120.69,231.85,19950727,2,1,서울특별시 강동구 암사동 266-10번지
11740,10700,0,0266,0013,,,일반건축물,단독주택,주택,0,98.68,131.54,19800806,1,1,서울특별시 강동구 암사동 266-13번지
11740,10700,0,0266,0015,,,일반건축물,단독주택,주택,0,98.94,129.09,19800502,1,1,서울특별시 강동구 암사동 266-15번지
11740,10700,0,0266,0019,,,일반건축물,단독주택,주택,330,118.9,298.92,19980206,2,1,서울특별시 강동구 암사동 266-19번지
11740,10700,0,0266,0030,,,일반건축물,단독주택,다가구주택,336,167.7,329.04,20140703,2,0,서울특별시 강동구 암사동 266-30번지
11740,10700,0,0266,0031,고즈넉한집,,일반건축물,단독주택,단독주택,200,77.74,137.34,20180828,2,0,서울특별시 강동구 암사동 266-31번지
11740,10700,0,0266,0034,,,일반건축물,단독주택,단독주택,331,126.7,184.13,20060706,2,0,서울특별시 강동구 암사동 266-34번지
11740,10700,0,0267,0000,,,일반건축물,제2종근린생활시설,영업소,0,69.42,69.42,,1,0,서울특별시 강동구 암사동 267번지
11740,10700,0,0267,0000,,,일반건축물,단독주택,주택,0,19.83,19.83,,1,0,서울특별시 강동구 암사동 267번지
11740,10700,0,0267,0001,,,일반건축물,단독주택,단독주택,331,140.15,209.27,20121005,2,0,서울특별시 강동구 암사동 267-1번지
11740,10700,0,0267,0002,,,일반건축물,단독주택,단독주택,335,134.6,198.9,19991023,1,1,서울특별시 강동구 암사동 267-2번지
11740,10700,0,0267,0006,,,일반건축물,단독주택,주택,0,98.91,131.87,19800621,1,1,서울특별시 강동구 암사동 267-6번지
11740,10700,0,0267,0010,,,일반건축물,단독주택,주택,0,97.26,129.95,19800423,1,1,서울특별시 강동구 암사동 267-10번지
11740,10700,0,0267,0011,,,일반건축물,단독주택,주택,0,0,139.64,19800623,1,1,서울특별시 강동구 암사동 267-11번지
11740,10700,0,0267,0013,,,일반건축물,단독주택,단독주택,344,113.86,198.9,19800623,2,0,서울특별시 강동구 암사동 267-13번지
11740,10700,0,0267,0015,,,일반건축물,단독주택,주택,0,98.91,131.87,19800721,1,1,서울특별시 강동구 암사동 267-15번지
11740,10700,0,0268,0000,,,일반건축물,단독주택,주택,0,33.06,33.06,,1,0,서울특별시 강동구 암사동 268번지
11740,10700,0,0268,0003,,,일반건축물,단독주택,주택,0,98.71,129.29,19800630,1,1,서울특별시 강동구 암사동 268-3번지
11740,10700,0,0268,0009,,,일반건축물,단독주택,주택,331,98.55,208.59,19800329,2,1,서울특별시 강동구 암사동 268-9번지
11740,10700,0,0268,0010,,,일반건축물,단독주택,단독주택,331,106.56,131.22,20000624,2,0,서울특별시 강동구 암사동 268-10번지
11740,10700,0,0268,0013,,,일반건축물,단독주택,주택,0,98.81,131.27,19800623,1,1,서울특별시 강동구 암사동 268-13번지
11740,10700,0,0269,0001,,,일반건축물,단독주택,단독주택,0,97.54,130.5,19840423,1,1,서울특별시 강동구 암사동 269-1번지
11740,10700,0,0269,0003,,,일반건축물,단독주택,단독주택,335,131.3,198.65,20030905,2,0,서울특별시 강동구 암사동 269-3번지
11740,10700,0,0269,0005,,,일반건축물,단독주택,주택,0,84.83,116.17,19800510,1,1,서울특별시 강동구 암사동 269-5번지
11740,10700,0,0269,0006,,,일반건축물,단독주택,단독주택,356,137.06,204.92,20040527,2,0,서울특별시 강동구 암사동 269-6번지
11740,10700,0,0269,0007,암사동 양지마을 ㄴ-자 집,,일반건축물,단독주택,단독주택,357,177.1,205.36,20130205,2,0,서울특별시 강동구 암사동 269-7번지
11740,10700,0,0270,0002,,,일반건축물,단독주택,단독주택,329.2,138.29,226.36,19960706,1,1,서울특별시 강동구 암사동 270-2번지
11740,10700,0,0271,0002,,,일반건축물,단독주택,단독주택,328,121.73,229.5,19961230,2,1,서울특별시 강동구 암사동 271-2번지
11740,10700,0,0271,0004,,,일반건축물,단독주택,단독주택,331,171.53,165.93,19961230,1,0,서울특별시 강동구 암사동 271-4번지
11740,10700,0,0273,0000,,,일반건축물,단독주택,단독주택,330,159.4,281.41,20181128,2,0,서울특별시 강동구 암사동 273번지
11740,10700,0,0274,0002,,,일반건축물,단독주택,주택,0,98.91,131.87,19800508,1,1,서울특별시 강동구 암사동 274-2번지
11740,10700,0,0274,0005,,,일반건축물,단독주택,단독주택,351,98.91,188.39,19801227,2,1,서울특별시 강동구 암사동 274-5번지
11740,10700,0,0274,0011,,,일반건축물,단독주택,단독주택,331,162.75,302.2,20151204,2,0,서울특별시 강동구 암사동 274-11번지
11740,10700,0,0274,0015,,,일반건축물,단독주택,단독주택,197.89,99.73,199.46,19941111,1,1,서울특별시 강동구 암사동 274-15번지
11740,10700,0,0275,0000,,,일반건축물,단독주택,주택,0,39.67,39.67,,1,0,서울특별시 강동구 암사동 275번지
11740,10700,0,0275,0000,,,일반건축물,단독주택,주택,0,62.81,62.81,,1,0,서울특별시 강동구 암사동 275번지
11740,10700,0,0275,0000,,,일반건축물,단독주택,주택,0,23.14,23.14,,1,0,서울특별시 강동구 암사동 275번지
11740,10700,0,0275,0003,양지마을회관,,일반건축물,제1종근린생활시설,마을회관,0,98.98,131.97,19810321,1,1,서울특별시 강동구 암사동 275-3번지
11740,10700,0,0275,0004,,,일반건축물,단독주택,단독주택,307,107.2,197.88,19960930,1,1,서울특별시 강동구 암사동 275-4번지
11740,10700,0,0275,0005,,,일반건축물,단독주택,단독주택,354,122.55,198.2,20031013,2,0,서울특별시 강동구 암사동 275-5번지
11740,10700,0,0275,0007,,,일반건축물,단독주택,주택,0,98.81,130.64,19801004,1,1,서울특별시 강동구 암사동 275-7번지
11740,10700,0,0275,0014,,,일반건축물,단독주택,주택,0,98.91,131.8,19800621,1,1,서울특별시 강동구 암사동 275-14번지
11740,10700,0,0275,0015,,,일반건축물,단독주택,주택,0,98.94,131.27,19800502,1,1,서울특별시 강동구 암사동 275-15번지
11740,10700,0,0275,0025,,,일반건축물,단독주택,단독주택,332,109.74,168.76,20041230,2,0,서울특별시 강동구 암사동 275-25번지
11740,10700,0,0275,0034,,,일반건축물,단독주택,주택,0,84.89,115.77,19800328,1,1,서울특별시 강동구 암사동 275-34번지
11740,10700,0,0275,0040,,,일반건축물,단독주택,단독주택,341,137.62,196.39,20070307,2,0,서울특별시 강동구 암사동 275-40번지
11740,10700,0,0276,0000,,,일반건축물,단독주택,주택,0,72.73,72.73,,1,0,서울특별시 강동구 암사동 276번지
11740,10700,0,0276,0000,,,일반건축물,단독주택,주택,0,79.34,79.34,,1,0,서울특별시 강동구 암사동 276번지
11740,10700,0,0276,0001,,,일반건축물,단독주택,단독주택,339,145.57,198.79,19971124,1,1,서울특별시 강동구 암사동 276-1번지
11740,10700,0,0276,0003,,,일반건축물,단독주택,다가구주택(2세대),202,100.68,169.66,20130528,2,0,서울특별시 강동구 암사동 276-3번지
11740,10700,0,0276,0005,,,일반건축물,단독주택,다가주주택,328,159.8,343.2,19950120,2,1,서울특별시 강동구 암사동 276-5번지
11740,10700,0,0276,0012,,,일반건축물,단독주택,주택,0,84.96,117.92,19801203,1,1,서울특별시 강동구 암사동 276-12번지
11740,10700,0,0277,0016,,,일반건축물,단독주택,단독주택,138,82.62,162.88,20240627,2,0,서울특별시 강동구 암사동 277-16번지
11740,10700,0,0277,0022,,,일반건축물,단독주택,단독주택,541,124.34,231.75,20051108,1,1,서울특별시 강동구 암사동 277-22번지
11740,10700,0,0277,0023,,,일반건축물,단독주택,주택,342,89.41,174.05,19800620,2,1,서울특별시 강동구 암사동 277-23번지
11740,10700,0,0277,0028,,,일반건축물,단독주택,주택,0,98.91,131.87,19800623,1,1,서울특별시 강동구 암사동 277-28번지
11740,10700,0,0277,0029,,,일반건축물,단독주택,다가구주택,356,177.84,512.66,20190604,2,1,서울특별시 강동구 암사동 277-29번지
11740,10700,0,0277,0032,,,일반건축물,단독주택,단독주택,355,173.81,248.84,20121127,2,0,서울특별시 강동구 암사동 277-32번지
11740,10700,0,0277,0033,,,일반건축물,단독주택,주택,0,98.91,131.87,19800910,1,1,서울특별시 강동구 암사동 277-33번지
11740,10700,0,0279,0000,,,일반건축물,단독주택,주택,0,19.83,19.83,,1,0,서울특별시 강동구 암사동 279번지
11740,10700,0,0279,0000,,,일반건축물,단독주택,주택,0,33.06,33.06,,1,0,서울특별시 강동구 암사동 279번지
11740,10700,0,0279,0000,,,일반건축물,단독주택,주택,0,19.83,19.83,,1,0,서울특별시 강동구 암사동 279번지
11740,10700,0,0279,0000,,,일반건축물,단독주택,주택,0,29.75,29.75,,1,0,서울특별시 강동구 암사동 279번지
11740,10700,0,0279,0000,,,일반건축물,단독주택,주택,0,19.83,19.83,,1,0,서울특별시 강동구 암사동 279번지
11740,10700,0,0280,0015,,,일반건축물,단독주택,다가구주택,659,303.75,781.44,20160523,2,1,서울특별시 강동구 암사동 280-15번지
11740,10700,0,0280,0016,썬랜드,,일반건축물,단독주택,단독주택,330,150.04,230.9,20050608,2,0,서울특별시 강동구 암사동 280-16번지
11740,10700,0,0280,0018,,,일반건축물,단독주택,단독주택,330,172.27,162.09,20060412,1,1,서울특별시 강동구 암사동 280-18번지
11740,10700,0,0280,0027,,,일반건축물,단독주택,단독주택,330,196.71,291.15,20090303,2,1,서울특별시 강동구 암사동 280-27번지
11740,10700,0,0280,0028,,,일반건축물,단독주택,단독주택,328,141.46,197.81,20080115,2,0,서울특별시 강동구 암사동 280-28번지
11740,10700,0,0280,0030,,,일반건축물,단독주택,단독주택,330,141.46,197.02,20080618,2,0,서울특별시 강동구 암사동 280-30번지
11740,10700,0,0280,0031,,,일반건축물,단독주택,단독주택,330,17.54,59.39,20110811,1,1,서울특별시 강동구 암사동 280-31번지
11740,10700,0,0281,0001,,,일반건축물,단독주택,주택,0,33.52,33.52,19811127,1,0,서울특별시 강동구 암사동 281-1번지
11740,10700,0,0281,0003,,,일반건축물,단독주택,주택,0,48.53,48.53,19810519,1,0,서울특별시 강동구 암사동 281-3번지
11740,10700,0,0281,0005,,,일반건축물,단독주택,단독주택,0,89.37,178.74,19810812,1,1,서울특별시 강동구 암사동 281-5번지
11740,10700,0,0281,0007,,,일반건축물,단독주택,주택,0,37.22,37.22,19810519,1,0,서울특별시 강동구 암사동 281-7번지
11740,10700,0,0281,0007,,,일반건축물,단독주택,주택,0,42.12,42.12,19810608,1,0,서울특별시 강동구 암사동 281-7번지
11740,10700,0,0293,0000,,,일반건축물,단독주택,주택,0,19.83,19.83,,1,0,서울특별시 강동구 암사동 293번지
11740,10700,0,0293,0000,,,일반건축물,단독주택,주택,0,39.67,39.67,,1,0,서울특별시 강동구 암사동 293번지
11740,10700,0,0293,0000,,,일반건축물,단독주택,주택,0,19.83,19.83,,1,0,서울특별시 강동구 암사동 293번지
11740,10700,0,0293,0000,,,일반건축물,단독주택,주택,0,52.89,52.89,,1,0,서울특별시 강동구 암사동 293번지
11740,10700,0,0293,0000,,,일반건축물,단독주택,주택,0,23.14,23.14,,1,0,서울특별시 강동구 암사동 293번지
11740,10700,0,0293,0000,,,일반건축물,단독주택,주택,0,29.75,29.75,,1,0,서울특별시 강동구 암사동 293번지
11740,10700,0,0293,0002,,,일반건축물,단독주택,주택,331,122,143.49,19801210,1,1,서울특별시 강동구 암사동 293-2번지
11740,10700,0,0293,0005,,,일반건축물,단독주택,단독주택,199.8,119.61,199.56,19970801,1,1,서울특별시 강동구 암사동 293-5번지
11740,10700,0,0293,0007,,,일반건축물,단독주택,단독주택,350,151.35,299.58,19971111,2,1,서울특별시 강동구 암사동 293-7번지
11740,10700,0,0293,0015,,,일반건축물,단독주택,주택,350,115.8,196.3,19800620,2,1,서울특별시 강동구 암사동 293-15번지
11740,10700,0,0293,0027,,,일반건축물,단독주택,주택,0,98.91,131.87,19800216,1,1,서울특별시 강동구 암사동 293-27번지
11740,10700,0,0293,0030,,,일반건축물,단독주택,단독주택,338,124.07,196.15,20011019,2,1,서울특별시 강동구 암사동 293-30번지
11740,10700,0,0293,0031,,,일반건축물,단독주택,단독주택,342,101.42,168.09,20161026,2,0,서울특별시 강동구 암사동 293-31번지
11740,10700,0,0294,0000,,,일반건축물,단독주택,주택,0,59.5,59.5,,1,0,서울특별시 강동구 암사동 294번지
11740,10700,0,0294,0000,,,일반건축물,단독주택,주택,0,89.26,89.26,,1,0,서울특별시 강동구 암사동 294번지
11740,10700,0,0294,0000,,,일반건축물,단독주택,주택,0,49.59,49.59,,1,0,서울특별시 강동구 암사동 294번지
11740,10700,0,0294,0004,,,일반건축물,단독주택,주택,0,98.55,131.24,19800222,1,1,서울특별시 강동구 암사동 294-4번지
11740,10700,0,0294,0006,,,일반건축물,단독주택,주택,0,98.71,129.59,19800626,1,1,서울특별시 강동구 암사동 294-6번지
11740,10700,0,0295,0002,,,일반건축물,단독주택,주택,0,98.55,131.11,19800308,1,1,서울특별시 강동구 암사동 295-2번지
11740,10700,0,0296,0000,,,일반건축물,단독주택,주택,0,33.06,33.06,,1,0,서울특별시 강동구 암사동 296번지
11740,10700,0,0296,0001,,,일반건축물,단독주택,단독주택,331,196.8,165.71,19971103,1,0,서울특별시 강동구 암사동 296-1번지
11740,10700,0,0296,0002,,,일반건축물,단독주택,단독주택,199.86,118.1,199.92,19960508,1,1,서울특별시 강동구 암사동 296-2번지
11740,10700,0,0296,0003,,,일반건축물,단독주택,주택,0,98.91,131.8,19800408,1,1,서울특별시 강동구 암사동 296-3번지
11740,10700,0,0296,0004,,,일반건축물,단독주택,주택,0,98.71,129.59,19800408,1,1,서울특별시 강동구 암사동 296-4번지
11740,10700,0,0297,0000,,,일반건축물,단독주택,주택,0,19.83,19.83,,1,0,서울특별시 강동구 암사동 297번지
11740,10700,0,0297,0000,,,일반건축물,단독주택,주택,0,19.83,19.83,,1,0,서울특별시 강동구 암사동 297번지
11740,10700,0,0297,0000,,,일반건축물,단독주택,주택,0,23.14,23.14,,1,0,서울특별시 강동구 암사동 297번지
11740,10700,0,0297,0001,,,일반건축물,단독주택,단독주택,650,228.94,431.11,20181204,2,1,서울특별시 강동구 암사동 297-1번지
11740,10700,0,0299,0003,,,일반건축물,단독주택,단독주택,330,165.44,165.44,19980206,1,0,서울특별시 강동구 암사동 299-3번지
11740,10700,0,0299,0004,,,일반건축물,단독주택,단독주택(다가구주택),329,136.88,320.37,20110331,3,0,서울특별시 강동구 암사동 299-4번지
11740,10700,0,0300,0001,,,일반건축물,단독주택,단독주택,189.55,113.23,282.81,19980903,3,0,서울특별시 강동구 암사동 300-1번지
11740,10700,0,0300,0002,가동,,일반건축물,단독주택,주택,0,38.68,38.68,19810529,1,0,서울특별시 강동구 암사동 300-2번지
11740,10700,0,0300,0002,나동,,일반건축물,공장,공장,0,234.25,234.25,19690112,1,0,서울특별시 강동구 암사동 300-2번지
11740,10700,0,0300,0004,,,일반건축물,단독주택,단독주택,0,10.98,10.98,19810529,1,0,서울특별시 강동구 암사동 300-4번지
11740,10700,0,0341,0000,,,일반건축물,제2종근린생활시설,일반음식점,330,197.92,231.96,20201209,3,0,서울특별시 강동구 암사동 341번지
11740,10700,0,0365,0000,,,일반건축물,단독주택,주택,0,33.06,33.06,,1,0,서울특별시 강동구 암사동 365번지
11740,10700,0,0400,0000,강동 현대홈타운,,표제부,공동주택,"주차장,관리사무소,문고",0,0,21780.21,20040830,0,2,서울특별시 강동구 암사동 400번지
11740,10700,0,0400,0000,강동 현대홈타운,,표제부,공동주택,"노인정,보육시설",0,147.16,259.56,20040827,2,0,서울특별시 강동구 암사동 400번지
11740,10700,0,0400,0000,강동 현대홈타운,,표제부,공동주택,경비실,0,9,9,20040830,1,0,서울특별시 강동구 암사동 400번지
11740,10700,0,0400,0000,강동 현대홈타운,,표제부,공동주택,공동주택(아파트),0,263.29,5587.4,20040827,25,0,서울특별시 강동구 암사동 400번지
11740,10700,0,0400,0000,강동 현대홈타운,,표제부,공동주택,공동주택(아파트),0,526.58,11174.8,20040827,25,0,서울특별시 강동구 암사동 400번지
11740,10700,0,0400,0000,강동 현대홈타운,,표제부,공동주택,통합경비실,0,33.12,33.12,20040830,1,0,서울특별시 강동구 암사동 400번지
11740,10700,0,0400,0000,강동 현대홈타운,,표제부,공동주택,공동주택(아파트),0,201.03,3195.92,20040827,19,0,서울특별시 강동구 암사동 400번지
11740,10700,0,0400,0000,강동 현대홈타운,,표제부,공동주택,공동주택(아파트),0,353.98,7090.15,20040827,25,0,서울특별시 강동구 암사동 400번지
11740,10700,0,0400,0000,강동 현대홈타운,,표제부,공동주택,공동주택(아파트),0,402.06,7064.16,20040827,21,0,서울특별시 강동구 암사동 400번지
11740,10700,0,0400,0000,강동 현대홈타운,,표제부,공동주택,"기계실,전기실,발전기실,주민공동시설",0,0,659.32,20040830,0,2,서울특별시 강동구 암사동 400번지
11740,10700,0,0400,0000,강동 현대홈타운,,표제부,공동주택,공동주택(아파트),0,353.98,7090.15,20040827,25,0,서울특별시 강동구 암사동 400번지
11740,10700,0,0400,0000,강동 현대홈타운,,표제부,공동주택,공동주택(아파트),0,263.29,5587.4,20040827,25,0,서울특별시 강동구 암사동 400번지
11740,10700,0,0400,0000,강동 현대홈타운,,표제부,공동주택,경비실,0,9,9,20040830,1,0,서울특별시 강동구 암사동 400번지
11740,10700,0,0400,0000,강동 현대홈타운,,표제부,공동주택,공동주택(아파트),0,263.29,5587.4,20040827,25,0,서울특별시 강동구 암사동 400번지
11740,10700,0,0400,0000,강동 현대홈타운,,표제부,공동주택,공동주택(아파트),0,526.58,10770.4,20040827,25,0,서울특별시 강동구 암사동 400번지
11740,10700,0,0400,0005,강동 현대홈타운,,표제부,제2종근린생활시설,제2종근린생활시설,990,419.73,1701.88,20040827,3,1,서울특별시 강동구 암사동 400-5번지
11740,10700,0,0401,0000,,,일반건축물,단독주택,주택,0,19.83,19.83,,1,0,서울특별시 강동구 암사동 401번지
11740,10700,0,0402,0000,,,일반건축물,단독주택,주택,0,23.14,23.14,,1,0,서울특별시 강동구 암사동 402번지
11740,10700,0,0407,0000,,,일반건축물,단독주택,주택,0,26.45,26.45,,1,0,서울특별시 강동구 암사동 407번지
11740,10700,0,0413,0000,프라이어 팰리스,,표제부,공동주택,공동주택(아파트),0,557.61,10992.14,20070709,25,0,서울특별시 강동구 암사동 413번지
11740,10700,0,0413,0000,프라이어 팰리스,,표제부,공동주택,공동주택(아파트),0,342.67,6279.68,20070709,22,0,서울특별시 강동구 암사동 413번지
11740,10700,0,0413,0000,프라이어 팰리스,,표제부,공동주택,공동주택(아파트),0,514.62,12973.55,20070709,30,0,서울특별시 강동구 암사동 413번지
11740,10700,0,0413,0000,프라이어 팰리스,,표제부,공동주택,공동주택(아파트),0,384.63,6766.81,20070709,22,0,서울특별시 강동구 암사동 413번지
11740,10700,0,0413,0000,프라이어 팰리스,,표제부,공동주택,"지하주차장,펌프실,전기실,기계실",0,0,80600.42,20070709,0,2,서울특별시 강동구 암사동 413번지
11740,10700,0,0413,0000,프라이어 팰리스,,표제부,공동주택,"노인정,관리사무소,보육시설,주민공동시설,문고",0,379.85,1134.43,20070709,3,0,서울특별시 강동구 암사동 413번지
11740,10700,0,0413,0000,프라이어 팰리스,,표제부,공동주택,공동주택(아파트),0,287.37,5598.6,20070709,25,0,서울특별시 강동구 암사동 413번지
11740,10700,0,0413,0000,프라이어 팰리스,,표제부,공동주택,공동주택(아파트),0,342.67,6279.68,20070709,22,0,서울특별시 강동구 암사동 413번지
11740,10700,0,0413,0000,프라이어 팰리스,,표제부,공동주택,공동주택(아파트),0,342.67,7134.5,20070709,25,0,서울특별시 강동구 암사동 413번지
11740,10700,0,0413,0000,프라이어 팰리스,,표제부,공동주택,경비실,0,20.6,20.6,20070709,1,0,서울특별시 강동구 암사동 413번지
11740,10700,0,0413,0000,프라이어 팰리스,,표제부,공동주택,공동주택(아파트),0,330.25,6147.54,20070709,22,0,서울특별시 강동구 암사동 413번지
11740,10700,0,0413,0000,프라이어 팰리스,,표제부,공동주택,공동주택(아파트),0,557.64,10992.14,20070709,25,0,서울특별시 강동구 암사동 413번지
11740,10700,0,0413,0000,프라이어 팰리스,,표제부,공동주택,공동주택(아파트),0,342.67,7134.5,20070709,25,0,서울특별시 강동구 암사동 413번지
11740,10700,0,0413,0000,프라이어 팰리스,,표제부,공동주택,경비실,0,20.6,20.6,20070709,1,0,서울특별시 강동구 암사동 413번지
11740,10700,0,0413,0000,프라이어 팰리스,,표제부,공동주택,공동주택(아파트),0,384.63,5824.642,20070709,19,0,서울특별시 강동구 암사동 413번지
11740,10700,0,0413,0000,프라이어 팰리스,,표제부,공동주택,공동주택(아파트),0,287.37,3810.57,20070709,17,0,서울특별시 강동구 암사동 413번지
11740,10700,0,0413,0000,프라이어 팰리스,,표제부,공동주택,공동주택(아파트),0,574.75,9856.18,20070709,22,0,서울특별시 강동구 암사동 413번지
11740,10700,0,0413,0000,프라이어 팰리스,,표제부,공동주택,공동주택(아파트),0,332.21,7002.36,20070709,25,0,서울특별시 강동구 암사동 413번지
11740,10700,0,0413,0000,프라이어 팰리스,,표제부,공동주택,경비실,0,20.6,20.6,20070709,1,0,서울특별시 강동구 암사동 413번지
11740,10700,0,0413,0000,프라이어 팰리스,,표제부,공동주택,공동주택(아파트),0,384.63,6766.81,20070709,22,0,서울특별시 강동구 암사동 413번지
11740,10700,0,0413,0000,프라이어 팰리스,,표제부,공동주택,공동주택(아파트),0,514.62,12973.55,20070709,30,0,서울특별시 강동구 암사동 413번지
11740,10700,0,0413,0000,프라이어 팰리스,,표제부,공동주택,공동주택(아파트),0,514.62,12973.55,20070709,30,0,서울특별시 강동구 암사동 413번지
11740,10700,0,0413,0000,프라이어 팰리스,,표제부,공동주택,공동주택(아파트),0,342.67,7134.5,20070709,25,0,서울특별시 강동구 암사동 413번지
11740,10700,0,0413,0000,프라이어 팰리스,,표제부,공동주택,공동주택(아파트),0,342.67,7134.5,20070709,25,0,서울특별시 강동구 암사동 413번지
11740,10700,0,0413,0000,프라이어 팰리스,,표제부,공동주택,공동주택(아파트),0,576.73,10526.69,20070709,25,0,서울특별시 강동구 암사동 413번지
11740,10700,0,0413,0000,프라이어 팰리스,,표제부,공동주택,공동주택(아파트),0,384.63,6766.81,20070709,22,0,서울특별시 강동구 암사동 413번지
11740,10700,0,0413,0000,프라이어 팰리스,,표제부,공동주택,공동주택(아파트),0,514.62,10780.29,20070709,25,0,서울특별시 강동구 암사동 413번지
11740,10700,0,0413,0003,현대 대림아파트,,표제부,공동주택,"제1,2종근린생활시설 외2",0,949.57,5590.45,20070709,4,2,서울특별시 강동구 암사동 413-3번지
11740,10700,0,0414,0002,강동 롯데캐슬퍼스트아파트,,표제부,공동주택,공동주택(아파트),0,671.5,13543.57,20080925,28,0,서울특별시 강동구 암사동 414-2번지
11740,10700,0,0414,0002,강동 롯데캐슬퍼스트아파트,,표제부,공동주택,공동주택(아파트),0,341.61,7822.83,20080925,31,0,서울특별시 강동구 암사동 414-2번지
11740,10700,0,0414,0002,강동 롯데캐슬퍼스트아파트,,표제부,공동주택,공동주택(아파트),0,341.61,7352.36,20080925,30,0,서울특별시 강동구 암사동 414-2번지
11740,10700,0,0414,0002,강동 롯데캐슬퍼스트아파트,,표제부,공동주택,공동주택(아파트),0,671.5,15469.66,20080925,31,0,서울특별시 강동구 암사동 414-2번지
11740,10700,0,0414,0002,강동 롯데캐슬퍼스트아파트,,표제부,공동주택,공동주택(아파트),0,671.5,16497,20080925,33,0,서울특별시 강동구 암사동 414-2번지
11740,10700,0,0414,0002,강동 롯데캐슬퍼스트아파트,,표제부,공동주택,공동주택(아파트),0,439.24,10192,20080925,32,0,서울특별시 강동구 암사동 414-2번지
11740,10700,0,0414,0002,강동 롯데캐슬퍼스트아파트,,표제부,공동주택,공동주택(아파트),0,338.61,7955.58,20080925,30,0,서울특별시 강동구 암사동 414-2번지
11740,10700,0,0414,0002,강동 롯데캐슬퍼스트아파트,,표제부,공동주택,공동주택(아파트),0,331.23,7197.18,20080925,28,0,서울특별시 강동구 암사동 414-2번지
11740,10700,0,0414,0002,강동 롯데캐슬퍼스트아파트,,표제부,공동주택,공동주택(아파트),0,331.23,7727.1,20080925,30,0,서울특별시 강동구 암사동 414-2번지
11740,10700,0,0414,0002,강동 롯데캐슬퍼스트아파트,,표제부,공동주택,공동주택(아파트),0,644.59,16307.18,20080925,34,0,서울특별시 강동구 암사동 414-2번지
11740,10700,0,0414,0002,강동 롯데캐슬퍼스트아파트,,일반건축물,공동주택,비상급수시설,0,14,14,20080925,1,0,서울특별시 강동구 암사동 414-2번지
11740,10700,0,0414,0002,강동 롯데캐슬퍼스트아파트,,표제부,공동주택,공동주택(아파트),0,671.5,17010.67,20080925,34,0,서울특별시 강동구 암사동 414-2번지
11740,10700,0,0414,0002,강동 롯데캐슬퍼스트아파트,,표제부,공동주택,공동주택(아파트),0,439.24,8845.92,20080925,28,0,서울특별시 강동구 암사동 414-2번지
11740,10700,0,0414,0002,강동 롯데캐슬퍼스트아파트,,표제부,공동주택,공동주택(아파트),0,341.61,6833.55,20080925,28,0,서울특별시 강동구 암사동 414-2번지
11740,10700,0,0414,0002,강동 롯데캐슬퍼스트아파트,,표제부,공동주택,공동주택(아파트),0,671.5,17010.67,20080925,34,0,서울특별시 강동구 암사동 414-2번지
11740,10700,0,0414,0002,강동 롯데캐슬퍼스트아파트,,표제부,공동주택,공동주택(아파트),0,361.46,8177.76,20080925,29,0,서울특별시 강동구 암사동 414-2번지
11740,10700,0,0414,0002,강동 롯데캐슬퍼스트아파트,,표제부,공동주택,공동주택(아파트),0,513.65,11910.43,20080925,30,0,서울특별시 강동구 암사동 414-2번지
11740,10700,0,0414,0002,강동 롯데캐슬퍼스트아파트,,표제부,공동주택,공동주택(아파트),0,370.48,8724.93,20080925,30,0,서울특별시 강동구 암사동 414-2번지
11740,10700,0,0414,0002,강동 롯데캐슬퍼스트아파트,,표제부,공동주택,공동주택(아파트),0,341.61,6056.28,20080925,25,0,서울특별시 강동구 암사동 414-2번지
11740,10700,0,0414,0002,강동 롯데캐슬퍼스트아파트,,표제부,노유자시설,노유자시설(유치원),0,478.62,1219.05,20080925,2,1,서울특별시 강동구 암사동 414-2번지
11740,10700,0,0414,0002,강동 롯데캐슬퍼스트아파트,,표제부,공동주택,공동주택(아파트),0,341.61,7352.36,20080925,30,0,서울특별시 강동구 암사동 414-2번지
11740,10700,0,0414,0002,강동 롯데캐슬퍼스트아파트,,표제부,공동주택,공동주택(아파트),0,361.46,8177.76,20080925,29,0,서울특별시 강동구 암사동 414-2번지
11740,10700,0,0414,0002,강동 롯데캐슬퍼스트아파트,,표제부,공동주택,경비동,0,27.38,26.28,20080925,1,0,서울특별시 강동구 암사동 414-2번지
11740,10700,0,0414,0002,강동 롯데캐슬퍼스트아파트,,표제부,공동주택,공동주택(아파트),0,341.61,7610.82,20080925,31,0,서울특별시 강동구 암사동 414-2번지
11740,10700,0,0414,0002,강동 롯데캐슬퍼스트아파트,,표제부,공동주택,공동주택(아파트),0,361.46,7306.17,20080925,26,0,서울특별시 강동구 암사동 414-2번지
11740,10700,0,0414,0002,강동 롯데캐슬퍼스트아파트,,표제부,공동주택,공동주택(아파트),0,644.59,16307.18,20080925,34,0,서울특별시 강동구 암사동 414-2번지
11740,10700,0,0414,0002,강동 롯데캐슬퍼스트아파트,,표제부,공동주택,공동주택(아파트),0,361.46,8177.76,20080925,29,0,서울특별시 강동구 암사동 414-2번지
11740,10700,0,0414,0002,강동 롯데캐슬퍼스트아파트,,표제부,공동주택,공동주택(아파트),0,439.24,10721.34,20080925,33,0,서울특별시 강동구 암사동 414-2번지
11740,10700,0,0414,0002,강동 롯데캐슬퍼스트아파트,,표제부,공동주택,공동주택(아파트),0,439.24,10721.34,20080925,33,0,서울특별시 강동구 암사동 414-2번지
11740,10700,0,0414,0002,강동 롯데캐슬퍼스트아파트,,표제부,공동주택,공동주택(아파트),0,418.18,9653.8,20080925,30,0,서울특별시 강동구 암사동 414-2번지
11740,10700,0,0414,0002,강동 롯데캐슬퍼스트아파트,,표제부,공동주택,비상급수시설,0,14,14,20080925,1,0,서울특별시 강동구 암사동 414-2번지
11740,10700,0,0414,0002,강동 롯데캐슬퍼스트아파트,,표제부,공동주택,경비동,0,27.38,26.28,20080925,1,0,서울특별시 강동구 암사동 414-2번지
11740,10700,0,0414,0002,강동 롯데캐슬퍼스트아파트,,표제부,공동주택,공동주택(아파트),0,341.61,7610.82,20080925,31,0,서울특별시 강동구 암사동 414-2번지
11740,10700,0,0414,0002,강동 롯데캐슬퍼스트아파트,,표제부,공동주택,공동주택(아파트),0,341.61,6527.38,20080925,26,0,서울특별시 강동구 암사동 414-2번지
11740,10700,0,0414,0002,강동 롯데캐슬퍼스트아파트,,표제부,공동주택,공동주택(아파트),0,370.48,8724.93,20080925,30,0,서울특별시 강동구 암사동 414-2번지
11740,10700,0,0414,0002,강동 롯데캐슬퍼스트아파트,,표제부,공동주택,공동주택(아파트),0,370.48,8724.93,20080925,30,0,서울특별시 강동구 암사동 414-2번지
11740,10700,0,0414,0002,강동 롯데캐슬퍼스트아파트,,표제부,공동주택,공동주택(아파트),0,338.61,6365.94,20080925,24,0,서울특별시 강동구 암사동 414-2번지
11740,10700,0,0414,0002,강동 롯데캐슬퍼스트아파트,,표제부,공동주택,공동주택(아파트),0,338.61,7690.64,20080925,29,0,서울특별시 강동구 암사동 414-2번지
11740,10700,0,0414,0002,강동 롯데캐슬퍼스트아파트,,표제부,공동주택,"지하주차장,전기실,발전기실,중앙감시실,CO2실,펌프실",0,0,164923.22,20080925,0,2,서울특별시 강동구 암사동 414-2번지
11740,10700,0,0414,0002,강동 롯데캐슬퍼스트아파트,,표제부,공동주택,공동주택(아파트),0,671.5,16497,20080925,33,0,서울특별시 강동구 암사동 414-2번지
11740,10700,0,0414,0002,강동 롯데캐슬퍼스트아파트,,표제부,공동주택,공동주택(아파트),0,418.18,9130.28,20080925,28,0,서울특별시 강동구 암사동 414-2번지
11740,10700,0,0414,0002,강동 롯데캐슬퍼스트아파트,,표제부,공동주택,공동주택(아파트),0,418.18,8120.63,20080925,25,0,서울특별시 강동구 암사동 414-2번지
11740,10700,0,0414,0002,강동 롯데캐슬퍼스트아파트,,표제부,공동주택,공동주택(아파트),0,338.61,7690.64,20080925,29,0,서울특별시 강동구 암사동 414-2번지
11740,10700,0,0414,0002,강동 롯데캐슬퍼스트아파트,,표제부,공동주택,공동주택(아파트),0,439.24,10817.75,20080925,33,0,서울특별시 강동구 암사동 414-2번지
11740,10700,0,0414,0002,강동 롯데캐슬퍼스트아파트,,표제부,공동주택,경비동,0,27.38,26.28,20080925,1,0,서울특별시 강동구 암사동 414-2번지
11740,10700,0,0414,0002,강동 롯데캐슬퍼스트아파트,,표제부,공동주택,공동주택(아파트),0,671.5,12387.64,20080925,25,0,서울특별시 강동구 암사동 414-2번지
11740,10700,0,0414,0002,강동 롯데캐슬퍼스트아파트,,표제부,공동주택,공동주택(아파트),0,295.95,6806.91,20080925,30,0,서울특별시 강동구 암사동 414-2번지
11740,10700,0,0414,0002,강동 롯데캐슬퍼스트아파트,,표제부,공동주택,"관리사무소,주민공동시설,경로당,보육시설",0,921.65,1625.48,20080925,1,1,서울특별시 강동구 암사동 414-2번지
11740,10700,0,0414,0017,강일중학교,,일반건축물,교육연구시설,교육연구시설,6000,2585.94,11196.12,20090228,6,1,서울특별시 강동구 암사동 414-17번지
11740,10700,0,0414,0018,강동 롯데캐슬퍼스트아파트,,표제부,판매시설,"판매시설,근린생활시설,교육연구시설,업무시설",0,2530.61,23904.82,20080925,5,3,서울특별시 강동구 암사동 414-18번지
11740,10700,0,0414,0023,,,일반건축물,단독주택,단독주택,0,40.77,125.33,19891004,2,1,서울특별시 강동구 암사동 414-23번지
11740,10700,0,0416,0012,,,일반건축물,제1종근린생활시설,"근린생활시설, 노유자시설, 다가구형단독주택(5가구)",377.7,182.51,730.04,19830730,3,1,서울특별시 강동구 암사동 416-12번지
11740,10700,0,0418,0018,서울명일초등학교,,일반건축물,교육연구시설,교육연구시설,0,688.61,1561.62,19991228,2,1,서울특별시 강동구 암사동 418-18번지
11740,10700,0,0418,0018,서울명일초등학교,,일반건축물,창고시설,창고,0,36,36,19800603,1,0,서울특별시 강동구 암사동 418-18번지
11740,10700,0,0418,0018,서울명일초등학교,,일반건축물,교육연구시설,교육연구시설,16206,1204.77,2167.42,19970215,2,0,서울특별시 강동구 암사동 418-18번지
11740,10700,0,0418,0018,서울명일초등학교,,일반건축물,창고시설,창고,0,36,36,19800603,1,0,서울특별시 강동구 암사동 418-18번지
11740,10700,0,0418,0018,서울명일초등학교,,일반건축물,창고시설,창고,0,24,24,19800603,1,0,서울특별시 강동구 암사동 418-18번지
11740,10700,0,0418,0018,서울명일초등학교,,일반건축물,창고시설,창고,0,36,36,19800603,1,0,서울특별시 강동구 암사동 418-18번지
11740,10700,0,0418,0018,서울명일초등학교,,일반건축물,운동시설,무용실,0,140.8,140.8,19800603,1,0,서울특별시 강동구 암사동 418-18번지
11740,10700,0,0418,0018,서울명일초등학교,,일반건축물,교육연구시설,교육연구시설,16206,641.66,3063.37,19970215,5,0,서울특별시 강동구 암사동 418-18번지
11740,10700,0,0418,0018,서울명일초등학교,,일반건축물,교육연구시설,교육연구시설,0,1427.05,4781.28,19970215,4,0,서울특별시 강동구 암사동 418-18번지
11740,10700,0,0418,0018,서울명일초등학교,,일반건축물,창고시설,창고,0,5.88,5.88,19800603,1,0,서울특별시 강동구 암사동 418-18번지
11740,10700,0,0418,0019,,,표제부,공동주택,연립주택,530,257.28,1214.6,19961005,4,1,서울특별시 강동구 암사동 418-19번지
11740,10700,0,0418,0022,,,표제부,공동주택,"공동주택(다세대),근생",657,323.28,1991.66,20160427,7,2,서울특별시 강동구 암사동 418-22번지
11740,10700,0,0419,0000,암사동한솔아파트,,표제부,공동주택,아파트,0,228.43,2658.09,20020129,14,0,서울특별시 강동구 암사동 419번지
11740,10700,0,0419,0000,암사동한솔아파트,,표제부,공동주택,아파트,0,228.43,2449.77,20020129,13,0,서울특별시 강동구 암사동 419번지
11740,10700,0,0419,0000,암사동한솔아파트,,표제부,공동주택,아파트,0,615.83,6525.57,20020129,12,0,서울특별시 강동구 암사동 419번지
11740,10700,0,0419,0000,암사동한솔아파트,,표제부,공동주택,아파트,0,956.09,10894.98,20020129,13,0,서울특별시 강동구 암사동 419번지
11740,10700,0,0420,0002,,,일반건축물,제1종근린생활시설,근린생활시설,141,19.2,38.4,20020122,2,0,서울특별시 강동구 암사동 420-2번지
11740,10700,0,0420,0002,,,일반건축물,단독주택,단독주택,145,65.12,174.42,19890527,2,1,서울특별시 강동구 암사동 420-2번지
11740,10700,0,0420,0020,,,일반건축물,단독주택,단독주택,136,67.59,206.55,19890828,2,1,서울특별시 강동구 암사동 420-20번지
11740,10700,0,0420,0021,,,일반건축물,단독주택,단독주택,132,65.325,187.58,19901213,2,1,서울특별시 강동구 암사동 420-21번지
11740,10700,0,0420,0022,,,일반건축물,단독주택,단독주택,0,64.02,200.86,19871119,2,1,서울특별시 강동구 암사동 420-22번지
11740,10700,0,0421,0000,케이집쎄븐,,표제부,공동주택,도시형생활주택,241,144.56,481.65,20180517,6,0,서울특별시 강동구 암사동 421번지
11740,10700,0,0421,0001,,,일반건축물,단독주택,다가구용 단독주택,212,119.71,419.62,19960329,3,1,서울특별시 강동구 암사동 421-1번지
11740,10700,0,0421,0002,헤렌하우스,,표제부,공동주택,공동주택(도시형생활주택-단지형다세대),285,170.21,569.75,20160328,6,0,서울특별시 강동구 암사동 421-2번지
11740,10700,0,0421,0004,,,일반건축물,제1종근린생활시설,"근린생활시설, 주택",129,77.36,225.18,19940902,2,1,서울특별시 강동구 암사동 421-4번지
11740,10700,0,0421,0005,,,표제부,공동주택,다세대주택,286,130.44,649.8,19911118,4,1,서울특별시 강동구 암사동 421-5번지
11740,10700,0,0421,0006,,,일반건축물,제1종근린생활시설,"다방, 사무실, 부동산중개업소, 소매점",0,118.18,374.61,19761015,3,1,서울특별시 강동구 암사동 421-6번지
11740,10700,0,0421,0006,,,일반건축물,제2종근린생활시설,제2종근린생활시설(일반음식점),0,73.02,141.98,19761015,2,1,서울특별시 강동구 암사동 421-6번지
11740,10700,0,0421,0007,,,일반건축물,제2종근린생활시설,"근린생활시설,주택",0,95.01,216.7,19700620,2,1,서울특별시 강동구 암사동 421-7번지
11740,10700,0,0421,0007,,,일반건축물,단독주택,주택,0,43.89,140.15,19881014,2,1,서울특별시 강동구 암사동 421-7번지
11740,10700,0,0421,0008,,,일반건축물,제1종근린생활시설,"근린생활시설, 주택",0,189.66,837.18,19871201,4,1,서울특별시 강동구 암사동 421-8번지
11740,10700,0,0421,0010,,,일반건축물,단독주택,"근린생활시설, 주택",182,90.9,445.16,19930522,4,1,서울특별시 강동구 암사동 421-10번지
11740,10700,0,0421,0011,,,일반건축물,단독주택,다가구용단독주택(11가구),195,114.28,389.52,19921216,3,1,서울특별시 강동구 암사동 421-11번지
11740,10700,0,0421,0012,,,표제부,공동주택,다세대주택,360,131.96,656.44,19920521,4,1,서울특별시 강동구 암사동 421-12번지
11740,10700,0,0421,0013,에코빌,,표제부,공동주택,다세대주택 및 근린생활시설,417,219.6,732.49,20090119,5,0,서울특별시 강동구 암사동 421-13번지
11740,10700,0,0421,0017,,,일반건축물,단독주택,"다가구주택(3가구), 근린생활시설",162,96.33,315.21,20090917,4,0,서울특별시 강동구 암사동 421-17번지
11740,10700,0,0421,0018,,,일반건축물,단독주택,"근린생활시설, 주택",186,106.6,534.88,19910131,4,1,서울특별시 강동구 암사동 421-18번지
11740,10700,0,0421,0022,,,일반건축물,제1종근린생활시설,"근린생활시설, 주택",0,89.01,345.64,19860605,3,1,서울특별시 강동구 암사동 421-22번지
11740,10700,0,0421,0023,,,일반건축물,제1종근린생활시설,"목욕탕, 점포",0,169.02,478.34,19801129,2,1,서울특별시 강동구 암사동 421-23번지
11740,10700,0,0421,0024,미소가,,표제부,공동주택,도시형생활주택(10세대/1호),255.35,151.86,436.38,20130712,5,0,서울특별시 강동구 암사동 421-24번지
11740,10700,0,0421,0025,,,일반건축물,단독주택,"근린생활시설, 주택",196,117.45,713.9,19980428,6,1,서울특별시 강동구 암사동 421-25번지
11740,10700,0,0421,0026,,,일반건축물,제1종근린생활시설,"근린생활시설, 단독주택",179,105.64,490.96,19960907,4,1,서울특별시 강동구 암사동 421-26번지
11740,10700,0,0421,0029,,,표제부,공동주택,공동주택(다세대주택),264,158.18,638.47,20011029,5,0,서울특별시 강동구 암사동 421-29번지
11740,10700,0,0421,0030,,,표제부,공동주택,공동주택,172,102.35,416.15,20020522,5,0,서울특별시 강동구 암사동 421-30번지
11740,10700,0,0421,0032,엘림하우스,,표제부,공동주택,공동주택(도시형생활주택-단지형다세대),763,150.39,513.06,20170420,5,0,서울특별시 강동구 암사동 421-32번지
11740,10700,0,0421,0032,엘림하우스,,표제부,공동주택,공동주택(도시형생활주택-단지형다세대),763,121.11,483.36,20170420,5,0,서울특별시 강동구 암사동 421-32번지
11740,10700,0,0421,0032,엘림하우스,,표제부,공동주택,공동주택(도시형생활주택-단지형다세대),763,152,528.34,20170420,5,0,서울특별시 강동구 암사동 421-32번지
11740,10700,0,0421,0047,샤인트리움,,표제부,공동주택,도시형생활주택(단지형다세대),267,160.17,578.4,20210901,6,1,서울특별시 강동구 암사동 421-47번지
11740,10700,0,0421,0048,,,일반건축물,단독주택,단독주택,122,60.81,186.33,19890710,2,1,서울특별시 강동구 암사동 421-48번지
11740,10700,0,0421,0049,,,일반건축물,단독주택,단독주택,0,60.96,186.78,19861107,2,1,서울특별시 강동구 암사동 421-49번지
11740,10700,0,0421,0050,,,일반건축물,단독주택,다가구용단독주택(6세대),137.66,81.52,243.24,19910919,2,1,서울특별시 강동구 암사동 421-50번지
11740,10700,0,0421,0051,엘림하우스,,표제부,공동주택,공동주택(다세대주택),334.1,195.93,659.76,20160909,5,0,서울특별시 강동구 암사동 421-51번지
11740,10700,0,0421,0053,,,표제부,공동주택,다세대주택,278,165.69,659.96,20021001,5,0,서울특별시 강동구 암사동 421-53번지
11740,10700,0,0421,0056,우노펠리스,,표제부,공동주택,도시형생활주택(단지형다세대),231,133.87,461.98,20181115,6,0,서울특별시 강동구 암사동 421-56번지
11740,10700,0,0421,0058,,,일반건축물,단독주택,단독주택,125,62.37,193.53,19890609,2,1,서울특별시 강동구 암사동 421-58번지
11740,10700,0,0421,0060,그랑밸리,,표제부,공동주택,공동주택,218.43,131.04,436.73,20090925,5,0,서울특별시 강동구 암사동 421-60번지
11740,10700,0,0421,0061,K-PARK,,표제부,공동주택,공동주택(도시형생활주택),533,149.33,549.87,20160531,6,0,서울특별시 강동구 암사동 421-61번지
11740,10700,0,0421,0061,K-PARK,,표제부,공동주택,공동주택(도시형생활주택),533,153.9,514.07,20160531,6,0,서울특별시 강동구 암사동 421-61번지
11740,10700,0,0421,0065,토성하우스,,표제부,공동주택,도시형생활주택(단지형),259.58,132.31,517.83,20150714,6,0,서울특별시 강동구 암사동 421-65번지
11740,10700,0,0421,0067,리츠하우스,,표제부,공동주택,다세대주택,229,136,456.35,20150409,5,0,서울특별시 강동구 암사동 421-67번지
11740,10700,0,0421,0069,,,일반건축물,단독주택,다가구주택,116,57.72,183.69,19890925,2,1,서울특별시 강동구 암사동 421-69번지
11740,10700,0,0421,0070,,,일반건축물,단독주택,단독주택(다가구주택)외1,144.37,82.14,288.36,20040821,4,0,서울특별시 강동구 암사동 421-70번지
11740,10700,0,0421,0071,우주맨션,,표제부,공동주택,다세대주택,162,96.68,403.14,20020604,5,0,서울특별시 강동구 암사동 421-71번지
11740,10700,0,0421,0072,,,일반건축물,단독주택,단독주택,116,56.94,176.48,19880519,2,1,서울특별시 강동구 암사동 421-72번지
11740,10700,0,0421,0073,,,일반건축물,단독주택,다가구용단독주택(3가구),116,66.81,195.43,19910614,2,1,서울특별시 강동구 암사동 421-73번지
11740,10700,0,0421,0074,리츠하우스,,표제부,공동주택,공동주택(도시형생활주택-단지형다세대),232,138.61,462.47,20160308,5,0,서울특별시 강동구 암사동 421-74번지
11740,10700,0,0421,0076,,,일반건축물,단독주택,단독주택,153,76.41,223.29,19870721,2,1,서울특별시 강동구 암사동 421-76번지
11740,10700,0,0421,0093,,,일반건축물,단독주택,단독주택,0,64.45,193.35,19860723,2,1,서울특별시 강동구 암사동 421-93번지
11740,10700,0,0421,0094,,,일반건축물,단독주택,단독주택,0,0,215.52,19860710,2,1,서울특별시 강동구 암사동 421-94번지
11740,10700,0,0421,0098,,,일반건축물,제1종근린생활시설,"근린생활시설, 주택",0,90.14,347.79,19861127,3,1,서울특별시 강동구 암사동 421-98번지
11740,10700,0,0421,0099,,,일반건축물,제2종근린생활시설,근린생활시설,0,89.76,269.28,19850124,2,1,서울특별시 강동구 암사동 421-99번지
11740,10700,0,0421,0100,영진빌딩,,일반건축물,단독주택,"단독주택,제2종근린생활시설",136,78.22,271.75,20181207,5,0,서울특별시 강동구 암사동 421-100번지
11740,10700,0,0421,0102,,,일반건축물,단독주택,"단독주택, 근린생활시설",0,70.84,164.23,19831017,2,1,서울특별시 강동구 암사동 421-102번지
11740,10700,0,0421,0103,,,일반건축물,제1종근린생활시설,제1종근린생활시설 외1,0,43.77,59.97,19740724,1,0,서울특별시 강동구 암사동 421-103번지
11740,10700,0,0421,0119,,,표제부,공동주택,다세대주택,261,124.42,598.9,19920331,4,1,서울특별시 강동구 암사동 421-119번지
11740,10700,0,0421,0136,세림 힐 하우스,,표제부,공동주택,"근생(소매점),다세대주택",0,205.9,719.47,20160316,6,0,서울특별시 강동구 암사동 421-136번지
11740,10700,0,0421,0136,세림 힐 하우스,,표제부,공동주택,공동주택(도시형생활주택-다세대),0,179.9,659.17,20160316,6,0,서울특별시 강동구 암사동 421-136번지
11740,10700,0,0421,0136,세림 힐 하우스,,표제부,공동주택,공동주택(도시형생활주택-다세대),0,179.17,655.17,20160316,6,0,서울특별시 강동구 암사동 421-136번지
11740,10700,0,0421,0137,근린생활시설,,일반건축물,제2종근린생활시설,"제2종근린생활시설(자동차관련시설,사무소)",530,206.64,341.16,20070823,2,0,서울특별시 강동구 암사동 421-137번지
11740,10700,0,0422,0007,,,표제부,공동주택,공동주택,245,140.36,393.66,20240521,5,0,서울특별시 강동구 암사동 422-7번지
11740,10700,0,0422,0010,,,표제부,공동주택,공동주택(다세대주택),314,182.08,659.75,20031029,5,0,서울특별시 강동구 암사동 422-10번지
11740,10700,0,0422,0012,THE NEST,,표제부,공동주택,도시형생활주택(단지형다세대),0,161.22,731.4,20220520,6,2,서울특별시 강동구 암사동 422-12번지
11740,10700,0,0422,0012,THE NEST,,표제부,공동주택,"도시형생활주택(단지형다세대),제1.2종근린생활시설",0,204.02,1389.61,20220520,7,2,서울특별시 강동구 암사동 422-12번지
11740,10700,0,0422,0012,THE NEST,,표제부,공동주택,도시형생활주택(단지형다세대),0,155.94,709.81,20220520,6,2,서울특별시 강동구 암사동 422-12번지
11740,10700,0,0422,0012,THE NEST,,표제부,공동주택,도시형생활주택(단지형다세대),0,137.81,463.3,20220520,5,2,서울특별시 강동구 암사동 422-12번지
11740,10700,0,0422,0017,,,표제부,공동주택,다세대주택,196,117.13,391.35,20080507,5,0,서울특별시 강동구 암사동 422-17번지
11740,10700,0,0422,0026,암사 e-편한세상,,표제부,공동주택,공동주택(아파트),0,867.78,13409.9,20051028,13,1,서울특별시 강동구 암사동 422-26번지
11740,10700,0,0422,0026,암사 e-편한세상,,표제부,공동주택,공동주택(관리사무소/경로당),0,57.5,57.5,20051031,1,0,서울특별시 강동구 암사동 422-26번지
11740,10700,0,0422,0026,암사 e-편한세상,,표제부,공동주택,공동주택(경비실),0,12.12,12.12,20051031,1,0,서울특별시 강동구 암사동 422-26번지
11740,10700,0,0422,0026,암사 e-편한세상,,표제부,공동주택,공동주택(아파트),0,590.62,5324.05,20051028,13,0,서울특별시 강동구 암사동 422-26번지
11740,10700,0,0423,0018,,,일반건축물,단독주택,주택,0,66.64,66.64,19691230,1,0,서울특별시 강동구 암사동 423-18번지
11740,10700,0,0425,0018,,,일반건축물,단독주택,단독주택(다가구주택) 외2,214,106.36,623.24,19921212,5,1,서울특별시 강동구 암사동 425-18번지
11740,10700,0,0425,0022,일우비앤비,,표제부,공동주택,공동주택(도시형생활주택-단지형다세대),310.56,185.97,620.13,20160204,6,0,서울특별시 강동구 암사동 425-22번지
11740,10700,0,0425,0084,,,일반건축물,단독주택,주택,0,55.27,55.27,19711222,1,0,서울특별시 강동구 암사동 425-84번지
11740,10700,0,0425,0166,우성하이츠빌,,표제부,공동주택,공동주택(다세대주택),233,138.93,647.06,20030326,4,1,서울특별시 강동구 암사동 425-166번지
11740,10700,0,0425,0177,암사4동제1경로당,,일반건축물,노유자시설,교육연구및복지시설,167,99.74,173.56,20050603,2,0,서울특별시 강동구 암사동 425-177번지
11740,10700,0,0425,0179,,,일반건축물,제1종근린생활시설,"근린생활시설, 자동차관련시설",1828,368.69,675.92,19920525,2,1,서울특별시 강동구 암사동 425-179번지
11740,10700,0,0425,0179,,,일반건축물,자동차관련시설,자동차관련시설,0,36,36,19850525,1,0,서울특별시 강동구 암사동 425-179번지
11740,10700,0,0425,0179,,,일반건축물,자동차관련시설,자동차관련시설,0,55.88,55.88,19850525,1,0,서울특별시 강동구 암사동 425-179번지
11740,10700,0,0425,0179,,,일반건축물,자동차관련시설,자동차관련시설,0,43.56,43.56,19850525,1,0,서울특별시 강동구 암사동 425-179번지
11740,10700,0,0425,0184,,,일반건축물,단독주택,단독주택,134,66.97,204.01,19860527,2,1,서울특별시 강동구 암사동 425-184번지
11740,10700,0,0425,0185,,,일반건축물,단독주택,주택,0,26.45,26.45,,1,0,서울특별시 강동구 암사동 425-185번지
11740,10700,0,0425,0185,,,일반건축물,단독주택,주택,0,29.75,29.75,,1,0,서울특별시 강동구 암사동 425-185번지
11740,10700,0,0425,0186,,,일반건축물,제1종근린생활시설,"근린생활시설, 단독주택",0,162.84,492.39,19830919,3,1,서울특별시 강동구 암사동 425-186번지
11740,10700,0,0425,0187,,,일반건축물,제2종근린생활시설,위험물저장 및 처리시설,317,188.97,207.12,19941205,2,1,서울특별시 강동구 암사동 425-187번지
11740,10700,0,0425,0193,,,일반건축물,단독주택,단독주택,0,68.88,201.84,19860825,2,1,서울특별시 강동구 암사동 425-193번지
11740,10700,0,0425,0194,,,일반건축물,단독주택,단독주택,0,65.88,202.32,19860719,2,1,서울특별시 강동구 암사동 425-194번지
11740,10700,0,0425,0195,,,일반건축물,단독주택,단독주택,0,0,190.305,19861219,2,1,서울특별시 강동구 암사동 425-195번지
11740,10700,0,0425,0196,,,일반건축물,제1종근린생활시설,"근린생활시설, 주택",0,124.04,491.96,19860812,3,1,서울특별시 강동구 암사동 425-196번지
11740,10700,0,0425,0197,,,일반건축물,제1종근린생활시설,근린생활시설,0,164.09,687.09,19860828,3,1,서울특별시 강동구 암사동 425-197번지
11740,10700,0,0430,0001,,,일반건축물,단독주택,단독주택,116,56.16,141.24,19840526,2,1,서울특별시 강동구 암사동 430-1번지
11740,10700,0,0430,0003,진성드림빌,,표제부,공동주택,다세대주택(8세대),230,131.38,458,20130719,5,0,서울특별시 강동구 암사동 430-3번지
11740,10700,0,0430,0006,리츠하우스,,표제부,공동주택,공동주택(다세대주택),315,188.61,629.23,20170704,5,0,서울특별시 강동구 암사동 430-6번지
11740,10700,0,0430,0008,라인주택,,표제부,공동주택,공동주택(도시형생활주택-단지형다세대),199,108.23,397.78,20160718,6,0,서울특별시 강동구 암사동 430-8번지
11740,10700,0,0430,0009,,,일반건축물,단독주택,단독주택,84,44.64,135.6,19890530,2,1,서울특별시 강동구 암사동 430-9번지
11740,10700,0,0430,0014,원 Arium,,표제부,공동주택,도시형생활주택(단지형다세대),254,148.59,537.76,20200929,6,0,서울특별시 강동구 암사동 430-14번지
11740,10700,0,0430,0015,우노펠리체,,표제부,공동주택,"제1종근린생활시설,도시형생활주택(단지형다세대)",254,151.22,530.83,20210402,6,1,서울특별시 강동구 암사동 430-15번지
11740,10700,0,0431,0000,,,일반건축물,단독주택,주택,0,19.83,19.83,,1,0,서울특별시 강동구 암사동 431번지
11740,10700,0,0431,0001,조은빌,,표제부,공동주택,공동주택,189.78,113.46,379.42,20141030,5,0,서울특별시 강동구 암사동 431-1번지
11740,10700,0,0431,0003,,,일반건축물,단독주택,단독주택,148.57,73.75,224.45,19890711,2,1,서울특별시 강동구 암사동 431-3번지
11740,10700,0,0431,0005,,,일반건축물,단독주택,단독주택,92.76,46.35,141.22,19880322,2,1,서울특별시 강동구 암사동 431-5번지
11740,10700,0,0431,0006,,,표제부,공동주택,연립주택,0,309.015,1236.06,19870715,3,1,서울특별시 강동구 암사동 431-6번지
11740,10700,0,0431,0006,,,표제부,공동주택,연립주택,0,309.015,1236.06,19870715,3,1,서울특별시 강동구 암사동 431-6번지
11740,10700,0,0431,0006,,,표제부,공동주택,연립주택,0,309.015,1236.06,19870715,3,1,서울특별시 강동구 암사동 431-6번지
11740,10700,0,0431,0006,,,표제부,공동주택,연립주택,0,309.015,1236.06,19870715,3,1,서울특별시 강동구 암사동 431-6번지
11740,10700,0,0431,0006,,,표제부,공동주택,연립주택,0,309.015,1236.06,19870715,3,1,서울특별시 강동구 암사동 431-6번지
11740,10700,0,0431,0007,,,일반건축물,단독주택,다가구용단독주택(7가구),148.4,88.33,348.67,19961119,3,1,서울특별시 강동구 암사동 431-7번지
11740,10700,0,0431,0008,,,일반건축물,단독주택,"제1종근린생활시설,다가구주택",161,91.32,246.79,20171120,4,0,서울특별시 강동구 암사동 431-8번지
11740,10700,0,0431,0011,,,일반건축물,단독주택,단독주택,99,49.2,153,19880314,2,1,서울특별시 강동구 암사동 431-11번지
11740,10700,0,0431,0012,신주리버빌,,표제부,공동주택,도시형생활주택(단지형다세대),240.3,142.44,480.5,20170915,6,0,서울특별시 강동구 암사동 431-12번지
11740,10700,0,0431,0014,,,일반건축물,단독주택,단독주택 외2,99,47.36,114.7,19840608,2,1,서울특별시 강동구 암사동 431-14번지
11740,10700,0,0431,0015,,,일반건축물,제1종근린생활시설,"주택, 근린생활시설",0,98.35,190.02,19770625,2,1,서울특별시 강동구 암사동 431-15번지
11740,10700,0,0431,0018,,,일반건축물,단독주택,다가구용단독주택(5가구),99,47.46,142.38,19930716,2,1,서울특별시 강동구 암사동 431-18번지
11740,10700,0,0431,0022,작은도시5,,일반건축물,단독주택,"단독주택,제1종근린생활시설",49.7,29.79,95.51,20170814,4,0,서울특별시 강동구 암사동 431-22번지
11740,10700,0,0431,0024,소대헌,,일반건축물,단독주택,단독주택(다가구주택),148,88.79,270.8,20200730,4,0,서울특별시 강동구 암사동 431-24번지
11740,10700,0,0431,0029,,,표제부,공동주택,공동주택,165,97.46,354.19,20020730,4,0,서울특별시 강동구 암사동 431-29번지
11740,10700,0,0431,0031,,,일반건축물,단독주택,단독주택,92,45.81,142.95,19871219,2,1,서울특별시 강동구 암사동 431-31번지
11740,10700,0,0431,0033,,,일반건축물,단독주택,단독주택,149,65.63,196.89,19891013,2,1,서울특별시 강동구 암사동 431-33번지
11740,10700,0,0432,0001,신우 팰리스 암사,,표제부,공동주택,도시형생활주택(단지형다세대),318,178.68,658.56,20220901,6,1,서울특별시 강동구 암사동 432-1번지
11740,10700,0,0432,0004,,,일반건축물,단독주택,단독주택,144.59,69.3,207.9,19890609,2,1,서울특별시 강동구 암사동 432-4번지
11740,10700,0,0433,0001,,,일반건축물,단독주택,다가구용단독주택(6가구),154.89,88.07,226.33,19930519,2,1,서울특별시 강동구 암사동 433-1번지
11740,10700,0,0433,0002,,,일반건축물,단독주택,단독주택,189,84.57,247.74,19880504,2,1,서울특별시 강동구 암사동 433-2번지
11740,10700,0,0433,0003,,,일반건축물,제1종근린생활시설,"근린생활시설, 주택",0,169.68,947.34,19891229,4,1,서울특별시 강동구 암사동 433-3번지
11740,10700,0,0433,0005,보광빌라,,표제부,공동주택,공동주택(다세대주택),210.5,126.02,524.13,20031107,5,0,서울특별시 강동구 암사동 433-5번지
11740,10700,0,0433,0006,,,일반건축물,단독주택,단독주택(다가구주택),95.6,56.99,196.41,19901227,3,1,서울특별시 강동구 암사동 433-6번지
11740,10700,0,0433,0010,,,일반건축물,단독주택,단독주택,96.82,48.33,153.9,19881004,2,1,서울특별시 강동구 암사동 433-10번지
11740,10700,0,0433,0012,,,일반건축물,단독주택,단독주택(다가구주택),103.64,61.65,159.66,20030807,3,0,서울특별시 강동구 암사동 433-12번지
11740,10700,0,0433,0013,,,일반건축물,단독주택,단독주택,0,53.97,169.14,19871117,2,1,서울특별시 강동구 암사동 433-13번지
11740,10700,0,0433,0014,엘림하우스,,표제부,공동주택,공동주택(다세대주택),342.5,201.48,654.73,20160303,5,0,서울특별시 강동구 암사동 433-14번지
11740,10700,0,0433,0015,,,일반건축물,단독주택,단독주택,182,81.87,245.61,19900129,2,1,서울특별시 강동구 암사동 433-15번지
11740,10700,0,0433,0016,,,일반건축물,제2종근린생활시설,"근린생활시설, 주택",255,122.31,539.69,19910424,4,1,서울특별시 강동구 암사동 433-16번지
11740,10700,0,0433,0017,,,일반건축물,단독주택,단독주택,99,46.62,151.63,19831207,3,1,서울특별시 강동구 암사동 433-17번지
11740,10700,0,0433,0020,리츠하우스,,표제부,공동주택,공동주택(다세대주택),286,168.74,571.78,20150922,5,0,서울특별시 강동구 암사동 433-20번지
11740,10700,0,0433,0021,,,일반건축물,단독주택,"근린생활시설, 주택",0,72,374.4,19901203,4,1,서울특별시 강동구 암사동 433-21번지
11740,10700,0,0433,0022,,,일반건축물,단독주택,"근린생활시설, 주택",0,52.56,163.08,19880512,3,1,서울특별시 강동구 암사동 433-22번지
11740,10700,0,0433,0023,,,일반건축물,단독주택,단독주택,112,55.8,167.4,19891113,2,1,서울특별시 강동구 암사동 433-23번지
11740,10700,0,0433,0024,,,일반건축물,단독주택,단독주택(다가구5),114.36,57.06,171.18,19901213,2,1,서울특별시 강동구 암사동 433-24번지
11740,10700,0,0433,0029,한강그린빌,,표제부,공동주택,다세대주택,258,153.72,522.97,20120531,5,0,서울특별시 강동구 암사동 433-29번지
11740,10700,0,0433,0030,그랑밸리,,표제부,공동주택,다세대주택,219,131.15,437.52,20101208,5,0,서울특별시 강동구 암사동 433-30번지
11740,10700,0,0433,0040,,,일반건축물,단독주택,다가구용단독주택(5가구),122,70.92,199.56,19911227,2,1,서울특별시 강동구 암사동 433-40번지
11740,10700,0,0433,0042,,,일반건축물,단독주택,단독주택,132,65.23,206.96,19880903,2,1,서울특별시 강동구 암사동 433-42번지
11740,10700,0,0433,0043,,,일반건축물,단독주택,단독주택,108,51.85,160.65,19860722,2,1,서울특별시 강동구 암사동 433-43번지
11740,10700,0,0433,0048,,,일반건축물,단독주택,다가구용단독주택(6가구),122,72.32,198,19910830,2,1,서울특별시 강동구 암사동 433-48번지
11740,10700,0,0433,0051,에스디 찬 누리채,,표제부,공동주택,다세대주택(다세대주택),251,150.3,499.34,20120626,5,0,서울특별시 강동구 암사동 433-51번지
11740,10700,0,0433,0053,,,표제부,공동주택,다세대주택,272,162.41,554.29,20110727,5,0,서울특별시 강동구 암사동 433-53번지
11740,10700,0,0433,0054,,,일반건축물,단독주택,단독주택,119,58.86,179.82,19890619,2,1,서울특별시 강동구 암사동 433-54번지
11740,10700,0,0433,0055,,,일반건축물,단독주택,단독주택,119,59.4,177.9,19890522,2,1,서울특별시 강동구 암사동 433-55번지
11740,10700,0,0433,0057,멤버스하임,,표제부,공동주택,도시형생활주택-단지형다세대주택,261,156.42,521.69,20250718,6,0,서울특별시 강동구 암사동 433-57번지
11740,10700,0,0433,0059,토브마스터클레스,,표제부,공동주택,도시형생활주택(단지형다세대),329,196.3,655.84,20220729,6,0,서울특별시 강동구 암사동 433-59번지
11740,10700,0,0433,0061,리치빌,,표제부,공동주택,도시형생활주택(단지형다세대-10),248,136.77,495.68,20150811,6,0,서울특별시 강동구 암사동 433-61번지
11740,10700,0,0433,0063,현대골든파인,,표제부,공동주택,공동주택,256,152.71,511.95,20121113,5,0,서울특별시 강동구 암사동 433-63번지
11740,10700,0,0433,0066,,,일반건축물,단독주택,단독주택,118.17,58.92,180.39,19881104,2,1,서울특별시 강동구 암사동 433-66번지
11740,10700,0,0433,0067,온리유,,표제부,공동주택,다세대주택,274,161.93,547.71,20220706,5,0,서울특별시 강동구 암사동 433-67번지
11740,10700,0,0433,0068,범영하우스,,표제부,공동주택,공동주택(다세대주택),241.55,142.06,481.5,20230526,5,0,서울특별시 강동구 암사동 433-68번지
11740,10700,0,0433,0069,신화에코빌1차,,표제부,공동주택,다세대주택,249.3,145.75,522.47,20200928,5,0,서울특별시 강동구 암사동 433-69번지
11740,10700,0,0433,0074,,,일반건축물,단독주택,단독주택,0,52.61,157.71,19870730,2,1,서울특별시 강동구 암사동 433-74번지
11740,10700,0,0433,0075,,,일반건축물,단독주택,"근린생활시설, 주택",152,75.6,378.48,19900404,4,1,서울특별시 강동구 암사동 433-75번지
11740,10700,0,0433,0076,,,일반건축물,단독주택,"근린생활시설, 주택",166,81.9,335.02,19880819,3,1,서울특별시 강동구 암사동 433-76번지
11740,10700,0,0433,0078,,,일반건축물,단독주택,다가구용단독주택,179,106.83,298.89,19950524,2,1,서울특별시 강동구 암사동 433-78번지
11740,10700,0,0433,0079,,,일반건축물,단독주택,주택,0,52.44,137.88,19821230,2,1,서울특별시 강동구 암사동 433-79번지
11740,10700,0,0433,0080,골드젬,,표제부,공동주택,"제2종근린생활시설,다세대주택",179,107.16,357.62,20180329,5,0,서울특별시 강동구 암사동 433-80번지
11740,10700,0,0433,0083,,,표제부,공동주택,공동주택(다세대주택),140,83.52,306.08,20031117,5,0,서울특별시 강동구 암사동 433-83번지
11740,10700,0,0433,0085,신우휴먼빌 암사2차,,표제부,공동주택,도시형생활주택(원룸형),271,153.64,534.84,20210604,5,0,서울특별시 강동구 암사동 433-85번지
11740,10700,0,0433,0086,리버하임,,일반건축물,단독주택,"단독주택,제2종근린생활시설",112,67.08,223.98,20180427,5,0,서울특별시 강동구 암사동 433-86번지
11740,10700,0,0433,0087,,,표제부,공동주택,공동주택(다세대주택),253.7,142.56,507.18,20160104,6,0,서울특별시 강동구 암사동 433-87번지
11740,10700,0,0433,0089,,,일반건축물,단독주택,단독주택,129,64.2,195.12,19880511,2,1,서울특별시 강동구 암사동 433-89번지
11740,10700,0,0433,0090,에스하임,,표제부,공동주택,다세대주택,278,166.24,554.4,20150209,5,0,서울특별시 강동구 암사동 433-90번지
11740,10700,0,0433,0093,,,일반건축물,제1종근린생활시설,"근린생활시설, 주택",143.31,69.76,289.71,19901022,3,1,서울특별시 강동구 암사동 433-93번지
11740,10700,0,0433,0096,,,일반건축물,단독주택,단독주택,182.5,79.2,237.6,19890620,2,1,서울특별시 강동구 암사동 433-96번지
11740,10700,0,0433,0098,,,일반건축물,단독주택,단독주택,0,62.73,188.19,19831206,2,1,서울특별시 강동구 암사동 433-98번지
11740,10700,0,0433,0103,,,일반건축물,단독주택,단독주택,132,65.17,198.91,19880705,2,1,서울특별시 강동구 암사동 433-103번지
11740,10700,0,0433,0104,흥아아트빌,,표제부,공동주택,다세대주택,166,99.08,329.4,20130821,5,0,서울특별시 강동구 암사동 433-104번지
11740,10700,0,0433,0106,,,일반건축물,단독주택,다가구용단독주택(7가구),182,107.78,412.6,19960924,3,1,서울특별시 강동구 암사동 433-106번지
11740,10700,0,0433,0107,,,일반건축물,단독주택,단독주택,177,82.45,247.35,19901113,2,1,서울특별시 강동구 암사동 433-107번지
11740,10700,0,0433,0108,,,일반건축물,단독주택,단독주택,168,81.86,247.74,19900725,2,1,서울특별시 강동구 암사동 433-108번지
11740,10700,0,0433,0110,,,일반건축물,단독주택,다가구용단독주택(7가구),165,94.45,254.88,19930901,2,1,서울특별시 강동구 암사동 433-110번지
11740,10700,0,0433,0112,,,일반건축물,단독주택,단독주택,170,69.62,200.49,19901116,2,1,서울특별시 강동구 암사동 433-112번지
11740,10700,0,0433,0113,,,일반건축물,단독주택,다가구용단독주택(5가구),125,73.91,206.19,19911207,2,1,서울특별시 강동구 암사동 433-113번지
11740,10700,0,0433,0114,,,일반건축물,단독주택,단독주택,0,82.43,247.29,19900911,2,1,서울특별시 강동구 암사동 433-114번지
11740,10700,0,0433,0115,,,일반건축물,단독주택,다가구용단독주택(10가구),170,101.72,382.67,19931122,3,1,서울특별시 강동구 암사동 433-115번지
11740,10700,0,0433,0116,,,일반건축물,단독주택,단독주택,185,82.41,247.23,19880705,2,1,서울특별시 강동구 암사동 433-116번지
11740,10700,0,0433,0117,,,표제부,공동주택,다세대주택,0,82.08,249.94,19860930,2,1,서울특별시 강동구 암사동 433-117번지
11740,10700,0,0433,0118,,,일반건축물,단독주택,단독주택,167,80.59,233.77,19900621,2,1,서울특별시 강동구 암사동 433-118번지
11740,10700,0,0433,0119,,,일반건축물,단독주택,단독주택,198,85.95,247.29,19900619,2,1,서울특별시 강동구 암사동 433-119번지
11740,10700,0,0433,0121,드림리치빌,,표제부,공동주택,다세대주택,172,103.02,386.48,20100624,5,0,서울특별시 강동구 암사동 433-121번지
11740,10700,0,0433,0123,,,표제부,공동주택,공동주택,179.32,107.34,439.44,20030310,5,0,서울특별시 강동구 암사동 433-123번지
11740,10700,0,0433,0127,샤인트리움,,표제부,공동주택,공동주택(단지형다세대주택),197,117.23,393.18,20181212,5,0,서울특별시 강동구 암사동 433-127번지
11740,10700,0,0433,0129,샤인트리움,,표제부,공동주택,도시형생활주택(단지형다세대주택),237,138.76,473.97,20190122,6,0,서울특별시 강동구 암사동 433-129번지
11740,10700,0,0433,0130,힐하우스,,표제부,공동주택,다세대주택,187,110.35,373.46,20161123,5,0,서울특별시 강동구 암사동 433-130번지
11740,10700,0,0433,0131,샤인트리움,,표제부,공동주택,"공동주택(단지형다세대),제2종근린생활시설",201,118.44,385.15,20181204,5,0,서울특별시 강동구 암사동 433-131번지
11740,10700,0,0433,0132,예본하우스,,표제부,공동주택,공동주택(다세대주택),180.8,105.22,361.19,20150915,5,0,서울특별시 강동구 암사동 433-132번지
11740,10700,0,0434,0002,,,일반건축물,단독주택,단독주택,0,59.43,178.29,19840306,2,1,서울특별시 강동구 암사동 434-2번지
11740,10700,0,0434,0003,,,표제부,공동주택,근린생활시설 및 다세대주택,298,178.78,768.19,20080111,4,1,서울특별시 강동구 암사동 434-3번지
11740,10700,0,0434,0005,,,표제부,공동주택,다세대주택,0,72.55,217.65,19870619,2,1,서울특별시 강동구 암사동 434-5번지
11740,10700,0,0434,0006,,,일반건축물,단독주택,다가구용단독주택(7가구),144.86,83.35,299.8,19960404,3,1,서울특별시 강동구 암사동 434-6번지
11740,10700,0,0434,0007,,,표제부,공동주택,다세대주택,0,108.92,326.76,19860822,2,1,서울특별시 강동구 암사동 434-7번지
11740,10700,0,0434,0008,,,일반건축물,단독주택,단독주택,0,71.46,195.49,19830614,3,1,서울특별시 강동구 암사동 434-8번지
11740,10700,0,0434,0009,,,일반건축물,단독주택,주택,0,47.01,95.37,19791220,2,1,서울특별시 강동구 암사동 434-9번지
11740,10700,0,0434,0012,,,일반건축물,단독주택,"근린생활시설, 주택",182.2,90,476.94,19920214,5,1,서울특별시 강동구 암사동 434-12번지
11740,10700,0,0434,0020,,,표제부,공동주택,다세대주택,0,108.86,326.58,19860805,2,1,서울특별시 강동구 암사동 434-20번지
11740,10700,0,0434,0025,,,일반건축물,단독주택,단독주택,0,59.12,177.36,19840306,2,1,서울특별시 강동구 암사동 434-25번지
11740,10700,0,0434,0026,,,일반건축물,단독주택,다가구용단독주택(10가구),195.98,87.22,329.92,19931129,3,1,서울특별시 강동구 암사동 434-26번지
11740,10700,0,0436,0000,,,일반건축물,단독주택,주택,0,19.83,19.83,,1,0,서울특별시 강동구 암사동 436번지
11740,10700,0,0437,0000,,,일반건축물,단독주택,주택,0,23.14,23.14,,1,0,서울특별시 강동구 암사동 437번지
11740,10700,0,0437,0000,,,일반건축물,단독주택,주택,0,29.75,29.75,,1,0,서울특별시 강동구 암사동 437번지
11740,10700,0,0437,0000,,,일반건축물,단독주택,주택,0,19.83,19.83,,1,0,서울특별시 강동구 암사동 437번지
11740,10700,0,0437,0000,,,일반건축물,단독주택,주택,0,19.83,19.83,,1,0,서울특별시 강동구 암사동 437번지
11740,10700,0,0437,0000,,,일반건축물,단독주택,주택,0,19.83,19.83,,1,0,서울특별시 강동구 암사동 437번지
11740,10700,0,0437,0000,,,일반건축물,단독주택,주택,0,49.59,49.59,,1,0,서울특별시 강동구 암사동 437번지
11740,10700,0,0437,0000,,,일반건축물,단독주택,주택,0,19.83,19.83,,1,0,서울특별시 강동구 암사동 437번지
11740,10700,0,0437,0000,,,일반건축물,단독주택,주택,0,23.14,23.14,,1,0,서울특별시 강동구 암사동 437번지
11740,10700,0,0437,0000,,,일반건축물,단독주택,주택,0,42.98,42.98,,1,0,서울특별시 강동구 암사동 437번지
11740,10700,0,0437,0000,,,일반건축물,단독주택,주택,0,52.89,52.89,,1,0,서울특별시 강동구 암사동 437번지
11740,10700,0,0437,0000,,,일반건축물,단독주택,주택,0,23.14,23.14,,1,0,서울특별시 강동구 암사동 437번지
11740,10700,0,0437,0000,,,일반건축물,단독주택,주택,0,19.83,19.83,,1,0,서울특별시 강동구 암사동 437번지
11740,10700,0,0437,0001,강동아이슐레,,일반건축물,노유자시설,노유자시설,457,273.51,909.97,20070209,4,0,서울특별시 강동구 암사동 437-1번지
11740,10700,0,0437,0003,,,일반건축물,단독주택,단독주택,137.43,54.94,182.64,20071121,3,1,서울특별시 강동구 암사동 437-3번지
11740,10700,0,0437,0004,신우드림빌,,표제부,공동주택,도시형생활주택(단지형다세대주택),296.1,170.98,659.53,20260415,6,0,서울특별시 강동구 암사동 437-4번지
11740,10700,0,0437,0021,,,일반건축물,단독주택,다가구용단독주택(7가구),198,83.28,264.72,19911105,3,1,서울특별시 강동구 암사동 437-21번지
11740,10700,0,0437,0036,,,일반건축물,단독주택,단독주택,0,82.16,181.96,19830601,2,1,서울특별시 강동구 암사동 437-36번지
11740,10700,0,0437,0040,,,일반건축물,단독주택,"단독주택(다가구주택),근린생활시설",79.19,45.94,111.09,20170501,4,0,서울특별시 강동구 암사동 437-40번지
11740,10700,0,0437,0041,,,일반건축물,단독주택,단독주택,177,80.52,177.84,19831229,2,1,서울특별시 강동구 암사동 437-41번지
11740,10700,0,0437,0042,,,일반건축물,단독주택,단독주택,95.3,47.58,148.98,19881228,2,1,서울특별시 강동구 암사동 437-42번지
11740,10700,0,0438,0000,,,표제부,공동주택,"근린생활시설, 다세대주택(7세대)",224,134.06,440.84,20090409,5,0,서울특별시 강동구 암사동 438번지
11740,10700,0,0438,0000,,,일반건축물,단독주택,주택,0,29.75,29.75,,1,0,서울특별시 강동구 암사동 438번지
11740,10700,0,0438,0000,,,일반건축물,단독주택,주택,0,36.36,36.36,,1,0,서울특별시 강동구 암사동 438번지
11740,10700,0,0438,0002,,,일반건축물,단독주택,단독주택,172,83.97,249.81,19841220,2,1,서울특별시 강동구 암사동 438-2번지
11740,10700,0,0438,0004,,,일반건축물,단독주택,단독주택,166,81.59,244.77,19890331,2,1,서울특별시 강동구 암사동 438-4번지
11740,10700,0,0438,0007,,,일반건축물,단독주택,단독주택,0,108.49,249.29,19851120,2,1,서울특별시 강동구 암사동 438-7번지
11740,10700,0,0438,0008,,,표제부,공동주택,다세대주택,0,98.34,295.02,19851120,2,1,서울특별시 강동구 암사동 438-8번지
11740,10700,0,0438,0009,서천빌딩,,일반건축물,단독주택,"단독주택 및 1,2종근린생활시설",238,116.56,585.66,20090603,5,1,서울특별시 강동구 암사동 438-9번지
11740,10700,0,0439,0000,,,일반건축물,단독주택,"근린생활시설, 주택",143.75,82.35,299.77,19970902,4,1,서울특별시 강동구 암사동 439번지
11740,10700,0,0439,0002,,,일반건축물,제1종근린생활시설,"근린생활시설, 단독주택",182,108.7,537.63,19970908,4,1,서울특별시 강동구 암사동 439-2번지
11740,10700,0,0440,0000,,,일반건축물,단독주택,주택,0,0,29.75,,1,0,서울특별시 강동구 암사동 440번지
11740,10700,0,0440,0001,,,일반건축물,교육연구시설,교육연구시설(학원),1158.6,558.56,4354.55,20120420,6,2,서울특별시 강동구 암사동 440-1번지
11740,10700,0,0440,0002,,,일반건축물,단독주택,"근린생활시설, 주택",186.6,111.31,420.42,19991202,4,0,서울특별시 강동구 암사동 440-2번지
11740,10700,0,0440,0003,,,일반건축물,제2종근린생활시설,"종교시설, 근린생활시설, 주택",0,123.8,876.79,19891228,5,2,서울특별시 강동구 암사동 440-3번지
11740,10700,0,0440,0004,대송아파트,,표제부,공동주택,"공동주택,아파트",538.8,255.54,1487.16,20030320,7,0,서울특별시 강동구 암사동 440-4번지
11740,10700,0,0440,0007,풍천 아파트,,표제부,공동주택,"공동주택(아파트),제1종근린생활시설",265.1,122.24,755.17,20030313,7,0,서울특별시 강동구 암사동 440-7번지
11740,10700,0,0441,0000,,,일반건축물,단독주택,주택,0,33.06,33.06,,1,0,서울특별시 강동구 암사동 441번지
11740,10700,0,0441,0000,,,일반건축물,단독주택,주택,0,59.5,59.5,,1,0,서울특별시 강동구 암사동 441번지
11740,10700,0,0441,0000,한강시티라이프,,표제부,업무시설,"업무시설,제1종,2종근린생활시설",1007.3,576.4,4318.34,20031209,6,2,서울특별시 강동구 암사동 441번지
11740,10700,0,0441,0001,다성리버빌아파트,,표제부,공동주택,공동주택,833.4,229.52,2966.42,20001130,12,1,서울특별시 강동구 암사동 441-1번지
11740,10700,0,0441,0002,정산아파트,,표제부,공동주택,"공동주택, 아파트",1499.7,416.02,6193.2,20010831,12,1,서울특별시 강동구 암사동 441-2번지
11740,10700,0,0441,0003,,암사동 441블럭 3노트,표제부,공동주택,"공동주택,아파트",652.1,201.22,2333.95,20020823,14,1,서울특별시 강동구 암사동 441-3번지
11740,10700,0,0441,0004,금강블루주택,,일반건축물,제2종근린생활시설,단독주택,209.1,103.98,542.77,20191212,7,1,서울특별시 강동구 암사동 441-4번지
11740,10700,0,0441,0005,,,일반건축물,제1종근린생활시설,"주택, 점포",0,146.38,407.67,19810326,2,1,서울특별시 강동구 암사동 441-5번지
11740,10700,0,0441,0006,,,일반건축물,제1종근린생활시설,"주택, 점포",0,104.03,221.07,19791229,2,1,서울특별시 강동구 암사동 441-6번지
11740,10700,0,0441,0008,동호아시,,표제부,공동주택,다세대주택,222.2,110.16,408.22,20210304,5,0,서울특별시 강동구 암사동 441-8번지
11740,10700,0,0441,0009,인텍앤컴퍼니,,일반건축물,제1종근린생활시설,근린생활시설,694.9,256.45,1309.92,19980318,5,1,서울특별시 강동구 암사동 441-9번지
11740,10700,0,0441,0010,정산아파트,,표제부,공동주택,"공동주택, 근린생활시설",1004.9,295.23,3843.645,20000905,14,1,서울특별시 강동구 암사동 441-10번지
11740,10700,0,0441,0011,,,표제부,업무시설,"업무시설,근린생활시설",473,206.56,1677.08,20141216,8,2,서울특별시 강동구 암사동 441-11번지
11740,10700,0,0441,0012,효송빌딩,,일반건축물,제2종근린생활시설,제2종근린생활시설,933.3,207.38,365.21,20181227,2,0,서울특별시 강동구 암사동 441-12번지
11740,10700,0,0441,0013,고덕주유소,,일반건축물,자동차관련시설,위험물저장및처리시설,0,120.7,154.81,19830802,1,1,서울특별시 강동구 암사동 441-13번지
11740,10700,0,0441,0013,고덕주유소,,일반건축물,위험물저장및처리시설,위험물저장및처리시설,0,622.06,662.06,19830802,1,0,서울특별시 강동구 암사동 441-13번지
11740,10700,0,0442,0000,라인아파트,,표제부,공동주택,생활편익시설 외1,2675.1,113.24,320.22,19960112,3,0,서울특별시 강동구 암사동 442번지
11740,10700,0,0442,0000,라인아파트,,표제부,공동주택,공동주택(아파트),2675.1,866.63,14119.96,19960112,19,2,서울특별시 강동구 암사동 442번지
11740,10700,0,0442,0001,한강현대아파트,,표제부,공동주택,아파트,0,975.21,17381.21,19990531,27,0,서울특별시 강동구 암사동 442-1번지
11740,10700,0,0442,0001,한강현대아파트,,표제부,공동주택,"생활편익시설,제2종근린생활시설",0,246.11,981.16,19990531,3,1,서울특별시 강동구 암사동 442-1번지
11740,10700,0,0442,0001,한강현대아파트,,표제부,공동주택,"아파트, 주민공동시설",0,1017.57,18315.71,19990531,27,0,서울특별시 강동구 암사동 442-1번지
11740,10700,0,0442,0001,한강현대아파트,,표제부,공동주택,아파트,0,323.16,4324.7,19990531,17,0,서울특별시 강동구 암사동 442-1번지
11740,10700,0,0443,0001,,,일반건축물,단독주택,"근린생활시설, 다가구주택",184.4,109.82,494.7,19980618,4,1,서울특별시 강동구 암사동 443-1번지
11740,10700,0,0443,0002,,,일반건축물,제1종근린생활시설,제1종근린생활시설 외2,228.1,135.81,576.64,19980716,4,1,서울특별시 강동구 암사동 443-2번지
11740,10700,0,0444,0000,신암중학교,,일반건축물,교육연구시설,교육연구시설,0,0,3938.84,19961216,4,0,서울특별시 강동구 암사동 444번지
11740,10700,0,0444,0000,신암중학교,,일반건축물,교육연구시설,교육연구시설,0,859.72,2311.38,,3,0,서울특별시 강동구 암사동 444번지
11740,10700,0,0444,0000,신암중학교,,일반건축물,교육연구시설,교육연구시설,0,1348.9,4298.98,19961216,4,1,서울특별시 강동구 암사동 444번지
11740,10700,0,0444,0008,,,일반건축물,단독주택,주택(영업용),0,54.81,54.81,19710501,1,0,서울특별시 강동구 암사동 444-8번지
11740,10700,0,0445,0000,,,표제부,공동주택,경비실,0,9.36,9.36,20020906,1,0,서울특별시 강동구 암사동 445번지
11740,10700,0,0445,0000,한강 포스파크 아파트,,표제부,공동주택,아파트,4221.3,1139.11,20487.28,20020906,19,2,서울특별시 강동구 암사동 445번지
11740,10700,0,0445,0000,,,표제부,공동주택,노인정,0,73.15,146.3,20020605,2,0,서울특별시 강동구 암사동 445번지
11740,10700,0,0445,0001,,,표제부,공동주택,다세대주택,0,82.96,248.88,19870831,2,1,서울특별시 강동구 암사동 445-1번지
11740,10700,0,0445,0003,극동하이빌,,표제부,공동주택,다세대주택,337.5,191.17,674.89,20100707,5,0,서울특별시 강동구 암사동 445-3번지
11740,10700,0,0445,0005,삼성아트빌,,표제부,공동주택,다세대주택,330.3,191.9,771.07,20110331,5,1,서울특별시 강동구 암사동 445-5번지
11740,10700,0,0445,0007,,,표제부,공동주택,다세대주택,174.9,103.54,380.2,20110425,5,0,서울특별시 강동구 암사동 445-7번지
11740,10700,0,0445,0008,,,표제부,공동주택,연립주택,1041.9,456.14,2260.18,19920421,4,1,서울특별시 강동구 암사동 445-8번지
11740,10700,0,0445,0009,,,일반건축물,단독주택,주택,0,148.76,148.76,,1,0,서울특별시 강동구 암사동 445-9번지
11740,10700,0,0445,0010,,,일반건축물,단독주택,단독주택(다가구주택)외1,185.2,110.88,408.27,20060421,4,0,서울특별시 강동구 암사동 445-10번지
11740,10700,0,0445,0011,구립해나어린이집,,일반건축물,노유자시설,노유자시설(어린이집),479.8,285.49,751.19,20170109,3,1,서울특별시 강동구 암사동 445-11번지
11740,10700,0,0445,0012,,,일반건축물,단독주택,"단독주택(다가구주택), 제2종근린생활시설",315.4,189.2,575.45,20170512,5,0,서울특별시 강동구 암사동 445-12번지
11740,10700,0,0445,0013,엘리시움선사,,표제부,공동주택,도시형생활주택(단지형다세대),328.7,196.78,661.14,20200909,6,1,서울특별시 강동구 암사동 445-13번지
11740,10700,0,0445,0014,,,표제부,공동주택,공동주택(도시형생활주택-단지형다세대),315.3,187.57,630.35,20160509,6,0,서울특별시 강동구 암사동 445-14번지
11740,10700,0,0445,0015,,,표제부,공동주택,다세대주택,0,83.16,249.48,19860714,2,1,서울특별시 강동구 암사동 445-15번지
11740,10700,0,0445,0017,,,표제부,제2종근린생활시설,"공동주택,근린생활시설",180.9,106.67,499.02,20181212,7,1,서울특별시 강동구 암사동 445-17번지
11740,10700,0,0445,0018,뮤지컬파크,,표제부,공동주택,다세대주택,175.9,104.94,400.92,20120724,5,0,서울특별시 강동구 암사동 445-18번지
11740,10700,0,0445,0019,,,표제부,공동주택,"다세대주택,근린생활시설",176.1,105.04,351.85,20141111,5,0,서울특별시 강동구 암사동 445-19번지
11740,10700,0,0445,0020,,,일반건축물,단독주택,주택,0,75.5,164.16,19791206,2,1,서울특별시 강동구 암사동 445-20번지
11740,10700,0,0445,0021,,,표제부,공동주택,다세대주택,0,83.16,249.48,19880407,2,1,서울특별시 강동구 암사동 445-21번지
11740,10700,0,0445,0022,,,일반건축물,단독주택,단독주택,0,54.45,164.79,19851112,2,1,서울특별시 강동구 암사동 445-22번지
11740,10700,0,0445,0023,,,표제부,공동주택,공동주택(다세대주택),169.3,101.51,366.97,20031031,5,0,서울특별시 강동구 암사동 445-23번지
11740,10700,0,0445,0024,,,일반건축물,단독주택,"다가구주택,제1종근린생활시설",184,101.2,474.54,20031230,4,1,서울특별시 강동구 암사동 445-24번지
11740,10700,0,0445,0025,,,일반건축물,단독주택,단독주택,0,107.8,320.6,19831031,2,1,서울특별시 강동구 암사동 445-25번지
11740,10700,0,0445,0027,,,일반건축물,단독주택,단독주택,109,54.09,162.27,19851227,2,1,서울특별시 강동구 암사동 445-27번지
11740,10700,0,0445,0028,,,일반건축물,단독주택,단독주택,112.5,56.17,168.51,19851121,2,1,서울특별시 강동구 암사동 445-28번지
11740,10700,0,0445,0031,,,표제부,공동주택,연립주택,1042.9,456.14,2260.18,19920421,4,1,서울특별시 강동구 암사동 445-31번지
11740,10700,0,0446,0000,,,일반건축물,제2종근린생활시설,"근린생활시설, 주택",0,0,644.44,19891213,5,1,서울특별시 강동구 암사동 446번지
11740,10700,0,0446,0001,,,일반건축물,단독주택,주택,112.5,82.2,246.6,19830112,2,1,서울특별시 강동구 암사동 446-1번지
11740,10700,0,0446,0002,,,일반건축물,제2종근린생활시설,"제2종근린생활, 단독주택",228.8,137.06,637.18,19970703,4,1,서울특별시 강동구 암사동 446-2번지
11740,10700,0,0446,0003,영상아파트,,표제부,공동주택,"근린생활시설,아파트",0,187.92,1064,20021227,7,0,서울특별시 강동구 암사동 446-3번지
11740,10700,0,0446,0003,영상아파트,,표제부,공동주택,아파트,0,187.92,1064,20021227,7,0,서울특별시 강동구 암사동 446-3번지
11740,10700,0,0446,0004,암사아크로빌,,표제부,공동주택,"공동주택(다세대주택-8세대), 근린생활시설",231.7,114.51,491.28,20150721,5,0,서울특별시 강동구 암사동 446-4번지
11740,10700,0,0446,0005,,,일반건축물,단독주택,주택,0,122.05,221.68,19781222,2,1,서울특별시 강동구 암사동 446-5번지
11740,10700,0,0446,0006,,,표제부,공동주택,제1종근린생활시설 및 다세대주택,398.9,198.81,722.61,20080926,5,0,서울특별시 강동구 암사동 446-6번지
11740,10700,0,0446,0008,,,표제부,공동주택,다세대주택,164.7,82.08,242.64,19860331,2,1,서울특별시 강동구 암사동 446-8번지
11740,10700,0,0446,0009,경지아트빌가동,,표제부,공동주택,다세대주택,183.4,109.82,460.28,20020125,5,0,서울특별시 강동구 암사동 446-9번지
11740,10700,0,0446,0011,,,일반건축물,단독주택,다가구용단독주택,181.5,108.78,402.12,19980330,3,1,서울특별시 강동구 암사동 446-11번지
11740,10700,0,0446,0012,,,일반건축물,단독주택,단독주택(다가구주택),184.6,110.49,319.71,19940719,3,1,서울특별시 강동구 암사동 446-12번지
11740,10700,0,0446,0013,,,일반건축물,단독주택,다가구용단독주택(5가구),187,87.41,247.86,19910608,2,1,서울특별시 강동구 암사동 446-13번지
11740,10700,0,0446,0014,,,일반건축물,단독주택,단독주택,201.8,201.8,248.94,19900203,2,1,서울특별시 강동구 암사동 446-14번지
11740,10700,0,0446,0016,,,표제부,제2종근린생활시설,근린생활시설,0,765.96,2053.88,19800805,3,1,서울특별시 강동구 암사동 446-16번지
11740,10700,0,0446,0018,,,일반건축물,제2종근린생활시설,"근린생활시설,주택",0,259,1409.4,19900727,4,1,서울특별시 강동구 암사동 446-18번지
11740,10700,0,0446,0019,,,일반건축물,제1종근린생활시설,근린생활시설,232.5,115.6,467.2,19881229,2,2,서울특별시 강동구 암사동 446-19번지
11740,10700,0,0446,0020,선사 우리집 빌딩,,표제부,공동주택,근린생활시설 및 다세대주택,333.2,166.23,722.78,20120102,5,0,서울특별시 강동구 암사동 446-20번지
11740,10700,0,0446,0021,양지 벨로스,,표제부,공동주택,공동주택(아파트),526,262.26,1311,20041122,7,0,서울특별시 강동구 암사동 446-21번지
11740,10700,0,0446,0023,,,일반건축물,단독주택,"근린생활시설, 다가구용단독주택(5가구)",246.7,147.63,868.47,19970926,5,1,서울특별시 강동구 암사동 446-23번지
11740,10700,0,0446,0024,디에이치엔드영,,표제부,공동주택,"도시형생활주택,업무시설,제1종근린생활시설",386.8,188.97,1237.36,20210917,9,1,서울특별시 강동구 암사동 446-24번지
11740,10700,0,0446,0025,,,일반건축물,제1종근린생활시설,근린생활시설,396.3,179.28,1195.57,19920604,6,1,서울특별시 강동구 암사동 446-25번지
11740,10700,0,0446,0026,경지아트빌,,표제부,공동주택,다세대주택,164.7,98.73,402.26,20020402,5,0,서울특별시 강동구 암사동 446-26번지
11740,10700,0,0446,0027,,,표제부,공동주택,"공동주택,다세대주택",140.6,69.93,266.58,20041021,4,0,서울특별시 강동구 암사동 446-27번지
11740,10700,0,0446,0028,,,일반건축물,단독주택,단독주택,150.5,77.17,224.14,19900203,2,1,서울특별시 강동구 암사동 446-28번지
11740,10700,0,0446,0029,,,일반건축물,단독주택,단독주택,157.5,76.99,223.77,19900208,2,1,서울특별시 강동구 암사동 446-29번지
11740,10700,0,0447,0000,,,일반건축물,제2종근린생활시설,단독주택 외2,237.3,111.8,653.16,19910919,5,1,서울특별시 강동구 암사동 447번지
11740,10700,0,0447,0001,,,일반건축물,제1종근린생활시설,"근린생활시설, 주택",219.7,108.88,679.64,19920703,6,1,서울특별시 강동구 암사동 447-1번지
11740,10700,0,0447,0002,두암빌라,,표제부,공동주택,다세대주택,171.6,83.72,340.21,20121005,5,0,서울특별시 강동구 암사동 447-2번지
11740,10700,0,0447,0003,,,표제부,공동주택,다세대주택,188,111.12,518.9,19950724,4,1,서울특별시 강동구 암사동 447-3번지
11740,10700,0,0447,0005,,,일반건축물,제1종근린생활시설,제1.2종근린생활시설,184.8,110.78,494.47,19971230,4,1,서울특별시 강동구 암사동 447-5번지
11740,10700,0,0447,0006,신보 아트빌,,표제부,공동주택,공동주택,166.7,98.98,383.16,20030310,5,0,서울특별시 강동구 암사동 447-6번지
11740,10700,0,0447,0007,,,일반건축물,제1종근린생활시설,"근린생활시설, 다가구주택",548.6,274.24,1271.08,19801206,5,1,서울특별시 강동구 암사동 447-7번지
11740,10700,0,0447,0009,양지리슈빌3,,표제부,공동주택,근생 및 다세대주택,497.8,239.39,1436.99,20150106,6,1,서울특별시 강동구 암사동 447-9번지
11740,10700,0,0447,0011,,,표제부,공동주택,"근린생활시설, 다세대주택",399.7,198.94,842.48,20121212,6,0,서울특별시 강동구 암사동 447-11번지
11740,10700,0,0447,0012,남영빌딩,,일반건축물,제1종근린생활시설,의원,845.9,422.52,3317,20241216,7,2,서울특별시 강동구 암사동 447-12번지
11740,10700,0,0447,0015,씨티09빌딩,,일반건축물,제2종근린생활시설,제1.2종근린생활시설,206.2,102.06,485.23,19901027,4,1,서울특별시 강동구 암사동 447-15번지
11740,10700,0,0447,0024,,,일반건축물,제1종근린생활시설,"근린생활시설, 주택",235.3,116.84,494.67,19861226,3,1,서울특별시 강동구 암사동 447-24번지
11740,10700,0,0447,0025,,,일반건축물,제1종근린생활시설,"1,2종근린생활시설",235.3,116.84,508.95,19861226,3,1,서울특별시 강동구 암사동 447-25번지
11740,10700,0,0447,0027,,,일반건축물,제1종근린생활시설,제1종근린생활시설,235.4,140.84,556.67,19861226,4,1,서울특별시 강동구 암사동 447-27번지
11740,10700,0,0447,0029,,,일반건축물,제1종근린생활시설,"근린생활시설, 주택",235.4,116.82,543.89,19861226,4,1,서울특별시 강동구 암사동 447-29번지
11740,10700,0,0447,0030,,,표제부,공동주택,"근린생활시설, 다세대주택",246.4,119.52,633.44,20121122,6,0,서울특별시 강동구 암사동 447-30번지
11740,10700,0,0448,0000,선사고등학교,,일반건축물,교육연구시설,교육연구시설(고등학교),13288,3407.37,12141.9,19820929,5,1,서울특별시 강동구 암사동 448번지
11740,10700,0,0449,0000,한양그린아파트,,표제부,공동주택,아파트,1153.7,511.39,3835.04,19920313,7,1,서울특별시 강동구 암사동 449번지
11740,10700,0,0449,0001,,,일반건축물,단독주택,"주택,근린생활시설",0,0,226.05,19791218,2,1,서울특별시 강동구 암사동 449-1번지
11740,10700,0,0449,0005,,,일반건축물,제2종근린생활시설,근린생활시설,416.8,212.43,508.07,19820522,2,1,서울특별시 강동구 암사동 449-5번지
11740,10700,0,0449,0006,,,표제부,공동주택,다세대주택,0,82.19,328.76,19861224,3,1,서울특별시 강동구 암사동 449-6번지
11740,10700,0,0449,0007,,,표제부,공동주택,다세대주택,0,82.32,329.28,19881012,3,1,서울특별시 강동구 암사동 449-7번지
11740,10700,0,0449,0009,삼성베스트빌,,표제부,공동주택,도시형생활주택(단지형다세대주택-14세대),331,197.68,659.8,20150731,6,0,서울특별시 강동구 암사동 449-9번지
11740,10700,0,0449,0010,,,표제부,공동주택,다세대주택,0,82.42,329.68,19861219,3,1,서울특별시 강동구 암사동 449-10번지
11740,10700,0,0449,0011,,,표제부,공동주택,다세대주택,0,83,249,19861219,2,1,서울특별시 강동구 암사동 449-11번지
11740,10700,0,0449,0012,,,표제부,공동주택,다세대주택,0,83.2,249.6,19861229,2,1,서울특별시 강동구 암사동 449-12번지
11740,10700,0,0449,0014,,,표제부,공동주택,다세대주택,0,82.4,329.6,19881012,3,1,서울특별시 강동구 암사동 449-14번지
11740,10700,0,0449,0015,,,표제부,공동주택,다세대주택,0,106.56,319.68,19881012,2,1,서울특별시 강동구 암사동 449-15번지
11740,10700,0,0449,0020,,,표제부,공동주택,다세대주택,345.8,139.92,659.99,19911203,4,1,서울특별시 강동구 암사동 449-20번지
11740,10700,0,0449,0022,하우징허브,,표제부,공동주택,도시형생활주택(단지형다세대),306,181.25,611.92,20150828,6,0,서울특별시 강동구 암사동 449-22번지
11740,10700,0,0449,0023,하우징허브,,표제부,공동주택,도시형생활주택(단지형다세대-15세대),0,170.19,659.92,20150812,6,0,서울특별시 강동구 암사동 449-23번지
11740,10700,0,0449,0023,하우징허브,,표제부,공동주택,도시형생활주택(단지형다세대-14세대),0,170.5,659.98,20150812,6,0,서울특별시 강동구 암사동 449-23번지
11740,10700,0,0449,0024,하우징허브,,표제부,공동주택,공동주택-도시형생활주택(단지형다세대),333.4,188.28,659.97,20150827,6,0,서울특별시 강동구 암사동 449-24번지
11740,10700,0,0450,0000,,,일반건축물,단독주택,"근린생활시설, 주택",207.2,123.68,655.61,19980204,5,1,서울특별시 강동구 암사동 450번지
11740,10700,0,0450,0001,이종국관,,일반건축물,종교시설,종교시설(수도원),1647.6,760.66,5680.27,20230125,7,2,서울특별시 강동구 암사동 450-1번지
11740,10700,0,0450,0008,오성빌라,,표제부,공동주택,다세대주택,335.4,122.64,587.84,19940310,4,1,서울특별시 강동구 암사동 450-8번지
11740,10700,0,0450,0009,,,일반건축물,단독주택,"근린생활시설, 다가구용단독주택(5가구)",211.8,126.97,621.32,19991227,4,1,서울특별시 강동구 암사동 450-9번지
11740,10700,0,0450,0010,신동아빌라트,,표제부,공동주택,아파트,1317.6,391.03,3937.46,19940708,9,1,서울특별시 강동구 암사동 450-10번지
11740,10700,0,0450,0011,거성스타힐,,표제부,공동주택,"다세대주택(단지형, 도시형주택)",1523,134.75,492.36,20110909,5,0,서울특별시 강동구 암사동 450-11번지
11740,10700,0,0450,0011,거성스타힐,,표제부,공동주택,"다세대주택(단지형, 도시형주택)",1523,134.75,492.36,20110909,5,0,서울특별시 강동구 암사동 450-11번지
11740,10700,0,0450,0011,거성스타힐,,표제부,공동주택,"다세대주택(단지형, 도시형주택)",0,135.57,492.28,20110909,5,0,서울특별시 강동구 암사동 450-11번지
11740,10700,0,0450,0011,거성스타힐,,표제부,공동주택,"다세대주택(단지형, 도시형주택),제1종근생(소매점)",0,135.57,520.84,20110909,5,0,서울특별시 강동구 암사동 450-11번지
11740,10700,0,0450,0011,거성스타힐,,표제부,공동주택,"다세대주택(단지형, 도시형주택), 제1종근생(소매점)",0,135.57,534.48,20110909,5,0,서울특별시 강동구 암사동 450-11번지
11740,10700,0,0450,0011,거성스타힐,,표제부,공동주택,"다세대주택(단지형, 도시형주택)",0,135.57,492.28,20110909,5,0,서울특별시 강동구 암사동 450-11번지
11740,10700,0,0450,0013,주택,,일반건축물,제2종근린생활시설,"근린생활시설, 단독주택",562.6,272.35,1299.08,19841224,4,1,서울특별시 강동구 암사동 450-13번지
11740,10700,0,0450,0014,,,표제부,제1종근린생활시설,점포,0,110.25,345.39,19810121,2,1,서울특별시 강동구 암사동 450-14번지
11740,10700,0,0450,0014,,,일반건축물,제1종근린생활시설,"점포, 주택",0,110.25,345.39,19810121,2,1,서울특별시 강동구 암사동 450-14번지
11740,10700,0,0450,0015,,,표제부,공동주택,공동주택(다세대주택),172.2,103.2,423.8,20031226,5,0,서울특별시 강동구 암사동 450-15번지
11740,10700,0,0450,0016,,,표제부,공동주택,다세대주택,218,116.02,494.92,19920930,4,1,서울특별시 강동구 암사동 450-16번지
11740,10700,0,0450,0017,거성스타힐,,표제부,공동주택,"다세대주택(단지형,도시형주택),근생",765.1,134.11,534.28,20110914,5,0,서울특별시 강동구 암사동 450-17번지
11740,10700,0,0450,0017,거성스타힐,,표제부,공동주택,"다세대주택(단지형,도시형주택)",765.1,135.57,499.16,20110914,5,0,서울특별시 강동구 암사동 450-17번지
11740,10700,0,0450,0017,거성스타힐,,표제부,공동주택,"다세대주택(단지형,도시형주택)",765.1,135.57,505.88,20110914,5,0,서울특별시 강동구 암사동 450-17번지
11740,10700,0,0450,0022,로가빌,,표제부,공동주택,공동주택(다세대주택),324.9,167.2,642.72,20040827,5,0,서울특별시 강동구 암사동 450-22번지
11740,10700,0,0450,0024,암사동동심어린이집,,일반건축물,노유자시설,영유아보육시설,171.3,101.2,310.31,20150226,3,1,서울특별시 강동구 암사동 450-24번지
11740,10700,0,0450,0025,하이파이브,,표제부,공동주택,"다세대주택, 2종근린생활시설",172.2,103.17,336.22,20250228,5,0,서울특별시 강동구 암사동 450-25번지
11740,10700,0,0450,0026,,,표제부,공동주택,"다세대주택, 근린생활시설",171.4,102.81,340.11,20130329,5,0,서울특별시 강동구 암사동 450-26번지
11740,10700,0,0450,0028,선사 엘리움,,표제부,공동주택,도시형생활주택(단지형다세대),342,204.86,658.52,20220524,6,0,서울특별시 강동구 암사동 450-28번지
11740,10700,0,0450,0029,,,일반건축물,제2종근린생활시설,"근린생활시설, 주택",199.7,99.67,507.79,19831017,4,1,서울특별시 강동구 암사동 450-29번지
11740,10700,0,0450,0030,,,일반건축물,제1종근린생활시설,"근린생활시설, 단독주택",0,90.21,360.84,19830930,3,1,서울특별시 강동구 암사동 450-30번지
11740,10700,0,0450,0031,,,일반건축물,제2종근린생활시설,"제1종,2종근린생활시설,단독주택",182.1,106.74,412.44,20031211,5,0,서울특별시 강동구 암사동 450-31번지
11740,10700,0,0450,0033,드림하우스,,일반건축물,단독주택,"근린생활시설,다가구주택(5)",218,119.52,433.91,20140509,4,1,서울특별시 강동구 암사동 450-33번지
11740,10700,0,0451,0000,,,일반건축물,제2종근린생활시설,제1종근린생활시설 외2,0,111.93,593.95,19910819,4,1,서울특별시 강동구 암사동 451번지
11740,10700,0,0451,0001,,,표제부,공동주택,"공동주택,다세대주택",229.9,137.23,676.8,20040420,5,0,서울특별시 강동구 암사동 451-1번지
11740,10700,0,0451,0002,,,일반건축물,제2종근린생활시설,"제1종,제2종근린생활시설,다가구주택",229.7,136.16,626.13,20040115,5,0,서울특별시 강동구 암사동 451-2번지
11740,10700,0,0451,0004,,,표제부,공동주택,공동주택(다세대주택),229.3,135.84,552.1,20030721,5,0,서울특별시 강동구 암사동 451-4번지
11740,10700,0,0451,0005,,,표제부,공동주택,공동주택(다세대주택),229.1,137.31,559.74,20020802,5,0,서울특별시 강동구 암사동 451-5번지
11740,10700,0,0451,0006,,,일반건축물,단독주택,단독주택 외2,0,115.35,470.6,19870817,3,1,서울특별시 강동구 암사동 451-6번지
11740,10700,0,0451,0007,,,표제부,공동주택,근린생활시설 및 다세대주택,268.6,133.34,613.04,20120215,5,0,서울특별시 강동구 암사동 451-7번지
11740,10700,0,0451,0008,,,표제부,공동주택,다세대주택(다세대주택),218.6,108.29,469.44,20120323,6,0,서울특별시 강동구 암사동 451-8번지
11740,10700,0,0451,0009,,,일반건축물,단독주택,다가구용단독주택(8가구),218.5,131.04,450.84,19970818,3,1,서울특별시 강동구 암사동 451-9번지
11740,10700,0,0451,0012,,,일반건축물,제2종근린생활시설,제2종근린생활시설 외1,0,283.47,1188.38,19741101,3,1,서울특별시 강동구 암사동 451-12번지
11740,10700,0,0451,0013,,,일반건축물,제1종근린생활시설,"제1,2종근린생활시설",0,0,645.15,19791214,4,1,서울특별시 강동구 암사동 451-13번지
11740,10700,0,0451,0014,,,표제부,제1종근린생활시설,"점포, 사무실",0,364.97,1459.84,19800430,3,1,서울특별시 강동구 암사동 451-14번지
11740,10700,0,0451,0015,,,일반건축물,단독주택,"근린생활시설, 단독주택",0,84.69,315.81,19850827,3,1,서울특별시 강동구 암사동 451-15번지
11740,10700,0,0451,0016,금정 우리가,,표제부,공동주택,공동주택(아파트),1600.2,796.3344,8087.8753,20180330,11,3,서울특별시 강동구 암사동 451-16번지
11740,10700,0,0451,0018,,,표제부,제2종근린생활시설,"당구장, 근린생활시설,체력단련장",1378.2,696.96,2816.21,19800818,3,1,서울특별시 강동구 암사동 451-18번지
11740,10700,0,0451,0020,,,표제부,공동주택,"근린생활시설, 공동주택",179.6,89.68,366.13,20140818,5,0,서울특별시 강동구 암사동 451-20번지
11740,10700,0,0451,0021,우주월드,,표제부,공동주택,다세대주택(7세대),179.6,89.54,350,20140410,5,0,서울특별시 강동구 암사동 451-21번지
11740,10700,0,0451,0022,,,표제부,공동주택,공동주택(다세대주택),166.6,99.36,401.37,20030822,5,0,서울특별시 강동구 암사동 451-22번지
11740,10700,0,0452,0000,,,일반건축물,제2종근린생활시설,근린생활시설,562.7,280.69,1093.5,19810418,3,1,서울특별시 강동구 암사동 452번지
11740,10700,0,0452,0005,,,표제부,제2종근린생활시설,근린생활시설,0,170.98,744.51,19800222,3,1,서울특별시 강동구 암사동 452-5번지
11740,10700,0,0452,0006,,,일반건축물,단독주택,"근린생활시설, 주택",233,116.11,532.38,19910419,4,1,서울특별시 강동구 암사동 452-6번지
11740,10700,0,0452,0007,,,일반건축물,제2종근린생활시설,"제2종근린생활시설,다가구주택",316.7,157.33,781.7,19901101,4,1,서울특별시 강동구 암사동 452-7번지
11740,10700,0,0452,0008,,,일반건축물,제1종근린생활시설,제1종근린생활시설 외1,409.1,130.87,374.45,19810702,2,1,서울특별시 강동구 암사동 452-8번지
11740,10700,0,0452,0009,,,일반건축물,단독주택,"근린생활시설, 단독주택",0,63.81,255.24,19851121,3,1,서울특별시 강동구 암사동 452-9번지
11740,10700,0,0452,0010,,,일반건축물,단독주택,"근린생활시설, 주택",307,158.78,457.07,19930327,2,1,서울특별시 강동구 암사동 452-10번지
11740,10700,0,0452,0011,,,표제부,공동주택,"공동주택,다세대주택",218.8,109.02,298.41,20040913,4,0,서울특별시 강동구 암사동 452-11번지
11740,10700,0,0452,0012,,,일반건축물,단독주택,"다가구주택,제1종근린생활시설",174.5,86.9,277.36,20220211,4,0,서울특별시 강동구 암사동 452-12번지
11740,10700,0,0452,0013,,,일반건축물,제2종근린생활시설,"근린생활시설, 노유자시설, 주택",374.3,182.5,659.6,19891006,3,1,서울특별시 강동구 암사동 452-13번지
11740,10700,0,0452,0014,,,일반건축물,종교시설,"교회, 노유자시설",0,153.98,461.94,19801030,2,1,서울특별시 강동구 암사동 452-14번지
11740,10700,0,0452,0015,,,일반건축물,제2종근린생활시설,근린생활시설및주택,423.3,189.71,731.16,19930802,4,1,서울특별시 강동구 암사동 452-15번지
11740,10700,0,0452,0016,,,일반건축물,단독주택,다가구용단독주택(7가구),183,94.76,299.04,19971021,3,1,서울특별시 강동구 암사동 452-16번지
11740,10700,0,0452,0017,,,표제부,공동주택,다세대주택,240.1,119.72,488.06,20081119,5,0,서울특별시 강동구 암사동 452-17번지
11740,10700,0,0452,0018,삼정하우스,,표제부,공동주택,"다세대주택(도시형생활주택,단지형)",397.3,183.15,659.46,20140702,6,0,서울특별시 강동구 암사동 452-18번지
11740,10700,0,0452,0019,,,일반건축물,노유자시설,"제1종근린생활시설,노유자시설",354.6,154.07,566.58,20090302,4,0,서울특별시 강동구 암사동 452-19번지
11740,10700,0,0452,0020,,,일반건축물,제2종근린생활시설,제2종근린생활시설 외3,561.6,273.9,1041.05,19810330,3,1,서울특별시 강동구 암사동 452-20번지
11740,10700,0,0452,0024,,,표제부,제1종근린생활시설,"근린생활시설, 단독주택",0,80.24,320.96,19860618,3,1,서울특별시 강동구 암사동 452-24번지
11740,10700,0,0452,0026,,,일반건축물,단독주택,다가구주택(3가구),0,52.56,102.87,19810202,1,1,서울특별시 강동구 암사동 452-26번지
11740,10700,0,0452,0027,,,일반건축물,단독주택,다가구용단독주택(7가구),145.8,82.63,299.68,19970718,3,1,서울특별시 강동구 암사동 452-27번지
11740,10700,0,0452,0028,,],일반건축물,제2종근린생활시설,"근린생활시설,주택",682.1,356.9,1406.91,19851217,3,1,서울특별시 강동구 암사동 452-28번지
11740,10700,0,0452,0030,,,일반건축물,제1종근린생활시설,제1종근린생활시설 외1,0,88.57,426.34,19890920,3,1,서울특별시 강동구 암사동 452-30번지
11740,10700,0,0452,0031,,,일반건축물,제2종근린생활시설,제2종근린생활시설 외1,495.5,247.62,1369.72,19890328,4,1,서울특별시 강동구 암사동 452-31번지
11740,10700,0,0452,0033,,,표제부,공동주택,공동주택(다세대주택),327.9,163.47,638.9,20040910,5,0,서울특별시 강동구 암사동 452-33번지
11740,10700,0,0452,0035,,,일반건축물,단독주택,다가구용단독주택(7가구),206.8,122.2,410.88,19971030,3,1,서울특별시 강동구 암사동 452-35번지
11740,10700,0,0452,0036,,,일반건축물,단독주택,다가구용단독주택(7가구),183.5,93.6,298.44,19970311,3,1,서울특별시 강동구 암사동 452-36번지
11740,10700,0,0452,0049,,,일반건축물,제2종근린생활시설,"제1.2종근린생활시설,교육연구시설",1181.4,453.91,2319.36,19931203,5,1,서울특별시 강동구 암사동 452-49번지
11740,10700,0,0452,0050,강동그린나래복지센터,,일반건축물,노유자시설,노유자시설,427.2,239.4,957.6,19960712,4,1,서울특별시 강동구 암사동 452-50번지
11740,10700,0,0452,0053,,,일반건축물,단독주택,"근린생활시설, 다가구용단독주택(3가구)",176.36,103.42,403.84,19960626,3,1,서울특별시 강동구 암사동 452-53번지
11740,10700,0,0453,0000,,,일반건축물,단독주택,"제2종근린생활시설, 주택",158.5,94.7,453.73,19920201,4,1,서울특별시 강동구 암사동 453번지
11740,10700,0,0453,0001,한강 그린빌,,표제부,공동주택,다세대주택,286.9,170.54,572.97,20111229,5,0,서울특별시 강동구 암사동 453-1번지
11740,10700,0,0453,0002,,,표제부,공동주택,공동주택(다세대주택),163.4,97.99,398.32,20030425,5,0,서울특별시 강동구 암사동 453-2번지
11740,10700,0,0453,0003,,,일반건축물,종교시설,종교시설(교회),634.06,270.5,924.2,19850409,3,1,서울특별시 강동구 암사동 453-3번지
11740,10700,0,0453,0004,,,일반건축물,단독주택,단독주택,0,58.16,174.48,19830610,2,1,서울특별시 강동구 암사동 453-4번지
11740,10700,0,0453,0005,,,일반건축물,단독주택,주택,0,56.96,125.59,19801114,2,1,서울특별시 강동구 암사동 453-5번지
11740,10700,0,0453,0006,암사분기국사,,일반건축물,제1종근린생활시설,근린생활시설,117.9,69.39,148.83,20190214,3,0,서울특별시 강동구 암사동 453-6번지
11740,10700,0,0453,0007,,,일반건축물,제2종근린생활시설,제2종근린생활시설(사무소및수리점),123.8,73.72,199.88,20071126,3,0,서울특별시 강동구 암사동 453-7번지
11740,10700,0,0453,0008,암사1동제2경로당,,일반건축물,노유자시설,노인정,0,45,90,19850810,2,0,서울특별시 강동구 암사동 453-8번지
11740,10700,0,0453,0010,,,일반건축물,단독주택,단독주택,0,79.63,241.29,19860512,2,1,서울특별시 강동구 암사동 453-10번지
11740,10700,0,0453,0012,,,일반건축물,단독주택,단독주택,0,82.38,247.14,19850913,2,1,서울특별시 강동구 암사동 453-12번지
11740,10700,0,0453,0014,동명하이츠,,표제부,공동주택,"공동주택,다세대주택",273,162.76,642.1,20020827,5,0,서울특별시 강동구 암사동 453-14번지
11740,10700,0,0453,0015,,,일반건축물,단독주택,다가구용단독주택(5가구),165.7,96.15,284.25,19960821,2,1,서울특별시 강동구 암사동 453-15번지
11740,10700,0,0453,0016,재성빌라,,표제부,공동주택,다세대주택,248.2,147.78,470.86,20081120,5,0,서울특별시 강동구 암사동 453-16번지
11740,10700,0,0453,0017,,,일반건축물,노유자시설,영유아보육시설,152.1,90.01,351.37,20101203,3,1,서울특별시 강동구 암사동 453-17번지
11740,10700,0,0453,0019,,,일반건축물,단독주택,다가구용단독주택(10가구),232.2,139.06,539.2,19970228,3,1,서울특별시 강동구 암사동 453-19번지
11740,10700,0,0453,0020,,,일반건축물,단독주택,"다가구주택,근린생활시설",317.1,185.9,691.89,20021004,3,1,서울특별시 강동구 암사동 453-20번지
11740,10700,0,0453,0021,,,표제부,공동주택,다세대주택,298.5,174.86,778.36,20011229,5,0,서울특별시 강동구 암사동 453-21번지
11740,10700,0,0453,0022,,,일반건축물,단독주택,다가구용단독주택,172.3,102.23,406.26,19960919,3,1,서울특별시 강동구 암사동 453-22번지
11740,10700,0,0453,0023,,,일반건축물,단독주택,주택,0,109.31,327.87,19811114,2,1,서울특별시 강동구 암사동 453-23번지
11740,10700,0,0453,0025,,,일반건축물,단독주택,단독주택,0,87.06,253.18,19840906,2,1,서울특별시 강동구 암사동 453-25번지
11740,10700,0,0453,0028,,,일반건축물,단독주택,"다가구용단독주택(6가구), 근린생활시설",201.5,119.72,448.92,19960816,3,1,서울특별시 강동구 암사동 453-28번지
11740,10700,0,0453,0029,,,일반건축물,단독주택,주택,0,81.27,162.52,19811114,1,1,서울특별시 강동구 암사동 453-29번지
11740,10700,0,0453,0030,,,일반건축물,단독주택,다가구용단독주택,231.1,137.8,495.22,19960821,3,1,서울특별시 강동구 암사동 453-30번지
11740,10700,0,0453,0031,,,일반건축물,단독주택,다가구주택,165.7,90.16,303.57,19961221,3,1,서울특별시 강동구 암사동 453-31번지
11740,10700,0,0453,0033,,,일반건축물,단독주택,단독주택/근린생활시설,178,94.25,225.31,19831227,2,1,서울특별시 강동구 암사동 453-33번지
11740,10700,0,0453,0034,,,일반건축물,단독주택,단독주택,0,82.49,210.16,19840425,2,1,서울특별시 강동구 암사동 453-34번지
11740,10700,0,0453,0035,,,일반건축물,단독주택,단독주택,170.6,82.06,249.62,19831230,2,1,서울특별시 강동구 암사동 453-35번지
11740,10700,0,0453,0036,,,일반건축물,단독주택,단독주택,169.6,84.47,209.07,19840218,2,1,서울특별시 강동구 암사동 453-36번지
11740,10700,0,0453,0038,평대정원아파트,,표제부,공동주택,공동주택(아파트),529.9,193.34,1561,20041123,7,1,서울특별시 강동구 암사동 453-38번지
11740,10700,0,0453,0039,노을볕,,일반건축물,단독주택,"다가구주택, 제2종근린생활시설",120.5,72.12,240.71,20221124,5,0,서울특별시 강동구 암사동 453-39번지
11740,10700,0,0453,0040,브릭스하이,,일반건축물,단독주택,"단독주택,제2종근린생활시설",120.5,72.21,237.09,20180911,5,0,서울특별시 강동구 암사동 453-40번지
11740,10700,0,0454,0000,,,일반건축물,단독주택,"근린생활시설, 주택",0,93.48,403.8,19871105,3,1,서울특별시 강동구 암사동 454번지
11740,10700,0,0454,0001,라온프라이빗,,표제부,공동주택,단지형다세대(도시형생활주택),385.7,200.34,659.57,20201109,6,1,서울특별시 강동구 암사동 454-1번지
11740,10700,0,0454,0002,,,일반건축물,단독주택,주택,0,19.83,19.83,,1,0,서울특별시 강동구 암사동 454-2번지
11740,10700,0,0454,0002,효광주택,,표제부,공동주택,다세대주택,165.5,99.12,398.56,20021108,5,0,서울특별시 강동구 암사동 454-2번지
11740,10700,0,0454,0003,,,표제부,공동주택,다세대주택,155.4,74.4,223.2,19860804,2,1,서울특별시 강동구 암사동 454-3번지
11740,10700,0,0454,0004,우주누리빌에이,,표제부,공동주택,다세대주택,250.6,147.16,515.05,20100325,5,0,서울특별시 강동구 암사동 454-4번지
11740,10700,0,0454,0005,우주맨션비,,표제부,공동주택,"공동주택,다세대주택",211,126.2,419.32,20040517,5,0,서울특별시 강동구 암사동 454-5번지
11740,10700,0,0454,0006,,,일반건축물,단독주택,단독주택,185,82.37,247.11,19900626,2,1,서울특별시 강동구 암사동 454-6번지
11740,10700,0,0454,0007,암사동 다세대주택,,표제부,공동주택,공동주택(다세대주택),215.5,129.15,466.44,20120601,5,0,서울특별시 강동구 암사동 454-7번지
11740,10700,0,0454,0008,,,일반건축물,단독주택,단독주택,0,70.35,211.05,19871019,2,1,서울특별시 강동구 암사동 454-8번지
11740,10700,0,0454,0009,,,일반건축물,단독주택,주택,0,76.86,208.6,19790827,2,1,서울특별시 강동구 암사동 454-9번지
11740,10700,0,0454,0010,삼화그린 아파트,,표제부,공동주택,"공동주택,아파트",481,227.04,1308.84,20040319,7,0,서울특별시 강동구 암사동 454-10번지
11740,10700,0,0454,0011,,,일반건축물,단독주택,"근린생활시설, 주택",192,109.36,394.66,19861209,3,1,서울특별시 강동구 암사동 454-11번지
11740,10700,0,0454,0012,,,일반건축물,제1종근린생활시설,"근린생활시설, 단독주택",176.9,87.02,453.49,19910611,4,1,서울특별시 강동구 암사동 454-12번지
11740,10700,0,0454,0013,,,일반건축물,단독주택,"점포, 주택",0,60.73,131.84,19801115,2,1,서울특별시 강동구 암사동 454-13번지
11740,10700,0,0454,0014,,,일반건축물,단독주택,다가구용단독주택(10가구),255,139.52,349.56,19930612,2,1,서울특별시 강동구 암사동 454-14번지
11740,10700,0,0454,0015,,,일반건축물,단독주택,단독주택(다가구주택),180.4,103.22,281.3,20040716,3,0,서울특별시 강동구 암사동 454-15번지
11740,10700,0,0454,0016,암사예가,,표제부,공동주택,도시형생활주택(원룸형),351.2,189.55,659.81,20220623,5,0,서울특별시 강동구 암사동 454-16번지
11740,10700,0,0454,0018,,,일반건축물,단독주택,단독주택,101.3,50.37,163.31,19850611,2,1,서울특별시 강동구 암사동 454-18번지
11740,10700,0,0454,0019,,,일반건축물,단독주택,"근린생활시설, 다가구주택(4가구)",111.8,66.42,291.6,19980918,4,1,서울특별시 강동구 암사동 454-19번지
11740,10700,0,0454,0020,,,일반건축물,단독주택,다가구용단독주택(7가구),123.3,69.56,255.77,19940824,3,1,서울특별시 강동구 암사동 454-20번지
11740,10700,0,0454,0021,,,일반건축물,단독주택,단독주택,108.6,53.58,163.59,19860814,2,1,서울특별시 강동구 암사동 454-21번지
11740,10700,0,0454,0022,제이하우스,,표제부,공동주택,공동주택,337.7,200.85,659.65,20150622,5,0,서울특별시 강동구 암사동 454-22번지
11740,10700,0,0454,0023,,,일반건축물,단독주택,주택,0,115.31,241.65,19800620,2,1,서울특별시 강동구 암사동 454-23번지
11740,10700,0,0454,0023,,,일반건축물,단독주택,단독주택,0,64.37,193.11,19861031,2,1,서울특별시 강동구 암사동 454-23번지
11740,10700,0,0454,0024,뮤지컬파크,,일반건축물,단독주택,"다가구주택, 근린생활시설",118.2,70.52,236.37,20120917,5,0,서울특별시 강동구 암사동 454-24번지
11740,10700,0,0454,0025,,,일반건축물,단독주택,단독주택,97.71,48.4,149.94,19880407,2,1,서울특별시 강동구 암사동 454-25번지
11740,10700,0,0454,0026,낙원지오빌,,표제부,공동주택,도시형생활주택(단지형다세대주택),358.7,209.2,659.39,20190320,5,0,서울특별시 강동구 암사동 454-26번지
11740,10700,0,0454,0027,,,일반건축물,단독주택,다가구주택,154.6,72.29,232.48,19860528,3,1,서울특별시 강동구 암사동 454-27번지
11740,10700,0,0454,0028,,,일반건축물,단독주택,다가구용단독주택(5가구),90.9,54.53,148.57,19921107,2,1,서울특별시 강동구 암사동 454-28번지
11740,10700,0,0454,0029,,,일반건축물,단독주택,단독주택,0,67.75,206.75,19870508,2,1,서울특별시 강동구 암사동 454-29번지
11740,10700,0,0454,0030,,,일반건축물,단독주택,단독주택,98.3,98.3,147.27,19870314,2,1,서울특별시 강동구 암사동 454-30번지
11740,10700,0,0454,0031,,,표제부,공동주택,다세대주택(8세대),168.2,99.96,375.18,20100520,5,0,서울특별시 강동구 암사동 454-31번지
11740,10700,0,0454,0032,,,일반건축물,제1종근린생활시설,"근린생활시설, 주택",147.2,73.42,342.44,19891108,4,1,서울특별시 강동구 암사동 454-32번지
11740,10700,0,0454,0037,,,일반건축물,단독주택,주택,0,33.34,63.12,19740320,2,0,서울특별시 강동구 암사동 454-37번지
11740,10700,0,0454,0040,경지아트빌,,표제부,공동주택,다세대주택,286.9,172.06,658.28,20011204,5,0,서울특별시 강동구 암사동 454-40번지
11740,10700,0,0454,0041,,,일반건축물,단독주택,"근린생활시설, 다가구용단독주택",165.5,99.23,358.65,19980603,4,1,서울특별시 강동구 암사동 454-41번지
11740,10700,0,0454,0042,,,일반건축물,단독주택,"단독주택, 근린생활시설(소매점)",0,82.74,182.28,19830928,2,1,서울특별시 강동구 암사동 454-42번지
11740,10700,0,0454,0043,,,표제부,공동주택,공동주택(다세대주택),215.5,129.25,429.99,20120618,5,0,서울특별시 강동구 암사동 454-43번지
11740,10700,0,0454,0053,,,표제부,공동주택,공동주택(도시형생활주택-단지형다세대),115.8,65.8,167.84,20160912,4,0,서울특별시 강동구 암사동 454-53번지
11740,10700,0,0454,0054,조은빌,,표제부,공동주택,다세대주택,253.53,151.54,506.78,20120920,5,0,서울특별시 강동구 암사동 454-54번지
11740,10700,0,0454,0057,작은도시,,일반건축물,단독주택,"다가구주택, 근린생활시설",104.15,60.39,143.85,20151130,4,0,서울특별시 강동구 암사동 454-57번지
11740,10700,0,0454,0058,럭키빌,,표제부,공동주택,다세대주택(16세대),240.1,143.84,479.86,20130523,5,0,서울특별시 강동구 암사동 454-58번지
11740,10700,0,0454,0060,,,일반건축물,단독주택,단독주택,0,56.16,168.48,19860812,2,1,서울특별시 강동구 암사동 454-60번지
11740,10700,0,0454,0061,,,일반건축물,단독주택,단독주택,100.4,50.13,160.72,19860814,2,1,서울특별시 강동구 암사동 454-61번지
11740,10700,0,0454,0063,우주맨션에이,,표제부,공동주택,"공동주택,다세대주택",211.6,122.38,427.24,20040517,5,0,서울특별시 강동구 암사동 454-63번지
11740,10700,0,0454,0064,,,표제부,공동주택,다세대주택,0,82.08,246.24,19861104,2,1,서울특별시 강동구 암사동 454-64번지
11740,10700,0,0454,0065,,,일반건축물,단독주택,단독주택,0,75.5,226.5,19870930,2,1,서울특별시 강동구 암사동 454-65번지
11740,10700,0,0454,0066,,,일반건축물,단독주택,단독주택,129,64.4,193.2,19870930,2,1,서울특별시 강동구 암사동 454-66번지
11740,10700,0,0454,0067,,,일반건축물,단독주택,단독주택,0,44.63,137.97,19880401,2,1,서울특별시 강동구 암사동 454-67번지
11740,10700,0,0454,0069,,,일반건축물,단독주택,단독주택,146.5,73.23,219.69,19900702,2,1,서울특별시 강동구 암사동 454-69번지
11740,10700,0,0454,0070,,,일반건축물,단독주택,다가구용단독주택(5가구),108.2,62.19,179.86,19940824,2,1,서울특별시 강동구 암사동 454-70번지
11740,10700,0,0454,0072,우주누리빌비,,표제부,공동주택,다세대주택,137.7,77.18,296,20100331,5,0,서울특별시 강동구 암사동 454-72번지
11740,10700,0,0455,0000,우미건축2,,표제부,공동주택,공동주택(도시형생활주택-단지형다세대),232.4,123.84,463.97,20170414,6,0,서울특별시 강동구 암사동 455번지
11740,10700,0,0455,0001,포커스,,표제부,공동주택,다세대주택,363.28,217.79,659.68,20131030,5,0,서울특별시 강동구 암사동 455-1번지
11740,10700,0,0455,0003,,,표제부,공동주택,다세대주택,241,130.68,598.98,19960808,5,1,서울특별시 강동구 암사동 455-3번지
11740,10700,0,0455,0006,스마트빌,,표제부,공동주택,도시형생활주택(단지형),235.2,139.84,443.76,20150514,5,0,서울특별시 강동구 암사동 455-6번지
11740,10700,0,0455,0007,정빈하이빌,,표제부,공동주택,도시형생활주택(단지형),229.5,136.8,458.88,20150514,5,0,서울특별시 강동구 암사동 455-7번지
11740,10700,0,0455,0008,,,일반건축물,단독주택,단독주택,0,103.95,303.99,19840602,2,1,서울특별시 강동구 암사동 455-8번지
11740,10700,0,0455,0009,신주리버빌,,표제부,공동주택,"도시형생활주택(단지형다세대주택),제2종근린생활시설",461.1,233.81,907.33,20190225,7,1,서울특별시 강동구 암사동 455-9번지
11740,10700,0,0455,0013,서연아트빌,,표제부,공동주택,다세대주택,221.5,132,486.18,20121023,5,0,서울특별시 강동구 암사동 455-13번지
11740,10700,0,0455,0014,나영빌딩,,일반건축물,단독주택,단독주택(다가구주택) 외1,260.6,155.06,484.31,20061116,5,0,서울특별시 강동구 암사동 455-14번지
11740,10700,0,0455,0015,,,일반건축물,단독주택,단독주택,119.96,59.82,145.43,19840428,2,1,서울특별시 강동구 암사동 455-15번지
11740,10700,0,0455,0016,,,일반건축물,단독주택,단독주택,96.4,48.19,139.59,19841205,3,1,서울특별시 강동구 암사동 455-16번지
11740,10700,0,0455,0017,,,일반건축물,단독주택,"근린생활시설, 단독주택",0,53.63,133.66,19840601,2,1,서울특별시 강동구 암사동 455-17번지
11740,10700,0,0455,0019,라온빌,,표제부,공동주택,"공동주택(다세대주택),근린생활시설",171.5,102.67,322.11,20160420,5,0,서울특별시 강동구 암사동 455-19번지
11740,10700,0,0455,0020,스타팰리스,,표제부,공동주택,"다세대주택,근린생활시설",414.3,229.49,816.68,20161228,6,0,서울특별시 강동구 암사동 455-20번지
11740,10700,0,0455,0021,,,일반건축물,단독주택,"근린생활시설, 주택",0,76.86,428.37,19901005,4,1,서울특별시 강동구 암사동 455-21번지
11740,10700,0,0455,0022,,,일반건축물,단독주택,"근린생활시설, 주택",183.3,96.53,425.38,19910514,4,1,서울특별시 강동구 암사동 455-22번지
11740,10700,0,0455,0023,,,일반건축물,단독주택,단독주택,105,54.75,159.39,19910610,2,1,서울특별시 강동구 암사동 455-23번지
11740,10700,0,0455,0024,,,일반건축물,단독주택,단독주택,0,46.7,143.2,19880705,2,1,서울특별시 강동구 암사동 455-24번지
11740,10700,0,0455,0025,,,일반건축물,단독주택,단독주택,131,65.29,198.87,19840113,2,1,서울특별시 강동구 암사동 455-25번지
11740,10700,0,0455,0026,,,일반건축물,단독주택,단독주택,184,81.89,245.67,19910426,2,1,서울특별시 강동구 암사동 455-26번지
11740,10700,0,0455,0027,,,일반건축물,단독주택,단독주택,0,104.39,313.17,19880817,2,1,서울특별시 강동구 암사동 455-27번지
11740,10700,0,0455,0029,,,일반건축물,제1종근린생활시설,"근린생활시설, 주택",0,100.5,502.5,19880618,4,1,서울특별시 강동구 암사동 455-29번지
11740,10700,0,0455,0030,코지빌,,표제부,공동주택,도시형생활주택(단지형),331.6,197.93,652.32,20150506,5,0,서울특별시 강동구 암사동 455-30번지
11740,10700,0,0455,0032,,,일반건축물,단독주택,"단독주택,근린생활시설",171.4,100.48,273.5,20160504,4,0,서울특별시 강동구 암사동 455-32번지
11740,10700,0,0455,0034,,,일반건축물,단독주택,다가구용단독주택(6가구),175.1,104.25,362.6,19980418,3,1,서울특별시 강동구 암사동 455-34번지
11740,10700,0,0455,0035,,,일반건축물,단독주택,단독주택 외2,0,99.9,218.64,19800727,2,1,서울특별시 강동구 암사동 455-35번지
11740,10700,0,0455,0036,,,표제부,공동주택,공동주택(다세대주택),251.6,147.84,496.32,20071024,5,0,서울특별시 강동구 암사동 455-36번지
11740,10700,0,0455,0037,,,표제부,공동주택,다세대주택,245.2,117.8,504.11,19940125,4,1,서울특별시 강동구 암사동 455-37번지
11740,10700,0,0455,0038,,,일반건축물,단독주택,다가구용단독주택(5가구),145.4,87.09,248.1,19970529,2,1,서울특별시 강동구 암사동 455-38번지
11740,10700,0,0455,0039,,,표제부,공동주택,공동주택(다세대주택),166.1,99.59,344.83,20010918,4,0,서울특별시 강동구 암사동 455-39번지
11740,10700,0,0455,0040,,,일반건축물,단독주택,"단독주택(4가구), 근린생활시설",120.2,71.28,178.56,20130916,4,0,서울특별시 강동구 암사동 455-40번지
11740,10700,0,0455,0041,,,일반건축물,단독주택,단독주택,0,118.18,354.54,19810408,2,1,서울특별시 강동구 암사동 455-41번지
11740,10700,0,0455,0042,,,일반건축물,제2종근린생활시설,"근린생활시설, 다가구주택",214.8,106.92,439.92,19920711,4,1,서울특별시 강동구 암사동 455-42번지
11740,10700,0,0455,0043,햇살담은채,,표제부,공동주택,"제1종근린생활시설,다세대주택",175.9,105.35,351.58,20210813,5,0,서울특별시 강동구 암사동 455-43번지
11740,10700,0,0455,0044,다온빌,,표제부,공동주택,도시형생활주택(원룸형),242.6,145.47,477.18,20221111,5,0,서울특별시 강동구 암사동 455-44번지
11740,10700,0,0455,0045,,,표제부,공동주택,"근생, 다세대주택",386.6,229.85,755.31,20120914,5,0,서울특별시 강동구 암사동 455-45번지
11740,10700,0,0455,0048,,,일반건축물,제1종근린생활시설,제1종근린생활시설 외2,334,189.22,646.12,19920610,3,1,서울특별시 강동구 암사동 455-48번지
11740,10700,0,0455,0051,엘림하우스,,표제부,공동주택,다세대주택,350.5,209.64,659.52,20200117,5,0,서울특별시 강동구 암사동 455-51번지
11740,10700,0,0455,0053,,,일반건축물,단독주택,단독주택,175.2,82.14,249.93,19880118,2,1,서울특별시 강동구 암사동 455-53번지
11740,10700,0,0455,0055,스카이캐슬라암사,,표제부,공동주택,도시형생활주택,310.9,186.03,655.66,20220701,6,1,서울특별시 강동구 암사동 455-55번지
11740,10700,0,0455,0057,,,일반건축물,단독주택,단독주택,126.8,63.24,189.72,19891111,2,1,서울특별시 강동구 암사동 455-57번지
11740,10700,0,0455,0061,,,표제부,공동주택,공동주택(다세대주택),253,147.6,498.24,20071029,5,0,서울특별시 강동구 암사동 455-61번지
11740,10700,0,0455,0062,우미건축,,표제부,공동주택,공동주택(도시형생활주택-단지형다세대),254.4,133.06,499.24,20160325,6,0,서울특별시 강동구 암사동 455-62번지
11740,10700,0,0456,0000,,,일반건축물,제2종근린생활시설,"1,2종근린생활시설",0,106.01,555.81,19900727,4,1,서울특별시 강동구 암사동 456번지
11740,10700,0,0456,0001,다솜빌,,표제부,공동주택,다세대주택,304.7,181.52,608.54,20150416,5,0,서울특별시 강동구 암사동 456-1번지
11740,10700,0,0456,0003,동양 아트빌,,표제부,공동주택,공동주택(다세대주택),207.8,124.48,504.64,20020916,5,0,서울특별시 강동구 암사동 456-3번지
11740,10700,0,0456,0004,,,표제부,공동주택,다세대주택,169.4,98.44,447.6,19931105,4,1,서울특별시 강동구 암사동 456-4번지
11740,10700,0,0456,0007,,,일반건축물,단독주택,단독주택,226.2,100.38,285.43,19881216,2,1,서울특별시 강동구 암사동 456-7번지
11740,10700,0,0456,0008,,,일반건축물,단독주택,단독주택,0,66.84,203.76,19880727,2,1,서울특별시 강동구 암사동 456-8번지
11740,10700,0,0456,0009,,,일반건축물,단독주택,단독주택,0,62.87,188.61,19860526,2,1,서울특별시 강동구 암사동 456-9번지
11740,10700,0,0456,0010,,,일반건축물,단독주택,단독주택,150.66,75.31,225.54,19880428,2,1,서울특별시 강동구 암사동 456-10번지
11740,10700,0,0456,0011,,,일반건축물,단독주택,단독주택,111.4,55.11,165.33,19880903,2,1,서울특별시 강동구 암사동 456-11번지
11740,10700,0,0456,0012,,,일반건축물,단독주택,단독주택,0,57.5,172.5,19850625,2,1,서울특별시 강동구 암사동 456-12번지
11740,10700,0,0456,0014,삼성아트빌,,표제부,공동주택,다세대주택(도시형생활주택),251.3,141.95,499.2,20151016,6,0,서울특별시 강동구 암사동 456-14번지
11740,10700,0,0456,0015,,,일반건축물,단독주택,단독주택,0,66.54,199.62,19900112,2,1,서울특별시 강동구 암사동 456-15번지
11740,10700,0,0456,0016,,,일반건축물,단독주택,다가구용단독주택(3가구),167,80.45,238.53,19910907,2,1,서울특별시 강동구 암사동 456-16번지
11740,10700,0,0456,0017,,,일반건축물,단독주택,단독주택,0,61.83,185.49,19841210,2,1,서울특별시 강동구 암사동 456-17번지
11740,10700,0,0456,0018,,,일반건축물,단독주택,단독주택,134.2,66.68,199.62,19880105,2,1,서울특별시 강동구 암사동 456-18번지
11740,10700,0,0456,0019,,,일반건축물,단독주택,단독주택,148.8,74.17,222.51,19871230,2,1,서울특별시 강동구 암사동 456-19번지
11740,10700,0,0456,0020,,,일반건축물,단독주택,단독주택,0,65.61,196.83,19850511,2,1,서울특별시 강동구 암사동 456-20번지
11740,10700,0,0456,0023,로뎀하우스,,일반건축물,단독주택,다가구주택 및 근린생활시설,111.6,66.76,223.05,20110624,5,0,서울특별시 강동구 암사동 456-23번지
11740,10700,0,0456,0024,,,일반건축물,단독주택,주택,0,58.58,66.05,19740621,1,1,서울특별시 강동구 암사동 456-24번지
11740,10700,0,0456,0025,,,일반건축물,단독주택,주택,0,61.06,124.82,19740621,2,1,서울특별시 강동구 암사동 456-25번지
11740,10700,0,0456,0026,,,일반건축물,단독주택,단독주택,169.3,83.31,246.78,19870703,2,1,서울특별시 강동구 암사동 456-26번지
11740,10700,0,0456,0027,,,일반건축물,단독주택,단독주택,115.2,57.24,171.72,19870820,2,1,서울특별시 강동구 암사동 456-27번지
11740,10700,0,0456,0028,,,일반건축물,단독주택,단독주택,131.6,65.6,196.8,19920108,2,1,서울특별시 강동구 암사동 456-28번지
11740,10700,0,0456,0029,,,일반건축물,단독주택,단독주택,159.1,79.48,242.4,19880504,2,1,서울특별시 강동구 암사동 456-29번지
11740,10700,0,0456,0030,,,일반건축물,단독주택,다가구용단독주택(7가구),165.2,98.65,275.61,19930920,2,1,서울특별시 강동구 암사동 456-30번지
11740,10700,0,0456,0031,,,일반건축물,단독주택,단독주택,152.5,76.11,226.92,19870708,2,1,서울특별시 강동구 암사동 456-31번지
11740,10700,0,0456,0032,,,일반건축물,단독주택,"단독주택,근린생활시설",94.3,56.39,187.48,20191205,5,0,서울특별시 강동구 암사동 456-32번지
11740,10700,0,0456,0033,,,표제부,공동주택,공동주택(단지형다세대),225.7,128.1,449.18,20151119,6,0,서울특별시 강동구 암사동 456-33번지
11740,10700,0,0456,0034,,,일반건축물,단독주택,"다가구주택,근린생활시설",107.4,64.26,181.04,20161028,4,0,서울특별시 강동구 암사동 456-34번지
11740,10700,0,0456,0035,,,일반건축물,단독주택,단독주택,106.8,53.08,186.63,19870826,3,1,서울특별시 강동구 암사동 456-35번지
11740,10700,0,0456,0036,,,표제부,공동주택,근린생활시설,125.8,68.44,210.56,20130910,4,0,서울특별시 강동구 암사동 456-36번지
11740,10700,0,0456,0037,,,일반건축물,단독주택,"주택, 근린생활시설",139,68.66,78.08,19740810,1,1,서울특별시 강동구 암사동 456-37번지
11740,10700,0,0456,0038,,,일반건축물,단독주택,단독주택,0,82.89,246.28,19850712,2,1,서울특별시 강동구 암사동 456-38번지
11740,10700,0,0456,0039,,,일반건축물,단독주택,단독주택,137.3,67.34,208.32,19890303,2,1,서울특별시 강동구 암사동 456-39번지
11740,10700,0,0456,0040,,,일반건축물,단독주택,다가구용단독주택(4가구),122.7,49.67,149.01,19920516,2,1,서울특별시 강동구 암사동 456-40번지
11740,10700,0,0456,0041,선린아트빌,,표제부,공동주택,다세대주택,166.2,99,332.22,20120716,5,0,서울특별시 강동구 암사동 456-41번지
11740,10700,0,0456,0042,,,일반건축물,단독주택,"단독주택(다중주택),제2종근린생활시설",156.6,93.66,399.89,20211101,4,1,서울특별시 강동구 암사동 456-42번지
11740,10700,0,0456,0043,,,일반건축물,단독주택,다가구단독주택,125.5,70.72,196.83,19920516,2,1,서울특별시 강동구 암사동 456-43번지
11740,10700,0,0456,0044,,,일반건축물,단독주택,"주택, 점포",0,51.9,102.94,19741211,2,0,서울특별시 강동구 암사동 456-44번지
11740,10700,0,0456,0045,,,표제부,공동주택,공동주택(다세대주택),129.1,75.4,287.46,20011018,4,0,서울특별시 강동구 암사동 456-45번지
11740,10700,0,0456,0046,양지벨로스,,표제부,공동주택,공동주택(도시형생활주택-단지형다세대),191.3,111.02,382.31,20170120,6,0,서울특별시 강동구 암사동 456-46번지
11740,10700,0,0456,0047,,,일반건축물,단독주택,단독주택,130.5,64.71,197.73,19880630,2,1,서울특별시 강동구 암사동 456-47번지
11740,10700,0,0456,0048,,,일반건축물,단독주택,주택,0,72.53,128.4,19750827,2,0,서울특별시 강동구 암사동 456-48번지
11740,10700,0,0456,0049,,,일반건축물,단독주택,단독주택,0,41.28,126.98,19881128,2,1,서울특별시 강동구 암사동 456-49번지
11740,10700,0,0456,0050,,,일반건축물,단독주택,단독주택,0,47.56,146.18,19881129,2,1,서울특별시 강동구 암사동 456-50번지
11740,10700,0,0456,0051,,,일반건축물,단독주택,"단독주택(다가구주택),제2종근린생활시설",102.8,61.39,204.24,20170808,4,0,서울특별시 강동구 암사동 456-51번지
11740,10700,0,0456,0052,,,일반건축물,단독주택,단독주택,88.9,44.32,132.96,19880824,2,1,서울특별시 강동구 암사동 456-52번지
11740,10700,0,0456,0054,태근센드빌,,표제부,공동주택,다세대주택(7세대),176.6,98.95,352.65,20100920,5,0,서울특별시 강동구 암사동 456-54번지
11740,10700,0,0456,0055,,,일반건축물,단독주택,"다가구주택, 제2종근린생활시설",129.6,77.69,257.87,20170921,5,0,서울특별시 강동구 암사동 456-55번지
11740,10700,0,0456,0056,,,일반건축물,단독주택,다가구용단독주택(5가구),94.8,56.5,162.54,19930818,2,1,서울특별시 강동구 암사동 456-56번지
11740,10700,0,0456,0057,,,일반건축물,단독주택,다중주택-2종근린생활시설,96.1,57.4,191.9,20231205,4,0,서울특별시 강동구 암사동 456-57번지
11740,10700,0,0456,0059,,,일반건축물,단독주택,단독주택,0,69.47,208.41,19870930,2,1,서울특별시 강동구 암사동 456-59번지
11740,10700,0,0456,0060,,,일반건축물,단독주택,단독주택,0,88.71,249.39,19851021,2,1,서울특별시 강동구 암사동 456-60번지
11740,10700,0,0456,0061,,,일반건축물,단독주택,단독주택,112.5,55.89,163.02,19850624,2,1,서울특별시 강동구 암사동 456-61번지
11740,10700,0,0456,0062,,,일반건축물,단독주택,단독주택,158,40.04,40.04,19831010,1,0,서울특별시 강동구 암사동 456-62번지
11740,10700,0,0456,0063,,,일반건축물,단독주택,단독주택,126.5,63.11,184.04,19871224,2,1,서울특별시 강동구 암사동 456-63번지
11740,10700,0,0456,0064,,,일반건축물,단독주택,다가구용단독주택,138.2,81.5,259.36,19910919,3,1,서울특별시 강동구 암사동 456-64번지
11740,10700,0,0456,0065,,,일반건축물,단독주택,단독주택,0,35.04,103.49,19851207,2,1,서울특별시 강동구 암사동 456-65번지
11740,10700,0,0456,0066,,,일반건축물,단독주택,단독주택,0,52.29,118.44,19840714,2,1,서울특별시 강동구 암사동 456-66번지
11740,10700,0,0456,0067,,,일반건축물,단독주택,다가구용단독주택(7가구),113.9,68.28,204.84,19910222,2,1,서울특별시 강동구 암사동 456-67번지
11740,10700,0,0456,0068,,,일반건축물,단독주택,단독주택,0,60.12,191.39,19861118,2,1,서울특별시 강동구 암사동 456-68번지
11740,10700,0,0456,0070,도원휴먼빌,,표제부,공동주택,다세대주택,337.3,202.01,657.5,20181123,5,0,서울특별시 강동구 암사동 456-70번지
11740,10700,0,0456,0072,,,일반건축물,단독주택,다가구용단독주택(4가구),101.69,60.96,227.04,19970703,3,1,서울특별시 강동구 암사동 456-72번지
11740,10700,0,0456,0073,,,일반건축물,단독주택,단독주택,0,46.62,139.86,19861230,2,1,서울특별시 강동구 암사동 456-73번지
11740,10700,0,0456,0075,,,일반건축물,단독주택,단독주택(다가구주택),139.55,83.29,222.94,20031210,3,0,서울특별시 강동구 암사동 456-75번지
11740,10700,0,0456,0076,,,일반건축물,단독주택,단독주택,143.14,80.34,223.22,19901114,2,1,서울특별시 강동구 암사동 456-76번지
11740,10700,0,0456,0077,브라이트빌,,표제부,공동주택,다세대주택,131.4,74.77,261.83,20140905,5,0,서울특별시 강동구 암사동 456-77번지
11740,10700,0,0456,0078,,,일반건축물,단독주택,다가구용단독주택(7가구),241.7,144.85,565.2,19960803,3,1,서울특별시 강동구 암사동 456-78번지
11740,10700,0,0456,0079,새롬빌라,,표제부,공동주택,다세대주택,230.4,138.04,562.66,20030103,5,0,서울특별시 강동구 암사동 456-79번지
11740,10700,0,0456,0080,,,표제부,공동주택,다세대주택(8세대),230.5,137.77,552.52,20030127,5,0,서울특별시 강동구 암사동 456-80번지
11740,10700,0,0456,0083,로뎀아트빌,,표제부,공동주택,다세대주택,209.9,124.5,436.28,20101125,5,0,서울특별시 강동구 암사동 456-83번지
11740,10700,0,0456,0084,,,일반건축물,단독주택,"근린생활시설, 기숙사",215.4,102.07,505.78,19931117,4,1,서울특별시 강동구 암사동 456-84번지
11740,10700,0,0456,0085,제이하우스,,일반건축물,단독주택,"다가구주택, 근린생활시설",132,79.12,263.81,20130411,5,0,서울특별시 강동구 암사동 456-85번지
11740,10700,0,0456,0086,,,일반건축물,단독주택,"주택, 점포",0,82.45,179.28,19800324,2,1,서울특별시 강동구 암사동 456-86번지
11740,10700,0,0456,0088,,,일반건축물,단독주택,"단독주택,근린생활시설",114.7,68.25,229.08,20150216,5,0,서울특별시 강동구 암사동 456-88번지
11740,10700,0,0456,0090,,,일반건축물,단독주택,단독주택,0,56.13,167.04,19860911,2,1,서울특별시 강동구 암사동 456-90번지
11740,10700,0,0456,0091,,,일반건축물,제1종근린생활시설,근린생활시설(소매점),0,0,40.46,19740621,2,0,서울특별시 강동구 암사동 456-91번지
11740,10700,0,0456,0092,,,일반건축물,단독주택,"단독주택,제1종근린생활시설",141.5,70.74,218.52,19891018,2,1,서울특별시 강동구 암사동 456-92번지
11740,10700,0,0457,0001,재규어 랜드로버 송파서비스센터,,일반건축물,제2종근린생활시설,제2종근린생활시설,737.29,417.4,1708.22,20151204,5,0,서울특별시 강동구 암사동 457-1번지
11740,10700,0,0457,0004,,,일반건축물,단독주택,단독주택,0,42.86,131.11,19880916,2,1,서울특별시 강동구 암사동 457-4번지
11740,10700,0,0457,0005,,,일반건축물,단독주택,다가구용단독주택(5가구),110.87,51.81,146.01,19910917,2,1,서울특별시 강동구 암사동 457-5번지
11740,10700,0,0457,0006,,,일반건축물,단독주택,단독주택,159.8,79.86,240.98,19890708,2,1,서울특별시 강동구 암사동 457-6번지
11740,10700,0,0457,0007,,,일반건축물,단독주택,단독주택,0,82.39,249.92,19880113,2,1,서울특별시 강동구 암사동 457-7번지
11740,10700,0,0457,0010,하늘영광교회,,일반건축물,종교시설,종교시설,618.83,371.02,1347.57,19871118,5,1,서울특별시 강동구 암사동 457-10번지
11740,10700,0,0457,0013,동용캐슬,,표제부,공동주택,"다세대주택(11세대), 근린생활시설",209.3,125.12,417.74,20150723,5,0,서울특별시 강동구 암사동 457-13번지
11740,10700,0,0457,0014,,,일반건축물,단독주택,"근린생활시설, 주택",123.8,61.56,184.68,19900131,2,1,서울특별시 강동구 암사동 457-14번지
11740,10700,0,0457,0015,대우예다지,,표제부,공동주택,공동주택(다세대주택),276,165.23,551.31,20160121,5,0,서울특별시 강동구 암사동 457-15번지
11740,10700,0,0457,0017,,,일반건축물,단독주택,단독주택,115.1,56.14,174.72,19890303,2,1,서울특별시 강동구 암사동 457-17번지
11740,10700,0,0457,0018,,,일반건축물,단독주택,단독주택,104.4,52.07,159.91,19890711,2,1,서울특별시 강동구 암사동 457-18번지
11740,10700,0,0457,0019,,,일반건축물,단독주택,단독주택,154.5,77.19,231.57,19870616,2,1,서울특별시 강동구 암사동 457-19번지
11740,10700,0,0457,0020,,,일반건축물,단독주택,단독주택,180.5,83.97,242.91,19910131,2,1,서울특별시 강동구 암사동 457-20번지
11740,10700,0,0457,0021,신우아트빌,,일반건축물,단독주택,"다가구주택,제1종근린생활시설",165.3,99.12,327.35,20191213,5,0,서울특별시 강동구 암사동 457-21번지
11740,10700,0,0457,0022,,,일반건축물,단독주택,단독주택,152.1,75.9,227.7,19870918,2,1,서울특별시 강동구 암사동 457-22번지
11740,10700,0,0457,0023,현진빌리지,,표제부,공동주택,다세대주택,480.8,260.25,676.3,20090626,5,0,서울특별시 강동구 암사동 457-23번지
11740,10700,0,0457,0025,연세정형외과,,일반건축물,제1종근린생활시설,근린생활시설,334,164.6,977.52,19900917,5,1,서울특별시 강동구 암사동 457-25번지
11740,10700,0,0457,0026,,,일반건축물,제1종근린생활시설,"근린생활시설, 주택",0,134.15,494.2,19901101,3,1,서울특별시 강동구 암사동 457-26번지
11740,10700,0,0457,0027,화미하우스,,표제부,공동주택,다세대주택,364,217.26,659.26,20140904,5,0,서울특별시 강동구 암사동 457-27번지
11740,10700,0,0457,0028,,,일반건축물,단독주택,다가구주택(14세대),339.2,164.64,658.56,19901221,3,1,서울특별시 강동구 암사동 457-28번지
11740,10700,0,0457,0028,,,일반건축물,단독주택,주택,0,19.83,19.83,,1,0,서울특별시 강동구 암사동 457-28번지
11740,10700,0,0457,0029,정원빌라,,표제부,공동주택,다세대주택,161.8,84.6,263.48,20120713,4,0,서울특별시 강동구 암사동 457-29번지
11740,10700,0,0457,0030,신우휴먼빌,,표제부,공동주택,다세대주택,336.8,202.05,655.79,20190612,5,0,서울특별시 강동구 암사동 457-30번지
11740,10700,0,0457,0031,,,표제부,공동주택,공동주택(다세대주택),222.8,132.84,475.5,20030729,5,0,서울특별시 강동구 암사동 457-31번지
11740,10700,0,0457,0033,신우팰리스,,일반건축물,단독주택,"단독주택,근린생활시설",132.1,79.02,242.27,20190117,5,0,서울특별시 강동구 암사동 457-33번지
11740,10700,0,0457,0034,,,일반건축물,단독주택,"근린생활시설, 주택",0,89.44,370.72,19870428,3,1,서울특별시 강동구 암사동 457-34번지
11740,10700,0,0457,0035,,,일반건축물,단독주택,"근린생활시설, 주택",0,62.5,138.2,19860712,2,1,서울특별시 강동구 암사동 457-35번지
11740,10700,0,0457,0036,,,일반건축물,제2종근린생활시설,근린생활시설,320,151.6,352.8,19920907,2,1,서울특별시 강동구 암사동 457-36번지
11740,10700,0,0457,0042,,,일반건축물,단독주택,단독주택,160,79.92,239.76,19851223,2,1,서울특별시 강동구 암사동 457-42번지
11740,10700,0,0457,0043,,,일반건축물,노유자시설,노유자시설,165.4,99.12,291.88,20091009,3,0,서울특별시 강동구 암사동 457-43번지
11740,10700,0,0457,0044,작은도시 테라홈즈,,일반건축물,단독주택,다가구주택-제1종근린생활시설,158.4,93.09,313.32,20170623,5,0,서울특별시 강동구 암사동 457-44번지
11740,10700,0,0457,0045,,,일반건축물,단독주택,단독주택,0,76.17,228.51,19870911,2,1,서울특별시 강동구 암사동 457-45번지
11740,10700,0,0457,0046,수 비젼빌,,표제부,공동주택,공동주택(다세대주택),289.9,172.14,579.25,20160511,5,0,서울특별시 강동구 암사동 457-46번지
11740,10700,0,0457,0052,,,일반건축물,단독주택,"근린생활시설, 단독주택",259.6,133.09,210.08,19880531,2,0,서울특별시 강동구 암사동 457-52번지
11740,10700,0,0458,0000,제이에스더블유 빌딩,,일반건축물,제1종근린생활시설,제1.2종근린생활시설,257.9,128.45,673.93,19901022,4,1,서울특별시 강동구 암사동 458번지
11740,10700,0,0458,0004,,,일반건축물,단독주택,단독주택,154.9,77.34,237.48,19890420,2,1,서울특별시 강동구 암사동 458-4번지
11740,10700,0,0458,0005,,,일반건축물,단독주택,단독주택,217.86,72.62,217.86,19900704,2,1,서울특별시 강동구 암사동 458-5번지
11740,10700,0,0458,0006,,,일반건축물,단독주택,다가구주택,101.3,60.73,192.75,20210623,4,0,서울특별시 강동구 암사동 458-6번지
11740,10700,0,0458,0007,,,일반건축물,단독주택,단독주택,119.9,59.22,177.66,19890124,2,1,서울특별시 강동구 암사동 458-7번지
11740,10700,0,0458,0008,,,일반건축물,단독주택,단독주택,123.3,61.53,157.15,19840706,2,1,서울특별시 강동구 암사동 458-8번지
11740,10700,0,0458,0009,다성 이즈빌,,표제부,공동주택,공동주택(도시형생활주택),217.7,129.77,380.71,20161017,6,0,서울특별시 강동구 암사동 458-9번지
11740,10700,0,0458,0011,,,일반건축물,단독주택,단독주택,0,59.16,177.48,19881115,2,1,서울특별시 강동구 암사동 458-11번지
11740,10700,0,0458,0012,,,표제부,공동주택,다세대주택,178.7,89.4,444.45,19940527,4,1,서울특별시 강동구 암사동 458-12번지
11740,10700,0,0458,0013,,,표제부,공동주택,공동주택(도시형생활주택-단지형다세대),309.7,176.97,619.33,20160909,6,0,서울특별시 강동구 암사동 458-13번지
11740,10700,0,0458,0017,,,일반건축물,단독주택,"단독주택(다가구주택),근린생활시설",196.83,116.35,392.35,20160211,5,0,서울특별시 강동구 암사동 458-17번지
11740,10700,0,0458,0019,A타운,,표제부,공동주택,"공동주택,근린생활시설",455.6,270.14,1141.52,20170125,6,1,서울특별시 강동구 암사동 458-19번지
11740,10700,0,0458,0020,,,일반건축물,단독주택,단독주택,0,75.59,223.68,19830827,2,1,서울특별시 강동구 암사동 458-20번지
11740,10700,0,0458,0021,,,일반건축물,단독주택,단독주택,0,75.27,225.81,19850503,2,1,서울특별시 강동구 암사동 458-21번지
11740,10700,0,0458,0023,,,일반건축물,단독주택,단독주택,167.9,82.29,246.87,19890126,2,1,서울특별시 강동구 암사동 458-23번지
11740,10700,0,0458,0024,,,일반건축물,단독주택,"근린생활시설, 주택",195.2,114.36,195.32,19780831,2,1,서울특별시 강동구 암사동 458-24번지
11740,10700,0,0458,0025,,,일반건축물,단독주택,주택,0,83.4,123.6,19790424,1,1,서울특별시 강동구 암사동 458-25번지
11740,10700,0,0458,0026,,,일반건축물,단독주택,주택,0,89.82,179.64,19791228,1,1,서울특별시 강동구 암사동 458-26번지
11740,10700,0,0458,0027,,,일반건축물,단독주택,다가구용단독주택(7가구),179.8,105.78,349.92,19930507,3,1,서울특별시 강동구 암사동 458-27번지
11740,10700,0,0458,0030,,,일반건축물,단독주택,단독주택,0,80.64,247.71,19880610,2,1,서울특별시 강동구 암사동 458-30번지
11740,10700,0,0458,0031,,,일반건축물,단독주택,"근린생활시설, 다가구주택",183.6,108.84,534.29,19961228,4,1,서울특별시 강동구 암사동 458-31번지
11740,10700,0,0458,0032,,,일반건축물,단독주택,단독주택,109.7,54.66,163.98,19880628,2,1,서울특별시 강동구 암사동 458-32번지
11740,10700,0,0458,0033,,,일반건축물,단독주택,단독주택,0,53.7,165.42,19880930,2,1,서울특별시 강동구 암사동 458-33번지
11740,10700,0,0458,0034,중앙하이츠,,표제부,공동주택,도시형생활주택(단지형 14세대),696.8,177.51,656.76,20150515,6,0,서울특별시 강동구 암사동 458-34번지
11740,10700,0,0458,0034,중앙하이츠,,표제부,공동주택,도시형생활주택(단지형 15세대),696.8,177.51,659.42,20150515,6,0,서울특별시 강동구 암사동 458-34번지
11740,10700,0,0458,0040,,,일반건축물,단독주택,단독주택,0,47.95,146.37,19861122,2,1,서울특별시 강동구 암사동 458-40번지
11740,10700,0,0458,0041,,,일반건축물,단독주택,단독주택,0,71.42,214.26,19860906,2,1,서울특별시 강동구 암사동 458-41번지
11740,10700,0,0458,0042,,,표제부,공동주택,"공동주택,다세대주택",266.3,159.1,599.96,20040202,5,0,서울특별시 강동구 암사동 458-42번지
11740,10700,0,0458,0043,엘림하우스,,표제부,공동주택,공동주택(다세대주택),341,203.08,659.68,20200818,5,0,서울특별시 강동구 암사동 458-43번지
11740,10700,0,0458,0045,,,일반건축물,단독주택,단독주택,111.6,55.42,166.26,19850920,2,1,서울특별시 강동구 암사동 458-45번지
11740,10700,0,0458,0046,,,일반건축물,단독주택,단독주택,0,53.4,160.2,19880613,2,1,서울특별시 강동구 암사동 458-46번지
11740,10700,0,0458,0048,,,일반건축물,단독주택,단독주택,0,56.2,180,19900113,2,1,서울특별시 강동구 암사동 458-48번지
11740,10700,0,0458,0050,,,표제부,공동주택,"공동주택,다세대주택",256.6,152.27,562.05,20040202,5,0,서울특별시 강동구 암사동 458-50번지
11740,10700,0,0458,0052,휴먼에코빌,,표제부,공동주택,다세대주택,327.8,194.78,634.5,20150213,5,0,서울특별시 강동구 암사동 458-52번지
11740,10700,0,0458,0053,,,일반건축물,단독주택,단독주택,0,64.5,198.54,19891229,2,1,서울특별시 강동구 암사동 458-53번지
11740,10700,0,0458,0054,,,일반건축물,단독주택,단독주택,99.6,49.7,149.1,19900216,2,1,서울특별시 강동구 암사동 458-54번지
11740,10700,0,0458,0055,,,일반건축물,단독주택,단독주택,110.2,54.8,164.4,19880708,2,1,서울특별시 강동구 암사동 458-55번지
11740,10700,0,0458,0056,,,일반건축물,단독주택,단독주택,130.7,55.21,165.63,19890208,2,1,서울특별시 강동구 암사동 458-56번지
11740,10700,0,0458,0057,,,일반건축물,단독주택,단독주택,0,64.08,192.24,19890131,2,1,서울특별시 강동구 암사동 458-57번지
11740,10700,0,0458,0059,유일 아트빌,,표제부,공동주택,공동주택(다세대 주택),230.7,137.44,503.97,20021211,5,0,서울특별시 강동구 암사동 458-59번지
11740,10700,0,0458,0060,,,표제부,공동주택,연립주택,0,532.8,2259.2,19910814,3,1,서울특별시 강동구 암사동 458-60번지
11740,10700,0,0458,0061,,,표제부,공동주택,다세대주택,181.9,108.64,401.26,20020712,4,0,서울특별시 강동구 암사동 458-61번지
11740,10700,0,0458,0062,,,일반건축물,제2종근린생활시설,교회,0,114.31,198.11,19790613,1,1,서울특별시 강동구 암사동 458-62번지
11740,10700,0,0458,0063,,,표제부,공동주택,다세대주택,0,310.7,650.1,19910417,3,1,서울특별시 강동구 암사동 458-63번지
11740,10700,0,0458,0065,,,일반건축물,단독주택,단독주택,101.6,50.4,150.12,19850725,2,1,서울특별시 강동구 암사동 458-65번지
11740,10700,0,0458,0066,,,일반건축물,단독주택,단독주택,0,56.43,178.47,19850824,2,1,서울특별시 강동구 암사동 458-66번지
11740,10700,0,0458,0067,,,일반건축물,단독주택,"근린생활시설, 단독주택",0,56.54,126.95,19841008,2,1,서울특별시 강동구 암사동 458-67번지
11740,10700,0,0458,0068,,,일반건축물,단독주택,단독주택,0,54.36,163.08,19850824,2,1,서울특별시 강동구 암사동 458-68번지
11740,10700,0,0458,0069,,,일반건축물,단독주택,다가구용단독주택(4),132.3,61.27,119.85,19971110,2,1,서울특별시 강동구 암사동 458-69번지
11740,10700,0,0458,0070,,,일반건축물,단독주택,단독주택,108.45,52.83,158.49,19900801,2,1,서울특별시 강동구 암사동 458-70번지
11740,10700,0,0458,0071,,,일반건축물,단독주택,단독주택(다가구주택),110.4,65.71,250.58,19971111,3,1,서울특별시 강동구 암사동 458-71번지
11740,10700,0,0458,0072,,,일반건축물,단독주택,"다가구주택,근린생활시설",129.6,77.66,205.18,20160912,4,0,서울특별시 강동구 암사동 458-72번지
11740,10700,0,0458,0073,,,일반건축물,단독주택,단독주택,0,66.09,205.47,19870801,2,1,서울특별시 강동구 암사동 458-73번지
11740,10700,0,0458,0074,태원빌,,표제부,공동주택,근린생활시설 및 다세대주택,159.1,90.82,365.17,20101213,4,1,서울특별시 강동구 암사동 458-74번지
11740,10700,0,0458,0076,,,일반건축물,단독주택,다가구용단독주택(7가구),180,107.32,411.41,19970809,3,1,서울특별시 강동구 암사동 458-76번지
11740,10700,0,0458,0077,,,일반건축물,단독주택,주택,0,84.56,171.04,19820629,2,1,서울특별시 강동구 암사동 458-77번지
11740,10700,0,0458,0080,한솔아트빌,,표제부,공동주택,"도시형생활주택,자동차관련시설",239.9,130.96,667.21,20190129,6,1,서울특별시 강동구 암사동 458-80번지
11740,10700,0,0458,0082,,,일반건축물,단독주택,다가구용단독주택(4가구),125.7,66.59,199.41,19910622,2,1,서울특별시 강동구 암사동 458-82번지
11740,10700,0,0459,0000,,,일반건축물,자동차관련시설,자동차관련시설(정비공장),834.6,397.24,429.2,19930520,1,1,서울특별시 강동구 암사동 459번지
11740,10700,0,0459,0001,다성이즈빌,,표제부,공동주택,아파트,1012.4,258.3,2520.69,20160225,12,1,서울특별시 강동구 암사동 459-1번지
11740,10700,0,0459,0002,,,일반건축물,제1종근린생활시설,"근린생활시설,단독주택",300.8,147.75,459,19830824,3,1,서울특별시 강동구 암사동 459-2번지
11740,10700,0,0459,0003,성원빌라트,,표제부,공동주택,"공동주택,다세대주택",183.1,109.38,421.97,20040302,5,0,서울특별시 강동구 암사동 459-3번지
11740,10700,0,0459,0004,,,일반건축물,단독주택,다가구용단독주택(7가구),153.2,91.36,362.4,19960626,3,1,서울특별시 강동구 암사동 459-4번지
11740,10700,0,0459,0005,,,일반건축물,단독주택,단독주택,151.5,75.72,239.76,19930803,2,1,서울특별시 강동구 암사동 459-5번지
11740,10700,0,0459,0006,선아트빌,,표제부,공동주택,다세대주택(도시형생활주택 단지형),154.3,91.11,302.82,20140603,5,0,서울특별시 강동구 암사동 459-6번지
11740,10700,0,0459,0007,,,일반건축물,단독주택,다가구용단독주택,156,84.09,244.77,19910702,2,1,서울특별시 강동구 암사동 459-7번지
11740,10700,0,0459,0009,행복하우스,,일반건축물,단독주택,"근린생활시설,단독주택(다가구주택)",152.7,91.35,278.91,20170711,4,0,서울특별시 강동구 암사동 459-9번지
11740,10700,0,0459,0010,,,일반건축물,단독주택,다가구용단독주택(6가구),148.3,88.08,255.14,19930203,3,1,서울특별시 강동구 암사동 459-10번지
11740,10700,0,0459,0013,,,일반건축물,단독주택,단독주택,0,79.83,251.13,19861230,2,1,서울특별시 강동구 암사동 459-13번지
11740,10700,0,0459,0014,,,일반건축물,단독주택,단독주택(다가구주택),195.8,113.48,325.12,20021101,5,0,서울특별시 강동구 암사동 459-14번지
11740,10700,0,0459,0015,,,일반건축물,단독주택,단독주택,178.3,96.8,256.76,19891103,2,1,서울특별시 강동구 암사동 459-15번지
11740,10700,0,0459,0016,리츠하우스,,표제부,공동주택,공동주택(도시형생활주택-단지형다세대),320.6,189.05,640.88,20160603,5,0,서울특별시 강동구 암사동 459-16번지
11740,10700,0,0459,0018,,,표제부,공동주택,"다세대주택,근린생활시설",190.2,113.76,371.26,20161213,6,0,서울특별시 강동구 암사동 459-18번지
11740,10700,0,0459,0019,,서울특별시 강동구 암사동 459블럭 19노트,표제부,공동주택,공동주택(다세대 주택),207.2,120.31,579.84,20020917,4,1,서울특별시 강동구 암사동 459-19번지
11740,10700,0,0459,0020,,,표제부,공동주택,공동주택(다세대주택),211.4,126.48,369.24,20020530,3,0,서울특별시 강동구 암사동 459-20번지
11740,10700,0,0459,0021,,,일반건축물,단독주택,단독주택,0,94.34,292.65,19881201,2,1,서울특별시 강동구 암사동 459-21번지
11740,10700,0,0459,0022,,,일반건축물,단독주택,단독주택,0,92.5,219.79,19830906,2,1,서울특별시 강동구 암사동 459-22번지
11740,10700,0,0459,0023,,,일반건축물,단독주택,"제1종근린생활시설, 다가구주택",172.5,92.18,312.28,19840525,3,1,서울특별시 강동구 암사동 459-23번지
11740,10700,0,0459,0024,,,일반건축물,단독주택,다가구주택(7가구),170.7,99.85,351.35,19970312,3,1,서울특별시 강동구 암사동 459-24번지
11740,10700,0,0459,0025,,,일반건축물,단독주택,단독주택,162.9,80.91,242.73,19881012,2,1,서울특별시 강동구 암사동 459-25번지
11740,10700,0,0459,0026,대우예다지,,표제부,공동주택,공동주택(다세대주택),339.8,198.65,659.8,20150914,5,0,서울특별시 강동구 암사동 459-26번지
11740,10700,0,0459,0028,,,표제부,공동주택,다세대주택,257.9,154.52,659.61,20011117,4,1,서울특별시 강동구 암사동 459-28번지
11740,10700,0,0459,0029,그린빌,,표제부,공동주택,공동주택(다세대주택),180.4,108.14,360.2,20150916,5,0,서울특별시 강동구 암사동 459-29번지
11740,10700,0,0459,0030,장안빌,,표제부,공동주택,공동주택(다세대주택),156.5,93.61,259.4,20160115,5,0,서울특별시 강동구 암사동 459-30번지
11740,10700,0,0459,0031,이루빌,,일반건축물,단독주택,다가구주택(6가구),205.4,122.4,468,19960320,4,1,서울특별시 강동구 암사동 459-31번지
11740,10700,0,0459,0032,,,표제부,공동주택,공동주택(도시형생활주택-단지형다세대),338,186.91,659.38,20160511,6,0,서울특별시 강동구 암사동 459-32번지
11740,10700,0,0459,0034,,,일반건축물,단독주택,다가구용단독주택(7가구),164.2,95.4,346.68,19950929,3,1,서울특별시 강동구 암사동 459-34번지
11740,10700,0,0459,0035,,,일반건축물,단독주택,단독주택,0,80.85,242.55,19860519,2,1,서울특별시 강동구 암사동 459-35번지
11740,10700,0,0459,0036,,,일반건축물,단독주택,단독주택,163.4,81.6,248.85,19880623,2,1,서울특별시 강동구 암사동 459-36번지
11740,10700,0,0459,0037,,,일반건축물,단독주택,단독주택,142.5,71.07,215.01,19881117,2,1,서울특별시 강동구 암사동 459-37번지
11740,10700,0,0459,0038,,,일반건축물,단독주택,다가구주택,155.6,88.72,348.43,19991213,3,1,서울특별시 강동구 암사동 459-38번지
11740,10700,0,0459,0039,,,일반건축물,단독주택,다가구용단독주택(4가구),150.8,83.66,299.83,19961206,3,1,서울특별시 강동구 암사동 459-39번지
11740,10700,0,0459,0040,,,일반건축물,단독주택,단독주택,0,81.78,182.28,19830601,2,1,서울특별시 강동구 암사동 459-40번지
11740,10700,0,0459,0041,,,일반건축물,단독주택,단독주택,152.1,75.57,226.71,19880824,2,1,서울특별시 강동구 암사동 459-41번지
11740,10700,0,0459,0042,우노펠리스,,표제부,공동주택,도시형생활주택,306.1,181.27,627.77,20190410,6,1,서울특별시 강동구 암사동 459-42번지
11740,10700,0,0459,0044,,,일반건축물,단독주택,단독주택,154.5,77.13,239.79,19871230,2,1,서울특별시 강동구 암사동 459-44번지
11740,10700,0,0459,0045,,,일반건축물,단독주택,단독주택,0,82.26,192.6,19831121,2,1,서울특별시 강동구 암사동 459-45번지
11740,10700,0,0459,0046,,,표제부,공동주택,공동주택(다세대주택),208.2,123.85,439.64,20030628,5,0,서울특별시 강동구 암사동 459-46번지
11740,10700,0,0459,0047,체리하우스,,표제부,공동주택,공동주택(도시형생활주택-단지형다세대),259.5,151.12,517.98,20170110,6,0,서울특별시 강동구 암사동 459-47번지
11740,10700,0,0459,0048,예성아트빌,,표제부,공동주택,공동주택(다세대주택),187.1,109.46,374.12,20160804,5,0,서울특별시 강동구 암사동 459-48번지
11740,10700,0,0459,0049,샤론팰리스,,표제부,공동주택,공동주택(다세대주택),163.1,97.19,325.92,20160811,5,0,서울특별시 강동구 암사동 459-49번지
11740,10700,0,0459,0050,리치빌,,표제부,공동주택,공동주택(다세대주택),154.5,90.68,281.84,20160831,5,0,서울특별시 강동구 암사동 459-50번지
11740,10700,0,0459,0051,,,일반건축물,단독주택,다가구용단독주택(7가구),157,91.76,332.46,19951009,3,1,서울특별시 강동구 암사동 459-51번지
11740,10700,0,0459,0052,,,일반건축물,단독주택,단독주택,146.9,72.45,217.35,19870207,2,1,서울특별시 강동구 암사동 459-52번지
11740,10700,0,0459,0053,,,일반건축물,단독주택,단독주택,0,70.11,210.33,19871120,2,1,서울특별시 강동구 암사동 459-53번지
11740,10700,0,0459,0054,,,일반건축물,단독주택,단독주택,0,75.06,229.23,19860716,2,1,서울특별시 강동구 암사동 459-54번지
11740,10700,0,0459,0055,,,일반건축물,단독주택,단독주택,151.5,75.15,225.45,19850826,2,1,서울특별시 강동구 암사동 459-55번지
11740,10700,0,0459,0056,,,일반건축물,노유자시설,노유자시설(어린이집),0,76.86,185.23,19830604,2,1,서울특별시 강동구 암사동 459-56번지
11740,10700,0,0459,0057,,,일반건축물,단독주택,다가구용단독주택(7가구),150.8,80.45,294.4,19930716,3,1,서울특별시 강동구 암사동 459-57번지
11740,10700,0,0459,0058,대우예다지,,표제부,공동주택,다세대주택,366.4,192.13,659.76,20150323,5,0,서울특별시 강동구 암사동 459-58번지
11740,10700,0,0459,0060,,,일반건축물,단독주택,단독주택,173.7,82.3,254.1,19830922,2,1,서울특별시 강동구 암사동 459-60번지
11740,10700,0,0459,0061,,,일반건축물,단독주택,다가구용단독주택(9가구),151.8,90.64,329.54,19931007,3,1,서울특별시 강동구 암사동 459-61번지
11740,10700,0,0459,0062,금성파크빌,,표제부,공동주택,공동주택,316.3,173.8,650.14,20020523,5,0,서울특별시 강동구 암사동 459-62번지
11740,10700,0,0459,0064,,,표제부,공동주택,공동주택,191.5,114.09,474.7,20020404,4,1,서울특별시 강동구 암사동 459-64번지
11740,10700,0,0459,0065,,,일반건축물,단독주택,단독주택,135.6,67.5,203.85,19881015,2,1,서울특별시 강동구 암사동 459-65번지
11740,10700,0,0459,0066,,,표제부,공동주택,공동주택,183.7,109.68,427.03,20020730,4,0,서울특별시 강동구 암사동 459-66번지
11740,10700,0,0459,0068,,,일반건축물,단독주택,단독주택,0,82.2,246.6,19830507,2,1,서울특별시 강동구 암사동 459-68번지
11740,10700,0,0459,0069,,,일반건축물,단독주택,단독주택,0,82,246,19830507,2,1,서울특별시 강동구 암사동 459-69번지
11740,10700,0,0459,0073,,,일반건축물,단독주택,단독주택,166.5,82.61,249.73,19881231,2,1,서울특별시 강동구 암사동 459-73번지
11740,10700,0,0460,0000,탑27,,표제부,공동주택,"다세대주택,제2종근린생활시설",533.8,275.02,1648.25,20200924,6,2,서울특별시 강동구 암사동 460번지
11740,10700,0,0460,0006,,,일반건축물,단독주택,단독주택,0,104.36,307.32,19880114,2,1,서울특별시 강동구 암사동 460-6번지
11740,10700,0,0460,0007,,,일반건축물,단독주택,단독주택 외1,0,103.55,494.83,19900927,4,1,서울특별시 강동구 암사동 460-7번지
11740,10700,0,0460,0008,,,일반건축물,단독주택,다가구주택,154.1,92.16,296.04,19850927,3,1,서울특별시 강동구 암사동 460-8번지
11740,10700,0,0460,0009,,,일반건축물,단독주택,단독주택,0,99.6,298.8,19871110,2,1,서울특별시 강동구 암사동 460-9번지
11740,10700,0,0460,0010,,,표제부,공동주택,다세대주택,169.3,81.84,299.16,19911026,3,1,서울특별시 강동구 암사동 460-10번지
11740,10700,0,0460,0011,,,일반건축물,단독주택,단독주택,0,79.03,238.14,19851111,2,1,서울특별시 강동구 암사동 460-11번지
11740,10700,0,0460,0012,,,일반건축물,단독주택,단독주택,0,82.08,176.04,19830524,2,1,서울특별시 강동구 암사동 460-12번지
11740,10700,0,0460,0014,,,일반건축물,단독주택,다가구용단독주택(11가구),229.1,126.51,493.26,19910322,3,1,서울특별시 강동구 암사동 460-14번지
11740,10700,0,0460,0015,,,일반건축물,제2종근린생활시설,"근린생활시설, 업무시설",829.2,382.66,2879.95,19901204,5,2,서울특별시 강동구 암사동 460-15번지
11740,10700,0,0461,0000,대원아파트,,표제부,공동주택,"공동주택, 근린생활시설,아파트",2959.1,1210.88,18819.62,19980629,19,3,서울특별시 강동구 암사동 461번지
11740,10700,0,0461,0003,,,일반건축물,단독주택,"근린생활시설, 주택",184.7,92.16,478.08,19881210,4,1,서울특별시 강동구 암사동 461-3번지
11740,10700,0,0461,0004,,,일반건축물,제1종근린생활시설,"근린생활시설, 주택",164.8,81.54,423.6,19901108,4,1,서울특별시 강동구 암사동 461-4번지
11740,10700,0,0461,0005,,,표제부,공동주택,연립주택,434.5,181.18,682.34,19910416,3,1,서울특별시 강동구 암사동 461-5번지
11740,10700,0,0461,0006,,,일반건축물,단독주택,다가구주택(7가구),210.1,124.23,419.71,19970612,3,1,서울특별시 강동구 암사동 461-6번지
11740,10700,0,0461,0010,,,일반건축물,제2종근린생활시설,제2종근린생활시설,0,82.44,182.43,19830518,2,1,서울특별시 강동구 암사동 461-10번지
11740,10700,0,0461,0011,,,표제부,공동주택,근린생활시설 및 다세대주택,185.2,101.7,372.2,20030228,4,0,서울특별시 강동구 암사동 461-11번지
11740,10700,0,0462,0000,,,일반건축물,제1종근린생활시설,근린생활시설,437.2,217.1,962.03,19930108,3,1,서울특별시 강동구 암사동 462번지
11740,10700,0,0462,0001,길동수성빌딩,,일반건축물,교육연구시설,교육연구시설 외1,0,203.4,1414.74,19911017,6,1,서울특별시 강동구 암사동 462-1번지
11740,10700,0,0462,0002,,,일반건축물,제2종근린생활시설,근린생활시설,407.5,201.3,717.3,19921124,2,1,서울특별시 강동구 암사동 462-2번지
11740,10700,0,0462,0003,,,일반건축물,제2종근린생활시설,제1종근린생활시설외,496.2,243.51,1300.76,19890401,4,1,서울특별시 강동구 암사동 462-3번지
11740,10700,0,0462,0005,,,일반건축물,제2종근린생활시설,"근린생활시설, 단독주택",296.5,165.42,740.34,19950427,4,1,서울특별시 강동구 암사동 462-5번지
11740,10700,0,0462,0006,,,표제부,공동주택,"공동주택,다세대주택",236.5,117.96,497.38,20041018,5,0,서울특별시 강동구 암사동 462-6번지
11740,10700,0,0462,0007,상목아트빌,,표제부,공동주택,공동주택(다세대주택),236.4,141.08,440.89,20040831,5,0,서울특별시 강동구 암사동 462-7번지
11740,10700,0,0462,0008,암사동 삼성베스트빌,,표제부,공동주택,공동주택(도시형생활주택-단지형다세대),420.7,197.92,658.82,20160122,6,0,서울특별시 강동구 암사동 462-8번지
11740,10700,0,0462,0009,다민빌딩,,일반건축물,제2종근린생활시설,근린생활시설,361.2,180.3,997.14,20090709,5,1,서울특별시 강동구 암사동 462-9번지
11740,10700,0,0462,0011,,,일반건축물,숙박시설,숙박시설(여관)외2,421.8,165.51,834.8,19830211,4,1,서울특별시 강동구 암사동 462-11번지
11740,10700,0,0462,0012,,,일반건축물,제1종근린생활시설,근린생활시설,213.2,127.5,226.41,19940406,2,0,서울특별시 강동구 암사동 462-12번지
11740,10700,0,0462,0013,모던아트빌,,표제부,공동주택,공동주택(다세대주택),218.5,128.25,458.95,20031230,5,0,서울특별시 강동구 암사동 462-13번지
11740,10700,0,0462,0014,유성아트빌,,표제부,공동주택,다세대주택,244.1,145.92,543.56,20020228,5,0,서울특별시 강동구 암사동 462-14번지
11740,10700,0,0462,0015,,,일반건축물,단독주택,"주택, 근린생활시설",0,124.6,252.24,19791109,2,0,서울특별시 강동구 암사동 462-15번지
11740,10700,0,0462,0016,,,일반건축물,단독주택,"단독주택(제1,2종근린생활시설및다가구주택)",263.8,130.66,609.67,20071122,5,0,서울특별시 강동구 암사동 462-16번지
11740,10700,0,0462,0017,,3,표제부,공동주택,공동주택(다세대주택),254.2,152.28,540.74,20030422,5,0,서울특별시 강동구 암사동 462-17번지
11740,10700,0,0462,0018,,,일반건축물,단독주택,"제2종근린생활시설,다가구주택",226.8,127.6,461.04,20040303,4,0,서울특별시 강동구 암사동 462-18번지
11740,10700,0,0462,0019,,,일반건축물,단독주택,다가구용단독주택(6가구),195.1,85.8,199.71,19910829,2,1,서울특별시 강동구 암사동 462-19번지
11740,10700,0,0462,0020,,,일반건축물,단독주택,다가구용단독주택,167.1,98.74,297.45,19951106,3,1,서울특별시 강동구 암사동 462-20번지
11740,10700,0,0462,0022,신양그린,,표제부,업무시설,업무시설,591.2,293.18,1824.58,20220225,6,1,서울특별시 강동구 암사동 462-22번지
11740,10700,0,0462,0024,,,일반건축물,제1종근린생활시설,"근린생활시설, 주택",257.5,151.34,754.31,19980318,5,1,서울특별시 강동구 암사동 462-24번지
11740,10700,0,0462,0025,,,일반건축물,단독주택,단독주택(다가구주택),228.8,132.04,311.42,19820522,3,1,서울특별시 강동구 암사동 462-25번지
11740,10700,0,0462,0027,,,일반건축물,단독주택,단독주택,169,83.86,243.27,19890531,2,1,서울특별시 강동구 암사동 462-27번지
11740,10700,0,0462,0028,,,일반건축물,제2종근린생활시설,"근린생활시설, 주택",329.9,163.6,834.8,19890414,4,1,서울특별시 강동구 암사동 462-28번지
11740,10700,0,0462,0029,,,일반건축물,제2종근린생활시설,"근린생활시설, 주택",0,138.9,827.8,19891016,5,1,서울특별시 강동구 암사동 462-29번지
11740,10700,0,0462,0030,,,일반건축물,단독주택,단독주택,169,83.86,243.27,19891123,2,1,서울특별시 강동구 암사동 462-30번지
11740,10700,0,0462,0031,,,일반건축물,단독주택,단독주택,168.9,83.86,243.27,19890523,2,1,서울특별시 강동구 암사동 462-31번지
11740,10700,0,0463,0000,,,일반건축물,제1종근린생활시설,근린생활시설,0,203.31,625.79,19800811,3,1,서울특별시 강동구 암사동 463번지
11740,10700,0,0463,0001,,,일반건축물,제2종근린생활시설,"근린생활시설, 주택",435.6,217.57,1615.24,19901106,6,1,서울특별시 강동구 암사동 463-1번지
11740,10700,0,0463,0002,,,일반건축물,제1종근린생활시설,근린생활시설,809,393.36,424.56,19940521,1,1,서울특별시 강동구 암사동 463-2번지
11740,10700,0,0463,0003,,,일반건축물,제2종근린생활시설,근린생활시설,363.7,217.96,1026.8,19920731,4,1,서울특별시 강동구 암사동 463-3번지
11740,10700,0,0463,0004,까사팔공육,,표제부,제1종근린생활시설,"도시형생활주택,업무시설,제1종근린생활시설",635.1,314.342,2445.754,20180831,6,2,서울특별시 강동구 암사동 463-4번지
11740,10700,0,0463,0005,,,일반건축물,제1종근린생활시설,"근린생활시설, 사무실",0,238.12,975.42,19810113,3,1,서울특별시 강동구 암사동 463-5번지
11740,10700,0,0463,0006,,,일반건축물,제2종근린생활시설,근린생활시설,0,224.9,899.6,19831103,3,1,서울특별시 강동구 암사동 463-6번지
11740,10700,0,0463,0007,,,일반건축물,단독주택,"근린생활시설, 주택",242.2,114.12,548.08,19890502,4,1,서울특별시 강동구 암사동 463-7번지
11740,10700,0,0463,0008,,,일반건축물,단독주택,단독주택,162.8,81.09,243.27,19890823,2,1,서울특별시 강동구 암사동 463-8번지
11740,10700,0,0463,0009,,,일반건축물,단독주택,단독주택,0,81.65,244.95,19881114,2,1,서울특별시 강동구 암사동 463-9번지
11740,10700,0,0463,0010,,,일반건축물,단독주택,단독주택,163,81.45,244.35,19890427,2,1,서울특별시 강동구 암사동 463-10번지
11740,10700,0,0463,0011,조은아트빌,,표제부,공동주택,"공동주택(도시형생활주택-단지형다세대),근린생활시설",228.5,114.08,496.54,20161007,6,0,서울특별시 강동구 암사동 463-11번지
11740,10700,0,0463,0012,,,일반건축물,단독주택,다가구용단독주택(10가구),192.4,107.84,361.2,19930805,3,1,서울특별시 강동구 암사동 463-12번지
11740,10700,0,0463,0013,,,일반건축물,단독주택,다가구용단독주택(9가구),177.2,103.86,349.74,19940912,3,1,서울특별시 강동구 암사동 463-13번지
11740,10700,0,0463,0014,암사동 다가구주택,,일반건축물,단독주택,단독주택(다가구),166.3,83.04,229.93,20070718,4,0,서울특별시 강동구 암사동 463-14번지
11740,10700,0,0463,0015,,,일반건축물,단독주택,다가구주택,178.8,89.34,281.28,20110818,4,0,서울특별시 강동구 암사동 463-15번지
11740,10700,0,0463,0016,드림팰리스,,표제부,공동주택,"근린생활시설, 도시형생활주택",198.5,98.04,481.38,20130117,5,0,서울특별시 강동구 암사동 463-16번지
11740,10700,0,0463,0018,우암쎈스뷰,,표제부,공동주택,공동주택(아파트),1393,392.28,4498.48,20031027,11,1,서울특별시 강동구 암사동 463-18번지
11740,10700,0,0463,0019,,,일반건축물,단독주택,다가구용단독주택(5가구),186.3,111.65,289.93,19930911,2,1,서울특별시 강동구 암사동 463-19번지
11740,10700,0,0463,0020,,,일반건축물,단독주택,다가구용단독주택(10가구),199.9,111.43,411.22,19931222,3,1,서울특별시 강동구 암사동 463-20번지
11740,10700,0,0463,0021,,,일반건축물,단독주택,다가구용단독주택(8가구),203.9,122.28,339.42,19930920,2,1,서울특별시 강동구 암사동 463-21번지
11740,10700,0,0463,0022,,,일반건축물,단독주택,다가구용단독주택(5가구),172.1,103.25,299.78,19950621,2,1,서울특별시 강동구 암사동 463-22번지
11740,10700,0,0463,0023,,,표제부,공동주택,(다세대주택),195.8,116.64,389.85,20020722,4,0,서울특별시 강동구 암사동 463-23번지
11740,10700,0,0463,0024,,,표제부,공동주택,공동주택(다세대 주택),196.2,117.08,442.92,20020719,4,0,서울특별시 강동구 암사동 463-24번지
11740,10700,0,0463,0025,,,일반건축물,단독주택,"근린생활시설,주택",241.9,115.42,551.26,19890519,4,1,서울특별시 강동구 암사동 463-25번지
11740,10700,0,0463,0026,,,표제부,공동주택,"공동주택(다세대주택),제2종근린생활시설",209.2,124.74,483.34,20030901,5,0,서울특별시 강동구 암사동 463-26번지
11740,10700,0,0463,0027,,,일반건축물,단독주택,"다가구용단독주택, 근린생활시설",207.2,123.58,398.38,19960826,3,1,서울특별시 강동구 암사동 463-27번지
11740,10700,0,0463,0028,,,일반건축물,단독주택,"다가구용단독주택(6가구), 근린생활시설",201,120.44,351.77,19960824,3,1,서울특별시 강동구 암사동 463-28번지
11740,10700,0,0463,0029,,,일반건축물,단독주택,"다가구용단독주택(5가구), 근린생활시설",200.7,120.36,359.59,19960819,3,1,서울특별시 강동구 암사동 463-29번지
11740,10700,0,0463,0030,,,일반건축물,단독주택,단독주택(다가구주택) 외2,219.2,130.26,415.69,19960803,3,1,서울특별시 강동구 암사동 463-30번지
11740,10700,0,0463,0031,,,일반건축물,제2종근린생활시설,근린생활시설,0,100.84,403.36,19840829,3,1,서울특별시 강동구 암사동 463-31번지
11740,10700,0,0463,0032,,,일반건축물,단독주택,다가구용단독주택(10가구),183.9,109.66,349.42,19940106,3,1,서울특별시 강동구 암사동 463-32번지
11740,10700,0,0463,0033,삼성하우스,,일반건축물,단독주택,다가구주택 및 근린생활시설,216.1,107.44,335.41,20110930,4,0,서울특별시 강동구 암사동 463-33번지
11740,10700,0,0463,0034,,,일반건축물,제1종근린생활시설,"근린생활시설, 주택",305.4,146.98,776.42,19890519,4,1,서울특별시 강동구 암사동 463-34번지
11740,10700,0,0463,0035,,,일반건축물,단독주택,다가구용단독주택(7가구),178.2,102.03,284.79,19910529,2,1,서울특별시 강동구 암사동 463-35번지
11740,10700,0,0463,0036,,,일반건축물,단독주택,다가구주택,0,108.78,327.69,19901227,2,1,서울특별시 강동구 암사동 463-36번지
11740,10700,0,0463,0039,,,일반건축물,단독주택,다가구용단독주택(7가구),206.1,114.65,327.69,19901227,2,1,서울특별시 강동구 암사동 463-39번지
11740,10700,0,0463,0040,,,일반건축물,단독주택,다가구용단독주택(7가구),204.6,117.44,315.8,19910430,2,1,서울특별시 강동구 암사동 463-40번지
11740,10700,0,0463,0041,,,일반건축물,제1종근린생활시설,근린생활시설,0,108,108,19861119,1,0,서울특별시 강동구 암사동 463-41번지
11740,10700,0,0463,0041,,,일반건축물,제2종근린생활시설,근린생활시설,0,23.1,23.1,19861119,1,0,서울특별시 강동구 암사동 463-41번지
11740,10700,0,0464,0000,,,일반건축물,단독주택,단독주택(다가구주택)외1,204.2,120.67,587.55,20040614,5,0,서울특별시 강동구 암사동 464번지
11740,10700,0,0464,0001,,,일반건축물,제2종근린생활시설,"근린생활시설, 주택",0,94.88,525.82,19911206,6,1,서울특별시 강동구 암사동 464-1번지
11740,10700,0,0464,0002,,,일반건축물,단독주택,"근린생활시설, 다가구주택(5가구)",188.4,91.52,385.97,19940509,4,1,서울특별시 강동구 암사동 464-2번지
11740,10700,0,0464,0003,,,일반건축물,제1종근린생활시설,"주택, 근린생활시설, 점포",0,140.46,316.95,19800618,2,1,서울특별시 강동구 암사동 464-3번지
11740,10700,0,0464,0004,,,일반건축물,단독주택,"다가구주택,근린생활시설",165.2,98.84,286.3,20030620,3,0,서울특별시 강동구 암사동 464-4번지
11740,10700,0,0464,0005,,,일반건축물,단독주택,단독주택(다가구주택)외1,163,97.2,309.43,20041214,4,0,서울특별시 강동구 암사동 464-5번지
11740,10700,0,0464,0006,,,일반건축물,단독주택,단독주택(5가구),155.4,88.14,249.03,19910204,2,1,서울특별시 강동구 암사동 464-6번지
11740,10700,0,0464,0007,,,일반건축물,단독주택,다가구용단독주택(7가구),171.8,102.32,369.81,19961112,3,1,서울특별시 강동구 암사동 464-7번지
11740,10700,0,0464,0008,현진빌리지,,표제부,공동주택,다세대주택,169.7,97.93,351.39,20091224,5,0,서울특별시 강동구 암사동 464-8번지
11740,10700,0,0464,0010,,,표제부,공동주택,다세대주택,167.5,100.25,403.22,20021029,5,0,서울특별시 강동구 암사동 464-10번지
11740,10700,0,0464,0011,삼성아트빌,,표제부,공동주택,다세대주택,319.4,189.24,663.24,20110621,5,0,서울특별시 강동구 암사동 464-11번지
11740,10700,0,0464,0013,해피빌라,,표제부,공동주택,다세대주택,171.4,102.48,365.38,20021029,4,0,서울특별시 강동구 암사동 464-13번지
11740,10700,0,0464,0014,,,일반건축물,단독주택,"다가구주택,제1종근린생활시설",165.9,99.17,356.53,20030130,4,0,서울특별시 강동구 암사동 464-14번지
11740,10700,0,0464,0015,,,일반건축물,단독주택,"주택, 점포",0,68.89,161.02,19780612,2,1,서울특별시 강동구 암사동 464-15번지
11740,10700,0,0464,0016,,,일반건축물,단독주택,다가구용단독주택(7가구),175.8,105.04,367.19,19950601,3,1,서울특별시 강동구 암사동 464-16번지
11740,10700,0,0464,0017,,,일반건축물,단독주택,다가구주택,162.3,97.17,272.42,20100325,4,0,서울특별시 강동구 암사동 464-17번지
11740,10700,0,0464,0018,,,일반건축물,단독주택,다가구주택,163.6,97.96,274.48,20100318,4,0,서울특별시 강동구 암사동 464-18번지
11740,10700,0,0464,0019,,,표제부,공동주택,다세대주택,182.3,107.6,362.19,20100316,5,0,서울특별시 강동구 암사동 464-19번지
11740,10700,0,0464,0021,,,표제부,공동주택,다세대주택,190.7,109.48,377.34,20101112,5,0,서울특별시 강동구 암사동 464-21번지
11740,10700,0,0464,0022,,,일반건축물,단독주택,다가구용단독주택(8가구),171.7,100.8,329.72,19940615,3,1,서울특별시 강동구 암사동 464-22번지
11740,10700,0,0464,0023,,,일반건축물,단독주택,다가구주택,163.2,97.2,282.24,20021111,3,0,서울특별시 강동구 암사동 464-23번지
11740,10700,0,0464,0024,,,일반건축물,단독주택,주택,0,82.92,248.76,19880620,2,1,서울특별시 강동구 암사동 464-24번지
11740,10700,0,0464,0025,,,일반건축물,단독주택,"근린생활시설, 주택",0,96.24,416.92,19861119,3,1,서울특별시 강동구 암사동 464-25번지
11740,10700,0,0465,0000,,,표제부,공동주택,다세대주택 및 근린생활시설,238.9,142.08,475.24,20081219,5,0,서울특별시 강동구 암사동 465번지
11740,10700,0,0465,0001,,,일반건축물,단독주택,"근린생활시설, 주택",0,101.08,490.77,19891229,5,1,서울특별시 강동구 암사동 465-1번지
11740,10700,0,0465,0002,,,일반건축물,단독주택,"근린생활시설, 단독주택",0,127.45,784.36,19901011,5,1,서울특별시 강동구 암사동 465-2번지
11740,10700,0,0465,0003,,,표제부,공동주택,"근린생활시설, 다세대주택(8세대)",443.6,259.02,1025.95,20000504,6,0,서울특별시 강동구 암사동 465-3번지
11740,10700,0,0465,0005,,,표제부,공동주택,다세대주택,216,97.52,320.58,20090401,5,0,서울특별시 강동구 암사동 465-5번지
11740,10700,0,0465,0006,,,일반건축물,단독주택,주택,0,81.81,179.84,19820424,2,1,서울특별시 강동구 암사동 465-6번지
11740,10700,0,0465,0007,,,일반건축물,단독주택,다가구용단독주택(7가구),214.3,113.13,299.87,19940609,3,1,서울특별시 강동구 암사동 465-7번지
11740,10700,0,0465,0008,,,일반건축물,단독주택,다가구용단독주택(7가구),167.4,99.08,395.54,19970627,3,1,서울특별시 강동구 암사동 465-8번지
11740,10700,0,0465,0009,,,일반건축물,단독주택,"근린생활시설, 주택",171.6,102.07,492.09,19970627,4,1,서울특별시 강동구 암사동 465-9번지
11740,10700,0,0465,0010,행복 아트빌,,표제부,공동주택,다세대주택,169.9,101.65,337.04,20150713,5,0,서울특별시 강동구 암사동 465-10번지
11740,10700,0,0465,0011,유림하우스,,표제부,공동주택,다세대주택,172,102.68,335.71,20131022,5,0,서울특별시 강동구 암사동 465-11번지
11740,10700,0,0465,0012,,,일반건축물,단독주택,다가구용단독주택(7가구),171.9,103.06,381.96,19970613,3,1,서울특별시 강동구 암사동 465-12번지
11740,10700,0,0465,0013,,,일반건축물,단독주택,다가구용단독주택(9가구),175.3,104.99,375.52,19930914,3,1,서울특별시 강동구 암사동 465-13번지
11740,10700,0,0465,0014,,,일반건축물,단독주택,다가구용단독주택(6가구),172.5,103.47,359.48,19980321,3,1,서울특별시 강동구 암사동 465-14번지
11740,10700,0,0465,0016,,,일반건축물,단독주택,다가구용단독주택(6가구),172.6,103.42,394.6,19980115,3,1,서울특별시 강동구 암사동 465-16번지
11740,10700,0,0465,0017,,,일반건축물,단독주택,근린생활시설및 다가구주택,168.3,99.97,355.16,20020801,4,0,서울특별시 강동구 암사동 465-17번지
11740,10700,0,0465,0018,,,일반건축물,단독주택,다가구용단독주택(7가구),186.9,110.71,447.39,19971030,4,1,서울특별시 강동구 암사동 465-18번지
11740,10700,0,0465,0019,,,표제부,공동주택,다세대주택,182.6,107.52,417.68,20020814,5,0,서울특별시 강동구 암사동 465-19번지
11740,10700,0,0465,0020,조이빌,,표제부,공동주택,다세대주택,182.9,108.8,375.7,20101220,5,0,서울특별시 강동구 암사동 465-20번지
11740,10700,0,0465,0021,,,일반건축물,단독주택,다가구용단독주택(7가구),168.7,100.8,365.64,19970214,3,1,서울특별시 강동구 암사동 465-21번지
11740,10700,0,0465,0022,,,일반건축물,단독주택,다가구 주택(7가구),168.7,99.68,356.57,19991218,3,1,서울특별시 강동구 암사동 465-22번지
11740,10700,0,0465,0023,호수빌라트,,표제부,공동주택,다세대주택,223.7,102.81,361.34,20100908,6,0,서울특별시 강동구 암사동 465-23번지
11740,10700,0,0465,0024,,,일반건축물,제1종근린생활시설,"근린생활시설, 주택",234.6,109.8,552.78,19901114,4,1,서울특별시 강동구 암사동 465-24번지
11740,10700,0,0466,0000,,,일반건축물,단독주택,"근린생활시설, 주택",242.2,144.52,779.55,19960809,5,1,서울특별시 강동구 암사동 466번지
11740,10700,0,0466,0001,,,표제부,공동주택,공동주택(다세대주택)외1,288.7,167.34,643.28,19991223,4,0,서울특별시 강동구 암사동 466-1번지
11740,10700,0,0466,0002,왕성빌리지,,표제부,공동주택,다세대주택,216.2,129.1,512.97,20030218,5,0,서울특별시 강동구 암사동 466-2번지
11740,10700,0,0466,0003,동진아파트,,표제부,공동주택,공동주택(아파트),1100.6,427,4139.5,20071109,10,1,서울특별시 강동구 암사동 466-3번지
11740,10700,0,0466,0004,,,일반건축물,단독주택,다가구용단독주택(7가구),154.5,92.52,328.5,19930907,3,1,서울특별시 강동구 암사동 466-4번지
11740,10700,0,0466,0005,,,일반건축물,단독주택,다가구용단독주택(9가구),219.3,102.63,348.72,19930911,3,1,서울특별시 강동구 암사동 466-5번지
11740,10700,0,0466,0006,,,일반건축물,단독주택,다가구용단독주택,209.3,125.55,462.18,19980330,3,1,서울특별시 강동구 암사동 466-6번지
11740,10700,0,0466,0008,,,표제부,공동주택,다세대주택,216.2,111.98,499.62,19931105,4,1,서울특별시 강동구 암사동 466-8번지
11740,10700,0,0466,0009,,,표제부,공동주택,"도시형생활주택(단지형), 근린생활시설",606.4,139.94,512.26,20140422,5,0,서울특별시 강동구 암사동 466-9번지
11740,10700,0,0466,0009,,,표제부,공동주택,도시형생활주택(단지형),606.4,143.38,433.96,20140422,5,0,서울특별시 강동구 암사동 466-9번지
11740,10700,0,0466,0011,,,일반건축물,단독주택,단독주택,214.76,106.91,320.73,19891121,2,1,서울특별시 강동구 암사동 466-11번지
11740,10700,0,0466,0012,웰빙하우스,,일반건축물,단독주택,"다가구주택,제2종근린생활시설",203.8,120.69,400.16,20040823,4,0,서울특별시 강동구 암사동 466-12번지
11740,10700,0,0466,0013,,,표제부,공동주택,대세대주택,171.4,97.52,380.31,20111012,5,0,서울특별시 강동구 암사동 466-13번지
11740,10700,0,0466,0014,,,일반건축물,단독주택,"단독주택(제1종근린생활시설,다가구주택)",178.7,107,355.87,20120619,4,0,서울특별시 강동구 암사동 466-14번지
11740,10700,0,0466,0104,,,일반건축물,제2종근린생활시설,"노유자시설,제1.2종근린생활시설",216.1,129.15,753.54,19960401,5,1,서울특별시 강동구 암사동 466-104번지
11740,10700,0,0466,0105,,,일반건축물,단독주택,다가구주택 및 근린생활시설,179.6,106.88,356.35,20110125,5,0,서울특별시 강동구 암사동 466-105번지
11740,10700,0,0466,0106,,,일반건축물,단독주택,다가구 주택,200.2,116.08,320.04,20021206,4,0,서울특별시 강동구 암사동 466-106번지
11740,10700,0,0467,0000,,,표제부,공동주택,연립주택,680.8,304.83,1307.34,19920303,3,1,서울특별시 강동구 암사동 467번지
11740,10700,0,0467,0001,,,일반건축물,단독주택,다가구용단독주택(7가구),231.5,138.51,529.94,19970728,3,1,서울특별시 강동구 암사동 467-1번지
11740,10700,0,0467,0002,,,일반건축물,단독주택,다가구용단독주택(7가구),223.7,131.34,327.47,19910507,2,1,서울특별시 강동구 암사동 467-2번지
11740,10700,0,0467,0003,,,일반건축물,단독주택,다가구용단독주택(7가구),226.4,88.42,299.64,19970612,3,1,서울특별시 강동구 암사동 467-3번지
11740,10700,0,0467,0004,,,일반건축물,단독주택,다가구용단독주택(9가구),171.2,101.52,325.28,19930615,3,1,서울특별시 강동구 암사동 467-4번지
11740,10700,0,0467,0005,,,일반건축물,단독주택,다가구용단독주택(7가구),166.2,99.24,364.71,19961128,3,1,서울특별시 강동구 암사동 467-5번지
11740,10700,0,0467,0006,,,일반건축물,단독주택,다가구용단독주택,168.1,100.21,372.63,19950626,3,1,서울특별시 강동구 암사동 467-6번지
11740,10700,0,0467,0007,,,표제부,공동주택,연립주택,751.2,303.99,1305.81,19920303,3,1,서울특별시 강동구 암사동 467-7번지
11740,10700,0,0467,0008,,,표제부,공동주택,연립주택,0,303.99,1305.81,19920303,3,1,서울특별시 강동구 암사동 467-8번지
11740,10700,0,0467,0009,,,표제부,공동주택,연립주택,776,376.03,1723.78,19920515,3,2,서울특별시 강동구 암사동 467-9번지
11740,10700,0,0468,0000,대덕하이츠빌,,표제부,공동주택,공동주택,195.7,117.32,467.73,20021029,5,0,서울특별시 강동구 암사동 468번지
11740,10700,0,0468,0002,새장터경로당,,일반건축물,노유자시설,노유자시설(노인정),0,47.6,101.2,19901110,2,1,서울특별시 강동구 암사동 468-2번지
11740,10700,0,0468,0003,,,일반건축물,단독주택,다가구용단독주택,173.9,104.32,395.31,19940916,3,1,서울특별시 강동구 암사동 468-3번지
11740,10700,0,0468,0004,,,일반건축물,교육연구시설,"근린생활시설, 복지시설, 주택",163.8,81.52,438.48,19920901,4,1,서울특별시 강동구 암사동 468-4번지
11740,10700,0,0468,0006,,,일반건축물,단독주택,다가구용단독주택(8가구),186,111.33,329.67,19940318,2,1,서울특별시 강동구 암사동 468-6번지
11740,10700,0,0468,0007,,,표제부,공동주택,공동주택,162.9,97.26,314.02,20081111,4,0,서울특별시 강동구 암사동 468-7번지
11740,10700,0,0468,0009,,,표제부,공동주택,다세대주택,205.6,104.32,449.2,19931029,4,1,서울특별시 강동구 암사동 468-9번지
11740,10700,0,0468,0010,,,일반건축물,단독주택,단독주택(다가구주택),197.8,118.66,373.69,20050927,4,0,서울특별시 강동구 암사동 468-10번지
11740,10700,0,0468,0011,,,표제부,공동주택,다세대주택,197.9,116.84,388.46,20110701,5,0,서울특별시 강동구 암사동 468-11번지
11740,10700,0,0468,0012,주은빌라,,표제부,공동주택,공동주택(다세대),267.3,153.72,505.74,20051007,5,0,서울특별시 강동구 암사동 468-12번지
11740,10700,0,0468,0013,,,표제부,공동주택,공동주택,204.7,119.84,451.73,20021101,4,0,서울특별시 강동구 암사동 468-13번지
11740,10700,0,0468,0014,,468블럭 14노트,표제부,공동주택,공동주택,342.5,182.71,657.8,20020730,4,0,서울특별시 강동구 암사동 468-14번지
11740,10700,0,0468,0016,,,일반건축물,단독주택,주택,0,82.08,246.15,19821221,2,1,서울특별시 강동구 암사동 468-16번지
11740,10700,0,0468,0017,현대 그린빌,,표제부,공동주택,다세대주택,172,101.52,371.56,20111114,5,0,서울특별시 강동구 암사동 468-17번지
11740,10700,0,0469,0000,시온펠리스,,표제부,공동주택,공동주택(다세대) 및 근린생활시설,201.9,120.06,415.54,20081222,4,0,서울특별시 강동구 암사동 469번지
11740,10700,0,0469,0001,,,일반건축물,단독주택,"근린생활시설, 주택(5가구)",208,124.79,416.03,19961223,3,1,서울특별시 강동구 암사동 469-1번지
11740,10700,0,0469,0002,,,일반건축물,단독주택,"근린생활시설, 다가구용단독주택(4가구)",230.2,137.84,492.27,19970220,3,1,서울특별시 강동구 암사동 469-2번지
11740,10700,0,0469,0003,,,일반건축물,단독주택,다가구용단독주택(7가구),215.1,81.68,295.54,19980518,3,1,서울특별시 강동구 암사동 469-3번지
11740,10700,0,0469,0004,,,일반건축물,단독주택,"근린생활시설,다가구주택",228.8,131.46,465.45,20040116,4,0,서울특별시 강동구 암사동 469-4번지
11740,10700,0,0469,0005,,,일반건축물,단독주택,다가구용단독주택(10가구),180.4,107.93,344.58,19931228,3,1,서울특별시 강동구 암사동 469-5번지
11740,10700,0,0469,0006,,,일반건축물,단독주택,다가구주택외1,185.3,111.14,315.78,20091224,4,0,서울특별시 강동구 암사동 469-6번지
11740,10700,0,0469,0007,,,일반건축물,단독주택,다가구용단독주택(3가구),162.8,87.21,249.73,19910917,2,1,서울특별시 강동구 암사동 469-7번지
11740,10700,0,0469,0008,,,일반건축물,제2종근린생활시설,"근린생활시설, 주택",268.7,132.68,755.66,19910517,5,1,서울특별시 강동구 암사동 469-8번지
11740,10700,0,0469,0010,,],일반건축물,제1종근린생활시설,"근린생활시설, 주택",166.4,82.93,450.16,19930720,4,1,서울특별시 강동구 암사동 469-10번지
11740,10700,0,0469,0011,,,일반건축물,단독주택,다가구용단독주택(10가구),160,95.76,328.5,19921204,3,1,서울특별시 강동구 암사동 469-11번지
11740,10700,0,0469,0012,,,표제부,공동주택,공동주택(다세대주택),188.2,108.45,398.56,20030123,5,0,서울특별시 강동구 암사동 469-12번지
11740,10700,0,0469,0013,도영빌리지,,표제부,공동주택,공동주택,205,119.07,363.11,20180423,5,0,서울특별시 강동구 암사동 469-13번지
11740,10700,0,0469,0014,,,일반건축물,단독주택,단독주택,0,83.83,249.84,19881122,2,1,서울특별시 강동구 암사동 469-14번지
11740,10700,0,0469,0015,,,일반건축물,단독주택,다가구용단독주택,168.7,100.46,334.96,19980223,3,1,서울특별시 강동구 암사동 469-15번지
11740,10700,0,0469,0016,,,일반건축물,단독주택,단독주택,192.2,88.5,249.7,19870522,2,1,서울특별시 강동구 암사동 469-16번지
11740,10700,0,0469,0017,,,일반건축물,단독주택,단독주택 외2,228.8,113.54,573.91,19900108,4,1,서울특별시 강동구 암사동 469-17번지
11740,10700,0,0469,0019,,,일반건축물,제1종근린생활시설,"근린생활시설, 단독주택",242.2,134.72,658.42,19941014,4,1,서울특별시 강동구 암사동 469-19번지
11740,10700,0,0469,0020,현진빌리지,,표제부,공동주택,도시형주택(다세대주택8세대),425.3,106.2,299.89,20120119,5,0,서울특별시 강동구 암사동 469-20번지
11740,10700,0,0469,0020,현진빌리지,,표제부,공동주택,도시형주택(다세대주택10세대),425.3,144,562.2,20120119,6,0,서울특별시 강동구 암사동 469-20번지
11740,10700,0,0469,0022,주은아파트,,표제부,공동주택,공동주택(아파트12),417.5,146.64,884.78,20080415,7,1,서울특별시 강동구 암사동 469-22번지
11740,10700,0,0469,0024,,,일반건축물,제1종근린생활시설,"근린생활시설, 주택",186.5,92.7,494.42,19921210,4,1,서울특별시 강동구 암사동 469-24번지
11740,10700,0,0469,0025,,,표제부,공동주택,다세대주택,230.3,122.72,361.5,20090401,5,0,서울특별시 강동구 암사동 469-25번지
11740,10700,0,0469,0026,현진빌리지,,표제부,공동주택,"다세대주택(도시형생활주택, 단지형 8세대)",418.4,148.68,485.67,20110308,5,0,서울특별시 강동구 암사동 469-26번지
11740,10700,0,0469,0026,현진빌리지,,표제부,공동주택,"다세대주택(도시형생활주택, 단지형 8세대)",418.4,99.2,347.64,20110308,5,0,서울특별시 강동구 암사동 469-26번지
11740,10700,0,0469,0028,현대파크빌,,표제부,공동주택,다세대주택,181.7,108.8,384.31,20080922,5,0,서울특별시 강동구 암사동 469-28번지
11740,10700,0,0469,0029,,,일반건축물,단독주택,단독주택,110.2,65.8,194.17,19901115,2,1,서울특별시 강동구 암사동 469-29번지
11740,10700,0,0469,0030,,,일반건축물,제1종근린생활시설,"근린생활시설, 주택",130.3,64.68,350.25,19900623,5,1,서울특별시 강동구 암사동 469-30번지
11740,10700,0,0470,0000,한성시티빌,,표제부,공동주택,다세대주택(9세대),236.5,141.56,658.23,20030307,4,1,서울특별시 강동구 암사동 470번지
11740,10700,0,0470,0001,,,일반건축물,단독주택,단독주택,0,71.34,214.02,19871111,2,1,서울특별시 강동구 암사동 470-1번지
11740,10700,0,0470,0002,,,표제부,공동주택,다세대주택,211.5,125.38,418.9,20110113,5,0,서울특별시 강동구 암사동 470-2번지
11740,10700,0,0470,0003,금성아트빌,,표제부,공동주택,다세대주택,199.7,117.42,397.41,20121024,5,0,서울특별시 강동구 암사동 470-3번지
11740,10700,0,0470,0004,문하우스,,일반건축물,단독주택,"단독주택(다가구주택),제2종근린생활시설",216.9,130.04,433.22,20211025,5,0,서울특별시 강동구 암사동 470-4번지
11740,10700,0,0470,0005,,,일반건축물,단독주택,다가구주택 및 근린생활시설,172.9,102.92,338.09,20110222,4,0,서울특별시 강동구 암사동 470-5번지
11740,10700,0,0470,0006,,,표제부,공동주택,공동주택(다세대주택)외1,199.2,116.69,419.91,20060726,4,0,서울특별시 강동구 암사동 470-6번지
11740,10700,0,0470,0007,,,일반건축물,노유자시설,노유자시설(어린이집),171.1,98.45,295.35,20151012,3,0,서울특별시 강동구 암사동 470-7번지
11740,10700,0,0470,0008,,,일반건축물,단독주택,단독주택,0,104.9,305.68,19830829,2,1,서울특별시 강동구 암사동 470-8번지
11740,10700,0,0470,0009,,,표제부,공동주택,공동주택(다세대주택),194.1,116.28,409.71,20031230,4,0,서울특별시 강동구 암사동 470-9번지
11740,10700,0,0470,0010,,,표제부,공동주택,공동주택(다세대주택),203.6,121.66,424.54,20040109,4,0,서울특별시 강동구 암사동 470-10번지
11740,10700,0,0470,0011,,,일반건축물,단독주택,주택,0,74.45,204.64,19791220,2,1,서울특별시 강동구 암사동 470-11번지
11740,10700,0,0470,0012,엘림파크,,일반건축물,단독주택,다가구주택,154.8,92.67,257.11,20140821,4,0,서울특별시 강동구 암사동 470-12번지
11740,10700,0,0470,0013,,,일반건축물,단독주택,다가구용단독주택(5가구),148.9,89.22,261.96,19970825,2,1,서울특별시 강동구 암사동 470-13번지
11740,10700,0,0470,0014,,,일반건축물,단독주택,다가구주택,158,112.11,294.18,20030825,3,0,서울특별시 강동구 암사동 470-14번지
11740,10700,0,0470,0015,,,표제부,공동주택,다세대주택,158.6,86.55,324.08,20120220,5,0,서울특별시 강동구 암사동 470-15번지
11740,10700,0,0470,0016,,,일반건축물,단독주택,다가구용단독주택(9가구),181.2,107.94,431.76,19970109,3,1,서울특별시 강동구 암사동 470-16번지
11740,10700,0,0470,0018,하우징허브 힐크레스트,,표제부,공동주택,도시형생활주택(단지형다세대주택),501.2,164.09,545.46,20180803,6,0,서울특별시 강동구 암사동 470-18번지
11740,10700,0,0470,0018,하우징허브 힐크레스트,,표제부,공동주택,도시형생활주택(단지형다세대주택),501.2,136.17,518.18,20180803,6,1,서울특별시 강동구 암사동 470-18번지
11740,10700,0,0470,0020,암사팰리스빌1,,표제부,공동주택,"공동주택,다세대주택",450.6,171.44,659.76,20040531,5,0,서울특별시 강동구 암사동 470-20번지
11740,10700,0,0470,0021,,,일반건축물,단독주택,단독주택,0,48.87,149.97,19871002,2,1,서울특별시 강동구 암사동 470-21번지
11740,10700,0,0470,0022,,,일반건축물,단독주택,다가구용단독주택(5가구),121.5,69.37,195.05,19950722,2,1,서울특별시 강동구 암사동 470-22번지
11740,10700,0,0470,0023,,,일반건축물,단독주택,다가구용단독주택(5가구),114.65,68.72,190.04,19941215,2,1,서울특별시 강동구 암사동 470-23번지
11740,10700,0,0470,0024,,,일반건축물,단독주택,단독주택,0,33.9,75.78,19840130,2,1,서울특별시 강동구 암사동 470-24번지
11740,10700,0,0470,0025,,,일반건축물,단독주택,단독주택,111.6,55.62,176.85,19891221,2,1,서울특별시 강동구 암사동 470-25번지
11740,10700,0,0470,0026,,,표제부,공동주택,"공동주택,다세대주택",144,91.06,339.74,20050525,5,0,서울특별시 강동구 암사동 470-26번지
11740,10700,0,0470,0027,,,일반건축물,단독주택,단독주택,0,40.9,98.98,19840123,2,1,서울특별시 강동구 암사동 470-27번지
11740,10700,0,0470,0028,,,표제부,공동주택,다세대주택,113.3,63.55,199.28,20141217,5,0,서울특별시 강동구 암사동 470-28번지
11740,10700,0,0470,0029,,,일반건축물,단독주택,단독주택 및 제2종근린생활시설,169.3,92.2,227.24,19800613,2,1,서울특별시 강동구 암사동 470-29번지
11740,10700,0,0470,0030,,,일반건축물,제1종근린생활시설,근린생활시설,0,16.5,16.5,19840402,1,0,서울특별시 강동구 암사동 470-30번지
11740,10700,0,0470,0030,,,일반건축물,단독주택,단독주택,0,78.25,186.1,19840402,2,1,서울특별시 강동구 암사동 470-30번지
11740,10700,0,0470,0031,,,일반건축물,단독주택,단독주택,122.6,60.98,185.94,19850726,2,1,서울특별시 강동구 암사동 470-31번지
11740,10700,0,0470,0032,,,일반건축물,단독주택,단독주택,0,89.64,245.52,19840113,3,1,서울특별시 강동구 암사동 470-32번지
11740,10700,0,0470,0033,,,일반건축물,단독주택,단독주택,0,81.05,249.2,19861222,2,1,서울특별시 강동구 암사동 470-33번지
11740,10700,0,0470,0034,다정아트빌,,표제부,공동주택,공동주택(다세대주택),209.7,124.64,419.26,20150907,5,0,서울특별시 강동구 암사동 470-34번지
11740,10700,0,0470,0035,,,일반건축물,단독주택,단독주택,155.9,76.8,233.7,19850626,2,1,서울특별시 강동구 암사동 470-35번지
11740,10700,0,0470,0036,,,일반건축물,단독주택,단독주택,0,53.65,160.95,19860808,2,1,서울특별시 강동구 암사동 470-36번지
11740,10700,0,0470,0037,,,일반건축물,단독주택,다가구용단독주택(4가구),100.6,59.47,236.3,19960206,3,1,서울특별시 강동구 암사동 470-37번지
11740,10700,0,0470,0039,,,일반건축물,단독주택,다가구용단독주택(9가구),188.5,109.55,366.12,19940609,3,1,서울특별시 강동구 암사동 470-39번지
11740,10700,0,0470,0040,,,일반건축물,단독주택,주택,0,74.15,148.3,19800527,1,1,서울특별시 강동구 암사동 470-40번지
11740,10700,0,0470,0041,,,일반건축물,단독주택,다가구용단독주택(7가구),143.6,86.11,325.47,19931015,3,1,서울특별시 강동구 암사동 470-41번지
11740,10700,0,0470,0043,,,표제부,공동주택,다세대주택,291.1,171.52,580.39,20080618,5,0,서울특별시 강동구 암사동 470-43번지
11740,10700,0,0470,0045,한솔아트빌,,표제부,공동주택,공동주택(도시형생활주택-단지형다세대),354.3,189.5,657.48,20160520,6,0,서울특별시 강동구 암사동 470-45번지
11740,10700,0,0470,0048,,,일반건축물,단독주택,단독주택,0,48.19,144.57,19860818,2,1,서울특별시 강동구 암사동 470-48번지
11740,10700,0,0470,0049,,,일반건축물,단독주택,다가구용단독주택(7가구),143.6,85.36,328.83,19921201,3,1,서울특별시 강동구 암사동 470-49번지
11740,10700,0,0470,0071,암사팰리스빌2,,표제부,공동주택,"공동주택,다세대주택",334.7,171.44,659.76,20040531,5,0,서울특별시 강동구 암사동 470-71번지
11740,10700,0,0470,0072,암사팰리스빌3,,표제부,공동주택,"공동주택,다세대주택",345.5,171.44,659.76,20040531,5,0,서울특별시 강동구 암사동 470-72번지
11740,10700,0,0471,0000,,,일반건축물,단독주택,단독주택,0,54.12,167.16,19870903,2,1,서울특별시 강동구 암사동 471번지
11740,10700,0,0471,0001,에스하우스,,표제부,공동주택,단지형다세대,237,141.72,473.52,20250507,5,0,서울특별시 강동구 암사동 471-1번지
11740,10700,0,0471,0002,,,일반건축물,단독주택,단독주택,143.7,71.44,213.84,19870721,2,1,서울특별시 강동구 암사동 471-2번지
11740,10700,0,0471,0003,,,일반건축물,단독주택,단독주택,130.7,65.34,194.94,19870818,2,1,서울특별시 강동구 암사동 471-3번지
11740,10700,0,0471,0004,,,일반건축물,단독주택,단독주택,137.2,68.5,205.5,19891113,2,1,서울특별시 강동구 암사동 471-4번지
11740,10700,0,0471,0005,세양하이트빌,,표제부,공동주택,다세대주택,347.9,185.52,659.87,20140807,5,0,서울특별시 강동구 암사동 471-5번지
11740,10700,0,0471,0008,,,일반건축물,단독주택,주택,0,56.89,56.89,19731224,1,0,서울특별시 강동구 암사동 471-8번지
11740,10700,0,0471,0009,,,일반건축물,단독주택,주택,0,73.42,158.18,19801213,2,1,서울특별시 강동구 암사동 471-9번지
11740,10700,0,0471,0010,,,일반건축물,단독주택,단독주택,0,82.34,189.9,19840314,2,1,서울특별시 강동구 암사동 471-10번지
11740,10700,0,0471,0011,딜럭스빌리지,,표제부,공동주택,공동주택,264.6,152.63,530.4,20121204,5,0,서울특별시 강동구 암사동 471-11번지
11740,10700,0,0471,0012,,,일반건축물,단독주택,"근린생활시설, 주택",190.2,93.48,375.24,19880906,3,1,서울특별시 강동구 암사동 471-12번지
11740,10700,0,0471,0013,,,일반건축물,단독주택,다가구용단독주택,192.76,82.23,246.69,19920518,2,1,서울특별시 강동구 암사동 471-13번지
11740,10700,0,0471,0015,,,일반건축물,단독주택,단독주택,214.7,83.94,247.86,19890610,2,1,서울특별시 강동구 암사동 471-15번지
11740,10700,0,0471,0016,,,일반건축물,단독주택,단독주택,121.9,57.24,169.62,19881006,2,1,서울특별시 강동구 암사동 471-16번지
11740,10700,0,0471,0017,,,일반건축물,단독주택,주택,0,50.58,101.16,19800828,1,1,서울특별시 강동구 암사동 471-17번지
11740,10700,0,0471,0018,,,일반건축물,단독주택,단독주택,129.44,63.65,190.95,19890925,2,1,서울특별시 강동구 암사동 471-18번지
11740,10700,0,0471,0021,솔트하우스,,표제부,공동주택,"도시형생활주택(단지형다세대),제2종근린생활시설",359.8,194.52,828.35,20230207,6,1,서울특별시 강동구 암사동 471-21번지
11740,10700,0,0471,0024,,,일반건축물,단독주택,주택,0,59.44,164.86,19800821,2,1,서울특별시 강동구 암사동 471-24번지
11740,10700,0,0471,0025,,,일반건축물,단독주택,단독주택(다가구주택),169.8,91.75,261.85,20011227,3,0,서울특별시 강동구 암사동 471-25번지
11740,10700,0,0471,0026,해마루빌I,,표제부,공동주택,공동주택(다세대주택),317.4,184.11,634.49,20160325,5,0,서울특별시 강동구 암사동 471-26번지
11740,10700,0,0471,0029,복지말경로당,,일반건축물,노유자시설,노유자시설(노인정),150.5,54.68,99.6,19941104,2,0,서울특별시 강동구 암사동 471-29번지
11740,10700,0,0471,0030,,,일반건축물,단독주택,단독주택,0,66.03,198.09,19850918,2,1,서울특별시 강동구 암사동 471-30번지
11740,10700,0,0471,0031,암사빌라,,표제부,공동주택,다세대주택,269.6,148.92,462.02,20151027,5,0,서울특별시 강동구 암사동 471-31번지
11740,10700,0,0471,0032,,,표제부,공동주택,다세대주택,298,178.34,635.23,20110419,5,0,서울특별시 강동구 암사동 471-32번지
11740,10700,0,0471,0033,.,,표제부,공동주택,"공동주택,다세대주택",228.4,130.54,473.14,20020801,5,0,서울특별시 강동구 암사동 471-33번지
11740,10700,0,0471,0034,,,일반건축물,단독주택,단독주택,0,65.26,198.13,19851115,2,1,서울특별시 강동구 암사동 471-34번지
11740,10700,0,0471,0035,로체하임,,표제부,공동주택,도시형생활주택(단지형다세대주택),350,198.99,659.83,20180807,6,0,서울특별시 강동구 암사동 471-35번지
11740,10700,0,0471,0036,해마루빌II,,표제부,공동주택,다세대,257.6,153.94,503.45,20160520,5,0,서울특별시 강동구 암사동 471-36번지
11740,10700,0,0471,0037,암사도서관,,일반건축물,교육연구시설,교육연구시설(도서관),642,366.21,1759.05,20100406,4,1,서울특별시 강동구 암사동 471-37번지
11740,10700,0,0471,0039,,,표제부,공동주택,공동주택(도시형생활주택-단지형다세대),576.9,173.91,579.48,20160721,6,0,서울특별시 강동구 암사동 471-39번지
11740,10700,0,0471,0039,,,표제부,공동주택,공동주택(도시형생활주택-단지형다세대),576.9,171.07,573.05,20160721,6,0,서울특별시 강동구 암사동 471-39번지
11740,10700,0,0471,0040,,,일반건축물,단독주택,다가구용단독주택(6가구),194,115.52,402.84,19980401,3,1,서울특별시 강동구 암사동 471-40번지
11740,10700,0,0471,0041,,,일반건축물,단독주택,다가구용단독주택(11가구),225.4,133.2,483.8,19940811,3,1,서울특별시 강동구 암사동 471-41번지
11740,10700,0,0471,0042,,,일반건축물,단독주택,다가구용단독주택(10가구),203.8,121.67,417.9,19931128,3,1,서울특별시 강동구 암사동 471-42번지
11740,10700,0,0471,0043,,,일반건축물,제1종근린생활시설,근린생활시설,260.5,128.53,128.53,19921219,1,0,서울특별시 강동구 암사동 471-43번지
11740,10700,0,0471,0045,,,일반건축물,단독주택,다가구용단독주택,174.3,104.4,372.93,19950613,3,1,서울특별시 강동구 암사동 471-45번지
11740,10700,0,0471,0047,,,일반건축물,단독주택,단독주택,0,60.95,182.85,19851031,2,1,서울특별시 강동구 암사동 471-47번지
11740,10700,0,0471,0048,,,일반건축물,단독주택,단독주택,0,61.14,183.42,19851216,2,1,서울특별시 강동구 암사동 471-48번지
11740,10700,0,0471,0049,,,일반건축물,단독주택,단독주택,125.6,62.27,186.81,19850918,2,1,서울특별시 강동구 암사동 471-49번지
11740,10700,0,0471,0050,,,일반건축물,단독주택,단독주택,111.3,55.35,174.24,19881102,2,1,서울특별시 강동구 암사동 471-50번지
11740,10700,0,0471,0051,,,일반건축물,단독주택,단독주택,116.3,57.87,179.91,19881118,2,1,서울특별시 강동구 암사동 471-51번지
11740,10700,0,0472,0000,,,일반건축물,단독주택,다가구용단독주택(10가구),215.3,127.94,509.78,19910709,3,1,서울특별시 강동구 암사동 472번지
11740,10700,0,0472,0001,한강스타빌,,표제부,공동주택,다세대주택(도시형생활주택-단지형),205.1,115.32,409.92,20140514,6,0,서울특별시 강동구 암사동 472-1번지
11740,10700,0,0472,0002,,,표제부,공동주택,공동주택(다세대주택),212.7,127.26,608.26,20011107,4,1,서울특별시 강동구 암사동 472-2번지
11740,10700,0,0472,0003,,,표제부,공동주택,공동주택,209.7,125.17,613.92,20010530,4,1,서울특별시 강동구 암사동 472-3번지
11740,10700,0,0472,0004,소문 해피빌,,표제부,공동주택,다세대주택(9세대),182.9,108.64,435.93,20120413,6,0,서울특별시 강동구 암사동 472-4번지
11740,10700,0,0472,0005,한솔아트빌,,표제부,공동주택,도시형생활주택(단지형다세대),0,133.2,525.53,20150819,6,0,서울특별시 강동구 암사동 472-5번지
11740,10700,0,0472,0005,한솔아트빌,,표제부,공동주택,도시형생활주택(단지형다세대),0,137.64,557.42,20150819,6,0,서울특별시 강동구 암사동 472-5번지
11740,10700,0,0472,0006,,,일반건축물,단독주택,단독주택,211.4,85.94,248.18,19900203,2,1,서울특별시 강동구 암사동 472-6번지
11740,10700,0,0472,0007,,,일반건축물,단독주택,단독주택,167.7,82.95,247.53,19890506,2,1,서울특별시 강동구 암사동 472-7번지
11740,10700,0,0472,0008,,,일반건축물,제1종근린생활시설,제1종근린생활시설 외2,0,139.46,525.56,19811008,3,1,서울특별시 강동구 암사동 472-8번지
11740,10700,0,0472,0009,,,일반건축물,단독주택,단독주택 외2,228,136.33,566.1,19971212,4,1,서울특별시 강동구 암사동 472-9번지
11740,10700,0,0472,0011,나동,,일반건축물,제1종근린생활시설,근린생활시설,0,11.34,11.34,,1,0,서울특별시 강동구 암사동 472-11번지
11740,10700,0,0472,0011,가동,,일반건축물,제2종근린생활시설,근린생활시설,0,139.29,497.88,19841006,3,1,서울특별시 강동구 암사동 472-11번지
11740,10700,0,0472,0013,,,표제부,공동주택,다세대주택,177.1,101.72,449.88,19940223,4,1,서울특별시 강동구 암사동 472-13번지
11740,10700,0,0472,0014,,,표제부,공동주택,"공동주택,다세대주택",180.9,107.53,393.69,20021206,4,0,서울특별시 강동구 암사동 472-14번지
11740,10700,0,0472,0015,,,일반건축물,단독주택,다가구용단독주택(9가구),180.8,105.64,391.82,19940627,3,1,서울특별시 강동구 암사동 472-15번지
11740,10700,0,0472,0016,,,일반건축물,제2종근린생활시설,"근린생활시설, 단독주택",213.6,106.12,456.64,19830930,3,1,서울특별시 강동구 암사동 472-16번지
11740,10700,0,0472,0018,에스엠 해그린 아파트,,표제부,공동주택,공동주택(아파트),1829.8,598.39,6031.78,20041217,10,1,서울특별시 강동구 암사동 472-18번지
11740,10700,0,0472,0019,힐타운,,표제부,공동주택,도시형생활주택(단지형다세대),270,152.67,538.01,20151021,6,0,서울특별시 강동구 암사동 472-19번지
11740,10700,0,0472,0020,신흥교회,,일반건축물,종교시설,"문화및집회시설(교회), 근린생활시설",396.7,237.8,1162.85,20020117,4,2,서울특별시 강동구 암사동 472-20번지
11740,10700,0,0472,0021,,,일반건축물,제2종근린생활시설,근린생활시설,298.5,125.08,626.57,19920819,4,1,서울특별시 강동구 암사동 472-21번지
11740,10700,0,0473,0000,,,표제부,공동주택,공동주택(다세대주택) 외1,320.8,180.61,771.75,20060829,4,1,서울특별시 강동구 암사동 473번지
11740,10700,0,0473,0001,,,표제부,공동주택,다세대주택,342.4,164.9,659.88,19930213,4,1,서울특별시 강동구 암사동 473-1번지
11740,10700,0,0473,0003,,,일반건축물,자동차관련시설,자동차관련시설,995.4,883.43,3385.27,20020402,4,1,서울특별시 강동구 암사동 473-3번지
11740,10700,0,0473,0006,,,일반건축물,제2종근린생활시설,"근린생활시설, 주택",207.2,101.14,490.46,19911120,4,1,서울특별시 강동구 암사동 473-6번지
11740,10700,0,0473,0007,현진빌리지,,표제부,공동주택,다세대주택,388.5,229.18,658.84,20080926,5,0,서울특별시 강동구 암사동 473-7번지
11740,10700,0,0473,0008,현대리치빌,,표제부,공동주택,근린생활시설 및 다세대주택(6세대),194.7,112.32,352.65,20080530,5,0,서울특별시 강동구 암사동 473-8번지
11740,10700,0,0473,0009,로얄팰리스,,표제부,공동주택,다세대주택,183.8,110.16,356.46,20141030,5,0,서울특별시 강동구 암사동 473-9번지
11740,10700,0,0473,0010,지니빌,,표제부,공동주택,다세대주택,180.5,107.35,334.23,20140925,5,0,서울특별시 강동구 암사동 473-10번지
11740,10700,0,0473,0012,샬롬하우스,,표제부,공동주택,"공동주택,근린생활시설",189.1,113.37,332.35,20190117,5,0,서울특별시 강동구 암사동 473-12번지
11740,10700,0,0473,0015,,,일반건축물,제2종근린생활시설,제2종근린생활시설 외1,0,189.52,878.71,19861226,4,1,서울특별시 강동구 암사동 473-15번지
11740,10700,0,0473,0016,,,일반건축물,단독주택,제2종근린생활시설 및 다가구주택,405.4,215.96,738.43,20111028,5,0,서울특별시 강동구 암사동 473-16번지
11740,10700,0,0473,0018,,,일반건축물,제1종근린생활시설,"근린생활시설, 주택",193.6,116.07,533.21,19970805,4,1,서울특별시 강동구 암사동 473-18번지
11740,10700,0,0473,0020,희성빌리지,,표제부,공동주택,공동주택,297.5,178.36,567.72,20190321,5,0,서울특별시 강동구 암사동 473-20번지
11740,10700,0,0473,0021,,,표제부,공동주택,공동주택(다세대주택),171.6,102.85,339.72,20051221,5,0,서울특별시 강동구 암사동 473-21번지
11740,10700,0,0473,0022,,,표제부,공동주택,다세대주택,174.2,101.32,443.4,19930609,4,1,서울특별시 강동구 암사동 473-22번지
11740,10700,0,0473,0024,,,일반건축물,단독주택,다가구용단독주택(7가구),171.7,102.51,286.17,19950722,2,1,서울특별시 강동구 암사동 473-24번지
11740,10700,0,0473,0025,,,표제부,공동주택,공동주택(다세대주택),174.3,103.95,435.8,20011010,5,0,서울특별시 강동구 암사동 473-25번지
11740,10700,0,0473,0026,,,표제부,공동주택,공동주택(다세대주택),174.1,103.95,435.8,20011010,5,0,서울특별시 강동구 암사동 473-26번지
11740,10700,0,0473,0027,,,표제부,공동주택,공동주택(다세대주택-12세대),350.5,209.59,658.85,20071129,5,0,서울특별시 강동구 암사동 473-27번지
11740,10700,0,0473,0029,현진빌리지,,표제부,공동주택,공동주택(다세대주택),174.3,104.47,334.72,20070810,5,0,서울특별시 강동구 암사동 473-29번지
11740,10700,0,0473,0032,,,일반건축물,단독주택,단독주택,120.1,59.89,179.67,19880817,2,1,서울특별시 강동구 암사동 473-32번지
11740,10700,0,0473,0033,,,일반건축물,단독주택,단독주택,120.1,59.89,179.67,19880811,2,1,서울특별시 강동구 암사동 473-33번지
11740,10700,0,0473,0034,송림팰리체,,표제부,공동주택,도시형생활주택(단지형다세대),245.4,147.22,487.39,20210527,6,1,서울특별시 강동구 암사동 473-34번지
11740,10700,0,0473,0037,,,일반건축물,제2종근린생활시설,"근린생활시설, 교육연구시설",716.4,353.79,2292.38,19940503,5,1,서울특별시 강동구 암사동 473-37번지
11740,10700,0,0473,0038,,,일반건축물,제1종근린생활시설,근린생활시설,0,136.98,136.98,19861015,1,0,서울특별시 강동구 암사동 473-38번지
11740,10700,0,0473,0039,,,일반건축물,제2종근린생활시설,제1.2종근린생활시설,294.7,141.99,778.66,19940503,5,1,서울특별시 강동구 암사동 473-39번지
11740,10700,0,0474,0000,,,일반건축물,단독주택,"근린생활시설, 주택",130.5,64.39,298.55,19910805,5,1,서울특별시 강동구 암사동 474번지
11740,10700,0,0474,0001,,,표제부,공동주택,공동주택(도시형생활주택-단지형다세대),194.6,115.36,388.9,20160802,6,0,서울특별시 강동구 암사동 474-1번지
11740,10700,0,0474,0002,,,일반건축물,단독주택,단독주택,191.5,91.56,248.27,19881026,2,1,서울특별시 강동구 암사동 474-2번지
11740,10700,0,0474,0003,일호맨션,,표제부,공동주택,"공동주택,다세대주택",147.9,88.59,359.97,20040212,5,0,서울특별시 강동구 암사동 474-3번지
11740,10700,0,0474,0004,그린빌,,표제부,공동주택,공동주택(단지형다세대-11세대),323.7,194.04,647.17,20150528,5,0,서울특별시 강동구 암사동 474-4번지
11740,10700,0,0474,0006,,,일반건축물,제1종근린생활시설,근린공공시설(동사무소),974,424.29,1545.09,19940807,3,1,서울특별시 강동구 암사동 474-6번지
11740,10700,0,0474,0007,,,일반건축물,제2종근린생활시설,제1.2종근린생활시설,0,94.14,490.14,19880512,4,1,서울특별시 강동구 암사동 474-7번지
11740,10700,0,0474,0007,,,일반건축물,제2종근린생활시설,제1.2종근린생활시설,0,0,481.5,19880512,4,1,서울특별시 강동구 암사동 474-7번지
11740,10700,0,0474,0007,,,일반건축물,제1종근린생활시설,근린생활시설,1185.2,59.5,59.5,19921013,1,0,서울특별시 강동구 암사동 474-7번지
11740,10700,0,0474,0008,구립보람나무어린이집,,일반건축물,노유자시설,노유자시설(어린이집),856.1,242.79,1062.96,19920825,4,1,서울특별시 강동구 암사동 474-8번지
11740,10700,0,0474,0009,,,표제부,공동주택,공동주택(다세대주택),178,109.03,364.06,20030620,4,0,서울특별시 강동구 암사동 474-9번지
11740,10700,0,0474,0010,새롬 아파트,,표제부,공동주택,아파트,325,194.22,891.6,20020531,7,0,서울특별시 강동구 암사동 474-10번지
11740,10700,0,0474,0012,,,일반건축물,단독주택,다가구용단독주택,202.7,101.16,398.82,19920521,3,1,서울특별시 강동구 암사동 474-12번지
11740,10700,0,0474,0014,일호빌라,,표제부,공동주택,공동주택(다세대주택),201.3,120.68,495.09,20030404,5,0,서울특별시 강동구 암사동 474-14번지
11740,10700,0,0474,0015,화목빌라,,표제부,공동주택,공동주택(다세대주택),195.7,117.19,475.74,20041220,5,0,서울특별시 강동구 암사동 474-15번지
11740,10700,0,0474,0016,현진빌리지,,표제부,공동주택,다세대주택,203.6,121.42,407.08,20080822,5,0,서울특별시 강동구 암사동 474-16번지
11740,10700,0,0474,0018,암사동주택,,표제부,공동주택,다세대주택,193.5,107.21,386.24,20110628,5,0,서울특별시 강동구 암사동 474-18번지
11740,10700,0,0474,0019,암사1동제3경로당,,일반건축물,노유자시설,노인복지시설,142,82.95,147,20011123,2,0,서울특별시 강동구 암사동 474-19번지
11740,10700,0,0474,0020,,,일반건축물,제1종근린생활시설,"근린생활시설, 주택",0,0,441.6,19891208,4,1,서울특별시 강동구 암사동 474-20번지
11740,10700,0,0474,0021,메이저아파트,,표제부,공동주택,공동주택(아파트),1894.9,652.24,5588.21,20020610,8,1,서울특별시 강동구 암사동 474-21번지
11740,10700,0,0474,0022,,,일반건축물,단독주택,단독주택(다가구주택) 외1,142,84.06,231.4,20061127,3,0,서울특별시 강동구 암사동 474-22번지
11740,10700,0,0474,0024,,,일반건축물,제1종근린생활시설,제1종근린생활시설,352.73,167.69,167.69,19930416,1,0,서울특별시 강동구 암사동 474-24번지
11740,10700,0,0474,0026,,,일반건축물,단독주택,단독주택 외 2,0,62.83,142.22,19840611,2,1,서울특별시 강동구 암사동 474-26번지
11740,10700,0,0474,0027,,,표제부,공동주택,다세대주택,221.5,131.4,450.18,20111025,5,0,서울특별시 강동구 암사동 474-27번지
11740,10700,0,0474,0032,,,표제부,제2종근린생활시설,"근린생활시설, 다세대주택(도시형생활주택)",165.3,91.02,455.58,19831125,4,1,서울특별시 강동구 암사동 474-32번지
11740,10700,0,0474,0033,우주월드,,표제부,공동주택,다세대주택(8세대),239.4,137.51,477.85,20150327,5,0,서울특별시 강동구 암사동 474-33번지
11740,10700,0,0474,0035,,,일반건축물,제2종근린생활시설,"근린생활시설, 단독주택",0,115.44,461.76,19840117,3,1,서울특별시 강동구 암사동 474-35번지
11740,10700,0,0474,0036,,,표제부,공동주택,다세대주택,277.2,165.85,659.7,20020803,5,0,서울특별시 강동구 암사동 474-36번지
11740,10700,0,0474,0041,우주월드,,표제부,공동주택,공동주택(다세대-8),230.4,135.27,460.37,20150331,5,0,서울특별시 강동구 암사동 474-41번지
11740,10700,0,0475,0000,,,일반건축물,제2종근린생활시설,근린생활시설,0,116.46,448.62,19840117,3,1,서울특별시 강동구 암사동 475번지
11740,10700,0,0475,0001,,,일반건축물,단독주택,"주택,근린생활시설",0,95.84,312,19881012,3,1,서울특별시 강동구 암사동 475-1번지
11740,10700,0,0475,0002,,,표제부,공동주택,다세대주택,212.6,117.69,533.89,19931022,4,1,서울특별시 강동구 암사동 475-2번지
11740,10700,0,0475,0003,노블리움,,표제부,공동주택,공동주택(도시형생활주택-단지형다세대),197.9,116.62,395.25,20160328,6,0,서울특별시 강동구 암사동 475-3번지
11740,10700,0,0475,0004,우주캐슬,,표제부,공동주택,"도시형생활주택,제2종근린생활시설",324.3,188.62,645.78,20190612,6,0,서울특별시 강동구 암사동 475-4번지
11740,10700,0,0475,0005,,,일반건축물,제1종근린생활시설,제1종근린생활시설(휴게음식점),0,114.25,310.58,19780712,2,1,서울특별시 강동구 암사동 475-5번지
11740,10700,0,0475,0006,,,일반건축물,단독주택,"다가구주택, 점포",149.5,78.02,176.02,19910917,2,1,서울특별시 강동구 암사동 475-6번지
11740,10700,0,0475,0008,,,일반건축물,단독주택,다가구용단독주택(6가구),128,74.13,199.9,19921111,2,1,서울특별시 강동구 암사동 475-8번지
11740,10700,0,0475,0009,,,일반건축물,단독주택,단독주택,0,58.88,176.64,19860816,2,1,서울특별시 강동구 암사동 475-9번지
11740,10700,0,0475,0012,유정아트빌,,표제부,공동주택,다세대주택,248.3,148.41,577.83,20030321,5,0,서울특별시 강동구 암사동 475-12번지
11740,10700,0,0475,0013,,,일반건축물,단독주택,단독주택,0,75.15,222.93,19841108,2,1,서울특별시 강동구 암사동 475-13번지
11740,10700,0,0475,0014,경지아리움,,표제부,공동주택,다세대주택,238.5,141.69,456.6,20090202,5,0,서울특별시 강동구 암사동 475-14번지
11740,10700,0,0475,0016,,,일반건축물,단독주택,단독주택,110.8,57.45,163.35,19850622,2,1,서울특별시 강동구 암사동 475-16번지
11740,10700,0,0475,0017,,,일반건축물,단독주택,단독주택,129.08,62.67,186.09,19880404,2,1,서울특별시 강동구 암사동 475-17번지
11740,10700,0,0475,0018,,,일반건축물,단독주택,단독주택,157.7,77.57,232.71,19891128,2,1,서울특별시 강동구 암사동 475-18번지
11740,10700,0,0475,0019,,,일반건축물,단독주택,다가구용단독주택(7가구),170.5,102.02,406.28,19960916,3,1,서울특별시 강동구 암사동 475-19번지
11740,10700,0,0475,0020,,,일반건축물,단독주택,단독주택,102.3,50.76,155.01,19910212,2,1,서울특별시 강동구 암사동 475-20번지
11740,10700,0,0475,0021,신주리버빌,,표제부,공동주택,다세대주택,230.8,138.04,467.79,20110609,5,0,서울특별시 강동구 암사동 475-21번지
11740,10700,0,0475,0023,,,일반건축물,단독주택,단독주택,113.6,56.71,171.27,19901205,2,1,서울특별시 강동구 암사동 475-23번지
11740,10700,0,0475,0024,,,일반건축물,단독주택,단독주택,115.74,55.95,177.33,19870512,2,1,서울특별시 강동구 암사동 475-24번지
11740,10700,0,0475,0025,,,일반건축물,단독주택,단독주택,0,58.2,174.6,19861011,2,1,서울특별시 강동구 암사동 475-25번지
11740,10700,0,0475,0026,청운명가,,표제부,공동주택,도시형생활주택(단지형다세대),287.89,163.23,569.15,20221201,6,0,서울특별시 강동구 암사동 475-26번지
11740,10700,0,0475,0028,신주리버빌,,표제부,공동주택,다세대주택,214.1,127.16,428.17,20100624,5,0,서울특별시 강동구 암사동 475-28번지
11740,10700,0,0475,0029,,,표제부,공동주택,1종 근린생활시설 및 다세대주택,187.82,112.46,638.07,20030307,5,1,서울특별시 강동구 암사동 475-29번지
11740,10700,0,0475,0031,,,일반건축물,단독주택,단독주택,0,60.14,184.82,19860716,2,1,서울특별시 강동구 암사동 475-31번지
11740,10700,0,0475,0032,,,일반건축물,단독주택,"다가구주택,제1종근린생활시설",163.1,97.3,272.86,20211126,4,0,서울특별시 강동구 암사동 475-32번지
11740,10700,0,0475,0033,,,일반건축물,단독주택,단독주택,170.8,85.14,249.39,19901227,2,1,서울특별시 강동구 암사동 475-33번지
11740,10700,0,0475,0034,,,표제부,공동주택,다세대주택,217.6,108.84,496.26,19930628,4,1,서울특별시 강동구 암사동 475-34번지
11740,10700,0,0475,0035,산돌하우스,,일반건축물,단독주택,"근린생활시설,다가구주택",166.4,99.4,300.71,20161121,4,0,서울특별시 강동구 암사동 475-35번지
11740,10700,0,0475,0036,신안아트빌,,표제부,공동주택,공동주택(다세대주택),160.1,95.97,312.93,20071129,5,0,서울특별시 강동구 암사동 475-36번지
11740,10700,0,0475,0037,,,일반건축물,단독주택,다가구주택,180.6,102.51,356.34,20081219,3,1,서울특별시 강동구 암사동 475-37번지
11740,10700,0,0475,0040,,,일반건축물,단독주택,단독주택,100.1,49.86,127.26,19840501,2,1,서울특별시 강동구 암사동 475-40번지
11740,10700,0,0475,0041,,,일반건축물,단독주택,단독주택,0,54.99,167.94,19870703,2,1,서울특별시 강동구 암사동 475-41번지
11740,10700,0,0475,0042,,,일반건축물,단독주택,다가구주택,0,57.47,172.41,19840620,2,1,서울특별시 강동구 암사동 475-42번지
11740,10700,0,0475,0043,,,일반건축물,단독주택,단독주택,0,50.99,161.27,19910104,2,1,서울특별시 강동구 암사동 475-43번지
11740,10700,0,0475,0044,,,일반건축물,단독주택,단독주택,0,52.5,157.5,19850628,2,1,서울특별시 강동구 암사동 475-44번지
11740,10700,0,0475,0045,,,일반건축물,단독주택,단독주택,126.2,0,199.39,19861007,2,1,서울특별시 강동구 암사동 475-45번지
11740,10700,0,0475,0046,,,일반건축물,단독주택,다가구용단독주택,140,83.96,296.04,19960115,3,1,서울특별시 강동구 암사동 475-46번지
11740,10700,0,0475,0047,마이다스,,표제부,공동주택,"근린생활시설,다세대주택",115.6,66.83,218.51,20021207,4,0,서울특별시 강동구 암사동 475-47번지
11740,10700,0,0475,0048,그랑밸리,,표제부,공동주택,다세대주택,253.06,150.05,505.84,20090128,5,0,서울특별시 강동구 암사동 475-48번지
11740,10700,0,0475,0050,,,표제부,공동주택,공동주택(다세대주택),141.8,94.17,335.92,20051019,4,0,서울특별시 강동구 암사동 475-50번지
11740,10700,0,0475,0051,,,일반건축물,단독주택,단독주택,0,65.01,146,19831108,2,1,서울특별시 강동구 암사동 475-51번지
11740,10700,0,0475,0052,,,일반건축물,단독주택,단독주택,135.9,67.14,207.36,19880919,2,1,서울특별시 강동구 암사동 475-52번지
11740,10700,0,0475,0053,,,일반건축물,단독주택,단독주택,0,62.32,186.96,19880419,2,1,서울특별시 강동구 암사동 475-53번지
11740,10700,0,0475,0054,,,일반건축물,단독주택,단독주택,0,65.95,204.35,19860521,2,1,서울특별시 강동구 암사동 475-54번지
11740,10700,0,0475,0055,예일빌,,표제부,공동주택,공동주택(다세대주택),0,97.58,295.2,20030604,4,0,서울특별시 강동구 암사동 475-55번지
11740,10700,0,0475,0055,예일빌,,표제부,공동주택,공동주택(다세대주택),0,159.32,606.41,20030604,5,0,서울특별시 강동구 암사동 475-55번지
11740,10700,0,0475,0055,예일빌,,표제부,공동주택,공동주택(다세대주택),0,159.32,606.41,20030604,5,0,서울특별시 강동구 암사동 475-55번지
11740,10700,0,0475,0056,지오빌리지,,표제부,공동주택,다세대주택,298.6,178.23,593.4,20191227,5,0,서울특별시 강동구 암사동 475-56번지
11740,10700,0,0475,0058,,,일반건축물,단독주택,단독주택,185,84.39,249.57,19901228,2,1,서울특별시 강동구 암사동 475-58번지
11740,10700,0,0475,0059,,,일반건축물,단독주택,단독주택,152.6,76.08,231.36,19881116,2,1,서울특별시 강동구 암사동 475-59번지
11740,10700,0,0475,0060,,,일반건축물,제1종근린생활시설,"근린생활시설, 주택",170.6,84.38,348.7,19881205,3,1,서울특별시 강동구 암사동 475-60번지
11740,10700,0,0475,0062,,,일반건축물,단독주택,주택,0,82.88,129.13,19780308,1,1,서울특별시 강동구 암사동 475-62번지
11740,10700,0,0475,0063,소노,,일반건축물,단독주택,"단독주택(다중주택),근린생활시설",139.85,82.66,278.91,20231006,5,0,서울특별시 강동구 암사동 475-63번지
11740,10700,0,0475,0064,,,일반건축물,단독주택,다가구용단독주택(7가구),177.3,106.36,272.59,19930625,2,1,서울특별시 강동구 암사동 475-64번지
11740,10700,0,0475,0065,,,일반건축물,단독주택,다가구용단독주택(10가구),164.37,95.95,328.16,19930701,3,1,서울특별시 강동구 암사동 475-65번지
11740,10700,0,0475,0066,,,일반건축물,단독주택,다가구용단독주택,190.9,112.64,326.27,19920723,2,1,서울특별시 강동구 암사동 475-66번지
11740,10700,0,0475,0067,,,표제부,공동주택,공동주택(다세대주택),172,101.44,403.95,20030715,5,0,서울특별시 강동구 암사동 475-67번지
11740,10700,0,0475,0069,,,일반건축물,단독주택,다가구용단독주택(9가구),248.1,144.02,536.88,19970605,3,1,서울특별시 강동구 암사동 475-69번지
11740,10700,0,0475,0070,,,표제부,공동주택,"공동주택,다세대주택",198.5,118.68,441.36,20050317,4,0,서울특별시 강동구 암사동 475-70번지
11740,10700,0,0475,0071,,,일반건축물,단독주택,단독주택,116.2,57.98,182.11,19880817,2,1,서울특별시 강동구 암사동 475-71번지
11740,10700,0,0476,0000,,,표제부,공동주택,공동주택,225.4,135.06,641.33,20010917,4,1,서울특별시 강동구 암사동 476번지
11740,10700,0,0476,0001,씨앤씨 엘리시아,,일반건축물,단독주택,"단독주택,근린생활시설",173.8,101.64,452.73,20181212,5,1,서울특별시 강동구 암사동 476-1번지
11740,10700,0,0476,0002,,,일반건축물,단독주택,단독주택,0,48.64,122.82,19831014,2,1,서울특별시 강동구 암사동 476-2번지
11740,10700,0,0476,0004,신주블루빌,,표제부,공동주택,"공동주택,다세대주택",243.5,145.5,484.11,20040113,5,0,서울특별시 강동구 암사동 476-4번지
11740,10700,0,0476,0006,용민스위트빌,,표제부,공동주택,공동주택(다세대주택),295.1,176.61,589.49,20160829,5,0,서울특별시 강동구 암사동 476-6번지
11740,10700,0,0476,0009,,,일반건축물,단독주택,"단독주택(다가구주택),근린생활시설",115,68.99,190.53,20170411,4,0,서울특별시 강동구 암사동 476-9번지
11740,10700,0,0476,0010,,,일반건축물,단독주택,단독주택,0,59.87,184.74,19841219,2,1,서울특별시 강동구 암사동 476-10번지
11740,10700,0,0476,0011,,,일반건축물,단독주택,단독주택,0,58.33,174.99,19841121,2,1,서울특별시 강동구 암사동 476-11번지
11740,10700,0,0476,0012,,,일반건축물,단독주택,단독주택,0,57.6,172.8,19840828,2,1,서울특별시 강동구 암사동 476-12번지
11740,10700,0,0476,0013,,,일반건축물,단독주택,"다가구주택,제1종근린생활시설",118.9,71.11,237.43,20230303,4,0,서울특별시 강동구 암사동 476-13번지
11740,10700,0,0476,0015,,,표제부,공동주택,"공동주택,다세대주택",127.7,72.16,248.6,20040304,4,0,서울특별시 강동구 암사동 476-15번지
11740,10700,0,0476,0016,,,일반건축물,단독주택,단독주택,0,61.56,184.68,19840726,2,1,서울특별시 강동구 암사동 476-16번지
11740,10700,0,0476,0017,한승리치빌,,표제부,공동주택,공동주택(다세대주택),183.1,107.97,357.08,20170104,5,0,서울특별시 강동구 암사동 476-17번지
11740,10700,0,0476,0019,,,일반건축물,단독주택,"근린생활시설, 주택",0,79.69,318.01,19880819,3,1,서울특별시 강동구 암사동 476-19번지
11740,10700,0,0476,0020,,,일반건축물,제1종근린생활시설,"근린생활시설, 주택",0,0,809.62,19800813,3,1,서울특별시 강동구 암사동 476-20번지
11740,10700,0,0476,0021,,,표제부,공동주택,다세대주택,218.4,113.22,484.95,19940118,4,1,서울특별시 강동구 암사동 476-21번지
11740,10700,0,0476,0022,,,일반건축물,단독주택,단독주택,0,77.49,232.47,19840615,2,1,서울특별시 강동구 암사동 476-22번지
11740,10700,0,0476,0023,,,일반건축물,단독주택,단독주택,164.4,78.84,241.98,19890626,2,1,서울특별시 강동구 암사동 476-23번지
11740,10700,0,0476,0024,,,일반건축물,단독주택,단독주택,149.6,73.71,229.23,19880615,2,1,서울특별시 강동구 암사동 476-24번지
11740,10700,0,0476,0025,,,일반건축물,단독주택,단독주택(다가구주택) 외1,0,50.12,294.7,19891113,5,1,서울특별시 강동구 암사동 476-25번지
11740,10700,0,0476,0026,,,일반건축물,단독주택,다가구주택(5가구),0,62.44,186.51,19850822,2,1,서울특별시 강동구 암사동 476-26번지
11740,10700,0,0476,0027,,,일반건축물,단독주택,단독주택,113.39,56,173.1,19880831,2,1,서울특별시 강동구 암사동 476-27번지
11740,10700,0,0476,0029,,,표제부,공동주택,다세대주택,141.8,84.6,315.17,20101104,5,0,서울특별시 강동구 암사동 476-29번지
11740,10700,0,0476,0030,,,일반건축물,제1종근린생활시설,"근린생활시설, 주택",0,87.42,434.7,19891124,4,1,서울특별시 강동구 암사동 476-30번지
11740,10700,0,0476,0033,한승리치빌,,표제부,공동주택,공동주택(다세대주택),180.3,107.97,360.23,20170104,5,0,서울특별시 강동구 암사동 476-33번지
11740,10700,0,0477,0000,,,일반건축물,단독주택,"근린생활시설, 다가구용단독주택(2가구)",116.7,69.72,278.11,19931129,3,1,서울특별시 강동구 암사동 477번지
11740,10700,0,0477,0001,,,일반건축물,단독주택,"근린생활시설, 단독주택",0,51.72,177.78,19851228,3,1,서울특별시 강동구 암사동 477-1번지
11740,10700,0,0477,0002,,,일반건축물,단독주택,다가구주택,82.2,49.25,201.08,20110923,5,0,서울특별시 강동구 암사동 477-2번지
11740,10700,0,0477,0003,,,일반건축물,단독주택,주택,0,25.52,25.52,19720615,1,0,서울특별시 강동구 암사동 477-3번지
11740,10700,0,0477,0004,,,일반건축물,단독주택,단독주택,102.3,49.2,152.52,19861010,2,1,서울특별시 강동구 암사동 477-4번지
11740,10700,0,0477,0005,,,일반건축물,단독주택,단독주택,132.75,65.4,196.2,19850611,2,1,서울특별시 강동구 암사동 477-5번지
11740,10700,0,0477,0006,,,일반건축물,단독주택,주택,0,47.9,95.8,19800527,1,1,서울특별시 강동구 암사동 477-6번지
11740,10700,0,0477,0007,,,일반건축물,단독주택,단독주택,0,51.84,118.89,19830720,2,1,서울특별시 강동구 암사동 477-7번지
11740,10700,0,0477,0008,,,일반건축물,단독주택,다가구용단독주택(7가구),146.75,86.5,306.64,19940421,3,1,서울특별시 강동구 암사동 477-8번지
11740,10700,0,0477,0011,한승리치빌,,표제부,공동주택,도시형생활주택(단지형),253.5,151.04,495.51,20150507,6,0,서울특별시 강동구 암사동 477-11번지
11740,10700,0,0477,0013,,,일반건축물,단독주택,다가구용단독주택(6가구),194.7,69.91,198.09,19911120,2,1,서울특별시 강동구 암사동 477-13번지
11740,10700,0,0477,0014,,,일반건축물,단독주택,단독주택,0,41.97,125.26,19841126,2,1,서울특별시 강동구 암사동 477-14번지
11740,10700,0,0477,0015,,,일반건축물,단독주택,다가구용단독주택,95.85,57,163.8,19911206,2,1,서울특별시 강동구 암사동 477-15번지
11740,10700,0,0477,0016,세림시티,,표제부,공동주택,도시형생활주택(단지형다세대주택),607.18,183.66,636.38,20210813,5,0,서울특별시 강동구 암사동 477-16번지
11740,10700,0,0477,0016,세림시티,,표제부,공동주택,도시형생활주택(단지형다세대주택),607.18,164.99,577.94,20210813,5,0,서울특별시 강동구 암사동 477-16번지
11740,10700,0,0477,0019,,,일반건축물,제1종근린생활시설,"근린생활시설, 다가구주택(2가구)",87.1,51.94,179.34,19940418,3,1,서울특별시 강동구 암사동 477-19번지
11740,10700,0,0477,0021,,,일반건축물,제2종근린생활시설,"근린생활시설, 주택",158.6,79.9,444.39,19940930,5,1,서울특별시 강동구 암사동 477-21번지
11740,10700,0,0477,0022,,,일반건축물,단독주택,"근린생활시설, 다가구용단독주택(3가구)",123.7,73.98,283.2,19930121,4,1,서울특별시 강동구 암사동 477-22번지
11740,10700,0,0477,0023,,,일반건축물,단독주택,"근린생활시설, 주택",71.9,40.25,128.55,19930120,3,1,서울특별시 강동구 암사동 477-23번지
11740,10700,0,0477,0024,,,일반건축물,제1종근린생활시설,근린생활시설,0,28.42,88.74,19841008,2,1,서울특별시 강동구 암사동 477-24번지
11740,10700,0,0477,0027,,,일반건축물,단독주택,단독주택 외2,0,43.12,139.72,19841008,2,1,서울특별시 강동구 암사동 477-27번지
11740,10700,0,0477,0029,,,일반건축물,단독주택,"근린생활시설, 주택(1세대)",255.9,145.44,689.31,19961021,4,1,서울특별시 강동구 암사동 477-29번지
11740,10700,0,0477,0030,,,일반건축물,단독주택,단독주택,112.5,55.74,174.72,19851105,2,1,서울특별시 강동구 암사동 477-30번지
11740,10700,0,0477,0033,지오타운,,표제부,공동주택,도시형생활주택(단지형다세대),944.6,127.6,529,20210409,5,0,서울특별시 강동구 암사동 477-33번지
11740,10700,0,0477,0033,지오타운,,표제부,공동주택,도시형생활주택(단지형다세대),944.6,211.86,659.92,20210409,5,0,서울특별시 강동구 암사동 477-33번지
11740,10700,0,0477,0033,지오타운,,표제부,공동주택,도시형생활주택(단지형다세대),944.6,178.31,651.77,20210409,5,0,서울특별시 강동구 암사동 477-33번지
11740,10700,0,0477,0037,,,일반건축물,단독주택,단독주택,0,75.6,230.4,19901011,2,1,서울특별시 강동구 암사동 477-37번지
11740,10700,0,0477,0038,,,표제부,공동주택,공동주택,243.7,146.15,507.54,20120921,5,0,서울특별시 강동구 암사동 477-38번지
11740,10700,0,0477,0040,,,일반건축물,단독주택,단독주택,184.8,83.94,246.42,19901016,2,1,서울특별시 강동구 암사동 477-40번지
11740,10700,0,0477,0041,,,표제부,공동주택,공동주택,310.8,150.1,659.42,20010824,4,1,서울특별시 강동구 암사동 477-41번지
11740,10700,0,0477,0043,광명리채,,표제부,공동주택,"근생,공동주택(다세대주택)",325.23,179.12,625.53,20160510,5,0,서울특별시 강동구 암사동 477-43번지
11740,10700,0,0477,0047,,,일반건축물,단독주택,단독주택,101,50.37,146.83,19900208,2,1,서울특별시 강동구 암사동 477-47번지
11740,10700,0,0477,0050,,,일반건축물,단독주택,단독주택,0,66,197.51,19881230,2,1,서울특별시 강동구 암사동 477-50번지
11740,10700,0,0477,0052,,,일반건축물,단독주택,"근린생활시설, 주택",210.6,121,494.22,19980311,4,1,서울특별시 강동구 암사동 477-52번지
11740,10700,0,0477,0053,,,일반건축물,제1종근린생활시설,"근린생활시설, 단독주택",0,112.11,470.99,19840914,3,1,서울특별시 강동구 암사동 477-53번지
11740,10700,0,0477,0056,,,일반건축물,단독주택,단독주택,89.1,42.48,129.6,19900119,2,1,서울특별시 강동구 암사동 477-56번지
11740,10700,0,0477,0058,,,일반건축물,단독주택,"근린생활시설, 주택",155.3,75.48,377.4,19900411,4,1,서울특별시 강동구 암사동 477-58번지
11740,10700,0,0478,0000,,,일반건축물,제1종근린생활시설,"근린생활시설, 주택",0,117.36,581.28,19880818,4,1,서울특별시 강동구 암사동 478번지
11740,10700,0,0478,0001,,,일반건축물,단독주택,"근린생활시설, 주택",135.4,67.68,331.2,19920414,4,1,서울특별시 강동구 암사동 478-1번지
11740,10700,0,0478,0002,,,일반건축물,단독주택,"근린생활시설, 주택",346.4,160.4,646.98,19930125,4,1,서울특별시 강동구 암사동 478-2번지
11740,10700,0,0478,0004,테크빌4,,표제부,공동주택,공동주택(다세대주택),321.8,192.67,597.14,20160429,5,0,서울특별시 강동구 암사동 478-4번지
11740,10700,0,0478,0006,,,표제부,공동주택,공동주택(다세대주택),194.6,116.73,363.54,20221013,5,0,서울특별시 강동구 암사동 478-6번지
11740,10700,0,0478,0008,,,일반건축물,제1종근린생활시설,"근린생활시설, 단독주택",0,141.12,397.89,19840209,2,1,서울특별시 강동구 암사동 478-8번지
11740,10700,0,0478,0010,,,일반건축물,단독주택,"근린생활시설, 주택",0,73.98,194.4,19830629,2,1,서울특별시 강동구 암사동 478-10번지
11740,10700,0,0478,0012,,,일반건축물,단독주택,단독주택,176.38,86.3,249.84,19890413,2,1,서울특별시 강동구 암사동 478-12번지
11740,10700,0,0478,0013,라티빌,,표제부,공동주택,공동주택(다세대주택),324.5,176.55,646.94,20210216,5,0,서울특별시 강동구 암사동 478-13번지
11740,10700,0,0478,0015,,,일반건축물,단독주택,단독주택,171.3,83.28,249.81,19881228,2,1,서울특별시 강동구 암사동 478-15번지
11740,10700,0,0478,0016,,,일반건축물,제2종근린생활시설,"근린생활시설, 주택",173.1,80.7,431.82,19910625,4,1,서울특별시 강동구 암사동 478-16번지
11740,10700,0,0478,0017,,,일반건축물,제1종근린생활시설,"근린생활시설, 주택",171,84.24,434.16,19881129,4,1,서울특별시 강동구 암사동 478-17번지
11740,10700,0,0478,0018,,,일반건축물,제1종근린생활시설,"근린생활시설, 주택",214.4,106.92,563.74,19881129,4,1,서울특별시 강동구 암사동 478-18번지
11740,10700,0,0478,0019,이도 스타빌라,,표제부,공동주택,도시형생활주택(단지형),666.1,175.94,659.19,20150312,5,0,서울특별시 강동구 암사동 478-19번지
11740,10700,0,0478,0019,이도 스타빌라,,표제부,공동주택,도시형생활주택(단지형),666.1,218.37,659.49,20150312,5,0,서울특별시 강동구 암사동 478-19번지
11740,10700,0,0478,0024,,,일반건축물,제1종근린생활시설,"근린생활시설, 주택",0,142.56,700.92,19880906,4,1,서울특별시 강동구 암사동 478-24번지
11740,10700,0,0478,0025,,,표제부,공동주택,연립주택,603.7,323.9,1370.17,19960822,4,1,서울특별시 강동구 암사동 478-25번지
11740,10700,0,0478,0028,,,일반건축물,제1종근린생활시설,점포,0,67.72,203.1,19820308,2,1,서울특별시 강동구 암사동 478-28번지
11740,10700,0,0478,0031,,,일반건축물,단독주택,"근린생활시설, 다가구주택",187.5,93,494.7,19920625,4,1,서울특별시 강동구 암사동 478-31번지
11740,10700,0,0478,0032,,,일반건축물,단독주택,"주택, 점포",0,115.47,246.91,19800820,2,1,서울특별시 강동구 암사동 478-32번지
11740,10700,0,0478,0034,,,일반건축물,단독주택,다가구용단독주택(8가구),169.9,101.67,374.75,19951116,3,1,서울특별시 강동구 암사동 478-34번지
11740,10700,0,0478,0035,478에비뉴,,표제부,공동주택,공동주택,247.5,148.42,494.42,20180403,6,0,서울특별시 강동구 암사동 478-35번지
11740,10700,0,0478,0037,우주빌,,표제부,공동주택,도시형생활주택(단지형),281.3,168.1,561.27,20150624,5,0,서울특별시 강동구 암사동 478-37번지
11740,10700,0,0478,0039,구립한빛어린이집,,일반건축물,노유자시설,노유자시설(어린이집),182.3,99.9,282.85,20150528,3,0,서울특별시 강동구 암사동 478-39번지
11740,10700,0,0478,0040,,,표제부,공동주택,다세대주택,0,139.44,599.97,19911230,4,1,서울특별시 강동구 암사동 478-40번지
11740,10700,0,0478,0043,,,표제부,공동주택,다세대주택,343.2,150.3,649.78,19960217,4,1,서울특별시 강동구 암사동 478-43번지
11740,10700,0,0478,0045,,,표제부,공동주택,연립주택,380.7,220.59,968.94,19951230,4,1,서울특별시 강동구 암사동 478-45번지
11740,10700,0,0478,0047,,,일반건축물,단독주택,주택,0,0,19.34,19630920,0,1,서울특별시 강동구 암사동 478-47번지
11740,10700,0,0478,0048,,,일반건축물,단독주택,단독주택,0,66.24,204.93,19880628,2,1,서울특별시 강동구 암사동 478-48번지
11740,10700,0,0478,0049,,,일반건축물,단독주택,단독주택,150.2,74.79,224.37,19860616,2,1,서울특별시 강동구 암사동 478-49번지
11740,10700,0,0478,0050,나래하우스텔,,표제부,공동주택,"다세대주택(도시형생활주택, 원룸형)",255.8,153.24,555.57,20110809,5,0,서울특별시 강동구 암사동 478-50번지
11740,10700,0,0478,0052,,,일반건축물,단독주택,다가구용단독주택(7가구),164.5,95.66,299.98,19980908,3,1,서울특별시 강동구 암사동 478-52번지
11740,10700,0,0478,0053,,,일반건축물,노유자시설,노유자시설(아동관련시설),191.4,113.8,330.21,20061127,3,0,서울특별시 강동구 암사동 478-53번지
11740,10700,0,0478,0054,청솔빌라,,표제부,공동주택,다세대주택,169.6,101.48,378.68,20120713,5,0,서울특별시 강동구 암사동 478-54번지
11740,10700,0,0478,0056,하늘채빌라,,표제부,공동주택,다세대주택,177,105.87,400.52,20120713,5,0,서울특별시 강동구 암사동 478-56번지
11740,10700,0,0478,0057,라온누리 빌,,표제부,공동주택,다세대주택,165,97.68,329.79,20130906,5,0,서울특별시 강동구 암사동 478-57번지
11740,10700,0,0478,0058,현영쉬크빌,,표제부,공동주택,공동주택(도시형생활주택-단지형다세대),282.6,161.28,564.99,20160120,6,0,서울특별시 강동구 암사동 478-58번지
11740,10700,0,0478,0060,그루터기 빌,,표제부,공동주택,다세대주택,199,119.23,397.91,20140311,5,0,서울특별시 강동구 암사동 478-60번지
11740,10700,0,0478,0063,,,일반건축물,단독주택,다가구용단독주택(10가구),221.6,106.52,319.56,19911029,2,1,서울특별시 강동구 암사동 478-63번지
11740,10700,0,0478,0064,이도빌리지,,표제부,공동주택,공동주택(다세대주택),334.27,200.43,659.86,20161024,5,0,서울특별시 강동구 암사동 478-64번지
11740,10700,0,0478,0065,,,일반건축물,단독주택,단독주택,119.7,59.56,186.05,19900901,2,1,서울특별시 강동구 암사동 478-65번지
11740,10700,0,0478,0066,,,일반건축물,단독주택,단독주택,149.6,74.4,228.96,19860926,2,1,서울특별시 강동구 암사동 478-66번지
11740,10700,0,0478,0068,,,일반건축물,단독주택,주택,0,62.35,111.23,19690615,2,0,서울특별시 강동구 암사동 478-68번지
11740,10700,0,0478,0069,,,일반건축물,단독주택,단독주택,0,67.59,208.81,19860902,2,1,서울특별시 강동구 암사동 478-69번지
11740,10700,0,0478,0070,,,일반건축물,단독주택,다가구용단독주택,110.9,64.26,191.58,19920313,2,1,서울특별시 강동구 암사동 478-70번지
11740,10700,0,0478,0071,베스트 빌,,표제부,공동주택,다세대주택,134.5,77.64,276.12,20121120,4,0,서울특별시 강동구 암사동 478-71번지
11740,10700,0,0478,0072,,,일반건축물,단독주택,"단독주택,제2종근린생활시설",118.3,70.5,213.46,20190321,4,0,서울특별시 강동구 암사동 478-72번지
11740,10700,0,0478,0073,아데나루체,,표제부,공동주택,"공동주택,제1종근린생활시설",185.35,110.58,328.89,20180207,5,0,서울특별시 강동구 암사동 478-73번지
11740,10700,0,0478,0075,,,표제부,공동주택,공동주택(다세대주택),256.2,146.38,574.04,20061107,5,0,서울특별시 강동구 암사동 478-75번지
11740,10700,0,0478,0077,,,일반건축물,단독주택,단독주택,0,66.24,198.72,19860530,2,1,서울특별시 강동구 암사동 478-77번지
11740,10700,0,0478,0078,진희빌,,표제부,공동주택,"공동주택,다세대주택",143.3,85.86,325.78,20050317,5,0,서울특별시 강동구 암사동 478-78번지
11740,10700,0,0478,0082,,,표제부,공동주택,다세대주택(8),355.6,202.8,641.76,20080123,5,0,서울특별시 강동구 암사동 478-82번지
11740,10700,0,0478,0083,클래시하우스4차,,표제부,공동주택,도시형생활주택(단지형연립주택),595.1,335.16,1263.82,20210908,6,1,서울특별시 강동구 암사동 478-83번지
11740,10700,0,0478,0087,,,일반건축물,단독주택,다가구용단독주택(7가구),190,113.53,419.8,19970630,3,1,서울특별시 강동구 암사동 478-87번지
11740,10700,0,0478,0088,영신주택,,표제부,공동주택,공동주택(다세대주택),173.3,102.97,378.54,20051109,4,0,서울특별시 강동구 암사동 478-88번지
11740,10700,0,0478,0089,하늘정원,,표제부,공동주택,공동주택(다세대주택),211.9,126.03,493.55,20051017,4,0,서울특별시 강동구 암사동 478-89번지
11740,10700,0,0478,0090,,,표제부,공동주택,다세대주택,170,97.87,301.88,20080820,4,0,서울특별시 강동구 암사동 478-90번지
11740,10700,0,0478,0095,,,표제부,공동주택,다세대주택,289.1,152.53,598.36,19911230,3,1,서울특별시 강동구 암사동 478-95번지
11740,10700,0,0478,0097,,,일반건축물,단독주택,다가구용단독주택(5가구),105.1,62.31,171.39,19920924,2,1,서울특별시 강동구 암사동 478-97번지
11740,10700,0,0479,0000,씨에이치빌,,표제부,공동주택,"근린생활시설,공동주택(다세대주택)",197.9,118.48,395.04,20160810,5,0,서울특별시 강동구 암사동 479번지
11740,10700,0,0479,0001,D&G HOUSE,,표제부,공동주택,다세대주택(도시형생활주택),165.4,78.33,329.15,20120420,5,0,서울특별시 강동구 암사동 479-1번지
11740,10700,0,0479,0002,,,일반건축물,단독주택,다가구용단독주택(10가구),164.7,98.28,364.39,19911127,3,1,서울특별시 강동구 암사동 479-2번지
11740,10700,0,0479,0003,,,일반건축물,단독주택,다가구용단독주택,189.4,102.83,381.82,19910926,3,1,서울특별시 강동구 암사동 479-3번지
11740,10700,0,0479,0004,,,표제부,공동주택,다세대주택,288,153.34,599.65,19920818,3,1,서울특별시 강동구 암사동 479-4번지
11740,10700,0,0479,0005,,,일반건축물,단독주택,다가구용단독주택,198.9,118.47,308.76,19800723,2,1,서울특별시 강동구 암사동 479-5번지
11740,10700,0,0479,0006,,,일반건축물,단독주택,단독주택,195.6,91.61,249.86,19881228,2,1,서울특별시 강동구 암사동 479-6번지
11740,10700,0,0479,0008,,,일반건축물,단독주택,다가구용단독주택(11가구),204.5,119.16,450.65,19920519,3,1,서울특별시 강동구 암사동 479-8번지
11740,10700,0,0479,0009,,,일반건축물,제2종근린생활시설,"근린생활시설, 주택",250.6,123.56,771.52,19910206,5,1,서울특별시 강동구 암사동 479-9번지
11740,10700,0,0479,0010,암사동성당,,일반건축물,종교시설,종교시설(성당),1677.3,698.75,2080.73,19841113,3,1,서울특별시 강동구 암사동 479-10번지
11740,10700,0,0479,0010,,,일반건축물,단독주택,단독주택(사제관),0,135.35,406.05,19841113,2,1,서울특별시 강동구 암사동 479-10번지
11740,10700,0,0479,0013,제이빌더스,,표제부,공동주택,공동주택(도시형생활주택-단지형다세대),2319.2,195.67,830.99,20161004,6,1,서울특별시 강동구 암사동 479-13번지
11740,10700,0,0479,0013,제이빌더스,,표제부,공동주택,공동주택(도시형생활주택-단지형다세대),2319.2,160.09,723.42,20161004,6,1,서울특별시 강동구 암사동 479-13번지
11740,10700,0,0479,0013,제이빌더스,,표제부,제1종근린생활시설,제1종근린생활시설(소매점),2319.2,0,825.78,20161004,0,1,서울특별시 강동구 암사동 479-13번지
11740,10700,0,0479,0013,제이빌더스,,표제부,공동주택,공동주택(도시형생활주택-단지형다세대),2319.2,193,823.05,20161004,6,1,서울특별시 강동구 암사동 479-13번지
11740,10700,0,0479,0013,제이빌더스,,표제부,공동주택,공동주택(도시형생활주택-단지형다세대),2319.2,207.02,831.49,20161004,6,1,서울특별시 강동구 암사동 479-13번지
11740,10700,0,0479,0013,제이빌더스,,표제부,공동주택,공동주택(도시형생활주택-단지형다세대),2319.2,193,823.05,20161004,6,1,서울특별시 강동구 암사동 479-13번지
11740,10700,0,0479,0013,제이빌더스,,표제부,공동주택,공동주택(도시형생활주택-단지형다세대),2319.2,160.09,723.42,20161004,6,1,서울특별시 강동구 암사동 479-13번지
11740,10700,0,0479,0013,제이빌더스,,표제부,공동주택,공동주택(도시형생활주택-단지형다세대),2319.2,217.79,831.54,20161004,6,1,서울특별시 강동구 암사동 479-13번지
11740,10700,0,0480,0000,로뎀하우스,,표제부,공동주택,다세대주택,164.9,97.36,328.72,20100331,5,0,서울특별시 강동구 암사동 480번지
11740,10700,0,0480,0001,강동종합시장,,표제부,판매시설,시장,0,0,4010.85,19811014,3,1,서울특별시 강동구 암사동 480-1번지
11740,10700,0,0480,0002,,,일반건축물,단독주택,다가구용단독주택(5가구),157.7,78.28,284.39,19960318,3,1,서울특별시 강동구 암사동 480-2번지
11740,10700,0,0480,0003,테라캐슬,,표제부,공동주택,"다세대주택,제1종근린생활시설",189.7,101.24,379.01,20191212,5,0,서울특별시 강동구 암사동 480-3번지
11740,10700,0,0480,0004,대신빌라,,표제부,공동주택,다세대주택,234.9,136.44,468.44,20100723,5,0,서울특별시 강동구 암사동 480-4번지
11740,10700,0,0480,0006,,,일반건축물,단독주택,단독주택,112.5,55.66,166.23,19890420,2,1,서울특별시 강동구 암사동 480-6번지
11740,10700,0,0480,0007,,,일반건축물,단독주택,단독주택,106.6,53.13,159.39,19890726,2,1,서울특별시 강동구 암사동 480-7번지
11740,10700,0,0480,0009,,,일반건축물,단독주택,단독주택,142.2,70.52,211.56,19890531,2,1,서울특별시 강동구 암사동 480-9번지
11740,10700,0,0480,0010,,,일반건축물,단독주택,단독주택,145.9,72.77,212.31,19890603,2,1,서울특별시 강동구 암사동 480-10번지
11740,10700,0,0480,0012,,,일반건축물,단독주택,"근린생활시설,다가구주택",124.8,74.71,239.56,20160901,4,0,서울특별시 강동구 암사동 480-12번지
11740,10700,0,0480,0013,,,일반건축물,단독주택,단독주택,115.7,57.64,172.92,19890422,2,1,서울특별시 강동구 암사동 480-13번지
11740,10700,0,0480,0014,샤인에스티움,,표제부,공동주택,다세대주택(단지형),224.9,132.56,448.68,20141022,6,0,서울특별시 강동구 암사동 480-14번지
11740,10700,0,0481,0000,,,일반건축물,단독주택,단독주택,135.5,67.23,201.69,19880726,2,1,서울특별시 강동구 암사동 481번지
11740,10700,0,0481,0001,,,표제부,공동주택,다세대주택,431.8,186.88,656.4,19940608,4,1,서울특별시 강동구 암사동 481-1번지
11740,10700,0,0481,0002,,,일반건축물,단독주택,단독주택,182,84.08,245.7,19890605,2,1,서울특별시 강동구 암사동 481-2번지
11740,10700,0,0481,0003,샤인빌,,표제부,공동주택,공동주택(다세대주택),224.9,143.13,477.31,20080611,5,0,서울특별시 강동구 암사동 481-3번지
11740,10700,0,0481,0004,,,일반건축물,단독주택,다가구용단독주택(8),257,152.4,538.43,19970602,3,1,서울특별시 강동구 암사동 481-4번지
11740,10700,0,0481,0005,현진빌리지,,표제부,공동주택,공동주택(다세대8),181.7,108.89,358.21,20080324,5,0,서울특별시 강동구 암사동 481-5번지
11740,10700,0,0481,0006,작은도시,,표제부,공동주택,공동주택(도시형생활주택),175.5,104.48,346.8,20160122,5,0,서울특별시 강동구 암사동 481-6번지
11740,10700,0,0481,0007,한솔아트빌,,표제부,공동주택,다세대주택(16세대),346.5,202.01,616.52,20120518,5,0,서울특별시 강동구 암사동 481-7번지
11740,10700,0,0481,0009,,,표제부,공동주택,다세대주택,171.3,101.9,350.35,20080520,5,0,서울특별시 강동구 암사동 481-9번지
11740,10700,0,0481,0010,,,표제부,공동주택,다세대주택,211.9,127.06,429.53,20020104,4,0,서울특별시 강동구 암사동 481-10번지
11740,10700,0,0481,0011,,,일반건축물,단독주택,다가구주택(7가구),224.8,132.96,450.98,20021108,3,1,서울특별시 강동구 암사동 481-11번지
11740,10700,0,0481,0012,,,일반건축물,제1종근린생활시설,제1종근린생활시설 외2,192.9,95.58,462.36,19920507,4,1,서울특별시 강동구 암사동 481-12번지
11740,10700,0,0481,0014,,,표제부,공동주택,다세대주택,191.8,114.94,433.5,20100329,5,0,서울특별시 강동구 암사동 481-14번지
11740,10700,0,0481,0015,,,표제부,공동주택,다세대주택,191.6,111.8,389.02,20081114,5,0,서울특별시 강동구 암사동 481-15번지
11740,10700,0,0481,0017,,,표제부,공동주택,"근린생활시설,다세대주택",191.5,114.04,420.76,20021230,4,0,서울특별시 강동구 암사동 481-17번지
11740,10700,0,0481,0018,,,표제부,공동주택,다세대주택,228.2,136.64,599.5,19930909,4,1,서울특별시 강동구 암사동 481-18번지
11740,10700,0,0481,0019,,,일반건축물,단독주택,단독주택,117.3,57.29,171.72,19880506,2,1,서울특별시 강동구 암사동 481-19번지
11740,10700,0,0481,0020,삼성파크빌,,표제부,공동주택,다세대주택,251.3,150.48,501.36,20080701,5,0,서울특별시 강동구 암사동 481-20번지
11740,10700,0,0481,0022,,,표제부,공동주택,다세대주택,431.8,186.16,656.4,19930730,4,1,서울특별시 강동구 암사동 481-22번지
11740,10700,0,0481,0023,,,표제부,공동주택,다세대주택,431.8,186.18,656.4,19940615,4,1,서울특별시 강동구 암사동 481-23번지
11740,10700,0,0482,0000,,,일반건축물,제2종근린생활시설,"제1,2종근린생활시설 외1",223.3,130.08,445.27,20051208,5,0,서울특별시 강동구 암사동 482번지
11740,10700,0,0482,0001,금성빌리지,,표제부,공동주택,공동주택(다세대주택),288.7,172.34,656.55,20030318,5,0,서울특별시 강동구 암사동 482-1번지
11740,10700,0,0482,0002,,,표제부,공동주택,공동주택(다세대주택),190.5,112.18,425.4,20020705,4,0,서울특별시 강동구 암사동 482-2번지
11740,10700,0,0482,0003,한울글로리,,표제부,공동주택,공동주택(다세대주택),319.7,191.54,630.25,20080611,5,0,서울특별시 강동구 암사동 482-3번지
11740,10700,0,0482,0005,,,일반건축물,단독주택,단독주택,0,87.06,261.18,19840211,2,1,서울특별시 강동구 암사동 482-5번지
11740,10700,0,0482,0006,,,일반건축물,단독주택,주택,0,61.81,182.1,19900612,2,1,서울특별시 강동구 암사동 482-6번지
11740,10700,0,0482,0007,,,표제부,공동주택,다세대주택,0,83.19,249.57,19861031,2,1,서울특별시 강동구 암사동 482-7번지
11740,10700,0,0482,0009,한강하이빌,,표제부,공동주택,다세대주택,334.2,199.5,701.57,20111012,5,0,서울특별시 강동구 암사동 482-9번지
11740,10700,0,0482,0010,성호팰리스,,표제부,공동주택,다세대주택(도시형생활주택),211.1,126.08,420.89,20171025,6,0,서울특별시 강동구 암사동 482-10번지
11740,10700,0,0482,0011,현진빌리지,,표제부,공동주택,다세대주택,421.2,213.62,622.3,20121206,5,0,서울특별시 강동구 암사동 482-11번지
11740,10700,0,0482,0012,,,일반건축물,제1종근린생활시설,"근린생활시설, 주택",191.9,103.5,494.68,19960820,4,1,서울특별시 강동구 암사동 482-12번지
11740,10700,0,0482,0014,,,일반건축물,제2종근린생활시설,"근린생활시설, 주택",568.1,144.57,884.12,19901103,5,1,서울특별시 강동구 암사동 482-14번지
11740,10700,0,0482,0016,,,일반건축물,단독주택,주택,0,79.17,95.17,19771128,1,1,서울특별시 강동구 암사동 482-16번지
11740,10700,0,0482,0017,,,일반건축물,단독주택,단독주택,0,82.17,324.68,19861015,3,1,서울특별시 강동구 암사동 482-17번지
11740,10700,0,0482,0018,,,일반건축물,단독주택,단독주택,0,80.52,243.24,19861015,2,1,서울특별시 강동구 암사동 482-18번지
11740,10700,0,0482,0019,,,일반건축물,단독주택,단독주택,163.8,81.75,245.25,19850831,2,1,서울특별시 강동구 암사동 482-19번지
11740,10700,0,0482,0020,제이디파크빌,,표제부,공동주택,도시형생활주택(단지형다세대주택),325.2,191.4,630.9,20190214,6,1,서울특별시 강동구 암사동 482-20번지
11740,10700,0,0482,0022,,,일반건축물,단독주택,다가구주택(8세대),180.4,107.97,385.61,19960607,3,1,서울특별시 강동구 암사동 482-22번지
11740,10700,0,0482,0023,다담하우스,,표제부,공동주택,도시형생활주택(단지형다세대),394,191.09,659.89,20211022,6,0,서울특별시 강동구 암사동 482-23번지
11740,10700,0,0482,0025,,,일반건축물,단독주택,다가구용단독주택(7가구),182,109.02,399.04,19960408,3,1,서울특별시 강동구 암사동 482-25번지
11740,10700,0,0482,0026,,,일반건축물,단독주택,단독주택,0,82.65,247.5,19880915,2,1,서울특별시 강동구 암사동 482-26번지
11740,10700,0,0482,0027,,,일반건축물,단독주택,단독주택,176.8,83.43,248.79,19880916,2,1,서울특별시 강동구 암사동 482-27번지
11740,10700,0,0482,0028,,,표제부,공동주택,다세대주택,177.7,99.4,375.1,20120831,5,0,서울특별시 강동구 암사동 482-28번지
11740,10700,0,0482,0030,,,일반건축물,단독주택,단독주택,169.5,83.82,248.66,19910206,2,1,서울특별시 강동구 암사동 482-30번지
11740,10700,0,0482,0031,,,일반건축물,단독주택,다가구주택(7가구),197.7,118.32,430.82,19981022,3,1,서울특별시 강동구 암사동 482-31번지
11740,10700,0,0482,0032,,,표제부,공동주택,다세대주택,351.9,210.82,656.57,20081125,5,0,서울특별시 강동구 암사동 482-32번지
11740,10700,0,0482,0033,아트빌,,표제부,공동주택,공동주택(다세대주택),183.5,109.92,315.64,20071206,5,0,서울특별시 강동구 암사동 482-33번지
11740,10700,0,0482,0034,삼성그린빌,,표제부,공동주택,다세대주택 및 근린생활시설,216,128.82,474.31,20090325,5,0,서울특별시 강동구 암사동 482-34번지
11740,10700,0,0482,0035,,,일반건축물,단독주택,다가구용단독주택(10가구),215,125.91,434.26,19941210,3,1,서울특별시 강동구 암사동 482-35번지
11740,10700,0,0482,0036,,,일반건축물,단독주택,다가구용단독주택(11가구),214.9,116.6,453.92,19910919,3,1,서울특별시 강동구 암사동 482-36번지
11740,10700,0,0482,0037,,,일반건축물,단독주택,단독주택,0,108.75,324.9,19840106,2,1,서울특별시 강동구 암사동 482-37번지
11740,10700,0,0482,0041,,,일반건축물,단독주택,단독주택,0,62.79,188.23,19861112,2,1,서울특별시 강동구 암사동 482-41번지
11740,10700,0,0482,0043,,,표제부,공동주택,다세대주택,0,80.75,242.25,19861112,2,1,서울특별시 강동구 암사동 482-43번지
11740,10700,0,0482,0047,진산빌라,,표제부,공동주택,"다세대주택,제2종근린생활시설",168.6,98.43,335.26,20180416,5,0,서울특별시 강동구 암사동 482-47번지
11740,10700,0,0482,0048,,,일반건축물,단독주택,다가구주택,99.6,57.75,179.34,20030628,4,0,서울특별시 강동구 암사동 482-48번지
11740,10700,0,0483,0000,암사동와이씨빌딩,,표제부,공동주택,공동주택(다세대주택)외1,225,134.64,618.63,20040624,5,0,서울특별시 강동구 암사동 483번지
11740,10700,0,0483,0001,은덕빌딩,,일반건축물,단독주택,제1종근린생활시설외1,227.9,115.97,458.43,19831201,4,1,서울특별시 강동구 암사동 483-1번지
11740,10700,0,0483,0002,,,일반건축물,단독주택,단독주택,0,81.15,193.08,19830518,2,1,서울특별시 강동구 암사동 483-2번지
11740,10700,0,0483,0004,,,일반건축물,단독주택,다가구용단독주택(7가구),188.2,111.6,446.4,19970213,3,1,서울특별시 강동구 암사동 483-4번지
11740,10700,0,0483,0005,,,일반건축물,제1종근린생활시설,"근린생활시설, 주택",91.1,45.46,185.74,19900525,3,1,서울특별시 강동구 암사동 483-5번지
11740,10700,0,0483,0006,,,표제부,공동주택,공동주택(다세대주택),204.9,122.82,381.38,20160401,5,0,서울특별시 강동구 암사동 483-6번지
11740,10700,0,0483,0007,,,일반건축물,단독주택,다가구용단독주택(2가구),90.1,53.66,154.28,19970701,2,1,서울특별시 강동구 암사동 483-7번지
11740,10700,0,0483,0008,,,표제부,공동주택,다세대주택,279.1,161.4,645.7,19951128,4,1,서울특별시 강동구 암사동 483-8번지
11740,10700,0,0483,0009,,,일반건축물,단독주택,단독주택(다가구주택),145,85.9,304.43,19960425,4,1,서울특별시 강동구 암사동 483-9번지
11740,10700,0,0483,0010,,,일반건축물,단독주택,주택,0,85.92,145.09,19750901,2,1,서울특별시 강동구 암사동 483-10번지
11740,10700,0,0483,0011,,,일반건축물,단독주택,단독주택,107.6,53.43,160.29,19850318,2,1,서울특별시 강동구 암사동 483-11번지
11740,10700,0,0483,0012,,,일반건축물,단독주택,다가구용단독주택(7가구),132.3,78.48,232.02,19910917,2,1,서울특별시 강동구 암사동 483-12번지
11740,10700,0,0483,0013,,,일반건축물,단독주택,다가구용단독주택,96.24,53.62,160.86,19920904,2,1,서울특별시 강동구 암사동 483-13번지
11740,10700,0,0483,0014,,,일반건축물,단독주택,단독주택,124.1,61.29,190.71,19900730,2,1,서울특별시 강동구 암사동 483-14번지
11740,10700,0,0483,0015,,,일반건축물,단독주택,단독주택,0,80.41,242.63,19861212,2,1,서울특별시 강동구 암사동 483-15번지
11740,10700,0,0483,0016,,,일반건축물,단독주택,단독주택,0,63,198.39,19881110,2,1,서울특별시 강동구 암사동 483-16번지
11740,10700,0,0483,0017,,,표제부,공동주택,다세대주택,220.2,109.68,329.04,19901219,2,1,서울특별시 강동구 암사동 483-17번지
11740,10700,0,0483,0018,,,일반건축물,단독주택,단독주택,0,65.74,201.38,19881128,2,1,서울특별시 강동구 암사동 483-18번지
11740,10700,0,0483,0019,,,일반건축물,단독주택,다가구주택(6가구),100.3,58.72,174.26,19920701,2,1,서울특별시 강동구 암사동 483-19번지
11740,10700,0,0483,0020,네슬팰리스,,표제부,공동주택,"다세대주택,근린생활시설",159.6,93.6,318.64,20170123,5,0,서울특별시 강동구 암사동 483-20번지
11740,10700,0,0483,0021,성운하우스,,표제부,공동주택,다세대주택(7세대),136.1,81.61,271.51,20150819,5,0,서울특별시 강동구 암사동 483-21번지
11740,10700,0,0483,0022,금성팰리스,,표제부,공동주택,공동주택(다세대주택),312.1,186.24,657.84,20020911,5,0,서울특별시 강동구 암사동 483-22번지
11740,10700,0,0483,0023,,,표제부,공동주택,다세대주택,319.8,191.78,659.62,20011105,4,0,서울특별시 강동구 암사동 483-23번지
11740,10700,0,0483,0024,,,일반건축물,단독주택,단독주택,186,91.8,284.12,19860627,2,1,서울특별시 강동구 암사동 483-24번지
11740,10700,0,0483,0025,,,표제부,공동주택,"공동주택,제1종근린생활시설",298.6,178.12,596.52,20200226,5,0,서울특별시 강동구 암사동 483-25번지
11740,10700,0,0483,0026,,,일반건축물,단독주택,단독주택,0,64.98,201.51,19871116,2,1,서울특별시 강동구 암사동 483-26번지
11740,10700,0,0483,0027,,,일반건축물,단독주택,다가구용단독주택(7가구),151.4,87.27,249.39,19920513,2,1,서울특별시 강동구 암사동 483-27번지
11740,10700,0,0483,0034,,,일반건축물,단독주택,다가구용단독주택(7가구),174.5,103.98,383.86,19970703,3,1,서울특별시 강동구 암사동 483-34번지
11740,10700,0,0483,0035,,,일반건축물,단독주택,다가구용단독주택(7가구),185.4,111.14,383.27,19970703,3,1,서울특별시 강동구 암사동 483-35번지
11740,10700,0,0483,0036,,,일반건축물,단독주택,다가구용단독주택(7가구),178.7,106.28,416.8,19961025,3,1,서울특별시 강동구 암사동 483-36번지
11740,10700,0,0483,0037,광천화일 빌,,표제부,공동주택,공동주택(다세대주택),180.5,100.44,355.23,20051220,5,0,서울특별시 강동구 암사동 483-37번지
11740,10700,0,0483,0038,,,일반건축물,단독주택,주택,0,59.17,133.42,19821218,2,1,서울특별시 강동구 암사동 483-38번지
11740,10700,0,0483,0038,,,일반건축물,단독주택,주택,0,59.35,136.07,19821218,2,1,서울특별시 강동구 암사동 483-38번지
11740,10700,0,0483,0039,,,일반건축물,단독주택,주택,0,82.44,171.1,19820630,2,1,서울특별시 강동구 암사동 483-39번지
11740,10700,0,0483,0042,암사동와이엔빌라,,표제부,공동주택,공동주택,174.1,104.45,488.15,20010517,4,1,서울특별시 강동구 암사동 483-42번지
11740,10700,0,0483,0043,,,일반건축물,단독주택,주택,0,82.26,177.86,19820731,2,1,서울특별시 강동구 암사동 483-43번지
11740,10700,0,0483,0044,암사드림빌,,표제부,공동주택,다세대주택,270.96,162.45,541.75,20100401,5,0,서울특별시 강동구 암사동 483-44번지
11740,10700,0,0483,0045,,,일반건축물,단독주택,단독주택,0,82.41,249.65,19860627,2,1,서울특별시 강동구 암사동 483-45번지
11740,10700,0,0483,0046,,,일반건축물,단독주택,단독주택,170.9,82.8,245.7,19871113,2,1,서울특별시 강동구 암사동 483-46번지
11740,10700,0,0483,0047,,,표제부,공동주택,공동주택(다세대주택),148.9,98.9,365.56,20030801,5,0,서울특별시 강동구 암사동 483-47번지
11740,10700,0,0483,0048,,,표제부,공동주택,공동주택(다세대주택),173.2,103.59,341.54,20070308,5,0,서울특별시 강동구 암사동 483-48번지
11740,10700,0,0484,0000,,,표제부,공동주택,공동주택,234,139.95,572.01,20020731,4,1,서울특별시 강동구 암사동 484번지
11740,10700,0,0484,0001,,,일반건축물,단독주택,다가구용 단독조택(7가구),149.1,85.56,334.12,19940630,3,1,서울특별시 강동구 암사동 484-1번지
11740,10700,0,0484,0002,,,표제부,공동주택,다세대주택(12세대),295.7,177.3,641.07,19970215,3,1,서울특별시 강동구 암사동 484-2번지
11740,10700,0,0484,0003,,,일반건축물,단독주택,다가구용 단독주택(6가구),186.05,103.75,302.32,19911217,2,1,서울특별시 강동구 암사동 484-3번지
11740,10700,0,0484,0004,,,일반건축물,단독주택,주택,0,80.36,160.72,19810226,1,1,서울특별시 강동구 암사동 484-4번지
11740,10700,0,0484,0005,,,일반건축물,단독주택,단독주택,119.1,57.12,171,19890527,2,1,서울특별시 강동구 암사동 484-5번지
11740,10700,0,0484,0006,삼성빌라,,표제부,공동주택,연립주택,1119.7,588.8,1064.72,19950531,3,1,서울특별시 강동구 암사동 484-6번지
11740,10700,0,0484,0006,삼성빌라,,표제부,공동주택,연립주택,1119.7,588.08,1076.6,19950531,3,1,서울특별시 강동구 암사동 484-6번지
11740,10700,0,0484,0007,,,표제부,공동주택,공동주택(다세대주택),331.2,197.54,659.95,20160826,5,0,서울특별시 강동구 암사동 484-7번지
11740,10700,0,0484,0009,한솔빌리지,,표제부,공동주택,"다세대주택,근린생활시설",0,160.96,512.1,20200904,6,0,서울특별시 강동구 암사동 484-9번지
11740,10700,0,0484,0009,한솔빌리지,,표제부,공동주택,창고,1557.9,0,182.08,20200904,0,1,서울특별시 강동구 암사동 484-9번지
11740,10700,0,0484,0009,한솔빌리지,,표제부,공동주택,"다세대주택,근린생활시설",0,162.91,715.67,20200904,7,0,서울특별시 강동구 암사동 484-9번지
11740,10700,0,0484,0009,한솔빌리지,,표제부,공동주택,다세대주택,0,177.9,533.81,20200904,6,0,서울특별시 강동구 암사동 484-9번지
11740,10700,0,0484,0009,한솔빌리지,,표제부,공동주택,지하주차장,1557.9,0,778.42,20200904,0,1,서울특별시 강동구 암사동 484-9번지
11740,10700,0,0484,0009,한솔빌리지,,표제부,공동주택,"다세대주택,근린생활시설",0,171.2,860.84,20200904,7,0,서울특별시 강동구 암사동 484-9번지
11740,10700,0,0484,0009,한솔빌리지,,표제부,공동주택,기계전기실,1557.9,0,131.61,20200904,0,1,서울특별시 강동구 암사동 484-9번지
11740,10700,0,0484,0009,한솔빌리지,,표제부,공동주택,다세대주택,0,160.96,486.44,20200904,6,0,서울특별시 강동구 암사동 484-9번지
11740,10700,0,0484,0015,,,표제부,공동주택,공동주택(다세대주택),330,197.9,659.48,20160826,5,0,서울특별시 강동구 암사동 484-15번지
11740,10700,0,0484,0017,,,일반건축물,단독주택,단독주택,0,57.35,172.05,19860522,2,1,서울특별시 강동구 암사동 484-17번지
11740,10700,0,0484,0018,,,일반건축물,단독주택,다가구용 단독주택(14가구),309.8,182.36,646.32,19931230,3,1,서울특별시 강동구 암사동 484-18번지
11740,10700,0,0484,0020,,,일반건축물,단독주택,단독주택,0,73.35,220.05,19861227,2,1,서울특별시 강동구 암사동 484-20번지
11740,10700,0,0484,0021,,,일반건축물,단독주택,단독주택,144.1,71.82,222.6,19910715,2,1,서울특별시 강동구 암사동 484-21번지
11740,10700,0,0484,0022,,,표제부,공동주택,연립주택,432.3,259.23,1227.83,19980327,4,1,서울특별시 강동구 암사동 484-22번지
11740,10700,0,0484,0024,,,일반건축물,단독주택,단독주택,0,97.73,262.52,19861010,2,1,서울특별시 강동구 암사동 484-24번지
11740,10700,0,0484,0025,,,표제부,공동주택,공동주택(다세대주택),199.9,119.61,396.93,20061127,5,0,서울특별시 강동구 암사동 484-25번지
11740,10700,0,0484,0026,,,표제부,공동주택,다세대주택,0,87.48,248.79,19870706,2,1,서울특별시 강동구 암사동 484-26번지
11740,10700,0,0484,0027,수림리치빌,,표제부,공동주택,다세대주택(도시형생활주택),210.5,124.46,344.73,20130403,5,0,서울특별시 강동구 암사동 484-27번지
11740,10700,0,0484,0028,,,표제부,공동주택,"공동주택(다세대주택),근린생활시설",177,106.19,353.01,20161107,5,0,서울특별시 강동구 암사동 484-28번지
11740,10700,0,0484,0029,,,표제부,공동주택,공동주택(다세대주택),195.52,116.92,371.1,20060427,5,0,서울특별시 강동구 암사동 484-29번지
11740,10700,0,0484,0030,현대빌라,,표제부,공동주택,다세대주택,301.26,158.33,652.75,19940812,4,1,서울특별시 강동구 암사동 484-30번지
11740,10700,0,0484,0031,,,표제부,공동주택,다세대주택,307.7,136.2,658.8,19911223,4,1,서울특별시 강동구 암사동 484-31번지
11740,10700,0,0484,0032,,,일반건축물,단독주택,단독주택,0,66.12,203.01,19861230,2,1,서울특별시 강동구 암사동 484-32번지
11740,10700,0,0484,0034,더이룸,,표제부,공동주택,"도시형생활주택,제2종근린생활시설",479.1,132.37,467.77,20190326,6,0,서울특별시 강동구 암사동 484-34번지
11740,10700,0,0484,0034,더이룸,,표제부,공동주택,도시형생활주택,479.1,145.77,487.68,20190326,6,0,서울특별시 강동구 암사동 484-34번지
11740,10700,0,0484,0036,,,표제부,공동주택,다세대주택(8),244.1,142.59,478.29,20080229,5,0,서울특별시 강동구 암사동 484-36번지
11740,10700,0,0484,0043,,,일반건축물,단독주택,다가구용 단독주택(5가구),141.8,81.92,228.51,19930719,2,1,서울특별시 강동구 암사동 484-43번지
11740,10700,0,0484,0044,,,표제부,공동주택,"공동주택,다세대주택",141.9,84.98,281.67,20041015,5,0,서울특별시 강동구 암사동 484-44번지
11740,10700,0,0484,0046,,,일반건축물,단독주택,단독주택,122.3,60.68,183.54,19860523,2,1,서울특별시 강동구 암사동 484-46번지
11740,10700,0,0484,0047,강동 쉐르빌,,표제부,공동주택,다세대주택,149.39,89.21,306.88,20111020,5,0,서울특별시 강동구 암사동 484-47번지
11740,10700,0,0484,0048,,,일반건축물,단독주택,단독주택,0,70.5,219.84,19861211,2,1,서울특별시 강동구 암사동 484-48번지
11740,10700,0,0484,0051,,,일반건축물,단독주택,"다가구주택, 제2종근린생활시설",170.2,101.5,304.4,20210713,4,0,서울특별시 강동구 암사동 484-51번지
11740,10700,0,0484,0052,,,일반건축물,단독주택,단독주택,148.3,67.5,199.44,19890731,2,1,서울특별시 강동구 암사동 484-52번지
11740,10700,0,0484,0053,장원아트빌,,표제부,공동주택,근린생활시설 및 다세대주택,149,83.94,314.77,20080917,5,0,서울특별시 강동구 암사동 484-53번지
11740,10700,0,0485,0000,샤인트리움,,표제부,공동주택,공동주택(도시형생활주택),213.1,127.73,425.97,20161107,6,0,서울특별시 강동구 암사동 485번지
11740,10700,0,0485,0001,영진 해가든아파트,,표제부,공동주택,"공동주택,아파트",256.2,95.7,510.66,20040407,6,0,서울특별시 강동구 암사동 485-1번지
11740,10700,0,0485,0002,영진 해가든아파트,,표제부,공동주택,"공동주택,아파트",914.5,380.72,1687.72,20040407,6,0,서울특별시 강동구 암사동 485-2번지
11740,10700,0,0485,0003,,,일반건축물,단독주택,"근린생활시설,주택",237.1,116.64,561.46,19880804,4,1,서울특별시 강동구 암사동 485-3번지
11740,10700,0,0485,0004,,,일반건축물,단독주택,"근린생활시설, 주택",185.6,110.88,459.06,20000825,5,0,서울특별시 강동구 암사동 485-4번지
11740,10700,0,0485,0005,,,표제부,공동주택,공동주택(다세대주택),184.5,110.12,363.08,20071228,5,0,서울특별시 강동구 암사동 485-5번지
11740,10700,0,0485,0006,,,일반건축물,단독주택,"근린생활시설, 다가구주택(6가구)",292.9,161.01,698.52,19971110,4,1,서울특별시 강동구 암사동 485-6번지
11740,10700,0,0485,0007,윤범빌,,일반건축물,단독주택,"단독주택,제1종근린생활시설",133.9,79.98,238.19,20180514,4,0,서울특별시 강동구 암사동 485-7번지
11740,10700,0,0485,0008,,,일반건축물,단독주택,단독주택,186.8,84.74,249.58,19900130,2,1,서울특별시 강동구 암사동 485-8번지
11740,10700,0,0485,0009,삼성베네스트,,표제부,공동주택,공동주택(도시형생활주택(단지형)),419.9,217.37,659.94,20210621,6,1,서울특별시 강동구 암사동 485-9번지
11740,10700,0,0485,0010,,,일반건축물,단독주택,"근린생활시설, 주택",221.7,129.8,552.72,19900108,4,1,서울특별시 강동구 암사동 485-10번지
11740,10700,0,0485,0011,,,일반건축물,단독주택,"근린생활시설, 단독주택",0,104.85,224.82,19710531,2,1,서울특별시 강동구 암사동 485-11번지
11740,10700,0,0485,0013,,,표제부,공동주택,다세대주택,146.6,72.89,218.67,19910327,2,1,서울특별시 강동구 암사동 485-13번지
11740,10700,0,0485,0014,,,일반건축물,단독주택,단독주택,0,49.83,155.76,19870115,2,1,서울특별시 강동구 암사동 485-14번지
11740,10700,0,0485,0015,,,일반건축물,단독주택,"근린생활시설, 주택",0,107.8,495.3,19890519,4,1,서울특별시 강동구 암사동 485-15번지
11740,10700,0,0485,0017,,,일반건축물,단독주택,"다가구주택, 근린생활시설",141.1,86.4,325.94,20031001,4,0,서울특별시 강동구 암사동 485-17번지
11740,10700,0,0485,0018,,,일반건축물,단독주택,다가구용 단독주택(8가구),181.4,107.81,388.78,19931215,3,1,서울특별시 강동구 암사동 485-18번지
11740,10700,0,0485,0019,,,일반건축물,단독주택,주택,0,89.82,128.37,19771205,1,1,서울특별시 강동구 암사동 485-19번지
11740,10700,0,0485,0021,,,일반건축물,단독주택,단독주택,0,0,166.35,19850711,2,1,서울특별시 강동구 암사동 485-21번지
11740,10700,0,0485,0022,,,일반건축물,단독주택,단독주택,123.15,61.32,183.96,19860531,2,1,서울특별시 강동구 암사동 485-22번지
11740,10700,0,0485,0023,,,일반건축물,단독주택,단독주택,0,59.64,187.88,19861015,2,1,서울특별시 강동구 암사동 485-23번지
11740,10700,0,0485,0024,,,일반건축물,단독주택,단독주택,160.33,80.1,247.17,19890613,2,1,서울특별시 강동구 암사동 485-24번지
11740,10700,0,0485,0025,,,일반건축물,단독주택,단독주택,203.2,101.46,304.38,19890929,2,1,서울특별시 강동구 암사동 485-25번지
11740,10700,0,0485,0026,,,일반건축물,단독주택,단독주택,183.4,83.07,246.72,19890120,2,1,서울특별시 강동구 암사동 485-26번지
11740,10700,0,0485,0027,,,일반건축물,단독주택,단독주택,165.08,82.29,246.87,19890408,2,1,서울특별시 강동구 암사동 485-27번지
11740,10700,0,0485,0028,,,일반건축물,단독주택,주택,0,55.16,159.01,19821204,2,1,서울특별시 강동구 암사동 485-28번지
11740,10700,0,0485,0029,강동 쉐르빌,,표제부,공동주택,근린생활시설 및 다세대주택,110.3,64.3,220.19,20080516,5,0,서울특별시 강동구 암사동 485-29번지
11740,10700,0,0485,0030,프라임캐슬,,표제부,공동주택,"근린생활시설, 다세대주택",276,165.22,551.94,20140923,5,0,서울특별시 강동구 암사동 485-30번지
11740,10700,0,0485,0031,,,표제부,공동주택,다세대주택,256.8,149.48,512.76,20200414,5,0,서울특별시 강동구 암사동 485-31번지
11740,10700,0,0485,0034,,,일반건축물,단독주택,단독주택,134.5,66.82,209.54,19890620,2,1,서울특별시 강동구 암사동 485-34번지
11740,10700,0,0485,0035,,,일반건축물,단독주택,단독주택,0,71.64,218.52,19871207,2,1,서울특별시 강동구 암사동 485-35번지
11740,10700,0,0485,0036,,,일반건축물,단독주택,단독주택,0,77.31,237.03,19881116,2,1,서울특별시 강동구 암사동 485-36번지
11740,10700,0,0485,0037,,,일반건축물,단독주택,단독주택,167.6,81.36,249.12,19901109,2,1,서울특별시 강동구 암사동 485-37번지
11740,10700,0,0485,0038,,,일반건축물,단독주택,단독주택,145.9,72.82,222.96,19900804,2,1,서울특별시 강동구 암사동 485-38번지
11740,10700,0,0485,0039,,,일반건축물,단독주택,단독주택,123.8,61.15,187.23,19860509,2,1,서울특별시 강동구 암사동 485-39번지
11740,10700,0,0485,0040,,,일반건축물,단독주택,단독주택,0,80.64,241.92,19860619,2,1,서울특별시 강동구 암사동 485-40번지
11740,10700,0,0485,0041,,,일반건축물,제1종근린생활시설,"근린생활시설, 주택",185.5,91.51,369.16,19900921,3,1,서울특별시 강동구 암사동 485-41번지
11740,10700,0,0485,0042,,,일반건축물,제2종근린생활시설,"근린생활시설, 주택",208.7,101.59,492.29,19910304,4,1,서울특별시 강동구 암사동 485-42번지
11740,10700,0,0485,0044,청조크린빌C,,표제부,공동주택,공동주택(도시형생활주택-단지형다세대),202,120.98,403.86,20160408,6,0,서울특별시 강동구 암사동 485-44번지
11740,10700,0,0485,0045,청조크린빌B,,표제부,공동주택,공동주택(도시형생활주택-단지형다세대),203.6,121.8,407.11,20160408,6,0,서울특별시 강동구 암사동 485-45번지
11740,10700,0,0485,0047,샤인트리움,,표제부,공동주택,공동주택(도시형생활주택),202.2,119.73,402.58,20160907,6,0,서울특별시 강동구 암사동 485-47번지
11740,10700,0,0485,0049,샤인트리움,,표제부,공동주택,공동주택(도시형생활주택),200.3,116.22,398.89,20160920,6,0,서울특별시 강동구 암사동 485-49번지
11740,10700,0,0485,0055,청조크린빌A,,표제부,공동주택,공동주택(도시형생활주택-단지형다세대),239.5,134.49,478.75,20160404,6,0,서울특별시 강동구 암사동 485-55번지
11740,10700,0,0486,0000,,,일반건축물,단독주택,"근린생활시설, 주택",0,78.24,323.36,19870813,3,1,서울특별시 강동구 암사동 486번지
11740,10700,0,0486,0001,,,표제부,공동주택,다세대주택,96.5,57.85,206.77,20030213,5,0,서울특별시 강동구 암사동 486-1번지
11740,10700,0,0486,0002,,,일반건축물,제1종근린생활시설,"근린생활시설, 단독주택",0,126.62,446.94,19840731,3,1,서울특별시 강동구 암사동 486-2번지
11740,10700,0,0486,0004,,,일반건축물,단독주택,단독주택,0,70.42,217.43,19870722,2,1,서울특별시 강동구 암사동 486-4번지
11740,10700,0,0486,0005,,,일반건축물,단독주택,단독주택,0,62.85,191.78,19881026,2,1,서울특별시 강동구 암사동 486-5번지
11740,10700,0,0486,0006,,,일반건축물,단독주택,단독주택,0,51.46,156.54,19871223,2,1,서울특별시 강동구 암사동 486-6번지
11740,10700,0,0486,0007,삼성파크빌,,표제부,공동주택,다세대주택 및 근린생활시설,305.8,180.88,670.7,20071224,5,0,서울특별시 강동구 암사동 486-7번지
11740,10700,0,0486,0010,신주리버빌,,표제부,공동주택,공동주택-도시형생활주택(단지형다세대),323.4,184.29,646.42,20170322,6,0,서울특별시 강동구 암사동 486-10번지
11740,10700,0,0486,0012,,,일반건축물,단독주택,단독주택,158.3,78.95,240.57,19880730,2,1,서울특별시 강동구 암사동 486-12번지
11740,10700,0,0486,0013,,,일반건축물,단독주택,단독주택,161.5,80.7,242.1,19890321,2,1,서울특별시 강동구 암사동 486-13번지
11740,10700,0,0486,0014,,,일반건축물,단독주택,단독주택,0,42.9,127.05,19870829,2,1,서울특별시 강동구 암사동 486-14번지
11740,10700,0,0486,0016,,,일반건축물,단독주택,단독주택,0,82.29,242.95,19860903,2,1,서울특별시 강동구 암사동 486-16번지
11740,10700,0,0486,0017,솔파크빌,,표제부,공동주택,공동주택(다세대주택 및 제2종근린생활시설),174.4,103.2,347.89,20071206,5,0,서울특별시 강동구 암사동 486-17번지
11740,10700,0,0486,0018,,,표제부,공동주택,다세대주택,178.1,83.1,249.3,19860807,2,1,서울특별시 강동구 암사동 486-18번지
11740,10700,0,0486,0019,,,일반건축물,제1종근린생활시설,"근린생활시설, 주택",170.2,84.95,425.26,19900925,4,1,서울특별시 강동구 암사동 486-19번지
11740,10700,0,0486,0020,삼우빌,,표제부,공동주택,다세대주택,212.7,127.28,446.62,20120802,5,0,서울특별시 강동구 암사동 486-20번지
11740,10700,0,0486,0021,,,일반건축물,단독주택,단독주택,198.9,84.69,245.34,19880613,2,1,서울특별시 강동구 암사동 486-21번지
11740,10700,0,0486,0022,,,일반건축물,단독주택,다가구용 단독주택(6가구),154.4,92.1,285.9,19930607,3,1,서울특별시 강동구 암사동 486-22번지
11740,10700,0,0486,0023,더원 이숲,,표제부,공동주택,공동주택,336.42,201.49,659.76,20180402,6,0,서울특별시 강동구 암사동 486-23번지
11740,10700,0,0486,0024,성우스타팰리스,,표제부,공동주택,도시형생활주택,725.4,182.96,620.82,20191206,6,0,서울특별시 강동구 암사동 486-24번지
11740,10700,0,0486,0024,성우스타팰리스,,표제부,공동주택,"도시형생활주택,제2종근린생활시설",725.4,186.83,840.14,20191206,7,1,서울특별시 강동구 암사동 486-24번지
11740,10700,0,0486,0030,,,일반건축물,단독주택,단독주택,0,56.015,167.545,19871006,2,1,서울특별시 강동구 암사동 486-30번지
11740,10700,0,0486,0031,,,일반건축물,단독주택,단독주택,81.7,44.04,125.7,19871223,2,1,서울특별시 강동구 암사동 486-31번지
11740,10700,0,0486,0033,,,일반건축물,단독주택,단독주택,0,59.4,194.38,19880916,2,1,서울특별시 강동구 암사동 486-33번지
11740,10700,0,0486,0034,,,일반건축물,단독주택,단독주택,113.9,56.45,172.14,19890428,2,1,서울특별시 강동구 암사동 486-34번지
11740,10700,0,0486,0035,,,일반건축물,단독주택,단독주택,0,80.2,241.5,19880725,2,1,서울특별시 강동구 암사동 486-35번지
11740,10700,0,0486,0036,,,일반건축물,단독주택,단독주택,66.48,66.48,200.02,19870627,2,1,서울특별시 강동구 암사동 486-36번지
11740,10700,0,0486,0037,,,일반건축물,단독주택,다가구용 단독주택(2가구),111.7,66.99,115.56,19961122,2,0,서울특별시 강동구 암사동 486-37번지
11740,10700,0,0486,0038,,,일반건축물,단독주택,다가구용 단독주택(7가구),130.1,77.4,296.12,19961220,3,1,서울특별시 강동구 암사동 486-38번지
11740,10700,0,0486,0040,,,일반건축물,단독주택,단독주택,143.78,71.55,214.65,19841117,2,1,서울특별시 강동구 암사동 486-40번지
11740,10700,0,0486,0041,,,일반건축물,단독주택,단독주택,127,62.01,186.03,19861110,2,1,서울특별시 강동구 암사동 486-41번지
11740,10700,0,0486,0042,,,일반건축물,단독주택,다가구용 단독주택(5가구),156,79.2,248.26,19901218,2,1,서울특별시 강동구 암사동 486-42번지
11740,10700,0,0486,0043,,,일반건축물,단독주택,다가구용 단독주택(8가구),187,91.22,317.6,19901227,3,1,서울특별시 강동구 암사동 486-43번지
11740,10700,0,0486,0044,,,일반건축물,단독주택,다가구용 단독주택(8가구),200.8,112.58,329.8,19910528,2,1,서울특별시 강동구 암사동 486-44번지
11740,10700,0,0486,0045,,,일반건축물,단독주택,단독주택,0,72.99,227.1,19880915,2,1,서울특별시 강동구 암사동 486-45번지
11740,10700,0,0486,0046,,,일반건축물,단독주택,단독주택,134.5,67.1,198,19851119,2,1,서울특별시 강동구 암사동 486-46번지
11740,10700,0,0486,0047,,,표제부,공동주택,공동주택(다세대주택),122.1,71.38,248.35,20040728,4,0,서울특별시 강동구 암사동 486-47번지
11740,10700,0,0486,0049,,,표제부,공동주택,공동주택(도시형생활주택),223.2,133.2,443.6,20160511,6,0,서울특별시 강동구 암사동 486-49번지
11740,10700,0,0486,0050,서호주택,,표제부,공동주택,공동주택(다세대주택),190.9,113.61,432.47,20031230,5,0,서울특별시 강동구 암사동 486-50번지
11740,10700,0,0486,0051,,,일반건축물,단독주택,다가구용 단독주택(10가구),197.1,116.13,419.42,19941117,3,1,서울특별시 강동구 암사동 486-51번지
11740,10700,0,0486,0052,삼성빌,,표제부,공동주택,다세대주택,312.9,181.64,624.46,20100810,5,0,서울특별시 강동구 암사동 486-52번지
11740,10700,0,0486,0053,시은빌,,표제부,공동주택,다세대주택,311.1,184.96,620.8,20100810,5,0,서울특별시 강동구 암사동 486-53번지
11740,10700,0,0486,0054,,,표제부,공동주택,다세대주택,190.5,111.71,380.95,20100407,5,0,서울특별시 강동구 암사동 486-54번지
11740,10700,0,0486,0055,천호하우스,,일반건축물,단독주택,"다가구주택,제1.2종근린생활시설",274.3,163.65,548.29,20221103,5,0,서울특별시 강동구 암사동 486-55번지
11740,10700,0,0486,0056,그레이스 빌,,표제부,공동주택,다세대주택,165.3,92.57,365.08,20101224,5,0,서울특별시 강동구 암사동 486-56번지
11740,10700,0,0486,0057,상상빌,,표제부,공동주택,다세대주택,266,159.28,531.36,20100819,5,0,서울특별시 강동구 암사동 486-57번지
11740,10700,0,0486,0058,명진빌,,표제부,공동주택,다세대주택,197.1,114.88,373.99,20100920,5,0,서울특별시 강동구 암사동 486-58번지
11740,10700,0,0486,0059,훈하우스,,표제부,공동주택,다세대주택(도시형생활주택원룸형),272.1,161.33,517.52,20200306,5,0,서울특별시 강동구 암사동 486-59번지
11740,10700,0,0486,0061,라티빌 Ⅴ,,표제부,공동주택,도시형생활주택(소형주택),388.8,229.22,659.43,20230626,5,0,서울특별시 강동구 암사동 486-61번지
11740,10700,0,0486,0063,하나아트빌,,표제부,공동주택,"다세대주택,  근린생활시설",223.1,131.32,443.31,20151207,5,0,서울특별시 강동구 암사동 486-63번지
11740,10700,0,0486,0065,,,일반건축물,단독주택,"근린생활시설, 주택",0,102.69,403.5,19860710,3,1,서울특별시 강동구 암사동 486-65번지
11740,10700,0,0486,0066,나래하우스,,표제부,공동주택,다세대주택,177.1,106,376.23,20120312,5,0,서울특별시 강동구 암사동 486-66번지
11740,10700,0,0486,0067,권스빌라,,표제부,공동주택,공동주택(다세대주택),156.36,91.25,347.99,20030721,4,1,서울특별시 강동구 암사동 486-67번지
11740,10700,0,0486,0068,,,일반건축물,단독주택,단독주택 외2,0,113.26,437.98,19880801,3,1,서울특별시 강동구 암사동 486-68번지
11740,10700,0,0486,0069,,,일반건축물,단독주택,"주택, 근린생활시설",0,102.93,188.58,19801231,2,1,서울특별시 강동구 암사동 486-69번지
11740,10700,0,0486,0070,,,일반건축물,제1종근린생활시설,"근린생활시설, 주택",204.2,108.4,553.31,19890703,4,1,서울특별시 강동구 암사동 486-70번지
11740,10700,0,0486,0071,,,일반건축물,제2종근린생활시설,"근린생활시설, 주택",212.2,102.7,494.49,19930702,4,1,서울특별시 강동구 암사동 486-71번지
11740,10700,0,0486,0072,구성 빌,,표제부,공동주택,공동주택(다세대주택),190.9,114.24,380.92,20160120,5,0,서울특별시 강동구 암사동 486-72번지
11740,10700,0,0486,0073,삼성빌리지,,표제부,공동주택,다세대주택,153.1,88.86,284.45,20020204,4,0,서울특별시 강동구 암사동 486-73번지
11740,10700,0,0486,0075,,,표제부,공동주택,다세대주택,309.28,165.72,618.43,19940811,4,1,서울특별시 강동구 암사동 486-75번지
11740,10700,0,0486,0077,,,일반건축물,단독주택,단독주택,118.5,58.73,180.06,19890609,2,1,서울특별시 강동구 암사동 486-77번지
11740,10700,0,0486,0078,,,일반건축물,단독주택,"다가구주택,제1종근린생활시설",91.34,54.01,143.73,20191226,4,0,서울특별시 강동구 암사동 486-78번지
11740,10700,0,0486,0079,예다움,,표제부,공동주택,다세대주택(6),195.2,116.75,390.01,20150724,5,0,서울특별시 강동구 암사동 486-79번지
11740,10700,0,0486,0085,웰빙빌,,표제부,공동주택,다세대주택,311.8,186.9,620.48,20100820,5,0,서울특별시 강동구 암사동 486-85번지
11740,10700,0,0486,0087,,,일반건축물,단독주택,단독주택,116.6,57.855,173.565,19861110,2,1,서울특별시 강동구 암사동 486-87번지
11740,10700,0,0487,0000,정우홈타운,,표제부,공동주택,다세대주택(8),196,117.28,389.91,20080124,5,0,서울특별시 강동구 암사동 487번지
11740,10700,0,0487,0001,한솔아트빌,,표제부,공동주택,도시형생활주택(단지형),255.1,139.38,509.47,20140925,6,0,서울특별시 강동구 암사동 487-1번지
11740,10700,0,0487,0003,로뎀빌라,,표제부,공동주택,다세대주택,301.5,180.31,608.8,20091208,5,0,서울특별시 강동구 암사동 487-3번지
11740,10700,0,0487,0005,,,표제부,공동주택,다세대주택,151.7,90.2,299.99,20080923,5,0,서울특별시 강동구 암사동 487-5번지
11740,10700,0,0487,0006,라온힐,,표제부,공동주택,다세대주택(7세대),151.1,88.56,302.17,20150824,5,0,서울특별시 강동구 암사동 487-6번지
11740,10700,0,0487,0007,메가드림빌,,표제부,공동주택,다세대주택,308.2,184.29,615.1,20081114,5,0,서울특별시 강동구 암사동 487-7번지
11740,10700,0,0487,0009,,,일반건축물,제1종근린생활시설,"근린생활시설, 주택",155.5,82.85,335.74,19880701,3,1,서울특별시 강동구 암사동 487-9번지
11740,10700,0,0487,0010,,,일반건축물,제1종근린생활시설,"근린생활시설, 주택",0,76.29,326.19,19880817,3,1,서울특별시 강동구 암사동 487-10번지
11740,10700,0,0487,0011,,,일반건축물,단독주택,다가구주택,151.7,89.12,252.88,20021028,3,0,서울특별시 강동구 암사동 487-11번지
11740,10700,0,0487,0012,,,일반건축물,단독주택,단독주택,0,68.64,205.92,19841127,2,1,서울특별시 강동구 암사동 487-12번지
11740,10700,0,0487,0013,,,일반건축물,단독주택,단독주택,149.5,68.78,218.65,19881221,2,1,서울특별시 강동구 암사동 487-13번지
11740,10700,0,0487,0014,,,일반건축물,단독주택,단독주택,121.2,60.09,184.92,19881222,2,1,서울특별시 강동구 암사동 487-14번지
11740,10700,0,0487,0015,,,일반건축물,단독주택,단독주택,124,67.66,248.57,19881118,3,1,서울특별시 강동구 암사동 487-15번지
11740,10700,0,0487,0016,,,일반건축물,단독주택,단독주택,0,61.86,185.58,19851214,2,1,서울특별시 강동구 암사동 487-16번지
11740,10700,0,0487,0017,,,일반건축물,단독주택,단독주택,138,68.64,265.87,19881004,3,1,서울특별시 강동구 암사동 487-17번지
11740,10700,0,0487,0018,,,표제부,공동주택,다세대주택,272.4,162,544.5,20090205,5,0,서울특별시 강동구 암사동 487-18번지
11740,10700,0,0487,0020,써미트빌,,표제부,공동주택,공동주택(도시형생활주택-단지형다세대),265.7,143.28,530.46,20151221,6,0,서울특별시 강동구 암사동 487-20번지
11740,10700,0,0487,0027,,,일반건축물,단독주택,다가구용 단독주택,140.29,82.77,298.66,19960221,3,1,서울특별시 강동구 암사동 487-27번지
11740,10700,0,0487,0028,,,일반건축물,제2종근린생활시설,제2종근린생활시설,0,59.1,177.3,19850704,2,1,서울특별시 강동구 암사동 487-28번지
11740,10700,0,0487,0029,,,일반건축물,제2종근린생활시설,"근린생활시설, 주택(1가구)",151.9,91.1,434.41,19970326,4,1,서울특별시 강동구 암사동 487-29번지
11740,10700,0,0487,0030,,,일반건축물,제1종근린생활시설,"점포, 근린생활시설",0,93.69,434.14,19791130,3,1,서울특별시 강동구 암사동 487-30번지
11740,10700,0,0487,0031,,,일반건축물,제1종근린생활시설,근린생활시설,324.8,113.09,209.85,19731124,2,0,서울특별시 강동구 암사동 487-31번지
11740,10700,0,0487,0032,,,일반건축물,제2종근린생활시설,제1·2종근린생활시설,278.4,166.53,599.85,19960621,4,1,서울특별시 강동구 암사동 487-32번지
11740,10700,0,0487,0033,,,일반건축물,제1종근린생활시설,"근린생활시설, 업무시설",1150.12,517.79,886.14,19730410,3,1,서울특별시 강동구 암사동 487-33번지
11740,10700,0,0487,0033,,,일반건축물,업무시설,업무시설,1150.12,517.79,722.33,19730410,3,1,서울특별시 강동구 암사동 487-33번지
11740,10700,0,0487,0036,,,일반건축물,제2종근린생활시설,"제1,2종근린생활시설",0,59.27,100.86,19810115,2,1,서울특별시 강동구 암사동 487-36번지
11740,10700,0,0487,0037,아키스아파트,,표제부,공동주택,"공동주택(아파트),제1종근린생활시설",483.2,286.19,1238.81,20031203,7,0,서울특별시 강동구 암사동 487-37번지
11740,10700,0,0488,0000,,,일반건축물,단독주택,단독주택 외2,0,78.465,341.99,19860618,3,1,서울특별시 강동구 암사동 488번지
11740,10700,0,0488,0001,다정빌라,,표제부,공동주택,다세대주택(6),165.3,86.64,239.07,20080117,4,0,서울특별시 강동구 암사동 488-1번지
11740,10700,0,0488,0002,중화재 빌리지,,표제부,공동주택,공동주택(다세대주택),145.7,86.49,289.69,20151215,5,0,서울특별시 강동구 암사동 488-2번지
11740,10700,0,0488,0003,다성이즈빌,,표제부,공동주택,아파트(18세대),884,371.34,1766.61,20090824,7,0,서울특별시 강동구 암사동 488-3번지
11740,10700,0,0488,0005,다성이즈빌,,표제부,공동주택,다세대주택,264.4,158.52,547.54,20090427,5,0,서울특별시 강동구 암사동 488-5번지
11740,10700,0,0488,0007,,,일반건축물,단독주택,단독주택,117.9,58.74,185.16,19870603,2,1,서울특별시 강동구 암사동 488-7번지
11740,10700,0,0488,0008,,,표제부,공동주택,공동주택(다세대주택),179.6,107.46,406.75,20071121,5,0,서울특별시 강동구 암사동 488-8번지
11740,10700,0,0488,0009,,,표제부,공동주택,다세대주택,0,94.58,285.48,19870826,2,1,서울특별시 강동구 암사동 488-9번지
11740,10700,0,0488,0009,,,표제부,공동주택,다세대주택,0,107.28,316.08,19870826,2,1,서울특별시 강동구 암사동 488-9번지
11740,10700,0,0488,0010,다성이즈빌아파트,,표제부,공동주택,아파트,1293.7,541.1,2601.86,20111026,7,1,서울특별시 강동구 암사동 488-10번지
11740,10700,0,0488,0010,다성이즈빌,,표제부,공동주택,아파트,0,0,9.54,20111026,1,0,서울특별시 강동구 암사동 488-10번지
11740,10700,0,0488,0011,,,표제부,공동주택,공동주택(다세대주택),296.3,176.68,655.18,20031112,5,0,서울특별시 강동구 암사동 488-11번지
11740,10700,0,0488,0012,삼화주택,,표제부,공동주택,"공동주택(다세대주택),제1종근린생활시설",191.8,114.65,425.68,20031112,4,0,서울특별시 강동구 암사동 488-12번지
11740,10700,0,0488,0013,,,일반건축물,제2종근린생활시설,"근린생활시설, 독서실, 사무실",269.7,161.2,599.79,19791222,3,1,서울특별시 강동구 암사동 488-13번지
11740,10700,0,0488,0014,,,일반건축물,제1종근린생활시설,"점포, 다방, 주택",0,148.79,461.25,19800221,2,1,서울특별시 강동구 암사동 488-14번지
11740,10700,0,0488,0016,,,일반건축물,제2종근린생활시설,"근린생활시설, 주택",209.9,97.5,464.42,19910727,4,1,서울특별시 강동구 암사동 488-16번지
11740,10700,0,0488,0017,,,일반건축물,제1종근린생활시설,"근린생활시설, 단독주택",0,105.84,579.1,19891122,4,1,서울특별시 강동구 암사동 488-17번지
11740,10700,0,0488,0018,,,일반건축물,제2종근린생활시설,제2종근린생활시설 외3,0,175.5,1154,19891028,6,1,서울특별시 강동구 암사동 488-18번지
11740,10700,0,0488,0020,익수빌딩,,일반건축물,제2종근린생활시설,제2종근린생활시설,284.2,134.15,568.14,20040326,5,0,서울특별시 강동구 암사동 488-20번지
11740,10700,0,0488,0021,광채빌라,,표제부,공동주택,도시형생활주택(단지형연립주택),1127.9,627.34,2347.42,20220127,5,0,서울특별시 강동구 암사동 488-21번지
11740,10700,0,0488,0023,,,일반건축물,단독주택,단독주택,118.8,57.12,171.36,19870918,2,1,서울특별시 강동구 암사동 488-23번지
11740,10700,0,0488,0024,,,일반건축물,단독주택,단독주택,0,70.74,212.22,19850709,2,1,서울특별시 강동구 암사동 488-24번지
11740,10700,0,0488,0025,춘양빌딩,,일반건축물,제1종근린생활시설,"근린생활시설, 주택",0,80.8,407.24,19860728,4,1,서울특별시 강동구 암사동 488-25번지
11740,10700,0,0488,0030,,,일반건축물,제2종근린생활시설,"근린생활시설, 교육연구시설, 업무시설, 주택",887.2,420.68,3844.96,19900515,7,2,서울특별시 강동구 암사동 488-30번지
11740,10700,0,0488,0031,,,일반건축물,제1종근린생활시설,제1종근린생활시설,297.1,146.88,412.93,19800728,2,1,서울특별시 강동구 암사동 488-31번지
11740,10700,0,0488,0032,,,일반건축물,제2종근린생활시설,근린생활시설,0,152.28,595.92,19831230,3,1,서울특별시 강동구 암사동 488-32번지
11740,10700,0,0488,0034,,,일반건축물,제1종근린생활시설,제1종근린생활시설 외2,0,109.02,429.23,19831011,3,1,서울특별시 강동구 암사동 488-34번지
11740,10700,0,0488,0035,,,일반건축물,단독주택,"근린생활시설, 단독주택",0,94.32,203.28,19830810,2,1,서울특별시 강동구 암사동 488-35번지
11740,10700,0,0488,0036,,,일반건축물,단독주택,다가구주택,168.6,83.71,247.97,19830916,2,1,서울특별시 강동구 암사동 488-36번지
11740,10700,0,0488,0037,,,표제부,공동주택,다세대주택(7),197.5,118.33,359.72,20150731,5,0,서울특별시 강동구 암사동 488-37번지
11740,10700,0,0488,0038,경지아라리움,,표제부,공동주택,다세대주택,340.4,202.82,658.99,20081015,5,0,서울특별시 강동구 암사동 488-38번지
11740,10700,0,0488,0040,유도빌딩,,일반건축물,제2종근린생활시설,"근린생활시설, 다가구주택",185.2,110.95,369.65,20140725,4,0,서울특별시 강동구 암사동 488-40번지
11740,10700,0,0489,0000,삼성아트빌,,표제부,공동주택,다세대주택,277.3,166.14,553.64,20120224,5,0,서울특별시 강동구 암사동 489번지
11740,10700,0,0489,0001,아키빌,,표제부,공동주택,공동주택(다세대주택),276,165.08,669.83,20031218,5,0,서울특별시 강동구 암사동 489-1번지
11740,10700,0,0489,0003,현대빌라,,표제부,공동주택,다세대주택,272.7,145.9,659.5,19930716,4,1,서울특별시 강동구 암사동 489-3번지
11740,10700,0,0489,0004,리치빌,,표제부,공동주택,"다세대주택(도시형생활주택, 단지형)",256.4,148.8,511.8,20141017,6,0,서울특별시 강동구 암사동 489-4번지
11740,10700,0,0489,0005,프라하,,표제부,공동주택,다세대주택,167.1,99.75,334.08,20141226,5,0,서울특별시 강동구 암사동 489-5번지
11740,10700,0,0489,0006,,,일반건축물,단독주택,단독주택,132.6,65.92,201.94,19870728,2,1,서울특별시 강동구 암사동 489-6번지
11740,10700,0,0489,0007,,,일반건축물,단독주택,다가구용 단독주택(9가구),252.9,144.97,562.18,19971215,3,1,서울특별시 강동구 암사동 489-7번지
11740,10700,0,0489,0008,구립해든어린이집,,일반건축물,노유자시설,노유자시설(어린이집),256.5,153.69,496.73,20160211,3,1,서울특별시 강동구 암사동 489-8번지
11740,10700,0,0489,0009,,,일반건축물,단독주택,다가구용 단독주택(15가구),296.7,172.83,657.75,19960820,3,1,서울특별시 강동구 암사동 489-9번지
11740,10700,0,0489,0010,,,표제부,공동주택,다세대주택,265.7,158.28,508.8,20011206,4,0,서울특별시 강동구 암사동 489-10번지
11740,10700,0,0489,0011,,,일반건축물,단독주택,단독주택,0,119.2,294.05,19840806,2,1,서울특별시 강동구 암사동 489-11번지
11740,10700,0,0489,0013,,,표제부,공동주택,다세대주택,160.4,97.82,340.75,20110701,5,0,서울특별시 강동구 암사동 489-13번지
11740,10700,0,0489,0014,드림하우스,,표제부,공동주택,다세대주택(6세대),124.1,66.85,220.3,20130710,5,0,서울특별시 강동구 암사동 489-14번지
11740,10700,0,0489,0016,,,표제부,공동주택,공동주택,337.8,202.1,857.75,20020411,4,1,서울특별시 강동구 암사동 489-16번지
11740,10700,0,0489,0017,,,표제부,공동주택,다세대주택,315.5,187.12,628.88,20150610,5,0,서울특별시 강동구 암사동 489-17번지
11740,10700,0,0489,0018,레스트빌,,표제부,공동주택,공동주택(단지형다세대-10세대),292.7,174.45,585.3,20150528,5,0,서울특별시 강동구 암사동 489-18번지
11740,10700,0,0489,0019,,,표제부,공동주택,다세대주택,305.7,163.68,599.4,19950321,4,1,서울특별시 강동구 암사동 489-19번지
11740,10700,0,0489,0020,,,일반건축물,단독주택,"근린생활시설, 주택",182.4,90.48,461.16,19890328,4,1,서울특별시 강동구 암사동 489-20번지
11740,10700,0,0489,0021,,,표제부,공동주택,"공동주택,다세대주택",289.5,170.67,561.67,20040527,5,0,서울특별시 강동구 암사동 489-21번지
11740,10700,0,0489,0022,강연빌,,표제부,공동주택,도시형생활주택(원룸형주택),338.14,202.49,653.88,20210408,5,0,서울특별시 강동구 암사동 489-22번지
11740,10700,0,0489,0024,,,표제부,공동주택,다세대주택,153.6,92.04,324.78,20021015,4,0,서울특별시 강동구 암사동 489-24번지
11740,10700,0,0489,0025,,,일반건축물,단독주택,다가구용 단독주택(7가구),150.04,87.93,295.83,19951123,3,1,서울특별시 강동구 암사동 489-25번지
11740,10700,0,0489,0026,,,일반건축물,단독주택,"단독주택,다가구주택",96.8,57.7,222.97,20060410,4,1,서울특별시 강동구 암사동 489-26번지
11740,10700,0,0489,0027,,,일반건축물,단독주택,다가구용 단독주택(11가구),272.8,157.71,555.97,19950828,3,1,서울특별시 강동구 암사동 489-27번지
11740,10700,0,0489,0028,행복한집,,표제부,공동주택,다세대주택(도시형생활주택원룸형),273.3,163.78,544.84,20130812,5,0,서울특별시 강동구 암사동 489-28번지
11740,10700,0,0489,0029,암사해마루2차,,표제부,공동주택,도시형생활주택(단지형다세대),0,121.35,502.56,20201109,5,0,서울특별시 강동구 암사동 489-29번지
11740,10700,0,0489,0029,암사해마루2차,,표제부,공동주택,도시형생활주택(단지형다세대),0,151.83,491.13,20201109,5,0,서울특별시 강동구 암사동 489-29번지
11740,10700,0,0489,0032,,,표제부,공동주택,"다세대주택(도시형생활주택,단지형)",310.4,165.21,616.54,20131129,6,0,서울특별시 강동구 암사동 489-32번지
11740,10700,0,0489,0033,489해마루,,표제부,공동주택,"공동주택,제2종근린생활시설",227.7,135.59,479.19,20190725,6,1,서울특별시 강동구 암사동 489-33번지
11740,10700,0,0489,0034,,,일반건축물,단독주택,다가구용 단독주택(11가구),205.9,111.96,423.36,19931007,3,1,서울특별시 강동구 암사동 489-34번지
11740,10700,0,0489,0035,라티빌Ⅳ,,표제부,공동주택,도시형생활주택(원룸형),219.1,130.87,429.32,20220617,5,0,서울특별시 강동구 암사동 489-35번지
11740,10700,0,0489,0036,에코하우스 다울2,,표제부,공동주택,다세대주택,240.81,144.45,475.31,20191223,5,0,서울특별시 강동구 암사동 489-36번지
11740,10700,0,0489,0038,명가아트빌,,표제부,공동주택,다세대주택,229.32,145.88,484.91,20030729,4,0,서울특별시 강동구 암사동 489-38번지
11740,10700,0,0489,0039,세윤 아트빌,,표제부,공동주택,"공동주택,다세대주택",226.98,136.14,455.39,20040330,5,0,서울특별시 강동구 암사동 489-39번지
11740,10700,0,0489,0040,,,일반건축물,단독주택,다가구용 단독주택(11가구),192.5,107.76,389.97,19930921,3,1,서울특별시 강동구 암사동 489-40번지
11740,10700,0,0489,0042,,,표제부,공동주택,다세대주택(9세대),199.3,119.29,396.71,20150731,5,0,서울특별시 강동구 암사동 489-42번지
11740,10700,0,0489,0043,,,일반건축물,단독주택,단독주택,164.8,82.05,246.15,19891024,2,1,서울특별시 강동구 암사동 489-43번지
11740,10700,0,0489,0044,,,일반건축물,단독주택,단독주택,150.8,64.08,192.24,19890925,2,1,서울특별시 강동구 암사동 489-44번지
11740,10700,0,0489,0045,신주빌,,표제부,공동주택,공동주택(다세대주택),399.8,173.58,658,20031125,5,0,서울특별시 강동구 암사동 489-45번지
11740,10700,0,0489,0047,,,표제부,공동주택,다세대주택,137.03,82.17,302.88,20020503,5,0,서울특별시 강동구 암사동 489-47번지
11740,10700,0,0489,0047,,,일반건축물,단독주택,주택,0,80.27,96.07,19740514,1,1,서울특별시 강동구 암사동 489-47번지
11740,10700,0,0489,0048,,,일반건축물,단독주택,다가구용 단독주택(7가구),134.9,80.61,299.88,19951214,3,1,서울특별시 강동구 암사동 489-48번지
11740,10700,0,0489,0049,,,일반건축물,단독주택,다가구용 단독주택(7가구),138.93,83.27,320.98,19950626,3,1,서울특별시 강동구 암사동 489-49번지
11740,10700,0,0489,0050,,,일반건축물,단독주택,"단독주택(3가구),다가구주택(3가구)",120.4,72.1,199.35,19921106,2,1,서울특별시 강동구 암사동 489-50번지
11740,10700,0,0489,0051,,,일반건축물,단독주택,주택,0,54.15,54.15,19750121,1,0,서울특별시 강동구 암사동 489-51번지
11740,10700,0,0489,0052,구립장생경로당,,일반건축물,단독주택,주택,0,54.15,54.15,19750121,1,0,서울특별시 강동구 암사동 489-52번지
11740,10700,0,0489,0055,,,일반건축물,단독주택,다가구용 단독주택(7가구),133.6,79.94,299.79,19950630,3,1,서울특별시 강동구 암사동 489-55번지
11740,10700,0,0489,0056,,,일반건축물,단독주택,"근린생활시설, 단독주택",196.5,112.86,494.97,19950724,4,1,서울특별시 강동구 암사동 489-56번지
11740,10700,0,0489,0057,,,일반건축물,제2종근린생활시설,제2종근린생활시설,91,37.19,37.19,20250626,1,0,서울특별시 강동구 암사동 489-57번지
11740,10700,0,0489,0058,암사빌,,표제부,공동주택,단지형다세대주택,297.9,150.46,634.52,20241114,6,1,서울특별시 강동구 암사동 489-58번지
11740,10700,0,0489,0059,,,일반건축물,단독주택,다가구용 단독주택(8가구),190.7,110.18,418.58,19950515,3,1,서울특별시 강동구 암사동 489-59번지
11740,10700,0,0489,0060,,,일반건축물,제1종근린생활시설,"근린생활시설, 주택, 창고시설",325.2,183.93,837.99,19800709,4,1,서울특별시 강동구 암사동 489-60번지
11740,10700,0,0489,0061,,,일반건축물,단독주택,"제2종근린생활시설,다가구주택",244.5,146.52,516.96,19781011,4,1,서울특별시 강동구 암사동 489-61번지
11740,10700,0,0489,0062,암사팰리스,,표제부,공동주택,도시형생활주택,370.6,213.18,659.95,20190617,6,1,서울특별시 강동구 암사동 489-62번지
11740,10700,0,0489,0065,한솔아트빌,,표제부,공동주택,다세대주택,339.5,203.07,659.84,20081027,5,0,서울특별시 강동구 암사동 489-65번지
11740,10700,0,0489,0066,,,일반건축물,숙박시설,숙박시설 외2,0,131.04,494.21,19800226,3,1,서울특별시 강동구 암사동 489-66번지
11740,10700,0,0489,0067,한솔아트빌,,표제부,공동주택,다세대주택(8세대),226.2,135.48,452.31,20090722,5,0,서울특별시 강동구 암사동 489-67번지
11740,10700,0,0489,0069,,,표제부,공동주택,다세대주택(도시형생활주택),185.6,110.79,411.72,20111219,5,0,서울특별시 강동구 암사동 489-69번지
11740,10700,0,0489,0070,더리체 489,,일반건축물,단독주택,"단독주택(다중주택),제1.2종근린생활시설",172.7,103.13,425.21,20230216,5,1,서울특별시 강동구 암사동 489-70번지
11740,10700,0,0489,0074,삼일빌라트,,표제부,공동주택,다세대주택,252.5,149.6,622.52,19971215,4,1,서울특별시 강동구 암사동 489-74번지
11740,10700,0,0489,0075,,,일반건축물,단독주택,"근린생활시설, 다가구용 단독주택",255.9,148.61,562.26,19881013,3,1,서울특별시 강동구 암사동 489-75번지
11740,10700,0,0489,0076,,,일반건축물,제1종근린생활시설,"근린생활시설, 주택",0,94.23,367.47,19880720,3,1,서울특별시 강동구 암사동 489-76번지
11740,10700,0,0489,0077,블루밍,,표제부,공동주택,다세대주택및근린생활시설,198.2,118.64,395.83,20081127,5,0,서울특별시 강동구 암사동 489-77번지
11740,10700,0,0489,0078,,,일반건축물,단독주택,"근린생활시설, 단독주택",0,65.73,148.02,19840612,2,1,서울특별시 강동구 암사동 489-78번지
11740,10700,0,0489,0079,,,일반건축물,단독주택,단독주택,171.2,82.48,246.31,19880428,2,1,서울특별시 강동구 암사동 489-79번지
11740,10700,0,0489,0080,,,일반건축물,단독주택,단독주택,224.1,100.44,294.48,19900601,2,1,서울특별시 강동구 암사동 489-80번지
11740,10700,0,0489,0081,,,표제부,공동주택,공동주택(다세대주택-11세대),222.5,133.37,418.64,20150803,5,0,서울특별시 강동구 암사동 489-81번지
11740,10700,0,0489,0082,,,일반건축물,단독주택,다가구용 단독주택(7가구),209.7,114,426.24,19930901,3,1,서울특별시 강동구 암사동 489-82번지
11740,10700,0,0489,0083,집앤사 마레지오,,표제부,공동주택,도시형생활주택(단지형다세대),301.2,179.96,637.74,20220107,6,1,서울특별시 강동구 암사동 489-83번지
11740,10700,0,0489,0084,에이엠빌라,,표제부,공동주택,다세대주택,178.7,105.01,356.21,20130415,5,0,서울특별시 강동구 암사동 489-84번지
11740,10700,0,0489,0085,,,일반건축물,단독주택,다가구주택(7가구),190.5,86.2,299.63,19961112,3,1,서울특별시 강동구 암사동 489-85번지
11740,10700,0,0489,0087,예성빌,,표제부,공동주택,도시형생활주택(단지형다세대),337.3,201.92,659.7,20260602,5,0,서울특별시 강동구 암사동 489-87번지
11740,10700,0,0489,0089,휴먼에코빌7차,,표제부,공동주택,공동주택(다세대주택),272.7,163.32,545.07,20211201,5,0,서울특별시 강동구 암사동 489-89번지
11740,10700,0,0489,0091,,,일반건축물,단독주택,단독주택,178.4,178.4,246.03,19901211,2,1,서울특별시 강동구 암사동 489-91번지
11740,10700,0,0489,0092,,,일반건축물,단독주택,다가구용 단독주택(6가구),177.1,106.12,292.33,19910713,2,1,서울특별시 강동구 암사동 489-92번지
11740,10700,0,0489,0093,,,일반건축물,단독주택,다가구용 단독주택(6가구),197,99.54,296.94,19910812,2,1,서울특별시 강동구 암사동 489-93번지
11740,10700,0,0489,0094,,,표제부,공동주택,공동주택(다세대주택),180.5,107.4,421.27,20040729,6,0,서울특별시 강동구 암사동 489-94번지
11740,10700,0,0489,0095,,,일반건축물,단독주택,다가구용 단독주택(7가구),188,111.71,413.35,19950529,3,1,서울특별시 강동구 암사동 489-95번지
11740,10700,0,0489,0096,봄하우스,,표제부,공동주택,다세대주택 및 제2종근린생활시설,167.2,100.21,360.47,20141226,5,0,서울특별시 강동구 암사동 489-96번지
11740,10700,0,0489,0097,,,일반건축물,단독주택,단독주택,145.9,72.5,217.5,19850821,2,1,서울특별시 강동구 암사동 489-97번지
11740,10700,0,0489,0100,,,일반건축물,단독주택,단독주택,0,79.16,241.48,19870826,2,1,서울특별시 강동구 암사동 489-100번지
11740,10700,0,0489,0101,,,일반건축물,단독주택,단독주택,137.6,68.22,208.02,19870814,2,1,서울특별시 강동구 암사동 489-101번지
11740,10700,0,0489,0102,,,일반건축물,단독주택,단독주택,0,75.54,232.42,19870818,2,1,서울특별시 강동구 암사동 489-102번지
11740,10700,0,0489,0103,,,일반건축물,단독주택,단독주택,0,59.98,186.44,19870810,2,1,서울특별시 강동구 암사동 489-103번지
11740,10700,0,0489,0106,,,일반건축물,단독주택,단독주택,128.4,63.72,196.11,19881101,2,1,서울특별시 강동구 암사동 489-106번지
11740,10700,0,0490,0000,,,표제부,공동주택,다세대주택(5),140,83.88,277.81,20080213,5,0,서울특별시 강동구 암사동 490번지
11740,10700,0,0490,0001,암사희망주택,,일반건축물,단독주택,"근린생활시설, 다가구주택",136,81.42,269.16,20121204,4,0,서울특별시 강동구 암사동 490-1번지
11740,10700,0,0490,0002,,,일반건축물,단독주택,다가구용 단독주택(3가구),141.9,80.9,226.2,19901217,2,1,서울특별시 강동구 암사동 490-2번지
11740,10700,0,0490,0003,,,일반건축물,단독주택,단독주택,129.8,64.73,204.82,19900622,2,1,서울특별시 강동구 암사동 490-3번지
11740,10700,0,0490,0004,,,일반건축물,단독주택,단독주택,0,73.51,215.47,19850816,2,1,서울특별시 강동구 암사동 490-4번지
11740,10700,0,0490,0005,,,일반건축물,단독주택,근린생활시설/다가구주택,202.1,118.59,450.42,20021104,4,0,서울특별시 강동구 암사동 490-5번지
11740,10700,0,0490,0006,,,일반건축물,단독주택,"단독주택, 근린생활시설",0,94.78,159.87,19750712,2,0,서울특별시 강동구 암사동 490-6번지
11740,10700,0,0490,0007,자연파크빌,,표제부,공동주택,공동주택(다세대주택),236,140.94,469.75,20170314,5,0,서울특별시 강동구 암사동 490-7번지
11740,10700,0,0490,0009,,,일반건축물,단독주택,다가구용 단독주택(7가구),119.5,66.42,119.26,19910809,2,1,서울특별시 강동구 암사동 490-9번지
11740,10700,0,0490,0010,,,일반건축물,단독주택,단독주택,115.6,57.12,171.36,19880506,2,1,서울특별시 강동구 암사동 490-10번지
11740,10700,0,0490,0011,,,일반건축물,단독주택,단독주택,171.75,82.81,248.43,19851213,2,1,서울특별시 강동구 암사동 490-11번지
11740,10700,0,0490,0013,대명빌라트,,표제부,공동주택,공동주택(다세대주택),285.7,170.99,556.22,20070813,5,0,서울특별시 강동구 암사동 490-13번지
11740,10700,0,0490,0014,,,표제부,공동주택,다세대주택(7가구),195.86,117.45,391.13,20131230,5,0,서울특별시 강동구 암사동 490-14번지
11740,10700,0,0490,0015,,,표제부,공동주택,다세대주택(도시형생활주택 원룸형),122.4,73.15,238.11,20131231,5,0,서울특별시 강동구 암사동 490-15번지
11740,10700,0,0490,0016,낙원스마트빌,,표제부,공동주택,공동주택(다세대주택),236.5,140.4,472.94,20160518,5,0,서울특별시 강동구 암사동 490-16번지
11740,10700,0,0490,0018,,,일반건축물,단독주택,주택,0,71.01,99.67,19750912,2,1,서울특별시 강동구 암사동 490-18번지
11740,10700,0,0490,0019,,,일반건축물,제1종근린생활시설,"근린생활시설, 주택",164,87.08,495.52,19890918,5,1,서울특별시 강동구 암사동 490-19번지
11740,10700,0,0490,0020,,,일반건축물,제1종근린생활시설,"근린생활시설, 주택",180,89.1,472.5,19910808,4,1,서울특별시 강동구 암사동 490-20번지
11740,10700,0,0490,0021,,,일반건축물,단독주택,단독주택,0,59.2,177.6,19850716,2,1,서울특별시 강동구 암사동 490-21번지
11740,10700,0,0490,0022,,,일반건축물,단독주택,단독주택,0,59.68,179.04,19850716,2,1,서울특별시 강동구 암사동 490-22번지
11740,10700,0,0490,0023,,,일반건축물,단독주택,단독주택,117.5,58.38,185.82,19891226,2,1,서울특별시 강동구 암사동 490-23번지
11740,10700,0,0490,0024,,,일반건축물,단독주택,단독주택,0,59.2,179.55,19870605,2,1,서울특별시 강동구 암사동 490-24번지
11740,10700,0,0490,0025,,,일반건축물,단독주택,단독주택,127.1,63.12,197.78,19900604,2,1,서울특별시 강동구 암사동 490-25번지
11740,10700,0,0490,0026,,,일반건축물,단독주택,단독주택,131.4,75.62,205.7,19901201,2,1,서울특별시 강동구 암사동 490-26번지
11740,10700,0,0490,0027,,,일반건축물,단독주택,단독주택,0,57.54,174.22,19860902,2,1,서울특별시 강동구 암사동 490-27번지
11740,10700,0,0490,0028,,,일반건축물,단독주택,단독주택,135.9,67.77,216.87,19900621,2,1,서울특별시 강동구 암사동 490-28번지
11740,10700,0,0490,0029,,,일반건축물,제1종근린생활시설,"근린생활시설, 주택",147.9,73.84,314.98,19880111,3,1,서울특별시 강동구 암사동 490-29번지
11740,10700,0,0490,0030,,,표제부,공동주택,다세대주택,318.7,178.48,659.7,20021123,5,0,서울특별시 강동구 암사동 490-30번지
11740,10700,0,0490,0031,,,일반건축물,단독주택,단독주택,158.8,77.52,227.7,19900906,2,1,서울특별시 강동구 암사동 490-31번지
11740,10700,0,0490,0032,,,일반건축물,단독주택,단독주택,0,0,249.93,19870730,2,1,서울특별시 강동구 암사동 490-32번지
11740,10700,0,0490,0033,우성빌라,,표제부,공동주택,다세대주택,298,135.1,653.41,20001110,4,1,서울특별시 강동구 암사동 490-33번지
11740,10700,0,0490,0034,동서빌라,,표제부,공동주택,연립주택,574.9,319.8,1613.46,20000925,4,1,서울특별시 강동구 암사동 490-34번지
11740,10700,0,0490,0035,,,표제부,공동주택,다세대주택,274.3,132.18,653.78,19910228,4,1,서울특별시 강동구 암사동 490-35번지
11740,10700,0,0490,0036,,,표제부,공동주택,공동주택,292.7,175.24,596.72,20111227,5,0,서울특별시 강동구 암사동 490-36번지
11740,10700,0,0490,0037,,,일반건축물,제2종근린생활시설,제1.2종근린생활시설,0,68.09,299.03,19831027,3,1,서울특별시 강동구 암사동 490-37번지
11740,10700,0,0490,0039,,,일반건축물,단독주택,단독주택 외3,262.9,126.77,634.61,19920916,4,1,서울특별시 강동구 암사동 490-39번지
11740,10700,0,0490,0040,쉐르빌,,표제부,공동주택,"다세대주택, 근린생활시설",298.7,179.12,596.6,20130212,5,0,서울특별시 강동구 암사동 490-40번지
11740,10700,0,0490,0043,,,일반건축물,단독주택,단독주택,123.7,61.5,183.9,19900703,2,1,서울특별시 강동구 암사동 490-43번지
11740,10700,0,0490,0044,,,일반건축물,단독주택,단독주택,144,68.21,207.42,19890216,2,1,서울특별시 강동구 암사동 490-44번지
11740,10700,0,0490,0045,,,일반건축물,단독주택,다가구용 단독주택(5가구),138.5,68.06,200.58,19901018,2,1,서울특별시 강동구 암사동 490-45번지
11740,10700,0,0490,0046,,,일반건축물,단독주택,다가구용 단독주택(5가구),104.91,56.44,175.49,19911221,2,1,서울특별시 강동구 암사동 490-46번지
11740,10700,0,0490,0047,,,일반건축물,단독주택,다가구용 단독주택(6가구),153.7,91.32,237.35,19931207,2,1,서울특별시 강동구 암사동 490-47번지
11740,10700,0,0490,0048,,,일반건축물,제1종근린생활시설,"점포, 주택",0,132.93,331.77,19760415,2,1,서울특별시 강동구 암사동 490-48번지
11740,10700,0,0490,0049,,,일반건축물,제1종근린생활시설,"근린생활시설, 주택",159.9,79.36,361,19910518,4,1,서울특별시 강동구 암사동 490-49번지
11740,10700,0,0490,0051,,,일반건축물,단독주택,다가구용 단독주택(7가구),116.3,69.32,258.16,19940412,3,1,서울특별시 강동구 암사동 490-51번지
11740,10700,0,0490,0052,,,일반건축물,단독주택,다가구용 단독주택(5가구),119.7,71.71,179.75,19950622,2,1,서울특별시 강동구 암사동 490-52번지
11740,10700,0,0490,0053,,,일반건축물,단독주택,단독주택,0,59.22,177.66,19860503,2,1,서울특별시 강동구 암사동 490-53번지
11740,10700,0,0490,0054,,,일반건축물,단독주택,단독주택,116,57.96,188.04,19890621,2,1,서울특별시 강동구 암사동 490-54번지
11740,10700,0,0490,0055,,,일반건축물,단독주택,단독주택,121.4,60.3,188.46,19901019,2,1,서울특별시 강동구 암사동 490-55번지
11740,10700,0,0490,0056,,,일반건축물,단독주택,"근린생활시설, 주택",0,66.27,347.57,19901123,4,1,서울특별시 강동구 암사동 490-56번지
11740,10700,0,0490,0057,,,일반건축물,단독주택,"근린생활시설, 주택",0,72,351.4,19900917,4,1,서울특별시 강동구 암사동 490-57번지
11740,10700,0,0490,0058,,,일반건축물,단독주택,다가구용 단독주택(6가구),121.3,68.44,199.02,19910814,2,1,서울특별시 강동구 암사동 490-58번지
11740,10700,0,0490,0059,,,일반건축물,단독주택,주택,0,55.95,178.02,19900614,2,1,서울특별시 강동구 암사동 490-59번지
11740,10700,0,0490,0060,리츠하우스,,표제부,공동주택,도시형생활주택(단지형),236,140.62,468.92,20150406,5,0,서울특별시 강동구 암사동 490-60번지
11740,10700,0,0490,0062,,,일반건축물,단독주택,단독주택,114.96,57.24,184.68,19900614,2,1,서울특별시 강동구 암사동 490-62번지
11740,10700,0,0490,0063,유하우스,,표제부,공동주택,"공동주택(다세대주택),근린생활시설",149.5,87.97,298.97,20070919,5,0,서울특별시 강동구 암사동 490-63번지
11740,10700,0,0490,0064,,,일반건축물,단독주택,단독주택,0,64.3,192.9,19880114,2,1,서울특별시 강동구 암사동 490-64번지
11740,10700,0,0490,0065,,,일반건축물,단독주택,단독주택,135.9,67.77,216.87,19900620,2,1,서울특별시 강동구 암사동 490-65번지
11740,10700,0,0490,0067,,,일반건축물,단독주택,단독주택,140.9,70.08,221.66,19900713,2,1,서울특별시 강동구 암사동 490-67번지
11740,10700,0,0491,0000,,,일반건축물,제2종근린생활시설,"근린생활시설, 주택",167.7,83.82,460.24,19910522,4,1,서울특별시 강동구 암사동 491번지
11740,10700,0,0491,0001,삼성아트빌,,표제부,공동주택,"다세대주택(도시형생활주택-단지형,7세대)",412.8,106.79,292.14,20130603,5,0,서울특별시 강동구 암사동 491-1번지
11740,10700,0,0491,0001,삼성아트빌,,표제부,공동주택,"다세대주택(도시형생활주택-단지형,10세대)",412.8,138.33,533.2,20130603,6,0,서울특별시 강동구 암사동 491-1번지
11740,10700,0,0491,0004,,,일반건축물,단독주택,다가구주택(6가구),0,82.44,247.32,19910705,2,1,서울특별시 강동구 암사동 491-4번지
11740,10700,0,0491,0005,흥복빌리지,,표제부,공동주택,다세대주택및근린생활시설,171.2,102.6,342.31,20140312,5,0,서울특별시 강동구 암사동 491-5번지
11740,10700,0,0491,0006,,,일반건축물,단독주택,"근린생활시설, 주택",177.5,106.47,494.85,19920519,4,1,서울특별시 강동구 암사동 491-6번지
11740,10700,0,0491,0007,하우징허브,,표제부,공동주택,도시형생활주택(단지형),256.9,139.04,513.67,20141221,6,0,서울특별시 강동구 암사동 491-7번지
11740,10700,0,0491,0009,,,일반건축물,단독주택,다가구용단독주택(6가구),127.4,70.21,210.63,19901119,2,1,서울특별시 강동구 암사동 491-9번지
11740,10700,0,0491,0010,,,일반건축물,단독주택,단독주택,135.4,67,207.22,19870616,2,1,서울특별시 강동구 암사동 491-10번지
11740,10700,0,0491,0011,,,일반건축물,단독주택,"근린생활시설, 주택",170.9,84.8,424,19920722,4,1,서울특별시 강동구 암사동 491-11번지
11740,10700,0,0491,0012,,,표제부,공동주택,공동주택(다세대주택)외1,117.8,70.2,224.74,20040601,4,0,서울특별시 강동구 암사동 491-12번지
11740,10700,0,0491,0013,,,일반건축물,단독주택,단독주택,119.7,59.42,183.41,19870616,2,1,서울특별시 강동구 암사동 491-13번지
11740,10700,0,0491,0014,리츠하우스,,표제부,공동주택,공동주택,233,138.84,465.62,20160513,5,0,서울특별시 강동구 암사동 491-14번지
11740,10700,0,0491,0016,신주리버빌A,,표제부,공동주택,공동주택(다세대주택),120.7,70.81,241.26,20140520,5,0,서울특별시 강동구 암사동 491-16번지
11740,10700,0,0491,0017,신주리버빌B,,표제부,공동주택,공동주택(다세대주택),235,140.55,469.92,20140520,5,0,서울특별시 강동구 암사동 491-17번지
11740,10700,0,0491,0019,,,일반건축물,단독주택,다가구용단독주택(8가구),166,98.16,248.7,19920907,2,1,서울특별시 강동구 암사동 491-19번지
11740,10700,0,0491,0020,,,일반건축물,단독주택,다가구용단독주택(6가구),110.3,65.5,196.5,19910712,2,1,서울특별시 강동구 암사동 491-20번지
11740,10700,0,0491,0021,,,일반건축물,단독주택,다가구용단독주택(6가구),106,62.7,193.3,19910903,2,1,서울특별시 강동구 암사동 491-21번지
11740,10700,0,0491,0022,삼정하우스,,표제부,공동주택,도시형생활주택(단지형다세대),320.2,192.08,659.12,20200928,6,1,서울특별시 강동구 암사동 491-22번지
11740,10700,0,0491,0025,,,일반건축물,단독주택,다가구용단독주택(7가구),125.6,75.12,281.28,19930312,3,1,서울특별시 강동구 암사동 491-25번지
11740,10700,0,0491,0026,,,일반건축물,단독주택,주택,0,72.63,82.51,19750805,1,1,서울특별시 강동구 암사동 491-26번지
11740,10700,0,0491,0026,,,일반건축물,단독주택,단독주택,136.4,67.75,214.25,19900607,2,1,서울특별시 강동구 암사동 491-26번지
11740,10700,0,0491,0027,,,일반건축물,단독주택,단독주택,113.8,56.42,177.18,19890906,2,1,서울특별시 강동구 암사동 491-27번지
11740,10700,0,0491,0028,,,일반건축물,단독주택,다가구용단독주택(3가구),118.8,71.24,197.12,19970109,2,1,서울특별시 강동구 암사동 491-28번지
11740,10700,0,0491,0029,삼성아트빌,,표제부,공동주택,다세대주택(다세대주택),285.4,170.53,579.15,20120525,5,0,서울특별시 강동구 암사동 491-29번지
11740,10700,0,0491,0031,Bliss 31,,일반건축물,단독주택,다중주택,129.1,77.03,258.11,20230718,4,0,서울특별시 강동구 암사동 491-31번지
11740,10700,0,0491,0034,하우징허브,,표제부,공동주택,공동주택(도시형생활주택-단지형다세대),614.5,157.47,568.58,20160629,6,0,서울특별시 강동구 암사동 491-34번지
11740,10700,0,0491,0034,하우징허브,,표제부,공동주택,공동주택(도시형생활주택-단지형다세대),614.5,175.56,658.87,20160629,6,0,서울특별시 강동구 암사동 491-34번지
11740,10700,0,0491,0037,,,일반건축물,단독주택,"근린생활시설, 주택",139.5,73.48,299.42,19940824,4,1,서울특별시 강동구 암사동 491-37번지
11740,10700,0,0491,0038,,,표제부,공동주택,"공동주택(다세대주택),제2종근린생활시설",161.1,93.79,392.89,20031218,5,0,서울특별시 강동구 암사동 491-38번지
11740,10700,0,0491,0039,,,일반건축물,단독주택,다가구용단독주택(5가구),120.4,72.2,199.56,19930731,2,1,서울특별시 강동구 암사동 491-39번지
11740,10700,0,0491,0040,리츠하우스,,표제부,공동주택,공동주택,243.3,145.14,486.5,20151015,5,0,서울특별시 강동구 암사동 491-40번지
11740,10700,0,0491,0042,금춘하우스,,일반건축물,단독주택,다가구주택,124.5,73.95,200.29,20160803,4,0,서울특별시 강동구 암사동 491-42번지
11740,10700,0,0491,0043,,,표제부,공동주택,공동주택(도시형생활주택-단지형다세대),267.7,149.28,533.57,20160421,6,0,서울특별시 강동구 암사동 491-43번지
11740,10700,0,0491,0045,,,일반건축물,단독주택,단독주택,0,159.7,238.68,19910105,2,1,서울특별시 강동구 암사동 491-45번지
11740,10700,0,0491,0046,리츠하우스,,표제부,공동주택,공동주택(도시형생활주택 단지형다세대-11),341.8,200.09,659.47,20150721,5,0,서울특별시 강동구 암사동 491-46번지
11740,10700,0,0491,0049,,,일반건축물,단독주택,다가구용단독주택(5가구),104.4,61.77,182.93,19911007,2,1,서울특별시 강동구 암사동 491-49번지
11740,10700,0,0491,0050,,,표제부,공동주택,공동주택(다세대주택),266,159.35,612.11,20020902,5,0,서울특별시 강동구 암사동 491-50번지
11740,10700,0,0491,0051,,,일반건축물,단독주택,다가구용단독주택(5가구),100.9,49.88,144.75,19911127,2,1,서울특별시 강동구 암사동 491-51번지
11740,10700,0,0491,0052,자연빌,,일반건축물,단독주택,"다가구주택,제2종근린생활시설",197.5,118.11,315.56,20180618,4,0,서울특별시 강동구 암사동 491-52번지
11740,10700,0,0491,0053,,,일반건축물,단독주택,다가구용단독주택(4가구),133.6,78.9,275.99,19980908,3,1,서울특별시 강동구 암사동 491-53번지
11740,10700,0,0491,0054,,,일반건축물,단독주택,다가구용단독주택(7가구),125.3,71.52,199.78,19910601,2,1,서울특별시 강동구 암사동 491-54번지
11740,10700,0,0491,0055,암사동 491-55,,일반건축물,단독주택,"다중주택,제2종근린생활시설",121.6,72.68,230.29,20251024,4,0,서울특별시 강동구 암사동 491-55번지
11740,10700,0,0491,0056,,,일반건축물,단독주택,주택,0,85.85,99.14,19750711,1,1,서울특별시 강동구 암사동 491-56번지
11740,10700,0,0491,0057,,,일반건축물,단독주택,단독주택,148.8,74.07,228.57,19880727,2,1,서울특별시 강동구 암사동 491-57번지
11740,10700,0,0491,0058,광장그랜드빌,,표제부,공동주택,다세대주택(도시형생활주택-단지형),239.3,142.4,477.81,20170308,6,0,서울특별시 강동구 암사동 491-58번지
11740,10700,0,0491,0060,성원아트빌,,표제부,공동주택,공동주택(도시형생활주택-단지형다세대),242.6,145.08,484.97,20161014,6,0,서울특별시 강동구 암사동 491-60번지
11740,10700,0,0491,0062,,,일반건축물,단독주택,단독주택,0,63.49,196.02,19891101,2,1,서울특별시 강동구 암사동 491-62번지
11740,10700,0,0491,0063,,,일반건축물,단독주택,"근린생활시설, 단독주택",148.2,69.75,385.02,19911224,4,1,서울특별시 강동구 암사동 491-63번지
11740,10700,0,0491,0064,상림주택,,표제부,공동주택,공동주택(다세대주택) 외2,187.5,110.33,474.57,20040115,5,0,서울특별시 강동구 암사동 491-64번지
11740,10700,0,0491,0065,,,일반건축물,단독주택,"근린생활시설, 단독주택",0,69.27,177.6,19840620,2,1,서울특별시 강동구 암사동 491-65번지
11740,10700,0,0491,0066,,,일반건축물,단독주택,단독주택,135.5,67.26,206.5,19880114,2,1,서울특별시 강동구 암사동 491-66번지
11740,10700,0,0491,0067,,,표제부,공동주택,공동주택(도시형생활주택-단지형다세대),280.9,167.69,561.34,20160415,6,0,서울특별시 강동구 암사동 491-67번지
11740,10700,0,0491,0069,,,일반건축물,단독주택,단독주택,141.8,70.56,224.04,19880325,2,1,서울특별시 강동구 암사동 491-69번지
11740,10700,0,0491,0070,,,일반건축물,단독주택,"근린생활시설, 주택",181.6,90.61,396.48,19891005,4,1,서울특별시 강동구 암사동 491-70번지
11740,10700,0,0491,0071,,,일반건축물,단독주택,단독주택,148.2,73.77,235.02,19890303,3,1,서울특별시 강동구 암사동 491-71번지
11740,10700,0,0491,0072,,,일반건축물,단독주택,다가구용단독주택,135.3,79.32,237.96,20011112,3,0,서울특별시 강동구 암사동 491-72번지
11740,10700,0,0491,0073,서원빌라,,표제부,공동주택,"공동주택,다세대주택",134.4,79.18,290.23,20040520,4,0,서울특별시 강동구 암사동 491-73번지
11740,10700,0,0491,0074,신성빌라,,일반건축물,단독주택,단독주택,123.1,73.56,211.95,20180806,4,0,서울특별시 강동구 암사동 491-74번지
11740,10700,0,0491,0075,대승아트빌,,표제부,공동주택,다세대주택(8세대),218.8,130.78,437.27,20090828,5,0,서울특별시 강동구 암사동 491-75번지
11740,10700,0,0492,0000,수연빌라,,표제부,공동주택,다세대주택및근린생활시설,214.4,128.23,428.22,20080729,5,0,서울특별시 강동구 암사동 492번지
11740,10700,0,0492,0001,현대드림빌,,표제부,공동주택,근린생활시설 및 다세대주택,202.3,120.64,399.84,20080619,5,0,서울특별시 강동구 암사동 492-1번지
11740,10700,0,0492,0003,한솔아트빌,,표제부,공동주택,다세대주택,299.1,179.41,655.15,20111017,5,0,서울특별시 강동구 암사동 492-3번지
11740,10700,0,0492,0004,,,표제부,공동주택,다세대주택,318.7,150.06,599.7,19930901,4,1,서울특별시 강동구 암사동 492-4번지
11740,10700,0,0492,0005,,,일반건축물,제1종근린생활시설,"근린생활시설, 주택",157.1,78.44,346.39,19880825,3,1,서울특별시 강동구 암사동 492-5번지
11740,10700,0,0492,0007,,,일반건축물,단독주택,다가구용단독주택(5가구),155.8,79.62,194.1,19930510,2,1,서울특별시 강동구 암사동 492-7번지
11740,10700,0,0492,0008,한솔아트빌,,표제부,공동주택,다세대주택,271.1,160.4,540.85,20131120,5,0,서울특별시 강동구 암사동 492-8번지
11740,10700,0,0492,0010,노블리움,,표제부,공동주택,다세대주택,362.4,216.58,659.81,20080910,5,0,서울특별시 강동구 암사동 492-10번지
11740,10700,0,0492,0011,,,일반건축물,단독주택,단독주택,0,0,247.05,19870625,2,1,서울특별시 강동구 암사동 492-11번지
11740,10700,0,0492,0012,,,일반건축물,단독주택,단독주택,167.6,82.71,246.69,19851206,2,1,서울특별시 강동구 암사동 492-12번지
11740,10700,0,0492,0013,기광빌딩,,일반건축물,단독주택,"근린생활시설, 주택",337.1,159.32,944.35,19930325,5,1,서울특별시 강동구 암사동 492-13번지
11740,10700,0,0492,0014,광명리채,,표제부,공동주택,도시형생활주택(단지형다세대-14세대),311.8,177.36,623.17,20150728,6,0,서울특별시 강동구 암사동 492-14번지
11740,10700,0,0492,0015,,,표제부,공동주택,공동주택(다세대주택),264.2,158.37,532.66,20030425,5,0,서울특별시 강동구 암사동 492-15번지
11740,10700,0,0492,0016,,,표제부,공동주택,"다세대주택, 근린생활시설",346.3,207.04,685,20110921,5,0,서울특별시 강동구 암사동 492-16번지
11740,10700,0,0492,0017,,,표제부,공동주택,다세대주택(도시형생활주택원룸형),182.3,106.58,416.01,20120910,5,0,서울특별시 강동구 암사동 492-17번지
11740,10700,0,0492,0018,태양빌,,표제부,공동주택,"공동주택,다세대주택",274.7,161.7,521.57,20040915,5,0,서울특별시 강동구 암사동 492-18번지
11740,10700,0,0492,0019,드림타운,,표제부,공동주택,다세대주택(11세대),217,129.69,413.82,20130912,4,0,서울특별시 강동구 암사동 492-19번지
11740,10700,0,0492,0020,강암경로당,,일반건축물,단독주택,주택,0,75.24,162.94,19790823,2,1,서울특별시 강동구 암사동 492-20번지
11740,10700,0,0492,0021,,,일반건축물,단독주택,주택,0,98.61,189.25,19800415,1,1,서울특별시 강동구 암사동 492-21번지
11740,10700,0,0492,0022,,,표제부,공동주택,"제2종근린생활시설,공동주택(다세대4)",191.8,111.17,383.77,20080311,5,0,서울특별시 강동구 암사동 492-22번지
11740,10700,0,0492,0023,,,일반건축물,단독주택,다가구용단독주택(7가구),170.77,102.42,288.81,19930818,2,1,서울특별시 강동구 암사동 492-23번지
11740,10700,0,0492,0024,한우리빌,,표제부,공동주택,공동주택(다세대주택),254.2,152.47,564.6,20031016,5,0,서울특별시 강동구 암사동 492-24번지
11740,10700,0,0492,0025,,,일반건축물,단독주택,다가구용단독주택(7가구),176.3,104.42,409.72,19970605,3,1,서울특별시 강동구 암사동 492-25번지
11740,10700,0,0492,0026,,,일반건축물,단독주택,단독주택,166.9,82.32,246.96,19900809,2,1,서울특별시 강동구 암사동 492-26번지
11740,10700,0,0492,0027,,,일반건축물,단독주택,주택,0,46.94,112.76,19781220,2,1,서울특별시 강동구 암사동 492-27번지
11740,10700,0,0492,0028,라움아파트A동,,표제부,공동주택,공동주택(아파트),438,171.08,940.08,20060413,7,1,서울특별시 강동구 암사동 492-28번지
11740,10700,0,0492,0032,제이제이 파크,,표제부,공동주택,도시형생활주택(단지형다세대주택),960.4,178.28,649.84,20190131,6,0,서울특별시 강동구 암사동 492-32번지
11740,10700,0,0492,0032,제이제이 파크,,표제부,공동주택,도시형생활주택(단지형다세대주택),960.4,211.44,616.33,20190131,6,0,서울특별시 강동구 암사동 492-32번지
11740,10700,0,0492,0032,제이제이 파크,,표제부,공동주택,도시형생활주택(단지형다세대주택),960.4,178.28,652.48,20190131,6,0,서울특별시 강동구 암사동 492-32번지
11740,10700,0,0492,0034,,,일반건축물,단독주택,주택,0,73.92,204.93,19791226,2,1,서울특별시 강동구 암사동 492-34번지
11740,10700,0,0492,0036,,,일반건축물,단독주택,다가구용단독주택(6가구),202.3,110.05,392.8,19980330,3,1,서울특별시 강동구 암사동 492-36번지
11740,10700,0,0492,0037,,,표제부,공동주택,근생및다세대주택,181.1,107.5,440.41,20020918,5,0,서울특별시 강동구 암사동 492-37번지
11740,10700,0,0492,0039,,,표제부,공동주택,다세대주택(도시형생활주택),216.7,129.96,486.99,20120730,5,0,서울특별시 강동구 암사동 492-39번지
11740,10700,0,0492,0041,,,표제부,공동주택,공동주택(다세대주택),143.7,83.65,231.29,20131031,4,0,서울특별시 강동구 암사동 492-41번지
11740,10700,0,0492,0043,,,표제부,공동주택,공동주택(다세대주택),259.4,154.39,625.2,20030414,5,0,서울특별시 강동구 암사동 492-43번지
11740,10700,0,0492,0045,라움아파트B동,,표제부,공동주택,공동주택(아파트),429.1,171.08,921.97,20060424,7,1,서울특별시 강동구 암사동 492-45번지
11740,10700,0,0493,0000,,,표제부,공동주택,공동주택(다세대주택),200.1,117.11,399.95,20160601,5,0,서울특별시 강동구 암사동 493번지
11740,10700,0,0493,0001,,,일반건축물,단독주택,"단독주택(다가구주택) 및 제1,2종근린생활시설",198.1,98.65,554.3,19931127,5,1,서울특별시 강동구 암사동 493-1번지
11740,10700,0,0493,0002,,,표제부,공동주택,다세대주택(원룸형),205.1,101.95,308.09,20130401,5,0,서울특별시 강동구 암사동 493-2번지
11740,10700,0,0493,0003,,,일반건축물,제1종근린생활시설,"근린생활시설, 주택",248.7,122.63,711.01,19890612,5,1,서울특별시 강동구 암사동 493-3번지
11740,10700,0,0493,0004,,,일반건축물,단독주택,"근린생활시설, 다가구주택(3가구)",166.1,99.59,492.36,19971118,4,1,서울특별시 강동구 암사동 493-4번지
11740,10700,0,0493,0005,,,일반건축물,단독주택,"근린생활시설, 주택",100.2,58.95,250.9,19970923,4,1,서울특별시 강동구 암사동 493-5번지
11740,10700,0,0493,0006,,,일반건축물,단독주택,"근린생활시설, 단독주택",171.2,102.42,454.56,19980401,4,1,서울특별시 강동구 암사동 493-6번지
11740,10700,0,0493,0007,,,일반건축물,단독주택,단독주택(다가구주택) 외2,164,94.32,438.3,20040721,4,1,서울특별시 강동구 암사동 493-7번지
11740,10700,0,0493,0008,,,일반건축물,제2종근린생활시설,"근린생활시설, 주택",165.8,82.8,434.7,19891107,4,1,서울특별시 강동구 암사동 493-8번지
11740,10700,0,0493,0009,,,일반건축물,제2종근린생활시설,근린생활시설,0,98.55,374.3,19841120,4,1,서울특별시 강동구 암사동 493-9번지
11740,10700,0,0493,0010,한솔아트빌,,표제부,공동주택,"도시형생활주택(단지형다세대),제1종근린생활시설(소매점,부동산중개사무소)",236.8,141.92,472.4,20170912,6,0,서울특별시 강동구 암사동 493-10번지
11740,10700,0,0493,0014,중앙하이츠아파트,,표제부,공동주택,생활편익시설,3723.6,134.02,891.18,19980729,4,1,서울특별시 강동구 암사동 493-14번지
11740,10700,0,0493,0014,중앙하이츠,,표제부,공동주택,공동주택(아파트),3723.6,993.48,14442.16,19980729,12,2,서울특별시 강동구 암사동 493-14번지
11740,10700,0,0493,0015,허브빌,,표제부,공동주택,도시형생활주택(원룸형),223.7,133.96,444.32,20220615,5,0,서울특별시 강동구 암사동 493-15번지
11740,10700,0,0493,0025,,,일반건축물,단독주택,"근린생활시설, 다가구주택",248.4,122.4,589.32,19881223,4,1,서울특별시 강동구 암사동 493-25번지
11740,10700,0,0493,0026,,,일반건축물,단독주택,"근린생활시설, 다가구주택",0,122.4,612,19881228,4,1,서울특별시 강동구 암사동 493-26번지
11740,10700,0,0493,0027,,,일반건축물,단독주택,"근린생활시설, 주택",247.3,123,583.11,19881223,4,1,서울특별시 강동구 암사동 493-27번지
11740,10700,0,0493,0028,,,일반건축물,단독주택,"근린생활시설, 다가구주택",231.6,109.94,570.22,19881024,5,1,서울특별시 강동구 암사동 493-28번지
11740,10700,0,0493,0029,한솔아트빌,,표제부,공동주택,"도시형생활주택(단지형다세대),제1종근린생활시설",245.3,134.38,490.26,20170912,6,0,서울특별시 강동구 암사동 493-29번지
11740,10700,0,0493,0030,한솔아트빌,,일반건축물,단독주택,"단독주택,근린생활시설",151.4,90.64,255.77,20180402,4,0,서울특별시 강동구 암사동 493-30번지
11740,10700,0,0494,0000,,,일반건축물,제2종근린생활시설,제2종근린생활시설 외2,262.7,129.63,785.7,19890629,5,1,서울특별시 강동구 암사동 494번지
11740,10700,0,0494,0001,,,일반건축물,단독주택,"근린생활시설, 주택",239.6,129,714.44,19881213,5,1,서울특별시 강동구 암사동 494-1번지
11740,10700,0,0494,0002,토성하우스,,표제부,공동주택,"공동주택,제2종근린생활시설",217.9,129.6,435.75,20180126,5,0,서울특별시 강동구 암사동 494-2번지
11740,10700,0,0494,0003,,,표제부,공동주택,다세대주택,263.4,157.44,595.62,20020925,5,0,서울특별시 강동구 암사동 494-3번지
11740,10700,0,0494,0004,해비치빌,,표제부,공동주택,다세대주택(도시형생활주택원룸형),327.1,195.84,729.96,20120921,5,0,서울특별시 강동구 암사동 494-4번지
11740,10700,0,0494,0005,웅진,,일반건축물,제2종근린생활시설,"근린생활시설, 단독주택",154.8,91.96,308.53,20120925,4,0,서울특별시 강동구 암사동 494-5번지
11740,10700,0,0494,0006,,,표제부,공동주택,다세대주택,175.4,104.98,343.66,20150423,5,0,서울특별시 강동구 암사동 494-6번지
11740,10700,0,0494,0007,광진빌라,,표제부,공동주택,도시형생활주택(단지형),203.1,119.4,405.11,20141218,6,0,서울특별시 강동구 암사동 494-7번지
11740,10700,0,0494,0009,,,일반건축물,단독주택,"근린생활시설, 주택",0,101.95,188.56,19780526,2,1,서울특별시 강동구 암사동 494-9번지
11740,10700,0,0494,0010,,,표제부,공동주택,다세대주택,176.7,104.98,326.13,20150421,5,0,서울특별시 강동구 암사동 494-10번지
11740,10700,0,0494,0011,,,표제부,공동주택,공동주택(다세대주택),259.5,155.56,524.44,20020729,5,0,서울특별시 강동구 암사동 494-11번지
11740,10700,0,0494,0012,,,표제부,공동주택,연립주택,840.6,348.77,1949.56,19931210,4,1,서울특별시 강동구 암사동 494-12번지
11740,10700,0,0494,0013,이새빌딩,,일반건축물,제2종근린생활시설,"근린생활시설, 주택",379.2,214.17,1226.67,19941208,5,1,서울특별시 강동구 암사동 494-13번지
11740,10700,0,0494,0014,라데빵스암사,,표제부,공동주택,다세대주택,331.2,173.22,659.28,20021002,5,0,서울특별시 강동구 암사동 494-14번지
11740,10700,0,0494,0015,,,일반건축물,단독주택,단독주택,0,82.23,246.69,19851209,2,1,서울특별시 강동구 암사동 494-15번지
11740,10700,0,0494,0016,,,일반건축물,단독주택,다가구단독주택,249.2,146.82,514.68,19940914,3,1,서울특별시 강동구 암사동 494-16번지
11740,10700,0,0494,0017,,,일반건축물,단독주택,단독주택,128.9,62.37,192.15,19850710,2,1,서울특별시 강동구 암사동 494-17번지
11740,10700,0,0494,0018,,,일반건축물,단독주택,"근린생활시설, 노유자시설, 주택",253.9,126.14,735.76,19901030,5,1,서울특별시 강동구 암사동 494-18번지
11740,10700,0,0494,0020,,,표제부,공동주택,공동주택,190.6,114.35,433.4,20020117,5,0,서울특별시 강동구 암사동 494-20번지
11740,10700,0,0494,0021,,,일반건축물,단독주택,"근린생활시설, 다가구주택(5가구)",247.3,142.07,663.22,19991202,4,1,서울특별시 강동구 암사동 494-21번지
11740,10700,0,0494,0024,,,일반건축물,단독주택,단독주택,0,53.53,159.21,19871106,2,1,서울특별시 강동구 암사동 494-24번지
11740,10700,0,0494,0025,,,표제부,공동주택,"공동주택,다세대주택",241.8,145.03,482.01,20040408,5,0,서울특별시 강동구 암사동 494-25번지
11740,10700,0,0494,0026,,,표제부,공동주택,다세대주택,200.5,94.08,430.08,19930913,4,1,서울특별시 강동구 암사동 494-26번지
11740,10700,0,0494,0027,금성팰리스,,표제부,공동주택,근린생활시설/도시형생활주택/다세대주택,283,150.63,562.52,20131209,5,0,서울특별시 강동구 암사동 494-27번지
11740,10700,0,0494,0033,,,표제부,공동주택,연립주택,842.4,348.7,1951,19931217,4,1,서울특별시 강동구 암사동 494-33번지
11740,10700,0,0494,0037,,,일반건축물,단독주택,다가구용단독주택,185.2,104.27,304.18,19980124,3,0,서울특별시 강동구 암사동 494-37번지
11740,10700,0,0494,0038,,,일반건축물,단독주택,단독주택,0,83.79,215.37,19840315,2,1,서울특별시 강동구 암사동 494-38번지
11740,10700,0,0494,0039,,,일반건축물,단독주택,"근린생활시설, 주택(1가구)",169.6,84.72,494.88,19930913,5,1,서울특별시 강동구 암사동 494-39번지
11740,10700,0,0494,0040,작은도시 노마드,,표제부,공동주택,"공동주택(다세대주택),제1종근린생활시설",226.4,117.29,458.7,20170227,5,1,서울특별시 강동구 암사동 494-40번지
11740,10700,0,0494,0041,,,일반건축물,단독주택,단독주택,112.4,54.3,166.59,19850708,2,1,서울특별시 강동구 암사동 494-41번지
11740,10700,0,0494,0042,,,일반건축물,단독주택,단독주택,0,59.58,178.74,19851209,2,1,서울특별시 강동구 암사동 494-42번지
11740,10700,0,0494,0043,,,일반건축물,제2종근린생활시설,제2종근린생활시설,125.4,74.83,250.21,20230512,4,0,서울특별시 강동구 암사동 494-43번지
11740,10700,0,0494,0044,,,일반건축물,단독주택,단독주택,0,67.44,202.32,19880209,2,1,서울특별시 강동구 암사동 494-44번지
11740,10700,0,0494,0045,,,표제부,제1종근린생활시설,"제1,2종근린생활시설",185.2,86.88,439.5,19890705,4,1,서울특별시 강동구 암사동 494-45번지
11740,10700,0,0495,0000,,,일반건축물,제2종근린생활시설,제2종근린생활시설 외1,204,121.4,613.67,20041118,5,1,서울특별시 강동구 암사동 495번지
11740,10700,0,0495,0002,,,일반건축물,단독주택,단독주택 외2,209,103.88,519.4,19900305,4,1,서울특별시 강동구 암사동 495-2번지
11740,10700,0,0495,0003,,,일반건축물,단독주택,다가구주택(6가구),197,96.93,284.81,19910425,2,1,서울특별시 강동구 암사동 495-3번지
11740,10700,0,0495,0004,신원팰리스,,표제부,공동주택,"공동주택(다세대),근린생활시설",486.51,291.8,1460.48,20141118,6,2,서울특별시 강동구 암사동 495-4번지
11740,10700,0,0495,0005,,,표제부,공동주택,다세대주택,237.2,117.79,503.78,19910312,4,1,서울특별시 강동구 암사동 495-5번지
11740,10700,0,0495,0006,세종그랑빌3차,,표제부,공동주택,다세대주택,221,132.33,370.55,20090114,4,0,서울특별시 강동구 암사동 495-6번지
11740,10700,0,0495,0009,라온 빌리지,,표제부,공동주택,도시형생활주택(단지형다세대-6세대),154.99,86.76,276.15,20130823,5,0,서울특별시 강동구 암사동 495-9번지
11740,10700,0,0495,0010,,,일반건축물,단독주택,다가구용단독주택(7가구),139.25,82.69,269.14,19930105,3,1,서울특별시 강동구 암사동 495-10번지
11740,10700,0,0495,0011,,,일반건축물,단독주택,"다가구주택,제1,2종근린생활시설",255.75,152.45,756.15,20031022,5,0,서울특별시 강동구 암사동 495-11번지
11740,10700,0,0495,0013,,,일반건축물,제2종근린생활시설,"제1,2종근린생활시설,간이음식점",0,61.49,90.42,19750614,1,1,서울특별시 강동구 암사동 495-13번지
11740,10700,0,0495,0014,,,일반건축물,단독주택,"주택, 점포",0,80.89,96.16,19750614,1,1,서울특별시 강동구 암사동 495-14번지
11740,10700,0,0495,0015,,,일반건축물,단독주택,다가구용단독주택(4가구),103.9,62.3,179.1,19951123,2,1,서울특별시 강동구 암사동 495-15번지
11740,10700,0,0495,0016,재성빌라,,표제부,공동주택,다세대주택,235.8,139.16,454.32,20090122,5,0,서울특별시 강동구 암사동 495-16번지
11740,10700,0,0495,0018,선진빌딩,,일반건축물,제1종근린생활시설,근린생활시설,0,181.29,511.25,19761111,3,1,서울특별시 강동구 암사동 495-18번지
11740,10700,0,0495,0020,,,일반건축물,제1종근린생활시설,"주택, 근린생활시설(점포)",117.8,74.74,140.77,19750805,2,0,서울특별시 강동구 암사동 495-20번지
11740,10700,0,0495,0021,,,일반건축물,단독주택,"주택, 점포",0,85.82,151.94,19750805,2,0,서울특별시 강동구 암사동 495-21번지
11740,10700,0,0495,0022,,,일반건축물,단독주택,주택,0,61.06,76.17,19750614,1,1,서울특별시 강동구 암사동 495-22번지
11740,10700,0,0495,0023,,,일반건축물,단독주택,다가구용단독주택(5가구),105.1,62.69,167.94,19931004,2,1,서울특별시 강동구 암사동 495-23번지
11740,10700,0,0495,0024,,,일반건축물,단독주택,다가구용단독주택(4가구),100.8,49.47,148.41,19910416,2,1,서울특별시 강동구 암사동 495-24번지
11740,10700,0,0495,0025,,,일반건축물,단독주택,다가구용단독주택(5가구),110.2,61.14,182.82,19901221,2,1,서울특별시 강동구 암사동 495-25번지
11740,10700,0,0495,0026,,,일반건축물,단독주택,단독주택,111.5,55.54,171.32,19870416,2,1,서울특별시 강동구 암사동 495-26번지
11740,10700,0,0495,0027,도원하늘채,,일반건축물,단독주택,"단독주택,근린생활시설",126.9,75.66,253.52,20190130,5,0,서울특별시 강동구 암사동 495-27번지
11740,10700,0,0495,0028,,,일반건축물,단독주택,다가구용단독주택(5가구),99.62,59.36,170.94,19930804,2,1,서울특별시 강동구 암사동 495-28번지
11740,10700,0,0495,0029,이한아트빌,,표제부,공동주택,다세대주택,158.9,91.25,276.06,20140804,5,0,서울특별시 강동구 암사동 495-29번지
11740,10700,0,0495,0030,,,일반건축물,단독주택,단독주택,0,81.16,247.08,19861212,2,1,서울특별시 강동구 암사동 495-30번지
11740,10700,0,0495,0031,,,일반건축물,단독주택,단독주택,175.6,82.38,247.14,19900818,2,1,서울특별시 강동구 암사동 495-31번지
11740,10700,0,0495,0032,,,일반건축물,단독주택,단독주택,0,70.14,221.13,19861218,2,1,서울특별시 강동구 암사동 495-32번지
11740,10700,0,0495,0033,,,일반건축물,단독주택,단독주택,0,52.83,162.12,19860610,2,1,서울특별시 강동구 암사동 495-33번지
11740,10700,0,0495,0034,,,표제부,공동주택,다세대주택,227.6,109.62,327.96,19860930,2,1,서울특별시 강동구 암사동 495-34번지
11740,10700,0,0495,0035,,,일반건축물,단독주택,단독주택,175.2,81.72,242.34,19901208,2,1,서울특별시 강동구 암사동 495-35번지
11740,10700,0,0495,0036,,,일반건축물,단독주택,단독주택,0,74.7,224.1,19900906,2,1,서울특별시 강동구 암사동 495-36번지
11740,10700,0,0495,0037,,,표제부,공동주택,공동주택(다세대주택),158.9,94.74,368.98,20070704,4,1,서울특별시 강동구 암사동 495-37번지
11740,10700,0,0495,0038,,,일반건축물,단독주택,다가구주택,175.6,105.26,396.54,20011229,3,1,서울특별시 강동구 암사동 495-38번지
11740,10700,0,0495,0039,정 아트빌,,표제부,공동주택,다세대주택,237.4,142.05,474.66,20141029,5,0,서울특별시 강동구 암사동 495-39번지
11740,10700,0,0495,0041,,,표제부,공동주택,다세대주택,0,82.4,247.2,19860818,2,1,서울특별시 강동구 암사동 495-41번지
11740,10700,0,0495,0042,,,표제부,공동주택,"공동주택,다세대주택",189.4,102.72,418.44,20040423,5,0,서울특별시 강동구 암사동 495-42번지
11740,10700,0,0495,0043,밀알교회,,일반건축물,제2종근린생활시설,"제2종근린생활시설,단독주택",222.4,118.59,590.9,20180329,5,1,서울특별시 강동구 암사동 495-43번지
11740,10700,0,0495,0044,,,표제부,공동주택,다세대주택,180.6,108.3,454.65,20020306,5,0,서울특별시 강동구 암사동 495-44번지
11740,10700,0,0495,0045,,,일반건축물,단독주택,단독주택,140,69.72,209.18,19880526,2,1,서울특별시 강동구 암사동 495-45번지
11740,10700,0,0495,0047,,,일반건축물,단독주택,주택,0,55.87,111.74,19791120,1,1,서울특별시 강동구 암사동 495-47번지
11740,10700,0,0495,0048,암사동 다세대주택,,표제부,공동주택,"다세대주택,제2종근린생활시설",213.2,126.09,400.58,20250212,5,0,서울특별시 강동구 암사동 495-48번지
11740,10700,0,0495,0049,,,일반건축물,단독주택,다가구주택,122.9,73.04,189.64,20150112,4,0,서울특별시 강동구 암사동 495-49번지
11740,10700,0,0495,0050,신안 아트빌,,표제부,공동주택,다세대주택,207.9,123.34,429.86,20101130,5,0,서울특별시 강동구 암사동 495-50번지
11740,10700,0,0495,0051,,,일반건축물,단독주택,단독주택,0,65.52,146.34,19830615,2,1,서울특별시 강동구 암사동 495-51번지
11740,10700,0,0495,0052,,,일반건축물,단독주택,단독주택,0,43.02,129.06,19850228,2,1,서울특별시 강동구 암사동 495-52번지
11740,10700,0,0495,0053,,,일반건축물,단독주택,단독주택,0,43.53,90.51,19830624,2,1,서울특별시 강동구 암사동 495-53번지
11740,10700,0,0495,0054,,,일반건축물,단독주택,단독주택,0,43.95,94.38,19830922,2,1,서울특별시 강동구 암사동 495-54번지
11740,10700,0,0495,0055,구립가람슬기어린이집,,일반건축물,노유자시설,노유자시설(어린이집),286.7,170.93,668.99,20210210,4,1,서울특별시 강동구 암사동 495-55번지
11740,10700,0,0495,0057,,,일반건축물,단독주택,다가구주택,142.8,85.56,266.04,20100318,4,0,서울특별시 강동구 암사동 495-57번지
11740,10700,0,0495,0058,,,일반건축물,단독주택,단독주택,135.1,67.38,202.14,19900823,2,1,서울특별시 강동구 암사동 495-58번지
11740,10700,0,0495,0059,,,일반건축물,단독주택,다가구용단독주택(6가구),119.1,69.18,196.9,19911127,2,1,서울특별시 강동구 암사동 495-59번지
11740,10700,0,0495,0060,,,일반건축물,단독주택,단독주택,122.1,60.6,181.8,19881230,2,1,서울특별시 강동구 암사동 495-60번지
11740,10700,0,0495,0061,,,일반건축물,단독주택,다가구용단독주택(3가구),133,78.78,219.63,19911224,2,1,서울특별시 강동구 암사동 495-61번지
11740,10700,0,0495,0062,,,일반건축물,단독주택,단독주택,0,67.18,211.04,19881201,2,1,서울특별시 강동구 암사동 495-62번지
11740,10700,0,0495,0063,,,일반건축물,단독주택,단독주택,0,58.56,175.68,19860731,2,1,서울특별시 강동구 암사동 495-63번지
11740,10700,0,0495,0064,,,일반건축물,단독주택,단독주택,107.7,53.73,177.12,19890428,2,1,서울특별시 강동구 암사동 495-64번지
11740,10700,0,0495,0065,,,일반건축물,단독주택,단독주택,155.6,77.58,243.86,19890819,2,1,서울특별시 강동구 암사동 495-65번지
11740,10700,0,0495,0066,,,일반건축물,단독주택,단독주택,130.5,65.08,199.94,19880525,2,1,서울특별시 강동구 암사동 495-66번지
11740,10700,0,0495,0067,,,일반건축물,단독주택,다가구용단독주택(5가구),112.3,67.26,176.51,19910506,2,1,서울특별시 강동구 암사동 495-67번지
11740,10700,0,0495,0068,,,일반건축물,제2종근린생활시설,제2종근린생활시설 외1,143.1,71.26,298.54,19920601,3,1,서울특별시 강동구 암사동 495-68번지
11740,10700,0,0495,0069,,,일반건축물,제1종근린생활시설,"근린생활시설, 주택",152,75.12,363,19930715,4,1,서울특별시 강동구 암사동 495-69번지
11740,10700,0,0495,0075,,,표제부,공동주택,다세대주택,222.1,123.88,590.39,19940830,4,1,서울특별시 강동구 암사동 495-75번지
11740,10700,0,0495,0076,,,표제부,공동주택,다세대주택,233.2,124.5,611.39,19920801,4,1,서울특별시 강동구 암사동 495-76번지
11740,10700,0,0495,0077,,,표제부,공동주택,다세대주택,148.9,87.66,315.48,20110906,5,0,서울특별시 강동구 암사동 495-77번지
11740,10700,0,0495,0078,,,표제부,공동주택,공동주택(다세대주택),219.9,127.42,525.02,20011120,5,0,서울특별시 강동구 암사동 495-78번지
11740,10700,0,0495,0079,진성빌리지,,표제부,공동주택,"제2종근린생활시설,공동주택",265.5,159.06,479.31,20180829,5,0,서울특별시 강동구 암사동 495-79번지
11740,10700,0,0495,0080,,,일반건축물,단독주택,단독주택,149.3,68.51,147.58,19841228,2,1,서울특별시 강동구 암사동 495-80번지
11740,10700,0,0495,0081,,,일반건축물,단독주택,"다가구주택, 근린생활시설",168.3,98,346.02,20020917,4,0,서울특별시 강동구 암사동 495-81번지
11740,10700,0,0495,0083,,,일반건축물,단독주택,"근린생활시설, 주택",147.8,73.85,389.14,19920814,4,1,서울특별시 강동구 암사동 495-83번지
11740,10700,0,0495,0084,,,일반건축물,단독주택,단독주택,157.5,78.29,236.62,19890707,2,1,서울특별시 강동구 암사동 495-84번지
11740,10700,0,0495,0085,,,일반건축물,단독주택,단독주택,138,68.79,201.87,19870714,2,1,서울특별시 강동구 암사동 495-85번지
11740,10700,0,0495,0086,,,일반건축물,단독주택,다가구용단독주택(5가구),135,75.34,219.86,19960206,2,1,서울특별시 강동구 암사동 495-86번지
11740,10700,0,0495,0087,,,일반건축물,단독주택,단독주택,72.8,36.33,90.51,19840828,2,1,서울특별시 강동구 암사동 495-87번지
11740,10700,0,0495,0088,,,표제부,공동주택,근린생활시설 및 다세대주택(10세대),340,203.46,664.68,20080430,5,0,서울특별시 강동구 암사동 495-88번지
11740,10700,0,0495,0090,,,일반건축물,단독주택,다가구용단독주택,211.4,126.55,415.91,19980117,3,1,서울특별시 강동구 암사동 495-90번지
11740,10700,0,0495,0091,신주,,표제부,공동주택,다세대주택,80,42.24,113.37,20150515,4,0,서울특별시 강동구 암사동 495-91번지
11740,10700,0,0495,0092,신주리버빌,,표제부,공동주택,다세대주택,402.1,238.01,689.93,20150513,5,0,서울특별시 강동구 암사동 495-92번지
11740,10700,0,0495,0095,,,일반건축물,단독주택,단독주택,0,82.41,248.49,19880628,2,1,서울특별시 강동구 암사동 495-95번지
11740,10700,0,0495,0096,,,일반건축물,단독주택,다가구주택(4가구),122,72.9,215.74,20140829,4,0,서울특별시 강동구 암사동 495-96번지
11740,10700,0,0495,0097,,,일반건축물,단독주택,단독주택,0,66.08,198.24,19860731,2,1,서울특별시 강동구 암사동 495-97번지
11740,10700,0,0495,0099,,,표제부,공동주택,다세대주택,172.8,76.58,229.74,19860926,2,1,서울특별시 강동구 암사동 495-99번지
11740,10700,0,0495,0101,,,일반건축물,단독주택,단독주택,132.2,65.97,197.91,19880526,2,1,서울특별시 강동구 암사동 495-101번지
11740,10700,0,0495,0102,,,일반건축물,단독주택,단독주택,132.3,65.7,197.1,19880527,2,1,서울특별시 강동구 암사동 495-102번지
11740,10700,0,0495,0103,,,표제부,공동주택,"공동주택(다세대주택),근린생활시설",156.66,91.79,355.02,20150916,5,1,서울특별시 강동구 암사동 495-103번지
11740,10700,0,0495,0104,,,표제부,공동주택,"공동주택,다세대주택",153,91.68,373.28,20040421,5,0,서울특별시 강동구 암사동 495-104번지
11740,10700,0,0495,0105,,,일반건축물,제2종근린생활시설,제2종근린생활시설 외2,204,121.4,613.83,20041118,5,1,서울특별시 강동구 암사동 495-105번지
11740,10700,0,0496,0000,,,일반건축물,제1종근린생활시설,"대중음식점, 다방, 독서실, 약국, 점포, 제과점",0,402.28,1256.66,19810223,2,1,서울특별시 강동구 암사동 496번지
11740,10700,0,0496,0002,,,일반건축물,제1종근린생활시설,"근린생활시설, 단독주택",836.6,446.54,2191.1,19790220,5,1,서울특별시 강동구 암사동 496-2번지
11740,10700,0,0496,0003,,,일반건축물,제1종근린생활시설,"업무시설,근린생활시설,노유자시설",702.3,365.24,1696.68,19800628,4,1,서울특별시 강동구 암사동 496-3번지
11740,10700,0,0496,0004,,,일반건축물,제2종근린생활시설,"제2종근린생활시설(고시원,대중음식점)",0,116.92,505.51,19810826,3,1,서울특별시 강동구 암사동 496-4번지
11740,10700,0,0496,0005,,,일반건축물,단독주택,다가구주택,158.2,94.85,332.05,20021030,3,1,서울특별시 강동구 암사동 496-5번지
11740,10700,0,0496,0006,,,일반건축물,단독주택,다가구주택,180.1,104.22,358.56,20021104,3,1,서울특별시 강동구 암사동 496-6번지
11740,10700,0,0496,0008,,,표제부,공동주택,다세대주택,165.8,93.15,353.13,20121010,5,0,서울특별시 강동구 암사동 496-8번지
11740,10700,0,0496,0009,삼성아트빌,,표제부,공동주택,다세대주택,339.6,202.92,659.51,20100920,5,0,서울특별시 강동구 암사동 496-9번지
11740,10700,0,0496,0011,이놀스퀘어,,일반건축물,제2종근린생활시설,"근린생활시설, 사무소, 주택",424.3,197.85,864.78,19811006,4,1,서울특별시 강동구 암사동 496-11번지
11740,10700,0,0496,0012,,,일반건축물,제1종근린생활시설,"근린생활시설, 주택",601.9,300.04,927.53,19791204,2,1,서울특별시 강동구 암사동 496-12번지
11740,10700,0,0496,0014,,,일반건축물,단독주택,"주택, 근린생활시설",283.5,134.23,429.69,19791227,3,1,서울특별시 강동구 암사동 496-14번지
11740,10700,0,0496,0015,,,일반건축물,제1종근린생활시설,제2종근린생활시설,0,139.31,378.19,19800530,2,1,서울특별시 강동구 암사동 496-15번지
11740,10700,0,0496,0016,,,일반건축물,제1종근린생활시설,"제2종근린생활시설(점포,대중음식점,사무소)",270.9,140.56,485.84,19800725,3,1,서울특별시 강동구 암사동 496-16번지
11740,10700,0,0496,0017,,,일반건축물,제1종근린생활시설,근린생활시설,0,209.98,670.36,19800616,3,1,서울특별시 강동구 암사동 496-17번지
11740,10700,0,0496,0018,,,일반건축물,제1종근린생활시설,"근린생활시설,주택",0,237.09,789.82,19781013,3,1,서울특별시 강동구 암사동 496-18번지
11740,10700,0,0496,0019,,,표제부,공동주택,다세대주택,218,83.66,249.72,19901101,2,1,서울특별시 강동구 암사동 496-19번지
11740,10700,0,0496,0020,,,일반건축물,단독주택,다가구용단독주택(8가구),206.7,123.93,306.51,19930518,2,1,서울특별시 강동구 암사동 496-20번지
11740,10700,0,0496,0021,,,표제부,공동주택,"제2종근린생활시설,다세대주택(7)",208.4,124.32,411.63,20080205,5,0,서울특별시 강동구 암사동 496-21번지
11740,10700,0,0496,0026,,,일반건축물,제2종근린생활시설,근린생활시설,104.2,59.45,228.14,19831118,4,1,서울특별시 강동구 암사동 496-26번지
11740,10700,0,0496,0027,,,일반건축물,단독주택,"주택, 점포",167.6,83.42,326.29,19900928,3,1,서울특별시 강동구 암사동 496-27번지
11740,10700,0,0496,0028,,,일반건축물,제1종근린생활시설,"단독주택,근린생활시설",0,169.85,374.77,19780116,2,1,서울특별시 강동구 암사동 496-28번지
11740,10700,0,0496,0030,,,일반건축물,단독주택,단독주택,0,59.01,177.03,19880909,2,1,서울특별시 강동구 암사동 496-30번지
11740,10700,0,0496,0031,,,일반건축물,단독주택,"근린생활시설, 주택",136.42,67.89,353.55,19910810,4,1,서울특별시 강동구 암사동 496-31번지
11740,10700,0,0496,0032,1,,일반건축물,단독주택,근생 및 다가구주택,158.1,94.62,329.96,20120105,5,0,서울특별시 강동구 암사동 496-32번지
11740,10700,0,0496,0033,,,일반건축물,단독주택,단독주택,118.7,59.04,184.07,19880726,2,1,서울특별시 강동구 암사동 496-33번지
11740,10700,0,0496,0034,,,일반건축물,단독주택,주택,0,60.41,187.96,19880620,2,1,서울특별시 강동구 암사동 496-34번지
11740,10700,0,0496,0035,정인빌딩,,일반건축물,제1종근린생활시설,근린생활시설,0,148,593.35,19791217,3,1,서울특별시 강동구 암사동 496-35번지
11740,10700,0,0496,0037,,,일반건축물,제1종근린생활시설,"근린생활시설, 다가구주택",263.8,132.88,751.24,19890822,5,1,서울특별시 강동구 암사동 496-37번지
11740,10700,0,0496,0039,,,일반건축물,단독주택,"주택, 근린생활시설",0,70.91,157.03,19780705,2,1,서울특별시 강동구 암사동 496-39번지
11740,10700,0,0496,0040,,,일반건축물,제1종근린생활시설,"단독주택, 근린생활시설(소매점)",174.6,89.61,180.15,19831114,2,1,서울특별시 강동구 암사동 496-40번지
11740,10700,0,0496,0041,영암빌딩,,표제부,공동주택,공동주택(다세대주택)외1,414.5,247.16,1530.57,20050909,6,1,서울특별시 강동구 암사동 496-41번지
11740,10700,0,0496,0043,,,일반건축물,숙박시설,"이발소, 여관",0,108.63,447.94,19810915,3,1,서울특별시 강동구 암사동 496-43번지
11740,10700,0,0496,0044,,,일반건축물,단독주택,다가구용단독주택,187.4,112.28,376.89,19960706,3,1,서울특별시 강동구 암사동 496-44번지
11740,10700,0,0496,0045,,,일반건축물,단독주택,"주택, 점포",0,0,170.22,19800721,2,1,서울특별시 강동구 암사동 496-45번지
11740,10700,0,0496,0046,,,일반건축물,단독주택,"다가구주택,제1종근린생활시설",166.4,98.98,329.72,20110525,4,0,서울특별시 강동구 암사동 496-46번지
11740,10700,0,0496,0047,,,일반건축물,단독주택,"주택, 점포",166,81.59,220.82,19800812,3,1,서울특별시 강동구 암사동 496-47번지
11740,10700,0,0496,0048,알라케아앤시티워크,,표제부,공동주택,공동주택(도시형생활주택 원룸형),486.1,44.39,130.26,20130529,3,0,서울특별시 강동구 암사동 496-48번지
11740,10700,0,0496,0048,알라케아앤시티워크,,표제부,공동주택,"공동주택(다세대주택),근린생활시설",486.1,243.44,695.14,20130529,5,0,서울특별시 강동구 암사동 496-48번지
11740,10700,0,0497,0000,,,일반건축물,제1종근린생활시설,근린생활시설,289.6,155.68,292.51,19800304,2,0,서울특별시 강동구 암사동 497번지
11740,10700,0,0497,0001,,,일반건축물,제2종근린생활시설,"근린생활시설, 주택",863.1,424.2,1754.88,19860917,4,1,서울특별시 강동구 암사동 497-1번지
11740,10700,0,0497,0002,,,일반건축물,단독주택,다가구용단독주택(8가구),231.5,129.18,329.89,19960826,3,1,서울특별시 강동구 암사동 497-2번지
11740,10700,0,0497,0003,,,표제부,공동주택,다세대주택,0,106.14,305.46,19870602,2,1,서울특별시 강동구 암사동 497-3번지
11740,10700,0,0497,0004,라온누리,,표제부,공동주택,공동주택,224.4,133.36,479.46,20120824,5,0,서울특별시 강동구 암사동 497-4번지
11740,10700,0,0497,0006,한건브리앙아파트,,표제부,공동주택,공동주택(아파트),1446.7,477.21,4911.24,20041117,9,1,서울특별시 강동구 암사동 497-6번지
11740,10700,0,0497,0006,한건브리앙아파트,,표제부,공동주택,경비실,0,12.32,12.32,20041118,1,0,서울특별시 강동구 암사동 497-6번지
11740,10700,0,0497,0007,암사동 빌딩,,일반건축물,제2종근린생활시설,"제1종,제2종근린생활시설,다가구주택",257.2,152.81,746.73,20040115,5,0,서울특별시 강동구 암사동 497-7번지
11740,10700,0,0497,0008,,,일반건축물,단독주택,단독주택(다가구주택) 외1,243.5,93.68,249.18,19781215,2,1,서울특별시 강동구 암사동 497-8번지
11740,10700,0,0497,0009,,,일반건축물,단독주택,다가구용단독주택(9가구),218,130.13,508.97,19960808,3,1,서울특별시 강동구 암사동 497-9번지
11740,10700,0,0497,0010,,,일반건축물,단독주택,주택,0,64.99,152.96,19781228,2,1,서울특별시 강동구 암사동 497-10번지
11740,10700,0,0497,0011,동녁 빌라트,,표제부,공동주택,다세대주택,224.1,134.01,462.46,20021206,5,0,서울특별시 강동구 암사동 497-11번지
11740,10700,0,0497,0012,,,일반건축물,단독주택,다가구용단독주택(11가구),230.5,135.8,479.67,19930326,3,1,서울특별시 강동구 암사동 497-12번지
11740,10700,0,0497,0014,,,일반건축물,제1종근린생활시설,제1종근린생활시설 외1,384.2,191.9,1084.95,19900925,5,1,서울특별시 강동구 암사동 497-14번지
11740,10700,0,0497,0016,,,일반건축물,단독주택,단독주택(다가구주택)외1,160,87.42,319.18,20050202,4,0,서울특별시 강동구 암사동 497-16번지
11740,10700,0,0497,0017,,,일반건축물,제1종근린생활시설,"근린생활시설, 주택",0,78.24,405.39,19890814,4,1,서울특별시 강동구 암사동 497-17번지
11740,10700,0,0497,0018,,,표제부,공동주택,다세대주택,322.6,138,659.2,19920115,4,1,서울특별시 강동구 암사동 497-18번지
11740,10700,0,0497,0019,,,표제부,공동주택,다세대주택,322.6,138,659.2,19920127,4,1,서울특별시 강동구 암사동 497-19번지
11740,10700,0,0497,0020,,,표제부,공동주택,다세대주택,322.6,138.2,659.2,19920113,4,1,서울특별시 강동구 암사동 497-20번지
11740,10700,0,0497,0021,,,일반건축물,제2종근린생활시설,제2종근린생활시설 외1,165.8,95.79,329.74,20050202,4,0,서울특별시 강동구 암사동 497-21번지
11740,10700,0,0498,0000,,,표제부,공동주택,공동주택(다세대주택)외1,168,99.98,385.85,20040831,4,0,서울특별시 강동구 암사동 498번지
11740,10700,0,0498,0001,,,일반건축물,단독주택,다가구주택(8가구),195.3,117.15,458.85,19960719,3,1,서울특별시 강동구 암사동 498-1번지
11740,10700,0,0498,0003,,,일반건축물,단독주택,단독주택,165.5,82.51,248.39,19880111,2,1,서울특별시 강동구 암사동 498-3번지
11740,10700,0,0498,0004,작은도시,,표제부,공동주택,공동주택(단지형다세대주택),183.2,109.72,330.6,20160318,5,0,서울특별시 강동구 암사동 498-4번지
11740,10700,0,0498,0005,,,일반건축물,단독주택,단독주택,188,86.83,246.45,19900629,2,1,서울특별시 강동구 암사동 498-5번지
11740,10700,0,0498,0006,,,일반건축물,단독주택,다가구용단독주택(7가구),196.9,117.81,465.55,19961230,3,1,서울특별시 강동구 암사동 498-6번지
11740,10700,0,0498,0007,,,표제부,공동주택,"공동주택,다세대주택",259.2,154.21,569.84,20040614,4,0,서울특별시 강동구 암사동 498-7번지
11740,10700,0,0498,0008,,,일반건축물,단독주택,다가구용단독주택(7가구),182.2,101.3,375.04,19970503,3,1,서울특별시 강동구 암사동 498-8번지
11740,10700,0,0498,0009,페어팩스빌리지,,표제부,공동주택,다세대주택,184.4,109.94,366.5,20141024,5,0,서울특별시 강동구 암사동 498-9번지
11740,10700,0,0498,0010,,,일반건축물,단독주택,"다가구주택,제2종근린생활시설",187.1,110.59,369.26,20230531,4,0,서울특별시 강동구 암사동 498-10번지
11740,10700,0,0498,0011,,,표제부,공동주택,공동주택(도시형생활주택),269.5,154.7,538.38,20140418,6,0,서울특별시 강동구 암사동 498-11번지
11740,10700,0,0498,0012,,,표제부,공동주택,다세대주택,259.6,154.76,575.43,20020620,5,0,서울특별시 강동구 암사동 498-12번지
11740,10700,0,0498,0013,,,일반건축물,단독주택,다가구주택,197.4,113.64,383.58,20020718,3,1,서울특별시 강동구 암사동 498-13번지
11740,10700,0,0498,0014,,,표제부,공동주택,공동주택(다세대주택),230.1,137.6,530.06,20030707,5,0,서울특별시 강동구 암사동 498-14번지
11740,10700,0,0498,0015,,,일반건축물,단독주택,"근린생활시설, 주택",265.4,130.31,260.62,19791015,1,1,서울특별시 강동구 암사동 498-15번지
11740,10700,0,0498,0017,,,일반건축물,단독주택,단독주택,164.5,97.76,356.38,20020709,3,1,서울특별시 강동구 암사동 498-17번지
11740,10700,0,0498,0018,,,표제부,공동주택,"근린생활시설, 다세대주택",187.4,111.72,494.52,20021202,5,0,서울특별시 강동구 암사동 498-18번지
11740,10700,0,0498,0019,,,일반건축물,단독주택,"근린생활시설, 주택",204.8,122.87,583.75,19920729,5,1,서울특별시 강동구 암사동 498-19번지
11740,10700,0,0498,0020,,,일반건축물,제1종근린생활시설,"근린생활시설, 단독주택",178.9,106.5,382.56,19980922,4,1,서울특별시 강동구 암사동 498-20번지
11740,10700,0,0498,0022,,,표제부,공동주택,공동주택(다세대주택),167.4,100.01,317.22,20031217,4,0,서울특별시 강동구 암사동 498-22번지
11740,10700,0,0498,0023,,,일반건축물,단독주택,주택,0,76.3,213.96,19800719,2,1,서울특별시 강동구 암사동 498-23번지
11740,10700,0,0498,0024,,,일반건축물,단독주택,"근린생활시설, 주택(3가구)",168,83.52,391.5,19930811,4,1,서울특별시 강동구 암사동 498-24번지
11740,10700,0,0498,0025,유정스위트빌,,표제부,공동주택,다세대주택,237.7,141.96,473.99,20141024,5,0,서울특별시 강동구 암사동 498-25번지
11740,10700,0,0498,0026,,,일반건축물,단독주택,다가구주택,296.5,172.04,570.74,20011115,3,1,서울특별시 강동구 암사동 498-26번지
11740,10700,0,0498,0028,미래 빌,,표제부,공동주택,공동주택(다세대주택),386.7,201.03,659.68,20061013,5,0,서울특별시 강동구 암사동 498-28번지
11740,10700,0,0499,0000,,,일반건축물,제1종근린생활시설,"주택,근린생활시설",0,0,446.4,19870409,3,1,서울특별시 강동구 암사동 499번지
11740,10700,0,0499,0001,,,일반건축물,단독주택,주택,0,99.27,186.67,19781102,2,1,서울특별시 강동구 암사동 499-1번지
11740,10700,0,0499,0001,,,일반건축물,제1종근린생활시설,제1종근린생활시설 외1,0,233.79,555.12,19781102,2,1,서울특별시 강동구 암사동 499-1번지
11740,10700,0,0499,0002,,,일반건축물,단독주택,주택,0,77.19,150.71,19790911,2,1,서울특별시 강동구 암사동 499-2번지
11740,10700,0,0499,0003,,,일반건축물,제1종근린생활시설,"근린생활시설, 주택",177.3,87.81,384.72,19920619,3,1,서울특별시 강동구 암사동 499-3번지
11740,10700,0,0499,0005,,,일반건축물,단독주택,다가구용단독주택,175.7,105.38,405.04,19960410,3,1,서울특별시 강동구 암사동 499-5번지
11740,10700,0,0499,0006,풍향루,,표제부,공동주택,공동주택,168.7,98.75,262.82,20140605,5,0,서울특별시 강동구 암사동 499-6번지
11740,10700,0,0499,0007,에코빌,,표제부,공동주택,다세대주택,228.5,110.98,366.86,20100325,5,0,서울특별시 강동구 암사동 499-7번지
11740,10700,0,0499,0008,,,일반건축물,단독주택,단독주택,174.4,86.56,249.9,19880520,2,1,서울특별시 강동구 암사동 499-8번지
11740,10700,0,0499,0009,,,일반건축물,제1종근린생활시설,"근린생활시설, 주택",202.8,99.84,494.56,19930830,4,1,서울특별시 강동구 암사동 499-9번지
11740,10700,0,0499,0010,,,일반건축물,단독주택,단독주택,176.7,82.04,247.32,19880620,2,1,서울특별시 강동구 암사동 499-10번지
11740,10700,0,0499,0011,,,일반건축물,단독주택,단독주택(다가구주택)외1,291.9,170.42,581.93,20050704,4,0,서울특별시 강동구 암사동 499-11번지
11740,10700,0,0499,0012,,,일반건축물,제2종근린생활시설,"근린생활시설, 단독주택",493.5,246.4,1364.84,19901214,5,1,서울특별시 강동구 암사동 499-12번지
11740,10700,0,0499,0013,,,표제부,공동주택,공동주택(다세대주택),209.6,121.04,387.57,20070911,5,0,서울특별시 강동구 암사동 499-13번지
11740,10700,0,0499,0014,,,일반건축물,단독주택,"근린생활시설, 주택",0,100.44,391.41,19870418,3,1,서울특별시 강동구 암사동 499-14번지
11740,10700,0,0499,0015,만민하늘애,,표제부,공동주택,도시형생활주택(단지형다세대),1093,185.96,659.62,20200106,6,0,서울특별시 강동구 암사동 499-15번지
11740,10700,0,0499,0015,만민하늘애,,표제부,공동주택,"도시형생활주택(단지형다세대),제1종근린생활시설",1093,215.89,703.44,20200106,6,0,서울특별시 강동구 암사동 499-15번지
11740,10700,0,0499,0015,만민하늘애,,표제부,공동주택,도시형생활주택(단지형다세대),1093,188.22,659.55,20200106,6,0,서울특별시 강동구 암사동 499-15번지
11740,10700,0,0500,0000,,,일반건축물,제1종근린생활시설,근린생활시설,606.1,271.05,1216.07,19781010,4,1,서울특별시 강동구 암사동 500번지
11740,10700,0,0500,0001,미래빌딩,,일반건축물,제1종근린생활시설,"제1종, 2종근린생활시설",803.7,481.54,2406.46,19820605,4,1,서울특별시 강동구 암사동 500-1번지
11740,10700,0,0500,0002,,,일반건축물,제1종근린생활시설,"제1,2종근린생활시설",362.5,196.3,830.71,19800714,4,1,서울특별시 강동구 암사동 500-2번지
11740,10700,0,0500,0003,,,일반건축물,제1종근린생활시설,제1종근린생활시설,361.1,215.84,364.01,19920711,2,1,서울특별시 강동구 암사동 500-3번지
11740,10700,0,0500,0004,,,일반건축물,제1종근린생활시설,"업무시설, 근린생활시설",0,226.8,1011.36,19840330,3,1,서울특별시 강동구 암사동 500-4번지
11740,10700,0,0500,0005,,,일반건축물,제2종근린생활시설,제2종근린생활시설 외2,231.2,113.47,658.42,19940614,5,1,서울특별시 강동구 암사동 500-5번지
11740,10700,0,0500,0006,,,표제부,공동주택,공동주택(다세대주택),197.5,118.02,455.4,20031204,5,0,서울특별시 강동구 암사동 500-6번지
11740,10700,0,0500,0007,,,표제부,공동주택,"공동주택,다세대주택",199,118.03,463.54,20041231,5,0,서울특별시 강동구 암사동 500-7번지
11740,10700,0,0500,0008,,,표제부,공동주택,공동주택(다세대주택),197.2,116.81,452.83,20041227,5,0,서울특별시 강동구 암사동 500-8번지
11740,10700,0,0500,0009,,,표제부,업무시설,업무시설(오피스텔),287.2,172.14,954.25,20040719,6,0,서울특별시 강동구 암사동 500-9번지
11740,10700,0,0500,0010,,,표제부,업무시설,업무시설(오피스텔),229.1,135.03,830.2,20051130,7,0,서울특별시 강동구 암사동 500-10번지
11740,10700,0,0500,0011,동서빌라8차,,표제부,공동주택,"공동주택,다세대주택",229.6,136.64,563.94,20040204,5,0,서울특별시 강동구 암사동 500-11번지
11740,10700,0,0500,0012,,,일반건축물,제2종근린생활시설,"근린생활시설, 주택",257.1,128.48,680.915,19911230,4,1,서울특별시 강동구 암사동 500-12번지
11740,10700,0,0500,0014,LaForet,,표제부,업무시설,부설주차장,0,0,347.2,20230329,1,2,서울특별시 강동구 암사동 500-14번지
11740,10700,0,0500,0014,LaForet,,표제부,업무시설,"업무시설,도시형생활주택(단지형다세대주택),제2종근린생활시설",0,265.73,1636.14,20230324,9,0,서울특별시 강동구 암사동 500-14번지
11740,10700,0,0500,0014,LaForet,,표제부,업무시설,기계전기실,0,0,83.67,20230329,1,2,서울특별시 강동구 암사동 500-14번지
11740,10700,0,0500,0014,LaForet,,표제부,업무시설,"업무시설,도시형생활주택(단지형다세대주택),제1종근린생활시설",0,208.72,1684.43,20230324,8,2,서울특별시 강동구 암사동 500-14번지
11740,10700,0,0500,0015,드림팰리스,,표제부,제2종근린생활시설,"제2종근린생활시설,다세대주택",182.7,109.5,599.36,20160112,8,0,서울특별시 강동구 암사동 500-15번지
11740,10700,0,0500,0016,S.H빌딩,,일반건축물,제2종근린생활시설,2종근생(고시원) 및 단독주택,258.3,154.4,879.39,20111209,6,0,서울특별시 강동구 암사동 500-16번지
11740,10700,0,0500,0017,,,일반건축물,제1종근린생활시설,"근린생활시설,주택",153.9,91.95,151.82,19791010,2,0,서울특별시 강동구 암사동 500-17번지
11740,10700,0,0500,0018,,,일반건축물,제1종근린생활시설,근린생활시설,0,16,16,20020403,1,0,서울특별시 강동구 암사동 500-18번지
11740,10700,0,0500,0018,,,일반건축물,단독주택,주택,0,75.67,155.7,19791010,2,1,서울특별시 강동구 암사동 500-18번지
11740,10700,0,0500,0019,,,일반건축물,제2종근린생활시설,"제2종근린생활시설(고시원,사무소)",194.5,113.92,701.98,20100708,7,0,서울특별시 강동구 암사동 500-19번지
11740,10700,0,0500,0020,태창빌라트,,일반건축물,제2종근린생활시설,"제2종근린생활시설,다가구주택",178.2,101.46,564.12,20110506,7,0,서울특별시 강동구 암사동 500-20번지
11740,10700,0,0500,0021,,,일반건축물,제1종근린생활시설,제1.2종근린생활시설,409.1,202.2,995.57,19910916,4,1,서울특별시 강동구 암사동 500-21번지
11740,10700,0,0500,0023,LS지산빌딩,,표제부,제1종근린생활시설,제1종근린생활시설/운동시설(체력단련장),600.11,359.93,2953.78,20210618,7,2,서울특별시 강동구 암사동 500-23번지
11740,10700,0,0500,0025,1,,일반건축물,단독주택,제1종근린생활시설.주택.점포,293.9,162.75,339.18,,2,1,서울특별시 강동구 암사동 500-25번지
11740,10700,0,0500,0027,,,일반건축물,제1종근린생활시설,"근린생활시설, 주택",0,91.86,507.7,19870822,4,1,서울특별시 강동구 암사동 500-27번지
11740,10700,0,0500,0028,,,일반건축물,단독주택,"근린생활시설, 단독주택",0,100.45,422.32,19870822,4,1,서울특별시 강동구 암사동 500-28번지
11740,10700,0,0500,0029,,,일반건축물,단독주택,"근린생활시설, 단독주택",0,100.45,422.21,19870822,4,1,서울특별시 강동구 암사동 500-29번지
11740,10700,0,0500,0031,,,일반건축물,제2종근린생활시설,"제2종근린생활시설,단독주택(다중주택)",138,82.56,541.07,20221220,8,1,서울특별시 강동구 암사동 500-31번지
11740,10700,0,0501,0000,제이엘타워,,일반건축물,제1종근린생활시설,"의원, 체력단련장",778.8,447.07,3347.98,20240806,7,2,서울특별시 강동구 암사동 501번지
11740,10700,0,0501,0001,,,일반건축물,제1종근린생활시설,제1종근린생활시설 외1,891.5,527.95,2980.36,19840120,5,1,서울특별시 강동구 암사동 501-1번지
11740,10700,0,0501,0002,,,일반건축물,제2종근린생활시설,"근린생활시설, 사무실",0,249.09,996.36,19801126,3,1,서울특별시 강동구 암사동 501-2번지
11740,10700,0,0501,0003,,,일반건축물,제2종근린생활시설,근린생활시설,527.2,315.52,1247.92,19800920,4,1,서울특별시 강동구 암사동 501-3번지
11740,10700,0,0501,0004,암사동양덱스빌,,표제부,판매시설,"아파트, 근린생활시설, 판매시설,업무시설,교육연구시설",0,1150.3,14568.47,19990527,16,5,서울특별시 강동구 암사동 501-4번지
11740,10700,0,0501,0005,,,일반건축물,단독주택,"주택, 점포",0,97.49,209,19810829,2,1,서울특별시 강동구 암사동 501-5번지
11740,10700,0,0501,0006,,,표제부,공동주택,다세대주택,165.3,80.41,245.44,19901005,2,1,서울특별시 강동구 암사동 501-6번지
11740,10700,0,0501,0007,드림하우스,,표제부,공동주택,다세대주택(도시형생활주택)외 1,165.3,98.64,596.66,20120323,8,0,서울특별시 강동구 암사동 501-7번지
11740,10700,0,0501,0008,,,표제부,업무시설,"업무시설,근린생활시설",268.8,156.76,989.19,20030612,6,1,서울특별시 강동구 암사동 501-8번지
11740,10700,0,0501,0010,암사 메디파크,,일반건축물,의료시설,의료시설(요양병원),522,312.83,2796.55,20080530,9,3,서울특별시 강동구 암사동 501-10번지
11740,10700,0,0501,0012,,,일반건축물,제1종근린생활시설,"주택, 근린생활시설",0,135.15,576.83,19861110,3,1,서울특별시 강동구 암사동 501-12번지
11740,10700,0,0501,0013,남양,,일반건축물,제1종근린생활시설,"근린생활시설, 주택",195.7,96.56,488.7,19930205,4,1,서울특별시 강동구 암사동 501-13번지
11740,10700,0,0501,0014,,,일반건축물,제1종근린생활시설,"근린생활시설, 주택",195.1,97.5,494.86,19930828,4,1,서울특별시 강동구 암사동 501-14번지
11740,10700,0,0501,0015,,,일반건축물,제1종근린생활시설,근린생활시설,0,233.94,958.64,19850617,3,1,서울특별시 강동구 암사동 501-15번지
11740,10700,0,0501,0016,,,일반건축물,제1종근린생활시설,근린생활시설,569.5,274.85,987.65,19840114,3,1,서울특별시 강동구 암사동 501-16번지
11740,10700,0,0501,0017,,,일반건축물,제1종근린생활시설,근린생활시설,0,118.3,354.9,19830512,2,1,서울특별시 강동구 암사동 501-17번지
11740,10700,0,0501,0018,,,일반건축물,제1종근린생활시설,"사무실, 근린생활시설",0,500.96,1206.51,19801231,3,1,서울특별시 강동구 암사동 501-18번지
11740,10700,0,0501,0019,강동리시온,,표제부,업무시설,"업무시설(오피스텔),근린생활시설",783.2,469.66,2580.4,19801029,5,1,서울특별시 강동구 암사동 501-19번지
11740,10700,0,0501,0020,,,일반건축물,제2종근린생활시설,"제1,2종근린생활시설,주택",253.1,126.05,279.08,19800605,2,1,서울특별시 강동구 암사동 501-20번지
11740,10700,0,0501,0021,서울오피스텔,,표제부,업무시설,업무시설(오피스텔),195.1,116.28,617.25,20021030,7,0,서울특별시 강동구 암사동 501-21번지
11740,10700,0,0501,0022,,,일반건축물,업무시설,업무시설 외1,195.1,116.39,687.66,20030611,6,1,서울특별시 강동구 암사동 501-22번지
11740,10700,0,0501,0024,예지빌딩,,일반건축물,제1종근린생활시설,"제1,2종근린생활시설",0,286.8,1101.03,19811231,3,1,서울특별시 강동구 암사동 501-24번지
11740,10700,0,0501,0025,신협타워,,일반건축물,업무시설,금융업소,415.3,248.92,1816.96,20250701,8,1,서울특별시 강동구 암사동 501-25번지
11740,10700,0,0502,0000,,,일반건축물,제2종근린생활시설,"근린생활시설, 주택",0,114.4,717.36,19891228,5,1,서울특별시 강동구 암사동 502번지
11740,10700,0,0502,0001,,,일반건축물,단독주택,"주택, 점포",0,94.82,199.77,19781025,2,1,서울특별시 강동구 암사동 502-1번지
11740,10700,0,0502,0002,,,일반건축물,제2종근린생활시설,근린생활시설,218.2,116.27,512.43,19891222,4,1,서울특별시 강동구 암사동 502-2번지
11740,10700,0,0502,0003,서일빌딩,,표제부,업무시설,업무시설(오피스텔),256.7,153.9,1038.44,20080721,7,1,서울특별시 강동구 암사동 502-3번지
11740,10700,0,0502,0004,암사동 정웅빌딩,,일반건축물,제2종근린생활시설,제1종.2종근린생활시설,333.6,200.06,1313.72,20050608,6,2,서울특별시 강동구 암사동 502-4번지
11740,10700,0,0502,0005,,,일반건축물,제1종근린생활시설,근린생활시설,0,218.02,703.34,19800305,2,1,서울특별시 강동구 암사동 502-5번지
11740,10700,0,0502,0006,기계식주차장,,표제부,자동차관련시설,"자동차관련시설,기계식주차장",0,29.83,29.83,20040216,1,0,서울특별시 강동구 암사동 502-6번지
11740,10700,0,0502,0006,암사동대림빌딩,,표제부,제2종근린생활시설,"제1종,제2종근린생활시설",396.8,236.22,1594.7,20040216,7,1,서울특별시 강동구 암사동 502-6번지
11740,10700,0,0502,0007,,,일반건축물,제2종근린생활시설,근린생활시설,205.2,122.55,490.2,19960918,3,1,서울특별시 강동구 암사동 502-7번지
11740,10700,0,0502,0008,,,일반건축물,제2종근린생활시설,"제2종근린생활시설,단독주택(다가구3)",157.1,93.74,369.86,20080313,5,0,서울특별시 강동구 암사동 502-8번지
11740,10700,0,0502,0009,미랜드 퀸,,표제부,공동주택,공동주택(다세대주택),159.7,94.94,341.14,20071024,5,0,서울특별시 강동구 암사동 502-9번지
11740,10700,0,0502,0010,,,일반건축물,단독주택,다가구주택(5가구),176.4,105,437.7,20070906,5,0,서울특별시 강동구 암사동 502-10번지
11740,10700,0,0502,0011,,,일반건축물,제2종근린생활시설,제2종근린생활시설,204,116.79,597.81,20051124,6,0,서울특별시 강동구 암사동 502-11번지
11740,10700,0,0502,0013,암사오피스텔,,표제부,업무시설,"업무시설,제2종근린생활시설",322,191.06,1287.86,20100104,8,1,서울특별시 강동구 암사동 502-13번지
11740,10700,0,0502,0014,,,일반건축물,단독주택,주택,0,58.68,117.36,19790701,1,1,서울특별시 강동구 암사동 502-14번지
11740,10700,0,0502,0015,작은도시 Login,,표제부,공동주택,"도시형생활주택,제2종근린생활시설",148.9,88,570.44,20210702,8,1,서울특별시 강동구 암사동 502-15번지
11740,10700,0,0502,0016,부흥빌라,,일반건축물,제2종근린생활시설,"고시원,다가구주택",170,100.41,548.24,20110727,7,0,서울특별시 강동구 암사동 502-16번지
11740,10700,0,0502,0017,,,일반건축물,제1종근린생활시설,근린생활시설,0,189.75,714.34,19810630,3,1,서울특별시 강동구 암사동 502-17번지
11740,10700,0,0502,0018,,,표제부,근린생활시설,"점포, 사무실, 의원",0,0,875.35,19811107,3,1,서울특별시 강동구 암사동 502-18번지
11740,10700,0,0502,0019,,,일반건축물,제2종근린생활시설,"근린생활시설, 업무시설",0,0,2176.69,19831119,4,1,서울특별시 강동구 암사동 502-19번지
11740,10700,0,0502,0020,우리들 클리닉,,표제부,제1종근린생활시설,제1종근린생활시설외1,432.1,259.02,1601.31,20040818,6,1,서울특별시 강동구 암사동 502-20번지
11740,10700,0,0502,0021,,,표제부,제1종근린생활시설,제1종근린생활시설,331.2,176.74,1252.62,20040319,6,1,서울특별시 강동구 암사동 502-21번지
11740,10700,0,0502,0022,이에스타워,,일반건축물,제1종근린생활시설,"근린생활시설, 주택",368.3,184.02,1249.56,19910328,6,1,서울특별시 강동구 암사동 502-22번지
11740,10700,0,0502,0023,가야파크타운,,일반건축물,제2종근린생활시설,"제2종근린생활시설(고시원), 다가구주택",148.9,88.99,480.33,20100615,7,0,서울특별시 강동구 암사동 502-23번지
11740,10700,0,0503,0000,,,표제부,근린생활시설,"점포, 주택",0,0,693.72,19780904,3,1,서울특별시 강동구 암사동 503번지
11740,10700,0,0503,0001,,,일반건축물,제2종근린생활시설,"근린생활시설, 단독주택",183,103.28,417,19870428,4,1,서울특별시 강동구 암사동 503-1번지
11740,10700,0,0503,0003,신창교회,,일반건축물,종교시설,"종교시설(교회), 주택",456.1,224.23,1040.4,19971114,4,2,서울특별시 강동구 암사동 503-3번지
11740,10700,0,0503,0004,,,표제부,공동주택,도시형생활주택(단지형),207.6,124.38,595.03,20150522,6,0,서울특별시 강동구 암사동 503-4번지
11740,10700,0,0503,0005,,,표제부,공동주택,"다세대주택(도시형생활주택, 원룸형), 오피스텔, 제2종근생(사무소)",220.3,127.74,789.26,20111005,7,1,서울특별시 강동구 암사동 503-5번지
11740,10700,0,0503,0006,대은 팰리스뷰,,표제부,공동주택,공동주택(아파트),635.9,245.26,2302.23,20070328,10,1,서울특별시 강동구 암사동 503-6번지
11740,10700,0,0503,0009,로뎀하우스,,표제부,공동주택,업무시설 및 다세대주택(도시형생활주택),198.7,118.68,639.33,20111222,8,0,서울특별시 강동구 암사동 503-9번지
11740,10700,0,0503,0010,,,표제부,공동주택,근생 및 다세대주택,336.11,198.22,997.77,20111207,6,0,서울특별시 강동구 암사동 503-10번지
11740,10700,0,0503,0012,,,일반건축물,제2종근린생활시설,근린생활시설,181.4,107.93,542.14,20020927,6,0,서울특별시 강동구 암사동 503-12번지
11740,10700,0,0503,0014,,,일반건축물,제2종근린생활시설,"근린생활시설, 주택",244.5,119.49,642.06,19940128,5,1,서울특별시 강동구 암사동 503-14번지
11740,10700,0,0503,0015,,,일반건축물,단독주택,다가구용단독주택(7가구),191.8,114.87,315.81,19930927,2,1,서울특별시 강동구 암사동 503-15번지
11740,10700,0,0503,0016,,,표제부,공동주택,도시형생활주택(단지형다세대),203.9,121.94,541.86,20131108,6,0,서울특별시 강동구 암사동 503-16번지
11740,10700,0,0503,0019,광에비뉴,,표제부,공동주택,"근린생활시설,공동주택(도시형생활주택-단지형다세대)",182.3,109.15,624.33,20161202,8,0,서울특별시 강동구 암사동 503-19번지
11740,10700,0,0503,0020,,,표제부,제1종근린생활시설,"제1,2종근린생활시설,다세대주택",581.1,344.11,2293.95,20191115,6,2,서울특별시 강동구 암사동 503-20번지
11740,10700,0,0503,0021,,,일반건축물,제2종근린생활시설,제1.2종근린생활시설,642.7,302.4,672.3,19911205,2,1,서울특별시 강동구 암사동 503-21번지
11740,10700,0,0503,0022,내호빌딩,,일반건축물,제1종근린생활시설,제1.2종근린생활시설,414.4,204.48,1087.72,19891006,4,1,서울특별시 강동구 암사동 503-22번지
11740,10700,0,0503,0023,태성프라자,,표제부,제1종근린생활시설,제1종근린생활시설 외2,1090,587.75,5654.82,20051226,6,3,서울특별시 강동구 암사동 503-23번지
11740,10700,0,0503,0024,현운재,,표제부,공동주택,"다세대주택,업무시설(오피스텔)",159.4,94.9,532.1,20171109,8,0,서울특별시 강동구 암사동 503-24번지
11740,10700,0,0503,0025,,,일반건축물,단독주택,다가구용단독주택(7가구),159.5,94.53,324.34,19930716,3,1,서울특별시 강동구 암사동 503-25번지
11740,10700,0,0503,0026,도원 하늘채,,표제부,공동주택,"공동주택,제2종근린생활시설",159.4,95,572.51,20181107,8,0,서울특별시 강동구 암사동 503-26번지
11740,10700,0,0503,0027,,,표제부,공동주택,다세대주택,165.3,98.58,420.6,20090702,6,0,서울특별시 강동구 암사동 503-27번지
11740,10700,0,0503,0028,,,일반건축물,단독주택,단독주택,154.6,77.07,228.12,19870609,2,1,서울특별시 강동구 암사동 503-28번지
11740,10700,0,0503,0029,드림하우스,,일반건축물,단독주택,"다가구주택,제2종근린생활시설(사무소)",118.9,71.05,311.74,20120913,6,0,서울특별시 강동구 암사동 503-29번지
11740,10700,0,0503,0030,,,일반건축물,제1종근린생활시설,근린생활시설,0,143.05,338.1,19901018,2,1,서울특별시 강동구 암사동 503-30번지
11740,10700,0,0503,0031,대은 팰리스뷰,,표제부,공동주택,공동주택(아파트),636.6,245.26,2302.23,20070328,10,1,서울특별시 강동구 암사동 503-31번지
11740,10700,0,0504,0000,,,일반건축물,제1종근린생활시설,"근린생활시설, 주택",208.6,103.18,525.14,19880720,4,1,서울특별시 강동구 암사동 504번지
11740,10700,0,0504,0001,유진아파트,,표제부,공동주택,"공동주택(아파트),제1종근린생활시설",381.5,198.5,1076.2,20031103,7,0,서울특별시 강동구 암사동 504-1번지
11740,10700,0,0504,0003,,,일반건축물,단독주택,"근린생활시설, 다가구주택",189.2,93.78,396.18,19880927,3,1,서울특별시 강동구 암사동 504-3번지
11740,10700,0,0504,0004,,,일반건축물,단독주택,"근린생활시설, 주택",0,66.11,262.82,19861112,3,1,서울특별시 강동구 암사동 504-4번지
11740,10700,0,0504,0005,,,일반건축물,제2종근린생활시설,제2종근린생활시설,191.7,94.5,497.64,20101104,5,1,서울특별시 강동구 암사동 504-5번지
11740,10700,0,0504,0006,,,표제부,공동주택,다세대주택,0,56.37,169.11,19861229,2,1,서울특별시 강동구 암사동 504-6번지
11740,10700,0,0504,0007,,,일반건축물,단독주택,단독주택,0,99.81,207.32,19830608,2,1,서울특별시 강동구 암사동 504-7번지
11740,10700,0,0504,0008,한건 새봄 아파트,,표제부,공동주택,"공동주택, 아파트",1187.8,602.72,4528.23,20010731,7,1,서울특별시 강동구 암사동 504-8번지
11740,10700,0,0504,0010,,,표제부,공동주택,"다세대주택, 근린생활시설",257.2,152.87,680.92,20020117,5,0,서울특별시 강동구 암사동 504-10번지
11740,10700,0,0504,0011,,,일반건축물,단독주택,다가구용단독주택(9가구),211.9,119.93,460.52,19930803,3,1,서울특별시 강동구 암사동 504-11번지
11740,10700,0,0504,0012,,,일반건축물,단독주택,다가구용단독주택(11가구),213.4,126.89,481.81,19930908,3,1,서울특별시 강동구 암사동 504-12번지
11740,10700,0,0504,0013,남석빌라,,표제부,공동주택,다세대주택,168,83.52,328.54,20111028,5,0,서울특별시 강동구 암사동 504-13번지
11740,10700,0,0504,0014,아트밸리,,표제부,공동주택,"공동주택,제2종근린생활시설",168.6,84.01,352.92,20180130,6,0,서울특별시 강동구 암사동 504-14번지
11740,10700,0,0504,0015,해피트리 하우스,,표제부,공동주택,"제2종근린생활시설,공동주택",175.6,87.05,326.34,20200701,5,0,서울특별시 강동구 암사동 504-15번지
11740,10700,0,0504,0019,,,일반건축물,단독주택,주택,0,82.61,150.65,19781218,2,1,서울특별시 강동구 암사동 504-19번지
11740,10700,0,0504,0020,,,일반건축물,제2종근린생활시설,"근린생활시설, 주택",0,83.16,327.02,19791214,3,1,서울특별시 강동구 암사동 504-20번지
11740,10700,0,0504,0021,자하빌딩,,일반건축물,제2종근린생활시설,제1.2종근린생활시설,462.8,230.74,1582.13,19930421,6,1,서울특별시 강동구 암사동 504-21번지
11740,10700,0,0504,0023,,,일반건축물,제2종근린생활시설,근린생활시설,306.5,138.03,307.43,19911030,2,1,서울특별시 강동구 암사동 504-23번지
11740,10700,0,0504,0024,,,일반건축물,제2종근린생활시설,근린생활시설,221.9,110.93,525.3,19921221,4,1,서울특별시 강동구 암사동 504-24번지
11740,10700,0,0504,0025,,,일반건축물,제2종근린생활시설,근린생활시설외1,526.8,233.96,352.95,19920317,2,1,서울특별시 강동구 암사동 504-25번지
11740,10700,0,0504,0025,,,일반건축물,창고시설,창고,0,7,7,20041203,1,0,서울특별시 강동구 암사동 504-25번지
11740,10700,0,0504,0026,,,일반건축물,제2종근린생활시설,근린생활시설 외1,526.48,256.9,1422.58,19840724,4,1,서울특별시 강동구 암사동 504-26번지
11740,10700,0,0504,0027,,,일반건축물,단독주택,"제1,2종근린생활시설 외1",191.7,113.48,383.24,20040805,4,0,서울특별시 강동구 암사동 504-27번지
11740,10700,0,0504,0028,,,일반건축물,제2종근린생활시설,"제2종근린생활시설,단독주택",191.8,95.81,467.46,20190909,5,1,서울특별시 강동구 암사동 504-28번지
11740,10700,0,0504,0029,암사빌딩,,일반건축물,단독주택,"다가구주택,제1종근린생활시설",191.7,114.9,529.98,20010912,4,1,서울특별시 강동구 암사동 504-29번지
11740,10700,0,0504,0030,코지하우스,,표제부,공동주택,"다세대주택,제2종근린생활시설",185.4,92.62,321.62,20190708,5,0,서울특별시 강동구 암사동 504-30번지
11740,10700,0,0504,0031,,,표제부,공동주택,"공동주택,제2종근린생활시설",185.1,92.46,320.9,20190311,5,0,서울특별시 강동구 암사동 504-31번지
11740,10700,0,0504,0032,신영빌라,,표제부,공동주택,다세대주택,185.2,105.12,384.72,20011208,4,0,서울특별시 강동구 암사동 504-32번지
11740,10700,0,0504,0033,만호빌,,표제부,공동주택,다세대주택,178.2,89.04,347.96,20111007,5,0,서울특별시 강동구 암사동 504-33번지
11740,10700,0,0504,0034,도무스빌,,일반건축물,단독주택,"단독주택(다가구주택),제2종근린생활시설",178.6,88.98,270.76,20170228,4,0,서울특별시 강동구 암사동 504-34번지
11740,10700,0,0504,0035,,,표제부,공동주택,도시형생활주택,176.9,88.28,299.49,20120201,4,0,서울특별시 강동구 암사동 504-35번지
11740,10700,0,0504,0036,영진빌라,,표제부,공동주택,다세대주택,176.9,88.24,356.43,20120130,5,0,서울특별시 강동구 암사동 504-36번지
11740,10700,0,0504,0037,,,일반건축물,제2종근린생활시설,제2종근린생활시설 외1,0,295.65,1543.95,19870410,4,1,서울특별시 강동구 암사동 504-37번지
11740,10700,0,0504,0038,,,일반건축물,제1종근린생활시설,근린생활시설,689.2,292.98,337.38,19900716,1,1,서울특별시 강동구 암사동 504-38번지
11740,10700,0,0504,0039,,,표제부,공동주택,다세대주택,0,81.48,240.12,19861215,2,1,서울특별시 강동구 암사동 504-39번지
11740,10700,0,0504,0040,,,표제부,공동주택,다세대주택,0,83.2,249.6,19861230,2,1,서울특별시 강동구 암사동 504-40번지
11740,10700,0,0505,0000,암사동 505 제2종근린생활시설,,일반건축물,제2종근린생활시설,제2종근린생활시설,391.7,119.91,227.91,20230725,2,0,서울특별시 강동구 암사동 505번지
11740,10700,0,0505,0001,,,일반건축물,제2종근린생활시설,"제2종근린생활시설, 단독주택",375.9,217.58,947.99,20010903,4,1,서울특별시 강동구 암사동 505-1번지
11740,10700,0,0505,0002,,,일반건축물,단독주택,"주택, 근린생활시설",0,32.04,197.79,19781121,2,1,서울특별시 강동구 암사동 505-2번지
11740,10700,0,0505,0003,,,일반건축물,제2종근린생활시설,"근린생활시설,단독주택(1가구)",240.1,143.38,433.97,19800225,4,0,서울특별시 강동구 암사동 505-3번지
11740,10700,0,0505,0004,혜원빌딩,,일반건축물,제2종근린생활시설,"제1,2종근린생활시설,단독주택",246.4,140.9,512.47,20031029,4,0,서울특별시 강동구 암사동 505-4번지
11740,10700,0,0505,0005,,,일반건축물,단독주택,단독주택,214.5,105,323.34,19900308,2,1,서울특별시 강동구 암사동 505-5번지
11740,10700,0,0505,0007,,,일반건축물,단독주택,"근린생활시설, 주택",0,99.77,383.34,19800723,3,1,서울특별시 강동구 암사동 505-7번지
11740,10700,0,0505,0008,가온누리 하우스,,표제부,공동주택,다세대주택,165.3,82.48,319.01,20100920,5,0,서울특별시 강동구 암사동 505-8번지
11740,10700,0,0505,0009,암사119안전센터,,일반건축물,제2종근린생활시설,"근린공공시설(소방관파출소), 체력단련실",704.8,211.73,562.68,19950711,3,1,서울특별시 강동구 암사동 505-9번지
11740,10700,0,0505,0010,마일스톤,,표제부,공동주택,"도시형생활주택,제1,2종근린생활시설",418.9,209.05,1348.36,20191230,6,1,서울특별시 강동구 암사동 505-10번지
11740,10700,0,0505,0011,,,일반건축물,제2종근린생활시설,제1.2종근린생활시설,0,192.51,1288.82,19900612,5,1,서울특별시 강동구 암사동 505-11번지
11740,10700,0,0505,0012,,,표제부,공동주택,"공동주택,근린생활시설",165.3,82.58,306.16,20181015,5,0,서울특별시 강동구 암사동 505-12번지
11740,10700,0,0505,0013,란아트빌,,표제부,공동주택,공동주택(다세대주택),165.3,82.17,328.46,20151124,5,0,서울특별시 강동구 암사동 505-13번지
11740,10700,0,0505,0015,,,일반건축물,단독주택,주택,0,81.78,174.28,19820823,2,1,서울특별시 강동구 암사동 505-15번지
11740,10700,0,0505,0016,,,일반건축물,단독주택,단독주택외1,168.5,84,256.26,20100407,4,0,서울특별시 강동구 암사동 505-16번지
11740,10700,0,0505,0017,리츠하우스,,표제부,공동주택,공동주택(도시형생활주택-원룸형다세대),194.7,97.24,367.16,20161116,5,0,서울특별시 강동구 암사동 505-17번지
11740,10700,0,0505,0020,,,표제부,공동주택,다세대주택,0,89.7,269.1,19860829,2,1,서울특별시 강동구 암사동 505-20번지
11740,10700,0,0505,0021,,,표제부,공동주택,다세대주택,0,89.7,269.1,19860623,2,1,서울특별시 강동구 암사동 505-21번지
11740,10700,0,0505,0023,,,일반건축물,제2종근린생활시설,"단독주택,제2종근린생활시설",247.5,123.24,692.04,20191206,6,1,서울특별시 강동구 암사동 505-23번지
11740,10700,0,0505,0024,,,표제부,제2종근린생활시설,"근린생활시설, 업무시설, 주택",0,358.81,1970.84,19900614,5,1,서울특별시 강동구 암사동 505-24번지
11740,10700,0,0505,0031,영은빌딩,,일반건축물,제1종근린생활시설,제1종근린생활시설,232.8,100.44,131.44,20220825,1,0,서울특별시 강동구 암사동 505-31번지
11740,10700,0,0506,0000,이화빌딩,,일반건축물,제2종근린생활시설,제2종근린생활시설,174.4,73.83,72.43,20180605,2,0,서울특별시 강동구 암사동 506번지
11740,10700,0,0506,0001,,,일반건축물,창고시설,"근린생활시설, 주택",255.2,108.81,216.42,19791102,1,1,서울특별시 강동구 암사동 506-1번지
11740,10700,0,0506,0002,,,일반건축물,단독주택,"근린생활시설, 다가구용단독주택(6가구)",374.1,222.42,1083.49,19960703,5,1,서울특별시 강동구 암사동 506-2번지
11740,10700,0,0506,0004,,,일반건축물,제1종근린생활시설,근린생활시설,464.8,266.08,1637.56,19970421,6,1,서울특별시 강동구 암사동 506-4번지
11740,10700,0,0506,0005,공감빌딩,,일반건축물,제1종근린생활시설,근린생활시설,554.3,270.31,1615.51,19911214,5,1,서울특별시 강동구 암사동 506-5번지
11740,10700,0,0506,0007,,,일반건축물,노유자시설,노유자시설(노인복지시설),934.5,463.13,3847.95,19920121,6,2,서울특별시 강동구 암사동 506-7번지
11740,10700,0,0506,0008,매일우리아이센타,,일반건축물,제1종근린생활시설,제1종근린생활시설,1207.5,601.46,5602.31,20070821,6,3,서울특별시 강동구 암사동 506-8번지
11740,10700,0,0506,0009,,,일반건축물,제1종근린생활시설,근린생활시설,330.6,145.2,323.88,19910817,2,1,서울특별시 강동구 암사동 506-9번지
11740,10700,0,0507,0000,써니빌1,,표제부,공동주택,공동주택(도시형생활주택-원룸형),344.3,171.95,659.2,20160728,5,0,서울특별시 강동구 암사동 507번지
11740,10700,0,0507,0002,,,표제부,공동주택,다세대주택,0,109.56,328.68,19860804,2,1,서울특별시 강동구 암사동 507-2번지
11740,10700,0,0507,0003,,,일반건축물,제1종근린생활시설,"제1,2종근린생활시설",105.1,57.85,154.33,19921009,2,1,서울특별시 강동구 암사동 507-3번지
11740,10700,0,0507,0004,작은도시 아츠나인,,표제부,공동주택,"도시형생활주택,업무시설,제1.2종근린생활시설",581.2,281.19,1681.24,20230209,9,1,서울특별시 강동구 암사동 507-4번지
11740,10700,0,0507,0006,,,일반건축물,단독주택,단독주택,0,78.2,234.6,19870918,2,1,서울특별시 강동구 암사동 507-6번지
11740,10700,0,0507,0008,써니빌2,,표제부,공동주택,공동주택(도시형생활주택-원룸형),344.3,171.68,610.62,20160728,5,0,서울특별시 강동구 암사동 507-8번지
11740,10700,0,0508,0000,삼성 광나루 아파트,,표제부,자동차관련시설,주차장,0,3938.73,11816.19,20021101,1,2,서울특별시 강동구 암사동 508번지
11740,10700,0,0508,0000,삼성 광나루 아파트,,표제부,공동주택,펌프실,0,0,69.82,20021101,0,1,서울특별시 강동구 암사동 508번지
11740,10700,0,0508,0000,삼성 광나루 아파트,,표제부,공동주택,생활편익시설,0,364.96,1415.41,20021101,3,1,서울특별시 강동구 암사동 508번지
11740,10700,0,0508,0000,삼성 광나루 아파트,,표제부,자동차관련시설,주차장,0,2700.2275,10800.91,20021101,1,3,서울특별시 강동구 암사동 508번지
11740,10700,0,0508,0000,삼성 광나루 아파트,,표제부,공동주택,"관리사무소,노인정,주민공동시설",0,237.005,474.01,20021101,2,0,서울특별시 강동구 암사동 508번지
11740,10700,0,0508,0000,삼성 광나루 아파트,,표제부,공동주택,아파트,0,361.8,8387.64,20021101,28,0,서울특별시 강동구 암사동 508번지
11740,10700,0,0508,0000,삼성 광나루 아파트,,표제부,공동주택,아파트,0,656.82,12826.8,20021101,24,0,서울특별시 강동구 암사동 508번지
11740,10700,0,0508,0000,삼성광나루아파트,,표제부,공동주택,아파트,0,695.65,11879.52,20021101,25,1,서울특별시 강동구 암사동 508번지
11740,10700,0,0508,0000,삼성 광나루 아파트,,표제부,공동주택,경비실,0,9,9,20021101,1,0,서울특별시 강동구 암사동 508번지
11740,10700,0,0508,0000,삼성 광나루 아파트,,표제부,공동주택,경비실,0,9,9,20021101,1,0,서울특별시 강동구 암사동 508번지
11740,10700,0,0508,0000,삼성 광나루 아파트,,표제부,공동주택,아파트,0,980.33,19409.5,20021101,26,0,서울특별시 강동구 암사동 508번지
11740,10700,0,0508,0000,삼성 광나루 아파트,,표제부,공동주택,전기실,0,0,218.71,20021101,0,1,서울특별시 강동구 암사동 508번지
11740,10700,0,0509,0000,선사현대아파트,,표제부,공동주택,아파트,0,943.38,16428.3,20000615,21,1,서울특별시 강동구 암사동 509번지
11740,10700,0,0509,0000,선사현대아파트,,표제부,노유자시설,"유치원, 유아원",0,384,1275,20000615,3,1,서울특별시 강동구 암사동 509번지
11740,10700,0,0509,0000,선사현대아파트,,표제부,공동주택,아파트,0,606.59,14681.8,20000615,28,1,서울특별시 강동구 암사동 509번지
11740,10700,0,0509,0000,선사현대아파트,,표제부,공동주택,아파트,0,491.58,11102,20000615,28,1,서울특별시 강동구 암사동 509번지
11740,10700,0,0509,0000,선사현대아파트,,표제부,공동주택,아파트,0,491.58,9102.26,20000615,24,1,서울특별시 강동구 암사동 509번지
11740,10700,0,0509,0000,선사현대아파트,,표제부,공동주택,아파트,0,491.58,11102,20000615,28,1,서울특별시 강동구 암사동 509번지
11740,10700,0,0509,0000,선사현대아파트,,표제부,공동주택,아파트,0,1090.55,22748.19,20000615,25,1,서울특별시 강동구 암사동 509번지
11740,10700,0,0509,0000,선사현대아파트,,표제부,공동주택,아파트,0,606.59,14195.32,20000615,28,1,서울특별시 강동구 암사동 509번지
11740,10700,0,0509,0000,선사현대아파트,,표제부,공동주택,아파트,0,1138.8,18888.03,20000615,20,1,서울특별시 강동구 암사동 509번지
11740,10700,0,0509,0000,선사현대아파트,,표제부,공동주택,아파트,0,1162.83,23616.54,20000615,25,1,서울특별시 강동구 암사동 509번지
11740,10700,0,0509,0000,선사현대아파트,,표제부,공동주택,아파트,0,606.59,12484.96,20000615,25,1,서울특별시 강동구 암사동 509번지
11740,10700,0,0509,0000,선사현대아파트,,표제부,공동주택,아파트,0,1071.05,20489.77,20000615,25,1,서울특별시 강동구 암사동 509번지
11740,10700,0,0509,0000,선사현대아파트,,표제부,공동주택,아파트,0,1162.83,23616.54,20000615,25,1,서울특별시 강동구 암사동 509번지
11740,10700,0,0509,0000,선사현대아파트,,표제부,공동주택,아파트,0,491.58,11102,20000615,28,1,서울특별시 강동구 암사동 509번지
11740,10700,0,0509,0000,선사현대아파트,,표제부,공동주택,"아파트.근린생활시설,교육연구및복지시설",0,2447.56,33189.81,20020816,24,3,서울특별시 강동구 암사동 509번지
11740,10700,0,0509,0000,선사현대아파트,,표제부,공동주택,아파트,0,606.59,14264.86,20000615,28,1,서울특별시 강동구 암사동 509번지
11740,10700,0,0509,0000,선사현대아파트,,표제부,공동주택,아파트,0,1072.79,22461.69,20000615,25,1,서울특별시 강동구 암사동 509번지
11740,10700,0,0510,0000,제이엘 리버팰리스,,표제부,제2종근린생활시설,"도시형생활주택(단지형다세대),제2종근린생활시설",0,271.28,1336.39,20220520,6,1,서울특별시 강동구 암사동 510번지
11740,10700,0,0510,0000,제이엘 리버팰리스,,표제부,공동주택,도시형생활주택(단지형다세대),0,199.72,885.42,20220520,6,1,서울특별시 강동구 암사동 510번지
11740,10700,0,0510,0003,한리버빌,,표제부,공동주택,공동주택(다세대주택),230.7,117.97,442.76,20040116,5,0,서울특별시 강동구 암사동 510-3번지
11740,10700,0,0510,0004,현진빌리지,,표제부,공동주택,도시형생활주택(단지형),289.5,161.5,578.2,20130429,6,0,서울특별시 강동구 암사동 510-4번지
11740,10700,0,0510,0005,,,일반건축물,제2종근린생활시설,"근린생활시설(소매점,사무실)",338,168.84,784.31,19800308,4,1,서울특별시 강동구 암사동 510-5번지
11740,10700,0,0510,0006,,,일반건축물,단독주택,다가구주택(10가구),172.4,102.93,296.57,20130620,4,0,서울특별시 강동구 암사동 510-6번지
11740,10700,0,0510,0007,,,일반건축물,단독주택,단독주택,167.2,82.56,246.48,19900704,2,1,서울특별시 강동구 암사동 510-7번지
11740,10700,0,0510,0009,,,일반건축물,단독주택,다가구용단독주택(8가구),216.8,129.09,349.77,19931027,2,1,서울특별시 강동구 암사동 510-9번지
11740,10700,0,0510,0010,,,표제부,공동주택,공동주택(아파트),1108.3,341.73,3985.25,20030411,12,1,서울특별시 강동구 암사동 510-10번지
11740,10700,0,0510,0014,목화리버빌,,표제부,공동주택,다세대주택,335.5,181.22,659.66,20021106,5,0,서울특별시 강동구 암사동 510-14번지
11740,10700,0,0510,0015,주공빌라,,표제부,공동주택,공동주택,395.6,236.88,1171.08,19940506,4,1,서울특별시 강동구 암사동 510-15번지
11740,10700,0,0510,0017,,,일반건축물,단독주택,"주택, 점포",0,66.91,200.73,19800705,2,1,서울특별시 강동구 암사동 510-17번지
11740,10700,0,0510,0018,하우스 케이,,표제부,공동주택,다세대주택,197,117.74,393.86,20140122,5,0,서울특별시 강동구 암사동 510-18번지
11740,10700,0,0510,0019,동서빌라,,일반건축물,단독주택,"다가구주택, 제2종근린생활시설",129.2,77.22,257.87,20130930,5,0,서울특별시 강동구 암사동 510-19번지
11740,10700,0,0510,0020,,,일반건축물,제2종근린생활시설,근린생활시설,0,178.56,942.4,19861110,4,1,서울특별시 강동구 암사동 510-20번지
11740,10700,0,0510,0022,,,표제부,근린생활시설,"주택, 약국, 점포",0,0,727.33,19780126,3,1,서울특별시 강동구 암사동 510-22번지
11740,10700,0,0510,0023,한국점자도서관,,일반건축물,제1종근린생활시설,근린공공시설,204.9,196.81,927.31,19961210,4,1,서울특별시 강동구 암사동 510-23번지
11740,10700,0,0510,0024,혜룡쉐르빌,,표제부,공동주택,"다세대주택,제1종근린생활시설",213.8,127.84,425.1,20220405,5,0,서울특별시 강동구 암사동 510-24번지
11740,10700,0,0510,0025,구립암사어린이집,,일반건축물,노유자시설,"교육연구시설, 복지시설",209.3,120.85,489.36,19980316,4,1,서울특별시 강동구 암사동 510-25번지
11740,10700,0,0510,0026,리버빌,,표제부,공동주택,공동주택(다세대주택)및 근린생활시설,179,99.6,281.45,20130930,5,0,서울특별시 강동구 암사동 510-26번지
11740,10700,0,0510,0027,강남리버빌,,표제부,공동주택,공동주택(다세대주택),166.3,99.33,332.1,20130930,5,0,서울특별시 강동구 암사동 510-27번지
11740,10700,0,0511,0000,,,표제부,제1종근린생활시설,"점포, 약국, 이용원",0,247.14,836.24,19771219,3,1,서울특별시 강동구 암사동 511번지
11740,10700,0,0511,0001,,,일반건축물,제2종근린생활시설,"근린생활시설, 교회",0,117.5,436.1,19840328,3,1,서울특별시 강동구 암사동 511-1번지
11740,10700,0,0511,0003,,,표제부,제1종근린생활시설,"점포, 주택",0,374.21,1039,19780120,3,1,서울특별시 강동구 암사동 511-3번지
11740,10700,0,0511,0004,강남리치빌,,표제부,공동주택,도시형생활주택_단지형 다세대주택,334.9,173.1,659.17,20151106,6,0,서울특별시 강동구 암사동 511-4번지
11740,10700,0,0511,0005,,,일반건축물,단독주택,단독주택,166.5,82.26,248.08,19900626,2,1,서울특별시 강동구 암사동 511-5번지
11740,10700,0,0511,0006,,,일반건축물,단독주택,다가구용단독주택(7가구),162.7,87.44,246.96,19900925,2,1,서울특별시 강동구 암사동 511-6번지
11740,10700,0,0511,0007,,,일반건축물,단독주택,단독주택,172.8,90.96,243.28,20010907,4,0,서울특별시 강동구 암사동 511-7번지
11740,10700,0,0511,0008,,,표제부,공동주택,공동주택(다세대주택),171.4,102.24,380.68,20030915,4,0,서울특별시 강동구 암사동 511-8번지
11740,10700,0,0511,0009,,,일반건축물,노유자시설,영유아보육시설,226.4,135.18,585.56,20110427,4,1,서울특별시 강동구 암사동 511-9번지
11740,10700,0,0511,0010,,,표제부,공동주택,공동주택(다세대주택),163.16,97.15,330.17,20031229,4,0,서울특별시 강동구 암사동 511-10번지
11740,10700,0,0511,0012,,,일반건축물,단독주택,단독주택,0,79.74,247.38,19881116,2,1,서울특별시 강동구 암사동 511-12번지
11740,10700,0,0511,0015,하우징허브,,표제부,공동주택,도시형생활주택(단지형다세대-14),301.3,171.27,602.47,20140520,6,0,서울특별시 강동구 암사동 511-15번지
11740,10700,0,0511,0016,삼성리버빌,,표제부,공동주택,다세대주택,292.4,174.24,583.82,20110413,5,0,서울특별시 강동구 암사동 511-16번지
11740,10700,0,0511,0018,,,일반건축물,제1종근린생활시설,"근린생활시설,단독주택(다가구주택)",228.7,134.7,428.51,19771021,3,1,서울특별시 강동구 암사동 511-18번지
11740,10700,0,0511,0019,,,일반건축물,교육연구시설,"교육연구시설,근린생활시설",368.3,180.92,1177.98,19940706,5,1,서울특별시 강동구 암사동 511-19번지
11740,10700,0,0511,0020,선사타워빌딩,,일반건축물,제1종근린생활시설,제1종근린생활시설,603.6,350.91,2036.77,20120118,7,2,서울특별시 강동구 암사동 511-20번지
11740,10700,0,0511,0021,,,일반건축물,단독주택,다가구용단독주택(10가구),162.4,85.41,249.54,19911128,2,1,서울특별시 강동구 암사동 511-21번지
11740,10700,0,0511,0022,,,일반건축물,단독주택,"근린생활시설, 다가구주택(5가구)",239.6,133.69,565.93,19880726,4,1,서울특별시 강동구 암사동 511-22번지
11740,10700,0,0511,0023,로렌하임,,표제부,공동주택,도시형생활주택(단지형다세대-14),328,183.98,655.79,20150810,6,0,서울특별시 강동구 암사동 511-23번지
11740,10700,0,0511,0024,,,일반건축물,제1종근린생활시설,"근린생활시설, 주택",218.1,132.75,663.75,19881015,4,1,서울특별시 강동구 암사동 511-24번지
11740,10700,0,0511,0025,,,일반건축물,단독주택,다가구용단독주택(7가구),162.6,85.63,249.66,19911127,2,1,서울특별시 강동구 암사동 511-25번지
11740,10700,0,0511,0026,,,일반건축물,단독주택,다가구용단독주택(7가구),162.6,97.34,262.86,19931106,2,1,서울특별시 강동구 암사동 511-26번지
11740,10700,0,0511,0029,서이빌,,표제부,공동주택,도시형생활주택(단지형다세대),171.1,101.35,269.08,20210420,5,0,서울특별시 강동구 암사동 511-29번지
11740,10700,0,0511,0031,아성플러스,,표제부,공동주택,"공동주택,제1,2종근린생활시설",402.4,237.32,1069.26,20200526,7,1,서울특별시 강동구 암사동 511-31번지
11740,10700,0,0512,0000,,,일반건축물,제1종근린생활시설,근린생활시설,0,0,682.55,19800827,3,1,서울특별시 강동구 암사동 512번지
11740,10700,0,0512,0001,미성,,표제부,공동주택,"도시형생활주택,업무시설,제1종근린생활시설",195.6,117.28,807.1,20220107,9,1,서울특별시 강동구 암사동 512-1번지
11740,10700,0,0512,0002,다경비즈텔,,표제부,공동주택,다세대주택(원룸형),162,96.56,463.1,20100503,5,0,서울특별시 강동구 암사동 512-2번지
11740,10700,0,0512,0003,,,일반건축물,단독주택,"근린생활시설, 주택",187.3,90,376.58,19910726,4,1,서울특별시 강동구 암사동 512-3번지
11740,10700,0,0512,0004,,,일반건축물,제1종근린생활시설,"근린생활시설, 주택",0,123.8,535.05,19891212,5,1,서울특별시 강동구 암사동 512-4번지
11740,10700,0,0512,0005,혜창빌딩,,일반건축물,제1종근린생활시설,"근린생활시설, 다가구주택",200.8,117.6,614.04,20010430,5,1,서울특별시 강동구 암사동 512-5번지
11740,10700,0,0512,0006,,,표제부,공동주택,"다세대주택(도시형생활주택),제2종근린생활시설",239.3,143.12,797.04,20120313,8,0,서울특별시 강동구 암사동 512-6번지
11740,10700,0,0512,0007,웰빙타워,,표제부,업무시설,"업무시설,다세대주택,제1.2종근린생활시설",525.4,304.07,2252.61,20211209,9,1,서울특별시 강동구 암사동 512-7번지
11740,10700,0,0512,0008,서국빌리지,,표제부,공동주택,다세대주택,192.2,115.2,466.96,20100723,5,0,서울특별시 강동구 암사동 512-8번지
11740,10700,0,0512,0009,장미빌리지,,일반건축물,제2종근린생활시설,"고시원,다가구주택",193.3,115.74,616.27,20111220,7,0,서울특별시 강동구 암사동 512-9번지
11740,10700,0,0512,0010,스카이블루오피스텔,,표제부,업무시설,업무시설(오피스텔)외1,180.9,108.16,676.99,20030516,7,1,서울특별시 강동구 암사동 512-10번지
11740,10700,0,0512,0011,웰하임빌,,표제부,공동주택,"다세대주택,도시형생활주택, 제2종근린생활시설(사무소)",159.2,95.16,496.33,20111013,6,0,서울특별시 강동구 암사동 512-11번지
11740,10700,0,0512,0012,,,표제부,제2종근린생활시설,"근린생활시설,공동주택(도시형생활주택-단지형다세대)",174.5,99.56,514.24,20160629,7,0,서울특별시 강동구 암사동 512-12번지
11740,10700,0,0512,0014,,,일반건축물,제2종근린생활시설,근린생활시설,0,192.69,601.15,19780217,3,1,서울특별시 강동구 암사동 512-14번지
11740,10700,0,0512,0015,태양빌,,일반건축물,제2종근린생활시설,"다가구주택, 제2종근린생활시설(고시원)",185.5,111.1,592.84,20120913,7,0,서울특별시 강동구 암사동 512-15번지
11740,10700,0,0512,0016,,,표제부,업무시설,업무시설,227.3,134.83,804.81,20060825,7,0,서울특별시 강동구 암사동 512-16번지
11740,10700,0,0512,0017,,,일반건축물,제2종근린생활시설,"근린생활시설, 다과점, 다방, 약국, 음식점, 의원",1185.5,574.02,2151.98,19780227,3,1,서울특별시 강동구 암사동 512-17번지
11740,10700,0,0512,0018,,,일반건축물,업무시설,은행,0,394.65,1307.96,19820610,3,1,서울특별시 강동구 암사동 512-18번지
11740,10700,0,0512,0019,,,일반건축물,단독주택,단독주택,190.8,85.58,247.05,19880623,2,1,서울특별시 강동구 암사동 512-19번지
11740,10700,0,0512,0020,제이디파크빌,,표제부,공동주택,"다세대주택(도시형생활주택-단지형),제2종근린생활시설",185,110.64,594.95,20170208,8,0,서울특별시 강동구 암사동 512-20번지
11740,10700,0,0512,0021,,,일반건축물,제2종근린생활시설,제2종근린생활시설 외2,195.5,96.81,513.21,19890621,4,1,서울특별시 강동구 암사동 512-21번지
11740,10700,0,0512,0022,,,일반건축물,제1종근린생활시설,근린생활시설(의원),0,300.2,1434.55,19800828,4,1,서울특별시 강동구 암사동 512-22번지
11740,10700,0,0512,0023,,,일반건축물,제2종근린생활시설,"제1,2종근린생활시설",353.8,172.23,861.15,19800811,4,1,서울특별시 강동구 암사동 512-23번지
11740,10700,0,0512,0025,예원빌딩,,일반건축물,제2종근린생활시설,"근린생활시설, 주택",0,117.01,532.35,19860710,4,1,서울특별시 강동구 암사동 512-25번지
11740,10700,0,0512,0026,,,일반건축물,단독주택,"근린생활시설, 다가구주택",148.5,88.56,440.28,20111209,6,0,서울특별시 강동구 암사동 512-26번지
11740,10700,0,0512,0027,,,표제부,공동주택,"다세대주택(도시형생활주택 원룸형), 근린생활시설",309.4,172.36,988.25,20110520,7,0,서울특별시 강동구 암사동 512-27번지
11740,10700,0,0513,0000,,,일반건축물,제1종근린생활시설,"주택, 점포",0,114.88,251.48,19791115,2,1,서울특별시 강동구 암사동 513번지
11740,10700,0,0513,0001,,,일반건축물,단독주택,"근린생활시설, 주택",219.4,109.3,600.38,19890202,4,1,서울특별시 강동구 암사동 513-1번지
11740,10700,0,0513,0002,A,,일반건축물,제2종근린생활시설,"제2종근린생활시설, 다가구주택",184.1,110.24,455.26,20080813,5,0,서울특별시 강동구 암사동 513-2번지
11740,10700,0,0513,0003,,,일반건축물,단독주택,"주택, 근린생활시설",0,101.26,232.27,19820527,2,1,서울특별시 강동구 암사동 513-3번지
11740,10700,0,0513,0004,리치아파트,,표제부,공동주택,공동주택(아파트),200.9,119.82,610.39,20070711,7,0,서울특별시 강동구 암사동 513-4번지
11740,10700,0,0513,0005,,,표제부,공동주택,다세대주택,175.8,104.13,421.14,20091231,5,0,서울특별시 강동구 암사동 513-5번지
11740,10700,0,0513,0006,암사빌라트,,일반건축물,제2종근린생활시설,다가구주택(5가구),184.5,108,598.62,20110131,7,0,서울특별시 강동구 암사동 513-6번지
11740,10700,0,0513,0007,,,일반건축물,단독주택,주택,0,98.46,262.75,19820608,2,1,서울특별시 강동구 암사동 513-7번지
11740,10700,0,0513,0008,명성오피스텔,,표제부,업무시설,"업무시설,오피스텔",178.2,103.48,555.33,20040324,6,1,서울특별시 강동구 암사동 513-8번지
11740,10700,0,0513,0009,,,일반건축물,단독주택,"근린생활시설, 다가구주택(5가구), 주택",267.2,133.35,712.47,19910401,4,1,서울특별시 강동구 암사동 513-9번지
11740,10700,0,0513,0010,,,일반건축물,제1종근린생활시설,근린생활시설및다가구주택(3),138.1,82.11,345.84,20080422,5,0,서울특별시 강동구 암사동 513-10번지
11740,10700,0,0513,0011,,,일반건축물,제1종근린생활시설,"근린생활시설, 주택",198.8,94.17,490.27,19881022,4,1,서울특별시 강동구 암사동 513-11번지
11740,10700,0,0513,0012,나이스빌,,일반건축물,제2종근린생활시설,제2종근린생활시설 및 다가구주택,178.7,107.17,533.92,20100603,7,0,서울특별시 강동구 암사동 513-12번지
11740,10700,0,0513,0013,진양빌딩,,일반건축물,제2종근린생활시설,"근린생활시설(고시원, 소매점),다가구주택",226.3,134.47,695.52,20100709,6,0,서울특별시 강동구 암사동 513-13번지
11740,10700,0,0513,0015,,,일반건축물,제1종근린생활시설,"근린생활시설, 주택",254.8,116.76,643.64,19940317,5,1,서울특별시 강동구 암사동 513-15번지
11740,10700,0,0513,0016,현대백화점 인재개발원,,일반건축물,업무시설,"업무시설,제1종,2종근린생활시설",1430,848.31,8075.49,20031212,6,4,서울특별시 강동구 암사동 513-16번지
11740,10700,0,0513,0025,,,일반건축물,제1종근린생활시설,"근린생활시설, 주택",0,112.23,336.69,19801224,3,0,서울특별시 강동구 암사동 513-25번지
11740,10700,0,0513,0026,,,일반건축물,제2종근린생활시설,근린생활시설,0,170.35,409.79,19780413,2,1,서울특별시 강동구 암사동 513-26번지
11740,10700,0,0513,0029,현진빌,,일반건축물,제2종근린생활시설,제2종근린생활시설외1,233,132,697.88,20100909,7,0,서울특별시 강동구 암사동 513-29번지
11740,10700,0,0513,0030,아너스빌,,일반건축물,단독주택,"제2종근린생활시설(고시원),  다가구주택",187.7,112.2,539.9,20100621,6,0,서울특별시 강동구 암사동 513-30번지
11740,10700,0,0513,0032,,,일반건축물,제2종근린생활시설,"근린생활시설, 업무시설",496,180.45,1557.92,19900130,8,1,서울특별시 강동구 암사동 513-32번지
11740,10700,0,0513,0033,헬마빌딩,,표제부,공동주택,"다세대주택,제1종근린생활시설(소매점),오피스텔",397,237.46,1589.63,20150813,6,1,서울특별시 강동구 암사동 513-33번지
11740,10700,0,0513,0039,에벤에셀나래하우스,,표제부,업무시설,"근생,오피스텔,공동주택(다세대)",305.1,177.51,1378.95,20160503,8,2,서울특별시 강동구 암사동 513-39번지
11740,10700,0,0513,0041,제이빌,,일반건축물,제2종근린생활시설,제2종근린생활시설(고시원),226.3,134.06,768.9,20100713,7,0,서울특별시 강동구 암사동 513-41번지
11740,10700,0,0513,0042,,,일반건축물,제2종근린생활시설,제2종근린생활시설 외1,142.4,85.2,345.9,20061127,5,0,서울특별시 강동구 암사동 513-42번지
11740,10700,0,0513,0043,현진빌리지,,표제부,공동주택,"다세대주택(도시형주택,원룸형),근생(사무소)",142.2,84.05,468.58,20111220,7,0,서울특별시 강동구 암사동 513-43번지
11740,10700,0,0513,0044,,,일반건축물,제1종근린생활시설,근린생활시설 및 다가구주택(3가구),137.2,82.11,345.84,20080418,5,0,서울특별시 강동구 암사동 513-44번지
11740,10700,0,0515,0000,암사동제1공중화장실,,일반건축물,제1종근린생활시설,공중변소,0,33.06,33.06,19840229,1,0,서울특별시 강동구 암사동 515번지
11740,10700,0,0515,0000,,,일반건축물,단독주택,주택,0,23.14,23.14,,1,0,서울특별시 강동구 암사동 515번지
11740,10700,0,0515,0000,,,일반건축물,단독주택,주택,0,19.83,19.83,,1,0,서울특별시 강동구 암사동 515번지
11740,10700,0,0515,0000,,,일반건축물,단독주택,주택,0,19.83,19.83,,1,0,서울특별시 강동구 암사동 515번지
11740,10700,0,0515,0000,,,일반건축물,단독주택,주택,0,19.83,19.83,,1,0,서울특별시 강동구 암사동 515번지
11740,10700,0,0515,0000,암사2동제2경로당,,일반건축물,노유자시설,노유자시설,0,47.95,111.21,19920811,2,1,서울특별시 강동구 암사동 515번지
11740,10700,0,0515,0001,조이빌,,표제부,공동주택,다세대주택,189.5,111.97,421.99,20080703,4,0,서울특별시 강동구 암사동 515-1번지
11740,10700,0,0515,0002,,,일반건축물,단독주택,다가구용단독주택(7가구),190.4,91.14,299.94,19940604,3,1,서울특별시 강동구 암사동 515-2번지
11740,10700,0,0515,0003,강변애,,표제부,공동주택,도시형생활주택(단지형다세대주택),202.5,121.39,396.25,20181228,6,0,서울특별시 강동구 암사동 515-3번지
11740,10700,0,0515,0004,,,일반건축물,단독주택,"주택, 점포",0,88,161.12,19780722,2,1,서울특별시 강동구 암사동 515-4번지
11740,10700,0,0515,0005,,,일반건축물,단독주택,"근린생활시설, 다가구주택",176.5,105.7,389.47,19970904,4,0,서울특별시 강동구 암사동 515-5번지
11740,10700,0,0515,0006,우진하우징,,표제부,공동주택,공동주택(다세대주택),172,94.54,329.87,20160922,5,0,서울특별시 강동구 암사동 515-6번지
11740,10700,0,0515,0007,,,표제부,공동주택,공동주택,171.5,102.42,415,20010522,5,0,서울특별시 강동구 암사동 515-7번지
11740,10700,0,0515,0009,,,일반건축물,단독주택,"근린생활시설, 다가구주택(3가구)",170.1,101.98,386.48,19970904,4,0,서울특별시 강동구 암사동 515-9번지
11740,10700,0,0515,0010,,,일반건축물,단독주택,단독주택(다가구주택) 외1,157.3,94.35,329.92,19970912,4,1,서울특별시 강동구 암사동 515-10번지
11740,10700,0,0515,0011,신안아트빌,,표제부,공동주택,다세대주택,217.2,105.6,280.57,20140317,5,0,서울특별시 강동구 암사동 515-11번지
11740,10700,0,0515,0012,,,일반건축물,제1종근린생활시설,단독주택 외2,0,74.28,314.38,19881220,3,1,서울특별시 강동구 암사동 515-12번지
11740,10700,0,0515,0013,,,일반건축물,단독주택,단독주택,163.2,80.8,205.6,19840828,2,1,서울특별시 강동구 암사동 515-13번지
11740,10700,0,0515,0014,,,일반건축물,제2종근린생활시설,2종근린생활시설(사무소),247.8,107.58,322.74,19880827,2,1,서울특별시 강동구 암사동 515-14번지
11740,10700,0,0515,0015,,,일반건축물,단독주택,단독주택,0,56.52,169.56,19860809,2,1,서울특별시 강동구 암사동 515-15번지
11740,10700,0,0515,0016,,,일반건축물,종교시설,종교시설(교회),337.6,156.84,989.7,19840202,5,1,서울특별시 강동구 암사동 515-16번지
11740,10700,0,0515,0017,암사동 515-17 상가주택,,일반건축물,단독주택,"근린생활시설, 주택",154.1,150.32,764.24,19900605,4,1,서울특별시 강동구 암사동 515-17번지
11740,10700,0,0515,0019,,,일반건축물,단독주택,"주택, 근린생활시설",0,91.08,217.8,19821224,2,1,서울특별시 강동구 암사동 515-19번지
11740,10700,0,0515,0020,동경빌딩,,일반건축물,제1종근린생활시설,"제1,2종근린생활시설외1",282.3,166.04,986.82,20040813,6,1,서울특별시 강동구 암사동 515-20번지
11740,10700,0,0515,0021,,,일반건축물,제1종근린생활시설,제1종근린생활시설 외2,272.6,128.4,494.94,19850925,3,1,서울특별시 강동구 암사동 515-21번지
11740,10700,0,0515,0022,푸른빌,,표제부,공동주택,공동주택(다세대주택),201.1,117.07,360.49,20071012,5,0,서울특별시 강동구 암사동 515-22번지
11740,10700,0,0515,0023,,,표제부,공동주택,공동주택(다세대주택) 외1,245.3,134.92,485.52,20060704,4,0,서울특별시 강동구 암사동 515-23번지
11740,10700,0,0515,0024,,,일반건축물,단독주택,"근린생활시설, 다가구주택",317,157.36,891.08,19900806,5,1,서울특별시 강동구 암사동 515-24번지
11740,10700,0,0515,0027,,,일반건축물,단독주택,단독주택,171.9,96.57,316.08,20100907,3,1,서울특별시 강동구 암사동 515-27번지
11740,10700,0,0515,0028,,,일반건축물,단독주택,다가구주택,171.9,102.7,236.03,20140731,3,0,서울특별시 강동구 암사동 515-28번지
11740,10700,0,0515,0029,,,일반건축물,제1종근린생활시설,"근린생활시설, 주택",0,0,439.2,19861025,3,1,서울특별시 강동구 암사동 515-29번지
11740,10700,0,0516,0000,이움하우스,,표제부,공동주택,단지형다세대주택,327.6,190.39,654.96,20130304,6,0,서울특별시 강동구 암사동 516번지
11740,10700,0,0516,0002,한강리치팰리스,,표제부,공동주택,공동주택,581.1,341.27,2149.83,20100810,7,1,서울특별시 강동구 암사동 516-2번지
11740,10700,0,0516,0006,,,일반건축물,단독주택,"제1종근린생활시설, 주택",0,154.2,571.2,19870711,3,1,서울특별시 강동구 암사동 516-6번지
11740,10700,0,0516,0007,정산 아트빌,,표제부,공동주택,공동주택(다세대주택),249.2,149.28,552.05,20030313,5,0,서울특별시 강동구 암사동 516-7번지
11740,10700,0,0516,0008,미호리버빌,,표제부,공동주택,다세대주택(12세대),348.5,192.4,650.95,20130621,5,0,서울특별시 강동구 암사동 516-8번지
11740,10700,0,0516,0009,,,일반건축물,단독주택,주택,0,91.57,186.91,19781204,2,1,서울특별시 강동구 암사동 516-9번지
11740,10700,0,0516,0010,진영빌라,,표제부,공동주택,다세대주택,186.4,111.56,334.04,20140730,5,0,서울특별시 강동구 암사동 516-10번지
11740,10700,0,0516,0011,그린파크빌,,표제부,공동주택,도시형 생활주택(단지형 다세대주택-13세대),303.4,182,596.61,20130618,5,0,서울특별시 강동구 암사동 516-11번지
11740,10700,0,0516,0013,,,일반건축물,단독주택,"단독주택, 근린생활시설",0,99.07,184.1,19791231,2,1,서울특별시 강동구 암사동 516-13번지
11740,10700,0,0516,0015,,,일반건축물,단독주택,다가구용단독주택(6가구),180.6,108.3,396.15,19971211,3,1,서울특별시 강동구 암사동 516-15번지
11740,10700,0,0516,0016,,,일반건축물,단독주택,다가구용단독주택(8가구),173.9,101.84,390,19921230,3,1,서울특별시 강동구 암사동 516-16번지
11740,10700,0,0516,0017,한강리버빌,,표제부,공동주택,다세대주택(다세대주택),172.5,102.72,370.13,20120525,5,0,서울특별시 강동구 암사동 516-17번지
11740,10700,0,0516,0018,,,일반건축물,단독주택,다가구용단독주택(9가구),177.5,106.49,421.54,19910726,3,1,서울특별시 강동구 암사동 516-18번지
11740,10700,0,0516,0019,휴먼리버빌,,표제부,공동주택,도시형생활주택(단지형 다세대주택 4세대),821.3,106.95,386.1,20120418,5,0,서울특별시 강동구 암사동 516-19번지
11740,10700,0,0516,0019,휴먼리버빌,,표제부,공동주택,도시형생활주택(단지형 다세대주택 8세대),821.3,180.72,620,20120418,5,0,서울특별시 강동구 암사동 516-19번지
11740,10700,0,0516,0019,휴먼리버빌,,표제부,공동주택,도시형생활주택(단지형 다세대주택),821.3,5.28,5.28,20120418,1,0,서울특별시 강동구 암사동 516-19번지
11740,10700,0,0516,0019,휴먼리버빌,,표제부,공동주택,도시형생활주택(단지형 다세대주택 8세대),821.3,180.72,632.8,20120418,5,0,서울특별시 강동구 암사동 516-19번지
11740,10700,0,0516,0020,예건베스트빌,,표제부,공동주택,공동주택(다세대주택),360.9,215.82,647.67,20120423,5,0,서울특별시 강동구 암사동 516-20번지
11740,10700,0,0516,0022,로뎀빌라,,표제부,공동주택,다세대주택,175.2,104.88,349.98,20080811,5,0,서울특별시 강동구 암사동 516-22번지
11740,10700,0,0516,0023,로뎀빌라,,표제부,공동주택,다세대주택 및 근린생활시설,200.8,120.4,399.77,20080811,5,0,서울특별시 강동구 암사동 516-23번지
11740,10700,0,0516,0024,썬빌리지,,표제부,공동주택,"다세대주택, 제2종근생(사무소)",168.3,100.94,377.22,20111107,5,0,서울특별시 강동구 암사동 516-24번지
11740,10700,0,0516,0025,스카이 빌,,표제부,공동주택,다세대주택(도시형생활주택 원룸형),199.8,119.06,452.13,20110516,5,0,서울특별시 강동구 암사동 516-25번지
11740,10700,0,0516,0026,,,표제부,공동주택,다세대주택,162.12,96.82,323.18,20120213,5,0,서울특별시 강동구 암사동 516-26번지
11740,10700,0,0516,0027,,,일반건축물,단독주택,다가구용단독주택(7가구),163,97.76,328.88,19930904,3,1,서울특별시 강동구 암사동 516-27번지
11740,10700,0,0516,0029,,,표제부,공동주택,"다세대주택(도시형생활주택),제1종근린생활시설",179,106.54,415.45,20120525,5,0,서울특별시 강동구 암사동 516-29번지
11740,10700,0,0516,0030,,,표제부,공동주택,다세대주택,222.2,133.24,600.27,20111230,5,1,서울특별시 강동구 암사동 516-30번지
11740,10700,0,0516,0031,모닝리버빌,,표제부,공동주택,다세대주택,213.9,128.14,427.58,20100722,5,0,서울특별시 강동구 암사동 516-31번지
11740,10700,0,0516,0032,삼성리버빌,,표제부,공동주택,다세대주택,188.3,112.24,371.89,20100713,5,0,서울특별시 강동구 암사동 516-32번지
11740,10700,0,0516,0034,,,일반건축물,단독주택,다가구주택(5가구),186.5,111.75,319.02,20140904,4,0,서울특별시 강동구 암사동 516-34번지
11740,10700,0,0517,0000,서울신암초등학교,,일반건축물,교육연구시설,교육연구시설,0,1093.6,4705.76,19801130,5,0,서울특별시 강동구 암사동 517번지
11740,10700,0,0517,0000,서울신암초등학교,,일반건축물,교육연구시설,교육연구시설,0,991.4,3788.9,19801130,4,0,서울특별시 강동구 암사동 517번지
11740,10700,0,0517,0000,서울신암초등학교,,일반건축물,교육연구시설,교육연구시설,16156.5,2051.4,2903.19,20260130,2,0,서울특별시 강동구 암사동 517번지
11740,10700,0,0517,0000,신암초등학교,,일반건축물,교육연구시설,교육연구및복지시설(학교),0,359.3,1407.42,20060215,4,0,서울특별시 강동구 암사동 517번지
11740,10700,0,0518,0000,한솔 솔파크 더 리버,,표제부,공동주택,아파트,0,430.72,4755.5,20090810,16,0,서울특별시 강동구 암사동 518번지
11740,10700,0,0518,0000,한솔 솔파크 더 리버,,표제부,공동주택,경비실,0,16.92,16.92,20090810,1,0,서울특별시 강동구 암사동 518번지
11740,10700,0,0518,0000,한솔 솔파크 더 리버,,표제부,공동주택,아파트,0,430.72,4657.09,20090810,16,0,서울특별시 강동구 암사동 518번지
11740,10700,0,0518,0000,한솔 솔파크 더 리버,,표제부,공동주택,아파트,0,430.72,4049.22,20090810,15,0,서울특별시 강동구 암사동 518번지
11740,10700,0,0518,0000,한솔 솔파크 더 리버,,표제부,공동주택,"지하주차장, 설비실",0,9,4221.09,20090810,0,1,서울특별시 강동구 암사동 518번지
11740,10700,0,0518,0000,한솔 솔파크 더 리버,,표제부,공동주택,"부대복리시설(경로당,관리실,전기실,주민공동시설)",0,157.51,285.87,20090810,2,0,서울특별시 강동구 암사동 518번지
11740,10700,0,0526,0000,,,일반건축물,단독주택,주택,0,39.67,39.67,,1,0,서울특별시 강동구 암사동 526번지
11740,10700,0,0528,0000,,,일반건축물,단독주택,주택,0,0,19.83,,1,0,서울특별시 강동구 암사동 528번지
11740,10700,0,0528,0000,,,일반건축물,단독주택,주택,0,29.75,29.75,,1,0,서울특별시 강동구 암사동 528번지
11740,10700,0,0528,0000,,,일반건축물,단독주택,주택,0,0,19.83,,1,0,서울특별시 강동구 암사동 528번지
11740,10700,0,0528,0000,,,일반건축물,단독주택,주택,0,0,19.83,,1,0,서울특별시 강동구 암사동 528번지
11740,10700,0,0528,0000,,,일반건축물,단독주택,주택,0,29.75,29.75,,1,0,서울특별시 강동구 암사동 528번지
11740,10700,0,0528,0000,,,일반건축물,단독주택,주택,0,33.06,33.06,,1,0,서울특별시 강동구 암사동 528번지
11740,10700,0,0528,0000,,,일반건축물,단독주택,주택,0,29.75,29.75,,1,0,서울특별시 강동구 암사동 528번지
11740,10700,0,0528,0000,,,일반건축물,단독주택,주택,0,0,19.83,,1,0,서울특별시 강동구 암사동 528번지
11740,10700,0,0528,0000,,,일반건축물,단독주택,주택,0,0,19.83,,1,0,서울특별시 강동구 암사동 528번지
11740,10700,0,0528,0000,,,일반건축물,제2종근린생활시설,주택,0,85.95,85.95,,1,0,서울특별시 강동구 암사동 528번지
11740,10700,0,0528,0000,가동,,일반건축물,단독주택,주택,0,33.06,33.06,,1,0,서울특별시 강동구 암사동 528번지
11740,10700,0,0528,0000,,,일반건축물,단독주택,주택,0,33.06,33.06,,1,0,서울특별시 강동구 암사동 528번지
11740,10700,0,0528,0000,,,일반건축물,단독주택,주택,0,52.89,52.89,,1,0,서울특별시 강동구 암사동 528번지
11740,10700,0,0528,0000,,,일반건축물,제2종근린생활시설,사무실,0,16.53,16.53,,1,0,서울특별시 강동구 암사동 528번지
11740,10700,0,0528,0122,,,일반건축물,단독주택,"주택, 점포",0,99.97,99.97,19760416,1,1,서울특별시 강동구 암사동 528-122번지
11740,10700,0,0551,0000,,,일반건축물,단독주택,주택,0,19.83,19.83,,1,0,서울특별시 강동구 암사동 551번지
11740,10700,0,0598,0000,,,일반건축물,단독주택,단독주택,226,99.87,199.74,19880502,1,1,서울특별시 강동구 암사동 598번지
11740,10700,0,0598,0001,,,일반건축물,단독주택,단독주택,237,137.16,299.82,20250402,3,0,서울특별시 강동구 암사동 598-1번지
11740,10700,0,0598,0002,,,일반건축물,단독주택,단독주택,0,99.72,199.44,19871224,1,1,서울특별시 강동구 암사동 598-2번지
11740,10700,0,0598,0003,,,일반건축물,단독주택,단독주택,243,132.23,299.34,20150903,3,0,서울특별시 강동구 암사동 598-3번지
11740,10700,0,0598,0004,,,일반건축물,단독주택,단독주택,243,96.75,193.5,19901213,1,1,서울특별시 강동구 암사동 598-4번지
11740,10700,0,0598,0005,,,일반건축물,단독주택,단독주택,228,130.86,299.64,20130913,3,0,서울특별시 강동구 암사동 598-5번지
11740,10700,0,0598,0006,,,일반건축물,단독주택,단독주택,234,134.18,298.27,20120713,3,0,서울특별시 강동구 암사동 598-6번지
11740,10700,0,0598,0007,,,일반건축물,단독주택,단독주택,240,123.41,298.56,20121129,3,0,서울특별시 강동구 암사동 598-7번지
11740,10700,0,0598,0008,,,일반건축물,단독주택,단독주택,298,141.76,298.97,20160824,3,0,서울특별시 강동구 암사동 598-8번지
11740,10700,0,0598,0009,,,일반건축물,단독주택,단독주택,236,99.44,194.4,19891215,1,1,서울특별시 강동구 암사동 598-9번지
11740,10700,0,0598,0010,,,일반건축물,단독주택,단독주택,229,106.18,199.8,19880506,1,1,서울특별시 강동구 암사동 598-10번지
11740,10700,0,0598,0012,,,일반건축물,단독주택,단독주택,330,133.38,299.68,20171116,3,0,서울특별시 강동구 암사동 598-12번지
11740,10700,0,0599,0000,,,일반건축물,제1종근린생활시설,제1종근린생활시설,1790,714.41,996.56,20211202,2,0,서울특별시 강동구 암사동 599번지
11740,10700,0,0601,0000,,,일반건축물,단독주택,"단독주택,근린생활시설",231.41,117.39,299.81,20170531,3,0,서울특별시 강동구 암사동 601번지
11740,10700,0,0601,0021,,,일반건축물,단독주택,주택,0,58.78,58.78,19810529,1,0,서울특별시 강동구 암사동 601-21번지
11740,10700,0,0603,0002,,,일반건축물,단독주택,주택,0,44.99,44.99,19810520,1,0,서울특별시 강동구 암사동 603-2번지
11740,10700,0,0603,0012,,,일반건축물,단독주택,단독주택,322,99.84,199.68,19880602,1,1,서울특별시 강동구 암사동 603-12번지
11740,10700,0,0603,0013,,,일반건축물,제2종근린생활시설,"제2종근린생활시설, 단독주택",330,192.78,297.86,20101224,3,0,서울특별시 강동구 암사동 603-13번지
11740,10700,0,0606,0003,,,일반건축물,자동차관련시설,자동차관련시설(세차장),656,116.55,116.55,19950517,1,0,서울특별시 강동구 암사동 606-3번지
11740,10700,0,0607,0001,,,일반건축물,단독주택,단독주택,283,128.64,298.24,20160427,3,0,서울특별시 강동구 암사동 607-1번지
11740,10700,0,0607,0004,,,일반건축물,단독주택,주택,0,30.65,30.65,19810519,1,0,서울특별시 강동구 암사동 607-4번지
11740,10700,0,0607,0006,,,일반건축물,단독주택,단독주택,293,99.85,196.88,19880120,1,1,서울특별시 강동구 암사동 607-6번지
11740,10700,0,0607,0007,,,일반건축물,단독주택,단독주택,292,99.48,199.34,19900730,1,1,서울특별시 강동구 암사동 607-7번지
11740,10700,0,0607,0010,,,일반건축물,단독주택,주택,0,45.88,45.88,19810520,1,0,서울특별시 강동구 암사동 607-10번지
11740,10700,0,0607,0013,,,일반건축물,단독주택,단독주택,235,138.24,298.62,20181022,3,0,서울특별시 강동구 암사동 607-13번지
11740,10700,0,0607,0014,,,일반건축물,단독주택,주택,0,47.57,47.57,19810529,1,0,서울특별시 강동구 암사동 607-14번지
11740,10700,0,0607,0016,,,일반건축물,단독주택,단독주택,317,156.18,299.82,20171109,3,0,서울특별시 강동구 암사동 607-16번지
11740,10700,0,0607,0018,,,일반건축물,단독주택,단독주택,329,99.63,199.26,19910424,1,1,서울특별시 강동구 암사동 607-18번지
11740,10700,0,0607,0020,,,일반건축물,단독주택,단독주택,132,10.71,10.71,19850410,1,0,서울특별시 강동구 암사동 607-20번지
11740,10700,0,0607,0021,,,일반건축물,단독주택,단독주택,221,132.4,299.96,20190103,3,0,서울특별시 강동구 암사동 607-21번지
11740,10700,0,0607,0022,,,일반건축물,단독주택,단독주택,247,147.1,298.39,20090330,3,0,서울특별시 강동구 암사동 607-22번지
11740,10700,0,0607,0025,,,일반건축물,단독주택,주택,0,40.4,40.4,19810520,1,0,서울특별시 강동구 암사동 607-25번지
11740,10700,0,0607,0028,,,일반건축물,단독주택,단독주택,276,165.46,298.38,20101123,3,0,서울특별시 강동구 암사동 607-28번지
11740,10700,0,0607,0029,,,일반건축물,단독주택,"단독주택,근린생활시설",280,99.26,198.52,19881228,1,1,서울특별시 강동구 암사동 607-29번지
11740,10700,0,0607,0032,,,일반건축물,단독주택,단독주택,229,137.13,299.25,20111229,3,0,서울특별시 강동구 암사동 607-32번지
11740,10700,0,0607,0033,,,일반건축물,단독주택,주택,0,46.45,46.45,19810520,1,0,서울특별시 강동구 암사동 607-33번지
11740,10700,0,0607,0034,,,일반건축물,단독주택,단독주택,215,114.48,231.63,20030512,3,0,서울특별시 강동구 암사동 607-34번지
11740,10700,0,0607,0035,,,일반건축물,단독주택,단독주택,218,128.43,299.91,20160909,3,0,서울특별시 강동구 암사동 607-35번지
11740,10700,0,0607,0042,,,일반건축물,단독주택,주택,0,21.26,21.26,19810529,1,0,서울특별시 강동구 암사동 607-42번지
11740,10700,0,0607,0042,,,일반건축물,단독주택,단독주택,221,20.16,20.16,19850629,1,0,서울특별시 강동구 암사동 607-42번지
11740,10700,0,0607,0042,,,일반건축물,단독주택,주택,0,26.78,26.78,19810603,1,0,서울특별시 강동구 암사동 607-42번지
11740,10700,0,0608,0001,,,일반건축물,단독주택,주택,0,79.9,79.9,19810603,1,0,서울특별시 강동구 암사동 608-1번지
11740,10700,0,0608,0005,,,일반건축물,단독주택,단독주택,289.5,98.94,199.08,19890609,1,1,서울특별시 강동구 암사동 608-5번지
11740,10700,0,0608,0008,,,일반건축물,단독주택,단독주택,0,0,198.24,19911230,1,1,서울특별시 강동구 암사동 608-8번지
11740,10700,0,0608,0009,,,일반건축물,단독주택,주택,0,39.93,39.93,19810530,1,0,서울특별시 강동구 암사동 608-9번지
11740,10700,0,0608,0009,,,일반건축물,단독주택,주택,0,18.08,18.08,19810530,1,0,서울특별시 강동구 암사동 608-9번지
11740,10700,0,0608,0012,,,일반건축물,단독주택,단독주택,272,198.24,198.24,19911230,1,1,서울특별시 강동구 암사동 608-12번지
11740,10700,0,0608,0029,,,일반건축물,단독주택,주택,0,27.54,27.54,,1,0,서울특별시 강동구 암사동 608-29번지
11740,10700,0,0608,0030,,,일반건축물,단독주택,주택,0,39.97,39.97,19810603,1,0,서울특별시 강동구 암사동 608-30번지
11740,10700,0,0608,0031,,,일반건축물,단독주택,주택,0,29.39,29.39,19810604,1,0,서울특별시 강동구 암사동 608-31번지
11740,10700,0,0608,0100,,,일반건축물,제2종근린생활시설,"단독주택,근린생활시설",330,197.77,230.83,20170117,2,0,서울특별시 강동구 암사동 608-100번지
11740,10700,0,0670,0000,동원베네스트,,표제부,공동주택,"관리사무실,노인정",0,82.8,82.8,20021230,1,0,서울특별시 강동구 암사동 670번지
11740,10700,0,0670,0000,동원베네스트,,표제부,공동주택,아파트,3919.8,1088.5,14386.99,20021230,13,1,서울특별시 강동구 암사동 670번지
11740,10700,0,0671,0000,,,표제부,공동주택,아파트,537.8,239.65,1529.3,20100203,7,1,서울특별시 강동구 암사동 671번지
11740,10700,0,0672,0000,효정하나플러스,,표제부,공동주택,공동주택(아파트),2631.4,729.28,8295.64,20031231,10,1,서울특별시 강동구 암사동 672번지
11740,10700,0,0672,0000,효정하나플러스,,표제부,공동주택,"경비실,MDF실",0,14,14,20031231,1,0,서울특별시 강동구 암사동 672번지
11740,10700,0,0675,0000,힐스테이트 강동 리버뷰,,표제부,공동주택,지하주차장,0,0,22842.0141,20191112,0,3,서울특별시 강동구 암사동 675번지
11740,10700,0,0675,0000,힐스테이트 강동 리버뷰,,표제부,공동주택,공동주택(아파트),0,592.0853,9938.0427,20191112,26,0,서울특별시 강동구 암사동 675번지
11740,10700,0,0675,0000,힐스테이트 암사,,표제부,공동주택,"근린생활시설,커뮤니티지원시설,부대복리",0,4387.6007,5892.9918,20191112,3,0,서울특별시 강동구 암사동 675번지
11740,10700,0,0675,0000,힐스테이트 강동 리버뷰,,표제부,공동주택,공동주택(아파트),0,0,9192.0107,20191112,26,0,서울특별시 강동구 암사동 675번지
11740,10700,0,0675,0000,힐스테이트 강동 리버뷰,,표제부,공동주택,공동주택(아파트),0,0,10299.5868,20191112,26,0,서울특별시 강동구 암사동 675번지
11740,10700,0,0675,0000,힐스테이트 강동 리버뷰,,표제부,공동주택,공동주택(아파트),0,0,8112.0875,20191112,26,0,서울특별시 강동구 암사동 675번지
11740,10700,0,0675,0000,힐스테이트 강동 리버뷰,,표제부,공동주택,공동주택(아파트),0,610.5835,9938.0427,20191112,26,0,서울특별시 강동구 암사동 675번지
11740,10700,0,0675,0000,힐스테이트 강동 리버뷰,,표제부,공동주택,경비실,0,0,18.5,20191112,1,0,서울특별시 강동구 암사동 675번지
11740,10700,1,0001,0001,암사아리수정수센터,,일반건축물,제1종근린생활시설,염소전처리실,0,122.5,245,19991206,1,1,서울특별시 강동구 암사동 산1-1번지
11740,10700,1,0001,0001,암사아리수정수센터,,일반건축물,제1종근린생활시설,초소1,0,0,13.4,,1,1,서울특별시 강동구 암사동 산1-1번지
11740,10700,1,0001,0001,암사아리수정수센터,,일반건축물,제1종근린생활시설,취수장경비실,0,0,25,,1,0,서울특별시 강동구 암사동 산1-1번지
11740,10700,1,0059,0002,암사4동공영주차장,,일반건축물,자동차관련시설,자동차관련시설(주차장),1664,81.46,3852.36,20070824,1,3,서울특별시 강동구 암사동 산59-2번지
11740,10700,1,0063,0000,,,일반건축물,제1종근린생활시설,영업용,0,23.14,23.14,,1,0,서울특별시 강동구 암사동 산63번지
11740,10700,1,0063,0058,,,일반건축물,단독주택,단독주택,0,61.35,181.2,19861227,2,1,서울특별시 강동구 암사동 산63-58번지
